[[{"__type__":"cc.Prefab","_name":"sijindao","data":{"__id__":1}},{"__type__":"cc.Node","_name":"sijindao","_components":[{"__type__":"cc.Sprite","node":{"__id__":1},"_spriteFrame":{"__uuid__":"qzmjmjc6-f182-4c81-9020-fa08016f7829"},"_sizeMode":2,"_isTrimmedMode":false},{"__type__":"cc.Animation","node":{"__id__":1},"_defaultClip":{"__uuid__":"qzmjmjbe-45e3-455b-9eee-2b1d4a06d8f4"},"_clips":[{"__uuid__":"qzmjmjbe-45e3-455b-9eee-2b1d4a06d8f4"}]},{"__type__":"qzmjmja3-f7f6-43f3-bc26-19a21c44bee8","node":{"__id__":1}}],"_prefab":{"__type__":"cc.PrefabInfo","root":{"__id__":1},"asset":{"__uuid__":"qzmjmj31-a302-49e7-bd56-50f1e7d4af4f"},"fileId":"92568iLb1tCI4OVP7qHwMpY"},"_contentSize":{"__type__":"cc.Size","width":320,"height":220},"_trs":{"__type__":"TypedArray","ctor":"Float64Array","array":[0,0,0,0,0,0,1,1,1,1]}}],{"__type__":"cc.SpriteFrame","content":{"name":"sijindao_ani1","texture":"qzmjmj12-f12d-4720-933b-d577f33d0b48","rect":[3,17,316,186],"offset":[1,0],"originalSize":[320,220],"capInsets":[0,0,0,0]}}]