[[{"__type__":"cc.Prefab","_name":"qzmj_kehuPrefab","data":{"__id__":1}},{"__type__":"cc.Node","_name":"qzmj_kehuPrefab","_children":[{"__id__":2},{"__id__":3},{"__id__":4}],"_prefab":{"__type__":"cc.PrefabInfo","root":{"__id__":1},"asset":{"__uuid__":"qzmjmj95-068a-44b2-9763-786960428028"},"fileId":"5d269scaAZDiJc18ZRsCNv8"},"_opacity":243.78,"_contentSize":{"__type__":"cc.Size","width":84,"height":128},"_trs":{"__type__":"TypedArray","ctor":"Float64Array","array":[0,-20,0,0,0,0,1,1,1,1]}},{"__type__":"cc.Node","_name":"card","_parent":{"__id__":1},"_components":[{"__type__":"cc.Sprite","node":{"__id__":2},"_sizeMode":0}],"_prefab":{"__type__":"cc.PrefabInfo","root":{"__id__":1},"asset":{"__uuid__":"qzmjmj95-068a-44b2-9763-786960428028"},"fileId":"a055asJ11lIwp7NpWmarNMx"},"_contentSize":{"__type__":"cc.Size","width":84,"height":128},"_trs":{"__type__":"TypedArray","ctor":"Float64Array","array":[0,0,0,0,0,0,1,1,1,1]}},{"__type__":"cc.Node","_name":"redQ","_parent":{"__id__":1},"_components":[{"__type__":"cc.Sprite","node":{"__id__":3},"_materials":[{"__uuid__":"ecpdLyjvZBwrvm+cedCcQy"}],"_spriteFrame":{"__uuid__":"qzmjmjf4-0830-4e73-a4c6-e7bc58766827"},"_sizeMode":0}],"_prefab":{"__type__":"cc.PrefabInfo","root":{"__id__":1},"asset":{"__uuid__":"qzmjmj95-068a-44b2-9763-786960428028"},"fileId":"88fcdTusyhPyKzfVcJRHf8k"},"_contentSize":{"__type__":"cc.Size","width":35,"height":35},"_trs":{"__type__":"TypedArray","ctor":"Float64Array","array":[38.2,45.8,0,0,0,0,1,1,1,1]}},{"__type__":"cc.Node","_name":"lb_num","_parent":{"__id__":1},"_components":[{"__type__":"cc.Label","node":{"__id__":4},"_materials":[{"__uuid__":"ecpdLyjvZBwrvm+cedCcQy"}],"_useOriginalSize":false,"_string":"4","_N$string":"4","_fontSize":30,"_lineHeight":32,"_N$file":{"__uuid__":"qzmjmj1e-650d-4484-9e24-10ffc791e225"},"_isSystemFontUsed":false,"_N$horizontalAlign":1,"_N$verticalAlign":1}],"_prefab":{"__type__":"cc.PrefabInfo","root":{"__id__":1},"asset":{"__uuid__":"qzmjmj95-068a-44b2-9763-786960428028"},"fileId":"bd10aPp9hdMZY/TxbX/b0kA"},"_contentSize":{"__type__":"cc.Size","width":17.11,"height":40.32},"_trs":{"__type__":"TypedArray","ctor":"Float64Array","array":[38.1,47.3,0,0,0,0,1,1,1,1]}}],{"__type__":"cc.SpriteFrame","content":{"name":"bg_kh_num","texture":"qzmjmja2-96c1-4290-a540-1db1deb6c051","rect":[0,0,35,35],"offset":[0,0],"originalSize":[35,35],"capInsets":[0,0,0,0]}}]