[{"__type__":"cc.SpriteFrame","content":{"name":"chupaibiaoji","texture":"qzmjmj99-7045-41c0-aec5-4fe57e0edbb1","rect":[0,0,38,50],"offset":[0,0],"originalSize":[38,50],"capInsets":[0,0,0,0]}},[{"__type__":"cc.Prefab","_name":"Tip2","data":{"__id__":1}},{"__type__":"cc.Node","_name":"Tip2","_components":[{"__type__":"cc.Sprite","node":{"__id__":1},"_spriteFrame":{"__uuid__":"qzmjmj29-8f09-496f-8618-e19b27e10671"}},{"__type__":"cc.Animation","node":{"__id__":1},"_defaultClip":{"__uuid__":"qzmjmj3f-7684-4d0e-acd8-c5893a8e13c9"},"_clips":[{"__uuid__":"qzmjmj3f-7684-4d0e-acd8-c5893a8e13c9"}]},{"__type__":"qzmjmja3-f7f6-43f3-bc26-19a21c44bee8","node":{"__id__":1}}],"_prefab":{"__type__":"cc.PrefabInfo","root":{"__id__":1},"asset":{"__uuid__":"qzmjmjf6-0be8-4262-9c7c-710ea74966e5"},"fileId":"faac6GFHvFJNZcjodijbCHb"},"_contentSize":{"__type__":"cc.Size","width":38,"height":50},"_anchorPoint":{"__type__":"cc.Vec2","x":0.5},"_trs":{"__type__":"TypedArray","ctor":"Float64Array","array":[0,0,0,0,0,0,1,1,1,1]}}]]