[{"__type__":"cc.SpriteFrame","content":{"name":"xinxikuang","texture":"qzmjmj23-8c6a-4c3e-acbf-7cdeca9b9889","rect":[0,0,100,100],"offset":[0,0],"originalSize":[100,100],"capInsets":[38,40,40,32]}},[{"__type__":"cc.Prefab","_name":"qzmj_UILogin","data":{"__id__":1}},{"__type__":"cc.Node","_name":"xymj_UILogin","_children":[{"__id__":2},{"__id__":3},{"__id__":4},{"__id__":5},{"__id__":7},{"__id__":9},{"__id__":14},{"__id__":15},{"__id__":20}],"_components":[{"__type__":"cc.Widget","node":{"__id__":1},"alignMode":0,"_alignFlags":20,"_left":100,"_right":100,"_top":570,"_bottom":100,"_verticalCenter":-680,"_originalWidth":560,"_originalHeight":1360},{"__type__":"qzmjmj72-79fc-4b32-9e09-ab9d77ab4b04","node":{"__id__":1},"JS_Name":"wnmj_BaseComponent","EditBoxAccount":{"__id__":13},"EditBoxPsw":{"__id__":19}}],"_prefab":{"__type__":"cc.PrefabInfo","root":{"__id__":1},"asset":{"__uuid__":"qzmjmj56-3efb-4832-b7be-ac93be0f0037"},"fileId":"e66b1aczQVHIp/oX5PiEWgx"},"_contentSize":{"__type__":"cc.Size","width":560,"height":220},"_trs":{"__type__":"TypedArray","ctor":"Float64Array","array":[680,210,0,0,0,0,1,1,1,1]}},{"__type__":"cc.Node","_name":"bg","_parent":{"__id__":1},"_components":[{"__type__":"cc.Sprite","node":{"__id__":2},"_spriteFrame":{"__uuid__":"qzmjmjbb-624e-4b60-9f90-6ce2cf1a1564"},"_type":1,"_sizeMode":0}],"_prefab":{"__type__":"cc.PrefabInfo","root":{"__id__":1},"asset":{"__uuid__":"qzmjmj56-3efb-4832-b7be-ac93be0f0037"},"fileId":"33ecfTiSTBAQ5WVzkXO36rH"},"_contentSize":{"__type__":"cc.Size","width":560,"height":220},"_trs":{"__type__":"TypedArray","ctor":"Float64Array","array":[0,0,0,0,0,0,1,1,1,1]}},{"__type__":"cc.Node","_name":"accbg","_parent":{"__id__":1},"_components":[{"__type__":"cc.Sprite","node":{"__id__":3},"_spriteFrame":{"__uuid__":"qzmjmj54-2bf2-4df0-8e69-a49bfa080119"},"_type":1,"_sizeMode":0}],"_prefab":{"__type__":"cc.PrefabInfo","root":{"__id__":1},"asset":{"__uuid__":"qzmjmj56-3efb-4832-b7be-ac93be0f0037"},"fileId":"0dda1jB8vhG5rKTISsHuH5m"},"_contentSize":{"__type__":"cc.Size","width":400,"height":38},"_trs":{"__type__":"TypedArray","ctor":"Float64Array","array":[2,55,0,0,0,0,1,1,1,1]}},{"__type__":"cc.Node","_name":"pswbg","_parent":{"__id__":1},"_components":[{"__type__":"cc.Sprite","node":{"__id__":4},"_spriteFrame":{"__uuid__":"qzmjmj54-2bf2-4df0-8e69-a49bfa080119"},"_type":1,"_sizeMode":0}],"_prefab":{"__type__":"cc.PrefabInfo","root":{"__id__":1},"asset":{"__uuid__":"qzmjmj56-3efb-4832-b7be-ac93be0f0037"},"fileId":"0dda1jB8vhG5rKTISsHuH5m"},"_contentSize":{"__type__":"cc.Size","width":400,"height":38},"_trs":{"__type__":"TypedArray","ctor":"Float64Array","array":[3,4,0,0,0,0,1,1,1,1]}},{"__type__":"cc.Node","_name":"btnLogin","_parent":{"__id__":1},"_children":[{"__id__":6}],"_components":[{"__type__":"cc.Sprite","node":{"__id__":5},"_spriteFrame":{"__uuid__":"qzmjmj54-2bf2-4df0-8e69-a49bfa080119"},"_type":1,"_sizeMode":0},{"__type__":"cc.Button","node":{"__id__":5},"zoomScale":0.95,"clickEvents":[{"__type__":"cc.ClickEvent","target":{"__id__":1},"_componentId":"qzmjmj72-79fc-4b32-9e09-ab9d77ab4b04","handler":"OnClick_BtnWnd"}],"_N$transition":3,"transition":3,"_N$pressedColor":{"__type__":"cc.Color","r":125,"g":125,"b":125},"pressedColor":{"__type__":"cc.Color","r":125,"g":125,"b":125},"_N$disabledColor":{"__type__":"cc.Color","r":90,"g":90,"b":90},"_N$target":{"__id__":5}}],"_prefab":{"__type__":"cc.PrefabInfo","root":{"__id__":1},"asset":{"__uuid__":"qzmjmj56-3efb-4832-b7be-ac93be0f0037"},"fileId":"20989efguZDhbSRRUwOjBaf"},"_contentSize":{"__type__":"cc.Size","width":150,"height":50},"_trs":{"__type__":"TypedArray","ctor":"Float64Array","array":[136,-66,0,0,0,0,1,1,1,1]}},{"__type__":"cc.Node","_name":"Label","_parent":{"__id__":5},"_components":[{"__type__":"cc.Label","node":{"__id__":6},"_useOriginalSize":false,"_string":"账号登陆","_N$string":"账号登陆","_fontSize":26,"_lineHeight":31,"_enableWrapText":false,"_N$file":{"__uuid__":"qzmjmj1e-650d-4484-9e24-10ffc791e225"},"_isSystemFontUsed":false,"_N$horizontalAlign":1,"_N$verticalAlign":1,"_N$overflow":1},{"__type__":"cc.LabelOutline","node":{"__id__":6},"_color":{"__type__":"cc.Color"}}],"_prefab":{"__type__":"cc.PrefabInfo","root":{"__id__":1},"asset":{"__uuid__":"qzmjmj56-3efb-4832-b7be-ac93be0f0037"},"fileId":"309ce13UldAPaFM++AMD4Jg"},"_contentSize":{"__type__":"cc.Size","width":152,"height":50},"_trs":{"__type__":"TypedArray","ctor":"Float64Array","array":[0,0,0,0,0,0,1,1,1,1]}},{"__type__":"cc.Node","_name":"btnReg","_parent":{"__id__":1},"_children":[{"__id__":8}],"_components":[{"__type__":"cc.Sprite","node":{"__id__":7},"_spriteFrame":{"__uuid__":"qzmjmj54-2bf2-4df0-8e69-a49bfa080119"},"_type":1,"_sizeMode":0},{"__type__":"cc.Button","node":{"__id__":7},"zoomScale":0.95,"clickEvents":[{"__type__":"cc.ClickEvent","target":{"__id__":1},"_componentId":"qzmjmj72-79fc-4b32-9e09-ab9d77ab4b04","handler":"OnClick_BtnWnd"}],"_N$transition":3,"transition":3,"_N$pressedColor":{"__type__":"cc.Color","r":125,"g":125,"b":125},"pressedColor":{"__type__":"cc.Color","r":125,"g":125,"b":125},"_N$disabledColor":{"__type__":"cc.Color","r":90,"g":90,"b":90},"_N$target":{"__id__":7}}],"_prefab":{"__type__":"cc.PrefabInfo","root":{"__id__":1},"asset":{"__uuid__":"qzmjmj56-3efb-4832-b7be-ac93be0f0037"},"fileId":"659ccD1+6xNRqSv/TVH3TFm"},"_contentSize":{"__type__":"cc.Size","width":150,"height":50},"_trs":{"__type__":"TypedArray","ctor":"Float64Array","array":[-124,-66,0,0,0,0,1,1,1,1]}},{"__type__":"cc.Node","_name":"Label","_parent":{"__id__":7},"_components":[{"__type__":"cc.Label","node":{"__id__":8},"_useOriginalSize":false,"_string":"游客登录","_N$string":"游客登录","_fontSize":26,"_lineHeight":31,"_enableWrapText":false,"_N$file":{"__uuid__":"qzmjmj1e-650d-4484-9e24-10ffc791e225"},"_isSystemFontUsed":false,"_N$horizontalAlign":1,"_N$verticalAlign":1,"_N$overflow":1},{"__type__":"cc.LabelOutline","node":{"__id__":8},"_color":{"__type__":"cc.Color"}}],"_prefab":{"__type__":"cc.PrefabInfo","root":{"__id__":1},"asset":{"__uuid__":"qzmjmj56-3efb-4832-b7be-ac93be0f0037"},"fileId":"49972NH7jNHMKoj8ljUOmO1"},"_contentSize":{"__type__":"cc.Size","width":150,"height":50},"_trs":{"__type__":"TypedArray","ctor":"Float64Array","array":[0,0,0,0,0,0,1,1,1,1]}},{"__type__":"cc.Node","_name":"EditBoxAccount","_parent":{"__id__":1},"_children":[{"__id__":10},{"__id__":11},{"__id__":12}],"_components":[{"__id__":13}],"_prefab":{"__type__":"cc.PrefabInfo","root":{"__id__":1},"asset":{"__uuid__":"qzmjmj56-3efb-4832-b7be-ac93be0f0037"},"fileId":"4d018HfmaBOwpXV3nfX3ffr"},"_contentSize":{"__type__":"cc.Size","width":250,"height":30},"_trs":{"__type__":"TypedArray","ctor":"Float64Array","array":[5,55,0,0,0,0,1,1,1,1]}},{"__type__":"cc.Node","_name":"BACKGROUND_SPRITE","_parent":{"__id__":9},"_components":[{"__type__":"cc.Sprite","node":{"__id__":10},"_type":1}],"_prefab":{"__type__":"cc.PrefabInfo","root":{"__id__":1},"asset":{"__uuid__":"qzmjmj56-3efb-4832-b7be-ac93be0f0037"},"fileId":"1a9JmQvoZKm4sXMtjtklmM"},"_contentSize":{"__type__":"cc.Size","width":250,"height":30},"_trs":{"__type__":"TypedArray","ctor":"Float64Array","array":[0,0,0,0,0,0,1,1,1,1]}},{"__type__":"cc.Node","_name":"TEXT_LABEL","_parent":{"__id__":9},"_active":false,"_components":[{"__type__":"cc.Label","node":{"__id__":11},"_fontSize":29,"_lineHeight":30,"_enableWrapText":false,"_N$file":{"__uuid__":"qzmjmj1e-650d-4484-9e24-10ffc791e225"},"_isSystemFontUsed":false,"_N$verticalAlign":1,"_N$overflow":1}],"_prefab":{"__type__":"cc.PrefabInfo","root":{"__id__":1},"asset":{"__uuid__":"qzmjmj56-3efb-4832-b7be-ac93be0f0037"},"fileId":"89Dk/ejOdNAYOWQ3il/iUD"},"_contentSize":{"__type__":"cc.Size","width":248,"height":30},"_anchorPoint":{"__type__":"cc.Vec2","y":1},"_trs":{"__type__":"TypedArray","ctor":"Float64Array","array":[-123,15,0,0,0,0,1,1,1,1]}},{"__type__":"cc.Node","_name":"PLACEHOLDER_LABEL","_parent":{"__id__":9},"_components":[{"__type__":"cc.Label","node":{"__id__":12},"_string":"请输入账号...","_N$string":"请输入账号...","_fontSize":20,"_lineHeight":30,"_enableWrapText":false,"_N$file":{"__uuid__":"qzmjmj1e-650d-4484-9e24-10ffc791e225"},"_isSystemFontUsed":false,"_N$verticalAlign":1,"_N$overflow":1}],"_prefab":{"__type__":"cc.PrefabInfo","root":{"__id__":1},"asset":{"__uuid__":"qzmjmj56-3efb-4832-b7be-ac93be0f0037"},"fileId":"a1JwZ/rgxPtrEhGynwpUVE"},"_color":{"__type__":"cc.Color","r":127,"g":127,"b":127},"_contentSize":{"__type__":"cc.Size","width":248,"height":30},"_anchorPoint":{"__type__":"cc.Vec2","y":1},"_trs":{"__type__":"TypedArray","ctor":"Float64Array","array":[-123,15,0,0,0,0,1,1,1,1]}},{"__type__":"cc.EditBox","node":{"__id__":9},"_useOriginalSize":false,"_N$backgroundImage":null,"_N$returnType":1,"_N$fontSize":29,"_N$lineHeight":30,"_N$fontColor":{"__type__":"cc.Color","r":255,"g":255,"b":255},"_N$placeholder":"请输入账号...","_N$placeholderFontSize":20,"_N$placeholderFontColor":{"__type__":"cc.Color","r":127,"g":127,"b":127},"_N$maxLength":8,"_tabIndex":1,"editingDidBegan":[{"__type__":"cc.ClickEvent","target":{"__id__":1},"_componentId":"qzmjmj72-79fc-4b32-9e09-ab9d77ab4b04","handler":"OnEditBoxBegin"}],"_N$inputFlag":1,"_N$inputMode":6},{"__type__":"cc.Node","_name":"LabelAccount","_parent":{"__id__":1},"_components":[{"__type__":"cc.Label","node":{"__id__":14},"_useOriginalSize":false,"_string":"账号:","_N$string":"账号:","_fontSize":26,"_lineHeight":31,"_N$file":{"__uuid__":"qzmjmj1e-650d-4484-9e24-10ffc791e225"},"_isSystemFontUsed":false,"_N$horizontalAlign":1,"_N$verticalAlign":1},{"__type__":"cc.LabelOutline","node":{"__id__":14},"_color":{"__type__":"cc.Color"}}],"_prefab":{"__type__":"cc.PrefabInfo","root":{"__id__":1},"asset":{"__uuid__":"qzmjmj56-3efb-4832-b7be-ac93be0f0037"},"fileId":"83d62BXYgREQpDQIeK14+fQ"},"_contentSize":{"__type__":"cc.Size","width":60.91,"height":31},"_trs":{"__type__":"TypedArray","ctor":"Float64Array","array":[-160,54,0,0,0,0,1,1,1,1]}},{"__type__":"cc.Node","_name":"EditBoxPsw","_parent":{"__id__":1},"_children":[{"__id__":16},{"__id__":17},{"__id__":18}],"_components":[{"__id__":19}],"_prefab":{"__type__":"cc.PrefabInfo","root":{"__id__":1},"asset":{"__uuid__":"qzmjmj56-3efb-4832-b7be-ac93be0f0037"},"fileId":"4d018HfmaBOwpXV3nfX3ffr"},"_contentSize":{"__type__":"cc.Size","width":250,"height":30},"_trs":{"__type__":"TypedArray","ctor":"Float64Array","array":[5,5,0,0,0,0,1,1,1,1]}},{"__type__":"cc.Node","_name":"BACKGROUND_SPRITE","_parent":{"__id__":15},"_components":[{"__type__":"cc.Sprite","node":{"__id__":16},"_type":1}],"_prefab":{"__type__":"cc.PrefabInfo","root":{"__id__":1},"asset":{"__uuid__":"qzmjmj56-3efb-4832-b7be-ac93be0f0037"},"fileId":"b7D1f4AfBFHpbwvPE6Iy7a"},"_contentSize":{"__type__":"cc.Size","width":250,"height":30},"_trs":{"__type__":"TypedArray","ctor":"Float64Array","array":[0,0,0,0,0,0,1,1,1,1]}},{"__type__":"cc.Node","_name":"TEXT_LABEL","_parent":{"__id__":15},"_active":false,"_components":[{"__type__":"cc.Label","node":{"__id__":17},"_fontSize":29,"_lineHeight":30,"_enableWrapText":false,"_N$file":{"__uuid__":"qzmjmj1e-650d-4484-9e24-10ffc791e225"},"_isSystemFontUsed":false,"_N$verticalAlign":1,"_N$overflow":1}],"_prefab":{"__type__":"cc.PrefabInfo","root":{"__id__":1},"asset":{"__uuid__":"qzmjmj56-3efb-4832-b7be-ac93be0f0037"},"fileId":"57VxGwGt5IX6wiwh2TAIWU"},"_contentSize":{"__type__":"cc.Size","width":248,"height":30},"_anchorPoint":{"__type__":"cc.Vec2","y":1},"_trs":{"__type__":"TypedArray","ctor":"Float64Array","array":[-123,15,0,0,0,0,1,1,1,1]}},{"__type__":"cc.Node","_name":"PLACEHOLDER_LABEL","_parent":{"__id__":15},"_components":[{"__type__":"cc.Label","node":{"__id__":18},"_string":"请输入密码...","_N$string":"请输入密码...","_fontSize":20,"_lineHeight":30,"_enableWrapText":false,"_N$file":{"__uuid__":"qzmjmj1e-650d-4484-9e24-10ffc791e225"},"_isSystemFontUsed":false,"_N$verticalAlign":1,"_N$overflow":1}],"_prefab":{"__type__":"cc.PrefabInfo","root":{"__id__":1},"asset":{"__uuid__":"qzmjmj56-3efb-4832-b7be-ac93be0f0037"},"fileId":"e9AjJBMQBP1JFnB9i71vYG"},"_color":{"__type__":"cc.Color","r":127,"g":127,"b":127},"_contentSize":{"__type__":"cc.Size","width":248,"height":30},"_anchorPoint":{"__type__":"cc.Vec2","y":1},"_trs":{"__type__":"TypedArray","ctor":"Float64Array","array":[-123,15,0,0,0,0,1,1,1,1]}},{"__type__":"cc.EditBox","node":{"__id__":15},"_useOriginalSize":false,"_N$backgroundImage":null,"_N$returnType":0,"_N$fontSize":29,"_N$lineHeight":30,"_N$fontColor":{"__type__":"cc.Color","r":255,"g":255,"b":255},"_N$placeholder":"请输入密码...","_N$placeholderFontSize":20,"_N$placeholderFontColor":{"__type__":"cc.Color","r":127,"g":127,"b":127},"_N$maxLength":8,"_tabIndex":2,"editingDidBegan":[{"__type__":"cc.ClickEvent","target":{"__id__":1},"_componentId":"qzmjmj72-79fc-4b32-9e09-ab9d77ab4b04","handler":"OnEditBoxBegin"}],"_N$inputFlag":0,"_N$inputMode":6},{"__type__":"cc.Node","_name":"LabelPsw","_parent":{"__id__":1},"_components":[{"__type__":"cc.Label","node":{"__id__":20},"_useOriginalSize":false,"_string":"密码:","_N$string":"密码:","_fontSize":26,"_lineHeight":31,"_N$file":{"__uuid__":"qzmjmj1e-650d-4484-9e24-10ffc791e225"},"_isSystemFontUsed":false,"_N$horizontalAlign":1,"_N$verticalAlign":1},{"__type__":"cc.LabelOutline","node":{"__id__":20},"_color":{"__type__":"cc.Color"}}],"_prefab":{"__type__":"cc.PrefabInfo","root":{"__id__":1},"asset":{"__uuid__":"qzmjmj56-3efb-4832-b7be-ac93be0f0037"},"fileId":"f32daOsVqlKqLXeJKNmKyny"},"_contentSize":{"__type__":"cc.Size","width":60.91,"height":31},"_trs":{"__type__":"TypedArray","ctor":"Float64Array","array":[-160,4,0,0,0,0,1,1,1,1]}}],{"__type__":"cc.SpriteFrame","content":{"name":"wupingdikuang","texture":"qzmjmjec-e2a1-4ec9-9a1f-293d396efca8","rect":[0,0,180,180],"offset":[0,0],"originalSize":[180,180],"capInsets":[64,59,62,49]}}]