[{"__type__":"cc.BitmapFont","_name":"lb_btn_game_blue","spriteFrame":{"__uuid__":"qzmjmjf5-e430-4f96-b251-6c8ea69dad96"},"fontSize":32,"_fntConfig":{"commonHeight":64,"fontSize":32,"atlasName":"lb_btn_game_blue.png","fontDefDictionary":{"9":{"rect":{"x":0,"y":0,"width":0,"height":0},"xOffset":0,"yOffset":0,"xAdvance":232},"32":{"rect":{"x":0,"y":0,"width":0,"height":0},"xOffset":0,"yOffset":0,"xAdvance":29},"19981":{"rect":{"x":45,"y":176,"width":43,"height":41},"xOffset":0,"yOffset":23,"xAdvance":48},"20139":{"rect":{"x":133,"y":134,"width":42,"height":44},"xOffset":1,"yOffset":20,"xAdvance":47},"20986":{"rect":{"x":90,"y":89,"width":40,"height":42},"xOffset":2,"yOffset":21,"xAdvance":45},"20998":{"rect":{"x":45,"y":43,"width":44,"height":44},"xOffset":0,"yOffset":20,"xAdvance":49},"21046":{"rect":{"x":176,"y":134,"width":41,"height":43},"xOffset":1,"yOffset":21,"xAdvance":46},"21462":{"rect":{"x":45,"y":0,"width":44,"height":42},"xOffset":0,"yOffset":22,"xAdvance":49},"22797":{"rect":{"x":133,"y":89,"width":43,"height":44},"xOffset":0,"yOffset":20,"xAdvance":48},"24320":{"rect":{"x":89,"y":177,"width":43,"height":42},"xOffset":0,"yOffset":22,"xAdvance":48},"24323":{"rect":{"x":0,"y":0,"width":44,"height":44},"xOffset":0,"yOffset":20,"xAdvance":49},"25151":{"rect":{"x":90,"y":0,"width":43,"height":44},"xOffset":0,"yOffset":20,"xAdvance":48},"25176":{"rect":{"x":0,"y":174,"width":44,"height":43},"xOffset":0,"yOffset":20,"xAdvance":49},"25250":{"rect":{"x":0,"y":131,"width":44,"height":42},"xOffset":0,"yOffset":21,"xAdvance":49},"25619":{"rect":{"x":0,"y":87,"width":44,"height":43},"xOffset":0,"yOffset":21,"xAdvance":49},"28040":{"rect":{"x":134,"y":44,"width":42,"height":44},"xOffset":1,"yOffset":20,"xAdvance":47},"29260":{"rect":{"x":90,"y":45,"width":43,"height":43},"xOffset":0,"yOffset":21,"xAdvance":48},"31649":{"rect":{"x":134,"y":0,"width":42,"height":43},"xOffset":1,"yOffset":20,"xAdvance":47},"35201":{"rect":{"x":0,"y":45,"width":44,"height":41},"xOffset":0,"yOffset":22,"xAdvance":49},"36215":{"rect":{"x":89,"y":132,"width":43,"height":44},"xOffset":0,"yOffset":20,"xAdvance":48},"36807":{"rect":{"x":45,"y":88,"width":44,"height":43},"xOffset":0,"yOffset":20,"xAdvance":49},"36864":{"rect":{"x":45,"y":132,"width":43,"height":43},"xOffset":0,"yOffset":21,"xAdvance":48},"38388":{"rect":{"x":177,"y":0,"width":40,"height":44},"xOffset":2,"yOffset":20,"xAdvance":45}},"kerningDict":{}}},{"__type__":"cc.SpriteFrame","content":{"name":"lb_btn_game_blue","texture":"qzmjmj1b-b717-4f03-89fc-1482d5ee2ede","rect":[0,0,217,219],"offset":[-0.5,0.5],"originalSize":[218,220],"capInsets":[0,0,0,0]}}]