[{"__type__":"cc.SpriteFrame","content":{"name":"lb_kh","texture":"qzmjmjaa-7680-4701-8c3d-0c136cd791e7","rect":[0,0,112,31],"offset":[0,0],"originalSize":[112,31],"capInsets":[0,0,0,0]}},{"__type__":"cc.SpriteFrame","content":{"name":"bg_kh_tk","texture":"qzmjmj1f-3e69-4a2e-8488-a2b1557b1c14","rect":[0,0,259,188],"offset":[0,0],"originalSize":[259,188],"capInsets":[43,0,49,0]}},[{"__type__":"cc.Prefab","_name":"qzmj_UIMJHuPai","data":{"__id__":1}},{"__type__":"cc.Node","_name":"qzmj_UIMJHuPai","_children":[{"__id__":2},{"__id__":3}],"_components":[{"__type__":"cc.Widget","node":{"__id__":1},"alignMode":0,"_alignFlags":4,"_bottom":170},{"__type__":"qzmjmj93-cb30-41a9-9b2b-846d8b34b573","node":{"__id__":1},"JS_Name":"xymj_BaseComponent","kehuPrefab":{"__uuid__":"qzmjmj95-068a-44b2-9763-786960428028"},"layout":{"__id__":2}}],"_prefab":{"__type__":"cc.PrefabInfo","root":{"__id__":1},"asset":{"__uuid__":"qzmjmj25-f1b0-4e55-ac82-91b7db8ecf21"},"fileId":"5bab7eu7lNNo4hCqeH0fMok"},"_contentSize":{"__type__":"cc.Size","width":176,"height":128},"_trs":{"__type__":"TypedArray","ctor":"Float64Array","array":[-8.526512829121202e-14,214.8,0,0,0,0,1,0.7,0.7,1]}},{"__type__":"cc.Node","_name":"layout","_parent":{"__id__":1},"_components":[{"__type__":"cc.Sprite","node":{"__id__":2},"_spriteFrame":{"__uuid__":"qzmjmj1d-f9eb-42be-b51c-1e4a8cfaab8c"},"_type":1,"_sizeMode":0},{"__type__":"cc.Layout","node":{"__id__":2},"_layoutSize":{"__type__":"cc.Size","width":124,"height":188},"_resize":1,"_N$layoutType":1,"_N$paddingLeft":20,"_N$paddingRight":20,"_N$spacingX":20}],"_prefab":{"__type__":"cc.PrefabInfo","root":{"__id__":1},"asset":{"__uuid__":"qzmjmj25-f1b0-4e55-ac82-91b7db8ecf21"},"fileId":"ac990oqtB5APLHUOL77P5k7"},"_contentSize":{"__type__":"cc.Size","width":124,"height":188},"_trs":{"__type__":"TypedArray","ctor":"Float64Array","array":[0,-3,0,0,0,0,1,1,1,1]}},{"__type__":"cc.Node","_name":"New Sprite","_parent":{"__id__":1},"_components":[{"__type__":"cc.Sprite","node":{"__id__":3},"_spriteFrame":{"__uuid__":"qzmjmj08-75b8-42a3-a9c7-5ccc416fd5bb"}}],"_prefab":{"__type__":"cc.PrefabInfo","root":{"__id__":1},"asset":{"__uuid__":"qzmjmj25-f1b0-4e55-ac82-91b7db8ecf21"},"fileId":"392a34p7zRNZ5CrhaQWlJ1q"},"_contentSize":{"__type__":"cc.Size","width":112,"height":31},"_trs":{"__type__":"TypedArray","ctor":"Float64Array","array":[0,68,0,0,0,0,1,1,1,1]}}]]