[{"__type__":"cc.SpriteFrame","content":{"name":"ani_jg_05","texture":"qzmjmj74-d462-419d-bedf-9573c4e7f650","rect":[4,41,1020,291],"offset":[0,-20.5],"originalSize":[1028,332],"capInsets":[0,0,0,0]}},{"__type__":"cc.SpriteFrame","content":{"name":"ani_jg_06","texture":"qzmjmja1-5a3a-44b2-8550-7a4259d2ef9f","rect":[3,32,1022,300],"offset":[0,-16],"originalSize":[1028,332],"capInsets":[0,0,0,0]}},{"__type__":"cc.SpriteFrame","content":{"name":"ani_jg_07","texture":"qzmjmjcc-f1de-4605-a3d6-ae46a08d04b7","rect":[4,8,1021,324],"offset":[0.5,-4],"originalSize":[1028,332],"capInsets":[0,0,0,0]}},{"__type__":"cc.SpriteFrame","content":{"name":"ani_jg_03","texture":"qzmjmjfa-fa11-459d-9917-390a768c8403","rect":[11,109,1007,223],"offset":[0.5,-54.5],"originalSize":[1028,332],"capInsets":[0,0,0,0]}},{"__type__":"cc.SpriteFrame","content":{"name":"ani_jg_01","texture":"qzmjmj4f-cf99-4b9a-9de2-97ba325fdee5","rect":[263,147,503,147],"offset":[0.5,-54.5],"originalSize":[1028,332],"capInsets":[0,0,0,0]}},{"__type__":"cc.AnimationClip","_name":"jingangAction","_duration":0.6,"curveData":{"comps":{"cc.Sprite":{"spriteFrame":[{"frame":0,"value":{"__uuid__":"qzmjmj8c-83d9-46c4-a4b3-d5e9d2df36bb"}},{"frame":0.08333333333333333,"value":{"__uuid__":"qzmjmj97-a8d8-4c6c-93f8-7cdfb275768e"}},{"frame":0.16666666666666666,"value":{"__uuid__":"qzmjmj4a-1688-4fdb-a37b-7b36363fc72a"}},{"frame":0.25,"value":{"__uuid__":"qzmjmj8e-e25c-43c8-81ef-308f3ff317de"}},{"frame":0.3333333333333333,"value":{"__uuid__":"qzmjmj11-e2fb-4d6a-85ba-34de4ac99f23"}},{"frame":0.4166666666666667,"value":{"__uuid__":"qzmjmj24-5edf-46b2-957a-0d16fa849c26"}},{"frame":0.5,"value":{"__uuid__":"qzmjmj24-e33f-41bd-bf61-9037648f3a82"}},{"frame":0.5833333333333334,"value":{"__uuid__":"qzmjmjcc-5d32-4fb3-92cc-9e95c9cde837"}}]}}}},{"__type__":"cc.SpriteFrame","content":{"name":"ani_jg_04","texture":"qzmjmjc2-15db-4860-ae08-9320113c0d5d","rect":[3,74,1022,258],"offset":[0,-37],"originalSize":[1028,332],"capInsets":[0,0,0,0]}},{"__type__":"cc.SpriteFrame","content":{"name":"ani_jg_02","texture":"qzmjmj50-0a80-4987-ba14-8c98ea7662c0","rect":[134,124,761,196],"offset":[0.5,-56],"originalSize":[1028,332],"capInsets":[0,0,0,0]}},{"__type__":"cc.SpriteFrame","content":{"name":"ani_jg_08","texture":"qzmjmjd9-586f-4d34-9219-977445a92192","rect":[3,0,1022,332],"offset":[0,0],"originalSize":[1028,332],"capInsets":[0,0,0,0]}}]