[{"__type__":"cc.Prefab","_name":"99","data":{"__id__":1}},{"__type__":"cc.Node","_name":"94","_components":[{"__type__":"sp.Skeleton","node":{"__id__":1},"_materials":[{"__uuid__":"7a/QZLET9IDreTiBfRn2PD"}],"defaultAnimation":"ytl","_preCacheMode":0,"loop":false,"premultipliedAlpha":false,"_animationName":"ytl","_playTimes":1,"_N$skeletonData":{"__uuid__":"e3jLzviO5P0L69PKuFGi1l"}}],"_prefab":{"__type__":"cc.PrefabInfo","root":{"__id__":1},"asset":{"__id__":0},"fileId":"864W1SPA1MSJJkUsson+t7"},"_trs":{"__type__":"TypedArray","ctor":"Float64Array","array":[0,0,0,0,0,0,1,1,1,1]}}]