[{"__type__":"cc.SpriteFrame","content":{"name":"inner_ring","texture":"1bca7c119","rect":[2,146,107,108],"offset":[0.5,0],"originalSize":[140,140],"rotated":1,"capInsets":[0,0,0,0]}},{"__type__":"cc.SpriteFrame","content":{"name":"outer_ring","texture":"1bca7c119","rect":[2,2,140,82],"offset":[0,29],"originalSize":[140,140],"rotated":1,"capInsets":[0,0,0,0]}},{"__type__":"cc.SpriteFrame","content":{"name":"game_loading_01","texture":"1bca7c119","rect":[57,257,49,51],"offset":[0.5,0],"originalSize":[50,51],"capInsets":[0,0,0,0]}},[{"__type__":"cc.Prefab","_name":"WaitNet","data":{"__id__":1}},{"__type__":"cc.Node","_name":"WaitNet","_children":[{"__id__":2},{"__id__":3},{"__id__":4}],"_components":[{"__type__":"cc.Sprite","node":{"__id__":1},"_sizeMode":2,"_isTrimmedMode":false},{"__type__":"cc.Animation","node":{"__id__":1},"_defaultClip":{"__uuid__":"lznn0509-b4bf-4d1c-bd9c-9cd92ea52bd6"},"_clips":[{"__uuid__":"lznn0509-b4bf-4d1c-bd9c-9cd92ea52bd6"}],"playOnLoad":true}],"_prefab":{"__type__":"cc.PrefabInfo","root":{"__id__":1},"asset":{"__uuid__":"lznne690-4dbe-4c83-9eda-8851f59658db"},"fileId":"aafe8rMx/5LyJoRBZJPk0MY"},"_contentSize":{"__type__":"cc.Size","width":166,"height":127},"_trs":{"__type__":"TypedArray","ctor":"Float64Array","array":[0,0,0,0,0,0,1,1,1,1]}},{"__type__":"cc.Node","_name":"1","_parent":{"__id__":1},"_components":[{"__type__":"cc.Sprite","node":{"__id__":2},"_spriteFrame":{"__uuid__":"lznna5cc-c5b9-4b78-b4b3-e779564a2480"},"_sizeMode":0,"_isTrimmedMode":false}],"_prefab":{"__type__":"cc.PrefabInfo","root":{"__id__":1},"asset":{"__uuid__":"lznne690-4dbe-4c83-9eda-8851f59658db"},"fileId":"fa01dRkzzpOyYoKo+iIibgS"},"_contentSize":{"__type__":"cc.Size","width":50,"height":50},"_trs":{"__type__":"TypedArray","ctor":"Float64Array","array":[0,0,0,0,0,0,1,1,1,1]}},{"__type__":"cc.Node","_name":"2","_parent":{"__id__":1},"_components":[{"__type__":"cc.Sprite","node":{"__id__":3},"_spriteFrame":{"__uuid__":"lznn1646-01b5-4f73-9de1-7a864f129246"},"_sizeMode":0,"_isTrimmedMode":false}],"_prefab":{"__type__":"cc.PrefabInfo","root":{"__id__":1},"asset":{"__uuid__":"lznne690-4dbe-4c83-9eda-8851f59658db"},"fileId":"f0636qdJfpNZ7EyZjQTpOVC"},"_contentSize":{"__type__":"cc.Size","width":140,"height":140},"_trs":{"__type__":"TypedArray","ctor":"Float64Array","array":[0,0,0,0,0,0,1,1,1,1]}},{"__type__":"cc.Node","_name":"3","_parent":{"__id__":1},"_components":[{"__type__":"cc.Sprite","node":{"__id__":4},"_spriteFrame":{"__uuid__":"lznn9470-582e-4452-b4ec-53b2450033f5"},"_sizeMode":0,"_isTrimmedMode":false}],"_prefab":{"__type__":"cc.PrefabInfo","root":{"__id__":1},"asset":{"__uuid__":"lznne690-4dbe-4c83-9eda-8851f59658db"},"fileId":"be984l0Vm1EuIndyfe1lhEZ"},"_contentSize":{"__type__":"cc.Size","width":140,"height":140},"_trs":{"__type__":"TypedArray","ctor":"Float64Array","array":[0,0,0,0,0,0,1,1,1,1]}}]]