[{"__type__":"cc.SpriteFrame","content":{"name":"peng_ani1","texture":"1ee841d9c","rect":[2,2,366,196],"offset":[0.5,-54.5],"originalSize":[367,305],"capInsets":[0,0,0,0]}},[{"__type__":"cc.Prefab","_name":"peng","data":{"__id__":1}},{"__type__":"cc.Node","_name":"peng","_components":[{"__type__":"cc.Sprite","node":{"__id__":1},"_spriteFrame":{"__uuid__":"lznn2fbf-b2a1-434a-ba4a-9e89aab919e5"},"_sizeMode":2,"_isTrimmedMode":false},{"__type__":"cc.Animation","node":{"__id__":1},"_defaultClip":{"__uuid__":"lznn2e8e-ea30-44b5-ba98-f7849af64c69"},"_clips":[{"__uuid__":"lznn2e8e-ea30-44b5-ba98-f7849af64c69"}]},{"__type__":"lznn27a3-f7f6-43f3-bc26-19a21c44bee8","node":{"__id__":1}}],"_prefab":{"__type__":"cc.PrefabInfo","root":{"__id__":1},"asset":{"__uuid__":"lznnd64c-f5d9-4738-9de3-88004c194fe1"},"fileId":"ab53dnmTb9Mlr5ffofH03Ar"},"_contentSize":{"__type__":"cc.Size","width":367,"height":305},"_trs":{"__type__":"TypedArray","ctor":"Float64Array","array":[0,0,0,0,0,0,1,1,1,1]},"_zIndex":0}]]