[{"__type__":"cc.SpriteFrame","content":{"name":"qidui_ani1","texture":"lznnccd3-b32d-4b0a-9dbd-f0119c20e0bf","rect":[0,23,367,107],"offset":[0,7],"originalSize":[367,167],"capInsets":[0,0,0,0]}},[{"__type__":"cc.Prefab","_name":"duiduihu","data":{"__id__":1}},{"__type__":"cc.Node","_name":"duiduihu","_components":[{"__type__":"cc.Sprite","node":{"__id__":1},"_spriteFrame":{"__uuid__":"lznn29b5-0b2e-4b59-9d16-39c2525e9940"},"_sizeMode":2,"_isTrimmedMode":false},{"__type__":"cc.Animation","node":{"__id__":1},"_defaultClip":{"__uuid__":"lznn15c7-327e-4077-b9bd-6ef215c3c854"},"_clips":[{"__uuid__":"lznn15c7-327e-4077-b9bd-6ef215c3c854"},{"__uuid__":"lznn15c7-327e-4077-b9bd-6ef215c3c854"}]},{"__type__":"lznn27a3-f7f6-43f3-bc26-19a21c44bee8","node":{"__id__":1}}],"_prefab":{"__type__":"cc.PrefabInfo","root":{"__id__":1},"asset":{"__uuid__":"lznnb3d6-4e49-4201-accc-210499029bff"},"fileId":"5703fX4E5JMzqevDJIMqB9K"},"_contentSize":{"__type__":"cc.Size","width":367,"height":167},"_trs":{"__type__":"TypedArray","ctor":"Float64Array","array":[0,0,0,0,0,0,1,1,1,1]}}]]