[[{"__type__":"cc.Prefab","_name":"zhuajiPrefab","data":{"__id__":1}},{"__type__":"cc.Node","_name":"zhuajiPrefab","_components":[{"__type__":"cc.Sprite","node":{"__id__":1},"_spriteFrame":{"__uuid__":"lznna2ee-0ce4-4768-945f-1e0f7a593f97"}},{"__type__":"cc.Animation","node":{"__id__":1},"_defaultClip":{"__uuid__":"lznn7ede-3d98-4f63-b2e0-0505dfa38080"},"_clips":[{"__uuid__":"lznn7ede-3d98-4f63-b2e0-0505dfa38080"}]}],"_prefab":{"__type__":"cc.PrefabInfo","root":{"__id__":1},"asset":{"__uuid__":"lznn11e5-96ec-465c-8606-90feefa2c68f"},"fileId":"34Fq6HOVtEhLgvrQTsjIdU"},"_contentSize":{"__type__":"cc.Size","width":103,"height":74},"_trs":{"__type__":"TypedArray","ctor":"Float64Array","array":[0,0,0,0,0,0,1,1,1,1]},"_zIndex":0}],{"__type__":"cc.SpriteFrame","content":{"name":"ani_zj","texture":"lznn80a3-f1b7-4dcf-861c-167118b528ba","rect":[0,0,103,74],"offset":[0,0],"originalSize":[103,74],"capInsets":[0,0,0,0]}}]