[{"__type__":"cc.SpriteFrame","content":{"name":"anim_zimo2","texture":"18c25d897","rect":[2,2,490,431],"offset":[1.5,5],"originalSize":[499,475],"capInsets":[0,0,0,0]}},{"__type__":"cc.SpriteFrame","content":{"name":"anim_zimo5","texture":"1867116a9","rect":[2,2,488,387],"offset":[1.5,13],"originalSize":[499,475],"capInsets":[0,0,0,0]}},{"__type__":"cc.SpriteFrame","content":{"name":"touming","texture":"qzmjmj23-b67d-4d50-ae8c-fb5939e02a67","rect":[0,0,1,1],"offset":[0,0],"originalSize":[1,1],"capInsets":[0,0,0,0]}},{"__type__":"cc.SpriteFrame","content":{"name":"anim_zimo7","texture":"118df1160","rect":[2,2,487,378],"offset":[1,9.5],"originalSize":[499,475],"rotated":1,"capInsets":[0,0,0,0]}},{"__type__":"cc.SpriteFrame","content":{"name":"anim_zimo3","texture":"1bba965df","rect":[2,2,488,419],"offset":[-0.5,-6],"originalSize":[499,475],"capInsets":[0,0,0,0]}},{"__type__":"cc.SpriteFrame","content":{"name":"anim_zimo8","texture":"139717951","rect":[2,2,230,161],"offset":[0.5,0],"originalSize":[499,475],"capInsets":[0,0,0,0]}},{"__type__":"cc.SpriteFrame","content":{"name":"anim_zimo1","texture":"1c7d99a80","rect":[2,2,465,455],"offset":[1,1],"originalSize":[499,475],"capInsets":[0,0,0,0]}},{"__type__":"cc.SpriteFrame","content":{"name":"anim_zimo4","texture":"148363030","rect":[2,2,488,387],"offset":[1.5,13],"originalSize":[499,475],"capInsets":[0,0,0,0]}},{"__type__":"cc.AnimationClip","_name":"zimoAction","_duration":1.2666666666666666,"curveData":{"comps":{"cc.Sprite":{"spriteFrame":[{"frame":0,"value":{"__uuid__":"qzmjmj6e-4e56-4531-80f4-b559a68b73b1"}},{"frame":0.16666666666666666,"value":{"__uuid__":"qzmjmj01-b013-445b-86f2-3ce94ccdf038"}},{"frame":0.3333333333333333,"value":{"__uuid__":"qzmjmj56-8cfb-4d97-a03a-e9a11ac13b17"}},{"frame":0.5,"value":{"__uuid__":"qzmjmj7f-4dcb-4a1c-ad14-4da770298d8c"}},{"frame":0.6666666666666666,"value":{"__uuid__":"qzmjmj11-9353-483b-bb72-fa9a83533956"}},{"frame":0.8333333333333334,"value":{"__uuid__":"qzmjmjd3-7e97-4fdd-a79d-6e67d5a88206"}},{"frame":1,"value":{"__uuid__":"qzmjmj31-6bd9-47bb-9acd-d4268c995fd8"}},{"frame":1.1666666666666667,"value":{"__uuid__":"qzmjmj62-0554-4df1-888a-7d99d102213a"}},{"frame":1.25,"value":{"__uuid__":"qzmjmj2f-5b0b-4454-acf8-cfc019fa46b4"}}]}}}},{"__type__":"cc.SpriteFrame","content":{"name":"anim_zimo6","texture":"11116b331","rect":[2,2,487,382],"offset":[1,11.5],"originalSize":[499,475],"capInsets":[0,0,0,0]}}]