[{"__type__":"cc.SpriteFrame","content":{"name":"number_zj_lose_0","texture":"qzmjmj45-1757-42cd-9ee3-6f5e460f9565","rect":[1,2,117,121],"offset":[-4.5,1.5],"originalSize":[128,128],"capInsets":[0,0,0,0]}},{"__type__":"cc.BitmapFont","_name":"number_zj_lose","spriteFrame":{"__uuid__":"qzmjmjd6-e00c-4b7a-a314-23e484dfe814"},"fontSize":32,"_fntConfig":{"commonHeight":32,"fontSize":32,"atlasName":"number_zj_lose_0.png","fontDefDictionary":{"45":{"rect":{"x":0,"y":0,"width":29,"height":41},"xOffset":0,"yOffset":0,"xAdvance":29},"48":{"rect":{"x":30,"y":0,"width":29,"height":41},"xOffset":0,"yOffset":0,"xAdvance":29},"49":{"rect":{"x":60,"y":0,"width":29,"height":41},"xOffset":0,"yOffset":0,"xAdvance":29},"50":{"rect":{"x":90,"y":0,"width":29,"height":41},"xOffset":0,"yOffset":0,"xAdvance":29},"51":{"rect":{"x":0,"y":42,"width":29,"height":41},"xOffset":0,"yOffset":0,"xAdvance":29},"52":{"rect":{"x":30,"y":42,"width":29,"height":41},"xOffset":0,"yOffset":0,"xAdvance":29},"53":{"rect":{"x":60,"y":42,"width":29,"height":41},"xOffset":0,"yOffset":0,"xAdvance":29},"54":{"rect":{"x":90,"y":42,"width":29,"height":41},"xOffset":0,"yOffset":0,"xAdvance":29},"55":{"rect":{"x":0,"y":84,"width":29,"height":41},"xOffset":0,"yOffset":0,"xAdvance":29},"56":{"rect":{"x":30,"y":84,"width":29,"height":41},"xOffset":0,"yOffset":0,"xAdvance":29},"57":{"rect":{"x":60,"y":84,"width":29,"height":41},"xOffset":0,"yOffset":0,"xAdvance":29}},"kerningDict":{}}}]