[{"__type__":"cc.SpriteFrame","content":{"name":"ani_wuhuawugang_01","texture":"qzmjmjcf-ab0b-4dc9-9ff0-39bff48c98dc","rect":[0,0,560,158],"offset":[0,0],"originalSize":[560,158],"capInsets":[0,0,0,0]}},[{"__type__":"cc.Prefab","_name":"wuhuawugang","data":{"__id__":1}},{"__type__":"cc.Node","_name":"wuhuawugang","_components":[{"__type__":"cc.Sprite","node":{"__id__":1},"_spriteFrame":{"__uuid__":"qzmjmja8-ee9f-482f-9e8f-73866f55fa48"},"_sizeMode":2,"_isTrimmedMode":false},{"__type__":"cc.Animation","node":{"__id__":1},"_defaultClip":{"__uuid__":"qzmjmj2e-8e4a-4382-ae74-257ba527bd79"},"_clips":[{"__uuid__":"qzmjmj2e-8e4a-4382-ae74-257ba527bd79"}]},{"__type__":"qzmjmja3-f7f6-43f3-bc26-19a21c44bee8","node":{"__id__":1}}],"_prefab":{"__type__":"cc.PrefabInfo","root":{"__id__":1},"asset":{"__uuid__":"qzmjmjd2-d1e5-4017-9aa9-4667420f43c7"},"fileId":"2b1b53WT1JNxLuoHiZXw7NG"},"_contentSize":{"__type__":"cc.Size","width":560,"height":158},"_trs":{"__type__":"TypedArray","ctor":"Float64Array","array":[0,0,0,0,0,0,1,1,1,1]}}]]