[{"__type__":"cc.SpriteFrame","content":{"name":"ani_dsy_01","texture":"qzmjmjd9-3043-4331-a3b0-12d081d9ea57","rect":[267,147,495,140],"offset":[0.5,-51],"originalSize":[1028,332],"capInsets":[0,0,0,0]}},[{"__type__":"cc.Prefab","_name":"dasanyuan","data":{"__id__":1}},{"__type__":"cc.Node","_name":"dasanyuan","_components":[{"__type__":"cc.Sprite","node":{"__id__":1},"_spriteFrame":{"__uuid__":"qzmjmj30-c77c-4b74-8303-f7c7b62ba574"},"_sizeMode":2,"_isTrimmedMode":false},{"__type__":"cc.Animation","node":{"__id__":1},"_defaultClip":{"__uuid__":"qzmjmjc5-2f9c-4398-a65f-5319ef315e43"},"_clips":[{"__uuid__":"qzmjmjc5-2f9c-4398-a65f-5319ef315e43"}]},{"__type__":"qzmjmja3-f7f6-43f3-bc26-19a21c44bee8","node":{"__id__":1}}],"_prefab":{"__type__":"cc.PrefabInfo","root":{"__id__":1},"asset":{"__uuid__":"qzmjmj3d-bdbb-4d57-8e22-0bdc8be7b4f9"},"fileId":"91babRPB7ZHuaCdmkgxK7fQ"},"_contentSize":{"__type__":"cc.Size","width":1028,"height":332},"_trs":{"__type__":"TypedArray","ctor":"Float64Array","array":[0,0,0,0,0,0,1,1,1,1]}}]]