[{"__type__":"cc.SpriteFrame","content":{"name":"ani_01","texture":"qzmjmj2c-93c7-4e8c-a4f9-e2031c7a6ede","rect":[41,25,586,328],"offset":[-1.5,-1],"originalSize":[671,376],"capInsets":[0,0,0,0]}},[{"__type__":"cc.Prefab","_name":"touda","data":{"__id__":1}},{"__type__":"cc.Node","_name":"touda","_components":[{"__type__":"cc.Sprite","node":{"__id__":1},"_spriteFrame":{"__uuid__":"qzmjmj40-5a07-415c-a4bc-af365a8599d8"},"_sizeMode":2,"_isTrimmedMode":false},{"__type__":"cc.Animation","node":{"__id__":1},"_defaultClip":{"__uuid__":"qzmjmj0e-68eb-4114-98e7-f0508872d395"},"_clips":[{"__uuid__":"qzmjmj0e-68eb-4114-98e7-f0508872d395"}]},{"__type__":"qzmjmja3-f7f6-43f3-bc26-19a21c44bee8","node":{"__id__":1}}],"_prefab":{"__type__":"cc.PrefabInfo","root":{"__id__":1},"asset":{"__uuid__":"qzmjmjb1-a5cb-4ade-b219-4ca465f23453"},"fileId":"244d2DBAApJKrYJTdXXs88H"},"_contentSize":{"__type__":"cc.Size","width":671,"height":376},"_trs":{"__type__":"TypedArray","ctor":"Float64Array","array":[0,0,0,0,0,0,1,0.5,0.5,1]}}]]