[{"__type__":"cc.SpriteFrame","content":{"name":"ani_xh_16","texture":"qzmjmj61-7ca2-48bf-8fb9-af69ac6b713f","rect":[0,0,179,156],"offset":[0,0],"originalSize":[179,156],"capInsets":[0,0,0,0]}},{"__type__":"cc.SpriteFrame","content":{"name":"ani_xh_18","texture":"qzmjmj52-b92d-4a4a-9047-1a439314ef9b","rect":[0,0,155,128],"offset":[0,0],"originalSize":[155,128],"capInsets":[0,0,0,0]}},{"__type__":"cc.SpriteFrame","content":{"name":"ani_xh_15","texture":"qzmjmjaf-ffab-4fed-ab19-85386430a79e","rect":[0,0,171,139],"offset":[0,0],"originalSize":[171,139],"capInsets":[0,0,0,0]}},{"__type__":"cc.SpriteFrame","content":{"name":"ani_xh_17","texture":"qzmjmjfb-7e32-4e14-8e2e-e50a1e22ccc6","rect":[0,0,183,155],"offset":[0,0],"originalSize":[183,155],"capInsets":[0,0,0,0]}},{"__type__":"cc.SpriteFrame","content":{"name":"ani_xh_11","texture":"qzmjmjcf-0851-41d4-9a63-4b10a660d205","rect":[0,0,56,41],"offset":[0,0],"originalSize":[56,41],"capInsets":[0,0,0,0]}},{"__type__":"cc.SpriteFrame","content":{"name":"ani_xh_02","texture":"qzmjmj6e-7314-4873-8325-4ac6b2b577e2","rect":[0,0,98,66],"offset":[0,0],"originalSize":[98,66],"capInsets":[0,0,0,0]}},{"__type__":"cc.SpriteFrame","content":{"name":"ani_xh_04","texture":"qzmjmjb5-6fc5-4bac-9e1e-7a19b651e30c","rect":[0,0,73,75],"offset":[0,0],"originalSize":[73,75],"capInsets":[0,0,0,0]}},{"__type__":"cc.SpriteFrame","content":{"name":"ani_xh_06","texture":"qzmjmj4a-2a24-48df-9f86-ff1a80878933","rect":[0,0,14,15],"offset":[0,0],"originalSize":[14,15],"capInsets":[0,0,0,0]}},{"__type__":"cc.SpriteFrame","content":{"name":"ani_xh_10","texture":"qzmjmjd9-234f-4657-8014-454748300cc6","rect":[0,0,54,41],"offset":[0,0],"originalSize":[54,41],"capInsets":[0,0,0,0]}},{"__type__":"cc.SpriteFrame","content":{"name":"ani_xh_01","texture":"qzmjmje7-8084-42b5-9327-0f4311d4ab99","rect":[0,0,51,53],"offset":[0,0],"originalSize":[51,53],"capInsets":[0,0,0,0]}},{"__type__":"cc.SpriteFrame","content":{"name":"ani_xh_14","texture":"qzmjmj50-7646-4be3-9acf-b52f2ed97e62","rect":[0,0,163,141],"offset":[0,0],"originalSize":[163,141],"capInsets":[0,0,0,0]}},{"__type__":"cc.SpriteFrame","content":{"name":"ani_xh_07","texture":"qzmjmjae-4af3-4464-ad94-2fdff5483a96","rect":[0,0,36,29],"offset":[0,0],"originalSize":[36,29],"capInsets":[0,0,0,0]}},{"__type__":"cc.SpriteFrame","content":{"name":"ani_xh_09","texture":"qzmjmj12-3829-43e7-8e43-8cbb17ff1292","rect":[0,0,48,38],"offset":[0,0],"originalSize":[48,38],"capInsets":[0,0,0,0]}},{"__type__":"cc.SpriteFrame","content":{"name":"ani_xh_13","texture":"qzmjmj16-29fd-4641-8857-e9c770331784","rect":[0,0,119,105],"offset":[0,0],"originalSize":[119,105],"capInsets":[0,0,0,0]}},{"__type__":"cc.AnimationClip","_name":"xianhuaAni","_duration":0.3,"speed":0.2,"curveData":{"comps":{"cc.Sprite":{"spriteFrame":[{"frame":0,"value":{"__uuid__":"qzmjmj79-f2a0-4083-a1bd-3590225ef05b"}},{"frame":0.016666666666666666,"value":{"__uuid__":"qzmjmj3a-dad2-4474-a8da-71b3e8a9e9de"}},{"frame":0.03333333333333333,"value":{"__uuid__":"qzmjmjf1-fc10-4be2-8f9f-44e64ff5fc82"}},{"frame":0.05,"value":{"__uuid__":"qzmjmj50-6f0a-44b3-8a48-9e84a0889791"}},{"frame":0.06666666666666667,"value":{"__uuid__":"qzmjmje5-d95b-4156-84e7-e6d39154cd38"}},{"frame":0.08333333333333333,"value":{"__uuid__":"qzmjmj51-b1a3-463b-a15f-3be9a644f35d"}},{"frame":0.1,"value":{"__uuid__":"qzmjmjbb-712d-4273-a4c5-b7e228ec4574"}},{"frame":0.11666666666666667,"value":{"__uuid__":"qzmjmjf0-94ad-47e8-99f9-e858db5f4aa2"}},{"frame":0.13333333333333333,"value":{"__uuid__":"qzmjmjcd-4212-4075-813a-7885bfac2c96"}},{"frame":0.15,"value":{"__uuid__":"qzmjmj52-a51f-4bf2-85fd-80cd6609b5bf"}},{"frame":0.16666666666666666,"value":{"__uuid__":"qzmjmj3a-be23-43d1-bcb5-cdda7cbc257a"}},{"frame":0.18333333333333332,"value":{"__uuid__":"qzmjmjf0-24cd-43f7-8949-e82a81a6667a"}},{"frame":0.2,"value":{"__uuid__":"qzmjmjd7-c756-4370-ad82-cfb4893baf52"}},{"frame":0.21666666666666667,"value":{"__uuid__":"qzmjmja5-817d-4ae0-b932-aa1ab4eb8673"}},{"frame":0.23333333333333334,"value":{"__uuid__":"qzmjmj27-86ae-4774-aab6-a40d07d76033"}},{"frame":0.25,"value":{"__uuid__":"qzmjmj11-3bad-462e-90c7-df857faeb4ec"}},{"frame":0.26666666666666666,"value":{"__uuid__":"qzmjmj30-e640-443c-b8d9-c563abb9fdfa"}},{"frame":0.2833333333333333,"value":{"__uuid__":"qzmjmj11-4a33-45d9-aa50-3c6f090678ae"}}]}}}},{"__type__":"cc.SpriteFrame","content":{"name":"ani_xh_05","texture":"qzmjmjd5-65aa-4bb9-8a4f-885a41b89395","rect":[0,0,51,69],"offset":[0,0],"originalSize":[51,69],"capInsets":[0,0,0,0]}},{"__type__":"cc.SpriteFrame","content":{"name":"ani_xh_12","texture":"qzmjmj70-d629-4296-bfb2-9eba40d30e49","rect":[0,0,57,51],"offset":[0,0],"originalSize":[57,51],"capInsets":[0,0,0,0]}},{"__type__":"cc.SpriteFrame","content":{"name":"ani_xh_08","texture":"qzmjmj52-803f-4192-a7f4-ad6d956c0608","rect":[0,0,42,34],"offset":[0,0],"originalSize":[42,34],"capInsets":[0,0,0,0]}},{"__type__":"cc.SpriteFrame","content":{"name":"ani_xh_03","texture":"qzmjmj51-50af-4f65-b205-336003578308","rect":[0,0,64,66],"offset":[0,0],"originalSize":[64,66],"capInsets":[0,0,0,0]}}]