[{"__type__":"cc.SpriteFrame","content":{"name":"ani_jinque_05","texture":"qzmjmj27-8720-4c46-811d-b5b636f6bb2c","rect":[4,41,1021,291],"offset":[0.5,-20.5],"originalSize":[1028,332],"capInsets":[0,0,0,0]}},{"__type__":"cc.SpriteFrame","content":{"name":"ani_jinque_04","texture":"qzmjmjd9-fd18-417f-97cf-17939ef5f385","rect":[4,78,1020,254],"offset":[0,-39],"originalSize":[1028,332],"capInsets":[0,0,0,0]}},{"__type__":"cc.SpriteFrame","content":{"name":"ani_jinque_08","texture":"qzmjmjfc-ea8d-4d63-bf72-737f3bc87909","rect":[5,1,1019,331],"offset":[0.5,-0.5],"originalSize":[1028,332],"capInsets":[0,0,0,0]}},{"__type__":"cc.SpriteFrame","content":{"name":"ani_jinque_09","texture":"qzmjmj7c-2965-47f3-9316-9bb9711d4b36","rect":[5,42,1019,290],"offset":[0.5,-21],"originalSize":[1028,332],"capInsets":[0,0,0,0]}},{"__type__":"cc.SpriteFrame","content":{"name":"ani_jinque_07","texture":"qzmjmja0-9d4f-4674-a679-e3f8ce4aa656","rect":[5,15,1020,317],"offset":[1,-7.5],"originalSize":[1028,332],"capInsets":[0,0,0,0]}},{"__type__":"cc.AnimationClip","_name":"jinqueaction","_duration":0.92,"curveData":{"comps":{"cc.Sprite":{"spriteFrame":[{"frame":0,"value":{"__uuid__":"qzmjmjf7-e113-42fa-853a-9430d53182fa"}},{"frame":0.08333333333333333,"value":{"__uuid__":"qzmjmje9-5f2c-415d-9e33-c4ff8db9f3cd"}},{"frame":0.16666666666666666,"value":{"__uuid__":"qzmjmj9f-0d93-43e0-b9d2-d586a30d4440"}},{"frame":0.25,"value":{"__uuid__":"qzmjmj18-250c-4000-b831-b05756130525"}},{"frame":0.36666666666666664,"value":{"__uuid__":"qzmjmj01-a4d8-462d-9bc7-4a50c2151263"}},{"frame":0.5,"value":{"__uuid__":"qzmjmja9-a5c8-4372-950e-4a7ffe082942"}},{"frame":0.6166666666666667,"value":{"__uuid__":"qzmjmj3c-a8c5-4d6d-865f-960fd456e634"}},{"frame":0.75,"value":{"__uuid__":"qzmjmj1b-6ba7-411b-afd5-35b14060375a"}},{"frame":0.9,"value":{"__uuid__":"qzmjmj35-f3d1-42e7-8422-a0d2a2683e48"}}]}}}},{"__type__":"cc.SpriteFrame","content":{"name":"ani_jinque_03","texture":"qzmjmj52-ca7f-4310-9dae-831310ee1cd0","rect":[12,112,1005,220],"offset":[0.5,-56],"originalSize":[1028,332],"capInsets":[0,0,0,0]}},{"__type__":"cc.SpriteFrame","content":{"name":"ani_jinque_06","texture":"qzmjmjae-2f81-454d-8520-5011fd4d22fb","rect":[4,32,1021,300],"offset":[0.5,-16],"originalSize":[1028,332],"capInsets":[0,0,0,0]}},{"__type__":"cc.SpriteFrame","content":{"name":"ani_jinque_02","texture":"qzmjmje8-0956-42b0-a66e-e9580b5690b3","rect":[140,125,750,195],"offset":[1,-56.5],"originalSize":[1028,332],"capInsets":[0,0,0,0]}},{"__type__":"cc.SpriteFrame","content":{"name":"ani_jinque_01","texture":"qzmjmj65-99b0-4152-9586-9a4e87ae9a99","rect":[263,147,503,152],"offset":[0.5,-57],"originalSize":[1028,332],"capInsets":[0,0,0,0]}}]