[{"__type__":"cc.SpriteFrame","content":{"name":"ani_01","texture":"18a88c034","rect":[2,2,318,285],"offset":[0,0.5],"originalSize":[474,430],"capInsets":[0,0,0,0]}},[{"__type__":"cc.Prefab","_name":"gang","data":{"__id__":1}},{"__type__":"cc.Node","_name":"gang","_components":[{"__type__":"cc.Sprite","node":{"__id__":1},"_spriteFrame":{"__uuid__":"qzmjmj40-0696-4d40-8e81-1250cddb66a6"},"_sizeMode":2,"_isTrimmedMode":false},{"__type__":"cc.Animation","node":{"__id__":1},"_defaultClip":{"__uuid__":"qzmjmj53-6a98-456c-90be-e40926885650"},"_clips":[{"__uuid__":"qzmjmj53-6a98-456c-90be-e40926885650"}]},{"__type__":"qzmjmja3-f7f6-43f3-bc26-19a21c44bee8","node":{"__id__":1}}],"_prefab":{"__type__":"cc.PrefabInfo","root":{"__id__":1},"asset":{"__uuid__":"qzmjmj92-1e2e-4439-931a-dbfc615f2507"},"fileId":"fbcd9bG48FJwpm78jFA0KjG"},"_contentSize":{"__type__":"cc.Size","width":474,"height":430},"_trs":{"__type__":"TypedArray","ctor":"Float64Array","array":[0,0,0,0,0,0,1,0.5,0.5,1]}}]]