[{"__type__":"cc.SpriteFrame","content":{"name":"anim_zimo1","texture":"1c7d99a80","rect":[2,2,465,455],"offset":[1,1],"originalSize":[499,475],"capInsets":[0,0,0,0]}},[{"__type__":"cc.Prefab","_name":"tianhu","data":{"__id__":1}},{"__type__":"cc.Node","_name":"tianhu","_components":[{"__type__":"cc.Sprite","node":{"__id__":1},"_spriteFrame":{"__uuid__":"qzmjmj6e-4e56-4531-80f4-b559a68b73b1"},"_sizeMode":2,"_isTrimmedMode":false},{"__type__":"cc.Animation","node":{"__id__":1},"_defaultClip":{"__uuid__":"qzmjmjbe-5e2e-4ccc-9374-cedbbc25e416"},"_clips":[{"__uuid__":"qzmjmjbe-5e2e-4ccc-9374-cedbbc25e416"}]},{"__type__":"qzmjmja3-f7f6-43f3-bc26-19a21c44bee8","node":{"__id__":1}}],"_prefab":{"__type__":"cc.PrefabInfo","root":{"__id__":1},"asset":{"__uuid__":"qzmjmjd0-46db-45df-aa16-5bfd3c64343b"},"fileId":"27df7zmIc1G74WWyOuiAxGa"},"_contentSize":{"__type__":"cc.Size","width":499,"height":475},"_trs":{"__type__":"TypedArray","ctor":"Float64Array","array":[0,0,0,0,0,0,1,1,1,1]}}]]