[{"__type__":"cc.SpriteFrame","content":{"name":"hh_face_y_02","texture":"qzmjmj6d-7c46-40b1-985c-b2b312da1ec0","rect":[0,0,98,84],"offset":[0,0],"originalSize":[98,84],"capInsets":[0,0,0,0]}},{"__type__":"cc.SpriteFrame","content":{"name":"hh_face_y_06","texture":"qzmjmjae-8676-4f97-9d47-9edc06675a57","rect":[0,0,98,84],"offset":[0,0],"originalSize":[98,84],"capInsets":[0,0,0,0]}},{"__type__":"cc.SpriteFrame","content":{"name":"icon_bottom_jt","texture":"qzmjmj27-0632-4bad-a8a7-f3eebf2da968","rect":[0,1,50,49],"offset":[0,0],"originalSize":[50,51],"capInsets":[0,0,0,0]}},[{"__type__":"cc.Prefab","_name":"UIQZMJ2DCard02","data":{"__id__":1}},{"__type__":"cc.Node","_name":"UIQZMJ2DCard02","_children":[{"__id__":2},{"__id__":6}],"_components":[{"__type__":"cc.Layout","node":{"__id__":1},"_layoutSize":{"__type__":"cc.Size","width":74,"height":277},"_resize":1,"_N$layoutType":2},{"__type__":"qzmjmjf0-040c-423d-8599-62e7e6856dd2","node":{"__id__":1},"JS_Name":"xymj_BaseComponent","sp_in":{"__id__":3},"card":{"__id__":2},"downcard":{"__id__":6},"BackCardSpriteFrame":{"__uuid__":"qzmjmjd4-81a9-47ca-adfd-a0c34033cfa8"}}],"_prefab":{"__type__":"cc.PrefabInfo","root":{"__id__":1},"asset":{"__uuid__":"qzmjmj94-a69f-42e6-b8a2-3ac412720911"},"fileId":"6b0c6qrtC9EW5FPP6rskKua"},"_contentSize":{"__type__":"cc.Size","width":74,"height":277},"_trs":{"__type__":"TypedArray","ctor":"Float64Array","array":[50,40,0,0,0,0,1,1,1,1]}},{"__type__":"cc.Node","_name":"card","_parent":{"__id__":1},"_children":[{"__id__":3},{"__id__":5}],"_components":[{"__type__":"cc.Layout","node":{"__id__":2},"_layoutSize":{"__type__":"cc.Size","width":30,"height":110},"_resize":1,"_N$layoutType":2,"_N$spacingY":-40,"_N$horizontalDirection":1}],"_prefab":{"__type__":"cc.PrefabInfo","root":{"__id__":1},"asset":{"__uuid__":"qzmjmj94-a69f-42e6-b8a2-3ac412720911"},"fileId":"d0ddd4JXlxNgYiASUZHMGnB"},"_contentSize":{"__type__":"cc.Size","width":30,"height":110},"_anchorPoint":{"__type__":"cc.Vec2","x":0.19},"_trs":{"__type__":"TypedArray","ctor":"Float64Array","array":[0,28.5,0,0,0,0,1,1,1,1]}},{"__type__":"cc.Node","_name":"sp_in","_parent":{"__id__":2},"_children":[{"__id__":4}],"_components":[{"__type__":"cc.Sprite","node":{"__id__":3},"_spriteFrame":{"__uuid__":"qzmjmjd4-81a9-47ca-adfd-a0c34033cfa8"},"_sizeMode":0}],"_prefab":{"__type__":"cc.PrefabInfo","root":{"__id__":1},"asset":{"__uuid__":"qzmjmj94-a69f-42e6-b8a2-3ac412720911"},"fileId":"55545V7CHdLNpbxytqonRVn"},"_contentSize":{"__type__":"cc.Size","width":30,"height":70},"_trs":{"__type__":"TypedArray","ctor":"Float64Array","array":[0,75,0,0,0,0,1,1,1,1]}},{"__type__":"cc.Node","_name":"da","_parent":{"__id__":3},"_active":false,"_components":[{"__type__":"cc.Sprite","node":{"__id__":4}}],"_prefab":{"__type__":"cc.PrefabInfo","root":{"__id__":1},"asset":{"__uuid__":"qzmjmj94-a69f-42e6-b8a2-3ac412720911"},"fileId":"fa35dhVarlOYqfO84SZjkox"},"_contentSize":{"__type__":"cc.Size","width":35,"height":40},"_trs":{"__type__":"TypedArray","ctor":"Float64Array","array":[-13.7,11.6,0,0,0,0,1,0.7,0.7,1]},"_eulerAngles":{"__type__":"cc.Vec3","z":90}},{"__type__":"cc.Node","_name":"empty","_parent":{"__id__":2},"_components":[{"__type__":"cc.Sprite","node":{"__id__":5}}],"_prefab":{"__type__":"cc.PrefabInfo","root":{"__id__":1},"asset":{"__uuid__":"qzmjmj94-a69f-42e6-b8a2-3ac412720911"},"fileId":"4131bSDr+1MqojoE9LXPOW6"},"_contentSize":{"__type__":"cc.Size","width":60,"height":80},"_trs":{"__type__":"TypedArray","ctor":"Float64Array","array":[0,40,0,0,0,0,1,1,1,1]}},{"__type__":"cc.Node","_name":"downcard","_parent":{"__id__":1},"_children":[{"__id__":7}],"_components":[{"__type__":"cc.Layout","node":{"__id__":6},"_layoutSize":{"__type__":"cc.Size","width":65,"height":167},"_resize":1,"_N$layoutType":2,"_N$spacingY":-40,"_N$verticalDirection":0},{"__type__":"qzmjmj4b-140d-4a29-af82-be69e76160e8","node":{"__id__":6},"JS_Name":"xymj_BaseComponent"}],"_prefab":{"__type__":"cc.PrefabInfo","root":{"__id__":1},"asset":{"__uuid__":"qzmjmj94-a69f-42e6-b8a2-3ac412720911"},"fileId":"4dfb8ofwutFXLBuO0vLJKOk"},"_contentSize":{"__type__":"cc.Size","width":65,"height":167},"_anchorPoint":{"__type__":"cc.Vec2","x":0.5},"_trs":{"__type__":"TypedArray","ctor":"Float64Array","array":[-7,-138.5,0,0,0,0,1,1,1,1]}},{"__type__":"cc.Node","_name":"down01","_parent":{"__id__":6},"_children":[{"__id__":8},{"__id__":11},{"__id__":14},{"__id__":17}],"_prefab":{"__type__":"cc.PrefabInfo","root":{"__id__":1},"asset":{"__uuid__":"qzmjmj94-a69f-42e6-b8a2-3ac412720911"},"fileId":"d49a9nWBdBPqKgqNRLmnhJ0"},"_contentSize":{"__type__":"cc.Size","width":105,"height":167},"_trs":{"__type__":"TypedArray","ctor":"Float64Array","array":[1,83.5,0,0,0,0,1,0.6,0.6,1]}},{"__type__":"cc.Node","_name":"card03","_parent":{"__id__":7},"_children":[{"__id__":9},{"__id__":10}],"_components":[{"__type__":"cc.Sprite","node":{"__id__":8},"_spriteFrame":{"__uuid__":"qzmjmj0f-853b-40d9-8985-42c57cb80a7a"}}],"_prefab":{"__type__":"cc.PrefabInfo","root":{"__id__":1},"asset":{"__uuid__":"qzmjmj94-a69f-42e6-b8a2-3ac412720911"},"fileId":"ff2374BW4lNYq9iSLKYXPxc"},"_contentSize":{"__type__":"cc.Size","width":98,"height":84},"_trs":{"__type__":"TypedArray","ctor":"Float64Array","array":[10,90.5,0,0,0,0,1,1,1,1]}},{"__type__":"cc.Node","_name":"zhi","_parent":{"__id__":8},"_active":false,"_components":[{"__type__":"cc.Sprite","node":{"__id__":9},"_spriteFrame":{"__uuid__":"qzmjmj8a-e6bf-4937-864a-87c930247ab2"}}],"_prefab":{"__type__":"cc.PrefabInfo","root":{"__id__":1},"asset":{"__uuid__":"qzmjmj94-a69f-42e6-b8a2-3ac412720911"},"fileId":"13f87TqoAtEjL8uy/CmqbVY"},"_contentSize":{"__type__":"cc.Size","width":50,"height":49},"_trs":{"__type__":"TypedArray","ctor":"Float64Array","array":[29.1,8,0,0,0,0,1,1.2,1.2,1]}},{"__type__":"cc.Node","_name":"da","_parent":{"__id__":8},"_active":false,"_components":[{"__type__":"cc.Sprite","node":{"__id__":10},"_sizeMode":0}],"_prefab":{"__type__":"cc.PrefabInfo","root":{"__id__":1},"asset":{"__uuid__":"qzmjmj94-a69f-42e6-b8a2-3ac412720911"},"fileId":"5f40eoOtqRMio9WCQPydlLD"},"_contentSize":{"__type__":"cc.Size","width":53,"height":59},"_trs":{"__type__":"TypedArray","ctor":"Float64Array","array":[-24.79,20.22,0,0,0,0,1,0.5,0.5,1]},"_eulerAngles":{"__type__":"cc.Vec3","z":90}},{"__type__":"cc.Node","_name":"card02","_parent":{"__id__":7},"_children":[{"__id__":12},{"__id__":13}],"_components":[{"__type__":"cc.Sprite","node":{"__id__":11},"_spriteFrame":{"__uuid__":"qzmjmj0f-853b-40d9-8985-42c57cb80a7a"}}],"_prefab":{"__type__":"cc.PrefabInfo","root":{"__id__":1},"asset":{"__uuid__":"qzmjmj94-a69f-42e6-b8a2-3ac412720911"},"fileId":"6c54aPZDZtIO7pmZ7Kz11gy"},"_contentSize":{"__type__":"cc.Size","width":98,"height":84},"_trs":{"__type__":"TypedArray","ctor":"Float64Array","array":[10,28.5,0,0,0,0,1,1,1,1]}},{"__type__":"cc.Node","_name":"zhi","_parent":{"__id__":11},"_active":false,"_components":[{"__type__":"cc.Sprite","node":{"__id__":12}}],"_prefab":{"__type__":"cc.PrefabInfo","root":{"__id__":1},"asset":{"__uuid__":"qzmjmj94-a69f-42e6-b8a2-3ac412720911"},"fileId":"ed875GTxYFCY4br0ZFl5CA0"},"_contentSize":{"__type__":"cc.Size","width":27,"height":27},"_trs":{"__type__":"TypedArray","ctor":"Float64Array","array":[30.1,8,0,0,0,0,1,1.2,1.2,1]}},{"__type__":"cc.Node","_name":"da","_parent":{"__id__":11},"_active":false,"_components":[{"__type__":"cc.Sprite","node":{"__id__":13},"_sizeMode":0}],"_prefab":{"__type__":"cc.PrefabInfo","root":{"__id__":1},"asset":{"__uuid__":"qzmjmj94-a69f-42e6-b8a2-3ac412720911"},"fileId":"285bdaFt6FO2bSalQCXdgwY"},"_contentSize":{"__type__":"cc.Size","width":53,"height":59},"_trs":{"__type__":"TypedArray","ctor":"Float64Array","array":[-24.79,20.61,0,0,0,0,1,0.5,0.5,1]},"_eulerAngles":{"__type__":"cc.Vec3","z":90}},{"__type__":"cc.Node","_name":"card01","_parent":{"__id__":7},"_children":[{"__id__":15},{"__id__":16}],"_components":[{"__type__":"cc.Sprite","node":{"__id__":14},"_spriteFrame":{"__uuid__":"qzmjmj36-8d44-4be8-a04f-8f1d4b630dbf"}}],"_prefab":{"__type__":"cc.PrefabInfo","root":{"__id__":1},"asset":{"__uuid__":"qzmjmj94-a69f-42e6-b8a2-3ac412720911"},"fileId":"d7922lYIGpEBq7Qv69ClTg7"},"_contentSize":{"__type__":"cc.Size","width":98,"height":84},"_trs":{"__type__":"TypedArray","ctor":"Float64Array","array":[10,-33.5,0,0,0,0,1,1,1,1]}},{"__type__":"cc.Node","_name":"zhi","_parent":{"__id__":14},"_active":false,"_components":[{"__type__":"cc.Sprite","node":{"__id__":15}}],"_prefab":{"__type__":"cc.PrefabInfo","root":{"__id__":1},"asset":{"__uuid__":"qzmjmj94-a69f-42e6-b8a2-3ac412720911"},"fileId":"43259ShDMZH159U8zl0jARF"},"_contentSize":{"__type__":"cc.Size","width":27,"height":27},"_trs":{"__type__":"TypedArray","ctor":"Float64Array","array":[29.1,8,0,0,0,0,1,1.2,1.2,1]}},{"__type__":"cc.Node","_name":"da","_parent":{"__id__":14},"_active":false,"_components":[{"__type__":"cc.Sprite","node":{"__id__":16},"_sizeMode":0}],"_prefab":{"__type__":"cc.PrefabInfo","root":{"__id__":1},"asset":{"__uuid__":"qzmjmj94-a69f-42e6-b8a2-3ac412720911"},"fileId":"0c3b4764KZLto22CQHgsYHW"},"_contentSize":{"__type__":"cc.Size","width":53,"height":59},"_trs":{"__type__":"TypedArray","ctor":"Float64Array","array":[-24.4,19.91,0,0,0,0,1,0.5,0.5,1]},"_eulerAngles":{"__type__":"cc.Vec3","z":90}},{"__type__":"cc.Node","_name":"card04","_parent":{"__id__":7},"_children":[{"__id__":18},{"__id__":19}],"_components":[{"__type__":"cc.Sprite","node":{"__id__":17},"_spriteFrame":{"__uuid__":"qzmjmj36-8d44-4be8-a04f-8f1d4b630dbf"}}],"_prefab":{"__type__":"cc.PrefabInfo","root":{"__id__":1},"asset":{"__uuid__":"qzmjmj94-a69f-42e6-b8a2-3ac412720911"},"fileId":"19a75Zd9+BBuZtdTr/vQ5Ky"},"_contentSize":{"__type__":"cc.Size","width":98,"height":84},"_trs":{"__type__":"TypedArray","ctor":"Float64Array","array":[10,49.7,0,0,0,0,1,1,1,1]}},{"__type__":"cc.Node","_name":"zhi","_parent":{"__id__":17},"_active":false,"_components":[{"__type__":"cc.Sprite","node":{"__id__":18}}],"_prefab":{"__type__":"cc.PrefabInfo","root":{"__id__":1},"asset":{"__uuid__":"qzmjmj94-a69f-42e6-b8a2-3ac412720911"},"fileId":"a859eN9AK5IkpJ7Uehnc+Rn"},"_contentSize":{"__type__":"cc.Size","width":27,"height":27},"_trs":{"__type__":"TypedArray","ctor":"Float64Array","array":[29.1,8,0,0,0,0,1,1.2,1.2,1]}},{"__type__":"cc.Node","_name":"da","_parent":{"__id__":17},"_active":false,"_components":[{"__type__":"cc.Sprite","node":{"__id__":19},"_sizeMode":0}],"_prefab":{"__type__":"cc.PrefabInfo","root":{"__id__":1},"asset":{"__uuid__":"qzmjmj94-a69f-42e6-b8a2-3ac412720911"},"fileId":"677a5BPjtNKNbl7jahgFx+4"},"_contentSize":{"__type__":"cc.Size","width":53,"height":59},"_trs":{"__type__":"TypedArray","ctor":"Float64Array","array":[-24.48,19.91,0,0,0,0,1,0.5,0.5,1]},"_eulerAngles":{"__type__":"cc.Vec3","z":90}}],{"__type__":"cc.SpriteFrame","content":{"name":"back_right_2d","texture":"qzmjmj5d-8074-44d1-9c77-0d5d9f11244d","rect":[0,0,49,122],"offset":[0,0],"originalSize":[49,122],"capInsets":[0,0,0,0]}}]