[{"__type__":"cc.SpriteFrame","content":{"name":"8","texture":"qzmjmj22-3760-4abf-8ef8-c780b8665130","rect":[78,42,253,191],"offset":[6.5,-3],"originalSize":[396,269],"capInsets":[0,0,0,0]}},{"__type__":"cc.SpriteFrame","content":{"name":"4","texture":"qzmjmjaf-63c2-4c18-bb52-5f7e8664ca2b","rect":[49,31,310,186],"offset":[6,10.5],"originalSize":[396,269],"capInsets":[0,0,0,0]}},{"__type__":"cc.SpriteFrame","content":{"name":"12","texture":"qzmjmjcb-4574-40f0-a8be-5b3429606644","rect":[55,31,302,215],"offset":[8,-4],"originalSize":[396,269],"capInsets":[0,0,0,0]}},{"__type__":"cc.SpriteFrame","content":{"name":"touming","texture":"qzmjmj23-b67d-4d50-ae8c-fb5939e02a67","rect":[0,0,1,1],"offset":[0,0],"originalSize":[1,1],"capInsets":[0,0,0,0]}},{"__type__":"cc.SpriteFrame","content":{"name":"9","texture":"qzmjmj3a-1c8d-42cd-a4e1-97cfc5150404","rect":[74,40,262,195],"offset":[7,-3],"originalSize":[396,269],"capInsets":[0,0,0,0]}},{"__type__":"cc.SpriteFrame","content":{"name":"5","texture":"qzmjmjf1-eb08-4894-bb68-13ea876300ba","rect":[52,38,316,184],"offset":[12,4.5],"originalSize":[396,269],"capInsets":[0,0,0,0]}},{"__type__":"cc.SpriteFrame","content":{"name":"3","texture":"qzmjmj14-4e8e-4b05-9126-c3736524410e","rect":[43,23,305,201],"offset":[-2.5,11],"originalSize":[396,269],"capInsets":[0,0,0,0]}},{"__type__":"cc.SpriteFrame","content":{"name":"11","texture":"qzmjmj54-97cd-40cc-a5ca-5dad560d9f71","rect":[62,35,288,207],"offset":[8,-4],"originalSize":[396,269],"capInsets":[0,0,0,0]}},{"__type__":"cc.SpriteFrame","content":{"name":"1","texture":"qzmjmja5-5801-4fc2-928d-b44c772e8f96","rect":[42,23,306,201],"offset":[-3,11],"originalSize":[396,269],"capInsets":[0,0,0,0]}},{"__type__":"cc.SpriteFrame","content":{"name":"10","texture":"qzmjmj73-17be-4d74-8c53-c7cc9eb420ac","rect":[69,39,271,199],"offset":[6.5,-4],"originalSize":[396,269],"capInsets":[0,0,0,0]}},{"__type__":"cc.SpriteFrame","content":{"name":"2","texture":"qzmjmj52-1c5d-4e75-bc35-cb3daccd5f91","rect":[43,23,305,201],"offset":[-2.5,11],"originalSize":[396,269],"capInsets":[0,0,0,0]}},{"__type__":"cc.SpriteFrame","content":{"name":"6","texture":"qzmjmje4-49bc-45fe-9dc9-d41687453064","rect":[73,47,268,179],"offset":[9,-2],"originalSize":[396,269],"capInsets":[0,0,0,0]}},{"__type__":"cc.SpriteFrame","content":{"name":"13","texture":"qzmjmj8f-20a8-4d9c-8cce-da5ae986467b","rect":[50,29,307,221],"offset":[5.5,-5],"originalSize":[396,269],"capInsets":[0,0,0,0]}},{"__type__":"cc.AnimationClip","_name":"angangAction","_duration":1.1,"curveData":{"comps":{"cc.Sprite":{"spriteFrame":[{"frame":0.016666666666666666,"value":{"__uuid__":"qzmjmj63-7cce-4340-a6cf-955a8397045b"}},{"frame":0.1,"value":{"__uuid__":"qzmjmj84-41b7-493f-ac7d-f50a67e8fc65"}},{"frame":0.18333333333333332,"value":{"__uuid__":"qzmjmj55-17f8-46f2-859f-fd2faadd7b28"}},{"frame":0.26666666666666666,"value":{"__uuid__":"qzmjmj10-a8b7-40dd-9085-7c14bac08a66"}},{"frame":0.35,"value":{"__uuid__":"qzmjmj50-c185-43c1-8c57-baf3c0288224"}},{"frame":0.43333333333333335,"value":{"__uuid__":"qzmjmjd0-e370-46dd-995c-495c515af94c"}},{"frame":0.5166666666666667,"value":{"__uuid__":"qzmjmjf6-58c9-4e4a-9b8f-a613dd3c39e0"}},{"frame":0.6,"value":{"__uuid__":"qzmjmj0c-8918-4805-bc19-da1e152ad3cf"}},{"frame":0.6666666666666666,"value":{"__uuid__":"qzmjmj50-1bdc-4e87-b806-485f586342e5"}},{"frame":0.75,"value":{"__uuid__":"qzmjmj7b-c11e-4d2e-bd92-2d0877560480"}},{"frame":0.8333333333333334,"value":{"__uuid__":"qzmjmj5e-05c6-4b3e-bf94-6b7fdd32a321"}},{"frame":0.9166666666666666,"value":{"__uuid__":"qzmjmj14-95e5-446f-bbd8-11851ce76a38"}},{"frame":1,"value":{"__uuid__":"qzmjmjd1-120f-4324-af28-f31858d50f2e"}},{"frame":1.0833333333333333,"value":{"__uuid__":"qzmjmj2f-5b0b-4454-acf8-cfc019fa46b4"}}]}}}},{"__type__":"cc.SpriteFrame","content":{"name":"7","texture":"qzmjmj57-110d-4fa1-baf5-452082cede52","rect":[82,43,243,187],"offset":[5.5,-2],"originalSize":[396,269],"capInsets":[0,0,0,0]}}]