[{"__type__":"cc.SpriteFrame","content":{"name":"bg_poker","texture":"ccJr2eKqFCha4xiP7V1hU2","rect":[0,0,134,185],"offset":[0,0],"originalSize":[134,185],"capInsets":[0,0,0,0]}},{"__type__":"cc.SpriteFrame","content":{"name":"img_sheng","texture":"36VNyHJw5OKLf54EDmAIXd","rect":[0,0,184,177],"offset":[0,0],"originalSize":[184,177],"capInsets":[0,0,0,0]}},{"__type__":"cc.SpriteFrame","content":{"name":"bg_dan","texture":"0dIpFSUQVHC67hBvI+vZup","rect":[0,0,308,252],"offset":[0,0],"originalSize":[308,252],"capInsets":[20,120,20,110]}},[{"__type__":"cc.Prefab","_name":"fcsj_winlost_child","data":{"__id__":1}},{"__type__":"cc.Node","_name":"fcsj_winlost_child","_children":[{"__id__":2},{"__id__":16},{"__id__":17},{"__id__":19},{"__id__":21},{"__id__":23},{"__id__":24},{"__id__":25},{"__id__":26},{"__id__":28},{"__id__":35},{"__id__":36},{"__id__":37}],"_components":[{"__type__":"cc.Sprite","node":{"__id__":1},"_materials":[{"__uuid__":"ecpdLyjvZBwrvm+cedCcQy"}],"_spriteFrame":{"__uuid__":"2bqGev7VdHe4af8c1lQl9d"},"_type":1,"_sizeMode":0},{"__type__":"8d025g6/sVO3rPm8bhZQjOp","node":{"__id__":1}}],"_prefab":{"__type__":"cc.PrefabInfo","root":{"__id__":1},"asset":{"__uuid__":"32d9Wg/B5HKqgL3L0l4hzW"},"fileId":"6cDdI6pBxA9Z4NOAL9rTXL"},"_contentSize":{"__type__":"cc.Size","width":274,"height":396},"_anchorPoint":{"__type__":"cc.Vec2","y":0.5},"_trs":{"__type__":"TypedArray","ctor":"Float64Array","array":[0,-220,0,0,0,0,1,1,1,1]}},{"__type__":"cc.Node","_name":"user_info","_parent":{"__id__":1},"_children":[{"__id__":3},{"__id__":4},{"__id__":6},{"__id__":7},{"__id__":8},{"__id__":9},{"__id__":10},{"__id__":11},{"__id__":12},{"__id__":13},{"__id__":14},{"__id__":15}],"_prefab":{"__type__":"cc.PrefabInfo","root":{"__id__":1},"asset":{"__uuid__":"32d9Wg/B5HKqgL3L0l4hzW"},"fileId":"7b3a+X2sdHOK2Ru5gjzToJ"},"_trs":{"__type__":"TypedArray","ctor":"Float64Array","array":[110,120,0,0,0,0,1,1,1,1]}},{"__type__":"cc.Node","_name":"bg_head","_parent":{"__id__":2},"_components":[{"__type__":"cc.Sprite","node":{"__id__":3},"_materials":[{"__uuid__":"ecpdLyjvZBwrvm+cedCcQy"}],"_spriteFrame":{"__uuid__":"6fZHXhFSNJOaHufB8Cy11y"}}],"_prefab":{"__type__":"cc.PrefabInfo","root":{"__id__":1},"asset":{"__uuid__":"32d9Wg/B5HKqgL3L0l4hzW"},"fileId":"98fh2Q1npMqaiPKOQop4Dw"},"_contentSize":{"__type__":"cc.Size","width":85,"height":85},"_trs":{"__type__":"TypedArray","ctor":"Float64Array","array":[-60.9,29.7,0,0,0,0,1,1,1,1]}},{"__type__":"cc.Node","_name":"mask","_parent":{"__id__":2},"_children":[{"__id__":5}],"_components":[{"__type__":"cc.Mask","node":{"__id__":4},"_materials":[{"__uuid__":"ecpdLyjvZBwrvm+cedCcQy"}],"_spriteFrame":{"__uuid__":"862ZSSkT5Mqrb9LXLGSo/x"},"_type":2}],"_prefab":{"__type__":"cc.PrefabInfo","root":{"__id__":1},"asset":{"__uuid__":"32d9Wg/B5HKqgL3L0l4hzW"},"fileId":"2ao0tIqURK4YvziMzMn2fW"},"_contentSize":{"__type__":"cc.Size","width":79,"height":79},"_trs":{"__type__":"TypedArray","ctor":"Float64Array","array":[-60.9,29.7,0,0,0,0,1,1,1,1]}},{"__type__":"cc.Node","_name":"head_img","_parent":{"__id__":4},"_components":[{"__type__":"cc.Sprite","node":{"__id__":5},"_materials":[{"__uuid__":"ecpdLyjvZBwrvm+cedCcQy"}],"_spriteFrame":{"__uuid__":"e6JNuRrHVFM4KYnmai3HR+"},"_sizeMode":0,"_isTrimmedMode":false},{"__type__":"f42b8ZzNWFKKI/QT/n8cR1+","node":{"__id__":5}}],"_prefab":{"__type__":"cc.PrefabInfo","root":{"__id__":1},"asset":{"__uuid__":"32d9Wg/B5HKqgL3L0l4hzW"},"fileId":"ccsrW0FaBCoKLtckbotJ32"},"_contentSize":{"__type__":"cc.Size","width":79,"height":79},"_trs":{"__type__":"TypedArray","ctor":"Float64Array","array":[0,0,0,0,0,0,1,1,1,1]}},{"__type__":"cc.Node","_name":"lable_name","_parent":{"__id__":2},"_components":[{"__type__":"cc.Label","node":{"__id__":6},"_materials":[{"__uuid__":"ecpdLyjvZBwrvm+cedCcQy"}],"_useOriginalSize":false,"_string":"丸子科丸丸","_N$string":"丸子科丸丸","_fontSize":26,"_lineHeight":26,"_enableWrapText":false,"_N$verticalAlign":1,"_N$overflow":2}],"_prefab":{"__type__":"cc.PrefabInfo","root":{"__id__":1},"asset":{"__uuid__":"32d9Wg/B5HKqgL3L0l4hzW"},"fileId":"f2t10UQ0RCpKHCZxrWKZj5"},"_color":{"__type__":"cc.Color","r":124,"g":62,"b":18},"_contentSize":{"__type__":"cc.Size","width":130,"height":26},"_anchorPoint":{"__type__":"cc.Vec2","y":0.5},"_trs":{"__type__":"TypedArray","ctor":"Float64Array","array":[-1,55,0,0,0,0,1,1,1,1]}},{"__type__":"cc.Node","_name":"label_id","_parent":{"__id__":2},"_components":[{"__type__":"cc.Label","node":{"__id__":7},"_materials":[{"__uuid__":"ecpdLyjvZBwrvm+cedCcQy"}],"_useOriginalSize":false,"_string":"1422222","_N$string":"1422222","_fontSize":26,"_lineHeight":26,"_N$verticalAlign":1}],"_prefab":{"__type__":"cc.PrefabInfo","root":{"__id__":1},"asset":{"__uuid__":"32d9Wg/B5HKqgL3L0l4hzW"},"fileId":"57rcO1VPhMJqNOCjL7WLux"},"_color":{"__type__":"cc.Color","r":124,"g":62,"b":18},"_contentSize":{"__type__":"cc.Size","width":101.22,"height":32.76},"_anchorPoint":{"__type__":"cc.Vec2","y":0.5},"_trs":{"__type__":"TypedArray","ctor":"Float64Array","array":[1,21,0,0,0,0,1,1,1,1]}},{"__type__":"cc.Node","_name":"label_upLevel","_parent":{"__id__":2},"_components":[{"__type__":"cc.Label","node":{"__id__":8},"_materials":[{"__uuid__":"ecpdLyjvZBwrvm+cedCcQy"}],"_useOriginalSize":false,"_string":"所属推广员ID：1234567","_N$string":"所属推广员ID：1234567","_fontSize":18,"_lineHeight":18,"_N$verticalAlign":1,"_N$overflow":2}],"_prefab":{"__type__":"cc.PrefabInfo","root":{"__id__":1},"asset":{"__uuid__":"32d9Wg/B5HKqgL3L0l4hzW"},"fileId":"0aO9BKZfJOCZAlZ+CgRdO/"},"_color":{"__type__":"cc.Color","r":124,"g":62,"b":18},"_contentSize":{"__type__":"cc.Size","width":180,"height":22.68},"_trs":{"__type__":"TypedArray","ctor":"Float64Array","array":[72,-10,0,0,0,0,1,1,1,1]}},{"__type__":"cc.Node","_name":"zhuangjia","_parent":{"__id__":2},"_components":[{"__type__":"cc.Sprite","node":{"__id__":9},"_materials":[{"__uuid__":"ecpdLyjvZBwrvm+cedCcQy"}],"_spriteFrame":{"__uuid__":"6cYETfhcBLsb6peygii4VQ"}}],"_prefab":{"__type__":"cc.PrefabInfo","root":{"__id__":1},"asset":{"__uuid__":"32d9Wg/B5HKqgL3L0l4hzW"},"fileId":"9flm+01WdLQ4too95FK7L8"},"_contentSize":{"__type__":"cc.Size","width":33,"height":34},"_trs":{"__type__":"TypedArray","ctor":"Float64Array","array":[-92.534,61.808,0,0,0,0,1,1,1,1]}},{"__type__":"cc.Node","_name":"xianjia","_parent":{"__id__":2},"_components":[{"__type__":"cc.Sprite","node":{"__id__":10},"_materials":[{"__uuid__":"ecpdLyjvZBwrvm+cedCcQy"}],"_spriteFrame":{"__uuid__":"4csksXjt1OBojiaEJjdFMr"}}],"_prefab":{"__type__":"cc.PrefabInfo","root":{"__id__":1},"asset":{"__uuid__":"32d9Wg/B5HKqgL3L0l4hzW"},"fileId":"bevArv755P96r1WRxwdyz8"},"_contentSize":{"__type__":"cc.Size","width":33,"height":34},"_trs":{"__type__":"TypedArray","ctor":"Float64Array","array":[-92.534,61.808,0,0,0,0,1,1,1,1]}},{"__type__":"cc.Node","_name":"bg_win","_parent":{"__id__":2},"_components":[{"__type__":"cc.Sprite","node":{"__id__":11},"_materials":[{"__uuid__":"ecpdLyjvZBwrvm+cedCcQy"}],"_spriteFrame":{"__uuid__":"0aLsfv3jBCzYzVbQxQO2Ep"}}],"_prefab":{"__type__":"cc.PrefabInfo","root":{"__id__":1},"asset":{"__uuid__":"32d9Wg/B5HKqgL3L0l4hzW"},"fileId":"fbLnLZVm1Cda4b0B7ratN3"},"_contentSize":{"__type__":"cc.Size","width":184,"height":177},"_trs":{"__type__":"TypedArray","ctor":"Float64Array","array":[125,-185,0,0,0,0,1,0.4,0.4,1]}},{"__type__":"cc.Node","_name":"bg_lost","_parent":{"__id__":2},"_components":[{"__type__":"cc.Sprite","node":{"__id__":12},"_materials":[{"__uuid__":"ecpdLyjvZBwrvm+cedCcQy"}],"_spriteFrame":{"__uuid__":"8c7i4B7HFGPJTm/Ywghfn2"}}],"_prefab":{"__type__":"cc.PrefabInfo","root":{"__id__":1},"asset":{"__uuid__":"32d9Wg/B5HKqgL3L0l4hzW"},"fileId":"54/62WoNlLcbpnMkk811Ok"},"_contentSize":{"__type__":"cc.Size","width":145,"height":196},"_trs":{"__type__":"TypedArray","ctor":"Float64Array","array":[125,-185,0,0,0,0,1,0.4,0.4,1]}},{"__type__":"cc.Node","_name":"icon_dzm","_parent":{"__id__":2},"_active":false,"_components":[{"__type__":"cc.Sprite","node":{"__id__":13},"_materials":[{"__uuid__":"ecpdLyjvZBwrvm+cedCcQy"}],"_spriteFrame":{"__uuid__":"6b5WDlSMROe6s4CkxD9y3O"},"_sizeMode":0}],"_prefab":{"__type__":"cc.PrefabInfo","root":{"__id__":1},"asset":{"__uuid__":"32d9Wg/B5HKqgL3L0l4hzW"},"fileId":"011p3HKpRJU63heEzGeakV"},"_contentSize":{"__type__":"cc.Size","width":60,"height":45},"_trs":{"__type__":"TypedArray","ctor":"Float64Array","array":[-48.8,59.7,0,0,0,0,1,1,1,1]}},{"__type__":"cc.Node","_name":"di","_parent":{"__id__":2},"_components":[{"__type__":"cc.Sprite","node":{"__id__":14},"_materials":[{"__uuid__":"ecpdLyjvZBwrvm+cedCcQy"}],"_spriteFrame":{"__uuid__":"9enxY/KolF17hBeySGY16e"}}],"_prefab":{"__type__":"cc.PrefabInfo","root":{"__id__":1},"asset":{"__uuid__":"32d9Wg/B5HKqgL3L0l4hzW"},"fileId":"4doe94RYdO97JKhKjF+8Sj"},"_contentSize":{"__type__":"cc.Size","width":47,"height":47},"_trs":{"__type__":"TypedArray","ctor":"Float64Array","array":[-92.534,61.808,0,0,0,0,1,1,1,1]}},{"__type__":"cc.Node","_name":"you","_parent":{"__id__":2},"_components":[{"__type__":"cc.Sprite","node":{"__id__":15},"_materials":[{"__uuid__":"ecpdLyjvZBwrvm+cedCcQy"}],"_spriteFrame":{"__uuid__":"aeSWKaGZdHFqo+QGKOEdV8"}}],"_prefab":{"__type__":"cc.PrefabInfo","root":{"__id__":1},"asset":{"__uuid__":"32d9Wg/B5HKqgL3L0l4hzW"},"fileId":"39ROzkHc1M64ATikfpIio+"},"_contentSize":{"__type__":"cc.Size","width":47,"height":47},"_trs":{"__type__":"TypedArray","ctor":"Float64Array","array":[-92.534,61.808,0,0,0,0,1,1,1,1]}},{"__type__":"cc.Node","_name":"icon_robClose","_parent":{"__id__":1},"_active":false,"_components":[{"__type__":"cc.Sprite","node":{"__id__":16},"_spriteFrame":{"__uuid__":"43VZAJIQdIwJ1CckGfJfs5"}}],"_prefab":{"__type__":"cc.PrefabInfo","root":{"__id__":1},"asset":{"__uuid__":"32d9Wg/B5HKqgL3L0l4hzW"},"fileId":"13LgXGhy1H6J5GOOL9p35A"},"_contentSize":{"__type__":"cc.Size","width":129,"height":67},"_trs":{"__type__":"TypedArray","ctor":"Float64Array","array":[139,-48,0,0,0,0,1,1,1,1]}},{"__type__":"cc.Node","_name":"lb_roomPoint","_parent":{"__id__":1},"_children":[{"__id__":18}],"_components":[{"__type__":"cc.Label","node":{"__id__":17},"_materials":[{"__uuid__":"ecpdLyjvZBwrvm+cedCcQy"}],"_useOriginalSize":false,"_string":"10","_N$string":"10","_fontSize":24,"_N$file":{"__uuid__":"5f5wQekV1CGpJW2meZozWn"},"_isSystemFontUsed":false,"_N$horizontalAlign":1,"_N$verticalAlign":1}],"_prefab":{"__type__":"cc.PrefabInfo","root":{"__id__":1},"asset":{"__uuid__":"32d9Wg/B5HKqgL3L0l4hzW"},"fileId":"61Oj/QqI9GdJYVy/u3YGxR"},"_color":{"__type__":"cc.Color","r":255,"g":66},"_contentSize":{"__type__":"cc.Size","width":22.5,"height":50.4},"_anchorPoint":{"__type__":"cc.Vec2","y":0.5},"_trs":{"__type__":"TypedArray","ctor":"Float64Array","array":[182,63.792,0,0,0,0,1,1,1,1]}},{"__type__":"cc.Node","_name":"lb_roomPointTitle","_parent":{"__id__":17},"_components":[{"__type__":"cc.Label","node":{"__id__":18},"_materials":[{"__uuid__":"ecpdLyjvZBwrvm+cedCcQy"}],"_useOriginalSize":false,"_string":"总战绩：","_N$string":"总战绩：","_fontSize":26,"_lineHeight":35,"_N$file":{"__uuid__":"5f5wQekV1CGpJW2meZozWn"},"_isSystemFontUsed":false,"_N$horizontalAlign":1,"_N$verticalAlign":1}],"_prefab":{"__type__":"cc.PrefabInfo","root":{"__id__":1},"asset":{"__uuid__":"32d9Wg/B5HKqgL3L0l4hzW"},"fileId":"cdsOoXfz9HPa499SHh59qh"},"_color":{"__type__":"cc.Color","r":119,"g":17,"b":17},"_contentSize":{"__type__":"cc.Size","width":104,"height":44.1},"_anchorPoint":{"__type__":"cc.Vec2","y":0.5},"_trs":{"__type__":"TypedArray","ctor":"Float64Array","array":[-149,0,0,0,0,0,1,1,1,1]}},{"__type__":"cc.Node","_name":"lb_jiangPoint","_parent":{"__id__":1},"_children":[{"__id__":20}],"_components":[{"__type__":"cc.Label","node":{"__id__":19},"_materials":[{"__uuid__":"ecpdLyjvZBwrvm+cedCcQy"}],"_useOriginalSize":false,"_string":"10","_N$string":"10","_fontSize":24,"_N$file":{"__uuid__":"5f5wQekV1CGpJW2meZozWn"},"_isSystemFontUsed":false,"_N$horizontalAlign":1,"_N$verticalAlign":1}],"_prefab":{"__type__":"cc.PrefabInfo","root":{"__id__":1},"asset":{"__uuid__":"32d9Wg/B5HKqgL3L0l4hzW"},"fileId":"8dXx1vTcRMNIxIFpkPTKPj"},"_color":{"__type__":"cc.Color","r":255,"g":66},"_contentSize":{"__type__":"cc.Size","width":22.5,"height":50.4},"_anchorPoint":{"__type__":"cc.Vec2","y":0.5},"_trs":{"__type__":"TypedArray","ctor":"Float64Array","array":[182,25.792,0,0,0,0,1,1,1,1]}},{"__type__":"cc.Node","_name":"lb_jiangPointTitle","_parent":{"__id__":19},"_components":[{"__type__":"cc.Label","node":{"__id__":20},"_materials":[{"__uuid__":"ecpdLyjvZBwrvm+cedCcQy"}],"_useOriginalSize":false,"_string":"奖分：","_N$string":"奖分：","_fontSize":26,"_lineHeight":35,"_N$file":{"__uuid__":"5f5wQekV1CGpJW2meZozWn"},"_isSystemFontUsed":false,"_N$horizontalAlign":1,"_N$verticalAlign":1}],"_prefab":{"__type__":"cc.PrefabInfo","root":{"__id__":1},"asset":{"__uuid__":"32d9Wg/B5HKqgL3L0l4hzW"},"fileId":"f2ruhAwetMwbVgSMjZkYVj"},"_color":{"__type__":"cc.Color","r":119,"g":17,"b":17},"_contentSize":{"__type__":"cc.Size","width":78,"height":44.1},"_anchorPoint":{"__type__":"cc.Vec2","y":0.5},"_trs":{"__type__":"TypedArray","ctor":"Float64Array","array":[-149,0,0,0,0,0,1,1,1,1]}},{"__type__":"cc.Node","_name":"lb_beiPoint","_parent":{"__id__":1},"_children":[{"__id__":22}],"_components":[{"__type__":"cc.Label","node":{"__id__":21},"_materials":[{"__uuid__":"ecpdLyjvZBwrvm+cedCcQy"}],"_useOriginalSize":false,"_string":"10","_N$string":"10","_fontSize":24,"_N$file":{"__uuid__":"5f5wQekV1CGpJW2meZozWn"},"_isSystemFontUsed":false,"_N$horizontalAlign":1,"_N$verticalAlign":1}],"_prefab":{"__type__":"cc.PrefabInfo","root":{"__id__":1},"asset":{"__uuid__":"32d9Wg/B5HKqgL3L0l4hzW"},"fileId":"b48i2YQ9lIII2Ouj02WKyX"},"_color":{"__type__":"cc.Color","r":255,"g":66},"_contentSize":{"__type__":"cc.Size","width":22.5,"height":50.4},"_anchorPoint":{"__type__":"cc.Vec2","y":0.5},"_trs":{"__type__":"TypedArray","ctor":"Float64Array","array":[182,-6.384,0,0,0,0,1,1,1,1]}},{"__type__":"cc.Node","_name":"lb_winPointTitle","_parent":{"__id__":21},"_components":[{"__type__":"cc.Label","node":{"__id__":22},"_materials":[{"__uuid__":"ecpdLyjvZBwrvm+cedCcQy"}],"_useOriginalSize":false,"_string":"倍数：","_N$string":"倍数：","_fontSize":26,"_lineHeight":35,"_N$file":{"__uuid__":"5f5wQekV1CGpJW2meZozWn"},"_isSystemFontUsed":false,"_N$horizontalAlign":1,"_N$verticalAlign":1}],"_prefab":{"__type__":"cc.PrefabInfo","root":{"__id__":1},"asset":{"__uuid__":"32d9Wg/B5HKqgL3L0l4hzW"},"fileId":"5bK+zfdkRF2Zxz45UccrTr"},"_color":{"__type__":"cc.Color","r":119,"g":17,"b":17},"_contentSize":{"__type__":"cc.Size","width":78,"height":44.1},"_anchorPoint":{"__type__":"cc.Vec2","y":0.5},"_trs":{"__type__":"TypedArray","ctor":"Float64Array","array":[-149,0,0,0,0,0,1,1,1,1]}},{"__type__":"cc.Node","_name":"lb_allScoreTitle","_parent":{"__id__":1},"_components":[{"__type__":"cc.Label","node":{"__id__":23},"_materials":[{"__uuid__":"ecpdLyjvZBwrvm+cedCcQy"}],"_useOriginalSize":false,"_string":"输赢分:","_N$string":"输赢分:","_fontSize":24,"_lineHeight":35,"_N$file":{"__uuid__":"5f5wQekV1CGpJW2meZozWn"},"_isSystemFontUsed":false,"_N$horizontalAlign":1,"_N$verticalAlign":1}],"_prefab":{"__type__":"cc.PrefabInfo","root":{"__id__":1},"asset":{"__uuid__":"32d9Wg/B5HKqgL3L0l4hzW"},"fileId":"0e4PWYQA9DRKDZQ8KmcAFg"},"_color":{"__type__":"cc.Color","r":119,"g":17,"b":17},"_contentSize":{"__type__":"cc.Size","width":78.38,"height":44.1},"_trs":{"__type__":"TypedArray","ctor":"Float64Array","array":[60,-130,0,0,0,0,1,1,1,1]}},{"__type__":"cc.Node","_name":"lb_lose_num","_parent":{"__id__":1},"_components":[{"__type__":"cc.Label","node":{"__id__":24},"_materials":[{"__uuid__":"ecpdLyjvZBwrvm+cedCcQy"}],"_useOriginalSize":false,"_string":"-1000","_N$string":"-1000","_fontSize":32,"_N$file":{"__uuid__":"59kzsyiIFGS5Deoo4o1bsG"},"_isSystemFontUsed":false,"_N$horizontalAlign":1,"_N$verticalAlign":1}],"_prefab":{"__type__":"cc.PrefabInfo","root":{"__id__":1},"asset":{"__uuid__":"32d9Wg/B5HKqgL3L0l4hzW"},"fileId":"49FYrhQ7VBu5dwQPilEFh2"},"_contentSize":{"__type__":"cc.Size","width":145,"height":40},"_anchorPoint":{"__type__":"cc.Vec2","y":0.5},"_trs":{"__type__":"TypedArray","ctor":"Float64Array","array":[117,-130,0,0,0,0,1,0.7,0.7,1]}},{"__type__":"cc.Node","_name":"lb_win_num","_parent":{"__id__":1},"_components":[{"__type__":"cc.Label","node":{"__id__":25},"_materials":[{"__uuid__":"ecpdLyjvZBwrvm+cedCcQy"}],"_useOriginalSize":false,"_string":"+1000","_N$string":"+1000","_fontSize":1,"_lineHeight":1,"_N$file":{"__uuid__":"72IVOMk1hKZ49cj8VmMTmu"},"_isSystemFontUsed":false,"_N$horizontalAlign":1,"_N$verticalAlign":1}],"_prefab":{"__type__":"cc.PrefabInfo","root":{"__id__":1},"asset":{"__uuid__":"32d9Wg/B5HKqgL3L0l4hzW"},"fileId":"bcKIGKy/tGS7ZzmNXA/bON"},"_contentSize":{"__type__":"cc.Size","width":145,"height":1},"_anchorPoint":{"__type__":"cc.Vec2","y":0.5},"_trs":{"__type__":"TypedArray","ctor":"Float64Array","array":[116,-117,0,0,0,0,1,0.7,0.7,1]}},{"__type__":"cc.Node","_name":"lb_sportsPointTitle","_parent":{"__id__":1},"_children":[{"__id__":27}],"_components":[{"__type__":"cc.Label","node":{"__id__":26},"_materials":[{"__uuid__":"ecpdLyjvZBwrvm+cedCcQy"}],"_useOriginalSize":false,"_string":"比赛分:","_N$string":"比赛分:","_fontSize":24,"_lineHeight":35,"_N$file":{"__uuid__":"5f5wQekV1CGpJW2meZozWn"},"_isSystemFontUsed":false,"_N$horizontalAlign":1,"_N$verticalAlign":1}],"_prefab":{"__type__":"cc.PrefabInfo","root":{"__id__":1},"asset":{"__uuid__":"32d9Wg/B5HKqgL3L0l4hzW"},"fileId":"64CP6VSIRFvLeVQZt+f+nf"},"_color":{"__type__":"cc.Color","r":119,"g":17,"b":17},"_contentSize":{"__type__":"cc.Size","width":78.38,"height":44.1},"_trs":{"__type__":"TypedArray","ctor":"Float64Array","array":[60,-167,0,0,0,0,1,1,1,1]}},{"__type__":"cc.Node","_name":"lb_sportsPoint","_parent":{"__id__":26},"_components":[{"__type__":"cc.Label","node":{"__id__":27},"_materials":[{"__uuid__":"ecpdLyjvZBwrvm+cedCcQy"}],"_useOriginalSize":false,"_string":"1234","_N$string":"1234","_fontSize":24,"_lineHeight":35,"_N$file":{"__uuid__":"5f5wQekV1CGpJW2meZozWn"},"_isSystemFontUsed":false,"_N$horizontalAlign":1,"_N$verticalAlign":1}],"_prefab":{"__type__":"cc.PrefabInfo","root":{"__id__":1},"asset":{"__uuid__":"32d9Wg/B5HKqgL3L0l4hzW"},"fileId":"a2JfS0hOFHCamtvddVBGRK"},"_color":{"__type__":"cc.Color","r":255,"g":66},"_contentSize":{"__type__":"cc.Size","width":49.88,"height":44.1},"_anchorPoint":{"__type__":"cc.Vec2","y":0.5},"_trs":{"__type__":"TypedArray","ctor":"Float64Array","array":[59,0,0,0,0,0,1,1,1,1]}},{"__type__":"cc.Node","_name":"liangCardLayout","_parent":{"__id__":1},"_children":[{"__id__":29}],"_active":false,"_components":[{"__type__":"cc.Layout","node":{"__id__":28},"_layoutSize":{"__type__":"cc.Size","width":1000},"_resize":1,"_N$layoutType":3,"_N$spacingX":-20,"_N$spacingY":-20}],"_prefab":{"__type__":"cc.PrefabInfo","root":{"__id__":1},"asset":{"__uuid__":"32d9Wg/B5HKqgL3L0l4hzW"},"fileId":"800S87oYNBFJF9g+oqq9Kc"},"_contentSize":{"__type__":"cc.Size","width":1000},"_anchorPoint":{"__type__":"cc.Vec2","y":1},"_trs":{"__type__":"TypedArray","ctor":"Float64Array","array":[5,10,0,0,0,0,1,0.2,0.2,1]}},{"__type__":"cc.Node","_name":"cardPrefab","_parent":{"__id__":28},"_children":[{"__id__":30},{"__id__":31},{"__id__":32},{"__id__":33},{"__id__":34}],"_active":false,"_prefab":{"__type__":"cc.PrefabInfo","root":{"__id__":1},"asset":{"__uuid__":"32d9Wg/B5HKqgL3L0l4hzW"},"fileId":"205U1YrotDDIQvzvLA7BW4"},"_contentSize":{"__type__":"cc.Size","width":148,"height":196},"_position":{"__type__":"cc.Vec2"},"_trs":{"__type__":"TypedArray","ctor":"Float64Array","array":[74,-98,0,0,0,0,1,1,1,1]}},{"__type__":"cc.Node","_name":"bg_poker","_parent":{"__id__":29},"_components":[{"__type__":"cc.Sprite","node":{"__id__":30},"_materials":[{"__uuid__":"ecpdLyjvZBwrvm+cedCcQy"}],"_spriteFrame":{"__uuid__":"00bHYL//lI95M+zBsJImfw"},"_isTrimmedMode":false}],"_prefab":{"__type__":"cc.PrefabInfo","root":{"__id__":1},"asset":{"__uuid__":"32d9Wg/B5HKqgL3L0l4hzW"},"fileId":"3e6G8OuztMC6+w4mf3YelD"},"_contentSize":{"__type__":"cc.Size","width":134,"height":185},"_position":{"__type__":"cc.Vec2"},"_trs":{"__type__":"TypedArray","ctor":"Float64Array","array":[0,0,0,0,0,0,1,1,1,1]}},{"__type__":"cc.Node","_name":"icon","_parent":{"__id__":29},"_components":[{"__type__":"cc.Sprite","node":{"__id__":31},"_materials":[{"__uuid__":"ecpdLyjvZBwrvm+cedCcQy"}],"_spriteFrame":{"__uuid__":"f7JOXFnpRCMZ22Qo3ZygeC"},"_sizeMode":0,"_isTrimmedMode":false}],"_prefab":{"__type__":"cc.PrefabInfo","root":{"__id__":1},"asset":{"__uuid__":"32d9Wg/B5HKqgL3L0l4hzW"},"fileId":"1bYOIOVsVDwqj+oMZo2Qnz"},"_contentSize":{"__type__":"cc.Size","width":149,"height":196},"_position":{"__type__":"cc.Vec2"},"_trs":{"__type__":"TypedArray","ctor":"Float64Array","array":[0,0,0,0,0,0,1,1,1,1]}},{"__type__":"cc.Node","_name":"num","_parent":{"__id__":29},"_components":[{"__type__":"cc.Sprite","node":{"__id__":32},"_materials":[{"__uuid__":"ecpdLyjvZBwrvm+cedCcQy"}],"_spriteFrame":{"__uuid__":"f72sonYM5O6ZQFhMtILkGR"},"_sizeMode":0,"_isTrimmedMode":false}],"_prefab":{"__type__":"cc.PrefabInfo","root":{"__id__":1},"asset":{"__uuid__":"32d9Wg/B5HKqgL3L0l4hzW"},"fileId":"32ZpeB02dMIZUkAsNQVA5/"},"_contentSize":{"__type__":"cc.Size","width":43,"height":49},"_position":{"__type__":"cc.Vec2","x":-57.4,"y":70.8},"_trs":{"__type__":"TypedArray","ctor":"Float64Array","array":[-44,66,0,0,0,0,1,1,1,1]}},{"__type__":"cc.Node","_name":"icon_1","_parent":{"__id__":29},"_components":[{"__type__":"cc.Sprite","node":{"__id__":33},"_materials":[{"__uuid__":"ecpdLyjvZBwrvm+cedCcQy"}],"_spriteFrame":{"__uuid__":"51lqmJX2xAUJY7MtWk+0M2"},"_sizeMode":0,"_isTrimmedMode":false}],"_prefab":{"__type__":"cc.PrefabInfo","root":{"__id__":1},"asset":{"__uuid__":"32d9Wg/B5HKqgL3L0l4hzW"},"fileId":"33dHTR+UxIx5Z+ABAwqLiJ"},"_contentSize":{"__type__":"cc.Size","width":148,"height":196},"_position":{"__type__":"cc.Vec2"},"_trs":{"__type__":"TypedArray","ctor":"Float64Array","array":[0,0,0,0,0,0,1,1,1,1]}},{"__type__":"cc.Node","_name":"poker_back","_parent":{"__id__":29},"_active":false,"_components":[{"__type__":"cc.Sprite","node":{"__id__":34},"_materials":[{"__uuid__":"ecpdLyjvZBwrvm+cedCcQy"}],"_spriteFrame":{"__uuid__":"7fhb8aVadKgKkU/Zrbw95J"},"_sizeMode":0}],"_prefab":{"__type__":"cc.PrefabInfo","root":{"__id__":1},"asset":{"__uuid__":"32d9Wg/B5HKqgL3L0l4hzW"},"fileId":"0bDWQeAAVL+5VCRflfEDr+"},"_contentSize":{"__type__":"cc.Size","width":148,"height":196},"_position":{"__type__":"cc.Vec2"},"_trs":{"__type__":"TypedArray","ctor":"Float64Array","array":[0,0,0,0,0,0,1,1,1,1]}},{"__type__":"cc.Node","_name":"manguan1","_parent":{"__id__":1},"_active":false,"_components":[{"__type__":"cc.Sprite","node":{"__id__":35},"_materials":[{"__uuid__":"ecpdLyjvZBwrvm+cedCcQy"}],"_spriteFrame":{"__uuid__":"924yEdd0ZFupbThqVJENJa"}}],"_prefab":{"__type__":"cc.PrefabInfo","root":{"__id__":1},"asset":{"__uuid__":"32d9Wg/B5HKqgL3L0l4hzW"},"fileId":"5ekF8RD/BOup/mOL/aqvJM"},"_contentSize":{"__type__":"cc.Size","width":71,"height":26},"_trs":{"__type__":"TypedArray","ctor":"Float64Array","array":[235.886,-22.226,0,0,0,0,1,1,1,1]}},{"__type__":"cc.Node","_name":"manguan2","_parent":{"__id__":1},"_active":false,"_components":[{"__type__":"cc.Sprite","node":{"__id__":36},"_materials":[{"__uuid__":"ecpdLyjvZBwrvm+cedCcQy"}],"_spriteFrame":{"__uuid__":"5763QGFodIFbZv7EW+UqBi"}}],"_prefab":{"__type__":"cc.PrefabInfo","root":{"__id__":1},"asset":{"__uuid__":"32d9Wg/B5HKqgL3L0l4hzW"},"fileId":"0aI+qMIVFPBIDpBnwhLLtR"},"_contentSize":{"__type__":"cc.Size","width":71,"height":26},"_trs":{"__type__":"TypedArray","ctor":"Float64Array","array":[235.886,-22.226,0,0,0,0,1,1,1,1]}},{"__type__":"cc.Node","_name":"prizeCardList","_parent":{"__id__":1},"_children":[{"__id__":38}],"_components":[{"__type__":"cc.ScrollView","node":{"__id__":37},"vertical":false,"brake":0.75,"bounceDuration":0.23,"_N$content":{"__id__":39},"content":{"__id__":39},"_N$horizontalScrollBar":null,"_N$verticalScrollBar":null}],"_prefab":{"__type__":"cc.PrefabInfo","root":{"__id__":1},"asset":{"__uuid__":"32d9Wg/B5HKqgL3L0l4hzW"},"fileId":"7df8pnM8dBwp3++wZSNAPx"},"_contentSize":{"__type__":"cc.Size","width":200,"height":80},"_anchorPoint":{"__type__":"cc.Vec2","x":0.5,"y":1},"_trs":{"__type__":"TypedArray","ctor":"Float64Array","array":[103.245,-22.943,0,0,0,0,1,1,1,1]}},{"__type__":"cc.Node","_name":"view","_parent":{"__id__":37},"_children":[{"__id__":39}],"_components":[{"__type__":"cc.Mask","node":{"__id__":38},"_materials":[{"__uuid__":"ecpdLyjvZBwrvm+cedCcQy"}],"_N$alphaThreshold":0}],"_prefab":{"__type__":"cc.PrefabInfo","root":{"__id__":1},"asset":{"__uuid__":"32d9Wg/B5HKqgL3L0l4hzW"},"fileId":"535vlkjdlLfZeysWbr3c7z"},"_contentSize":{"__type__":"cc.Size","width":200,"height":80},"_anchorPoint":{"__type__":"cc.Vec2","x":0.5,"y":1},"_trs":{"__type__":"TypedArray","ctor":"Float64Array","array":[0,0,0,0,0,0,1,1,1,1]}},{"__type__":"cc.Node","_name":"content","_parent":{"__id__":38},"_children":[{"__id__":40}],"_components":[{"__type__":"cc.Layout","node":{"__id__":39},"_layoutSize":{"__type__":"cc.Size","width":148,"height":80},"_resize":1,"_N$layoutType":1,"_N$spacingX":-100}],"_prefab":{"__type__":"cc.PrefabInfo","root":{"__id__":1},"asset":{"__uuid__":"32d9Wg/B5HKqgL3L0l4hzW"},"fileId":"a7F66kOcZPLJfZANNpre1y"},"_contentSize":{"__type__":"cc.Size","width":148,"height":80},"_anchorPoint":{"__type__":"cc.Vec2","y":0.5},"_trs":{"__type__":"TypedArray","ctor":"Float64Array","array":[-100,-40,0,0,0,0,1,1,1,1]}},{"__type__":"cc.Node","_name":"cardlayout","_parent":{"__id__":39},"_children":[{"__id__":41}],"_components":[{"__type__":"cc.Layout","node":{"__id__":40},"_layoutSize":{"__type__":"cc.Size","width":148,"height":80},"_resize":1,"_N$layoutType":1,"_N$spacingX":-135}],"_prefab":{"__type__":"cc.PrefabInfo","root":{"__id__":1},"asset":{"__uuid__":"32d9Wg/B5HKqgL3L0l4hzW"},"fileId":"7c7JHjaK1OmrbmNUM5JAAS"},"_color":{"__type__":"cc.Color"},"_contentSize":{"__type__":"cc.Size","width":148,"height":80},"_trs":{"__type__":"TypedArray","ctor":"Float64Array","array":[74,0,0,0,0,0,1,1,1,1]}},{"__type__":"cc.Node","_name":"cardPrefab","_parent":{"__id__":40},"_children":[{"__id__":42},{"__id__":43},{"__id__":44},{"__id__":45},{"__id__":46},{"__id__":47}],"_prefab":{"__type__":"cc.PrefabInfo","root":{"__id__":1},"asset":{"__uuid__":"32d9Wg/B5HKqgL3L0l4hzW"},"fileId":"58igRqyYtGDIauny8raSVy"},"_contentSize":{"__type__":"cc.Size","width":148,"height":196},"_position":{"__type__":"cc.Vec2"},"_trs":{"__type__":"TypedArray","ctor":"Float64Array","array":[0,0,0,0,0,0,1,0.45,0.45,1]}},{"__type__":"cc.Node","_name":"bg_poker","_parent":{"__id__":41},"_components":[{"__type__":"cc.Sprite","node":{"__id__":42},"_materials":[{"__uuid__":"ecpdLyjvZBwrvm+cedCcQy"}],"_spriteFrame":{"__uuid__":"00bHYL//lI95M+zBsJImfw"},"_isTrimmedMode":false}],"_prefab":{"__type__":"cc.PrefabInfo","root":{"__id__":1},"asset":{"__uuid__":"32d9Wg/B5HKqgL3L0l4hzW"},"fileId":"baZDluhIZND716egwvKhzv"},"_contentSize":{"__type__":"cc.Size","width":134,"height":185},"_position":{"__type__":"cc.Vec2"},"_trs":{"__type__":"TypedArray","ctor":"Float64Array","array":[0,0,0,0,0,0,1,1,1,1]}},{"__type__":"cc.Node","_name":"icon","_parent":{"__id__":41},"_components":[{"__type__":"cc.Sprite","node":{"__id__":43},"_materials":[{"__uuid__":"ecpdLyjvZBwrvm+cedCcQy"}],"_spriteFrame":{"__uuid__":"f7JOXFnpRCMZ22Qo3ZygeC"},"_sizeMode":0,"_isTrimmedMode":false}],"_prefab":{"__type__":"cc.PrefabInfo","root":{"__id__":1},"asset":{"__uuid__":"32d9Wg/B5HKqgL3L0l4hzW"},"fileId":"adiUR7MLlGYY9epPn86chQ"},"_contentSize":{"__type__":"cc.Size","width":149,"height":196},"_position":{"__type__":"cc.Vec2"},"_trs":{"__type__":"TypedArray","ctor":"Float64Array","array":[0,0,0,0,0,0,1,1,1,1]}},{"__type__":"cc.Node","_name":"num","_parent":{"__id__":41},"_components":[{"__type__":"cc.Sprite","node":{"__id__":44},"_materials":[{"__uuid__":"ecpdLyjvZBwrvm+cedCcQy"}],"_spriteFrame":{"__uuid__":"f72sonYM5O6ZQFhMtILkGR"},"_sizeMode":0,"_isTrimmedMode":false}],"_prefab":{"__type__":"cc.PrefabInfo","root":{"__id__":1},"asset":{"__uuid__":"32d9Wg/B5HKqgL3L0l4hzW"},"fileId":"355NZKGQdKBq+SGHypie+C"},"_contentSize":{"__type__":"cc.Size","width":43,"height":49},"_position":{"__type__":"cc.Vec2","x":-57.4,"y":70.8},"_trs":{"__type__":"TypedArray","ctor":"Float64Array","array":[-44,66,0,0,0,0,1,1,1,1]}},{"__type__":"cc.Node","_name":"icon_1","_parent":{"__id__":41},"_components":[{"__type__":"cc.Sprite","node":{"__id__":45},"_materials":[{"__uuid__":"ecpdLyjvZBwrvm+cedCcQy"}],"_spriteFrame":{"__uuid__":"51lqmJX2xAUJY7MtWk+0M2"},"_sizeMode":0,"_isTrimmedMode":false}],"_prefab":{"__type__":"cc.PrefabInfo","root":{"__id__":1},"asset":{"__uuid__":"32d9Wg/B5HKqgL3L0l4hzW"},"fileId":"6aidZlRURJzLxU7ZYDxe2b"},"_contentSize":{"__type__":"cc.Size","width":148,"height":196},"_position":{"__type__":"cc.Vec2"},"_trs":{"__type__":"TypedArray","ctor":"Float64Array","array":[0,0,0,0,0,0,1,1,1,1]}},{"__type__":"cc.Node","_name":"poker_back","_parent":{"__id__":41},"_active":false,"_components":[{"__type__":"cc.Sprite","node":{"__id__":46},"_materials":[{"__uuid__":"ecpdLyjvZBwrvm+cedCcQy"}],"_spriteFrame":{"__uuid__":"7fhb8aVadKgKkU/Zrbw95J"},"_sizeMode":0}],"_prefab":{"__type__":"cc.PrefabInfo","root":{"__id__":1},"asset":{"__uuid__":"32d9Wg/B5HKqgL3L0l4hzW"},"fileId":"8b1NvJDa1LKI6LK2CskbF4"},"_contentSize":{"__type__":"cc.Size","width":148,"height":196},"_position":{"__type__":"cc.Vec2"},"_trs":{"__type__":"TypedArray","ctor":"Float64Array","array":[0,0,0,0,0,0,1,1,1,1]}},{"__type__":"cc.Node","_name":"cardNum","_parent":{"__id__":41},"_components":[{"__type__":"cc.Label","node":{"__id__":47},"_materials":[{"__uuid__":"ecpdLyjvZBwrvm+cedCcQy"}],"_useOriginalSize":false,"_fontSize":20,"_lineHeight":20,"_N$horizontalAlign":1,"_N$verticalAlign":1}],"_prefab":{"__type__":"cc.PrefabInfo","root":{"__id__":1},"asset":{"__uuid__":"32d9Wg/B5HKqgL3L0l4hzW"},"fileId":"d0pdtKBJJNe5g6JvaqPNo+"},"_color":{"__type__":"cc.Color","r":39,"g":33,"b":190},"_contentSize":{"__type__":"cc.Size","height":25.2},"_anchorPoint":{"__type__":"cc.Vec2","x":1,"y":0.5},"_trs":{"__type__":"TypedArray","ctor":"Float64Array","array":[60.342,64.198,0,0,0,0,1,2,2,1]}}],{"__type__":"cc.SpriteFrame","content":{"name":"icon_ct","texture":"89dMoCS/JAa4mjgEAaXPFU","rect":[0,0,129,67],"offset":[0,0],"originalSize":[129,67],"capInsets":[0,0,0,0]}},{"__type__":"cc.SpriteFrame","content":{"name":"img_xian","texture":"d8s0g8m+FNxLXJuHCKkgGI","rect":[0,0,33,34],"offset":[0,0],"originalSize":[33,34],"capInsets":[0,0,0,0]}},{"__type__":"cc.SpriteFrame","content":{"name":"bg_club1_2","texture":"8a4trmuCRLorCI7lA9+8wG","rect":[43,86,78,80],"offset":[15,-33.5],"originalSize":[134,185],"capInsets":[0,0,0,0]}},{"__type__":"cc.SpriteFrame","content":{"name":"img_xmg","texture":"98h2lU1iJCg4TQm5Ath7NR","rect":[0,0,71,26],"offset":[0,0],"originalSize":[71,26],"capInsets":[0,0,0,0]}},{"__type__":"cc.SpriteFrame","content":{"name":"icon_dzm","texture":"73IJ1Jy5hB4oTD5Y0UA2Kd","rect":[0,0,80,69],"offset":[0,0],"originalSize":[80,69],"capInsets":[0,0,0,0]}},{"__type__":"cc.SpriteFrame","content":{"name":"img_zhuang","texture":"0dbh5ZKQBDSrWcYVUV8Yh/","rect":[0,0,33,34],"offset":[0,0],"originalSize":[33,34],"capInsets":[0,0,0,0]}},{"__type__":"cc.SpriteFrame","content":{"name":"bg_head","texture":"92mibFlSJIUb7D7wDFGjTY","rect":[0,0,85,85],"offset":[0,0],"originalSize":[85,85],"capInsets":[0,0,0,0]}},{"__type__":"cc.SpriteFrame","content":{"name":"poker_back1","texture":"821S4dezRMe6aQGPNzTDUX","rect":[1,1,131,182],"offset":[-0.5,0.5],"originalSize":[134,185],"capInsets":[0,0,0,0]}},{"__type__":"cc.SpriteFrame","content":{"name":"bg_head01","texture":"61E8widLFI6q5dRAbHJxp6","rect":[0,0,79,79],"offset":[0,0],"originalSize":[79,79],"capInsets":[0,0,0,0]}},{"__type__":"cc.SpriteFrame","content":{"name":"img_fu","texture":"be34hoxP1BxYujT/MVWVEu","rect":[0,1,145,196],"offset":[-0.5,0],"originalSize":[146,198],"capInsets":[0,0,0,0]}},{"__type__":"cc.SpriteFrame","content":{"name":"img_dmg","texture":"c1HSoD5ApL6LslXoNxmBAn","rect":[0,0,71,26],"offset":[0,0],"originalSize":[71,26],"capInsets":[0,0,0,0]}},{"__type__":"cc.SpriteFrame","content":{"name":"img_di","texture":"10M8lgEDdAza1ofrsHmTEf","rect":[0,0,47,47],"offset":[0,0],"originalSize":[47,47],"capInsets":[0,0,0,0]}},{"__type__":"cc.SpriteFrame","content":{"name":"img_you","texture":"0akGvyfY9H1IAUJWDRb+cu","rect":[0,0,47,47],"offset":[0,0],"originalSize":[47,47],"capInsets":[0,0,0,0]}},{"__type__":"cc.SpriteFrame","content":{"name":"morentouxiang","texture":"189664600","rect":[181,652,60,60],"offset":[0,0],"originalSize":[60,60],"capInsets":[0,0,0,0]}},{"__type__":"cc.SpriteFrame","content":{"name":"bg_club1_1","texture":"7c3di8DxdAIa7ORKYlwzfG","rect":[10,59,31,32],"offset":[-41.5,17.5],"originalSize":[134,185],"capInsets":[0,0,0,0]}},{"__type__":"cc.SpriteFrame","content":{"name":"black_9","texture":"1bl3Zr5kRJT4AcAYQ/V1At","rect":[4,1,27,42],"offset":[-0.5,0.5],"originalSize":[36,45],"capInsets":[0,0,0,0]}}]