[{"__type__":"cc.SpriteFrame","content":{"name":"img_jp","texture":"39u47DxLRGRbIz2mJ1olRZ","rect":[0,0,29,94],"offset":[0,0],"originalSize":[29,94],"capInsets":[0,0,0,0]}},{"__type__":"cc.SpriteFrame","content":{"name":"img_txk","texture":"acGWP6sA1Gjo5OSRimgtEF","rect":[2,2,97,96],"offset":[-0.5,-1],"originalSize":[102,98],"capInsets":[0,0,0,0]}},{"__type__":"cc.SpriteFrame","content":{"name":"img_pinghu","texture":"10DH8v/XhNN79w8TsSTA0l","rect":[0,0,88,87],"offset":[0,0],"originalSize":[88,87],"capInsets":[0,0,0,0]}},{"__type__":"cc.SpriteFrame","content":{"name":"img_yel_down02","texture":"afkKNIIFdA5pXQl09RYRAP","rect":[0,0,151,101],"offset":[0,0],"originalSize":[151,101],"capInsets":[20,20,20,20]}},{"__type__":"cc.SpriteFrame","content":{"name":"btn_bp","texture":"1elEafaTZCIqa5yx4PiB3b","rect":[0,0,42,45],"offset":[0,0],"originalSize":[42,45],"capInsets":[0,0,0,0]}},{"__type__":"cc.SpriteFrame","content":{"name":"personal_male","texture":"4cu0xQ4E1Mp6jHE7SsmTVi","rect":[0,0,24,24],"offset":[0,0],"originalSize":[24,24],"capInsets":[0,0,0,0]}},[{"__type__":"cc.Prefab","_name":"sgew_winlost_child","data":{"__id__":1}},{"__type__":"cc.Node","_name":"sgew_winlost_child","_children":[{"__id__":2},{"__id__":12},{"__id__":13},{"__id__":23},{"__id__":24},{"__id__":25},{"__id__":26},{"__id__":27},{"__id__":28},{"__id__":29}],"_components":[{"__type__":"cc.Sprite","node":{"__id__":1},"_materials":[{"__uuid__":"ecpdLyjvZBwrvm+cedCcQy"}],"_spriteFrame":{"__uuid__":"4fi7aQRSpFn6b1ZZhTPwm7"},"_type":1,"_sizeMode":0},{"__type__":"820418JAsxL0oqu3fQTrXob","node":{"__id__":1},"NodeHuType":{"__id__":16},"max_cardPrefab":{"__uuid__":"fbv1/FCx9BP7JJ/Q8fJxji"},"SpriteMale":{"__uuid__":"622UiwhhNFa53CEHZMcq4q"},"SpriteFeMale":{"__uuid__":"f96cjgZ8RDEJdOOKeGclEB"},"kongge":{"__id__":29}}],"_prefab":{"__type__":"cc.PrefabInfo","root":{"__id__":1},"asset":{"__uuid__":"6cn3djz7FJ0LPVQuBNhmjS"},"fileId":"63pxgAAtREIIrIADgbxIpT"},"_contentSize":{"__type__":"cc.Size","width":1288,"height":122},"_anchorPoint":{"__type__":"cc.Vec2","x":0.5,"y":1},"_trs":{"__type__":"TypedArray","ctor":"Float64Array","array":[0,0,0,0,0,0,1,1,1,1]}},{"__type__":"cc.Node","_name":"user_info","_parent":{"__id__":1},"_children":[{"__id__":3},{"__id__":4},{"__id__":5},{"__id__":6},{"__id__":7},{"__id__":8},{"__id__":9},{"__id__":10},{"__id__":11}],"_prefab":{"__type__":"cc.PrefabInfo","root":{"__id__":1},"asset":{"__uuid__":"6cn3djz7FJ0LPVQuBNhmjS"},"fileId":"42/GTmtMZLzJ8oUiNrNX6l"},"_trs":{"__type__":"TypedArray","ctor":"Float64Array","array":[-87,-164,0,0,0,0,1,1,1,1]}},{"__type__":"cc.Node","_name":"head_img","_parent":{"__id__":2},"_components":[{"__type__":"cc.Sprite","node":{"__id__":3},"_materials":[{"__uuid__":"ecpdLyjvZBwrvm+cedCcQy"}],"_spriteFrame":{"__uuid__":"e6JNuRrHVFM4KYnmai3HR+"},"_sizeMode":0,"_isTrimmedMode":false},{"__type__":"f42b8ZzNWFKKI/QT/n8cR1+","node":{"__id__":3}}],"_prefab":{"__type__":"cc.PrefabInfo","root":{"__id__":1},"asset":{"__uuid__":"6cn3djz7FJ0LPVQuBNhmjS"},"fileId":"c725TLJpJJo69oit1L/OFo"},"_contentSize":{"__type__":"cc.Size","width":60,"height":60},"_trs":{"__type__":"TypedArray","ctor":"Float64Array","array":[-491.3,100.4,0,0,0,0,1,1,1,1]}},{"__type__":"cc.Node","_name":"img_txk","_parent":{"__id__":2},"_components":[{"__type__":"cc.Sprite","node":{"__id__":4},"_materials":[{"__uuid__":"ecpdLyjvZBwrvm+cedCcQy"}],"_spriteFrame":{"__uuid__":"2e65GDc4VEGIRuWYI+QbUM"},"_sizeMode":0}],"_prefab":{"__type__":"cc.PrefabInfo","root":{"__id__":1},"asset":{"__uuid__":"6cn3djz7FJ0LPVQuBNhmjS"},"fileId":"4eLky/HS1DDIzKC+AhbSEY"},"_contentSize":{"__type__":"cc.Size","width":65,"height":65},"_trs":{"__type__":"TypedArray","ctor":"Float64Array","array":[-491.3,100.4,0,0,0,0,1,1,1,1]}},{"__type__":"cc.Node","_name":"lable_name","_parent":{"__id__":2},"_components":[{"__type__":"cc.Label","node":{"__id__":5},"_materials":[{"__uuid__":"ecpdLyjvZBwrvm+cedCcQy"}],"_useOriginalSize":false,"_string":"丸子科丸丸","_N$string":"丸子科丸丸","_fontSize":20,"_lineHeight":20,"_N$file":{"__uuid__":"5f5wQekV1CGpJW2meZozWn"},"_isSystemFontUsed":false,"_N$verticalAlign":1,"_N$overflow":2}],"_prefab":{"__type__":"cc.PrefabInfo","root":{"__id__":1},"asset":{"__uuid__":"6cn3djz7FJ0LPVQuBNhmjS"},"fileId":"99b3/YiyJAXYIlqFuWp2hy"},"_color":{"__type__":"cc.Color","r":138,"g":55},"_contentSize":{"__type__":"cc.Size","width":100,"height":20},"_anchorPoint":{"__type__":"cc.Vec2","y":0.5},"_trs":{"__type__":"TypedArray","ctor":"Float64Array","array":[-543.023,151.081,0,0,0,0,1,1,1,1]}},{"__type__":"cc.Node","_name":"label_id","_parent":{"__id__":2},"_components":[{"__type__":"cc.Label","node":{"__id__":6},"_materials":[{"__uuid__":"ecpdLyjvZBwrvm+cedCcQy"}],"_useOriginalSize":false,"_string":"ID:142536","_N$string":"ID:142536","_fontSize":20,"_lineHeight":20,"_N$file":{"__uuid__":"5f5wQekV1CGpJW2meZozWn"},"_isSystemFontUsed":false,"_N$verticalAlign":1,"_N$overflow":2}],"_prefab":{"__type__":"cc.PrefabInfo","root":{"__id__":1},"asset":{"__uuid__":"6cn3djz7FJ0LPVQuBNhmjS"},"fileId":"1cpCVqZABAFqmxNtrywD/K"},"_color":{"__type__":"cc.Color","r":138,"g":55},"_contentSize":{"__type__":"cc.Size","width":100,"height":20},"_anchorPoint":{"__type__":"cc.Vec2","y":0.5},"_trs":{"__type__":"TypedArray","ctor":"Float64Array","array":[-541.265,58.841,0,0,0,0,1,1,1,1]}},{"__type__":"cc.Node","_name":"zhuangjia","_parent":{"__id__":2},"_components":[{"__type__":"cc.Sprite","node":{"__id__":7},"_materials":[{"__uuid__":"ecpdLyjvZBwrvm+cedCcQy"}],"_spriteFrame":{"__uuid__":"a0QEigSsBNXYudSEIwKRcD"}}],"_prefab":{"__type__":"cc.PrefabInfo","root":{"__id__":1},"asset":{"__uuid__":"6cn3djz7FJ0LPVQuBNhmjS"},"fileId":"b9zjQg2PtHXIp4VGeyliTe"},"_contentSize":{"__type__":"cc.Size","width":38,"height":39},"_trs":{"__type__":"TypedArray","ctor":"Float64Array","array":[-473.9,83.8,0,0,0,0,1,0.7,0.7,1]}},{"__type__":"cc.Node","_name":"btn_bp","_parent":{"__id__":2},"_components":[{"__type__":"cc.Sprite","node":{"__id__":8},"_materials":[{"__uuid__":"ecpdLyjvZBwrvm+cedCcQy"}],"_spriteFrame":{"__uuid__":"5bHr/assJBYYUobdVJmr4F"}}],"_prefab":{"__type__":"cc.PrefabInfo","root":{"__id__":1},"asset":{"__uuid__":"6cn3djz7FJ0LPVQuBNhmjS"},"fileId":"73ZZUzJYBCn4eHXg5wH0er"},"_contentSize":{"__type__":"cc.Size","width":42,"height":45},"_trs":{"__type__":"TypedArray","ctor":"Float64Array","array":[-517.035,125.016,0,0,0,0,1,0.7,0.7,1]}},{"__type__":"cc.Node","_name":"btn_p","_parent":{"__id__":2},"_components":[{"__type__":"cc.Sprite","node":{"__id__":9},"_materials":[{"__uuid__":"ecpdLyjvZBwrvm+cedCcQy"}],"_spriteFrame":{"__uuid__":"98/nckum9EgYe8iQ2O0YBe"},"_sizeMode":0}],"_prefab":{"__type__":"cc.PrefabInfo","root":{"__id__":1},"asset":{"__uuid__":"6cn3djz7FJ0LPVQuBNhmjS"},"fileId":"61hM0vCPlG67j69nj1N+Ha"},"_contentSize":{"__type__":"cc.Size","width":42,"height":45},"_trs":{"__type__":"TypedArray","ctor":"Float64Array","array":[-517.035,126.884,0,0,0,0,1,0.8,0.8,1]}},{"__type__":"cc.Node","_name":"img_xiao","_parent":{"__id__":2},"_components":[{"__type__":"cc.Sprite","node":{"__id__":10},"_materials":[{"__uuid__":"ecpdLyjvZBwrvm+cedCcQy"}],"_spriteFrame":{"__uuid__":"af/KM8uAVMr5u5NoysVuMG"}}],"_prefab":{"__type__":"cc.PrefabInfo","root":{"__id__":1},"asset":{"__uuid__":"6cn3djz7FJ0LPVQuBNhmjS"},"fileId":"280YfdnVtGB4arWvA12lRN"},"_contentSize":{"__type__":"cc.Size","width":35,"height":35},"_trs":{"__type__":"TypedArray","ctor":"Float64Array","array":[-522.523,83.8,0,0,0,0,1,0.7,0.7,1]}},{"__type__":"cc.Node","_name":"sex","_parent":{"__id__":2},"_components":[{"__type__":"cc.Sprite","node":{"__id__":11},"_materials":[{"__uuid__":"ecpdLyjvZBwrvm+cedCcQy"}],"_spriteFrame":{"__uuid__":"622UiwhhNFa53CEHZMcq4q"}}],"_prefab":{"__type__":"cc.PrefabInfo","root":{"__id__":1},"asset":{"__uuid__":"6cn3djz7FJ0LPVQuBNhmjS"},"fileId":"a9Gml4amxNnJo45jGWC7lp"},"_contentSize":{"__type__":"cc.Size","width":24,"height":24},"_trs":{"__type__":"TypedArray","ctor":"Float64Array","array":[-464.285,128.593,0,0,0,0,1,1,1,1]}},{"__type__":"cc.Node","_name":"showcard","_parent":{"__id__":1},"_components":[{"__type__":"cc.Layout","node":{"__id__":12},"_layoutSize":{"__type__":"cc.Size","width":1698,"height":140},"_resize":1,"_N$layoutType":3,"_N$spacingY":5}],"_prefab":{"__type__":"cc.PrefabInfo","root":{"__id__":1},"asset":{"__uuid__":"6cn3djz7FJ0LPVQuBNhmjS"},"fileId":"3a0/K14CJMwqNyyE77cteY"},"_contentSize":{"__type__":"cc.Size","width":1698,"height":140},"_anchorPoint":{"__type__":"cc.Vec2","y":1},"_trs":{"__type__":"TypedArray","ctor":"Float64Array","array":[-496.261,-12.191,0,0,0,0,1,0.4,0.4,1]}},{"__type__":"cc.Node","_name":"layoutall","_parent":{"__id__":1},"_children":[{"__id__":14}],"_components":[{"__type__":"cc.Layout","node":{"__id__":13},"_layoutSize":{"__type__":"cc.Size","width":286.1,"height":100},"_resize":1}],"_prefab":{"__type__":"cc.PrefabInfo","root":{"__id__":1},"asset":{"__uuid__":"6cn3djz7FJ0LPVQuBNhmjS"},"fileId":"e9jbybA1VPk60yUio5P9iz"},"_contentSize":{"__type__":"cc.Size","width":286.1,"height":100},"_anchorPoint":{"__type__":"cc.Vec2","x":1,"y":0.5},"_trs":{"__type__":"TypedArray","ctor":"Float64Array","array":[364.054,-56.613,0,0,0,0,1,1,1,1]}},{"__type__":"cc.Node","_name":"layoutlist","_parent":{"__id__":13},"_children":[{"__id__":15},{"__id__":17}],"_components":[{"__type__":"cc.Layout","node":{"__id__":14},"_layoutSize":{"__type__":"cc.Size","width":281.1,"height":100},"_resize":1,"_N$layoutType":1,"_N$spacingX":7.1}],"_prefab":{"__type__":"cc.PrefabInfo","root":{"__id__":1},"asset":{"__uuid__":"6cn3djz7FJ0LPVQuBNhmjS"},"fileId":"d0HAYqNCVE3LoGFReMwKPB"},"_contentSize":{"__type__":"cc.Size","width":281.1,"height":100},"_anchorPoint":{"__type__":"cc.Vec2","x":1,"y":0.5},"_trs":{"__type__":"TypedArray","ctor":"Float64Array","array":[0,0,0,0,0,0,1,1,1,1]}},{"__type__":"cc.Node","_name":"hutypelayout","_parent":{"__id__":14},"_children":[{"__id__":16}],"_components":[{"__type__":"cc.Layout","node":{"__id__":15},"_layoutSize":{"__type__":"cc.Size","width":-5,"height":100},"_resize":1,"_N$layoutType":1,"_N$spacingX":5}],"_prefab":{"__type__":"cc.PrefabInfo","root":{"__id__":1},"asset":{"__uuid__":"6cn3djz7FJ0LPVQuBNhmjS"},"fileId":"35Kb3P7jxNDo0B2z8sd9JA"},"_contentSize":{"__type__":"cc.Size","width":-5,"height":100},"_trs":{"__type__":"TypedArray","ctor":"Float64Array","array":[-283.6,0,0,0,0,0,1,1,1,1]}},{"__type__":"cc.Node","_name":"label","_parent":{"__id__":15},"_active":false,"_components":[{"__type__":"cc.Label","node":{"__id__":16},"_materials":[{"__uuid__":"ecpdLyjvZBwrvm+cedCcQy"}],"_useOriginalSize":false,"_string":"庄番","_N$string":"庄番","_fontSize":24,"_lineHeight":24,"_N$file":{"__uuid__":"5f5wQekV1CGpJW2meZozWn"},"_isSystemFontUsed":false,"_N$horizontalAlign":1,"_N$verticalAlign":1},{"__type__":"cc.LabelOutline","node":{"__id__":16},"_color":{"__type__":"cc.Color","r":180,"g":122,"b":57},"_width":2}],"_prefab":{"__type__":"cc.PrefabInfo","root":{"__id__":1},"asset":{"__uuid__":"6cn3djz7FJ0LPVQuBNhmjS"},"fileId":"82Vh7pk+xDK5Peagll0NVl"},"_contentSize":{"__type__":"cc.Size","width":52,"height":34.239999999999995},"_trs":{"__type__":"TypedArray","ctor":"Float64Array","array":[0,0,0,0,0,0,1,1,1,1]}},{"__type__":"cc.Node","_name":"jiesuan","_parent":{"__id__":14},"_children":[{"__id__":18},{"__id__":19},{"__id__":20},{"__id__":21},{"__id__":22}],"_components":[{"__type__":"cc.Layout","node":{"__id__":17},"_layoutSize":{"__type__":"cc.Size","width":279,"height":100},"_resize":1,"_N$layoutType":1,"_N$spacingX":5}],"_prefab":{"__type__":"cc.PrefabInfo","root":{"__id__":1},"asset":{"__uuid__":"6cn3djz7FJ0LPVQuBNhmjS"},"fileId":"dcrXi9QMVPEIeSiLJIMr5r"},"_contentSize":{"__type__":"cc.Size","width":279,"height":100},"_trs":{"__type__":"TypedArray","ctor":"Float64Array","array":[-139.50000000000003,0,0,0,0,0,1,1,1,1]}},{"__type__":"cc.Node","_name":"JiePao","_parent":{"__id__":17},"_components":[{"__type__":"cc.Sprite","node":{"__id__":18},"_materials":[{"__uuid__":"ecpdLyjvZBwrvm+cedCcQy"}],"_spriteFrame":{"__uuid__":"260l4kQlpFVbw0lAnEmvx5"}}],"_prefab":{"__type__":"cc.PrefabInfo","root":{"__id__":1},"asset":{"__uuid__":"6cn3djz7FJ0LPVQuBNhmjS"},"fileId":"47OekrcmxFRpfgQJ48d6AT"},"_contentSize":{"__type__":"cc.Size","width":29,"height":94},"_trs":{"__type__":"TypedArray","ctor":"Float64Array","array":[-125,0,0,0,0,0,1,1,1,1]}},{"__type__":"cc.Node","_name":"DianPao","_parent":{"__id__":17},"_components":[{"__type__":"cc.Sprite","node":{"__id__":19},"_materials":[{"__uuid__":"ecpdLyjvZBwrvm+cedCcQy"}],"_spriteFrame":{"__uuid__":"f0BjIho8tJjZ/v+aaQm3Jt"}}],"_prefab":{"__type__":"cc.PrefabInfo","root":{"__id__":1},"asset":{"__uuid__":"6cn3djz7FJ0LPVQuBNhmjS"},"fileId":"caA1VxyN9E5I3wxuPgaLUL"},"_contentSize":{"__type__":"cc.Size","width":29,"height":94},"_trs":{"__type__":"TypedArray","ctor":"Float64Array","array":[-91,0,0,0,0,0,1,1,1,1]}},{"__type__":"cc.Node","_name":"ZiMo","_parent":{"__id__":17},"_components":[{"__type__":"cc.Sprite","node":{"__id__":20},"_materials":[{"__uuid__":"ecpdLyjvZBwrvm+cedCcQy"}],"_spriteFrame":{"__uuid__":"746TrkyTVKZqvouaLIl4r3"}}],"_prefab":{"__type__":"cc.PrefabInfo","root":{"__id__":1},"asset":{"__uuid__":"6cn3djz7FJ0LPVQuBNhmjS"},"fileId":"e60kwe3WlF6rKj4QUhz4s1"},"_contentSize":{"__type__":"cc.Size","width":29,"height":94},"_trs":{"__type__":"TypedArray","ctor":"Float64Array","array":[-57,0,0,0,0,0,1,1,1,1]}},{"__type__":"cc.Node","_name":"Hu","_parent":{"__id__":17},"_components":[{"__type__":"cc.Sprite","node":{"__id__":21},"_materials":[{"__uuid__":"ecpdLyjvZBwrvm+cedCcQy"}],"_spriteFrame":{"__uuid__":"b33MJ39lZNBorLvk8JE6FT"}}],"_prefab":{"__type__":"cc.PrefabInfo","root":{"__id__":1},"asset":{"__uuid__":"6cn3djz7FJ0LPVQuBNhmjS"},"fileId":"a5QOoXa+lB/Lc5efeRG5TR"},"_contentSize":{"__type__":"cc.Size","width":84,"height":85},"_trs":{"__type__":"TypedArray","ctor":"Float64Array","array":[4.5,0,0,0,0,0,1,1,1,1]}},{"__type__":"cc.Node","_name":"PingHu","_parent":{"__id__":17},"_components":[{"__type__":"cc.Sprite","node":{"__id__":22},"_materials":[{"__uuid__":"ecpdLyjvZBwrvm+cedCcQy"}],"_spriteFrame":{"__uuid__":"3404T8eBNHpaDCIH8d6GO3"}}],"_prefab":{"__type__":"cc.PrefabInfo","root":{"__id__":1},"asset":{"__uuid__":"6cn3djz7FJ0LPVQuBNhmjS"},"fileId":"2daqxtEsBB168EFbvrZa4e"},"_contentSize":{"__type__":"cc.Size","width":88,"height":87},"_trs":{"__type__":"TypedArray","ctor":"Float64Array","array":[95.5,0,0,0,0,0,1,1,1,1]}},{"__type__":"cc.Node","_name":"record","_parent":{"__id__":1},"_components":[{"__type__":"cc.Label","node":{"__id__":23},"_materials":[{"__uuid__":"ecpdLyjvZBwrvm+cedCcQy"}],"_string":"5番 ","_N$string":"5番 ","_fontSize":28,"_lineHeight":28,"_N$file":{"__uuid__":"5f5wQekV1CGpJW2meZozWn"},"_isSystemFontUsed":false,"_N$horizontalAlign":1,"_N$verticalAlign":1,"_N$overflow":2},{"__type__":"cc.LabelOutline","node":{"__id__":23},"_color":{"__type__":"cc.Color","r":180,"g":122,"b":57},"_width":2}],"_prefab":{"__type__":"cc.PrefabInfo","root":{"__id__":1},"asset":{"__uuid__":"6cn3djz7FJ0LPVQuBNhmjS"},"fileId":"8fkJlqtGBGxpTAgYDesWL2"},"_contentSize":{"__type__":"cc.Size","width":200,"height":60},"_anchorPoint":{"__type__":"cc.Vec2","y":0.5},"_trs":{"__type__":"TypedArray","ctor":"Float64Array","array":[363.649,-24.519,0,0,0,0,1,1,1,1]}},{"__type__":"cc.Node","_name":"point","_parent":{"__id__":1},"_components":[{"__type__":"cc.Label","node":{"__id__":24},"_materials":[{"__uuid__":"ecpdLyjvZBwrvm+cedCcQy"}],"_string":"1","_N$string":"1","_fontSize":28,"_lineHeight":28,"_N$file":{"__uuid__":"5f5wQekV1CGpJW2meZozWn"},"_isSystemFontUsed":false,"_N$horizontalAlign":1,"_N$verticalAlign":1,"_N$overflow":2},{"__type__":"cc.LabelOutline","node":{"__id__":24},"_color":{"__type__":"cc.Color","r":180,"g":122,"b":57},"_width":2}],"_prefab":{"__type__":"cc.PrefabInfo","root":{"__id__":1},"asset":{"__uuid__":"6cn3djz7FJ0LPVQuBNhmjS"},"fileId":"a7DKFPaAdEIo4eXbQDNrHN"},"_contentSize":{"__type__":"cc.Size","width":200,"height":60},"_trs":{"__type__":"TypedArray","ctor":"Float64Array","array":[538.975,-51.06,0,0,0,0,1,1,1,1]}},{"__type__":"cc.Node","_name":"hudian","_parent":{"__id__":1},"_components":[{"__type__":"cc.Label","node":{"__id__":25},"_materials":[{"__uuid__":"ecpdLyjvZBwrvm+cedCcQy"}],"_string":"1点","_N$string":"1点","_fontSize":28,"_lineHeight":28,"_N$file":{"__uuid__":"5f5wQekV1CGpJW2meZozWn"},"_isSystemFontUsed":false,"_N$horizontalAlign":1,"_N$verticalAlign":1,"_N$overflow":2},{"__type__":"cc.LabelOutline","node":{"__id__":25},"_color":{"__type__":"cc.Color","r":180,"g":122,"b":57},"_width":2}],"_prefab":{"__type__":"cc.PrefabInfo","root":{"__id__":1},"asset":{"__uuid__":"6cn3djz7FJ0LPVQuBNhmjS"},"fileId":"ccVot1lQ9NMp4j0U6/LxWh"},"_contentSize":{"__type__":"cc.Size","width":200,"height":60},"_anchorPoint":{"__type__":"cc.Vec2","y":0.5},"_trs":{"__type__":"TypedArray","ctor":"Float64Array","array":[363.649,-98.369,0,0,0,0,1,1,1,1]}},{"__type__":"cc.Node","_name":"roompoint","_parent":{"__id__":1},"_components":[{"__type__":"cc.Label","node":{"__id__":26},"_materials":[{"__uuid__":"ecpdLyjvZBwrvm+cedCcQy"}],"_string":"总分：0","_N$string":"总分：0","_fontSize":24,"_lineHeight":24,"_N$horizontalAlign":1,"_N$verticalAlign":1}],"_prefab":{"__type__":"cc.PrefabInfo","root":{"__id__":1},"asset":{"__uuid__":"6cn3djz7FJ0LPVQuBNhmjS"},"fileId":"5doaZu1vVKv5YWaGYAD4Bv"},"_color":{"__type__":"cc.Color","r":169,"g":17,"b":17},"_contentSize":{"__type__":"cc.Size","width":85.35,"height":30.24},"_anchorPoint":{"__type__":"cc.Vec2","x":1,"y":0.5},"_trs":{"__type__":"TypedArray","ctor":"Float64Array","array":[611,-22.339,0,0,0,0,1,1,1,1]}},{"__type__":"cc.Node","_name":"lb_SportsPoint","_parent":{"__id__":1},"_components":[{"__type__":"cc.Label","node":{"__id__":27},"_materials":[{"__uuid__":"ecpdLyjvZBwrvm+cedCcQy"}],"_useOriginalSize":false,"_string":"比赛分：0","_N$string":"比赛分：0","_fontSize":22,"_lineHeight":22,"_N$horizontalAlign":1,"_N$verticalAlign":1}],"_prefab":{"__type__":"cc.PrefabInfo","root":{"__id__":1},"asset":{"__uuid__":"6cn3djz7FJ0LPVQuBNhmjS"},"fileId":"f8xiUOBvlOYrSlWCaG3afj"},"_color":{"__type__":"cc.Color","r":53,"g":129,"b":3},"_contentSize":{"__type__":"cc.Size","width":100.24,"height":27.72},"_anchorPoint":{"__type__":"cc.Vec2","x":1,"y":0.5},"_trs":{"__type__":"TypedArray","ctor":"Float64Array","array":[624.602,-98.271,0,0,0,0,1,1,1,1]}},{"__type__":"cc.Node","_name":"downcard","_parent":{"__id__":1},"_children":[{"__type__":"cc.Node","_name":"down01","_parent":{"__id__":28},"_active":false,"_prefab":{"__type__":"cc.PrefabInfo","root":{"__id__":1},"asset":{"__uuid__":"6cn3djz7FJ0LPVQuBNhmjS"},"fileId":"75YFqF5NNPTKgapz+u5zl9"},"_trs":{"__type__":"TypedArray","ctor":"Float64Array","array":[0,0,0,0,0,0,1,1,1,1]}}],"_active":false,"_prefab":{"__type__":"cc.PrefabInfo","root":{"__id__":1},"asset":{"__uuid__":"6cn3djz7FJ0LPVQuBNhmjS"},"fileId":"8dtbNEnJFAgYu3zwhPGxNR"},"_trs":{"__type__":"TypedArray","ctor":"Float64Array","array":[0,0,0,0,0,0,1,1,1,1]}},{"__type__":"cc.Node","_name":"New Node","_parent":{"__id__":1},"_prefab":{"__type__":"cc.PrefabInfo","root":{"__id__":1},"asset":{"__uuid__":"6cn3djz7FJ0LPVQuBNhmjS"},"fileId":"c5q4CbTKZF25DCsmnDQZ4Q"},"_contentSize":{"__type__":"cc.Size","width":20,"height":56},"_trs":{"__type__":"TypedArray","ctor":"Float64Array","array":[-450.261,-23.391,0,0,0,0,1,1,1,1]}}],{"__type__":"cc.SpriteFrame","content":{"name":"img_zm","texture":"b447pYIvtAWLrlx7gEQIR8","rect":[0,0,29,94],"offset":[0,0],"originalSize":[29,94],"capInsets":[0,0,0,0]}},{"__type__":"cc.SpriteFrame","content":{"name":"img_piao","texture":"adxm8CCOVOcr5o4bdbHXd+","rect":[0,0,33,33],"offset":[0,0],"originalSize":[33,33],"capInsets":[0,0,0,0]}},{"__type__":"cc.SpriteFrame","content":{"name":"icon_z","texture":"b6pJSXjMlFabEhHZi0Cyop","rect":[0,0,38,39],"offset":[0,0],"originalSize":[38,39],"capInsets":[0,0,0,0]}},{"__type__":"cc.SpriteFrame","content":{"name":"img_xiao","texture":"81caoQS39MxLurnUd7tY+s","rect":[0,0,35,35],"offset":[0,0],"originalSize":[35,35],"capInsets":[0,0,0,0]}},{"__type__":"cc.SpriteFrame","content":{"name":"img_hu","texture":"f2ftAm6qpOerJ6kaiK2EAu","rect":[0,0,84,85],"offset":[0,0],"originalSize":[84,85],"capInsets":[0,0,0,0]}},{"__type__":"cc.SpriteFrame","content":{"name":"morentouxiang","texture":"189664600","rect":[181,652,60,60],"offset":[0,0],"originalSize":[60,60],"capInsets":[0,0,0,0]}},{"__type__":"cc.SpriteFrame","content":{"name":"img_dp","texture":"a6S4gn7tRG1ZEdvW75mHMk","rect":[0,0,29,94],"offset":[0,0],"originalSize":[29,94],"capInsets":[0,0,0,0]}},{"__type__":"cc.SpriteFrame","content":{"name":"personal_female","texture":"4alU+K6y9B1LyE7hn5d0U6","rect":[0,0,24,30],"offset":[0,0],"originalSize":[24,30],"capInsets":[0,0,0,0]}}]