[{"__type__":"cc.SpriteFrame","content":{"name":"btn_lvse","texture":"a9jCHYt29CN4nNfwqCH1sh","rect":[0,0,201,72],"offset":[0,0],"originalSize":[201,72],"capInsets":[0,0,0,0]}},{"__type__":"cc.SpriteFrame","content":{"name":"img_wh","texture":"d3iC7is+NF9ayiUyTcDRHF","rect":[0,0,52,52],"offset":[0,0],"originalSize":[52,52],"capInsets":[0,0,0,0]}},{"__type__":"cc.SpriteFrame","content":{"name":"img_srk","texture":"4fF0MdCJxNAZIBzGY6bjxs","rect":[0,0,278,53],"offset":[0,0],"originalSize":[278,53],"capInsets":[0,0,0,0]}},{"__type__":"cc.SpriteFrame","content":{"name":"default_btn_disabled","texture":"71VhFCTINJM6/Ky3oX9nBT","rect":[0,0,40,40],"offset":[0,0],"originalSize":[40,40],"capInsets":[12,12,12,12]}},{"__type__":"cc.SpriteFrame","content":{"name":"img_tc02","texture":"01bxM71yNIsqjWPx4R/qmf","rect":[0,0,408,146],"offset":[0,0],"originalSize":[408,146],"capInsets":[0,0,0,0]}},{"__type__":"cc.SpriteFrame","content":{"name":"guanbi","texture":"189664600","rect":[2,779,60,66],"offset":[0,0],"originalSize":[60,66],"rotated":1,"capInsets":[0,0,0,0]}},{"__type__":"cc.SpriteFrame","content":{"name":"img_tc01","texture":"c9U+t+qe9Kma7JHEsE5Kge","rect":[0,0,25,21],"offset":[0,0],"originalSize":[25,21],"capInsets":[0,0,0,0]}},{"__type__":"cc.SpriteFrame","content":{"name":"btn_bg1off","texture":"189664600","rect":[2,517,258,94],"offset":[0,0],"originalSize":[258,94],"rotated":1,"capInsets":[0,0,0,0]}},{"__type__":"cc.SpriteFrame","content":{"name":"img_black_60","texture":"e5dLSpyq9NPZ8mPvfDyGXH","rect":[0,0,100,100],"offset":[0,0],"originalSize":[100,100],"capInsets":[0,0,0,0]}},{"__type__":"cc.SpriteFrame","content":{"name":"img_mid_tc","texture":"4asdMjgIdHFY50gLjCBJEI","rect":[0,0,984,607],"offset":[0,0],"originalSize":[984,607],"capInsets":[0,151,0,48]}},{"__type__":"cc.SpriteFrame","content":{"name":"img_t_sqcpz","texture":"2fSuU/ihxMeI8S1gQELgvk","rect":[0,0,235,52],"offset":[0,0],"originalSize":[235,52],"capInsets":[0,0,0,0]}},{"__type__":"cc.SpriteFrame","content":{"name":"img_t_cp","texture":"27OyAyz3dLAJF4UFbN5zjb","rect":[0,0,96,52],"offset":[0,0],"originalSize":[96,52],"capInsets":[0,0,0,0]}},{"__type__":"cc.SpriteFrame","content":{"name":"btn_red_big","texture":"79UwsvWfRLurFzEHxTZ+LV","rect":[0,0,185,61],"offset":[0,0],"originalSize":[185,61],"capInsets":[43,17,31,20]}},{"__type__":"cc.SpriteFrame","content":{"name":"btn_close","texture":"adT+cX5aVEFrD91N8Yp4Db","rect":[0,0,79,80],"offset":[0,0],"originalSize":[79,80],"capInsets":[0,0,0,0]}},[{"__type__":"cc.Prefab","_name":"UIUserSetPL","data":{"__id__":1}},{"__type__":"cc.Node","_name":"UIUserSetPL","_children":[{"__id__":2},{"__id__":3},{"__id__":4},{"__id__":5},{"__id__":6},{"__id__":8},{"__id__":10},{"__id__":12},{"__id__":13},{"__id__":14},{"__id__":18},{"__id__":19},{"__id__":20},{"__id__":21},{"__id__":28}],"_components":[{"__type__":"cc.Widget","node":{"__id__":1},"alignMode":0,"_alignFlags":45,"_left":-100,"_right":-110},{"__type__":"cc.Button","node":{"__id__":1},"_N$normalColor":{"__type__":"cc.Color","r":214,"g":214,"b":214},"_N$target":{"__id__":1}},{"__type__":"c609dFT3w9DmZ7WMhigkWdv","node":{"__id__":1},"ZorderLv":8,"unionTitle":{"__uuid__":"8eh+TXeDVCuJyk2HoeiTbv"},"clubTitle":{"__uuid__":"9dqzTEHolHibhPXfvJeMzh"}}],"_prefab":{"__type__":"cc.PrefabInfo","root":{"__id__":1},"asset":{"__uuid__":"d9hXDgZE9Fxq9qymIVYzLK"},"fileId":"ccb76QTU+dFxZuJZv82D3cZ"},"_contentSize":{"__type__":"cc.Size","width":1570,"height":760},"_trs":{"__type__":"TypedArray","ctor":"Float64Array","array":[685,380,0,0,0,0,1,1,1,1]}},{"__type__":"cc.Node","_name":"bg","_parent":{"__id__":1},"_components":[{"__type__":"cc.Sprite","node":{"__id__":2},"_materials":[{"__uuid__":"ecpdLyjvZBwrvm+cedCcQy"}],"_spriteFrame":{"__uuid__":"86Zf39gLpJiYJ0+npxhZ2d"},"_type":1,"_sizeMode":0},{"__type__":"cc.Widget","node":{"__id__":2},"alignMode":0,"_alignFlags":45,"_originalWidth":1360,"_originalHeight":1020}],"_prefab":{"__type__":"cc.PrefabInfo","root":{"__id__":1},"asset":{"__uuid__":"d9hXDgZE9Fxq9qymIVYzLK"},"fileId":"c0c01OJl9BBv52IoGQ6g11D"},"_contentSize":{"__type__":"cc.Size","width":1570,"height":760},"_trs":{"__type__":"TypedArray","ctor":"Float64Array","array":[0,0,0,0,0,0,1,1,1,1]}},{"__type__":"cc.Node","_name":"bg_create","_parent":{"__id__":1},"_components":[{"__type__":"cc.Sprite","node":{"__id__":3},"_materials":[{"__uuid__":"ecpdLyjvZBwrvm+cedCcQy"}],"_spriteFrame":{"__uuid__":"8dpmteRW9G/LLq8uXEtxQ0"},"_type":1}],"_prefab":{"__type__":"cc.PrefabInfo","root":{"__id__":1},"asset":{"__uuid__":"d9hXDgZE9Fxq9qymIVYzLK"},"fileId":"87adb0bxg1JAIQ0tTLkqH1G"},"_contentSize":{"__type__":"cc.Size","width":984,"height":607},"_trs":{"__type__":"TypedArray","ctor":"Float64Array","array":[0,0,0,0,0,0,1,1,1,1]}},{"__type__":"cc.Node","_name":"img_title","_parent":{"__id__":1},"_components":[{"__type__":"cc.Sprite","node":{"__id__":4},"_materials":[{"__uuid__":"ecpdLyjvZBwrvm+cedCcQy"}],"_spriteFrame":{"__uuid__":"8eh+TXeDVCuJyk2HoeiTbv"}}],"_prefab":{"__type__":"cc.PrefabInfo","root":{"__id__":1},"asset":{"__uuid__":"d9hXDgZE9Fxq9qymIVYzLK"},"fileId":"b7EV5GBeRHjLALZKFodnPI"},"_contentSize":{"__type__":"cc.Size","width":235,"height":52},"_trs":{"__type__":"TypedArray","ctor":"Float64Array","array":[0,259,0,0,0,0,1,1,1,1]}},{"__type__":"cc.Node","_name":"btn_close","_parent":{"__id__":1},"_components":[{"__type__":"cc.Button","node":{"__id__":5},"zoomScale":0.9,"clickEvents":[{"__type__":"cc.ClickEvent","target":{"__id__":1},"_componentId":"c609dFT3w9DmZ7WMhigkWdv","handler":"OnClick_BtnWnd"}],"_N$transition":3,"transition":3,"_N$pressedColor":{"__type__":"cc.Color","r":255,"g":255,"b":255},"pressedColor":{"__type__":"cc.Color","r":255,"g":255,"b":255},"_N$disabledColor":{"__type__":"cc.Color","r":255,"g":255,"b":255},"_N$normalSprite":{"__uuid__":"44LtTCo89GZbVww0gAMaAS"},"_N$pressedSprite":{"__uuid__":"e97GVMl6JHh5Ml5qEDdSGa"},"pressedSprite":{"__uuid__":"e97GVMl6JHh5Ml5qEDdSGa"},"_N$hoverSprite":{"__uuid__":"e97GVMl6JHh5Ml5qEDdSGa"},"hoverSprite":{"__uuid__":"e97GVMl6JHh5Ml5qEDdSGa"},"_N$disabledSprite":{"__uuid__":"29FYIk+N1GYaeWH/q1NxQO"},"_N$target":{"__id__":5}},{"__type__":"cc.Sprite","node":{"__id__":5},"_materials":[{"__uuid__":"ecpdLyjvZBwrvm+cedCcQy"}],"_spriteFrame":{"__uuid__":"d9ZhflMOxHW7JHl9dya866"}}],"_prefab":{"__type__":"cc.PrefabInfo","root":{"__id__":1},"asset":{"__uuid__":"d9hXDgZE9Fxq9qymIVYzLK"},"fileId":"317ae7uOQRBTJB5jgHjmIma"},"_contentSize":{"__type__":"cc.Size","width":79,"height":80},"_trs":{"__type__":"TypedArray","ctor":"Float64Array","array":[475,247,0,0,0,0,1,1,1,1]}},{"__type__":"cc.Node","_name":"btn_Add","_parent":{"__id__":1},"_children":[{"__id__":7}],"_components":[{"__type__":"cc.Button","node":{"__id__":6},"zoomScale":0.9,"clickEvents":[{"__type__":"cc.ClickEvent","target":{"__id__":1},"_componentId":"c609dFT3w9DmZ7WMhigkWdv","handler":"OnClick_BtnWnd"}],"_N$transition":3,"transition":3,"_N$pressedColor":{"__type__":"cc.Color","r":255,"g":255,"b":255},"pressedColor":{"__type__":"cc.Color","r":255,"g":255,"b":255},"_N$disabledColor":{"__type__":"cc.Color","r":255,"g":255,"b":255},"_N$normalSprite":{"__uuid__":"71zh05oHZMTpCEN893HoJJ"},"_N$pressedSprite":{"__uuid__":"e97GVMl6JHh5Ml5qEDdSGa"},"pressedSprite":{"__uuid__":"e97GVMl6JHh5Ml5qEDdSGa"},"_N$hoverSprite":{"__uuid__":"e97GVMl6JHh5Ml5qEDdSGa"},"hoverSprite":{"__uuid__":"e97GVMl6JHh5Ml5qEDdSGa"},"_N$disabledSprite":{"__uuid__":"29FYIk+N1GYaeWH/q1NxQO"},"_N$target":{"__id__":6}},{"__type__":"cc.Sprite","node":{"__id__":6},"_materials":[{"__uuid__":"ecpdLyjvZBwrvm+cedCcQy"}],"_spriteFrame":{"__uuid__":"fbjFkeohdGk6AIbf09wOgZ"}}],"_prefab":{"__type__":"cc.PrefabInfo","root":{"__id__":1},"asset":{"__uuid__":"d9hXDgZE9Fxq9qymIVYzLK"},"fileId":"f864c8/LqlC2aAmWGrCdD0x"},"_contentSize":{"__type__":"cc.Size","width":201,"height":72},"_trs":{"__type__":"TypedArray","ctor":"Float64Array","array":[-200,-158,0,0,0,0,1,1,1,1]}},{"__type__":"cc.Node","_name":"lb_btnName","_parent":{"__id__":6},"_components":[{"__type__":"cc.Label","node":{"__id__":7},"_materials":[{"__uuid__":"ecpdLyjvZBwrvm+cedCcQy"}],"_useOriginalSize":false,"_string":"增  加","_N$string":"增  加","_lineHeight":45,"_N$file":{"__uuid__":"5f5wQekV1CGpJW2meZozWn"},"_isSystemFontUsed":false,"_N$horizontalAlign":1,"_N$verticalAlign":1},{"__type__":"cc.LabelOutline","node":{"__id__":7},"_color":{"__type__":"cc.Color","r":169,"g":93},"_width":2}],"_prefab":{"__type__":"cc.PrefabInfo","root":{"__id__":1},"asset":{"__uuid__":"d9hXDgZE9Fxq9qymIVYzLK"},"fileId":"9aed9bHbqZOQo998gZSptsJ"},"_contentSize":{"__type__":"cc.Size","width":105.25,"height":60.7},"_trs":{"__type__":"TypedArray","ctor":"Float64Array","array":[0,3,0,0,0,0,1,1,1,1]}},{"__type__":"cc.Node","_name":"btn_Del","_parent":{"__id__":1},"_children":[{"__id__":9}],"_components":[{"__type__":"cc.Button","node":{"__id__":8},"zoomScale":0.9,"clickEvents":[{"__type__":"cc.ClickEvent","target":{"__id__":1},"_componentId":"c609dFT3w9DmZ7WMhigkWdv","handler":"OnClick_BtnWnd"}],"_N$transition":3,"transition":3,"_N$pressedColor":{"__type__":"cc.Color","r":255,"g":255,"b":255},"pressedColor":{"__type__":"cc.Color","r":255,"g":255,"b":255},"_N$disabledColor":{"__type__":"cc.Color","r":255,"g":255,"b":255},"_N$normalSprite":{"__uuid__":"71zh05oHZMTpCEN893HoJJ"},"_N$pressedSprite":{"__uuid__":"e97GVMl6JHh5Ml5qEDdSGa"},"pressedSprite":{"__uuid__":"e97GVMl6JHh5Ml5qEDdSGa"},"_N$hoverSprite":{"__uuid__":"e97GVMl6JHh5Ml5qEDdSGa"},"hoverSprite":{"__uuid__":"e97GVMl6JHh5Ml5qEDdSGa"},"_N$disabledSprite":{"__uuid__":"29FYIk+N1GYaeWH/q1NxQO"},"_N$target":{"__id__":8}},{"__type__":"cc.Sprite","node":{"__id__":8},"_materials":[{"__uuid__":"ecpdLyjvZBwrvm+cedCcQy"}],"_spriteFrame":{"__uuid__":"03quzeWOhOz4Ezb2guQtAO"}}],"_prefab":{"__type__":"cc.PrefabInfo","root":{"__id__":1},"asset":{"__uuid__":"d9hXDgZE9Fxq9qymIVYzLK"},"fileId":"feV/35/M9HNL2GCC4KKBZV"},"_contentSize":{"__type__":"cc.Size","width":201,"height":72},"_trs":{"__type__":"TypedArray","ctor":"Float64Array","array":[200,-158,0,0,0,0,1,1,1,1]}},{"__type__":"cc.Node","_name":"lb_btnName","_parent":{"__id__":8},"_components":[{"__type__":"cc.Label","node":{"__id__":9},"_materials":[{"__uuid__":"ecpdLyjvZBwrvm+cedCcQy"}],"_useOriginalSize":false,"_string":"减  少","_N$string":"减  少","_lineHeight":45,"_N$file":{"__uuid__":"5f5wQekV1CGpJW2meZozWn"},"_isSystemFontUsed":false,"_N$horizontalAlign":1,"_N$verticalAlign":1},{"__type__":"cc.LabelOutline","node":{"__id__":9},"_color":{"__type__":"cc.Color","r":24,"g":88,"b":46},"_width":2}],"_prefab":{"__type__":"cc.PrefabInfo","root":{"__id__":1},"asset":{"__uuid__":"d9hXDgZE9Fxq9qymIVYzLK"},"fileId":"03s1QsolVAq5CVHsKe8MxH"},"_contentSize":{"__type__":"cc.Size","width":105.25,"height":60.7},"_trs":{"__type__":"TypedArray","ctor":"Float64Array","array":[0,3,0,0,0,0,1,1,1,1]}},{"__type__":"cc.Node","_name":"btn_tuisai","_parent":{"__id__":1},"_children":[{"__id__":11}],"_components":[{"__type__":"cc.Button","node":{"__id__":10},"zoomScale":0.9,"clickEvents":[{"__type__":"cc.ClickEvent","target":{"__id__":1},"_componentId":"c609dFT3w9DmZ7WMhigkWdv","handler":"OnClick_BtnWnd"}],"_N$transition":3,"transition":3,"_N$pressedColor":{"__type__":"cc.Color","r":255,"g":255,"b":255},"pressedColor":{"__type__":"cc.Color","r":255,"g":255,"b":255},"_N$disabledColor":{"__type__":"cc.Color","r":255,"g":255,"b":255},"_N$normalSprite":{"__uuid__":"71zh05oHZMTpCEN893HoJJ"},"_N$pressedSprite":{"__uuid__":"e97GVMl6JHh5Ml5qEDdSGa"},"pressedSprite":{"__uuid__":"e97GVMl6JHh5Ml5qEDdSGa"},"_N$hoverSprite":{"__uuid__":"e97GVMl6JHh5Ml5qEDdSGa"},"hoverSprite":{"__uuid__":"e97GVMl6JHh5Ml5qEDdSGa"},"_N$disabledSprite":{"__uuid__":"29FYIk+N1GYaeWH/q1NxQO"},"_N$target":{"__id__":10}},{"__type__":"cc.Sprite","node":{"__id__":10},"_materials":[{"__uuid__":"ecpdLyjvZBwrvm+cedCcQy"}],"_spriteFrame":{"__uuid__":"b6qwsD319CEbedXwlvinUz"}}],"_prefab":{"__type__":"cc.PrefabInfo","root":{"__id__":1},"asset":{"__uuid__":"d9hXDgZE9Fxq9qymIVYzLK"},"fileId":"9bHbBOYuhKH7pCnoBsG8mW"},"_contentSize":{"__type__":"cc.Size","width":185,"height":61},"_trs":{"__type__":"TypedArray","ctor":"Float64Array","array":[350.297,-15.165,0,0,0,0,1,1,1,1]}},{"__type__":"cc.Node","_name":"lb_btnName","_parent":{"__id__":10},"_components":[{"__type__":"cc.Label","node":{"__id__":11},"_materials":[{"__uuid__":"ecpdLyjvZBwrvm+cedCcQy"}],"_useOriginalSize":false,"_string":"清零退赛","_N$string":"清零退赛","_fontSize":35,"_lineHeight":45,"_N$file":{"__uuid__":"5f5wQekV1CGpJW2meZozWn"},"_isSystemFontUsed":false,"_N$horizontalAlign":1,"_N$verticalAlign":1},{"__type__":"cc.LabelOutline","node":{"__id__":11},"_color":{"__type__":"cc.Color","r":34,"g":15,"b":15},"_width":2}],"_prefab":{"__type__":"cc.PrefabInfo","root":{"__id__":1},"asset":{"__uuid__":"d9hXDgZE9Fxq9qymIVYzLK"},"fileId":"bfOqoHzDBEgrBxT+rH8MNF"},"_contentSize":{"__type__":"cc.Size","width":144,"height":60.7},"_trs":{"__type__":"TypedArray","ctor":"Float64Array","array":[0,3,0,0,0,0,1,1,1,1]}},{"__type__":"cc.Node","_name":"lb_owerPL","_parent":{"__id__":1},"_components":[{"__type__":"cc.Label","node":{"__id__":12},"_materials":[{"__uuid__":"ecpdLyjvZBwrvm+cedCcQy"}],"_useOriginalSize":false,"_string":"您当前拥有比赛分：123456","_N$string":"您当前拥有比赛分：123456","_fontSize":28,"_lineHeight":28,"_N$file":{"__uuid__":"5f5wQekV1CGpJW2meZozWn"},"_isSystemFontUsed":false,"_N$horizontalAlign":1,"_N$verticalAlign":1}],"_prefab":{"__type__":"cc.PrefabInfo","root":{"__id__":1},"asset":{"__uuid__":"d9hXDgZE9Fxq9qymIVYzLK"},"fileId":"2eXX4//T1F1aSyi6f8loEP"},"_color":{"__type__":"cc.Color","r":112,"g":93,"b":82},"_contentSize":{"__type__":"cc.Size","width":342.13,"height":35.28},"_trs":{"__type__":"TypedArray","ctor":"Float64Array","array":[0,-222.143,0,0,0,0,1,1,1,1]}},{"__type__":"cc.Node","_name":"lb_tip","_parent":{"__id__":1},"_components":[{"__type__":"cc.Label","node":{"__id__":13},"_materials":[{"__uuid__":"ecpdLyjvZBwrvm+cedCcQy"}],"_useOriginalSize":false,"_string":"请在下方输入修改值：","_N$string":"请在下方输入修改值：","_fontSize":36,"_N$file":{"__uuid__":"5f5wQekV1CGpJW2meZozWn"},"_isSystemFontUsed":false,"_N$horizontalAlign":1,"_N$verticalAlign":1}],"_prefab":{"__type__":"cc.PrefabInfo","root":{"__id__":1},"asset":{"__uuid__":"d9hXDgZE9Fxq9qymIVYzLK"},"fileId":"90JtEzC9NDFZiPnBU7VG+F"},"_color":{"__type__":"cc.Color","r":112,"g":93,"b":82},"_contentSize":{"__type__":"cc.Size","width":360,"height":50.4},"_trs":{"__type__":"TypedArray","ctor":"Float64Array","array":[-172.19,57.143,0,0,0,0,1,1,1,1]}},{"__type__":"cc.Node","_name":"lb_TargetPL","_parent":{"__id__":1},"_children":[{"__id__":15},{"__id__":16},{"__id__":17}],"_components":[{"__type__":"cc.RichText","node":{"__id__":14},"_isSystemFontUsed":false,"_N$string":"<color=#705d52>授权</c><color=#f8772c>玩家昵称（ID：123456）</color><color=#705d52>可裁判的比赛分</c>","_N$fontSize":36,"_N$font":{"__uuid__":"5f5wQekV1CGpJW2meZozWn"},"_N$lineHeight":50}],"_prefab":{"__type__":"cc.PrefabInfo","root":{"__id__":1},"asset":{"__uuid__":"d9hXDgZE9Fxq9qymIVYzLK"},"fileId":"f410t5wEREVKGnQ8jH5Lf6"},"_contentSize":{"__type__":"cc.Size","width":724.36,"height":63},"_anchorPoint":{"__type__":"cc.Vec2","y":0.5},"_trs":{"__type__":"TypedArray","ctor":"Float64Array","array":[-348.19,116.429,0,0,0,0,1,1,1,1]}},{"__type__":"cc.PrivateNode","_name":"RICHTEXT_CHILD","_objFlags":1024,"_parent":{"__id__":14},"_components":[{"__type__":"cc.Label","node":{"__id__":15},"_materials":[{"__uuid__":"ecpdLyjvZBwrvm+cedCcQy"}],"_string":"授权","_N$string":"授权","_fontSize":36,"_lineHeight":50,"_N$file":{"__uuid__":"5f5wQekV1CGpJW2meZozWn"},"_isSystemFontUsed":false,"_N$verticalAlign":1}],"_prefab":{"__type__":"cc.PrefabInfo","root":{"__id__":1},"asset":{"__uuid__":"d9hXDgZE9Fxq9qymIVYzLK"},"fileId":"eb2/t0J/dFnI40KvxaHoae"},"_color":{"__type__":"cc.Color","r":112,"g":93,"b":82},"_contentSize":{"__type__":"cc.Size","width":72,"height":63},"_anchorPoint":{"__type__":"cc.Vec2"},"_trs":{"__type__":"TypedArray","ctor":"Float64Array","array":[0,-31.5,0,0,0,0,1,1,1,1]},"_zIndex":-32768},{"__type__":"cc.PrivateNode","_name":"RICHTEXT_CHILD","_objFlags":1024,"_parent":{"__id__":14},"_components":[{"__type__":"cc.Label","node":{"__id__":16},"_materials":[{"__uuid__":"ecpdLyjvZBwrvm+cedCcQy"}],"_string":"玩家昵称（ID：123456）","_N$string":"玩家昵称（ID：123456）","_fontSize":36,"_lineHeight":50,"_N$file":{"__uuid__":"5f5wQekV1CGpJW2meZozWn"},"_isSystemFontUsed":false,"_N$verticalAlign":1}],"_prefab":{"__type__":"cc.PrefabInfo","root":{"__id__":1},"asset":{"__uuid__":"d9hXDgZE9Fxq9qymIVYzLK"},"fileId":"ad9TCYHBdGk6JOL+3p6S5r"},"_color":{"__type__":"cc.Color","r":248,"g":119,"b":44},"_contentSize":{"__type__":"cc.Size","width":400.36,"height":63},"_anchorPoint":{"__type__":"cc.Vec2"},"_trs":{"__type__":"TypedArray","ctor":"Float64Array","array":[72,-31.5,0,0,0,0,1,1,1,1]},"_zIndex":-32768},{"__type__":"cc.PrivateNode","_name":"RICHTEXT_CHILD","_objFlags":1024,"_parent":{"__id__":14},"_components":[{"__type__":"cc.Label","node":{"__id__":17},"_materials":[{"__uuid__":"ecpdLyjvZBwrvm+cedCcQy"}],"_string":"可裁判的比赛分","_N$string":"可裁判的比赛分","_fontSize":36,"_lineHeight":50,"_N$file":{"__uuid__":"5f5wQekV1CGpJW2meZozWn"},"_isSystemFontUsed":false,"_N$verticalAlign":1}],"_prefab":{"__type__":"cc.PrefabInfo","root":{"__id__":1},"asset":{"__uuid__":"d9hXDgZE9Fxq9qymIVYzLK"},"fileId":"65yAJLmyBBRJXUA1AisrFE"},"_color":{"__type__":"cc.Color","r":112,"g":93,"b":82},"_contentSize":{"__type__":"cc.Size","width":252,"height":63},"_anchorPoint":{"__type__":"cc.Vec2"},"_trs":{"__type__":"TypedArray","ctor":"Float64Array","array":[472.36,-31.5,0,0,0,0,1,1,1,1]},"_zIndex":-32768},{"__type__":"cc.Node","_name":"lb_curPL","_parent":{"__id__":1},"_components":[{"__type__":"cc.Label","node":{"__id__":18},"_materials":[{"__uuid__":"ecpdLyjvZBwrvm+cedCcQy"}],"_useOriginalSize":false,"_string":"该玩家当前拥有比赛分：123456","_N$string":"该玩家当前拥有比赛分：123456","_fontSize":28,"_lineHeight":28,"_N$file":{"__uuid__":"5f5wQekV1CGpJW2meZozWn"},"_isSystemFontUsed":false,"_N$horizontalAlign":1,"_N$verticalAlign":1}],"_prefab":{"__type__":"cc.PrefabInfo","root":{"__id__":1},"asset":{"__uuid__":"d9hXDgZE9Fxq9qymIVYzLK"},"fileId":"2d8MU2Vk1Aj7H8zpKaJyl+"},"_color":{"__type__":"cc.Color","r":112,"g":93,"b":82},"_contentSize":{"__type__":"cc.Size","width":398.13,"height":35.28},"_trs":{"__type__":"TypedArray","ctor":"Float64Array","array":[0,-75,0,0,0,0,1,1,1,1]}},{"__type__":"cc.Node","_name":"lb_tip_1","_parent":{"__id__":1},"_components":[{"__type__":"cc.Label","node":{"__id__":19},"_materials":[{"__uuid__":"ecpdLyjvZBwrvm+cedCcQy"}],"_useOriginalSize":false,"_string":"注：授权后该玩家可对其他玩家使用裁判功能，补偿或扣除其他玩家异常比赛分","_N$string":"注：授权后该玩家可对其他玩家使用裁判功能，补偿或扣除其他玩家异常比赛分","_fontSize":22,"_lineHeight":28,"_N$file":{"__uuid__":"5f5wQekV1CGpJW2meZozWn"},"_isSystemFontUsed":false,"_N$horizontalAlign":1,"_N$verticalAlign":1}],"_prefab":{"__type__":"cc.PrefabInfo","root":{"__id__":1},"asset":{"__uuid__":"d9hXDgZE9Fxq9qymIVYzLK"},"fileId":"0e+FOi02xML7XBiC4GW7gp"},"_color":{"__type__":"cc.Color","r":138,"g":55},"_contentSize":{"__type__":"cc.Size","width":770,"height":35.28},"_trs":{"__type__":"TypedArray","ctor":"Float64Array","array":[0,-264.048,0,0,0,0,1,1,1,1]}},{"__type__":"cc.Node","_name":"btn_help","_parent":{"__id__":1},"_components":[{"__type__":"cc.Button","node":{"__id__":20},"zoomScale":0.9,"clickEvents":[{"__type__":"cc.ClickEvent","target":{"__id__":1},"_componentId":"c609dFT3w9DmZ7WMhigkWdv","handler":"OnClick_BtnWnd"}],"_N$transition":3,"transition":3,"_N$pressedColor":{"__type__":"cc.Color","r":255,"g":255,"b":255},"pressedColor":{"__type__":"cc.Color","r":255,"g":255,"b":255},"_N$disabledColor":{"__type__":"cc.Color","r":255,"g":255,"b":255},"_N$normalSprite":{"__uuid__":"71zh05oHZMTpCEN893HoJJ"},"_N$pressedSprite":{"__uuid__":"e97GVMl6JHh5Ml5qEDdSGa"},"pressedSprite":{"__uuid__":"e97GVMl6JHh5Ml5qEDdSGa"},"_N$hoverSprite":{"__uuid__":"e97GVMl6JHh5Ml5qEDdSGa"},"hoverSprite":{"__uuid__":"e97GVMl6JHh5Ml5qEDdSGa"},"_N$disabledSprite":{"__uuid__":"29FYIk+N1GYaeWH/q1NxQO"},"_N$target":{"__id__":20}},{"__type__":"cc.Sprite","node":{"__id__":20},"_materials":[{"__uuid__":"ecpdLyjvZBwrvm+cedCcQy"}],"_spriteFrame":{"__uuid__":"070RUFx+5NW5mhhErCzDj2"}}],"_prefab":{"__type__":"cc.PrefabInfo","root":{"__id__":1},"asset":{"__uuid__":"d9hXDgZE9Fxq9qymIVYzLK"},"fileId":"aaSEyghslDOoqMzmdyuhnL"},"_contentSize":{"__type__":"cc.Size","width":52,"height":52},"_trs":{"__type__":"TypedArray","ctor":"Float64Array","array":[434.286,163.904,0,0,0,0,1,1,1,1]}},{"__type__":"cc.Node","_name":"PLEditBox","_parent":{"__id__":1},"_children":[{"__id__":22},{"__id__":24},{"__id__":26}],"_components":[{"__type__":"cc.EditBox","node":{"__id__":21},"_useOriginalSize":false,"maxLength":8,"_N$textLabel":{"__id__":25},"_N$placeholderLabel":{"__id__":27},"_N$background":{"__id__":23},"_N$inputMode":2}],"_prefab":{"__type__":"cc.PrefabInfo","root":{"__id__":1},"asset":{"__uuid__":"d9hXDgZE9Fxq9qymIVYzLK"},"fileId":"5fMjF/+GdLCYIDxRhkCwd+"},"_contentSize":{"__type__":"cc.Size","width":460,"height":64},"_trs":{"__type__":"TypedArray","ctor":"Float64Array","array":[0,-13,0,0,0,0,1,1,1,1]}},{"__type__":"cc.Node","_name":"BACKGROUND_SPRITE","_parent":{"__id__":21},"_components":[{"__id__":23}],"_prefab":{"__type__":"cc.PrefabInfo","root":{"__id__":1},"asset":{"__uuid__":"d9hXDgZE9Fxq9qymIVYzLK"},"fileId":"baPUMIwfxC5q/Zqv4vmQ5/"},"_contentSize":{"__type__":"cc.Size","width":460,"height":64},"_trs":{"__type__":"TypedArray","ctor":"Float64Array","array":[0,0,0,0,0,0,1,1,1,1]}},{"__type__":"cc.Sprite","node":{"__id__":22},"_materials":[{"__uuid__":"ecpdLyjvZBwrvm+cedCcQy"}],"_spriteFrame":{"__uuid__":"1aLT1VVMRM/KGRIWp3Uinq"},"_type":1,"_sizeMode":0},{"__type__":"cc.Node","_name":"TEXT_LABEL","_parent":{"__id__":21},"_active":false,"_components":[{"__id__":25}],"_prefab":{"__type__":"cc.PrefabInfo","root":{"__id__":1},"asset":{"__uuid__":"d9hXDgZE9Fxq9qymIVYzLK"},"fileId":"44380dStVFvqMaAvxojsam"},"_color":{"__type__":"cc.Color","r":112,"g":93,"b":82},"_contentSize":{"__type__":"cc.Size","width":458,"height":64},"_anchorPoint":{"__type__":"cc.Vec2","y":1},"_trs":{"__type__":"TypedArray","ctor":"Float64Array","array":[-228,32,0,0,0,0,1,1,1,1]}},{"__type__":"cc.Label","node":{"__id__":24},"_fontSize":36,"_enableWrapText":false,"_N$verticalAlign":1,"_N$overflow":1},{"__type__":"cc.Node","_name":"PLACEHOLDER_LABEL","_parent":{"__id__":21},"_components":[{"__id__":27}],"_prefab":{"__type__":"cc.PrefabInfo","root":{"__id__":1},"asset":{"__uuid__":"d9hXDgZE9Fxq9qymIVYzLK"},"fileId":"bewb9yqNlN7rSig4SPJEXp"},"_color":{"__type__":"cc.Color","r":167,"g":159,"b":141},"_contentSize":{"__type__":"cc.Size","width":458,"height":64},"_anchorPoint":{"__type__":"cc.Vec2","y":1},"_trs":{"__type__":"TypedArray","ctor":"Float64Array","array":[-228,32,0,0,0,0,1,1,1,1]}},{"__type__":"cc.Label","node":{"__id__":26},"_materials":[{"__uuid__":"ecpdLyjvZBwrvm+cedCcQy"}],"_string":"请输入修改值的比赛分","_N$string":"请输入修改值的比赛分","_fontSize":36,"_lineHeight":64,"_enableWrapText":false,"_N$verticalAlign":1,"_N$overflow":1},{"__type__":"cc.Node","_name":"helpNode","_parent":{"__id__":1},"_children":[{"__id__":29},{"__id__":30},{"__id__":31}],"_active":false,"_prefab":{"__type__":"cc.PrefabInfo","root":{"__id__":1},"asset":{"__uuid__":"d9hXDgZE9Fxq9qymIVYzLK"},"fileId":"c7IzA0RxlEcK0VIrkd8kbU"},"_trs":{"__type__":"TypedArray","ctor":"Float64Array","array":[0,0,0,0,0,0,1,1,1,1]}},{"__type__":"cc.Node","_name":"img_tc02","_parent":{"__id__":28},"_components":[{"__type__":"cc.Sprite","node":{"__id__":29},"_materials":[{"__uuid__":"ecpdLyjvZBwrvm+cedCcQy"}],"_spriteFrame":{"__uuid__":"3dsioG8aRFnJSgYD05O2hY"}}],"_prefab":{"__type__":"cc.PrefabInfo","root":{"__id__":1},"asset":{"__uuid__":"d9hXDgZE9Fxq9qymIVYzLK"},"fileId":"d2bWLaj+NIGr9KKUdRVGuP"},"_contentSize":{"__type__":"cc.Size","width":408,"height":146},"_trs":{"__type__":"TypedArray","ctor":"Float64Array","array":[250.387,49.746,0,0,0,0,1,1,1,1]}},{"__type__":"cc.Node","_name":"img_tc01","_parent":{"__id__":28},"_components":[{"__type__":"cc.Sprite","node":{"__id__":30},"_materials":[{"__uuid__":"ecpdLyjvZBwrvm+cedCcQy"}],"_spriteFrame":{"__uuid__":"6b6oNm38dLgYGkskwk08Qi"}}],"_prefab":{"__type__":"cc.PrefabInfo","root":{"__id__":1},"asset":{"__uuid__":"d9hXDgZE9Fxq9qymIVYzLK"},"fileId":"0eydi1X7tGTb1JrnXKi6hz"},"_contentSize":{"__type__":"cc.Size","width":25,"height":21},"_trs":{"__type__":"TypedArray","ctor":"Float64Array","array":[416.206,132.564,0,0,0,0,1,1,1,1]}},{"__type__":"cc.Node","_name":"lb_tip_1","_parent":{"__id__":28},"_components":[{"__type__":"cc.Label","node":{"__id__":31},"_materials":[{"__uuid__":"ecpdLyjvZBwrvm+cedCcQy"}],"_useOriginalSize":false,"_string":"若查实用户在比赛中存在异常行为，可使用裁判功能对其比赛分进行处罚或补偿，修改后可能影响到该用户的最终排名","_N$string":"若查实用户在比赛中存在异常行为，可使用裁判功能对其比赛分进行处罚或补偿，修改后可能影响到该用户的最终排名","_fontSize":22,"_lineHeight":28,"_N$file":{"__uuid__":"5f5wQekV1CGpJW2meZozWn"},"_isSystemFontUsed":false,"_N$overflow":3}],"_prefab":{"__type__":"cc.PrefabInfo","root":{"__id__":1},"asset":{"__uuid__":"d9hXDgZE9Fxq9qymIVYzLK"},"fileId":"9e1DEVo3RCFIML4VMGfk1h"},"_contentSize":{"__type__":"cc.Size","width":370,"height":119.28},"_trs":{"__type__":"TypedArray","ctor":"Float64Array","array":[249.046,53.234,0,0,0,0,1,1,1,1]}}],{"__type__":"cc.SpriteFrame","content":{"name":"default_btn_pressed","texture":"b4P/PCArtIdIH38t6mlw8Y","rect":[0,0,40,40],"offset":[0,0],"originalSize":[40,40],"capInsets":[12,12,12,12]}},{"__type__":"cc.SpriteFrame","content":{"name":"btn_chengse","texture":"2bsE7oiwBLCrzGom9U1M53","rect":[0,0,201,72],"offset":[0,0],"originalSize":[201,72],"capInsets":[0,0,0,0]}}]