[{"__type__":"cc.SpriteFrame","content":{"name":"touxiang","texture":"1dtYXu39lEWY7F/BhMxsaC","rect":[0,0,73,73],"offset":[0,0],"originalSize":[73,73],"capInsets":[0,0,0,0]}},{"__type__":"cc.SpriteFrame","content":{"name":"img_srk","texture":"4fF0MdCJxNAZIBzGY6bjxs","rect":[0,0,278,53],"offset":[0,0],"originalSize":[278,53],"capInsets":[0,0,0,0]}},{"__type__":"cc.SpriteFrame","content":{"name":"icon_tx46_di","texture":"3aM5LgSNRASbR91sVOY9ff","rect":[0,0,70,70],"offset":[0,0],"originalSize":[70,70],"capInsets":[0,0,0,0]}},{"__type__":"cc.SpriteFrame","content":{"name":"img_di","texture":"18AL8Ic8REO7R2lD0ALKtq","rect":[0,0,67,26],"offset":[0,0],"originalSize":[67,26],"capInsets":[0,0,0,0]}},{"__type__":"cc.SpriteFrame","content":{"name":"bg_waf_di","texture":"99xc5rsi1NxZhHnFU+TgCK","rect":[0,0,222,176],"offset":[0,0],"originalSize":[222,176],"capInsets":[0,0,0,0]}},{"__type__":"cc.SpriteFrame","content":{"name":"chair_5_3","texture":"09a4exHilEWoTY70YkLQcC","rect":[16,37,90,120],"offset":[1.5,-8.5],"originalSize":[119,177],"capInsets":[0,0,0,0]}},{"__type__":"cc.SpriteFrame","content":{"name":"chair_5_2","texture":"64k8FZbpVG6I7COV/qfPcF","rect":[17,28,87,137],"offset":[1,-8],"originalSize":[119,177],"capInsets":[0,0,0,0]}},{"__type__":"cc.SpriteFrame","content":{"name":"img_sai","texture":"c50IItukNEn7Yqxak0WzZP","rect":[0,0,17,22],"offset":[0,0],"originalSize":[17,22],"capInsets":[0,0,0,0]}},{"__type__":"cc.SpriteFrame","content":{"name":"guntong","texture":"80584bXm5FDrvRpiiln+44","rect":[62,8,318,206],"offset":[3,-2.5],"originalSize":[436,217],"capInsets":[0,0,0,0]}},{"__type__":"cc.SpriteFrame","content":{"name":"chair_5_1","texture":"1e9aRMzmpMMKDbNtlDqTpY","rect":[9,27,103,141],"offset":[1,-9],"originalSize":[119,177],"capInsets":[0,0,0,0]}},{"__type__":"cc.SpriteFrame","content":{"name":"chair_5_4","texture":"eeI72RGkxClKMvNF9Kou+a","rect":[3,32,116,135],"offset":[1.5,-11],"originalSize":[119,177],"capInsets":[0,0,0,0]}},{"__type__":"cc.SpriteFrame","content":{"name":"btn_xq","texture":"c69N1JykRJW4vzrotkn25U","rect":[0,0,95,44],"offset":[0,0],"originalSize":[95,44],"capInsets":[0,0,0,0]}},{"__type__":"cc.SpriteFrame","content":{"name":"lixianzhong","texture":"f2JKq4S3hIkL+5GWwbxyBP","rect":[0,0,66,24],"offset":[0,0],"originalSize":[66,24],"capInsets":[0,0,0,0]}},[{"__type__":"cc.Prefab","_name":"demo_new8","data":{"__id__":1}},{"__type__":"cc.Node","_name":"demo_new8","_children":[{"__id__":2},{"__id__":3},{"__id__":4},{"__id__":5},{"__id__":6},{"__id__":7},{"__id__":8},{"__id__":9},{"__id__":10},{"__id__":11},{"__id__":12},{"__id__":77},{"__id__":78},{"__id__":79},{"__id__":80},{"__id__":82},{"__id__":83},{"__id__":85},{"__id__":86}],"_components":[{"__type__":"cc.Button","node":{"__id__":1}}],"_prefab":{"__type__":"cc.PrefabInfo","root":{"__id__":1},"asset":{"__uuid__":"a3/m23DNNAuqUaeW8BrYh3"},"fileId":"d3D78gDWNAa7wXiEnn+mWr"},"_contentSize":{"__type__":"cc.Size","width":324,"height":255},"_trs":{"__type__":"TypedArray","ctor":"Float64Array","array":[0,0,0,0,0,0,1,1,1,1]}},{"__type__":"cc.Node","_name":"chair_5_1","_parent":{"__id__":1},"_components":[{"__type__":"cc.Sprite","node":{"__id__":2},"_materials":[{"__uuid__":"ecpdLyjvZBwrvm+cedCcQy"}],"_spriteFrame":{"__uuid__":"76ycH15IxKZ6SoNWWPvyY+"}}],"_prefab":{"__type__":"cc.PrefabInfo","root":{"__id__":1},"asset":{"__uuid__":"a3/m23DNNAuqUaeW8BrYh3"},"fileId":"f6cLtjteFGGYnrqNFL3Ovu"},"_contentSize":{"__type__":"cc.Size","width":103,"height":141},"_trs":{"__type__":"TypedArray","ctor":"Float64Array","array":[-132.254,58.317,0,0,0,0,1,1,1,1]}},{"__type__":"cc.Node","_name":"chair_5_1 copy","_parent":{"__id__":1},"_components":[{"__type__":"cc.Sprite","node":{"__id__":3},"_materials":[{"__uuid__":"ecpdLyjvZBwrvm+cedCcQy"}],"_spriteFrame":{"__uuid__":"76ycH15IxKZ6SoNWWPvyY+"}}],"_prefab":{"__type__":"cc.PrefabInfo","root":{"__id__":1},"asset":{"__uuid__":"a3/m23DNNAuqUaeW8BrYh3"},"fileId":"c5CdY+0mhH0ZEXGZlFREG5"},"_contentSize":{"__type__":"cc.Size","width":103,"height":141},"_trs":{"__type__":"TypedArray","ctor":"Float64Array","array":[132,58.317,0,0,0,0,1,-1,1,1]}},{"__type__":"cc.Node","_name":"chair_5_2","_parent":{"__id__":1},"_components":[{"__type__":"cc.Sprite","node":{"__id__":4},"_materials":[{"__uuid__":"ecpdLyjvZBwrvm+cedCcQy"}],"_spriteFrame":{"__uuid__":"57fNQQllhINboJASKzZjla"}}],"_prefab":{"__type__":"cc.PrefabInfo","root":{"__id__":1},"asset":{"__uuid__":"a3/m23DNNAuqUaeW8BrYh3"},"fileId":"747OZsodNL4I2phT5kHlpy"},"_contentSize":{"__type__":"cc.Size","width":87,"height":137},"_trs":{"__type__":"TypedArray","ctor":"Float64Array","array":[-46.183,80.185,0,0,0,0,1,1,1,1]}},{"__type__":"cc.Node","_name":"chair_5_2 copy","_parent":{"__id__":1},"_components":[{"__type__":"cc.Sprite","node":{"__id__":5},"_materials":[{"__uuid__":"ecpdLyjvZBwrvm+cedCcQy"}],"_spriteFrame":{"__uuid__":"57fNQQllhINboJASKzZjla"}}],"_prefab":{"__type__":"cc.PrefabInfo","root":{"__id__":1},"asset":{"__uuid__":"a3/m23DNNAuqUaeW8BrYh3"},"fileId":"41XMpVWRVOzboNDOo4zlcP"},"_contentSize":{"__type__":"cc.Size","width":87,"height":137},"_trs":{"__type__":"TypedArray","ctor":"Float64Array","array":[50.141,80.185,0,0,0,0,1,1,1,1]}},{"__type__":"cc.Node","_name":"bg_table_color_dazhuo","_parent":{"__id__":1},"_components":[{"__type__":"cc.Sprite","node":{"__id__":6},"_materials":[{"__uuid__":"ecpdLyjvZBwrvm+cedCcQy"}],"_spriteFrame":{"__uuid__":"72Qo8G2RNHW4Am2AgeAZDy"},"_sizeMode":0}],"_prefab":{"__type__":"cc.PrefabInfo","root":{"__id__":1},"asset":{"__uuid__":"a3/m23DNNAuqUaeW8BrYh3"},"fileId":"aaKZKiL5xJZYRcgZpdcTU8"},"_contentSize":{"__type__":"cc.Size","width":318,"height":206},"_trs":{"__type__":"TypedArray","ctor":"Float64Array","array":[0,0,0,0,0,0,1,1,1,1]}},{"__type__":"cc.Node","_name":"chair_5_4","_parent":{"__id__":1},"_components":[{"__type__":"cc.Sprite","node":{"__id__":7},"_materials":[{"__uuid__":"ecpdLyjvZBwrvm+cedCcQy"}],"_spriteFrame":{"__uuid__":"81dnWVYh5IiYAMxJ3EXGt8"}}],"_prefab":{"__type__":"cc.PrefabInfo","root":{"__id__":1},"asset":{"__uuid__":"a3/m23DNNAuqUaeW8BrYh3"},"fileId":"2deMX+eqpMQrl7OBtgtBL3"},"_contentSize":{"__type__":"cc.Size","width":116,"height":135},"_trs":{"__type__":"TypedArray","ctor":"Float64Array","array":[-133,-38.531,0,0,0,0,1,1,1,1]}},{"__type__":"cc.Node","_name":"chair_5_4 copy","_parent":{"__id__":1},"_components":[{"__type__":"cc.Sprite","node":{"__id__":8},"_materials":[{"__uuid__":"ecpdLyjvZBwrvm+cedCcQy"}],"_spriteFrame":{"__uuid__":"81dnWVYh5IiYAMxJ3EXGt8"}}],"_prefab":{"__type__":"cc.PrefabInfo","root":{"__id__":1},"asset":{"__uuid__":"a3/m23DNNAuqUaeW8BrYh3"},"fileId":"e8hQAv731EEaGpMHV3I2gR"},"_contentSize":{"__type__":"cc.Size","width":116,"height":135},"_trs":{"__type__":"TypedArray","ctor":"Float64Array","array":[133,-38.531,0,0,0,0,1,-1,1,1]}},{"__type__":"cc.Node","_name":"chair_5_3","_parent":{"__id__":1},"_components":[{"__type__":"cc.Sprite","node":{"__id__":9},"_materials":[{"__uuid__":"ecpdLyjvZBwrvm+cedCcQy"}],"_spriteFrame":{"__uuid__":"4ahquEOLFORoiuh6A1ki+p"}}],"_prefab":{"__type__":"cc.PrefabInfo","root":{"__id__":1},"asset":{"__uuid__":"a3/m23DNNAuqUaeW8BrYh3"},"fileId":"cahjcs5LdNRa/ESPrwWwAa"},"_contentSize":{"__type__":"cc.Size","width":90,"height":120},"_trs":{"__type__":"TypedArray","ctor":"Float64Array","array":[-42.224,-57.567,0,0,0,0,1,1,1,1]}},{"__type__":"cc.Node","_name":"chair_5_3 copy","_parent":{"__id__":1},"_components":[{"__type__":"cc.Sprite","node":{"__id__":10},"_materials":[{"__uuid__":"ecpdLyjvZBwrvm+cedCcQy"}],"_spriteFrame":{"__uuid__":"4ahquEOLFORoiuh6A1ki+p"}}],"_prefab":{"__type__":"cc.PrefabInfo","root":{"__id__":1},"asset":{"__uuid__":"a3/m23DNNAuqUaeW8BrYh3"},"fileId":"5cPisolElEh76zFqMdKEo8"},"_contentSize":{"__type__":"cc.Size","width":90,"height":120},"_trs":{"__type__":"TypedArray","ctor":"Float64Array","array":[49.482,-57.567,0,0,0,0,1,1,1,1]}},{"__type__":"cc.Node","_name":"paishu","_parent":{"__id__":1},"_active":false,"_components":[{"__type__":"cc.Label","node":{"__id__":11},"_materials":[{"__uuid__":"ecpdLyjvZBwrvm+cedCcQy"}],"_useOriginalSize":false,"_string":"3牌房","_N$string":"3牌房","_fontSize":20,"_lineHeight":23,"_N$file":{"__uuid__":"5f5wQekV1CGpJW2meZozWn"},"_isSystemFontUsed":false,"_N$horizontalAlign":1,"_N$verticalAlign":1},{"__type__":"cc.LabelOutline","node":{"__id__":11},"_color":{"__type__":"cc.Color","r":51,"g":31,"b":34},"_width":3}],"_prefab":{"__type__":"cc.PrefabInfo","root":{"__id__":1},"asset":{"__uuid__":"a3/m23DNNAuqUaeW8BrYh3"},"fileId":"b2L6sdD6NKBonlpJO3uvm/"},"_contentSize":{"__type__":"cc.Size","width":57.41,"height":34.980000000000004},"_position":{"__type__":"cc.Vec3","y":74.1},"_scale":{"__type__":"cc.Vec3","x":1,"y":1,"z":1},"_trs":{"__type__":"TypedArray","ctor":"Float64Array","array":[60.943,22,0,0,0,0,1,1,1,1]}},{"__type__":"cc.Node","_name":"head_layout","_parent":{"__id__":1},"_children":[{"__id__":13},{"__id__":21},{"__id__":29},{"__id__":37},{"__id__":45},{"__id__":53},{"__id__":61},{"__id__":69}],"_prefab":{"__type__":"cc.PrefabInfo","root":{"__id__":1},"asset":{"__uuid__":"a3/m23DNNAuqUaeW8BrYh3"},"fileId":"d8jOzzM2dI3rRDSzQQBwz/"},"_contentSize":{"__type__":"cc.Size","width":409,"height":90},"_anchorPoint":{"__type__":"cc.Vec2","y":0.5},"_trs":{"__type__":"TypedArray","ctor":"Float64Array","array":[-117.3,54.793,0,0,0,0,1,1,1,1]}},{"__type__":"cc.Node","_name":"user1","_parent":{"__id__":12},"_children":[{"__id__":14},{"__id__":16},{"__id__":17}],"_prefab":{"__type__":"cc.PrefabInfo","root":{"__id__":1},"asset":{"__uuid__":"a3/m23DNNAuqUaeW8BrYh3"},"fileId":"6bqff4WJ1Odoenzy8ZmJy8"},"_trs":{"__type__":"TypedArray","ctor":"Float64Array","array":[-30.607,54.396,0,0,0,0,1,1.2,1.2,1]}},{"__type__":"cc.Node","_name":"name","_parent":{"__id__":13},"_children":[{"__id__":15}],"_components":[{"__type__":"cc.Sprite","node":{"__id__":14},"_materials":[{"__uuid__":"ecpdLyjvZBwrvm+cedCcQy"}],"_spriteFrame":{"__uuid__":"a90CvZZvxBV4BPQccRmk+E"},"_sizeMode":0}],"_prefab":{"__type__":"cc.PrefabInfo","root":{"__id__":1},"asset":{"__uuid__":"a3/m23DNNAuqUaeW8BrYh3"},"fileId":"ddTiPwAkFJO5blUDjhbXde"},"_contentSize":{"__type__":"cc.Size","width":75,"height":26},"_trs":{"__type__":"TypedArray","ctor":"Float64Array","array":[0,-40,0,0,0,0,1,1,1,1]}},{"__type__":"cc.Node","_name":"lb","_parent":{"__id__":14},"_components":[{"__type__":"cc.Label","node":{"__id__":15},"_materials":[{"__uuid__":"ecpdLyjvZBwrvm+cedCcQy"}],"_useOriginalSize":false,"_string":"纯属娱乐","_N$string":"纯属娱乐","_fontSize":14,"_lineHeight":20,"_N$file":{"__uuid__":"5f5wQekV1CGpJW2meZozWn"},"_isSystemFontUsed":false,"_N$horizontalAlign":1,"_N$verticalAlign":1}],"_prefab":{"__type__":"cc.PrefabInfo","root":{"__id__":1},"asset":{"__uuid__":"a3/m23DNNAuqUaeW8BrYh3"},"fileId":"abTKgCwadLuq2qZudhaq7D"},"_color":{"__type__":"cc.Color","r":255,"g":239,"b":235},"_contentSize":{"__type__":"cc.Size","width":56,"height":25.2},"_trs":{"__type__":"TypedArray","ctor":"Float64Array","array":[0,0,0,0,0,0,1,1,1,1]}},{"__type__":"cc.Node","_name":"icon_di","_parent":{"__id__":13},"_components":[{"__type__":"cc.Sprite","node":{"__id__":16},"_materials":[{"__uuid__":"ecpdLyjvZBwrvm+cedCcQy"}],"_spriteFrame":{"__uuid__":"aaHnm48C9HF721LIB8IcdE"},"_sizeMode":0}],"_prefab":{"__type__":"cc.PrefabInfo","root":{"__id__":1},"asset":{"__uuid__":"a3/m23DNNAuqUaeW8BrYh3"},"fileId":"46/B+Z2FpIkqmzPhOtXReH"},"_contentSize":{"__type__":"cc.Size","width":60,"height":60},"_trs":{"__type__":"TypedArray","ctor":"Float64Array","array":[0,0,0,0,0,0,1,1,1,1]}},{"__type__":"cc.Node","_name":"mask","_parent":{"__id__":13},"_children":[{"__id__":18},{"__id__":19}],"_components":[{"__type__":"cc.Mask","node":{"__id__":17},"_materials":[{"__uuid__":"ecpdLyjvZBwrvm+cedCcQy"}],"_spriteFrame":{"__uuid__":"1ex2+Je61Pu4xHlY2A6DnZ"},"_type":2}],"_prefab":{"__type__":"cc.PrefabInfo","root":{"__id__":1},"asset":{"__uuid__":"a3/m23DNNAuqUaeW8BrYh3"},"fileId":"7eP3do37FOPI8h5rnNDAc6"},"_contentSize":{"__type__":"cc.Size","width":56,"height":56},"_trs":{"__type__":"TypedArray","ctor":"Float64Array","array":[0,0,0,0,0,0,1,1,1,1]}},{"__type__":"cc.Node","_name":"head","_parent":{"__id__":17},"_components":[{"__type__":"cc.Sprite","node":{"__id__":18},"_materials":[{"__uuid__":"ecpdLyjvZBwrvm+cedCcQy"}],"_spriteFrame":{"__uuid__":"e6JNuRrHVFM4KYnmai3HR+"},"_sizeMode":0,"_isTrimmedMode":false},{"__type__":"f42b8ZzNWFKKI/QT/n8cR1+","node":{"__id__":18}}],"_prefab":{"__type__":"cc.PrefabInfo","root":{"__id__":1},"asset":{"__uuid__":"a3/m23DNNAuqUaeW8BrYh3"},"fileId":"07mDJ2haZFgpE1mmDXz1jw"},"_contentSize":{"__type__":"cc.Size","width":65,"height":65},"_trs":{"__type__":"TypedArray","ctor":"Float64Array","array":[0,0,0,0,0,0,1,1,1,1]}},{"__type__":"cc.Node","_name":"lixian","_parent":{"__id__":17},"_children":[{"__id__":20}],"_components":[{"__type__":"cc.Sprite","node":{"__id__":19},"_materials":[{"__uuid__":"ecpdLyjvZBwrvm+cedCcQy"}],"_spriteFrame":{"__uuid__":"012IHt40xCG7tUDIieNTX4"}}],"_prefab":{"__type__":"cc.PrefabInfo","root":{"__id__":1},"asset":{"__uuid__":"a3/m23DNNAuqUaeW8BrYh3"},"fileId":"a19k9ZqVFFDIym+/PQEtJl"},"_contentSize":{"__type__":"cc.Size","width":73,"height":73},"_trs":{"__type__":"TypedArray","ctor":"Float64Array","array":[0,0,0,0,0,0,1,1,1,1]}},{"__type__":"cc.Node","_name":"lixianzhong","_parent":{"__id__":19},"_components":[{"__type__":"cc.Sprite","node":{"__id__":20},"_materials":[{"__uuid__":"ecpdLyjvZBwrvm+cedCcQy"}],"_spriteFrame":{"__uuid__":"a0/fj7ENxHJ4F+Rv6UwWvZ"},"_sizeMode":0}],"_prefab":{"__type__":"cc.PrefabInfo","root":{"__id__":1},"asset":{"__uuid__":"a3/m23DNNAuqUaeW8BrYh3"},"fileId":"f8euT8+A1CBqDnSkIe4kbe"},"_contentSize":{"__type__":"cc.Size","width":39,"height":15},"_trs":{"__type__":"TypedArray","ctor":"Float64Array","array":[0,0,0,0,0,0,1,1,1,1]}},{"__type__":"cc.Node","_name":"user2","_parent":{"__id__":12},"_children":[{"__id__":22},{"__id__":24},{"__id__":25}],"_prefab":{"__type__":"cc.PrefabInfo","root":{"__id__":1},"asset":{"__uuid__":"a3/m23DNNAuqUaeW8BrYh3"},"fileId":"d3PCkKm+pNZ4SFsqLKwKH5"},"_trs":{"__type__":"TypedArray","ctor":"Float64Array","array":[265.702,-53.424,0,0,0,0,1,1.2,1.2,1]}},{"__type__":"cc.Node","_name":"name","_parent":{"__id__":21},"_children":[{"__id__":23}],"_components":[{"__type__":"cc.Sprite","node":{"__id__":22},"_materials":[{"__uuid__":"ecpdLyjvZBwrvm+cedCcQy"}],"_spriteFrame":{"__uuid__":"a90CvZZvxBV4BPQccRmk+E"},"_sizeMode":0}],"_prefab":{"__type__":"cc.PrefabInfo","root":{"__id__":1},"asset":{"__uuid__":"a3/m23DNNAuqUaeW8BrYh3"},"fileId":"2bdna1L4tMJ4XQH+bqIZPQ"},"_contentSize":{"__type__":"cc.Size","width":75,"height":26},"_trs":{"__type__":"TypedArray","ctor":"Float64Array","array":[0,-40,0,0,0,0,1,1,1,1]}},{"__type__":"cc.Node","_name":"lb","_parent":{"__id__":22},"_components":[{"__type__":"cc.Label","node":{"__id__":23},"_materials":[{"__uuid__":"ecpdLyjvZBwrvm+cedCcQy"}],"_useOriginalSize":false,"_string":"纯属娱乐","_N$string":"纯属娱乐","_fontSize":14,"_lineHeight":20,"_N$file":{"__uuid__":"5f5wQekV1CGpJW2meZozWn"},"_isSystemFontUsed":false,"_N$horizontalAlign":1,"_N$verticalAlign":1}],"_prefab":{"__type__":"cc.PrefabInfo","root":{"__id__":1},"asset":{"__uuid__":"a3/m23DNNAuqUaeW8BrYh3"},"fileId":"a1CSWpy8dOKphgxqNHs3qB"},"_color":{"__type__":"cc.Color","r":255,"g":239,"b":235},"_contentSize":{"__type__":"cc.Size","width":56,"height":25.2},"_trs":{"__type__":"TypedArray","ctor":"Float64Array","array":[0,0,0,0,0,0,1,1,1,1]}},{"__type__":"cc.Node","_name":"icon_di","_parent":{"__id__":21},"_components":[{"__type__":"cc.Sprite","node":{"__id__":24},"_materials":[{"__uuid__":"ecpdLyjvZBwrvm+cedCcQy"}],"_spriteFrame":{"__uuid__":"aaHnm48C9HF721LIB8IcdE"},"_sizeMode":0}],"_prefab":{"__type__":"cc.PrefabInfo","root":{"__id__":1},"asset":{"__uuid__":"a3/m23DNNAuqUaeW8BrYh3"},"fileId":"10/4/9irFFZbhKI4yCLPg6"},"_contentSize":{"__type__":"cc.Size","width":60,"height":60},"_trs":{"__type__":"TypedArray","ctor":"Float64Array","array":[0,0,0,0,0,0,1,1,1,1]}},{"__type__":"cc.Node","_name":"mask","_parent":{"__id__":21},"_children":[{"__id__":26},{"__id__":27}],"_components":[{"__type__":"cc.Mask","node":{"__id__":25},"_materials":[{"__uuid__":"ecpdLyjvZBwrvm+cedCcQy"}],"_spriteFrame":{"__uuid__":"1ex2+Je61Pu4xHlY2A6DnZ"},"_type":2}],"_prefab":{"__type__":"cc.PrefabInfo","root":{"__id__":1},"asset":{"__uuid__":"a3/m23DNNAuqUaeW8BrYh3"},"fileId":"edc3Wn9dRJn5Ir5kGjXwyv"},"_contentSize":{"__type__":"cc.Size","width":56,"height":56},"_trs":{"__type__":"TypedArray","ctor":"Float64Array","array":[0,0,0,0,0,0,1,1,1,1]}},{"__type__":"cc.Node","_name":"head","_parent":{"__id__":25},"_components":[{"__type__":"cc.Sprite","node":{"__id__":26},"_materials":[{"__uuid__":"ecpdLyjvZBwrvm+cedCcQy"}],"_spriteFrame":{"__uuid__":"e6JNuRrHVFM4KYnmai3HR+"},"_sizeMode":0,"_isTrimmedMode":false},{"__type__":"f42b8ZzNWFKKI/QT/n8cR1+","node":{"__id__":26}}],"_prefab":{"__type__":"cc.PrefabInfo","root":{"__id__":1},"asset":{"__uuid__":"a3/m23DNNAuqUaeW8BrYh3"},"fileId":"acfqFlJrtB/LbwCW1Cjhsv"},"_contentSize":{"__type__":"cc.Size","width":65,"height":65},"_trs":{"__type__":"TypedArray","ctor":"Float64Array","array":[0,0,0,0,0,0,1,1,1,1]}},{"__type__":"cc.Node","_name":"lixian","_parent":{"__id__":25},"_children":[{"__id__":28}],"_components":[{"__type__":"cc.Sprite","node":{"__id__":27},"_materials":[{"__uuid__":"ecpdLyjvZBwrvm+cedCcQy"}],"_spriteFrame":{"__uuid__":"012IHt40xCG7tUDIieNTX4"}}],"_prefab":{"__type__":"cc.PrefabInfo","root":{"__id__":1},"asset":{"__uuid__":"a3/m23DNNAuqUaeW8BrYh3"},"fileId":"81wy39vlJEaqM7TRLPV9kF"},"_contentSize":{"__type__":"cc.Size","width":73,"height":73},"_trs":{"__type__":"TypedArray","ctor":"Float64Array","array":[0,0,0,0,0,0,1,1,1,1]}},{"__type__":"cc.Node","_name":"lixianzhong","_parent":{"__id__":27},"_components":[{"__type__":"cc.Sprite","node":{"__id__":28},"_materials":[{"__uuid__":"ecpdLyjvZBwrvm+cedCcQy"}],"_spriteFrame":{"__uuid__":"a0/fj7ENxHJ4F+Rv6UwWvZ"},"_sizeMode":0}],"_prefab":{"__type__":"cc.PrefabInfo","root":{"__id__":1},"asset":{"__uuid__":"a3/m23DNNAuqUaeW8BrYh3"},"fileId":"4fLRMgSkpDE6Uf1fVcmfMi"},"_contentSize":{"__type__":"cc.Size","width":39,"height":15},"_trs":{"__type__":"TypedArray","ctor":"Float64Array","array":[0,0,0,0,0,0,1,1,1,1]}},{"__type__":"cc.Node","_name":"user3","_parent":{"__id__":12},"_children":[{"__id__":30},{"__id__":32},{"__id__":33}],"_prefab":{"__type__":"cc.PrefabInfo","root":{"__id__":1},"asset":{"__uuid__":"a3/m23DNNAuqUaeW8BrYh3"},"fileId":"32JOq+8HpMYIEFB6GDvXbK"},"_trs":{"__type__":"TypedArray","ctor":"Float64Array","array":[-30.341,-55.675,0,0,0,0,1,1.2,1.2,1]}},{"__type__":"cc.Node","_name":"name","_parent":{"__id__":29},"_children":[{"__id__":31}],"_components":[{"__type__":"cc.Sprite","node":{"__id__":30},"_materials":[{"__uuid__":"ecpdLyjvZBwrvm+cedCcQy"}],"_spriteFrame":{"__uuid__":"a90CvZZvxBV4BPQccRmk+E"},"_sizeMode":0}],"_prefab":{"__type__":"cc.PrefabInfo","root":{"__id__":1},"asset":{"__uuid__":"a3/m23DNNAuqUaeW8BrYh3"},"fileId":"26FZQ6vLJPqKEIXorls4UZ"},"_contentSize":{"__type__":"cc.Size","width":75,"height":26},"_trs":{"__type__":"TypedArray","ctor":"Float64Array","array":[0,-40,0,0,0,0,1,1,1,1]}},{"__type__":"cc.Node","_name":"lb","_parent":{"__id__":30},"_components":[{"__type__":"cc.Label","node":{"__id__":31},"_materials":[{"__uuid__":"ecpdLyjvZBwrvm+cedCcQy"}],"_useOriginalSize":false,"_string":"纯属娱乐","_N$string":"纯属娱乐","_fontSize":14,"_lineHeight":20,"_N$file":{"__uuid__":"5f5wQekV1CGpJW2meZozWn"},"_isSystemFontUsed":false,"_N$horizontalAlign":1,"_N$verticalAlign":1}],"_prefab":{"__type__":"cc.PrefabInfo","root":{"__id__":1},"asset":{"__uuid__":"a3/m23DNNAuqUaeW8BrYh3"},"fileId":"a1AYTbMXZGBIMnu3kPwDPp"},"_color":{"__type__":"cc.Color","r":255,"g":239,"b":235},"_contentSize":{"__type__":"cc.Size","width":56,"height":25.2},"_trs":{"__type__":"TypedArray","ctor":"Float64Array","array":[0,0,0,0,0,0,1,1,1,1]}},{"__type__":"cc.Node","_name":"icon_di","_parent":{"__id__":29},"_components":[{"__type__":"cc.Sprite","node":{"__id__":32},"_materials":[{"__uuid__":"ecpdLyjvZBwrvm+cedCcQy"}],"_spriteFrame":{"__uuid__":"aaHnm48C9HF721LIB8IcdE"},"_sizeMode":0}],"_prefab":{"__type__":"cc.PrefabInfo","root":{"__id__":1},"asset":{"__uuid__":"a3/m23DNNAuqUaeW8BrYh3"},"fileId":"43BhORVkBOqJfzZgY4S7bR"},"_contentSize":{"__type__":"cc.Size","width":60,"height":60},"_trs":{"__type__":"TypedArray","ctor":"Float64Array","array":[0,0,0,0,0,0,1,1,1,1]}},{"__type__":"cc.Node","_name":"mask","_parent":{"__id__":29},"_children":[{"__id__":34},{"__id__":35}],"_components":[{"__type__":"cc.Mask","node":{"__id__":33},"_materials":[{"__uuid__":"ecpdLyjvZBwrvm+cedCcQy"}],"_spriteFrame":{"__uuid__":"1ex2+Je61Pu4xHlY2A6DnZ"},"_type":2}],"_prefab":{"__type__":"cc.PrefabInfo","root":{"__id__":1},"asset":{"__uuid__":"a3/m23DNNAuqUaeW8BrYh3"},"fileId":"b0H2WNsUJGYIX7qAyzLGpR"},"_contentSize":{"__type__":"cc.Size","width":56,"height":56},"_trs":{"__type__":"TypedArray","ctor":"Float64Array","array":[0,0,0,0,0,0,1,1,1,1]}},{"__type__":"cc.Node","_name":"head","_parent":{"__id__":33},"_components":[{"__type__":"cc.Sprite","node":{"__id__":34},"_materials":[{"__uuid__":"ecpdLyjvZBwrvm+cedCcQy"}],"_spriteFrame":{"__uuid__":"e6JNuRrHVFM4KYnmai3HR+"},"_sizeMode":0,"_isTrimmedMode":false},{"__type__":"f42b8ZzNWFKKI/QT/n8cR1+","node":{"__id__":34}}],"_prefab":{"__type__":"cc.PrefabInfo","root":{"__id__":1},"asset":{"__uuid__":"a3/m23DNNAuqUaeW8BrYh3"},"fileId":"f7bpN7PmNOhIzj8EmrkGUH"},"_contentSize":{"__type__":"cc.Size","width":65,"height":65},"_trs":{"__type__":"TypedArray","ctor":"Float64Array","array":[0,0,0,0,0,0,1,1,1,1]}},{"__type__":"cc.Node","_name":"lixian","_parent":{"__id__":33},"_children":[{"__id__":36}],"_components":[{"__type__":"cc.Sprite","node":{"__id__":35},"_materials":[{"__uuid__":"ecpdLyjvZBwrvm+cedCcQy"}],"_spriteFrame":{"__uuid__":"012IHt40xCG7tUDIieNTX4"}}],"_prefab":{"__type__":"cc.PrefabInfo","root":{"__id__":1},"asset":{"__uuid__":"a3/m23DNNAuqUaeW8BrYh3"},"fileId":"2bECQ9l7JD9KxU1P66G448"},"_contentSize":{"__type__":"cc.Size","width":73,"height":73},"_trs":{"__type__":"TypedArray","ctor":"Float64Array","array":[0,0,0,0,0,0,1,1,1,1]}},{"__type__":"cc.Node","_name":"lixianzhong","_parent":{"__id__":35},"_components":[{"__type__":"cc.Sprite","node":{"__id__":36},"_materials":[{"__uuid__":"ecpdLyjvZBwrvm+cedCcQy"}],"_spriteFrame":{"__uuid__":"a0/fj7ENxHJ4F+Rv6UwWvZ"},"_sizeMode":0}],"_prefab":{"__type__":"cc.PrefabInfo","root":{"__id__":1},"asset":{"__uuid__":"a3/m23DNNAuqUaeW8BrYh3"},"fileId":"5crj9+mV1HFLJnsf//yEmp"},"_contentSize":{"__type__":"cc.Size","width":39,"height":15},"_trs":{"__type__":"TypedArray","ctor":"Float64Array","array":[0,0,0,0,0,0,1,1,1,1]}},{"__type__":"cc.Node","_name":"user4","_parent":{"__id__":12},"_children":[{"__id__":38},{"__id__":40},{"__id__":41}],"_prefab":{"__type__":"cc.PrefabInfo","root":{"__id__":1},"asset":{"__uuid__":"a3/m23DNNAuqUaeW8BrYh3"},"fileId":"9fyge9a8pNP6SZkxWsymVI"},"_trs":{"__type__":"TypedArray","ctor":"Float64Array","array":[264.458,55.83,0,0,0,0,1,1.2,1.2,1]}},{"__type__":"cc.Node","_name":"name","_parent":{"__id__":37},"_children":[{"__id__":39}],"_components":[{"__type__":"cc.Sprite","node":{"__id__":38},"_materials":[{"__uuid__":"ecpdLyjvZBwrvm+cedCcQy"}],"_spriteFrame":{"__uuid__":"a90CvZZvxBV4BPQccRmk+E"},"_sizeMode":0}],"_prefab":{"__type__":"cc.PrefabInfo","root":{"__id__":1},"asset":{"__uuid__":"a3/m23DNNAuqUaeW8BrYh3"},"fileId":"9a3ve1IPZMRZmHPfwanjeC"},"_contentSize":{"__type__":"cc.Size","width":75,"height":26},"_trs":{"__type__":"TypedArray","ctor":"Float64Array","array":[0,-40,0,0,0,0,1,1,1,1]}},{"__type__":"cc.Node","_name":"lb","_parent":{"__id__":38},"_components":[{"__type__":"cc.Label","node":{"__id__":39},"_materials":[{"__uuid__":"ecpdLyjvZBwrvm+cedCcQy"}],"_useOriginalSize":false,"_string":"纯属娱乐","_N$string":"纯属娱乐","_fontSize":14,"_lineHeight":20,"_N$file":{"__uuid__":"5f5wQekV1CGpJW2meZozWn"},"_isSystemFontUsed":false,"_N$horizontalAlign":1,"_N$verticalAlign":1}],"_prefab":{"__type__":"cc.PrefabInfo","root":{"__id__":1},"asset":{"__uuid__":"a3/m23DNNAuqUaeW8BrYh3"},"fileId":"b1YvLYVA1IBr3IxRGXofSU"},"_color":{"__type__":"cc.Color","r":255,"g":239,"b":235},"_contentSize":{"__type__":"cc.Size","width":56,"height":25.2},"_trs":{"__type__":"TypedArray","ctor":"Float64Array","array":[0,0,0,0,0,0,1,1,1,1]}},{"__type__":"cc.Node","_name":"icon_di","_parent":{"__id__":37},"_components":[{"__type__":"cc.Sprite","node":{"__id__":40},"_materials":[{"__uuid__":"ecpdLyjvZBwrvm+cedCcQy"}],"_spriteFrame":{"__uuid__":"aaHnm48C9HF721LIB8IcdE"},"_sizeMode":0}],"_prefab":{"__type__":"cc.PrefabInfo","root":{"__id__":1},"asset":{"__uuid__":"a3/m23DNNAuqUaeW8BrYh3"},"fileId":"34+y0hOBZBFY8QOPC+A7ce"},"_contentSize":{"__type__":"cc.Size","width":60,"height":60},"_trs":{"__type__":"TypedArray","ctor":"Float64Array","array":[0,0,0,0,0,0,1,1,1,1]}},{"__type__":"cc.Node","_name":"mask","_parent":{"__id__":37},"_children":[{"__id__":42},{"__id__":43}],"_components":[{"__type__":"cc.Mask","node":{"__id__":41},"_materials":[{"__uuid__":"ecpdLyjvZBwrvm+cedCcQy"}],"_spriteFrame":{"__uuid__":"1ex2+Je61Pu4xHlY2A6DnZ"},"_type":2}],"_prefab":{"__type__":"cc.PrefabInfo","root":{"__id__":1},"asset":{"__uuid__":"a3/m23DNNAuqUaeW8BrYh3"},"fileId":"622pulbrZGHakNUsV0iEt8"},"_contentSize":{"__type__":"cc.Size","width":56,"height":56},"_trs":{"__type__":"TypedArray","ctor":"Float64Array","array":[0,0,0,0,0,0,1,1,1,1]}},{"__type__":"cc.Node","_name":"head","_parent":{"__id__":41},"_components":[{"__type__":"cc.Sprite","node":{"__id__":42},"_materials":[{"__uuid__":"ecpdLyjvZBwrvm+cedCcQy"}],"_spriteFrame":{"__uuid__":"e6JNuRrHVFM4KYnmai3HR+"},"_sizeMode":0,"_isTrimmedMode":false},{"__type__":"f42b8ZzNWFKKI/QT/n8cR1+","node":{"__id__":42}}],"_prefab":{"__type__":"cc.PrefabInfo","root":{"__id__":1},"asset":{"__uuid__":"a3/m23DNNAuqUaeW8BrYh3"},"fileId":"2eqrUUL89MkJpD0bOyM5df"},"_contentSize":{"__type__":"cc.Size","width":65,"height":65},"_trs":{"__type__":"TypedArray","ctor":"Float64Array","array":[0,0,0,0,0,0,1,1,1,1]}},{"__type__":"cc.Node","_name":"lixian","_parent":{"__id__":41},"_children":[{"__id__":44}],"_components":[{"__type__":"cc.Sprite","node":{"__id__":43},"_materials":[{"__uuid__":"ecpdLyjvZBwrvm+cedCcQy"}],"_spriteFrame":{"__uuid__":"012IHt40xCG7tUDIieNTX4"}}],"_prefab":{"__type__":"cc.PrefabInfo","root":{"__id__":1},"asset":{"__uuid__":"a3/m23DNNAuqUaeW8BrYh3"},"fileId":"50MFKTEitKTYy/hXOQKp9D"},"_contentSize":{"__type__":"cc.Size","width":73,"height":73},"_trs":{"__type__":"TypedArray","ctor":"Float64Array","array":[0,0,0,0,0,0,1,1,1,1]}},{"__type__":"cc.Node","_name":"lixianzhong","_parent":{"__id__":43},"_components":[{"__type__":"cc.Sprite","node":{"__id__":44},"_materials":[{"__uuid__":"ecpdLyjvZBwrvm+cedCcQy"}],"_spriteFrame":{"__uuid__":"a0/fj7ENxHJ4F+Rv6UwWvZ"},"_sizeMode":0}],"_prefab":{"__type__":"cc.PrefabInfo","root":{"__id__":1},"asset":{"__uuid__":"a3/m23DNNAuqUaeW8BrYh3"},"fileId":"17Ghkcb1BByagdizfMP++m"},"_contentSize":{"__type__":"cc.Size","width":39,"height":15},"_trs":{"__type__":"TypedArray","ctor":"Float64Array","array":[0,0,0,0,0,0,1,1,1,1]}},{"__type__":"cc.Node","_name":"user5","_parent":{"__id__":12},"_children":[{"__id__":46},{"__id__":48},{"__id__":49}],"_prefab":{"__type__":"cc.PrefabInfo","root":{"__id__":1},"asset":{"__uuid__":"a3/m23DNNAuqUaeW8BrYh3"},"fileId":"c5OAhwQqhGp6x/hpj7AbRL"},"_trs":{"__type__":"TypedArray","ctor":"Float64Array","array":[69.373,61.353,0,0,0,0,1,1.2,1.2,1]}},{"__type__":"cc.Node","_name":"name","_parent":{"__id__":45},"_children":[{"__id__":47}],"_components":[{"__type__":"cc.Sprite","node":{"__id__":46},"_materials":[{"__uuid__":"ecpdLyjvZBwrvm+cedCcQy"}],"_spriteFrame":{"__uuid__":"a90CvZZvxBV4BPQccRmk+E"},"_sizeMode":0}],"_prefab":{"__type__":"cc.PrefabInfo","root":{"__id__":1},"asset":{"__uuid__":"a3/m23DNNAuqUaeW8BrYh3"},"fileId":"f6VSclaW1MKKadr7kG7utW"},"_contentSize":{"__type__":"cc.Size","width":75,"height":26},"_trs":{"__type__":"TypedArray","ctor":"Float64Array","array":[0,-40,0,0,0,0,1,1,1,1]}},{"__type__":"cc.Node","_name":"lb","_parent":{"__id__":46},"_components":[{"__type__":"cc.Label","node":{"__id__":47},"_materials":[{"__uuid__":"ecpdLyjvZBwrvm+cedCcQy"}],"_useOriginalSize":false,"_string":"纯属娱乐","_N$string":"纯属娱乐","_fontSize":14,"_lineHeight":20,"_N$file":{"__uuid__":"5f5wQekV1CGpJW2meZozWn"},"_isSystemFontUsed":false,"_N$horizontalAlign":1,"_N$verticalAlign":1}],"_prefab":{"__type__":"cc.PrefabInfo","root":{"__id__":1},"asset":{"__uuid__":"a3/m23DNNAuqUaeW8BrYh3"},"fileId":"61leM0LFhFDpNA0SYEtEHC"},"_color":{"__type__":"cc.Color","r":255,"g":239,"b":235},"_contentSize":{"__type__":"cc.Size","width":56,"height":25.2},"_trs":{"__type__":"TypedArray","ctor":"Float64Array","array":[0,0,0,0,0,0,1,1,1,1]}},{"__type__":"cc.Node","_name":"icon_di","_parent":{"__id__":45},"_components":[{"__type__":"cc.Sprite","node":{"__id__":48},"_materials":[{"__uuid__":"ecpdLyjvZBwrvm+cedCcQy"}],"_spriteFrame":{"__uuid__":"aaHnm48C9HF721LIB8IcdE"},"_sizeMode":0}],"_prefab":{"__type__":"cc.PrefabInfo","root":{"__id__":1},"asset":{"__uuid__":"a3/m23DNNAuqUaeW8BrYh3"},"fileId":"05j2C9q4JIJYsgB07poZE3"},"_contentSize":{"__type__":"cc.Size","width":60,"height":60},"_trs":{"__type__":"TypedArray","ctor":"Float64Array","array":[0,0,0,0,0,0,1,1,1,1]}},{"__type__":"cc.Node","_name":"mask","_parent":{"__id__":45},"_children":[{"__id__":50},{"__id__":51}],"_components":[{"__type__":"cc.Mask","node":{"__id__":49},"_materials":[{"__uuid__":"ecpdLyjvZBwrvm+cedCcQy"}],"_spriteFrame":{"__uuid__":"1ex2+Je61Pu4xHlY2A6DnZ"},"_type":2}],"_prefab":{"__type__":"cc.PrefabInfo","root":{"__id__":1},"asset":{"__uuid__":"a3/m23DNNAuqUaeW8BrYh3"},"fileId":"45383HMu5FLp9NBfAZC9ZV"},"_contentSize":{"__type__":"cc.Size","width":56,"height":56},"_trs":{"__type__":"TypedArray","ctor":"Float64Array","array":[0,0,0,0,0,0,1,1,1,1]}},{"__type__":"cc.Node","_name":"head","_parent":{"__id__":49},"_components":[{"__type__":"cc.Sprite","node":{"__id__":50},"_materials":[{"__uuid__":"ecpdLyjvZBwrvm+cedCcQy"}],"_spriteFrame":{"__uuid__":"e6JNuRrHVFM4KYnmai3HR+"},"_sizeMode":0,"_isTrimmedMode":false},{"__type__":"f42b8ZzNWFKKI/QT/n8cR1+","node":{"__id__":50}}],"_prefab":{"__type__":"cc.PrefabInfo","root":{"__id__":1},"asset":{"__uuid__":"a3/m23DNNAuqUaeW8BrYh3"},"fileId":"0fBgXsoMRNDb9myDpEfeOZ"},"_contentSize":{"__type__":"cc.Size","width":65,"height":65},"_trs":{"__type__":"TypedArray","ctor":"Float64Array","array":[0,0,0,0,0,0,1,1,1,1]}},{"__type__":"cc.Node","_name":"lixian","_parent":{"__id__":49},"_children":[{"__id__":52}],"_components":[{"__type__":"cc.Sprite","node":{"__id__":51},"_materials":[{"__uuid__":"ecpdLyjvZBwrvm+cedCcQy"}],"_spriteFrame":{"__uuid__":"012IHt40xCG7tUDIieNTX4"}}],"_prefab":{"__type__":"cc.PrefabInfo","root":{"__id__":1},"asset":{"__uuid__":"a3/m23DNNAuqUaeW8BrYh3"},"fileId":"149Zwsl81FopmbfE5RVmR1"},"_contentSize":{"__type__":"cc.Size","width":73,"height":73},"_trs":{"__type__":"TypedArray","ctor":"Float64Array","array":[0,0,0,0,0,0,1,1,1,1]}},{"__type__":"cc.Node","_name":"lixianzhong","_parent":{"__id__":51},"_components":[{"__type__":"cc.Sprite","node":{"__id__":52},"_materials":[{"__uuid__":"ecpdLyjvZBwrvm+cedCcQy"}],"_spriteFrame":{"__uuid__":"a0/fj7ENxHJ4F+Rv6UwWvZ"},"_sizeMode":0}],"_prefab":{"__type__":"cc.PrefabInfo","root":{"__id__":1},"asset":{"__uuid__":"a3/m23DNNAuqUaeW8BrYh3"},"fileId":"10m5xO6jhOAJ4u69kYAsA+"},"_contentSize":{"__type__":"cc.Size","width":39,"height":15},"_trs":{"__type__":"TypedArray","ctor":"Float64Array","array":[0,0,0,0,0,0,1,1,1,1]}},{"__type__":"cc.Node","_name":"user6","_parent":{"__id__":12},"_children":[{"__id__":54},{"__id__":56},{"__id__":57}],"_prefab":{"__type__":"cc.PrefabInfo","root":{"__id__":1},"asset":{"__uuid__":"a3/m23DNNAuqUaeW8BrYh3"},"fileId":"79NR4vGNhKNbJ9d/UpB/xT"},"_trs":{"__type__":"TypedArray","ctor":"Float64Array","array":[67.985,-79.751,0,0,0,0,1,1.2,1.2,1]}},{"__type__":"cc.Node","_name":"name","_parent":{"__id__":53},"_children":[{"__id__":55}],"_components":[{"__type__":"cc.Sprite","node":{"__id__":54},"_materials":[{"__uuid__":"ecpdLyjvZBwrvm+cedCcQy"}],"_spriteFrame":{"__uuid__":"a90CvZZvxBV4BPQccRmk+E"},"_sizeMode":0}],"_prefab":{"__type__":"cc.PrefabInfo","root":{"__id__":1},"asset":{"__uuid__":"a3/m23DNNAuqUaeW8BrYh3"},"fileId":"84bsSfqjBAIKJNO5+7NyLj"},"_contentSize":{"__type__":"cc.Size","width":75,"height":26},"_trs":{"__type__":"TypedArray","ctor":"Float64Array","array":[0,-40,0,0,0,0,1,1,1,1]}},{"__type__":"cc.Node","_name":"lb","_parent":{"__id__":54},"_components":[{"__type__":"cc.Label","node":{"__id__":55},"_materials":[{"__uuid__":"ecpdLyjvZBwrvm+cedCcQy"}],"_useOriginalSize":false,"_string":"纯属娱乐","_N$string":"纯属娱乐","_fontSize":14,"_lineHeight":20,"_N$file":{"__uuid__":"5f5wQekV1CGpJW2meZozWn"},"_isSystemFontUsed":false,"_N$horizontalAlign":1,"_N$verticalAlign":1}],"_prefab":{"__type__":"cc.PrefabInfo","root":{"__id__":1},"asset":{"__uuid__":"a3/m23DNNAuqUaeW8BrYh3"},"fileId":"9dpJlOFCRNgYCU0zXyv09n"},"_color":{"__type__":"cc.Color","r":255,"g":239,"b":235},"_contentSize":{"__type__":"cc.Size","width":56,"height":25.2},"_trs":{"__type__":"TypedArray","ctor":"Float64Array","array":[0,0,0,0,0,0,1,1,1,1]}},{"__type__":"cc.Node","_name":"icon_di","_parent":{"__id__":53},"_components":[{"__type__":"cc.Sprite","node":{"__id__":56},"_materials":[{"__uuid__":"ecpdLyjvZBwrvm+cedCcQy"}],"_spriteFrame":{"__uuid__":"aaHnm48C9HF721LIB8IcdE"},"_sizeMode":0}],"_prefab":{"__type__":"cc.PrefabInfo","root":{"__id__":1},"asset":{"__uuid__":"a3/m23DNNAuqUaeW8BrYh3"},"fileId":"6bMqJA5RJCdIAq5gSIXi8l"},"_contentSize":{"__type__":"cc.Size","width":60,"height":60},"_trs":{"__type__":"TypedArray","ctor":"Float64Array","array":[0,0,0,0,0,0,1,1,1,1]}},{"__type__":"cc.Node","_name":"mask","_parent":{"__id__":53},"_children":[{"__id__":58},{"__id__":59}],"_components":[{"__type__":"cc.Mask","node":{"__id__":57},"_materials":[{"__uuid__":"ecpdLyjvZBwrvm+cedCcQy"}],"_spriteFrame":{"__uuid__":"1ex2+Je61Pu4xHlY2A6DnZ"},"_type":2}],"_prefab":{"__type__":"cc.PrefabInfo","root":{"__id__":1},"asset":{"__uuid__":"a3/m23DNNAuqUaeW8BrYh3"},"fileId":"8cdsg6i8NB0qBfqBIzm5vu"},"_contentSize":{"__type__":"cc.Size","width":56,"height":56},"_trs":{"__type__":"TypedArray","ctor":"Float64Array","array":[0,0,0,0,0,0,1,1,1,1]}},{"__type__":"cc.Node","_name":"head","_parent":{"__id__":57},"_components":[{"__type__":"cc.Sprite","node":{"__id__":58},"_materials":[{"__uuid__":"ecpdLyjvZBwrvm+cedCcQy"}],"_spriteFrame":{"__uuid__":"e6JNuRrHVFM4KYnmai3HR+"},"_sizeMode":0,"_isTrimmedMode":false},{"__type__":"f42b8ZzNWFKKI/QT/n8cR1+","node":{"__id__":58}}],"_prefab":{"__type__":"cc.PrefabInfo","root":{"__id__":1},"asset":{"__uuid__":"a3/m23DNNAuqUaeW8BrYh3"},"fileId":"48PpNpjXRK/qez4qL6gnYe"},"_contentSize":{"__type__":"cc.Size","width":65,"height":65},"_trs":{"__type__":"TypedArray","ctor":"Float64Array","array":[0,0,0,0,0,0,1,1,1,1]}},{"__type__":"cc.Node","_name":"lixian","_parent":{"__id__":57},"_children":[{"__id__":60}],"_components":[{"__type__":"cc.Sprite","node":{"__id__":59},"_materials":[{"__uuid__":"ecpdLyjvZBwrvm+cedCcQy"}],"_spriteFrame":{"__uuid__":"012IHt40xCG7tUDIieNTX4"}}],"_prefab":{"__type__":"cc.PrefabInfo","root":{"__id__":1},"asset":{"__uuid__":"a3/m23DNNAuqUaeW8BrYh3"},"fileId":"a4G5X2nhlGW76N+Fn6zua2"},"_contentSize":{"__type__":"cc.Size","width":73,"height":73},"_trs":{"__type__":"TypedArray","ctor":"Float64Array","array":[0,0,0,0,0,0,1,1,1,1]}},{"__type__":"cc.Node","_name":"lixianzhong","_parent":{"__id__":59},"_components":[{"__type__":"cc.Sprite","node":{"__id__":60},"_materials":[{"__uuid__":"ecpdLyjvZBwrvm+cedCcQy"}],"_spriteFrame":{"__uuid__":"a0/fj7ENxHJ4F+Rv6UwWvZ"},"_sizeMode":0}],"_prefab":{"__type__":"cc.PrefabInfo","root":{"__id__":1},"asset":{"__uuid__":"a3/m23DNNAuqUaeW8BrYh3"},"fileId":"e70IhIZUREjpdS3oX+19fB"},"_contentSize":{"__type__":"cc.Size","width":39,"height":15},"_trs":{"__type__":"TypedArray","ctor":"Float64Array","array":[0,0,0,0,0,0,1,1,1,1]}},{"__type__":"cc.Node","_name":"user7","_parent":{"__id__":12},"_children":[{"__id__":62},{"__id__":64},{"__id__":65}],"_prefab":{"__type__":"cc.PrefabInfo","root":{"__id__":1},"asset":{"__uuid__":"a3/m23DNNAuqUaeW8BrYh3"},"fileId":"2bauPo3DZHhqD4wuuvGwuC"},"_trs":{"__type__":"TypedArray","ctor":"Float64Array","array":[168.985,61.39,0,0,0,0,1,1.2,1.2,1]}},{"__type__":"cc.Node","_name":"name","_parent":{"__id__":61},"_children":[{"__id__":63}],"_components":[{"__type__":"cc.Sprite","node":{"__id__":62},"_materials":[{"__uuid__":"ecpdLyjvZBwrvm+cedCcQy"}],"_spriteFrame":{"__uuid__":"a90CvZZvxBV4BPQccRmk+E"},"_sizeMode":0}],"_prefab":{"__type__":"cc.PrefabInfo","root":{"__id__":1},"asset":{"__uuid__":"a3/m23DNNAuqUaeW8BrYh3"},"fileId":"6czFJFnDlMiJB5dSiUgplT"},"_contentSize":{"__type__":"cc.Size","width":75,"height":26},"_trs":{"__type__":"TypedArray","ctor":"Float64Array","array":[0,-40,0,0,0,0,1,1,1,1]}},{"__type__":"cc.Node","_name":"lb","_parent":{"__id__":62},"_components":[{"__type__":"cc.Label","node":{"__id__":63},"_materials":[{"__uuid__":"ecpdLyjvZBwrvm+cedCcQy"}],"_useOriginalSize":false,"_string":"纯属娱乐","_N$string":"纯属娱乐","_fontSize":14,"_lineHeight":20,"_N$file":{"__uuid__":"5f5wQekV1CGpJW2meZozWn"},"_isSystemFontUsed":false,"_N$horizontalAlign":1,"_N$verticalAlign":1}],"_prefab":{"__type__":"cc.PrefabInfo","root":{"__id__":1},"asset":{"__uuid__":"a3/m23DNNAuqUaeW8BrYh3"},"fileId":"c9SJQfORlIjo3GoTFpeTBd"},"_color":{"__type__":"cc.Color","r":255,"g":239,"b":235},"_contentSize":{"__type__":"cc.Size","width":56,"height":25.2},"_trs":{"__type__":"TypedArray","ctor":"Float64Array","array":[0,0,0,0,0,0,1,1,1,1]}},{"__type__":"cc.Node","_name":"icon_di","_parent":{"__id__":61},"_components":[{"__type__":"cc.Sprite","node":{"__id__":64},"_materials":[{"__uuid__":"ecpdLyjvZBwrvm+cedCcQy"}],"_spriteFrame":{"__uuid__":"aaHnm48C9HF721LIB8IcdE"},"_sizeMode":0}],"_prefab":{"__type__":"cc.PrefabInfo","root":{"__id__":1},"asset":{"__uuid__":"a3/m23DNNAuqUaeW8BrYh3"},"fileId":"9a/pCJIExKgI6ybMH3x2ph"},"_contentSize":{"__type__":"cc.Size","width":60,"height":60},"_trs":{"__type__":"TypedArray","ctor":"Float64Array","array":[0,0,0,0,0,0,1,1,1,1]}},{"__type__":"cc.Node","_name":"mask","_parent":{"__id__":61},"_children":[{"__id__":66},{"__id__":67}],"_components":[{"__type__":"cc.Mask","node":{"__id__":65},"_materials":[{"__uuid__":"ecpdLyjvZBwrvm+cedCcQy"}],"_spriteFrame":{"__uuid__":"1ex2+Je61Pu4xHlY2A6DnZ"},"_type":2}],"_prefab":{"__type__":"cc.PrefabInfo","root":{"__id__":1},"asset":{"__uuid__":"a3/m23DNNAuqUaeW8BrYh3"},"fileId":"19cgJdW+9Bs7C4muP354sb"},"_contentSize":{"__type__":"cc.Size","width":56,"height":56},"_trs":{"__type__":"TypedArray","ctor":"Float64Array","array":[0,0,0,0,0,0,1,1,1,1]}},{"__type__":"cc.Node","_name":"head","_parent":{"__id__":65},"_components":[{"__type__":"cc.Sprite","node":{"__id__":66},"_materials":[{"__uuid__":"ecpdLyjvZBwrvm+cedCcQy"}],"_spriteFrame":{"__uuid__":"e6JNuRrHVFM4KYnmai3HR+"},"_sizeMode":0,"_isTrimmedMode":false},{"__type__":"f42b8ZzNWFKKI/QT/n8cR1+","node":{"__id__":66}}],"_prefab":{"__type__":"cc.PrefabInfo","root":{"__id__":1},"asset":{"__uuid__":"a3/m23DNNAuqUaeW8BrYh3"},"fileId":"93ty5BckRN7IFPmovpxME5"},"_contentSize":{"__type__":"cc.Size","width":65,"height":65},"_trs":{"__type__":"TypedArray","ctor":"Float64Array","array":[0,0,0,0,0,0,1,1,1,1]}},{"__type__":"cc.Node","_name":"lixian","_parent":{"__id__":65},"_children":[{"__id__":68}],"_components":[{"__type__":"cc.Sprite","node":{"__id__":67},"_materials":[{"__uuid__":"ecpdLyjvZBwrvm+cedCcQy"}],"_spriteFrame":{"__uuid__":"012IHt40xCG7tUDIieNTX4"}}],"_prefab":{"__type__":"cc.PrefabInfo","root":{"__id__":1},"asset":{"__uuid__":"a3/m23DNNAuqUaeW8BrYh3"},"fileId":"8cUjeIPgdCb4LZh1IjwFtp"},"_contentSize":{"__type__":"cc.Size","width":73,"height":73},"_trs":{"__type__":"TypedArray","ctor":"Float64Array","array":[0,0,0,0,0,0,1,1,1,1]}},{"__type__":"cc.Node","_name":"lixianzhong","_parent":{"__id__":67},"_components":[{"__type__":"cc.Sprite","node":{"__id__":68},"_materials":[{"__uuid__":"ecpdLyjvZBwrvm+cedCcQy"}],"_spriteFrame":{"__uuid__":"a0/fj7ENxHJ4F+Rv6UwWvZ"},"_sizeMode":0}],"_prefab":{"__type__":"cc.PrefabInfo","root":{"__id__":1},"asset":{"__uuid__":"a3/m23DNNAuqUaeW8BrYh3"},"fileId":"daB/3kHJRG5I/JSDlv0ie7"},"_contentSize":{"__type__":"cc.Size","width":39,"height":15},"_trs":{"__type__":"TypedArray","ctor":"Float64Array","array":[0,0,0,0,0,0,1,1,1,1]}},{"__type__":"cc.Node","_name":"user8","_parent":{"__id__":12},"_children":[{"__id__":70},{"__id__":72},{"__id__":73}],"_prefab":{"__type__":"cc.PrefabInfo","root":{"__id__":1},"asset":{"__uuid__":"a3/m23DNNAuqUaeW8BrYh3"},"fileId":"b7ooTbt5xOkIfw+NFsi+fB"},"_trs":{"__type__":"TypedArray","ctor":"Float64Array","array":[168.985,-77.801,0,0,0,0,1,1.2,1.2,1]}},{"__type__":"cc.Node","_name":"name","_parent":{"__id__":69},"_children":[{"__id__":71}],"_components":[{"__type__":"cc.Sprite","node":{"__id__":70},"_materials":[{"__uuid__":"ecpdLyjvZBwrvm+cedCcQy"}],"_spriteFrame":{"__uuid__":"a90CvZZvxBV4BPQccRmk+E"},"_sizeMode":0}],"_prefab":{"__type__":"cc.PrefabInfo","root":{"__id__":1},"asset":{"__uuid__":"a3/m23DNNAuqUaeW8BrYh3"},"fileId":"4fQ5IZI5ZLfZCTACdySQSC"},"_contentSize":{"__type__":"cc.Size","width":75,"height":26},"_trs":{"__type__":"TypedArray","ctor":"Float64Array","array":[0,-40,0,0,0,0,1,1,1,1]}},{"__type__":"cc.Node","_name":"lb","_parent":{"__id__":70},"_components":[{"__type__":"cc.Label","node":{"__id__":71},"_materials":[{"__uuid__":"ecpdLyjvZBwrvm+cedCcQy"}],"_useOriginalSize":false,"_string":"纯属娱乐","_N$string":"纯属娱乐","_fontSize":14,"_lineHeight":20,"_N$file":{"__uuid__":"5f5wQekV1CGpJW2meZozWn"},"_isSystemFontUsed":false,"_N$horizontalAlign":1,"_N$verticalAlign":1}],"_prefab":{"__type__":"cc.PrefabInfo","root":{"__id__":1},"asset":{"__uuid__":"a3/m23DNNAuqUaeW8BrYh3"},"fileId":"89Y0q/EXxMmqjvvjAzH6iR"},"_color":{"__type__":"cc.Color","r":255,"g":239,"b":235},"_contentSize":{"__type__":"cc.Size","width":56,"height":25.2},"_trs":{"__type__":"TypedArray","ctor":"Float64Array","array":[0,0,0,0,0,0,1,1,1,1]}},{"__type__":"cc.Node","_name":"icon_di","_parent":{"__id__":69},"_components":[{"__type__":"cc.Sprite","node":{"__id__":72},"_materials":[{"__uuid__":"ecpdLyjvZBwrvm+cedCcQy"}],"_spriteFrame":{"__uuid__":"aaHnm48C9HF721LIB8IcdE"},"_sizeMode":0}],"_prefab":{"__type__":"cc.PrefabInfo","root":{"__id__":1},"asset":{"__uuid__":"a3/m23DNNAuqUaeW8BrYh3"},"fileId":"04e+Rst4RCz79Cwy/X5cBZ"},"_contentSize":{"__type__":"cc.Size","width":60,"height":60},"_trs":{"__type__":"TypedArray","ctor":"Float64Array","array":[0,0,0,0,0,0,1,1,1,1]}},{"__type__":"cc.Node","_name":"mask","_parent":{"__id__":69},"_children":[{"__id__":74},{"__id__":75}],"_components":[{"__type__":"cc.Mask","node":{"__id__":73},"_materials":[{"__uuid__":"ecpdLyjvZBwrvm+cedCcQy"}],"_spriteFrame":{"__uuid__":"1ex2+Je61Pu4xHlY2A6DnZ"},"_type":2}],"_prefab":{"__type__":"cc.PrefabInfo","root":{"__id__":1},"asset":{"__uuid__":"a3/m23DNNAuqUaeW8BrYh3"},"fileId":"bcxuHkL2hCI5+djBMqUM0R"},"_contentSize":{"__type__":"cc.Size","width":56,"height":56},"_trs":{"__type__":"TypedArray","ctor":"Float64Array","array":[0,0,0,0,0,0,1,1,1,1]}},{"__type__":"cc.Node","_name":"head","_parent":{"__id__":73},"_components":[{"__type__":"cc.Sprite","node":{"__id__":74},"_materials":[{"__uuid__":"ecpdLyjvZBwrvm+cedCcQy"}],"_spriteFrame":{"__uuid__":"e6JNuRrHVFM4KYnmai3HR+"},"_sizeMode":0,"_isTrimmedMode":false},{"__type__":"f42b8ZzNWFKKI/QT/n8cR1+","node":{"__id__":74}}],"_prefab":{"__type__":"cc.PrefabInfo","root":{"__id__":1},"asset":{"__uuid__":"a3/m23DNNAuqUaeW8BrYh3"},"fileId":"5617UzXCdKpovC/32F0ixo"},"_contentSize":{"__type__":"cc.Size","width":65,"height":65},"_trs":{"__type__":"TypedArray","ctor":"Float64Array","array":[0,0,0,0,0,0,1,1,1,1]}},{"__type__":"cc.Node","_name":"lixian","_parent":{"__id__":73},"_children":[{"__id__":76}],"_components":[{"__type__":"cc.Sprite","node":{"__id__":75},"_materials":[{"__uuid__":"ecpdLyjvZBwrvm+cedCcQy"}],"_spriteFrame":{"__uuid__":"012IHt40xCG7tUDIieNTX4"}}],"_prefab":{"__type__":"cc.PrefabInfo","root":{"__id__":1},"asset":{"__uuid__":"a3/m23DNNAuqUaeW8BrYh3"},"fileId":"c1HpYaVfJKGKyIiqQZlcJe"},"_contentSize":{"__type__":"cc.Size","width":73,"height":73},"_trs":{"__type__":"TypedArray","ctor":"Float64Array","array":[0,0,0,0,0,0,1,1,1,1]}},{"__type__":"cc.Node","_name":"lixianzhong","_parent":{"__id__":75},"_components":[{"__type__":"cc.Sprite","node":{"__id__":76},"_materials":[{"__uuid__":"ecpdLyjvZBwrvm+cedCcQy"}],"_spriteFrame":{"__uuid__":"a0/fj7ENxHJ4F+Rv6UwWvZ"},"_sizeMode":0}],"_prefab":{"__type__":"cc.PrefabInfo","root":{"__id__":1},"asset":{"__uuid__":"a3/m23DNNAuqUaeW8BrYh3"},"fileId":"1251I5DtZMm7NFUpP41/Hl"},"_contentSize":{"__type__":"cc.Size","width":39,"height":15},"_trs":{"__type__":"TypedArray","ctor":"Float64Array","array":[0,0,0,0,0,0,1,1,1,1]}},{"__type__":"cc.Node","_name":"jushu","_parent":{"__id__":1},"_components":[{"__type__":"cc.Label","node":{"__id__":77},"_materials":[{"__uuid__":"ecpdLyjvZBwrvm+cedCcQy"}],"_useOriginalSize":false,"_string":"第0/8局","_N$string":"第0/8局","_fontSize":15,"_lineHeight":16,"_N$file":{"__uuid__":"5f5wQekV1CGpJW2meZozWn"},"_isSystemFontUsed":false,"_N$horizontalAlign":1,"_N$verticalAlign":1},{"__type__":"cc.LabelOutline","node":{"__id__":77},"_color":{"__type__":"cc.Color","r":51,"g":31,"b":34}}],"_prefab":{"__type__":"cc.PrefabInfo","root":{"__id__":1},"asset":{"__uuid__":"a3/m23DNNAuqUaeW8BrYh3"},"fileId":"33yfF30oVH9KCNTUXeh5dp"},"_contentSize":{"__type__":"cc.Size","width":55.2,"height":22.16},"_trs":{"__type__":"TypedArray","ctor":"Float64Array","array":[0,44.599,0,0,0,0,1,1,1,1]}},{"__type__":"cc.Node","_name":"game_name","_parent":{"__id__":1},"_active":false,"_components":[{"__type__":"cc.Label","node":{"__id__":78},"_materials":[{"__uuid__":"ecpdLyjvZBwrvm+cedCcQy"}],"_useOriginalSize":false,"_string":"镇江麻将","_N$string":"镇江麻将","_fontSize":15,"_lineHeight":26,"_N$file":{"__uuid__":"5f5wQekV1CGpJW2meZozWn"},"_isSystemFontUsed":false,"_N$horizontalAlign":1,"_N$verticalAlign":1},{"__type__":"cc.LabelOutline","node":{"__id__":78},"_color":{"__type__":"cc.Color","r":51,"g":31,"b":34}}],"_prefab":{"__type__":"cc.PrefabInfo","root":{"__id__":1},"asset":{"__uuid__":"a3/m23DNNAuqUaeW8BrYh3"},"fileId":"71L7mUDitD+6wMfcK2NiBs"},"_contentSize":{"__type__":"cc.Size","width":62,"height":22.16},"_trs":{"__type__":"TypedArray","ctor":"Float64Array","array":[-2.266,70.27,0,0,0,0,1,1,1,1]}},{"__type__":"cc.Node","_name":"lb_roomName","_parent":{"__id__":1},"_components":[{"__type__":"cc.Label","node":{"__id__":79},"_materials":[{"__uuid__":"ecpdLyjvZBwrvm+cedCcQy"}],"_useOriginalSize":false,"_string":"镇江麻将","_N$string":"镇江麻将","_fontSize":26,"_lineHeight":28,"_N$file":{"__uuid__":"5f5wQekV1CGpJW2meZozWn"},"_isSystemFontUsed":false,"_N$horizontalAlign":1,"_N$verticalAlign":1},{"__type__":"cc.LabelOutline","node":{"__id__":79},"_color":{"__type__":"cc.Color","r":45,"g":19,"b":14}}],"_prefab":{"__type__":"cc.PrefabInfo","root":{"__id__":1},"asset":{"__uuid__":"a3/m23DNNAuqUaeW8BrYh3"},"fileId":"9c7FhhOB5NU4el20sEiBgF"},"_color":{"__type__":"cc.Color","r":255,"g":250,"b":199},"_contentSize":{"__type__":"cc.Size","width":106,"height":37.28},"_trs":{"__type__":"TypedArray","ctor":"Float64Array","array":[0,22.543,0,0,0,0,1,1,1,1]}},{"__type__":"cc.Node","_name":"bg_key","_parent":{"__id__":1},"_children":[{"__id__":81}],"_components":[{"__type__":"cc.Sprite","node":{"__id__":80},"_materials":[{"__uuid__":"ecpdLyjvZBwrvm+cedCcQy"}],"_spriteFrame":{"__uuid__":"1aLT1VVMRM/KGRIWp3Uinq"},"_sizeMode":0}],"_prefab":{"__type__":"cc.PrefabInfo","root":{"__id__":1},"asset":{"__uuid__":"a3/m23DNNAuqUaeW8BrYh3"},"fileId":"52NiyuEmpHTYRR8Xx/VbHz"},"_contentSize":{"__type__":"cc.Size","width":40,"height":40},"_trs":{"__type__":"TypedArray","ctor":"Float64Array","array":[0,-40.483,0,0,0,0,1,1,1,1]}},{"__type__":"cc.Node","_name":"key","_parent":{"__id__":80},"_components":[{"__type__":"cc.Label","node":{"__id__":81},"_materials":[{"__uuid__":"ecpdLyjvZBwrvm+cedCcQy"}],"_useOriginalSize":false,"_string":"1","_N$string":"1","_fontSize":27,"_lineHeight":27,"_N$file":{"__uuid__":"5f5wQekV1CGpJW2meZozWn"},"_isSystemFontUsed":false,"_N$horizontalAlign":1,"_N$verticalAlign":1,"_N$overflow":2}],"_prefab":{"__type__":"cc.PrefabInfo","root":{"__id__":1},"asset":{"__uuid__":"a3/m23DNNAuqUaeW8BrYh3"},"fileId":"45MbgPQmJKNIjMqcJCpR6F"},"_color":{"__type__":"cc.Color","r":90,"g":18,"b":18},"_contentSize":{"__type__":"cc.Size","width":35,"height":27},"_trs":{"__type__":"TypedArray","ctor":"Float64Array","array":[0,0,0,0,0,0,1,1,1,1]}},{"__type__":"cc.Node","_name":"btn_detail","_parent":{"__id__":1},"_components":[{"__type__":"cc.Sprite","node":{"__id__":82},"_materials":[{"__uuid__":"ecpdLyjvZBwrvm+cedCcQy"}],"_spriteFrame":{"__uuid__":"82G9jFlh1BEIMQeUs5OLHx"}},{"__type__":"cc.Button","node":{"__id__":82},"clickEvents":[null],"_N$transition":3,"transition":3,"_N$normalColor":{"__type__":"cc.Color","r":214,"g":214,"b":214},"_N$target":{"__id__":82}}],"_prefab":{"__type__":"cc.PrefabInfo","root":{"__id__":1},"asset":{"__uuid__":"a3/m23DNNAuqUaeW8BrYh3"},"fileId":"2c9Y8YE+xC3Imw9hIL0OxI"},"_contentSize":{"__type__":"cc.Size","width":66,"height":36},"_trs":{"__type__":"TypedArray","ctor":"Float64Array","array":[0,-85,0,0,0,0,1,1,1,1]}},{"__type__":"cc.Node","_name":"wanfa","_parent":{"__id__":1},"_children":[{"__id__":84}],"_active":false,"_components":[{"__type__":"cc.Sprite","node":{"__id__":83},"_spriteFrame":{"__uuid__":"3dMNeNCj9NKYp7R2Evm8UV"}}],"_prefab":{"__type__":"cc.PrefabInfo","root":{"__id__":1},"asset":{"__uuid__":"a3/m23DNNAuqUaeW8BrYh3"},"fileId":"18KFgipKJH95BjeT9LZhmQ"},"_contentSize":{"__type__":"cc.Size","width":222,"height":176},"_trs":{"__type__":"TypedArray","ctor":"Float64Array","array":[-34.8,18.6,0,0,0,0,1,1,1,1]}},{"__type__":"cc.Node","_name":"lb_wanfa","_parent":{"__id__":83},"_components":[{"__type__":"cc.Label","node":{"__id__":84},"_useOriginalSize":false,"_string":"玩法","_N$string":"玩法","_fontSize":20,"_lineHeight":30,"_N$file":{"__uuid__":"5f5wQekV1CGpJW2meZozWn"},"_isSystemFontUsed":false,"_N$overflow":3}],"_prefab":{"__type__":"cc.PrefabInfo","root":{"__id__":1},"asset":{"__uuid__":"a3/m23DNNAuqUaeW8BrYh3"},"fileId":"7fVUXovLlGKb/2PsfxTwMu"},"_color":{"__type__":"cc.Color","r":92,"g":17,"b":17},"_contentSize":{"__type__":"cc.Size","width":195,"height":30},"_anchorPoint":{"__type__":"cc.Vec2","x":0.5,"y":1},"_trs":{"__type__":"TypedArray","ctor":"Float64Array","array":[-1.6,69.6,0,0,0,0,1,1,1,1]}},{"__type__":"cc.Node","_name":"tip_lock","_parent":{"__id__":1},"_active":false,"_components":[{"__type__":"cc.Sprite","node":{"__id__":85},"_materials":[{"__uuid__":"ecpdLyjvZBwrvm+cedCcQy"}],"_spriteFrame":{"__uuid__":"d05/X4TsVBvYSFFDT2kLYG"}}],"_prefab":{"__type__":"cc.PrefabInfo","root":{"__id__":1},"asset":{"__uuid__":"a3/m23DNNAuqUaeW8BrYh3"},"fileId":"dafrZk5RtPkYab2ID9UASV"},"_contentSize":{"__type__":"cc.Size","width":33,"height":39},"_trs":{"__type__":"TypedArray","ctor":"Float64Array","array":[-51.229,-83.423,0,0,0,0,1,1,1,1]}},{"__type__":"cc.Node","_name":"img_sp","_parent":{"__id__":1},"_children":[{"__id__":87},{"__id__":88}],"_active":false,"_components":[{"__type__":"cc.Sprite","node":{"__id__":86},"_materials":[{"__uuid__":"ecpdLyjvZBwrvm+cedCcQy"}],"_spriteFrame":{"__uuid__":"31GEQk6vBMWYLh58IVlk9U"}}],"_prefab":{"__type__":"cc.PrefabInfo","root":{"__id__":1},"asset":{"__uuid__":"a3/m23DNNAuqUaeW8BrYh3"},"fileId":"812liQSo9M74zeTemXub73"},"_contentSize":{"__type__":"cc.Size","width":67,"height":26},"_trs":{"__type__":"TypedArray","ctor":"Float64Array","array":[-78.316,41.835,0,0,0,0,1,1,1,1]}},{"__type__":"cc.Node","_name":"img_sai","_parent":{"__id__":86},"_components":[{"__type__":"cc.Sprite","node":{"__id__":87},"_materials":[{"__uuid__":"ecpdLyjvZBwrvm+cedCcQy"}],"_spriteFrame":{"__uuid__":"65FWF0AJtPxryGewnPzbtB"}}],"_prefab":{"__type__":"cc.PrefabInfo","root":{"__id__":1},"asset":{"__uuid__":"a3/m23DNNAuqUaeW8BrYh3"},"fileId":"9fFS6hU9BGlIcGSPrV3aB4"},"_contentSize":{"__type__":"cc.Size","width":17,"height":22},"_trs":{"__type__":"TypedArray","ctor":"Float64Array","array":[-20.271,0,0,0,0,0,1,1,1,1]}},{"__type__":"cc.Node","_name":"lb_spStart","_parent":{"__id__":86},"_components":[{"__type__":"cc.Label","node":{"__id__":88},"_materials":[{"__uuid__":"ecpdLyjvZBwrvm+cedCcQy"}],"_useOriginalSize":false,"_string":"100","_N$string":"100","_fontSize":20,"_lineHeight":22,"_N$file":{"__uuid__":"5f5wQekV1CGpJW2meZozWn"},"_isSystemFontUsed":false,"_N$verticalAlign":1},{"__type__":"cc.LabelOutline","node":{"__id__":88},"_color":{"__type__":"cc.Color"}}],"_prefab":{"__type__":"cc.PrefabInfo","root":{"__id__":1},"asset":{"__uuid__":"a3/m23DNNAuqUaeW8BrYh3"},"fileId":"4fXnyOFXVADqGYMmCQ31I1"},"_contentSize":{"__type__":"cc.Size","width":32.16,"height":29.72},"_anchorPoint":{"__type__":"cc.Vec2","y":0.5},"_trs":{"__type__":"TypedArray","ctor":"Float64Array","array":[-6.634,0,0,0,0,0,1,1,1,1]}}],{"__type__":"cc.SpriteFrame","content":{"name":"icon_txk_di","texture":"86rAZ72a1B1ogDPO1OsXFa","rect":[0,0,94,28],"offset":[0,0],"originalSize":[94,28],"capInsets":[0,0,0,0]}},{"__type__":"cc.SpriteFrame","content":{"name":"icon_tx46","texture":"97pSvVJhJL2Kh9eS+XriZO","rect":[0,0,74,74],"offset":[0,0],"originalSize":[74,74],"capInsets":[0,0,0,0]}},{"__type__":"cc.SpriteFrame","content":{"name":"img_locked","texture":"46Q0bHWO5A7ZDAltsx/4d4","rect":[0,0,33,39],"offset":[0,0],"originalSize":[33,39],"capInsets":[0,0,0,0]}},{"__type__":"cc.SpriteFrame","content":{"name":"morentouxiang","texture":"189664600","rect":[181,652,60,60],"offset":[0,0],"originalSize":[60,60],"capInsets":[0,0,0,0]}}]