[{"__type__":"cc.SpriteFrame","content":{"name":"bg_poker","texture":"ccJr2eKqFCha4xiP7V1hU2","rect":[0,0,134,185],"offset":[0,0],"originalSize":[134,185],"capInsets":[0,0,0,0]}},{"__type__":"cc.SpriteFrame","content":{"name":"icon_hb","texture":"c2Ff15hcJAC7Kz/EyqfKxZ","rect":[2,2,31,31],"offset":[0,0],"originalSize":[35,35],"capInsets":[0,0,0,0]}},{"__type__":"cc.SpriteFrame","content":{"name":"bg_spade1_2","texture":"acxV/wVfRHi4XKm8aCNU6U","rect":[44,83,76,84],"offset":[15,-32.5],"originalSize":[134,185],"capInsets":[0,0,0,0]}},{"__type__":"cc.SpriteFrame","content":{"name":"bg_spade1_1","texture":"73sPXfpXVAYb9kbLAw0hxg","rect":[11,59,28,32],"offset":[-42,17.5],"originalSize":[134,185],"capInsets":[0,0,0,0]}},{"__type__":"cc.SpriteFrame","content":{"name":"poker_back1","texture":"821S4dezRMe6aQGPNzTDUX","rect":[1,1,131,182],"offset":[-0.5,0.5],"originalSize":[134,185],"capInsets":[0,0,0,0]}},{"__type__":"cc.SpriteFrame","content":{"name":"bg_mapai","texture":"5fhqBIDr9JcaA9ymALoN4Z","rect":[0,0,191,263],"offset":[0,0],"originalSize":[191,263],"capInsets":[0,0,0,0]}},[{"__type__":"cc.Prefab","_name":"fjssz_cardPrefab","data":{"__id__":1}},{"__type__":"cc.Node","_name":"fjssz_cardPrefab","_children":[{"__id__":2},{"__id__":3},{"__id__":4},{"__id__":5},{"__id__":6},{"__id__":7},{"__id__":8},{"__id__":9}],"_prefab":{"__type__":"cc.PrefabInfo","root":{"__id__":1},"asset":{"__uuid__":"bbt+qCsrdP/Z7vtusUt54F"},"fileId":"f19a25l5FZHypcKC44KgfQI"},"_contentSize":{"__type__":"cc.Size","width":134,"height":185},"_trs":{"__type__":"TypedArray","ctor":"Float64Array","array":[0,0,0,0,0,0,1,1,1,1]}},{"__type__":"cc.Node","_name":"bg_poker","_parent":{"__id__":1},"_components":[{"__type__":"cc.Sprite","node":{"__id__":2},"_materials":[{"__uuid__":"ecpdLyjvZBwrvm+cedCcQy"}],"_spriteFrame":{"__uuid__":"00bHYL//lI95M+zBsJImfw"},"_sizeMode":2,"_isTrimmedMode":false}],"_prefab":{"__type__":"cc.PrefabInfo","root":{"__id__":1},"asset":{"__uuid__":"bbt+qCsrdP/Z7vtusUt54F"},"fileId":"1923aSWDT1ItIi9ZOlbtsES"},"_contentSize":{"__type__":"cc.Size","width":134,"height":185},"_trs":{"__type__":"TypedArray","ctor":"Float64Array","array":[0,0,0,0,0,0,1,1,1,1]}},{"__type__":"cc.Node","_name":"bg_mapai","_parent":{"__id__":1},"_active":false,"_components":[{"__type__":"cc.Sprite","node":{"__id__":3},"_materials":[{"__uuid__":"ecpdLyjvZBwrvm+cedCcQy"}],"_spriteFrame":{"__uuid__":"90APDxlMBMppv23OTOhSkG"},"_type":1,"_sizeMode":0}],"_prefab":{"__type__":"cc.PrefabInfo","root":{"__id__":1},"asset":{"__uuid__":"bbt+qCsrdP/Z7vtusUt54F"},"fileId":"2ea59zJQNhATolYjKjqfSR4"},"_contentSize":{"__type__":"cc.Size","width":134,"height":185},"_trs":{"__type__":"TypedArray","ctor":"Float64Array","array":[0,0,0,0,0,0,1,1,1,1]}},{"__type__":"cc.Node","_name":"num","_parent":{"__id__":1},"_components":[{"__type__":"cc.Sprite","node":{"__id__":4},"_materials":[{"__uuid__":"ecpdLyjvZBwrvm+cedCcQy"}],"_spriteFrame":{"__uuid__":"e0vJWxcKtC+4EavzuLPumQ"},"_sizeMode":2,"_isTrimmedMode":false}],"_prefab":{"__type__":"cc.PrefabInfo","root":{"__id__":1},"asset":{"__uuid__":"bbt+qCsrdP/Z7vtusUt54F"},"fileId":"2d09elrZedCFbiQiA7Vvh9Q"},"_contentSize":{"__type__":"cc.Size","width":36,"height":45},"_trs":{"__type__":"TypedArray","ctor":"Float64Array","array":[-41.7,64.1,0,0,0,0,1,1,1,1]}},{"__type__":"cc.Node","_name":"icon","_parent":{"__id__":1},"_components":[{"__type__":"cc.Sprite","node":{"__id__":5},"_materials":[{"__uuid__":"ecpdLyjvZBwrvm+cedCcQy"}],"_spriteFrame":{"__uuid__":"30dHDWcz9Hto/OHDvq2O0u"},"_sizeMode":2,"_isTrimmedMode":false}],"_prefab":{"__type__":"cc.PrefabInfo","root":{"__id__":1},"asset":{"__uuid__":"bbt+qCsrdP/Z7vtusUt54F"},"fileId":"aa097iTFohD7Lkr8CVskkcN"},"_contentSize":{"__type__":"cc.Size","width":134,"height":185},"_trs":{"__type__":"TypedArray","ctor":"Float64Array","array":[0,0,0,0,0,0,1,1,1,1]}},{"__type__":"cc.Node","_name":"icon_1","_parent":{"__id__":1},"_components":[{"__type__":"cc.Sprite","node":{"__id__":6},"_materials":[{"__uuid__":"ecpdLyjvZBwrvm+cedCcQy"}],"_spriteFrame":{"__uuid__":"24iBwDLdxP3LEl3J8eTyVP"},"_sizeMode":2,"_isTrimmedMode":false}],"_prefab":{"__type__":"cc.PrefabInfo","root":{"__id__":1},"asset":{"__uuid__":"bbt+qCsrdP/Z7vtusUt54F"},"fileId":"77d23aCpvBEeb0wn7g2f4j3"},"_contentSize":{"__type__":"cc.Size","width":134,"height":185},"_trs":{"__type__":"TypedArray","ctor":"Float64Array","array":[0,0,0,0,0,0,1,1,1,1]}},{"__type__":"cc.Node","_name":"icon_2","_parent":{"__id__":1},"_active":false,"_components":[{"__type__":"cc.Sprite","node":{"__id__":7},"_sizeMode":2,"_isTrimmedMode":false}],"_prefab":{"__type__":"cc.PrefabInfo","root":{"__id__":1},"asset":{"__uuid__":"bbt+qCsrdP/Z7vtusUt54F"},"fileId":"62529X1hGFEMYcj2d7mlX/V"},"_contentSize":{"__type__":"cc.Size","width":35,"height":35},"_trs":{"__type__":"TypedArray","ctor":"Float64Array","array":[27.9,55.2,0,0,0,0,1,1,1,1]}},{"__type__":"cc.Node","_name":"icon_3","_parent":{"__id__":1},"_active":false,"_components":[{"__type__":"cc.Sprite","node":{"__id__":8},"_spriteFrame":{"__uuid__":"05Zfl9m3hCuaf7kTSjQY78"},"_sizeMode":2,"_isTrimmedMode":false}],"_prefab":{"__type__":"cc.PrefabInfo","root":{"__id__":1},"asset":{"__uuid__":"bbt+qCsrdP/Z7vtusUt54F"},"fileId":"63e86N7u95MK6S94wPgPIJU"},"_contentSize":{"__type__":"cc.Size","width":35,"height":35},"_trs":{"__type__":"TypedArray","ctor":"Float64Array","array":[-42,-24,0,0,0,0,1,1,1,1]}},{"__type__":"cc.Node","_name":"poker_back","_parent":{"__id__":1},"_active":false,"_components":[{"__type__":"cc.Sprite","node":{"__id__":9},"_spriteFrame":{"__uuid__":"7fhb8aVadKgKkU/Zrbw95J"},"_sizeMode":2}],"_prefab":{"__type__":"cc.PrefabInfo","root":{"__id__":1},"asset":{"__uuid__":"bbt+qCsrdP/Z7vtusUt54F"},"fileId":"df449AyhvxCs69ROVoIzbq4"},"_contentSize":{"__type__":"cc.Size","width":134,"height":185},"_trs":{"__type__":"TypedArray","ctor":"Float64Array","array":[0,0,0,0,0,0,1,1,1,1]}}],{"__type__":"cc.SpriteFrame","content":{"name":"black_3","texture":"16qv13AhpBarXGjfDVpOOQ","rect":[4,1,27,42],"offset":[-0.5,0.5],"originalSize":[36,45],"capInsets":[0,0,0,0]}}]