[{"__type__":"cc.SpriteFrame","content":{"name":"bg_dan","texture":"0dIpFSUQVHC67hBvI+vZup","rect":[0,0,308,252],"offset":[0,0],"originalSize":[308,252],"capInsets":[20,120,20,110]}},{"__type__":"cc.SpriteFrame","content":{"name":"icon_win","texture":"64vi/vSUVLu4js14oUC+jR","rect":[0,0,50,92],"offset":[0,0],"originalSize":[50,92],"capInsets":[0,0,0,0]}},{"__type__":"cc.SpriteFrame","content":{"name":"personal_male","texture":"4cu0xQ4E1Mp6jHE7SsmTVi","rect":[0,0,24,24],"offset":[0,0],"originalSize":[24,24],"capInsets":[0,0,0,0]}},[{"__type__":"cc.Prefab","_name":"wxzmmj_detail_child","data":{"__id__":1}},{"__type__":"cc.Node","_name":"wxzmmj_detail_child","_children":[{"__id__":2},{"__id__":7},{"__id__":45},{"__id__":46}],"_components":[{"__type__":"cc.Sprite","node":{"__id__":1},"_materials":[{"__uuid__":"ecpdLyjvZBwrvm+cedCcQy"}],"_spriteFrame":{"__uuid__":"2bqGev7VdHe4af8c1lQl9d"},"_type":1,"_sizeMode":0},{"__type__":"cd229h41JNNSIt52vYsFuDx","node":{"__id__":1}}],"_prefab":{"__type__":"cc.PrefabInfo","root":{"__id__":1},"asset":{"__uuid__":"6f4d5aY1JIrqEwgDzMJKZL"},"fileId":"8fahkWM0hErrsChheLEaSi"},"_contentSize":{"__type__":"cc.Size","width":308,"height":470},"_trs":{"__type__":"TypedArray","ctor":"Float64Array","array":[0,0,0,0,0,0,1,1,1,1]}},{"__type__":"cc.Node","_name":"user_info","_parent":{"__id__":1},"_children":[{"__id__":3},{"__id__":4},{"__id__":5},{"__id__":6}],"_prefab":{"__type__":"cc.PrefabInfo","root":{"__id__":1},"asset":{"__uuid__":"6f4d5aY1JIrqEwgDzMJKZL"},"fileId":"9d1jNAqmBDAaKGbfTbu+Y4"},"_contentSize":{"__type__":"cc.Size","width":250,"height":80},"_trs":{"__type__":"TypedArray","ctor":"Float64Array","array":[0,151.9,0,0,0,0,1,1,1,1]}},{"__type__":"cc.Node","_name":"head_img","_parent":{"__id__":2},"_components":[{"__type__":"cc.Sprite","node":{"__id__":3},"_materials":[{"__uuid__":"ecpdLyjvZBwrvm+cedCcQy"}],"_spriteFrame":{"__uuid__":"e6JNuRrHVFM4KYnmai3HR+"},"_sizeMode":0,"_isTrimmedMode":false},{"__type__":"f42b8ZzNWFKKI/QT/n8cR1+","node":{"__id__":3}}],"_prefab":{"__type__":"cc.PrefabInfo","root":{"__id__":1},"asset":{"__uuid__":"6f4d5aY1JIrqEwgDzMJKZL"},"fileId":"f8O2EEq4NKhJTR65WQ9cCQ"},"_contentSize":{"__type__":"cc.Size","width":76,"height":76},"_trs":{"__type__":"TypedArray","ctor":"Float64Array","array":[-105,30,0,0,0,0,1,1,1,1]}},{"__type__":"cc.Node","_name":"lable_name","_parent":{"__id__":2},"_components":[{"__type__":"cc.Label","node":{"__id__":4},"_materials":[{"__uuid__":"ecpdLyjvZBwrvm+cedCcQy"}],"_useOriginalSize":false,"_string":"玩家名称七个字","_N$string":"玩家名称七个字","_fontSize":26,"_lineHeight":26,"_N$file":{"__uuid__":"5f5wQekV1CGpJW2meZozWn"},"_isSystemFontUsed":false,"_N$verticalAlign":1}],"_prefab":{"__type__":"cc.PrefabInfo","root":{"__id__":1},"asset":{"__uuid__":"6f4d5aY1JIrqEwgDzMJKZL"},"fileId":"f6w2tY9bJM3JiRCxQC5cZB"},"_color":{"__type__":"cc.Color","r":138,"g":55},"_contentSize":{"__type__":"cc.Size","width":182,"height":32.76},"_anchorPoint":{"__type__":"cc.Vec2","y":0.5},"_trs":{"__type__":"TypedArray","ctor":"Float64Array","array":[-60,53,0,0,0,0,1,1,1,1]}},{"__type__":"cc.Node","_name":"label_id","_parent":{"__id__":2},"_components":[{"__type__":"cc.Label","node":{"__id__":5},"_materials":[{"__uuid__":"ecpdLyjvZBwrvm+cedCcQy"}],"_useOriginalSize":false,"_string":"ID:123654","_N$string":"ID:123654","_fontSize":30,"_lineHeight":30,"_N$file":{"__uuid__":"5f5wQekV1CGpJW2meZozWn"},"_isSystemFontUsed":false,"_N$horizontalAlign":1,"_N$verticalAlign":1}],"_prefab":{"__type__":"cc.PrefabInfo","root":{"__id__":1},"asset":{"__uuid__":"6f4d5aY1JIrqEwgDzMJKZL"},"fileId":"1d0BK3TstC4JwMoaap0Yn3"},"_color":{"__type__":"cc.Color","r":138,"g":55},"_contentSize":{"__type__":"cc.Size","width":131.6,"height":37.8},"_anchorPoint":{"__type__":"cc.Vec2","y":0.5},"_trs":{"__type__":"TypedArray","ctor":"Float64Array","array":[-60,5,0,0,0,0,1,1,1,1]}},{"__type__":"cc.Node","_name":"sex","_parent":{"__id__":2},"_components":[{"__type__":"cc.Sprite","node":{"__id__":6},"_materials":[{"__uuid__":"ecpdLyjvZBwrvm+cedCcQy"}],"_spriteFrame":{"__uuid__":"622UiwhhNFa53CEHZMcq4q"},"_sizeMode":0}],"_prefab":{"__type__":"cc.PrefabInfo","root":{"__id__":1},"asset":{"__uuid__":"6f4d5aY1JIrqEwgDzMJKZL"},"fileId":"97UHqcYGZOd7sMoX2hvuGL"},"_contentSize":{"__type__":"cc.Size","width":24,"height":24},"_trs":{"__type__":"TypedArray","ctor":"Float64Array","array":[94,5.4,0,0,0,0,1,1,1,1]}},{"__type__":"cc.Node","_name":"jiesuan","_parent":{"__id__":1},"_children":[{"__id__":8},{"__id__":37},{"__id__":42},{"__id__":43},{"__id__":44}],"_prefab":{"__type__":"cc.PrefabInfo","root":{"__id__":1},"asset":{"__uuid__":"6f4d5aY1JIrqEwgDzMJKZL"},"fileId":"70pWWj/75L973neNZy7sh0"},"_contentSize":{"__type__":"cc.Size","width":250,"height":350},"_trs":{"__type__":"TypedArray","ctor":"Float64Array","array":[-1,-31,0,0,0,0,1,1,1,1]}},{"__type__":"cc.Node","_name":"huTypes","_parent":{"__id__":7},"_children":[{"__id__":9},{"__id__":13},{"__id__":17},{"__id__":21},{"__id__":25},{"__id__":29},{"__id__":33}],"_components":[{"__type__":"cc.Layout","node":{"__id__":8},"_layoutSize":{"__type__":"cc.Size","width":300,"height":35.28},"_N$layoutType":2}],"_prefab":{"__type__":"cc.PrefabInfo","root":{"__id__":1},"asset":{"__uuid__":"6f4d5aY1JIrqEwgDzMJKZL"},"fileId":"0aeCYkk7xErqC09ADpKVPv"},"_contentSize":{"__type__":"cc.Size","width":300,"height":35.28},"_anchorPoint":{"__type__":"cc.Vec2","x":0.5,"y":1},"_trs":{"__type__":"TypedArray","ctor":"Float64Array","array":[0,156.535,0,0,0,0,1,1,1,1]}},{"__type__":"cc.Node","_name":"zimo","_parent":{"__id__":8},"_children":[{"__id__":10},{"__id__":11},{"__id__":12}],"_prefab":{"__type__":"cc.PrefabInfo","root":{"__id__":1},"asset":{"__uuid__":"6f4d5aY1JIrqEwgDzMJKZL"},"fileId":"45vFPApQdNcatwJrw6S/Ij"},"_color":{"__type__":"cc.Color","r":181,"g":104,"b":48},"_contentSize":{"__type__":"cc.Size","width":28,"height":35.28},"_trs":{"__type__":"TypedArray","ctor":"Float64Array","array":[0,-17.64,0,0,0,0,1,1,1,1]}},{"__type__":"cc.Node","_name":"tip","_parent":{"__id__":9},"_components":[{"__type__":"cc.Label","node":{"__id__":10},"_materials":[{"__uuid__":"ecpdLyjvZBwrvm+cedCcQy"}],"_useOriginalSize":false,"_string":"自摸","_N$string":"自摸","_fontSize":28,"_lineHeight":28,"_N$file":{"__uuid__":"5f5wQekV1CGpJW2meZozWn"},"_isSystemFontUsed":false,"_N$horizontalAlign":1,"_N$verticalAlign":1}],"_prefab":{"__type__":"cc.PrefabInfo","root":{"__id__":1},"asset":{"__uuid__":"6f4d5aY1JIrqEwgDzMJKZL"},"fileId":"0dBV/2LEdD7aywybeJ0aeR"},"_color":{"__type__":"cc.Color","r":181,"g":104,"b":48},"_contentSize":{"__type__":"cc.Size","width":56,"height":35.28},"_trs":{"__type__":"TypedArray","ctor":"Float64Array","array":[-81.859,-2.13,0,0,0,0,1,1,1,1]}},{"__type__":"cc.Node","_name":"num","_parent":{"__id__":9},"_components":[{"__type__":"cc.Label","node":{"__id__":11},"_materials":[{"__uuid__":"ecpdLyjvZBwrvm+cedCcQy"}],"_useOriginalSize":false,"_string":"0","_N$string":"0","_fontSize":35,"_lineHeight":35,"_N$file":{"__uuid__":"5f5wQekV1CGpJW2meZozWn"},"_isSystemFontUsed":false,"_N$verticalAlign":1}],"_prefab":{"__type__":"cc.PrefabInfo","root":{"__id__":1},"asset":{"__uuid__":"6f4d5aY1JIrqEwgDzMJKZL"},"fileId":"29vakKVJ9Hn7qTJfY3x1zj"},"_color":{"__type__":"cc.Color","r":205,"g":51,"b":51},"_contentSize":{"__type__":"cc.Size","width":19.96,"height":44.1},"_trs":{"__type__":"TypedArray","ctor":"Float64Array","array":[53.141,-0.73,0,0,0,0,1,1,1,1]}},{"__type__":"cc.Node","_name":"tip","_parent":{"__id__":9},"_components":[{"__type__":"cc.Label","node":{"__id__":12},"_materials":[{"__uuid__":"ecpdLyjvZBwrvm+cedCcQy"}],"_useOriginalSize":false,"_string":"次","_N$string":"次","_fontSize":28,"_lineHeight":28,"_N$file":{"__uuid__":"5f5wQekV1CGpJW2meZozWn"},"_isSystemFontUsed":false,"_N$horizontalAlign":1,"_N$verticalAlign":1}],"_prefab":{"__type__":"cc.PrefabInfo","root":{"__id__":1},"asset":{"__uuid__":"6f4d5aY1JIrqEwgDzMJKZL"},"fileId":"b4TByHYRFH/7t2Y52fzkKt"},"_color":{"__type__":"cc.Color","r":181,"g":104,"b":48},"_contentSize":{"__type__":"cc.Size","width":28,"height":35.28},"_trs":{"__type__":"TypedArray","ctor":"Float64Array","array":[94.341,-1.43,0,0,0,0,1,1,1,1]}},{"__type__":"cc.Node","_name":"jiepao","_parent":{"__id__":8},"_children":[{"__id__":14},{"__id__":15},{"__id__":16}],"_prefab":{"__type__":"cc.PrefabInfo","root":{"__id__":1},"asset":{"__uuid__":"6f4d5aY1JIrqEwgDzMJKZL"},"fileId":"damUPoZFlG3r5G3KKSaEtQ"},"_color":{"__type__":"cc.Color","r":181,"g":104,"b":48},"_contentSize":{"__type__":"cc.Size","width":28,"height":35.28},"_trs":{"__type__":"TypedArray","ctor":"Float64Array","array":[0,-52.92,0,0,0,0,1,1,1,1]}},{"__type__":"cc.Node","_name":"tip","_parent":{"__id__":13},"_components":[{"__type__":"cc.Label","node":{"__id__":14},"_materials":[{"__uuid__":"ecpdLyjvZBwrvm+cedCcQy"}],"_useOriginalSize":false,"_string":"接炮","_N$string":"接炮","_fontSize":28,"_lineHeight":28,"_N$file":{"__uuid__":"5f5wQekV1CGpJW2meZozWn"},"_isSystemFontUsed":false,"_N$horizontalAlign":1,"_N$verticalAlign":1}],"_prefab":{"__type__":"cc.PrefabInfo","root":{"__id__":1},"asset":{"__uuid__":"6f4d5aY1JIrqEwgDzMJKZL"},"fileId":"342j4yELtMprMVwknqcMT/"},"_color":{"__type__":"cc.Color","r":181,"g":104,"b":48},"_contentSize":{"__type__":"cc.Size","width":56,"height":35.28},"_trs":{"__type__":"TypedArray","ctor":"Float64Array","array":[-81.859,-2.13,0,0,0,0,1,1,1,1]}},{"__type__":"cc.Node","_name":"num","_parent":{"__id__":13},"_components":[{"__type__":"cc.Label","node":{"__id__":15},"_materials":[{"__uuid__":"ecpdLyjvZBwrvm+cedCcQy"}],"_useOriginalSize":false,"_string":"0","_N$string":"0","_fontSize":35,"_lineHeight":35,"_N$file":{"__uuid__":"5f5wQekV1CGpJW2meZozWn"},"_isSystemFontUsed":false,"_N$verticalAlign":1}],"_prefab":{"__type__":"cc.PrefabInfo","root":{"__id__":1},"asset":{"__uuid__":"6f4d5aY1JIrqEwgDzMJKZL"},"fileId":"e6AEe22UNMy7i8eiXmVRxH"},"_color":{"__type__":"cc.Color","r":205,"g":51,"b":51},"_contentSize":{"__type__":"cc.Size","width":19.96,"height":44.1},"_trs":{"__type__":"TypedArray","ctor":"Float64Array","array":[53.141,-0.73,0,0,0,0,1,1,1,1]}},{"__type__":"cc.Node","_name":"tip","_parent":{"__id__":13},"_components":[{"__type__":"cc.Label","node":{"__id__":16},"_materials":[{"__uuid__":"ecpdLyjvZBwrvm+cedCcQy"}],"_useOriginalSize":false,"_string":"次","_N$string":"次","_fontSize":28,"_lineHeight":28,"_N$file":{"__uuid__":"5f5wQekV1CGpJW2meZozWn"},"_isSystemFontUsed":false,"_N$horizontalAlign":1,"_N$verticalAlign":1}],"_prefab":{"__type__":"cc.PrefabInfo","root":{"__id__":1},"asset":{"__uuid__":"6f4d5aY1JIrqEwgDzMJKZL"},"fileId":"f6KZzj8KlAyrClERpigdLZ"},"_color":{"__type__":"cc.Color","r":181,"g":104,"b":48},"_contentSize":{"__type__":"cc.Size","width":28,"height":35.28},"_trs":{"__type__":"TypedArray","ctor":"Float64Array","array":[94.341,-1.43,0,0,0,0,1,1,1,1]}},{"__type__":"cc.Node","_name":"dianpao","_parent":{"__id__":8},"_children":[{"__id__":18},{"__id__":19},{"__id__":20}],"_prefab":{"__type__":"cc.PrefabInfo","root":{"__id__":1},"asset":{"__uuid__":"6f4d5aY1JIrqEwgDzMJKZL"},"fileId":"25bcECBnxLVZSRjnd0az5s"},"_color":{"__type__":"cc.Color","r":181,"g":104,"b":48},"_contentSize":{"__type__":"cc.Size","width":28,"height":35.28},"_trs":{"__type__":"TypedArray","ctor":"Float64Array","array":[0,-88.2,0,0,0,0,1,1,1,1]}},{"__type__":"cc.Node","_name":"tip","_parent":{"__id__":17},"_components":[{"__type__":"cc.Label","node":{"__id__":18},"_materials":[{"__uuid__":"ecpdLyjvZBwrvm+cedCcQy"}],"_useOriginalSize":false,"_string":"点炮","_N$string":"点炮","_fontSize":28,"_lineHeight":28,"_N$file":{"__uuid__":"5f5wQekV1CGpJW2meZozWn"},"_isSystemFontUsed":false,"_N$horizontalAlign":1,"_N$verticalAlign":1}],"_prefab":{"__type__":"cc.PrefabInfo","root":{"__id__":1},"asset":{"__uuid__":"6f4d5aY1JIrqEwgDzMJKZL"},"fileId":"ebiWqY7BBEb6frZ9vrH8T8"},"_color":{"__type__":"cc.Color","r":181,"g":104,"b":48},"_contentSize":{"__type__":"cc.Size","width":56,"height":35.28},"_trs":{"__type__":"TypedArray","ctor":"Float64Array","array":[-81.859,-2.13,0,0,0,0,1,1,1,1]}},{"__type__":"cc.Node","_name":"num","_parent":{"__id__":17},"_components":[{"__type__":"cc.Label","node":{"__id__":19},"_materials":[{"__uuid__":"ecpdLyjvZBwrvm+cedCcQy"}],"_useOriginalSize":false,"_string":"0","_N$string":"0","_fontSize":35,"_lineHeight":35,"_N$file":{"__uuid__":"5f5wQekV1CGpJW2meZozWn"},"_isSystemFontUsed":false,"_N$verticalAlign":1}],"_prefab":{"__type__":"cc.PrefabInfo","root":{"__id__":1},"asset":{"__uuid__":"6f4d5aY1JIrqEwgDzMJKZL"},"fileId":"efH5NVTAFKwa/0qA6omAgj"},"_color":{"__type__":"cc.Color","r":205,"g":51,"b":51},"_contentSize":{"__type__":"cc.Size","width":19.96,"height":44.1},"_trs":{"__type__":"TypedArray","ctor":"Float64Array","array":[53.141,-0.73,0,0,0,0,1,1,1,1]}},{"__type__":"cc.Node","_name":"tip","_parent":{"__id__":17},"_components":[{"__type__":"cc.Label","node":{"__id__":20},"_materials":[{"__uuid__":"ecpdLyjvZBwrvm+cedCcQy"}],"_useOriginalSize":false,"_string":"次","_N$string":"次","_fontSize":28,"_lineHeight":28,"_N$file":{"__uuid__":"5f5wQekV1CGpJW2meZozWn"},"_isSystemFontUsed":false,"_N$horizontalAlign":1,"_N$verticalAlign":1}],"_prefab":{"__type__":"cc.PrefabInfo","root":{"__id__":1},"asset":{"__uuid__":"6f4d5aY1JIrqEwgDzMJKZL"},"fileId":"81xF1MkH5ELLpGPL32MWLR"},"_color":{"__type__":"cc.Color","r":181,"g":104,"b":48},"_contentSize":{"__type__":"cc.Size","width":28,"height":35.28},"_trs":{"__type__":"TypedArray","ctor":"Float64Array","array":[94.341,-1.43,0,0,0,0,1,1,1,1]}},{"__type__":"cc.Node","_name":"diangang","_parent":{"__id__":8},"_children":[{"__id__":22},{"__id__":23},{"__id__":24}],"_active":false,"_prefab":{"__type__":"cc.PrefabInfo","root":{"__id__":1},"asset":{"__uuid__":"6f4d5aY1JIrqEwgDzMJKZL"},"fileId":"cazHnEU4lLC7m7eMmCo/5G"},"_color":{"__type__":"cc.Color","r":181,"g":104,"b":48},"_contentSize":{"__type__":"cc.Size","width":28,"height":35.28},"_trs":{"__type__":"TypedArray","ctor":"Float64Array","array":[0,-52.92,0,0,0,0,1,1,1,1]}},{"__type__":"cc.Node","_name":"tip","_parent":{"__id__":21},"_components":[{"__type__":"cc.Label","node":{"__id__":22},"_materials":[{"__uuid__":"ecpdLyjvZBwrvm+cedCcQy"}],"_useOriginalSize":false,"_string":"点杠","_N$string":"点杠","_fontSize":28,"_lineHeight":28,"_N$file":{"__uuid__":"5f5wQekV1CGpJW2meZozWn"},"_isSystemFontUsed":false,"_N$horizontalAlign":1,"_N$verticalAlign":1}],"_prefab":{"__type__":"cc.PrefabInfo","root":{"__id__":1},"asset":{"__uuid__":"6f4d5aY1JIrqEwgDzMJKZL"},"fileId":"1eP4zSLi1LxbCux/88Zt/k"},"_color":{"__type__":"cc.Color","r":181,"g":104,"b":48},"_contentSize":{"__type__":"cc.Size","width":56,"height":35.28},"_trs":{"__type__":"TypedArray","ctor":"Float64Array","array":[-81.859,-2.13,0,0,0,0,1,1,1,1]}},{"__type__":"cc.Node","_name":"num","_parent":{"__id__":21},"_components":[{"__type__":"cc.Label","node":{"__id__":23},"_materials":[{"__uuid__":"ecpdLyjvZBwrvm+cedCcQy"}],"_useOriginalSize":false,"_string":"0","_N$string":"0","_fontSize":35,"_lineHeight":35,"_N$file":{"__uuid__":"5f5wQekV1CGpJW2meZozWn"},"_isSystemFontUsed":false,"_N$verticalAlign":1}],"_prefab":{"__type__":"cc.PrefabInfo","root":{"__id__":1},"asset":{"__uuid__":"6f4d5aY1JIrqEwgDzMJKZL"},"fileId":"5fDoRQUWRMjpGdY0eW3hti"},"_color":{"__type__":"cc.Color","r":205,"g":51,"b":51},"_contentSize":{"__type__":"cc.Size","width":19.96,"height":44.1},"_trs":{"__type__":"TypedArray","ctor":"Float64Array","array":[53.141,-0.73,0,0,0,0,1,1,1,1]}},{"__type__":"cc.Node","_name":"tip","_parent":{"__id__":21},"_components":[{"__type__":"cc.Label","node":{"__id__":24},"_materials":[{"__uuid__":"ecpdLyjvZBwrvm+cedCcQy"}],"_useOriginalSize":false,"_string":"次","_N$string":"次","_fontSize":28,"_lineHeight":28,"_N$file":{"__uuid__":"5f5wQekV1CGpJW2meZozWn"},"_isSystemFontUsed":false,"_N$horizontalAlign":1,"_N$verticalAlign":1}],"_prefab":{"__type__":"cc.PrefabInfo","root":{"__id__":1},"asset":{"__uuid__":"6f4d5aY1JIrqEwgDzMJKZL"},"fileId":"98YJzR0IVCB7Ws3BUf35J+"},"_color":{"__type__":"cc.Color","r":181,"g":104,"b":48},"_contentSize":{"__type__":"cc.Size","width":28,"height":35.28},"_trs":{"__type__":"TypedArray","ctor":"Float64Array","array":[94.341,-1.43,0,0,0,0,1,1,1,1]}},{"__type__":"cc.Node","_name":"minggang","_parent":{"__id__":8},"_children":[{"__id__":26},{"__id__":27},{"__id__":28}],"_active":false,"_prefab":{"__type__":"cc.PrefabInfo","root":{"__id__":1},"asset":{"__uuid__":"6f4d5aY1JIrqEwgDzMJKZL"},"fileId":"9f9n1Tkw5ObrismOorjvP9"},"_color":{"__type__":"cc.Color","r":181,"g":104,"b":48},"_contentSize":{"__type__":"cc.Size","width":28,"height":35.28},"_trs":{"__type__":"TypedArray","ctor":"Float64Array","array":[0,-123.48,0,0,0,0,1,1,1,1]}},{"__type__":"cc.Node","_name":"tip","_parent":{"__id__":25},"_components":[{"__type__":"cc.Label","node":{"__id__":26},"_materials":[{"__uuid__":"ecpdLyjvZBwrvm+cedCcQy"}],"_useOriginalSize":false,"_string":"明杠","_N$string":"明杠","_fontSize":28,"_lineHeight":28,"_N$file":{"__uuid__":"5f5wQekV1CGpJW2meZozWn"},"_isSystemFontUsed":false,"_N$horizontalAlign":1,"_N$verticalAlign":1}],"_prefab":{"__type__":"cc.PrefabInfo","root":{"__id__":1},"asset":{"__uuid__":"6f4d5aY1JIrqEwgDzMJKZL"},"fileId":"4atZsaX8NL1anUWZ9AlcLI"},"_color":{"__type__":"cc.Color","r":181,"g":104,"b":48},"_contentSize":{"__type__":"cc.Size","width":56,"height":35.28},"_trs":{"__type__":"TypedArray","ctor":"Float64Array","array":[-81.859,-2.13,0,0,0,0,1,1,1,1]}},{"__type__":"cc.Node","_name":"num","_parent":{"__id__":25},"_components":[{"__type__":"cc.Label","node":{"__id__":27},"_materials":[{"__uuid__":"ecpdLyjvZBwrvm+cedCcQy"}],"_useOriginalSize":false,"_string":"0","_N$string":"0","_fontSize":35,"_lineHeight":35,"_N$file":{"__uuid__":"5f5wQekV1CGpJW2meZozWn"},"_isSystemFontUsed":false,"_N$verticalAlign":1}],"_prefab":{"__type__":"cc.PrefabInfo","root":{"__id__":1},"asset":{"__uuid__":"6f4d5aY1JIrqEwgDzMJKZL"},"fileId":"6esXDNdh9LPbfmQsrSxDWV"},"_color":{"__type__":"cc.Color","r":205,"g":51,"b":51},"_contentSize":{"__type__":"cc.Size","width":19.96,"height":44.1},"_trs":{"__type__":"TypedArray","ctor":"Float64Array","array":[53.141,-0.73,0,0,0,0,1,1,1,1]}},{"__type__":"cc.Node","_name":"tip","_parent":{"__id__":25},"_components":[{"__type__":"cc.Label","node":{"__id__":28},"_materials":[{"__uuid__":"ecpdLyjvZBwrvm+cedCcQy"}],"_useOriginalSize":false,"_string":"次","_N$string":"次","_fontSize":28,"_lineHeight":28,"_N$file":{"__uuid__":"5f5wQekV1CGpJW2meZozWn"},"_isSystemFontUsed":false,"_N$horizontalAlign":1,"_N$verticalAlign":1}],"_prefab":{"__type__":"cc.PrefabInfo","root":{"__id__":1},"asset":{"__uuid__":"6f4d5aY1JIrqEwgDzMJKZL"},"fileId":"f4e+HrVzdHc6mmmpVLGbP/"},"_color":{"__type__":"cc.Color","r":181,"g":104,"b":48},"_contentSize":{"__type__":"cc.Size","width":28,"height":35.28},"_trs":{"__type__":"TypedArray","ctor":"Float64Array","array":[94.341,-1.43,0,0,0,0,1,1,1,1]}},{"__type__":"cc.Node","_name":"angang","_parent":{"__id__":8},"_children":[{"__id__":30},{"__id__":31},{"__id__":32}],"_active":false,"_prefab":{"__type__":"cc.PrefabInfo","root":{"__id__":1},"asset":{"__uuid__":"6f4d5aY1JIrqEwgDzMJKZL"},"fileId":"4c3z7YoB1NSq0M1SqOfgp2"},"_color":{"__type__":"cc.Color","r":181,"g":104,"b":48},"_contentSize":{"__type__":"cc.Size","width":28,"height":35.28},"_trs":{"__type__":"TypedArray","ctor":"Float64Array","array":[0,-158.76,0,0,0,0,1,1,1,1]}},{"__type__":"cc.Node","_name":"tip","_parent":{"__id__":29},"_components":[{"__type__":"cc.Label","node":{"__id__":30},"_materials":[{"__uuid__":"ecpdLyjvZBwrvm+cedCcQy"}],"_useOriginalSize":false,"_string":"暗杠","_N$string":"暗杠","_fontSize":28,"_lineHeight":28,"_N$file":{"__uuid__":"5f5wQekV1CGpJW2meZozWn"},"_isSystemFontUsed":false,"_N$horizontalAlign":1,"_N$verticalAlign":1}],"_prefab":{"__type__":"cc.PrefabInfo","root":{"__id__":1},"asset":{"__uuid__":"6f4d5aY1JIrqEwgDzMJKZL"},"fileId":"d3w7OsXtZLfIlxhI34ITXA"},"_color":{"__type__":"cc.Color","r":181,"g":104,"b":48},"_contentSize":{"__type__":"cc.Size","width":56,"height":35.28},"_trs":{"__type__":"TypedArray","ctor":"Float64Array","array":[-81.859,-2.13,0,0,0,0,1,1,1,1]}},{"__type__":"cc.Node","_name":"num","_parent":{"__id__":29},"_components":[{"__type__":"cc.Label","node":{"__id__":31},"_materials":[{"__uuid__":"ecpdLyjvZBwrvm+cedCcQy"}],"_useOriginalSize":false,"_string":"0","_N$string":"0","_fontSize":35,"_lineHeight":35,"_N$file":{"__uuid__":"5f5wQekV1CGpJW2meZozWn"},"_isSystemFontUsed":false,"_N$verticalAlign":1}],"_prefab":{"__type__":"cc.PrefabInfo","root":{"__id__":1},"asset":{"__uuid__":"6f4d5aY1JIrqEwgDzMJKZL"},"fileId":"2cqDbT3T5KPokVAbrC4y4G"},"_color":{"__type__":"cc.Color","r":205,"g":51,"b":51},"_contentSize":{"__type__":"cc.Size","width":19.96,"height":44.1},"_trs":{"__type__":"TypedArray","ctor":"Float64Array","array":[53.141,-0.73,0,0,0,0,1,1,1,1]}},{"__type__":"cc.Node","_name":"tip","_parent":{"__id__":29},"_components":[{"__type__":"cc.Label","node":{"__id__":32},"_materials":[{"__uuid__":"ecpdLyjvZBwrvm+cedCcQy"}],"_useOriginalSize":false,"_string":"次","_N$string":"次","_fontSize":28,"_lineHeight":28,"_N$file":{"__uuid__":"5f5wQekV1CGpJW2meZozWn"},"_isSystemFontUsed":false,"_N$horizontalAlign":1,"_N$verticalAlign":1}],"_prefab":{"__type__":"cc.PrefabInfo","root":{"__id__":1},"asset":{"__uuid__":"6f4d5aY1JIrqEwgDzMJKZL"},"fileId":"14z47mUk1FwJf0d7Wbg+yz"},"_color":{"__type__":"cc.Color","r":181,"g":104,"b":48},"_contentSize":{"__type__":"cc.Size","width":28,"height":35.28},"_trs":{"__type__":"TypedArray","ctor":"Float64Array","array":[94.341,-1.43,0,0,0,0,1,1,1,1]}},{"__type__":"cc.Node","_name":"jiegang","_parent":{"__id__":8},"_children":[{"__id__":34},{"__id__":35},{"__id__":36}],"_active":false,"_prefab":{"__type__":"cc.PrefabInfo","root":{"__id__":1},"asset":{"__uuid__":"6f4d5aY1JIrqEwgDzMJKZL"},"fileId":"1bx8bGmtRFvI0NQLLuuS09"},"_color":{"__type__":"cc.Color","r":181,"g":104,"b":48},"_contentSize":{"__type__":"cc.Size","width":28,"height":35.28},"_trs":{"__type__":"TypedArray","ctor":"Float64Array","array":[0,-194.03999999999996,0,0,0,0,1,1,1,1]}},{"__type__":"cc.Node","_name":"tip","_parent":{"__id__":33},"_components":[{"__type__":"cc.Label","node":{"__id__":34},"_materials":[{"__uuid__":"ecpdLyjvZBwrvm+cedCcQy"}],"_useOriginalSize":false,"_string":"补杠","_N$string":"补杠","_fontSize":28,"_lineHeight":28,"_N$file":{"__uuid__":"5f5wQekV1CGpJW2meZozWn"},"_isSystemFontUsed":false,"_N$horizontalAlign":1,"_N$verticalAlign":1}],"_prefab":{"__type__":"cc.PrefabInfo","root":{"__id__":1},"asset":{"__uuid__":"6f4d5aY1JIrqEwgDzMJKZL"},"fileId":"f1E/tJ3chMv7DZfLBx7IEt"},"_color":{"__type__":"cc.Color","r":181,"g":104,"b":48},"_contentSize":{"__type__":"cc.Size","width":56,"height":35.28},"_trs":{"__type__":"TypedArray","ctor":"Float64Array","array":[-81.859,-2.13,0,0,0,0,1,1,1,1]}},{"__type__":"cc.Node","_name":"num","_parent":{"__id__":33},"_components":[{"__type__":"cc.Label","node":{"__id__":35},"_materials":[{"__uuid__":"ecpdLyjvZBwrvm+cedCcQy"}],"_useOriginalSize":false,"_string":"0","_N$string":"0","_fontSize":35,"_lineHeight":35,"_N$file":{"__uuid__":"5f5wQekV1CGpJW2meZozWn"},"_isSystemFontUsed":false,"_N$verticalAlign":1}],"_prefab":{"__type__":"cc.PrefabInfo","root":{"__id__":1},"asset":{"__uuid__":"6f4d5aY1JIrqEwgDzMJKZL"},"fileId":"c2t+n3zKNCj6fUZv4keXcz"},"_color":{"__type__":"cc.Color","r":205,"g":51,"b":51},"_contentSize":{"__type__":"cc.Size","width":19.96,"height":44.1},"_trs":{"__type__":"TypedArray","ctor":"Float64Array","array":[53.141,-0.73,0,0,0,0,1,1,1,1]}},{"__type__":"cc.Node","_name":"tip","_parent":{"__id__":33},"_components":[{"__type__":"cc.Label","node":{"__id__":36},"_materials":[{"__uuid__":"ecpdLyjvZBwrvm+cedCcQy"}],"_useOriginalSize":false,"_string":"次","_N$string":"次","_fontSize":28,"_lineHeight":28,"_N$file":{"__uuid__":"5f5wQekV1CGpJW2meZozWn"},"_isSystemFontUsed":false,"_N$horizontalAlign":1,"_N$verticalAlign":1}],"_prefab":{"__type__":"cc.PrefabInfo","root":{"__id__":1},"asset":{"__uuid__":"6f4d5aY1JIrqEwgDzMJKZL"},"fileId":"e3DZOaBZFFG5jqbAoP0dpN"},"_color":{"__type__":"cc.Color","r":181,"g":104,"b":48},"_contentSize":{"__type__":"cc.Size","width":28,"height":35.28},"_trs":{"__type__":"TypedArray","ctor":"Float64Array","array":[94.341,-1.43,0,0,0,0,1,1,1,1]}},{"__type__":"cc.Node","_name":"hulist","_parent":{"__id__":7},"_children":[{"__id__":38},{"__id__":39},{"__id__":40},{"__id__":41}],"_active":false,"_components":[{"__type__":"cc.Sprite","node":{"__id__":37},"_type":1,"_sizeMode":0}],"_prefab":{"__type__":"cc.PrefabInfo","root":{"__id__":1},"asset":{"__uuid__":"6f4d5aY1JIrqEwgDzMJKZL"},"fileId":"c4IWmngFRKqpddtdX/yMSi"},"_contentSize":{"__type__":"cc.Size","width":250,"height":100},"_trs":{"__type__":"TypedArray","ctor":"Float64Array","array":[2.6,-40.5,0,0,0,0,1,1,1,1]}},{"__type__":"cc.Node","_name":"label_youjin","_parent":{"__id__":37},"_components":[{"__type__":"cc.Label","node":{"__id__":38},"_useOriginalSize":false,"_string":"游金: 10","_N$string":"游金: 10","_fontSize":30,"_lineHeight":30,"_N$file":{"__uuid__":"5f5wQekV1CGpJW2meZozWn"},"_isSystemFontUsed":false,"_N$verticalAlign":1}],"_prefab":{"__type__":"cc.PrefabInfo","root":{"__id__":1},"asset":{"__uuid__":"6f4d5aY1JIrqEwgDzMJKZL"},"fileId":"cfk4/CQldIAq18zyUgmtft"},"_color":{"__type__":"cc.Color","r":81,"g":22,"b":7},"_contentSize":{"__type__":"cc.Size","width":104.06,"height":30},"_anchorPoint":{"__type__":"cc.Vec2","y":0.5},"_trs":{"__type__":"TypedArray","ctor":"Float64Array","array":[-115.2,21.6,0,0,0,0,1,1,1,1]}},{"__type__":"cc.Node","_name":"label_zimo","_parent":{"__id__":37},"_components":[{"__type__":"cc.Label","node":{"__id__":39},"_useOriginalSize":false,"_string":"自摸: 10","_N$string":"自摸: 10","_fontSize":30,"_lineHeight":30,"_N$file":{"__uuid__":"5f5wQekV1CGpJW2meZozWn"},"_isSystemFontUsed":false,"_N$verticalAlign":1}],"_prefab":{"__type__":"cc.PrefabInfo","root":{"__id__":1},"asset":{"__uuid__":"6f4d5aY1JIrqEwgDzMJKZL"},"fileId":"f52gd2wsFH1q8qkkEFAUJk"},"_color":{"__type__":"cc.Color","r":81,"g":22,"b":7},"_contentSize":{"__type__":"cc.Size","width":104.06,"height":30},"_anchorPoint":{"__type__":"cc.Vec2","y":0.5},"_trs":{"__type__":"TypedArray","ctor":"Float64Array","array":[9.5,21.8,0,0,0,0,1,1,1,1]}},{"__type__":"cc.Node","_name":"label_pinghu","_parent":{"__id__":37},"_components":[{"__type__":"cc.Label","node":{"__id__":40},"_useOriginalSize":false,"_string":"平胡: 10","_N$string":"平胡: 10","_fontSize":30,"_lineHeight":30,"_N$file":{"__uuid__":"5f5wQekV1CGpJW2meZozWn"},"_isSystemFontUsed":false,"_N$verticalAlign":1}],"_prefab":{"__type__":"cc.PrefabInfo","root":{"__id__":1},"asset":{"__uuid__":"6f4d5aY1JIrqEwgDzMJKZL"},"fileId":"2aipsDiplPlbj9Jid3aYze"},"_color":{"__type__":"cc.Color","r":81,"g":22,"b":7},"_contentSize":{"__type__":"cc.Size","width":104.06,"height":30},"_anchorPoint":{"__type__":"cc.Vec2","y":0.5},"_trs":{"__type__":"TypedArray","ctor":"Float64Array","array":[-114.6,-22,0,0,0,0,1,1,1,1]}},{"__type__":"cc.Node","_name":"label_qita","_parent":{"__id__":37},"_components":[{"__type__":"cc.Label","node":{"__id__":41},"_useOriginalSize":false,"_string":"其他: 10","_N$string":"其他: 10","_fontSize":30,"_lineHeight":30,"_N$file":{"__uuid__":"5f5wQekV1CGpJW2meZozWn"},"_isSystemFontUsed":false,"_N$verticalAlign":1}],"_prefab":{"__type__":"cc.PrefabInfo","root":{"__id__":1},"asset":{"__uuid__":"6f4d5aY1JIrqEwgDzMJKZL"},"fileId":"f8m+DQAsZGA7XeM8GQyL94"},"_color":{"__type__":"cc.Color","r":81,"g":22,"b":7},"_contentSize":{"__type__":"cc.Size","width":104.06,"height":30},"_anchorPoint":{"__type__":"cc.Vec2","y":0.5},"_trs":{"__type__":"TypedArray","ctor":"Float64Array","array":[9.5,-22,0,0,0,0,1,1,1,1]}},{"__type__":"cc.Node","_name":"lb_lost","_parent":{"__id__":7},"_components":[{"__type__":"cc.Label","node":{"__id__":42},"_materials":[{"__uuid__":"ecpdLyjvZBwrvm+cedCcQy"}],"_useOriginalSize":false,"_string":"-50000","_N$string":"-50000","_fontSize":32,"_N$file":{"__uuid__":"59kzsyiIFGS5Deoo4o1bsG"},"_isSystemFontUsed":false,"_N$horizontalAlign":1,"_N$verticalAlign":1}],"_prefab":{"__type__":"cc.PrefabInfo","root":{"__id__":1},"asset":{"__uuid__":"6f4d5aY1JIrqEwgDzMJKZL"},"fileId":"43SBKvYdRBur+w9F9BMWR+"},"_contentSize":{"__type__":"cc.Size","width":174,"height":40},"_trs":{"__type__":"TypedArray","ctor":"Float64Array","array":[0,-134,0,0,0,0,1,1.2,1.2,1]}},{"__type__":"cc.Node","_name":"lb_win","_parent":{"__id__":7},"_components":[{"__type__":"cc.Label","node":{"__id__":43},"_materials":[{"__uuid__":"ecpdLyjvZBwrvm+cedCcQy"}],"_useOriginalSize":false,"_string":"+50000","_N$string":"+50000","_fontSize":1,"_lineHeight":1,"_N$file":{"__uuid__":"72IVOMk1hKZ49cj8VmMTmu"},"_isSystemFontUsed":false,"_N$horizontalAlign":1,"_N$verticalAlign":1}],"_prefab":{"__type__":"cc.PrefabInfo","root":{"__id__":1},"asset":{"__uuid__":"6f4d5aY1JIrqEwgDzMJKZL"},"fileId":"9bZ3asR9NBHazmyD4WDoFj"},"_contentSize":{"__type__":"cc.Size","width":174,"height":1},"_trs":{"__type__":"TypedArray","ctor":"Float64Array","array":[0,-114,0,0,0,0,1,1.2,1.2,1]}},{"__type__":"cc.Node","_name":"lb_sportsPoint","_parent":{"__id__":7},"_components":[{"__type__":"cc.Label","node":{"__id__":44},"_materials":[{"__uuid__":"ecpdLyjvZBwrvm+cedCcQy"}],"_useOriginalSize":false,"_fontSize":30,"_lineHeight":35,"_N$file":{"__uuid__":"5f5wQekV1CGpJW2meZozWn"},"_isSystemFontUsed":false,"_N$verticalAlign":1}],"_prefab":{"__type__":"cc.PrefabInfo","root":{"__id__":1},"asset":{"__uuid__":"6f4d5aY1JIrqEwgDzMJKZL"},"fileId":"9bJhfKxA5GA4wszkq8Hvtq"},"_color":{"__type__":"cc.Color","r":138,"g":55},"_contentSize":{"__type__":"cc.Size","height":44.1},"_trs":{"__type__":"TypedArray","ctor":"Float64Array","array":[0,-179,0,0,0,0,1,1,1,1]}},{"__type__":"cc.Node","_name":"icon_win","_parent":{"__id__":1},"_components":[{"__type__":"cc.Sprite","node":{"__id__":45},"_materials":[{"__uuid__":"ecpdLyjvZBwrvm+cedCcQy"}],"_spriteFrame":{"__uuid__":"4c4dLTVzdKtKrALiOaDCvO"}}],"_prefab":{"__type__":"cc.PrefabInfo","root":{"__id__":1},"asset":{"__uuid__":"6f4d5aY1JIrqEwgDzMJKZL"},"fileId":"06mnFpi75JcLOT91LWk7XD"},"_contentSize":{"__type__":"cc.Size","width":50,"height":92},"_anchorPoint":{"__type__":"cc.Vec2","x":1,"y":0.5},"_trs":{"__type__":"TypedArray","ctor":"Float64Array","array":[150,198,0,0,0,0,1,0.8,0.8,1]}},{"__type__":"cc.Node","_name":"icon_paoshou","_parent":{"__id__":1},"_components":[{"__type__":"cc.Sprite","node":{"__id__":46},"_materials":[{"__uuid__":"ecpdLyjvZBwrvm+cedCcQy"}],"_spriteFrame":{"__uuid__":"7bsAj7W0lDyam8bcmtxeMT"}}],"_prefab":{"__type__":"cc.PrefabInfo","root":{"__id__":1},"asset":{"__uuid__":"6f4d5aY1JIrqEwgDzMJKZL"},"fileId":"d9yvmi2oRF+59EEDUGoYI7"},"_contentSize":{"__type__":"cc.Size","width":94,"height":94},"_anchorPoint":{"__type__":"cc.Vec2","x":1,"y":0.5},"_trs":{"__type__":"TypedArray","ctor":"Float64Array","array":[-97,-152,0,0,0,0,1,0.8,0.8,1]}}],{"__type__":"cc.SpriteFrame","content":{"name":"icon_zjps","texture":"2f6HDHjihOX4bgIE3G1f+g","rect":[0,0,94,94],"offset":[0,0],"originalSize":[94,94],"capInsets":[0,0,0,0]}},{"__type__":"cc.SpriteFrame","content":{"name":"morentouxiang","texture":"189664600","rect":[181,652,60,60],"offset":[0,0],"originalSize":[60,60],"capInsets":[0,0,0,0]}}]