[{"__type__":"cc.SpriteFrame","content":{"name":"bg_xinxi_zj","texture":"e5YCX4CYNCwbYC5vh6Y08M","rect":[0,0,60,60],"offset":[0,0],"originalSize":[60,60],"capInsets":[10,10,10,10]}},{"__type__":"cc.SpriteFrame","content":{"name":"btn_xq","texture":"ecLfCUJn1G66JNFZ2W+5XL","rect":[0,0,111,64],"offset":[0,0],"originalSize":[111,64],"capInsets":[0,0,0,0]}},{"__type__":"cc.SpriteFrame","content":{"name":"btn_up01","texture":"c1HDP8I55Kb4JXk7D5OI8e","rect":[0,0,31,43],"offset":[0,0],"originalSize":[31,43],"capInsets":[0,0,0,0]}},{"__type__":"cc.SpriteFrame","content":{"name":"img_zz","texture":"feJ99w8IxO6YPEZDplnZTc","rect":[0,0,64,64],"offset":[0,0],"originalSize":[64,64],"capInsets":[0,0,0,0]}},{"__type__":"cc.SpriteFrame","content":{"name":"btn_return","texture":"b7mS7uW1lJhYCNc2kNa57r","rect":[0,0,64,57],"offset":[0,0],"originalSize":[64,57],"capInsets":[0,0,0,0]}},{"__type__":"cc.SpriteFrame","content":{"name":"btn_tz","texture":"b0wg3hTB5CAp7O+kZrK5jx","rect":[0,0,122,59],"offset":[0,0],"originalSize":[122,59],"capInsets":[0,0,0,0]}},{"__type__":"cc.SpriteFrame","content":{"name":"img_t_zjcjd","texture":"8e0teSEkVFl6hYb0TrjQEg","rect":[0,0,281,63],"offset":[-0.5,0],"originalSize":[282,63],"capInsets":[0,0,0,0]}},{"__type__":"cc.SpriteFrame","content":{"name":"bg_bg&tm_zj","texture":"33/91BbTpAnrhm4OrFBAnc","rect":[0,0,1360,760],"offset":[0,0],"originalSize":[1360,760],"capInsets":[0,0,0,0]}},{"__type__":"cc.SpriteFrame","content":{"name":"mg_nub_ye","texture":"72UNRFtGJHWZvXo/2EcJva","rect":[0,0,200,48],"offset":[0,0],"originalSize":[200,48],"capInsets":[28,22,27,22]}},[{"__type__":"cc.Prefab","_name":"UIClubReport","data":{"__id__":1}},{"__type__":"cc.Node","_name":"UIClubReport","_children":[{"__id__":2},{"__id__":4},{"__id__":5},{"__id__":17},{"__id__":33},{"__id__":35},{"__id__":37},{"__id__":39}],"_components":[{"__type__":"cc.Widget","node":{"__id__":1},"alignMode":0,"_alignFlags":45,"_originalWidth":750,"_originalHeight":1360},{"__type__":"cc.Button","node":{"__id__":1},"_N$normalColor":{"__type__":"cc.Color","r":214,"g":214,"b":214},"_N$target":{"__id__":1}},{"__type__":"cc.Sprite","node":{"__id__":1},"_materials":[{"__uuid__":"ecpdLyjvZBwrvm+cedCcQy"}],"_spriteFrame":{"__uuid__":"1f1tpQZd9F5bnEvuP+nr++"},"_sizeMode":0},{"__type__":"bcbecwFts5H0otp2GEFoLqj","node":{"__id__":1},"recordlist_scrollView":{"__id__":32},"recordlist_layout":{"__id__":31},"recordlist_demo":{"__id__":18},"top":{"__id__":5},"editbox":{"__id__":14}}],"_prefab":{"__type__":"cc.PrefabInfo","root":{"__id__":1},"asset":{"__uuid__":"ab79VHGnJNMIOpEqdoKHfK"},"fileId":"43f3ceqaAlC5ZUY+FvHIA5J"},"_contentSize":{"__type__":"cc.Size","width":1360,"height":760},"_trs":{"__type__":"TypedArray","ctor":"Float64Array","array":[680,380,0,0,0,0,1,1,1,1]}},{"__type__":"cc.Node","_name":"bg","_parent":{"__id__":1},"_children":[{"__id__":3}],"_components":[{"__type__":"cc.Sprite","node":{"__id__":2},"_materials":[{"__uuid__":"ecpdLyjvZBwrvm+cedCcQy"}],"_spriteFrame":{"__uuid__":"8eRVt31IlCOJGrkHAeJqwO"},"_type":1},{"__type__":"cc.Widget","node":{"__id__":2},"alignMode":0,"_alignFlags":45,"_originalWidth":1360,"_originalHeight":760}],"_prefab":{"__type__":"cc.PrefabInfo","root":{"__id__":1},"asset":{"__uuid__":"ab79VHGnJNMIOpEqdoKHfK"},"fileId":"16850HcHq1N+rwsF9WWqe/G"},"_contentSize":{"__type__":"cc.Size","width":1360,"height":760},"_trs":{"__type__":"TypedArray","ctor":"Float64Array","array":[0,0,0,0,0,0,1,1,1,1]}},{"__type__":"cc.Node","_name":"New Sprite","_parent":{"__id__":2},"_components":[{"__type__":"cc.Sprite","node":{"__id__":3},"_materials":[{"__uuid__":"ecpdLyjvZBwrvm+cedCcQy"}],"_spriteFrame":{"__uuid__":"88rB9uxqdJ+rpeq1hqyjox"}}],"_prefab":{"__type__":"cc.PrefabInfo","root":{"__id__":1},"asset":{"__uuid__":"ab79VHGnJNMIOpEqdoKHfK"},"fileId":"8fbffyZBFxGJrZgaXENxB1v"},"_contentSize":{"__type__":"cc.Size","width":281,"height":63},"_trs":{"__type__":"TypedArray","ctor":"Float64Array","array":[0,332,0,0,0,0,1,1,1,1]}},{"__type__":"cc.Node","_name":"btn_close","_parent":{"__id__":1},"_components":[{"__type__":"cc.Sprite","node":{"__id__":4},"_materials":[{"__uuid__":"ecpdLyjvZBwrvm+cedCcQy"}],"_spriteFrame":{"__uuid__":"2cXN9vlw5O1YPSGGEeRO0P"}},{"__type__":"cc.Button","node":{"__id__":4},"clickEvents":[{"__type__":"cc.ClickEvent","target":{"__id__":1},"_componentId":"bcbecwFts5H0otp2GEFoLqj","handler":"OnClick_BtnWnd"}],"_N$normalColor":{"__type__":"cc.Color","r":214,"g":214,"b":214},"_N$target":{"__id__":4}},{"__type__":"cc.Widget","node":{"__id__":4},"alignMode":0,"_alignFlags":9,"_left":25,"_top":25}],"_prefab":{"__type__":"cc.PrefabInfo","root":{"__id__":1},"asset":{"__uuid__":"ab79VHGnJNMIOpEqdoKHfK"},"fileId":"a0c4dnqsqlD5YcmdkopDutr"},"_contentSize":{"__type__":"cc.Size","width":64,"height":57},"_trs":{"__type__":"TypedArray","ctor":"Float64Array","array":[-623,326.5,0,0,0,0,1,1,1,1]}},{"__type__":"cc.Node","_name":"top","_parent":{"__id__":1},"_children":[{"__id__":6},{"__id__":7},{"__id__":15}],"_components":[{"__type__":"cc.Widget","node":{"__id__":5},"alignMode":0,"_alignFlags":41,"_top":108}],"_prefab":{"__type__":"cc.PrefabInfo","root":{"__id__":1},"asset":{"__uuid__":"ab79VHGnJNMIOpEqdoKHfK"},"fileId":"e62eaZD0idPiYA9OUMmmPfs"},"_contentSize":{"__type__":"cc.Size","width":1360,"height":100},"_anchorPoint":{"__type__":"cc.Vec2","x":0.5,"y":1},"_trs":{"__type__":"TypedArray","ctor":"Float64Array","array":[0,272,0,0,0,0,1,1,1,1]}},{"__type__":"cc.Node","_name":"New Label","_parent":{"__id__":5},"_components":[{"__type__":"cc.Label","node":{"__id__":6},"_materials":[{"__uuid__":"ecpdLyjvZBwrvm+cedCcQy"}],"_useOriginalSize":false,"_string":"筛选成绩单：","_N$string":"筛选成绩单：","_fontSize":30,"_lineHeight":30,"_N$horizontalAlign":1,"_N$verticalAlign":1}],"_prefab":{"__type__":"cc.PrefabInfo","root":{"__id__":1},"asset":{"__uuid__":"ab79VHGnJNMIOpEqdoKHfK"},"fileId":"47e57MPvS5MAacgdaM7NNXP"},"_contentSize":{"__type__":"cc.Size","width":180,"height":37.8},"_anchorPoint":{"__type__":"cc.Vec2","y":0.5},"_trs":{"__type__":"TypedArray","ctor":"Float64Array","array":[-631,-17,0,0,0,0,1,1,1,1]}},{"__type__":"cc.Node","_name":"editbox","_parent":{"__id__":5},"_children":[{"__id__":8},{"__id__":10},{"__id__":12}],"_components":[{"__id__":14}],"_prefab":{"__type__":"cc.PrefabInfo","root":{"__id__":1},"asset":{"__uuid__":"ab79VHGnJNMIOpEqdoKHfK"},"fileId":"69c38mZFVxNJbEENh0tPei0"},"_contentSize":{"__type__":"cc.Size","width":800,"height":50},"_trs":{"__type__":"TypedArray","ctor":"Float64Array","array":[-27,-17,0,0,0,0,1,1,1,1]}},{"__type__":"cc.Node","_name":"BACKGROUND_SPRITE","_parent":{"__id__":7},"_components":[{"__id__":9}],"_prefab":{"__type__":"cc.PrefabInfo","root":{"__id__":1},"asset":{"__uuid__":"ab79VHGnJNMIOpEqdoKHfK"},"fileId":"95Nu+M4opKaKJdwEcfZuAz"},"_contentSize":{"__type__":"cc.Size","width":800,"height":50},"_trs":{"__type__":"TypedArray","ctor":"Float64Array","array":[0,0,0,0,0,0,1,1,1,1]}},{"__type__":"cc.Sprite","node":{"__id__":8},"_materials":[{"__uuid__":"ecpdLyjvZBwrvm+cedCcQy"}],"_spriteFrame":{"__uuid__":"d5pdkrPUNLroQLRjAkaEb4"},"_type":1,"_sizeMode":0},{"__type__":"cc.Node","_name":"TEXT_LABEL","_parent":{"__id__":7},"_active":false,"_components":[{"__id__":11}],"_prefab":{"__type__":"cc.PrefabInfo","root":{"__id__":1},"asset":{"__uuid__":"ab79VHGnJNMIOpEqdoKHfK"},"fileId":"64wkS5RiBBSJZLtBd9Nm48"},"_color":{"__type__":"cc.Color","r":196,"g":196,"b":196},"_contentSize":{"__type__":"cc.Size","width":798,"height":50},"_anchorPoint":{"__type__":"cc.Vec2","y":1},"_trs":{"__type__":"TypedArray","ctor":"Float64Array","array":[-398,25,0,0,0,0,1,1,1,1]}},{"__type__":"cc.Label","node":{"__id__":10},"_enableWrapText":false,"_N$verticalAlign":1,"_N$overflow":1},{"__type__":"cc.Node","_name":"PLACEHOLDER_LABEL","_parent":{"__id__":7},"_components":[{"__id__":13}],"_prefab":{"__type__":"cc.PrefabInfo","root":{"__id__":1},"asset":{"__uuid__":"ab79VHGnJNMIOpEqdoKHfK"},"fileId":"72ttB9io1JJphM+QOc8fex"},"_color":{"__type__":"cc.Color","r":196,"g":196,"b":196},"_contentSize":{"__type__":"cc.Size","width":798,"height":50},"_anchorPoint":{"__type__":"cc.Vec2","y":1},"_trs":{"__type__":"TypedArray","ctor":"Float64Array","array":[-398,25,0,0,0,0,1,1,1,1]}},{"__type__":"cc.Label","node":{"__id__":12},"_materials":[{"__uuid__":"ecpdLyjvZBwrvm+cedCcQy"}],"_string":"  请输入玩家ID/备注/昵称","_N$string":"  请输入玩家ID/备注/昵称","_fontSize":30,"_lineHeight":50,"_enableWrapText":false,"_N$verticalAlign":1,"_N$overflow":1},{"__type__":"cc.EditBox","node":{"__id__":7},"_useOriginalSize":false,"maxLength":50,"_tabIndex":20,"_N$textLabel":{"__id__":11},"_N$placeholderLabel":{"__id__":13},"_N$background":{"__id__":9},"_N$inputMode":6},{"__type__":"cc.Node","_name":"btn_search","_parent":{"__id__":5},"_children":[{"__id__":16}],"_components":[{"__type__":"cc.Sprite","node":{"__id__":15},"_materials":[{"__uuid__":"ecpdLyjvZBwrvm+cedCcQy"}],"_spriteFrame":{"__uuid__":"fakrZ3HW9IyY502+gPW8Ui"}},{"__type__":"cc.Button","node":{"__id__":15},"clickEvents":[{"__type__":"cc.ClickEvent","target":{"__id__":1},"_componentId":"bcbecwFts5H0otp2GEFoLqj","handler":"OnClick_BtnWnd"}],"_N$transition":3,"transition":3,"_N$normalColor":{"__type__":"cc.Color","r":214,"g":214,"b":214},"_N$target":{"__id__":15}}],"_prefab":{"__type__":"cc.PrefabInfo","root":{"__id__":1},"asset":{"__uuid__":"ab79VHGnJNMIOpEqdoKHfK"},"fileId":"48728TEuEhMXJYhU474cLOJ"},"_contentSize":{"__type__":"cc.Size","width":124,"height":50},"_trs":{"__type__":"TypedArray","ctor":"Float64Array","array":[489,-16.2,0,0,0,0,1,1,1,1]}},{"__type__":"cc.Node","_name":"New Label","_parent":{"__id__":15},"_components":[{"__type__":"cc.Label","node":{"__id__":16},"_materials":[{"__uuid__":"ecpdLyjvZBwrvm+cedCcQy"}],"_useOriginalSize":false,"_string":"搜 索","_N$string":"搜 索","_fontSize":30,"_lineHeight":30,"_N$file":{"__uuid__":"5f5wQekV1CGpJW2meZozWn"},"_isSystemFontUsed":false,"_N$horizontalAlign":1,"_N$verticalAlign":1}],"_prefab":{"__type__":"cc.PrefabInfo","root":{"__id__":1},"asset":{"__uuid__":"ab79VHGnJNMIOpEqdoKHfK"},"fileId":"5ec31tue4RBW4TF/JbOZvxr"},"_color":{"__type__":"cc.Color","r":154,"g":83,"b":14},"_contentSize":{"__type__":"cc.Size","width":67.97,"height":37.8},"_trs":{"__type__":"TypedArray","ctor":"Float64Array","array":[0,0,0,0,0,0,1,1,1,1]}},{"__type__":"cc.Node","_name":"mark","_parent":{"__id__":1},"_children":[{"__id__":18},{"__id__":31}],"_components":[{"__type__":"cc.Mask","node":{"__id__":17},"_materials":[{"__uuid__":"ecpdLyjvZBwrvm+cedCcQy"}],"_N$alphaThreshold":1},{"__id__":32}],"_prefab":{"__type__":"cc.PrefabInfo","root":{"__id__":1},"asset":{"__uuid__":"ab79VHGnJNMIOpEqdoKHfK"},"fileId":"ce39btFqS5FTqVSIeTK3eK6"},"_contentSize":{"__type__":"cc.Size","width":1350,"height":500},"_anchorPoint":{"__type__":"cc.Vec2","x":0.5,"y":1},"_trs":{"__type__":"TypedArray","ctor":"Float64Array","array":[0,206.782,0,0,0,0,1,1,1,1]}},{"__type__":"cc.Node","_name":"demo","_parent":{"__id__":17},"_children":[{"__id__":19},{"__id__":20},{"__id__":21},{"__id__":22},{"__id__":23},{"__id__":24},{"__id__":25},{"__id__":26},{"__id__":27},{"__id__":28},{"__id__":29},{"__id__":30}],"_components":[{"__type__":"cc.Sprite","node":{"__id__":18},"_materials":[{"__uuid__":"ecpdLyjvZBwrvm+cedCcQy"}],"_spriteFrame":{"__uuid__":"03fS8Z7rVHyqUrlOQ6QGdv"},"_type":1,"_sizeMode":0}],"_prefab":{"__type__":"cc.PrefabInfo","root":{"__id__":1},"asset":{"__uuid__":"ab79VHGnJNMIOpEqdoKHfK"},"fileId":"74hl4QuB1EFoy1/uieWRsW"},"_contentSize":{"__type__":"cc.Size","width":1300,"height":124},"_trs":{"__type__":"TypedArray","ctor":"Float64Array","array":[0,-67.4,0,0,0,0,1,1,1,1]}},{"__type__":"cc.Node","_name":"head","_parent":{"__id__":18},"_components":[{"__type__":"cc.Sprite","node":{"__id__":19},"_materials":[{"__uuid__":"ecpdLyjvZBwrvm+cedCcQy"}],"_spriteFrame":{"__uuid__":"e6JNuRrHVFM4KYnmai3HR+"},"_sizeMode":0},{"__type__":"f42b8ZzNWFKKI/QT/n8cR1+","node":{"__id__":19}}],"_prefab":{"__type__":"cc.PrefabInfo","root":{"__id__":1},"asset":{"__uuid__":"ab79VHGnJNMIOpEqdoKHfK"},"fileId":"ccT2QAjrFBgJLrK745nOzi"},"_contentSize":{"__type__":"cc.Size","width":100,"height":100},"_trs":{"__type__":"TypedArray","ctor":"Float64Array","array":[-582,-0.1,0,0,0,0,1,1,1,1]}},{"__type__":"cc.Node","_name":"lb_clubName","_parent":{"__id__":18},"_components":[{"__type__":"cc.Label","node":{"__id__":20},"_materials":[{"__uuid__":"ecpdLyjvZBwrvm+cedCcQy"}],"_useOriginalSize":false,"_string":"亲友圈名称","_N$string":"亲友圈名称","_fontSize":20,"_lineHeight":22,"_N$file":{"__uuid__":"5f5wQekV1CGpJW2meZozWn"},"_isSystemFontUsed":false,"_N$horizontalAlign":1,"_N$verticalAlign":1}],"_prefab":{"__type__":"cc.PrefabInfo","root":{"__id__":1},"asset":{"__uuid__":"ab79VHGnJNMIOpEqdoKHfK"},"fileId":"37UrCV94JABJBQuj3OC5F7"},"_color":{"__type__":"cc.Color","r":155,"g":63,"b":18},"_contentSize":{"__type__":"cc.Size","width":100,"height":27.72},"_anchorPoint":{"__type__":"cc.Vec2","y":0.5},"_trs":{"__type__":"TypedArray","ctor":"Float64Array","array":[-522,45.239,0,0,0,0,1,1,1,1]}},{"__type__":"cc.Node","_name":"lb_name","_parent":{"__id__":18},"_components":[{"__type__":"cc.Label","node":{"__id__":21},"_materials":[{"__uuid__":"ecpdLyjvZBwrvm+cedCcQy"}],"_useOriginalSize":false,"_string":"K开心超人156","_N$string":"K开心超人156","_fontSize":30,"_lineHeight":30,"_N$file":{"__uuid__":"5f5wQekV1CGpJW2meZozWn"},"_isSystemFontUsed":false,"_N$horizontalAlign":1,"_N$verticalAlign":1}],"_prefab":{"__type__":"cc.PrefabInfo","root":{"__id__":1},"asset":{"__uuid__":"ab79VHGnJNMIOpEqdoKHfK"},"fileId":"56kLFQOkFLS5NO5TkQP9v1"},"_color":{"__type__":"cc.Color","r":182,"g":60},"_contentSize":{"__type__":"cc.Size","width":183.52,"height":37.8},"_anchorPoint":{"__type__":"cc.Vec2","y":0.5},"_trs":{"__type__":"TypedArray","ctor":"Float64Array","array":[-522,16.2,0,0,0,0,1,1,1,1]}},{"__type__":"cc.Node","_name":"lb_id","_parent":{"__id__":18},"_components":[{"__type__":"cc.Label","node":{"__id__":22},"_materials":[{"__uuid__":"ecpdLyjvZBwrvm+cedCcQy"}],"_useOriginalSize":false,"_string":"ID:888888","_N$string":"ID:888888","_fontSize":30,"_lineHeight":30,"_N$file":{"__uuid__":"5f5wQekV1CGpJW2meZozWn"},"_isSystemFontUsed":false,"_N$horizontalAlign":1,"_N$verticalAlign":1}],"_prefab":{"__type__":"cc.PrefabInfo","root":{"__id__":1},"asset":{"__uuid__":"ab79VHGnJNMIOpEqdoKHfK"},"fileId":"137okWqS9DxY/1Ad+sLzCh"},"_color":{"__type__":"cc.Color","r":155,"g":63,"b":18},"_contentSize":{"__type__":"cc.Size","width":137.7,"height":37.8},"_anchorPoint":{"__type__":"cc.Vec2","y":0.5},"_trs":{"__type__":"TypedArray","ctor":"Float64Array","array":[-522,-25.3,0,0,0,0,1,1,1,1]}},{"__type__":"cc.Node","_name":"lb_fangka","_parent":{"__id__":18},"_components":[{"__type__":"cc.Label","node":{"__id__":23},"_materials":[{"__uuid__":"ecpdLyjvZBwrvm+cedCcQy"}],"_useOriginalSize":false,"_string":"钻石：0场/0局","_N$string":"钻石：0场/0局","_fontSize":31,"_lineHeight":31,"_N$file":{"__uuid__":"5f5wQekV1CGpJW2meZozWn"},"_isSystemFontUsed":false,"_N$horizontalAlign":1,"_N$verticalAlign":1}],"_prefab":{"__type__":"cc.PrefabInfo","root":{"__id__":1},"asset":{"__uuid__":"ab79VHGnJNMIOpEqdoKHfK"},"fileId":"e5wVnCLulKVYuSF3ioVaYW"},"_color":{"__type__":"cc.Color","r":168,"g":95,"b":54},"_contentSize":{"__type__":"cc.Size","width":202.95,"height":39.06},"_anchorPoint":{"__type__":"cc.Vec2","y":0.5},"_trs":{"__type__":"TypedArray","ctor":"Float64Array","array":[-270,27,0,0,0,0,1,1,1,1]}},{"__type__":"cc.Node","_name":"lb_quanka","_parent":{"__id__":18},"_active":false,"_components":[{"__type__":"cc.Label","node":{"__id__":24},"_materials":[{"__uuid__":"ecpdLyjvZBwrvm+cedCcQy"}],"_useOriginalSize":false,"_string":"圈卡：0场/0局","_N$string":"圈卡：0场/0局","_fontSize":31,"_lineHeight":31,"_N$file":{"__uuid__":"5f5wQekV1CGpJW2meZozWn"},"_isSystemFontUsed":false,"_N$horizontalAlign":1,"_N$verticalAlign":1}],"_prefab":{"__type__":"cc.PrefabInfo","root":{"__id__":1},"asset":{"__uuid__":"ab79VHGnJNMIOpEqdoKHfK"},"fileId":"a1vqbpCodKk5MpY6l3xffA"},"_color":{"__type__":"cc.Color","r":168,"g":95,"b":54},"_contentSize":{"__type__":"cc.Size","width":202.95,"height":39.06},"_anchorPoint":{"__type__":"cc.Vec2","y":0.5},"_trs":{"__type__":"TypedArray","ctor":"Float64Array","array":[-270,-22,0,0,0,0,1,1,1,1]}},{"__type__":"cc.Node","_name":"lb_canyu","_parent":{"__id__":18},"_components":[{"__type__":"cc.Label","node":{"__id__":25},"_materials":[{"__uuid__":"ecpdLyjvZBwrvm+cedCcQy"}],"_useOriginalSize":false,"_string":"参    与：0场","_N$string":"参    与：0场","_fontSize":31,"_lineHeight":31,"_N$file":{"__uuid__":"5f5wQekV1CGpJW2meZozWn"},"_isSystemFontUsed":false,"_N$horizontalAlign":1,"_N$verticalAlign":1}],"_prefab":{"__type__":"cc.PrefabInfo","root":{"__id__":1},"asset":{"__uuid__":"ab79VHGnJNMIOpEqdoKHfK"},"fileId":"a4cQDB2ptBlZzCnZY9xGGG"},"_color":{"__type__":"cc.Color","r":168,"g":95,"b":54},"_contentSize":{"__type__":"cc.Size","width":174.62,"height":39.06},"_anchorPoint":{"__type__":"cc.Vec2","y":0.5},"_trs":{"__type__":"TypedArray","ctor":"Float64Array","array":[10,29,0,0,0,0,1,1,1,1]}},{"__type__":"cc.Node","_name":"lb_yingjia","_parent":{"__id__":18},"_components":[{"__type__":"cc.Label","node":{"__id__":26},"_materials":[{"__uuid__":"ecpdLyjvZBwrvm+cedCcQy"}],"_useOriginalSize":false,"_string":"大赢家：0场","_N$string":"大赢家：0场","_fontSize":31,"_lineHeight":31,"_N$file":{"__uuid__":"5f5wQekV1CGpJW2meZozWn"},"_isSystemFontUsed":false,"_N$horizontalAlign":1,"_N$verticalAlign":1}],"_prefab":{"__type__":"cc.PrefabInfo","root":{"__id__":1},"asset":{"__uuid__":"ab79VHGnJNMIOpEqdoKHfK"},"fileId":"96U2wFjQJPAo7eS5QNOxT4"},"_color":{"__type__":"cc.Color","r":168,"g":95,"b":54},"_contentSize":{"__type__":"cc.Size","width":172.68,"height":39.06},"_anchorPoint":{"__type__":"cc.Vec2","y":0.5},"_trs":{"__type__":"TypedArray","ctor":"Float64Array","array":[10,-20,0,0,0,0,1,1,1,1]}},{"__type__":"cc.Node","_name":"lb_point","_parent":{"__id__":18},"_components":[{"__type__":"cc.Label","node":{"__id__":27},"_materials":[{"__uuid__":"ecpdLyjvZBwrvm+cedCcQy"}],"_useOriginalSize":false,"_string":"+21","_N$string":"+21","_fontSize":50,"_lineHeight":56,"_N$file":{"__uuid__":"5f5wQekV1CGpJW2meZozWn"},"_isSystemFontUsed":false,"_N$horizontalAlign":1,"_N$verticalAlign":1}],"_prefab":{"__type__":"cc.PrefabInfo","root":{"__id__":1},"asset":{"__uuid__":"ab79VHGnJNMIOpEqdoKHfK"},"fileId":"c74kYAsiNNDZcvLL6xC3hd"},"_color":{"__type__":"cc.Color","r":228,"g":38,"b":38},"_contentSize":{"__type__":"cc.Size","width":76.76,"height":70.56},"_anchorPoint":{"__type__":"cc.Vec2","y":0.5},"_trs":{"__type__":"TypedArray","ctor":"Float64Array","array":[344,29,0,0,0,0,1,1,1,1]}},{"__type__":"cc.Node","_name":"tip","_parent":{"__id__":18},"_components":[{"__type__":"cc.Label","node":{"__id__":28},"_materials":[{"__uuid__":"ecpdLyjvZBwrvm+cedCcQy"}],"_useOriginalSize":false,"_string":"总成绩:","_N$string":"总成绩:","_fontSize":31,"_lineHeight":31,"_N$file":{"__uuid__":"5f5wQekV1CGpJW2meZozWn"},"_isSystemFontUsed":false,"_N$horizontalAlign":1,"_N$verticalAlign":1}],"_prefab":{"__type__":"cc.PrefabInfo","root":{"__id__":1},"asset":{"__uuid__":"ab79VHGnJNMIOpEqdoKHfK"},"fileId":"07VhIXnepO74dzIbHq/nOg"},"_color":{"__type__":"cc.Color","r":168,"g":95,"b":54},"_contentSize":{"__type__":"cc.Size","width":101.23,"height":39.06},"_anchorPoint":{"__type__":"cc.Vec2","y":0.5},"_trs":{"__type__":"TypedArray","ctor":"Float64Array","array":[227,29,0,0,0,0,1,1,1,1]}},{"__type__":"cc.Node","_name":"lb_pl","_parent":{"__id__":18},"_components":[{"__type__":"cc.Label","node":{"__id__":29},"_materials":[{"__uuid__":"ecpdLyjvZBwrvm+cedCcQy"}],"_useOriginalSize":false,"_string":"比赛分：+100","_N$string":"比赛分：+100","_fontSize":31,"_lineHeight":31,"_N$file":{"__uuid__":"5f5wQekV1CGpJW2meZozWn"},"_isSystemFontUsed":false,"_N$horizontalAlign":1,"_N$verticalAlign":1}],"_prefab":{"__type__":"cc.PrefabInfo","root":{"__id__":1},"asset":{"__uuid__":"ab79VHGnJNMIOpEqdoKHfK"},"fileId":"06wTPRJNxGAIXseFXjWiK5"},"_color":{"__type__":"cc.Color","r":168,"g":95,"b":54},"_contentSize":{"__type__":"cc.Size","width":189.27,"height":39.06},"_anchorPoint":{"__type__":"cc.Vec2","y":0.5},"_trs":{"__type__":"TypedArray","ctor":"Float64Array","array":[226,-22,0,0,0,0,1,1,1,1]}},{"__type__":"cc.Node","_name":"btn_detail","_parent":{"__id__":18},"_components":[{"__type__":"cc.Sprite","node":{"__id__":30},"_materials":[{"__uuid__":"ecpdLyjvZBwrvm+cedCcQy"}],"_spriteFrame":{"__uuid__":"048CE6tE1D8L8z5t8n/T5N"}},{"__type__":"cc.Button","node":{"__id__":30},"clickEvents":[{"__type__":"cc.ClickEvent","target":{"__id__":1},"_componentId":"bcbecwFts5H0otp2GEFoLqj","handler":"OnClick_BtnWnd"}],"_N$transition":3,"transition":3,"_N$normalColor":{"__type__":"cc.Color","r":214,"g":214,"b":214},"_N$target":{"__id__":30}}],"_prefab":{"__type__":"cc.PrefabInfo","root":{"__id__":1},"asset":{"__uuid__":"ab79VHGnJNMIOpEqdoKHfK"},"fileId":"52NNySAYJHFq1XXVmXMswT"},"_contentSize":{"__type__":"cc.Size","width":111,"height":64},"_trs":{"__type__":"TypedArray","ctor":"Float64Array","array":[556,0,0,0,0,0,1,1,1,1]}},{"__type__":"cc.Node","_name":"layout","_parent":{"__id__":17},"_components":[{"__type__":"cc.Layout","node":{"__id__":31},"_layoutSize":{"__type__":"cc.Size","width":1300,"height":124},"_resize":1,"_N$layoutType":2,"_N$spacingY":10}],"_prefab":{"__type__":"cc.PrefabInfo","root":{"__id__":1},"asset":{"__uuid__":"ab79VHGnJNMIOpEqdoKHfK"},"fileId":"66c2btkgZtBSKFBHVGL0lpB"},"_contentSize":{"__type__":"cc.Size","width":1300,"height":124},"_anchorPoint":{"__type__":"cc.Vec2","x":0.5,"y":1},"_trs":{"__type__":"TypedArray","ctor":"Float64Array","array":[0,-5.4,0,0,0,0,1,1,1,1]}},{"__type__":"cc.ScrollView","node":{"__id__":17},"horizontal":false,"brake":0.9,"_N$content":{"__id__":31},"content":{"__id__":31}},{"__type__":"cc.Node","_name":"btn_next","_parent":{"__id__":1},"_children":[{"__id__":34}],"_components":[{"__type__":"cc.Button","node":{"__id__":33},"clickEvents":[{"__type__":"cc.ClickEvent","target":{"__id__":1},"_componentId":"bcbecwFts5H0otp2GEFoLqj","handler":"OnClick_BtnWnd"}],"_N$transition":3,"transition":3,"_N$normalColor":{"__type__":"cc.Color","r":214,"g":214,"b":214},"_N$target":{"__id__":33}}],"_prefab":{"__type__":"cc.PrefabInfo","root":{"__id__":1},"asset":{"__uuid__":"ab79VHGnJNMIOpEqdoKHfK"},"fileId":"66yE4RmYZD3qEXeXqU9iGD"},"_contentSize":{"__type__":"cc.Size","width":60,"height":60},"_trs":{"__type__":"TypedArray","ctor":"Float64Array","array":[110,-329.135,0,0,0,0,1,-1,-1,1]}},{"__type__":"cc.Node","_name":"New Sprite","_parent":{"__id__":33},"_components":[{"__type__":"cc.Sprite","node":{"__id__":34},"_materials":[{"__uuid__":"ecpdLyjvZBwrvm+cedCcQy"}],"_spriteFrame":{"__uuid__":"05UnV1p3xA17mLF3BUeiWa"}}],"_prefab":{"__type__":"cc.PrefabInfo","root":{"__id__":1},"asset":{"__uuid__":"ab79VHGnJNMIOpEqdoKHfK"},"fileId":"99fxd9QsxOtafOKJCmkiHy"},"_contentSize":{"__type__":"cc.Size","width":31,"height":43},"_trs":{"__type__":"TypedArray","ctor":"Float64Array","array":[0,0,0,0,0,0,1,1,1,1]}},{"__type__":"cc.Node","_name":"btn_last","_parent":{"__id__":1},"_children":[{"__id__":36}],"_components":[{"__type__":"cc.Button","node":{"__id__":35},"clickEvents":[{"__type__":"cc.ClickEvent","target":{"__id__":1},"_componentId":"bcbecwFts5H0otp2GEFoLqj","handler":"OnClick_BtnWnd"}],"_N$transition":3,"transition":3,"_N$normalColor":{"__type__":"cc.Color","r":214,"g":214,"b":214},"_N$target":{"__id__":35}}],"_prefab":{"__type__":"cc.PrefabInfo","root":{"__id__":1},"asset":{"__uuid__":"ab79VHGnJNMIOpEqdoKHfK"},"fileId":"51TF3dI+xJ7LP7L77F5/pM"},"_contentSize":{"__type__":"cc.Size","width":60,"height":60},"_trs":{"__type__":"TypedArray","ctor":"Float64Array","array":[-110,-329.135,0,0,0,0,1,1,1,1]}},{"__type__":"cc.Node","_name":"New Sprite","_parent":{"__id__":35},"_components":[{"__type__":"cc.Sprite","node":{"__id__":36},"_materials":[{"__uuid__":"ecpdLyjvZBwrvm+cedCcQy"}],"_spriteFrame":{"__uuid__":"05UnV1p3xA17mLF3BUeiWa"}}],"_prefab":{"__type__":"cc.PrefabInfo","root":{"__id__":1},"asset":{"__uuid__":"ab79VHGnJNMIOpEqdoKHfK"},"fileId":"0d/xgUFa9E8L75acW38TKJ"},"_contentSize":{"__type__":"cc.Size","width":31,"height":43},"_trs":{"__type__":"TypedArray","ctor":"Float64Array","array":[0,0,0,0,0,0,1,1,1,1]}},{"__type__":"cc.Node","_name":"page","_parent":{"__id__":1},"_children":[{"__id__":38}],"_components":[{"__type__":"cc.Sprite","node":{"__id__":37},"_materials":[{"__uuid__":"ecpdLyjvZBwrvm+cedCcQy"}],"_spriteFrame":{"__uuid__":"9bgQgHfRRA5qVVxfjJCpxI"},"_type":1,"_sizeMode":0}],"_prefab":{"__type__":"cc.PrefabInfo","root":{"__id__":1},"asset":{"__uuid__":"ab79VHGnJNMIOpEqdoKHfK"},"fileId":"09BGLi7pNCq7MCovs28JTd"},"_contentSize":{"__type__":"cc.Size","width":150,"height":48},"_trs":{"__type__":"TypedArray","ctor":"Float64Array","array":[0,-329.812,0,0,0,0,1,1,1,1]}},{"__type__":"cc.Node","_name":"lb_page","_parent":{"__id__":37},"_components":[{"__type__":"cc.Label","node":{"__id__":38},"_materials":[{"__uuid__":"ecpdLyjvZBwrvm+cedCcQy"}],"_useOriginalSize":false,"_string":"1","_N$string":"1","_fontSize":30,"_lineHeight":30,"_N$file":{"__uuid__":"5f5wQekV1CGpJW2meZozWn"},"_isSystemFontUsed":false,"_N$horizontalAlign":1,"_N$verticalAlign":1}],"_prefab":{"__type__":"cc.PrefabInfo","root":{"__id__":1},"asset":{"__uuid__":"ab79VHGnJNMIOpEqdoKHfK"},"fileId":"c8X35cxvBEFprGnnsXs5ID"},"_color":{"__type__":"cc.Color","r":138,"g":55},"_contentSize":{"__type__":"cc.Size","width":11.02,"height":37.8},"_trs":{"__type__":"TypedArray","ctor":"Float64Array","array":[0,0,0,0,0,0,1,1,1,1]}},{"__type__":"cc.Node","_name":"pageGo","_parent":{"__id__":1},"_children":[{"__id__":40},{"__id__":47}],"_components":[{"__type__":"cc.Sprite","node":{"__id__":39},"_materials":[{"__uuid__":"ecpdLyjvZBwrvm+cedCcQy"}],"_spriteFrame":{"__uuid__":"9bgQgHfRRA5qVVxfjJCpxI"}}],"_prefab":{"__type__":"cc.PrefabInfo","root":{"__id__":1},"asset":{"__uuid__":"ab79VHGnJNMIOpEqdoKHfK"},"fileId":"557vZ2DuxHnLryyVvVGwTw"},"_contentSize":{"__type__":"cc.Size","width":200,"height":48},"_trs":{"__type__":"TypedArray","ctor":"Float64Array","array":[404.277,-329,0,0,0,0,1,1,1,1]}},{"__type__":"cc.Node","_name":"pageEditBox","_parent":{"__id__":39},"_children":[{"__id__":41},{"__id__":43},{"__id__":45}],"_components":[{"__type__":"cc.EditBox","node":{"__id__":40},"_useOriginalSize":false,"maxLength":3,"_N$textLabel":{"__id__":44},"_N$placeholderLabel":{"__id__":46},"_N$background":{"__id__":42},"_N$inputMode":2}],"_prefab":{"__type__":"cc.PrefabInfo","root":{"__id__":1},"asset":{"__uuid__":"ab79VHGnJNMIOpEqdoKHfK"},"fileId":"2bEK6BMLpDlLhykzSH1DaO"},"_contentSize":{"__type__":"cc.Size","width":160,"height":40},"_trs":{"__type__":"TypedArray","ctor":"Float64Array","array":[0,0,0,0,0,0,1,1,1,1]}},{"__type__":"cc.Node","_name":"BACKGROUND_SPRITE","_parent":{"__id__":40},"_components":[{"__id__":42},{"__type__":"cc.Widget","node":{"__id__":41},"alignMode":0,"_alignFlags":45,"_originalWidth":160,"_originalHeight":40}],"_prefab":{"__type__":"cc.PrefabInfo","root":{"__id__":1},"asset":{"__uuid__":"ab79VHGnJNMIOpEqdoKHfK"},"fileId":"18p9nxxoZPZpnfJcv28ZsC"},"_color":{"__type__":"cc.Color","r":138,"g":55},"_contentSize":{"__type__":"cc.Size","width":160,"height":40},"_trs":{"__type__":"TypedArray","ctor":"Float64Array","array":[0,0,0,0,0,0,1,1,1,1]}},{"__type__":"cc.Sprite","node":{"__id__":41},"_materials":[{"__uuid__":"ecpdLyjvZBwrvm+cedCcQy"}],"_type":1,"_sizeMode":0},{"__type__":"cc.Node","_name":"TEXT_LABEL","_parent":{"__id__":40},"_active":false,"_components":[{"__id__":44},{"__type__":"cc.Widget","node":{"__id__":43},"alignMode":0,"_alignFlags":45,"_left":2,"_originalWidth":158,"_originalHeight":40}],"_prefab":{"__type__":"cc.PrefabInfo","root":{"__id__":1},"asset":{"__uuid__":"ab79VHGnJNMIOpEqdoKHfK"},"fileId":"36EQ2PectFVZP7UT2WSkBn"},"_color":{"__type__":"cc.Color","r":138,"g":55},"_contentSize":{"__type__":"cc.Size","width":160,"height":40},"_anchorPoint":{"__type__":"cc.Vec2","y":1},"_trs":{"__type__":"TypedArray","ctor":"Float64Array","array":[-78,20,0,0,0,0,1,1,1,1]}},{"__type__":"cc.Label","node":{"__id__":43},"_materials":[{"__uuid__":"ecpdLyjvZBwrvm+cedCcQy"}],"_fontSize":20,"_lineHeight":25,"_enableWrapText":false,"_N$file":{"__uuid__":"5f5wQekV1CGpJW2meZozWn"},"_isSystemFontUsed":false,"_N$horizontalAlign":1,"_N$verticalAlign":1,"_N$overflow":1},{"__type__":"cc.Node","_name":"PLACEHOLDER_LABEL","_parent":{"__id__":40},"_components":[{"__id__":46},{"__type__":"cc.Widget","node":{"__id__":45},"alignMode":0,"_alignFlags":45,"_left":2,"_right":-2,"_originalWidth":158,"_originalHeight":40}],"_prefab":{"__type__":"cc.PrefabInfo","root":{"__id__":1},"asset":{"__uuid__":"ab79VHGnJNMIOpEqdoKHfK"},"fileId":"ddj+2k2DhOeKzIJDCpbdpK"},"_color":{"__type__":"cc.Color","r":138,"g":55},"_contentSize":{"__type__":"cc.Size","width":160,"height":40},"_anchorPoint":{"__type__":"cc.Vec2","y":1},"_trs":{"__type__":"TypedArray","ctor":"Float64Array","array":[-78,20,0,0,0,0,1,1,1,1]}},{"__type__":"cc.Label","node":{"__id__":45},"_materials":[{"__uuid__":"ecpdLyjvZBwrvm+cedCcQy"}],"_string":"请输入跳转的页数","_N$string":"请输入跳转的页数","_fontSize":20,"_lineHeight":25,"_enableWrapText":false,"_N$file":{"__uuid__":"5f5wQekV1CGpJW2meZozWn"},"_isSystemFontUsed":false,"_N$verticalAlign":1,"_N$overflow":1},{"__type__":"cc.Node","_name":"btn_tz","_parent":{"__id__":39},"_components":[{"__type__":"cc.Sprite","node":{"__id__":47},"_materials":[{"__uuid__":"ecpdLyjvZBwrvm+cedCcQy"}],"_spriteFrame":{"__uuid__":"50Pbp0RLtEdb8pwriYAdUM"}},{"__type__":"cc.Button","node":{"__id__":47},"_normalMaterial":{"__uuid__":"ecpdLyjvZBwrvm+cedCcQy"},"clickEvents":[{"__type__":"cc.ClickEvent","target":{"__id__":1},"_componentId":"bcbecwFts5H0otp2GEFoLqj","handler":"OnClick_BtnWnd"}],"_N$transition":3,"transition":3,"_N$target":{"__id__":47}}],"_prefab":{"__type__":"cc.PrefabInfo","root":{"__id__":1},"asset":{"__uuid__":"ab79VHGnJNMIOpEqdoKHfK"},"fileId":"9e1AdZV1NLaKSUTIQFQBcA"},"_contentSize":{"__type__":"cc.Size","width":122,"height":59},"_trs":{"__type__":"TypedArray","ctor":"Float64Array","array":[175.269,0,0,0,0,0,1,1,1,1]}}],{"__type__":"cc.SpriteFrame","content":{"name":"dw_zj ","texture":"f9SBOILqpOvLBcDzYl9fC5","rect":[0,0,94,53],"offset":[0,0],"originalSize":[94,53],"capInsets":[30,0,30,0]}},{"__type__":"cc.SpriteFrame","content":{"name":"morentouxiang","texture":"189664600","rect":[181,652,60,60],"offset":[0,0],"originalSize":[60,60],"capInsets":[0,0,0,0]}},{"__type__":"cc.SpriteFrame","content":{"name":"dwup_zj","texture":"a6RjU6sm9JCpj8uPU338Sk","rect":[0,0,124,50],"offset":[0,0],"originalSize":[124,50],"capInsets":[0,0,0,0]}}]