[{"__type__":"cc.SpriteFrame","content":{"name":"bipai_ani13","texture":"typdk192-c4a8-4ea2-a848-f1e8800d2fcb","rect":[154,30,561,577],"offset":[-2.5,23.5],"originalSize":[874,684],"capInsets":[0,0,0,0]}},{"__type__":"cc.SpriteFrame","content":{"name":"bipai_ani2","texture":"typdk03e-876a-47e4-96a9-14d2a946a9ef","rect":[89,58,688,524],"offset":[-4,22],"originalSize":[874,684],"capInsets":[0,0,0,0]}},{"__type__":"cc.SpriteFrame","content":{"name":"bipai_ani8","texture":"typdkb2c-d28e-4c60-a07f-085fe2de6ebc","rect":[80,0,711,678],"offset":[-1.5,3],"originalSize":[874,684],"capInsets":[0,0,0,0]}},{"__type__":"cc.SpriteFrame","content":{"name":"bipai_ani6","texture":"typdkdb4-9e83-4cd4-8db3-7e6091dd207b","rect":[134,52,603,575],"offset":[-1.5,2.5],"originalSize":[874,684],"capInsets":[0,0,0,0]}},{"__type__":"cc.SpriteFrame","content":{"name":"bipai_ani1","texture":"typdka51-5fd7-45d3-b07e-a2cafe40edb6","rect":[0,2,874,680],"offset":[0,0],"originalSize":[874,684],"capInsets":[0,0,0,0]}},{"__type__":"cc.AnimationClip","_name":"vs","_duration":1.0166666666666666,"curveData":{"comps":{"cc.Sprite":{"spriteFrame":[{"frame":0,"value":{"__uuid__":"typdk629-713b-43c7-8202-2d4865e394bb"}},{"frame":0.08333333333333333,"value":{"__uuid__":"typdk154-ce35-4a63-8118-074e526c8fe9"}},{"frame":0.16666666666666666,"value":{"__uuid__":"typdk7c8-883d-4c57-bec7-e121c0f8c511"}},{"frame":0.25,"value":{"__uuid__":"typdk72e-0451-48da-9160-1cf51e234947"}},{"frame":0.3333333333333333,"value":{"__uuid__":"typdkc5f-6099-45b0-b52d-fdf674a2d732"}},{"frame":0.4166666666666667,"value":{"__uuid__":"typdk30d-e5dc-4b60-a32b-1993b895c086"}},{"frame":0.5,"value":{"__uuid__":"typdk7b8-6ea1-4980-a6ba-f67b810ca001"}},{"frame":0.5833333333333334,"value":{"__uuid__":"typdk2c5-e0bc-4887-b6f8-afebbd2d5182"}},{"frame":0.6666666666666666,"value":{"__uuid__":"typdk9f9-ca85-40ae-a756-6997edeb29d8"}},{"frame":0.75,"value":{"__uuid__":"typdk9b0-8139-4591-83fd-ee2e3ec90e68"}},{"frame":0.8333333333333334,"value":{"__uuid__":"typdke25-f267-4d15-bb5d-2ea16dbcc37b"}},{"frame":0.9166666666666666,"value":{"__uuid__":"typdke82-480b-4342-8f23-dfd8e00fce2f"}},{"frame":1,"value":{"__uuid__":"typdk150-0271-4a6d-ab81-21461e7aac18"}}]}}}},{"__type__":"cc.SpriteFrame","content":{"name":"bipai_ani4","texture":"typdkcf1-c94b-4363-a1fc-d3d90f883227","rect":[215,140,431,383],"offset":[-6.5,10.5],"originalSize":[874,684],"capInsets":[0,0,0,0]}},{"__type__":"cc.SpriteFrame","content":{"name":"bipai_ani7","texture":"typdk31d-d3f7-4795-a5ee-752311d22f6a","rect":[134,52,603,575],"offset":[-1.5,2.5],"originalSize":[874,684],"capInsets":[0,0,0,0]}},{"__type__":"cc.SpriteFrame","content":{"name":"bipai_ani3","texture":"typdk6b1-63b2-4e8c-b2a1-403fed00c698","rect":[172,122,517,420],"offset":[-6.5,10],"originalSize":[874,684],"capInsets":[0,0,0,0]}},{"__type__":"cc.SpriteFrame","content":{"name":"bipai_ani10","texture":"typdk876-06cd-4963-9514-22c9d68b7416","rect":[215,139,431,384],"offset":[-6.5,11],"originalSize":[874,684],"capInsets":[0,0,0,0]}},{"__type__":"cc.SpriteFrame","content":{"name":"bipai_ani9","texture":"typdk359-c9f8-4377-925a-23b52190713f","rect":[215,140,431,383],"offset":[-6.5,10.5],"originalSize":[874,684],"capInsets":[0,0,0,0]}},{"__type__":"cc.SpriteFrame","content":{"name":"bipai_ani5","texture":"typdk32a-4c46-4328-b83a-5b9aeff509c6","rect":[171,88,528,504],"offset":[-2,2],"originalSize":[874,684],"capInsets":[0,0,0,0]}},{"__type__":"cc.SpriteFrame","content":{"name":"bipai_ani11","texture":"typdk8f4-8e03-4a7c-aafe-cdfce98b9c88","rect":[215,95,438,447],"offset":[-3,23.5],"originalSize":[874,684],"capInsets":[0,0,0,0]}},{"__type__":"cc.SpriteFrame","content":{"name":"bipai_ani12","texture":"typdk28d-d50d-407a-b0f8-09b3ced31f2a","rect":[194,71,482,496],"offset":[-2,23],"originalSize":[874,684],"capInsets":[0,0,0,0]}}]