[[{"__type__":"cc.Prefab","_name":"UIPDK_ResultXY","data":{"__id__":1}},{"__type__":"cc.Node","_name":"UIPDK_ResultXY","_children":[{"__id__":2},{"__id__":3},{"__id__":4},{"__id__":5},{"__id__":6},{"__id__":7},{"__id__":8},{"__id__":66},{"__id__":67},{"__id__":68},{"__id__":70},{"__id__":72},{"__id__":74},{"__id__":75},{"__id__":76},{"__id__":77},{"__id__":79},{"__id__":80}],"_components":[{"__type__":"cc.Widget","node":{"__id__":1},"alignMode":0,"_alignFlags":45,"_originalWidth":1360,"_originalHeight":760},{"__type__":"cc.Button","node":{"__id__":1},"clickEvents":[{"__type__":"cc.ClickEvent","target":{"__id__":1},"handler":"OnClick_Form"}],"_N$normalColor":{"__type__":"cc.Color","r":214,"g":214,"b":214},"_N$target":{"__id__":1}},{"__type__":"b14d0eWeLxJkKZlHk8NrAiU","node":{"__id__":1},"playerList":{"__id__":8},"room_Id":{"__id__":69},"lb_jushu":{"__id__":71},"end_Time":{"__id__":73},"cardPrefab":{"__uuid__":"typdk192-2251-4fa8-915f-0fec808199d3"},"icon_winlost":[{"__uuid__":"d6GB2ksQpKDrwtWqH7FYdx"},{"__uuid__":"e5ZvGuR35JhJIXo+vEWY9T"}]}],"_prefab":{"__type__":"cc.PrefabInfo","root":{"__id__":1},"asset":{"__uuid__":"31jaerUGlAeYqv/iE54/zz"},"fileId":"808c0zku6dOkbuZNTNfHEIw"},"_contentSize":{"__type__":"cc.Size","width":1360,"height":760},"_trs":{"__type__":"TypedArray","ctor":"Float64Array","array":[680,380,0,0,0,0,1,1,1,1]}},{"__type__":"cc.Node","_name":"bg_mask","_parent":{"__id__":1},"_components":[{"__type__":"cc.Sprite","node":{"__id__":2},"_materials":[{"__uuid__":"ecpdLyjvZBwrvm+cedCcQy"}],"_spriteFrame":{"__uuid__":"9bvaMerUlDyary99mJa6xp"},"_type":1,"_sizeMode":0},{"__type__":"cc.Widget","node":{"__id__":2},"alignMode":0,"_alignFlags":45,"_originalWidth":1600,"_originalHeight":800}],"_prefab":{"__type__":"cc.PrefabInfo","root":{"__id__":1},"asset":{"__uuid__":"31jaerUGlAeYqv/iE54/zz"},"fileId":"8e78enVvKxGsrNgRPh7wktE"},"_opacity":200,"_color":{"__type__":"cc.Color"},"_contentSize":{"__type__":"cc.Size","width":1360,"height":760},"_trs":{"__type__":"TypedArray","ctor":"Float64Array","array":[0,0,0,0,0,0,1,1,1,1]}},{"__type__":"cc.Node","_name":"bg","_parent":{"__id__":1},"_components":[{"__type__":"cc.Sprite","node":{"__id__":3},"_materials":[{"__uuid__":"ecpdLyjvZBwrvm+cedCcQy"}],"_spriteFrame":{"__uuid__":"6eYMZ1si1LtKoRNsUqrQRL"},"_type":1},{"__type__":"cc.Widget","node":{"__id__":3},"alignMode":0,"_alignFlags":40,"_left":679.5,"_right":-196.5,"_originalWidth":1360,"_originalHeight":760}],"_prefab":{"__type__":"cc.PrefabInfo","root":{"__id__":1},"asset":{"__uuid__":"31jaerUGlAeYqv/iE54/zz"},"fileId":"09d87fDojhCmrG2C9Etrb5G"},"_contentSize":{"__type__":"cc.Size","width":877,"height":665},"_anchorPoint":{"__type__":"cc.Vec2","y":0.5},"_trs":{"__type__":"TypedArray","ctor":"Float64Array","array":[-0.5,48.182,0,0,0,0,1,1,1,1]}},{"__type__":"cc.Node","_name":"bg2","_parent":{"__id__":1},"_components":[{"__type__":"cc.Sprite","node":{"__id__":4},"_materials":[{"__uuid__":"ecpdLyjvZBwrvm+cedCcQy"}],"_spriteFrame":{"__uuid__":"6eYMZ1si1LtKoRNsUqrQRL"},"_type":1},{"__type__":"cc.Widget","node":{"__id__":4},"alignMode":0,"_alignFlags":40,"_left":-196,"_right":679,"_originalWidth":1360,"_originalHeight":760}],"_prefab":{"__type__":"cc.PrefabInfo","root":{"__id__":1},"asset":{"__uuid__":"31jaerUGlAeYqv/iE54/zz"},"fileId":"f7LOEjaABNV5Xx+U201rrW"},"_contentSize":{"__type__":"cc.Size","width":877,"height":665},"_anchorPoint":{"__type__":"cc.Vec2","y":0.5},"_trs":{"__type__":"TypedArray","ctor":"Float64Array","array":[1,48.182,0,0,0,0,1,-1,1,1]}},{"__type__":"cc.Node","_name":"bg3","_parent":{"__id__":1},"_active":false,"_components":[{"__type__":"cc.Sprite","node":{"__id__":5},"_materials":[{"__uuid__":"ecpdLyjvZBwrvm+cedCcQy"}],"_spriteFrame":{"__uuid__":"aceogTOOdJyqd7JrS1QgCB"},"_type":1},{"__type__":"cc.Widget","node":{"__id__":5},"alignMode":0,"_alignFlags":40,"_left":679.5,"_right":-194.5,"_originalWidth":1360,"_originalHeight":760}],"_prefab":{"__type__":"cc.PrefabInfo","root":{"__id__":1},"asset":{"__uuid__":"31jaerUGlAeYqv/iE54/zz"},"fileId":"3fNJkgke5Er5qmAEbuKERB"},"_contentSize":{"__type__":"cc.Size","width":875,"height":663},"_anchorPoint":{"__type__":"cc.Vec2","y":0.5},"_trs":{"__type__":"TypedArray","ctor":"Float64Array","array":[-0.5,48.182,0,0,0,0,1,1,1,1]}},{"__type__":"cc.Node","_name":"bg4","_parent":{"__id__":1},"_active":false,"_components":[{"__type__":"cc.Sprite","node":{"__id__":6},"_materials":[{"__uuid__":"ecpdLyjvZBwrvm+cedCcQy"}],"_spriteFrame":{"__uuid__":"aceogTOOdJyqd7JrS1QgCB"},"_type":1},{"__type__":"cc.Widget","node":{"__id__":6},"alignMode":0,"_alignFlags":40,"_left":-196,"_right":681,"_originalWidth":1360,"_originalHeight":760}],"_prefab":{"__type__":"cc.PrefabInfo","root":{"__id__":1},"asset":{"__uuid__":"31jaerUGlAeYqv/iE54/zz"},"fileId":"9dq8QIgXRKXYW9wp7oEKr7"},"_contentSize":{"__type__":"cc.Size","width":875,"height":663},"_anchorPoint":{"__type__":"cc.Vec2","y":0.5},"_trs":{"__type__":"TypedArray","ctor":"Float64Array","array":[-1,48.182,0,0,0,0,1,-1,1,1]}},{"__type__":"cc.Node","_name":"lost_win","_parent":{"__id__":1},"_components":[{"__type__":"cc.Sprite","node":{"__id__":7},"_materials":[{"__uuid__":"ecpdLyjvZBwrvm+cedCcQy"}],"_spriteFrame":{"__uuid__":"d6GB2ksQpKDrwtWqH7FYdx"}}],"_prefab":{"__type__":"cc.PrefabInfo","root":{"__id__":1},"asset":{"__uuid__":"31jaerUGlAeYqv/iE54/zz"},"fileId":"c446eibgupKYL5ixzpd2Wut"},"_contentSize":{"__type__":"cc.Size","width":278,"height":145},"_trs":{"__type__":"TypedArray","ctor":"Float64Array","array":[0,281.46,0,0,0,0,1,1,1,1]}},{"__type__":"cc.Node","_name":"playerList","_parent":{"__id__":1},"_children":[{"__id__":9},{"__id__":28},{"__id__":47}],"_components":[{"__type__":"cc.Layout","node":{"__id__":8},"_layoutSize":{"__type__":"cc.Size","width":1300,"height":450},"_resize":1,"_N$layoutType":2,"_N$spacingX":10,"_N$spacingY":30}],"_prefab":{"__type__":"cc.PrefabInfo","root":{"__id__":1},"asset":{"__uuid__":"31jaerUGlAeYqv/iE54/zz"},"fileId":"fbac8r0zuFO/Kjnq5IQo4gx"},"_contentSize":{"__type__":"cc.Size","width":1300,"height":450},"_anchorPoint":{"__type__":"cc.Vec2","x":0.5,"y":1},"_trs":{"__type__":"TypedArray","ctor":"Float64Array","array":[0,186.994,0,0,0,0,1,1,1,1]}},{"__type__":"cc.Node","_name":"player1","_parent":{"__id__":8},"_children":[{"__id__":10},{"__id__":17},{"__id__":18},{"__id__":19},{"__id__":20},{"__id__":21},{"__id__":22},{"__id__":23},{"__id__":24},{"__id__":25},{"__id__":26},{"__id__":27}],"_prefab":{"__type__":"cc.PrefabInfo","root":{"__id__":1},"asset":{"__uuid__":"31jaerUGlAeYqv/iE54/zz"},"fileId":"7a23csBiN9GQZl+Z1INkTV3"},"_contentSize":{"__type__":"cc.Size","width":1300,"height":130},"_trs":{"__type__":"TypedArray","ctor":"Float64Array","array":[0,-65,0,0,0,0,1,1,1,1]}},{"__type__":"cc.Node","_name":"touxiang","_parent":{"__id__":9},"_children":[{"__id__":11},{"__id__":12},{"__id__":14},{"__id__":15},{"__id__":16}],"_components":[{"__type__":"cc.Widget","node":{"__id__":10},"alignMode":0,"_alignFlags":9,"_left":38,"_top":3.6999999999999993,"_bottom":177,"_originalHeight":73}],"_prefab":{"__type__":"cc.PrefabInfo","root":{"__id__":1},"asset":{"__uuid__":"31jaerUGlAeYqv/iE54/zz"},"fileId":"d97160y/LhOG4dreMUisqMT"},"_contentSize":{"__type__":"cc.Size","width":100,"height":100},"_trs":{"__type__":"TypedArray","ctor":"Float64Array","array":[-562,11.299999999999997,0,0,0,0,1,1,1,1]}},{"__type__":"cc.Node","_name":"img_txk","_parent":{"__id__":10},"_components":[{"__type__":"cc.Sprite","node":{"__id__":11},"_materials":[{"__uuid__":"ecpdLyjvZBwrvm+cedCcQy"}],"_spriteFrame":{"__uuid__":"6fN/plodlK66H1I2GR02pd"},"_sizeMode":0}],"_prefab":{"__type__":"cc.PrefabInfo","root":{"__id__":1},"asset":{"__uuid__":"31jaerUGlAeYqv/iE54/zz"},"fileId":"efc190xDLRKeKJWigGK7Uei"},"_contentSize":{"__type__":"cc.Size","width":120,"height":120},"_trs":{"__type__":"TypedArray","ctor":"Float64Array","array":[0,0,0,0,0,0,1,1,1,1]}},{"__type__":"cc.Node","_name":"mask","_parent":{"__id__":10},"_children":[{"__id__":13}],"_components":[{"__type__":"cc.Mask","node":{"__id__":12},"_materials":[{"__uuid__":"ecpdLyjvZBwrvm+cedCcQy"}],"_type":1,"_N$alphaThreshold":1}],"_prefab":{"__type__":"cc.PrefabInfo","root":{"__id__":1},"asset":{"__uuid__":"31jaerUGlAeYqv/iE54/zz"},"fileId":"8a974P5hDtL9I8ooGDx0VrX"},"_contentSize":{"__type__":"cc.Size","width":100,"height":100},"_trs":{"__type__":"TypedArray","ctor":"Float64Array","array":[0,0,0,0,0,0,1,1,1,1]}},{"__type__":"cc.Node","_name":"head","_parent":{"__id__":12},"_components":[{"__type__":"cc.Sprite","node":{"__id__":13},"_materials":[{"__uuid__":"ecpdLyjvZBwrvm+cedCcQy"}],"_spriteFrame":{"__uuid__":"typdkbd4-6d8e-4361-aae8-91caca6f2355"},"_sizeMode":0,"_isTrimmedMode":false},{"__type__":"typdk551-cdf7-4ff7-b9d1-ff119733cfed","node":{"__id__":13}}],"_prefab":{"__type__":"cc.PrefabInfo","root":{"__id__":1},"asset":{"__uuid__":"31jaerUGlAeYqv/iE54/zz"},"fileId":"abd33Q8xpNEZKeJSQV3vaxI"},"_contentSize":{"__type__":"cc.Size","width":100,"height":100},"_trs":{"__type__":"TypedArray","ctor":"Float64Array","array":[0,0,0,0,0,0,1,1,1,1]}},{"__type__":"cc.Node","_name":"lb_name","_parent":{"__id__":10},"_components":[{"__type__":"cc.Label","node":{"__id__":14},"_materials":[{"__uuid__":"ecpdLyjvZBwrvm+cedCcQy"}],"_useOriginalSize":false,"_string":"玩家玩家","_N$string":"玩家玩家","_fontSize":23,"_lineHeight":23,"_N$file":{"__uuid__":"typdk345-cbe0-4203-a8ca-8141b2e63f4f"},"_isSystemFontUsed":false,"_N$horizontalAlign":1,"_N$verticalAlign":1}],"_prefab":{"__type__":"cc.PrefabInfo","root":{"__id__":1},"asset":{"__uuid__":"31jaerUGlAeYqv/iE54/zz"},"fileId":"a9e33YGErxKzp1eGnQ/Ks4C"},"_contentSize":{"__type__":"cc.Size","width":92,"height":28.98},"_trs":{"__type__":"TypedArray","ctor":"Float64Array","array":[-1.1,63.9,0,0,0,0,1,1,1,1]}},{"__type__":"cc.Node","_name":"zhuangjia","_parent":{"__id__":10},"_active":false,"_components":[{"__type__":"cc.Sprite","node":{"__id__":15},"_materials":[{"__uuid__":"ecpdLyjvZBwrvm+cedCcQy"}],"_spriteFrame":{"__uuid__":"f1vm2+st5BobiNJNxs5QnF"}}],"_prefab":{"__type__":"cc.PrefabInfo","root":{"__id__":1},"asset":{"__uuid__":"31jaerUGlAeYqv/iE54/zz"},"fileId":"03fd6SvCipOOLA8n4UMCR12"},"_contentSize":{"__type__":"cc.Size","width":44,"height":44},"_trs":{"__type__":"TypedArray","ctor":"Float64Array","array":[-54.2,24.5,0,0,0,0,1,1,1,1]}},{"__type__":"cc.Node","_name":"fangzhu","_parent":{"__id__":10},"_components":[{"__type__":"cc.Sprite","node":{"__id__":16},"_materials":[{"__uuid__":"ecpdLyjvZBwrvm+cedCcQy"}],"_spriteFrame":{"__uuid__":"b2lY8M8ZFFBZTgj+zovmXu"}}],"_prefab":{"__type__":"cc.PrefabInfo","root":{"__id__":1},"asset":{"__uuid__":"31jaerUGlAeYqv/iE54/zz"},"fileId":"2bce0E6n/pAt4aJz8gdbIlF"},"_contentSize":{"__type__":"cc.Size","width":41,"height":41},"_trs":{"__type__":"TypedArray","ctor":"Float64Array","array":[-53.7,24.4,0,0,0,0.01745240643728351,0.9998476951563913,1,1,1]},"_eulerAngles":{"__type__":"cc.Vec3","z":2}},{"__type__":"cc.Node","_name":"lb_lose_num","_parent":{"__id__":9},"_components":[{"__type__":"cc.Label","node":{"__id__":17},"_materials":[{"__uuid__":"ecpdLyjvZBwrvm+cedCcQy"}],"_useOriginalSize":false,"_string":"-100","_N$string":"-100","_lineHeight":50,"_N$file":{"__uuid__":"typdkae1-1fcc-4f97-9dda-744c8b4ebf16"},"_isSystemFontUsed":false,"_N$horizontalAlign":1,"_N$verticalAlign":1,"_N$overflow":2}],"_prefab":{"__type__":"cc.PrefabInfo","root":{"__id__":1},"asset":{"__uuid__":"31jaerUGlAeYqv/iE54/zz"},"fileId":"018b6x8+TRCyp1ljUzPEChB"},"_contentSize":{"__type__":"cc.Size","width":112.5,"height":62.5},"_trs":{"__type__":"TypedArray","ctor":"Float64Array","array":[540,30,0,0,0,0,1,0.74,0.7,1]}},{"__type__":"cc.Node","_name":"lb_win_num","_parent":{"__id__":9},"_components":[{"__type__":"cc.Label","node":{"__id__":18},"_materials":[{"__uuid__":"ecpdLyjvZBwrvm+cedCcQy"}],"_useOriginalSize":false,"_string":"+100","_N$string":"+100","_lineHeight":50,"_N$file":{"__uuid__":"typdkd91-d2f3-4442-8b24-84fcfad4c139"},"_isSystemFontUsed":false,"_N$horizontalAlign":1,"_N$verticalAlign":1,"_N$overflow":2}],"_prefab":{"__type__":"cc.PrefabInfo","root":{"__id__":1},"asset":{"__uuid__":"31jaerUGlAeYqv/iE54/zz"},"fileId":"05e9axdoCxJRYgXMQLkJOHR"},"_contentSize":{"__type__":"cc.Size","width":123.75,"height":62.5},"_trs":{"__type__":"TypedArray","ctor":"Float64Array","array":[540,30,0,0,0,0,1,0.7,0.7,1]}},{"__type__":"cc.Node","_name":"tip_zhadan","_parent":{"__id__":9},"_components":[{"__type__":"cc.Label","node":{"__id__":19},"_materials":[{"__uuid__":"ecpdLyjvZBwrvm+cedCcQy"}],"_useOriginalSize":false,"_string":"炸弹数:","_N$string":"炸弹数:","_fontSize":24,"_lineHeight":24,"_N$file":{"__uuid__":"typdk345-cbe0-4203-a8ca-8141b2e63f4f"},"_isSystemFontUsed":false,"_N$horizontalAlign":1,"_N$verticalAlign":1}],"_prefab":{"__type__":"cc.PrefabInfo","root":{"__id__":1},"asset":{"__uuid__":"31jaerUGlAeYqv/iE54/zz"},"fileId":"555c2ZkrAFN9Z/SFStIIl+5"},"_contentSize":{"__type__":"cc.Size","width":78.38,"height":30.24},"_anchorPoint":{"__type__":"cc.Vec2","y":0.5},"_trs":{"__type__":"TypedArray","ctor":"Float64Array","array":[361.8,-29,0,0,0,0,1,1,1,1]}},{"__type__":"cc.Node","_name":"lb_zhadan","_parent":{"__id__":9},"_components":[{"__type__":"cc.Label","node":{"__id__":20},"_materials":[{"__uuid__":"ecpdLyjvZBwrvm+cedCcQy"}],"_useOriginalSize":false,"_string":"10","_N$string":"10","_fontSize":24,"_lineHeight":25,"_N$file":{"__uuid__":"typdk345-cbe0-4203-a8ca-8141b2e63f4f"},"_isSystemFontUsed":false,"_N$horizontalAlign":1,"_N$verticalAlign":1}],"_prefab":{"__type__":"cc.PrefabInfo","root":{"__id__":1},"asset":{"__uuid__":"31jaerUGlAeYqv/iE54/zz"},"fileId":"dfe39ZTUzdDsYHhlrGn8iWk"},"_color":{"__type__":"cc.Color","r":245,"g":209,"b":125},"_contentSize":{"__type__":"cc.Size","width":22.5,"height":31.5},"_trs":{"__type__":"TypedArray","ctor":"Float64Array","array":[468.4,-29,0,0,0,0,1,1,1,1]}},{"__type__":"cc.Node","_name":"tip_num","_parent":{"__id__":9},"_components":[{"__type__":"cc.Label","node":{"__id__":21},"_materials":[{"__uuid__":"ecpdLyjvZBwrvm+cedCcQy"}],"_useOriginalSize":false,"_string":"剩余         张","_N$string":"剩余         张","_fontSize":24,"_lineHeight":24,"_N$file":{"__uuid__":"typdk345-cbe0-4203-a8ca-8141b2e63f4f"},"_isSystemFontUsed":false,"_N$horizontalAlign":1,"_N$verticalAlign":1}],"_prefab":{"__type__":"cc.PrefabInfo","root":{"__id__":1},"asset":{"__uuid__":"31jaerUGlAeYqv/iE54/zz"},"fileId":"c892bw0eMFESZpxDhbF9T4k"},"_contentSize":{"__type__":"cc.Size","width":129.38,"height":30.24},"_anchorPoint":{"__type__":"cc.Vec2","y":0.5},"_trs":{"__type__":"TypedArray","ctor":"Float64Array","array":[360,41,0,0,0,0,1,1,1,1]}},{"__type__":"cc.Node","_name":"lb_num","_parent":{"__id__":9},"_components":[{"__type__":"cc.Label","node":{"__id__":22},"_materials":[{"__uuid__":"ecpdLyjvZBwrvm+cedCcQy"}],"_useOriginalSize":false,"_string":"10","_N$string":"10","_fontSize":24,"_lineHeight":26,"_N$file":{"__uuid__":"typdk345-cbe0-4203-a8ca-8141b2e63f4f"},"_isSystemFontUsed":false,"_N$horizontalAlign":1,"_N$verticalAlign":1}],"_prefab":{"__type__":"cc.PrefabInfo","root":{"__id__":1},"asset":{"__uuid__":"31jaerUGlAeYqv/iE54/zz"},"fileId":"5f4ac1mtlNM6pnV2tY7RID5"},"_color":{"__type__":"cc.Color","r":199,"g":79,"b":8},"_contentSize":{"__type__":"cc.Size","width":22.5,"height":32.76},"_trs":{"__type__":"TypedArray","ctor":"Float64Array","array":[437,41.6,0,0,0,0,1,1,1,1]}},{"__type__":"cc.Node","_name":"cardlist","_parent":{"__id__":9},"_components":[{"__type__":"cc.Layout","node":{"__id__":23},"_layoutSize":{"__type__":"cc.Size","width":300,"height":100},"_resize":1,"_N$layoutType":1,"_N$spacingX":3}],"_prefab":{"__type__":"cc.PrefabInfo","root":{"__id__":1},"asset":{"__uuid__":"31jaerUGlAeYqv/iE54/zz"},"fileId":"20b4dY4pCZJfb9yMYayCMdg"},"_contentSize":{"__type__":"cc.Size","width":300,"height":100},"_anchorPoint":{"__type__":"cc.Vec2","y":0.5},"_trs":{"__type__":"TypedArray","ctor":"Float64Array","array":[-490,7.9,0,0,0,0,1,1,1,1]}},{"__type__":"cc.Node","_name":"lb_point","_parent":{"__id__":9},"_components":[{"__type__":"cc.Label","node":{"__id__":24},"_materials":[{"__uuid__":"ecpdLyjvZBwrvm+cedCcQy"}],"_useOriginalSize":false,"_string":"10","_N$string":"10","_fontSize":33,"_lineHeight":35,"_N$file":{"__uuid__":"typdk345-cbe0-4203-a8ca-8141b2e63f4f"},"_isSystemFontUsed":false,"_N$horizontalAlign":2,"_N$verticalAlign":1,"_N$overflow":2}],"_prefab":{"__type__":"cc.PrefabInfo","root":{"__id__":1},"asset":{"__uuid__":"31jaerUGlAeYqv/iE54/zz"},"fileId":"e9e7fvuBTpAf6k0wXxXG+js"},"_color":{"__type__":"cc.Color","r":245,"g":209,"b":125},"_contentSize":{"__type__":"cc.Size","width":60,"height":35},"_anchorPoint":{"__type__":"cc.Vec2","x":1,"y":0.5},"_trs":{"__type__":"TypedArray","ctor":"Float64Array","array":[650,17.2,0,0,0,0,1,1,1,1]}},{"__type__":"cc.Node","_name":"lb_sportsPoint","_parent":{"__id__":9},"_components":[{"__type__":"cc.Label","node":{"__id__":25},"_materials":[{"__uuid__":"ecpdLyjvZBwrvm+cedCcQy"}],"_useOriginalSize":false,"_string":"比赛分：10","_N$string":"比赛分：10","_fontSize":24,"_lineHeight":24,"_N$file":{"__uuid__":"typdk345-cbe0-4203-a8ca-8141b2e63f4f"},"_isSystemFontUsed":false,"_N$horizontalAlign":1,"_N$verticalAlign":1}],"_prefab":{"__type__":"cc.PrefabInfo","root":{"__id__":1},"asset":{"__uuid__":"31jaerUGlAeYqv/iE54/zz"},"fileId":"e7ekRUqGlJ8oVzPvJRbM6l"},"_color":{"__type__":"cc.Color","r":245,"g":209,"b":125},"_contentSize":{"__type__":"cc.Size","width":118.5,"height":30.24},"_anchorPoint":{"__type__":"cc.Vec2","y":0.5},"_trs":{"__type__":"TypedArray","ctor":"Float64Array","array":[500,-14.8,0,0,0,0,1,1,1,1]}},{"__type__":"cc.Node","_name":"lb_lose","_parent":{"__id__":9},"_components":[{"__type__":"cc.Label","node":{"__id__":26},"_materials":[{"__uuid__":"ecpdLyjvZBwrvm+cedCcQy"}],"_useOriginalSize":false,"_string":"0","_N$string":"0","_fontSize":24,"_lineHeight":25,"_N$file":{"__uuid__":"typdk345-cbe0-4203-a8ca-8141b2e63f4f"},"_isSystemFontUsed":false,"_N$horizontalAlign":1,"_N$verticalAlign":1}],"_prefab":{"__type__":"cc.PrefabInfo","root":{"__id__":1},"asset":{"__uuid__":"31jaerUGlAeYqv/iE54/zz"},"fileId":"72WrB7OPxKNpoVIliBGuj/"},"_color":{"__type__":"cc.Color","r":245,"g":209,"b":125},"_contentSize":{"__type__":"cc.Size","width":13.69,"height":31.5},"_trs":{"__type__":"TypedArray","ctor":"Float64Array","array":[468.4,7,0,0,0,0,1,1,1,1]}},{"__type__":"cc.Node","_name":"tip_lose","_parent":{"__id__":9},"_components":[{"__type__":"cc.Label","node":{"__id__":27},"_materials":[{"__uuid__":"ecpdLyjvZBwrvm+cedCcQy"}],"_useOriginalSize":false,"_string":"记牌数:","_N$string":"记牌数:","_fontSize":24,"_lineHeight":24,"_N$file":{"__uuid__":"typdk345-cbe0-4203-a8ca-8141b2e63f4f"},"_isSystemFontUsed":false,"_N$horizontalAlign":1,"_N$verticalAlign":1}],"_prefab":{"__type__":"cc.PrefabInfo","root":{"__id__":1},"asset":{"__uuid__":"31jaerUGlAeYqv/iE54/zz"},"fileId":"50YJQRWMhJ94OCrD1rMvxs"},"_contentSize":{"__type__":"cc.Size","width":78.38,"height":30.24},"_anchorPoint":{"__type__":"cc.Vec2","y":0.5},"_trs":{"__type__":"TypedArray","ctor":"Float64Array","array":[361.8,7,0,0,0,0,1,1,1,1]}},{"__type__":"cc.Node","_name":"player2","_parent":{"__id__":8},"_children":[{"__id__":29},{"__id__":36},{"__id__":37},{"__id__":38},{"__id__":39},{"__id__":40},{"__id__":41},{"__id__":42},{"__id__":43},{"__id__":44},{"__id__":45},{"__id__":46}],"_prefab":{"__type__":"cc.PrefabInfo","root":{"__id__":1},"asset":{"__uuid__":"31jaerUGlAeYqv/iE54/zz"},"fileId":"a8YC7enHFKsZNK8Tj4IXiP"},"_contentSize":{"__type__":"cc.Size","width":1300,"height":130},"_trs":{"__type__":"TypedArray","ctor":"Float64Array","array":[0,-225,0,0,0,0,1,1,1,1]}},{"__type__":"cc.Node","_name":"touxiang","_parent":{"__id__":28},"_children":[{"__id__":30},{"__id__":31},{"__id__":33},{"__id__":34},{"__id__":35}],"_components":[{"__type__":"cc.Widget","node":{"__id__":29},"alignMode":0,"_alignFlags":9,"_left":38,"_top":3.6999999999999993,"_bottom":177,"_originalHeight":73}],"_prefab":{"__type__":"cc.PrefabInfo","root":{"__id__":1},"asset":{"__uuid__":"31jaerUGlAeYqv/iE54/zz"},"fileId":"f2TiNbkb5OtbqgOZmOO8Kv"},"_contentSize":{"__type__":"cc.Size","width":100,"height":100},"_trs":{"__type__":"TypedArray","ctor":"Float64Array","array":[-562,11.299999999999997,0,0,0,0,1,1,1,1]}},{"__type__":"cc.Node","_name":"img_txk","_parent":{"__id__":29},"_components":[{"__type__":"cc.Sprite","node":{"__id__":30},"_materials":[{"__uuid__":"ecpdLyjvZBwrvm+cedCcQy"}],"_spriteFrame":{"__uuid__":"6fN/plodlK66H1I2GR02pd"},"_sizeMode":0}],"_prefab":{"__type__":"cc.PrefabInfo","root":{"__id__":1},"asset":{"__uuid__":"31jaerUGlAeYqv/iE54/zz"},"fileId":"30C/d2Z8FDyb/p4RSduyBd"},"_contentSize":{"__type__":"cc.Size","width":120,"height":120},"_trs":{"__type__":"TypedArray","ctor":"Float64Array","array":[0,0,0,0,0,0,1,1,1,1]}},{"__type__":"cc.Node","_name":"mask","_parent":{"__id__":29},"_children":[{"__id__":32}],"_components":[{"__type__":"cc.Mask","node":{"__id__":31},"_materials":[{"__uuid__":"ecpdLyjvZBwrvm+cedCcQy"}],"_type":1,"_N$alphaThreshold":1}],"_prefab":{"__type__":"cc.PrefabInfo","root":{"__id__":1},"asset":{"__uuid__":"31jaerUGlAeYqv/iE54/zz"},"fileId":"e7DiUcL7VEnqirXPlZoYc3"},"_contentSize":{"__type__":"cc.Size","width":100,"height":100},"_trs":{"__type__":"TypedArray","ctor":"Float64Array","array":[0,0,0,0,0,0,1,1,1,1]}},{"__type__":"cc.Node","_name":"head","_parent":{"__id__":31},"_components":[{"__type__":"cc.Sprite","node":{"__id__":32},"_materials":[{"__uuid__":"ecpdLyjvZBwrvm+cedCcQy"}],"_spriteFrame":{"__uuid__":"typdkbd4-6d8e-4361-aae8-91caca6f2355"},"_sizeMode":0,"_isTrimmedMode":false},{"__type__":"typdk551-cdf7-4ff7-b9d1-ff119733cfed","node":{"__id__":32}}],"_prefab":{"__type__":"cc.PrefabInfo","root":{"__id__":1},"asset":{"__uuid__":"31jaerUGlAeYqv/iE54/zz"},"fileId":"6d5aaOR5VIjo/JKElfqDXn"},"_contentSize":{"__type__":"cc.Size","width":100,"height":100},"_trs":{"__type__":"TypedArray","ctor":"Float64Array","array":[0,0,0,0,0,0,1,1,1,1]}},{"__type__":"cc.Node","_name":"lb_name","_parent":{"__id__":29},"_components":[{"__type__":"cc.Label","node":{"__id__":33},"_materials":[{"__uuid__":"ecpdLyjvZBwrvm+cedCcQy"}],"_useOriginalSize":false,"_string":"玩家玩家","_N$string":"玩家玩家","_fontSize":23,"_lineHeight":23,"_N$file":{"__uuid__":"typdk345-cbe0-4203-a8ca-8141b2e63f4f"},"_isSystemFontUsed":false,"_N$horizontalAlign":1,"_N$verticalAlign":1}],"_prefab":{"__type__":"cc.PrefabInfo","root":{"__id__":1},"asset":{"__uuid__":"31jaerUGlAeYqv/iE54/zz"},"fileId":"edGT7RD9pIyavM3hxcqtZq"},"_contentSize":{"__type__":"cc.Size","width":92,"height":28.98},"_trs":{"__type__":"TypedArray","ctor":"Float64Array","array":[-1.1,63.9,0,0,0,0,1,1,1,1]}},{"__type__":"cc.Node","_name":"zhuangjia","_parent":{"__id__":29},"_active":false,"_components":[{"__type__":"cc.Sprite","node":{"__id__":34},"_materials":[{"__uuid__":"ecpdLyjvZBwrvm+cedCcQy"}],"_spriteFrame":{"__uuid__":"f1vm2+st5BobiNJNxs5QnF"}}],"_prefab":{"__type__":"cc.PrefabInfo","root":{"__id__":1},"asset":{"__uuid__":"31jaerUGlAeYqv/iE54/zz"},"fileId":"d7Tknix6ZN9IN1t0otxBbz"},"_contentSize":{"__type__":"cc.Size","width":44,"height":44},"_trs":{"__type__":"TypedArray","ctor":"Float64Array","array":[-54.2,24.5,0,0,0,0,1,1,1,1]}},{"__type__":"cc.Node","_name":"fangzhu","_parent":{"__id__":29},"_components":[{"__type__":"cc.Sprite","node":{"__id__":35},"_materials":[{"__uuid__":"ecpdLyjvZBwrvm+cedCcQy"}],"_spriteFrame":{"__uuid__":"b2lY8M8ZFFBZTgj+zovmXu"}}],"_prefab":{"__type__":"cc.PrefabInfo","root":{"__id__":1},"asset":{"__uuid__":"31jaerUGlAeYqv/iE54/zz"},"fileId":"26PRz13/JJ44dtYy2V6zn0"},"_contentSize":{"__type__":"cc.Size","width":41,"height":41},"_trs":{"__type__":"TypedArray","ctor":"Float64Array","array":[-53.7,24.4,0,0,0,0.01745240643728351,0.9998476951563913,1,1,1]},"_eulerAngles":{"__type__":"cc.Vec3","z":2}},{"__type__":"cc.Node","_name":"lb_lose_num","_parent":{"__id__":28},"_components":[{"__type__":"cc.Label","node":{"__id__":36},"_materials":[{"__uuid__":"ecpdLyjvZBwrvm+cedCcQy"}],"_useOriginalSize":false,"_string":"-100","_N$string":"-100","_lineHeight":50,"_N$file":{"__uuid__":"typdkae1-1fcc-4f97-9dda-744c8b4ebf16"},"_isSystemFontUsed":false,"_N$horizontalAlign":1,"_N$verticalAlign":1,"_N$overflow":2}],"_prefab":{"__type__":"cc.PrefabInfo","root":{"__id__":1},"asset":{"__uuid__":"31jaerUGlAeYqv/iE54/zz"},"fileId":"1aIJjD9+pE6qLQaXnCr6WA"},"_contentSize":{"__type__":"cc.Size","width":112.5,"height":62.5},"_trs":{"__type__":"TypedArray","ctor":"Float64Array","array":[540,30,0,0,0,0,1,0.74,0.7,1]}},{"__type__":"cc.Node","_name":"lb_win_num","_parent":{"__id__":28},"_components":[{"__type__":"cc.Label","node":{"__id__":37},"_materials":[{"__uuid__":"ecpdLyjvZBwrvm+cedCcQy"}],"_useOriginalSize":false,"_string":"+100","_N$string":"+100","_lineHeight":50,"_N$file":{"__uuid__":"typdkd91-d2f3-4442-8b24-84fcfad4c139"},"_isSystemFontUsed":false,"_N$horizontalAlign":1,"_N$verticalAlign":1,"_N$overflow":2}],"_prefab":{"__type__":"cc.PrefabInfo","root":{"__id__":1},"asset":{"__uuid__":"31jaerUGlAeYqv/iE54/zz"},"fileId":"cdxWvpce9MPKRmpcvdAcBz"},"_contentSize":{"__type__":"cc.Size","width":123.75,"height":62.5},"_trs":{"__type__":"TypedArray","ctor":"Float64Array","array":[540,30,0,0,0,0,1,0.7,0.7,1]}},{"__type__":"cc.Node","_name":"tip_zhadan","_parent":{"__id__":28},"_components":[{"__type__":"cc.Label","node":{"__id__":38},"_materials":[{"__uuid__":"ecpdLyjvZBwrvm+cedCcQy"}],"_useOriginalSize":false,"_string":"炸弹数:","_N$string":"炸弹数:","_fontSize":24,"_lineHeight":24,"_N$file":{"__uuid__":"typdk345-cbe0-4203-a8ca-8141b2e63f4f"},"_isSystemFontUsed":false,"_N$horizontalAlign":1,"_N$verticalAlign":1}],"_prefab":{"__type__":"cc.PrefabInfo","root":{"__id__":1},"asset":{"__uuid__":"31jaerUGlAeYqv/iE54/zz"},"fileId":"56HM9jR5pCGpUr5Ln2pHWo"},"_contentSize":{"__type__":"cc.Size","width":78.38,"height":30.24},"_anchorPoint":{"__type__":"cc.Vec2","y":0.5},"_trs":{"__type__":"TypedArray","ctor":"Float64Array","array":[361.8,-29,0,0,0,0,1,1,1,1]}},{"__type__":"cc.Node","_name":"lb_zhadan","_parent":{"__id__":28},"_components":[{"__type__":"cc.Label","node":{"__id__":39},"_materials":[{"__uuid__":"ecpdLyjvZBwrvm+cedCcQy"}],"_useOriginalSize":false,"_string":"10","_N$string":"10","_fontSize":24,"_lineHeight":25,"_N$file":{"__uuid__":"typdk345-cbe0-4203-a8ca-8141b2e63f4f"},"_isSystemFontUsed":false,"_N$horizontalAlign":1,"_N$verticalAlign":1}],"_prefab":{"__type__":"cc.PrefabInfo","root":{"__id__":1},"asset":{"__uuid__":"31jaerUGlAeYqv/iE54/zz"},"fileId":"c2Hbk32Q1B3Z/ORn3ywrkV"},"_color":{"__type__":"cc.Color","r":245,"g":209,"b":125},"_contentSize":{"__type__":"cc.Size","width":22.5,"height":31.5},"_trs":{"__type__":"TypedArray","ctor":"Float64Array","array":[468.4,-29,0,0,0,0,1,1,1,1]}},{"__type__":"cc.Node","_name":"tip_num","_parent":{"__id__":28},"_components":[{"__type__":"cc.Label","node":{"__id__":40},"_materials":[{"__uuid__":"ecpdLyjvZBwrvm+cedCcQy"}],"_useOriginalSize":false,"_string":"剩余         张","_N$string":"剩余         张","_fontSize":24,"_lineHeight":24,"_N$file":{"__uuid__":"typdk345-cbe0-4203-a8ca-8141b2e63f4f"},"_isSystemFontUsed":false,"_N$horizontalAlign":1,"_N$verticalAlign":1}],"_prefab":{"__type__":"cc.PrefabInfo","root":{"__id__":1},"asset":{"__uuid__":"31jaerUGlAeYqv/iE54/zz"},"fileId":"0bEvMLGuFFeaYcr2dRXh+U"},"_contentSize":{"__type__":"cc.Size","width":129.38,"height":30.24},"_anchorPoint":{"__type__":"cc.Vec2","y":0.5},"_trs":{"__type__":"TypedArray","ctor":"Float64Array","array":[360,41,0,0,0,0,1,1,1,1]}},{"__type__":"cc.Node","_name":"lb_num","_parent":{"__id__":28},"_components":[{"__type__":"cc.Label","node":{"__id__":41},"_materials":[{"__uuid__":"ecpdLyjvZBwrvm+cedCcQy"}],"_useOriginalSize":false,"_string":"10","_N$string":"10","_fontSize":24,"_lineHeight":26,"_N$file":{"__uuid__":"typdk345-cbe0-4203-a8ca-8141b2e63f4f"},"_isSystemFontUsed":false,"_N$horizontalAlign":1,"_N$verticalAlign":1}],"_prefab":{"__type__":"cc.PrefabInfo","root":{"__id__":1},"asset":{"__uuid__":"31jaerUGlAeYqv/iE54/zz"},"fileId":"58J4JkWXBHHKtnnVI6DyDd"},"_color":{"__type__":"cc.Color","r":199,"g":79,"b":8},"_contentSize":{"__type__":"cc.Size","width":22.5,"height":32.76},"_trs":{"__type__":"TypedArray","ctor":"Float64Array","array":[437,41.6,0,0,0,0,1,1,1,1]}},{"__type__":"cc.Node","_name":"cardlist","_parent":{"__id__":28},"_components":[{"__type__":"cc.Layout","node":{"__id__":42},"_layoutSize":{"__type__":"cc.Size","width":300,"height":100},"_resize":1,"_N$layoutType":1,"_N$spacingX":3}],"_prefab":{"__type__":"cc.PrefabInfo","root":{"__id__":1},"asset":{"__uuid__":"31jaerUGlAeYqv/iE54/zz"},"fileId":"beyNAFMgRJ2KIBMlRX2Cmk"},"_contentSize":{"__type__":"cc.Size","width":300,"height":100},"_anchorPoint":{"__type__":"cc.Vec2","y":0.5},"_trs":{"__type__":"TypedArray","ctor":"Float64Array","array":[-490,7.9,0,0,0,0,1,1,1,1]}},{"__type__":"cc.Node","_name":"lb_point","_parent":{"__id__":28},"_components":[{"__type__":"cc.Label","node":{"__id__":43},"_materials":[{"__uuid__":"ecpdLyjvZBwrvm+cedCcQy"}],"_useOriginalSize":false,"_string":"10","_N$string":"10","_fontSize":33,"_lineHeight":35,"_N$file":{"__uuid__":"typdk345-cbe0-4203-a8ca-8141b2e63f4f"},"_isSystemFontUsed":false,"_N$horizontalAlign":2,"_N$verticalAlign":1,"_N$overflow":2}],"_prefab":{"__type__":"cc.PrefabInfo","root":{"__id__":1},"asset":{"__uuid__":"31jaerUGlAeYqv/iE54/zz"},"fileId":"80E9FK9a9LdKxXimZKbD9W"},"_color":{"__type__":"cc.Color","r":245,"g":209,"b":125},"_contentSize":{"__type__":"cc.Size","width":60,"height":35},"_anchorPoint":{"__type__":"cc.Vec2","x":1,"y":0.5},"_trs":{"__type__":"TypedArray","ctor":"Float64Array","array":[650,17.2,0,0,0,0,1,1,1,1]}},{"__type__":"cc.Node","_name":"lb_sportsPoint","_parent":{"__id__":28},"_components":[{"__type__":"cc.Label","node":{"__id__":44},"_materials":[{"__uuid__":"ecpdLyjvZBwrvm+cedCcQy"}],"_useOriginalSize":false,"_string":"比赛分：10","_N$string":"比赛分：10","_fontSize":24,"_lineHeight":24,"_N$file":{"__uuid__":"typdk345-cbe0-4203-a8ca-8141b2e63f4f"},"_isSystemFontUsed":false,"_N$horizontalAlign":1,"_N$verticalAlign":1}],"_prefab":{"__type__":"cc.PrefabInfo","root":{"__id__":1},"asset":{"__uuid__":"31jaerUGlAeYqv/iE54/zz"},"fileId":"92n/I+bb9C1bWFVeAO9WSn"},"_color":{"__type__":"cc.Color","r":245,"g":209,"b":125},"_contentSize":{"__type__":"cc.Size","width":118.5,"height":30.24},"_anchorPoint":{"__type__":"cc.Vec2","y":0.5},"_trs":{"__type__":"TypedArray","ctor":"Float64Array","array":[500,-14.8,0,0,0,0,1,1,1,1]}},{"__type__":"cc.Node","_name":"tip_lose","_parent":{"__id__":28},"_components":[{"__type__":"cc.Label","node":{"__id__":45},"_materials":[{"__uuid__":"ecpdLyjvZBwrvm+cedCcQy"}],"_useOriginalSize":false,"_string":"记牌数:","_N$string":"记牌数:","_fontSize":24,"_lineHeight":24,"_N$file":{"__uuid__":"typdk345-cbe0-4203-a8ca-8141b2e63f4f"},"_isSystemFontUsed":false,"_N$horizontalAlign":1,"_N$verticalAlign":1}],"_prefab":{"__type__":"cc.PrefabInfo","root":{"__id__":1},"asset":{"__uuid__":"31jaerUGlAeYqv/iE54/zz"},"fileId":"06r26WprZE9JfuezhU3gPU"},"_contentSize":{"__type__":"cc.Size","width":78.38,"height":30.24},"_anchorPoint":{"__type__":"cc.Vec2","y":0.5},"_trs":{"__type__":"TypedArray","ctor":"Float64Array","array":[361.8,7,0,0,0,0,1,1,1,1]}},{"__type__":"cc.Node","_name":"lb_lose","_parent":{"__id__":28},"_components":[{"__type__":"cc.Label","node":{"__id__":46},"_materials":[{"__uuid__":"ecpdLyjvZBwrvm+cedCcQy"}],"_useOriginalSize":false,"_string":"0","_N$string":"0","_fontSize":24,"_lineHeight":25,"_N$file":{"__uuid__":"typdk345-cbe0-4203-a8ca-8141b2e63f4f"},"_isSystemFontUsed":false,"_N$horizontalAlign":1,"_N$verticalAlign":1}],"_prefab":{"__type__":"cc.PrefabInfo","root":{"__id__":1},"asset":{"__uuid__":"31jaerUGlAeYqv/iE54/zz"},"fileId":"f1VYLktf5IYLXXxAILbawO"},"_color":{"__type__":"cc.Color","r":245,"g":209,"b":125},"_contentSize":{"__type__":"cc.Size","width":13.69,"height":31.5},"_trs":{"__type__":"TypedArray","ctor":"Float64Array","array":[468.4,7,0,0,0,0,1,1,1,1]}},{"__type__":"cc.Node","_name":"player3","_parent":{"__id__":8},"_children":[{"__id__":48},{"__id__":55},{"__id__":56},{"__id__":57},{"__id__":58},{"__id__":59},{"__id__":60},{"__id__":61},{"__id__":62},{"__id__":63},{"__id__":64},{"__id__":65}],"_prefab":{"__type__":"cc.PrefabInfo","root":{"__id__":1},"asset":{"__uuid__":"31jaerUGlAeYqv/iE54/zz"},"fileId":"bab3qqCKRHs4lvRqJmX6nK"},"_contentSize":{"__type__":"cc.Size","width":1300,"height":130},"_trs":{"__type__":"TypedArray","ctor":"Float64Array","array":[0,-385,0,0,0,0,1,1,1,1]}},{"__type__":"cc.Node","_name":"touxiang","_parent":{"__id__":47},"_children":[{"__id__":49},{"__id__":50},{"__id__":52},{"__id__":53},{"__id__":54}],"_components":[{"__type__":"cc.Widget","node":{"__id__":48},"alignMode":0,"_alignFlags":9,"_left":38,"_top":3.6999999999999993,"_bottom":177,"_originalHeight":73}],"_prefab":{"__type__":"cc.PrefabInfo","root":{"__id__":1},"asset":{"__uuid__":"31jaerUGlAeYqv/iE54/zz"},"fileId":"2fEZ12ud9NlqGsuyiNDpif"},"_contentSize":{"__type__":"cc.Size","width":100,"height":100},"_trs":{"__type__":"TypedArray","ctor":"Float64Array","array":[-562,11.299999999999997,0,0,0,0,1,1,1,1]}},{"__type__":"cc.Node","_name":"img_txk","_parent":{"__id__":48},"_components":[{"__type__":"cc.Sprite","node":{"__id__":49},"_materials":[{"__uuid__":"ecpdLyjvZBwrvm+cedCcQy"}],"_spriteFrame":{"__uuid__":"6fN/plodlK66H1I2GR02pd"},"_sizeMode":0}],"_prefab":{"__type__":"cc.PrefabInfo","root":{"__id__":1},"asset":{"__uuid__":"31jaerUGlAeYqv/iE54/zz"},"fileId":"d4aHu6dpFFbYNfumLYFdSj"},"_contentSize":{"__type__":"cc.Size","width":120,"height":120},"_trs":{"__type__":"TypedArray","ctor":"Float64Array","array":[0,0,0,0,0,0,1,1,1,1]}},{"__type__":"cc.Node","_name":"mask","_parent":{"__id__":48},"_children":[{"__id__":51}],"_components":[{"__type__":"cc.Mask","node":{"__id__":50},"_materials":[{"__uuid__":"ecpdLyjvZBwrvm+cedCcQy"}],"_type":1,"_N$alphaThreshold":1}],"_prefab":{"__type__":"cc.PrefabInfo","root":{"__id__":1},"asset":{"__uuid__":"31jaerUGlAeYqv/iE54/zz"},"fileId":"fbDlfQFI5I2okyW5ThsQwC"},"_contentSize":{"__type__":"cc.Size","width":100,"height":100},"_trs":{"__type__":"TypedArray","ctor":"Float64Array","array":[0,0,0,0,0,0,1,1,1,1]}},{"__type__":"cc.Node","_name":"head","_parent":{"__id__":50},"_components":[{"__type__":"cc.Sprite","node":{"__id__":51},"_materials":[{"__uuid__":"ecpdLyjvZBwrvm+cedCcQy"}],"_spriteFrame":{"__uuid__":"typdkbd4-6d8e-4361-aae8-91caca6f2355"},"_sizeMode":0,"_isTrimmedMode":false},{"__type__":"typdk551-cdf7-4ff7-b9d1-ff119733cfed","node":{"__id__":51}}],"_prefab":{"__type__":"cc.PrefabInfo","root":{"__id__":1},"asset":{"__uuid__":"31jaerUGlAeYqv/iE54/zz"},"fileId":"ebV/+8nhlKKK2stxVpXoAY"},"_contentSize":{"__type__":"cc.Size","width":100,"height":100},"_trs":{"__type__":"TypedArray","ctor":"Float64Array","array":[0,0,0,0,0,0,1,1,1,1]}},{"__type__":"cc.Node","_name":"lb_name","_parent":{"__id__":48},"_components":[{"__type__":"cc.Label","node":{"__id__":52},"_materials":[{"__uuid__":"ecpdLyjvZBwrvm+cedCcQy"}],"_useOriginalSize":false,"_string":"玩家玩家","_N$string":"玩家玩家","_fontSize":23,"_lineHeight":23,"_N$file":{"__uuid__":"typdk345-cbe0-4203-a8ca-8141b2e63f4f"},"_isSystemFontUsed":false,"_N$horizontalAlign":1,"_N$verticalAlign":1}],"_prefab":{"__type__":"cc.PrefabInfo","root":{"__id__":1},"asset":{"__uuid__":"31jaerUGlAeYqv/iE54/zz"},"fileId":"beEhu8BjJJ/rgJ4ALNmfjo"},"_contentSize":{"__type__":"cc.Size","width":92,"height":28.98},"_trs":{"__type__":"TypedArray","ctor":"Float64Array","array":[-1.1,63.9,0,0,0,0,1,1,1,1]}},{"__type__":"cc.Node","_name":"zhuangjia","_parent":{"__id__":48},"_active":false,"_components":[{"__type__":"cc.Sprite","node":{"__id__":53},"_materials":[{"__uuid__":"ecpdLyjvZBwrvm+cedCcQy"}],"_spriteFrame":{"__uuid__":"f1vm2+st5BobiNJNxs5QnF"}}],"_prefab":{"__type__":"cc.PrefabInfo","root":{"__id__":1},"asset":{"__uuid__":"31jaerUGlAeYqv/iE54/zz"},"fileId":"a4dZIZuftAVp0U2t9LSnNn"},"_contentSize":{"__type__":"cc.Size","width":44,"height":44},"_trs":{"__type__":"TypedArray","ctor":"Float64Array","array":[-54.2,24.5,0,0,0,0,1,1,1,1]}},{"__type__":"cc.Node","_name":"fangzhu","_parent":{"__id__":48},"_components":[{"__type__":"cc.Sprite","node":{"__id__":54},"_materials":[{"__uuid__":"ecpdLyjvZBwrvm+cedCcQy"}],"_spriteFrame":{"__uuid__":"b2lY8M8ZFFBZTgj+zovmXu"}}],"_prefab":{"__type__":"cc.PrefabInfo","root":{"__id__":1},"asset":{"__uuid__":"31jaerUGlAeYqv/iE54/zz"},"fileId":"8fa2rtACtPDZ1h6gtHxIG1"},"_contentSize":{"__type__":"cc.Size","width":41,"height":41},"_trs":{"__type__":"TypedArray","ctor":"Float64Array","array":[-53.7,24.4,0,0,0,0.01745240643728351,0.9998476951563913,1,1,1]},"_eulerAngles":{"__type__":"cc.Vec3","z":2}},{"__type__":"cc.Node","_name":"lb_lose_num","_parent":{"__id__":47},"_components":[{"__type__":"cc.Label","node":{"__id__":55},"_materials":[{"__uuid__":"ecpdLyjvZBwrvm+cedCcQy"}],"_useOriginalSize":false,"_string":"-100","_N$string":"-100","_lineHeight":50,"_N$file":{"__uuid__":"typdkae1-1fcc-4f97-9dda-744c8b4ebf16"},"_isSystemFontUsed":false,"_N$horizontalAlign":1,"_N$verticalAlign":1,"_N$overflow":2}],"_prefab":{"__type__":"cc.PrefabInfo","root":{"__id__":1},"asset":{"__uuid__":"31jaerUGlAeYqv/iE54/zz"},"fileId":"a3UKO51KJLcrJrUBFCEL0e"},"_contentSize":{"__type__":"cc.Size","width":112.5,"height":62.5},"_trs":{"__type__":"TypedArray","ctor":"Float64Array","array":[540,30,0,0,0,0,1,0.74,0.7,1]}},{"__type__":"cc.Node","_name":"lb_win_num","_parent":{"__id__":47},"_components":[{"__type__":"cc.Label","node":{"__id__":56},"_materials":[{"__uuid__":"ecpdLyjvZBwrvm+cedCcQy"}],"_useOriginalSize":false,"_string":"+100","_N$string":"+100","_lineHeight":50,"_N$file":{"__uuid__":"typdkd91-d2f3-4442-8b24-84fcfad4c139"},"_isSystemFontUsed":false,"_N$horizontalAlign":1,"_N$verticalAlign":1,"_N$overflow":2}],"_prefab":{"__type__":"cc.PrefabInfo","root":{"__id__":1},"asset":{"__uuid__":"31jaerUGlAeYqv/iE54/zz"},"fileId":"cfxG0TVzlM/pmLN5K5a4k8"},"_contentSize":{"__type__":"cc.Size","width":123.75,"height":62.5},"_trs":{"__type__":"TypedArray","ctor":"Float64Array","array":[540,30,0,0,0,0,1,0.7,0.7,1]}},{"__type__":"cc.Node","_name":"tip_zhadan","_parent":{"__id__":47},"_components":[{"__type__":"cc.Label","node":{"__id__":57},"_materials":[{"__uuid__":"ecpdLyjvZBwrvm+cedCcQy"}],"_useOriginalSize":false,"_string":"炸弹数:","_N$string":"炸弹数:","_fontSize":24,"_lineHeight":24,"_N$file":{"__uuid__":"typdk345-cbe0-4203-a8ca-8141b2e63f4f"},"_isSystemFontUsed":false,"_N$horizontalAlign":1,"_N$verticalAlign":1}],"_prefab":{"__type__":"cc.PrefabInfo","root":{"__id__":1},"asset":{"__uuid__":"31jaerUGlAeYqv/iE54/zz"},"fileId":"b2jg9WJRxN5Y14qLCXXztx"},"_contentSize":{"__type__":"cc.Size","width":78.38,"height":30.24},"_anchorPoint":{"__type__":"cc.Vec2","y":0.5},"_trs":{"__type__":"TypedArray","ctor":"Float64Array","array":[361.8,-29,0,0,0,0,1,1,1,1]}},{"__type__":"cc.Node","_name":"lb_zhadan","_parent":{"__id__":47},"_components":[{"__type__":"cc.Label","node":{"__id__":58},"_materials":[{"__uuid__":"ecpdLyjvZBwrvm+cedCcQy"}],"_useOriginalSize":false,"_string":"10","_N$string":"10","_fontSize":24,"_lineHeight":25,"_N$file":{"__uuid__":"typdk345-cbe0-4203-a8ca-8141b2e63f4f"},"_isSystemFontUsed":false,"_N$horizontalAlign":1,"_N$verticalAlign":1}],"_prefab":{"__type__":"cc.PrefabInfo","root":{"__id__":1},"asset":{"__uuid__":"31jaerUGlAeYqv/iE54/zz"},"fileId":"8cbtUu3IhIvK+TmjG2lDno"},"_color":{"__type__":"cc.Color","r":245,"g":209,"b":125},"_contentSize":{"__type__":"cc.Size","width":22.5,"height":31.5},"_trs":{"__type__":"TypedArray","ctor":"Float64Array","array":[468.4,-29,0,0,0,0,1,1,1,1]}},{"__type__":"cc.Node","_name":"tip_num","_parent":{"__id__":47},"_components":[{"__type__":"cc.Label","node":{"__id__":59},"_materials":[{"__uuid__":"ecpdLyjvZBwrvm+cedCcQy"}],"_useOriginalSize":false,"_string":"剩余         张","_N$string":"剩余         张","_fontSize":24,"_lineHeight":24,"_N$file":{"__uuid__":"typdk345-cbe0-4203-a8ca-8141b2e63f4f"},"_isSystemFontUsed":false,"_N$horizontalAlign":1,"_N$verticalAlign":1}],"_prefab":{"__type__":"cc.PrefabInfo","root":{"__id__":1},"asset":{"__uuid__":"31jaerUGlAeYqv/iE54/zz"},"fileId":"0a8OlzxC9OzYBEv2cMJG1m"},"_contentSize":{"__type__":"cc.Size","width":129.38,"height":30.24},"_anchorPoint":{"__type__":"cc.Vec2","y":0.5},"_trs":{"__type__":"TypedArray","ctor":"Float64Array","array":[360,41,0,0,0,0,1,1,1,1]}},{"__type__":"cc.Node","_name":"lb_num","_parent":{"__id__":47},"_components":[{"__type__":"cc.Label","node":{"__id__":60},"_materials":[{"__uuid__":"ecpdLyjvZBwrvm+cedCcQy"}],"_useOriginalSize":false,"_string":"10","_N$string":"10","_fontSize":24,"_lineHeight":26,"_N$file":{"__uuid__":"typdk345-cbe0-4203-a8ca-8141b2e63f4f"},"_isSystemFontUsed":false,"_N$horizontalAlign":1,"_N$verticalAlign":1}],"_prefab":{"__type__":"cc.PrefabInfo","root":{"__id__":1},"asset":{"__uuid__":"31jaerUGlAeYqv/iE54/zz"},"fileId":"f9yYREMYRI87X9E9Qu2UIR"},"_color":{"__type__":"cc.Color","r":199,"g":79,"b":8},"_contentSize":{"__type__":"cc.Size","width":22.5,"height":32.76},"_trs":{"__type__":"TypedArray","ctor":"Float64Array","array":[437,41.6,0,0,0,0,1,1,1,1]}},{"__type__":"cc.Node","_name":"cardlist","_parent":{"__id__":47},"_components":[{"__type__":"cc.Layout","node":{"__id__":61},"_layoutSize":{"__type__":"cc.Size","width":300,"height":100},"_resize":1,"_N$layoutType":1,"_N$spacingX":3}],"_prefab":{"__type__":"cc.PrefabInfo","root":{"__id__":1},"asset":{"__uuid__":"31jaerUGlAeYqv/iE54/zz"},"fileId":"10abLrZ0lAmrmkx1axPdto"},"_contentSize":{"__type__":"cc.Size","width":300,"height":100},"_anchorPoint":{"__type__":"cc.Vec2","y":0.5},"_trs":{"__type__":"TypedArray","ctor":"Float64Array","array":[-490,7.9,0,0,0,0,1,1,1,1]}},{"__type__":"cc.Node","_name":"lb_point","_parent":{"__id__":47},"_components":[{"__type__":"cc.Label","node":{"__id__":62},"_materials":[{"__uuid__":"ecpdLyjvZBwrvm+cedCcQy"}],"_useOriginalSize":false,"_string":"10","_N$string":"10","_fontSize":33,"_lineHeight":35,"_N$file":{"__uuid__":"typdk345-cbe0-4203-a8ca-8141b2e63f4f"},"_isSystemFontUsed":false,"_N$horizontalAlign":2,"_N$verticalAlign":1,"_N$overflow":2}],"_prefab":{"__type__":"cc.PrefabInfo","root":{"__id__":1},"asset":{"__uuid__":"31jaerUGlAeYqv/iE54/zz"},"fileId":"4fRQEMQc1K7KyKeqWp+EIp"},"_color":{"__type__":"cc.Color","r":245,"g":209,"b":125},"_contentSize":{"__type__":"cc.Size","width":60,"height":35},"_anchorPoint":{"__type__":"cc.Vec2","x":1,"y":0.5},"_trs":{"__type__":"TypedArray","ctor":"Float64Array","array":[650,17.2,0,0,0,0,1,1,1,1]}},{"__type__":"cc.Node","_name":"lb_sportsPoint","_parent":{"__id__":47},"_components":[{"__type__":"cc.Label","node":{"__id__":63},"_materials":[{"__uuid__":"ecpdLyjvZBwrvm+cedCcQy"}],"_useOriginalSize":false,"_string":"比赛分：10","_N$string":"比赛分：10","_fontSize":24,"_lineHeight":24,"_N$file":{"__uuid__":"typdk345-cbe0-4203-a8ca-8141b2e63f4f"},"_isSystemFontUsed":false,"_N$horizontalAlign":1,"_N$verticalAlign":1}],"_prefab":{"__type__":"cc.PrefabInfo","root":{"__id__":1},"asset":{"__uuid__":"31jaerUGlAeYqv/iE54/zz"},"fileId":"10u0cmgHtFFas92yYXNiiO"},"_color":{"__type__":"cc.Color","r":245,"g":209,"b":125},"_contentSize":{"__type__":"cc.Size","width":118.5,"height":30.24},"_anchorPoint":{"__type__":"cc.Vec2","y":0.5},"_trs":{"__type__":"TypedArray","ctor":"Float64Array","array":[500,-14.8,0,0,0,0,1,1,1,1]}},{"__type__":"cc.Node","_name":"tip_lose","_parent":{"__id__":47},"_components":[{"__type__":"cc.Label","node":{"__id__":64},"_materials":[{"__uuid__":"ecpdLyjvZBwrvm+cedCcQy"}],"_useOriginalSize":false,"_string":"记牌数:","_N$string":"记牌数:","_fontSize":24,"_lineHeight":24,"_N$file":{"__uuid__":"typdk345-cbe0-4203-a8ca-8141b2e63f4f"},"_isSystemFontUsed":false,"_N$horizontalAlign":1,"_N$verticalAlign":1}],"_prefab":{"__type__":"cc.PrefabInfo","root":{"__id__":1},"asset":{"__uuid__":"31jaerUGlAeYqv/iE54/zz"},"fileId":"a1aBqLLXxMdIZAkJV45nlw"},"_contentSize":{"__type__":"cc.Size","width":78.38,"height":30.24},"_anchorPoint":{"__type__":"cc.Vec2","y":0.5},"_trs":{"__type__":"TypedArray","ctor":"Float64Array","array":[361.8,7,0,0,0,0,1,1,1,1]}},{"__type__":"cc.Node","_name":"lb_lose","_parent":{"__id__":47},"_components":[{"__type__":"cc.Label","node":{"__id__":65},"_materials":[{"__uuid__":"ecpdLyjvZBwrvm+cedCcQy"}],"_useOriginalSize":false,"_string":"0","_N$string":"0","_fontSize":24,"_lineHeight":25,"_N$file":{"__uuid__":"typdk345-cbe0-4203-a8ca-8141b2e63f4f"},"_isSystemFontUsed":false,"_N$horizontalAlign":1,"_N$verticalAlign":1}],"_prefab":{"__type__":"cc.PrefabInfo","root":{"__id__":1},"asset":{"__uuid__":"31jaerUGlAeYqv/iE54/zz"},"fileId":"54Hyod38hMx7XrhvwpYLGn"},"_color":{"__type__":"cc.Color","r":245,"g":209,"b":125},"_contentSize":{"__type__":"cc.Size","width":13.69,"height":31.5},"_trs":{"__type__":"TypedArray","ctor":"Float64Array","array":[468.4,7,0,0,0,0,1,1,1,1]}},{"__type__":"cc.Node","_name":"fplb","_parent":{"__id__":1},"_components":[{"__type__":"cc.Label","node":{"__id__":66},"_materials":[{"__uuid__":"ecpdLyjvZBwrvm+cedCcQy"}],"_useOriginalSize":false,"_string":"废牌","_N$string":"废牌","_N$horizontalAlign":1,"_N$verticalAlign":1}],"_prefab":{"__type__":"cc.PrefabInfo","root":{"__id__":1},"asset":{"__uuid__":"31jaerUGlAeYqv/iE54/zz"},"fileId":"f4kfQCn95AMZub6NOjAUTm"},"_color":{"__type__":"cc.Color","r":28,"g":245,"b":80},"_contentSize":{"__type__":"cc.Size","width":80,"height":50.4},"_trs":{"__type__":"TypedArray","ctor":"Float64Array","array":[-557.993,-184.995,0,0,0,0,1,1,1,1]}},{"__type__":"cc.Node","_name":"feipai","_parent":{"__id__":1},"_components":[{"__type__":"cc.Layout","node":{"__id__":67},"_layoutSize":{"__type__":"cc.Size","width":300,"height":100},"_resize":1,"_N$layoutType":1,"_N$spacingX":-25}],"_prefab":{"__type__":"cc.PrefabInfo","root":{"__id__":1},"asset":{"__uuid__":"31jaerUGlAeYqv/iE54/zz"},"fileId":"a3FARl1ENK9L8DK0D76cII"},"_contentSize":{"__type__":"cc.Size","width":300,"height":100},"_anchorPoint":{"__type__":"cc.Vec2","y":0.5},"_trs":{"__type__":"TypedArray","ctor":"Float64Array","array":[-480.976,-188.092,0,0,0,0,1,1.2,1.2,1]}},{"__type__":"cc.Node","_name":"roomID","_parent":{"__id__":1},"_components":[{"__id__":69}],"_prefab":{"__type__":"cc.PrefabInfo","root":{"__id__":1},"asset":{"__uuid__":"31jaerUGlAeYqv/iE54/zz"},"fileId":"5b721pRevhGr6QWXjoskt2I"},"_contentSize":{"__type__":"cc.Size","width":110.23,"height":21.42},"_anchorPoint":{"__type__":"cc.Vec2","x":1,"y":0.5},"_trs":{"__type__":"TypedArray","ctor":"Float64Array","array":[582.5,326.1,0,0,0,0,1,1,1,1]}},{"__type__":"cc.Label","node":{"__id__":68},"_materials":[{"__uuid__":"ecpdLyjvZBwrvm+cedCcQy"}],"_useOriginalSize":false,"_string":"房间号:123456","_N$string":"房间号:123456","_fontSize":17,"_lineHeight":17,"_N$file":{"__uuid__":"typdk345-cbe0-4203-a8ca-8141b2e63f4f"},"_isSystemFontUsed":false,"_N$horizontalAlign":1,"_N$verticalAlign":1},{"__type__":"cc.Node","_name":"jushu","_parent":{"__id__":1},"_components":[{"__id__":71}],"_prefab":{"__type__":"cc.PrefabInfo","root":{"__id__":1},"asset":{"__uuid__":"31jaerUGlAeYqv/iE54/zz"},"fileId":"7f29bFexW5DarGwv10Wil/m"},"_contentSize":{"__type__":"cc.Size","width":48.21,"height":21.42},"_anchorPoint":{"__type__":"cc.Vec2","x":1,"y":0.5},"_trs":{"__type__":"TypedArray","ctor":"Float64Array","array":[653.4,325.4,0,0,0,0,1,1,1,1]}},{"__type__":"cc.Label","node":{"__id__":70},"_materials":[{"__uuid__":"ecpdLyjvZBwrvm+cedCcQy"}],"_useOriginalSize":false,"_string":"局数:8","_N$string":"局数:8","_fontSize":17,"_lineHeight":17,"_N$file":{"__uuid__":"typdk345-cbe0-4203-a8ca-8141b2e63f4f"},"_isSystemFontUsed":false,"_N$horizontalAlign":1,"_N$verticalAlign":1},{"__type__":"cc.Node","_name":"endTime","_parent":{"__id__":1},"_components":[{"__id__":73}],"_prefab":{"__type__":"cc.PrefabInfo","root":{"__id__":1},"asset":{"__uuid__":"31jaerUGlAeYqv/iE54/zz"},"fileId":"3cd766ACC9Ho7KSHk0z434V"},"_contentSize":{"__type__":"cc.Size","width":203.4,"height":21.42},"_anchorPoint":{"__type__":"cc.Vec2","x":1,"y":0.5},"_trs":{"__type__":"TypedArray","ctor":"Float64Array","array":[655,352.5,0,0,0,0,1,1,1,1]}},{"__type__":"cc.Label","node":{"__id__":72},"_materials":[{"__uuid__":"ecpdLyjvZBwrvm+cedCcQy"}],"_useOriginalSize":false,"_string":"时间：2017-5-30 15:30:00","_N$string":"时间：2017-5-30 15:30:00","_fontSize":17,"_lineHeight":17,"_N$file":{"__uuid__":"typdk345-cbe0-4203-a8ca-8141b2e63f4f"},"_isSystemFontUsed":false,"_N$horizontalAlign":1,"_N$verticalAlign":1},{"__type__":"cc.Node","_name":"backcode","_parent":{"__id__":1},"_components":[{"__type__":"cc.Label","node":{"__id__":74},"_materials":[{"__uuid__":"ecpdLyjvZBwrvm+cedCcQy"}],"_useOriginalSize":false,"_string":"回放码：000000","_N$string":"回放码：000000","_fontSize":17,"_lineHeight":17,"_N$file":{"__uuid__":"typdk345-cbe0-4203-a8ca-8141b2e63f4f"},"_isSystemFontUsed":false,"_N$horizontalAlign":1,"_N$verticalAlign":1}],"_prefab":{"__type__":"cc.PrefabInfo","root":{"__id__":1},"asset":{"__uuid__":"31jaerUGlAeYqv/iE54/zz"},"fileId":"cf9ceiIctpDxrALJWEIVCk8"},"_contentSize":{"__type__":"cc.Size","width":126.17,"height":21.42},"_anchorPoint":{"__type__":"cc.Vec2","x":1,"y":0.5},"_trs":{"__type__":"TypedArray","ctor":"Float64Array","array":[654.2,302.1,0,0,0,0,1,1,1,1]}},{"__type__":"cc.Node","_name":"tip","_parent":{"__id__":1},"_components":[{"__type__":"cc.Label","node":{"__id__":75},"_materials":[{"__uuid__":"ecpdLyjvZBwrvm+cedCcQy"}],"_useOriginalSize":false,"_string":"总分","_N$string":"总分","_fontSize":17,"_lineHeight":17,"_N$file":{"__uuid__":"typdk345-cbe0-4203-a8ca-8141b2e63f4f"},"_isSystemFontUsed":false,"_N$horizontalAlign":1,"_N$verticalAlign":1}],"_prefab":{"__type__":"cc.PrefabInfo","root":{"__id__":1},"asset":{"__uuid__":"31jaerUGlAeYqv/iE54/zz"},"fileId":"19e94D3LldMNoLJtz3wCnxk"},"_contentSize":{"__type__":"cc.Size","width":34,"height":21.42},"_trs":{"__type__":"TypedArray","ctor":"Float64Array","array":[636.9,274.4,0,0,0,0,1,1,1,1]}},{"__type__":"cc.Node","_name":"btn_jixu","_parent":{"__id__":1},"_components":[{"__type__":"cc.Sprite","node":{"__id__":76},"_materials":[{"__uuid__":"ecpdLyjvZBwrvm+cedCcQy"}],"_spriteFrame":{"__uuid__":"54bLnHGuVBko6rCeG/dXu1"}},{"__type__":"cc.Button","node":{"__id__":76},"clickEvents":[{"__type__":"cc.ClickEvent","target":{"__id__":1},"_componentId":"b14d0eWeLxJkKZlHk8NrAiU","handler":"OnClick_BtnWnd"}],"_N$transition":3,"transition":3,"_N$normalColor":{"__type__":"cc.Color","r":214,"g":214,"b":214},"_N$target":{"__id__":76}}],"_prefab":{"__type__":"cc.PrefabInfo","root":{"__id__":1},"asset":{"__uuid__":"31jaerUGlAeYqv/iE54/zz"},"fileId":"2e0b2BatJ1AAIFk3AlbPPxp"},"_contentSize":{"__type__":"cc.Size","width":226,"height":83},"_trs":{"__type__":"TypedArray","ctor":"Float64Array","array":[133.303,-338.854,0,0,0,0,1,1,1,1]}},{"__type__":"cc.Node","_name":"btn_out","_parent":{"__id__":1},"_children":[{"__id__":78}],"_components":[{"__type__":"cc.Sprite","node":{"__id__":77},"_materials":[{"__uuid__":"ecpdLyjvZBwrvm+cedCcQy"}],"_spriteFrame":{"__uuid__":"typdk884-2e96-4cde-a129-9cdf6ce1af3a"},"_sizeMode":0},{"__type__":"cc.Button","node":{"__id__":77},"clickEvents":[{"__type__":"cc.ClickEvent","target":{"__id__":1},"_componentId":"b14d0eWeLxJkKZlHk8NrAiU","handler":"OnClick_BtnWnd"}],"_N$transition":3,"transition":3,"_N$normalColor":{"__type__":"cc.Color","r":214,"g":214,"b":214},"_N$target":{"__id__":77}}],"_prefab":{"__type__":"cc.PrefabInfo","root":{"__id__":1},"asset":{"__uuid__":"31jaerUGlAeYqv/iE54/zz"},"fileId":"fb1b8jpgwBM7qSvNlZYlIa7"},"_contentSize":{"__type__":"cc.Size","width":219,"height":83},"_trs":{"__type__":"TypedArray","ctor":"Float64Array","array":[-134.097,-338.854,0,0,0,0,1,1,1,1]}},{"__type__":"cc.Node","_name":"New Label","_parent":{"__id__":77},"_components":[{"__type__":"cc.Label","node":{"__id__":78},"_materials":[{"__uuid__":"ecpdLyjvZBwrvm+cedCcQy"}],"_useOriginalSize":false,"_string":"离开","_N$string":"离开","_N$file":{"__uuid__":"typdk345-cbe0-4203-a8ca-8141b2e63f4f"},"_isSystemFontUsed":false,"_N$horizontalAlign":1,"_N$verticalAlign":1},{"__type__":"cc.LabelOutline","node":{"__id__":78},"_color":{"__type__":"cc.Color","r":167,"g":101,"b":15},"_width":2}],"_prefab":{"__type__":"cc.PrefabInfo","root":{"__id__":1},"asset":{"__uuid__":"31jaerUGlAeYqv/iE54/zz"},"fileId":"bd111xoC7pCV5+dgWCnsC3c"},"_contentSize":{"__type__":"cc.Size","width":84,"height":54.4},"_trs":{"__type__":"TypedArray","ctor":"Float64Array","array":[0,6.5,0,0,0,0,1,1,1,1]}},{"__type__":"cc.Node","_name":"chupai","_parent":{"__id__":1},"_components":[{"__type__":"cc.Layout","node":{"__id__":79},"_layoutSize":{"__type__":"cc.Size","width":150,"height":80},"_resize":1,"_N$layoutType":1,"_N$spacingX":-34}],"_prefab":{"__type__":"cc.PrefabInfo","root":{"__id__":1},"asset":{"__uuid__":"31jaerUGlAeYqv/iE54/zz"},"fileId":"eceb1GykEhEq7b2f7hkiHjY"},"_contentSize":{"__type__":"cc.Size","width":150,"height":80},"_trs":{"__type__":"TypedArray","ctor":"Float64Array","array":[0,0,0,0,0,0,1,1,1,1]}},{"__type__":"cc.Node","_name":"cardPrefab","_parent":{"__id__":1},"_children":[{"__id__":81},{"__id__":82},{"__id__":83},{"__id__":84},{"__id__":85}],"_active":false,"_prefab":{"__type__":"cc.PrefabInfo","root":{"__id__":1},"asset":{"__uuid__":"31jaerUGlAeYqv/iE54/zz"},"fileId":"f19a25l5FZHypcKC44KgfQI"},"_contentSize":{"__type__":"cc.Size","width":58,"height":80},"_trs":{"__type__":"TypedArray","ctor":"Float64Array","array":[0,0,0,0,0,0,1,1,1,1]}},{"__type__":"cc.Node","_name":"bg_poker","_parent":{"__id__":80},"_components":[{"__type__":"cc.Sprite","node":{"__id__":81},"_materials":[{"__uuid__":"ecpdLyjvZBwrvm+cedCcQy"}],"_spriteFrame":{"__uuid__":"typdkcdc-0296-4995-a5f0-5aafb3da0dc9"},"_sizeMode":0,"_isTrimmedMode":false}],"_prefab":{"__type__":"cc.PrefabInfo","root":{"__id__":1},"asset":{"__uuid__":"31jaerUGlAeYqv/iE54/zz"},"fileId":"1923aSWDT1ItIi9ZOlbtsES"},"_contentSize":{"__type__":"cc.Size","width":58,"height":80},"_trs":{"__type__":"TypedArray","ctor":"Float64Array","array":[0,0,0,0,0,0,1,1,1,1]}},{"__type__":"cc.Node","_name":"num","_parent":{"__id__":80},"_components":[{"__type__":"cc.Sprite","node":{"__id__":82},"_materials":[{"__uuid__":"ecpdLyjvZBwrvm+cedCcQy"}],"_spriteFrame":{"__uuid__":"typdka48-0b88-4299-9850-e7b39ee05781"},"_sizeMode":0,"_isTrimmedMode":false}],"_prefab":{"__type__":"cc.PrefabInfo","root":{"__id__":1},"asset":{"__uuid__":"31jaerUGlAeYqv/iE54/zz"},"fileId":"2d09elrZedCFbiQiA7Vvh9Q"},"_contentSize":{"__type__":"cc.Size","width":15.5,"height":19.5},"_trs":{"__type__":"TypedArray","ctor":"Float64Array","array":[-18.3,27.3,0,0,0,0,1,1,1,1]}},{"__type__":"cc.Node","_name":"icon","_parent":{"__id__":80},"_components":[{"__type__":"cc.Sprite","node":{"__id__":83},"_materials":[{"__uuid__":"ecpdLyjvZBwrvm+cedCcQy"}],"_spriteFrame":{"__uuid__":"typdke09-2f41-47be-92fc-f1c143e817c3"},"_sizeMode":0,"_isTrimmedMode":false}],"_prefab":{"__type__":"cc.PrefabInfo","root":{"__id__":1},"asset":{"__uuid__":"31jaerUGlAeYqv/iE54/zz"},"fileId":"aa097iTFohD7Lkr8CVskkcN"},"_contentSize":{"__type__":"cc.Size","width":58,"height":80},"_trs":{"__type__":"TypedArray","ctor":"Float64Array","array":[0,0,0,0,0,0,1,1,1,1]}},{"__type__":"cc.Node","_name":"icon_1","_parent":{"__id__":80},"_components":[{"__type__":"cc.Sprite","node":{"__id__":84},"_materials":[{"__uuid__":"ecpdLyjvZBwrvm+cedCcQy"}],"_spriteFrame":{"__uuid__":"typdk440-0a4c-4a04-9f39-f479e4332763"},"_sizeMode":0,"_isTrimmedMode":false}],"_prefab":{"__type__":"cc.PrefabInfo","root":{"__id__":1},"asset":{"__uuid__":"31jaerUGlAeYqv/iE54/zz"},"fileId":"77d23aCpvBEeb0wn7g2f4j3"},"_contentSize":{"__type__":"cc.Size","width":58,"height":80},"_trs":{"__type__":"TypedArray","ctor":"Float64Array","array":[0,0,0,0,0,0,1,1,1,1]}},{"__type__":"cc.Node","_name":"shou","_parent":{"__id__":80},"_children":[{"__id__":86}],"_active":false,"_components":[{"__type__":"cc.Sprite","node":{"__id__":85},"_materials":[{"__uuid__":"ecpdLyjvZBwrvm+cedCcQy"}],"_spriteFrame":{"__uuid__":"77oj9ahxND6KQRhpskMb05"},"_sizeMode":0}],"_prefab":{"__type__":"cc.PrefabInfo","root":{"__id__":1},"asset":{"__uuid__":"31jaerUGlAeYqv/iE54/zz"},"fileId":"5d5fc4mzlBJpYLshDgsh9TA"},"_contentSize":{"__type__":"cc.Size","width":30,"height":30},"_trs":{"__type__":"TypedArray","ctor":"Float64Array","array":[-13.98,-23.55,0,0,0,0,1,1,1,1]}},{"__type__":"cc.Node","_name":"lb","_parent":{"__id__":85},"_components":[{"__type__":"cc.Label","node":{"__id__":86},"_materials":[{"__uuid__":"ecpdLyjvZBwrvm+cedCcQy"}],"_useOriginalSize":false,"_string":"88","_N$string":"88","_fontSize":15,"_lineHeight":15,"_N$file":{"__uuid__":"typdk345-cbe0-4203-a8ca-8141b2e63f4f"},"_isSystemFontUsed":false,"_N$horizontalAlign":1,"_N$verticalAlign":1},{"__type__":"cc.LabelOutline","node":{"__id__":86},"_color":{"__type__":"cc.Color","r":102,"g":22,"b":133}}],"_prefab":{"__type__":"cc.PrefabInfo","root":{"__id__":1},"asset":{"__uuid__":"31jaerUGlAeYqv/iE54/zz"},"fileId":"cbb47AA3GFEwKhmsmH9+cwq"},"_contentSize":{"__type__":"cc.Size","width":19.11,"height":20.9},"_trs":{"__type__":"TypedArray","ctor":"Float64Array","array":[-6.17,-7.33,0,0,0,0,1,1,1,1]}}],{"__type__":"cc.SpriteFrame","content":{"name":"btn_jx","texture":"53ALAQCKpAgIcTwWmrttHu","rect":[1,2,226,83],"offset":[-0.5,0],"originalSize":[229,87],"capInsets":[0,0,0,0]}},{"__type__":"cc.SpriteFrame","content":{"name":"bg_djjs","texture":"38qIseDu9IDpggxYmMROLd","rect":[2,2,877,665],"offset":[0,0],"originalSize":[881,669],"capInsets":[0,0,0,0]}},{"__type__":"cc.SpriteFrame","content":{"name":"img_txk","texture":"cfLMGTgSZIH6icALgrIfhN","rect":[2,2,147,147],"offset":[-0.5,0.5],"originalSize":[152,152],"capInsets":[0,0,0,0]}},{"__type__":"cc.SpriteFrame","content":{"name":"img_tb","texture":"10MqkbNM5EY7SlPIEdzGb6","rect":[0,0,53,55],"offset":[0,0],"originalSize":[53,55],"capInsets":[0,0,0,0]}},{"__type__":"cc.SpriteFrame","content":{"name":"default_panel","texture":"d8HsitJHxOYqo801xBk8ev","rect":[0,0,20,20],"offset":[0,0],"originalSize":[20,20],"capInsets":[6,6,6,6]}},{"__type__":"cc.SpriteFrame","content":{"name":"bg_djjs2","texture":"5e1js2wLdEnK7ASVfVLolN","rect":[0,0,875,663],"offset":[0,0],"originalSize":[875,663],"capInsets":[0,0,0,0]}},{"__type__":"cc.SpriteFrame","content":{"name":"img_fz","texture":"26q6MtINNB1bBvg3h/WPXL","rect":[0,0,41,41],"offset":[-0.5,0.5],"originalSize":[42,42],"capInsets":[0,0,0,0]}},{"__type__":"cc.SpriteFrame","content":{"name":"01","texture":"2d3tDFgB1C2aA196cLb8PD","rect":[1,0,278,145],"offset":[0,0.5],"originalSize":[280,146],"capInsets":[0,0,0,0]}},{"__type__":"cc.SpriteFrame","content":{"name":"02","texture":"fbsGmpcLlO+JDBkTJyPXZr","rect":[1,1,278,145],"offset":[0,0],"originalSize":[280,147],"capInsets":[0,0,0,0]}},{"__type__":"cc.SpriteFrame","content":{"name":"img_zhuang","texture":"b41FT3YmdKXIsSBSgdN3fY","rect":[0,1,44,44],"offset":[-1,0],"originalSize":[46,46],"capInsets":[0,0,0,0]}},{"__type__":"cc.SpriteFrame","content":{"name":"bg_spade1_2","texture":"typdk271-5b39-45ce-96a9-148012b39923","rect":[12,78,161,146],"offset":[1,-31.5],"originalSize":[183,239],"capInsets":[0,0,0,0]}},{"__type__":"cc.SpriteFrame","content":{"name":"btn_yellow","texture":"typdk336-bd59-49be-bbfd-b9c7d2187939","rect":[0,0,236,94],"offset":[0,0],"originalSize":[236,94],"capInsets":[0,0,0,0]}},{"__type__":"cc.SpriteFrame","content":{"name":"black_3","texture":"typdk2a5-dd5d-4cd2-9e72-aee800756993","rect":[5,1,39,57],"offset":[0,1],"originalSize":[49,61],"capInsets":[0,0,0,0]}},{"__type__":"cc.SpriteFrame","content":{"name":"morentouxiang","texture":"typdk652-0393-4ea1-84d8-1bdd3044f177","rect":[0,0,60,60],"offset":[0,0],"originalSize":[60,60],"capInsets":[0,0,0,0]}},{"__type__":"cc.SpriteFrame","content":{"name":"bg_poker","texture":"typdk7fb-f63d-41e9-9228-532e42c86562","rect":[0,0,134,185],"offset":[0,0],"originalSize":[134,185],"capInsets":[0,0,0,0]}},{"__type__":"cc.SpriteFrame","content":{"name":"bg_spade1_1","texture":"typdkf2d-f2bd-4293-b4ac-2bfb997670cb","rect":[12,78,161,146],"offset":[1,-31.5],"originalSize":[183,239],"capInsets":[0,0,0,0]}}]