[[{"__type__":"cc.Prefab","_name":"pdk_UIMessageTip","data":{"__id__":1}},{"__type__":"cc.Node","_name":"UIMessageTip","_children":[{"__id__":2}],"_components":[{"__type__":"cc.Widget","node":{"__id__":1},"alignMode":0},{"__type__":"typdk9a9-9ff7-412b-bb07-9f0d1ca36180","node":{"__id__":1},"JS_Name":"sss_BaseComponent","ZorderLv":9,"lb_info":{"__id__":4}}],"_prefab":{"__type__":"cc.PrefabInfo","root":{"__id__":1},"asset":{"__uuid__":"typdk8a0-495a-413a-a82e-53ea75289362"},"fileId":"2d1723MgIdLFb/QiDS4DlEB"},"_contentSize":{"__type__":"cc.Size","width":620,"height":140},"_trs":{"__type__":"TypedArray","ctor":"Float64Array","array":[0,0,0,0,0,0,1,1,1,1]}},{"__type__":"cc.Node","_name":"sp_info","_parent":{"__id__":1},"_children":[{"__id__":3}],"_components":[{"__type__":"cc.Sprite","node":{"__id__":2},"_spriteFrame":{"__uuid__":"typdk8e7-3193-4cff-bf46-adda08dd77c4"},"_type":1,"_sizeMode":0,"_isTrimmedMode":false},{"__type__":"cc.Widget","node":{"__id__":2},"alignMode":0,"_alignFlags":12,"_left":55,"_top":469,"_bottom":-90},{"__type__":"cc.Layout","node":{"__id__":2},"_layoutSize":{"__type__":"cc.Size","width":621,"height":158},"_resize":1,"_N$layoutType":2,"_N$paddingLeft":10,"_N$paddingRight":10,"_N$paddingTop":30,"_N$paddingBottom":20,"_N$spacingX":10}],"_prefab":{"__type__":"cc.PrefabInfo","root":{"__id__":1},"asset":{"__uuid__":"typdk8a0-495a-413a-a82e-53ea75289362"},"fileId":"53ac6w8BXhJ3JC9j2dc9Enh"},"_contentSize":{"__type__":"cc.Size","width":621,"height":158},"_anchorPoint":{"__type__":"cc.Vec2","y":0.5},"_trs":{"__type__":"TypedArray","ctor":"Float64Array","array":[-255,-81,0,0,0,0,1,1,1,1]}},{"__type__":"cc.Node","_name":"lb_info","_parent":{"__id__":2},"_components":[{"__id__":4}],"_prefab":{"__type__":"cc.PrefabInfo","root":{"__id__":1},"asset":{"__uuid__":"typdk8a0-495a-413a-a82e-53ea75289362"},"fileId":"171b0GVSPhCwIx14xso0e3w"},"_color":{"__type__":"cc.Color","r":255,"g":226,"b":146},"_contentSize":{"__type__":"cc.Size","width":600,"height":108},"_trs":{"__type__":"TypedArray","ctor":"Float64Array","array":[310,-5,0,0,0,0,1,1,1,1]}},{"__type__":"cc.Label","node":{"__id__":3},"_useOriginalSize":false,"_string":"手牌中有4张红中时立即胡牌，且牌墙中未摸起的牌都为奖码，其中有1、5、9的牌都为中码。","_N$string":"手牌中有4张红中时立即胡牌，且牌墙中未摸起的牌都为奖码，其中有1、5、9的牌都为中码。","_fontSize":30,"_lineHeight":36,"_N$verticalAlign":1,"_N$overflow":3}],{"__type__":"cc.SpriteFrame","content":{"name":"img_black_worddown","texture":"typdk36d-a0f8-488a-8608-2ad9cd60478e","rect":[0,0,149,102],"offset":[0,0],"originalSize":[149,102],"capInsets":[18,28,64,22]}}]