[{"__type__":"cc.SpriteFrame","content":{"name":"10","texture":"typdk3af-6d81-47e0-9a3f-3fb04dcf86c4","rect":[50,64,142,142],"offset":[3,-13],"originalSize":[236,244],"capInsets":[0,0,0,0]}},{"__type__":"cc.SpriteFrame","content":{"name":"01","texture":"typdke35-4fac-4ac7-a329-d67df50403b4","rect":[87,106,64,48],"offset":[1,-8],"originalSize":[236,244],"capInsets":[0,0,0,0]}},{"__type__":"cc.SpriteFrame","content":{"name":"06","texture":"typdk45c-84ee-411a-b1a9-ce2d66f51bb2","rect":[58,72,124,124],"offset":[2,-12],"originalSize":[236,244],"capInsets":[0,0,0,0]}},{"__type__":"cc.SpriteFrame","content":{"name":"03","texture":"typdk0e5-6f13-4e67-81f8-cb6d17c1cd8f","rect":[83,88,74,83],"offset":[2,-7.5],"originalSize":[236,244],"capInsets":[0,0,0,0]}},{"__type__":"cc.SpriteFrame","content":{"name":"09","texture":"typdk802-2005-4151-8791-bc1084920cce","rect":[63,77,115,115],"offset":[2.5,-12.5],"originalSize":[236,244],"capInsets":[0,0,0,0]}},{"__type__":"cc.SpriteFrame","content":{"name":"04","texture":"typdk949-d7f0-4006-811a-b3ace6598a29","rect":[74,89,92,91],"offset":[2,-12.5],"originalSize":[236,244],"capInsets":[0,0,0,0]}},{"__type__":"cc.SpriteFrame","content":{"name":"05","texture":"typdk62b-0d24-4ae0-a521-6421c1edba6b","rect":[66,80,108,108],"offset":[2,-12],"originalSize":[236,244],"capInsets":[0,0,0,0]}},{"__type__":"cc.AnimationClip","_name":"warning","_duration":0.85,"wrapMode":2,"curveData":{"comps":{"cc.Sprite":{"spriteFrame":[{"frame":0,"value":{"__uuid__":"typdk407-605e-4f1d-b3ed-22416a2ace56"}},{"frame":0.08333333333333333,"value":{"__uuid__":"typdkee8-b3f7-4476-85d2-ce57ed613fed"}},{"frame":0.16666666666666666,"value":{"__uuid__":"typdk4ad-de4b-44e6-89b9-bf654c92d17e"}},{"frame":0.25,"value":{"__uuid__":"typdk618-4441-4f92-b08b-3e45caaebc39"}},{"frame":0.3333333333333333,"value":{"__uuid__":"typdk638-2950-4b32-97b5-334d507603e6"}},{"frame":0.4166666666666667,"value":{"__uuid__":"typdk47e-31cf-48ea-9d2f-2b6653e2bb93"}},{"frame":0.5,"value":{"__uuid__":"typdkd03-78d4-46c0-8095-dea5fee6a7b9"}},{"frame":0.5833333333333334,"value":{"__uuid__":"typdk7b3-94c2-44ea-9711-a994d35f363f"}},{"frame":0.6666666666666666,"value":{"__uuid__":"typdk500-bfe5-47e6-8675-613a195abcec"}},{"frame":0.75,"value":{"__uuid__":"typdk781-2373-4305-b248-9b5d119534b1"}},{"frame":0.8333333333333334,"value":{"__uuid__":"typdk04a-2c70-4337-a81e-f7afd6e28d8d"}}]}}}},{"__type__":"cc.SpriteFrame","content":{"name":"11","texture":"typdkbf4-9347-40f2-a90a-e3e9aeaaa322","rect":[33,47,176,176],"offset":[3,-13],"originalSize":[236,244],"capInsets":[0,0,0,0]}},{"__type__":"cc.SpriteFrame","content":{"name":"08","texture":"typdk6ea-90e1-4404-b829-3adfbde1ac5a","rect":[76,89,89,90],"offset":[2.5,-12],"originalSize":[236,244],"capInsets":[0,0,0,0]}},{"__type__":"cc.SpriteFrame","content":{"name":"07","texture":"typdk194-6a3d-4b94-8b55-f0e1b7ec2b6d","rect":[88,89,63,74],"offset":[1.5,-4],"originalSize":[236,244],"capInsets":[0,0,0,0]}},{"__type__":"cc.SpriteFrame","content":{"name":"02","texture":"typdk7f8-ba6f-409d-b088-2e343a6ea011","rect":[88,89,63,74],"offset":[1.5,-4],"originalSize":[236,244],"capInsets":[0,0,0,0]}}]