[{"__type__":"cc.SpriteFrame","content":{"name":"ani_shoot6","texture":"typdkea8-482d-4d6a-8803-3bec5e3b94f1","rect":[1,7,316,130],"offset":[-17.5,-3.5],"originalSize":[353,137],"capInsets":[0,0,0,0]}},{"__type__":"cc.SpriteFrame","content":{"name":"ani_shoot5","texture":"typdk131-3a31-45d2-8766-88b06726b05a","rect":[0,2,317,135],"offset":[-18,-1],"originalSize":[353,137],"capInsets":[0,0,0,0]}},{"__type__":"cc.SpriteFrame","content":{"name":"ani_shoot2","texture":"typdk7cb-7a8f-4123-b10a-6062c1da6fc1","rect":[2,2,351,130],"offset":[1,1.5],"originalSize":[353,137],"capInsets":[0,0,0,0]}},{"__type__":"cc.SpriteFrame","content":{"name":"ani_shoot1","texture":"typdk30b-87a0-4829-977f-7198865e150e","rect":[1,2,351,134],"offset":[0,-0.5],"originalSize":[353,137],"capInsets":[0,0,0,0]}},{"__type__":"cc.SpriteFrame","content":{"name":"ani_shoot3","texture":"typdk0ca-bd1c-4406-bd7e-7c6787476c6e","rect":[2,1,311,130],"offset":[-19,2.5],"originalSize":[353,137],"capInsets":[0,0,0,0]}},{"__type__":"cc.SpriteFrame","content":{"name":"ani_shoot4","texture":"typdkf00-94c0-478c-a5b5-91fadf603796","rect":[1,2,314,132],"offset":[-18.5,0.5],"originalSize":[353,137],"capInsets":[0,0,0,0]}},{"__type__":"cc.AnimationClip","_name":"openFire","_duration":0.43333333333333335,"curveData":{"comps":{"cc.Sprite":{"spriteFrame":[{"frame":0,"value":{"__uuid__":"typdk693-e0a7-4516-9b4a-aa32f07a258a"}},{"frame":0.08333333333333333,"value":{"__uuid__":"typdk4f1-ee67-499c-b389-5369c90a8727"}},{"frame":0.16666666666666666,"value":{"__uuid__":"typdkf4d-e74a-4533-b771-5c458aea3f4a"}},{"frame":0.25,"value":{"__uuid__":"typdkd8a-8fc7-4bce-8d76-4f5c4c78d6b3"}},{"frame":0.3333333333333333,"value":{"__uuid__":"typdk2d4-ac75-4fcb-bc7e-2ca48104b670"}},{"frame":0.4166666666666667,"value":{"__uuid__":"typdk282-932f-4763-abd5-51c966aa3618"}}]}}},"events":[{"frame":0.4166666666666667,"func":"digHole","params":[0]}]}]