[{"__type__":"cc.SpriteFrame","content":{"name":"btn_huang","texture":"b3SoLmv/BOUZMob3UvUGGG","rect":[0,0,248,93],"offset":[0,0.5],"originalSize":[248,94],"capInsets":[0,0,0,0]}},{"__type__":"cc.SpriteFrame","content":{"name":"img_zimo2","texture":"0cKeGmyT1GC7J17/1Qsdy2","rect":[0,2,206,139],"offset":[0,-0.5],"originalSize":[206,142],"capInsets":[0,0,0,0]}},{"__type__":"cc.SpriteFrame","content":{"name":"img_shengli","texture":"d2iaXjzIpAapNQKOHbzn6h","rect":[0,0,228,135],"offset":[0,0],"originalSize":[228,135],"capInsets":[0,0,0,0]}},{"__type__":"cc.SpriteFrame","content":{"name":"img_sjd","texture":"25dfb/ri5AUbP8ERfIuR8S","rect":[0,0,338,126],"offset":[0,0],"originalSize":[338,126],"capInsets":[0,0,0,0]}},{"__type__":"cc.SpriteFrame","content":{"name":"zz","texture":"72ysUQtTRDpbl9hecbY8ms","rect":[0,0,46,46],"offset":[0,0],"originalSize":[46,46],"capInsets":[20,20,20,20]}},{"__type__":"cc.SpriteFrame","content":{"name":"img_pinghu","texture":"7e0r/UiJRKu6/MrLmYnjFR","rect":[1,0,227,147],"offset":[0.5,0],"originalSize":[228,147],"capInsets":[0,0,0,0]}},{"__type__":"cc.SpriteFrame","content":{"name":"img_btdi","texture":"c638T27VVP648aOpfnngh+","rect":[0,0,413,103],"offset":[0,0],"originalSize":[413,103],"capInsets":[0,0,0,0]}},{"__type__":"cc.SpriteFrame","content":{"name":"img_jiesuan","texture":"2c/PuIM1VLz4WfzY3nqBhK","rect":[0,0,224,148],"offset":[0,0],"originalSize":[224,148],"capInsets":[0,0,0,0]}},{"__type__":"cc.SpriteFrame","content":{"name":"img_dk","texture":"43oy8XxjpJ0rZWIe0ytrWn","rect":[0,0,1219,654],"offset":[0,0],"originalSize":[1219,654],"capInsets":[0,0,0,0]}},[{"__type__":"cc.Prefab","_name":"qzmj_UIMJWBWinLost","data":{"__id__":1}},{"__type__":"cc.Node","_name":"qzmj_UIMJWBWinLost","_children":[{"__id__":2},{"__id__":5},{"__id__":6},{"__id__":11},{"__id__":24},{"__id__":25}],"_components":[{"__type__":"cc.Button","node":{"__id__":1},"_N$normalColor":{"__type__":"cc.Color","r":214,"g":214,"b":214},"_N$target":{"__id__":1}},{"__type__":"cc.Sprite","node":{"__id__":1},"_materials":[{"__uuid__":"ecpdLyjvZBwrvm+cedCcQy"}],"_spriteFrame":{"__uuid__":"65w58LvoRNmpEz7+X/JqHn"},"_type":1,"_sizeMode":0},{"__type__":"6e6c5RrZ7lJA5jxkZNqYvKx","node":{"__id__":1},"winlost_childwb":{"__uuid__":"eapKn6PNlBfb1H8GgZ/Ydz"},"sp_tittle":[{"__uuid__":"b1TJimHAVI0aqpToc7ZxVS"},{"__uuid__":"275fqYBUhBZIuHDtAnN4Lc"},{"__uuid__":"66Ojy71RJPPZ1uQeNHXzGm"},{"__uuid__":"2auwrfp+xNE5p0ht+4sSqf"},{"__uuid__":"31Q/zVYINJZLHCEhyAlHDi"}]},{"__type__":"cc.Widget","node":{"__id__":1},"alignMode":0,"_alignFlags":45},{"__type__":"cc.BlockInputEvents","node":{"__id__":1}}],"_prefab":{"__type__":"cc.PrefabInfo","root":{"__id__":1},"asset":{"__uuid__":"cf17WLKZ9JmYywRqtMzjLg"},"fileId":"2bVzDRfqJNurO91GSqdkTH"},"_contentSize":{"__type__":"cc.Size","width":1360,"height":760},"_trs":{"__type__":"TypedArray","ctor":"Float64Array","array":[680,380,0,0,0,0,1,1,1,1]}},{"__type__":"cc.Node","_name":"bg","_parent":{"__id__":1},"_children":[{"__id__":3},{"__type__":"cc.Node","_name":"New Sprite","_parent":{"__id__":2},"_prefab":{"__type__":"cc.PrefabInfo","root":{"__id__":1},"asset":{"__uuid__":"cf17WLKZ9JmYywRqtMzjLg"},"fileId":"01InA2MRRA7KCa5BK/33/U"},"_contentSize":{"__type__":"cc.Size","width":800,"height":38},"_trs":{"__type__":"TypedArray","ctor":"Float64Array","array":[-226,253,0,0,0,0,1,1,1,1]}}],"_components":[{"__type__":"cc.Sprite","node":{"__id__":2},"_materials":[{"__uuid__":"ecpdLyjvZBwrvm+cedCcQy"}],"_spriteFrame":{"__uuid__":"c8+Fq4OQJGV6qqCwf1e1J/"},"_sizeMode":0}],"_prefab":{"__type__":"cc.PrefabInfo","root":{"__id__":1},"asset":{"__uuid__":"cf17WLKZ9JmYywRqtMzjLg"},"fileId":"0eKKojgnhAgaYb/3+tfZtq"},"_contentSize":{"__type__":"cc.Size","width":1320,"height":654},"_trs":{"__type__":"TypedArray","ctor":"Float64Array","array":[0,-21,0,0,0,0,1,1,1,1]}},{"__type__":"cc.Node","_name":"bg_title","_parent":{"__id__":2},"_children":[{"__id__":4}],"_components":[{"__type__":"cc.Sprite","node":{"__id__":3},"_materials":[{"__uuid__":"ecpdLyjvZBwrvm+cedCcQy"}],"_spriteFrame":{"__uuid__":"6e0DpS015PNJ2TFiYDqvNJ"}}],"_prefab":{"__type__":"cc.PrefabInfo","root":{"__id__":1},"asset":{"__uuid__":"cf17WLKZ9JmYywRqtMzjLg"},"fileId":"6fIn/tN+FG4LhVWN9P+Qxt"},"_contentSize":{"__type__":"cc.Size","width":413,"height":103},"_trs":{"__type__":"TypedArray","ctor":"Float64Array","array":[0,343,0,0,0,0,1,1,1,1]}},{"__type__":"cc.Node","_name":"title_result","_parent":{"__id__":3},"_components":[{"__type__":"cc.Sprite","node":{"__id__":4},"_materials":[{"__uuid__":"ecpdLyjvZBwrvm+cedCcQy"}],"_spriteFrame":{"__uuid__":"31Q/zVYINJZLHCEhyAlHDi"}}],"_prefab":{"__type__":"cc.PrefabInfo","root":{"__id__":1},"asset":{"__uuid__":"cf17WLKZ9JmYywRqtMzjLg"},"fileId":"57JuPq+PVO04Wk/+zU2ghf"},"_contentSize":{"__type__":"cc.Size","width":338,"height":126},"_trs":{"__type__":"TypedArray","ctor":"Float64Array","array":[0,-16.107,0,0,0,0,1,1,1,1]}},{"__type__":"cc.Node","_name":"Players","_parent":{"__id__":1},"_components":[{"__type__":"cc.Layout","node":{"__id__":5},"_layoutSize":{"__type__":"cc.Size","width":1280,"height":-5},"_resize":1,"_N$layoutType":2,"_N$spacingY":5}],"_prefab":{"__type__":"cc.PrefabInfo","root":{"__id__":1},"asset":{"__uuid__":"cf17WLKZ9JmYywRqtMzjLg"},"fileId":"e421NdKm5PkbAOjRyl6dd0"},"_contentSize":{"__type__":"cc.Size","width":1280,"height":-5},"_anchorPoint":{"__type__":"cc.Vec2","x":0.5,"y":1},"_trs":{"__type__":"TypedArray","ctor":"Float64Array","array":[0,188,0,0,0,0,1,1,1,1]}},{"__type__":"cc.Node","_name":"room_info","_parent":{"__id__":1},"_children":[{"__id__":7},{"__id__":8},{"__id__":9},{"__id__":10}],"_prefab":{"__type__":"cc.PrefabInfo","root":{"__id__":1},"asset":{"__uuid__":"cf17WLKZ9JmYywRqtMzjLg"},"fileId":"f6lIodTCBBUbKLQ3YXB9lC"},"_trs":{"__type__":"TypedArray","ctor":"Float64Array","array":[0,31,0,0,0,0,1,1,1,1]}},{"__type__":"cc.Node","_name":"jushu","_parent":{"__id__":6},"_components":[{"__type__":"cc.Label","node":{"__id__":7},"_materials":[{"__uuid__":"ecpdLyjvZBwrvm+cedCcQy"}],"_useOriginalSize":false,"_string":"局数:8","_N$string":"局数:8","_fontSize":22,"_lineHeight":22,"_N$file":{"__uuid__":"qzmjmj1e-650d-4484-9e24-10ffc791e225"},"_isSystemFontUsed":false,"_N$horizontalAlign":1,"_N$verticalAlign":1}],"_prefab":{"__type__":"cc.PrefabInfo","root":{"__id__":1},"asset":{"__uuid__":"cf17WLKZ9JmYywRqtMzjLg"},"fileId":"06Qznqho5AXYc0pO/U+I0y"},"_contentSize":{"__type__":"cc.Size","width":62.39,"height":27.72},"_anchorPoint":{"__type__":"cc.Vec2","y":0.5},"_trs":{"__type__":"TypedArray","ctor":"Float64Array","array":[-665.253,290.354,0,0,0,0,1,1,1,1]}},{"__type__":"cc.Node","_name":"endTime","_parent":{"__id__":6},"_components":[{"__type__":"cc.Label","node":{"__id__":8},"_materials":[{"__uuid__":"ecpdLyjvZBwrvm+cedCcQy"}],"_useOriginalSize":false,"_string":"2017-5-30 15:30","_N$string":"2017-5-30 15:30","_fontSize":22,"_lineHeight":22,"_N$file":{"__uuid__":"qzmjmj1e-650d-4484-9e24-10ffc791e225"},"_isSystemFontUsed":false,"_N$horizontalAlign":1,"_N$verticalAlign":1}],"_prefab":{"__type__":"cc.PrefabInfo","root":{"__id__":1},"asset":{"__uuid__":"cf17WLKZ9JmYywRqtMzjLg"},"fileId":"a4sRSj4W1KPaMCGpX5DWTw"},"_contentSize":{"__type__":"cc.Size","width":166.29,"height":27.72},"_anchorPoint":{"__type__":"cc.Vec2","y":0.5},"_trs":{"__type__":"TypedArray","ctor":"Float64Array","array":[-551.69,292.463,0,0,0,0,1,1,1,1]}},{"__type__":"cc.Node","_name":"roomID","_parent":{"__id__":6},"_components":[{"__type__":"cc.Label","node":{"__id__":9},"_materials":[{"__uuid__":"ecpdLyjvZBwrvm+cedCcQy"}],"_useOriginalSize":false,"_string":"房间号:123456","_N$string":"房间号:123456","_fontSize":22,"_lineHeight":22,"_N$file":{"__uuid__":"qzmjmj1e-650d-4484-9e24-10ffc791e225"},"_isSystemFontUsed":false,"_N$horizontalAlign":1,"_N$verticalAlign":1}],"_prefab":{"__type__":"cc.PrefabInfo","root":{"__id__":1},"asset":{"__uuid__":"cf17WLKZ9JmYywRqtMzjLg"},"fileId":"23raZL6spNyp9sTVtPqazj"},"_contentSize":{"__type__":"cc.Size","width":142.66,"height":27.72},"_anchorPoint":{"__type__":"cc.Vec2","y":0.5},"_trs":{"__type__":"TypedArray","ctor":"Float64Array","array":[-664.89,324.095,0,0,0,0,1,1,1,1]}},{"__type__":"cc.Node","_name":"wanfa","_parent":{"__id__":6},"_components":[{"__type__":"cc.Label","node":{"__id__":10},"_materials":[{"__uuid__":"ecpdLyjvZBwrvm+cedCcQy"}],"_useOriginalSize":false,"_string":"玩法","_N$string":"玩法","_fontSize":22,"_lineHeight":22,"_N$file":{"__uuid__":"qzmjmj1e-650d-4484-9e24-10ffc791e225"},"_isSystemFontUsed":false,"_N$overflow":2}],"_prefab":{"__type__":"cc.PrefabInfo","root":{"__id__":1},"asset":{"__uuid__":"cf17WLKZ9JmYywRqtMzjLg"},"fileId":"e51YCa5bhKoKo+ofq6/i+Q"},"_contentSize":{"__type__":"cc.Size","width":250,"height":62},"_anchorPoint":{"__type__":"cc.Vec2","x":1,"y":1},"_trs":{"__type__":"TypedArray","ctor":"Float64Array","array":[657.309,336.018,0,0,0,0,1,1,1,1]}},{"__type__":"cc.Node","_name":"btn_list","_parent":{"__id__":1},"_children":[{"__id__":12},{"__id__":14},{"__id__":18},{"__id__":20},{"__id__":22}],"_components":[{"__type__":"cc.Layout","node":{"__id__":11},"_layoutSize":{"__type__":"cc.Size","width":1292,"height":100},"_resize":1,"_N$layoutType":1,"_N$spacingX":100}],"_prefab":{"__type__":"cc.PrefabInfo","root":{"__id__":1},"asset":{"__uuid__":"cf17WLKZ9JmYywRqtMzjLg"},"fileId":"554sYJ0OxP8qtS5S/mMG30"},"_contentSize":{"__type__":"cc.Size","width":1292,"height":100},"_trs":{"__type__":"TypedArray","ctor":"Float64Array","array":[0,-295.421,0,0,0,0,1,1,1,1]}},{"__type__":"cc.Node","_name":"btn_sharemore","_parent":{"__id__":11},"_children":[{"__id__":13}],"_components":[{"__type__":"cc.Sprite","node":{"__id__":12},"_materials":[{"__uuid__":"ecpdLyjvZBwrvm+cedCcQy"}],"_spriteFrame":{"__uuid__":"dbh1gLFzhA4aSbCSqOJbWH"}},{"__type__":"cc.Button","node":{"__id__":12},"clickEvents":[{"__type__":"cc.ClickEvent","target":{"__id__":1},"_componentId":"6e6c5RrZ7lJA5jxkZNqYvKx","handler":"OnClick_BtnWnd"}],"_N$transition":3,"transition":3,"_N$normalColor":{"__type__":"cc.Color","r":214,"g":214,"b":214},"_N$target":{"__id__":12}}],"_prefab":{"__type__":"cc.PrefabInfo","root":{"__id__":1},"asset":{"__uuid__":"cf17WLKZ9JmYywRqtMzjLg"},"fileId":"bd9akYZD5E9JrlNvPLOs4+"},"_contentSize":{"__type__":"cc.Size","width":248,"height":83},"_trs":{"__type__":"TypedArray","ctor":"Float64Array","array":[-522,0,0,0,0,0,1,1,1,1]}},{"__type__":"cc.Node","_name":"lb","_parent":{"__id__":12},"_components":[{"__type__":"cc.Label","node":{"__id__":13},"_materials":[{"__uuid__":"ecpdLyjvZBwrvm+cedCcQy"}],"_useOriginalSize":false,"_string":"分享链接","_N$string":"分享链接","_fontSize":36,"_lineHeight":38,"_N$file":{"__uuid__":"qzmjmj1e-650d-4484-9e24-10ffc791e225"},"_isSystemFontUsed":false,"_N$horizontalAlign":1,"_N$verticalAlign":1},{"__type__":"cc.LabelOutline","node":{"__id__":13},"_color":{"__type__":"cc.Color","r":7,"g":116,"b":181},"_width":2}],"_prefab":{"__type__":"cc.PrefabInfo","root":{"__id__":1},"asset":{"__uuid__":"cf17WLKZ9JmYywRqtMzjLg"},"fileId":"2fzCEb+2FFB7SrDr5n9MRm"},"_color":{"__type__":"cc.Color","r":254,"g":254,"b":254},"_contentSize":{"__type__":"cc.Size","width":148,"height":51.88},"_trs":{"__type__":"TypedArray","ctor":"Float64Array","array":[-1.6,2,0,0,0,0,1,1,1,1]}},{"__type__":"cc.Node","_name":"btn_xipai","_parent":{"__id__":11},"_children":[{"__id__":15},{"__id__":16},{"__id__":17}],"_active":false,"_components":[{"__type__":"cc.Sprite","node":{"__id__":14},"_spriteFrame":{"__uuid__":"qzmjmj4e-6edc-497e-940f-b01c6afa7300"}},{"__type__":"cc.Button","node":{"__id__":14},"clickEvents":[{"__type__":"cc.ClickEvent","target":{"__id__":1},"_componentId":"qzmjmjab-80e1-4244-ad13-bad1319ed7ae","handler":"OnClick_BtnWnd"}],"_N$transition":3,"transition":3,"_N$pressedColor":{"__type__":"cc.Color","r":255,"g":255,"b":255},"pressedColor":{"__type__":"cc.Color","r":255,"g":255,"b":255},"_N$disabledColor":{"__type__":"cc.Color","r":255,"g":255,"b":255},"_N$target":{"__id__":14}}],"_prefab":{"__type__":"cc.PrefabInfo","root":{"__id__":1},"asset":{"__uuid__":"cf17WLKZ9JmYywRqtMzjLg"},"fileId":"8bzHdqpOhFVrz6Y2mm+LyV"},"_contentSize":{"__type__":"cc.Size","width":206,"height":74},"_trs":{"__type__":"TypedArray","ctor":"Float64Array","array":[-323,0,0,0,0,0,1,1,1,1]}},{"__type__":"cc.Node","_name":"icon","_parent":{"__id__":14},"_components":[{"__type__":"cc.Label","node":{"__id__":15},"_useOriginalSize":false,"_string":"洗牌","_N$string":"洗牌","_fontSize":36,"_lineHeight":38,"_N$file":{"__uuid__":"qzmjmj1e-650d-4484-9e24-10ffc791e225"},"_isSystemFontUsed":false,"_N$horizontalAlign":1,"_N$verticalAlign":1},{"__type__":"cc.LabelOutline","node":{"__id__":15},"_color":{"__type__":"cc.Color","r":51,"g":75,"b":8},"_width":2}],"_prefab":{"__type__":"cc.PrefabInfo","root":{"__id__":1},"asset":{"__uuid__":"cf17WLKZ9JmYywRqtMzjLg"},"fileId":"15BRIaEGhME4ow0Y0Prjnb"},"_contentSize":{"__type__":"cc.Size","width":76,"height":38},"_trs":{"__type__":"TypedArray","ctor":"Float64Array","array":[-34.8,2,0,0,0,0,1,1,1,1]}},{"__type__":"cc.Node","_name":"New Sprite","_parent":{"__id__":14},"_components":[{"__type__":"cc.Sprite","node":{"__id__":16},"_spriteFrame":{"__uuid__":"qzmjmj84-3468-47cf-915a-7ca532b981ad"}}],"_prefab":{"__type__":"cc.PrefabInfo","root":{"__id__":1},"asset":{"__uuid__":"cf17WLKZ9JmYywRqtMzjLg"},"fileId":"a1vv+pw4lOy40omGmDyfsL"},"_contentSize":{"__type__":"cc.Size","width":58,"height":66},"_trs":{"__type__":"TypedArray","ctor":"Float64Array","array":[23.9,2.2,0,0,0,0,1,0.8,0.8,1]}},{"__type__":"cc.Node","_name":"icon","_parent":{"__id__":14},"_components":[{"__type__":"cc.Label","node":{"__id__":17},"_useOriginalSize":false,"_string":"-1","_N$string":"-1","_fontSize":36,"_lineHeight":38,"_N$file":{"__uuid__":"qzmjmj1e-650d-4484-9e24-10ffc791e225"},"_isSystemFontUsed":false,"_N$horizontalAlign":1,"_N$verticalAlign":1},{"__type__":"cc.LabelOutline","node":{"__id__":17},"_color":{"__type__":"cc.Color","r":51,"g":75,"b":8},"_width":2}],"_prefab":{"__type__":"cc.PrefabInfo","root":{"__id__":1},"asset":{"__uuid__":"cf17WLKZ9JmYywRqtMzjLg"},"fileId":"36LnVmYuBNgpcP5QWHFcB0"},"_contentSize":{"__type__":"cc.Size","width":38.73,"height":38},"_trs":{"__type__":"TypedArray","ctor":"Float64Array","array":[64.2,3,0,0,0,0,1,1,1,1]}},{"__type__":"cc.Node","_name":"btn_goon","_parent":{"__id__":11},"_children":[{"__id__":19}],"_components":[{"__type__":"cc.Sprite","node":{"__id__":18},"_materials":[{"__uuid__":"ecpdLyjvZBwrvm+cedCcQy"}],"_spriteFrame":{"__uuid__":"264c+CGYRAPYEVdEvtAzG4"}},{"__type__":"cc.Button","node":{"__id__":18},"clickEvents":[{"__type__":"cc.ClickEvent","target":{"__id__":1},"_componentId":"6e6c5RrZ7lJA5jxkZNqYvKx","handler":"OnClick_BtnWnd"}],"_N$transition":3,"transition":3,"_N$pressedColor":{"__type__":"cc.Color","r":255,"g":255,"b":255},"pressedColor":{"__type__":"cc.Color","r":255,"g":255,"b":255},"_N$disabledColor":{"__type__":"cc.Color","r":255,"g":255,"b":255},"_N$target":{"__id__":18}}],"_prefab":{"__type__":"cc.PrefabInfo","root":{"__id__":1},"asset":{"__uuid__":"cf17WLKZ9JmYywRqtMzjLg"},"fileId":"3dYtcDNN9I9qbqYmXe07Jt"},"_contentSize":{"__type__":"cc.Size","width":248,"height":93},"_trs":{"__type__":"TypedArray","ctor":"Float64Array","array":[-174,0,0,0,0,0,1,1,1,1]}},{"__type__":"cc.Node","_name":"icon","_parent":{"__id__":18},"_components":[{"__type__":"cc.Label","node":{"__id__":19},"_materials":[{"__uuid__":"ecpdLyjvZBwrvm+cedCcQy"}],"_useOriginalSize":false,"_string":"继续游戏","_N$string":"继续游戏","_fontSize":36,"_lineHeight":38,"_N$file":{"__uuid__":"qzmjmj1e-650d-4484-9e24-10ffc791e225"},"_isSystemFontUsed":false,"_N$horizontalAlign":1,"_N$verticalAlign":1},{"__type__":"cc.LabelOutline","node":{"__id__":19},"_color":{"__type__":"cc.Color","r":190,"g":80,"b":1},"_width":2}],"_prefab":{"__type__":"cc.PrefabInfo","root":{"__id__":1},"asset":{"__uuid__":"cf17WLKZ9JmYywRqtMzjLg"},"fileId":"68REt/a6BBmalfa7uobW4P"},"_color":{"__type__":"cc.Color","r":254,"g":254,"b":254},"_contentSize":{"__type__":"cc.Size","width":148,"height":51.88},"_trs":{"__type__":"TypedArray","ctor":"Float64Array","array":[-0.8,9.176,0,0,0,0,1,1,1,1]}},{"__type__":"cc.Node","_name":"btn_jixu","_parent":{"__id__":11},"_children":[{"__id__":21}],"_components":[{"__type__":"cc.Sprite","node":{"__id__":20},"_materials":[{"__uuid__":"ecpdLyjvZBwrvm+cedCcQy"}],"_spriteFrame":{"__uuid__":"264c+CGYRAPYEVdEvtAzG4"}},{"__type__":"cc.Button","node":{"__id__":20},"clickEvents":[{"__type__":"cc.ClickEvent","target":{"__id__":1},"_componentId":"6e6c5RrZ7lJA5jxkZNqYvKx","handler":"OnClick_BtnWnd"}],"_N$transition":3,"transition":3,"_N$pressedColor":{"__type__":"cc.Color","r":255,"g":255,"b":255},"pressedColor":{"__type__":"cc.Color","r":255,"g":255,"b":255},"_N$disabledColor":{"__type__":"cc.Color","r":255,"g":255,"b":255},"_N$target":{"__id__":20}}],"_prefab":{"__type__":"cc.PrefabInfo","root":{"__id__":1},"asset":{"__uuid__":"cf17WLKZ9JmYywRqtMzjLg"},"fileId":"69UF4U4KVEGbPyakYq/Dej"},"_contentSize":{"__type__":"cc.Size","width":248,"height":93},"_trs":{"__type__":"TypedArray","ctor":"Float64Array","array":[174,0,0,0,0,0,1,1,1,1]}},{"__type__":"cc.Node","_name":"icon","_parent":{"__id__":20},"_components":[{"__type__":"cc.Label","node":{"__id__":21},"_materials":[{"__uuid__":"ecpdLyjvZBwrvm+cedCcQy"}],"_useOriginalSize":false,"_string":"继续游戏","_N$string":"继续游戏","_fontSize":36,"_lineHeight":38,"_N$file":{"__uuid__":"qzmjmj1e-650d-4484-9e24-10ffc791e225"},"_isSystemFontUsed":false,"_N$horizontalAlign":1,"_N$verticalAlign":1},{"__type__":"cc.LabelOutline","node":{"__id__":21},"_color":{"__type__":"cc.Color","r":190,"g":80,"b":1},"_width":2}],"_prefab":{"__type__":"cc.PrefabInfo","root":{"__id__":1},"asset":{"__uuid__":"cf17WLKZ9JmYywRqtMzjLg"},"fileId":"4dKQ7iww1GpoZgFqlNYxjQ"},"_color":{"__type__":"cc.Color","r":254,"g":254,"b":254},"_contentSize":{"__type__":"cc.Size","width":148,"height":51.88},"_trs":{"__type__":"TypedArray","ctor":"Float64Array","array":[-0.8,9.176,0,0,0,0,1,1,1,1]}},{"__type__":"cc.Node","_name":"btn_exit","_parent":{"__id__":11},"_children":[{"__id__":23}],"_components":[{"__type__":"cc.Sprite","node":{"__id__":22},"_materials":[{"__uuid__":"ecpdLyjvZBwrvm+cedCcQy"}],"_spriteFrame":{"__uuid__":"264c+CGYRAPYEVdEvtAzG4"}},{"__type__":"cc.Button","node":{"__id__":22},"clickEvents":[{"__type__":"cc.ClickEvent","target":{"__id__":1},"_componentId":"6e6c5RrZ7lJA5jxkZNqYvKx","handler":"OnClick_BtnWnd"}],"_N$transition":3,"transition":3,"_N$pressedColor":{"__type__":"cc.Color","r":255,"g":255,"b":255},"pressedColor":{"__type__":"cc.Color","r":255,"g":255,"b":255},"_N$disabledColor":{"__type__":"cc.Color","r":255,"g":255,"b":255},"_N$target":{"__id__":22}}],"_prefab":{"__type__":"cc.PrefabInfo","root":{"__id__":1},"asset":{"__uuid__":"cf17WLKZ9JmYywRqtMzjLg"},"fileId":"45uz1ko2NHI5wK3xim5IWZ"},"_contentSize":{"__type__":"cc.Size","width":248,"height":93},"_trs":{"__type__":"TypedArray","ctor":"Float64Array","array":[522,0,0,0,0,0,1,1,1,1]}},{"__type__":"cc.Node","_name":"icon","_parent":{"__id__":22},"_components":[{"__type__":"cc.Label","node":{"__id__":23},"_materials":[{"__uuid__":"ecpdLyjvZBwrvm+cedCcQy"}],"_useOriginalSize":false,"_string":"总结算","_N$string":"总结算","_fontSize":36,"_lineHeight":38,"_N$file":{"__uuid__":"qzmjmj1e-650d-4484-9e24-10ffc791e225"},"_isSystemFontUsed":false,"_N$horizontalAlign":1,"_N$verticalAlign":1},{"__type__":"cc.LabelOutline","node":{"__id__":23},"_color":{"__type__":"cc.Color","r":190,"g":80,"b":1},"_width":2}],"_prefab":{"__type__":"cc.PrefabInfo","root":{"__id__":1},"asset":{"__uuid__":"cf17WLKZ9JmYywRqtMzjLg"},"fileId":"97b1PkfCtHi5k3YXlSeid6"},"_color":{"__type__":"cc.Color","r":254,"g":254,"b":254},"_contentSize":{"__type__":"cc.Size","width":112,"height":51.88},"_trs":{"__type__":"TypedArray","ctor":"Float64Array","array":[-0.8,9.176,0,0,0,0,1,1,1,1]}},{"__type__":"cc.Node","_name":"tip_huifang","_parent":{"__id__":1},"_components":[{"__type__":"cc.Label","node":{"__id__":24},"_materials":[{"__uuid__":"ecpdLyjvZBwrvm+cedCcQy"}],"_useOriginalSize":false,"_string":"回放码：","_N$string":"回放码：","_fontSize":22,"_lineHeight":22,"_N$file":{"__uuid__":"qzmjmj1e-650d-4484-9e24-10ffc791e225"},"_isSystemFontUsed":false,"_N$horizontalAlign":1,"_N$verticalAlign":1}],"_prefab":{"__type__":"cc.PrefabInfo","root":{"__id__":1},"asset":{"__uuid__":"cf17WLKZ9JmYywRqtMzjLg"},"fileId":"adeCcRH71BvJLk67oU9rJU"},"_contentSize":{"__type__":"cc.Size","width":88,"height":27.72},"_anchorPoint":{"__type__":"cc.Vec2","y":0.5},"_trs":{"__type__":"TypedArray","ctor":"Float64Array","array":[-505.941,354.773,0,0,0,0,1,1,1,1]}},{"__type__":"cc.Node","_name":"lb_huifang","_parent":{"__id__":1},"_components":[{"__type__":"cc.Label","node":{"__id__":25},"_materials":[{"__uuid__":"ecpdLyjvZBwrvm+cedCcQy"}],"_useOriginalSize":false,"_string":"000000","_N$string":"000000","_fontSize":22,"_lineHeight":22,"_N$file":{"__uuid__":"qzmjmj1e-650d-4484-9e24-10ffc791e225"},"_isSystemFontUsed":false,"_N$horizontalAlign":1,"_N$verticalAlign":1}],"_prefab":{"__type__":"cc.PrefabInfo","root":{"__id__":1},"asset":{"__uuid__":"cf17WLKZ9JmYywRqtMzjLg"},"fileId":"6djKn4UXRJjKfu2ae+wDdU"},"_contentSize":{"__type__":"cc.Size","width":75.28,"height":27.72},"_anchorPoint":{"__type__":"cc.Vec2","y":0.5},"_trs":{"__type__":"TypedArray","ctor":"Float64Array","array":[-417.361,355.473,0,0,0,0,1,1,1,1]}}],{"__type__":"cc.SpriteFrame","content":{"name":"btn_lan","texture":"c143MaGPFI+50GOZKQN7zB","rect":[0,0,248,83],"offset":[0,0.5],"originalSize":[248,84],"capInsets":[0,0,0,0]}},{"__type__":"cc.SpriteFrame","content":{"name":"btn_green01","texture":"qzmjmjb0-52b9-4b0f-9af1-74c5ebdafff1","rect":[0,0,206,74],"offset":[0,0],"originalSize":[206,74],"capInsets":[0,0,0,0]}},{"__type__":"cc.SpriteFrame","content":{"name":"img_fk","texture":"qzmjmj3e-8530-492d-90d7-d67c8bf4be0f","rect":[0,0,58,66],"offset":[0,0],"originalSize":[58,66],"capInsets":[0,0,0,0]}}]