[{"__type__":"cc.SpriteFrame","content":{"name":"ani_30","texture":"qzmjmjb4-ef69-455d-80ae-849fb52a8d71","rect":[59,171,442,317],"offset":[2.5,-75],"originalSize":[555,509],"capInsets":[0,0,0,0]}},{"__type__":"cc.SpriteFrame","content":{"name":"ani_18","texture":"qzmjmjc7-d4ac-4ac4-8b74-4085ba1d8eac","rect":[44,162,494,290],"offset":[13.5,-52.5],"originalSize":[555,509],"capInsets":[0,0,0,0]}},{"__type__":"cc.SpriteFrame","content":{"name":"ani_08","texture":"qzmjmj5f-58cd-4013-b1f5-dd24070feaea","rect":[112,27,315,387],"offset":[-8,34],"originalSize":[555,509],"capInsets":[0,0,0,0]}},{"__type__":"cc.SpriteFrame","content":{"name":"ani_35","texture":"qzmjmj6c-5f4d-4188-81c7-43c7e2d69db0","rect":[101,114,253,253],"offset":[50,-57],"originalSize":[355,367],"capInsets":[0,0,0,0]}},{"__type__":"cc.SpriteFrame","content":{"name":"ani_20","texture":"qzmjmj9d-a76a-4c74-bb0c-339283466fb9","rect":[68,150,455,335],"offset":[18,-63],"originalSize":[555,509],"capInsets":[0,0,0,0]}},{"__type__":"cc.SpriteFrame","content":{"name":"ani_07","texture":"qzmjmj37-ee19-4a9f-b9bf-5cb74070619b","rect":[116,8,291,437],"offset":[-16,28],"originalSize":[555,509],"capInsets":[0,0,0,0]}},{"__type__":"cc.SpriteFrame","content":{"name":"ani_06","texture":"qzmjmj4b-688d-4a88-b25c-8ff5f8986bd6","rect":[120,0,284,435],"offset":[-15.5,37],"originalSize":[555,509],"capInsets":[0,0,0,0]}},{"__type__":"cc.SpriteFrame","content":{"name":"ani_29","texture":"qzmjmj81-1b23-4ec6-9153-94fa2da80f06","rect":[41,171,460,311],"offset":[-6.5,-72],"originalSize":[555,509],"capInsets":[0,0,0,0]}},{"__type__":"cc.SpriteFrame","content":{"name":"ani_01","texture":"qzmjmjc2-fd9e-42be-bbce-0d291585dd91","rect":[151,8,258,423],"offset":[2.5,35],"originalSize":[555,509],"capInsets":[0,0,0,0]}},{"__type__":"cc.SpriteFrame","content":{"name":"ani_33","texture":"qzmjmj5b-9e4f-49fe-bf1c-08b871ba9c2f","rect":[101,0,253,367],"offset":[50,0],"originalSize":[355,367],"capInsets":[0,0,0,0]}},{"__type__":"cc.SpriteFrame","content":{"name":"touming","texture":"qzmjmj23-b67d-4d50-ae8c-fb5939e02a67","rect":[0,0,1,1],"offset":[0,0],"originalSize":[1,1],"capInsets":[0,0,0,0]}},{"__type__":"cc.SpriteFrame","content":{"name":"ani_41","texture":"qzmjmj7a-7669-43bf-981c-096cb142a40e","rect":[38,114,316,253],"offset":[18.5,-57],"originalSize":[355,367],"capInsets":[0,0,0,0]}},{"__type__":"cc.SpriteFrame","content":{"name":"ani_13","texture":"qzmjmj58-4309-4791-bd53-3b03b313b93e","rect":[4,151,551,354],"offset":[2,-73.5],"originalSize":[555,509],"capInsets":[0,0,0,0]}},{"__type__":"cc.SpriteFrame","content":{"name":"ani_17","texture":"qzmjmj33-17c3-43d0-ac74-93822c0b3fe3","rect":[44,159,469,296],"offset":[1,-52.5],"originalSize":[555,509],"capInsets":[0,0,0,0]}},{"__type__":"cc.SpriteFrame","content":{"name":"ani_42","texture":"qzmjmjd0-d869-442b-8bfc-f350fea24968","rect":[0,114,354,253],"offset":[-0.5,-57],"originalSize":[355,367],"capInsets":[0,0,0,0]}},{"__type__":"cc.SpriteFrame","content":{"name":"ani_26","texture":"qzmjmjca-586e-465c-bd8c-12b1b26c21f0","rect":[71,176,428,311],"offset":[7.5,-77],"originalSize":[555,509],"capInsets":[0,0,0,0]}},{"__type__":"cc.SpriteFrame","content":{"name":"ani_14","texture":"qzmjmj83-13dc-45c7-b840-5c0f67f5644d","rect":[0,170,552,339],"offset":[-1.5,-85],"originalSize":[555,509],"capInsets":[0,0,0,0]}},{"__type__":"cc.SpriteFrame","content":{"name":"ani_40","texture":"qzmjmjc2-bed6-4b3d-b6d9-e1110b8d6c6d","rect":[101,114,253,253],"offset":[50,-57],"originalSize":[355,367],"capInsets":[0,0,0,0]}},{"__type__":"cc.SpriteFrame","content":{"name":"ani_15","texture":"qzmjmj8d-f1e3-45f9-b4ba-691844b4392d","rect":[20,153,509,328],"offset":[-3,-62.5],"originalSize":[555,509],"capInsets":[0,0,0,0]}},{"__type__":"cc.SpriteFrame","content":{"name":"ani_05","texture":"qzmjmjde-56b5-49bd-a03f-b4f5307d5570","rect":[131,5,272,426],"offset":[-10.5,36.5],"originalSize":[555,509],"capInsets":[0,0,0,0]}},{"__type__":"cc.SpriteFrame","content":{"name":"ani_28","texture":"qzmjmj33-0f30-4d98-8872-f5a240b88e8d","rect":[53,153,449,315],"offset":[0,-56],"originalSize":[555,509],"capInsets":[0,0,0,0]}},{"__type__":"cc.SpriteFrame","content":{"name":"ani_16","texture":"qzmjmj46-922a-4047-9251-ef704a28583d","rect":[47,163,461,324],"offset":[0,-70.5],"originalSize":[555,509],"capInsets":[0,0,0,0]}},{"__type__":"cc.SpriteFrame","content":{"name":"ani_02","texture":"qzmjmj7d-9642-4127-87bb-31ee0f08aed5","rect":[128,11,258,431],"offset":[-20.5,28],"originalSize":[555,509],"capInsets":[0,0,0,0]}},{"__type__":"cc.SpriteFrame","content":{"name":"ani_10","texture":"qzmjmjbc-24b9-4474-a134-008874e048dc","rect":[79,78,395,368],"offset":[-1,-7.5],"originalSize":[555,509],"capInsets":[0,0,0,0]}},{"__type__":"cc.SpriteFrame","content":{"name":"ani_22","texture":"qzmjmj0e-dfb6-4ae2-bc4a-5213ac85794b","rect":[65,187,465,288],"offset":[20,-76.5],"originalSize":[555,509],"capInsets":[0,0,0,0]}},{"__type__":"cc.SpriteFrame","content":{"name":"ani_11","texture":"qzmjmj06-e0a4-4a99-aaac-8d7fb50c6219","rect":[47,106,457,359],"offset":[-2,-31],"originalSize":[555,509],"capInsets":[0,0,0,0]}},{"__type__":"cc.SpriteFrame","content":{"name":"ani_09","texture":"qzmjmjde-8269-4fa9-9950-1c798c4b7960","rect":[113,47,337,370],"offset":[4,22.5],"originalSize":[555,509],"capInsets":[0,0,0,0]}},{"__type__":"cc.SpriteFrame","content":{"name":"ani_21","texture":"qzmjmj35-c5d8-478e-9b99-9279395aeaaf","rect":[58,160,469,299],"offset":[15,-55],"originalSize":[555,509],"capInsets":[0,0,0,0]}},{"__type__":"cc.SpriteFrame","content":{"name":"ani_12","texture":"qzmjmjf4-7eeb-4d1a-8083-1a055d601e97","rect":[23,128,506,357],"offset":[-1.5,-52],"originalSize":[555,509],"capInsets":[0,0,0,0]}},{"__type__":"cc.SpriteFrame","content":{"name":"ani_36","texture":"qzmjmjcf-cabb-4ada-afeb-d3c3d7099098","rect":[101,114,253,253],"offset":[50,-57],"originalSize":[355,367],"capInsets":[0,0,0,0]}},{"__type__":"cc.SpriteFrame","content":{"name":"ani_31","texture":"qzmjmjb1-546a-4a88-9e1c-248cd3828cc3","rect":[53,151,454,337],"offset":[2.5,-65],"originalSize":[555,509],"capInsets":[0,0,0,0]}},{"__type__":"cc.AnimationClip","_name":"huAction","_duration":3.5166666666666666,"curveData":{"comps":{"cc.Sprite":{"spriteFrame":[{"frame":0,"value":{"__uuid__":"qzmjmj29-2154-4380-aa4e-af1c897b3867"}},{"frame":0.06666666666666667,"value":{"__uuid__":"qzmjmj6c-3cc1-4641-9a19-1083eceb5447"}},{"frame":0.16666666666666666,"value":{"__uuid__":"qzmjmje5-481f-4bfb-8ce2-ad29e31a627f"}},{"frame":0.25,"value":{"__uuid__":"qzmjmje0-86a5-464c-978d-ff99bff63c20"}},{"frame":0.3333333333333333,"value":{"__uuid__":"qzmjmj68-9cf6-47cc-af7a-039bc1c73f6c"}},{"frame":0.4166666666666667,"value":{"__uuid__":"qzmjmj25-23e6-4e60-b1c5-03d54727181c"}},{"frame":0.5,"value":{"__uuid__":"qzmjmj22-9668-4ea1-90c2-2752b6a03c3d"}},{"frame":0.5833333333333334,"value":{"__uuid__":"qzmjmj0d-a8cb-4b2e-b69d-d5cbf641c8b9"}},{"frame":0.6666666666666666,"value":{"__uuid__":"qzmjmj84-d88a-4d6b-8b99-ab97785c04f2"}},{"frame":0.75,"value":{"__uuid__":"qzmjmj6e-f374-4ee5-971a-f58479a0615e"}},{"frame":0.8333333333333334},{"frame":0.8333333333333334,"value":{"__uuid__":"qzmjmj78-8b7d-4118-bcfb-2086d3b88073"}},{"frame":0.9166666666666666,"value":{"__uuid__":"qzmjmj8e-eaaa-4217-a851-2a7666d29f62"}},{"frame":1,"value":{"__uuid__":"qzmjmj44-6858-4ca8-acee-47be3a53630c"}},{"frame":1.0833333333333333,"value":{"__uuid__":"qzmjmj56-0afb-44e5-9402-6e11a272571a"}},{"frame":1.1666666666666667,"value":{"__uuid__":"qzmjmj61-2f0a-4210-bae8-d27691a55c2d"}},{"frame":1.25,"value":{"__uuid__":"qzmjmj6b-aac1-4254-8f81-acbbba449011"}},{"frame":1.3333333333333333,"value":{"__uuid__":"qzmjmj46-0d33-4e9e-9706-7f78b63bcb2a"}},{"frame":1.4166666666666667,"value":{"__uuid__":"qzmjmj06-cd03-4bac-b0dd-5f5bdcc9592e"}},{"frame":1.5,"value":{"__uuid__":"qzmjmjf9-e369-4feb-8e53-7668ec386504"}},{"frame":1.5833333333333333,"value":{"__uuid__":"qzmjmj21-9d74-4490-80b7-b970ce725085"}},{"frame":1.6666666666666667,"value":{"__uuid__":"qzmjmj8a-64e5-419c-a479-01a13fef0559"}},{"frame":1.75,"value":{"__uuid__":"qzmjmj74-e14f-43ba-aa30-eb866eb09828"}},{"frame":1.8333333333333333,"value":{"__uuid__":"qzmjmjf1-13b4-49cb-82ed-b89988399e78"}},{"frame":1.9166666666666667,"value":{"__uuid__":"qzmjmjf9-8518-47f8-b7a7-c3d185aa8af7"}},{"frame":2,"value":{"__uuid__":"qzmjmjba-0fe9-42f2-b305-e88673624c87"}},{"frame":2.0833333333333335,"value":{"__uuid__":"qzmjmj53-ddb6-42f3-99f2-7893f598bb14"}},{"frame":2.1666666666666665,"value":{"__uuid__":"qzmjmjbd-17db-4a69-9f39-13689ccbd136"}},{"frame":2.25,"value":{"__uuid__":"qzmjmj6b-7fe9-4389-9252-e71f96251133"}},{"frame":2.3333333333333335,"value":{"__uuid__":"qzmjmj28-e4cf-40db-afaf-018e9d4e5b92"}},{"frame":2.4166666666666665,"value":{"__uuid__":"qzmjmj04-cfde-4fd5-b0b0-4fc82b998d02"}},{"frame":2.5,"value":{"__uuid__":"qzmjmj93-b5bc-4bda-a613-fde2836e1b5b"}},{"frame":2.5833333333333335,"value":{"__uuid__":"qzmjmja8-3056-457a-a3f7-b8d39c0a572b"}},{"frame":2.6666666666666665,"value":{"__uuid__":"qzmjmj2c-bd56-4b84-886d-2f4219e7cc3a"}},{"frame":2.75,"value":{"__uuid__":"qzmjmje6-2570-4850-9507-fb226c4a8f5d"}},{"frame":2.8333333333333335,"value":{"__uuid__":"qzmjmj20-6872-454c-8068-0a3108bfb462"}},{"frame":2.9166666666666665,"value":{"__uuid__":"qzmjmj91-aad8-4ad3-909e-04efd1401a45"}},{"frame":3,"value":{"__uuid__":"qzmjmjeb-d3c8-489e-b47a-ba7ddd56862e"}},{"frame":3.0833333333333335,"value":{"__uuid__":"qzmjmjbd-1da2-4aab-8aff-602cd844f435"}},{"frame":3.1666666666666665,"value":{"__uuid__":"qzmjmjdf-e1c2-4c78-8fef-7cc695388c1f"}},{"frame":3.25,"value":{"__uuid__":"qzmjmj5f-f499-45df-b24f-28ce693ecb40"}},{"frame":3.3333333333333335,"value":{"__uuid__":"qzmjmj41-a132-4620-8e71-831ca13715c8"}},{"frame":3.4166666666666665,"value":{"__uuid__":"qzmjmj53-2c60-427c-b5c2-74e8ab11baca"}},{"frame":3.5,"value":{"__uuid__":"qzmjmj2f-5b0b-4454-acf8-cfc019fa46b4"}}]}}}},{"__type__":"cc.SpriteFrame","content":{"name":"ani_32","texture":"qzmjmj88-c90e-42ad-b5e9-a744ad7244d0","rect":[48,171,454,319],"offset":[-2.5,-76],"originalSize":[555,509],"capInsets":[0,0,0,0]}},{"__type__":"cc.SpriteFrame","content":{"name":"ani_25","texture":"qzmjmj08-3ebc-435d-91b3-2607fe5415a0","rect":[79,182,432,305],"offset":[17.5,-80],"originalSize":[555,509],"capInsets":[0,0,0,0]}},{"__type__":"cc.SpriteFrame","content":{"name":"ani_27","texture":"qzmjmj9c-e456-46fa-8e44-20f11839c1c5","rect":[68,168,429,317],"offset":[5,-72],"originalSize":[555,509],"capInsets":[0,0,0,0]}},{"__type__":"cc.SpriteFrame","content":{"name":"ani_38","texture":"qzmjmj63-3b1a-4950-a4df-d9028e6c976c","rect":[101,114,253,253],"offset":[50,-57],"originalSize":[355,367],"capInsets":[0,0,0,0]}},{"__type__":"cc.SpriteFrame","content":{"name":"ani_39","texture":"qzmjmj44-827a-411d-95c4-154b286e17e0","rect":[101,114,253,253],"offset":[50,-57],"originalSize":[355,367],"capInsets":[0,0,0,0]}},{"__type__":"cc.SpriteFrame","content":{"name":"ani_04","texture":"qzmjmj58-783b-433a-a1a5-d12128807a2d","rect":[121,14,268,432],"offset":[-22.5,24.5],"originalSize":[555,509],"capInsets":[0,0,0,0]}},{"__type__":"cc.SpriteFrame","content":{"name":"ani_03","texture":"qzmjmj51-f978-448e-a862-b929f2e05099","rect":[120,12,253,426],"offset":[-31,29.5],"originalSize":[555,509],"capInsets":[0,0,0,0]}},{"__type__":"cc.SpriteFrame","content":{"name":"ani_34","texture":"qzmjmjd9-cc86-4ac7-a91c-0447a4dd2bd7","rect":[101,114,253,253],"offset":[50,-57],"originalSize":[355,367],"capInsets":[0,0,0,0]}},{"__type__":"cc.SpriteFrame","content":{"name":"ani_37","texture":"qzmjmj9f-6162-4a2a-bd67-353eaa9e5806","rect":[101,114,254,253],"offset":[50.5,-57],"originalSize":[355,367],"capInsets":[0,0,0,0]}},{"__type__":"cc.SpriteFrame","content":{"name":"ani_23","texture":"qzmjmj86-6b97-444f-9717-58868321fc3c","rect":[58,171,476,302],"offset":[18.5,-67.5],"originalSize":[555,509],"capInsets":[0,0,0,0]}},{"__type__":"cc.SpriteFrame","content":{"name":"ani_24","texture":"qzmjmj41-8c4a-4d10-83d1-0e0ae18a4db1","rect":[59,180,465,302],"offset":[14,-76.5],"originalSize":[555,509],"capInsets":[0,0,0,0]}},{"__type__":"cc.SpriteFrame","content":{"name":"ani_19","texture":"qzmjmjd7-601c-40df-be86-5bdce022fea0","rect":[71,153,464,328],"offset":[25.5,-62.5],"originalSize":[555,509],"capInsets":[0,0,0,0]}}]