[[{"__type__":"cc.Prefab","_name":"shuangyou","data":{"__id__":1}},{"__type__":"cc.Node","_name":"shuangyou","_components":[{"__type__":"cc.Sprite","node":{"__id__":1},"_spriteFrame":{"__uuid__":"qzmjmj97-ecaa-45e5-9d22-764b3caa1ff5"},"_sizeMode":2,"_isTrimmedMode":false},{"__type__":"cc.Animation","node":{"__id__":1},"_defaultClip":{"__uuid__":"qzmjmj42-dd78-4985-a11d-f094a496e662"},"_clips":[{"__uuid__":"qzmjmj42-dd78-4985-a11d-f094a496e662"}]},{"__type__":"qzmjmja3-f7f6-43f3-bc26-19a21c44bee8","node":{"__id__":1}}],"_prefab":{"__type__":"cc.PrefabInfo","root":{"__id__":1},"asset":{"__uuid__":"qzmjmj1a-730b-4093-ab19-c96590e597e7"},"fileId":"f352dnNcktEHL7k0Fxmsuyn"},"_contentSize":{"__type__":"cc.Size","width":460,"height":276},"_trs":{"__type__":"TypedArray","ctor":"Float64Array","array":[0,0,0,0,0,0,1,1,1,1]}}],{"__type__":"cc.SpriteFrame","content":{"name":"shuangyou_ani1","texture":"11c7d5195","rect":[2,770,251,181],"offset":[-13.5,-46.5],"originalSize":[460,276],"rotated":1,"capInsets":[0,0,0,0]}}]