[{"__type__":"cc.SpriteFrame","content":{"name":"wujindao_ani1","texture":"19bc4680a","rect":[2,2,316,186],"offset":[1,0],"originalSize":[320,220],"capInsets":[0,0,0,0]}},[{"__type__":"cc.Prefab","_name":"wujindao","data":{"__id__":1}},{"__type__":"cc.Node","_name":"wujindao","_components":[{"__type__":"cc.Sprite","node":{"__id__":1},"_spriteFrame":{"__uuid__":"qzmjmj9d-ce19-4466-a61f-da1480d97ae5"},"_sizeMode":2,"_isTrimmedMode":false},{"__type__":"cc.Animation","node":{"__id__":1},"_defaultClip":{"__uuid__":"qzmjmjc5-2280-48bf-9765-eeb9594be780"},"_clips":[{"__uuid__":"qzmjmjc5-2280-48bf-9765-eeb9594be780"}]},{"__type__":"qzmjmja3-f7f6-43f3-bc26-19a21c44bee8","node":{"__id__":1}}],"_prefab":{"__type__":"cc.PrefabInfo","root":{"__id__":1},"asset":{"__uuid__":"qzmjmjb6-299a-45d8-bdcf-ffc232d83331"},"fileId":"8308aZmsixHwaUHA5abrTgo"},"_contentSize":{"__type__":"cc.Size","width":320,"height":220},"_trs":{"__type__":"TypedArray","ctor":"Float64Array","array":[0,0,0,0,0,0,1,1,1,1]}}]]