[{"__type__":"cc.SpriteFrame","content":{"name":"default_btn_disabled","texture":"71VhFCTINJM6/Ky3oX9nBT","rect":[0,0,40,40],"offset":[0,0],"originalSize":[40,40],"capInsets":[12,12,12,12]}},{"__type__":"cc.SpriteFrame","content":{"name":"default_btn_pressed","texture":"b4P/PCArtIdIH38t6mlw8Y","rect":[0,0,40,40],"offset":[0,0],"originalSize":[40,40],"capInsets":[12,12,12,12]}},{"__type__":"cc.SpriteFrame","content":{"name":"default_btn_normal","texture":"e8Ueib+qJEhL6mXAHdnwbi","rect":[0,0,40,40],"offset":[0,0],"originalSize":[40,40],"capInsets":[12,12,12,12]}},{"__type__":"cc.SpriteFrame","content":{"name":"bg","texture":"qzmjmj36-8a0c-4d92-8561-c45e53fa19cc","rect":[0,0,21,63],"offset":[0,0],"originalSize":[21,63],"capInsets":[0,0,0,0]}},{"__type__":"cc.SpriteFrame","content":{"name":"btn_yellow01_1","texture":"qzmjmjf8-d52f-441e-ad49-34aaf701d6bb","rect":[0,0,239,86],"offset":[0,0],"originalSize":[239,86],"capInsets":[0,0,0,0]}},{"__type__":"cc.SpriteFrame","content":{"name":"bg","texture":"qzmjmjf0-94d1-4ad3-a7b1-ad4930bb6fe1","rect":[0,0,677,372],"offset":[0,0],"originalSize":[677,372],"capInsets":[0,0,0,0]}},{"__type__":"cc.SpriteFrame","content":{"name":"lb_btn_qx","texture":"qzmjmj52-6d1f-450e-9354-58653c25db73","rect":[0,0,99,38],"offset":[0,0],"originalSize":[99,38],"capInsets":[0,0,0,0]}},{"__type__":"cc.SpriteFrame","content":{"name":"btn_yellow02_1","texture":"qzmjmjda-4f14-4d82-aa76-b3ffa3faeedf","rect":[0,0,239,86],"offset":[0,0],"originalSize":[239,86],"capInsets":[0,0,0,0]}},{"__type__":"cc.SpriteFrame","content":{"name":"lb_btn_qr","texture":"qzmjmj64-3c93-40e2-8d19-36ae6f0cc126","rect":[0,0,107,39],"offset":[0,0],"originalSize":[107,39],"capInsets":[0,0,0,0]}},{"__type__":"cc.SpriteFrame","content":{"name":"title_xtts","texture":"qzmjmj48-7029-431e-9766-07af17c911fb","rect":[0,0,190,41],"offset":[0,0],"originalSize":[190,41],"capInsets":[0,0,0,0]}},{"__type__":"cc.SpriteFrame","content":{"name":"img_title_bg","texture":"qzmjmj8c-9e4a-4f7b-a774-9188d2746668","rect":[0,0,322,60],"offset":[0,0],"originalSize":[322,60],"capInsets":[0,0,0,0]}},[{"__type__":"cc.Prefab","_name":"qzmj_UIMessageGps","data":{"__id__":1}},{"__type__":"cc.Node","_name":"xymj_UIMessageGps","_children":[{"__id__":2},{"__id__":5}],"_components":[{"__type__":"cc.Widget","node":{"__id__":1},"alignMode":0,"_alignFlags":45,"_originalWidth":750,"_originalHeight":1360},{"__type__":"cc.Button","node":{"__id__":1},"_N$normalColor":{"__type__":"cc.Color","r":214,"g":214,"b":214},"_N$target":{"__id__":1}},{"__type__":"cc.Sprite","node":{"__id__":1},"_spriteFrame":{"__uuid__":"qzmjmj1f-3e0b-4b1d-ae52-c52ad188bba9"},"_sizeMode":0},{"__type__":"qzmjmjf3-6da1-4159-aefd-b2aab29effd4","node":{"__id__":1},"JS_Name":"xymj_BaseComponent"}],"_prefab":{"__type__":"cc.PrefabInfo","root":{"__id__":1},"asset":{"__uuid__":"qzmjmjfb-2d9c-43e5-bcc8-b3c95355e66b"},"fileId":"a7085HP1AFFqqx+Ty7wQEsq"},"_contentSize":{"__type__":"cc.Size","width":1360,"height":760},"_trs":{"__type__":"TypedArray","ctor":"Float64Array","array":[680,380,0,0,0,0,1,1,1,1]}},{"__type__":"cc.Node","_name":"bg_create","_parent":{"__id__":1},"_children":[{"__id__":3}],"_components":[{"__type__":"cc.Sprite","node":{"__id__":2},"_spriteFrame":{"__uuid__":"qzmjmj4a-4c45-4d14-a366-aaa0ffbbaf53"}}],"_prefab":{"__type__":"cc.PrefabInfo","root":{"__id__":1},"asset":{"__uuid__":"qzmjmjfb-2d9c-43e5-bcc8-b3c95355e66b"},"fileId":"dd1c8iYoSBI3IDtWtNYU5Lg"},"_contentSize":{"__type__":"cc.Size","width":677,"height":372},"_trs":{"__type__":"TypedArray","ctor":"Float64Array","array":[0,0,0,0,0,0,1,1,1,1]}},{"__type__":"cc.Node","_name":"img_title_bg","_parent":{"__id__":2},"_children":[{"__id__":4}],"_components":[{"__type__":"cc.Sprite","node":{"__id__":3},"_spriteFrame":{"__uuid__":"qzmjmje6-9b2d-479e-a300-02ca4a0537f4"}}],"_prefab":{"__type__":"cc.PrefabInfo","root":{"__id__":1},"asset":{"__uuid__":"qzmjmjfb-2d9c-43e5-bcc8-b3c95355e66b"},"fileId":"ae9afrCRyJP37WW2DJg2uTX"},"_contentSize":{"__type__":"cc.Size","width":322,"height":60},"_trs":{"__type__":"TypedArray","ctor":"Float64Array","array":[0,192,0,0,0,0,1,1,1,1]}},{"__type__":"cc.Node","_name":"title_xtts","_parent":{"__id__":3},"_components":[{"__type__":"cc.Sprite","node":{"__id__":4},"_spriteFrame":{"__uuid__":"qzmjmje5-7587-477e-835e-6df746c6415d"}}],"_prefab":{"__type__":"cc.PrefabInfo","root":{"__id__":1},"asset":{"__uuid__":"qzmjmjfb-2d9c-43e5-bcc8-b3c95355e66b"},"fileId":"4ca54xsK45M6LrQgGDt8q0i"},"_contentSize":{"__type__":"cc.Size","width":190,"height":41},"_trs":{"__type__":"TypedArray","ctor":"Float64Array","array":[0,0,0,0,0,0,1,1,1,1]}},{"__type__":"cc.Node","_name":"image01","_parent":{"__id__":1},"_children":[{"__id__":6},{"__id__":7},{"__id__":10}],"_prefab":{"__type__":"cc.PrefabInfo","root":{"__id__":1},"asset":{"__uuid__":"qzmjmjfb-2d9c-43e5-bcc8-b3c95355e66b"},"fileId":"71abbQIkOhNRblb/KedYKVX"},"_contentSize":{"__type__":"cc.Size","width":610,"height":400},"_trs":{"__type__":"TypedArray","ctor":"Float64Array","array":[0,4,0,0,0,0,1,1,1,1]}},{"__type__":"cc.Node","_name":"LabelMessage","_parent":{"__id__":5},"_components":[{"__type__":"cc.Label","node":{"__id__":6},"_useOriginalSize":false,"_string":"为了有效的防止游戏作弊，请您在该应用的权限管理中打开定位权限，点击确认前往开启定位","_N$string":"为了有效的防止游戏作弊，请您在该应用的权限管理中打开定位权限，点击确认前往开启定位","_fontSize":30,"_lineHeight":60,"_N$file":{"__uuid__":"qzmjmj1e-650d-4484-9e24-10ffc791e225"},"_isSystemFontUsed":false,"_N$verticalAlign":1,"_N$overflow":3}],"_prefab":{"__type__":"cc.PrefabInfo","root":{"__id__":1},"asset":{"__uuid__":"qzmjmjfb-2d9c-43e5-bcc8-b3c95355e66b"},"fileId":"4d8abfU+XVLOaP+N4dEmKbT"},"_color":{"__type__":"cc.Color","r":148,"g":59,"b":27},"_contentSize":{"__type__":"cc.Size","width":560,"height":180},"_anchorPoint":{"__type__":"cc.Vec2","x":0.5,"y":1},"_trs":{"__type__":"TypedArray","ctor":"Float64Array","array":[0,115,0,0,0,0,1,1,1,1]}},{"__type__":"cc.Node","_name":"btnCancel","_parent":{"__id__":5},"_children":[{"__id__":8},{"__id__":9}],"_components":[{"__type__":"cc.Sprite","node":{"__id__":7},"_spriteFrame":{"__uuid__":"qzmjmj3e-cd4d-4522-9a01-d41d09bd869f"},"_type":1,"_sizeMode":2},{"__type__":"cc.Button","node":{"__id__":7},"zoomScale":0.95,"clickEvents":[{"__type__":"cc.ClickEvent","target":{"__id__":1},"_componentId":"qzmjmjf3-6da1-4159-aefd-b2aab29effd4","handler":"OnClick_BtnWnd"}],"_N$transition":3,"transition":3,"_N$pressedColor":{"__type__":"cc.Color","r":255,"g":255,"b":255},"pressedColor":{"__type__":"cc.Color","r":255,"g":255,"b":255},"_N$disabledColor":{"__type__":"cc.Color","r":255,"g":255,"b":255},"_N$normalSprite":{"__uuid__":"f0BIwQ8D5Ml7nTNQbh1YlS"},"_N$pressedSprite":{"__uuid__":"e97GVMl6JHh5Ml5qEDdSGa"},"pressedSprite":{"__uuid__":"e97GVMl6JHh5Ml5qEDdSGa"},"_N$hoverSprite":{"__uuid__":"e97GVMl6JHh5Ml5qEDdSGa"},"hoverSprite":{"__uuid__":"e97GVMl6JHh5Ml5qEDdSGa"},"_N$disabledSprite":{"__uuid__":"29FYIk+N1GYaeWH/q1NxQO"},"_N$target":{"__id__":7}}],"_prefab":{"__type__":"cc.PrefabInfo","root":{"__id__":1},"asset":{"__uuid__":"qzmjmjfb-2d9c-43e5-bcc8-b3c95355e66b"},"fileId":"854c7ulNJlKuYg7urqQLheA"},"_contentSize":{"__type__":"cc.Size","width":239,"height":86},"_trs":{"__type__":"TypedArray","ctor":"Float64Array","array":[-130,-115,0,0,0,0,1,1,1,1]}},{"__type__":"cc.Node","_name":"icon","_parent":{"__id__":7},"_active":false,"_components":[{"__type__":"cc.Label","node":{"__id__":8},"_useOriginalSize":false,"_string":"取消","_N$string":"取消","_lineHeight":50,"_N$file":{"__uuid__":"qzmjmj1e-650d-4484-9e24-10ffc791e225"},"_isSystemFontUsed":false}],"_prefab":{"__type__":"cc.PrefabInfo","root":{"__id__":1},"asset":{"__uuid__":"qzmjmjfb-2d9c-43e5-bcc8-b3c95355e66b"},"fileId":"2d469dIg/VDaKOLw1nTp11n"},"_color":{"__type__":"cc.Color","r":82,"g":107},"_contentSize":{"__type__":"cc.Size","width":80,"height":50},"_trs":{"__type__":"TypedArray","ctor":"Float64Array","array":[0,0,0,0,0,0,1,1,1,1]}},{"__type__":"cc.Node","_name":"lb_btn_qx","_parent":{"__id__":7},"_components":[{"__type__":"cc.Sprite","node":{"__id__":9},"_spriteFrame":{"__uuid__":"qzmjmj7a-397e-4ea2-bacb-77d2fe0eaf54"}}],"_prefab":{"__type__":"cc.PrefabInfo","root":{"__id__":1},"asset":{"__uuid__":"qzmjmjfb-2d9c-43e5-bcc8-b3c95355e66b"},"fileId":"d5f2aUUrVpDMKHiPBLZzNiP"},"_contentSize":{"__type__":"cc.Size","width":99,"height":38},"_trs":{"__type__":"TypedArray","ctor":"Float64Array","array":[0,0,0,0,0,0,1,1,1,1]}},{"__type__":"cc.Node","_name":"btnSure","_parent":{"__id__":5},"_children":[{"__id__":11},{"__id__":12}],"_components":[{"__type__":"cc.Sprite","node":{"__id__":10},"_spriteFrame":{"__uuid__":"qzmjmj7b-f5a5-401c-9813-fcfa3549f75a"},"_type":1},{"__type__":"cc.Button","node":{"__id__":10},"zoomScale":0.95,"clickEvents":[{"__type__":"cc.ClickEvent","target":{"__id__":1},"_componentId":"qzmjmjf3-6da1-4159-aefd-b2aab29effd4","handler":"OnClick_BtnWnd"}],"_N$transition":3,"transition":3,"_N$pressedColor":{"__type__":"cc.Color","r":255,"g":255,"b":255},"pressedColor":{"__type__":"cc.Color","r":255,"g":255,"b":255},"_N$disabledColor":{"__type__":"cc.Color","r":255,"g":255,"b":255},"_N$normalSprite":{"__uuid__":"f0BIwQ8D5Ml7nTNQbh1YlS"},"_N$pressedSprite":{"__uuid__":"e97GVMl6JHh5Ml5qEDdSGa"},"pressedSprite":{"__uuid__":"e97GVMl6JHh5Ml5qEDdSGa"},"_N$hoverSprite":{"__uuid__":"e97GVMl6JHh5Ml5qEDdSGa"},"hoverSprite":{"__uuid__":"e97GVMl6JHh5Ml5qEDdSGa"},"_N$disabledSprite":{"__uuid__":"29FYIk+N1GYaeWH/q1NxQO"},"_N$target":{"__id__":10}}],"_prefab":{"__type__":"cc.PrefabInfo","root":{"__id__":1},"asset":{"__uuid__":"qzmjmjfb-2d9c-43e5-bcc8-b3c95355e66b"},"fileId":"fe8925kaYdLX67RkkOihvqC"},"_contentSize":{"__type__":"cc.Size","width":239,"height":86},"_trs":{"__type__":"TypedArray","ctor":"Float64Array","array":[130,-115,0,0,0,0,1,1,1,1]}},{"__type__":"cc.Node","_name":"icon","_parent":{"__id__":10},"_active":false,"_components":[{"__type__":"cc.Label","node":{"__id__":11},"_useOriginalSize":false,"_string":"确定","_N$string":"确定","_lineHeight":50,"_N$file":{"__uuid__":"qzmjmj1e-650d-4484-9e24-10ffc791e225"},"_isSystemFontUsed":false}],"_prefab":{"__type__":"cc.PrefabInfo","root":{"__id__":1},"asset":{"__uuid__":"qzmjmjfb-2d9c-43e5-bcc8-b3c95355e66b"},"fileId":"7cfd23Gy4FM0pIT7qJiw3/V"},"_color":{"__type__":"cc.Color","r":135,"g":84,"b":34},"_contentSize":{"__type__":"cc.Size","width":80,"height":50},"_trs":{"__type__":"TypedArray","ctor":"Float64Array","array":[0,0,0,0,0,0,1,1,1,1]}},{"__type__":"cc.Node","_name":"lb_btn_qr","_parent":{"__id__":10},"_components":[{"__type__":"cc.Sprite","node":{"__id__":12},"_spriteFrame":{"__uuid__":"qzmjmjb9-b51b-4b77-9e26-0b8b34c6e167"}}],"_prefab":{"__type__":"cc.PrefabInfo","root":{"__id__":1},"asset":{"__uuid__":"qzmjmjfb-2d9c-43e5-bcc8-b3c95355e66b"},"fileId":"8192dG5UWVFfKLy9HUtOGsd"},"_contentSize":{"__type__":"cc.Size","width":107,"height":39},"_trs":{"__type__":"TypedArray","ctor":"Float64Array","array":[0,0,0,0,0,0,1,1,1,1]}}]]