[{"__type__":"cc.SpriteFrame","content":{"name":"ani_10","texture":"qzmjmjdc-a747-414b-801e-1d05812e0364","rect":[221,52,230,179],"offset":[4,-15.5],"originalSize":[664,252],"capInsets":[0,0,0,0]}},{"__type__":"cc.SpriteFrame","content":{"name":"ani_04","texture":"qzmjmj82-9143-4ee7-9066-72068d225797","rect":[245,66,185,151],"offset":[5.5,-15.5],"originalSize":[664,252],"capInsets":[0,0,0,0]}},{"__type__":"cc.SpriteFrame","content":{"name":"touming","texture":"qzmjmj23-b67d-4d50-ae8c-fb5939e02a67","rect":[0,0,1,1],"offset":[0,0],"originalSize":[1,1],"capInsets":[0,0,0,0]}},{"__type__":"cc.SpriteFrame","content":{"name":"ani_01","texture":"qzmjmj09-463b-45c0-a577-76bca19fa8cd","rect":[212,43,253,197],"offset":[6.5,-15.5],"originalSize":[664,252],"capInsets":[0,0,0,0]}},{"__type__":"cc.SpriteFrame","content":{"name":"ani_03","texture":"qzmjmjc9-979b-4e17-9f7e-fdbff5e26fbd","rect":[116,66,439,151],"offset":[3.5,-15.5],"originalSize":[664,252],"capInsets":[0,0,0,0]}},{"__type__":"cc.AnimationClip","_name":"pengAction","_duration":0.9333333333333333,"curveData":{"comps":{"cc.Sprite":{"spriteFrame":[{"frame":0,"value":{"__uuid__":"qzmjmj3b-4569-42b3-a0b1-388738a03142"}},{"frame":0.08333333333333333,"value":{"__uuid__":"qzmjmja9-e600-4260-b202-d75dfe179648"}},{"frame":0.16666666666666666,"value":{"__uuid__":"qzmjmj4c-a281-4185-86ee-70924e91032b"}},{"frame":0.25,"value":{"__uuid__":"qzmjmj09-4271-40ae-b21d-9c9d097ddf19"}},{"frame":0.3333333333333333,"value":{"__uuid__":"qzmjmjcc-35d7-4bbe-9205-f7750a1555fd"}},{"frame":0.4166666666666667,"value":{"__uuid__":"qzmjmj79-9c1c-4607-8da7-012b3bb2c7b7"}},{"frame":0.4166666666666667,"value":{"__uuid__":"qzmjmjb7-69f7-40d7-a594-003272b370c0"}},{"frame":0.5,"value":{"__uuid__":"qzmjmjea-c980-454a-8435-ba9b880b863b"}},{"frame":0.5833333333333334,"value":{"__uuid__":"qzmjmj9b-68e1-48c3-84ab-c61f30cf593a"}},{"frame":0.6666666666666666,"value":{"__uuid__":"qzmjmj59-c5ac-4725-a20f-ff20c5f8ee42"}},{"frame":0.75,"value":{"__uuid__":"qzmjmj00-43a7-4ff3-896c-3fdd0337d602"}},{"frame":0.8333333333333334,"value":{"__uuid__":"qzmjmj85-5cd3-4681-9f96-33c49dda6ab4"}},{"frame":0.9166666666666666,"value":{"__uuid__":"qzmjmj2f-5b0b-4454-acf8-cfc019fa46b4"}}]}}}},{"__type__":"cc.SpriteFrame","content":{"name":"ani_09","texture":"qzmjmj58-e212-487b-992f-65d146052efa","rect":[229,59,213,165],"offset":[3.5,-15.5],"originalSize":[664,252],"capInsets":[0,0,0,0]}},{"__type__":"cc.SpriteFrame","content":{"name":"ani_06","texture":"qzmjmj50-7b0d-45d0-a817-a5893eebdb15","rect":[204,0,245,249],"offset":[-5.5,1.5],"originalSize":[664,252],"capInsets":[0,0,0,0]}},{"__type__":"cc.SpriteFrame","content":{"name":"ani_11","texture":"qzmjmj3d-ed4a-4ef2-b217-6e85c8d4c520","rect":[212,45,248,193],"offset":[4,-15.5],"originalSize":[664,252],"capInsets":[0,0,0,0]}},{"__type__":"cc.SpriteFrame","content":{"name":"ani_08","texture":"qzmjmj7e-3689-4a32-abee-8112c9304886","rect":[230,63,207,157],"offset":[1.5,-15.5],"originalSize":[664,252],"capInsets":[0,0,0,0]}},{"__type__":"cc.SpriteFrame","content":{"name":"ani_02","texture":"qzmjmje8-841e-4e0f-a076-1c2dd85b4be6","rect":[8,66,656,151],"offset":[4,-15.5],"originalSize":[664,252],"capInsets":[0,0,0,0]}},{"__type__":"cc.SpriteFrame","content":{"name":"ani_06","texture":"18f8838b3","rect":[2,2,287,281],"offset":[-0.5,-2],"originalSize":[454,449],"capInsets":[0,0,0,0]}},{"__type__":"cc.SpriteFrame","content":{"name":"ani_05","texture":"qzmjmj17-5f7a-4de6-a48d-1aa0880261fe","rect":[204,0,245,249],"offset":[-5.5,1.5],"originalSize":[664,252],"capInsets":[0,0,0,0]}},{"__type__":"cc.SpriteFrame","content":{"name":"ani_07","texture":"qzmjmj52-40d9-484f-a65d-b5a738720d39","rect":[203,18,249,234],"offset":[-4.5,-9],"originalSize":[664,252],"capInsets":[0,0,0,0]}}]