[{"__type__":"cc.SpriteFrame","content":{"name":"lb_btn_game_red","texture":"qzmjmje3-0320-46a6-b57f-123819d22b97","rect":[3,5,401,485],"offset":[-52.5,8.5],"originalSize":[512,512],"capInsets":[0,0,0,0]}},{"__type__":"cc.BitmapFont","_name":"lb_btn_game_red","spriteFrame":{"__uuid__":"qzmjmj58-be5d-40e8-a293-17a12a64f16f"},"fontSize":1,"_fntConfig":{"commonHeight":55,"fontSize":1,"atlasName":"lb_btn_game_red.png","fontDefDictionary":{"32":{"rect":{"x":0,"y":0,"width":0,"height":0},"xOffset":0,"yOffset":0,"xAdvance":51},"43":{"rect":{"x":0,"y":0,"width":51,"height":55},"xOffset":0,"yOffset":0,"xAdvance":51},"45":{"rect":{"x":0,"y":55,"width":51,"height":55},"xOffset":0,"yOffset":0,"xAdvance":51},"48":{"rect":{"x":51,"y":0,"width":51,"height":55},"xOffset":0,"yOffset":0,"xAdvance":51},"49":{"rect":{"x":0,"y":110,"width":51,"height":55},"xOffset":0,"yOffset":0,"xAdvance":51},"50":{"rect":{"x":51,"y":55,"width":51,"height":55},"xOffset":0,"yOffset":0,"xAdvance":51},"51":{"rect":{"x":102,"y":0,"width":51,"height":55},"xOffset":0,"yOffset":0,"xAdvance":51},"52":{"rect":{"x":0,"y":165,"width":51,"height":55},"xOffset":0,"yOffset":0,"xAdvance":51},"53":{"rect":{"x":51,"y":110,"width":51,"height":55},"xOffset":0,"yOffset":0,"xAdvance":51},"54":{"rect":{"x":102,"y":55,"width":51,"height":55},"xOffset":0,"yOffset":0,"xAdvance":51},"55":{"rect":{"x":153,"y":0,"width":51,"height":55},"xOffset":0,"yOffset":0,"xAdvance":51},"56":{"rect":{"x":0,"y":220,"width":51,"height":55},"xOffset":0,"yOffset":0,"xAdvance":51},"57":{"rect":{"x":51,"y":165,"width":51,"height":55},"xOffset":0,"yOffset":0,"xAdvance":51},"19978":{"rect":{"x":102,"y":110,"width":51,"height":55},"xOffset":0,"yOffset":0,"xAdvance":51},"20139":{"rect":{"x":153,"y":55,"width":51,"height":55},"xOffset":0,"yOffset":0,"xAdvance":51},"20934":{"rect":{"x":204,"y":0,"width":51,"height":55},"xOffset":0,"yOffset":0,"xAdvance":51},"20986":{"rect":{"x":0,"y":275,"width":51,"height":55},"xOffset":0,"yOffset":0,"xAdvance":51},"20998":{"rect":{"x":51,"y":220,"width":51,"height":55},"xOffset":0,"yOffset":0,"xAdvance":51},"21483":{"rect":{"x":102,"y":165,"width":51,"height":55},"xOffset":0,"yOffset":0,"xAdvance":51},"22270":{"rect":{"x":153,"y":110,"width":51,"height":55},"xOffset":0,"yOffset":0,"xAdvance":51},"22791":{"rect":{"x":204,"y":55,"width":51,"height":55},"xOffset":0,"yOffset":0,"xAdvance":51},"22987":{"rect":{"x":255,"y":0,"width":51,"height":55},"xOffset":0,"yOffset":0,"xAdvance":51},"24320":{"rect":{"x":0,"y":330,"width":51,"height":55},"xOffset":0,"yOffset":0,"xAdvance":51},"24635":{"rect":{"x":51,"y":275,"width":51,"height":55},"xOffset":0,"yOffset":0,"xAdvance":51},"25103":{"rect":{"x":102,"y":220,"width":51,"height":55},"xOffset":0,"yOffset":0,"xAdvance":51},"25151":{"rect":{"x":153,"y":165,"width":51,"height":55},"xOffset":0,"yOffset":0,"xAdvance":51},"25239":{"rect":{"x":204,"y":110,"width":51,"height":55},"xOffset":0,"yOffset":0,"xAdvance":51},"26597":{"rect":{"x":255,"y":55,"width":51,"height":55},"xOffset":0,"yOffset":0,"xAdvance":51},"27927":{"rect":{"x":306,"y":0,"width":51,"height":55},"xOffset":0,"yOffset":0,"xAdvance":51},"28216":{"rect":{"x":0,"y":385,"width":51,"height":55},"xOffset":0,"yOffset":0,"xAdvance":51},"28779":{"rect":{"x":51,"y":330,"width":51,"height":55},"xOffset":0,"yOffset":0,"xAdvance":51},"29255":{"rect":{"x":102,"y":275,"width":51,"height":55},"xOffset":0,"yOffset":0,"xAdvance":51},"29260":{"rect":{"x":153,"y":220,"width":51,"height":55},"xOffset":0,"yOffset":0,"xAdvance":51},"30475":{"rect":{"x":204,"y":165,"width":51,"height":55},"xOffset":0,"yOffset":0,"xAdvance":51},"31639":{"rect":{"x":255,"y":110,"width":51,"height":55},"xOffset":0,"yOffset":0,"xAdvance":51},"32467":{"rect":{"x":306,"y":55,"width":51,"height":55},"xOffset":0,"yOffset":0,"xAdvance":51},"32487":{"rect":{"x":357,"y":0,"width":51,"height":55},"xOffset":0,"yOffset":0,"xAdvance":51},"32493":{"rect":{"x":0,"y":440,"width":51,"height":55},"xOffset":0,"yOffset":0,"xAdvance":51},"36129":{"rect":{"x":51,"y":385,"width":51,"height":55},"xOffset":0,"yOffset":0,"xAdvance":51},"36319":{"rect":{"x":102,"y":330,"width":51,"height":55},"xOffset":0,"yOffset":0,"xAdvance":51},"36824":{"rect":{"x":153,"y":275,"width":51,"height":55},"xOffset":0,"yOffset":0,"xAdvance":51},"36827":{"rect":{"x":204,"y":220,"width":51,"height":55},"xOffset":0,"yOffset":0,"xAdvance":51},"36864":{"rect":{"x":255,"y":165,"width":51,"height":55},"xOffset":0,"yOffset":0,"xAdvance":51},"38388":{"rect":{"x":306,"y":110,"width":51,"height":55},"xOffset":0,"yOffset":0,"xAdvance":51}},"kerningDict":{}}}]