[{"__type__":"cc.SpriteFrame","content":{"name":"bg_dan","texture":"0dIpFSUQVHC67hBvI+vZup","rect":[0,0,308,252],"offset":[0,0],"originalSize":[308,252],"capInsets":[20,120,20,110]}},{"__type__":"cc.SpriteFrame","content":{"name":"icon_win","texture":"64vi/vSUVLu4js14oUC+jR","rect":[0,0,50,92],"offset":[0,0],"originalSize":[50,92],"capInsets":[0,0,0,0]}},{"__type__":"cc.SpriteFrame","content":{"name":"personal_male","texture":"4cu0xQ4E1Mp6jHE7SsmTVi","rect":[0,0,24,24],"offset":[0,0],"originalSize":[24,24],"capInsets":[0,0,0,0]}},[{"__type__":"cc.Prefab","_name":"xyxmj_detail_child","data":{"__id__":1}},{"__type__":"cc.Node","_name":"xyxmj_detail_child","_children":[{"__id__":2},{"__id__":7},{"__id__":39},{"__id__":40},{"__id__":41}],"_components":[{"__type__":"cc.Sprite","node":{"__id__":1},"_materials":[{"__uuid__":"ecpdLyjvZBwrvm+cedCcQy"}],"_spriteFrame":{"__uuid__":"2bqGev7VdHe4af8c1lQl9d"},"_type":1,"_sizeMode":0},{"__type__":"ae1b19onwFNi4lTJmpweC8L","node":{"__id__":1}}],"_prefab":{"__type__":"cc.PrefabInfo","root":{"__id__":1},"asset":{"__uuid__":"70diydRr9E0KMYzaIc7bAX"},"fileId":"8fahkWM0hErrsChheLEaSi"},"_contentSize":{"__type__":"cc.Size","width":308,"height":470},"_trs":{"__type__":"TypedArray","ctor":"Float64Array","array":[0,0,0,0,0,0,1,1,1,1]}},{"__type__":"cc.Node","_name":"user_info","_parent":{"__id__":1},"_children":[{"__id__":3},{"__id__":4},{"__id__":5},{"__id__":6}],"_prefab":{"__type__":"cc.PrefabInfo","root":{"__id__":1},"asset":{"__uuid__":"70diydRr9E0KMYzaIc7bAX"},"fileId":"9d1jNAqmBDAaKGbfTbu+Y4"},"_contentSize":{"__type__":"cc.Size","width":250,"height":80},"_trs":{"__type__":"TypedArray","ctor":"Float64Array","array":[0,151.9,0,0,0,0,1,1,1,1]}},{"__type__":"cc.Node","_name":"head_img","_parent":{"__id__":2},"_components":[{"__type__":"cc.Sprite","node":{"__id__":3},"_materials":[{"__uuid__":"ecpdLyjvZBwrvm+cedCcQy"}],"_spriteFrame":{"__uuid__":"e6JNuRrHVFM4KYnmai3HR+"},"_sizeMode":0,"_isTrimmedMode":false},{"__type__":"f42b8ZzNWFKKI/QT/n8cR1+","node":{"__id__":3}}],"_prefab":{"__type__":"cc.PrefabInfo","root":{"__id__":1},"asset":{"__uuid__":"70diydRr9E0KMYzaIc7bAX"},"fileId":"f8O2EEq4NKhJTR65WQ9cCQ"},"_contentSize":{"__type__":"cc.Size","width":76,"height":76},"_trs":{"__type__":"TypedArray","ctor":"Float64Array","array":[-105,30,0,0,0,0,1,1,1,1]}},{"__type__":"cc.Node","_name":"lable_name","_parent":{"__id__":2},"_components":[{"__type__":"cc.Label","node":{"__id__":4},"_materials":[{"__uuid__":"ecpdLyjvZBwrvm+cedCcQy"}],"_useOriginalSize":false,"_string":"玩家名称七个字","_N$string":"玩家名称七个字","_fontSize":26,"_lineHeight":26,"_N$file":{"__uuid__":"5f5wQekV1CGpJW2meZozWn"},"_isSystemFontUsed":false,"_N$verticalAlign":1}],"_prefab":{"__type__":"cc.PrefabInfo","root":{"__id__":1},"asset":{"__uuid__":"70diydRr9E0KMYzaIc7bAX"},"fileId":"f6w2tY9bJM3JiRCxQC5cZB"},"_color":{"__type__":"cc.Color","r":138,"g":55},"_contentSize":{"__type__":"cc.Size","width":182,"height":32.76},"_anchorPoint":{"__type__":"cc.Vec2","y":0.5},"_trs":{"__type__":"TypedArray","ctor":"Float64Array","array":[-60,53,0,0,0,0,1,1,1,1]}},{"__type__":"cc.Node","_name":"label_id","_parent":{"__id__":2},"_components":[{"__type__":"cc.Label","node":{"__id__":5},"_materials":[{"__uuid__":"ecpdLyjvZBwrvm+cedCcQy"}],"_useOriginalSize":false,"_string":"ID:123654","_N$string":"ID:123654","_fontSize":30,"_lineHeight":30,"_N$file":{"__uuid__":"5f5wQekV1CGpJW2meZozWn"},"_isSystemFontUsed":false,"_N$horizontalAlign":1,"_N$verticalAlign":1}],"_prefab":{"__type__":"cc.PrefabInfo","root":{"__id__":1},"asset":{"__uuid__":"70diydRr9E0KMYzaIc7bAX"},"fileId":"1d0BK3TstC4JwMoaap0Yn3"},"_color":{"__type__":"cc.Color","r":138,"g":55},"_contentSize":{"__type__":"cc.Size","width":131.6,"height":37.8},"_anchorPoint":{"__type__":"cc.Vec2","y":0.5},"_trs":{"__type__":"TypedArray","ctor":"Float64Array","array":[-60,5,0,0,0,0,1,1,1,1]}},{"__type__":"cc.Node","_name":"sex","_parent":{"__id__":2},"_components":[{"__type__":"cc.Sprite","node":{"__id__":6},"_materials":[{"__uuid__":"ecpdLyjvZBwrvm+cedCcQy"}],"_spriteFrame":{"__uuid__":"622UiwhhNFa53CEHZMcq4q"},"_sizeMode":0}],"_prefab":{"__type__":"cc.PrefabInfo","root":{"__id__":1},"asset":{"__uuid__":"70diydRr9E0KMYzaIc7bAX"},"fileId":"97UHqcYGZOd7sMoX2hvuGL"},"_contentSize":{"__type__":"cc.Size","width":24,"height":24},"_trs":{"__type__":"TypedArray","ctor":"Float64Array","array":[94,5.4,0,0,0,0,1,1,1,1]}},{"__type__":"cc.Node","_name":"jiesuan","_parent":{"__id__":1},"_children":[{"__id__":8},{"__id__":31},{"__id__":36},{"__id__":37},{"__id__":38}],"_prefab":{"__type__":"cc.PrefabInfo","root":{"__id__":1},"asset":{"__uuid__":"70diydRr9E0KMYzaIc7bAX"},"fileId":"70pWWj/75L973neNZy7sh0"},"_contentSize":{"__type__":"cc.Size","width":250,"height":350},"_trs":{"__type__":"TypedArray","ctor":"Float64Array","array":[-1,-31,0,0,0,0,1,1,1,1]}},{"__type__":"cc.Node","_name":"top","_parent":{"__id__":7},"_children":[{"__id__":9},{"__id__":24},{"__id__":25},{"__id__":26},{"__id__":27},{"__id__":28},{"__id__":29},{"__id__":30}],"_prefab":{"__type__":"cc.PrefabInfo","root":{"__id__":1},"asset":{"__uuid__":"70diydRr9E0KMYzaIc7bAX"},"fileId":"0aeCYkk7xErqC09ADpKVPv"},"_trs":{"__type__":"TypedArray","ctor":"Float64Array","array":[9.9,-64.7,0,0,0,0,1,1,1,1]}},{"__type__":"cc.Node","_name":"tip","_parent":{"__id__":8},"_children":[{"__id__":10},{"__id__":11},{"__id__":12},{"__id__":13},{"__id__":14},{"__id__":15},{"__id__":16},{"__id__":17},{"__id__":18},{"__id__":19},{"__id__":20},{"__id__":21},{"__id__":22},{"__id__":23}],"_prefab":{"__type__":"cc.PrefabInfo","root":{"__id__":1},"asset":{"__uuid__":"70diydRr9E0KMYzaIc7bAX"},"fileId":"b8vOT7uQBMor7g2gVQ97zB"},"_trs":{"__type__":"TypedArray","ctor":"Float64Array","array":[0,0,0,0,0,0,1,1,1,1]}},{"__type__":"cc.Node","_name":"tip","_parent":{"__id__":9},"_components":[{"__type__":"cc.Label","node":{"__id__":10},"_materials":[{"__uuid__":"ecpdLyjvZBwrvm+cedCcQy"}],"_useOriginalSize":false,"_string":"点炮","_N$string":"点炮","_fontSize":26,"_lineHeight":26,"_N$file":{"__uuid__":"5f5wQekV1CGpJW2meZozWn"},"_isSystemFontUsed":false,"_N$horizontalAlign":1,"_N$verticalAlign":1}],"_prefab":{"__type__":"cc.PrefabInfo","root":{"__id__":1},"asset":{"__uuid__":"70diydRr9E0KMYzaIc7bAX"},"fileId":"d1e14eXX5H/oz/wpF8BQpl"},"_color":{"__type__":"cc.Color","r":181,"g":104,"b":48},"_contentSize":{"__type__":"cc.Size","width":52,"height":32.76},"_trs":{"__type__":"TypedArray","ctor":"Float64Array","array":[-85.1,200,0,0,0,0,1,1,1,1]}},{"__type__":"cc.Node","_name":"tip","_parent":{"__id__":9},"_components":[{"__type__":"cc.Label","node":{"__id__":11},"_materials":[{"__uuid__":"ecpdLyjvZBwrvm+cedCcQy"}],"_useOriginalSize":false,"_string":"次","_N$string":"次","_fontSize":26,"_lineHeight":26,"_N$file":{"__uuid__":"5f5wQekV1CGpJW2meZozWn"},"_isSystemFontUsed":false,"_N$horizontalAlign":1,"_N$verticalAlign":1}],"_prefab":{"__type__":"cc.PrefabInfo","root":{"__id__":1},"asset":{"__uuid__":"70diydRr9E0KMYzaIc7bAX"},"fileId":"1dVrFSG9hIP7BwMjbwjsZr"},"_color":{"__type__":"cc.Color","r":181,"g":104,"b":48},"_contentSize":{"__type__":"cc.Size","width":26,"height":32.76},"_trs":{"__type__":"TypedArray","ctor":"Float64Array","array":[91.7,200,0,0,0,0,1,1,1,1]}},{"__type__":"cc.Node","_name":"tip","_parent":{"__id__":9},"_components":[{"__type__":"cc.Label","node":{"__id__":12},"_materials":[{"__uuid__":"ecpdLyjvZBwrvm+cedCcQy"}],"_useOriginalSize":false,"_string":"接炮","_N$string":"接炮","_fontSize":26,"_lineHeight":26,"_N$file":{"__uuid__":"5f5wQekV1CGpJW2meZozWn"},"_isSystemFontUsed":false,"_N$horizontalAlign":1,"_N$verticalAlign":1}],"_prefab":{"__type__":"cc.PrefabInfo","root":{"__id__":1},"asset":{"__uuid__":"70diydRr9E0KMYzaIc7bAX"},"fileId":"8etfh6R8ZP6pwNjxJhbola"},"_color":{"__type__":"cc.Color","r":181,"g":104,"b":48},"_contentSize":{"__type__":"cc.Size","width":52,"height":32.76},"_trs":{"__type__":"TypedArray","ctor":"Float64Array","array":[-84,165,0,0,0,0,1,1,1,1]}},{"__type__":"cc.Node","_name":"tip","_parent":{"__id__":9},"_components":[{"__type__":"cc.Label","node":{"__id__":13},"_materials":[{"__uuid__":"ecpdLyjvZBwrvm+cedCcQy"}],"_useOriginalSize":false,"_string":"次","_N$string":"次","_fontSize":26,"_lineHeight":26,"_N$file":{"__uuid__":"5f5wQekV1CGpJW2meZozWn"},"_isSystemFontUsed":false,"_N$horizontalAlign":1,"_N$verticalAlign":1}],"_prefab":{"__type__":"cc.PrefabInfo","root":{"__id__":1},"asset":{"__uuid__":"70diydRr9E0KMYzaIc7bAX"},"fileId":"adZZuLHFdEmbHmGWgtZjaq"},"_color":{"__type__":"cc.Color","r":181,"g":104,"b":48},"_contentSize":{"__type__":"cc.Size","width":26,"height":32.76},"_trs":{"__type__":"TypedArray","ctor":"Float64Array","array":[91,165,0,0,0,0,1,1,1,1]}},{"__type__":"cc.Node","_name":"tip","_parent":{"__id__":9},"_components":[{"__type__":"cc.Label","node":{"__id__":14},"_materials":[{"__uuid__":"ecpdLyjvZBwrvm+cedCcQy"}],"_useOriginalSize":false,"_string":"自摸","_N$string":"自摸","_fontSize":26,"_lineHeight":26,"_N$file":{"__uuid__":"5f5wQekV1CGpJW2meZozWn"},"_isSystemFontUsed":false,"_N$horizontalAlign":1,"_N$verticalAlign":1}],"_prefab":{"__type__":"cc.PrefabInfo","root":{"__id__":1},"asset":{"__uuid__":"70diydRr9E0KMYzaIc7bAX"},"fileId":"c364Ht4RVCK5clJEdK/0fa"},"_color":{"__type__":"cc.Color","r":181,"g":104,"b":48},"_contentSize":{"__type__":"cc.Size","width":52,"height":32.76},"_trs":{"__type__":"TypedArray","ctor":"Float64Array","array":[-84.8,130,0,0,0,0,1,1,1,1]}},{"__type__":"cc.Node","_name":"tip","_parent":{"__id__":9},"_components":[{"__type__":"cc.Label","node":{"__id__":15},"_materials":[{"__uuid__":"ecpdLyjvZBwrvm+cedCcQy"}],"_useOriginalSize":false,"_string":"次","_N$string":"次","_fontSize":26,"_lineHeight":26,"_N$file":{"__uuid__":"5f5wQekV1CGpJW2meZozWn"},"_isSystemFontUsed":false,"_N$horizontalAlign":1,"_N$verticalAlign":1}],"_prefab":{"__type__":"cc.PrefabInfo","root":{"__id__":1},"asset":{"__uuid__":"70diydRr9E0KMYzaIc7bAX"},"fileId":"8dQ6meGMxHer84jaKlH4IW"},"_color":{"__type__":"cc.Color","r":181,"g":104,"b":48},"_contentSize":{"__type__":"cc.Size","width":26,"height":32.76},"_trs":{"__type__":"TypedArray","ctor":"Float64Array","array":[91.4,130,0,0,0,0,1,1,1,1]}},{"__type__":"cc.Node","_name":"tip","_parent":{"__id__":9},"_components":[{"__type__":"cc.Label","node":{"__id__":16},"_materials":[{"__uuid__":"ecpdLyjvZBwrvm+cedCcQy"}],"_useOriginalSize":false,"_string":"点炮","_N$string":"点炮","_fontSize":26,"_lineHeight":26,"_N$file":{"__uuid__":"5f5wQekV1CGpJW2meZozWn"},"_isSystemFontUsed":false,"_N$horizontalAlign":1,"_N$verticalAlign":1}],"_prefab":{"__type__":"cc.PrefabInfo","root":{"__id__":1},"asset":{"__uuid__":"70diydRr9E0KMYzaIc7bAX"},"fileId":"a9UpoWVgZAZZpyNUQF2ENz"},"_color":{"__type__":"cc.Color","r":181,"g":104,"b":48},"_contentSize":{"__type__":"cc.Size","width":52,"height":32.76},"_trs":{"__type__":"TypedArray","ctor":"Float64Array","array":[-85.1,95,0,0,0,0,1,1,1,1]}},{"__type__":"cc.Node","_name":"tip","_parent":{"__id__":9},"_components":[{"__type__":"cc.Label","node":{"__id__":17},"_materials":[{"__uuid__":"ecpdLyjvZBwrvm+cedCcQy"}],"_useOriginalSize":false,"_string":"次","_N$string":"次","_fontSize":26,"_lineHeight":26,"_N$file":{"__uuid__":"5f5wQekV1CGpJW2meZozWn"},"_isSystemFontUsed":false,"_N$horizontalAlign":1,"_N$verticalAlign":1}],"_prefab":{"__type__":"cc.PrefabInfo","root":{"__id__":1},"asset":{"__uuid__":"70diydRr9E0KMYzaIc7bAX"},"fileId":"fbAufIb0RLz4xt+cz6ARXo"},"_color":{"__type__":"cc.Color","r":181,"g":104,"b":48},"_contentSize":{"__type__":"cc.Size","width":26,"height":32.76},"_trs":{"__type__":"TypedArray","ctor":"Float64Array","array":[91.7,95,0,0,0,0,1,1,1,1]}},{"__type__":"cc.Node","_name":"tip","_parent":{"__id__":9},"_components":[{"__type__":"cc.Label","node":{"__id__":18},"_materials":[{"__uuid__":"ecpdLyjvZBwrvm+cedCcQy"}],"_useOriginalSize":false,"_string":"单游","_N$string":"单游","_fontSize":26,"_lineHeight":26,"_N$file":{"__uuid__":"5f5wQekV1CGpJW2meZozWn"},"_isSystemFontUsed":false,"_N$horizontalAlign":1,"_N$verticalAlign":1}],"_prefab":{"__type__":"cc.PrefabInfo","root":{"__id__":1},"asset":{"__uuid__":"70diydRr9E0KMYzaIc7bAX"},"fileId":"41wZZ1PdxMgIsrBYlsqvoL"},"_color":{"__type__":"cc.Color","r":181,"g":104,"b":48},"_contentSize":{"__type__":"cc.Size","width":52,"height":32.76},"_trs":{"__type__":"TypedArray","ctor":"Float64Array","array":[-84,60,0,0,0,0,1,1,1,1]}},{"__type__":"cc.Node","_name":"tip","_parent":{"__id__":9},"_components":[{"__type__":"cc.Label","node":{"__id__":19},"_materials":[{"__uuid__":"ecpdLyjvZBwrvm+cedCcQy"}],"_useOriginalSize":false,"_string":"次","_N$string":"次","_fontSize":26,"_lineHeight":26,"_N$file":{"__uuid__":"5f5wQekV1CGpJW2meZozWn"},"_isSystemFontUsed":false,"_N$horizontalAlign":1,"_N$verticalAlign":1}],"_prefab":{"__type__":"cc.PrefabInfo","root":{"__id__":1},"asset":{"__uuid__":"70diydRr9E0KMYzaIc7bAX"},"fileId":"00+VXeCndKs4rxjX5bz6sK"},"_color":{"__type__":"cc.Color","r":181,"g":104,"b":48},"_contentSize":{"__type__":"cc.Size","width":26,"height":32.76},"_trs":{"__type__":"TypedArray","ctor":"Float64Array","array":[91,60,0,0,0,0,1,1,1,1]}},{"__type__":"cc.Node","_name":"tip","_parent":{"__id__":9},"_components":[{"__type__":"cc.Label","node":{"__id__":20},"_materials":[{"__uuid__":"ecpdLyjvZBwrvm+cedCcQy"}],"_useOriginalSize":false,"_string":"双游","_N$string":"双游","_fontSize":26,"_lineHeight":26,"_N$file":{"__uuid__":"5f5wQekV1CGpJW2meZozWn"},"_isSystemFontUsed":false,"_N$horizontalAlign":1,"_N$verticalAlign":1}],"_prefab":{"__type__":"cc.PrefabInfo","root":{"__id__":1},"asset":{"__uuid__":"70diydRr9E0KMYzaIc7bAX"},"fileId":"347F/0JVVGeq+kxCsjLDCh"},"_color":{"__type__":"cc.Color","r":181,"g":104,"b":48},"_contentSize":{"__type__":"cc.Size","width":52,"height":32.76},"_trs":{"__type__":"TypedArray","ctor":"Float64Array","array":[-84.8,25,0,0,0,0,1,1,1,1]}},{"__type__":"cc.Node","_name":"tip","_parent":{"__id__":9},"_components":[{"__type__":"cc.Label","node":{"__id__":21},"_materials":[{"__uuid__":"ecpdLyjvZBwrvm+cedCcQy"}],"_useOriginalSize":false,"_string":"次","_N$string":"次","_fontSize":26,"_lineHeight":26,"_N$file":{"__uuid__":"5f5wQekV1CGpJW2meZozWn"},"_isSystemFontUsed":false,"_N$horizontalAlign":1,"_N$verticalAlign":1}],"_prefab":{"__type__":"cc.PrefabInfo","root":{"__id__":1},"asset":{"__uuid__":"70diydRr9E0KMYzaIc7bAX"},"fileId":"3fQZbHCZBBpYT53RWdVrqz"},"_color":{"__type__":"cc.Color","r":181,"g":104,"b":48},"_contentSize":{"__type__":"cc.Size","width":26,"height":32.76},"_trs":{"__type__":"TypedArray","ctor":"Float64Array","array":[91.4,25,0,0,0,0,1,1,1,1]}},{"__type__":"cc.Node","_name":"tip","_parent":{"__id__":9},"_components":[{"__type__":"cc.Label","node":{"__id__":22},"_materials":[{"__uuid__":"ecpdLyjvZBwrvm+cedCcQy"}],"_useOriginalSize":false,"_string":"三游","_N$string":"三游","_fontSize":26,"_lineHeight":26,"_N$file":{"__uuid__":"5f5wQekV1CGpJW2meZozWn"},"_isSystemFontUsed":false,"_N$horizontalAlign":1,"_N$verticalAlign":1}],"_prefab":{"__type__":"cc.PrefabInfo","root":{"__id__":1},"asset":{"__uuid__":"70diydRr9E0KMYzaIc7bAX"},"fileId":"78F23XFBxNb7wvG/rMgejt"},"_color":{"__type__":"cc.Color","r":181,"g":104,"b":48},"_contentSize":{"__type__":"cc.Size","width":52,"height":32.76},"_trs":{"__type__":"TypedArray","ctor":"Float64Array","array":[-84.8,-10,0,0,0,0,1,1,1,1]}},{"__type__":"cc.Node","_name":"tip","_parent":{"__id__":9},"_components":[{"__type__":"cc.Label","node":{"__id__":23},"_materials":[{"__uuid__":"ecpdLyjvZBwrvm+cedCcQy"}],"_useOriginalSize":false,"_string":"次","_N$string":"次","_fontSize":26,"_lineHeight":26,"_N$file":{"__uuid__":"5f5wQekV1CGpJW2meZozWn"},"_isSystemFontUsed":false,"_N$horizontalAlign":1,"_N$verticalAlign":1}],"_prefab":{"__type__":"cc.PrefabInfo","root":{"__id__":1},"asset":{"__uuid__":"70diydRr9E0KMYzaIc7bAX"},"fileId":"c2guEJbK5Mbq6T6Il+tNPO"},"_color":{"__type__":"cc.Color","r":181,"g":104,"b":48},"_contentSize":{"__type__":"cc.Size","width":26,"height":32.76},"_trs":{"__type__":"TypedArray","ctor":"Float64Array","array":[91.4,-10,0,0,0,0,1,1,1,1]}},{"__type__":"cc.Node","_name":"lb_dianpao","_parent":{"__id__":8},"_components":[{"__type__":"cc.Label","node":{"__id__":24},"_materials":[{"__uuid__":"ecpdLyjvZBwrvm+cedCcQy"}],"_useOriginalSize":false,"_string":"0","_N$string":"0","_fontSize":33,"_lineHeight":33,"_N$file":{"__uuid__":"5f5wQekV1CGpJW2meZozWn"},"_isSystemFontUsed":false,"_N$verticalAlign":1}],"_prefab":{"__type__":"cc.PrefabInfo","root":{"__id__":1},"asset":{"__uuid__":"70diydRr9E0KMYzaIc7bAX"},"fileId":"67ivLWdpRB8JS9+1y8xT7h"},"_color":{"__type__":"cc.Color","r":205,"g":51,"b":51},"_contentSize":{"__type__":"cc.Size","width":18.82,"height":41.58},"_trs":{"__type__":"TypedArray","ctor":"Float64Array","array":[49.6,200,0,0,0,0,1,1,1,1]}},{"__type__":"cc.Node","_name":"lb_jiepao","_parent":{"__id__":8},"_components":[{"__type__":"cc.Label","node":{"__id__":25},"_materials":[{"__uuid__":"ecpdLyjvZBwrvm+cedCcQy"}],"_useOriginalSize":false,"_string":"0","_N$string":"0","_fontSize":33,"_lineHeight":33,"_N$file":{"__uuid__":"5f5wQekV1CGpJW2meZozWn"},"_isSystemFontUsed":false,"_N$verticalAlign":1}],"_prefab":{"__type__":"cc.PrefabInfo","root":{"__id__":1},"asset":{"__uuid__":"70diydRr9E0KMYzaIc7bAX"},"fileId":"82KbOULqBLurh/3vsYSNuP"},"_color":{"__type__":"cc.Color","r":205,"g":51,"b":51},"_contentSize":{"__type__":"cc.Size","width":18.82,"height":41.58},"_trs":{"__type__":"TypedArray","ctor":"Float64Array","array":[50,165,0,0,0,0,1,1,1,1]}},{"__type__":"cc.Node","_name":"lb_zimo","_parent":{"__id__":8},"_components":[{"__type__":"cc.Label","node":{"__id__":26},"_materials":[{"__uuid__":"ecpdLyjvZBwrvm+cedCcQy"}],"_useOriginalSize":false,"_string":"0","_N$string":"0","_fontSize":33,"_lineHeight":33,"_N$file":{"__uuid__":"5f5wQekV1CGpJW2meZozWn"},"_isSystemFontUsed":false,"_N$verticalAlign":1}],"_prefab":{"__type__":"cc.PrefabInfo","root":{"__id__":1},"asset":{"__uuid__":"70diydRr9E0KMYzaIc7bAX"},"fileId":"87hIiFCY5GkqY98WhZn5Pm"},"_color":{"__type__":"cc.Color","r":205,"g":51,"b":51},"_contentSize":{"__type__":"cc.Size","width":18.82,"height":41.58},"_trs":{"__type__":"TypedArray","ctor":"Float64Array","array":[50.2,130,0,0,0,0,1,1,1,1]}},{"__type__":"cc.Node","_name":"lb_gang","_parent":{"__id__":8},"_components":[{"__type__":"cc.Label","node":{"__id__":27},"_materials":[{"__uuid__":"ecpdLyjvZBwrvm+cedCcQy"}],"_useOriginalSize":false,"_string":"0","_N$string":"0","_fontSize":33,"_lineHeight":33,"_N$file":{"__uuid__":"5f5wQekV1CGpJW2meZozWn"},"_isSystemFontUsed":false,"_N$verticalAlign":1}],"_prefab":{"__type__":"cc.PrefabInfo","root":{"__id__":1},"asset":{"__uuid__":"70diydRr9E0KMYzaIc7bAX"},"fileId":"c8+NJhP9RFDIbJ9L4g+fnr"},"_color":{"__type__":"cc.Color","r":205,"g":51,"b":51},"_contentSize":{"__type__":"cc.Size","width":18.82,"height":41.58},"_trs":{"__type__":"TypedArray","ctor":"Float64Array","array":[50.2,95,0,0,0,0,1,1,1,1]}},{"__type__":"cc.Node","_name":"lb_danyou","_parent":{"__id__":8},"_components":[{"__type__":"cc.Label","node":{"__id__":28},"_materials":[{"__uuid__":"ecpdLyjvZBwrvm+cedCcQy"}],"_useOriginalSize":false,"_string":"0","_N$string":"0","_fontSize":33,"_lineHeight":33,"_N$file":{"__uuid__":"5f5wQekV1CGpJW2meZozWn"},"_isSystemFontUsed":false,"_N$verticalAlign":1}],"_prefab":{"__type__":"cc.PrefabInfo","root":{"__id__":1},"asset":{"__uuid__":"70diydRr9E0KMYzaIc7bAX"},"fileId":"005P/hRwxBWZ0lqxHdHC9Z"},"_color":{"__type__":"cc.Color","r":205,"g":51,"b":51},"_contentSize":{"__type__":"cc.Size","width":18.82,"height":41.58},"_trs":{"__type__":"TypedArray","ctor":"Float64Array","array":[50.2,60,0,0,0,0,1,1,1,1]}},{"__type__":"cc.Node","_name":"lb_shuangyou","_parent":{"__id__":8},"_components":[{"__type__":"cc.Label","node":{"__id__":29},"_materials":[{"__uuid__":"ecpdLyjvZBwrvm+cedCcQy"}],"_useOriginalSize":false,"_string":"0","_N$string":"0","_fontSize":33,"_lineHeight":33,"_N$file":{"__uuid__":"5f5wQekV1CGpJW2meZozWn"},"_isSystemFontUsed":false,"_N$verticalAlign":1}],"_prefab":{"__type__":"cc.PrefabInfo","root":{"__id__":1},"asset":{"__uuid__":"70diydRr9E0KMYzaIc7bAX"},"fileId":"c5BoAL4pBFiadFY+8I/YiW"},"_color":{"__type__":"cc.Color","r":205,"g":51,"b":51},"_contentSize":{"__type__":"cc.Size","width":18.82,"height":41.58},"_trs":{"__type__":"TypedArray","ctor":"Float64Array","array":[50.2,25,0,0,0,0,1,1,1,1]}},{"__type__":"cc.Node","_name":"lb_sanyou","_parent":{"__id__":8},"_components":[{"__type__":"cc.Label","node":{"__id__":30},"_materials":[{"__uuid__":"ecpdLyjvZBwrvm+cedCcQy"}],"_useOriginalSize":false,"_string":"0","_N$string":"0","_fontSize":33,"_lineHeight":33,"_N$file":{"__uuid__":"5f5wQekV1CGpJW2meZozWn"},"_isSystemFontUsed":false,"_N$verticalAlign":1}],"_prefab":{"__type__":"cc.PrefabInfo","root":{"__id__":1},"asset":{"__uuid__":"70diydRr9E0KMYzaIc7bAX"},"fileId":"29zdRt8YVAKZ1xmkfSTHip"},"_color":{"__type__":"cc.Color","r":205,"g":51,"b":51},"_contentSize":{"__type__":"cc.Size","width":18.82,"height":41.58},"_trs":{"__type__":"TypedArray","ctor":"Float64Array","array":[50.2,-10,0,0,0,0,1,1,1,1]}},{"__type__":"cc.Node","_name":"hulist","_parent":{"__id__":7},"_children":[{"__id__":32},{"__id__":33},{"__id__":34},{"__id__":35}],"_active":false,"_components":[{"__type__":"cc.Sprite","node":{"__id__":31},"_type":1,"_sizeMode":0}],"_prefab":{"__type__":"cc.PrefabInfo","root":{"__id__":1},"asset":{"__uuid__":"70diydRr9E0KMYzaIc7bAX"},"fileId":"c4IWmngFRKqpddtdX/yMSi"},"_contentSize":{"__type__":"cc.Size","width":250,"height":100},"_trs":{"__type__":"TypedArray","ctor":"Float64Array","array":[2.6,-40.5,0,0,0,0,1,1,1,1]}},{"__type__":"cc.Node","_name":"label_youjin","_parent":{"__id__":31},"_components":[{"__type__":"cc.Label","node":{"__id__":32},"_materials":[{"__uuid__":"ecpdLyjvZBwrvm+cedCcQy"}],"_useOriginalSize":false,"_string":"游金: 10","_N$string":"游金: 10","_fontSize":30,"_lineHeight":30,"_N$file":{"__uuid__":"5f5wQekV1CGpJW2meZozWn"},"_isSystemFontUsed":false,"_N$verticalAlign":1}],"_prefab":{"__type__":"cc.PrefabInfo","root":{"__id__":1},"asset":{"__uuid__":"70diydRr9E0KMYzaIc7bAX"},"fileId":"cfk4/CQldIAq18zyUgmtft"},"_color":{"__type__":"cc.Color","r":81,"g":22,"b":7},"_contentSize":{"__type__":"cc.Size","width":104.06,"height":37.8},"_anchorPoint":{"__type__":"cc.Vec2","y":0.5},"_trs":{"__type__":"TypedArray","ctor":"Float64Array","array":[-115.2,21.6,0,0,0,0,1,1,1,1]}},{"__type__":"cc.Node","_name":"label_zimo","_parent":{"__id__":31},"_components":[{"__type__":"cc.Label","node":{"__id__":33},"_materials":[{"__uuid__":"ecpdLyjvZBwrvm+cedCcQy"}],"_useOriginalSize":false,"_string":"自摸: 10","_N$string":"自摸: 10","_fontSize":30,"_lineHeight":30,"_N$file":{"__uuid__":"5f5wQekV1CGpJW2meZozWn"},"_isSystemFontUsed":false,"_N$verticalAlign":1}],"_prefab":{"__type__":"cc.PrefabInfo","root":{"__id__":1},"asset":{"__uuid__":"70diydRr9E0KMYzaIc7bAX"},"fileId":"f52gd2wsFH1q8qkkEFAUJk"},"_color":{"__type__":"cc.Color","r":81,"g":22,"b":7},"_contentSize":{"__type__":"cc.Size","width":104.06,"height":37.8},"_anchorPoint":{"__type__":"cc.Vec2","y":0.5},"_trs":{"__type__":"TypedArray","ctor":"Float64Array","array":[9.5,21.8,0,0,0,0,1,1,1,1]}},{"__type__":"cc.Node","_name":"label_pinghu","_parent":{"__id__":31},"_components":[{"__type__":"cc.Label","node":{"__id__":34},"_materials":[{"__uuid__":"ecpdLyjvZBwrvm+cedCcQy"}],"_useOriginalSize":false,"_string":"平胡: 10","_N$string":"平胡: 10","_fontSize":30,"_lineHeight":30,"_N$file":{"__uuid__":"5f5wQekV1CGpJW2meZozWn"},"_isSystemFontUsed":false,"_N$verticalAlign":1}],"_prefab":{"__type__":"cc.PrefabInfo","root":{"__id__":1},"asset":{"__uuid__":"70diydRr9E0KMYzaIc7bAX"},"fileId":"2aipsDiplPlbj9Jid3aYze"},"_color":{"__type__":"cc.Color","r":81,"g":22,"b":7},"_contentSize":{"__type__":"cc.Size","width":104.06,"height":37.8},"_anchorPoint":{"__type__":"cc.Vec2","y":0.5},"_trs":{"__type__":"TypedArray","ctor":"Float64Array","array":[-114.6,-22,0,0,0,0,1,1,1,1]}},{"__type__":"cc.Node","_name":"label_qita","_parent":{"__id__":31},"_components":[{"__type__":"cc.Label","node":{"__id__":35},"_materials":[{"__uuid__":"ecpdLyjvZBwrvm+cedCcQy"}],"_useOriginalSize":false,"_string":"其他: 10","_N$string":"其他: 10","_fontSize":30,"_lineHeight":30,"_N$file":{"__uuid__":"5f5wQekV1CGpJW2meZozWn"},"_isSystemFontUsed":false,"_N$verticalAlign":1}],"_prefab":{"__type__":"cc.PrefabInfo","root":{"__id__":1},"asset":{"__uuid__":"70diydRr9E0KMYzaIc7bAX"},"fileId":"f8m+DQAsZGA7XeM8GQyL94"},"_color":{"__type__":"cc.Color","r":81,"g":22,"b":7},"_contentSize":{"__type__":"cc.Size","width":104.06,"height":37.8},"_anchorPoint":{"__type__":"cc.Vec2","y":0.5},"_trs":{"__type__":"TypedArray","ctor":"Float64Array","array":[9.5,-22,0,0,0,0,1,1,1,1]}},{"__type__":"cc.Node","_name":"lb_lost","_parent":{"__id__":7},"_components":[{"__type__":"cc.Label","node":{"__id__":36},"_materials":[{"__uuid__":"ecpdLyjvZBwrvm+cedCcQy"}],"_useOriginalSize":false,"_string":"-50000","_N$string":"-50000","_fontSize":32,"_N$file":{"__uuid__":"59kzsyiIFGS5Deoo4o1bsG"},"_isSystemFontUsed":false,"_N$horizontalAlign":1,"_N$verticalAlign":1}],"_prefab":{"__type__":"cc.PrefabInfo","root":{"__id__":1},"asset":{"__uuid__":"70diydRr9E0KMYzaIc7bAX"},"fileId":"43SBKvYdRBur+w9F9BMWR+"},"_contentSize":{"__type__":"cc.Size","width":174,"height":40},"_trs":{"__type__":"TypedArray","ctor":"Float64Array","array":[0,-132,0,0,0,0,1,1.2,1.2,1]}},{"__type__":"cc.Node","_name":"lb_win","_parent":{"__id__":7},"_components":[{"__type__":"cc.Label","node":{"__id__":37},"_materials":[{"__uuid__":"ecpdLyjvZBwrvm+cedCcQy"}],"_useOriginalSize":false,"_string":"+50000","_N$string":"+50000","_fontSize":1,"_lineHeight":1,"_N$file":{"__uuid__":"72IVOMk1hKZ49cj8VmMTmu"},"_isSystemFontUsed":false,"_N$horizontalAlign":1,"_N$verticalAlign":1}],"_prefab":{"__type__":"cc.PrefabInfo","root":{"__id__":1},"asset":{"__uuid__":"70diydRr9E0KMYzaIc7bAX"},"fileId":"9bZ3asR9NBHazmyD4WDoFj"},"_contentSize":{"__type__":"cc.Size","width":174,"height":1},"_trs":{"__type__":"TypedArray","ctor":"Float64Array","array":[0,-112,0,0,0,0,1,1.2,1.2,1]}},{"__type__":"cc.Node","_name":"lb_sportsPoint","_parent":{"__id__":7},"_components":[{"__type__":"cc.Label","node":{"__id__":38},"_materials":[{"__uuid__":"ecpdLyjvZBwrvm+cedCcQy"}],"_useOriginalSize":false,"_fontSize":30,"_lineHeight":35,"_N$file":{"__uuid__":"5f5wQekV1CGpJW2meZozWn"},"_isSystemFontUsed":false,"_N$verticalAlign":1}],"_prefab":{"__type__":"cc.PrefabInfo","root":{"__id__":1},"asset":{"__uuid__":"70diydRr9E0KMYzaIc7bAX"},"fileId":"a4ASX2LslAVJOJQhpr3VoQ"},"_color":{"__type__":"cc.Color","r":138,"g":55},"_contentSize":{"__type__":"cc.Size","height":44.1},"_trs":{"__type__":"TypedArray","ctor":"Float64Array","array":[0,-179,0,0,0,0,1,1,1,1]}},{"__type__":"cc.Node","_name":"icon_win","_parent":{"__id__":1},"_components":[{"__type__":"cc.Sprite","node":{"__id__":39},"_materials":[{"__uuid__":"ecpdLyjvZBwrvm+cedCcQy"}],"_spriteFrame":{"__uuid__":"4c4dLTVzdKtKrALiOaDCvO"}}],"_prefab":{"__type__":"cc.PrefabInfo","root":{"__id__":1},"asset":{"__uuid__":"70diydRr9E0KMYzaIc7bAX"},"fileId":"06mnFpi75JcLOT91LWk7XD"},"_contentSize":{"__type__":"cc.Size","width":50,"height":92},"_anchorPoint":{"__type__":"cc.Vec2","x":1,"y":0.5},"_trs":{"__type__":"TypedArray","ctor":"Float64Array","array":[150,198,0,0,0,0,1,0.8,0.8,1]}},{"__type__":"cc.Node","_name":"icon_paoshou","_parent":{"__id__":1},"_components":[{"__type__":"cc.Sprite","node":{"__id__":40},"_materials":[{"__uuid__":"ecpdLyjvZBwrvm+cedCcQy"}],"_spriteFrame":{"__uuid__":"7bsAj7W0lDyam8bcmtxeMT"}}],"_prefab":{"__type__":"cc.PrefabInfo","root":{"__id__":1},"asset":{"__uuid__":"70diydRr9E0KMYzaIc7bAX"},"fileId":"d9yvmi2oRF+59EEDUGoYI7"},"_contentSize":{"__type__":"cc.Size","width":94,"height":94},"_anchorPoint":{"__type__":"cc.Vec2","x":1,"y":0.5},"_trs":{"__type__":"TypedArray","ctor":"Float64Array","array":[-97,-152,0,0,0,0,1,0.8,0.8,1]}},{"__type__":"cc.Node","_name":"icon_dissolve","_parent":{"__id__":1},"_components":[{"__type__":"cc.Sprite","node":{"__id__":41},"_materials":[{"__uuid__":"ecpdLyjvZBwrvm+cedCcQy"}]}],"_prefab":{"__type__":"cc.PrefabInfo","root":{"__id__":1},"asset":{"__uuid__":"70diydRr9E0KMYzaIc7bAX"},"fileId":"deNkdEp9VKmJUVYDxWguI7"},"_contentSize":{"__type__":"cc.Size","width":119,"height":66},"_trs":{"__type__":"TypedArray","ctor":"Float64Array","array":[-88.356,151.952,0,0,0,0,1,1,1,1]}}],{"__type__":"cc.SpriteFrame","content":{"name":"icon_zjps","texture":"2f6HDHjihOX4bgIE3G1f+g","rect":[0,0,94,94],"offset":[0,0],"originalSize":[94,94],"capInsets":[0,0,0,0]}},{"__type__":"cc.SpriteFrame","content":{"name":"morentouxiang","texture":"189664600","rect":[181,652,60,60],"offset":[0,0],"originalSize":[60,60],"capInsets":[0,0,0,0]}}]