[{"__type__":"cc.SpriteFrame","content":{"name":"hh_face_dao_02","texture":"36+6C0mK5CBrXf7ot3gEM9","rect":[0,0,47,76],"offset":[0,0],"originalSize":[47,76],"capInsets":[0,0,0,0]}},{"__type__":"cc.SpriteFrame","content":{"name":"img_yel_down02","texture":"afkKNIIFdA5pXQl09RYRAP","rect":[0,0,151,101],"offset":[0,0],"originalSize":[151,101],"capInsets":[20,20,20,20]}},{"__type__":"cc.SpriteFrame","content":{"name":"hh_face_dao_24","texture":"831BmxbbRO+IuhJucoIFO0","rect":[0,0,47,76],"offset":[0,0],"originalSize":[47,76],"capInsets":[0,0,0,0]}},{"__type__":"cc.SpriteFrame","content":{"name":"default_scrollbar_vertical","texture":"d608qFRoFHwbXd0Dap056i","rect":[0,0,15,30],"offset":[0,0],"originalSize":[15,30],"capInsets":[4,10,4,10]}},{"__type__":"cc.SpriteFrame","content":{"name":"default_scrollbar_vertical_bg","texture":"61cyPdEfRN047sDK9rO0W5","rect":[0,0,15,30],"offset":[0,0],"originalSize":[15,30],"capInsets":[4,10,4,10]}},[{"__type__":"cc.Prefab","_name":"yzgymj_winlost_child","data":{"__id__":1}},{"__type__":"cc.Node","_name":"yzgymj_winlost_child","_children":[{"__id__":2},{"__id__":7},{"__id__":10},{"__id__":16},{"__id__":32},{"__id__":35},{"__id__":61}],"_components":[{"__type__":"cc.Sprite","node":{"__id__":1},"_materials":[{"__uuid__":"ecpdLyjvZBwrvm+cedCcQy"}],"_spriteFrame":{"__uuid__":"4fi7aQRSpFn6b1ZZhTPwm7"},"_type":1,"_sizeMode":0},{"__type__":"de588l+/5hGaaXQ+hQR8frp","node":{"__id__":1},"huaNum":{"__id__":61}}],"_prefab":{"__type__":"cc.PrefabInfo","root":{"__id__":1},"asset":{"__uuid__":"87hnYg0KhHGZpXZsVAMnnO"},"fileId":"2d501vd2VtPPoLtrYJ0glXk"},"_contentSize":{"__type__":"cc.Size","width":1230,"height":101},"_anchorPoint":{"__type__":"cc.Vec2","x":0.5,"y":1},"_trs":{"__type__":"TypedArray","ctor":"Float64Array","array":[0,0,0,0,0,0,1,1,1,1]}},{"__type__":"cc.Node","_name":"user_info","_parent":{"__id__":1},"_children":[{"__id__":3},{"__id__":4},{"__id__":5},{"__id__":6}],"_prefab":{"__type__":"cc.PrefabInfo","root":{"__id__":1},"asset":{"__uuid__":"87hnYg0KhHGZpXZsVAMnnO"},"fileId":"e94692IG2pGl7iytgX4s9Cu"},"_trs":{"__type__":"TypedArray","ctor":"Float64Array","array":[-87,-148,0,0,0,0,1,1,1,1]}},{"__type__":"cc.Node","_name":"head_img","_parent":{"__id__":2},"_components":[{"__type__":"cc.Sprite","node":{"__id__":3},"_materials":[{"__uuid__":"ecpdLyjvZBwrvm+cedCcQy"}],"_spriteFrame":{"__uuid__":"e6JNuRrHVFM4KYnmai3HR+"},"_sizeMode":0,"_isTrimmedMode":false},{"__type__":"f42b8ZzNWFKKI/QT/n8cR1+","node":{"__id__":3}}],"_prefab":{"__type__":"cc.PrefabInfo","root":{"__id__":1},"asset":{"__uuid__":"87hnYg0KhHGZpXZsVAMnnO"},"fileId":"90d2djPEktGnIbrhsg9kC2a"},"_contentSize":{"__type__":"cc.Size","width":60,"height":60},"_trs":{"__type__":"TypedArray","ctor":"Float64Array","array":[-491.3,81.4,0,0,0,0,1,1,1,1]}},{"__type__":"cc.Node","_name":"lable_name","_parent":{"__id__":2},"_components":[{"__type__":"cc.Label","node":{"__id__":4},"_materials":[{"__uuid__":"ecpdLyjvZBwrvm+cedCcQy"}],"_useOriginalSize":false,"_string":"丸子科丸丸","_N$string":"丸子科丸丸","_fontSize":20,"_lineHeight":20,"_N$file":{"__uuid__":"5f5wQekV1CGpJW2meZozWn"},"_isSystemFontUsed":false,"_N$verticalAlign":1,"_N$overflow":2}],"_prefab":{"__type__":"cc.PrefabInfo","root":{"__id__":1},"asset":{"__uuid__":"87hnYg0KhHGZpXZsVAMnnO"},"fileId":"87552vUkI1Ebb/2sO3umA94"},"_color":{"__type__":"cc.Color","r":138,"g":55},"_contentSize":{"__type__":"cc.Size","width":100,"height":20},"_trs":{"__type__":"TypedArray","ctor":"Float64Array","array":[-468.4,132.6,0,0,0,0,1,1,1,1]}},{"__type__":"cc.Node","_name":"label_id","_parent":{"__id__":2},"_components":[{"__type__":"cc.Label","node":{"__id__":5},"_materials":[{"__uuid__":"ecpdLyjvZBwrvm+cedCcQy"}],"_useOriginalSize":false,"_string":"ID:142536","_N$string":"ID:142536","_fontSize":20,"_lineHeight":20,"_N$file":{"__uuid__":"5f5wQekV1CGpJW2meZozWn"},"_isSystemFontUsed":false,"_N$verticalAlign":1,"_N$overflow":2}],"_prefab":{"__type__":"cc.PrefabInfo","root":{"__id__":1},"asset":{"__uuid__":"87hnYg0KhHGZpXZsVAMnnO"},"fileId":"de91dJDvLJE5JPcCUPkOQj7"},"_color":{"__type__":"cc.Color","r":205,"g":82,"b":1},"_contentSize":{"__type__":"cc.Size","width":100,"height":20},"_trs":{"__type__":"TypedArray","ctor":"Float64Array","array":[-363.2,132.1,0,0,0,0,1,1,1,1]}},{"__type__":"cc.Node","_name":"zhuangjia","_parent":{"__id__":2},"_components":[{"__type__":"cc.Sprite","node":{"__id__":6},"_materials":[{"__uuid__":"ecpdLyjvZBwrvm+cedCcQy"}],"_spriteFrame":{"__uuid__":"a0QEigSsBNXYudSEIwKRcD"}}],"_prefab":{"__type__":"cc.PrefabInfo","root":{"__id__":1},"asset":{"__uuid__":"87hnYg0KhHGZpXZsVAMnnO"},"fileId":"09397s9KE5CDrJ4xsbNdOEU"},"_contentSize":{"__type__":"cc.Size","width":38,"height":39},"_trs":{"__type__":"TypedArray","ctor":"Float64Array","array":[-473.9,63.8,0,0,0,0,1,0.7,0.7,1]}},{"__type__":"cc.Node","_name":"showcard","_parent":{"__id__":1},"_children":[{"__id__":8},{"__id__":9}],"_components":[{"__type__":"cc.Layout","node":{"__id__":7},"_layoutSize":{"__type__":"cc.Size","width":1455,"height":120},"_N$layoutType":1,"_N$spacingX":33,"_N$horizontalDirection":1},{"__type__":"d652dOSWmZOH4LQ2s4QX+6Z","node":{"__id__":7},"sp_in":{"__id__":8}}],"_prefab":{"__type__":"cc.PrefabInfo","root":{"__id__":1},"asset":{"__uuid__":"87hnYg0KhHGZpXZsVAMnnO"},"fileId":"483c4fRBw5DV5nOtaGd9lBe"},"_contentSize":{"__type__":"cc.Size","width":1455,"height":120},"_anchorPoint":{"__type__":"cc.Vec2","x":1,"y":0.5},"_trs":{"__type__":"TypedArray","ctor":"Float64Array","array":[180,-63,0,0,0,0,1,0.5,0.5,1]}},{"__type__":"cc.Node","_name":"sp_in","_parent":{"__id__":7},"_components":[{"__type__":"cc.Sprite","node":{"__id__":8},"_materials":[{"__uuid__":"ecpdLyjvZBwrvm+cedCcQy"}],"_spriteFrame":{"__uuid__":"58AxocUUtIiKDR0Vq57M6i"}}],"_prefab":{"__type__":"cc.PrefabInfo","root":{"__id__":1},"asset":{"__uuid__":"87hnYg0KhHGZpXZsVAMnnO"},"fileId":"e2926FTy51JjJf+2c3B7DAc"},"_contentSize":{"__type__":"cc.Size","width":47,"height":76},"_trs":{"__type__":"TypedArray","ctor":"Float64Array","array":[-23.5,-2,0,0,0,0,1,1.7,1.7,1]}},{"__type__":"cc.Node","_name":"empty","_parent":{"__id__":7},"_components":[{"__type__":"cc.Sprite","node":{"__id__":9}}],"_prefab":{"__type__":"cc.PrefabInfo","root":{"__id__":1},"asset":{"__uuid__":"87hnYg0KhHGZpXZsVAMnnO"},"fileId":"b1d16P8xBNHSIb6tF6HkWMY"},"_contentSize":{"__type__":"cc.Size","width":10,"height":118},"_trs":{"__type__":"TypedArray","ctor":"Float64Array","array":[-85,0,0,0,0,0,1,1,1,1]}},{"__type__":"cc.Node","_name":"downcard","_parent":{"__id__":1},"_children":[{"__id__":11}],"_components":[{"__type__":"cc.Layout","node":{"__id__":10},"_layoutSize":{"__type__":"cc.Size","width":245,"height":120},"_resize":1,"_N$layoutType":1,"_N$spacingX":5},{"__type__":"9c90dJMeH1Nu6rMQ0rNGh5U","node":{"__id__":10}}],"_prefab":{"__type__":"cc.PrefabInfo","root":{"__id__":1},"asset":{"__uuid__":"87hnYg0KhHGZpXZsVAMnnO"},"fileId":"3f2c5h5g/5Mja3cH94nYn+b"},"_contentSize":{"__type__":"cc.Size","width":245,"height":120},"_anchorPoint":{"__type__":"cc.Vec2","y":0.5},"_trs":{"__type__":"TypedArray","ctor":"Float64Array","array":[-540,-63,0,0,0,0,1,0.5,0.5,1]}},{"__type__":"cc.Node","_name":"down01","_parent":{"__id__":10},"_children":[{"__id__":12},{"__id__":13},{"__id__":14},{"__id__":15}],"_prefab":{"__type__":"cc.PrefabInfo","root":{"__id__":1},"asset":{"__uuid__":"87hnYg0KhHGZpXZsVAMnnO"},"fileId":"468f36VpARC4pPSJRvPavTE"},"_contentSize":{"__type__":"cc.Size","width":245,"height":118},"_trs":{"__type__":"TypedArray","ctor":"Float64Array","array":[122.5,0,0,0,0,0,1,1,1,1]}},{"__type__":"cc.Node","_name":"card01","_parent":{"__id__":11},"_components":[{"__type__":"cc.Sprite","node":{"__id__":12},"_materials":[{"__uuid__":"ecpdLyjvZBwrvm+cedCcQy"}],"_spriteFrame":{"__uuid__":"58AxocUUtIiKDR0Vq57M6i"}}],"_prefab":{"__type__":"cc.PrefabInfo","root":{"__id__":1},"asset":{"__uuid__":"87hnYg0KhHGZpXZsVAMnnO"},"fileId":"aae478Pqj9JeLRPkN448JnR"},"_contentSize":{"__type__":"cc.Size","width":47,"height":76},"_trs":{"__type__":"TypedArray","ctor":"Float64Array","array":[-76,0,0,0,0,0,1,1.7,1.7,1]}},{"__type__":"cc.Node","_name":"card02","_parent":{"__id__":11},"_components":[{"__type__":"cc.Sprite","node":{"__id__":13},"_materials":[{"__uuid__":"ecpdLyjvZBwrvm+cedCcQy"}],"_spriteFrame":{"__uuid__":"58AxocUUtIiKDR0Vq57M6i"}}],"_prefab":{"__type__":"cc.PrefabInfo","root":{"__id__":1},"asset":{"__uuid__":"87hnYg0KhHGZpXZsVAMnnO"},"fileId":"45739wgw1JMl69udRIEtuOB"},"_contentSize":{"__type__":"cc.Size","width":47,"height":76},"_trs":{"__type__":"TypedArray","ctor":"Float64Array","array":[5,0,0,0,0,0,1,1.7,1.7,1]}},{"__type__":"cc.Node","_name":"card03","_parent":{"__id__":11},"_components":[{"__type__":"cc.Sprite","node":{"__id__":14},"_materials":[{"__uuid__":"ecpdLyjvZBwrvm+cedCcQy"}],"_spriteFrame":{"__uuid__":"58AxocUUtIiKDR0Vq57M6i"}}],"_prefab":{"__type__":"cc.PrefabInfo","root":{"__id__":1},"asset":{"__uuid__":"87hnYg0KhHGZpXZsVAMnnO"},"fileId":"9fd5bhHzsVEe5Ksl9qIvchX"},"_contentSize":{"__type__":"cc.Size","width":47,"height":76},"_trs":{"__type__":"TypedArray","ctor":"Float64Array","array":[86,0,0,0,0,0,1,1.7,1.7,1]}},{"__type__":"cc.Node","_name":"card04","_parent":{"__id__":11},"_components":[{"__type__":"cc.Sprite","node":{"__id__":15},"_materials":[{"__uuid__":"ecpdLyjvZBwrvm+cedCcQy"}],"_spriteFrame":{"__uuid__":"58AxocUUtIiKDR0Vq57M6i"}}],"_prefab":{"__type__":"cc.PrefabInfo","root":{"__id__":1},"asset":{"__uuid__":"87hnYg0KhHGZpXZsVAMnnO"},"fileId":"ef3401HgZNISK47lsGHNGRL"},"_contentSize":{"__type__":"cc.Size","width":47,"height":76},"_trs":{"__type__":"TypedArray","ctor":"Float64Array","array":[5.6,13.9,0,0,0,0,1,1.7,1.7,1]}},{"__type__":"cc.Node","_name":"jiesuan","_parent":{"__id__":1},"_children":[{"__id__":17},{"__id__":18},{"__id__":19},{"__id__":20},{"__id__":21},{"__id__":22},{"__id__":23}],"_prefab":{"__type__":"cc.PrefabInfo","root":{"__id__":1},"asset":{"__uuid__":"87hnYg0KhHGZpXZsVAMnnO"},"fileId":"0f2b99Ie9JGWpHH7wW+Js5V"},"_trs":{"__type__":"TypedArray","ctor":"Float64Array","array":[141,-153,0,0,0,0,1,1,1,1]}},{"__type__":"cc.Node","_name":"lianzhuang","_parent":{"__id__":16},"_components":[{"__type__":"cc.Label","node":{"__id__":17},"_materials":[{"__uuid__":"ecpdLyjvZBwrvm+cedCcQy"}],"_string":"连庄1","_N$string":"连庄1","_fontSize":20,"_lineHeight":20,"_N$file":{"__uuid__":"5f5wQekV1CGpJW2meZozWn"},"_isSystemFontUsed":false,"_N$horizontalAlign":1,"_N$verticalAlign":1}],"_prefab":{"__type__":"cc.PrefabInfo","root":{"__id__":1},"asset":{"__uuid__":"87hnYg0KhHGZpXZsVAMnnO"},"fileId":"7ck5r7lZ5JDIiS7YZjPCZV"},"_color":{"__type__":"cc.Color","r":241,"g":9,"b":9},"_contentSize":{"__type__":"cc.Size","width":47.34,"height":25.2},"_anchorPoint":{"__type__":"cc.Vec2","y":0.5},"_trs":{"__type__":"TypedArray","ctor":"Float64Array","array":[-550.6,137.4,0,0,0,0,1,1,1,1]}},{"__type__":"cc.Node","_name":"zhuang","_parent":{"__id__":16},"_components":[{"__type__":"cc.Label","node":{"__id__":18},"_materials":[{"__uuid__":"ecpdLyjvZBwrvm+cedCcQy"}],"_string":"庄1","_N$string":"庄1","_fontSize":20,"_lineHeight":20,"_N$file":{"__uuid__":"5f5wQekV1CGpJW2meZozWn"},"_isSystemFontUsed":false,"_N$horizontalAlign":1,"_N$verticalAlign":1}],"_prefab":{"__type__":"cc.PrefabInfo","root":{"__id__":1},"asset":{"__uuid__":"87hnYg0KhHGZpXZsVAMnnO"},"fileId":"73rwss/NhBY7e+fNaS3xGs"},"_color":{"__type__":"cc.Color","r":241,"g":9,"b":9},"_contentSize":{"__type__":"cc.Size","width":27.34,"height":25.2},"_anchorPoint":{"__type__":"cc.Vec2","y":0.5},"_trs":{"__type__":"TypedArray","ctor":"Float64Array","array":[-499.6,137.4,0,0,0,0,1,1,1,1]}},{"__type__":"cc.Node","_name":"difen","_parent":{"__id__":16},"_components":[{"__type__":"cc.Label","node":{"__id__":19},"_materials":[{"__uuid__":"ecpdLyjvZBwrvm+cedCcQy"}],"_fontSize":20,"_lineHeight":20,"_N$file":{"__uuid__":"5f5wQekV1CGpJW2meZozWn"},"_isSystemFontUsed":false,"_N$horizontalAlign":1,"_N$verticalAlign":1}],"_prefab":{"__type__":"cc.PrefabInfo","root":{"__id__":1},"asset":{"__uuid__":"87hnYg0KhHGZpXZsVAMnnO"},"fileId":"2b6vP114JOC7I16IPRFrux"},"_color":{"__type__":"cc.Color","r":241,"g":9,"b":9},"_contentSize":{"__type__":"cc.Size","height":25.2},"_anchorPoint":{"__type__":"cc.Vec2","y":0.5},"_trs":{"__type__":"TypedArray","ctor":"Float64Array","array":[286.2,137,0,0,0,0,1,1,1,1]}},{"__type__":"cc.Node","_name":"huawin","_parent":{"__id__":16},"_components":[{"__type__":"cc.Label","node":{"__id__":20},"_materials":[{"__uuid__":"ecpdLyjvZBwrvm+cedCcQy"}],"_fontSize":20,"_lineHeight":20,"_N$file":{"__uuid__":"5f5wQekV1CGpJW2meZozWn"},"_isSystemFontUsed":false,"_N$horizontalAlign":1,"_N$verticalAlign":1}],"_prefab":{"__type__":"cc.PrefabInfo","root":{"__id__":1},"asset":{"__uuid__":"87hnYg0KhHGZpXZsVAMnnO"},"fileId":"afGHUZjDtLprr86cv0Sthe"},"_color":{"__type__":"cc.Color","r":241,"g":9,"b":9},"_contentSize":{"__type__":"cc.Size","height":25.2},"_anchorPoint":{"__type__":"cc.Vec2","y":0.5},"_trs":{"__type__":"TypedArray","ctor":"Float64Array","array":[343.2,137,0,0,0,0,1,1,1,1]}},{"__type__":"cc.Node","_name":"zongtaishu","_parent":{"__id__":16},"_components":[{"__type__":"cc.Label","node":{"__id__":21},"_materials":[{"__uuid__":"ecpdLyjvZBwrvm+cedCcQy"}],"_fontSize":20,"_lineHeight":20,"_N$file":{"__uuid__":"5f5wQekV1CGpJW2meZozWn"},"_isSystemFontUsed":false,"_N$horizontalAlign":1,"_N$verticalAlign":1}],"_prefab":{"__type__":"cc.PrefabInfo","root":{"__id__":1},"asset":{"__uuid__":"87hnYg0KhHGZpXZsVAMnnO"},"fileId":"48kp+4g0FJCr2ZXkDWKPDQ"},"_color":{"__type__":"cc.Color","r":241,"g":9,"b":9},"_contentSize":{"__type__":"cc.Size","height":25.2},"_anchorPoint":{"__type__":"cc.Vec2","y":0.5},"_trs":{"__type__":"TypedArray","ctor":"Float64Array","array":[199.5,137,0,0,0,0,1,1,1,1]}},{"__type__":"cc.Node","_name":"hutype","_parent":{"__id__":16},"_components":[{"__type__":"cc.Label","node":{"__id__":22},"_materials":[{"__uuid__":"ecpdLyjvZBwrvm+cedCcQy"}],"_string":"点泡","_N$string":"点泡","_fontSize":1,"_lineHeight":1,"_N$file":{"__uuid__":"47KZ1/eO5Pr5LI3pvekYmJ"},"_isSystemFontUsed":false}],"_prefab":{"__type__":"cc.PrefabInfo","root":{"__id__":1},"asset":{"__uuid__":"87hnYg0KhHGZpXZsVAMnnO"},"fileId":"7f892OzhBFOhIA/CyQLrS5F"},"_contentSize":{"__type__":"cc.Size","width":94,"height":1},"_trs":{"__type__":"TypedArray","ctor":"Float64Array","array":[123,114,0,0,0,0,1,1,1,1]}},{"__type__":"cc.Node","_name":"label_lists","_parent":{"__id__":16},"_children":[{"__id__":24},{"__id__":25},{"__id__":26},{"__id__":27},{"__id__":28},{"__id__":29},{"__id__":30},{"__id__":31}],"_components":[{"__type__":"cc.Layout","node":{"__id__":23},"_layoutSize":{"__type__":"cc.Size","width":661.84,"height":30},"_resize":1,"_N$layoutType":1,"_N$spacingX":10}],"_prefab":{"__type__":"cc.PrefabInfo","root":{"__id__":1},"asset":{"__uuid__":"87hnYg0KhHGZpXZsVAMnnO"},"fileId":"04a21bBcnlDbY/SvK3CCKvN"},"_contentSize":{"__type__":"cc.Size","width":661.84,"height":30},"_anchorPoint":{"__type__":"cc.Vec2","y":0.5},"_trs":{"__type__":"TypedArray","ctor":"Float64Array","array":[-466,137,0,0,0,0,1,1,1,1]}},{"__type__":"cc.Node","_name":"label_1","_parent":{"__id__":23},"_components":[{"__type__":"cc.Label","node":{"__id__":24},"_materials":[{"__uuid__":"ecpdLyjvZBwrvm+cedCcQy"}],"_useOriginalSize":false,"_string":"明杠: +0","_N$string":"明杠: +0","_fontSize":20,"_lineHeight":20,"_N$file":{"__uuid__":"5f5wQekV1CGpJW2meZozWn"},"_isSystemFontUsed":false,"_N$verticalAlign":1}],"_prefab":{"__type__":"cc.PrefabInfo","root":{"__id__":1},"asset":{"__uuid__":"87hnYg0KhHGZpXZsVAMnnO"},"fileId":"2f89fgjIjFAI50I9PdScy9V"},"_color":{"__type__":"cc.Color","r":241,"g":9,"b":9},"_contentSize":{"__type__":"cc.Size","width":73.98,"height":25.2},"_anchorPoint":{"__type__":"cc.Vec2","y":0.5},"_trs":{"__type__":"TypedArray","ctor":"Float64Array","array":[0,0,0,0,0,0,1,1,1,1]}},{"__type__":"cc.Node","_name":"label_2","_parent":{"__id__":23},"_components":[{"__type__":"cc.Label","node":{"__id__":25},"_materials":[{"__uuid__":"ecpdLyjvZBwrvm+cedCcQy"}],"_useOriginalSize":false,"_string":"明杠: +0","_N$string":"明杠: +0","_fontSize":20,"_lineHeight":20,"_N$file":{"__uuid__":"5f5wQekV1CGpJW2meZozWn"},"_isSystemFontUsed":false,"_N$verticalAlign":1}],"_prefab":{"__type__":"cc.PrefabInfo","root":{"__id__":1},"asset":{"__uuid__":"87hnYg0KhHGZpXZsVAMnnO"},"fileId":"cfb453qfC5OloFd6pMwxKU4"},"_color":{"__type__":"cc.Color","r":241,"g":9,"b":9},"_contentSize":{"__type__":"cc.Size","width":73.98,"height":25.2},"_anchorPoint":{"__type__":"cc.Vec2","y":0.5},"_trs":{"__type__":"TypedArray","ctor":"Float64Array","array":[83.98,0,0,0,0,0,1,1,1,1]}},{"__type__":"cc.Node","_name":"label_3","_parent":{"__id__":23},"_components":[{"__type__":"cc.Label","node":{"__id__":26},"_materials":[{"__uuid__":"ecpdLyjvZBwrvm+cedCcQy"}],"_useOriginalSize":false,"_string":"明杠: +0","_N$string":"明杠: +0","_fontSize":20,"_lineHeight":20,"_N$file":{"__uuid__":"5f5wQekV1CGpJW2meZozWn"},"_isSystemFontUsed":false,"_N$verticalAlign":1}],"_prefab":{"__type__":"cc.PrefabInfo","root":{"__id__":1},"asset":{"__uuid__":"87hnYg0KhHGZpXZsVAMnnO"},"fileId":"b9952JUcFVHuJY/+LgF5np5"},"_color":{"__type__":"cc.Color","r":241,"g":9,"b":9},"_contentSize":{"__type__":"cc.Size","width":73.98,"height":25.2},"_anchorPoint":{"__type__":"cc.Vec2","y":0.5},"_trs":{"__type__":"TypedArray","ctor":"Float64Array","array":[167.96,0,0,0,0,0,1,1,1,1]}},{"__type__":"cc.Node","_name":"label_4","_parent":{"__id__":23},"_components":[{"__type__":"cc.Label","node":{"__id__":27},"_materials":[{"__uuid__":"ecpdLyjvZBwrvm+cedCcQy"}],"_useOriginalSize":false,"_string":"明杠: +0","_N$string":"明杠: +0","_fontSize":20,"_lineHeight":20,"_N$file":{"__uuid__":"5f5wQekV1CGpJW2meZozWn"},"_isSystemFontUsed":false,"_N$verticalAlign":1}],"_prefab":{"__type__":"cc.PrefabInfo","root":{"__id__":1},"asset":{"__uuid__":"87hnYg0KhHGZpXZsVAMnnO"},"fileId":"15732WRzRpEKLUN4rGjQO+d"},"_color":{"__type__":"cc.Color","r":241,"g":9,"b":9},"_contentSize":{"__type__":"cc.Size","width":73.98,"height":25.2},"_anchorPoint":{"__type__":"cc.Vec2","y":0.5},"_trs":{"__type__":"TypedArray","ctor":"Float64Array","array":[251.94,0,0,0,0,0,1,1,1,1]}},{"__type__":"cc.Node","_name":"label_5","_parent":{"__id__":23},"_components":[{"__type__":"cc.Label","node":{"__id__":28},"_materials":[{"__uuid__":"ecpdLyjvZBwrvm+cedCcQy"}],"_useOriginalSize":false,"_string":"明杠: +0","_N$string":"明杠: +0","_fontSize":20,"_lineHeight":20,"_N$file":{"__uuid__":"5f5wQekV1CGpJW2meZozWn"},"_isSystemFontUsed":false,"_N$verticalAlign":1}],"_prefab":{"__type__":"cc.PrefabInfo","root":{"__id__":1},"asset":{"__uuid__":"87hnYg0KhHGZpXZsVAMnnO"},"fileId":"5cf464w50FJcqPO8qv1e4sr"},"_color":{"__type__":"cc.Color","r":241,"g":9,"b":9},"_contentSize":{"__type__":"cc.Size","width":73.98,"height":25.2},"_anchorPoint":{"__type__":"cc.Vec2","y":0.5},"_trs":{"__type__":"TypedArray","ctor":"Float64Array","array":[335.92,0,0,0,0,0,1,1,1,1]}},{"__type__":"cc.Node","_name":"label_6","_parent":{"__id__":23},"_components":[{"__type__":"cc.Label","node":{"__id__":29},"_materials":[{"__uuid__":"ecpdLyjvZBwrvm+cedCcQy"}],"_useOriginalSize":false,"_string":"明杠: +0","_N$string":"明杠: +0","_fontSize":20,"_lineHeight":20,"_N$file":{"__uuid__":"5f5wQekV1CGpJW2meZozWn"},"_isSystemFontUsed":false,"_N$verticalAlign":1}],"_prefab":{"__type__":"cc.PrefabInfo","root":{"__id__":1},"asset":{"__uuid__":"87hnYg0KhHGZpXZsVAMnnO"},"fileId":"8926aBQnqFOBJcMos5RUd7i"},"_color":{"__type__":"cc.Color","r":241,"g":9,"b":9},"_contentSize":{"__type__":"cc.Size","width":73.98,"height":25.2},"_anchorPoint":{"__type__":"cc.Vec2","y":0.5},"_trs":{"__type__":"TypedArray","ctor":"Float64Array","array":[419.90000000000003,0,0,0,0,0,1,1,1,1]}},{"__type__":"cc.Node","_name":"label_7","_parent":{"__id__":23},"_components":[{"__type__":"cc.Label","node":{"__id__":30},"_materials":[{"__uuid__":"ecpdLyjvZBwrvm+cedCcQy"}],"_useOriginalSize":false,"_string":"明杠: +0","_N$string":"明杠: +0","_fontSize":20,"_lineHeight":20,"_N$file":{"__uuid__":"5f5wQekV1CGpJW2meZozWn"},"_isSystemFontUsed":false,"_N$verticalAlign":1}],"_prefab":{"__type__":"cc.PrefabInfo","root":{"__id__":1},"asset":{"__uuid__":"87hnYg0KhHGZpXZsVAMnnO"},"fileId":"dc80dH2K/pLq6PNKQFmUbi7"},"_color":{"__type__":"cc.Color","r":241,"g":9,"b":9},"_contentSize":{"__type__":"cc.Size","width":73.98,"height":25.2},"_anchorPoint":{"__type__":"cc.Vec2","y":0.5},"_trs":{"__type__":"TypedArray","ctor":"Float64Array","array":[503.88000000000005,0,0,0,0,0,1,1,1,1]}},{"__type__":"cc.Node","_name":"label_8","_parent":{"__id__":23},"_components":[{"__type__":"cc.Label","node":{"__id__":31},"_materials":[{"__uuid__":"ecpdLyjvZBwrvm+cedCcQy"}],"_useOriginalSize":false,"_string":"明杠: +0","_N$string":"明杠: +0","_fontSize":20,"_lineHeight":20,"_N$file":{"__uuid__":"5f5wQekV1CGpJW2meZozWn"},"_isSystemFontUsed":false,"_N$verticalAlign":1}],"_prefab":{"__type__":"cc.PrefabInfo","root":{"__id__":1},"asset":{"__uuid__":"87hnYg0KhHGZpXZsVAMnnO"},"fileId":"0118aQKNGZG9pzPgN+Ceb5j"},"_color":{"__type__":"cc.Color","r":241,"g":9,"b":9},"_contentSize":{"__type__":"cc.Size","width":73.98,"height":25.2},"_anchorPoint":{"__type__":"cc.Vec2","y":0.5},"_trs":{"__type__":"TypedArray","ctor":"Float64Array","array":[587.86,0,0,0,0,0,1,1,1,1]}},{"__type__":"cc.Node","_name":"record","_parent":{"__id__":1},"_children":[{"__id__":33},{"__id__":34}],"_prefab":{"__type__":"cc.PrefabInfo","root":{"__id__":1},"asset":{"__uuid__":"87hnYg0KhHGZpXZsVAMnnO"},"fileId":"207acW3Zy9LXLJaDvHLDezQ"},"_trs":{"__type__":"TypedArray","ctor":"Float64Array","array":[-103,-153,0,0,0,0,1,1,1,1]}},{"__type__":"cc.Node","_name":"lb_record_win","_parent":{"__id__":32},"_components":[{"__type__":"cc.Label","node":{"__id__":33},"_materials":[{"__uuid__":"ecpdLyjvZBwrvm+cedCcQy"}],"_useOriginalSize":false,"_string":"+100","_N$string":"+100","_fontSize":32,"_N$file":{"__uuid__":"72IVOMk1hKZ49cj8VmMTmu"},"_isSystemFontUsed":false,"_N$overflow":2}],"_prefab":{"__type__":"cc.PrefabInfo","root":{"__id__":1},"asset":{"__uuid__":"87hnYg0KhHGZpXZsVAMnnO"},"fileId":"8ce0czyrZFDnLnYVvPjbJ5d"},"_contentSize":{"__type__":"cc.Size","width":220,"height":40},"_anchorPoint":{"__type__":"cc.Vec2","y":0.5},"_trs":{"__type__":"TypedArray","ctor":"Float64Array","array":[432.3,95,0,0,0,0,1,1,1,1]}},{"__type__":"cc.Node","_name":"lb_record_lost","_parent":{"__id__":32},"_components":[{"__type__":"cc.Label","node":{"__id__":34},"_materials":[{"__uuid__":"ecpdLyjvZBwrvm+cedCcQy"}],"_useOriginalSize":false,"_string":"-100","_N$string":"-100","_fontSize":35,"_N$file":{"__uuid__":"59kzsyiIFGS5Deoo4o1bsG"},"_isSystemFontUsed":false,"_N$verticalAlign":1,"_N$overflow":2}],"_prefab":{"__type__":"cc.PrefabInfo","root":{"__id__":1},"asset":{"__uuid__":"87hnYg0KhHGZpXZsVAMnnO"},"fileId":"895b8eN5HJDS5k8ogC1Wlaq"},"_contentSize":{"__type__":"cc.Size","width":220,"height":40},"_anchorPoint":{"__type__":"cc.Vec2","y":0.5},"_trs":{"__type__":"TypedArray","ctor":"Float64Array","array":[432.3,95,0,0,0,0,1,1,1,1]}},{"__type__":"cc.Node","_name":"huacardscrollView","_parent":{"__id__":1},"_children":[{"__id__":36},{"__id__":39}],"_components":[{"__type__":"cc.ScrollView","node":{"__id__":35},"vertical":false,"brake":0.75,"bounceDuration":0.23,"_N$content":{"__id__":40},"content":{"__id__":40}}],"_prefab":{"__type__":"cc.PrefabInfo","root":{"__id__":1},"asset":{"__uuid__":"87hnYg0KhHGZpXZsVAMnnO"},"fileId":"6742fhpNdxNgqhHPBCv4VF0"},"_contentSize":{"__type__":"cc.Size","width":330,"height":200},"_trs":{"__type__":"TypedArray","ctor":"Float64Array","array":[536.2,-53,0,0,0,0,1,0.5,0.5,1]}},{"__type__":"cc.Node","_name":"scrollBar","_parent":{"__id__":35},"_children":[{"__id__":37}],"_active":false,"_components":[{"__type__":"cc.Scrollbar","node":{"__id__":36},"_N$handle":{"__id__":38},"_N$direction":1},{"__type__":"cc.Widget","node":{"__id__":36},"alignMode":0,"_alignFlags":37,"_left":350.07654921020657,"_right":-3,"_top":6.200000000000003,"_bottom":13.799999999999997,"_originalHeight":237},{"__type__":"cc.Sprite","node":{"__id__":36},"_spriteFrame":{"__uuid__":"5f5dyqtRNNxaFmVzYns6FZ"},"_type":1,"_sizeMode":0}],"_prefab":{"__type__":"cc.PrefabInfo","root":{"__id__":1},"asset":{"__uuid__":"87hnYg0KhHGZpXZsVAMnnO"},"fileId":"3cuddjtMlNIpFJTcZI6kQM"},"_contentSize":{"__type__":"cc.Size","width":12,"height":180},"_anchorPoint":{"__type__":"cc.Vec2","x":1,"y":0.5},"_trs":{"__type__":"TypedArray","ctor":"Float64Array","array":[153,3.799999999999997,0,0,0,0,1,1,1,1]}},{"__type__":"cc.Node","_name":"bar","_parent":{"__id__":36},"_components":[{"__id__":38}],"_prefab":{"__type__":"cc.PrefabInfo","root":{"__id__":1},"asset":{"__uuid__":"87hnYg0KhHGZpXZsVAMnnO"},"fileId":"2elW8iRatEkJrXJN1CXWg8"},"_contentSize":{"__type__":"cc.Size","width":10,"height":30},"_anchorPoint":{"__type__":"cc.Vec2","x":1},"_trs":{"__type__":"TypedArray","ctor":"Float64Array","array":[-1,0,0,0,0,0,1,1,1,1]}},{"__type__":"cc.Sprite","node":{"__id__":37},"_spriteFrame":{"__uuid__":"5cO7kybDxGj4ipyMYdRYZB"},"_type":1,"_sizeMode":0},{"__type__":"cc.Node","_name":"view","_parent":{"__id__":35},"_children":[{"__id__":40}],"_components":[{"__type__":"cc.Mask","node":{"__id__":39},"_materials":[{"__uuid__":"ecpdLyjvZBwrvm+cedCcQy"}]}],"_prefab":{"__type__":"cc.PrefabInfo","root":{"__id__":1},"asset":{"__uuid__":"87hnYg0KhHGZpXZsVAMnnO"},"fileId":"d7PcBpkBpELZceYRNRzM1m"},"_contentSize":{"__type__":"cc.Size","width":330,"height":200},"_trs":{"__type__":"TypedArray","ctor":"Float64Array","array":[0,0,0,0,0,0,1,1,1,1]}},{"__type__":"cc.Node","_name":"huacard","_parent":{"__id__":39},"_children":[{"__id__":41},{"__id__":42},{"__id__":43},{"__id__":44},{"__id__":45},{"__id__":46},{"__id__":47},{"__id__":48},{"__id__":49},{"__id__":50},{"__id__":51},{"__id__":52},{"__id__":53},{"__id__":54},{"__id__":55},{"__id__":56},{"__id__":57},{"__id__":58},{"__id__":59},{"__id__":60}],"_components":[{"__type__":"cc.Layout","node":{"__id__":40},"_layoutSize":{"__type__":"cc.Size","width":1587,"height":200},"_resize":1,"_N$layoutType":1,"_N$paddingLeft":20,"_N$spacingX":33},{"__type__":"8f5c1NoKYlJOIy+Kxk7+L8e","node":{"__id__":40}}],"_prefab":{"__type__":"cc.PrefabInfo","root":{"__id__":1},"asset":{"__uuid__":"87hnYg0KhHGZpXZsVAMnnO"},"fileId":"04hC4FWx5Hq4jFfQJJBM6J"},"_contentSize":{"__type__":"cc.Size","width":1587,"height":200},"_anchorPoint":{"__type__":"cc.Vec2","y":0.5},"_trs":{"__type__":"TypedArray","ctor":"Float64Array","array":[-165,0,0,0,0,0,1,1,1,1]}},{"__type__":"cc.Node","_name":"card01","_parent":{"__id__":40},"_components":[{"__type__":"cc.Sprite","node":{"__id__":41},"_materials":[{"__uuid__":"ecpdLyjvZBwrvm+cedCcQy"}],"_spriteFrame":{"__uuid__":"40zOexKUBCyq5rxbs5ANC4"}}],"_prefab":{"__type__":"cc.PrefabInfo","root":{"__id__":1},"asset":{"__uuid__":"87hnYg0KhHGZpXZsVAMnnO"},"fileId":"bf/lqCUqNJG4YQE/2flP4z"},"_contentSize":{"__type__":"cc.Size","width":47,"height":76},"_trs":{"__type__":"TypedArray","ctor":"Float64Array","array":[43.5,-31,0,0,0,0,1,1.7,1.7,1]}},{"__type__":"cc.Node","_name":"card02","_parent":{"__id__":40},"_components":[{"__type__":"cc.Sprite","node":{"__id__":42},"_materials":[{"__uuid__":"ecpdLyjvZBwrvm+cedCcQy"}],"_spriteFrame":{"__uuid__":"40zOexKUBCyq5rxbs5ANC4"}}],"_prefab":{"__type__":"cc.PrefabInfo","root":{"__id__":1},"asset":{"__uuid__":"87hnYg0KhHGZpXZsVAMnnO"},"fileId":"baWryO8rNAUa/xHUAKRqTL"},"_contentSize":{"__type__":"cc.Size","width":47,"height":76},"_trs":{"__type__":"TypedArray","ctor":"Float64Array","array":[123.5,-31,0,0,0,0,1,1.7,1.7,1]}},{"__type__":"cc.Node","_name":"card03","_parent":{"__id__":40},"_components":[{"__type__":"cc.Sprite","node":{"__id__":43},"_materials":[{"__uuid__":"ecpdLyjvZBwrvm+cedCcQy"}],"_spriteFrame":{"__uuid__":"40zOexKUBCyq5rxbs5ANC4"}}],"_prefab":{"__type__":"cc.PrefabInfo","root":{"__id__":1},"asset":{"__uuid__":"87hnYg0KhHGZpXZsVAMnnO"},"fileId":"35aOR60NRD7L16/frFTee+"},"_contentSize":{"__type__":"cc.Size","width":47,"height":76},"_trs":{"__type__":"TypedArray","ctor":"Float64Array","array":[203.5,-31,0,0,0,0,1,1.7,1.7,1]}},{"__type__":"cc.Node","_name":"card04","_parent":{"__id__":40},"_components":[{"__type__":"cc.Sprite","node":{"__id__":44}}],"_prefab":{"__type__":"cc.PrefabInfo","root":{"__id__":1},"asset":{"__uuid__":"87hnYg0KhHGZpXZsVAMnnO"},"fileId":"67kQYe6cpFmYtOeCjBzlki"},"_contentSize":{"__type__":"cc.Size","width":47,"height":76},"_trs":{"__type__":"TypedArray","ctor":"Float64Array","array":[283.5,-31,0,0,0,0,1,1.7,1.7,1]}},{"__type__":"cc.Node","_name":"card05","_parent":{"__id__":40},"_components":[{"__type__":"cc.Sprite","node":{"__id__":45}}],"_prefab":{"__type__":"cc.PrefabInfo","root":{"__id__":1},"asset":{"__uuid__":"87hnYg0KhHGZpXZsVAMnnO"},"fileId":"b63uq7625BwKpDj6+MDhE2"},"_contentSize":{"__type__":"cc.Size","width":47,"height":76},"_trs":{"__type__":"TypedArray","ctor":"Float64Array","array":[363.5,-31,0,0,0,0,1,1.7,1.7,1]}},{"__type__":"cc.Node","_name":"card06","_parent":{"__id__":40},"_components":[{"__type__":"cc.Sprite","node":{"__id__":46}}],"_prefab":{"__type__":"cc.PrefabInfo","root":{"__id__":1},"asset":{"__uuid__":"87hnYg0KhHGZpXZsVAMnnO"},"fileId":"d4AEHAhXFDyJWLNx4efASK"},"_contentSize":{"__type__":"cc.Size","width":47,"height":76},"_trs":{"__type__":"TypedArray","ctor":"Float64Array","array":[443.5,-31,0,0,0,0,1,1.7,1.7,1]}},{"__type__":"cc.Node","_name":"card07","_parent":{"__id__":40},"_components":[{"__type__":"cc.Sprite","node":{"__id__":47}}],"_prefab":{"__type__":"cc.PrefabInfo","root":{"__id__":1},"asset":{"__uuid__":"87hnYg0KhHGZpXZsVAMnnO"},"fileId":"00oJxUwMNDt5b1dyXR9Wa8"},"_contentSize":{"__type__":"cc.Size","width":47,"height":76},"_trs":{"__type__":"TypedArray","ctor":"Float64Array","array":[523.5,-31,0,0,0,0,1,1.7,1.7,1]}},{"__type__":"cc.Node","_name":"card08","_parent":{"__id__":40},"_components":[{"__type__":"cc.Sprite","node":{"__id__":48}}],"_prefab":{"__type__":"cc.PrefabInfo","root":{"__id__":1},"asset":{"__uuid__":"87hnYg0KhHGZpXZsVAMnnO"},"fileId":"003Mkt9l1JMrKxCAWDYCCh"},"_contentSize":{"__type__":"cc.Size","width":47,"height":76},"_trs":{"__type__":"TypedArray","ctor":"Float64Array","array":[603.5,-31,0,0,0,0,1,1.7,1.7,1]}},{"__type__":"cc.Node","_name":"card09","_parent":{"__id__":40},"_components":[{"__type__":"cc.Sprite","node":{"__id__":49}}],"_prefab":{"__type__":"cc.PrefabInfo","root":{"__id__":1},"asset":{"__uuid__":"87hnYg0KhHGZpXZsVAMnnO"},"fileId":"f6vWy3VzRLI73MGcsC1vWO"},"_contentSize":{"__type__":"cc.Size","width":47,"height":76},"_trs":{"__type__":"TypedArray","ctor":"Float64Array","array":[683.5,-31,0,0,0,0,1,1.7,1.7,1]}},{"__type__":"cc.Node","_name":"card10","_parent":{"__id__":40},"_components":[{"__type__":"cc.Sprite","node":{"__id__":50}}],"_prefab":{"__type__":"cc.PrefabInfo","root":{"__id__":1},"asset":{"__uuid__":"87hnYg0KhHGZpXZsVAMnnO"},"fileId":"be86GnPQhKsKHaX/wWhxJ+"},"_contentSize":{"__type__":"cc.Size","width":47,"height":76},"_trs":{"__type__":"TypedArray","ctor":"Float64Array","array":[763.5,-31,0,0,0,0,1,1.7,1.7,1]}},{"__type__":"cc.Node","_name":"card11","_parent":{"__id__":40},"_components":[{"__type__":"cc.Sprite","node":{"__id__":51}}],"_prefab":{"__type__":"cc.PrefabInfo","root":{"__id__":1},"asset":{"__uuid__":"87hnYg0KhHGZpXZsVAMnnO"},"fileId":"5faSeQZddP1pUtZ/lgGgGx"},"_contentSize":{"__type__":"cc.Size","width":47,"height":76},"_trs":{"__type__":"TypedArray","ctor":"Float64Array","array":[843.5,-31,0,0,0,0,1,1.7,1.7,1]}},{"__type__":"cc.Node","_name":"card12","_parent":{"__id__":40},"_components":[{"__type__":"cc.Sprite","node":{"__id__":52}}],"_prefab":{"__type__":"cc.PrefabInfo","root":{"__id__":1},"asset":{"__uuid__":"87hnYg0KhHGZpXZsVAMnnO"},"fileId":"f3XBKYggtMM7tTzMvZLrXE"},"_contentSize":{"__type__":"cc.Size","width":47,"height":76},"_trs":{"__type__":"TypedArray","ctor":"Float64Array","array":[923.5,-31,0,0,0,0,1,1.7,1.7,1]}},{"__type__":"cc.Node","_name":"card13","_parent":{"__id__":40},"_components":[{"__type__":"cc.Sprite","node":{"__id__":53}}],"_prefab":{"__type__":"cc.PrefabInfo","root":{"__id__":1},"asset":{"__uuid__":"87hnYg0KhHGZpXZsVAMnnO"},"fileId":"aen1YRUOFKOJRBg/EGYQ6/"},"_contentSize":{"__type__":"cc.Size","width":47,"height":76},"_trs":{"__type__":"TypedArray","ctor":"Float64Array","array":[1003.5,-31,0,0,0,0,1,1.7,1.7,1]}},{"__type__":"cc.Node","_name":"card14","_parent":{"__id__":40},"_components":[{"__type__":"cc.Sprite","node":{"__id__":54},"_materials":[{"__uuid__":"ecpdLyjvZBwrvm+cedCcQy"}],"_spriteFrame":{"__uuid__":"40zOexKUBCyq5rxbs5ANC4"}}],"_prefab":{"__type__":"cc.PrefabInfo","root":{"__id__":1},"asset":{"__uuid__":"87hnYg0KhHGZpXZsVAMnnO"},"fileId":"ccO0JDu/BHB70CQiVxi3OI"},"_contentSize":{"__type__":"cc.Size","width":47,"height":76},"_trs":{"__type__":"TypedArray","ctor":"Float64Array","array":[1083.5,-31,0,0,0,0,1,1.7,1.7,1]}},{"__type__":"cc.Node","_name":"card15","_parent":{"__id__":40},"_components":[{"__type__":"cc.Sprite","node":{"__id__":55}}],"_prefab":{"__type__":"cc.PrefabInfo","root":{"__id__":1},"asset":{"__uuid__":"87hnYg0KhHGZpXZsVAMnnO"},"fileId":"874BJHWHRNiaaUxNK3nywt"},"_contentSize":{"__type__":"cc.Size","width":47,"height":76},"_trs":{"__type__":"TypedArray","ctor":"Float64Array","array":[1163.5,-31,0,0,0,0,1,1.7,1.7,1]}},{"__type__":"cc.Node","_name":"card16","_parent":{"__id__":40},"_components":[{"__type__":"cc.Sprite","node":{"__id__":56}}],"_prefab":{"__type__":"cc.PrefabInfo","root":{"__id__":1},"asset":{"__uuid__":"87hnYg0KhHGZpXZsVAMnnO"},"fileId":"fevO8iwahHqJ82YnXqHDn1"},"_contentSize":{"__type__":"cc.Size","width":47,"height":76},"_trs":{"__type__":"TypedArray","ctor":"Float64Array","array":[1243.5,-31,0,0,0,0,1,1.7,1.7,1]}},{"__type__":"cc.Node","_name":"card17","_parent":{"__id__":40},"_components":[{"__type__":"cc.Sprite","node":{"__id__":57}}],"_prefab":{"__type__":"cc.PrefabInfo","root":{"__id__":1},"asset":{"__uuid__":"87hnYg0KhHGZpXZsVAMnnO"},"fileId":"65WB2UISpJQbUhES8M0Ywb"},"_contentSize":{"__type__":"cc.Size","width":47,"height":76},"_trs":{"__type__":"TypedArray","ctor":"Float64Array","array":[1323.5,-31,0,0,0,0,1,1.7,1.7,1]}},{"__type__":"cc.Node","_name":"card18","_parent":{"__id__":40},"_components":[{"__type__":"cc.Sprite","node":{"__id__":58}}],"_prefab":{"__type__":"cc.PrefabInfo","root":{"__id__":1},"asset":{"__uuid__":"87hnYg0KhHGZpXZsVAMnnO"},"fileId":"98X8ogMKFA6IQ3pyjR1z3H"},"_contentSize":{"__type__":"cc.Size","width":47,"height":76},"_trs":{"__type__":"TypedArray","ctor":"Float64Array","array":[1403.5,-31,0,0,0,0,1,1.7,1.7,1]}},{"__type__":"cc.Node","_name":"card19","_parent":{"__id__":40},"_components":[{"__type__":"cc.Sprite","node":{"__id__":59}}],"_prefab":{"__type__":"cc.PrefabInfo","root":{"__id__":1},"asset":{"__uuid__":"87hnYg0KhHGZpXZsVAMnnO"},"fileId":"88vMSJYwFPLqLfwhdMoxl7"},"_contentSize":{"__type__":"cc.Size","width":47,"height":76},"_trs":{"__type__":"TypedArray","ctor":"Float64Array","array":[1483.5,-31,0,0,0,0,1,1.7,1.7,1]}},{"__type__":"cc.Node","_name":"card20","_parent":{"__id__":40},"_components":[{"__type__":"cc.Sprite","node":{"__id__":60}}],"_prefab":{"__type__":"cc.PrefabInfo","root":{"__id__":1},"asset":{"__uuid__":"87hnYg0KhHGZpXZsVAMnnO"},"fileId":"b4G9ShaBVCfbgcGm+Hg/P0"},"_contentSize":{"__type__":"cc.Size","width":47,"height":76},"_trs":{"__type__":"TypedArray","ctor":"Float64Array","array":[1563.5,-31,0,0,0,0,1,1.7,1.7,1]}},{"__type__":"cc.Node","_name":"huanum","_parent":{"__id__":1},"_components":[{"__type__":"cc.Label","node":{"__id__":61},"_materials":[{"__uuid__":"ecpdLyjvZBwrvm+cedCcQy"}],"_string":"8个","_N$string":"8个","_fontSize":20,"_lineHeight":20,"_N$file":{"__uuid__":"5f5wQekV1CGpJW2meZozWn"},"_isSystemFontUsed":false,"_N$horizontalAlign":1,"_N$verticalAlign":1}],"_prefab":{"__type__":"cc.PrefabInfo","root":{"__id__":1},"asset":{"__uuid__":"87hnYg0KhHGZpXZsVAMnnO"},"fileId":"91/x6p+D5HsraOEO5Wr0Ee"},"_color":{"__type__":"cc.Color","r":241,"g":9,"b":9},"_contentSize":{"__type__":"cc.Size","width":31.41,"height":25.2},"_trs":{"__type__":"TypedArray","ctor":"Float64Array","array":[595,-16,0,0,0,0,1,1,1,1]}}],{"__type__":"cc.SpriteFrame","content":{"name":"icon_z","texture":"b6pJSXjMlFabEhHZi0Cyop","rect":[0,0,38,39],"offset":[0,0],"originalSize":[38,39],"capInsets":[0,0,0,0]}},{"__type__":"cc.SpriteFrame","content":{"name":"morentouxiang","texture":"189664600","rect":[181,652,60,60],"offset":[0,0],"originalSize":[60,60],"capInsets":[0,0,0,0]}}]