[{"__type__":"cc.BitmapFont","_name":"lb_ph_zj","spriteFrame":{"__uuid__":"d29OqUEARFzJiy/w+33PL4"},"fontSize":1,"_fntConfig":{"commonHeight":28,"fontSize":1,"atlasName":"lb_ph_zj.png","fontDefDictionary":{"32":{"rect":{"x":0,"y":0,"width":0,"height":0},"xOffset":0,"yOffset":0,"xAdvance":22},"48":{"rect":{"x":0,"y":0,"width":22,"height":30},"xOffset":0,"yOffset":0,"xAdvance":22},"49":{"rect":{"x":0,"y":30,"width":22,"height":30},"xOffset":0,"yOffset":0,"xAdvance":22},"50":{"rect":{"x":22,"y":0,"width":22,"height":30},"xOffset":0,"yOffset":0,"xAdvance":22},"51":{"rect":{"x":22,"y":30,"width":22,"height":30},"xOffset":0,"yOffset":0,"xAdvance":22},"52":{"rect":{"x":44,"y":0,"width":22,"height":30},"xOffset":0,"yOffset":0,"xAdvance":22},"53":{"rect":{"x":44,"y":30,"width":22,"height":30},"xOffset":0,"yOffset":0,"xAdvance":22},"54":{"rect":{"x":66,"y":0,"width":22,"height":30},"xOffset":0,"yOffset":0,"xAdvance":22},"55":{"rect":{"x":66,"y":30,"width":22,"height":30},"xOffset":0,"yOffset":0,"xAdvance":22},"56":{"rect":{"x":88,"y":0,"width":22,"height":30},"xOffset":0,"yOffset":0,"xAdvance":22},"57":{"rect":{"x":88,"y":30,"width":22,"height":30},"xOffset":0,"yOffset":0,"xAdvance":22}},"kerningDict":{}}},{"__type__":"cc.SpriteFrame","content":{"name":"lb_ph_zj","texture":"c6IC+iSC1L7p5iU2a7/HBu","rect":[1,1,109,58],"offset":[-8.5,2],"originalSize":[128,64],"capInsets":[0,0,0,0]}}]