[{"__type__":"cc.SpriteFrame","content":{"name":"icon_ss","texture":"10SVgvORZHfoznEFdYxoIB","rect":[0,0,36,36],"offset":[0,0],"originalSize":[36,36],"capInsets":[0,0,0,0]}},{"__type__":"cc.SpriteFrame","content":{"name":"btn_short_org","texture":"49+r5mDyBNapD03aKSQGhl","rect":[0,0,223,80],"offset":[0,0],"originalSize":[223,80],"capInsets":[0,0,0,0]}},{"__type__":"cc.SpriteFrame","content":{"name":"btn_ss","texture":"2bTsGDbVREKr/3cUwPgIOr","rect":[0,0,132,54],"offset":[0,0],"originalSize":[132,54],"capInsets":[0,0,0,0]}},[{"__type__":"cc.Prefab","_name":"UIPromoterLevelAdd","data":{"__id__":1}},{"__type__":"cc.Node","_name":"UIPromoterLevelAdd","_children":[{"__id__":2},{"__id__":5},{"__id__":6},{"__id__":7},{"__id__":17},{"__id__":21},{"__id__":23}],"_components":[{"__type__":"cc.Widget","node":{"__id__":1},"alignMode":0,"_alignFlags":45,"_left":-100,"_right":-100,"_originalWidth":1750,"_originalHeight":1360},{"__type__":"cc.Button","node":{"__id__":1},"_N$normalColor":{"__type__":"cc.Color","r":214,"g":214,"b":214},"_N$target":{"__id__":1}},{"__type__":"cc.Sprite","node":{"__id__":1},"_materials":[{"__uuid__":"ecpdLyjvZBwrvm+cedCcQy"}],"_spriteFrame":{"__uuid__":"86Zf39gLpJiYJ0+npxhZ2d"},"_sizeMode":0},{"__type__":"35fe9KWarFME7/721BJcWKE","node":{"__id__":1},"ZorderLv":7,"editbox":{"__id__":16}}],"_prefab":{"__type__":"cc.PrefabInfo","root":{"__id__":1},"asset":{"__uuid__":"74rqC0/OFLgbIA/4/hTfGC"},"fileId":"18de4bN2mhPUI1RuvNsHRtM"},"_contentSize":{"__type__":"cc.Size","width":1560,"height":760},"_trs":{"__type__":"TypedArray","ctor":"Float64Array","array":[680,380,0,0,0,0,1,1,1,1]}},{"__type__":"cc.Node","_name":"bg_create","_parent":{"__id__":1},"_children":[{"__id__":3}],"_components":[{"__type__":"cc.Sprite","node":{"__id__":2},"_materials":[{"__uuid__":"ecpdLyjvZBwrvm+cedCcQy"}],"_spriteFrame":{"__uuid__":"daIEuKEYxHfpipf9z2Biu9"},"_sizeMode":0}],"_prefab":{"__type__":"cc.PrefabInfo","root":{"__id__":1},"asset":{"__uuid__":"74rqC0/OFLgbIA/4/hTfGC"},"fileId":"a7ee4Y/tihAS5KbHOCTpTo9"},"_contentSize":{"__type__":"cc.Size","width":900,"height":550},"_trs":{"__type__":"TypedArray","ctor":"Float64Array","array":[0,0,0,0,0,0,1,1,1,1]}},{"__type__":"cc.Node","_name":"title","_parent":{"__id__":2},"_children":[{"__id__":4}],"_components":[{"__type__":"cc.Sprite","node":{"__id__":3}}],"_prefab":{"__type__":"cc.PrefabInfo","root":{"__id__":1},"asset":{"__uuid__":"74rqC0/OFLgbIA/4/hTfGC"},"fileId":"b098a+cViZOtpmZs+QRwEkx"},"_contentSize":{"__type__":"cc.Size","width":473,"height":87},"_trs":{"__type__":"TypedArray","ctor":"Float64Array","array":[0,267,0,0,0,0,1,1,1,1]}},{"__type__":"cc.Node","_name":"New Sprite","_parent":{"__id__":3},"_components":[{"__type__":"cc.Sprite","node":{"__id__":4}}],"_prefab":{"__type__":"cc.PrefabInfo","root":{"__id__":1},"asset":{"__uuid__":"74rqC0/OFLgbIA/4/hTfGC"},"fileId":"1ab04iglx1D/amggot9AHaP"},"_contentSize":{"__type__":"cc.Size","width":249,"height":59},"_trs":{"__type__":"TypedArray","ctor":"Float64Array","array":[0,2,0,0,0,0,1,1,1,1]}},{"__type__":"cc.Node","_name":"btn_close","_parent":{"__id__":1},"_components":[{"__type__":"cc.Sprite","node":{"__id__":5},"_materials":[{"__uuid__":"ecpdLyjvZBwrvm+cedCcQy"}],"_spriteFrame":{"__uuid__":"d9ZhflMOxHW7JHl9dya866"}},{"__type__":"cc.Button","node":{"__id__":5},"clickEvents":[{"__type__":"cc.ClickEvent","target":{"__id__":1},"_componentId":"35fe9KWarFME7/721BJcWKE","handler":"OnClick_BtnWnd"}],"_N$normalColor":{"__type__":"cc.Color","r":214,"g":214,"b":214},"_N$target":{"__id__":5}}],"_prefab":{"__type__":"cc.PrefabInfo","root":{"__id__":1},"asset":{"__uuid__":"74rqC0/OFLgbIA/4/hTfGC"},"fileId":"ecf18d6qxNEFo2PV70gMhr8"},"_contentSize":{"__type__":"cc.Size","width":79,"height":80},"_trs":{"__type__":"TypedArray","ctor":"Float64Array","array":[438,263,0,0,0,0,1,1,1,1]}},{"__type__":"cc.Node","_name":"btn_search","_parent":{"__id__":1},"_components":[{"__type__":"cc.Sprite","node":{"__id__":6},"_materials":[{"__uuid__":"ecpdLyjvZBwrvm+cedCcQy"}],"_spriteFrame":{"__uuid__":"4fwp7c/UZONbc+zzlQmAZ8"}},{"__type__":"cc.Button","node":{"__id__":6},"clickEvents":[{"__type__":"cc.ClickEvent","target":{"__id__":1},"_componentId":"35fe9KWarFME7/721BJcWKE","handler":"OnClick_BtnWnd"}],"_N$transition":3,"transition":3,"_N$normalColor":{"__type__":"cc.Color","r":214,"g":214,"b":214},"_N$target":{"__id__":6}}],"_prefab":{"__type__":"cc.PrefabInfo","root":{"__id__":1},"asset":{"__uuid__":"74rqC0/OFLgbIA/4/hTfGC"},"fileId":"948edqHIuBCUI9vd56RbsA5"},"_contentSize":{"__type__":"cc.Size","width":132,"height":54},"_trs":{"__type__":"TypedArray","ctor":"Float64Array","array":[246,133,0,0,0,0,1,1,1,1]}},{"__type__":"cc.Node","_name":"input","_parent":{"__id__":1},"_children":[{"__id__":8},{"__id__":9}],"_components":[{"__type__":"cc.Sprite","node":{"__id__":7},"_materials":[{"__uuid__":"ecpdLyjvZBwrvm+cedCcQy"}],"_spriteFrame":{"__uuid__":"da7Ry9l65Lo61QtvbsocAs"}}],"_prefab":{"__type__":"cc.PrefabInfo","root":{"__id__":1},"asset":{"__uuid__":"74rqC0/OFLgbIA/4/hTfGC"},"fileId":"45496HcIxNIUbCWsdZyy1N1"},"_contentSize":{"__type__":"cc.Size","width":401,"height":54},"_trs":{"__type__":"TypedArray","ctor":"Float64Array","array":[-110,133,0,0,0,0,1,1,1,1]}},{"__type__":"cc.Node","_name":"tip","_parent":{"__id__":7},"_components":[{"__type__":"cc.Sprite","node":{"__id__":8},"_materials":[{"__uuid__":"ecpdLyjvZBwrvm+cedCcQy"}],"_spriteFrame":{"__uuid__":"05XrSjN95G+YhAsEWCAcpG"}}],"_prefab":{"__type__":"cc.PrefabInfo","root":{"__id__":1},"asset":{"__uuid__":"74rqC0/OFLgbIA/4/hTfGC"},"fileId":"7329bflB6JIta43YKZA7mx6"},"_contentSize":{"__type__":"cc.Size","width":36,"height":36},"_trs":{"__type__":"TypedArray","ctor":"Float64Array","array":[-165,0,0,0,0,0,1,1,1,1]}},{"__type__":"cc.Node","_name":"EditBox","_parent":{"__id__":7},"_children":[{"__id__":10},{"__id__":12},{"__id__":14}],"_components":[{"__id__":16}],"_prefab":{"__type__":"cc.PrefabInfo","root":{"__id__":1},"asset":{"__uuid__":"74rqC0/OFLgbIA/4/hTfGC"},"fileId":"0304eBvMWxBbZrZadUwhKm4"},"_contentSize":{"__type__":"cc.Size","width":250,"height":70},"_anchorPoint":{"__type__":"cc.Vec2","y":0.5},"_trs":{"__type__":"TypedArray","ctor":"Float64Array","array":[-132.8,0,0,0,0,0,1,1,1,1]}},{"__type__":"cc.Node","_name":"BACKGROUND_SPRITE","_parent":{"__id__":9},"_components":[{"__id__":11}],"_prefab":{"__type__":"cc.PrefabInfo","root":{"__id__":1},"asset":{"__uuid__":"74rqC0/OFLgbIA/4/hTfGC"},"fileId":"9fnehzE7JCla/AkbXt2igs"},"_contentSize":{"__type__":"cc.Size","width":250,"height":70},"_anchorPoint":{"__type__":"cc.Vec2","y":0.5},"_trs":{"__type__":"TypedArray","ctor":"Float64Array","array":[0,0,0,0,0,0,1,1,1,1]}},{"__type__":"cc.Sprite","node":{"__id__":10},"_type":1},{"__type__":"cc.Node","_name":"TEXT_LABEL","_parent":{"__id__":9},"_active":false,"_components":[{"__id__":13}],"_prefab":{"__type__":"cc.PrefabInfo","root":{"__id__":1},"asset":{"__uuid__":"74rqC0/OFLgbIA/4/hTfGC"},"fileId":"1d6uPmyE5CU77mXbUnYnQG"},"_color":{"__type__":"cc.Color","r":159,"g":130,"b":111},"_contentSize":{"__type__":"cc.Size","width":250,"height":70},"_anchorPoint":{"__type__":"cc.Vec2","y":1},"_trs":{"__type__":"TypedArray","ctor":"Float64Array","array":[2,36.474,0,0,0,0,1,1,1,1]}},{"__type__":"cc.Label","node":{"__id__":12},"_fontSize":27,"_lineHeight":27,"_enableWrapText":false,"_N$file":{"__uuid__":"5f5wQekV1CGpJW2meZozWn"},"_isSystemFontUsed":false,"_N$verticalAlign":1,"_N$overflow":1},{"__type__":"cc.Node","_name":"PLACEHOLDER_LABEL","_parent":{"__id__":9},"_components":[{"__id__":15}],"_prefab":{"__type__":"cc.PrefabInfo","root":{"__id__":1},"asset":{"__uuid__":"74rqC0/OFLgbIA/4/hTfGC"},"fileId":"d7lTs5kjJOuK6tURwP0uV9"},"_color":{"__type__":"cc.Color","r":159,"g":130,"b":111},"_contentSize":{"__type__":"cc.Size","width":186.36,"height":34.02},"_anchorPoint":{"__type__":"cc.Vec2","y":1},"_trs":{"__type__":"TypedArray","ctor":"Float64Array","array":[2,16.806,0,0,0,0,1,1,1,1]}},{"__type__":"cc.Label","node":{"__id__":14},"_materials":[{"__uuid__":"ecpdLyjvZBwrvm+cedCcQy"}],"_string":"请输入ID或备注","_N$string":"请输入ID或备注","_fontSize":27,"_lineHeight":27,"_enableWrapText":false,"_N$file":{"__uuid__":"5f5wQekV1CGpJW2meZozWn"},"_isSystemFontUsed":false,"_N$verticalAlign":1},{"__type__":"cc.EditBox","node":{"__id__":9},"_useOriginalSize":false,"_N$textLabel":{"__id__":13},"_N$placeholderLabel":{"__id__":15},"_N$background":{"__id__":11},"_N$inputMode":6},{"__type__":"cc.Node","_name":"user","_parent":{"__id__":1},"_children":[{"__id__":18},{"__id__":19},{"__id__":20}],"_prefab":{"__type__":"cc.PrefabInfo","root":{"__id__":1},"asset":{"__uuid__":"74rqC0/OFLgbIA/4/hTfGC"},"fileId":"abbaauNZOBAj5C9RqVajHd/"},"_trs":{"__type__":"TypedArray","ctor":"Float64Array","array":[-2,10,0,0,0,0,1,1,1,1]}},{"__type__":"cc.Node","_name":"name","_parent":{"__id__":17},"_components":[{"__type__":"cc.Label","node":{"__id__":18},"_materials":[{"__uuid__":"ecpdLyjvZBwrvm+cedCcQy"}],"_useOriginalSize":false,"_string":"玩家姓名七个字","_N$string":"玩家姓名七个字","_fontSize":28,"_lineHeight":28,"_N$file":{"__uuid__":"5f5wQekV1CGpJW2meZozWn"},"_isSystemFontUsed":false,"_N$horizontalAlign":1,"_N$verticalAlign":1}],"_prefab":{"__type__":"cc.PrefabInfo","root":{"__id__":1},"asset":{"__uuid__":"74rqC0/OFLgbIA/4/hTfGC"},"fileId":"90959kjrOxBt5elz2A9L8jk"},"_color":{"__type__":"cc.Color","r":138,"g":55},"_contentSize":{"__type__":"cc.Size","width":196,"height":35.28},"_trs":{"__type__":"TypedArray","ctor":"Float64Array","array":[-13,-67.4,0,0,0,0,1,1,1,1]}},{"__type__":"cc.Node","_name":"head","_parent":{"__id__":17},"_components":[{"__type__":"cc.Sprite","node":{"__id__":19},"_materials":[{"__uuid__":"ecpdLyjvZBwrvm+cedCcQy"}],"_spriteFrame":{"__uuid__":"e6JNuRrHVFM4KYnmai3HR+"},"_sizeMode":0},{"__type__":"f42b8ZzNWFKKI/QT/n8cR1+","node":{"__id__":19}}],"_prefab":{"__type__":"cc.PrefabInfo","root":{"__id__":1},"asset":{"__uuid__":"74rqC0/OFLgbIA/4/hTfGC"},"fileId":"cb6417B4vBF+KM/GG45fJIs"},"_contentSize":{"__type__":"cc.Size","width":80,"height":80},"_trs":{"__type__":"TypedArray","ctor":"Float64Array","array":[-12,10.2,0,0,0,0,1,1,1,1]}},{"__type__":"cc.Node","_name":"id","_parent":{"__id__":17},"_components":[{"__type__":"cc.Label","node":{"__id__":20},"_materials":[{"__uuid__":"ecpdLyjvZBwrvm+cedCcQy"}],"_useOriginalSize":false,"_string":"ID：71048888","_N$string":"ID：71048888","_fontSize":28,"_lineHeight":28,"_N$file":{"__uuid__":"5f5wQekV1CGpJW2meZozWn"},"_isSystemFontUsed":false,"_N$horizontalAlign":1,"_N$verticalAlign":1}],"_prefab":{"__type__":"cc.PrefabInfo","root":{"__id__":1},"asset":{"__uuid__":"74rqC0/OFLgbIA/4/hTfGC"},"fileId":"7dcbfvLWmdC9rl3NnbEW00v"},"_color":{"__type__":"cc.Color","r":138,"g":55},"_contentSize":{"__type__":"cc.Size","width":174.34,"height":35.28},"_trs":{"__type__":"TypedArray","ctor":"Float64Array","array":[-13.1,-112.6,0,0,0,0,1,1,1,1]}},{"__type__":"cc.Node","_name":"btn_hehuo_add","_parent":{"__id__":1},"_children":[{"__id__":22}],"_components":[{"__type__":"cc.Sprite","node":{"__id__":21},"_materials":[{"__uuid__":"ecpdLyjvZBwrvm+cedCcQy"}],"_spriteFrame":{"__uuid__":"29j7k0ZFtHwrNDogU8q1ZL"}},{"__type__":"cc.Button","node":{"__id__":21},"clickEvents":[{"__type__":"cc.ClickEvent","target":{"__id__":1},"_componentId":"35fe9KWarFME7/721BJcWKE","handler":"OnClick_BtnWnd"}],"_N$transition":3,"transition":3,"_N$normalColor":{"__type__":"cc.Color","r":214,"g":214,"b":214},"_N$target":{"__id__":21}}],"_prefab":{"__type__":"cc.PrefabInfo","root":{"__id__":1},"asset":{"__uuid__":"74rqC0/OFLgbIA/4/hTfGC"},"fileId":"c294cfWPbZKp7RCL+X5dIZQ"},"_contentSize":{"__type__":"cc.Size","width":223,"height":80},"_trs":{"__type__":"TypedArray","ctor":"Float64Array","array":[-14,-175,0,0,0,0,1,1,1,1]}},{"__type__":"cc.Node","_name":"label","_parent":{"__id__":21},"_components":[{"__type__":"cc.Label","node":{"__id__":22},"_materials":[{"__uuid__":"ecpdLyjvZBwrvm+cedCcQy"}],"_useOriginalSize":false,"_string":"添加合伙人","_N$string":"添加合伙人","_lineHeight":45,"_N$file":{"__uuid__":"5f5wQekV1CGpJW2meZozWn"},"_isSystemFontUsed":false,"_N$horizontalAlign":1,"_N$verticalAlign":1},{"__type__":"cc.LabelOutline","node":{"__id__":22},"_color":{"__type__":"cc.Color","r":103,"b":1},"_width":2}],"_prefab":{"__type__":"cc.PrefabInfo","root":{"__id__":1},"asset":{"__uuid__":"74rqC0/OFLgbIA/4/hTfGC"},"fileId":"30Sh13Ft5CNa8RcrSkxbh/"},"_contentSize":{"__type__":"cc.Size","width":204,"height":60.7},"_trs":{"__type__":"TypedArray","ctor":"Float64Array","array":[0,5,0,0,0,0,1,1,1,1]}},{"__type__":"cc.Node","_name":"btn_hehuo_yaoqing","_parent":{"__id__":1},"_children":[{"__id__":24}],"_components":[{"__type__":"cc.Sprite","node":{"__id__":23},"_materials":[{"__uuid__":"ecpdLyjvZBwrvm+cedCcQy"}],"_spriteFrame":{"__uuid__":"29j7k0ZFtHwrNDogU8q1ZL"}},{"__type__":"cc.Button","node":{"__id__":23},"clickEvents":[{"__type__":"cc.ClickEvent","target":{"__id__":1},"_componentId":"35fe9KWarFME7/721BJcWKE","handler":"OnClick_BtnWnd"}],"_N$transition":3,"transition":3,"_N$normalColor":{"__type__":"cc.Color","r":214,"g":214,"b":214},"_N$target":{"__id__":23}}],"_prefab":{"__type__":"cc.PrefabInfo","root":{"__id__":1},"asset":{"__uuid__":"74rqC0/OFLgbIA/4/hTfGC"},"fileId":"257e5lHmjBDCrp7OT9fL9UY"},"_contentSize":{"__type__":"cc.Size","width":223,"height":80},"_trs":{"__type__":"TypedArray","ctor":"Float64Array","array":[-14,-175,0,0,0,0,1,1,1,1]}},{"__type__":"cc.Node","_name":"label","_parent":{"__id__":23},"_components":[{"__type__":"cc.Label","node":{"__id__":24},"_materials":[{"__uuid__":"ecpdLyjvZBwrvm+cedCcQy"}],"_useOriginalSize":false,"_string":"添加推广员","_N$string":"添加推广员","_fontSize":34,"_lineHeight":45,"_N$file":{"__uuid__":"5f5wQekV1CGpJW2meZozWn"},"_isSystemFontUsed":false,"_N$horizontalAlign":1,"_N$verticalAlign":1},{"__type__":"cc.LabelOutline","node":{"__id__":24},"_color":{"__type__":"cc.Color","r":103,"b":1},"_width":2}],"_prefab":{"__type__":"cc.PrefabInfo","root":{"__id__":1},"asset":{"__uuid__":"74rqC0/OFLgbIA/4/hTfGC"},"fileId":"c7u+OyFttG9brklVoaNEZr"},"_contentSize":{"__type__":"cc.Size","width":174,"height":60.7},"_trs":{"__type__":"TypedArray","ctor":"Float64Array","array":[0,5,0,0,0,0,1,1,1,1]}}],{"__type__":"cc.SpriteFrame","content":{"name":"img_black_60","texture":"e5dLSpyq9NPZ8mPvfDyGXH","rect":[0,0,100,100],"offset":[0,0],"originalSize":[100,100],"capInsets":[0,0,0,0]}},{"__type__":"cc.SpriteFrame","content":{"name":"btn_close","texture":"adT+cX5aVEFrD91N8Yp4Db","rect":[0,0,79,80],"offset":[0,0],"originalSize":[79,80],"capInsets":[0,0,0,0]}},{"__type__":"cc.SpriteFrame","content":{"name":"bg_04","texture":"e2rlx0JSBLsbCfoEhS/OZj","rect":[0,0,699,478],"offset":[0,0],"originalSize":[699,478],"capInsets":[0,0,0,0]}},{"__type__":"cc.SpriteFrame","content":{"name":"bg_ss_input","texture":"ca/EeS3yFMBIeT2HPCRGmS","rect":[0,0,401,54],"offset":[0,0],"originalSize":[401,54],"capInsets":[93,14,85,14]}},{"__type__":"cc.SpriteFrame","content":{"name":"morentouxiang","texture":"189664600","rect":[181,652,60,60],"offset":[0,0],"originalSize":[60,60],"capInsets":[0,0,0,0]}}]