[{"__type__":"cc.SpriteFrame","content":{"name":"img_jsz","texture":"ed2W5596JC95lgKVViC7As","rect":[0,0,138,68],"offset":[0,0],"originalSize":[138,68],"capInsets":[0,0,0,0]}},[{"__type__":"cc.Prefab","_name":"fzjxmj_winlost_child","data":{"__id__":1}},{"__type__":"cc.Node","_name":"fzjxmj_winlost_child","_children":[{"__id__":2},{"__id__":10},{"__id__":22},{"__id__":44},{"__id__":61},{"__id__":66},{"__id__":68}],"_components":[{"__type__":"cc.Sprite","node":{"__id__":1},"_materials":[{"__uuid__":"ecpdLyjvZBwrvm+cedCcQy"}],"_spriteFrame":{"__uuid__":"4fi7aQRSpFn6b1ZZhTPwm7"},"_type":1,"_sizeMode":0},{"__type__":"f4818EB+XJGNItCHhfOvjeu","node":{"__id__":1}}],"_prefab":{"__type__":"cc.PrefabInfo","root":{"__id__":1},"asset":{"__uuid__":"22ydrbTs1I9ZAPIgSzWgD7"},"fileId":"2d501vd2VtPPoLtrYJ0glXk"},"_contentSize":{"__type__":"cc.Size","width":1230,"height":101},"_anchorPoint":{"__type__":"cc.Vec2","x":0.5,"y":1},"_trs":{"__type__":"TypedArray","ctor":"Float64Array","array":[0,0,0,0,0,0,1,1,1,1]}},{"__type__":"cc.Node","_name":"user_info","_parent":{"__id__":1},"_children":[{"__id__":3},{"__id__":4},{"__id__":5},{"__id__":6},{"__id__":7},{"__id__":8},{"__id__":9}],"_prefab":{"__type__":"cc.PrefabInfo","root":{"__id__":1},"asset":{"__uuid__":"22ydrbTs1I9ZAPIgSzWgD7"},"fileId":"e94692IG2pGl7iytgX4s9Cu"},"_trs":{"__type__":"TypedArray","ctor":"Float64Array","array":[-87,-148,0,0,0,0,1,1,1,1]}},{"__type__":"cc.Node","_name":"head_img","_parent":{"__id__":2},"_components":[{"__type__":"cc.Sprite","node":{"__id__":3},"_materials":[{"__uuid__":"ecpdLyjvZBwrvm+cedCcQy"}],"_spriteFrame":{"__uuid__":"e6JNuRrHVFM4KYnmai3HR+"},"_sizeMode":0,"_isTrimmedMode":false},{"__type__":"f42b8ZzNWFKKI/QT/n8cR1+","node":{"__id__":3}}],"_prefab":{"__type__":"cc.PrefabInfo","root":{"__id__":1},"asset":{"__uuid__":"22ydrbTs1I9ZAPIgSzWgD7"},"fileId":"90d2djPEktGnIbrhsg9kC2a"},"_contentSize":{"__type__":"cc.Size","width":60,"height":60},"_trs":{"__type__":"TypedArray","ctor":"Float64Array","array":[-491.3,83.4,0,0,0,0,1,1,1,1]}},{"__type__":"cc.Node","_name":"lable_name","_parent":{"__id__":2},"_components":[{"__type__":"cc.Label","node":{"__id__":4},"_materials":[{"__uuid__":"ecpdLyjvZBwrvm+cedCcQy"}],"_useOriginalSize":false,"_string":"丸子科丸丸","_N$string":"丸子科丸丸","_fontSize":20,"_lineHeight":20,"_N$file":{"__uuid__":"5f5wQekV1CGpJW2meZozWn"},"_isSystemFontUsed":false,"_N$verticalAlign":1,"_N$overflow":2}],"_prefab":{"__type__":"cc.PrefabInfo","root":{"__id__":1},"asset":{"__uuid__":"22ydrbTs1I9ZAPIgSzWgD7"},"fileId":"87552vUkI1Ebb/2sO3umA94"},"_color":{"__type__":"cc.Color","r":138,"g":55},"_contentSize":{"__type__":"cc.Size","width":100,"height":20},"_trs":{"__type__":"TypedArray","ctor":"Float64Array","array":[-470,132.6,0,0,0,0,1,1,1,1]}},{"__type__":"cc.Node","_name":"label_id","_parent":{"__id__":2},"_components":[{"__type__":"cc.Label","node":{"__id__":5},"_materials":[{"__uuid__":"ecpdLyjvZBwrvm+cedCcQy"}],"_useOriginalSize":false,"_string":"ID:142536","_N$string":"ID:142536","_fontSize":20,"_lineHeight":20,"_N$file":{"__uuid__":"5f5wQekV1CGpJW2meZozWn"},"_isSystemFontUsed":false,"_N$verticalAlign":1,"_N$overflow":2}],"_prefab":{"__type__":"cc.PrefabInfo","root":{"__id__":1},"asset":{"__uuid__":"22ydrbTs1I9ZAPIgSzWgD7"},"fileId":"de91dJDvLJE5JPcCUPkOQj7"},"_color":{"__type__":"cc.Color","r":205,"g":82,"b":1},"_contentSize":{"__type__":"cc.Size","width":100,"height":20},"_trs":{"__type__":"TypedArray","ctor":"Float64Array","array":[-360,132.1,0,0,0,0,1,1,1,1]}},{"__type__":"cc.Node","_name":"zhuangjia","_parent":{"__id__":2},"_components":[{"__type__":"cc.Sprite","node":{"__id__":6},"_materials":[{"__uuid__":"ecpdLyjvZBwrvm+cedCcQy"}],"_spriteFrame":{"__uuid__":"a0QEigSsBNXYudSEIwKRcD"}}],"_prefab":{"__type__":"cc.PrefabInfo","root":{"__id__":1},"asset":{"__uuid__":"22ydrbTs1I9ZAPIgSzWgD7"},"fileId":"09397s9KE5CDrJ4xsbNdOEU"},"_contentSize":{"__type__":"cc.Size","width":38,"height":39},"_trs":{"__type__":"TypedArray","ctor":"Float64Array","array":[-473.9,66.8,0,0,0,0,1,0.7,0.7,1]}},{"__type__":"cc.Node","_name":"baipai","_parent":{"__id__":2},"_active":false,"_components":[{"__type__":"cc.Sprite","node":{"__id__":7},"_materials":[{"__uuid__":"ecpdLyjvZBwrvm+cedCcQy"}],"_spriteFrame":{"__uuid__":"a6baLWwVZA7Iwj3hhDOVyX"}}],"_prefab":{"__type__":"cc.PrefabInfo","root":{"__id__":1},"asset":{"__uuid__":"22ydrbTs1I9ZAPIgSzWgD7"},"fileId":"c699qMlWdJUbNG4WhA2xHL"},"_contentSize":{"__type__":"cc.Size","width":77,"height":44},"_trs":{"__type__":"TypedArray","ctor":"Float64Array","array":[-510,110,0,0,0,0,1,0.5,0.5,1]}},{"__type__":"cc.Node","_name":"baoding","_parent":{"__id__":2},"_active":false,"_components":[{"__type__":"cc.Sprite","node":{"__id__":8},"_materials":[{"__uuid__":"ecpdLyjvZBwrvm+cedCcQy"}],"_spriteFrame":{"__uuid__":"dbee5EhIdPjaWLIySdSXKU"}}],"_prefab":{"__type__":"cc.PrefabInfo","root":{"__id__":1},"asset":{"__uuid__":"22ydrbTs1I9ZAPIgSzWgD7"},"fileId":"26IyCjHb1AR7vfMIZZXyWU"},"_contentSize":{"__type__":"cc.Size","width":80,"height":43},"_trs":{"__type__":"TypedArray","ctor":"Float64Array","array":[-510,110,0,0,0,0,1,0.5,0.5,1]}},{"__type__":"cc.Node","_name":"jiesanzhe","_parent":{"__id__":2},"_active":false,"_components":[{"__type__":"cc.Sprite","node":{"__id__":9},"_materials":[{"__uuid__":"ecpdLyjvZBwrvm+cedCcQy"}],"_spriteFrame":{"__uuid__":"13lfuHC/pJ+6pj3cJTDZ/O"}}],"_prefab":{"__type__":"cc.PrefabInfo","root":{"__id__":1},"asset":{"__uuid__":"22ydrbTs1I9ZAPIgSzWgD7"},"fileId":"f8ajaTQUtOZKu4vSfRBIwu"},"_contentSize":{"__type__":"cc.Size","width":138,"height":68},"_trs":{"__type__":"TypedArray","ctor":"Float64Array","array":[-490,90,0,0,0,0,1,0.5,0.5,1]}},{"__type__":"cc.Node","_name":"showcard","_parent":{"__id__":1},"_children":[{"__id__":11},{"__id__":16},{"__id__":21}],"_components":[{"__type__":"cc.Layout","node":{"__id__":10},"_layoutSize":{"__type__":"cc.Size","width":1455,"height":120},"_N$layoutType":1,"_N$spacingX":33,"_N$horizontalDirection":1},{"__type__":"d652dOSWmZOH4LQ2s4QX+6Z","node":{"__id__":10},"sp_in":{"__id__":11}}],"_prefab":{"__type__":"cc.PrefabInfo","root":{"__id__":1},"asset":{"__uuid__":"22ydrbTs1I9ZAPIgSzWgD7"},"fileId":"483c4fRBw5DV5nOtaGd9lBe"},"_contentSize":{"__type__":"cc.Size","width":1455,"height":120},"_anchorPoint":{"__type__":"cc.Vec2","x":1,"y":0.5},"_trs":{"__type__":"TypedArray","ctor":"Float64Array","array":[58,-63,0,0,0,0,1,0.5,0.5,1]}},{"__type__":"cc.Node","_name":"sp_in","_parent":{"__id__":10},"_children":[{"__id__":12},{"__id__":13},{"__id__":14},{"__id__":15}],"_components":[{"__type__":"cc.Sprite","node":{"__id__":11},"_materials":[{"__uuid__":"ecpdLyjvZBwrvm+cedCcQy"}],"_spriteFrame":{"__uuid__":"58AxocUUtIiKDR0Vq57M6i"}}],"_prefab":{"__type__":"cc.PrefabInfo","root":{"__id__":1},"asset":{"__uuid__":"22ydrbTs1I9ZAPIgSzWgD7"},"fileId":"e2926FTy51JjJf+2c3B7DAc"},"_contentSize":{"__type__":"cc.Size","width":47,"height":76},"_trs":{"__type__":"TypedArray","ctor":"Float64Array","array":[-23.5,-2,0,0,0,0,1,1.7,1.7,1]}},{"__type__":"cc.Node","_name":"da","_parent":{"__id__":11},"_active":false,"_components":[{"__type__":"cc.Sprite","node":{"__id__":12},"_materials":[{"__uuid__":"ecpdLyjvZBwrvm+cedCcQy"}],"_spriteFrame":{"__uuid__":"79lNIW0DdBibdQoJxDUnh4"}}],"_prefab":{"__type__":"cc.PrefabInfo","root":{"__id__":1},"asset":{"__uuid__":"22ydrbTs1I9ZAPIgSzWgD7"},"fileId":"60rP4IEKFLApvF1MO94Lxk"},"_contentSize":{"__type__":"cc.Size","width":44,"height":41},"_trs":{"__type__":"TypedArray","ctor":"Float64Array","array":[13.993,26.818,0,0,0,0,1,0.4,0.4,1]}},{"__type__":"cc.Node","_name":"icon_fu","_parent":{"__id__":11},"_active":false,"_components":[{"__type__":"cc.Sprite","node":{"__id__":13},"_materials":[{"__uuid__":"ecpdLyjvZBwrvm+cedCcQy"}],"_spriteFrame":{"__uuid__":"89EXKbCDBD8qyaGgXDxA43"}}],"_prefab":{"__type__":"cc.PrefabInfo","root":{"__id__":1},"asset":{"__uuid__":"22ydrbTs1I9ZAPIgSzWgD7"},"fileId":"abw20HP4JPHIybl7zircpf"},"_contentSize":{"__type__":"cc.Size","width":46,"height":42},"_trs":{"__type__":"TypedArray","ctor":"Float64Array","array":[13.993,26.818,0,0,0,0,1,0.4,0.4,1]}},{"__type__":"cc.Node","_name":"icon_zheng","_parent":{"__id__":11},"_active":false,"_components":[{"__type__":"cc.Sprite","node":{"__id__":14},"_materials":[{"__uuid__":"ecpdLyjvZBwrvm+cedCcQy"}],"_spriteFrame":{"__uuid__":"5f9oJW3xhAbamzUuWEwv22"}}],"_prefab":{"__type__":"cc.PrefabInfo","root":{"__id__":1},"asset":{"__uuid__":"22ydrbTs1I9ZAPIgSzWgD7"},"fileId":"b2lNyCSFxPbqLmEZPzZNXv"},"_contentSize":{"__type__":"cc.Size","width":69,"height":61},"_trs":{"__type__":"TypedArray","ctor":"Float64Array","array":[6.383,20.916,0,0,0,0,1,0.5,0.5,1]}},{"__type__":"cc.Node","_name":"icon_chun","_parent":{"__id__":11},"_active":false,"_components":[{"__type__":"cc.Sprite","node":{"__id__":15},"_materials":[{"__uuid__":"ecpdLyjvZBwrvm+cedCcQy"}],"_spriteFrame":{"__uuid__":"b8OurhpnFIpZBWI97hXM7s"}}],"_prefab":{"__type__":"cc.PrefabInfo","root":{"__id__":1},"asset":{"__uuid__":"22ydrbTs1I9ZAPIgSzWgD7"},"fileId":"8474pQAO9H64GtHPQ8CvKK"},"_contentSize":{"__type__":"cc.Size","width":67,"height":59},"_trs":{"__type__":"TypedArray","ctor":"Float64Array","array":[6.213,21.097,0,0,0,0,1,0.5,0.5,1]}},{"__type__":"cc.Node","_name":"sp_in2","_parent":{"__id__":10},"_children":[{"__id__":17},{"__id__":18},{"__id__":19},{"__id__":20}],"_active":false,"_components":[{"__type__":"cc.Sprite","node":{"__id__":16},"_materials":[{"__uuid__":"ecpdLyjvZBwrvm+cedCcQy"}],"_spriteFrame":{"__uuid__":"58AxocUUtIiKDR0Vq57M6i"}}],"_prefab":{"__type__":"cc.PrefabInfo","root":{"__id__":1},"asset":{"__uuid__":"22ydrbTs1I9ZAPIgSzWgD7"},"fileId":"35ZlvsjERFN4GZ3sSNxToe"},"_contentSize":{"__type__":"cc.Size","width":47,"height":76},"_trs":{"__type__":"TypedArray","ctor":"Float64Array","array":[-103.5,-2,0,0,0,0,1,1.7,1.7,1]}},{"__type__":"cc.Node","_name":"da","_parent":{"__id__":16},"_active":false,"_components":[{"__type__":"cc.Sprite","node":{"__id__":17},"_materials":[{"__uuid__":"ecpdLyjvZBwrvm+cedCcQy"}],"_spriteFrame":{"__uuid__":"79lNIW0DdBibdQoJxDUnh4"}}],"_prefab":{"__type__":"cc.PrefabInfo","root":{"__id__":1},"asset":{"__uuid__":"22ydrbTs1I9ZAPIgSzWgD7"},"fileId":"feytQWtRlF5LlD4TX6y2UJ"},"_contentSize":{"__type__":"cc.Size","width":44,"height":41},"_trs":{"__type__":"TypedArray","ctor":"Float64Array","array":[13.993,26.818,0,0,0,0,1,0.4,0.4,1]}},{"__type__":"cc.Node","_name":"icon_fu","_parent":{"__id__":16},"_active":false,"_components":[{"__type__":"cc.Sprite","node":{"__id__":18},"_materials":[{"__uuid__":"ecpdLyjvZBwrvm+cedCcQy"}],"_spriteFrame":{"__uuid__":"89EXKbCDBD8qyaGgXDxA43"}}],"_prefab":{"__type__":"cc.PrefabInfo","root":{"__id__":1},"asset":{"__uuid__":"22ydrbTs1I9ZAPIgSzWgD7"},"fileId":"78Ryqh5PhGEInbn86Beb3B"},"_contentSize":{"__type__":"cc.Size","width":46,"height":42},"_trs":{"__type__":"TypedArray","ctor":"Float64Array","array":[13.993,26.818,0,0,0,0,1,0.4,0.4,1]}},{"__type__":"cc.Node","_name":"icon_zheng","_parent":{"__id__":16},"_active":false,"_components":[{"__type__":"cc.Sprite","node":{"__id__":19},"_materials":[{"__uuid__":"ecpdLyjvZBwrvm+cedCcQy"}],"_spriteFrame":{"__uuid__":"5f9oJW3xhAbamzUuWEwv22"}}],"_prefab":{"__type__":"cc.PrefabInfo","root":{"__id__":1},"asset":{"__uuid__":"22ydrbTs1I9ZAPIgSzWgD7"},"fileId":"cf62ewZZdBgKEKYPk9iOZw"},"_contentSize":{"__type__":"cc.Size","width":69,"height":61},"_trs":{"__type__":"TypedArray","ctor":"Float64Array","array":[6.383,20.916,0,0,0,0,1,0.5,0.5,1]}},{"__type__":"cc.Node","_name":"icon_chun","_parent":{"__id__":16},"_active":false,"_components":[{"__type__":"cc.Sprite","node":{"__id__":20},"_materials":[{"__uuid__":"ecpdLyjvZBwrvm+cedCcQy"}],"_spriteFrame":{"__uuid__":"b8OurhpnFIpZBWI97hXM7s"}}],"_prefab":{"__type__":"cc.PrefabInfo","root":{"__id__":1},"asset":{"__uuid__":"22ydrbTs1I9ZAPIgSzWgD7"},"fileId":"21uO2T0ShE1LaDG974e/Yo"},"_contentSize":{"__type__":"cc.Size","width":67,"height":59},"_trs":{"__type__":"TypedArray","ctor":"Float64Array","array":[6.213,21.097,0,0,0,0,1,0.5,0.5,1]}},{"__type__":"cc.Node","_name":"empty","_parent":{"__id__":10},"_components":[{"__type__":"cc.Sprite","node":{"__id__":21}}],"_prefab":{"__type__":"cc.PrefabInfo","root":{"__id__":1},"asset":{"__uuid__":"22ydrbTs1I9ZAPIgSzWgD7"},"fileId":"b1d16P8xBNHSIb6tF6HkWMY"},"_contentSize":{"__type__":"cc.Size","width":10,"height":118},"_trs":{"__type__":"TypedArray","ctor":"Float64Array","array":[-85,0,0,0,0,0,1,1,1,1]}},{"__type__":"cc.Node","_name":"downcard","_parent":{"__id__":1},"_children":[{"__id__":23}],"_components":[{"__type__":"cc.Layout","node":{"__id__":22},"_layoutSize":{"__type__":"cc.Size","width":245,"height":120},"_resize":1,"_N$layoutType":1,"_N$spacingX":5},{"__type__":"9c90dJMeH1Nu6rMQ0rNGh5U","node":{"__id__":22}}],"_prefab":{"__type__":"cc.PrefabInfo","root":{"__id__":1},"asset":{"__uuid__":"22ydrbTs1I9ZAPIgSzWgD7"},"fileId":"3f2c5h5g/5Mja3cH94nYn+b"},"_contentSize":{"__type__":"cc.Size","width":245,"height":120},"_anchorPoint":{"__type__":"cc.Vec2","y":0.5},"_trs":{"__type__":"TypedArray","ctor":"Float64Array","array":[-540,-63,0,0,0,0,1,0.5,0.5,1]}},{"__type__":"cc.Node","_name":"down01","_parent":{"__id__":22},"_children":[{"__id__":24},{"__id__":29},{"__id__":34},{"__id__":39}],"_prefab":{"__type__":"cc.PrefabInfo","root":{"__id__":1},"asset":{"__uuid__":"22ydrbTs1I9ZAPIgSzWgD7"},"fileId":"468f36VpARC4pPSJRvPavTE"},"_contentSize":{"__type__":"cc.Size","width":245,"height":118},"_trs":{"__type__":"TypedArray","ctor":"Float64Array","array":[122.5,0,0,0,0,0,1,1,1,1]}},{"__type__":"cc.Node","_name":"card01","_parent":{"__id__":23},"_children":[{"__id__":25},{"__id__":26},{"__id__":27},{"__id__":28}],"_components":[{"__type__":"cc.Sprite","node":{"__id__":24},"_materials":[{"__uuid__":"ecpdLyjvZBwrvm+cedCcQy"}],"_spriteFrame":{"__uuid__":"58AxocUUtIiKDR0Vq57M6i"}}],"_prefab":{"__type__":"cc.PrefabInfo","root":{"__id__":1},"asset":{"__uuid__":"22ydrbTs1I9ZAPIgSzWgD7"},"fileId":"aae478Pqj9JeLRPkN448JnR"},"_contentSize":{"__type__":"cc.Size","width":47,"height":76},"_trs":{"__type__":"TypedArray","ctor":"Float64Array","array":[-76,0,0,0,0,0,1,1.7,1.7,1]}},{"__type__":"cc.Node","_name":"da","_parent":{"__id__":24},"_active":false,"_components":[{"__type__":"cc.Sprite","node":{"__id__":25},"_materials":[{"__uuid__":"ecpdLyjvZBwrvm+cedCcQy"}],"_spriteFrame":{"__uuid__":"79lNIW0DdBibdQoJxDUnh4"}}],"_prefab":{"__type__":"cc.PrefabInfo","root":{"__id__":1},"asset":{"__uuid__":"22ydrbTs1I9ZAPIgSzWgD7"},"fileId":"d4j18Jt5hBi7jfzhiWnKa/"},"_contentSize":{"__type__":"cc.Size","width":44,"height":41},"_trs":{"__type__":"TypedArray","ctor":"Float64Array","array":[13.993,26.818,0,0,0,0,1,0.4,0.4,1]}},{"__type__":"cc.Node","_name":"icon_fu","_parent":{"__id__":24},"_active":false,"_components":[{"__type__":"cc.Sprite","node":{"__id__":26},"_materials":[{"__uuid__":"ecpdLyjvZBwrvm+cedCcQy"}],"_spriteFrame":{"__uuid__":"89EXKbCDBD8qyaGgXDxA43"}}],"_prefab":{"__type__":"cc.PrefabInfo","root":{"__id__":1},"asset":{"__uuid__":"22ydrbTs1I9ZAPIgSzWgD7"},"fileId":"72jOjPbpJG4YaP6e9c08QU"},"_contentSize":{"__type__":"cc.Size","width":46,"height":42},"_trs":{"__type__":"TypedArray","ctor":"Float64Array","array":[13.993,26.818,0,0,0,0,1,0.4,0.4,1]}},{"__type__":"cc.Node","_name":"icon_zheng","_parent":{"__id__":24},"_active":false,"_components":[{"__type__":"cc.Sprite","node":{"__id__":27},"_materials":[{"__uuid__":"ecpdLyjvZBwrvm+cedCcQy"}],"_spriteFrame":{"__uuid__":"5f9oJW3xhAbamzUuWEwv22"}}],"_prefab":{"__type__":"cc.PrefabInfo","root":{"__id__":1},"asset":{"__uuid__":"22ydrbTs1I9ZAPIgSzWgD7"},"fileId":"5cNPMaZ7pPqZyOHHnacIUw"},"_contentSize":{"__type__":"cc.Size","width":69,"height":61},"_trs":{"__type__":"TypedArray","ctor":"Float64Array","array":[6.383,20.916,0,0,0,0,1,0.5,0.5,1]}},{"__type__":"cc.Node","_name":"icon_chun","_parent":{"__id__":24},"_active":false,"_components":[{"__type__":"cc.Sprite","node":{"__id__":28},"_materials":[{"__uuid__":"ecpdLyjvZBwrvm+cedCcQy"}],"_spriteFrame":{"__uuid__":"b8OurhpnFIpZBWI97hXM7s"}}],"_prefab":{"__type__":"cc.PrefabInfo","root":{"__id__":1},"asset":{"__uuid__":"22ydrbTs1I9ZAPIgSzWgD7"},"fileId":"9c8CYWtltGjoe2pWb5ii90"},"_contentSize":{"__type__":"cc.Size","width":67,"height":59},"_trs":{"__type__":"TypedArray","ctor":"Float64Array","array":[6.213,21.097,0,0,0,0,1,0.5,0.5,1]}},{"__type__":"cc.Node","_name":"card02","_parent":{"__id__":23},"_children":[{"__id__":30},{"__id__":31},{"__id__":32},{"__id__":33}],"_components":[{"__type__":"cc.Sprite","node":{"__id__":29},"_materials":[{"__uuid__":"ecpdLyjvZBwrvm+cedCcQy"}],"_spriteFrame":{"__uuid__":"58AxocUUtIiKDR0Vq57M6i"}}],"_prefab":{"__type__":"cc.PrefabInfo","root":{"__id__":1},"asset":{"__uuid__":"22ydrbTs1I9ZAPIgSzWgD7"},"fileId":"45739wgw1JMl69udRIEtuOB"},"_contentSize":{"__type__":"cc.Size","width":47,"height":76},"_trs":{"__type__":"TypedArray","ctor":"Float64Array","array":[5,0,0,0,0,0,1,1.7,1.7,1]}},{"__type__":"cc.Node","_name":"da","_parent":{"__id__":29},"_active":false,"_components":[{"__type__":"cc.Sprite","node":{"__id__":30},"_materials":[{"__uuid__":"ecpdLyjvZBwrvm+cedCcQy"}],"_spriteFrame":{"__uuid__":"79lNIW0DdBibdQoJxDUnh4"}}],"_prefab":{"__type__":"cc.PrefabInfo","root":{"__id__":1},"asset":{"__uuid__":"22ydrbTs1I9ZAPIgSzWgD7"},"fileId":"a04Mvy+XVObKw53alFvGYU"},"_contentSize":{"__type__":"cc.Size","width":44,"height":41},"_trs":{"__type__":"TypedArray","ctor":"Float64Array","array":[10.632,23.457,0,0,0,0,1,0.4,0.4,1]}},{"__type__":"cc.Node","_name":"icon_fu","_parent":{"__id__":29},"_active":false,"_components":[{"__type__":"cc.Sprite","node":{"__id__":31},"_materials":[{"__uuid__":"ecpdLyjvZBwrvm+cedCcQy"}],"_spriteFrame":{"__uuid__":"89EXKbCDBD8qyaGgXDxA43"}}],"_prefab":{"__type__":"cc.PrefabInfo","root":{"__id__":1},"asset":{"__uuid__":"22ydrbTs1I9ZAPIgSzWgD7"},"fileId":"40byn/DiFDDKqivh8LFMaW"},"_contentSize":{"__type__":"cc.Size","width":46,"height":42},"_trs":{"__type__":"TypedArray","ctor":"Float64Array","array":[13.993,26.818,0,0,0,0,1,0.4,0.4,1]}},{"__type__":"cc.Node","_name":"icon_zheng","_parent":{"__id__":29},"_active":false,"_components":[{"__type__":"cc.Sprite","node":{"__id__":32},"_materials":[{"__uuid__":"ecpdLyjvZBwrvm+cedCcQy"}],"_spriteFrame":{"__uuid__":"5f9oJW3xhAbamzUuWEwv22"}}],"_prefab":{"__type__":"cc.PrefabInfo","root":{"__id__":1},"asset":{"__uuid__":"22ydrbTs1I9ZAPIgSzWgD7"},"fileId":"68y9OjUNlHZouYiIpsJ2ew"},"_contentSize":{"__type__":"cc.Size","width":69,"height":61},"_trs":{"__type__":"TypedArray","ctor":"Float64Array","array":[6.383,20.916,0,0,0,0,1,0.5,0.5,1]}},{"__type__":"cc.Node","_name":"icon_chun","_parent":{"__id__":29},"_active":false,"_components":[{"__type__":"cc.Sprite","node":{"__id__":33},"_materials":[{"__uuid__":"ecpdLyjvZBwrvm+cedCcQy"}],"_spriteFrame":{"__uuid__":"b8OurhpnFIpZBWI97hXM7s"}}],"_prefab":{"__type__":"cc.PrefabInfo","root":{"__id__":1},"asset":{"__uuid__":"22ydrbTs1I9ZAPIgSzWgD7"},"fileId":"2duig+h7hIu7YLpDv0am0s"},"_contentSize":{"__type__":"cc.Size","width":67,"height":59},"_trs":{"__type__":"TypedArray","ctor":"Float64Array","array":[6.213,21.097,0,0,0,0,1,0.5,0.5,1]}},{"__type__":"cc.Node","_name":"card03","_parent":{"__id__":23},"_children":[{"__id__":35},{"__id__":36},{"__id__":37},{"__id__":38}],"_components":[{"__type__":"cc.Sprite","node":{"__id__":34},"_materials":[{"__uuid__":"ecpdLyjvZBwrvm+cedCcQy"}],"_spriteFrame":{"__uuid__":"58AxocUUtIiKDR0Vq57M6i"}}],"_prefab":{"__type__":"cc.PrefabInfo","root":{"__id__":1},"asset":{"__uuid__":"22ydrbTs1I9ZAPIgSzWgD7"},"fileId":"9fd5bhHzsVEe5Ksl9qIvchX"},"_contentSize":{"__type__":"cc.Size","width":47,"height":76},"_trs":{"__type__":"TypedArray","ctor":"Float64Array","array":[86,0,0,0,0,0,1,1.7,1.7,1]}},{"__type__":"cc.Node","_name":"da","_parent":{"__id__":34},"_active":false,"_components":[{"__type__":"cc.Sprite","node":{"__id__":35},"_materials":[{"__uuid__":"ecpdLyjvZBwrvm+cedCcQy"}],"_spriteFrame":{"__uuid__":"79lNIW0DdBibdQoJxDUnh4"}}],"_prefab":{"__type__":"cc.PrefabInfo","root":{"__id__":1},"asset":{"__uuid__":"22ydrbTs1I9ZAPIgSzWgD7"},"fileId":"a5+W931J9PNYZlNokeWY5L"},"_contentSize":{"__type__":"cc.Size","width":44,"height":41},"_trs":{"__type__":"TypedArray","ctor":"Float64Array","array":[10.632,23.457,0,0,0,0,1,0.4,0.4,1]}},{"__type__":"cc.Node","_name":"icon_fu","_parent":{"__id__":34},"_active":false,"_components":[{"__type__":"cc.Sprite","node":{"__id__":36},"_materials":[{"__uuid__":"ecpdLyjvZBwrvm+cedCcQy"}],"_spriteFrame":{"__uuid__":"89EXKbCDBD8qyaGgXDxA43"}}],"_prefab":{"__type__":"cc.PrefabInfo","root":{"__id__":1},"asset":{"__uuid__":"22ydrbTs1I9ZAPIgSzWgD7"},"fileId":"18loFYM7tHdquVt1ByhHpJ"},"_contentSize":{"__type__":"cc.Size","width":46,"height":42},"_trs":{"__type__":"TypedArray","ctor":"Float64Array","array":[13.993,26.818,0,0,0,0,1,0.4,0.4,1]}},{"__type__":"cc.Node","_name":"icon_zheng","_parent":{"__id__":34},"_active":false,"_components":[{"__type__":"cc.Sprite","node":{"__id__":37},"_materials":[{"__uuid__":"ecpdLyjvZBwrvm+cedCcQy"}],"_spriteFrame":{"__uuid__":"5f9oJW3xhAbamzUuWEwv22"}}],"_prefab":{"__type__":"cc.PrefabInfo","root":{"__id__":1},"asset":{"__uuid__":"22ydrbTs1I9ZAPIgSzWgD7"},"fileId":"d5XQbiQT9E7ZpXTlVn97F3"},"_contentSize":{"__type__":"cc.Size","width":69,"height":61},"_trs":{"__type__":"TypedArray","ctor":"Float64Array","array":[6.383,20.916,0,0,0,0,1,0.5,0.5,1]}},{"__type__":"cc.Node","_name":"icon_chun","_parent":{"__id__":34},"_active":false,"_components":[{"__type__":"cc.Sprite","node":{"__id__":38},"_materials":[{"__uuid__":"ecpdLyjvZBwrvm+cedCcQy"}],"_spriteFrame":{"__uuid__":"b8OurhpnFIpZBWI97hXM7s"}}],"_prefab":{"__type__":"cc.PrefabInfo","root":{"__id__":1},"asset":{"__uuid__":"22ydrbTs1I9ZAPIgSzWgD7"},"fileId":"d3j7kLuFpIeZAUZSgI8+QT"},"_contentSize":{"__type__":"cc.Size","width":67,"height":59},"_trs":{"__type__":"TypedArray","ctor":"Float64Array","array":[6.213,21.097,0,0,0,0,1,0.5,0.5,1]}},{"__type__":"cc.Node","_name":"card04","_parent":{"__id__":23},"_children":[{"__id__":40},{"__id__":41},{"__id__":42},{"__id__":43}],"_components":[{"__type__":"cc.Sprite","node":{"__id__":39},"_materials":[{"__uuid__":"ecpdLyjvZBwrvm+cedCcQy"}],"_spriteFrame":{"__uuid__":"58AxocUUtIiKDR0Vq57M6i"}}],"_prefab":{"__type__":"cc.PrefabInfo","root":{"__id__":1},"asset":{"__uuid__":"22ydrbTs1I9ZAPIgSzWgD7"},"fileId":"ef3401HgZNISK47lsGHNGRL"},"_contentSize":{"__type__":"cc.Size","width":47,"height":76},"_trs":{"__type__":"TypedArray","ctor":"Float64Array","array":[5.6,13.9,0,0,0,0,1,1.7,1.7,1]}},{"__type__":"cc.Node","_name":"da","_parent":{"__id__":39},"_active":false,"_components":[{"__type__":"cc.Sprite","node":{"__id__":40},"_materials":[{"__uuid__":"ecpdLyjvZBwrvm+cedCcQy"}],"_spriteFrame":{"__uuid__":"79lNIW0DdBibdQoJxDUnh4"}}],"_prefab":{"__type__":"cc.PrefabInfo","root":{"__id__":1},"asset":{"__uuid__":"22ydrbTs1I9ZAPIgSzWgD7"},"fileId":"11TyBMwflLi7g564wQKpz8"},"_contentSize":{"__type__":"cc.Size","width":44,"height":41},"_trs":{"__type__":"TypedArray","ctor":"Float64Array","array":[10.632,23.457,0,0,0,0,1,0.4,0.4,1]}},{"__type__":"cc.Node","_name":"icon_fu","_parent":{"__id__":39},"_active":false,"_components":[{"__type__":"cc.Sprite","node":{"__id__":41},"_materials":[{"__uuid__":"ecpdLyjvZBwrvm+cedCcQy"}],"_spriteFrame":{"__uuid__":"89EXKbCDBD8qyaGgXDxA43"}}],"_prefab":{"__type__":"cc.PrefabInfo","root":{"__id__":1},"asset":{"__uuid__":"22ydrbTs1I9ZAPIgSzWgD7"},"fileId":"bcB1fH0rhJnpsduxxQ0gbx"},"_contentSize":{"__type__":"cc.Size","width":46,"height":42},"_trs":{"__type__":"TypedArray","ctor":"Float64Array","array":[13.993,26.818,0,0,0,0,1,0.4,0.4,1]}},{"__type__":"cc.Node","_name":"icon_zheng","_parent":{"__id__":39},"_active":false,"_components":[{"__type__":"cc.Sprite","node":{"__id__":42},"_materials":[{"__uuid__":"ecpdLyjvZBwrvm+cedCcQy"}],"_spriteFrame":{"__uuid__":"5f9oJW3xhAbamzUuWEwv22"}}],"_prefab":{"__type__":"cc.PrefabInfo","root":{"__id__":1},"asset":{"__uuid__":"22ydrbTs1I9ZAPIgSzWgD7"},"fileId":"82JuIaY2dC3Z6M99FGDiTh"},"_contentSize":{"__type__":"cc.Size","width":69,"height":61},"_trs":{"__type__":"TypedArray","ctor":"Float64Array","array":[6.383,20.916,0,0,0,0,1,0.5,0.5,1]}},{"__type__":"cc.Node","_name":"icon_chun","_parent":{"__id__":39},"_active":false,"_components":[{"__type__":"cc.Sprite","node":{"__id__":43},"_materials":[{"__uuid__":"ecpdLyjvZBwrvm+cedCcQy"}],"_spriteFrame":{"__uuid__":"b8OurhpnFIpZBWI97hXM7s"}}],"_prefab":{"__type__":"cc.PrefabInfo","root":{"__id__":1},"asset":{"__uuid__":"22ydrbTs1I9ZAPIgSzWgD7"},"fileId":"96s8c3j6dLKocrrju7dyQF"},"_contentSize":{"__type__":"cc.Size","width":67,"height":59},"_trs":{"__type__":"TypedArray","ctor":"Float64Array","array":[6.213,21.097,0,0,0,0,1,0.5,0.5,1]}},{"__type__":"cc.Node","_name":"jiesuan","_parent":{"__id__":1},"_children":[{"__id__":45},{"__id__":46}],"_prefab":{"__type__":"cc.PrefabInfo","root":{"__id__":1},"asset":{"__uuid__":"22ydrbTs1I9ZAPIgSzWgD7"},"fileId":"0f2b99Ie9JGWpHH7wW+Js5V"},"_trs":{"__type__":"TypedArray","ctor":"Float64Array","array":[141,-153,0,0,0,0,1,1,1,1]}},{"__type__":"cc.Node","_name":"hutype","_parent":{"__id__":44},"_components":[{"__type__":"cc.Label","node":{"__id__":45},"_materials":[{"__uuid__":"ecpdLyjvZBwrvm+cedCcQy"}],"_string":"点泡","_N$string":"点泡","_fontSize":0.8,"_lineHeight":1,"_N$file":{"__uuid__":"47KZ1/eO5Pr5LI3pvekYmJ"},"_isSystemFontUsed":false}],"_prefab":{"__type__":"cc.PrefabInfo","root":{"__id__":1},"asset":{"__uuid__":"22ydrbTs1I9ZAPIgSzWgD7"},"fileId":"7f892OzhBFOhIA/CyQLrS5F"},"_contentSize":{"__type__":"cc.Size","width":75.2,"height":0.8},"_trs":{"__type__":"TypedArray","ctor":"Float64Array","array":[-32,110,0,0,0,0,1,1,1,1]}},{"__type__":"cc.Node","_name":"label_lists","_parent":{"__id__":44},"_children":[{"__id__":47},{"__id__":48},{"__id__":49},{"__id__":50},{"__id__":51},{"__id__":52},{"__id__":53},{"__id__":54},{"__id__":55},{"__id__":56},{"__id__":57},{"__id__":58},{"__id__":59},{"__id__":60}],"_components":[{"__type__":"cc.Layout","node":{"__id__":46},"_layoutSize":{"__type__":"cc.Size","width":1165.72,"height":30},"_resize":1,"_N$layoutType":1,"_N$spacingX":10}],"_prefab":{"__type__":"cc.PrefabInfo","root":{"__id__":1},"asset":{"__uuid__":"22ydrbTs1I9ZAPIgSzWgD7"},"fileId":"04a21bBcnlDbY/SvK3CCKvN"},"_contentSize":{"__type__":"cc.Size","width":1165.72,"height":30},"_anchorPoint":{"__type__":"cc.Vec2","y":0.5},"_trs":{"__type__":"TypedArray","ctor":"Float64Array","array":[-528,135,0,0,0,0,1,1,1,1]}},{"__type__":"cc.Node","_name":"label_1","_parent":{"__id__":46},"_components":[{"__type__":"cc.Label","node":{"__id__":47},"_materials":[{"__uuid__":"ecpdLyjvZBwrvm+cedCcQy"}],"_useOriginalSize":false,"_string":"明杠: +0","_N$string":"明杠: +0","_fontSize":20,"_lineHeight":20,"_N$file":{"__uuid__":"5f5wQekV1CGpJW2meZozWn"},"_isSystemFontUsed":false,"_N$verticalAlign":1}],"_prefab":{"__type__":"cc.PrefabInfo","root":{"__id__":1},"asset":{"__uuid__":"22ydrbTs1I9ZAPIgSzWgD7"},"fileId":"2f89fgjIjFAI50I9PdScy9V"},"_color":{"__type__":"cc.Color","r":241,"g":9,"b":9},"_contentSize":{"__type__":"cc.Size","width":73.98,"height":25.2},"_anchorPoint":{"__type__":"cc.Vec2","y":0.5},"_trs":{"__type__":"TypedArray","ctor":"Float64Array","array":[0,0,0,0,0,0,1,1,1,1]}},{"__type__":"cc.Node","_name":"label_2","_parent":{"__id__":46},"_components":[{"__type__":"cc.Label","node":{"__id__":48},"_materials":[{"__uuid__":"ecpdLyjvZBwrvm+cedCcQy"}],"_useOriginalSize":false,"_string":"明杠: +0","_N$string":"明杠: +0","_fontSize":20,"_lineHeight":20,"_N$file":{"__uuid__":"5f5wQekV1CGpJW2meZozWn"},"_isSystemFontUsed":false,"_N$verticalAlign":1}],"_prefab":{"__type__":"cc.PrefabInfo","root":{"__id__":1},"asset":{"__uuid__":"22ydrbTs1I9ZAPIgSzWgD7"},"fileId":"cfb453qfC5OloFd6pMwxKU4"},"_color":{"__type__":"cc.Color","r":241,"g":9,"b":9},"_contentSize":{"__type__":"cc.Size","width":73.98,"height":25.2},"_anchorPoint":{"__type__":"cc.Vec2","y":0.5},"_trs":{"__type__":"TypedArray","ctor":"Float64Array","array":[83.98,0,0,0,0,0,1,1,1,1]}},{"__type__":"cc.Node","_name":"label_3","_parent":{"__id__":46},"_components":[{"__type__":"cc.Label","node":{"__id__":49},"_materials":[{"__uuid__":"ecpdLyjvZBwrvm+cedCcQy"}],"_useOriginalSize":false,"_string":"明杠: +0","_N$string":"明杠: +0","_fontSize":20,"_lineHeight":20,"_N$file":{"__uuid__":"5f5wQekV1CGpJW2meZozWn"},"_isSystemFontUsed":false,"_N$verticalAlign":1}],"_prefab":{"__type__":"cc.PrefabInfo","root":{"__id__":1},"asset":{"__uuid__":"22ydrbTs1I9ZAPIgSzWgD7"},"fileId":"b9952JUcFVHuJY/+LgF5np5"},"_color":{"__type__":"cc.Color","r":241,"g":9,"b":9},"_contentSize":{"__type__":"cc.Size","width":73.98,"height":25.2},"_anchorPoint":{"__type__":"cc.Vec2","y":0.5},"_trs":{"__type__":"TypedArray","ctor":"Float64Array","array":[167.96,0,0,0,0,0,1,1,1,1]}},{"__type__":"cc.Node","_name":"label_4","_parent":{"__id__":46},"_components":[{"__type__":"cc.Label","node":{"__id__":50},"_materials":[{"__uuid__":"ecpdLyjvZBwrvm+cedCcQy"}],"_useOriginalSize":false,"_string":"明杠: +0","_N$string":"明杠: +0","_fontSize":20,"_lineHeight":20,"_N$file":{"__uuid__":"5f5wQekV1CGpJW2meZozWn"},"_isSystemFontUsed":false,"_N$verticalAlign":1}],"_prefab":{"__type__":"cc.PrefabInfo","root":{"__id__":1},"asset":{"__uuid__":"22ydrbTs1I9ZAPIgSzWgD7"},"fileId":"15732WRzRpEKLUN4rGjQO+d"},"_color":{"__type__":"cc.Color","r":241,"g":9,"b":9},"_contentSize":{"__type__":"cc.Size","width":73.98,"height":25.2},"_anchorPoint":{"__type__":"cc.Vec2","y":0.5},"_trs":{"__type__":"TypedArray","ctor":"Float64Array","array":[251.94,0,0,0,0,0,1,1,1,1]}},{"__type__":"cc.Node","_name":"label_5","_parent":{"__id__":46},"_components":[{"__type__":"cc.Label","node":{"__id__":51},"_materials":[{"__uuid__":"ecpdLyjvZBwrvm+cedCcQy"}],"_useOriginalSize":false,"_string":"明杠: +0","_N$string":"明杠: +0","_fontSize":20,"_lineHeight":20,"_N$file":{"__uuid__":"5f5wQekV1CGpJW2meZozWn"},"_isSystemFontUsed":false,"_N$verticalAlign":1}],"_prefab":{"__type__":"cc.PrefabInfo","root":{"__id__":1},"asset":{"__uuid__":"22ydrbTs1I9ZAPIgSzWgD7"},"fileId":"5cf464w50FJcqPO8qv1e4sr"},"_color":{"__type__":"cc.Color","r":241,"g":9,"b":9},"_contentSize":{"__type__":"cc.Size","width":73.98,"height":25.2},"_anchorPoint":{"__type__":"cc.Vec2","y":0.5},"_trs":{"__type__":"TypedArray","ctor":"Float64Array","array":[335.92,0,0,0,0,0,1,1,1,1]}},{"__type__":"cc.Node","_name":"label_6","_parent":{"__id__":46},"_components":[{"__type__":"cc.Label","node":{"__id__":52},"_materials":[{"__uuid__":"ecpdLyjvZBwrvm+cedCcQy"}],"_useOriginalSize":false,"_string":"明杠: +0","_N$string":"明杠: +0","_fontSize":20,"_lineHeight":20,"_N$file":{"__uuid__":"5f5wQekV1CGpJW2meZozWn"},"_isSystemFontUsed":false,"_N$verticalAlign":1}],"_prefab":{"__type__":"cc.PrefabInfo","root":{"__id__":1},"asset":{"__uuid__":"22ydrbTs1I9ZAPIgSzWgD7"},"fileId":"8926aBQnqFOBJcMos5RUd7i"},"_color":{"__type__":"cc.Color","r":241,"g":9,"b":9},"_contentSize":{"__type__":"cc.Size","width":73.98,"height":25.2},"_anchorPoint":{"__type__":"cc.Vec2","y":0.5},"_trs":{"__type__":"TypedArray","ctor":"Float64Array","array":[419.90000000000003,0,0,0,0,0,1,1,1,1]}},{"__type__":"cc.Node","_name":"label_7","_parent":{"__id__":46},"_components":[{"__type__":"cc.Label","node":{"__id__":53},"_materials":[{"__uuid__":"ecpdLyjvZBwrvm+cedCcQy"}],"_useOriginalSize":false,"_string":"明杠: +0","_N$string":"明杠: +0","_fontSize":20,"_lineHeight":20,"_N$file":{"__uuid__":"5f5wQekV1CGpJW2meZozWn"},"_isSystemFontUsed":false,"_N$verticalAlign":1}],"_prefab":{"__type__":"cc.PrefabInfo","root":{"__id__":1},"asset":{"__uuid__":"22ydrbTs1I9ZAPIgSzWgD7"},"fileId":"dc80dH2K/pLq6PNKQFmUbi7"},"_color":{"__type__":"cc.Color","r":241,"g":9,"b":9},"_contentSize":{"__type__":"cc.Size","width":73.98,"height":25.2},"_anchorPoint":{"__type__":"cc.Vec2","y":0.5},"_trs":{"__type__":"TypedArray","ctor":"Float64Array","array":[503.88000000000005,0,0,0,0,0,1,1,1,1]}},{"__type__":"cc.Node","_name":"label_8","_parent":{"__id__":46},"_components":[{"__type__":"cc.Label","node":{"__id__":54},"_materials":[{"__uuid__":"ecpdLyjvZBwrvm+cedCcQy"}],"_useOriginalSize":false,"_string":"明杠: +0","_N$string":"明杠: +0","_fontSize":20,"_lineHeight":20,"_N$file":{"__uuid__":"5f5wQekV1CGpJW2meZozWn"},"_isSystemFontUsed":false,"_N$verticalAlign":1}],"_prefab":{"__type__":"cc.PrefabInfo","root":{"__id__":1},"asset":{"__uuid__":"22ydrbTs1I9ZAPIgSzWgD7"},"fileId":"0118aQKNGZG9pzPgN+Ceb5j"},"_color":{"__type__":"cc.Color","r":241,"g":9,"b":9},"_contentSize":{"__type__":"cc.Size","width":73.98,"height":25.2},"_anchorPoint":{"__type__":"cc.Vec2","y":0.5},"_trs":{"__type__":"TypedArray","ctor":"Float64Array","array":[587.86,0,0,0,0,0,1,1,1,1]}},{"__type__":"cc.Node","_name":"label_9","_parent":{"__id__":46},"_components":[{"__type__":"cc.Label","node":{"__id__":55},"_materials":[{"__uuid__":"ecpdLyjvZBwrvm+cedCcQy"}],"_useOriginalSize":false,"_string":"明杠: +0","_N$string":"明杠: +0","_fontSize":20,"_lineHeight":20,"_N$file":{"__uuid__":"5f5wQekV1CGpJW2meZozWn"},"_isSystemFontUsed":false,"_N$verticalAlign":1}],"_prefab":{"__type__":"cc.PrefabInfo","root":{"__id__":1},"asset":{"__uuid__":"22ydrbTs1I9ZAPIgSzWgD7"},"fileId":"c4xpaOeH9LaLOYyQ8epvLH"},"_color":{"__type__":"cc.Color","r":241,"g":9,"b":9},"_contentSize":{"__type__":"cc.Size","width":73.98,"height":25.2},"_anchorPoint":{"__type__":"cc.Vec2","y":0.5},"_trs":{"__type__":"TypedArray","ctor":"Float64Array","array":[671.84,0,0,0,0,0,1,1,1,1]}},{"__type__":"cc.Node","_name":"label_10","_parent":{"__id__":46},"_components":[{"__type__":"cc.Label","node":{"__id__":56},"_materials":[{"__uuid__":"ecpdLyjvZBwrvm+cedCcQy"}],"_useOriginalSize":false,"_string":"明杠: +0","_N$string":"明杠: +0","_fontSize":20,"_lineHeight":20,"_N$file":{"__uuid__":"5f5wQekV1CGpJW2meZozWn"},"_isSystemFontUsed":false,"_N$verticalAlign":1}],"_prefab":{"__type__":"cc.PrefabInfo","root":{"__id__":1},"asset":{"__uuid__":"22ydrbTs1I9ZAPIgSzWgD7"},"fileId":"93dlvkomxGcYYx+krBJe5z"},"_color":{"__type__":"cc.Color","r":241,"g":9,"b":9},"_contentSize":{"__type__":"cc.Size","width":73.98,"height":25.2},"_anchorPoint":{"__type__":"cc.Vec2","y":0.5},"_trs":{"__type__":"TypedArray","ctor":"Float64Array","array":[755.82,0,0,0,0,0,1,1,1,1]}},{"__type__":"cc.Node","_name":"label_11","_parent":{"__id__":46},"_components":[{"__type__":"cc.Label","node":{"__id__":57},"_materials":[{"__uuid__":"ecpdLyjvZBwrvm+cedCcQy"}],"_useOriginalSize":false,"_string":"明杠: +0","_N$string":"明杠: +0","_fontSize":20,"_lineHeight":20,"_N$file":{"__uuid__":"5f5wQekV1CGpJW2meZozWn"},"_isSystemFontUsed":false,"_N$verticalAlign":1}],"_prefab":{"__type__":"cc.PrefabInfo","root":{"__id__":1},"asset":{"__uuid__":"22ydrbTs1I9ZAPIgSzWgD7"},"fileId":"bbSKuydHJIhpVKiovHfRDc"},"_color":{"__type__":"cc.Color","r":241,"g":9,"b":9},"_contentSize":{"__type__":"cc.Size","width":73.98,"height":25.2},"_anchorPoint":{"__type__":"cc.Vec2","y":0.5},"_trs":{"__type__":"TypedArray","ctor":"Float64Array","array":[839.8000000000001,0,0,0,0,0,1,1,1,1]}},{"__type__":"cc.Node","_name":"label_12","_parent":{"__id__":46},"_components":[{"__type__":"cc.Label","node":{"__id__":58},"_materials":[{"__uuid__":"ecpdLyjvZBwrvm+cedCcQy"}],"_useOriginalSize":false,"_string":"明杠: +0","_N$string":"明杠: +0","_fontSize":20,"_lineHeight":20,"_N$file":{"__uuid__":"5f5wQekV1CGpJW2meZozWn"},"_isSystemFontUsed":false,"_N$verticalAlign":1}],"_prefab":{"__type__":"cc.PrefabInfo","root":{"__id__":1},"asset":{"__uuid__":"22ydrbTs1I9ZAPIgSzWgD7"},"fileId":"dbtmrsP8FKP52dS5JXm9zR"},"_color":{"__type__":"cc.Color","r":241,"g":9,"b":9},"_contentSize":{"__type__":"cc.Size","width":73.98,"height":25.2},"_anchorPoint":{"__type__":"cc.Vec2","y":0.5},"_trs":{"__type__":"TypedArray","ctor":"Float64Array","array":[923.7800000000001,0,0,0,0,0,1,1,1,1]}},{"__type__":"cc.Node","_name":"label_13","_parent":{"__id__":46},"_components":[{"__type__":"cc.Label","node":{"__id__":59},"_materials":[{"__uuid__":"ecpdLyjvZBwrvm+cedCcQy"}],"_useOriginalSize":false,"_string":"明杠: +0","_N$string":"明杠: +0","_fontSize":20,"_lineHeight":20,"_N$file":{"__uuid__":"5f5wQekV1CGpJW2meZozWn"},"_isSystemFontUsed":false,"_N$verticalAlign":1}],"_prefab":{"__type__":"cc.PrefabInfo","root":{"__id__":1},"asset":{"__uuid__":"22ydrbTs1I9ZAPIgSzWgD7"},"fileId":"6d5gAF0d5PlKye3sEt327H"},"_color":{"__type__":"cc.Color","r":241,"g":9,"b":9},"_contentSize":{"__type__":"cc.Size","width":73.98,"height":25.2},"_anchorPoint":{"__type__":"cc.Vec2","y":0.5},"_trs":{"__type__":"TypedArray","ctor":"Float64Array","array":[1007.7600000000001,0,0,0,0,0,1,1,1,1]}},{"__type__":"cc.Node","_name":"label_14","_parent":{"__id__":46},"_components":[{"__type__":"cc.Label","node":{"__id__":60},"_materials":[{"__uuid__":"ecpdLyjvZBwrvm+cedCcQy"}],"_useOriginalSize":false,"_string":"明杠: +0","_N$string":"明杠: +0","_fontSize":20,"_lineHeight":20,"_N$file":{"__uuid__":"5f5wQekV1CGpJW2meZozWn"},"_isSystemFontUsed":false,"_N$verticalAlign":1}],"_prefab":{"__type__":"cc.PrefabInfo","root":{"__id__":1},"asset":{"__uuid__":"22ydrbTs1I9ZAPIgSzWgD7"},"fileId":"afoKoG3v1B8a1Ozilrg3e9"},"_color":{"__type__":"cc.Color","r":241,"g":9,"b":9},"_contentSize":{"__type__":"cc.Size","width":73.98,"height":25.2},"_anchorPoint":{"__type__":"cc.Vec2","y":0.5},"_trs":{"__type__":"TypedArray","ctor":"Float64Array","array":[1091.74,0,0,0,0,0,1,1,1,1]}},{"__type__":"cc.Node","_name":"record","_parent":{"__id__":1},"_children":[{"__id__":62},{"__id__":64}],"_components":[{"__type__":"cc.Layout","node":{"__id__":61},"_layoutSize":{"__type__":"cc.Size","width":125,"height":75.96},"_resize":1,"_N$layoutType":2,"_N$spacingY":10}],"_prefab":{"__type__":"cc.PrefabInfo","root":{"__id__":1},"asset":{"__uuid__":"22ydrbTs1I9ZAPIgSzWgD7"},"fileId":"78RkZk09ZHp4rWOU4oQFzT"},"_contentSize":{"__type__":"cc.Size","width":125,"height":75.96},"_anchorPoint":{"__type__":"cc.Vec2","y":0.5},"_trs":{"__type__":"TypedArray","ctor":"Float64Array","array":[155,-55,0,0,0,0,1,1,1,1]}},{"__type__":"cc.Node","_name":"tip_point","_parent":{"__id__":61},"_children":[{"__id__":63}],"_components":[{"__type__":"cc.Label","node":{"__id__":62},"_materials":[{"__uuid__":"ecpdLyjvZBwrvm+cedCcQy"}],"_useOriginalSize":false,"_string":"得分：","_N$string":"得分：","_fontSize":20,"_lineHeight":22,"_N$file":{"__uuid__":"5f5wQekV1CGpJW2meZozWn"},"_isSystemFontUsed":false,"_N$verticalAlign":1},{"__type__":"cc.LabelOutline","node":{"__id__":62},"_color":{"__type__":"cc.Color","r":43,"g":37,"b":41},"_width":2}],"_prefab":{"__type__":"cc.PrefabInfo","root":{"__id__":1},"asset":{"__uuid__":"22ydrbTs1I9ZAPIgSzWgD7"},"fileId":"e5rTXYXaRKqopJknOywgi5"},"_contentSize":{"__type__":"cc.Size","width":64,"height":31.72},"_anchorPoint":{"__type__":"cc.Vec2","y":0.5},"_trs":{"__type__":"TypedArray","ctor":"Float64Array","array":[0,22.119999999999997,0,0,0,0,1,1,1,1]}},{"__type__":"cc.Node","_name":"lb_point","_parent":{"__id__":62},"_components":[{"__type__":"cc.Label","node":{"__id__":63},"_materials":[{"__uuid__":"ecpdLyjvZBwrvm+cedCcQy"}],"_useOriginalSize":false,"_string":"-1000","_N$string":"-1000","_fontSize":28,"_lineHeight":30,"_N$file":{"__uuid__":"5f5wQekV1CGpJW2meZozWn"},"_isSystemFontUsed":false,"_N$verticalAlign":1},{"__type__":"cc.LabelOutline","node":{"__id__":63},"_color":{"__type__":"cc.Color","r":43,"g":37,"b":41},"_width":2}],"_prefab":{"__type__":"cc.PrefabInfo","root":{"__id__":1},"asset":{"__uuid__":"22ydrbTs1I9ZAPIgSzWgD7"},"fileId":"00Vp6tAbZFp6N/kYVlTVu8"},"_contentSize":{"__type__":"cc.Size","width":78.92,"height":41.8},"_anchorPoint":{"__type__":"cc.Vec2","y":0.5},"_trs":{"__type__":"TypedArray","ctor":"Float64Array","array":[61,0,0,0,0,0,1,1,1,1]}},{"__type__":"cc.Node","_name":"tip_sportspoint","_parent":{"__id__":61},"_children":[{"__id__":65}],"_components":[{"__type__":"cc.Label","node":{"__id__":64},"_materials":[{"__uuid__":"ecpdLyjvZBwrvm+cedCcQy"}],"_useOriginalSize":false,"_string":"比赛分：","_N$string":"比赛分：","_fontSize":22,"_lineHeight":24,"_N$file":{"__uuid__":"5f5wQekV1CGpJW2meZozWn"},"_isSystemFontUsed":false,"_N$verticalAlign":1},{"__type__":"cc.LabelOutline","node":{"__id__":64},"_color":{"__type__":"cc.Color"},"_width":2}],"_prefab":{"__type__":"cc.PrefabInfo","root":{"__id__":1},"asset":{"__uuid__":"22ydrbTs1I9ZAPIgSzWgD7"},"fileId":"280KGO22BKE7GZ7h0lFrAK"},"_color":{"__type__":"cc.Color","r":241,"g":241,"b":38},"_contentSize":{"__type__":"cc.Size","width":92,"height":34.239999999999995},"_anchorPoint":{"__type__":"cc.Vec2","y":0.5},"_trs":{"__type__":"TypedArray","ctor":"Float64Array","array":[-8,-20.86,0,0,0,0,1,1,1,1]}},{"__type__":"cc.Node","_name":"lb_sportspoint","_parent":{"__id__":64},"_components":[{"__type__":"cc.Label","node":{"__id__":65},"_materials":[{"__uuid__":"ecpdLyjvZBwrvm+cedCcQy"}],"_useOriginalSize":false,"_string":"-1000","_N$string":"-1000","_lineHeight":35,"_N$file":{"__uuid__":"5f5wQekV1CGpJW2meZozWn"},"_isSystemFontUsed":false,"_N$verticalAlign":1},{"__type__":"cc.LabelOutline","node":{"__id__":65},"_color":{"__type__":"cc.Color"},"_width":2}],"_prefab":{"__type__":"cc.PrefabInfo","root":{"__id__":1},"asset":{"__uuid__":"22ydrbTs1I9ZAPIgSzWgD7"},"fileId":"72HNZe4IBNabbzI+bIzwVv"},"_color":{"__type__":"cc.Color","r":241,"g":241,"b":38},"_contentSize":{"__type__":"cc.Size","width":111.03,"height":48.1},"_anchorPoint":{"__type__":"cc.Vec2","y":0.5},"_trs":{"__type__":"TypedArray","ctor":"Float64Array","array":[81,5,0,0,0,0,1,1,1,1]}},{"__type__":"cc.Node","_name":"huacard","_parent":{"__id__":1},"_children":[{"__id__":67}],"_active":false,"_components":[{"__type__":"cc.Layout","node":{"__id__":66},"_N$layoutType":1,"_N$spacingX":33},{"__type__":"8f5c1NoKYlJOIy+Kxk7+L8e","node":{"__id__":66}}],"_prefab":{"__type__":"cc.PrefabInfo","root":{"__id__":1},"asset":{"__uuid__":"22ydrbTs1I9ZAPIgSzWgD7"},"fileId":"6742fhpNdxNgqhHPBCv4VF0"},"_contentSize":{"__type__":"cc.Size","width":300,"height":200},"_trs":{"__type__":"TypedArray","ctor":"Float64Array","array":[555,-64,0,0,0,0,1,0.5,0.5,1]}},{"__type__":"cc.Node","_name":"card01","_parent":{"__id__":66},"_components":[{"__type__":"cc.Sprite","node":{"__id__":67},"_materials":[{"__uuid__":"ecpdLyjvZBwrvm+cedCcQy"}],"_spriteFrame":{"__uuid__":"40zOexKUBCyq5rxbs5ANC4"}}],"_prefab":{"__type__":"cc.PrefabInfo","root":{"__id__":1},"asset":{"__uuid__":"22ydrbTs1I9ZAPIgSzWgD7"},"fileId":"9eecfjTmiVBfaX/LAL0qvNA"},"_contentSize":{"__type__":"cc.Size","width":47,"height":76},"_trs":{"__type__":"TypedArray","ctor":"Float64Array","array":[-126.5,0,0,0,0,0,1,1.7,1.7,1]}},{"__type__":"cc.Node","_name":"zhongma","_parent":{"__id__":1},"_children":[{"__id__":69},{"__id__":70},{"__id__":73},{"__id__":76},{"__id__":79},{"__id__":82},{"__id__":85},{"__id__":88},{"__id__":91}],"_components":[{"__type__":"cc.Layout","node":{"__id__":68},"_N$layoutType":1,"_N$spacingX":33},{"__type__":"8f5c1NoKYlJOIy+Kxk7+L8e","node":{"__id__":68}}],"_prefab":{"__type__":"cc.PrefabInfo","root":{"__id__":1},"asset":{"__uuid__":"22ydrbTs1I9ZAPIgSzWgD7"},"fileId":"8f7wgRTW5Esaxqgd0ffFn9"},"_contentSize":{"__type__":"cc.Size","width":300,"height":200},"_trs":{"__type__":"TypedArray","ctor":"Float64Array","array":[440.1,-64,0,0,0,0,1,0.35,0.35,1]}},{"__type__":"cc.Node","_name":"lb_tip","_parent":{"__id__":68},"_active":false,"_components":[{"__type__":"cc.Label","node":{"__id__":69},"_materials":[{"__uuid__":"ecpdLyjvZBwrvm+cedCcQy"}],"_useOriginalSize":false,"_string":"中码:","_N$string":"中码:","_N$file":{"__uuid__":"5f5wQekV1CGpJW2meZozWn"},"_isSystemFontUsed":false,"_N$horizontalAlign":1,"_N$verticalAlign":1}],"_prefab":{"__type__":"cc.PrefabInfo","root":{"__id__":1},"asset":{"__uuid__":"22ydrbTs1I9ZAPIgSzWgD7"},"fileId":"72FDQaCkBG54lhio3wfs7g"},"_color":{"__type__":"cc.Color","r":241,"g":9,"b":9},"_contentSize":{"__type__":"cc.Size","width":90.63,"height":50.4},"_trs":{"__type__":"TypedArray","ctor":"Float64Array","array":[-104.685,0,0,0,0,0,1,1,1,1]}},{"__type__":"cc.Node","_name":"card1","_parent":{"__id__":68},"_children":[{"__id__":71},{"__id__":72}],"_components":[{"__type__":"cc.Sprite","node":{"__id__":70},"_materials":[{"__uuid__":"ecpdLyjvZBwrvm+cedCcQy"}],"_spriteFrame":{"__uuid__":"40zOexKUBCyq5rxbs5ANC4"}}],"_prefab":{"__type__":"cc.PrefabInfo","root":{"__id__":1},"asset":{"__uuid__":"22ydrbTs1I9ZAPIgSzWgD7"},"fileId":"53jmfF1jtKbpCqJ8XgHdFE"},"_contentSize":{"__type__":"cc.Size","width":47,"height":76},"_trs":{"__type__":"TypedArray","ctor":"Float64Array","array":[-126.5,0,0,0,0,0,1,1.7,1.7,1]}},{"__type__":"cc.Node","_name":"da","_parent":{"__id__":70},"_active":false,"_components":[{"__type__":"cc.Sprite","node":{"__id__":71},"_materials":[{"__uuid__":"ecpdLyjvZBwrvm+cedCcQy"}],"_spriteFrame":{"__uuid__":"79lNIW0DdBibdQoJxDUnh4"}}],"_prefab":{"__type__":"cc.PrefabInfo","root":{"__id__":1},"asset":{"__uuid__":"22ydrbTs1I9ZAPIgSzWgD7"},"fileId":"fcadREGdpAb46PSojjCZj/"},"_contentSize":{"__type__":"cc.Size","width":44,"height":41},"_trs":{"__type__":"TypedArray","ctor":"Float64Array","array":[13.993,26.818,0,0,0,0,1,0.4,0.4,1]}},{"__type__":"cc.Node","_name":"icon_fu","_parent":{"__id__":70},"_active":false,"_components":[{"__type__":"cc.Sprite","node":{"__id__":72},"_materials":[{"__uuid__":"ecpdLyjvZBwrvm+cedCcQy"}],"_spriteFrame":{"__uuid__":"89EXKbCDBD8qyaGgXDxA43"}}],"_prefab":{"__type__":"cc.PrefabInfo","root":{"__id__":1},"asset":{"__uuid__":"22ydrbTs1I9ZAPIgSzWgD7"},"fileId":"7fWJcCU1BMirea1WEayX3X"},"_contentSize":{"__type__":"cc.Size","width":46,"height":42},"_trs":{"__type__":"TypedArray","ctor":"Float64Array","array":[13.993,26.818,0,0,0,0,1,0.4,0.4,1]}},{"__type__":"cc.Node","_name":"card2","_parent":{"__id__":68},"_children":[{"__id__":74},{"__id__":75}],"_components":[{"__type__":"cc.Sprite","node":{"__id__":73},"_materials":[{"__uuid__":"ecpdLyjvZBwrvm+cedCcQy"}],"_spriteFrame":{"__uuid__":"40zOexKUBCyq5rxbs5ANC4"}}],"_prefab":{"__type__":"cc.PrefabInfo","root":{"__id__":1},"asset":{"__uuid__":"22ydrbTs1I9ZAPIgSzWgD7"},"fileId":"b2M+LILmBBjqxdWyq1cg/M"},"_contentSize":{"__type__":"cc.Size","width":47,"height":76},"_trs":{"__type__":"TypedArray","ctor":"Float64Array","array":[-46.5,0,0,0,0,0,1,1.7,1.7,1]}},{"__type__":"cc.Node","_name":"da","_parent":{"__id__":73},"_active":false,"_components":[{"__type__":"cc.Sprite","node":{"__id__":74},"_materials":[{"__uuid__":"ecpdLyjvZBwrvm+cedCcQy"}],"_spriteFrame":{"__uuid__":"79lNIW0DdBibdQoJxDUnh4"}}],"_prefab":{"__type__":"cc.PrefabInfo","root":{"__id__":1},"asset":{"__uuid__":"22ydrbTs1I9ZAPIgSzWgD7"},"fileId":"a8fL0rQPhJf5N/OugiiYE3"},"_contentSize":{"__type__":"cc.Size","width":44,"height":41},"_trs":{"__type__":"TypedArray","ctor":"Float64Array","array":[13.993,26.818,0,0,0,0,1,0.4,0.4,1]}},{"__type__":"cc.Node","_name":"icon_fu","_parent":{"__id__":73},"_active":false,"_components":[{"__type__":"cc.Sprite","node":{"__id__":75},"_materials":[{"__uuid__":"ecpdLyjvZBwrvm+cedCcQy"}],"_spriteFrame":{"__uuid__":"89EXKbCDBD8qyaGgXDxA43"}}],"_prefab":{"__type__":"cc.PrefabInfo","root":{"__id__":1},"asset":{"__uuid__":"22ydrbTs1I9ZAPIgSzWgD7"},"fileId":"c5edC1qCtM66si3mGeVuLq"},"_contentSize":{"__type__":"cc.Size","width":46,"height":42},"_trs":{"__type__":"TypedArray","ctor":"Float64Array","array":[13.993,26.818,0,0,0,0,1,0.4,0.4,1]}},{"__type__":"cc.Node","_name":"card3","_parent":{"__id__":68},"_children":[{"__id__":77},{"__id__":78}],"_components":[{"__type__":"cc.Sprite","node":{"__id__":76},"_materials":[{"__uuid__":"ecpdLyjvZBwrvm+cedCcQy"}],"_spriteFrame":{"__uuid__":"40zOexKUBCyq5rxbs5ANC4"}}],"_prefab":{"__type__":"cc.PrefabInfo","root":{"__id__":1},"asset":{"__uuid__":"22ydrbTs1I9ZAPIgSzWgD7"},"fileId":"91fmrwYt9GS4/UWBY55b1q"},"_contentSize":{"__type__":"cc.Size","width":47,"height":76},"_trs":{"__type__":"TypedArray","ctor":"Float64Array","array":[33.5,0,0,0,0,0,1,1.7,1.7,1]}},{"__type__":"cc.Node","_name":"da","_parent":{"__id__":76},"_active":false,"_components":[{"__type__":"cc.Sprite","node":{"__id__":77},"_materials":[{"__uuid__":"ecpdLyjvZBwrvm+cedCcQy"}],"_spriteFrame":{"__uuid__":"79lNIW0DdBibdQoJxDUnh4"}}],"_prefab":{"__type__":"cc.PrefabInfo","root":{"__id__":1},"asset":{"__uuid__":"22ydrbTs1I9ZAPIgSzWgD7"},"fileId":"0c3ib0H/dDyqWirvJzvGs7"},"_contentSize":{"__type__":"cc.Size","width":44,"height":41},"_trs":{"__type__":"TypedArray","ctor":"Float64Array","array":[13.993,26.818,0,0,0,0,1,0.4,0.4,1]}},{"__type__":"cc.Node","_name":"icon_fu","_parent":{"__id__":76},"_active":false,"_components":[{"__type__":"cc.Sprite","node":{"__id__":78},"_materials":[{"__uuid__":"ecpdLyjvZBwrvm+cedCcQy"}],"_spriteFrame":{"__uuid__":"89EXKbCDBD8qyaGgXDxA43"}}],"_prefab":{"__type__":"cc.PrefabInfo","root":{"__id__":1},"asset":{"__uuid__":"22ydrbTs1I9ZAPIgSzWgD7"},"fileId":"0d//fWwfhMNrSjXnWylleA"},"_contentSize":{"__type__":"cc.Size","width":46,"height":42},"_trs":{"__type__":"TypedArray","ctor":"Float64Array","array":[13.993,26.818,0,0,0,0,1,0.4,0.4,1]}},{"__type__":"cc.Node","_name":"card4","_parent":{"__id__":68},"_children":[{"__id__":80},{"__id__":81}],"_components":[{"__type__":"cc.Sprite","node":{"__id__":79},"_materials":[{"__uuid__":"ecpdLyjvZBwrvm+cedCcQy"}],"_spriteFrame":{"__uuid__":"40zOexKUBCyq5rxbs5ANC4"}}],"_prefab":{"__type__":"cc.PrefabInfo","root":{"__id__":1},"asset":{"__uuid__":"22ydrbTs1I9ZAPIgSzWgD7"},"fileId":"a5+WB/C2tFDbovjznFBRr1"},"_contentSize":{"__type__":"cc.Size","width":47,"height":76},"_trs":{"__type__":"TypedArray","ctor":"Float64Array","array":[113.5,0,0,0,0,0,1,1.7,1.7,1]}},{"__type__":"cc.Node","_name":"da","_parent":{"__id__":79},"_active":false,"_components":[{"__type__":"cc.Sprite","node":{"__id__":80},"_materials":[{"__uuid__":"ecpdLyjvZBwrvm+cedCcQy"}],"_spriteFrame":{"__uuid__":"79lNIW0DdBibdQoJxDUnh4"}}],"_prefab":{"__type__":"cc.PrefabInfo","root":{"__id__":1},"asset":{"__uuid__":"22ydrbTs1I9ZAPIgSzWgD7"},"fileId":"ceSYSDMMpELYxQ2WGwmkIp"},"_contentSize":{"__type__":"cc.Size","width":44,"height":41},"_trs":{"__type__":"TypedArray","ctor":"Float64Array","array":[13.993,26.818,0,0,0,0,1,0.4,0.4,1]}},{"__type__":"cc.Node","_name":"icon_fu","_parent":{"__id__":79},"_active":false,"_components":[{"__type__":"cc.Sprite","node":{"__id__":81},"_materials":[{"__uuid__":"ecpdLyjvZBwrvm+cedCcQy"}],"_spriteFrame":{"__uuid__":"89EXKbCDBD8qyaGgXDxA43"}}],"_prefab":{"__type__":"cc.PrefabInfo","root":{"__id__":1},"asset":{"__uuid__":"22ydrbTs1I9ZAPIgSzWgD7"},"fileId":"b3Kpr9EkdDaIUkg7n+YWjp"},"_contentSize":{"__type__":"cc.Size","width":46,"height":42},"_trs":{"__type__":"TypedArray","ctor":"Float64Array","array":[13.993,26.818,0,0,0,0,1,0.4,0.4,1]}},{"__type__":"cc.Node","_name":"card5","_parent":{"__id__":68},"_children":[{"__id__":83},{"__id__":84}],"_components":[{"__type__":"cc.Sprite","node":{"__id__":82},"_materials":[{"__uuid__":"ecpdLyjvZBwrvm+cedCcQy"}],"_spriteFrame":{"__uuid__":"40zOexKUBCyq5rxbs5ANC4"}}],"_prefab":{"__type__":"cc.PrefabInfo","root":{"__id__":1},"asset":{"__uuid__":"22ydrbTs1I9ZAPIgSzWgD7"},"fileId":"f1b1v4i61HmoZn5MFs1MiV"},"_contentSize":{"__type__":"cc.Size","width":47,"height":76},"_trs":{"__type__":"TypedArray","ctor":"Float64Array","array":[193.5,0,0,0,0,0,1,1.7,1.7,1]}},{"__type__":"cc.Node","_name":"da","_parent":{"__id__":82},"_active":false,"_components":[{"__type__":"cc.Sprite","node":{"__id__":83},"_materials":[{"__uuid__":"ecpdLyjvZBwrvm+cedCcQy"}],"_spriteFrame":{"__uuid__":"79lNIW0DdBibdQoJxDUnh4"}}],"_prefab":{"__type__":"cc.PrefabInfo","root":{"__id__":1},"asset":{"__uuid__":"22ydrbTs1I9ZAPIgSzWgD7"},"fileId":"33xAuduUNBToLwdZIepVbV"},"_contentSize":{"__type__":"cc.Size","width":44,"height":41},"_trs":{"__type__":"TypedArray","ctor":"Float64Array","array":[13.993,26.818,0,0,0,0,1,0.4,0.4,1]}},{"__type__":"cc.Node","_name":"icon_fu","_parent":{"__id__":82},"_active":false,"_components":[{"__type__":"cc.Sprite","node":{"__id__":84},"_materials":[{"__uuid__":"ecpdLyjvZBwrvm+cedCcQy"}],"_spriteFrame":{"__uuid__":"89EXKbCDBD8qyaGgXDxA43"}}],"_prefab":{"__type__":"cc.PrefabInfo","root":{"__id__":1},"asset":{"__uuid__":"22ydrbTs1I9ZAPIgSzWgD7"},"fileId":"d7Rv7ybk5EpaRIezz6bNEy"},"_contentSize":{"__type__":"cc.Size","width":46,"height":42},"_trs":{"__type__":"TypedArray","ctor":"Float64Array","array":[13.993,26.818,0,0,0,0,1,0.4,0.4,1]}},{"__type__":"cc.Node","_name":"card6","_parent":{"__id__":68},"_children":[{"__id__":86},{"__id__":87}],"_components":[{"__type__":"cc.Sprite","node":{"__id__":85},"_materials":[{"__uuid__":"ecpdLyjvZBwrvm+cedCcQy"}],"_spriteFrame":{"__uuid__":"40zOexKUBCyq5rxbs5ANC4"}}],"_prefab":{"__type__":"cc.PrefabInfo","root":{"__id__":1},"asset":{"__uuid__":"22ydrbTs1I9ZAPIgSzWgD7"},"fileId":"29jcXNlA1PI6gXuU0DJjWN"},"_contentSize":{"__type__":"cc.Size","width":47,"height":76},"_trs":{"__type__":"TypedArray","ctor":"Float64Array","array":[273.5,0,0,0,0,0,1,1.7,1.7,1]}},{"__type__":"cc.Node","_name":"da","_parent":{"__id__":85},"_active":false,"_components":[{"__type__":"cc.Sprite","node":{"__id__":86},"_materials":[{"__uuid__":"ecpdLyjvZBwrvm+cedCcQy"}],"_spriteFrame":{"__uuid__":"79lNIW0DdBibdQoJxDUnh4"}}],"_prefab":{"__type__":"cc.PrefabInfo","root":{"__id__":1},"asset":{"__uuid__":"22ydrbTs1I9ZAPIgSzWgD7"},"fileId":"51rQsSKQpMMrYm3FfW48M6"},"_contentSize":{"__type__":"cc.Size","width":44,"height":41},"_trs":{"__type__":"TypedArray","ctor":"Float64Array","array":[13.993,26.818,0,0,0,0,1,0.4,0.4,1]}},{"__type__":"cc.Node","_name":"icon_fu","_parent":{"__id__":85},"_active":false,"_components":[{"__type__":"cc.Sprite","node":{"__id__":87},"_materials":[{"__uuid__":"ecpdLyjvZBwrvm+cedCcQy"}],"_spriteFrame":{"__uuid__":"89EXKbCDBD8qyaGgXDxA43"}}],"_prefab":{"__type__":"cc.PrefabInfo","root":{"__id__":1},"asset":{"__uuid__":"22ydrbTs1I9ZAPIgSzWgD7"},"fileId":"6flkYML+NBMpt0nTyZPqDJ"},"_contentSize":{"__type__":"cc.Size","width":46,"height":42},"_trs":{"__type__":"TypedArray","ctor":"Float64Array","array":[13.993,26.818,0,0,0,0,1,0.4,0.4,1]}},{"__type__":"cc.Node","_name":"card7","_parent":{"__id__":68},"_children":[{"__id__":89},{"__id__":90}],"_components":[{"__type__":"cc.Sprite","node":{"__id__":88},"_materials":[{"__uuid__":"ecpdLyjvZBwrvm+cedCcQy"}],"_spriteFrame":{"__uuid__":"40zOexKUBCyq5rxbs5ANC4"}}],"_prefab":{"__type__":"cc.PrefabInfo","root":{"__id__":1},"asset":{"__uuid__":"22ydrbTs1I9ZAPIgSzWgD7"},"fileId":"a4rjjtOFZA6I5ZjJ/cxyIH"},"_contentSize":{"__type__":"cc.Size","width":47,"height":76},"_trs":{"__type__":"TypedArray","ctor":"Float64Array","array":[353.5,0,0,0,0,0,1,1.7,1.7,1]}},{"__type__":"cc.Node","_name":"da","_parent":{"__id__":88},"_active":false,"_components":[{"__type__":"cc.Sprite","node":{"__id__":89},"_materials":[{"__uuid__":"ecpdLyjvZBwrvm+cedCcQy"}],"_spriteFrame":{"__uuid__":"79lNIW0DdBibdQoJxDUnh4"}}],"_prefab":{"__type__":"cc.PrefabInfo","root":{"__id__":1},"asset":{"__uuid__":"22ydrbTs1I9ZAPIgSzWgD7"},"fileId":"edHUrd9DJJgL3aTqC3N0hH"},"_contentSize":{"__type__":"cc.Size","width":44,"height":41},"_trs":{"__type__":"TypedArray","ctor":"Float64Array","array":[13.993,26.818,0,0,0,0,1,0.4,0.4,1]}},{"__type__":"cc.Node","_name":"icon_fu","_parent":{"__id__":88},"_active":false,"_components":[{"__type__":"cc.Sprite","node":{"__id__":90},"_materials":[{"__uuid__":"ecpdLyjvZBwrvm+cedCcQy"}],"_spriteFrame":{"__uuid__":"89EXKbCDBD8qyaGgXDxA43"}}],"_prefab":{"__type__":"cc.PrefabInfo","root":{"__id__":1},"asset":{"__uuid__":"22ydrbTs1I9ZAPIgSzWgD7"},"fileId":"b80Mc+h2hLqKW80cm4DxUJ"},"_contentSize":{"__type__":"cc.Size","width":46,"height":42},"_trs":{"__type__":"TypedArray","ctor":"Float64Array","array":[13.993,26.818,0,0,0,0,1,0.4,0.4,1]}},{"__type__":"cc.Node","_name":"card8","_parent":{"__id__":68},"_children":[{"__id__":92},{"__id__":93}],"_components":[{"__type__":"cc.Sprite","node":{"__id__":91},"_materials":[{"__uuid__":"ecpdLyjvZBwrvm+cedCcQy"}],"_spriteFrame":{"__uuid__":"40zOexKUBCyq5rxbs5ANC4"}}],"_prefab":{"__type__":"cc.PrefabInfo","root":{"__id__":1},"asset":{"__uuid__":"22ydrbTs1I9ZAPIgSzWgD7"},"fileId":"14HOEdpGNNZJuhYZ9CEY+Q"},"_contentSize":{"__type__":"cc.Size","width":47,"height":76},"_trs":{"__type__":"TypedArray","ctor":"Float64Array","array":[433.5,0,0,0,0,0,1,1.7,1.7,1]}},{"__type__":"cc.Node","_name":"da","_parent":{"__id__":91},"_active":false,"_components":[{"__type__":"cc.Sprite","node":{"__id__":92},"_materials":[{"__uuid__":"ecpdLyjvZBwrvm+cedCcQy"}],"_spriteFrame":{"__uuid__":"79lNIW0DdBibdQoJxDUnh4"}}],"_prefab":{"__type__":"cc.PrefabInfo","root":{"__id__":1},"asset":{"__uuid__":"22ydrbTs1I9ZAPIgSzWgD7"},"fileId":"6ddZi8KRlLxqMxRZilBpZm"},"_contentSize":{"__type__":"cc.Size","width":44,"height":41},"_trs":{"__type__":"TypedArray","ctor":"Float64Array","array":[13.993,26.818,0,0,0,0,1,0.4,0.4,1]}},{"__type__":"cc.Node","_name":"icon_fu","_parent":{"__id__":91},"_active":false,"_components":[{"__type__":"cc.Sprite","node":{"__id__":93},"_materials":[{"__uuid__":"ecpdLyjvZBwrvm+cedCcQy"}],"_spriteFrame":{"__uuid__":"89EXKbCDBD8qyaGgXDxA43"}}],"_prefab":{"__type__":"cc.PrefabInfo","root":{"__id__":1},"asset":{"__uuid__":"22ydrbTs1I9ZAPIgSzWgD7"},"fileId":"feml+aN/ZP/4wnehEsnEGg"},"_contentSize":{"__type__":"cc.Size","width":46,"height":42},"_trs":{"__type__":"TypedArray","ctor":"Float64Array","array":[13.993,26.818,0,0,0,0,1,0.4,0.4,1]}}],{"__type__":"cc.SpriteFrame","content":{"name":"hh_face_dao_02","texture":"36+6C0mK5CBrXf7ot3gEM9","rect":[0,0,47,76],"offset":[0,0],"originalSize":[47,76],"capInsets":[0,0,0,0]}},{"__type__":"cc.SpriteFrame","content":{"name":"img_yel_down02","texture":"afkKNIIFdA5pXQl09RYRAP","rect":[0,0,151,101],"offset":[0,0],"originalSize":[151,101],"capInsets":[20,20,20,20]}},{"__type__":"cc.SpriteFrame","content":{"name":"hh_face_dao_24","texture":"831BmxbbRO+IuhJucoIFO0","rect":[0,0,47,76],"offset":[0,0],"originalSize":[47,76],"capInsets":[0,0,0,0]}},{"__type__":"cc.SpriteFrame","content":{"name":"icon_zheng","texture":"8bee8j4BpCzZTSV+NPYoSv","rect":[0,0,69,61],"offset":[0,0],"originalSize":[69,61],"capInsets":[0,0,0,0]}},{"__type__":"cc.SpriteFrame","content":{"name":"img_zheng","texture":"1fbnSXXN9MPbz+RPjRWGIc","rect":[0,0,44,41],"offset":[0,0],"originalSize":[44,41],"capInsets":[0,0,0,0]}},{"__type__":"cc.SpriteFrame","content":{"name":"img_fu","texture":"38wxoCmWBIsIi94lnRsTKG","rect":[0,0,46,42],"offset":[0,0.5],"originalSize":[46,43],"capInsets":[0,0,0,0]}},{"__type__":"cc.SpriteFrame","content":{"name":"icon_z","texture":"b6pJSXjMlFabEhHZi0Cyop","rect":[0,0,38,39],"offset":[0,0],"originalSize":[38,39],"capInsets":[0,0,0,0]}},{"__type__":"cc.SpriteFrame","content":{"name":"img_bp","texture":"bc+sPGRqdP6ZVgGnr53xmO","rect":[0,0,77,44],"offset":[0,0],"originalSize":[77,44],"capInsets":[0,0,0,0]}},{"__type__":"cc.SpriteFrame","content":{"name":"icon_chun","texture":"2167CYVuRELZ6Q9sC/Ki3v","rect":[0,0,67,59],"offset":[0,0],"originalSize":[67,59],"capInsets":[0,0,0,0]}},{"__type__":"cc.SpriteFrame","content":{"name":"img_bd","texture":"daWVwRpqpKNYvLkie1KqTO","rect":[0,0,80,43],"offset":[0,0],"originalSize":[80,43],"capInsets":[0,0,0,0]}},{"__type__":"cc.SpriteFrame","content":{"name":"morentouxiang","texture":"189664600","rect":[181,652,60,60],"offset":[0,0],"originalSize":[60,60],"capInsets":[0,0,0,0]}}]