[{"__type__":"cc.SpriteFrame","content":{"name":"img_xz","texture":"44F8wU7zdK/a3xLooxRgXx","rect":[0,0,203,73],"offset":[0,0],"originalSize":[203,73],"capInsets":[0,0,0,0]}},{"__type__":"cc.SpriteFrame","content":{"name":"img_zz","texture":"feJ99w8IxO6YPEZDplnZTc","rect":[0,0,64,64],"offset":[0,0],"originalSize":[64,64],"capInsets":[0,0,0,0]}},{"__type__":"cc.SpriteFrame","content":{"name":"default_scrollbar_vertical","texture":"d608qFRoFHwbXd0Dap056i","rect":[0,0,15,30],"offset":[0,0],"originalSize":[15,30],"capInsets":[4,10,4,10]}},{"__type__":"cc.SpriteFrame","content":{"name":"default_scrollbar_vertical_bg","texture":"61cyPdEfRN047sDK9rO0W5","rect":[0,0,15,30],"offset":[0,0],"originalSize":[15,30],"capInsets":[4,10,4,10]}},{"__type__":"cc.SpriteFrame","content":{"name":"img_di","texture":"26tE99VwBLg6YWHr9LWQRC","rect":[0,0,974,523],"offset":[0,0],"originalSize":[974,523],"capInsets":[0,0,0,0]}},{"__type__":"cc.SpriteFrame","content":{"name":"img_bjl_wxz","texture":"5a0h88ZGRBFqPtG+fS3Wxm","rect":[0,0,170,61],"offset":[-0.5,0],"originalSize":[171,61],"capInsets":[0,0,0,0]}},{"__type__":"cc.SpriteFrame","content":{"name":"img_tiao","texture":"d0Zt+IvDNIGbyRDoo2ZPUL","rect":[0,0,966,58],"offset":[0,0],"originalSize":[966,58],"capInsets":[0,0,0,0]}},[{"__type__":"cc.Prefab","_name":"UIClubPlayerRecord","data":{"__id__":1}},{"__type__":"cc.Node","_name":"UIClubPlayerRecord","_children":[{"__id__":2},{"__id__":10},{"__id__":16},{"__id__":23},{"__id__":59},{"__id__":60},{"__id__":61},{"__id__":62},{"__id__":63}],"_components":[{"__type__":"cc.Widget","node":{"__id__":1},"alignMode":0,"_alignFlags":45,"_originalWidth":750,"_originalHeight":1360},{"__type__":"cc.Button","node":{"__id__":1},"_N$normalColor":{"__type__":"cc.Color","r":214,"g":214,"b":214},"_N$target":{"__id__":1}},{"__type__":"cc.Sprite","node":{"__id__":1},"_materials":[{"__uuid__":"ecpdLyjvZBwrvm+cedCcQy"}],"_spriteFrame":{"__uuid__":"1f1tpQZd9F5bnEvuP+nr++"},"_sizeMode":0},{"__type__":"80fe8rmrpNKTJD0r/RjD0u7","node":{"__id__":1},"layout":{"__id__":17}}],"_prefab":{"__type__":"cc.PrefabInfo","root":{"__id__":1},"asset":{"__uuid__":"b9Aq3MrLBMq61w5YEMvpw2"},"fileId":"a7+sc8S01BP7Zt/6NhmMNj"},"_contentSize":{"__type__":"cc.Size","width":1360,"height":760},"_trs":{"__type__":"TypedArray","ctor":"Float64Array","array":[680,380,0,0,0,0,1,1,1,1]}},{"__type__":"cc.Node","_name":"bg","_parent":{"__id__":1},"_children":[{"__id__":3},{"__id__":4},{"__id__":5},{"__id__":6},{"__id__":7},{"__id__":8},{"__id__":9}],"_components":[{"__type__":"cc.Sprite","node":{"__id__":2},"_materials":[{"__uuid__":"ecpdLyjvZBwrvm+cedCcQy"}],"_spriteFrame":{"__uuid__":"d7eC+OdddLbaboOM1MoMuE"},"_type":1}],"_prefab":{"__type__":"cc.PrefabInfo","root":{"__id__":1},"asset":{"__uuid__":"b9Aq3MrLBMq61w5YEMvpw2"},"fileId":"18q3V0T4FKEIMMazVCL8NT"},"_contentSize":{"__type__":"cc.Size","width":1169,"height":643},"_trs":{"__type__":"TypedArray","ctor":"Float64Array","array":[0,-38.261,0,0,0,0,1,1,1,1]}},{"__type__":"cc.Node","_name":"New Sprite","_parent":{"__id__":2},"_components":[{"__type__":"cc.Sprite","node":{"__id__":3},"_materials":[{"__uuid__":"ecpdLyjvZBwrvm+cedCcQy"}],"_spriteFrame":{"__uuid__":"66uSrAjxVMZJx7LVC+cFuc"}}],"_prefab":{"__type__":"cc.PrefabInfo","root":{"__id__":1},"asset":{"__uuid__":"b9Aq3MrLBMq61w5YEMvpw2"},"fileId":"3cESV40K9Nv4OBKeMJZpe4"},"_contentSize":{"__type__":"cc.Size","width":974,"height":523},"_trs":{"__type__":"TypedArray","ctor":"Float64Array","array":[86.037,-29.915,0,0,0,0,1,1,1,1]}},{"__type__":"cc.Node","_name":"New Label","_parent":{"__id__":2},"_components":[{"__type__":"cc.Label","node":{"__id__":4},"_materials":[{"__uuid__":"ecpdLyjvZBwrvm+cedCcQy"}],"_useOriginalSize":false,"_string":"对局统计","_N$string":"对局统计","_fontSize":38,"_lineHeight":38,"_N$file":{"__uuid__":"5f5wQekV1CGpJW2meZozWn"},"_isSystemFontUsed":false,"_N$horizontalAlign":1,"_N$verticalAlign":1}],"_prefab":{"__type__":"cc.PrefabInfo","root":{"__id__":1},"asset":{"__uuid__":"b9Aq3MrLBMq61w5YEMvpw2"},"fileId":"124H9G+rhKIa9jwpdfnfPT"},"_color":{"__type__":"cc.Color","r":113,"g":55},"_contentSize":{"__type__":"cc.Size","width":152,"height":47.88},"_trs":{"__type__":"TypedArray","ctor":"Float64Array","array":[0,287.157,0,0,0,0,1,1,1,1]}},{"__type__":"cc.Node","_name":"img_zuo","_parent":{"__id__":2},"_components":[{"__type__":"cc.Sprite","node":{"__id__":5},"_materials":[{"__uuid__":"ecpdLyjvZBwrvm+cedCcQy"}],"_spriteFrame":{"__uuid__":"c93cuMxWNHg4j4K0zD7HFD"}}],"_prefab":{"__type__":"cc.PrefabInfo","root":{"__id__":1},"asset":{"__uuid__":"b9Aq3MrLBMq61w5YEMvpw2"},"fileId":"20NN3tPmFNwLzQH4ESjtEs"},"_contentSize":{"__type__":"cc.Size","width":171,"height":521},"_trs":{"__type__":"TypedArray","ctor":"Float64Array","array":[-481.54,-29.452,0,0,0,0,1,1,1,1]}},{"__type__":"cc.Node","_name":"tip","_parent":{"__id__":2},"_components":[{"__type__":"cc.Label","node":{"__id__":6},"_materials":[{"__uuid__":"ecpdLyjvZBwrvm+cedCcQy"}],"_useOriginalSize":false,"_string":"游戏名称","_N$string":"游戏名称","_fontSize":26,"_lineHeight":26,"_N$file":{"__uuid__":"5f5wQekV1CGpJW2meZozWn"},"_isSystemFontUsed":false,"_N$horizontalAlign":1,"_N$verticalAlign":1}],"_prefab":{"__type__":"cc.PrefabInfo","root":{"__id__":1},"asset":{"__uuid__":"b9Aq3MrLBMq61w5YEMvpw2"},"fileId":"deQZairDhNvrZyZ7U6go9V"},"_color":{"__type__":"cc.Color","r":138,"g":55},"_contentSize":{"__type__":"cc.Size","width":104,"height":32.76},"_trs":{"__type__":"TypedArray","ctor":"Float64Array","array":[-273.075,202.001,0,0,0,0,1,1,1,1]}},{"__type__":"cc.Node","_name":"tip_shuying","_parent":{"__id__":2},"_components":[{"__type__":"cc.Label","node":{"__id__":7},"_materials":[{"__uuid__":"ecpdLyjvZBwrvm+cedCcQy"}],"_useOriginalSize":false,"_string":"输赢分","_N$string":"输赢分","_fontSize":26,"_lineHeight":26,"_N$file":{"__uuid__":"5f5wQekV1CGpJW2meZozWn"},"_isSystemFontUsed":false,"_N$horizontalAlign":1,"_N$verticalAlign":1}],"_prefab":{"__type__":"cc.PrefabInfo","root":{"__id__":1},"asset":{"__uuid__":"b9Aq3MrLBMq61w5YEMvpw2"},"fileId":"6aIPCd5+VHH5Ohzr71R26G"},"_color":{"__type__":"cc.Color","r":138,"g":55},"_contentSize":{"__type__":"cc.Size","width":78,"height":32.76},"_trs":{"__type__":"TypedArray","ctor":"Float64Array","array":[-57.359,202.001,0,0,0,0,1,1,1,1]}},{"__type__":"cc.Node","_name":"tip2","_parent":{"__id__":2},"_components":[{"__type__":"cc.Label","node":{"__id__":8},"_materials":[{"__uuid__":"ecpdLyjvZBwrvm+cedCcQy"}],"_useOriginalSize":false,"_string":"对局数","_N$string":"对局数","_fontSize":26,"_lineHeight":26,"_N$file":{"__uuid__":"5f5wQekV1CGpJW2meZozWn"},"_isSystemFontUsed":false,"_N$horizontalAlign":1,"_N$verticalAlign":1}],"_prefab":{"__type__":"cc.PrefabInfo","root":{"__id__":1},"asset":{"__uuid__":"b9Aq3MrLBMq61w5YEMvpw2"},"fileId":"7849IkMyNM56wC1fnnwIXo"},"_color":{"__type__":"cc.Color","r":138,"g":55},"_contentSize":{"__type__":"cc.Size","width":78,"height":32.76},"_trs":{"__type__":"TypedArray","ctor":"Float64Array","array":[194.518,202.001,0,0,0,0,1,1,1,1]}},{"__type__":"cc.Node","_name":"tip3","_parent":{"__id__":2},"_components":[{"__type__":"cc.Label","node":{"__id__":9},"_materials":[{"__uuid__":"ecpdLyjvZBwrvm+cedCcQy"}],"_useOriginalSize":false,"_string":"大赢家数","_N$string":"大赢家数","_fontSize":26,"_lineHeight":26,"_N$file":{"__uuid__":"5f5wQekV1CGpJW2meZozWn"},"_isSystemFontUsed":false,"_N$horizontalAlign":1,"_N$verticalAlign":1}],"_prefab":{"__type__":"cc.PrefabInfo","root":{"__id__":1},"asset":{"__uuid__":"b9Aq3MrLBMq61w5YEMvpw2"},"fileId":"a6cPBXrBtOTbGRBwCpYJuf"},"_color":{"__type__":"cc.Color","r":138,"g":55},"_contentSize":{"__type__":"cc.Size","width":104,"height":32.76},"_trs":{"__type__":"TypedArray","ctor":"Float64Array","array":[447.554,202.001,0,0,0,0,1,1,1,1]}},{"__type__":"cc.Node","_name":"demo","_parent":{"__id__":1},"_children":[{"__id__":11},{"__id__":12},{"__id__":13},{"__id__":14},{"__id__":15}],"_active":false,"_prefab":{"__type__":"cc.PrefabInfo","root":{"__id__":1},"asset":{"__uuid__":"b9Aq3MrLBMq61w5YEMvpw2"},"fileId":"67tsfBeyFAk4mgFDQ6pwp3"},"_contentSize":{"__type__":"cc.Size","width":966,"height":58},"_anchorPoint":{"__type__":"cc.Vec2","x":0.5,"y":1},"_trs":{"__type__":"TypedArray","ctor":"Float64Array","array":[0,-38.261,0,0,0,0,1,1,1,1]}},{"__type__":"cc.Node","_name":"bg","_parent":{"__id__":10},"_components":[{"__type__":"cc.Sprite","node":{"__id__":11},"_materials":[{"__uuid__":"ecpdLyjvZBwrvm+cedCcQy"}],"_spriteFrame":{"__uuid__":"a8f0m00gROeqMMNKi2QaIA"}}],"_prefab":{"__type__":"cc.PrefabInfo","root":{"__id__":1},"asset":{"__uuid__":"b9Aq3MrLBMq61w5YEMvpw2"},"fileId":"05MswA+tZAhr8yUEC82nXT"},"_contentSize":{"__type__":"cc.Size","width":966,"height":58},"_anchorPoint":{"__type__":"cc.Vec2","x":0.5,"y":1},"_trs":{"__type__":"TypedArray","ctor":"Float64Array","array":[0,0,0,0,0,0,1,1,1,1]}},{"__type__":"cc.Node","_name":"lb_game","_parent":{"__id__":10},"_components":[{"__type__":"cc.Label","node":{"__id__":12},"_materials":[{"__uuid__":"ecpdLyjvZBwrvm+cedCcQy"}],"_useOriginalSize":false,"_string":"游戏","_N$string":"游戏","_fontSize":22,"_lineHeight":22,"_N$file":{"__uuid__":"5f5wQekV1CGpJW2meZozWn"},"_isSystemFontUsed":false,"_N$horizontalAlign":1,"_N$verticalAlign":1}],"_prefab":{"__type__":"cc.PrefabInfo","root":{"__id__":1},"asset":{"__uuid__":"b9Aq3MrLBMq61w5YEMvpw2"},"fileId":"c58n6mV+BL7ZEgkL59/r/g"},"_color":{"__type__":"cc.Color","r":112,"g":93,"b":82},"_contentSize":{"__type__":"cc.Size","width":44,"height":27.72},"_trs":{"__type__":"TypedArray","ctor":"Float64Array","array":[-354.604,-27.842,0,0,0,0,1,1,1,1]}},{"__type__":"cc.Node","_name":"lb_shuyingfen","_parent":{"__id__":10},"_components":[{"__type__":"cc.Label","node":{"__id__":13},"_materials":[{"__uuid__":"ecpdLyjvZBwrvm+cedCcQy"}],"_useOriginalSize":false,"_string":"0","_N$string":"0","_fontSize":22,"_lineHeight":22,"_N$file":{"__uuid__":"5f5wQekV1CGpJW2meZozWn"},"_isSystemFontUsed":false,"_N$horizontalAlign":1,"_N$verticalAlign":1}],"_prefab":{"__type__":"cc.PrefabInfo","root":{"__id__":1},"asset":{"__uuid__":"b9Aq3MrLBMq61w5YEMvpw2"},"fileId":"a0Rp6CzglIJJDLt+aMrxKj"},"_color":{"__type__":"cc.Color","r":112,"g":93,"b":82},"_contentSize":{"__type__":"cc.Size","width":12.55,"height":27.72},"_trs":{"__type__":"TypedArray","ctor":"Float64Array","array":[-138.132,-27.842,0,0,0,0,1,1,1,1]}},{"__type__":"cc.Node","_name":"lb_jushu","_parent":{"__id__":10},"_components":[{"__type__":"cc.Label","node":{"__id__":14},"_materials":[{"__uuid__":"ecpdLyjvZBwrvm+cedCcQy"}],"_useOriginalSize":false,"_string":"0","_N$string":"0","_fontSize":22,"_lineHeight":22,"_N$file":{"__uuid__":"5f5wQekV1CGpJW2meZozWn"},"_isSystemFontUsed":false,"_N$horizontalAlign":1,"_N$verticalAlign":1}],"_prefab":{"__type__":"cc.PrefabInfo","root":{"__id__":1},"asset":{"__uuid__":"b9Aq3MrLBMq61w5YEMvpw2"},"fileId":"722uCJ+C9Gt5kK/vss6gXF"},"_color":{"__type__":"cc.Color","r":112,"g":93,"b":82},"_contentSize":{"__type__":"cc.Size","width":12.55,"height":27.72},"_trs":{"__type__":"TypedArray","ctor":"Float64Array","array":[113.683,-27.842,0,0,0,0,1,1,1,1]}},{"__type__":"cc.Node","_name":"lb_dayingjia","_parent":{"__id__":10},"_components":[{"__type__":"cc.Label","node":{"__id__":15},"_materials":[{"__uuid__":"ecpdLyjvZBwrvm+cedCcQy"}],"_useOriginalSize":false,"_string":"0","_N$string":"0","_fontSize":22,"_lineHeight":22,"_N$file":{"__uuid__":"5f5wQekV1CGpJW2meZozWn"},"_isSystemFontUsed":false,"_N$horizontalAlign":1,"_N$verticalAlign":1}],"_prefab":{"__type__":"cc.PrefabInfo","root":{"__id__":1},"asset":{"__uuid__":"b9Aq3MrLBMq61w5YEMvpw2"},"fileId":"81c9QfdmpCVY0A2PuTswIY"},"_color":{"__type__":"cc.Color","r":112,"g":93,"b":82},"_contentSize":{"__type__":"cc.Size","width":12.55,"height":27.72},"_trs":{"__type__":"TypedArray","ctor":"Float64Array","array":[364.025,-27.842,0,0,0,0,1,1,1,1]}},{"__type__":"cc.Node","_name":"mask","_parent":{"__id__":1},"_children":[{"__id__":17},{"__id__":18}],"_components":[{"__type__":"cc.Mask","node":{"__id__":16},"_materials":[{"__uuid__":"ecpdLyjvZBwrvm+cedCcQy"}]},{"__id__":22}],"_prefab":{"__type__":"cc.PrefabInfo","root":{"__id__":1},"asset":{"__uuid__":"b9Aq3MrLBMq61w5YEMvpw2"},"fileId":"c2pRglj11B25Pq78E9B1bu"},"_contentSize":{"__type__":"cc.Size","width":980,"height":400},"_anchorPoint":{"__type__":"cc.Vec2","x":0.5,"y":1},"_trs":{"__type__":"TypedArray","ctor":"Float64Array","array":[82.156,135.328,0,0,0,0,1,1,1,1]}},{"__type__":"cc.Node","_name":"layout","_parent":{"__id__":16},"_components":[{"__type__":"cc.Layout","node":{"__id__":17},"_layoutSize":{"__type__":"cc.Size","width":966,"height":58},"_resize":1,"_N$layoutType":2}],"_prefab":{"__type__":"cc.PrefabInfo","root":{"__id__":1},"asset":{"__uuid__":"b9Aq3MrLBMq61w5YEMvpw2"},"fileId":"0bvYdqwXNDh5heZTo+Zhlk"},"_contentSize":{"__type__":"cc.Size","width":966,"height":58},"_anchorPoint":{"__type__":"cc.Vec2","x":0.5,"y":1},"_trs":{"__type__":"TypedArray","ctor":"Float64Array","array":[0,-1.247,0,0,0,0,1,1,1,1]}},{"__type__":"cc.Node","_name":"scrollBar","_parent":{"__id__":16},"_children":[{"__id__":19}],"_components":[{"__id__":21},{"__type__":"cc.Widget","node":{"__id__":18},"alignMode":0,"_alignFlags":37,"_left":350.07654921020657,"_originalHeight":237},{"__type__":"cc.Sprite","node":{"__id__":18},"_materials":[{"__uuid__":"ecpdLyjvZBwrvm+cedCcQy"}],"_spriteFrame":{"__uuid__":"5f5dyqtRNNxaFmVzYns6FZ"},"_type":1,"_sizeMode":0}],"_prefab":{"__type__":"cc.PrefabInfo","root":{"__id__":1},"asset":{"__uuid__":"b9Aq3MrLBMq61w5YEMvpw2"},"fileId":"f3mkwxLMVLraIzTJyAFPhx"},"_contentSize":{"__type__":"cc.Size","width":12,"height":400},"_anchorPoint":{"__type__":"cc.Vec2","x":1,"y":0.5},"_trs":{"__type__":"TypedArray","ctor":"Float64Array","array":[490,-200,0,0,0,0,1,1,1,1]}},{"__type__":"cc.Node","_name":"bar","_parent":{"__id__":18},"_components":[{"__id__":20}],"_prefab":{"__type__":"cc.PrefabInfo","root":{"__id__":1},"asset":{"__uuid__":"b9Aq3MrLBMq61w5YEMvpw2"},"fileId":"45f/91+xVHnYOttq7iUvKN"},"_contentSize":{"__type__":"cc.Size","width":10,"height":30},"_anchorPoint":{"__type__":"cc.Vec2","x":1},"_trs":{"__type__":"TypedArray","ctor":"Float64Array","array":[-1,0,0,0,0,0,1,1,1,1]}},{"__type__":"cc.Sprite","node":{"__id__":19},"_materials":[{"__uuid__":"ecpdLyjvZBwrvm+cedCcQy"}],"_spriteFrame":{"__uuid__":"5cO7kybDxGj4ipyMYdRYZB"},"_type":1,"_sizeMode":0},{"__type__":"cc.Scrollbar","node":{"__id__":18},"_scrollView":{"__id__":22},"_N$handle":{"__id__":20},"_N$direction":1},{"__type__":"cc.ScrollView","node":{"__id__":16},"horizontal":false,"_N$content":{"__id__":17},"content":{"__id__":17},"_N$verticalScrollBar":{"__id__":21}},{"__type__":"cc.Node","_name":"tab","_parent":{"__id__":1},"_children":[{"__id__":24},{"__id__":29},{"__id__":34},{"__id__":39},{"__id__":44},{"__id__":49},{"__id__":54}],"_components":[{"__type__":"cc.Layout","node":{"__id__":23},"_layoutSize":{"__type__":"cc.Size","width":100,"height":507},"_resize":1,"_N$layoutType":2,"_N$spacingY":-10}],"_prefab":{"__type__":"cc.PrefabInfo","root":{"__id__":1},"asset":{"__uuid__":"b9Aq3MrLBMq61w5YEMvpw2"},"fileId":"0dQ5JUzahEgo3pKvDNAXT7"},"_contentSize":{"__type__":"cc.Size","width":100,"height":507},"_anchorPoint":{"__type__":"cc.Vec2","x":0.5,"y":1},"_trs":{"__type__":"TypedArray","ctor":"Float64Array","array":[-479.84,203.102,0,0,0,0,1,1,1,1]}},{"__type__":"cc.Node","_name":"btn_tian0","_parent":{"__id__":23},"_children":[{"__id__":25},{"__id__":27}],"_components":[{"__type__":"cc.Button","node":{"__id__":24},"clickEvents":[{"__type__":"cc.ClickEvent","target":{"__id__":1},"_componentId":"80fe8rmrpNKTJD0r/RjD0u7","handler":"OnClick_BtnWnd"}],"_N$normalColor":{"__type__":"cc.Color","r":214,"g":214,"b":214},"_N$target":{"__id__":24}}],"_prefab":{"__type__":"cc.PrefabInfo","root":{"__id__":1},"asset":{"__uuid__":"b9Aq3MrLBMq61w5YEMvpw2"},"fileId":"90QHhXSiNPVrdBiLSsulsh"},"_contentSize":{"__type__":"cc.Size","width":203,"height":81},"_trs":{"__type__":"TypedArray","ctor":"Float64Array","array":[0,-40.5,0,0,0,0,1,1,1,1]}},{"__type__":"cc.Node","_name":"on","_parent":{"__id__":24},"_children":[{"__id__":26}],"_components":[{"__type__":"cc.Sprite","node":{"__id__":25},"_materials":[{"__uuid__":"ecpdLyjvZBwrvm+cedCcQy"}],"_spriteFrame":{"__uuid__":"07q46W+L5I97kwoU5oTqKz"},"_type":1}],"_prefab":{"__type__":"cc.PrefabInfo","root":{"__id__":1},"asset":{"__uuid__":"b9Aq3MrLBMq61w5YEMvpw2"},"fileId":"6fuNtnPOhBYq/0sKCrtXDk"},"_contentSize":{"__type__":"cc.Size","width":203,"height":81},"_trs":{"__type__":"TypedArray","ctor":"Float64Array","array":[0,0,0,0,0,0,1,1,1,1]}},{"__type__":"cc.Node","_name":"lb","_parent":{"__id__":25},"_components":[{"__type__":"cc.Label","node":{"__id__":26},"_materials":[{"__uuid__":"ecpdLyjvZBwrvm+cedCcQy"}],"_useOriginalSize":false,"_string":"今天","_N$string":"今天","_fontSize":32,"_lineHeight":35,"_N$file":{"__uuid__":"5f5wQekV1CGpJW2meZozWn"},"_isSystemFontUsed":false,"_N$horizontalAlign":1,"_N$verticalAlign":1},{"__type__":"cc.LabelOutline","node":{"__id__":26},"_color":{"__type__":"cc.Color","r":187,"g":99,"b":40},"_width":2}],"_prefab":{"__type__":"cc.PrefabInfo","root":{"__id__":1},"asset":{"__uuid__":"b9Aq3MrLBMq61w5YEMvpw2"},"fileId":"70JPXC8VhHboP5Uxxbnfgj"},"_contentSize":{"__type__":"cc.Size","width":68,"height":48.1},"_trs":{"__type__":"TypedArray","ctor":"Float64Array","array":[0,0,0,0,0,0,1,1,1,1]}},{"__type__":"cc.Node","_name":"off","_parent":{"__id__":24},"_children":[{"__id__":28}],"_components":[{"__type__":"cc.Sprite","node":{"__id__":27},"_materials":[{"__uuid__":"ecpdLyjvZBwrvm+cedCcQy"}],"_spriteFrame":{"__uuid__":"89e4eYjppFzaGuxhzJETNr"},"_type":1}],"_prefab":{"__type__":"cc.PrefabInfo","root":{"__id__":1},"asset":{"__uuid__":"b9Aq3MrLBMq61w5YEMvpw2"},"fileId":"c6XH2zHrpNXrv1o97gW+Wo"},"_contentSize":{"__type__":"cc.Size","width":170,"height":71},"_trs":{"__type__":"TypedArray","ctor":"Float64Array","array":[0,-5.428,0,0,0,0,1,1,1,1]}},{"__type__":"cc.Node","_name":"lb","_parent":{"__id__":27},"_components":[{"__type__":"cc.Label","node":{"__id__":28},"_materials":[{"__uuid__":"ecpdLyjvZBwrvm+cedCcQy"}],"_useOriginalSize":false,"_string":"今天","_N$string":"今天","_fontSize":32,"_N$file":{"__uuid__":"5f5wQekV1CGpJW2meZozWn"},"_isSystemFontUsed":false,"_N$horizontalAlign":1,"_N$verticalAlign":1}],"_prefab":{"__type__":"cc.PrefabInfo","root":{"__id__":1},"asset":{"__uuid__":"b9Aq3MrLBMq61w5YEMvpw2"},"fileId":"7d/2Gz+VRInbcMYPy5MkOh"},"_color":{"__type__":"cc.Color","r":118,"g":81,"b":47},"_contentSize":{"__type__":"cc.Size","width":64,"height":50.4},"_trs":{"__type__":"TypedArray","ctor":"Float64Array","array":[-0.099,5.652,0,0,0,0,1,1,1,1]}},{"__type__":"cc.Node","_name":"btn_tian1","_parent":{"__id__":23},"_children":[{"__id__":30},{"__id__":32}],"_components":[{"__type__":"cc.Button","node":{"__id__":29},"clickEvents":[{"__type__":"cc.ClickEvent","target":{"__id__":1},"_componentId":"80fe8rmrpNKTJD0r/RjD0u7","handler":"OnClick_BtnWnd"}],"_N$normalColor":{"__type__":"cc.Color","r":214,"g":214,"b":214},"_N$target":{"__id__":29}}],"_prefab":{"__type__":"cc.PrefabInfo","root":{"__id__":1},"asset":{"__uuid__":"b9Aq3MrLBMq61w5YEMvpw2"},"fileId":"1eVHDXMlZJwY7/bUb1HgNM"},"_contentSize":{"__type__":"cc.Size","width":203,"height":81},"_trs":{"__type__":"TypedArray","ctor":"Float64Array","array":[0,-111.5,0,0,0,0,1,1,1,1]}},{"__type__":"cc.Node","_name":"on","_parent":{"__id__":29},"_children":[{"__id__":31}],"_components":[{"__type__":"cc.Sprite","node":{"__id__":30},"_materials":[{"__uuid__":"ecpdLyjvZBwrvm+cedCcQy"}],"_spriteFrame":{"__uuid__":"07q46W+L5I97kwoU5oTqKz"},"_type":1}],"_prefab":{"__type__":"cc.PrefabInfo","root":{"__id__":1},"asset":{"__uuid__":"b9Aq3MrLBMq61w5YEMvpw2"},"fileId":"d3K52Cv2VIja0UuJRPYsyG"},"_contentSize":{"__type__":"cc.Size","width":203,"height":81},"_trs":{"__type__":"TypedArray","ctor":"Float64Array","array":[0,0,0,0,0,0,1,1,1,1]}},{"__type__":"cc.Node","_name":"lb","_parent":{"__id__":30},"_components":[{"__type__":"cc.Label","node":{"__id__":31},"_materials":[{"__uuid__":"ecpdLyjvZBwrvm+cedCcQy"}],"_useOriginalSize":false,"_string":"昨天","_N$string":"昨天","_fontSize":32,"_lineHeight":35,"_N$file":{"__uuid__":"5f5wQekV1CGpJW2meZozWn"},"_isSystemFontUsed":false,"_N$horizontalAlign":1,"_N$verticalAlign":1},{"__type__":"cc.LabelOutline","node":{"__id__":31},"_color":{"__type__":"cc.Color","r":187,"g":99,"b":40},"_width":2}],"_prefab":{"__type__":"cc.PrefabInfo","root":{"__id__":1},"asset":{"__uuid__":"b9Aq3MrLBMq61w5YEMvpw2"},"fileId":"b4JI9XeDZIloBtCYA36ED/"},"_contentSize":{"__type__":"cc.Size","width":68,"height":48.1},"_trs":{"__type__":"TypedArray","ctor":"Float64Array","array":[0,0,0,0,0,0,1,1,1,1]}},{"__type__":"cc.Node","_name":"off","_parent":{"__id__":29},"_children":[{"__id__":33}],"_components":[{"__type__":"cc.Sprite","node":{"__id__":32},"_materials":[{"__uuid__":"ecpdLyjvZBwrvm+cedCcQy"}],"_spriteFrame":{"__uuid__":"89e4eYjppFzaGuxhzJETNr"},"_type":1}],"_prefab":{"__type__":"cc.PrefabInfo","root":{"__id__":1},"asset":{"__uuid__":"b9Aq3MrLBMq61w5YEMvpw2"},"fileId":"f4R3Uc979OoYKWZY97d5gP"},"_contentSize":{"__type__":"cc.Size","width":170,"height":71},"_trs":{"__type__":"TypedArray","ctor":"Float64Array","array":[0,-5.428,0,0,0,0,1,1,1,1]}},{"__type__":"cc.Node","_name":"lb","_parent":{"__id__":32},"_components":[{"__type__":"cc.Label","node":{"__id__":33},"_materials":[{"__uuid__":"ecpdLyjvZBwrvm+cedCcQy"}],"_useOriginalSize":false,"_string":"昨天","_N$string":"昨天","_fontSize":32,"_N$file":{"__uuid__":"5f5wQekV1CGpJW2meZozWn"},"_isSystemFontUsed":false,"_N$horizontalAlign":1,"_N$verticalAlign":1}],"_prefab":{"__type__":"cc.PrefabInfo","root":{"__id__":1},"asset":{"__uuid__":"b9Aq3MrLBMq61w5YEMvpw2"},"fileId":"64dZrOia9Id6aZKCNir22z"},"_color":{"__type__":"cc.Color","r":118,"g":81,"b":47},"_contentSize":{"__type__":"cc.Size","width":64,"height":50.4},"_trs":{"__type__":"TypedArray","ctor":"Float64Array","array":[-0.099,5.652,0,0,0,0,1,1,1,1]}},{"__type__":"cc.Node","_name":"btn_tian2","_parent":{"__id__":23},"_children":[{"__id__":35},{"__id__":37}],"_components":[{"__type__":"cc.Button","node":{"__id__":34},"clickEvents":[{"__type__":"cc.ClickEvent","target":{"__id__":1},"_componentId":"80fe8rmrpNKTJD0r/RjD0u7","handler":"OnClick_BtnWnd"}],"_N$normalColor":{"__type__":"cc.Color","r":214,"g":214,"b":214},"_N$target":{"__id__":34}}],"_prefab":{"__type__":"cc.PrefabInfo","root":{"__id__":1},"asset":{"__uuid__":"b9Aq3MrLBMq61w5YEMvpw2"},"fileId":"9cPLLccLhIrKjpCTCiiSUL"},"_contentSize":{"__type__":"cc.Size","width":203,"height":81},"_trs":{"__type__":"TypedArray","ctor":"Float64Array","array":[0,-182.5,0,0,0,0,1,1,1,1]}},{"__type__":"cc.Node","_name":"on","_parent":{"__id__":34},"_children":[{"__id__":36}],"_components":[{"__type__":"cc.Sprite","node":{"__id__":35},"_materials":[{"__uuid__":"ecpdLyjvZBwrvm+cedCcQy"}],"_spriteFrame":{"__uuid__":"07q46W+L5I97kwoU5oTqKz"},"_type":1}],"_prefab":{"__type__":"cc.PrefabInfo","root":{"__id__":1},"asset":{"__uuid__":"b9Aq3MrLBMq61w5YEMvpw2"},"fileId":"9b2AQLjg9IgKGy9ZcOHaQv"},"_contentSize":{"__type__":"cc.Size","width":203,"height":81},"_trs":{"__type__":"TypedArray","ctor":"Float64Array","array":[0,0,0,0,0,0,1,1,1,1]}},{"__type__":"cc.Node","_name":"lb","_parent":{"__id__":35},"_components":[{"__type__":"cc.Label","node":{"__id__":36},"_materials":[{"__uuid__":"ecpdLyjvZBwrvm+cedCcQy"}],"_useOriginalSize":false,"_string":"前天","_N$string":"前天","_fontSize":32,"_lineHeight":35,"_N$file":{"__uuid__":"5f5wQekV1CGpJW2meZozWn"},"_isSystemFontUsed":false,"_N$horizontalAlign":1,"_N$verticalAlign":1},{"__type__":"cc.LabelOutline","node":{"__id__":36},"_color":{"__type__":"cc.Color","r":187,"g":99,"b":40},"_width":2}],"_prefab":{"__type__":"cc.PrefabInfo","root":{"__id__":1},"asset":{"__uuid__":"b9Aq3MrLBMq61w5YEMvpw2"},"fileId":"f6kwcmwBBJUKei+W3ixJ78"},"_contentSize":{"__type__":"cc.Size","width":68,"height":48.1},"_trs":{"__type__":"TypedArray","ctor":"Float64Array","array":[0,0,0,0,0,0,1,1,1,1]}},{"__type__":"cc.Node","_name":"off","_parent":{"__id__":34},"_children":[{"__id__":38}],"_components":[{"__type__":"cc.Sprite","node":{"__id__":37},"_materials":[{"__uuid__":"ecpdLyjvZBwrvm+cedCcQy"}],"_spriteFrame":{"__uuid__":"89e4eYjppFzaGuxhzJETNr"},"_type":1}],"_prefab":{"__type__":"cc.PrefabInfo","root":{"__id__":1},"asset":{"__uuid__":"b9Aq3MrLBMq61w5YEMvpw2"},"fileId":"08OFI1TP5Curv06rx/dyK5"},"_contentSize":{"__type__":"cc.Size","width":170,"height":71},"_trs":{"__type__":"TypedArray","ctor":"Float64Array","array":[0,-5.428,0,0,0,0,1,1,1,1]}},{"__type__":"cc.Node","_name":"lb","_parent":{"__id__":37},"_components":[{"__type__":"cc.Label","node":{"__id__":38},"_materials":[{"__uuid__":"ecpdLyjvZBwrvm+cedCcQy"}],"_useOriginalSize":false,"_string":"前天","_N$string":"前天","_fontSize":32,"_N$file":{"__uuid__":"5f5wQekV1CGpJW2meZozWn"},"_isSystemFontUsed":false,"_N$horizontalAlign":1,"_N$verticalAlign":1}],"_prefab":{"__type__":"cc.PrefabInfo","root":{"__id__":1},"asset":{"__uuid__":"b9Aq3MrLBMq61w5YEMvpw2"},"fileId":"a1sSRTg89FuowArky5TKo8"},"_color":{"__type__":"cc.Color","r":118,"g":81,"b":47},"_contentSize":{"__type__":"cc.Size","width":64,"height":50.4},"_trs":{"__type__":"TypedArray","ctor":"Float64Array","array":[-0.099,5.652,0,0,0,0,1,1,1,1]}},{"__type__":"cc.Node","_name":"btn_tian3","_parent":{"__id__":23},"_children":[{"__id__":40},{"__id__":42}],"_components":[{"__type__":"cc.Button","node":{"__id__":39},"clickEvents":[{"__type__":"cc.ClickEvent","target":{"__id__":1},"_componentId":"80fe8rmrpNKTJD0r/RjD0u7","handler":"OnClick_BtnWnd"}],"_N$normalColor":{"__type__":"cc.Color","r":214,"g":214,"b":214},"_N$target":{"__id__":39}}],"_prefab":{"__type__":"cc.PrefabInfo","root":{"__id__":1},"asset":{"__uuid__":"b9Aq3MrLBMq61w5YEMvpw2"},"fileId":"6e0em8zxRNG4MWPSqZOdq+"},"_contentSize":{"__type__":"cc.Size","width":203,"height":81},"_trs":{"__type__":"TypedArray","ctor":"Float64Array","array":[0,-253.5,0,0,0,0,1,1,1,1]}},{"__type__":"cc.Node","_name":"on","_parent":{"__id__":39},"_children":[{"__id__":41}],"_components":[{"__type__":"cc.Sprite","node":{"__id__":40},"_materials":[{"__uuid__":"ecpdLyjvZBwrvm+cedCcQy"}],"_spriteFrame":{"__uuid__":"07q46W+L5I97kwoU5oTqKz"},"_type":1}],"_prefab":{"__type__":"cc.PrefabInfo","root":{"__id__":1},"asset":{"__uuid__":"b9Aq3MrLBMq61w5YEMvpw2"},"fileId":"a0oMqwbXROhZr7A9+IgTtl"},"_contentSize":{"__type__":"cc.Size","width":203,"height":81},"_trs":{"__type__":"TypedArray","ctor":"Float64Array","array":[0,0,0,0,0,0,1,1,1,1]}},{"__type__":"cc.Node","_name":"lb","_parent":{"__id__":40},"_components":[{"__type__":"cc.Label","node":{"__id__":41},"_materials":[{"__uuid__":"ecpdLyjvZBwrvm+cedCcQy"}],"_useOriginalSize":false,"_string":"今天","_N$string":"今天","_fontSize":32,"_lineHeight":35,"_N$file":{"__uuid__":"5f5wQekV1CGpJW2meZozWn"},"_isSystemFontUsed":false,"_N$horizontalAlign":1,"_N$verticalAlign":1},{"__type__":"cc.LabelOutline","node":{"__id__":41},"_color":{"__type__":"cc.Color","r":187,"g":99,"b":40},"_width":2}],"_prefab":{"__type__":"cc.PrefabInfo","root":{"__id__":1},"asset":{"__uuid__":"b9Aq3MrLBMq61w5YEMvpw2"},"fileId":"2d2pG5i3VBM7xAXg5YiPSg"},"_contentSize":{"__type__":"cc.Size","width":68,"height":48.1},"_trs":{"__type__":"TypedArray","ctor":"Float64Array","array":[0,0,0,0,0,0,1,1,1,1]}},{"__type__":"cc.Node","_name":"off","_parent":{"__id__":39},"_children":[{"__id__":43}],"_components":[{"__type__":"cc.Sprite","node":{"__id__":42},"_materials":[{"__uuid__":"ecpdLyjvZBwrvm+cedCcQy"}],"_spriteFrame":{"__uuid__":"89e4eYjppFzaGuxhzJETNr"},"_type":1}],"_prefab":{"__type__":"cc.PrefabInfo","root":{"__id__":1},"asset":{"__uuid__":"b9Aq3MrLBMq61w5YEMvpw2"},"fileId":"7fd8Pw0VNCi7JdtMPkIwEM"},"_contentSize":{"__type__":"cc.Size","width":170,"height":71},"_trs":{"__type__":"TypedArray","ctor":"Float64Array","array":[0,-5.428,0,0,0,0,1,1,1,1]}},{"__type__":"cc.Node","_name":"lb","_parent":{"__id__":42},"_components":[{"__type__":"cc.Label","node":{"__id__":43},"_materials":[{"__uuid__":"ecpdLyjvZBwrvm+cedCcQy"}],"_useOriginalSize":false,"_string":"今天","_N$string":"今天","_fontSize":32,"_N$file":{"__uuid__":"5f5wQekV1CGpJW2meZozWn"},"_isSystemFontUsed":false,"_N$horizontalAlign":1,"_N$verticalAlign":1}],"_prefab":{"__type__":"cc.PrefabInfo","root":{"__id__":1},"asset":{"__uuid__":"b9Aq3MrLBMq61w5YEMvpw2"},"fileId":"093c5XC1lGaqVnVIsgQ+f4"},"_color":{"__type__":"cc.Color","r":118,"g":81,"b":47},"_contentSize":{"__type__":"cc.Size","width":64,"height":50.4},"_trs":{"__type__":"TypedArray","ctor":"Float64Array","array":[-0.099,5.652,0,0,0,0,1,1,1,1]}},{"__type__":"cc.Node","_name":"btn_tian4","_parent":{"__id__":23},"_children":[{"__id__":45},{"__id__":47}],"_components":[{"__type__":"cc.Button","node":{"__id__":44},"clickEvents":[{"__type__":"cc.ClickEvent","target":{"__id__":1},"_componentId":"80fe8rmrpNKTJD0r/RjD0u7","handler":"OnClick_BtnWnd"}],"_N$normalColor":{"__type__":"cc.Color","r":214,"g":214,"b":214},"_N$target":{"__id__":44}}],"_prefab":{"__type__":"cc.PrefabInfo","root":{"__id__":1},"asset":{"__uuid__":"b9Aq3MrLBMq61w5YEMvpw2"},"fileId":"47gBnNQF5JcoNn4M0rJ8XB"},"_contentSize":{"__type__":"cc.Size","width":203,"height":81},"_trs":{"__type__":"TypedArray","ctor":"Float64Array","array":[0,-324.5,0,0,0,0,1,1,1,1]}},{"__type__":"cc.Node","_name":"on","_parent":{"__id__":44},"_children":[{"__id__":46}],"_components":[{"__type__":"cc.Sprite","node":{"__id__":45},"_materials":[{"__uuid__":"ecpdLyjvZBwrvm+cedCcQy"}],"_spriteFrame":{"__uuid__":"07q46W+L5I97kwoU5oTqKz"},"_type":1}],"_prefab":{"__type__":"cc.PrefabInfo","root":{"__id__":1},"asset":{"__uuid__":"b9Aq3MrLBMq61w5YEMvpw2"},"fileId":"a3l6dobDBPcKrcIj1kI/ih"},"_contentSize":{"__type__":"cc.Size","width":203,"height":81},"_trs":{"__type__":"TypedArray","ctor":"Float64Array","array":[0,0,0,0,0,0,1,1,1,1]}},{"__type__":"cc.Node","_name":"lb","_parent":{"__id__":45},"_components":[{"__type__":"cc.Label","node":{"__id__":46},"_materials":[{"__uuid__":"ecpdLyjvZBwrvm+cedCcQy"}],"_useOriginalSize":false,"_string":"今天","_N$string":"今天","_fontSize":32,"_lineHeight":35,"_N$file":{"__uuid__":"5f5wQekV1CGpJW2meZozWn"},"_isSystemFontUsed":false,"_N$horizontalAlign":1,"_N$verticalAlign":1},{"__type__":"cc.LabelOutline","node":{"__id__":46},"_color":{"__type__":"cc.Color","r":187,"g":99,"b":40},"_width":2}],"_prefab":{"__type__":"cc.PrefabInfo","root":{"__id__":1},"asset":{"__uuid__":"b9Aq3MrLBMq61w5YEMvpw2"},"fileId":"7b1Fy6A7NFWLGSGEsSeRi4"},"_contentSize":{"__type__":"cc.Size","width":68,"height":48.1},"_trs":{"__type__":"TypedArray","ctor":"Float64Array","array":[0,0,0,0,0,0,1,1,1,1]}},{"__type__":"cc.Node","_name":"off","_parent":{"__id__":44},"_children":[{"__id__":48}],"_components":[{"__type__":"cc.Sprite","node":{"__id__":47},"_materials":[{"__uuid__":"ecpdLyjvZBwrvm+cedCcQy"}],"_spriteFrame":{"__uuid__":"89e4eYjppFzaGuxhzJETNr"},"_type":1}],"_prefab":{"__type__":"cc.PrefabInfo","root":{"__id__":1},"asset":{"__uuid__":"b9Aq3MrLBMq61w5YEMvpw2"},"fileId":"1aIYMofzFPz4vhYNNu7mBX"},"_contentSize":{"__type__":"cc.Size","width":170,"height":71},"_trs":{"__type__":"TypedArray","ctor":"Float64Array","array":[0,-5.428,0,0,0,0,1,1,1,1]}},{"__type__":"cc.Node","_name":"lb","_parent":{"__id__":47},"_components":[{"__type__":"cc.Label","node":{"__id__":48},"_materials":[{"__uuid__":"ecpdLyjvZBwrvm+cedCcQy"}],"_useOriginalSize":false,"_string":"今天","_N$string":"今天","_fontSize":32,"_N$file":{"__uuid__":"5f5wQekV1CGpJW2meZozWn"},"_isSystemFontUsed":false,"_N$horizontalAlign":1,"_N$verticalAlign":1}],"_prefab":{"__type__":"cc.PrefabInfo","root":{"__id__":1},"asset":{"__uuid__":"b9Aq3MrLBMq61w5YEMvpw2"},"fileId":"4djtf8nwRMDprNZFg73Jzs"},"_color":{"__type__":"cc.Color","r":118,"g":81,"b":47},"_contentSize":{"__type__":"cc.Size","width":64,"height":50.4},"_trs":{"__type__":"TypedArray","ctor":"Float64Array","array":[-0.099,5.652,0,0,0,0,1,1,1,1]}},{"__type__":"cc.Node","_name":"btn_tian5","_parent":{"__id__":23},"_children":[{"__id__":50},{"__id__":52}],"_components":[{"__type__":"cc.Button","node":{"__id__":49},"clickEvents":[{"__type__":"cc.ClickEvent","target":{"__id__":1},"_componentId":"80fe8rmrpNKTJD0r/RjD0u7","handler":"OnClick_BtnWnd"}],"_N$normalColor":{"__type__":"cc.Color","r":214,"g":214,"b":214},"_N$target":{"__id__":49}}],"_prefab":{"__type__":"cc.PrefabInfo","root":{"__id__":1},"asset":{"__uuid__":"b9Aq3MrLBMq61w5YEMvpw2"},"fileId":"2e0AFqZYtKWY5CKlB8MabV"},"_contentSize":{"__type__":"cc.Size","width":203,"height":81},"_trs":{"__type__":"TypedArray","ctor":"Float64Array","array":[0,-395.5,0,0,0,0,1,1,1,1]}},{"__type__":"cc.Node","_name":"on","_parent":{"__id__":49},"_children":[{"__id__":51}],"_components":[{"__type__":"cc.Sprite","node":{"__id__":50},"_materials":[{"__uuid__":"ecpdLyjvZBwrvm+cedCcQy"}],"_spriteFrame":{"__uuid__":"07q46W+L5I97kwoU5oTqKz"},"_type":1}],"_prefab":{"__type__":"cc.PrefabInfo","root":{"__id__":1},"asset":{"__uuid__":"b9Aq3MrLBMq61w5YEMvpw2"},"fileId":"78mVo42NlJprOk2hxSwvCC"},"_contentSize":{"__type__":"cc.Size","width":203,"height":81},"_trs":{"__type__":"TypedArray","ctor":"Float64Array","array":[0,0,0,0,0,0,1,1,1,1]}},{"__type__":"cc.Node","_name":"lb","_parent":{"__id__":50},"_components":[{"__type__":"cc.Label","node":{"__id__":51},"_materials":[{"__uuid__":"ecpdLyjvZBwrvm+cedCcQy"}],"_useOriginalSize":false,"_string":"今天","_N$string":"今天","_fontSize":32,"_lineHeight":35,"_N$file":{"__uuid__":"5f5wQekV1CGpJW2meZozWn"},"_isSystemFontUsed":false,"_N$horizontalAlign":1,"_N$verticalAlign":1},{"__type__":"cc.LabelOutline","node":{"__id__":51},"_color":{"__type__":"cc.Color","r":187,"g":99,"b":40},"_width":2}],"_prefab":{"__type__":"cc.PrefabInfo","root":{"__id__":1},"asset":{"__uuid__":"b9Aq3MrLBMq61w5YEMvpw2"},"fileId":"b2p9nBvxFDJa2ItDfTtThT"},"_contentSize":{"__type__":"cc.Size","width":68,"height":48.1},"_trs":{"__type__":"TypedArray","ctor":"Float64Array","array":[0,0,0,0,0,0,1,1,1,1]}},{"__type__":"cc.Node","_name":"off","_parent":{"__id__":49},"_children":[{"__id__":53}],"_components":[{"__type__":"cc.Sprite","node":{"__id__":52},"_materials":[{"__uuid__":"ecpdLyjvZBwrvm+cedCcQy"}],"_spriteFrame":{"__uuid__":"89e4eYjppFzaGuxhzJETNr"},"_type":1}],"_prefab":{"__type__":"cc.PrefabInfo","root":{"__id__":1},"asset":{"__uuid__":"b9Aq3MrLBMq61w5YEMvpw2"},"fileId":"efa+aMFKNFUoGWFTZZcFUF"},"_contentSize":{"__type__":"cc.Size","width":170,"height":71},"_trs":{"__type__":"TypedArray","ctor":"Float64Array","array":[0,-5.428,0,0,0,0,1,1,1,1]}},{"__type__":"cc.Node","_name":"lb","_parent":{"__id__":52},"_components":[{"__type__":"cc.Label","node":{"__id__":53},"_materials":[{"__uuid__":"ecpdLyjvZBwrvm+cedCcQy"}],"_useOriginalSize":false,"_string":"今天","_N$string":"今天","_fontSize":32,"_N$file":{"__uuid__":"5f5wQekV1CGpJW2meZozWn"},"_isSystemFontUsed":false,"_N$horizontalAlign":1,"_N$verticalAlign":1}],"_prefab":{"__type__":"cc.PrefabInfo","root":{"__id__":1},"asset":{"__uuid__":"b9Aq3MrLBMq61w5YEMvpw2"},"fileId":"822unLpLZJYbLrIWGnq47+"},"_color":{"__type__":"cc.Color","r":118,"g":81,"b":47},"_contentSize":{"__type__":"cc.Size","width":64,"height":50.4},"_trs":{"__type__":"TypedArray","ctor":"Float64Array","array":[-0.099,5.652,0,0,0,0,1,1,1,1]}},{"__type__":"cc.Node","_name":"btn_tian6","_parent":{"__id__":23},"_children":[{"__id__":55},{"__id__":57}],"_components":[{"__type__":"cc.Button","node":{"__id__":54},"clickEvents":[{"__type__":"cc.ClickEvent","target":{"__id__":1},"_componentId":"80fe8rmrpNKTJD0r/RjD0u7","handler":"OnClick_BtnWnd"}],"_N$normalColor":{"__type__":"cc.Color","r":214,"g":214,"b":214},"_N$target":{"__id__":54}}],"_prefab":{"__type__":"cc.PrefabInfo","root":{"__id__":1},"asset":{"__uuid__":"b9Aq3MrLBMq61w5YEMvpw2"},"fileId":"adUAdgJUdKOKTUmoNCExO4"},"_contentSize":{"__type__":"cc.Size","width":203,"height":81},"_trs":{"__type__":"TypedArray","ctor":"Float64Array","array":[0,-466.5,0,0,0,0,1,1,1,1]}},{"__type__":"cc.Node","_name":"on","_parent":{"__id__":54},"_children":[{"__id__":56}],"_components":[{"__type__":"cc.Sprite","node":{"__id__":55},"_materials":[{"__uuid__":"ecpdLyjvZBwrvm+cedCcQy"}],"_spriteFrame":{"__uuid__":"07q46W+L5I97kwoU5oTqKz"},"_type":1}],"_prefab":{"__type__":"cc.PrefabInfo","root":{"__id__":1},"asset":{"__uuid__":"b9Aq3MrLBMq61w5YEMvpw2"},"fileId":"9cBaH4S4lHr7NbledAAOVf"},"_contentSize":{"__type__":"cc.Size","width":203,"height":81},"_trs":{"__type__":"TypedArray","ctor":"Float64Array","array":[0,0,0,0,0,0,1,1,1,1]}},{"__type__":"cc.Node","_name":"lb","_parent":{"__id__":55},"_components":[{"__type__":"cc.Label","node":{"__id__":56},"_materials":[{"__uuid__":"ecpdLyjvZBwrvm+cedCcQy"}],"_useOriginalSize":false,"_string":"今天","_N$string":"今天","_fontSize":32,"_lineHeight":35,"_N$file":{"__uuid__":"5f5wQekV1CGpJW2meZozWn"},"_isSystemFontUsed":false,"_N$horizontalAlign":1,"_N$verticalAlign":1},{"__type__":"cc.LabelOutline","node":{"__id__":56},"_color":{"__type__":"cc.Color","r":187,"g":99,"b":40},"_width":2}],"_prefab":{"__type__":"cc.PrefabInfo","root":{"__id__":1},"asset":{"__uuid__":"b9Aq3MrLBMq61w5YEMvpw2"},"fileId":"ebh3CxTvlE2Yayjb01/bfc"},"_contentSize":{"__type__":"cc.Size","width":68,"height":48.1},"_trs":{"__type__":"TypedArray","ctor":"Float64Array","array":[0,0,0,0,0,0,1,1,1,1]}},{"__type__":"cc.Node","_name":"off","_parent":{"__id__":54},"_children":[{"__id__":58}],"_components":[{"__type__":"cc.Sprite","node":{"__id__":57},"_materials":[{"__uuid__":"ecpdLyjvZBwrvm+cedCcQy"}],"_spriteFrame":{"__uuid__":"89e4eYjppFzaGuxhzJETNr"},"_type":1}],"_prefab":{"__type__":"cc.PrefabInfo","root":{"__id__":1},"asset":{"__uuid__":"b9Aq3MrLBMq61w5YEMvpw2"},"fileId":"78xrvkCAVBZo559OeNaQH3"},"_contentSize":{"__type__":"cc.Size","width":170,"height":71},"_trs":{"__type__":"TypedArray","ctor":"Float64Array","array":[0,-5.428,0,0,0,0,1,1,1,1]}},{"__type__":"cc.Node","_name":"lb","_parent":{"__id__":57},"_components":[{"__type__":"cc.Label","node":{"__id__":58},"_materials":[{"__uuid__":"ecpdLyjvZBwrvm+cedCcQy"}],"_useOriginalSize":false,"_string":"今天","_N$string":"今天","_fontSize":32,"_N$file":{"__uuid__":"5f5wQekV1CGpJW2meZozWn"},"_isSystemFontUsed":false,"_N$horizontalAlign":1,"_N$verticalAlign":1}],"_prefab":{"__type__":"cc.PrefabInfo","root":{"__id__":1},"asset":{"__uuid__":"b9Aq3MrLBMq61w5YEMvpw2"},"fileId":"a6umpy3odP25okd1TminxK"},"_color":{"__type__":"cc.Color","r":118,"g":81,"b":47},"_contentSize":{"__type__":"cc.Size","width":64,"height":50.4},"_trs":{"__type__":"TypedArray","ctor":"Float64Array","array":[-0.099,5.652,0,0,0,0,1,1,1,1]}},{"__type__":"cc.Node","_name":"btn_close","_parent":{"__id__":1},"_components":[{"__type__":"cc.Sprite","node":{"__id__":59},"_materials":[{"__uuid__":"ecpdLyjvZBwrvm+cedCcQy"}],"_spriteFrame":{"__uuid__":"d9ZhflMOxHW7JHl9dya866"}},{"__type__":"cc.Button","node":{"__id__":59},"clickEvents":[{"__type__":"cc.ClickEvent","target":{"__id__":1},"_componentId":"80fe8rmrpNKTJD0r/RjD0u7","handler":"OnClick_BtnWnd"}]}],"_prefab":{"__type__":"cc.PrefabInfo","root":{"__id__":1},"asset":{"__uuid__":"b9Aq3MrLBMq61w5YEMvpw2"},"fileId":"34+YLiHWJPJ421Q//68tDu"},"_contentSize":{"__type__":"cc.Size","width":79,"height":80},"_trs":{"__type__":"TypedArray","ctor":"Float64Array","array":[564.006,262.15,0,0,0,0,1,1,1,1]}},{"__type__":"cc.Node","_name":"lb_jushu","_parent":{"__id__":1},"_components":[{"__type__":"cc.Label","node":{"__id__":60},"_materials":[{"__uuid__":"ecpdLyjvZBwrvm+cedCcQy"}],"_useOriginalSize":false,"_string":"对局数：0","_N$string":"对局数：0","_fontSize":22,"_lineHeight":22,"_N$file":{"__uuid__":"5f5wQekV1CGpJW2meZozWn"},"_isSystemFontUsed":false,"_N$horizontalAlign":1,"_N$verticalAlign":1}],"_prefab":{"__type__":"cc.PrefabInfo","root":{"__id__":1},"asset":{"__uuid__":"b9Aq3MrLBMq61w5YEMvpw2"},"fileId":"b5408B0gFE6Y6UTwbt4WjY"},"_color":{"__type__":"cc.Color","r":19,"g":152,"b":15},"_contentSize":{"__type__":"cc.Size","width":100.55,"height":27.72},"_anchorPoint":{"__type__":"cc.Vec2","y":0.5},"_trs":{"__type__":"TypedArray","ctor":"Float64Array","array":[-351.41,-294.999,0,0,0,0,1,1,1,1]}},{"__type__":"cc.Node","_name":"lb_dayingjia","_parent":{"__id__":1},"_components":[{"__type__":"cc.Label","node":{"__id__":61},"_materials":[{"__uuid__":"ecpdLyjvZBwrvm+cedCcQy"}],"_useOriginalSize":false,"_string":"大赢家：0","_N$string":"大赢家：0","_fontSize":22,"_lineHeight":22,"_N$file":{"__uuid__":"5f5wQekV1CGpJW2meZozWn"},"_isSystemFontUsed":false,"_N$horizontalAlign":1,"_N$verticalAlign":1}],"_prefab":{"__type__":"cc.PrefabInfo","root":{"__id__":1},"asset":{"__uuid__":"b9Aq3MrLBMq61w5YEMvpw2"},"fileId":"28r1UeBr5EN4TUvJsYduYA"},"_color":{"__type__":"cc.Color","r":19,"g":152,"b":15},"_contentSize":{"__type__":"cc.Size","width":100.55,"height":27.72},"_anchorPoint":{"__type__":"cc.Vec2","y":0.5},"_trs":{"__type__":"TypedArray","ctor":"Float64Array","array":[-139.355,-294.999,0,0,0,0,1,1,1,1]}},{"__type__":"cc.Node","_name":"lb_shuyingfen","_parent":{"__id__":1},"_components":[{"__type__":"cc.Label","node":{"__id__":62},"_materials":[{"__uuid__":"ecpdLyjvZBwrvm+cedCcQy"}],"_useOriginalSize":false,"_string":"输赢分：0","_N$string":"输赢分：0","_fontSize":22,"_lineHeight":22,"_N$file":{"__uuid__":"5f5wQekV1CGpJW2meZozWn"},"_isSystemFontUsed":false,"_N$horizontalAlign":1,"_N$verticalAlign":1}],"_prefab":{"__type__":"cc.PrefabInfo","root":{"__id__":1},"asset":{"__uuid__":"b9Aq3MrLBMq61w5YEMvpw2"},"fileId":"bd5iPfwEBPg7Fy5vFQio+l"},"_color":{"__type__":"cc.Color","r":19,"g":152,"b":15},"_contentSize":{"__type__":"cc.Size","width":100.55,"height":27.72},"_anchorPoint":{"__type__":"cc.Vec2","y":0.5},"_trs":{"__type__":"TypedArray","ctor":"Float64Array","array":[90.37,-294.999,0,0,0,0,1,1,1,1]}},{"__type__":"cc.Node","_name":"tip","_parent":{"__id__":1},"_components":[{"__type__":"cc.Label","node":{"__id__":63},"_materials":[{"__uuid__":"ecpdLyjvZBwrvm+cedCcQy"}],"_useOriginalSize":false,"_string":"*只统计有效数据","_N$string":"*只统计有效数据","_fontSize":20,"_lineHeight":20,"_N$file":{"__uuid__":"5f5wQekV1CGpJW2meZozWn"},"_isSystemFontUsed":false,"_N$horizontalAlign":1,"_N$verticalAlign":1}],"_prefab":{"__type__":"cc.PrefabInfo","root":{"__id__":1},"asset":{"__uuid__":"b9Aq3MrLBMq61w5YEMvpw2"},"fileId":"9foglIwMBEd61I/5jNXI+D"},"_color":{"__type__":"cc.Color","r":187,"g":96,"b":12},"_contentSize":{"__type__":"cc.Size","width":147.73,"height":25.2},"_anchorPoint":{"__type__":"cc.Vec2","y":0.5},"_trs":{"__type__":"TypedArray","ctor":"Float64Array","array":[389.622,-294.999,0,0,0,0,1,1,1,1]}}],{"__type__":"cc.SpriteFrame","content":{"name":"img_zuo","texture":"9cfMU3t6NJbJuSFqtrsWl0","rect":[0,0,171,521],"offset":[0,0],"originalSize":[171,521],"capInsets":[0,0,0,0]}},{"__type__":"cc.SpriteFrame","content":{"name":"img_dk","texture":"7d4EneEWlBjbxjGTFAGntb","rect":[0,0,1169,643],"offset":[0,0],"originalSize":[1169,643],"capInsets":[0,0,0,0]}},{"__type__":"cc.SpriteFrame","content":{"name":"btn_close","texture":"adT+cX5aVEFrD91N8Yp4Db","rect":[0,0,79,80],"offset":[0,0],"originalSize":[79,80],"capInsets":[0,0,0,0]}}]