[{"__type__":"cc.SpriteFrame","content":{"name":"img_tianting","texture":"b7462t9ExEs7fkb8NVuAoh","rect":[0,0,36,34],"offset":[0,0],"originalSize":[36,34],"capInsets":[0,0,0,0]}},{"__type__":"cc.SpriteFrame","content":{"name":"hh_face_dao_02","texture":"36+6C0mK5CBrXf7ot3gEM9","rect":[0,0,47,76],"offset":[0,0],"originalSize":[47,76],"capInsets":[0,0,0,0]}},{"__type__":"cc.SpriteFrame","content":{"name":"img_yel_down02","texture":"afkKNIIFdA5pXQl09RYRAP","rect":[0,0,151,101],"offset":[0,0],"originalSize":[151,101],"capInsets":[20,20,20,20]}},{"__type__":"cc.SpriteFrame","content":{"name":"11","texture":"18yrs/NeBPBqjqp4wBn4TB","rect":[0,0,50,214],"offset":[0,0],"originalSize":[50,214],"capInsets":[0,0,0,0]}},{"__type__":"cc.SpriteFrame","content":{"name":"default_scrollbar_vertical","texture":"d608qFRoFHwbXd0Dap056i","rect":[0,0,15,30],"offset":[0,0],"originalSize":[15,30],"capInsets":[4,10,4,10]}},{"__type__":"cc.SpriteFrame","content":{"name":"default_scrollbar_vertical_bg","texture":"61cyPdEfRN047sDK9rO0W5","rect":[0,0,15,30],"offset":[0,0],"originalSize":[15,30],"capInsets":[4,10,4,10]}},{"__type__":"cc.SpriteFrame","content":{"name":"icon_z","texture":"b6pJSXjMlFabEhHZi0Cyop","rect":[0,0,38,39],"offset":[0,0],"originalSize":[38,39],"capInsets":[0,0,0,0]}},{"__type__":"cc.SpriteFrame","content":{"name":"img_ting","texture":"19fPNjytpNILI/MWvv6tx4","rect":[0,0,32,33],"offset":[0,0],"originalSize":[32,33],"capInsets":[0,0,0,0]}},[{"__type__":"cc.Prefab","_name":"ntcp_winlost_child","data":{"__id__":1}},{"__type__":"cc.Node","_name":"ntcp_winlost_child","_children":[{"__id__":2},{"__id__":9},{"__id__":13},{"__id__":20},{"__id__":33},{"__id__":38},{"__id__":54},{"__id__":56},{"__id__":57},{"__id__":58},{"__id__":63},{"__id__":67}],"_components":[{"__type__":"cc.Sprite","node":{"__id__":1},"_materials":[{"__uuid__":"ecpdLyjvZBwrvm+cedCcQy"}],"_spriteFrame":{"__uuid__":"4fi7aQRSpFn6b1ZZhTPwm7"},"_type":1,"_sizeMode":0},{"__type__":"2e0bfx7YFBBebOW0T33T6Bc","node":{"__id__":1},"sp_in":{"__id__":10},"downNode":{"__id__":14}}],"_prefab":{"__type__":"cc.PrefabInfo","root":{"__id__":1},"asset":{"__uuid__":"e5dFfHZ25CZbJp4eVuH3B/"},"fileId":"2d501vd2VtPPoLtrYJ0glXk"},"_contentSize":{"__type__":"cc.Size","width":1230,"height":150},"_anchorPoint":{"__type__":"cc.Vec2","x":0.5,"y":1},"_trs":{"__type__":"TypedArray","ctor":"Float64Array","array":[0,0,0,0,0,0,1,1,1,1]}},{"__type__":"cc.Node","_name":"user_info","_parent":{"__id__":1},"_children":[{"__id__":3},{"__id__":4},{"__id__":5},{"__id__":6},{"__id__":7},{"__id__":8}],"_prefab":{"__type__":"cc.PrefabInfo","root":{"__id__":1},"asset":{"__uuid__":"e5dFfHZ25CZbJp4eVuH3B/"},"fileId":"e94692IG2pGl7iytgX4s9Cu"},"_trs":{"__type__":"TypedArray","ctor":"Float64Array","array":[-87,-148,0,0,0,0,1,1,1,1]}},{"__type__":"cc.Node","_name":"head_img","_parent":{"__id__":2},"_components":[{"__type__":"cc.Sprite","node":{"__id__":3},"_materials":[{"__uuid__":"ecpdLyjvZBwrvm+cedCcQy"}],"_spriteFrame":{"__uuid__":"e6JNuRrHVFM4KYnmai3HR+"},"_sizeMode":0,"_isTrimmedMode":false},{"__type__":"f42b8ZzNWFKKI/QT/n8cR1+","node":{"__id__":3}}],"_prefab":{"__type__":"cc.PrefabInfo","root":{"__id__":1},"asset":{"__uuid__":"e5dFfHZ25CZbJp4eVuH3B/"},"fileId":"90d2djPEktGnIbrhsg9kC2a"},"_contentSize":{"__type__":"cc.Size","width":60,"height":60},"_trs":{"__type__":"TypedArray","ctor":"Float64Array","array":[-491.3,83.4,0,0,0,0,1,1,1,1]}},{"__type__":"cc.Node","_name":"lable_name","_parent":{"__id__":2},"_components":[{"__type__":"cc.Label","node":{"__id__":4},"_materials":[{"__uuid__":"ecpdLyjvZBwrvm+cedCcQy"}],"_useOriginalSize":false,"_string":"丸子科丸丸","_N$string":"丸子科丸丸","_fontSize":20,"_lineHeight":20,"_N$file":{"__uuid__":"5f5wQekV1CGpJW2meZozWn"},"_isSystemFontUsed":false,"_N$verticalAlign":1,"_N$overflow":2}],"_prefab":{"__type__":"cc.PrefabInfo","root":{"__id__":1},"asset":{"__uuid__":"e5dFfHZ25CZbJp4eVuH3B/"},"fileId":"87552vUkI1Ebb/2sO3umA94"},"_color":{"__type__":"cc.Color","r":138,"g":55},"_contentSize":{"__type__":"cc.Size","width":100,"height":20},"_trs":{"__type__":"TypedArray","ctor":"Float64Array","array":[-470,132.6,0,0,0,0,1,1,1,1]}},{"__type__":"cc.Node","_name":"label_id","_parent":{"__id__":2},"_components":[{"__type__":"cc.Label","node":{"__id__":5},"_materials":[{"__uuid__":"ecpdLyjvZBwrvm+cedCcQy"}],"_useOriginalSize":false,"_string":"ID:142536","_N$string":"ID:142536","_fontSize":20,"_lineHeight":20,"_N$file":{"__uuid__":"5f5wQekV1CGpJW2meZozWn"},"_isSystemFontUsed":false,"_N$verticalAlign":1,"_N$overflow":2}],"_prefab":{"__type__":"cc.PrefabInfo","root":{"__id__":1},"asset":{"__uuid__":"e5dFfHZ25CZbJp4eVuH3B/"},"fileId":"de91dJDvLJE5JPcCUPkOQj7"},"_color":{"__type__":"cc.Color","r":205,"g":82,"b":1},"_contentSize":{"__type__":"cc.Size","width":100,"height":20},"_trs":{"__type__":"TypedArray","ctor":"Float64Array","array":[-360,132.1,0,0,0,0,1,1,1,1]}},{"__type__":"cc.Node","_name":"zhuangjia","_parent":{"__id__":2},"_components":[{"__type__":"cc.Sprite","node":{"__id__":6},"_materials":[{"__uuid__":"ecpdLyjvZBwrvm+cedCcQy"}],"_spriteFrame":{"__uuid__":"a0QEigSsBNXYudSEIwKRcD"}}],"_prefab":{"__type__":"cc.PrefabInfo","root":{"__id__":1},"asset":{"__uuid__":"e5dFfHZ25CZbJp4eVuH3B/"},"fileId":"09397s9KE5CDrJ4xsbNdOEU"},"_contentSize":{"__type__":"cc.Size","width":38,"height":39},"_trs":{"__type__":"TypedArray","ctor":"Float64Array","array":[-473.9,66.8,0,0,0,0,1,0.7,0.7,1]}},{"__type__":"cc.Node","_name":"ting","_parent":{"__id__":2},"_active":false,"_components":[{"__type__":"cc.Sprite","node":{"__id__":7},"_materials":[{"__uuid__":"ecpdLyjvZBwrvm+cedCcQy"}],"_spriteFrame":{"__uuid__":"b2TvRe2k9CAIhBfeEBl/KU"}}],"_prefab":{"__type__":"cc.PrefabInfo","root":{"__id__":1},"asset":{"__uuid__":"e5dFfHZ25CZbJp4eVuH3B/"},"fileId":"41UtP9xmtHcqbnIU2gANek"},"_contentSize":{"__type__":"cc.Size","width":32,"height":33},"_trs":{"__type__":"TypedArray","ctor":"Float64Array","array":[-510.337,102.757,0,0,0,0,1,0.7,0.7,1]}},{"__type__":"cc.Node","_name":"tianting","_parent":{"__id__":2},"_active":false,"_components":[{"__type__":"cc.Sprite","node":{"__id__":8},"_materials":[{"__uuid__":"ecpdLyjvZBwrvm+cedCcQy"}],"_spriteFrame":{"__uuid__":"2c23SeumFCpa3YXQVKCpR5"}}],"_prefab":{"__type__":"cc.PrefabInfo","root":{"__id__":1},"asset":{"__uuid__":"e5dFfHZ25CZbJp4eVuH3B/"},"fileId":"e7x88+NGtFPpxjaBaAC2Eg"},"_contentSize":{"__type__":"cc.Size","width":36,"height":34},"_trs":{"__type__":"TypedArray","ctor":"Float64Array","array":[-510.337,102.757,0,0,0,0,1,0.7,0.7,1]}},{"__type__":"cc.Node","_name":"showcardntcp","_parent":{"__id__":1},"_children":[{"__id__":10},{"__id__":11},{"__id__":12}],"_components":[{"__type__":"cc.Layout","node":{"__id__":9},"_layoutSize":{"__type__":"cc.Size","width":1455,"height":212},"_N$layoutType":1,"_N$horizontalDirection":1}],"_prefab":{"__type__":"cc.PrefabInfo","root":{"__id__":1},"asset":{"__uuid__":"e5dFfHZ25CZbJp4eVuH3B/"},"fileId":"483c4fRBw5DV5nOtaGd9lBe"},"_contentSize":{"__type__":"cc.Size","width":1455,"height":212},"_anchorPoint":{"__type__":"cc.Vec2","x":1,"y":0.5},"_trs":{"__type__":"TypedArray","ctor":"Float64Array","array":[292.246,-87.554,0,0,0,0,1,0.5,0.5,1]}},{"__type__":"cc.Node","_name":"sp_in","_parent":{"__id__":9},"_components":[{"__type__":"cc.Sprite","node":{"__id__":10},"_materials":[{"__uuid__":"ecpdLyjvZBwrvm+cedCcQy"}]}],"_prefab":{"__type__":"cc.PrefabInfo","root":{"__id__":1},"asset":{"__uuid__":"e5dFfHZ25CZbJp4eVuH3B/"},"fileId":"e2926FTy51JjJf+2c3B7DAc"},"_contentSize":{"__type__":"cc.Size","width":50,"height":214},"_trs":{"__type__":"TypedArray","ctor":"Float64Array","array":[-25,-2,0,0,0,0,1,1,1,1]}},{"__type__":"cc.Node","_name":"empty","_parent":{"__id__":9},"_components":[{"__type__":"cc.Sprite","node":{"__id__":11}}],"_prefab":{"__type__":"cc.PrefabInfo","root":{"__id__":1},"asset":{"__uuid__":"e5dFfHZ25CZbJp4eVuH3B/"},"fileId":"b1d16P8xBNHSIb6tF6HkWMY"},"_contentSize":{"__type__":"cc.Size","width":50,"height":214},"_trs":{"__type__":"TypedArray","ctor":"Float64Array","array":[-75,0,0,0,0,0,1,1,1,1]}},{"__type__":"cc.Node","_name":"handCard","_parent":{"__id__":9},"_components":[{"__type__":"cc.Layout","node":{"__id__":12},"_layoutSize":{"__type__":"cc.Size","width":1455,"height":212},"_N$layoutType":1,"_N$horizontalDirection":1}],"_prefab":{"__type__":"cc.PrefabInfo","root":{"__id__":1},"asset":{"__uuid__":"e5dFfHZ25CZbJp4eVuH3B/"},"fileId":"431SjE0EVAlrO+WRS4HjBG"},"_contentSize":{"__type__":"cc.Size","width":1455,"height":212},"_anchorPoint":{"__type__":"cc.Vec2","x":1,"y":0.5},"_trs":{"__type__":"TypedArray","ctor":"Float64Array","array":[-100,0,0,0,0,0,1,1,1,1]}},{"__type__":"cc.Node","_name":"downcardntcp","_parent":{"__id__":1},"_children":[{"__id__":14},{"__id__":19},{"__type__":"cc.Node","_name":"down01","_parent":{"__id__":13},"_prefab":{"__type__":"cc.PrefabInfo","root":{"__id__":1},"asset":{"__uuid__":"e5dFfHZ25CZbJp4eVuH3B/"},"fileId":"76WvxjTZZLf44HtkAQNBAv"},"_trs":{"__type__":"TypedArray","ctor":"Float64Array","array":[0,0,0,0,0,0,1,1,1,1]}}],"_components":[{"__type__":"cc.Layout","node":{"__id__":13},"_layoutSize":{"__type__":"cc.Size","height":120},"_resize":1,"_N$layoutType":1,"_N$spacingX":15}],"_prefab":{"__type__":"cc.PrefabInfo","root":{"__id__":1},"asset":{"__uuid__":"e5dFfHZ25CZbJp4eVuH3B/"},"fileId":"3f2c5h5g/5Mja3cH94nYn+b"},"_contentSize":{"__type__":"cc.Size","height":120},"_anchorPoint":{"__type__":"cc.Vec2","y":0.5},"_trs":{"__type__":"TypedArray","ctor":"Float64Array","array":[-533.268,-85.103,0,0,0,0,1,0.35,0.35,1]}},{"__type__":"cc.Node","_name":"downNode","_parent":{"__id__":13},"_children":[{"__id__":15},{"__id__":16},{"__id__":17},{"__id__":18}],"_active":false,"_components":[{"__type__":"cc.Layout","node":{"__id__":14},"_layoutSize":{"__type__":"cc.Size","width":50,"height":358},"_resize":1,"_N$layoutType":2,"_N$spacingY":-166}],"_prefab":{"__type__":"cc.PrefabInfo","root":{"__id__":1},"asset":{"__uuid__":"e5dFfHZ25CZbJp4eVuH3B/"},"fileId":"a5/rNu9jBFwpaFUNWVClI1"},"_contentSize":{"__type__":"cc.Size","width":50,"height":358},"_trs":{"__type__":"TypedArray","ctor":"Float64Array","array":[25,0,0,0,0,0,1,1,1,0.35]}},{"__type__":"cc.Node","_name":"card01","_parent":{"__id__":14},"_components":[{"__type__":"cc.Sprite","node":{"__id__":15},"_materials":[{"__uuid__":"ecpdLyjvZBwrvm+cedCcQy"}],"_spriteFrame":{"__uuid__":"53Q7kL/5JBOYI0GqdI8sHU"}}],"_prefab":{"__type__":"cc.PrefabInfo","root":{"__id__":1},"asset":{"__uuid__":"e5dFfHZ25CZbJp4eVuH3B/"},"fileId":"c5MhmocdpDj6ob2eLuAPzj"},"_contentSize":{"__type__":"cc.Size","width":50,"height":214},"_trs":{"__type__":"TypedArray","ctor":"Float64Array","array":[0,72,0,0,0,0,1,1,1,1]}},{"__type__":"cc.Node","_name":"card02","_parent":{"__id__":14},"_components":[{"__type__":"cc.Sprite","node":{"__id__":16},"_materials":[{"__uuid__":"ecpdLyjvZBwrvm+cedCcQy"}],"_spriteFrame":{"__uuid__":"53Q7kL/5JBOYI0GqdI8sHU"}}],"_prefab":{"__type__":"cc.PrefabInfo","root":{"__id__":1},"asset":{"__uuid__":"e5dFfHZ25CZbJp4eVuH3B/"},"fileId":"f22raYQdBM3pQsFhplygls"},"_contentSize":{"__type__":"cc.Size","width":50,"height":214},"_trs":{"__type__":"TypedArray","ctor":"Float64Array","array":[0,24,0,0,0,0,1,1,1,1]}},{"__type__":"cc.Node","_name":"card03","_parent":{"__id__":14},"_components":[{"__type__":"cc.Sprite","node":{"__id__":17},"_materials":[{"__uuid__":"ecpdLyjvZBwrvm+cedCcQy"}],"_spriteFrame":{"__uuid__":"53Q7kL/5JBOYI0GqdI8sHU"}}],"_prefab":{"__type__":"cc.PrefabInfo","root":{"__id__":1},"asset":{"__uuid__":"e5dFfHZ25CZbJp4eVuH3B/"},"fileId":"4dSoDHLTpB45p+JHttx+VH"},"_contentSize":{"__type__":"cc.Size","width":50,"height":214},"_trs":{"__type__":"TypedArray","ctor":"Float64Array","array":[0,-24,0,0,0,0,1,1,1,1]}},{"__type__":"cc.Node","_name":"card04","_parent":{"__id__":14},"_components":[{"__type__":"cc.Sprite","node":{"__id__":18},"_materials":[{"__uuid__":"ecpdLyjvZBwrvm+cedCcQy"}],"_spriteFrame":{"__uuid__":"53Q7kL/5JBOYI0GqdI8sHU"}}],"_prefab":{"__type__":"cc.PrefabInfo","root":{"__id__":1},"asset":{"__uuid__":"e5dFfHZ25CZbJp4eVuH3B/"},"fileId":"70CtUyDPZNKIjBkptoNcl3"},"_contentSize":{"__type__":"cc.Size","width":50,"height":214},"_trs":{"__type__":"TypedArray","ctor":"Float64Array","array":[0,-72,0,0,0,0,1,1,1,1]}},{"__type__":"cc.Node","_name":"downCard","_parent":{"__id__":13},"_components":[{"__type__":"cc.Layout","node":{"__id__":19},"_layoutSize":{"__type__":"cc.Size","width":-15,"height":120},"_resize":1,"_N$layoutType":1,"_N$spacingX":15}],"_prefab":{"__type__":"cc.PrefabInfo","root":{"__id__":1},"asset":{"__uuid__":"e5dFfHZ25CZbJp4eVuH3B/"},"fileId":"33HtXtKAtKaYu0tyDQJJ1i"},"_contentSize":{"__type__":"cc.Size","width":-15,"height":120},"_anchorPoint":{"__type__":"cc.Vec2","y":0.5},"_trs":{"__type__":"TypedArray","ctor":"Float64Array","array":[0,0,0,0,0,0,1,1,1,1]}},{"__type__":"cc.Node","_name":"jiesuan","_parent":{"__id__":1},"_children":[{"__id__":21},{"__id__":22}],"_prefab":{"__type__":"cc.PrefabInfo","root":{"__id__":1},"asset":{"__uuid__":"e5dFfHZ25CZbJp4eVuH3B/"},"fileId":"0f2b99Ie9JGWpHH7wW+Js5V"},"_trs":{"__type__":"TypedArray","ctor":"Float64Array","array":[141,-153,0,0,0,0,1,1,1,1]}},{"__type__":"cc.Node","_name":"hutype","_parent":{"__id__":20},"_components":[{"__type__":"cc.Label","node":{"__id__":21},"_materials":[{"__uuid__":"ecpdLyjvZBwrvm+cedCcQy"}],"_string":"点炮","_N$string":"点炮","_fontSize":34,"_lineHeight":36,"_N$file":{"__uuid__":"5f5wQekV1CGpJW2meZozWn"},"_isSystemFontUsed":false,"_N$horizontalAlign":1,"_N$verticalAlign":1},{"__type__":"cc.LabelOutline","node":{"__id__":21},"_color":{"__type__":"cc.Color","r":163,"g":61,"b":8},"_width":3}],"_prefab":{"__type__":"cc.PrefabInfo","root":{"__id__":1},"asset":{"__uuid__":"e5dFfHZ25CZbJp4eVuH3B/"},"fileId":"93Q+Wezy5DQLqxFxE+rXzi"},"_color":{"__type__":"cc.Color","r":252,"g":236,"b":117},"_contentSize":{"__type__":"cc.Size","width":74,"height":51.36},"_trs":{"__type__":"TypedArray","ctor":"Float64Array","array":[224.948,66.482,0,0,0,0,1,1,1,1]}},{"__type__":"cc.Node","_name":"label_lists","_parent":{"__id__":20},"_children":[{"__id__":23},{"__id__":24},{"__id__":25},{"__id__":26},{"__id__":27},{"__id__":28},{"__id__":29},{"__id__":30},{"__id__":31},{"__id__":32}],"_components":[{"__type__":"cc.Layout","node":{"__id__":22},"_layoutSize":{"__type__":"cc.Size","width":829.8000000000001,"height":30},"_resize":1,"_N$layoutType":1,"_N$spacingX":10}],"_prefab":{"__type__":"cc.PrefabInfo","root":{"__id__":1},"asset":{"__uuid__":"e5dFfHZ25CZbJp4eVuH3B/"},"fileId":"04a21bBcnlDbY/SvK3CCKvN"},"_contentSize":{"__type__":"cc.Size","width":829.8000000000001,"height":30},"_anchorPoint":{"__type__":"cc.Vec2","y":0.5},"_trs":{"__type__":"TypedArray","ctor":"Float64Array","array":[-528,135,0,0,0,0,1,1,1,1]}},{"__type__":"cc.Node","_name":"label_1","_parent":{"__id__":22},"_components":[{"__type__":"cc.Label","node":{"__id__":23},"_materials":[{"__uuid__":"ecpdLyjvZBwrvm+cedCcQy"}],"_useOriginalSize":false,"_string":"明杠: +0","_N$string":"明杠: +0","_fontSize":20,"_lineHeight":20,"_N$file":{"__uuid__":"5f5wQekV1CGpJW2meZozWn"},"_isSystemFontUsed":false,"_N$verticalAlign":1}],"_prefab":{"__type__":"cc.PrefabInfo","root":{"__id__":1},"asset":{"__uuid__":"e5dFfHZ25CZbJp4eVuH3B/"},"fileId":"2f89fgjIjFAI50I9PdScy9V"},"_color":{"__type__":"cc.Color","r":241,"g":9,"b":9},"_contentSize":{"__type__":"cc.Size","width":73.98,"height":25.2},"_anchorPoint":{"__type__":"cc.Vec2","y":0.5},"_trs":{"__type__":"TypedArray","ctor":"Float64Array","array":[0,0,0,0,0,0,1,1,1,1]}},{"__type__":"cc.Node","_name":"label_2","_parent":{"__id__":22},"_components":[{"__type__":"cc.Label","node":{"__id__":24},"_materials":[{"__uuid__":"ecpdLyjvZBwrvm+cedCcQy"}],"_useOriginalSize":false,"_string":"明杠: +0","_N$string":"明杠: +0","_fontSize":20,"_lineHeight":20,"_N$file":{"__uuid__":"5f5wQekV1CGpJW2meZozWn"},"_isSystemFontUsed":false,"_N$verticalAlign":1}],"_prefab":{"__type__":"cc.PrefabInfo","root":{"__id__":1},"asset":{"__uuid__":"e5dFfHZ25CZbJp4eVuH3B/"},"fileId":"cfb453qfC5OloFd6pMwxKU4"},"_color":{"__type__":"cc.Color","r":241,"g":9,"b":9},"_contentSize":{"__type__":"cc.Size","width":73.98,"height":25.2},"_anchorPoint":{"__type__":"cc.Vec2","y":0.5},"_trs":{"__type__":"TypedArray","ctor":"Float64Array","array":[83.98,0,0,0,0,0,1,1,1,1]}},{"__type__":"cc.Node","_name":"label_3","_parent":{"__id__":22},"_components":[{"__type__":"cc.Label","node":{"__id__":25},"_materials":[{"__uuid__":"ecpdLyjvZBwrvm+cedCcQy"}],"_useOriginalSize":false,"_string":"明杠: +0","_N$string":"明杠: +0","_fontSize":20,"_lineHeight":20,"_N$file":{"__uuid__":"5f5wQekV1CGpJW2meZozWn"},"_isSystemFontUsed":false,"_N$verticalAlign":1}],"_prefab":{"__type__":"cc.PrefabInfo","root":{"__id__":1},"asset":{"__uuid__":"e5dFfHZ25CZbJp4eVuH3B/"},"fileId":"b9952JUcFVHuJY/+LgF5np5"},"_color":{"__type__":"cc.Color","r":241,"g":9,"b":9},"_contentSize":{"__type__":"cc.Size","width":73.98,"height":25.2},"_anchorPoint":{"__type__":"cc.Vec2","y":0.5},"_trs":{"__type__":"TypedArray","ctor":"Float64Array","array":[167.96,0,0,0,0,0,1,1,1,1]}},{"__type__":"cc.Node","_name":"label_4","_parent":{"__id__":22},"_components":[{"__type__":"cc.Label","node":{"__id__":26},"_materials":[{"__uuid__":"ecpdLyjvZBwrvm+cedCcQy"}],"_useOriginalSize":false,"_string":"明杠: +0","_N$string":"明杠: +0","_fontSize":20,"_lineHeight":20,"_N$file":{"__uuid__":"5f5wQekV1CGpJW2meZozWn"},"_isSystemFontUsed":false,"_N$verticalAlign":1}],"_prefab":{"__type__":"cc.PrefabInfo","root":{"__id__":1},"asset":{"__uuid__":"e5dFfHZ25CZbJp4eVuH3B/"},"fileId":"15732WRzRpEKLUN4rGjQO+d"},"_color":{"__type__":"cc.Color","r":241,"g":9,"b":9},"_contentSize":{"__type__":"cc.Size","width":73.98,"height":25.2},"_anchorPoint":{"__type__":"cc.Vec2","y":0.5},"_trs":{"__type__":"TypedArray","ctor":"Float64Array","array":[251.94,0,0,0,0,0,1,1,1,1]}},{"__type__":"cc.Node","_name":"label_5","_parent":{"__id__":22},"_components":[{"__type__":"cc.Label","node":{"__id__":27},"_materials":[{"__uuid__":"ecpdLyjvZBwrvm+cedCcQy"}],"_useOriginalSize":false,"_string":"明杠: +0","_N$string":"明杠: +0","_fontSize":20,"_lineHeight":20,"_N$file":{"__uuid__":"5f5wQekV1CGpJW2meZozWn"},"_isSystemFontUsed":false,"_N$verticalAlign":1}],"_prefab":{"__type__":"cc.PrefabInfo","root":{"__id__":1},"asset":{"__uuid__":"e5dFfHZ25CZbJp4eVuH3B/"},"fileId":"5cf464w50FJcqPO8qv1e4sr"},"_color":{"__type__":"cc.Color","r":241,"g":9,"b":9},"_contentSize":{"__type__":"cc.Size","width":73.98,"height":25.2},"_anchorPoint":{"__type__":"cc.Vec2","y":0.5},"_trs":{"__type__":"TypedArray","ctor":"Float64Array","array":[335.92,0,0,0,0,0,1,1,1,1]}},{"__type__":"cc.Node","_name":"label_6","_parent":{"__id__":22},"_components":[{"__type__":"cc.Label","node":{"__id__":28},"_materials":[{"__uuid__":"ecpdLyjvZBwrvm+cedCcQy"}],"_useOriginalSize":false,"_string":"明杠: +0","_N$string":"明杠: +0","_fontSize":20,"_lineHeight":20,"_N$file":{"__uuid__":"5f5wQekV1CGpJW2meZozWn"},"_isSystemFontUsed":false,"_N$verticalAlign":1}],"_prefab":{"__type__":"cc.PrefabInfo","root":{"__id__":1},"asset":{"__uuid__":"e5dFfHZ25CZbJp4eVuH3B/"},"fileId":"8926aBQnqFOBJcMos5RUd7i"},"_color":{"__type__":"cc.Color","r":241,"g":9,"b":9},"_contentSize":{"__type__":"cc.Size","width":73.98,"height":25.2},"_anchorPoint":{"__type__":"cc.Vec2","y":0.5},"_trs":{"__type__":"TypedArray","ctor":"Float64Array","array":[419.90000000000003,0,0,0,0,0,1,1,1,1]}},{"__type__":"cc.Node","_name":"label_7","_parent":{"__id__":22},"_components":[{"__type__":"cc.Label","node":{"__id__":29},"_materials":[{"__uuid__":"ecpdLyjvZBwrvm+cedCcQy"}],"_useOriginalSize":false,"_string":"明杠: +0","_N$string":"明杠: +0","_fontSize":20,"_lineHeight":20,"_N$file":{"__uuid__":"5f5wQekV1CGpJW2meZozWn"},"_isSystemFontUsed":false,"_N$verticalAlign":1}],"_prefab":{"__type__":"cc.PrefabInfo","root":{"__id__":1},"asset":{"__uuid__":"e5dFfHZ25CZbJp4eVuH3B/"},"fileId":"dc80dH2K/pLq6PNKQFmUbi7"},"_color":{"__type__":"cc.Color","r":241,"g":9,"b":9},"_contentSize":{"__type__":"cc.Size","width":73.98,"height":25.2},"_anchorPoint":{"__type__":"cc.Vec2","y":0.5},"_trs":{"__type__":"TypedArray","ctor":"Float64Array","array":[503.88000000000005,0,0,0,0,0,1,1,1,1]}},{"__type__":"cc.Node","_name":"label_8","_parent":{"__id__":22},"_components":[{"__type__":"cc.Label","node":{"__id__":30},"_materials":[{"__uuid__":"ecpdLyjvZBwrvm+cedCcQy"}],"_useOriginalSize":false,"_string":"明杠: +0","_N$string":"明杠: +0","_fontSize":20,"_lineHeight":20,"_N$file":{"__uuid__":"5f5wQekV1CGpJW2meZozWn"},"_isSystemFontUsed":false,"_N$verticalAlign":1}],"_prefab":{"__type__":"cc.PrefabInfo","root":{"__id__":1},"asset":{"__uuid__":"e5dFfHZ25CZbJp4eVuH3B/"},"fileId":"0118aQKNGZG9pzPgN+Ceb5j"},"_color":{"__type__":"cc.Color","r":241,"g":9,"b":9},"_contentSize":{"__type__":"cc.Size","width":73.98,"height":25.2},"_anchorPoint":{"__type__":"cc.Vec2","y":0.5},"_trs":{"__type__":"TypedArray","ctor":"Float64Array","array":[587.86,0,0,0,0,0,1,1,1,1]}},{"__type__":"cc.Node","_name":"label_9","_parent":{"__id__":22},"_components":[{"__type__":"cc.Label","node":{"__id__":31},"_materials":[{"__uuid__":"ecpdLyjvZBwrvm+cedCcQy"}],"_useOriginalSize":false,"_string":"明杠: +0","_N$string":"明杠: +0","_fontSize":20,"_lineHeight":20,"_N$file":{"__uuid__":"5f5wQekV1CGpJW2meZozWn"},"_isSystemFontUsed":false,"_N$verticalAlign":1}],"_prefab":{"__type__":"cc.PrefabInfo","root":{"__id__":1},"asset":{"__uuid__":"e5dFfHZ25CZbJp4eVuH3B/"},"fileId":"14B2GSdApPgr+xGxHteKOC"},"_color":{"__type__":"cc.Color","r":241,"g":9,"b":9},"_contentSize":{"__type__":"cc.Size","width":73.98,"height":25.2},"_anchorPoint":{"__type__":"cc.Vec2","y":0.5},"_trs":{"__type__":"TypedArray","ctor":"Float64Array","array":[671.84,0,0,0,0,0,1,1,1,1]}},{"__type__":"cc.Node","_name":"label_10","_parent":{"__id__":22},"_components":[{"__type__":"cc.Label","node":{"__id__":32},"_materials":[{"__uuid__":"ecpdLyjvZBwrvm+cedCcQy"}],"_useOriginalSize":false,"_string":"明杠: +0","_N$string":"明杠: +0","_fontSize":20,"_lineHeight":20,"_N$file":{"__uuid__":"5f5wQekV1CGpJW2meZozWn"},"_isSystemFontUsed":false,"_N$verticalAlign":1}],"_prefab":{"__type__":"cc.PrefabInfo","root":{"__id__":1},"asset":{"__uuid__":"e5dFfHZ25CZbJp4eVuH3B/"},"fileId":"f7DLncekVIDYF2u2hip1kL"},"_color":{"__type__":"cc.Color","r":241,"g":9,"b":9},"_contentSize":{"__type__":"cc.Size","width":73.98,"height":25.2},"_anchorPoint":{"__type__":"cc.Vec2","y":0.5},"_trs":{"__type__":"TypedArray","ctor":"Float64Array","array":[755.82,0,0,0,0,0,1,1,1,1]}},{"__type__":"cc.Node","_name":"record","_parent":{"__id__":1},"_children":[{"__id__":34},{"__id__":36}],"_components":[{"__type__":"cc.Layout","node":{"__id__":33},"_layoutSize":{"__type__":"cc.Size","width":125,"height":75.96},"_resize":1,"_N$layoutType":2,"_N$spacingY":10}],"_prefab":{"__type__":"cc.PrefabInfo","root":{"__id__":1},"asset":{"__uuid__":"e5dFfHZ25CZbJp4eVuH3B/"},"fileId":"78RkZk09ZHp4rWOU4oQFzT"},"_contentSize":{"__type__":"cc.Size","width":125,"height":75.96},"_anchorPoint":{"__type__":"cc.Vec2","y":0.5},"_trs":{"__type__":"TypedArray","ctor":"Float64Array","array":[420.453,-82.905,0,0,0,0,1,1,1,1]}},{"__type__":"cc.Node","_name":"tip_point","_parent":{"__id__":33},"_children":[{"__id__":35}],"_components":[{"__type__":"cc.Label","node":{"__id__":34},"_materials":[{"__uuid__":"ecpdLyjvZBwrvm+cedCcQy"}],"_useOriginalSize":false,"_string":"得分：","_N$string":"得分：","_fontSize":20,"_lineHeight":22,"_N$file":{"__uuid__":"5f5wQekV1CGpJW2meZozWn"},"_isSystemFontUsed":false,"_N$verticalAlign":1},{"__type__":"cc.LabelOutline","node":{"__id__":34},"_color":{"__type__":"cc.Color","r":43,"g":37,"b":41},"_width":2}],"_prefab":{"__type__":"cc.PrefabInfo","root":{"__id__":1},"asset":{"__uuid__":"e5dFfHZ25CZbJp4eVuH3B/"},"fileId":"e5rTXYXaRKqopJknOywgi5"},"_contentSize":{"__type__":"cc.Size","width":64,"height":31.72},"_anchorPoint":{"__type__":"cc.Vec2","y":0.5},"_trs":{"__type__":"TypedArray","ctor":"Float64Array","array":[0,22.119999999999997,0,0,0,0,1,1,1,1]}},{"__type__":"cc.Node","_name":"lb_point","_parent":{"__id__":34},"_components":[{"__type__":"cc.Label","node":{"__id__":35},"_materials":[{"__uuid__":"ecpdLyjvZBwrvm+cedCcQy"}],"_useOriginalSize":false,"_string":"-1000","_N$string":"-1000","_fontSize":28,"_lineHeight":30,"_N$file":{"__uuid__":"5f5wQekV1CGpJW2meZozWn"},"_isSystemFontUsed":false,"_N$verticalAlign":1},{"__type__":"cc.LabelOutline","node":{"__id__":35},"_color":{"__type__":"cc.Color","r":43,"g":37,"b":41},"_width":2}],"_prefab":{"__type__":"cc.PrefabInfo","root":{"__id__":1},"asset":{"__uuid__":"e5dFfHZ25CZbJp4eVuH3B/"},"fileId":"00Vp6tAbZFp6N/kYVlTVu8"},"_contentSize":{"__type__":"cc.Size","width":78.92,"height":41.8},"_anchorPoint":{"__type__":"cc.Vec2","y":0.5},"_trs":{"__type__":"TypedArray","ctor":"Float64Array","array":[61,0,0,0,0,0,1,1,1,1]}},{"__type__":"cc.Node","_name":"tip_sportspoint","_parent":{"__id__":33},"_children":[{"__id__":37}],"_components":[{"__type__":"cc.Label","node":{"__id__":36},"_materials":[{"__uuid__":"ecpdLyjvZBwrvm+cedCcQy"}],"_useOriginalSize":false,"_string":"比赛分：","_N$string":"比赛分：","_fontSize":22,"_lineHeight":24,"_N$file":{"__uuid__":"5f5wQekV1CGpJW2meZozWn"},"_isSystemFontUsed":false,"_N$verticalAlign":1},{"__type__":"cc.LabelOutline","node":{"__id__":36},"_color":{"__type__":"cc.Color"},"_width":2}],"_prefab":{"__type__":"cc.PrefabInfo","root":{"__id__":1},"asset":{"__uuid__":"e5dFfHZ25CZbJp4eVuH3B/"},"fileId":"280KGO22BKE7GZ7h0lFrAK"},"_color":{"__type__":"cc.Color","r":241,"g":241,"b":38},"_contentSize":{"__type__":"cc.Size","width":92,"height":34.239999999999995},"_anchorPoint":{"__type__":"cc.Vec2","y":0.5},"_trs":{"__type__":"TypedArray","ctor":"Float64Array","array":[-8,-20.86,0,0,0,0,1,1,1,1]}},{"__type__":"cc.Node","_name":"lb_sportspoint","_parent":{"__id__":36},"_components":[{"__type__":"cc.Label","node":{"__id__":37},"_materials":[{"__uuid__":"ecpdLyjvZBwrvm+cedCcQy"}],"_useOriginalSize":false,"_string":"-1000","_N$string":"-1000","_lineHeight":35,"_N$file":{"__uuid__":"5f5wQekV1CGpJW2meZozWn"},"_isSystemFontUsed":false,"_N$verticalAlign":1},{"__type__":"cc.LabelOutline","node":{"__id__":37},"_color":{"__type__":"cc.Color"},"_width":2}],"_prefab":{"__type__":"cc.PrefabInfo","root":{"__id__":1},"asset":{"__uuid__":"e5dFfHZ25CZbJp4eVuH3B/"},"fileId":"72HNZe4IBNabbzI+bIzwVv"},"_color":{"__type__":"cc.Color","r":241,"g":241,"b":38},"_contentSize":{"__type__":"cc.Size","width":111.03,"height":48.1},"_anchorPoint":{"__type__":"cc.Vec2","y":0.5},"_trs":{"__type__":"TypedArray","ctor":"Float64Array","array":[81,5,0,0,0,0,1,1,1,1]}},{"__type__":"cc.Node","_name":"huacardscrollView","_parent":{"__id__":1},"_children":[{"__id__":39},{"__id__":45}],"_active":false,"_components":[{"__id__":43}],"_prefab":{"__type__":"cc.PrefabInfo","root":{"__id__":1},"asset":{"__uuid__":"e5dFfHZ25CZbJp4eVuH3B/"},"fileId":"5cdF3DyfRC8oiLezv9itHp"},"_contentSize":{"__type__":"cc.Size","width":300,"height":200},"_trs":{"__type__":"TypedArray","ctor":"Float64Array","array":[536.2,-53,0,0,0,0,1,0.5,0.5,1]}},{"__type__":"cc.Node","_name":"scrollBar","_parent":{"__id__":38},"_children":[{"__id__":40}],"_active":false,"_components":[{"__id__":42},{"__type__":"cc.Widget","node":{"__id__":39},"alignMode":0,"_alignFlags":37,"_left":350.07654921020657,"_right":-3,"_top":6.200000000000003,"_bottom":13.799999999999997,"_originalHeight":237},{"__type__":"cc.Sprite","node":{"__id__":39},"_spriteFrame":{"__uuid__":"5f5dyqtRNNxaFmVzYns6FZ"},"_type":1,"_sizeMode":0}],"_prefab":{"__type__":"cc.PrefabInfo","root":{"__id__":1},"asset":{"__uuid__":"e5dFfHZ25CZbJp4eVuH3B/"},"fileId":"bdoRmCzQFLKJbHS6GvRJUJ"},"_contentSize":{"__type__":"cc.Size","width":12,"height":180},"_anchorPoint":{"__type__":"cc.Vec2","x":1,"y":0.5},"_trs":{"__type__":"TypedArray","ctor":"Float64Array","array":[153,3.799999999999997,0,0,0,0,1,1,1,1]}},{"__type__":"cc.Node","_name":"bar","_parent":{"__id__":39},"_components":[{"__id__":41}],"_prefab":{"__type__":"cc.PrefabInfo","root":{"__id__":1},"asset":{"__uuid__":"e5dFfHZ25CZbJp4eVuH3B/"},"fileId":"dd2XFOUs9CIb7alPlfX9D3"},"_contentSize":{"__type__":"cc.Size","width":10,"height":30},"_anchorPoint":{"__type__":"cc.Vec2","x":1},"_trs":{"__type__":"TypedArray","ctor":"Float64Array","array":[-1,0,0,0,0,0,1,1,1,1]}},{"__type__":"cc.Sprite","node":{"__id__":40},"_spriteFrame":{"__uuid__":"5cO7kybDxGj4ipyMYdRYZB"},"_type":1,"_sizeMode":0},{"__type__":"cc.Scrollbar","node":{"__id__":39},"_scrollView":{"__id__":43},"_N$handle":{"__id__":41},"_N$direction":1},{"__type__":"cc.ScrollView","node":{"__id__":38},"vertical":false,"brake":0.75,"bounceDuration":0.23,"_N$content":{"__id__":44},"content":{"__id__":44},"_N$verticalScrollBar":{"__id__":42}},{"__type__":"cc.Node","_name":"huacard","_parent":{"__id__":45},"_children":[{"__id__":46},{"__id__":47},{"__id__":48},{"__id__":49},{"__id__":50},{"__id__":51},{"__id__":52},{"__id__":53}],"_components":[{"__type__":"cc.Layout","node":{"__id__":44},"_layoutSize":{"__type__":"cc.Size","width":627,"height":200},"_resize":1,"_N$layoutType":1,"_N$paddingLeft":20,"_N$spacingX":33},{"__type__":"8f5c1NoKYlJOIy+Kxk7+L8e","node":{"__id__":44}}],"_prefab":{"__type__":"cc.PrefabInfo","root":{"__id__":1},"asset":{"__uuid__":"e5dFfHZ25CZbJp4eVuH3B/"},"fileId":"4bCMB97N5E16i7cYl+P76v"},"_contentSize":{"__type__":"cc.Size","width":627,"height":200},"_anchorPoint":{"__type__":"cc.Vec2","y":0.5},"_trs":{"__type__":"TypedArray","ctor":"Float64Array","array":[0,0,0,0,0,0,1,1,1,1]}},{"__type__":"cc.Node","_name":"view","_parent":{"__id__":38},"_children":[{"__id__":44}],"_components":[{"__type__":"cc.Mask","node":{"__id__":45},"_materials":[{"__uuid__":"ecpdLyjvZBwrvm+cedCcQy"}]}],"_prefab":{"__type__":"cc.PrefabInfo","root":{"__id__":1},"asset":{"__uuid__":"e5dFfHZ25CZbJp4eVuH3B/"},"fileId":"373AcjTBtDvIZeRtks4lcb"},"_contentSize":{"__type__":"cc.Size","width":325,"height":200},"_anchorPoint":{"__type__":"cc.Vec2","y":0.5},"_trs":{"__type__":"TypedArray","ctor":"Float64Array","array":[-175.779,0,0,0,0,0,1,1,1,1]}},{"__type__":"cc.Node","_name":"card01","_parent":{"__id__":44},"_components":[{"__type__":"cc.Sprite","node":{"__id__":46},"_materials":[{"__uuid__":"ecpdLyjvZBwrvm+cedCcQy"}],"_spriteFrame":{"__uuid__":"40zOexKUBCyq5rxbs5ANC4"}}],"_prefab":{"__type__":"cc.PrefabInfo","root":{"__id__":1},"asset":{"__uuid__":"e5dFfHZ25CZbJp4eVuH3B/"},"fileId":"edDbFWSf1Hfq7nGO7ifzZ3"},"_contentSize":{"__type__":"cc.Size","width":47,"height":76},"_trs":{"__type__":"TypedArray","ctor":"Float64Array","array":[43.5,-31,0,0,0,0,1,1.7,1.7,1]}},{"__type__":"cc.Node","_name":"card02","_parent":{"__id__":44},"_components":[{"__type__":"cc.Sprite","node":{"__id__":47},"_materials":[{"__uuid__":"ecpdLyjvZBwrvm+cedCcQy"}],"_spriteFrame":{"__uuid__":"40zOexKUBCyq5rxbs5ANC4"}}],"_prefab":{"__type__":"cc.PrefabInfo","root":{"__id__":1},"asset":{"__uuid__":"e5dFfHZ25CZbJp4eVuH3B/"},"fileId":"6cMKNLrNtJk6HHGxt4krN9"},"_contentSize":{"__type__":"cc.Size","width":47,"height":76},"_trs":{"__type__":"TypedArray","ctor":"Float64Array","array":[123.5,-31,0,0,0,0,1,1.7,1.7,1]}},{"__type__":"cc.Node","_name":"card03","_parent":{"__id__":44},"_components":[{"__type__":"cc.Sprite","node":{"__id__":48},"_materials":[{"__uuid__":"ecpdLyjvZBwrvm+cedCcQy"}],"_spriteFrame":{"__uuid__":"40zOexKUBCyq5rxbs5ANC4"}}],"_prefab":{"__type__":"cc.PrefabInfo","root":{"__id__":1},"asset":{"__uuid__":"e5dFfHZ25CZbJp4eVuH3B/"},"fileId":"6bIyXVgDFD/46xQsCvswxE"},"_contentSize":{"__type__":"cc.Size","width":47,"height":76},"_trs":{"__type__":"TypedArray","ctor":"Float64Array","array":[203.5,-31,0,0,0,0,1,1.7,1.7,1]}},{"__type__":"cc.Node","_name":"card04","_parent":{"__id__":44},"_components":[{"__type__":"cc.Sprite","node":{"__id__":49},"_materials":[{"__uuid__":"ecpdLyjvZBwrvm+cedCcQy"}],"_spriteFrame":{"__uuid__":"40zOexKUBCyq5rxbs5ANC4"}}],"_prefab":{"__type__":"cc.PrefabInfo","root":{"__id__":1},"asset":{"__uuid__":"e5dFfHZ25CZbJp4eVuH3B/"},"fileId":"44XG9X61BNzYcAfrPbomjv"},"_contentSize":{"__type__":"cc.Size","width":47,"height":76},"_trs":{"__type__":"TypedArray","ctor":"Float64Array","array":[283.5,-31,0,0,0,0,1,1.7,1.7,1]}},{"__type__":"cc.Node","_name":"card05","_parent":{"__id__":44},"_components":[{"__type__":"cc.Sprite","node":{"__id__":50},"_materials":[{"__uuid__":"ecpdLyjvZBwrvm+cedCcQy"}],"_spriteFrame":{"__uuid__":"40zOexKUBCyq5rxbs5ANC4"}}],"_prefab":{"__type__":"cc.PrefabInfo","root":{"__id__":1},"asset":{"__uuid__":"e5dFfHZ25CZbJp4eVuH3B/"},"fileId":"f93O7zhxdNWbQLyIdtv1eg"},"_contentSize":{"__type__":"cc.Size","width":47,"height":76},"_trs":{"__type__":"TypedArray","ctor":"Float64Array","array":[363.5,-31,0,0,0,0,1,1.7,1.7,1]}},{"__type__":"cc.Node","_name":"card06","_parent":{"__id__":44},"_components":[{"__type__":"cc.Sprite","node":{"__id__":51},"_materials":[{"__uuid__":"ecpdLyjvZBwrvm+cedCcQy"}],"_spriteFrame":{"__uuid__":"40zOexKUBCyq5rxbs5ANC4"}}],"_prefab":{"__type__":"cc.PrefabInfo","root":{"__id__":1},"asset":{"__uuid__":"e5dFfHZ25CZbJp4eVuH3B/"},"fileId":"9ehUvzX79GrILXkAV6N2lO"},"_contentSize":{"__type__":"cc.Size","width":47,"height":76},"_trs":{"__type__":"TypedArray","ctor":"Float64Array","array":[443.5,-31,0,0,0,0,1,1.7,1.7,1]}},{"__type__":"cc.Node","_name":"card07","_parent":{"__id__":44},"_components":[{"__type__":"cc.Sprite","node":{"__id__":52},"_materials":[{"__uuid__":"ecpdLyjvZBwrvm+cedCcQy"}],"_spriteFrame":{"__uuid__":"40zOexKUBCyq5rxbs5ANC4"}}],"_prefab":{"__type__":"cc.PrefabInfo","root":{"__id__":1},"asset":{"__uuid__":"e5dFfHZ25CZbJp4eVuH3B/"},"fileId":"7a1gweNA9AooKzqY74TLCA"},"_contentSize":{"__type__":"cc.Size","width":47,"height":76},"_trs":{"__type__":"TypedArray","ctor":"Float64Array","array":[523.5,-31,0,0,0,0,1,1.7,1.7,1]}},{"__type__":"cc.Node","_name":"card08","_parent":{"__id__":44},"_components":[{"__type__":"cc.Sprite","node":{"__id__":53},"_materials":[{"__uuid__":"ecpdLyjvZBwrvm+cedCcQy"}],"_spriteFrame":{"__uuid__":"40zOexKUBCyq5rxbs5ANC4"}}],"_prefab":{"__type__":"cc.PrefabInfo","root":{"__id__":1},"asset":{"__uuid__":"e5dFfHZ25CZbJp4eVuH3B/"},"fileId":"8dfSVHKTxEjKGSOt/TBPt5"},"_contentSize":{"__type__":"cc.Size","width":47,"height":76},"_trs":{"__type__":"TypedArray","ctor":"Float64Array","array":[603.5,-31,0,0,0,0,1,1.7,1.7,1]}},{"__type__":"cc.Node","_name":"huacard","_parent":{"__id__":1},"_children":[{"__id__":55}],"_active":false,"_components":[{"__type__":"cc.Layout","node":{"__id__":54},"_N$layoutType":1,"_N$spacingX":33},{"__type__":"8f5c1NoKYlJOIy+Kxk7+L8e","node":{"__id__":54}}],"_prefab":{"__type__":"cc.PrefabInfo","root":{"__id__":1},"asset":{"__uuid__":"e5dFfHZ25CZbJp4eVuH3B/"},"fileId":"6742fhpNdxNgqhHPBCv4VF0"},"_contentSize":{"__type__":"cc.Size","width":300,"height":200},"_trs":{"__type__":"TypedArray","ctor":"Float64Array","array":[555,-64,0,0,0,0,1,0.5,0.5,1]}},{"__type__":"cc.Node","_name":"card01","_parent":{"__id__":54},"_components":[{"__type__":"cc.Sprite","node":{"__id__":55},"_materials":[{"__uuid__":"ecpdLyjvZBwrvm+cedCcQy"}],"_spriteFrame":{"__uuid__":"40zOexKUBCyq5rxbs5ANC4"}}],"_prefab":{"__type__":"cc.PrefabInfo","root":{"__id__":1},"asset":{"__uuid__":"e5dFfHZ25CZbJp4eVuH3B/"},"fileId":"9eecfjTmiVBfaX/LAL0qvNA"},"_contentSize":{"__type__":"cc.Size","width":47,"height":76},"_trs":{"__type__":"TypedArray","ctor":"Float64Array","array":[-126.5,0,0,0,0,0,1,1.7,1.7,1]}},{"__type__":"cc.Node","_name":"lb_piaoFen","_parent":{"__id__":1},"_components":[{"__type__":"cc.Label","node":{"__id__":56},"_materials":[{"__uuid__":"ecpdLyjvZBwrvm+cedCcQy"}],"_useOriginalSize":false,"_string":"不买","_N$string":"不买","_fontSize":20.2,"_lineHeight":30,"_N$file":{"__uuid__":"5f5wQekV1CGpJW2meZozWn"},"_isSystemFontUsed":false,"_N$horizontalAlign":2,"_N$verticalAlign":1}],"_prefab":{"__type__":"cc.PrefabInfo","root":{"__id__":1},"asset":{"__uuid__":"e5dFfHZ25CZbJp4eVuH3B/"},"fileId":"09exPlb0FIPIHoM5Q4IVZr"},"_color":{"__type__":"cc.Color","r":241,"g":9,"b":9},"_contentSize":{"__type__":"cc.Size","width":40.4,"height":37.8},"_trs":{"__type__":"TypedArray","ctor":"Float64Array","array":[-591.996,-39,0,0,0,0,1,1,1,1]}},{"__type__":"cc.Node","_name":"lb_mai","_parent":{"__id__":1},"_components":[{"__type__":"cc.Label","node":{"__id__":57},"_materials":[{"__uuid__":"ecpdLyjvZBwrvm+cedCcQy"}],"_useOriginalSize":false,"_string":"不买","_N$string":"不买","_fontSize":20.2,"_lineHeight":30,"_N$file":{"__uuid__":"5f5wQekV1CGpJW2meZozWn"},"_isSystemFontUsed":false,"_N$horizontalAlign":2,"_N$verticalAlign":1}],"_prefab":{"__type__":"cc.PrefabInfo","root":{"__id__":1},"asset":{"__uuid__":"e5dFfHZ25CZbJp4eVuH3B/"},"fileId":"47h5QxEqpE4KhaJCgk/oY0"},"_color":{"__type__":"cc.Color","r":241,"g":9,"b":9},"_contentSize":{"__type__":"cc.Size","width":40.4,"height":37.8},"_trs":{"__type__":"TypedArray","ctor":"Float64Array","array":[-591.996,-83,0,0,0,0,1,1,1,1]}},{"__type__":"cc.Node","_name":"scores","_parent":{"__id__":1},"_children":[{"__id__":59},{"__id__":60},{"__id__":61},{"__id__":62}],"_active":false,"_components":[{"__type__":"cc.Layout","node":{"__id__":58},"_enabled":false,"_layoutSize":{"__type__":"cc.Size","width":239.46,"height":75.6},"_resize":1,"_N$layoutType":3,"_N$startAxis":1,"_N$paddingRight":10,"_N$spacingX":15}],"_prefab":{"__type__":"cc.PrefabInfo","root":{"__id__":1},"asset":{"__uuid__":"e5dFfHZ25CZbJp4eVuH3B/"},"fileId":"cdb2rVgQVMiJy/vP21B2mH"},"_contentSize":{"__type__":"cc.Size","width":239.46,"height":75.6},"_trs":{"__type__":"TypedArray","ctor":"Float64Array","array":[481.942,-57.603,0,0,0,0,1,1,1,1]}},{"__type__":"cc.Node","_name":"lb_huPoint","_parent":{"__id__":58},"_components":[{"__type__":"cc.Label","node":{"__id__":59},"_materials":[{"__uuid__":"ecpdLyjvZBwrvm+cedCcQy"}],"_useOriginalSize":false,"_string":"胡牌：+240","_N$string":"胡牌：+240","_fontSize":20.2,"_lineHeight":30,"_N$file":{"__uuid__":"5f5wQekV1CGpJW2meZozWn"},"_isSystemFontUsed":false,"_N$horizontalAlign":2,"_N$verticalAlign":1}],"_prefab":{"__type__":"cc.PrefabInfo","root":{"__id__":1},"asset":{"__uuid__":"e5dFfHZ25CZbJp4eVuH3B/"},"fileId":"b9u1wIeD9FSLTlPCwrO9RK"},"_color":{"__type__":"cc.Color","r":241,"g":9,"b":9},"_contentSize":{"__type__":"cc.Size","width":107.23,"height":37.8},"_trs":{"__type__":"TypedArray","ctor":"Float64Array","array":[-66.11500000000001,18.9,0,0,0,0,1,1,1,1]}},{"__type__":"cc.Node","_name":"lb_piaoPoint","_parent":{"__id__":58},"_components":[{"__type__":"cc.Label","node":{"__id__":60},"_materials":[{"__uuid__":"ecpdLyjvZBwrvm+cedCcQy"}],"_useOriginalSize":false,"_string":"胡牌：+240","_N$string":"胡牌：+240","_fontSize":20.2,"_lineHeight":30,"_N$file":{"__uuid__":"5f5wQekV1CGpJW2meZozWn"},"_isSystemFontUsed":false,"_N$horizontalAlign":2,"_N$verticalAlign":1}],"_prefab":{"__type__":"cc.PrefabInfo","root":{"__id__":1},"asset":{"__uuid__":"e5dFfHZ25CZbJp4eVuH3B/"},"fileId":"bdGvzR911D+beLi6VSaHe0"},"_color":{"__type__":"cc.Color","r":241,"g":9,"b":9},"_contentSize":{"__type__":"cc.Size","width":107.23,"height":37.8},"_trs":{"__type__":"TypedArray","ctor":"Float64Array","array":[-66.11500000000001,-18.9,0,0,0,0,1,1,1,1]}},{"__type__":"cc.Node","_name":"lb_gangPoint","_parent":{"__id__":58},"_components":[{"__type__":"cc.Label","node":{"__id__":61},"_materials":[{"__uuid__":"ecpdLyjvZBwrvm+cedCcQy"}],"_useOriginalSize":false,"_string":"胡牌：+240","_N$string":"胡牌：+240","_fontSize":20.2,"_lineHeight":30,"_N$file":{"__uuid__":"5f5wQekV1CGpJW2meZozWn"},"_isSystemFontUsed":false,"_N$horizontalAlign":2,"_N$verticalAlign":1}],"_prefab":{"__type__":"cc.PrefabInfo","root":{"__id__":1},"asset":{"__uuid__":"e5dFfHZ25CZbJp4eVuH3B/"},"fileId":"adu3DrmHdDsY+CX+lTZXv3"},"_color":{"__type__":"cc.Color","r":241,"g":9,"b":9},"_contentSize":{"__type__":"cc.Size","width":107.23,"height":37.8},"_trs":{"__type__":"TypedArray","ctor":"Float64Array","array":[56.114999999999995,18.9,0,0,0,0,1,1,1,1]}},{"__type__":"cc.Node","_name":"lb_genPoint","_parent":{"__id__":58},"_components":[{"__type__":"cc.Label","node":{"__id__":62},"_materials":[{"__uuid__":"ecpdLyjvZBwrvm+cedCcQy"}],"_useOriginalSize":false,"_string":"胡牌：+240","_N$string":"胡牌：+240","_fontSize":20.2,"_lineHeight":30,"_N$file":{"__uuid__":"5f5wQekV1CGpJW2meZozWn"},"_isSystemFontUsed":false,"_N$horizontalAlign":2,"_N$verticalAlign":1}],"_prefab":{"__type__":"cc.PrefabInfo","root":{"__id__":1},"asset":{"__uuid__":"e5dFfHZ25CZbJp4eVuH3B/"},"fileId":"1a9TePW0xFw6GoCttADG4V"},"_color":{"__type__":"cc.Color","r":241,"g":9,"b":9},"_contentSize":{"__type__":"cc.Size","width":107.23,"height":37.8},"_trs":{"__type__":"TypedArray","ctor":"Float64Array","array":[56.114999999999995,-18.9,0,0,0,0,1,1,1,1]}},{"__type__":"cc.Node","_name":"showcard","_parent":{"__id__":1},"_children":[{"__id__":64},{"__id__":65},{"__id__":66}],"_active":false,"_components":[{"__type__":"cc.Layout","node":{"__id__":63},"_layoutSize":{"__type__":"cc.Size","width":1455,"height":212},"_N$layoutType":1,"_N$horizontalDirection":1}],"_prefab":{"__type__":"cc.PrefabInfo","root":{"__id__":1},"asset":{"__uuid__":"e5dFfHZ25CZbJp4eVuH3B/"},"fileId":"59Qd7RseNGzoIr9mI/brB0"},"_contentSize":{"__type__":"cc.Size","width":1455,"height":212},"_anchorPoint":{"__type__":"cc.Vec2","x":1,"y":0.5},"_trs":{"__type__":"TypedArray","ctor":"Float64Array","array":[292.246,-87.554,0,0,0,0,1,0.5,0.5,1]}},{"__type__":"cc.Node","_name":"sp_in","_parent":{"__id__":63},"_components":[{"__type__":"cc.Sprite","node":{"__id__":64},"_materials":[{"__uuid__":"ecpdLyjvZBwrvm+cedCcQy"}],"_spriteFrame":{"__uuid__":"feEGhhGFJOIabQZkJtgLDX"}}],"_prefab":{"__type__":"cc.PrefabInfo","root":{"__id__":1},"asset":{"__uuid__":"e5dFfHZ25CZbJp4eVuH3B/"},"fileId":"fbaomfG6lJSbJ5FCwl2hFj"},"_contentSize":{"__type__":"cc.Size","width":50,"height":214},"_trs":{"__type__":"TypedArray","ctor":"Float64Array","array":[-25,-2,0,0,0,0,1,1,1,1]}},{"__type__":"cc.Node","_name":"empty","_parent":{"__id__":63},"_components":[{"__type__":"cc.Sprite","node":{"__id__":65}}],"_prefab":{"__type__":"cc.PrefabInfo","root":{"__id__":1},"asset":{"__uuid__":"e5dFfHZ25CZbJp4eVuH3B/"},"fileId":"e6pAOckKBJY7rDINtYZlCN"},"_contentSize":{"__type__":"cc.Size","width":50,"height":214},"_trs":{"__type__":"TypedArray","ctor":"Float64Array","array":[-75,0,0,0,0,0,1,1,1,1]}},{"__type__":"cc.Node","_name":"handCard","_parent":{"__id__":63},"_components":[{"__type__":"cc.Layout","node":{"__id__":66},"_layoutSize":{"__type__":"cc.Size","width":1455,"height":212},"_N$layoutType":1,"_N$horizontalDirection":1}],"_prefab":{"__type__":"cc.PrefabInfo","root":{"__id__":1},"asset":{"__uuid__":"e5dFfHZ25CZbJp4eVuH3B/"},"fileId":"20mAd1z5RBzojPpc3KKTnA"},"_contentSize":{"__type__":"cc.Size","width":1455,"height":212},"_anchorPoint":{"__type__":"cc.Vec2","x":1,"y":0.5},"_trs":{"__type__":"TypedArray","ctor":"Float64Array","array":[-100,0,0,0,0,0,1,1,1,1]}},{"__type__":"cc.Node","_name":"downcard","_parent":{"__id__":1},"_children":[{"__id__":68},{"__id__":73},{"__type__":"cc.Node","_name":"down01","_parent":{"__id__":67},"_prefab":{"__type__":"cc.PrefabInfo","root":{"__id__":1},"asset":{"__uuid__":"e5dFfHZ25CZbJp4eVuH3B/"},"fileId":"e8oJ0yAJZHTKzm9nLrt01k"},"_trs":{"__type__":"TypedArray","ctor":"Float64Array","array":[0,0,0,0,0,0,1,1,1,1]}}],"_active":false,"_components":[{"__type__":"cc.Layout","node":{"__id__":67},"_layoutSize":{"__type__":"cc.Size","height":120},"_resize":1,"_N$layoutType":1,"_N$spacingX":15}],"_prefab":{"__type__":"cc.PrefabInfo","root":{"__id__":1},"asset":{"__uuid__":"e5dFfHZ25CZbJp4eVuH3B/"},"fileId":"810FxAe0pFcaxI1rybQLae"},"_contentSize":{"__type__":"cc.Size","height":120},"_anchorPoint":{"__type__":"cc.Vec2","y":0.5},"_trs":{"__type__":"TypedArray","ctor":"Float64Array","array":[-533.268,-85.103,0,0,0,0,1,0.35,0.35,1]}},{"__type__":"cc.Node","_name":"downNode","_parent":{"__id__":67},"_children":[{"__id__":69},{"__id__":70},{"__id__":71},{"__id__":72}],"_active":false,"_components":[{"__type__":"cc.Layout","node":{"__id__":68},"_layoutSize":{"__type__":"cc.Size","width":50,"height":358},"_resize":1,"_N$layoutType":2,"_N$spacingY":-166}],"_prefab":{"__type__":"cc.PrefabInfo","root":{"__id__":1},"asset":{"__uuid__":"e5dFfHZ25CZbJp4eVuH3B/"},"fileId":"c8R8G9GIRFCaYyZkAXqVAZ"},"_contentSize":{"__type__":"cc.Size","width":50,"height":358},"_trs":{"__type__":"TypedArray","ctor":"Float64Array","array":[25,0,0,0,0,0,1,1,1,0.35]}},{"__type__":"cc.Node","_name":"card01","_parent":{"__id__":68},"_components":[{"__type__":"cc.Sprite","node":{"__id__":69},"_materials":[{"__uuid__":"ecpdLyjvZBwrvm+cedCcQy"}],"_spriteFrame":{"__uuid__":"53Q7kL/5JBOYI0GqdI8sHU"}}],"_prefab":{"__type__":"cc.PrefabInfo","root":{"__id__":1},"asset":{"__uuid__":"e5dFfHZ25CZbJp4eVuH3B/"},"fileId":"e6UBhA8U5KxKAj08I1rG2X"},"_contentSize":{"__type__":"cc.Size","width":50,"height":214},"_trs":{"__type__":"TypedArray","ctor":"Float64Array","array":[0,72,0,0,0,0,1,1,1,1]}},{"__type__":"cc.Node","_name":"card02","_parent":{"__id__":68},"_components":[{"__type__":"cc.Sprite","node":{"__id__":70},"_materials":[{"__uuid__":"ecpdLyjvZBwrvm+cedCcQy"}],"_spriteFrame":{"__uuid__":"53Q7kL/5JBOYI0GqdI8sHU"}}],"_prefab":{"__type__":"cc.PrefabInfo","root":{"__id__":1},"asset":{"__uuid__":"e5dFfHZ25CZbJp4eVuH3B/"},"fileId":"f2e2eY1wJMHqBbQE4xIDfw"},"_contentSize":{"__type__":"cc.Size","width":50,"height":214},"_trs":{"__type__":"TypedArray","ctor":"Float64Array","array":[0,24,0,0,0,0,1,1,1,1]}},{"__type__":"cc.Node","_name":"card03","_parent":{"__id__":68},"_components":[{"__type__":"cc.Sprite","node":{"__id__":71},"_materials":[{"__uuid__":"ecpdLyjvZBwrvm+cedCcQy"}],"_spriteFrame":{"__uuid__":"53Q7kL/5JBOYI0GqdI8sHU"}}],"_prefab":{"__type__":"cc.PrefabInfo","root":{"__id__":1},"asset":{"__uuid__":"e5dFfHZ25CZbJp4eVuH3B/"},"fileId":"bfSlEefehKVb6aOItGcHpB"},"_contentSize":{"__type__":"cc.Size","width":50,"height":214},"_trs":{"__type__":"TypedArray","ctor":"Float64Array","array":[0,-24,0,0,0,0,1,1,1,1]}},{"__type__":"cc.Node","_name":"card04","_parent":{"__id__":68},"_components":[{"__type__":"cc.Sprite","node":{"__id__":72},"_materials":[{"__uuid__":"ecpdLyjvZBwrvm+cedCcQy"}],"_spriteFrame":{"__uuid__":"53Q7kL/5JBOYI0GqdI8sHU"}}],"_prefab":{"__type__":"cc.PrefabInfo","root":{"__id__":1},"asset":{"__uuid__":"e5dFfHZ25CZbJp4eVuH3B/"},"fileId":"0fcYbIji1I/6rcwIMBXFro"},"_contentSize":{"__type__":"cc.Size","width":50,"height":214},"_trs":{"__type__":"TypedArray","ctor":"Float64Array","array":[0,-72,0,0,0,0,1,1,1,1]}},{"__type__":"cc.Node","_name":"downCard","_parent":{"__id__":67},"_components":[{"__type__":"cc.Layout","node":{"__id__":73},"_layoutSize":{"__type__":"cc.Size","width":-15,"height":120},"_resize":1,"_N$layoutType":1,"_N$spacingX":15}],"_prefab":{"__type__":"cc.PrefabInfo","root":{"__id__":1},"asset":{"__uuid__":"e5dFfHZ25CZbJp4eVuH3B/"},"fileId":"afZHTkxVpI06nLfAngKQCF"},"_contentSize":{"__type__":"cc.Size","width":-15,"height":120},"_anchorPoint":{"__type__":"cc.Vec2","y":0.5},"_trs":{"__type__":"TypedArray","ctor":"Float64Array","array":[0,0,0,0,0,0,1,1,1,1]}}],{"__type__":"cc.SpriteFrame","content":{"name":"morentouxiang","texture":"189664600","rect":[181,652,60,60],"offset":[0,0],"originalSize":[60,60],"capInsets":[0,0,0,0]}},{"__type__":"cc.SpriteFrame","content":{"name":"0","texture":"1fXNsjDnNEj5X38vY30dH7","rect":[0,0,50,214],"offset":[0,0],"originalSize":[50,214],"capInsets":[0,0,0,0]}}]