[{"__type__":"cc.SpriteFrame","content":{"name":"ani_04","texture":"ec0zCpg29KOJpFvC7w8gZk","rect":[0,7,190,166],"offset":[0,-3],"originalSize":[190,174],"capInsets":[0,0,0,0]}},{"__type__":"cc.SpriteFrame","content":{"name":"ani_12","texture":"eaVtf8xbJPF7kw1yamGQHJ","rect":[0,6,190,167],"offset":[0,-2.5],"originalSize":[190,174],"capInsets":[0,0,0,0]}},{"__type__":"cc.SpriteFrame","content":{"name":"ani_03","texture":"b8VWw61bRCwZwRBpgBYICd","rect":[0,7,190,166],"offset":[0,-3],"originalSize":[190,174],"capInsets":[0,0,0,0]}},{"__type__":"cc.SpriteFrame","content":{"name":"ani_13","texture":"7aMVPilQFMSrOrJUiJjB64","rect":[0,6,190,167],"offset":[0,-2.5],"originalSize":[190,174],"capInsets":[0,0,0,0]}},{"__type__":"cc.SpriteFrame","content":{"name":"ani_05","texture":"5bfFVFsspNI6bXtazIiuee","rect":[0,7,190,166],"offset":[0,-3],"originalSize":[190,174],"capInsets":[0,0,0,0]}},{"__type__":"cc.AnimationClip","_name":"WaitFormAction","_duration":0.6166666666666667,"wrapMode":2,"curveData":{"comps":{"cc.Sprite":{"spriteFrame":[{"frame":0,"value":{"__uuid__":"8bOAJs4gJAg7S8vr2h3Nvl"}},{"frame":0.05,"value":{"__uuid__":"edDGaT4cVIcInCI/0ngbzG"}},{"frame":0.1,"value":{"__uuid__":"1cMOB1DtNMpo5Zm/y0Ph4E"}},{"frame":0.15,"value":{"__uuid__":"17qLkVGyBPYIoM8mAsSi5o"}},{"frame":0.2,"value":{"__uuid__":"381XN8yuxOOIL/r7QsyH+q"}},{"frame":0.25,"value":{"__uuid__":"ebyguW1fdASKpLbubS/M7/"}},{"frame":0.3,"value":{"__uuid__":"7awPp+jTxKsZM/2s5LHJW5"}},{"frame":0.35,"value":{"__uuid__":"96tCZUadVDrrN6NVSlNFU8"}},{"frame":0.4,"value":{"__uuid__":"e2RCiraiBLIbjpLEwsWpbn"}},{"frame":0.45,"value":{"__uuid__":"89+mZ/hvdJzYjdrFWx1e+J"}},{"frame":0.5,"value":{"__uuid__":"faZlUDINRBcb+eWdBqnAHw"}},{"frame":0.55,"value":{"__uuid__":"1cEQjhB+lPHIRY/36lfWfN"}},{"frame":0.6,"value":{"__uuid__":"246me3JHlIW4pH+4broJXU"}}]}}}},{"__type__":"cc.SpriteFrame","content":{"name":"ani_07","texture":"e0WajMf1BPjbteiumpG+Y7","rect":[1,7,188,166],"offset":[0,-3],"originalSize":[190,174],"capInsets":[0,0,0,0]}},{"__type__":"cc.SpriteFrame","content":{"name":"ani_10","texture":"370W3/5olJbKpGeDC6hmO3","rect":[0,4,189,169],"offset":[-0.5,-1.5],"originalSize":[190,174],"capInsets":[0,0,0,0]}},{"__type__":"cc.SpriteFrame","content":{"name":"ani_01","texture":"89kmbLPpNOHrgPnO085XAo","rect":[0,6,189,167],"offset":[-0.5,-2.5],"originalSize":[190,174],"capInsets":[0,0,0,0]}},{"__type__":"cc.SpriteFrame","content":{"name":"ani_08","texture":"d8XYt+lKRNY7GWM6j7fCwu","rect":[0,6,190,167],"offset":[0,-2.5],"originalSize":[190,174],"capInsets":[0,0,0,0]}},{"__type__":"cc.SpriteFrame","content":{"name":"ani_09","texture":"9cZpDkyQNKs7pmBGDrNaFv","rect":[0,7,190,166],"offset":[0,-3],"originalSize":[190,174],"capInsets":[0,0,0,0]}},{"__type__":"cc.SpriteFrame","content":{"name":"ani_06","texture":"a0N462s3VEApbDig4HRuzV","rect":[0,7,190,166],"offset":[0,-3],"originalSize":[190,174],"capInsets":[0,0,0,0]}},{"__type__":"cc.SpriteFrame","content":{"name":"ani_02","texture":"dcw3haeKZCkoyXsNlrq8tv","rect":[0,7,190,166],"offset":[0,-3],"originalSize":[190,174],"capInsets":[0,0,0,0]}},{"__type__":"cc.SpriteFrame","content":{"name":"ani_11","texture":"5eaGMtRb1OAooj2kS0WNOa","rect":[0,5,190,168],"offset":[0,-2],"originalSize":[190,174],"capInsets":[0,0,0,0]}}]