[{"__type__":"cc.SpriteFrame","content":{"name":"img_3","texture":"23rAeqp4VBFKVjq4Zrg5jC","rect":[0,0,31,31],"offset":[0,0],"originalSize":[31,31],"capInsets":[0,0,0,0]}},{"__type__":"cc.SpriteFrame","content":{"name":"img_2","texture":"83WlMp1u9KNLEXQXgPidkL","rect":[0,0,31,31],"offset":[0,0],"originalSize":[31,31],"capInsets":[0,0,0,0]}},{"__type__":"cc.SpriteFrame","content":{"name":"img_1","texture":"f770Jcma1JrLEgVn8vnanx","rect":[0,0,31,31],"offset":[0,0],"originalSize":[31,31],"capInsets":[0,0,0,0]}},{"__type__":"cc.SpriteFrame","content":{"name":"img_btdi","texture":"5bEQVCYlhFTbYTn3HGr6re","rect":[0,0,28,91],"offset":[0,0],"originalSize":[28,91],"capInsets":[4,32,4,32]}},{"__type__":"cc.SpriteFrame","content":{"name":"img_di","texture":"9f9x1pyPhM0L8hzA8ZMFl0","rect":[0,0,25,25],"offset":[0,0],"originalSize":[25,25],"capInsets":[10,10,10,10]}},{"__type__":"cc.SpriteFrame","content":{"name":"img_X","texture":"e4uRsldRVL2bcrPUInZVO9","rect":[0,0,46,45],"offset":[0,0],"originalSize":[46,45],"capInsets":[0,0,0,0]}},{"__type__":"cc.SpriteFrame","content":{"name":"img_btx","texture":"02EDdipatDpZAJAWMU2wJl","rect":[0,0,419,5],"offset":[0,0],"originalSize":[419,5],"capInsets":[0,0,0,0]}},{"__type__":"cc.SpriteFrame","content":{"name":"img_nrdi","texture":"d9ChgHF5hELo72vRpfULYi","rect":[0,0,10,60],"offset":[0,0],"originalSize":[10,60],"capInsets":[2,24,2,24]}},{"__type__":"cc.SpriteFrame","content":{"name":"img_xian","texture":"15/seZaKFBb7I6Z2djpNV4","rect":[0,0,1108,2],"offset":[0,0],"originalSize":[1108,2],"capInsets":[0,0,0,0]}},{"__type__":"cc.SpriteFrame","content":{"name":"img_dk","texture":"c4F52I4NhJxoHIt93xEtnU","rect":[0,0,30,30],"offset":[0,0],"originalSize":[30,30],"capInsets":[8,9,11,10]}},[{"__type__":"cc.Prefab","_name":"sfphmj_UIDuijuliushui","data":{"__id__":1}},{"__type__":"cc.Node","_name":"sfphmj_UIDuijuliushui","_children":[{"__id__":2},{"__id__":4},{"__id__":5}],"_components":[{"__type__":"4e5962FGOxIJJ/nmV/Lk3Ck","node":{"__id__":1},"ZorderLv":8,"bg_num":[{"__uuid__":"386PgUQk9DF6l2vOx3DC/T"},{"__uuid__":"311mOdRgJHMZoXj9Ma+DoI"},{"__uuid__":"1cBnNqbnJDDKcPTezGSN8j"},{"__uuid__":"d5xFmXggBNUbfmzfI5oWND"}]},{"__type__":"cc.Widget","node":{"__id__":1},"_alignFlags":45,"_originalWidth":1360,"_originalHeight":760}],"_prefab":{"__type__":"cc.PrefabInfo","root":{"__id__":1},"asset":{"__uuid__":"d0W45c43ZJ+Y1dhqbGd1ay"},"fileId":"f3nHuUO2VNa4Jq+yy2YNwR"},"_contentSize":{"__type__":"cc.Size","width":1360,"height":760},"_trs":{"__type__":"TypedArray","ctor":"Float64Array","array":[680,380,0,0,0,0,1,1,1,1]}},{"__type__":"cc.Node","_name":"img_btdi","_parent":{"__id__":1},"_children":[{"__id__":3}],"_components":[{"__type__":"cc.Sprite","node":{"__id__":2},"_materials":[{"__uuid__":"ecpdLyjvZBwrvm+cedCcQy"}],"_spriteFrame":{"__uuid__":"47rzc23F1P36kpi5avmAm0"},"_type":1,"_sizeMode":0}],"_prefab":{"__type__":"cc.PrefabInfo","root":{"__id__":1},"asset":{"__uuid__":"d0W45c43ZJ+Y1dhqbGd1ay"},"fileId":"3c5M7qLuNLmLkU+SBi3XEO"},"_contentSize":{"__type__":"cc.Size","width":1110,"height":91},"_trs":{"__type__":"TypedArray","ctor":"Float64Array","array":[0,281.833,0,0,0,0,1,1,1,1]}},{"__type__":"cc.Node","_name":"img_bt","_parent":{"__id__":2},"_components":[{"__type__":"cc.Sprite","node":{"__id__":3},"_materials":[{"__uuid__":"ecpdLyjvZBwrvm+cedCcQy"}],"_spriteFrame":{"__uuid__":"dbt56faqJI2Ia55wHtdTjs"}}],"_prefab":{"__type__":"cc.PrefabInfo","root":{"__id__":1},"asset":{"__uuid__":"d0W45c43ZJ+Y1dhqbGd1ay"},"fileId":"d2W1LgHl5ODJM3eTyUOkFP"},"_contentSize":{"__type__":"cc.Size","width":176,"height":45},"_trs":{"__type__":"TypedArray","ctor":"Float64Array","array":[0,3,0,0,0,0,1,1,1,1]}},{"__type__":"cc.Node","_name":"btn_close","_parent":{"__id__":1},"_components":[{"__type__":"cc.Sprite","node":{"__id__":4},"_materials":[{"__uuid__":"ecpdLyjvZBwrvm+cedCcQy"}],"_spriteFrame":{"__uuid__":"64m7U6VfpLTb/KHptPbnwJ"}},{"__type__":"cc.Button","node":{"__id__":4},"_normalMaterial":{"__uuid__":"ecpdLyjvZBwrvm+cedCcQy"},"clickEvents":[{"__type__":"cc.ClickEvent","target":{"__id__":1},"_componentId":"11db2coOBVGLq64i0nbIgje","handler":"CloseForm"}],"_N$transition":3,"transition":3,"_N$target":{"__id__":4}}],"_prefab":{"__type__":"cc.PrefabInfo","root":{"__id__":1},"asset":{"__uuid__":"d0W45c43ZJ+Y1dhqbGd1ay"},"fileId":"36XhtPrVFFJZPQn3/eXNx6"},"_contentSize":{"__type__":"cc.Size","width":46,"height":45},"_trs":{"__type__":"TypedArray","ctor":"Float64Array","array":[506.913,284.833,0,0,0,0,1,1,1,1]}},{"__type__":"cc.Node","_name":"img_dk","_parent":{"__id__":1},"_children":[{"__id__":6},{"__id__":13},{"__id__":16},{"__id__":19}],"_components":[{"__type__":"cc.Sprite","node":{"__id__":5},"_materials":[{"__uuid__":"ecpdLyjvZBwrvm+cedCcQy"}],"_spriteFrame":{"__uuid__":"c5OqZcQ1NM8a+QDpuf+yTZ"},"_type":1,"_sizeMode":0}],"_prefab":{"__type__":"cc.PrefabInfo","root":{"__id__":1},"asset":{"__uuid__":"d0W45c43ZJ+Y1dhqbGd1ay"},"fileId":"f70mx+A3BNo4flWuiwuIzJ"},"_contentSize":{"__type__":"cc.Size","width":1110,"height":580},"_trs":{"__type__":"TypedArray","ctor":"Float64Array","array":[0,-50.411,0,0,0,0,1,1,1,1]}},{"__type__":"cc.Node","_name":"img_di","_parent":{"__id__":5},"_children":[{"__id__":7},{"__id__":8},{"__id__":9},{"__id__":10},{"__id__":11},{"__id__":12}],"_components":[{"__type__":"cc.Sprite","node":{"__id__":6},"_materials":[{"__uuid__":"ecpdLyjvZBwrvm+cedCcQy"}],"_spriteFrame":{"__uuid__":"5cYUCqTn5IMIOcEvk7/b1a"},"_type":1,"_sizeMode":0}],"_prefab":{"__type__":"cc.PrefabInfo","root":{"__id__":1},"asset":{"__uuid__":"d0W45c43ZJ+Y1dhqbGd1ay"},"fileId":"8d9r7d/X9JUaQYjVmKlqZ1"},"_contentSize":{"__type__":"cc.Size","width":1110,"height":60},"_trs":{"__type__":"TypedArray","ctor":"Float64Array","array":[0,260.48199999999997,0,0,0,0,1,1,1,1]}},{"__type__":"cc.Node","_name":"New Label","_parent":{"__id__":6},"_components":[{"__type__":"cc.Label","node":{"__id__":7},"_materials":[{"__uuid__":"ecpdLyjvZBwrvm+cedCcQy"}],"_useOriginalSize":false,"_string":"明细","_N$string":"明细","_fontSize":28,"_lineHeight":28,"_isSystemFontUsed":false,"_N$horizontalAlign":1,"_N$verticalAlign":1}],"_prefab":{"__type__":"cc.PrefabInfo","root":{"__id__":1},"asset":{"__uuid__":"d0W45c43ZJ+Y1dhqbGd1ay"},"fileId":"57pxMZWYZCWLNqjSPp8LbF"},"_color":{"__type__":"cc.Color","r":32,"g":56,"b":61},"_contentSize":{"__type__":"cc.Size","width":56,"height":35.28},"_trs":{"__type__":"TypedArray","ctor":"Float64Array","array":[-503.532,2,0,0,0,0,1,1,1,1]}},{"__type__":"cc.Node","_name":"New Label","_parent":{"__id__":6},"_components":[{"__type__":"cc.Label","node":{"__id__":8},"_materials":[{"__uuid__":"ecpdLyjvZBwrvm+cedCcQy"}],"_useOriginalSize":false,"_string":"胡/杠牌 /龙","_N$string":"胡/杠牌 /龙","_fontSize":28,"_lineHeight":28,"_isSystemFontUsed":false,"_N$horizontalAlign":1,"_N$verticalAlign":1}],"_prefab":{"__type__":"cc.PrefabInfo","root":{"__id__":1},"asset":{"__uuid__":"d0W45c43ZJ+Y1dhqbGd1ay"},"fileId":"64y/ldY/5MerbAR6q8AnLy"},"_color":{"__type__":"cc.Color","r":32,"g":56,"b":61},"_contentSize":{"__type__":"cc.Size","width":135.34,"height":35.28},"_trs":{"__type__":"TypedArray","ctor":"Float64Array","array":[-17.946,2,0,0,0,0,1,1,1,1]}},{"__type__":"cc.Node","_name":"New Label","_parent":{"__id__":6},"_components":[{"__type__":"cc.Label","node":{"__id__":9},"_materials":[{"__uuid__":"ecpdLyjvZBwrvm+cedCcQy"}],"_useOriginalSize":false,"_string":"胡分","_N$string":"胡分","_fontSize":28,"_lineHeight":28,"_isSystemFontUsed":false,"_N$horizontalAlign":1,"_N$verticalAlign":1}],"_prefab":{"__type__":"cc.PrefabInfo","root":{"__id__":1},"asset":{"__uuid__":"d0W45c43ZJ+Y1dhqbGd1ay"},"fileId":"748VBwwyNGb4xmU8Jb3cdl"},"_color":{"__type__":"cc.Color","r":32,"g":56,"b":61},"_contentSize":{"__type__":"cc.Size","width":56,"height":35.28},"_trs":{"__type__":"TypedArray","ctor":"Float64Array","array":[120.688,2,0,0,0,0,1,1,1,1]}},{"__type__":"cc.Node","_name":"New Label","_parent":{"__id__":6},"_components":[{"__type__":"cc.Label","node":{"__id__":10},"_materials":[{"__uuid__":"ecpdLyjvZBwrvm+cedCcQy"}],"_useOriginalSize":false,"_string":"萝卜分","_N$string":"萝卜分","_fontSize":28,"_lineHeight":28,"_isSystemFontUsed":false,"_N$horizontalAlign":1,"_N$verticalAlign":1}],"_prefab":{"__type__":"cc.PrefabInfo","root":{"__id__":1},"asset":{"__uuid__":"d0W45c43ZJ+Y1dhqbGd1ay"},"fileId":"fayNasuVpAhJds1ATQkWSp"},"_color":{"__type__":"cc.Color","r":32,"g":56,"b":61},"_contentSize":{"__type__":"cc.Size","width":84,"height":35.28},"_trs":{"__type__":"TypedArray","ctor":"Float64Array","array":[237.229,2,0,0,0,0,1,1,1,1]}},{"__type__":"cc.Node","_name":"New Label","_parent":{"__id__":6},"_components":[{"__type__":"cc.Label","node":{"__id__":11},"_materials":[{"__uuid__":"ecpdLyjvZBwrvm+cedCcQy"}],"_useOriginalSize":false,"_string":"雨分","_N$string":"雨分","_fontSize":28,"_lineHeight":28,"_isSystemFontUsed":false,"_N$horizontalAlign":1,"_N$verticalAlign":1}],"_prefab":{"__type__":"cc.PrefabInfo","root":{"__id__":1},"asset":{"__uuid__":"d0W45c43ZJ+Y1dhqbGd1ay"},"fileId":"7bCoVYZl1KcqmF6lOpnfrK"},"_color":{"__type__":"cc.Color","r":32,"g":56,"b":61},"_contentSize":{"__type__":"cc.Size","width":56,"height":35.28},"_trs":{"__type__":"TypedArray","ctor":"Float64Array","array":[355.89,2,0,0,0,0,1,1,1,1]}},{"__type__":"cc.Node","_name":"New Label","_parent":{"__id__":6},"_components":[{"__type__":"cc.Label","node":{"__id__":12},"_materials":[{"__uuid__":"ecpdLyjvZBwrvm+cedCcQy"}],"_useOriginalSize":false,"_string":"对象","_N$string":"对象","_fontSize":28,"_lineHeight":28,"_isSystemFontUsed":false,"_N$horizontalAlign":1,"_N$verticalAlign":1}],"_prefab":{"__type__":"cc.PrefabInfo","root":{"__id__":1},"asset":{"__uuid__":"d0W45c43ZJ+Y1dhqbGd1ay"},"fileId":"8d3wFxWipOw7Cxn4B5gYDG"},"_color":{"__type__":"cc.Color","r":32,"g":56,"b":61},"_contentSize":{"__type__":"cc.Size","width":56,"height":35.28},"_trs":{"__type__":"TypedArray","ctor":"Float64Array","array":[474.289,2,0,0,0,0,1,1,1,1]}},{"__type__":"cc.Node","_name":"New Label","_parent":{"__id__":5},"_children":[{"__id__":14},{"__id__":15}],"_components":[{"__type__":"cc.Label","node":{"__id__":13},"_materials":[{"__uuid__":"ecpdLyjvZBwrvm+cedCcQy"}],"_useOriginalSize":false,"_string":"本局萝卜","_N$string":"本局萝卜","_fontSize":28,"_lineHeight":28,"_isSystemFontUsed":false,"_N$horizontalAlign":1,"_N$verticalAlign":1}],"_prefab":{"__type__":"cc.PrefabInfo","root":{"__id__":1},"asset":{"__uuid__":"d0W45c43ZJ+Y1dhqbGd1ay"},"fileId":"07qQ/sBZdNqIyY8crZm2Mu"},"_color":{"__type__":"cc.Color","r":44,"g":64,"b":70},"_contentSize":{"__type__":"cc.Size","width":112,"height":35.28},"_trs":{"__type__":"TypedArray","ctor":"Float64Array","array":[2,-178,0,0,0,0,1,1,1,1]}},{"__type__":"cc.Node","_name":"img_btx","_parent":{"__id__":13},"_components":[{"__type__":"cc.Sprite","node":{"__id__":14},"_materials":[{"__uuid__":"ecpdLyjvZBwrvm+cedCcQy"}],"_spriteFrame":{"__uuid__":"84GWDCv2hJQ67EH+LazAzZ"}}],"_prefab":{"__type__":"cc.PrefabInfo","root":{"__id__":1},"asset":{"__uuid__":"d0W45c43ZJ+Y1dhqbGd1ay"},"fileId":"00gs/Y2VFM1KXOcC/strbg"},"_contentSize":{"__type__":"cc.Size","width":419,"height":5},"_trs":{"__type__":"TypedArray","ctor":"Float64Array","array":[-278.776,-1,0,0,0,0,1,1,1,1]}},{"__type__":"cc.Node","_name":"img_btx","_parent":{"__id__":13},"_components":[{"__type__":"cc.Sprite","node":{"__id__":15},"_materials":[{"__uuid__":"ecpdLyjvZBwrvm+cedCcQy"}],"_spriteFrame":{"__uuid__":"84GWDCv2hJQ67EH+LazAzZ"}}],"_prefab":{"__type__":"cc.PrefabInfo","root":{"__id__":1},"asset":{"__uuid__":"d0W45c43ZJ+Y1dhqbGd1ay"},"fileId":"1dX5zb6P1LW4NV4ovt86e4"},"_contentSize":{"__type__":"cc.Size","width":419,"height":5},"_trs":{"__type__":"TypedArray","ctor":"Float64Array","array":[275.5,-1,0,0,0,1,6.123233995736766e-17,1,1,1]},"_eulerAngles":{"__type__":"cc.Vec3","z":180}},{"__type__":"cc.Node","_name":"luoboLayout","_parent":{"__id__":5},"_children":[{"__id__":17}],"_components":[{"__type__":"cc.Layout","node":{"__id__":16},"_layoutSize":{"__type__":"cc.Size","width":54,"height":84},"_resize":1,"_N$layoutType":1}],"_prefab":{"__type__":"cc.PrefabInfo","root":{"__id__":1},"asset":{"__uuid__":"d0W45c43ZJ+Y1dhqbGd1ay"},"fileId":"e96ZKXd91Ms4cSrYu6YyGb"},"_contentSize":{"__type__":"cc.Size","width":54,"height":84},"_anchorPoint":{"__type__":"cc.Vec2","y":0.5},"_trs":{"__type__":"TypedArray","ctor":"Float64Array","array":[-550.988,-224,0,0,0,0,1,1,1,1]}},{"__type__":"cc.Node","_name":"card","_parent":{"__id__":16},"_children":[{"__id__":18}],"_components":[{"__type__":"cc.Sprite","node":{"__id__":17},"_materials":[{"__uuid__":"ecpdLyjvZBwrvm+cedCcQy"}]},{"__type__":"9c90dJMeH1Nu6rMQ0rNGh5U","node":{"__id__":17}}],"_prefab":{"__type__":"cc.PrefabInfo","root":{"__id__":1},"asset":{"__uuid__":"d0W45c43ZJ+Y1dhqbGd1ay"},"fileId":"4dB17jip1CoZlByksDasLQ"},"_contentSize":{"__type__":"cc.Size","width":54,"height":84},"_trs":{"__type__":"TypedArray","ctor":"Float64Array","array":[27,0,0,0,0,0,1,0.7,0.7,1]}},{"__type__":"cc.Node","_name":"lb_num","_parent":{"__id__":17},"_components":[{"__type__":"cc.Label","node":{"__id__":18},"_materials":[{"__uuid__":"ecpdLyjvZBwrvm+cedCcQy"}],"_useOriginalSize":false,"_string":"1","_N$string":"1","_fontSize":35,"_lineHeight":35,"_N$horizontalAlign":1,"_N$verticalAlign":1}],"_prefab":{"__type__":"cc.PrefabInfo","root":{"__id__":1},"asset":{"__uuid__":"d0W45c43ZJ+Y1dhqbGd1ay"},"fileId":"0fWTQbUmtGu5JijjQqyOhz"},"_color":{"__type__":"cc.Color","r":225,"g":108,"b":63},"_contentSize":{"__type__":"cc.Size","width":19.47,"height":44.1},"_trs":{"__type__":"TypedArray","ctor":"Float64Array","array":[-2.745,-59.64,0,0,0,0,1,1,1,1]}},{"__type__":"cc.Node","_name":"liushuiScrollView","_parent":{"__id__":5},"_children":[{"__id__":20}],"_components":[{"__type__":"cc.ScrollView","node":{"__id__":19},"horizontal":false,"brake":0.75,"bounceDuration":0.23,"_N$content":{"__id__":21},"content":{"__id__":21},"_N$horizontalScrollBar":null,"_N$verticalScrollBar":null}],"_prefab":{"__type__":"cc.PrefabInfo","root":{"__id__":1},"asset":{"__uuid__":"d0W45c43ZJ+Y1dhqbGd1ay"},"fileId":"b0B1hpxhREhZdNhlfaMxjN"},"_contentSize":{"__type__":"cc.Size","width":1110,"height":380},"_trs":{"__type__":"TypedArray","ctor":"Float64Array","array":[0,40,0,0,0,0,1,1,1,1]}},{"__type__":"cc.Node","_name":"view","_parent":{"__id__":19},"_children":[{"__id__":21}],"_components":[{"__type__":"cc.Mask","node":{"__id__":20},"_materials":[{"__uuid__":"ecpdLyjvZBwrvm+cedCcQy"}],"_N$alphaThreshold":0}],"_prefab":{"__type__":"cc.PrefabInfo","root":{"__id__":1},"asset":{"__uuid__":"d0W45c43ZJ+Y1dhqbGd1ay"},"fileId":"a5UdyrhVlMgbV/CiTpHp+/"},"_contentSize":{"__type__":"cc.Size","width":1110,"height":380},"_trs":{"__type__":"TypedArray","ctor":"Float64Array","array":[0,0,0,0,0,0,1,1,1,1]}},{"__type__":"cc.Node","_name":"content","_parent":{"__id__":20},"_children":[{"__id__":22}],"_components":[{"__type__":"cc.Layout","node":{"__id__":21},"_layoutSize":{"__type__":"cc.Size","width":1110,"height":74},"_resize":1,"_N$layoutType":2,"_N$spacingY":3},{"__type__":"cc.Widget","node":{"__id__":21},"_alignFlags":1}],"_prefab":{"__type__":"cc.PrefabInfo","root":{"__id__":1},"asset":{"__uuid__":"d0W45c43ZJ+Y1dhqbGd1ay"},"fileId":"18+la6jbpCsJP6iZQXU2/z"},"_contentSize":{"__type__":"cc.Size","width":1110,"height":74},"_anchorPoint":{"__type__":"cc.Vec2","x":0.5,"y":1},"_trs":{"__type__":"TypedArray","ctor":"Float64Array","array":[0,190,0,0,0,0,1,1,1,1]}},{"__type__":"cc.Node","_name":"item1","_parent":{"__id__":21},"_children":[{"__id__":23},{"__id__":31}],"_prefab":{"__type__":"cc.PrefabInfo","root":{"__id__":1},"asset":{"__uuid__":"d0W45c43ZJ+Y1dhqbGd1ay"},"fileId":"afKzaSkYdNRK8t/l1Pird/"},"_contentSize":{"__type__":"cc.Size","width":1108,"height":74},"_trs":{"__type__":"TypedArray","ctor":"Float64Array","array":[0,-37,0,0,0,0,1,1,1,1]}},{"__type__":"cc.Node","_name":"img_nrdi","_parent":{"__id__":22},"_children":[{"__id__":24},{"__id__":25},{"__id__":26},{"__id__":27},{"__id__":28},{"__id__":29}],"_components":[{"__type__":"cc.Sprite","node":{"__id__":23},"_materials":[{"__uuid__":"ecpdLyjvZBwrvm+cedCcQy"}],"_spriteFrame":{"__uuid__":"93V6J5P2VFmoMA0I+sJ6uL"},"_type":1,"_sizeMode":0}],"_prefab":{"__type__":"cc.PrefabInfo","root":{"__id__":1},"asset":{"__uuid__":"d0W45c43ZJ+Y1dhqbGd1ay"},"fileId":"b8ExXUz0lA/Js5/9b7XVUZ"},"_contentSize":{"__type__":"cc.Size","width":1108,"height":74},"_trs":{"__type__":"TypedArray","ctor":"Float64Array","array":[0,2,0,0,0,0,1,1,1,1]}},{"__type__":"cc.Node","_name":"lb_type","_parent":{"__id__":23},"_components":[{"__type__":"cc.Label","node":{"__id__":24},"_materials":[{"__uuid__":"ecpdLyjvZBwrvm+cedCcQy"}],"_useOriginalSize":false,"_string":"点炮胡","_N$string":"点炮胡","_fontSize":25,"_lineHeight":25,"_N$horizontalAlign":1,"_N$verticalAlign":1}],"_prefab":{"__type__":"cc.PrefabInfo","root":{"__id__":1},"asset":{"__uuid__":"d0W45c43ZJ+Y1dhqbGd1ay"},"fileId":"55G5HfjidEq6GcGyAjWVUE"},"_color":{"__type__":"cc.Color","r":53,"g":93,"b":86},"_contentSize":{"__type__":"cc.Size","width":75,"height":31.5},"_anchorPoint":{"__type__":"cc.Vec2","y":0.5},"_trs":{"__type__":"TypedArray","ctor":"Float64Array","array":[-545.571,0,0,0,0,0,1,1,1,1]}},{"__type__":"cc.Node","_name":"card","_parent":{"__id__":23},"_components":[{"__type__":"cc.Sprite","node":{"__id__":25},"_materials":[{"__uuid__":"ecpdLyjvZBwrvm+cedCcQy"}]},{"__type__":"9c90dJMeH1Nu6rMQ0rNGh5U","node":{"__id__":25}}],"_prefab":{"__type__":"cc.PrefabInfo","root":{"__id__":1},"asset":{"__uuid__":"d0W45c43ZJ+Y1dhqbGd1ay"},"fileId":"57RPqKTudD5Jexl+8cmi2i"},"_contentSize":{"__type__":"cc.Size","width":54,"height":84},"_trs":{"__type__":"TypedArray","ctor":"Float64Array","array":[-20.688,0,0,0,0,0,1,0.7,0.7,1]}},{"__type__":"cc.Node","_name":"lb_hufen","_parent":{"__id__":23},"_components":[{"__type__":"cc.Label","node":{"__id__":26},"_materials":[{"__uuid__":"ecpdLyjvZBwrvm+cedCcQy"}],"_useOriginalSize":false,"_string":"0","_N$string":"0","_fontSize":36,"_lineHeight":36,"_N$horizontalAlign":1,"_N$verticalAlign":1}],"_prefab":{"__type__":"cc.PrefabInfo","root":{"__id__":1},"asset":{"__uuid__":"d0W45c43ZJ+Y1dhqbGd1ay"},"fileId":"4fBIMw6rRHZIA/gzasfBNX"},"_color":{"__type__":"cc.Color","r":225,"g":108,"b":63},"_contentSize":{"__type__":"cc.Size","width":20.02,"height":45.36},"_trs":{"__type__":"TypedArray","ctor":"Float64Array","array":[120.472,0,0,0,0,0,1,1,1,1]}},{"__type__":"cc.Node","_name":"lb_luobofen","_parent":{"__id__":23},"_components":[{"__type__":"cc.Label","node":{"__id__":27},"_materials":[{"__uuid__":"ecpdLyjvZBwrvm+cedCcQy"}],"_useOriginalSize":false,"_string":"0","_N$string":"0","_fontSize":36,"_lineHeight":36,"_N$horizontalAlign":1,"_N$verticalAlign":1}],"_prefab":{"__type__":"cc.PrefabInfo","root":{"__id__":1},"asset":{"__uuid__":"d0W45c43ZJ+Y1dhqbGd1ay"},"fileId":"411C6qNh9OzJYbDNa/Enr4"},"_color":{"__type__":"cc.Color","r":225,"g":108,"b":63},"_contentSize":{"__type__":"cc.Size","width":20.02,"height":45.36},"_trs":{"__type__":"TypedArray","ctor":"Float64Array","array":[236.85,0,0,0,0,0,1,1,1,1]}},{"__type__":"cc.Node","_name":"lb_yufen","_parent":{"__id__":23},"_components":[{"__type__":"cc.Label","node":{"__id__":28},"_materials":[{"__uuid__":"ecpdLyjvZBwrvm+cedCcQy"}],"_useOriginalSize":false,"_string":"0","_N$string":"0","_fontSize":36,"_lineHeight":36,"_N$horizontalAlign":1,"_N$verticalAlign":1}],"_prefab":{"__type__":"cc.PrefabInfo","root":{"__id__":1},"asset":{"__uuid__":"d0W45c43ZJ+Y1dhqbGd1ay"},"fileId":"db0qWGXylEE65IGg3C/4uj"},"_color":{"__type__":"cc.Color","r":225,"g":108,"b":63},"_contentSize":{"__type__":"cc.Size","width":20.02,"height":45.36},"_trs":{"__type__":"TypedArray","ctor":"Float64Array","array":[354.124,0,0,0,0,0,1,1,1,1]}},{"__type__":"cc.Node","_name":"duixiangLayout","_parent":{"__id__":23},"_children":[{"__id__":30}],"_components":[{"__type__":"cc.Layout","node":{"__id__":29},"_layoutSize":{"__type__":"cc.Size","width":31,"height":31},"_resize":1,"_N$layoutType":1}],"_prefab":{"__type__":"cc.PrefabInfo","root":{"__id__":1},"asset":{"__uuid__":"d0W45c43ZJ+Y1dhqbGd1ay"},"fileId":"b0Ciz/KxZP+4RFj1jGDsk2"},"_contentSize":{"__type__":"cc.Size","width":31,"height":31},"_trs":{"__type__":"TypedArray","ctor":"Float64Array","array":[476.68,0,0,0,0,0,1,1,1,1]}},{"__type__":"cc.Node","_name":"sp_duixiang","_parent":{"__id__":29},"_components":[{"__type__":"cc.Sprite","node":{"__id__":30},"_materials":[{"__uuid__":"ecpdLyjvZBwrvm+cedCcQy"}],"_spriteFrame":{"__uuid__":"386PgUQk9DF6l2vOx3DC/T"}}],"_prefab":{"__type__":"cc.PrefabInfo","root":{"__id__":1},"asset":{"__uuid__":"d0W45c43ZJ+Y1dhqbGd1ay"},"fileId":"63hoUgO2ZEI5Y5r9ZPxeiq"},"_contentSize":{"__type__":"cc.Size","width":31,"height":31},"_trs":{"__type__":"TypedArray","ctor":"Float64Array","array":[0,0,0,0,0,0,1,1,1,1]}},{"__type__":"cc.Node","_name":"img_xian","_parent":{"__id__":22},"_components":[{"__type__":"cc.Sprite","node":{"__id__":31},"_materials":[{"__uuid__":"ecpdLyjvZBwrvm+cedCcQy"}],"_spriteFrame":{"__uuid__":"abZDcsdU1NboXZI1ntCYqq"}}],"_prefab":{"__type__":"cc.PrefabInfo","root":{"__id__":1},"asset":{"__uuid__":"d0W45c43ZJ+Y1dhqbGd1ay"},"fileId":"194OtcVMxMrKaD2ZqmqYJ0"},"_contentSize":{"__type__":"cc.Size","width":1108,"height":2},"_trs":{"__type__":"TypedArray","ctor":"Float64Array","array":[0,-37.51,0,0,0,0,1,1,1,1]}}],{"__type__":"cc.SpriteFrame","content":{"name":"img_4","texture":"b6HACzQLFEAoahkFkLBWlV","rect":[0,0,31,31],"offset":[0,0],"originalSize":[31,31],"capInsets":[0,0,0,0]}},{"__type__":"cc.SpriteFrame","content":{"name":"img_bt","texture":"19IwvI45FHP5VAkl/5hqo1","rect":[0,0,176,45],"offset":[0,0],"originalSize":[176,45],"capInsets":[0,0,0,0]}}]