[{"__type__":"cc.SpriteFrame","content":{"name":"bg_dan","texture":"0dIpFSUQVHC67hBvI+vZup","rect":[0,0,308,252],"offset":[0,0],"originalSize":[308,252],"capInsets":[20,120,20,110]}},{"__type__":"cc.SpriteFrame","content":{"name":"icon_win","texture":"64vi/vSUVLu4js14oUC+jR","rect":[0,0,50,92],"offset":[0,0],"originalSize":[50,92],"capInsets":[0,0,0,0]}},{"__type__":"cc.SpriteFrame","content":{"name":"personal_male","texture":"4cu0xQ4E1Mp6jHE7SsmTVi","rect":[0,0,24,24],"offset":[0,0],"originalSize":[24,24],"capInsets":[0,0,0,0]}},{"__type__":"cc.SpriteFrame","content":{"name":"icon_zjps","texture":"2f6HDHjihOX4bgIE3G1f+g","rect":[0,0,94,94],"offset":[0,0],"originalSize":[94,94],"capInsets":[0,0,0,0]}},{"__type__":"cc.SpriteFrame","content":{"name":"morentouxiang","texture":"189664600","rect":[181,652,60,60],"offset":[0,0],"originalSize":[60,60],"capInsets":[0,0,0,0]}},[{"__type__":"cc.Prefab","_name":"dhd_detail_child","data":{"__id__":1}},{"__type__":"cc.Node","_name":"dhd_detail_child","_children":[{"__id__":2},{"__id__":7},{"__id__":24},{"__id__":25},{"__id__":26}],"_components":[{"__type__":"cc.Sprite","node":{"__id__":1},"_materials":[{"__uuid__":"ecpdLyjvZBwrvm+cedCcQy"}],"_spriteFrame":{"__uuid__":"2bqGev7VdHe4af8c1lQl9d"},"_type":1,"_sizeMode":0},{"__type__":"cf800KGxxFDo6kPfGXq+B2I","node":{"__id__":1}}],"_prefab":{"__type__":"cc.PrefabInfo","root":{"__id__":1},"asset":{"__uuid__":"e9EHm9b0RHKpVRfShgzHJJ"},"fileId":"7ceOV1cetHmLI7wBZq6UDc"},"_contentSize":{"__type__":"cc.Size","width":308,"height":470},"_trs":{"__type__":"TypedArray","ctor":"Float64Array","array":[0,0,0,0,0,0,1,1,1,1]}},{"__type__":"cc.Node","_name":"user_info","_parent":{"__id__":1},"_children":[{"__id__":3},{"__id__":4},{"__id__":5},{"__id__":6}],"_prefab":{"__type__":"cc.PrefabInfo","root":{"__id__":1},"asset":{"__uuid__":"e9EHm9b0RHKpVRfShgzHJJ"},"fileId":"11KGccSqFJoo+DayvUKtrL"},"_contentSize":{"__type__":"cc.Size","width":250,"height":80},"_trs":{"__type__":"TypedArray","ctor":"Float64Array","array":[0,151.9,0,0,0,0,1,1,1,1]}},{"__type__":"cc.Node","_name":"head_img","_parent":{"__id__":2},"_components":[{"__type__":"cc.Sprite","node":{"__id__":3},"_materials":[{"__uuid__":"ecpdLyjvZBwrvm+cedCcQy"}],"_spriteFrame":{"__uuid__":"e6JNuRrHVFM4KYnmai3HR+"},"_sizeMode":0,"_isTrimmedMode":false},{"__type__":"f42b8ZzNWFKKI/QT/n8cR1+","node":{"__id__":3}}],"_prefab":{"__type__":"cc.PrefabInfo","root":{"__id__":1},"asset":{"__uuid__":"e9EHm9b0RHKpVRfShgzHJJ"},"fileId":"b1xB9XklBKeqclbPQ3Cced"},"_contentSize":{"__type__":"cc.Size","width":76,"height":76},"_trs":{"__type__":"TypedArray","ctor":"Float64Array","array":[-105,30,0,0,0,0,1,1,1,1]}},{"__type__":"cc.Node","_name":"lable_name","_parent":{"__id__":2},"_components":[{"__type__":"cc.Label","node":{"__id__":4},"_materials":[{"__uuid__":"ecpdLyjvZBwrvm+cedCcQy"}],"_useOriginalSize":false,"_string":"玩家名称七个字","_N$string":"玩家名称七个字","_fontSize":26,"_lineHeight":26,"_N$file":{"__uuid__":"5f5wQekV1CGpJW2meZozWn"},"_isSystemFontUsed":false,"_N$verticalAlign":1}],"_prefab":{"__type__":"cc.PrefabInfo","root":{"__id__":1},"asset":{"__uuid__":"e9EHm9b0RHKpVRfShgzHJJ"},"fileId":"66GeibFn5BE5pJfItAf/Qq"},"_color":{"__type__":"cc.Color","r":138,"g":55},"_contentSize":{"__type__":"cc.Size","width":182,"height":32.76},"_anchorPoint":{"__type__":"cc.Vec2","y":0.5},"_trs":{"__type__":"TypedArray","ctor":"Float64Array","array":[-60,53,0,0,0,0,1,1,1,1]}},{"__type__":"cc.Node","_name":"label_id","_parent":{"__id__":2},"_components":[{"__type__":"cc.Label","node":{"__id__":5},"_materials":[{"__uuid__":"ecpdLyjvZBwrvm+cedCcQy"}],"_useOriginalSize":false,"_string":"ID:123654","_N$string":"ID:123654","_fontSize":30,"_lineHeight":30,"_N$file":{"__uuid__":"5f5wQekV1CGpJW2meZozWn"},"_isSystemFontUsed":false,"_N$horizontalAlign":1,"_N$verticalAlign":1}],"_prefab":{"__type__":"cc.PrefabInfo","root":{"__id__":1},"asset":{"__uuid__":"e9EHm9b0RHKpVRfShgzHJJ"},"fileId":"4bV5Zc5o9PNay++0HbQJ1p"},"_color":{"__type__":"cc.Color","r":138,"g":55},"_contentSize":{"__type__":"cc.Size","width":131.6,"height":37.8},"_anchorPoint":{"__type__":"cc.Vec2","y":0.5},"_trs":{"__type__":"TypedArray","ctor":"Float64Array","array":[-60,5,0,0,0,0,1,1,1,1]}},{"__type__":"cc.Node","_name":"sex","_parent":{"__id__":2},"_components":[{"__type__":"cc.Sprite","node":{"__id__":6},"_materials":[{"__uuid__":"ecpdLyjvZBwrvm+cedCcQy"}],"_spriteFrame":{"__uuid__":"622UiwhhNFa53CEHZMcq4q"},"_sizeMode":0}],"_prefab":{"__type__":"cc.PrefabInfo","root":{"__id__":1},"asset":{"__uuid__":"e9EHm9b0RHKpVRfShgzHJJ"},"fileId":"d6DJZCw89EU5GDYNeuHMck"},"_contentSize":{"__type__":"cc.Size","width":24,"height":24},"_trs":{"__type__":"TypedArray","ctor":"Float64Array","array":[94,5.4,0,0,0,0,1,1,1,1]}},{"__type__":"cc.Node","_name":"jiesuan","_parent":{"__id__":1},"_children":[{"__id__":8},{"__id__":16},{"__id__":21},{"__id__":22},{"__id__":23}],"_prefab":{"__type__":"cc.PrefabInfo","root":{"__id__":1},"asset":{"__uuid__":"e9EHm9b0RHKpVRfShgzHJJ"},"fileId":"7cZpp7I2NACLHGtu0TsjBU"},"_contentSize":{"__type__":"cc.Size","width":250,"height":350},"_trs":{"__type__":"TypedArray","ctor":"Float64Array","array":[-1,-31,0,0,0,0,1,1,1,1]}},{"__type__":"cc.Node","_name":"top","_parent":{"__id__":7},"_children":[{"__id__":9},{"__id__":13},{"__id__":14},{"__id__":15}],"_prefab":{"__type__":"cc.PrefabInfo","root":{"__id__":1},"asset":{"__uuid__":"e9EHm9b0RHKpVRfShgzHJJ"},"fileId":"53q3Lc9DlHZZaKo5UXhH7t"},"_trs":{"__type__":"TypedArray","ctor":"Float64Array","array":[9.9,-64.7,0,0,0,0,1,1,1,1]}},{"__type__":"cc.Node","_name":"tip","_parent":{"__id__":8},"_children":[{"__id__":10},{"__id__":11},{"__id__":12}],"_prefab":{"__type__":"cc.PrefabInfo","root":{"__id__":1},"asset":{"__uuid__":"e9EHm9b0RHKpVRfShgzHJJ"},"fileId":"58GY0wpMBCeovSZeHtuQmd"},"_trs":{"__type__":"TypedArray","ctor":"Float64Array","array":[0,0,0,0,0,0,1,1,1,1]}},{"__type__":"cc.Node","_name":"tip","_parent":{"__id__":9},"_components":[{"__type__":"cc.Label","node":{"__id__":10},"_materials":[{"__uuid__":"ecpdLyjvZBwrvm+cedCcQy"}],"_useOriginalSize":false,"_string":"输局次数：","_N$string":"输局次数：","_fontSize":28,"_lineHeight":28,"_N$file":{"__uuid__":"5f5wQekV1CGpJW2meZozWn"},"_isSystemFontUsed":false,"_N$horizontalAlign":1,"_N$verticalAlign":1}],"_prefab":{"__type__":"cc.PrefabInfo","root":{"__id__":1},"asset":{"__uuid__":"e9EHm9b0RHKpVRfShgzHJJ"},"fileId":"aeI8cqxUpI84xgBVrODWrl"},"_color":{"__type__":"cc.Color","r":181,"g":104,"b":48},"_contentSize":{"__type__":"cc.Size","width":140,"height":35.28},"_trs":{"__type__":"TypedArray","ctor":"Float64Array","array":[-60.8,102.6,0,0,0,0,1,1,1,1]}},{"__type__":"cc.Node","_name":"tip","_parent":{"__id__":9},"_components":[{"__type__":"cc.Label","node":{"__id__":11},"_materials":[{"__uuid__":"ecpdLyjvZBwrvm+cedCcQy"}],"_useOriginalSize":false,"_string":"赢局次数：","_N$string":"赢局次数：","_fontSize":28,"_lineHeight":28,"_N$file":{"__uuid__":"5f5wQekV1CGpJW2meZozWn"},"_isSystemFontUsed":false,"_N$horizontalAlign":1,"_N$verticalAlign":1}],"_prefab":{"__type__":"cc.PrefabInfo","root":{"__id__":1},"asset":{"__uuid__":"e9EHm9b0RHKpVRfShgzHJJ"},"fileId":"cc1Cs6ozFGe4QtcTS5dsvm"},"_color":{"__type__":"cc.Color","r":181,"g":104,"b":48},"_contentSize":{"__type__":"cc.Size","width":140,"height":35.28},"_trs":{"__type__":"TypedArray","ctor":"Float64Array","array":[-60,147.3,0,0,0,0,1,1,1,1]}},{"__type__":"cc.Node","_name":"tip","_parent":{"__id__":9},"_components":[{"__type__":"cc.Label","node":{"__id__":12},"_materials":[{"__uuid__":"ecpdLyjvZBwrvm+cedCcQy"}],"_useOriginalSize":false,"_string":"最高分数：","_N$string":"最高分数：","_fontSize":28,"_lineHeight":28,"_N$file":{"__uuid__":"5f5wQekV1CGpJW2meZozWn"},"_isSystemFontUsed":false,"_N$horizontalAlign":1,"_N$verticalAlign":1}],"_prefab":{"__type__":"cc.PrefabInfo","root":{"__id__":1},"asset":{"__uuid__":"e9EHm9b0RHKpVRfShgzHJJ"},"fileId":"89mFKMSKlGiZBLRMe8O5eV"},"_color":{"__type__":"cc.Color","r":181,"g":104,"b":48},"_contentSize":{"__type__":"cc.Size","width":140,"height":35.28},"_trs":{"__type__":"TypedArray","ctor":"Float64Array","array":[-61.099999999999994,191,0,0,0,0,1,1,1,1]}},{"__type__":"cc.Node","_name":"lb_maxPoint","_parent":{"__id__":8},"_components":[{"__type__":"cc.Label","node":{"__id__":13},"_materials":[{"__uuid__":"ecpdLyjvZBwrvm+cedCcQy"}],"_useOriginalSize":false,"_string":"0","_N$string":"0","_fontSize":35,"_lineHeight":35,"_N$file":{"__uuid__":"5f5wQekV1CGpJW2meZozWn"},"_isSystemFontUsed":false,"_N$verticalAlign":1}],"_prefab":{"__type__":"cc.PrefabInfo","root":{"__id__":1},"asset":{"__uuid__":"e9EHm9b0RHKpVRfShgzHJJ"},"fileId":"75f1tAoXdNMLHl9gSmewcL"},"_color":{"__type__":"cc.Color","r":205,"g":51,"b":51},"_contentSize":{"__type__":"cc.Size","width":19.96,"height":44.1},"_trs":{"__type__":"TypedArray","ctor":"Float64Array","array":[73.6,191.2,0,0,0,0,1,1,1,1]}},{"__type__":"cc.Node","_name":"lb_winCount","_parent":{"__id__":8},"_components":[{"__type__":"cc.Label","node":{"__id__":14},"_materials":[{"__uuid__":"ecpdLyjvZBwrvm+cedCcQy"}],"_useOriginalSize":false,"_string":"0","_N$string":"0","_fontSize":35,"_lineHeight":35,"_N$file":{"__uuid__":"5f5wQekV1CGpJW2meZozWn"},"_isSystemFontUsed":false,"_N$verticalAlign":1}],"_prefab":{"__type__":"cc.PrefabInfo","root":{"__id__":1},"asset":{"__uuid__":"e9EHm9b0RHKpVRfShgzHJJ"},"fileId":"9eC5SoaUtMVa3XG6QMYLp+"},"_color":{"__type__":"cc.Color","r":205,"g":51,"b":51},"_contentSize":{"__type__":"cc.Size","width":19.96,"height":44.1},"_trs":{"__type__":"TypedArray","ctor":"Float64Array","array":[74,146.3,0,0,0,0,1,1,1,1]}},{"__type__":"cc.Node","_name":"lb_lostCount","_parent":{"__id__":8},"_components":[{"__type__":"cc.Label","node":{"__id__":15},"_materials":[{"__uuid__":"ecpdLyjvZBwrvm+cedCcQy"}],"_useOriginalSize":false,"_string":"0","_N$string":"0","_fontSize":35,"_lineHeight":35,"_N$file":{"__uuid__":"5f5wQekV1CGpJW2meZozWn"},"_isSystemFontUsed":false,"_N$verticalAlign":1}],"_prefab":{"__type__":"cc.PrefabInfo","root":{"__id__":1},"asset":{"__uuid__":"e9EHm9b0RHKpVRfShgzHJJ"},"fileId":"6fu0mhtM5Cq58SdmMelQae"},"_color":{"__type__":"cc.Color","r":205,"g":51,"b":51},"_contentSize":{"__type__":"cc.Size","width":19.96,"height":44.1},"_trs":{"__type__":"TypedArray","ctor":"Float64Array","array":[74.2,104,0,0,0,0,1,1,1,1]}},{"__type__":"cc.Node","_name":"hulist","_parent":{"__id__":7},"_children":[{"__id__":17},{"__id__":18},{"__id__":19},{"__id__":20}],"_active":false,"_components":[{"__type__":"cc.Sprite","node":{"__id__":16},"_type":1,"_sizeMode":0}],"_prefab":{"__type__":"cc.PrefabInfo","root":{"__id__":1},"asset":{"__uuid__":"e9EHm9b0RHKpVRfShgzHJJ"},"fileId":"e8wy0ymLJIoJKReowSyVDk"},"_contentSize":{"__type__":"cc.Size","width":250,"height":100},"_trs":{"__type__":"TypedArray","ctor":"Float64Array","array":[2.6,-40.5,0,0,0,0,1,1,1,1]}},{"__type__":"cc.Node","_name":"label_youjin","_parent":{"__id__":16},"_components":[{"__type__":"cc.Label","node":{"__id__":17},"_useOriginalSize":false,"_string":"游金: 10","_N$string":"游金: 10","_fontSize":30,"_lineHeight":30,"_N$file":{"__uuid__":"5f5wQekV1CGpJW2meZozWn"},"_isSystemFontUsed":false,"_N$verticalAlign":1}],"_prefab":{"__type__":"cc.PrefabInfo","root":{"__id__":1},"asset":{"__uuid__":"e9EHm9b0RHKpVRfShgzHJJ"},"fileId":"63YSjeDwJB6Zt/DM9ZS/RZ"},"_color":{"__type__":"cc.Color","r":81,"g":22,"b":7},"_contentSize":{"__type__":"cc.Size","width":104.06,"height":30},"_anchorPoint":{"__type__":"cc.Vec2","y":0.5},"_trs":{"__type__":"TypedArray","ctor":"Float64Array","array":[-115.2,21.6,0,0,0,0,1,1,1,1]}},{"__type__":"cc.Node","_name":"label_zimo","_parent":{"__id__":16},"_components":[{"__type__":"cc.Label","node":{"__id__":18},"_useOriginalSize":false,"_string":"自摸: 10","_N$string":"自摸: 10","_fontSize":30,"_lineHeight":30,"_N$file":{"__uuid__":"5f5wQekV1CGpJW2meZozWn"},"_isSystemFontUsed":false,"_N$verticalAlign":1}],"_prefab":{"__type__":"cc.PrefabInfo","root":{"__id__":1},"asset":{"__uuid__":"e9EHm9b0RHKpVRfShgzHJJ"},"fileId":"7d2WxQTB9MgaQizPITPjeq"},"_color":{"__type__":"cc.Color","r":81,"g":22,"b":7},"_contentSize":{"__type__":"cc.Size","width":104.06,"height":30},"_anchorPoint":{"__type__":"cc.Vec2","y":0.5},"_trs":{"__type__":"TypedArray","ctor":"Float64Array","array":[9.5,21.8,0,0,0,0,1,1,1,1]}},{"__type__":"cc.Node","_name":"label_pinghu","_parent":{"__id__":16},"_components":[{"__type__":"cc.Label","node":{"__id__":19},"_useOriginalSize":false,"_string":"平胡: 10","_N$string":"平胡: 10","_fontSize":30,"_lineHeight":30,"_N$file":{"__uuid__":"5f5wQekV1CGpJW2meZozWn"},"_isSystemFontUsed":false,"_N$verticalAlign":1}],"_prefab":{"__type__":"cc.PrefabInfo","root":{"__id__":1},"asset":{"__uuid__":"e9EHm9b0RHKpVRfShgzHJJ"},"fileId":"3dQKE+UN5EZJpuCJ05n7mg"},"_color":{"__type__":"cc.Color","r":81,"g":22,"b":7},"_contentSize":{"__type__":"cc.Size","width":104.06,"height":30},"_anchorPoint":{"__type__":"cc.Vec2","y":0.5},"_trs":{"__type__":"TypedArray","ctor":"Float64Array","array":[-114.6,-22,0,0,0,0,1,1,1,1]}},{"__type__":"cc.Node","_name":"label_qita","_parent":{"__id__":16},"_components":[{"__type__":"cc.Label","node":{"__id__":20},"_useOriginalSize":false,"_string":"其他: 10","_N$string":"其他: 10","_fontSize":30,"_lineHeight":30,"_N$file":{"__uuid__":"5f5wQekV1CGpJW2meZozWn"},"_isSystemFontUsed":false,"_N$verticalAlign":1}],"_prefab":{"__type__":"cc.PrefabInfo","root":{"__id__":1},"asset":{"__uuid__":"e9EHm9b0RHKpVRfShgzHJJ"},"fileId":"96GZnsRxJH7bqgn3IYNSA7"},"_color":{"__type__":"cc.Color","r":81,"g":22,"b":7},"_contentSize":{"__type__":"cc.Size","width":104.06,"height":30},"_anchorPoint":{"__type__":"cc.Vec2","y":0.5},"_trs":{"__type__":"TypedArray","ctor":"Float64Array","array":[9.5,-22,0,0,0,0,1,1,1,1]}},{"__type__":"cc.Node","_name":"lb_lost","_parent":{"__id__":7},"_components":[{"__type__":"cc.Label","node":{"__id__":21},"_materials":[{"__uuid__":"ecpdLyjvZBwrvm+cedCcQy"}],"_useOriginalSize":false,"_string":"-50000","_N$string":"-50000","_fontSize":32,"_N$file":{"__uuid__":"59kzsyiIFGS5Deoo4o1bsG"},"_isSystemFontUsed":false,"_N$horizontalAlign":1,"_N$verticalAlign":1}],"_prefab":{"__type__":"cc.PrefabInfo","root":{"__id__":1},"asset":{"__uuid__":"e9EHm9b0RHKpVRfShgzHJJ"},"fileId":"77sMPgMY5IH4fzJpDR6XcM"},"_contentSize":{"__type__":"cc.Size","width":174,"height":40},"_trs":{"__type__":"TypedArray","ctor":"Float64Array","array":[0,-135,0,0,0,0,1,1.2,1.2,1]}},{"__type__":"cc.Node","_name":"lb_win","_parent":{"__id__":7},"_components":[{"__type__":"cc.Label","node":{"__id__":22},"_materials":[{"__uuid__":"ecpdLyjvZBwrvm+cedCcQy"}],"_useOriginalSize":false,"_string":"+50000","_N$string":"+50000","_fontSize":1,"_lineHeight":1,"_N$file":{"__uuid__":"72IVOMk1hKZ49cj8VmMTmu"},"_isSystemFontUsed":false,"_N$horizontalAlign":1,"_N$verticalAlign":1}],"_prefab":{"__type__":"cc.PrefabInfo","root":{"__id__":1},"asset":{"__uuid__":"e9EHm9b0RHKpVRfShgzHJJ"},"fileId":"51Ci2uj0xNAJPGdnhFvg1x"},"_contentSize":{"__type__":"cc.Size","width":174,"height":1},"_trs":{"__type__":"TypedArray","ctor":"Float64Array","array":[0,-115,0,0,0,0,1,1.2,1.2,1]}},{"__type__":"cc.Node","_name":"lb_sportsPoint","_parent":{"__id__":7},"_components":[{"__type__":"cc.Label","node":{"__id__":23},"_materials":[{"__uuid__":"ecpdLyjvZBwrvm+cedCcQy"}],"_useOriginalSize":false,"_fontSize":30,"_lineHeight":35,"_N$file":{"__uuid__":"5f5wQekV1CGpJW2meZozWn"},"_isSystemFontUsed":false,"_N$verticalAlign":1}],"_prefab":{"__type__":"cc.PrefabInfo","root":{"__id__":1},"asset":{"__uuid__":"e9EHm9b0RHKpVRfShgzHJJ"},"fileId":"91gUnXK+5BoIInUt0bQZnI"},"_color":{"__type__":"cc.Color","r":138,"g":55},"_contentSize":{"__type__":"cc.Size","height":44.1},"_trs":{"__type__":"TypedArray","ctor":"Float64Array","array":[0,-178,0,0,0,0,1,1.2,1.2,1]}},{"__type__":"cc.Node","_name":"icon_win","_parent":{"__id__":1},"_components":[{"__type__":"cc.Sprite","node":{"__id__":24},"_materials":[{"__uuid__":"ecpdLyjvZBwrvm+cedCcQy"}],"_spriteFrame":{"__uuid__":"4c4dLTVzdKtKrALiOaDCvO"}}],"_prefab":{"__type__":"cc.PrefabInfo","root":{"__id__":1},"asset":{"__uuid__":"e9EHm9b0RHKpVRfShgzHJJ"},"fileId":"a6AIhK7XVM+aSw6wNaQlyg"},"_contentSize":{"__type__":"cc.Size","width":50,"height":92},"_anchorPoint":{"__type__":"cc.Vec2","x":1,"y":0.5},"_trs":{"__type__":"TypedArray","ctor":"Float64Array","array":[150,198,0,0,0,0,1,0.8,0.8,1]}},{"__type__":"cc.Node","_name":"icon_paoshou","_parent":{"__id__":1},"_active":false,"_components":[{"__type__":"cc.Sprite","node":{"__id__":25},"_materials":[{"__uuid__":"ecpdLyjvZBwrvm+cedCcQy"}],"_spriteFrame":{"__uuid__":"7bsAj7W0lDyam8bcmtxeMT"}}],"_prefab":{"__type__":"cc.PrefabInfo","root":{"__id__":1},"asset":{"__uuid__":"e9EHm9b0RHKpVRfShgzHJJ"},"fileId":"b1vIfvUwdMpo9rJTcSe0yO"},"_contentSize":{"__type__":"cc.Size","width":94,"height":94},"_anchorPoint":{"__type__":"cc.Vec2","x":1,"y":0.5},"_trs":{"__type__":"TypedArray","ctor":"Float64Array","array":[-97,-152,0,0,0,0,1,0.8,0.8,1]}},{"__type__":"cc.Node","_name":"icon_dissolve","_parent":{"__id__":1},"_components":[{"__type__":"cc.Sprite","node":{"__id__":26},"_materials":[{"__uuid__":"ecpdLyjvZBwrvm+cedCcQy"}]}],"_prefab":{"__type__":"cc.PrefabInfo","root":{"__id__":1},"asset":{"__uuid__":"e9EHm9b0RHKpVRfShgzHJJ"},"fileId":"b1nZi6Ff9LJ7Vo6M0Qm7X+"},"_contentSize":{"__type__":"cc.Size","width":119,"height":66},"_trs":{"__type__":"TypedArray","ctor":"Float64Array","array":[-102.294,167.14,0,0,0,0,1,1,1,1]}}]]