[{"__type__":"cc.SpriteFrame","content":{"name":"hh_face_dao_02","texture":"36+6C0mK5CBrXf7ot3gEM9","rect":[0,0,47,76],"offset":[0,0],"originalSize":[47,76],"capInsets":[0,0,0,0]}},{"__type__":"cc.SpriteFrame","content":{"name":"img_yel_down02","texture":"afkKNIIFdA5pXQl09RYRAP","rect":[0,0,151,101],"offset":[0,0],"originalSize":[151,101],"capInsets":[20,20,20,20]}},{"__type__":"cc.SpriteFrame","content":{"name":"icon_z","texture":"b6pJSXjMlFabEhHZi0Cyop","rect":[0,0,38,39],"offset":[0,0],"originalSize":[38,39],"capInsets":[0,0,0,0]}},[{"__type__":"cc.Prefab","_name":"sse_winlost_child","data":{"__id__":1}},{"__type__":"cc.Node","_name":"sse_winlost_child","_children":[{"__id__":2},{"__id__":7},{"__id__":10},{"__id__":17},{"__id__":28},{"__id__":33},{"__id__":35},{"__id__":46}],"_components":[{"__type__":"cc.Sprite","node":{"__id__":1},"_materials":[{"__uuid__":"ecpdLyjvZBwrvm+cedCcQy"}],"_spriteFrame":{"__uuid__":"4fi7aQRSpFn6b1ZZhTPwm7"},"_type":1,"_sizeMode":0},{"__type__":"41444qKiY9Huqs7+SDxVU6p","node":{"__id__":1}}],"_prefab":{"__type__":"cc.PrefabInfo","root":{"__id__":1},"asset":{"__uuid__":"a89G4S7wBEIaT+uuz1UcBz"},"fileId":"2d501vd2VtPPoLtrYJ0glXk"},"_contentSize":{"__type__":"cc.Size","width":1230,"height":145},"_anchorPoint":{"__type__":"cc.Vec2","x":0.5,"y":1},"_trs":{"__type__":"TypedArray","ctor":"Float64Array","array":[0,0,0,0,0,0,1,1,1,1]}},{"__type__":"cc.Node","_name":"user_info","_parent":{"__id__":1},"_children":[{"__id__":3},{"__id__":4},{"__id__":5},{"__id__":6}],"_prefab":{"__type__":"cc.PrefabInfo","root":{"__id__":1},"asset":{"__uuid__":"a89G4S7wBEIaT+uuz1UcBz"},"fileId":"e94692IG2pGl7iytgX4s9Cu"},"_trs":{"__type__":"TypedArray","ctor":"Float64Array","array":[-87,-148,0,0,0,0,1,1,1,1]}},{"__type__":"cc.Node","_name":"head_img","_parent":{"__id__":2},"_components":[{"__type__":"cc.Sprite","node":{"__id__":3},"_materials":[{"__uuid__":"ecpdLyjvZBwrvm+cedCcQy"}],"_spriteFrame":{"__uuid__":"e6JNuRrHVFM4KYnmai3HR+"},"_sizeMode":0,"_isTrimmedMode":false},{"__type__":"f42b8ZzNWFKKI/QT/n8cR1+","node":{"__id__":3}}],"_prefab":{"__type__":"cc.PrefabInfo","root":{"__id__":1},"asset":{"__uuid__":"a89G4S7wBEIaT+uuz1UcBz"},"fileId":"90d2djPEktGnIbrhsg9kC2a"},"_contentSize":{"__type__":"cc.Size","width":60,"height":60},"_trs":{"__type__":"TypedArray","ctor":"Float64Array","array":[-491.3,63.400000000000006,0,0,0,0,1,1,1,1]}},{"__type__":"cc.Node","_name":"lable_name","_parent":{"__id__":2},"_components":[{"__type__":"cc.Label","node":{"__id__":4},"_materials":[{"__uuid__":"ecpdLyjvZBwrvm+cedCcQy"}],"_useOriginalSize":false,"_string":"丸子科丸丸","_N$string":"丸子科丸丸","_fontSize":20,"_lineHeight":20,"_N$file":{"__uuid__":"5f5wQekV1CGpJW2meZozWn"},"_isSystemFontUsed":false,"_N$verticalAlign":1,"_N$overflow":2}],"_prefab":{"__type__":"cc.PrefabInfo","root":{"__id__":1},"asset":{"__uuid__":"a89G4S7wBEIaT+uuz1UcBz"},"fileId":"87552vUkI1Ebb/2sO3umA94"},"_color":{"__type__":"cc.Color","r":138,"g":55},"_contentSize":{"__type__":"cc.Size","width":100,"height":20},"_trs":{"__type__":"TypedArray","ctor":"Float64Array","array":[-470,132.6,0,0,0,0,1,1,1,1]}},{"__type__":"cc.Node","_name":"label_id","_parent":{"__id__":2},"_components":[{"__type__":"cc.Label","node":{"__id__":5},"_materials":[{"__uuid__":"ecpdLyjvZBwrvm+cedCcQy"}],"_useOriginalSize":false,"_string":"ID:142536","_N$string":"ID:142536","_fontSize":20,"_lineHeight":20,"_N$file":{"__uuid__":"5f5wQekV1CGpJW2meZozWn"},"_isSystemFontUsed":false,"_N$verticalAlign":1,"_N$overflow":2}],"_prefab":{"__type__":"cc.PrefabInfo","root":{"__id__":1},"asset":{"__uuid__":"a89G4S7wBEIaT+uuz1UcBz"},"fileId":"de91dJDvLJE5JPcCUPkOQj7"},"_color":{"__type__":"cc.Color","r":205,"g":82,"b":1},"_contentSize":{"__type__":"cc.Size","width":100,"height":20},"_trs":{"__type__":"TypedArray","ctor":"Float64Array","array":[-360,132.1,0,0,0,0,1,1,1,1]}},{"__type__":"cc.Node","_name":"zhuangjia","_parent":{"__id__":2},"_components":[{"__type__":"cc.Sprite","node":{"__id__":6},"_materials":[{"__uuid__":"ecpdLyjvZBwrvm+cedCcQy"}],"_spriteFrame":{"__uuid__":"a0QEigSsBNXYudSEIwKRcD"}}],"_prefab":{"__type__":"cc.PrefabInfo","root":{"__id__":1},"asset":{"__uuid__":"a89G4S7wBEIaT+uuz1UcBz"},"fileId":"09397s9KE5CDrJ4xsbNdOEU"},"_contentSize":{"__type__":"cc.Size","width":38,"height":39},"_trs":{"__type__":"TypedArray","ctor":"Float64Array","array":[-473.9,46.8,0,0,0,0,1,0.7,0.7,1]}},{"__type__":"cc.Node","_name":"showcard","_parent":{"__id__":1},"_children":[{"__id__":8},{"__id__":9}],"_components":[{"__type__":"cc.Layout","node":{"__id__":7},"_layoutSize":{"__type__":"cc.Size","width":231.2,"height":120},"_resize":1,"_N$layoutType":1,"_N$spacingX":-80},{"__type__":"d652dOSWmZOH4LQ2s4QX+6Z","node":{"__id__":7},"sp_in":{"__id__":9}}],"_prefab":{"__type__":"cc.PrefabInfo","root":{"__id__":1},"asset":{"__uuid__":"a89G4S7wBEIaT+uuz1UcBz"},"fileId":"483c4fRBw5DV5nOtaGd9lBe"},"_contentSize":{"__type__":"cc.Size","width":231.2,"height":120},"_anchorPoint":{"__type__":"cc.Vec2","x":1,"y":0.5},"_trs":{"__type__":"TypedArray","ctor":"Float64Array","array":[151,-81,0,0,0,0,1,0.5,0.5,1]}},{"__type__":"cc.Node","_name":"empty","_parent":{"__id__":7},"_components":[{"__type__":"cc.Sprite","node":{"__id__":8}}],"_prefab":{"__type__":"cc.PrefabInfo","root":{"__id__":1},"asset":{"__uuid__":"a89G4S7wBEIaT+uuz1UcBz"},"fileId":"b1d16P8xBNHSIb6tF6HkWMY"},"_contentSize":{"__type__":"cc.Size","width":180,"height":118},"_trs":{"__type__":"TypedArray","ctor":"Float64Array","array":[-141.2,0,0,0,0,0,1,1,1,1]}},{"__type__":"cc.Node","_name":"sp_in","_parent":{"__id__":7},"_components":[{"__type__":"cc.Sprite","node":{"__id__":9},"_materials":[{"__uuid__":"ecpdLyjvZBwrvm+cedCcQy"}],"_spriteFrame":{"__uuid__":"dfOvYxHMFBqrjm5VAwWT5u"},"_sizeMode":0}],"_prefab":{"__type__":"cc.PrefabInfo","root":{"__id__":1},"asset":{"__uuid__":"a89G4S7wBEIaT+uuz1UcBz"},"fileId":"e2926FTy51JjJf+2c3B7DAc"},"_contentSize":{"__type__":"cc.Size","width":131.2,"height":163.2},"_trs":{"__type__":"TypedArray","ctor":"Float64Array","array":[-65.6,-40,0,0,0,0,1,1,1,1]}},{"__type__":"cc.Node","_name":"downcard","_parent":{"__id__":1},"_children":[{"__id__":11}],"_components":[{"__type__":"cc.Layout","node":{"__id__":10},"_layoutSize":{"__type__":"cc.Size","width":82,"height":120},"_resize":1,"_N$layoutType":1},{"__type__":"9c90dJMeH1Nu6rMQ0rNGh5U","node":{"__id__":10}}],"_prefab":{"__type__":"cc.PrefabInfo","root":{"__id__":1},"asset":{"__uuid__":"a89G4S7wBEIaT+uuz1UcBz"},"fileId":"3f2c5h5g/5Mja3cH94nYn+b"},"_contentSize":{"__type__":"cc.Size","width":82,"height":120},"_anchorPoint":{"__type__":"cc.Vec2","y":0.5},"_trs":{"__type__":"TypedArray","ctor":"Float64Array","array":[-520,-60,0,0,0,0,1,0.5,0.5,1]}},{"__type__":"cc.Node","_name":"down01","_parent":{"__id__":10},"_children":[{"__id__":12},{"__id__":13},{"__id__":14},{"__id__":15},{"__id__":16}],"_components":[{"__type__":"cc.Layout","node":{"__id__":11},"_layoutSize":{"__type__":"cc.Size","width":82,"height":230},"_resize":1,"_N$layoutType":2,"_N$spacingY":-70}],"_prefab":{"__type__":"cc.PrefabInfo","root":{"__id__":1},"asset":{"__uuid__":"a89G4S7wBEIaT+uuz1UcBz"},"fileId":"468f36VpARC4pPSJRvPavTE"},"_contentSize":{"__type__":"cc.Size","width":82,"height":230},"_trs":{"__type__":"TypedArray","ctor":"Float64Array","array":[41,-52,0,0,0,0,1,1,1,1]}},{"__type__":"cc.Node","_name":"card01","_parent":{"__id__":11},"_components":[{"__type__":"cc.Sprite","node":{"__id__":12},"_materials":[{"__uuid__":"ecpdLyjvZBwrvm+cedCcQy"}],"_spriteFrame":{"__uuid__":"dfOvYxHMFBqrjm5VAwWT5u"},"_sizeMode":0}],"_prefab":{"__type__":"cc.PrefabInfo","root":{"__id__":1},"asset":{"__uuid__":"a89G4S7wBEIaT+uuz1UcBz"},"fileId":"aae478Pqj9JeLRPkN448JnR"},"_contentSize":{"__type__":"cc.Size","width":82,"height":102},"_trs":{"__type__":"TypedArray","ctor":"Float64Array","array":[0,64,0,0,0,0,1,1,1,1]}},{"__type__":"cc.Node","_name":"card02","_parent":{"__id__":11},"_components":[{"__type__":"cc.Sprite","node":{"__id__":13},"_materials":[{"__uuid__":"ecpdLyjvZBwrvm+cedCcQy"}],"_spriteFrame":{"__uuid__":"dfOvYxHMFBqrjm5VAwWT5u"},"_sizeMode":0}],"_prefab":{"__type__":"cc.PrefabInfo","root":{"__id__":1},"asset":{"__uuid__":"a89G4S7wBEIaT+uuz1UcBz"},"fileId":"45739wgw1JMl69udRIEtuOB"},"_contentSize":{"__type__":"cc.Size","width":82,"height":102},"_trs":{"__type__":"TypedArray","ctor":"Float64Array","array":[0,32,0,0,0,0,1,1,1,1]}},{"__type__":"cc.Node","_name":"card03","_parent":{"__id__":11},"_components":[{"__type__":"cc.Sprite","node":{"__id__":14},"_materials":[{"__uuid__":"ecpdLyjvZBwrvm+cedCcQy"}],"_spriteFrame":{"__uuid__":"dfOvYxHMFBqrjm5VAwWT5u"},"_sizeMode":0}],"_prefab":{"__type__":"cc.PrefabInfo","root":{"__id__":1},"asset":{"__uuid__":"a89G4S7wBEIaT+uuz1UcBz"},"fileId":"9fd5bhHzsVEe5Ksl9qIvchX"},"_contentSize":{"__type__":"cc.Size","width":82,"height":102},"_trs":{"__type__":"TypedArray","ctor":"Float64Array","array":[0,0,0,0,0,0,1,1,1,1]}},{"__type__":"cc.Node","_name":"card04","_parent":{"__id__":11},"_components":[{"__type__":"cc.Sprite","node":{"__id__":15},"_materials":[{"__uuid__":"ecpdLyjvZBwrvm+cedCcQy"}],"_spriteFrame":{"__uuid__":"dfOvYxHMFBqrjm5VAwWT5u"},"_sizeMode":0}],"_prefab":{"__type__":"cc.PrefabInfo","root":{"__id__":1},"asset":{"__uuid__":"a89G4S7wBEIaT+uuz1UcBz"},"fileId":"ef3401HgZNISK47lsGHNGRL"},"_contentSize":{"__type__":"cc.Size","width":82,"height":102},"_trs":{"__type__":"TypedArray","ctor":"Float64Array","array":[0,-32,0,0,0,0,1,1,1,1]}},{"__type__":"cc.Node","_name":"card05","_parent":{"__id__":11},"_components":[{"__type__":"cc.Sprite","node":{"__id__":16},"_materials":[{"__uuid__":"ecpdLyjvZBwrvm+cedCcQy"}],"_spriteFrame":{"__uuid__":"dfOvYxHMFBqrjm5VAwWT5u"},"_sizeMode":0}],"_prefab":{"__type__":"cc.PrefabInfo","root":{"__id__":1},"asset":{"__uuid__":"a89G4S7wBEIaT+uuz1UcBz"},"fileId":"0aAx95nltKt5kvD2zz9ROk"},"_contentSize":{"__type__":"cc.Size","width":82,"height":102},"_trs":{"__type__":"TypedArray","ctor":"Float64Array","array":[0,-64,0,0,0,0,1,1,1,1]}},{"__type__":"cc.Node","_name":"jiesuan","_parent":{"__id__":1},"_children":[{"__id__":18},{"__id__":19}],"_prefab":{"__type__":"cc.PrefabInfo","root":{"__id__":1},"asset":{"__uuid__":"a89G4S7wBEIaT+uuz1UcBz"},"fileId":"0f2b99Ie9JGWpHH7wW+Js5V"},"_trs":{"__type__":"TypedArray","ctor":"Float64Array","array":[141,-153,0,0,0,0,1,1,1,1]}},{"__type__":"cc.Node","_name":"hutype","_parent":{"__id__":17},"_components":[{"__type__":"cc.Label","node":{"__id__":18},"_materials":[{"__uuid__":"ecpdLyjvZBwrvm+cedCcQy"}],"_string":"点炮","_N$string":"点炮","_fontSize":34,"_lineHeight":36,"_N$file":{"__uuid__":"5f5wQekV1CGpJW2meZozWn"},"_isSystemFontUsed":false,"_N$horizontalAlign":1,"_N$verticalAlign":1},{"__type__":"cc.LabelOutline","node":{"__id__":18},"_color":{"__type__":"cc.Color","r":163,"g":61,"b":8},"_width":3}],"_prefab":{"__type__":"cc.PrefabInfo","root":{"__id__":1},"asset":{"__uuid__":"a89G4S7wBEIaT+uuz1UcBz"},"fileId":"38n0a/uJZNDa7mYW+JVjO/"},"_color":{"__type__":"cc.Color","r":252,"g":236,"b":117},"_contentSize":{"__type__":"cc.Size","width":74,"height":51.36},"_trs":{"__type__":"TypedArray","ctor":"Float64Array","array":[100,62.581999999999994,0,0,0,0,1,1,1,1]}},{"__type__":"cc.Node","_name":"label_lists","_parent":{"__id__":17},"_children":[{"__id__":20},{"__id__":21},{"__id__":22},{"__id__":23},{"__id__":24},{"__id__":25},{"__id__":26},{"__id__":27}],"_components":[{"__type__":"cc.Layout","node":{"__id__":19},"_layoutSize":{"__type__":"cc.Size","width":661.84,"height":30},"_resize":1,"_N$layoutType":1,"_N$spacingX":10}],"_prefab":{"__type__":"cc.PrefabInfo","root":{"__id__":1},"asset":{"__uuid__":"a89G4S7wBEIaT+uuz1UcBz"},"fileId":"04a21bBcnlDbY/SvK3CCKvN"},"_contentSize":{"__type__":"cc.Size","width":661.84,"height":30},"_anchorPoint":{"__type__":"cc.Vec2","y":0.5},"_trs":{"__type__":"TypedArray","ctor":"Float64Array","array":[-528,135,0,0,0,0,1,1,1,1]}},{"__type__":"cc.Node","_name":"label_1","_parent":{"__id__":19},"_components":[{"__type__":"cc.Label","node":{"__id__":20},"_materials":[{"__uuid__":"ecpdLyjvZBwrvm+cedCcQy"}],"_useOriginalSize":false,"_string":"明杠: +0","_N$string":"明杠: +0","_fontSize":20,"_lineHeight":20,"_N$file":{"__uuid__":"5f5wQekV1CGpJW2meZozWn"},"_isSystemFontUsed":false,"_N$verticalAlign":1}],"_prefab":{"__type__":"cc.PrefabInfo","root":{"__id__":1},"asset":{"__uuid__":"a89G4S7wBEIaT+uuz1UcBz"},"fileId":"2f89fgjIjFAI50I9PdScy9V"},"_color":{"__type__":"cc.Color","r":241,"g":9,"b":9},"_contentSize":{"__type__":"cc.Size","width":73.98,"height":25.2},"_anchorPoint":{"__type__":"cc.Vec2","y":0.5},"_trs":{"__type__":"TypedArray","ctor":"Float64Array","array":[0,0,0,0,0,0,1,1,1,1]}},{"__type__":"cc.Node","_name":"label_2","_parent":{"__id__":19},"_components":[{"__type__":"cc.Label","node":{"__id__":21},"_materials":[{"__uuid__":"ecpdLyjvZBwrvm+cedCcQy"}],"_useOriginalSize":false,"_string":"明杠: +0","_N$string":"明杠: +0","_fontSize":20,"_lineHeight":20,"_N$file":{"__uuid__":"5f5wQekV1CGpJW2meZozWn"},"_isSystemFontUsed":false,"_N$verticalAlign":1}],"_prefab":{"__type__":"cc.PrefabInfo","root":{"__id__":1},"asset":{"__uuid__":"a89G4S7wBEIaT+uuz1UcBz"},"fileId":"cfb453qfC5OloFd6pMwxKU4"},"_color":{"__type__":"cc.Color","r":241,"g":9,"b":9},"_contentSize":{"__type__":"cc.Size","width":73.98,"height":25.2},"_anchorPoint":{"__type__":"cc.Vec2","y":0.5},"_trs":{"__type__":"TypedArray","ctor":"Float64Array","array":[83.98,0,0,0,0,0,1,1,1,1]}},{"__type__":"cc.Node","_name":"label_3","_parent":{"__id__":19},"_components":[{"__type__":"cc.Label","node":{"__id__":22},"_materials":[{"__uuid__":"ecpdLyjvZBwrvm+cedCcQy"}],"_useOriginalSize":false,"_string":"明杠: +0","_N$string":"明杠: +0","_fontSize":20,"_lineHeight":20,"_N$file":{"__uuid__":"5f5wQekV1CGpJW2meZozWn"},"_isSystemFontUsed":false,"_N$verticalAlign":1}],"_prefab":{"__type__":"cc.PrefabInfo","root":{"__id__":1},"asset":{"__uuid__":"a89G4S7wBEIaT+uuz1UcBz"},"fileId":"b9952JUcFVHuJY/+LgF5np5"},"_color":{"__type__":"cc.Color","r":241,"g":9,"b":9},"_contentSize":{"__type__":"cc.Size","width":73.98,"height":25.2},"_anchorPoint":{"__type__":"cc.Vec2","y":0.5},"_trs":{"__type__":"TypedArray","ctor":"Float64Array","array":[167.96,0,0,0,0,0,1,1,1,1]}},{"__type__":"cc.Node","_name":"label_4","_parent":{"__id__":19},"_components":[{"__type__":"cc.Label","node":{"__id__":23},"_materials":[{"__uuid__":"ecpdLyjvZBwrvm+cedCcQy"}],"_useOriginalSize":false,"_string":"明杠: +0","_N$string":"明杠: +0","_fontSize":20,"_lineHeight":20,"_N$file":{"__uuid__":"5f5wQekV1CGpJW2meZozWn"},"_isSystemFontUsed":false,"_N$verticalAlign":1}],"_prefab":{"__type__":"cc.PrefabInfo","root":{"__id__":1},"asset":{"__uuid__":"a89G4S7wBEIaT+uuz1UcBz"},"fileId":"15732WRzRpEKLUN4rGjQO+d"},"_color":{"__type__":"cc.Color","r":241,"g":9,"b":9},"_contentSize":{"__type__":"cc.Size","width":73.98,"height":25.2},"_anchorPoint":{"__type__":"cc.Vec2","y":0.5},"_trs":{"__type__":"TypedArray","ctor":"Float64Array","array":[251.94,0,0,0,0,0,1,1,1,1]}},{"__type__":"cc.Node","_name":"label_5","_parent":{"__id__":19},"_components":[{"__type__":"cc.Label","node":{"__id__":24},"_materials":[{"__uuid__":"ecpdLyjvZBwrvm+cedCcQy"}],"_useOriginalSize":false,"_string":"明杠: +0","_N$string":"明杠: +0","_fontSize":20,"_lineHeight":20,"_N$file":{"__uuid__":"5f5wQekV1CGpJW2meZozWn"},"_isSystemFontUsed":false,"_N$verticalAlign":1}],"_prefab":{"__type__":"cc.PrefabInfo","root":{"__id__":1},"asset":{"__uuid__":"a89G4S7wBEIaT+uuz1UcBz"},"fileId":"5cf464w50FJcqPO8qv1e4sr"},"_color":{"__type__":"cc.Color","r":241,"g":9,"b":9},"_contentSize":{"__type__":"cc.Size","width":73.98,"height":25.2},"_anchorPoint":{"__type__":"cc.Vec2","y":0.5},"_trs":{"__type__":"TypedArray","ctor":"Float64Array","array":[335.92,0,0,0,0,0,1,1,1,1]}},{"__type__":"cc.Node","_name":"label_6","_parent":{"__id__":19},"_components":[{"__type__":"cc.Label","node":{"__id__":25},"_materials":[{"__uuid__":"ecpdLyjvZBwrvm+cedCcQy"}],"_useOriginalSize":false,"_string":"明杠: +0","_N$string":"明杠: +0","_fontSize":20,"_lineHeight":20,"_N$file":{"__uuid__":"5f5wQekV1CGpJW2meZozWn"},"_isSystemFontUsed":false,"_N$verticalAlign":1}],"_prefab":{"__type__":"cc.PrefabInfo","root":{"__id__":1},"asset":{"__uuid__":"a89G4S7wBEIaT+uuz1UcBz"},"fileId":"8926aBQnqFOBJcMos5RUd7i"},"_color":{"__type__":"cc.Color","r":241,"g":9,"b":9},"_contentSize":{"__type__":"cc.Size","width":73.98,"height":25.2},"_anchorPoint":{"__type__":"cc.Vec2","y":0.5},"_trs":{"__type__":"TypedArray","ctor":"Float64Array","array":[419.90000000000003,0,0,0,0,0,1,1,1,1]}},{"__type__":"cc.Node","_name":"label_7","_parent":{"__id__":19},"_components":[{"__type__":"cc.Label","node":{"__id__":26},"_materials":[{"__uuid__":"ecpdLyjvZBwrvm+cedCcQy"}],"_useOriginalSize":false,"_string":"明杠: +0","_N$string":"明杠: +0","_fontSize":20,"_lineHeight":20,"_N$file":{"__uuid__":"5f5wQekV1CGpJW2meZozWn"},"_isSystemFontUsed":false,"_N$verticalAlign":1}],"_prefab":{"__type__":"cc.PrefabInfo","root":{"__id__":1},"asset":{"__uuid__":"a89G4S7wBEIaT+uuz1UcBz"},"fileId":"dc80dH2K/pLq6PNKQFmUbi7"},"_color":{"__type__":"cc.Color","r":241,"g":9,"b":9},"_contentSize":{"__type__":"cc.Size","width":73.98,"height":25.2},"_anchorPoint":{"__type__":"cc.Vec2","y":0.5},"_trs":{"__type__":"TypedArray","ctor":"Float64Array","array":[503.88000000000005,0,0,0,0,0,1,1,1,1]}},{"__type__":"cc.Node","_name":"label_8","_parent":{"__id__":19},"_components":[{"__type__":"cc.Label","node":{"__id__":27},"_materials":[{"__uuid__":"ecpdLyjvZBwrvm+cedCcQy"}],"_useOriginalSize":false,"_string":"明杠: +0","_N$string":"明杠: +0","_fontSize":20,"_lineHeight":20,"_N$file":{"__uuid__":"5f5wQekV1CGpJW2meZozWn"},"_isSystemFontUsed":false,"_N$verticalAlign":1}],"_prefab":{"__type__":"cc.PrefabInfo","root":{"__id__":1},"asset":{"__uuid__":"a89G4S7wBEIaT+uuz1UcBz"},"fileId":"0118aQKNGZG9pzPgN+Ceb5j"},"_color":{"__type__":"cc.Color","r":241,"g":9,"b":9},"_contentSize":{"__type__":"cc.Size","width":73.98,"height":25.2},"_anchorPoint":{"__type__":"cc.Vec2","y":0.5},"_trs":{"__type__":"TypedArray","ctor":"Float64Array","array":[587.86,0,0,0,0,0,1,1,1,1]}},{"__type__":"cc.Node","_name":"record","_parent":{"__id__":1},"_children":[{"__id__":29},{"__id__":31}],"_components":[{"__type__":"cc.Layout","node":{"__id__":28},"_layoutSize":{"__type__":"cc.Size","width":125,"height":75.96},"_resize":1,"_N$layoutType":2,"_N$spacingY":10}],"_prefab":{"__type__":"cc.PrefabInfo","root":{"__id__":1},"asset":{"__uuid__":"a89G4S7wBEIaT+uuz1UcBz"},"fileId":"78RkZk09ZHp4rWOU4oQFzT"},"_contentSize":{"__type__":"cc.Size","width":125,"height":75.96},"_anchorPoint":{"__type__":"cc.Vec2","y":0.5},"_trs":{"__type__":"TypedArray","ctor":"Float64Array","array":[350,-84,0,0,0,0,1,1,1,1]}},{"__type__":"cc.Node","_name":"tip_point","_parent":{"__id__":28},"_children":[{"__id__":30}],"_components":[{"__type__":"cc.Label","node":{"__id__":29},"_materials":[{"__uuid__":"ecpdLyjvZBwrvm+cedCcQy"}],"_useOriginalSize":false,"_string":"得分：","_N$string":"得分：","_fontSize":20,"_lineHeight":22,"_N$file":{"__uuid__":"5f5wQekV1CGpJW2meZozWn"},"_isSystemFontUsed":false,"_N$verticalAlign":1},{"__type__":"cc.LabelOutline","node":{"__id__":29},"_color":{"__type__":"cc.Color","r":43,"g":37,"b":41},"_width":2}],"_prefab":{"__type__":"cc.PrefabInfo","root":{"__id__":1},"asset":{"__uuid__":"a89G4S7wBEIaT+uuz1UcBz"},"fileId":"e5rTXYXaRKqopJknOywgi5"},"_contentSize":{"__type__":"cc.Size","width":64,"height":31.72},"_anchorPoint":{"__type__":"cc.Vec2","y":0.5},"_trs":{"__type__":"TypedArray","ctor":"Float64Array","array":[0,22.119999999999997,0,0,0,0,1,1,1,1]}},{"__type__":"cc.Node","_name":"lb_point","_parent":{"__id__":29},"_components":[{"__type__":"cc.Label","node":{"__id__":30},"_materials":[{"__uuid__":"ecpdLyjvZBwrvm+cedCcQy"}],"_useOriginalSize":false,"_string":"-1000","_N$string":"-1000","_fontSize":28,"_lineHeight":30,"_N$file":{"__uuid__":"5f5wQekV1CGpJW2meZozWn"},"_isSystemFontUsed":false,"_N$verticalAlign":1},{"__type__":"cc.LabelOutline","node":{"__id__":30},"_color":{"__type__":"cc.Color","r":43,"g":37,"b":41},"_width":2}],"_prefab":{"__type__":"cc.PrefabInfo","root":{"__id__":1},"asset":{"__uuid__":"a89G4S7wBEIaT+uuz1UcBz"},"fileId":"00Vp6tAbZFp6N/kYVlTVu8"},"_contentSize":{"__type__":"cc.Size","width":78.92,"height":41.8},"_anchorPoint":{"__type__":"cc.Vec2","y":0.5},"_trs":{"__type__":"TypedArray","ctor":"Float64Array","array":[61,0,0,0,0,0,1,1,1,1]}},{"__type__":"cc.Node","_name":"tip_sportspoint","_parent":{"__id__":28},"_children":[{"__id__":32}],"_components":[{"__type__":"cc.Label","node":{"__id__":31},"_materials":[{"__uuid__":"ecpdLyjvZBwrvm+cedCcQy"}],"_useOriginalSize":false,"_string":"比赛分：","_N$string":"比赛分：","_fontSize":22,"_lineHeight":24,"_N$file":{"__uuid__":"5f5wQekV1CGpJW2meZozWn"},"_isSystemFontUsed":false,"_N$verticalAlign":1},{"__type__":"cc.LabelOutline","node":{"__id__":31},"_color":{"__type__":"cc.Color"},"_width":2}],"_prefab":{"__type__":"cc.PrefabInfo","root":{"__id__":1},"asset":{"__uuid__":"a89G4S7wBEIaT+uuz1UcBz"},"fileId":"280KGO22BKE7GZ7h0lFrAK"},"_color":{"__type__":"cc.Color","r":241,"g":241,"b":38},"_contentSize":{"__type__":"cc.Size","width":92,"height":34.239999999999995},"_anchorPoint":{"__type__":"cc.Vec2","y":0.5},"_trs":{"__type__":"TypedArray","ctor":"Float64Array","array":[-8,-20.86,0,0,0,0,1,1,1,1]}},{"__type__":"cc.Node","_name":"lb_sportspoint","_parent":{"__id__":31},"_components":[{"__type__":"cc.Label","node":{"__id__":32},"_materials":[{"__uuid__":"ecpdLyjvZBwrvm+cedCcQy"}],"_useOriginalSize":false,"_string":"-1000","_N$string":"-1000","_lineHeight":35,"_N$file":{"__uuid__":"5f5wQekV1CGpJW2meZozWn"},"_isSystemFontUsed":false,"_N$verticalAlign":1},{"__type__":"cc.LabelOutline","node":{"__id__":32},"_color":{"__type__":"cc.Color"},"_width":2}],"_prefab":{"__type__":"cc.PrefabInfo","root":{"__id__":1},"asset":{"__uuid__":"a89G4S7wBEIaT+uuz1UcBz"},"fileId":"72HNZe4IBNabbzI+bIzwVv"},"_color":{"__type__":"cc.Color","r":241,"g":241,"b":38},"_contentSize":{"__type__":"cc.Size","width":111.03,"height":48.1},"_anchorPoint":{"__type__":"cc.Vec2","y":0.5},"_trs":{"__type__":"TypedArray","ctor":"Float64Array","array":[81,5,0,0,0,0,1,1,1,1]}},{"__type__":"cc.Node","_name":"huacard","_parent":{"__id__":1},"_children":[{"__id__":34}],"_active":false,"_components":[{"__type__":"cc.Layout","node":{"__id__":33},"_N$layoutType":1,"_N$spacingX":33},{"__type__":"8f5c1NoKYlJOIy+Kxk7+L8e","node":{"__id__":33}}],"_prefab":{"__type__":"cc.PrefabInfo","root":{"__id__":1},"asset":{"__uuid__":"a89G4S7wBEIaT+uuz1UcBz"},"fileId":"6742fhpNdxNgqhHPBCv4VF0"},"_contentSize":{"__type__":"cc.Size","width":300,"height":200},"_trs":{"__type__":"TypedArray","ctor":"Float64Array","array":[555,-64,0,0,0,0,1,0.5,0.5,1]}},{"__type__":"cc.Node","_name":"card01","_parent":{"__id__":33},"_components":[{"__type__":"cc.Sprite","node":{"__id__":34},"_materials":[{"__uuid__":"ecpdLyjvZBwrvm+cedCcQy"}],"_spriteFrame":{"__uuid__":"40zOexKUBCyq5rxbs5ANC4"}}],"_prefab":{"__type__":"cc.PrefabInfo","root":{"__id__":1},"asset":{"__uuid__":"a89G4S7wBEIaT+uuz1UcBz"},"fileId":"9eecfjTmiVBfaX/LAL0qvNA"},"_contentSize":{"__type__":"cc.Size","width":47,"height":76},"_trs":{"__type__":"TypedArray","ctor":"Float64Array","array":[-126.5,0,0,0,0,0,1,1.7,1.7,1]}},{"__type__":"cc.Node","_name":"zhongma","_parent":{"__id__":1},"_children":[{"__id__":36},{"__id__":37},{"__id__":38},{"__id__":39},{"__id__":40},{"__id__":41},{"__id__":42},{"__id__":43},{"__id__":44},{"__id__":45}],"_active":false,"_components":[{"__type__":"cc.Layout","node":{"__id__":35},"_layoutSize":{"__type__":"cc.Size","width":767,"height":172},"_resize":1,"_N$layoutType":1,"_N$spacingX":33,"_N$spacingY":20},{"__type__":"8f5c1NoKYlJOIy+Kxk7+L8e","node":{"__id__":35}}],"_prefab":{"__type__":"cc.PrefabInfo","root":{"__id__":1},"asset":{"__uuid__":"a89G4S7wBEIaT+uuz1UcBz"},"fileId":"8f7wgRTW5Esaxqgd0ffFn9"},"_contentSize":{"__type__":"cc.Size","width":767,"height":172},"_anchorPoint":{"__type__":"cc.Vec2"},"_trs":{"__type__":"TypedArray","ctor":"Float64Array","array":[572.403,-58.913,0,0,0,0,1,0.4,0.4,1]}},{"__type__":"cc.Node","_name":"card1","_parent":{"__id__":35},"_components":[{"__type__":"cc.Sprite","node":{"__id__":36},"_materials":[{"__uuid__":"ecpdLyjvZBwrvm+cedCcQy"}],"_spriteFrame":{"__uuid__":"40zOexKUBCyq5rxbs5ANC4"}}],"_prefab":{"__type__":"cc.PrefabInfo","root":{"__id__":1},"asset":{"__uuid__":"a89G4S7wBEIaT+uuz1UcBz"},"fileId":"53jmfF1jtKbpCqJ8XgHdFE"},"_contentSize":{"__type__":"cc.Size","width":47,"height":76},"_trs":{"__type__":"TypedArray","ctor":"Float64Array","array":[23.5,0,0,0,0,0,1,1.7,1.7,1]}},{"__type__":"cc.Node","_name":"card2","_parent":{"__id__":35},"_components":[{"__type__":"cc.Sprite","node":{"__id__":37},"_materials":[{"__uuid__":"ecpdLyjvZBwrvm+cedCcQy"}],"_spriteFrame":{"__uuid__":"40zOexKUBCyq5rxbs5ANC4"}}],"_prefab":{"__type__":"cc.PrefabInfo","root":{"__id__":1},"asset":{"__uuid__":"a89G4S7wBEIaT+uuz1UcBz"},"fileId":"b2M+LILmBBjqxdWyq1cg/M"},"_contentSize":{"__type__":"cc.Size","width":47,"height":76},"_trs":{"__type__":"TypedArray","ctor":"Float64Array","array":[103.5,0,0,0,0,0,1,1.7,1.7,1]}},{"__type__":"cc.Node","_name":"card3","_parent":{"__id__":35},"_components":[{"__type__":"cc.Sprite","node":{"__id__":38},"_materials":[{"__uuid__":"ecpdLyjvZBwrvm+cedCcQy"}],"_spriteFrame":{"__uuid__":"40zOexKUBCyq5rxbs5ANC4"}}],"_prefab":{"__type__":"cc.PrefabInfo","root":{"__id__":1},"asset":{"__uuid__":"a89G4S7wBEIaT+uuz1UcBz"},"fileId":"91fmrwYt9GS4/UWBY55b1q"},"_contentSize":{"__type__":"cc.Size","width":47,"height":76},"_trs":{"__type__":"TypedArray","ctor":"Float64Array","array":[183.5,0,0,0,0,0,1,1.7,1.7,1]}},{"__type__":"cc.Node","_name":"card4","_parent":{"__id__":35},"_components":[{"__type__":"cc.Sprite","node":{"__id__":39},"_materials":[{"__uuid__":"ecpdLyjvZBwrvm+cedCcQy"}],"_spriteFrame":{"__uuid__":"40zOexKUBCyq5rxbs5ANC4"}}],"_prefab":{"__type__":"cc.PrefabInfo","root":{"__id__":1},"asset":{"__uuid__":"a89G4S7wBEIaT+uuz1UcBz"},"fileId":"a5+WB/C2tFDbovjznFBRr1"},"_contentSize":{"__type__":"cc.Size","width":47,"height":76},"_trs":{"__type__":"TypedArray","ctor":"Float64Array","array":[263.5,0,0,0,0,0,1,1.7,1.7,1]}},{"__type__":"cc.Node","_name":"card5","_parent":{"__id__":35},"_components":[{"__type__":"cc.Sprite","node":{"__id__":40},"_materials":[{"__uuid__":"ecpdLyjvZBwrvm+cedCcQy"}],"_spriteFrame":{"__uuid__":"40zOexKUBCyq5rxbs5ANC4"}}],"_prefab":{"__type__":"cc.PrefabInfo","root":{"__id__":1},"asset":{"__uuid__":"a89G4S7wBEIaT+uuz1UcBz"},"fileId":"f1b1v4i61HmoZn5MFs1MiV"},"_contentSize":{"__type__":"cc.Size","width":47,"height":76},"_trs":{"__type__":"TypedArray","ctor":"Float64Array","array":[343.5,0,0,0,0,0,1,1.7,1.7,1]}},{"__type__":"cc.Node","_name":"card6","_parent":{"__id__":35},"_components":[{"__type__":"cc.Sprite","node":{"__id__":41},"_materials":[{"__uuid__":"ecpdLyjvZBwrvm+cedCcQy"}],"_spriteFrame":{"__uuid__":"40zOexKUBCyq5rxbs5ANC4"}}],"_prefab":{"__type__":"cc.PrefabInfo","root":{"__id__":1},"asset":{"__uuid__":"a89G4S7wBEIaT+uuz1UcBz"},"fileId":"29jcXNlA1PI6gXuU0DJjWN"},"_contentSize":{"__type__":"cc.Size","width":47,"height":76},"_trs":{"__type__":"TypedArray","ctor":"Float64Array","array":[423.5,0,0,0,0,0,1,1.7,1.7,1]}},{"__type__":"cc.Node","_name":"card7","_parent":{"__id__":35},"_components":[{"__type__":"cc.Sprite","node":{"__id__":42},"_materials":[{"__uuid__":"ecpdLyjvZBwrvm+cedCcQy"}],"_spriteFrame":{"__uuid__":"40zOexKUBCyq5rxbs5ANC4"}}],"_prefab":{"__type__":"cc.PrefabInfo","root":{"__id__":1},"asset":{"__uuid__":"a89G4S7wBEIaT+uuz1UcBz"},"fileId":"a4rjjtOFZA6I5ZjJ/cxyIH"},"_contentSize":{"__type__":"cc.Size","width":47,"height":76},"_trs":{"__type__":"TypedArray","ctor":"Float64Array","array":[503.5,0,0,0,0,0,1,1.7,1.7,1]}},{"__type__":"cc.Node","_name":"card8","_parent":{"__id__":35},"_components":[{"__type__":"cc.Sprite","node":{"__id__":43},"_materials":[{"__uuid__":"ecpdLyjvZBwrvm+cedCcQy"}],"_spriteFrame":{"__uuid__":"40zOexKUBCyq5rxbs5ANC4"}}],"_prefab":{"__type__":"cc.PrefabInfo","root":{"__id__":1},"asset":{"__uuid__":"a89G4S7wBEIaT+uuz1UcBz"},"fileId":"14HOEdpGNNZJuhYZ9CEY+Q"},"_contentSize":{"__type__":"cc.Size","width":47,"height":76},"_trs":{"__type__":"TypedArray","ctor":"Float64Array","array":[583.5,0,0,0,0,0,1,1.7,1.7,1]}},{"__type__":"cc.Node","_name":"card9","_parent":{"__id__":35},"_components":[{"__type__":"cc.Sprite","node":{"__id__":44},"_materials":[{"__uuid__":"ecpdLyjvZBwrvm+cedCcQy"}],"_spriteFrame":{"__uuid__":"40zOexKUBCyq5rxbs5ANC4"}}],"_prefab":{"__type__":"cc.PrefabInfo","root":{"__id__":1},"asset":{"__uuid__":"a89G4S7wBEIaT+uuz1UcBz"},"fileId":"acrmr/8YZOaalqwPNpPVMT"},"_contentSize":{"__type__":"cc.Size","width":47,"height":76},"_trs":{"__type__":"TypedArray","ctor":"Float64Array","array":[663.5,0,0,0,0,0,1,1.7,1.7,1]}},{"__type__":"cc.Node","_name":"card10","_parent":{"__id__":35},"_components":[{"__type__":"cc.Sprite","node":{"__id__":45},"_materials":[{"__uuid__":"ecpdLyjvZBwrvm+cedCcQy"}],"_spriteFrame":{"__uuid__":"40zOexKUBCyq5rxbs5ANC4"}}],"_prefab":{"__type__":"cc.PrefabInfo","root":{"__id__":1},"asset":{"__uuid__":"a89G4S7wBEIaT+uuz1UcBz"},"fileId":"01z2R+OAZJI7elwgiXUDGT"},"_contentSize":{"__type__":"cc.Size","width":47,"height":76},"_trs":{"__type__":"TypedArray","ctor":"Float64Array","array":[743.5,0,0,0,0,0,1,1.7,1.7,1]}},{"__type__":"cc.Node","_name":"other","_parent":{"__id__":1},"_children":[{"__id__":47},{"__id__":48},{"__id__":49},{"__id__":50},{"__id__":51}],"_active":false,"_prefab":{"__type__":"cc.PrefabInfo","root":{"__id__":1},"asset":{"__uuid__":"a89G4S7wBEIaT+uuz1UcBz"},"fileId":"2dsYEQ76ZHQYUGaFupmYJS"},"_trs":{"__type__":"TypedArray","ctor":"Float64Array","array":[0,0,0,0,0,0,1,1,1,1]}},{"__type__":"cc.Node","_name":"hupaiLb","_parent":{"__id__":46},"_components":[{"__type__":"cc.Label","node":{"__id__":47},"_materials":[{"__uuid__":"ecpdLyjvZBwrvm+cedCcQy"}],"_useOriginalSize":false,"_string":"胡牌分:+20","_N$string":"胡牌分:+20","_fontSize":16,"_lineHeight":18,"_N$file":{"__uuid__":"5f5wQekV1CGpJW2meZozWn"},"_isSystemFontUsed":false,"_N$horizontalAlign":1,"_N$verticalAlign":1}],"_prefab":{"__type__":"cc.PrefabInfo","root":{"__id__":1},"asset":{"__uuid__":"a89G4S7wBEIaT+uuz1UcBz"},"fileId":"8fnMDrbulH/67vzVUHkyM9"},"_color":{"__type__":"cc.Color","r":163,"g":61,"b":8},"_contentSize":{"__type__":"cc.Size","width":80.06,"height":22.68},"_anchorPoint":{"__type__":"cc.Vec2","y":0.5},"_trs":{"__type__":"TypedArray","ctor":"Float64Array","array":[430,-35,0,0,0,0,1,1,1,1]}},{"__type__":"cc.Node","_name":"shangjingLb","_parent":{"__id__":46},"_components":[{"__type__":"cc.Label","node":{"__id__":48},"_materials":[{"__uuid__":"ecpdLyjvZBwrvm+cedCcQy"}],"_useOriginalSize":false,"_string":"上精分:+20","_N$string":"上精分:+20","_fontSize":16,"_lineHeight":18,"_N$file":{"__uuid__":"5f5wQekV1CGpJW2meZozWn"},"_isSystemFontUsed":false,"_N$horizontalAlign":1,"_N$verticalAlign":1}],"_prefab":{"__type__":"cc.PrefabInfo","root":{"__id__":1},"asset":{"__uuid__":"a89G4S7wBEIaT+uuz1UcBz"},"fileId":"b1OoqdlHlJEbMpaQKA1IoJ"},"_color":{"__type__":"cc.Color","r":163,"g":61,"b":8},"_contentSize":{"__type__":"cc.Size","width":80.06,"height":22.68},"_anchorPoint":{"__type__":"cc.Vec2","y":0.5},"_trs":{"__type__":"TypedArray","ctor":"Float64Array","array":[430,-60,0,0,0,0,1,1,1,1]}},{"__type__":"cc.Node","_name":"xiajingLb","_parent":{"__id__":46},"_components":[{"__type__":"cc.Label","node":{"__id__":49},"_materials":[{"__uuid__":"ecpdLyjvZBwrvm+cedCcQy"}],"_useOriginalSize":false,"_string":"下精分:+20","_N$string":"下精分:+20","_fontSize":16,"_lineHeight":18,"_N$file":{"__uuid__":"5f5wQekV1CGpJW2meZozWn"},"_isSystemFontUsed":false,"_N$horizontalAlign":1,"_N$verticalAlign":1}],"_prefab":{"__type__":"cc.PrefabInfo","root":{"__id__":1},"asset":{"__uuid__":"a89G4S7wBEIaT+uuz1UcBz"},"fileId":"b5e7OtxSJNXIDhQEOZdfPv"},"_color":{"__type__":"cc.Color","r":163,"g":61,"b":8},"_contentSize":{"__type__":"cc.Size","width":80.06,"height":22.68},"_anchorPoint":{"__type__":"cc.Vec2","y":0.5},"_trs":{"__type__":"TypedArray","ctor":"Float64Array","array":[430,-85,0,0,0,0,1,1,1,1]}},{"__type__":"cc.Node","_name":"chaozhuangLb","_parent":{"__id__":46},"_components":[{"__type__":"cc.Label","node":{"__id__":50},"_materials":[{"__uuid__":"ecpdLyjvZBwrvm+cedCcQy"}],"_useOriginalSize":false,"_string":"抄庄:+20","_N$string":"抄庄:+20","_fontSize":16,"_lineHeight":18,"_N$file":{"__uuid__":"5f5wQekV1CGpJW2meZozWn"},"_isSystemFontUsed":false,"_N$horizontalAlign":1,"_N$verticalAlign":1}],"_prefab":{"__type__":"cc.PrefabInfo","root":{"__id__":1},"asset":{"__uuid__":"a89G4S7wBEIaT+uuz1UcBz"},"fileId":"66utdlrARHVo+hXNwcf8F9"},"_color":{"__type__":"cc.Color","r":163,"g":61,"b":8},"_contentSize":{"__type__":"cc.Size","width":64.06,"height":22.68},"_anchorPoint":{"__type__":"cc.Vec2","y":0.5},"_trs":{"__type__":"TypedArray","ctor":"Float64Array","array":[530,-35,0,0,0,0,1,1,1,1]}},{"__type__":"cc.Node","_name":"gangfenLb","_parent":{"__id__":46},"_components":[{"__type__":"cc.Label","node":{"__id__":51},"_materials":[{"__uuid__":"ecpdLyjvZBwrvm+cedCcQy"}],"_useOriginalSize":false,"_string":"杠分:+20","_N$string":"杠分:+20","_fontSize":16,"_lineHeight":18,"_N$file":{"__uuid__":"5f5wQekV1CGpJW2meZozWn"},"_isSystemFontUsed":false,"_N$horizontalAlign":1,"_N$verticalAlign":1}],"_prefab":{"__type__":"cc.PrefabInfo","root":{"__id__":1},"asset":{"__uuid__":"a89G4S7wBEIaT+uuz1UcBz"},"fileId":"7582BoxWFGO6n1skcM2zXq"},"_color":{"__type__":"cc.Color","r":163,"g":61,"b":8},"_contentSize":{"__type__":"cc.Size","width":64.06,"height":22.68},"_anchorPoint":{"__type__":"cc.Vec2","y":0.5},"_trs":{"__type__":"TypedArray","ctor":"Float64Array","array":[530,-60,0,0,0,0,1,1,1,1]}}],{"__type__":"cc.SpriteFrame","content":{"name":"C1","texture":"a1xv/47lJKDpaXgvwpuTLF","rect":[0,0,164,204],"offset":[0,0],"originalSize":[164,204],"capInsets":[0,0,0,0]}},{"__type__":"cc.SpriteFrame","content":{"name":"morentouxiang","texture":"189664600","rect":[181,652,60,60],"offset":[0,0],"originalSize":[60,60],"capInsets":[0,0,0,0]}}]