[[{"__type__":"cc.Prefab","_name":"poshuiPrefab","data":{"__id__":1}},{"__type__":"cc.Node","_name":"poshuiPrefab","_components":[{"__type__":"cc.Sprite","node":{"__id__":1},"_spriteFrame":{"__uuid__":"lznnc04f-dcaa-47b4-ab9d-dec7ab448cdf"}},{"__type__":"cc.Animation","node":{"__id__":1},"_defaultClip":{"__uuid__":"lznn4f5a-a86d-4d89-bace-352458c3f6d6"},"_clips":[{"__uuid__":"lznn4f5a-a86d-4d89-bace-352458c3f6d6"}]}],"_prefab":{"__type__":"cc.PrefabInfo","root":{"__id__":1},"asset":{"__uuid__":"lznn20b7-abac-46d5-8c03-e28e343baf22"},"fileId":"1bObAinhZMW6F5cp5PPUr5"},"_contentSize":{"__type__":"cc.Size","width":90,"height":94},"_trs":{"__type__":"TypedArray","ctor":"Float64Array","array":[0,0,0,0,0,0,1,1,1,1]},"_zIndex":0}],{"__type__":"cc.SpriteFrame","content":{"name":"ani_ps_tong_01","texture":"lznnbdad-4af8-41bb-a4eb-be300fcedd90","rect":[0,0,90,94],"offset":[0,0],"originalSize":[90,94],"capInsets":[0,0,0,0]}}]