[[{"__type__":"cc.Prefab","_name":"scorePrefab","data":{"__id__":1}},{"__type__":"cc.Node","_name":"scorePrefab","_children":[{"__id__":2},{"__id__":4}],"_prefab":{"__type__":"cc.PrefabInfo","root":{"__id__":1},"asset":{"__uuid__":"d4NI6UZQBBgIRfCQdlukWn"},"fileId":"a6+562p01Ox5Xdr0YSVC5J"},"_trs":{"__type__":"TypedArray","ctor":"Float64Array","array":[0,0,0,0,0,0,1,1,1,1]}},{"__type__":"cc.Node","_name":"score","_parent":{"__id__":1},"_children":[{"__id__":3}],"_active":false,"_components":[{"__type__":"cc.Sprite","node":{"__id__":2},"_materials":[{"__uuid__":"ecpdLyjvZBwrvm+cedCcQy"}],"_spriteFrame":{"__uuid__":"df/gaXv7VCBIp2kZdgLSlm"}}],"_prefab":{"__type__":"cc.PrefabInfo","root":{"__id__":1},"asset":{"__uuid__":"d4NI6UZQBBgIRfCQdlukWn"},"fileId":"bbR21mrnhCwb5dyEjqTn7p"},"_contentSize":{"__type__":"cc.Size","width":89,"height":27},"_trs":{"__type__":"TypedArray","ctor":"Float64Array","array":[0,0,0,0,0,0,1,1,1,1]}},{"__type__":"cc.Node","_name":"label","_parent":{"__id__":2},"_components":[{"__type__":"cc.Label","node":{"__id__":3},"_materials":[{"__uuid__":"ecpdLyjvZBwrvm+cedCcQy"}],"_useOriginalSize":false,"_string":"100","_N$string":"100","_fontSize":20,"_lineHeight":20,"_N$file":{"__uuid__":"lznn373b-ebaf-4e57-9974-1fdd6b1b601d"},"_isSystemFontUsed":false,"_N$horizontalAlign":1,"_N$verticalAlign":1}],"_prefab":{"__type__":"cc.PrefabInfo","root":{"__id__":1},"asset":{"__uuid__":"d4NI6UZQBBgIRfCQdlukWn"},"fileId":"5fmQTiUcVJrZt2Hibb5MeT"},"_contentSize":{"__type__":"cc.Size","width":30.16,"height":25.2},"_trs":{"__type__":"TypedArray","ctor":"Float64Array","array":[10,2,0,0,0,0,1,1,1,1]}},{"__type__":"cc.Node","_name":"other","_parent":{"__id__":1},"_children":[{"__id__":5}],"_active":false,"_prefab":{"__type__":"cc.PrefabInfo","root":{"__id__":1},"asset":{"__uuid__":"d4NI6UZQBBgIRfCQdlukWn"},"fileId":"46fTWvN4VCEKwEPbL19V/5"},"_contentSize":{"__type__":"cc.Size","width":89,"height":27},"_trs":{"__type__":"TypedArray","ctor":"Float64Array","array":[0,0,0,0,0,0,1,1,1,1]}},{"__type__":"cc.Node","_name":"label","_parent":{"__id__":4},"_components":[{"__type__":"cc.Label","node":{"__id__":5},"_materials":[{"__uuid__":"ecpdLyjvZBwrvm+cedCcQy"}],"_useOriginalSize":false,"_fontSize":20,"_lineHeight":20,"_N$file":{"__uuid__":"lznn373b-ebaf-4e57-9974-1fdd6b1b601d"},"_isSystemFontUsed":false,"_N$horizontalAlign":1,"_N$verticalAlign":1}],"_prefab":{"__type__":"cc.PrefabInfo","root":{"__id__":1},"asset":{"__uuid__":"d4NI6UZQBBgIRfCQdlukWn"},"fileId":"51OSjmcZZIbq8ZtPtejZGb"},"_contentSize":{"__type__":"cc.Size","height":25.2},"_trs":{"__type__":"TypedArray","ctor":"Float64Array","array":[10,2,0,0,0,0,1,1,1,1]}}],{"__type__":"cc.SpriteFrame","content":{"name":"bg_stake","texture":"8b5TkUKXFCZJvnS39l1VLM","rect":[0,0,89,27],"offset":[-0.5,0.5],"originalSize":[90,28],"capInsets":[0,0,0,0]}}]