[{"__type__":"cc.SpriteFrame","content":{"name":"ain_star_06","texture":"daed/MW21JU6uXNIxvNoCw","rect":[0,60,1280,447],"offset":[0,1.5],"originalSize":[1280,570],"capInsets":[0,0,0,0]}},{"__type__":"cc.SpriteFrame","content":{"name":"ain_star_04","texture":"40Vf0ghcJD/6EtqhOUCKqL","rect":[0,0,1280,570],"offset":[0,0],"originalSize":[1280,570],"capInsets":[0,0,0,0]}},{"__type__":"cc.SpriteFrame","content":{"name":"ain_star_07","texture":"485U7ybx9DGJwA2SeXLJrm","rect":[10,133,1260,300],"offset":[0,2],"originalSize":[1280,570],"capInsets":[0,0,0,0]}},{"__type__":"cc.SpriteFrame","content":{"name":"ain_star_03","texture":"a54LZ8+YxDtqJ0lbPo7W+d","rect":[0,0,1280,570],"offset":[0,0],"originalSize":[1280,570],"capInsets":[0,0,0,0]}},{"__type__":"cc.AnimationClip","_name":"startAni","_duration":0.7666666666666667,"curveData":{"comps":{"cc.Sprite":{"spriteFrame":[{"frame":0,"value":{"__uuid__":"f1j11lFQFA4LCm4HcM9/SS"}},{"frame":0.13333333333333333,"value":{"__uuid__":"a6ptIhvrpLRqQHn6XoaGZF"}},{"frame":0.25,"value":{"__uuid__":"92a2+uGeZD8ZZKD2pL/AYv"}},{"frame":0.35,"value":{"__uuid__":"58OSx1fdVOnppx4+gDE0vg"}},{"frame":0.45,"value":{"__uuid__":"b8fHs1ckRGIYnjb1C/yYDC"}},{"frame":0.55,"value":{"__uuid__":"21ZdXJKhFDlZOG3Z1izua8"}},{"frame":0.65,"value":{"__uuid__":"8froXCp8lEBZeznU2wNyR+"}},{"frame":0.75,"value":{"__uuid__":"d7ZUwa6/ZPe4wIJ96uhytk"}}]}}}},{"__type__":"cc.SpriteFrame","content":{"name":"ain_star_02","texture":"f7mllFmo9NM4dnM/lW9s6S","rect":[10,133,1260,300],"offset":[0,2],"originalSize":[1280,570],"capInsets":[0,0,0,0]}},{"__type__":"cc.SpriteFrame","content":{"name":"ain_star_05","texture":"4eewQfdm5OC45SafgIupt/","rect":[0,70,1280,413],"offset":[0,8.5],"originalSize":[1280,570],"capInsets":[0,0,0,0]}},{"__type__":"cc.SpriteFrame","content":{"name":"ain_star_08","texture":"e2Dlshd4RPtp5N2PmdKVE6","rect":[0,143,1280,280],"offset":[0,2],"originalSize":[1280,570],"capInsets":[0,0,0,0]}},{"__type__":"cc.SpriteFrame","content":{"name":"ain_star_01","texture":"6ek5wz2LlAhrohmlsXXlE+","rect":[0,143,1280,280],"offset":[0,2],"originalSize":[1280,570],"capInsets":[0,0,0,0]}}]