[{"__type__":"cc.SpriteFrame","content":{"name":"icon_electricity_0","texture":"09gQOTA49BDJ37shartLjB","rect":[1,0,47,21],"offset":[0.5,0.5],"originalSize":[48,22],"capInsets":[0,0,0,0]}},{"__type__":"cc.SpriteFrame","content":{"name":"icon_signal_0","texture":"dd8KmeVYNNga/bmVeieSdA","rect":[0,0,47,16],"offset":[0,0],"originalSize":[47,16],"capInsets":[0,0,0,0]}},{"__type__":"cc.SpriteFrame","content":{"name":"icon_electricity_4","texture":"63AEv7DX1PIoVPfDDqJfuU","rect":[0,0,47,21],"offset":[0,0],"originalSize":[47,21],"capInsets":[0,0,0,0]}},{"__type__":"cc.SpriteFrame","content":{"name":"icon_signal_2","texture":"47ZtjXgE1Ajro1IoyDuxb2","rect":[1,9,14,7],"offset":[-15.5,-4.5],"originalSize":[47,16],"capInsets":[0,0,0,0]}},{"__type__":"cc.SpriteFrame","content":{"name":"btn_gps","texture":"79NOMfTZVJaYP5bHwAxSNw","rect":[0,0,100,100],"offset":[0,0],"originalSize":[100,100],"capInsets":[0,0,0,0]}},{"__type__":"cc.SpriteFrame","content":{"name":"icon_electricity_5","texture":"afaAQ6uDNIq71xHKeMbBwA","rect":[1,0,47,21],"offset":[0.5,0.5],"originalSize":[48,22],"capInsets":[0,0,0,0]}},{"__type__":"cc.SpriteFrame","content":{"name":"icon_signal_3","texture":"68c4MCF79Fpq9krzp+9EJz","rect":[1,6,22,10],"offset":[-11.5,-3],"originalSize":[47,16],"capInsets":[0,0,0,0]}},{"__type__":"cc.SpriteFrame","content":{"name":"icon_electricity_1","texture":"c9hWNuwERHFb6RWLiY6fvt","rect":[0,0,47,21],"offset":[0,0],"originalSize":[47,21],"capInsets":[0,0,0,0]}},{"__type__":"cc.SpriteFrame","content":{"name":"icon_electricity_2","texture":"d8TzIlBUtNZ4JDkCm1IfL8","rect":[0,0,47,21],"offset":[0,0],"originalSize":[47,21],"capInsets":[0,0,0,0]}},{"__type__":"cc.SpriteFrame","content":{"name":"btn_help","texture":"1b1S3ba/tNHZi+QEAa56ZD","rect":[0,0,100,100],"offset":[0,0],"originalSize":[100,100],"capInsets":[0,0,0,0]}},{"__type__":"cc.SpriteFrame","content":{"name":"icon_signal_1","texture":"0a+zOqX2xGQJUVGpYxD9W2","rect":[1,12,6,4],"offset":[-19.5,-6],"originalSize":[47,16],"capInsets":[0,0,0,0]}},{"__type__":"cc.SpriteFrame","content":{"name":"icon_signal_4","texture":"5aEAaUDxZFQLfDVyj4DNt0","rect":[1,3,30,13],"offset":[-7.5,-1.5],"originalSize":[47,16],"capInsets":[0,0,0,0]}},{"__type__":"cc.SpriteFrame","content":{"name":"icon_charging","texture":"afYxIHIrNDPK6IGXh3/TgK","rect":[0,0,47,21],"offset":[-0.5,0.5],"originalSize":[48,22],"capInsets":[0,0,0,0]}},{"__type__":"cc.SpriteFrame","content":{"name":"btn_sx","texture":"69mPoKvepLV7iwxEL8eP9D","rect":[0,0,58,58],"offset":[0,0],"originalSize":[58,58],"capInsets":[0,0,0,0]}},{"__type__":"cc.SpriteFrame","content":{"name":"icon_electricity_3","texture":"7bgIKEdqFMKrDF69UBrb/G","rect":[0,0,47,21],"offset":[0,0],"originalSize":[47,21],"capInsets":[0,0,0,0]}},{"__type__":"cc.SpriteFrame","content":{"name":"icon_signal_5","texture":"30HvUfYixGmpGnFVPAMhWM","rect":[1,0,38,16],"offset":[-3.5,0],"originalSize":[47,16],"capInsets":[0,0,0,0]}},[{"__type__":"cc.Prefab","_name":"nn_UIMark","data":{"__id__":1}},{"__type__":"cc.Node","_name":"nn_UIMark","_children":[{"__id__":2},{"__id__":3},{"__id__":4},{"__id__":5},{"__id__":6},{"__id__":7},{"__id__":8}],"_components":[{"__type__":"cc.Widget","node":{"__id__":1},"alignMode":0,"_alignFlags":33,"_right":-19.5,"_top":50},{"__type__":"73f0c4PNAlAopDIWj3ORvUq","node":{"__id__":1},"ZorderLv":7,"bg_charging":{"__uuid__":"d2gd3vzFtFyZDcRhH5P76K"},"bg_electricity_0":{"__uuid__":"12y39lLydEm7kd7/3dbGLS"},"bg_electricity_1":{"__uuid__":"9fzSDk2rpOJ5xfFpo++Snx"},"bg_electricity_2":{"__uuid__":"a56YKlnUVPiKiUG2d+UvbK"},"bg_electricity_3":{"__uuid__":"d57hPo0KpPXoKyDBOZTX/8"},"bg_electricity_4":{"__uuid__":"33IFmlPDNCFKwzAOJOTDZk"},"bg_electricity_5":{"__uuid__":"8bbaNbmGJEDpEdhpUWMGYO"},"icon_signal_0":{"__uuid__":"25hqdBkP9AubZ3nEjziSYQ"},"icon_signal_1":{"__uuid__":"b9tRcPI5xCfJXsYCsxdGAP"},"icon_signal_2":{"__uuid__":"5cezSa+JBPNK0EpPjjy70o"},"icon_signal_3":{"__uuid__":"9e9H0iH+xB1bL4/b9SitoV"},"icon_signal_4":{"__uuid__":"c0lflq9hJPGoQzhqrjCD/N"},"icon_signal_5":{"__uuid__":"e01mH+aklPE6njeoy+l9+q"}}],"_prefab":{"__type__":"cc.PrefabInfo","root":{"__id__":1},"asset":{"__uuid__":"e8uiCEIY5MTbjdgc8QGq+X"},"fileId":"c5TyxNjglPVZZmUXrZs257"},"_contentSize":{"__type__":"cc.Size","width":199,"height":83},"_trs":{"__type__":"TypedArray","ctor":"Float64Array","array":[1280,668.5,0,0,0,0,1,1,1,1]}},{"__type__":"cc.Node","_name":"bg_power","_parent":{"__id__":1},"_components":[{"__type__":"cc.Sprite","node":{"__id__":2}}],"_prefab":{"__type__":"cc.PrefabInfo","root":{"__id__":1},"asset":{"__uuid__":"e8uiCEIY5MTbjdgc8QGq+X"},"fileId":"2bwoTdV+REva0TVtQ1tZv2"},"_contentSize":{"__type__":"cc.Size","width":47,"height":21},"_trs":{"__type__":"TypedArray","ctor":"Float64Array","array":[47,70,0,0,0,0,1,1,1,1]}},{"__type__":"cc.Node","_name":"lb_power","_parent":{"__id__":1},"_components":[{"__type__":"cc.Label","node":{"__id__":3},"_materials":[{"__uuid__":"ecpdLyjvZBwrvm+cedCcQy"}],"_useOriginalSize":false,"_fontSize":20,"_lineHeight":29,"_N$file":{"__uuid__":"lznn373b-ebaf-4e57-9974-1fdd6b1b601d"},"_isSystemFontUsed":false,"_N$horizontalAlign":1,"_N$verticalAlign":1}],"_prefab":{"__type__":"cc.PrefabInfo","root":{"__id__":1},"asset":{"__uuid__":"e8uiCEIY5MTbjdgc8QGq+X"},"fileId":"bcqPhUK1JGiZuwFx+VOiNi"},"_contentSize":{"__type__":"cc.Size","height":36.54},"_trs":{"__type__":"TypedArray","ctor":"Float64Array","array":[0,70,0,0,0,0,1,1,1,1]}},{"__type__":"cc.Node","_name":"btn_duiju","_parent":{"__id__":1},"_components":[{"__type__":"cc.Sprite","node":{"__id__":4},"_materials":[{"__uuid__":"ecpdLyjvZBwrvm+cedCcQy"}],"_spriteFrame":{"__uuid__":"e86T9clYJLLbDIJJbKTIMR"}},{"__type__":"cc.Button","node":{"__id__":4},"_normalMaterial":{"__uuid__":"ecpdLyjvZBwrvm+cedCcQy"},"zoomScale":0.9,"clickEvents":[{"__type__":"cc.ClickEvent","target":{"__id__":1},"_componentId":"73f0c4PNAlAopDIWj3ORvUq","handler":"OnClick_BtnWnd"}],"_N$transition":3,"transition":3,"_N$target":{"__id__":4}}],"_prefab":{"__type__":"cc.PrefabInfo","root":{"__id__":1},"asset":{"__uuid__":"e8uiCEIY5MTbjdgc8QGq+X"},"fileId":"464e3GWahHT6pPp5sctSu7"},"_contentSize":{"__type__":"cc.Size","width":100,"height":100},"_trs":{"__type__":"TypedArray","ctor":"Float64Array","array":[-59,6,0,0,0,0,1,1,1,1]}},{"__type__":"cc.Node","_name":"btn_shuaxin","_parent":{"__id__":1},"_components":[{"__type__":"cc.Sprite","node":{"__id__":5},"_materials":[{"__uuid__":"ecpdLyjvZBwrvm+cedCcQy"}],"_spriteFrame":{"__uuid__":"d52jIpZzZBG68bzug5dHe6"},"_sizeMode":2},{"__type__":"cc.Button","node":{"__id__":5},"_normalMaterial":{"__uuid__":"ecpdLyjvZBwrvm+cedCcQy"},"zoomScale":0.9,"clickEvents":[{"__type__":"cc.ClickEvent","target":{"__id__":1},"_componentId":"73f0c4PNAlAopDIWj3ORvUq","handler":"OnClick_BtnWnd"}],"_N$transition":3,"transition":3,"_N$target":{"__id__":5}}],"_prefab":{"__type__":"cc.PrefabInfo","root":{"__id__":1},"asset":{"__uuid__":"e8uiCEIY5MTbjdgc8QGq+X"},"fileId":"5b6psOA9ZNFpYZh9WpigXO"},"_contentSize":{"__type__":"cc.Size","width":58,"height":58},"_trs":{"__type__":"TypedArray","ctor":"Float64Array","array":[32.062,11.399,0,0,0,0,1,1,1,1]}},{"__type__":"cc.Node","_name":"btn_gps","_parent":{"__id__":1},"_active":false,"_components":[{"__type__":"cc.Sprite","node":{"__id__":6},"_materials":[{"__uuid__":"ecpdLyjvZBwrvm+cedCcQy"}],"_spriteFrame":{"__uuid__":"5crnEFYAhOXIYIPJU/w4vB"}},{"__type__":"cc.Button","node":{"__id__":6},"_normalMaterial":{"__uuid__":"ecpdLyjvZBwrvm+cedCcQy"},"zoomScale":0.9,"clickEvents":[{"__type__":"cc.ClickEvent","target":{"__id__":1},"_componentId":"73f0c4PNAlAopDIWj3ORvUq","handler":"OnClick_BtnWnd"}],"_N$transition":3,"transition":3,"_N$target":{"__id__":6}}],"_prefab":{"__type__":"cc.PrefabInfo","root":{"__id__":1},"asset":{"__uuid__":"e8uiCEIY5MTbjdgc8QGq+X"},"fileId":"5bqWlAxtJMaJSzSTEDk0lv"},"_contentSize":{"__type__":"cc.Size","width":100,"height":100},"_trs":{"__type__":"TypedArray","ctor":"Float64Array","array":[42,-83,0,0,0,0,1,1,1,1]}},{"__type__":"cc.Node","_name":"btn_help","_parent":{"__id__":1},"_active":false,"_components":[{"__type__":"cc.Sprite","node":{"__id__":7},"_materials":[{"__uuid__":"ecpdLyjvZBwrvm+cedCcQy"}],"_spriteFrame":{"__uuid__":"afJ7uAeCFCaqVSusyNGsY0"}},{"__type__":"cc.Button","node":{"__id__":7},"_normalMaterial":{"__uuid__":"ecpdLyjvZBwrvm+cedCcQy"},"zoomScale":0.9,"clickEvents":[{"__type__":"cc.ClickEvent","target":{"__id__":1},"_componentId":"73f0c4PNAlAopDIWj3ORvUq","handler":"OnClick_BtnWnd"}],"_N$transition":3,"transition":3,"_N$target":{"__id__":7}}],"_prefab":{"__type__":"cc.PrefabInfo","root":{"__id__":1},"asset":{"__uuid__":"e8uiCEIY5MTbjdgc8QGq+X"},"fileId":"d5xyjAPcxBOqYINBPqt1QH"},"_contentSize":{"__type__":"cc.Size","width":100,"height":100},"_trs":{"__type__":"TypedArray","ctor":"Float64Array","array":[42,6,0,0,0,0,1,1,1,1]}},{"__type__":"cc.Node","_name":"signal","_parent":{"__id__":1},"_children":[{"__id__":9},{"__id__":10}],"_prefab":{"__type__":"cc.PrefabInfo","root":{"__id__":1},"asset":{"__uuid__":"e8uiCEIY5MTbjdgc8QGq+X"},"fileId":"cdjvjccWVDvIcioVCFn2I7"},"_trs":{"__type__":"TypedArray","ctor":"Float64Array","array":[-56,70,0,0,0,0,1,1,1,1]}},{"__type__":"cc.Node","_name":"bg_signal","_parent":{"__id__":8},"_components":[{"__type__":"cc.Sprite","node":{"__id__":9},"_materials":[{"__uuid__":"ecpdLyjvZBwrvm+cedCcQy"}],"_spriteFrame":{"__uuid__":"e01mH+aklPE6njeoy+l9+q"}}],"_prefab":{"__type__":"cc.PrefabInfo","root":{"__id__":1},"asset":{"__uuid__":"e8uiCEIY5MTbjdgc8QGq+X"},"fileId":"d2ruVcbO9KZJkRsPDR3p5K"},"_contentSize":{"__type__":"cc.Size","width":38,"height":16},"_trs":{"__type__":"TypedArray","ctor":"Float64Array","array":[-41.4,0,0,0,0,0,1,1,1,1]}},{"__type__":"cc.Node","_name":"lb_signal","_parent":{"__id__":8},"_components":[{"__type__":"cc.Label","node":{"__id__":10},"_materials":[{"__uuid__":"ecpdLyjvZBwrvm+cedCcQy"}],"_useOriginalSize":false,"_string":"100ms","_N$string":"100ms","_fontSize":15,"_lineHeight":15,"_N$file":{"__uuid__":"lznn373b-ebaf-4e57-9974-1fdd6b1b601d"},"_isSystemFontUsed":false,"_N$verticalAlign":1,"_N$overflow":2}],"_prefab":{"__type__":"cc.PrefabInfo","root":{"__id__":1},"asset":{"__uuid__":"e8uiCEIY5MTbjdgc8QGq+X"},"fileId":"09Z0a8rSRBG41cMKcUfn4m"},"_color":{"__type__":"cc.Color","r":234,"g":49,"b":60},"_contentSize":{"__type__":"cc.Size","width":41.78,"height":18.9},"_trs":{"__type__":"TypedArray","ctor":"Float64Array","array":[0,0,0,0,0,0,1,1,1,1]}}],{"__type__":"cc.SpriteFrame","content":{"name":"btn_record","texture":"826TyEUIVG+Ihcrnr5BJI5","rect":[0,0,100,100],"offset":[0,0],"originalSize":[100,100],"capInsets":[0,0,0,0]}}]