[{"__type__":"cc.SpriteFrame","content":{"name":"ani_ytl_11","texture":"typdk6a3-7d70-4ec8-98bc-505553f45109","rect":[3,41,1022,291],"offset":[0,-20.5],"originalSize":[1028,332],"capInsets":[0,0,0,0]}},{"__type__":"cc.SpriteFrame","content":{"name":"ani_ytl_07","texture":"typdk054-73f2-4e95-867c-8f01bd324589","rect":[4,32,1021,300],"offset":[0.5,-16],"originalSize":[1028,332],"capInsets":[0,0,0,0]}},{"__type__":"cc.SpriteFrame","content":{"name":"ani_ytl_06","texture":"typdk89e-5a8c-4b6a-a3fc-977415dff602","rect":[4,41,1021,291],"offset":[0.5,-20.5],"originalSize":[1028,332],"capInsets":[0,0,0,0]}},{"__type__":"cc.SpriteFrame","content":{"name":"ani_ytl_08","texture":"typdkc30-31f5-48b3-b4ff-aa65866f3724","rect":[4,8,1021,324],"offset":[0.5,-4],"originalSize":[1028,332],"capInsets":[0,0,0,0]}},{"__type__":"cc.SpriteFrame","content":{"name":"ani_ytl_02","texture":"typdkf7f-e9f6-44d1-9c0c-2776d4eafbe0","rect":[267,147,496,141],"offset":[1,-51.5],"originalSize":[1028,332],"capInsets":[0,0,0,0]}},{"__type__":"cc.AnimationClip","_name":"dragon","_duration":0.9333333333333333,"curveData":{"comps":{"cc.Sprite":{"spriteFrame":[{"frame":0,"value":{"__uuid__":"typdkee9-ab74-4daa-85b2-a9935ff6dc91"}},{"frame":0.08333333333333333,"value":{"__uuid__":"typdkace-6ec9-4564-bc86-c72d37afbd2a"}},{"frame":0.16666666666666666,"value":{"__uuid__":"typdkf7b-7c40-4b3e-a3f5-29a285cc3bac"}},{"frame":0.25,"value":{"__uuid__":"typdkff6-12c9-41c3-8f42-373906dcadea"}},{"frame":0.3333333333333333,"value":{"__uuid__":"typdkc88-cde3-4bdd-95ea-9c30dcebe32d"}},{"frame":0.4166666666666667,"value":{"__uuid__":"typdk6f7-7bfe-490a-b144-12c09a40b5e4"}},{"frame":0.5,"value":{"__uuid__":"typdk3f0-9e74-48e3-b9b8-6e4a63dc2815"}},{"frame":0.5833333333333334,"value":{"__uuid__":"typdkaa2-b61d-40ad-ad7d-db92da092c20"}},{"frame":0.6666666666666666,"value":{"__uuid__":"typdkf43-0aa5-4d92-942b-d17d24bfaed0"}},{"frame":0.75,"value":{"__uuid__":"typdkd37-ee4b-4db3-9c46-63624197d266"}},{"frame":0.8333333333333334,"value":{"__uuid__":"typdk1e2-1c8b-4a4f-88bf-2ee01cc7d91e"}},{"frame":0.9166666666666666,"value":{"__uuid__":"typdkbfb-3479-451c-a7ca-46de0936f39b"}}]}}}},{"__type__":"cc.SpriteFrame","content":{"name":"ani_ytl_12","texture":"typdkf08-61e3-466d-9289-0f6d7673e643","rect":[4,41,1021,291],"offset":[0.5,-20.5],"originalSize":[1028,332],"capInsets":[0,0,0,0]}},{"__type__":"cc.SpriteFrame","content":{"name":"ani_ytl_05","texture":"typdk7f3-4152-4bbb-b3cd-5169f87e0d74","rect":[4,78,1020,254],"offset":[0,-39],"originalSize":[1028,332],"capInsets":[0,0,0,0]}},{"__type__":"cc.SpriteFrame","content":{"name":"ani_ytl_10","texture":"typdkd5c-ffb1-4f90-9018-23cd30b9c0b4","rect":[0,41,1028,291],"offset":[0,-20.5],"originalSize":[1028,332],"capInsets":[0,0,0,0]}},{"__type__":"cc.SpriteFrame","content":{"name":"ani_ytl_01","texture":"typdkeea-9a14-45de-a7d9-27d86d3c2823","rect":[393,207,244,55],"offset":[1,-68.5],"originalSize":[1028,332],"capInsets":[0,0,0,0]}},{"__type__":"cc.SpriteFrame","content":{"name":"ani_ytl_09","texture":"typdk38a-fdf0-441c-890d-eebabd3bb486","rect":[3,0,1022,332],"offset":[0,0],"originalSize":[1028,332],"capInsets":[0,0,0,0]}},{"__type__":"cc.SpriteFrame","content":{"name":"ani_ytl_03","texture":"typdk489-fc6d-4ef1-8feb-ab63dcbd540c","rect":[133,124,763,196],"offset":[0.5,-56],"originalSize":[1028,332],"capInsets":[0,0,0,0]}},{"__type__":"cc.SpriteFrame","content":{"name":"ani_ytl_04","texture":"typdkd4b-5e5c-4df5-8687-0bf7d9c94b4f","rect":[11,109,1007,223],"offset":[0.5,-54.5],"originalSize":[1028,332],"capInsets":[0,0,0,0]}}]