[{"__type__":"cc.SpriteFrame","content":{"name":"ani_wen_02","texture":"typdkbad-5729-45ec-accb-2b627000f7f8","rect":[7,0,95,58],"offset":[3.5,10],"originalSize":[102,78],"capInsets":[0,0,0,0]}},{"__type__":"cc.AnimationClip","_name":"xianwenAni","_duration":0.11666666666666667,"speed":0.1,"curveData":{"comps":{"cc.Sprite":{"spriteFrame":[{"frame":0,"value":{"__uuid__":"typdk47e-5da2-443f-be8e-21db740321c1"}},{"frame":0.016666666666666666,"value":{"__uuid__":"typdk122-ec96-4b3c-bf10-1dd3689b3be3"}},{"frame":0.03333333333333333,"value":{"__uuid__":"typdk574-1820-4bdd-930d-d651f082229c"}},{"frame":0.05,"value":{"__uuid__":"typdkdaf-2f42-44d5-b4fc-39281c0509e6"}},{"frame":0.06666666666666667,"value":{"__uuid__":"typdkc39-aa24-46d4-aa02-f8cbe5877ef5"}},{"frame":0.08333333333333333,"value":{"__uuid__":"typdk1f2-ae6c-4fb8-8518-da4b15ee0e7c"}},{"frame":0.1,"value":{"__uuid__":"typdk40a-b9dd-4c79-b46a-355ef5ccf53b"}}]}}}},{"__type__":"cc.SpriteFrame","content":{"name":"ani_wen_06","texture":"typdka2c-11b9-45b7-bc52-20ea6c9cd3ee","rect":[3,0,184,154],"offset":[1,1],"originalSize":[188,156],"capInsets":[0,0,0,0]}},{"__type__":"cc.SpriteFrame","content":{"name":"ani_wen_07","texture":"typdk0f6-9b0b-4f29-a458-fa0c2ccfc039","rect":[2,0,185,158],"offset":[0.5,1],"originalSize":[188,160],"capInsets":[0,0,0,0]}},{"__type__":"cc.SpriteFrame","content":{"name":"ani_wen_01","texture":"typdkf69-b151-4fe9-84af-4d502203901f","rect":[0,0,115,54],"offset":[-4,11],"originalSize":[123,76],"capInsets":[0,0,0,0]}},{"__type__":"cc.SpriteFrame","content":{"name":"ani_wen_03","texture":"typdk2cc-2551-46af-8c49-d799d49724b3","rect":[0,0,75,58],"offset":[0,0],"originalSize":[75,58],"capInsets":[0,0,0,0]}},{"__type__":"cc.SpriteFrame","content":{"name":"ani_wen_05","texture":"typdk2df-48a9-4489-83b5-a7ec0a4b8405","rect":[2,1,87,88],"offset":[-0.5,0.5],"originalSize":[92,91],"capInsets":[0,0,0,0]}},{"__type__":"cc.SpriteFrame","content":{"name":"ani_wen_04","texture":"typdk28b-82d8-4cea-947f-ffc3d325c48a","rect":[0,0,69,60],"offset":[0,9.5],"originalSize":[69,79],"capInsets":[0,0,0,0]}}]