[[{"__type__":"cc.Prefab","_name":"pdk_XiuXresultPrefab01","data":{"__id__":1}},{"__type__":"cc.Node","_name":"pdk_XiuXresultPrefab01","_children":[{"__id__":2},{"__id__":8},{"__id__":15},{"__id__":16},{"__id__":17},{"__id__":18},{"__id__":19},{"__id__":20},{"__id__":21},{"__id__":22}],"_components":[{"__type__":"cc.Sprite","node":{"__id__":1},"_materials":[{"__uuid__":"ecpdLyjvZBwrvm+cedCcQy"}],"_spriteFrame":{"__uuid__":"8apcn9it1Odq9L4FBbx2lk"},"_sizeMode":0,"_isTrimmedMode":false}],"_prefab":{"__type__":"cc.PrefabInfo","root":{"__id__":1},"asset":{"__uuid__":"15XtqoR7dEeZwurBak05/v"},"fileId":"bapDNhw5FBX4Fi7LzULUoZ"},"_contentSize":{"__type__":"cc.Size","width":309,"height":465},"_trs":{"__type__":"TypedArray","ctor":"Float64Array","array":[0,0,0,0,0,0,1,1,1,1]}},{"__type__":"cc.Node","_name":"topTitle","_parent":{"__id__":1},"_children":[{"__id__":3},{"__id__":4},{"__id__":5},{"__id__":6},{"__id__":7}],"_prefab":{"__type__":"cc.PrefabInfo","root":{"__id__":1},"asset":{"__uuid__":"15XtqoR7dEeZwurBak05/v"},"fileId":"c7qaMffhBM2pYmhjN8pYjF"},"_trs":{"__type__":"TypedArray","ctor":"Float64Array","array":[0,-5,0,0,0,0,1,1,1,1]}},{"__type__":"cc.Node","_name":"sheng","_parent":{"__id__":2},"_active":false,"_components":[{"__type__":"cc.Label","node":{"__id__":3},"_materials":[{"__uuid__":"ecpdLyjvZBwrvm+cedCcQy"}],"_useOriginalSize":false,"_string":"胜","_N$string":"胜","_fontSize":26,"_N$file":{"__uuid__":"typdk345-cbe0-4203-a8ca-8141b2e63f4f"},"_isSystemFontUsed":false,"_N$horizontalAlign":1,"_N$verticalAlign":1}],"_prefab":{"__type__":"cc.PrefabInfo","root":{"__id__":1},"asset":{"__uuid__":"15XtqoR7dEeZwurBak05/v"},"fileId":"acQNMAId9POJKuMJDFLTx3"},"_color":{"__type__":"cc.Color","r":92,"g":129,"b":61},"_contentSize":{"__type__":"cc.Size","width":26,"height":50.4},"_trs":{"__type__":"TypedArray","ctor":"Float64Array","array":[-238,58,0,0,0,0,1,1,1,1]}},{"__type__":"cc.Node","_name":"fu","_parent":{"__id__":2},"_active":false,"_components":[{"__type__":"cc.Label","node":{"__id__":4},"_materials":[{"__uuid__":"ecpdLyjvZBwrvm+cedCcQy"}],"_useOriginalSize":false,"_string":"负","_N$string":"负","_fontSize":26,"_N$file":{"__uuid__":"typdk345-cbe0-4203-a8ca-8141b2e63f4f"},"_isSystemFontUsed":false,"_N$horizontalAlign":1,"_N$verticalAlign":1}],"_prefab":{"__type__":"cc.PrefabInfo","root":{"__id__":1},"asset":{"__uuid__":"15XtqoR7dEeZwurBak05/v"},"fileId":"b8ag6ctfdHzqp9v8DVSOc9"},"_color":{"__type__":"cc.Color","r":92,"g":129,"b":61},"_contentSize":{"__type__":"cc.Size","width":26,"height":50.4},"_trs":{"__type__":"TypedArray","ctor":"Float64Array","array":[-88,58,0,0,0,0,1,1,1,1]}},{"__type__":"cc.Node","_name":"ping ","_parent":{"__id__":2},"_active":false,"_components":[{"__type__":"cc.Label","node":{"__id__":5},"_materials":[{"__uuid__":"ecpdLyjvZBwrvm+cedCcQy"}],"_useOriginalSize":false,"_string":"平","_N$string":"平","_fontSize":26,"_N$file":{"__uuid__":"typdk345-cbe0-4203-a8ca-8141b2e63f4f"},"_isSystemFontUsed":false,"_N$horizontalAlign":1,"_N$verticalAlign":1}],"_prefab":{"__type__":"cc.PrefabInfo","root":{"__id__":1},"asset":{"__uuid__":"15XtqoR7dEeZwurBak05/v"},"fileId":"0c1T6N9MxAg6j1wh33IVDu"},"_color":{"__type__":"cc.Color","r":92,"g":129,"b":61},"_contentSize":{"__type__":"cc.Size","width":26,"height":50.4},"_trs":{"__type__":"TypedArray","ctor":"Float64Array","array":[71,58,0,0,0,0,1,1,1,1]}},{"__type__":"cc.Node","_name":"total","_parent":{"__id__":2},"_active":false,"_components":[{"__type__":"cc.Label","node":{"__id__":6},"_materials":[{"__uuid__":"ecpdLyjvZBwrvm+cedCcQy"}],"_useOriginalSize":false,"_string":"总分数","_N$string":"总分数","_fontSize":26,"_N$file":{"__uuid__":"typdk345-cbe0-4203-a8ca-8141b2e63f4f"},"_isSystemFontUsed":false,"_N$horizontalAlign":1,"_N$verticalAlign":1}],"_prefab":{"__type__":"cc.PrefabInfo","root":{"__id__":1},"asset":{"__uuid__":"15XtqoR7dEeZwurBak05/v"},"fileId":"d4+MLzTjRCf4zVyEzvi4Yb"},"_color":{"__type__":"cc.Color","r":92,"g":129,"b":61},"_contentSize":{"__type__":"cc.Size","width":78,"height":50.4},"_trs":{"__type__":"TypedArray","ctor":"Float64Array","array":[243,58,0,0,0,0,1,1,1,1]}},{"__type__":"cc.Node","_name":"sportsPoint","_parent":{"__id__":2},"_active":false,"_components":[{"__type__":"cc.Label","node":{"__id__":7},"_materials":[{"__uuid__":"ecpdLyjvZBwrvm+cedCcQy"}],"_useOriginalSize":false,"_string":"比赛分:","_N$string":"比赛分:","_fontSize":22,"_lineHeight":25,"_N$file":{"__uuid__":"typdk345-cbe0-4203-a8ca-8141b2e63f4f"},"_isSystemFontUsed":false,"_N$horizontalAlign":1,"_N$verticalAlign":1},{"__type__":"cc.LabelOutline","node":{"__id__":7},"_color":{"__type__":"cc.Color","r":144,"g":96,"b":43},"_width":2}],"_prefab":{"__type__":"cc.PrefabInfo","root":{"__id__":1},"asset":{"__uuid__":"15XtqoR7dEeZwurBak05/v"},"fileId":"96cbIItqRFDYhySnCUHOWb"},"_contentSize":{"__type__":"cc.Size","width":75.84,"height":35.5},"_trs":{"__type__":"TypedArray","ctor":"Float64Array","array":[-38.474,-172.343,0,0,0,0,1,1,1,1]}},{"__type__":"cc.Node","_name":"user_info","_parent":{"__id__":1},"_children":[{"__id__":9},{"__id__":10},{"__id__":11},{"__id__":12},{"__id__":13},{"__id__":14}],"_prefab":{"__type__":"cc.PrefabInfo","root":{"__id__":1},"asset":{"__uuid__":"15XtqoR7dEeZwurBak05/v"},"fileId":"45v4Ns37ZI/rHouKXh4E1i"},"_trs":{"__type__":"TypedArray","ctor":"Float64Array","array":[0,127.853,0,0,0,0,1,1,1,1]}},{"__type__":"cc.Node","_name":"head_img","_parent":{"__id__":8},"_components":[{"__type__":"cc.Sprite","node":{"__id__":9},"_materials":[{"__uuid__":"ecpdLyjvZBwrvm+cedCcQy"}],"_spriteFrame":{"__uuid__":"typdkbd4-6d8e-4361-aae8-91caca6f2355"},"_sizeMode":0,"_isTrimmedMode":false},{"__type__":"typdk551-cdf7-4ff7-b9d1-ff119733cfed","node":{"__id__":9}}],"_prefab":{"__type__":"cc.PrefabInfo","root":{"__id__":1},"asset":{"__uuid__":"15XtqoR7dEeZwurBak05/v"},"fileId":"fdUM4ChTpJv6dZKA8oipQe"},"_contentSize":{"__type__":"cc.Size","width":102,"height":102},"_trs":{"__type__":"TypedArray","ctor":"Float64Array","array":[-65,40,0,0,0,0,1,1,1,1]}},{"__type__":"cc.Node","_name":"img_tx","_parent":{"__id__":8},"_components":[{"__type__":"cc.Sprite","node":{"__id__":10},"_materials":[{"__uuid__":"ecpdLyjvZBwrvm+cedCcQy"}],"_spriteFrame":{"__uuid__":"4bGxaYoF1BPYOFm3uLmfAp"}}],"_prefab":{"__type__":"cc.PrefabInfo","root":{"__id__":1},"asset":{"__uuid__":"15XtqoR7dEeZwurBak05/v"},"fileId":"48bSF+OYtOsq8PC6MqGzNl"},"_contentSize":{"__type__":"cc.Size","width":109,"height":108},"_trs":{"__type__":"TypedArray","ctor":"Float64Array","array":[-65,40,0,0,0,0,1,1,1,1]}},{"__type__":"cc.Node","_name":"lable_name","_parent":{"__id__":8},"_components":[{"__type__":"cc.Label","node":{"__id__":11},"_materials":[{"__uuid__":"ecpdLyjvZBwrvm+cedCcQy"}],"_useOriginalSize":false,"_string":"丸子科丸丸","_N$string":"丸子科丸丸","_fontSize":25,"_lineHeight":26,"_N$file":{"__uuid__":"typdk345-cbe0-4203-a8ca-8141b2e63f4f"},"_isSystemFontUsed":false,"_N$horizontalAlign":1,"_N$verticalAlign":1,"_N$overflow":2}],"_prefab":{"__type__":"cc.PrefabInfo","root":{"__id__":1},"asset":{"__uuid__":"15XtqoR7dEeZwurBak05/v"},"fileId":"0ca4z10s1L1agI+NLBdPx2"},"_color":{"__type__":"cc.Color","r":106,"g":76,"b":38},"_contentSize":{"__type__":"cc.Size","width":125,"height":32.76},"_anchorPoint":{"__type__":"cc.Vec2","y":0.5},"_trs":{"__type__":"TypedArray","ctor":"Float64Array","array":[0,62.4,0,0,0,0,1,1,1,1]}},{"__type__":"cc.Node","_name":"label_id","_parent":{"__id__":8},"_components":[{"__type__":"cc.Label","node":{"__id__":12},"_materials":[{"__uuid__":"ecpdLyjvZBwrvm+cedCcQy"}],"_useOriginalSize":false,"_string":"ID:23222","_N$string":"ID:23222","_fontSize":25,"_lineHeight":26,"_N$file":{"__uuid__":"typdk345-cbe0-4203-a8ca-8141b2e63f4f"},"_isSystemFontUsed":false,"_N$horizontalAlign":1,"_N$verticalAlign":1}],"_prefab":{"__type__":"cc.PrefabInfo","root":{"__id__":1},"asset":{"__uuid__":"15XtqoR7dEeZwurBak05/v"},"fileId":"bauJtJ1K1MmJzaNqznzdLB"},"_color":{"__type__":"cc.Color","r":106,"g":76,"b":38},"_contentSize":{"__type__":"cc.Size","width":100.49,"height":32.76},"_anchorPoint":{"__type__":"cc.Vec2","y":0.5},"_trs":{"__type__":"TypedArray","ctor":"Float64Array","array":[0,21.689,0,0,0,0,1,1,1,1]}},{"__type__":"cc.Node","_name":"sex","_parent":{"__id__":8},"_active":false,"_components":[{"__type__":"cc.Sprite","node":{"__id__":13},"_materials":[{"__uuid__":"ecpdLyjvZBwrvm+cedCcQy"}],"_spriteFrame":{"__uuid__":"typdk56a-3d89-43d8-a2e7-3ae017165070"},"_sizeMode":0}],"_prefab":{"__type__":"cc.PrefabInfo","root":{"__id__":1},"asset":{"__uuid__":"15XtqoR7dEeZwurBak05/v"},"fileId":"71Ur+a2A5HZ5L98Sg31dhi"},"_contentSize":{"__type__":"cc.Size","width":24,"height":24},"_trs":{"__type__":"TypedArray","ctor":"Float64Array","array":[-55.4,59.4,0,0,0,0,1,1,1,1]}},{"__type__":"cc.Node","_name":"fangzhu","_parent":{"__id__":8},"_components":[{"__type__":"cc.Sprite","node":{"__id__":14},"_materials":[{"__uuid__":"ecpdLyjvZBwrvm+cedCcQy"}],"_spriteFrame":{"__uuid__":"447kkXpoFNzLyvJ8qOH6lw"}}],"_prefab":{"__type__":"cc.PrefabInfo","root":{"__id__":1},"asset":{"__uuid__":"15XtqoR7dEeZwurBak05/v"},"fileId":"a44ZXHDwVCnJdjcs8q8yOs"},"_contentSize":{"__type__":"cc.Size","width":29,"height":43},"_trs":{"__type__":"TypedArray","ctor":"Float64Array","array":[-30.671,70.192,0,0,0,0,1,1,1,1]}},{"__type__":"cc.Node","_name":"tip_point","_parent":{"__id__":1},"_components":[{"__type__":"cc.Label","node":{"__id__":15},"_materials":[{"__uuid__":"ecpdLyjvZBwrvm+cedCcQy"}],"_useOriginalSize":false,"_string":"积分","_N$string":"积分","_fontSize":28,"_lineHeight":28,"_N$file":{"__uuid__":"typdk345-cbe0-4203-a8ca-8141b2e63f4f"},"_isSystemFontUsed":false,"_N$horizontalAlign":1,"_N$verticalAlign":1}],"_prefab":{"__type__":"cc.PrefabInfo","root":{"__id__":1},"asset":{"__uuid__":"15XtqoR7dEeZwurBak05/v"},"fileId":"01k0PPu5ZL9osP8cGzj6An"},"_color":{"__type__":"cc.Color","r":133,"g":88,"b":63},"_contentSize":{"__type__":"cc.Size","width":56,"height":35.28},"_trs":{"__type__":"TypedArray","ctor":"Float64Array","array":[-66.562,-154.707,0,0,0,0,1,1,1,1]}},{"__type__":"cc.Node","_name":"lb_lose_num","_parent":{"__id__":1},"_components":[{"__type__":"cc.Label","node":{"__id__":16},"_materials":[{"__uuid__":"ecpdLyjvZBwrvm+cedCcQy"}],"_useOriginalSize":false,"_string":"-10","_N$string":"-10","_fontSize":1,"_lineHeight":30,"_enableWrapText":false,"_N$file":{"__uuid__":"79AxJ+WJtLBKXsbMIBVsbe"},"_isSystemFontUsed":false,"_N$horizontalAlign":1}],"_prefab":{"__type__":"cc.PrefabInfo","root":{"__id__":1},"asset":{"__uuid__":"15XtqoR7dEeZwurBak05/v"},"fileId":"23QnN6O/VOP4VQCoMxJD9y"},"_contentSize":{"__type__":"cc.Size","width":66,"height":30},"_trs":{"__type__":"TypedArray","ctor":"Float64Array","array":[68,-159,0,0,0,0,1,1,1,1]}},{"__type__":"cc.Node","_name":"lb_win_num","_parent":{"__id__":1},"_components":[{"__type__":"cc.Label","node":{"__id__":17},"_materials":[{"__uuid__":"ecpdLyjvZBwrvm+cedCcQy"}],"_useOriginalSize":false,"_string":"+10","_N$string":"+10","_fontSize":1,"_lineHeight":30,"_enableWrapText":false,"_N$file":{"__uuid__":"19tmX0xndCeoCP+cob3Shw"},"_isSystemFontUsed":false,"_N$horizontalAlign":1}],"_prefab":{"__type__":"cc.PrefabInfo","root":{"__id__":1},"asset":{"__uuid__":"15XtqoR7dEeZwurBak05/v"},"fileId":"e6sObqckhEfJp+1rMvr4Rl"},"_contentSize":{"__type__":"cc.Size","width":66,"height":30},"_trs":{"__type__":"TypedArray","ctor":"Float64Array","array":[68,-159,0,0,0,0,1,1,1,1]}},{"__type__":"cc.Node","_name":"tip_sportsPoint","_parent":{"__id__":1},"_components":[{"__type__":"cc.Label","node":{"__id__":18},"_materials":[{"__uuid__":"ecpdLyjvZBwrvm+cedCcQy"}],"_useOriginalSize":false,"_string":"比赛分","_N$string":"比赛分","_fontSize":28,"_lineHeight":28,"_N$file":{"__uuid__":"typdk345-cbe0-4203-a8ca-8141b2e63f4f"},"_isSystemFontUsed":false,"_N$horizontalAlign":1,"_N$verticalAlign":1}],"_prefab":{"__type__":"cc.PrefabInfo","root":{"__id__":1},"asset":{"__uuid__":"15XtqoR7dEeZwurBak05/v"},"fileId":"66IZu8kBFIxryA1ECuhtHG"},"_color":{"__type__":"cc.Color","r":133,"g":88,"b":63},"_contentSize":{"__type__":"cc.Size","width":84,"height":35.28},"_trs":{"__type__":"TypedArray","ctor":"Float64Array","array":[-65.562,-200,0,0,0,0,1,1,1,1]}},{"__type__":"cc.Node","_name":"lb_sportsPoint","_parent":{"__id__":1},"_components":[{"__type__":"cc.Label","node":{"__id__":19},"_materials":[{"__uuid__":"ecpdLyjvZBwrvm+cedCcQy"}],"_useOriginalSize":false,"_string":"+10","_N$string":"+10","_fontSize":35,"_lineHeight":35,"_enableWrapText":false,"_N$file":{"__uuid__":"typdk345-cbe0-4203-a8ca-8141b2e63f4f"},"_isSystemFontUsed":false,"_N$horizontalAlign":1,"_N$verticalAlign":1}],"_prefab":{"__type__":"cc.PrefabInfo","root":{"__id__":1},"asset":{"__uuid__":"15XtqoR7dEeZwurBak05/v"},"fileId":"a3fsRGuzZLMpccRy0jlCZh"},"_color":{"__type__":"cc.Color","r":133,"g":88,"b":63},"_contentSize":{"__type__":"cc.Size","width":53.73,"height":44.1},"_trs":{"__type__":"TypedArray","ctor":"Float64Array","array":[68,-200,0,0,0,0,1,1,1,1]}},{"__type__":"cc.Node","_name":"icon_dissolve","_parent":{"__id__":1},"_components":[{"__type__":"cc.Sprite","node":{"__id__":20},"_materials":[{"__uuid__":"ecpdLyjvZBwrvm+cedCcQy"}]}],"_prefab":{"__type__":"cc.PrefabInfo","root":{"__id__":1},"asset":{"__uuid__":"15XtqoR7dEeZwurBak05/v"},"fileId":"2b36d1LNpHW4l7RAjIDKdq"},"_contentSize":{"__type__":"cc.Size","width":119,"height":66},"_trs":{"__type__":"TypedArray","ctor":"Float64Array","array":[-65,140,0,0,0,0,1,1,1,1]}},{"__type__":"cc.Node","_name":"icon_win","_parent":{"__id__":1},"_components":[{"__type__":"cc.Sprite","node":{"__id__":21},"_materials":[{"__uuid__":"ecpdLyjvZBwrvm+cedCcQy"}],"_spriteFrame":{"__uuid__":"8fjgrq/qxL0r3jZF94ibe/"}}],"_prefab":{"__type__":"cc.PrefabInfo","root":{"__id__":1},"asset":{"__uuid__":"15XtqoR7dEeZwurBak05/v"},"fileId":"62cQD7pF9PSoWDKhriitug"},"_contentSize":{"__type__":"cc.Size","width":50,"height":103},"_trs":{"__type__":"TypedArray","ctor":"Float64Array","array":[-135.124,187.24,0,0,0,0,1,1,1,1]}},{"__type__":"cc.Node","_name":"jiesuan","_parent":{"__id__":1},"_children":[{"__id__":23},{"__id__":25},{"__id__":27}],"_components":[{"__type__":"cc.Layout","node":{"__id__":22},"_layoutSize":{"__type__":"cc.Size","width":300,"height":115.84},"_resize":1,"_N$layoutType":2,"_N$spacingY":5}],"_prefab":{"__type__":"cc.PrefabInfo","root":{"__id__":1},"asset":{"__uuid__":"15XtqoR7dEeZwurBak05/v"},"fileId":"a0y7xsQO1NyaH9piJbysce"},"_contentSize":{"__type__":"cc.Size","width":300,"height":115.84},"_anchorPoint":{"__type__":"cc.Vec2","x":0.5,"y":1},"_trs":{"__type__":"TypedArray","ctor":"Float64Array","array":[0,84,0,0,0,0,1,1,1,1]}},{"__type__":"cc.Node","_name":"lb_sheng","_parent":{"__id__":22},"_children":[{"__id__":24}],"_components":[{"__type__":"cc.Label","node":{"__id__":23},"_materials":[{"__uuid__":"ecpdLyjvZBwrvm+cedCcQy"}],"_useOriginalSize":false,"_string":"胜负局数","_N$string":"胜负局数","_fontSize":26,"_lineHeight":28,"_N$file":{"__uuid__":"typdk345-cbe0-4203-a8ca-8141b2e63f4f"},"_isSystemFontUsed":false,"_N$horizontalAlign":1,"_N$verticalAlign":1}],"_prefab":{"__type__":"cc.PrefabInfo","root":{"__id__":1},"asset":{"__uuid__":"15XtqoR7dEeZwurBak05/v"},"fileId":"f4LvAGh99MQJs2KRvV0yPM"},"_color":{"__type__":"cc.Color","r":133,"g":88,"b":63},"_contentSize":{"__type__":"cc.Size","width":104,"height":35.28},"_trs":{"__type__":"TypedArray","ctor":"Float64Array","array":[-72.96,-17.64,0,0,0,0,1,1,1,1]}},{"__type__":"cc.Node","_name":"num","_parent":{"__id__":23},"_components":[{"__type__":"cc.Label","node":{"__id__":24},"_materials":[{"__uuid__":"ecpdLyjvZBwrvm+cedCcQy"}],"_useOriginalSize":false,"_string":"0","_N$string":"0","_fontSize":26,"_lineHeight":28,"_N$file":{"__uuid__":"typdk345-cbe0-4203-a8ca-8141b2e63f4f"},"_isSystemFontUsed":false,"_N$horizontalAlign":1,"_N$verticalAlign":1}],"_prefab":{"__type__":"cc.PrefabInfo","root":{"__id__":1},"asset":{"__uuid__":"15XtqoR7dEeZwurBak05/v"},"fileId":"5bg1Fp7jxIE7wv6i9/6eBo"},"_color":{"__type__":"cc.Color","r":133,"g":88,"b":63},"_contentSize":{"__type__":"cc.Size","width":14.83,"height":35.28},"_trs":{"__type__":"TypedArray","ctor":"Float64Array","array":[148.408,0,0,0,0,0,1,1,1,1]}},{"__type__":"cc.Node","_name":"lb_zhadan","_parent":{"__id__":22},"_children":[{"__id__":26}],"_components":[{"__type__":"cc.Label","node":{"__id__":25},"_materials":[{"__uuid__":"ecpdLyjvZBwrvm+cedCcQy"}],"_useOriginalSize":false,"_string":"打出炸弹数","_N$string":"打出炸弹数","_fontSize":26,"_lineHeight":28,"_N$file":{"__uuid__":"typdk345-cbe0-4203-a8ca-8141b2e63f4f"},"_isSystemFontUsed":false,"_N$horizontalAlign":1,"_N$verticalAlign":1}],"_prefab":{"__type__":"cc.PrefabInfo","root":{"__id__":1},"asset":{"__uuid__":"15XtqoR7dEeZwurBak05/v"},"fileId":"2eREzg7N5II5x+pTgT0JYG"},"_color":{"__type__":"cc.Color","r":133,"g":88,"b":63},"_contentSize":{"__type__":"cc.Size","width":130,"height":35.28},"_trs":{"__type__":"TypedArray","ctor":"Float64Array","array":[-72.96,-57.92,0,0,0,0,1,1,1,1]}},{"__type__":"cc.Node","_name":"num","_parent":{"__id__":25},"_components":[{"__type__":"cc.Label","node":{"__id__":26},"_materials":[{"__uuid__":"ecpdLyjvZBwrvm+cedCcQy"}],"_useOriginalSize":false,"_string":"0","_N$string":"0","_fontSize":26,"_lineHeight":28,"_N$file":{"__uuid__":"typdk345-cbe0-4203-a8ca-8141b2e63f4f"},"_isSystemFontUsed":false,"_N$horizontalAlign":1,"_N$verticalAlign":1}],"_prefab":{"__type__":"cc.PrefabInfo","root":{"__id__":1},"asset":{"__uuid__":"15XtqoR7dEeZwurBak05/v"},"fileId":"4akf3fVM5KYJRfDtWE62+p"},"_color":{"__type__":"cc.Color","r":133,"g":88,"b":63},"_contentSize":{"__type__":"cc.Size","width":14.83,"height":35.28},"_trs":{"__type__":"TypedArray","ctor":"Float64Array","array":[148.408,0,0,0,0,0,1,1,1,1]}},{"__type__":"cc.Node","_name":"lb_maxFen","_parent":{"__id__":22},"_children":[{"__id__":28}],"_components":[{"__type__":"cc.Label","node":{"__id__":27},"_materials":[{"__uuid__":"ecpdLyjvZBwrvm+cedCcQy"}],"_useOriginalSize":false,"_string":"单局最大分","_N$string":"单局最大分","_fontSize":26,"_lineHeight":28,"_N$file":{"__uuid__":"typdk345-cbe0-4203-a8ca-8141b2e63f4f"},"_isSystemFontUsed":false,"_N$horizontalAlign":1,"_N$verticalAlign":1}],"_prefab":{"__type__":"cc.PrefabInfo","root":{"__id__":1},"asset":{"__uuid__":"15XtqoR7dEeZwurBak05/v"},"fileId":"b4H+a77dBHcZgs0OTDvkRA"},"_color":{"__type__":"cc.Color","r":133,"g":88,"b":63},"_contentSize":{"__type__":"cc.Size","width":130,"height":35.28},"_trs":{"__type__":"TypedArray","ctor":"Float64Array","array":[-72.96,-98.2,0,0,0,0,1,1,1,1]}},{"__type__":"cc.Node","_name":"num","_parent":{"__id__":27},"_components":[{"__type__":"cc.Label","node":{"__id__":28},"_materials":[{"__uuid__":"ecpdLyjvZBwrvm+cedCcQy"}],"_useOriginalSize":false,"_string":"0","_N$string":"0","_fontSize":26,"_lineHeight":28,"_N$file":{"__uuid__":"typdk345-cbe0-4203-a8ca-8141b2e63f4f"},"_isSystemFontUsed":false,"_N$horizontalAlign":1,"_N$verticalAlign":1}],"_prefab":{"__type__":"cc.PrefabInfo","root":{"__id__":1},"asset":{"__uuid__":"15XtqoR7dEeZwurBak05/v"},"fileId":"efb3dXtd1Be69yiu3IqDCN"},"_color":{"__type__":"cc.Color","r":133,"g":88,"b":63},"_contentSize":{"__type__":"cc.Size","width":14.83,"height":35.28},"_trs":{"__type__":"TypedArray","ctor":"Float64Array","array":[148.408,0,0,0,0,0,1,1,1,1]}}],{"__type__":"cc.SpriteFrame","content":{"name":"img_fz","texture":"b3O7LTbKZJxKGhX/eidLau","rect":[2,2,29,43],"offset":[0,0.5],"originalSize":[33,48],"capInsets":[0,0,0,0]}},{"__type__":"cc.SpriteFrame","content":{"name":"img_tx","texture":"62mD5AWLxOwrbr8oyWw5v9","rect":[0,1,109,108],"offset":[0,-0.5],"originalSize":[109,109],"capInsets":[0,0,0,0]}},{"__type__":"cc.SpriteFrame","content":{"name":"img_di","texture":"fdutPvWuJLdqtSS2kj7o6r","rect":[0,0,309,465],"offset":[0,0],"originalSize":[309,465],"capInsets":[0,0,0,0]}},{"__type__":"cc.SpriteFrame","content":{"name":"img_dyj","texture":"d4fO8/1rtGKJirMQnHFB/J","rect":[2,0,50,103],"offset":[1,0],"originalSize":[52,103],"capInsets":[0,0,0,0]}},{"__type__":"cc.SpriteFrame","content":{"name":"personal_male","texture":"typdk4c4-f6fe-4710-8c70-f60ed20248a3","rect":[0,0,24,24],"offset":[0,0],"originalSize":[24,24],"capInsets":[0,0,0,0]}},{"__type__":"cc.SpriteFrame","content":{"name":"morentouxiang","texture":"typdk652-0393-4ea1-84d8-1bdd3044f177","rect":[0,0,60,60],"offset":[0,0],"originalSize":[60,60],"capInsets":[0,0,0,0]}}]