[{"__type__":"cc.SpriteFrame","content":{"name":"img_bj_daoju","texture":"fjssz329-45ad-4f68-8f2a-43d121a7c093","rect":[0,0,82,82],"offset":[0,0],"originalSize":[82,82],"capInsets":[0,0,0,0]}},[{"__type__":"cc.Prefab","_name":"fjssz_GiftPrefab","data":{"__id__":1}},{"__type__":"cc.Node","_name":"giftPrefab","_children":[{"__id__":2},{"__id__":3}],"_components":[{"__type__":"cc.Button","node":{"__id__":1},"zoomScale":0.9,"_N$enableAutoGrayEffect":true,"_N$transition":3,"transition":3,"_N$normalColor":{"__type__":"cc.Color","r":214,"g":214,"b":214},"_N$target":{"__id__":1}}],"_prefab":{"__type__":"cc.PrefabInfo","root":{"__id__":1},"asset":{"__uuid__":"fjssz302-2edf-4d96-ba99-1641e78d2878"},"fileId":"2d0aePXs4JEoYzKUJ6pHS3K"},"_contentSize":{"__type__":"cc.Size","width":108,"height":108},"_trs":{"__type__":"TypedArray","ctor":"Float64Array","array":[54,0,0,0,0,0,1,1,1,1]}},{"__type__":"cc.Node","_name":"bg_icon","_parent":{"__id__":1},"_components":[{"__type__":"cc.Sprite","node":{"__id__":2},"_spriteFrame":{"__uuid__":"fjssz1f7-cdd4-493b-9f14-686f4470356a"}}],"_prefab":{"__type__":"cc.PrefabInfo","root":{"__id__":1},"asset":{"__uuid__":"fjssz302-2edf-4d96-ba99-1641e78d2878"},"fileId":"05d399qy1RBjaBgwjT0IXw1"},"_contentSize":{"__type__":"cc.Size","width":82,"height":82},"_trs":{"__type__":"TypedArray","ctor":"Float64Array","array":[0,0,0,0,0,0,1,1,1,1]}},{"__type__":"cc.Node","_name":"item_icon","_parent":{"__id__":1},"_components":[{"__type__":"cc.Sprite","node":{"__id__":3}}],"_prefab":{"__type__":"cc.PrefabInfo","root":{"__id__":1},"asset":{"__uuid__":"fjssz302-2edf-4d96-ba99-1641e78d2878"},"fileId":"e458azG5HVF9b5tRdZGrGfC"},"_contentSize":{"__type__":"cc.Size","width":106,"height":98},"_trs":{"__type__":"TypedArray","ctor":"Float64Array","array":[0,0,0,0,0,0,1,1,1,1]}}]]