[{"__type__":"cc.SpriteFrame","content":{"name":"expression_05_04","texture":"fjsszb62-eda7-432c-b5da-8c4d086555eb","rect":[30,48,90,90],"offset":[-2,-5.5],"originalSize":[154,175],"capInsets":[0,0,0,0]}},{"__type__":"cc.SpriteFrame","content":{"name":"expression_05_02","texture":"fjssze61-2b65-4721-b9d6-cbf42026e537","rect":[30,48,90,89],"offset":[-2,-5],"originalSize":[154,175],"capInsets":[0,0,0,0]}},{"__type__":"cc.SpriteFrame","content":{"name":"expression_05_03","texture":"fjssz6d6-a973-4174-9729-bbffbe64f1f8","rect":[30,48,90,89],"offset":[-2,-5],"originalSize":[154,175],"capInsets":[0,0,0,0]}},{"__type__":"cc.AnimationClip","_name":"face5Action","_duration":0.8,"sample":20,"curveData":{"comps":{"cc.Sprite":{"spriteFrame":[{"frame":0,"value":{"__uuid__":"fjssza78-2190-4127-9ef4-1c10c27d8090"}},{"frame":0.25,"value":{"__uuid__":"fjssz6cd-906c-4925-b380-e1d58ac707d8"}},{"frame":0.5,"value":{"__uuid__":"fjssz93c-67da-4dc9-b5d8-b1ccd3ed5d33"}},{"frame":0.75,"value":{"__uuid__":"fjssz5ae-c603-43a2-93dc-e62916b7d1a9"}}]}}}},{"__type__":"cc.SpriteFrame","content":{"name":"expression_05_01","texture":"fjssze72-e552-40f8-a391-17e3002aa167","rect":[30,48,90,89],"offset":[-2,-5],"originalSize":[154,175],"capInsets":[0,0,0,0]}}]