[{"__type__":"cc.Prefab","_name":"85","data":{"__id__":1}},{"__type__":"cc.Node","_name":"84","_components":[{"__type__":"sp.Skeleton","node":{"__id__":1},"_materials":[{"__uuid__":"7a/QZLET9IDreTiBfRn2PD"}],"defaultAnimation":"ssz","_preCacheMode":0,"loop":false,"premultipliedAlpha":false,"_animationName":"ssz","_playTimes":1,"_N$skeletonData":{"__uuid__":"d0IuN+KmNAA5emYUWFngiL"}}],"_prefab":{"__type__":"cc.PrefabInfo","root":{"__id__":1},"asset":{"__id__":0},"fileId":"1bqkdiNVRPC70fgbkdp2Js"},"_trs":{"__type__":"TypedArray","ctor":"Float64Array","array":[0,0,0,0,0,0,1,1,1,1]}}]