[{"__type__":"cc.SpriteFrame","content":{"name":"default_btn_disabled","texture":"71VhFCTINJM6/Ky3oX9nBT","rect":[0,0,40,40],"offset":[0,0],"originalSize":[40,40],"capInsets":[12,12,12,12]}},{"__type__":"cc.SpriteFrame","content":{"name":"default_btn_pressed","texture":"b4P/PCArtIdIH38t6mlw8Y","rect":[0,0,40,40],"offset":[0,0],"originalSize":[40,40],"capInsets":[12,12,12,12]}},{"__type__":"cc.SpriteFrame","content":{"name":"trusteeship","texture":"qzmjmj80-0c96-4a9f-be51-2cd2a6f13513","rect":[0,0,80,77],"offset":[0,0],"originalSize":[80,77],"capInsets":[0,0,0,0]}},{"__type__":"cc.SpriteFrame","content":{"name":"headbg","texture":"qzmjmja9-a338-4682-8d65-8ff202f7615e","rect":[0,0,80,107],"offset":[0,0],"originalSize":[80,107],"capInsets":[0,0,0,0]}},{"__type__":"cc.SpriteFrame","content":{"name":"bg_chat_zuobg_g","texture":"qzmjmja0-8660-4be8-83af-4c2844601ac5","rect":[0,0,160,95],"offset":[0,0],"originalSize":[160,95],"capInsets":[66,0,39,0]}},{"__type__":"cc.SpriteFrame","content":{"name":"bg_box","texture":"qzmjmjad-75cd-4ce3-9c06-532b4b24f24c","rect":[0,0,74,77],"offset":[0,0],"originalSize":[74,77],"capInsets":[0,0,0,0]}},{"__type__":"cc.SpriteFrame","content":{"name":"icon_chat_huatong2","texture":"qzmjmj1d-6ea8-4f53-bae8-06b4dd16895d","rect":[0,0,7,22],"offset":[-0.5,0],"originalSize":[8,22],"capInsets":[0,0,0,0]}},{"__type__":"cc.SpriteFrame","content":{"name":"lixianzhong","texture":"qzmjmjb9-8e24-4e61-aaec-205591f7d4ce","rect":[0,0,66,24],"offset":[0,0],"originalSize":[66,24],"capInsets":[0,0,0,0]}},{"__type__":"cc.SpriteFrame","content":{"name":"bg_chat_you","texture":"qzmjmjcd-2bbe-4d65-8b64-dc1a24c2a72d","rect":[0,0,160,95],"offset":[0,0],"originalSize":[160,95],"capInsets":[44,0,56,0]}},{"__type__":"cc.SpriteFrame","content":{"name":"icon_chat_huatong3","texture":"qzmjmj14-28af-4529-9d5c-e8142bdc05fc","rect":[0,0,7,26],"offset":[0,0],"originalSize":[7,26],"capInsets":[0,0,0,0]}},{"__type__":"cc.SpriteFrame","content":{"name":"anniu","texture":"qzmjmjca-b349-4559-8ef3-7275fa4a7c55","rect":[0,0,102,45],"offset":[0,0],"originalSize":[102,45],"capInsets":[0,0,0,0]}},{"__type__":"cc.SpriteFrame","content":{"name":"fangzhu","texture":"qzmjmj85-519d-4f53-91c7-7609ff8eb128","rect":[0,0,34,35],"offset":[0,0],"originalSize":[34,35],"capInsets":[0,0,0,0]}},{"__type__":"cc.SpriteFrame","content":{"name":"icon_chat_huatong1","texture":"qzmjmj83-b964-49e4-81bf-472198d91100","rect":[0,2,4,12],"offset":[-1,-1],"originalSize":[6,14],"capInsets":[0,0,0,0]}},{"__type__":"cc.SpriteFrame","content":{"name":"touxiang","texture":"qzmjmj53-3abb-48f1-9b79-b0d39c619cd6","rect":[0,0,73,73],"offset":[0,0],"originalSize":[73,73],"capInsets":[0,0,0,0]}},{"__type__":"cc.SpriteFrame","content":{"name":"icon_ready","texture":"qzmjmjc9-ed61-40bb-a288-a8da16bad4a7","rect":[0,0,57,74],"offset":[-0.5,0],"originalSize":[58,74],"capInsets":[0,0,0,0]}},{"__type__":"cc.SpriteFrame","content":{"name":"morentouxiang","texture":"qzmjmj52-0393-4ea1-84d8-1bdd3044f177","rect":[0,0,60,60],"offset":[0,0],"originalSize":[60,60],"capInsets":[0,0,0,0]}},{"__type__":"cc.SpriteFrame","content":{"name":"zhuangjia","texture":"qzmjmj52-ad6e-4d53-9748-7b988d57620e","rect":[0,0,42,45],"offset":[0,0],"originalSize":[42,45],"capInsets":[0,0,0,0]}},[{"__type__":"cc.Prefab","_name":"qzmj_UIPublicHead","data":{"__id__":1}},{"__type__":"cc.Node","_name":"qzmj_UIPublicHead","_children":[{"__id__":2},{"__id__":17},{"__id__":19},{"__id__":20},{"__id__":21},{"__id__":26},{"__id__":27},{"__id__":32},{"__id__":33},{"__type__":"cc.Node","_name":"otherNode","_parent":{"__id__":1},"_prefab":{"__type__":"cc.PrefabInfo","root":{"__id__":1},"asset":{"__uuid__":"qzmjmje9-8ef5-46bd-a98e-b258bbbf9cf7"},"fileId":"fdb412jwnVNcJfbT+Ybywwe"},"_trs":{"__type__":"TypedArray","ctor":"Float64Array","array":[0,0,0,0,0,0,1,1,1,1]}},{"__id__":34},{"__id__":35}],"_components":[{"__type__":"qzmjmj59-173f-4b83-b88c-c5495c263970","node":{"__id__":1},"JS_Name":"xymj_BaseComponent","touxiang":{"__id__":2},"sp_chatdi_left":{"__id__":20},"sp_chatdi_right":{"__id__":26},"sp_chatdi_leftBottom":{"__id__":34},"sp_chatdi_rightBottom":{"__id__":35},"sp_audio_left":{"__id__":21},"sp_audio_right":{"__id__":27},"sp_lixian":{"__id__":12},"btn_out":{"__id__":17},"zhuangjia":{"__id__":15},"fangzhu":{"__id__":16},"lb_name":{"__id__":5},"lb_jifen":{"__id__":7},"btn_head":{"__id__":10},"icon_auto":{"__id__":32},"face_ani":{"__id__":33},"icon_ready":{"__id__":19},"bg_box":{"__id__":14}}],"_prefab":{"__type__":"cc.PrefabInfo","root":{"__id__":1},"asset":{"__uuid__":"qzmjmje9-8ef5-46bd-a98e-b258bbbf9cf7"},"fileId":"aa7d4syXfxKr7NpppigG29O"},"_trs":{"__type__":"TypedArray","ctor":"Float64Array","array":[0,0,0,0,0,0,1,1,1,1]}},{"__type__":"cc.Node","_name":"touxiang","_parent":{"__id__":1},"_children":[{"__id__":3},{"__id__":10},{"__id__":11},{"__id__":12},{"__id__":14},{"__id__":15},{"__id__":16}],"_components":[{"__type__":"cc.Widget","node":{"__id__":2},"alignMode":0,"_alignFlags":9,"_left":-36.5,"_top":-36.5,"_bottom":177,"_originalHeight":73}],"_prefab":{"__type__":"cc.PrefabInfo","root":{"__id__":1},"asset":{"__uuid__":"qzmjmje9-8ef5-46bd-a98e-b258bbbf9cf7"},"fileId":"4ef5e9yAT9P+aG277d3CEgm"},"_contentSize":{"__type__":"cc.Size","width":73,"height":73},"_trs":{"__type__":"TypedArray","ctor":"Float64Array","array":[0,0,0,0,0,0,1,1,1,1]}},{"__type__":"cc.Node","_name":"sp_info","_parent":{"__id__":2},"_children":[{"__id__":4},{"__id__":6},{"__id__":8}],"_components":[{"__type__":"cc.Sprite","node":{"__id__":3},"_materials":[{"__uuid__":"ecpdLyjvZBwrvm+cedCcQy"}],"_spriteFrame":{"__uuid__":"qzmjmj0c-0914-40b7-aa98-0403c0828474"},"_type":1,"_sizeMode":0}],"_prefab":{"__type__":"cc.PrefabInfo","root":{"__id__":1},"asset":{"__uuid__":"qzmjmje9-8ef5-46bd-a98e-b258bbbf9cf7"},"fileId":"a2d345fIgJJUbJ07l3FMjyV"},"_contentSize":{"__type__":"cc.Size","width":90,"height":120},"_trs":{"__type__":"TypedArray","ctor":"Float64Array","array":[0,0,0,0,0,0,1,1,1,1]}},{"__type__":"cc.Node","_name":"lb_name","_parent":{"__id__":3},"_components":[{"__id__":5}],"_prefab":{"__type__":"cc.PrefabInfo","root":{"__id__":1},"asset":{"__uuid__":"qzmjmje9-8ef5-46bd-a98e-b258bbbf9cf7"},"fileId":"9ff3fwEjwJAy4CIUo37FrGd"},"_contentSize":{"__type__":"cc.Size","width":72,"height":22.68},"_trs":{"__type__":"TypedArray","ctor":"Float64Array","array":[1.5,47.6,0,0,0,0,1,1,1,1]}},{"__type__":"cc.Label","node":{"__id__":4},"_materials":[{"__uuid__":"ecpdLyjvZBwrvm+cedCcQy"}],"_useOriginalSize":false,"_string":"玩家玩家","_N$string":"玩家玩家","_fontSize":18,"_lineHeight":18,"_N$file":{"__uuid__":"qzmjmj1e-650d-4484-9e24-10ffc791e225"},"_isSystemFontUsed":false,"_N$horizontalAlign":1,"_N$verticalAlign":1},{"__type__":"cc.Node","_name":"lb_jifen","_parent":{"__id__":3},"_components":[{"__id__":7}],"_prefab":{"__type__":"cc.PrefabInfo","root":{"__id__":1},"asset":{"__uuid__":"qzmjmje9-8ef5-46bd-a98e-b258bbbf9cf7"},"fileId":"93013mnsz5G2JSflrk0KhIs"},"_color":{"__type__":"cc.Color","r":255,"g":228},"_contentSize":{"__type__":"cc.Size","width":33.17,"height":27.72},"_trs":{"__type__":"TypedArray","ctor":"Float64Array","array":[-0.9,-48.1,0,0,0,0,1,1,1,1]}},{"__type__":"cc.Label","node":{"__id__":6},"_materials":[{"__uuid__":"ecpdLyjvZBwrvm+cedCcQy"}],"_useOriginalSize":false,"_string":"100","_N$string":"100","_fontSize":22,"_lineHeight":22,"_enableWrapText":false,"_N$file":{"__uuid__":"qzmjmj1e-650d-4484-9e24-10ffc791e225"},"_isSystemFontUsed":false,"_N$horizontalAlign":1,"_N$verticalAlign":1},{"__type__":"cc.Node","_name":"lb_SportsPoint","_parent":{"__id__":3},"_children":[{"__id__":9}],"_active":false,"_components":[{"__type__":"cc.Label","node":{"__id__":8},"_useOriginalSize":false,"_string":"100","_N$string":"100","_fontSize":24,"_lineHeight":24,"_N$file":{"__uuid__":"qzmjmj1e-650d-4484-9e24-10ffc791e225"},"_isSystemFontUsed":false,"_N$horizontalAlign":1,"_N$verticalAlign":1}],"_prefab":{"__type__":"cc.PrefabInfo","root":{"__id__":1},"asset":{"__uuid__":"qzmjmje9-8ef5-46bd-a98e-b258bbbf9cf7"},"fileId":"69PzqMDFJK/YFhHoJWKLOF"},"_color":{"__type__":"cc.Color","r":255,"g":228},"_contentSize":{"__type__":"cc.Size","width":36.19,"height":24},"_anchorPoint":{"__type__":"cc.Vec2","y":0.5},"_trs":{"__type__":"TypedArray","ctor":"Float64Array","array":[-17.8,-70,0,0,0,0,1,1,1,1]}},{"__type__":"cc.Node","_name":"lb_jing","_parent":{"__id__":8},"_components":[{"__type__":"cc.Label","node":{"__id__":9},"_useOriginalSize":false,"_string":"赛","_N$string":"赛","_fontSize":24,"_lineHeight":24,"_N$file":{"__uuid__":"qzmjmj1e-650d-4484-9e24-10ffc791e225"},"_isSystemFontUsed":false,"_N$horizontalAlign":1,"_N$verticalAlign":1}],"_prefab":{"__type__":"cc.PrefabInfo","root":{"__id__":1},"asset":{"__uuid__":"qzmjmje9-8ef5-46bd-a98e-b258bbbf9cf7"},"fileId":"fanPB3ZdtDzLIk+mlJoJFg"},"_color":{"__type__":"cc.Color","r":255,"g":228},"_contentSize":{"__type__":"cc.Size","width":24,"height":24},"_anchorPoint":{"__type__":"cc.Vec2","y":0.5},"_trs":{"__type__":"TypedArray","ctor":"Float64Array","array":[-30,0,0,0,0,0,1,1,1,1]}},{"__type__":"cc.Node","_name":"btn_head","_parent":{"__id__":2},"_components":[{"__type__":"cc.Sprite","node":{"__id__":10},"_materials":[{"__uuid__":"ecpdLyjvZBwrvm+cedCcQy"}],"_spriteFrame":{"__uuid__":"qzmjmjd4-6d8e-4361-aae8-91caca6f2355"},"_sizeMode":0,"_isTrimmedMode":false},{"__type__":"cc.Button","node":{"__id__":10},"zoomScale":0.9,"clickEvents":[{"__type__":"cc.ClickEvent","target":{"__id__":1},"_componentId":"qzmjmj59-173f-4b83-b88c-c5495c263970","handler":"OnClick_BtnWnd"}],"_N$transition":3,"transition":3,"_N$normalColor":{"__type__":"cc.Color","r":214,"g":214,"b":214},"_N$target":{"__id__":10}},{"__type__":"qzmjmj73-3561-4a28-8fd0-4ff9fc711d7e","node":{"__id__":10},"JS_Name":"xymj_BaseComponent"}],"_prefab":{"__type__":"cc.PrefabInfo","root":{"__id__":1},"asset":{"__uuid__":"qzmjmje9-8ef5-46bd-a98e-b258bbbf9cf7"},"fileId":"0f3fapgG3hM64s/ld2RUzz0"},"_contentSize":{"__type__":"cc.Size","width":75,"height":75},"_trs":{"__type__":"TypedArray","ctor":"Float64Array","array":[0,0,0,0,0,0,1,1,1,1]}},{"__type__":"cc.Node","_name":"btn_headkuang","_parent":{"__id__":2},"_components":[{"__type__":"cc.Sprite","node":{"__id__":11},"_sizeMode":2,"_isTrimmedMode":false},{"__type__":"cc.Widget","node":{"__id__":11},"alignMode":0,"_alignFlags":18,"_top":27}],"_prefab":{"__type__":"cc.PrefabInfo","root":{"__id__":1},"asset":{"__uuid__":"qzmjmje9-8ef5-46bd-a98e-b258bbbf9cf7"},"fileId":"04177sSRDRGzLtnq435Z/pO"},"_contentSize":{"__type__":"cc.Size","width":75,"height":75},"_trs":{"__type__":"TypedArray","ctor":"Float64Array","array":[0,0,0,0,0,0,1,1,1,1]}},{"__type__":"cc.Node","_name":"sp_lixian","_parent":{"__id__":2},"_children":[{"__id__":13}],"_components":[{"__type__":"cc.Sprite","node":{"__id__":12},"_materials":[{"__uuid__":"ecpdLyjvZBwrvm+cedCcQy"}],"_spriteFrame":{"__uuid__":"qzmjmjad-7eb7-4e49-9f8e-1a11ae6da805"},"_sizeMode":0}],"_prefab":{"__type__":"cc.PrefabInfo","root":{"__id__":1},"asset":{"__uuid__":"qzmjmje9-8ef5-46bd-a98e-b258bbbf9cf7"},"fileId":"18bf7d+UX1PurQlWMVufj4p"},"_contentSize":{"__type__":"cc.Size","width":75,"height":75},"_trs":{"__type__":"TypedArray","ctor":"Float64Array","array":[0,0,0,0,0,0,1,1,1,1]}},{"__type__":"cc.Node","_name":"icon","_parent":{"__id__":12},"_components":[{"__type__":"cc.Sprite","node":{"__id__":13},"_materials":[{"__uuid__":"ecpdLyjvZBwrvm+cedCcQy"}],"_spriteFrame":{"__uuid__":"qzmjmj1f-6ce4-4a14-8fd4-7d187e31b44c"},"_sizeMode":0}],"_prefab":{"__type__":"cc.PrefabInfo","root":{"__id__":1},"asset":{"__uuid__":"qzmjmje9-8ef5-46bd-a98e-b258bbbf9cf7"},"fileId":"4d498wOKopEN66jNq/nyoFq"},"_contentSize":{"__type__":"cc.Size","width":66,"height":24},"_trs":{"__type__":"TypedArray","ctor":"Float64Array","array":[0,0,0,0,0,0,1,0.8,0.8,1]}},{"__type__":"cc.Node","_name":"bg_box","_parent":{"__id__":2},"_components":[{"__type__":"cc.Sprite","node":{"__id__":14},"_materials":[{"__uuid__":"ecpdLyjvZBwrvm+cedCcQy"}],"_spriteFrame":{"__uuid__":"qzmjmj14-0fcb-4580-8ac8-3f9bcb0792e9"},"_sizeMode":0}],"_prefab":{"__type__":"cc.PrefabInfo","root":{"__id__":1},"asset":{"__uuid__":"qzmjmje9-8ef5-46bd-a98e-b258bbbf9cf7"},"fileId":"2d978eiOWxD+LCl1toZdmxI"},"_contentSize":{"__type__":"cc.Size","width":75,"height":75},"_trs":{"__type__":"TypedArray","ctor":"Float64Array","array":[0,0,0,0,0,0,1,1,1,1]}},{"__type__":"cc.Node","_name":"zhuangjia","_parent":{"__id__":2},"_components":[{"__type__":"cc.Sprite","node":{"__id__":15},"_materials":[{"__uuid__":"ecpdLyjvZBwrvm+cedCcQy"}],"_spriteFrame":{"__uuid__":"qzmjmjd8-8f6b-4414-8b5a-25f2ed9f0e16"}}],"_prefab":{"__type__":"cc.PrefabInfo","root":{"__id__":1},"asset":{"__uuid__":"qzmjmje9-8ef5-46bd-a98e-b258bbbf9cf7"},"fileId":"6b471aMPeNFCIxAoraMzqW+"},"_contentSize":{"__type__":"cc.Size","width":42,"height":45},"_trs":{"__type__":"TypedArray","ctor":"Float64Array","array":[-36.6,35.2,0,0,0,0,1,0.6,0.6,1]}},{"__type__":"cc.Node","_name":"fangzhu","_parent":{"__id__":2},"_components":[{"__type__":"cc.Sprite","node":{"__id__":16},"_materials":[{"__uuid__":"ecpdLyjvZBwrvm+cedCcQy"}],"_spriteFrame":{"__uuid__":"qzmjmj98-cf7d-48ae-a9f1-2d70c496ecf0"}}],"_prefab":{"__type__":"cc.PrefabInfo","root":{"__id__":1},"asset":{"__uuid__":"qzmjmje9-8ef5-46bd-a98e-b258bbbf9cf7"},"fileId":"b3761MG1XtEJbdW7GBdCKiS"},"_contentSize":{"__type__":"cc.Size","width":34,"height":35},"_trs":{"__type__":"TypedArray","ctor":"Float64Array","array":[20.1,-17.1,0,0,0,0,1,1,1,1]}},{"__type__":"cc.Node","_name":"btn_out","_parent":{"__id__":1},"_children":[{"__id__":18}],"_components":[{"__type__":"cc.Sprite","node":{"__id__":17},"_materials":[{"__uuid__":"ecpdLyjvZBwrvm+cedCcQy"}],"_spriteFrame":{"__uuid__":"qzmjmj79-4ff6-42c5-b55b-a956938f6b78"},"_type":1,"_sizeMode":0},{"__type__":"cc.Button","node":{"__id__":17},"zoomScale":0.9,"clickEvents":[{"__type__":"cc.ClickEvent","target":{"__id__":1},"_componentId":"qzmjmj59-173f-4b83-b88c-c5495c263970","handler":"OnClick_BtnWnd"}],"_N$transition":3,"transition":3,"_N$pressedColor":{"__type__":"cc.Color","r":255,"g":255,"b":255},"pressedColor":{"__type__":"cc.Color","r":255,"g":255,"b":255},"_N$disabledColor":{"__type__":"cc.Color","r":255,"g":255,"b":255},"_N$pressedSprite":{"__uuid__":"e97GVMl6JHh5Ml5qEDdSGa"},"pressedSprite":{"__uuid__":"e97GVMl6JHh5Ml5qEDdSGa"},"_N$hoverSprite":{"__uuid__":"e97GVMl6JHh5Ml5qEDdSGa"},"hoverSprite":{"__uuid__":"e97GVMl6JHh5Ml5qEDdSGa"},"_N$disabledSprite":{"__uuid__":"29FYIk+N1GYaeWH/q1NxQO"},"_N$target":{"__id__":17}},{"__type__":"cc.Widget","node":{"__id__":17},"alignMode":0,"_alignFlags":33,"_right":-51,"_top":60}],"_prefab":{"__type__":"cc.PrefabInfo","root":{"__id__":1},"asset":{"__uuid__":"qzmjmje9-8ef5-46bd-a98e-b258bbbf9cf7"},"fileId":"f2bd86tiLVHkpWYFylM4dFL"},"_contentSize":{"__type__":"cc.Size","width":102,"height":40},"_trs":{"__type__":"TypedArray","ctor":"Float64Array","array":[0,-80,0,0,0,0,1,1,1,1]}},{"__type__":"cc.Node","_name":"Label","_parent":{"__id__":17},"_components":[{"__type__":"cc.Label","node":{"__id__":18},"_materials":[{"__uuid__":"ecpdLyjvZBwrvm+cedCcQy"}],"_useOriginalSize":false,"_string":"请出包间","_N$string":"请出包间","_fontSize":20,"_lineHeight":24,"_enableWrapText":false,"_N$file":{"__uuid__":"qzmjmj1e-650d-4484-9e24-10ffc791e225"},"_isSystemFontUsed":false,"_N$horizontalAlign":1,"_N$verticalAlign":1,"_N$overflow":1}],"_prefab":{"__type__":"cc.PrefabInfo","root":{"__id__":1},"asset":{"__uuid__":"qzmjmje9-8ef5-46bd-a98e-b258bbbf9cf7"},"fileId":"a5cccaR6hpEFbiSe/Kxy/0b"},"_color":{"__type__":"cc.Color","r":124,"g":41,"b":1},"_contentSize":{"__type__":"cc.Size","width":100,"height":40},"_trs":{"__type__":"TypedArray","ctor":"Float64Array","array":[0,0,0,0,0,0,1,1,1,1]}},{"__type__":"cc.Node","_name":"icon_ready","_parent":{"__id__":1},"_components":[{"__type__":"cc.Sprite","node":{"__id__":19},"_materials":[{"__uuid__":"ecpdLyjvZBwrvm+cedCcQy"}],"_spriteFrame":{"__uuid__":"qzmjmjb6-a44e-43f0-8969-99b7b7520b13"}}],"_prefab":{"__type__":"cc.PrefabInfo","root":{"__id__":1},"asset":{"__uuid__":"qzmjmje9-8ef5-46bd-a98e-b258bbbf9cf7"},"fileId":"571478Ho5VIb5w95Zs7LdUs"},"_contentSize":{"__type__":"cc.Size","width":57,"height":74},"_trs":{"__type__":"TypedArray","ctor":"Float64Array","array":[99,-2,0,0,0,0,1,1,1,1]}},{"__type__":"cc.Node","_name":"sp_chatdi_left","_parent":{"__id__":1},"_components":[{"__type__":"cc.Sprite","node":{"__id__":20},"_materials":[{"__uuid__":"ecpdLyjvZBwrvm+cedCcQy"}],"_spriteFrame":{"__uuid__":"qzmjmj12-a3fe-47e6-b19c-3fee6bbfe5ca"},"_type":1,"_sizeMode":0},{"__type__":"cc.Layout","node":{"__id__":20},"_layoutSize":{"__type__":"cc.Size","width":380,"height":100},"_N$paddingLeft":22,"_N$paddingRight":5}],"_prefab":{"__type__":"cc.PrefabInfo","root":{"__id__":1},"asset":{"__uuid__":"qzmjmje9-8ef5-46bd-a98e-b258bbbf9cf7"},"fileId":"d8b5fVH+dlFOrIPAn/auXKk"},"_contentSize":{"__type__":"cc.Size","width":380,"height":100},"_anchorPoint":{"__type__":"cc.Vec2","y":0.5},"_trs":{"__type__":"TypedArray","ctor":"Float64Array","array":[-50,0,0,0,0,-1,6.123233995736766e-17,1,1,1]},"_eulerAngles":{"__type__":"cc.Vec3","z":-180}},{"__type__":"cc.Node","_name":"sp_audio_left","_parent":{"__id__":1},"_children":[{"__id__":22},{"__id__":23},{"__id__":24},{"__id__":25}],"_components":[{"__type__":"cc.Sprite","node":{"__id__":21},"_materials":[{"__uuid__":"ecpdLyjvZBwrvm+cedCcQy"}],"_spriteFrame":{"__uuid__":"qzmjmj64-ace8-40d3-8f22-4991c0f9cfeb"}},{"__type__":"cc.Animation","node":{"__id__":21},"_clips":[{"__uuid__":"qzmjmj72-18f6-478f-9528-8c5cdd75bb29"}]}],"_prefab":{"__type__":"cc.PrefabInfo","root":{"__id__":1},"asset":{"__uuid__":"qzmjmje9-8ef5-46bd-a98e-b258bbbf9cf7"},"fileId":"fd3599z1klI/7QOM7mc3P1C"},"_contentSize":{"__type__":"cc.Size","width":160,"height":95},"_trs":{"__type__":"TypedArray","ctor":"Float64Array","array":[-130,0,0,0,0,0,1,1,-1,1]}},{"__type__":"cc.Node","_name":"icon_chat_huatong","_parent":{"__id__":21},"_components":[{"__type__":"cc.Sprite","node":{"__id__":22},"_materials":[{"__uuid__":"ecpdLyjvZBwrvm+cedCcQy"}],"_spriteFrame":{"__uuid__":"qzmjmjf1-ea3b-4e13-ba50-775ad6a108fc"}}],"_prefab":{"__type__":"cc.PrefabInfo","root":{"__id__":1},"asset":{"__uuid__":"qzmjmje9-8ef5-46bd-a98e-b258bbbf9cf7"},"fileId":"57c36VjWA5Ly5mWCzEUPex0"},"_contentSize":{"__type__":"cc.Size","width":22,"height":26},"_trs":{"__type__":"TypedArray","ctor":"Float64Array","array":[4.800000000000001,-0.9,0,0,0,0,1,-1,1,1]}},{"__type__":"cc.Node","_name":"icon_chat_huatong3","_parent":{"__id__":21},"_components":[{"__type__":"cc.Sprite","node":{"__id__":23},"_materials":[{"__uuid__":"ecpdLyjvZBwrvm+cedCcQy"}],"_spriteFrame":{"__uuid__":"qzmjmj74-466d-41ff-8601-1ae737c8b4ae"}}],"_prefab":{"__type__":"cc.PrefabInfo","root":{"__id__":1},"asset":{"__uuid__":"qzmjmje9-8ef5-46bd-a98e-b258bbbf9cf7"},"fileId":"7d110eMbcJOkIFo1+zO39B2"},"_contentSize":{"__type__":"cc.Size","width":7,"height":26},"_trs":{"__type__":"TypedArray","ctor":"Float64Array","array":[-27.1,-0.9,0,0,0,0,1,-1,1,1]}},{"__type__":"cc.Node","_name":"icon_chat_huatong2","_parent":{"__id__":21},"_components":[{"__type__":"cc.Sprite","node":{"__id__":24},"_materials":[{"__uuid__":"ecpdLyjvZBwrvm+cedCcQy"}],"_spriteFrame":{"__uuid__":"qzmjmj1d-696c-42e9-820d-36509396bfad"}}],"_prefab":{"__type__":"cc.PrefabInfo","root":{"__id__":1},"asset":{"__uuid__":"qzmjmje9-8ef5-46bd-a98e-b258bbbf9cf7"},"fileId":"0e1cdYwf05Ii6Ptz69c4gES"},"_contentSize":{"__type__":"cc.Size","width":7,"height":22},"_trs":{"__type__":"TypedArray","ctor":"Float64Array","array":[-19.6,-0.9,0,0,0,0,1,-1,1,1]}},{"__type__":"cc.Node","_name":"icon_chat_huatong1","_parent":{"__id__":21},"_components":[{"__type__":"cc.Sprite","node":{"__id__":25},"_materials":[{"__uuid__":"ecpdLyjvZBwrvm+cedCcQy"}],"_spriteFrame":{"__uuid__":"qzmjmja1-ba3b-4140-a1f1-f75aa167d8f3"}}],"_prefab":{"__type__":"cc.PrefabInfo","root":{"__id__":1},"asset":{"__uuid__":"qzmjmje9-8ef5-46bd-a98e-b258bbbf9cf7"},"fileId":"00048BxpYNJ0p72tT/m6WD4"},"_contentSize":{"__type__":"cc.Size","width":4,"height":12},"_trs":{"__type__":"TypedArray","ctor":"Float64Array","array":[-11.700000000000003,-0.9,0,0,0,0,1,-1,1,1]}},{"__type__":"cc.Node","_name":"sp_chatdi_right","_parent":{"__id__":1},"_components":[{"__type__":"cc.Sprite","node":{"__id__":26},"_materials":[{"__uuid__":"ecpdLyjvZBwrvm+cedCcQy"}],"_spriteFrame":{"__uuid__":"qzmjmj12-a3fe-47e6-b19c-3fee6bbfe5ca"},"_type":1,"_sizeMode":0},{"__type__":"cc.Layout","node":{"__id__":26},"_layoutSize":{"__type__":"cc.Size","width":370,"height":100},"_N$paddingLeft":22}],"_prefab":{"__type__":"cc.PrefabInfo","root":{"__id__":1},"asset":{"__uuid__":"qzmjmje9-8ef5-46bd-a98e-b258bbbf9cf7"},"fileId":"08c06qna/NDILKsi6gqNgRN"},"_contentSize":{"__type__":"cc.Size","width":370,"height":100},"_anchorPoint":{"__type__":"cc.Vec2","y":0.5},"_trs":{"__type__":"TypedArray","ctor":"Float64Array","array":[50,0,0,0,0,0,1,1,1,1]}},{"__type__":"cc.Node","_name":"sp_audio_right","_parent":{"__id__":1},"_children":[{"__id__":28},{"__id__":29},{"__id__":30},{"__id__":31}],"_components":[{"__type__":"cc.Sprite","node":{"__id__":27},"_materials":[{"__uuid__":"ecpdLyjvZBwrvm+cedCcQy"}],"_spriteFrame":{"__uuid__":"qzmjmj12-a3fe-47e6-b19c-3fee6bbfe5ca"}},{"__type__":"cc.Animation","node":{"__id__":27},"_clips":[{"__uuid__":"qzmjmj72-18f6-478f-9528-8c5cdd75bb29"}]}],"_prefab":{"__type__":"cc.PrefabInfo","root":{"__id__":1},"asset":{"__uuid__":"qzmjmje9-8ef5-46bd-a98e-b258bbbf9cf7"},"fileId":"3039eey3uxPvYJ4b7Psftm+"},"_contentSize":{"__type__":"cc.Size","width":160,"height":95},"_trs":{"__type__":"TypedArray","ctor":"Float64Array","array":[130,0,0,0,0,0,1,1,1,1]}},{"__type__":"cc.Node","_name":"icon_chat_huatong","_parent":{"__id__":27},"_components":[{"__type__":"cc.Sprite","node":{"__id__":28},"_materials":[{"__uuid__":"ecpdLyjvZBwrvm+cedCcQy"}],"_spriteFrame":{"__uuid__":"qzmjmjf1-ea3b-4e13-ba50-775ad6a108fc"}}],"_prefab":{"__type__":"cc.PrefabInfo","root":{"__id__":1},"asset":{"__uuid__":"qzmjmje9-8ef5-46bd-a98e-b258bbbf9cf7"},"fileId":"0ea40QSpmFGvJ9X8MANw+E6"},"_contentSize":{"__type__":"cc.Size","width":22,"height":26},"_trs":{"__type__":"TypedArray","ctor":"Float64Array","array":[-12.1,2.1,0,0,0,0,1,1,1,1]}},{"__type__":"cc.Node","_name":"icon_chat_huatong3","_parent":{"__id__":27},"_components":[{"__type__":"cc.Sprite","node":{"__id__":29},"_materials":[{"__uuid__":"ecpdLyjvZBwrvm+cedCcQy"}],"_spriteFrame":{"__uuid__":"qzmjmj74-466d-41ff-8601-1ae737c8b4ae"}}],"_prefab":{"__type__":"cc.PrefabInfo","root":{"__id__":1},"asset":{"__uuid__":"qzmjmje9-8ef5-46bd-a98e-b258bbbf9cf7"},"fileId":"8d504pI78ZJjo7RFZWEAksF"},"_contentSize":{"__type__":"cc.Size","width":7,"height":26},"_trs":{"__type__":"TypedArray","ctor":"Float64Array","array":[26,2.1,0,0,0,0,1,1,1,1]}},{"__type__":"cc.Node","_name":"icon_chat_huatong2","_parent":{"__id__":27},"_components":[{"__type__":"cc.Sprite","node":{"__id__":30},"_materials":[{"__uuid__":"ecpdLyjvZBwrvm+cedCcQy"}],"_spriteFrame":{"__uuid__":"qzmjmj1d-696c-42e9-820d-36509396bfad"}}],"_prefab":{"__type__":"cc.PrefabInfo","root":{"__id__":1},"asset":{"__uuid__":"qzmjmje9-8ef5-46bd-a98e-b258bbbf9cf7"},"fileId":"444c2M49WZA06UqQW36C+Eb"},"_contentSize":{"__type__":"cc.Size","width":7,"height":22},"_trs":{"__type__":"TypedArray","ctor":"Float64Array","array":[17.5,2.1,0,0,0,0,1,1,1,1]}},{"__type__":"cc.Node","_name":"icon_chat_huatong1","_parent":{"__id__":27},"_components":[{"__type__":"cc.Sprite","node":{"__id__":31},"_materials":[{"__uuid__":"ecpdLyjvZBwrvm+cedCcQy"}],"_spriteFrame":{"__uuid__":"qzmjmja1-ba3b-4140-a1f1-f75aa167d8f3"}}],"_prefab":{"__type__":"cc.PrefabInfo","root":{"__id__":1},"asset":{"__uuid__":"qzmjmje9-8ef5-46bd-a98e-b258bbbf9cf7"},"fileId":"ac047DgFChBS5EePCTYyNNm"},"_contentSize":{"__type__":"cc.Size","width":4,"height":12},"_trs":{"__type__":"TypedArray","ctor":"Float64Array","array":[10.4,2.1,0,0,0,0,1,1,1,1]}},{"__type__":"cc.Node","_name":"icon_auto","_parent":{"__id__":1},"_components":[{"__type__":"cc.Sprite","node":{"__id__":32},"_materials":[{"__uuid__":"ecpdLyjvZBwrvm+cedCcQy"}],"_spriteFrame":{"__uuid__":"qzmjmj0b-e986-48ff-ac2e-6c5b7e486737"}}],"_prefab":{"__type__":"cc.PrefabInfo","root":{"__id__":1},"asset":{"__uuid__":"qzmjmje9-8ef5-46bd-a98e-b258bbbf9cf7"},"fileId":"764f6SmUmRLvqBayWEGR3if"},"_contentSize":{"__type__":"cc.Size","width":80,"height":77},"_trs":{"__type__":"TypedArray","ctor":"Float64Array","array":[71,-45,0,0,0,0,1,0.5,0.5,1]}},{"__type__":"cc.Node","_name":"face_ani","_parent":{"__id__":1},"_components":[{"__type__":"cc.Sprite","node":{"__id__":33}},{"__type__":"cc.Animation","node":{"__id__":33},"_clips":[{"__uuid__":"qzmjmjc1-22c3-4c1b-8be1-2baf1d0bf714"},{"__uuid__":"qzmjmj6a-e40e-4da0-a6e0-aefb58d6be8a"},{"__uuid__":"qzmjmj0d-7a33-4f7e-8825-5bcb21611f8b"},{"__uuid__":"qzmjmjc2-5fc0-488d-ba36-a162971af284"},{"__uuid__":"qzmjmj76-c0e0-4392-b6d0-224175e4da88"},{"__uuid__":"qzmjmja2-9526-4afc-a5f6-8d6a6ddbc1d5"},{"__uuid__":"qzmjmjb4-f7b7-4366-9de5-0df256b8e72e"},{"__uuid__":"qzmjmj5d-1596-4fa4-8c65-2eebe52086a0"},{"__uuid__":"qzmjmj5c-4aec-4938-b153-ba03e346bb87"},{"__uuid__":"qzmjmj10-3f56-46fa-8b6a-982da78b0fb4"},{"__uuid__":"qzmjmj40-1021-4fa8-b989-5abe1a6b47d3"},{"__uuid__":"qzmjmjb4-50a7-485b-a94f-8f1c3d6b5f38"}]}],"_prefab":{"__type__":"cc.PrefabInfo","root":{"__id__":1},"asset":{"__uuid__":"qzmjmje9-8ef5-46bd-a98e-b258bbbf9cf7"},"fileId":"43344S/GrxEN6a71tKEMsko"},"_contentSize":{"__type__":"cc.Size","width":82,"height":80},"_trs":{"__type__":"TypedArray","ctor":"Float64Array","array":[0,0,0,0,0,0,1,1.4,1.4,1]}},{"__type__":"cc.Node","_name":"sp_chatdi_leftBottom","_parent":{"__id__":1},"_components":[{"__type__":"cc.Sprite","node":{"__id__":34},"_materials":[{"__uuid__":"ecpdLyjvZBwrvm+cedCcQy"}],"_spriteFrame":{"__uuid__":"qzmjmj12-a3fe-47e6-b19c-3fee6bbfe5ca"},"_type":1,"_sizeMode":0},{"__type__":"cc.Layout","node":{"__id__":34},"_layoutSize":{"__type__":"cc.Size","width":380,"height":100},"_N$paddingLeft":22,"_N$paddingRight":5}],"_prefab":{"__type__":"cc.PrefabInfo","root":{"__id__":1},"asset":{"__uuid__":"qzmjmje9-8ef5-46bd-a98e-b258bbbf9cf7"},"fileId":"85e59EpdQRMu6nHuQD6H+9g"},"_contentSize":{"__type__":"cc.Size","width":380,"height":100},"_anchorPoint":{"__type__":"cc.Vec2","y":0.5},"_trs":{"__type__":"TypedArray","ctor":"Float64Array","array":[60,-90,0,0,0,-1,6.123233995736766e-17,1,1,1]},"_eulerAngles":{"__type__":"cc.Vec3","z":-180}},{"__type__":"cc.Node","_name":"sp_chatdi_rightBottom","_parent":{"__id__":1},"_components":[{"__type__":"cc.Sprite","node":{"__id__":35},"_materials":[{"__uuid__":"ecpdLyjvZBwrvm+cedCcQy"}],"_spriteFrame":{"__uuid__":"qzmjmj12-a3fe-47e6-b19c-3fee6bbfe5ca"},"_type":1,"_sizeMode":0},{"__type__":"cc.Layout","node":{"__id__":35},"_layoutSize":{"__type__":"cc.Size","width":370,"height":100},"_N$paddingLeft":22}],"_prefab":{"__type__":"cc.PrefabInfo","root":{"__id__":1},"asset":{"__uuid__":"qzmjmje9-8ef5-46bd-a98e-b258bbbf9cf7"},"fileId":"2daa02Frv9BP5yAdLyJklLZ"},"_contentSize":{"__type__":"cc.Size","width":370,"height":100},"_anchorPoint":{"__type__":"cc.Vec2","y":0.5},"_trs":{"__type__":"TypedArray","ctor":"Float64Array","array":[-60,-90,0,0,0,0,1,1,1,1]}}],{"__type__":"cc.SpriteFrame","content":{"name":"icon_chat_huatong","texture":"qzmjmj95-2a95-40c4-b79a-964c769094ef","rect":[0,0,22,26],"offset":[0,0],"originalSize":[22,26],"capInsets":[0,0,0,0]}}]