[{"__type__":"cc.SpriteFrame","content":{"name":"img_bj_daoju","texture":"qzmjmjef-32d4-487f-a0a9-1d59734cd81e","rect":[0,0,82,82],"offset":[0,0],"originalSize":[82,82],"capInsets":[0,0,0,0]}},[{"__type__":"cc.Prefab","_name":"qzmj_giftPrefab","data":{"__id__":1}},{"__type__":"cc.Node","_name":"xymj_giftPrefab","_children":[{"__id__":2},{"__id__":3}],"_components":[{"__type__":"cc.Button","node":{"__id__":1},"zoomScale":0.9,"_N$enableAutoGrayEffect":true,"_N$transition":3,"transition":3,"_N$normalColor":{"__type__":"cc.Color","r":214,"g":214,"b":214},"_N$target":{"__id__":1}}],"_prefab":{"__type__":"cc.PrefabInfo","root":{"__id__":1},"asset":{"__uuid__":"qzmjmj81-d21b-4133-a107-74d541790cc5"},"fileId":"c68ysrm8dON6I36eXLhAzh"},"_contentSize":{"__type__":"cc.Size","width":108,"height":108},"_trs":{"__type__":"TypedArray","ctor":"Float64Array","array":[54,0,0,0,0,0,1,1,1,1]}},{"__type__":"cc.Node","_name":"bg_icon","_parent":{"__id__":1},"_components":[{"__type__":"cc.Sprite","node":{"__id__":2},"_spriteFrame":{"__uuid__":"qzmjmj20-db60-437c-8e7d-182bea413f97"}}],"_prefab":{"__type__":"cc.PrefabInfo","root":{"__id__":1},"asset":{"__uuid__":"qzmjmj81-d21b-4133-a107-74d541790cc5"},"fileId":"29OSFAmT1ALro01fs6GyUE"},"_contentSize":{"__type__":"cc.Size","width":82,"height":82},"_trs":{"__type__":"TypedArray","ctor":"Float64Array","array":[0,0,0,0,0,0,1,1,1,1]}},{"__type__":"cc.Node","_name":"item_icon","_parent":{"__id__":1},"_components":[{"__type__":"cc.Sprite","node":{"__id__":3}}],"_prefab":{"__type__":"cc.PrefabInfo","root":{"__id__":1},"asset":{"__uuid__":"qzmjmj81-d21b-4133-a107-74d541790cc5"},"fileId":"83+LcewZ1FCrr/hglnIHK2"},"_contentSize":{"__type__":"cc.Size","width":106,"height":98},"_trs":{"__type__":"TypedArray","ctor":"Float64Array","array":[0,0,0,0,0,0,1,1,1,1]}}]]