[{"__type__":"cc.SpriteFrame","content":{"name":"ani_qgh_08","texture":"qzmjmj46-c74e-41ec-bee6-a61351dded12","rect":[3,0,1022,332],"offset":[0,0],"originalSize":[1028,332],"capInsets":[0,0,0,0]}},{"__type__":"cc.SpriteFrame","content":{"name":"ani_qgh_04","texture":"qzmjmj11-860a-4c6a-aeab-e5d6e609ff98","rect":[4,78,1020,254],"offset":[0,-39],"originalSize":[1028,332],"capInsets":[0,0,0,0]}},{"__type__":"cc.SpriteFrame","content":{"name":"ani_qgh_07","texture":"qzmjmjd7-02e6-4bf0-94a1-59f9cebf3dfc","rect":[4,8,1021,324],"offset":[0.5,-4],"originalSize":[1028,332],"capInsets":[0,0,0,0]}},{"__type__":"cc.SpriteFrame","content":{"name":"ani_qgh_06","texture":"qzmjmjd5-6331-4d22-bc68-0697d074a9d1","rect":[4,32,1021,300],"offset":[0.5,-16],"originalSize":[1028,332],"capInsets":[0,0,0,0]}},{"__type__":"cc.AnimationClip","_name":"qiangganghuAction","_duration":0.15,"speed":0.2,"curveData":{"comps":{"cc.Sprite":{"spriteFrame":[{"frame":0,"value":{"__uuid__":"qzmjmjf5-5a9b-4eab-9c6a-45915028fe7e"}},{"frame":0.016666666666666666,"value":{"__uuid__":"qzmjmjc2-5af6-4d01-af10-07f3ec14bc8d"}},{"frame":0.03333333333333333,"value":{"__uuid__":"qzmjmjfa-992f-4052-92cf-9ad2484dcba6"}},{"frame":0.05,"value":{"__uuid__":"qzmjmj33-74f5-4dd8-8e1b-5290151f7034"}},{"frame":0.06666666666666667,"value":{"__uuid__":"qzmjmj72-9b30-49d0-92a5-f75c1273fee9"}},{"frame":0.08333333333333333,"value":{"__uuid__":"qzmjmj45-17fe-46dd-a43e-4c10e643258a"}},{"frame":0.1,"value":{"__uuid__":"qzmjmj39-5a1e-47be-8e30-a5b148727839"}},{"frame":0.11666666666666667,"value":{"__uuid__":"qzmjmj1f-ccc1-4865-8b1e-0eede0fbf26b"}},{"frame":0.13333333333333333,"value":{"__uuid__":"qzmjmj80-72aa-48a7-9492-8f56dcedca99"}}]}}}},{"__type__":"cc.SpriteFrame","content":{"name":"ani_qgh_05","texture":"qzmjmj1f-c501-4422-b02c-c1bf292ce813","rect":[4,41,1021,291],"offset":[0.5,-20.5],"originalSize":[1028,332],"capInsets":[0,0,0,0]}},{"__type__":"cc.SpriteFrame","content":{"name":"ani_qgh_09","texture":"qzmjmjb0-7041-44c5-8f14-7da7d837de76","rect":[4,41,1021,291],"offset":[0.5,-20.5],"originalSize":[1028,332],"capInsets":[0,0,0,0]}},{"__type__":"cc.SpriteFrame","content":{"name":"ani_qgh_02","texture":"qzmjmje3-75e0-46ed-bbb0-5eb61c5c1758","rect":[134,124,761,196],"offset":[0.5,-56],"originalSize":[1028,332],"capInsets":[0,0,0,0]}},{"__type__":"cc.SpriteFrame","content":{"name":"ani_qgh_01","texture":"qzmjmje4-7f71-4a46-8bf2-33e428c018d7","rect":[261,147,506,146],"offset":[0,-54],"originalSize":[1028,332],"capInsets":[0,0,0,0]}},{"__type__":"cc.SpriteFrame","content":{"name":"ani_qgh_03","texture":"qzmjmjcd-e9ee-4b52-9f79-1ecc943ea83c","rect":[11,109,1007,223],"offset":[0.5,-54.5],"originalSize":[1028,332],"capInsets":[0,0,0,0]}}]