[[{"__type__":"cc.Prefab","_name":"qiangganghu","data":{"__id__":1}},{"__type__":"cc.Node","_name":"qiangganghu","_components":[{"__type__":"cc.Sprite","node":{"__id__":1},"_spriteFrame":{"__uuid__":"qzmjmjf5-5a9b-4eab-9c6a-45915028fe7e"},"_sizeMode":2,"_isTrimmedMode":false},{"__type__":"cc.Animation","node":{"__id__":1},"_defaultClip":{"__uuid__":"qzmjmj5b-91e0-4fc6-9c6b-3eb3691a466b"},"_clips":[{"__uuid__":"qzmjmj5b-91e0-4fc6-9c6b-3eb3691a466b"}]},{"__type__":"qzmjmja3-f7f6-43f3-bc26-19a21c44bee8","node":{"__id__":1}}],"_prefab":{"__type__":"cc.PrefabInfo","root":{"__id__":1},"asset":{"__uuid__":"qzmjmje7-28f6-4906-9b87-b57e65ab81d6"},"fileId":"e5812aMCllNKrTClf4ZF7cN"},"_contentSize":{"__type__":"cc.Size","width":1028,"height":332},"_trs":{"__type__":"TypedArray","ctor":"Float64Array","array":[0,0,0,0,0,0,1,1,1,1]}}],{"__type__":"cc.SpriteFrame","content":{"name":"ani_qgh_01","texture":"qzmjmje4-7f71-4a46-8bf2-33e428c018d7","rect":[261,147,506,146],"offset":[0,-54],"originalSize":[1028,332],"capInsets":[0,0,0,0]}}]