[{"__type__":"cc.SpriteFrame","content":{"name":"icon_jt","texture":"qzmjmj8e-0829-444d-8630-ea2a3c8344df","rect":[1,0,49,51],"offset":[0.5,0],"originalSize":[50,51],"capInsets":[0,0,0,0]}},{"__type__":"cc.SpriteFrame","content":{"name":"hh_face_dao_24","texture":"qzmjmj84-3629-4500-9bbb-d3ddc183f2dc","rect":[0,0,47,76],"offset":[0,0],"originalSize":[47,76],"capInsets":[0,0,0,0]}},[{"__type__":"cc.Prefab","_name":"UIQZMJCard03","data":{"__id__":1}},{"__type__":"cc.Node","_name":"UIQZMJCard03","_children":[{"__id__":2},{"__id__":5}],"_components":[{"__type__":"qzmjmj91-bbab-4806-9760-9462f007ff4e","node":{"__id__":1},"JS_Name":"xymj_BaseComponent","sp_in":{"__id__":3},"card":{"__id__":2},"downcard":{"__id__":5},"BackCardSpriteFrame":{"__uuid__":"qzmjmjd1-8811-4605-be33-0a1749423f4d"}}],"_prefab":{"__type__":"cc.PrefabInfo","root":{"__id__":1},"asset":{"__uuid__":"qzmjmj90-21d9-4267-ab17-af4a0a6dfc4d"},"fileId":"fac68aTOX1Auqp9n68eM0wS"},"_trs":{"__type__":"TypedArray","ctor":"Float64Array","array":[0,0,0,0,0,0,1,1,1,1]}},{"__type__":"cc.Node","_name":"card","_parent":{"__id__":1},"_children":[{"__id__":3},{"__id__":4}],"_components":[{"__type__":"cc.Layout","node":{"__id__":2},"_layoutSize":{"__type__":"cc.Size","width":540,"height":49},"_N$layoutType":1,"_N$paddingLeft":10,"_N$spacingX":5.5,"_N$spacingY":5.5}],"_prefab":{"__type__":"cc.PrefabInfo","root":{"__id__":1},"asset":{"__uuid__":"qzmjmj90-21d9-4267-ab17-af4a0a6dfc4d"},"fileId":"973734nyTZJQ7IH0/X/drZc"},"_contentSize":{"__type__":"cc.Size","width":540,"height":49},"_anchorPoint":{"__type__":"cc.Vec2","y":0.5},"_trs":{"__type__":"TypedArray","ctor":"Float64Array","array":[-331,0,0,0,0,0,1,1,1,1]}},{"__type__":"cc.Node","_name":"sp_in","_parent":{"__id__":2},"_components":[{"__type__":"cc.Sprite","node":{"__id__":3},"_spriteFrame":{"__uuid__":"qzmjmjd1-8811-4605-be33-0a1749423f4d"},"_sizeMode":0}],"_prefab":{"__type__":"cc.PrefabInfo","root":{"__id__":1},"asset":{"__uuid__":"qzmjmj90-21d9-4267-ab17-af4a0a6dfc4d"},"fileId":"44b36dX5ZBIOJrK60pS8Qw1"},"_contentSize":{"__type__":"cc.Size","width":30,"height":45},"_trs":{"__type__":"TypedArray","ctor":"Float64Array","array":[25,2,0,0,0,0,1,1.2,1.2,1]}},{"__type__":"cc.Node","_name":"empty","_parent":{"__id__":2},"_components":[{"__type__":"cc.Sprite","node":{"__id__":4}}],"_prefab":{"__type__":"cc.PrefabInfo","root":{"__id__":1},"asset":{"__uuid__":"qzmjmj90-21d9-4267-ab17-af4a0a6dfc4d"},"fileId":"24b69kxRIhCoo2IT1FHv/Bf"},"_contentSize":{"__type__":"cc.Size","width":33,"height":49},"_trs":{"__type__":"TypedArray","ctor":"Float64Array","array":[62,0,0,0,0,0,1,1.2,1.2,1]}},{"__type__":"cc.Node","_name":"downcard","_parent":{"__id__":1},"_children":[{"__id__":6}],"_components":[{"__type__":"cc.Layout","node":{"__id__":5},"_layoutSize":{"__type__":"cc.Size","width":245,"height":160},"_resize":1,"_N$layoutType":1,"_N$spacingX":-95,"_N$horizontalDirection":1},{"__type__":"qzmjmj4b-140d-4a29-af82-be69e76160e8","node":{"__id__":5},"JS_Name":"xymj_BaseComponent"}],"_prefab":{"__type__":"cc.PrefabInfo","root":{"__id__":1},"asset":{"__uuid__":"qzmjmj90-21d9-4267-ab17-af4a0a6dfc4d"},"fileId":"4a5a8c2hPBEyIzodL37JK8t"},"_contentSize":{"__type__":"cc.Size","width":245,"height":160},"_anchorPoint":{"__type__":"cc.Vec2","x":1,"y":0.5},"_trs":{"__type__":"TypedArray","ctor":"Float64Array","array":[327,37,0,0,0,0,1,0.7,0.7,1]}},{"__type__":"cc.Node","_name":"down01","_parent":{"__id__":5},"_children":[{"__id__":7},{"__id__":9},{"__id__":11},{"__id__":13}],"_prefab":{"__type__":"cc.PrefabInfo","root":{"__id__":1},"asset":{"__uuid__":"qzmjmj90-21d9-4267-ab17-af4a0a6dfc4d"},"fileId":"edae0I8E7RCs7gTNeetu/67"},"_contentSize":{"__type__":"cc.Size","width":245,"height":118},"_trs":{"__type__":"TypedArray","ctor":"Float64Array","array":[-122.5,-48.7,0,0,0,0,1,1,1,1]}},{"__type__":"cc.Node","_name":"card03","_parent":{"__id__":6},"_children":[{"__id__":8}],"_components":[{"__type__":"cc.Sprite","node":{"__id__":7},"_spriteFrame":{"__uuid__":"qzmjmj7d-d077-4e42-ac80-228ec758c4f0"}}],"_prefab":{"__type__":"cc.PrefabInfo","root":{"__id__":1},"asset":{"__uuid__":"qzmjmj90-21d9-4267-ab17-af4a0a6dfc4d"},"fileId":"4832egnn1NOloBpJn4kShZz"},"_contentSize":{"__type__":"cc.Size","width":47,"height":76},"_trs":{"__type__":"TypedArray","ctor":"Float64Array","array":[14,0,0,0,0,0,1,1,1,1]}},{"__type__":"cc.Node","_name":"zhi","_parent":{"__id__":7},"_active":false,"_components":[{"__type__":"cc.Sprite","node":{"__id__":8},"_spriteFrame":{"__uuid__":"qzmjmj42-7085-406c-8f01-d33a4cff08b8"}}],"_prefab":{"__type__":"cc.PrefabInfo","root":{"__id__":1},"asset":{"__uuid__":"qzmjmj90-21d9-4267-ab17-af4a0a6dfc4d"},"fileId":"15162GaQHJNXL8mTmP8upKv"},"_contentSize":{"__type__":"cc.Size","width":34,"height":25},"_trs":{"__type__":"TypedArray","ctor":"Float64Array","array":[0.1,-9.9,0,0,0,0,1,0.8,0.8,1]}},{"__type__":"cc.Node","_name":"card02","_parent":{"__id__":6},"_children":[{"__id__":10}],"_components":[{"__type__":"cc.Sprite","node":{"__id__":9},"_spriteFrame":{"__uuid__":"qzmjmj7d-d077-4e42-ac80-228ec758c4f0"}}],"_prefab":{"__type__":"cc.PrefabInfo","root":{"__id__":1},"asset":{"__uuid__":"qzmjmj90-21d9-4267-ab17-af4a0a6dfc4d"},"fileId":"4dc376iIP1Hzb/2XFRSeZ5G"},"_contentSize":{"__type__":"cc.Size","width":47,"height":76},"_trs":{"__type__":"TypedArray","ctor":"Float64Array","array":[60,0,0,0,0,0,1,1,1,1]}},{"__type__":"cc.Node","_name":"zhi","_parent":{"__id__":9},"_active":false,"_components":[{"__type__":"cc.Sprite","node":{"__id__":10},"_spriteFrame":{"__uuid__":"qzmjmj42-7085-406c-8f01-d33a4cff08b8"}}],"_prefab":{"__type__":"cc.PrefabInfo","root":{"__id__":1},"asset":{"__uuid__":"qzmjmj90-21d9-4267-ab17-af4a0a6dfc4d"},"fileId":"2fdbcwdJ25Jk5OSkHqwV0k4"},"_contentSize":{"__type__":"cc.Size","width":41,"height":32},"_trs":{"__type__":"TypedArray","ctor":"Float64Array","array":[0.1,-9.9,0,0,0,0,1,0.8,0.8,1]}},{"__type__":"cc.Node","_name":"card01","_parent":{"__id__":6},"_children":[{"__id__":12}],"_components":[{"__type__":"cc.Sprite","node":{"__id__":11},"_spriteFrame":{"__uuid__":"qzmjmj7d-d077-4e42-ac80-228ec758c4f0"}}],"_prefab":{"__type__":"cc.PrefabInfo","root":{"__id__":1},"asset":{"__uuid__":"qzmjmj90-21d9-4267-ab17-af4a0a6dfc4d"},"fileId":"b345eWR1KdCXrN5zgZYLrHJ"},"_contentSize":{"__type__":"cc.Size","width":47,"height":76},"_trs":{"__type__":"TypedArray","ctor":"Float64Array","array":[106.3,0,0,0,0,0,1,1,1,1]}},{"__type__":"cc.Node","_name":"zhi","_parent":{"__id__":11},"_active":false,"_components":[{"__type__":"cc.Sprite","node":{"__id__":12},"_spriteFrame":{"__uuid__":"qzmjmj42-7085-406c-8f01-d33a4cff08b8"}}],"_prefab":{"__type__":"cc.PrefabInfo","root":{"__id__":1},"asset":{"__uuid__":"qzmjmj90-21d9-4267-ab17-af4a0a6dfc4d"},"fileId":"8533f0843RHFZ8pYsIOno1J"},"_contentSize":{"__type__":"cc.Size","width":41,"height":32},"_trs":{"__type__":"TypedArray","ctor":"Float64Array","array":[0.1,-9.9,0,0,0,0,1,0.8,0.8,1]}},{"__type__":"cc.Node","_name":"card04","_parent":{"__id__":6},"_children":[{"__id__":14}],"_components":[{"__type__":"cc.Sprite","node":{"__id__":13},"_spriteFrame":{"__uuid__":"qzmjmj7d-d077-4e42-ac80-228ec758c4f0"}}],"_prefab":{"__type__":"cc.PrefabInfo","root":{"__id__":1},"asset":{"__uuid__":"qzmjmj90-21d9-4267-ab17-af4a0a6dfc4d"},"fileId":"587a8jaGy5OR448KZ6bL3Rz"},"_contentSize":{"__type__":"cc.Size","width":47,"height":76},"_trs":{"__type__":"TypedArray","ctor":"Float64Array","array":[60,17.5,0,0,0,0,1,1,1,1]}},{"__type__":"cc.Node","_name":"zhi","_parent":{"__id__":13},"_active":false,"_components":[{"__type__":"cc.Sprite","node":{"__id__":14},"_spriteFrame":{"__uuid__":"qzmjmj42-7085-406c-8f01-d33a4cff08b8"}}],"_prefab":{"__type__":"cc.PrefabInfo","root":{"__id__":1},"asset":{"__uuid__":"qzmjmj90-21d9-4267-ab17-af4a0a6dfc4d"},"fileId":"7d6c7jVO9ZLCr0HjaDcW2Pj"},"_contentSize":{"__type__":"cc.Size","width":41,"height":32},"_trs":{"__type__":"TypedArray","ctor":"Float64Array","array":[0.1,-9.9,0,0,0,0,1,0.8,0.8,1]}}],{"__type__":"cc.SpriteFrame","content":{"name":"pai4","texture":"qzmjmj45-6e4c-4b11-8388-b6119b1a1a40","rect":[0,0,30,45],"offset":[0,0],"originalSize":[30,45],"capInsets":[0,0,0,0]}}]