[{"__type__":"cc.SpriteFrame","content":{"name":"ani_08","texture":"qzmjmj4d-c07f-4d9b-95db-da46d1fa636b","rect":[126,54,696,282],"offset":[-2.5,2.5],"originalSize":[953,395],"capInsets":[0,0,0,0]}},{"__type__":"cc.SpriteFrame","content":{"name":"ani_04","texture":"qzmjmje5-713a-4607-a61b-3cca2829bdbd","rect":[190,80,572,237],"offset":[-0.5,-1],"originalSize":[953,395],"capInsets":[0,0,0,0]}},{"__type__":"cc.SpriteFrame","content":{"name":"ani_07","texture":"qzmjmjf4-295d-4f37-be73-e508be9fa90b","rect":[141,62,666,268],"offset":[-2.5,1.5],"originalSize":[953,395],"capInsets":[0,0,0,0]}},{"__type__":"cc.SpriteFrame","content":{"name":"ani_01","texture":"qzmjmj41-93ec-462a-a279-7b38fe3eea7e","rect":[36,19,874,350],"offset":[-3.5,3.5],"originalSize":[953,395],"capInsets":[0,0,0,0]}},{"__type__":"cc.SpriteFrame","content":{"name":"ani_09","texture":"qzmjmj2f-ed42-408b-8245-53a18b52310e","rect":[105,46,738,298],"offset":[-2.5,2.5],"originalSize":[953,395],"capInsets":[0,0,0,0]}},{"__type__":"cc.SpriteFrame","content":{"name":"ani_06","texture":"qzmjmj73-a5d5-475b-a581-e53803739280","rect":[160,67,631,262],"offset":[-1,-0.5],"originalSize":[953,395],"capInsets":[0,0,0,0]}},{"__type__":"cc.AnimationClip","_name":"beidongdaAction","_duration":0.7666666666666667,"curveData":{"comps":{"cc.Sprite":{"spriteFrame":[{"frame":0,"value":{"__uuid__":"qzmjmj5a-8b99-45a7-ac92-1ea0cb37fbf4"}},{"frame":0.08333333333333333,"value":{"__uuid__":"qzmjmja3-3457-41ee-b6e6-e3946032a855"}},{"frame":0.16666666666666666,"value":{"__uuid__":"qzmjmjaf-b41c-4aa0-a105-baf9ac3b0891"}},{"frame":0.25,"value":{"__uuid__":"qzmjmj23-7100-4d06-9cc5-5c29e8f444b4"}},{"frame":0.3333333333333333,"value":{"__uuid__":"qzmjmjca-7eee-4772-bbc1-2d965b8b946a"}},{"frame":0.4166666666666667,"value":{"__uuid__":"qzmjmj61-0513-4962-8bf7-4a729de23ff1"}},{"frame":0.5,"value":{"__uuid__":"qzmjmj4c-5e9c-4328-b8ea-6eff8d01c133"}},{"frame":0.5833333333333334,"value":{"__uuid__":"qzmjmj1c-7e0e-4fb0-8f35-835d2738b832"}},{"frame":0.6666666666666666,"value":{"__uuid__":"qzmjmj5e-ef24-45b6-ad0a-7166b13fe501"}},{"frame":0.75,"value":{"__uuid__":"qzmjmjb7-a5c8-4ee1-9d68-b669719c8913"}}]}}}},{"__type__":"cc.SpriteFrame","content":{"name":"ani_02","texture":"qzmjmj67-81bc-4719-982c-43a54b9fb1a3","rect":[2,2,946,383],"offset":[-1.5,4],"originalSize":[953,395],"capInsets":[0,0,0,0]}},{"__type__":"cc.SpriteFrame","content":{"name":"ani_03","texture":"qzmjmj3c-95af-4ea4-9d86-ef944f5cdfb1","rect":[84,35,784,325],"offset":[-0.5,0],"originalSize":[953,395],"capInsets":[0,0,0,0]}},{"__type__":"cc.SpriteFrame","content":{"name":"ani_10","texture":"qzmjmja6-4fce-4558-a59b-8c673cfcaa26","rect":[254,109,497,200],"offset":[26,-11.5],"originalSize":[953,395],"capInsets":[0,0,0,0]}},{"__type__":"cc.SpriteFrame","content":{"name":"ani_05","texture":"qzmjmj5d-ce44-430a-9c6e-0370f4257485","rect":[190,80,572,237],"offset":[-0.5,-1],"originalSize":[953,395],"capInsets":[0,0,0,0]}}]