[{"__type__":"cc.SpriteFrame","content":{"name":"expression_09_01","texture":"qzmjmjec-4f8f-407d-8403-954a5ccad417","rect":[32,48,91,114],"offset":[0.5,-17.5],"originalSize":[154,175],"capInsets":[0,0,0,0]}},{"__type__":"cc.AnimationClip","_name":"face9Action","_duration":0.8,"sample":20,"curveData":{"comps":{"cc.Sprite":{"spriteFrame":[{"frame":0,"value":{"__uuid__":"qzmjmj47-3e65-40a6-8f10-c93c7b81d3b1"}},{"frame":0.25,"value":{"__uuid__":"qzmjmjad-383a-441b-b440-6934447a7512"}},{"frame":0.5,"value":{"__uuid__":"qzmjmjfb-e526-4ebb-a060-8f0355e0798e"}},{"frame":0.75,"value":{"__uuid__":"qzmjmjac-96ec-42ca-b314-457892001bfb"}}]}}}},{"__type__":"cc.SpriteFrame","content":{"name":"expression_09_04","texture":"qzmjmjcf-910e-4400-881e-c2dc599149a9","rect":[31,48,92,104],"offset":[0,-12.5],"originalSize":[154,175],"capInsets":[0,0,0,0]}},{"__type__":"cc.SpriteFrame","content":{"name":"expression_09_02","texture":"qzmjmj78-b4ba-469d-8845-736536d2bdd0","rect":[30,48,93,111],"offset":[-0.5,-16],"originalSize":[154,175],"capInsets":[0,0,0,0]}},{"__type__":"cc.SpriteFrame","content":{"name":"expression_09_03","texture":"qzmjmjc5-850c-4fda-b495-b4e8a8eae253","rect":[31,48,92,127],"offset":[0,-24],"originalSize":[154,175],"capInsets":[0,0,0,0]}}]