[[{"__type__":"cc.Prefab","_name":"qzmj_WBkehuPrefab","data":{"__id__":1}},{"__type__":"cc.Node","_name":"qzmj_WBkehuPrefab","_children":[{"__id__":2},{"__id__":3},{"__id__":4},{"__id__":5}],"_prefab":{"__type__":"cc.PrefabInfo","root":{"__id__":1},"asset":{"__uuid__":"f9gVpjij9Cy56xgdsJBDY5"},"fileId":"7e/Bo6RpZDKqR/hk/OTW0N"},"_contentSize":{"__type__":"cc.Size","width":84,"height":128},"_trs":{"__type__":"TypedArray","ctor":"Float64Array","array":[0,0,0,0,0,0,1,1,1,1]}},{"__type__":"cc.Node","_name":"card","_parent":{"__id__":1},"_components":[{"__type__":"cc.Sprite","node":{"__id__":2},"_materials":[{"__uuid__":"ecpdLyjvZBwrvm+cedCcQy"}],"_spriteFrame":{"__uuid__":"qzmjmj7b-4dd2-4e9a-8149-f414a9ff84b9"},"_sizeMode":0}],"_prefab":{"__type__":"cc.PrefabInfo","root":{"__id__":1},"asset":{"__uuid__":"f9gVpjij9Cy56xgdsJBDY5"},"fileId":"f11GbXSi5Ch7R4LaTFApyC"},"_contentSize":{"__type__":"cc.Size","width":84,"height":128},"_trs":{"__type__":"TypedArray","ctor":"Float64Array","array":[0,0,0,0,0,0,1,1,1,1]}},{"__type__":"cc.Node","_name":"redQ","_parent":{"__id__":1},"_active":false,"_components":[{"__type__":"cc.Sprite","node":{"__id__":3},"_enabled":false,"_materials":[{"__uuid__":"ecpdLyjvZBwrvm+cedCcQy"}],"_sizeMode":0}],"_prefab":{"__type__":"cc.PrefabInfo","root":{"__id__":1},"asset":{"__uuid__":"f9gVpjij9Cy56xgdsJBDY5"},"fileId":"2aH4oI5DlFz7CEvtKtelZU"},"_contentSize":{"__type__":"cc.Size","width":35,"height":35},"_trs":{"__type__":"TypedArray","ctor":"Float64Array","array":[38.2,45.8,0,0,0,0,1,1,1,1]}},{"__type__":"cc.Node","_name":"lb_num","_parent":{"__id__":1},"_components":[{"__type__":"cc.Label","node":{"__id__":4},"_materials":[{"__uuid__":"ecpdLyjvZBwrvm+cedCcQy"}],"_useOriginalSize":false,"_string":"4","_N$string":"4","_fontSize":30,"_lineHeight":32,"_N$horizontalAlign":1,"_N$verticalAlign":1}],"_prefab":{"__type__":"cc.PrefabInfo","root":{"__id__":1},"asset":{"__uuid__":"f9gVpjij9Cy56xgdsJBDY5"},"fileId":"45Qyfrc49L5o15Xz4mZpBQ"},"_color":{"__type__":"cc.Color","r":255,"g":245,"b":165},"_contentSize":{"__type__":"cc.Size","width":16.68,"height":40.32},"_trs":{"__type__":"TypedArray","ctor":"Float64Array","array":[58.565,5.3,0,0,0,0,1,1,1,1]}},{"__type__":"cc.Node","_name":"lb","_parent":{"__id__":1},"_components":[{"__type__":"cc.Label","node":{"__id__":5},"_materials":[{"__uuid__":"ecpdLyjvZBwrvm+cedCcQy"}],"_useOriginalSize":false,"_string":"张","_N$string":"张","_fontSize":28,"_lineHeight":28,"_N$file":{"__uuid__":"qzmjmj1e-650d-4484-9e24-10ffc791e225"},"_isSystemFontUsed":false,"_N$horizontalAlign":1,"_N$verticalAlign":1}],"_prefab":{"__type__":"cc.PrefabInfo","root":{"__id__":1},"asset":{"__uuid__":"f9gVpjij9Cy56xgdsJBDY5"},"fileId":"bc4E3oBVBHmLcgBQTAp6JI"},"_color":{"__type__":"cc.Color","r":110,"g":203,"b":182},"_contentSize":{"__type__":"cc.Size","width":28,"height":35.28},"_trs":{"__type__":"TypedArray","ctor":"Float64Array","array":[82.849,5.3,0,0,0,0,1,1,1,1]}}],{"__type__":"cc.SpriteFrame","content":{"name":"hh_face_dao_01","texture":"qzmjmj2a-eedf-4c5f-8226-178b85ebe5ea","rect":[0,0,47,76],"offset":[0,0],"originalSize":[47,76],"capInsets":[0,0,0,0]}}]