[{"__type__":"cc.SpriteFrame","content":{"name":"2","texture":"198a959d2","rect":[395,687,306,383],"offset":[-2,7],"originalSize":[676,681],"rotated":1,"capInsets":[0,0,0,0]}},{"__type__":"cc.SpriteFrame","content":{"name":"12","texture":"1b2f0ec95","rect":[629,2,364,385],"offset":[9,8],"originalSize":[676,681],"rotated":1,"capInsets":[0,0,0,0]}},{"__type__":"cc.SpriteFrame","content":{"name":"10","texture":"1651e8d0a","rect":[2,2,487,458],"offset":[-0.5,31.5],"originalSize":[676,681],"capInsets":[0,0,0,0]}},{"__type__":"cc.SpriteFrame","content":{"name":"1","texture":"198a959d2","rect":[2,687,306,389],"offset":[-2,5],"originalSize":[676,681],"rotated":1,"capInsets":[0,0,0,0]}},{"__type__":"cc.SpriteFrame","content":{"name":"16","texture":"11d80721c","rect":[2,713,305,382],"offset":[-1.5,6.5],"originalSize":[676,681],"rotated":1,"capInsets":[0,0,0,0]}},{"__type__":"cc.SpriteFrame","content":{"name":"8","texture":"11d80721c","rect":[2,2,633,637],"offset":[0.5,0],"originalSize":[676,681],"capInsets":[0,0,0,0]}},{"__type__":"cc.SpriteFrame","content":{"name":"14","texture":"11d80721c","rect":[639,361,348,383],"offset":[-9,7],"originalSize":[676,681],"rotated":1,"capInsets":[0,0,0,0]}},{"__type__":"cc.SpriteFrame","content":{"name":"3","texture":"113c01330","rect":[2,2,602,587],"offset":[4,21],"originalSize":[676,681],"capInsets":[0,0,0,0]}},{"__type__":"cc.SpriteFrame","content":{"name":"5","texture":"129b940d2","rect":[2,2,617,575],"offset":[6.5,27],"originalSize":[676,681],"capInsets":[0,0,0,0]}},{"__type__":"cc.SpriteFrame","content":{"name":"9","texture":"198a959d2","rect":[2,2,674,681],"offset":[0,0],"originalSize":[676,681],"capInsets":[0,0,0,0]}},{"__type__":"cc.SpriteFrame","content":{"name":"4","texture":"198a959d2","rect":[680,2,306,383],"offset":[-2,7],"originalSize":[676,681],"capInsets":[0,0,0,0]}},{"__type__":"cc.SpriteFrame","content":{"name":"6","texture":"1b2f0ec95","rect":[2,2,623,597],"offset":[6.5,34],"originalSize":[676,681],"capInsets":[0,0,0,0]}},{"__type__":"cc.SpriteFrame","content":{"name":"7","texture":"16f9b836f","rect":[2,2,604,568],"offset":[0,30.5],"originalSize":[676,681],"capInsets":[0,0,0,0]}},{"__type__":"cc.AnimationClip","_name":"kaijinAction","_duration":1.2666666666666666,"curveData":{"comps":{"cc.Sprite":{"spriteFrame":[{"frame":0,"value":{"__uuid__":"qzmjmj43-691a-4b6d-8740-73b8303f9d83"}},{"frame":0.08333333333333333,"value":{"__uuid__":"qzmjmj04-3f4c-4f24-a56d-028c8766e727"}},{"frame":0.16666666666666666,"value":{"__uuid__":"qzmjmj86-8853-472b-aedc-fef1e760a541"}},{"frame":0.25,"value":{"__uuid__":"qzmjmja4-1039-4e7b-88c5-87b358222de5"}},{"frame":0.3333333333333333,"value":{"__uuid__":"qzmjmj8d-abd3-4592-8eb9-026ecc83bd04"}},{"frame":0.4166666666666667,"value":{"__uuid__":"qzmjmjc0-77c1-4684-968a-36adae8e6588"}},{"frame":0.5,"value":{"__uuid__":"qzmjmjd3-979a-46f6-aa04-e1494562788b"}},{"frame":0.5833333333333334,"value":{"__uuid__":"qzmjmj4f-9eea-4b50-978c-3a43e238dd95"}},{"frame":0.6666666666666666,"value":{"__uuid__":"qzmjmj97-399f-4ad2-8233-f9c30cebc0c0"}},{"frame":0.75,"value":{"__uuid__":"qzmjmj2b-9960-4d5f-9eb4-d0c7c4ed8703"}},{"frame":0.8333333333333334,"value":{"__uuid__":"qzmjmjea-188b-40fd-b6aa-3c10c682fe11"}},{"frame":0.9166666666666666,"value":{"__uuid__":"qzmjmj2a-8170-450d-83ff-b99568c93314"}},{"frame":1,"value":{"__uuid__":"qzmjmjf0-eb57-4725-a863-a96005c81909"}},{"frame":1.0833333333333333,"value":{"__uuid__":"qzmjmj50-99b1-4b75-ab7d-c48afb172b1e"}},{"frame":1.1666666666666667,"value":{"__uuid__":"qzmjmjfe-00e1-4937-9d09-c63ac4309091"}},{"frame":1.25,"value":{"__uuid__":"qzmjmj44-c012-4882-9d95-014eb43a1d2f"}}]}}}},{"__type__":"cc.SpriteFrame","content":{"name":"11","texture":"1b2f0ec95","rect":[629,370,358,384],"offset":[12,7.5],"originalSize":[676,681],"rotated":1,"capInsets":[0,0,0,0]}},{"__type__":"cc.SpriteFrame","content":{"name":"13","texture":"11d80721c","rect":[639,2,355,383],"offset":[-12.5,7],"originalSize":[676,681],"rotated":1,"capInsets":[0,0,0,0]}},{"__type__":"cc.SpriteFrame","content":{"name":"15","texture":"11d80721c","rect":[388,713,305,382],"offset":[-1.5,6.5],"originalSize":[676,681],"rotated":1,"capInsets":[0,0,0,0]}}]