[{"__type__":"cc.SpriteFrame","content":{"name":"default_btn_disabled","texture":"71VhFCTINJM6/Ky3oX9nBT","rect":[0,0,40,40],"offset":[0,0],"originalSize":[40,40],"capInsets":[12,12,12,12]}},{"__type__":"cc.SpriteFrame","content":{"name":"default_scrollbar_vertical","texture":"d608qFRoFHwbXd0Dap056i","rect":[0,0,15,30],"offset":[0,0],"originalSize":[15,30],"capInsets":[4,10,4,10]}},{"__type__":"cc.SpriteFrame","content":{"name":"default_scrollbar_vertical_bg","texture":"61cyPdEfRN047sDK9rO0W5","rect":[0,0,15,30],"offset":[0,0],"originalSize":[15,30],"capInsets":[4,10,4,10]}},{"__type__":"cc.SpriteFrame","content":{"name":"default_btn_pressed","texture":"b4P/PCArtIdIH38t6mlw8Y","rect":[0,0,40,40],"offset":[0,0],"originalSize":[40,40],"capInsets":[12,12,12,12]}},{"__type__":"cc.SpriteFrame","content":{"name":"default_btn_normal","texture":"e8Ueib+qJEhL6mXAHdnwbi","rect":[0,0,40,40],"offset":[0,0],"originalSize":[40,40],"capInsets":[12,12,12,12]}},{"__type__":"cc.SpriteFrame","content":{"name":"bg01_sy","texture":"qzmjmjcc-029b-4cc8-aadf-03e2a3c5b28e","rect":[0,0,1560,720],"offset":[0,0],"originalSize":[1560,720],"capInsets":[0,0,0,0]}},{"__type__":"cc.SpriteFrame","content":{"name":"img_symid_up","texture":"qzmjmj48-01e2-45d2-b15c-51c873f7a2a1","rect":[1,0,411,82],"offset":[0,0],"originalSize":[413,82],"capInsets":[0,0,0,0]}},{"__type__":"cc.SpriteFrame","content":{"name":"btn_gjc","texture":"qzmjmj2c-2b34-426a-a3c2-5900e655c16c","rect":[0,0,246,392],"offset":[0,0],"originalSize":[246,392],"capInsets":[0,0,0,0]}},{"__type__":"cc.SpriteFrame","content":{"name":"bj_whiteline","texture":"qzmjmj21-bdbc-4cdf-b492-4b05259dacd4","rect":[0,0,173,23],"offset":[0,0],"originalSize":[173,23],"capInsets":[0,0,0,0]}},{"__type__":"cc.SpriteFrame","content":{"name":"btn_cjc","texture":"qzmjmj82-212c-4a34-96ab-2d8334735d0b","rect":[0,0,246,392],"offset":[0,0],"originalSize":[246,392],"capInsets":[0,0,0,0]}},{"__type__":"cc.SpriteFrame","content":{"name":"img_bt_wzmj","texture":"qzmjmj81-97da-48fb-a81e-c096e9e1cbc5","rect":[0,0,318,45],"offset":[0,0],"originalSize":[318,45],"capInsets":[0,0,0,0]}},{"__type__":"cc.SpriteFrame","content":{"name":"btn_xsc","texture":"qzmjmjdb-622d-43e0-9042-a5ec298fd5a5","rect":[0,0,246,392],"offset":[0,0],"originalSize":[246,392],"capInsets":[0,0,0,0]}},{"__type__":"cc.SpriteFrame","content":{"name":"btn_zjc","texture":"qzmjmj07-0f33-4fdf-9484-9272bbcebaa9","rect":[0,0,246,392],"offset":[0,0],"originalSize":[246,392],"capInsets":[0,0,0,0]}},[{"__type__":"cc.Prefab","_name":"qzmj_UIPractice","data":{"__id__":1}},{"__type__":"cc.Node","_name":"xymj_UIPractice","_children":[{"__id__":2},{"__id__":3},{"__id__":5},{"__id__":29}],"_components":[{"__type__":"cc.Widget","node":{"__id__":1},"_alignFlags":45,"_originalWidth":1360,"_originalHeight":760},{"__type__":"cc.Button","node":{"__id__":1},"_N$normalColor":{"__type__":"cc.Color","r":214,"g":214,"b":214}},{"__type__":"qzmjmj51-7ae1-4de3-9fc9-fe5c91b7a69f","node":{"__id__":1},"JS_Name":"pxzzmj_BaseComponent","ZorderLv":7}],"_prefab":{"__type__":"cc.PrefabInfo","root":{"__id__":1},"asset":{"__uuid__":"qzmjmjb9-76ec-45c6-910c-c035c3f9036c"},"fileId":"00ySB8lvhFvLeD2RQSzTwK"},"_contentSize":{"__type__":"cc.Size","width":1360,"height":760},"_trs":{"__type__":"TypedArray","ctor":"Float64Array","array":[680,380,0,0,0,0,1,1,1,1]}},{"__type__":"cc.Node","_name":"bg","_parent":{"__id__":1},"_components":[{"__type__":"cc.Sprite","node":{"__id__":2},"_spriteFrame":{"__uuid__":"qzmjmj07-cc50-4777-86f8-8bbc336f434b"}}],"_prefab":{"__type__":"cc.PrefabInfo","root":{"__id__":1},"asset":{"__uuid__":"qzmjmjb9-76ec-45c6-910c-c035c3f9036c"},"fileId":"1dIXkb8B1Cmrr5UEpkK5jn"},"_contentSize":{"__type__":"cc.Size","width":1750,"height":800},"_trs":{"__type__":"TypedArray","ctor":"Float64Array","array":[0,0,0,0,0,0,1,1,1,1]}},{"__type__":"cc.Node","_name":"title","_parent":{"__id__":1},"_children":[{"__id__":4}],"_components":[{"__type__":"cc.Sprite","node":{"__id__":3},"_spriteFrame":{"__uuid__":"qzmjmj24-0b40-4b85-a2f8-1119e2ae2a19"}},{"__type__":"cc.Widget","node":{"__id__":3},"_alignFlags":1,"_left":474.5}],"_prefab":{"__type__":"cc.PrefabInfo","root":{"__id__":1},"asset":{"__uuid__":"qzmjmjb9-76ec-45c6-910c-c035c3f9036c"},"fileId":"bdJTq8IrZEEr91oayoSv6a"},"_contentSize":{"__type__":"cc.Size","width":411,"height":82},"_trs":{"__type__":"TypedArray","ctor":"Float64Array","array":[0,339,0,0,0,0,1,1,1,1]}},{"__type__":"cc.Node","_name":"img_bt_wzmj","_parent":{"__id__":3},"_components":[{"__type__":"cc.Sprite","node":{"__id__":4},"_spriteFrame":{"__uuid__":"qzmjmj9e-f3f8-449b-bcf6-000fa4e542fa"}}],"_prefab":{"__type__":"cc.PrefabInfo","root":{"__id__":1},"asset":{"__uuid__":"qzmjmjb9-76ec-45c6-910c-c035c3f9036c"},"fileId":"fcZXyeT5FLjp+UOFi99ACe"},"_contentSize":{"__type__":"cc.Size","width":318,"height":45},"_trs":{"__type__":"TypedArray","ctor":"Float64Array","array":[0,3,0,0,0,0,1,1,1,1]}},{"__type__":"cc.Node","_name":"gameScrollView","_parent":{"__id__":1},"_children":[{"__id__":6},{"__id__":12}],"_components":[{"__type__":"cc.Sprite","node":{"__id__":5},"_spriteFrame":{"__uuid__":"qzmjmjeb-3d17-4fd3-a6bb-1f715b434112"},"_type":1,"_sizeMode":0},{"__id__":10}],"_prefab":{"__type__":"cc.PrefabInfo","root":{"__id__":1},"asset":{"__uuid__":"qzmjmjb9-76ec-45c6-910c-c035c3f9036c"},"fileId":"abHzSBStpJmYWlZpaebJnC"},"_contentSize":{"__type__":"cc.Size","width":1200,"height":450},"_trs":{"__type__":"TypedArray","ctor":"Float64Array","array":[0,7,0,0,0,0,1,1,1,1]}},{"__type__":"cc.Node","_name":"scrollBar","_parent":{"__id__":5},"_children":[{"__id__":7}],"_active":false,"_components":[{"__id__":9},{"__type__":"cc.Widget","node":{"__id__":6},"alignMode":0,"_alignFlags":44,"_left":50,"_right":50,"_top":6.5,"_originalWidth":12,"_originalHeight":237},{"__type__":"cc.Sprite","node":{"__id__":6},"_spriteFrame":{"__uuid__":"5f5dyqtRNNxaFmVzYns6FZ"},"_type":1,"_sizeMode":0}],"_prefab":{"__type__":"cc.PrefabInfo","root":{"__id__":1},"asset":{"__uuid__":"qzmjmjb9-76ec-45c6-910c-c035c3f9036c"},"fileId":"ce2vdS8GVHz4RA6FLtexE7"},"_contentSize":{"__type__":"cc.Size","width":1100,"height":10},"_anchorPoint":{"__type__":"cc.Vec2","x":1,"y":0.5},"_trs":{"__type__":"TypedArray","ctor":"Float64Array","array":[550,-220,0,0,0,0,1,1,1,1]}},{"__type__":"cc.Node","_name":"bar","_parent":{"__id__":6},"_components":[{"__id__":8}],"_prefab":{"__type__":"cc.PrefabInfo","root":{"__id__":1},"asset":{"__uuid__":"qzmjmjb9-76ec-45c6-910c-c035c3f9036c"},"fileId":"75v/JNfRJPOKsdVfsDfdii"},"_contentSize":{"__type__":"cc.Size","width":30,"height":10},"_anchorPoint":{"__type__":"cc.Vec2","x":1,"y":0.5},"_trs":{"__type__":"TypedArray","ctor":"Float64Array","array":[0,0,0,0,0,0,1,1,1,1]}},{"__type__":"cc.Sprite","node":{"__id__":7},"_spriteFrame":{"__uuid__":"5cO7kybDxGj4ipyMYdRYZB"},"_type":1,"_sizeMode":0},{"__type__":"cc.Scrollbar","node":{"__id__":6},"_scrollView":{"__id__":10},"_N$handle":{"__id__":8}},{"__type__":"cc.ScrollView","node":{"__id__":5},"vertical":false,"brake":0.75,"bounceDuration":0.23,"_N$content":{"__id__":11},"content":{"__id__":11},"_N$horizontalScrollBar":{"__id__":9},"_N$verticalScrollBar":null},{"__type__":"cc.Node","_name":"content","_parent":{"__id__":12},"_children":[{"__id__":13},{"__id__":17},{"__id__":21},{"__id__":25}],"_components":[{"__type__":"cc.Layout","node":{"__id__":11},"_layoutSize":{"__type__":"cc.Size","width":1154,"height":450},"_resize":1,"_N$layoutType":1,"_N$paddingLeft":50,"_N$spacingX":40}],"_prefab":{"__type__":"cc.PrefabInfo","root":{"__id__":1},"asset":{"__uuid__":"qzmjmjb9-76ec-45c6-910c-c035c3f9036c"},"fileId":"91eyEernRDK4jWNwRXs1dG"},"_contentSize":{"__type__":"cc.Size","width":1154,"height":450},"_trs":{"__type__":"TypedArray","ctor":"Float64Array","array":[0,0,0,0,0,0,1,1,1,1]}},{"__type__":"cc.Node","_name":"view","_parent":{"__id__":5},"_children":[{"__id__":11}],"_components":[{"__type__":"cc.Mask","node":{"__id__":12}}],"_prefab":{"__type__":"cc.PrefabInfo","root":{"__id__":1},"asset":{"__uuid__":"qzmjmjb9-76ec-45c6-910c-c035c3f9036c"},"fileId":"2f+VwXY6FKJpOD+ZAi7R0p"},"_contentSize":{"__type__":"cc.Size","width":1200,"height":450},"_trs":{"__type__":"TypedArray","ctor":"Float64Array","array":[0,0,0,0,0,0,1,1,1,1]}},{"__type__":"cc.Node","_name":"btn_xsc","_parent":{"__id__":11},"_children":[{"__id__":14},{"__id__":15},{"__id__":16}],"_components":[{"__type__":"cc.Sprite","node":{"__id__":13},"_spriteFrame":{"__uuid__":"qzmjmja7-6be9-41a4-869c-a62770148681"}},{"__type__":"cc.Button","node":{"__id__":13},"clickEvents":[{"__type__":"cc.ClickEvent","target":{"__id__":1},"_componentId":"qzmjmj51-7ae1-4de3-9fc9-fe5c91b7a69f","handler":"OnClick_BtnWnd"}],"_N$transition":3,"transition":3,"_N$normalColor":{"__type__":"cc.Color","r":214,"g":214,"b":214}}],"_prefab":{"__type__":"cc.PrefabInfo","root":{"__id__":1},"asset":{"__uuid__":"qzmjmjb9-76ec-45c6-910c-c035c3f9036c"},"fileId":"f9d8v5VoRPlojt21gWeX5B"},"_contentSize":{"__type__":"cc.Size","width":246,"height":392},"_trs":{"__type__":"TypedArray","ctor":"Float64Array","array":[-404,0,0,0,0,0,1,1,1,1]}},{"__type__":"cc.Node","_name":"lb_difen","_parent":{"__id__":13},"_components":[{"__type__":"cc.Label","node":{"__id__":14},"_useOriginalSize":false,"_string":"底注：50","_N$string":"底注：50","_fontSize":25,"_lineHeight":25,"_N$horizontalAlign":1,"_N$verticalAlign":1},{"__type__":"cc.LabelOutline","node":{"__id__":14},"_color":{"__type__":"cc.Color","r":28,"g":109,"b":69}}],"_prefab":{"__type__":"cc.PrefabInfo","root":{"__id__":1},"asset":{"__uuid__":"qzmjmjb9-76ec-45c6-910c-c035c3f9036c"},"fileId":"d1lQn1qW5PT4i01IoLJL/v"},"_color":{"__type__":"cc.Color","r":250,"g":255,"b":252},"_contentSize":{"__type__":"cc.Size","width":104.81,"height":25},"_trs":{"__type__":"TypedArray","ctor":"Float64Array","array":[0,-74,0,0,0,0,1,1,1,1]}},{"__type__":"cc.Node","_name":"lb_zhunru","_parent":{"__id__":13},"_components":[{"__type__":"cc.Label","node":{"__id__":15},"_useOriginalSize":false,"_string":"准入：1000~1万","_N$string":"准入：1000~1万","_fontSize":25,"_lineHeight":25,"_N$horizontalAlign":1,"_N$verticalAlign":1},{"__type__":"cc.LabelOutline","node":{"__id__":15},"_color":{"__type__":"cc.Color","r":28,"g":109,"b":69}}],"_prefab":{"__type__":"cc.PrefabInfo","root":{"__id__":1},"asset":{"__uuid__":"qzmjmjb9-76ec-45c6-910c-c035c3f9036c"},"fileId":"dfWQ1HxRhOpJNVJakDaole"},"_color":{"__type__":"cc.Color","r":250,"g":255,"b":252},"_contentSize":{"__type__":"cc.Size","width":186.12,"height":25},"_trs":{"__type__":"TypedArray","ctor":"Float64Array","array":[0,-107,0,0,0,0,1,1,1,1]}},{"__type__":"cc.Node","_name":"lb_renshu","_parent":{"__id__":13},"_components":[{"__type__":"cc.Label","node":{"__id__":16},"_useOriginalSize":false,"_string":"500000","_N$string":"500000","_fontSize":28,"_lineHeight":28,"_N$horizontalAlign":1,"_N$verticalAlign":1}],"_prefab":{"__type__":"cc.PrefabInfo","root":{"__id__":1},"asset":{"__uuid__":"qzmjmjb9-76ec-45c6-910c-c035c3f9036c"},"fileId":"c8spVtzTpF3YniUeX6O6pL"},"_contentSize":{"__type__":"cc.Size","width":93.43,"height":28},"_trs":{"__type__":"TypedArray","ctor":"Float64Array","array":[18.6,-150.7,0,0,0,0,1,1,1,1]}},{"__type__":"cc.Node","_name":"btn_cjc","_parent":{"__id__":11},"_children":[{"__id__":18},{"__id__":19},{"__id__":20}],"_components":[{"__type__":"cc.Sprite","node":{"__id__":17},"_spriteFrame":{"__uuid__":"qzmjmj5a-dcd3-4143-ae03-fc9a1cbe79f9"}},{"__type__":"cc.Button","node":{"__id__":17},"clickEvents":[{"__type__":"cc.ClickEvent","target":{"__id__":1},"_componentId":"qzmjmj51-7ae1-4de3-9fc9-fe5c91b7a69f","handler":"OnClick_BtnWnd"}],"_N$transition":3,"transition":3,"_N$normalColor":{"__type__":"cc.Color","r":214,"g":214,"b":214}}],"_prefab":{"__type__":"cc.PrefabInfo","root":{"__id__":1},"asset":{"__uuid__":"qzmjmjb9-76ec-45c6-910c-c035c3f9036c"},"fileId":"85eZV5u9RCbJu2fJrF0rPx"},"_contentSize":{"__type__":"cc.Size","width":246,"height":392},"_trs":{"__type__":"TypedArray","ctor":"Float64Array","array":[-118,0,0,0,0,0,1,1,1,1]}},{"__type__":"cc.Node","_name":"lb_difen","_parent":{"__id__":17},"_components":[{"__type__":"cc.Label","node":{"__id__":18},"_useOriginalSize":false,"_string":"底注：50","_N$string":"底注：50","_fontSize":25,"_lineHeight":25,"_N$horizontalAlign":1,"_N$verticalAlign":1},{"__type__":"cc.LabelOutline","node":{"__id__":18},"_color":{"__type__":"cc.Color","r":168,"g":98,"b":59}}],"_prefab":{"__type__":"cc.PrefabInfo","root":{"__id__":1},"asset":{"__uuid__":"qzmjmjb9-76ec-45c6-910c-c035c3f9036c"},"fileId":"40oqRZenFM5I3QuBs/AjqI"},"_color":{"__type__":"cc.Color","r":250,"g":255,"b":252},"_contentSize":{"__type__":"cc.Size","width":104.81,"height":25},"_trs":{"__type__":"TypedArray","ctor":"Float64Array","array":[-3,-74,0,0,0,0,1,1,1,1]}},{"__type__":"cc.Node","_name":"lb_zhunru","_parent":{"__id__":17},"_components":[{"__type__":"cc.Label","node":{"__id__":19},"_useOriginalSize":false,"_string":"准入：1000~1万","_N$string":"准入：1000~1万","_fontSize":25,"_lineHeight":25,"_N$horizontalAlign":1,"_N$verticalAlign":1},{"__type__":"cc.LabelOutline","node":{"__id__":19},"_color":{"__type__":"cc.Color","r":168,"g":98,"b":59}}],"_prefab":{"__type__":"cc.PrefabInfo","root":{"__id__":1},"asset":{"__uuid__":"qzmjmjb9-76ec-45c6-910c-c035c3f9036c"},"fileId":"2eTU5wWAtIs4xqNv66xyGL"},"_color":{"__type__":"cc.Color","r":250,"g":255,"b":252},"_contentSize":{"__type__":"cc.Size","width":186.12,"height":25},"_trs":{"__type__":"TypedArray","ctor":"Float64Array","array":[-3,-107,0,0,0,0,1,1,1,1]}},{"__type__":"cc.Node","_name":"lb_renshu","_parent":{"__id__":17},"_components":[{"__type__":"cc.Label","node":{"__id__":20},"_useOriginalSize":false,"_string":"500000","_N$string":"500000","_fontSize":28,"_lineHeight":28,"_N$horizontalAlign":1,"_N$verticalAlign":1}],"_prefab":{"__type__":"cc.PrefabInfo","root":{"__id__":1},"asset":{"__uuid__":"qzmjmjb9-76ec-45c6-910c-c035c3f9036c"},"fileId":"b0anXtTjtCsZE+PlYTvAwQ"},"_contentSize":{"__type__":"cc.Size","width":93.43,"height":28},"_trs":{"__type__":"TypedArray","ctor":"Float64Array","array":[16,-151,0,0,0,0,1,1,1,1]}},{"__type__":"cc.Node","_name":"btn_zjc","_parent":{"__id__":11},"_children":[{"__id__":22},{"__id__":23},{"__id__":24}],"_components":[{"__type__":"cc.Sprite","node":{"__id__":21},"_spriteFrame":{"__uuid__":"qzmjmjad-596c-49a6-a4be-dafdab63d41c"}},{"__type__":"cc.Button","node":{"__id__":21},"clickEvents":[{"__type__":"cc.ClickEvent","target":{"__id__":1},"_componentId":"qzmjmj51-7ae1-4de3-9fc9-fe5c91b7a69f","handler":"OnClick_BtnWnd"}],"_N$transition":3,"transition":3,"_N$normalColor":{"__type__":"cc.Color","r":214,"g":214,"b":214}}],"_prefab":{"__type__":"cc.PrefabInfo","root":{"__id__":1},"asset":{"__uuid__":"qzmjmjb9-76ec-45c6-910c-c035c3f9036c"},"fileId":"8fVcA04YJAXLk7HhEzSu5m"},"_contentSize":{"__type__":"cc.Size","width":246,"height":392},"_trs":{"__type__":"TypedArray","ctor":"Float64Array","array":[168,0,0,0,0,0,1,1,1,1]}},{"__type__":"cc.Node","_name":"lb_difen","_parent":{"__id__":21},"_components":[{"__type__":"cc.Label","node":{"__id__":22},"_useOriginalSize":false,"_string":"底注：50","_N$string":"底注：50","_fontSize":25,"_lineHeight":25,"_N$horizontalAlign":1,"_N$verticalAlign":1},{"__type__":"cc.LabelOutline","node":{"__id__":22},"_color":{"__type__":"cc.Color","r":10,"g":114,"b":122}}],"_prefab":{"__type__":"cc.PrefabInfo","root":{"__id__":1},"asset":{"__uuid__":"qzmjmjb9-76ec-45c6-910c-c035c3f9036c"},"fileId":"dfHFzGxahB976JE8uXj0yD"},"_color":{"__type__":"cc.Color","r":250,"g":255,"b":252},"_contentSize":{"__type__":"cc.Size","width":104.81,"height":25},"_trs":{"__type__":"TypedArray","ctor":"Float64Array","array":[-1,-74,0,0,0,0,1,1,1,1]}},{"__type__":"cc.Node","_name":"lb_zhunru","_parent":{"__id__":21},"_components":[{"__type__":"cc.Label","node":{"__id__":23},"_useOriginalSize":false,"_string":"准入：1000~1万","_N$string":"准入：1000~1万","_fontSize":25,"_lineHeight":25,"_N$horizontalAlign":1,"_N$verticalAlign":1},{"__type__":"cc.LabelOutline","node":{"__id__":23},"_color":{"__type__":"cc.Color","r":10,"g":114,"b":122}}],"_prefab":{"__type__":"cc.PrefabInfo","root":{"__id__":1},"asset":{"__uuid__":"qzmjmjb9-76ec-45c6-910c-c035c3f9036c"},"fileId":"163hnVA81JuoZWyLaaTM3g"},"_color":{"__type__":"cc.Color","r":250,"g":255,"b":252},"_contentSize":{"__type__":"cc.Size","width":186.12,"height":25},"_trs":{"__type__":"TypedArray","ctor":"Float64Array","array":[-1,-107,0,0,0,0,1,1,1,1]}},{"__type__":"cc.Node","_name":"lb_renshu","_parent":{"__id__":21},"_components":[{"__type__":"cc.Label","node":{"__id__":24},"_useOriginalSize":false,"_string":"500000","_N$string":"500000","_fontSize":28,"_lineHeight":28,"_N$horizontalAlign":1,"_N$verticalAlign":1}],"_prefab":{"__type__":"cc.PrefabInfo","root":{"__id__":1},"asset":{"__uuid__":"qzmjmjb9-76ec-45c6-910c-c035c3f9036c"},"fileId":"5eGYafv/FIQawT0YZ/xamZ"},"_contentSize":{"__type__":"cc.Size","width":93.43,"height":28},"_trs":{"__type__":"TypedArray","ctor":"Float64Array","array":[18,-151,0,0,0,0,1,1,1,1]}},{"__type__":"cc.Node","_name":"btn_gjc","_parent":{"__id__":11},"_children":[{"__id__":26},{"__id__":27},{"__id__":28}],"_components":[{"__type__":"cc.Sprite","node":{"__id__":25},"_spriteFrame":{"__uuid__":"qzmjmj39-2491-4765-8a03-a7645cb0bf46"}},{"__type__":"cc.Button","node":{"__id__":25},"clickEvents":[{"__type__":"cc.ClickEvent","target":{"__id__":1},"_componentId":"qzmjmj51-7ae1-4de3-9fc9-fe5c91b7a69f","handler":"OnClick_BtnWnd"}],"_N$transition":3,"transition":3,"_N$normalColor":{"__type__":"cc.Color","r":214,"g":214,"b":214}}],"_prefab":{"__type__":"cc.PrefabInfo","root":{"__id__":1},"asset":{"__uuid__":"qzmjmjb9-76ec-45c6-910c-c035c3f9036c"},"fileId":"671FKmVgxNxo1ZX7Dfw1Sa"},"_contentSize":{"__type__":"cc.Size","width":246,"height":392},"_trs":{"__type__":"TypedArray","ctor":"Float64Array","array":[454,0,0,0,0,0,1,1,1,1]}},{"__type__":"cc.Node","_name":"lb_difen","_parent":{"__id__":25},"_components":[{"__type__":"cc.Label","node":{"__id__":26},"_useOriginalSize":false,"_string":"底注：50","_N$string":"底注：50","_fontSize":25,"_lineHeight":25,"_N$horizontalAlign":1,"_N$verticalAlign":1},{"__type__":"cc.LabelOutline","node":{"__id__":26},"_color":{"__type__":"cc.Color","r":162,"g":47,"b":35}}],"_prefab":{"__type__":"cc.PrefabInfo","root":{"__id__":1},"asset":{"__uuid__":"qzmjmjb9-76ec-45c6-910c-c035c3f9036c"},"fileId":"911qdM1U1Exr+csaOFUx5F"},"_color":{"__type__":"cc.Color","r":250,"g":255,"b":252},"_contentSize":{"__type__":"cc.Size","width":104.81,"height":25},"_trs":{"__type__":"TypedArray","ctor":"Float64Array","array":[-2,-74,0,0,0,0,1,1,1,1]}},{"__type__":"cc.Node","_name":"lb_zhunru","_parent":{"__id__":25},"_components":[{"__type__":"cc.Label","node":{"__id__":27},"_useOriginalSize":false,"_string":"准入：1000~1万","_N$string":"准入：1000~1万","_fontSize":25,"_lineHeight":25,"_N$horizontalAlign":1,"_N$verticalAlign":1},{"__type__":"cc.LabelOutline","node":{"__id__":27},"_color":{"__type__":"cc.Color","r":162,"g":47,"b":35}}],"_prefab":{"__type__":"cc.PrefabInfo","root":{"__id__":1},"asset":{"__uuid__":"qzmjmjb9-76ec-45c6-910c-c035c3f9036c"},"fileId":"d6bFEmlodAsZ+JBY9fPB93"},"_color":{"__type__":"cc.Color","r":250,"g":255,"b":252},"_contentSize":{"__type__":"cc.Size","width":186.12,"height":25},"_trs":{"__type__":"TypedArray","ctor":"Float64Array","array":[-2,-107,0,0,0,0,1,1,1,1]}},{"__type__":"cc.Node","_name":"lb_renshu","_parent":{"__id__":25},"_components":[{"__type__":"cc.Label","node":{"__id__":28},"_useOriginalSize":false,"_string":"500000","_N$string":"500000","_fontSize":28,"_lineHeight":28,"_N$horizontalAlign":1,"_N$verticalAlign":1}],"_prefab":{"__type__":"cc.PrefabInfo","root":{"__id__":1},"asset":{"__uuid__":"qzmjmjb9-76ec-45c6-910c-c035c3f9036c"},"fileId":"347uSL6PVDk6H4989d9kky"},"_contentSize":{"__type__":"cc.Size","width":93.43,"height":28},"_trs":{"__type__":"TypedArray","ctor":"Float64Array","array":[17,-151,0,0,0,0,1,1,1,1]}},{"__type__":"cc.Node","_name":"btn_go","_parent":{"__id__":1},"_children":[{"__id__":30},{"__id__":31}],"_components":[{"__type__":"cc.Sprite","node":{"__id__":29},"_spriteFrame":{"__uuid__":"qzmjmje2-80f9-49fc-8c34-171c6e465c46"},"_type":1},{"__type__":"cc.Button","node":{"__id__":29},"clickEvents":[{"__type__":"cc.ClickEvent","target":{"__id__":1},"_componentId":"qzmjmj51-7ae1-4de3-9fc9-fe5c91b7a69f","handler":"OnClick_BtnWnd"}],"_N$transition":3,"transition":3,"_N$pressedColor":{"__type__":"cc.Color","r":255,"g":255,"b":255},"pressedColor":{"__type__":"cc.Color","r":255,"g":255,"b":255},"_N$disabledColor":{"__type__":"cc.Color","r":255,"g":255,"b":255},"_N$normalSprite":{"__uuid__":"qzmjmje2-80f9-49fc-8c34-171c6e465c46"},"_N$pressedSprite":{"__uuid__":"e97GVMl6JHh5Ml5qEDdSGa"},"pressedSprite":{"__uuid__":"e97GVMl6JHh5Ml5qEDdSGa"},"_N$hoverSprite":{"__uuid__":"f0BIwQ8D5Ml7nTNQbh1YlS"},"hoverSprite":{"__uuid__":"f0BIwQ8D5Ml7nTNQbh1YlS"},"_N$disabledSprite":{"__uuid__":"29FYIk+N1GYaeWH/q1NxQO"},"_N$target":{"__id__":29}}],"_prefab":{"__type__":"cc.PrefabInfo","root":{"__id__":1},"asset":{"__uuid__":"qzmjmjb9-76ec-45c6-910c-c035c3f9036c"},"fileId":"4fhDeZL6JK+o/cPypGxzVw"},"_contentSize":{"__type__":"cc.Size","width":222,"height":80},"_trs":{"__type__":"TypedArray","ctor":"Float64Array","array":[0,-290.6,0,0,0,0,1,1,1,1]}},{"__type__":"cc.Node","_name":"bj_whiteline","_parent":{"__id__":29},"_components":[{"__type__":"cc.Sprite","node":{"__id__":30},"_spriteFrame":{"__uuid__":"qzmjmj3e-862d-4810-9b88-b69cc7348d37"}}],"_prefab":{"__type__":"cc.PrefabInfo","root":{"__id__":1},"asset":{"__uuid__":"qzmjmjb9-76ec-45c6-910c-c035c3f9036c"},"fileId":"53MJyO6+9ETp4hBS/WG/jI"},"_contentSize":{"__type__":"cc.Size","width":173,"height":23},"_trs":{"__type__":"TypedArray","ctor":"Float64Array","array":[222,0,0,0,0,0,1,1,1,1]}},{"__type__":"cc.Node","_name":"bj_whiteline","_parent":{"__id__":29},"_components":[{"__type__":"cc.Sprite","node":{"__id__":31},"_spriteFrame":{"__uuid__":"qzmjmj3e-862d-4810-9b88-b69cc7348d37"}}],"_prefab":{"__type__":"cc.PrefabInfo","root":{"__id__":1},"asset":{"__uuid__":"qzmjmjb9-76ec-45c6-910c-c035c3f9036c"},"fileId":"3eF8G9mpNIcZOMuLd0EwqX"},"_contentSize":{"__type__":"cc.Size","width":173,"height":23},"_trs":{"__type__":"TypedArray","ctor":"Float64Array","array":[-220,0,0,0,0,0,1,1,1,1]},"_eulerAngles":{"__type__":"cc.Vec3","z":-180}}],{"__type__":"cc.SpriteFrame","content":{"name":"btn_ksks","texture":"qzmjmj05-b4cd-406f-b5ca-5817391bc0f3","rect":[0,0,222,80],"offset":[0,0],"originalSize":[222,80],"capInsets":[0,0,0,0]}},{"__type__":"cc.SpriteFrame","content":{"name":"bj_black","texture":"qzmjmj6d-f6db-457a-be21-e50f4a73220b","rect":[0,0,150,150],"offset":[0,0],"originalSize":[150,150],"capInsets":[15,15,15,15]}}]