[{"__type__":"cc.SpriteFrame","content":{"name":"default_btn_disabled","texture":"71VhFCTINJM6/Ky3oX9nBT","rect":[0,0,40,40],"offset":[0,0],"originalSize":[40,40],"capInsets":[12,12,12,12]}},{"__type__":"cc.SpriteFrame","content":{"name":"default_btn_pressed","texture":"b4P/PCArtIdIH38t6mlw8Y","rect":[0,0,40,40],"offset":[0,0],"originalSize":[40,40],"capInsets":[12,12,12,12]}},{"__type__":"cc.SpriteFrame","content":{"name":"default_btn_normal","texture":"e8Ueib+qJEhL6mXAHdnwbi","rect":[0,0,40,40],"offset":[0,0],"originalSize":[40,40],"capInsets":[12,12,12,12]}},{"__type__":"cc.SpriteFrame","content":{"name":"btn_yellow1","texture":"qzmjmjbe-3812-4f4d-9290-4dc3c1d02ef6","rect":[0,0,243,77],"offset":[-0.5,0.5],"originalSize":[244,78],"capInsets":[0,0,0,0]}},{"__type__":"cc.SpriteFrame","content":{"name":"btn_green","texture":"qzmjmja5-b941-45ab-b6d3-c719e4a35d51","rect":[0,0,243,77],"offset":[-0.5,0.5],"originalSize":[244,78],"capInsets":[0,0,0,0]}},{"__type__":"cc.SpriteFrame","content":{"name":"bg","texture":"qzmjmj36-8a0c-4d92-8561-c45e53fa19cc","rect":[0,0,21,63],"offset":[0,0],"originalSize":[21,63],"capInsets":[0,0,0,0]}},{"__type__":"cc.SpriteFrame","content":{"name":"icon_refuse","texture":"qzmjmj0a-ad5c-403c-b97f-61fde50172ef","rect":[1,0,78,36],"offset":[0,0],"originalSize":[80,36],"capInsets":[0,0,0,0]}},{"__type__":"cc.SpriteFrame","content":{"name":"bg_popup","texture":"qzmjmj84-03b2-4322-bb22-45fdb67dd4e8","rect":[0,0,29,33],"offset":[0,0],"originalSize":[29,33],"capInsets":[10,9,11,14]}},{"__type__":"cc.SpriteFrame","content":{"name":"title_dissolve","texture":"qzmjmj80-2a4a-4727-bcdf-b601d5bf6c1d","rect":[0,0,212,54],"offset":[0,0],"originalSize":[212,54],"capInsets":[0,0,0,0]}},[{"__type__":"cc.Prefab","_name":"qzmj_UIMessage02","data":{"__id__":1}},{"__type__":"cc.Node","_name":"xymj_UIMessage02","_children":[{"__id__":2},{"__id__":12},{"__id__":14},{"__id__":16}],"_components":[{"__type__":"cc.Widget","node":{"__id__":1},"alignMode":0,"_alignFlags":45,"_originalWidth":750,"_originalHeight":1360},{"__type__":"cc.Button","node":{"__id__":1},"_N$normalColor":{"__type__":"cc.Color","r":214,"g":214,"b":214},"_N$target":{"__id__":1}},{"__type__":"cc.Sprite","node":{"__id__":1},"_spriteFrame":{"__uuid__":"qzmjmj1f-3e0b-4b1d-ae52-c52ad188bba9"},"_sizeMode":0},{"__type__":"qzmjmj65-ae35-42b1-8da0-ad79e37ba6ed","node":{"__id__":1},"JS_Name":"pxzzmj_BaseComponent","ZorderLv":7}],"_prefab":{"__type__":"cc.PrefabInfo","root":{"__id__":1},"asset":{"__uuid__":"qzmjmj92-e5c9-44d0-a4b3-2cfc2c67f73f"},"fileId":"aepk2sq+lDNqd0D7IiouHA"},"_contentSize":{"__type__":"cc.Size","width":1360,"height":760},"_trs":{"__type__":"TypedArray","ctor":"Float64Array","array":[680,380,0,0,0,0,1,1,1,1]}},{"__type__":"cc.Node","_name":"image01","_parent":{"__id__":1},"_children":[{"__id__":3},{"__id__":4},{"__id__":5},{"__id__":7},{"__id__":9}],"_components":[{"__type__":"cc.Sprite","node":{"__id__":2},"_spriteFrame":{"__uuid__":"qzmjmje4-4450-457a-9bbd-82dca31e3d34"},"_type":1,"_sizeMode":0}],"_prefab":{"__type__":"cc.PrefabInfo","root":{"__id__":1},"asset":{"__uuid__":"qzmjmj92-e5c9-44d0-a4b3-2cfc2c67f73f"},"fileId":"06sc8glBxJE6jpKQuEUBy8"},"_contentSize":{"__type__":"cc.Size","width":818,"height":450},"_anchorPoint":{"__type__":"cc.Vec2","x":0.5,"y":1},"_trs":{"__type__":"TypedArray","ctor":"Float64Array","array":[0,210,0,0,0,0,1,1,1,1]}},{"__type__":"cc.Node","_name":"bg_popup","_parent":{"__id__":2},"_components":[{"__type__":"cc.Sprite","node":{"__id__":3},"_spriteFrame":{"__uuid__":"qzmjmj80-ccb6-482b-b6f2-78194c345986"},"_type":1,"_sizeMode":0,"_isTrimmedMode":false}],"_prefab":{"__type__":"cc.PrefabInfo","root":{"__id__":1},"asset":{"__uuid__":"qzmjmj92-e5c9-44d0-a4b3-2cfc2c67f73f"},"fileId":"2eU3jvjalGAr5eSg441FM6"},"_contentSize":{"__type__":"cc.Size","width":790,"height":420},"_trs":{"__type__":"TypedArray","ctor":"Float64Array","array":[0,-222,0,0,0,0,1,1,1,1]}},{"__type__":"cc.Node","_name":"slice_bg_jiesan","_parent":{"__id__":2},"_components":[{"__type__":"cc.Sprite","node":{"__id__":4},"_spriteFrame":{"__uuid__":"qzmjmjc7-971d-4d09-b040-74a870216eb9"},"_type":1,"_sizeMode":0,"_isTrimmedMode":false}],"_prefab":{"__type__":"cc.PrefabInfo","root":{"__id__":1},"asset":{"__uuid__":"qzmjmj92-e5c9-44d0-a4b3-2cfc2c67f73f"},"fileId":"53OW6Oa7FDoKH5c0UfpJVE"},"_contentSize":{"__type__":"cc.Size","width":742,"height":245},"_anchorPoint":{"__type__":"cc.Vec2","x":0.5,"y":1},"_trs":{"__type__":"TypedArray","ctor":"Float64Array","array":[0,-85,0,0,0,0,1,1,1,1]}},{"__type__":"cc.Node","_name":"biaotizhuangshi","_parent":{"__id__":2},"_children":[{"__id__":6}],"_components":[{"__type__":"cc.Sprite","node":{"__id__":5},"_spriteFrame":{"__uuid__":"qzmjmjdc-4d26-46f0-960c-e047922a9a47"}}],"_prefab":{"__type__":"cc.PrefabInfo","root":{"__id__":1},"asset":{"__uuid__":"qzmjmj92-e5c9-44d0-a4b3-2cfc2c67f73f"},"fileId":"e6WcvBcNhKYLwQPSqT+FWT"},"_contentSize":{"__type__":"cc.Size","width":511,"height":82},"_trs":{"__type__":"TypedArray","ctor":"Float64Array","array":[0,38,0,0,0,0,1,1,1,1]}},{"__type__":"cc.Node","_name":"zi","_parent":{"__id__":5},"_components":[{"__type__":"cc.Sprite","node":{"__id__":6},"_spriteFrame":{"__uuid__":"qzmjmj87-9b41-44ff-9ba7-a8546e96b044"}}],"_prefab":{"__type__":"cc.PrefabInfo","root":{"__id__":1},"asset":{"__uuid__":"qzmjmj92-e5c9-44d0-a4b3-2cfc2c67f73f"},"fileId":"09pua+t8hDT7wYVaaahrPx"},"_contentSize":{"__type__":"cc.Size","width":212,"height":54},"_trs":{"__type__":"TypedArray","ctor":"Float64Array","array":[0,-5,0,0,0,0,1,1,1,1]}},{"__type__":"cc.Node","_name":"LabelMessage","_parent":{"__id__":2},"_children":[{"__id__":8}],"_components":[{"__type__":"cc.Label","node":{"__id__":7},"_useOriginalSize":false,"_string":"玩家昵称七个字发起解散放假房间请求，请等待其他玩家同意！","_N$string":"玩家昵称七个字发起解散放假房间请求，请等待其他玩家同意！","_fontSize":22,"_lineHeight":36,"_N$file":{"__uuid__":"qzmjmj1e-650d-4484-9e24-10ffc791e225"},"_isSystemFontUsed":false,"_N$horizontalAlign":1,"_N$verticalAlign":1,"_N$overflow":3}],"_prefab":{"__type__":"cc.PrefabInfo","root":{"__id__":1},"asset":{"__uuid__":"qzmjmj92-e5c9-44d0-a4b3-2cfc2c67f73f"},"fileId":"cchz/q6yJJGY3Y0GkA0dL/"},"_color":{"__type__":"cc.Color","r":127,"g":50,"b":10},"_contentSize":{"__type__":"cc.Size","width":704,"height":36},"_trs":{"__type__":"TypedArray","ctor":"Float64Array","array":[0,-35,0,0,0,0,1,1,1,1]}},{"__type__":"cc.Node","_name":"lb_name","_parent":{"__id__":7},"_active":false,"_components":[{"__type__":"cc.Label","node":{"__id__":8},"_useOriginalSize":false,"_string":"玩家昵称七个字","_N$string":"玩家昵称七个字","_fontSize":22,"_lineHeight":36,"_isSystemFontUsed":false}],"_prefab":{"__type__":"cc.PrefabInfo","root":{"__id__":1},"asset":{"__uuid__":"qzmjmj92-e5c9-44d0-a4b3-2cfc2c67f73f"},"fileId":"59RX3b99FGWbe1Gh2zSqNS"},"_color":{"__type__":"cc.Color","r":10,"g":127,"b":18},"_contentSize":{"__type__":"cc.Size","width":154,"height":36},"_trs":{"__type__":"TypedArray","ctor":"Float64Array","array":[-230,-5,0,0,0,0,1,1,1,1]}},{"__type__":"cc.Node","_name":"TimeMessage","_parent":{"__id__":2},"_children":[{"__id__":10},{"__id__":11}],"_components":[{"__type__":"cc.Label","node":{"__id__":9},"_useOriginalSize":false,"_string":"剩余选择默认同意时间：      S","_N$string":"剩余选择默认同意时间：      S","_fontSize":26,"_lineHeight":36,"_N$file":{"__uuid__":"qzmjmj1e-650d-4484-9e24-10ffc791e225"},"_isSystemFontUsed":false,"_N$horizontalAlign":1,"_N$verticalAlign":1,"_N$overflow":3}],"_prefab":{"__type__":"cc.PrefabInfo","root":{"__id__":1},"asset":{"__uuid__":"qzmjmj92-e5c9-44d0-a4b3-2cfc2c67f73f"},"fileId":"0egDaLep1FlYFCbk/RvQ7f"},"_color":{"__type__":"cc.Color","r":127,"g":50,"b":10},"_contentSize":{"__type__":"cc.Size","width":450,"height":36},"_trs":{"__type__":"TypedArray","ctor":"Float64Array","array":[0,-67,0,0,0,0,1,1,1,1]}},{"__type__":"cc.Node","_name":"lb_time","_parent":{"__id__":9},"_components":[{"__type__":"cc.Label","node":{"__id__":10},"_useOriginalSize":false,"_string":"30","_N$string":"30","_fontSize":36,"_lineHeight":50,"_N$horizontalAlign":1,"_N$verticalAlign":1,"_N$overflow":3}],"_prefab":{"__type__":"cc.PrefabInfo","root":{"__id__":1},"asset":{"__uuid__":"qzmjmj92-e5c9-44d0-a4b3-2cfc2c67f73f"},"fileId":"d0VtIcWJJHbYRtPQbKdw3J"},"_color":{"__type__":"cc.Color","r":10,"g":127,"b":18},"_contentSize":{"__type__":"cc.Size","width":80,"height":50},"_trs":{"__type__":"TypedArray","ctor":"Float64Array","array":[127,0,0,0,0,0,1,1,1,1]}},{"__type__":"cc.Node","_name":"lb_s","_parent":{"__id__":9},"_active":false,"_components":[{"__type__":"cc.Label","node":{"__id__":11},"_useOriginalSize":false,"_string":"S","_N$string":"S","_fontSize":30,"_lineHeight":30,"_isSystemFontUsed":false}],"_prefab":{"__type__":"cc.PrefabInfo","root":{"__id__":1},"asset":{"__uuid__":"qzmjmj92-e5c9-44d0-a4b3-2cfc2c67f73f"},"fileId":"3dzxw8L+1J9poevgrbM+Ll"},"_color":{"__type__":"cc.Color","r":10,"g":127,"b":18},"_contentSize":{"__type__":"cc.Size","width":16.68,"height":30},"_trs":{"__type__":"TypedArray","ctor":"Float64Array","array":[162,2,0,0,0,0,1,1,1,1]}},{"__type__":"cc.Node","_name":"btnCancel","_parent":{"__id__":1},"_children":[{"__id__":13}],"_components":[{"__type__":"cc.Sprite","node":{"__id__":12},"_spriteFrame":{"__uuid__":"qzmjmj1e-2302-43db-acf0-f80fb6d27f32"},"_type":1,"_sizeMode":2},{"__type__":"cc.Button","node":{"__id__":12},"zoomScale":0.95,"clickEvents":[{"__type__":"cc.ClickEvent","target":{"__id__":1},"_componentId":"qzmjmj65-ae35-42b1-8da0-ad79e37ba6ed","handler":"OnClick_BtnWnd"}],"_N$enableAutoGrayEffect":true,"_N$transition":3,"transition":3,"_N$pressedColor":{"__type__":"cc.Color","r":255,"g":255,"b":255},"pressedColor":{"__type__":"cc.Color","r":255,"g":255,"b":255},"_N$disabledColor":{"__type__":"cc.Color","r":255,"g":255,"b":255},"_N$normalSprite":{"__uuid__":"f0BIwQ8D5Ml7nTNQbh1YlS"},"_N$pressedSprite":{"__uuid__":"e97GVMl6JHh5Ml5qEDdSGa"},"pressedSprite":{"__uuid__":"e97GVMl6JHh5Ml5qEDdSGa"},"_N$hoverSprite":{"__uuid__":"e97GVMl6JHh5Ml5qEDdSGa"},"hoverSprite":{"__uuid__":"e97GVMl6JHh5Ml5qEDdSGa"},"_N$disabledSprite":{"__uuid__":"29FYIk+N1GYaeWH/q1NxQO"},"_N$target":{"__id__":12}}],"_prefab":{"__type__":"cc.PrefabInfo","root":{"__id__":1},"asset":{"__uuid__":"qzmjmj92-e5c9-44d0-a4b3-2cfc2c67f73f"},"fileId":"6aXXCJHYRGFI/7ybYdNrDe"},"_contentSize":{"__type__":"cc.Size","width":244,"height":78},"_trs":{"__type__":"TypedArray","ctor":"Float64Array","array":[-160,-175,0,0,0,0,1,1,1,1]}},{"__type__":"cc.Node","_name":"lable","_parent":{"__id__":12},"_components":[{"__type__":"cc.Label","node":{"__id__":13},"_useOriginalSize":false,"_string":"拒 绝","_N$string":"拒 绝","_fontSize":46,"_lineHeight":56,"_N$file":{"__uuid__":"qzmjmj1e-650d-4484-9e24-10ffc791e225"},"_isSystemFontUsed":false,"_N$horizontalAlign":1,"_N$verticalAlign":1}],"_prefab":{"__type__":"cc.PrefabInfo","root":{"__id__":1},"asset":{"__uuid__":"qzmjmj92-e5c9-44d0-a4b3-2cfc2c67f73f"},"fileId":"f8efkVe4xF+pdzTN+rR1XO"},"_color":{"__type__":"cc.Color","r":82,"g":107},"_contentSize":{"__type__":"cc.Size","width":104.22,"height":56},"_trs":{"__type__":"TypedArray","ctor":"Float64Array","array":[0,4,0,0,0,0,1,1,1,1]}},{"__type__":"cc.Node","_name":"btnSure","_parent":{"__id__":1},"_children":[{"__id__":15}],"_components":[{"__type__":"cc.Sprite","node":{"__id__":14},"_spriteFrame":{"__uuid__":"qzmjmj01-65a2-4953-b33f-5c8985e00dac"},"_type":1,"_sizeMode":0},{"__type__":"cc.Button","node":{"__id__":14},"zoomScale":0.95,"clickEvents":[{"__type__":"cc.ClickEvent","target":{"__id__":1},"_componentId":"qzmjmj65-ae35-42b1-8da0-ad79e37ba6ed","handler":"OnClick_BtnWnd"}],"_N$enableAutoGrayEffect":true,"_N$transition":3,"transition":3,"_N$pressedColor":{"__type__":"cc.Color","r":255,"g":255,"b":255},"pressedColor":{"__type__":"cc.Color","r":255,"g":255,"b":255},"_N$disabledColor":{"__type__":"cc.Color","r":255,"g":255,"b":255},"_N$normalSprite":{"__uuid__":"f0BIwQ8D5Ml7nTNQbh1YlS"},"_N$pressedSprite":{"__uuid__":"e97GVMl6JHh5Ml5qEDdSGa"},"pressedSprite":{"__uuid__":"e97GVMl6JHh5Ml5qEDdSGa"},"_N$hoverSprite":{"__uuid__":"e97GVMl6JHh5Ml5qEDdSGa"},"hoverSprite":{"__uuid__":"e97GVMl6JHh5Ml5qEDdSGa"},"_N$disabledSprite":{"__uuid__":"29FYIk+N1GYaeWH/q1NxQO"},"_N$target":{"__id__":14}}],"_prefab":{"__type__":"cc.PrefabInfo","root":{"__id__":1},"asset":{"__uuid__":"qzmjmj92-e5c9-44d0-a4b3-2cfc2c67f73f"},"fileId":"90RrNSCs9PQKmaM2ysz6Wf"},"_contentSize":{"__type__":"cc.Size","width":246,"height":82},"_trs":{"__type__":"TypedArray","ctor":"Float64Array","array":[160,-175,0,0,0,0,1,1,1,1]}},{"__type__":"cc.Node","_name":"lable","_parent":{"__id__":14},"_components":[{"__type__":"cc.Label","node":{"__id__":15},"_useOriginalSize":false,"_string":"同  意","_N$string":"同  意","_fontSize":46,"_lineHeight":56,"_N$file":{"__uuid__":"qzmjmj1e-650d-4484-9e24-10ffc791e225"},"_isSystemFontUsed":false,"_N$horizontalAlign":1,"_N$verticalAlign":1}],"_prefab":{"__type__":"cc.PrefabInfo","root":{"__id__":1},"asset":{"__uuid__":"qzmjmj92-e5c9-44d0-a4b3-2cfc2c67f73f"},"fileId":"83L3RmUdZNNaoC6/rgOjx0"},"_color":{"__type__":"cc.Color","r":135,"g":84,"b":34},"_contentSize":{"__type__":"cc.Size","width":116.44,"height":56},"_trs":{"__type__":"TypedArray","ctor":"Float64Array","array":[0,4,0,0,0,0,1,1,1,1]}},{"__type__":"cc.Node","_name":"playerNode","_parent":{"__id__":1},"_children":[{"__id__":17},{"__id__":21},{"__id__":25},{"__id__":29},{"__id__":33},{"__id__":37},{"__id__":41},{"__id__":45},{"__id__":49},{"__id__":53}],"_prefab":{"__type__":"cc.PrefabInfo","root":{"__id__":1},"asset":{"__uuid__":"qzmjmj92-e5c9-44d0-a4b3-2cfc2c67f73f"},"fileId":"3cw340yh1LA50E5eQY5r1k"},"_trs":{"__type__":"TypedArray","ctor":"Float64Array","array":[0,0,0,0,0,0,1,1,1,1]}},{"__type__":"cc.Node","_name":"item0","_parent":{"__id__":16},"_children":[{"__id__":18},{"__id__":19},{"__id__":20}],"_prefab":{"__type__":"cc.PrefabInfo","root":{"__id__":1},"asset":{"__uuid__":"qzmjmj92-e5c9-44d0-a4b3-2cfc2c67f73f"},"fileId":"04IJ4MH4dOM7RSbJVsje8g"},"_trs":{"__type__":"TypedArray","ctor":"Float64Array","array":[-255,97,0,0,0,0,1,1,1,1]}},{"__type__":"cc.Node","_name":"name","_parent":{"__id__":17},"_components":[{"__type__":"cc.Label","node":{"__id__":18},"_useOriginalSize":false,"_string":"玩家称号七个字","_N$string":"玩家称号七个字","_fontSize":24,"_enableWrapText":false,"_N$file":{"__uuid__":"qzmjmj1e-650d-4484-9e24-10ffc791e225"},"_isSystemFontUsed":false,"_N$horizontalAlign":1,"_N$verticalAlign":1,"_N$overflow":1}],"_prefab":{"__type__":"cc.PrefabInfo","root":{"__id__":1},"asset":{"__uuid__":"qzmjmj92-e5c9-44d0-a4b3-2cfc2c67f73f"},"fileId":"d1i8sQM8BFUr0iZvaDTX8r"},"_color":{"__type__":"cc.Color","r":122,"g":80,"b":58},"_contentSize":{"__type__":"cc.Size","width":168,"height":40},"_trs":{"__type__":"TypedArray","ctor":"Float64Array","array":[0,0,0,0,0,0,1,1,1,1]}},{"__type__":"cc.Node","_name":"icon_tongyi","_parent":{"__id__":17},"_active":false,"_components":[{"__type__":"cc.Sprite","node":{"__id__":19},"_spriteFrame":{"__uuid__":"qzmjmjfc-0e64-40b1-aa83-4f2877a24628"}}],"_prefab":{"__type__":"cc.PrefabInfo","root":{"__id__":1},"asset":{"__uuid__":"qzmjmj92-e5c9-44d0-a4b3-2cfc2c67f73f"},"fileId":"d8hx9wEOtG7Z3XlasFlYp6"},"_contentSize":{"__type__":"cc.Size","width":79,"height":36},"_trs":{"__type__":"TypedArray","ctor":"Float64Array","array":[150,0,0,0,0,0,1,1,1,1]}},{"__type__":"cc.Node","_name":"icon_jujue","_parent":{"__id__":17},"_active":false,"_components":[{"__type__":"cc.Sprite","node":{"__id__":20},"_spriteFrame":{"__uuid__":"qzmjmj56-55f7-4a67-b45d-49fc35d8ffd1"}}],"_prefab":{"__type__":"cc.PrefabInfo","root":{"__id__":1},"asset":{"__uuid__":"qzmjmj92-e5c9-44d0-a4b3-2cfc2c67f73f"},"fileId":"27hEResHJHPYMbwY6iV7Y2"},"_contentSize":{"__type__":"cc.Size","width":78,"height":36},"_trs":{"__type__":"TypedArray","ctor":"Float64Array","array":[150,0,0,0,0,0,1,1,1,1]}},{"__type__":"cc.Node","_name":"item1","_parent":{"__id__":16},"_children":[{"__id__":22},{"__id__":23},{"__id__":24}],"_prefab":{"__type__":"cc.PrefabInfo","root":{"__id__":1},"asset":{"__uuid__":"qzmjmj92-e5c9-44d0-a4b3-2cfc2c67f73f"},"fileId":"cb3Vr4WYBCnbreJR4koD6F"},"_trs":{"__type__":"TypedArray","ctor":"Float64Array","array":[150,97,0,0,0,0,1,1,1,1]}},{"__type__":"cc.Node","_name":"name","_parent":{"__id__":21},"_components":[{"__type__":"cc.Label","node":{"__id__":22},"_useOriginalSize":false,"_string":"玩家称号七个字","_N$string":"玩家称号七个字","_fontSize":24,"_enableWrapText":false,"_N$file":{"__uuid__":"qzmjmj1e-650d-4484-9e24-10ffc791e225"},"_isSystemFontUsed":false,"_N$horizontalAlign":1,"_N$verticalAlign":1,"_N$overflow":1}],"_prefab":{"__type__":"cc.PrefabInfo","root":{"__id__":1},"asset":{"__uuid__":"qzmjmj92-e5c9-44d0-a4b3-2cfc2c67f73f"},"fileId":"51mttJ/K9A768HtZKSBoej"},"_color":{"__type__":"cc.Color","r":122,"g":80,"b":58},"_contentSize":{"__type__":"cc.Size","width":168,"height":40},"_trs":{"__type__":"TypedArray","ctor":"Float64Array","array":[0,0,0,0,0,0,1,1,1,1]}},{"__type__":"cc.Node","_name":"icon_tongyi","_parent":{"__id__":21},"_active":false,"_components":[{"__type__":"cc.Sprite","node":{"__id__":23},"_spriteFrame":{"__uuid__":"qzmjmjfc-0e64-40b1-aa83-4f2877a24628"}}],"_prefab":{"__type__":"cc.PrefabInfo","root":{"__id__":1},"asset":{"__uuid__":"qzmjmj92-e5c9-44d0-a4b3-2cfc2c67f73f"},"fileId":"3cjrhdIuRBabpncnCgicuV"},"_contentSize":{"__type__":"cc.Size","width":79,"height":36},"_trs":{"__type__":"TypedArray","ctor":"Float64Array","array":[150,0,0,0,0,0,1,1,1,1]}},{"__type__":"cc.Node","_name":"icon_jujue","_parent":{"__id__":21},"_active":false,"_components":[{"__type__":"cc.Sprite","node":{"__id__":24},"_spriteFrame":{"__uuid__":"qzmjmj56-55f7-4a67-b45d-49fc35d8ffd1"}}],"_prefab":{"__type__":"cc.PrefabInfo","root":{"__id__":1},"asset":{"__uuid__":"qzmjmj92-e5c9-44d0-a4b3-2cfc2c67f73f"},"fileId":"b93GUHdEtO1pkc54+XqdFU"},"_contentSize":{"__type__":"cc.Size","width":78,"height":36},"_trs":{"__type__":"TypedArray","ctor":"Float64Array","array":[150,0,0,0,0,0,1,1,1,1]}},{"__type__":"cc.Node","_name":"item2","_parent":{"__id__":16},"_children":[{"__id__":26},{"__id__":27},{"__id__":28}],"_prefab":{"__type__":"cc.PrefabInfo","root":{"__id__":1},"asset":{"__uuid__":"qzmjmj92-e5c9-44d0-a4b3-2cfc2c67f73f"},"fileId":"7bOxulJtVM4J9163WR5GeN"},"_trs":{"__type__":"TypedArray","ctor":"Float64Array","array":[-255,49,0,0,0,0,1,1,1,1]}},{"__type__":"cc.Node","_name":"name","_parent":{"__id__":25},"_components":[{"__type__":"cc.Label","node":{"__id__":26},"_useOriginalSize":false,"_string":"玩家称号七个字","_N$string":"玩家称号七个字","_fontSize":24,"_enableWrapText":false,"_N$file":{"__uuid__":"qzmjmj1e-650d-4484-9e24-10ffc791e225"},"_isSystemFontUsed":false,"_N$horizontalAlign":1,"_N$verticalAlign":1,"_N$overflow":1}],"_prefab":{"__type__":"cc.PrefabInfo","root":{"__id__":1},"asset":{"__uuid__":"qzmjmj92-e5c9-44d0-a4b3-2cfc2c67f73f"},"fileId":"4b1Ex6MnJEApAmFm4FdttJ"},"_color":{"__type__":"cc.Color","r":122,"g":80,"b":58},"_contentSize":{"__type__":"cc.Size","width":168,"height":40},"_trs":{"__type__":"TypedArray","ctor":"Float64Array","array":[0,0,0,0,0,0,1,1,1,1]}},{"__type__":"cc.Node","_name":"icon_tongyi","_parent":{"__id__":25},"_active":false,"_components":[{"__type__":"cc.Sprite","node":{"__id__":27},"_spriteFrame":{"__uuid__":"qzmjmjfc-0e64-40b1-aa83-4f2877a24628"}}],"_prefab":{"__type__":"cc.PrefabInfo","root":{"__id__":1},"asset":{"__uuid__":"qzmjmj92-e5c9-44d0-a4b3-2cfc2c67f73f"},"fileId":"deqA9qDFVClLGOORCJUbs3"},"_contentSize":{"__type__":"cc.Size","width":79,"height":36},"_trs":{"__type__":"TypedArray","ctor":"Float64Array","array":[150,0,0,0,0,0,1,1,1,1]}},{"__type__":"cc.Node","_name":"icon_jujue","_parent":{"__id__":25},"_active":false,"_components":[{"__type__":"cc.Sprite","node":{"__id__":28},"_spriteFrame":{"__uuid__":"qzmjmj56-55f7-4a67-b45d-49fc35d8ffd1"}}],"_prefab":{"__type__":"cc.PrefabInfo","root":{"__id__":1},"asset":{"__uuid__":"qzmjmj92-e5c9-44d0-a4b3-2cfc2c67f73f"},"fileId":"8f3ojoi2JMTam01Aw2/NR6"},"_contentSize":{"__type__":"cc.Size","width":78,"height":36},"_trs":{"__type__":"TypedArray","ctor":"Float64Array","array":[150,0,0,0,0,0,1,1,1,1]}},{"__type__":"cc.Node","_name":"item3","_parent":{"__id__":16},"_children":[{"__id__":30},{"__id__":31},{"__id__":32}],"_prefab":{"__type__":"cc.PrefabInfo","root":{"__id__":1},"asset":{"__uuid__":"qzmjmj92-e5c9-44d0-a4b3-2cfc2c67f73f"},"fileId":"4binWr9ulLE6xMFqcZZKFw"},"_trs":{"__type__":"TypedArray","ctor":"Float64Array","array":[150,49,0,0,0,0,1,1,1,1]}},{"__type__":"cc.Node","_name":"name","_parent":{"__id__":29},"_components":[{"__type__":"cc.Label","node":{"__id__":30},"_useOriginalSize":false,"_string":"玩家称号七个字","_N$string":"玩家称号七个字","_fontSize":24,"_enableWrapText":false,"_N$file":{"__uuid__":"qzmjmj1e-650d-4484-9e24-10ffc791e225"},"_isSystemFontUsed":false,"_N$horizontalAlign":1,"_N$verticalAlign":1,"_N$overflow":1}],"_prefab":{"__type__":"cc.PrefabInfo","root":{"__id__":1},"asset":{"__uuid__":"qzmjmj92-e5c9-44d0-a4b3-2cfc2c67f73f"},"fileId":"f3KkSQ4glKf7vjuyTMqkEB"},"_color":{"__type__":"cc.Color","r":122,"g":80,"b":58},"_contentSize":{"__type__":"cc.Size","width":168,"height":40},"_trs":{"__type__":"TypedArray","ctor":"Float64Array","array":[0,0,0,0,0,0,1,1,1,1]}},{"__type__":"cc.Node","_name":"icon_tongyi","_parent":{"__id__":29},"_active":false,"_components":[{"__type__":"cc.Sprite","node":{"__id__":31},"_spriteFrame":{"__uuid__":"qzmjmjfc-0e64-40b1-aa83-4f2877a24628"}}],"_prefab":{"__type__":"cc.PrefabInfo","root":{"__id__":1},"asset":{"__uuid__":"qzmjmj92-e5c9-44d0-a4b3-2cfc2c67f73f"},"fileId":"9cG4ylyoVH14nteBcBWnUB"},"_contentSize":{"__type__":"cc.Size","width":79,"height":36},"_trs":{"__type__":"TypedArray","ctor":"Float64Array","array":[150,0,0,0,0,0,1,1,1,1]}},{"__type__":"cc.Node","_name":"icon_jujue","_parent":{"__id__":29},"_active":false,"_components":[{"__type__":"cc.Sprite","node":{"__id__":32},"_spriteFrame":{"__uuid__":"qzmjmj56-55f7-4a67-b45d-49fc35d8ffd1"}}],"_prefab":{"__type__":"cc.PrefabInfo","root":{"__id__":1},"asset":{"__uuid__":"qzmjmj92-e5c9-44d0-a4b3-2cfc2c67f73f"},"fileId":"1aRyGnmPNEOr/+VXORVgyc"},"_contentSize":{"__type__":"cc.Size","width":78,"height":36},"_trs":{"__type__":"TypedArray","ctor":"Float64Array","array":[150,0,0,0,0,0,1,1,1,1]}},{"__type__":"cc.Node","_name":"item4","_parent":{"__id__":16},"_children":[{"__id__":34},{"__id__":35},{"__id__":36}],"_prefab":{"__type__":"cc.PrefabInfo","root":{"__id__":1},"asset":{"__uuid__":"qzmjmj92-e5c9-44d0-a4b3-2cfc2c67f73f"},"fileId":"60jANpug9EXJyvZ/xSP5Ny"},"_trs":{"__type__":"TypedArray","ctor":"Float64Array","array":[-255,1,0,0,0,0,1,1,1,1]}},{"__type__":"cc.Node","_name":"name","_parent":{"__id__":33},"_components":[{"__type__":"cc.Label","node":{"__id__":34},"_useOriginalSize":false,"_string":"玩家称号七个字","_N$string":"玩家称号七个字","_fontSize":24,"_enableWrapText":false,"_N$file":{"__uuid__":"qzmjmj1e-650d-4484-9e24-10ffc791e225"},"_isSystemFontUsed":false,"_N$horizontalAlign":1,"_N$verticalAlign":1,"_N$overflow":1}],"_prefab":{"__type__":"cc.PrefabInfo","root":{"__id__":1},"asset":{"__uuid__":"qzmjmj92-e5c9-44d0-a4b3-2cfc2c67f73f"},"fileId":"e2RQ9LBUpMV62NayMRSCs6"},"_color":{"__type__":"cc.Color","r":122,"g":80,"b":58},"_contentSize":{"__type__":"cc.Size","width":168,"height":40},"_trs":{"__type__":"TypedArray","ctor":"Float64Array","array":[0,0,0,0,0,0,1,1,1,1]}},{"__type__":"cc.Node","_name":"icon_tongyi","_parent":{"__id__":33},"_active":false,"_components":[{"__type__":"cc.Sprite","node":{"__id__":35},"_spriteFrame":{"__uuid__":"qzmjmjfc-0e64-40b1-aa83-4f2877a24628"}}],"_prefab":{"__type__":"cc.PrefabInfo","root":{"__id__":1},"asset":{"__uuid__":"qzmjmj92-e5c9-44d0-a4b3-2cfc2c67f73f"},"fileId":"4dRSA9P9lGPYv45SpbgOBq"},"_contentSize":{"__type__":"cc.Size","width":79,"height":36},"_trs":{"__type__":"TypedArray","ctor":"Float64Array","array":[150,0,0,0,0,0,1,1,1,1]}},{"__type__":"cc.Node","_name":"icon_jujue","_parent":{"__id__":33},"_active":false,"_components":[{"__type__":"cc.Sprite","node":{"__id__":36},"_spriteFrame":{"__uuid__":"qzmjmj56-55f7-4a67-b45d-49fc35d8ffd1"}}],"_prefab":{"__type__":"cc.PrefabInfo","root":{"__id__":1},"asset":{"__uuid__":"qzmjmj92-e5c9-44d0-a4b3-2cfc2c67f73f"},"fileId":"ccme53Pj1D27/pAygZzMNe"},"_contentSize":{"__type__":"cc.Size","width":78,"height":36},"_trs":{"__type__":"TypedArray","ctor":"Float64Array","array":[150,0,0,0,0,0,1,1,1,1]}},{"__type__":"cc.Node","_name":"item5","_parent":{"__id__":16},"_children":[{"__id__":38},{"__id__":39},{"__id__":40}],"_prefab":{"__type__":"cc.PrefabInfo","root":{"__id__":1},"asset":{"__uuid__":"qzmjmj92-e5c9-44d0-a4b3-2cfc2c67f73f"},"fileId":"b5Phy2N+5Bo5/ks9lHiANU"},"_trs":{"__type__":"TypedArray","ctor":"Float64Array","array":[150,1,0,0,0,0,1,1,1,1]}},{"__type__":"cc.Node","_name":"name","_parent":{"__id__":37},"_components":[{"__type__":"cc.Label","node":{"__id__":38},"_useOriginalSize":false,"_string":"玩家称号七个字","_N$string":"玩家称号七个字","_fontSize":24,"_enableWrapText":false,"_N$file":{"__uuid__":"qzmjmj1e-650d-4484-9e24-10ffc791e225"},"_isSystemFontUsed":false,"_N$horizontalAlign":1,"_N$verticalAlign":1,"_N$overflow":1}],"_prefab":{"__type__":"cc.PrefabInfo","root":{"__id__":1},"asset":{"__uuid__":"qzmjmj92-e5c9-44d0-a4b3-2cfc2c67f73f"},"fileId":"24FMlshhtIUolxQU8yEqht"},"_color":{"__type__":"cc.Color","r":122,"g":80,"b":58},"_contentSize":{"__type__":"cc.Size","width":168,"height":40},"_trs":{"__type__":"TypedArray","ctor":"Float64Array","array":[0,0,0,0,0,0,1,1,1,1]}},{"__type__":"cc.Node","_name":"icon_tongyi","_parent":{"__id__":37},"_active":false,"_components":[{"__type__":"cc.Sprite","node":{"__id__":39},"_spriteFrame":{"__uuid__":"qzmjmjfc-0e64-40b1-aa83-4f2877a24628"}}],"_prefab":{"__type__":"cc.PrefabInfo","root":{"__id__":1},"asset":{"__uuid__":"qzmjmj92-e5c9-44d0-a4b3-2cfc2c67f73f"},"fileId":"32yEGEAoJMnb+iZpear0aN"},"_contentSize":{"__type__":"cc.Size","width":79,"height":36},"_trs":{"__type__":"TypedArray","ctor":"Float64Array","array":[150,0,0,0,0,0,1,1,1,1]}},{"__type__":"cc.Node","_name":"icon_jujue","_parent":{"__id__":37},"_active":false,"_components":[{"__type__":"cc.Sprite","node":{"__id__":40},"_spriteFrame":{"__uuid__":"qzmjmj56-55f7-4a67-b45d-49fc35d8ffd1"}}],"_prefab":{"__type__":"cc.PrefabInfo","root":{"__id__":1},"asset":{"__uuid__":"qzmjmj92-e5c9-44d0-a4b3-2cfc2c67f73f"},"fileId":"f9EUU8sdZHC5LzYPK6typ+"},"_contentSize":{"__type__":"cc.Size","width":78,"height":36},"_trs":{"__type__":"TypedArray","ctor":"Float64Array","array":[150,0,0,0,0,0,1,1,1,1]}},{"__type__":"cc.Node","_name":"item6","_parent":{"__id__":16},"_children":[{"__id__":42},{"__id__":43},{"__id__":44}],"_prefab":{"__type__":"cc.PrefabInfo","root":{"__id__":1},"asset":{"__uuid__":"qzmjmj92-e5c9-44d0-a4b3-2cfc2c67f73f"},"fileId":"adsVB44fhOcbgIvGd6H8Kn"},"_trs":{"__type__":"TypedArray","ctor":"Float64Array","array":[-255,-47,0,0,0,0,1,1,1,1]}},{"__type__":"cc.Node","_name":"name","_parent":{"__id__":41},"_components":[{"__type__":"cc.Label","node":{"__id__":42},"_useOriginalSize":false,"_string":"玩家称号七个字","_N$string":"玩家称号七个字","_fontSize":24,"_enableWrapText":false,"_N$file":{"__uuid__":"qzmjmj1e-650d-4484-9e24-10ffc791e225"},"_isSystemFontUsed":false,"_N$horizontalAlign":1,"_N$verticalAlign":1,"_N$overflow":1}],"_prefab":{"__type__":"cc.PrefabInfo","root":{"__id__":1},"asset":{"__uuid__":"qzmjmj92-e5c9-44d0-a4b3-2cfc2c67f73f"},"fileId":"bek1XqKHNBXI4To7ocaAiG"},"_color":{"__type__":"cc.Color","r":122,"g":80,"b":58},"_contentSize":{"__type__":"cc.Size","width":168,"height":40},"_trs":{"__type__":"TypedArray","ctor":"Float64Array","array":[0,0,0,0,0,0,1,1,1,1]}},{"__type__":"cc.Node","_name":"icon_tongyi","_parent":{"__id__":41},"_active":false,"_components":[{"__type__":"cc.Sprite","node":{"__id__":43},"_spriteFrame":{"__uuid__":"qzmjmjfc-0e64-40b1-aa83-4f2877a24628"}}],"_prefab":{"__type__":"cc.PrefabInfo","root":{"__id__":1},"asset":{"__uuid__":"qzmjmj92-e5c9-44d0-a4b3-2cfc2c67f73f"},"fileId":"ccOFu/TmxEjbvH5W0U7ZEk"},"_contentSize":{"__type__":"cc.Size","width":79,"height":36},"_trs":{"__type__":"TypedArray","ctor":"Float64Array","array":[150,0,0,0,0,0,1,1,1,1]}},{"__type__":"cc.Node","_name":"icon_jujue","_parent":{"__id__":41},"_active":false,"_components":[{"__type__":"cc.Sprite","node":{"__id__":44},"_spriteFrame":{"__uuid__":"qzmjmj56-55f7-4a67-b45d-49fc35d8ffd1"}}],"_prefab":{"__type__":"cc.PrefabInfo","root":{"__id__":1},"asset":{"__uuid__":"qzmjmj92-e5c9-44d0-a4b3-2cfc2c67f73f"},"fileId":"daFka1XApP56aj9cgQUWNW"},"_contentSize":{"__type__":"cc.Size","width":78,"height":36},"_trs":{"__type__":"TypedArray","ctor":"Float64Array","array":[150,0,0,0,0,0,1,1,1,1]}},{"__type__":"cc.Node","_name":"item7","_parent":{"__id__":16},"_children":[{"__id__":46},{"__id__":47},{"__id__":48}],"_prefab":{"__type__":"cc.PrefabInfo","root":{"__id__":1},"asset":{"__uuid__":"qzmjmj92-e5c9-44d0-a4b3-2cfc2c67f73f"},"fileId":"3aj9GywUhFkb2yEu/d+Tgs"},"_trs":{"__type__":"TypedArray","ctor":"Float64Array","array":[150,-47,0,0,0,0,1,1,1,1]}},{"__type__":"cc.Node","_name":"name","_parent":{"__id__":45},"_components":[{"__type__":"cc.Label","node":{"__id__":46},"_useOriginalSize":false,"_string":"玩家称号七个字","_N$string":"玩家称号七个字","_fontSize":24,"_enableWrapText":false,"_N$file":{"__uuid__":"qzmjmj1e-650d-4484-9e24-10ffc791e225"},"_isSystemFontUsed":false,"_N$horizontalAlign":1,"_N$verticalAlign":1,"_N$overflow":1}],"_prefab":{"__type__":"cc.PrefabInfo","root":{"__id__":1},"asset":{"__uuid__":"qzmjmj92-e5c9-44d0-a4b3-2cfc2c67f73f"},"fileId":"ae8vqGumBPB4/FGx/HT4NX"},"_color":{"__type__":"cc.Color","r":122,"g":80,"b":58},"_contentSize":{"__type__":"cc.Size","width":168,"height":40},"_trs":{"__type__":"TypedArray","ctor":"Float64Array","array":[0,0,0,0,0,0,1,1,1,1]}},{"__type__":"cc.Node","_name":"icon_tongyi","_parent":{"__id__":45},"_active":false,"_components":[{"__type__":"cc.Sprite","node":{"__id__":47},"_spriteFrame":{"__uuid__":"qzmjmjfc-0e64-40b1-aa83-4f2877a24628"}}],"_prefab":{"__type__":"cc.PrefabInfo","root":{"__id__":1},"asset":{"__uuid__":"qzmjmj92-e5c9-44d0-a4b3-2cfc2c67f73f"},"fileId":"ccjjLaM8ZCWaPGizbtM+3U"},"_contentSize":{"__type__":"cc.Size","width":79,"height":36},"_trs":{"__type__":"TypedArray","ctor":"Float64Array","array":[150,0,0,0,0,0,1,1,1,1]}},{"__type__":"cc.Node","_name":"icon_jujue","_parent":{"__id__":45},"_active":false,"_components":[{"__type__":"cc.Sprite","node":{"__id__":48},"_spriteFrame":{"__uuid__":"qzmjmj56-55f7-4a67-b45d-49fc35d8ffd1"}}],"_prefab":{"__type__":"cc.PrefabInfo","root":{"__id__":1},"asset":{"__uuid__":"qzmjmj92-e5c9-44d0-a4b3-2cfc2c67f73f"},"fileId":"20iCpYHqVJboobZSMUXoH1"},"_contentSize":{"__type__":"cc.Size","width":78,"height":36},"_trs":{"__type__":"TypedArray","ctor":"Float64Array","array":[150,0,0,0,0,0,1,1,1,1]}},{"__type__":"cc.Node","_name":"item8","_parent":{"__id__":16},"_children":[{"__id__":50},{"__id__":51},{"__id__":52}],"_prefab":{"__type__":"cc.PrefabInfo","root":{"__id__":1},"asset":{"__uuid__":"qzmjmj92-e5c9-44d0-a4b3-2cfc2c67f73f"},"fileId":"40HISyfT9MWLqBaYmPzsup"},"_trs":{"__type__":"TypedArray","ctor":"Float64Array","array":[-255,-95,0,0,0,0,1,1,1,1]}},{"__type__":"cc.Node","_name":"name","_parent":{"__id__":49},"_components":[{"__type__":"cc.Label","node":{"__id__":50},"_useOriginalSize":false,"_string":"玩家称号七个字","_N$string":"玩家称号七个字","_fontSize":24,"_enableWrapText":false,"_N$file":{"__uuid__":"qzmjmj1e-650d-4484-9e24-10ffc791e225"},"_isSystemFontUsed":false,"_N$horizontalAlign":1,"_N$verticalAlign":1,"_N$overflow":1}],"_prefab":{"__type__":"cc.PrefabInfo","root":{"__id__":1},"asset":{"__uuid__":"qzmjmj92-e5c9-44d0-a4b3-2cfc2c67f73f"},"fileId":"7a2FCuUEVOyZvPIA9/GC1p"},"_color":{"__type__":"cc.Color","r":122,"g":80,"b":58},"_contentSize":{"__type__":"cc.Size","width":168,"height":40},"_trs":{"__type__":"TypedArray","ctor":"Float64Array","array":[0,0,0,0,0,0,1,1,1,1]}},{"__type__":"cc.Node","_name":"icon_tongyi","_parent":{"__id__":49},"_active":false,"_components":[{"__type__":"cc.Sprite","node":{"__id__":51},"_spriteFrame":{"__uuid__":"qzmjmjfc-0e64-40b1-aa83-4f2877a24628"}}],"_prefab":{"__type__":"cc.PrefabInfo","root":{"__id__":1},"asset":{"__uuid__":"qzmjmj92-e5c9-44d0-a4b3-2cfc2c67f73f"},"fileId":"5ddkVQx8BALZBomn9ZtSum"},"_contentSize":{"__type__":"cc.Size","width":79,"height":36},"_trs":{"__type__":"TypedArray","ctor":"Float64Array","array":[150,0,0,0,0,0,1,1,1,1]}},{"__type__":"cc.Node","_name":"icon_jujue","_parent":{"__id__":49},"_active":false,"_components":[{"__type__":"cc.Sprite","node":{"__id__":52},"_spriteFrame":{"__uuid__":"qzmjmj56-55f7-4a67-b45d-49fc35d8ffd1"}}],"_prefab":{"__type__":"cc.PrefabInfo","root":{"__id__":1},"asset":{"__uuid__":"qzmjmj92-e5c9-44d0-a4b3-2cfc2c67f73f"},"fileId":"8da89V7iZLS4DcZvmVsmmw"},"_contentSize":{"__type__":"cc.Size","width":78,"height":36},"_trs":{"__type__":"TypedArray","ctor":"Float64Array","array":[150,0,0,0,0,0,1,1,1,1]}},{"__type__":"cc.Node","_name":"item9","_parent":{"__id__":16},"_children":[{"__id__":54},{"__id__":55},{"__id__":56}],"_prefab":{"__type__":"cc.PrefabInfo","root":{"__id__":1},"asset":{"__uuid__":"qzmjmj92-e5c9-44d0-a4b3-2cfc2c67f73f"},"fileId":"45nMsL7JZKkZdoDwjF547B"},"_trs":{"__type__":"TypedArray","ctor":"Float64Array","array":[150,-95,0,0,0,0,1,1,1,1]}},{"__type__":"cc.Node","_name":"name","_parent":{"__id__":53},"_components":[{"__type__":"cc.Label","node":{"__id__":54},"_useOriginalSize":false,"_string":"玩家称号七个字","_N$string":"玩家称号七个字","_fontSize":24,"_enableWrapText":false,"_N$file":{"__uuid__":"qzmjmj1e-650d-4484-9e24-10ffc791e225"},"_isSystemFontUsed":false,"_N$horizontalAlign":1,"_N$verticalAlign":1,"_N$overflow":1}],"_prefab":{"__type__":"cc.PrefabInfo","root":{"__id__":1},"asset":{"__uuid__":"qzmjmj92-e5c9-44d0-a4b3-2cfc2c67f73f"},"fileId":"98t5kOQRZLx7Tn6SbZe4Ys"},"_color":{"__type__":"cc.Color","r":122,"g":80,"b":58},"_contentSize":{"__type__":"cc.Size","width":168,"height":40},"_trs":{"__type__":"TypedArray","ctor":"Float64Array","array":[0,0,0,0,0,0,1,1,1,1]}},{"__type__":"cc.Node","_name":"icon_tongyi","_parent":{"__id__":53},"_active":false,"_components":[{"__type__":"cc.Sprite","node":{"__id__":55},"_spriteFrame":{"__uuid__":"qzmjmjfc-0e64-40b1-aa83-4f2877a24628"}}],"_prefab":{"__type__":"cc.PrefabInfo","root":{"__id__":1},"asset":{"__uuid__":"qzmjmj92-e5c9-44d0-a4b3-2cfc2c67f73f"},"fileId":"3c4HxMoZRMCpHhrwNwinTv"},"_contentSize":{"__type__":"cc.Size","width":79,"height":36},"_trs":{"__type__":"TypedArray","ctor":"Float64Array","array":[150,0,0,0,0,0,1,1,1,1]}},{"__type__":"cc.Node","_name":"icon_jujue","_parent":{"__id__":53},"_active":false,"_components":[{"__type__":"cc.Sprite","node":{"__id__":56},"_spriteFrame":{"__uuid__":"qzmjmj56-55f7-4a67-b45d-49fc35d8ffd1"}}],"_prefab":{"__type__":"cc.PrefabInfo","root":{"__id__":1},"asset":{"__uuid__":"qzmjmj92-e5c9-44d0-a4b3-2cfc2c67f73f"},"fileId":"c862oTSNdJo4QDITA9Ebhf"},"_contentSize":{"__type__":"cc.Size","width":78,"height":36},"_trs":{"__type__":"TypedArray","ctor":"Float64Array","array":[150,0,0,0,0,0,1,1,1,1]}}],{"__type__":"cc.SpriteFrame","content":{"name":"slice_bg_jiesan","texture":"qzmjmj9b-9648-4c99-a6e3-4ef0589746fa","rect":[0,0,23,23],"offset":[0,0],"originalSize":[23,23],"capInsets":[9,9,9,9]}},{"__type__":"cc.SpriteFrame","content":{"name":"bg_title","texture":"qzmjmj97-3712-402e-a8df-7a77a1f3a904","rect":[0,1,511,82],"offset":[-0.5,0],"originalSize":[512,84],"capInsets":[0,0,0,0]}},{"__type__":"cc.SpriteFrame","content":{"name":"bg_box2","texture":"qzmjmj4d-4726-47af-a153-92ba9850277b","rect":[3,2,812,404],"offset":[0,0],"originalSize":[818,408],"capInsets":[0,0,0,0]}},{"__type__":"cc.SpriteFrame","content":{"name":"icon_consent","texture":"qzmjmj2b-30ce-4ee0-b425-7df05ac7a8e7","rect":[0,0,79,36],"offset":[-0.5,0],"originalSize":[80,36],"capInsets":[0,0,0,0]}}]