[[{"__type__":"cc.Prefab","_name":"qzmj_UIMessageTip","data":{"__id__":1}},{"__type__":"cc.Node","_name":"xymj_UIMessageTip","_children":[{"__id__":2}],"_components":[{"__type__":"cc.Widget","node":{"__id__":1},"alignMode":0},{"__type__":"qzmjmje7-9fd9-465f-aed9-2acb332b6467","node":{"__id__":1},"JS_Name":"pxzzmj_BaseComponent","ZorderLv":7,"lb_info":{"__id__":4}}],"_prefab":{"__type__":"cc.PrefabInfo","root":{"__id__":1},"asset":{"__uuid__":"qzmjmjac-5b58-44c7-a4b3-4d47626575b9"},"fileId":"ebMiQvdwJG7aeNr+OnVCsY"},"_contentSize":{"__type__":"cc.Size","width":620,"height":140},"_trs":{"__type__":"TypedArray","ctor":"Float64Array","array":[0,0,0,0,0,0,1,1,1,1]}},{"__type__":"cc.Node","_name":"sp_info","_parent":{"__id__":1},"_children":[{"__id__":3}],"_components":[{"__type__":"cc.Sprite","node":{"__id__":2},"_spriteFrame":{"__uuid__":"qzmjmje7-3193-4cff-bf46-adda08dd77c4"},"_type":1,"_sizeMode":0,"_isTrimmedMode":false},{"__type__":"cc.Widget","node":{"__id__":2},"alignMode":0,"_alignFlags":12,"_left":55,"_top":469,"_bottom":-90},{"__type__":"cc.Layout","node":{"__id__":2},"_layoutSize":{"__type__":"cc.Size","width":620,"height":158},"_resize":1,"_N$layoutType":2,"_N$paddingLeft":10,"_N$paddingRight":10,"_N$paddingTop":30,"_N$paddingBottom":20,"_N$spacingX":10}],"_prefab":{"__type__":"cc.PrefabInfo","root":{"__id__":1},"asset":{"__uuid__":"qzmjmjac-5b58-44c7-a4b3-4d47626575b9"},"fileId":"a7u51dhbVD1oybdeB+VD47"},"_contentSize":{"__type__":"cc.Size","width":620,"height":158},"_anchorPoint":{"__type__":"cc.Vec2","y":0.5},"_trs":{"__type__":"TypedArray","ctor":"Float64Array","array":[-255,-81,0,0,0,0,1,1,1,1]}},{"__type__":"cc.Node","_name":"lb_info","_parent":{"__id__":2},"_components":[{"__id__":4}],"_prefab":{"__type__":"cc.PrefabInfo","root":{"__id__":1},"asset":{"__uuid__":"qzmjmjac-5b58-44c7-a4b3-4d47626575b9"},"fileId":"c5DJ/hP4NP1InPGIbhCMGi"},"_color":{"__type__":"cc.Color","r":255,"g":226,"b":146},"_contentSize":{"__type__":"cc.Size","width":600,"height":108},"_trs":{"__type__":"TypedArray","ctor":"Float64Array","array":[310,-5,0,0,0,0,1,1,1,1]}},{"__type__":"cc.Label","node":{"__id__":3},"_useOriginalSize":false,"_string":"手牌中有4张红中时立即胡牌，且牌墙中未摸起的牌都为奖码，其中有1、5、9的牌都为中码。","_N$string":"手牌中有4张红中时立即胡牌，且牌墙中未摸起的牌都为奖码，其中有1、5、9的牌都为中码。","_fontSize":30,"_lineHeight":36,"_N$file":{"__uuid__":"qzmjmj1e-650d-4484-9e24-10ffc791e225"},"_isSystemFontUsed":false,"_N$verticalAlign":1,"_N$overflow":3}],{"__type__":"cc.SpriteFrame","content":{"name":"img_black_worddown","texture":"qzmjmj6d-a0f8-488a-8608-2ad9cd60478e","rect":[0,0,149,102],"offset":[0,0],"originalSize":[149,102],"capInsets":[20,30,65,22]}}]