[{"__type__":"cc.SpriteFrame","content":{"name":"btn_lvse","texture":"a9jCHYt29CN4nNfwqCH1sh","rect":[0,0,201,72],"offset":[0,0],"originalSize":[201,72],"capInsets":[0,0,0,0]}},{"__type__":"cc.SpriteFrame","content":{"name":"img_srk","texture":"4fF0MdCJxNAZIBzGY6bjxs","rect":[0,0,278,53],"offset":[0,0],"originalSize":[278,53],"capInsets":[0,0,0,0]}},{"__type__":"cc.SpriteFrame","content":{"name":"img_dxk01","texture":"bfbkS4j+dNR5Sem4LLBLEM","rect":[0,0,51,51],"offset":[0,0],"originalSize":[51,51],"capInsets":[0,0,0,0]}},{"__type__":"cc.SpriteFrame","content":{"name":"default_btn_disabled","texture":"71VhFCTINJM6/Ky3oX9nBT","rect":[0,0,40,40],"offset":[0,0],"originalSize":[40,40],"capInsets":[12,12,12,12]}},{"__type__":"cc.SpriteFrame","content":{"name":"guanbi","texture":"189664600","rect":[2,779,60,66],"offset":[0,0],"originalSize":[60,66],"rotated":1,"capInsets":[0,0,0,0]}},{"__type__":"cc.SpriteFrame","content":{"name":"btn_bg1off","texture":"189664600","rect":[2,517,258,94],"offset":[0,0],"originalSize":[258,94],"rotated":1,"capInsets":[0,0,0,0]}},{"__type__":"cc.SpriteFrame","content":{"name":"img_black_60","texture":"e5dLSpyq9NPZ8mPvfDyGXH","rect":[0,0,100,100],"offset":[0,0],"originalSize":[100,100],"capInsets":[0,0,0,0]}},{"__type__":"cc.SpriteFrame","content":{"name":"img_mid_tc","texture":"4asdMjgIdHFY50gLjCBJEI","rect":[0,0,984,607],"offset":[0,0],"originalSize":[984,607],"capInsets":[0,151,0,48]}},[{"__type__":"cc.Prefab","_name":"UIUserSetBaoMingFei","data":{"__id__":1}},{"__type__":"cc.Node","_name":"UIUserSetBaoMingFei","_children":[{"__id__":2},{"__id__":3},{"__id__":5},{"__id__":6},{"__id__":8},{"__id__":10},{"__id__":12},{"__id__":14},{"__id__":15},{"__id__":19},{"__id__":20},{"__id__":21},{"__id__":22},{"__id__":23},{"__id__":31},{"__id__":39}],"_components":[{"__type__":"cc.Widget","node":{"__id__":1},"alignMode":0,"_alignFlags":45,"_left":-100,"_right":-100},{"__type__":"cc.Button","node":{"__id__":1},"_N$normalColor":{"__type__":"cc.Color","r":214,"g":214,"b":214},"_N$target":{"__id__":1}},{"__type__":"fa8baSyS1VNDbRa9RrB5W+q","node":{"__id__":1},"ZorderLv":8}],"_prefab":{"__type__":"cc.PrefabInfo","root":{"__id__":1},"asset":{"__uuid__":"aej2Aim0dBmZhja/eLgK9P"},"fileId":"a4GJO+wjlC37P9V7V7Fws8"},"_contentSize":{"__type__":"cc.Size","width":1560,"height":760},"_trs":{"__type__":"TypedArray","ctor":"Float64Array","array":[680,380,0,0,0,0,1,1,1,1]}},{"__type__":"cc.Node","_name":"bg","_parent":{"__id__":1},"_components":[{"__type__":"cc.Sprite","node":{"__id__":2},"_materials":[{"__uuid__":"ecpdLyjvZBwrvm+cedCcQy"}],"_spriteFrame":{"__uuid__":"86Zf39gLpJiYJ0+npxhZ2d"},"_type":1,"_sizeMode":0},{"__type__":"cc.Widget","node":{"__id__":2},"alignMode":0,"_alignFlags":45,"_left":-100,"_right":-100,"_originalWidth":1360,"_originalHeight":1020}],"_prefab":{"__type__":"cc.PrefabInfo","root":{"__id__":1},"asset":{"__uuid__":"aej2Aim0dBmZhja/eLgK9P"},"fileId":"50QQxRmhlFTI86/7eOJwVM"},"_contentSize":{"__type__":"cc.Size","width":1760,"height":760},"_trs":{"__type__":"TypedArray","ctor":"Float64Array","array":[0,0,0,0,0,0,1,1,1,1]}},{"__type__":"cc.Node","_name":"bg_create","_parent":{"__id__":1},"_children":[{"__id__":4}],"_components":[{"__type__":"cc.Sprite","node":{"__id__":3},"_materials":[{"__uuid__":"ecpdLyjvZBwrvm+cedCcQy"}],"_spriteFrame":{"__uuid__":"8dpmteRW9G/LLq8uXEtxQ0"},"_type":1,"_sizeMode":0}],"_prefab":{"__type__":"cc.PrefabInfo","root":{"__id__":1},"asset":{"__uuid__":"aej2Aim0dBmZhja/eLgK9P"},"fileId":"72INAXYGZPmbtlXQmCqngY"},"_contentSize":{"__type__":"cc.Size","width":1100,"height":700},"_trs":{"__type__":"TypedArray","ctor":"Float64Array","array":[0,0,0,0,0,0,1,1,1,1]}},{"__type__":"cc.Node","_name":"New Label","_parent":{"__id__":3},"_components":[{"__type__":"cc.Label","node":{"__id__":4},"_materials":[{"__uuid__":"ecpdLyjvZBwrvm+cedCcQy"}],"_useOriginalSize":false,"_string":"报名费分成","_N$string":"报名费分成","_N$file":{"__uuid__":"5f5wQekV1CGpJW2meZozWn"},"_isSystemFontUsed":false,"_N$horizontalAlign":1,"_N$verticalAlign":1},{"__type__":"cc.LabelOutline","node":{"__id__":4},"_width":3}],"_prefab":{"__type__":"cc.PrefabInfo","root":{"__id__":1},"asset":{"__uuid__":"aej2Aim0dBmZhja/eLgK9P"},"fileId":"d83DxaL6VOWr5hGhFnF8bq"},"_color":{"__type__":"cc.Color","r":111,"g":51,"b":17},"_contentSize":{"__type__":"cc.Size","width":206,"height":56.4},"_trs":{"__type__":"TypedArray","ctor":"Float64Array","array":[0,305.949,0,0,0,0,1,1,1,1]}},{"__type__":"cc.Node","_name":"btn_close","_parent":{"__id__":1},"_components":[{"__type__":"cc.Button","node":{"__id__":5},"zoomScale":0.9,"clickEvents":[{"__type__":"cc.ClickEvent","target":{"__id__":1},"_componentId":"fa8baSyS1VNDbRa9RrB5W+q","handler":"OnClick_BtnWnd"}],"_N$transition":3,"transition":3,"_N$pressedColor":{"__type__":"cc.Color","r":255,"g":255,"b":255},"pressedColor":{"__type__":"cc.Color","r":255,"g":255,"b":255},"_N$disabledColor":{"__type__":"cc.Color","r":255,"g":255,"b":255},"_N$normalSprite":{"__uuid__":"44LtTCo89GZbVww0gAMaAS"},"_N$pressedSprite":{"__uuid__":"e97GVMl6JHh5Ml5qEDdSGa"},"pressedSprite":{"__uuid__":"e97GVMl6JHh5Ml5qEDdSGa"},"_N$hoverSprite":{"__uuid__":"e97GVMl6JHh5Ml5qEDdSGa"},"hoverSprite":{"__uuid__":"e97GVMl6JHh5Ml5qEDdSGa"},"_N$disabledSprite":{"__uuid__":"29FYIk+N1GYaeWH/q1NxQO"},"_N$target":{"__id__":5}},{"__type__":"cc.Sprite","node":{"__id__":5},"_materials":[{"__uuid__":"ecpdLyjvZBwrvm+cedCcQy"}],"_spriteFrame":{"__uuid__":"d9ZhflMOxHW7JHl9dya866"}}],"_prefab":{"__type__":"cc.PrefabInfo","root":{"__id__":1},"asset":{"__uuid__":"aej2Aim0dBmZhja/eLgK9P"},"fileId":"b6Eg47klFFrIrkXm9Emy+7"},"_contentSize":{"__type__":"cc.Size","width":79,"height":80},"_trs":{"__type__":"TypedArray","ctor":"Float64Array","array":[541.786,286.286,0,0,0,0,1,1,1,1]}},{"__type__":"cc.Node","_name":"btn_detail_percent","_parent":{"__id__":1},"_children":[{"__id__":7}],"_components":[{"__type__":"cc.Button","node":{"__id__":6},"zoomScale":0.9,"clickEvents":[{"__type__":"cc.ClickEvent","target":{"__id__":1},"_componentId":"fa8baSyS1VNDbRa9RrB5W+q","handler":"OnClick_BtnWnd"}],"_N$transition":3,"transition":3,"_N$pressedColor":{"__type__":"cc.Color","r":255,"g":255,"b":255},"pressedColor":{"__type__":"cc.Color","r":255,"g":255,"b":255},"_N$disabledColor":{"__type__":"cc.Color","r":255,"g":255,"b":255},"_N$normalSprite":{"__uuid__":"71zh05oHZMTpCEN893HoJJ"},"_N$pressedSprite":{"__uuid__":"e97GVMl6JHh5Ml5qEDdSGa"},"pressedSprite":{"__uuid__":"e97GVMl6JHh5Ml5qEDdSGa"},"_N$hoverSprite":{"__uuid__":"e97GVMl6JHh5Ml5qEDdSGa"},"hoverSprite":{"__uuid__":"e97GVMl6JHh5Ml5qEDdSGa"},"_N$disabledSprite":{"__uuid__":"29FYIk+N1GYaeWH/q1NxQO"},"_N$target":{"__id__":6}},{"__type__":"cc.Sprite","node":{"__id__":6},"_materials":[{"__uuid__":"ecpdLyjvZBwrvm+cedCcQy"}],"_spriteFrame":{"__uuid__":"03quzeWOhOz4Ezb2guQtAO"}}],"_prefab":{"__type__":"cc.PrefabInfo","root":{"__id__":1},"asset":{"__uuid__":"aej2Aim0dBmZhja/eLgK9P"},"fileId":"c5sqnwo5lDvaInSD89l5o4"},"_contentSize":{"__type__":"cc.Size","width":201,"height":72},"_trs":{"__type__":"TypedArray","ctor":"Float64Array","array":[374.649,-41.549,0,0,0,0,1,0.8,0.8,1]}},{"__type__":"cc.Node","_name":"lb_btnName","_parent":{"__id__":6},"_components":[{"__type__":"cc.Label","node":{"__id__":7},"_materials":[{"__uuid__":"ecpdLyjvZBwrvm+cedCcQy"}],"_useOriginalSize":false,"_string":"详细修改","_N$string":"详细修改","_lineHeight":45,"_N$file":{"__uuid__":"5f5wQekV1CGpJW2meZozWn"},"_isSystemFontUsed":false,"_N$horizontalAlign":1,"_N$verticalAlign":1},{"__type__":"cc.LabelOutline","node":{"__id__":7},"_color":{"__type__":"cc.Color","r":24,"g":88,"b":46},"_width":2}],"_prefab":{"__type__":"cc.PrefabInfo","root":{"__id__":1},"asset":{"__uuid__":"aej2Aim0dBmZhja/eLgK9P"},"fileId":"35N5fAymdMW6SAEsOSNER5"},"_contentSize":{"__type__":"cc.Size","width":164,"height":60.7},"_trs":{"__type__":"TypedArray","ctor":"Float64Array","array":[0,3,0,0,0,0,1,1,1,1]}},{"__type__":"cc.Node","_name":"btn_detail_value","_parent":{"__id__":1},"_children":[{"__id__":9}],"_components":[{"__type__":"cc.Button","node":{"__id__":8},"zoomScale":0.9,"clickEvents":[{"__type__":"cc.ClickEvent","target":{"__id__":1},"_componentId":"fa8baSyS1VNDbRa9RrB5W+q","handler":"OnClick_BtnWnd"}],"_N$transition":3,"transition":3,"_N$pressedColor":{"__type__":"cc.Color","r":255,"g":255,"b":255},"pressedColor":{"__type__":"cc.Color","r":255,"g":255,"b":255},"_N$disabledColor":{"__type__":"cc.Color","r":255,"g":255,"b":255},"_N$normalSprite":{"__uuid__":"71zh05oHZMTpCEN893HoJJ"},"_N$pressedSprite":{"__uuid__":"e97GVMl6JHh5Ml5qEDdSGa"},"pressedSprite":{"__uuid__":"e97GVMl6JHh5Ml5qEDdSGa"},"_N$hoverSprite":{"__uuid__":"e97GVMl6JHh5Ml5qEDdSGa"},"hoverSprite":{"__uuid__":"e97GVMl6JHh5Ml5qEDdSGa"},"_N$disabledSprite":{"__uuid__":"29FYIk+N1GYaeWH/q1NxQO"},"_N$target":{"__id__":8}},{"__type__":"cc.Sprite","node":{"__id__":8},"_materials":[{"__uuid__":"ecpdLyjvZBwrvm+cedCcQy"}],"_spriteFrame":{"__uuid__":"03quzeWOhOz4Ezb2guQtAO"}}],"_prefab":{"__type__":"cc.PrefabInfo","root":{"__id__":1},"asset":{"__uuid__":"aej2Aim0dBmZhja/eLgK9P"},"fileId":"645sSqaMhCH5cy7dM/kneD"},"_contentSize":{"__type__":"cc.Size","width":201,"height":72},"_trs":{"__type__":"TypedArray","ctor":"Float64Array","array":[374.649,69.664,0,0,0,0,1,0.8,0.8,1]}},{"__type__":"cc.Node","_name":"lb_btnName","_parent":{"__id__":8},"_components":[{"__type__":"cc.Label","node":{"__id__":9},"_materials":[{"__uuid__":"ecpdLyjvZBwrvm+cedCcQy"}],"_useOriginalSize":false,"_string":"详细修改","_N$string":"详细修改","_lineHeight":45,"_N$file":{"__uuid__":"5f5wQekV1CGpJW2meZozWn"},"_isSystemFontUsed":false,"_N$horizontalAlign":1,"_N$verticalAlign":1},{"__type__":"cc.LabelOutline","node":{"__id__":9},"_color":{"__type__":"cc.Color","r":24,"g":88,"b":46},"_width":2}],"_prefab":{"__type__":"cc.PrefabInfo","root":{"__id__":1},"asset":{"__uuid__":"aej2Aim0dBmZhja/eLgK9P"},"fileId":"22VKbs7zJNkbdJVpJhUUdG"},"_contentSize":{"__type__":"cc.Size","width":164,"height":60.7},"_trs":{"__type__":"TypedArray","ctor":"Float64Array","array":[0,3,0,0,0,0,1,1,1,1]}},{"__type__":"cc.Node","_name":"btn_detail_section","_parent":{"__id__":1},"_children":[{"__id__":11}],"_components":[{"__type__":"cc.Button","node":{"__id__":10},"zoomScale":0.9,"clickEvents":[{"__type__":"cc.ClickEvent","target":{"__id__":1},"_componentId":"fa8baSyS1VNDbRa9RrB5W+q","handler":"OnClick_BtnWnd"}],"_N$transition":3,"transition":3,"_N$pressedColor":{"__type__":"cc.Color","r":255,"g":255,"b":255},"pressedColor":{"__type__":"cc.Color","r":255,"g":255,"b":255},"_N$disabledColor":{"__type__":"cc.Color","r":255,"g":255,"b":255},"_N$normalSprite":{"__uuid__":"71zh05oHZMTpCEN893HoJJ"},"_N$pressedSprite":{"__uuid__":"e97GVMl6JHh5Ml5qEDdSGa"},"pressedSprite":{"__uuid__":"e97GVMl6JHh5Ml5qEDdSGa"},"_N$hoverSprite":{"__uuid__":"e97GVMl6JHh5Ml5qEDdSGa"},"hoverSprite":{"__uuid__":"e97GVMl6JHh5Ml5qEDdSGa"},"_N$disabledSprite":{"__uuid__":"29FYIk+N1GYaeWH/q1NxQO"},"_N$target":{"__id__":10}},{"__type__":"cc.Sprite","node":{"__id__":10},"_materials":[{"__uuid__":"ecpdLyjvZBwrvm+cedCcQy"}],"_spriteFrame":{"__uuid__":"03quzeWOhOz4Ezb2guQtAO"}}],"_prefab":{"__type__":"cc.PrefabInfo","root":{"__id__":1},"asset":{"__uuid__":"aej2Aim0dBmZhja/eLgK9P"},"fileId":"3etIhsvCdPQ5N0iretA4fg"},"_contentSize":{"__type__":"cc.Size","width":201,"height":72},"_trs":{"__type__":"TypedArray","ctor":"Float64Array","array":[374.649,-172.164,0,0,0,0,1,0.8,0.8,1]}},{"__type__":"cc.Node","_name":"lb_btnName","_parent":{"__id__":10},"_components":[{"__type__":"cc.Label","node":{"__id__":11},"_materials":[{"__uuid__":"ecpdLyjvZBwrvm+cedCcQy"}],"_useOriginalSize":false,"_string":"详细修改","_N$string":"详细修改","_lineHeight":45,"_N$file":{"__uuid__":"5f5wQekV1CGpJW2meZozWn"},"_isSystemFontUsed":false,"_N$horizontalAlign":1,"_N$verticalAlign":1},{"__type__":"cc.LabelOutline","node":{"__id__":11},"_color":{"__type__":"cc.Color","r":24,"g":88,"b":46},"_width":2}],"_prefab":{"__type__":"cc.PrefabInfo","root":{"__id__":1},"asset":{"__uuid__":"aej2Aim0dBmZhja/eLgK9P"},"fileId":"5eW5RB/BtDHJwFpg/wrT5L"},"_contentSize":{"__type__":"cc.Size","width":164,"height":60.7},"_trs":{"__type__":"TypedArray","ctor":"Float64Array","array":[0,3,0,0,0,0,1,1,1,1]}},{"__type__":"cc.Node","_name":"btn_sure","_parent":{"__id__":1},"_children":[{"__id__":13}],"_components":[{"__type__":"cc.Button","node":{"__id__":12},"zoomScale":0.9,"clickEvents":[{"__type__":"cc.ClickEvent","target":{"__id__":1},"_componentId":"fa8baSyS1VNDbRa9RrB5W+q","handler":"OnClick_BtnWnd"}],"_N$transition":3,"transition":3,"_N$pressedColor":{"__type__":"cc.Color","r":255,"g":255,"b":255},"pressedColor":{"__type__":"cc.Color","r":255,"g":255,"b":255},"_N$disabledColor":{"__type__":"cc.Color","r":255,"g":255,"b":255},"_N$normalSprite":{"__uuid__":"71zh05oHZMTpCEN893HoJJ"},"_N$pressedSprite":{"__uuid__":"e97GVMl6JHh5Ml5qEDdSGa"},"pressedSprite":{"__uuid__":"e97GVMl6JHh5Ml5qEDdSGa"},"_N$hoverSprite":{"__uuid__":"e97GVMl6JHh5Ml5qEDdSGa"},"hoverSprite":{"__uuid__":"e97GVMl6JHh5Ml5qEDdSGa"},"_N$disabledSprite":{"__uuid__":"29FYIk+N1GYaeWH/q1NxQO"},"_N$target":{"__id__":12}},{"__type__":"cc.Sprite","node":{"__id__":12},"_materials":[{"__uuid__":"ecpdLyjvZBwrvm+cedCcQy"}],"_spriteFrame":{"__uuid__":"fbjFkeohdGk6AIbf09wOgZ"}}],"_prefab":{"__type__":"cc.PrefabInfo","root":{"__id__":1},"asset":{"__uuid__":"aej2Aim0dBmZhja/eLgK9P"},"fileId":"6am6GOP/xP/7ura3FM19pI"},"_contentSize":{"__type__":"cc.Size","width":201,"height":72},"_trs":{"__type__":"TypedArray","ctor":"Float64Array","array":[0,-284.2,0,0,0,0,1,1,1,1]}},{"__type__":"cc.Node","_name":"lb_btnName","_parent":{"__id__":12},"_components":[{"__type__":"cc.Label","node":{"__id__":13},"_materials":[{"__uuid__":"ecpdLyjvZBwrvm+cedCcQy"}],"_useOriginalSize":false,"_string":"确  定","_N$string":"确  定","_lineHeight":45,"_N$file":{"__uuid__":"5f5wQekV1CGpJW2meZozWn"},"_isSystemFontUsed":false,"_N$horizontalAlign":1,"_N$verticalAlign":1},{"__type__":"cc.LabelOutline","node":{"__id__":13},"_color":{"__type__":"cc.Color","r":169,"g":93},"_width":2}],"_prefab":{"__type__":"cc.PrefabInfo","root":{"__id__":1},"asset":{"__uuid__":"aej2Aim0dBmZhja/eLgK9P"},"fileId":"f4NsVg1CFKrrJcbK1qsJy9"},"_contentSize":{"__type__":"cc.Size","width":105.25,"height":60.7},"_trs":{"__type__":"TypedArray","ctor":"Float64Array","array":[0,3,0,0,0,0,1,1,1,1]}},{"__type__":"cc.Node","_name":"lb_tip","_parent":{"__id__":1},"_components":[{"__type__":"cc.Label","node":{"__id__":14},"_materials":[{"__uuid__":"ecpdLyjvZBwrvm+cedCcQy"}],"_useOriginalSize":false,"_string":"请在下方输入修改值：","_N$string":"请在下方输入修改值：","_fontSize":36,"_N$file":{"__uuid__":"5f5wQekV1CGpJW2meZozWn"},"_isSystemFontUsed":false,"_N$horizontalAlign":1,"_N$verticalAlign":1}],"_prefab":{"__type__":"cc.PrefabInfo","root":{"__id__":1},"asset":{"__uuid__":"aej2Aim0dBmZhja/eLgK9P"},"fileId":"8ddvDAPlNJc6ZtM6YJyhr3"},"_color":{"__type__":"cc.Color","r":112,"g":93,"b":82},"_contentSize":{"__type__":"cc.Size","width":360,"height":50.4},"_trs":{"__type__":"TypedArray","ctor":"Float64Array","array":[-96,163.413,0,0,0,0,1,1,1,1]}},{"__type__":"cc.Node","_name":"lb_TargetPercent","_parent":{"__id__":1},"_children":[{"__id__":16},{"__id__":17},{"__id__":18}],"_components":[{"__type__":"cc.RichText","node":{"__id__":15},"_isSystemFontUsed":false,"_N$string":"<color=#705d52>修改</c><color=#f8772c>玩家昵称（ID：123456）</color><color=#705d52>的报名费分成</c>","_N$fontSize":36,"_N$font":{"__uuid__":"5f5wQekV1CGpJW2meZozWn"},"_N$lineHeight":50}],"_prefab":{"__type__":"cc.PrefabInfo","root":{"__id__":1},"asset":{"__uuid__":"aej2Aim0dBmZhja/eLgK9P"},"fileId":"64xdl4TEBEgavfdMkkoo7C"},"_contentSize":{"__type__":"cc.Size","width":688.36,"height":63},"_anchorPoint":{"__type__":"cc.Vec2","y":0.5},"_trs":{"__type__":"TypedArray","ctor":"Float64Array","array":[-272,213.45,0,0,0,0,1,1,1,1]}},{"__type__":"cc.PrivateNode","_name":"RICHTEXT_CHILD","_objFlags":1024,"_parent":{"__id__":15},"_components":[{"__type__":"cc.Label","node":{"__id__":16},"_materials":[{"__uuid__":"ecpdLyjvZBwrvm+cedCcQy"}],"_string":"修改","_N$string":"修改","_fontSize":36,"_lineHeight":50,"_N$file":{"__uuid__":"5f5wQekV1CGpJW2meZozWn"},"_isSystemFontUsed":false,"_N$verticalAlign":1}],"_prefab":{"__type__":"cc.PrefabInfo","root":{"__id__":1},"asset":{"__uuid__":"aej2Aim0dBmZhja/eLgK9P"},"fileId":"d5nmUYQTxF17fkExtuiPIC"},"_color":{"__type__":"cc.Color","r":112,"g":93,"b":82},"_contentSize":{"__type__":"cc.Size","width":72,"height":63},"_anchorPoint":{"__type__":"cc.Vec2"},"_trs":{"__type__":"TypedArray","ctor":"Float64Array","array":[0,-31.5,0,0,0,0,1,1,1,1]},"_zIndex":-32768},{"__type__":"cc.PrivateNode","_name":"RICHTEXT_CHILD","_objFlags":1024,"_parent":{"__id__":15},"_components":[{"__type__":"cc.Label","node":{"__id__":17},"_materials":[{"__uuid__":"ecpdLyjvZBwrvm+cedCcQy"}],"_string":"玩家昵称（ID：123456）","_N$string":"玩家昵称（ID：123456）","_fontSize":36,"_lineHeight":50,"_N$file":{"__uuid__":"5f5wQekV1CGpJW2meZozWn"},"_isSystemFontUsed":false,"_N$verticalAlign":1}],"_prefab":{"__type__":"cc.PrefabInfo","root":{"__id__":1},"asset":{"__uuid__":"aej2Aim0dBmZhja/eLgK9P"},"fileId":"31womMcmdHGbvlQ+D8UTv/"},"_color":{"__type__":"cc.Color","r":248,"g":119,"b":44},"_contentSize":{"__type__":"cc.Size","width":400.36,"height":63},"_anchorPoint":{"__type__":"cc.Vec2"},"_trs":{"__type__":"TypedArray","ctor":"Float64Array","array":[72,-31.5,0,0,0,0,1,1,1,1]},"_zIndex":-32768},{"__type__":"cc.PrivateNode","_name":"RICHTEXT_CHILD","_objFlags":1024,"_parent":{"__id__":15},"_components":[{"__type__":"cc.Label","node":{"__id__":18},"_materials":[{"__uuid__":"ecpdLyjvZBwrvm+cedCcQy"}],"_string":"的报名费分成","_N$string":"的报名费分成","_fontSize":36,"_lineHeight":50,"_N$file":{"__uuid__":"5f5wQekV1CGpJW2meZozWn"},"_isSystemFontUsed":false,"_N$verticalAlign":1}],"_prefab":{"__type__":"cc.PrefabInfo","root":{"__id__":1},"asset":{"__uuid__":"aej2Aim0dBmZhja/eLgK9P"},"fileId":"1dvkSKuqBPlKaACbrR15Lv"},"_color":{"__type__":"cc.Color","r":112,"g":93,"b":82},"_contentSize":{"__type__":"cc.Size","width":216,"height":63},"_anchorPoint":{"__type__":"cc.Vec2"},"_trs":{"__type__":"TypedArray","ctor":"Float64Array","array":[472.36,-31.5,0,0,0,0,1,1,1,1]},"_zIndex":-32768},{"__type__":"cc.Node","_name":"lb_curPercent","_parent":{"__id__":1},"_active":false,"_components":[{"__type__":"cc.Label","node":{"__id__":19},"_materials":[{"__uuid__":"ecpdLyjvZBwrvm+cedCcQy"}],"_useOriginalSize":false,"_string":"当前报名费分成：10%","_N$string":"当前报名费分成：10%","_fontSize":24,"_lineHeight":28,"_N$file":{"__uuid__":"5f5wQekV1CGpJW2meZozWn"},"_isSystemFontUsed":false,"_N$horizontalAlign":1,"_N$verticalAlign":1}],"_prefab":{"__type__":"cc.PrefabInfo","root":{"__id__":1},"asset":{"__uuid__":"aej2Aim0dBmZhja/eLgK9P"},"fileId":"77hJpOGr9GzoUo6vUQmpwF"},"_color":{"__type__":"cc.Color","r":240,"g":7,"b":7},"_contentSize":{"__type__":"cc.Size","width":231.75,"height":35.28},"_trs":{"__type__":"TypedArray","ctor":"Float64Array","array":[165.513,-91.401,0,0,0,0,1,1,1,1]}},{"__type__":"cc.Node","_name":"tip","_parent":{"__id__":1},"_components":[{"__type__":"cc.Label","node":{"__id__":20},"_materials":[{"__uuid__":"ecpdLyjvZBwrvm+cedCcQy"}],"_useOriginalSize":false,"_string":"修改后，该推广员下所有推广员将强制类型改为固定值，默认0","_N$string":"修改后，该推广员下所有推广员将强制类型改为固定值，默认0","_fontSize":22,"_lineHeight":28,"_N$file":{"__uuid__":"5f5wQekV1CGpJW2meZozWn"},"_isSystemFontUsed":false,"_N$horizontalAlign":1,"_N$verticalAlign":1}],"_prefab":{"__type__":"cc.PrefabInfo","root":{"__id__":1},"asset":{"__uuid__":"aej2Aim0dBmZhja/eLgK9P"},"fileId":"70h+ZICKRBx4v5FTkqHv68"},"_color":{"__type__":"cc.Color","r":240,"g":7,"b":7},"_contentSize":{"__type__":"cc.Size","width":606.55,"height":35.28},"_anchorPoint":{"__type__":"cc.Vec2","y":0.5},"_trs":{"__type__":"TypedArray","ctor":"Float64Array","array":[-185.693,123.934,0,0,0,0,1,1,1,1]}},{"__type__":"cc.Node","_name":"lb_maxPercent","_parent":{"__id__":1},"_components":[{"__type__":"cc.Label","node":{"__id__":21},"_materials":[{"__uuid__":"ecpdLyjvZBwrvm+cedCcQy"}],"_useOriginalSize":false,"_string":"最高:10%,最小5%","_N$string":"最高:10%,最小5%","_fontSize":28,"_lineHeight":28,"_N$file":{"__uuid__":"5f5wQekV1CGpJW2meZozWn"},"_isSystemFontUsed":false,"_N$horizontalAlign":1,"_N$verticalAlign":1}],"_prefab":{"__type__":"cc.PrefabInfo","root":{"__id__":1},"asset":{"__uuid__":"aej2Aim0dBmZhja/eLgK9P"},"fileId":"88XwFXMY9KBafdu3vC4Fzd"},"_color":{"__type__":"cc.Color","r":112,"g":93,"b":82},"_contentSize":{"__type__":"cc.Size","width":209.34,"height":35.28},"_anchorPoint":{"__type__":"cc.Vec2","y":0.5},"_trs":{"__type__":"TypedArray","ctor":"Float64Array","array":[-183.495,-91.641,0,0,0,0,1,1,1,1]}},{"__type__":"cc.Node","_name":"lb_maxValue","_parent":{"__id__":1},"_components":[{"__type__":"cc.Label","node":{"__id__":22},"_materials":[{"__uuid__":"ecpdLyjvZBwrvm+cedCcQy"}],"_useOriginalSize":false,"_string":"最高:10%,最小5%","_N$string":"最高:10%,最小5%","_fontSize":28,"_lineHeight":28,"_N$file":{"__uuid__":"5f5wQekV1CGpJW2meZozWn"},"_isSystemFontUsed":false,"_N$horizontalAlign":1,"_N$verticalAlign":1}],"_prefab":{"__type__":"cc.PrefabInfo","root":{"__id__":1},"asset":{"__uuid__":"aej2Aim0dBmZhja/eLgK9P"},"fileId":"09mW4/pfxOSadeKHoXbvL4"},"_color":{"__type__":"cc.Color","r":112,"g":93,"b":82},"_contentSize":{"__type__":"cc.Size","width":209.34,"height":35.28},"_anchorPoint":{"__type__":"cc.Vec2","y":0.5},"_trs":{"__type__":"TypedArray","ctor":"Float64Array","array":[-183.495,18.273,0,0,0,0,1,1,1,1]}},{"__type__":"cc.Node","_name":"PercentEditBox","_parent":{"__id__":1},"_children":[{"__id__":24},{"__id__":26},{"__id__":28},{"__id__":30}],"_components":[{"__type__":"cc.EditBox","node":{"__id__":23},"_useOriginalSize":false,"maxLength":8,"_N$textLabel":{"__id__":27},"_N$placeholderLabel":{"__id__":29},"_N$background":{"__id__":25},"_N$inputMode":2}],"_prefab":{"__type__":"cc.PrefabInfo","root":{"__id__":1},"asset":{"__uuid__":"aej2Aim0dBmZhja/eLgK9P"},"fileId":"cf95IzqEhBjrWC5bdQbrZs"},"_contentSize":{"__type__":"cc.Size","width":460,"height":64},"_trs":{"__type__":"TypedArray","ctor":"Float64Array","array":[47.035,-40.672,0,0,0,0,1,1,1,1]}},{"__type__":"cc.Node","_name":"BACKGROUND_SPRITE","_parent":{"__id__":23},"_components":[{"__id__":25}],"_prefab":{"__type__":"cc.PrefabInfo","root":{"__id__":1},"asset":{"__uuid__":"aej2Aim0dBmZhja/eLgK9P"},"fileId":"78zn3B0tpKeaWD7xxfKLfQ"},"_contentSize":{"__type__":"cc.Size","width":460,"height":64},"_trs":{"__type__":"TypedArray","ctor":"Float64Array","array":[0,0,0,0,0,0,1,1,1,1]}},{"__type__":"cc.Sprite","node":{"__id__":24},"_materials":[{"__uuid__":"ecpdLyjvZBwrvm+cedCcQy"}],"_spriteFrame":{"__uuid__":"1aLT1VVMRM/KGRIWp3Uinq"},"_type":1,"_sizeMode":0},{"__type__":"cc.Node","_name":"TEXT_LABEL","_parent":{"__id__":23},"_active":false,"_components":[{"__id__":27}],"_prefab":{"__type__":"cc.PrefabInfo","root":{"__id__":1},"asset":{"__uuid__":"aej2Aim0dBmZhja/eLgK9P"},"fileId":"77eGDPn+9GX7zgI/YpJYEP"},"_color":{"__type__":"cc.Color","r":112,"g":93,"b":82},"_contentSize":{"__type__":"cc.Size","width":458,"height":64},"_anchorPoint":{"__type__":"cc.Vec2","y":1},"_trs":{"__type__":"TypedArray","ctor":"Float64Array","array":[-228,32,0,0,0,0,1,1,1,1]}},{"__type__":"cc.Label","node":{"__id__":26},"_fontSize":36,"_enableWrapText":false,"_N$verticalAlign":1,"_N$overflow":1},{"__type__":"cc.Node","_name":"PLACEHOLDER_LABEL","_parent":{"__id__":23},"_components":[{"__id__":29}],"_prefab":{"__type__":"cc.PrefabInfo","root":{"__id__":1},"asset":{"__uuid__":"aej2Aim0dBmZhja/eLgK9P"},"fileId":"fdcq8w/YlM5q0u1NKNWJti"},"_color":{"__type__":"cc.Color","r":167,"g":159,"b":141},"_contentSize":{"__type__":"cc.Size","width":458,"height":64},"_anchorPoint":{"__type__":"cc.Vec2","y":1},"_trs":{"__type__":"TypedArray","ctor":"Float64Array","array":[-228,32,0,0,0,0,1,1,1,1]}},{"__type__":"cc.Label","node":{"__id__":28},"_materials":[{"__uuid__":"ecpdLyjvZBwrvm+cedCcQy"}],"_string":"请输入分成，如：30","_N$string":"请输入分成，如：30","_fontSize":36,"_lineHeight":64,"_enableWrapText":false,"_N$verticalAlign":1,"_N$overflow":1},{"__type__":"cc.Node","_name":"lb_fuhao","_parent":{"__id__":23},"_active":false,"_components":[{"__type__":"cc.Label","node":{"__id__":30},"_useOriginalSize":false,"_string":"%","_N$string":"%","_fontSize":56,"_lineHeight":60,"_N$file":{"__uuid__":"5f5wQekV1CGpJW2meZozWn"},"_isSystemFontUsed":false,"_N$horizontalAlign":1,"_N$verticalAlign":1}],"_prefab":{"__type__":"cc.PrefabInfo","root":{"__id__":1},"asset":{"__uuid__":"aej2Aim0dBmZhja/eLgK9P"},"fileId":"6092L72VBIip5ZnXtZb+Gv"},"_color":{"__type__":"cc.Color","r":112,"g":93,"b":82},"_contentSize":{"__type__":"cc.Size","width":40.25,"height":60},"_trs":{"__type__":"TypedArray","ctor":"Float64Array","array":[266,0,0,0,0,0,1,1,1,1]}},{"__type__":"cc.Node","_name":"PercentEditBox2","_parent":{"__id__":1},"_children":[{"__id__":32},{"__id__":34},{"__id__":36},{"__id__":38}],"_components":[{"__type__":"cc.EditBox","node":{"__id__":31},"_useOriginalSize":false,"maxLength":8,"textChanged":[{"__type__":"cc.ClickEvent","_componentId":"63c483l8RxNmIy8sZvyiz48","handler":"SetIsChange"}],"_N$textLabel":{"__id__":35},"_N$placeholderLabel":{"__id__":37},"_N$background":{"__id__":33},"_N$inputMode":2}],"_prefab":{"__type__":"cc.PrefabInfo","root":{"__id__":1},"asset":{"__uuid__":"aej2Aim0dBmZhja/eLgK9P"},"fileId":"9fojWlRcBN4KRhNpuqvIst"},"_contentSize":{"__type__":"cc.Size","width":460,"height":64},"_trs":{"__type__":"TypedArray","ctor":"Float64Array","array":[46.037,72.953,0,0,0,0,1,1,1,1]}},{"__type__":"cc.Node","_name":"BACKGROUND_SPRITE","_parent":{"__id__":31},"_components":[{"__id__":33}],"_prefab":{"__type__":"cc.PrefabInfo","root":{"__id__":1},"asset":{"__uuid__":"aej2Aim0dBmZhja/eLgK9P"},"fileId":"98bcOfXY5EnbA7UJ9HUBKM"},"_contentSize":{"__type__":"cc.Size","width":460,"height":64},"_trs":{"__type__":"TypedArray","ctor":"Float64Array","array":[0,0,0,0,0,0,1,1,1,1]}},{"__type__":"cc.Sprite","node":{"__id__":32},"_materials":[{"__uuid__":"ecpdLyjvZBwrvm+cedCcQy"}],"_spriteFrame":{"__uuid__":"1aLT1VVMRM/KGRIWp3Uinq"},"_type":1,"_sizeMode":0},{"__type__":"cc.Node","_name":"TEXT_LABEL","_parent":{"__id__":31},"_active":false,"_components":[{"__id__":35}],"_prefab":{"__type__":"cc.PrefabInfo","root":{"__id__":1},"asset":{"__uuid__":"aej2Aim0dBmZhja/eLgK9P"},"fileId":"d4/dHRt5pJ96PVaNlOYdsY"},"_color":{"__type__":"cc.Color","r":112,"g":93,"b":82},"_contentSize":{"__type__":"cc.Size","width":458,"height":64},"_anchorPoint":{"__type__":"cc.Vec2","y":1},"_trs":{"__type__":"TypedArray","ctor":"Float64Array","array":[-228,32,0,0,0,0,1,1,1,1]}},{"__type__":"cc.Label","node":{"__id__":34},"_fontSize":36,"_enableWrapText":false,"_N$verticalAlign":1,"_N$overflow":1},{"__type__":"cc.Node","_name":"PLACEHOLDER_LABEL","_parent":{"__id__":31},"_components":[{"__id__":37}],"_prefab":{"__type__":"cc.PrefabInfo","root":{"__id__":1},"asset":{"__uuid__":"aej2Aim0dBmZhja/eLgK9P"},"fileId":"31/maivIBAQqAsWOpeKP5V"},"_color":{"__type__":"cc.Color","r":167,"g":159,"b":141},"_contentSize":{"__type__":"cc.Size","width":458,"height":64},"_anchorPoint":{"__type__":"cc.Vec2","y":1},"_trs":{"__type__":"TypedArray","ctor":"Float64Array","array":[-228,32,0,0,0,0,1,1,1,1]}},{"__type__":"cc.Label","node":{"__id__":36},"_materials":[{"__uuid__":"ecpdLyjvZBwrvm+cedCcQy"}],"_string":"请输入活跃计算值","_N$string":"请输入活跃计算值","_fontSize":36,"_lineHeight":64,"_enableWrapText":false,"_N$verticalAlign":1,"_N$overflow":1},{"__type__":"cc.Node","_name":"lb_fuhao","_parent":{"__id__":31},"_active":false,"_components":[{"__type__":"cc.Label","node":{"__id__":38},"_useOriginalSize":false,"_string":"%","_N$string":"%","_fontSize":56,"_lineHeight":60,"_N$file":{"__uuid__":"5f5wQekV1CGpJW2meZozWn"},"_isSystemFontUsed":false,"_N$horizontalAlign":1,"_N$verticalAlign":1}],"_prefab":{"__type__":"cc.PrefabInfo","root":{"__id__":1},"asset":{"__uuid__":"aej2Aim0dBmZhja/eLgK9P"},"fileId":"dbvq+8xCVLr5kaIOZwoHOg"},"_color":{"__type__":"cc.Color","r":112,"g":93,"b":82},"_contentSize":{"__type__":"cc.Size","width":40.25,"height":60},"_trs":{"__type__":"TypedArray","ctor":"Float64Array","array":[266,0,0,0,0,0,1,1,1,1]}},{"__type__":"cc.Node","_name":"ToggleContainer","_parent":{"__id__":1},"_children":[{"__id__":40},{"__id__":45},{"__id__":50}],"_components":[{"__type__":"cc.ToggleContainer","node":{"__id__":39}}],"_prefab":{"__type__":"cc.PrefabInfo","root":{"__id__":1},"asset":{"__uuid__":"aej2Aim0dBmZhja/eLgK9P"},"fileId":"0cfymHA41G06TQBgFE6Mrb"},"_contentSize":{"__type__":"cc.Size","width":221,"height":61},"_trs":{"__type__":"TypedArray","ctor":"Float64Array","array":[-313.029,33.184,0,0,0,0,1,1,1,1]}},{"__type__":"cc.Node","_name":"toggle1","_parent":{"__id__":39},"_children":[{"__id__":41},{"__id__":42},{"__id__":44}],"_components":[{"__type__":"cc.Toggle","node":{"__id__":40},"_N$transition":3,"transition":3,"_N$normalColor":{"__type__":"cc.Color","r":214,"g":214,"b":214},"_N$target":{"__id__":40},"_N$isChecked":false,"checkMark":{"__id__":43},"checkEvents":[{"__type__":"cc.ClickEvent","_componentId":"63c483l8RxNmIy8sZvyiz48","handler":"SetIsChange"}]}],"_prefab":{"__type__":"cc.PrefabInfo","root":{"__id__":1},"asset":{"__uuid__":"aej2Aim0dBmZhja/eLgK9P"},"fileId":"53cZMZWPxFv45iJqeiIoFn"},"_contentSize":{"__type__":"cc.Size","width":70,"height":70},"_trs":{"__type__":"TypedArray","ctor":"Float64Array","array":[0,-74.873,0,0,0,0,1,1,1,1]}},{"__type__":"cc.Node","_name":"Background","_parent":{"__id__":40},"_components":[{"__type__":"cc.Sprite","node":{"__id__":41},"_materials":[{"__uuid__":"ecpdLyjvZBwrvm+cedCcQy"}],"_spriteFrame":{"__uuid__":"1eMAfVMb5KPoJ1ZM+vFndF"},"_sizeMode":0,"_isTrimmedMode":false}],"_prefab":{"__type__":"cc.PrefabInfo","root":{"__id__":1},"asset":{"__uuid__":"aej2Aim0dBmZhja/eLgK9P"},"fileId":"81YUsX5gRNmrTSkfcq2CSd"},"_contentSize":{"__type__":"cc.Size","width":30,"height":30},"_trs":{"__type__":"TypedArray","ctor":"Float64Array","array":[0,0,0,0,0,0,1,1,1,1]}},{"__type__":"cc.Node","_name":"checkmark","_parent":{"__id__":40},"_active":false,"_components":[{"__id__":43}],"_prefab":{"__type__":"cc.PrefabInfo","root":{"__id__":1},"asset":{"__uuid__":"aej2Aim0dBmZhja/eLgK9P"},"fileId":"d5bI0dAflDU4v7X7FkakVr"},"_contentSize":{"__type__":"cc.Size","width":20,"height":20},"_trs":{"__type__":"TypedArray","ctor":"Float64Array","array":[0,0,0,0,0,0,1,1,1,1]}},{"__type__":"cc.Sprite","node":{"__id__":42},"_materials":[{"__uuid__":"ecpdLyjvZBwrvm+cedCcQy"}],"_spriteFrame":{"__uuid__":"eaaWDEPW5MwYmMwhXtTBDN"},"_sizeMode":0,"_isTrimmedMode":false},{"__type__":"cc.Node","_name":"New Label","_parent":{"__id__":40},"_components":[{"__type__":"cc.Label","node":{"__id__":44},"_materials":[{"__uuid__":"ecpdLyjvZBwrvm+cedCcQy"}],"_useOriginalSize":false,"_string":"百分比","_N$string":"百分比","_fontSize":20,"_lineHeight":20,"_N$file":{"__uuid__":"5f5wQekV1CGpJW2meZozWn"},"_isSystemFontUsed":false,"_N$horizontalAlign":1,"_N$verticalAlign":1}],"_prefab":{"__type__":"cc.PrefabInfo","root":{"__id__":1},"asset":{"__uuid__":"aej2Aim0dBmZhja/eLgK9P"},"fileId":"d9HA6ynZ9K+5CmlFBqDHJX"},"_color":{"__type__":"cc.Color","r":112,"g":93,"b":82},"_contentSize":{"__type__":"cc.Size","width":60,"height":25.2},"_anchorPoint":{"__type__":"cc.Vec2","y":0.5},"_trs":{"__type__":"TypedArray","ctor":"Float64Array","array":[21.321,0,0,0,0,0,1,1,1,1]}},{"__type__":"cc.Node","_name":"toggle2","_parent":{"__id__":39},"_children":[{"__id__":46},{"__id__":47},{"__id__":49}],"_components":[{"__type__":"cc.Toggle","node":{"__id__":45},"_N$transition":3,"transition":3,"_N$normalColor":{"__type__":"cc.Color","r":214,"g":214,"b":214},"_N$target":{"__id__":45},"checkMark":{"__id__":48},"checkEvents":[{"__type__":"cc.ClickEvent","_componentId":"63c483l8RxNmIy8sZvyiz48","handler":"SetIsChange"}]}],"_prefab":{"__type__":"cc.PrefabInfo","root":{"__id__":1},"asset":{"__uuid__":"aej2Aim0dBmZhja/eLgK9P"},"fileId":"e5hy0OtMROnZsgbaj3tVAB"},"_contentSize":{"__type__":"cc.Size","width":70,"height":70},"_trs":{"__type__":"TypedArray","ctor":"Float64Array","array":[0,38.445,0,0,0,0,1,1,1,1]}},{"__type__":"cc.Node","_name":"Background","_parent":{"__id__":45},"_components":[{"__type__":"cc.Sprite","node":{"__id__":46},"_materials":[{"__uuid__":"ecpdLyjvZBwrvm+cedCcQy"}],"_spriteFrame":{"__uuid__":"1eMAfVMb5KPoJ1ZM+vFndF"},"_sizeMode":0,"_isTrimmedMode":false}],"_prefab":{"__type__":"cc.PrefabInfo","root":{"__id__":1},"asset":{"__uuid__":"aej2Aim0dBmZhja/eLgK9P"},"fileId":"aeKmpTPQNP4Lt6m7nAQMZ+"},"_contentSize":{"__type__":"cc.Size","width":30,"height":30},"_trs":{"__type__":"TypedArray","ctor":"Float64Array","array":[0,0,0,0,0,0,1,1,1,1]}},{"__type__":"cc.Node","_name":"checkmark","_parent":{"__id__":45},"_components":[{"__id__":48}],"_prefab":{"__type__":"cc.PrefabInfo","root":{"__id__":1},"asset":{"__uuid__":"aej2Aim0dBmZhja/eLgK9P"},"fileId":"31VG2+1VxLdJNr76/3okIv"},"_contentSize":{"__type__":"cc.Size","width":20,"height":20},"_trs":{"__type__":"TypedArray","ctor":"Float64Array","array":[0,0,0,0,0,0,1,1,1,1]}},{"__type__":"cc.Sprite","node":{"__id__":47},"_materials":[{"__uuid__":"ecpdLyjvZBwrvm+cedCcQy"}],"_spriteFrame":{"__uuid__":"eaaWDEPW5MwYmMwhXtTBDN"},"_sizeMode":0,"_isTrimmedMode":false},{"__type__":"cc.Node","_name":"New Label","_parent":{"__id__":45},"_components":[{"__type__":"cc.Label","node":{"__id__":49},"_materials":[{"__uuid__":"ecpdLyjvZBwrvm+cedCcQy"}],"_useOriginalSize":false,"_string":"固定值","_N$string":"固定值","_fontSize":20,"_lineHeight":20,"_N$file":{"__uuid__":"5f5wQekV1CGpJW2meZozWn"},"_isSystemFontUsed":false,"_N$horizontalAlign":1,"_N$verticalAlign":1}],"_prefab":{"__type__":"cc.PrefabInfo","root":{"__id__":1},"asset":{"__uuid__":"aej2Aim0dBmZhja/eLgK9P"},"fileId":"a4ng6OcP9OCbHNDu2PTnlH"},"_color":{"__type__":"cc.Color","r":112,"g":93,"b":82},"_contentSize":{"__type__":"cc.Size","width":60,"height":25.2},"_anchorPoint":{"__type__":"cc.Vec2","y":0.5},"_trs":{"__type__":"TypedArray","ctor":"Float64Array","array":[21.321,0,0,0,0,0,1,1,1,1]}},{"__type__":"cc.Node","_name":"toggle3","_parent":{"__id__":39},"_children":[{"__id__":51},{"__id__":52},{"__id__":54},{"__id__":55}],"_components":[{"__type__":"cc.Toggle","node":{"__id__":50},"_N$transition":3,"transition":3,"_N$normalColor":{"__type__":"cc.Color","r":214,"g":214,"b":214},"_N$target":{"__id__":50},"_N$isChecked":false,"checkMark":{"__id__":53},"checkEvents":[{"__type__":"cc.ClickEvent","_componentId":"63c483l8RxNmIy8sZvyiz48","handler":"SetIsChange"}]}],"_prefab":{"__type__":"cc.PrefabInfo","root":{"__id__":1},"asset":{"__uuid__":"aej2Aim0dBmZhja/eLgK9P"},"fileId":"e2TZfM9pRL34Z12n5QSwqf"},"_contentSize":{"__type__":"cc.Size","width":70,"height":70},"_trs":{"__type__":"TypedArray","ctor":"Float64Array","array":[0,-205.199,0,0,0,0,1,1,1,1]}},{"__type__":"cc.Node","_name":"Background","_parent":{"__id__":50},"_components":[{"__type__":"cc.Sprite","node":{"__id__":51},"_materials":[{"__uuid__":"ecpdLyjvZBwrvm+cedCcQy"}],"_spriteFrame":{"__uuid__":"1eMAfVMb5KPoJ1ZM+vFndF"},"_sizeMode":0,"_isTrimmedMode":false}],"_prefab":{"__type__":"cc.PrefabInfo","root":{"__id__":1},"asset":{"__uuid__":"aej2Aim0dBmZhja/eLgK9P"},"fileId":"2fr4nyvwVFMon33lRV2afa"},"_contentSize":{"__type__":"cc.Size","width":30,"height":30},"_trs":{"__type__":"TypedArray","ctor":"Float64Array","array":[0,0,0,0,0,0,1,1,1,1]}},{"__type__":"cc.Node","_name":"checkmark","_parent":{"__id__":50},"_active":false,"_components":[{"__id__":53}],"_prefab":{"__type__":"cc.PrefabInfo","root":{"__id__":1},"asset":{"__uuid__":"aej2Aim0dBmZhja/eLgK9P"},"fileId":"b8gvGf4epCCJY4I2fL9VaR"},"_contentSize":{"__type__":"cc.Size","width":20,"height":20},"_trs":{"__type__":"TypedArray","ctor":"Float64Array","array":[0,0,0,0,0,0,1,1,1,1]}},{"__type__":"cc.Sprite","node":{"__id__":52},"_materials":[{"__uuid__":"ecpdLyjvZBwrvm+cedCcQy"}],"_spriteFrame":{"__uuid__":"eaaWDEPW5MwYmMwhXtTBDN"},"_sizeMode":0,"_isTrimmedMode":false},{"__type__":"cc.Node","_name":"New Label","_parent":{"__id__":50},"_components":[{"__type__":"cc.Label","node":{"__id__":54},"_materials":[{"__uuid__":"ecpdLyjvZBwrvm+cedCcQy"}],"_useOriginalSize":false,"_string":"区间分成","_N$string":"区间分成","_fontSize":20,"_lineHeight":20,"_N$file":{"__uuid__":"5f5wQekV1CGpJW2meZozWn"},"_isSystemFontUsed":false,"_N$horizontalAlign":1,"_N$verticalAlign":1}],"_prefab":{"__type__":"cc.PrefabInfo","root":{"__id__":1},"asset":{"__uuid__":"aej2Aim0dBmZhja/eLgK9P"},"fileId":"24wIdLHeZMYLG7CuqmjweK"},"_color":{"__type__":"cc.Color","r":112,"g":93,"b":82},"_contentSize":{"__type__":"cc.Size","width":80,"height":25.2},"_anchorPoint":{"__type__":"cc.Vec2","y":0.5},"_trs":{"__type__":"TypedArray","ctor":"Float64Array","array":[21.321,0,0,0,0,0,1,1,1,1]}},{"__type__":"cc.Node","_name":"New Label","_parent":{"__id__":50},"_components":[{"__type__":"cc.Label","node":{"__id__":55},"_materials":[{"__uuid__":"ecpdLyjvZBwrvm+cedCcQy"}],"_useOriginalSize":false,"_string":"根据房间收到的报名费区间，可按区间\n分配给下级","_N$string":"根据房间收到的报名费区间，可按区间\n分配给下级","_fontSize":24,"_lineHeight":30,"_N$file":{"__uuid__":"5f5wQekV1CGpJW2meZozWn"},"_isSystemFontUsed":false,"_N$verticalAlign":1}],"_prefab":{"__type__":"cc.PrefabInfo","root":{"__id__":1},"asset":{"__uuid__":"aej2Aim0dBmZhja/eLgK9P"},"fileId":"3btncvnK9NEowGKCffgYj7"},"_color":{"__type__":"cc.Color","r":134,"g":90,"b":64},"_contentSize":{"__type__":"cc.Size","width":408,"height":67.8},"_anchorPoint":{"__type__":"cc.Vec2","y":0.5},"_trs":{"__type__":"TypedArray","ctor":"Float64Array","array":[129.356,0,0,0,0,0,1,1,1,1]}}],{"__type__":"cc.SpriteFrame","content":{"name":"btn_close","texture":"adT+cX5aVEFrD91N8Yp4Db","rect":[0,0,79,80],"offset":[0,0],"originalSize":[79,80],"capInsets":[0,0,0,0]}},{"__type__":"cc.SpriteFrame","content":{"name":"default_btn_pressed","texture":"b4P/PCArtIdIH38t6mlw8Y","rect":[0,0,40,40],"offset":[0,0],"originalSize":[40,40],"capInsets":[12,12,12,12]}},{"__type__":"cc.SpriteFrame","content":{"name":"img_dxk02","texture":"68s78gmBdMeouGdnsaUVaE","rect":[0,0,38,39],"offset":[0,0],"originalSize":[38,39],"capInsets":[0,0,0,0]}},{"__type__":"cc.SpriteFrame","content":{"name":"btn_chengse","texture":"2bsE7oiwBLCrzGom9U1M53","rect":[0,0,201,72],"offset":[0,0],"originalSize":[201,72],"capInsets":[0,0,0,0]}}]