[{"__type__":"cc.SpriteFrame","content":{"name":"default_btn_disabled","texture":"71VhFCTINJM6/Ky3oX9nBT","rect":[0,0,40,40],"offset":[0,0],"originalSize":[40,40],"capInsets":[12,12,12,12]}},{"__type__":"cc.SpriteFrame","content":{"name":"guanbi","texture":"189664600","rect":[2,779,60,66],"offset":[0,0],"originalSize":[60,66],"rotated":1,"capInsets":[0,0,0,0]}},{"__type__":"cc.SpriteFrame","content":{"name":"img_black_60","texture":"e5dLSpyq9NPZ8mPvfDyGXH","rect":[0,0,100,100],"offset":[0,0],"originalSize":[100,100],"capInsets":[0,0,0,0]}},{"__type__":"cc.SpriteFrame","content":{"name":"img_ckhfm02","texture":"0bi8u4egtNP6jCeMKx2FiP","rect":[0,0,267,50],"offset":[0,0],"originalSize":[267,50],"capInsets":[0,0,0,0]}},{"__type__":"cc.SpriteFrame","content":{"name":"btn_cz","texture":"91tL1hZwxMSKib/W3ZTZIz","rect":[0,0,191,73],"offset":[0,0],"originalSize":[191,73],"capInsets":[0,0,0,0]}},{"__type__":"cc.SpriteFrame","content":{"name":"btn_yellow","texture":"48rgKYGDZF+raxL7uwQD8O","rect":[0,0,142,73],"offset":[0,0],"originalSize":[142,73],"capInsets":[62,26,66,30]}},[{"__type__":"cc.Prefab","_name":"UIReplayCode","data":{"__id__":1}},{"__type__":"cc.Node","_name":"UIReplayCode","_children":[{"__id__":2},{"__id__":3},{"__id__":5},{"__id__":52},{"__id__":53},{"__id__":54}],"_components":[{"__type__":"cc.Widget","node":{"__id__":1},"alignMode":0,"_alignFlags":45,"_left":-100,"_right":-100,"_originalWidth":1750},{"__type__":"cc.BlockInputEvents","node":{"__id__":1}},{"__type__":"db03faOR+ZGLYVF3JtqMv+p","node":{"__id__":1},"ZorderLv":9,"sp_shurukuang":{"__id__":6}}],"_prefab":{"__type__":"cc.PrefabInfo","root":{"__id__":1},"asset":{"__uuid__":"a2vO+sQYJF+pfWVio/p/pl"},"fileId":"67cabMFkG5JDI17NFImGWUZ"},"_contentSize":{"__type__":"cc.Size","width":1560,"height":760},"_trs":{"__type__":"TypedArray","ctor":"Float64Array","array":[680,380,0,0,0,0,1,1,1,1]}},{"__type__":"cc.Node","_name":"bg","_parent":{"__id__":1},"_components":[{"__type__":"cc.Sprite","node":{"__id__":2},"_materials":[{"__uuid__":"ecpdLyjvZBwrvm+cedCcQy"}],"_spriteFrame":{"__uuid__":"86Zf39gLpJiYJ0+npxhZ2d"},"_type":1,"_sizeMode":0},{"__type__":"cc.Widget","node":{"__id__":2},"alignMode":0,"_alignFlags":45,"_top":-20,"_bottom":-20,"_originalWidth":1360,"_originalHeight":1020}],"_prefab":{"__type__":"cc.PrefabInfo","root":{"__id__":1},"asset":{"__uuid__":"a2vO+sQYJF+pfWVio/p/pl"},"fileId":"6d90acONLNMrKBB7Pay/zVq"},"_contentSize":{"__type__":"cc.Size","width":1560,"height":800},"_trs":{"__type__":"TypedArray","ctor":"Float64Array","array":[0,0,0,0,0,0,1,1,1,1]}},{"__type__":"cc.Node","_name":"btn_bg","_parent":{"__id__":1},"_children":[{"__id__":4}],"_components":[{"__type__":"cc.Button","node":{"__id__":3},"_N$pressedColor":{"__type__":"cc.Color","r":255,"g":255,"b":255},"pressedColor":{"__type__":"cc.Color","r":255,"g":255,"b":255},"_N$disabledColor":{"__type__":"cc.Color","r":255,"g":255,"b":255},"_N$normalSprite":{"__uuid__":"f0BIwQ8D5Ml7nTNQbh1YlS"},"_N$pressedSprite":{"__uuid__":"e97GVMl6JHh5Ml5qEDdSGa"},"pressedSprite":{"__uuid__":"e97GVMl6JHh5Ml5qEDdSGa"},"_N$hoverSprite":{"__uuid__":"e97GVMl6JHh5Ml5qEDdSGa"},"hoverSprite":{"__uuid__":"e97GVMl6JHh5Ml5qEDdSGa"},"_N$disabledSprite":{"__uuid__":"29FYIk+N1GYaeWH/q1NxQO"},"_N$target":{"__id__":3}}],"_prefab":{"__type__":"cc.PrefabInfo","root":{"__id__":1},"asset":{"__uuid__":"a2vO+sQYJF+pfWVio/p/pl"},"fileId":"98c830jsCZA37vi4c0Z21kz"},"_contentSize":{"__type__":"cc.Size","width":682,"height":578},"_trs":{"__type__":"TypedArray","ctor":"Float64Array","array":[0,-14,0,0,0,0,1,1,1,1]}},{"__type__":"cc.Node","_name":"Label","_parent":{"__id__":3},"_components":[{"__type__":"cc.Label","node":{"__id__":4},"_materials":[{"__uuid__":"ecpdLyjvZBwrvm+cedCcQy"}],"_useOriginalSize":false,"_fontSize":20,"_enableWrapText":false,"_N$horizontalAlign":1,"_N$verticalAlign":1,"_N$overflow":1}],"_prefab":{"__type__":"cc.PrefabInfo","root":{"__id__":1},"asset":{"__uuid__":"a2vO+sQYJF+pfWVio/p/pl"},"fileId":"aeefaFrNDVFDYQVct+sJB3q"},"_color":{"__type__":"cc.Color"},"_contentSize":{"__type__":"cc.Size","width":100,"height":40},"_trs":{"__type__":"TypedArray","ctor":"Float64Array","array":[0,0,0,0,0,0,1,1,1,1]}},{"__type__":"cc.Node","_name":"sp_shuru","_parent":{"__id__":1},"_children":[{"__id__":6},{"__id__":29}],"_components":[{"__type__":"cc.Sprite","node":{"__id__":5},"_materials":[{"__uuid__":"ecpdLyjvZBwrvm+cedCcQy"}],"_spriteFrame":{"__uuid__":"e1dg7KUvlMs5J1I0elp0/z"},"_type":1,"_sizeMode":0}],"_prefab":{"__type__":"cc.PrefabInfo","root":{"__id__":1},"asset":{"__uuid__":"a2vO+sQYJF+pfWVio/p/pl"},"fileId":"72e11A/tp9HbpyLy7ffPu2x"},"_contentSize":{"__type__":"cc.Size","width":806,"height":700},"_trs":{"__type__":"TypedArray","ctor":"Float64Array","array":[0,6.643,0,0,0,0,1,1,1,1]}},{"__type__":"cc.Node","_name":"shurukuang","_parent":{"__id__":5},"_children":[{"__id__":7},{"__id__":9},{"__id__":11},{"__id__":13},{"__id__":15},{"__id__":17},{"__id__":19},{"__id__":21},{"__id__":23},{"__id__":25},{"__id__":27}],"_components":[{"__type__":"cc.Layout","node":{"__id__":6},"_layoutSize":{"__type__":"cc.Size","width":675,"height":70},"_resize":1,"_N$layoutType":1,"_N$paddingLeft":150,"_N$paddingRight":150,"_N$spacingX":10}],"_prefab":{"__type__":"cc.PrefabInfo","root":{"__id__":1},"asset":{"__uuid__":"a2vO+sQYJF+pfWVio/p/pl"},"fileId":"f1977PNO1dBerSXo5b1MbVm"},"_contentSize":{"__type__":"cc.Size","width":675,"height":70},"_trs":{"__type__":"TypedArray","ctor":"Float64Array","array":[0,200.452,0,0,0,0,1,1,1,1]}},{"__type__":"cc.Node","_name":"sp_bg1","_parent":{"__id__":6},"_children":[{"__id__":8}],"_prefab":{"__type__":"cc.PrefabInfo","root":{"__id__":1},"asset":{"__uuid__":"a2vO+sQYJF+pfWVio/p/pl"},"fileId":"a9fc0V1lkpNCrvfzGB2nvyo"},"_contentSize":{"__type__":"cc.Size","width":25,"height":36},"_trs":{"__type__":"TypedArray","ctor":"Float64Array","array":[-175,0,0,0,0,0,1,1,1,1]}},{"__type__":"cc.Node","_name":"lb_num","_parent":{"__id__":7},"_components":[{"__type__":"cc.Label","node":{"__id__":8},"_materials":[{"__uuid__":"ecpdLyjvZBwrvm+cedCcQy"}],"_useOriginalSize":false,"_string":"2","_N$string":"2","_fontSize":48,"_lineHeight":48,"_enableWrapText":false,"_N$file":{"__uuid__":"5f5wQekV1CGpJW2meZozWn"},"_isSystemFontUsed":false,"_N$horizontalAlign":1,"_N$verticalAlign":1}],"_prefab":{"__type__":"cc.PrefabInfo","root":{"__id__":1},"asset":{"__uuid__":"a2vO+sQYJF+pfWVio/p/pl"},"fileId":"22aba7Q7HJHhqmegW5spkbZ"},"_color":{"__type__":"cc.Color","r":189,"g":4,"b":4},"_contentSize":{"__type__":"cc.Size","width":27.38,"height":60.48},"_trs":{"__type__":"TypedArray","ctor":"Float64Array","array":[0,0,0,0,0,0,1,1,1,1]}},{"__type__":"cc.Node","_name":"sp_bg2","_parent":{"__id__":6},"_children":[{"__id__":10}],"_prefab":{"__type__":"cc.PrefabInfo","root":{"__id__":1},"asset":{"__uuid__":"a2vO+sQYJF+pfWVio/p/pl"},"fileId":"ec6abB3hV9Mvqrm7aOQR62J"},"_contentSize":{"__type__":"cc.Size","width":25,"height":36},"_trs":{"__type__":"TypedArray","ctor":"Float64Array","array":[-140,0,0,0,0,0,1,1,1,1]}},{"__type__":"cc.Node","_name":"lb_num","_parent":{"__id__":9},"_components":[{"__type__":"cc.Label","node":{"__id__":10},"_materials":[{"__uuid__":"ecpdLyjvZBwrvm+cedCcQy"}],"_useOriginalSize":false,"_string":"2","_N$string":"2","_fontSize":48,"_lineHeight":48,"_enableWrapText":false,"_N$file":{"__uuid__":"5f5wQekV1CGpJW2meZozWn"},"_isSystemFontUsed":false,"_N$horizontalAlign":1,"_N$verticalAlign":1}],"_prefab":{"__type__":"cc.PrefabInfo","root":{"__id__":1},"asset":{"__uuid__":"a2vO+sQYJF+pfWVio/p/pl"},"fileId":"340wm2DBtCCYLEKF+qsw14"},"_color":{"__type__":"cc.Color","r":189,"g":4,"b":4},"_contentSize":{"__type__":"cc.Size","width":27.38,"height":60.48},"_trs":{"__type__":"TypedArray","ctor":"Float64Array","array":[0,0,0,0,0,0,1,1,1,1]}},{"__type__":"cc.Node","_name":"sp_bg3","_parent":{"__id__":6},"_children":[{"__id__":12}],"_prefab":{"__type__":"cc.PrefabInfo","root":{"__id__":1},"asset":{"__uuid__":"a2vO+sQYJF+pfWVio/p/pl"},"fileId":"0acddvOS61KKZbx1Y0MIU3z"},"_contentSize":{"__type__":"cc.Size","width":25,"height":36},"_trs":{"__type__":"TypedArray","ctor":"Float64Array","array":[-105,0,0,0,0,0,1,1,1,1]}},{"__type__":"cc.Node","_name":"lb_num","_parent":{"__id__":11},"_components":[{"__type__":"cc.Label","node":{"__id__":12},"_materials":[{"__uuid__":"ecpdLyjvZBwrvm+cedCcQy"}],"_useOriginalSize":false,"_string":"2","_N$string":"2","_fontSize":48,"_lineHeight":48,"_enableWrapText":false,"_N$file":{"__uuid__":"5f5wQekV1CGpJW2meZozWn"},"_isSystemFontUsed":false,"_N$horizontalAlign":1,"_N$verticalAlign":1}],"_prefab":{"__type__":"cc.PrefabInfo","root":{"__id__":1},"asset":{"__uuid__":"a2vO+sQYJF+pfWVio/p/pl"},"fileId":"644Vb7BthLzrrPwfhLTfUh"},"_color":{"__type__":"cc.Color","r":189,"g":4,"b":4},"_contentSize":{"__type__":"cc.Size","width":27.38,"height":60.48},"_trs":{"__type__":"TypedArray","ctor":"Float64Array","array":[0,0,0,0,0,0,1,1,1,1]}},{"__type__":"cc.Node","_name":"sp_bg4","_parent":{"__id__":6},"_children":[{"__id__":14}],"_prefab":{"__type__":"cc.PrefabInfo","root":{"__id__":1},"asset":{"__uuid__":"a2vO+sQYJF+pfWVio/p/pl"},"fileId":"d4f017ffi5CJoi0UU2LOx8X"},"_contentSize":{"__type__":"cc.Size","width":25,"height":36},"_trs":{"__type__":"TypedArray","ctor":"Float64Array","array":[-70,0,0,0,0,0,1,1,1,1]}},{"__type__":"cc.Node","_name":"lb_num","_parent":{"__id__":13},"_components":[{"__type__":"cc.Label","node":{"__id__":14},"_materials":[{"__uuid__":"ecpdLyjvZBwrvm+cedCcQy"}],"_useOriginalSize":false,"_string":"2","_N$string":"2","_fontSize":48,"_lineHeight":48,"_enableWrapText":false,"_N$file":{"__uuid__":"5f5wQekV1CGpJW2meZozWn"},"_isSystemFontUsed":false,"_N$horizontalAlign":1,"_N$verticalAlign":1}],"_prefab":{"__type__":"cc.PrefabInfo","root":{"__id__":1},"asset":{"__uuid__":"a2vO+sQYJF+pfWVio/p/pl"},"fileId":"3fXJzrVJVKqK5Q9lZ0+hsa"},"_color":{"__type__":"cc.Color","r":189,"g":4,"b":4},"_contentSize":{"__type__":"cc.Size","width":27.38,"height":60.48},"_trs":{"__type__":"TypedArray","ctor":"Float64Array","array":[0,0,0,0,0,0,1,1,1,1]}},{"__type__":"cc.Node","_name":"sp_bg5","_parent":{"__id__":6},"_children":[{"__id__":16}],"_prefab":{"__type__":"cc.PrefabInfo","root":{"__id__":1},"asset":{"__uuid__":"a2vO+sQYJF+pfWVio/p/pl"},"fileId":"04c01fnLjJMq4KcHmxgthNv"},"_contentSize":{"__type__":"cc.Size","width":25,"height":36},"_trs":{"__type__":"TypedArray","ctor":"Float64Array","array":[-35,0,0,0,0,0,1,1,1,1]}},{"__type__":"cc.Node","_name":"lb_num","_parent":{"__id__":15},"_components":[{"__type__":"cc.Label","node":{"__id__":16},"_materials":[{"__uuid__":"ecpdLyjvZBwrvm+cedCcQy"}],"_useOriginalSize":false,"_string":"2","_N$string":"2","_fontSize":48,"_lineHeight":48,"_enableWrapText":false,"_N$file":{"__uuid__":"5f5wQekV1CGpJW2meZozWn"},"_isSystemFontUsed":false,"_N$horizontalAlign":1,"_N$verticalAlign":1}],"_prefab":{"__type__":"cc.PrefabInfo","root":{"__id__":1},"asset":{"__uuid__":"a2vO+sQYJF+pfWVio/p/pl"},"fileId":"f65iVt7olAsrGu+gWaGaty"},"_color":{"__type__":"cc.Color","r":189,"g":4,"b":4},"_contentSize":{"__type__":"cc.Size","width":27.38,"height":60.48},"_trs":{"__type__":"TypedArray","ctor":"Float64Array","array":[0,0,0,0,0,0,1,1,1,1]}},{"__type__":"cc.Node","_name":"sp_bg6","_parent":{"__id__":6},"_children":[{"__id__":18}],"_prefab":{"__type__":"cc.PrefabInfo","root":{"__id__":1},"asset":{"__uuid__":"a2vO+sQYJF+pfWVio/p/pl"},"fileId":"5c3fbJyNlpCpbrYaHCW/Jjv"},"_contentSize":{"__type__":"cc.Size","width":25,"height":36},"_trs":{"__type__":"TypedArray","ctor":"Float64Array","array":[0,0,0,0,0,0,1,1,1,1]}},{"__type__":"cc.Node","_name":"lb_num","_parent":{"__id__":17},"_components":[{"__type__":"cc.Label","node":{"__id__":18},"_materials":[{"__uuid__":"ecpdLyjvZBwrvm+cedCcQy"}],"_useOriginalSize":false,"_string":"2","_N$string":"2","_fontSize":48,"_lineHeight":48,"_enableWrapText":false,"_N$file":{"__uuid__":"5f5wQekV1CGpJW2meZozWn"},"_isSystemFontUsed":false,"_N$horizontalAlign":1,"_N$verticalAlign":1}],"_prefab":{"__type__":"cc.PrefabInfo","root":{"__id__":1},"asset":{"__uuid__":"a2vO+sQYJF+pfWVio/p/pl"},"fileId":"226dPs5/NDyJ4lfnibDPOV"},"_color":{"__type__":"cc.Color","r":189,"g":4,"b":4},"_contentSize":{"__type__":"cc.Size","width":27.38,"height":60.48},"_trs":{"__type__":"TypedArray","ctor":"Float64Array","array":[0,0,0,0,0,0,1,1,1,1]}},{"__type__":"cc.Node","_name":"sp_bg7","_parent":{"__id__":6},"_children":[{"__id__":20}],"_prefab":{"__type__":"cc.PrefabInfo","root":{"__id__":1},"asset":{"__uuid__":"a2vO+sQYJF+pfWVio/p/pl"},"fileId":"46ak7ROIVFN4uiHEzPmIgw"},"_contentSize":{"__type__":"cc.Size","width":25,"height":36},"_trs":{"__type__":"TypedArray","ctor":"Float64Array","array":[35,0,0,0,0,0,1,1,1,1]}},{"__type__":"cc.Node","_name":"lb_num","_parent":{"__id__":19},"_components":[{"__type__":"cc.Label","node":{"__id__":20},"_materials":[{"__uuid__":"ecpdLyjvZBwrvm+cedCcQy"}],"_useOriginalSize":false,"_string":"2","_N$string":"2","_fontSize":48,"_lineHeight":48,"_enableWrapText":false,"_N$file":{"__uuid__":"5f5wQekV1CGpJW2meZozWn"},"_isSystemFontUsed":false,"_N$horizontalAlign":1,"_N$verticalAlign":1}],"_prefab":{"__type__":"cc.PrefabInfo","root":{"__id__":1},"asset":{"__uuid__":"a2vO+sQYJF+pfWVio/p/pl"},"fileId":"429hABGDRNaZYMlbDUyVbF"},"_color":{"__type__":"cc.Color","r":189,"g":4,"b":4},"_contentSize":{"__type__":"cc.Size","width":27.38,"height":60.48},"_trs":{"__type__":"TypedArray","ctor":"Float64Array","array":[0,0,0,0,0,0,1,1,1,1]}},{"__type__":"cc.Node","_name":"sp_bg8","_parent":{"__id__":6},"_children":[{"__id__":22}],"_prefab":{"__type__":"cc.PrefabInfo","root":{"__id__":1},"asset":{"__uuid__":"a2vO+sQYJF+pfWVio/p/pl"},"fileId":"29UrDekK1BrLZD19ghVhnH"},"_contentSize":{"__type__":"cc.Size","width":25,"height":36},"_trs":{"__type__":"TypedArray","ctor":"Float64Array","array":[70,0,0,0,0,0,1,1,1,1]}},{"__type__":"cc.Node","_name":"lb_num","_parent":{"__id__":21},"_components":[{"__type__":"cc.Label","node":{"__id__":22},"_materials":[{"__uuid__":"ecpdLyjvZBwrvm+cedCcQy"}],"_useOriginalSize":false,"_string":"2","_N$string":"2","_fontSize":48,"_lineHeight":48,"_enableWrapText":false,"_N$file":{"__uuid__":"5f5wQekV1CGpJW2meZozWn"},"_isSystemFontUsed":false,"_N$horizontalAlign":1,"_N$verticalAlign":1}],"_prefab":{"__type__":"cc.PrefabInfo","root":{"__id__":1},"asset":{"__uuid__":"a2vO+sQYJF+pfWVio/p/pl"},"fileId":"12LM3gd5tIepUqyaOkbTk9"},"_color":{"__type__":"cc.Color","r":189,"g":4,"b":4},"_contentSize":{"__type__":"cc.Size","width":27.38,"height":60.48},"_trs":{"__type__":"TypedArray","ctor":"Float64Array","array":[0,0,0,0,0,0,1,1,1,1]}},{"__type__":"cc.Node","_name":"sp_bg9","_parent":{"__id__":6},"_children":[{"__id__":24}],"_prefab":{"__type__":"cc.PrefabInfo","root":{"__id__":1},"asset":{"__uuid__":"a2vO+sQYJF+pfWVio/p/pl"},"fileId":"13psHNTp5EM5BqfDWo1LbF"},"_contentSize":{"__type__":"cc.Size","width":25,"height":36},"_trs":{"__type__":"TypedArray","ctor":"Float64Array","array":[105,0,0,0,0,0,1,1,1,1]}},{"__type__":"cc.Node","_name":"lb_num","_parent":{"__id__":23},"_components":[{"__type__":"cc.Label","node":{"__id__":24},"_materials":[{"__uuid__":"ecpdLyjvZBwrvm+cedCcQy"}],"_useOriginalSize":false,"_string":"2","_N$string":"2","_fontSize":48,"_lineHeight":48,"_enableWrapText":false,"_N$file":{"__uuid__":"5f5wQekV1CGpJW2meZozWn"},"_isSystemFontUsed":false,"_N$horizontalAlign":1,"_N$verticalAlign":1}],"_prefab":{"__type__":"cc.PrefabInfo","root":{"__id__":1},"asset":{"__uuid__":"a2vO+sQYJF+pfWVio/p/pl"},"fileId":"8ffjD0zE9PXZ0lKJu+YwR7"},"_color":{"__type__":"cc.Color","r":189,"g":4,"b":4},"_contentSize":{"__type__":"cc.Size","width":27.38,"height":60.48},"_trs":{"__type__":"TypedArray","ctor":"Float64Array","array":[0,0,0,0,0,0,1,1,1,1]}},{"__type__":"cc.Node","_name":"sp_bg10","_parent":{"__id__":6},"_children":[{"__id__":26}],"_prefab":{"__type__":"cc.PrefabInfo","root":{"__id__":1},"asset":{"__uuid__":"a2vO+sQYJF+pfWVio/p/pl"},"fileId":"3eK/nZpslOkJYmJ9Xg5OKR"},"_contentSize":{"__type__":"cc.Size","width":25,"height":36},"_trs":{"__type__":"TypedArray","ctor":"Float64Array","array":[140,0,0,0,0,0,1,1,1,1]}},{"__type__":"cc.Node","_name":"lb_num","_parent":{"__id__":25},"_components":[{"__type__":"cc.Label","node":{"__id__":26},"_materials":[{"__uuid__":"ecpdLyjvZBwrvm+cedCcQy"}],"_useOriginalSize":false,"_string":"2","_N$string":"2","_fontSize":48,"_lineHeight":48,"_enableWrapText":false,"_N$file":{"__uuid__":"5f5wQekV1CGpJW2meZozWn"},"_isSystemFontUsed":false,"_N$horizontalAlign":1,"_N$verticalAlign":1}],"_prefab":{"__type__":"cc.PrefabInfo","root":{"__id__":1},"asset":{"__uuid__":"a2vO+sQYJF+pfWVio/p/pl"},"fileId":"a7rDvTMcJJkbu/EIb/0o/F"},"_color":{"__type__":"cc.Color","r":189,"g":4,"b":4},"_contentSize":{"__type__":"cc.Size","width":27.38,"height":60.48},"_trs":{"__type__":"TypedArray","ctor":"Float64Array","array":[0,0,0,0,0,0,1,1,1,1]}},{"__type__":"cc.Node","_name":"sp_bg11","_parent":{"__id__":6},"_children":[{"__id__":28}],"_prefab":{"__type__":"cc.PrefabInfo","root":{"__id__":1},"asset":{"__uuid__":"a2vO+sQYJF+pfWVio/p/pl"},"fileId":"eaBSWtirJGBJRmNQ2YSMeL"},"_contentSize":{"__type__":"cc.Size","width":25,"height":36},"_trs":{"__type__":"TypedArray","ctor":"Float64Array","array":[175,0,0,0,0,0,1,1,1,1]}},{"__type__":"cc.Node","_name":"lb_num","_parent":{"__id__":27},"_components":[{"__type__":"cc.Label","node":{"__id__":28},"_materials":[{"__uuid__":"ecpdLyjvZBwrvm+cedCcQy"}],"_useOriginalSize":false,"_string":"2","_N$string":"2","_fontSize":48,"_lineHeight":48,"_enableWrapText":false,"_N$file":{"__uuid__":"5f5wQekV1CGpJW2meZozWn"},"_isSystemFontUsed":false,"_N$horizontalAlign":1,"_N$verticalAlign":1}],"_prefab":{"__type__":"cc.PrefabInfo","root":{"__id__":1},"asset":{"__uuid__":"a2vO+sQYJF+pfWVio/p/pl"},"fileId":"f2w0wxzShKTpgyTdLYwqG+"},"_color":{"__type__":"cc.Color","r":189,"g":4,"b":4},"_contentSize":{"__type__":"cc.Size","width":27.38,"height":60.48},"_trs":{"__type__":"TypedArray","ctor":"Float64Array","array":[0,0,0,0,0,0,1,1,1,1]}},{"__type__":"cc.Node","_name":"sp_num","_parent":{"__id__":5},"_children":[{"__id__":30},{"__id__":32},{"__id__":34},{"__id__":36},{"__id__":38},{"__id__":40},{"__id__":42},{"__id__":44},{"__id__":46},{"__id__":48},{"__id__":50},{"__id__":51}],"_components":[{"__type__":"cc.Layout","node":{"__id__":29},"_layoutSize":{"__type__":"cc.Size","width":620,"height":398},"_N$paddingLeft":10,"_N$spacingX":25,"_N$spacingY":5}],"_prefab":{"__type__":"cc.PrefabInfo","root":{"__id__":1},"asset":{"__uuid__":"a2vO+sQYJF+pfWVio/p/pl"},"fileId":"415ddh49JZJbrdNkSQhNaxp"},"_contentSize":{"__type__":"cc.Size","width":620,"height":398},"_trs":{"__type__":"TypedArray","ctor":"Float64Array","array":[0,-36.302,0,0,0,0,1,1,1,1]}},{"__type__":"cc.Node","_name":"btn_num01","_parent":{"__id__":29},"_children":[{"__id__":31}],"_components":[{"__type__":"cc.Button","node":{"__id__":30},"zoomScale":0.9,"clickEvents":[{"__type__":"cc.ClickEvent","target":{"__id__":1},"_componentId":"db03faOR+ZGLYVF3JtqMv+p","handler":"OnClick_BtnWnd"}],"_N$transition":3,"transition":3,"_N$pressedColor":{"__type__":"cc.Color","r":255,"g":255,"b":255},"pressedColor":{"__type__":"cc.Color","r":255,"g":255,"b":255},"_N$disabledColor":{"__type__":"cc.Color","r":255,"g":255,"b":255},"_N$target":{"__id__":30}},{"__type__":"cc.Sprite","node":{"__id__":30},"_materials":[{"__uuid__":"ecpdLyjvZBwrvm+cedCcQy"}],"_spriteFrame":{"__uuid__":"c799E9Tt1ANJeEYpmH7JUY"},"_sizeMode":2,"_isTrimmedMode":false}],"_prefab":{"__type__":"cc.PrefabInfo","root":{"__id__":1},"asset":{"__uuid__":"a2vO+sQYJF+pfWVio/p/pl"},"fileId":"0a6ebNhsx5HoYPJoSuPBpSi"},"_contentSize":{"__type__":"cc.Size","width":191,"height":73},"_trs":{"__type__":"TypedArray","ctor":"Float64Array","array":[-207,143,0,0,0,0,1,1,1,1]}},{"__type__":"cc.Node","_name":"lb","_parent":{"__id__":30},"_components":[{"__type__":"cc.Label","node":{"__id__":31},"_materials":[{"__uuid__":"ecpdLyjvZBwrvm+cedCcQy"}],"_useOriginalSize":false,"_string":"1","_N$string":"1","_fontSize":1,"_lineHeight":1,"_N$file":{"__uuid__":"69KBsiyJ5GZ5sD2cV64RgP"},"_isSystemFontUsed":false,"_N$horizontalAlign":1,"_N$verticalAlign":1}],"_prefab":{"__type__":"cc.PrefabInfo","root":{"__id__":1},"asset":{"__uuid__":"a2vO+sQYJF+pfWVio/p/pl"},"fileId":"a578e3+wwFFNLynNDdzD8Me"},"_contentSize":{"__type__":"cc.Size","width":32,"height":1},"_trs":{"__type__":"TypedArray","ctor":"Float64Array","array":[0,25,0,0,0,0,1,1,1,1]}},{"__type__":"cc.Node","_name":"btn_num02","_parent":{"__id__":29},"_children":[{"__id__":33}],"_components":[{"__type__":"cc.Button","node":{"__id__":32},"zoomScale":0.9,"clickEvents":[{"__type__":"cc.ClickEvent","target":{"__id__":1},"_componentId":"db03faOR+ZGLYVF3JtqMv+p","handler":"OnClick_BtnWnd"}],"_N$transition":3,"transition":3,"_N$pressedColor":{"__type__":"cc.Color","r":255,"g":255,"b":255},"pressedColor":{"__type__":"cc.Color","r":255,"g":255,"b":255},"_N$disabledColor":{"__type__":"cc.Color","r":255,"g":255,"b":255},"_N$target":{"__id__":32}},{"__type__":"cc.Sprite","node":{"__id__":32},"_materials":[{"__uuid__":"ecpdLyjvZBwrvm+cedCcQy"}],"_spriteFrame":{"__uuid__":"c799E9Tt1ANJeEYpmH7JUY"},"_sizeMode":2,"_isTrimmedMode":false}],"_prefab":{"__type__":"cc.PrefabInfo","root":{"__id__":1},"asset":{"__uuid__":"a2vO+sQYJF+pfWVio/p/pl"},"fileId":"6f4bdCPaHZIm5wdc5gEHYFB"},"_contentSize":{"__type__":"cc.Size","width":191,"height":73},"_trs":{"__type__":"TypedArray","ctor":"Float64Array","array":[-2.7,145.7,0,0,0,0,1,1,1,1]}},{"__type__":"cc.Node","_name":"lb","_parent":{"__id__":32},"_components":[{"__type__":"cc.Label","node":{"__id__":33},"_materials":[{"__uuid__":"ecpdLyjvZBwrvm+cedCcQy"}],"_useOriginalSize":false,"_string":"2","_N$string":"2","_fontSize":1,"_lineHeight":1,"_N$file":{"__uuid__":"69KBsiyJ5GZ5sD2cV64RgP"},"_isSystemFontUsed":false,"_N$horizontalAlign":1,"_N$verticalAlign":1}],"_prefab":{"__type__":"cc.PrefabInfo","root":{"__id__":1},"asset":{"__uuid__":"a2vO+sQYJF+pfWVio/p/pl"},"fileId":"a92b0ATHK5Mu4+CSjNDg0Wu"},"_contentSize":{"__type__":"cc.Size","width":32,"height":1},"_trs":{"__type__":"TypedArray","ctor":"Float64Array","array":[0,25,0,0,0,0,1,1,1,1]}},{"__type__":"cc.Node","_name":"btn_num03","_parent":{"__id__":29},"_children":[{"__id__":35}],"_components":[{"__type__":"cc.Button","node":{"__id__":34},"zoomScale":0.9,"clickEvents":[{"__type__":"cc.ClickEvent","target":{"__id__":1},"_componentId":"db03faOR+ZGLYVF3JtqMv+p","handler":"OnClick_BtnWnd"}],"_N$transition":3,"transition":3,"_N$pressedColor":{"__type__":"cc.Color","r":255,"g":255,"b":255},"pressedColor":{"__type__":"cc.Color","r":255,"g":255,"b":255},"_N$disabledColor":{"__type__":"cc.Color","r":255,"g":255,"b":255},"_N$target":{"__id__":34}},{"__type__":"cc.Sprite","node":{"__id__":34},"_materials":[{"__uuid__":"ecpdLyjvZBwrvm+cedCcQy"}],"_spriteFrame":{"__uuid__":"c799E9Tt1ANJeEYpmH7JUY"},"_sizeMode":2,"_isTrimmedMode":false}],"_prefab":{"__type__":"cc.PrefabInfo","root":{"__id__":1},"asset":{"__uuid__":"a2vO+sQYJF+pfWVio/p/pl"},"fileId":"62f961kNhZClY24RkywXH7D"},"_contentSize":{"__type__":"cc.Size","width":191,"height":73},"_trs":{"__type__":"TypedArray","ctor":"Float64Array","array":[206,146,0,0,0,0,1,1,1,1]}},{"__type__":"cc.Node","_name":"lb","_parent":{"__id__":34},"_components":[{"__type__":"cc.Label","node":{"__id__":35},"_materials":[{"__uuid__":"ecpdLyjvZBwrvm+cedCcQy"}],"_useOriginalSize":false,"_string":"3","_N$string":"3","_fontSize":1,"_lineHeight":1,"_N$file":{"__uuid__":"69KBsiyJ5GZ5sD2cV64RgP"},"_isSystemFontUsed":false,"_N$horizontalAlign":1,"_N$verticalAlign":1}],"_prefab":{"__type__":"cc.PrefabInfo","root":{"__id__":1},"asset":{"__uuid__":"a2vO+sQYJF+pfWVio/p/pl"},"fileId":"9bb6fItOnpNLqI8+cuhOHvT"},"_contentSize":{"__type__":"cc.Size","width":32,"height":1},"_trs":{"__type__":"TypedArray","ctor":"Float64Array","array":[0,25,0,0,0,0,1,1,1,1]}},{"__type__":"cc.Node","_name":"btn_num04","_parent":{"__id__":29},"_children":[{"__id__":37}],"_components":[{"__type__":"cc.Button","node":{"__id__":36},"zoomScale":0.9,"clickEvents":[{"__type__":"cc.ClickEvent","target":{"__id__":1},"_componentId":"db03faOR+ZGLYVF3JtqMv+p","handler":"OnClick_BtnWnd"}],"_N$transition":3,"transition":3,"_N$pressedColor":{"__type__":"cc.Color","r":255,"g":255,"b":255},"pressedColor":{"__type__":"cc.Color","r":255,"g":255,"b":255},"_N$disabledColor":{"__type__":"cc.Color","r":255,"g":255,"b":255},"_N$target":{"__id__":36}},{"__type__":"cc.Sprite","node":{"__id__":36},"_materials":[{"__uuid__":"ecpdLyjvZBwrvm+cedCcQy"}],"_spriteFrame":{"__uuid__":"c799E9Tt1ANJeEYpmH7JUY"},"_sizeMode":2,"_isTrimmedMode":false}],"_prefab":{"__type__":"cc.PrefabInfo","root":{"__id__":1},"asset":{"__uuid__":"a2vO+sQYJF+pfWVio/p/pl"},"fileId":"df5a2/kFjNFhYSGUBB1guqA"},"_contentSize":{"__type__":"cc.Size","width":191,"height":73},"_trs":{"__type__":"TypedArray","ctor":"Float64Array","array":[-207,47,0,0,0,0,1,1,1,1]}},{"__type__":"cc.Node","_name":"lb","_parent":{"__id__":36},"_components":[{"__type__":"cc.Label","node":{"__id__":37},"_materials":[{"__uuid__":"ecpdLyjvZBwrvm+cedCcQy"}],"_useOriginalSize":false,"_string":"4","_N$string":"4","_fontSize":1,"_lineHeight":1,"_N$file":{"__uuid__":"69KBsiyJ5GZ5sD2cV64RgP"},"_isSystemFontUsed":false,"_N$horizontalAlign":1,"_N$verticalAlign":1}],"_prefab":{"__type__":"cc.PrefabInfo","root":{"__id__":1},"asset":{"__uuid__":"a2vO+sQYJF+pfWVio/p/pl"},"fileId":"36b1fqPemJPx6o1EuxEnb3T"},"_contentSize":{"__type__":"cc.Size","width":32,"height":1},"_trs":{"__type__":"TypedArray","ctor":"Float64Array","array":[0,25,0,0,0,0,1,1,1,1]}},{"__type__":"cc.Node","_name":"btn_num05","_parent":{"__id__":29},"_children":[{"__id__":39}],"_components":[{"__type__":"cc.Button","node":{"__id__":38},"zoomScale":0.9,"clickEvents":[{"__type__":"cc.ClickEvent","target":{"__id__":1},"_componentId":"db03faOR+ZGLYVF3JtqMv+p","handler":"OnClick_BtnWnd"}],"_N$transition":3,"transition":3,"_N$pressedColor":{"__type__":"cc.Color","r":255,"g":255,"b":255},"pressedColor":{"__type__":"cc.Color","r":255,"g":255,"b":255},"_N$disabledColor":{"__type__":"cc.Color","r":255,"g":255,"b":255},"_N$target":{"__id__":38}},{"__type__":"cc.Sprite","node":{"__id__":38},"_materials":[{"__uuid__":"ecpdLyjvZBwrvm+cedCcQy"}],"_spriteFrame":{"__uuid__":"c799E9Tt1ANJeEYpmH7JUY"},"_sizeMode":2,"_isTrimmedMode":false}],"_prefab":{"__type__":"cc.PrefabInfo","root":{"__id__":1},"asset":{"__uuid__":"a2vO+sQYJF+pfWVio/p/pl"},"fileId":"cb8e4aVBAxFv6SVqB3qy1n6"},"_contentSize":{"__type__":"cc.Size","width":191,"height":73},"_trs":{"__type__":"TypedArray","ctor":"Float64Array","array":[0,47,0,0,0,0,1,1,1,1]}},{"__type__":"cc.Node","_name":"lb","_parent":{"__id__":38},"_components":[{"__type__":"cc.Label","node":{"__id__":39},"_materials":[{"__uuid__":"ecpdLyjvZBwrvm+cedCcQy"}],"_useOriginalSize":false,"_string":"5","_N$string":"5","_fontSize":1,"_lineHeight":1,"_N$file":{"__uuid__":"69KBsiyJ5GZ5sD2cV64RgP"},"_isSystemFontUsed":false,"_N$horizontalAlign":1,"_N$verticalAlign":1}],"_prefab":{"__type__":"cc.PrefabInfo","root":{"__id__":1},"asset":{"__uuid__":"a2vO+sQYJF+pfWVio/p/pl"},"fileId":"53f3alfx0NCsoM33znA52uC"},"_contentSize":{"__type__":"cc.Size","width":32,"height":1},"_trs":{"__type__":"TypedArray","ctor":"Float64Array","array":[0,25,0,0,0,0,1,1,1,1]}},{"__type__":"cc.Node","_name":"btn_num06","_parent":{"__id__":29},"_children":[{"__id__":41}],"_components":[{"__type__":"cc.Button","node":{"__id__":40},"zoomScale":0.9,"clickEvents":[{"__type__":"cc.ClickEvent","target":{"__id__":1},"_componentId":"db03faOR+ZGLYVF3JtqMv+p","handler":"OnClick_BtnWnd"}],"_N$transition":3,"transition":3,"_N$pressedColor":{"__type__":"cc.Color","r":255,"g":255,"b":255},"pressedColor":{"__type__":"cc.Color","r":255,"g":255,"b":255},"_N$disabledColor":{"__type__":"cc.Color","r":255,"g":255,"b":255},"_N$target":{"__id__":40}},{"__type__":"cc.Sprite","node":{"__id__":40},"_materials":[{"__uuid__":"ecpdLyjvZBwrvm+cedCcQy"}],"_spriteFrame":{"__uuid__":"c799E9Tt1ANJeEYpmH7JUY"},"_sizeMode":2,"_isTrimmedMode":false}],"_prefab":{"__type__":"cc.PrefabInfo","root":{"__id__":1},"asset":{"__uuid__":"a2vO+sQYJF+pfWVio/p/pl"},"fileId":"01ef64oAH5K8p8IZ3Voi3TC"},"_contentSize":{"__type__":"cc.Size","width":191,"height":73},"_trs":{"__type__":"TypedArray","ctor":"Float64Array","array":[205,46,0,0,0,0,1,1,1,1]}},{"__type__":"cc.Node","_name":"lb","_parent":{"__id__":40},"_components":[{"__type__":"cc.Label","node":{"__id__":41},"_materials":[{"__uuid__":"ecpdLyjvZBwrvm+cedCcQy"}],"_useOriginalSize":false,"_string":"6","_N$string":"6","_fontSize":1,"_lineHeight":1,"_N$file":{"__uuid__":"69KBsiyJ5GZ5sD2cV64RgP"},"_isSystemFontUsed":false,"_N$horizontalAlign":1,"_N$verticalAlign":1}],"_prefab":{"__type__":"cc.PrefabInfo","root":{"__id__":1},"asset":{"__uuid__":"a2vO+sQYJF+pfWVio/p/pl"},"fileId":"40cediXnc1FlpvB0pWhLGH5"},"_contentSize":{"__type__":"cc.Size","width":32,"height":1},"_trs":{"__type__":"TypedArray","ctor":"Float64Array","array":[0,25,0,0,0,0,1,1,1,1]}},{"__type__":"cc.Node","_name":"btn_num07","_parent":{"__id__":29},"_children":[{"__id__":43}],"_components":[{"__type__":"cc.Button","node":{"__id__":42},"zoomScale":0.9,"clickEvents":[{"__type__":"cc.ClickEvent","target":{"__id__":1},"_componentId":"db03faOR+ZGLYVF3JtqMv+p","handler":"OnClick_BtnWnd"}],"_N$transition":3,"transition":3,"_N$pressedColor":{"__type__":"cc.Color","r":255,"g":255,"b":255},"pressedColor":{"__type__":"cc.Color","r":255,"g":255,"b":255},"_N$disabledColor":{"__type__":"cc.Color","r":255,"g":255,"b":255},"_N$target":{"__id__":42}},{"__type__":"cc.Sprite","node":{"__id__":42},"_materials":[{"__uuid__":"ecpdLyjvZBwrvm+cedCcQy"}],"_spriteFrame":{"__uuid__":"c799E9Tt1ANJeEYpmH7JUY"},"_sizeMode":2,"_isTrimmedMode":false}],"_prefab":{"__type__":"cc.PrefabInfo","root":{"__id__":1},"asset":{"__uuid__":"a2vO+sQYJF+pfWVio/p/pl"},"fileId":"f033c/6APFLA4AxWxfUsJRh"},"_contentSize":{"__type__":"cc.Size","width":191,"height":73},"_trs":{"__type__":"TypedArray","ctor":"Float64Array","array":[-205,-51,0,0,0,0,1,1,1,1]}},{"__type__":"cc.Node","_name":"lb","_parent":{"__id__":42},"_components":[{"__type__":"cc.Label","node":{"__id__":43},"_materials":[{"__uuid__":"ecpdLyjvZBwrvm+cedCcQy"}],"_useOriginalSize":false,"_string":"7","_N$string":"7","_fontSize":1,"_lineHeight":1,"_N$file":{"__uuid__":"69KBsiyJ5GZ5sD2cV64RgP"},"_isSystemFontUsed":false,"_N$horizontalAlign":1,"_N$verticalAlign":1}],"_prefab":{"__type__":"cc.PrefabInfo","root":{"__id__":1},"asset":{"__uuid__":"a2vO+sQYJF+pfWVio/p/pl"},"fileId":"2af57eOxRhLMqV2/Y7HUUok"},"_contentSize":{"__type__":"cc.Size","width":32,"height":1},"_trs":{"__type__":"TypedArray","ctor":"Float64Array","array":[0,25,0,0,0,0,1,1,1,1]}},{"__type__":"cc.Node","_name":"btn_num08","_parent":{"__id__":29},"_children":[{"__id__":45}],"_components":[{"__type__":"cc.Button","node":{"__id__":44},"zoomScale":0.9,"clickEvents":[{"__type__":"cc.ClickEvent","target":{"__id__":1},"_componentId":"db03faOR+ZGLYVF3JtqMv+p","handler":"OnClick_BtnWnd"}],"_N$transition":3,"transition":3,"_N$pressedColor":{"__type__":"cc.Color","r":255,"g":255,"b":255},"pressedColor":{"__type__":"cc.Color","r":255,"g":255,"b":255},"_N$disabledColor":{"__type__":"cc.Color","r":255,"g":255,"b":255},"_N$target":{"__id__":44}},{"__type__":"cc.Sprite","node":{"__id__":44},"_materials":[{"__uuid__":"ecpdLyjvZBwrvm+cedCcQy"}],"_spriteFrame":{"__uuid__":"c799E9Tt1ANJeEYpmH7JUY"},"_sizeMode":2,"_isTrimmedMode":false}],"_prefab":{"__type__":"cc.PrefabInfo","root":{"__id__":1},"asset":{"__uuid__":"a2vO+sQYJF+pfWVio/p/pl"},"fileId":"efc354k8shHP4CDsYzOYinW"},"_contentSize":{"__type__":"cc.Size","width":191,"height":73},"_trs":{"__type__":"TypedArray","ctor":"Float64Array","array":[0,-52,0,0,0,0,1,1,1,1]}},{"__type__":"cc.Node","_name":"lb","_parent":{"__id__":44},"_components":[{"__type__":"cc.Label","node":{"__id__":45},"_materials":[{"__uuid__":"ecpdLyjvZBwrvm+cedCcQy"}],"_useOriginalSize":false,"_string":"8","_N$string":"8","_fontSize":1,"_lineHeight":1,"_N$file":{"__uuid__":"69KBsiyJ5GZ5sD2cV64RgP"},"_isSystemFontUsed":false,"_N$horizontalAlign":1,"_N$verticalAlign":1}],"_prefab":{"__type__":"cc.PrefabInfo","root":{"__id__":1},"asset":{"__uuid__":"a2vO+sQYJF+pfWVio/p/pl"},"fileId":"f743evh9WRKIpWcG6PRzo/a"},"_contentSize":{"__type__":"cc.Size","width":32,"height":1},"_trs":{"__type__":"TypedArray","ctor":"Float64Array","array":[0,25,0,0,0,0,1,1,1,1]}},{"__type__":"cc.Node","_name":"btn_num09","_parent":{"__id__":29},"_children":[{"__id__":47}],"_components":[{"__type__":"cc.Button","node":{"__id__":46},"zoomScale":0.9,"clickEvents":[{"__type__":"cc.ClickEvent","target":{"__id__":1},"_componentId":"db03faOR+ZGLYVF3JtqMv+p","handler":"OnClick_BtnWnd"}],"_N$transition":3,"transition":3,"_N$pressedColor":{"__type__":"cc.Color","r":255,"g":255,"b":255},"pressedColor":{"__type__":"cc.Color","r":255,"g":255,"b":255},"_N$disabledColor":{"__type__":"cc.Color","r":255,"g":255,"b":255},"_N$target":{"__id__":46}},{"__type__":"cc.Sprite","node":{"__id__":46},"_materials":[{"__uuid__":"ecpdLyjvZBwrvm+cedCcQy"}],"_spriteFrame":{"__uuid__":"c799E9Tt1ANJeEYpmH7JUY"},"_sizeMode":2,"_isTrimmedMode":false}],"_prefab":{"__type__":"cc.PrefabInfo","root":{"__id__":1},"asset":{"__uuid__":"a2vO+sQYJF+pfWVio/p/pl"},"fileId":"b1702N30dhD+bfdaR3jyOtO"},"_contentSize":{"__type__":"cc.Size","width":191,"height":73},"_trs":{"__type__":"TypedArray","ctor":"Float64Array","array":[206,-53,0,0,0,0,1,1,1,1]}},{"__type__":"cc.Node","_name":"lb","_parent":{"__id__":46},"_components":[{"__type__":"cc.Label","node":{"__id__":47},"_materials":[{"__uuid__":"ecpdLyjvZBwrvm+cedCcQy"}],"_useOriginalSize":false,"_string":"9","_N$string":"9","_fontSize":1,"_lineHeight":1,"_N$file":{"__uuid__":"69KBsiyJ5GZ5sD2cV64RgP"},"_isSystemFontUsed":false,"_N$horizontalAlign":1,"_N$verticalAlign":1}],"_prefab":{"__type__":"cc.PrefabInfo","root":{"__id__":1},"asset":{"__uuid__":"a2vO+sQYJF+pfWVio/p/pl"},"fileId":"311770xZOlKSr+G3T3ky6O3"},"_contentSize":{"__type__":"cc.Size","width":32,"height":1},"_trs":{"__type__":"TypedArray","ctor":"Float64Array","array":[0,25,0,0,0,0,1,1,1,1]}},{"__type__":"cc.Node","_name":"btn_num00","_parent":{"__id__":29},"_children":[{"__id__":49}],"_components":[{"__type__":"cc.Button","node":{"__id__":48},"zoomScale":0.9,"clickEvents":[{"__type__":"cc.ClickEvent","target":{"__id__":1},"_componentId":"db03faOR+ZGLYVF3JtqMv+p","handler":"OnClick_BtnWnd"}],"_N$transition":3,"transition":3,"_N$pressedColor":{"__type__":"cc.Color","r":255,"g":255,"b":255},"pressedColor":{"__type__":"cc.Color","r":255,"g":255,"b":255},"_N$disabledColor":{"__type__":"cc.Color","r":255,"g":255,"b":255},"_N$target":{"__id__":48}},{"__type__":"cc.Sprite","node":{"__id__":48},"_materials":[{"__uuid__":"ecpdLyjvZBwrvm+cedCcQy"}],"_spriteFrame":{"__uuid__":"c799E9Tt1ANJeEYpmH7JUY"},"_sizeMode":2,"_isTrimmedMode":false}],"_prefab":{"__type__":"cc.PrefabInfo","root":{"__id__":1},"asset":{"__uuid__":"a2vO+sQYJF+pfWVio/p/pl"},"fileId":"c1302PRlKBO56yUifNPco5I"},"_contentSize":{"__type__":"cc.Size","width":191,"height":73},"_trs":{"__type__":"TypedArray","ctor":"Float64Array","array":[-1,-151,0,0,0,0,1,1,1,1]}},{"__type__":"cc.Node","_name":"lb","_parent":{"__id__":48},"_components":[{"__type__":"cc.Label","node":{"__id__":49},"_materials":[{"__uuid__":"ecpdLyjvZBwrvm+cedCcQy"}],"_useOriginalSize":false,"_string":"0","_N$string":"0","_fontSize":1,"_lineHeight":1,"_N$file":{"__uuid__":"69KBsiyJ5GZ5sD2cV64RgP"},"_isSystemFontUsed":false,"_N$horizontalAlign":1,"_N$verticalAlign":1}],"_prefab":{"__type__":"cc.PrefabInfo","root":{"__id__":1},"asset":{"__uuid__":"a2vO+sQYJF+pfWVio/p/pl"},"fileId":"e8473AluStHsKrXdnFmeAO3"},"_contentSize":{"__type__":"cc.Size","width":30,"height":1},"_trs":{"__type__":"TypedArray","ctor":"Float64Array","array":[0,25,0,0,0,0,1,1,1,1]}},{"__type__":"cc.Node","_name":"btn_reset","_parent":{"__id__":29},"_components":[{"__type__":"cc.Button","node":{"__id__":50},"zoomScale":0.9,"clickEvents":[{"__type__":"cc.ClickEvent","target":{"__id__":1},"_componentId":"db03faOR+ZGLYVF3JtqMv+p","handler":"OnClick_BtnWnd"}],"_N$transition":3,"transition":3,"_N$pressedColor":{"__type__":"cc.Color","r":255,"g":255,"b":255},"pressedColor":{"__type__":"cc.Color","r":255,"g":255,"b":255},"_N$disabledColor":{"__type__":"cc.Color","r":255,"g":255,"b":255},"_N$target":{"__id__":50}},{"__type__":"cc.Sprite","node":{"__id__":50},"_materials":[{"__uuid__":"ecpdLyjvZBwrvm+cedCcQy"}],"_spriteFrame":{"__uuid__":"8eKsOpxLFJdK4SqWgPhVM/"},"_sizeMode":2,"_isTrimmedMode":false}],"_prefab":{"__type__":"cc.PrefabInfo","root":{"__id__":1},"asset":{"__uuid__":"a2vO+sQYJF+pfWVio/p/pl"},"fileId":"efc5btK6EVCbq8YfMs5El+P"},"_contentSize":{"__type__":"cc.Size","width":191,"height":73},"_trs":{"__type__":"TypedArray","ctor":"Float64Array","array":[-207,-150,0,0,0,0,1,1,1,1]}},{"__type__":"cc.Node","_name":"btn_clear","_parent":{"__id__":29},"_components":[{"__type__":"cc.Button","node":{"__id__":51},"zoomScale":0.9,"clickEvents":[{"__type__":"cc.ClickEvent","target":{"__id__":1},"_componentId":"db03faOR+ZGLYVF3JtqMv+p","handler":"OnClick_BtnWnd"}],"_N$transition":3,"transition":3,"_N$pressedColor":{"__type__":"cc.Color","r":255,"g":255,"b":255},"pressedColor":{"__type__":"cc.Color","r":255,"g":255,"b":255},"_N$disabledColor":{"__type__":"cc.Color","r":255,"g":255,"b":255},"_N$target":{"__id__":51}},{"__type__":"cc.Sprite","node":{"__id__":51},"_materials":[{"__uuid__":"ecpdLyjvZBwrvm+cedCcQy"}],"_spriteFrame":{"__uuid__":"c0Arwdar9NMJ+YG1taTpra"},"_sizeMode":2,"_isTrimmedMode":false}],"_prefab":{"__type__":"cc.PrefabInfo","root":{"__id__":1},"asset":{"__uuid__":"a2vO+sQYJF+pfWVio/p/pl"},"fileId":"7f441+VfSlM9rGrklOFitVs"},"_contentSize":{"__type__":"cc.Size","width":191,"height":73},"_trs":{"__type__":"TypedArray","ctor":"Float64Array","array":[206,-150,0,0,0,0,1,1,1,1]}},{"__type__":"cc.Node","_name":"img_ckhfm02","_parent":{"__id__":1},"_components":[{"__type__":"cc.Sprite","node":{"__id__":52},"_materials":[{"__uuid__":"ecpdLyjvZBwrvm+cedCcQy"}],"_spriteFrame":{"__uuid__":"87tcu9m/JOKY6uyc6xAoUz"}}],"_prefab":{"__type__":"cc.PrefabInfo","root":{"__id__":1},"asset":{"__uuid__":"a2vO+sQYJF+pfWVio/p/pl"},"fileId":"eaD+9IO05PIIOOUgRfnNY7"},"_contentSize":{"__type__":"cc.Size","width":267,"height":50},"_trs":{"__type__":"TypedArray","ctor":"Float64Array","array":[0,315.188,0,0,0,0,1,1,1,1]}},{"__type__":"cc.Node","_name":"btn_close","_parent":{"__id__":1},"_components":[{"__type__":"cc.Button","node":{"__id__":53},"zoomScale":0.9,"clickEvents":[{"__type__":"cc.ClickEvent","target":{"__id__":1},"_componentId":"db03faOR+ZGLYVF3JtqMv+p","handler":"OnClick_BtnWnd"}],"_N$transition":3,"transition":3,"_N$pressedColor":{"__type__":"cc.Color","r":255,"g":255,"b":255},"pressedColor":{"__type__":"cc.Color","r":255,"g":255,"b":255},"_N$disabledColor":{"__type__":"cc.Color","r":255,"g":255,"b":255},"_N$normalSprite":{"__uuid__":"44LtTCo89GZbVww0gAMaAS"},"_N$pressedSprite":{"__uuid__":"e97GVMl6JHh5Ml5qEDdSGa"},"pressedSprite":{"__uuid__":"e97GVMl6JHh5Ml5qEDdSGa"},"_N$hoverSprite":{"__uuid__":"e97GVMl6JHh5Ml5qEDdSGa"},"hoverSprite":{"__uuid__":"e97GVMl6JHh5Ml5qEDdSGa"},"_N$disabledSprite":{"__uuid__":"29FYIk+N1GYaeWH/q1NxQO"},"_N$target":{"__id__":53}},{"__type__":"cc.Sprite","node":{"__id__":53},"_materials":[{"__uuid__":"ecpdLyjvZBwrvm+cedCcQy"}],"_spriteFrame":{"__uuid__":"d9ZhflMOxHW7JHl9dya866"},"_sizeMode":0}],"_prefab":{"__type__":"cc.PrefabInfo","root":{"__id__":1},"asset":{"__uuid__":"a2vO+sQYJF+pfWVio/p/pl"},"fileId":"46edavuDk5PmKvGcXCyDWm2"},"_contentSize":{"__type__":"cc.Size","width":100,"height":100},"_trs":{"__type__":"TypedArray","ctor":"Float64Array","array":[393.409,298.276,0,0,0,0,1,1,1,1]}},{"__type__":"cc.Node","_name":"btn_chakan","_parent":{"__id__":1},"_children":[{"__id__":55}],"_components":[{"__type__":"cc.Sprite","node":{"__id__":54},"_materials":[{"__uuid__":"ecpdLyjvZBwrvm+cedCcQy"}],"_spriteFrame":{"__uuid__":"945qco4SlPpLFdBqOYd2KX"},"_type":1,"_sizeMode":0},{"__type__":"cc.Button","node":{"__id__":54},"clickEvents":[{"__type__":"cc.ClickEvent","target":{"__id__":1},"_componentId":"db03faOR+ZGLYVF3JtqMv+p","handler":"OnClick_BtnWnd"}]}],"_prefab":{"__type__":"cc.PrefabInfo","root":{"__id__":1},"asset":{"__uuid__":"a2vO+sQYJF+pfWVio/p/pl"},"fileId":"1a+1woVntFpZut30k2SAVK"},"_contentSize":{"__type__":"cc.Size","width":250,"height":80},"_trs":{"__type__":"TypedArray","ctor":"Float64Array","array":[0,-271.396,0,0,0,0,1,1,1,1]}},{"__type__":"cc.Node","_name":"lb","_parent":{"__id__":54},"_components":[{"__type__":"cc.Label","node":{"__id__":55},"_materials":[{"__uuid__":"ecpdLyjvZBwrvm+cedCcQy"}],"_useOriginalSize":false,"_string":"查看回放","_N$string":"查看回放","_lineHeight":45,"_N$file":{"__uuid__":"5f5wQekV1CGpJW2meZozWn"},"_isSystemFontUsed":false,"_N$horizontalAlign":1,"_N$verticalAlign":1},{"__type__":"cc.LabelOutline","node":{"__id__":55},"_color":{"__type__":"cc.Color","r":135,"g":80,"b":8},"_width":2}],"_prefab":{"__type__":"cc.PrefabInfo","root":{"__id__":1},"asset":{"__uuid__":"a2vO+sQYJF+pfWVio/p/pl"},"fileId":"edb74jTLpI8qHSjbnbKM7W"},"_contentSize":{"__type__":"cc.Size","width":164,"height":60.7},"_trs":{"__type__":"TypedArray","ctor":"Float64Array","array":[0,2,0,0,0,0,1,1,1,1]}}],{"__type__":"cc.SpriteFrame","content":{"name":"btn_sc","texture":"b6ValQIRBFLpXjTm8Yh9NW","rect":[0,0,191,73],"offset":[0,0],"originalSize":[191,73],"capInsets":[0,0,0,0]}},{"__type__":"cc.SpriteFrame","content":{"name":"btn_anniu","texture":"fdPhI0O9lLgrHAdzA1/N8z","rect":[0,0,191,73],"offset":[0,0],"originalSize":[191,73],"capInsets":[0,0,0,0]}},{"__type__":"cc.SpriteFrame","content":{"name":"btn_close","texture":"adT+cX5aVEFrD91N8Yp4Db","rect":[0,0,79,80],"offset":[0,0],"originalSize":[79,80],"capInsets":[0,0,0,0]}},{"__type__":"cc.SpriteFrame","content":{"name":"img_ckhfm","texture":"adPkkivSBEcKI/ALw2sIn9","rect":[0,0,806,613],"offset":[0,0],"originalSize":[806,613],"capInsets":[0,298,0,223]}},{"__type__":"cc.SpriteFrame","content":{"name":"default_btn_pressed","texture":"b4P/PCArtIdIH38t6mlw8Y","rect":[0,0,40,40],"offset":[0,0],"originalSize":[40,40],"capInsets":[12,12,12,12]}},{"__type__":"cc.SpriteFrame","content":{"name":"default_btn_normal","texture":"e8Ueib+qJEhL6mXAHdnwbi","rect":[0,0,40,40],"offset":[0,0],"originalSize":[40,40],"capInsets":[12,12,12,12]}}]