[{"__type__":"cc.SpriteFrame","content":{"name":"btn_up01","texture":"c1HDP8I55Kb4JXk7D5OI8e","rect":[0,0,31,43],"offset":[0,0],"originalSize":[31,43],"capInsets":[0,0,0,0]}},{"__type__":"cc.SpriteFrame","content":{"name":"icon_ss","texture":"10SVgvORZHfoznEFdYxoIB","rect":[0,0,36,36],"offset":[0,0],"originalSize":[36,36],"capInsets":[0,0,0,0]}},{"__type__":"cc.SpriteFrame","content":{"name":"img_wxz03","texture":"4cxoiHf31PkZHSlGj0EHBo","rect":[0,0,319,56],"offset":[0,0],"originalSize":[319,56],"capInsets":[0,0,0,0]}},{"__type__":"cc.SpriteFrame","content":{"name":"default_btn_disabled","texture":"71VhFCTINJM6/Ky3oX9nBT","rect":[0,0,40,40],"offset":[0,0],"originalSize":[40,40],"capInsets":[12,12,12,12]}},{"__type__":"cc.SpriteFrame","content":{"name":"btn_green","texture":"65jvX4TYFFG6wc85AH3ulM","rect":[0,0,128,49],"offset":[0,0],"originalSize":[128,49],"capInsets":[0,0,0,0]}},{"__type__":"cc.SpriteFrame","content":{"name":"btn_ss","texture":"2bTsGDbVREKr/3cUwPgIOr","rect":[0,0,132,54],"offset":[0,0],"originalSize":[132,54],"capInsets":[0,0,0,0]}},{"__type__":"cc.SpriteFrame","content":{"name":"btn_plxg","texture":"79If5zS7dGM5RMOfzNpO2D","rect":[0,0,203,54],"offset":[0,0],"originalSize":[203,54],"capInsets":[0,0,0,0]}},{"__type__":"cc.SpriteFrame","content":{"name":"default_scrollbar_vertical","texture":"d608qFRoFHwbXd0Dap056i","rect":[0,0,15,30],"offset":[0,0],"originalSize":[15,30],"capInsets":[4,10,4,10]}},{"__type__":"cc.SpriteFrame","content":{"name":"default_scrollbar_vertical_bg","texture":"61cyPdEfRN047sDK9rO0W5","rect":[0,0,15,30],"offset":[0,0],"originalSize":[15,30],"capInsets":[4,10,4,10]}},{"__type__":"cc.SpriteFrame","content":{"name":"img_black_60","texture":"e5dLSpyq9NPZ8mPvfDyGXH","rect":[0,0,100,100],"offset":[0,0],"originalSize":[100,100],"capInsets":[0,0,0,0]}},{"__type__":"cc.SpriteFrame","content":{"name":"bg_03","texture":"a5bwYnRZpIErd3A2H84r2w","rect":[0,0,1086,628],"offset":[0,0],"originalSize":[1086,628],"capInsets":[0,0,0,0]}},{"__type__":"cc.SpriteFrame","content":{"name":"bg_content_list","texture":"94rptFkJxBt7xk09keWqcA","rect":[0,0,101,93],"offset":[0,0],"originalSize":[101,93],"capInsets":[37,38,32,37]}},{"__type__":"cc.SpriteFrame","content":{"name":"check_qr","texture":"92FlByhpNGW4ouWwLFFe0z","rect":[0,0,35,35],"offset":[0,0],"originalSize":[35,35],"capInsets":[0,0,0,0]}},{"__type__":"cc.SpriteFrame","content":{"name":"img_xz03","texture":"acgnv7TixDHbvyni6UKwtj","rect":[0,0,319,58],"offset":[0,0],"originalSize":[319,58],"capInsets":[0,0,0,0]}},{"__type__":"cc.SpriteFrame","content":{"name":"mg_nub_ye","texture":"72UNRFtGJHWZvXo/2EcJva","rect":[0,0,200,48],"offset":[0,0],"originalSize":[200,48],"capInsets":[28,22,27,22]}},{"__type__":"cc.SpriteFrame","content":{"name":"check_qr01","texture":"5djaNhH6lPP6ZMyptxWsfF","rect":[0,0,33,32],"offset":[0,0],"originalSize":[33,32],"capInsets":[0,0,0,0]}},{"__type__":"cc.SpriteFrame","content":{"name":"img_bjl_tc","texture":"88Cf+cteFFqJCYMSGWEtlv","rect":[0,0,1010,226],"offset":[0,1],"originalSize":[1010,228],"capInsets":[118,125,86,57]}},[{"__type__":"cc.Prefab","_name":"UIClubUserList","data":{"__id__":1}},{"__type__":"cc.Node","_name":"UIClubUserList","_children":[{"__id__":2},{"__id__":3},{"__id__":11},{"__id__":27},{"__id__":75},{"__id__":120}],"_components":[{"__type__":"cc.Widget","node":{"__id__":1},"alignMode":0,"_alignFlags":45,"_left":-100,"_right":-100,"_originalWidth":1750,"_originalHeight":1360},{"__type__":"cc.Button","node":{"__id__":1},"_N$normalColor":{"__type__":"cc.Color","r":214,"g":214,"b":214},"_N$target":{"__id__":1}},{"__type__":"cc.Sprite","node":{"__id__":1},"_materials":[{"__uuid__":"ecpdLyjvZBwrvm+cedCcQy"}],"_spriteFrame":{"__uuid__":"86Zf39gLpJiYJ0+npxhZ2d"},"_sizeMode":0},{"__type__":"7d978OQGI9P5LlcrkeRzqFS","node":{"__id__":1},"memberlist_scrollView":{"__id__":32},"memberlist_layout":{"__id__":33},"memberlist_demo":{"__id__":34},"nullNode":{"__id__":74},"memberlist_editbox":{"__id__":85},"unSelectSprite":{"__uuid__":"868MUC+T9JIKzfugjS3Hwm"},"selectSprite":{"__uuid__":"c2+/Bxe7RCxqtYFV5udino"}}],"_prefab":{"__type__":"cc.PrefabInfo","root":{"__id__":1},"asset":{"__uuid__":"caoYhZecFJq685xcIdiJtz"},"fileId":"b7959j51fZLSqOjyqofDbwV"},"_contentSize":{"__type__":"cc.Size","width":1560,"height":760},"_trs":{"__type__":"TypedArray","ctor":"Float64Array","array":[0,0,0,0,0,0,1,1,1,1]}},{"__type__":"cc.Node","_name":"bg","_parent":{"__id__":1},"_components":[{"__type__":"cc.Sprite","node":{"__id__":2},"_materials":[{"__uuid__":"ecpdLyjvZBwrvm+cedCcQy"}],"_spriteFrame":{"__uuid__":"860QQcJ79NtY/3BXKwHB9r"},"_type":1}],"_prefab":{"__type__":"cc.PrefabInfo","root":{"__id__":1},"asset":{"__uuid__":"caoYhZecFJq685xcIdiJtz"},"fileId":"e3d63WZmDtAI6eiYd7g6IUQ"},"_contentSize":{"__type__":"cc.Size","width":1086,"height":628},"_trs":{"__type__":"TypedArray","ctor":"Float64Array","array":[0,-35.801,0,0,0,0,1,1,1,1]}},{"__type__":"cc.Node","_name":"top","_parent":{"__id__":1},"_children":[{"__id__":4},{"__id__":5},{"__id__":6},{"__id__":7},{"__id__":8},{"__id__":9},{"__id__":10}],"_prefab":{"__type__":"cc.PrefabInfo","root":{"__id__":1},"asset":{"__uuid__":"caoYhZecFJq685xcIdiJtz"},"fileId":"a9dc54x0dhCGLDKkpRThJC1"},"_trs":{"__type__":"TypedArray","ctor":"Float64Array","array":[0,211.025,0,0,0,0,1,1,1,1]}},{"__type__":"cc.Node","_name":"tip_tx","_parent":{"__id__":3},"_components":[{"__type__":"cc.Label","node":{"__id__":4},"_materials":[{"__uuid__":"ecpdLyjvZBwrvm+cedCcQy"}],"_useOriginalSize":false,"_string":"头像","_N$string":"头像","_fontSize":28,"_lineHeight":28,"_N$file":{"__uuid__":"5f5wQekV1CGpJW2meZozWn"},"_isSystemFontUsed":false,"_N$horizontalAlign":1,"_N$verticalAlign":1}],"_prefab":{"__type__":"cc.PrefabInfo","root":{"__id__":1},"asset":{"__uuid__":"caoYhZecFJq685xcIdiJtz"},"fileId":"49bc1CkiC5A+IOkHRctKGDQ"},"_color":{"__type__":"cc.Color","r":157,"g":61,"b":23},"_contentSize":{"__type__":"cc.Size","width":56,"height":35.28},"_trs":{"__type__":"TypedArray","ctor":"Float64Array","array":[-447,-43,0,0,0,0,1,1,1,1]}},{"__type__":"cc.Node","_name":"tip_name","_parent":{"__id__":3},"_components":[{"__type__":"cc.Label","node":{"__id__":5},"_materials":[{"__uuid__":"ecpdLyjvZBwrvm+cedCcQy"}],"_useOriginalSize":false,"_string":"玩家名称","_N$string":"玩家名称","_fontSize":28,"_lineHeight":28,"_N$file":{"__uuid__":"5f5wQekV1CGpJW2meZozWn"},"_isSystemFontUsed":false,"_N$horizontalAlign":1,"_N$verticalAlign":1}],"_prefab":{"__type__":"cc.PrefabInfo","root":{"__id__":1},"asset":{"__uuid__":"caoYhZecFJq685xcIdiJtz"},"fileId":"95666RQgRlJA7eSa7DKepA8"},"_color":{"__type__":"cc.Color","r":157,"g":61,"b":23},"_contentSize":{"__type__":"cc.Size","width":112,"height":35.28},"_trs":{"__type__":"TypedArray","ctor":"Float64Array","array":[-288.708,-43,0,0,0,0,1,1,1,1]}},{"__type__":"cc.Node","_name":"tip_promoter","_parent":{"__id__":3},"_components":[{"__type__":"cc.Label","node":{"__id__":6},"_materials":[{"__uuid__":"ecpdLyjvZBwrvm+cedCcQy"}],"_useOriginalSize":false,"_string":"所属推广员","_N$string":"所属推广员","_fontSize":28,"_lineHeight":28,"_N$file":{"__uuid__":"5f5wQekV1CGpJW2meZozWn"},"_isSystemFontUsed":false,"_N$horizontalAlign":1,"_N$verticalAlign":1}],"_prefab":{"__type__":"cc.PrefabInfo","root":{"__id__":1},"asset":{"__uuid__":"caoYhZecFJq685xcIdiJtz"},"fileId":"0fbe6GULmpKZoLIgHcXXtCk"},"_color":{"__type__":"cc.Color","r":157,"g":61,"b":23},"_contentSize":{"__type__":"cc.Size","width":140,"height":35.28},"_trs":{"__type__":"TypedArray","ctor":"Float64Array","array":[-80,-43,0,0,0,0,1,1,1,1]}},{"__type__":"cc.Node","_name":"tip_zw","_parent":{"__id__":3},"_components":[{"__type__":"cc.Label","node":{"__id__":7},"_materials":[{"__uuid__":"ecpdLyjvZBwrvm+cedCcQy"}],"_useOriginalSize":false,"_string":"职务","_N$string":"职务","_fontSize":28,"_lineHeight":28,"_N$file":{"__uuid__":"5f5wQekV1CGpJW2meZozWn"},"_isSystemFontUsed":false,"_N$horizontalAlign":1,"_N$verticalAlign":1}],"_prefab":{"__type__":"cc.PrefabInfo","root":{"__id__":1},"asset":{"__uuid__":"caoYhZecFJq685xcIdiJtz"},"fileId":"6985eD2cSZP3ZLLYSa572MS"},"_color":{"__type__":"cc.Color","r":157,"g":61,"b":23},"_contentSize":{"__type__":"cc.Size","width":56,"height":35.28},"_trs":{"__type__":"TypedArray","ctor":"Float64Array","array":[83.319,-43,0,0,0,0,1,1,1,1]}},{"__type__":"cc.Node","_name":"tip_qk","_parent":{"__id__":3},"_active":false,"_components":[{"__type__":"cc.Label","node":{"__id__":8},"_materials":[{"__uuid__":"ecpdLyjvZBwrvm+cedCcQy"}],"_useOriginalSize":false,"_string":"圈卡","_N$string":"圈卡","_fontSize":28,"_lineHeight":28,"_N$file":{"__uuid__":"5f5wQekV1CGpJW2meZozWn"},"_isSystemFontUsed":false,"_N$horizontalAlign":1,"_N$verticalAlign":1}],"_prefab":{"__type__":"cc.PrefabInfo","root":{"__id__":1},"asset":{"__uuid__":"caoYhZecFJq685xcIdiJtz"},"fileId":"c0b55QAPKtDJYKv7tazFuAl"},"_color":{"__type__":"cc.Color","r":157,"g":61,"b":23},"_contentSize":{"__type__":"cc.Size","width":56,"height":35.28},"_trs":{"__type__":"TypedArray","ctor":"Float64Array","array":[213,-43,0,0,0,0,1,1,1,1]}},{"__type__":"cc.Node","_name":"tip_pl","_parent":{"__id__":3},"_components":[{"__type__":"cc.Label","node":{"__id__":9},"_materials":[{"__uuid__":"ecpdLyjvZBwrvm+cedCcQy"}],"_useOriginalSize":false,"_string":"比赛分","_N$string":"比赛分","_fontSize":28,"_lineHeight":28,"_N$file":{"__uuid__":"5f5wQekV1CGpJW2meZozWn"},"_isSystemFontUsed":false,"_N$horizontalAlign":1,"_N$verticalAlign":1}],"_prefab":{"__type__":"cc.PrefabInfo","root":{"__id__":1},"asset":{"__uuid__":"caoYhZecFJq685xcIdiJtz"},"fileId":"ab571zhw0ZIC63uk+4Mwv77"},"_color":{"__type__":"cc.Color","r":157,"g":61,"b":23},"_contentSize":{"__type__":"cc.Size","width":84,"height":35.28},"_trs":{"__type__":"TypedArray","ctor":"Float64Array","array":[247.797,-43,0,0,0,0,1,1,1,1]}},{"__type__":"cc.Node","_name":"tip_pl","_parent":{"__id__":3},"_components":[{"__type__":"cc.Label","node":{"__id__":10},"_materials":[{"__uuid__":"ecpdLyjvZBwrvm+cedCcQy"}],"_useOriginalSize":false,"_string":"操作","_N$string":"操作","_fontSize":28,"_lineHeight":28,"_N$file":{"__uuid__":"5f5wQekV1CGpJW2meZozWn"},"_isSystemFontUsed":false,"_N$horizontalAlign":1,"_N$verticalAlign":1}],"_prefab":{"__type__":"cc.PrefabInfo","root":{"__id__":1},"asset":{"__uuid__":"caoYhZecFJq685xcIdiJtz"},"fileId":"81vPYnAn9EHZTqr0LZA0UJ"},"_color":{"__type__":"cc.Color","r":157,"g":61,"b":23},"_contentSize":{"__type__":"cc.Size","width":56,"height":35.28},"_trs":{"__type__":"TypedArray","ctor":"Float64Array","array":[405.319,-43,0,0,0,0,1,1,1,1]}},{"__type__":"cc.Node","_name":"tab","_parent":{"__id__":1},"_children":[{"__id__":12},{"__id__":17},{"__id__":22}],"_components":[{"__type__":"cc.Layout","node":{"__id__":11},"_layoutSize":{"__type__":"cc.Size","width":961,"height":60},"_resize":1,"_N$layoutType":1,"_N$spacingX":2}],"_prefab":{"__type__":"cc.PrefabInfo","root":{"__id__":1},"asset":{"__uuid__":"caoYhZecFJq685xcIdiJtz"},"fileId":"05UHOG68dAb7Xu1oOJ+O1E"},"_contentSize":{"__type__":"cc.Size","width":961,"height":60},"_anchorPoint":{"__type__":"cc.Vec2","x":0.5,"y":1},"_trs":{"__type__":"TypedArray","ctor":"Float64Array","array":[0,255.701,0,0,0,0,1,1,1,1]}},{"__type__":"cc.Node","_name":"btn_user_list","_parent":{"__id__":11},"_children":[{"__id__":13},{"__id__":15}],"_components":[{"__type__":"cc.Button","node":{"__id__":12},"clickEvents":[{"__type__":"cc.ClickEvent","target":{"__id__":1},"_componentId":"7d978OQGI9P5LlcrkeRzqFS","handler":"OnClick_BtnWnd"}],"_N$normalColor":{"__type__":"cc.Color","r":214,"g":214,"b":214},"_N$target":{"__id__":12}}],"_prefab":{"__type__":"cc.PrefabInfo","root":{"__id__":1},"asset":{"__uuid__":"caoYhZecFJq685xcIdiJtz"},"fileId":"00pDaFQmBB/LWsUbc2jfe+"},"_contentSize":{"__type__":"cc.Size","width":319,"height":58},"_anchorPoint":{"__type__":"cc.Vec2","x":0.5,"y":1},"_trs":{"__type__":"TypedArray","ctor":"Float64Array","array":[-321,0,0,0,0,0,1,1,1,1]}},{"__type__":"cc.Node","_name":"on","_parent":{"__id__":12},"_children":[{"__id__":14}],"_components":[{"__type__":"cc.Sprite","node":{"__id__":13},"_materials":[{"__uuid__":"ecpdLyjvZBwrvm+cedCcQy"}],"_spriteFrame":{"__uuid__":"932xmrpPtIPbuzc9H0GBZ3"},"_type":1}],"_prefab":{"__type__":"cc.PrefabInfo","root":{"__id__":1},"asset":{"__uuid__":"caoYhZecFJq685xcIdiJtz"},"fileId":"e9rBWh+eNB4IslU81+ZJcI"},"_contentSize":{"__type__":"cc.Size","width":319,"height":58},"_anchorPoint":{"__type__":"cc.Vec2","x":0.5,"y":1},"_trs":{"__type__":"TypedArray","ctor":"Float64Array","array":[0,0,0,0,0,0,1,-1,1,1]}},{"__type__":"cc.Node","_name":"lb","_parent":{"__id__":13},"_components":[{"__type__":"cc.Label","node":{"__id__":14},"_materials":[{"__uuid__":"ecpdLyjvZBwrvm+cedCcQy"}],"_useOriginalSize":false,"_string":"成员列表","_N$string":"成员列表","_fontSize":36,"_N$file":{"__uuid__":"5f5wQekV1CGpJW2meZozWn"},"_isSystemFontUsed":false,"_N$horizontalAlign":1,"_N$verticalAlign":1},{"__type__":"cc.LabelOutline","node":{"__id__":14},"_color":{"__type__":"cc.Color","r":218,"g":156,"b":21},"_width":2}],"_prefab":{"__type__":"cc.PrefabInfo","root":{"__id__":1},"asset":{"__uuid__":"caoYhZecFJq685xcIdiJtz"},"fileId":"d2ig0MkHpEo5uGqeGtUpxb"},"_contentSize":{"__type__":"cc.Size","width":148,"height":54.4},"_anchorPoint":{"__type__":"cc.Vec2","x":0.5,"y":1},"_trs":{"__type__":"TypedArray","ctor":"Float64Array","array":[0,0,0,0,0,0,1,-1,1,1]}},{"__type__":"cc.Node","_name":"off","_parent":{"__id__":12},"_children":[{"__id__":16}],"_components":[{"__type__":"cc.Sprite","node":{"__id__":15},"_materials":[{"__uuid__":"ecpdLyjvZBwrvm+cedCcQy"}],"_spriteFrame":{"__uuid__":"11qr1zr+VMaKzSpg29xtX+"},"_type":1}],"_prefab":{"__type__":"cc.PrefabInfo","root":{"__id__":1},"asset":{"__uuid__":"caoYhZecFJq685xcIdiJtz"},"fileId":"d1nnlyY2FI/LXa55y8v5jN"},"_contentSize":{"__type__":"cc.Size","width":319,"height":56},"_anchorPoint":{"__type__":"cc.Vec2","x":0.5,"y":1},"_trs":{"__type__":"TypedArray","ctor":"Float64Array","array":[0,0,0,0,0,0,1,-1,1,1]}},{"__type__":"cc.Node","_name":"lb","_parent":{"__id__":15},"_components":[{"__type__":"cc.Label","node":{"__id__":16},"_materials":[{"__uuid__":"ecpdLyjvZBwrvm+cedCcQy"}],"_useOriginalSize":false,"_string":"成员列表","_N$string":"成员列表","_fontSize":32,"_N$file":{"__uuid__":"5f5wQekV1CGpJW2meZozWn"},"_isSystemFontUsed":false,"_N$horizontalAlign":1,"_N$verticalAlign":1}],"_prefab":{"__type__":"cc.PrefabInfo","root":{"__id__":1},"asset":{"__uuid__":"caoYhZecFJq685xcIdiJtz"},"fileId":"81Hf+T91VBaaFpsgVuwAXx"},"_color":{"__type__":"cc.Color","r":142,"g":128,"b":89},"_contentSize":{"__type__":"cc.Size","width":128,"height":50.4},"_anchorPoint":{"__type__":"cc.Vec2","x":0.5,"y":1},"_trs":{"__type__":"TypedArray","ctor":"Float64Array","array":[0,0,0,0,0,0,1,-1,1,1]}},{"__type__":"cc.Node","_name":"btn_join_list","_parent":{"__id__":11},"_children":[{"__id__":18},{"__id__":20}],"_components":[{"__type__":"cc.Button","node":{"__id__":17},"clickEvents":[{"__type__":"cc.ClickEvent","target":{"__id__":1},"_componentId":"7d978OQGI9P5LlcrkeRzqFS","handler":"OnClick_BtnWnd"}],"_N$normalColor":{"__type__":"cc.Color","r":214,"g":214,"b":214},"_N$target":{"__id__":17}}],"_prefab":{"__type__":"cc.PrefabInfo","root":{"__id__":1},"asset":{"__uuid__":"caoYhZecFJq685xcIdiJtz"},"fileId":"d2RK67kFlOGpPCFforU8aE"},"_contentSize":{"__type__":"cc.Size","width":319,"height":58},"_anchorPoint":{"__type__":"cc.Vec2","x":0.5,"y":1},"_trs":{"__type__":"TypedArray","ctor":"Float64Array","array":[0,0,0,0,0,0,1,1,1,1]}},{"__type__":"cc.Node","_name":"on","_parent":{"__id__":17},"_children":[{"__id__":19}],"_components":[{"__type__":"cc.Sprite","node":{"__id__":18},"_materials":[{"__uuid__":"ecpdLyjvZBwrvm+cedCcQy"}],"_spriteFrame":{"__uuid__":"d3qeCqSrBFnKr/9QZB42E6"},"_type":1}],"_prefab":{"__type__":"cc.PrefabInfo","root":{"__id__":1},"asset":{"__uuid__":"caoYhZecFJq685xcIdiJtz"},"fileId":"69tsmLODdAXbwJkc+jpyyl"},"_contentSize":{"__type__":"cc.Size","width":319,"height":58},"_anchorPoint":{"__type__":"cc.Vec2","x":0.5,"y":1},"_trs":{"__type__":"TypedArray","ctor":"Float64Array","array":[0,0,0,0,0,0,1,1,1,1]}},{"__type__":"cc.Node","_name":"lb","_parent":{"__id__":18},"_components":[{"__type__":"cc.Label","node":{"__id__":19},"_materials":[{"__uuid__":"ecpdLyjvZBwrvm+cedCcQy"}],"_useOriginalSize":false,"_string":"加入审核","_N$string":"加入审核","_fontSize":36,"_N$file":{"__uuid__":"5f5wQekV1CGpJW2meZozWn"},"_isSystemFontUsed":false,"_N$horizontalAlign":1,"_N$verticalAlign":1},{"__type__":"cc.LabelOutline","node":{"__id__":19},"_color":{"__type__":"cc.Color","r":218,"g":156,"b":21},"_width":2}],"_prefab":{"__type__":"cc.PrefabInfo","root":{"__id__":1},"asset":{"__uuid__":"caoYhZecFJq685xcIdiJtz"},"fileId":"369/XLRPND+Z2F5GUvbvN5"},"_contentSize":{"__type__":"cc.Size","width":148,"height":54.4},"_anchorPoint":{"__type__":"cc.Vec2","x":0.5,"y":1},"_trs":{"__type__":"TypedArray","ctor":"Float64Array","array":[0,0,0,0,0,0,1,1,1,1]}},{"__type__":"cc.Node","_name":"off","_parent":{"__id__":17},"_children":[{"__id__":21}],"_components":[{"__type__":"cc.Sprite","node":{"__id__":20},"_materials":[{"__uuid__":"ecpdLyjvZBwrvm+cedCcQy"}],"_spriteFrame":{"__uuid__":"11qr1zr+VMaKzSpg29xtX+"},"_type":1}],"_prefab":{"__type__":"cc.PrefabInfo","root":{"__id__":1},"asset":{"__uuid__":"caoYhZecFJq685xcIdiJtz"},"fileId":"aepIAc3xlIW7VxTNJXqAzK"},"_contentSize":{"__type__":"cc.Size","width":319,"height":56},"_anchorPoint":{"__type__":"cc.Vec2","x":0.5,"y":1},"_trs":{"__type__":"TypedArray","ctor":"Float64Array","array":[0,0,0,0,0,0,1,1,1,1]}},{"__type__":"cc.Node","_name":"lb","_parent":{"__id__":20},"_components":[{"__type__":"cc.Label","node":{"__id__":21},"_materials":[{"__uuid__":"ecpdLyjvZBwrvm+cedCcQy"}],"_useOriginalSize":false,"_string":"加入审核","_N$string":"加入审核","_fontSize":32,"_N$file":{"__uuid__":"5f5wQekV1CGpJW2meZozWn"},"_isSystemFontUsed":false,"_N$horizontalAlign":1,"_N$verticalAlign":1}],"_prefab":{"__type__":"cc.PrefabInfo","root":{"__id__":1},"asset":{"__uuid__":"caoYhZecFJq685xcIdiJtz"},"fileId":"feR9n4HRZCmrhSGZYLspsU"},"_color":{"__type__":"cc.Color","r":142,"g":128,"b":89},"_contentSize":{"__type__":"cc.Size","width":128,"height":50.4},"_anchorPoint":{"__type__":"cc.Vec2","x":0.5,"y":1},"_trs":{"__type__":"TypedArray","ctor":"Float64Array","array":[0,0,0,0,0,0,1,1,1,1]}},{"__type__":"cc.Node","_name":"btn_out_list","_parent":{"__id__":11},"_children":[{"__id__":23},{"__id__":25}],"_components":[{"__type__":"cc.Button","node":{"__id__":22},"clickEvents":[{"__type__":"cc.ClickEvent","target":{"__id__":1},"_componentId":"7d978OQGI9P5LlcrkeRzqFS","handler":"OnClick_BtnWnd"}],"_N$normalColor":{"__type__":"cc.Color","r":214,"g":214,"b":214},"_N$target":{"__id__":22}}],"_prefab":{"__type__":"cc.PrefabInfo","root":{"__id__":1},"asset":{"__uuid__":"caoYhZecFJq685xcIdiJtz"},"fileId":"7dzHAuU7pAjItYQ+5vGM+6"},"_contentSize":{"__type__":"cc.Size","width":319,"height":58},"_anchorPoint":{"__type__":"cc.Vec2","x":0.5,"y":1},"_trs":{"__type__":"TypedArray","ctor":"Float64Array","array":[321,0,0,0,0,0,1,1,1,1]}},{"__type__":"cc.Node","_name":"on","_parent":{"__id__":22},"_children":[{"__id__":24}],"_components":[{"__type__":"cc.Sprite","node":{"__id__":23},"_materials":[{"__uuid__":"ecpdLyjvZBwrvm+cedCcQy"}],"_spriteFrame":{"__uuid__":"932xmrpPtIPbuzc9H0GBZ3"},"_type":1}],"_prefab":{"__type__":"cc.PrefabInfo","root":{"__id__":1},"asset":{"__uuid__":"caoYhZecFJq685xcIdiJtz"},"fileId":"59LgiLrJVD2rSUntyrf/bL"},"_contentSize":{"__type__":"cc.Size","width":319,"height":58},"_anchorPoint":{"__type__":"cc.Vec2","x":0.5,"y":1},"_trs":{"__type__":"TypedArray","ctor":"Float64Array","array":[0,0,0,0,0,0,1,1,1,1]}},{"__type__":"cc.Node","_name":"lb","_parent":{"__id__":23},"_components":[{"__type__":"cc.Label","node":{"__id__":24},"_materials":[{"__uuid__":"ecpdLyjvZBwrvm+cedCcQy"}],"_useOriginalSize":false,"_string":"退出审核","_N$string":"退出审核","_fontSize":36,"_N$file":{"__uuid__":"5f5wQekV1CGpJW2meZozWn"},"_isSystemFontUsed":false,"_N$horizontalAlign":1,"_N$verticalAlign":1},{"__type__":"cc.LabelOutline","node":{"__id__":24},"_color":{"__type__":"cc.Color","r":218,"g":156,"b":21},"_width":2}],"_prefab":{"__type__":"cc.PrefabInfo","root":{"__id__":1},"asset":{"__uuid__":"caoYhZecFJq685xcIdiJtz"},"fileId":"88B+rpAHpGS5MIk2qqO+r2"},"_contentSize":{"__type__":"cc.Size","width":148,"height":54.4},"_anchorPoint":{"__type__":"cc.Vec2","x":0.5,"y":1},"_trs":{"__type__":"TypedArray","ctor":"Float64Array","array":[0,0,0,0,0,0,1,1,1,1]}},{"__type__":"cc.Node","_name":"off","_parent":{"__id__":22},"_children":[{"__id__":26}],"_components":[{"__type__":"cc.Sprite","node":{"__id__":25},"_materials":[{"__uuid__":"ecpdLyjvZBwrvm+cedCcQy"}],"_spriteFrame":{"__uuid__":"11qr1zr+VMaKzSpg29xtX+"},"_type":1}],"_prefab":{"__type__":"cc.PrefabInfo","root":{"__id__":1},"asset":{"__uuid__":"caoYhZecFJq685xcIdiJtz"},"fileId":"beumQ2or9ORafeCNVuN/jE"},"_contentSize":{"__type__":"cc.Size","width":319,"height":56},"_anchorPoint":{"__type__":"cc.Vec2","x":0.5,"y":1},"_trs":{"__type__":"TypedArray","ctor":"Float64Array","array":[0,0,0,0,0,0,1,1,1,1]}},{"__type__":"cc.Node","_name":"lb","_parent":{"__id__":25},"_components":[{"__type__":"cc.Label","node":{"__id__":26},"_materials":[{"__uuid__":"ecpdLyjvZBwrvm+cedCcQy"}],"_useOriginalSize":false,"_string":"退出审核","_N$string":"退出审核","_fontSize":32,"_N$file":{"__uuid__":"5f5wQekV1CGpJW2meZozWn"},"_isSystemFontUsed":false,"_N$horizontalAlign":1,"_N$verticalAlign":1}],"_prefab":{"__type__":"cc.PrefabInfo","root":{"__id__":1},"asset":{"__uuid__":"caoYhZecFJq685xcIdiJtz"},"fileId":"03bDCJVQREp7u5cKaw5p+p"},"_color":{"__type__":"cc.Color","r":142,"g":128,"b":89},"_contentSize":{"__type__":"cc.Size","width":128,"height":50.4},"_anchorPoint":{"__type__":"cc.Vec2","x":0.5,"y":1},"_trs":{"__type__":"TypedArray","ctor":"Float64Array","array":[0,0,0,0,0,0,1,1,1,1]}},{"__type__":"cc.Node","_name":"mark","_parent":{"__id__":1},"_children":[{"__id__":28},{"__id__":34},{"__id__":74},{"__id__":33}],"_components":[{"__type__":"cc.Mask","node":{"__id__":27},"_materials":[{"__uuid__":"ecpdLyjvZBwrvm+cedCcQy"}],"_N$alphaThreshold":1},{"__id__":32}],"_prefab":{"__type__":"cc.PrefabInfo","root":{"__id__":1},"asset":{"__uuid__":"caoYhZecFJq685xcIdiJtz"},"fileId":"9c607yDb9JKMKTjCmEDYzBt"},"_contentSize":{"__type__":"cc.Size","width":1050,"height":350},"_anchorPoint":{"__type__":"cc.Vec2","x":0.5,"y":1},"_trs":{"__type__":"TypedArray","ctor":"Float64Array","array":[0,151.232,0,0,0,0,1,1,1,1]}},{"__type__":"cc.Node","_name":"scrollBar","_parent":{"__id__":27},"_children":[{"__id__":29}],"_components":[{"__id__":31},{"__type__":"cc.Widget","node":{"__id__":28},"alignMode":0,"_alignFlags":37,"_left":350.07654921020657,"_originalHeight":237},{"__type__":"cc.Sprite","node":{"__id__":28},"_materials":[{"__uuid__":"ecpdLyjvZBwrvm+cedCcQy"}],"_spriteFrame":{"__uuid__":"5f5dyqtRNNxaFmVzYns6FZ"},"_type":1,"_sizeMode":0}],"_prefab":{"__type__":"cc.PrefabInfo","root":{"__id__":1},"asset":{"__uuid__":"caoYhZecFJq685xcIdiJtz"},"fileId":"e9p9NylfhF+bW2uLOtOotv"},"_contentSize":{"__type__":"cc.Size","width":12,"height":350},"_anchorPoint":{"__type__":"cc.Vec2","x":1,"y":0.5},"_trs":{"__type__":"TypedArray","ctor":"Float64Array","array":[525,-175,0,0,0,0,1,1,1,1]}},{"__type__":"cc.Node","_name":"bar","_parent":{"__id__":28},"_components":[{"__id__":30}],"_prefab":{"__type__":"cc.PrefabInfo","root":{"__id__":1},"asset":{"__uuid__":"caoYhZecFJq685xcIdiJtz"},"fileId":"38G4ZBRqxI4I9QHJqfeyon"},"_contentSize":{"__type__":"cc.Size","width":10,"height":30},"_anchorPoint":{"__type__":"cc.Vec2","x":1},"_trs":{"__type__":"TypedArray","ctor":"Float64Array","array":[-1,0,0,0,0,0,1,1,1,1]}},{"__type__":"cc.Sprite","node":{"__id__":29},"_materials":[{"__uuid__":"ecpdLyjvZBwrvm+cedCcQy"}],"_spriteFrame":{"__uuid__":"5cO7kybDxGj4ipyMYdRYZB"},"_type":1,"_sizeMode":0},{"__type__":"cc.Scrollbar","node":{"__id__":28},"_scrollView":{"__id__":32},"enableAutoHide":false,"_N$handle":{"__id__":30},"_N$direction":1},{"__type__":"cc.ScrollView","node":{"__id__":27},"horizontal":false,"brake":0.9,"_N$content":{"__id__":33},"content":{"__id__":33},"_N$verticalScrollBar":{"__id__":31}},{"__type__":"cc.Node","_name":"layout","_parent":{"__id__":27},"_components":[{"__type__":"cc.Layout","node":{"__id__":33},"_layoutSize":{"__type__":"cc.Size","width":1050},"_resize":1,"_N$layoutType":2,"_N$spacingY":5}],"_prefab":{"__type__":"cc.PrefabInfo","root":{"__id__":1},"asset":{"__uuid__":"caoYhZecFJq685xcIdiJtz"},"fileId":"f8e6bL2EXRAg6paszkz6t8J"},"_contentSize":{"__type__":"cc.Size","width":1050},"_anchorPoint":{"__type__":"cc.Vec2","x":0.5,"y":1},"_trs":{"__type__":"TypedArray","ctor":"Float64Array","array":[0,0,0,0,0,0,1,1,1,1]}},{"__type__":"cc.Node","_name":"user_demo","_parent":{"__id__":27},"_children":[{"__id__":35},{"__id__":64},{"__id__":65},{"__id__":66},{"__id__":67},{"__id__":68},{"__id__":69},{"__id__":70},{"__id__":71},{"__id__":72},{"__id__":73}],"_active":false,"_components":[{"__type__":"cc.Sprite","node":{"__id__":34},"_materials":[{"__uuid__":"ecpdLyjvZBwrvm+cedCcQy"}],"_spriteFrame":{"__uuid__":"868MUC+T9JIKzfugjS3Hwm"},"_type":1,"_sizeMode":0}],"_prefab":{"__type__":"cc.PrefabInfo","root":{"__id__":1},"asset":{"__uuid__":"caoYhZecFJq685xcIdiJtz"},"fileId":"9b56btlepNODpi1QfK+asiQ"},"_contentSize":{"__type__":"cc.Size","width":1000,"height":100},"_anchorPoint":{"__type__":"cc.Vec2","x":0.5,"y":1},"_trs":{"__type__":"TypedArray","ctor":"Float64Array","array":[0,-11,0,0,0,0,1,1,1,1]}},{"__type__":"cc.Node","_name":"controlNode","_parent":{"__id__":34},"_children":[{"__id__":36},{"__id__":38},{"__id__":40},{"__id__":42},{"__id__":44},{"__id__":46},{"__id__":48},{"__id__":50},{"__id__":52},{"__id__":54},{"__id__":56},{"__id__":58},{"__id__":60},{"__id__":62}],"_active":false,"_components":[{"__type__":"cc.Sprite","node":{"__id__":35},"_type":1,"_sizeMode":0},{"__type__":"cc.Layout","node":{"__id__":35},"_layoutSize":{"__type__":"cc.Size","width":1000,"height":226},"_N$layoutType":3,"_N$paddingLeft":5,"_N$paddingTop":5,"_N$spacingX":15,"_N$spacingY":20}],"_prefab":{"__type__":"cc.PrefabInfo","root":{"__id__":1},"asset":{"__uuid__":"caoYhZecFJq685xcIdiJtz"},"fileId":"85j/dw0FlNvYJV3EQRdEHz"},"_contentSize":{"__type__":"cc.Size","width":1000,"height":226},"_anchorPoint":{"__type__":"cc.Vec2","x":0.5,"y":1},"_trs":{"__type__":"TypedArray","ctor":"Float64Array","array":[0,-128.847,0,0,0,0,1,1,1,1]}},{"__type__":"cc.Node","_name":"btn_tichu","_parent":{"__id__":35},"_children":[{"__id__":37}],"_components":[{"__type__":"cc.Sprite","node":{"__id__":36},"_materials":[{"__uuid__":"ecpdLyjvZBwrvm+cedCcQy"}],"_spriteFrame":{"__uuid__":"4dfZzLdPxMHIH8HzdecOfs"}},{"__type__":"cc.Button","node":{"__id__":36},"clickEvents":[{"__type__":"cc.ClickEvent","target":{"__id__":1},"_componentId":"7d978OQGI9P5LlcrkeRzqFS","handler":"OnClick_BtnWnd"}],"_N$transition":3,"transition":3,"_N$normalColor":{"__type__":"cc.Color","r":214,"g":214,"b":214},"_N$target":{"__id__":36}}],"_prefab":{"__type__":"cc.PrefabInfo","root":{"__id__":1},"asset":{"__uuid__":"caoYhZecFJq685xcIdiJtz"},"fileId":"459drkZIVGhqS8S/pS1/wy"},"_contentSize":{"__type__":"cc.Size","width":128,"height":49},"_trs":{"__type__":"TypedArray","ctor":"Float64Array","array":[-431,-29.5,0,0,0,0,1,1,1,1]}},{"__type__":"cc.Node","_name":"label","_parent":{"__id__":36},"_components":[{"__type__":"cc.Label","node":{"__id__":37},"_materials":[{"__uuid__":"ecpdLyjvZBwrvm+cedCcQy"}],"_useOriginalSize":false,"_string":"踢 出","_N$string":"踢 出","_fontSize":30,"_lineHeight":32,"_N$file":{"__uuid__":"5f5wQekV1CGpJW2meZozWn"},"_isSystemFontUsed":false,"_N$horizontalAlign":1,"_N$verticalAlign":1},{"__type__":"cc.LabelOutline","node":{"__id__":37},"_color":{"__type__":"cc.Color","r":26,"g":142,"b":64},"_width":2}],"_prefab":{"__type__":"cc.PrefabInfo","root":{"__id__":1},"asset":{"__uuid__":"caoYhZecFJq685xcIdiJtz"},"fileId":"6eXmT2xZNCSprULipTD7jW"},"_contentSize":{"__type__":"cc.Size","width":71.97,"height":44.32},"_trs":{"__type__":"TypedArray","ctor":"Float64Array","array":[0,0,0,0,0,0,1,1,1,1]}},{"__type__":"cc.Node","_name":"btn_qxgl","_parent":{"__id__":35},"_children":[{"__id__":39}],"_components":[{"__type__":"cc.Sprite","node":{"__id__":38},"_materials":[{"__uuid__":"ecpdLyjvZBwrvm+cedCcQy"}],"_spriteFrame":{"__uuid__":"d0IaV4a8dCU7lXnJhC6AS2"}},{"__type__":"cc.Button","node":{"__id__":38},"clickEvents":[{"__type__":"cc.ClickEvent","target":{"__id__":1},"_componentId":"7d978OQGI9P5LlcrkeRzqFS","handler":"OnClick_BtnWnd"}],"_N$transition":3,"transition":3,"_N$normalColor":{"__type__":"cc.Color","r":214,"g":214,"b":214}}],"_prefab":{"__type__":"cc.PrefabInfo","root":{"__id__":1},"asset":{"__uuid__":"caoYhZecFJq685xcIdiJtz"},"fileId":"e6uGadYylNgqjQymvwaQ8h"},"_contentSize":{"__type__":"cc.Size","width":128,"height":49},"_trs":{"__type__":"TypedArray","ctor":"Float64Array","array":[-288,-29.5,0,0,0,0,1,1,1,1]}},{"__type__":"cc.Node","_name":"label","_parent":{"__id__":38},"_components":[{"__type__":"cc.Label","node":{"__id__":39},"_materials":[{"__uuid__":"ecpdLyjvZBwrvm+cedCcQy"}],"_useOriginalSize":false,"_string":"取消管理","_N$string":"取消管理","_fontSize":30,"_lineHeight":32,"_N$file":{"__uuid__":"5f5wQekV1CGpJW2meZozWn"},"_isSystemFontUsed":false,"_N$horizontalAlign":1,"_N$verticalAlign":1},{"__type__":"cc.LabelOutline","node":{"__id__":39},"_color":{"__type__":"cc.Color","r":151,"g":56,"b":4},"_width":2}],"_prefab":{"__type__":"cc.PrefabInfo","root":{"__id__":1},"asset":{"__uuid__":"caoYhZecFJq685xcIdiJtz"},"fileId":"ff3uDog4FPK5fVvRAH/PeE"},"_contentSize":{"__type__":"cc.Size","width":124,"height":44.32},"_trs":{"__type__":"TypedArray","ctor":"Float64Array","array":[0,0,0,0,0,0,1,1,1,1]}},{"__type__":"cc.Node","_name":"btn_swgl","_parent":{"__id__":35},"_children":[{"__id__":41}],"_components":[{"__type__":"cc.Sprite","node":{"__id__":40},"_materials":[{"__uuid__":"ecpdLyjvZBwrvm+cedCcQy"}],"_spriteFrame":{"__uuid__":"d0IaV4a8dCU7lXnJhC6AS2"}},{"__type__":"cc.Button","node":{"__id__":40},"clickEvents":[{"__type__":"cc.ClickEvent","target":{"__id__":1},"_componentId":"7d978OQGI9P5LlcrkeRzqFS","handler":"OnClick_BtnWnd"}],"_N$transition":3,"transition":3,"_N$normalColor":{"__type__":"cc.Color","r":214,"g":214,"b":214}}],"_prefab":{"__type__":"cc.PrefabInfo","root":{"__id__":1},"asset":{"__uuid__":"caoYhZecFJq685xcIdiJtz"},"fileId":"c1vYweOzhDjLRoMIRF9aJm"},"_contentSize":{"__type__":"cc.Size","width":128,"height":49},"_trs":{"__type__":"TypedArray","ctor":"Float64Array","array":[-145,-29.5,0,0,0,0,1,1,1,1]}},{"__type__":"cc.Node","_name":"label","_parent":{"__id__":40},"_components":[{"__type__":"cc.Label","node":{"__id__":41},"_materials":[{"__uuid__":"ecpdLyjvZBwrvm+cedCcQy"}],"_useOriginalSize":false,"_string":"设为管理","_N$string":"设为管理","_fontSize":30,"_lineHeight":32,"_N$file":{"__uuid__":"5f5wQekV1CGpJW2meZozWn"},"_isSystemFontUsed":false,"_N$horizontalAlign":1,"_N$verticalAlign":1},{"__type__":"cc.LabelOutline","node":{"__id__":41},"_color":{"__type__":"cc.Color","r":151,"g":56,"b":4},"_width":2}],"_prefab":{"__type__":"cc.PrefabInfo","root":{"__id__":1},"asset":{"__uuid__":"caoYhZecFJq685xcIdiJtz"},"fileId":"33mPRzJBxFOrZa1YvYZFsH"},"_contentSize":{"__type__":"cc.Size","width":124,"height":44.32},"_trs":{"__type__":"TypedArray","ctor":"Float64Array","array":[0,0,0,0,0,0,1,1,1,1]}},{"__type__":"cc.Node","_name":"btn_swssgl","_parent":{"__id__":35},"_children":[{"__id__":43}],"_components":[{"__type__":"cc.Sprite","node":{"__id__":42},"_materials":[{"__uuid__":"ecpdLyjvZBwrvm+cedCcQy"}],"_spriteFrame":{"__uuid__":"d0IaV4a8dCU7lXnJhC6AS2"}},{"__type__":"cc.Button","node":{"__id__":42},"clickEvents":[{"__type__":"cc.ClickEvent","target":{"__id__":1},"_componentId":"7d978OQGI9P5LlcrkeRzqFS","handler":"OnClick_BtnWnd"}],"_N$transition":3,"transition":3,"_N$normalColor":{"__type__":"cc.Color","r":214,"g":214,"b":214}}],"_prefab":{"__type__":"cc.PrefabInfo","root":{"__id__":1},"asset":{"__uuid__":"caoYhZecFJq685xcIdiJtz"},"fileId":"57/Uq9YrNPMah133CESJPG"},"_contentSize":{"__type__":"cc.Size","width":128,"height":49},"_trs":{"__type__":"TypedArray","ctor":"Float64Array","array":[-2,-29.5,0,0,0,0,1,1,1,1]}},{"__type__":"cc.Node","_name":"label","_parent":{"__id__":42},"_components":[{"__type__":"cc.Label","node":{"__id__":43},"_materials":[{"__uuid__":"ecpdLyjvZBwrvm+cedCcQy"}],"_useOriginalSize":false,"_string":"设为赛事管理","_N$string":"设为赛事管理","_fontSize":20,"_lineHeight":32,"_N$file":{"__uuid__":"5f5wQekV1CGpJW2meZozWn"},"_isSystemFontUsed":false,"_N$horizontalAlign":1,"_N$verticalAlign":1},{"__type__":"cc.LabelOutline","node":{"__id__":43},"_color":{"__type__":"cc.Color","r":151,"g":56,"b":4},"_width":2}],"_prefab":{"__type__":"cc.PrefabInfo","root":{"__id__":1},"asset":{"__uuid__":"caoYhZecFJq685xcIdiJtz"},"fileId":"0e56HRJLZPDb7zzUrWcR+l"},"_contentSize":{"__type__":"cc.Size","width":124,"height":44.32},"_trs":{"__type__":"TypedArray","ctor":"Float64Array","array":[0,0.754,0,0,0,0,1,1,1,1]}},{"__type__":"cc.Node","_name":"btn_csxg","_parent":{"__id__":35},"_children":[{"__id__":45}],"_components":[{"__type__":"cc.Sprite","node":{"__id__":44},"_materials":[{"__uuid__":"ecpdLyjvZBwrvm+cedCcQy"}],"_spriteFrame":{"__uuid__":"4dfZzLdPxMHIH8HzdecOfs"}},{"__type__":"cc.Button","node":{"__id__":44},"clickEvents":[{"__type__":"cc.ClickEvent","target":{"__id__":1},"_componentId":"7d978OQGI9P5LlcrkeRzqFS","handler":"OnClick_BtnWnd"}],"_N$transition":3,"transition":3,"_N$normalColor":{"__type__":"cc.Color","r":214,"g":214,"b":214},"_N$target":{"__id__":44}}],"_prefab":{"__type__":"cc.PrefabInfo","root":{"__id__":1},"asset":{"__uuid__":"caoYhZecFJq685xcIdiJtz"},"fileId":"f2oaILSoZIrJ7hQMv3HPhL"},"_contentSize":{"__type__":"cc.Size","width":128,"height":49},"_trs":{"__type__":"TypedArray","ctor":"Float64Array","array":[141,-29.5,0,0,0,0,1,1,1,1]}},{"__type__":"cc.Node","_name":"label","_parent":{"__id__":44},"_components":[{"__type__":"cc.Label","node":{"__id__":45},"_materials":[{"__uuid__":"ecpdLyjvZBwrvm+cedCcQy"}],"_useOriginalSize":false,"_string":"从属修改","_N$string":"从属修改","_fontSize":30,"_lineHeight":32,"_N$file":{"__uuid__":"5f5wQekV1CGpJW2meZozWn"},"_isSystemFontUsed":false,"_N$horizontalAlign":1,"_N$verticalAlign":1},{"__type__":"cc.LabelOutline","node":{"__id__":45},"_color":{"__type__":"cc.Color","r":26,"g":142,"b":64},"_width":2}],"_prefab":{"__type__":"cc.PrefabInfo","root":{"__id__":1},"asset":{"__uuid__":"caoYhZecFJq685xcIdiJtz"},"fileId":"3f/ySsR6BAK6U2FCWxKPwa"},"_contentSize":{"__type__":"cc.Size","width":124,"height":44.32},"_trs":{"__type__":"TypedArray","ctor":"Float64Array","array":[0,0,0,0,0,0,1,1,1,1]}},{"__type__":"cc.Node","_name":"btn_setPL","_parent":{"__id__":35},"_children":[{"__id__":47}],"_components":[{"__type__":"cc.Sprite","node":{"__id__":46},"_materials":[{"__uuid__":"ecpdLyjvZBwrvm+cedCcQy"}],"_spriteFrame":{"__uuid__":"4dfZzLdPxMHIH8HzdecOfs"}},{"__type__":"cc.Button","node":{"__id__":46},"clickEvents":[{"__type__":"cc.ClickEvent","target":{"__id__":1},"_componentId":"7d978OQGI9P5LlcrkeRzqFS","handler":"OnClick_BtnWnd"}],"_N$transition":3,"transition":3,"_N$normalColor":{"__type__":"cc.Color","r":214,"g":214,"b":214},"_N$target":{"__id__":46}}],"_prefab":{"__type__":"cc.PrefabInfo","root":{"__id__":1},"asset":{"__uuid__":"caoYhZecFJq685xcIdiJtz"},"fileId":"7eBCPeVcxHwZV8PvzCRqqj"},"_contentSize":{"__type__":"cc.Size","width":128,"height":49},"_trs":{"__type__":"TypedArray","ctor":"Float64Array","array":[284,-29.5,0,0,0,0,1,1,1,1]}},{"__type__":"cc.Node","_name":"label","_parent":{"__id__":46},"_components":[{"__type__":"cc.Label","node":{"__id__":47},"_materials":[{"__uuid__":"ecpdLyjvZBwrvm+cedCcQy"}],"_useOriginalSize":false,"_string":"授权比赛分","_N$string":"授权比赛分","_fontSize":24,"_lineHeight":32,"_N$file":{"__uuid__":"5f5wQekV1CGpJW2meZozWn"},"_isSystemFontUsed":false,"_N$horizontalAlign":1,"_N$verticalAlign":1},{"__type__":"cc.LabelOutline","node":{"__id__":47},"_color":{"__type__":"cc.Color","r":26,"g":142,"b":64},"_width":2}],"_prefab":{"__type__":"cc.PrefabInfo","root":{"__id__":1},"asset":{"__uuid__":"caoYhZecFJq685xcIdiJtz"},"fileId":"31wMCrDo5NsbWFzQNMuKhU"},"_contentSize":{"__type__":"cc.Size","width":124,"height":44.32},"_trs":{"__type__":"TypedArray","ctor":"Float64Array","array":[0,0,0,0,0,0,1,1,1,1]}},{"__type__":"cc.Node","_name":"btn_jzyx","_parent":{"__id__":35},"_children":[{"__id__":49}],"_components":[{"__type__":"cc.Sprite","node":{"__id__":48},"_materials":[{"__uuid__":"ecpdLyjvZBwrvm+cedCcQy"}],"_spriteFrame":{"__uuid__":"d0IaV4a8dCU7lXnJhC6AS2"}},{"__type__":"cc.Button","node":{"__id__":48},"clickEvents":[{"__type__":"cc.ClickEvent","target":{"__id__":1},"_componentId":"7d978OQGI9P5LlcrkeRzqFS","handler":"OnClick_BtnWnd"}],"_N$transition":3,"transition":3,"_N$normalColor":{"__type__":"cc.Color","r":214,"g":214,"b":214}}],"_prefab":{"__type__":"cc.PrefabInfo","root":{"__id__":1},"asset":{"__uuid__":"caoYhZecFJq685xcIdiJtz"},"fileId":"3bf27lA9dMN7CN4v9neLpb"},"_contentSize":{"__type__":"cc.Size","width":128,"height":49},"_trs":{"__type__":"TypedArray","ctor":"Float64Array","array":[427,-29.5,0,0,0,0,1,1,1,1]}},{"__type__":"cc.Node","_name":"label","_parent":{"__id__":48},"_components":[{"__type__":"cc.Label","node":{"__id__":49},"_materials":[{"__uuid__":"ecpdLyjvZBwrvm+cedCcQy"}],"_useOriginalSize":false,"_string":"禁止游戏","_N$string":"禁止游戏","_fontSize":30,"_lineHeight":32,"_N$file":{"__uuid__":"5f5wQekV1CGpJW2meZozWn"},"_isSystemFontUsed":false,"_N$horizontalAlign":1,"_N$verticalAlign":1},{"__type__":"cc.LabelOutline","node":{"__id__":49},"_color":{"__type__":"cc.Color","r":151,"g":56,"b":4},"_width":2}],"_prefab":{"__type__":"cc.PrefabInfo","root":{"__id__":1},"asset":{"__uuid__":"caoYhZecFJq685xcIdiJtz"},"fileId":"1foIHPs2RDU7BbiI7vlMpu"},"_contentSize":{"__type__":"cc.Size","width":124,"height":44.32},"_trs":{"__type__":"TypedArray","ctor":"Float64Array","array":[0,0,0,0,0,0,1,1,1,1]}},{"__type__":"cc.Node","_name":"btn_jjdz","_parent":{"__id__":35},"_children":[{"__id__":51}],"_components":[{"__type__":"cc.Sprite","node":{"__id__":50},"_materials":[{"__uuid__":"ecpdLyjvZBwrvm+cedCcQy"}],"_spriteFrame":{"__uuid__":"4dfZzLdPxMHIH8HzdecOfs"}},{"__type__":"cc.Button","node":{"__id__":50},"clickEvents":[{"__type__":"cc.ClickEvent","target":{"__id__":1},"_componentId":"7d978OQGI9P5LlcrkeRzqFS","handler":"OnClick_BtnWnd"}],"_N$transition":3,"transition":3,"_N$normalColor":{"__type__":"cc.Color","r":214,"g":214,"b":214},"_N$target":{"__id__":50}}],"_prefab":{"__type__":"cc.PrefabInfo","root":{"__id__":1},"asset":{"__uuid__":"caoYhZecFJq685xcIdiJtz"},"fileId":"03Iv+r0MtKO6EpyuxFaoNn"},"_contentSize":{"__type__":"cc.Size","width":128,"height":49},"_trs":{"__type__":"TypedArray","ctor":"Float64Array","array":[-431,-98.5,0,0,0,0,1,1,1,1]}},{"__type__":"cc.Node","_name":"label","_parent":{"__id__":50},"_components":[{"__type__":"cc.Label","node":{"__id__":51},"_materials":[{"__uuid__":"ecpdLyjvZBwrvm+cedCcQy"}],"_useOriginalSize":false,"_string":"竞技动态","_N$string":"竞技动态","_fontSize":30,"_lineHeight":32,"_N$file":{"__uuid__":"5f5wQekV1CGpJW2meZozWn"},"_isSystemFontUsed":false,"_N$horizontalAlign":1,"_N$verticalAlign":1},{"__type__":"cc.LabelOutline","node":{"__id__":51},"_color":{"__type__":"cc.Color","r":26,"g":142,"b":64},"_width":2}],"_prefab":{"__type__":"cc.PrefabInfo","root":{"__id__":1},"asset":{"__uuid__":"caoYhZecFJq685xcIdiJtz"},"fileId":"d6YGYzmL1Mf5XKlVVpCyJe"},"_contentSize":{"__type__":"cc.Size","width":124,"height":44.32},"_trs":{"__type__":"TypedArray","ctor":"Float64Array","array":[0,0,0,0,0,0,1,1,1,1]}},{"__type__":"cc.Node","_name":"btn_spWarningPersonal","_parent":{"__id__":35},"_children":[{"__id__":53}],"_components":[{"__type__":"cc.Sprite","node":{"__id__":52},"_materials":[{"__uuid__":"ecpdLyjvZBwrvm+cedCcQy"}],"_spriteFrame":{"__uuid__":"4dfZzLdPxMHIH8HzdecOfs"},"_sizeMode":0},{"__type__":"cc.Button","node":{"__id__":52},"clickEvents":[{"__type__":"cc.ClickEvent","target":{"__id__":1},"_componentId":"7d978OQGI9P5LlcrkeRzqFS","handler":"OnClick_BtnWnd"}],"_N$transition":3,"transition":3,"_N$normalColor":{"__type__":"cc.Color","r":214,"g":214,"b":214},"_N$target":{"__id__":52}}],"_prefab":{"__type__":"cc.PrefabInfo","root":{"__id__":1},"asset":{"__uuid__":"caoYhZecFJq685xcIdiJtz"},"fileId":"89ZPEa1QhFqZNRg8lB+M3I"},"_contentSize":{"__type__":"cc.Size","width":168,"height":49},"_trs":{"__type__":"TypedArray","ctor":"Float64Array","array":[-268,-98.5,0,0,0,0,1,1,1,1]}},{"__type__":"cc.Node","_name":"label","_parent":{"__id__":52},"_components":[{"__type__":"cc.Label","node":{"__id__":53},"_materials":[{"__uuid__":"ecpdLyjvZBwrvm+cedCcQy"}],"_useOriginalSize":false,"_string":"个人预警值","_N$string":"个人预警值","_fontSize":30,"_lineHeight":32,"_N$file":{"__uuid__":"5f5wQekV1CGpJW2meZozWn"},"_isSystemFontUsed":false,"_N$horizontalAlign":1,"_N$verticalAlign":1},{"__type__":"cc.LabelOutline","node":{"__id__":53},"_color":{"__type__":"cc.Color","r":26,"g":142,"b":64},"_width":2}],"_prefab":{"__type__":"cc.PrefabInfo","root":{"__id__":1},"asset":{"__uuid__":"caoYhZecFJq685xcIdiJtz"},"fileId":"47H+krw9dH9btdvrr8WC4R"},"_contentSize":{"__type__":"cc.Size","width":154,"height":44.32},"_trs":{"__type__":"TypedArray","ctor":"Float64Array","array":[0,0,0,0,0,0,1,1,1,1]}},{"__type__":"cc.Node","_name":"btn_swtgygl","_parent":{"__id__":35},"_children":[{"__id__":55}],"_active":false,"_components":[{"__type__":"cc.Sprite","node":{"__id__":54},"_materials":[{"__uuid__":"ecpdLyjvZBwrvm+cedCcQy"}],"_spriteFrame":{"__uuid__":"d0IaV4a8dCU7lXnJhC6AS2"},"_type":1,"_sizeMode":0},{"__type__":"cc.Button","node":{"__id__":54},"clickEvents":[{"__type__":"cc.ClickEvent","target":{"__id__":1},"_componentId":"7d978OQGI9P5LlcrkeRzqFS","handler":"OnClick_BtnWnd"}],"_N$transition":3,"transition":3,"_N$normalColor":{"__type__":"cc.Color","r":214,"g":214,"b":214}}],"_prefab":{"__type__":"cc.PrefabInfo","root":{"__id__":1},"asset":{"__uuid__":"caoYhZecFJq685xcIdiJtz"},"fileId":"76+ReSWopNn7RDuIa6k/bO"},"_contentSize":{"__type__":"cc.Size","width":240,"height":49},"_trs":{"__type__":"TypedArray","ctor":"Float64Array","array":[-49,-98.5,0,0,0,0,1,1,1,1]}},{"__type__":"cc.Node","_name":"label","_parent":{"__id__":54},"_components":[{"__type__":"cc.Label","node":{"__id__":55},"_materials":[{"__uuid__":"ecpdLyjvZBwrvm+cedCcQy"}],"_useOriginalSize":false,"_string":"设为推广员管理","_N$string":"设为推广员管理","_fontSize":30,"_lineHeight":32,"_N$file":{"__uuid__":"5f5wQekV1CGpJW2meZozWn"},"_isSystemFontUsed":false,"_N$horizontalAlign":1,"_N$verticalAlign":1},{"__type__":"cc.LabelOutline","node":{"__id__":55},"_color":{"__type__":"cc.Color","r":151,"g":56,"b":4},"_width":2}],"_prefab":{"__type__":"cc.PrefabInfo","root":{"__id__":1},"asset":{"__uuid__":"caoYhZecFJq685xcIdiJtz"},"fileId":"33cwFBZalJ/oqPfDYIme7C"},"_contentSize":{"__type__":"cc.Size","width":214,"height":44.32},"_trs":{"__type__":"TypedArray","ctor":"Float64Array","array":[0,0.754,0,0,0,0,1,1,1,1]}},{"__type__":"cc.Node","_name":"btn_qxtgygl","_parent":{"__id__":35},"_children":[{"__id__":57}],"_active":false,"_components":[{"__type__":"cc.Sprite","node":{"__id__":56},"_materials":[{"__uuid__":"ecpdLyjvZBwrvm+cedCcQy"}],"_spriteFrame":{"__uuid__":"d0IaV4a8dCU7lXnJhC6AS2"},"_type":1,"_sizeMode":0},{"__type__":"cc.Button","node":{"__id__":56},"clickEvents":[{"__type__":"cc.ClickEvent","target":{"__id__":1},"_componentId":"7d978OQGI9P5LlcrkeRzqFS","handler":"OnClick_BtnWnd"}],"_N$transition":3,"transition":3,"_N$normalColor":{"__type__":"cc.Color","r":214,"g":214,"b":214}}],"_prefab":{"__type__":"cc.PrefabInfo","root":{"__id__":1},"asset":{"__uuid__":"caoYhZecFJq685xcIdiJtz"},"fileId":"25XLeYxy9PjKOLHhM8fAu7"},"_contentSize":{"__type__":"cc.Size","width":240,"height":49},"_trs":{"__type__":"TypedArray","ctor":"Float64Array","array":[-232,-98.5,0,0,0,0,1,1,1,1]}},{"__type__":"cc.Node","_name":"label","_parent":{"__id__":56},"_components":[{"__type__":"cc.Label","node":{"__id__":57},"_materials":[{"__uuid__":"ecpdLyjvZBwrvm+cedCcQy"}],"_useOriginalSize":false,"_string":"取消推广员管理","_N$string":"取消推广员管理","_fontSize":30,"_lineHeight":32,"_N$file":{"__uuid__":"5f5wQekV1CGpJW2meZozWn"},"_isSystemFontUsed":false,"_N$horizontalAlign":1,"_N$verticalAlign":1},{"__type__":"cc.LabelOutline","node":{"__id__":57},"_color":{"__type__":"cc.Color","r":151,"g":56,"b":4},"_width":2}],"_prefab":{"__type__":"cc.PrefabInfo","root":{"__id__":1},"asset":{"__uuid__":"caoYhZecFJq685xcIdiJtz"},"fileId":"3dqUTBaRlMF5EEObV1++13"},"_contentSize":{"__type__":"cc.Size","width":214,"height":44.32},"_trs":{"__type__":"TypedArray","ctor":"Float64Array","array":[0,0.754,0,0,0,0,1,1,1,1]}},{"__type__":"cc.Node","_name":"btn_qxjz","_parent":{"__id__":35},"_children":[{"__id__":59}],"_active":false,"_components":[{"__type__":"cc.Sprite","node":{"__id__":58},"_materials":[{"__uuid__":"ecpdLyjvZBwrvm+cedCcQy"}],"_spriteFrame":{"__uuid__":"d0IaV4a8dCU7lXnJhC6AS2"}},{"__type__":"cc.Button","node":{"__id__":58},"clickEvents":[{"__type__":"cc.ClickEvent","target":{"__id__":1},"_componentId":"7d978OQGI9P5LlcrkeRzqFS","handler":"OnClick_BtnWnd"}],"_N$transition":3,"transition":3,"_N$normalColor":{"__type__":"cc.Color","r":214,"g":214,"b":214}}],"_prefab":{"__type__":"cc.PrefabInfo","root":{"__id__":1},"asset":{"__uuid__":"caoYhZecFJq685xcIdiJtz"},"fileId":"239AH4untKMo3tmScxw0Jg"},"_contentSize":{"__type__":"cc.Size","width":128,"height":49},"_trs":{"__type__":"TypedArray","ctor":"Float64Array","array":[-288,-98.5,0,0,0,0,1,1,1,1]}},{"__type__":"cc.Node","_name":"label","_parent":{"__id__":58},"_components":[{"__type__":"cc.Label","node":{"__id__":59},"_materials":[{"__uuid__":"ecpdLyjvZBwrvm+cedCcQy"}],"_useOriginalSize":false,"_string":"取消禁止","_N$string":"取消禁止","_fontSize":30,"_lineHeight":32,"_N$file":{"__uuid__":"5f5wQekV1CGpJW2meZozWn"},"_isSystemFontUsed":false,"_N$horizontalAlign":1,"_N$verticalAlign":1},{"__type__":"cc.LabelOutline","node":{"__id__":59},"_color":{"__type__":"cc.Color","r":151,"g":56,"b":4},"_width":2}],"_prefab":{"__type__":"cc.PrefabInfo","root":{"__id__":1},"asset":{"__uuid__":"caoYhZecFJq685xcIdiJtz"},"fileId":"2dPeUWBMdF4K3RspcRlf3s"},"_contentSize":{"__type__":"cc.Size","width":124,"height":44.32},"_trs":{"__type__":"TypedArray","ctor":"Float64Array","array":[0,0,0,0,0,0,1,1,1,1]}},{"__type__":"cc.Node","_name":"btn_refuse","_parent":{"__id__":35},"_children":[{"__id__":61}],"_active":false,"_components":[{"__type__":"cc.Sprite","node":{"__id__":60},"_materials":[{"__uuid__":"ecpdLyjvZBwrvm+cedCcQy"}],"_spriteFrame":{"__uuid__":"4dfZzLdPxMHIH8HzdecOfs"}},{"__type__":"cc.Button","node":{"__id__":60},"clickEvents":[{"__type__":"cc.ClickEvent","target":{"__id__":1},"_componentId":"7d978OQGI9P5LlcrkeRzqFS","handler":"OnClick_BtnWnd"}],"_N$transition":3,"transition":3,"_N$normalColor":{"__type__":"cc.Color","r":214,"g":214,"b":214}}],"_prefab":{"__type__":"cc.PrefabInfo","root":{"__id__":1},"asset":{"__uuid__":"caoYhZecFJq685xcIdiJtz"},"fileId":"12fkf7v9VKvZaVDMqUEF2t"},"_contentSize":{"__type__":"cc.Size","width":128,"height":49},"_trs":{"__type__":"TypedArray","ctor":"Float64Array","array":[-288,-98.5,0,0,0,0,1,1,1,1]}},{"__type__":"cc.Node","_name":"label","_parent":{"__id__":60},"_components":[{"__type__":"cc.Label","node":{"__id__":61},"_materials":[{"__uuid__":"ecpdLyjvZBwrvm+cedCcQy"}],"_useOriginalSize":false,"_string":"拒 绝","_N$string":"拒 绝","_fontSize":30,"_lineHeight":32,"_N$file":{"__uuid__":"5f5wQekV1CGpJW2meZozWn"},"_isSystemFontUsed":false,"_N$horizontalAlign":1,"_N$verticalAlign":1},{"__type__":"cc.LabelOutline","node":{"__id__":61},"_color":{"__type__":"cc.Color","r":26,"g":142,"b":64},"_width":2}],"_prefab":{"__type__":"cc.PrefabInfo","root":{"__id__":1},"asset":{"__uuid__":"caoYhZecFJq685xcIdiJtz"},"fileId":"185Bx+AlRBW4uB+q6dtWe0"},"_contentSize":{"__type__":"cc.Size","width":71.97,"height":44.32},"_trs":{"__type__":"TypedArray","ctor":"Float64Array","array":[0,0,0,0,0,0,1,1,1,1]}},{"__type__":"cc.Node","_name":"btn_agree","_parent":{"__id__":35},"_children":[{"__id__":63}],"_active":false,"_components":[{"__type__":"cc.Sprite","node":{"__id__":62},"_materials":[{"__uuid__":"ecpdLyjvZBwrvm+cedCcQy"}],"_spriteFrame":{"__uuid__":"d0IaV4a8dCU7lXnJhC6AS2"}},{"__type__":"cc.Button","node":{"__id__":62},"clickEvents":[{"__type__":"cc.ClickEvent","target":{"__id__":1},"_componentId":"7d978OQGI9P5LlcrkeRzqFS","handler":"OnClick_BtnWnd"}],"_N$transition":3,"transition":3,"_N$normalColor":{"__type__":"cc.Color","r":214,"g":214,"b":214}}],"_prefab":{"__type__":"cc.PrefabInfo","root":{"__id__":1},"asset":{"__uuid__":"caoYhZecFJq685xcIdiJtz"},"fileId":"10nDLZ72JEdbsGWnmHvsrr"},"_contentSize":{"__type__":"cc.Size","width":128,"height":49},"_trs":{"__type__":"TypedArray","ctor":"Float64Array","array":[-288,-98.5,0,0,0,0,1,1,1,1]}},{"__type__":"cc.Node","_name":"label","_parent":{"__id__":62},"_components":[{"__type__":"cc.Label","node":{"__id__":63},"_materials":[{"__uuid__":"ecpdLyjvZBwrvm+cedCcQy"}],"_useOriginalSize":false,"_string":"同 意","_N$string":"同 意","_fontSize":30,"_lineHeight":32,"_N$file":{"__uuid__":"5f5wQekV1CGpJW2meZozWn"},"_isSystemFontUsed":false,"_N$horizontalAlign":1,"_N$verticalAlign":1},{"__type__":"cc.LabelOutline","node":{"__id__":63},"_color":{"__type__":"cc.Color","r":151,"g":56,"b":4},"_width":2}],"_prefab":{"__type__":"cc.PrefabInfo","root":{"__id__":1},"asset":{"__uuid__":"caoYhZecFJq685xcIdiJtz"},"fileId":"12dgotgIBKeI6JEXUXT6jH"},"_contentSize":{"__type__":"cc.Size","width":71.97,"height":44.32},"_trs":{"__type__":"TypedArray","ctor":"Float64Array","array":[0,0,0,0,0,0,1,1,1,1]}},{"__type__":"cc.Node","_name":"id","_parent":{"__id__":34},"_components":[{"__type__":"cc.Label","node":{"__id__":64},"_materials":[{"__uuid__":"ecpdLyjvZBwrvm+cedCcQy"}],"_useOriginalSize":false,"_string":"71048888","_N$string":"71048888","_fontSize":28,"_lineHeight":28,"_N$file":{"__uuid__":"5f5wQekV1CGpJW2meZozWn"},"_isSystemFontUsed":false,"_N$horizontalAlign":1,"_N$verticalAlign":1}],"_prefab":{"__type__":"cc.PrefabInfo","root":{"__id__":1},"asset":{"__uuid__":"caoYhZecFJq685xcIdiJtz"},"fileId":"f181ezfFcNBfboBS2xZDTtq"},"_color":{"__type__":"cc.Color","r":49,"g":71,"b":231},"_contentSize":{"__type__":"cc.Size","width":121.08,"height":35.28},"_trs":{"__type__":"TypedArray","ctor":"Float64Array","array":[-288.708,-69,0,0,0,0,1,1,1,1]}},{"__type__":"cc.Node","_name":"promoterName","_parent":{"__id__":34},"_components":[{"__type__":"cc.Label","node":{"__id__":65},"_materials":[{"__uuid__":"ecpdLyjvZBwrvm+cedCcQy"}],"_useOriginalSize":false,"_string":"玩家姓名七个字","_N$string":"玩家姓名七个字","_fontSize":28,"_lineHeight":28,"_N$file":{"__uuid__":"5f5wQekV1CGpJW2meZozWn"},"_isSystemFontUsed":false,"_N$horizontalAlign":1,"_N$verticalAlign":1}],"_prefab":{"__type__":"cc.PrefabInfo","root":{"__id__":1},"asset":{"__uuid__":"caoYhZecFJq685xcIdiJtz"},"fileId":"0fnY8elO1LvLAl1GINzBmN"},"_color":{"__type__":"cc.Color","r":49,"g":71,"b":231},"_contentSize":{"__type__":"cc.Size","width":196,"height":35.28},"_trs":{"__type__":"TypedArray","ctor":"Float64Array","array":[-76.658,-26.282,0,0,0,0,1,1,1,1]}},{"__type__":"cc.Node","_name":"zhiwu","_parent":{"__id__":34},"_components":[{"__type__":"cc.Label","node":{"__id__":66},"_materials":[{"__uuid__":"ecpdLyjvZBwrvm+cedCcQy"}],"_useOriginalSize":false,"_string":"待审核","_N$string":"待审核","_fontSize":28,"_lineHeight":28,"_N$file":{"__uuid__":"5f5wQekV1CGpJW2meZozWn"},"_isSystemFontUsed":false,"_N$horizontalAlign":1,"_N$verticalAlign":1}],"_prefab":{"__type__":"cc.PrefabInfo","root":{"__id__":1},"asset":{"__uuid__":"caoYhZecFJq685xcIdiJtz"},"fileId":"204683BFThAOZWcx28VURaa"},"_color":{"__type__":"cc.Color","r":138,"g":55},"_contentSize":{"__type__":"cc.Size","width":84,"height":35.28},"_trs":{"__type__":"TypedArray","ctor":"Float64Array","array":[85.319,-51,0,0,0,0,1,1,1,1]}},{"__type__":"cc.Node","_name":"quanka","_parent":{"__id__":34},"_active":false,"_components":[{"__type__":"cc.Label","node":{"__id__":67},"_materials":[{"__uuid__":"ecpdLyjvZBwrvm+cedCcQy"}],"_useOriginalSize":false,"_string":"100","_N$string":"100","_fontSize":28,"_lineHeight":28,"_N$file":{"__uuid__":"5f5wQekV1CGpJW2meZozWn"},"_isSystemFontUsed":false,"_N$horizontalAlign":1,"_N$verticalAlign":1}],"_prefab":{"__type__":"cc.PrefabInfo","root":{"__id__":1},"asset":{"__uuid__":"caoYhZecFJq685xcIdiJtz"},"fileId":"1dddeGib+dOO4Bx/2NLRhwS"},"_color":{"__type__":"cc.Color","r":138,"g":55},"_contentSize":{"__type__":"cc.Size","width":42.22,"height":35.28},"_trs":{"__type__":"TypedArray","ctor":"Float64Array","array":[215,-51,0,0,0,0,1,1,1,1]}},{"__type__":"cc.Node","_name":"pl","_parent":{"__id__":34},"_components":[{"__type__":"cc.Label","node":{"__id__":68},"_materials":[{"__uuid__":"ecpdLyjvZBwrvm+cedCcQy"}],"_useOriginalSize":false,"_string":"100","_N$string":"100","_fontSize":28,"_lineHeight":28,"_N$file":{"__uuid__":"5f5wQekV1CGpJW2meZozWn"},"_isSystemFontUsed":false,"_N$horizontalAlign":1,"_N$verticalAlign":1}],"_prefab":{"__type__":"cc.PrefabInfo","root":{"__id__":1},"asset":{"__uuid__":"caoYhZecFJq685xcIdiJtz"},"fileId":"fbfNZeutNMQIjqBiFRRKu2"},"_color":{"__type__":"cc.Color","r":138,"g":55},"_contentSize":{"__type__":"cc.Size","width":42.22,"height":35.28},"_trs":{"__type__":"TypedArray","ctor":"Float64Array","array":[245.797,-51,0,0,0,0,1,1,1,1]}},{"__type__":"cc.Node","_name":"btn_ShowBtn","_parent":{"__id__":34},"_components":[{"__type__":"cc.Button","node":{"__id__":69},"clickEvents":[{"__type__":"cc.ClickEvent","target":{"__id__":1},"_componentId":"7d978OQGI9P5LlcrkeRzqFS","handler":"OnClick_BtnWnd"}],"_N$normalColor":{"__type__":"cc.Color","r":230,"g":230,"b":230},"_N$pressedColor":{"__type__":"cc.Color","r":200,"g":200,"b":200},"pressedColor":{"__type__":"cc.Color","r":200,"g":200,"b":200},"_N$disabledColor":{"__type__":"cc.Color","r":120,"g":120,"b":120,"a":200},"_N$normalSprite":{"__uuid__":"f0BIwQ8D5Ml7nTNQbh1YlS"},"_N$pressedSprite":{"__uuid__":"e97GVMl6JHh5Ml5qEDdSGa"},"pressedSprite":{"__uuid__":"e97GVMl6JHh5Ml5qEDdSGa"},"_N$hoverSprite":{"__uuid__":"f0BIwQ8D5Ml7nTNQbh1YlS"},"hoverSprite":{"__uuid__":"f0BIwQ8D5Ml7nTNQbh1YlS"},"_N$disabledSprite":{"__uuid__":"29FYIk+N1GYaeWH/q1NxQO"},"_N$target":{"__id__":69}}],"_prefab":{"__type__":"cc.PrefabInfo","root":{"__id__":1},"asset":{"__uuid__":"caoYhZecFJq685xcIdiJtz"},"fileId":"11HGR+RPpIqYWy1Uz3V1HC"},"_contentSize":{"__type__":"cc.Size","width":1000,"height":100},"_trs":{"__type__":"TypedArray","ctor":"Float64Array","array":[0,-51,0,0,0,0,1,1,1,1]}},{"__type__":"cc.Node","_name":"promoterId","_parent":{"__id__":34},"_components":[{"__type__":"cc.Label","node":{"__id__":70},"_materials":[{"__uuid__":"ecpdLyjvZBwrvm+cedCcQy"}],"_useOriginalSize":false,"_string":"71048888","_N$string":"71048888","_fontSize":28,"_N$file":{"__uuid__":"5f5wQekV1CGpJW2meZozWn"},"_isSystemFontUsed":false,"_N$horizontalAlign":1,"_N$verticalAlign":2,"_N$overflow":2},{"__type__":"cc.Button","node":{"__id__":70},"clickEvents":[{"__type__":"cc.ClickEvent","target":{"__id__":1},"_componentId":"7d978OQGI9P5LlcrkeRzqFS","handler":"OnClick_BtnWnd"}]}],"_prefab":{"__type__":"cc.PrefabInfo","root":{"__id__":1},"asset":{"__uuid__":"caoYhZecFJq685xcIdiJtz"},"fileId":"57VlCAQvRGIZ7ri/OtIRcX"},"_color":{"__type__":"cc.Color","r":49,"g":71,"b":231},"_contentSize":{"__type__":"cc.Size","width":200,"height":80},"_trs":{"__type__":"TypedArray","ctor":"Float64Array","array":[-76.658,-46.602,0,0,0,0,1,1,1,1]}},{"__type__":"cc.Node","_name":"head","_parent":{"__id__":34},"_components":[{"__type__":"cc.Sprite","node":{"__id__":71},"_materials":[{"__uuid__":"ecpdLyjvZBwrvm+cedCcQy"}],"_spriteFrame":{"__uuid__":"e6JNuRrHVFM4KYnmai3HR+"},"_sizeMode":0},{"__type__":"f42b8ZzNWFKKI/QT/n8cR1+","node":{"__id__":71}},{"__type__":"cc.Button","node":{"__id__":71},"clickEvents":[{"__type__":"cc.ClickEvent","target":{"__id__":1},"_componentId":"7d978OQGI9P5LlcrkeRzqFS","handler":"OnClick_BtnWnd"}]}],"_prefab":{"__type__":"cc.PrefabInfo","root":{"__id__":1},"asset":{"__uuid__":"caoYhZecFJq685xcIdiJtz"},"fileId":"76580CoF0hABbGF6gSa7xnF"},"_contentSize":{"__type__":"cc.Size","width":80,"height":80},"_trs":{"__type__":"TypedArray","ctor":"Float64Array","array":[-447,-51,0,0,0,0,1,1,1,1]}},{"__type__":"cc.Node","_name":"name","_parent":{"__id__":34},"_components":[{"__type__":"cc.Label","node":{"__id__":72},"_materials":[{"__uuid__":"ecpdLyjvZBwrvm+cedCcQy"}],"_useOriginalSize":false,"_string":"玩家姓名七个字","_N$string":"玩家姓名七个字","_fontSize":28,"_lineHeight":60,"_N$file":{"__uuid__":"5f5wQekV1CGpJW2meZozWn"},"_isSystemFontUsed":false,"_N$horizontalAlign":1,"_N$overflow":2},{"__type__":"cc.Button","node":{"__id__":72},"clickEvents":[{"__type__":"cc.ClickEvent","target":{"__id__":1},"_componentId":"7d978OQGI9P5LlcrkeRzqFS","handler":"OnClick_BtnWnd"}]}],"_prefab":{"__type__":"cc.PrefabInfo","root":{"__id__":1},"asset":{"__uuid__":"caoYhZecFJq685xcIdiJtz"},"fileId":"f91a0pvYBFNkoZEhOz+IwAJ"},"_color":{"__type__":"cc.Color","r":49,"g":71,"b":231},"_contentSize":{"__type__":"cc.Size","width":196,"height":75.6},"_trs":{"__type__":"TypedArray","ctor":"Float64Array","array":[-288.708,-51.16,0,0,0,0,1,1,1,1]}},{"__type__":"cc.Node","_name":"btn_control","_parent":{"__id__":34},"_components":[{"__type__":"cc.Sprite","node":{"__id__":73},"_materials":[{"__uuid__":"ecpdLyjvZBwrvm+cedCcQy"}],"_spriteFrame":{"__uuid__":"f7lErKhQhF5KVuGiOtwRZC"}},{"__type__":"cc.Button","node":{"__id__":73},"clickEvents":[{"__type__":"cc.ClickEvent","target":{"__id__":1},"_componentId":"7d978OQGI9P5LlcrkeRzqFS","handler":"OnClick_BtnWnd"}],"_N$normalColor":{"__type__":"cc.Color","r":230,"g":230,"b":230},"_N$pressedColor":{"__type__":"cc.Color","r":200,"g":200,"b":200},"pressedColor":{"__type__":"cc.Color","r":200,"g":200,"b":200},"_N$disabledColor":{"__type__":"cc.Color","r":120,"g":120,"b":120,"a":200},"_N$normalSprite":{"__uuid__":"f0BIwQ8D5Ml7nTNQbh1YlS"},"_N$pressedSprite":{"__uuid__":"e97GVMl6JHh5Ml5qEDdSGa"},"pressedSprite":{"__uuid__":"e97GVMl6JHh5Ml5qEDdSGa"},"_N$hoverSprite":{"__uuid__":"f0BIwQ8D5Ml7nTNQbh1YlS"},"hoverSprite":{"__uuid__":"f0BIwQ8D5Ml7nTNQbh1YlS"},"_N$disabledSprite":{"__uuid__":"29FYIk+N1GYaeWH/q1NxQO"},"_N$target":{"__id__":73}}],"_prefab":{"__type__":"cc.PrefabInfo","root":{"__id__":1},"asset":{"__uuid__":"caoYhZecFJq685xcIdiJtz"},"fileId":"938CNGeZNG5KVwEsWyoiRC"},"_contentSize":{"__type__":"cc.Size","width":49,"height":35},"_trs":{"__type__":"TypedArray","ctor":"Float64Array","array":[406.252,-51,0,0,0,0,1,1,1,1]}},{"__type__":"cc.Node","_name":"nullNode","_parent":{"__id__":27},"_active":false,"_prefab":{"__type__":"cc.PrefabInfo","root":{"__id__":1},"asset":{"__uuid__":"caoYhZecFJq685xcIdiJtz"},"fileId":"32VIgPiOhDm5M4cMaRwl0l"},"_contentSize":{"__type__":"cc.Size","width":1000,"height":170},"_trs":{"__type__":"TypedArray","ctor":"Float64Array","array":[0,0,0,0,0,0,1,1,1,1]}},{"__type__":"cc.Node","_name":"bottom","_parent":{"__id__":1},"_children":[{"__id__":76},{"__id__":86},{"__id__":87},{"__id__":89},{"__id__":91},{"__id__":93},{"__id__":94},{"__id__":95},{"__id__":100},{"__id__":105},{"__id__":110},{"__id__":115}],"_prefab":{"__type__":"cc.PrefabInfo","root":{"__id__":1},"asset":{"__uuid__":"caoYhZecFJq685xcIdiJtz"},"fileId":"f256fY8idVHzIGEMA+rYZJ1"},"_trs":{"__type__":"TypedArray","ctor":"Float64Array","array":[0,-270.801,0,0,0,0,1,1,1,1]}},{"__type__":"cc.Node","_name":"input","_parent":{"__id__":75},"_children":[{"__id__":77},{"__id__":78}],"_components":[{"__type__":"cc.Sprite","node":{"__id__":76},"_materials":[{"__uuid__":"ecpdLyjvZBwrvm+cedCcQy"}],"_spriteFrame":{"__uuid__":"da7Ry9l65Lo61QtvbsocAs"},"_sizeMode":0}],"_prefab":{"__type__":"cc.PrefabInfo","root":{"__id__":1},"asset":{"__uuid__":"caoYhZecFJq685xcIdiJtz"},"fileId":"76980irQMhCKZ/tYVqIby2R"},"_contentSize":{"__type__":"cc.Size","width":300,"height":54},"_trs":{"__type__":"TypedArray","ctor":"Float64Array","array":[212.964,28.149,0,0,0,0,1,1,1,1]}},{"__type__":"cc.Node","_name":"tip","_parent":{"__id__":76},"_components":[{"__type__":"cc.Sprite","node":{"__id__":77},"_materials":[{"__uuid__":"ecpdLyjvZBwrvm+cedCcQy"}],"_spriteFrame":{"__uuid__":"05XrSjN95G+YhAsEWCAcpG"}}],"_prefab":{"__type__":"cc.PrefabInfo","root":{"__id__":1},"asset":{"__uuid__":"caoYhZecFJq685xcIdiJtz"},"fileId":"955d83v9wNOD4kgU5TcayMq"},"_contentSize":{"__type__":"cc.Size","width":36,"height":36},"_trs":{"__type__":"TypedArray","ctor":"Float64Array","array":[-121.724,0,0,0,0,0,1,1,1,1]}},{"__type__":"cc.Node","_name":"EditBox","_parent":{"__id__":76},"_children":[{"__id__":79},{"__id__":81},{"__id__":83}],"_components":[{"__id__":85}],"_prefab":{"__type__":"cc.PrefabInfo","root":{"__id__":1},"asset":{"__uuid__":"caoYhZecFJq685xcIdiJtz"},"fileId":"4abb9EKvVtLfLzm+4HpDMeO"},"_contentSize":{"__type__":"cc.Size","width":250,"height":55},"_anchorPoint":{"__type__":"cc.Vec2","y":0.5},"_trs":{"__type__":"TypedArray","ctor":"Float64Array","array":[-99.679,0,0,0,0,0,1,1,1,1]}},{"__type__":"cc.Node","_name":"BACKGROUND_SPRITE","_parent":{"__id__":78},"_components":[{"__id__":80}],"_prefab":{"__type__":"cc.PrefabInfo","root":{"__id__":1},"asset":{"__uuid__":"caoYhZecFJq685xcIdiJtz"},"fileId":"6c6EFxC81JJocga1DIi+fn"},"_contentSize":{"__type__":"cc.Size","width":250,"height":50},"_anchorPoint":{"__type__":"cc.Vec2","y":0.5},"_trs":{"__type__":"TypedArray","ctor":"Float64Array","array":[0,0,0,0,0,0,1,1,1,1]}},{"__type__":"cc.Sprite","node":{"__id__":79},"_type":1},{"__type__":"cc.Node","_name":"TEXT_LABEL","_parent":{"__id__":78},"_active":false,"_components":[{"__id__":82}],"_prefab":{"__type__":"cc.PrefabInfo","root":{"__id__":1},"asset":{"__uuid__":"caoYhZecFJq685xcIdiJtz"},"fileId":"31/7gUAMpJFqoSY9ao213b"},"_color":{"__type__":"cc.Color","r":159,"g":130,"b":111},"_contentSize":{"__type__":"cc.Size","width":250,"height":27},"_anchorPoint":{"__type__":"cc.Vec2","y":1},"_trs":{"__type__":"TypedArray","ctor":"Float64Array","array":[2,13.5,0,0,0,0,1,1,1,1]}},{"__type__":"cc.Label","node":{"__id__":81},"_fontSize":27,"_lineHeight":27,"_enableWrapText":false,"_N$file":{"__uuid__":"5f5wQekV1CGpJW2meZozWn"},"_isSystemFontUsed":false,"_N$verticalAlign":1,"_N$overflow":1},{"__type__":"cc.Node","_name":"PLACEHOLDER_LABEL","_parent":{"__id__":78},"_components":[{"__id__":84}],"_prefab":{"__type__":"cc.PrefabInfo","root":{"__id__":1},"asset":{"__uuid__":"caoYhZecFJq685xcIdiJtz"},"fileId":"75WyH5gF5HVaU/Kv3PCMq+"},"_color":{"__type__":"cc.Color","r":159,"g":130,"b":111},"_contentSize":{"__type__":"cc.Size","width":250,"height":50},"_anchorPoint":{"__type__":"cc.Vec2","y":1},"_trs":{"__type__":"TypedArray","ctor":"Float64Array","array":[2,24.583,0,0,0,0,1,1,1,1]}},{"__type__":"cc.Label","node":{"__id__":83},"_materials":[{"__uuid__":"ecpdLyjvZBwrvm+cedCcQy"}],"_string":"请输入ID/昵称/备注","_N$string":"请输入ID/昵称/备注","_fontSize":27,"_lineHeight":27,"_enableWrapText":false,"_N$file":{"__uuid__":"5f5wQekV1CGpJW2meZozWn"},"_isSystemFontUsed":false,"_N$verticalAlign":1,"_N$overflow":1},{"__type__":"cc.EditBox","node":{"__id__":78},"_useOriginalSize":false,"_N$textLabel":{"__id__":82},"_N$placeholderLabel":{"__id__":84},"_N$background":{"__id__":80},"_N$inputMode":6},{"__type__":"cc.Node","_name":"btn_search","_parent":{"__id__":75},"_components":[{"__type__":"cc.Sprite","node":{"__id__":86},"_materials":[{"__uuid__":"ecpdLyjvZBwrvm+cedCcQy"}],"_spriteFrame":{"__uuid__":"4fwp7c/UZONbc+zzlQmAZ8"}},{"__type__":"cc.Button","node":{"__id__":86},"clickEvents":[{"__type__":"cc.ClickEvent","target":{"__id__":1},"_componentId":"7d978OQGI9P5LlcrkeRzqFS","handler":"OnClick_BtnWnd"}],"_N$transition":3,"transition":3,"_N$normalColor":{"__type__":"cc.Color","r":214,"g":214,"b":214},"_N$target":{"__id__":86}}],"_prefab":{"__type__":"cc.PrefabInfo","root":{"__id__":1},"asset":{"__uuid__":"caoYhZecFJq685xcIdiJtz"},"fileId":"56ea0z9Id9DFpwsRrRvb4CV"},"_contentSize":{"__type__":"cc.Size","width":132,"height":54},"_trs":{"__type__":"TypedArray","ctor":"Float64Array","array":[449.422,28.149,0,0,0,0,1,1,1,1]}},{"__type__":"cc.Node","_name":"btn_next","_parent":{"__id__":75},"_children":[{"__id__":88}],"_components":[{"__type__":"cc.Button","node":{"__id__":87},"clickEvents":[{"__type__":"cc.ClickEvent","target":{"__id__":1},"_componentId":"7d978OQGI9P5LlcrkeRzqFS","handler":"OnClick_BtnWnd"}],"_N$transition":3,"transition":3,"_N$normalColor":{"__type__":"cc.Color","r":214,"g":214,"b":214},"_N$target":{"__id__":87}}],"_prefab":{"__type__":"cc.PrefabInfo","root":{"__id__":1},"asset":{"__uuid__":"caoYhZecFJq685xcIdiJtz"},"fileId":"5686aqQH69Mi40HYjooWFKc"},"_contentSize":{"__type__":"cc.Size","width":60,"height":60},"_trs":{"__type__":"TypedArray","ctor":"Float64Array","array":[19.184,30,0,0,0,0,1,-1,-1,1]}},{"__type__":"cc.Node","_name":"New Sprite","_parent":{"__id__":87},"_components":[{"__type__":"cc.Sprite","node":{"__id__":88},"_materials":[{"__uuid__":"ecpdLyjvZBwrvm+cedCcQy"}],"_spriteFrame":{"__uuid__":"05UnV1p3xA17mLF3BUeiWa"}}],"_prefab":{"__type__":"cc.PrefabInfo","root":{"__id__":1},"asset":{"__uuid__":"caoYhZecFJq685xcIdiJtz"},"fileId":"faoURiA1VBfbnqN/LuyRuT"},"_contentSize":{"__type__":"cc.Size","width":31,"height":43},"_trs":{"__type__":"TypedArray","ctor":"Float64Array","array":[0,0,0,0,0,0,1,1,1,1]}},{"__type__":"cc.Node","_name":"btn_last","_parent":{"__id__":75},"_children":[{"__id__":90}],"_components":[{"__type__":"cc.Button","node":{"__id__":89},"clickEvents":[{"__type__":"cc.ClickEvent","target":{"__id__":1},"_componentId":"7d978OQGI9P5LlcrkeRzqFS","handler":"OnClick_BtnWnd"}],"_N$transition":3,"transition":3,"_N$normalColor":{"__type__":"cc.Color","r":214,"g":214,"b":214},"_N$target":{"__id__":89}}],"_prefab":{"__type__":"cc.PrefabInfo","root":{"__id__":1},"asset":{"__uuid__":"caoYhZecFJq685xcIdiJtz"},"fileId":"5553eScD81Ak5ps2g81N/ka"},"_contentSize":{"__type__":"cc.Size","width":60,"height":60},"_trs":{"__type__":"TypedArray","ctor":"Float64Array","array":[-111.267,30,0,0,0,0,1,1,1,1]}},{"__type__":"cc.Node","_name":"New Sprite","_parent":{"__id__":89},"_components":[{"__type__":"cc.Sprite","node":{"__id__":90},"_materials":[{"__uuid__":"ecpdLyjvZBwrvm+cedCcQy"}],"_spriteFrame":{"__uuid__":"05UnV1p3xA17mLF3BUeiWa"}}],"_prefab":{"__type__":"cc.PrefabInfo","root":{"__id__":1},"asset":{"__uuid__":"caoYhZecFJq685xcIdiJtz"},"fileId":"03Q6LwUmFMroVE1gk2Dmbt"},"_contentSize":{"__type__":"cc.Size","width":31,"height":43},"_trs":{"__type__":"TypedArray","ctor":"Float64Array","array":[0,0,0,0,0,0,1,1,1,1]}},{"__type__":"cc.Node","_name":"page","_parent":{"__id__":75},"_children":[{"__id__":92}],"_components":[{"__type__":"cc.Sprite","node":{"__id__":91},"_materials":[{"__uuid__":"ecpdLyjvZBwrvm+cedCcQy"}],"_spriteFrame":{"__uuid__":"9bgQgHfRRA5qVVxfjJCpxI"},"_type":1,"_sizeMode":0}],"_prefab":{"__type__":"cc.PrefabInfo","root":{"__id__":1},"asset":{"__uuid__":"caoYhZecFJq685xcIdiJtz"},"fileId":"d5I6/7KvNKdJlNcivRqhl7"},"_contentSize":{"__type__":"cc.Size","width":70,"height":48},"_trs":{"__type__":"TypedArray","ctor":"Float64Array","array":[-45.926,24.863,0,0,0,0,1,1,1,1]}},{"__type__":"cc.Node","_name":"lb_page","_parent":{"__id__":91},"_components":[{"__type__":"cc.Label","node":{"__id__":92},"_materials":[{"__uuid__":"ecpdLyjvZBwrvm+cedCcQy"}],"_useOriginalSize":false,"_string":"1","_N$string":"1","_fontSize":30,"_lineHeight":30,"_N$file":{"__uuid__":"5f5wQekV1CGpJW2meZozWn"},"_isSystemFontUsed":false,"_N$horizontalAlign":1,"_N$verticalAlign":1}],"_prefab":{"__type__":"cc.PrefabInfo","root":{"__id__":1},"asset":{"__uuid__":"caoYhZecFJq685xcIdiJtz"},"fileId":"abQkGNaE1JGLBJE3DV/Ob/"},"_color":{"__type__":"cc.Color","r":138,"g":55},"_contentSize":{"__type__":"cc.Size","width":11.02,"height":37.8},"_trs":{"__type__":"TypedArray","ctor":"Float64Array","array":[0,0,0,0,0,0,1,1,1,1]}},{"__type__":"cc.Node","_name":"btn_plxg","_parent":{"__id__":75},"_active":false,"_components":[{"__type__":"cc.Sprite","node":{"__id__":93},"_materials":[{"__uuid__":"ecpdLyjvZBwrvm+cedCcQy"}],"_spriteFrame":{"__uuid__":"4f2Mh9JVxOU6c+oDa/7xab"}},{"__type__":"cc.Button","node":{"__id__":93},"clickEvents":[{"__type__":"cc.ClickEvent","target":{"__id__":1},"_componentId":"7d978OQGI9P5LlcrkeRzqFS","handler":"OnClick_BtnWnd"}],"_N$transition":3,"transition":3,"_N$normalColor":{"__type__":"cc.Color","r":214,"g":214,"b":214},"_N$target":{"__id__":93}}],"_prefab":{"__type__":"cc.PrefabInfo","root":{"__id__":1},"asset":{"__uuid__":"caoYhZecFJq685xcIdiJtz"},"fileId":"f6ELn4q8JFpJuiT7qe6cM2"},"_contentSize":{"__type__":"cc.Size","width":203,"height":54},"_trs":{"__type__":"TypedArray","ctor":"Float64Array","array":[-178,0,0,0,0,0,1,1,1,1]}},{"__type__":"cc.Node","_name":"lb_OnlineCount","_parent":{"__id__":75},"_components":[{"__type__":"cc.Label","node":{"__id__":94},"_materials":[{"__uuid__":"ecpdLyjvZBwrvm+cedCcQy"}],"_useOriginalSize":false,"_string":"在线人数：","_N$string":"在线人数：","_fontSize":26,"_lineHeight":30,"_enableWrapText":false,"_N$file":{"__uuid__":"5f5wQekV1CGpJW2meZozWn"},"_isSystemFontUsed":false,"_N$verticalAlign":1}],"_prefab":{"__type__":"cc.PrefabInfo","root":{"__id__":1},"asset":{"__uuid__":"caoYhZecFJq685xcIdiJtz"},"fileId":"97VEkZQmdCzIF7rWLv3bl5"},"_color":{"__type__":"cc.Color","r":232,"g":89,"b":39},"_contentSize":{"__type__":"cc.Size","width":130,"height":37.8},"_anchorPoint":{"__type__":"cc.Vec2","y":0.5},"_trs":{"__type__":"TypedArray","ctor":"Float64Array","array":[-497.979,31.561,0,0,0,0,1,1,1,1]}},{"__type__":"cc.Node","_name":"OnlineToggle","_parent":{"__id__":75},"_children":[{"__id__":96},{"__id__":97},{"__id__":99}],"_components":[{"__type__":"cc.Toggle","node":{"__id__":95},"_N$transition":3,"transition":3,"_N$normalColor":{"__type__":"cc.Color","r":214,"g":214,"b":214},"_N$target":{"__id__":96},"_N$isChecked":false,"checkMark":{"__id__":98},"checkEvents":[{"__type__":"cc.ClickEvent","target":{"__id__":1},"_componentId":"7d978OQGI9P5LlcrkeRzqFS","handler":"OnClickOnLineToggle"}]}],"_prefab":{"__type__":"cc.PrefabInfo","root":{"__id__":1},"asset":{"__uuid__":"caoYhZecFJq685xcIdiJtz"},"fileId":"7bIfzIGm1Hf5CbZDiATg1O"},"_contentSize":{"__type__":"cc.Size","width":60,"height":60},"_trs":{"__type__":"TypedArray","ctor":"Float64Array","array":[-477.366,-28.879,0,0,0,0,1,1,1,1]}},{"__type__":"cc.Node","_name":"Background","_parent":{"__id__":95},"_components":[{"__type__":"cc.Sprite","node":{"__id__":96},"_materials":[{"__uuid__":"ecpdLyjvZBwrvm+cedCcQy"}],"_spriteFrame":{"__uuid__":"88iM1OArFIGZyrQ2BSd/5P"}}],"_prefab":{"__type__":"cc.PrefabInfo","root":{"__id__":1},"asset":{"__uuid__":"caoYhZecFJq685xcIdiJtz"},"fileId":"8bCo6OkjJLPJOKM+or6hxq"},"_contentSize":{"__type__":"cc.Size","width":35,"height":35},"_trs":{"__type__":"TypedArray","ctor":"Float64Array","array":[0,0,0,0,0,0,1,1,1,1]}},{"__type__":"cc.Node","_name":"checkmark","_parent":{"__id__":95},"_active":false,"_components":[{"__id__":98}],"_prefab":{"__type__":"cc.PrefabInfo","root":{"__id__":1},"asset":{"__uuid__":"caoYhZecFJq685xcIdiJtz"},"fileId":"ccQH0+w9dBMoHnPs/9Y/TZ"},"_contentSize":{"__type__":"cc.Size","width":33,"height":32},"_trs":{"__type__":"TypedArray","ctor":"Float64Array","array":[0,0,0,0,0,0,1,1,1,1]}},{"__type__":"cc.Sprite","node":{"__id__":97},"_materials":[{"__uuid__":"ecpdLyjvZBwrvm+cedCcQy"}],"_spriteFrame":{"__uuid__":"b1+IbDf15HEKX8w8h7zTbZ"},"_sizeMode":2,"_isTrimmedMode":false},{"__type__":"cc.Node","_name":"lb_OnlineTip","_parent":{"__id__":95},"_components":[{"__type__":"cc.Label","node":{"__id__":99},"_materials":[{"__uuid__":"ecpdLyjvZBwrvm+cedCcQy"}],"_useOriginalSize":false,"_string":"只显示在线玩家","_N$string":"只显示在线玩家","_fontSize":26,"_lineHeight":30,"_enableWrapText":false,"_N$file":{"__uuid__":"5f5wQekV1CGpJW2meZozWn"},"_isSystemFontUsed":false,"_N$verticalAlign":1}],"_prefab":{"__type__":"cc.PrefabInfo","root":{"__id__":1},"asset":{"__uuid__":"caoYhZecFJq685xcIdiJtz"},"fileId":"e76gLH92RGqqGc4/CBfDub"},"_color":{"__type__":"cc.Color","r":189,"g":128,"b":32},"_contentSize":{"__type__":"cc.Size","width":182,"height":37.8},"_anchorPoint":{"__type__":"cc.Vec2","y":0.5},"_trs":{"__type__":"TypedArray","ctor":"Float64Array","array":[27.975,0.759,0,0,0,0,1,1,1,1]}},{"__type__":"cc.Node","_name":"JoinToggle","_parent":{"__id__":75},"_children":[{"__id__":101},{"__id__":102},{"__id__":104}],"_components":[{"__type__":"cc.Toggle","node":{"__id__":100},"_N$transition":3,"transition":3,"_N$normalColor":{"__type__":"cc.Color","r":214,"g":214,"b":214},"_N$target":{"__id__":101},"_N$isChecked":false,"checkMark":{"__id__":103}},{"__type__":"cc.Button","node":{"__id__":100},"clickEvents":[{"__type__":"cc.ClickEvent","target":{"__id__":1},"_componentId":"7d978OQGI9P5LlcrkeRzqFS","handler":"OnClickJoinOutToggle"}]}],"_prefab":{"__type__":"cc.PrefabInfo","root":{"__id__":1},"asset":{"__uuid__":"caoYhZecFJq685xcIdiJtz"},"fileId":"914GovXkNGiJMkXyrBqeGs"},"_contentSize":{"__type__":"cc.Size","width":60,"height":60},"_trs":{"__type__":"TypedArray","ctor":"Float64Array","array":[-209.251,-28.879,0,0,0,0,1,1,1,1]}},{"__type__":"cc.Node","_name":"Background","_parent":{"__id__":100},"_components":[{"__type__":"cc.Sprite","node":{"__id__":101},"_materials":[{"__uuid__":"ecpdLyjvZBwrvm+cedCcQy"}],"_spriteFrame":{"__uuid__":"88iM1OArFIGZyrQ2BSd/5P"}}],"_prefab":{"__type__":"cc.PrefabInfo","root":{"__id__":1},"asset":{"__uuid__":"caoYhZecFJq685xcIdiJtz"},"fileId":"d84S3ndj1G86MfXyyTwQqt"},"_contentSize":{"__type__":"cc.Size","width":35,"height":35},"_trs":{"__type__":"TypedArray","ctor":"Float64Array","array":[0,0,0,0,0,0,1,1,1,1]}},{"__type__":"cc.Node","_name":"checkmark","_parent":{"__id__":100},"_active":false,"_components":[{"__id__":103}],"_prefab":{"__type__":"cc.PrefabInfo","root":{"__id__":1},"asset":{"__uuid__":"caoYhZecFJq685xcIdiJtz"},"fileId":"47knmZlqdEVIzqbhwl+0nq"},"_contentSize":{"__type__":"cc.Size","width":33,"height":32},"_trs":{"__type__":"TypedArray","ctor":"Float64Array","array":[0,0,0,0,0,0,1,1,1,1]}},{"__type__":"cc.Sprite","node":{"__id__":102},"_materials":[{"__uuid__":"ecpdLyjvZBwrvm+cedCcQy"}],"_spriteFrame":{"__uuid__":"b1+IbDf15HEKX8w8h7zTbZ"},"_sizeMode":2,"_isTrimmedMode":false},{"__type__":"cc.Node","_name":"lb","_parent":{"__id__":100},"_components":[{"__type__":"cc.Label","node":{"__id__":104},"_materials":[{"__uuid__":"ecpdLyjvZBwrvm+cedCcQy"}],"_useOriginalSize":false,"_string":"加入无需审核","_N$string":"加入无需审核","_fontSize":26,"_lineHeight":30,"_enableWrapText":false,"_N$file":{"__uuid__":"5f5wQekV1CGpJW2meZozWn"},"_isSystemFontUsed":false,"_N$verticalAlign":1}],"_prefab":{"__type__":"cc.PrefabInfo","root":{"__id__":1},"asset":{"__uuid__":"caoYhZecFJq685xcIdiJtz"},"fileId":"de1zHW7WhMDKgJzxYmT19e"},"_color":{"__type__":"cc.Color","r":189,"g":128,"b":32},"_contentSize":{"__type__":"cc.Size","width":156,"height":37.8},"_anchorPoint":{"__type__":"cc.Vec2","y":0.5},"_trs":{"__type__":"TypedArray","ctor":"Float64Array","array":[27.975,0.759,0,0,0,0,1,1,1,1]}},{"__type__":"cc.Node","_name":"OutToggle","_parent":{"__id__":75},"_children":[{"__id__":106},{"__id__":107},{"__id__":109}],"_components":[{"__type__":"cc.Toggle","node":{"__id__":105},"_N$transition":3,"transition":3,"_N$normalColor":{"__type__":"cc.Color","r":214,"g":214,"b":214},"_N$target":{"__id__":106},"_N$isChecked":false,"checkMark":{"__id__":108}},{"__type__":"cc.Button","node":{"__id__":105},"clickEvents":[{"__type__":"cc.ClickEvent","target":{"__id__":1},"_componentId":"7d978OQGI9P5LlcrkeRzqFS","handler":"OnClickJoinOutToggle"}]}],"_prefab":{"__type__":"cc.PrefabInfo","root":{"__id__":1},"asset":{"__uuid__":"caoYhZecFJq685xcIdiJtz"},"fileId":"58bszS6hVJYpmAll+4chQT"},"_contentSize":{"__type__":"cc.Size","width":60,"height":50},"_trs":{"__type__":"TypedArray","ctor":"Float64Array","array":[50.299,-28.879,0,0,0,0,1,1,1,1]}},{"__type__":"cc.Node","_name":"Background","_parent":{"__id__":105},"_components":[{"__type__":"cc.Sprite","node":{"__id__":106},"_materials":[{"__uuid__":"ecpdLyjvZBwrvm+cedCcQy"}],"_spriteFrame":{"__uuid__":"88iM1OArFIGZyrQ2BSd/5P"}}],"_prefab":{"__type__":"cc.PrefabInfo","root":{"__id__":1},"asset":{"__uuid__":"caoYhZecFJq685xcIdiJtz"},"fileId":"f8XSF8nAhNBbrYbqHmjMjM"},"_contentSize":{"__type__":"cc.Size","width":35,"height":35},"_trs":{"__type__":"TypedArray","ctor":"Float64Array","array":[0,0,0,0,0,0,1,1,1,1]}},{"__type__":"cc.Node","_name":"checkmark","_parent":{"__id__":105},"_active":false,"_components":[{"__id__":108}],"_prefab":{"__type__":"cc.PrefabInfo","root":{"__id__":1},"asset":{"__uuid__":"caoYhZecFJq685xcIdiJtz"},"fileId":"cdEJJJUkNPR4U/O8AF5sk2"},"_contentSize":{"__type__":"cc.Size","width":33,"height":32},"_trs":{"__type__":"TypedArray","ctor":"Float64Array","array":[0,0,0,0,0,0,1,1,1,1]}},{"__type__":"cc.Sprite","node":{"__id__":107},"_materials":[{"__uuid__":"ecpdLyjvZBwrvm+cedCcQy"}],"_spriteFrame":{"__uuid__":"b1+IbDf15HEKX8w8h7zTbZ"},"_sizeMode":2,"_isTrimmedMode":false},{"__type__":"cc.Node","_name":"lb","_parent":{"__id__":105},"_components":[{"__type__":"cc.Label","node":{"__id__":109},"_materials":[{"__uuid__":"ecpdLyjvZBwrvm+cedCcQy"}],"_useOriginalSize":false,"_string":"退出无需审核","_N$string":"退出无需审核","_fontSize":26,"_lineHeight":30,"_enableWrapText":false,"_N$file":{"__uuid__":"5f5wQekV1CGpJW2meZozWn"},"_isSystemFontUsed":false,"_N$verticalAlign":1}],"_prefab":{"__type__":"cc.PrefabInfo","root":{"__id__":1},"asset":{"__uuid__":"caoYhZecFJq685xcIdiJtz"},"fileId":"e7+GOmaWdGWLo7GbBcXcu3"},"_color":{"__type__":"cc.Color","r":189,"g":128,"b":32},"_contentSize":{"__type__":"cc.Size","width":156,"height":37.8},"_anchorPoint":{"__type__":"cc.Vec2","y":0.5},"_trs":{"__type__":"TypedArray","ctor":"Float64Array","array":[27.975,0.759,0,0,0,0,1,1,1,1]}},{"__type__":"cc.Node","_name":"FuToggle","_parent":{"__id__":75},"_children":[{"__id__":111},{"__id__":112},{"__id__":114}],"_components":[{"__type__":"cc.Toggle","node":{"__id__":110},"_N$transition":3,"transition":3,"_N$normalColor":{"__type__":"cc.Color","r":214,"g":214,"b":214},"_N$target":{"__id__":111},"_N$isChecked":false,"checkMark":{"__id__":113},"checkEvents":[{"__type__":"cc.ClickEvent","target":{"__id__":1},"_componentId":"7d978OQGI9P5LlcrkeRzqFS","handler":"OnClickFuToggle"}]}],"_prefab":{"__type__":"cc.PrefabInfo","root":{"__id__":1},"asset":{"__uuid__":"caoYhZecFJq685xcIdiJtz"},"fileId":"7ctoM4nbJH7Zhugzs1q26E"},"_contentSize":{"__type__":"cc.Size","width":60,"height":50},"_trs":{"__type__":"TypedArray","ctor":"Float64Array","array":[300.177,-28.879,0,0,0,0,1,1,1,1]}},{"__type__":"cc.Node","_name":"Background","_parent":{"__id__":110},"_components":[{"__type__":"cc.Sprite","node":{"__id__":111},"_materials":[{"__uuid__":"ecpdLyjvZBwrvm+cedCcQy"}],"_spriteFrame":{"__uuid__":"88iM1OArFIGZyrQ2BSd/5P"}}],"_prefab":{"__type__":"cc.PrefabInfo","root":{"__id__":1},"asset":{"__uuid__":"caoYhZecFJq685xcIdiJtz"},"fileId":"d7Wrn2By1KqYza8xfcMCEi"},"_contentSize":{"__type__":"cc.Size","width":35,"height":35},"_trs":{"__type__":"TypedArray","ctor":"Float64Array","array":[0,0,0,0,0,0,1,1,1,1]}},{"__type__":"cc.Node","_name":"checkmark","_parent":{"__id__":110},"_active":false,"_components":[{"__id__":113}],"_prefab":{"__type__":"cc.PrefabInfo","root":{"__id__":1},"asset":{"__uuid__":"caoYhZecFJq685xcIdiJtz"},"fileId":"cdoONOgpRDy43WIl098kW9"},"_contentSize":{"__type__":"cc.Size","width":33,"height":32},"_trs":{"__type__":"TypedArray","ctor":"Float64Array","array":[0,0,0,0,0,0,1,1,1,1]}},{"__type__":"cc.Sprite","node":{"__id__":112},"_materials":[{"__uuid__":"ecpdLyjvZBwrvm+cedCcQy"}],"_spriteFrame":{"__uuid__":"b1+IbDf15HEKX8w8h7zTbZ"},"_sizeMode":2,"_isTrimmedMode":false},{"__type__":"cc.Node","_name":"lb","_parent":{"__id__":110},"_components":[{"__type__":"cc.Label","node":{"__id__":114},"_materials":[{"__uuid__":"ecpdLyjvZBwrvm+cedCcQy"}],"_useOriginalSize":false,"_string":"只显示负分玩家","_N$string":"只显示负分玩家","_fontSize":26,"_lineHeight":30,"_enableWrapText":false,"_N$file":{"__uuid__":"5f5wQekV1CGpJW2meZozWn"},"_isSystemFontUsed":false,"_N$verticalAlign":1}],"_prefab":{"__type__":"cc.PrefabInfo","root":{"__id__":1},"asset":{"__uuid__":"caoYhZecFJq685xcIdiJtz"},"fileId":"81KefumAlPyZQ4RMCTut6K"},"_color":{"__type__":"cc.Color","r":189,"g":128,"b":32},"_contentSize":{"__type__":"cc.Size","width":182,"height":37.8},"_anchorPoint":{"__type__":"cc.Vec2","y":0.5},"_trs":{"__type__":"TypedArray","ctor":"Float64Array","array":[27.975,0.759,0,0,0,0,1,1,1,1]}},{"__type__":"cc.Node","_name":"SeeToggle","_parent":{"__id__":75},"_children":[{"__id__":116},{"__id__":117},{"__id__":119}],"_components":[{"__type__":"cc.Toggle","node":{"__id__":115},"_N$transition":3,"transition":3,"_N$normalColor":{"__type__":"cc.Color","r":214,"g":214,"b":214},"_N$target":{"__id__":116},"checkMark":{"__id__":118},"checkEvents":[{"__type__":"cc.ClickEvent","target":{"__id__":1},"_componentId":"7d978OQGI9P5LlcrkeRzqFS","handler":"OnClickSeeToggle"}]}],"_prefab":{"__type__":"cc.PrefabInfo","root":{"__id__":1},"asset":{"__uuid__":"caoYhZecFJq685xcIdiJtz"},"fileId":"73BKw9kANLh47ffdfPbrgx"},"_contentSize":{"__type__":"cc.Size","width":60,"height":60},"_trs":{"__type__":"TypedArray","ctor":"Float64Array","array":[-291.215,29.86,0,0,0,0,1,1,1,1]}},{"__type__":"cc.Node","_name":"Background","_parent":{"__id__":115},"_components":[{"__type__":"cc.Sprite","node":{"__id__":116},"_materials":[{"__uuid__":"ecpdLyjvZBwrvm+cedCcQy"}],"_spriteFrame":{"__uuid__":"88iM1OArFIGZyrQ2BSd/5P"}}],"_prefab":{"__type__":"cc.PrefabInfo","root":{"__id__":1},"asset":{"__uuid__":"caoYhZecFJq685xcIdiJtz"},"fileId":"faCFV7xW1N27flj0l/95js"},"_contentSize":{"__type__":"cc.Size","width":35,"height":35},"_trs":{"__type__":"TypedArray","ctor":"Float64Array","array":[0,0,0,0,0,0,1,1,1,1]}},{"__type__":"cc.Node","_name":"checkmark","_parent":{"__id__":115},"_components":[{"__id__":118}],"_prefab":{"__type__":"cc.PrefabInfo","root":{"__id__":1},"asset":{"__uuid__":"caoYhZecFJq685xcIdiJtz"},"fileId":"b9Mko+VmhKlr7Md87vICn3"},"_contentSize":{"__type__":"cc.Size","width":33,"height":32},"_trs":{"__type__":"TypedArray","ctor":"Float64Array","array":[0,0,0,0,0,0,1,1,1,1]}},{"__type__":"cc.Sprite","node":{"__id__":117},"_materials":[{"__uuid__":"ecpdLyjvZBwrvm+cedCcQy"}],"_spriteFrame":{"__uuid__":"b1+IbDf15HEKX8w8h7zTbZ"},"_sizeMode":2,"_isTrimmedMode":false},{"__type__":"cc.Node","_name":"lb_OnlineTip","_parent":{"__id__":115},"_components":[{"__type__":"cc.Label","node":{"__id__":119},"_materials":[{"__uuid__":"ecpdLyjvZBwrvm+cedCcQy"}],"_useOriginalSize":false,"_string":"推广员可见","_N$string":"推广员可见","_fontSize":20,"_lineHeight":30,"_enableWrapText":false,"_N$file":{"__uuid__":"5f5wQekV1CGpJW2meZozWn"},"_isSystemFontUsed":false,"_N$verticalAlign":1}],"_prefab":{"__type__":"cc.PrefabInfo","root":{"__id__":1},"asset":{"__uuid__":"caoYhZecFJq685xcIdiJtz"},"fileId":"23V7xN2L5PyaSJfs1RNAJY"},"_color":{"__type__":"cc.Color","r":232,"g":89,"b":39},"_contentSize":{"__type__":"cc.Size","width":100,"height":37.8},"_anchorPoint":{"__type__":"cc.Vec2","y":0.5},"_trs":{"__type__":"TypedArray","ctor":"Float64Array","array":[22.29,0.759,0,0,0,0,1,1,1,1]}},{"__type__":"cc.Node","_name":"btn_close","_parent":{"__id__":1},"_components":[{"__type__":"cc.Sprite","node":{"__id__":120},"_materials":[{"__uuid__":"ecpdLyjvZBwrvm+cedCcQy"}],"_spriteFrame":{"__uuid__":"d9ZhflMOxHW7JHl9dya866"}},{"__type__":"cc.Button","node":{"__id__":120},"clickEvents":[{"__type__":"cc.ClickEvent","target":{"__id__":1},"_componentId":"7d978OQGI9P5LlcrkeRzqFS","handler":"OnClick_BtnWnd"}],"_N$normalColor":{"__type__":"cc.Color","r":214,"g":214,"b":214},"_N$target":{"__id__":120}}],"_prefab":{"__type__":"cc.PrefabInfo","root":{"__id__":1},"asset":{"__uuid__":"caoYhZecFJq685xcIdiJtz"},"fileId":"cf943Hh3NBM9Zl7D9uDoJIh"},"_contentSize":{"__type__":"cc.Size","width":79,"height":80},"_trs":{"__type__":"TypedArray","ctor":"Float64Array","array":[529.5,270.866,0,0,0,0,1,1,1,1]}}],{"__type__":"cc.SpriteFrame","content":{"name":"btn_red","texture":"59sNqoniFOuo/XQI4SnXiT","rect":[0,0,128,49],"offset":[0,0],"originalSize":[128,49],"capInsets":[43,9,39,18]}},{"__type__":"cc.SpriteFrame","content":{"name":"img_xz02","texture":"343qhZ3p5E3qVVcifvbJye","rect":[0,0,319,58],"offset":[0,0],"originalSize":[319,58],"capInsets":[0,0,0,0]}},{"__type__":"cc.SpriteFrame","content":{"name":"btn_close","texture":"adT+cX5aVEFrD91N8Yp4Db","rect":[0,0,79,80],"offset":[0,0],"originalSize":[79,80],"capInsets":[0,0,0,0]}},{"__type__":"cc.SpriteFrame","content":{"name":"bg_ss_input","texture":"ca/EeS3yFMBIeT2HPCRGmS","rect":[0,0,401,54],"offset":[0,0],"originalSize":[401,54],"capInsets":[93,14,85,14]}},{"__type__":"cc.SpriteFrame","content":{"name":"morentouxiang","texture":"189664600","rect":[181,652,60,60],"offset":[0,0],"originalSize":[60,60],"capInsets":[0,0,0,0]}},{"__type__":"cc.SpriteFrame","content":{"name":"default_btn_pressed","texture":"b4P/PCArtIdIH38t6mlw8Y","rect":[0,0,40,40],"offset":[0,0],"originalSize":[40,40],"capInsets":[12,12,12,12]}},{"__type__":"cc.SpriteFrame","content":{"name":"default_btn_normal","texture":"e8Ueib+qJEhL6mXAHdnwbi","rect":[0,0,40,40],"offset":[0,0],"originalSize":[40,40],"capInsets":[12,12,12,12]}},{"__type__":"cc.SpriteFrame","content":{"name":"btn_cz","texture":"feO937MYJMl7QrYSgp5dt8","rect":[0,0,49,35],"offset":[0,0],"originalSize":[49,35],"capInsets":[0,0,0,0]}}]