[{"__type__":"cc.SpriteFrame","content":{"name":"bg_poker","texture":"ccJr2eKqFCha4xiP7V1hU2","rect":[0,0,134,185],"offset":[0,0],"originalSize":[134,185],"capInsets":[0,0,0,0]}},{"__type__":"cc.SpriteFrame","content":{"name":"bg_club1_2","texture":"8a4trmuCRLorCI7lA9+8wG","rect":[43,86,78,80],"offset":[15,-33.5],"originalSize":[134,185],"capInsets":[0,0,0,0]}},{"__type__":"cc.SpriteFrame","content":{"name":"poker_back1","texture":"821S4dezRMe6aQGPNzTDUX","rect":[1,1,131,182],"offset":[-0.5,0.5],"originalSize":[134,185],"capInsets":[0,0,0,0]}},[{"__type__":"cc.Prefab","_name":"cardPrefab","data":{"__id__":1}},{"__type__":"cc.Node","_name":"cardPrefab","_children":[{"__id__":2},{"__id__":3},{"__id__":4},{"__id__":5},{"__id__":6}],"_prefab":{"__type__":"cc.PrefabInfo","root":{"__id__":1},"asset":{"__uuid__":"1aI/dsHEVEV4loIo93glok"},"fileId":"411fbkHQkFNM7aAqXhrw7/h"},"_contentSize":{"__type__":"cc.Size","width":148,"height":196},"_position":{"__type__":"cc.Vec2"},"_trs":{"__type__":"TypedArray","ctor":"Float64Array","array":[0,0,0,0,0,0,1,1,1,1]}},{"__type__":"cc.Node","_name":"bg_poker","_parent":{"__id__":1},"_components":[{"__type__":"cc.Sprite","node":{"__id__":2},"_materials":[{"__uuid__":"ecpdLyjvZBwrvm+cedCcQy"}],"_spriteFrame":{"__uuid__":"00bHYL//lI95M+zBsJImfw"},"_isTrimmedMode":false}],"_prefab":{"__type__":"cc.PrefabInfo","root":{"__id__":1},"asset":{"__uuid__":"1aI/dsHEVEV4loIo93glok"},"fileId":"a15e8yFAvdJdJoaITPSRjs2"},"_contentSize":{"__type__":"cc.Size","width":134,"height":185},"_position":{"__type__":"cc.Vec2"},"_trs":{"__type__":"TypedArray","ctor":"Float64Array","array":[0,0,0,0,0,0,1,1,1,1]}},{"__type__":"cc.Node","_name":"icon","_parent":{"__id__":1},"_components":[{"__type__":"cc.Sprite","node":{"__id__":3},"_materials":[{"__uuid__":"ecpdLyjvZBwrvm+cedCcQy"}],"_spriteFrame":{"__uuid__":"f7JOXFnpRCMZ22Qo3ZygeC"},"_sizeMode":0,"_isTrimmedMode":false}],"_prefab":{"__type__":"cc.PrefabInfo","root":{"__id__":1},"asset":{"__uuid__":"1aI/dsHEVEV4loIo93glok"},"fileId":"c76d04301JGXaajB7pN9U6n"},"_contentSize":{"__type__":"cc.Size","width":149,"height":196},"_position":{"__type__":"cc.Vec2"},"_trs":{"__type__":"TypedArray","ctor":"Float64Array","array":[0,0,0,0,0,0,1,1,1,1]}},{"__type__":"cc.Node","_name":"num","_parent":{"__id__":1},"_components":[{"__type__":"cc.Sprite","node":{"__id__":4},"_materials":[{"__uuid__":"ecpdLyjvZBwrvm+cedCcQy"}],"_spriteFrame":{"__uuid__":"f72sonYM5O6ZQFhMtILkGR"},"_sizeMode":0,"_isTrimmedMode":false}],"_prefab":{"__type__":"cc.PrefabInfo","root":{"__id__":1},"asset":{"__uuid__":"1aI/dsHEVEV4loIo93glok"},"fileId":"1c807zvYtNJ2q4ESJbeH0pq"},"_contentSize":{"__type__":"cc.Size","width":43,"height":49},"_position":{"__type__":"cc.Vec2","x":-57.4,"y":70.8},"_trs":{"__type__":"TypedArray","ctor":"Float64Array","array":[-44,66,0,0,0,0,1,1,1,1]}},{"__type__":"cc.Node","_name":"icon_1","_parent":{"__id__":1},"_components":[{"__type__":"cc.Sprite","node":{"__id__":5},"_materials":[{"__uuid__":"ecpdLyjvZBwrvm+cedCcQy"}],"_spriteFrame":{"__uuid__":"51lqmJX2xAUJY7MtWk+0M2"},"_sizeMode":0,"_isTrimmedMode":false}],"_prefab":{"__type__":"cc.PrefabInfo","root":{"__id__":1},"asset":{"__uuid__":"1aI/dsHEVEV4loIo93glok"},"fileId":"4071dJrfwdHDoq59QChbF2j"},"_contentSize":{"__type__":"cc.Size","width":148,"height":196},"_position":{"__type__":"cc.Vec2"},"_trs":{"__type__":"TypedArray","ctor":"Float64Array","array":[0,0,0,0,0,0,1,1,1,1]}},{"__type__":"cc.Node","_name":"poker_back","_parent":{"__id__":1},"_active":false,"_components":[{"__type__":"cc.Sprite","node":{"__id__":6},"_materials":[{"__uuid__":"ecpdLyjvZBwrvm+cedCcQy"}],"_spriteFrame":{"__uuid__":"7fhb8aVadKgKkU/Zrbw95J"},"_sizeMode":0}],"_prefab":{"__type__":"cc.PrefabInfo","root":{"__id__":1},"asset":{"__uuid__":"1aI/dsHEVEV4loIo93glok"},"fileId":"2766e+2nUlH8LXahSl/H+m7"},"_contentSize":{"__type__":"cc.Size","width":148,"height":196},"_position":{"__type__":"cc.Vec2"},"_trs":{"__type__":"TypedArray","ctor":"Float64Array","array":[0,0,0,0,0,0,1,1,1,1]}}],{"__type__":"cc.SpriteFrame","content":{"name":"bg_club1_1","texture":"7c3di8DxdAIa7ORKYlwzfG","rect":[10,59,31,32],"offset":[-41.5,17.5],"originalSize":[134,185],"capInsets":[0,0,0,0]}},{"__type__":"cc.SpriteFrame","content":{"name":"black_9","texture":"1bl3Zr5kRJT4AcAYQ/V1At","rect":[4,1,27,42],"offset":[-0.5,0.5],"originalSize":[36,45],"capInsets":[0,0,0,0]}}]