[{"__type__":"cc.SpriteFrame","content":{"name":"lb_jianfen","texture":"feUa6Za8pPH6ckUNys0Eh3","rect":[2,2,187,82],"offset":[-32.5,21],"originalSize":[256,128],"capInsets":[0,0,0,0]}},{"__type__":"cc.BitmapFont","_name":"lb_jianfen","spriteFrame":{"__uuid__":"488LfrzyhDTqzi0tSctMsZ"},"fontSize":1,"_fntConfig":{"commonHeight":43,"fontSize":1,"atlasName":"lb_jianfen.png","fontDefDictionary":{"32":{"rect":{"x":0,"y":0,"width":0,"height":0},"xOffset":0,"yOffset":0,"xAdvance":32},"45":{"rect":{"x":0,"y":0,"width":32,"height":43},"xOffset":0,"yOffset":0,"xAdvance":32},"48":{"rect":{"x":0,"y":43,"width":32,"height":43},"xOffset":0,"yOffset":0,"xAdvance":32},"49":{"rect":{"x":32,"y":0,"width":32,"height":43},"xOffset":0,"yOffset":0,"xAdvance":32},"50":{"rect":{"x":32,"y":43,"width":32,"height":43},"xOffset":0,"yOffset":0,"xAdvance":32},"51":{"rect":{"x":64,"y":0,"width":32,"height":43},"xOffset":0,"yOffset":0,"xAdvance":32},"52":{"rect":{"x":64,"y":43,"width":32,"height":43},"xOffset":0,"yOffset":0,"xAdvance":32},"53":{"rect":{"x":96,"y":0,"width":32,"height":43},"xOffset":0,"yOffset":0,"xAdvance":32},"54":{"rect":{"x":96,"y":43,"width":32,"height":43},"xOffset":0,"yOffset":0,"xAdvance":32},"55":{"rect":{"x":128,"y":0,"width":32,"height":43},"xOffset":0,"yOffset":0,"xAdvance":32},"56":{"rect":{"x":128,"y":43,"width":32,"height":43},"xOffset":0,"yOffset":0,"xAdvance":32},"57":{"rect":{"x":160,"y":0,"width":32,"height":43},"xOffset":0,"yOffset":0,"xAdvance":32}},"kerningDict":{}}}]