[{"__type__":"cc.SpriteFrame","content":{"name":"icon_ss","texture":"10SVgvORZHfoznEFdYxoIB","rect":[0,0,36,36],"offset":[0,0],"originalSize":[36,36],"capInsets":[0,0,0,0]}},{"__type__":"cc.SpriteFrame","content":{"name":"default_btn_disabled","texture":"71VhFCTINJM6/Ky3oX9nBT","rect":[0,0,40,40],"offset":[0,0],"originalSize":[40,40],"capInsets":[12,12,12,12]}},{"__type__":"cc.SpriteFrame","content":{"name":"guanbi","texture":"189664600","rect":[2,779,60,66],"offset":[0,0],"originalSize":[60,66],"rotated":1,"capInsets":[0,0,0,0]}},{"__type__":"cc.SpriteFrame","content":{"name":"btn_ss","texture":"2bTsGDbVREKr/3cUwPgIOr","rect":[0,0,132,54],"offset":[0,0],"originalSize":[132,54],"capInsets":[0,0,0,0]}},[{"__type__":"cc.Prefab","_name":"UIClubFindRoom","data":{"__id__":1}},{"__type__":"cc.Node","_name":"UIClubFindRoom","_children":[{"__id__":2},{"__id__":3},{"__id__":5},{"__id__":7},{"__id__":16},{"__id__":17}],"_components":[{"__type__":"cc.Widget","node":{"__id__":1},"alignMode":0,"_alignFlags":45,"_left":-100,"_right":-100,"_originalWidth":1750},{"__type__":"cc.Button","node":{"__id__":1},"_N$normalColor":{"__type__":"cc.Color","r":214,"g":214,"b":214},"_N$target":{"__id__":1}},{"__type__":"c6d95N+fvhGD4RDcsKW0ySZ","node":{"__id__":1}}],"_prefab":{"__type__":"cc.PrefabInfo","root":{"__id__":1},"asset":{"__uuid__":"67MmgYC6pCf7Ffm+lI9u1+"},"fileId":"17e258bTlGEY6n2NFwt/m4"},"_contentSize":{"__type__":"cc.Size","width":1560,"height":760},"_trs":{"__type__":"TypedArray","ctor":"Float64Array","array":[680,380,0,0,0,0,1,1,1,1]}},{"__type__":"cc.Node","_name":"bg","_parent":{"__id__":1},"_components":[{"__type__":"cc.Sprite","node":{"__id__":2},"_materials":[{"__uuid__":"ecpdLyjvZBwrvm+cedCcQy"}],"_spriteFrame":{"__uuid__":"86Zf39gLpJiYJ0+npxhZ2d"},"_type":1,"_sizeMode":0},{"__type__":"cc.Widget","node":{"__id__":2},"alignMode":0,"_alignFlags":45,"_originalWidth":1750,"_originalHeight":1020}],"_prefab":{"__type__":"cc.PrefabInfo","root":{"__id__":1},"asset":{"__uuid__":"67MmgYC6pCf7Ffm+lI9u1+"},"fileId":"63x4IpB4pEXYpWEbU9uwCB"},"_contentSize":{"__type__":"cc.Size","width":1560,"height":760},"_trs":{"__type__":"TypedArray","ctor":"Float64Array","array":[0,0,0,0,0,0,1,1,1,1]}},{"__type__":"cc.Node","_name":"bg_create","_parent":{"__id__":1},"_children":[{"__id__":4}],"_components":[{"__type__":"cc.Sprite","node":{"__id__":3},"_materials":[{"__uuid__":"ecpdLyjvZBwrvm+cedCcQy"}],"_spriteFrame":{"__uuid__":"8dpmteRW9G/LLq8uXEtxQ0"},"_type":1,"_sizeMode":0}],"_prefab":{"__type__":"cc.PrefabInfo","root":{"__id__":1},"asset":{"__uuid__":"67MmgYC6pCf7Ffm+lI9u1+"},"fileId":"e415xjb+pEq53z2z0UTF/2"},"_contentSize":{"__type__":"cc.Size","width":984,"height":400},"_trs":{"__type__":"TypedArray","ctor":"Float64Array","array":[0,0,0,0,0,0,1,1,1,1]}},{"__type__":"cc.Node","_name":"New Label","_parent":{"__id__":3},"_components":[{"__type__":"cc.Label","node":{"__id__":4},"_materials":[{"__uuid__":"ecpdLyjvZBwrvm+cedCcQy"}],"_useOriginalSize":false,"_string":"房间查找","_N$string":"房间查找","_N$file":{"__uuid__":"5f5wQekV1CGpJW2meZozWn"},"_isSystemFontUsed":false,"_N$horizontalAlign":1,"_N$verticalAlign":1},{"__type__":"cc.LabelOutline","node":{"__id__":4},"_color":{"__type__":"cc.Color","r":126,"g":88,"b":22},"_width":3}],"_prefab":{"__type__":"cc.PrefabInfo","root":{"__id__":1},"asset":{"__uuid__":"67MmgYC6pCf7Ffm+lI9u1+"},"fileId":"b9PTa2WPFMXp7W5fQ4Fpsj"},"_contentSize":{"__type__":"cc.Size","width":166,"height":56.4},"_trs":{"__type__":"TypedArray","ctor":"Float64Array","array":[-13.263,153.246,0,0,0,0,1,1,1,1]}},{"__type__":"cc.Node","_name":"btn_close","_parent":{"__id__":1},"_children":[{"__id__":6}],"_components":[{"__type__":"cc.Button","node":{"__id__":5},"zoomScale":0.9,"clickEvents":[{"__type__":"cc.ClickEvent","target":{"__id__":1},"_componentId":"c6d95N+fvhGD4RDcsKW0ySZ","handler":"OnClick_BtnWnd"}],"_N$transition":3,"transition":3,"_N$pressedColor":{"__type__":"cc.Color","r":255,"g":255,"b":255},"pressedColor":{"__type__":"cc.Color","r":255,"g":255,"b":255},"_N$disabledColor":{"__type__":"cc.Color","r":255,"g":255,"b":255},"_N$normalSprite":{"__uuid__":"44LtTCo89GZbVww0gAMaAS"},"_N$pressedSprite":{"__uuid__":"e97GVMl6JHh5Ml5qEDdSGa"},"pressedSprite":{"__uuid__":"e97GVMl6JHh5Ml5qEDdSGa"},"_N$hoverSprite":{"__uuid__":"e97GVMl6JHh5Ml5qEDdSGa"},"hoverSprite":{"__uuid__":"e97GVMl6JHh5Ml5qEDdSGa"},"_N$disabledSprite":{"__uuid__":"29FYIk+N1GYaeWH/q1NxQO"},"_N$target":{"__id__":5}}],"_prefab":{"__type__":"cc.PrefabInfo","root":{"__id__":1},"asset":{"__uuid__":"67MmgYC6pCf7Ffm+lI9u1+"},"fileId":"c15cmJ8FpIfY/fPuP4SGlE"},"_contentSize":{"__type__":"cc.Size","width":120,"height":120},"_trs":{"__type__":"TypedArray","ctor":"Float64Array","array":[467.5,137,0,0,0,0,1,1,1,1]}},{"__type__":"cc.Node","_name":"img","_parent":{"__id__":5},"_components":[{"__type__":"cc.Sprite","node":{"__id__":6},"_materials":[{"__uuid__":"ecpdLyjvZBwrvm+cedCcQy"}],"_spriteFrame":{"__uuid__":"d9ZhflMOxHW7JHl9dya866"}}],"_prefab":{"__type__":"cc.PrefabInfo","root":{"__id__":1},"asset":{"__uuid__":"67MmgYC6pCf7Ffm+lI9u1+"},"fileId":"63212TdbJLJp4VjoQN4BxL"},"_contentSize":{"__type__":"cc.Size","width":79,"height":80},"_trs":{"__type__":"TypedArray","ctor":"Float64Array","array":[0,0,0,0,0,0,1,1,1,1]}},{"__type__":"cc.Node","_name":"input","_parent":{"__id__":1},"_children":[{"__id__":8},{"__id__":9}],"_components":[{"__type__":"cc.Sprite","node":{"__id__":7},"_materials":[{"__uuid__":"ecpdLyjvZBwrvm+cedCcQy"}],"_spriteFrame":{"__uuid__":"da7Ry9l65Lo61QtvbsocAs"}}],"_prefab":{"__type__":"cc.PrefabInfo","root":{"__id__":1},"asset":{"__uuid__":"67MmgYC6pCf7Ffm+lI9u1+"},"fileId":"acdsV9YCJDYZOsR0YxrkoQ"},"_contentSize":{"__type__":"cc.Size","width":401,"height":54},"_trs":{"__type__":"TypedArray","ctor":"Float64Array","array":[-38,-35.714,0,0,0,0,1,1,1,1]}},{"__type__":"cc.Node","_name":"tip","_parent":{"__id__":7},"_components":[{"__type__":"cc.Sprite","node":{"__id__":8},"_materials":[{"__uuid__":"ecpdLyjvZBwrvm+cedCcQy"}],"_spriteFrame":{"__uuid__":"05XrSjN95G+YhAsEWCAcpG"}}],"_prefab":{"__type__":"cc.PrefabInfo","root":{"__id__":1},"asset":{"__uuid__":"67MmgYC6pCf7Ffm+lI9u1+"},"fileId":"55qnblREFHcZxVlUBpwhLA"},"_contentSize":{"__type__":"cc.Size","width":36,"height":36},"_trs":{"__type__":"TypedArray","ctor":"Float64Array","array":[-165,0,0,0,0,0,1,1,1,1]}},{"__type__":"cc.Node","_name":"EditBox","_parent":{"__id__":7},"_children":[{"__id__":10},{"__id__":12},{"__id__":14}],"_components":[{"__type__":"cc.EditBox","node":{"__id__":9},"_useOriginalSize":false,"maxLength":6,"_N$textLabel":{"__id__":13},"_N$placeholderLabel":{"__id__":15},"_N$background":{"__id__":11},"_N$inputMode":2}],"_prefab":{"__type__":"cc.PrefabInfo","root":{"__id__":1},"asset":{"__uuid__":"67MmgYC6pCf7Ffm+lI9u1+"},"fileId":"60KyrN9GpPTogoGOXcpWDQ"},"_contentSize":{"__type__":"cc.Size","width":300,"height":70},"_anchorPoint":{"__type__":"cc.Vec2","y":0.5},"_trs":{"__type__":"TypedArray","ctor":"Float64Array","array":[-132.8,0,0,0,0,0,1,1,1,1]}},{"__type__":"cc.Node","_name":"BACKGROUND_SPRITE","_parent":{"__id__":9},"_components":[{"__id__":11}],"_prefab":{"__type__":"cc.PrefabInfo","root":{"__id__":1},"asset":{"__uuid__":"67MmgYC6pCf7Ffm+lI9u1+"},"fileId":"007rkPEqJDJJ0gXX8/pVSF"},"_contentSize":{"__type__":"cc.Size","width":300,"height":70},"_anchorPoint":{"__type__":"cc.Vec2","y":0.5},"_trs":{"__type__":"TypedArray","ctor":"Float64Array","array":[0,0,0,0,0,0,1,1,1,1]}},{"__type__":"cc.Sprite","node":{"__id__":10},"_type":1},{"__type__":"cc.Node","_name":"TEXT_LABEL","_parent":{"__id__":9},"_active":false,"_components":[{"__id__":13}],"_prefab":{"__type__":"cc.PrefabInfo","root":{"__id__":1},"asset":{"__uuid__":"67MmgYC6pCf7Ffm+lI9u1+"},"fileId":"a50zcrPt9I7IPOKM0M/IKO"},"_color":{"__type__":"cc.Color","r":168,"g":125,"b":85},"_contentSize":{"__type__":"cc.Size","height":50.4},"_anchorPoint":{"__type__":"cc.Vec2","y":0.5},"_trs":{"__type__":"TypedArray","ctor":"Float64Array","array":[0,0,0,0,0,0,1,1,1,1]}},{"__type__":"cc.Label","node":{"__id__":12},"_materials":[{"__uuid__":"ecpdLyjvZBwrvm+cedCcQy"}],"_fontSize":27,"_enableWrapText":false,"_N$file":{"__uuid__":"5f5wQekV1CGpJW2meZozWn"},"_isSystemFontUsed":false,"_N$verticalAlign":1},{"__type__":"cc.Node","_name":"PLACEHOLDER_LABEL","_parent":{"__id__":9},"_components":[{"__id__":15}],"_prefab":{"__type__":"cc.PrefabInfo","root":{"__id__":1},"asset":{"__uuid__":"67MmgYC6pCf7Ffm+lI9u1+"},"fileId":"89xr8DZGlFKZ4Hiv1UahKM"},"_color":{"__type__":"cc.Color","r":168,"g":125,"b":85},"_contentSize":{"__type__":"cc.Size","width":162,"height":50.4},"_anchorPoint":{"__type__":"cc.Vec2","y":0.5},"_trs":{"__type__":"TypedArray","ctor":"Float64Array","array":[0,0,0,0,0,0,1,1,1,1]}},{"__type__":"cc.Label","node":{"__id__":14},"_materials":[{"__uuid__":"ecpdLyjvZBwrvm+cedCcQy"}],"_string":"请输入房间号","_N$string":"请输入房间号","_fontSize":27,"_enableWrapText":false,"_N$file":{"__uuid__":"5f5wQekV1CGpJW2meZozWn"},"_isSystemFontUsed":false,"_N$verticalAlign":1},{"__type__":"cc.Node","_name":"btn_search","_parent":{"__id__":1},"_components":[{"__type__":"cc.Sprite","node":{"__id__":16},"_materials":[{"__uuid__":"ecpdLyjvZBwrvm+cedCcQy"}],"_spriteFrame":{"__uuid__":"4fwp7c/UZONbc+zzlQmAZ8"}},{"__type__":"cc.Button","node":{"__id__":16},"clickEvents":[{"__type__":"cc.ClickEvent","target":{"__id__":1},"_componentId":"c6d95N+fvhGD4RDcsKW0ySZ","handler":"OnClick_BtnWnd"}],"_N$transition":3,"transition":3,"_N$normalColor":{"__type__":"cc.Color","r":214,"g":214,"b":214},"_N$target":{"__id__":16}}],"_prefab":{"__type__":"cc.PrefabInfo","root":{"__id__":1},"asset":{"__uuid__":"67MmgYC6pCf7Ffm+lI9u1+"},"fileId":"a2xAvHWDRCO69LS6Nb/j8F"},"_contentSize":{"__type__":"cc.Size","width":132,"height":54},"_trs":{"__type__":"TypedArray","ctor":"Float64Array","array":[246,-38.536,0,0,0,0,1,1,1,1]}},{"__type__":"cc.Node","_name":"lb_tip","_parent":{"__id__":1},"_components":[{"__type__":"cc.Label","node":{"__id__":17},"_materials":[{"__uuid__":"ecpdLyjvZBwrvm+cedCcQy"}],"_useOriginalSize":false,"_fontSize":28,"_lineHeight":28,"_N$file":{"__uuid__":"5f5wQekV1CGpJW2meZozWn"},"_isSystemFontUsed":false,"_N$horizontalAlign":1,"_N$verticalAlign":1}],"_prefab":{"__type__":"cc.PrefabInfo","root":{"__id__":1},"asset":{"__uuid__":"67MmgYC6pCf7Ffm+lI9u1+"},"fileId":"48B58wQy5DT5oUvXko1l3F"},"_color":{"__type__":"cc.Color","r":153,"g":137,"b":92},"_contentSize":{"__type__":"cc.Size","height":35.28},"_trs":{"__type__":"TypedArray","ctor":"Float64Array","array":[0,-246,0,0,0,0,1,1,1,1]}}],{"__type__":"cc.SpriteFrame","content":{"name":"img_black_60","texture":"e5dLSpyq9NPZ8mPvfDyGXH","rect":[0,0,100,100],"offset":[0,0],"originalSize":[100,100],"capInsets":[0,0,0,0]}},{"__type__":"cc.SpriteFrame","content":{"name":"img_mid_tc","texture":"4asdMjgIdHFY50gLjCBJEI","rect":[0,0,984,607],"offset":[0,0],"originalSize":[984,607],"capInsets":[0,151,0,48]}},{"__type__":"cc.SpriteFrame","content":{"name":"btn_close","texture":"adT+cX5aVEFrD91N8Yp4Db","rect":[0,0,79,80],"offset":[0,0],"originalSize":[79,80],"capInsets":[0,0,0,0]}},{"__type__":"cc.SpriteFrame","content":{"name":"bg_ss_input","texture":"ca/EeS3yFMBIeT2HPCRGmS","rect":[0,0,401,54],"offset":[0,0],"originalSize":[401,54],"capInsets":[93,14,85,14]}},{"__type__":"cc.SpriteFrame","content":{"name":"default_btn_pressed","texture":"b4P/PCArtIdIH38t6mlw8Y","rect":[0,0,40,40],"offset":[0,0],"originalSize":[40,40],"capInsets":[12,12,12,12]}}]