[[{"__type__":"cc.Prefab","_name":"UIForbidUserList","data":{"__id__":1}},{"__type__":"cc.Node","_name":"UIForbidUserList","_children":[{"__id__":2},{"__id__":3},{"__id__":8},{"__id__":23},{"__id__":24}],"_components":[{"__type__":"cc.Widget","node":{"__id__":1},"alignMode":0,"_alignFlags":45,"_left":-100,"_right":-100,"_originalWidth":1750,"_originalHeight":1360},{"__type__":"cc.Button","node":{"__id__":1},"_N$normalColor":{"__type__":"cc.Color","r":214,"g":214,"b":214},"_N$target":{"__id__":1}},{"__type__":"cc.Sprite","node":{"__id__":1},"_materials":[{"__uuid__":"ecpdLyjvZBwrvm+cedCcQy"}],"_spriteFrame":{"__uuid__":"86Zf39gLpJiYJ0+npxhZ2d"},"_sizeMode":0},{"__type__":"33452LU7PxMAKuOnmHZ94F2","node":{"__id__":1},"ZorderLv":8,"memberlist_scrollView":{"__id__":13},"memberlist_layout":{"__id__":14},"memberlist_demo":{"__id__":15}}],"_prefab":{"__type__":"cc.PrefabInfo","root":{"__id__":1},"asset":{"__uuid__":"3d0mF5OtRHEaEt5xJcsjyY"},"fileId":"c4c73mQCShCrbe+vjdz5wEW"},"_contentSize":{"__type__":"cc.Size","width":1560,"height":760},"_trs":{"__type__":"TypedArray","ctor":"Float64Array","array":[680,380,0,0,0,0,1,1,1,1]}},{"__type__":"cc.Node","_name":"bg","_parent":{"__id__":1},"_components":[{"__type__":"cc.Sprite","node":{"__id__":2},"_materials":[{"__uuid__":"ecpdLyjvZBwrvm+cedCcQy"}],"_spriteFrame":{"__uuid__":"860QQcJ79NtY/3BXKwHB9r"},"_type":1,"_sizeMode":0}],"_prefab":{"__type__":"cc.PrefabInfo","root":{"__id__":1},"asset":{"__uuid__":"3d0mF5OtRHEaEt5xJcsjyY"},"fileId":"84208kfpmxEf6aNNMmRQnIR"},"_contentSize":{"__type__":"cc.Size","width":1070,"height":610},"_trs":{"__type__":"TypedArray","ctor":"Float64Array","array":[0,0,0,0,0,0,1,1,1,1]}},{"__type__":"cc.Node","_name":"top","_parent":{"__id__":1},"_children":[{"__id__":4},{"__id__":5},{"__id__":6},{"__id__":7}],"_prefab":{"__type__":"cc.PrefabInfo","root":{"__id__":1},"asset":{"__uuid__":"3d0mF5OtRHEaEt5xJcsjyY"},"fileId":"9df57+Nwb5F9ZZPEd5ZDfKk"},"_trs":{"__type__":"TypedArray","ctor":"Float64Array","array":[0,295,0,0,0,0,1,1,1,1]}},{"__type__":"cc.Node","_name":"tip_tx","_parent":{"__id__":3},"_components":[{"__type__":"cc.Label","node":{"__id__":4},"_materials":[{"__uuid__":"ecpdLyjvZBwrvm+cedCcQy"}],"_useOriginalSize":false,"_string":"头像","_N$string":"头像","_fontSize":28,"_lineHeight":28,"_N$file":{"__uuid__":"5f5wQekV1CGpJW2meZozWn"},"_isSystemFontUsed":false,"_N$horizontalAlign":1,"_N$verticalAlign":1}],"_prefab":{"__type__":"cc.PrefabInfo","root":{"__id__":1},"asset":{"__uuid__":"3d0mF5OtRHEaEt5xJcsjyY"},"fileId":"062be37KphKK7XShdFUEuji"},"_color":{"__type__":"cc.Color","r":157,"g":61,"b":23},"_contentSize":{"__type__":"cc.Size","width":56,"height":35.28},"_trs":{"__type__":"TypedArray","ctor":"Float64Array","array":[-447,-43,0,0,0,0,1,1,1,1]}},{"__type__":"cc.Node","_name":"tip_name","_parent":{"__id__":3},"_components":[{"__type__":"cc.Label","node":{"__id__":5},"_materials":[{"__uuid__":"ecpdLyjvZBwrvm+cedCcQy"}],"_useOriginalSize":false,"_string":"玩家名称","_N$string":"玩家名称","_fontSize":28,"_lineHeight":28,"_N$file":{"__uuid__":"5f5wQekV1CGpJW2meZozWn"},"_isSystemFontUsed":false,"_N$horizontalAlign":1,"_N$verticalAlign":1}],"_prefab":{"__type__":"cc.PrefabInfo","root":{"__id__":1},"asset":{"__uuid__":"3d0mF5OtRHEaEt5xJcsjyY"},"fileId":"98d1b5KW/1Ak5hkMHgTgkye"},"_color":{"__type__":"cc.Color","r":157,"g":61,"b":23},"_contentSize":{"__type__":"cc.Size","width":112,"height":35.28},"_trs":{"__type__":"TypedArray","ctor":"Float64Array","array":[-242,-43,0,0,0,0,1,1,1,1]}},{"__type__":"cc.Node","_name":"tip_id","_parent":{"__id__":3},"_components":[{"__type__":"cc.Label","node":{"__id__":6},"_materials":[{"__uuid__":"ecpdLyjvZBwrvm+cedCcQy"}],"_useOriginalSize":false,"_string":"玩家ID","_N$string":"玩家ID","_fontSize":28,"_lineHeight":28,"_N$file":{"__uuid__":"5f5wQekV1CGpJW2meZozWn"},"_isSystemFontUsed":false,"_N$horizontalAlign":1,"_N$verticalAlign":1}],"_prefab":{"__type__":"cc.PrefabInfo","root":{"__id__":1},"asset":{"__uuid__":"3d0mF5OtRHEaEt5xJcsjyY"},"fileId":"a2bbeImwhtA379BRnFBfdvQ"},"_color":{"__type__":"cc.Color","r":157,"g":61,"b":23},"_contentSize":{"__type__":"cc.Size","width":81.27,"height":35.28},"_trs":{"__type__":"TypedArray","ctor":"Float64Array","array":[32,-43,0,0,0,0,1,1,1,1]}},{"__type__":"cc.Node","_name":"tip_cz","_parent":{"__id__":3},"_components":[{"__type__":"cc.Label","node":{"__id__":7},"_materials":[{"__uuid__":"ecpdLyjvZBwrvm+cedCcQy"}],"_useOriginalSize":false,"_string":"操作","_N$string":"操作","_fontSize":28,"_lineHeight":28,"_N$file":{"__uuid__":"5f5wQekV1CGpJW2meZozWn"},"_isSystemFontUsed":false,"_N$horizontalAlign":1,"_N$verticalAlign":1}],"_prefab":{"__type__":"cc.PrefabInfo","root":{"__id__":1},"asset":{"__uuid__":"3d0mF5OtRHEaEt5xJcsjyY"},"fileId":"4befcRdWmZAxKov03xMuA86"},"_color":{"__type__":"cc.Color","r":157,"g":61,"b":23},"_contentSize":{"__type__":"cc.Size","width":56,"height":35.28},"_trs":{"__type__":"TypedArray","ctor":"Float64Array","array":[345,-43,0,0,0,0,1,1,1,1]}},{"__type__":"cc.Node","_name":"mark","_parent":{"__id__":1},"_children":[{"__id__":9},{"__id__":15},{"__id__":14}],"_components":[{"__type__":"cc.Mask","node":{"__id__":8},"_materials":[{"__uuid__":"ecpdLyjvZBwrvm+cedCcQy"}],"_N$alphaThreshold":1},{"__id__":13}],"_prefab":{"__type__":"cc.PrefabInfo","root":{"__id__":1},"asset":{"__uuid__":"3d0mF5OtRHEaEt5xJcsjyY"},"fileId":"b4fadmMiCtNbKNq+RNNscB2"},"_contentSize":{"__type__":"cc.Size","width":1050,"height":420},"_anchorPoint":{"__type__":"cc.Vec2","x":0.5,"y":1},"_trs":{"__type__":"TypedArray","ctor":"Float64Array","array":[0,220,0,0,0,0,1,1,1,1]}},{"__type__":"cc.Node","_name":"scrollBar","_parent":{"__id__":8},"_children":[{"__id__":10}],"_components":[{"__id__":12},{"__type__":"cc.Widget","node":{"__id__":9},"alignMode":0,"_alignFlags":37,"_left":350.07654921020657,"_right":8.677999999999997,"_originalHeight":237},{"__type__":"cc.Sprite","node":{"__id__":9},"_materials":[{"__uuid__":"ecpdLyjvZBwrvm+cedCcQy"}],"_spriteFrame":{"__uuid__":"5f5dyqtRNNxaFmVzYns6FZ"},"_type":1,"_sizeMode":0}],"_prefab":{"__type__":"cc.PrefabInfo","root":{"__id__":1},"asset":{"__uuid__":"3d0mF5OtRHEaEt5xJcsjyY"},"fileId":"05Ju39DwJKtLHeosYgjRAO"},"_contentSize":{"__type__":"cc.Size","width":12,"height":420},"_anchorPoint":{"__type__":"cc.Vec2","x":1,"y":0.5},"_trs":{"__type__":"TypedArray","ctor":"Float64Array","array":[516.322,-210,0,0,0,0,1,1,1,1]}},{"__type__":"cc.Node","_name":"bar","_parent":{"__id__":9},"_components":[{"__id__":11}],"_prefab":{"__type__":"cc.PrefabInfo","root":{"__id__":1},"asset":{"__uuid__":"3d0mF5OtRHEaEt5xJcsjyY"},"fileId":"6aaDhLyelD46a+geSlo6E0"},"_contentSize":{"__type__":"cc.Size","width":10,"height":30},"_anchorPoint":{"__type__":"cc.Vec2","x":1},"_trs":{"__type__":"TypedArray","ctor":"Float64Array","array":[-1,179,0,0,0,0,1,1,1,1]}},{"__type__":"cc.Sprite","node":{"__id__":10},"_materials":[{"__uuid__":"ecpdLyjvZBwrvm+cedCcQy"}],"_spriteFrame":{"__uuid__":"5cO7kybDxGj4ipyMYdRYZB"},"_type":1,"_sizeMode":0},{"__type__":"cc.Scrollbar","node":{"__id__":9},"_scrollView":{"__id__":13},"enableAutoHide":false,"_N$handle":{"__id__":11},"_N$direction":1},{"__type__":"cc.ScrollView","node":{"__id__":8},"horizontal":false,"brake":0.9,"_N$content":{"__id__":14},"content":{"__id__":14},"_N$verticalScrollBar":{"__id__":12}},{"__type__":"cc.Node","_name":"layout","_parent":{"__id__":8},"_components":[{"__type__":"cc.Layout","node":{"__id__":14},"_layoutSize":{"__type__":"cc.Size","width":1050,"height":100},"_resize":1,"_N$layoutType":2,"_N$spacingY":5}],"_prefab":{"__type__":"cc.PrefabInfo","root":{"__id__":1},"asset":{"__uuid__":"3d0mF5OtRHEaEt5xJcsjyY"},"fileId":"b65bbk6+1dHB4l4ov6ZU81x"},"_contentSize":{"__type__":"cc.Size","width":1050,"height":100},"_anchorPoint":{"__type__":"cc.Vec2","x":0.5,"y":1},"_trs":{"__type__":"TypedArray","ctor":"Float64Array","array":[0,0,0,0,0,0,1,1,1,1]}},{"__type__":"cc.Node","_name":"user_demo","_parent":{"__id__":8},"_children":[{"__id__":16},{"__id__":17},{"__id__":18},{"__id__":19},{"__id__":21}],"_active":false,"_components":[{"__type__":"cc.Sprite","node":{"__id__":15},"_materials":[{"__uuid__":"ecpdLyjvZBwrvm+cedCcQy"}],"_spriteFrame":{"__uuid__":"868MUC+T9JIKzfugjS3Hwm"},"_type":1,"_sizeMode":0}],"_prefab":{"__type__":"cc.PrefabInfo","root":{"__id__":1},"asset":{"__uuid__":"3d0mF5OtRHEaEt5xJcsjyY"},"fileId":"5c391Cd0z5NKK31EHobpNxg"},"_contentSize":{"__type__":"cc.Size","width":1000,"height":100},"_trs":{"__type__":"TypedArray","ctor":"Float64Array","array":[0,-50,0,0,0,0,1,1,1,1]}},{"__type__":"cc.Node","_name":"head","_parent":{"__id__":15},"_components":[{"__type__":"cc.Sprite","node":{"__id__":16},"_materials":[{"__uuid__":"ecpdLyjvZBwrvm+cedCcQy"}],"_spriteFrame":{"__uuid__":"e6JNuRrHVFM4KYnmai3HR+"},"_sizeMode":0},{"__type__":"f42b8ZzNWFKKI/QT/n8cR1+","node":{"__id__":16}}],"_prefab":{"__type__":"cc.PrefabInfo","root":{"__id__":1},"asset":{"__uuid__":"3d0mF5OtRHEaEt5xJcsjyY"},"fileId":"2d253ERtzFNc4R0l7ozaObJ"},"_contentSize":{"__type__":"cc.Size","width":80,"height":80},"_trs":{"__type__":"TypedArray","ctor":"Float64Array","array":[-447,0,0,0,0,0,1,1,1,1]}},{"__type__":"cc.Node","_name":"name","_parent":{"__id__":15},"_components":[{"__type__":"cc.Label","node":{"__id__":17},"_materials":[{"__uuid__":"ecpdLyjvZBwrvm+cedCcQy"}],"_useOriginalSize":false,"_string":"玩家姓名七个字","_N$string":"玩家姓名七个字","_fontSize":28,"_lineHeight":28,"_N$file":{"__uuid__":"5f5wQekV1CGpJW2meZozWn"},"_isSystemFontUsed":false,"_N$horizontalAlign":1,"_N$verticalAlign":1}],"_prefab":{"__type__":"cc.PrefabInfo","root":{"__id__":1},"asset":{"__uuid__":"3d0mF5OtRHEaEt5xJcsjyY"},"fileId":"85fce6NGwRJLrkqr13MmIse"},"_color":{"__type__":"cc.Color","r":138,"g":55},"_contentSize":{"__type__":"cc.Size","width":196,"height":35.28},"_trs":{"__type__":"TypedArray","ctor":"Float64Array","array":[-240,0,0,0,0,0,1,1,1,1]}},{"__type__":"cc.Node","_name":"id","_parent":{"__id__":15},"_components":[{"__type__":"cc.Label","node":{"__id__":18},"_materials":[{"__uuid__":"ecpdLyjvZBwrvm+cedCcQy"}],"_useOriginalSize":false,"_string":"71048888","_N$string":"71048888","_fontSize":28,"_lineHeight":28,"_N$file":{"__uuid__":"5f5wQekV1CGpJW2meZozWn"},"_isSystemFontUsed":false,"_N$horizontalAlign":1,"_N$verticalAlign":1}],"_prefab":{"__type__":"cc.PrefabInfo","root":{"__id__":1},"asset":{"__uuid__":"3d0mF5OtRHEaEt5xJcsjyY"},"fileId":"50cc56ddXtFq7TAtr7QBW3E"},"_color":{"__type__":"cc.Color","r":138,"g":55},"_contentSize":{"__type__":"cc.Size","width":121.08,"height":35.28},"_trs":{"__type__":"TypedArray","ctor":"Float64Array","array":[28,0,0,0,0,0,1,1,1,1]}},{"__type__":"cc.Node","_name":"btn_add","_parent":{"__id__":15},"_children":[{"__id__":20}],"_components":[{"__type__":"cc.Sprite","node":{"__id__":19},"_materials":[{"__uuid__":"ecpdLyjvZBwrvm+cedCcQy"}],"_spriteFrame":{"__uuid__":"4dfZzLdPxMHIH8HzdecOfs"},"_type":1,"_sizeMode":0},{"__type__":"cc.Button","node":{"__id__":19},"clickEvents":[{"__type__":"cc.ClickEvent","target":{"__id__":1},"_componentId":"33452LU7PxMAKuOnmHZ94F2","handler":"OnClick_BtnWnd"}],"_N$transition":3,"transition":3,"_N$normalColor":{"__type__":"cc.Color","r":214,"g":214,"b":214},"_N$target":{"__id__":19}}],"_prefab":{"__type__":"cc.PrefabInfo","root":{"__id__":1},"asset":{"__uuid__":"3d0mF5OtRHEaEt5xJcsjyY"},"fileId":"21b41KR9qdIo7v+G+KNcOS2"},"_contentSize":{"__type__":"cc.Size","width":202,"height":54},"_trs":{"__type__":"TypedArray","ctor":"Float64Array","array":[345,0,0,0,0,0,1,1,1,1]}},{"__type__":"cc.Node","_name":"lb","_parent":{"__id__":19},"_components":[{"__type__":"cc.Label","node":{"__id__":20},"_materials":[{"__uuid__":"ecpdLyjvZBwrvm+cedCcQy"}],"_useOriginalSize":false,"_string":"添加禁止同桌","_N$string":"添加禁止同桌","_fontSize":30,"_N$file":{"__uuid__":"5f5wQekV1CGpJW2meZozWn"},"_isSystemFontUsed":false,"_N$horizontalAlign":1,"_N$verticalAlign":1},{"__type__":"cc.LabelOutline","node":{"__id__":20},"_color":{"__type__":"cc.Color","r":26,"g":142,"b":64},"_width":2}],"_prefab":{"__type__":"cc.PrefabInfo","root":{"__id__":1},"asset":{"__uuid__":"3d0mF5OtRHEaEt5xJcsjyY"},"fileId":"1d6cc/GN4xDs72qlrB04ApI"},"_contentSize":{"__type__":"cc.Size","width":184,"height":54.4},"_trs":{"__type__":"TypedArray","ctor":"Float64Array","array":[0,2,0,0,0,0,1,0.9,0.9,1]}},{"__type__":"cc.Node","_name":"btn_del","_parent":{"__id__":15},"_children":[{"__id__":22}],"_components":[{"__type__":"cc.Sprite","node":{"__id__":21},"_materials":[{"__uuid__":"ecpdLyjvZBwrvm+cedCcQy"}],"_spriteFrame":{"__uuid__":"d0IaV4a8dCU7lXnJhC6AS2"},"_type":1,"_sizeMode":0},{"__type__":"cc.Button","node":{"__id__":21},"clickEvents":[{"__type__":"cc.ClickEvent","target":{"__id__":1},"_componentId":"33452LU7PxMAKuOnmHZ94F2","handler":"OnClick_BtnWnd"}],"_N$transition":3,"transition":3,"_N$normalColor":{"__type__":"cc.Color","r":214,"g":214,"b":214},"_N$target":{"__id__":21}}],"_prefab":{"__type__":"cc.PrefabInfo","root":{"__id__":1},"asset":{"__uuid__":"3d0mF5OtRHEaEt5xJcsjyY"},"fileId":"c2c73JsTxRA+IhKgD8oX/1I"},"_contentSize":{"__type__":"cc.Size","width":202,"height":54},"_trs":{"__type__":"TypedArray","ctor":"Float64Array","array":[345,0,0,0,0,0,1,1,1,1]}},{"__type__":"cc.Node","_name":"lb","_parent":{"__id__":21},"_components":[{"__type__":"cc.Label","node":{"__id__":22},"_materials":[{"__uuid__":"ecpdLyjvZBwrvm+cedCcQy"}],"_useOriginalSize":false,"_string":"取消禁止同桌","_N$string":"取消禁止同桌","_fontSize":30,"_N$file":{"__uuid__":"5f5wQekV1CGpJW2meZozWn"},"_isSystemFontUsed":false,"_N$horizontalAlign":1,"_N$verticalAlign":1},{"__type__":"cc.LabelOutline","node":{"__id__":22},"_color":{"__type__":"cc.Color","r":151,"g":56,"b":4},"_width":2}],"_prefab":{"__type__":"cc.PrefabInfo","root":{"__id__":1},"asset":{"__uuid__":"3d0mF5OtRHEaEt5xJcsjyY"},"fileId":"c7a2akUQ6dOc7KZOTdafif0"},"_contentSize":{"__type__":"cc.Size","width":184,"height":54.4},"_trs":{"__type__":"TypedArray","ctor":"Float64Array","array":[0,2,0,0,0,0,1,0.9,0.9,1]}},{"__type__":"cc.Node","_name":"btn_close","_parent":{"__id__":1},"_components":[{"__type__":"cc.Sprite","node":{"__id__":23},"_materials":[{"__uuid__":"ecpdLyjvZBwrvm+cedCcQy"}],"_spriteFrame":{"__uuid__":"d9ZhflMOxHW7JHl9dya866"}},{"__type__":"cc.Button","node":{"__id__":23},"clickEvents":[{"__type__":"cc.ClickEvent","target":{"__id__":1},"_componentId":"33452LU7PxMAKuOnmHZ94F2","handler":"OnClick_BtnWnd"}],"_N$normalColor":{"__type__":"cc.Color","r":214,"g":214,"b":214},"_N$target":{"__id__":23}}],"_prefab":{"__type__":"cc.PrefabInfo","root":{"__id__":1},"asset":{"__uuid__":"3d0mF5OtRHEaEt5xJcsjyY"},"fileId":"8d535tzTcJFY5jyVz2KvVL7"},"_contentSize":{"__type__":"cc.Size","width":79,"height":80},"_trs":{"__type__":"TypedArray","ctor":"Float64Array","array":[516,287,0,0,0,0,1,1,1,1]}},{"__type__":"cc.Node","_name":"btn_addByPid","_parent":{"__id__":1},"_children":[{"__id__":25}],"_components":[{"__type__":"cc.Sprite","node":{"__id__":24},"_materials":[{"__uuid__":"ecpdLyjvZBwrvm+cedCcQy"}],"_spriteFrame":{"__uuid__":"4dfZzLdPxMHIH8HzdecOfs"},"_type":1,"_sizeMode":0},{"__type__":"cc.Button","node":{"__id__":24},"clickEvents":[{"__type__":"cc.ClickEvent","target":{"__id__":1},"_componentId":"33452LU7PxMAKuOnmHZ94F2","handler":"OnClick_BtnWnd"}],"_N$transition":3,"transition":3,"_N$normalColor":{"__type__":"cc.Color","r":214,"g":214,"b":214},"_N$target":{"__id__":24}}],"_prefab":{"__type__":"cc.PrefabInfo","root":{"__id__":1},"asset":{"__uuid__":"3d0mF5OtRHEaEt5xJcsjyY"},"fileId":"10r0mlV1pFDbXoC/+LdUR+"},"_contentSize":{"__type__":"cc.Size","width":202,"height":54},"_trs":{"__type__":"TypedArray","ctor":"Float64Array","array":[394.006,-244.511,0,0,0,0,1,1,1,1]}},{"__type__":"cc.Node","_name":"lb","_parent":{"__id__":24},"_components":[{"__type__":"cc.Label","node":{"__id__":25},"_materials":[{"__uuid__":"ecpdLyjvZBwrvm+cedCcQy"}],"_useOriginalSize":false,"_string":"添加禁止同桌","_N$string":"添加禁止同桌","_fontSize":30,"_N$file":{"__uuid__":"5f5wQekV1CGpJW2meZozWn"},"_isSystemFontUsed":false,"_N$horizontalAlign":1,"_N$verticalAlign":1},{"__type__":"cc.LabelOutline","node":{"__id__":25},"_color":{"__type__":"cc.Color","r":26,"g":142,"b":64},"_width":2}],"_prefab":{"__type__":"cc.PrefabInfo","root":{"__id__":1},"asset":{"__uuid__":"3d0mF5OtRHEaEt5xJcsjyY"},"fileId":"8fU9XiOQlPVa1aPtZRPu6A"},"_contentSize":{"__type__":"cc.Size","width":184,"height":54.4},"_trs":{"__type__":"TypedArray","ctor":"Float64Array","array":[0,2,0,0,0,0,1,0.9,0.9,1]}}],{"__type__":"cc.SpriteFrame","content":{"name":"btn_green","texture":"65jvX4TYFFG6wc85AH3ulM","rect":[0,0,128,49],"offset":[0,0],"originalSize":[128,49],"capInsets":[0,0,0,0]}},{"__type__":"cc.SpriteFrame","content":{"name":"default_scrollbar_vertical","texture":"d608qFRoFHwbXd0Dap056i","rect":[0,0,15,30],"offset":[0,0],"originalSize":[15,30],"capInsets":[4,10,4,10]}},{"__type__":"cc.SpriteFrame","content":{"name":"default_scrollbar_vertical_bg","texture":"61cyPdEfRN047sDK9rO0W5","rect":[0,0,15,30],"offset":[0,0],"originalSize":[15,30],"capInsets":[4,10,4,10]}},{"__type__":"cc.SpriteFrame","content":{"name":"img_black_60","texture":"e5dLSpyq9NPZ8mPvfDyGXH","rect":[0,0,100,100],"offset":[0,0],"originalSize":[100,100],"capInsets":[0,0,0,0]}},{"__type__":"cc.SpriteFrame","content":{"name":"bg_03","texture":"a5bwYnRZpIErd3A2H84r2w","rect":[0,0,1086,628],"offset":[0,0],"originalSize":[1086,628],"capInsets":[0,0,0,0]}},{"__type__":"cc.SpriteFrame","content":{"name":"bg_content_list","texture":"94rptFkJxBt7xk09keWqcA","rect":[0,0,101,93],"offset":[0,0],"originalSize":[101,93],"capInsets":[37,38,32,37]}},{"__type__":"cc.SpriteFrame","content":{"name":"btn_red","texture":"59sNqoniFOuo/XQI4SnXiT","rect":[0,0,128,49],"offset":[0,0],"originalSize":[128,49],"capInsets":[43,9,39,18]}},{"__type__":"cc.SpriteFrame","content":{"name":"btn_close","texture":"adT+cX5aVEFrD91N8Yp4Db","rect":[0,0,79,80],"offset":[0,0],"originalSize":[79,80],"capInsets":[0,0,0,0]}},{"__type__":"cc.SpriteFrame","content":{"name":"morentouxiang","texture":"189664600","rect":[181,652,60,60],"offset":[0,0],"originalSize":[60,60],"capInsets":[0,0,0,0]}}]