[{"__type__":"cc.AnimationClip","_name":"fourBag","_duration":1.05,"sample":20,"curveData":{"comps":{"cc.Sprite":{"spriteFrame":[{"frame":0,"value":{"__uuid__":"fjssz414-6c27-414d-acf6-d87ae4787294"}},{"frame":0.25,"value":{"__uuid__":"fjssz414-6c27-414d-acf6-d87ae4787294"}},{"frame":0.5,"value":{"__uuid__":"fjssz414-6c27-414d-acf6-d87ae4787294"}},{"frame":0.75,"value":{"__uuid__":"fjssz414-6c27-414d-acf6-d87ae4787294"}},{"frame":1,"value":{"__uuid__":"fjssz414-6c27-414d-acf6-d87ae4787294"}}]}},"props":{"scaleX":[{"frame":0,"value":0.2},{"frame":0.25,"value":0.4},{"frame":0.5,"value":0.6},{"frame":0.75,"value":0.8},{"frame":1,"value":1}],"scaleY":[{"frame":0,"value":0.2},{"frame":0.25,"value":0.4},{"frame":0.5,"value":0.6},{"frame":0.75,"value":0.8},{"frame":1,"value":1}],"angle":[{"frame":0,"value":0},{"frame":0.25,"value":-90},{"frame":0.5,"value":-180},{"frame":0.75,"value":-270},{"frame":1,"value":-360}]}}},{"__type__":"cc.SpriteFrame","content":{"name":"home_run","texture":"fjsszdac-7ad4-4bc6-b5b0-6a74000ad3ae","rect":[0,0,584,426],"offset":[0,0],"originalSize":[584,426],"capInsets":[0,0,0,0]}}]