[[{"__type__":"cc.Prefab","_name":"UILSResultOne","data":{"__id__":1}},{"__type__":"cc.Node","_name":"UILSResultOne","_children":[{"__id__":2},{"__id__":3},{"__id__":6},{"__id__":9},{"__id__":14},{"__id__":15},{"__id__":123}],"_components":[{"__type__":"cc.Widget","node":{"__id__":1},"alignMode":0,"_alignFlags":45},{"__type__":"8931c7cbz1JFa8nVvpP/jXp","node":{"__id__":1},"ZorderLv":9,"pre_result":{"__id__":15},"frame":{"__uuid__":"9fjnXCkuZFrYYPOSucW9WU"}},{"__type__":"cc.BlockInputEvents","node":{"__id__":1}}],"_prefab":{"__type__":"cc.PrefabInfo","root":{"__id__":1},"asset":{"__uuid__":"038nrvOSxEIr/Ibnxkv/sB"},"fileId":"2b82flGzAZKY7KFiWx25Scf"},"_contentSize":{"__type__":"cc.Size","width":1360,"height":760},"_trs":{"__type__":"TypedArray","ctor":"Float64Array","array":[680,380,0,0,0,0,1,1,1,1]}},{"__type__":"cc.Node","_name":"bg00","_parent":{"__id__":1},"_components":[{"__type__":"cc.Sprite","node":{"__id__":2},"_materials":[{"__uuid__":"ecpdLyjvZBwrvm+cedCcQy"}],"_spriteFrame":{"__uuid__":"9bvaMerUlDyary99mJa6xp"},"_type":1,"_sizeMode":0},{"__type__":"cc.Widget","node":{"__id__":2},"alignMode":0,"_alignFlags":45,"_top":1.7763568394002505e-14,"_bottom":-1.7763568394002505e-14,"_originalWidth":100,"_originalHeight":100}],"_prefab":{"__type__":"cc.PrefabInfo","root":{"__id__":1},"asset":{"__uuid__":"038nrvOSxEIr/Ibnxkv/sB"},"fileId":"9dyLFgk1lC3Yg6panwddTo"},"_opacity":140,"_color":{"__type__":"cc.Color"},"_contentSize":{"__type__":"cc.Size","width":1360,"height":760},"_trs":{"__type__":"TypedArray","ctor":"Float64Array","array":[0,0,0,0,0,0,1,1,1,1]}},{"__type__":"cc.Node","_name":"bg","_parent":{"__id__":1},"_children":[{"__id__":4},{"__id__":5}],"_components":[{"__type__":"cc.Sprite","node":{"__id__":3},"_materials":[{"__uuid__":"ecpdLyjvZBwrvm+cedCcQy"}],"_spriteFrame":{"__uuid__":"0c/5HuhmhO34eGLSjxQi8Q"},"_type":1,"_sizeMode":0},{"__type__":"cc.Widget","node":{"__id__":3},"alignMode":0,"_alignFlags":5,"_left":630,"_right":630,"_originalWidth":100,"_originalHeight":669}],"_prefab":{"__type__":"cc.PrefabInfo","root":{"__id__":1},"asset":{"__uuid__":"038nrvOSxEIr/Ibnxkv/sB"},"fileId":"858wnit/5Coa3qtZnp5rUm"},"_contentSize":{"__type__":"cc.Size","width":881,"height":760},"_anchorPoint":{"__type__":"cc.Vec2","y":0.5},"_trs":{"__type__":"TypedArray","ctor":"Float64Array","array":[0,0,0,0,0,0,1,1,1,1]}},{"__type__":"cc.Node","_name":"win","_parent":{"__id__":3},"_components":[{"__type__":"cc.Sprite","node":{"__id__":4},"_materials":[{"__uuid__":"ecpdLyjvZBwrvm+cedCcQy"}],"_spriteFrame":{"__uuid__":"60vovm5UNLb7MsTF/rumc6"}}],"_prefab":{"__type__":"cc.PrefabInfo","root":{"__id__":1},"asset":{"__uuid__":"038nrvOSxEIr/Ibnxkv/sB"},"fileId":"88jlHOhGlHSZUV+JZ+AtcT"},"_contentSize":{"__type__":"cc.Size","width":278,"height":145},"_trs":{"__type__":"TypedArray","ctor":"Float64Array","array":[0,307.587,0,0,0,0,1,1,1,1]}},{"__type__":"cc.Node","_name":"bg","_parent":{"__id__":3},"_components":[{"__type__":"cc.Sprite","node":{"__id__":5},"_materials":[{"__uuid__":"ecpdLyjvZBwrvm+cedCcQy"}],"_spriteFrame":{"__uuid__":"0c/5HuhmhO34eGLSjxQi8Q"},"_type":1,"_sizeMode":0},{"__type__":"cc.Widget","node":{"__id__":5},"alignMode":0,"_alignFlags":5,"_left":1662,"_right":-881,"_originalWidth":100,"_originalHeight":100}],"_prefab":{"__type__":"cc.PrefabInfo","root":{"__id__":1},"asset":{"__uuid__":"038nrvOSxEIr/Ibnxkv/sB"},"fileId":"20vooVqgFMKLS3lct/yypg"},"_contentSize":{"__type__":"cc.Size","width":881,"height":760},"_anchorPoint":{"__type__":"cc.Vec2","y":0.5},"_trs":{"__type__":"TypedArray","ctor":"Float64Array","array":[1,0,0,0,0,0,1,-1,1,1]}},{"__type__":"cc.Node","_name":"bg1","_parent":{"__id__":1},"_children":[{"__id__":7},{"__id__":8}],"_active":false,"_components":[{"__type__":"cc.Sprite","node":{"__id__":6},"_materials":[{"__uuid__":"ecpdLyjvZBwrvm+cedCcQy"}],"_spriteFrame":{"__uuid__":"3fro9f+G5J9oUxPwGUiDzZ"},"_type":1,"_sizeMode":0},{"__type__":"cc.Widget","node":{"__id__":6},"alignMode":0,"_alignFlags":5,"_left":630,"_right":630,"_originalWidth":100,"_originalHeight":669}],"_prefab":{"__type__":"cc.PrefabInfo","root":{"__id__":1},"asset":{"__uuid__":"038nrvOSxEIr/Ibnxkv/sB"},"fileId":"b5g66oRXBBPJFrnL4YpHl1"},"_contentSize":{"__type__":"cc.Size","width":881,"height":760},"_anchorPoint":{"__type__":"cc.Vec2","y":0.5},"_trs":{"__type__":"TypedArray","ctor":"Float64Array","array":[0,0,0,0,0,0,1,1,1,1]}},{"__type__":"cc.Node","_name":"win","_parent":{"__id__":6},"_components":[{"__type__":"cc.Sprite","node":{"__id__":7},"_materials":[{"__uuid__":"ecpdLyjvZBwrvm+cedCcQy"}],"_spriteFrame":{"__uuid__":"82iZMlErZJIpXI/TVjH5k6"}}],"_prefab":{"__type__":"cc.PrefabInfo","root":{"__id__":1},"asset":{"__uuid__":"038nrvOSxEIr/Ibnxkv/sB"},"fileId":"ddsMqClLhF37jTGSfB659j"},"_contentSize":{"__type__":"cc.Size","width":278,"height":145},"_trs":{"__type__":"TypedArray","ctor":"Float64Array","array":[0,307.587,0,0,0,0,1,1,1,1]}},{"__type__":"cc.Node","_name":"bg","_parent":{"__id__":6},"_components":[{"__type__":"cc.Sprite","node":{"__id__":8},"_materials":[{"__uuid__":"ecpdLyjvZBwrvm+cedCcQy"}],"_spriteFrame":{"__uuid__":"3fro9f+G5J9oUxPwGUiDzZ"},"_type":1,"_sizeMode":0},{"__type__":"cc.Widget","node":{"__id__":8},"alignMode":0,"_alignFlags":5,"_left":1662,"_right":-881,"_originalWidth":100,"_originalHeight":100}],"_prefab":{"__type__":"cc.PrefabInfo","root":{"__id__":1},"asset":{"__uuid__":"038nrvOSxEIr/Ibnxkv/sB"},"fileId":"84oGW0cRxGDrL88ubsTMYB"},"_contentSize":{"__type__":"cc.Size","width":881,"height":760},"_anchorPoint":{"__type__":"cc.Vec2","y":0.5},"_trs":{"__type__":"TypedArray","ctor":"Float64Array","array":[1,0,0,0,0,0,1,-1,1,1]}},{"__type__":"cc.Node","_name":"btnList","_parent":{"__id__":1},"_children":[{"__id__":10},{"__id__":12}],"_components":[{"__type__":"cc.Layout","node":{"__id__":9},"_layoutSize":{"__type__":"cc.Size","width":450,"height":80},"_resize":1,"_N$layoutType":1,"_N$spacingX":50}],"_prefab":{"__type__":"cc.PrefabInfo","root":{"__id__":1},"asset":{"__uuid__":"038nrvOSxEIr/Ibnxkv/sB"},"fileId":"f4z3GLBEpHvrjYMJ18hDMp"},"_contentSize":{"__type__":"cc.Size","width":450,"height":80},"_trs":{"__type__":"TypedArray","ctor":"Float64Array","array":[0,-319.671,0,0,0,0,1,1,1,1]}},{"__type__":"cc.Node","_name":"btn_continue","_parent":{"__id__":9},"_children":[{"__id__":11}],"_components":[{"__type__":"cc.Sprite","node":{"__id__":10},"_materials":[{"__uuid__":"ecpdLyjvZBwrvm+cedCcQy"}],"_spriteFrame":{"__uuid__":"27SrLTebFDU6m8+JdZfnP/"},"_sizeMode":0},{"__type__":"cc.Button","node":{"__id__":10},"clickEvents":[{"__type__":"cc.ClickEvent","target":{"__id__":1},"_componentId":"8931c7cbz1JFa8nVvpP/jXp","handler":"OnClick_BtnWnd"}],"_N$transition":3,"transition":3,"_N$normalColor":{"__type__":"cc.Color","r":214,"g":214,"b":214},"_N$target":{"__id__":10}}],"_prefab":{"__type__":"cc.PrefabInfo","root":{"__id__":1},"asset":{"__uuid__":"038nrvOSxEIr/Ibnxkv/sB"},"fileId":"29cPCHUFpCR47Ph+bxoRLh"},"_contentSize":{"__type__":"cc.Size","width":200,"height":80},"_trs":{"__type__":"TypedArray","ctor":"Float64Array","array":[-125,0,0,0,0,0,1,1,1,1]}},{"__type__":"cc.Node","_name":"New Label","_parent":{"__id__":10},"_components":[{"__type__":"cc.Label","node":{"__id__":11},"_materials":[{"__uuid__":"ecpdLyjvZBwrvm+cedCcQy"}],"_useOriginalSize":false,"_string":"继续游戏","_N$string":"继续游戏","_fontSize":36,"_N$file":{"__uuid__":"fjssz345-cbe0-4203-a8ca-8141b2e63f4f"},"_isSystemFontUsed":false,"_N$horizontalAlign":1,"_N$verticalAlign":1},{"__type__":"cc.LabelOutline","node":{"__id__":11},"_color":{"__type__":"cc.Color","r":125,"g":70}}],"_prefab":{"__type__":"cc.PrefabInfo","root":{"__id__":1},"asset":{"__uuid__":"038nrvOSxEIr/Ibnxkv/sB"},"fileId":"18DsNN7oJHUryw+2nordQW"},"_color":{"__type__":"cc.Color","r":255,"g":245,"b":178},"_contentSize":{"__type__":"cc.Size","width":146,"height":52.4},"_trs":{"__type__":"TypedArray","ctor":"Float64Array","array":[0,0,0,0,0,0,1,1,1,1]}},{"__type__":"cc.Node","_name":"btn_qiepai","_parent":{"__id__":9},"_children":[{"__id__":13}],"_components":[{"__type__":"cc.Sprite","node":{"__id__":12},"_materials":[{"__uuid__":"ecpdLyjvZBwrvm+cedCcQy"}],"_spriteFrame":{"__uuid__":"b779d+BTZMDphAxzMd9tR0"},"_sizeMode":0},{"__type__":"cc.Button","node":{"__id__":12},"clickEvents":[{"__type__":"cc.ClickEvent","target":{"__id__":1},"_componentId":"8931c7cbz1JFa8nVvpP/jXp","handler":"OnClick_BtnWnd"}],"_N$transition":3,"transition":3,"_N$normalColor":{"__type__":"cc.Color","r":214,"g":214,"b":214},"_N$target":{"__id__":12}}],"_prefab":{"__type__":"cc.PrefabInfo","root":{"__id__":1},"asset":{"__uuid__":"038nrvOSxEIr/Ibnxkv/sB"},"fileId":"34Cw7vgUFEpZLAD4dJH/M0"},"_contentSize":{"__type__":"cc.Size","width":200,"height":80},"_trs":{"__type__":"TypedArray","ctor":"Float64Array","array":[125,0,0,0,0,0,1,1,1,1]}},{"__type__":"cc.Node","_name":"New Label","_parent":{"__id__":12},"_components":[{"__type__":"cc.Label","node":{"__id__":13},"_materials":[{"__uuid__":"ecpdLyjvZBwrvm+cedCcQy"}],"_useOriginalSize":false,"_string":"切牌","_N$string":"切牌","_fontSize":36,"_N$file":{"__uuid__":"fjssz345-cbe0-4203-a8ca-8141b2e63f4f"},"_isSystemFontUsed":false,"_N$horizontalAlign":1,"_N$verticalAlign":1},{"__type__":"cc.LabelOutline","node":{"__id__":13},"_color":{"__type__":"cc.Color","r":125,"g":70}}],"_prefab":{"__type__":"cc.PrefabInfo","root":{"__id__":1},"asset":{"__uuid__":"038nrvOSxEIr/Ibnxkv/sB"},"fileId":"82oxmWIbJFBZxWNaW1y+Zz"},"_color":{"__type__":"cc.Color","r":255,"g":245,"b":178},"_contentSize":{"__type__":"cc.Size","width":74,"height":52.4},"_trs":{"__type__":"TypedArray","ctor":"Float64Array","array":[0,0,0,0,0,0,1,1,1,1]}},{"__type__":"cc.Node","_name":"playerAll","_objFlags":512,"_parent":{"__id__":1},"_components":[{"__type__":"cc.Layout","node":{"__id__":14},"_layoutSize":{"__type__":"cc.Size","width":162,"height":500},"_resize":1,"_N$layoutType":1,"_N$spacingX":5,"_N$spacingY":30}],"_prefab":{"__type__":"cc.PrefabInfo","root":{"__id__":1},"asset":{"__uuid__":"038nrvOSxEIr/Ibnxkv/sB"},"fileId":"60ILGsbUBKyYy9m/TRFktR"},"_contentSize":{"__type__":"cc.Size","width":162,"height":500},"_trs":{"__type__":"TypedArray","ctor":"Float64Array","array":[0,0,0,0,0,0,1,1,1,1]}},{"__type__":"cc.Node","_name":"demo","_objFlags":512,"_parent":{"__id__":1},"_children":[{"__id__":16},{"__id__":26}],"_components":[{"__type__":"cc.Sprite","node":{"__id__":15},"_materials":[{"__uuid__":"ecpdLyjvZBwrvm+cedCcQy"}],"_spriteFrame":{"__uuid__":"cat2zAmatO0pVGUNoNmkFu"}}],"_prefab":{"__type__":"cc.PrefabInfo","root":{"__id__":1},"asset":{"__uuid__":"038nrvOSxEIr/Ibnxkv/sB"},"fileId":"84VmzWS3dKhrfjr15/b4c3"},"_contentSize":{"__type__":"cc.Size","width":162,"height":439},"_trs":{"__type__":"TypedArray","ctor":"Float64Array","array":[0,0,0,0,0,0,1,1,1,1]}},{"__type__":"cc.Node","_name":"user","_parent":{"__id__":15},"_children":[{"__id__":17},{"__id__":19},{"__id__":20},{"__id__":21},{"__id__":22},{"__id__":23}],"_prefab":{"__type__":"cc.PrefabInfo","root":{"__id__":1},"asset":{"__uuid__":"038nrvOSxEIr/Ibnxkv/sB"},"fileId":"86MwhTlSpE2417G9HTQqKG"},"_contentSize":{"__type__":"cc.Size","width":201,"height":203},"_trs":{"__type__":"TypedArray","ctor":"Float64Array","array":[7.639,-40,0,0,0,0,1,1,1,1]}},{"__type__":"cc.Node","_name":"head","_parent":{"__id__":16},"_children":[{"__id__":18}],"_components":[{"__type__":"cc.Sprite","node":{"__id__":17},"_materials":[{"__uuid__":"ecpdLyjvZBwrvm+cedCcQy"}],"_spriteFrame":{"__uuid__":"fjsszbd4-6d8e-4361-aae8-91caca6f2355"},"_sizeMode":0},{"__type__":"fjssz551-cdf7-4ff7-b9d1-ff119733cfed","node":{"__id__":17}}],"_prefab":{"__type__":"cc.PrefabInfo","root":{"__id__":1},"asset":{"__uuid__":"038nrvOSxEIr/Ibnxkv/sB"},"fileId":"938BIe7npI+LmQhkVGWmJC"},"_contentSize":{"__type__":"cc.Size","width":88,"height":82},"_trs":{"__type__":"TypedArray","ctor":"Float64Array","array":[-8.672,207.873,0,0,0,0,1,1,1,1]}},{"__type__":"cc.Node","_name":"img_txk","_parent":{"__id__":17},"_components":[{"__type__":"cc.Sprite","node":{"__id__":18},"_materials":[{"__uuid__":"ecpdLyjvZBwrvm+cedCcQy"}],"_spriteFrame":{"__uuid__":"f2ZQ27j0pFl4TgBggDMagG"}}],"_prefab":{"__type__":"cc.PrefabInfo","root":{"__id__":1},"asset":{"__uuid__":"038nrvOSxEIr/Ibnxkv/sB"},"fileId":"a5B2xPS6NGOIgjjE+ZdX9k"},"_contentSize":{"__type__":"cc.Size","width":88,"height":88},"_trs":{"__type__":"TypedArray","ctor":"Float64Array","array":[0,0,0,0,0,0,1,1,1,1]}},{"__type__":"cc.Node","_name":"name","_parent":{"__id__":16},"_components":[{"__type__":"cc.Label","node":{"__id__":19},"_materials":[{"__uuid__":"ecpdLyjvZBwrvm+cedCcQy"}],"_useOriginalSize":false,"_string":"丸子一条","_N$string":"丸子一条","_fontSize":20,"_lineHeight":20,"_N$horizontalAlign":1,"_N$verticalAlign":1}],"_prefab":{"__type__":"cc.PrefabInfo","root":{"__id__":1},"asset":{"__uuid__":"038nrvOSxEIr/Ibnxkv/sB"},"fileId":"3dInVIFJFGqYVA+HTPRmFd"},"_contentSize":{"__type__":"cc.Size","width":80,"height":25.2},"_anchorPoint":{"__type__":"cc.Vec2","y":0.5},"_trs":{"__type__":"TypedArray","ctor":"Float64Array","array":[-38.058,140.638,0,0,0,0,1,1,1,1]}},{"__type__":"cc.Node","_name":"id","_parent":{"__id__":16},"_components":[{"__type__":"cc.Label","node":{"__id__":20},"_materials":[{"__uuid__":"ecpdLyjvZBwrvm+cedCcQy"}],"_useOriginalSize":false,"_string":"879245","_N$string":"879245","_fontSize":20,"_lineHeight":20,"_N$horizontalAlign":1,"_N$verticalAlign":1}],"_prefab":{"__type__":"cc.PrefabInfo","root":{"__id__":1},"asset":{"__uuid__":"038nrvOSxEIr/Ibnxkv/sB"},"fileId":"3e9nJRe+RDRZQHBMPySf0W"},"_contentSize":{"__type__":"cc.Size","width":66.74,"height":25.2},"_anchorPoint":{"__type__":"cc.Vec2","y":0.5},"_trs":{"__type__":"TypedArray","ctor":"Float64Array","array":[-41.229,107.946,0,0,0,0,1,1,1,1]}},{"__type__":"cc.Node","_name":"score_win","_parent":{"__id__":16},"_components":[{"__type__":"cc.Label","node":{"__id__":21},"_materials":[{"__uuid__":"ecpdLyjvZBwrvm+cedCcQy"}],"_useOriginalSize":false,"_string":"-20","_N$string":"-20","_fontSize":1,"_lineHeight":28,"_N$file":{"__uuid__":"2eAJ/GC4dAK5nwiSL2zbWK"},"_isSystemFontUsed":false,"_N$horizontalAlign":1}],"_prefab":{"__type__":"cc.PrefabInfo","root":{"__id__":1},"asset":{"__uuid__":"038nrvOSxEIr/Ibnxkv/sB"},"fileId":"99YAYtpkZKQJsHWGSgsEWv"},"_contentSize":{"__type__":"cc.Size","width":60,"height":28},"_trs":{"__type__":"TypedArray","ctor":"Float64Array","array":[-3.046,-126.113,0,0,0,0,1,0.71,0.71,1]}},{"__type__":"cc.Node","_name":"score_lose","_parent":{"__id__":16},"_components":[{"__type__":"cc.Label","node":{"__id__":22},"_materials":[{"__uuid__":"ecpdLyjvZBwrvm+cedCcQy"}],"_useOriginalSize":false,"_string":"-20","_N$string":"-20","_fontSize":1,"_lineHeight":28,"_N$file":{"__uuid__":"ac1kEwdPxN15j6ciD8Imvf"},"_isSystemFontUsed":false,"_N$horizontalAlign":1}],"_prefab":{"__type__":"cc.PrefabInfo","root":{"__id__":1},"asset":{"__uuid__":"038nrvOSxEIr/Ibnxkv/sB"},"fileId":"a0JH7+u7ZBxL+NsB+ENFg2"},"_contentSize":{"__type__":"cc.Size","width":90,"height":28},"_trs":{"__type__":"TypedArray","ctor":"Float64Array","array":[-3.046,-126.113,0,0,0,0,1,0.71,0.71,1]}},{"__type__":"cc.Node","_name":"img_bsf","_parent":{"__id__":16},"_children":[{"__id__":24},{"__id__":25}],"_components":[{"__type__":"cc.Sprite","node":{"__id__":23},"_materials":[{"__uuid__":"ecpdLyjvZBwrvm+cedCcQy"}],"_spriteFrame":{"__uuid__":"62Tyan61FGsqVMNTgCua7j"}}],"_prefab":{"__type__":"cc.PrefabInfo","root":{"__id__":1},"asset":{"__uuid__":"038nrvOSxEIr/Ibnxkv/sB"},"fileId":"7fVD0rVDFBt6Fwp99Ag7uD"},"_contentSize":{"__type__":"cc.Size","width":82,"height":29},"_trs":{"__type__":"TypedArray","ctor":"Float64Array","array":[-40.634,-119.367,0,0,0,0,1,1,1,1]}},{"__type__":"cc.Node","_name":"lb_sportsPoint_win","_parent":{"__id__":23},"_components":[{"__type__":"cc.Label","node":{"__id__":24},"_materials":[{"__uuid__":"ecpdLyjvZBwrvm+cedCcQy"}],"_useOriginalSize":false,"_string":"+10.00","_N$string":"+10.00","_fontSize":45,"_lineHeight":45,"_N$horizontalAlign":2,"_N$verticalAlign":1},{"__type__":"cc.LabelOutline","node":{"__id__":24},"_color":{"__type__":"cc.Color","r":119,"g":22,"b":22}}],"_prefab":{"__type__":"cc.PrefabInfo","root":{"__id__":1},"asset":{"__uuid__":"038nrvOSxEIr/Ibnxkv/sB"},"fileId":"ddrs2HcIlPfpgkQRP17bKC"},"_color":{"__type__":"cc.Color","r":111,"g":248,"b":3},"_contentSize":{"__type__":"cc.Size","width":140.89,"height":58.7},"_anchorPoint":{"__type__":"cc.Vec2","x":1,"y":0.5},"_trs":{"__type__":"TypedArray","ctor":"Float64Array","array":[111.104,-33.317,0,0,0,0,1,0.71,0.71,1]}},{"__type__":"cc.Node","_name":"lb_sportsPoint_lose","_parent":{"__id__":23},"_components":[{"__type__":"cc.Label","node":{"__id__":25},"_materials":[{"__uuid__":"ecpdLyjvZBwrvm+cedCcQy"}],"_useOriginalSize":false,"_string":"-10","_N$string":"-10","_fontSize":45,"_lineHeight":45,"_N$horizontalAlign":2,"_N$verticalAlign":1},{"__type__":"cc.LabelOutline","node":{"__id__":25},"_color":{"__type__":"cc.Color","r":15}}],"_prefab":{"__type__":"cc.PrefabInfo","root":{"__id__":1},"asset":{"__uuid__":"038nrvOSxEIr/Ibnxkv/sB"},"fileId":"51H7GFFKBG34XGtD7F0IKx"},"_color":{"__type__":"cc.Color","r":248,"g":5,"b":5},"_contentSize":{"__type__":"cc.Size","width":67.04,"height":58.7},"_anchorPoint":{"__type__":"cc.Vec2","x":1,"y":0.5},"_trs":{"__type__":"TypedArray","ctor":"Float64Array","array":[111.104,-33.317,0,0,0,0,1,0.71,0.71,1]}},{"__type__":"cc.Node","_name":"UILSDunCards","_parent":{"__id__":15},"_children":[{"__id__":27},{"__id__":34},{"__id__":41},{"__id__":49},{"__id__":56},{"__id__":63},{"__id__":70},{"__id__":77},{"__id__":85},{"__id__":92},{"__id__":99},{"__id__":106},{"__id__":113},{"__id__":121}],"_components":[{"__type__":"b9ad3uTKEtDrp7dMlGYdD9F","node":{"__id__":26}}],"_prefab":{"__type__":"cc.PrefabInfo","root":{"__id__":1},"asset":{"__uuid__":"038nrvOSxEIr/Ibnxkv/sB"},"fileId":"f8OvEJYRdMWaqhl0jSBF9P"},"_contentSize":{"__type__":"cc.Size","width":420,"height":350},"_trs":{"__type__":"TypedArray","ctor":"Float64Array","array":[0,-27.772,0,0,0,0,1,0.5,0.5,1]}},{"__type__":"cc.Node","_name":"dun_card1","_parent":{"__id__":26},"_children":[{"__id__":28},{"__id__":29},{"__id__":30},{"__id__":31},{"__id__":32},{"__id__":33}],"_prefab":{"__type__":"cc.PrefabInfo","root":{"__id__":1},"asset":{"__uuid__":"038nrvOSxEIr/Ibnxkv/sB"},"fileId":"f18TbW8+RKPIrLFHr7k48n"},"_contentSize":{"__type__":"cc.Size","width":108,"height":148},"_trs":{"__type__":"TypedArray","ctor":"Float64Array","array":[-45,80,0,0,0,0.13052619222005157,0.9914448613738104,1,1,1]},"_eulerAngles":{"__type__":"cc.Vec3","z":15}},{"__type__":"cc.Node","_name":"bg_poker","_parent":{"__id__":27},"_components":[{"__type__":"cc.Sprite","node":{"__id__":28},"_materials":[{"__uuid__":"ecpdLyjvZBwrvm+cedCcQy"}],"_spriteFrame":{"__uuid__":"597aTGNN1Fgq6nUj8Z1n0M"},"_sizeMode":2,"_isTrimmedMode":false}],"_prefab":{"__type__":"cc.PrefabInfo","root":{"__id__":1},"asset":{"__uuid__":"038nrvOSxEIr/Ibnxkv/sB"},"fileId":"e4sFJRrJNFC5tJSgrW8Vua"},"_contentSize":{"__type__":"cc.Size","width":108,"height":148},"_trs":{"__type__":"TypedArray","ctor":"Float64Array","array":[0,0,0,0,0,0,1,1,1,1]}},{"__type__":"cc.Node","_name":"icon_mapai","_parent":{"__id__":27},"_active":false,"_components":[{"__type__":"cc.Sprite","node":{"__id__":29},"_materials":[{"__uuid__":"ecpdLyjvZBwrvm+cedCcQy"}],"_spriteFrame":{"__uuid__":"f4eAmSm/JDVJhWmR2+4RqT"},"_sizeMode":0}],"_prefab":{"__type__":"cc.PrefabInfo","root":{"__id__":1},"asset":{"__uuid__":"038nrvOSxEIr/Ibnxkv/sB"},"fileId":"60dBYOMEBC/aLbywfxV8Hh"},"_contentSize":{"__type__":"cc.Size","width":108,"height":148},"_trs":{"__type__":"TypedArray","ctor":"Float64Array","array":[-1.4210854715202004e-14,0,0,0,0,0,1,1,1,1]}},{"__type__":"cc.Node","_name":"num","_parent":{"__id__":27},"_components":[{"__type__":"cc.Sprite","node":{"__id__":30},"_materials":[{"__uuid__":"ecpdLyjvZBwrvm+cedCcQy"}],"_spriteFrame":{"__uuid__":"75AHkSgX1JpaSiTWWa43ft"},"_sizeMode":0,"_isTrimmedMode":false}],"_prefab":{"__type__":"cc.PrefabInfo","root":{"__id__":1},"asset":{"__uuid__":"038nrvOSxEIr/Ibnxkv/sB"},"fileId":"b6W92bm4NL7o3BcsYn3MXF"},"_contentSize":{"__type__":"cc.Size","width":22,"height":36},"_trs":{"__type__":"TypedArray","ctor":"Float64Array","array":[-33,46.774,0,0,0,0,1,1,1,1]}},{"__type__":"cc.Node","_name":"icon","_parent":{"__id__":27},"_components":[{"__type__":"cc.Sprite","node":{"__id__":31},"_materials":[{"__uuid__":"ecpdLyjvZBwrvm+cedCcQy"}],"_spriteFrame":{"__uuid__":"1fPO5qNvxElZh1xgant31F"},"_sizeMode":0,"_isTrimmedMode":false}],"_prefab":{"__type__":"cc.PrefabInfo","root":{"__id__":1},"asset":{"__uuid__":"038nrvOSxEIr/Ibnxkv/sB"},"fileId":"02X51r61pHW7EqPIoJhs3r"},"_contentSize":{"__type__":"cc.Size","width":54,"height":74},"_trs":{"__type__":"TypedArray","ctor":"Float64Array","array":[18,-25,0,0,0,0,1,1,1,1]}},{"__type__":"cc.Node","_name":"icon_1","_parent":{"__id__":27},"_components":[{"__type__":"cc.Sprite","node":{"__id__":32},"_materials":[{"__uuid__":"ecpdLyjvZBwrvm+cedCcQy"}],"_spriteFrame":{"__uuid__":"d4Wxh8tpxHBrfX4+El4+FZ"},"_sizeMode":0,"_isTrimmedMode":false}],"_prefab":{"__type__":"cc.PrefabInfo","root":{"__id__":1},"asset":{"__uuid__":"038nrvOSxEIr/Ibnxkv/sB"},"fileId":"1dbtT7B6hOAZGivBAy0tJC"},"_contentSize":{"__type__":"cc.Size","width":54,"height":74},"_trs":{"__type__":"TypedArray","ctor":"Float64Array","array":[-38,26,0,0,0,0,1,1,1,1]}},{"__type__":"cc.Node","_name":"poker_back","_parent":{"__id__":27},"_components":[{"__type__":"cc.Sprite","node":{"__id__":33},"_materials":[{"__uuid__":"ecpdLyjvZBwrvm+cedCcQy"}],"_spriteFrame":{"__uuid__":"53cJpJX2pDrIjEDBc19oEm"},"_sizeMode":2}],"_prefab":{"__type__":"cc.PrefabInfo","root":{"__id__":1},"asset":{"__uuid__":"038nrvOSxEIr/Ibnxkv/sB"},"fileId":"f5CdKDA0xPVp3/DnrDJL1K"},"_contentSize":{"__type__":"cc.Size","width":108,"height":148},"_trs":{"__type__":"TypedArray","ctor":"Float64Array","array":[0,0,0,0,0,0,1,1,1,1]}},{"__type__":"cc.Node","_name":"dun_card2","_parent":{"__id__":26},"_children":[{"__id__":35},{"__id__":36},{"__id__":37},{"__id__":38},{"__id__":39},{"__id__":40}],"_prefab":{"__type__":"cc.PrefabInfo","root":{"__id__":1},"asset":{"__uuid__":"038nrvOSxEIr/Ibnxkv/sB"},"fileId":"82IDtI18RGBo1Et0A0obcz"},"_contentSize":{"__type__":"cc.Size","width":108,"height":148},"_trs":{"__type__":"TypedArray","ctor":"Float64Array","array":[2,80,0,0,0,0,1,1,1,1]}},{"__type__":"cc.Node","_name":"bg_poker","_parent":{"__id__":34},"_components":[{"__type__":"cc.Sprite","node":{"__id__":35},"_materials":[{"__uuid__":"ecpdLyjvZBwrvm+cedCcQy"}],"_spriteFrame":{"__uuid__":"597aTGNN1Fgq6nUj8Z1n0M"},"_sizeMode":2,"_isTrimmedMode":false}],"_prefab":{"__type__":"cc.PrefabInfo","root":{"__id__":1},"asset":{"__uuid__":"038nrvOSxEIr/Ibnxkv/sB"},"fileId":"ce/vv3C+pMNpBW1Yz6VnUw"},"_contentSize":{"__type__":"cc.Size","width":108,"height":148},"_trs":{"__type__":"TypedArray","ctor":"Float64Array","array":[0,0,0,0,0,0,1,1,1,1]}},{"__type__":"cc.Node","_name":"icon_mapai","_parent":{"__id__":34},"_active":false,"_components":[{"__type__":"cc.Sprite","node":{"__id__":36},"_materials":[{"__uuid__":"ecpdLyjvZBwrvm+cedCcQy"}],"_spriteFrame":{"__uuid__":"f4eAmSm/JDVJhWmR2+4RqT"},"_sizeMode":0}],"_prefab":{"__type__":"cc.PrefabInfo","root":{"__id__":1},"asset":{"__uuid__":"038nrvOSxEIr/Ibnxkv/sB"},"fileId":"2cCUUZphlBT52Pdl1H5p5X"},"_contentSize":{"__type__":"cc.Size","width":108,"height":148},"_trs":{"__type__":"TypedArray","ctor":"Float64Array","array":[0,0,0,0,0,0,1,1,1,1]}},{"__type__":"cc.Node","_name":"num","_parent":{"__id__":34},"_components":[{"__type__":"cc.Sprite","node":{"__id__":37},"_materials":[{"__uuid__":"ecpdLyjvZBwrvm+cedCcQy"}],"_spriteFrame":{"__uuid__":"75AHkSgX1JpaSiTWWa43ft"},"_sizeMode":0,"_isTrimmedMode":false}],"_prefab":{"__type__":"cc.PrefabInfo","root":{"__id__":1},"asset":{"__uuid__":"038nrvOSxEIr/Ibnxkv/sB"},"fileId":"40SecPLa5DIYB82u+ja+/+"},"_contentSize":{"__type__":"cc.Size","width":22,"height":36},"_trs":{"__type__":"TypedArray","ctor":"Float64Array","array":[-33,46.774,0,0,0,0,1,1,1,1]}},{"__type__":"cc.Node","_name":"icon","_parent":{"__id__":34},"_components":[{"__type__":"cc.Sprite","node":{"__id__":38},"_materials":[{"__uuid__":"ecpdLyjvZBwrvm+cedCcQy"}],"_spriteFrame":{"__uuid__":"61p9/3XYFDMZ3TK4+kAV2+"},"_sizeMode":0,"_isTrimmedMode":false}],"_prefab":{"__type__":"cc.PrefabInfo","root":{"__id__":1},"asset":{"__uuid__":"038nrvOSxEIr/Ibnxkv/sB"},"fileId":"38pCbz2eBAzJxZ+A56ssuU"},"_contentSize":{"__type__":"cc.Size","width":54,"height":74},"_trs":{"__type__":"TypedArray","ctor":"Float64Array","array":[18,-25,0,0,0,0,1,1,1,1]}},{"__type__":"cc.Node","_name":"icon_1","_parent":{"__id__":34},"_components":[{"__type__":"cc.Sprite","node":{"__id__":39},"_materials":[{"__uuid__":"ecpdLyjvZBwrvm+cedCcQy"}],"_spriteFrame":{"__uuid__":"56tqfFv81HRYATPz9wcUJY"},"_sizeMode":0,"_isTrimmedMode":false}],"_prefab":{"__type__":"cc.PrefabInfo","root":{"__id__":1},"asset":{"__uuid__":"038nrvOSxEIr/Ibnxkv/sB"},"fileId":"86xb4rEpVE8oDhJj5K+yCu"},"_contentSize":{"__type__":"cc.Size","width":54,"height":74},"_trs":{"__type__":"TypedArray","ctor":"Float64Array","array":[-38,26,0,0,0,0,1,1,1,1]}},{"__type__":"cc.Node","_name":"poker_back","_parent":{"__id__":34},"_components":[{"__type__":"cc.Sprite","node":{"__id__":40},"_materials":[{"__uuid__":"ecpdLyjvZBwrvm+cedCcQy"}],"_spriteFrame":{"__uuid__":"53cJpJX2pDrIjEDBc19oEm"},"_sizeMode":2}],"_prefab":{"__type__":"cc.PrefabInfo","root":{"__id__":1},"asset":{"__uuid__":"038nrvOSxEIr/Ibnxkv/sB"},"fileId":"9b36DB5nNDtra2dvoAXZpR"},"_contentSize":{"__type__":"cc.Size","width":108,"height":148},"_trs":{"__type__":"TypedArray","ctor":"Float64Array","array":[0,0,0,0,0,0,1,1,1,1]}},{"__type__":"cc.Node","_name":"dun_card3","_parent":{"__id__":26},"_children":[{"__id__":42},{"__id__":43},{"__id__":44},{"__id__":45},{"__id__":46},{"__id__":47},{"__id__":48}],"_prefab":{"__type__":"cc.PrefabInfo","root":{"__id__":1},"asset":{"__uuid__":"038nrvOSxEIr/Ibnxkv/sB"},"fileId":"44JZnKDd1DHIe1L0u6UiZT"},"_contentSize":{"__type__":"cc.Size","width":108,"height":148},"_trs":{"__type__":"TypedArray","ctor":"Float64Array","array":[49,80,0,0,0,-0.13052619222005157,0.9914448613738104,1,1,1]},"_eulerAngles":{"__type__":"cc.Vec3","z":-15}},{"__type__":"cc.Node","_name":"bg_poker","_parent":{"__id__":41},"_components":[{"__type__":"cc.Sprite","node":{"__id__":42},"_materials":[{"__uuid__":"ecpdLyjvZBwrvm+cedCcQy"}],"_spriteFrame":{"__uuid__":"597aTGNN1Fgq6nUj8Z1n0M"},"_sizeMode":2,"_isTrimmedMode":false}],"_prefab":{"__type__":"cc.PrefabInfo","root":{"__id__":1},"asset":{"__uuid__":"038nrvOSxEIr/Ibnxkv/sB"},"fileId":"33mBkSKpFMPJJm7xF6IZH1"},"_contentSize":{"__type__":"cc.Size","width":108,"height":148},"_trs":{"__type__":"TypedArray","ctor":"Float64Array","array":[0,0,0,0,0,0,1,1,1,1]}},{"__type__":"cc.Node","_name":"icon_mapai","_parent":{"__id__":41},"_active":false,"_components":[{"__type__":"cc.Sprite","node":{"__id__":43},"_materials":[{"__uuid__":"ecpdLyjvZBwrvm+cedCcQy"}],"_spriteFrame":{"__uuid__":"f4eAmSm/JDVJhWmR2+4RqT"},"_sizeMode":0}],"_prefab":{"__type__":"cc.PrefabInfo","root":{"__id__":1},"asset":{"__uuid__":"038nrvOSxEIr/Ibnxkv/sB"},"fileId":"09rsieIl1He75CG8fgQw7A"},"_contentSize":{"__type__":"cc.Size","width":108,"height":148},"_trs":{"__type__":"TypedArray","ctor":"Float64Array","array":[-7.105427357601002e-15,0,0,0,0,0,1,1,1,1]}},{"__type__":"cc.Node","_name":"num","_parent":{"__id__":41},"_components":[{"__type__":"cc.Sprite","node":{"__id__":44},"_materials":[{"__uuid__":"ecpdLyjvZBwrvm+cedCcQy"}],"_spriteFrame":{"__uuid__":"75AHkSgX1JpaSiTWWa43ft"},"_sizeMode":0,"_isTrimmedMode":false}],"_prefab":{"__type__":"cc.PrefabInfo","root":{"__id__":1},"asset":{"__uuid__":"038nrvOSxEIr/Ibnxkv/sB"},"fileId":"8c1OwplF5Gz4c5/6B4LpqJ"},"_contentSize":{"__type__":"cc.Size","width":22,"height":36},"_trs":{"__type__":"TypedArray","ctor":"Float64Array","array":[-33,46.774,0,0,0,0,1,1,1,1]}},{"__type__":"cc.Node","_name":"icon","_parent":{"__id__":41},"_components":[{"__type__":"cc.Sprite","node":{"__id__":45},"_materials":[{"__uuid__":"ecpdLyjvZBwrvm+cedCcQy"}],"_spriteFrame":{"__uuid__":"61p9/3XYFDMZ3TK4+kAV2+"},"_sizeMode":0,"_isTrimmedMode":false}],"_prefab":{"__type__":"cc.PrefabInfo","root":{"__id__":1},"asset":{"__uuid__":"038nrvOSxEIr/Ibnxkv/sB"},"fileId":"34kT9K6ZhJZYInj1BDXI72"},"_contentSize":{"__type__":"cc.Size","width":54,"height":74},"_trs":{"__type__":"TypedArray","ctor":"Float64Array","array":[18,-25,0,0,0,0,1,1,1,1]}},{"__type__":"cc.Node","_name":"icon_1","_parent":{"__id__":41},"_components":[{"__type__":"cc.Sprite","node":{"__id__":46},"_materials":[{"__uuid__":"ecpdLyjvZBwrvm+cedCcQy"}],"_spriteFrame":{"__uuid__":"56tqfFv81HRYATPz9wcUJY"},"_sizeMode":0,"_isTrimmedMode":false}],"_prefab":{"__type__":"cc.PrefabInfo","root":{"__id__":1},"asset":{"__uuid__":"038nrvOSxEIr/Ibnxkv/sB"},"fileId":"b4+YzfkFVOf4ErihA29jDo"},"_contentSize":{"__type__":"cc.Size","width":54,"height":74},"_trs":{"__type__":"TypedArray","ctor":"Float64Array","array":[-38,26,0,0,0,0,1,1,1,1]}},{"__type__":"cc.Node","_name":"poker_back","_parent":{"__id__":41},"_components":[{"__type__":"cc.Sprite","node":{"__id__":47},"_materials":[{"__uuid__":"ecpdLyjvZBwrvm+cedCcQy"}],"_spriteFrame":{"__uuid__":"53cJpJX2pDrIjEDBc19oEm"},"_sizeMode":2}],"_prefab":{"__type__":"cc.PrefabInfo","root":{"__id__":1},"asset":{"__uuid__":"038nrvOSxEIr/Ibnxkv/sB"},"fileId":"f88isCDWpJsq8aDkau1b62"},"_contentSize":{"__type__":"cc.Size","width":108,"height":148},"_trs":{"__type__":"TypedArray","ctor":"Float64Array","array":[0,0,0,0,0,0,1,1,1,1]}},{"__type__":"cc.Node","_name":"tag","_parent":{"__id__":41},"_active":false,"_components":[{"__type__":"cc.Sprite","node":{"__id__":48},"_materials":[{"__uuid__":"ecpdLyjvZBwrvm+cedCcQy"}],"_spriteFrame":{"__uuid__":"d1n+ks+7pDa4p4i4sZMMsj"}}],"_prefab":{"__type__":"cc.PrefabInfo","root":{"__id__":1},"asset":{"__uuid__":"038nrvOSxEIr/Ibnxkv/sB"},"fileId":"19wdoByt1F0LhCu895VIOw"},"_contentSize":{"__type__":"cc.Size","width":40,"height":50},"_trs":{"__type__":"TypedArray","ctor":"Float64Array","array":[35,49,0,0,0,0,1,1,1,1]}},{"__type__":"cc.Node","_name":"dun_card4","_parent":{"__id__":26},"_children":[{"__id__":50},{"__id__":51},{"__id__":52},{"__id__":53},{"__id__":54},{"__id__":55}],"_prefab":{"__type__":"cc.PrefabInfo","root":{"__id__":1},"asset":{"__uuid__":"038nrvOSxEIr/Ibnxkv/sB"},"fileId":"93z85kp6xGb49grQH4knGK"},"_contentSize":{"__type__":"cc.Size","width":108,"height":148},"_trs":{"__type__":"TypedArray","ctor":"Float64Array","array":[-92,5,0,0,0,0.15643446504023087,0.9876883405951378,1,1,1]},"_eulerAngles":{"__type__":"cc.Vec3","z":18}},{"__type__":"cc.Node","_name":"bg_poker","_parent":{"__id__":49},"_components":[{"__type__":"cc.Sprite","node":{"__id__":50},"_materials":[{"__uuid__":"ecpdLyjvZBwrvm+cedCcQy"}],"_spriteFrame":{"__uuid__":"597aTGNN1Fgq6nUj8Z1n0M"},"_sizeMode":2,"_isTrimmedMode":false}],"_prefab":{"__type__":"cc.PrefabInfo","root":{"__id__":1},"asset":{"__uuid__":"038nrvOSxEIr/Ibnxkv/sB"},"fileId":"24Jic/hotPjqfaHfz9upyZ"},"_contentSize":{"__type__":"cc.Size","width":108,"height":148},"_trs":{"__type__":"TypedArray","ctor":"Float64Array","array":[0,0,0,0,0,0,1,1,1,1]}},{"__type__":"cc.Node","_name":"icon_mapai","_parent":{"__id__":49},"_active":false,"_components":[{"__type__":"cc.Sprite","node":{"__id__":51},"_materials":[{"__uuid__":"ecpdLyjvZBwrvm+cedCcQy"}],"_spriteFrame":{"__uuid__":"f4eAmSm/JDVJhWmR2+4RqT"},"_sizeMode":0}],"_prefab":{"__type__":"cc.PrefabInfo","root":{"__id__":1},"asset":{"__uuid__":"038nrvOSxEIr/Ibnxkv/sB"},"fileId":"5f+5ZoevNOG71RZRdI9WSJ"},"_contentSize":{"__type__":"cc.Size","width":108,"height":148},"_trs":{"__type__":"TypedArray","ctor":"Float64Array","array":[-1.4210854715202004e-14,0,0,0,0,0,1,1,1,1]}},{"__type__":"cc.Node","_name":"num","_parent":{"__id__":49},"_components":[{"__type__":"cc.Sprite","node":{"__id__":52},"_materials":[{"__uuid__":"ecpdLyjvZBwrvm+cedCcQy"}],"_spriteFrame":{"__uuid__":"75AHkSgX1JpaSiTWWa43ft"},"_sizeMode":0,"_isTrimmedMode":false}],"_prefab":{"__type__":"cc.PrefabInfo","root":{"__id__":1},"asset":{"__uuid__":"038nrvOSxEIr/Ibnxkv/sB"},"fileId":"395lpmIGRBTK9G6lMCJdkj"},"_contentSize":{"__type__":"cc.Size","width":22,"height":36},"_trs":{"__type__":"TypedArray","ctor":"Float64Array","array":[-33,46.774,0,0,0,0,1,1,1,1]}},{"__type__":"cc.Node","_name":"icon","_parent":{"__id__":49},"_components":[{"__type__":"cc.Sprite","node":{"__id__":53},"_materials":[{"__uuid__":"ecpdLyjvZBwrvm+cedCcQy"}],"_spriteFrame":{"__uuid__":"61p9/3XYFDMZ3TK4+kAV2+"},"_sizeMode":0,"_isTrimmedMode":false}],"_prefab":{"__type__":"cc.PrefabInfo","root":{"__id__":1},"asset":{"__uuid__":"038nrvOSxEIr/Ibnxkv/sB"},"fileId":"14ELTkal1Piql6fGVKXrpt"},"_contentSize":{"__type__":"cc.Size","width":54,"height":74},"_trs":{"__type__":"TypedArray","ctor":"Float64Array","array":[18,-25,0,0,0,0,1,1,1,1]}},{"__type__":"cc.Node","_name":"icon_1","_parent":{"__id__":49},"_components":[{"__type__":"cc.Sprite","node":{"__id__":54},"_materials":[{"__uuid__":"ecpdLyjvZBwrvm+cedCcQy"}],"_spriteFrame":{"__uuid__":"56tqfFv81HRYATPz9wcUJY"},"_sizeMode":0,"_isTrimmedMode":false}],"_prefab":{"__type__":"cc.PrefabInfo","root":{"__id__":1},"asset":{"__uuid__":"038nrvOSxEIr/Ibnxkv/sB"},"fileId":"25tant2QNOGpzpH97jtURw"},"_contentSize":{"__type__":"cc.Size","width":54,"height":74},"_trs":{"__type__":"TypedArray","ctor":"Float64Array","array":[-38,26,0,0,0,0,1,1,1,1]}},{"__type__":"cc.Node","_name":"poker_back","_parent":{"__id__":49},"_components":[{"__type__":"cc.Sprite","node":{"__id__":55},"_materials":[{"__uuid__":"ecpdLyjvZBwrvm+cedCcQy"}],"_spriteFrame":{"__uuid__":"53cJpJX2pDrIjEDBc19oEm"},"_sizeMode":2}],"_prefab":{"__type__":"cc.PrefabInfo","root":{"__id__":1},"asset":{"__uuid__":"038nrvOSxEIr/Ibnxkv/sB"},"fileId":"26LSo077hG4IZvAtw37jOC"},"_contentSize":{"__type__":"cc.Size","width":108,"height":148},"_trs":{"__type__":"TypedArray","ctor":"Float64Array","array":[0,0,0,0,0,0,1,1,1,1]}},{"__type__":"cc.Node","_name":"dun_card5","_parent":{"__id__":26},"_children":[{"__id__":57},{"__id__":58},{"__id__":59},{"__id__":60},{"__id__":61},{"__id__":62}],"_prefab":{"__type__":"cc.PrefabInfo","root":{"__id__":1},"asset":{"__uuid__":"038nrvOSxEIr/Ibnxkv/sB"},"fileId":"35EM07y+lFeYLogWW6bvbs"},"_contentSize":{"__type__":"cc.Size","width":108,"height":148},"_trs":{"__type__":"TypedArray","ctor":"Float64Array","array":[-45,5,0,0,0,0.13052619222005157,0.9914448613738104,1,1,1]},"_eulerAngles":{"__type__":"cc.Vec3","z":15}},{"__type__":"cc.Node","_name":"bg_poker","_parent":{"__id__":56},"_components":[{"__type__":"cc.Sprite","node":{"__id__":57},"_materials":[{"__uuid__":"ecpdLyjvZBwrvm+cedCcQy"}],"_spriteFrame":{"__uuid__":"597aTGNN1Fgq6nUj8Z1n0M"},"_sizeMode":2,"_isTrimmedMode":false}],"_prefab":{"__type__":"cc.PrefabInfo","root":{"__id__":1},"asset":{"__uuid__":"038nrvOSxEIr/Ibnxkv/sB"},"fileId":"a1LVhd4SNFa6HU03bKqYzT"},"_contentSize":{"__type__":"cc.Size","width":108,"height":148},"_trs":{"__type__":"TypedArray","ctor":"Float64Array","array":[0,0,0,0,0,0,1,1,1,1]}},{"__type__":"cc.Node","_name":"icon_mapai","_parent":{"__id__":56},"_active":false,"_components":[{"__type__":"cc.Sprite","node":{"__id__":58},"_materials":[{"__uuid__":"ecpdLyjvZBwrvm+cedCcQy"}],"_spriteFrame":{"__uuid__":"f4eAmSm/JDVJhWmR2+4RqT"},"_sizeMode":0}],"_prefab":{"__type__":"cc.PrefabInfo","root":{"__id__":1},"asset":{"__uuid__":"038nrvOSxEIr/Ibnxkv/sB"},"fileId":"52mwmWyI9M87tPSCT+UQVO"},"_contentSize":{"__type__":"cc.Size","width":108,"height":148},"_trs":{"__type__":"TypedArray","ctor":"Float64Array","array":[-1.4210854715202004e-14,0,0,0,0,0,1,1,1,1]}},{"__type__":"cc.Node","_name":"num","_parent":{"__id__":56},"_components":[{"__type__":"cc.Sprite","node":{"__id__":59},"_materials":[{"__uuid__":"ecpdLyjvZBwrvm+cedCcQy"}],"_spriteFrame":{"__uuid__":"75AHkSgX1JpaSiTWWa43ft"},"_sizeMode":0,"_isTrimmedMode":false}],"_prefab":{"__type__":"cc.PrefabInfo","root":{"__id__":1},"asset":{"__uuid__":"038nrvOSxEIr/Ibnxkv/sB"},"fileId":"7fjlTOWy5K/LlB7hsp+F81"},"_contentSize":{"__type__":"cc.Size","width":22,"height":36},"_trs":{"__type__":"TypedArray","ctor":"Float64Array","array":[-33,46.774,0,0,0,0,1,1,1,1]}},{"__type__":"cc.Node","_name":"icon","_parent":{"__id__":56},"_components":[{"__type__":"cc.Sprite","node":{"__id__":60},"_materials":[{"__uuid__":"ecpdLyjvZBwrvm+cedCcQy"}],"_spriteFrame":{"__uuid__":"61p9/3XYFDMZ3TK4+kAV2+"},"_sizeMode":0,"_isTrimmedMode":false}],"_prefab":{"__type__":"cc.PrefabInfo","root":{"__id__":1},"asset":{"__uuid__":"038nrvOSxEIr/Ibnxkv/sB"},"fileId":"f8HrOrpJ5FS6TKJjWomIE0"},"_contentSize":{"__type__":"cc.Size","width":54,"height":74},"_trs":{"__type__":"TypedArray","ctor":"Float64Array","array":[18,-25,0,0,0,0,1,1,1,1]}},{"__type__":"cc.Node","_name":"icon_1","_parent":{"__id__":56},"_components":[{"__type__":"cc.Sprite","node":{"__id__":61},"_materials":[{"__uuid__":"ecpdLyjvZBwrvm+cedCcQy"}],"_spriteFrame":{"__uuid__":"56tqfFv81HRYATPz9wcUJY"},"_sizeMode":0,"_isTrimmedMode":false}],"_prefab":{"__type__":"cc.PrefabInfo","root":{"__id__":1},"asset":{"__uuid__":"038nrvOSxEIr/Ibnxkv/sB"},"fileId":"93k2flHYJE9IljJI1Z7CTa"},"_contentSize":{"__type__":"cc.Size","width":54,"height":74},"_trs":{"__type__":"TypedArray","ctor":"Float64Array","array":[-38,26,0,0,0,0,1,1,1,1]}},{"__type__":"cc.Node","_name":"poker_back","_parent":{"__id__":56},"_components":[{"__type__":"cc.Sprite","node":{"__id__":62},"_materials":[{"__uuid__":"ecpdLyjvZBwrvm+cedCcQy"}],"_spriteFrame":{"__uuid__":"53cJpJX2pDrIjEDBc19oEm"},"_sizeMode":2}],"_prefab":{"__type__":"cc.PrefabInfo","root":{"__id__":1},"asset":{"__uuid__":"038nrvOSxEIr/Ibnxkv/sB"},"fileId":"40HczMRnZFLZjXVWpf7Hdn"},"_contentSize":{"__type__":"cc.Size","width":108,"height":148},"_trs":{"__type__":"TypedArray","ctor":"Float64Array","array":[0,0,0,0,0,0,1,1,1,1]}},{"__type__":"cc.Node","_name":"dun_card6","_parent":{"__id__":26},"_children":[{"__id__":64},{"__id__":65},{"__id__":66},{"__id__":67},{"__id__":68},{"__id__":69}],"_prefab":{"__type__":"cc.PrefabInfo","root":{"__id__":1},"asset":{"__uuid__":"038nrvOSxEIr/Ibnxkv/sB"},"fileId":"0bZukYZ7VNL4DnUHkd6LS/"},"_contentSize":{"__type__":"cc.Size","width":108,"height":148},"_trs":{"__type__":"TypedArray","ctor":"Float64Array","array":[2,5,0,0,0,0,1,1,1,1]}},{"__type__":"cc.Node","_name":"bg_poker","_parent":{"__id__":63},"_components":[{"__type__":"cc.Sprite","node":{"__id__":64},"_materials":[{"__uuid__":"ecpdLyjvZBwrvm+cedCcQy"}],"_spriteFrame":{"__uuid__":"597aTGNN1Fgq6nUj8Z1n0M"},"_sizeMode":2,"_isTrimmedMode":false}],"_prefab":{"__type__":"cc.PrefabInfo","root":{"__id__":1},"asset":{"__uuid__":"038nrvOSxEIr/Ibnxkv/sB"},"fileId":"85uCLnvlFF140IGd11QjSw"},"_contentSize":{"__type__":"cc.Size","width":108,"height":148},"_trs":{"__type__":"TypedArray","ctor":"Float64Array","array":[0,0,0,0,0,0,1,1,1,1]}},{"__type__":"cc.Node","_name":"icon_mapai","_parent":{"__id__":63},"_active":false,"_components":[{"__type__":"cc.Sprite","node":{"__id__":65},"_materials":[{"__uuid__":"ecpdLyjvZBwrvm+cedCcQy"}],"_spriteFrame":{"__uuid__":"f4eAmSm/JDVJhWmR2+4RqT"},"_sizeMode":0}],"_prefab":{"__type__":"cc.PrefabInfo","root":{"__id__":1},"asset":{"__uuid__":"038nrvOSxEIr/Ibnxkv/sB"},"fileId":"22dcddkl9DZK8fveS3z5k1"},"_contentSize":{"__type__":"cc.Size","width":108,"height":148},"_trs":{"__type__":"TypedArray","ctor":"Float64Array","array":[0,0,0,0,0,0,1,1,1,1]}},{"__type__":"cc.Node","_name":"num","_parent":{"__id__":63},"_components":[{"__type__":"cc.Sprite","node":{"__id__":66},"_materials":[{"__uuid__":"ecpdLyjvZBwrvm+cedCcQy"}],"_spriteFrame":{"__uuid__":"75AHkSgX1JpaSiTWWa43ft"},"_sizeMode":0,"_isTrimmedMode":false}],"_prefab":{"__type__":"cc.PrefabInfo","root":{"__id__":1},"asset":{"__uuid__":"038nrvOSxEIr/Ibnxkv/sB"},"fileId":"85gdzSYRlNoZUEpRJLFv3G"},"_contentSize":{"__type__":"cc.Size","width":22,"height":36},"_trs":{"__type__":"TypedArray","ctor":"Float64Array","array":[-33,46.774,0,0,0,0,1,1,1,1]}},{"__type__":"cc.Node","_name":"icon","_parent":{"__id__":63},"_components":[{"__type__":"cc.Sprite","node":{"__id__":67},"_materials":[{"__uuid__":"ecpdLyjvZBwrvm+cedCcQy"}],"_spriteFrame":{"__uuid__":"61p9/3XYFDMZ3TK4+kAV2+"},"_sizeMode":0,"_isTrimmedMode":false}],"_prefab":{"__type__":"cc.PrefabInfo","root":{"__id__":1},"asset":{"__uuid__":"038nrvOSxEIr/Ibnxkv/sB"},"fileId":"a1DDKfmylCIL2O7fzRlHph"},"_contentSize":{"__type__":"cc.Size","width":54,"height":74},"_trs":{"__type__":"TypedArray","ctor":"Float64Array","array":[18,-25,0,0,0,0,1,1,1,1]}},{"__type__":"cc.Node","_name":"icon_1","_parent":{"__id__":63},"_components":[{"__type__":"cc.Sprite","node":{"__id__":68},"_materials":[{"__uuid__":"ecpdLyjvZBwrvm+cedCcQy"}],"_spriteFrame":{"__uuid__":"56tqfFv81HRYATPz9wcUJY"},"_sizeMode":0,"_isTrimmedMode":false}],"_prefab":{"__type__":"cc.PrefabInfo","root":{"__id__":1},"asset":{"__uuid__":"038nrvOSxEIr/Ibnxkv/sB"},"fileId":"d8TDuISpZARZpwFC9Gi5MB"},"_contentSize":{"__type__":"cc.Size","width":54,"height":74},"_trs":{"__type__":"TypedArray","ctor":"Float64Array","array":[-38,26,0,0,0,0,1,1,1,1]}},{"__type__":"cc.Node","_name":"poker_back","_parent":{"__id__":63},"_components":[{"__type__":"cc.Sprite","node":{"__id__":69},"_materials":[{"__uuid__":"ecpdLyjvZBwrvm+cedCcQy"}],"_spriteFrame":{"__uuid__":"53cJpJX2pDrIjEDBc19oEm"}}],"_prefab":{"__type__":"cc.PrefabInfo","root":{"__id__":1},"asset":{"__uuid__":"038nrvOSxEIr/Ibnxkv/sB"},"fileId":"8eClSHcMVLYJ1SX0pp7aDn"},"_contentSize":{"__type__":"cc.Size","width":106,"height":146},"_trs":{"__type__":"TypedArray","ctor":"Float64Array","array":[0,0,0,0,0,0,1,1,1,1]}},{"__type__":"cc.Node","_name":"dun_card7","_parent":{"__id__":26},"_children":[{"__id__":71},{"__id__":72},{"__id__":73},{"__id__":74},{"__id__":75},{"__id__":76}],"_prefab":{"__type__":"cc.PrefabInfo","root":{"__id__":1},"asset":{"__uuid__":"038nrvOSxEIr/Ibnxkv/sB"},"fileId":"dbhMn8Kr1GHqgoNGN+i7UZ"},"_contentSize":{"__type__":"cc.Size","width":108,"height":148},"_trs":{"__type__":"TypedArray","ctor":"Float64Array","array":[49,5,0,0,0,-0.13052619222005157,0.9914448613738104,1,1,1]},"_eulerAngles":{"__type__":"cc.Vec3","z":-15}},{"__type__":"cc.Node","_name":"bg_poker","_parent":{"__id__":70},"_components":[{"__type__":"cc.Sprite","node":{"__id__":71},"_materials":[{"__uuid__":"ecpdLyjvZBwrvm+cedCcQy"}],"_spriteFrame":{"__uuid__":"597aTGNN1Fgq6nUj8Z1n0M"},"_sizeMode":2,"_isTrimmedMode":false}],"_prefab":{"__type__":"cc.PrefabInfo","root":{"__id__":1},"asset":{"__uuid__":"038nrvOSxEIr/Ibnxkv/sB"},"fileId":"3cDzezRcRFm62WIta/R7U7"},"_contentSize":{"__type__":"cc.Size","width":108,"height":148},"_trs":{"__type__":"TypedArray","ctor":"Float64Array","array":[0,0,0,0,0,0,1,1,1,1]}},{"__type__":"cc.Node","_name":"icon_mapai","_parent":{"__id__":70},"_active":false,"_components":[{"__type__":"cc.Sprite","node":{"__id__":72},"_materials":[{"__uuid__":"ecpdLyjvZBwrvm+cedCcQy"}],"_spriteFrame":{"__uuid__":"f4eAmSm/JDVJhWmR2+4RqT"},"_sizeMode":0}],"_prefab":{"__type__":"cc.PrefabInfo","root":{"__id__":1},"asset":{"__uuid__":"038nrvOSxEIr/Ibnxkv/sB"},"fileId":"fdBJjOd0pPB7jLLd5Wz9Ox"},"_contentSize":{"__type__":"cc.Size","width":108,"height":148},"_trs":{"__type__":"TypedArray","ctor":"Float64Array","array":[-7.105427357601002e-15,0,0,0,0,0,1,1,1,1]}},{"__type__":"cc.Node","_name":"num","_parent":{"__id__":70},"_components":[{"__type__":"cc.Sprite","node":{"__id__":73},"_materials":[{"__uuid__":"ecpdLyjvZBwrvm+cedCcQy"}],"_spriteFrame":{"__uuid__":"75AHkSgX1JpaSiTWWa43ft"},"_sizeMode":0,"_isTrimmedMode":false}],"_prefab":{"__type__":"cc.PrefabInfo","root":{"__id__":1},"asset":{"__uuid__":"038nrvOSxEIr/Ibnxkv/sB"},"fileId":"cexR3IuRVFHJ2pa1chlbss"},"_contentSize":{"__type__":"cc.Size","width":22,"height":36},"_trs":{"__type__":"TypedArray","ctor":"Float64Array","array":[-33,46.774,0,0,0,0,1,1,1,1]}},{"__type__":"cc.Node","_name":"icon","_parent":{"__id__":70},"_components":[{"__type__":"cc.Sprite","node":{"__id__":74},"_materials":[{"__uuid__":"ecpdLyjvZBwrvm+cedCcQy"}],"_spriteFrame":{"__uuid__":"61p9/3XYFDMZ3TK4+kAV2+"},"_sizeMode":0,"_isTrimmedMode":false}],"_prefab":{"__type__":"cc.PrefabInfo","root":{"__id__":1},"asset":{"__uuid__":"038nrvOSxEIr/Ibnxkv/sB"},"fileId":"86QnBhSzBOvIJ2kDlnlT1+"},"_contentSize":{"__type__":"cc.Size","width":54,"height":74},"_trs":{"__type__":"TypedArray","ctor":"Float64Array","array":[18,-25,0,0,0,0,1,1,1,1]}},{"__type__":"cc.Node","_name":"icon_1","_parent":{"__id__":70},"_components":[{"__type__":"cc.Sprite","node":{"__id__":75},"_materials":[{"__uuid__":"ecpdLyjvZBwrvm+cedCcQy"}],"_spriteFrame":{"__uuid__":"56tqfFv81HRYATPz9wcUJY"},"_sizeMode":0,"_isTrimmedMode":false}],"_prefab":{"__type__":"cc.PrefabInfo","root":{"__id__":1},"asset":{"__uuid__":"038nrvOSxEIr/Ibnxkv/sB"},"fileId":"9eRCfEoD1I2KwaSh9KW2lI"},"_contentSize":{"__type__":"cc.Size","width":54,"height":74},"_trs":{"__type__":"TypedArray","ctor":"Float64Array","array":[-38,26,0,0,0,0,1,1,1,1]}},{"__type__":"cc.Node","_name":"poker_back","_parent":{"__id__":70},"_components":[{"__type__":"cc.Sprite","node":{"__id__":76},"_materials":[{"__uuid__":"ecpdLyjvZBwrvm+cedCcQy"}],"_spriteFrame":{"__uuid__":"53cJpJX2pDrIjEDBc19oEm"},"_sizeMode":2}],"_prefab":{"__type__":"cc.PrefabInfo","root":{"__id__":1},"asset":{"__uuid__":"038nrvOSxEIr/Ibnxkv/sB"},"fileId":"2eB8fOa3dB3b14ZBA97QcP"},"_contentSize":{"__type__":"cc.Size","width":108,"height":148},"_trs":{"__type__":"TypedArray","ctor":"Float64Array","array":[0,0,0,0,0,0,1,1,1,1]}},{"__type__":"cc.Node","_name":"dun_card8","_parent":{"__id__":26},"_children":[{"__id__":78},{"__id__":79},{"__id__":80},{"__id__":81},{"__id__":82},{"__id__":83},{"__id__":84}],"_prefab":{"__type__":"cc.PrefabInfo","root":{"__id__":1},"asset":{"__uuid__":"038nrvOSxEIr/Ibnxkv/sB"},"fileId":"0eCakomo1I2L4584RSBwyB"},"_contentSize":{"__type__":"cc.Size","width":108,"height":148},"_trs":{"__type__":"TypedArray","ctor":"Float64Array","array":[96,5,0,0,0,-0.15643446504023087,0.9876883405951378,1,1,1]},"_eulerAngles":{"__type__":"cc.Vec3","z":-18}},{"__type__":"cc.Node","_name":"bg_poker","_parent":{"__id__":77},"_components":[{"__type__":"cc.Sprite","node":{"__id__":78},"_materials":[{"__uuid__":"ecpdLyjvZBwrvm+cedCcQy"}],"_spriteFrame":{"__uuid__":"597aTGNN1Fgq6nUj8Z1n0M"},"_sizeMode":2,"_isTrimmedMode":false}],"_prefab":{"__type__":"cc.PrefabInfo","root":{"__id__":1},"asset":{"__uuid__":"038nrvOSxEIr/Ibnxkv/sB"},"fileId":"f78DJw9MJBuoCoTdn5NTKX"},"_contentSize":{"__type__":"cc.Size","width":108,"height":148},"_trs":{"__type__":"TypedArray","ctor":"Float64Array","array":[0,0,0,0,0,0,1,1,1,1]}},{"__type__":"cc.Node","_name":"icon_mapai","_parent":{"__id__":77},"_active":false,"_components":[{"__type__":"cc.Sprite","node":{"__id__":79},"_materials":[{"__uuid__":"ecpdLyjvZBwrvm+cedCcQy"}],"_spriteFrame":{"__uuid__":"f4eAmSm/JDVJhWmR2+4RqT"},"_sizeMode":0}],"_prefab":{"__type__":"cc.PrefabInfo","root":{"__id__":1},"asset":{"__uuid__":"038nrvOSxEIr/Ibnxkv/sB"},"fileId":"868pgb9ZFMcr6IFka0M+SS"},"_contentSize":{"__type__":"cc.Size","width":108,"height":148},"_trs":{"__type__":"TypedArray","ctor":"Float64Array","array":[0,0,0,0,0,0,1,1,1,1]}},{"__type__":"cc.Node","_name":"num","_parent":{"__id__":77},"_components":[{"__type__":"cc.Sprite","node":{"__id__":80},"_materials":[{"__uuid__":"ecpdLyjvZBwrvm+cedCcQy"}],"_spriteFrame":{"__uuid__":"75AHkSgX1JpaSiTWWa43ft"},"_sizeMode":0,"_isTrimmedMode":false}],"_prefab":{"__type__":"cc.PrefabInfo","root":{"__id__":1},"asset":{"__uuid__":"038nrvOSxEIr/Ibnxkv/sB"},"fileId":"e8c387xppAmaxoe1D3JY7b"},"_contentSize":{"__type__":"cc.Size","width":22,"height":36},"_trs":{"__type__":"TypedArray","ctor":"Float64Array","array":[-33,46.774,0,0,0,0,1,1,1,1]}},{"__type__":"cc.Node","_name":"icon","_parent":{"__id__":77},"_components":[{"__type__":"cc.Sprite","node":{"__id__":81},"_materials":[{"__uuid__":"ecpdLyjvZBwrvm+cedCcQy"}],"_spriteFrame":{"__uuid__":"61p9/3XYFDMZ3TK4+kAV2+"},"_sizeMode":0,"_isTrimmedMode":false}],"_prefab":{"__type__":"cc.PrefabInfo","root":{"__id__":1},"asset":{"__uuid__":"038nrvOSxEIr/Ibnxkv/sB"},"fileId":"e3ItP8QY9B8ZfxkWMtDUMZ"},"_contentSize":{"__type__":"cc.Size","width":54,"height":74},"_trs":{"__type__":"TypedArray","ctor":"Float64Array","array":[18,-25,0,0,0,0,1,1,1,1]}},{"__type__":"cc.Node","_name":"icon_1","_parent":{"__id__":77},"_components":[{"__type__":"cc.Sprite","node":{"__id__":82},"_materials":[{"__uuid__":"ecpdLyjvZBwrvm+cedCcQy"}],"_spriteFrame":{"__uuid__":"56tqfFv81HRYATPz9wcUJY"},"_sizeMode":0,"_isTrimmedMode":false}],"_prefab":{"__type__":"cc.PrefabInfo","root":{"__id__":1},"asset":{"__uuid__":"038nrvOSxEIr/Ibnxkv/sB"},"fileId":"1f/ZPNWBxAAblTXi0D5T16"},"_contentSize":{"__type__":"cc.Size","width":54,"height":74},"_trs":{"__type__":"TypedArray","ctor":"Float64Array","array":[-38,26,0,0,0,0,1,1,1,1]}},{"__type__":"cc.Node","_name":"poker_back","_parent":{"__id__":77},"_components":[{"__type__":"cc.Sprite","node":{"__id__":83},"_materials":[{"__uuid__":"ecpdLyjvZBwrvm+cedCcQy"}],"_spriteFrame":{"__uuid__":"53cJpJX2pDrIjEDBc19oEm"},"_sizeMode":2}],"_prefab":{"__type__":"cc.PrefabInfo","root":{"__id__":1},"asset":{"__uuid__":"038nrvOSxEIr/Ibnxkv/sB"},"fileId":"57FMebRl5EGaXRzg4gi9GI"},"_contentSize":{"__type__":"cc.Size","width":108,"height":148},"_trs":{"__type__":"TypedArray","ctor":"Float64Array","array":[0,0,0,0,0,0,1,1,1,1]}},{"__type__":"cc.Node","_name":"tag","_parent":{"__id__":77},"_active":false,"_components":[{"__type__":"cc.Sprite","node":{"__id__":84},"_materials":[{"__uuid__":"ecpdLyjvZBwrvm+cedCcQy"}],"_spriteFrame":{"__uuid__":"d1n+ks+7pDa4p4i4sZMMsj"}}],"_prefab":{"__type__":"cc.PrefabInfo","root":{"__id__":1},"asset":{"__uuid__":"038nrvOSxEIr/Ibnxkv/sB"},"fileId":"34C3qXiCFBkIq2UYdIl1kO"},"_contentSize":{"__type__":"cc.Size","width":40,"height":50},"_trs":{"__type__":"TypedArray","ctor":"Float64Array","array":[35,49,0,0,0,0,1,1,1,1]}},{"__type__":"cc.Node","_name":"dun_card9","_parent":{"__id__":26},"_children":[{"__id__":86},{"__id__":87},{"__id__":88},{"__id__":89},{"__id__":90},{"__id__":91}],"_prefab":{"__type__":"cc.PrefabInfo","root":{"__id__":1},"asset":{"__uuid__":"038nrvOSxEIr/Ibnxkv/sB"},"fileId":"57tnaD9zlEZrZddrdwBkTH"},"_contentSize":{"__type__":"cc.Size","width":108,"height":148},"_trs":{"__type__":"TypedArray","ctor":"Float64Array","array":[-92,-80,0,0,0,0.18223552549214747,0.9832549075639546,1,1,1]},"_eulerAngles":{"__type__":"cc.Vec3","z":21}},{"__type__":"cc.Node","_name":"bg_poker","_parent":{"__id__":85},"_components":[{"__type__":"cc.Sprite","node":{"__id__":86},"_materials":[{"__uuid__":"ecpdLyjvZBwrvm+cedCcQy"}],"_spriteFrame":{"__uuid__":"597aTGNN1Fgq6nUj8Z1n0M"},"_sizeMode":2,"_isTrimmedMode":false}],"_prefab":{"__type__":"cc.PrefabInfo","root":{"__id__":1},"asset":{"__uuid__":"038nrvOSxEIr/Ibnxkv/sB"},"fileId":"564cKs+KFJbIJsKWC8M4M+"},"_contentSize":{"__type__":"cc.Size","width":108,"height":148},"_trs":{"__type__":"TypedArray","ctor":"Float64Array","array":[0,0,0,0,0,0,1,1,1,1]}},{"__type__":"cc.Node","_name":"icon_mapai","_parent":{"__id__":85},"_active":false,"_components":[{"__type__":"cc.Sprite","node":{"__id__":87},"_materials":[{"__uuid__":"ecpdLyjvZBwrvm+cedCcQy"}],"_spriteFrame":{"__uuid__":"f4eAmSm/JDVJhWmR2+4RqT"},"_sizeMode":0}],"_prefab":{"__type__":"cc.PrefabInfo","root":{"__id__":1},"asset":{"__uuid__":"038nrvOSxEIr/Ibnxkv/sB"},"fileId":"2aDDpepN9KHoBVm+v11jLL"},"_contentSize":{"__type__":"cc.Size","width":108,"height":148},"_trs":{"__type__":"TypedArray","ctor":"Float64Array","array":[-1.4210854715202004e-14,0,0,0,0,0,1,1,1,1]}},{"__type__":"cc.Node","_name":"num","_parent":{"__id__":85},"_components":[{"__type__":"cc.Sprite","node":{"__id__":88},"_materials":[{"__uuid__":"ecpdLyjvZBwrvm+cedCcQy"}],"_spriteFrame":{"__uuid__":"75AHkSgX1JpaSiTWWa43ft"},"_sizeMode":0,"_isTrimmedMode":false}],"_prefab":{"__type__":"cc.PrefabInfo","root":{"__id__":1},"asset":{"__uuid__":"038nrvOSxEIr/Ibnxkv/sB"},"fileId":"5398RRzNZJKa1869YrJVCq"},"_contentSize":{"__type__":"cc.Size","width":22,"height":36},"_trs":{"__type__":"TypedArray","ctor":"Float64Array","array":[-33,46.774,0,0,0,0,1,1,1,1]}},{"__type__":"cc.Node","_name":"icon","_parent":{"__id__":85},"_components":[{"__type__":"cc.Sprite","node":{"__id__":89},"_materials":[{"__uuid__":"ecpdLyjvZBwrvm+cedCcQy"}],"_spriteFrame":{"__uuid__":"61p9/3XYFDMZ3TK4+kAV2+"},"_sizeMode":0,"_isTrimmedMode":false}],"_prefab":{"__type__":"cc.PrefabInfo","root":{"__id__":1},"asset":{"__uuid__":"038nrvOSxEIr/Ibnxkv/sB"},"fileId":"a2KruSlrVMFITmPo/2xBB5"},"_contentSize":{"__type__":"cc.Size","width":54,"height":74},"_trs":{"__type__":"TypedArray","ctor":"Float64Array","array":[18,-25,0,0,0,0,1,1,1,1]}},{"__type__":"cc.Node","_name":"icon_1","_parent":{"__id__":85},"_components":[{"__type__":"cc.Sprite","node":{"__id__":90},"_materials":[{"__uuid__":"ecpdLyjvZBwrvm+cedCcQy"}],"_spriteFrame":{"__uuid__":"56tqfFv81HRYATPz9wcUJY"},"_sizeMode":0,"_isTrimmedMode":false}],"_prefab":{"__type__":"cc.PrefabInfo","root":{"__id__":1},"asset":{"__uuid__":"038nrvOSxEIr/Ibnxkv/sB"},"fileId":"43Q7Wud/hHl7D3CclP6B0N"},"_contentSize":{"__type__":"cc.Size","width":54,"height":74},"_trs":{"__type__":"TypedArray","ctor":"Float64Array","array":[-38,26,0,0,0,0,1,1,1,1]}},{"__type__":"cc.Node","_name":"poker_back","_parent":{"__id__":85},"_components":[{"__type__":"cc.Sprite","node":{"__id__":91},"_materials":[{"__uuid__":"ecpdLyjvZBwrvm+cedCcQy"}],"_spriteFrame":{"__uuid__":"53cJpJX2pDrIjEDBc19oEm"}}],"_prefab":{"__type__":"cc.PrefabInfo","root":{"__id__":1},"asset":{"__uuid__":"038nrvOSxEIr/Ibnxkv/sB"},"fileId":"2aEWPQav9AobdcH1soeqxw"},"_contentSize":{"__type__":"cc.Size","width":106,"height":146},"_trs":{"__type__":"TypedArray","ctor":"Float64Array","array":[0,0,0,0,0,0,1,1,1,1]}},{"__type__":"cc.Node","_name":"dun_card10","_parent":{"__id__":26},"_children":[{"__id__":93},{"__id__":94},{"__id__":95},{"__id__":96},{"__id__":97},{"__id__":98}],"_prefab":{"__type__":"cc.PrefabInfo","root":{"__id__":1},"asset":{"__uuid__":"038nrvOSxEIr/Ibnxkv/sB"},"fileId":"72j1N5fFdCVJtLEESw8bCw"},"_contentSize":{"__type__":"cc.Size","width":108,"height":148},"_trs":{"__type__":"TypedArray","ctor":"Float64Array","array":[-45,-80,0,0,0,0.15643446504023087,0.9876883405951378,1,1,1]},"_eulerAngles":{"__type__":"cc.Vec3","z":18}},{"__type__":"cc.Node","_name":"bg_poker","_parent":{"__id__":92},"_components":[{"__type__":"cc.Sprite","node":{"__id__":93},"_materials":[{"__uuid__":"ecpdLyjvZBwrvm+cedCcQy"}],"_spriteFrame":{"__uuid__":"597aTGNN1Fgq6nUj8Z1n0M"},"_isTrimmedMode":false}],"_prefab":{"__type__":"cc.PrefabInfo","root":{"__id__":1},"asset":{"__uuid__":"038nrvOSxEIr/Ibnxkv/sB"},"fileId":"95t+8o7AxGLIgMs6HB1eSW"},"_contentSize":{"__type__":"cc.Size","width":108,"height":148},"_trs":{"__type__":"TypedArray","ctor":"Float64Array","array":[0,0,0,0,0,0,1,1,1,1]}},{"__type__":"cc.Node","_name":"num","_parent":{"__id__":92},"_components":[{"__type__":"cc.Sprite","node":{"__id__":94},"_materials":[{"__uuid__":"ecpdLyjvZBwrvm+cedCcQy"}],"_spriteFrame":{"__uuid__":"75AHkSgX1JpaSiTWWa43ft"},"_sizeMode":0,"_isTrimmedMode":false}],"_prefab":{"__type__":"cc.PrefabInfo","root":{"__id__":1},"asset":{"__uuid__":"038nrvOSxEIr/Ibnxkv/sB"},"fileId":"25KIF9fFhEUrpNj4mUeKZ1"},"_contentSize":{"__type__":"cc.Size","width":22,"height":36},"_trs":{"__type__":"TypedArray","ctor":"Float64Array","array":[-33,46.774,0,0,0,0,1,1,1,1]}},{"__type__":"cc.Node","_name":"icon","_parent":{"__id__":92},"_components":[{"__type__":"cc.Sprite","node":{"__id__":95},"_materials":[{"__uuid__":"ecpdLyjvZBwrvm+cedCcQy"}],"_spriteFrame":{"__uuid__":"61p9/3XYFDMZ3TK4+kAV2+"},"_sizeMode":0,"_isTrimmedMode":false}],"_prefab":{"__type__":"cc.PrefabInfo","root":{"__id__":1},"asset":{"__uuid__":"038nrvOSxEIr/Ibnxkv/sB"},"fileId":"30A564B2xDUohmtW9hPR0V"},"_contentSize":{"__type__":"cc.Size","width":54,"height":74},"_trs":{"__type__":"TypedArray","ctor":"Float64Array","array":[18,-25,0,0,0,0,1,1,1,1]}},{"__type__":"cc.Node","_name":"icon_1","_parent":{"__id__":92},"_components":[{"__type__":"cc.Sprite","node":{"__id__":96},"_materials":[{"__uuid__":"ecpdLyjvZBwrvm+cedCcQy"}],"_spriteFrame":{"__uuid__":"56tqfFv81HRYATPz9wcUJY"},"_sizeMode":0,"_isTrimmedMode":false}],"_prefab":{"__type__":"cc.PrefabInfo","root":{"__id__":1},"asset":{"__uuid__":"038nrvOSxEIr/Ibnxkv/sB"},"fileId":"97Ao1SBCBGppvlvU9HXLyI"},"_contentSize":{"__type__":"cc.Size","width":54,"height":74},"_trs":{"__type__":"TypedArray","ctor":"Float64Array","array":[-38,26,0,0,0,0,1,1,1,1]}},{"__type__":"cc.Node","_name":"poker_back","_parent":{"__id__":92},"_components":[{"__type__":"cc.Sprite","node":{"__id__":97},"_materials":[{"__uuid__":"ecpdLyjvZBwrvm+cedCcQy"}],"_spriteFrame":{"__uuid__":"53cJpJX2pDrIjEDBc19oEm"},"_sizeMode":2}],"_prefab":{"__type__":"cc.PrefabInfo","root":{"__id__":1},"asset":{"__uuid__":"038nrvOSxEIr/Ibnxkv/sB"},"fileId":"96lMyyetZG0pf1Hqhj/UU9"},"_contentSize":{"__type__":"cc.Size","width":108,"height":148},"_trs":{"__type__":"TypedArray","ctor":"Float64Array","array":[0,0,0,0,0,0,1,1,1,1]}},{"__type__":"cc.Node","_name":"icon_mapai","_parent":{"__id__":92},"_active":false,"_components":[{"__type__":"cc.Sprite","node":{"__id__":98},"_materials":[{"__uuid__":"ecpdLyjvZBwrvm+cedCcQy"}],"_spriteFrame":{"__uuid__":"f4eAmSm/JDVJhWmR2+4RqT"},"_sizeMode":0}],"_prefab":{"__type__":"cc.PrefabInfo","root":{"__id__":1},"asset":{"__uuid__":"038nrvOSxEIr/Ibnxkv/sB"},"fileId":"3bVMdsazxGC7DwG1QNUV+O"},"_contentSize":{"__type__":"cc.Size","width":108,"height":148},"_trs":{"__type__":"TypedArray","ctor":"Float64Array","array":[-1.4210854715202004e-14,0,0,0,0,0,1,1,1,1]}},{"__type__":"cc.Node","_name":"dun_card11","_parent":{"__id__":26},"_children":[{"__id__":100},{"__id__":101},{"__id__":102},{"__id__":103},{"__id__":104},{"__id__":105}],"_prefab":{"__type__":"cc.PrefabInfo","root":{"__id__":1},"asset":{"__uuid__":"038nrvOSxEIr/Ibnxkv/sB"},"fileId":"ddHOoZpVlPaY7M6twVI8dx"},"_contentSize":{"__type__":"cc.Size","width":108,"height":148},"_trs":{"__type__":"TypedArray","ctor":"Float64Array","array":[2,-80,0,0,0,0,1,1,1,1]}},{"__type__":"cc.Node","_name":"bg_poker","_parent":{"__id__":99},"_components":[{"__type__":"cc.Sprite","node":{"__id__":100},"_materials":[{"__uuid__":"ecpdLyjvZBwrvm+cedCcQy"}],"_spriteFrame":{"__uuid__":"597aTGNN1Fgq6nUj8Z1n0M"},"_isTrimmedMode":false}],"_prefab":{"__type__":"cc.PrefabInfo","root":{"__id__":1},"asset":{"__uuid__":"038nrvOSxEIr/Ibnxkv/sB"},"fileId":"49Yi5bqcdM/Zx6ynn4OVfI"},"_contentSize":{"__type__":"cc.Size","width":108,"height":148},"_trs":{"__type__":"TypedArray","ctor":"Float64Array","array":[0,0,0,0,0,0,1,1,1,1]}},{"__type__":"cc.Node","_name":"icon_mapai","_parent":{"__id__":99},"_active":false,"_components":[{"__type__":"cc.Sprite","node":{"__id__":101},"_materials":[{"__uuid__":"ecpdLyjvZBwrvm+cedCcQy"}],"_spriteFrame":{"__uuid__":"f4eAmSm/JDVJhWmR2+4RqT"},"_sizeMode":0}],"_prefab":{"__type__":"cc.PrefabInfo","root":{"__id__":1},"asset":{"__uuid__":"038nrvOSxEIr/Ibnxkv/sB"},"fileId":"132IiqidJCZ7XO061qKR+M"},"_contentSize":{"__type__":"cc.Size","width":108,"height":148},"_trs":{"__type__":"TypedArray","ctor":"Float64Array","array":[0,0,0,0,0,0,1,1,1,1]}},{"__type__":"cc.Node","_name":"num","_parent":{"__id__":99},"_components":[{"__type__":"cc.Sprite","node":{"__id__":102},"_materials":[{"__uuid__":"ecpdLyjvZBwrvm+cedCcQy"}],"_spriteFrame":{"__uuid__":"75AHkSgX1JpaSiTWWa43ft"},"_sizeMode":0,"_isTrimmedMode":false}],"_prefab":{"__type__":"cc.PrefabInfo","root":{"__id__":1},"asset":{"__uuid__":"038nrvOSxEIr/Ibnxkv/sB"},"fileId":"ffMDaQTkNLzoYTdqcMH1ef"},"_contentSize":{"__type__":"cc.Size","width":22,"height":36},"_trs":{"__type__":"TypedArray","ctor":"Float64Array","array":[-33,46.774,0,0,0,0,1,1,1,1]}},{"__type__":"cc.Node","_name":"icon","_parent":{"__id__":99},"_components":[{"__type__":"cc.Sprite","node":{"__id__":103},"_materials":[{"__uuid__":"ecpdLyjvZBwrvm+cedCcQy"}],"_spriteFrame":{"__uuid__":"61p9/3XYFDMZ3TK4+kAV2+"},"_sizeMode":0,"_isTrimmedMode":false}],"_prefab":{"__type__":"cc.PrefabInfo","root":{"__id__":1},"asset":{"__uuid__":"038nrvOSxEIr/Ibnxkv/sB"},"fileId":"afDrvRm0JNwb2K8hHlhcQX"},"_contentSize":{"__type__":"cc.Size","width":54,"height":74},"_trs":{"__type__":"TypedArray","ctor":"Float64Array","array":[18,-25,0,0,0,0,1,1,1,1]}},{"__type__":"cc.Node","_name":"icon_1","_parent":{"__id__":99},"_components":[{"__type__":"cc.Sprite","node":{"__id__":104},"_materials":[{"__uuid__":"ecpdLyjvZBwrvm+cedCcQy"}],"_spriteFrame":{"__uuid__":"56tqfFv81HRYATPz9wcUJY"},"_sizeMode":0,"_isTrimmedMode":false}],"_prefab":{"__type__":"cc.PrefabInfo","root":{"__id__":1},"asset":{"__uuid__":"038nrvOSxEIr/Ibnxkv/sB"},"fileId":"75Ka/stVxB66zrFNmYKYOK"},"_contentSize":{"__type__":"cc.Size","width":54,"height":74},"_trs":{"__type__":"TypedArray","ctor":"Float64Array","array":[-38,26,0,0,0,0,1,1,1,1]}},{"__type__":"cc.Node","_name":"poker_back","_parent":{"__id__":99},"_components":[{"__type__":"cc.Sprite","node":{"__id__":105},"_materials":[{"__uuid__":"ecpdLyjvZBwrvm+cedCcQy"}],"_spriteFrame":{"__uuid__":"53cJpJX2pDrIjEDBc19oEm"}}],"_prefab":{"__type__":"cc.PrefabInfo","root":{"__id__":1},"asset":{"__uuid__":"038nrvOSxEIr/Ibnxkv/sB"},"fileId":"d1a5x9nENDFKIYNluOiWWt"},"_contentSize":{"__type__":"cc.Size","width":106,"height":146},"_trs":{"__type__":"TypedArray","ctor":"Float64Array","array":[0,0,0,0,0,0,1,1,1,1]}},{"__type__":"cc.Node","_name":"dun_card12","_parent":{"__id__":26},"_children":[{"__id__":107},{"__id__":108},{"__id__":109},{"__id__":110},{"__id__":111},{"__id__":112}],"_prefab":{"__type__":"cc.PrefabInfo","root":{"__id__":1},"asset":{"__uuid__":"038nrvOSxEIr/Ibnxkv/sB"},"fileId":"caMcTzmTpHV6YiUkqpKRyl"},"_contentSize":{"__type__":"cc.Size","width":108,"height":148},"_trs":{"__type__":"TypedArray","ctor":"Float64Array","array":[49,-80,0,0,0,-0.15643446504023087,0.9876883405951378,1,1,1]},"_eulerAngles":{"__type__":"cc.Vec3","z":-18}},{"__type__":"cc.Node","_name":"bg_poker","_parent":{"__id__":106},"_components":[{"__type__":"cc.Sprite","node":{"__id__":107},"_materials":[{"__uuid__":"ecpdLyjvZBwrvm+cedCcQy"}],"_spriteFrame":{"__uuid__":"597aTGNN1Fgq6nUj8Z1n0M"},"_sizeMode":2,"_isTrimmedMode":false}],"_prefab":{"__type__":"cc.PrefabInfo","root":{"__id__":1},"asset":{"__uuid__":"038nrvOSxEIr/Ibnxkv/sB"},"fileId":"b7lwqlBqZEGq1h0wUaGxtT"},"_contentSize":{"__type__":"cc.Size","width":108,"height":148},"_trs":{"__type__":"TypedArray","ctor":"Float64Array","array":[0,0,0,0,0,0,1,1,1,1]}},{"__type__":"cc.Node","_name":"icon_mapai","_parent":{"__id__":106},"_active":false,"_components":[{"__type__":"cc.Sprite","node":{"__id__":108},"_materials":[{"__uuid__":"ecpdLyjvZBwrvm+cedCcQy"}],"_spriteFrame":{"__uuid__":"f4eAmSm/JDVJhWmR2+4RqT"},"_sizeMode":0}],"_prefab":{"__type__":"cc.PrefabInfo","root":{"__id__":1},"asset":{"__uuid__":"038nrvOSxEIr/Ibnxkv/sB"},"fileId":"e4MFnzSzVFeaumXlxUP+lS"},"_contentSize":{"__type__":"cc.Size","width":108,"height":148},"_trs":{"__type__":"TypedArray","ctor":"Float64Array","array":[-7.105427357601002e-15,0,0,0,0,0,1,1,1,1]}},{"__type__":"cc.Node","_name":"num","_parent":{"__id__":106},"_components":[{"__type__":"cc.Sprite","node":{"__id__":109},"_materials":[{"__uuid__":"ecpdLyjvZBwrvm+cedCcQy"}],"_spriteFrame":{"__uuid__":"75AHkSgX1JpaSiTWWa43ft"},"_sizeMode":0,"_isTrimmedMode":false}],"_prefab":{"__type__":"cc.PrefabInfo","root":{"__id__":1},"asset":{"__uuid__":"038nrvOSxEIr/Ibnxkv/sB"},"fileId":"b0qbbcGj9Oc7feHrpyQhWO"},"_contentSize":{"__type__":"cc.Size","width":22,"height":36},"_trs":{"__type__":"TypedArray","ctor":"Float64Array","array":[-33,46.774,0,0,0,0,1,1,1,1]}},{"__type__":"cc.Node","_name":"icon","_parent":{"__id__":106},"_components":[{"__type__":"cc.Sprite","node":{"__id__":110},"_materials":[{"__uuid__":"ecpdLyjvZBwrvm+cedCcQy"}],"_spriteFrame":{"__uuid__":"61p9/3XYFDMZ3TK4+kAV2+"},"_sizeMode":0,"_isTrimmedMode":false}],"_prefab":{"__type__":"cc.PrefabInfo","root":{"__id__":1},"asset":{"__uuid__":"038nrvOSxEIr/Ibnxkv/sB"},"fileId":"42ntjkpPJOXrv2ozRtnKSY"},"_contentSize":{"__type__":"cc.Size","width":54,"height":74},"_trs":{"__type__":"TypedArray","ctor":"Float64Array","array":[18,-25,0,0,0,0,1,1,1,1]}},{"__type__":"cc.Node","_name":"icon_1","_parent":{"__id__":106},"_components":[{"__type__":"cc.Sprite","node":{"__id__":111},"_materials":[{"__uuid__":"ecpdLyjvZBwrvm+cedCcQy"}],"_spriteFrame":{"__uuid__":"56tqfFv81HRYATPz9wcUJY"},"_sizeMode":0,"_isTrimmedMode":false}],"_prefab":{"__type__":"cc.PrefabInfo","root":{"__id__":1},"asset":{"__uuid__":"038nrvOSxEIr/Ibnxkv/sB"},"fileId":"07CcdyCVlExbwSCpV53Uaw"},"_contentSize":{"__type__":"cc.Size","width":54,"height":74},"_trs":{"__type__":"TypedArray","ctor":"Float64Array","array":[-38,26,0,0,0,0,1,1,1,1]}},{"__type__":"cc.Node","_name":"poker_back","_parent":{"__id__":106},"_components":[{"__type__":"cc.Sprite","node":{"__id__":112},"_materials":[{"__uuid__":"ecpdLyjvZBwrvm+cedCcQy"}],"_spriteFrame":{"__uuid__":"53cJpJX2pDrIjEDBc19oEm"}}],"_prefab":{"__type__":"cc.PrefabInfo","root":{"__id__":1},"asset":{"__uuid__":"038nrvOSxEIr/Ibnxkv/sB"},"fileId":"15KHSc8RVE3J/+GnXzFye5"},"_contentSize":{"__type__":"cc.Size","width":106,"height":146},"_trs":{"__type__":"TypedArray","ctor":"Float64Array","array":[0,0,0,0,0,0,1,1,1,1]}},{"__type__":"cc.Node","_name":"dun_card13","_parent":{"__id__":26},"_children":[{"__id__":114},{"__id__":115},{"__id__":116},{"__id__":117},{"__id__":118},{"__id__":119},{"__id__":120}],"_prefab":{"__type__":"cc.PrefabInfo","root":{"__id__":1},"asset":{"__uuid__":"038nrvOSxEIr/Ibnxkv/sB"},"fileId":"8cdSvxo89KXqO4k8bcBIop"},"_contentSize":{"__type__":"cc.Size","width":108,"height":148},"_trs":{"__type__":"TypedArray","ctor":"Float64Array","array":[103.728,-80,0,0,0,-0.18223552549214747,0.9832549075639546,1,1,1]},"_eulerAngles":{"__type__":"cc.Vec3","z":-21}},{"__type__":"cc.Node","_name":"bg_poker","_parent":{"__id__":113},"_components":[{"__type__":"cc.Sprite","node":{"__id__":114},"_materials":[{"__uuid__":"ecpdLyjvZBwrvm+cedCcQy"}],"_spriteFrame":{"__uuid__":"597aTGNN1Fgq6nUj8Z1n0M"},"_sizeMode":2,"_isTrimmedMode":false}],"_prefab":{"__type__":"cc.PrefabInfo","root":{"__id__":1},"asset":{"__uuid__":"038nrvOSxEIr/Ibnxkv/sB"},"fileId":"4cmTPK0clFA6bBWaDyFxvj"},"_contentSize":{"__type__":"cc.Size","width":108,"height":148},"_trs":{"__type__":"TypedArray","ctor":"Float64Array","array":[0,0,0,0,0,0,1,1,1,1]}},{"__type__":"cc.Node","_name":"icon_mapai","_parent":{"__id__":113},"_active":false,"_components":[{"__type__":"cc.Sprite","node":{"__id__":115},"_materials":[{"__uuid__":"ecpdLyjvZBwrvm+cedCcQy"}],"_spriteFrame":{"__uuid__":"f4eAmSm/JDVJhWmR2+4RqT"},"_sizeMode":0}],"_prefab":{"__type__":"cc.PrefabInfo","root":{"__id__":1},"asset":{"__uuid__":"038nrvOSxEIr/Ibnxkv/sB"},"fileId":"38d5jLV49PIYyOJQyXJ4nZ"},"_contentSize":{"__type__":"cc.Size","width":108,"height":148},"_trs":{"__type__":"TypedArray","ctor":"Float64Array","array":[0,0,0,0,0,0,1,1,1,1]}},{"__type__":"cc.Node","_name":"num","_parent":{"__id__":113},"_components":[{"__type__":"cc.Sprite","node":{"__id__":116},"_materials":[{"__uuid__":"ecpdLyjvZBwrvm+cedCcQy"}],"_spriteFrame":{"__uuid__":"75AHkSgX1JpaSiTWWa43ft"},"_sizeMode":0,"_isTrimmedMode":false}],"_prefab":{"__type__":"cc.PrefabInfo","root":{"__id__":1},"asset":{"__uuid__":"038nrvOSxEIr/Ibnxkv/sB"},"fileId":"23jCTC4Z9AU4NoMT2hOubS"},"_contentSize":{"__type__":"cc.Size","width":22,"height":36},"_trs":{"__type__":"TypedArray","ctor":"Float64Array","array":[-33,46.774,0,0,0,0,1,1,1,1]}},{"__type__":"cc.Node","_name":"icon_1","_parent":{"__id__":113},"_components":[{"__type__":"cc.Sprite","node":{"__id__":117},"_materials":[{"__uuid__":"ecpdLyjvZBwrvm+cedCcQy"}],"_spriteFrame":{"__uuid__":"3bQZxgOyhBDLpMgXZZS25d"},"_sizeMode":0,"_isTrimmedMode":false}],"_prefab":{"__type__":"cc.PrefabInfo","root":{"__id__":1},"asset":{"__uuid__":"038nrvOSxEIr/Ibnxkv/sB"},"fileId":"6een2VJzdBtoYGRHdwM4ZQ"},"_contentSize":{"__type__":"cc.Size","width":54,"height":74},"_trs":{"__type__":"TypedArray","ctor":"Float64Array","array":[-38,26,0,0,0,0,1,1,1,1]}},{"__type__":"cc.Node","_name":"icon","_parent":{"__id__":113},"_components":[{"__type__":"cc.Sprite","node":{"__id__":118},"_materials":[{"__uuid__":"ecpdLyjvZBwrvm+cedCcQy"}],"_spriteFrame":{"__uuid__":"1fPO5qNvxElZh1xgant31F"},"_sizeMode":0,"_isTrimmedMode":false}],"_prefab":{"__type__":"cc.PrefabInfo","root":{"__id__":1},"asset":{"__uuid__":"038nrvOSxEIr/Ibnxkv/sB"},"fileId":"6dhe7CmB5N5o415PrxMk3f"},"_contentSize":{"__type__":"cc.Size","width":54,"height":74},"_trs":{"__type__":"TypedArray","ctor":"Float64Array","array":[18,-25,0,0,0,0,1,1,1,1]}},{"__type__":"cc.Node","_name":"poker_back","_parent":{"__id__":113},"_components":[{"__type__":"cc.Sprite","node":{"__id__":119},"_materials":[{"__uuid__":"ecpdLyjvZBwrvm+cedCcQy"}],"_spriteFrame":{"__uuid__":"53cJpJX2pDrIjEDBc19oEm"},"_sizeMode":2}],"_prefab":{"__type__":"cc.PrefabInfo","root":{"__id__":1},"asset":{"__uuid__":"038nrvOSxEIr/Ibnxkv/sB"},"fileId":"61rzWEiXlISY5m4OXsgunc"},"_contentSize":{"__type__":"cc.Size","width":108,"height":148},"_trs":{"__type__":"TypedArray","ctor":"Float64Array","array":[0,0,0,0,0,0,1,1,1,1]}},{"__type__":"cc.Node","_name":"tag","_parent":{"__id__":113},"_active":false,"_components":[{"__type__":"cc.Sprite","node":{"__id__":120},"_materials":[{"__uuid__":"ecpdLyjvZBwrvm+cedCcQy"}],"_spriteFrame":{"__uuid__":"d1n+ks+7pDa4p4i4sZMMsj"}}],"_prefab":{"__type__":"cc.PrefabInfo","root":{"__id__":1},"asset":{"__uuid__":"038nrvOSxEIr/Ibnxkv/sB"},"fileId":"dfdo2CouJN1q6ADLQQV1wD"},"_contentSize":{"__type__":"cc.Size","width":40,"height":50},"_trs":{"__type__":"TypedArray","ctor":"Float64Array","array":[35,49,0,0,0,0,1,1,1,1]}},{"__type__":"cc.Node","_name":"img_special","_parent":{"__id__":26},"_children":[{"__id__":122}],"_components":[{"__type__":"cc.Layout","node":{"__id__":121},"_layoutSize":{"__type__":"cc.Size","width":271,"height":95},"_resize":1,"_N$paddingLeft":20,"_N$paddingRight":20,"_N$paddingTop":20}],"_prefab":{"__type__":"cc.PrefabInfo","root":{"__id__":1},"asset":{"__uuid__":"038nrvOSxEIr/Ibnxkv/sB"},"fileId":"e2qOY9+nxDObeGjLdZFjp+"},"_contentSize":{"__type__":"cc.Size","width":271,"height":95},"_anchorPoint":{"__type__":"cc.Vec2","x":0.5,"y":0.39},"_trs":{"__type__":"TypedArray","ctor":"Float64Array","array":[0,-182.839,0,0,0,0,1,1,1,1]}},{"__type__":"cc.Node","_name":"special","_parent":{"__id__":121},"_components":[{"__type__":"cc.Sprite","node":{"__id__":122}}],"_prefab":{"__type__":"cc.PrefabInfo","root":{"__id__":1},"asset":{"__uuid__":"038nrvOSxEIr/Ibnxkv/sB"},"fileId":"d5Bva5bAdAB6T5vwrB0bGK"},"_contentSize":{"__type__":"cc.Size","width":231,"height":75},"_trs":{"__type__":"TypedArray","ctor":"Float64Array","array":[0,0,0,0,0,0,1,1,1,1]}},{"__type__":"cc.Node","_name":"clock","_parent":{"__id__":1},"_children":[{"__id__":124}],"_components":[{"__type__":"cc.Sprite","node":{"__id__":123},"_materials":[{"__uuid__":"ecpdLyjvZBwrvm+cedCcQy"}],"_spriteFrame":{"__uuid__":"59gKYrTvRBkruini+li2FJ"}}],"_prefab":{"__type__":"cc.PrefabInfo","root":{"__id__":1},"asset":{"__uuid__":"038nrvOSxEIr/Ibnxkv/sB"},"fileId":"39v3K60V9OcrCKuRxt0KrO"},"_contentSize":{"__type__":"cc.Size","width":93,"height":98},"_trs":{"__type__":"TypedArray","ctor":"Float64Array","array":[-423.369,-317.527,0,0,0,0,1,1,1,1]}},{"__type__":"cc.Node","_name":"time","_parent":{"__id__":123},"_components":[{"__type__":"cc.Label","node":{"__id__":124},"_materials":[{"__uuid__":"ecpdLyjvZBwrvm+cedCcQy"}],"_useOriginalSize":false,"_string":"10","_N$string":"10","_fontSize":36,"_N$file":{"__uuid__":"fjssz345-cbe0-4203-a8ca-8141b2e63f4f"},"_isSystemFontUsed":false,"_N$horizontalAlign":1,"_N$verticalAlign":1},{"__type__":"cc.LabelOutline","node":{"__id__":124},"_color":{"__type__":"cc.Color","r":125,"g":70}}],"_prefab":{"__type__":"cc.PrefabInfo","root":{"__id__":1},"asset":{"__uuid__":"038nrvOSxEIr/Ibnxkv/sB"},"fileId":"ee308YSE1Mbp99FRAaAjRR"},"_color":{"__type__":"cc.Color","r":250,"g":219,"b":10},"_contentSize":{"__type__":"cc.Size","width":35.75,"height":52.4},"_trs":{"__type__":"TypedArray","ctor":"Float64Array","array":[0,3,0,0,0,0,1,1,1,1]}}],{"__type__":"cc.SpriteFrame","content":{"name":"img_dk1","texture":"61KUD5ChNGz78BV5UWG0Bj","rect":[2,2,877,665],"offset":[0,0],"originalSize":[881,669],"capInsets":[0,0,0,0]}},{"__type__":"cc.SpriteFrame","content":{"name":"bg_diamond1_1","texture":"d4VcLZrUZO4L03Ff+dP23t","rect":[0,0,82,92],"offset":[0,0],"originalSize":[82,92],"capInsets":[0,0,0,0]}},{"__type__":"cc.SpriteFrame","content":{"name":"btn_bg_green","texture":"0bUGAyvIJNcYEYlxTSUu6y","rect":[0,1,254,105],"offset":[0,0],"originalSize":[254,107],"capInsets":[0,0,0,0]}},{"__type__":"cc.SpriteFrame","content":{"name":"bg_diamond1_2","texture":"beEBKbO0BNJ4zpKLkOq2so","rect":[42,78,47,53],"offset":[11.5,-30.5],"originalSize":[108,148],"capInsets":[0,0,0,0]}},{"__type__":"cc.SpriteFrame","content":{"name":"img_dk2","texture":"6aD98EOBRAv60FlOxo7zN0","rect":[0,0,875,663],"offset":[0,0],"originalSize":[875,663],"capInsets":[0,0,0,0]}},{"__type__":"cc.SpriteFrame","content":{"name":"poker_back2","texture":"d59fVfjBhKrKnBh3HMjpru","rect":[0,0,356,499],"offset":[0,0],"originalSize":[356,499],"capInsets":[0,0,0,0]}},{"__type__":"cc.SpriteFrame","content":{"name":"bg_club1_2","texture":"d2EQKEKhtPy6lGdJha0oaj","rect":[40,78,50,53],"offset":[11,-30.5],"originalSize":[108,148],"capInsets":[0,0,0,0]}},{"__type__":"cc.SpriteFrame","content":{"name":"img_jsq","texture":"aafT6+Fb5OSJevJrxZ6++l","rect":[1,4,93,98],"offset":[0,-2],"originalSize":[95,102],"capInsets":[0,0,0,0]}},{"__type__":"cc.SpriteFrame","content":{"name":"bg_poker","texture":"dad5REbZNCwKOHcwDHBQaX","rect":[0,0,191,263],"offset":[0,0],"originalSize":[191,263],"capInsets":[0,0,0,0]}},{"__type__":"cc.SpriteFrame","content":{"name":"title_shengli","texture":"00L2qLoLFCNII9cgrB0yLr","rect":[1,0,278,145],"offset":[0,0.5],"originalSize":[280,146],"capInsets":[0,0,0,0]}},{"__type__":"cc.SpriteFrame","content":{"name":"bg_club1_1","texture":"072Fd50SBD0I0oWyd2Hj6V","rect":[0,0,75,85],"offset":[0,0],"originalSize":[75,85],"capInsets":[0,0,0,0]}},{"__type__":"cc.SpriteFrame","content":{"name":"img_bsf","texture":"34ecRgx9RLZIwpSUB/J2+9","rect":[0,0,82,29],"offset":[0,0],"originalSize":[82,29],"capInsets":[0,0,0,0]}},{"__type__":"cc.SpriteFrame","content":{"name":"black_2","texture":"0f4uyjNL5BFqDG3HT7aFM2","rect":[0,0,35,60],"offset":[0,0],"originalSize":[35,60],"capInsets":[0,0,0,0]}},{"__type__":"cc.SpriteFrame","content":{"name":"title_shibai","texture":"13DG2DBO5BM44dx1csut2z","rect":[1,1,278,145],"offset":[0,0],"originalSize":[280,147],"capInsets":[0,0,0,0]}},{"__type__":"cc.SpriteFrame","content":{"name":"default_panel","texture":"d8HsitJHxOYqo801xBk8ev","rect":[0,0,20,20],"offset":[0,0],"originalSize":[20,20],"capInsets":[6,6,6,6]}},{"__type__":"cc.SpriteFrame","content":{"name":"item_bg4","texture":"c4Sb8xyT5KYpEV6XdABmo7","rect":[0,0,162,439],"offset":[0,0],"originalSize":[162,439],"capInsets":[0,0,0,0]}},{"__type__":"cc.SpriteFrame","content":{"name":"btn_bg_red","texture":"e4y4RacKVAhYCQ0ziJecQJ","rect":[0,1,254,107],"offset":[0,-0.5],"originalSize":[254,108],"capInsets":[0,0,0,0]}},{"__type__":"cc.SpriteFrame","content":{"name":"item_bg3","texture":"33kGytAzFDSK+N4WrZEFP7","rect":[0,0,162,439],"offset":[0,0],"originalSize":[162,439],"capInsets":[0,0,0,0]}},{"__type__":"cc.SpriteFrame","content":{"name":"cardType_0","texture":"aee4A4fgBL15ut2C3RAqUW","rect":[0,5,40,50],"offset":[-3,-2.5],"originalSize":[46,55],"capInsets":[0,0,0,0]}},{"__type__":"cc.SpriteFrame","content":{"name":"bg_spade1_2","texture":"97YOUmqXdIK6a0wmnC/RPk","rect":[39,78,52,53],"offset":[11,-30.5],"originalSize":[108,148],"capInsets":[0,0,0,0]}},{"__type__":"cc.SpriteFrame","content":{"name":"img_tx","texture":"51ZtFmXFNPzYP84sRDgWX0","rect":[0,0,88,88],"offset":[0,0],"originalSize":[88,88],"capInsets":[0,0,0,0]}},{"__type__":"cc.SpriteFrame","content":{"name":"bg_mapai","texture":"d5BYzkyIlPXpAjAVQwBAvX","rect":[0,0,191,263],"offset":[0,0],"originalSize":[191,263],"capInsets":[0,0,0,0]}},{"__type__":"cc.SpriteFrame","content":{"name":"morentouxiang","texture":"fjssz652-0393-4ea1-84d8-1bdd3044f177","rect":[0,0,96,96],"offset":[0,0],"originalSize":[96,96],"capInsets":[0,0,0,0]}}]