[{"__type__":"cc.SpriteFrame","content":{"name":"shisanyao_ani6","texture":"129118250","rect":[2,299,380,203],"offset":[-25,0.5],"originalSize":[454,242],"capInsets":[0,0,0,0]}},{"__type__":"cc.SpriteFrame","content":{"name":"shisanyao_ani3","texture":"129118250","rect":[320,528,309,166],"offset":[-58.5,-14],"originalSize":[454,242],"capInsets":[0,0,0,0]}},{"__type__":"cc.SpriteFrame","content":{"name":"shisanyao_ani4","texture":"129118250","rect":[2,528,314,200],"offset":[-50,-14],"originalSize":[454,242],"capInsets":[0,0,0,0]}},{"__type__":"cc.SpriteFrame","content":{"name":"shisanyao_ani2","texture":"129118250","rect":[440,2,257,127],"offset":[-59.5,-11.5],"originalSize":[454,242],"capInsets":[0,0,0,0]}},{"__type__":"cc.SpriteFrame","content":{"name":"shisanyao_ani8","texture":"129118250","rect":[2,160,434,135],"offset":[10,-17.5],"originalSize":[454,242],"capInsets":[0,0,0,0]}},{"__type__":"cc.AnimationClip","_name":"shisanyaoAction","_duration":1.1833333333333333,"curveData":{"comps":{"cc.Sprite":{"spriteFrame":[{"frame":0,"value":{"__uuid__":"qzmjmjaf-1068-4271-bd20-8970f13c15f2"}},{"frame":0.16666666666666666,"value":{"__uuid__":"qzmjmj69-d5d6-4502-a7f2-aa3403a7294c"}},{"frame":0.3333333333333333,"value":{"__uuid__":"qzmjmj50-6576-4855-9168-464b92272f61"}},{"frame":0.5,"value":{"__uuid__":"qzmjmj54-f8e7-4c95-9399-7162506bcd4d"}},{"frame":0.6666666666666666,"value":{"__uuid__":"qzmjmjba-13ae-47c5-9e27-f4ffc7bea920"}},{"frame":0.8333333333333334,"value":{"__uuid__":"qzmjmj2f-2c14-4ef4-bb40-df612e21502d"}},{"frame":1,"value":{"__uuid__":"qzmjmjc5-f771-4626-b4cc-4f2a4c13703e"}},{"frame":1.1666666666666667,"value":{"__uuid__":"qzmjmj8b-3a9e-420b-b650-425302f61a3f"}}]}}}},{"__type__":"cc.SpriteFrame","content":{"name":"shisanyao_ani1","texture":"129118250","rect":[660,133,118,51],"offset":[-49,-22.5],"originalSize":[454,242],"rotated":1,"capInsets":[0,0,0,0]}},{"__type__":"cc.SpriteFrame","content":{"name":"shisanyao_ani5","texture":"129118250","rect":[440,133,391,216],"offset":[-30.5,-5],"originalSize":[454,242],"rotated":1,"capInsets":[0,0,0,0]}},{"__type__":"cc.SpriteFrame","content":{"name":"shisanyao_ani7","texture":"129118250","rect":[2,2,434,154],"offset":[10,-8],"originalSize":[454,242],"capInsets":[0,0,0,0]}}]