[{"__type__":"cc.SpriteFrame","content":{"name":"hh_face_dao_24","texture":"qzmjmj84-3629-4500-9bbb-d3ddc183f2dc","rect":[0,0,47,76],"offset":[0,0],"originalSize":[47,76],"capInsets":[0,0,0,0]}},[{"__type__":"cc.Prefab","_name":"qzmj_UIMJSharePaiXingMax","data":{"__id__":1}},{"__type__":"cc.Node","_name":"qzmj_UIMJSharePaiXingMax","_children":[{"__id__":2},{"__id__":6},{"__id__":10}],"_components":[{"__type__":"cc.Widget","node":{"__id__":1},"alignMode":0,"_alignFlags":45},{"__type__":"cc.Button","node":{"__id__":1},"_N$normalColor":{"__type__":"cc.Color","r":214,"g":214,"b":214},"_N$target":{"__id__":1}},{"__type__":"qzmjmj06-9042-4a0b-ab4f-aa1e1c32085d","node":{"__id__":1},"JS_Name":"xymj_BaseComponent","erweima":{"__id__":4}}],"_prefab":{"__type__":"cc.PrefabInfo","root":{"__id__":1},"asset":{"__uuid__":"qzmjmj95-c8f1-4d1a-8c91-a395a75218a1"},"fileId":"1df4eOJz+FLLotxO5zfLIhM"},"_contentSize":{"__type__":"cc.Size","width":1360,"height":760},"_trs":{"__type__":"TypedArray","ctor":"Float64Array","array":[680,380,0,0,0,0,1,1,1,1]}},{"__type__":"cc.Node","_name":"bg","_parent":{"__id__":1},"_children":[{"__id__":3},{"__id__":4},{"__id__":5}],"_components":[{"__type__":"cc.Sprite","node":{"__id__":2}}],"_prefab":{"__type__":"cc.PrefabInfo","root":{"__id__":1},"asset":{"__uuid__":"qzmjmj95-c8f1-4d1a-8c91-a395a75218a1"},"fileId":"2f46eolaFVFc4JKt/aG4N+e"},"_contentSize":{"__type__":"cc.Size","width":1600,"height":800},"_trs":{"__type__":"TypedArray","ctor":"Float64Array","array":[0,0,0,0,0,0,1,1,1,1]}},{"__type__":"cc.Node","_name":"logo","_parent":{"__id__":2},"_components":[{"__type__":"cc.Sprite","node":{"__id__":3},"_sizeMode":0}],"_prefab":{"__type__":"cc.PrefabInfo","root":{"__id__":1},"asset":{"__uuid__":"qzmjmj95-c8f1-4d1a-8c91-a395a75218a1"},"fileId":"716f156kUpFnJPk30NGy+8Q"},"_contentSize":{"__type__":"cc.Size","width":300,"height":120},"_trs":{"__type__":"TypedArray","ctor":"Float64Array","array":[525,307,0,0,0,0,1,1,1,1]}},{"__type__":"cc.Node","_name":"erweima","_parent":{"__id__":2},"_components":[{"__type__":"cc.Sprite","node":{"__id__":4},"_sizeMode":0}],"_prefab":{"__type__":"cc.PrefabInfo","root":{"__id__":1},"asset":{"__uuid__":"qzmjmj95-c8f1-4d1a-8c91-a395a75218a1"},"fileId":"8c62c2henhMdZo7HI0vmDpm"},"_contentSize":{"__type__":"cc.Size","width":140,"height":140},"_trs":{"__type__":"TypedArray","ctor":"Float64Array","array":[546.1,135.1,0,0,0,0,1,1,1,1]}},{"__type__":"cc.Node","_name":"paixing","_parent":{"__id__":2},"_components":[{"__type__":"cc.Sprite","node":{"__id__":5}}],"_prefab":{"__type__":"cc.PrefabInfo","root":{"__id__":1},"asset":{"__uuid__":"qzmjmj95-c8f1-4d1a-8c91-a395a75218a1"},"fileId":"1d17bHjbktCOb9HJ9bsleiI"},"_contentSize":{"__type__":"cc.Size","width":118,"height":194},"_trs":{"__type__":"TypedArray","ctor":"Float64Array","array":[1,164,0,0,0,0,1,1.5,1.5,1]},"_eulerAngles":{"__type__":"cc.Vec3","z":1}},{"__type__":"cc.Node","_name":"userinfo","_parent":{"__id__":1},"_children":[{"__id__":7},{"__id__":8},{"__id__":9}],"_prefab":{"__type__":"cc.PrefabInfo","root":{"__id__":1},"asset":{"__uuid__":"qzmjmj95-c8f1-4d1a-8c91-a395a75218a1"},"fileId":"0491a4up+9OHqcRwkWdajKT"},"_trs":{"__type__":"TypedArray","ctor":"Float64Array","array":[-247,-70,0,0,0,0,1,1,1,1]}},{"__type__":"cc.Node","_name":"head_img","_parent":{"__id__":6},"_components":[{"__type__":"cc.Sprite","node":{"__id__":7},"_spriteFrame":{"__uuid__":"qzmjmjd4-6d8e-4361-aae8-91caca6f2355"},"_sizeMode":0,"_isTrimmedMode":false},{"__type__":"qzmjmj73-3561-4a28-8fd0-4ff9fc711d7e","node":{"__id__":7},"JS_Name":"xymj_BaseComponent"}],"_prefab":{"__type__":"cc.PrefabInfo","root":{"__id__":1},"asset":{"__uuid__":"qzmjmj95-c8f1-4d1a-8c91-a395a75218a1"},"fileId":"de19eiF3hpOzI3Wjn46DA//"},"_contentSize":{"__type__":"cc.Size","width":120,"height":120},"_trs":{"__type__":"TypedArray","ctor":"Float64Array","array":[-344,-114,0,0,0,0,1,1,1,1]}},{"__type__":"cc.Node","_name":"name","_parent":{"__id__":6},"_components":[{"__type__":"cc.Label","node":{"__id__":8},"_useOriginalSize":false,"_string":"镇江棋牌","_N$string":"镇江棋牌","_lineHeight":44,"_N$file":{"__uuid__":"qzmjmj1e-650d-4484-9e24-10ffc791e225"},"_isSystemFontUsed":false,"_N$horizontalAlign":1,"_N$verticalAlign":1}],"_prefab":{"__type__":"cc.PrefabInfo","root":{"__id__":1},"asset":{"__uuid__":"qzmjmj95-c8f1-4d1a-8c91-a395a75218a1"},"fileId":"03a08PS9ohFbZa5zwMg7ua1"},"_contentSize":{"__type__":"cc.Size","width":160,"height":44},"_anchorPoint":{"__type__":"cc.Vec2","y":0.5},"_trs":{"__type__":"TypedArray","ctor":"Float64Array","array":[-277,-76,0,0,0,0,1,1,1,1]}},{"__type__":"cc.Node","_name":"huname","_parent":{"__id__":6},"_components":[{"__type__":"cc.Label","node":{"__id__":9},"_useOriginalSize":false,"_string":"游金   +9","_N$string":"游金   +9","_lineHeight":44,"_N$file":{"__uuid__":"qzmjmj1e-650d-4484-9e24-10ffc791e225"},"_isSystemFontUsed":false,"_N$horizontalAlign":1,"_N$verticalAlign":1}],"_prefab":{"__type__":"cc.PrefabInfo","root":{"__id__":1},"asset":{"__uuid__":"qzmjmj95-c8f1-4d1a-8c91-a395a75218a1"},"fileId":"a00e2Wz4E5Jd5hq1vgx3Wuj"},"_color":{"__type__":"cc.Color","r":255,"g":248,"b":44},"_contentSize":{"__type__":"cc.Size","width":158.59,"height":44},"_anchorPoint":{"__type__":"cc.Vec2","y":0.5},"_trs":{"__type__":"TypedArray","ctor":"Float64Array","array":[-271,-148,0,0,0,0,1,1,1,1]}},{"__type__":"cc.Node","_name":"paixing","_parent":{"__id__":1},"_children":[{"__id__":11},{"__id__":17}],"_prefab":{"__type__":"cc.PrefabInfo","root":{"__id__":1},"asset":{"__uuid__":"qzmjmj95-c8f1-4d1a-8c91-a395a75218a1"},"fileId":"390bdtZi7VG0qPQzUs3Yfbi"},"_trs":{"__type__":"TypedArray","ctor":"Float64Array","array":[0,-269,0,0,0,0,1,1,1,1]}},{"__type__":"cc.Node","_name":"downcard","_parent":{"__id__":10},"_children":[{"__id__":12}],"_components":[{"__type__":"cc.Layout","node":{"__id__":11},"_layoutSize":{"__type__":"cc.Size","width":245,"height":120},"_resize":1,"_N$layoutType":1,"_N$spacingX":5},{"__type__":"qzmjmj4b-140d-4a29-af82-be69e76160e8","node":{"__id__":11},"JS_Name":"xymj_BaseComponent"}],"_prefab":{"__type__":"cc.PrefabInfo","root":{"__id__":1},"asset":{"__uuid__":"qzmjmj95-c8f1-4d1a-8c91-a395a75218a1"},"fileId":"f7be8Jd1ppOfajs73WKTKuq"},"_contentSize":{"__type__":"cc.Size","width":245,"height":120},"_anchorPoint":{"__type__":"cc.Vec2","y":0.5},"_trs":{"__type__":"TypedArray","ctor":"Float64Array","array":[-585,-57,0,0,0,0,1,0.8,0.8,1]}},{"__type__":"cc.Node","_name":"down01","_parent":{"__id__":11},"_children":[{"__id__":13},{"__id__":14},{"__id__":15},{"__id__":16}],"_prefab":{"__type__":"cc.PrefabInfo","root":{"__id__":1},"asset":{"__uuid__":"qzmjmj95-c8f1-4d1a-8c91-a395a75218a1"},"fileId":"51b7b/9/25MTKHTQnrAVfih"},"_contentSize":{"__type__":"cc.Size","width":245,"height":118},"_trs":{"__type__":"TypedArray","ctor":"Float64Array","array":[122.5,0,0,0,0,0,1,1,1,1]}},{"__type__":"cc.Node","_name":"card01","_parent":{"__id__":12},"_components":[{"__type__":"cc.Sprite","node":{"__id__":13},"_spriteFrame":{"__uuid__":"qzmjmj7d-d077-4e42-ac80-228ec758c4f0"}}],"_prefab":{"__type__":"cc.PrefabInfo","root":{"__id__":1},"asset":{"__uuid__":"qzmjmj95-c8f1-4d1a-8c91-a395a75218a1"},"fileId":"d8c3azItNFHCYndLr04IRgN"},"_contentSize":{"__type__":"cc.Size","width":47,"height":76},"_trs":{"__type__":"TypedArray","ctor":"Float64Array","array":[-76,0,0,0,0,0,1,1.7,1.7,1]}},{"__type__":"cc.Node","_name":"card02","_parent":{"__id__":12},"_components":[{"__type__":"cc.Sprite","node":{"__id__":14},"_spriteFrame":{"__uuid__":"qzmjmj7d-d077-4e42-ac80-228ec758c4f0"}}],"_prefab":{"__type__":"cc.PrefabInfo","root":{"__id__":1},"asset":{"__uuid__":"qzmjmj95-c8f1-4d1a-8c91-a395a75218a1"},"fileId":"d0c2bYcXCdHx4tPPc7+g3Pp"},"_contentSize":{"__type__":"cc.Size","width":47,"height":76},"_trs":{"__type__":"TypedArray","ctor":"Float64Array","array":[5,0,0,0,0,0,1,1.7,1.7,1]}},{"__type__":"cc.Node","_name":"card03","_parent":{"__id__":12},"_components":[{"__type__":"cc.Sprite","node":{"__id__":15},"_spriteFrame":{"__uuid__":"qzmjmj7d-d077-4e42-ac80-228ec758c4f0"}}],"_prefab":{"__type__":"cc.PrefabInfo","root":{"__id__":1},"asset":{"__uuid__":"qzmjmj95-c8f1-4d1a-8c91-a395a75218a1"},"fileId":"e24b1KghcdPJYucNMdKtcwk"},"_contentSize":{"__type__":"cc.Size","width":47,"height":76},"_trs":{"__type__":"TypedArray","ctor":"Float64Array","array":[86,0,0,0,0,0,1,1.7,1.7,1]}},{"__type__":"cc.Node","_name":"card04","_parent":{"__id__":12},"_components":[{"__type__":"cc.Sprite","node":{"__id__":16},"_spriteFrame":{"__uuid__":"qzmjmj7d-d077-4e42-ac80-228ec758c4f0"}}],"_prefab":{"__type__":"cc.PrefabInfo","root":{"__id__":1},"asset":{"__uuid__":"qzmjmj95-c8f1-4d1a-8c91-a395a75218a1"},"fileId":"4f5accWX9tKYbh2I/N1npB1"},"_contentSize":{"__type__":"cc.Size","width":47,"height":76},"_trs":{"__type__":"TypedArray","ctor":"Float64Array","array":[5,18,0,0,0,0,1,1.7,1.7,1]}},{"__type__":"cc.Node","_name":"showcard","_parent":{"__id__":10},"_children":[{"__id__":18},{"__id__":19}],"_components":[{"__type__":"cc.Layout","node":{"__id__":17},"_layoutSize":{"__type__":"cc.Size","width":1455,"height":120},"_N$layoutType":1,"_N$spacingX":33,"_N$horizontalDirection":1},{"__type__":"qzmjmj8c-5cbd-4026-b214-12ddf5725c3a","node":{"__id__":17},"JS_Name":"xymj_BaseComponent","sp_in":{"__id__":18}}],"_prefab":{"__type__":"cc.PrefabInfo","root":{"__id__":1},"asset":{"__uuid__":"qzmjmj95-c8f1-4d1a-8c91-a395a75218a1"},"fileId":"5ee38P+nc9PC7LOytxNGe9V"},"_contentSize":{"__type__":"cc.Size","width":1455,"height":120},"_anchorPoint":{"__type__":"cc.Vec2","x":1,"y":0.5},"_trs":{"__type__":"TypedArray","ctor":"Float64Array","array":[595,-55,0,0,0,0,1,0.8,0.8,1]}},{"__type__":"cc.Node","_name":"sp_in","_parent":{"__id__":17},"_components":[{"__type__":"cc.Sprite","node":{"__id__":18},"_spriteFrame":{"__uuid__":"qzmjmj7d-d077-4e42-ac80-228ec758c4f0"}}],"_prefab":{"__type__":"cc.PrefabInfo","root":{"__id__":1},"asset":{"__uuid__":"qzmjmj95-c8f1-4d1a-8c91-a395a75218a1"},"fileId":"8386cdtxrFKV5IJLiwbIhsi"},"_contentSize":{"__type__":"cc.Size","width":47,"height":76},"_trs":{"__type__":"TypedArray","ctor":"Float64Array","array":[-23.5,2.2,0,0,0,0,1,1.7,1.7,1]}},{"__type__":"cc.Node","_name":"empty","_parent":{"__id__":17},"_components":[{"__type__":"cc.Sprite","node":{"__id__":19}}],"_prefab":{"__type__":"cc.PrefabInfo","root":{"__id__":1},"asset":{"__uuid__":"qzmjmj95-c8f1-4d1a-8c91-a395a75218a1"},"fileId":"664d1E3OilLAYxci0ehVqoO"},"_contentSize":{"__type__":"cc.Size","width":10,"height":118},"_trs":{"__type__":"TypedArray","ctor":"Float64Array","array":[-85,0,0,0,0,0,1,1,1,1]}}],{"__type__":"cc.SpriteFrame","content":{"name":"morentouxiang","texture":"qzmjmj52-0393-4ea1-84d8-1bdd3044f177","rect":[0,0,60,60],"offset":[0,0],"originalSize":[60,60],"capInsets":[0,0,0,0]}}]