[{"__type__":"cc.SpriteFrame","content":{"name":"peng_ani2","texture":"11fb69df9","rect":[2,2,301,180],"offset":[-4,-5.5],"originalSize":[367,305],"capInsets":[0,0,0,0]}},{"__type__":"cc.SpriteFrame","content":{"name":"peng_ani4","texture":"11fb69df9","rect":[233,231,272,212],"offset":[0.5,-0.5],"originalSize":[367,305],"capInsets":[0,0,0,0]}},{"__type__":"cc.AnimationClip","_name":"pengAction","_duration":0.6833333333333333,"curveData":{"comps":{"cc.Sprite":{"spriteFrame":[{"frame":0,"value":{"__uuid__":"lznn2fbf-b2a1-434a-ba4a-9e89aab919e5"}},{"frame":0.13333333333333333,"value":{"__uuid__":"lznn123b-c634-464e-848b-b6045e3553ca"}},{"frame":0.26666666666666666,"value":{"__uuid__":"lznnf20a-64a4-43d5-a914-b2e200cb60d6"}},{"frame":0.4166666666666667,"value":{"__uuid__":"lznn23d4-788c-44b5-a5c8-37eb0eedd1e6"}},{"frame":0.5333333333333333,"value":{"__uuid__":"lznnbc93-5db0-4bb6-a649-47ed36c61f27"}},{"frame":0.6666666666666666,"value":{"__uuid__":"lznn9642-dc80-4b28-928f-d7a598f19c27"}}]}}}},{"__type__":"cc.SpriteFrame","content":{"name":"peng_ani1","texture":"1ee841d9c","rect":[2,2,366,196],"offset":[0.5,-54.5],"originalSize":[367,305],"capInsets":[0,0,0,0]}},{"__type__":"cc.SpriteFrame","content":{"name":"peng_ani6","texture":"11fb69df9","rect":[307,2,199,225],"offset":[-6,6],"originalSize":[367,305],"capInsets":[0,0,0,0]}},{"__type__":"cc.SpriteFrame","content":{"name":"peng_ani5","texture":"11fb69df9","rect":[2,186,202,227],"offset":[6.5,7],"originalSize":[367,305],"rotated":1,"capInsets":[0,0,0,0]}},{"__type__":"cc.SpriteFrame","content":{"name":"peng_ani3","texture":"1ee841d9c","rect":[2,202,246,265],"offset":[-5.5,0],"originalSize":[367,305],"rotated":1,"capInsets":[0,0,0,0]}}]