[[{"__type__":"cc.Prefab","_name":"nn_UIAutoPlay","data":{"__id__":1}},{"__type__":"cc.Node","_name":"nn_UIAutoPlay","_children":[{"__id__":2},{"__id__":3}],"_components":[{"__type__":"cc.Sprite","node":{"__id__":1},"_materials":[{"__uuid__":"ecpdLyjvZBwrvm+cedCcQy"}],"_spriteFrame":{"__uuid__":"lznn8d1f-3e0b-4b1d-ae52-c52ad188bba9"},"_type":1,"_sizeMode":0},{"__type__":"cc.Button","node":{"__id__":1},"clickEvents":[{"__type__":"cc.ClickEvent","target":{"__id__":1},"_componentId":"lznn3f77-9e26-4e6c-963e-a986ed4e2dfc","handler":"OnClick_BtnWnd"}],"_N$normalColor":{"__type__":"cc.Color","r":214,"g":214,"b":214},"_N$target":{"__id__":1}},{"__type__":"cc.Widget","node":{"__id__":1},"alignMode":0,"_alignFlags":45,"_originalWidth":1600,"_originalHeight":800},{"__type__":"lznn3f77-9e26-4e6c-963e-a986ed4e2dfc","node":{"__id__":1},"JS_Name":"fzmj_BaseComponent","ZorderLv":9}],"_prefab":{"__type__":"cc.PrefabInfo","root":{"__id__":1},"asset":{"__uuid__":"lznn81ce-8fcc-4fb7-ab12-d743d4c05b1a"},"fileId":"67yapbLcZKl7w6FEshUhK8"},"_contentSize":{"__type__":"cc.Size","width":1360,"height":760},"_trs":{"__type__":"TypedArray","ctor":"Float64Array","array":[680,380,0,0,0,0,1,1,1,1]}},{"__type__":"cc.Node","_name":"label","_parent":{"__id__":1},"_components":[{"__type__":"cc.Label","node":{"__id__":2},"_materials":[{"__uuid__":"ecpdLyjvZBwrvm+cedCcQy"}],"_useOriginalSize":false,"_string":"系统将摸打或胡牌，不做其他操作(如吃碰杠等)","_N$string":"系统将摸打或胡牌，不做其他操作(如吃碰杠等)","_fontSize":28,"_lineHeight":30,"_N$file":{"__uuid__":"lznn373b-ebaf-4e57-9974-1fdd6b1b601d"},"_isSystemFontUsed":false,"_N$horizontalAlign":1,"_N$verticalAlign":1}],"_prefab":{"__type__":"cc.PrefabInfo","root":{"__id__":1},"asset":{"__uuid__":"lznn81ce-8fcc-4fb7-ab12-d743d4c05b1a"},"fileId":"f5zOYCno5AA56u/2uMBfOr"},"_contentSize":{"__type__":"cc.Size","width":573.34,"height":37.8},"_trs":{"__type__":"TypedArray","ctor":"Float64Array","array":[0,-350,0,0,0,0,1,1,1,1]}},{"__type__":"cc.Node","_name":"btn_cancel","_parent":{"__id__":1},"_children":[{"__id__":4}],"_components":[{"__type__":"cc.Sprite","node":{"__id__":3},"_materials":[{"__uuid__":"ecpdLyjvZBwrvm+cedCcQy"}],"_spriteFrame":{"__uuid__":"lznnad01-65a2-4953-b33f-5c8985e00dac"}},{"__type__":"cc.Button","node":{"__id__":3},"zoomScale":0.9,"clickEvents":[{"__type__":"cc.ClickEvent","target":{"__id__":1},"_componentId":"lznn3f77-9e26-4e6c-963e-a986ed4e2dfc","handler":"OnClick_BtnWnd"}],"_N$transition":3,"transition":3,"_N$normalColor":{"__type__":"cc.Color","r":214,"g":214,"b":214},"_N$target":{"__id__":3}}],"_prefab":{"__type__":"cc.PrefabInfo","root":{"__id__":1},"asset":{"__uuid__":"lznn81ce-8fcc-4fb7-ab12-d743d4c05b1a"},"fileId":"b71XHjrFZBG4E+6xBrAOXA"},"_contentSize":{"__type__":"cc.Size","width":243,"height":77},"_trs":{"__type__":"TypedArray","ctor":"Float64Array","array":[0,-280,0,0,0,0,1,1,1,1]}},{"__type__":"cc.Node","_name":"icon","_parent":{"__id__":3},"_components":[{"__type__":"cc.Label","node":{"__id__":4},"_materials":[{"__uuid__":"ecpdLyjvZBwrvm+cedCcQy"}],"_useOriginalSize":false,"_string":"取消托管","_N$string":"取消托管"},{"__type__":"cc.LabelOutline","node":{"__id__":4},"_color":{"__type__":"cc.Color","r":197,"g":76,"b":13}}],"_prefab":{"__type__":"cc.PrefabInfo","root":{"__id__":1},"asset":{"__uuid__":"lznn81ce-8fcc-4fb7-ab12-d743d4c05b1a"},"fileId":"8bY0g85xNP6qw2STaHlikO"},"_contentSize":{"__type__":"cc.Size","width":162,"height":52.4},"_trs":{"__type__":"TypedArray","ctor":"Float64Array","array":[0,0,0,0,0,0,1,1,1,1]}}],{"__type__":"cc.SpriteFrame","content":{"name":"bg","texture":"lznn5036-8a0c-4d92-8561-c45e53fa19cc","rect":[0,0,21,63],"offset":[0,0],"originalSize":[21,63],"capInsets":[0,0,0,0]}},{"__type__":"cc.SpriteFrame","content":{"name":"btn_yellow1","texture":"lznn94be-3812-4f4d-9290-4dc3c1d02ef6","rect":[0,0,243,77],"offset":[-0.5,0.5],"originalSize":[244,78],"capInsets":[0,0,0,0]}}]