[{"__type__":"cc.AnimationClip","_name":"poshuiAni","_duration":0.18333333333333332,"speed":0.1,"curveData":{"comps":{"cc.Sprite":{"spriteFrame":[{"frame":0,"value":{"__uuid__":"lznnc04f-dcaa-47b4-ab9d-dec7ab448cdf"}},{"frame":0.016666666666666666,"value":{"__uuid__":"lznn62a8-c071-4067-ad07-fd985cd6cb2d"}},{"frame":0.03333333333333333,"value":{"__uuid__":"lznn56b2-292e-45d0-95ad-9f2c506e1ab0"}},{"frame":0.05,"value":{"__uuid__":"lznndb50-b290-4167-a703-86a4e2ea9c6b"}},{"frame":0.06666666666666667,"value":{"__uuid__":"lznnf00b-0ec8-436d-918a-5d3a44b535c4"}},{"frame":0.08333333333333333,"value":{"__uuid__":"lznn6e6d-88a9-48d2-bf74-98c8af49c5a8"}},{"frame":0.1,"value":{"__uuid__":"lznn5bcc-d865-4956-a2a5-9b8bd34977ca"}},{"frame":0.11666666666666667,"value":{"__uuid__":"lznn55fc-c6ee-45b7-b797-d08fe83df70f"}},{"frame":0.13333333333333333,"value":{"__uuid__":"lznna938-557a-4ad0-9ce1-f69e18278e8f"}},{"frame":0.15,"value":{"__uuid__":"lznne062-7737-4cce-a185-fe588bedabe8"}},{"frame":0.16666666666666666,"value":{"__uuid__":"lznn6e19-2ec2-4eed-95f8-88824769f236"}}]}}}},{"__type__":"cc.SpriteFrame","content":{"name":"ani_ps_shui_05","texture":"lznnb0b3-b5a3-46ef-877f-ff61ae97cbfc","rect":[0,0,92,86],"offset":[0,0],"originalSize":[92,86],"capInsets":[0,0,0,0]}},{"__type__":"cc.SpriteFrame","content":{"name":"ani_ps_tong_03","texture":"lznn0029-2684-4572-a94b-93917c45f935","rect":[0,0,84,90],"offset":[-1,0],"originalSize":[86,90],"capInsets":[0,0,0,0]}},{"__type__":"cc.SpriteFrame","content":{"name":"ani_ps_shui_04","texture":"lznn44b6-7566-4fb0-8af3-c883c1af17d9","rect":[0,0,120,76],"offset":[0,0],"originalSize":[120,76],"capInsets":[0,0,0,0]}},{"__type__":"cc.SpriteFrame","content":{"name":"ani_ps_tong_02","texture":"lznna509-9467-4626-b01d-633a37e82d42","rect":[0,0,80,88],"offset":[0,0],"originalSize":[80,88],"capInsets":[0,0,0,0]}},{"__type__":"cc.SpriteFrame","content":{"name":"ani_ps_shui_08","texture":"lznnccf7-3e20-4ab3-af67-fdfba19158fc","rect":[0,0,119,84],"offset":[-1,1],"originalSize":[121,86],"capInsets":[0,0,0,0]}},{"__type__":"cc.SpriteFrame","content":{"name":"ani_ps_shui_03","texture":"lznna8be-2631-4138-80ce-aa2eb4de566a","rect":[0,0,105,54],"offset":[0,0],"originalSize":[105,54],"capInsets":[0,0,0,0]}},{"__type__":"cc.SpriteFrame","content":{"name":"ani_ps_shui_06","texture":"lznn74e3-3068-4bf8-82f7-5a5db6c6163d","rect":[0,0,100,122],"offset":[0,0],"originalSize":[100,122],"capInsets":[0,0,0,0]}},{"__type__":"cc.SpriteFrame","content":{"name":"ani_ps_tong_01","texture":"lznnbdad-4af8-41bb-a4eb-be300fcedd90","rect":[0,0,90,94],"offset":[0,0],"originalSize":[90,94],"capInsets":[0,0,0,0]}},{"__type__":"cc.SpriteFrame","content":{"name":"ani_ps_shui_01","texture":"lznn8e8b-c73d-4e43-9964-ae7ef693156f","rect":[0,0,94,44],"offset":[0,0],"originalSize":[94,44],"capInsets":[0,0,0,0]}},{"__type__":"cc.SpriteFrame","content":{"name":"ani_ps_shui_07","texture":"lznn48da-4492-4014-88f4-52eeaf44143d","rect":[0,0,181,25],"offset":[0,0],"originalSize":[181,25],"capInsets":[0,0,0,0]}},{"__type__":"cc.SpriteFrame","content":{"name":"ani_ps_shui_02","texture":"lznnfe6a-cd37-4ba8-a4af-e3aa9043fc89","rect":[0,0,69,24],"offset":[0,0],"originalSize":[69,24],"capInsets":[0,0,0,0]}}]