{"__type__":"sp.SkeletonData","_name":"sp_effect_qdqx","_skeletonJson":{"skeleton":{"hash":"SL2BpUTR8Nzx50uinw2D8NGpk2I","spine":"3.6.53","width":130,"height":132,"images":"./sp_effect_qdqx_ReversePic/"},"bones":[{"name":"root"},{"name":"1","parent":"root","x":97.97,"y":108.39,"scaleX":-1},{"name":"2","parent":"root","x":7.91,"y":72.71,"scaleX":-1},{"name":"Boom","parent":"root","x":8.18,"y":-20.84},{"name":"JB","parent":"root"},{"name":"JB2","parent":"root"},{"name":"Jb","parent":"JB"},{"name":"Jb2","parent":"JB"},{"name":"Jb3","parent":"JB"},{"name":"Jb4","parent":"JB"},{"name":"Jb5","parent":"JB"},{"name":"Jb6","parent":"JB2"},{"name":"Jb7","parent":"JB2"},{"name":"Jb8","parent":"JB2"},{"name":"Jb9","parent":"JB2"},{"name":"Jb10","parent":"JB2"},{"name":"base","parent":"root","x":10.16,"y":-17.47},{"name":"bd","parent":"Boom"},{"name":"boom","parent":"Boom"},{"name":"ci","parent":"root","length":145.73,"rotation":4.15,"x":98.31,"y":108.27},{"name":"ci2","parent":"1","length":145.73,"rotation":4.15,"x":0.34,"y":-0.12},{"name":"daozi","parent":"root","length":52.08,"rotation":169.22,"x":7.37,"y":73.36},{"name":"daozi2","parent":"2","length":52.08,"rotation":169.22,"x":-0.55,"y":0.65},{"name":"dl","parent":"Boom"},{"name":"hg","parent":"root","y":-1.12,"scaleX":2,"scaleY":2},{"name":"hg2","parent":"root","y":-1.12,"scaleX":2,"scaleY":2},{"name":"huangguan","parent":"root","x":13.88,"y":224.19},{"name":"jibi","parent":"Jb"},{"name":"jibi2","parent":"Jb2"},{"name":"jibi3","parent":"Jb3"},{"name":"jibi4","parent":"Jb4"},{"name":"jibi5","parent":"Jb5"},{"name":"jibi6","parent":"Jb6"},{"name":"jibi7","parent":"Jb7"},{"name":"jibi8","parent":"Jb8"},{"name":"jibi9","parent":"Jb9"},{"name":"jibi10","parent":"Jb10"},{"name":"light","parent":"root","x":5.54,"y":70.82},{"name":"point","parent":"root","x":-102.16,"y":85.35},{"name":"point2","parent":"root","x":-102.16,"y":85.35},{"name":"point3","parent":"root","x":-102.16,"y":85.35},{"name":"point4","parent":"root","x":-102.16,"y":85.35},{"name":"point5","parent":"root","x":-102.16,"y":85.35},{"name":"point6","parent":"root","x":-102.16,"y":85.35},{"name":"point7","parent":"root","x":-102.16,"y":85.35},{"name":"ray","parent":"Boom","x":-54.09,"y":-17.61},{"name":"ray2","parent":"Boom","x":-54.09,"y":-17.61},{"name":"ray3","parent":"Boom","x":-54.09,"y":-17.61},{"name":"sg","parent":"root","y":-1.12,"scaleX":2,"scaleY":2},{"name":"sg2","parent":"root","scaleX":2,"scaleY":2},{"name":"sg3","parent":"root","scaleX":2,"scaleY":2},{"name":"sg4","parent":"root","y":-1.12,"scaleX":2,"scaleY":2},{"name":"zi","parent":"root","x":9.28,"y":125.5},{"name":"zi2","parent":"root","x":9.28,"y":125.5},{"name":"zs","parent":"root","x":9.09,"y":129.08}],"slots":[{"name":"light","bone":"light"},{"name":"base","bone":"base"},{"name":"ci1","bone":"ci"},{"name":"ci3","bone":"ci2"},{"name":"sg1/sg1","bone":"sg2","attachment":"sg1/sg1_00020","blend":"additive"},{"name":"sg1/sg2","bone":"sg3","attachment":"sg1/sg1_00020","blend":"additive"},{"name":"daozi","bone":"daozi"},{"name":"daozi2","bone":"daozi2"},{"name":"zs","bone":"zs"},{"name":"huangguan","bone":"huangguan"},{"name":"dl","bone":"dl"},{"name":"zi","bone":"zi"},{"name":"zi2","bone":"zi2","blend":"additive"},{"name":"sg/sg","bone":"sg","blend":"additive"},{"name":"sg/sg2","bone":"sg4","blend":"additive"},{"name":"point","bone":"point","blend":"additive"},{"name":"point7","bone":"point7","blend":"additive"},{"name":"point2","bone":"point2","blend":"additive"},{"name":"point3","bone":"point3","blend":"additive"},{"name":"point4","bone":"point4","blend":"additive"},{"name":"point5","bone":"point5","blend":"additive"},{"name":"point6","bone":"point6","blend":"additive"},{"name":"boom/boom","bone":"boom"},{"name":"ray/ray","bone":"ray","blend":"additive"},{"name":"ray/ray2","bone":"ray2","blend":"additive"},{"name":"ray/ray3","bone":"ray3","blend":"additive"},{"name":"point8","bone":"bd","blend":"additive"},{"name":"hg/hg","bone":"hg","blend":"additive"},{"name":"hg/hg2","bone":"hg2","blend":"additive"},{"name":"jinbi1","bone":"jibi"},{"name":"jinbi6","bone":"jibi6"},{"name":"jinbi3","bone":"jibi3"},{"name":"jinbi8","bone":"jibi8"},{"name":"jinbi4","bone":"jibi4"},{"name":"jinbi9","bone":"jibi9"},{"name":"jinbi2","bone":"jibi2"},{"name":"jinbi7","bone":"jibi7"},{"name":"jinbi5","bone":"jibi5"},{"name":"jinbi10","bone":"jibi10"}],"skins":{"default":{"base":{"base":{"x":0.85,"y":63.94,"width":255,"height":265}},"boom/boom":{"boom/boom_00000":{"y":0.5,"width":120,"height":108},"boom/boom_00002":{"y":0.5,"width":120,"height":108},"boom/boom_00004":{"y":0.5,"width":120,"height":108},"boom/boom_00006":{"y":0.5,"width":120,"height":108},"boom/boom_00008":{"y":0.5,"width":120,"height":108},"boom/boom_00010":{"y":0.5,"width":120,"height":108},"boom/boom_00012":{"y":0.5,"width":120,"height":108},"boom/boom_00014":{"y":0.5,"width":120,"height":108},"boom/boom_00016":{"y":0.5,"width":120,"height":108},"boom/boom_00018":{"y":0.5,"width":120,"height":108}},"ci1":{"ci1":{"x":61.88,"y":0.22,"rotation":-4.15,"width":202,"height":94},"ci2":{"x":105.99,"y":80.25,"rotation":-4.15,"width":166,"height":222}},"ci3":{"ci1":{"x":61.88,"y":0.22,"rotation":-4.15,"width":202,"height":94},"ci2":{"x":105.99,"y":80.25,"rotation":-4.15,"width":166,"height":222}},"daozi":{"daozi":{"x":112.36,"y":-96.29,"rotation":-169.22,"width":153,"height":272}},"daozi2":{"daozi":{"x":112.36,"y":-96.29,"rotation":-169.22,"width":153,"height":272}},"dl":{"dl":{"x":6.83,"y":22.81,"width":223,"height":149}},"hg/hg":{"hg/hg_00000":{"x":0.5,"y":0.5,"width":60,"height":78},"hg/hg_00002":{"x":0.25,"y":0.25,"width":60,"height":78},"hg/hg_00004":{"x":0.25,"y":0.25,"width":60,"height":78},"hg/hg_00006":{"x":0.25,"y":0.25,"width":60,"height":78},"hg/hg_00008":{"x":0.25,"y":0.25,"width":60,"height":78},"hg/hg_00010":{"x":0.25,"y":0.25,"width":60,"height":78},"hg/hg_00012":{"x":0.25,"y":0.25,"width":60,"height":78},"hg/hg_00014":{"x":0.25,"y":0.25,"width":60,"height":78},"hg/hg_00016":{"x":0.25,"y":0.25,"width":60,"height":78},"hg/hg_00018":{"x":0.25,"y":0.25,"width":60,"height":78}},"hg/hg2":{"hg/hg_00000":{"x":0.5,"y":0.5,"width":60,"height":78},"hg/hg_00002":{"x":0.25,"y":0.25,"width":60,"height":78},"hg/hg_00004":{"x":0.25,"y":0.25,"width":60,"height":78},"hg/hg_00006":{"x":0.25,"y":0.25,"width":60,"height":78},"hg/hg_00008":{"x":0.25,"y":0.25,"width":60,"height":78},"hg/hg_00010":{"x":0.25,"y":0.25,"width":60,"height":78},"hg/hg_00012":{"x":0.25,"y":0.25,"width":60,"height":78},"hg/hg_00014":{"x":0.25,"y":0.25,"width":60,"height":78},"hg/hg_00016":{"x":0.25,"y":0.25,"width":60,"height":78},"hg/hg_00018":{"x":0.25,"y":0.25,"width":60,"height":78}},"huangguan":{"huangguan":{"width":202,"height":177}},"jinbi1":{"jinbi1":{"width":66,"height":64}},"jinbi10":{"jinbi1":{"width":66,"height":64}},"jinbi2":{"jinbi1":{"width":66,"height":64}},"jinbi3":{"jinbi1":{"width":66,"height":64}},"jinbi4":{"jinbi2":{"width":46,"height":39}},"jinbi5":{"jinbi1":{"width":66,"height":64}},"jinbi6":{"jinbi1":{"width":66,"height":64}},"jinbi7":{"jinbi1":{"width":66,"height":64}},"jinbi8":{"jinbi1":{"width":66,"height":64}},"jinbi9":{"jinbi2":{"width":46,"height":39}},"light":{"light":{"x":0.48,"y":-19.85,"scaleX":2,"scaleY":2,"width":235,"height":238}},"point":{"point":{"width":80,"height":80}},"point2":{"point":{"width":80,"height":80}},"point3":{"point":{"width":80,"height":80}},"point4":{"point":{"width":80,"height":80}},"point5":{"point":{"width":80,"height":80}},"point6":{"point":{"width":80,"height":80}},"point7":{"point":{"width":80,"height":80}},"point8":{"point2":{"y":27.25,"width":131,"height":92}},"ray/ray":{"ray/ray_00000":{"x":54.59,"y":18.11,"width":108,"height":74},"ray/ray_00001":{"x":54.59,"y":18.11,"width":108,"height":74},"ray/ray_00002":{"x":54.59,"y":18.11,"width":108,"height":74},"ray/ray_00003":{"x":54.59,"y":18.11,"width":108,"height":74},"ray/ray_00004":{"x":54.59,"y":18.11,"width":108,"height":74},"ray/ray_00005":{"x":54.59,"y":18.11,"width":108,"height":74},"ray/ray_00006":{"x":54.59,"y":18.11,"width":108,"height":74},"ray/ray_00007":{"x":54.59,"y":18.11,"width":108,"height":74}},"ray/ray2":{"ray/ray_00000":{"x":54.59,"y":18.11,"width":108,"height":74},"ray/ray_00001":{"x":54.59,"y":18.11,"width":108,"height":74},"ray/ray_00002":{"x":54.59,"y":18.11,"width":108,"height":74},"ray/ray_00003":{"x":54.59,"y":18.11,"width":108,"height":74},"ray/ray_00004":{"x":54.59,"y":18.11,"width":108,"height":74},"ray/ray_00005":{"x":54.59,"y":18.11,"width":108,"height":74},"ray/ray_00006":{"x":54.59,"y":18.11,"width":108,"height":74},"ray/ray_00007":{"x":54.59,"y":18.11,"width":108,"height":74}},"ray/ray3":{"ray/ray_00000":{"x":54.59,"y":18.11,"width":108,"height":74},"ray/ray_00001":{"x":54.59,"y":18.11,"width":108,"height":74},"ray/ray_00002":{"x":54.59,"y":18.11,"width":108,"height":74},"ray/ray_00003":{"x":54.59,"y":18.11,"width":108,"height":74},"ray/ray_00004":{"x":54.59,"y":18.11,"width":108,"height":74},"ray/ray_00005":{"x":54.59,"y":18.11,"width":108,"height":74},"ray/ray_00006":{"x":54.59,"y":18.11,"width":108,"height":74},"ray/ray_00007":{"x":54.59,"y":18.11,"width":108,"height":74}},"sg/sg":{"sg/sg_00000":{"width":131,"height":77},"sg/sg_00002":{"width":131,"height":77},"sg/sg_00004":{"width":131,"height":77},"sg/sg_00006":{"width":131,"height":77},"sg/sg_00008":{"width":131,"height":77},"sg/sg_00010":{"width":131,"height":77},"sg/sg_00012":{"width":131,"height":77},"sg/sg_00014":{"width":131,"height":77},"sg/sg_00016":{"width":131,"height":77},"sg/sg_00018":{"width":131,"height":77}},"sg/sg2":{"sg3/sg3_00000":{"width":131,"height":77},"sg3/sg3_00002":{"width":131,"height":77},"sg3/sg3_00004":{"width":131,"height":77},"sg3/sg3_00006":{"width":131,"height":77},"sg3/sg3_00008":{"width":131,"height":77},"sg3/sg3_00010":{"width":131,"height":77},"sg3/sg3_00012":{"width":131,"height":77},"sg3/sg3_00014":{"width":131,"height":77},"sg3/sg3_00016":{"width":131,"height":77},"sg3/sg3_00018":{"width":131,"height":77}},"sg1/sg1":{"sg1/sg1_00000":{"x":0.5,"width":65,"height":66},"sg1/sg1_00002":{"x":0.5,"width":65,"height":66},"sg1/sg1_00004":{"x":0.5,"width":65,"height":66},"sg1/sg1_00006":{"x":0.5,"width":65,"height":66},"sg1/sg1_00008":{"x":0.5,"width":65,"height":66},"sg1/sg1_00010":{"x":0.5,"width":65,"height":66},"sg1/sg1_00012":{"x":0.5,"width":65,"height":66},"sg1/sg1_00014":{"x":0.5,"width":65,"height":66},"sg1/sg1_00016":{"x":0.5,"width":65,"height":66},"sg1/sg1_00018":{"x":0.5,"width":65,"height":66},"sg1/sg1_00020":{"x":0.5,"width":65,"height":66}},"sg1/sg2":{"sg1/sg1_00000":{"x":0.5,"width":65,"height":66},"sg1/sg1_00002":{"x":0.5,"width":65,"height":66},"sg1/sg1_00004":{"x":0.5,"width":65,"height":66},"sg1/sg1_00006":{"x":0.5,"width":65,"height":66},"sg1/sg1_00008":{"x":0.5,"width":65,"height":66},"sg1/sg1_00010":{"x":0.5,"width":65,"height":66},"sg1/sg1_00012":{"x":0.5,"width":65,"height":66},"sg1/sg1_00014":{"x":0.5,"width":65,"height":66},"sg1/sg1_00016":{"x":0.5,"width":65,"height":66},"sg1/sg1_00018":{"x":0.5,"width":65,"height":66},"sg1/sg1_00020":{"x":0.5,"width":65,"height":66}},"zi":{"zi":{"x":3.23,"y":-3.03,"width":210,"height":113},"zi2":{"x":3.23,"y":-3.03,"width":206,"height":106}},"zi2":{"zi":{"x":3.23,"y":-3.03,"width":210,"height":113},"zi2":{"x":3.23,"y":-3.03,"width":206,"height":106}},"zs":{"zs":{"x":3.79,"y":-4.35,"width":234,"height":247}}}},"animations":{"quanda":{"slots":{"base":{"color":[{"time":0,"color":"ffffff30"},{"time":0.1667,"color":"ffffffff"}],"attachment":[{"time":0,"name":"base"}]},"boom/boom":{"attachment":[{"time":0.2667,"name":"boom/boom_00000"},{"time":0.3333,"name":"boom/boom_00002"},{"time":0.4,"name":"boom/boom_00004"},{"time":0.4667,"name":"boom/boom_00006"},{"time":0.5333,"name":"boom/boom_00008"},{"time":0.6,"name":"boom/boom_00010"},{"time":0.6667,"name":"boom/boom_00012"},{"time":0.7333,"name":"boom/boom_00014"},{"time":0.8,"name":"boom/boom_00016"},{"time":0.8667,"name":"boom/boom_00018"},{"time":0.9333,"name":null}]},"ci1":{"color":[{"time":0.5,"color":"ffffff79"},{"time":0.6333,"color":"ffffffff"}],"attachment":[{"time":0.5,"name":"ci2"}]},"ci3":{"color":[{"time":0.5,"color":"ffffff79"},{"time":0.6333,"color":"ffffffff"}],"attachment":[{"time":0.5,"name":"ci2"}]},"daozi":{"color":[{"time":0.5333,"color":"ffffff6f"},{"time":0.6667,"color":"ffffffff"}]},"daozi2":{"color":[{"time":0.5333,"color":"ffffff82"},{"time":0.6667,"color":"ffffffff"}]},"dl":{"attachment":[{"time":0.2667,"name":"dl"}]},"hg/hg":{"attachment":[{"time":0.5333,"name":"hg/hg_00000"},{"time":0.6333,"name":"hg/hg_00002"},{"time":0.7333,"name":"hg/hg_00004"},{"time":0.8333,"name":"hg/hg_00006"},{"time":0.9333,"name":"hg/hg_00008"},{"time":1.0333,"name":"hg/hg_00010"},{"time":1.1333,"name":"hg/hg_00012"},{"time":1.2333,"name":"hg/hg_00014"},{"time":1.3333,"name":"hg/hg_00016"},{"time":1.4333,"name":"hg/hg_00018"},{"time":1.5333,"name":null}]},"hg/hg2":{"attachment":[{"time":0.5333,"name":"hg/hg_00000"},{"time":0.6333,"name":"hg/hg_00002"},{"time":0.7333,"name":"hg/hg_00004"},{"time":0.8333,"name":"hg/hg_00006"},{"time":0.9333,"name":"hg/hg_00008"},{"time":1.0333,"name":"hg/hg_00010"},{"time":1.1333,"name":"hg/hg_00012"},{"time":1.2333,"name":"hg/hg_00014"},{"time":1.3333,"name":"hg/hg_00016"},{"time":1.4333,"name":"hg/hg_00018"},{"time":1.5333,"name":null}]},"huangguan":{"color":[{"time":0.2,"color":"ffffff78"},{"time":0.2667,"color":"ffffffff"}],"attachment":[{"time":0.2,"name":"huangguan"}]},"jinbi1":{"color":[{"time":0.8667,"color":"ffffffff"},{"time":1.2,"color":"ffffff00"}],"attachment":[{"time":0.5333,"name":"jinbi1"}]},"jinbi2":{"color":[{"time":0.9,"color":"ffffffff"},{"time":1.1,"color":"ffffff00"}],"attachment":[{"time":0.5667,"name":"jinbi1"}]},"jinbi3":{"color":[{"time":0.8,"color":"ffffffff"},{"time":1.0667,"color":"ffffff00"}],"attachment":[{"time":0.6,"name":"jinbi1"}]},"jinbi4":{"color":[{"time":0.8667,"color":"ffffffff"},{"time":1.0667,"color":"ffffff00"}],"attachment":[{"time":0.5333,"name":"jinbi2"}]},"jinbi5":{"color":[{"time":1.0333,"color":"ffffffff"},{"time":1.4333,"color":"ffffff00"}],"attachment":[{"time":0.6333,"name":"jinbi1"}]},"jinbi6":{"color":[{"time":0.8667,"color":"ffffffff"},{"time":1.2,"color":"ffffff00"}],"attachment":[{"time":0.5333,"name":"jinbi1"}]},"jinbi7":{"color":[{"time":0.9667,"color":"ffffffff"},{"time":1.3,"color":"ffffff00"}],"attachment":[{"time":0.6333,"name":"jinbi1"}]},"jinbi8":{"color":[{"time":0.8,"color":"ffffffff"},{"time":1.0667,"color":"ffffff00"}],"attachment":[{"time":0.6,"name":"jinbi1"}]},"jinbi9":{"color":[{"time":0.8667,"color":"ffffffff"},{"time":1.0667,"color":"ffffff00"}],"attachment":[{"time":0.5333,"name":"jinbi2"}]},"jinbi10":{"color":[{"time":0.9,"color":"ffffffff"},{"time":1.2333,"color":"ffffff00"}],"attachment":[{"time":0.5667,"name":"jinbi1"}]},"light":{"color":[{"time":0,"color":"ffffff34"},{"time":0.1667,"color":"ffffffff"}],"attachment":[{"time":0,"name":"light"}]},"point":{"attachment":[{"time":1,"name":"point"}]},"point2":{"attachment":[{"time":1.5,"name":"point"}]},"point3":{"attachment":[{"time":1.1667,"name":"point"}]},"point4":{"attachment":[{"time":0.6667,"name":"point"}]},"point5":{"attachment":[{"time":0.8333,"name":"point"}]},"point6":{"attachment":[{"time":1.1667,"name":"point"}]},"point7":{"attachment":[{"time":0.6667,"name":"point"}]},"point8":{"color":[{"time":0.3333,"color":"ffffffff"},{"time":0.6,"color":"ffffff00"}],"attachment":[{"time":0.2667,"name":"point2"}]},"ray/ray":{"attachment":[{"time":0.2667,"name":"ray/ray_00000"},{"time":0.3,"name":"ray/ray_00001"},{"time":0.3333,"name":"ray/ray_00002"},{"time":0.3667,"name":"ray/ray_00003"},{"time":0.4,"name":"ray/ray_00004"},{"time":0.4333,"name":"ray/ray_00005"},{"time":0.4667,"name":"ray/ray_00006"},{"time":0.5,"name":"ray/ray_00007"},{"time":0.5333,"name":null}]},"ray/ray2":{"attachment":[{"time":0.3,"name":"ray/ray_00000"},{"time":0.3333,"name":"ray/ray_00001"},{"time":0.3667,"name":"ray/ray_00002"},{"time":0.4,"name":"ray/ray_00003"},{"time":0.4333,"name":"ray/ray_00004"},{"time":0.4667,"name":"ray/ray_00005"},{"time":0.5,"name":"ray/ray_00006"},{"time":0.5333,"name":"ray/ray_00007"},{"time":0.5667,"name":null}]},"ray/ray3":{"attachment":[{"time":0.3333,"name":"ray/ray_00000"},{"time":0.3667,"name":"ray/ray_00001"},{"time":0.4,"name":"ray/ray_00002"},{"time":0.4333,"name":"ray/ray_00003"},{"time":0.4667,"name":"ray/ray_00004"},{"time":0.5,"name":"ray/ray_00005"},{"time":0.5333,"name":"ray/ray_00006"},{"time":0.5667,"name":"ray/ray_00007"},{"time":0.6,"name":null}]},"sg/sg2":{"attachment":[{"time":0.8667,"name":"sg3/sg3_00000"},{"time":0.9667,"name":"sg3/sg3_00002"},{"time":1.0667,"name":"sg3/sg3_00004"},{"time":1.1667,"name":"sg3/sg3_00006"},{"time":1.2667,"name":"sg3/sg3_00008"},{"time":1.3667,"name":"sg3/sg3_00010"},{"time":1.4667,"name":"sg3/sg3_00012"},{"time":1.5667,"name":"sg3/sg3_00014"},{"time":1.6667,"name":"sg3/sg3_00016"},{"time":1.7667,"name":"sg3/sg3_00018"},{"time":1.8667,"name":null}]},"zi":{"color":[{"time":0.3333,"color":"ffffff23"},{"time":0.4667,"color":"ffffff9e"},{"time":0.5333,"color":"ffffffff"}],"attachment":[{"time":0.3333,"name":"zi2"}]},"zi2":{"color":[{"time":0.6,"color":"ffffffff"},{"time":0.8667,"color":"ffffff00"}],"attachment":[{"time":0.5333,"name":"zi2"}]},"zs":{"color":[{"time":0.1667,"color":"ffffff7c"},{"time":0.2,"color":"ffffffdc"},{"time":0.2333,"color":"ffffffff"}],"attachment":[{"time":0.1667,"name":"zs"}]}},"bones":{"1":{"translate":[{"time":0,"x":-168.48,"y":0}]},"2":{"translate":[{"time":0,"x":14.18,"y":0}]},"base":{"scale":[{"time":0,"x":0.756,"y":0.756,"curve":[0,0.19,0.75,1]},{"time":0.1667,"x":1,"y":1}]},"boom":{"translate":[{"time":0.2667,"x":-11.77,"y":89.86}],"scale":[{"time":0.2667,"x":1.881,"y":1.881}]},"ci":{"rotate":[{"time":0.5,"angle":42.68,"curve":[0.474,0,1,0.82]},{"time":0.6333,"angle":-4.43},{"time":0.7667,"angle":1.93},{"time":0.9,"angle":0}],"scale":[{"time":0.5,"x":0.835,"y":0.835,"curve":[0.474,0,1,0.82]},{"time":0.6333,"x":1,"y":1}]},"ci2":{"rotate":[{"time":0.5,"angle":37.05,"curve":[0.474,0,1,0.82]},{"time":0.6333,"angle":-3.66},{"time":0.7667,"angle":1.63},{"time":0.9,"angle":0}],"scale":[{"time":0.5,"x":0.835,"y":0.835,"curve":[0.474,0,1,0.82]},{"time":0.6333,"x":1,"y":1}]},"daozi":{"scale":[{"time":0.5333,"x":0.95,"y":0.8,"curve":[0,0.21,0.75,1]},{"time":0.6667,"x":1,"y":1}]},"daozi2":{"scale":[{"time":0.5333,"x":0.97,"y":0.816,"curve":[0,0.21,0.75,1]},{"time":0.6667,"x":1,"y":1}]},"dl":{"scale":[{"time":0.2667,"x":0.613,"y":0.613},{"time":0.3333,"x":1,"y":1}]},"hg":{"translate":[{"time":0.5333,"x":-54.19,"y":242.5}]},"hg2":{"translate":[{"time":0.5333,"x":78.33,"y":242.5}],"scale":[{"time":0.5333,"x":-1,"y":1}]},"huangguan":{"translate":[{"time":0.2,"x":0,"y":416.52},{"time":0.3,"x":0,"y":-10},{"time":0.3667,"x":0,"y":10},{"time":0.4333,"x":0,"y":0}]},"jibi":{"rotate":[{"time":0.5333,"angle":0},{"time":0.7,"angle":180},{"time":0.8667,"angle":0},{"time":1.0333,"angle":180},{"time":1.2,"angle":0}],"translate":[{"time":0.5333,"x":0,"y":0,"curve":[0,0.19,0.205,0.99]},{"time":0.8667,"x":0,"y":240.42,"curve":[0.25,0,1,0.2]},{"time":1.2,"x":0,"y":0}]},"jibi2":{"rotate":[{"time":0.5667,"angle":0},{"time":0.7333,"angle":170},{"time":0.9,"angle":-20},{"time":1.0667,"angle":150},{"time":1.2333,"angle":-30}],"translate":[{"time":0.5667,"x":0,"y":0,"curve":[0,0.19,0.205,0.99]},{"time":0.9,"x":0,"y":318.94,"curve":[0.25,0,1,0.2]},{"time":1.2333,"x":0,"y":0}],"scale":[{"time":0.5667,"x":0.896,"y":0.896}]},"jibi3":{"rotate":[{"time":0.6,"angle":0},{"time":0.7667,"angle":180},{"time":0.9333,"angle":0},{"time":1.1,"angle":180},{"time":1.2667,"angle":0}],"translate":[{"time":0.6,"x":0,"y":0,"curve":[0,0.19,0.205,0.99]},{"time":0.9333,"x":0,"y":180.42,"curve":[0.25,0,1,0.2]},{"time":1.2667,"x":0,"y":0}],"scale":[{"time":0.6,"x":0.669,"y":0.669}]},"jibi4":{"rotate":[{"time":0.5333,"angle":0},{"time":0.8,"angle":180},{"time":1.0667,"angle":0}],"translate":[{"time":0.5333,"x":0,"y":0,"curve":[0,0.19,0.205,0.99]},{"time":0.8667,"x":0,"y":180.42,"curve":[0.25,0,1,0.2]},{"time":1.2,"x":0,"y":0}],"scale":[{"time":0.5333,"x":1.243,"y":1.243}]},"jibi5":{"rotate":[{"time":0.6333,"angle":0},{"time":1.0333,"angle":170},{"time":1.4333,"angle":-20}],"translate":[{"time":0.6333,"x":0,"y":0,"curve":[0,0.19,0.205,0.99]},{"time":1.0333,"x":0,"y":210.42,"curve":[0.25,0,1,0.2]},{"time":1.4333,"x":0,"y":0}],"scale":[{"time":0.6333,"x":1.26,"y":1.26}]},"jibi6":{"rotate":[{"time":0.5333,"angle":0},{"time":0.7,"angle":180},{"time":0.8667,"angle":0},{"time":1.0333,"angle":180},{"time":1.2,"angle":0}],"translate":[{"time":0.5333,"x":0,"y":0,"curve":[0,0.19,0.205,0.99]},{"time":0.8667,"x":0,"y":240.42,"curve":[0.25,0,1,0.2]},{"time":1.2,"x":0,"y":0}]},"jibi7":{"rotate":[{"time":0.6333,"angle":0},{"time":0.9667,"angle":170},{"time":1.3,"angle":-20}],"translate":[{"time":0.6333,"x":0,"y":0,"curve":[0,0.19,0.205,0.99]},{"time":0.9667,"x":0,"y":324.84,"curve":[0.25,0,1,0.2]},{"time":1.3,"x":0,"y":0}],"scale":[{"time":0.6333,"x":1.681,"y":1.681}]},"jibi8":{"rotate":[{"time":0.6,"angle":0},{"time":0.7667,"angle":180},{"time":0.9333,"angle":0},{"time":1.1,"angle":180},{"time":1.2667,"angle":0}],"translate":[{"time":0.6,"x":0,"y":0,"curve":[0,0.19,0.205,0.99]},{"time":0.9333,"x":0,"y":180.42,"curve":[0.25,0,1,0.2]},{"time":1.2667,"x":0,"y":0}],"scale":[{"time":0.6,"x":0.669,"y":0.669}]},"jibi9":{"rotate":[{"time":0.5333,"angle":0},{"time":0.8,"angle":180},{"time":1.0667,"angle":0}],"translate":[{"time":0.5333,"x":0,"y":0,"curve":[0,0.19,0.205,0.99]},{"time":0.8667,"x":0,"y":180.42,"curve":[0.25,0,1,0.2]},{"time":1.2,"x":0,"y":0}],"scale":[{"time":0.5333,"x":2.625,"y":2.625}]},"jibi10":{"rotate":[{"time":0.5667,"angle":0},{"time":0.9,"angle":170},{"time":1.2333,"angle":-20}],"translate":[{"time":0.5667,"x":0,"y":0,"curve":[0,0.19,0.205,0.99]},{"time":0.9,"x":0,"y":210.42,"curve":[0.25,0,1,0.2]},{"time":1.2333,"x":0,"y":0}],"scale":[{"time":0.5667,"x":1.404,"y":1.404}]},"light":{"scale":[{"time":0,"x":0.521,"y":0.521,"curve":[0,0.19,0.75,1]},{"time":0.1667,"x":1,"y":1}]},"point":{"rotate":[{"time":1,"angle":0},{"time":2,"angle":-53.99}],"translate":[{"time":1,"x":23.78,"y":127.8}],"scale":[{"time":1,"x":0,"y":0,"curve":[0,0.17,0.75,1]},{"time":1.5,"x":1.286,"y":1.286,"curve":[0.25,0,1,0.83]},{"time":2,"x":0,"y":0}]},"point2":{"rotate":[{"time":1.5,"angle":0},{"time":2.5,"angle":-32.59}],"translate":[{"time":1.5,"x":149.66,"y":-20.57}],"scale":[{"time":1.5,"x":0,"y":0,"curve":[0,0.17,0.75,1]},{"time":2,"x":1,"y":1,"curve":[0.25,0,1,0.83]},{"time":2.5,"x":0,"y":0}]},"point3":{"rotate":[{"time":1.1667,"angle":0},{"time":2.1667,"angle":-53.63}],"translate":[{"time":1.1667,"x":223.85,"y":92.95}],"scale":[{"time":1.1667,"x":0,"y":0,"curve":[0,0.17,0.75,1]},{"time":1.6667,"x":1.745,"y":1.745,"curve":[0.25,0,1,0.83]},{"time":2.1667,"x":0,"y":0}]},"point4":{"rotate":[{"time":0.6667,"angle":0},{"time":1.6667,"angle":-53.63}],"translate":[{"time":0.6667,"x":35.81,"y":-158.19}],"scale":[{"time":0.6667,"x":0,"y":0,"curve":[0,0.17,0.75,1]},{"time":1.1667,"x":0.608,"y":0.608,"curve":[0.25,0,1,0.83]},{"time":1.6667,"x":0,"y":0}]},"point5":{"rotate":[{"time":0.8333,"angle":0},{"time":1.8333,"angle":-53.63}],"translate":[{"time":0.8333,"x":208.7,"y":-193.52}],"scale":[{"time":0.8333,"x":0,"y":0,"curve":[0,0.17,0.75,1]},{"time":1.3333,"x":0.608,"y":0.608,"curve":[0.25,0,1,0.83]},{"time":1.8333,"x":0,"y":0}]},"point6":{"rotate":[{"time":1.1667,"angle":0},{"time":2.1667,"angle":-53.63}],"translate":[{"time":1.1667,"x":112.48,"y":-142.31}],"scale":[{"time":1.1667,"x":0,"y":0,"curve":[0,0.17,0.75,1]},{"time":1.6667,"x":0.761,"y":0.761,"curve":[0.25,0,1,0.83]},{"time":2.1667,"x":0,"y":0}]},"point7":{"rotate":[{"time":0.6667,"angle":0},{"time":1.6667,"angle":-53.99}],"translate":[{"time":0.6667,"x":115.17,"y":232.64}],"scale":[{"time":0.6667,"x":0,"y":0,"curve":[0,0.17,0.75,1]},{"time":1.1667,"x":1.053,"y":1.053,"curve":[0.25,0,1,0.83]},{"time":1.6667,"x":0,"y":0}]},"bd":{"scale":[{"time":0.2667,"x":1.056,"y":1.056},{"time":0.3333,"x":2.363,"y":2.363},{"time":0.6,"x":2.791,"y":2.791}]},"ray":{"rotate":[{"time":0.2667,"angle":82.06}],"translate":[{"time":0.2667,"x":57.58,"y":20.25}],"scale":[{"time":0.2667,"x":1.867,"y":1.867}]},"ray2":{"rotate":[{"time":0.3,"angle":38.14}],"translate":[{"time":0.3,"x":57.58,"y":20.25}],"scale":[{"time":0.3,"x":1.56,"y":1.922}]},"ray3":{"rotate":[{"time":0.3333,"angle":110.73}],"translate":[{"time":0.3333,"x":57.58,"y":20.25}],"scale":[{"time":0.3333,"x":1.138,"y":1.748}]},"sg4":{"translate":[{"time":0.8667,"x":14.64,"y":137.25}]},"zi":{"scale":[{"time":0.3333,"x":4,"y":4},{"time":0.4667,"x":3.5,"y":3.5},{"time":0.5333,"x":0.96,"y":0.96},{"time":0.6,"x":1.096,"y":1.096},{"time":0.6667,"x":1,"y":1}]},"zi2":{"scale":[{"time":0.5333,"x":0.96,"y":0.96},{"time":0.6,"x":1.265,"y":1.265},{"time":0.8667,"x":1.385,"y":1.385}]},"zs":{"translate":[{"time":0.1667,"x":0,"y":411.39},{"time":0.2,"x":0,"y":303.48},{"time":0.2667,"x":0,"y":0}]},"Jb":{"translate":[{"time":0.5333,"x":0,"y":124.71},{"time":1.2,"x":496.36,"y":124.71}]},"Jb2":{"translate":[{"time":0.5667,"x":0,"y":63.39},{"time":1.2333,"x":-353.61,"y":63.39}]},"Jb3":{"translate":[{"time":0.6,"x":0,"y":64.71},{"time":1.2667,"x":496.36,"y":64.71}]},"Jb4":{"translate":[{"time":0.5333,"x":31.9,"y":96.61},{"time":1.2,"x":134.8,"y":96.61}]},"Jb5":{"translate":[{"time":0.6333,"x":-33.86,"y":87.85},{"time":1.4333,"x":-95.93,"y":87.85}]},"Jb6":{"translate":[{"time":0.5333,"x":0,"y":124.71},{"time":1.2,"x":496.36,"y":124.71}]},"Jb7":{"translate":[{"time":0.6333,"x":0,"y":63.39},{"time":1.3,"x":-533.22,"y":63.39}]},"Jb8":{"translate":[{"time":0.6,"x":0,"y":64.71},{"time":1.2667,"x":496.36,"y":64.71}]},"Jb9":{"translate":[{"time":0.5333,"x":0,"y":64.71},{"time":1.2,"x":93.59,"y":64.71}]},"Jb10":{"translate":[{"time":0.5667,"x":-33.86,"y":87.85},{"time":1.2333,"x":-95.93,"y":87.85}]},"JB2":{"translate":[{"time":0,"x":2.01,"y":-12.4}],"scale":[{"time":0,"x":-0.817,"y":0.813}]},"JB":{"translate":[{"time":0,"x":0,"y":3.56}]}}},"quanxiao":{"slots":{"base":{"color":[{"time":0,"color":"ffffff30"},{"time":0.1667,"color":"ffffffff"}],"attachment":[{"time":0,"name":"base"}]},"boom/boom":{"attachment":[{"time":0.2667,"name":"boom/boom_00000"},{"time":0.3333,"name":"boom/boom_00002"},{"time":0.4,"name":"boom/boom_00004"},{"time":0.4667,"name":"boom/boom_00006"},{"time":0.5333,"name":"boom/boom_00008"},{"time":0.6,"name":"boom/boom_00010"},{"time":0.6667,"name":"boom/boom_00012"},{"time":0.7333,"name":"boom/boom_00014"},{"time":0.8,"name":"boom/boom_00016"},{"time":0.8667,"name":"boom/boom_00018"},{"time":0.9333,"name":null}]},"ci1":{"color":[{"time":0.6667,"color":"ffffff79"},{"time":0.7333,"color":"ffffffff"}],"attachment":[{"time":0.6667,"name":"ci1"}]},"ci3":{"color":[{"time":0.6667,"color":"ffffff79"},{"time":0.7333,"color":"ffffffff"}],"attachment":[{"time":0.6667,"name":"ci1"}]},"daozi":{"color":[{"time":0.5333,"color":"ffffff6f"},{"time":0.6667,"color":"ffffffff"}],"attachment":[{"time":0.5333,"name":"daozi"}]},"daozi2":{"color":[{"time":0.5333,"color":"ffffff82"},{"time":0.6667,"color":"ffffffff"}],"attachment":[{"time":0.5333,"name":"daozi"}]},"dl":{"attachment":[{"time":0.2667,"name":"dl"}]},"light":{"color":[{"time":0,"color":"ffffff34"},{"time":0.1667,"color":"ffffffff"}],"attachment":[{"time":0,"name":"light"}]},"point":{"attachment":[{"time":1,"name":"point"}]},"point2":{"attachment":[{"time":1.5,"name":"point"}]},"point3":{"attachment":[{"time":1.1667,"name":"point"}]},"point4":{"attachment":[{"time":0.6667,"name":"point"}]},"point5":{"attachment":[{"time":0.8333,"name":"point"}]},"point6":{"attachment":[{"time":1.1667,"name":"point"}]},"point7":{"attachment":[{"time":0.6667,"name":"point"}]},"point8":{"color":[{"time":0.3333,"color":"ffffffff"},{"time":0.6,"color":"ffffff00"}],"attachment":[{"time":0.2667,"name":"point2"}]},"ray/ray":{"attachment":[{"time":0.2667,"name":"ray/ray_00000"},{"time":0.3,"name":"ray/ray_00001"},{"time":0.3333,"name":"ray/ray_00002"},{"time":0.3667,"name":"ray/ray_00003"},{"time":0.4,"name":"ray/ray_00004"},{"time":0.4333,"name":"ray/ray_00005"},{"time":0.4667,"name":"ray/ray_00006"},{"time":0.5,"name":"ray/ray_00007"},{"time":0.5333,"name":null}]},"ray/ray2":{"attachment":[{"time":0.3,"name":"ray/ray_00000"},{"time":0.3333,"name":"ray/ray_00001"},{"time":0.3667,"name":"ray/ray_00002"},{"time":0.4,"name":"ray/ray_00003"},{"time":0.4333,"name":"ray/ray_00004"},{"time":0.4667,"name":"ray/ray_00005"},{"time":0.5,"name":"ray/ray_00006"},{"time":0.5333,"name":"ray/ray_00007"},{"time":0.5667,"name":null}]},"ray/ray3":{"attachment":[{"time":0.3333,"name":"ray/ray_00000"},{"time":0.3667,"name":"ray/ray_00001"},{"time":0.4,"name":"ray/ray_00002"},{"time":0.4333,"name":"ray/ray_00003"},{"time":0.4667,"name":"ray/ray_00004"},{"time":0.5,"name":"ray/ray_00005"},{"time":0.5333,"name":"ray/ray_00006"},{"time":0.5667,"name":"ray/ray_00007"},{"time":0.6,"name":null}]},"sg/sg":{"attachment":[{"time":0.8667,"name":"sg/sg_00000"},{"time":0.9667,"name":"sg/sg_00002"},{"time":1.0667,"name":"sg/sg_00004"},{"time":1.1667,"name":"sg/sg_00006"},{"time":1.2667,"name":"sg/sg_00008"},{"time":1.3667,"name":"sg/sg_00010"},{"time":1.4667,"name":"sg/sg_00012"},{"time":1.5667,"name":"sg/sg_00014"},{"time":1.6667,"name":"sg/sg_00016"},{"time":1.7667,"name":"sg/sg_00018"},{"time":1.8667,"name":null}]},"sg1/sg1":{"attachment":[{"time":0.7667,"name":"sg1/sg1_00000"},{"time":0.8667,"name":"sg1/sg1_00002"},{"time":0.9667,"name":"sg1/sg1_00004"},{"time":1.0667,"name":"sg1/sg1_00006"},{"time":1.1667,"name":"sg1/sg1_00008"},{"time":1.2667,"name":"sg1/sg1_00010"},{"time":1.3667,"name":"sg1/sg1_00012"},{"time":1.4667,"name":"sg1/sg1_00014"},{"time":1.5667,"name":"sg1/sg1_00016"},{"time":1.6667,"name":"sg1/sg1_00018"},{"time":1.7667,"name":"sg1/sg1_00020"},{"time":1.8667,"name":null}]},"sg1/sg2":{"attachment":[{"time":0.7667,"name":"sg1/sg1_00000"},{"time":0.8667,"name":"sg1/sg1_00002"},{"time":0.9667,"name":"sg1/sg1_00004"},{"time":1.0667,"name":"sg1/sg1_00006"},{"time":1.1667,"name":"sg1/sg1_00008"},{"time":1.2667,"name":"sg1/sg1_00010"},{"time":1.3667,"name":"sg1/sg1_00012"},{"time":1.4667,"name":"sg1/sg1_00014"},{"time":1.5667,"name":"sg1/sg1_00016"},{"time":1.6667,"name":"sg1/sg1_00018"},{"time":1.7667,"name":"sg1/sg1_00020"},{"time":1.8667,"name":null}]},"zi":{"color":[{"time":0.3333,"color":"ffffff23"},{"time":0.4667,"color":"ffffff9e"},{"time":0.5333,"color":"ffffffff"}],"attachment":[{"time":0.3333,"name":"zi"}]},"zi2":{"color":[{"time":0.6,"color":"ffffffff"},{"time":0.8667,"color":"ffffff00"}],"attachment":[{"time":0.5333,"name":"zi"}]},"zs":{"color":[{"time":0.1667,"color":"ffffff7c"},{"time":0.2,"color":"ffffffdc"},{"time":0.2333,"color":"ffffffff"}],"attachment":[{"time":0.1667,"name":"zs"}]}},"bones":{"1":{"translate":[{"time":0,"x":-168.48,"y":0}]},"2":{"translate":[{"time":0,"x":14.18,"y":0}]},"base":{"scale":[{"time":0,"x":0.756,"y":0.756,"curve":[0,0.19,0.75,1]},{"time":0.1667,"x":1,"y":1}]},"boom":{"translate":[{"time":0.2667,"x":-11.77,"y":89.86}],"scale":[{"time":0.2667,"x":1.881,"y":1.881}]},"ci":{"rotate":[{"time":0.6667,"angle":-12.89,"curve":[0.474,0,1,0.82]},{"time":0.7333,"angle":4.39},{"time":0.8333,"angle":-1.35},{"time":0.9333,"angle":0}],"scale":[{"time":0.6667,"x":0.835,"y":0.835,"curve":[0.474,0,1,0.82]},{"time":0.7333,"x":1,"y":1}]},"ci2":{"rotate":[{"time":0.6667,"angle":-12.89,"curve":[0.474,0,1,0.82]},{"time":0.7333,"angle":3.03},{"time":0.8333,"angle":-1.55},{"time":0.9333,"angle":0}],"scale":[{"time":0.6667,"x":0.835,"y":0.835,"curve":[0.474,0,1,0.82]},{"time":0.7333,"x":1,"y":1}]},"daozi":{"scale":[{"time":0.5333,"x":0.95,"y":0.8,"curve":[0,0.21,0.75,1]},{"time":0.6667,"x":1,"y":1}]},"daozi2":{"scale":[{"time":0.5333,"x":0.97,"y":0.816,"curve":[0,0.21,0.75,1]},{"time":0.6667,"x":1,"y":1}]},"dl":{"scale":[{"time":0.2667,"x":0.613,"y":0.613},{"time":0.3333,"x":1,"y":1}]},"light":{"scale":[{"time":0,"x":0.521,"y":0.521,"curve":[0,0.19,0.75,1]},{"time":0.1667,"x":1,"y":1}]},"point":{"rotate":[{"time":1,"angle":0},{"time":2,"angle":-53.99}],"translate":[{"time":1,"x":23.78,"y":127.8}],"scale":[{"time":1,"x":0,"y":0,"curve":[0,0.17,0.75,1]},{"time":1.5,"x":1.286,"y":1.286,"curve":[0.25,0,1,0.83]},{"time":2,"x":0,"y":0}]},"point2":{"rotate":[{"time":1.5,"angle":0},{"time":2.5,"angle":-32.59}],"translate":[{"time":1.5,"x":149.66,"y":-20.57}],"scale":[{"time":1.5,"x":0,"y":0,"curve":[0,0.17,0.75,1]},{"time":2,"x":1,"y":1,"curve":[0.25,0,1,0.83]},{"time":2.5,"x":0,"y":0}]},"point3":{"rotate":[{"time":1.1667,"angle":0},{"time":2.1667,"angle":-53.63}],"translate":[{"time":1.1667,"x":223.85,"y":92.95}],"scale":[{"time":1.1667,"x":0,"y":0,"curve":[0,0.17,0.75,1]},{"time":1.6667,"x":1.745,"y":1.745,"curve":[0.25,0,1,0.83]},{"time":2.1667,"x":0,"y":0}]},"point4":{"rotate":[{"time":0.6667,"angle":0},{"time":1.6667,"angle":-53.63}],"translate":[{"time":0.6667,"x":35.81,"y":-158.19}],"scale":[{"time":0.6667,"x":0,"y":0,"curve":[0,0.17,0.75,1]},{"time":1.1667,"x":0.608,"y":0.608,"curve":[0.25,0,1,0.83]},{"time":1.6667,"x":0,"y":0}]},"point5":{"rotate":[{"time":0.8333,"angle":0},{"time":1.8333,"angle":-53.63}],"translate":[{"time":0.8333,"x":208.7,"y":-193.52}],"scale":[{"time":0.8333,"x":0,"y":0,"curve":[0,0.17,0.75,1]},{"time":1.3333,"x":0.608,"y":0.608,"curve":[0.25,0,1,0.83]},{"time":1.8333,"x":0,"y":0}]},"point6":{"rotate":[{"time":1.1667,"angle":0},{"time":2.1667,"angle":-53.63}],"translate":[{"time":1.1667,"x":112.48,"y":-142.31}],"scale":[{"time":1.1667,"x":0,"y":0,"curve":[0,0.17,0.75,1]},{"time":1.6667,"x":0.761,"y":0.761,"curve":[0.25,0,1,0.83]},{"time":2.1667,"x":0,"y":0}]},"point7":{"rotate":[{"time":0.6667,"angle":0},{"time":1.6667,"angle":-53.99}],"translate":[{"time":0.6667,"x":141.73,"y":186.77}],"scale":[{"time":0.6667,"x":0,"y":0,"curve":[0,0.17,0.75,1]},{"time":1.1667,"x":1.053,"y":1.053,"curve":[0.25,0,1,0.83]},{"time":1.6667,"x":0,"y":0}]},"bd":{"scale":[{"time":0.2667,"x":1.056,"y":1.056},{"time":0.3333,"x":2.363,"y":2.363},{"time":0.6,"x":2.791,"y":2.791}]},"ray":{"rotate":[{"time":0.2667,"angle":82.06}],"translate":[{"time":0.2667,"x":57.58,"y":20.25}],"scale":[{"time":0.2667,"x":1.867,"y":1.867}]},"ray2":{"rotate":[{"time":0.3,"angle":38.14}],"translate":[{"time":0.3,"x":57.58,"y":20.25}],"scale":[{"time":0.3,"x":1.56,"y":1.922}]},"ray3":{"rotate":[{"time":0.3333,"angle":110.73}],"translate":[{"time":0.3333,"x":57.58,"y":20.25}],"scale":[{"time":0.3333,"x":1.138,"y":1.748}]},"sg":{"translate":[{"time":0.8667,"x":14.64,"y":137.25}]},"sg2":{"rotate":[{"time":0.7667,"angle":-20.18}],"translate":[{"time":0.7667,"x":181.06,"y":123.33}],"scale":[{"time":0.7667,"x":1.082,"y":1.082}]},"sg3":{"rotate":[{"time":0.7667,"angle":18.95}],"translate":[{"time":0.7667,"x":-155.18,"y":121.95}],"scale":[{"time":0.7667,"x":-1.08,"y":1.082}]},"zi":{"scale":[{"time":0.3333,"x":4,"y":4},{"time":0.4667,"x":3.5,"y":3.5},{"time":0.5333,"x":0.96,"y":0.96},{"time":0.6,"x":1.096,"y":1.096},{"time":0.6667,"x":1,"y":1}]},"zi2":{"scale":[{"time":0.5333,"x":0.96,"y":0.96},{"time":0.6,"x":1.265,"y":1.265},{"time":0.8667,"x":1.385,"y":1.385}]},"zs":{"translate":[{"time":0.1667,"x":0,"y":411.39},{"time":0.2,"x":0,"y":303.48},{"time":0.2667,"x":0,"y":0}]}}}}},"_atlasText":"\nsp_effect_qdqx.png\nsize: 994,993\nformat: RGBA8888\nfilter: Linear,Linear\nrepeat: none\nbase\n  rotate: false\n  xy: 2, 452\n  size: 255, 265\n  orig: 255, 265\n  offset: 0, 0\n  index: -1\nboom/boom_00000\n  rotate: false\n  xy: 457, 2\n  size: 120, 108\n  orig: 120, 108\n  offset: 0, 0\n  index: -1\nboom/boom_00002\n  rotate: false\n  xy: 579, 4\n  size: 120, 108\n  orig: 120, 108\n  offset: 0, 0\n  index: -1\nboom/boom_00004\n  rotate: false\n  xy: 393, 750\n  size: 120, 108\n  orig: 120, 108\n  offset: 0, 0\n  index: -1\nboom/boom_00006\n  rotate: false\n  xy: 515, 750\n  size: 120, 108\n  orig: 120, 108\n  offset: 0, 0\n  index: -1\nboom/boom_00008\n  rotate: false\n  xy: 637, 750\n  size: 120, 108\n  orig: 120, 108\n  offset: 0, 0\n  index: -1\nboom/boom_00010\n  rotate: false\n  xy: 759, 750\n  size: 120, 108\n  orig: 120, 108\n  offset: 0, 0\n  index: -1\nboom/boom_00012\n  rotate: true\n  xy: 881, 738\n  size: 120, 108\n  orig: 120, 108\n  offset: 0, 0\n  index: -1\nboom/boom_00014\n  rotate: false\n  xy: 701, 5\n  size: 120, 108\n  orig: 120, 108\n  offset: 0, 0\n  index: -1\nboom/boom_00016\n  rotate: false\n  xy: 865, 628\n  size: 120, 108\n  orig: 120, 108\n  offset: 0, 0\n  index: -1\nboom/boom_00018\n  rotate: false\n  xy: 865, 518\n  size: 120, 108\n  orig: 120, 108\n  offset: 0, 0\n  index: -1\nci1\n  rotate: true\n  xy: 374, 540\n  size: 202, 94\n  orig: 202, 94\n  offset: 0, 0\n  index: -1\nci2\n  rotate: false\n  xy: 289, 3\n  size: 166, 222\n  orig: 166, 222\n  offset: 0, 0\n  index: -1\ndaozi\n  rotate: false\n  xy: 2, 719\n  size: 153, 272\n  orig: 153, 272\n  offset: 0, 0\n  index: -1\ndl\n  rotate: true\n  xy: 239, 227\n  size: 223, 149\n  orig: 223, 149\n  offset: 0, 0\n  index: -1\nhg/hg_00000\n  rotate: false\n  xy: 259, 452\n  size: 60, 78\n  orig: 60, 78\n  offset: 0, 0\n  index: -1\nhg/hg_00002\n  rotate: false\n  xy: 321, 452\n  size: 60, 78\n  orig: 60, 78\n  offset: 0, 0\n  index: -1\nhg/hg_00004\n  rotate: false\n  xy: 465, 460\n  size: 60, 78\n  orig: 60, 78\n  offset: 0, 0\n  index: -1\nhg/hg_00006\n  rotate: false\n  xy: 390, 245\n  size: 60, 78\n  orig: 60, 78\n  offset: 0, 0\n  index: -1\nhg/hg_00008\n  rotate: false\n  xy: 452, 245\n  size: 60, 78\n  orig: 60, 78\n  offset: 0, 0\n  index: -1\nhg/hg_00010\n  rotate: false\n  xy: 514, 247\n  size: 60, 78\n  orig: 60, 78\n  offset: 0, 0\n  index: -1\nhg/hg_00012\n  rotate: false\n  xy: 527, 461\n  size: 60, 78\n  orig: 60, 78\n  offset: 0, 0\n  index: -1\nhg/hg_00014\n  rotate: false\n  xy: 589, 461\n  size: 60, 78\n  orig: 60, 78\n  offset: 0, 0\n  index: -1\nhg/hg_00016\n  rotate: false\n  xy: 576, 248\n  size: 60, 78\n  orig: 60, 78\n  offset: 0, 0\n  index: -1\nhg/hg_00018\n  rotate: false\n  xy: 638, 248\n  size: 60, 78\n  orig: 60, 78\n  offset: 0, 0\n  index: -1\nhuangguan\n  rotate: true\n  xy: 110, 8\n  size: 202, 177\n  orig: 202, 177\n  offset: 0, 0\n  index: -1\njinbi1\n  rotate: true\n  xy: 928, 374\n  size: 66, 64\n  orig: 66, 64\n  offset: 0, 0\n  index: -1\njinbi2\n  rotate: false\n  xy: 946, 952\n  size: 46, 39\n  orig: 46, 39\n  offset: 0, 0\n  index: -1\nlight\n  rotate: false\n  xy: 2, 212\n  size: 235, 238\n  orig: 235, 238\n  offset: 0, 0\n  index: -1\npoint\n  rotate: false\n  xy: 383, 458\n  size: 80, 80\n  orig: 80, 80\n  offset: 0, 0\n  index: -1\npoint2\n  rotate: true\n  xy: 390, 325\n  size: 131, 92\n  orig: 131, 92\n  offset: 0, 0\n  index: -1\nray/ray_00000\n  rotate: false\n  xy: 470, 541\n  size: 108, 74\n  orig: 108, 74\n  offset: 0, 0\n  index: -1\nray/ray_00001\n  rotate: false\n  xy: 580, 541\n  size: 108, 74\n  orig: 108, 74\n  offset: 0, 0\n  index: -1\nray/ray_00002\n  rotate: false\n  xy: 690, 541\n  size: 108, 74\n  orig: 108, 74\n  offset: 0, 0\n  index: -1\nray/ray_00003\n  rotate: false\n  xy: 700, 252\n  size: 108, 74\n  orig: 108, 74\n  offset: 0, 0\n  index: -1\nray/ray_00004\n  rotate: true\n  xy: 784, 431\n  size: 108, 74\n  orig: 108, 74\n  offset: 0, 0\n  index: -1\nray/ray_00005\n  rotate: true\n  xy: 784, 431\n  size: 108, 74\n  orig: 108, 74\n  offset: 0, 0\n  index: -1\nray/ray_00006\n  rotate: false\n  xy: 860, 442\n  size: 108, 74\n  orig: 108, 74\n  offset: 0, 0\n  index: -1\nray/ray_00007\n  rotate: false\n  xy: 860, 442\n  size: 108, 74\n  orig: 108, 74\n  offset: 0, 0\n  index: -1\nsg/sg_00000\n  rotate: true\n  xy: 484, 327\n  size: 131, 77\n  orig: 131, 77\n  offset: 0, 0\n  index: -1\nsg/sg_00002\n  rotate: true\n  xy: 457, 112\n  size: 131, 77\n  orig: 131, 77\n  offset: 0, 0\n  index: -1\nsg/sg_00004\n  rotate: true\n  xy: 536, 114\n  size: 131, 77\n  orig: 131, 77\n  offset: 0, 0\n  index: -1\nsg/sg_00006\n  rotate: true\n  xy: 393, 860\n  size: 131, 77\n  orig: 131, 77\n  offset: 0, 0\n  index: -1\nsg/sg_00008\n  rotate: true\n  xy: 472, 860\n  size: 131, 77\n  orig: 131, 77\n  offset: 0, 0\n  index: -1\nsg/sg_00010\n  rotate: true\n  xy: 470, 617\n  size: 131, 77\n  orig: 131, 77\n  offset: 0, 0\n  index: -1\nsg/sg_00012\n  rotate: true\n  xy: 551, 860\n  size: 131, 77\n  orig: 131, 77\n  offset: 0, 0\n  index: -1\nsg/sg_00014\n  rotate: true\n  xy: 630, 860\n  size: 131, 77\n  orig: 131, 77\n  offset: 0, 0\n  index: -1\nsg/sg_00016\n  rotate: true\n  xy: 549, 617\n  size: 131, 77\n  orig: 131, 77\n  offset: 0, 0\n  index: -1\nsg/sg_00018\n  rotate: true\n  xy: 628, 617\n  size: 131, 77\n  orig: 131, 77\n  offset: 0, 0\n  index: -1\nsg1/sg1_00000\n  rotate: false\n  xy: 721, 363\n  size: 65, 66\n  orig: 65, 66\n  offset: 0, 0\n  index: -1\nsg1/sg1_00002\n  rotate: false\n  xy: 788, 363\n  size: 65, 66\n  orig: 65, 66\n  offset: 0, 0\n  index: -1\nsg1/sg1_00004\n  rotate: true\n  xy: 860, 375\n  size: 65, 66\n  orig: 65, 66\n  offset: 0, 0\n  index: -1\nsg1/sg1_00006\n  rotate: true\n  xy: 855, 308\n  size: 65, 66\n  orig: 65, 66\n  offset: 0, 0\n  index: -1\nsg1/sg1_00008\n  rotate: true\n  xy: 923, 307\n  size: 65, 66\n  orig: 65, 66\n  offset: 0, 0\n  index: -1\nsg1/sg1_00010\n  rotate: true\n  xy: 823, 241\n  size: 65, 66\n  orig: 65, 66\n  offset: 0, 0\n  index: -1\nsg1/sg1_00012\n  rotate: true\n  xy: 891, 240\n  size: 65, 66\n  orig: 65, 66\n  offset: 0, 0\n  index: -1\nsg1/sg1_00014\n  rotate: true\n  xy: 823, 174\n  size: 65, 66\n  orig: 65, 66\n  offset: 0, 0\n  index: -1\nsg1/sg1_00016\n  rotate: true\n  xy: 891, 173\n  size: 65, 66\n  orig: 65, 66\n  offset: 0, 0\n  index: -1\nsg1/sg1_00018\n  rotate: true\n  xy: 823, 107\n  size: 65, 66\n  orig: 65, 66\n  offset: 0, 0\n  index: -1\nsg1/sg1_00020\n  rotate: true\n  xy: 891, 106\n  size: 65, 66\n  orig: 65, 66\n  offset: 0, 0\n  index: -1\nsg3/sg3_00000\n  rotate: true\n  xy: 709, 860\n  size: 131, 77\n  orig: 131, 77\n  offset: 0, 0\n  index: -1\nsg3/sg3_00002\n  rotate: true\n  xy: 563, 328\n  size: 131, 77\n  orig: 131, 77\n  offset: 0, 0\n  index: -1\nsg3/sg3_00004\n  rotate: true\n  xy: 615, 115\n  size: 131, 77\n  orig: 131, 77\n  offset: 0, 0\n  index: -1\nsg3/sg3_00006\n  rotate: true\n  xy: 642, 328\n  size: 131, 77\n  orig: 131, 77\n  offset: 0, 0\n  index: -1\nsg3/sg3_00008\n  rotate: false\n  xy: 651, 462\n  size: 131, 77\n  orig: 131, 77\n  offset: 0, 0\n  index: -1\nsg3/sg3_00010\n  rotate: true\n  xy: 707, 617\n  size: 131, 77\n  orig: 131, 77\n  offset: 0, 0\n  index: -1\nsg3/sg3_00012\n  rotate: true\n  xy: 788, 860\n  size: 131, 77\n  orig: 131, 77\n  offset: 0, 0\n  index: -1\nsg3/sg3_00014\n  rotate: true\n  xy: 867, 860\n  size: 131, 77\n  orig: 131, 77\n  offset: 0, 0\n  index: -1\nsg3/sg3_00016\n  rotate: true\n  xy: 786, 617\n  size: 131, 77\n  orig: 131, 77\n  offset: 0, 0\n  index: -1\nsg3/sg3_00018\n  rotate: true\n  xy: 694, 115\n  size: 131, 77\n  orig: 131, 77\n  offset: 0, 0\n  index: -1\nzi\n  rotate: true\n  xy: 259, 532\n  size: 210, 113\n  orig: 210, 113\n  offset: 0, 0\n  index: -1\nzi2\n  rotate: true\n  xy: 2, 4\n  size: 206, 106\n  orig: 206, 106\n  offset: 0, 0\n  index: -1\nzs\n  rotate: false\n  xy: 157, 744\n  size: 234, 247\n  orig: 234, 247\n  offset: 0, 0\n  index: -1\n","textures":[{"__uuid__":"7d84OQs65HDpuiY+BRmb5G"}],"textureNames":["sp_effect_qdqx.png"]}