[[{"__type__":"cc.Prefab","_name":"msg_type_8","data":{"__id__":1}},{"__type__":"cc.Node","_name":"msg_type_8","_children":[{"__id__":2},{"__id__":3},{"__id__":4},{"__id__":5},{"__id__":6},{"__id__":7},{"__id__":9},{"__id__":10},{"__id__":11},{"__id__":12}],"_components":[{"__type__":"67861ihy7dND4OXwwgRNL3P","node":{"__id__":1}}],"_prefab":{"__type__":"cc.PrefabInfo","root":{"__id__":1},"asset":{"__uuid__":"321eARB/dNkYMNHQr7Kzbu"},"fileId":"b6y84XdqVIIpv/eYl6kzLH"},"_contentSize":{"__type__":"cc.Size","width":1070,"height":90},"_trs":{"__type__":"TypedArray","ctor":"Float64Array","array":[0,0,0,0,0,0,1,1,1,1]}},{"__type__":"cc.Node","_name":"img_tiaowen01","_parent":{"__id__":1},"_components":[{"__type__":"cc.Sprite","node":{"__id__":2},"_materials":[{"__uuid__":"ecpdLyjvZBwrvm+cedCcQy"}],"_spriteFrame":{"__uuid__":"868MUC+T9JIKzfugjS3Hwm"},"_type":1,"_sizeMode":0},{"__type__":"cc.Widget","node":{"__id__":2},"_alignFlags":45,"_originalWidth":40,"_originalHeight":40}],"_prefab":{"__type__":"cc.PrefabInfo","root":{"__id__":1},"asset":{"__uuid__":"321eARB/dNkYMNHQr7Kzbu"},"fileId":"56dB3Y4fJKZYbIxhx5xwHQ"},"_contentSize":{"__type__":"cc.Size","width":1070,"height":90},"_trs":{"__type__":"TypedArray","ctor":"Float64Array","array":[0,0,0,0,0,0,1,1,1,1]}},{"__type__":"cc.Node","_name":"lb_time","_parent":{"__id__":1},"_components":[{"__type__":"cc.Label","node":{"__id__":3},"_materials":[{"__uuid__":"ecpdLyjvZBwrvm+cedCcQy"}],"_useOriginalSize":false,"_string":"2019-11-12 12:12:12","_N$string":"2019-11-12 12:12:12","_fontSize":18,"_lineHeight":30,"_enableWrapText":false,"_N$file":{"__uuid__":"5f5wQekV1CGpJW2meZozWn"},"_isSystemFontUsed":false,"_N$horizontalAlign":1,"_N$verticalAlign":1,"_N$overflow":3}],"_prefab":{"__type__":"cc.PrefabInfo","root":{"__id__":1},"asset":{"__uuid__":"321eARB/dNkYMNHQr7Kzbu"},"fileId":"10R5RmQflODK35YLyjT2hm"},"_color":{"__type__":"cc.Color","r":112,"g":93,"b":82},"_contentSize":{"__type__":"cc.Size","width":100,"height":67.8},"_trs":{"__type__":"TypedArray","ctor":"Float64Array","array":[-479.304,0,0,0,0,0,1,1,1,1]}},{"__type__":"cc.Node","_name":"lb_1","_parent":{"__id__":1},"_components":[{"__type__":"cc.Label","node":{"__id__":4},"_materials":[{"__uuid__":"ecpdLyjvZBwrvm+cedCcQy"}],"_useOriginalSize":false,"_string":"修改人","_N$string":"修改人","_fontSize":20,"_lineHeight":30,"_enableWrapText":false,"_N$file":{"__uuid__":"5f5wQekV1CGpJW2meZozWn"},"_isSystemFontUsed":false,"_N$horizontalAlign":1,"_N$verticalAlign":1,"_N$overflow":2}],"_prefab":{"__type__":"cc.PrefabInfo","root":{"__id__":1},"asset":{"__uuid__":"321eARB/dNkYMNHQr7Kzbu"},"fileId":"41wzHe/S1Oi6GKHPj08Kol"},"_color":{"__type__":"cc.Color","r":112,"g":93,"b":82},"_contentSize":{"__type__":"cc.Size","width":120,"height":32},"_trs":{"__type__":"TypedArray","ctor":"Float64Array","array":[-301.439,17.575,0,0,0,0,1,1,1,1]}},{"__type__":"cc.Node","_name":"lb_execUserName","_parent":{"__id__":1},"_components":[{"__type__":"cc.Label","node":{"__id__":5},"_materials":[{"__uuid__":"ecpdLyjvZBwrvm+cedCcQy"}],"_useOriginalSize":false,"_string":"玩家昵称","_N$string":"玩家昵称","_fontSize":20,"_lineHeight":30,"_enableWrapText":false,"_N$file":{"__uuid__":"5f5wQekV1CGpJW2meZozWn"},"_isSystemFontUsed":false,"_N$horizontalAlign":1,"_N$verticalAlign":1}],"_prefab":{"__type__":"cc.PrefabInfo","root":{"__id__":1},"asset":{"__uuid__":"321eARB/dNkYMNHQr7Kzbu"},"fileId":"a4AvDWdopJG7q9ND4Wur6Q"},"_color":{"__type__":"cc.Color","r":112,"g":93,"b":82},"_contentSize":{"__type__":"cc.Size","width":80,"height":37.8},"_trs":{"__type__":"TypedArray","ctor":"Float64Array","array":[-303.439,-16.425,0,0,0,0,1,1,1,1]}},{"__type__":"cc.Node","_name":"lb_execValue","_parent":{"__id__":1},"_components":[{"__type__":"cc.Label","node":{"__id__":6},"_materials":[{"__uuid__":"ecpdLyjvZBwrvm+cedCcQy"}],"_useOriginalSize":false,"_string":"123","_N$string":"123","_fontSize":24,"_lineHeight":30,"_enableWrapText":false,"_N$file":{"__uuid__":"5f5wQekV1CGpJW2meZozWn"},"_isSystemFontUsed":false,"_N$verticalAlign":1,"_N$overflow":2}],"_prefab":{"__type__":"cc.PrefabInfo","root":{"__id__":1},"asset":{"__uuid__":"321eARB/dNkYMNHQr7Kzbu"},"fileId":"cbVgcZY69Dr4VBvfCej7Kf"},"_color":{"__type__":"cc.Color","r":55,"g":155,"b":32},"_contentSize":{"__type__":"cc.Size","width":80,"height":32},"_anchorPoint":{"__type__":"cc.Vec2","y":0.5},"_trs":{"__type__":"TypedArray","ctor":"Float64Array","array":[-151.856,0,0,0,0,0,1,1,1,1]}},{"__type__":"cc.Node","_name":"btn_jtcheng1","_parent":{"__id__":1},"_children":[{"__id__":8}],"_components":[{"__type__":"cc.Sprite","node":{"__id__":7},"_materials":[{"__uuid__":"ecpdLyjvZBwrvm+cedCcQy"}],"_spriteFrame":{"__uuid__":"70WyjCQ3JMI4sB2N5U+Yw4"}}],"_prefab":{"__type__":"cc.PrefabInfo","root":{"__id__":1},"asset":{"__uuid__":"321eARB/dNkYMNHQr7Kzbu"},"fileId":"bdSBr7lytHCayNBSsuD0mL"},"_contentSize":{"__type__":"cc.Size","width":63,"height":39},"_trs":{"__type__":"TypedArray","ctor":"Float64Array","array":[-30.298,0,0,0,0,0,1,1,1,1]}},{"__type__":"cc.Node","_name":"lb_opType","_parent":{"__id__":7},"_components":[{"__type__":"cc.Label","node":{"__id__":8},"_materials":[{"__uuid__":"ecpdLyjvZBwrvm+cedCcQy"}],"_useOriginalSize":false,"_string":"修改","_N$string":"修改","_fontSize":18,"_lineHeight":20,"_enableWrapText":false,"_N$file":{"__uuid__":"5f5wQekV1CGpJW2meZozWn"},"_isSystemFontUsed":false,"_N$horizontalAlign":1,"_N$verticalAlign":1}],"_prefab":{"__type__":"cc.PrefabInfo","root":{"__id__":1},"asset":{"__uuid__":"321eARB/dNkYMNHQr7Kzbu"},"fileId":"5cd7yzz8FG17IgX1v9RvN2"},"_contentSize":{"__type__":"cc.Size","width":36,"height":25.2},"_trs":{"__type__":"TypedArray","ctor":"Float64Array","array":[-8.026,0,0,0,0,0,1,1,1,1]}},{"__type__":"cc.Node","_name":"lb_value","_parent":{"__id__":1},"_components":[{"__type__":"cc.Label","node":{"__id__":9},"_materials":[{"__uuid__":"ecpdLyjvZBwrvm+cedCcQy"}],"_useOriginalSize":false,"_string":"123","_N$string":"123","_fontSize":24,"_lineHeight":30,"_enableWrapText":false,"_N$file":{"__uuid__":"5f5wQekV1CGpJW2meZozWn"},"_isSystemFontUsed":false,"_N$verticalAlign":1,"_N$overflow":2}],"_prefab":{"__type__":"cc.PrefabInfo","root":{"__id__":1},"asset":{"__uuid__":"321eARB/dNkYMNHQr7Kzbu"},"fileId":"f787qCWmtO0LWZTUsH06Dq"},"_color":{"__type__":"cc.Color","r":55,"g":155,"b":32},"_contentSize":{"__type__":"cc.Size","width":80,"height":32},"_anchorPoint":{"__type__":"cc.Vec2","y":0.5},"_trs":{"__type__":"TypedArray","ctor":"Float64Array","array":[61.261,0,0,0,0,0,1,1,1,1]}},{"__type__":"cc.Node","_name":"lb_2","_parent":{"__id__":1},"_components":[{"__type__":"cc.Label","node":{"__id__":10},"_materials":[{"__uuid__":"ecpdLyjvZBwrvm+cedCcQy"}],"_useOriginalSize":false,"_string":"被修改人","_N$string":"被修改人","_fontSize":20,"_lineHeight":30,"_enableWrapText":false,"_N$file":{"__uuid__":"5f5wQekV1CGpJW2meZozWn"},"_isSystemFontUsed":false,"_N$horizontalAlign":1,"_N$verticalAlign":1,"_N$overflow":2}],"_prefab":{"__type__":"cc.PrefabInfo","root":{"__id__":1},"asset":{"__uuid__":"321eARB/dNkYMNHQr7Kzbu"},"fileId":"34m7LAWpRJeJmrK78K5/uK"},"_color":{"__type__":"cc.Color","r":112,"g":93,"b":82},"_contentSize":{"__type__":"cc.Size","width":120,"height":32},"_trs":{"__type__":"TypedArray","ctor":"Float64Array","array":[246.561,17.575,0,0,0,0,1,1,1,1]}},{"__type__":"cc.Node","_name":"lb_userName","_parent":{"__id__":1},"_components":[{"__type__":"cc.Label","node":{"__id__":11},"_materials":[{"__uuid__":"ecpdLyjvZBwrvm+cedCcQy"}],"_useOriginalSize":false,"_string":"玩家昵称","_N$string":"玩家昵称","_fontSize":20,"_lineHeight":30,"_enableWrapText":false,"_N$file":{"__uuid__":"5f5wQekV1CGpJW2meZozWn"},"_isSystemFontUsed":false,"_N$horizontalAlign":1,"_N$verticalAlign":1}],"_prefab":{"__type__":"cc.PrefabInfo","root":{"__id__":1},"asset":{"__uuid__":"321eARB/dNkYMNHQr7Kzbu"},"fileId":"908mIBooxDQ6UMKQrucVuK"},"_color":{"__type__":"cc.Color","r":112,"g":93,"b":82},"_contentSize":{"__type__":"cc.Size","width":80,"height":37.8},"_trs":{"__type__":"TypedArray","ctor":"Float64Array","array":[244.561,-16.425,0,0,0,0,1,1,1,1]}},{"__type__":"cc.Node","_name":"btn_lv","_parent":{"__id__":1},"_children":[{"__id__":13}],"_components":[{"__type__":"cc.Sprite","node":{"__id__":12},"_materials":[{"__uuid__":"ecpdLyjvZBwrvm+cedCcQy"}],"_spriteFrame":{"__uuid__":"ddltjnJhRLF7RLlzBDygaO"}}],"_prefab":{"__type__":"cc.PrefabInfo","root":{"__id__":1},"asset":{"__uuid__":"321eARB/dNkYMNHQr7Kzbu"},"fileId":"85OYl3qLhIb4eaw6IDXQuF"},"_contentSize":{"__type__":"cc.Size","width":125,"height":33},"_trs":{"__type__":"TypedArray","ctor":"Float64Array","array":[451.064,0,0,0,0,0,1,1,1,1]}},{"__type__":"cc.Node","_name":"lb_msgType","_parent":{"__id__":12},"_components":[{"__type__":"cc.Label","node":{"__id__":13},"_materials":[{"__uuid__":"ecpdLyjvZBwrvm+cedCcQy"}],"_useOriginalSize":false,"_string":"分成修改","_N$string":"分成修改","_fontSize":18,"_lineHeight":20,"_enableWrapText":false,"_N$file":{"__uuid__":"5f5wQekV1CGpJW2meZozWn"},"_isSystemFontUsed":false,"_N$horizontalAlign":1,"_N$verticalAlign":1}],"_prefab":{"__type__":"cc.PrefabInfo","root":{"__id__":1},"asset":{"__uuid__":"321eARB/dNkYMNHQr7Kzbu"},"fileId":"d7W+KRbOhNiLh6t3ps8m91"},"_color":{"__type__":"cc.Color","r":46,"g":147,"b":225},"_contentSize":{"__type__":"cc.Size","width":72,"height":25.2},"_trs":{"__type__":"TypedArray","ctor":"Float64Array","array":[0,0,0,0,0,0,1,1,1,1]}}],{"__type__":"cc.SpriteFrame","content":{"name":"btn_jtlan1","texture":"fevrOdAnFOyqpJohhgz64u","rect":[0,0,63,39],"offset":[0,0],"originalSize":[63,39],"capInsets":[0,0,0,0]}},{"__type__":"cc.SpriteFrame","content":{"name":"bg_content_list","texture":"94rptFkJxBt7xk09keWqcA","rect":[0,0,101,93],"offset":[0,0],"originalSize":[101,93],"capInsets":[37,38,32,37]}},{"__type__":"cc.SpriteFrame","content":{"name":"btn_lan","texture":"80ZyEnfYpJs5TIssSYmZTk","rect":[0,0,125,33],"offset":[0,0],"originalSize":[125,33],"capInsets":[0,0,0,0]}}]