[{"__type__":"cc.SpriteFrame","content":{"name":"btn_up01","texture":"c1HDP8I55Kb4JXk7D5OI8e","rect":[0,0,31,43],"offset":[0,0],"originalSize":[31,43],"capInsets":[0,0,0,0]}},{"__type__":"cc.SpriteFrame","content":{"name":"icon_ss","texture":"10SVgvORZHfoznEFdYxoIB","rect":[0,0,36,36],"offset":[0,0],"originalSize":[36,36],"capInsets":[0,0,0,0]}},{"__type__":"cc.SpriteFrame","content":{"name":"btn_green","texture":"65jvX4TYFFG6wc85AH3ulM","rect":[0,0,128,49],"offset":[0,0],"originalSize":[128,49],"capInsets":[0,0,0,0]}},{"__type__":"cc.SpriteFrame","content":{"name":"btn_ss","texture":"2bTsGDbVREKr/3cUwPgIOr","rect":[0,0,132,54],"offset":[0,0],"originalSize":[132,54],"capInsets":[0,0,0,0]}},{"__type__":"cc.SpriteFrame","content":{"name":"default_scrollbar_vertical","texture":"d608qFRoFHwbXd0Dap056i","rect":[0,0,15,30],"offset":[0,0],"originalSize":[15,30],"capInsets":[4,10,4,10]}},{"__type__":"cc.SpriteFrame","content":{"name":"default_scrollbar_vertical_bg","texture":"61cyPdEfRN047sDK9rO0W5","rect":[0,0,15,30],"offset":[0,0],"originalSize":[15,30],"capInsets":[4,10,4,10]}},{"__type__":"cc.SpriteFrame","content":{"name":"img_black_60","texture":"e5dLSpyq9NPZ8mPvfDyGXH","rect":[0,0,100,100],"offset":[0,0],"originalSize":[100,100],"capInsets":[0,0,0,0]}},{"__type__":"cc.SpriteFrame","content":{"name":"bg_03","texture":"a5bwYnRZpIErd3A2H84r2w","rect":[0,0,1086,628],"offset":[0,0],"originalSize":[1086,628],"capInsets":[0,0,0,0]}},{"__type__":"cc.SpriteFrame","content":{"name":"bg_content_list","texture":"94rptFkJxBt7xk09keWqcA","rect":[0,0,101,93],"offset":[0,0],"originalSize":[101,93],"capInsets":[37,38,32,37]}},{"__type__":"cc.SpriteFrame","content":{"name":"check_qr","texture":"92FlByhpNGW4ouWwLFFe0z","rect":[0,0,35,35],"offset":[0,0],"originalSize":[35,35],"capInsets":[0,0,0,0]}},[{"__type__":"cc.Prefab","_name":"UIUnionClubUserList","data":{"__id__":1}},{"__type__":"cc.Node","_name":"UIUnionClubUserList","_children":[{"__id__":2},{"__id__":3},{"__id__":9},{"__id__":32},{"__id__":61}],"_components":[{"__type__":"cc.Widget","node":{"__id__":1},"alignMode":0,"_alignFlags":45,"_left":-100,"_right":-100,"_originalWidth":1750,"_originalHeight":1360},{"__type__":"cc.Button","node":{"__id__":1},"_N$normalColor":{"__type__":"cc.Color","r":214,"g":214,"b":214},"_N$target":{"__id__":1}},{"__type__":"cc.Sprite","node":{"__id__":1},"_materials":[{"__uuid__":"ecpdLyjvZBwrvm+cedCcQy"}],"_spriteFrame":{"__uuid__":"86Zf39gLpJiYJ0+npxhZ2d"},"_sizeMode":0},{"__type__":"f7807FOvdpN+Yv4bQ6rNOzL","node":{"__id__":1},"ZorderLv":8,"memberlist_scrollView":{"__id__":14},"memberlist_layout":{"__id__":15},"memberlist_demo":{"__id__":16},"memberlist_editbox":{"__id__":42}}],"_prefab":{"__type__":"cc.PrefabInfo","root":{"__id__":1},"asset":{"__uuid__":"93neAfy0xB0qr8f/C4ZXMu"},"fileId":"b7959j51fZLSqOjyqofDbwV"},"_contentSize":{"__type__":"cc.Size","width":1560,"height":760},"_trs":{"__type__":"TypedArray","ctor":"Float64Array","array":[680,380,0,0,0,0,1,1,1,1]}},{"__type__":"cc.Node","_name":"bg","_parent":{"__id__":1},"_components":[{"__type__":"cc.Sprite","node":{"__id__":2},"_materials":[{"__uuid__":"ecpdLyjvZBwrvm+cedCcQy"}],"_spriteFrame":{"__uuid__":"860QQcJ79NtY/3BXKwHB9r"},"_type":1}],"_prefab":{"__type__":"cc.PrefabInfo","root":{"__id__":1},"asset":{"__uuid__":"93neAfy0xB0qr8f/C4ZXMu"},"fileId":"e3d63WZmDtAI6eiYd7g6IUQ"},"_contentSize":{"__type__":"cc.Size","width":1086,"height":628},"_trs":{"__type__":"TypedArray","ctor":"Float64Array","array":[0,0,0,0,0,0,1,1,1,1]}},{"__type__":"cc.Node","_name":"top","_parent":{"__id__":1},"_children":[{"__id__":4},{"__id__":5},{"__id__":6},{"__id__":7},{"__id__":8}],"_prefab":{"__type__":"cc.PrefabInfo","root":{"__id__":1},"asset":{"__uuid__":"93neAfy0xB0qr8f/C4ZXMu"},"fileId":"a9dc54x0dhCGLDKkpRThJC1"},"_trs":{"__type__":"TypedArray","ctor":"Float64Array","array":[0,295,0,0,0,0,1,1,1,1]}},{"__type__":"cc.Node","_name":"tip_tx","_parent":{"__id__":3},"_components":[{"__type__":"cc.Label","node":{"__id__":4},"_materials":[{"__uuid__":"ecpdLyjvZBwrvm+cedCcQy"}],"_useOriginalSize":false,"_string":"头像","_N$string":"头像","_fontSize":28,"_lineHeight":28,"_N$file":{"__uuid__":"5f5wQekV1CGpJW2meZozWn"},"_isSystemFontUsed":false,"_N$horizontalAlign":1,"_N$verticalAlign":1}],"_prefab":{"__type__":"cc.PrefabInfo","root":{"__id__":1},"asset":{"__uuid__":"93neAfy0xB0qr8f/C4ZXMu"},"fileId":"49bc1CkiC5A+IOkHRctKGDQ"},"_color":{"__type__":"cc.Color","r":157,"g":61,"b":23},"_contentSize":{"__type__":"cc.Size","width":56,"height":35.28},"_trs":{"__type__":"TypedArray","ctor":"Float64Array","array":[-457.755,-43,0,0,0,0,1,1,1,1]}},{"__type__":"cc.Node","_name":"tip_name","_parent":{"__id__":3},"_components":[{"__type__":"cc.Label","node":{"__id__":5},"_materials":[{"__uuid__":"ecpdLyjvZBwrvm+cedCcQy"}],"_useOriginalSize":false,"_string":"玩家名称","_N$string":"玩家名称","_fontSize":28,"_lineHeight":28,"_N$file":{"__uuid__":"5f5wQekV1CGpJW2meZozWn"},"_isSystemFontUsed":false,"_N$horizontalAlign":1,"_N$verticalAlign":1}],"_prefab":{"__type__":"cc.PrefabInfo","root":{"__id__":1},"asset":{"__uuid__":"93neAfy0xB0qr8f/C4ZXMu"},"fileId":"95666RQgRlJA7eSa7DKepA8"},"_color":{"__type__":"cc.Color","r":157,"g":61,"b":23},"_contentSize":{"__type__":"cc.Size","width":112,"height":35.28},"_trs":{"__type__":"TypedArray","ctor":"Float64Array","array":[-309.553,-43,0,0,0,0,1,1,1,1]}},{"__type__":"cc.Node","_name":"tip_promoter","_parent":{"__id__":3},"_components":[{"__type__":"cc.Label","node":{"__id__":6},"_materials":[{"__uuid__":"ecpdLyjvZBwrvm+cedCcQy"}],"_useOriginalSize":false,"_string":"所属推广员","_N$string":"所属推广员","_fontSize":28,"_lineHeight":28,"_N$file":{"__uuid__":"5f5wQekV1CGpJW2meZozWn"},"_isSystemFontUsed":false,"_N$horizontalAlign":1,"_N$verticalAlign":1}],"_prefab":{"__type__":"cc.PrefabInfo","root":{"__id__":1},"asset":{"__uuid__":"93neAfy0xB0qr8f/C4ZXMu"},"fileId":"0fbe6GULmpKZoLIgHcXXtCk"},"_color":{"__type__":"cc.Color","r":157,"g":61,"b":23},"_contentSize":{"__type__":"cc.Size","width":140,"height":35.28},"_trs":{"__type__":"TypedArray","ctor":"Float64Array","array":[-124.529,-43,0,0,0,0,1,1,1,1]}},{"__type__":"cc.Node","_name":"tip_pl","_parent":{"__id__":3},"_components":[{"__type__":"cc.Label","node":{"__id__":7},"_materials":[{"__uuid__":"ecpdLyjvZBwrvm+cedCcQy"}],"_useOriginalSize":false,"_string":"比赛分","_N$string":"比赛分","_fontSize":28,"_lineHeight":28,"_N$file":{"__uuid__":"5f5wQekV1CGpJW2meZozWn"},"_isSystemFontUsed":false,"_N$horizontalAlign":1,"_N$verticalAlign":1}],"_prefab":{"__type__":"cc.PrefabInfo","root":{"__id__":1},"asset":{"__uuid__":"93neAfy0xB0qr8f/C4ZXMu"},"fileId":"ab571zhw0ZIC63uk+4Mwv77"},"_color":{"__type__":"cc.Color","r":157,"g":61,"b":23},"_contentSize":{"__type__":"cc.Size","width":84,"height":35.28},"_trs":{"__type__":"TypedArray","ctor":"Float64Array","array":[40.469,-43,0,0,0,0,1,1,1,1]}},{"__type__":"cc.Node","_name":"tip_control","_parent":{"__id__":3},"_components":[{"__type__":"cc.Label","node":{"__id__":8},"_materials":[{"__uuid__":"ecpdLyjvZBwrvm+cedCcQy"}],"_useOriginalSize":false,"_string":"操作","_N$string":"操作","_fontSize":28,"_lineHeight":28,"_N$file":{"__uuid__":"5f5wQekV1CGpJW2meZozWn"},"_isSystemFontUsed":false,"_N$horizontalAlign":1,"_N$verticalAlign":1}],"_prefab":{"__type__":"cc.PrefabInfo","root":{"__id__":1},"asset":{"__uuid__":"93neAfy0xB0qr8f/C4ZXMu"},"fileId":"b6x7oWJp9BkKEN5LFJw1nQ"},"_color":{"__type__":"cc.Color","r":157,"g":61,"b":23},"_contentSize":{"__type__":"cc.Size","width":56,"height":35.28},"_trs":{"__type__":"TypedArray","ctor":"Float64Array","array":[315,-43,0,0,0,0,1,1,1,1]}},{"__type__":"cc.Node","_name":"mark","_parent":{"__id__":1},"_children":[{"__id__":10},{"__id__":16},{"__type__":"cc.Node","_name":"nullNode","_parent":{"__id__":9},"_active":false,"_prefab":{"__type__":"cc.PrefabInfo","root":{"__id__":1},"asset":{"__uuid__":"93neAfy0xB0qr8f/C4ZXMu"},"fileId":"32VIgPiOhDm5M4cMaRwl0l"},"_contentSize":{"__type__":"cc.Size","width":1000,"height":170},"_trs":{"__type__":"TypedArray","ctor":"Float64Array","array":[0,0,0,0,0,0,1,1,1,1]}},{"__id__":15}],"_components":[{"__type__":"cc.Mask","node":{"__id__":9},"_materials":[{"__uuid__":"ecpdLyjvZBwrvm+cedCcQy"}],"_N$alphaThreshold":1},{"__id__":14}],"_prefab":{"__type__":"cc.PrefabInfo","root":{"__id__":1},"asset":{"__uuid__":"93neAfy0xB0qr8f/C4ZXMu"},"fileId":"9c607yDb9JKMKTjCmEDYzBt"},"_contentSize":{"__type__":"cc.Size","width":1050,"height":420},"_anchorPoint":{"__type__":"cc.Vec2","x":0.5,"y":1},"_trs":{"__type__":"TypedArray","ctor":"Float64Array","array":[0,220,0,0,0,0,1,1,1,1]}},{"__type__":"cc.Node","_name":"scrollBar","_parent":{"__id__":9},"_children":[{"__id__":11}],"_components":[{"__id__":13},{"__type__":"cc.Widget","node":{"__id__":10},"alignMode":0,"_alignFlags":37,"_left":350.07654921020657,"_originalHeight":237},{"__type__":"cc.Sprite","node":{"__id__":10},"_materials":[{"__uuid__":"ecpdLyjvZBwrvm+cedCcQy"}],"_spriteFrame":{"__uuid__":"5f5dyqtRNNxaFmVzYns6FZ"},"_type":1,"_sizeMode":0}],"_prefab":{"__type__":"cc.PrefabInfo","root":{"__id__":1},"asset":{"__uuid__":"93neAfy0xB0qr8f/C4ZXMu"},"fileId":"e9p9NylfhF+bW2uLOtOotv"},"_contentSize":{"__type__":"cc.Size","width":12,"height":420},"_anchorPoint":{"__type__":"cc.Vec2","x":1,"y":0.5},"_trs":{"__type__":"TypedArray","ctor":"Float64Array","array":[525,-210,0,0,0,0,1,1,1,1]}},{"__type__":"cc.Node","_name":"bar","_parent":{"__id__":10},"_components":[{"__id__":12}],"_prefab":{"__type__":"cc.PrefabInfo","root":{"__id__":1},"asset":{"__uuid__":"93neAfy0xB0qr8f/C4ZXMu"},"fileId":"38G4ZBRqxI4I9QHJqfeyon"},"_contentSize":{"__type__":"cc.Size","width":10,"height":30},"_anchorPoint":{"__type__":"cc.Vec2","x":1},"_trs":{"__type__":"TypedArray","ctor":"Float64Array","array":[-1,179,0,0,0,0,1,1,1,1]}},{"__type__":"cc.Sprite","node":{"__id__":11},"_materials":[{"__uuid__":"ecpdLyjvZBwrvm+cedCcQy"}],"_spriteFrame":{"__uuid__":"5cO7kybDxGj4ipyMYdRYZB"},"_type":1,"_sizeMode":0},{"__type__":"cc.Scrollbar","node":{"__id__":10},"_scrollView":{"__id__":14},"enableAutoHide":false,"_N$handle":{"__id__":12},"_N$direction":1},{"__type__":"cc.ScrollView","node":{"__id__":9},"horizontal":false,"brake":0.9,"_N$content":{"__id__":15},"content":{"__id__":15},"_N$verticalScrollBar":{"__id__":13}},{"__type__":"cc.Node","_name":"layout","_parent":{"__id__":9},"_components":[{"__type__":"cc.Layout","node":{"__id__":15},"_layoutSize":{"__type__":"cc.Size","width":1050},"_resize":1,"_N$layoutType":2,"_N$spacingY":5}],"_prefab":{"__type__":"cc.PrefabInfo","root":{"__id__":1},"asset":{"__uuid__":"93neAfy0xB0qr8f/C4ZXMu"},"fileId":"f8e6bL2EXRAg6paszkz6t8J"},"_contentSize":{"__type__":"cc.Size","width":1050},"_anchorPoint":{"__type__":"cc.Vec2","x":0.5,"y":1},"_trs":{"__type__":"TypedArray","ctor":"Float64Array","array":[0,0,0,0,0,0,1,1,1,1]}},{"__type__":"cc.Node","_name":"user_demo","_parent":{"__id__":9},"_children":[{"__id__":17},{"__id__":18},{"__id__":19},{"__id__":20},{"__id__":21},{"__id__":22},{"__id__":23},{"__id__":24},{"__id__":26},{"__id__":28},{"__id__":30}],"_active":false,"_components":[{"__type__":"cc.Sprite","node":{"__id__":16},"_materials":[{"__uuid__":"ecpdLyjvZBwrvm+cedCcQy"}],"_spriteFrame":{"__uuid__":"868MUC+T9JIKzfugjS3Hwm"},"_type":1,"_sizeMode":0}],"_prefab":{"__type__":"cc.PrefabInfo","root":{"__id__":1},"asset":{"__uuid__":"93neAfy0xB0qr8f/C4ZXMu"},"fileId":"9b56btlepNODpi1QfK+asiQ"},"_contentSize":{"__type__":"cc.Size","width":1020,"height":100},"_anchorPoint":{"__type__":"cc.Vec2","x":0.5,"y":1},"_trs":{"__type__":"TypedArray","ctor":"Float64Array","array":[0,-11,0,0,0,0,1,1,1,1]}},{"__type__":"cc.Node","_name":"head","_parent":{"__id__":16},"_components":[{"__type__":"cc.Sprite","node":{"__id__":17},"_materials":[{"__uuid__":"ecpdLyjvZBwrvm+cedCcQy"}],"_spriteFrame":{"__uuid__":"e6JNuRrHVFM4KYnmai3HR+"},"_sizeMode":0},{"__type__":"f42b8ZzNWFKKI/QT/n8cR1+","node":{"__id__":17}}],"_prefab":{"__type__":"cc.PrefabInfo","root":{"__id__":1},"asset":{"__uuid__":"93neAfy0xB0qr8f/C4ZXMu"},"fileId":"76580CoF0hABbGF6gSa7xnF"},"_contentSize":{"__type__":"cc.Size","width":80,"height":80},"_trs":{"__type__":"TypedArray","ctor":"Float64Array","array":[-457.755,-51,0,0,0,0,1,1,1,1]}},{"__type__":"cc.Node","_name":"name","_parent":{"__id__":16},"_components":[{"__type__":"cc.Label","node":{"__id__":18},"_materials":[{"__uuid__":"ecpdLyjvZBwrvm+cedCcQy"}],"_useOriginalSize":false,"_string":"玩家姓名七个字","_N$string":"玩家姓名七个字","_fontSize":26,"_lineHeight":28,"_N$file":{"__uuid__":"5f5wQekV1CGpJW2meZozWn"},"_isSystemFontUsed":false,"_N$horizontalAlign":1,"_N$verticalAlign":1}],"_prefab":{"__type__":"cc.PrefabInfo","root":{"__id__":1},"asset":{"__uuid__":"93neAfy0xB0qr8f/C4ZXMu"},"fileId":"f91a0pvYBFNkoZEhOz+IwAJ"},"_color":{"__type__":"cc.Color","r":138,"g":55},"_contentSize":{"__type__":"cc.Size","width":182,"height":35.28},"_trs":{"__type__":"TypedArray","ctor":"Float64Array","array":[-309.553,-26,0,0,0,0,1,1,1,1]}},{"__type__":"cc.Node","_name":"id","_parent":{"__id__":16},"_components":[{"__type__":"cc.Label","node":{"__id__":19},"_materials":[{"__uuid__":"ecpdLyjvZBwrvm+cedCcQy"}],"_useOriginalSize":false,"_string":"71048888","_N$string":"71048888","_fontSize":26,"_lineHeight":28,"_N$file":{"__uuid__":"5f5wQekV1CGpJW2meZozWn"},"_isSystemFontUsed":false,"_N$horizontalAlign":1,"_N$verticalAlign":1}],"_prefab":{"__type__":"cc.PrefabInfo","root":{"__id__":1},"asset":{"__uuid__":"93neAfy0xB0qr8f/C4ZXMu"},"fileId":"f181ezfFcNBfboBS2xZDTtq"},"_color":{"__type__":"cc.Color","r":138,"g":55},"_contentSize":{"__type__":"cc.Size","width":112.43,"height":35.28},"_trs":{"__type__":"TypedArray","ctor":"Float64Array","array":[-309.553,-69,0,0,0,0,1,1,1,1]}},{"__type__":"cc.Node","_name":"promoterName","_parent":{"__id__":16},"_components":[{"__type__":"cc.Label","node":{"__id__":20},"_materials":[{"__uuid__":"ecpdLyjvZBwrvm+cedCcQy"}],"_useOriginalSize":false,"_string":"玩家姓名七个字","_N$string":"玩家姓名七个字","_fontSize":26,"_lineHeight":28,"_N$file":{"__uuid__":"5f5wQekV1CGpJW2meZozWn"},"_isSystemFontUsed":false,"_N$horizontalAlign":1,"_N$verticalAlign":1}],"_prefab":{"__type__":"cc.PrefabInfo","root":{"__id__":1},"asset":{"__uuid__":"93neAfy0xB0qr8f/C4ZXMu"},"fileId":"36jQzgGOhK/pdytRbufyZW"},"_color":{"__type__":"cc.Color","r":138,"g":55},"_contentSize":{"__type__":"cc.Size","width":182,"height":35.28},"_trs":{"__type__":"TypedArray","ctor":"Float64Array","array":[-123.097,-26,0,0,0,0,1,1,1,1]}},{"__type__":"cc.Node","_name":"promoterId","_parent":{"__id__":16},"_components":[{"__type__":"cc.Label","node":{"__id__":21},"_materials":[{"__uuid__":"ecpdLyjvZBwrvm+cedCcQy"}],"_useOriginalSize":false,"_string":"71048888","_N$string":"71048888","_fontSize":26,"_lineHeight":28,"_N$file":{"__uuid__":"5f5wQekV1CGpJW2meZozWn"},"_isSystemFontUsed":false,"_N$horizontalAlign":1,"_N$verticalAlign":1}],"_prefab":{"__type__":"cc.PrefabInfo","root":{"__id__":1},"asset":{"__uuid__":"93neAfy0xB0qr8f/C4ZXMu"},"fileId":"06Gl0+l2dFh5BlmbbeRapy"},"_color":{"__type__":"cc.Color","r":138,"g":55},"_contentSize":{"__type__":"cc.Size","width":112.43,"height":35.28},"_trs":{"__type__":"TypedArray","ctor":"Float64Array","array":[-123.097,-69,0,0,0,0,1,1,1,1]}},{"__type__":"cc.Node","_name":"pl","_parent":{"__id__":16},"_components":[{"__type__":"cc.Label","node":{"__id__":22},"_materials":[{"__uuid__":"ecpdLyjvZBwrvm+cedCcQy"}],"_useOriginalSize":false,"_string":"100","_N$string":"100","_fontSize":26,"_lineHeight":28,"_N$file":{"__uuid__":"5f5wQekV1CGpJW2meZozWn"},"_isSystemFontUsed":false,"_N$horizontalAlign":1,"_N$verticalAlign":1}],"_prefab":{"__type__":"cc.PrefabInfo","root":{"__id__":1},"asset":{"__uuid__":"93neAfy0xB0qr8f/C4ZXMu"},"fileId":"fbfNZeutNMQIjqBiFRRKu2"},"_color":{"__type__":"cc.Color","r":138,"g":55},"_contentSize":{"__type__":"cc.Size","width":39.2,"height":35.28},"_trs":{"__type__":"TypedArray","ctor":"Float64Array","array":[38.469,-51,0,0,0,0,1,1,1,1]}},{"__type__":"cc.Node","_name":"img_jzyx","_parent":{"__id__":16},"_active":false,"_components":[{"__type__":"cc.Sprite","node":{"__id__":23},"_spriteFrame":{"__uuid__":"c8tnkxdw1HZrp2h2Qt+hnc"}}],"_prefab":{"__type__":"cc.PrefabInfo","root":{"__id__":1},"asset":{"__uuid__":"93neAfy0xB0qr8f/C4ZXMu"},"fileId":"49yIJA16lBT5PtamNtt0+o"},"_contentSize":{"__type__":"cc.Size","width":81,"height":53},"_trs":{"__type__":"TypedArray","ctor":"Float64Array","array":[-448,-50,0,0,0,0,1,1,1,1]}},{"__type__":"cc.Node","_name":"btn_setPL","_parent":{"__id__":16},"_children":[{"__id__":25}],"_components":[{"__type__":"cc.Sprite","node":{"__id__":24},"_materials":[{"__uuid__":"ecpdLyjvZBwrvm+cedCcQy"}],"_spriteFrame":{"__uuid__":"4dfZzLdPxMHIH8HzdecOfs"}},{"__type__":"cc.Button","node":{"__id__":24},"clickEvents":[{"__type__":"cc.ClickEvent","target":{"__id__":1},"_componentId":"f7807FOvdpN+Yv4bQ6rNOzL","handler":"OnClick_BtnWnd"}],"_N$transition":3,"transition":3,"_N$normalColor":{"__type__":"cc.Color","r":214,"g":214,"b":214},"_N$target":{"__id__":24}}],"_prefab":{"__type__":"cc.PrefabInfo","root":{"__id__":1},"asset":{"__uuid__":"93neAfy0xB0qr8f/C4ZXMu"},"fileId":"43JWXt+AhNbrpXErQkmIm0"},"_contentSize":{"__type__":"cc.Size","width":128,"height":49},"_trs":{"__type__":"TypedArray","ctor":"Float64Array","array":[159.251,-50,0,0,0,0,1,1,1,1]}},{"__type__":"cc.Node","_name":"label","_parent":{"__id__":24},"_components":[{"__type__":"cc.Label","node":{"__id__":25},"_materials":[{"__uuid__":"ecpdLyjvZBwrvm+cedCcQy"}],"_useOriginalSize":false,"_string":"修改比赛分","_N$string":"修改比赛分","_fontSize":24,"_lineHeight":32,"_N$file":{"__uuid__":"5f5wQekV1CGpJW2meZozWn"},"_isSystemFontUsed":false,"_N$horizontalAlign":1,"_N$verticalAlign":1},{"__type__":"cc.LabelOutline","node":{"__id__":25},"_color":{"__type__":"cc.Color","r":26,"g":142,"b":64},"_width":2}],"_prefab":{"__type__":"cc.PrefabInfo","root":{"__id__":1},"asset":{"__uuid__":"93neAfy0xB0qr8f/C4ZXMu"},"fileId":"fdDhSJ3OtFwo8VZ96FyI9d"},"_contentSize":{"__type__":"cc.Size","width":124,"height":44.32},"_trs":{"__type__":"TypedArray","ctor":"Float64Array","array":[0,0,0,0,0,0,1,1,1,1]}},{"__type__":"cc.Node","_name":"btn_jzyx","_parent":{"__id__":16},"_children":[{"__id__":27}],"_components":[{"__type__":"cc.Sprite","node":{"__id__":26},"_materials":[{"__uuid__":"ecpdLyjvZBwrvm+cedCcQy"}],"_spriteFrame":{"__uuid__":"d0IaV4a8dCU7lXnJhC6AS2"}},{"__type__":"cc.Button","node":{"__id__":26},"clickEvents":[{"__type__":"cc.ClickEvent","target":{"__id__":1},"_componentId":"f7807FOvdpN+Yv4bQ6rNOzL","handler":"OnClick_BtnWnd"}],"_N$transition":3,"transition":3,"_N$normalColor":{"__type__":"cc.Color","r":214,"g":214,"b":214}}],"_prefab":{"__type__":"cc.PrefabInfo","root":{"__id__":1},"asset":{"__uuid__":"93neAfy0xB0qr8f/C4ZXMu"},"fileId":"29q4ptKBJPWou+2ThRlWwe"},"_contentSize":{"__type__":"cc.Size","width":128,"height":49},"_trs":{"__type__":"TypedArray","ctor":"Float64Array","array":[296.558,-50,0,0,0,0,1,1,1,1]}},{"__type__":"cc.Node","_name":"label","_parent":{"__id__":26},"_components":[{"__type__":"cc.Label","node":{"__id__":27},"_materials":[{"__uuid__":"ecpdLyjvZBwrvm+cedCcQy"}],"_useOriginalSize":false,"_string":"禁止游戏","_N$string":"禁止游戏","_fontSize":24,"_lineHeight":32,"_N$file":{"__uuid__":"5f5wQekV1CGpJW2meZozWn"},"_isSystemFontUsed":false,"_N$horizontalAlign":1,"_N$verticalAlign":1},{"__type__":"cc.LabelOutline","node":{"__id__":27},"_color":{"__type__":"cc.Color","r":151,"g":56,"b":4},"_width":2}],"_prefab":{"__type__":"cc.PrefabInfo","root":{"__id__":1},"asset":{"__uuid__":"93neAfy0xB0qr8f/C4ZXMu"},"fileId":"fe3Hyy9vtLAqvVphMlJe9x"},"_contentSize":{"__type__":"cc.Size","width":100,"height":44.32},"_trs":{"__type__":"TypedArray","ctor":"Float64Array","array":[0,0,0,0,0,0,1,1,1,1]}},{"__type__":"cc.Node","_name":"btn_qxjz","_parent":{"__id__":16},"_children":[{"__id__":29}],"_active":false,"_components":[{"__type__":"cc.Sprite","node":{"__id__":28},"_spriteFrame":{"__uuid__":"4dfZzLdPxMHIH8HzdecOfs"}},{"__type__":"cc.Button","node":{"__id__":28},"clickEvents":[{"__type__":"cc.ClickEvent","target":{"__id__":1},"_componentId":"f7807FOvdpN+Yv4bQ6rNOzL","handler":"OnClick_BtnWnd"}],"_N$transition":3,"transition":3,"_N$normalColor":{"__type__":"cc.Color","r":214,"g":214,"b":214},"_N$target":{"__id__":28}}],"_prefab":{"__type__":"cc.PrefabInfo","root":{"__id__":1},"asset":{"__uuid__":"93neAfy0xB0qr8f/C4ZXMu"},"fileId":"dbMqvaoaVEco7xehHHBxNm"},"_contentSize":{"__type__":"cc.Size","width":128,"height":49},"_trs":{"__type__":"TypedArray","ctor":"Float64Array","array":[296.558,-50,0,0,0,0,1,1,1,1]}},{"__type__":"cc.Node","_name":"label","_parent":{"__id__":28},"_components":[{"__type__":"cc.Label","node":{"__id__":29},"_useOriginalSize":false,"_string":"取消禁止","_N$string":"取消禁止","_fontSize":24,"_lineHeight":32,"_N$file":{"__uuid__":"5f5wQekV1CGpJW2meZozWn"},"_isSystemFontUsed":false,"_N$horizontalAlign":1,"_N$verticalAlign":1},{"__type__":"cc.LabelOutline","node":{"__id__":29},"_color":{"__type__":"cc.Color","r":26,"g":142,"b":64},"_width":2}],"_prefab":{"__type__":"cc.PrefabInfo","root":{"__id__":1},"asset":{"__uuid__":"93neAfy0xB0qr8f/C4ZXMu"},"fileId":"f23scGYKpDAr/jMRioLpZ/"},"_contentSize":{"__type__":"cc.Size","width":100,"height":32},"_trs":{"__type__":"TypedArray","ctor":"Float64Array","array":[0,0,0,0,0,0,1,1,1,1]}},{"__type__":"cc.Node","_name":"btn_jjdz","_parent":{"__id__":16},"_children":[{"__id__":31}],"_components":[{"__type__":"cc.Sprite","node":{"__id__":30},"_materials":[{"__uuid__":"ecpdLyjvZBwrvm+cedCcQy"}],"_spriteFrame":{"__uuid__":"d0IaV4a8dCU7lXnJhC6AS2"}},{"__type__":"cc.Button","node":{"__id__":30},"clickEvents":[{"__type__":"cc.ClickEvent","target":{"__id__":1},"_componentId":"f7807FOvdpN+Yv4bQ6rNOzL","handler":"OnClick_BtnWnd"}],"_N$transition":3,"transition":3,"_N$normalColor":{"__type__":"cc.Color","r":214,"g":214,"b":214}}],"_prefab":{"__type__":"cc.PrefabInfo","root":{"__id__":1},"asset":{"__uuid__":"93neAfy0xB0qr8f/C4ZXMu"},"fileId":"86psXct+JI7KReFOE/KGbm"},"_contentSize":{"__type__":"cc.Size","width":128,"height":49},"_trs":{"__type__":"TypedArray","ctor":"Float64Array","array":[433.539,-50,0,0,0,0,1,1,1,1]}},{"__type__":"cc.Node","_name":"label","_parent":{"__id__":30},"_components":[{"__type__":"cc.Label","node":{"__id__":31},"_materials":[{"__uuid__":"ecpdLyjvZBwrvm+cedCcQy"}],"_useOriginalSize":false,"_string":"竞技动态","_N$string":"竞技动态","_fontSize":24,"_lineHeight":32,"_N$file":{"__uuid__":"5f5wQekV1CGpJW2meZozWn"},"_isSystemFontUsed":false,"_N$horizontalAlign":1,"_N$verticalAlign":1},{"__type__":"cc.LabelOutline","node":{"__id__":31},"_color":{"__type__":"cc.Color","r":151,"g":56,"b":4},"_width":2}],"_prefab":{"__type__":"cc.PrefabInfo","root":{"__id__":1},"asset":{"__uuid__":"93neAfy0xB0qr8f/C4ZXMu"},"fileId":"e4qwnT28hD/K3SpFFpSYKI"},"_contentSize":{"__type__":"cc.Size","width":100,"height":44.32},"_trs":{"__type__":"TypedArray","ctor":"Float64Array","array":[0,0,0,0,0,0,1,1,1,1]}},{"__type__":"cc.Node","_name":"bottom","_parent":{"__id__":1},"_children":[{"__id__":33},{"__id__":43},{"__id__":44},{"__id__":46},{"__id__":48},{"__id__":50},{"__id__":51},{"__id__":56}],"_prefab":{"__type__":"cc.PrefabInfo","root":{"__id__":1},"asset":{"__uuid__":"93neAfy0xB0qr8f/C4ZXMu"},"fileId":"f256fY8idVHzIGEMA+rYZJ1"},"_trs":{"__type__":"TypedArray","ctor":"Float64Array","array":[0,-235,0,0,0,0,1,1,1,1]}},{"__type__":"cc.Node","_name":"input","_parent":{"__id__":32},"_children":[{"__id__":34},{"__id__":35}],"_components":[{"__type__":"cc.Sprite","node":{"__id__":33},"_materials":[{"__uuid__":"ecpdLyjvZBwrvm+cedCcQy"}],"_spriteFrame":{"__uuid__":"da7Ry9l65Lo61QtvbsocAs"},"_sizeMode":0}],"_prefab":{"__type__":"cc.PrefabInfo","root":{"__id__":1},"asset":{"__uuid__":"93neAfy0xB0qr8f/C4ZXMu"},"fileId":"76980irQMhCKZ/tYVqIby2R"},"_contentSize":{"__type__":"cc.Size","width":300,"height":54},"_trs":{"__type__":"TypedArray","ctor":"Float64Array","array":[207.089,0,0,0,0,0,1,1,1,1]}},{"__type__":"cc.Node","_name":"tip","_parent":{"__id__":33},"_components":[{"__type__":"cc.Sprite","node":{"__id__":34},"_materials":[{"__uuid__":"ecpdLyjvZBwrvm+cedCcQy"}],"_spriteFrame":{"__uuid__":"05XrSjN95G+YhAsEWCAcpG"}}],"_prefab":{"__type__":"cc.PrefabInfo","root":{"__id__":1},"asset":{"__uuid__":"93neAfy0xB0qr8f/C4ZXMu"},"fileId":"955d83v9wNOD4kgU5TcayMq"},"_contentSize":{"__type__":"cc.Size","width":36,"height":36},"_trs":{"__type__":"TypedArray","ctor":"Float64Array","array":[-123.825,0,0,0,0,0,1,1,1,1]}},{"__type__":"cc.Node","_name":"EditBox","_parent":{"__id__":33},"_children":[{"__id__":36},{"__id__":38},{"__id__":40}],"_components":[{"__id__":42}],"_prefab":{"__type__":"cc.PrefabInfo","root":{"__id__":1},"asset":{"__uuid__":"93neAfy0xB0qr8f/C4ZXMu"},"fileId":"4abb9EKvVtLfLzm+4HpDMeO"},"_contentSize":{"__type__":"cc.Size","width":250,"height":70},"_anchorPoint":{"__type__":"cc.Vec2","y":0.5},"_trs":{"__type__":"TypedArray","ctor":"Float64Array","array":[-102.953,0,0,0,0,0,1,1,1,1]}},{"__type__":"cc.Node","_name":"BACKGROUND_SPRITE","_parent":{"__id__":35},"_components":[{"__id__":37}],"_prefab":{"__type__":"cc.PrefabInfo","root":{"__id__":1},"asset":{"__uuid__":"93neAfy0xB0qr8f/C4ZXMu"},"fileId":"6c6EFxC81JJocga1DIi+fn"},"_contentSize":{"__type__":"cc.Size","width":250,"height":70},"_anchorPoint":{"__type__":"cc.Vec2","y":0.5},"_trs":{"__type__":"TypedArray","ctor":"Float64Array","array":[0,0,0,0,0,0,1,1,1,1]}},{"__type__":"cc.Sprite","node":{"__id__":36},"_type":1},{"__type__":"cc.Node","_name":"TEXT_LABEL","_parent":{"__id__":35},"_active":false,"_components":[{"__id__":39}],"_prefab":{"__type__":"cc.PrefabInfo","root":{"__id__":1},"asset":{"__uuid__":"93neAfy0xB0qr8f/C4ZXMu"},"fileId":"31/7gUAMpJFqoSY9ao213b"},"_color":{"__type__":"cc.Color","r":159,"g":130,"b":111},"_contentSize":{"__type__":"cc.Size","width":250,"height":27},"_anchorPoint":{"__type__":"cc.Vec2","y":1},"_trs":{"__type__":"TypedArray","ctor":"Float64Array","array":[2,13.5,0,0,0,0,1,1,1,1]}},{"__type__":"cc.Label","node":{"__id__":38},"_fontSize":27,"_lineHeight":27,"_enableWrapText":false,"_N$file":{"__uuid__":"5f5wQekV1CGpJW2meZozWn"},"_isSystemFontUsed":false,"_N$verticalAlign":1,"_N$overflow":1},{"__type__":"cc.Node","_name":"PLACEHOLDER_LABEL","_parent":{"__id__":35},"_components":[{"__id__":41}],"_prefab":{"__type__":"cc.PrefabInfo","root":{"__id__":1},"asset":{"__uuid__":"93neAfy0xB0qr8f/C4ZXMu"},"fileId":"75WyH5gF5HVaU/Kv3PCMq+"},"_color":{"__type__":"cc.Color","r":159,"g":130,"b":111},"_contentSize":{"__type__":"cc.Size","width":250,"height":70},"_anchorPoint":{"__type__":"cc.Vec2","y":1},"_trs":{"__type__":"TypedArray","ctor":"Float64Array","array":[2,34.176,0,0,0,0,1,1,1,1]}},{"__type__":"cc.Label","node":{"__id__":40},"_materials":[{"__uuid__":"ecpdLyjvZBwrvm+cedCcQy"}],"_string":"请输入ID/昵称/备注","_N$string":"请输入ID/昵称/备注","_fontSize":27,"_lineHeight":27,"_enableWrapText":false,"_N$file":{"__uuid__":"5f5wQekV1CGpJW2meZozWn"},"_isSystemFontUsed":false,"_N$verticalAlign":1,"_N$overflow":1},{"__type__":"cc.EditBox","node":{"__id__":35},"_useOriginalSize":false,"_N$textLabel":{"__id__":39},"_N$placeholderLabel":{"__id__":41},"_N$background":{"__id__":37},"_N$inputMode":6},{"__type__":"cc.Node","_name":"btn_search","_parent":{"__id__":32},"_components":[{"__type__":"cc.Sprite","node":{"__id__":43},"_materials":[{"__uuid__":"ecpdLyjvZBwrvm+cedCcQy"}],"_spriteFrame":{"__uuid__":"4fwp7c/UZONbc+zzlQmAZ8"}},{"__type__":"cc.Button","node":{"__id__":43},"clickEvents":[{"__type__":"cc.ClickEvent","target":{"__id__":1},"_componentId":"f7807FOvdpN+Yv4bQ6rNOzL","handler":"OnClick_BtnWnd"}],"_N$transition":3,"transition":3,"_N$normalColor":{"__type__":"cc.Color","r":214,"g":214,"b":214},"_N$target":{"__id__":43}}],"_prefab":{"__type__":"cc.PrefabInfo","root":{"__id__":1},"asset":{"__uuid__":"93neAfy0xB0qr8f/C4ZXMu"},"fileId":"56ea0z9Id9DFpwsRrRvb4CV"},"_contentSize":{"__type__":"cc.Size","width":132,"height":54},"_trs":{"__type__":"TypedArray","ctor":"Float64Array","array":[434,0,0,0,0,0,1,1,1,1]}},{"__type__":"cc.Node","_name":"btn_next","_parent":{"__id__":32},"_children":[{"__id__":45}],"_components":[{"__type__":"cc.Button","node":{"__id__":44},"clickEvents":[{"__type__":"cc.ClickEvent","target":{"__id__":1},"_componentId":"f7807FOvdpN+Yv4bQ6rNOzL","handler":"OnClick_BtnWnd"}],"_N$transition":3,"transition":3,"_N$normalColor":{"__type__":"cc.Color","r":214,"g":214,"b":214},"_N$target":{"__id__":44}}],"_prefab":{"__type__":"cc.PrefabInfo","root":{"__id__":1},"asset":{"__uuid__":"93neAfy0xB0qr8f/C4ZXMu"},"fileId":"bcJPXAJrxC0by6UvnnzTom"},"_contentSize":{"__type__":"cc.Size","width":60,"height":60},"_trs":{"__type__":"TypedArray","ctor":"Float64Array","array":[20.101,-2.609,0,0,0,0,1,-1,-1,1]}},{"__type__":"cc.Node","_name":"New Sprite","_parent":{"__id__":44},"_components":[{"__type__":"cc.Sprite","node":{"__id__":45},"_materials":[{"__uuid__":"ecpdLyjvZBwrvm+cedCcQy"}],"_spriteFrame":{"__uuid__":"05UnV1p3xA17mLF3BUeiWa"}}],"_prefab":{"__type__":"cc.PrefabInfo","root":{"__id__":1},"asset":{"__uuid__":"93neAfy0xB0qr8f/C4ZXMu"},"fileId":"26RgqHEaJEX7RhGaZDMnzK"},"_contentSize":{"__type__":"cc.Size","width":31,"height":43},"_trs":{"__type__":"TypedArray","ctor":"Float64Array","array":[0,0,0,0,0,0,1,1,1,1]}},{"__type__":"cc.Node","_name":"btn_last","_parent":{"__id__":32},"_children":[{"__id__":47}],"_components":[{"__type__":"cc.Button","node":{"__id__":46},"clickEvents":[{"__type__":"cc.ClickEvent","target":{"__id__":1},"_componentId":"f7807FOvdpN+Yv4bQ6rNOzL","handler":"OnClick_BtnWnd"}],"_N$transition":3,"transition":3,"_N$normalColor":{"__type__":"cc.Color","r":214,"g":214,"b":214},"_N$target":{"__id__":46}}],"_prefab":{"__type__":"cc.PrefabInfo","root":{"__id__":1},"asset":{"__uuid__":"93neAfy0xB0qr8f/C4ZXMu"},"fileId":"d4+DIi1ZNMmImjrg4ZFyuS"},"_contentSize":{"__type__":"cc.Size","width":60,"height":60},"_trs":{"__type__":"TypedArray","ctor":"Float64Array","array":[-113.141,-2.609,0,0,0,0,1,1,1,1]}},{"__type__":"cc.Node","_name":"New Sprite","_parent":{"__id__":46},"_components":[{"__type__":"cc.Sprite","node":{"__id__":47},"_materials":[{"__uuid__":"ecpdLyjvZBwrvm+cedCcQy"}],"_spriteFrame":{"__uuid__":"05UnV1p3xA17mLF3BUeiWa"}}],"_prefab":{"__type__":"cc.PrefabInfo","root":{"__id__":1},"asset":{"__uuid__":"93neAfy0xB0qr8f/C4ZXMu"},"fileId":"a5myCrcrhPU40sQl/bWInb"},"_contentSize":{"__type__":"cc.Size","width":31,"height":43},"_trs":{"__type__":"TypedArray","ctor":"Float64Array","array":[0,0,0,0,0,0,1,1,1,1]}},{"__type__":"cc.Node","_name":"page","_parent":{"__id__":32},"_children":[{"__id__":49}],"_components":[{"__type__":"cc.Sprite","node":{"__id__":48},"_materials":[{"__uuid__":"ecpdLyjvZBwrvm+cedCcQy"}],"_spriteFrame":{"__uuid__":"9bgQgHfRRA5qVVxfjJCpxI"},"_type":1,"_sizeMode":0}],"_prefab":{"__type__":"cc.PrefabInfo","root":{"__id__":1},"asset":{"__uuid__":"93neAfy0xB0qr8f/C4ZXMu"},"fileId":"61YjL8HfJBPpCK7/qaQLWn"},"_contentSize":{"__type__":"cc.Size","width":70,"height":48},"_trs":{"__type__":"TypedArray","ctor":"Float64Array","array":[-45.926,-3.286,0,0,0,0,1,1,1,1]}},{"__type__":"cc.Node","_name":"lb_page","_parent":{"__id__":48},"_components":[{"__type__":"cc.Label","node":{"__id__":49},"_materials":[{"__uuid__":"ecpdLyjvZBwrvm+cedCcQy"}],"_useOriginalSize":false,"_string":"1","_N$string":"1","_fontSize":30,"_lineHeight":30,"_N$file":{"__uuid__":"5f5wQekV1CGpJW2meZozWn"},"_isSystemFontUsed":false,"_N$horizontalAlign":1,"_N$verticalAlign":1}],"_prefab":{"__type__":"cc.PrefabInfo","root":{"__id__":1},"asset":{"__uuid__":"93neAfy0xB0qr8f/C4ZXMu"},"fileId":"155k31+ttG4YTXfFTFlUQ7"},"_color":{"__type__":"cc.Color","r":138,"g":55},"_contentSize":{"__type__":"cc.Size","width":11.02,"height":37.8},"_trs":{"__type__":"TypedArray","ctor":"Float64Array","array":[0,0,0,0,0,0,1,1,1,1]}},{"__type__":"cc.Node","_name":"lb_OnlineCount","_parent":{"__id__":32},"_components":[{"__type__":"cc.Label","node":{"__id__":50},"_materials":[{"__uuid__":"ecpdLyjvZBwrvm+cedCcQy"}],"_useOriginalSize":false,"_string":"当前亲友圈在线人数：","_N$string":"当前亲友圈在线人数：","_fontSize":26,"_lineHeight":30,"_enableWrapText":false,"_N$file":{"__uuid__":"5f5wQekV1CGpJW2meZozWn"},"_isSystemFontUsed":false,"_N$verticalAlign":1}],"_prefab":{"__type__":"cc.PrefabInfo","root":{"__id__":1},"asset":{"__uuid__":"93neAfy0xB0qr8f/C4ZXMu"},"fileId":"97CfOOPkVB0ZDXmQoC/jUj"},"_color":{"__type__":"cc.Color","r":232,"g":89,"b":39},"_contentSize":{"__type__":"cc.Size","width":260,"height":37.8},"_anchorPoint":{"__type__":"cc.Vec2","y":0.5},"_trs":{"__type__":"TypedArray","ctor":"Float64Array","array":[-482.124,4.542,0,0,0,0,1,1,1,1]}},{"__type__":"cc.Node","_name":"OnlineToggle","_parent":{"__id__":32},"_children":[{"__id__":52},{"__id__":53},{"__id__":55}],"_components":[{"__type__":"cc.Toggle","node":{"__id__":51},"_N$transition":3,"transition":3,"_N$normalColor":{"__type__":"cc.Color","r":214,"g":214,"b":214},"_N$target":{"__id__":52},"checkMark":{"__id__":54},"checkEvents":[{"__type__":"cc.ClickEvent","target":{"__id__":1},"_componentId":"f7807FOvdpN+Yv4bQ6rNOzL","handler":"OnClickOnLineToggle"}]}],"_prefab":{"__type__":"cc.PrefabInfo","root":{"__id__":1},"asset":{"__uuid__":"93neAfy0xB0qr8f/C4ZXMu"},"fileId":"10V3WGQR9G2ZFgs9WQLXZC"},"_contentSize":{"__type__":"cc.Size","width":28,"height":28},"_trs":{"__type__":"TypedArray","ctor":"Float64Array","array":[-463.666,-37.212,0,0,0,0,1,1,1,1]}},{"__type__":"cc.Node","_name":"Background","_parent":{"__id__":51},"_components":[{"__type__":"cc.Sprite","node":{"__id__":52},"_materials":[{"__uuid__":"ecpdLyjvZBwrvm+cedCcQy"}],"_spriteFrame":{"__uuid__":"88iM1OArFIGZyrQ2BSd/5P"}}],"_prefab":{"__type__":"cc.PrefabInfo","root":{"__id__":1},"asset":{"__uuid__":"93neAfy0xB0qr8f/C4ZXMu"},"fileId":"89AITdpp5M2IfKb3lTH/Wu"},"_contentSize":{"__type__":"cc.Size","width":35,"height":35},"_trs":{"__type__":"TypedArray","ctor":"Float64Array","array":[0,0,0,0,0,0,1,1,1,1]}},{"__type__":"cc.Node","_name":"checkmark","_parent":{"__id__":51},"_components":[{"__id__":54}],"_prefab":{"__type__":"cc.PrefabInfo","root":{"__id__":1},"asset":{"__uuid__":"93neAfy0xB0qr8f/C4ZXMu"},"fileId":"01LDKrntpPuIxVRvDyphBL"},"_contentSize":{"__type__":"cc.Size","width":33,"height":32},"_trs":{"__type__":"TypedArray","ctor":"Float64Array","array":[0,0,0,0,0,0,1,1,1,1]}},{"__type__":"cc.Sprite","node":{"__id__":53},"_materials":[{"__uuid__":"ecpdLyjvZBwrvm+cedCcQy"}],"_spriteFrame":{"__uuid__":"b1+IbDf15HEKX8w8h7zTbZ"},"_sizeMode":2,"_isTrimmedMode":false},{"__type__":"cc.Node","_name":"lb_OnlineTip","_parent":{"__id__":51},"_components":[{"__type__":"cc.Label","node":{"__id__":55},"_materials":[{"__uuid__":"ecpdLyjvZBwrvm+cedCcQy"}],"_useOriginalSize":false,"_string":"只显示在线玩家","_N$string":"只显示在线玩家","_fontSize":20,"_lineHeight":30,"_enableWrapText":false,"_N$file":{"__uuid__":"5f5wQekV1CGpJW2meZozWn"},"_isSystemFontUsed":false,"_N$verticalAlign":1}],"_prefab":{"__type__":"cc.PrefabInfo","root":{"__id__":1},"asset":{"__uuid__":"93neAfy0xB0qr8f/C4ZXMu"},"fileId":"e585R2iTBD5pKvK3bXZx0o"},"_color":{"__type__":"cc.Color","r":189,"g":128,"b":32},"_contentSize":{"__type__":"cc.Size","width":140,"height":37.8},"_anchorPoint":{"__type__":"cc.Vec2","y":0.5},"_trs":{"__type__":"TypedArray","ctor":"Float64Array","array":[27.975,0.759,0,0,0,0,1,1,1,1]}},{"__type__":"cc.Node","_name":"FuToggle","_parent":{"__id__":32},"_children":[{"__id__":57},{"__id__":58},{"__id__":60}],"_components":[{"__type__":"cc.Toggle","node":{"__id__":56},"_N$transition":3,"transition":3,"_N$normalColor":{"__type__":"cc.Color","r":214,"g":214,"b":214},"_N$target":{"__id__":57},"_N$isChecked":false,"checkMark":{"__id__":59},"checkEvents":[{"__type__":"cc.ClickEvent","target":{"__id__":1},"_componentId":"f7807FOvdpN+Yv4bQ6rNOzL","handler":"OnClickFuToggle"}]}],"_prefab":{"__type__":"cc.PrefabInfo","root":{"__id__":1},"asset":{"__uuid__":"93neAfy0xB0qr8f/C4ZXMu"},"fileId":"50J3jqH3lL2ogfNp1p8Ze7"},"_contentSize":{"__type__":"cc.Size","width":60,"height":50},"_trs":{"__type__":"TypedArray","ctor":"Float64Array","array":[-228.963,-38.452,0,0,0,0,1,1,1,1]}},{"__type__":"cc.Node","_name":"Background","_parent":{"__id__":56},"_components":[{"__type__":"cc.Sprite","node":{"__id__":57},"_materials":[{"__uuid__":"ecpdLyjvZBwrvm+cedCcQy"}],"_spriteFrame":{"__uuid__":"88iM1OArFIGZyrQ2BSd/5P"}}],"_prefab":{"__type__":"cc.PrefabInfo","root":{"__id__":1},"asset":{"__uuid__":"93neAfy0xB0qr8f/C4ZXMu"},"fileId":"14QmmalNlFBIY2bFCE4QbF"},"_contentSize":{"__type__":"cc.Size","width":35,"height":35},"_trs":{"__type__":"TypedArray","ctor":"Float64Array","array":[0,0,0,0,0,0,1,1,1,1]}},{"__type__":"cc.Node","_name":"checkmark","_parent":{"__id__":56},"_active":false,"_components":[{"__id__":59}],"_prefab":{"__type__":"cc.PrefabInfo","root":{"__id__":1},"asset":{"__uuid__":"93neAfy0xB0qr8f/C4ZXMu"},"fileId":"014M7/xbFJBp58m5LUdbeN"},"_contentSize":{"__type__":"cc.Size","width":33,"height":32},"_trs":{"__type__":"TypedArray","ctor":"Float64Array","array":[0,0,0,0,0,0,1,1,1,1]}},{"__type__":"cc.Sprite","node":{"__id__":58},"_materials":[{"__uuid__":"ecpdLyjvZBwrvm+cedCcQy"}],"_spriteFrame":{"__uuid__":"b1+IbDf15HEKX8w8h7zTbZ"},"_sizeMode":2,"_isTrimmedMode":false},{"__type__":"cc.Node","_name":"lb","_parent":{"__id__":56},"_components":[{"__type__":"cc.Label","node":{"__id__":60},"_materials":[{"__uuid__":"ecpdLyjvZBwrvm+cedCcQy"}],"_useOriginalSize":false,"_string":"只显示负分玩家","_N$string":"只显示负分玩家","_fontSize":20,"_lineHeight":20,"_enableWrapText":false,"_N$file":{"__uuid__":"5f5wQekV1CGpJW2meZozWn"},"_isSystemFontUsed":false,"_N$verticalAlign":1}],"_prefab":{"__type__":"cc.PrefabInfo","root":{"__id__":1},"asset":{"__uuid__":"93neAfy0xB0qr8f/C4ZXMu"},"fileId":"96xb00WS9LhZcAPcyknHVy"},"_color":{"__type__":"cc.Color","r":189,"g":128,"b":32},"_contentSize":{"__type__":"cc.Size","width":140,"height":25.2},"_anchorPoint":{"__type__":"cc.Vec2","y":0.5},"_trs":{"__type__":"TypedArray","ctor":"Float64Array","array":[27.975,0.759,0,0,0,0,1,1,1,1]}},{"__type__":"cc.Node","_name":"btn_close","_parent":{"__id__":1},"_components":[{"__type__":"cc.Sprite","node":{"__id__":61},"_materials":[{"__uuid__":"ecpdLyjvZBwrvm+cedCcQy"}],"_spriteFrame":{"__uuid__":"d9ZhflMOxHW7JHl9dya866"}},{"__type__":"cc.Button","node":{"__id__":61},"clickEvents":[{"__type__":"cc.ClickEvent","target":{"__id__":1},"_componentId":"f7807FOvdpN+Yv4bQ6rNOzL","handler":"OnClick_BtnWnd"}],"_N$normalColor":{"__type__":"cc.Color","r":214,"g":214,"b":214},"_N$target":{"__id__":61}}],"_prefab":{"__type__":"cc.PrefabInfo","root":{"__id__":1},"asset":{"__uuid__":"93neAfy0xB0qr8f/C4ZXMu"},"fileId":"cf943Hh3NBM9Zl7D9uDoJIh"},"_contentSize":{"__type__":"cc.Size","width":79,"height":80},"_trs":{"__type__":"TypedArray","ctor":"Float64Array","array":[524,303,0,0,0,0,1,1,1,1]}}],{"__type__":"cc.SpriteFrame","content":{"name":"mg_nub_ye","texture":"72UNRFtGJHWZvXo/2EcJva","rect":[0,0,200,48],"offset":[0,0],"originalSize":[200,48],"capInsets":[28,22,27,22]}},{"__type__":"cc.SpriteFrame","content":{"name":"check_qr01","texture":"5djaNhH6lPP6ZMyptxWsfF","rect":[0,0,33,32],"offset":[0,0],"originalSize":[33,32],"capInsets":[0,0,0,0]}},{"__type__":"cc.SpriteFrame","content":{"name":"img_jzyx","texture":"22NE4PUWNH5baP74qCrFcG","rect":[0,0,81,53],"offset":[0,0],"originalSize":[81,53],"capInsets":[0,0,0,0]}},{"__type__":"cc.SpriteFrame","content":{"name":"btn_red","texture":"59sNqoniFOuo/XQI4SnXiT","rect":[0,0,128,49],"offset":[0,0],"originalSize":[128,49],"capInsets":[43,9,39,18]}},{"__type__":"cc.SpriteFrame","content":{"name":"btn_close","texture":"adT+cX5aVEFrD91N8Yp4Db","rect":[0,0,79,80],"offset":[0,0],"originalSize":[79,80],"capInsets":[0,0,0,0]}},{"__type__":"cc.SpriteFrame","content":{"name":"bg_ss_input","texture":"ca/EeS3yFMBIeT2HPCRGmS","rect":[0,0,401,54],"offset":[0,0],"originalSize":[401,54],"capInsets":[93,14,85,14]}},{"__type__":"cc.SpriteFrame","content":{"name":"morentouxiang","texture":"189664600","rect":[181,652,60,60],"offset":[0,0],"originalSize":[60,60],"capInsets":[0,0,0,0]}}]