[{"__type__":"cc.Prefab","_name":"scores","data":{"__id__":1}},{"__type__":"cc.Node","_name":"scores","_children":[{"__id__":2},{"__id__":3},{"__id__":4},{"__id__":5}],"_components":[{"__type__":"cc.Layout","node":{"__id__":1},"_enabled":false,"_layoutSize":{"__type__":"cc.Size","width":239.46,"height":75.6},"_resize":1,"_N$layoutType":3,"_N$startAxis":1,"_N$paddingRight":10,"_N$spacingX":15}],"_prefab":{"__type__":"cc.PrefabInfo","root":{"__id__":1},"asset":{"__uuid__":"78CFWldRRJDakbNEVbl7tV"},"fileId":"3fuAhpzDhJWIUnTF6RI9hT"},"_contentSize":{"__type__":"cc.Size","width":239.46,"height":75.6},"_trs":{"__type__":"TypedArray","ctor":"Float64Array","array":[356.755,-57.603,0,0,0,0,1,1,1,1]}},{"__type__":"cc.Node","_name":"lb_huPoint","_parent":{"__id__":1},"_components":[{"__type__":"cc.Label","node":{"__id__":2},"_materials":[{"__uuid__":"ecpdLyjvZBwrvm+cedCcQy"}],"_useOriginalSize":false,"_string":"胡牌：+240","_N$string":"胡牌：+240","_fontSize":20.2,"_lineHeight":30,"_isSystemFontUsed":false,"_N$horizontalAlign":2,"_N$verticalAlign":1}],"_prefab":{"__type__":"cc.PrefabInfo","root":{"__id__":1},"asset":{"__uuid__":"78CFWldRRJDakbNEVbl7tV"},"fileId":"9fiW9kzaxLcrwl52vPqIhP"},"_contentSize":{"__type__":"cc.Size","width":106.1,"height":37.8},"_trs":{"__type__":"TypedArray","ctor":"Float64Array","array":[-66.11500000000001,18.9,0,0,0,0,1,1,1,1]}},{"__type__":"cc.Node","_name":"lb_piaoPoint","_parent":{"__id__":1},"_components":[{"__type__":"cc.Label","node":{"__id__":3},"_materials":[{"__uuid__":"ecpdLyjvZBwrvm+cedCcQy"}],"_useOriginalSize":false,"_string":"胡牌：+240","_N$string":"胡牌：+240","_fontSize":20.2,"_lineHeight":30,"_isSystemFontUsed":false,"_N$horizontalAlign":2,"_N$verticalAlign":1}],"_prefab":{"__type__":"cc.PrefabInfo","root":{"__id__":1},"asset":{"__uuid__":"78CFWldRRJDakbNEVbl7tV"},"fileId":"cdpVtQMCBCMISi0b82l1XG"},"_contentSize":{"__type__":"cc.Size","width":106.1,"height":37.8},"_trs":{"__type__":"TypedArray","ctor":"Float64Array","array":[-66.11500000000001,-18.9,0,0,0,0,1,1,1,1]}},{"__type__":"cc.Node","_name":"lb_gangPoint","_parent":{"__id__":1},"_components":[{"__type__":"cc.Label","node":{"__id__":4},"_materials":[{"__uuid__":"ecpdLyjvZBwrvm+cedCcQy"}],"_useOriginalSize":false,"_string":"胡牌：+240","_N$string":"胡牌：+240","_fontSize":20.2,"_lineHeight":30,"_isSystemFontUsed":false,"_N$horizontalAlign":2,"_N$verticalAlign":1}],"_prefab":{"__type__":"cc.PrefabInfo","root":{"__id__":1},"asset":{"__uuid__":"78CFWldRRJDakbNEVbl7tV"},"fileId":"00kNqxoptIFLxpnJ9Eob4v"},"_contentSize":{"__type__":"cc.Size","width":106.1,"height":37.8},"_trs":{"__type__":"TypedArray","ctor":"Float64Array","array":[56.114999999999995,18.9,0,0,0,0,1,1,1,1]}},{"__type__":"cc.Node","_name":"lb_genPoint","_parent":{"__id__":1},"_components":[{"__type__":"cc.Label","node":{"__id__":5},"_materials":[{"__uuid__":"ecpdLyjvZBwrvm+cedCcQy"}],"_useOriginalSize":false,"_string":"胡牌：+240","_N$string":"胡牌：+240","_fontSize":20.2,"_lineHeight":30,"_isSystemFontUsed":false,"_N$horizontalAlign":2,"_N$verticalAlign":1}],"_prefab":{"__type__":"cc.PrefabInfo","root":{"__id__":1},"asset":{"__uuid__":"78CFWldRRJDakbNEVbl7tV"},"fileId":"29wY5xi5BL4pOj/F7tQ8Fd"},"_contentSize":{"__type__":"cc.Size","width":106.1,"height":37.8},"_trs":{"__type__":"TypedArray","ctor":"Float64Array","array":[56.114999999999995,-18.9,0,0,0,0,1,1,1,1]}}]