[{"__type__":"cc.SpriteFrame","content":{"name":"img_hu","texture":"06UHuSJ21JS4UkQL4wzOIQ","rect":[0,0,39,41],"offset":[0,0],"originalSize":[39,41],"capInsets":[0,0,0,0]}},{"__type__":"cc.SpriteFrame","content":{"name":"img_zhuang","texture":"eeIYIc/8lFurqqiexaFhDP","rect":[0,0,31,31],"offset":[0,0],"originalSize":[31,31],"capInsets":[0,0,0,0]}},{"__type__":"cc.SpriteFrame","content":{"name":"img_yel_down02","texture":"afkKNIIFdA5pXQl09RYRAP","rect":[0,0,151,101],"offset":[0,0],"originalSize":[151,101],"capInsets":[20,20,20,20]}},[{"__type__":"cc.Prefab","_name":"ycsdr_winlost_child","data":{"__id__":1}},{"__type__":"cc.Node","_name":"ycsdr_winlost_child","_children":[{"__id__":2},{"__id__":7},{"__id__":8},{"__id__":9},{"__id__":10},{"__id__":26},{"__id__":27},{"__id__":28},{"__id__":33},{"__id__":39},{"__id__":59},{"__id__":60},{"__id__":61},{"__id__":62},{"__id__":66}],"_components":[{"__type__":"cc.Sprite","node":{"__id__":1},"_materials":[{"__uuid__":"ecpdLyjvZBwrvm+cedCcQy"}],"_spriteFrame":{"__uuid__":"4fi7aQRSpFn6b1ZZhTPwm7"},"_type":1,"_sizeMode":0},{"__type__":"b16aet/Uq9Odrj1YmL1Kq0a","node":{"__id__":1}}],"_prefab":{"__type__":"cc.PrefabInfo","root":{"__id__":1},"asset":{"__uuid__":"ac8L+YNLhDNIa4MgsWSpIR"},"fileId":"63pxgAAtREIIrIADgbxIpT"},"_contentSize":{"__type__":"cc.Size","width":1250,"height":112},"_anchorPoint":{"__type__":"cc.Vec2","x":0.5,"y":1},"_trs":{"__type__":"TypedArray","ctor":"Float64Array","array":[0,0,0,0,0,0,1,1,1,1]}},{"__type__":"cc.Node","_name":"userinfo","_parent":{"__id__":1},"_children":[{"__id__":3},{"__id__":4},{"__id__":5},{"__id__":6}],"_components":[{"__type__":"cc.Sprite","node":{"__id__":2},"_materials":[{"__uuid__":"ecpdLyjvZBwrvm+cedCcQy"}]}],"_prefab":{"__type__":"cc.PrefabInfo","root":{"__id__":1},"asset":{"__uuid__":"ac8L+YNLhDNIa4MgsWSpIR"},"fileId":"8dKv8mR6BNw61vWP4yEPL+"},"_contentSize":{"__type__":"cc.Size","width":82,"height":82},"_trs":{"__type__":"TypedArray","ctor":"Float64Array","array":[-556.11,-47.63,0,0,0,0,1,1,1,1]}},{"__type__":"cc.Node","_name":"touxiang","_parent":{"__id__":2},"_components":[{"__type__":"cc.Sprite","node":{"__id__":3},"_materials":[{"__uuid__":"ecpdLyjvZBwrvm+cedCcQy"}],"_spriteFrame":{"__uuid__":"ffgj8NNfFM2oetc1J9lEgn"},"_sizeMode":0},{"__type__":"f42b8ZzNWFKKI/QT/n8cR1+","node":{"__id__":3}}],"_prefab":{"__type__":"cc.PrefabInfo","root":{"__id__":1},"asset":{"__uuid__":"ac8L+YNLhDNIa4MgsWSpIR"},"fileId":"47ciwjR3RCa7yvHlt05fMS"},"_contentSize":{"__type__":"cc.Size","width":78,"height":78},"_trs":{"__type__":"TypedArray","ctor":"Float64Array","array":[0,0,0,0,0,0,1,1,1,1]}},{"__type__":"cc.Node","_name":"tip_zhuang","_parent":{"__id__":2},"_components":[{"__type__":"cc.Sprite","node":{"__id__":4},"_materials":[{"__uuid__":"ecpdLyjvZBwrvm+cedCcQy"}],"_spriteFrame":{"__uuid__":"34OoJIquFLeJfYBhBwAb0M"}}],"_prefab":{"__type__":"cc.PrefabInfo","root":{"__id__":1},"asset":{"__uuid__":"ac8L+YNLhDNIa4MgsWSpIR"},"fileId":"e4XmXE+GhBLppOXmRAHO13"},"_contentSize":{"__type__":"cc.Size","width":31,"height":31},"_trs":{"__type__":"TypedArray","ctor":"Float64Array","array":[-36.23,28.168,0,0,0,0,1,1,1,1]}},{"__type__":"cc.Node","_name":"lb_name","_parent":{"__id__":2},"_components":[{"__type__":"cc.Label","node":{"__id__":5},"_materials":[{"__uuid__":"ecpdLyjvZBwrvm+cedCcQy"}],"_useOriginalSize":false,"_string":"玩家姓名","_N$string":"玩家姓名","_fontSize":22,"_lineHeight":22,"_N$file":{"__uuid__":"5f5wQekV1CGpJW2meZozWn"},"_isSystemFontUsed":false,"_N$horizontalAlign":1,"_N$verticalAlign":1}],"_prefab":{"__type__":"cc.PrefabInfo","root":{"__id__":1},"asset":{"__uuid__":"ac8L+YNLhDNIa4MgsWSpIR"},"fileId":"c4ZHI2OIVBW60X2Rb0YMBA"},"_color":{"__type__":"cc.Color","r":124,"g":71,"b":29},"_contentSize":{"__type__":"cc.Size","width":88,"height":27.72},"_trs":{"__type__":"TypedArray","ctor":"Float64Array","array":[84.767,19.811,0,0,0,0,1,1,1,1]}},{"__type__":"cc.Node","_name":"lb_id","_parent":{"__id__":2},"_components":[{"__type__":"cc.Label","node":{"__id__":6},"_materials":[{"__uuid__":"ecpdLyjvZBwrvm+cedCcQy"}],"_useOriginalSize":false,"_string":"888888","_N$string":"888888","_fontSize":22,"_lineHeight":22,"_N$file":{"__uuid__":"5f5wQekV1CGpJW2meZozWn"},"_isSystemFontUsed":false,"_N$horizontalAlign":1,"_N$verticalAlign":1}],"_prefab":{"__type__":"cc.PrefabInfo","root":{"__id__":1},"asset":{"__uuid__":"ac8L+YNLhDNIa4MgsWSpIR"},"fileId":"cbddgIJ45LmZ1OFS6G+MTD"},"_color":{"__type__":"cc.Color","r":124,"g":71,"b":29},"_contentSize":{"__type__":"cc.Size","width":75.28,"height":27.72},"_trs":{"__type__":"TypedArray","ctor":"Float64Array","array":[84.767,-4.72,0,0,0,0,1,1,1,1]}},{"__type__":"cc.Node","_name":"lb_sportsPoint","_parent":{"__id__":1},"_components":[{"__type__":"cc.Label","node":{"__id__":7},"_materials":[{"__uuid__":"ecpdLyjvZBwrvm+cedCcQy"}],"_useOriginalSize":false,"_string":"比赛分:9999","_N$string":"比赛分:9999","_fontSize":30,"_lineHeight":30,"_N$file":{"__uuid__":"5f5wQekV1CGpJW2meZozWn"},"_isSystemFontUsed":false,"_N$horizontalAlign":1,"_N$verticalAlign":1}],"_prefab":{"__type__":"cc.PrefabInfo","root":{"__id__":1},"asset":{"__uuid__":"ac8L+YNLhDNIa4MgsWSpIR"},"fileId":"0dInoiKs1EaqyfRqYJFbVc"},"_color":{"__type__":"cc.Color","r":124,"g":71,"b":29},"_contentSize":{"__type__":"cc.Size","width":166.41,"height":37.8},"_anchorPoint":{"__type__":"cc.Vec2","x":1,"y":0.5},"_trs":{"__type__":"TypedArray","ctor":"Float64Array","array":[612.53,-66.782,0,0,0,0,1,1,1,1]}},{"__type__":"cc.Node","_name":"lb_winpoint","_parent":{"__id__":1},"_components":[{"__type__":"cc.Label","node":{"__id__":8},"_materials":[{"__uuid__":"ecpdLyjvZBwrvm+cedCcQy"}],"_useOriginalSize":false,"_string":"+12","_N$string":"+12","_fontSize":1,"_lineHeight":50,"_N$file":{"__uuid__":"72IVOMk1hKZ49cj8VmMTmu"},"_isSystemFontUsed":false,"_N$horizontalAlign":1}],"_prefab":{"__type__":"cc.PrefabInfo","root":{"__id__":1},"asset":{"__uuid__":"ac8L+YNLhDNIa4MgsWSpIR"},"fileId":"2flVpbRsJGmIEAAAa7znze"},"_contentSize":{"__type__":"cc.Size","width":87,"height":50},"_trs":{"__type__":"TypedArray","ctor":"Float64Array","array":[525.155,-32.31,0,0,0,0,1,1,1,1]}},{"__type__":"cc.Node","_name":"lb_lostpoint","_parent":{"__id__":1},"_components":[{"__type__":"cc.Label","node":{"__id__":9},"_materials":[{"__uuid__":"ecpdLyjvZBwrvm+cedCcQy"}],"_useOriginalSize":false,"_string":"-12","_N$string":"-12","_fontSize":32,"_lineHeight":50,"_N$file":{"__uuid__":"59kzsyiIFGS5Deoo4o1bsG"},"_isSystemFontUsed":false,"_N$horizontalAlign":1}],"_prefab":{"__type__":"cc.PrefabInfo","root":{"__id__":1},"asset":{"__uuid__":"ac8L+YNLhDNIa4MgsWSpIR"},"fileId":"7db6EftFtAwZ+GEBU9zzEw"},"_contentSize":{"__type__":"cc.Size","width":87,"height":50},"_trs":{"__type__":"TypedArray","ctor":"Float64Array","array":[525.155,-30.655,0,0,0,0,1,1,1,1]}},{"__type__":"cc.Node","_name":"pengItem","_parent":{"__id__":1},"_children":[{"__id__":11},{"__id__":24},{"__id__":25}],"_active":false,"_prefab":{"__type__":"cc.PrefabInfo","root":{"__id__":1},"asset":{"__uuid__":"ac8L+YNLhDNIa4MgsWSpIR"},"fileId":"95+bXoHHdKKJE8f7tW3+aJ"},"_contentSize":{"__type__":"cc.Size","width":17,"height":108},"_anchorPoint":{"__type__":"cc.Vec2","x":0.5},"_trs":{"__type__":"TypedArray","ctor":"Float64Array","array":[0,0,0,0,0,0,1,1,1,1]}},{"__type__":"cc.Node","_name":"cardList","_parent":{"__id__":10},"_children":[{"__id__":12},{"__id__":15},{"__id__":18},{"__id__":21}],"_components":[{"__type__":"cc.Layout","node":{"__id__":11},"_layoutSize":{"__type__":"cc.Size","width":33,"height":125.64},"_resize":1,"_N$layoutType":2,"_N$spacingY":1.2,"_N$affectedByScale":true}],"_prefab":{"__type__":"cc.PrefabInfo","root":{"__id__":1},"asset":{"__uuid__":"ac8L+YNLhDNIa4MgsWSpIR"},"fileId":"11PkCNOxtOjYJW4VzddCQN"},"_contentSize":{"__type__":"cc.Size","width":33,"height":125.64},"_anchorPoint":{"__type__":"cc.Vec2","x":0.5},"_trs":{"__type__":"TypedArray","ctor":"Float64Array","array":[0,30.653,0,0,0,0,1,0.6,0.6,1]}},{"__type__":"cc.Node","_name":"card1","_parent":{"__id__":11},"_children":[{"__id__":13},{"__id__":14}],"_components":[{"__type__":"cc.Sprite","node":{"__id__":12},"_materials":[{"__uuid__":"ecpdLyjvZBwrvm+cedCcQy"}],"_spriteFrame":{"__uuid__":"b0GdBDePFApY2WFmVCNbcf"}}],"_prefab":{"__type__":"cc.PrefabInfo","root":{"__id__":1},"asset":{"__uuid__":"ac8L+YNLhDNIa4MgsWSpIR"},"fileId":"886D5IF+VJc5yUjIO1hxs/"},"_contentSize":{"__type__":"cc.Size","width":113,"height":113},"_trs":{"__type__":"TypedArray","ctor":"Float64Array","array":[0,110.385,0,0,0,0,1,0.27,0.27,1]}},{"__type__":"cc.Node","_name":"zi","_parent":{"__id__":12},"_components":[{"__type__":"cc.Sprite","node":{"__id__":13},"_materials":[{"__uuid__":"ecpdLyjvZBwrvm+cedCcQy"}],"_sizeMode":0,"_isTrimmedMode":false}],"_prefab":{"__type__":"cc.PrefabInfo","root":{"__id__":1},"asset":{"__uuid__":"ac8L+YNLhDNIa4MgsWSpIR"},"fileId":"01agFZHI1P4KtI8/NhiYUi"},"_contentSize":{"__type__":"cc.Size","width":47,"height":50},"_trs":{"__type__":"TypedArray","ctor":"Float64Array","array":[0,0,0,0,0,0,1,1,1,1]}},{"__type__":"cc.Node","_name":"tip_hu","_parent":{"__id__":12},"_active":false,"_components":[{"__type__":"cc.Sprite","node":{"__id__":14},"_materials":[{"__uuid__":"ecpdLyjvZBwrvm+cedCcQy"}],"_sizeMode":0}],"_prefab":{"__type__":"cc.PrefabInfo","root":{"__id__":1},"asset":{"__uuid__":"ac8L+YNLhDNIa4MgsWSpIR"},"fileId":"beeEHaeshBUqsjn7J2yKw8"},"_contentSize":{"__type__":"cc.Size","width":47,"height":50},"_trs":{"__type__":"TypedArray","ctor":"Float64Array","array":[0,0,0,0,0,0,1,1,1,1]}},{"__type__":"cc.Node","_name":"card2","_parent":{"__id__":11},"_children":[{"__id__":16},{"__id__":17}],"_components":[{"__type__":"cc.Sprite","node":{"__id__":15},"_materials":[{"__uuid__":"ecpdLyjvZBwrvm+cedCcQy"}],"_spriteFrame":{"__uuid__":"b0GdBDePFApY2WFmVCNbcf"}}],"_prefab":{"__type__":"cc.PrefabInfo","root":{"__id__":1},"asset":{"__uuid__":"ac8L+YNLhDNIa4MgsWSpIR"},"fileId":"87/hdzXAZJ9bFb4nEpyt5L"},"_contentSize":{"__type__":"cc.Size","width":113,"height":113},"_trs":{"__type__":"TypedArray","ctor":"Float64Array","array":[0,78.67500000000001,0,0,0,0,1,0.27,0.27,1]}},{"__type__":"cc.Node","_name":"zi","_parent":{"__id__":15},"_components":[{"__type__":"cc.Sprite","node":{"__id__":16},"_materials":[{"__uuid__":"ecpdLyjvZBwrvm+cedCcQy"}],"_sizeMode":0,"_isTrimmedMode":false}],"_prefab":{"__type__":"cc.PrefabInfo","root":{"__id__":1},"asset":{"__uuid__":"ac8L+YNLhDNIa4MgsWSpIR"},"fileId":"7bl60rVWtKF5xnFleiKGUX"},"_contentSize":{"__type__":"cc.Size","width":47,"height":50},"_trs":{"__type__":"TypedArray","ctor":"Float64Array","array":[0,0,0,0,0,0,1,1,1,1]}},{"__type__":"cc.Node","_name":"tip_hu","_parent":{"__id__":15},"_active":false,"_components":[{"__type__":"cc.Sprite","node":{"__id__":17},"_materials":[{"__uuid__":"ecpdLyjvZBwrvm+cedCcQy"}]}],"_prefab":{"__type__":"cc.PrefabInfo","root":{"__id__":1},"asset":{"__uuid__":"ac8L+YNLhDNIa4MgsWSpIR"},"fileId":"55OdGMi+NPq5KzExfL71Cz"},"_contentSize":{"__type__":"cc.Size","width":47,"height":50},"_trs":{"__type__":"TypedArray","ctor":"Float64Array","array":[0,0,0,0,0,0,1,1,1,1]}},{"__type__":"cc.Node","_name":"card3","_parent":{"__id__":11},"_children":[{"__id__":19},{"__id__":20}],"_components":[{"__type__":"cc.Sprite","node":{"__id__":18},"_materials":[{"__uuid__":"ecpdLyjvZBwrvm+cedCcQy"}],"_spriteFrame":{"__uuid__":"b0GdBDePFApY2WFmVCNbcf"}}],"_prefab":{"__type__":"cc.PrefabInfo","root":{"__id__":1},"asset":{"__uuid__":"ac8L+YNLhDNIa4MgsWSpIR"},"fileId":"25o0knR59J+YHm8cyML+0E"},"_contentSize":{"__type__":"cc.Size","width":113,"height":113},"_trs":{"__type__":"TypedArray","ctor":"Float64Array","array":[0,46.965,0,0,0,0,1,0.27,0.27,1]}},{"__type__":"cc.Node","_name":"zi","_parent":{"__id__":18},"_components":[{"__type__":"cc.Sprite","node":{"__id__":19},"_materials":[{"__uuid__":"ecpdLyjvZBwrvm+cedCcQy"}],"_sizeMode":0,"_isTrimmedMode":false}],"_prefab":{"__type__":"cc.PrefabInfo","root":{"__id__":1},"asset":{"__uuid__":"ac8L+YNLhDNIa4MgsWSpIR"},"fileId":"eau7pdvn5CDJyh+cy+lnoB"},"_contentSize":{"__type__":"cc.Size","width":47,"height":50},"_trs":{"__type__":"TypedArray","ctor":"Float64Array","array":[0,0,0,0,0,0,1,1,1,1]}},{"__type__":"cc.Node","_name":"tip_hu","_parent":{"__id__":18},"_active":false,"_components":[{"__type__":"cc.Sprite","node":{"__id__":20},"_materials":[{"__uuid__":"ecpdLyjvZBwrvm+cedCcQy"}]}],"_prefab":{"__type__":"cc.PrefabInfo","root":{"__id__":1},"asset":{"__uuid__":"ac8L+YNLhDNIa4MgsWSpIR"},"fileId":"ff5jK0MypLF6mXkLbVzFDC"},"_contentSize":{"__type__":"cc.Size","width":47,"height":50},"_trs":{"__type__":"TypedArray","ctor":"Float64Array","array":[0,0,0,0,0,0,1,1,1,1]}},{"__type__":"cc.Node","_name":"card4","_parent":{"__id__":11},"_children":[{"__id__":22},{"__id__":23}],"_components":[{"__type__":"cc.Sprite","node":{"__id__":21},"_materials":[{"__uuid__":"ecpdLyjvZBwrvm+cedCcQy"}],"_spriteFrame":{"__uuid__":"b0GdBDePFApY2WFmVCNbcf"}}],"_prefab":{"__type__":"cc.PrefabInfo","root":{"__id__":1},"asset":{"__uuid__":"ac8L+YNLhDNIa4MgsWSpIR"},"fileId":"37WWjNKP9AE6Me1uVyAuix"},"_contentSize":{"__type__":"cc.Size","width":113,"height":113},"_trs":{"__type__":"TypedArray","ctor":"Float64Array","array":[0,15.254999999999999,0,0,0,0,1,0.27,0.27,1]}},{"__type__":"cc.Node","_name":"zi","_parent":{"__id__":21},"_components":[{"__type__":"cc.Sprite","node":{"__id__":22},"_materials":[{"__uuid__":"ecpdLyjvZBwrvm+cedCcQy"}],"_sizeMode":0,"_isTrimmedMode":false}],"_prefab":{"__type__":"cc.PrefabInfo","root":{"__id__":1},"asset":{"__uuid__":"ac8L+YNLhDNIa4MgsWSpIR"},"fileId":"27nVhL9PNFqpmTFEyR+hcb"},"_contentSize":{"__type__":"cc.Size","width":47,"height":50},"_trs":{"__type__":"TypedArray","ctor":"Float64Array","array":[0,0,0,0,0,0,1,1,1,1]}},{"__type__":"cc.Node","_name":"tip_hu","_parent":{"__id__":21},"_active":false,"_components":[{"__type__":"cc.Sprite","node":{"__id__":23},"_materials":[{"__uuid__":"ecpdLyjvZBwrvm+cedCcQy"}]}],"_prefab":{"__type__":"cc.PrefabInfo","root":{"__id__":1},"asset":{"__uuid__":"ac8L+YNLhDNIa4MgsWSpIR"},"fileId":"755OtUV2hJlKvUJvpOWx+r"},"_contentSize":{"__type__":"cc.Size","width":47,"height":50},"_trs":{"__type__":"TypedArray","ctor":"Float64Array","array":[0,0,0,0,0,0,1,1,1,1]}},{"__type__":"cc.Node","_name":"lb_cardType","_parent":{"__id__":10},"_components":[{"__type__":"cc.Label","node":{"__id__":24},"_materials":[{"__uuid__":"ecpdLyjvZBwrvm+cedCcQy"}],"_useOriginalSize":false,"_string":"碰","_N$string":"碰","_fontSize":15,"_lineHeight":22,"_isSystemFontUsed":false,"_N$horizontalAlign":1,"_N$verticalAlign":1}],"_prefab":{"__type__":"cc.PrefabInfo","root":{"__id__":1},"asset":{"__uuid__":"ac8L+YNLhDNIa4MgsWSpIR"},"fileId":"5cE+HrTGBKybkqzxfYwJ4T"},"_color":{"__type__":"cc.Color","r":112,"g":68,"b":42},"_contentSize":{"__type__":"cc.Size","width":15,"height":27.72},"_trs":{"__type__":"TypedArray","ctor":"Float64Array","array":[0,23.704,0,0,0,0,1,1,1,1]}},{"__type__":"cc.Node","_name":"lb_huShu","_parent":{"__id__":10},"_components":[{"__type__":"cc.Label","node":{"__id__":25},"_materials":[{"__uuid__":"ecpdLyjvZBwrvm+cedCcQy"}],"_useOriginalSize":false,"_string":"2","_N$string":"2","_fontSize":15,"_lineHeight":24,"_isSystemFontUsed":false,"_N$horizontalAlign":1,"_N$verticalAlign":1}],"_prefab":{"__type__":"cc.PrefabInfo","root":{"__id__":1},"asset":{"__uuid__":"ac8L+YNLhDNIa4MgsWSpIR"},"fileId":"a1xMo77bhHYayMgH/WL560"},"_color":{"__type__":"cc.Color","r":112,"g":68,"b":42},"_contentSize":{"__type__":"cc.Size","width":8.34,"height":30.24},"_trs":{"__type__":"TypedArray","ctor":"Float64Array","array":[0,9.691,0,0,0,0,1,1,1,1]}},{"__type__":"cc.Node","_name":"pengCardLists","_parent":{"__id__":1},"_components":[{"__type__":"cc.Layout","node":{"__id__":26},"_layoutSize":{"__type__":"cc.Size","width":17,"height":140},"_resize":1,"_N$layoutType":1,"_N$spacingX":17.6}],"_prefab":{"__type__":"cc.PrefabInfo","root":{"__id__":1},"asset":{"__uuid__":"ac8L+YNLhDNIa4MgsWSpIR"},"fileId":"31/TjHY19CzL+LZe6GR59Q"},"_contentSize":{"__type__":"cc.Size","width":17,"height":140},"_anchorPoint":{"__type__":"cc.Vec2"},"_trs":{"__type__":"TypedArray","ctor":"Float64Array","array":[-404.239,-110.425,0,0,0,0,1,1,1,1]}},{"__type__":"cc.Node","_name":"layout_huinfo","_parent":{"__id__":1},"_components":[{"__type__":"cc.Layout","node":{"__id__":27},"_layoutSize":{"__type__":"cc.Size","width":400,"height":70.56},"_resize":1,"_N$layoutType":3}],"_prefab":{"__type__":"cc.PrefabInfo","root":{"__id__":1},"asset":{"__uuid__":"ac8L+YNLhDNIa4MgsWSpIR"},"fileId":"32IdRlBEJPXb0EK917IfjL"},"_contentSize":{"__type__":"cc.Size","width":400,"height":70.56},"_anchorPoint":{"__type__":"cc.Vec2","x":0.5,"y":1},"_trs":{"__type__":"TypedArray","ctor":"Float64Array","array":[243.964,-6.139,0,0,0,0,1,1,1,1]}},{"__type__":"cc.Node","_name":"huCardNode","_parent":{"__id__":1},"_children":[{"__id__":29},{"__id__":32}],"_prefab":{"__type__":"cc.PrefabInfo","root":{"__id__":1},"asset":{"__uuid__":"ac8L+YNLhDNIa4MgsWSpIR"},"fileId":"76nTeVHe1Fare4nCNNuTyN"},"_contentSize":{"__type__":"cc.Size","width":34,"height":199},"_anchorPoint":{"__type__":"cc.Vec2","x":0.5},"_trs":{"__type__":"TypedArray","ctor":"Float64Array","array":[204.039,-113.393,0,0,0,0,1,1,1,1]}},{"__type__":"cc.Node","_name":"huCard","_parent":{"__id__":28},"_children":[{"__id__":30},{"__id__":31}],"_components":[{"__type__":"cc.Sprite","node":{"__id__":29},"_materials":[{"__uuid__":"ecpdLyjvZBwrvm+cedCcQy"}]}],"_prefab":{"__type__":"cc.PrefabInfo","root":{"__id__":1},"asset":{"__uuid__":"ac8L+YNLhDNIa4MgsWSpIR"},"fileId":"cdeedcDqRNNYg9La/A+u63"},"_contentSize":{"__type__":"cc.Size","width":113,"height":113},"_trs":{"__type__":"TypedArray","ctor":"Float64Array","array":[0,43.473,0,0,0,0,1,0.27,0.27,0.27]}},{"__type__":"cc.Node","_name":"zi","_parent":{"__id__":29},"_components":[{"__type__":"cc.Sprite","node":{"__id__":30},"_materials":[{"__uuid__":"ecpdLyjvZBwrvm+cedCcQy"}],"_sizeMode":0,"_isTrimmedMode":false}],"_prefab":{"__type__":"cc.PrefabInfo","root":{"__id__":1},"asset":{"__uuid__":"ac8L+YNLhDNIa4MgsWSpIR"},"fileId":"95KzylWpJKTre3GY4Wcsto"},"_contentSize":{"__type__":"cc.Size","width":47,"height":50},"_trs":{"__type__":"TypedArray","ctor":"Float64Array","array":[0,0,0,0,0,0,1,1,1,1]}},{"__type__":"cc.Node","_name":"tip_hu","_parent":{"__id__":29},"_components":[{"__type__":"cc.Sprite","node":{"__id__":31},"_materials":[{"__uuid__":"ecpdLyjvZBwrvm+cedCcQy"}],"_sizeMode":0}],"_prefab":{"__type__":"cc.PrefabInfo","root":{"__id__":1},"asset":{"__uuid__":"ac8L+YNLhDNIa4MgsWSpIR"},"fileId":"47G7d9kKhCoYV0g5CWkyne"},"_contentSize":{"__type__":"cc.Size","width":47,"height":50},"_trs":{"__type__":"TypedArray","ctor":"Float64Array","array":[0,0,0,0,0,0,1,1,1,1]}},{"__type__":"cc.Node","_name":"lb_cardType","_parent":{"__id__":28},"_components":[{"__type__":"cc.Label","node":{"__id__":32},"_materials":[{"__uuid__":"ecpdLyjvZBwrvm+cedCcQy"}],"_useOriginalSize":false,"_string":"胡","_N$string":"胡","_fontSize":21,"_lineHeight":22,"_isSystemFontUsed":false,"_N$horizontalAlign":1,"_N$verticalAlign":1}],"_prefab":{"__type__":"cc.PrefabInfo","root":{"__id__":1},"asset":{"__uuid__":"ac8L+YNLhDNIa4MgsWSpIR"},"fileId":"e0zvA2BZFBu6jxFfHvw4rz"},"_color":{"__type__":"cc.Color","r":112,"g":68,"b":42},"_contentSize":{"__type__":"cc.Size","width":21,"height":27.72},"_trs":{"__type__":"TypedArray","ctor":"Float64Array","array":[0,16.738,0,0,0,0,1,1,1,1]}},{"__type__":"cc.Node","_name":"jinCardNodeList","_parent":{"__id__":1},"_children":[{"__id__":34},{"__id__":37},{"__id__":38}],"_prefab":{"__type__":"cc.PrefabInfo","root":{"__id__":1},"asset":{"__uuid__":"ac8L+YNLhDNIa4MgsWSpIR"},"fileId":"2e3d/5qU5ET6NvQx5NxZyz"},"_contentSize":{"__type__":"cc.Size","width":34,"height":199},"_anchorPoint":{"__type__":"cc.Vec2","x":0.5},"_trs":{"__type__":"TypedArray","ctor":"Float64Array","array":[245.242,-113.393,0,0,0,0,1,1,1,1]}},{"__type__":"cc.Node","_name":"card1","_parent":{"__id__":33},"_children":[{"__id__":35},{"__id__":36}],"_components":[{"__type__":"cc.Sprite","node":{"__id__":34},"_materials":[{"__uuid__":"ecpdLyjvZBwrvm+cedCcQy"}]}],"_prefab":{"__type__":"cc.PrefabInfo","root":{"__id__":1},"asset":{"__uuid__":"ac8L+YNLhDNIa4MgsWSpIR"},"fileId":"depPGNI2JESYMZTsbLt7na"},"_contentSize":{"__type__":"cc.Size","width":113,"height":113},"_trs":{"__type__":"TypedArray","ctor":"Float64Array","array":[0,138.536,0,0,0,0,1,0.19,0.19,1]}},{"__type__":"cc.Node","_name":"zi","_parent":{"__id__":34},"_components":[{"__type__":"cc.Sprite","node":{"__id__":35},"_materials":[{"__uuid__":"ecpdLyjvZBwrvm+cedCcQy"}],"_sizeMode":0,"_isTrimmedMode":false}],"_prefab":{"__type__":"cc.PrefabInfo","root":{"__id__":1},"asset":{"__uuid__":"ac8L+YNLhDNIa4MgsWSpIR"},"fileId":"8cDtNYGQdMBp9dRjjsI1hC"},"_contentSize":{"__type__":"cc.Size","width":47,"height":50},"_trs":{"__type__":"TypedArray","ctor":"Float64Array","array":[0,0,0,0,0,0,1,1,1,1]}},{"__type__":"cc.Node","_name":"tip_hu","_parent":{"__id__":34},"_active":false,"_components":[{"__type__":"cc.Sprite","node":{"__id__":36},"_materials":[{"__uuid__":"ecpdLyjvZBwrvm+cedCcQy"}],"_sizeMode":0}],"_prefab":{"__type__":"cc.PrefabInfo","root":{"__id__":1},"asset":{"__uuid__":"ac8L+YNLhDNIa4MgsWSpIR"},"fileId":"69R/96RM5Jz7sX2xdx0rYp"},"_contentSize":{"__type__":"cc.Size","width":47,"height":50},"_trs":{"__type__":"TypedArray","ctor":"Float64Array","array":[0,0,0,0,0,0,1,1,1,1]}},{"__type__":"cc.Node","_name":"cardList","_parent":{"__id__":33},"_components":[{"__type__":"cc.Layout","node":{"__id__":37},"_layoutSize":{"__type__":"cc.Size","width":42.94,"height":100},"_resize":1,"_N$layoutType":3,"_N$startAxis":1,"_N$verticalDirection":0,"_N$affectedByScale":true}],"_prefab":{"__type__":"cc.PrefabInfo","root":{"__id__":1},"asset":{"__uuid__":"ac8L+YNLhDNIa4MgsWSpIR"},"fileId":"ffJMaUb9RLOKlANcXjoY3K"},"_contentSize":{"__type__":"cc.Size","width":42.94,"height":100},"_anchorPoint":{"__type__":"cc.Vec2"},"_trs":{"__type__":"TypedArray","ctor":"Float64Array","array":[-10.282,25.924,0,0,0,0,1,1,1,1]}},{"__type__":"cc.Node","_name":"lb_cardType","_parent":{"__id__":33},"_components":[{"__type__":"cc.Label","node":{"__id__":38},"_materials":[{"__uuid__":"ecpdLyjvZBwrvm+cedCcQy"}],"_useOriginalSize":false,"_string":"精","_N$string":"精","_fontSize":21,"_lineHeight":22,"_isSystemFontUsed":false,"_N$horizontalAlign":1,"_N$verticalAlign":1}],"_prefab":{"__type__":"cc.PrefabInfo","root":{"__id__":1},"asset":{"__uuid__":"ac8L+YNLhDNIa4MgsWSpIR"},"fileId":"0atZA1dWJLcYIdV3W2mmUX"},"_color":{"__type__":"cc.Color","r":112,"g":68,"b":42},"_contentSize":{"__type__":"cc.Size","width":21,"height":27.72},"_trs":{"__type__":"TypedArray","ctor":"Float64Array","array":[0,16.738,0,0,0,0,1,1,1,1]}},{"__type__":"cc.Node","_name":"demo_you","_parent":{"__id__":1},"_children":[{"__id__":40},{"__id__":57},{"__id__":58}],"_active":false,"_prefab":{"__type__":"cc.PrefabInfo","root":{"__id__":1},"asset":{"__uuid__":"ac8L+YNLhDNIa4MgsWSpIR"},"fileId":"a9FZo8NI5AcLv6rb96cPAQ"},"_contentSize":{"__type__":"cc.Size","width":20,"height":99},"_anchorPoint":{"__type__":"cc.Vec2","x":0.5,"y":1},"_trs":{"__type__":"TypedArray","ctor":"Float64Array","array":[0,67.043,0,0,0,0,1,1,1,1]}},{"__type__":"cc.Node","_name":"layoutpai","_parent":{"__id__":39},"_children":[{"__id__":41},{"__id__":45},{"__id__":49},{"__id__":53}],"_components":[{"__type__":"cc.Layout","node":{"__id__":40},"_layoutSize":{"__type__":"cc.Size","width":35,"height":136},"_resize":1,"_N$layoutType":2,"_N$spacingY":-4,"_N$affectedByScale":true}],"_prefab":{"__type__":"cc.PrefabInfo","root":{"__id__":1},"asset":{"__uuid__":"ac8L+YNLhDNIa4MgsWSpIR"},"fileId":"4c5A7tmadFEo6fgB6ZL/mt"},"_contentSize":{"__type__":"cc.Size","width":35,"height":136},"_anchorPoint":{"__type__":"cc.Vec2","x":0.5,"y":1},"_trs":{"__type__":"TypedArray","ctor":"Float64Array","array":[0,0,0,0,0,0,1,0.6,0.6,1]}},{"__type__":"cc.Node","_name":"card1","_parent":{"__id__":40},"_children":[{"__id__":42},{"__id__":43},{"__id__":44}],"_components":[{"__type__":"cc.Sprite","node":{"__id__":41},"_materials":[{"__uuid__":"ecpdLyjvZBwrvm+cedCcQy"}],"_spriteFrame":{"__uuid__":"c7qD3SwTxDqKDQG9mYUTRr"},"_sizeMode":0}],"_prefab":{"__type__":"cc.PrefabInfo","root":{"__id__":1},"asset":{"__uuid__":"ac8L+YNLhDNIa4MgsWSpIR"},"fileId":"8bBBi33OdEZahsu/9ISpTA"},"_contentSize":{"__type__":"cc.Size","width":35,"height":37},"_trs":{"__type__":"TypedArray","ctor":"Float64Array","array":[0,-18.5,0,0,0,0,1,1,1,1]}},{"__type__":"cc.Node","_name":"dian","_parent":{"__id__":41},"_components":[{"__type__":"cc.Sprite","node":{"__id__":42},"_materials":[{"__uuid__":"ecpdLyjvZBwrvm+cedCcQy"}],"_sizeMode":0,"_isTrimmedMode":false}],"_prefab":{"__type__":"cc.PrefabInfo","root":{"__id__":1},"asset":{"__uuid__":"ac8L+YNLhDNIa4MgsWSpIR"},"fileId":"b1Mh8uEdtBwZfU1cjTN7vr"},"_contentSize":{"__type__":"cc.Size","width":35,"height":37},"_trs":{"__type__":"TypedArray","ctor":"Float64Array","array":[0,0,0,0,0,0,1,1,1,1]}},{"__type__":"cc.Node","_name":"hua","_parent":{"__id__":41},"_components":[{"__type__":"cc.Sprite","node":{"__id__":43},"_materials":[{"__uuid__":"ecpdLyjvZBwrvm+cedCcQy"}],"_sizeMode":2,"_isTrimmedMode":false}],"_prefab":{"__type__":"cc.PrefabInfo","root":{"__id__":1},"asset":{"__uuid__":"ac8L+YNLhDNIa4MgsWSpIR"},"fileId":"66ecEgQsFCOL97r48pnKUb"},"_contentSize":{"__type__":"cc.Size","width":35,"height":37},"_trs":{"__type__":"TypedArray","ctor":"Float64Array","array":[0,0,0,0,0,0,1,1,1,1]}},{"__type__":"cc.Node","_name":"tip_hu","_parent":{"__id__":41},"_active":false,"_components":[{"__type__":"cc.Sprite","node":{"__id__":44},"_materials":[{"__uuid__":"ecpdLyjvZBwrvm+cedCcQy"}],"_spriteFrame":{"__uuid__":"17phCz9DBInal6j7Z7peDH"}}],"_prefab":{"__type__":"cc.PrefabInfo","root":{"__id__":1},"asset":{"__uuid__":"ac8L+YNLhDNIa4MgsWSpIR"},"fileId":"63ufkHgkBIDo40QDZkdnJW"},"_contentSize":{"__type__":"cc.Size","width":39,"height":41},"_trs":{"__type__":"TypedArray","ctor":"Float64Array","array":[0,0,0,0,0,0,1,1,1,1]}},{"__type__":"cc.Node","_name":"card2","_parent":{"__id__":40},"_children":[{"__id__":46},{"__id__":47},{"__id__":48}],"_components":[{"__type__":"cc.Sprite","node":{"__id__":45},"_materials":[{"__uuid__":"ecpdLyjvZBwrvm+cedCcQy"}],"_spriteFrame":{"__uuid__":"c7qD3SwTxDqKDQG9mYUTRr"},"_sizeMode":0}],"_prefab":{"__type__":"cc.PrefabInfo","root":{"__id__":1},"asset":{"__uuid__":"ac8L+YNLhDNIa4MgsWSpIR"},"fileId":"11JXEhX7RKG57vLACu1UJ7"},"_contentSize":{"__type__":"cc.Size","width":35,"height":37},"_trs":{"__type__":"TypedArray","ctor":"Float64Array","array":[0,-51.5,0,0,0,0,1,1,1,1]}},{"__type__":"cc.Node","_name":"dian","_parent":{"__id__":45},"_components":[{"__type__":"cc.Sprite","node":{"__id__":46},"_materials":[{"__uuid__":"ecpdLyjvZBwrvm+cedCcQy"}],"_sizeMode":0,"_isTrimmedMode":false}],"_prefab":{"__type__":"cc.PrefabInfo","root":{"__id__":1},"asset":{"__uuid__":"ac8L+YNLhDNIa4MgsWSpIR"},"fileId":"f6ixL/YHNNp7jLSI4JhsN5"},"_contentSize":{"__type__":"cc.Size","width":35,"height":37},"_trs":{"__type__":"TypedArray","ctor":"Float64Array","array":[0,0,0,0,0,0,1,1,1,1]}},{"__type__":"cc.Node","_name":"hua","_parent":{"__id__":45},"_components":[{"__type__":"cc.Sprite","node":{"__id__":47},"_materials":[{"__uuid__":"ecpdLyjvZBwrvm+cedCcQy"}],"_sizeMode":2,"_isTrimmedMode":false}],"_prefab":{"__type__":"cc.PrefabInfo","root":{"__id__":1},"asset":{"__uuid__":"ac8L+YNLhDNIa4MgsWSpIR"},"fileId":"ce1GVgeURB+pLMRlFmzF8S"},"_contentSize":{"__type__":"cc.Size","width":35,"height":37},"_trs":{"__type__":"TypedArray","ctor":"Float64Array","array":[0,0,0,0,0,0,1,1,1,1]}},{"__type__":"cc.Node","_name":"tip_hu","_parent":{"__id__":45},"_active":false,"_components":[{"__type__":"cc.Sprite","node":{"__id__":48},"_materials":[{"__uuid__":"ecpdLyjvZBwrvm+cedCcQy"}],"_spriteFrame":{"__uuid__":"17phCz9DBInal6j7Z7peDH"}}],"_prefab":{"__type__":"cc.PrefabInfo","root":{"__id__":1},"asset":{"__uuid__":"ac8L+YNLhDNIa4MgsWSpIR"},"fileId":"286ZurQAdMC5oNLtQmnILZ"},"_contentSize":{"__type__":"cc.Size","width":39,"height":41},"_trs":{"__type__":"TypedArray","ctor":"Float64Array","array":[0,0,0,0,0,0,1,1,1,1]}},{"__type__":"cc.Node","_name":"card3","_parent":{"__id__":40},"_children":[{"__id__":50},{"__id__":51},{"__id__":52}],"_components":[{"__type__":"cc.Sprite","node":{"__id__":49},"_materials":[{"__uuid__":"ecpdLyjvZBwrvm+cedCcQy"}],"_spriteFrame":{"__uuid__":"c7qD3SwTxDqKDQG9mYUTRr"},"_sizeMode":0}],"_prefab":{"__type__":"cc.PrefabInfo","root":{"__id__":1},"asset":{"__uuid__":"ac8L+YNLhDNIa4MgsWSpIR"},"fileId":"84EA4gYE9ALo5r6m8q3WyN"},"_contentSize":{"__type__":"cc.Size","width":35,"height":37},"_trs":{"__type__":"TypedArray","ctor":"Float64Array","array":[0,-84.5,0,0,0,0,1,1,1,1]}},{"__type__":"cc.Node","_name":"dian","_parent":{"__id__":49},"_components":[{"__type__":"cc.Sprite","node":{"__id__":50},"_materials":[{"__uuid__":"ecpdLyjvZBwrvm+cedCcQy"}],"_sizeMode":0,"_isTrimmedMode":false}],"_prefab":{"__type__":"cc.PrefabInfo","root":{"__id__":1},"asset":{"__uuid__":"ac8L+YNLhDNIa4MgsWSpIR"},"fileId":"dbfjUerD1ATpnEyw9fn3el"},"_contentSize":{"__type__":"cc.Size","width":35,"height":37},"_trs":{"__type__":"TypedArray","ctor":"Float64Array","array":[0,0,0,0,0,0,1,1,1,1]}},{"__type__":"cc.Node","_name":"hua","_parent":{"__id__":49},"_components":[{"__type__":"cc.Sprite","node":{"__id__":51},"_materials":[{"__uuid__":"ecpdLyjvZBwrvm+cedCcQy"}],"_sizeMode":2,"_isTrimmedMode":false}],"_prefab":{"__type__":"cc.PrefabInfo","root":{"__id__":1},"asset":{"__uuid__":"ac8L+YNLhDNIa4MgsWSpIR"},"fileId":"8bI2FKU0JPW6fCrOYGfzDa"},"_contentSize":{"__type__":"cc.Size","width":35,"height":37},"_trs":{"__type__":"TypedArray","ctor":"Float64Array","array":[0,0,0,0,0,0,1,1,1,1]}},{"__type__":"cc.Node","_name":"tip_hu","_parent":{"__id__":49},"_active":false,"_components":[{"__type__":"cc.Sprite","node":{"__id__":52},"_materials":[{"__uuid__":"ecpdLyjvZBwrvm+cedCcQy"}],"_spriteFrame":{"__uuid__":"17phCz9DBInal6j7Z7peDH"}}],"_prefab":{"__type__":"cc.PrefabInfo","root":{"__id__":1},"asset":{"__uuid__":"ac8L+YNLhDNIa4MgsWSpIR"},"fileId":"15crvfNbxHdo8FPaXoJIa5"},"_contentSize":{"__type__":"cc.Size","width":39,"height":41},"_trs":{"__type__":"TypedArray","ctor":"Float64Array","array":[0,0,0,0,0,0,1,1,1,1]}},{"__type__":"cc.Node","_name":"card4","_parent":{"__id__":40},"_children":[{"__id__":54},{"__id__":55},{"__id__":56}],"_components":[{"__type__":"cc.Sprite","node":{"__id__":53},"_materials":[{"__uuid__":"ecpdLyjvZBwrvm+cedCcQy"}],"_spriteFrame":{"__uuid__":"c7qD3SwTxDqKDQG9mYUTRr"},"_sizeMode":0}],"_prefab":{"__type__":"cc.PrefabInfo","root":{"__id__":1},"asset":{"__uuid__":"ac8L+YNLhDNIa4MgsWSpIR"},"fileId":"29w9CpKWBGGpkwBQkox8ee"},"_contentSize":{"__type__":"cc.Size","width":35,"height":37},"_trs":{"__type__":"TypedArray","ctor":"Float64Array","array":[0,-117.5,0,0,0,0,1,1,1,1]}},{"__type__":"cc.Node","_name":"dian","_parent":{"__id__":53},"_components":[{"__type__":"cc.Sprite","node":{"__id__":54},"_materials":[{"__uuid__":"ecpdLyjvZBwrvm+cedCcQy"}],"_sizeMode":0,"_isTrimmedMode":false}],"_prefab":{"__type__":"cc.PrefabInfo","root":{"__id__":1},"asset":{"__uuid__":"ac8L+YNLhDNIa4MgsWSpIR"},"fileId":"d1RHW4Ss9Kc6LKfh1qIoIh"},"_contentSize":{"__type__":"cc.Size","width":35,"height":37},"_trs":{"__type__":"TypedArray","ctor":"Float64Array","array":[0,0,0,0,0,0,1,1,1,1]}},{"__type__":"cc.Node","_name":"hua","_parent":{"__id__":53},"_components":[{"__type__":"cc.Sprite","node":{"__id__":55},"_materials":[{"__uuid__":"ecpdLyjvZBwrvm+cedCcQy"}],"_sizeMode":2,"_isTrimmedMode":false}],"_prefab":{"__type__":"cc.PrefabInfo","root":{"__id__":1},"asset":{"__uuid__":"ac8L+YNLhDNIa4MgsWSpIR"},"fileId":"35j/TTqZBFeJ7OomPBLaWu"},"_contentSize":{"__type__":"cc.Size","width":35,"height":37},"_trs":{"__type__":"TypedArray","ctor":"Float64Array","array":[0,0,0,0,0,0,1,1,1,1]}},{"__type__":"cc.Node","_name":"tip_hu","_parent":{"__id__":53},"_active":false,"_components":[{"__type__":"cc.Sprite","node":{"__id__":56},"_materials":[{"__uuid__":"ecpdLyjvZBwrvm+cedCcQy"}],"_spriteFrame":{"__uuid__":"17phCz9DBInal6j7Z7peDH"}}],"_prefab":{"__type__":"cc.PrefabInfo","root":{"__id__":1},"asset":{"__uuid__":"ac8L+YNLhDNIa4MgsWSpIR"},"fileId":"75RnmrqftOB4kEELDxvQFT"},"_contentSize":{"__type__":"cc.Size","width":39,"height":41},"_trs":{"__type__":"TypedArray","ctor":"Float64Array","array":[0,0,0,0,0,0,1,1,1,1]}},{"__type__":"cc.Node","_name":"lb_optype","_parent":{"__id__":39},"_active":false,"_components":[{"__type__":"cc.Label","node":{"__id__":57},"_materials":[{"__uuid__":"ecpdLyjvZBwrvm+cedCcQy"}],"_useOriginalSize":false,"_string":"碰","_N$string":"碰","_fontSize":20,"_lineHeight":22,"_N$file":{"__uuid__":"5f5wQekV1CGpJW2meZozWn"},"_isSystemFontUsed":false,"_N$horizontalAlign":1,"_N$verticalAlign":1},{"__type__":"cc.LabelOutline","node":{"__id__":57},"_color":{"__type__":"cc.Color","r":160,"g":41,"b":5},"_width":2}],"_prefab":{"__type__":"cc.PrefabInfo","root":{"__id__":1},"asset":{"__uuid__":"ac8L+YNLhDNIa4MgsWSpIR"},"fileId":"48rsbUSEBH3bAJa+P0+Pt4"},"_color":{"__type__":"cc.Color","r":252,"g":251,"b":250},"_contentSize":{"__type__":"cc.Size","width":24,"height":31.72},"_trs":{"__type__":"TypedArray","ctor":"Float64Array","array":[0,11.708,0,0,0,0,1,1,1,1]}},{"__type__":"cc.Node","_name":"lb_you","_parent":{"__id__":39},"_components":[{"__type__":"cc.Label","node":{"__id__":58},"_materials":[{"__uuid__":"ecpdLyjvZBwrvm+cedCcQy"}],"_useOriginalSize":false,"_string":"8","_N$string":"8","_fontSize":20,"_lineHeight":24,"_N$file":{"__uuid__":"5f5wQekV1CGpJW2meZozWn"},"_isSystemFontUsed":false,"_N$horizontalAlign":1,"_N$verticalAlign":1}],"_prefab":{"__type__":"cc.PrefabInfo","root":{"__id__":1},"asset":{"__uuid__":"ac8L+YNLhDNIa4MgsWSpIR"},"fileId":"bbcyZ6dcpNpYahpCzA214O"},"_color":{"__type__":"cc.Color","r":247,"g":2,"b":2},"_contentSize":{"__type__":"cc.Size","width":11.41,"height":30.24},"_trs":{"__type__":"TypedArray","ctor":"Float64Array","array":[0,-88.744,0,0,0,0,1,1,1,1]}},{"__type__":"cc.Node","_name":"showcard","_parent":{"__id__":1},"_children":[{"__type__":"cc.Node","_name":"sp_in","_parent":{"__id__":59},"_prefab":{"__type__":"cc.PrefabInfo","root":{"__id__":1},"asset":{"__uuid__":"ac8L+YNLhDNIa4MgsWSpIR"},"fileId":"4fE78ZpYJN3LLgY3VBDJvI"},"_trs":{"__type__":"TypedArray","ctor":"Float64Array","array":[0,0,0,0,0,0,1,1,1,1]}}],"_active":false,"_prefab":{"__type__":"cc.PrefabInfo","root":{"__id__":1},"asset":{"__uuid__":"ac8L+YNLhDNIa4MgsWSpIR"},"fileId":"c7lH9JlUdLAKBTDsujGD6E"},"_trs":{"__type__":"TypedArray","ctor":"Float64Array","array":[0,0,0,0,0,0,1,1,1,1]}},{"__type__":"cc.Node","_name":"downcard","_parent":{"__id__":1},"_children":[{"__type__":"cc.Node","_name":"down01","_parent":{"__id__":60},"_prefab":{"__type__":"cc.PrefabInfo","root":{"__id__":1},"asset":{"__uuid__":"ac8L+YNLhDNIa4MgsWSpIR"},"fileId":"198cUaDfhKKoPbMSOdB4ua"},"_trs":{"__type__":"TypedArray","ctor":"Float64Array","array":[0,0,0,0,0,0,1,1,1,1]}}],"_active":false,"_prefab":{"__type__":"cc.PrefabInfo","root":{"__id__":1},"asset":{"__uuid__":"ac8L+YNLhDNIa4MgsWSpIR"},"fileId":"71lLls769AuaKji2zWiPGb"},"_trs":{"__type__":"TypedArray","ctor":"Float64Array","array":[0,0,0,0,0,0,1,1,1,1]}},{"__type__":"cc.Node","_name":"huacard","_parent":{"__id__":1},"_children":[{"__type__":"cc.Node","_name":"card01","_parent":{"__id__":61},"_prefab":{"__type__":"cc.PrefabInfo","root":{"__id__":1},"asset":{"__uuid__":"ac8L+YNLhDNIa4MgsWSpIR"},"fileId":"48FapYXEtDCoFDkqLMNd5/"},"_trs":{"__type__":"TypedArray","ctor":"Float64Array","array":[0,0,0,0,0,0,1,1,1,1]}}],"_active":false,"_prefab":{"__type__":"cc.PrefabInfo","root":{"__id__":1},"asset":{"__uuid__":"ac8L+YNLhDNIa4MgsWSpIR"},"fileId":"31dPLYb5xGXrST9oB2AWss"},"_trs":{"__type__":"TypedArray","ctor":"Float64Array","array":[0,0,0,0,0,0,1,1,1,1]}},{"__type__":"cc.Node","_name":"demo_pai","_parent":{"__id__":1},"_children":[{"__id__":63},{"__id__":64},{"__id__":65}],"_active":false,"_components":[{"__type__":"cc.Sprite","node":{"__id__":62},"_materials":[{"__uuid__":"ecpdLyjvZBwrvm+cedCcQy"}],"_spriteFrame":{"__uuid__":"c7qD3SwTxDqKDQG9mYUTRr"},"_sizeMode":0}],"_prefab":{"__type__":"cc.PrefabInfo","root":{"__id__":1},"asset":{"__uuid__":"ac8L+YNLhDNIa4MgsWSpIR"},"fileId":"aa+bfZbp5F8JhejdmTkwvJ"},"_contentSize":{"__type__":"cc.Size","width":35,"height":37},"_trs":{"__type__":"TypedArray","ctor":"Float64Array","array":[0,-18.499999999999993,0,0,0,0,1,1,1,1]}},{"__type__":"cc.Node","_name":"dian","_parent":{"__id__":62},"_components":[{"__type__":"cc.Sprite","node":{"__id__":63},"_materials":[{"__uuid__":"ecpdLyjvZBwrvm+cedCcQy"}],"_sizeMode":0,"_isTrimmedMode":false}],"_prefab":{"__type__":"cc.PrefabInfo","root":{"__id__":1},"asset":{"__uuid__":"ac8L+YNLhDNIa4MgsWSpIR"},"fileId":"06ssCYKkpM0rKiDJW7pUAv"},"_contentSize":{"__type__":"cc.Size","width":35,"height":37},"_trs":{"__type__":"TypedArray","ctor":"Float64Array","array":[0,0,0,0,0,0,1,1,1,1]}},{"__type__":"cc.Node","_name":"hua","_parent":{"__id__":62},"_components":[{"__type__":"cc.Sprite","node":{"__id__":64},"_materials":[{"__uuid__":"ecpdLyjvZBwrvm+cedCcQy"}],"_sizeMode":2,"_isTrimmedMode":false}],"_prefab":{"__type__":"cc.PrefabInfo","root":{"__id__":1},"asset":{"__uuid__":"ac8L+YNLhDNIa4MgsWSpIR"},"fileId":"a4hX0/ZVVNWJnVW/xgdFmE"},"_contentSize":{"__type__":"cc.Size","width":35,"height":37},"_trs":{"__type__":"TypedArray","ctor":"Float64Array","array":[0,0,0,0,0,0,1,1,1,1]}},{"__type__":"cc.Node","_name":"tip_hu","_parent":{"__id__":62},"_active":false,"_components":[{"__type__":"cc.Sprite","node":{"__id__":65},"_materials":[{"__uuid__":"ecpdLyjvZBwrvm+cedCcQy"}],"_spriteFrame":{"__uuid__":"17phCz9DBInal6j7Z7peDH"}}],"_prefab":{"__type__":"cc.PrefabInfo","root":{"__id__":1},"asset":{"__uuid__":"ac8L+YNLhDNIa4MgsWSpIR"},"fileId":"569qZDinxP17VlZoaAB2ci"},"_contentSize":{"__type__":"cc.Size","width":39,"height":41},"_trs":{"__type__":"TypedArray","ctor":"Float64Array","array":[0,0,0,0,0,0,1,1,1,1]}},{"__type__":"cc.Node","_name":"demo_huinfo","_parent":{"__id__":1},"_active":false,"_components":[{"__type__":"cc.Label","node":{"__id__":66},"_materials":[{"__uuid__":"ecpdLyjvZBwrvm+cedCcQy"}],"_useOriginalSize":false,"_string":"Label","_N$string":"Label","_fontSize":28,"_lineHeight":28,"_N$file":{"__uuid__":"5f5wQekV1CGpJW2meZozWn"},"_isSystemFontUsed":false,"_N$horizontalAlign":1,"_N$verticalAlign":1,"_N$overflow":2}],"_prefab":{"__type__":"cc.PrefabInfo","root":{"__id__":1},"asset":{"__uuid__":"ac8L+YNLhDNIa4MgsWSpIR"},"fileId":"95865eN81GPpZgoAv/Ky24"},"_color":{"__type__":"cc.Color","r":167,"g":35,"b":1},"_contentSize":{"__type__":"cc.Size","width":200,"height":35.28},"_trs":{"__type__":"TypedArray","ctor":"Float64Array","array":[0,0,0,0,0,0,1,1,1,1]}}],{"__type__":"cc.SpriteFrame","content":{"name":"11","texture":"20mSua8ghMoaW8CLUXny7E","rect":[0,0,113,113],"offset":[0,0],"originalSize":[113,113],"capInsets":[0,0,0,0]}},{"__type__":"cc.SpriteFrame","content":{"name":"bg_poker","texture":"36F5L0CK5HYo4flUY4Mu8K","rect":[0,0,98,112],"offset":[0,0],"originalSize":[98,112],"capInsets":[0,0,0,0]}},{"__type__":"cc.SpriteFrame","content":{"name":"morentouxiang","texture":"25+2wviU5PjJqwhxYK4pp9","rect":[0,0,60,60],"offset":[0,0],"originalSize":[60,60],"capInsets":[0,0,0,0]}}]