[{"__type__":"cc.SpriteFrame","content":{"name":"img_gou02","texture":"41rPwCL6ZF7JgKoHG9kjon","rect":[0,0,42,34],"offset":[0,0],"originalSize":[42,34],"capInsets":[0,0,0,0]}},{"__type__":"cc.SpriteFrame","content":{"name":"img_srk","texture":"4fF0MdCJxNAZIBzGY6bjxs","rect":[0,0,278,53],"offset":[0,0],"originalSize":[278,53],"capInsets":[0,0,0,0]}},{"__type__":"cc.SpriteFrame","content":{"name":"img_zj01_up","texture":"86yg3+i/hKH7v/WB2fbtIj","rect":[0,0,17,14],"offset":[0,0],"originalSize":[17,14],"capInsets":[0,0,0,0]}},{"__type__":"cc.SpriteFrame","content":{"name":"img_gou01","texture":"eaTDaNFAhKa4zv76bFD+Sa","rect":[0,0,32,32],"offset":[0,0],"originalSize":[32,32],"capInsets":[0,0,0,0]}},{"__type__":"cc.SpriteFrame","content":{"name":"btn_green","texture":"65jvX4TYFFG6wc85AH3ulM","rect":[0,0,128,49],"offset":[0,0],"originalSize":[128,49],"capInsets":[0,0,0,0]}},{"__type__":"cc.SpriteFrame","content":{"name":"img_bjl01","texture":"41TswUS/JHD7Tw0jl/qt0O","rect":[0,0,92,99],"offset":[0,0],"originalSize":[92,99],"capInsets":[17,20,15,18]}},[{"__type__":"cc.Prefab","_name":"UIClubUserMessage","data":{"__id__":1}},{"__type__":"cc.Node","_name":"UIClubUserMessage","_children":[{"__id__":2},{"__id__":3},{"__id__":6},{"__id__":15},{"__id__":23},{"__id__":24},{"__id__":53},{"__id__":65},{"__id__":73},{"__id__":78},{"__id__":79}],"_components":[{"__type__":"cc.Button","node":{"__id__":1},"clickEvents":[{"__type__":"cc.ClickEvent","target":{"__id__":1},"_componentId":"bf2222UdB9NIrs8VX6Q1rDj","handler":"OnClick_Form"}],"_N$normalColor":{"__type__":"cc.Color","r":214,"g":214,"b":214},"_N$target":{"__id__":1}},{"__type__":"cc.Widget","node":{"__id__":1},"_alignFlags":45,"_left":-100,"_right":-100,"_originalWidth":1360,"_originalHeight":760},{"__type__":"d61ddKhQw1Ng7YSQhXj9itq","node":{"__id__":1},"ZorderLv":9,"jiantouSprite":[{"__uuid__":"1dMOnIrIVBCoI2sbpr1j41"},{"__uuid__":"a0q3+WOR1OGaCJCRYbKV2U"}]}],"_prefab":{"__type__":"cc.PrefabInfo","root":{"__id__":1},"asset":{"__uuid__":"53M2jbstpEqL4zQ67aeDE6"},"fileId":"890eeRofAFPfK3l85wiThmz"},"_contentSize":{"__type__":"cc.Size","width":1560,"height":760},"_trs":{"__type__":"TypedArray","ctor":"Float64Array","array":[680,380,0,0,0,0,1,1,1,1]}},{"__type__":"cc.Node","_name":"bg_bottom_popup","_parent":{"__id__":1},"_components":[{"__type__":"cc.Sprite","node":{"__id__":2},"_materials":[{"__uuid__":"ecpdLyjvZBwrvm+cedCcQy"}],"_spriteFrame":{"__uuid__":"86Zf39gLpJiYJ0+npxhZ2d"},"_type":1,"_sizeMode":0},{"__type__":"cc.Widget","node":{"__id__":2},"_alignFlags":45,"_originalWidth":1750,"_originalHeight":760}],"_prefab":{"__type__":"cc.PrefabInfo","root":{"__id__":1},"asset":{"__uuid__":"53M2jbstpEqL4zQ67aeDE6"},"fileId":"393a55jiu9OMYrhLYH2Ifn/"},"_contentSize":{"__type__":"cc.Size","width":1560,"height":760},"_trs":{"__type__":"TypedArray","ctor":"Float64Array","array":[0,0,0,0,0,0,1,1,1,1]}},{"__type__":"cc.Node","_name":"bg_create","_parent":{"__id__":1},"_children":[{"__id__":4},{"__id__":5}],"_components":[{"__type__":"cc.Sprite","node":{"__id__":3},"_materials":[{"__uuid__":"ecpdLyjvZBwrvm+cedCcQy"}],"_spriteFrame":{"__uuid__":"4dmV2TsRRDvowHdcn9hFqz"},"_type":1,"_sizeMode":0}],"_prefab":{"__type__":"cc.PrefabInfo","root":{"__id__":1},"asset":{"__uuid__":"53M2jbstpEqL4zQ67aeDE6"},"fileId":"3fa7fpTmrBJ54bcqtwDALyg"},"_contentSize":{"__type__":"cc.Size","width":1266,"height":692},"_trs":{"__type__":"TypedArray","ctor":"Float64Array","array":[0,-1,0,0,0,0,1,1,1,1]}},{"__type__":"cc.Node","_name":"img_bjl02","_parent":{"__id__":3},"_components":[{"__type__":"cc.Sprite","node":{"__id__":4},"_materials":[{"__uuid__":"ecpdLyjvZBwrvm+cedCcQy"}],"_spriteFrame":{"__uuid__":"6buWAW4IhOY54kvnu/uV0O"},"_type":1,"_sizeMode":0}],"_prefab":{"__type__":"cc.PrefabInfo","root":{"__id__":1},"asset":{"__uuid__":"53M2jbstpEqL4zQ67aeDE6"},"fileId":"af3WR9pjJIXoH7CbglNKFq"},"_contentSize":{"__type__":"cc.Size","width":1250,"height":660},"_trs":{"__type__":"TypedArray","ctor":"Float64Array","array":[0,0,0,0,0,0,1,1,1,1]}},{"__type__":"cc.Node","_name":"btn_close","_parent":{"__id__":3},"_components":[{"__type__":"cc.Sprite","node":{"__id__":5},"_materials":[{"__uuid__":"ecpdLyjvZBwrvm+cedCcQy"}],"_spriteFrame":{"__uuid__":"d9ZhflMOxHW7JHl9dya866"},"_type":1},{"__type__":"cc.Button","node":{"__id__":5},"zoomScale":0.9,"clickEvents":[{"__type__":"cc.ClickEvent","target":{"__id__":1},"_componentId":"d61ddKhQw1Ng7YSQhXj9itq","handler":"OnClick_BtnWnd"}],"_N$transition":3,"transition":3,"_N$normalColor":{"__type__":"cc.Color","r":214,"g":214,"b":214},"_N$target":{"__id__":5}}],"_prefab":{"__type__":"cc.PrefabInfo","root":{"__id__":1},"asset":{"__uuid__":"53M2jbstpEqL4zQ67aeDE6"},"fileId":"20e26NzNGJKXZGpaxuzOfq5"},"_contentSize":{"__type__":"cc.Size","width":79,"height":80},"_trs":{"__type__":"TypedArray","ctor":"Float64Array","array":[624,329,0,0,0,0,1,1,1,1]}},{"__type__":"cc.Node","_name":"demo","_parent":{"__id__":1},"_children":[{"__id__":7},{"__id__":8},{"__id__":14}],"_active":false,"_prefab":{"__type__":"cc.PrefabInfo","root":{"__id__":1},"asset":{"__uuid__":"53M2jbstpEqL4zQ67aeDE6"},"fileId":"9770ZQv09BDK553h2jQgiU"},"_contentSize":{"__type__":"cc.Size","width":1100,"height":90},"_trs":{"__type__":"TypedArray","ctor":"Float64Array","array":[0,0,0,0,0,0,1,1,1,1]}},{"__type__":"cc.Node","_name":"img_tiaowen01","_parent":{"__id__":6},"_components":[{"__type__":"cc.Sprite","node":{"__id__":7},"_spriteFrame":{"__uuid__":"868MUC+T9JIKzfugjS3Hwm"},"_type":1,"_sizeMode":0},{"__type__":"cc.Widget","node":{"__id__":7},"_alignFlags":45,"_originalWidth":40,"_originalHeight":40}],"_prefab":{"__type__":"cc.PrefabInfo","root":{"__id__":1},"asset":{"__uuid__":"53M2jbstpEqL4zQ67aeDE6"},"fileId":"78SAENAxBFSpNLAzo3AhM/"},"_contentSize":{"__type__":"cc.Size","width":1100,"height":90},"_trs":{"__type__":"TypedArray","ctor":"Float64Array","array":[0,0,0,0,0,0,1,1,1,1]}},{"__type__":"cc.Node","_name":"lb_message","_parent":{"__id__":6},"_children":[{"__id__":9},{"__id__":10},{"__id__":11},{"__id__":12},{"__id__":13}],"_components":[{"__type__":"cc.RichText","node":{"__id__":8},"_isSystemFontUsed":false,"_N$string":"玩家<color=#67b619>玩家昵称八个字</c><color=#e94817>创建</color>了赛事<color=#67b619>赛事名称</c>","_N$fontSize":24,"_N$font":{"__uuid__":"5f5wQekV1CGpJW2meZozWn"},"_N$maxWidth":800,"_N$lineHeight":30}],"_prefab":{"__type__":"cc.PrefabInfo","root":{"__id__":1},"asset":{"__uuid__":"53M2jbstpEqL4zQ67aeDE6"},"fileId":"4ctGETwQlG8KCPsB9za13h"},"_color":{"__type__":"cc.Color","r":112,"g":93,"b":82},"_contentSize":{"__type__":"cc.Size","width":800,"height":30},"_anchorPoint":{"__type__":"cc.Vec2","y":0.5},"_trs":{"__type__":"TypedArray","ctor":"Float64Array","array":[-509,0,0,0,0,0,1,1,1,1]}},{"__type__":"cc.PrivateNode","_name":"RICHTEXT_CHILD","_parent":{"__id__":8},"_active":false,"_components":[{"__type__":"cc.Label","node":{"__id__":9},"_string":"玩家","_N$string":"玩家","_fontSize":24,"_lineHeight":30,"_N$file":{"__uuid__":"5f5wQekV1CGpJW2meZozWn"},"_isSystemFontUsed":false,"_N$verticalAlign":1}],"_prefab":{"__type__":"cc.PrefabInfo","root":{"__id__":1},"asset":{"__uuid__":"53M2jbstpEqL4zQ67aeDE6"},"fileId":"afOc2uNm9LFrKQLxsAf3Y9"},"_color":{"__type__":"cc.Color","r":112,"g":93,"b":82},"_contentSize":{"__type__":"cc.Size","width":48,"height":30},"_anchorPoint":{"__type__":"cc.Vec2"},"_position":{"__type__":"cc.Vec3","y":-15},"_scale":{"__type__":"cc.Vec3","x":1,"y":1,"z":1},"_trs":{"__type__":"TypedArray","ctor":"Float64Array","array":[0,0,0,0,0,0,1,1,1,1]},"_zIndex":-32768},{"__type__":"cc.PrivateNode","_name":"RICHTEXT_CHILD","_parent":{"__id__":8},"_active":false,"_components":[{"__type__":"cc.Label","node":{"__id__":10},"_string":"玩家昵称八个字","_N$string":"玩家昵称八个字","_fontSize":24,"_lineHeight":30,"_N$file":{"__uuid__":"5f5wQekV1CGpJW2meZozWn"},"_isSystemFontUsed":false,"_N$verticalAlign":1}],"_prefab":{"__type__":"cc.PrefabInfo","root":{"__id__":1},"asset":{"__uuid__":"53M2jbstpEqL4zQ67aeDE6"},"fileId":"62cGdCw+9KuY2uOL+LjOtT"},"_color":{"__type__":"cc.Color","r":103,"g":182,"b":25},"_contentSize":{"__type__":"cc.Size","width":168,"height":30},"_anchorPoint":{"__type__":"cc.Vec2"},"_position":{"__type__":"cc.Vec3","x":48,"y":-15},"_scale":{"__type__":"cc.Vec3","x":1,"y":1,"z":1},"_trs":{"__type__":"TypedArray","ctor":"Float64Array","array":[0,0,0,0,0,0,1,1,1,1]},"_zIndex":-32768},{"__type__":"cc.PrivateNode","_name":"RICHTEXT_CHILD","_parent":{"__id__":8},"_active":false,"_components":[{"__type__":"cc.Label","node":{"__id__":11},"_string":"创建","_N$string":"创建","_fontSize":24,"_lineHeight":30,"_N$file":{"__uuid__":"5f5wQekV1CGpJW2meZozWn"},"_isSystemFontUsed":false,"_N$verticalAlign":1}],"_prefab":{"__type__":"cc.PrefabInfo","root":{"__id__":1},"asset":{"__uuid__":"53M2jbstpEqL4zQ67aeDE6"},"fileId":"a1Sivru7FI743JjGqqawr5"},"_color":{"__type__":"cc.Color","r":233,"g":72,"b":23},"_contentSize":{"__type__":"cc.Size","width":48,"height":30},"_anchorPoint":{"__type__":"cc.Vec2"},"_position":{"__type__":"cc.Vec3","x":216,"y":-15},"_scale":{"__type__":"cc.Vec3","x":1,"y":1,"z":1},"_trs":{"__type__":"TypedArray","ctor":"Float64Array","array":[0,0,0,0,0,0,1,1,1,1]},"_zIndex":-32768},{"__type__":"cc.PrivateNode","_name":"RICHTEXT_CHILD","_parent":{"__id__":8},"_active":false,"_components":[{"__type__":"cc.Label","node":{"__id__":12},"_string":"了赛事","_N$string":"了赛事","_fontSize":24,"_lineHeight":30,"_N$file":{"__uuid__":"5f5wQekV1CGpJW2meZozWn"},"_isSystemFontUsed":false,"_N$verticalAlign":1}],"_prefab":{"__type__":"cc.PrefabInfo","root":{"__id__":1},"asset":{"__uuid__":"53M2jbstpEqL4zQ67aeDE6"},"fileId":"31f8NVEaNEJJj9/Qdh6Sr9"},"_color":{"__type__":"cc.Color","r":112,"g":93,"b":82},"_contentSize":{"__type__":"cc.Size","width":72,"height":30},"_anchorPoint":{"__type__":"cc.Vec2"},"_position":{"__type__":"cc.Vec3","x":264,"y":-15},"_scale":{"__type__":"cc.Vec3","x":1,"y":1,"z":1},"_trs":{"__type__":"TypedArray","ctor":"Float64Array","array":[0,0,0,0,0,0,1,1,1,1]},"_zIndex":-32768},{"__type__":"cc.PrivateNode","_name":"RICHTEXT_CHILD","_parent":{"__id__":8},"_active":false,"_components":[{"__type__":"cc.Label","node":{"__id__":13},"_string":"赛事名称","_N$string":"赛事名称","_fontSize":24,"_lineHeight":30,"_N$file":{"__uuid__":"5f5wQekV1CGpJW2meZozWn"},"_isSystemFontUsed":false,"_N$verticalAlign":1}],"_prefab":{"__type__":"cc.PrefabInfo","root":{"__id__":1},"asset":{"__uuid__":"53M2jbstpEqL4zQ67aeDE6"},"fileId":"80dvruzAhOp4nIJKy3Apco"},"_color":{"__type__":"cc.Color","r":103,"g":182,"b":25},"_contentSize":{"__type__":"cc.Size","width":96,"height":30},"_anchorPoint":{"__type__":"cc.Vec2"},"_position":{"__type__":"cc.Vec3","x":336,"y":-15},"_scale":{"__type__":"cc.Vec3","x":1,"y":1,"z":1},"_trs":{"__type__":"TypedArray","ctor":"Float64Array","array":[0,0,0,0,0,0,1,1,1,1]},"_zIndex":-32768},{"__type__":"cc.Node","_name":"lb_time","_parent":{"__id__":6},"_components":[{"__type__":"cc.Label","node":{"__id__":14},"_useOriginalSize":false,"_string":"2019-11-12 12:12:12","_N$string":"2019-11-12 12:12:12","_fontSize":24,"_lineHeight":30,"_enableWrapText":false,"_N$file":{"__uuid__":"5f5wQekV1CGpJW2meZozWn"},"_isSystemFontUsed":false,"_N$horizontalAlign":2,"_N$verticalAlign":1}],"_prefab":{"__type__":"cc.PrefabInfo","root":{"__id__":1},"asset":{"__uuid__":"53M2jbstpEqL4zQ67aeDE6"},"fileId":"62qhHez+JDFqiWiPNwGO+Y"},"_color":{"__type__":"cc.Color","r":112,"g":93,"b":82},"_contentSize":{"__type__":"cc.Size","width":205.31,"height":30},"_anchorPoint":{"__type__":"cc.Vec2","x":1,"y":0.5},"_trs":{"__type__":"TypedArray","ctor":"Float64Array","array":[525,0,0,0,0,0,1,1,1,1]}},{"__type__":"cc.Node","_name":"messageScrollView","_parent":{"__id__":1},"_children":[{"__id__":16},{"__id__":22}],"_components":[{"__type__":"cc.Sprite","node":{"__id__":15},"_type":1,"_sizeMode":0},{"__id__":20}],"_prefab":{"__type__":"cc.PrefabInfo","root":{"__id__":1},"asset":{"__uuid__":"53M2jbstpEqL4zQ67aeDE6"},"fileId":"4auc6xF2RKCJrgrR1oLoY4"},"_contentSize":{"__type__":"cc.Size","width":1200,"height":500},"_anchorPoint":{"__type__":"cc.Vec2","x":0.5,"y":1},"_trs":{"__type__":"TypedArray","ctor":"Float64Array","array":[-15,309,0,0,0,0,1,1,1,1]}},{"__type__":"cc.Node","_name":"scrollBar","_parent":{"__id__":15},"_children":[{"__id__":17}],"_components":[{"__id__":19},{"__type__":"cc.Widget","node":{"__id__":16},"alignMode":0,"_alignFlags":37,"_left":350.07654921020657,"_top":17.043999999999983,"_bottom":27.956000000000017,"_originalHeight":237},{"__type__":"cc.Sprite","node":{"__id__":16},"_materials":[{"__uuid__":"ecpdLyjvZBwrvm+cedCcQy"}],"_spriteFrame":{"__uuid__":"5f5dyqtRNNxaFmVzYns6FZ"},"_type":1,"_sizeMode":0}],"_prefab":{"__type__":"cc.PrefabInfo","root":{"__id__":1},"asset":{"__uuid__":"53M2jbstpEqL4zQ67aeDE6"},"fileId":"f9dZULEqRDVaqCTkyY0bS9"},"_contentSize":{"__type__":"cc.Size","width":12,"height":455},"_anchorPoint":{"__type__":"cc.Vec2","x":1,"y":0.5},"_trs":{"__type__":"TypedArray","ctor":"Float64Array","array":[600,-244.54399999999998,0,0,0,0,1,1,1,1]}},{"__type__":"cc.Node","_name":"bar","_parent":{"__id__":16},"_components":[{"__id__":18}],"_prefab":{"__type__":"cc.PrefabInfo","root":{"__id__":1},"asset":{"__uuid__":"53M2jbstpEqL4zQ67aeDE6"},"fileId":"41MurMxU5P7qRisES3uhZ5"},"_contentSize":{"__type__":"cc.Size","width":10,"height":30},"_anchorPoint":{"__type__":"cc.Vec2","x":1},"_trs":{"__type__":"TypedArray","ctor":"Float64Array","array":[-1,0,0,0,0,0,1,1,1,1]}},{"__type__":"cc.Sprite","node":{"__id__":17},"_materials":[{"__uuid__":"ecpdLyjvZBwrvm+cedCcQy"}],"_spriteFrame":{"__uuid__":"5cO7kybDxGj4ipyMYdRYZB"},"_type":1,"_sizeMode":0},{"__type__":"cc.Scrollbar","node":{"__id__":16},"_scrollView":{"__id__":20},"enableAutoHide":false,"_N$handle":{"__id__":18},"_N$direction":1},{"__type__":"cc.ScrollView","node":{"__id__":15},"horizontal":false,"brake":0.75,"bounceDuration":0.23,"_N$content":{"__id__":21},"content":{"__id__":21},"_N$horizontalScrollBar":null,"_N$verticalScrollBar":{"__id__":19}},{"__type__":"cc.Node","_name":"content","_parent":{"__id__":22},"_components":[{"__type__":"cc.Layout","node":{"__id__":21},"_layoutSize":{"__type__":"cc.Size","width":1200,"height":90},"_resize":1,"_N$layoutType":2,"_N$spacingY":10}],"_prefab":{"__type__":"cc.PrefabInfo","root":{"__id__":1},"asset":{"__uuid__":"53M2jbstpEqL4zQ67aeDE6"},"fileId":"7bOJHzpxJPJaP5J+u4PunG"},"_contentSize":{"__type__":"cc.Size","width":1200,"height":90},"_anchorPoint":{"__type__":"cc.Vec2","x":0.5,"y":1},"_trs":{"__type__":"TypedArray","ctor":"Float64Array","array":[0,0,0,0,0,0,1,1,1,1]}},{"__type__":"cc.Node","_name":"view","_parent":{"__id__":15},"_children":[{"__id__":21}],"_components":[{"__type__":"cc.Mask","node":{"__id__":22},"_materials":[{"__uuid__":"ecpdLyjvZBwrvm+cedCcQy"}]}],"_prefab":{"__type__":"cc.PrefabInfo","root":{"__id__":1},"asset":{"__uuid__":"53M2jbstpEqL4zQ67aeDE6"},"fileId":"5dqerUkbZNSKKLihOQ6LVZ"},"_contentSize":{"__type__":"cc.Size","width":1200,"height":500},"_anchorPoint":{"__type__":"cc.Vec2","x":0.5,"y":1},"_trs":{"__type__":"TypedArray","ctor":"Float64Array","array":[0,0,0,0,0,0,1,1,1,1]}},{"__type__":"cc.Node","_name":"img_fgx","_parent":{"__id__":1},"_components":[{"__type__":"cc.Sprite","node":{"__id__":23},"_materials":[{"__uuid__":"ecpdLyjvZBwrvm+cedCcQy"}],"_spriteFrame":{"__uuid__":"80XLmSJ0FOqrRGD5U+o0yc"}}],"_prefab":{"__type__":"cc.PrefabInfo","root":{"__id__":1},"asset":{"__uuid__":"53M2jbstpEqL4zQ67aeDE6"},"fileId":"745VbhqqVKu7mloHJl2IxQ"},"_contentSize":{"__type__":"cc.Size","width":1080,"height":2},"_trs":{"__type__":"TypedArray","ctor":"Float64Array","array":[-2,-196.817,0,0,0,0,1,1,1,1]}},{"__type__":"cc.Node","_name":"tab","_parent":{"__id__":1},"_children":[{"__id__":25},{"__id__":29},{"__id__":33},{"__id__":37},{"__id__":41},{"__id__":45},{"__id__":49}],"_components":[{"__type__":"cc.Layout","node":{"__id__":24},"_layoutSize":{"__type__":"cc.Size","width":1350,"height":70},"_resize":1,"_N$layoutType":1}],"_prefab":{"__type__":"cc.PrefabInfo","root":{"__id__":1},"asset":{"__uuid__":"53M2jbstpEqL4zQ67aeDE6"},"fileId":"59Sf+3JCZItKDijfYA7Ly1"},"_contentSize":{"__type__":"cc.Size","width":1350,"height":70},"_trs":{"__type__":"TypedArray","ctor":"Float64Array","array":[2.075,-234.819,0,0,0,0,1,0.9,0.9,1]}},{"__type__":"cc.Node","_name":"btn_all","_parent":{"__id__":24},"_children":[{"__id__":26},{"__id__":27},{"__id__":28}],"_components":[{"__type__":"cc.Button","node":{"__id__":25},"clickEvents":[{"__type__":"cc.ClickEvent","target":{"__id__":1},"_componentId":"d61ddKhQw1Ng7YSQhXj9itq","handler":"OnClick_BtnWnd"}]}],"_prefab":{"__type__":"cc.PrefabInfo","root":{"__id__":1},"asset":{"__uuid__":"53M2jbstpEqL4zQ67aeDE6"},"fileId":"eeJv6IBo1PV4dZ/O5Tb5FP"},"_contentSize":{"__type__":"cc.Size","width":150,"height":70},"_anchorPoint":{"__type__":"cc.Vec2","y":0.5},"_trs":{"__type__":"TypedArray","ctor":"Float64Array","array":[-675,0,0,0,0,0,1,1,1,1]}},{"__type__":"cc.Node","_name":"Background","_parent":{"__id__":25},"_components":[{"__type__":"cc.Sprite","node":{"__id__":26},"_materials":[{"__uuid__":"ecpdLyjvZBwrvm+cedCcQy"}],"_spriteFrame":{"__uuid__":"2aRrwGBalG/Y9sdme6GW8+"}}],"_prefab":{"__type__":"cc.PrefabInfo","root":{"__id__":1},"asset":{"__uuid__":"53M2jbstpEqL4zQ67aeDE6"},"fileId":"ef2EIOiFZHjqKkBODabj3e"},"_contentSize":{"__type__":"cc.Size","width":32,"height":32},"_trs":{"__type__":"TypedArray","ctor":"Float64Array","array":[24.016,0,0,0,0,0,1,1,1,1]}},{"__type__":"cc.Node","_name":"checkmark","_parent":{"__id__":25},"_components":[{"__type__":"cc.Sprite","node":{"__id__":27},"_materials":[{"__uuid__":"ecpdLyjvZBwrvm+cedCcQy"}],"_spriteFrame":{"__uuid__":"0cjjxS1vZAHL9I2nbKBWRs"},"_sizeMode":2,"_isTrimmedMode":false}],"_prefab":{"__type__":"cc.PrefabInfo","root":{"__id__":1},"asset":{"__uuid__":"53M2jbstpEqL4zQ67aeDE6"},"fileId":"30ITvVtohG9a1OyvyQyMqM"},"_contentSize":{"__type__":"cc.Size","width":42,"height":34},"_trs":{"__type__":"TypedArray","ctor":"Float64Array","array":[24.016,0,0,0,0,0,1,1,1,1]}},{"__type__":"cc.Node","_name":"lb","_parent":{"__id__":25},"_components":[{"__type__":"cc.Label","node":{"__id__":28},"_materials":[{"__uuid__":"ecpdLyjvZBwrvm+cedCcQy"}],"_useOriginalSize":false,"_string":"全部","_N$string":"全部","_fontSize":35,"_lineHeight":35,"_N$file":{"__uuid__":"5f5wQekV1CGpJW2meZozWn"},"_isSystemFontUsed":false,"_N$horizontalAlign":1,"_N$verticalAlign":1}],"_prefab":{"__type__":"cc.PrefabInfo","root":{"__id__":1},"asset":{"__uuid__":"53M2jbstpEqL4zQ67aeDE6"},"fileId":"22YkjCuRtJW7g1BvHuaOtE"},"_color":{"__type__":"cc.Color","r":220,"g":94,"b":45},"_contentSize":{"__type__":"cc.Size","width":70,"height":44.1},"_trs":{"__type__":"TypedArray","ctor":"Float64Array","array":[82.028,0,0,0,0,0,1,1,1,1]}},{"__type__":"cc.Node","_name":"btn_yichang","_parent":{"__id__":24},"_children":[{"__id__":30},{"__id__":31},{"__id__":32}],"_components":[{"__type__":"cc.Button","node":{"__id__":29},"clickEvents":[{"__type__":"cc.ClickEvent","target":{"__id__":1},"_componentId":"d61ddKhQw1Ng7YSQhXj9itq","handler":"OnClick_BtnWnd"}]}],"_prefab":{"__type__":"cc.PrefabInfo","root":{"__id__":1},"asset":{"__uuid__":"53M2jbstpEqL4zQ67aeDE6"},"fileId":"93Nithrb1OvKBphaZETIl8"},"_contentSize":{"__type__":"cc.Size","width":200,"height":70},"_anchorPoint":{"__type__":"cc.Vec2","y":0.5},"_trs":{"__type__":"TypedArray","ctor":"Float64Array","array":[-525,0,0,0,0,0,1,1,1,1]}},{"__type__":"cc.Node","_name":"Background","_parent":{"__id__":29},"_components":[{"__type__":"cc.Sprite","node":{"__id__":30},"_materials":[{"__uuid__":"ecpdLyjvZBwrvm+cedCcQy"}],"_spriteFrame":{"__uuid__":"2aRrwGBalG/Y9sdme6GW8+"}}],"_prefab":{"__type__":"cc.PrefabInfo","root":{"__id__":1},"asset":{"__uuid__":"53M2jbstpEqL4zQ67aeDE6"},"fileId":"4cRW1Ut4VDGq0cJJVqzQrW"},"_contentSize":{"__type__":"cc.Size","width":32,"height":32},"_trs":{"__type__":"TypedArray","ctor":"Float64Array","array":[24.016,0,0,0,0,0,1,1,1,1]}},{"__type__":"cc.Node","_name":"checkmark","_parent":{"__id__":29},"_active":false,"_components":[{"__type__":"cc.Sprite","node":{"__id__":31},"_materials":[{"__uuid__":"ecpdLyjvZBwrvm+cedCcQy"}],"_spriteFrame":{"__uuid__":"0cjjxS1vZAHL9I2nbKBWRs"},"_sizeMode":2,"_isTrimmedMode":false}],"_prefab":{"__type__":"cc.PrefabInfo","root":{"__id__":1},"asset":{"__uuid__":"53M2jbstpEqL4zQ67aeDE6"},"fileId":"a4fndoghJBK6aZrkkI0KKn"},"_contentSize":{"__type__":"cc.Size","width":42,"height":34},"_trs":{"__type__":"TypedArray","ctor":"Float64Array","array":[24.016,0,0,0,0,0,1,1,1,1]}},{"__type__":"cc.Node","_name":"lb","_parent":{"__id__":29},"_components":[{"__type__":"cc.Label","node":{"__id__":32},"_materials":[{"__uuid__":"ecpdLyjvZBwrvm+cedCcQy"}],"_useOriginalSize":false,"_string":"异常操作","_N$string":"异常操作","_fontSize":35,"_lineHeight":35,"_N$file":{"__uuid__":"5f5wQekV1CGpJW2meZozWn"},"_isSystemFontUsed":false,"_N$horizontalAlign":1,"_N$verticalAlign":1}],"_prefab":{"__type__":"cc.PrefabInfo","root":{"__id__":1},"asset":{"__uuid__":"53M2jbstpEqL4zQ67aeDE6"},"fileId":"ecWVowLVxOuaP1U8ZVx0Np"},"_color":{"__type__":"cc.Color","r":220,"g":94,"b":45},"_contentSize":{"__type__":"cc.Size","width":140,"height":44.1},"_anchorPoint":{"__type__":"cc.Vec2","y":0.5},"_trs":{"__type__":"TypedArray","ctor":"Float64Array","array":[49.865,0,0,0,0,0,1,1,1,1]}},{"__type__":"cc.Node","_name":"btn_duiju","_parent":{"__id__":24},"_children":[{"__id__":34},{"__id__":35},{"__id__":36}],"_components":[{"__type__":"cc.Button","node":{"__id__":33},"clickEvents":[{"__type__":"cc.ClickEvent","target":{"__id__":1},"_componentId":"d61ddKhQw1Ng7YSQhXj9itq","handler":"OnClick_BtnWnd"}]}],"_prefab":{"__type__":"cc.PrefabInfo","root":{"__id__":1},"asset":{"__uuid__":"53M2jbstpEqL4zQ67aeDE6"},"fileId":"bcd6b/PZpNz4NXR4h9KAQ3"},"_contentSize":{"__type__":"cc.Size","width":200,"height":70},"_anchorPoint":{"__type__":"cc.Vec2","y":0.5},"_trs":{"__type__":"TypedArray","ctor":"Float64Array","array":[-325,0,0,0,0,0,1,1,1,1]}},{"__type__":"cc.Node","_name":"Background","_parent":{"__id__":33},"_components":[{"__type__":"cc.Sprite","node":{"__id__":34},"_materials":[{"__uuid__":"ecpdLyjvZBwrvm+cedCcQy"}],"_spriteFrame":{"__uuid__":"2aRrwGBalG/Y9sdme6GW8+"}}],"_prefab":{"__type__":"cc.PrefabInfo","root":{"__id__":1},"asset":{"__uuid__":"53M2jbstpEqL4zQ67aeDE6"},"fileId":"eb+sCj9AdPW6ZRyH0GF/ky"},"_contentSize":{"__type__":"cc.Size","width":32,"height":32},"_trs":{"__type__":"TypedArray","ctor":"Float64Array","array":[24.016,0,0,0,0,0,1,1,1,1]}},{"__type__":"cc.Node","_name":"checkmark","_parent":{"__id__":33},"_active":false,"_components":[{"__type__":"cc.Sprite","node":{"__id__":35},"_materials":[{"__uuid__":"ecpdLyjvZBwrvm+cedCcQy"}],"_spriteFrame":{"__uuid__":"0cjjxS1vZAHL9I2nbKBWRs"},"_sizeMode":2,"_isTrimmedMode":false}],"_prefab":{"__type__":"cc.PrefabInfo","root":{"__id__":1},"asset":{"__uuid__":"53M2jbstpEqL4zQ67aeDE6"},"fileId":"1eXVhqNGZMTqJ6IYpTeLH7"},"_contentSize":{"__type__":"cc.Size","width":42,"height":34},"_trs":{"__type__":"TypedArray","ctor":"Float64Array","array":[24.016,0,0,0,0,0,1,1,1,1]}},{"__type__":"cc.Node","_name":"lb","_parent":{"__id__":33},"_components":[{"__type__":"cc.Label","node":{"__id__":36},"_materials":[{"__uuid__":"ecpdLyjvZBwrvm+cedCcQy"}],"_useOriginalSize":false,"_string":"对局输赢","_N$string":"对局输赢","_fontSize":35,"_lineHeight":35,"_N$file":{"__uuid__":"5f5wQekV1CGpJW2meZozWn"},"_isSystemFontUsed":false,"_N$horizontalAlign":1,"_N$verticalAlign":1}],"_prefab":{"__type__":"cc.PrefabInfo","root":{"__id__":1},"asset":{"__uuid__":"53M2jbstpEqL4zQ67aeDE6"},"fileId":"c7FMaGeI1AYIFonSeXPeGG"},"_color":{"__type__":"cc.Color","r":220,"g":94,"b":45},"_contentSize":{"__type__":"cc.Size","width":140,"height":44.1},"_anchorPoint":{"__type__":"cc.Vec2","y":0.5},"_trs":{"__type__":"TypedArray","ctor":"Float64Array","array":[49.865,0,0,0,0,0,1,1,1,1]}},{"__type__":"cc.Node","_name":"btn_baoming","_parent":{"__id__":24},"_children":[{"__id__":38},{"__id__":39},{"__id__":40}],"_components":[{"__type__":"cc.Button","node":{"__id__":37},"clickEvents":[{"__type__":"cc.ClickEvent","target":{"__id__":1},"_componentId":"d61ddKhQw1Ng7YSQhXj9itq","handler":"OnClick_BtnWnd"}]}],"_prefab":{"__type__":"cc.PrefabInfo","root":{"__id__":1},"asset":{"__uuid__":"53M2jbstpEqL4zQ67aeDE6"},"fileId":"a7ylNMlllGgaODc1UUgMa9"},"_contentSize":{"__type__":"cc.Size","width":200,"height":70},"_anchorPoint":{"__type__":"cc.Vec2","y":0.5},"_trs":{"__type__":"TypedArray","ctor":"Float64Array","array":[-125,0,0,0,0,0,1,1,1,1]}},{"__type__":"cc.Node","_name":"Background","_parent":{"__id__":37},"_components":[{"__type__":"cc.Sprite","node":{"__id__":38},"_materials":[{"__uuid__":"ecpdLyjvZBwrvm+cedCcQy"}],"_spriteFrame":{"__uuid__":"2aRrwGBalG/Y9sdme6GW8+"}}],"_prefab":{"__type__":"cc.PrefabInfo","root":{"__id__":1},"asset":{"__uuid__":"53M2jbstpEqL4zQ67aeDE6"},"fileId":"b8LTePjxxMib01HHTeLOAn"},"_contentSize":{"__type__":"cc.Size","width":32,"height":32},"_trs":{"__type__":"TypedArray","ctor":"Float64Array","array":[24.016,0,0,0,0,0,1,1,1,1]}},{"__type__":"cc.Node","_name":"checkmark","_parent":{"__id__":37},"_active":false,"_components":[{"__type__":"cc.Sprite","node":{"__id__":39},"_materials":[{"__uuid__":"ecpdLyjvZBwrvm+cedCcQy"}],"_spriteFrame":{"__uuid__":"0cjjxS1vZAHL9I2nbKBWRs"},"_sizeMode":2,"_isTrimmedMode":false}],"_prefab":{"__type__":"cc.PrefabInfo","root":{"__id__":1},"asset":{"__uuid__":"53M2jbstpEqL4zQ67aeDE6"},"fileId":"2eNOXg+bJJaanJvrOFSbGB"},"_contentSize":{"__type__":"cc.Size","width":42,"height":34},"_trs":{"__type__":"TypedArray","ctor":"Float64Array","array":[24.016,0,0,0,0,0,1,1,1,1]}},{"__type__":"cc.Node","_name":"lb","_parent":{"__id__":37},"_components":[{"__type__":"cc.Label","node":{"__id__":40},"_materials":[{"__uuid__":"ecpdLyjvZBwrvm+cedCcQy"}],"_useOriginalSize":false,"_string":"报名费","_N$string":"报名费","_fontSize":35,"_lineHeight":35,"_N$file":{"__uuid__":"5f5wQekV1CGpJW2meZozWn"},"_isSystemFontUsed":false,"_N$horizontalAlign":1,"_N$verticalAlign":1}],"_prefab":{"__type__":"cc.PrefabInfo","root":{"__id__":1},"asset":{"__uuid__":"53M2jbstpEqL4zQ67aeDE6"},"fileId":"42ny46D1NJfpo+vg6ACvHN"},"_color":{"__type__":"cc.Color","r":220,"g":94,"b":45},"_contentSize":{"__type__":"cc.Size","width":105,"height":44.1},"_anchorPoint":{"__type__":"cc.Vec2","y":0.5},"_trs":{"__type__":"TypedArray","ctor":"Float64Array","array":[49.865,0,0,0,0,0,1,1,1,1]}},{"__type__":"cc.Node","_name":"btn_xipai","_parent":{"__id__":24},"_children":[{"__id__":42},{"__id__":43},{"__id__":44}],"_components":[{"__type__":"cc.Button","node":{"__id__":41},"clickEvents":[{"__type__":"cc.ClickEvent","target":{"__id__":1},"_componentId":"d61ddKhQw1Ng7YSQhXj9itq","handler":"OnClick_BtnWnd"}]}],"_prefab":{"__type__":"cc.PrefabInfo","root":{"__id__":1},"asset":{"__uuid__":"53M2jbstpEqL4zQ67aeDE6"},"fileId":"64QbzU8ntBpaIL9bphwMcz"},"_contentSize":{"__type__":"cc.Size","width":200,"height":70},"_anchorPoint":{"__type__":"cc.Vec2","y":0.5},"_trs":{"__type__":"TypedArray","ctor":"Float64Array","array":[75,0,0,0,0,0,1,1,1,1]}},{"__type__":"cc.Node","_name":"Background","_parent":{"__id__":41},"_components":[{"__type__":"cc.Sprite","node":{"__id__":42},"_materials":[{"__uuid__":"ecpdLyjvZBwrvm+cedCcQy"}],"_spriteFrame":{"__uuid__":"2aRrwGBalG/Y9sdme6GW8+"}}],"_prefab":{"__type__":"cc.PrefabInfo","root":{"__id__":1},"asset":{"__uuid__":"53M2jbstpEqL4zQ67aeDE6"},"fileId":"17n0mkUkhCPKGZ7Y6bJKkI"},"_contentSize":{"__type__":"cc.Size","width":32,"height":32},"_trs":{"__type__":"TypedArray","ctor":"Float64Array","array":[24.016,0,0,0,0,0,1,1,1,1]}},{"__type__":"cc.Node","_name":"checkmark","_parent":{"__id__":41},"_active":false,"_components":[{"__type__":"cc.Sprite","node":{"__id__":43},"_materials":[{"__uuid__":"ecpdLyjvZBwrvm+cedCcQy"}],"_spriteFrame":{"__uuid__":"0cjjxS1vZAHL9I2nbKBWRs"},"_sizeMode":2,"_isTrimmedMode":false}],"_prefab":{"__type__":"cc.PrefabInfo","root":{"__id__":1},"asset":{"__uuid__":"53M2jbstpEqL4zQ67aeDE6"},"fileId":"754JR1d8JJJ6fy4xBPPlnC"},"_contentSize":{"__type__":"cc.Size","width":42,"height":34},"_trs":{"__type__":"TypedArray","ctor":"Float64Array","array":[24.016,0,0,0,0,0,1,1,1,1]}},{"__type__":"cc.Node","_name":"lb","_parent":{"__id__":41},"_components":[{"__type__":"cc.Label","node":{"__id__":44},"_materials":[{"__uuid__":"ecpdLyjvZBwrvm+cedCcQy"}],"_useOriginalSize":false,"_string":"洗牌费","_N$string":"洗牌费","_fontSize":35,"_lineHeight":35,"_N$file":{"__uuid__":"5f5wQekV1CGpJW2meZozWn"},"_isSystemFontUsed":false,"_N$horizontalAlign":1,"_N$verticalAlign":1}],"_prefab":{"__type__":"cc.PrefabInfo","root":{"__id__":1},"asset":{"__uuid__":"53M2jbstpEqL4zQ67aeDE6"},"fileId":"d2h6sBU15FZaUYptsG8y+x"},"_color":{"__type__":"cc.Color","r":220,"g":94,"b":45},"_contentSize":{"__type__":"cc.Size","width":105,"height":44.1},"_anchorPoint":{"__type__":"cc.Vec2","y":0.5},"_trs":{"__type__":"TypedArray","ctor":"Float64Array","array":[49.865,0,0,0,0,0,1,1,1,1]}},{"__type__":"cc.Node","_name":"btn_fencheng","_parent":{"__id__":24},"_children":[{"__id__":46},{"__id__":47},{"__id__":48}],"_components":[{"__type__":"cc.Button","node":{"__id__":45},"clickEvents":[{"__type__":"cc.ClickEvent","target":{"__id__":1},"_componentId":"d61ddKhQw1Ng7YSQhXj9itq","handler":"OnClick_BtnWnd"}]}],"_prefab":{"__type__":"cc.PrefabInfo","root":{"__id__":1},"asset":{"__uuid__":"53M2jbstpEqL4zQ67aeDE6"},"fileId":"063hK15vJHl5SJdeuPM3A+"},"_contentSize":{"__type__":"cc.Size","width":200,"height":70},"_anchorPoint":{"__type__":"cc.Vec2","y":0.5},"_trs":{"__type__":"TypedArray","ctor":"Float64Array","array":[275,0,0,0,0,0,1,1,1,1]}},{"__type__":"cc.Node","_name":"Background","_parent":{"__id__":45},"_components":[{"__type__":"cc.Sprite","node":{"__id__":46},"_materials":[{"__uuid__":"ecpdLyjvZBwrvm+cedCcQy"}],"_spriteFrame":{"__uuid__":"2aRrwGBalG/Y9sdme6GW8+"}}],"_prefab":{"__type__":"cc.PrefabInfo","root":{"__id__":1},"asset":{"__uuid__":"53M2jbstpEqL4zQ67aeDE6"},"fileId":"81P0Dc0adBp5fsRHJDnsvY"},"_contentSize":{"__type__":"cc.Size","width":32,"height":32},"_trs":{"__type__":"TypedArray","ctor":"Float64Array","array":[24.016,0,0,0,0,0,1,1,1,1]}},{"__type__":"cc.Node","_name":"checkmark","_parent":{"__id__":45},"_active":false,"_components":[{"__type__":"cc.Sprite","node":{"__id__":47},"_materials":[{"__uuid__":"ecpdLyjvZBwrvm+cedCcQy"}],"_spriteFrame":{"__uuid__":"0cjjxS1vZAHL9I2nbKBWRs"},"_sizeMode":2,"_isTrimmedMode":false}],"_prefab":{"__type__":"cc.PrefabInfo","root":{"__id__":1},"asset":{"__uuid__":"53M2jbstpEqL4zQ67aeDE6"},"fileId":"a7i8YUV+dCz7uag0uUfegi"},"_contentSize":{"__type__":"cc.Size","width":42,"height":34},"_trs":{"__type__":"TypedArray","ctor":"Float64Array","array":[24.016,0,0,0,0,0,1,1,1,1]}},{"__type__":"cc.Node","_name":"lb","_parent":{"__id__":45},"_components":[{"__type__":"cc.Label","node":{"__id__":48},"_materials":[{"__uuid__":"ecpdLyjvZBwrvm+cedCcQy"}],"_useOriginalSize":false,"_string":"分成修改","_N$string":"分成修改","_fontSize":35,"_lineHeight":35,"_N$file":{"__uuid__":"5f5wQekV1CGpJW2meZozWn"},"_isSystemFontUsed":false,"_N$horizontalAlign":1,"_N$verticalAlign":1}],"_prefab":{"__type__":"cc.PrefabInfo","root":{"__id__":1},"asset":{"__uuid__":"53M2jbstpEqL4zQ67aeDE6"},"fileId":"46BuGhAnVM5Ksy0NKuwU2T"},"_color":{"__type__":"cc.Color","r":220,"g":94,"b":45},"_contentSize":{"__type__":"cc.Size","width":140,"height":44.1},"_anchorPoint":{"__type__":"cc.Vec2","y":0.5},"_trs":{"__type__":"TypedArray","ctor":"Float64Array","array":[49.865,0,0,0,0,0,1,1,1,1]}},{"__type__":"cc.Node","_name":"btn_baoxianxiang","_parent":{"__id__":24},"_children":[{"__id__":50},{"__id__":51},{"__id__":52}],"_components":[{"__type__":"cc.Button","node":{"__id__":49},"clickEvents":[{"__type__":"cc.ClickEvent","target":{"__id__":1},"_componentId":"d61ddKhQw1Ng7YSQhXj9itq","handler":"OnClick_BtnWnd"}]}],"_prefab":{"__type__":"cc.PrefabInfo","root":{"__id__":1},"asset":{"__uuid__":"53M2jbstpEqL4zQ67aeDE6"},"fileId":"62yN9fOyRGML/TBwOexuox"},"_contentSize":{"__type__":"cc.Size","width":200,"height":70},"_anchorPoint":{"__type__":"cc.Vec2","y":0.5},"_trs":{"__type__":"TypedArray","ctor":"Float64Array","array":[475,0,0,0,0,0,1,1,1,1]}},{"__type__":"cc.Node","_name":"Background","_parent":{"__id__":49},"_components":[{"__type__":"cc.Sprite","node":{"__id__":50},"_materials":[{"__uuid__":"ecpdLyjvZBwrvm+cedCcQy"}],"_spriteFrame":{"__uuid__":"2aRrwGBalG/Y9sdme6GW8+"}}],"_prefab":{"__type__":"cc.PrefabInfo","root":{"__id__":1},"asset":{"__uuid__":"53M2jbstpEqL4zQ67aeDE6"},"fileId":"21uUxWNtBMtIzqHsW89fUb"},"_contentSize":{"__type__":"cc.Size","width":32,"height":32},"_trs":{"__type__":"TypedArray","ctor":"Float64Array","array":[24.016,0,0,0,0,0,1,1,1,1]}},{"__type__":"cc.Node","_name":"checkmark","_parent":{"__id__":49},"_active":false,"_components":[{"__type__":"cc.Sprite","node":{"__id__":51},"_materials":[{"__uuid__":"ecpdLyjvZBwrvm+cedCcQy"}],"_spriteFrame":{"__uuid__":"0cjjxS1vZAHL9I2nbKBWRs"},"_sizeMode":2,"_isTrimmedMode":false}],"_prefab":{"__type__":"cc.PrefabInfo","root":{"__id__":1},"asset":{"__uuid__":"53M2jbstpEqL4zQ67aeDE6"},"fileId":"f0GvWcBgxAWaYfVAIZU83K"},"_contentSize":{"__type__":"cc.Size","width":42,"height":34},"_trs":{"__type__":"TypedArray","ctor":"Float64Array","array":[24.016,0,0,0,0,0,1,1,1,1]}},{"__type__":"cc.Node","_name":"lb","_parent":{"__id__":49},"_components":[{"__type__":"cc.Label","node":{"__id__":52},"_materials":[{"__uuid__":"ecpdLyjvZBwrvm+cedCcQy"}],"_useOriginalSize":false,"_string":"保险箱","_N$string":"保险箱","_fontSize":35,"_lineHeight":35,"_N$file":{"__uuid__":"5f5wQekV1CGpJW2meZozWn"},"_isSystemFontUsed":false,"_N$horizontalAlign":1,"_N$verticalAlign":1}],"_prefab":{"__type__":"cc.PrefabInfo","root":{"__id__":1},"asset":{"__uuid__":"53M2jbstpEqL4zQ67aeDE6"},"fileId":"2ayFcnnPNMZ7YQAvXVmrUd"},"_color":{"__type__":"cc.Color","r":220,"g":94,"b":45},"_contentSize":{"__type__":"cc.Size","width":105,"height":44.1},"_anchorPoint":{"__type__":"cc.Vec2","y":0.5},"_trs":{"__type__":"TypedArray","ctor":"Float64Array","array":[49.865,0,0,0,0,0,1,1,1,1]}},{"__type__":"cc.Node","_name":"time","_parent":{"__id__":1},"_children":[{"__id__":54},{"__id__":57},{"__id__":59},{"__id__":61},{"__id__":63}],"_components":[{"__type__":"cc.Sprite","node":{"__id__":53},"_materials":[{"__uuid__":"ecpdLyjvZBwrvm+cedCcQy"}],"_spriteFrame":{"__uuid__":"d4fmms2BlCNYlUYfU+/slc"},"_type":1,"_sizeMode":0},{"__type__":"cc.Layout","node":{"__id__":53},"_layoutSize":{"__type__":"cc.Size","width":150,"height":49},"_resize":1,"_N$layoutType":2,"_N$spacingY":8,"_N$verticalDirection":0}],"_prefab":{"__type__":"cc.PrefabInfo","root":{"__id__":1},"asset":{"__uuid__":"53M2jbstpEqL4zQ67aeDE6"},"fileId":"1beoPZin1BW4fxiE9x2nuq"},"_contentSize":{"__type__":"cc.Size","width":150,"height":49},"_anchorPoint":{"__type__":"cc.Vec2","x":0.5},"_trs":{"__type__":"TypedArray","ctor":"Float64Array","array":[-431,-308,0,0,0,0,1,1,1,1]}},{"__type__":"cc.Node","_name":"btn_msg_more","_parent":{"__id__":53},"_children":[{"__id__":55},{"__id__":56}],"_components":[{"__type__":"cc.Sprite","node":{"__id__":54},"_materials":[{"__uuid__":"ecpdLyjvZBwrvm+cedCcQy"}],"_spriteFrame":{"__uuid__":"4dfZzLdPxMHIH8HzdecOfs"},"_type":1,"_sizeMode":0},{"__type__":"cc.Button","node":{"__id__":54},"clickEvents":[{"__type__":"cc.ClickEvent","target":{"__id__":1},"_componentId":"d61ddKhQw1Ng7YSQhXj9itq","handler":"OnClick_BtnWnd"}],"_N$transition":3,"transition":3,"_N$normalColor":{"__type__":"cc.Color","r":214,"g":214,"b":214},"_N$target":{"__id__":54}}],"_prefab":{"__type__":"cc.PrefabInfo","root":{"__id__":1},"asset":{"__uuid__":"53M2jbstpEqL4zQ67aeDE6"},"fileId":"fc0EOR7JZEfa7dNBS3/y/b"},"_contentSize":{"__type__":"cc.Size","width":150,"height":49},"_trs":{"__type__":"TypedArray","ctor":"Float64Array","array":[0,24.5,0,0,0,0,1,1,1,1]}},{"__type__":"cc.Node","_name":"label","_parent":{"__id__":54},"_components":[{"__type__":"cc.Label","node":{"__id__":55},"_materials":[{"__uuid__":"ecpdLyjvZBwrvm+cedCcQy"}],"_useOriginalSize":false,"_string":"今  天","_N$string":"今  天","_fontSize":30,"_lineHeight":32,"_N$file":{"__uuid__":"5f5wQekV1CGpJW2meZozWn"},"_isSystemFontUsed":false,"_N$horizontalAlign":1,"_N$verticalAlign":1},{"__type__":"cc.LabelOutline","node":{"__id__":55},"_color":{"__type__":"cc.Color","r":26,"g":142,"b":64},"_width":2}],"_prefab":{"__type__":"cc.PrefabInfo","root":{"__id__":1},"asset":{"__uuid__":"53M2jbstpEqL4zQ67aeDE6"},"fileId":"a20RkYhnVO1KBbyeCfEUhj"},"_contentSize":{"__type__":"cc.Size","width":79.94,"height":44.32},"_trs":{"__type__":"TypedArray","ctor":"Float64Array","array":[-11,0,0,0,0,0,1,1,1,1]}},{"__type__":"cc.Node","_name":"img_jiantou","_parent":{"__id__":54},"_components":[{"__type__":"cc.Sprite","node":{"__id__":56},"_materials":[{"__uuid__":"ecpdLyjvZBwrvm+cedCcQy"}],"_spriteFrame":{"__uuid__":"1dMOnIrIVBCoI2sbpr1j41"}}],"_prefab":{"__type__":"cc.PrefabInfo","root":{"__id__":1},"asset":{"__uuid__":"53M2jbstpEqL4zQ67aeDE6"},"fileId":"c5/nl2RfRK5pIls5Pq8fwI"},"_contentSize":{"__type__":"cc.Size","width":17,"height":14},"_trs":{"__type__":"TypedArray","ctor":"Float64Array","array":[60,0,0,0,0,0,1,1,1,1]}},{"__type__":"cc.Node","_name":"btn_msg_sanshitian","_parent":{"__id__":53},"_children":[{"__id__":58}],"_active":false,"_components":[{"__type__":"cc.Sprite","node":{"__id__":57},"_materials":[{"__uuid__":"ecpdLyjvZBwrvm+cedCcQy"}],"_spriteFrame":{"__uuid__":"d0IaV4a8dCU7lXnJhC6AS2"},"_type":1,"_sizeMode":0},{"__type__":"cc.Button","node":{"__id__":57},"clickEvents":[{"__type__":"cc.ClickEvent","target":{"__id__":1},"_componentId":"d61ddKhQw1Ng7YSQhXj9itq","handler":"OnClick_BtnWnd"}],"_N$transition":3,"transition":3,"_N$normalColor":{"__type__":"cc.Color","r":214,"g":214,"b":214},"_N$target":{"__id__":57}}],"_prefab":{"__type__":"cc.PrefabInfo","root":{"__id__":1},"asset":{"__uuid__":"53M2jbstpEqL4zQ67aeDE6"},"fileId":"4cb8R5U8tEXqUWb+jHbG+M"},"_contentSize":{"__type__":"cc.Size","width":150,"height":49},"_trs":{"__type__":"TypedArray","ctor":"Float64Array","array":[0,81.5,0,0,0,0,1,1,1,1]}},{"__type__":"cc.Node","_name":"label","_parent":{"__id__":57},"_components":[{"__type__":"cc.Label","node":{"__id__":58},"_materials":[{"__uuid__":"ecpdLyjvZBwrvm+cedCcQy"}],"_useOriginalSize":false,"_string":"近三十天","_N$string":"近三十天","_fontSize":30,"_lineHeight":32,"_N$file":{"__uuid__":"5f5wQekV1CGpJW2meZozWn"},"_isSystemFontUsed":false,"_N$horizontalAlign":1,"_N$verticalAlign":1},{"__type__":"cc.LabelOutline","node":{"__id__":58},"_color":{"__type__":"cc.Color","r":151,"g":56,"b":4},"_width":2}],"_prefab":{"__type__":"cc.PrefabInfo","root":{"__id__":1},"asset":{"__uuid__":"53M2jbstpEqL4zQ67aeDE6"},"fileId":"74bKY2m01Ht76PwBMp6fuY"},"_contentSize":{"__type__":"cc.Size","width":124,"height":44.32},"_trs":{"__type__":"TypedArray","ctor":"Float64Array","array":[-11,0,0,0,0,0,1,1,1,1]}},{"__type__":"cc.Node","_name":"btn_msg_santian","_parent":{"__id__":53},"_children":[{"__id__":60}],"_active":false,"_components":[{"__type__":"cc.Sprite","node":{"__id__":59},"_materials":[{"__uuid__":"ecpdLyjvZBwrvm+cedCcQy"}],"_spriteFrame":{"__uuid__":"d0IaV4a8dCU7lXnJhC6AS2"},"_type":1,"_sizeMode":0},{"__type__":"cc.Button","node":{"__id__":59},"clickEvents":[{"__type__":"cc.ClickEvent","target":{"__id__":1},"_componentId":"d61ddKhQw1Ng7YSQhXj9itq","handler":"OnClick_BtnWnd"}],"_N$transition":3,"transition":3,"_N$normalColor":{"__type__":"cc.Color","r":214,"g":214,"b":214},"_N$target":{"__id__":59}}],"_prefab":{"__type__":"cc.PrefabInfo","root":{"__id__":1},"asset":{"__uuid__":"53M2jbstpEqL4zQ67aeDE6"},"fileId":"81tKCxOo5EIZHEPfr9rq/+"},"_contentSize":{"__type__":"cc.Size","width":150,"height":49},"_trs":{"__type__":"TypedArray","ctor":"Float64Array","array":[0,138.5,0,0,0,0,1,1,1,1]}},{"__type__":"cc.Node","_name":"label","_parent":{"__id__":59},"_components":[{"__type__":"cc.Label","node":{"__id__":60},"_materials":[{"__uuid__":"ecpdLyjvZBwrvm+cedCcQy"}],"_useOriginalSize":false,"_string":"近三天","_N$string":"近三天","_fontSize":30,"_lineHeight":32,"_N$file":{"__uuid__":"5f5wQekV1CGpJW2meZozWn"},"_isSystemFontUsed":false,"_N$horizontalAlign":1,"_N$verticalAlign":1},{"__type__":"cc.LabelOutline","node":{"__id__":60},"_color":{"__type__":"cc.Color","r":151,"g":56,"b":4},"_width":2}],"_prefab":{"__type__":"cc.PrefabInfo","root":{"__id__":1},"asset":{"__uuid__":"53M2jbstpEqL4zQ67aeDE6"},"fileId":"7eTFP1NStIMJh/tJpre6Jz"},"_contentSize":{"__type__":"cc.Size","width":94,"height":44.32},"_trs":{"__type__":"TypedArray","ctor":"Float64Array","array":[0,0,0,0,0,0,1,1,1,1]}},{"__type__":"cc.Node","_name":"btn_msg_yesterday","_parent":{"__id__":53},"_children":[{"__id__":62}],"_active":false,"_components":[{"__type__":"cc.Sprite","node":{"__id__":61},"_materials":[{"__uuid__":"ecpdLyjvZBwrvm+cedCcQy"}],"_spriteFrame":{"__uuid__":"d0IaV4a8dCU7lXnJhC6AS2"},"_type":1,"_sizeMode":0},{"__type__":"cc.Button","node":{"__id__":61},"clickEvents":[{"__type__":"cc.ClickEvent","target":{"__id__":1},"_componentId":"d61ddKhQw1Ng7YSQhXj9itq","handler":"OnClick_BtnWnd"}],"_N$transition":3,"transition":3,"_N$normalColor":{"__type__":"cc.Color","r":214,"g":214,"b":214},"_N$target":{"__id__":61}}],"_prefab":{"__type__":"cc.PrefabInfo","root":{"__id__":1},"asset":{"__uuid__":"53M2jbstpEqL4zQ67aeDE6"},"fileId":"d3/sNrdWxNSYiuckBAqQMx"},"_contentSize":{"__type__":"cc.Size","width":150,"height":49},"_trs":{"__type__":"TypedArray","ctor":"Float64Array","array":[0,195.5,0,0,0,0,1,1,1,1]}},{"__type__":"cc.Node","_name":"label","_parent":{"__id__":61},"_components":[{"__type__":"cc.Label","node":{"__id__":62},"_materials":[{"__uuid__":"ecpdLyjvZBwrvm+cedCcQy"}],"_useOriginalSize":false,"_string":"昨 天","_N$string":"昨 天","_fontSize":30,"_lineHeight":32,"_N$file":{"__uuid__":"5f5wQekV1CGpJW2meZozWn"},"_isSystemFontUsed":false,"_N$horizontalAlign":1,"_N$verticalAlign":1},{"__type__":"cc.LabelOutline","node":{"__id__":62},"_color":{"__type__":"cc.Color","r":151,"g":56,"b":4},"_width":2}],"_prefab":{"__type__":"cc.PrefabInfo","root":{"__id__":1},"asset":{"__uuid__":"53M2jbstpEqL4zQ67aeDE6"},"fileId":"ca/RSrRcxG259opaoOk9jO"},"_contentSize":{"__type__":"cc.Size","width":71.97,"height":44.32},"_trs":{"__type__":"TypedArray","ctor":"Float64Array","array":[0,0,0,0,0,0,1,1,1,1]}},{"__type__":"cc.Node","_name":"btn_msg_today","_parent":{"__id__":53},"_children":[{"__id__":64}],"_active":false,"_components":[{"__type__":"cc.Sprite","node":{"__id__":63},"_materials":[{"__uuid__":"ecpdLyjvZBwrvm+cedCcQy"}],"_spriteFrame":{"__uuid__":"d0IaV4a8dCU7lXnJhC6AS2"},"_type":1,"_sizeMode":0},{"__type__":"cc.Button","node":{"__id__":63},"clickEvents":[{"__type__":"cc.ClickEvent","target":{"__id__":1},"_componentId":"d61ddKhQw1Ng7YSQhXj9itq","handler":"OnClick_BtnWnd"}],"_N$transition":3,"transition":3,"_N$normalColor":{"__type__":"cc.Color","r":214,"g":214,"b":214},"_N$target":{"__id__":63}}],"_prefab":{"__type__":"cc.PrefabInfo","root":{"__id__":1},"asset":{"__uuid__":"53M2jbstpEqL4zQ67aeDE6"},"fileId":"5a04asjWxBx6Qc9hETBC+D"},"_contentSize":{"__type__":"cc.Size","width":150,"height":49},"_trs":{"__type__":"TypedArray","ctor":"Float64Array","array":[0,252.5,0,0,0,0,1,1,1,1]}},{"__type__":"cc.Node","_name":"label","_parent":{"__id__":63},"_components":[{"__type__":"cc.Label","node":{"__id__":64},"_materials":[{"__uuid__":"ecpdLyjvZBwrvm+cedCcQy"}],"_useOriginalSize":false,"_string":"今 天","_N$string":"今 天","_fontSize":30,"_lineHeight":32,"_N$file":{"__uuid__":"5f5wQekV1CGpJW2meZozWn"},"_isSystemFontUsed":false,"_N$horizontalAlign":1,"_N$verticalAlign":1},{"__type__":"cc.LabelOutline","node":{"__id__":64},"_color":{"__type__":"cc.Color","r":151,"g":56,"b":4},"_width":2}],"_prefab":{"__type__":"cc.PrefabInfo","root":{"__id__":1},"asset":{"__uuid__":"53M2jbstpEqL4zQ67aeDE6"},"fileId":"3ebB5ZfJJOUKPgrW9yRPXZ"},"_contentSize":{"__type__":"cc.Size","width":71.97,"height":44.32},"_trs":{"__type__":"TypedArray","ctor":"Float64Array","array":[0,0,0,0,0,0,1,1,1,1]}},{"__type__":"cc.Node","_name":"pidEditBox","_parent":{"__id__":1},"_children":[{"__id__":66},{"__id__":68},{"__id__":70},{"__id__":72}],"_active":false,"_components":[{"__type__":"cc.EditBox","node":{"__id__":65},"_useOriginalSize":false,"maxLength":8,"_N$textLabel":{"__id__":69},"_N$placeholderLabel":{"__id__":71},"_N$background":{"__id__":67},"_N$inputMode":2}],"_prefab":{"__type__":"cc.PrefabInfo","root":{"__id__":1},"asset":{"__uuid__":"53M2jbstpEqL4zQ67aeDE6"},"fileId":"422oYytQhH0IQvz9Uz6q0i"},"_contentSize":{"__type__":"cc.Size","width":180,"height":40},"_trs":{"__type__":"TypedArray","ctor":"Float64Array","array":[-78,-283,0,0,0,0,1,1,1,1]}},{"__type__":"cc.Node","_name":"BACKGROUND_SPRITE","_parent":{"__id__":65},"_components":[{"__id__":67}],"_prefab":{"__type__":"cc.PrefabInfo","root":{"__id__":1},"asset":{"__uuid__":"53M2jbstpEqL4zQ67aeDE6"},"fileId":"d9GDmZexdKLbOPlXpqtH0i"},"_contentSize":{"__type__":"cc.Size","width":180,"height":40},"_trs":{"__type__":"TypedArray","ctor":"Float64Array","array":[0,0,0,0,0,0,1,1,1,1]}},{"__type__":"cc.Sprite","node":{"__id__":66},"_materials":[{"__uuid__":"ecpdLyjvZBwrvm+cedCcQy"}],"_spriteFrame":{"__uuid__":"1aLT1VVMRM/KGRIWp3Uinq"},"_type":1,"_sizeMode":0},{"__type__":"cc.Node","_name":"TEXT_LABEL","_parent":{"__id__":65},"_active":false,"_components":[{"__id__":69}],"_prefab":{"__type__":"cc.PrefabInfo","root":{"__id__":1},"asset":{"__uuid__":"53M2jbstpEqL4zQ67aeDE6"},"fileId":"d4cK4s6JFG1au2ykXrCX+h"},"_color":{"__type__":"cc.Color","r":112,"g":93,"b":82},"_contentSize":{"__type__":"cc.Size","width":178,"height":40},"_anchorPoint":{"__type__":"cc.Vec2","y":1},"_trs":{"__type__":"TypedArray","ctor":"Float64Array","array":[-88,20,0,0,0,0,1,1,1,1]}},{"__type__":"cc.Label","node":{"__id__":68},"_fontSize":20,"_enableWrapText":false,"_N$verticalAlign":1,"_N$overflow":1},{"__type__":"cc.Node","_name":"PLACEHOLDER_LABEL","_parent":{"__id__":65},"_components":[{"__id__":71}],"_prefab":{"__type__":"cc.PrefabInfo","root":{"__id__":1},"asset":{"__uuid__":"53M2jbstpEqL4zQ67aeDE6"},"fileId":"53YqKea61NaqrdlKVkwalw"},"_color":{"__type__":"cc.Color","r":112,"g":93,"b":82},"_contentSize":{"__type__":"cc.Size","width":178,"height":40},"_anchorPoint":{"__type__":"cc.Vec2","y":1},"_trs":{"__type__":"TypedArray","ctor":"Float64Array","array":[-88,20,0,0,0,0,1,1,1,1]}},{"__type__":"cc.Label","node":{"__id__":70},"_materials":[{"__uuid__":"ecpdLyjvZBwrvm+cedCcQy"}],"_string":"请输入操作者的id","_N$string":"请输入操作者的id","_fontSize":20,"_enableWrapText":false,"_N$verticalAlign":1,"_N$overflow":1},{"__type__":"cc.Node","_name":"lb_pidTitle","_parent":{"__id__":65},"_components":[{"__type__":"cc.Label","node":{"__id__":72},"_materials":[{"__uuid__":"ecpdLyjvZBwrvm+cedCcQy"}],"_useOriginalSize":false,"_string":"操作者Id：","_N$string":"操作者Id：","_fontSize":28,"_lineHeight":50,"_N$file":{"__uuid__":"5f5wQekV1CGpJW2meZozWn"},"_isSystemFontUsed":false,"_N$horizontalAlign":1,"_N$verticalAlign":1}],"_prefab":{"__type__":"cc.PrefabInfo","root":{"__id__":1},"asset":{"__uuid__":"53M2jbstpEqL4zQ67aeDE6"},"fileId":"f1TN/sqL5Je5Aj4IBwiAFF"},"_color":{"__type__":"cc.Color","r":118,"g":81,"b":47},"_contentSize":{"__type__":"cc.Size","width":134.64,"height":63},"_trs":{"__type__":"TypedArray","ctor":"Float64Array","array":[-144.7,0,0,0,0,0,1,1,1,1]}},{"__type__":"cc.Node","_name":"execPidEditBox","_parent":{"__id__":1},"_children":[{"__id__":74},{"__id__":75},{"__id__":76},{"__id__":77}],"_active":false,"_components":[{"__type__":"cc.EditBox","node":{"__id__":73},"_useOriginalSize":false,"_N$backgroundImage":{"__uuid__":"1aLT1VVMRM/KGRIWp3Uinq"},"_N$returnType":0,"_N$fontSize":20,"_N$lineHeight":40,"_N$fontColor":{"__type__":"cc.Color","r":112,"g":93,"b":82},"_N$placeholder":"请输入被操作者的id","_N$placeholderFontSize":20,"_N$placeholderFontColor":{"__type__":"cc.Color","r":112,"g":93,"b":82},"_N$maxLength":8,"_N$inputMode":2}],"_prefab":{"__type__":"cc.PrefabInfo","root":{"__id__":1},"asset":{"__uuid__":"53M2jbstpEqL4zQ67aeDE6"},"fileId":"afaUxGk0BJY4IwJuPCyhav"},"_contentSize":{"__type__":"cc.Size","width":180,"height":40},"_trs":{"__type__":"TypedArray","ctor":"Float64Array","array":[266,-283,0,0,0,0,1,1,1,1]}},{"__type__":"cc.Node","_name":"BACKGROUND_SPRITE","_parent":{"__id__":73},"_components":[{"__type__":"cc.Sprite","node":{"__id__":74},"_spriteFrame":{"__uuid__":"1aLT1VVMRM/KGRIWp3Uinq"},"_type":1,"_sizeMode":0}],"_prefab":{"__type__":"cc.PrefabInfo","root":{"__id__":1},"asset":{"__uuid__":"53M2jbstpEqL4zQ67aeDE6"},"fileId":"7eq26hh6NHxbOG0UXDFLPx"},"_contentSize":{"__type__":"cc.Size","width":180,"height":40},"_trs":{"__type__":"TypedArray","ctor":"Float64Array","array":[0,0,0,0,0,0,1,1,1,1]}},{"__type__":"cc.Node","_name":"TEXT_LABEL","_parent":{"__id__":73},"_active":false,"_components":[{"__type__":"cc.Label","node":{"__id__":75},"_fontSize":20,"_enableWrapText":false,"_N$verticalAlign":1,"_N$overflow":1}],"_prefab":{"__type__":"cc.PrefabInfo","root":{"__id__":1},"asset":{"__uuid__":"53M2jbstpEqL4zQ67aeDE6"},"fileId":"813oDaPwpHbqB/YjTPDqCU"},"_color":{"__type__":"cc.Color","r":112,"g":93,"b":82},"_contentSize":{"__type__":"cc.Size","width":178,"height":40},"_anchorPoint":{"__type__":"cc.Vec2","y":1},"_trs":{"__type__":"TypedArray","ctor":"Float64Array","array":[-88,20,0,0,0,0,1,1,1,1]}},{"__type__":"cc.Node","_name":"PLACEHOLDER_LABEL","_parent":{"__id__":73},"_components":[{"__type__":"cc.Label","node":{"__id__":76},"_string":"请输入被操作者的id","_N$string":"请输入被操作者的id","_fontSize":20,"_enableWrapText":false,"_N$verticalAlign":1,"_N$overflow":1}],"_prefab":{"__type__":"cc.PrefabInfo","root":{"__id__":1},"asset":{"__uuid__":"53M2jbstpEqL4zQ67aeDE6"},"fileId":"67CK+9E99KQYnPnssU1zr4"},"_color":{"__type__":"cc.Color","r":112,"g":93,"b":82},"_contentSize":{"__type__":"cc.Size","width":178,"height":40},"_anchorPoint":{"__type__":"cc.Vec2","y":1},"_trs":{"__type__":"TypedArray","ctor":"Float64Array","array":[-88,20,0,0,0,0,1,1,1,1]}},{"__type__":"cc.Node","_name":"lb_execPidTitle","_parent":{"__id__":73},"_components":[{"__type__":"cc.Label","node":{"__id__":77},"_useOriginalSize":false,"_string":"被操作者Id：","_N$string":"被操作者Id：","_fontSize":28,"_lineHeight":50,"_N$file":{"__uuid__":"5f5wQekV1CGpJW2meZozWn"},"_isSystemFontUsed":false,"_N$horizontalAlign":1,"_N$verticalAlign":1}],"_prefab":{"__type__":"cc.PrefabInfo","root":{"__id__":1},"asset":{"__uuid__":"53M2jbstpEqL4zQ67aeDE6"},"fileId":"79fTqO7x5JA7DJUr2yA1uu"},"_color":{"__type__":"cc.Color","r":118,"g":81,"b":47},"_contentSize":{"__type__":"cc.Size","width":162.64,"height":50},"_trs":{"__type__":"TypedArray","ctor":"Float64Array","array":[-161,0,0,0,0,0,1,1,1,1]}},{"__type__":"cc.Node","_name":"btn_search","_parent":{"__id__":1},"_active":false,"_components":[{"__type__":"cc.Sprite","node":{"__id__":78},"_spriteFrame":{"__uuid__":"edAIpgVH1Hvrua/nNgmpp9"},"_type":1},{"__type__":"cc.Button","node":{"__id__":78},"clickEvents":[{"__type__":"cc.ClickEvent","target":{"__id__":1},"_componentId":"fbdf4VJ1RxPkbZkJdgN+x1P","handler":"OnClick_BtnWnd"}],"_N$transition":3,"transition":3,"_N$normalColor":{"__type__":"cc.Color","r":214,"g":214,"b":214},"_N$target":{"__id__":78}}],"_prefab":{"__type__":"cc.PrefabInfo","root":{"__id__":1},"asset":{"__uuid__":"53M2jbstpEqL4zQ67aeDE6"},"fileId":"71kfdzdSVDjK8sWue5SSCu"},"_contentSize":{"__type__":"cc.Size","width":132,"height":54},"_trs":{"__type__":"TypedArray","ctor":"Float64Array","array":[442,-284,0,0,0,0,1,1,1,1]}},{"__type__":"cc.Node","_name":"lb_tip","_parent":{"__id__":1},"_components":[{"__type__":"cc.Label","node":{"__id__":79},"_materials":[{"__uuid__":"ecpdLyjvZBwrvm+cedCcQy"}],"_useOriginalSize":false,"_string":"注：如果出现相同时间的多条记录，请自行将相同时间的记录进行排序计算","_N$string":"注：如果出现相同时间的多条记录，请自行将相同时间的记录进行排序计算","_fontSize":24,"_N$file":{"__uuid__":"5f5wQekV1CGpJW2meZozWn"},"_isSystemFontUsed":false,"_N$horizontalAlign":1,"_N$verticalAlign":1}],"_prefab":{"__type__":"cc.PrefabInfo","root":{"__id__":1},"asset":{"__uuid__":"53M2jbstpEqL4zQ67aeDE6"},"fileId":"c7x2Q1dOVD7qO8YMGiG1Pj"},"_color":{"__type__":"cc.Color","r":220,"g":94,"b":45},"_contentSize":{"__type__":"cc.Size","width":792,"height":50.4},"_trs":{"__type__":"TypedArray","ctor":"Float64Array","array":[186.731,-283.828,0,0,0,0,1,1,1,1]}}],{"__type__":"cc.SpriteFrame","content":{"name":"default_scrollbar_vertical","texture":"d608qFRoFHwbXd0Dap056i","rect":[0,0,15,30],"offset":[0,0],"originalSize":[15,30],"capInsets":[4,10,4,10]}},{"__type__":"cc.SpriteFrame","content":{"name":"default_scrollbar_vertical_bg","texture":"61cyPdEfRN047sDK9rO0W5","rect":[0,0,15,30],"offset":[0,0],"originalSize":[15,30],"capInsets":[4,10,4,10]}},{"__type__":"cc.SpriteFrame","content":{"name":"img_bjl02","texture":"c27704nKlDaYVKFE4tD3hN","rect":[0,0,34,44],"offset":[-5,0],"originalSize":[44,44],"capInsets":[9,10,9,10]}},{"__type__":"cc.SpriteFrame","content":{"name":"img_fgx","texture":"61ICGOjtJMY7ZVY1+m5YGE","rect":[0,0,1080,2],"offset":[0,0],"originalSize":[1080,2],"capInsets":[0,0,0,0]}},{"__type__":"cc.SpriteFrame","content":{"name":"img_black_60","texture":"e5dLSpyq9NPZ8mPvfDyGXH","rect":[0,0,100,100],"offset":[0,0],"originalSize":[100,100],"capInsets":[0,0,0,0]}},{"__type__":"cc.SpriteFrame","content":{"name":"bg_content_list","texture":"94rptFkJxBt7xk09keWqcA","rect":[0,0,101,93],"offset":[0,0],"originalSize":[101,93],"capInsets":[37,38,32,37]}},{"__type__":"cc.SpriteFrame","content":{"name":"img_zj01_down","texture":"ebb/4k+qxGo5zExN5d+N+c","rect":[0,0,17,14],"offset":[0,0],"originalSize":[17,14],"capInsets":[0,0,0,0]}},{"__type__":"cc.SpriteFrame","content":{"name":"btn_red","texture":"59sNqoniFOuo/XQI4SnXiT","rect":[0,0,128,49],"offset":[0,0],"originalSize":[128,49],"capInsets":[43,9,39,18]}},{"__type__":"cc.SpriteFrame","content":{"name":"img_zj02_down","texture":"d9NrQsIk5MTLVbPPkjp5ER","rect":[0,0,30,30],"offset":[0,0],"originalSize":[30,30],"capInsets":[10,10,10,10]}},{"__type__":"cc.SpriteFrame","content":{"name":"btn_close","texture":"adT+cX5aVEFrD91N8Yp4Db","rect":[0,0,79,80],"offset":[0,0],"originalSize":[79,80],"capInsets":[0,0,0,0]}},{"__type__":"cc.SpriteFrame","content":{"name":"btn_ss","texture":"7aKgA4JFpHp70Zzr8aSlyW","rect":[0,0,132,54],"offset":[0,0],"originalSize":[132,54],"capInsets":[0,0,0,0]}}]