{"__type__":"cc.SpriteAtlas","_spriteFrames":{"1":{"__uuid__":"lznna443-691a-4b6d-8740-73b8303f9d83"},"2":{"__uuid__":"lznnb204-3f4c-4f24-a56d-028c8766e727"},"3":{"__uuid__":"lznn2386-8853-472b-aedc-fef1e760a541"},"4":{"__uuid__":"lznndca4-1039-4e7b-88c5-87b358222de5"},"5":{"__uuid__":"lznn218d-abd3-4592-8eb9-026ecc83bd04"},"6":{"__uuid__":"lznn83c0-77c1-4684-968a-36adae8e6588"},"7":{"__uuid__":"lznn02d3-979a-46f6-aa04-e1494562788b"},"8":{"__uuid__":"lznnc14f-9eea-4b50-978c-3a43e238dd95"},"9":{"__uuid__":"lznnb697-399f-4ad2-8233-f9c30cebc0c0"},"10":{"__uuid__":"lznndc2b-9960-4d5f-9eb4-d0c7c4ed8703"},"11":{"__uuid__":"lznn31ea-188b-40fd-b6aa-3c10c682fe11"},"12":{"__uuid__":"lznna22a-8170-450d-83ff-b99568c93314"},"13":{"__uuid__":"lznn02f0-eb57-4725-a863-a96005c81909"},"14":{"__uuid__":"lznnc950-99b1-4b75-ab7d-c48afb172b1e"},"15":{"__uuid__":"lznn4bfe-00e1-4937-9d09-c63ac4309091"},"16":{"__uuid__":"lznne744-c012-4882-9d95-014eb43a1d2f"}}}