{"__type__":"cc.SpriteAtlas","_spriteFrames":{"gang_ani4":{"__uuid__":"lznn002c-d91f-494e-865f-898efe206dcb"},"gang_ani2":{"__uuid__":"lznnbc67-d464-40e6-9adb-5974ce65d89d"},"gang_ani7":{"__uuid__":"lznn0dd2-f116-4ed5-8ff7-d2838ac17f48"},"gang_ani8":{"__uuid__":"lznn37f0-555d-48a8-b737-a64e72ac58b1"},"gang_ani1":{"__uuid__":"lznn18b3-2e4a-47e2-ac98-e6c59db84c8f"},"gang_ani3":{"__uuid__":"lznna329-2334-42d4-b297-bed0d37b3313"},"gang_ani6":{"__uuid__":"lznnb13c-cb52-4853-a771-243e6a09b1d5"},"gang_ani5":{"__uuid__":"lznnf26e-5904-4097-a8fa-cb65a37f743a"}}}