{"__type__":"cc.JsonAsset","_name":"practice","json":{"8101":{"id":8101,"gameType":"aymj","lv":0,"baseMark":20,"min":1,"max":50000,"imgName":"btn_practice1","iconName":"icon_ledou1","fontColor":"196220187255","outLineColor":"44,108,0,255","fontSize":20,"outLineSize":1,"roomFlag":0},"8102":{"id":8102,"gameType":"aymj","lv":0,"baseMark":100,"min":10000,"max":200000,"imgName":"btn_practice2","iconName":"icon_ledou2","fontColor":"215252255255","outLineColor":"17,104,99,255","fontSize":20,"outLineSize":1,"roomFlag":1},"8103":{"id":8103,"gameType":"aymj","lv":0,"baseMark":20000,"min":150000,"max":500000,"imgName":"btn_practice3","iconName":"icon_ledou3","fontColor":"215252255255","outLineColor":"17,71,104,255","fontSize":20,"outLineSize":1,"roomFlag":2},"8104":{"id":8104,"gameType":"aymj","lv":0,"baseMark":50000,"min":200000,"max":0,"imgName":"btn_practice4","iconName":"icon_ledou4","fontColor":"255206206255","outLineColor":"108,0,0,255","fontSize":20,"outLineSize":1,"roomFlag":3}}}