[{"__type__":"cc.Prefab","_name":"sceneEffectLayer","data":{"__id__":1}},{"__type__":"cc.Node","_name":"sceneEffectLayer","_components":[{"__type__":"cc.Widget","node":{"__id__":1},"alignMode":0,"_alignFlags":18,"_left":380,"_right":380,"_top":680,"_bottom":680},{"__type__":"lznnca87-17cc-4827-a340-441087f451d3","node":{"__id__":1}}],"_prefab":{"__type__":"cc.PrefabInfo","root":{"__id__":1},"asset":{"__uuid__":"lznn5131-6e06-4e13-b621-f234210422a5"},"fileId":"5ccddsKzQJPW4Rlb4cZsm5m"},"_trs":{"__type__":"TypedArray","ctor":"Float64Array","array":[680,380,0,0,0,0,1,1,1,1]},"_zIndex":0}]