{"__type__":"cc.SpriteAtlas","_spriteFrames":{"1":{"__uuid__":"lznn1fb5-1ab9-47b2-b183-bcfb67e02587"},"2":{"__uuid__":"lznn8ada-ba0f-45d7-aab9-18feecfe518d"},"3":{"__uuid__":"lznn1b2a-0b5b-4dc0-bda3-12e7270ba53d"},"4":{"__uuid__":"lznn6ff2-0ab2-4eec-8c83-0285174a8b39"},"5":{"__uuid__":"lznn7cf5-4a08-4c4b-afb4-8281b56b2460"},"6":{"__uuid__":"lznnf3cd-45fc-458a-8256-6b15c1fb7374"},"7":{"__uuid__":"lznnead9-77d1-48e9-a691-601df02ae5c0"},"8":{"__uuid__":"lznnab8e-ea7a-472a-b54d-261fb311ac19"},"9":{"__uuid__":"lznn4196-a7aa-43f1-8992-2c4d8b296f0b"},"10":{"__uuid__":"lznn5d0f-7887-455d-a71a-2242db578126"},"11":{"__uuid__":"lznn7360-58fa-4c66-895e-332436c21b43"},"12":{"__uuid__":"lznn8dd0-d490-4eb6-8c65-f8c62f260a4d"},"13":{"__uuid__":"lznn8af1-0d4e-4448-ba59-97eb0c34a08a"}}}