[{"__type__":"cc.Prefab","_name":"hu","data":{"__id__":1}},{"__type__":"cc.Node","_name":"hu","_components":[{"__type__":"cc.Sprite","node":{"__id__":1},"_sizeMode":2,"_isTrimmedMode":false},{"__type__":"cc.Animation","node":{"__id__":1},"_defaultClip":{"__uuid__":"lznn3286-a7d4-42d6-ad9c-330af33269e5"},"_clips":[{"__uuid__":"lznn3286-a7d4-42d6-ad9c-330af33269e5"}]},{"__type__":"lznn27a3-f7f6-43f3-bc26-19a21c44bee8","node":{"__id__":1}}],"_prefab":{"__type__":"cc.PrefabInfo","root":{"__id__":1},"asset":{"__uuid__":"lznn8869-b527-4047-b658-635882c22127"},"fileId":"ef6d6z/J39A55+E7/mjKkhw"},"_contentSize":{"__type__":"cc.Size","width":300,"height":181},"_trs":{"__type__":"TypedArray","ctor":"Float64Array","array":[0,0,0,0,0,0,1,1,1,1]},"_zIndex":0}]