[{"__type__":"cc.Prefab","_name":"touxiangkuangtexiao","data":{"__id__":1}},{"__type__":"cc.Node","_name":"touxiangkuangtexiao","_children":[{"__id__":2}],"_components":[{"__type__":"cc.Animation","node":{"__id__":1},"_defaultClip":{"__uuid__":"lznnefa0-22f0-482d-ad20-63ffe7479dc3"},"_clips":[{"__uuid__":"lznnefa0-22f0-482d-ad20-63ffe7479dc3"}],"playOnLoad":true},{"__type__":"lznn27a3-f7f6-43f3-bc26-19a21c44bee8","node":{"__id__":1}}],"_prefab":{"__type__":"cc.PrefabInfo","root":{"__id__":1},"asset":{"__uuid__":"lznnd05c-c7bb-4bc8-8b95-0c8416f61d31"},"fileId":"b9f27kn3d1ARLszfkrEnvrJ"},"_contentSize":{"__type__":"cc.Size","width":62,"height":62},"_trs":{"__type__":"TypedArray","ctor":"Float64Array","array":[0,0,0,0,0,0,1,1,1,1]},"_zIndex":0},{"__type__":"cc.Node","_name":"Particle","_parent":{"__id__":1},"_children":[{"__id__":3}],"_prefab":{"__type__":"cc.PrefabInfo","root":{"__id__":1},"asset":{"__uuid__":"lznnd05c-c7bb-4bc8-8b95-0c8416f61d31"},"fileId":"1d71derUeBKGaMU5z1I5MR4"},"_trs":{"__type__":"TypedArray","ctor":"Float64Array","array":[0,0,0,0,0,0,1,1,1,1]},"_zIndex":0},{"__type__":"cc.Node","_name":"touxiangkuangtexiao","_parent":{"__id__":2},"_components":[{"__type__":"cc.ParticleSystem","node":{"__id__":3},"_dstBlendFactor":1,"_file":{"__uuid__":"lznnc765-77b9-4b68-91e3-d41f90a0dd98"},"totalParticles":213,"emissionRate":266.25,"life":0.8,"lifeVar":0.4,"_startColor":{"__type__":"cc.Color","r":255,"g":153,"b":51},"_startColorVar":{"__type__":"cc.Color","b":51,"a":25},"_endColor":{"__type__":"cc.Color"},"_endColorVar":{"__type__":"cc.Color","a":0},"angle":0,"angleVar":0,"startSize":12.5,"startSpin":720,"posVar":{"__type__":"cc.Vec2","y":2},"_positionType":1,"positionType":1,"speed":10,"speedVar":3,"tangentialAccel":0}],"_prefab":{"__type__":"cc.PrefabInfo","root":{"__id__":1},"asset":{"__uuid__":"lznnd05c-c7bb-4bc8-8b95-0c8416f61d31"},"fileId":"3a34czVQalN4L7uwKEoXGlj"},"_trs":{"__type__":"TypedArray","ctor":"Float64Array","array":[-40,40,0,0,0,0,1,1,1,1]},"_zIndex":0}]