[{"__type__":"cc.Prefab","_name":"kaijin","data":{"__id__":1}},{"__type__":"cc.Node","_name":"kaijin","_components":[{"__type__":"cc.Sprite","node":{"__id__":1},"_sizeMode":2,"_isTrimmedMode":false},{"__type__":"cc.Animation","node":{"__id__":1},"_defaultClip":{"__uuid__":"lznn8fdf-291b-442c-8153-c3c6b31ac566"},"_clips":[{"__uuid__":"lznn8fdf-291b-442c-8153-c3c6b31ac566"}]},{"__type__":"lznn27a3-f7f6-43f3-bc26-19a21c44bee8","node":{"__id__":1}}],"_prefab":{"__type__":"cc.PrefabInfo","root":{"__id__":1},"asset":{"__uuid__":"lznnddb9-38fe-4986-96ae-e6050b6a6cf1"},"fileId":"c970b2vuGpNBq0vJnNml+xL"},"_contentSize":{"__type__":"cc.Size","width":430,"height":210},"_trs":{"__type__":"TypedArray","ctor":"Float64Array","array":[0,0,0,0,0,0,1,1,1,1]},"_zIndex":0}]