[{"__type__":"cc.Prefab","_name":"gang","data":{"__id__":1}},{"__type__":"cc.Node","_name":"gang","_components":[{"__type__":"cc.Sprite","node":{"__id__":1},"_sizeMode":2,"_isTrimmedMode":false},{"__type__":"cc.Animation","node":{"__id__":1},"_defaultClip":{"__uuid__":"lznnf353-6a98-456c-90be-e40926885650"},"_clips":[{"__uuid__":"lznnf353-6a98-456c-90be-e40926885650"}]},{"__type__":"lznn27a3-f7f6-43f3-bc26-19a21c44bee8","node":{"__id__":1}}],"_prefab":{"__type__":"cc.PrefabInfo","root":{"__id__":1},"asset":{"__uuid__":"lznn8e92-1e2e-4439-931a-dbfc615f2507"},"fileId":"fbcd9bG48FJwpm78jFA0KjG"},"_contentSize":{"__type__":"cc.Size","width":300,"height":181},"_trs":{"__type__":"TypedArray","ctor":"Float64Array","array":[0,0,0,0,0,0,1,1,1,1]},"_zIndex":0}]