[{"__type__":"cc.Prefab","_name":"topLayer","data":{"__id__":1}},{"__type__":"cc.Node","_name":"topLayer","_components":[{"__type__":"cc.Widget","node":{"__id__":1},"alignMode":0,"_alignFlags":45},{"__type__":"cc.Button","node":{"__id__":1},"_N$normalColor":{"__type__":"cc.Color","r":214,"g":214,"b":214},"_N$target":{"__id__":1}},{"__type__":"lznn18dd-16af-4b3a-a996-49c15eb4bacb","node":{"__id__":1},"JS_Name":"lzmj_BaseComponent"}],"_prefab":{"__type__":"cc.PrefabInfo","root":{"__id__":1},"asset":{"__uuid__":"lznn8d6b-b560-49b2-9929-bb3017b9c5c8"},"fileId":"7275c8sLuxBbrJomLImgXJh"},"_contentSize":{"__type__":"cc.Size","width":1360,"height":760},"_trs":{"__type__":"TypedArray","ctor":"Float64Array","array":[680,380,0,0,0,0,1,1,1,1]}}]