{"__type__":"cc.JsonAsset","_name":"gameCreate","json":{"894":{"ID":894,"GameName":"zyqz_nn","Title":"底/s/s/s/s/s/s分：","Key":"difen","ToggleType":0,"ToggleCount":3,"ShowIndexs":"1","ToggleDesc":"1/2,2/4,4/8","IsShowHelp":0,"AtRow":"1,1,1","isWanFa":0,"AtRowEx":"1,1,1","Display":1,"Spacing":"0,200,200"},"895":{"ID":895,"GameName":"zyqz_nn","Title":"局/s/s/s/s/s/s数：","Key":"jushu","ToggleType":0,"ToggleCount":3,"ShowIndexs":"1","ToggleDesc":"10局,20局,30局","IsShowHelp":0,"AtRow":"1,1,1","isWanFa":0,"AtRowEx":"1,1,1","Display":1,"Spacing":"0,200,200"},"896":{"ID":896,"GameName":"zyqz_nn","Title":"人/s/s/s/s/s/s数：","Key":"renshu","ToggleType":0,"ToggleCount":1,"ShowIndexs":"1","ToggleDesc":"2-10人","IsShowHelp":0,"AtRow":"1","isWanFa":0,"AtRowEx":"1","Display":1,"Spacing":"0"},"897":{"ID":897,"GameName":"zyqz_nn","Title":"支/s/s/s/s/s/s付：","Key":"fangfei","ToggleType":0,"ToggleCount":3,"ShowIndexs":"2","ToggleDesc":"房主付,平分付,大赢家付","IsShowHelp":0,"AtRow":"1,1,2","isWanFa":0,"AtRowEx":"1,1,2","Display":1,"Spacing":"0,350,0"},"898":{"ID":898,"GameName":"zyqz_nn","Title":"翻倍规则：","Key":"fanbeiguize","ToggleType":0,"ToggleCount":2,"ShowIndexs":"1","ToggleDesc":"牛牛*4/牛九*3/牛八*2/牛七*2,牛牛*3/牛九*2/牛八*2","IsShowHelp":0,"AtRow":"1,2","isWanFa":1,"AtRowEx":"1,2","Display":1,"Spacing":"0,0"},"899":{"ID":899,"GameName":"zyqz_nn","Title":"特殊牌型：","Key":"teshupaixing","ToggleType":1,"ToggleCount":3,"ShowIndexs":"0","ToggleDesc":"五花牛(5倍),炸弹牛(6倍),五小牛(8倍)","IsShowHelp":0,"AtRow":"1,1,1","isWanFa":1,"AtRowEx":"1,1,1","Display":1,"Spacing":"0,300,300"},"900":{"ID":900,"GameName":"zyqz_nn","Title":"游戏设置：","Key":"gaojixuanxiang","ToggleType":1,"ToggleCount":2,"ShowIndexs":"0","ToggleDesc":"游戏开始后禁止加入,禁止搓牌","IsShowHelp":0,"AtRow":"1,2","isWanFa":0,"AtRowEx":"1,2","Display":1,"Spacing":"0,0"},"901":{"ID":901,"GameName":"zyqz_nn","Title":"闲家推注：","Key":"isXianJiaTuiZhu","ToggleType":0,"ToggleCount":3,"ShowIndexs":"1","ToggleDesc":"不推,5倍,10倍","IsShowHelp":1,"AtRow":"1,1,1","isWanFa":1,"AtRowEx":"1,1,1","Display":1,"Spacing":"0,200,200"},"902":{"ID":902,"GameName":"zyqz_nn","Title":"可选玩法：","Key":"kexuanwanfa","ToggleType":1,"ToggleCount":1,"ShowIndexs":"0","ToggleDesc":"自动准备","IsShowHelp":0,"AtRow":"1","isWanFa":1,"AtRowEx":"1","Display":1,"Spacing":"0"},"903":{"ID":903,"GameName":"zyqz_nn","Title":"解/s/s/s/s/s/s散：","Key":"jiesan","ToggleType":0,"ToggleCount":5,"ShowIndexs":"4","ToggleDesc":"30秒解散,1分解散,3分解散,5分解散,不可解散","IsShowHelp":0,"AtRow":"1,1,1,2,2","isWanFa":1,"AtRowEx":"1,1,1,2,2","Display":1,"Spacing":"0,200,200,0,200"},"904":{"ID":904,"GameName":"zyqz_nn","Title":"高级选项：","Key":"gaoji","ToggleType":1,"ToggleCount":6,"ShowIndexs":"2,5","ToggleDesc":"同IP不可进,100米内不可进,禁止使用道具,200米内不可进,30秒未准备自动踢出房间,禁止语音","IsShowHelp":0,"AtRow":"1,1,2,2,3,3","isWanFa":1,"AtRowEx":"1,1,2,2,3,3","Display":1,"Spacing":"0,250,0,250,0,400"},"905":{"ID":905,"GameName":"nnsz_nn","Title":"底/s/s/s/s/s/s分：","Key":"difen","ToggleType":0,"ToggleCount":3,"ShowIndexs":"1","ToggleDesc":"1/2,2/4,4/8","IsShowHelp":0,"AtRow":"1,1,1","isWanFa":0,"AtRowEx":"1,1,1","Display":1,"Spacing":"0,200,200"},"906":{"ID":906,"GameName":"nnsz_nn","Title":"局/s/s/s/s/s/s数：","Key":"jushu","ToggleType":0,"ToggleCount":3,"ShowIndexs":"1","ToggleDesc":"10局,20局,30局","IsShowHelp":0,"AtRow":"1,1,1","isWanFa":0,"AtRowEx":"1,1,1","Display":1,"Spacing":"0,200,200"},"907":{"ID":907,"GameName":"nnsz_nn","Title":"人/s/s/s/s/s/s数：","Key":"renshu","ToggleType":0,"ToggleCount":1,"ShowIndexs":"1","ToggleDesc":"2-10人","IsShowHelp":0,"AtRow":"1","isWanFa":0,"AtRowEx":"1","Display":1,"Spacing":"0"},"908":{"ID":908,"GameName":"nnsz_nn","Title":"支/s/s/s/s/s/s付：","Key":"fangfei","ToggleType":0,"ToggleCount":3,"ShowIndexs":"2","ToggleDesc":"房主付,平分付,大赢家付","IsShowHelp":0,"AtRow":"1,1,2","isWanFa":0,"AtRowEx":"1,1,2","Display":1,"Spacing":"0,350,0"},"909":{"ID":909,"GameName":"nnsz_nn","Title":"翻倍规则：","Key":"fanbeiguize","ToggleType":0,"ToggleCount":2,"ShowIndexs":"1","ToggleDesc":"牛牛*4/牛九*3/牛八*2/牛七*2,牛牛*3/牛九*2/牛八*2","IsShowHelp":0,"AtRow":"1,2","isWanFa":1,"AtRowEx":"1,2","Display":1,"Spacing":"0,0"},"910":{"ID":910,"GameName":"nnsz_nn","Title":"特殊牌型：","Key":"teshupaixing","ToggleType":1,"ToggleCount":3,"ShowIndexs":"0","ToggleDesc":"五花牛(5倍),炸弹牛(6倍),五小牛(8倍)","IsShowHelp":0,"AtRow":"1,1,1","isWanFa":1,"AtRowEx":"1,1,1","Display":1,"Spacing":"0,300,300"},"911":{"ID":911,"GameName":"nnsz_nn","Title":"游戏设置：","Key":"gaojixuanxiang","ToggleType":1,"ToggleCount":2,"ShowIndexs":"0","ToggleDesc":"游戏开始后禁止加入,禁止搓牌","IsShowHelp":0,"AtRow":"1,2","isWanFa":0,"AtRowEx":"1,2","Display":1,"Spacing":"0,0"},"912":{"ID":912,"GameName":"nnsz_nn","Title":"闲家推注：","Key":"isXianJiaTuiZhu","ToggleType":0,"ToggleCount":3,"ShowIndexs":"1","ToggleDesc":"不推,5倍,10倍","IsShowHelp":1,"AtRow":"1,1,1","isWanFa":1,"AtRowEx":"1,1,1","Display":1,"Spacing":"0,200,200"},"913":{"ID":913,"GameName":"nnsz_nn","Title":"可选玩法：","Key":"kexuanwanfa","ToggleType":1,"ToggleCount":1,"ShowIndexs":"0","ToggleDesc":"自动准备","IsShowHelp":0,"AtRow":"1","isWanFa":1,"AtRowEx":"1","Display":1,"Spacing":"0"},"914":{"ID":914,"GameName":"nnsz_nn","Title":"解/s/s/s/s/s/s散：","Key":"jiesan","ToggleType":0,"ToggleCount":5,"ShowIndexs":"4","ToggleDesc":"30秒解散,1分解散,3分解散,5分解散,不可解散","IsShowHelp":0,"AtRow":"1,1,1,2,2","isWanFa":1,"AtRowEx":"1,1,1,2,2","Display":1,"Spacing":"0,200,200,0,200"},"915":{"ID":915,"GameName":"nnsz_nn","Title":"高级选项：","Key":"gaoji","ToggleType":1,"ToggleCount":6,"ShowIndexs":"2,5","ToggleDesc":"同IP不可进,100米内不可进,禁止使用道具,200米内不可进,30秒未准备自动踢出房间,禁止语音","IsShowHelp":0,"AtRow":"1,1,2,2,3,3","isWanFa":1,"AtRowEx":"1,1,2,2,3,3","Display":1,"Spacing":"0,250,0,250,0,400"},"916":{"ID":916,"GameName":"gdzj_nn","Title":"底/s/s/s/s/s/s分：","Key":"difen","ToggleType":0,"ToggleCount":3,"ShowIndexs":"1","ToggleDesc":"1/2,2/4,4/8","IsShowHelp":0,"AtRow":"1,1,1","isWanFa":0,"AtRowEx":"1,1,1","Display":1,"Spacing":"0,200,200"},"917":{"ID":917,"GameName":"gdzj_nn","Title":"局/s/s/s/s/s/s数：","Key":"jushu","ToggleType":0,"ToggleCount":3,"ShowIndexs":"1","ToggleDesc":"10局,20局,30局","IsShowHelp":0,"AtRow":"1,1,1","isWanFa":0,"AtRowEx":"1,1,1","Display":1,"Spacing":"0,200,200"},"918":{"ID":918,"GameName":"gdzj_nn","Title":"人/s/s/s/s/s/s数：","Key":"renshu","ToggleType":0,"ToggleCount":1,"ShowIndexs":"1","ToggleDesc":"2-10人","IsShowHelp":0,"AtRow":"1","isWanFa":0,"AtRowEx":"1","Display":1,"Spacing":"0"},"919":{"ID":919,"GameName":"gdzj_nn","Title":"支/s/s/s/s/s/s付：","Key":"fangfei","ToggleType":0,"ToggleCount":3,"ShowIndexs":"2","ToggleDesc":"房主付,平分付,大赢家付","IsShowHelp":0,"AtRow":"1,1,2","isWanFa":0,"AtRowEx":"1,1,2","Display":1,"Spacing":"0,350,0"},"920":{"ID":920,"GameName":"gdzj_nn","Title":"翻倍规则：","Key":"fanbeiguize","ToggleType":0,"ToggleCount":2,"ShowIndexs":"1","ToggleDesc":"牛牛*4/牛九*3/牛八*2/牛七*2,牛牛*3/牛九*2/牛八*2","IsShowHelp":0,"AtRow":"1,2","isWanFa":1,"AtRowEx":"1,2","Display":1,"Spacing":"0,0"},"921":{"ID":921,"GameName":"gdzj_nn","Title":"上庄分数：","Key":"shangzhuangfenshu","ToggleType":0,"ToggleCount":4,"ShowIndexs":"1","ToggleDesc":"无,100,150,200","IsShowHelp":0,"AtRow":"1,1,1,1","isWanFa":0,"AtRowEx":"1,1,1,1","Display":1,"Spacing":"0,150,150,150"},"922":{"ID":922,"GameName":"gdzj_nn","Title":"特殊牌型：","Key":"teshupaixing","ToggleType":1,"ToggleCount":3,"ShowIndexs":"0","ToggleDesc":"五花牛(5倍),炸弹牛(6倍),五小牛(8倍)","IsShowHelp":0,"AtRow":"1,1,1","isWanFa":1,"AtRowEx":"1,1,1","Display":1,"Spacing":"0,300,300"},"923":{"ID":923,"GameName":"gdzj_nn","Title":"游戏设置：","Key":"gaojixuanxiang","ToggleType":1,"ToggleCount":2,"ShowIndexs":"0","ToggleDesc":"游戏开始后禁止加入,禁止搓牌","IsShowHelp":0,"AtRow":"1,2","isWanFa":0,"AtRowEx":"1,2","Display":1,"Spacing":"0,0"},"924":{"ID":924,"GameName":"gdzj_nn","Title":"闲家推注：","Key":"isXianJiaTuiZhu","ToggleType":0,"ToggleCount":3,"ShowIndexs":"1","ToggleDesc":"不推,5倍,10倍","IsShowHelp":1,"AtRow":"1,1,1","isWanFa":1,"AtRowEx":"1,1,1","Display":1,"Spacing":"0,200,200"},"925":{"ID":925,"GameName":"gdzj_nn","Title":"可选玩法：","Key":"kexuanwanfa","ToggleType":1,"ToggleCount":1,"ShowIndexs":"0","ToggleDesc":"自动准备","IsShowHelp":0,"AtRow":"1","isWanFa":1,"AtRowEx":"1","Display":1,"Spacing":"0"},"926":{"ID":926,"GameName":"gdzj_nn","Title":"解/s/s/s/s/s/s散：","Key":"jiesan","ToggleType":0,"ToggleCount":5,"ShowIndexs":"4","ToggleDesc":"30秒解散,1分解散,3分解散,5分解散,不可解散","IsShowHelp":0,"AtRow":"1,1,1,2,2","isWanFa":1,"AtRowEx":"1,1,1,2,2","Display":1,"Spacing":"0,200,200,0,200"},"927":{"ID":927,"GameName":"gdzj_nn","Title":"高级选项：","Key":"gaoji","ToggleType":1,"ToggleCount":6,"ShowIndexs":"2,5","ToggleDesc":"同IP不可进,100米内不可进,禁止使用道具,200米内不可进,30秒未准备自动踢出房间,禁止语音","IsShowHelp":0,"AtRow":"1,1,2,2,3,3","isWanFa":1,"AtRowEx":"1,1,2,2,3,3","Display":1,"Spacing":"0,250,0,250,0,400"},"928":{"ID":928,"GameName":"mpqz_nn","Title":"底/s/s/s/s/s/s分：","Key":"difen","ToggleType":0,"ToggleCount":3,"ShowIndexs":"1","ToggleDesc":"1/2,2/4,4/8","IsShowHelp":0,"AtRow":"1,1,1","isWanFa":0,"AtRowEx":"1,1,1","Display":1,"Spacing":"0,200,200"},"929":{"ID":929,"GameName":"mpqz_nn","Title":"局/s/s/s/s/s/s数：","Key":"jushu","ToggleType":0,"ToggleCount":4,"ShowIndexs":"1","ToggleDesc":"1局,10局,20局,30局","IsShowHelp":0,"AtRow":"1,1,1,1","isWanFa":0,"AtRowEx":"1,1,1,1","Display":1,"Spacing":"0,200,200,200"},"930":{"ID":930,"GameName":"mpqz_nn","Title":"人/s/s/s/s/s/s数：","Key":"renshu","ToggleType":0,"ToggleCount":1,"ShowIndexs":"1","ToggleDesc":"2-10人","IsShowHelp":0,"AtRow":"1","isWanFa":0,"AtRowEx":"1","Display":1,"Spacing":"0"},"931":{"ID":931,"GameName":"mpqz_nn","Title":"支/s/s/s/s/s/s付：","Key":"fangfei","ToggleType":0,"ToggleCount":3,"ShowIndexs":"2","ToggleDesc":"房主付,平分付,大赢家付","IsShowHelp":0,"AtRow":"1,1,2","isWanFa":0,"AtRowEx":"1,1,2","Display":1,"Spacing":"0,350,0"},"932":{"ID":932,"GameName":"mpqz_nn","Title":"翻倍规则：","Key":"fanbeiguize","ToggleType":0,"ToggleCount":2,"ShowIndexs":"1","ToggleDesc":"牛牛*4/牛九*3/牛八*2/牛七*2,牛牛*3/牛九*2/牛八*2","IsShowHelp":0,"AtRow":"1,2","isWanFa":1,"AtRowEx":"1,2","Display":1,"Spacing":"0,0"},"933":{"ID":933,"GameName":"mpqz_nn","Title":"最大抢庄：","Key":"zuidaqiangzhuang","ToggleType":0,"ToggleCount":4,"ShowIndexs":"1","ToggleDesc":"1倍,2倍,3倍,4倍","IsShowHelp":0,"AtRow":"1,1,1,1","isWanFa":0,"AtRowEx":"1,1,1,1","Display":1,"Spacing":"0,150,150,150"},"934":{"ID":934,"GameName":"mpqz_nn","Title":"特殊牌型：","Key":"teshupaixing","ToggleType":1,"ToggleCount":3,"ShowIndexs":"0","ToggleDesc":"五花牛(5倍),炸弹牛(6倍),五小牛(8倍)","IsShowHelp":0,"AtRow":"1,1,1","isWanFa":1,"AtRowEx":"1,1,1","Display":1,"Spacing":"0,300,300"},"935":{"ID":935,"GameName":"mpqz_nn","Title":"游戏设置：","Key":"gaojixuanxiang","ToggleType":1,"ToggleCount":2,"ShowIndexs":"0","ToggleDesc":"游戏开始后禁止加入,禁止搓牌","IsShowHelp":0,"AtRow":"1,2","isWanFa":0,"AtRowEx":"1,2","Display":1,"Spacing":"0,0"},"936":{"ID":936,"GameName":"mpqz_nn","Title":"闲家推注：","Key":"isXianJiaTuiZhu","ToggleType":0,"ToggleCount":3,"ShowIndexs":"1","ToggleDesc":"不推,5倍,10倍","IsShowHelp":1,"AtRow":"1,1,1","isWanFa":1,"AtRowEx":"1,1,1","Display":1,"Spacing":"0,200,200"},"937":{"ID":937,"GameName":"mpqz_nn","Title":"可选玩法：","Key":"kexuanwanfa","ToggleType":1,"ToggleCount":1,"ShowIndexs":"0","ToggleDesc":"自动准备","IsShowHelp":0,"AtRow":"1","isWanFa":1,"AtRowEx":"1","Display":1,"Spacing":"0"},"938":{"ID":938,"GameName":"mpqz_nn","Title":"解/s/s/s/s/s/s散：","Key":"jiesan","ToggleType":0,"ToggleCount":5,"ShowIndexs":"4","ToggleDesc":"30秒解散,1分解散,3分解散,5分解散,不可解散","IsShowHelp":0,"AtRow":"1,1,1,2,2","isWanFa":1,"AtRowEx":"1,1,1,2,2","Display":1,"Spacing":"0,200,200,0,200"},"939":{"ID":939,"GameName":"mpqz_nn","Title":"高级选项：","Key":"gaoji","ToggleType":1,"ToggleCount":6,"ShowIndexs":"2,5","ToggleDesc":"同IP不可进,100米内不可进,禁止使用道具,200米内不可进,30秒未准备自动踢出房间,禁止语音","IsShowHelp":0,"AtRow":"1,1,2,2,3,3","isWanFa":1,"AtRowEx":"1,1,2,2,3,3","Display":1,"Spacing":"0,250,0,250,0,400"},"940":{"ID":940,"GameName":"tbnn_nn","Title":"底/s/s/s/s/s/s分：","Key":"difen","ToggleType":0,"ToggleCount":3,"ShowIndexs":"1","ToggleDesc":"1,2,4","IsShowHelp":0,"AtRow":"1,1,1","isWanFa":0,"AtRowEx":"1,1,1","Display":1,"Spacing":"0,200,200"},"941":{"ID":941,"GameName":"tbnn_nn","Title":"局/s/s/s/s/s/s数：","Key":"jushu","ToggleType":0,"ToggleCount":3,"ShowIndexs":"1","ToggleDesc":"10局,20局,30局","IsShowHelp":0,"AtRow":"1,1,1","isWanFa":0,"AtRowEx":"1,1,1","Display":1,"Spacing":"0,200,200"},"942":{"ID":942,"GameName":"tbnn_nn","Title":"人/s/s/s/s/s/s数：","Key":"renshu","ToggleType":0,"ToggleCount":1,"ShowIndexs":"1","ToggleDesc":"2-10人","IsShowHelp":0,"AtRow":"1","isWanFa":0,"AtRowEx":"1","Display":1,"Spacing":"0"},"943":{"ID":943,"GameName":"tbnn_nn","Title":"支/s/s/s/s/s/s付：","Key":"fangfei","ToggleType":0,"ToggleCount":3,"ShowIndexs":"2","ToggleDesc":"房主付,平分付,大赢家付","IsShowHelp":0,"AtRow":"1,1,2","isWanFa":0,"AtRowEx":"1,1,2","Display":1,"Spacing":"0,350,0"},"944":{"ID":944,"GameName":"tbnn_nn","Title":"翻倍规则：","Key":"fanbeiguize","ToggleType":0,"ToggleCount":2,"ShowIndexs":"1","ToggleDesc":"牛牛*4/牛九*3/牛八*2/牛七*2,牛牛*3/牛九*2/牛八*2","IsShowHelp":0,"AtRow":"1,2","isWanFa":1,"AtRowEx":"1,2","Display":1,"Spacing":"0,0"},"945":{"ID":945,"GameName":"tbnn_nn","Title":"特殊牌型：","Key":"teshupaixing","ToggleType":1,"ToggleCount":3,"ShowIndexs":"0","ToggleDesc":"五花牛(5倍),炸弹牛(6倍),五小牛(8倍)","IsShowHelp":0,"AtRow":"1,1,1","isWanFa":1,"AtRowEx":"1,1,1","Display":1,"Spacing":"0,300,300"},"946":{"ID":946,"GameName":"tbnn_nn","Title":"游戏设置：","Key":"gaojixuanxiang","ToggleType":1,"ToggleCount":2,"ShowIndexs":"0","ToggleDesc":"游戏开始后禁止加入,禁止搓牌","IsShowHelp":0,"AtRow":"1,2","isWanFa":0,"AtRowEx":"1,2","Display":1,"Spacing":"0,0"},"947":{"ID":947,"GameName":"tbnn_nn","Title":"可选玩法：","Key":"kexuanwanfa","ToggleType":1,"ToggleCount":1,"ShowIndexs":"0","ToggleDesc":"自动准备","IsShowHelp":0,"AtRow":"1","isWanFa":1,"AtRowEx":"1","Display":1,"Spacing":"0"},"948":{"ID":948,"GameName":"tbnn_nn","Title":"解/s/s/s/s/s/s散：","Key":"jiesan","ToggleType":0,"ToggleCount":5,"ShowIndexs":"4","ToggleDesc":"30秒解散,1分解散,3分解散,5分解散,不可解散","IsShowHelp":0,"AtRow":"1,1,1,2,2","isWanFa":1,"AtRowEx":"1,1,1,2,2","Display":1,"Spacing":"0,200,200,0,200"},"949":{"ID":949,"GameName":"tbnn_nn","Title":"高级选项：","Key":"gaoji","ToggleType":1,"ToggleCount":6,"ShowIndexs":"2,5","ToggleDesc":"同IP不可进,100米内不可进,禁止使用道具,200米内不可进,30秒未准备自动踢出房间,禁止语音","IsShowHelp":0,"AtRow":"1,1,2,2,3,3","isWanFa":1,"AtRowEx":"1,1,2,2,3,3","Display":1,"Spacing":"0,250,0,250,0,400"},"950":{"ID":950,"GameName":"lz_nn","Title":"底/s/s/s/s/s/s分：","Key":"difen","ToggleType":0,"ToggleCount":3,"ShowIndexs":"1","ToggleDesc":"1/2,2/4,4/8","IsShowHelp":0,"AtRow":"1,1,1","isWanFa":0,"AtRowEx":"1,1,1","Display":1,"Spacing":"0,200,200"},"951":{"ID":951,"GameName":"lz_nn","Title":"局/s/s/s/s/s/s数：","Key":"jushu","ToggleType":0,"ToggleCount":3,"ShowIndexs":"1","ToggleDesc":"10局,20局,30局","IsShowHelp":0,"AtRow":"1,1,1","isWanFa":0,"AtRowEx":"1,1,1","Display":1,"Spacing":"0,200,200"},"952":{"ID":952,"GameName":"lz_nn","Title":"人/s/s/s/s/s/s数：","Key":"renshu","ToggleType":0,"ToggleCount":1,"ShowIndexs":"1","ToggleDesc":"2-10人","IsShowHelp":0,"AtRow":"1","isWanFa":0,"AtRowEx":"1","Display":1,"Spacing":"0"},"953":{"ID":953,"GameName":"lz_nn","Title":"支/s/s/s/s/s/s付：","Key":"fangfei","ToggleType":0,"ToggleCount":3,"ShowIndexs":"2","ToggleDesc":"房主付,平分付,大赢家付","IsShowHelp":0,"AtRow":"1,1,2","isWanFa":0,"AtRowEx":"1,1,2","Display":1,"Spacing":"0,350,0"},"954":{"ID":954,"GameName":"lz_nn","Title":"翻倍规则：","Key":"fanbeiguize","ToggleType":0,"ToggleCount":2,"ShowIndexs":"1","ToggleDesc":"牛牛*4/牛九*3/牛八*2/牛七*2,牛牛*3/牛九*2/牛八*2","IsShowHelp":0,"AtRow":"1,2","isWanFa":1,"AtRowEx":"1,2","Display":1,"Spacing":"0,0"},"955":{"ID":955,"GameName":"lz_nn","Title":"特殊牌型：","Key":"teshupaixing","ToggleType":1,"ToggleCount":3,"ShowIndexs":"0","ToggleDesc":"五花牛(5倍),炸弹牛(6倍),五小牛(8倍)","IsShowHelp":0,"AtRow":"1,1,1","isWanFa":1,"AtRowEx":"1,1,1","Display":1,"Spacing":"0,300,300"},"956":{"ID":956,"GameName":"lz_nn","Title":"游戏设置：","Key":"gaojixuanxiang","ToggleType":1,"ToggleCount":2,"ShowIndexs":"0","ToggleDesc":"游戏开始后禁止加入,禁止搓牌","IsShowHelp":0,"AtRow":"1,2","isWanFa":0,"AtRowEx":"1,2","Display":1,"Spacing":"0,0"},"957":{"ID":957,"GameName":"lz_nn","Title":"闲家推注：","Key":"isXianJiaTuiZhu","ToggleType":0,"ToggleCount":3,"ShowIndexs":"1","ToggleDesc":"不推,5倍,10倍","IsShowHelp":1,"AtRow":"1,1,1","isWanFa":1,"AtRowEx":"1,1,1","Display":1,"Spacing":"0,200,200"},"958":{"ID":958,"GameName":"lz_nn","Title":"可选玩法：","Key":"kexuanwanfa","ToggleType":1,"ToggleCount":1,"ShowIndexs":"0","ToggleDesc":"自动准备","IsShowHelp":0,"AtRow":"1","isWanFa":1,"AtRowEx":"1","Display":1,"Spacing":"0"},"959":{"ID":959,"GameName":"lz_nn","Title":"解/s/s/s/s/s/s散：","Key":"jiesan","ToggleType":0,"ToggleCount":5,"ShowIndexs":"4","ToggleDesc":"30秒解散,1分解散,3分解散,5分解散,不可解散","IsShowHelp":0,"AtRow":"1,1,1,2,2","isWanFa":1,"AtRowEx":"1,1,1,2,2","Display":1,"Spacing":"0,200,200,0,200"},"960":{"ID":960,"GameName":"lz_nn","Title":"高级选项：","Key":"gaoji","ToggleType":1,"ToggleCount":6,"ShowIndexs":"2,5","ToggleDesc":"同IP不可进,100米内不可进,禁止使用道具,200米内不可进,30秒未准备自动踢出房间,禁止语音","IsShowHelp":0,"AtRow":"1,1,2,2,3,3","isWanFa":1,"AtRowEx":"1,1,2,2,3,3","Display":1,"Spacing":"0,250,0,250,0,400"}}}