{"__type__":"cc.JsonAsset","_name":"GameHelp","json":{"915":{"id":915,"gameName":"nn","isTitle":1,"img":"null","fontSize":26,"fontColor":"181,104,48,255","desc":"【基本规则】"},"916":{"id":916,"gameName":"nn","isTitle":0,"img":"null","fontSize":22,"fontColor":"92,129,61,255","desc":"/t去掉大小王,总共52张牌,2~8人可玩,每一局每人总共摸取5张牌。/n/t牌面数值：10,J,Q,K都为10,其他按牌面数字计算。/n/t取其中的3张牌数值相加,如果和是10的倍数,则剩余2张牌相加之和取个位数即为牛X,如：4/9/8/7/K,（4+7+9=20）（K+8=18）,此牌型为牛八。如果剩余2张牌相加之和也是10的倍数,即为牛牛牌型,如：4/9/7/J/Q,J+Q-20,则为牛牛/n/t五小牛：所有牌均小于5,点数总和小于10。/n/t炸弹牛：有4张相同牌。/n/t五花牛：5张牌均为JQK。/n/t5张牌中任意3张牌之和都不能为10的倍数,则判定为无牛。/n/t牌型大小顺序为：五小牛>炸弹牛>五花牛>牛牛>牛九>牛八>牛七>牛六>牛五>牛四>牛三>牛二>牛一>无牛。/n/t如果牛数相同,则比较五张手牌中最大的那张牌的大小,顺序为：K>Q>J>10•••>2>A,炸弹牛比较炸弹的大小。/n/t如果牛数相同,最大那张牌的数字也相同,则比较花色,顺序为：黑桃>红桃>梅花>方块。/n/t创建房间时,可以选择每种牌型的倍数,获胜积分=赢家牌型的倍数*下注额*（抢庄倍数）,例如闲家A下注额为2,并以牛八的牌型（牛八x2倍）赢过庄家,则可以赢取庄家2*2,即4积分,如果是在明牌抢庄中,庄家抢的是4倍庄,则玩家A赢得的积分为2*2*4,即16积分。"},"917":{"id":917,"gameName":"nn","isTitle":1,"img":"null","fontSize":26,"fontColor":"181,104,48,255","desc":"【庄家规则】"},"918":{"id":918,"gameName":"nn","isTitle":0,"img":"null","fontSize":22,"fontColor":"92,129,61,255","desc":"/t自由抢庄：每局开始,玩家均可选择是否抢庄,如果只有1个玩家抢庄,则抢庄玩家坐庄；如果多人抢庄,则从中随机一名玩家坐庄,如果无人抢庄,则从所有玩家中随机一名玩家坐庄。/n/t牛牛上庄：第一局随机庄家,在玩家抓到牛牛牌型之后,下一局会成为庄家；如果一局中有多个玩家抓到牛牛牌型,则牛牛最大的玩家下一局成为庄家；如果本局无牛牛牌型,则本局庄家下局连庄。/n/t固定庄家：房主固定为庄家,在游戏中庄家不可以变更。庄家可以拥有底分,在底分全部输光,达到开房局数或在三局以后,庄家主动下庄时,房间进行结算,每局结算时按照牌型大小进行结算,当庄家底分不足时,将停止后续的结算。/n/t明牌抢庄：玩家根据手中已经亮开的四张牌决定抢庄或者不抢,抢庄倍数最大的玩家坐庄；如果多名玩家都选择最大倍数,则从中随机一名玩家坐庄；如果无人抢庄,则从所有玩家中随机一名玩家坐庄。/n/t通比牛牛：无庄家,速度快,牌最大者赢全场。"},"919":{"id":919,"gameName":"nn","isTitle":1,"img":"null","fontSize":26,"fontColor":"181,104,48,255","desc":"【用语解释】"},"920":{"id":920,"gameName":"nn","isTitle":0,"img":"null","fontSize":22,"fontColor":"92,129,61,255","desc":"/t庄闲：每局中会有一个庄家,剩余玩家为闲家,闲家在游戏中进行下注,庄家不需要下注。/n/t亮牌：玩家将手上的牌面公示给其他玩家。/n/t比牌：庄家跟闲家一一比较牌型大小,按照牌型大小顺序。/n/t结算：闲家和庄家一一结算,根据闲家的下注数额及双方牌型计算输赢积分."}}}