{"__type__":"cc.SpriteAtlas","_spriteFrames":{"anim_zimo1":{"__uuid__":"lznn3e6e-4e56-4531-80f4-b559a68b73b1"},"anim_zimo2":{"__uuid__":"lznnd801-b013-445b-86f2-3ce94ccdf038"},"anim_zimo3":{"__uuid__":"lznn8856-8cfb-4d97-a03a-e9a11ac13b17"},"anim_zimo5":{"__uuid__":"lznn7411-9353-483b-bb72-fa9a83533956"},"anim_zimo4":{"__uuid__":"lznnb87f-4dcb-4a1c-ad14-4da770298d8c"},"anim_zimo6":{"__uuid__":"lznn31d3-7e97-4fdd-a79d-6e67d5a88206"},"anim_zimo7":{"__uuid__":"lznn4d31-6bd9-47bb-9acd-d4268c995fd8"},"anim_zimo8":{"__uuid__":"lznn6162-0554-4df1-888a-7d99d102213a"}}}