{"__type__":"cc.AnimationClip","_name":"UIAudioPlay","_duration":1,"wrapMode":2,"curveData":{"paths":{"icon_chat_huatong1":{"props":{"active":[{"frame":0,"value":false},{"frame":0.08333333333333333,"value":true},{"frame":1,"value":false}]}},"icon_chat_huatong2":{"props":{"active":[{"frame":0,"value":false},{"frame":0.3333333333333333,"value":true},{"frame":1,"value":false}]}},"icon_chat_huatong3":{"props":{"active":[{"frame":0,"value":false},{"frame":0.6666666666666666,"value":true},{"frame":1,"value":false}]}}}}}