[{"__type__":"cc.Prefab","_name":"uiLayer","data":{"__id__":1}},{"__type__":"cc.Node","_name":"uiLayer","_components":[{"__type__":"cc.Widget","node":{"__id__":1},"alignMode":0,"_alignFlags":45},{"__type__":"lznn72df-6da1-4477-bd24-6b901d3ba791","node":{"__id__":1}}],"_prefab":{"__type__":"cc.PrefabInfo","root":{"__id__":1},"asset":{"__uuid__":"lznn1246-0e75-4a78-a416-d94cc5d2a8a7"},"fileId":"1bd0dViUz9E8LHOBN33++IU"},"_contentSize":{"__type__":"cc.Size","width":1360,"height":760},"_trs":{"__type__":"TypedArray","ctor":"Float64Array","array":[680,380,0,0,0,0,1,1,1,1]},"_zIndex":0}]