{"__type__":"cc.JsonAsset","_name":"Face","json":{"face1":{"faceID":"face1","facePath":"texture/ui/chat/icon_expression1.png"},"face2":{"faceID":"face2","facePath":"texture/ui/chat/icon_expression2.png"},"face3":{"faceID":"face3","facePath":"texture/ui/chat/icon_expression3.png"},"face4":{"faceID":"face4","facePath":"texture/ui/chat/icon_expression4.png"},"face5":{"faceID":"face5","facePath":"texture/ui/chat/icon_expression5.png"},"face6":{"faceID":"face6","facePath":"texture/ui/chat/icon_expression6.png"},"face7":{"faceID":"face7","facePath":"texture/ui/chat/icon_expression7.png"},"face8":{"faceID":"face8","facePath":"texture/ui/chat/icon_expression8.png"},"face9":{"faceID":"face9","facePath":"texture/ui/chat/icon_expression9.png"},"face10":{"faceID":"face10","facePath":"texture/ui/chat/icon_expression10.png"},"face11":{"faceID":"face11","facePath":"texture/ui/chat/icon_expression11.png"},"face12":{"faceID":"face12","facePath":"texture/ui/chat/icon_expression12.png"},"face13":{"faceID":"face13","facePath":"texture/ui/chat/icon_expression13.png"},"face14":{"faceID":"face14","facePath":"texture/ui/chat/icon_expression14.png"},"face15":{"faceID":"face15","facePath":"texture/ui/chat/icon_expression15.png"}}}