{"__type__":"cc.JsonAsset","_name":"roomcost","json":{"101050210005010210":{"id":"101050210005010210","selectCity":"1010502","roomid":"10005010210","GameType":"ZYQZ_NN","SetCount":10,"PeopleMin":2,"PeopleMax":10,"AaCostCount":1,"WinCostCount":8,"CostCount":8,"ClubAaCostCount":0,"ClubWinCostCount":0,"ClubCostCount":8,"UnionCostCount":8,"Sign":1},"101050210005020210":{"id":"101050210005020210","selectCity":"1010502","roomid":"10005020210","GameType":"ZYQZ_NN","SetCount":20,"PeopleMin":2,"PeopleMax":10,"AaCostCount":2,"WinCostCount":16,"CostCount":16,"ClubAaCostCount":0,"ClubWinCostCount":0,"ClubCostCount":16,"UnionCostCount":16,"Sign":1},"101050210005030210":{"id":"101050210005030210","selectCity":"1010502","roomid":"10005030210","GameType":"ZYQZ_NN","SetCount":30,"PeopleMin":2,"PeopleMax":10,"AaCostCount":3,"WinCostCount":24,"CostCount":24,"ClubAaCostCount":0,"ClubWinCostCount":0,"ClubCostCount":24,"UnionCostCount":24,"Sign":1},"101050220005010210":{"id":"101050220005010210","selectCity":"1010502","roomid":"20005010210","GameType":"NNSZ_NN","SetCount":10,"PeopleMin":2,"PeopleMax":10,"AaCostCount":1,"WinCostCount":8,"CostCount":8,"ClubAaCostCount":0,"ClubWinCostCount":0,"ClubCostCount":8,"UnionCostCount":8,"Sign":2},"101050220005020210":{"id":"101050220005020210","selectCity":"1010502","roomid":"20005020210","GameType":"NNSZ_NN","SetCount":20,"PeopleMin":2,"PeopleMax":10,"AaCostCount":2,"WinCostCount":16,"CostCount":16,"ClubAaCostCount":0,"ClubWinCostCount":0,"ClubCostCount":16,"UnionCostCount":16,"Sign":2},"101050220005030210":{"id":"101050220005030210","selectCity":"1010502","roomid":"20005030210","GameType":"NNSZ_NN","SetCount":30,"PeopleMin":2,"PeopleMax":10,"AaCostCount":3,"WinCostCount":24,"CostCount":24,"ClubAaCostCount":0,"ClubWinCostCount":0,"ClubCostCount":24,"UnionCostCount":24,"Sign":2},"101050230005010210":{"id":"101050230005010210","selectCity":"1010502","roomid":"30005010210","GameType":"GDZJ_NN","SetCount":10,"PeopleMin":2,"PeopleMax":10,"AaCostCount":1,"WinCostCount":8,"CostCount":8,"ClubAaCostCount":0,"ClubWinCostCount":0,"ClubCostCount":8,"UnionCostCount":8,"Sign":3},"101050230005020210":{"id":"101050230005020210","selectCity":"1010502","roomid":"30005020210","GameType":"GDZJ_NN","SetCount":20,"PeopleMin":2,"PeopleMax":10,"AaCostCount":2,"WinCostCount":16,"CostCount":16,"ClubAaCostCount":0,"ClubWinCostCount":0,"ClubCostCount":16,"UnionCostCount":16,"Sign":3},"101050230005030210":{"id":"101050230005030210","selectCity":"1010502","roomid":"30005030210","GameType":"GDZJ_NN","SetCount":30,"PeopleMin":2,"PeopleMax":10,"AaCostCount":3,"WinCostCount":24,"CostCount":24,"ClubAaCostCount":0,"ClubWinCostCount":0,"ClubCostCount":24,"UnionCostCount":24,"Sign":3},"101050240005001210":{"id":"101050240005001210","selectCity":"1010502","roomid":"40005001210","GameType":"MPQZ_NN","SetCount":1,"PeopleMin":2,"PeopleMax":10,"AaCostCount":1,"WinCostCount":8,"CostCount":8,"ClubAaCostCount":0,"ClubWinCostCount":0,"ClubCostCount":8,"UnionCostCount":8,"Sign":4},"101050240005010210":{"id":"101050240005010210","selectCity":"1010502","roomid":"40005010210","GameType":"MPQZ_NN","SetCount":10,"PeopleMin":2,"PeopleMax":10,"AaCostCount":1,"WinCostCount":8,"CostCount":8,"ClubAaCostCount":0,"ClubWinCostCount":0,"ClubCostCount":8,"UnionCostCount":8,"Sign":4},"101050240005020210":{"id":"101050240005020210","selectCity":"1010502","roomid":"40005020210","GameType":"MPQZ_NN","SetCount":20,"PeopleMin":2,"PeopleMax":10,"AaCostCount":2,"WinCostCount":16,"CostCount":16,"ClubAaCostCount":0,"ClubWinCostCount":0,"ClubCostCount":16,"UnionCostCount":16,"Sign":4},"101050240005030210":{"id":"101050240005030210","selectCity":"1010502","roomid":"40005030210","GameType":"MPQZ_NN","SetCount":30,"PeopleMin":2,"PeopleMax":10,"AaCostCount":3,"WinCostCount":24,"CostCount":24,"ClubAaCostCount":0,"ClubWinCostCount":0,"ClubCostCount":24,"UnionCostCount":24,"Sign":4},"101050250005010210":{"id":"101050250005010210","selectCity":"1010502","roomid":"50005010210","GameType":"TBNN_NN","SetCount":10,"PeopleMin":2,"PeopleMax":10,"AaCostCount":1,"WinCostCount":8,"CostCount":8,"ClubAaCostCount":0,"ClubWinCostCount":0,"ClubCostCount":8,"UnionCostCount":8,"Sign":5},"101050250005020210":{"id":"101050250005020210","selectCity":"1010502","roomid":"50005020210","GameType":"TBNN_NN","SetCount":20,"PeopleMin":2,"PeopleMax":10,"AaCostCount":2,"WinCostCount":16,"CostCount":16,"ClubAaCostCount":0,"ClubWinCostCount":0,"ClubCostCount":16,"UnionCostCount":16,"Sign":5},"101050250005030210":{"id":"101050250005030210","selectCity":"1010502","roomid":"50005030210","GameType":"TBNN_NN","SetCount":30,"PeopleMin":2,"PeopleMax":10,"AaCostCount":3,"WinCostCount":24,"CostCount":24,"ClubAaCostCount":0,"ClubWinCostCount":0,"ClubCostCount":24,"UnionCostCount":24,"Sign":5},"101050260005010210":{"id":"101050260005010210","selectCity":"1010502","roomid":"60005010210","GameType":"LZ_NN","SetCount":10,"PeopleMin":2,"PeopleMax":10,"AaCostCount":1,"WinCostCount":8,"CostCount":8,"ClubAaCostCount":0,"ClubWinCostCount":0,"ClubCostCount":8,"UnionCostCount":8,"Sign":6},"101050260005020210":{"id":"101050260005020210","selectCity":"1010502","roomid":"60005020210","GameType":"LZ_NN","SetCount":20,"PeopleMin":2,"PeopleMax":10,"AaCostCount":2,"WinCostCount":16,"CostCount":16,"ClubAaCostCount":0,"ClubWinCostCount":0,"ClubCostCount":16,"UnionCostCount":16,"Sign":6},"101050260005030210":{"id":"101050260005030210","selectCity":"1010502","roomid":"60005030210","GameType":"LZ_NN","SetCount":30,"PeopleMin":2,"PeopleMax":10,"AaCostCount":3,"WinCostCount":24,"CostCount":24,"ClubAaCostCount":0,"ClubWinCostCount":0,"ClubCostCount":24,"UnionCostCount":24,"Sign":6}}}