[{"__type__":"cc.SpriteFrame","content":{"name":"ani_jd_01","texture":"qzmjmj98-1074-4b11-beb8-d092f26e7306","rect":[0,0,51,67],"offset":[0,0],"originalSize":[51,67],"capInsets":[0,0,0,0]}},[{"__type__":"cc.Prefab","_name":"jidanPrefab","data":{"__id__":1}},{"__type__":"cc.Node","_name":"jidanPrefab","_components":[{"__type__":"cc.Sprite","node":{"__id__":1},"_spriteFrame":{"__uuid__":"qzmjmj71-7ae2-4bdb-9a74-a6b113e51e37"}},{"__type__":"cc.Animation","node":{"__id__":1},"_defaultClip":{"__uuid__":"qzmjmjed-9ab3-4e4e-a741-17ae31aae234"},"_clips":[{"__uuid__":"qzmjmjed-9ab3-4e4e-a741-17ae31aae234"}]}],"_prefab":{"__type__":"cc.PrefabInfo","root":{"__id__":1},"asset":{"__uuid__":"qzmjmjf1-9446-4574-9193-312e0dc4c6d5"},"fileId":"ffLUSTLg5JV7m8cB1lvI30"},"_contentSize":{"__type__":"cc.Size","width":51,"height":67},"_trs":{"__type__":"TypedArray","ctor":"Float64Array","array":[0,0,0,0,0,0,1,1,1,1]},"_zIndex":0}]]