[{"__type__":"cc.SpriteFrame","content":{"name":"default_btn_disabled","texture":"71VhFCTINJM6/Ky3oX9nBT","rect":[0,0,40,40],"offset":[0,0],"originalSize":[40,40],"capInsets":[12,12,12,12]}},{"__type__":"cc.SpriteFrame","content":{"name":"default_btn_pressed","texture":"b4P/PCArtIdIH38t6mlw8Y","rect":[0,0,40,40],"offset":[0,0],"originalSize":[40,40],"capInsets":[12,12,12,12]}},{"__type__":"cc.SpriteFrame","content":{"name":"default_btn_normal","texture":"e8Ueib+qJEhL6mXAHdnwbi","rect":[0,0,40,40],"offset":[0,0],"originalSize":[40,40],"capInsets":[12,12,12,12]}},{"__type__":"cc.SpriteFrame","content":{"name":"btn_close","texture":"qzmjmj22-4193-4d6e-968d-ec3ef372c92d","rect":[0,0,79,80],"offset":[0,0],"originalSize":[79,80],"capInsets":[0,0,0,0]}},{"__type__":"cc.SpriteFrame","content":{"name":"bg","texture":"qzmjmj36-8a0c-4d92-8561-c45e53fa19cc","rect":[0,0,21,63],"offset":[0,0],"originalSize":[21,63],"capInsets":[0,0,0,0]}},{"__type__":"cc.SpriteFrame","content":{"name":"btn_cz","texture":"qzmjmjd6-12ca-49ee-9e85-b76292dcb6a8","rect":[0,0,191,73],"offset":[0,0],"originalSize":[191,73],"capInsets":[0,0,0,0]}},{"__type__":"cc.SpriteFrame","content":{"name":"bg_input","texture":"qzmjmjdc-1a5e-406a-8ec3-3a567558f641","rect":[0,0,593,70],"offset":[0,0],"originalSize":[593,70],"capInsets":[0,0,0,0]}},{"__type__":"cc.SpriteFrame","content":{"name":"img_up_title","texture":"qzmjmj03-d2ee-4df5-9691-c266f03165e2","rect":[0,0,425,90],"offset":[0,0],"originalSize":[425,90],"capInsets":[0,0,0,0]}},{"__type__":"cc.SpriteFrame","content":{"name":"btn_sc","texture":"qzmjmjfc-fbce-4b8c-a434-ce720431ef35","rect":[0,0,191,73],"offset":[0,0],"originalSize":[191,73],"capInsets":[0,0,0,0]}},[{"__type__":"cc.Prefab","_name":"qzmj_UIJoin","data":{"__id__":1}},{"__type__":"cc.Node","_name":"xymj_UIJoin","_children":[{"__id__":2},{"__id__":4},{"__id__":43},{"__id__":44}],"_components":[{"__type__":"cc.Widget","node":{"__id__":1},"alignMode":0,"_alignFlags":45,"_originalWidth":1360,"_originalHeight":760},{"__type__":"cc.Button","node":{"__id__":1},"clickEvents":[{"__type__":"cc.ClickEvent","target":{"__id__":1},"_componentId":"qzmjmAhTVxIyLZMmGL5d9cB","handler":"OnClick_Form"}],"_N$normalColor":{"__type__":"cc.Color","r":214,"g":214,"b":214},"_N$target":{"__id__":1}},{"__type__":"cc.Sprite","node":{"__id__":1},"_materials":[{"__uuid__":"ecpdLyjvZBwrvm+cedCcQy"}],"_spriteFrame":{"__uuid__":"qzmjmj1f-3e0b-4b1d-ae52-c52ad188bba9"},"_sizeMode":0},{"__type__":"qzmjmj21-4d5c-48c8-b64c-9862f977d701","node":{"__id__":1},"JS_Name":"pxzzmj_BaseComponent"}],"_prefab":{"__type__":"cc.PrefabInfo","root":{"__id__":1},"asset":{"__uuid__":"qzmjmjb4-8bc7-4d60-9def-18e4b2246e3d"},"fileId":"16LwhGjx1K/ovTYZw11ztv"},"_contentSize":{"__type__":"cc.Size","width":1360,"height":760},"_trs":{"__type__":"TypedArray","ctor":"Float64Array","array":[680,380,0,0,0,0,1,1,1,1]}},{"__type__":"cc.Node","_name":"btn_bg","_parent":{"__id__":1},"_children":[{"__id__":3}],"_components":[{"__type__":"cc.Button","node":{"__id__":2},"_N$pressedColor":{"__type__":"cc.Color","r":255,"g":255,"b":255},"pressedColor":{"__type__":"cc.Color","r":255,"g":255,"b":255},"_N$disabledColor":{"__type__":"cc.Color","r":255,"g":255,"b":255},"_N$normalSprite":{"__uuid__":"f0BIwQ8D5Ml7nTNQbh1YlS"},"_N$pressedSprite":{"__uuid__":"e97GVMl6JHh5Ml5qEDdSGa"},"pressedSprite":{"__uuid__":"e97GVMl6JHh5Ml5qEDdSGa"},"_N$hoverSprite":{"__uuid__":"e97GVMl6JHh5Ml5qEDdSGa"},"hoverSprite":{"__uuid__":"e97GVMl6JHh5Ml5qEDdSGa"},"_N$disabledSprite":{"__uuid__":"29FYIk+N1GYaeWH/q1NxQO"},"_N$target":{"__id__":2}}],"_prefab":{"__type__":"cc.PrefabInfo","root":{"__id__":1},"asset":{"__uuid__":"qzmjmjb4-8bc7-4d60-9def-18e4b2246e3d"},"fileId":"febV8xXddFsaUJ0CklvXwz"},"_contentSize":{"__type__":"cc.Size","width":682,"height":578},"_trs":{"__type__":"TypedArray","ctor":"Float64Array","array":[0,-14,0,0,0,0,1,1,1,1]}},{"__type__":"cc.Node","_name":"Label","_parent":{"__id__":2},"_components":[{"__type__":"cc.Label","node":{"__id__":3},"_materials":[{"__uuid__":"ecpdLyjvZBwrvm+cedCcQy"}],"_useOriginalSize":false,"_string":"button","_N$string":"button","_fontSize":20,"_enableWrapText":false,"_N$horizontalAlign":1,"_N$verticalAlign":1,"_N$overflow":1}],"_prefab":{"__type__":"cc.PrefabInfo","root":{"__id__":1},"asset":{"__uuid__":"qzmjmjb4-8bc7-4d60-9def-18e4b2246e3d"},"fileId":"3dDltg18RIrI8RrUhEvAHV"},"_color":{"__type__":"cc.Color"},"_contentSize":{"__type__":"cc.Size","width":100,"height":40},"_trs":{"__type__":"TypedArray","ctor":"Float64Array","array":[0,0,0,0,0,0,1,1,1,1]}},{"__type__":"cc.Node","_name":"sp_shuru","_parent":{"__id__":1},"_children":[{"__id__":5},{"__id__":18}],"_components":[{"__type__":"cc.Sprite","node":{"__id__":4},"_materials":[{"__uuid__":"ecpdLyjvZBwrvm+cedCcQy"}],"_spriteFrame":{"__uuid__":"qzmjmjea-ee30-4f8c-8cd1-77aa6906db37"},"_type":1,"_sizeMode":0}],"_prefab":{"__type__":"cc.PrefabInfo","root":{"__id__":1},"asset":{"__uuid__":"qzmjmjb4-8bc7-4d60-9def-18e4b2246e3d"},"fileId":"a4tfLAOqpO34IyGQ0DFamv"},"_contentSize":{"__type__":"cc.Size","width":806,"height":664},"_trs":{"__type__":"TypedArray","ctor":"Float64Array","array":[0,-25,0,0,0,0,1,1,1,1]}},{"__type__":"cc.Node","_name":"shurukuang","_parent":{"__id__":4},"_children":[{"__id__":6},{"__id__":8},{"__id__":10},{"__id__":12},{"__id__":14},{"__id__":16}],"_components":[{"__type__":"cc.Layout","node":{"__id__":5},"_layoutSize":{"__type__":"cc.Size","width":600,"height":70},"_resize":1,"_N$layoutType":1,"_N$paddingLeft":150,"_N$paddingRight":150},{"__type__":"cc.Sprite","node":{"__id__":5},"_materials":[{"__uuid__":"ecpdLyjvZBwrvm+cedCcQy"}],"_spriteFrame":{"__uuid__":"qzmjmj2a-008d-4105-9048-ea403b984f01"},"_sizeMode":0}],"_prefab":{"__type__":"cc.PrefabInfo","root":{"__id__":1},"asset":{"__uuid__":"qzmjmjb4-8bc7-4d60-9def-18e4b2246e3d"},"fileId":"11zrSQVvlE/KeCD2e2NDrO"},"_contentSize":{"__type__":"cc.Size","width":600,"height":70},"_trs":{"__type__":"TypedArray","ctor":"Float64Array","array":[1,184,0,0,0,0,1,1,1,1]}},{"__type__":"cc.Node","_name":"sp_bg1","_parent":{"__id__":5},"_children":[{"__id__":7}],"_prefab":{"__type__":"cc.PrefabInfo","root":{"__id__":1},"asset":{"__uuid__":"qzmjmjb4-8bc7-4d60-9def-18e4b2246e3d"},"fileId":"e5soe1EGdOQbcTIHR7O2Mu"},"_contentSize":{"__type__":"cc.Size","width":50,"height":70},"_trs":{"__type__":"TypedArray","ctor":"Float64Array","array":[-125,0,0,0,0,0,1,1,1,1]}},{"__type__":"cc.Node","_name":"lb_num","_parent":{"__id__":6},"_components":[{"__type__":"cc.Label","node":{"__id__":7},"_materials":[{"__uuid__":"ecpdLyjvZBwrvm+cedCcQy"}],"_useOriginalSize":false,"_string":"8","_N$string":"8","_fontSize":32,"_lineHeight":90,"_enableWrapText":false,"_N$file":{"__uuid__":"qzmjmjd3-bf67-4348-88d8-408128739a02"},"_isSystemFontUsed":false,"_N$horizontalAlign":1}],"_prefab":{"__type__":"cc.PrefabInfo","root":{"__id__":1},"asset":{"__uuid__":"qzmjmjb4-8bc7-4d60-9def-18e4b2246e3d"},"fileId":"33/Uj5TcFHDKvCrTY9DWU4"},"_contentSize":{"__type__":"cc.Size","width":27,"height":90},"_trs":{"__type__":"TypedArray","ctor":"Float64Array","array":[0,-24,0,0,0,0,1,1,1,1]}},{"__type__":"cc.Node","_name":"sp_bg2","_parent":{"__id__":5},"_children":[{"__id__":9}],"_prefab":{"__type__":"cc.PrefabInfo","root":{"__id__":1},"asset":{"__uuid__":"qzmjmjb4-8bc7-4d60-9def-18e4b2246e3d"},"fileId":"05m3fqUJxNCbqVKYWBrn+Q"},"_contentSize":{"__type__":"cc.Size","width":50,"height":70},"_trs":{"__type__":"TypedArray","ctor":"Float64Array","array":[-75,0,0,0,0,0,1,1,1,1]}},{"__type__":"cc.Node","_name":"lb_num","_parent":{"__id__":8},"_components":[{"__type__":"cc.Label","node":{"__id__":9},"_materials":[{"__uuid__":"ecpdLyjvZBwrvm+cedCcQy"}],"_useOriginalSize":false,"_string":"8","_N$string":"8","_fontSize":32,"_lineHeight":90,"_enableWrapText":false,"_N$file":{"__uuid__":"qzmjmjd3-bf67-4348-88d8-408128739a02"},"_isSystemFontUsed":false,"_N$horizontalAlign":1}],"_prefab":{"__type__":"cc.PrefabInfo","root":{"__id__":1},"asset":{"__uuid__":"qzmjmjb4-8bc7-4d60-9def-18e4b2246e3d"},"fileId":"52QbIwL8hIC5cbmTl20cfm"},"_contentSize":{"__type__":"cc.Size","width":27,"height":90},"_trs":{"__type__":"TypedArray","ctor":"Float64Array","array":[0,-24,0,0,0,0,1,1,1,1]}},{"__type__":"cc.Node","_name":"sp_bg3","_parent":{"__id__":5},"_children":[{"__id__":11}],"_prefab":{"__type__":"cc.PrefabInfo","root":{"__id__":1},"asset":{"__uuid__":"qzmjmjb4-8bc7-4d60-9def-18e4b2246e3d"},"fileId":"3d+fQ5l0pLjoY6EKeZz7GY"},"_contentSize":{"__type__":"cc.Size","width":50,"height":70},"_trs":{"__type__":"TypedArray","ctor":"Float64Array","array":[-25,0,0,0,0,0,1,1,1,1]}},{"__type__":"cc.Node","_name":"lb_num","_parent":{"__id__":10},"_components":[{"__type__":"cc.Label","node":{"__id__":11},"_materials":[{"__uuid__":"ecpdLyjvZBwrvm+cedCcQy"}],"_useOriginalSize":false,"_string":"8","_N$string":"8","_fontSize":32,"_lineHeight":90,"_enableWrapText":false,"_N$file":{"__uuid__":"qzmjmjd3-bf67-4348-88d8-408128739a02"},"_isSystemFontUsed":false,"_N$horizontalAlign":1}],"_prefab":{"__type__":"cc.PrefabInfo","root":{"__id__":1},"asset":{"__uuid__":"qzmjmjb4-8bc7-4d60-9def-18e4b2246e3d"},"fileId":"16BVqOlmlFPIQL0PFdPime"},"_contentSize":{"__type__":"cc.Size","width":27,"height":90},"_trs":{"__type__":"TypedArray","ctor":"Float64Array","array":[0,-24,0,0,0,0,1,1,1,1]}},{"__type__":"cc.Node","_name":"sp_bg4","_parent":{"__id__":5},"_children":[{"__id__":13}],"_prefab":{"__type__":"cc.PrefabInfo","root":{"__id__":1},"asset":{"__uuid__":"qzmjmjb4-8bc7-4d60-9def-18e4b2246e3d"},"fileId":"79jlrcf5hFZojdfqXQ6V6X"},"_contentSize":{"__type__":"cc.Size","width":50,"height":70},"_trs":{"__type__":"TypedArray","ctor":"Float64Array","array":[25,0,0,0,0,0,1,1,1,1]}},{"__type__":"cc.Node","_name":"lb_num","_parent":{"__id__":12},"_components":[{"__type__":"cc.Label","node":{"__id__":13},"_materials":[{"__uuid__":"ecpdLyjvZBwrvm+cedCcQy"}],"_useOriginalSize":false,"_string":"8","_N$string":"8","_fontSize":32,"_lineHeight":90,"_enableWrapText":false,"_N$file":{"__uuid__":"qzmjmjd3-bf67-4348-88d8-408128739a02"},"_isSystemFontUsed":false,"_N$horizontalAlign":1}],"_prefab":{"__type__":"cc.PrefabInfo","root":{"__id__":1},"asset":{"__uuid__":"qzmjmjb4-8bc7-4d60-9def-18e4b2246e3d"},"fileId":"f1HP2+p/FFu5MV7vBPlgiM"},"_contentSize":{"__type__":"cc.Size","width":27,"height":90},"_trs":{"__type__":"TypedArray","ctor":"Float64Array","array":[0,-24,0,0,0,0,1,1,1,1]}},{"__type__":"cc.Node","_name":"sp_bg5","_parent":{"__id__":5},"_children":[{"__id__":15}],"_prefab":{"__type__":"cc.PrefabInfo","root":{"__id__":1},"asset":{"__uuid__":"qzmjmjb4-8bc7-4d60-9def-18e4b2246e3d"},"fileId":"edhnuPxaNJsIuPuj+Hx3HW"},"_contentSize":{"__type__":"cc.Size","width":50,"height":70},"_trs":{"__type__":"TypedArray","ctor":"Float64Array","array":[75,0,0,0,0,0,1,1,1,1]}},{"__type__":"cc.Node","_name":"lb_num","_parent":{"__id__":14},"_components":[{"__type__":"cc.Label","node":{"__id__":15},"_materials":[{"__uuid__":"ecpdLyjvZBwrvm+cedCcQy"}],"_useOriginalSize":false,"_string":"8","_N$string":"8","_fontSize":32,"_lineHeight":90,"_enableWrapText":false,"_N$file":{"__uuid__":"qzmjmjd3-bf67-4348-88d8-408128739a02"},"_isSystemFontUsed":false,"_N$horizontalAlign":1}],"_prefab":{"__type__":"cc.PrefabInfo","root":{"__id__":1},"asset":{"__uuid__":"qzmjmjb4-8bc7-4d60-9def-18e4b2246e3d"},"fileId":"3dR8+X0QhBrq5R3PCH2HPt"},"_contentSize":{"__type__":"cc.Size","width":27,"height":90},"_trs":{"__type__":"TypedArray","ctor":"Float64Array","array":[0,-24,0,0,0,0,1,1,1,1]}},{"__type__":"cc.Node","_name":"sp_bg6","_parent":{"__id__":5},"_children":[{"__id__":17}],"_prefab":{"__type__":"cc.PrefabInfo","root":{"__id__":1},"asset":{"__uuid__":"qzmjmjb4-8bc7-4d60-9def-18e4b2246e3d"},"fileId":"784S9wGtJPaICZa8Bd9j/h"},"_contentSize":{"__type__":"cc.Size","width":50,"height":70},"_trs":{"__type__":"TypedArray","ctor":"Float64Array","array":[125,0,0,0,0,0,1,1,1,1]}},{"__type__":"cc.Node","_name":"lb_num","_parent":{"__id__":16},"_components":[{"__type__":"cc.Label","node":{"__id__":17},"_materials":[{"__uuid__":"ecpdLyjvZBwrvm+cedCcQy"}],"_useOriginalSize":false,"_string":"8","_N$string":"8","_fontSize":32,"_lineHeight":90,"_enableWrapText":false,"_N$file":{"__uuid__":"qzmjmjd3-bf67-4348-88d8-408128739a02"},"_isSystemFontUsed":false,"_N$horizontalAlign":1}],"_prefab":{"__type__":"cc.PrefabInfo","root":{"__id__":1},"asset":{"__uuid__":"qzmjmjb4-8bc7-4d60-9def-18e4b2246e3d"},"fileId":"e2cQjVmstMALgIUFE08Hwb"},"_contentSize":{"__type__":"cc.Size","width":27,"height":90},"_trs":{"__type__":"TypedArray","ctor":"Float64Array","array":[0,-24,0,0,0,0,1,1,1,1]}},{"__type__":"cc.Node","_name":"sp_num","_parent":{"__id__":4},"_children":[{"__id__":19},{"__id__":21},{"__id__":23},{"__id__":25},{"__id__":27},{"__id__":29},{"__id__":31},{"__id__":33},{"__id__":35},{"__id__":37},{"__id__":39},{"__id__":41}],"_components":[{"__type__":"cc.Layout","node":{"__id__":18},"_layoutSize":{"__type__":"cc.Size","width":700,"height":382},"_resize":1,"_N$layoutType":3,"_N$paddingLeft":35,"_N$spacingX":30,"_N$spacingY":30}],"_prefab":{"__type__":"cc.PrefabInfo","root":{"__id__":1},"asset":{"__uuid__":"qzmjmjb4-8bc7-4d60-9def-18e4b2246e3d"},"fileId":"a5ujgfFJZPy7PJmCJxbPkU"},"_contentSize":{"__type__":"cc.Size","width":700,"height":382},"_trs":{"__type__":"TypedArray","ctor":"Float64Array","array":[3,-70,0,0,0,0,1,1,1,1]}},{"__type__":"cc.Node","_name":"btn_num01","_parent":{"__id__":18},"_children":[{"__id__":20}],"_components":[{"__type__":"cc.Button","node":{"__id__":19},"zoomScale":0.9,"clickEvents":[{"__type__":"cc.ClickEvent","target":{"__id__":1},"_componentId":"qzmjmj21-4d5c-48c8-b64c-9862f977d701","handler":"OnClick_BtnWnd"}],"_N$transition":3,"transition":3,"_N$pressedColor":{"__type__":"cc.Color","r":255,"g":255,"b":255},"pressedColor":{"__type__":"cc.Color","r":255,"g":255,"b":255},"_N$disabledColor":{"__type__":"cc.Color","r":255,"g":255,"b":255},"_N$target":{"__id__":19}},{"__type__":"cc.Sprite","node":{"__id__":19},"_materials":[{"__uuid__":"ecpdLyjvZBwrvm+cedCcQy"}],"_spriteFrame":{"__uuid__":"qzmjmjb6-1c2d-4f40-bb3c-89a29670dc8c"},"_isTrimmedMode":false}],"_prefab":{"__type__":"cc.PrefabInfo","root":{"__id__":1},"asset":{"__uuid__":"qzmjmjb4-8bc7-4d60-9def-18e4b2246e3d"},"fileId":"cfbOeckZlJMIRtPmpuglnK"},"_contentSize":{"__type__":"cc.Size","width":191,"height":73},"_trs":{"__type__":"TypedArray","ctor":"Float64Array","array":[-219.5,154.5,0,0,0,0,1,1,1,1]}},{"__type__":"cc.Node","_name":"lb","_parent":{"__id__":19},"_components":[{"__type__":"cc.Label","node":{"__id__":20},"_materials":[{"__uuid__":"ecpdLyjvZBwrvm+cedCcQy"}],"_useOriginalSize":false,"_string":"1","_N$string":"1","_fontSize":1,"_lineHeight":45,"_N$file":{"__uuid__":"qzmjmjc4-b828-4a0c-9c71-c22f4127f46f"},"_isSystemFontUsed":false,"_N$horizontalAlign":1}],"_prefab":{"__type__":"cc.PrefabInfo","root":{"__id__":1},"asset":{"__uuid__":"qzmjmjb4-8bc7-4d60-9def-18e4b2246e3d"},"fileId":"b74zdMybFNUpdiwyhGariK"},"_contentSize":{"__type__":"cc.Size","width":32,"height":45},"_trs":{"__type__":"TypedArray","ctor":"Float64Array","array":[0,4.3,0,0,0,0,1,1,1,1]}},{"__type__":"cc.Node","_name":"btn_num02","_parent":{"__id__":18},"_children":[{"__id__":22}],"_components":[{"__type__":"cc.Button","node":{"__id__":21},"zoomScale":0.9,"clickEvents":[{"__type__":"cc.ClickEvent","target":{"__id__":1},"_componentId":"qzmjmj21-4d5c-48c8-b64c-9862f977d701","handler":"OnClick_BtnWnd"}],"_N$transition":3,"transition":3,"_N$pressedColor":{"__type__":"cc.Color","r":255,"g":255,"b":255},"pressedColor":{"__type__":"cc.Color","r":255,"g":255,"b":255},"_N$disabledColor":{"__type__":"cc.Color","r":255,"g":255,"b":255},"_N$target":{"__id__":21}},{"__type__":"cc.Sprite","node":{"__id__":21},"_materials":[{"__uuid__":"ecpdLyjvZBwrvm+cedCcQy"}],"_spriteFrame":{"__uuid__":"qzmjmjb6-1c2d-4f40-bb3c-89a29670dc8c"},"_sizeMode":2,"_isTrimmedMode":false}],"_prefab":{"__type__":"cc.PrefabInfo","root":{"__id__":1},"asset":{"__uuid__":"qzmjmjb4-8bc7-4d60-9def-18e4b2246e3d"},"fileId":"e5ubLpW/FIqZu2+XVnBkfE"},"_contentSize":{"__type__":"cc.Size","width":191,"height":73},"_trs":{"__type__":"TypedArray","ctor":"Float64Array","array":[1.5,154.5,0,0,0,0,1,1,1,1]}},{"__type__":"cc.Node","_name":"lb","_parent":{"__id__":21},"_components":[{"__type__":"cc.Label","node":{"__id__":22},"_materials":[{"__uuid__":"ecpdLyjvZBwrvm+cedCcQy"}],"_useOriginalSize":false,"_string":"2","_N$string":"2","_fontSize":1,"_lineHeight":45,"_N$file":{"__uuid__":"qzmjmjc4-b828-4a0c-9c71-c22f4127f46f"},"_isSystemFontUsed":false,"_N$horizontalAlign":1}],"_prefab":{"__type__":"cc.PrefabInfo","root":{"__id__":1},"asset":{"__uuid__":"qzmjmjb4-8bc7-4d60-9def-18e4b2246e3d"},"fileId":"19SyWfS1pFXbXoqwwrCdVy"},"_contentSize":{"__type__":"cc.Size","width":32,"height":45},"_trs":{"__type__":"TypedArray","ctor":"Float64Array","array":[0,4.3,0,0,0,0,1,1,1,1]}},{"__type__":"cc.Node","_name":"btn_num03","_parent":{"__id__":18},"_children":[{"__id__":24}],"_components":[{"__type__":"cc.Button","node":{"__id__":23},"zoomScale":0.9,"clickEvents":[{"__type__":"cc.ClickEvent","target":{"__id__":1},"_componentId":"qzmjmj21-4d5c-48c8-b64c-9862f977d701","handler":"OnClick_BtnWnd"}],"_N$transition":3,"transition":3,"_N$pressedColor":{"__type__":"cc.Color","r":255,"g":255,"b":255},"pressedColor":{"__type__":"cc.Color","r":255,"g":255,"b":255},"_N$disabledColor":{"__type__":"cc.Color","r":255,"g":255,"b":255},"_N$target":{"__id__":23}},{"__type__":"cc.Sprite","node":{"__id__":23},"_materials":[{"__uuid__":"ecpdLyjvZBwrvm+cedCcQy"}],"_spriteFrame":{"__uuid__":"qzmjmjb6-1c2d-4f40-bb3c-89a29670dc8c"},"_sizeMode":2,"_isTrimmedMode":false}],"_prefab":{"__type__":"cc.PrefabInfo","root":{"__id__":1},"asset":{"__uuid__":"qzmjmjb4-8bc7-4d60-9def-18e4b2246e3d"},"fileId":"d07/l+RIhMZZ3IIzfHaSpR"},"_contentSize":{"__type__":"cc.Size","width":191,"height":73},"_trs":{"__type__":"TypedArray","ctor":"Float64Array","array":[222.5,154.5,0,0,0,0,1,1,1,1]}},{"__type__":"cc.Node","_name":"lb","_parent":{"__id__":23},"_components":[{"__type__":"cc.Label","node":{"__id__":24},"_materials":[{"__uuid__":"ecpdLyjvZBwrvm+cedCcQy"}],"_useOriginalSize":false,"_string":"3","_N$string":"3","_fontSize":1,"_lineHeight":45,"_N$file":{"__uuid__":"qzmjmjc4-b828-4a0c-9c71-c22f4127f46f"},"_isSystemFontUsed":false,"_N$horizontalAlign":1}],"_prefab":{"__type__":"cc.PrefabInfo","root":{"__id__":1},"asset":{"__uuid__":"qzmjmjb4-8bc7-4d60-9def-18e4b2246e3d"},"fileId":"6dw2tD/PtIMonV3ZtaPSqw"},"_contentSize":{"__type__":"cc.Size","width":32,"height":45},"_trs":{"__type__":"TypedArray","ctor":"Float64Array","array":[0,4.3,0,0,0,0,1,1,1,1]}},{"__type__":"cc.Node","_name":"btn_num04","_parent":{"__id__":18},"_children":[{"__id__":26}],"_components":[{"__type__":"cc.Button","node":{"__id__":25},"zoomScale":0.9,"clickEvents":[{"__type__":"cc.ClickEvent","target":{"__id__":1},"_componentId":"qzmjmj21-4d5c-48c8-b64c-9862f977d701","handler":"OnClick_BtnWnd"}],"_N$transition":3,"transition":3,"_N$pressedColor":{"__type__":"cc.Color","r":255,"g":255,"b":255},"pressedColor":{"__type__":"cc.Color","r":255,"g":255,"b":255},"_N$disabledColor":{"__type__":"cc.Color","r":255,"g":255,"b":255},"_N$target":{"__id__":25}},{"__type__":"cc.Sprite","node":{"__id__":25},"_materials":[{"__uuid__":"ecpdLyjvZBwrvm+cedCcQy"}],"_spriteFrame":{"__uuid__":"qzmjmjb6-1c2d-4f40-bb3c-89a29670dc8c"},"_sizeMode":2,"_isTrimmedMode":false}],"_prefab":{"__type__":"cc.PrefabInfo","root":{"__id__":1},"asset":{"__uuid__":"qzmjmjb4-8bc7-4d60-9def-18e4b2246e3d"},"fileId":"b03LcT5hJCWIQyuJMRN5y4"},"_contentSize":{"__type__":"cc.Size","width":191,"height":73},"_trs":{"__type__":"TypedArray","ctor":"Float64Array","array":[-219.5,51.5,0,0,0,0,1,1,1,1]}},{"__type__":"cc.Node","_name":"lb","_parent":{"__id__":25},"_components":[{"__type__":"cc.Label","node":{"__id__":26},"_materials":[{"__uuid__":"ecpdLyjvZBwrvm+cedCcQy"}],"_useOriginalSize":false,"_string":"4","_N$string":"4","_fontSize":1,"_lineHeight":45,"_N$file":{"__uuid__":"qzmjmjc4-b828-4a0c-9c71-c22f4127f46f"},"_isSystemFontUsed":false,"_N$horizontalAlign":1}],"_prefab":{"__type__":"cc.PrefabInfo","root":{"__id__":1},"asset":{"__uuid__":"qzmjmjb4-8bc7-4d60-9def-18e4b2246e3d"},"fileId":"f0H7Nc8VtLDJhC79UxLBVa"},"_contentSize":{"__type__":"cc.Size","width":32,"height":45},"_trs":{"__type__":"TypedArray","ctor":"Float64Array","array":[0,4.3,0,0,0,0,1,1,1,1]}},{"__type__":"cc.Node","_name":"btn_num05","_parent":{"__id__":18},"_children":[{"__id__":28}],"_components":[{"__type__":"cc.Button","node":{"__id__":27},"zoomScale":0.9,"clickEvents":[{"__type__":"cc.ClickEvent","target":{"__id__":1},"_componentId":"qzmjmj21-4d5c-48c8-b64c-9862f977d701","handler":"OnClick_BtnWnd"}],"_N$transition":3,"transition":3,"_N$pressedColor":{"__type__":"cc.Color","r":255,"g":255,"b":255},"pressedColor":{"__type__":"cc.Color","r":255,"g":255,"b":255},"_N$disabledColor":{"__type__":"cc.Color","r":255,"g":255,"b":255},"_N$target":{"__id__":27}},{"__type__":"cc.Sprite","node":{"__id__":27},"_materials":[{"__uuid__":"ecpdLyjvZBwrvm+cedCcQy"}],"_spriteFrame":{"__uuid__":"qzmjmjb6-1c2d-4f40-bb3c-89a29670dc8c"},"_sizeMode":2,"_isTrimmedMode":false}],"_prefab":{"__type__":"cc.PrefabInfo","root":{"__id__":1},"asset":{"__uuid__":"qzmjmjb4-8bc7-4d60-9def-18e4b2246e3d"},"fileId":"f9q60lwCxJi6epFsFUQYlT"},"_contentSize":{"__type__":"cc.Size","width":191,"height":73},"_trs":{"__type__":"TypedArray","ctor":"Float64Array","array":[1.5,51.5,0,0,0,0,1,1,1,1]}},{"__type__":"cc.Node","_name":"lb","_parent":{"__id__":27},"_components":[{"__type__":"cc.Label","node":{"__id__":28},"_materials":[{"__uuid__":"ecpdLyjvZBwrvm+cedCcQy"}],"_useOriginalSize":false,"_string":"5","_N$string":"5","_fontSize":1,"_lineHeight":45,"_N$file":{"__uuid__":"qzmjmjc4-b828-4a0c-9c71-c22f4127f46f"},"_isSystemFontUsed":false,"_N$horizontalAlign":1}],"_prefab":{"__type__":"cc.PrefabInfo","root":{"__id__":1},"asset":{"__uuid__":"qzmjmjb4-8bc7-4d60-9def-18e4b2246e3d"},"fileId":"a9dE+KK9FNhKFQCf3TmOiU"},"_contentSize":{"__type__":"cc.Size","width":32,"height":45},"_trs":{"__type__":"TypedArray","ctor":"Float64Array","array":[0,4.3,0,0,0,0,1,1,1,1]}},{"__type__":"cc.Node","_name":"btn_num06","_parent":{"__id__":18},"_children":[{"__id__":30}],"_components":[{"__type__":"cc.Button","node":{"__id__":29},"zoomScale":0.9,"clickEvents":[{"__type__":"cc.ClickEvent","target":{"__id__":1},"_componentId":"qzmjmj21-4d5c-48c8-b64c-9862f977d701","handler":"OnClick_BtnWnd"}],"_N$transition":3,"transition":3,"_N$pressedColor":{"__type__":"cc.Color","r":255,"g":255,"b":255},"pressedColor":{"__type__":"cc.Color","r":255,"g":255,"b":255},"_N$disabledColor":{"__type__":"cc.Color","r":255,"g":255,"b":255},"_N$target":{"__id__":29}},{"__type__":"cc.Sprite","node":{"__id__":29},"_materials":[{"__uuid__":"ecpdLyjvZBwrvm+cedCcQy"}],"_spriteFrame":{"__uuid__":"qzmjmjb6-1c2d-4f40-bb3c-89a29670dc8c"},"_sizeMode":2,"_isTrimmedMode":false}],"_prefab":{"__type__":"cc.PrefabInfo","root":{"__id__":1},"asset":{"__uuid__":"qzmjmjb4-8bc7-4d60-9def-18e4b2246e3d"},"fileId":"a02Z2FTwFK9JP4Ha8c7tTX"},"_contentSize":{"__type__":"cc.Size","width":191,"height":73},"_trs":{"__type__":"TypedArray","ctor":"Float64Array","array":[222.5,51.5,0,0,0,0,1,1,1,1]}},{"__type__":"cc.Node","_name":"lb","_parent":{"__id__":29},"_components":[{"__type__":"cc.Label","node":{"__id__":30},"_materials":[{"__uuid__":"ecpdLyjvZBwrvm+cedCcQy"}],"_useOriginalSize":false,"_string":"6","_N$string":"6","_fontSize":1,"_lineHeight":45,"_N$file":{"__uuid__":"qzmjmjc4-b828-4a0c-9c71-c22f4127f46f"},"_isSystemFontUsed":false,"_N$horizontalAlign":1}],"_prefab":{"__type__":"cc.PrefabInfo","root":{"__id__":1},"asset":{"__uuid__":"qzmjmjb4-8bc7-4d60-9def-18e4b2246e3d"},"fileId":"f6zlEc/B1MuKiWpQ9U9at6"},"_contentSize":{"__type__":"cc.Size","width":32,"height":45},"_trs":{"__type__":"TypedArray","ctor":"Float64Array","array":[0,4.3,0,0,0,0,1,1,1,1]}},{"__type__":"cc.Node","_name":"btn_num07","_parent":{"__id__":18},"_children":[{"__id__":32}],"_components":[{"__type__":"cc.Button","node":{"__id__":31},"zoomScale":0.9,"clickEvents":[{"__type__":"cc.ClickEvent","target":{"__id__":1},"_componentId":"qzmjmj21-4d5c-48c8-b64c-9862f977d701","handler":"OnClick_BtnWnd"}],"_N$transition":3,"transition":3,"_N$pressedColor":{"__type__":"cc.Color","r":255,"g":255,"b":255},"pressedColor":{"__type__":"cc.Color","r":255,"g":255,"b":255},"_N$disabledColor":{"__type__":"cc.Color","r":255,"g":255,"b":255},"_N$target":{"__id__":31}},{"__type__":"cc.Sprite","node":{"__id__":31},"_materials":[{"__uuid__":"ecpdLyjvZBwrvm+cedCcQy"}],"_spriteFrame":{"__uuid__":"qzmjmjb6-1c2d-4f40-bb3c-89a29670dc8c"},"_sizeMode":2,"_isTrimmedMode":false}],"_prefab":{"__type__":"cc.PrefabInfo","root":{"__id__":1},"asset":{"__uuid__":"qzmjmjb4-8bc7-4d60-9def-18e4b2246e3d"},"fileId":"58XzwfUlFL8YH2N+WnGMDT"},"_contentSize":{"__type__":"cc.Size","width":191,"height":73},"_trs":{"__type__":"TypedArray","ctor":"Float64Array","array":[-219.5,-51.5,0,0,0,0,1,1,1,1]}},{"__type__":"cc.Node","_name":"lb","_parent":{"__id__":31},"_components":[{"__type__":"cc.Label","node":{"__id__":32},"_materials":[{"__uuid__":"ecpdLyjvZBwrvm+cedCcQy"}],"_useOriginalSize":false,"_string":"7","_N$string":"7","_fontSize":1,"_lineHeight":45,"_N$file":{"__uuid__":"qzmjmjc4-b828-4a0c-9c71-c22f4127f46f"},"_isSystemFontUsed":false,"_N$horizontalAlign":1}],"_prefab":{"__type__":"cc.PrefabInfo","root":{"__id__":1},"asset":{"__uuid__":"qzmjmjb4-8bc7-4d60-9def-18e4b2246e3d"},"fileId":"50Aox4Gg5EVr5x83q2ed4b"},"_contentSize":{"__type__":"cc.Size","width":32,"height":45},"_trs":{"__type__":"TypedArray","ctor":"Float64Array","array":[0,4.3,0,0,0,0,1,1,1,1]}},{"__type__":"cc.Node","_name":"btn_num08","_parent":{"__id__":18},"_children":[{"__id__":34}],"_components":[{"__type__":"cc.Button","node":{"__id__":33},"zoomScale":0.9,"clickEvents":[{"__type__":"cc.ClickEvent","target":{"__id__":1},"_componentId":"qzmjmj21-4d5c-48c8-b64c-9862f977d701","handler":"OnClick_BtnWnd"}],"_N$transition":3,"transition":3,"_N$pressedColor":{"__type__":"cc.Color","r":255,"g":255,"b":255},"pressedColor":{"__type__":"cc.Color","r":255,"g":255,"b":255},"_N$disabledColor":{"__type__":"cc.Color","r":255,"g":255,"b":255},"_N$target":{"__id__":33}},{"__type__":"cc.Sprite","node":{"__id__":33},"_materials":[{"__uuid__":"ecpdLyjvZBwrvm+cedCcQy"}],"_spriteFrame":{"__uuid__":"qzmjmjb6-1c2d-4f40-bb3c-89a29670dc8c"},"_sizeMode":2,"_isTrimmedMode":false}],"_prefab":{"__type__":"cc.PrefabInfo","root":{"__id__":1},"asset":{"__uuid__":"qzmjmjb4-8bc7-4d60-9def-18e4b2246e3d"},"fileId":"9aoRAMF9BPNZf9/H9OfT0a"},"_contentSize":{"__type__":"cc.Size","width":191,"height":73},"_trs":{"__type__":"TypedArray","ctor":"Float64Array","array":[1.5,-51.5,0,0,0,0,1,1,1,1]}},{"__type__":"cc.Node","_name":"lb","_parent":{"__id__":33},"_components":[{"__type__":"cc.Label","node":{"__id__":34},"_materials":[{"__uuid__":"ecpdLyjvZBwrvm+cedCcQy"}],"_useOriginalSize":false,"_string":"8","_N$string":"8","_fontSize":1,"_lineHeight":45,"_N$file":{"__uuid__":"qzmjmjc4-b828-4a0c-9c71-c22f4127f46f"},"_isSystemFontUsed":false,"_N$horizontalAlign":1}],"_prefab":{"__type__":"cc.PrefabInfo","root":{"__id__":1},"asset":{"__uuid__":"qzmjmjb4-8bc7-4d60-9def-18e4b2246e3d"},"fileId":"31z3im8opJD6Z/mpoXk/xD"},"_contentSize":{"__type__":"cc.Size","width":32,"height":45},"_trs":{"__type__":"TypedArray","ctor":"Float64Array","array":[0,4.3,0,0,0,0,1,1,1,1]}},{"__type__":"cc.Node","_name":"btn_num09","_parent":{"__id__":18},"_children":[{"__id__":36}],"_components":[{"__type__":"cc.Button","node":{"__id__":35},"zoomScale":0.9,"clickEvents":[{"__type__":"cc.ClickEvent","target":{"__id__":1},"_componentId":"qzmjmj21-4d5c-48c8-b64c-9862f977d701","handler":"OnClick_BtnWnd"}],"_N$transition":3,"transition":3,"_N$pressedColor":{"__type__":"cc.Color","r":255,"g":255,"b":255},"pressedColor":{"__type__":"cc.Color","r":255,"g":255,"b":255},"_N$disabledColor":{"__type__":"cc.Color","r":255,"g":255,"b":255},"_N$target":{"__id__":35}},{"__type__":"cc.Sprite","node":{"__id__":35},"_materials":[{"__uuid__":"ecpdLyjvZBwrvm+cedCcQy"}],"_spriteFrame":{"__uuid__":"qzmjmjb6-1c2d-4f40-bb3c-89a29670dc8c"},"_sizeMode":2,"_isTrimmedMode":false}],"_prefab":{"__type__":"cc.PrefabInfo","root":{"__id__":1},"asset":{"__uuid__":"qzmjmjb4-8bc7-4d60-9def-18e4b2246e3d"},"fileId":"d2liN26fxGeIPled2sEJ30"},"_contentSize":{"__type__":"cc.Size","width":191,"height":73},"_trs":{"__type__":"TypedArray","ctor":"Float64Array","array":[222.5,-51.5,0,0,0,0,1,1,1,1]}},{"__type__":"cc.Node","_name":"lb","_parent":{"__id__":35},"_components":[{"__type__":"cc.Label","node":{"__id__":36},"_materials":[{"__uuid__":"ecpdLyjvZBwrvm+cedCcQy"}],"_useOriginalSize":false,"_string":"9","_N$string":"9","_fontSize":1,"_lineHeight":45,"_N$file":{"__uuid__":"qzmjmjc4-b828-4a0c-9c71-c22f4127f46f"},"_isSystemFontUsed":false,"_N$horizontalAlign":1}],"_prefab":{"__type__":"cc.PrefabInfo","root":{"__id__":1},"asset":{"__uuid__":"qzmjmjb4-8bc7-4d60-9def-18e4b2246e3d"},"fileId":"57gXe6bsVKBqxyu/DiF0xW"},"_contentSize":{"__type__":"cc.Size","width":32,"height":45},"_trs":{"__type__":"TypedArray","ctor":"Float64Array","array":[0,4.3,0,0,0,0,1,1,1,1]}},{"__type__":"cc.Node","_name":"btn_reset","_parent":{"__id__":18},"_children":[{"__id__":38}],"_components":[{"__type__":"cc.Button","node":{"__id__":37},"zoomScale":0.9,"clickEvents":[{"__type__":"cc.ClickEvent","target":{"__id__":1},"_componentId":"qzmjmj21-4d5c-48c8-b64c-9862f977d701","handler":"OnClick_BtnWnd"}],"_N$transition":3,"transition":3,"_N$pressedColor":{"__type__":"cc.Color","r":255,"g":255,"b":255},"pressedColor":{"__type__":"cc.Color","r":255,"g":255,"b":255},"_N$disabledColor":{"__type__":"cc.Color","r":255,"g":255,"b":255},"_N$target":{"__id__":37}},{"__type__":"cc.Sprite","node":{"__id__":37},"_materials":[{"__uuid__":"ecpdLyjvZBwrvm+cedCcQy"}],"_spriteFrame":{"__uuid__":"qzmjmj26-28a8-4321-816c-4c83bb183ebc"},"_sizeMode":2,"_isTrimmedMode":false}],"_prefab":{"__type__":"cc.PrefabInfo","root":{"__id__":1},"asset":{"__uuid__":"qzmjmjb4-8bc7-4d60-9def-18e4b2246e3d"},"fileId":"0eVF7XymJF85TBXVTJSMkj"},"_contentSize":{"__type__":"cc.Size","width":191,"height":73},"_trs":{"__type__":"TypedArray","ctor":"Float64Array","array":[-219.5,-154.5,0,0,0,0,1,1,1,1]}},{"__type__":"cc.Node","_name":"New Sprite","_parent":{"__id__":37},"_components":[{"__type__":"cc.Sprite","node":{"__id__":38}}],"_prefab":{"__type__":"cc.PrefabInfo","root":{"__id__":1},"asset":{"__uuid__":"qzmjmjb4-8bc7-4d60-9def-18e4b2246e3d"},"fileId":"11Bsss4LlKw6txNMS3YJyu"},"_contentSize":{"__type__":"cc.Size","width":100,"height":44},"_trs":{"__type__":"TypedArray","ctor":"Float64Array","array":[0,0,0,0,0,0,1,1,1,1]}},{"__type__":"cc.Node","_name":"btn_num00","_parent":{"__id__":18},"_children":[{"__id__":40}],"_components":[{"__type__":"cc.Button","node":{"__id__":39},"zoomScale":0.9,"clickEvents":[{"__type__":"cc.ClickEvent","target":{"__id__":1},"_componentId":"qzmjmj21-4d5c-48c8-b64c-9862f977d701","handler":"OnClick_BtnWnd"}],"_N$transition":3,"transition":3,"_N$pressedColor":{"__type__":"cc.Color","r":255,"g":255,"b":255},"pressedColor":{"__type__":"cc.Color","r":255,"g":255,"b":255},"_N$disabledColor":{"__type__":"cc.Color","r":255,"g":255,"b":255},"_N$target":{"__id__":39}},{"__type__":"cc.Sprite","node":{"__id__":39},"_materials":[{"__uuid__":"ecpdLyjvZBwrvm+cedCcQy"}],"_spriteFrame":{"__uuid__":"qzmjmjb6-1c2d-4f40-bb3c-89a29670dc8c"},"_sizeMode":2,"_isTrimmedMode":false}],"_prefab":{"__type__":"cc.PrefabInfo","root":{"__id__":1},"asset":{"__uuid__":"qzmjmjb4-8bc7-4d60-9def-18e4b2246e3d"},"fileId":"a2LtRLFk9PNYYXW5XZEOhn"},"_contentSize":{"__type__":"cc.Size","width":191,"height":73},"_trs":{"__type__":"TypedArray","ctor":"Float64Array","array":[1.5,-154.5,0,0,0,0,1,1,1,1]}},{"__type__":"cc.Node","_name":"lb","_parent":{"__id__":39},"_components":[{"__type__":"cc.Label","node":{"__id__":40},"_materials":[{"__uuid__":"ecpdLyjvZBwrvm+cedCcQy"}],"_useOriginalSize":false,"_string":"0","_N$string":"0","_fontSize":1,"_lineHeight":45,"_N$file":{"__uuid__":"qzmjmjc4-b828-4a0c-9c71-c22f4127f46f"},"_isSystemFontUsed":false,"_N$horizontalAlign":1}],"_prefab":{"__type__":"cc.PrefabInfo","root":{"__id__":1},"asset":{"__uuid__":"qzmjmjb4-8bc7-4d60-9def-18e4b2246e3d"},"fileId":"d8GToJwfxJRbQIcXbf+Ral"},"_contentSize":{"__type__":"cc.Size","width":32,"height":45},"_trs":{"__type__":"TypedArray","ctor":"Float64Array","array":[0,4.3,0,0,0,0,1,1,1,1]}},{"__type__":"cc.Node","_name":"btn_clear","_parent":{"__id__":18},"_children":[{"__id__":42}],"_components":[{"__type__":"cc.Button","node":{"__id__":41},"zoomScale":0.9,"clickEvents":[{"__type__":"cc.ClickEvent","target":{"__id__":1},"_componentId":"qzmjmj21-4d5c-48c8-b64c-9862f977d701","handler":"OnClick_BtnWnd"}],"_N$transition":3,"transition":3,"_N$pressedColor":{"__type__":"cc.Color","r":255,"g":255,"b":255},"pressedColor":{"__type__":"cc.Color","r":255,"g":255,"b":255},"_N$disabledColor":{"__type__":"cc.Color","r":255,"g":255,"b":255},"_N$target":{"__id__":41}},{"__type__":"cc.Sprite","node":{"__id__":41},"_materials":[{"__uuid__":"ecpdLyjvZBwrvm+cedCcQy"}],"_spriteFrame":{"__uuid__":"qzmjmj82-89ba-452d-a689-38c149bcfef4"},"_sizeMode":2,"_isTrimmedMode":false}],"_prefab":{"__type__":"cc.PrefabInfo","root":{"__id__":1},"asset":{"__uuid__":"qzmjmjb4-8bc7-4d60-9def-18e4b2246e3d"},"fileId":"a5/AKJlmhFDIDnaHY/aHaZ"},"_contentSize":{"__type__":"cc.Size","width":191,"height":73},"_trs":{"__type__":"TypedArray","ctor":"Float64Array","array":[222.5,-154.5,0,0,0,0,1,1,1,1]}},{"__type__":"cc.Node","_name":"New Sprite","_parent":{"__id__":41},"_components":[{"__type__":"cc.Sprite","node":{"__id__":42}}],"_prefab":{"__type__":"cc.PrefabInfo","root":{"__id__":1},"asset":{"__uuid__":"qzmjmjb4-8bc7-4d60-9def-18e4b2246e3d"},"fileId":"3bAblw2vdATL2qTcj584qV"},"_contentSize":{"__type__":"cc.Size","width":102,"height":46},"_trs":{"__type__":"TypedArray","ctor":"Float64Array","array":[0,0,0,0,0,0,1,1,1,1]}},{"__type__":"cc.Node","_name":"btn_close","_parent":{"__id__":1},"_components":[{"__type__":"cc.Button","node":{"__id__":43},"zoomScale":0.9,"clickEvents":[{"__type__":"cc.ClickEvent","target":{"__id__":1},"_componentId":"qzmjmj21-4d5c-48c8-b64c-9862f977d701","handler":"OnClick_BtnWnd"}],"_N$transition":3,"transition":3,"_N$pressedColor":{"__type__":"cc.Color","r":255,"g":255,"b":255},"pressedColor":{"__type__":"cc.Color","r":255,"g":255,"b":255},"_N$disabledColor":{"__type__":"cc.Color","r":255,"g":255,"b":255},"_N$pressedSprite":{"__uuid__":"e97GVMl6JHh5Ml5qEDdSGa"},"pressedSprite":{"__uuid__":"e97GVMl6JHh5Ml5qEDdSGa"},"_N$hoverSprite":{"__uuid__":"e97GVMl6JHh5Ml5qEDdSGa"},"hoverSprite":{"__uuid__":"e97GVMl6JHh5Ml5qEDdSGa"},"_N$disabledSprite":{"__uuid__":"29FYIk+N1GYaeWH/q1NxQO"},"_N$target":{"__id__":43}},{"__type__":"cc.Sprite","node":{"__id__":43},"_materials":[{"__uuid__":"ecpdLyjvZBwrvm+cedCcQy"}],"_spriteFrame":{"__uuid__":"qzmjmj0a-09cb-4f8d-a5ba-e45067866d94"}}],"_prefab":{"__type__":"cc.PrefabInfo","root":{"__id__":1},"asset":{"__uuid__":"qzmjmjb4-8bc7-4d60-9def-18e4b2246e3d"},"fileId":"a692+FPrBITIyqUdQxbxtC"},"_contentSize":{"__type__":"cc.Size","width":79,"height":80},"_trs":{"__type__":"TypedArray","ctor":"Float64Array","array":[379,267,0,0,0,0,1,1,1,1]}},{"__type__":"cc.Node","_name":"bg_title","_parent":{"__id__":1},"_children":[{"__id__":45}],"_components":[{"__type__":"cc.Sprite","node":{"__id__":44},"_materials":[{"__uuid__":"ecpdLyjvZBwrvm+cedCcQy"}],"_spriteFrame":{"__uuid__":"qzmjmj32-d02e-4504-afe7-204012ef11e7"}}],"_prefab":{"__type__":"cc.PrefabInfo","root":{"__id__":1},"asset":{"__uuid__":"qzmjmjb4-8bc7-4d60-9def-18e4b2246e3d"},"fileId":"0dXmRR53xF4p5ZqHEeTbYa"},"_contentSize":{"__type__":"cc.Size","width":425,"height":90},"_trs":{"__type__":"TypedArray","ctor":"Float64Array","array":[0,279,0,0,0,0,1,1,1,1]}},{"__type__":"cc.Node","_name":"title_join","_parent":{"__id__":44},"_components":[{"__type__":"cc.Sprite","node":{"__id__":45},"_materials":[{"__uuid__":"ecpdLyjvZBwrvm+cedCcQy"}],"_spriteFrame":{"__uuid__":"qzmjmjf4-13c3-4821-b5c3-bb29c459c634"}}],"_prefab":{"__type__":"cc.PrefabInfo","root":{"__id__":1},"asset":{"__uuid__":"qzmjmjb4-8bc7-4d60-9def-18e4b2246e3d"},"fileId":"b4pTHVky1Id5Oq7nXhq8uo"},"_contentSize":{"__type__":"cc.Size","width":212,"height":54},"_trs":{"__type__":"TypedArray","ctor":"Float64Array","array":[0,2,0,0,0,0,1,1,1,1]}}],{"__type__":"cc.SpriteFrame","content":{"name":"btn_anniu","texture":"qzmjmj8d-8970-44be-a2c8-93f8e3f0330d","rect":[0,0,191,73],"offset":[0,0],"originalSize":[191,73],"capInsets":[0,0,0,0]}},{"__type__":"cc.SpriteFrame","content":{"name":"img_white_down","texture":"qzmjmj62-8534-46d3-8bb5-0cf7bb76d98c","rect":[0,0,806,163],"offset":[0,0],"originalSize":[806,163],"capInsets":[0,98,0,45]}},{"__type__":"cc.SpriteFrame","content":{"name":"img_jrfj","texture":"qzmjmj51-df49-45ca-9be1-94b4ae56733f","rect":[0,0,212,54],"offset":[0,0],"originalSize":[212,54],"capInsets":[0,0,0,0]}}]