[[{"__type__":"cc.Prefab","_name":"qzmj_UIWBChooseChi","data":{"__id__":1}},{"__type__":"cc.Node","_name":"qzmj_UIWBChooseChi","_children":[{"__id__":2},{"__id__":6},{"__id__":10}],"_components":[{"__type__":"cc.Sprite","node":{"__id__":1},"_materials":[{"__uuid__":"ecpdLyjvZBwrvm+cedCcQy"}],"_spriteFrame":{"__uuid__":"7cpHeJ3nRPKZMjThpTBngq"},"_sizeMode":0},{"__type__":"692b4FhbmZDfrA5Y66XQp4Y","node":{"__id__":1}},{"__type__":"cc.Widget","node":{"__id__":1},"alignMode":0,"_alignFlags":40,"_left":-189.19999999999993,"_right":189.19999999999993,"_originalWidth":678}],"_prefab":{"__type__":"cc.PrefabInfo","root":{"__id__":1},"asset":{"__uuid__":"21Dv7jFrdCS6xEesrSYOqW"},"fileId":"436O8fS3NGd4QusW+z8EQO"},"_contentSize":{"__type__":"cc.Size","width":1360,"height":233},"_anchorPoint":{"__type__":"cc.Vec2","x":0.47,"y":0.5},"_trs":{"__type__":"TypedArray","ctor":"Float64Array","array":[450,180,0,0,0,0,1,1,1,1]}},{"__type__":"cc.Node","_name":"btn_chi1","_parent":{"__id__":1},"_children":[{"__id__":3},{"__id__":4},{"__id__":5}],"_components":[{"__type__":"cc.Sprite","node":{"__id__":2},"_materials":[{"__uuid__":"ecpdLyjvZBwrvm+cedCcQy"}],"_spriteFrame":{"__uuid__":"cdm4aUgZVOY7xgsX0oNY8B"},"_type":1,"_sizeMode":0,"_isTrimmedMode":false},{"__type__":"cc.Layout","node":{"__id__":2},"_layoutSize":{"__type__":"cc.Size","width":133,"height":70},"_resize":1,"_N$layoutType":1,"_N$paddingLeft":5,"_N$paddingRight":5,"_N$paddingTop":10,"_N$paddingBottom":20,"_N$spacingY":20},{"__type__":"cc.Button","node":{"__id__":2},"clickEvents":[{"__type__":"cc.ClickEvent","target":{"__id__":1},"_componentId":"692b4FhbmZDfrA5Y66XQp4Y","handler":"OnClick_BtnWnd"}],"_N$normalColor":{"__type__":"cc.Color","r":214,"g":214,"b":214},"_N$target":{"__id__":2}}],"_prefab":{"__type__":"cc.PrefabInfo","root":{"__id__":1},"asset":{"__uuid__":"21Dv7jFrdCS6xEesrSYOqW"},"fileId":"4fdXflJPJCALkdhzdl08SM"},"_contentSize":{"__type__":"cc.Size","width":133,"height":70},"_trs":{"__type__":"TypedArray","ctor":"Float64Array","array":[250,0,0,0,0,0,1,1.68,1.68,1]}},{"__type__":"cc.Node","_name":"card01","_parent":{"__id__":2},"_components":[{"__type__":"cc.Sprite","node":{"__id__":3},"_materials":[{"__uuid__":"ecpdLyjvZBwrvm+cedCcQy"}],"_spriteFrame":{"__uuid__":"qzmjmj06-8c66-403a-bd98-609bf5e4fb4d"},"_sizeMode":0,"_isTrimmedMode":false}],"_prefab":{"__type__":"cc.PrefabInfo","root":{"__id__":1},"asset":{"__uuid__":"21Dv7jFrdCS6xEesrSYOqW"},"fileId":"08yZpYP2RBIaFiPZXoGqV7"},"_opacity":243.78,"_contentSize":{"__type__":"cc.Size","width":41,"height":59},"_trs":{"__type__":"TypedArray","ctor":"Float64Array","array":[-41,0,0,0,0,0,1,1,1,1]}},{"__type__":"cc.Node","_name":"card02","_parent":{"__id__":2},"_components":[{"__type__":"cc.Sprite","node":{"__id__":4},"_materials":[{"__uuid__":"ecpdLyjvZBwrvm+cedCcQy"}],"_spriteFrame":{"__uuid__":"qzmjmj06-8c66-403a-bd98-609bf5e4fb4d"},"_sizeMode":0,"_isTrimmedMode":false}],"_prefab":{"__type__":"cc.PrefabInfo","root":{"__id__":1},"asset":{"__uuid__":"21Dv7jFrdCS6xEesrSYOqW"},"fileId":"cdF93XZLBMhJwVh1cxRTFP"},"_opacity":243.78,"_contentSize":{"__type__":"cc.Size","width":41,"height":59},"_trs":{"__type__":"TypedArray","ctor":"Float64Array","array":[0,5.684341886080802e-14,0,0,0,0,1,1,1,1]}},{"__type__":"cc.Node","_name":"card03","_parent":{"__id__":2},"_components":[{"__type__":"cc.Sprite","node":{"__id__":5},"_materials":[{"__uuid__":"ecpdLyjvZBwrvm+cedCcQy"}],"_spriteFrame":{"__uuid__":"qzmjmj06-8c66-403a-bd98-609bf5e4fb4d"},"_sizeMode":0,"_isTrimmedMode":false}],"_prefab":{"__type__":"cc.PrefabInfo","root":{"__id__":1},"asset":{"__uuid__":"21Dv7jFrdCS6xEesrSYOqW"},"fileId":"baH18gWhFAlqfesXFDAvmh"},"_opacity":243.78,"_contentSize":{"__type__":"cc.Size","width":41,"height":59},"_trs":{"__type__":"TypedArray","ctor":"Float64Array","array":[41,5.684341886080802e-14,0,0,0,0,1,1,1,1]}},{"__type__":"cc.Node","_name":"btn_chi2","_parent":{"__id__":1},"_children":[{"__id__":7},{"__id__":8},{"__id__":9}],"_components":[{"__type__":"cc.Sprite","node":{"__id__":6},"_materials":[{"__uuid__":"ecpdLyjvZBwrvm+cedCcQy"}],"_spriteFrame":{"__uuid__":"cdm4aUgZVOY7xgsX0oNY8B"},"_type":1,"_sizeMode":0,"_isTrimmedMode":false},{"__type__":"cc.Layout","node":{"__id__":6},"_layoutSize":{"__type__":"cc.Size","width":133,"height":70},"_resize":1,"_N$layoutType":1,"_N$paddingLeft":5,"_N$paddingRight":5,"_N$paddingTop":10,"_N$paddingBottom":20,"_N$spacingY":20},{"__type__":"cc.Button","node":{"__id__":6},"clickEvents":[{"__type__":"cc.ClickEvent","target":{"__id__":1},"_componentId":"692b4FhbmZDfrA5Y66XQp4Y","handler":"OnClick_BtnWnd"}],"_N$normalColor":{"__type__":"cc.Color","r":214,"g":214,"b":214},"_N$target":{"__id__":6}}],"_prefab":{"__type__":"cc.PrefabInfo","root":{"__id__":1},"asset":{"__uuid__":"21Dv7jFrdCS6xEesrSYOqW"},"fileId":"13uNdpb+9Kpbg9ha+NgPLA"},"_contentSize":{"__type__":"cc.Size","width":133,"height":70},"_trs":{"__type__":"TypedArray","ctor":"Float64Array","array":[0,0,0,0,0,0,1,1.68,1.68,1]}},{"__type__":"cc.Node","_name":"card01","_parent":{"__id__":6},"_components":[{"__type__":"cc.Sprite","node":{"__id__":7},"_materials":[{"__uuid__":"ecpdLyjvZBwrvm+cedCcQy"}],"_spriteFrame":{"__uuid__":"qzmjmj06-8c66-403a-bd98-609bf5e4fb4d"},"_sizeMode":0,"_isTrimmedMode":false}],"_prefab":{"__type__":"cc.PrefabInfo","root":{"__id__":1},"asset":{"__uuid__":"21Dv7jFrdCS6xEesrSYOqW"},"fileId":"9fSTQtMWBAl5/qy3WdwvNw"},"_opacity":243.78,"_contentSize":{"__type__":"cc.Size","width":41,"height":59},"_trs":{"__type__":"TypedArray","ctor":"Float64Array","array":[-41,0,0,0,0,0,1,1,1,1]}},{"__type__":"cc.Node","_name":"card02","_parent":{"__id__":6},"_components":[{"__type__":"cc.Sprite","node":{"__id__":8},"_materials":[{"__uuid__":"ecpdLyjvZBwrvm+cedCcQy"}],"_spriteFrame":{"__uuid__":"qzmjmj06-8c66-403a-bd98-609bf5e4fb4d"},"_sizeMode":0,"_isTrimmedMode":false}],"_prefab":{"__type__":"cc.PrefabInfo","root":{"__id__":1},"asset":{"__uuid__":"21Dv7jFrdCS6xEesrSYOqW"},"fileId":"5aobNCTrpPP7pGpddubu/6"},"_opacity":243.78,"_contentSize":{"__type__":"cc.Size","width":41,"height":59},"_trs":{"__type__":"TypedArray","ctor":"Float64Array","array":[0,5.684341886080802e-14,0,0,0,0,1,1,1,1]}},{"__type__":"cc.Node","_name":"card03","_parent":{"__id__":6},"_components":[{"__type__":"cc.Sprite","node":{"__id__":9},"_materials":[{"__uuid__":"ecpdLyjvZBwrvm+cedCcQy"}],"_spriteFrame":{"__uuid__":"qzmjmj06-8c66-403a-bd98-609bf5e4fb4d"},"_sizeMode":0,"_isTrimmedMode":false}],"_prefab":{"__type__":"cc.PrefabInfo","root":{"__id__":1},"asset":{"__uuid__":"21Dv7jFrdCS6xEesrSYOqW"},"fileId":"ebXMuLssJN35xWrTDsVUY2"},"_opacity":243.78,"_contentSize":{"__type__":"cc.Size","width":41,"height":59},"_trs":{"__type__":"TypedArray","ctor":"Float64Array","array":[41,5.684341886080802e-14,0,0,0,0,1,1,1,1]}},{"__type__":"cc.Node","_name":"btn_chi3","_parent":{"__id__":1},"_children":[{"__id__":11},{"__id__":12},{"__id__":13}],"_components":[{"__type__":"cc.Sprite","node":{"__id__":10},"_materials":[{"__uuid__":"ecpdLyjvZBwrvm+cedCcQy"}],"_spriteFrame":{"__uuid__":"cdm4aUgZVOY7xgsX0oNY8B"},"_type":1,"_sizeMode":0,"_isTrimmedMode":false},{"__type__":"cc.Layout","node":{"__id__":10},"_layoutSize":{"__type__":"cc.Size","width":133,"height":70},"_resize":1,"_N$layoutType":1,"_N$paddingLeft":5,"_N$paddingRight":5,"_N$paddingTop":10,"_N$paddingBottom":20,"_N$spacingY":20},{"__type__":"cc.Button","node":{"__id__":10},"clickEvents":[{"__type__":"cc.ClickEvent","target":{"__id__":1},"_componentId":"692b4FhbmZDfrA5Y66XQp4Y","handler":"OnClick_BtnWnd"}],"_N$normalColor":{"__type__":"cc.Color","r":214,"g":214,"b":214},"_N$target":{"__id__":10}}],"_prefab":{"__type__":"cc.PrefabInfo","root":{"__id__":1},"asset":{"__uuid__":"21Dv7jFrdCS6xEesrSYOqW"},"fileId":"c0T4VD+DVI+ITZL+BSA2vC"},"_contentSize":{"__type__":"cc.Size","width":133,"height":70},"_trs":{"__type__":"TypedArray","ctor":"Float64Array","array":[-250,0,0,0,0,0,1,1.68,1.68,1]}},{"__type__":"cc.Node","_name":"card01","_parent":{"__id__":10},"_components":[{"__type__":"cc.Sprite","node":{"__id__":11},"_materials":[{"__uuid__":"ecpdLyjvZBwrvm+cedCcQy"}],"_spriteFrame":{"__uuid__":"qzmjmj06-8c66-403a-bd98-609bf5e4fb4d"},"_sizeMode":0,"_isTrimmedMode":false}],"_prefab":{"__type__":"cc.PrefabInfo","root":{"__id__":1},"asset":{"__uuid__":"21Dv7jFrdCS6xEesrSYOqW"},"fileId":"7dnDSS39JC97dyAdqfJ1Zc"},"_opacity":243.78,"_contentSize":{"__type__":"cc.Size","width":41,"height":59},"_trs":{"__type__":"TypedArray","ctor":"Float64Array","array":[-41,0,0,0,0,0,1,1,1,1]}},{"__type__":"cc.Node","_name":"card02","_parent":{"__id__":10},"_components":[{"__type__":"cc.Sprite","node":{"__id__":12},"_materials":[{"__uuid__":"ecpdLyjvZBwrvm+cedCcQy"}],"_spriteFrame":{"__uuid__":"qzmjmj06-8c66-403a-bd98-609bf5e4fb4d"},"_sizeMode":0,"_isTrimmedMode":false}],"_prefab":{"__type__":"cc.PrefabInfo","root":{"__id__":1},"asset":{"__uuid__":"21Dv7jFrdCS6xEesrSYOqW"},"fileId":"010UT5RTtNULCkrkue6lCc"},"_opacity":243.78,"_contentSize":{"__type__":"cc.Size","width":41,"height":59},"_trs":{"__type__":"TypedArray","ctor":"Float64Array","array":[0,5.684341886080802e-14,0,0,0,0,1,1,1,1]}},{"__type__":"cc.Node","_name":"card03","_parent":{"__id__":10},"_components":[{"__type__":"cc.Sprite","node":{"__id__":13},"_materials":[{"__uuid__":"ecpdLyjvZBwrvm+cedCcQy"}],"_spriteFrame":{"__uuid__":"qzmjmj06-8c66-403a-bd98-609bf5e4fb4d"},"_sizeMode":0,"_isTrimmedMode":false}],"_prefab":{"__type__":"cc.PrefabInfo","root":{"__id__":1},"asset":{"__uuid__":"21Dv7jFrdCS6xEesrSYOqW"},"fileId":"56VtNcDYhKaqMyOqwIIN9O"},"_opacity":243.78,"_contentSize":{"__type__":"cc.Size","width":41,"height":59},"_trs":{"__type__":"TypedArray","ctor":"Float64Array","array":[41,5.684341886080802e-14,0,0,0,0,1,1,1,1]}}],{"__type__":"cc.SpriteFrame","content":{"name":"img_guodi","texture":"93Dj4a5WtGb6iSRw/g6PbO","rect":[0,0,1360,233],"offset":[0,0],"originalSize":[1360,233],"capInsets":[0,0,0,0]}},{"__type__":"cc.SpriteFrame","content":{"name":"img_gmjd","texture":"f6VgMSWEhKY5mCcLasJbK+","rect":[0,0,253,130],"offset":[0,0],"originalSize":[253,130],"capInsets":[0,0,0,0]}},{"__type__":"cc.SpriteFrame","content":{"name":"hh_face_li_18","texture":"qzmjmj4f-58b8-4726-b710-1909756f18be","rect":[0,0,84,128],"offset":[0,0],"originalSize":[84,128],"capInsets":[0,0,0,0]}}]