[{"__type__":"cc.SpriteFrame","content":{"name":"sijindao_ani3","texture":"qzmjmjbe-7956-4997-a156-902ed21f34a5","rect":[19,6,283,207],"offset":[0.5,0.5],"originalSize":[320,220],"capInsets":[0,0,0,0]}},{"__type__":"cc.SpriteFrame","content":{"name":"sijindao_ani6","texture":"qzmjmjbc-6dad-46e4-96d5-d95fdfaa6025","rect":[19,6,283,207],"offset":[0.5,0.5],"originalSize":[320,220],"capInsets":[0,0,0,0]}},{"__type__":"cc.SpriteFrame","content":{"name":"sijindao_ani2","texture":"qzmjmj8a-e8f8-4da3-bf62-36e129f57631","rect":[10,3,301,215],"offset":[0.5,-0.5],"originalSize":[320,220],"capInsets":[0,0,0,0]}},{"__type__":"cc.SpriteFrame","content":{"name":"sijindao_ani7","texture":"qzmjmj96-c2e7-46c8-97e8-444a6d95b69d","rect":[19,6,283,207],"offset":[0.5,0.5],"originalSize":[320,220],"capInsets":[0,0,0,0]}},{"__type__":"cc.SpriteFrame","content":{"name":"sijindao_ani4","texture":"qzmjmjcc-88d2-440f-81e1-ecd1edc3d34c","rect":[19,17,283,186],"offset":[0.5,0],"originalSize":[320,220],"capInsets":[0,0,0,0]}},{"__type__":"cc.AnimationClip","_name":"sijindaoAction","_duration":0.13333333333333333,"speed":0.1,"curveData":{"comps":{"cc.Sprite":{"spriteFrame":[{"frame":0,"value":{"__uuid__":"qzmjmjc6-f182-4c81-9020-fa08016f7829"}},{"frame":0.016666666666666666,"value":{"__uuid__":"qzmjmj73-ece6-4e3d-926f-f633d37c907c"}},{"frame":0.03333333333333333,"value":{"__uuid__":"qzmjmj06-7e3b-44ae-a0b8-43f6d7724675"}},{"frame":0.05,"value":{"__uuid__":"qzmjmjaa-ccbc-411f-ae70-864ba3e49c6d"}},{"frame":0.06666666666666667,"value":{"__uuid__":"qzmjmjd6-9d0b-4b65-b910-5e993b021048"}},{"frame":0.08333333333333333,"value":{"__uuid__":"qzmjmj41-af54-4e37-b37b-65ec2d89bd65"}},{"frame":0.1,"value":{"__uuid__":"qzmjmj7d-7fce-48be-b9f7-fc399b4d322a"}},{"frame":0.11666666666666667,"value":{"__uuid__":"qzmjmje2-13ce-4879-9183-edabfddd76c8"}}]}}}},{"__type__":"cc.SpriteFrame","content":{"name":"sijindao_ani1","texture":"qzmjmj12-f12d-4720-933b-d577f33d0b48","rect":[3,17,316,186],"offset":[1,0],"originalSize":[320,220],"capInsets":[0,0,0,0]}},{"__type__":"cc.SpriteFrame","content":{"name":"sijindao_ani5","texture":"qzmjmj7a-d2b9-42d3-b4ca-7db687d8a038","rect":[19,17,283,186],"offset":[0.5,0],"originalSize":[320,220],"capInsets":[0,0,0,0]}},{"__type__":"cc.SpriteFrame","content":{"name":"sijindao_ani8","texture":"qzmjmj0e-55e2-4402-9a57-71164f1b1e89","rect":[19,9,283,202],"offset":[0.5,0],"originalSize":[320,220],"capInsets":[0,0,0,0]}}]