[{"__type__":"cc.SpriteFrame","content":{"name":"btn_close","texture":"qzmjmj22-4193-4d6e-968d-ec3ef372c92d","rect":[0,0,79,80],"offset":[0,0],"originalSize":[79,80],"capInsets":[0,0,0,0]}},{"__type__":"cc.SpriteFrame","content":{"name":"title_zcj","texture":"qzmjmjfb-5511-42ba-8b7b-ef83d2757a64","rect":[0,0,138,60],"offset":[0,0],"originalSize":[138,60],"capInsets":[0,0,0,0]}},{"__type__":"cc.SpriteFrame","content":{"name":"btn_green","texture":"qzmjmja5-b941-45ab-b6d3-c719e4a35d51","rect":[0,0,243,77],"offset":[-0.5,0.5],"originalSize":[244,78],"capInsets":[0,0,0,0]}},{"__type__":"cc.SpriteFrame","content":{"name":"bg","texture":"qzmjmj36-8a0c-4d92-8561-c45e53fa19cc","rect":[0,0,21,63],"offset":[0,0],"originalSize":[21,63],"capInsets":[0,0,0,0]}},{"__type__":"cc.SpriteFrame","content":{"name":"btn_yellow01","texture":"qzmjmje0-8f42-44c9-abf3-3456bfd6e3ab","rect":[0,0,223,80],"offset":[0,0],"originalSize":[223,80],"capInsets":[0,0,0,0]}},{"__type__":"cc.SpriteFrame","content":{"name":"bg_content_list02","texture":"qzmjmj9b-5163-4287-9430-002b2263c49c","rect":[0,0,291,437],"offset":[0,0],"originalSize":[291,437],"capInsets":[0,0,0,0]}},{"__type__":"cc.SpriteFrame","content":{"name":"personal_female","texture":"qzmjmj54-eaf6-4d65-96a1-a5c75ad9815b","rect":[0,0,17,28],"offset":[0,0],"originalSize":[17,28],"capInsets":[0,0,0,0]}},{"__type__":"cc.SpriteFrame","content":{"name":"btn_green01","texture":"qzmjmjb0-52b9-4b0f-9af1-74c5ebdafff1","rect":[0,0,206,74],"offset":[0,0],"originalSize":[206,74],"capInsets":[0,0,0,0]}},{"__type__":"cc.SpriteFrame","content":{"name":"bg_title","texture":"qzmjmje5-5a3d-4737-b994-cf41e5ee7655","rect":[1,0,473,87],"offset":[0,0],"originalSize":[475,87],"capInsets":[0,0,0,0]}},{"__type__":"cc.SpriteFrame","content":{"name":"personal_male","texture":"qzmjmj77-896c-42ef-a016-1e1aea84b787","rect":[0,0,24,24],"offset":[0,0],"originalSize":[24,24],"capInsets":[0,0,0,0]}},{"__type__":"cc.SpriteFrame","content":{"name":"bg_02","texture":"qzmjmj76-0f5c-4d84-842b-a77df07a590f","rect":[0,0,1306,698],"offset":[0,0],"originalSize":[1306,698],"capInsets":[0,0,0,0]}},{"__type__":"cc.SpriteFrame","content":{"name":"bg_fjxx","texture":"qzmjmj1e-4ff2-4bf0-b43d-4a08ad97d035","rect":[0,0,975,38],"offset":[0,0],"originalSize":[975,38],"capInsets":[0,0,0,0]}},{"__type__":"cc.SpriteFrame","content":{"name":"icon_win","texture":"qzmjmj29-df32-4c7d-adb3-640d46ab9dda","rect":[0,0,50,92],"offset":[0,0],"originalSize":[50,92],"capInsets":[0,0,0,0]}},{"__type__":"cc.SpriteFrame","content":{"name":"icon_zjps","texture":"qzmjmj3b-56c7-457c-9b98-0ab5f695fe70","rect":[0,0,94,94],"offset":[0,0],"originalSize":[94,94],"capInsets":[0,0,0,0]}},{"__type__":"cc.SpriteFrame","content":{"name":"morentouxiang","texture":"qzmjmj52-0393-4ea1-84d8-1bdd3044f177","rect":[0,0,60,60],"offset":[0,0],"originalSize":[60,60],"capInsets":[0,0,0,0]}},{"__type__":"cc.SpriteFrame","content":{"name":"lb_btn_fxlj","texture":"qzmjmj40-b630-4861-b382-a7511661d4b2","rect":[0,0,158,42],"offset":[0,0],"originalSize":[158,42],"capInsets":[0,0,0,0]}},[{"__type__":"cc.Prefab","_name":"qzmj_UIMJResultDetail","data":{"__id__":1}},{"__type__":"cc.Node","_name":"qzmj_UIMJResultDetail","_children":[{"__id__":2},{"__id__":6},{"__id__":41},{"__id__":43},{"__id__":44},{"__id__":45},{"__id__":46}],"_components":[{"__type__":"cc.Widget","node":{"__id__":1},"alignMode":0,"_alignFlags":45},{"__type__":"cc.Button","node":{"__id__":1},"_N$normalColor":{"__type__":"cc.Color","r":214,"g":214,"b":214},"_N$target":{"__id__":1}},{"__type__":"cc.Sprite","node":{"__id__":1},"_materials":[{"__uuid__":"ecpdLyjvZBwrvm+cedCcQy"}],"_spriteFrame":{"__uuid__":"qzmjmj1f-3e0b-4b1d-ae52-c52ad188bba9"},"_sizeMode":0},{"__type__":"qzmjmj82-8c91-43a5-993a-d0a85100e032","node":{"__id__":1},"JS_Name":"xymj_BaseComponent","roomID":{"__id__":43},"jushu":{"__id__":44},"endTime":{"__id__":45},"btn_close":{"__id__":41},"btn_sharelink":{"__id__":47},"btn_sharemore":{"__id__":49},"btn_exit":{"__id__":57},"btn_pingfenkaiju":{"__id__":53},"btn_wolaikaiju":{"__id__":51},"btn_dayingjiakaiju":{"__id__":55},"SpriteMale":{"__uuid__":"qzmjmj9c-6769-4fe8-8f48-74ca87313497"},"SpriteFeMale":{"__uuid__":"qzmjmj4a-eae4-4135-8ccb-7cbcb9ccd166"}}],"_prefab":{"__type__":"cc.PrefabInfo","root":{"__id__":1},"asset":{"__uuid__":"qzmjmjf2-551a-4c9d-97e0-c27cc4202143"},"fileId":"92aabkTEcpFUYr4HPL7GtsI"},"_contentSize":{"__type__":"cc.Size","width":1360,"height":760},"_trs":{"__type__":"TypedArray","ctor":"Float64Array","array":[680,380,0,0,0,0,1,1,1,1]}},{"__type__":"cc.Node","_name":"bg","_parent":{"__id__":1},"_children":[{"__id__":3},{"__id__":5}],"_components":[{"__type__":"cc.Sprite","node":{"__id__":2},"_materials":[{"__uuid__":"ecpdLyjvZBwrvm+cedCcQy"}],"_spriteFrame":{"__uuid__":"qzmjmja5-887a-4540-96a0-bf6387f5c8cf"},"_type":1}],"_prefab":{"__type__":"cc.PrefabInfo","root":{"__id__":1},"asset":{"__uuid__":"qzmjmjf2-551a-4c9d-97e0-c27cc4202143"},"fileId":"ab59cbEERFKsK3iR3xaZ/6Q"},"_contentSize":{"__type__":"cc.Size","width":1306,"height":698},"_trs":{"__type__":"TypedArray","ctor":"Float64Array","array":[-2,-19,0,0,0,0,1,1,1,1]}},{"__type__":"cc.Node","_name":"bg_title","_parent":{"__id__":2},"_children":[{"__id__":4}],"_components":[{"__type__":"cc.Sprite","node":{"__id__":3},"_materials":[{"__uuid__":"ecpdLyjvZBwrvm+cedCcQy"}],"_spriteFrame":{"__uuid__":"qzmjmj92-6868-4f87-af04-8f2f2a593e71"}}],"_prefab":{"__type__":"cc.PrefabInfo","root":{"__id__":1},"asset":{"__uuid__":"qzmjmjf2-551a-4c9d-97e0-c27cc4202143"},"fileId":"41449rfnjpCW4tfu6F0wlLO"},"_contentSize":{"__type__":"cc.Size","width":473,"height":87},"_trs":{"__type__":"TypedArray","ctor":"Float64Array","array":[0,344,0,0,0,0,1,1,1,1]}},{"__type__":"cc.Node","_name":"title_result","_parent":{"__id__":3},"_components":[{"__type__":"cc.Sprite","node":{"__id__":4},"_materials":[{"__uuid__":"ecpdLyjvZBwrvm+cedCcQy"}],"_spriteFrame":{"__uuid__":"qzmjmj14-36b6-4a76-a229-57371592a7fc"}}],"_prefab":{"__type__":"cc.PrefabInfo","root":{"__id__":1},"asset":{"__uuid__":"qzmjmjf2-551a-4c9d-97e0-c27cc4202143"},"fileId":"c0825hiMxlKA4HroLGG085s"},"_contentSize":{"__type__":"cc.Size","width":138,"height":60},"_trs":{"__type__":"TypedArray","ctor":"Float64Array","array":[0,0,0,0,0,0,1,1,1,1]}},{"__type__":"cc.Node","_name":"heidi","_parent":{"__id__":2},"_components":[{"__type__":"cc.Sprite","node":{"__id__":5},"_materials":[{"__uuid__":"ecpdLyjvZBwrvm+cedCcQy"}],"_spriteFrame":{"__uuid__":"qzmjmjc7-9f7a-45b7-8107-a177136e785f"}}],"_prefab":{"__type__":"cc.PrefabInfo","root":{"__id__":1},"asset":{"__uuid__":"qzmjmjf2-551a-4c9d-97e0-c27cc4202143"},"fileId":"b6409x+1ppIk7cLPvA5elAd"},"_contentSize":{"__type__":"cc.Size","width":975,"height":38},"_trs":{"__type__":"TypedArray","ctor":"Float64Array","array":[0,270,0,0,0,0,1,1,1,1]}},{"__type__":"cc.Node","_name":"layout_player","_parent":{"__id__":1},"_children":[{"__id__":7}],"_components":[{"__type__":"cc.Layout","node":{"__id__":6},"_layoutSize":{"__type__":"cc.Size","width":291,"height":437},"_resize":1,"_N$layoutType":1,"_N$spacingX":10}],"_prefab":{"__type__":"cc.PrefabInfo","root":{"__id__":1},"asset":{"__uuid__":"qzmjmjf2-551a-4c9d-97e0-c27cc4202143"},"fileId":"369aaeTlYJNXISxhbGAgTtK"},"_color":{"__type__":"cc.Color","r":167,"g":167,"b":167},"_contentSize":{"__type__":"cc.Size","width":291,"height":437},"_trs":{"__type__":"TypedArray","ctor":"Float64Array","array":[0,-11,0,0,0,0,1,1,1,1]}},{"__type__":"cc.Node","_name":"player1","_parent":{"__id__":6},"_children":[{"__id__":8},{"__id__":13},{"__id__":39},{"__id__":40}],"_components":[{"__type__":"cc.Sprite","node":{"__id__":7},"_materials":[{"__uuid__":"ecpdLyjvZBwrvm+cedCcQy"}],"_spriteFrame":{"__uuid__":"qzmjmj48-fe2e-4349-a043-8a554801cf6b"},"_type":1}],"_prefab":{"__type__":"cc.PrefabInfo","root":{"__id__":1},"asset":{"__uuid__":"qzmjmjf2-551a-4c9d-97e0-c27cc4202143"},"fileId":"c72a1mlJNJEM6Bn5dnhjPL8"},"_contentSize":{"__type__":"cc.Size","width":291,"height":437},"_trs":{"__type__":"TypedArray","ctor":"Float64Array","array":[0,0,0,0,0,0,1,1,1,1]}},{"__type__":"cc.Node","_name":"user_info","_parent":{"__id__":7},"_children":[{"__id__":9},{"__id__":10},{"__id__":11},{"__id__":12}],"_prefab":{"__type__":"cc.PrefabInfo","root":{"__id__":1},"asset":{"__uuid__":"qzmjmjf2-551a-4c9d-97e0-c27cc4202143"},"fileId":"0b787g3oP1NEYwMocNOidHt"},"_contentSize":{"__type__":"cc.Size","width":250,"height":80},"_trs":{"__type__":"TypedArray","ctor":"Float64Array","array":[0,151.9,0,0,0,0,1,1,1,1]}},{"__type__":"cc.Node","_name":"head_img","_parent":{"__id__":8},"_components":[{"__type__":"cc.Sprite","node":{"__id__":9},"_materials":[{"__uuid__":"ecpdLyjvZBwrvm+cedCcQy"}],"_spriteFrame":{"__uuid__":"qzmjmjd4-6d8e-4361-aae8-91caca6f2355"},"_sizeMode":0,"_isTrimmedMode":false},{"__type__":"qzmjmj73-3561-4a28-8fd0-4ff9fc711d7e","node":{"__id__":9},"JS_Name":"xymj_BaseComponent"}],"_prefab":{"__type__":"cc.PrefabInfo","root":{"__id__":1},"asset":{"__uuid__":"qzmjmjf2-551a-4c9d-97e0-c27cc4202143"},"fileId":"bf3c96ylJVLv4/yXM9WZ0Ne"},"_contentSize":{"__type__":"cc.Size","width":80,"height":80},"_trs":{"__type__":"TypedArray","ctor":"Float64Array","array":[-100.9,17.8,0,0,0,0,1,1,1,1]}},{"__type__":"cc.Node","_name":"lable_name","_parent":{"__id__":8},"_components":[{"__type__":"cc.Label","node":{"__id__":10},"_materials":[{"__uuid__":"ecpdLyjvZBwrvm+cedCcQy"}],"_useOriginalSize":false,"_string":"丸子科丸丸","_N$string":"丸子科丸丸","_fontSize":30,"_lineHeight":30,"_N$file":{"__uuid__":"qzmjmj1e-650d-4484-9e24-10ffc791e225"},"_isSystemFontUsed":false,"_N$verticalAlign":1}],"_prefab":{"__type__":"cc.PrefabInfo","root":{"__id__":1},"asset":{"__uuid__":"qzmjmjf2-551a-4c9d-97e0-c27cc4202143"},"fileId":"0155bYBGWJIBbTOOsyeLi3Y"},"_color":{"__type__":"cc.Color","r":138,"g":55},"_contentSize":{"__type__":"cc.Size","width":150,"height":37.8},"_anchorPoint":{"__type__":"cc.Vec2","y":0.5},"_trs":{"__type__":"TypedArray","ctor":"Float64Array","array":[-59.6,39.5,0,0,0,0,1,1,1,1]}},{"__type__":"cc.Node","_name":"label_id","_parent":{"__id__":8},"_components":[{"__type__":"cc.Label","node":{"__id__":11},"_materials":[{"__uuid__":"ecpdLyjvZBwrvm+cedCcQy"}],"_useOriginalSize":false,"_string":"142536","_N$string":"142536","_fontSize":30,"_lineHeight":30,"_N$file":{"__uuid__":"qzmjmj1e-650d-4484-9e24-10ffc791e225"},"_isSystemFontUsed":false,"_N$horizontalAlign":1,"_N$verticalAlign":1}],"_prefab":{"__type__":"cc.PrefabInfo","root":{"__id__":1},"asset":{"__uuid__":"qzmjmjf2-551a-4c9d-97e0-c27cc4202143"},"fileId":"36748LlEvdFrrp5d5hLOHbg"},"_color":{"__type__":"cc.Color","r":138,"g":55},"_contentSize":{"__type__":"cc.Size","width":96.56,"height":37.8},"_anchorPoint":{"__type__":"cc.Vec2","y":0.5},"_trs":{"__type__":"TypedArray","ctor":"Float64Array","array":[-55.6,-2.2,0,0,0,0,1,1,1,1]}},{"__type__":"cc.Node","_name":"sex","_parent":{"__id__":8},"_components":[{"__type__":"cc.Sprite","node":{"__id__":12},"_materials":[{"__uuid__":"ecpdLyjvZBwrvm+cedCcQy"}],"_spriteFrame":{"__uuid__":"qzmjmj9c-6769-4fe8-8f48-74ca87313497"},"_sizeMode":0}],"_prefab":{"__type__":"cc.PrefabInfo","root":{"__id__":1},"asset":{"__uuid__":"qzmjmjf2-551a-4c9d-97e0-c27cc4202143"},"fileId":"866254L//JLsalYzT8cAaDW"},"_contentSize":{"__type__":"cc.Size","width":24,"height":24},"_trs":{"__type__":"TypedArray","ctor":"Float64Array","array":[126,38.5,0,0,0,0,1,1,1,1]}},{"__type__":"cc.Node","_name":"jiesuan","_parent":{"__id__":7},"_children":[{"__id__":14},{"__id__":36},{"__id__":37},{"__id__":38}],"_prefab":{"__type__":"cc.PrefabInfo","root":{"__id__":1},"asset":{"__uuid__":"qzmjmjf2-551a-4c9d-97e0-c27cc4202143"},"fileId":"f967cDjgPRH1K48cjj8LMp6"},"_contentSize":{"__type__":"cc.Size","width":250,"height":300},"_trs":{"__type__":"TypedArray","ctor":"Float64Array","array":[-1,-31,0,0,0,0,1,1,1,1]}},{"__type__":"cc.Node","_name":"layout","_parent":{"__id__":13},"_children":[{"__id__":15},{"__id__":18},{"__id__":21},{"__id__":24},{"__id__":27},{"__id__":30},{"__id__":33}],"_components":[{"__type__":"cc.Layout","node":{"__id__":14},"_layoutSize":{"__type__":"cc.Size","width":250,"height":138},"_resize":1,"_N$layoutType":2,"_N$paddingTop":20,"_N$spacingY":20}],"_prefab":{"__type__":"cc.PrefabInfo","root":{"__id__":1},"asset":{"__uuid__":"qzmjmjf2-551a-4c9d-97e0-c27cc4202143"},"fileId":"ed337nktaZMN73jQlOzRv+e"},"_contentSize":{"__type__":"cc.Size","width":250,"height":138},"_anchorPoint":{"__type__":"cc.Vec2","x":0.5,"y":1},"_trs":{"__type__":"TypedArray","ctor":"Float64Array","array":[0,137.5,0,0,0,0,1,1,1,1]}},{"__type__":"cc.Node","_name":"hu","_parent":{"__id__":14},"_children":[{"__id__":16},{"__id__":17}],"_active":false,"_prefab":{"__type__":"cc.PrefabInfo","root":{"__id__":1},"asset":{"__uuid__":"qzmjmjf2-551a-4c9d-97e0-c27cc4202143"},"fileId":"6efe9cj+8hCy7l3mFIqV/L5"},"_contentSize":{"__type__":"cc.Size","width":250,"height":26},"_trs":{"__type__":"TypedArray","ctor":"Float64Array","array":[0,-33,0,0,0,0,1,1,1,1]}},{"__type__":"cc.Node","_name":"tip","_parent":{"__id__":15},"_components":[{"__type__":"cc.Label","node":{"__id__":16},"_materials":[{"__uuid__":"ecpdLyjvZBwrvm+cedCcQy"}],"_useOriginalSize":false,"_string":"胡牌次数","_N$string":"胡牌次数","_fontSize":26,"_lineHeight":26,"_N$file":{"__uuid__":"qzmjmj1e-650d-4484-9e24-10ffc791e225"},"_isSystemFontUsed":false,"_N$horizontalAlign":1,"_N$verticalAlign":1}],"_prefab":{"__type__":"cc.PrefabInfo","root":{"__id__":1},"asset":{"__uuid__":"qzmjmjf2-551a-4c9d-97e0-c27cc4202143"},"fileId":"a41e2m/sWBNKosZa1Nvhvh5"},"_color":{"__type__":"cc.Color","r":186,"g":71,"b":40},"_contentSize":{"__type__":"cc.Size","width":104,"height":32.76},"_trs":{"__type__":"TypedArray","ctor":"Float64Array","array":[-61.099999999999994,0,0,0,0,0,1,1,1,1]}},{"__type__":"cc.Node","_name":"num","_parent":{"__id__":15},"_components":[{"__type__":"cc.Label","node":{"__id__":17},"_materials":[{"__uuid__":"ecpdLyjvZBwrvm+cedCcQy"}],"_useOriginalSize":false,"_string":"3次","_N$string":"3次","_fontSize":26,"_lineHeight":26,"_N$file":{"__uuid__":"qzmjmj1e-650d-4484-9e24-10ffc791e225"},"_isSystemFontUsed":false,"_N$horizontalAlign":1,"_N$verticalAlign":1}],"_prefab":{"__type__":"cc.PrefabInfo","root":{"__id__":1},"asset":{"__uuid__":"qzmjmjf2-551a-4c9d-97e0-c27cc4202143"},"fileId":"31aa5zZBZdMr7yeNSsfrAZv"},"_color":{"__type__":"cc.Color","r":186,"g":71,"b":40},"_contentSize":{"__type__":"cc.Size","width":40.83,"height":32.76},"_trs":{"__type__":"TypedArray","ctor":"Float64Array","array":[93.3,0,0,0,0,0,1,1,1,1]}},{"__type__":"cc.Node","_name":"danyou","_parent":{"__id__":14},"_children":[{"__id__":19},{"__id__":20}],"_active":false,"_prefab":{"__type__":"cc.PrefabInfo","root":{"__id__":1},"asset":{"__uuid__":"qzmjmjf2-551a-4c9d-97e0-c27cc4202143"},"fileId":"adt5ckZRxI1KlNjO4a34oe"},"_contentSize":{"__type__":"cc.Size","width":250,"height":26},"_trs":{"__type__":"TypedArray","ctor":"Float64Array","array":[0,-74,0,0,0,0,1,1,1,1]}},{"__type__":"cc.Node","_name":"tip","_parent":{"__id__":18},"_components":[{"__type__":"cc.Label","node":{"__id__":19},"_materials":[{"__uuid__":"ecpdLyjvZBwrvm+cedCcQy"}],"_useOriginalSize":false,"_string":"单游次数","_N$string":"单游次数","_fontSize":26,"_lineHeight":26,"_N$file":{"__uuid__":"qzmjmj1e-650d-4484-9e24-10ffc791e225"},"_isSystemFontUsed":false,"_N$horizontalAlign":1,"_N$verticalAlign":1}],"_prefab":{"__type__":"cc.PrefabInfo","root":{"__id__":1},"asset":{"__uuid__":"qzmjmjf2-551a-4c9d-97e0-c27cc4202143"},"fileId":"f1vlTvLhdIZqRhjQO2o81j"},"_color":{"__type__":"cc.Color","r":186,"g":71,"b":40},"_contentSize":{"__type__":"cc.Size","width":104,"height":32.76},"_trs":{"__type__":"TypedArray","ctor":"Float64Array","array":[-61.099999999999994,0,0,0,0,0,1,1,1,1]}},{"__type__":"cc.Node","_name":"num","_parent":{"__id__":18},"_components":[{"__type__":"cc.Label","node":{"__id__":20},"_materials":[{"__uuid__":"ecpdLyjvZBwrvm+cedCcQy"}],"_useOriginalSize":false,"_string":"3次","_N$string":"3次","_fontSize":26,"_lineHeight":26,"_N$file":{"__uuid__":"qzmjmj1e-650d-4484-9e24-10ffc791e225"},"_isSystemFontUsed":false,"_N$horizontalAlign":1,"_N$verticalAlign":1}],"_prefab":{"__type__":"cc.PrefabInfo","root":{"__id__":1},"asset":{"__uuid__":"qzmjmjf2-551a-4c9d-97e0-c27cc4202143"},"fileId":"aehPp9wi5L0Zx7PTXhQVTx"},"_color":{"__type__":"cc.Color","r":186,"g":71,"b":40},"_contentSize":{"__type__":"cc.Size","width":40.83,"height":32.76},"_trs":{"__type__":"TypedArray","ctor":"Float64Array","array":[93.3,0,0,0,0,0,1,1,1,1]}},{"__type__":"cc.Node","_name":"shuangyou","_parent":{"__id__":14},"_children":[{"__id__":22},{"__id__":23}],"_active":false,"_prefab":{"__type__":"cc.PrefabInfo","root":{"__id__":1},"asset":{"__uuid__":"qzmjmjf2-551a-4c9d-97e0-c27cc4202143"},"fileId":"c00f7Hi9JhDzLrCGUapsL7/"},"_contentSize":{"__type__":"cc.Size","width":250,"height":26},"_trs":{"__type__":"TypedArray","ctor":"Float64Array","array":[0,-115,0,0,0,0,1,1,1,1]}},{"__type__":"cc.Node","_name":"tip","_parent":{"__id__":21},"_components":[{"__type__":"cc.Label","node":{"__id__":22},"_materials":[{"__uuid__":"ecpdLyjvZBwrvm+cedCcQy"}],"_useOriginalSize":false,"_string":"双游次数","_N$string":"双游次数","_fontSize":26,"_lineHeight":26,"_N$file":{"__uuid__":"qzmjmj1e-650d-4484-9e24-10ffc791e225"},"_isSystemFontUsed":false,"_N$horizontalAlign":1,"_N$verticalAlign":1}],"_prefab":{"__type__":"cc.PrefabInfo","root":{"__id__":1},"asset":{"__uuid__":"qzmjmjf2-551a-4c9d-97e0-c27cc4202143"},"fileId":"3a1c0LCfaBCv4t9QyJw05Nl"},"_color":{"__type__":"cc.Color","r":186,"g":71,"b":40},"_contentSize":{"__type__":"cc.Size","width":104,"height":32.76},"_trs":{"__type__":"TypedArray","ctor":"Float64Array","array":[-61.099999999999994,0,0,0,0,0,1,1,1,1]}},{"__type__":"cc.Node","_name":"num","_parent":{"__id__":21},"_components":[{"__type__":"cc.Label","node":{"__id__":23},"_materials":[{"__uuid__":"ecpdLyjvZBwrvm+cedCcQy"}],"_useOriginalSize":false,"_string":"3次","_N$string":"3次","_fontSize":26,"_lineHeight":26,"_N$file":{"__uuid__":"qzmjmj1e-650d-4484-9e24-10ffc791e225"},"_isSystemFontUsed":false,"_N$horizontalAlign":1,"_N$verticalAlign":1}],"_prefab":{"__type__":"cc.PrefabInfo","root":{"__id__":1},"asset":{"__uuid__":"qzmjmjf2-551a-4c9d-97e0-c27cc4202143"},"fileId":"29c29/yNQlP15seJP+YPQK2"},"_color":{"__type__":"cc.Color","r":186,"g":71,"b":40},"_contentSize":{"__type__":"cc.Size","width":40.83,"height":32.76},"_trs":{"__type__":"TypedArray","ctor":"Float64Array","array":[93.3,0,0,0,0,0,1,1,1,1]}},{"__type__":"cc.Node","_name":"sanyou","_parent":{"__id__":14},"_children":[{"__id__":25},{"__id__":26}],"_active":false,"_prefab":{"__type__":"cc.PrefabInfo","root":{"__id__":1},"asset":{"__uuid__":"qzmjmjf2-551a-4c9d-97e0-c27cc4202143"},"fileId":"ce61eLtQOpKS454Yq6eT/zV"},"_contentSize":{"__type__":"cc.Size","width":250,"height":26},"_trs":{"__type__":"TypedArray","ctor":"Float64Array","array":[0,-156,0,0,0,0,1,1,1,1]}},{"__type__":"cc.Node","_name":"tip","_parent":{"__id__":24},"_components":[{"__type__":"cc.Label","node":{"__id__":25},"_materials":[{"__uuid__":"ecpdLyjvZBwrvm+cedCcQy"}],"_useOriginalSize":false,"_string":"三游次数","_N$string":"三游次数","_fontSize":26,"_lineHeight":26,"_N$file":{"__uuid__":"qzmjmj1e-650d-4484-9e24-10ffc791e225"},"_isSystemFontUsed":false,"_N$horizontalAlign":1,"_N$verticalAlign":1}],"_prefab":{"__type__":"cc.PrefabInfo","root":{"__id__":1},"asset":{"__uuid__":"qzmjmjf2-551a-4c9d-97e0-c27cc4202143"},"fileId":"8babbMUSAhNj4Ac83I/nO8T"},"_color":{"__type__":"cc.Color","r":186,"g":71,"b":40},"_contentSize":{"__type__":"cc.Size","width":104,"height":32.76},"_trs":{"__type__":"TypedArray","ctor":"Float64Array","array":[-61.099999999999994,0,0,0,0,0,1,1,1,1]}},{"__type__":"cc.Node","_name":"num","_parent":{"__id__":24},"_components":[{"__type__":"cc.Label","node":{"__id__":26},"_materials":[{"__uuid__":"ecpdLyjvZBwrvm+cedCcQy"}],"_useOriginalSize":false,"_string":"3次","_N$string":"3次","_fontSize":26,"_lineHeight":26,"_N$file":{"__uuid__":"qzmjmj1e-650d-4484-9e24-10ffc791e225"},"_isSystemFontUsed":false,"_N$horizontalAlign":1,"_N$verticalAlign":1}],"_prefab":{"__type__":"cc.PrefabInfo","root":{"__id__":1},"asset":{"__uuid__":"qzmjmjf2-551a-4c9d-97e0-c27cc4202143"},"fileId":"c883d0a3atL+7YrCxCGGz6C"},"_color":{"__type__":"cc.Color","r":186,"g":71,"b":40},"_contentSize":{"__type__":"cc.Size","width":40.83,"height":32.76},"_trs":{"__type__":"TypedArray","ctor":"Float64Array","array":[93.3,0,0,0,0,0,1,1,1,1]}},{"__type__":"cc.Node","_name":"dianpao","_parent":{"__id__":14},"_children":[{"__id__":28},{"__id__":29}],"_prefab":{"__type__":"cc.PrefabInfo","root":{"__id__":1},"asset":{"__uuid__":"qzmjmjf2-551a-4c9d-97e0-c27cc4202143"},"fileId":"bdyIqG1xpF3bD9aY+i6W3m"},"_contentSize":{"__type__":"cc.Size","width":250,"height":26},"_trs":{"__type__":"TypedArray","ctor":"Float64Array","array":[0,-33,0,0,0,0,1,1,1,1]}},{"__type__":"cc.Node","_name":"tip","_parent":{"__id__":27},"_components":[{"__type__":"cc.Label","node":{"__id__":28},"_materials":[{"__uuid__":"ecpdLyjvZBwrvm+cedCcQy"}],"_useOriginalSize":false,"_string":"点炮","_N$string":"点炮","_fontSize":26,"_lineHeight":26,"_N$file":{"__uuid__":"qzmjmj1e-650d-4484-9e24-10ffc791e225"},"_isSystemFontUsed":false,"_N$horizontalAlign":1,"_N$verticalAlign":1}],"_prefab":{"__type__":"cc.PrefabInfo","root":{"__id__":1},"asset":{"__uuid__":"qzmjmjf2-551a-4c9d-97e0-c27cc4202143"},"fileId":"88DJ/nyIFPc745I5cJo5Sa"},"_color":{"__type__":"cc.Color","r":186,"g":71,"b":40},"_contentSize":{"__type__":"cc.Size","width":52,"height":32.76},"_trs":{"__type__":"TypedArray","ctor":"Float64Array","array":[-68.1,0,0,0,0,0,1,1,1,1]}},{"__type__":"cc.Node","_name":"num","_parent":{"__id__":27},"_components":[{"__type__":"cc.Label","node":{"__id__":29},"_materials":[{"__uuid__":"ecpdLyjvZBwrvm+cedCcQy"}],"_useOriginalSize":false,"_string":"3次","_N$string":"3次","_fontSize":26,"_lineHeight":26,"_N$file":{"__uuid__":"qzmjmj1e-650d-4484-9e24-10ffc791e225"},"_isSystemFontUsed":false,"_N$horizontalAlign":1,"_N$verticalAlign":1}],"_prefab":{"__type__":"cc.PrefabInfo","root":{"__id__":1},"asset":{"__uuid__":"qzmjmjf2-551a-4c9d-97e0-c27cc4202143"},"fileId":"12KmlDmiNJpKoz8Yi7qN7E"},"_color":{"__type__":"cc.Color","r":186,"g":71,"b":40},"_contentSize":{"__type__":"cc.Size","width":40.83,"height":32.76},"_trs":{"__type__":"TypedArray","ctor":"Float64Array","array":[93.3,0,0,0,0,0,1,1,1,1]}},{"__type__":"cc.Node","_name":"jiepao","_parent":{"__id__":14},"_children":[{"__id__":31},{"__id__":32}],"_prefab":{"__type__":"cc.PrefabInfo","root":{"__id__":1},"asset":{"__uuid__":"qzmjmjf2-551a-4c9d-97e0-c27cc4202143"},"fileId":"83KyD+OtNL1oMkTphxSFdq"},"_contentSize":{"__type__":"cc.Size","width":250,"height":26},"_trs":{"__type__":"TypedArray","ctor":"Float64Array","array":[0,-79,0,0,0,0,1,1,1,1]}},{"__type__":"cc.Node","_name":"tip","_parent":{"__id__":30},"_components":[{"__type__":"cc.Label","node":{"__id__":31},"_materials":[{"__uuid__":"ecpdLyjvZBwrvm+cedCcQy"}],"_useOriginalSize":false,"_string":"接炮","_N$string":"接炮","_fontSize":26,"_lineHeight":26,"_N$file":{"__uuid__":"qzmjmj1e-650d-4484-9e24-10ffc791e225"},"_isSystemFontUsed":false,"_N$horizontalAlign":1,"_N$verticalAlign":1}],"_prefab":{"__type__":"cc.PrefabInfo","root":{"__id__":1},"asset":{"__uuid__":"qzmjmjf2-551a-4c9d-97e0-c27cc4202143"},"fileId":"8fLsVQWAhHkLvqPZ+Ds8tJ"},"_color":{"__type__":"cc.Color","r":186,"g":71,"b":40},"_contentSize":{"__type__":"cc.Size","width":52,"height":32.76},"_trs":{"__type__":"TypedArray","ctor":"Float64Array","array":[-68.1,0,0,0,0,0,1,1,1,1]}},{"__type__":"cc.Node","_name":"num","_parent":{"__id__":30},"_components":[{"__type__":"cc.Label","node":{"__id__":32},"_materials":[{"__uuid__":"ecpdLyjvZBwrvm+cedCcQy"}],"_useOriginalSize":false,"_string":"3次","_N$string":"3次","_fontSize":26,"_lineHeight":26,"_N$file":{"__uuid__":"qzmjmj1e-650d-4484-9e24-10ffc791e225"},"_isSystemFontUsed":false,"_N$horizontalAlign":1,"_N$verticalAlign":1}],"_prefab":{"__type__":"cc.PrefabInfo","root":{"__id__":1},"asset":{"__uuid__":"qzmjmjf2-551a-4c9d-97e0-c27cc4202143"},"fileId":"c5kbNgnThMSKjcqw2t4frG"},"_color":{"__type__":"cc.Color","r":186,"g":71,"b":40},"_contentSize":{"__type__":"cc.Size","width":40.83,"height":32.76},"_trs":{"__type__":"TypedArray","ctor":"Float64Array","array":[93.3,0,0,0,0,0,1,1,1,1]}},{"__type__":"cc.Node","_name":"zimo","_parent":{"__id__":14},"_children":[{"__id__":34},{"__id__":35}],"_prefab":{"__type__":"cc.PrefabInfo","root":{"__id__":1},"asset":{"__uuid__":"qzmjmjf2-551a-4c9d-97e0-c27cc4202143"},"fileId":"a73FW6nHBKjqv3l1gYBFSs"},"_contentSize":{"__type__":"cc.Size","width":250,"height":26},"_trs":{"__type__":"TypedArray","ctor":"Float64Array","array":[0,-125,0,0,0,0,1,1,1,1]}},{"__type__":"cc.Node","_name":"tip","_parent":{"__id__":33},"_components":[{"__type__":"cc.Label","node":{"__id__":34},"_materials":[{"__uuid__":"ecpdLyjvZBwrvm+cedCcQy"}],"_useOriginalSize":false,"_string":"自摸","_N$string":"自摸","_fontSize":26,"_lineHeight":26,"_N$file":{"__uuid__":"qzmjmj1e-650d-4484-9e24-10ffc791e225"},"_isSystemFontUsed":false,"_N$horizontalAlign":1,"_N$verticalAlign":1}],"_prefab":{"__type__":"cc.PrefabInfo","root":{"__id__":1},"asset":{"__uuid__":"qzmjmjf2-551a-4c9d-97e0-c27cc4202143"},"fileId":"70PqEu2whHkLzg62V0F2vF"},"_color":{"__type__":"cc.Color","r":186,"g":71,"b":40},"_contentSize":{"__type__":"cc.Size","width":52,"height":32.76},"_trs":{"__type__":"TypedArray","ctor":"Float64Array","array":[-68.1,0,0,0,0,0,1,1,1,1]}},{"__type__":"cc.Node","_name":"num","_parent":{"__id__":33},"_components":[{"__type__":"cc.Label","node":{"__id__":35},"_materials":[{"__uuid__":"ecpdLyjvZBwrvm+cedCcQy"}],"_useOriginalSize":false,"_string":"3次","_N$string":"3次","_fontSize":26,"_lineHeight":26,"_N$file":{"__uuid__":"qzmjmj1e-650d-4484-9e24-10ffc791e225"},"_isSystemFontUsed":false,"_N$horizontalAlign":1,"_N$verticalAlign":1}],"_prefab":{"__type__":"cc.PrefabInfo","root":{"__id__":1},"asset":{"__uuid__":"qzmjmjf2-551a-4c9d-97e0-c27cc4202143"},"fileId":"cfOZAOE+RMq57hbaIFrSYJ"},"_color":{"__type__":"cc.Color","r":186,"g":71,"b":40},"_contentSize":{"__type__":"cc.Size","width":40.83,"height":32.76},"_trs":{"__type__":"TypedArray","ctor":"Float64Array","array":[93.3,0,0,0,0,0,1,1,1,1]}},{"__type__":"cc.Node","_name":"lb_lost","_parent":{"__id__":13},"_components":[{"__type__":"cc.Label","node":{"__id__":36},"_materials":[{"__uuid__":"ecpdLyjvZBwrvm+cedCcQy"}],"_useOriginalSize":false,"_string":"0","_N$string":"0","_N$file":{"__uuid__":"qzmjmjdc-8bbe-46a4-877f-9801f06e4eae"},"_isSystemFontUsed":false,"_N$horizontalAlign":1,"_N$verticalAlign":1,"_N$overflow":2}],"_prefab":{"__type__":"cc.PrefabInfo","root":{"__id__":1},"asset":{"__uuid__":"qzmjmjf2-551a-4c9d-97e0-c27cc4202143"},"fileId":"2f4a3GnvxlCEKPTlzZPLuYO"},"_contentSize":{"__type__":"cc.Size","width":130,"height":40},"_trs":{"__type__":"TypedArray","ctor":"Float64Array","array":[0,-124,0,0,0,0,1,1.2,1.2,1]}},{"__type__":"cc.Node","_name":"lb_win","_parent":{"__id__":13},"_components":[{"__type__":"cc.Label","node":{"__id__":37},"_materials":[{"__uuid__":"ecpdLyjvZBwrvm+cedCcQy"}],"_useOriginalSize":false,"_string":"0","_N$string":"0","_N$file":{"__uuid__":"qzmjmj2e-8b0c-49b4-96ba-d60bfb494ef7"},"_isSystemFontUsed":false,"_N$horizontalAlign":1,"_N$verticalAlign":1,"_N$overflow":2}],"_prefab":{"__type__":"cc.PrefabInfo","root":{"__id__":1},"asset":{"__uuid__":"qzmjmjf2-551a-4c9d-97e0-c27cc4202143"},"fileId":"8f55etBfB9Omr1PTwMf7kut"},"_contentSize":{"__type__":"cc.Size","width":130,"height":40},"_trs":{"__type__":"TypedArray","ctor":"Float64Array","array":[0,-124,0,0,0,0,1,1.2,1.2,1]}},{"__type__":"cc.Node","_name":"lb_sportsPoint","_parent":{"__id__":13},"_components":[{"__type__":"cc.Label","node":{"__id__":38},"_materials":[{"__uuid__":"ecpdLyjvZBwrvm+cedCcQy"}],"_useOriginalSize":false,"_fontSize":20,"_lineHeight":26,"_N$file":{"__uuid__":"qzmjmj1e-650d-4484-9e24-10ffc791e225"},"_isSystemFontUsed":false,"_N$horizontalAlign":1,"_N$verticalAlign":1}],"_prefab":{"__type__":"cc.PrefabInfo","root":{"__id__":1},"asset":{"__uuid__":"qzmjmjf2-551a-4c9d-97e0-c27cc4202143"},"fileId":"62DX+hqYtMd7QdEkYl5HxQ"},"_color":{"__type__":"cc.Color","r":138,"g":55},"_contentSize":{"__type__":"cc.Size","height":32.76},"_trs":{"__type__":"TypedArray","ctor":"Float64Array","array":[0,-164,0,0,0,0,1,1,1,1]}},{"__type__":"cc.Node","_name":"icon_win","_parent":{"__id__":7},"_components":[{"__type__":"cc.Sprite","node":{"__id__":39},"_materials":[{"__uuid__":"ecpdLyjvZBwrvm+cedCcQy"}],"_spriteFrame":{"__uuid__":"qzmjmjc8-8406-4755-b524-8f15cd1b72df"}}],"_prefab":{"__type__":"cc.PrefabInfo","root":{"__id__":1},"asset":{"__uuid__":"qzmjmjf2-551a-4c9d-97e0-c27cc4202143"},"fileId":"4242dRFMaNDPLarGB5+2gcT"},"_contentSize":{"__type__":"cc.Size","width":50,"height":92},"_anchorPoint":{"__type__":"cc.Vec2","x":1,"y":0.5},"_trs":{"__type__":"TypedArray","ctor":"Float64Array","array":[144,181.8,0,0,0,0,1,0.8,0.8,1]}},{"__type__":"cc.Node","_name":"icon_paoshou","_parent":{"__id__":7},"_active":false,"_components":[{"__type__":"cc.Sprite","node":{"__id__":40},"_spriteFrame":{"__uuid__":"qzmjmjcb-8586-42a6-ba95-bce62e83592b"}}],"_prefab":{"__type__":"cc.PrefabInfo","root":{"__id__":1},"asset":{"__uuid__":"qzmjmjf2-551a-4c9d-97e0-c27cc4202143"},"fileId":"e4719gQinpORI6amyiy2UzG"},"_contentSize":{"__type__":"cc.Size","width":94,"height":94},"_anchorPoint":{"__type__":"cc.Vec2","x":1,"y":0.5},"_trs":{"__type__":"TypedArray","ctor":"Float64Array","array":[157.9,-139.4,0,0,0,0,1,0.8,0.8,1]}},{"__type__":"cc.Node","_name":"btn_close","_parent":{"__id__":1},"_children":[{"__id__":42}],"_components":[{"__type__":"cc.Button","node":{"__id__":41},"clickEvents":[{"__type__":"cc.ClickEvent","target":{"__id__":1},"_componentId":"qzmjmj82-8c91-43a5-993a-d0a85100e032","handler":"OnClick_BtnWnd"}],"_N$transition":3,"transition":3,"_N$normalColor":{"__type__":"cc.Color","r":214,"g":214,"b":214},"_N$target":{"__id__":41}}],"_prefab":{"__type__":"cc.PrefabInfo","root":{"__id__":1},"asset":{"__uuid__":"qzmjmjf2-551a-4c9d-97e0-c27cc4202143"},"fileId":"0c391+iFGJGwIuVXDLcSADi"},"_contentSize":{"__type__":"cc.Size","width":98,"height":101},"_trs":{"__type__":"TypedArray","ctor":"Float64Array","array":[640,311,0,0,0,0,1,1,1,1]}},{"__type__":"cc.Node","_name":"icon","_parent":{"__id__":41},"_components":[{"__type__":"cc.Sprite","node":{"__id__":42},"_materials":[{"__uuid__":"ecpdLyjvZBwrvm+cedCcQy"}],"_spriteFrame":{"__uuid__":"qzmjmj0a-09cb-4f8d-a5ba-e45067866d94"}}],"_prefab":{"__type__":"cc.PrefabInfo","root":{"__id__":1},"asset":{"__uuid__":"qzmjmjf2-551a-4c9d-97e0-c27cc4202143"},"fileId":"a84be2scxFBqpY9b1QfUbNb"},"_contentSize":{"__type__":"cc.Size","width":79,"height":80},"_trs":{"__type__":"TypedArray","ctor":"Float64Array","array":[0,0,0,0,0,0,1,1,1,1]}},{"__type__":"cc.Node","_name":"roomID","_parent":{"__id__":1},"_components":[{"__type__":"cc.Label","node":{"__id__":43},"_materials":[{"__uuid__":"ecpdLyjvZBwrvm+cedCcQy"}],"_useOriginalSize":false,"_string":"房间号:123456","_N$string":"房间号:123456","_fontSize":30,"_lineHeight":30,"_N$file":{"__uuid__":"qzmjmj1e-650d-4484-9e24-10ffc791e225"},"_isSystemFontUsed":false,"_N$horizontalAlign":1,"_N$verticalAlign":1}],"_prefab":{"__type__":"cc.PrefabInfo","root":{"__id__":1},"asset":{"__uuid__":"qzmjmjf2-551a-4c9d-97e0-c27cc4202143"},"fileId":"b27b87+UqhDFriyJHK9p91S"},"_color":{"__type__":"cc.Color","r":253,"g":249,"b":213},"_contentSize":{"__type__":"cc.Size","width":194.53,"height":37.8},"_trs":{"__type__":"TypedArray","ctor":"Float64Array","array":[-273,250,0,0,0,0,1,1,1,1]}},{"__type__":"cc.Node","_name":"jushu","_parent":{"__id__":1},"_components":[{"__type__":"cc.Label","node":{"__id__":44},"_materials":[{"__uuid__":"ecpdLyjvZBwrvm+cedCcQy"}],"_useOriginalSize":false,"_string":"局数:8","_N$string":"局数:8","_fontSize":30,"_N$file":{"__uuid__":"qzmjmj1e-650d-4484-9e24-10ffc791e225"},"_isSystemFontUsed":false,"_N$horizontalAlign":1,"_N$verticalAlign":1}],"_prefab":{"__type__":"cc.PrefabInfo","root":{"__id__":1},"asset":{"__uuid__":"qzmjmjf2-551a-4c9d-97e0-c27cc4202143"},"fileId":"2578dbxN5RB+pzJ+avD3W/z"},"_color":{"__type__":"cc.Color","r":253,"g":249,"b":213},"_contentSize":{"__type__":"cc.Size","width":85.08,"height":50.4},"_trs":{"__type__":"TypedArray","ctor":"Float64Array","array":[2,250,0,0,0,0,1,1,1,1]}},{"__type__":"cc.Node","_name":"endTime","_parent":{"__id__":1},"_components":[{"__type__":"cc.Label","node":{"__id__":45},"_materials":[{"__uuid__":"ecpdLyjvZBwrvm+cedCcQy"}],"_useOriginalSize":false,"_string":"2017-5-30 15:30","_N$string":"2017-5-30 15:30","_fontSize":30,"_N$file":{"__uuid__":"qzmjmj1e-650d-4484-9e24-10ffc791e225"},"_isSystemFontUsed":false,"_N$horizontalAlign":1,"_N$verticalAlign":1}],"_prefab":{"__type__":"cc.PrefabInfo","root":{"__id__":1},"asset":{"__uuid__":"qzmjmjf2-551a-4c9d-97e0-c27cc4202143"},"fileId":"75fe5C1CZdICJGrajkP05/j"},"_color":{"__type__":"cc.Color","r":253,"g":249,"b":213},"_contentSize":{"__type__":"cc.Size","width":226.76,"height":50.4},"_trs":{"__type__":"TypedArray","ctor":"Float64Array","array":[257,250,0,0,0,0,1,1,1,1]}},{"__type__":"cc.Node","_name":"btn_lists","_parent":{"__id__":1},"_children":[{"__id__":47},{"__id__":49},{"__id__":51},{"__id__":53},{"__id__":55},{"__id__":57},{"__id__":59}],"_components":[{"__type__":"cc.Layout","node":{"__id__":46},"_layoutSize":{"__type__":"cc.Size","width":980,"height":70},"_resize":1,"_N$layoutType":1,"_N$spacingX":60}],"_prefab":{"__type__":"cc.PrefabInfo","root":{"__id__":1},"asset":{"__uuid__":"qzmjmjf2-551a-4c9d-97e0-c27cc4202143"},"fileId":"e184dKsgGlJdLJpURki0hsf"},"_contentSize":{"__type__":"cc.Size","width":980,"height":70},"_trs":{"__type__":"TypedArray","ctor":"Float64Array","array":[0,-304,0,0,0,0,1,1,1,1]}},{"__type__":"cc.Node","_name":"btn_sharelink","_parent":{"__id__":46},"_children":[{"__id__":48}],"_components":[{"__type__":"cc.Sprite","node":{"__id__":47},"_materials":[{"__uuid__":"ecpdLyjvZBwrvm+cedCcQy"}],"_spriteFrame":{"__uuid__":"qzmjmj4e-6edc-497e-940f-b01c6afa7300"},"_sizeMode":0},{"__type__":"cc.Button","node":{"__id__":47},"clickEvents":[{"__type__":"cc.ClickEvent","target":{"__id__":1},"_componentId":"qzmjmj82-8c91-43a5-993a-d0a85100e032","handler":"OnClick_BtnWnd"}],"_N$transition":3,"transition":3,"_N$normalColor":{"__type__":"cc.Color","r":214,"g":214,"b":214},"_N$target":{"__id__":47}}],"_prefab":{"__type__":"cc.PrefabInfo","root":{"__id__":1},"asset":{"__uuid__":"qzmjmjf2-551a-4c9d-97e0-c27cc4202143"},"fileId":"3e5a0V4BqJNkJmL4ryFnryx"},"_contentSize":{"__type__":"cc.Size","width":200,"height":70},"_trs":{"__type__":"TypedArray","ctor":"Float64Array","array":[-390,0,0,0,0,0,1,1,1,1]}},{"__type__":"cc.Node","_name":"New Sprite","_parent":{"__id__":47},"_components":[{"__type__":"cc.Sprite","node":{"__id__":48},"_materials":[{"__uuid__":"ecpdLyjvZBwrvm+cedCcQy"}],"_spriteFrame":{"__uuid__":"qzmjmjda-de9b-4829-8f16-508b96b5bf0b"}}],"_prefab":{"__type__":"cc.PrefabInfo","root":{"__id__":1},"asset":{"__uuid__":"qzmjmjf2-551a-4c9d-97e0-c27cc4202143"},"fileId":"b2fc4jlarREO64nkshoDSuY"},"_contentSize":{"__type__":"cc.Size","width":158,"height":42},"_trs":{"__type__":"TypedArray","ctor":"Float64Array","array":[0,4,0,0,0,0,1,1,1,1]}},{"__type__":"cc.Node","_name":"btn_sharemore","_parent":{"__id__":46},"_children":[{"__id__":50}],"_components":[{"__type__":"cc.Sprite","node":{"__id__":49},"_materials":[{"__uuid__":"ecpdLyjvZBwrvm+cedCcQy"}],"_spriteFrame":{"__uuid__":"qzmjmj2a-b403-4fc5-912e-acee0cf1daa0"},"_sizeMode":0},{"__type__":"cc.Button","node":{"__id__":49},"clickEvents":[{"__type__":"cc.ClickEvent","target":{"__id__":1},"_componentId":"qzmjmj82-8c91-43a5-993a-d0a85100e032","handler":"OnClick_BtnWnd"}],"_N$transition":3,"transition":3,"_N$normalColor":{"__type__":"cc.Color","r":214,"g":214,"b":214},"_N$target":{"__id__":49}}],"_prefab":{"__type__":"cc.PrefabInfo","root":{"__id__":1},"asset":{"__uuid__":"qzmjmjf2-551a-4c9d-97e0-c27cc4202143"},"fileId":"2080fL/NdtN74BueixA9ZFz"},"_contentSize":{"__type__":"cc.Size","width":200,"height":70},"_trs":{"__type__":"TypedArray","ctor":"Float64Array","array":[-130,0,0,0,0,0,1,1,1,1]}},{"__type__":"cc.Node","_name":"New Label","_parent":{"__id__":49},"_components":[{"__type__":"cc.Label","node":{"__id__":50},"_materials":[{"__uuid__":"ecpdLyjvZBwrvm+cedCcQy"}],"_useOriginalSize":false,"_string":"分享得分","_N$string":"分享得分","_lineHeight":42,"_N$file":{"__uuid__":"qzmjmj1e-650d-4484-9e24-10ffc791e225"},"_isSystemFontUsed":false,"_N$horizontalAlign":1,"_N$verticalAlign":1},{"__type__":"cc.LabelOutline","node":{"__id__":50},"_color":{"__type__":"cc.Color","r":142,"g":90,"b":14},"_width":2}],"_prefab":{"__type__":"cc.PrefabInfo","root":{"__id__":1},"asset":{"__uuid__":"qzmjmjf2-551a-4c9d-97e0-c27cc4202143"},"fileId":"011c25uHWxDSre5gxWWZLkS"},"_contentSize":{"__type__":"cc.Size","width":164,"height":56.92},"_trs":{"__type__":"TypedArray","ctor":"Float64Array","array":[0,2.2,0,0,0,0,1,1,1,1]}},{"__type__":"cc.Node","_name":"btn_wolaikaiju","_parent":{"__id__":46},"_children":[{"__id__":52}],"_active":false,"_components":[{"__type__":"cc.Sprite","node":{"__id__":51},"_spriteFrame":{"__uuid__":"qzmjmj1e-2302-43db-acf0-f80fb6d27f32"},"_sizeMode":0},{"__type__":"cc.Button","node":{"__id__":51},"clickEvents":[{"__type__":"cc.ClickEvent","target":{"__id__":1},"_componentId":"qzmjmj82-8c91-43a5-993a-d0a85100e032","handler":"OnClick_BtnWnd"}],"_N$transition":3,"transition":3,"_N$normalColor":{"__type__":"cc.Color","r":214,"g":214,"b":214},"_N$target":{"__id__":51}}],"_prefab":{"__type__":"cc.PrefabInfo","root":{"__id__":1},"asset":{"__uuid__":"qzmjmjf2-551a-4c9d-97e0-c27cc4202143"},"fileId":"11d61CAtS5JQ5gNkvZMGzFi"},"_contentSize":{"__type__":"cc.Size","width":150,"height":70},"_trs":{"__type__":"TypedArray","ctor":"Float64Array","array":[-69,-289,0,0,0,0,1,1,1,1]}},{"__type__":"cc.Node","_name":"icon","_parent":{"__id__":51},"_components":[{"__type__":"cc.Label","node":{"__id__":52},"_useOriginalSize":false,"_string":"我来续","_N$string":"我来续","_fontSize":32,"_lineHeight":36,"_N$file":{"__uuid__":"qzmjmj1e-650d-4484-9e24-10ffc791e225"},"_isSystemFontUsed":false,"_N$horizontalAlign":1,"_N$verticalAlign":1}],"_prefab":{"__type__":"cc.PrefabInfo","root":{"__id__":1},"asset":{"__uuid__":"qzmjmjf2-551a-4c9d-97e0-c27cc4202143"},"fileId":"c8916N9DkhPKqEBeNSHDOuY"},"_color":{"__type__":"cc.Color","r":82,"g":107},"_contentSize":{"__type__":"cc.Size","width":96,"height":36},"_trs":{"__type__":"TypedArray","ctor":"Float64Array","array":[0.6,1.8,0,0,0,0,1,1,1,1]}},{"__type__":"cc.Node","_name":"btn_pingfenkaiju","_parent":{"__id__":46},"_children":[{"__id__":54}],"_active":false,"_components":[{"__type__":"cc.Sprite","node":{"__id__":53},"_spriteFrame":{"__uuid__":"qzmjmj1e-2302-43db-acf0-f80fb6d27f32"},"_sizeMode":0},{"__type__":"cc.Button","node":{"__id__":53},"clickEvents":[{"__type__":"cc.ClickEvent","target":{"__id__":1},"_componentId":"qzmjmj82-8c91-43a5-993a-d0a85100e032","handler":"OnClick_BtnWnd"}],"_N$transition":3,"transition":3,"_N$normalColor":{"__type__":"cc.Color","r":214,"g":214,"b":214},"_N$target":{"__id__":53}}],"_prefab":{"__type__":"cc.PrefabInfo","root":{"__id__":1},"asset":{"__uuid__":"qzmjmjf2-551a-4c9d-97e0-c27cc4202143"},"fileId":"d38b0/dM2ZEObrDSCXGBFCa"},"_contentSize":{"__type__":"cc.Size","width":150,"height":70},"_trs":{"__type__":"TypedArray","ctor":"Float64Array","array":[25,-289,0,0,0,0,1,1,1,1]}},{"__type__":"cc.Node","_name":"icon","_parent":{"__id__":53},"_components":[{"__type__":"cc.Label","node":{"__id__":54},"_useOriginalSize":false,"_string":"平分续","_N$string":"平分续","_fontSize":32,"_lineHeight":36,"_N$file":{"__uuid__":"qzmjmj1e-650d-4484-9e24-10ffc791e225"},"_isSystemFontUsed":false,"_N$horizontalAlign":1,"_N$verticalAlign":1}],"_prefab":{"__type__":"cc.PrefabInfo","root":{"__id__":1},"asset":{"__uuid__":"qzmjmjf2-551a-4c9d-97e0-c27cc4202143"},"fileId":"b693edpUFlAtKvBTB9ne0KR"},"_color":{"__type__":"cc.Color","r":82,"g":107},"_contentSize":{"__type__":"cc.Size","width":96,"height":36},"_trs":{"__type__":"TypedArray","ctor":"Float64Array","array":[0.6,1.8,0,0,0,0,1,1,1,1]}},{"__type__":"cc.Node","_name":"btn_dayingjiakaiju","_parent":{"__id__":46},"_children":[{"__id__":56}],"_active":false,"_components":[{"__type__":"cc.Sprite","node":{"__id__":55},"_spriteFrame":{"__uuid__":"qzmjmj1e-2302-43db-acf0-f80fb6d27f32"},"_sizeMode":0},{"__type__":"cc.Button","node":{"__id__":55},"clickEvents":[{"__type__":"cc.ClickEvent","target":{"__id__":1},"_componentId":"qzmjmj82-8c91-43a5-993a-d0a85100e032","handler":"OnClick_BtnWnd"}],"_N$transition":3,"transition":3,"_N$normalColor":{"__type__":"cc.Color","r":214,"g":214,"b":214},"_N$target":{"__id__":55}}],"_prefab":{"__type__":"cc.PrefabInfo","root":{"__id__":1},"asset":{"__uuid__":"qzmjmjf2-551a-4c9d-97e0-c27cc4202143"},"fileId":"14ea9LxU8hNTb2mP//mItPs"},"_contentSize":{"__type__":"cc.Size","width":150,"height":70},"_trs":{"__type__":"TypedArray","ctor":"Float64Array","array":[119,-289,0,0,0,0,1,1,1,1]}},{"__type__":"cc.Node","_name":"icon","_parent":{"__id__":55},"_components":[{"__type__":"cc.Label","node":{"__id__":56},"_useOriginalSize":false,"_string":"大赢家续","_N$string":"大赢家续","_fontSize":32,"_lineHeight":36,"_N$file":{"__uuid__":"qzmjmj1e-650d-4484-9e24-10ffc791e225"},"_isSystemFontUsed":false,"_N$horizontalAlign":1,"_N$verticalAlign":1}],"_prefab":{"__type__":"cc.PrefabInfo","root":{"__id__":1},"asset":{"__uuid__":"qzmjmjf2-551a-4c9d-97e0-c27cc4202143"},"fileId":"f2720NIlcRFjbADaGn4VQSZ"},"_color":{"__type__":"cc.Color","r":82,"g":107},"_contentSize":{"__type__":"cc.Size","width":128,"height":36},"_trs":{"__type__":"TypedArray","ctor":"Float64Array","array":[0.6,1.8,0,0,0,0,1,1,1,1]}},{"__type__":"cc.Node","_name":"btn_exit","_parent":{"__id__":46},"_children":[{"__id__":58}],"_components":[{"__type__":"cc.Sprite","node":{"__id__":57},"_materials":[{"__uuid__":"ecpdLyjvZBwrvm+cedCcQy"}],"_spriteFrame":{"__uuid__":"qzmjmj4e-6edc-497e-940f-b01c6afa7300"},"_sizeMode":0},{"__type__":"cc.Button","node":{"__id__":57},"clickEvents":[{"__type__":"cc.ClickEvent","target":{"__id__":1},"_componentId":"qzmjmj82-8c91-43a5-993a-d0a85100e032","handler":"OnClick_BtnWnd"}],"_N$transition":3,"transition":3,"_N$pressedColor":{"__type__":"cc.Color","r":255,"g":255,"b":255},"pressedColor":{"__type__":"cc.Color","r":255,"g":255,"b":255},"_N$disabledColor":{"__type__":"cc.Color","r":255,"g":255,"b":255},"_N$target":{"__id__":57}}],"_prefab":{"__type__":"cc.PrefabInfo","root":{"__id__":1},"asset":{"__uuid__":"qzmjmjf2-551a-4c9d-97e0-c27cc4202143"},"fileId":"80d8c9n9aRAK6FnTCj9A+s0"},"_contentSize":{"__type__":"cc.Size","width":200,"height":70},"_trs":{"__type__":"TypedArray","ctor":"Float64Array","array":[130,0,0,0,0,0,1,1,1,1]}},{"__type__":"cc.Node","_name":"New Label","_parent":{"__id__":57},"_components":[{"__type__":"cc.Label","node":{"__id__":58},"_materials":[{"__uuid__":"ecpdLyjvZBwrvm+cedCcQy"}],"_useOriginalSize":false,"_string":"返回大厅","_N$string":"返回大厅","_lineHeight":42,"_N$file":{"__uuid__":"qzmjmj1e-650d-4484-9e24-10ffc791e225"},"_isSystemFontUsed":false,"_N$horizontalAlign":1,"_N$verticalAlign":1},{"__type__":"cc.LabelOutline","node":{"__id__":58},"_color":{"__type__":"cc.Color","r":76,"g":108,"b":16},"_width":2}],"_prefab":{"__type__":"cc.PrefabInfo","root":{"__id__":1},"asset":{"__uuid__":"qzmjmjf2-551a-4c9d-97e0-c27cc4202143"},"fileId":"76622+SzMRG5oIKoOyLQMe/"},"_contentSize":{"__type__":"cc.Size","width":164,"height":56.92},"_trs":{"__type__":"TypedArray","ctor":"Float64Array","array":[0,2.2,0,0,0,0,1,1,1,1]}},{"__type__":"cc.Node","_name":"btn_continue","_parent":{"__id__":46},"_children":[{"__id__":60}],"_components":[{"__type__":"cc.Sprite","node":{"__id__":59},"_materials":[{"__uuid__":"ecpdLyjvZBwrvm+cedCcQy"}],"_spriteFrame":{"__uuid__":"qzmjmj2a-b403-4fc5-912e-acee0cf1daa0"},"_sizeMode":0},{"__type__":"cc.Button","node":{"__id__":59},"clickEvents":[{"__type__":"cc.ClickEvent","target":{"__id__":1},"_componentId":"qzmjmj82-8c91-43a5-993a-d0a85100e032","handler":"OnClick_BtnWnd"}],"_N$transition":3,"transition":3,"_N$normalColor":{"__type__":"cc.Color","r":214,"g":214,"b":214},"_N$target":{"__id__":59}}],"_prefab":{"__type__":"cc.PrefabInfo","root":{"__id__":1},"asset":{"__uuid__":"qzmjmjf2-551a-4c9d-97e0-c27cc4202143"},"fileId":"f7pXI3XtVBuYOEXEoOXDSN"},"_contentSize":{"__type__":"cc.Size","width":200,"height":70},"_trs":{"__type__":"TypedArray","ctor":"Float64Array","array":[390,0,0,0,0,0,1,1,1,1]}},{"__type__":"cc.Node","_name":"New Label","_parent":{"__id__":59},"_components":[{"__type__":"cc.Label","node":{"__id__":60},"_materials":[{"__uuid__":"ecpdLyjvZBwrvm+cedCcQy"}],"_useOriginalSize":false,"_string":"继续游戏","_N$string":"继续游戏","_lineHeight":42,"_N$file":{"__uuid__":"qzmjmj1e-650d-4484-9e24-10ffc791e225"},"_isSystemFontUsed":false,"_N$horizontalAlign":1,"_N$verticalAlign":1},{"__type__":"cc.LabelOutline","node":{"__id__":60},"_color":{"__type__":"cc.Color","r":142,"g":90,"b":14},"_width":2}],"_prefab":{"__type__":"cc.PrefabInfo","root":{"__id__":1},"asset":{"__uuid__":"qzmjmjf2-551a-4c9d-97e0-c27cc4202143"},"fileId":"0eZqiO2m5KebfgcA8ceQsQ"},"_contentSize":{"__type__":"cc.Size","width":164,"height":56.92},"_trs":{"__type__":"TypedArray","ctor":"Float64Array","array":[0,2.2,0,0,0,0,1,1,1,1]}}]]