[{"__type__":"cc.SpriteFrame","content":{"name":"1","texture":"196e7595e","rect":[110,408,175,104],"offset":[3,0],"originalSize":[297,104],"rotated":1,"capInsets":[0,0,0,0]}},[{"__type__":"cc.Prefab","_name":"fenbing","data":{"__id__":1}},{"__type__":"cc.Node","_name":"fenbing","_children":[{"__id__":2}],"_components":[{"__type__":"cc.Animation","node":{"__id__":1},"_defaultClip":{"__uuid__":"qzmjmjea-e295-433e-ab63-3b5c7511c988"},"_clips":[{"__uuid__":"qzmjmjea-e295-433e-ab63-3b5c7511c988"}]},{"__type__":"qzmjmja3-f7f6-43f3-bc26-19a21c44bee8","node":{"__id__":1}}],"_prefab":{"__type__":"cc.PrefabInfo","root":{"__id__":1},"asset":{"__uuid__":"qzmjmjd0-430b-43ad-ae16-5bd6f564e1fc"},"fileId":"a2520qZrYBJfrntzg9jsWl8"},"_trs":{"__type__":"TypedArray","ctor":"Float64Array","array":[0,0,0,0,0,0,1,1,1,1]}},{"__type__":"cc.Node","_name":"1","_parent":{"__id__":1},"_components":[{"__type__":"cc.Sprite","node":{"__id__":2},"_spriteFrame":{"__uuid__":"qzmjmj27-3957-4ecd-9bd8-863ea59ff196"}}],"_prefab":{"__type__":"cc.PrefabInfo","root":{"__id__":1},"asset":{"__uuid__":"qzmjmjd0-430b-43ad-ae16-5bd6f564e1fc"},"fileId":"1e032stcltFaYeMtPbHlO9c"},"_contentSize":{"__type__":"cc.Size","width":175,"height":104},"_trs":{"__type__":"TypedArray","ctor":"Float64Array","array":[0,0,0,0,0,0,1,1,1,1]}}]]