[{"__type__":"cc.SpriteFrame","content":{"name":"win","texture":"031XxXf2NNVo2AcngllVkP","rect":[0,0,100,46],"offset":[-14,9],"originalSize":[128,64],"capInsets":[0,0,0,0]}},{"__type__":"cc.BitmapFont","_name":"win","spriteFrame":{"__uuid__":"0fBCIPxChP4bt9Yv/9OA4w"},"fontSize":1,"_fntConfig":{"commonHeight":23,"fontSize":1,"atlasName":"win.png","fontDefDictionary":{"32":{"rect":{"x":0,"y":0,"width":0,"height":0},"xOffset":0,"yOffset":0,"xAdvance":17},"43":{"rect":{"x":0,"y":0,"width":17,"height":23},"xOffset":0,"yOffset":0,"xAdvance":17},"48":{"rect":{"x":0,"y":23,"width":17,"height":23},"xOffset":0,"yOffset":0,"xAdvance":17},"49":{"rect":{"x":17,"y":0,"width":17,"height":23},"xOffset":0,"yOffset":0,"xAdvance":17},"50":{"rect":{"x":17,"y":23,"width":17,"height":23},"xOffset":0,"yOffset":0,"xAdvance":17},"51":{"rect":{"x":34,"y":0,"width":17,"height":23},"xOffset":0,"yOffset":0,"xAdvance":17},"52":{"rect":{"x":34,"y":23,"width":17,"height":23},"xOffset":0,"yOffset":0,"xAdvance":17},"53":{"rect":{"x":51,"y":0,"width":17,"height":23},"xOffset":0,"yOffset":0,"xAdvance":17},"54":{"rect":{"x":51,"y":23,"width":17,"height":23},"xOffset":0,"yOffset":0,"xAdvance":17},"55":{"rect":{"x":68,"y":0,"width":17,"height":23},"xOffset":0,"yOffset":0,"xAdvance":17},"56":{"rect":{"x":68,"y":23,"width":17,"height":23},"xOffset":0,"yOffset":0,"xAdvance":17},"57":{"rect":{"x":85,"y":0,"width":17,"height":23},"xOffset":0,"yOffset":0,"xAdvance":17}},"kerningDict":{}}}]