[{"__type__":"cc.SpriteFrame","content":{"name":"fanpai2","texture":"qzmjmj6b-8c59-438e-bd98-1f8d3adbe22d","rect":[0,0,94,123],"offset":[0,20.5],"originalSize":[94,164],"capInsets":[0,0,0,0]}},{"__type__":"cc.AnimationClip","_name":"UICard01_Open2dCard","_duration":0.18333333333333332,"curveData":{"comps":{"cc.Sprite":{"spriteFrame":[{"frame":0,"value":{"__uuid__":"qzmjmjd9-7c05-4f10-accc-0e3c76f0ecc6"}},{"frame":0.08333333333333333,"value":{"__uuid__":"qzmjmjaf-deff-4233-916f-f9591f734a0f"}},{"frame":0.16666666666666666,"value":{"__uuid__":"qzmjmjd9-7c05-4f10-accc-0e3c76f0ecc6"}}]}}}},{"__type__":"cc.SpriteFrame","content":{"name":"fanpai1","texture":"qzmjmjd0-e894-4725-819d-3723926eff84","rect":[0,12,94,152],"offset":[0,-6],"originalSize":[94,164],"capInsets":[0,0,0,0]}}]