[{"__type__":"cc.SpriteFrame","content":{"name":"vs_ani4","texture":"typdk304-a756-4552-99a1-ebd96d8c262f","rect":[0,0,938,452],"offset":[0,0],"originalSize":[938,452],"capInsets":[0,0,0,0]}},{"__type__":"cc.SpriteFrame","content":{"name":"vs_ani1","texture":"typdkaee-2371-465e-9099-84476ca771a3","rect":[0,0,938,452],"offset":[0,0],"originalSize":[938,452],"capInsets":[0,0,0,0]}},{"__type__":"cc.SpriteFrame","content":{"name":"vs_ani3","texture":"typdk58f-d839-4644-a55a-34f6018ac78a","rect":[0,0,938,452],"offset":[0,0],"originalSize":[938,452],"capInsets":[0,0,0,0]}},{"__type__":"cc.SpriteFrame","content":{"name":"vs_ani7","texture":"typdka1e-f247-4551-94b8-b6cad4025b59","rect":[0,0,960,408],"offset":[0,0],"originalSize":[960,408],"capInsets":[0,0,0,0]}},{"__type__":"cc.SpriteFrame","content":{"name":"vs_ani6","texture":"typdkc6a-8d63-46aa-a764-9216927f5cd1","rect":[1,0,937,452],"offset":[0.5,0],"originalSize":[938,452],"capInsets":[0,0,0,0]}},{"__type__":"cc.SpriteFrame","content":{"name":"vs_ani2","texture":"typdk8c8-31a7-4bf7-8a75-7ea42a512815","rect":[0,0,938,452],"offset":[0,0],"originalSize":[938,452],"capInsets":[0,0,0,0]}},{"__type__":"cc.SpriteFrame","content":{"name":"vs_ani5","texture":"typdkff0-45dd-4c83-8993-2ca10e5bdaec","rect":[0,0,938,452],"offset":[0,0],"originalSize":[938,452],"capInsets":[0,0,0,0]}},{"__type__":"cc.AnimationClip","_name":"start","_duration":1.0333333333333337,"sample":30,"curveData":{"comps":{"cc.Sprite":{"spriteFrame":[{"frame":0,"value":{"__uuid__":"typdk11f-f7a4-48e9-a7d5-bde1cbbb20d1"}},{"frame":0.16666666666666666,"value":{"__uuid__":"typdk9aa-2928-4782-866c-ce6cc52432ed"}},{"frame":0.3333333333333333,"value":{"__uuid__":"typdk18c-5620-4046-bc62-15490244387e"}},{"frame":0.5,"value":{"__uuid__":"typdk0a4-72cc-4872-8804-ee2641eca42c"}},{"frame":0.6666666666666666,"value":{"__uuid__":"typdkb93-f647-4f58-abe9-1e939e3d151e"}},{"frame":0.8333333333333334,"value":{"__uuid__":"typdk8d1-fe76-497c-a5e1-2c4f8dee527f"}},{"frame":1,"value":{"__uuid__":"typdk295-e1b4-42f3-accd-f9dd2a0e04b1"}}]}}}}]