[{"__type__":"cc.SpriteFrame","content":{"name":"default_btn_disabled","texture":"71VhFCTINJM6/Ky3oX9nBT","rect":[0,0,40,40],"offset":[0,0],"originalSize":[40,40],"capInsets":[12,12,12,12]}},{"__type__":"cc.SpriteFrame","content":{"name":"img_djs2","texture":"5e57M1qbdK8qwicQ21nfOi","rect":[0,0,17,16],"offset":[0,0],"originalSize":[17,16],"capInsets":[0,0,0,0]}},{"__type__":"cc.SpriteFrame","content":{"name":"trusteeship","texture":"e6Y1fg5TVDxaWQWcBwSmEf","rect":[0,0,80,77],"offset":[0,0],"originalSize":[80,77],"capInsets":[0,0,0,0]}},{"__type__":"cc.SpriteFrame","content":{"name":"default_btn_pressed","texture":"b4P/PCArtIdIH38t6mlw8Y","rect":[0,0,40,40],"offset":[0,0],"originalSize":[40,40],"capInsets":[12,12,12,12]}},{"__type__":"cc.SpriteFrame","content":{"name":"icon_chat_huatong3","texture":"typdka14-28af-4529-9d5c-e8142bdc05fc","rect":[0,0,7,26],"offset":[0,0],"originalSize":[7,26],"capInsets":[0,0,0,0]}},{"__type__":"cc.SpriteFrame","content":{"name":"img_zb","texture":"typdk646-f2c1-4492-bd0c-0d71675a646b","rect":[0,0,42,45],"offset":[0,0],"originalSize":[42,45],"capInsets":[0,0,0,0]}},{"__type__":"cc.SpriteFrame","content":{"name":"bg_chat_you","texture":"typdkbcd-2bbe-4d65-8b64-dc1a24c2a72d","rect":[0,0,160,95],"offset":[0,0],"originalSize":[160,95],"capInsets":[44,0,56,0]}},{"__type__":"cc.SpriteFrame","content":{"name":"lixianzhong","texture":"typdk131-f6c7-4842-ba7b-401a5350b2d6","rect":[0,0,66,24],"offset":[0,0],"originalSize":[66,24],"capInsets":[0,0,0,0]}},{"__type__":"cc.SpriteFrame","content":{"name":"icon_chat_huatong2","texture":"typdk81d-6ea8-4f53-bae8-06b4dd16895d","rect":[0,0,7,22],"offset":[-0.5,0],"originalSize":[8,22],"capInsets":[0,0,0,0]}},{"__type__":"cc.SpriteFrame","content":{"name":"img_jb","texture":"typdk8fe-38d1-4227-bdc8-34077a33a795","rect":[0,0,26,28],"offset":[0,0],"originalSize":[26,28],"capInsets":[0,0,0,0]}},{"__type__":"cc.SpriteFrame","content":{"name":"icon_chat_huatong","texture":"typdk495-2a95-40c4-b79a-964c769094ef","rect":[0,0,22,26],"offset":[0,0],"originalSize":[22,26],"capInsets":[0,0,0,0]}},{"__type__":"cc.SpriteFrame","content":{"name":"img_tx02","texture":"typdk5c1-06df-4195-8f44-804a3755eafe","rect":[0,0,86,86],"offset":[0,0],"originalSize":[86,86],"capInsets":[0,0,0,0]}},{"__type__":"cc.SpriteFrame","content":{"name":"img_mask_tx","texture":"typdk943-ab62-48ca-b310-339d46eadb89","rect":[0,0,86,25],"offset":[0,0],"originalSize":[86,25],"capInsets":[0,0,0,0]}},{"__type__":"cc.SpriteFrame","content":{"name":"btn_yellow1","texture":"typdkd7b-1853-48ac-b438-52e339ef4811","rect":[0,0,243,77],"offset":[-0.5,0.5],"originalSize":[244,78],"capInsets":[0,0,0,0]}},{"__type__":"cc.SpriteFrame","content":{"name":"bg_chat_zuobg_g","texture":"typdk2a0-8660-4be8-83af-4c2844601ac5","rect":[0,0,160,95],"offset":[0,0],"originalSize":[160,95],"capInsets":[66,0,39,0]}},{"__type__":"cc.SpriteFrame","content":{"name":"img_bjl_fs","texture":"typdk53e-65f8-4650-8a92-a981754f2b86","rect":[0,0,94,30],"offset":[0,0],"originalSize":[94,30],"capInsets":[0,0,0,0]}},{"__type__":"cc.SpriteFrame","content":{"name":"img_fz","texture":"typdk403-471b-4b65-a8dd-1e9d4a51b57c","rect":[0,1,35,58],"offset":[0,-0.5],"originalSize":[35,59],"capInsets":[0,0,0,0]}},[{"__type__":"cc.Prefab","_name":"pdk_LPUIPublicHead","data":{"__id__":1}},{"__type__":"cc.Node","_name":"pdk_LPUIPublicHead","_children":[{"__id__":2},{"__id__":24},{"__id__":26},{"__id__":27},{"__id__":28},{"__id__":33},{"__id__":34},{"__id__":39},{"__id__":40},{"__type__":"cc.Node","_name":"otherNode","_parent":{"__id__":1},"_prefab":{"__type__":"cc.PrefabInfo","root":{"__id__":1},"asset":{"__uuid__":"typdkc3d-e8f1-494f-be72-fe638e22e37e"},"fileId":"fdb412jwnVNcJfbT+Ybywwe"},"_trs":{"__type__":"TypedArray","ctor":"Float64Array","array":[0,0,0,0,0,0,1,1,1,1]}},{"__id__":41},{"__id__":42}],"_components":[{"__type__":"typdk9da-e017-44e3-b3a0-7bb29f0a10aa","node":{"__id__":1},"touxiang":{"__id__":2},"sp_chatdi_left":{"__id__":27},"sp_chatdi_right":{"__id__":33},"sp_chatdi_leftBottom":{"__id__":41},"sp_chatdi_rightBottom":{"__id__":42},"sp_audio_left":{"__id__":28},"sp_audio_right":{"__id__":34},"sp_lixian":{"__id__":17},"sp_likai":{"__id__":15},"btn_out":{"__id__":24},"zhuangjia":{"__id__":20},"fangzhu":{"__id__":21},"lb_name":{"__id__":7},"lb_jifen":{"__id__":11},"btn_head":{"__id__":3},"icon_auto":{"__id__":39},"face_ani":{"__id__":40},"icon_ready":{"__id__":26},"bg_box":{"__id__":19}}],"_prefab":{"__type__":"cc.PrefabInfo","root":{"__id__":1},"asset":{"__uuid__":"typdkc3d-e8f1-494f-be72-fe638e22e37e"},"fileId":"aa7d4syXfxKr7NpppigG29O"},"_trs":{"__type__":"TypedArray","ctor":"Float64Array","array":[0,0,0,0,0,0,1,1,1,1]}},{"__type__":"cc.Node","_name":"touxiang","_parent":{"__id__":1},"_children":[{"__id__":3},{"__id__":4},{"__id__":14},{"__id__":15},{"__id__":17},{"__id__":19},{"__id__":20},{"__id__":21},{"__id__":22}],"_components":[{"__type__":"cc.Widget","node":{"__id__":2},"alignMode":0,"_alignFlags":9,"_left":-49,"_top":-49,"_bottom":177,"_originalHeight":73}],"_prefab":{"__type__":"cc.PrefabInfo","root":{"__id__":1},"asset":{"__uuid__":"typdkc3d-e8f1-494f-be72-fe638e22e37e"},"fileId":"4ef5e9yAT9P+aG277d3CEgm"},"_contentSize":{"__type__":"cc.Size","width":98,"height":98},"_trs":{"__type__":"TypedArray","ctor":"Float64Array","array":[0,0,0,0,0,0,1,1,1,1]}},{"__type__":"cc.Node","_name":"btn_head","_parent":{"__id__":2},"_components":[{"__type__":"cc.Sprite","node":{"__id__":3},"_materials":[{"__uuid__":"ecpdLyjvZBwrvm+cedCcQy"}],"_spriteFrame":{"__uuid__":"typdkc6e-c015-43fd-ab17-49b63cb22cbe"},"_sizeMode":0,"_isTrimmedMode":false},{"__type__":"cc.Button","node":{"__id__":3},"zoomScale":0.9,"clickEvents":[{"__type__":"cc.ClickEvent","target":{"__id__":1},"_componentId":"typdk9da-e017-44e3-b3a0-7bb29f0a10aa","handler":"OnClick_BtnWnd"}],"_N$transition":3,"transition":3,"_N$normalColor":{"__type__":"cc.Color","r":214,"g":214,"b":214},"_N$target":{"__id__":3}},{"__type__":"typdk551-cdf7-4ff7-b9d1-ff119733cfed","node":{"__id__":3},"JS_Name":"sss_BaseComponent"}],"_prefab":{"__type__":"cc.PrefabInfo","root":{"__id__":1},"asset":{"__uuid__":"typdkc3d-e8f1-494f-be72-fe638e22e37e"},"fileId":"0f3fapgG3hM64s/ld2RUzz0"},"_contentSize":{"__type__":"cc.Size","width":62,"height":62},"_trs":{"__type__":"TypedArray","ctor":"Float64Array","array":[0,0,0,0,0,0,1,1.4,1.4,1]}},{"__type__":"cc.Node","_name":"sp_info","_parent":{"__id__":2},"_children":[{"__id__":5},{"__id__":6},{"__id__":8},{"__id__":9},{"__id__":10},{"__id__":12}],"_components":[{"__type__":"cc.Sprite","node":{"__id__":4},"_materials":[{"__uuid__":"ecpdLyjvZBwrvm+cedCcQy"}],"_spriteFrame":{"__uuid__":"typdkc6e-c015-43fd-ab17-49b63cb22cbe"},"_type":1,"_sizeMode":2}],"_prefab":{"__type__":"cc.PrefabInfo","root":{"__id__":1},"asset":{"__uuid__":"typdkc3d-e8f1-494f-be72-fe638e22e37e"},"fileId":"a2d345fIgJJUbJ07l3FMjyV"},"_contentSize":{"__type__":"cc.Size","width":98,"height":98},"_trs":{"__type__":"TypedArray","ctor":"Float64Array","array":[0,0,0,0,0,0,1,1,1,1]}},{"__type__":"cc.Node","_name":"img_mask_tx","_parent":{"__id__":4},"_components":[{"__type__":"cc.Sprite","node":{"__id__":5},"_materials":[{"__uuid__":"ecpdLyjvZBwrvm+cedCcQy"}],"_spriteFrame":{"__uuid__":"typdk89b-1143-4e9e-8ea4-874711bc80c5"}}],"_prefab":{"__type__":"cc.PrefabInfo","root":{"__id__":1},"asset":{"__uuid__":"typdkc3d-e8f1-494f-be72-fe638e22e37e"},"fileId":"9eTmo5t/tFMav9+DohIxsW"},"_contentSize":{"__type__":"cc.Size","width":86,"height":25},"_trs":{"__type__":"TypedArray","ctor":"Float64Array","array":[0,-31.92,0,0,0,0,1,1,1,1]}},{"__type__":"cc.Node","_name":"lb_name","_parent":{"__id__":4},"_components":[{"__id__":7}],"_prefab":{"__type__":"cc.PrefabInfo","root":{"__id__":1},"asset":{"__uuid__":"typdkc3d-e8f1-494f-be72-fe638e22e37e"},"fileId":"9ff3fwEjwJAy4CIUo37FrGd"},"_contentSize":{"__type__":"cc.Size","width":30,"height":22.68},"_trs":{"__type__":"TypedArray","ctor":"Float64Array","array":[1.5,-30.176,0,0,0,0,1,1,1,1]}},{"__type__":"cc.Label","node":{"__id__":6},"_materials":[{"__uuid__":"ecpdLyjvZBwrvm+cedCcQy"}],"_useOriginalSize":false,"_string":"玩家","_N$string":"玩家","_fontSize":15,"_lineHeight":18,"_N$file":{"__uuid__":"typdk345-cbe0-4203-a8ca-8141b2e63f4f"},"_isSystemFontUsed":false,"_N$horizontalAlign":1,"_N$verticalAlign":1},{"__type__":"cc.Node","_name":"img_bjl_fs","_parent":{"__id__":4},"_components":[{"__type__":"cc.Sprite","node":{"__id__":8},"_materials":[{"__uuid__":"ecpdLyjvZBwrvm+cedCcQy"}],"_spriteFrame":{"__uuid__":"typdk94c-cb84-4872-848a-c03d4f668f8b"}}],"_prefab":{"__type__":"cc.PrefabInfo","root":{"__id__":1},"asset":{"__uuid__":"typdkc3d-e8f1-494f-be72-fe638e22e37e"},"fileId":"23z7diw/BNSqwdX35qxkdA"},"_contentSize":{"__type__":"cc.Size","width":94,"height":30},"_trs":{"__type__":"TypedArray","ctor":"Float64Array","array":[0,-62.839,0,0,0,0,1,1,1,1]}},{"__type__":"cc.Node","_name":"img_jb","_parent":{"__id__":4},"_components":[{"__type__":"cc.Sprite","node":{"__id__":9},"_materials":[{"__uuid__":"ecpdLyjvZBwrvm+cedCcQy"}],"_spriteFrame":{"__uuid__":"typdk467-099b-4d45-9f11-66b941b2e99c"}}],"_prefab":{"__type__":"cc.PrefabInfo","root":{"__id__":1},"asset":{"__uuid__":"typdkc3d-e8f1-494f-be72-fe638e22e37e"},"fileId":"afa/s+uRRHd7euXMtLxrLU"},"_contentSize":{"__type__":"cc.Size","width":26,"height":28},"_trs":{"__type__":"TypedArray","ctor":"Float64Array","array":[-32.396,-64.048,0,0,0,0,1,1,1,1]}},{"__type__":"cc.Node","_name":"lb_jifen","_parent":{"__id__":4},"_components":[{"__id__":11}],"_prefab":{"__type__":"cc.PrefabInfo","root":{"__id__":1},"asset":{"__uuid__":"typdkc3d-e8f1-494f-be72-fe638e22e37e"},"fileId":"93013mnsz5G2JSflrk0KhIs"},"_contentSize":{"__type__":"cc.Size","width":60,"height":20},"_anchorPoint":{"__type__":"cc.Vec2","y":0.5},"_trs":{"__type__":"TypedArray","ctor":"Float64Array","array":[-16.098,-63.323,0,0,0,0,1,1,1,1]}},{"__type__":"cc.Label","node":{"__id__":10},"_materials":[{"__uuid__":"ecpdLyjvZBwrvm+cedCcQy"}],"_useOriginalSize":false,"_string":"100","_N$string":"100","_fontSize":24,"_lineHeight":24,"_enableWrapText":false,"_N$file":{"__uuid__":"typdk345-cbe0-4203-a8ca-8141b2e63f4f"},"_isSystemFontUsed":false,"_N$verticalAlign":1,"_N$overflow":2},{"__type__":"cc.Node","_name":"lb_SportsPoint","_parent":{"__id__":4},"_children":[{"__id__":13}],"_components":[{"__type__":"cc.Label","node":{"__id__":12},"_materials":[{"__uuid__":"ecpdLyjvZBwrvm+cedCcQy"}],"_useOriginalSize":false,"_string":"100","_N$string":"100","_fontSize":18,"_lineHeight":24,"_enableWrapText":false,"_N$file":{"__uuid__":"typdk345-cbe0-4203-a8ca-8141b2e63f4f"},"_isSystemFontUsed":false,"_N$horizontalAlign":1,"_N$verticalAlign":1}],"_prefab":{"__type__":"cc.PrefabInfo","root":{"__id__":1},"asset":{"__uuid__":"typdkc3d-e8f1-494f-be72-fe638e22e37e"},"fileId":"85K8CgobpDD4WPJT/K1zkC"},"_contentSize":{"__type__":"cc.Size","width":27.14,"height":30.24},"_anchorPoint":{"__type__":"cc.Vec2","y":0.5},"_trs":{"__type__":"TypedArray","ctor":"Float64Array","array":[13.95,-90.652,0,0,0,0,1,1,1,1]}},{"__type__":"cc.Node","_name":"lb_zi","_parent":{"__id__":12},"_components":[{"__type__":"cc.Label","node":{"__id__":13},"_materials":[{"__uuid__":"ecpdLyjvZBwrvm+cedCcQy"}],"_useOriginalSize":false,"_string":"比赛分:","_N$string":"比赛分:","_fontSize":18,"_lineHeight":24,"_enableWrapText":false,"_N$file":{"__uuid__":"typdk345-cbe0-4203-a8ca-8141b2e63f4f"},"_isSystemFontUsed":false,"_N$horizontalAlign":1,"_N$verticalAlign":1}],"_prefab":{"__type__":"cc.PrefabInfo","root":{"__id__":1},"asset":{"__uuid__":"typdkc3d-e8f1-494f-be72-fe638e22e37e"},"fileId":"88/roymv1Ni6BJfc4PP2v4"},"_contentSize":{"__type__":"cc.Size","width":58.78,"height":30.24},"_trs":{"__type__":"TypedArray","ctor":"Float64Array","array":[-32.208,0,0,0,0,0,1,1,1,1]}},{"__type__":"cc.Node","_name":"btn_headkuang","_parent":{"__id__":2},"_active":false,"_components":[{"__type__":"cc.Sprite","node":{"__id__":14},"_sizeMode":2,"_isTrimmedMode":false},{"__type__":"cc.Widget","node":{"__id__":14},"alignMode":0,"_alignFlags":18,"_top":27}],"_prefab":{"__type__":"cc.PrefabInfo","root":{"__id__":1},"asset":{"__uuid__":"typdkc3d-e8f1-494f-be72-fe638e22e37e"},"fileId":"04177sSRDRGzLtnq435Z/pO"},"_contentSize":{"__type__":"cc.Size","width":62,"height":62},"_trs":{"__type__":"TypedArray","ctor":"Float64Array","array":[0,0,0,0,0,0,1,1,1,1]}},{"__type__":"cc.Node","_name":"sp_likai","_parent":{"__id__":2},"_children":[{"__id__":16}],"_active":false,"_components":[{"__type__":"cc.Sprite","node":{"__id__":15},"_materials":[{"__uuid__":"ecpdLyjvZBwrvm+cedCcQy"}],"_spriteFrame":{"__uuid__":"typdk848-ef3d-4bf7-a1e5-72faae17c63c"}}],"_prefab":{"__type__":"cc.PrefabInfo","root":{"__id__":1},"asset":{"__uuid__":"typdkc3d-e8f1-494f-be72-fe638e22e37e"},"fileId":"caMmnD3+NEUqid8LMNI1nQ"},"_contentSize":{"__type__":"cc.Size","width":86,"height":86},"_trs":{"__type__":"TypedArray","ctor":"Float64Array","array":[0,0,0,0,0,0,1,1,1,1]}},{"__type__":"cc.Node","_name":"icon","_parent":{"__id__":15},"_components":[{"__type__":"cc.Sprite","node":{"__id__":16},"_materials":[{"__uuid__":"ecpdLyjvZBwrvm+cedCcQy"}],"_spriteFrame":{"__uuid__":"typdkc6a-a7c7-49fd-9381-ad6cc3ff3deb"},"_sizeMode":0}],"_prefab":{"__type__":"cc.PrefabInfo","root":{"__id__":1},"asset":{"__uuid__":"typdkc3d-e8f1-494f-be72-fe638e22e37e"},"fileId":"18M2DCLj5HUJf8TeLiKjRA"},"_contentSize":{"__type__":"cc.Size","width":66,"height":24},"_trs":{"__type__":"TypedArray","ctor":"Float64Array","array":[0,0,0,0,0,0,1,0.8,0.8,1]}},{"__type__":"cc.Node","_name":"sp_lixian","_parent":{"__id__":2},"_children":[{"__id__":18}],"_active":false,"_components":[{"__type__":"cc.Sprite","node":{"__id__":17},"_materials":[{"__uuid__":"ecpdLyjvZBwrvm+cedCcQy"}],"_spriteFrame":{"__uuid__":"typdk848-ef3d-4bf7-a1e5-72faae17c63c"}}],"_prefab":{"__type__":"cc.PrefabInfo","root":{"__id__":1},"asset":{"__uuid__":"typdkc3d-e8f1-494f-be72-fe638e22e37e"},"fileId":"18bf7d+UX1PurQlWMVufj4p"},"_contentSize":{"__type__":"cc.Size","width":86,"height":86},"_trs":{"__type__":"TypedArray","ctor":"Float64Array","array":[0,0,0,0,0,0,1,1,1,1]}},{"__type__":"cc.Node","_name":"icon","_parent":{"__id__":17},"_components":[{"__type__":"cc.Sprite","node":{"__id__":18},"_materials":[{"__uuid__":"ecpdLyjvZBwrvm+cedCcQy"}],"_spriteFrame":{"__uuid__":"typdk327-6ff5-40a1-8849-8383fa79f622"},"_sizeMode":0}],"_prefab":{"__type__":"cc.PrefabInfo","root":{"__id__":1},"asset":{"__uuid__":"typdkc3d-e8f1-494f-be72-fe638e22e37e"},"fileId":"4d498wOKopEN66jNq/nyoFq"},"_contentSize":{"__type__":"cc.Size","width":66,"height":24},"_trs":{"__type__":"TypedArray","ctor":"Float64Array","array":[0,0,0,0,0,0,1,0.8,0.8,1]}},{"__type__":"cc.Node","_name":"bg_box","_parent":{"__id__":2},"_components":[{"__type__":"cc.Sprite","node":{"__id__":19},"_materials":[{"__uuid__":"ecpdLyjvZBwrvm+cedCcQy"}],"_spriteFrame":{"__uuid__":"typdkc6e-c015-43fd-ab17-49b63cb22cbe"}}],"_prefab":{"__type__":"cc.PrefabInfo","root":{"__id__":1},"asset":{"__uuid__":"typdkc3d-e8f1-494f-be72-fe638e22e37e"},"fileId":"2d978eiOWxD+LCl1toZdmxI"},"_contentSize":{"__type__":"cc.Size","width":98,"height":98},"_trs":{"__type__":"TypedArray","ctor":"Float64Array","array":[0,0,0,0,0,0,1,1,1,1]}},{"__type__":"cc.Node","_name":"zhuangjia","_parent":{"__id__":2},"_components":[{"__type__":"cc.Sprite","node":{"__id__":20},"_materials":[{"__uuid__":"ecpdLyjvZBwrvm+cedCcQy"}],"_spriteFrame":{"__uuid__":"typdkc82-acc8-420c-b75e-e207f80899d2"}}],"_prefab":{"__type__":"cc.PrefabInfo","root":{"__id__":1},"asset":{"__uuid__":"typdkc3d-e8f1-494f-be72-fe638e22e37e"},"fileId":"6b471aMPeNFCIxAoraMzqW+"},"_contentSize":{"__type__":"cc.Size","width":38,"height":39},"_trs":{"__type__":"TypedArray","ctor":"Float64Array","array":[35.369,35.566,0,0,0,0,1,0.8,0.8,1]}},{"__type__":"cc.Node","_name":"fangzhu","_parent":{"__id__":2},"_components":[{"__type__":"cc.Sprite","node":{"__id__":21},"_materials":[{"__uuid__":"ecpdLyjvZBwrvm+cedCcQy"}],"_spriteFrame":{"__uuid__":"typdka7d-aa05-4395-acad-ae18203e696c"}}],"_prefab":{"__type__":"cc.PrefabInfo","root":{"__id__":1},"asset":{"__uuid__":"typdkc3d-e8f1-494f-be72-fe638e22e37e"},"fileId":"b3761MG1XtEJbdW7GBdCKiS"},"_contentSize":{"__type__":"cc.Size","width":35,"height":58},"_trs":{"__type__":"TypedArray","ctor":"Float64Array","array":[-27.786,17.331,0,0,0,0,1,1,1,1]}},{"__type__":"cc.Node","_name":"useTimeNode","_parent":{"__id__":2},"_children":[{"__id__":23}],"_components":[{"__type__":"cc.Sprite","node":{"__id__":22},"_materials":[{"__uuid__":"ecpdLyjvZBwrvm+cedCcQy"}],"_spriteFrame":{"__uuid__":"37SCldw95GD7SpvzdPhn7F"}}],"_prefab":{"__type__":"cc.PrefabInfo","root":{"__id__":1},"asset":{"__uuid__":"typdkc3d-e8f1-494f-be72-fe638e22e37e"},"fileId":"9fDYprWuBP3aXs5xa4H/kQ"},"_contentSize":{"__type__":"cc.Size","width":17,"height":16},"_trs":{"__type__":"TypedArray","ctor":"Float64Array","array":[-22,60,0,0,0,0,1,1,1,1]}},{"__type__":"cc.Node","_name":"lb_useTime","_parent":{"__id__":22},"_components":[{"__type__":"cc.Label","node":{"__id__":23},"_materials":[{"__uuid__":"ecpdLyjvZBwrvm+cedCcQy"}],"_useOriginalSize":false,"_string":"180s","_N$string":"180s","_fontSize":20,"_lineHeight":20,"_N$horizontalAlign":1,"_N$verticalAlign":1}],"_prefab":{"__type__":"cc.PrefabInfo","root":{"__id__":1},"asset":{"__uuid__":"typdkc3d-e8f1-494f-be72-fe638e22e37e"},"fileId":"8bV9Ji1U9Oc7WVjxJeLlbT"},"_color":{"__type__":"cc.Color","g":230,"b":181},"_contentSize":{"__type__":"cc.Size","width":43.37,"height":25.2},"_anchorPoint":{"__type__":"cc.Vec2","y":0.5},"_trs":{"__type__":"TypedArray","ctor":"Float64Array","array":[10,0,0,0,0,0,1,1,1,1]}},{"__type__":"cc.Node","_name":"btn_out","_parent":{"__id__":1},"_children":[{"__id__":25}],"_components":[{"__type__":"cc.Sprite","node":{"__id__":24},"_materials":[{"__uuid__":"ecpdLyjvZBwrvm+cedCcQy"}],"_spriteFrame":{"__uuid__":"typdk8b2-6716-419b-9561-950bca95e809"},"_type":1,"_sizeMode":0},{"__type__":"cc.Button","node":{"__id__":24},"zoomScale":0.9,"clickEvents":[{"__type__":"cc.ClickEvent","target":{"__id__":1},"_componentId":"typdk9da-e017-44e3-b3a0-7bb29f0a10aa","handler":"OnClick_BtnWnd"}],"_N$transition":3,"transition":3,"_N$pressedColor":{"__type__":"cc.Color","r":255,"g":255,"b":255},"pressedColor":{"__type__":"cc.Color","r":255,"g":255,"b":255},"_N$disabledColor":{"__type__":"cc.Color","r":255,"g":255,"b":255},"_N$pressedSprite":{"__uuid__":"e97GVMl6JHh5Ml5qEDdSGa"},"pressedSprite":{"__uuid__":"e97GVMl6JHh5Ml5qEDdSGa"},"_N$hoverSprite":{"__uuid__":"e97GVMl6JHh5Ml5qEDdSGa"},"hoverSprite":{"__uuid__":"e97GVMl6JHh5Ml5qEDdSGa"},"_N$disabledSprite":{"__uuid__":"29FYIk+N1GYaeWH/q1NxQO"},"_N$target":{"__id__":24}},{"__type__":"cc.Widget","node":{"__id__":24},"alignMode":0,"_alignFlags":33,"_right":-51,"_top":106.335}],"_prefab":{"__type__":"cc.PrefabInfo","root":{"__id__":1},"asset":{"__uuid__":"typdkc3d-e8f1-494f-be72-fe638e22e37e"},"fileId":"f2bd86tiLVHkpWYFylM4dFL"},"_contentSize":{"__type__":"cc.Size","width":102,"height":40},"_trs":{"__type__":"TypedArray","ctor":"Float64Array","array":[0,-126.335,0,0,0,0,1,1,1,1]}},{"__type__":"cc.Node","_name":"Label","_parent":{"__id__":24},"_components":[{"__type__":"cc.Label","node":{"__id__":25},"_materials":[{"__uuid__":"ecpdLyjvZBwrvm+cedCcQy"}],"_useOriginalSize":false,"_string":"请出包间","_N$string":"请出包间","_fontSize":20,"_lineHeight":24,"_enableWrapText":false,"_N$file":{"__uuid__":"typdk345-cbe0-4203-a8ca-8141b2e63f4f"},"_isSystemFontUsed":false,"_N$horizontalAlign":1,"_N$verticalAlign":1,"_N$overflow":1}],"_prefab":{"__type__":"cc.PrefabInfo","root":{"__id__":1},"asset":{"__uuid__":"typdkc3d-e8f1-494f-be72-fe638e22e37e"},"fileId":"a5cccaR6hpEFbiSe/Kxy/0b"},"_color":{"__type__":"cc.Color","r":124,"g":41,"b":1},"_contentSize":{"__type__":"cc.Size","width":100,"height":40},"_trs":{"__type__":"TypedArray","ctor":"Float64Array","array":[0,0,0,0,0,0,1,1,1,1]}},{"__type__":"cc.Node","_name":"icon_ready","_parent":{"__id__":1},"_components":[{"__type__":"cc.Sprite","node":{"__id__":26},"_materials":[{"__uuid__":"ecpdLyjvZBwrvm+cedCcQy"}],"_spriteFrame":{"__uuid__":"typdk0e6-9858-4458-b782-f428ff0ff108"}}],"_prefab":{"__type__":"cc.PrefabInfo","root":{"__id__":1},"asset":{"__uuid__":"typdkc3d-e8f1-494f-be72-fe638e22e37e"},"fileId":"571478Ho5VIb5w95Zs7LdUs"},"_contentSize":{"__type__":"cc.Size","width":42,"height":45},"_trs":{"__type__":"TypedArray","ctor":"Float64Array","array":[88.615,-2,0,0,0,0,1,1,1,1]}},{"__type__":"cc.Node","_name":"sp_chatdi_left","_parent":{"__id__":1},"_components":[{"__type__":"cc.Sprite","node":{"__id__":27},"_materials":[{"__uuid__":"ecpdLyjvZBwrvm+cedCcQy"}],"_spriteFrame":{"__uuid__":"typdk912-a3fe-47e6-b19c-3fee6bbfe5ca"},"_type":1,"_sizeMode":0},{"__type__":"cc.Layout","node":{"__id__":27},"_layoutSize":{"__type__":"cc.Size","width":380,"height":100},"_N$paddingLeft":22,"_N$paddingRight":5}],"_prefab":{"__type__":"cc.PrefabInfo","root":{"__id__":1},"asset":{"__uuid__":"typdkc3d-e8f1-494f-be72-fe638e22e37e"},"fileId":"d8b5fVH+dlFOrIPAn/auXKk"},"_contentSize":{"__type__":"cc.Size","width":380,"height":100},"_anchorPoint":{"__type__":"cc.Vec2","y":0.5},"_trs":{"__type__":"TypedArray","ctor":"Float64Array","array":[-50,0,0,0,0,-1,6.123233995736766e-17,1,1,1]},"_eulerAngles":{"__type__":"cc.Vec3","z":-180}},{"__type__":"cc.Node","_name":"sp_audio_left","_parent":{"__id__":1},"_children":[{"__id__":29},{"__id__":30},{"__id__":31},{"__id__":32}],"_components":[{"__type__":"cc.Sprite","node":{"__id__":28},"_materials":[{"__uuid__":"ecpdLyjvZBwrvm+cedCcQy"}],"_spriteFrame":{"__uuid__":"typdk164-ace8-40d3-8f22-4991c0f9cfeb"}},{"__type__":"cc.Animation","node":{"__id__":28},"_clips":[{"__uuid__":"typdk872-18f6-478f-9528-8c5cdd75bb29"}]}],"_prefab":{"__type__":"cc.PrefabInfo","root":{"__id__":1},"asset":{"__uuid__":"typdkc3d-e8f1-494f-be72-fe638e22e37e"},"fileId":"fd3599z1klI/7QOM7mc3P1C"},"_contentSize":{"__type__":"cc.Size","width":160,"height":95},"_trs":{"__type__":"TypedArray","ctor":"Float64Array","array":[-130,0,0,0,0,0,1,1,-1,1]}},{"__type__":"cc.Node","_name":"icon_chat_huatong","_parent":{"__id__":28},"_components":[{"__type__":"cc.Sprite","node":{"__id__":29},"_materials":[{"__uuid__":"ecpdLyjvZBwrvm+cedCcQy"}],"_spriteFrame":{"__uuid__":"typdk5f1-ea3b-4e13-ba50-775ad6a108fc"}}],"_prefab":{"__type__":"cc.PrefabInfo","root":{"__id__":1},"asset":{"__uuid__":"typdkc3d-e8f1-494f-be72-fe638e22e37e"},"fileId":"57c36VjWA5Ly5mWCzEUPex0"},"_contentSize":{"__type__":"cc.Size","width":22,"height":26},"_trs":{"__type__":"TypedArray","ctor":"Float64Array","array":[4.800000000000001,-0.9,0,0,0,0,1,-1,1,1]}},{"__type__":"cc.Node","_name":"icon_chat_huatong3","_parent":{"__id__":28},"_components":[{"__type__":"cc.Sprite","node":{"__id__":30},"_materials":[{"__uuid__":"ecpdLyjvZBwrvm+cedCcQy"}],"_spriteFrame":{"__uuid__":"typdk074-466d-41ff-8601-1ae737c8b4ae"}}],"_prefab":{"__type__":"cc.PrefabInfo","root":{"__id__":1},"asset":{"__uuid__":"typdkc3d-e8f1-494f-be72-fe638e22e37e"},"fileId":"7d110eMbcJOkIFo1+zO39B2"},"_contentSize":{"__type__":"cc.Size","width":7,"height":26},"_trs":{"__type__":"TypedArray","ctor":"Float64Array","array":[-27.1,-0.9,0,0,0,0,1,-1,1,1]}},{"__type__":"cc.Node","_name":"icon_chat_huatong2","_parent":{"__id__":28},"_components":[{"__type__":"cc.Sprite","node":{"__id__":31},"_materials":[{"__uuid__":"ecpdLyjvZBwrvm+cedCcQy"}],"_spriteFrame":{"__uuid__":"typdk41d-696c-42e9-820d-36509396bfad"}}],"_prefab":{"__type__":"cc.PrefabInfo","root":{"__id__":1},"asset":{"__uuid__":"typdkc3d-e8f1-494f-be72-fe638e22e37e"},"fileId":"0e1cdYwf05Ii6Ptz69c4gES"},"_contentSize":{"__type__":"cc.Size","width":7,"height":22},"_trs":{"__type__":"TypedArray","ctor":"Float64Array","array":[-19.6,-0.9,0,0,0,0,1,-1,1,1]}},{"__type__":"cc.Node","_name":"icon_chat_huatong1","_parent":{"__id__":28},"_components":[{"__type__":"cc.Sprite","node":{"__id__":32},"_materials":[{"__uuid__":"ecpdLyjvZBwrvm+cedCcQy"}],"_spriteFrame":{"__uuid__":"typdkfa1-ba3b-4140-a1f1-f75aa167d8f3"}}],"_prefab":{"__type__":"cc.PrefabInfo","root":{"__id__":1},"asset":{"__uuid__":"typdkc3d-e8f1-494f-be72-fe638e22e37e"},"fileId":"00048BxpYNJ0p72tT/m6WD4"},"_contentSize":{"__type__":"cc.Size","width":4,"height":12},"_trs":{"__type__":"TypedArray","ctor":"Float64Array","array":[-11.700000000000003,-0.9,0,0,0,0,1,-1,1,1]}},{"__type__":"cc.Node","_name":"sp_chatdi_right","_parent":{"__id__":1},"_components":[{"__type__":"cc.Sprite","node":{"__id__":33},"_materials":[{"__uuid__":"ecpdLyjvZBwrvm+cedCcQy"}],"_spriteFrame":{"__uuid__":"typdk912-a3fe-47e6-b19c-3fee6bbfe5ca"},"_type":1,"_sizeMode":0},{"__type__":"cc.Layout","node":{"__id__":33},"_layoutSize":{"__type__":"cc.Size","width":370,"height":100},"_N$paddingLeft":22}],"_prefab":{"__type__":"cc.PrefabInfo","root":{"__id__":1},"asset":{"__uuid__":"typdkc3d-e8f1-494f-be72-fe638e22e37e"},"fileId":"08c06qna/NDILKsi6gqNgRN"},"_contentSize":{"__type__":"cc.Size","width":370,"height":100},"_anchorPoint":{"__type__":"cc.Vec2","y":0.5},"_trs":{"__type__":"TypedArray","ctor":"Float64Array","array":[50,0,0,0,0,0,1,1,1,1]}},{"__type__":"cc.Node","_name":"sp_audio_right","_parent":{"__id__":1},"_children":[{"__id__":35},{"__id__":36},{"__id__":37},{"__id__":38}],"_components":[{"__type__":"cc.Sprite","node":{"__id__":34},"_materials":[{"__uuid__":"ecpdLyjvZBwrvm+cedCcQy"}],"_spriteFrame":{"__uuid__":"typdk164-ace8-40d3-8f22-4991c0f9cfeb"}},{"__type__":"cc.Animation","node":{"__id__":34},"_clips":[{"__uuid__":"typdk872-18f6-478f-9528-8c5cdd75bb29"}]}],"_prefab":{"__type__":"cc.PrefabInfo","root":{"__id__":1},"asset":{"__uuid__":"typdkc3d-e8f1-494f-be72-fe638e22e37e"},"fileId":"3039eey3uxPvYJ4b7Psftm+"},"_contentSize":{"__type__":"cc.Size","width":160,"height":95},"_trs":{"__type__":"TypedArray","ctor":"Float64Array","array":[130,0,0,0,0,0,1,-1,1,1]}},{"__type__":"cc.Node","_name":"icon_chat_huatong","_parent":{"__id__":34},"_components":[{"__type__":"cc.Sprite","node":{"__id__":35},"_materials":[{"__uuid__":"ecpdLyjvZBwrvm+cedCcQy"}],"_spriteFrame":{"__uuid__":"typdk5f1-ea3b-4e13-ba50-775ad6a108fc"}}],"_prefab":{"__type__":"cc.PrefabInfo","root":{"__id__":1},"asset":{"__uuid__":"typdkc3d-e8f1-494f-be72-fe638e22e37e"},"fileId":"0ea40QSpmFGvJ9X8MANw+E6"},"_contentSize":{"__type__":"cc.Size","width":22,"height":26},"_trs":{"__type__":"TypedArray","ctor":"Float64Array","array":[15,-3,0,0,0,0,1,-1,1,1]}},{"__type__":"cc.Node","_name":"icon_chat_huatong1","_parent":{"__id__":34},"_components":[{"__type__":"cc.Sprite","node":{"__id__":36},"_materials":[{"__uuid__":"ecpdLyjvZBwrvm+cedCcQy"}],"_spriteFrame":{"__uuid__":"typdkfa1-ba3b-4140-a1f1-f75aa167d8f3"}}],"_prefab":{"__type__":"cc.PrefabInfo","root":{"__id__":1},"asset":{"__uuid__":"typdkc3d-e8f1-494f-be72-fe638e22e37e"},"fileId":"ac047DgFChBS5EePCTYyNNm"},"_contentSize":{"__type__":"cc.Size","width":4,"height":12},"_trs":{"__type__":"TypedArray","ctor":"Float64Array","array":[-7.4,-3,0,0,0,0,1,-1,1,1]}},{"__type__":"cc.Node","_name":"icon_chat_huatong2","_parent":{"__id__":34},"_components":[{"__type__":"cc.Sprite","node":{"__id__":37},"_materials":[{"__uuid__":"ecpdLyjvZBwrvm+cedCcQy"}],"_spriteFrame":{"__uuid__":"typdk41d-696c-42e9-820d-36509396bfad"}}],"_prefab":{"__type__":"cc.PrefabInfo","root":{"__id__":1},"asset":{"__uuid__":"typdkc3d-e8f1-494f-be72-fe638e22e37e"},"fileId":"444c2M49WZA06UqQW36C+Eb"},"_contentSize":{"__type__":"cc.Size","width":7,"height":22},"_trs":{"__type__":"TypedArray","ctor":"Float64Array","array":[-14,-3,0,0,0,0,1,-1,1,1]}},{"__type__":"cc.Node","_name":"icon_chat_huatong3","_parent":{"__id__":34},"_components":[{"__type__":"cc.Sprite","node":{"__id__":38},"_materials":[{"__uuid__":"ecpdLyjvZBwrvm+cedCcQy"}],"_spriteFrame":{"__uuid__":"typdk074-466d-41ff-8601-1ae737c8b4ae"}}],"_prefab":{"__type__":"cc.PrefabInfo","root":{"__id__":1},"asset":{"__uuid__":"typdkc3d-e8f1-494f-be72-fe638e22e37e"},"fileId":"8d504pI78ZJjo7RFZWEAksF"},"_contentSize":{"__type__":"cc.Size","width":7,"height":26},"_trs":{"__type__":"TypedArray","ctor":"Float64Array","array":[-19,-3,0,0,0,0,1,-1,1,1]}},{"__type__":"cc.Node","_name":"icon_auto","_parent":{"__id__":1},"_active":false,"_components":[{"__type__":"cc.Sprite","node":{"__id__":39},"_materials":[{"__uuid__":"ecpdLyjvZBwrvm+cedCcQy"}],"_spriteFrame":{"__uuid__":"72OQCpI+FBM7NKmvcdDxxH"}}],"_prefab":{"__type__":"cc.PrefabInfo","root":{"__id__":1},"asset":{"__uuid__":"typdkc3d-e8f1-494f-be72-fe638e22e37e"},"fileId":"764f6SmUmRLvqBayWEGR3if"},"_contentSize":{"__type__":"cc.Size","width":80,"height":77},"_trs":{"__type__":"TypedArray","ctor":"Float64Array","array":[76,-45,0,0,0,0,1,0.7,0.7,1]}},{"__type__":"cc.Node","_name":"face_ani","_parent":{"__id__":1},"_components":[{"__type__":"cc.Sprite","node":{"__id__":40}},{"__type__":"cc.Animation","node":{"__id__":40},"_clips":[{"__uuid__":"typdk7c1-22c3-4c1b-8be1-2baf1d0bf714"},{"__uuid__":"typdk26a-e40e-4da0-a6e0-aefb58d6be8a"},{"__uuid__":"typdke0d-7a33-4f7e-8825-5bcb21611f8b"},{"__uuid__":"typdk8c2-5fc0-488d-ba36-a162971af284"},{"__uuid__":"typdk976-c0e0-4392-b6d0-224175e4da88"},{"__uuid__":"typdk2a2-9526-4afc-a5f6-8d6a6ddbc1d5"},{"__uuid__":"typdk3b4-f7b7-4366-9de5-0df256b8e72e"},{"__uuid__":"typdk25d-1596-4fa4-8c65-2eebe52086a0"},{"__uuid__":"typdk95c-4aec-4938-b153-ba03e346bb87"},{"__uuid__":"typdk310-3f56-46fa-8b6a-982da78b0fb4"},{"__uuid__":"typdkf40-1021-4fa8-b989-5abe1a6b47d3"},{"__uuid__":"typdkbb4-50a7-485b-a94f-8f1c3d6b5f38"}]}],"_prefab":{"__type__":"cc.PrefabInfo","root":{"__id__":1},"asset":{"__uuid__":"typdkc3d-e8f1-494f-be72-fe638e22e37e"},"fileId":"43344S/GrxEN6a71tKEMsko"},"_contentSize":{"__type__":"cc.Size","width":82,"height":80},"_trs":{"__type__":"TypedArray","ctor":"Float64Array","array":[0,0,0,0,0,0,1,1.4,1.4,1]}},{"__type__":"cc.Node","_name":"sp_chatdi_leftBottom","_parent":{"__id__":1},"_active":false,"_components":[{"__type__":"cc.Sprite","node":{"__id__":41},"_spriteFrame":{"__uuid__":"typdk912-a3fe-47e6-b19c-3fee6bbfe5ca"},"_type":1,"_sizeMode":0},{"__type__":"cc.Layout","node":{"__id__":41},"_layoutSize":{"__type__":"cc.Size","width":380,"height":100},"_N$paddingLeft":22,"_N$paddingRight":5}],"_prefab":{"__type__":"cc.PrefabInfo","root":{"__id__":1},"asset":{"__uuid__":"typdkc3d-e8f1-494f-be72-fe638e22e37e"},"fileId":"85e59EpdQRMu6nHuQD6H+9g"},"_contentSize":{"__type__":"cc.Size","width":380,"height":100},"_anchorPoint":{"__type__":"cc.Vec2","y":0.5},"_trs":{"__type__":"TypedArray","ctor":"Float64Array","array":[60,-90,0,0,0,-1,6.123233995736766e-17,1,1,1]},"_eulerAngles":{"__type__":"cc.Vec3","z":-180}},{"__type__":"cc.Node","_name":"sp_chatdi_rightBottom","_parent":{"__id__":1},"_active":false,"_components":[{"__type__":"cc.Sprite","node":{"__id__":42},"_spriteFrame":{"__uuid__":"typdk912-a3fe-47e6-b19c-3fee6bbfe5ca"},"_type":1,"_sizeMode":0},{"__type__":"cc.Layout","node":{"__id__":42},"_layoutSize":{"__type__":"cc.Size","width":370,"height":100},"_N$paddingLeft":22}],"_prefab":{"__type__":"cc.PrefabInfo","root":{"__id__":1},"asset":{"__uuid__":"typdkc3d-e8f1-494f-be72-fe638e22e37e"},"fileId":"2daa02Frv9BP5yAdLyJklLZ"},"_contentSize":{"__type__":"cc.Size","width":370,"height":100},"_anchorPoint":{"__type__":"cc.Vec2","y":0.5},"_trs":{"__type__":"TypedArray","ctor":"Float64Array","array":[-60,-90,0,0,0,0,1,1,1,1]}}],{"__type__":"cc.SpriteFrame","content":{"name":"likaizhong","texture":"typdkec7-9f6f-45fb-a7b4-d322151fa8b7","rect":[0,0,66,24],"offset":[0,0],"originalSize":[66,24],"capInsets":[0,0,0,0]}},{"__type__":"cc.SpriteFrame","content":{"name":"img_tx01","texture":"typdk8cd-3669-4371-880f-e2ccc971ed86","rect":[0,0,98,98],"offset":[0,0],"originalSize":[98,98],"capInsets":[0,0,0,0]}},{"__type__":"cc.SpriteFrame","content":{"name":"img_zhuang","texture":"typdke95-17f8-48d6-862b-3c44997a7d65","rect":[0,0,38,39],"offset":[0,0],"originalSize":[38,39],"capInsets":[0,0,0,0]}},{"__type__":"cc.SpriteFrame","content":{"name":"icon_chat_huatong1","texture":"typdk383-b964-49e4-81bf-472198d91100","rect":[0,2,4,12],"offset":[-1,-1],"originalSize":[6,14],"capInsets":[0,0,0,0]}}]