[{"__type__":"cc.SpriteFrame","content":{"name":"icon_pj","texture":"typdke61-5822-40c7-931c-7c0931659b55","rect":[14,9,63,74],"offset":[-0.5,0],"originalSize":[92,92],"capInsets":[0,0,0,0]}},[{"__type__":"cc.Prefab","_name":"pengbeiPrefab","data":{"__id__":1}},{"__type__":"cc.Node","_name":"pengbeiPrefab","_components":[{"__type__":"cc.Sprite","node":{"__id__":1},"_spriteFrame":{"__uuid__":"typdk865-eb29-4196-adaa-fde4a8890aa2"}},{"__type__":"cc.Animation","node":{"__id__":1},"_defaultClip":{"__uuid__":"typdk3da-ae00-4064-a9fd-9b96787a95cd"},"_clips":[{"__uuid__":"typdk3da-ae00-4064-a9fd-9b96787a95cd"}]}],"_prefab":{"__type__":"cc.PrefabInfo","root":{"__id__":1},"asset":{"__uuid__":"typdk8de-a839-4eef-b6e3-6bcfdd109238"},"fileId":"77bT4BgbZBwpHeiAX9Lo1m"},"_contentSize":{"__type__":"cc.Size","width":63,"height":74},"_trs":{"__type__":"TypedArray","ctor":"Float64Array","array":[0,0,0,0,0,0,1,1,1,1]}}]]