[{"__type__":"cc.SpriteFrame","content":{"name":"fangzhu","texture":"typdkc49-d06c-47de-9de0-b1427c5562be","rect":[0,0,34,35],"offset":[0,0],"originalSize":[34,35],"capInsets":[0,0,0,0]}},{"__type__":"cc.SpriteFrame","content":{"name":"icon_win","texture":"typdkb8f-96f8-4c38-a0bb-4259092a605b","rect":[0,0,50,92],"offset":[0,0],"originalSize":[50,92],"capInsets":[0,0,0,0]}},[{"__type__":"cc.Prefab","_name":"pdk_resultPrefab01","data":{"__id__":1}},{"__type__":"cc.Node","_name":"resultPrefab01","_children":[{"__id__":2},{"__id__":8},{"__id__":15},{"__id__":16},{"__id__":17},{"__id__":18},{"__id__":19},{"__id__":20},{"__id__":21},{"__id__":22}],"_components":[{"__type__":"cc.Sprite","node":{"__id__":1},"_materials":[{"__uuid__":"ecpdLyjvZBwrvm+cedCcQy"}],"_spriteFrame":{"__uuid__":"typdk719-2e92-40ec-bc32-6b0994984cf1"},"_type":1,"_sizeMode":0}],"_prefab":{"__type__":"cc.PrefabInfo","root":{"__id__":1},"asset":{"__uuid__":"typdk460-93c6-4cf3-8ed3-1d73750a5b41"},"fileId":"413c3ktZzVFs6541CY7oOUr"},"_contentSize":{"__type__":"cc.Size","width":1110,"height":80},"_trs":{"__type__":"TypedArray","ctor":"Float64Array","array":[0,0,0,0,0,0,1,1,1,1]}},{"__type__":"cc.Node","_name":"topTitle","_parent":{"__id__":1},"_children":[{"__id__":3},{"__id__":4},{"__id__":5},{"__id__":6},{"__id__":7}],"_prefab":{"__type__":"cc.PrefabInfo","root":{"__id__":1},"asset":{"__uuid__":"typdk460-93c6-4cf3-8ed3-1d73750a5b41"},"fileId":"90204G8IaJFhqYOftRvRRCJ"},"_trs":{"__type__":"TypedArray","ctor":"Float64Array","array":[0,-5,0,0,0,0,1,1,1,1]}},{"__type__":"cc.Node","_name":"sheng","_parent":{"__id__":2},"_components":[{"__type__":"cc.Label","node":{"__id__":3},"_materials":[{"__uuid__":"ecpdLyjvZBwrvm+cedCcQy"}],"_useOriginalSize":false,"_string":"胜","_N$string":"胜","_fontSize":26,"_N$file":{"__uuid__":"typdk345-cbe0-4203-a8ca-8141b2e63f4f"},"_isSystemFontUsed":false,"_N$horizontalAlign":1,"_N$verticalAlign":1}],"_prefab":{"__type__":"cc.PrefabInfo","root":{"__id__":1},"asset":{"__uuid__":"typdk460-93c6-4cf3-8ed3-1d73750a5b41"},"fileId":"89a20WzdDtFy4C6S+GumQXI"},"_color":{"__type__":"cc.Color","r":92,"g":129,"b":61},"_contentSize":{"__type__":"cc.Size","width":26,"height":50.4},"_trs":{"__type__":"TypedArray","ctor":"Float64Array","array":[-238,58,0,0,0,0,1,1,1,1]}},{"__type__":"cc.Node","_name":"fu","_parent":{"__id__":2},"_components":[{"__type__":"cc.Label","node":{"__id__":4},"_materials":[{"__uuid__":"ecpdLyjvZBwrvm+cedCcQy"}],"_useOriginalSize":false,"_string":"负","_N$string":"负","_fontSize":26,"_N$file":{"__uuid__":"typdk345-cbe0-4203-a8ca-8141b2e63f4f"},"_isSystemFontUsed":false,"_N$horizontalAlign":1,"_N$verticalAlign":1}],"_prefab":{"__type__":"cc.PrefabInfo","root":{"__id__":1},"asset":{"__uuid__":"typdk460-93c6-4cf3-8ed3-1d73750a5b41"},"fileId":"12e13BTNntB56G/JTe3bkj1"},"_color":{"__type__":"cc.Color","r":92,"g":129,"b":61},"_contentSize":{"__type__":"cc.Size","width":26,"height":50.4},"_trs":{"__type__":"TypedArray","ctor":"Float64Array","array":[-88,58,0,0,0,0,1,1,1,1]}},{"__type__":"cc.Node","_name":"ping ","_parent":{"__id__":2},"_components":[{"__type__":"cc.Label","node":{"__id__":5},"_materials":[{"__uuid__":"ecpdLyjvZBwrvm+cedCcQy"}],"_useOriginalSize":false,"_string":"平","_N$string":"平","_fontSize":26,"_N$file":{"__uuid__":"typdk345-cbe0-4203-a8ca-8141b2e63f4f"},"_isSystemFontUsed":false,"_N$horizontalAlign":1,"_N$verticalAlign":1}],"_prefab":{"__type__":"cc.PrefabInfo","root":{"__id__":1},"asset":{"__uuid__":"typdk460-93c6-4cf3-8ed3-1d73750a5b41"},"fileId":"3cb159kO+FEgpGQ1ORzu8G8"},"_color":{"__type__":"cc.Color","r":92,"g":129,"b":61},"_contentSize":{"__type__":"cc.Size","width":26,"height":50.4},"_trs":{"__type__":"TypedArray","ctor":"Float64Array","array":[71,58,0,0,0,0,1,1,1,1]}},{"__type__":"cc.Node","_name":"total","_parent":{"__id__":2},"_components":[{"__type__":"cc.Label","node":{"__id__":6},"_materials":[{"__uuid__":"ecpdLyjvZBwrvm+cedCcQy"}],"_useOriginalSize":false,"_string":"总分数","_N$string":"总分数","_fontSize":26,"_N$file":{"__uuid__":"typdk345-cbe0-4203-a8ca-8141b2e63f4f"},"_isSystemFontUsed":false,"_N$horizontalAlign":1,"_N$verticalAlign":1}],"_prefab":{"__type__":"cc.PrefabInfo","root":{"__id__":1},"asset":{"__uuid__":"typdk460-93c6-4cf3-8ed3-1d73750a5b41"},"fileId":"31a07XrRiBF1oVtXyacLYKP"},"_color":{"__type__":"cc.Color","r":92,"g":129,"b":61},"_contentSize":{"__type__":"cc.Size","width":78,"height":50.4},"_trs":{"__type__":"TypedArray","ctor":"Float64Array","array":[243,58,0,0,0,0,1,1,1,1]}},{"__type__":"cc.Node","_name":"sportsPoint","_parent":{"__id__":2},"_components":[{"__type__":"cc.Label","node":{"__id__":7},"_materials":[{"__uuid__":"ecpdLyjvZBwrvm+cedCcQy"}],"_useOriginalSize":false,"_string":"比赛分","_N$string":"比赛分","_fontSize":26,"_N$file":{"__uuid__":"typdk345-cbe0-4203-a8ca-8141b2e63f4f"},"_isSystemFontUsed":false,"_N$horizontalAlign":1,"_N$verticalAlign":1}],"_prefab":{"__type__":"cc.PrefabInfo","root":{"__id__":1},"asset":{"__uuid__":"typdk460-93c6-4cf3-8ed3-1d73750a5b41"},"fileId":"faK9FqqNlEyI0OzVVLJPLO"},"_color":{"__type__":"cc.Color","r":92,"g":129,"b":61},"_contentSize":{"__type__":"cc.Size","width":78,"height":50.4},"_trs":{"__type__":"TypedArray","ctor":"Float64Array","array":[426,58,0,0,0,0,1,1,1,1]}},{"__type__":"cc.Node","_name":"user_info","_parent":{"__id__":1},"_children":[{"__id__":9},{"__id__":10},{"__id__":11},{"__id__":12},{"__id__":13},{"__id__":14}],"_prefab":{"__type__":"cc.PrefabInfo","root":{"__id__":1},"asset":{"__uuid__":"typdk460-93c6-4cf3-8ed3-1d73750a5b41"},"fileId":"4b3568hOMdPVoHGneBVqyUf"},"_trs":{"__type__":"TypedArray","ctor":"Float64Array","array":[-420,-45,0,0,0,0,1,1,1,1]}},{"__type__":"cc.Node","_name":"head_img","_parent":{"__id__":8},"_components":[{"__type__":"cc.Sprite","node":{"__id__":9},"_materials":[{"__uuid__":"ecpdLyjvZBwrvm+cedCcQy"}],"_spriteFrame":{"__uuid__":"typdkbd4-6d8e-4361-aae8-91caca6f2355"},"_sizeMode":0,"_isTrimmedMode":false},{"__type__":"typdk551-cdf7-4ff7-b9d1-ff119733cfed","node":{"__id__":9}}],"_prefab":{"__type__":"cc.PrefabInfo","root":{"__id__":1},"asset":{"__uuid__":"typdk460-93c6-4cf3-8ed3-1d73750a5b41"},"fileId":"9ab74WEilpCaJyAfK/QQs6S"},"_contentSize":{"__type__":"cc.Size","width":60,"height":60},"_trs":{"__type__":"TypedArray","ctor":"Float64Array","array":[-67,43,0,0,0,0,1,1,1,1]}},{"__type__":"cc.Node","_name":"lable_name","_parent":{"__id__":8},"_components":[{"__type__":"cc.Label","node":{"__id__":10},"_materials":[{"__uuid__":"ecpdLyjvZBwrvm+cedCcQy"}],"_useOriginalSize":false,"_string":"丸子科丸丸","_N$string":"丸子科丸丸","_fontSize":20,"_lineHeight":20,"_N$file":{"__uuid__":"typdk345-cbe0-4203-a8ca-8141b2e63f4f"},"_isSystemFontUsed":false,"_N$verticalAlign":1,"_N$overflow":2}],"_prefab":{"__type__":"cc.PrefabInfo","root":{"__id__":1},"asset":{"__uuid__":"typdk460-93c6-4cf3-8ed3-1d73750a5b41"},"fileId":"520ff2PMkZC1IQDmpSldzYN"},"_color":{"__type__":"cc.Color","r":92,"g":129,"b":61},"_contentSize":{"__type__":"cc.Size","width":100,"height":20},"_trs":{"__type__":"TypedArray","ctor":"Float64Array","array":[57.6,58.4,0,0,0,0,1,1,1,1]}},{"__type__":"cc.Node","_name":"idbg","_parent":{"__id__":8},"_components":[{"__type__":"cc.Sprite","node":{"__id__":11},"_materials":[{"__uuid__":"ecpdLyjvZBwrvm+cedCcQy"}],"_spriteFrame":{"__uuid__":"typdkea7-9c80-46e0-a129-cda93077c8a5"},"_sizeMode":0}],"_prefab":{"__type__":"cc.PrefabInfo","root":{"__id__":1},"asset":{"__uuid__":"typdk460-93c6-4cf3-8ed3-1d73750a5b41"},"fileId":"fd386lpbh5AeINHGYi6i05i"},"_contentSize":{"__type__":"cc.Size","width":24,"height":24},"_trs":{"__type__":"TypedArray","ctor":"Float64Array","array":[-12.5,27.2,0,0,0,0,1,1,1,1]}},{"__type__":"cc.Node","_name":"label_id","_parent":{"__id__":8},"_components":[{"__type__":"cc.Label","node":{"__id__":12},"_materials":[{"__uuid__":"ecpdLyjvZBwrvm+cedCcQy"}],"_useOriginalSize":false,"_string":"142536","_N$string":"142536","_fontSize":20,"_lineHeight":20,"_N$file":{"__uuid__":"typdk345-cbe0-4203-a8ca-8141b2e63f4f"},"_isSystemFontUsed":false,"_N$horizontalAlign":1,"_N$verticalAlign":1,"_N$overflow":2}],"_prefab":{"__type__":"cc.PrefabInfo","root":{"__id__":1},"asset":{"__uuid__":"typdk460-93c6-4cf3-8ed3-1d73750a5b41"},"fileId":"258d1AiWr1BLKNkNVLUivOv"},"_color":{"__type__":"cc.Color","r":92,"g":129,"b":61},"_contentSize":{"__type__":"cc.Size","width":64.38,"height":20},"_trs":{"__type__":"TypedArray","ctor":"Float64Array","array":[37.5,27.2,0,0,0,0,1,1,1,1]}},{"__type__":"cc.Node","_name":"sex","_parent":{"__id__":8},"_components":[{"__type__":"cc.Sprite","node":{"__id__":13},"_materials":[{"__uuid__":"ecpdLyjvZBwrvm+cedCcQy"}],"_spriteFrame":{"__uuid__":"typdk56a-3d89-43d8-a2e7-3ae017165070"},"_sizeMode":0}],"_prefab":{"__type__":"cc.PrefabInfo","root":{"__id__":1},"asset":{"__uuid__":"typdk460-93c6-4cf3-8ed3-1d73750a5b41"},"fileId":"071d8mwDG9D+48klJwJA5+9"},"_contentSize":{"__type__":"cc.Size","width":24,"height":24},"_trs":{"__type__":"TypedArray","ctor":"Float64Array","array":[-12.4,58.4,0,0,0,0,1,1,1,1]}},{"__type__":"cc.Node","_name":"fangzhu","_parent":{"__id__":8},"_active":false,"_components":[{"__type__":"cc.Sprite","node":{"__id__":14},"_spriteFrame":{"__uuid__":"typdk046-20bb-48ac-a1a1-d001cb195e16"}}],"_prefab":{"__type__":"cc.PrefabInfo","root":{"__id__":1},"asset":{"__uuid__":"typdk460-93c6-4cf3-8ed3-1d73750a5b41"},"fileId":"3310cpaPa5C9ZoU8uOItsXc"},"_contentSize":{"__type__":"cc.Size","width":34,"height":35},"_trs":{"__type__":"TypedArray","ctor":"Float64Array","array":[-54,30,0,0,0,0,1,1,1,1]}},{"__type__":"cc.Node","_name":"lb_lose_num","_parent":{"__id__":1},"_components":[{"__type__":"cc.Label","node":{"__id__":15},"_materials":[{"__uuid__":"ecpdLyjvZBwrvm+cedCcQy"}],"_useOriginalSize":false,"_string":"-10","_N$string":"-10","_fontSize":35,"_lineHeight":35,"_enableWrapText":false,"_N$file":{"__uuid__":"typdka1e-eafc-4716-9391-b60da2525eb4"},"_isSystemFontUsed":false,"_N$horizontalAlign":1,"_N$verticalAlign":1,"_N$overflow":2}],"_prefab":{"__type__":"cc.PrefabInfo","root":{"__id__":1},"asset":{"__uuid__":"typdk460-93c6-4cf3-8ed3-1d73750a5b41"},"fileId":"22008fOnClMd6eRdb23ZoJ4"},"_contentSize":{"__type__":"cc.Size","width":125,"height":70},"_trs":{"__type__":"TypedArray","ctor":"Float64Array","array":[242,0,0,0,0,0,1,1,1,1]}},{"__type__":"cc.Node","_name":"lb_win_num","_parent":{"__id__":1},"_components":[{"__type__":"cc.Label","node":{"__id__":16},"_materials":[{"__uuid__":"ecpdLyjvZBwrvm+cedCcQy"}],"_useOriginalSize":false,"_string":"+10","_N$string":"+10","_fontSize":35,"_lineHeight":35,"_enableWrapText":false,"_N$file":{"__uuid__":"typdka28-afe5-4c89-8721-8f2b3ac7ab13"},"_isSystemFontUsed":false,"_N$horizontalAlign":1,"_N$verticalAlign":1,"_N$overflow":2}],"_prefab":{"__type__":"cc.PrefabInfo","root":{"__id__":1},"asset":{"__uuid__":"typdk460-93c6-4cf3-8ed3-1d73750a5b41"},"fileId":"49981aR8mdKgLRSms7Rk5Al"},"_contentSize":{"__type__":"cc.Size","width":125,"height":70},"_trs":{"__type__":"TypedArray","ctor":"Float64Array","array":[242,6,0,0,0,0,1,1,1,1]}},{"__type__":"cc.Node","_name":"lb_win","_parent":{"__id__":1},"_components":[{"__type__":"cc.Label","node":{"__id__":17},"_materials":[{"__uuid__":"ecpdLyjvZBwrvm+cedCcQy"}],"_useOriginalSize":false,"_string":"10","_N$string":"10","_fontSize":36,"_N$file":{"__uuid__":"typdk345-cbe0-4203-a8ca-8141b2e63f4f"},"_isSystemFontUsed":false,"_N$horizontalAlign":1,"_N$verticalAlign":1}],"_prefab":{"__type__":"cc.PrefabInfo","root":{"__id__":1},"asset":{"__uuid__":"typdk460-93c6-4cf3-8ed3-1d73750a5b41"},"fileId":"a59c41lXitF9oDeHxiIjToz"},"_color":{"__type__":"cc.Color","r":181,"g":104,"b":48},"_contentSize":{"__type__":"cc.Size","width":33.75,"height":50.4},"_trs":{"__type__":"TypedArray","ctor":"Float64Array","array":[-239,0,0,0,0,0,1,1,1,1]}},{"__type__":"cc.Node","_name":"lb_lose","_parent":{"__id__":1},"_components":[{"__type__":"cc.Label","node":{"__id__":18},"_materials":[{"__uuid__":"ecpdLyjvZBwrvm+cedCcQy"}],"_useOriginalSize":false,"_string":"10","_N$string":"10","_fontSize":36,"_N$file":{"__uuid__":"typdk345-cbe0-4203-a8ca-8141b2e63f4f"},"_isSystemFontUsed":false,"_N$horizontalAlign":1,"_N$verticalAlign":1}],"_prefab":{"__type__":"cc.PrefabInfo","root":{"__id__":1},"asset":{"__uuid__":"typdk460-93c6-4cf3-8ed3-1d73750a5b41"},"fileId":"0f2d8Y++XpGWat1s2Zu4p3r"},"_color":{"__type__":"cc.Color","r":181,"g":104,"b":48},"_contentSize":{"__type__":"cc.Size","width":33.75,"height":50.4},"_trs":{"__type__":"TypedArray","ctor":"Float64Array","array":[-87,0,0,0,0,0,1,1,1,1]}},{"__type__":"cc.Node","_name":"lb_ping","_parent":{"__id__":1},"_components":[{"__type__":"cc.Label","node":{"__id__":19},"_materials":[{"__uuid__":"ecpdLyjvZBwrvm+cedCcQy"}],"_useOriginalSize":false,"_string":"10","_N$string":"10","_fontSize":36,"_N$file":{"__uuid__":"typdk345-cbe0-4203-a8ca-8141b2e63f4f"},"_isSystemFontUsed":false,"_N$horizontalAlign":1,"_N$verticalAlign":1}],"_prefab":{"__type__":"cc.PrefabInfo","root":{"__id__":1},"asset":{"__uuid__":"typdk460-93c6-4cf3-8ed3-1d73750a5b41"},"fileId":"6b7727TlZpMGazss/2ahzu0"},"_color":{"__type__":"cc.Color","r":181,"g":104,"b":48},"_contentSize":{"__type__":"cc.Size","width":33.75,"height":50.4},"_trs":{"__type__":"TypedArray","ctor":"Float64Array","array":[71,0,0,0,0,0,1,1,1,1]}},{"__type__":"cc.Node","_name":"lb_sportsPoint","_parent":{"__id__":1},"_components":[{"__type__":"cc.Label","node":{"__id__":20},"_materials":[{"__uuid__":"ecpdLyjvZBwrvm+cedCcQy"}],"_useOriginalSize":false,"_string":"10","_N$string":"10","_fontSize":36,"_N$file":{"__uuid__":"typdk345-cbe0-4203-a8ca-8141b2e63f4f"},"_isSystemFontUsed":false,"_N$horizontalAlign":1,"_N$verticalAlign":1}],"_prefab":{"__type__":"cc.PrefabInfo","root":{"__id__":1},"asset":{"__uuid__":"typdk460-93c6-4cf3-8ed3-1d73750a5b41"},"fileId":"99vBHm0o5C9bqd0nHZ1BYV"},"_color":{"__type__":"cc.Color","r":181,"g":104,"b":48},"_contentSize":{"__type__":"cc.Size","width":33.75,"height":50.4},"_trs":{"__type__":"TypedArray","ctor":"Float64Array","array":[427,0,0,0,0,0,1,1,1,1]}},{"__type__":"cc.Node","_name":"icon_dissolve","_parent":{"__id__":1},"_components":[{"__type__":"cc.Sprite","node":{"__id__":21},"_materials":[{"__uuid__":"ecpdLyjvZBwrvm+cedCcQy"}]}],"_prefab":{"__type__":"cc.PrefabInfo","root":{"__id__":1},"asset":{"__uuid__":"typdk460-93c6-4cf3-8ed3-1d73750a5b41"},"fileId":"07xa3ZR+lClbnRhx2/c99u"},"_contentSize":{"__type__":"cc.Size","width":119,"height":66},"_trs":{"__type__":"TypedArray","ctor":"Float64Array","array":[-484.444,0,0,0,0,0,1,1,1,1]}},{"__type__":"cc.Node","_name":"icon_win","_parent":{"__id__":1},"_active":false,"_components":[{"__type__":"cc.Sprite","node":{"__id__":22},"_spriteFrame":{"__uuid__":"typdk1bb-beb8-4986-b3a7-38d160ccba6a"}}],"_prefab":{"__type__":"cc.PrefabInfo","root":{"__id__":1},"asset":{"__uuid__":"typdk460-93c6-4cf3-8ed3-1d73750a5b41"},"fileId":"e4c57QuzwFIg5BJM4Tzt9FX"},"_contentSize":{"__type__":"cc.Size","width":50,"height":92},"_trs":{"__type__":"TypedArray","ctor":"Float64Array","array":[529,0,0,0,0,0,1,1,1,1]}}],{"__type__":"cc.SpriteFrame","content":{"name":"personal_male","texture":"typdk4c4-f6fe-4710-8c70-f60ed20248a3","rect":[0,0,24,24],"offset":[0,0],"originalSize":[24,24],"capInsets":[0,0,0,0]}},{"__type__":"cc.SpriteFrame","content":{"name":"bg_jiesuan","texture":"typdk956-9ecd-4e7a-8158-e4ca45fed935","rect":[0,0,21,26],"offset":[0,0],"originalSize":[21,26],"capInsets":[8,8,8,8]}},{"__type__":"cc.SpriteFrame","content":{"name":"morentouxiang","texture":"typdk652-0393-4ea1-84d8-1bdd3044f177","rect":[0,0,60,60],"offset":[0,0],"originalSize":[60,60],"capInsets":[0,0,0,0]}},{"__type__":"cc.SpriteFrame","content":{"name":"personal_id","texture":"typdk3de-65b1-4ebb-ae32-a0235645a28b","rect":[0,0,31,31],"offset":[0,0],"originalSize":[31,31],"capInsets":[0,0,0,0]}}]