[{"__type__":"cc.AnimationClip","_name":"face8Action","_duration":1.3,"sample":20,"curveData":{"comps":{"cc.Sprite":{"spriteFrame":[{"frame":0,"value":{"__uuid__":"fjssze9f-605f-4f9b-8987-097ffc663fcc"}},{"frame":0.25,"value":{"__uuid__":"fjsszb63-9576-4f1e-baad-ad86b757a682"}},{"frame":0.5,"value":{"__uuid__":"fjssz86d-c723-4451-ae1b-93a8419b315e"}},{"frame":0.75,"value":{"__uuid__":"fjsszdb6-9adc-487f-9616-faafa2cee9b1"}},{"frame":1,"value":{"__uuid__":"fjssz935-e7f1-4b21-bde0-feb6cf61cf5d"}},{"frame":1.25,"value":{"__uuid__":"fjssz476-0090-4085-b300-6833b39a3d3e"}}]}}}},{"__type__":"cc.SpriteFrame","content":{"name":"expression_08_06","texture":"fjsszb8e-84fb-4791-909b-89a365eb459a","rect":[30,48,94,89],"offset":[0,-5],"originalSize":[154,175],"capInsets":[0,0,0,0]}},{"__type__":"cc.SpriteFrame","content":{"name":"expression_08_03","texture":"fjsszb51-0ef8-48f6-93cf-fec57a53178f","rect":[30,48,94,89],"offset":[0,-5],"originalSize":[154,175],"capInsets":[0,0,0,0]}},{"__type__":"cc.SpriteFrame","content":{"name":"expression_08_05","texture":"fjsszcca-f1c3-4f70-8bdc-f4e3802ea804","rect":[30,48,94,89],"offset":[0,-5],"originalSize":[154,175],"capInsets":[0,0,0,0]}},{"__type__":"cc.SpriteFrame","content":{"name":"expression_08_02","texture":"fjsszb25-d696-4cd1-84a2-84c6819a1144","rect":[30,48,94,89],"offset":[0,-5],"originalSize":[154,175],"capInsets":[0,0,0,0]}},{"__type__":"cc.SpriteFrame","content":{"name":"expression_08_04","texture":"fjssz91f-649b-494d-a682-8439666096a9","rect":[30,48,94,89],"offset":[0,-5],"originalSize":[154,175],"capInsets":[0,0,0,0]}},{"__type__":"cc.SpriteFrame","content":{"name":"expression_08_01","texture":"fjssz35c-1b60-4b0e-ac90-e850bfa70aa2","rect":[30,48,94,89],"offset":[0,-5],"originalSize":[154,175],"capInsets":[0,0,0,0]}}]