[{"__type__":"cc.SpriteFrame","content":{"name":"ani_ps_shui_06","texture":"fjssz938-4e2e-44cc-b22b-b2e345810809","rect":[0,0,100,122],"offset":[0,0],"originalSize":[100,122],"capInsets":[0,0,0,0]}},{"__type__":"cc.SpriteFrame","content":{"name":"ani_ps_shui_05","texture":"fjssza69-02de-49bf-bfb0-3f053572b763","rect":[0,0,92,86],"offset":[0,0],"originalSize":[92,86],"capInsets":[0,0,0,0]}},{"__type__":"cc.SpriteFrame","content":{"name":"ani_ps_tong_01","texture":"fjssz4bc-97e9-4fab-885b-bc67de597c53","rect":[0,0,90,94],"offset":[0,0],"originalSize":[90,94],"capInsets":[0,0,0,0]}},{"__type__":"cc.SpriteFrame","content":{"name":"ani_ps_shui_08","texture":"fjssz80d-f088-490c-8693-fe57bced7a65","rect":[0,0,119,84],"offset":[-1,1],"originalSize":[121,86],"capInsets":[0,0,0,0]}},{"__type__":"cc.AnimationClip","_name":"poshuiAni","_duration":0.18333333333333332,"speed":0.1,"curveData":{"comps":{"cc.Sprite":{"spriteFrame":[{"frame":0,"value":{"__uuid__":"fjssz37f-0e24-4988-99e7-5d09744e3ba9"}},{"frame":0.016666666666666666,"value":{"__uuid__":"fjssz937-3387-4305-a5b8-a6808effe754"}},{"frame":0.03333333333333333,"value":{"__uuid__":"fjsszbb7-b833-424c-951f-b0b2557443a3"}},{"frame":0.05,"value":{"__uuid__":"fjssz804-1fe0-4443-8d44-d7e19d173edf"}},{"frame":0.06666666666666667,"value":{"__uuid__":"fjssza39-31a6-40ca-b1ef-f796aea1904f"}},{"frame":0.08333333333333333,"value":{"__uuid__":"fjssz806-1016-4866-98e6-687960c3ac62"}},{"frame":0.1,"value":{"__uuid__":"fjsszfc3-7438-4bc5-b083-6b531ea19a07"}},{"frame":0.11666666666666667,"value":{"__uuid__":"fjssz13c-9b78-4b29-94f9-86c68fb51ab4"}},{"frame":0.13333333333333333,"value":{"__uuid__":"fjssz010-5db2-400d-a6d7-77781448279d"}},{"frame":0.15,"value":{"__uuid__":"fjsszc47-b5d9-43e1-b26e-9ad1364fc890"}},{"frame":0.16666666666666666,"value":{"__uuid__":"fjssz45b-bda7-4a92-a707-cc0b6d9a4b88"}}]}}}},{"__type__":"cc.SpriteFrame","content":{"name":"ani_ps_shui_01","texture":"fjssz1c5-2894-4222-83d4-e8098f4e0641","rect":[0,0,94,44],"offset":[0,0],"originalSize":[94,44],"capInsets":[0,0,0,0]}},{"__type__":"cc.SpriteFrame","content":{"name":"ani_ps_shui_03","texture":"fjssz905-4ab6-41af-9759-5a5022b21c72","rect":[0,0,105,54],"offset":[0,0],"originalSize":[105,54],"capInsets":[0,0,0,0]}},{"__type__":"cc.SpriteFrame","content":{"name":"ani_ps_tong_02","texture":"fjssz3fe-5652-41d8-a33c-2ee0413fff5d","rect":[0,0,80,88],"offset":[0,0],"originalSize":[80,88],"capInsets":[0,0,0,0]}},{"__type__":"cc.SpriteFrame","content":{"name":"ani_ps_shui_02","texture":"fjssz312-6b3d-4f0e-9f3d-576bf41a070c","rect":[0,0,69,24],"offset":[0,0],"originalSize":[69,24],"capInsets":[0,0,0,0]}},{"__type__":"cc.SpriteFrame","content":{"name":"ani_ps_tong_03","texture":"fjssze72-6865-4615-8720-45be9d54ce5e","rect":[0,0,84,90],"offset":[-1,0],"originalSize":[86,90],"capInsets":[0,0,0,0]}},{"__type__":"cc.SpriteFrame","content":{"name":"ani_ps_shui_07","texture":"fjssz065-df58-4e10-9f1b-36424fbf304f","rect":[0,0,181,25],"offset":[0,0],"originalSize":[181,25],"capInsets":[0,0,0,0]}},{"__type__":"cc.SpriteFrame","content":{"name":"ani_ps_shui_04","texture":"fjssz29f-bd73-432f-92c5-1f7b4324a018","rect":[0,0,120,76],"offset":[0,0],"originalSize":[120,76],"capInsets":[0,0,0,0]}}]