[{"__type__":"cc.SpriteFrame","content":{"name":"btn_bg_green","texture":"0bUGAyvIJNcYEYlxTSUu6y","rect":[0,1,254,105],"offset":[0,0],"originalSize":[254,107],"capInsets":[0,0,0,0]}},{"__type__":"cc.SpriteFrame","content":{"name":"btn_bg_blue","texture":"38Eql2uVBEQKeJfIMwhk8I","rect":[0,1,254,105],"offset":[0,0],"originalSize":[254,107],"capInsets":[0,0,0,0]}},{"__type__":"cc.SpriteFrame","content":{"name":"default_btn_disabled","texture":"71VhFCTINJM6/Ky3oX9nBT","rect":[0,0,40,40],"offset":[0,0],"originalSize":[40,40],"capInsets":[12,12,12,12]}},{"__type__":"cc.SpriteFrame","content":{"name":"title_zongjiesuan","texture":"83sYX8vEZMMLOVTlFXWSGL","rect":[1,1,377,140],"offset":[0,0],"originalSize":[379,142],"capInsets":[0,0,0,0]}},{"__type__":"cc.SpriteFrame","content":{"name":"img_mask","texture":"89IURBwJZB2L4kzoD2+0f7","rect":[0,0,20,20],"offset":[0,0],"originalSize":[20,20],"capInsets":[5,5,5,5]}},{"__type__":"cc.SpriteFrame","content":{"name":"btn_bg_grey","texture":"ab8dVo6n5MM4s3ntGIuTjz","rect":[0,1,254,105],"offset":[0,0],"originalSize":[254,107],"capInsets":[0,0,0,0]}},{"__type__":"cc.SpriteFrame","content":{"name":"item_bg4","texture":"c4Sb8xyT5KYpEV6XdABmo7","rect":[0,0,162,439],"offset":[0,0],"originalSize":[162,439],"capInsets":[0,0,0,0]}},{"__type__":"cc.SpriteFrame","content":{"name":"default_sprite_splash","texture":"02delMVqdBD70a/HSD99FK","rect":[0,0,2,2],"offset":[0,0],"originalSize":[2,2],"capInsets":[0,0,0,0]}},{"__type__":"cc.SpriteFrame","content":{"name":"btn_bg_red","texture":"e4y4RacKVAhYCQ0ziJecQJ","rect":[0,1,254,107],"offset":[0,-0.5],"originalSize":[254,108],"capInsets":[0,0,0,0]}},{"__type__":"cc.SpriteFrame","content":{"name":"img_dk","texture":"f1LIKOW9JBobfsXinZxrFP","rect":[0,0,875,800],"offset":[0,0],"originalSize":[875,800],"capInsets":[0,0,0,0]}},[{"__type__":"cc.Prefab","_name":"UILSResultDetail","data":{"__id__":1}},{"__type__":"cc.Node","_name":"UILSResultDetail","_children":[{"__id__":2},{"__id__":15},{"__id__":20},{"__id__":21},{"__id__":30}],"_components":[{"__type__":"147f8+iGw1CeZPEjPE94DgQ","node":{"__id__":1},"pre_result":{"__uuid__":"45N5kSKg9G8Ix+Dp8KRxYo"},"frame":{"__uuid__":"9fjnXCkuZFrYYPOSucW9WU"}},{"__type__":"cc.Button","node":{"__id__":1},"_N$normalColor":{"__type__":"cc.Color","r":214,"g":214,"b":214},"_N$target":{"__id__":1}},{"__type__":"cc.Widget","node":{"__id__":1},"alignMode":0,"_alignFlags":45}],"_prefab":{"__type__":"cc.PrefabInfo","root":{"__id__":1},"asset":{"__uuid__":"dcMmU6rU9CV6hrP25Jqw7I"},"fileId":"2b82flGzAZKY7KFiWx25Scf"},"_contentSize":{"__type__":"cc.Size","width":1360,"height":760},"_trs":{"__type__":"TypedArray","ctor":"Float64Array","array":[680,380,0,0,0,0,1,1,1,1]}},{"__type__":"cc.Node","_name":"bg","_parent":{"__id__":1},"_children":[{"__id__":3},{"__id__":4},{"__id__":5},{"__id__":6},{"__id__":7},{"__id__":8},{"__id__":9},{"__id__":10},{"__id__":11},{"__id__":12},{"__id__":13},{"__id__":14}],"_components":[{"__type__":"cc.Sprite","node":{"__id__":2},"_materials":[{"__uuid__":"ecpdLyjvZBwrvm+cedCcQy"}],"_spriteFrame":{"__uuid__":"975D0q7hlAt6zRPNlKdve1"},"_type":1,"_sizeMode":0},{"__type__":"cc.Widget","node":{"__id__":2},"alignMode":0,"_alignFlags":45,"_top":1.7763568394002505e-14,"_bottom":-1.7763568394002505e-14,"_originalWidth":100,"_originalHeight":100}],"_prefab":{"__type__":"cc.PrefabInfo","root":{"__id__":1},"asset":{"__uuid__":"dcMmU6rU9CV6hrP25Jqw7I"},"fileId":"858wnit/5Coa3qtZnp5rUm"},"_contentSize":{"__type__":"cc.Size","width":1360,"height":760},"_trs":{"__type__":"TypedArray","ctor":"Float64Array","array":[0,0,0,0,0,0,1,1,1,1]}},{"__type__":"cc.Node","_name":"img_bjk","_parent":{"__id__":2},"_components":[{"__type__":"cc.Sprite","node":{"__id__":3},"_materials":[{"__uuid__":"ecpdLyjvZBwrvm+cedCcQy"}],"_spriteFrame":{"__uuid__":"bdEfKcVJNBIbyQyTNMCDTe"},"_sizeMode":2},{"__type__":"cc.Widget","node":{"__id__":3},"_alignFlags":5,"_left":680,"_right":-680,"_top":-20,"_bottom":-20,"_originalWidth":1360,"_originalHeight":800}],"_prefab":{"__type__":"cc.PrefabInfo","root":{"__id__":1},"asset":{"__uuid__":"dcMmU6rU9CV6hrP25Jqw7I"},"fileId":"c02p5S5X9M+pbaxZZh+kAb"},"_contentSize":{"__type__":"cc.Size","width":875,"height":800},"_anchorPoint":{"__type__":"cc.Vec2","y":0.5},"_trs":{"__type__":"TypedArray","ctor":"Float64Array","array":[0,0,0,0,0,0,1,1,1,1]}},{"__type__":"cc.Node","_name":"img_bjk","_parent":{"__id__":2},"_components":[{"__type__":"cc.Sprite","node":{"__id__":4},"_materials":[{"__uuid__":"ecpdLyjvZBwrvm+cedCcQy"}],"_spriteFrame":{"__uuid__":"bdEfKcVJNBIbyQyTNMCDTe"},"_sizeMode":2},{"__type__":"cc.Widget","node":{"__id__":4},"_alignFlags":5,"_left":-133.30899999999988,"_right":680,"_top":-20,"_bottom":-20,"_originalWidth":1360,"_originalHeight":800}],"_prefab":{"__type__":"cc.PrefabInfo","root":{"__id__":1},"asset":{"__uuid__":"dcMmU6rU9CV6hrP25Jqw7I"},"fileId":"72Z0pg4yJJTJOFY0rC8EQu"},"_contentSize":{"__type__":"cc.Size","width":875,"height":800},"_anchorPoint":{"__type__":"cc.Vec2","y":0.5},"_trs":{"__type__":"TypedArray","ctor":"Float64Array","array":[0,0,0,0,0,0,1,-1,1,1]}},{"__type__":"cc.Node","_name":"New Sprite","_parent":{"__id__":2},"_components":[{"__type__":"cc.Sprite","node":{"__id__":5},"_materials":[{"__uuid__":"ecpdLyjvZBwrvm+cedCcQy"}],"_spriteFrame":{"__uuid__":"6fviykbxJNKo3IybUjnDCo"}},{"__type__":"cc.Widget","node":{"__id__":5},"_alignFlags":1}],"_prefab":{"__type__":"cc.PrefabInfo","root":{"__id__":1},"asset":{"__uuid__":"dcMmU6rU9CV6hrP25Jqw7I"},"fileId":"2eoYuKEq9AboyaHrCfKPlL"},"_contentSize":{"__type__":"cc.Size","width":377,"height":140},"_trs":{"__type__":"TypedArray","ctor":"Float64Array","array":[0,310,0,0,0,0,1,1,1,1]}},{"__type__":"cc.Node","_name":"erweima","_parent":{"__id__":2},"_active":false,"_components":[{"__type__":"cc.Sprite","node":{"__id__":6},"_spriteFrame":{"__uuid__":"a2MjXRFdtLlYQ5ouAFv/+R"},"_sizeMode":0}],"_prefab":{"__type__":"cc.PrefabInfo","root":{"__id__":1},"asset":{"__uuid__":"dcMmU6rU9CV6hrP25Jqw7I"},"fileId":"8f/F7cgCVKSJH1IngUFdCm"},"_contentSize":{"__type__":"cc.Size","width":104,"height":104},"_trs":{"__type__":"TypedArray","ctor":"Float64Array","array":[-447,-313,0,0,0,0,1,1,1,1]}},{"__type__":"cc.Node","_name":"New Label","_parent":{"__id__":2},"_active":false,"_components":[{"__type__":"cc.Label","node":{"__id__":7},"_materials":[{"__uuid__":"ecpdLyjvZBwrvm+cedCcQy"}],"_useOriginalSize":false,"_string":"玩家","_N$string":"玩家","_fontSize":1,"_N$file":{"__uuid__":"afkuHBMMJFaoXP3Onwut6x"},"_isSystemFontUsed":false,"_N$horizontalAlign":1}],"_prefab":{"__type__":"cc.PrefabInfo","root":{"__id__":1},"asset":{"__uuid__":"dcMmU6rU9CV6hrP25Jqw7I"},"fileId":"88g6SSzV9Ab5VgtTSunnbn"},"_contentSize":{"__type__":"cc.Size","width":66,"height":40},"_trs":{"__type__":"TypedArray","ctor":"Float64Array","array":[-470.9,133.7,0,0,0,0,1,1,1,1]}},{"__type__":"cc.Node","_name":"New Label copy","_parent":{"__id__":2},"_active":false,"_components":[{"__type__":"cc.Label","node":{"__id__":8},"_materials":[{"__uuid__":"ecpdLyjvZBwrvm+cedCcQy"}],"_useOriginalSize":false,"_string":"玩家","_N$string":"玩家","_fontSize":1,"_N$file":{"__uuid__":"afkuHBMMJFaoXP3Onwut6x"},"_isSystemFontUsed":false,"_N$horizontalAlign":1}],"_prefab":{"__type__":"cc.PrefabInfo","root":{"__id__":1},"asset":{"__uuid__":"dcMmU6rU9CV6hrP25Jqw7I"},"fileId":"96QwHefUBJDqSTtkxQbNTi"},"_contentSize":{"__type__":"cc.Size","width":66,"height":40},"_trs":{"__type__":"TypedArray","ctor":"Float64Array","array":[58.7,134,0,0,0,0,1,1,1,1]}},{"__type__":"cc.Node","_name":"New Label","_parent":{"__id__":2},"_active":false,"_components":[{"__type__":"cc.Label","node":{"__id__":9},"_materials":[{"__uuid__":"ecpdLyjvZBwrvm+cedCcQy"}],"_useOriginalSize":false,"_string":"ID","_N$string":"ID","_fontSize":1,"_N$file":{"__uuid__":"afkuHBMMJFaoXP3Onwut6x"},"_isSystemFontUsed":false,"_N$horizontalAlign":1}],"_prefab":{"__type__":"cc.PrefabInfo","root":{"__id__":1},"asset":{"__uuid__":"dcMmU6rU9CV6hrP25Jqw7I"},"fileId":"59x9L88epJuK7LvWBnITyi"},"_contentSize":{"__type__":"cc.Size","width":32,"height":40},"_trs":{"__type__":"TypedArray","ctor":"Float64Array","array":[-358.9,133.7,0,0,0,0,1,1,1,1]}},{"__type__":"cc.Node","_name":"New Label copy","_parent":{"__id__":2},"_active":false,"_components":[{"__type__":"cc.Label","node":{"__id__":10},"_materials":[{"__uuid__":"ecpdLyjvZBwrvm+cedCcQy"}],"_useOriginalSize":false,"_string":"ID","_N$string":"ID","_fontSize":1,"_N$file":{"__uuid__":"afkuHBMMJFaoXP3Onwut6x"},"_isSystemFontUsed":false,"_N$horizontalAlign":1}],"_prefab":{"__type__":"cc.PrefabInfo","root":{"__id__":1},"asset":{"__uuid__":"dcMmU6rU9CV6hrP25Jqw7I"},"fileId":"f2HT5GlgZKqqzmERvJwe0W"},"_contentSize":{"__type__":"cc.Size","width":32,"height":40},"_trs":{"__type__":"TypedArray","ctor":"Float64Array","array":[170.7,134,0,0,0,0,1,1,1,1]}},{"__type__":"cc.Node","_name":"New Label","_parent":{"__id__":2},"_active":false,"_components":[{"__type__":"cc.Label","node":{"__id__":11},"_materials":[{"__uuid__":"ecpdLyjvZBwrvm+cedCcQy"}],"_useOriginalSize":false,"_string":"积分","_N$string":"积分","_fontSize":1,"_N$file":{"__uuid__":"afkuHBMMJFaoXP3Onwut6x"},"_isSystemFontUsed":false,"_N$horizontalAlign":1}],"_prefab":{"__type__":"cc.PrefabInfo","root":{"__id__":1},"asset":{"__uuid__":"dcMmU6rU9CV6hrP25Jqw7I"},"fileId":"74e8SVFa5KHKWGjYqYRghw"},"_contentSize":{"__type__":"cc.Size","width":66,"height":40},"_trs":{"__type__":"TypedArray","ctor":"Float64Array","array":[-222.7,133.7,0,0,0,0,1,1,1,1]}},{"__type__":"cc.Node","_name":"New Label copy","_parent":{"__id__":2},"_active":false,"_components":[{"__type__":"cc.Label","node":{"__id__":12},"_materials":[{"__uuid__":"ecpdLyjvZBwrvm+cedCcQy"}],"_useOriginalSize":false,"_string":"积分","_N$string":"积分","_fontSize":1,"_N$file":{"__uuid__":"afkuHBMMJFaoXP3Onwut6x"},"_isSystemFontUsed":false,"_N$horizontalAlign":1}],"_prefab":{"__type__":"cc.PrefabInfo","root":{"__id__":1},"asset":{"__uuid__":"dcMmU6rU9CV6hrP25Jqw7I"},"fileId":"9eL7QqBSBKKaTF9Vt2HlSj"},"_contentSize":{"__type__":"cc.Size","width":66,"height":40},"_trs":{"__type__":"TypedArray","ctor":"Float64Array","array":[307.7,134,0,0,0,0,1,1,1,1]}},{"__type__":"cc.Node","_name":"SportsPoint1","_parent":{"__id__":2},"_active":false,"_components":[{"__type__":"cc.Label","node":{"__id__":13},"_enabled":false,"_materials":[{"__uuid__":"ecpdLyjvZBwrvm+cedCcQy"}],"_useOriginalSize":false,"_string":"比赛分","_N$string":"比赛分","_fontSize":1,"_N$file":{"__uuid__":"afkuHBMMJFaoXP3Onwut6x"},"_isSystemFontUsed":false,"_N$horizontalAlign":1}],"_prefab":{"__type__":"cc.PrefabInfo","root":{"__id__":1},"asset":{"__uuid__":"dcMmU6rU9CV6hrP25Jqw7I"},"fileId":"73WqMkCz5HGbm2WTr3hxwT"},"_contentSize":{"__type__":"cc.Size","width":99,"height":40},"_trs":{"__type__":"TypedArray","ctor":"Float64Array","array":[-67.9,133.7,0,0,0,0,1,1,1,1]}},{"__type__":"cc.Node","_name":"SportsPoint2","_parent":{"__id__":2},"_active":false,"_components":[{"__type__":"cc.Label","node":{"__id__":14},"_enabled":false,"_materials":[{"__uuid__":"ecpdLyjvZBwrvm+cedCcQy"}],"_useOriginalSize":false,"_string":"比赛分","_N$string":"比赛分","_fontSize":1,"_N$file":{"__uuid__":"afkuHBMMJFaoXP3Onwut6x"},"_isSystemFontUsed":false,"_N$horizontalAlign":1}],"_prefab":{"__type__":"cc.PrefabInfo","root":{"__id__":1},"asset":{"__uuid__":"dcMmU6rU9CV6hrP25Jqw7I"},"fileId":"dfTW6Pm+pNxa4bLKCUqj9z"},"_contentSize":{"__type__":"cc.Size","width":99,"height":40},"_trs":{"__type__":"TypedArray","ctor":"Float64Array","array":[461.7,134,0,0,0,0,1,1,1,1]}},{"__type__":"cc.Node","_name":"roomInfo","_parent":{"__id__":1},"_children":[{"__id__":16},{"__id__":17},{"__id__":18},{"__id__":19}],"_prefab":{"__type__":"cc.PrefabInfo","root":{"__id__":1},"asset":{"__uuid__":"dcMmU6rU9CV6hrP25Jqw7I"},"fileId":"14pbLQkrlKPJrKRmB8itge"},"_trs":{"__type__":"TypedArray","ctor":"Float64Array","array":[20.036,159.045,0,0,0,0,1,1,1,1]}},{"__type__":"cc.Node","_name":"fanghao","_parent":{"__id__":15},"_components":[{"__type__":"cc.Label","node":{"__id__":16},"_materials":[{"__uuid__":"ecpdLyjvZBwrvm+cedCcQy"}],"_useOriginalSize":false,"_string":"204505","_N$string":"204505","_fontSize":24,"_lineHeight":24,"_N$horizontalAlign":1,"_N$verticalAlign":1}],"_prefab":{"__type__":"cc.PrefabInfo","root":{"__id__":1},"asset":{"__uuid__":"dcMmU6rU9CV6hrP25Jqw7I"},"fileId":"f1foGQIZVPC6JI7Ad8T1J3"},"_color":{"__type__":"cc.Color","r":255,"g":251,"b":250},"_contentSize":{"__type__":"cc.Size","width":80.09,"height":30.24},"_anchorPoint":{"__type__":"cc.Vec2","y":0.5},"_trs":{"__type__":"TypedArray","ctor":"Float64Array","array":[-460.907,197.147,0,0,0,0,1,1,1,1]}},{"__type__":"cc.Node","_name":"fangzhu","_parent":{"__id__":15},"_components":[{"__type__":"cc.Label","node":{"__id__":17},"_materials":[{"__uuid__":"ecpdLyjvZBwrvm+cedCcQy"}],"_useOriginalSize":false,"_string":"王牌","_N$string":"王牌","_fontSize":24,"_lineHeight":24,"_N$horizontalAlign":1,"_N$verticalAlign":1}],"_prefab":{"__type__":"cc.PrefabInfo","root":{"__id__":1},"asset":{"__uuid__":"dcMmU6rU9CV6hrP25Jqw7I"},"fileId":"16pFZLWEhNaYqxkhh+HfMP"},"_color":{"__type__":"cc.Color","r":255,"g":251,"b":250},"_contentSize":{"__type__":"cc.Size","width":48,"height":30.24},"_anchorPoint":{"__type__":"cc.Vec2","y":0.5},"_trs":{"__type__":"TypedArray","ctor":"Float64Array","array":[-460.907,132.754,0,0,0,0,1,1,1,1]}},{"__type__":"cc.Node","_name":"jushu","_parent":{"__id__":15},"_components":[{"__type__":"cc.Label","node":{"__id__":18},"_materials":[{"__uuid__":"ecpdLyjvZBwrvm+cedCcQy"}],"_useOriginalSize":false,"_string":"王牌","_N$string":"王牌","_fontSize":24,"_lineHeight":24,"_N$horizontalAlign":1,"_N$verticalAlign":1}],"_prefab":{"__type__":"cc.PrefabInfo","root":{"__id__":1},"asset":{"__uuid__":"dcMmU6rU9CV6hrP25Jqw7I"},"fileId":"1ehesxQ1ZEMrohNBO6492S"},"_color":{"__type__":"cc.Color","r":255,"g":251,"b":250},"_contentSize":{"__type__":"cc.Size","width":48,"height":30.24},"_anchorPoint":{"__type__":"cc.Vec2","y":0.5},"_trs":{"__type__":"TypedArray","ctor":"Float64Array","array":[-460.907,166.096,0,0,0,0,1,1,1,1]}},{"__type__":"cc.Node","_name":"time","_parent":{"__id__":15},"_components":[{"__type__":"cc.Label","node":{"__id__":19},"_materials":[{"__uuid__":"ecpdLyjvZBwrvm+cedCcQy"}],"_useOriginalSize":false,"_string":"11-29 13:00","_N$string":"11-29 13:00","_fontSize":24,"_lineHeight":24,"_N$horizontalAlign":1,"_N$verticalAlign":1}],"_prefab":{"__type__":"cc.PrefabInfo","root":{"__id__":1},"asset":{"__uuid__":"dcMmU6rU9CV6hrP25Jqw7I"},"fileId":"2ehNIKnMhHJaHolmDFOHfq"},"_color":{"__type__":"cc.Color","r":255,"g":251,"b":250},"_contentSize":{"__type__":"cc.Size","width":126.33,"height":30.24},"_anchorPoint":{"__type__":"cc.Vec2","x":1,"y":0.5},"_trs":{"__type__":"TypedArray","ctor":"Float64Array","array":[489.905,188,0,0,0,0,1,1,1,1]}},{"__type__":"cc.Node","_name":"btn_close","_parent":{"__id__":1},"_active":false,"_components":[{"__type__":"cc.Sprite","node":{"__id__":20},"_enabled":false},{"__type__":"cc.Button","node":{"__id__":20},"_enabled":false,"clickEvents":[{"__type__":"cc.ClickEvent","target":{"__id__":1},"_componentId":"147f8+iGw1CeZPEjPE94DgQ","handler":"OnClick_BtnWnd"}],"_N$transition":3,"transition":3,"_N$normalColor":{"__type__":"cc.Color","r":230,"g":230,"b":230},"_N$pressedColor":{"__type__":"cc.Color","r":200,"g":200,"b":200},"pressedColor":{"__type__":"cc.Color","r":200,"g":200,"b":200},"_N$disabledColor":{"__type__":"cc.Color","r":120,"g":120,"b":120,"a":200},"_N$normalSprite":{"__uuid__":"f0BIwQ8D5Ml7nTNQbh1YlS"},"_N$pressedSprite":{"__uuid__":"e97GVMl6JHh5Ml5qEDdSGa"},"pressedSprite":{"__uuid__":"e97GVMl6JHh5Ml5qEDdSGa"},"_N$hoverSprite":{"__uuid__":"f0BIwQ8D5Ml7nTNQbh1YlS"},"hoverSprite":{"__uuid__":"f0BIwQ8D5Ml7nTNQbh1YlS"},"_N$disabledSprite":{"__uuid__":"29FYIk+N1GYaeWH/q1NxQO"},"_N$target":{"__id__":20}}],"_prefab":{"__type__":"cc.PrefabInfo","root":{"__id__":1},"asset":{"__uuid__":"dcMmU6rU9CV6hrP25Jqw7I"},"fileId":"0fzoLOmMlNA5qbZQ03HMxD"},"_contentSize":{"__type__":"cc.Size","width":88,"height":88},"_trs":{"__type__":"TypedArray","ctor":"Float64Array","array":[524.2,333.9,0,0,0,0,1,1,1,1]}},{"__type__":"cc.Node","_name":"btnList","_parent":{"__id__":1},"_children":[{"__id__":22},{"__id__":24},{"__id__":26},{"__id__":28}],"_components":[{"__type__":"cc.Layout","node":{"__id__":21},"_layoutSize":{"__type__":"cc.Size","width":450,"height":80},"_resize":1,"_N$layoutType":1,"_N$spacingX":50}],"_prefab":{"__type__":"cc.PrefabInfo","root":{"__id__":1},"asset":{"__uuid__":"dcMmU6rU9CV6hrP25Jqw7I"},"fileId":"f4z3GLBEpHvrjYMJ18hDMp"},"_contentSize":{"__type__":"cc.Size","width":450,"height":80},"_trs":{"__type__":"TypedArray","ctor":"Float64Array","array":[0,-319.671,0,0,0,0,1,1,1,1]}},{"__type__":"cc.Node","_name":"btn_continue","_parent":{"__id__":21},"_children":[{"__id__":23}],"_components":[{"__type__":"cc.Sprite","node":{"__id__":22},"_materials":[{"__uuid__":"ecpdLyjvZBwrvm+cedCcQy"}],"_spriteFrame":{"__uuid__":"27SrLTebFDU6m8+JdZfnP/"},"_sizeMode":0},{"__type__":"cc.Button","node":{"__id__":22},"clickEvents":[{"__type__":"cc.ClickEvent","target":{"__id__":1},"_componentId":"147f8+iGw1CeZPEjPE94DgQ","handler":"OnClick_BtnWnd"}],"_N$transition":3,"transition":3,"_N$normalColor":{"__type__":"cc.Color","r":214,"g":214,"b":214},"_N$target":{"__id__":22}}],"_prefab":{"__type__":"cc.PrefabInfo","root":{"__id__":1},"asset":{"__uuid__":"dcMmU6rU9CV6hrP25Jqw7I"},"fileId":"29cPCHUFpCR47Ph+bxoRLh"},"_contentSize":{"__type__":"cc.Size","width":200,"height":80},"_trs":{"__type__":"TypedArray","ctor":"Float64Array","array":[-125,0,0,0,0,0,1,1,1,1]}},{"__type__":"cc.Node","_name":"New Label","_parent":{"__id__":22},"_components":[{"__type__":"cc.Label","node":{"__id__":23},"_materials":[{"__uuid__":"ecpdLyjvZBwrvm+cedCcQy"}],"_useOriginalSize":false,"_string":"继续游戏","_N$string":"继续游戏","_fontSize":30,"_lineHeight":30,"_N$file":{"__uuid__":"fjssz345-cbe0-4203-a8ca-8141b2e63f4f"},"_isSystemFontUsed":false,"_N$horizontalAlign":1,"_N$verticalAlign":1},{"__type__":"cc.LabelOutline","node":{"__id__":23},"_color":{"__type__":"cc.Color","r":125,"g":70},"_width":3}],"_prefab":{"__type__":"cc.PrefabInfo","root":{"__id__":1},"asset":{"__uuid__":"dcMmU6rU9CV6hrP25Jqw7I"},"fileId":"18DsNN7oJHUryw+2nordQW"},"_color":{"__type__":"cc.Color","r":255,"g":245,"b":178},"_contentSize":{"__type__":"cc.Size","width":126,"height":43.8},"_trs":{"__type__":"TypedArray","ctor":"Float64Array","array":[0,0,0,0,0,0,1,1,1,1]}},{"__type__":"cc.Node","_name":"btn_share","_parent":{"__id__":21},"_children":[{"__id__":25}],"_active":false,"_components":[{"__type__":"cc.Sprite","node":{"__id__":24},"_materials":[{"__uuid__":"ecpdLyjvZBwrvm+cedCcQy"}],"_spriteFrame":{"__uuid__":"29AJy+JhtANIl7odtB/ZCj"},"_sizeMode":0},{"__type__":"cc.Button","node":{"__id__":24},"clickEvents":[{"__type__":"cc.ClickEvent","target":{"__id__":1},"_componentId":"147f8+iGw1CeZPEjPE94DgQ","handler":"OnClick_BtnWnd"}],"_N$transition":3,"transition":3,"_N$normalColor":{"__type__":"cc.Color","r":214,"g":214,"b":214},"_N$target":{"__id__":24}}],"_prefab":{"__type__":"cc.PrefabInfo","root":{"__id__":1},"asset":{"__uuid__":"dcMmU6rU9CV6hrP25Jqw7I"},"fileId":"aamA3O7j1N8beqBcZPtsL0"},"_contentSize":{"__type__":"cc.Size","width":200,"height":80},"_trs":{"__type__":"TypedArray","ctor":"Float64Array","array":[-125,0,0,0,0,0,1,1,1,1]}},{"__type__":"cc.Node","_name":"New Label","_parent":{"__id__":24},"_components":[{"__type__":"cc.Label","node":{"__id__":25},"_materials":[{"__uuid__":"ecpdLyjvZBwrvm+cedCcQy"}],"_useOriginalSize":false,"_string":"分  享","_N$string":"分  享","_fontSize":30,"_lineHeight":30,"_N$file":{"__uuid__":"fjssz345-cbe0-4203-a8ca-8141b2e63f4f"},"_isSystemFontUsed":false,"_N$horizontalAlign":1,"_N$verticalAlign":1},{"__type__":"cc.LabelOutline","node":{"__id__":25},"_color":{"__type__":"cc.Color","r":125,"g":70},"_width":3}],"_prefab":{"__type__":"cc.PrefabInfo","root":{"__id__":1},"asset":{"__uuid__":"dcMmU6rU9CV6hrP25Jqw7I"},"fileId":"cayAmyatZHLIOKufEIYh5L"},"_color":{"__type__":"cc.Color","r":255,"g":245,"b":178},"_contentSize":{"__type__":"cc.Size","width":81.94,"height":43.8},"_trs":{"__type__":"TypedArray","ctor":"Float64Array","array":[0,0,0,0,0,0,1,1,1,1]}},{"__type__":"cc.Node","_name":"btn_sharelink","_parent":{"__id__":21},"_children":[{"__id__":27}],"_active":false,"_components":[{"__type__":"cc.Sprite","node":{"__id__":26},"_materials":[{"__uuid__":"ecpdLyjvZBwrvm+cedCcQy"}],"_spriteFrame":{"__uuid__":"98p3Ahhm1F7KlKGh0e1Ycd"},"_sizeMode":0},{"__type__":"cc.Button","node":{"__id__":26},"clickEvents":[{"__type__":"cc.ClickEvent","target":{"__id__":1},"_componentId":"147f8+iGw1CeZPEjPE94DgQ","handler":"OnClick_BtnWnd"}],"_N$transition":3,"transition":3,"_N$normalColor":{"__type__":"cc.Color","r":214,"g":214,"b":214},"_N$target":{"__id__":26}}],"_prefab":{"__type__":"cc.PrefabInfo","root":{"__id__":1},"asset":{"__uuid__":"dcMmU6rU9CV6hrP25Jqw7I"},"fileId":"96Wo1WGjhIb5Aq0+lAPmFj"},"_contentSize":{"__type__":"cc.Size","width":200,"height":80},"_trs":{"__type__":"TypedArray","ctor":"Float64Array","array":[125,0,0,0,0,0,1,1,1,1]}},{"__type__":"cc.Node","_name":"New Label","_parent":{"__id__":26},"_components":[{"__type__":"cc.Label","node":{"__id__":27},"_materials":[{"__uuid__":"ecpdLyjvZBwrvm+cedCcQy"}],"_useOriginalSize":false,"_string":"分享链接","_N$string":"分享链接","_fontSize":30,"_lineHeight":30,"_N$file":{"__uuid__":"fjssz345-cbe0-4203-a8ca-8141b2e63f4f"},"_isSystemFontUsed":false,"_N$horizontalAlign":1,"_N$verticalAlign":1},{"__type__":"cc.LabelOutline","node":{"__id__":27},"_color":{"__type__":"cc.Color","r":125,"g":70},"_width":3}],"_prefab":{"__type__":"cc.PrefabInfo","root":{"__id__":1},"asset":{"__uuid__":"dcMmU6rU9CV6hrP25Jqw7I"},"fileId":"fbnot1vW5DFZTIssKEFGlP"},"_color":{"__type__":"cc.Color","r":255,"g":245,"b":178},"_contentSize":{"__type__":"cc.Size","width":126,"height":43.8},"_trs":{"__type__":"TypedArray","ctor":"Float64Array","array":[0,0,0,0,0,0,1,1,1,1]}},{"__type__":"cc.Node","_name":"btn_exit","_parent":{"__id__":21},"_children":[{"__id__":29}],"_components":[{"__type__":"cc.Sprite","node":{"__id__":28},"_materials":[{"__uuid__":"ecpdLyjvZBwrvm+cedCcQy"}],"_spriteFrame":{"__uuid__":"b779d+BTZMDphAxzMd9tR0"},"_sizeMode":0},{"__type__":"cc.Button","node":{"__id__":28},"clickEvents":[{"__type__":"cc.ClickEvent","target":{"__id__":1},"_componentId":"147f8+iGw1CeZPEjPE94DgQ","handler":"OnClick_BtnWnd"}],"_N$transition":3,"transition":3,"_N$normalColor":{"__type__":"cc.Color","r":214,"g":214,"b":214},"_N$target":{"__id__":28}}],"_prefab":{"__type__":"cc.PrefabInfo","root":{"__id__":1},"asset":{"__uuid__":"dcMmU6rU9CV6hrP25Jqw7I"},"fileId":"feKzmwj9xHL7O+DUh1go5y"},"_contentSize":{"__type__":"cc.Size","width":200,"height":80},"_trs":{"__type__":"TypedArray","ctor":"Float64Array","array":[125,0,0,0,0,0,1,1,1,1]}},{"__type__":"cc.Node","_name":"New Label","_parent":{"__id__":28},"_components":[{"__type__":"cc.Label","node":{"__id__":29},"_materials":[{"__uuid__":"ecpdLyjvZBwrvm+cedCcQy"}],"_useOriginalSize":false,"_string":"返回大厅","_N$string":"返回大厅","_fontSize":30,"_lineHeight":30,"_N$file":{"__uuid__":"fjssz345-cbe0-4203-a8ca-8141b2e63f4f"},"_isSystemFontUsed":false,"_N$horizontalAlign":1,"_N$verticalAlign":1},{"__type__":"cc.LabelOutline","node":{"__id__":29},"_color":{"__type__":"cc.Color","r":125,"g":70},"_width":3}],"_prefab":{"__type__":"cc.PrefabInfo","root":{"__id__":1},"asset":{"__uuid__":"dcMmU6rU9CV6hrP25Jqw7I"},"fileId":"3cRxEH2opF7pbaiyspO0CO"},"_color":{"__type__":"cc.Color","r":255,"g":245,"b":178},"_contentSize":{"__type__":"cc.Size","width":126,"height":43.8},"_trs":{"__type__":"TypedArray","ctor":"Float64Array","array":[0,0,0,0,0,0,1,1,1,1]}},{"__type__":"cc.Node","_name":"playerAll","_parent":{"__id__":1},"_components":[{"__type__":"cc.Layout","node":{"__id__":30},"_layoutSize":{"__type__":"cc.Size","width":1360,"height":500},"_resize":1,"_N$layoutType":1,"_N$spacingX":5,"_N$spacingY":30}],"_prefab":{"__type__":"cc.PrefabInfo","root":{"__id__":1},"asset":{"__uuid__":"dcMmU6rU9CV6hrP25Jqw7I"},"fileId":"60ILGsbUBKyYy9m/TRFktR"},"_contentSize":{"__type__":"cc.Size","width":1360,"height":500},"_trs":{"__type__":"TypedArray","ctor":"Float64Array","array":[0,0,0,0,0,0,1,1,1,1]}}],{"__type__":"cc.SpriteFrame","content":{"name":"default_btn_pressed","texture":"b4P/PCArtIdIH38t6mlw8Y","rect":[0,0,40,40],"offset":[0,0],"originalSize":[40,40],"capInsets":[12,12,12,12]}},{"__type__":"cc.SpriteFrame","content":{"name":"default_btn_normal","texture":"e8Ueib+qJEhL6mXAHdnwbi","rect":[0,0,40,40],"offset":[0,0],"originalSize":[40,40],"capInsets":[12,12,12,12]}}]