[{"__type__":"cc.SpriteFrame","content":{"name":"default_btn_disabled","texture":"71VhFCTINJM6/Ky3oX9nBT","rect":[0,0,40,40],"offset":[0,0],"originalSize":[40,40],"capInsets":[12,12,12,12]}},{"__type__":"cc.SpriteFrame","content":{"name":"default_btn_pressed","texture":"b4P/PCArtIdIH38t6mlw8Y","rect":[0,0,40,40],"offset":[0,0],"originalSize":[40,40],"capInsets":[12,12,12,12]}},{"__type__":"cc.SpriteFrame","content":{"name":"default_btn_normal","texture":"e8Ueib+qJEhL6mXAHdnwbi","rect":[0,0,40,40],"offset":[0,0],"originalSize":[40,40],"capInsets":[12,12,12,12]}},{"__type__":"cc.SpriteFrame","content":{"name":"title_qhrs","texture":"lznn6d34-95b9-401f-8a0d-02f5925ba070","rect":[0,0,199,55],"offset":[0,0],"originalSize":[199,55],"capInsets":[0,0,0,0]}},{"__type__":"cc.SpriteFrame","content":{"name":"icon_refuse","texture":"lznn820a-ad5c-403c-b97f-61fde50172ef","rect":[1,0,78,36],"offset":[0,0],"originalSize":[80,36],"capInsets":[0,0,0,0]}},{"__type__":"cc.SpriteFrame","content":{"name":"slice_bg_jiesan","texture":"lznnba9b-9648-4c99-a6e3-4ef0589746fa","rect":[0,0,23,23],"offset":[0,0],"originalSize":[23,23],"capInsets":[9,9,9,9]}},{"__type__":"cc.SpriteFrame","content":{"name":"bg_title","texture":"lznn0297-3712-402e-a8df-7a77a1f3a904","rect":[0,1,511,82],"offset":[-0.5,0],"originalSize":[512,84],"capInsets":[0,0,0,0]}},{"__type__":"cc.SpriteFrame","content":{"name":"bg_box2","texture":"lznnac4d-4726-47af-a153-92ba9850277b","rect":[3,2,812,404],"offset":[0,0],"originalSize":[818,408],"capInsets":[0,0,0,0]}},{"__type__":"cc.SpriteFrame","content":{"name":"bg","texture":"lznn5036-8a0c-4d92-8561-c45e53fa19cc","rect":[0,0,21,63],"offset":[0,0],"originalSize":[21,63],"capInsets":[0,0,0,0]}},{"__type__":"cc.SpriteFrame","content":{"name":"btn_yellow1","texture":"lznn94be-3812-4f4d-9290-4dc3c1d02ef6","rect":[0,0,243,77],"offset":[-0.5,0.5],"originalSize":[244,78],"capInsets":[0,0,0,0]}},{"__type__":"cc.SpriteFrame","content":{"name":"bg_popup","texture":"lznn4784-03b2-4322-bb22-45fdb67dd4e8","rect":[0,0,29,33],"offset":[0,0],"originalSize":[29,33],"capInsets":[10,9,11,14]}},{"__type__":"cc.SpriteFrame","content":{"name":"btn_green","texture":"lznne2a5-b941-45ab-b6d3-c719e4a35d51","rect":[0,0,243,77],"offset":[-0.5,0.5],"originalSize":[244,78],"capInsets":[0,0,0,0]}},{"__type__":"cc.SpriteFrame","content":{"name":"icon_consent","texture":"lznnaa2b-30ce-4ee0-b425-7df05ac7a8e7","rect":[0,0,79,36],"offset":[-0.5,0],"originalSize":[80,36],"capInsets":[0,0,0,0]}},[{"__type__":"cc.Prefab","_name":"nn_UIMessage03","data":{"__id__":1}},{"__type__":"cc.Node","_name":"nn_UIMessage03","_children":[{"__id__":2},{"__id__":14},{"__id__":17},{"__id__":20}],"_components":[{"__type__":"cc.Widget","node":{"__id__":1},"alignMode":0,"_alignFlags":45,"_originalWidth":750,"_originalHeight":1360},{"__type__":"cc.Button","node":{"__id__":1},"_N$normalColor":{"__type__":"cc.Color","r":214,"g":214,"b":214},"_N$target":{"__id__":1}},{"__type__":"cc.Sprite","node":{"__id__":1},"_materials":[{"__uuid__":"ecpdLyjvZBwrvm+cedCcQy"}],"_spriteFrame":{"__uuid__":"lznn8d1f-3e0b-4b1d-ae52-c52ad188bba9"},"_sizeMode":0},{"__type__":"lznna0dc-a536-4c46-b72e-fe0c46e8ed07","node":{"__id__":1},"JS_Name":"fzmj_BaseComponent","ZorderLv":9,"lb_time":{"__id__":11},"LabelMessage":{"__id__":8},"btnCancel":{"__id__":16},"btnSure":{"__id__":19}}],"_prefab":{"__type__":"cc.PrefabInfo","root":{"__id__":1},"asset":{"__uuid__":"lznncd95-f796-46fc-b9af-ad3c458c262c"},"fileId":"e2urnaUmJDIZeP45Gq/Dhm"},"_contentSize":{"__type__":"cc.Size","width":1360,"height":760},"_trs":{"__type__":"TypedArray","ctor":"Float64Array","array":[680,380,0,0,0,0,1,1,1,1]}},{"__type__":"cc.Node","_name":"image01","_parent":{"__id__":1},"_children":[{"__id__":3},{"__id__":4},{"__id__":5},{"__id__":6},{"__id__":9},{"__id__":13}],"_components":[{"__type__":"cc.Sprite","node":{"__id__":2},"_materials":[{"__uuid__":"ecpdLyjvZBwrvm+cedCcQy"}],"_spriteFrame":{"__uuid__":"lznn87e4-4450-457a-9bbd-82dca31e3d34"},"_type":1,"_sizeMode":0}],"_prefab":{"__type__":"cc.PrefabInfo","root":{"__id__":1},"asset":{"__uuid__":"lznncd95-f796-46fc-b9af-ad3c458c262c"},"fileId":"59H/wDIyNJXK7Yii92DRAU"},"_contentSize":{"__type__":"cc.Size","width":818,"height":450},"_anchorPoint":{"__type__":"cc.Vec2","x":0.5,"y":1},"_trs":{"__type__":"TypedArray","ctor":"Float64Array","array":[0,210,0,0,0,0,1,1,1,1]}},{"__type__":"cc.Node","_name":"bg_popup","_parent":{"__id__":2},"_components":[{"__type__":"cc.Sprite","node":{"__id__":3},"_materials":[{"__uuid__":"ecpdLyjvZBwrvm+cedCcQy"}],"_spriteFrame":{"__uuid__":"lznnae80-ccb6-482b-b6f2-78194c345986"},"_type":1,"_sizeMode":0,"_isTrimmedMode":false}],"_prefab":{"__type__":"cc.PrefabInfo","root":{"__id__":1},"asset":{"__uuid__":"lznncd95-f796-46fc-b9af-ad3c458c262c"},"fileId":"46B81w+rFLtr3n5i6fzEnI"},"_contentSize":{"__type__":"cc.Size","width":790,"height":420},"_trs":{"__type__":"TypedArray","ctor":"Float64Array","array":[0,-222,0,0,0,0,1,1,1,1]}},{"__type__":"cc.Node","_name":"slice_bg_jiesan","_parent":{"__id__":2},"_components":[{"__type__":"cc.Sprite","node":{"__id__":4},"_materials":[{"__uuid__":"ecpdLyjvZBwrvm+cedCcQy"}],"_spriteFrame":{"__uuid__":"lznn77c7-971d-4d09-b040-74a870216eb9"},"_type":1,"_sizeMode":0,"_isTrimmedMode":false}],"_prefab":{"__type__":"cc.PrefabInfo","root":{"__id__":1},"asset":{"__uuid__":"lznncd95-f796-46fc-b9af-ad3c458c262c"},"fileId":"d9SCs/4ShIirZf96tnF8H0"},"_contentSize":{"__type__":"cc.Size","width":742,"height":245},"_anchorPoint":{"__type__":"cc.Vec2","x":0.5,"y":1},"_trs":{"__type__":"TypedArray","ctor":"Float64Array","array":[0,-85,0,0,0,0,1,1,1,1]}},{"__type__":"cc.Node","_name":"biaotizhuangshi","_parent":{"__id__":2},"_components":[{"__type__":"cc.Sprite","node":{"__id__":5},"_materials":[{"__uuid__":"ecpdLyjvZBwrvm+cedCcQy"}],"_spriteFrame":{"__uuid__":"lznn7fdc-4d26-46f0-960c-e047922a9a47"}}],"_prefab":{"__type__":"cc.PrefabInfo","root":{"__id__":1},"asset":{"__uuid__":"lznncd95-f796-46fc-b9af-ad3c458c262c"},"fileId":"a2ZoWR9R1MiKBYIbZGCp/t"},"_contentSize":{"__type__":"cc.Size","width":511,"height":82},"_trs":{"__type__":"TypedArray","ctor":"Float64Array","array":[0,38,0,0,0,0,1,1,1,1]}},{"__type__":"cc.Node","_name":"LabelMessage","_parent":{"__id__":2},"_children":[{"__id__":7}],"_components":[{"__id__":8}],"_prefab":{"__type__":"cc.PrefabInfo","root":{"__id__":1},"asset":{"__uuid__":"lznncd95-f796-46fc-b9af-ad3c458c262c"},"fileId":"e0NBc2YyBBdr7D1qPNg6TT"},"_color":{"__type__":"cc.Color","r":127,"g":50,"b":10},"_contentSize":{"__type__":"cc.Size","width":704,"height":45.36},"_trs":{"__type__":"TypedArray","ctor":"Float64Array","array":[0,-35,0,0,0,0,1,1,1,1]}},{"__type__":"cc.Node","_name":"lb_name","_parent":{"__id__":6},"_active":false,"_components":[{"__type__":"cc.Label","node":{"__id__":7},"_useOriginalSize":false,"_string":"玩家昵称七个字","_N$string":"玩家昵称七个字","_fontSize":22,"_lineHeight":36,"_isSystemFontUsed":false}],"_prefab":{"__type__":"cc.PrefabInfo","root":{"__id__":1},"asset":{"__uuid__":"lznncd95-f796-46fc-b9af-ad3c458c262c"},"fileId":"ceBcQ1sVRHq4DCAXJnwcCS"},"_color":{"__type__":"cc.Color","r":10,"g":127,"b":18},"_contentSize":{"__type__":"cc.Size","width":154,"height":36},"_trs":{"__type__":"TypedArray","ctor":"Float64Array","array":[-230,-5,0,0,0,0,1,1,1,1]}},{"__type__":"cc.Label","node":{"__id__":6},"_materials":[{"__uuid__":"ecpdLyjvZBwrvm+cedCcQy"}],"_useOriginalSize":false,"_string":"玩家昵称七个字发起房间人数修改请求，请等待其他玩家同意！","_N$string":"玩家昵称七个字发起房间人数修改请求，请等待其他玩家同意！","_fontSize":22,"_lineHeight":36,"_N$file":{"__uuid__":"lznn373b-ebaf-4e57-9974-1fdd6b1b601d"},"_isSystemFontUsed":false,"_N$horizontalAlign":1,"_N$verticalAlign":1,"_N$overflow":3},{"__type__":"cc.Node","_name":"TimeMessage","_parent":{"__id__":2},"_children":[{"__id__":10},{"__id__":12}],"_components":[{"__type__":"cc.Label","node":{"__id__":9},"_materials":[{"__uuid__":"ecpdLyjvZBwrvm+cedCcQy"}],"_useOriginalSize":false,"_string":"剩余选择默认不同意时间：      S","_N$string":"剩余选择默认不同意时间：      S","_fontSize":26,"_lineHeight":36,"_N$file":{"__uuid__":"lznn373b-ebaf-4e57-9974-1fdd6b1b601d"},"_isSystemFontUsed":false,"_N$horizontalAlign":1,"_N$verticalAlign":1,"_N$overflow":3}],"_prefab":{"__type__":"cc.PrefabInfo","root":{"__id__":1},"asset":{"__uuid__":"lznncd95-f796-46fc-b9af-ad3c458c262c"},"fileId":"d5yn7Cg51J5p3W0yn+Ojyv"},"_color":{"__type__":"cc.Color","r":127,"g":50,"b":10},"_contentSize":{"__type__":"cc.Size","width":450,"height":45.36},"_trs":{"__type__":"TypedArray","ctor":"Float64Array","array":[-25,-67,0,0,0,0,1,1,1,1]}},{"__type__":"cc.Node","_name":"lb_time","_parent":{"__id__":9},"_components":[{"__id__":11}],"_prefab":{"__type__":"cc.PrefabInfo","root":{"__id__":1},"asset":{"__uuid__":"lznncd95-f796-46fc-b9af-ad3c458c262c"},"fileId":"f40cWKT8hOA5Uzhdl3rgI+"},"_color":{"__type__":"cc.Color","r":10,"g":127,"b":18},"_contentSize":{"__type__":"cc.Size","width":51.22,"height":63},"_trs":{"__type__":"TypedArray","ctor":"Float64Array","array":[139.7,0,0,0,0,0,1,1,1,1]}},{"__type__":"cc.Label","node":{"__id__":10},"_materials":[{"__uuid__":"ecpdLyjvZBwrvm+cedCcQy"}],"_useOriginalSize":false,"_string":"30","_N$string":"30","_fontSize":36,"_lineHeight":50,"_N$horizontalAlign":1,"_N$verticalAlign":1,"_N$overflow":3},{"__type__":"cc.Node","_name":"lb_s","_parent":{"__id__":9},"_active":false,"_components":[{"__type__":"cc.Label","node":{"__id__":12},"_useOriginalSize":false,"_string":"S","_N$string":"S","_fontSize":30,"_lineHeight":30,"_isSystemFontUsed":false}],"_prefab":{"__type__":"cc.PrefabInfo","root":{"__id__":1},"asset":{"__uuid__":"lznncd95-f796-46fc-b9af-ad3c458c262c"},"fileId":"72xRbiqApO9ryEvBHoUu5m"},"_color":{"__type__":"cc.Color","r":10,"g":127,"b":18},"_contentSize":{"__type__":"cc.Size","width":16.68,"height":30},"_trs":{"__type__":"TypedArray","ctor":"Float64Array","array":[162,2,0,0,0,0,1,1,1,1]}},{"__type__":"cc.Node","_name":"New Sprite","_parent":{"__id__":2},"_components":[{"__type__":"cc.Sprite","node":{"__id__":13},"_materials":[{"__uuid__":"ecpdLyjvZBwrvm+cedCcQy"}],"_spriteFrame":{"__uuid__":"lznn0f78-d36a-424a-ab48-ba266ff3fda5"}}],"_prefab":{"__type__":"cc.PrefabInfo","root":{"__id__":1},"asset":{"__uuid__":"lznncd95-f796-46fc-b9af-ad3c458c262c"},"fileId":"e2mAWVkeBFXYW1jpJqY33e"},"_contentSize":{"__type__":"cc.Size","width":199,"height":55},"_trs":{"__type__":"TypedArray","ctor":"Float64Array","array":[0,33.9,0,0,0,0,1,1,1,1]}},{"__type__":"cc.Node","_name":"btnCancel","_parent":{"__id__":1},"_children":[{"__id__":15}],"_components":[{"__type__":"cc.Sprite","node":{"__id__":14},"_materials":[{"__uuid__":"ecpdLyjvZBwrvm+cedCcQy"}],"_spriteFrame":{"__uuid__":"lznnb81e-2302-43db-acf0-f80fb6d27f32"},"_type":1,"_sizeMode":2},{"__id__":16}],"_prefab":{"__type__":"cc.PrefabInfo","root":{"__id__":1},"asset":{"__uuid__":"lznncd95-f796-46fc-b9af-ad3c458c262c"},"fileId":"68btEEJ7BA1J4iNN4d9U1j"},"_contentSize":{"__type__":"cc.Size","width":244,"height":78},"_trs":{"__type__":"TypedArray","ctor":"Float64Array","array":[-160,-175,0,0,0,0,1,1,1,1]}},{"__type__":"cc.Node","_name":"lable","_parent":{"__id__":14},"_components":[{"__type__":"cc.Label","node":{"__id__":15},"_materials":[{"__uuid__":"ecpdLyjvZBwrvm+cedCcQy"}],"_useOriginalSize":false,"_string":"拒 绝","_N$string":"拒 绝","_fontSize":46,"_lineHeight":56,"_N$file":{"__uuid__":"lznn373b-ebaf-4e57-9974-1fdd6b1b601d"},"_isSystemFontUsed":false,"_N$horizontalAlign":1,"_N$verticalAlign":1}],"_prefab":{"__type__":"cc.PrefabInfo","root":{"__id__":1},"asset":{"__uuid__":"lznncd95-f796-46fc-b9af-ad3c458c262c"},"fileId":"fa7O0okW9ASafyB+kXpCH9"},"_color":{"__type__":"cc.Color","r":82,"g":107},"_contentSize":{"__type__":"cc.Size","width":104.22,"height":70.56},"_trs":{"__type__":"TypedArray","ctor":"Float64Array","array":[0,4,0,0,0,0,1,1,1,1]}},{"__type__":"cc.Button","node":{"__id__":14},"zoomScale":0.95,"clickEvents":[{"__type__":"cc.ClickEvent","target":{"__id__":1},"_componentId":"lznna0dc-a536-4c46-b72e-fe0c46e8ed07","handler":"OnClick_BtnWnd"}],"_N$enableAutoGrayEffect":true,"_N$transition":3,"transition":3,"_N$pressedColor":{"__type__":"cc.Color","r":255,"g":255,"b":255},"pressedColor":{"__type__":"cc.Color","r":255,"g":255,"b":255},"_N$disabledColor":{"__type__":"cc.Color","r":255,"g":255,"b":255},"_N$normalSprite":{"__uuid__":"f0BIwQ8D5Ml7nTNQbh1YlS"},"_N$pressedSprite":{"__uuid__":"e97GVMl6JHh5Ml5qEDdSGa"},"pressedSprite":{"__uuid__":"e97GVMl6JHh5Ml5qEDdSGa"},"_N$hoverSprite":{"__uuid__":"e97GVMl6JHh5Ml5qEDdSGa"},"hoverSprite":{"__uuid__":"e97GVMl6JHh5Ml5qEDdSGa"},"_N$disabledSprite":{"__uuid__":"29FYIk+N1GYaeWH/q1NxQO"},"_N$target":{"__id__":14}},{"__type__":"cc.Node","_name":"btnSure","_parent":{"__id__":1},"_children":[{"__id__":18}],"_components":[{"__type__":"cc.Sprite","node":{"__id__":17},"_materials":[{"__uuid__":"ecpdLyjvZBwrvm+cedCcQy"}],"_spriteFrame":{"__uuid__":"lznnad01-65a2-4953-b33f-5c8985e00dac"},"_type":1,"_sizeMode":0},{"__id__":19}],"_prefab":{"__type__":"cc.PrefabInfo","root":{"__id__":1},"asset":{"__uuid__":"lznncd95-f796-46fc-b9af-ad3c458c262c"},"fileId":"87a3m/57dLvIKfA+fG5Zu/"},"_contentSize":{"__type__":"cc.Size","width":246,"height":82},"_trs":{"__type__":"TypedArray","ctor":"Float64Array","array":[160,-175,0,0,0,0,1,1,1,1]}},{"__type__":"cc.Node","_name":"lable","_parent":{"__id__":17},"_components":[{"__type__":"cc.Label","node":{"__id__":18},"_materials":[{"__uuid__":"ecpdLyjvZBwrvm+cedCcQy"}],"_useOriginalSize":false,"_string":"同  意","_N$string":"同  意","_fontSize":46,"_lineHeight":56,"_N$file":{"__uuid__":"lznn373b-ebaf-4e57-9974-1fdd6b1b601d"},"_isSystemFontUsed":false,"_N$horizontalAlign":1,"_N$verticalAlign":1}],"_prefab":{"__type__":"cc.PrefabInfo","root":{"__id__":1},"asset":{"__uuid__":"lznncd95-f796-46fc-b9af-ad3c458c262c"},"fileId":"15fgYEvM9LYoUNaM6WHPDC"},"_color":{"__type__":"cc.Color","r":135,"g":84,"b":34},"_contentSize":{"__type__":"cc.Size","width":116.44,"height":70.56},"_trs":{"__type__":"TypedArray","ctor":"Float64Array","array":[0,4,0,0,0,0,1,1,1,1]}},{"__type__":"cc.Button","node":{"__id__":17},"zoomScale":0.95,"clickEvents":[{"__type__":"cc.ClickEvent","target":{"__id__":1},"_componentId":"lznna0dc-a536-4c46-b72e-fe0c46e8ed07","handler":"OnClick_BtnWnd"}],"_N$enableAutoGrayEffect":true,"_N$transition":3,"transition":3,"_N$pressedColor":{"__type__":"cc.Color","r":255,"g":255,"b":255},"pressedColor":{"__type__":"cc.Color","r":255,"g":255,"b":255},"_N$disabledColor":{"__type__":"cc.Color","r":255,"g":255,"b":255},"_N$normalSprite":{"__uuid__":"f0BIwQ8D5Ml7nTNQbh1YlS"},"_N$pressedSprite":{"__uuid__":"e97GVMl6JHh5Ml5qEDdSGa"},"pressedSprite":{"__uuid__":"e97GVMl6JHh5Ml5qEDdSGa"},"_N$hoverSprite":{"__uuid__":"e97GVMl6JHh5Ml5qEDdSGa"},"hoverSprite":{"__uuid__":"e97GVMl6JHh5Ml5qEDdSGa"},"_N$disabledSprite":{"__uuid__":"29FYIk+N1GYaeWH/q1NxQO"},"_N$target":{"__id__":17}},{"__type__":"cc.Node","_name":"playerNode","_parent":{"__id__":1},"_children":[{"__id__":21},{"__id__":25},{"__id__":29},{"__id__":33},{"__id__":37},{"__id__":41},{"__id__":45},{"__id__":49},{"__id__":53},{"__id__":57}],"_prefab":{"__type__":"cc.PrefabInfo","root":{"__id__":1},"asset":{"__uuid__":"lznncd95-f796-46fc-b9af-ad3c458c262c"},"fileId":"69G4JQs1dHL4Ir1JnQy3HZ"},"_trs":{"__type__":"TypedArray","ctor":"Float64Array","array":[0,0,0,0,0,0,1,1,1,1]}},{"__type__":"cc.Node","_name":"item0","_parent":{"__id__":20},"_children":[{"__id__":22},{"__id__":23},{"__id__":24}],"_prefab":{"__type__":"cc.PrefabInfo","root":{"__id__":1},"asset":{"__uuid__":"lznncd95-f796-46fc-b9af-ad3c458c262c"},"fileId":"cdMikeQfJLKIKJtyrCCs4M"},"_trs":{"__type__":"TypedArray","ctor":"Float64Array","array":[-255,97,0,0,0,0,1,1,1,1]}},{"__type__":"cc.Node","_name":"name","_parent":{"__id__":21},"_components":[{"__type__":"cc.Label","node":{"__id__":22},"_materials":[{"__uuid__":"ecpdLyjvZBwrvm+cedCcQy"}],"_useOriginalSize":false,"_string":"玩家称号七个字","_N$string":"玩家称号七个字","_fontSize":24,"_enableWrapText":false,"_N$file":{"__uuid__":"lznn373b-ebaf-4e57-9974-1fdd6b1b601d"},"_isSystemFontUsed":false,"_N$horizontalAlign":1,"_N$verticalAlign":1,"_N$overflow":1}],"_prefab":{"__type__":"cc.PrefabInfo","root":{"__id__":1},"asset":{"__uuid__":"lznncd95-f796-46fc-b9af-ad3c458c262c"},"fileId":"613+iBdd5Ez66dqcdS5u8m"},"_color":{"__type__":"cc.Color","r":122,"g":80,"b":58},"_contentSize":{"__type__":"cc.Size","width":168,"height":40},"_trs":{"__type__":"TypedArray","ctor":"Float64Array","array":[0,0,0,0,0,0,1,1,1,1]}},{"__type__":"cc.Node","_name":"icon_tongyi","_parent":{"__id__":21},"_active":false,"_components":[{"__type__":"cc.Sprite","node":{"__id__":23},"_spriteFrame":{"__uuid__":"lznnbbfc-0e64-40b1-aa83-4f2877a24628"}}],"_prefab":{"__type__":"cc.PrefabInfo","root":{"__id__":1},"asset":{"__uuid__":"lznncd95-f796-46fc-b9af-ad3c458c262c"},"fileId":"fbCqJZ+/JHp6WHqpDrkzZ2"},"_contentSize":{"__type__":"cc.Size","width":79,"height":36},"_trs":{"__type__":"TypedArray","ctor":"Float64Array","array":[150,0,0,0,0,0,1,1,1,1]}},{"__type__":"cc.Node","_name":"icon_jujue","_parent":{"__id__":21},"_active":false,"_components":[{"__type__":"cc.Sprite","node":{"__id__":24},"_spriteFrame":{"__uuid__":"lznn1256-55f7-4a67-b45d-49fc35d8ffd1"}}],"_prefab":{"__type__":"cc.PrefabInfo","root":{"__id__":1},"asset":{"__uuid__":"lznncd95-f796-46fc-b9af-ad3c458c262c"},"fileId":"38AfpyGE1FM4UH7zNLbt3z"},"_contentSize":{"__type__":"cc.Size","width":78,"height":36},"_trs":{"__type__":"TypedArray","ctor":"Float64Array","array":[150,0,0,0,0,0,1,1,1,1]}},{"__type__":"cc.Node","_name":"item1","_parent":{"__id__":20},"_children":[{"__id__":26},{"__id__":27},{"__id__":28}],"_prefab":{"__type__":"cc.PrefabInfo","root":{"__id__":1},"asset":{"__uuid__":"lznncd95-f796-46fc-b9af-ad3c458c262c"},"fileId":"a7TBSRv6FLbbJ6rT9A/7I7"},"_trs":{"__type__":"TypedArray","ctor":"Float64Array","array":[150,97,0,0,0,0,1,1,1,1]}},{"__type__":"cc.Node","_name":"name","_parent":{"__id__":25},"_components":[{"__type__":"cc.Label","node":{"__id__":26},"_materials":[{"__uuid__":"ecpdLyjvZBwrvm+cedCcQy"}],"_useOriginalSize":false,"_string":"玩家称号七个字","_N$string":"玩家称号七个字","_fontSize":24,"_enableWrapText":false,"_N$file":{"__uuid__":"lznn373b-ebaf-4e57-9974-1fdd6b1b601d"},"_isSystemFontUsed":false,"_N$horizontalAlign":1,"_N$verticalAlign":1,"_N$overflow":1}],"_prefab":{"__type__":"cc.PrefabInfo","root":{"__id__":1},"asset":{"__uuid__":"lznncd95-f796-46fc-b9af-ad3c458c262c"},"fileId":"f8bTXvjJhLL7EfDk9uIwJU"},"_color":{"__type__":"cc.Color","r":122,"g":80,"b":58},"_contentSize":{"__type__":"cc.Size","width":168,"height":40},"_trs":{"__type__":"TypedArray","ctor":"Float64Array","array":[0,0,0,0,0,0,1,1,1,1]}},{"__type__":"cc.Node","_name":"icon_tongyi","_parent":{"__id__":25},"_active":false,"_components":[{"__type__":"cc.Sprite","node":{"__id__":27},"_spriteFrame":{"__uuid__":"lznnbbfc-0e64-40b1-aa83-4f2877a24628"}}],"_prefab":{"__type__":"cc.PrefabInfo","root":{"__id__":1},"asset":{"__uuid__":"lznncd95-f796-46fc-b9af-ad3c458c262c"},"fileId":"69tU40pPxA2YVMDWC0fhUD"},"_contentSize":{"__type__":"cc.Size","width":79,"height":36},"_trs":{"__type__":"TypedArray","ctor":"Float64Array","array":[150,0,0,0,0,0,1,1,1,1]}},{"__type__":"cc.Node","_name":"icon_jujue","_parent":{"__id__":25},"_active":false,"_components":[{"__type__":"cc.Sprite","node":{"__id__":28},"_spriteFrame":{"__uuid__":"lznn1256-55f7-4a67-b45d-49fc35d8ffd1"}}],"_prefab":{"__type__":"cc.PrefabInfo","root":{"__id__":1},"asset":{"__uuid__":"lznncd95-f796-46fc-b9af-ad3c458c262c"},"fileId":"a6LFrDktFJHLYhHRHJ8yK3"},"_contentSize":{"__type__":"cc.Size","width":78,"height":36},"_trs":{"__type__":"TypedArray","ctor":"Float64Array","array":[150,0,0,0,0,0,1,1,1,1]}},{"__type__":"cc.Node","_name":"item2","_parent":{"__id__":20},"_children":[{"__id__":30},{"__id__":31},{"__id__":32}],"_prefab":{"__type__":"cc.PrefabInfo","root":{"__id__":1},"asset":{"__uuid__":"lznncd95-f796-46fc-b9af-ad3c458c262c"},"fileId":"0594myX3dDFKI5mHjcrNug"},"_trs":{"__type__":"TypedArray","ctor":"Float64Array","array":[-255,49,0,0,0,0,1,1,1,1]}},{"__type__":"cc.Node","_name":"name","_parent":{"__id__":29},"_components":[{"__type__":"cc.Label","node":{"__id__":30},"_materials":[{"__uuid__":"ecpdLyjvZBwrvm+cedCcQy"}],"_useOriginalSize":false,"_string":"玩家称号七个字","_N$string":"玩家称号七个字","_fontSize":24,"_enableWrapText":false,"_N$file":{"__uuid__":"lznn373b-ebaf-4e57-9974-1fdd6b1b601d"},"_isSystemFontUsed":false,"_N$horizontalAlign":1,"_N$verticalAlign":1,"_N$overflow":1}],"_prefab":{"__type__":"cc.PrefabInfo","root":{"__id__":1},"asset":{"__uuid__":"lznncd95-f796-46fc-b9af-ad3c458c262c"},"fileId":"05V3Cbp0NEzonmX97UDCmh"},"_color":{"__type__":"cc.Color","r":122,"g":80,"b":58},"_contentSize":{"__type__":"cc.Size","width":168,"height":40},"_trs":{"__type__":"TypedArray","ctor":"Float64Array","array":[0,0,0,0,0,0,1,1,1,1]}},{"__type__":"cc.Node","_name":"icon_tongyi","_parent":{"__id__":29},"_active":false,"_components":[{"__type__":"cc.Sprite","node":{"__id__":31},"_spriteFrame":{"__uuid__":"lznnbbfc-0e64-40b1-aa83-4f2877a24628"}}],"_prefab":{"__type__":"cc.PrefabInfo","root":{"__id__":1},"asset":{"__uuid__":"lznncd95-f796-46fc-b9af-ad3c458c262c"},"fileId":"24kA/h/eJAVoIFAmkJ/oUb"},"_contentSize":{"__type__":"cc.Size","width":79,"height":36},"_trs":{"__type__":"TypedArray","ctor":"Float64Array","array":[150,0,0,0,0,0,1,1,1,1]}},{"__type__":"cc.Node","_name":"icon_jujue","_parent":{"__id__":29},"_active":false,"_components":[{"__type__":"cc.Sprite","node":{"__id__":32},"_spriteFrame":{"__uuid__":"lznn1256-55f7-4a67-b45d-49fc35d8ffd1"}}],"_prefab":{"__type__":"cc.PrefabInfo","root":{"__id__":1},"asset":{"__uuid__":"lznncd95-f796-46fc-b9af-ad3c458c262c"},"fileId":"6c7A9/eQ5GtZRUbTiRYiyt"},"_contentSize":{"__type__":"cc.Size","width":78,"height":36},"_trs":{"__type__":"TypedArray","ctor":"Float64Array","array":[150,0,0,0,0,0,1,1,1,1]}},{"__type__":"cc.Node","_name":"item3","_parent":{"__id__":20},"_children":[{"__id__":34},{"__id__":35},{"__id__":36}],"_prefab":{"__type__":"cc.PrefabInfo","root":{"__id__":1},"asset":{"__uuid__":"lznncd95-f796-46fc-b9af-ad3c458c262c"},"fileId":"33+qjl1c9Kc7EU/ZmM/Oro"},"_trs":{"__type__":"TypedArray","ctor":"Float64Array","array":[150,49,0,0,0,0,1,1,1,1]}},{"__type__":"cc.Node","_name":"name","_parent":{"__id__":33},"_components":[{"__type__":"cc.Label","node":{"__id__":34},"_materials":[{"__uuid__":"ecpdLyjvZBwrvm+cedCcQy"}],"_useOriginalSize":false,"_string":"玩家称号七个字","_N$string":"玩家称号七个字","_fontSize":24,"_enableWrapText":false,"_N$file":{"__uuid__":"lznn373b-ebaf-4e57-9974-1fdd6b1b601d"},"_isSystemFontUsed":false,"_N$horizontalAlign":1,"_N$verticalAlign":1,"_N$overflow":1}],"_prefab":{"__type__":"cc.PrefabInfo","root":{"__id__":1},"asset":{"__uuid__":"lznncd95-f796-46fc-b9af-ad3c458c262c"},"fileId":"4ezAY4rz1MFJVXmTL+F+2k"},"_color":{"__type__":"cc.Color","r":122,"g":80,"b":58},"_contentSize":{"__type__":"cc.Size","width":168,"height":40},"_trs":{"__type__":"TypedArray","ctor":"Float64Array","array":[0,0,0,0,0,0,1,1,1,1]}},{"__type__":"cc.Node","_name":"icon_tongyi","_parent":{"__id__":33},"_active":false,"_components":[{"__type__":"cc.Sprite","node":{"__id__":35},"_spriteFrame":{"__uuid__":"lznnbbfc-0e64-40b1-aa83-4f2877a24628"}}],"_prefab":{"__type__":"cc.PrefabInfo","root":{"__id__":1},"asset":{"__uuid__":"lznncd95-f796-46fc-b9af-ad3c458c262c"},"fileId":"b0k+mtm89Ng6YoBrRrllnO"},"_contentSize":{"__type__":"cc.Size","width":79,"height":36},"_trs":{"__type__":"TypedArray","ctor":"Float64Array","array":[150,0,0,0,0,0,1,1,1,1]}},{"__type__":"cc.Node","_name":"icon_jujue","_parent":{"__id__":33},"_active":false,"_components":[{"__type__":"cc.Sprite","node":{"__id__":36},"_spriteFrame":{"__uuid__":"lznn1256-55f7-4a67-b45d-49fc35d8ffd1"}}],"_prefab":{"__type__":"cc.PrefabInfo","root":{"__id__":1},"asset":{"__uuid__":"lznncd95-f796-46fc-b9af-ad3c458c262c"},"fileId":"9azORplUFCtrCpACOnH70r"},"_contentSize":{"__type__":"cc.Size","width":78,"height":36},"_trs":{"__type__":"TypedArray","ctor":"Float64Array","array":[150,0,0,0,0,0,1,1,1,1]}},{"__type__":"cc.Node","_name":"item4","_parent":{"__id__":20},"_children":[{"__id__":38},{"__id__":39},{"__id__":40}],"_prefab":{"__type__":"cc.PrefabInfo","root":{"__id__":1},"asset":{"__uuid__":"lznncd95-f796-46fc-b9af-ad3c458c262c"},"fileId":"41klElfThJz6ENmj1NoYOE"},"_trs":{"__type__":"TypedArray","ctor":"Float64Array","array":[-255,1,0,0,0,0,1,1,1,1]}},{"__type__":"cc.Node","_name":"name","_parent":{"__id__":37},"_components":[{"__type__":"cc.Label","node":{"__id__":38},"_materials":[{"__uuid__":"ecpdLyjvZBwrvm+cedCcQy"}],"_useOriginalSize":false,"_string":"玩家称号七个字","_N$string":"玩家称号七个字","_fontSize":24,"_enableWrapText":false,"_N$file":{"__uuid__":"lznn373b-ebaf-4e57-9974-1fdd6b1b601d"},"_isSystemFontUsed":false,"_N$horizontalAlign":1,"_N$verticalAlign":1,"_N$overflow":1}],"_prefab":{"__type__":"cc.PrefabInfo","root":{"__id__":1},"asset":{"__uuid__":"lznncd95-f796-46fc-b9af-ad3c458c262c"},"fileId":"67KmdIreFKL7RA01kEV+mX"},"_color":{"__type__":"cc.Color","r":122,"g":80,"b":58},"_contentSize":{"__type__":"cc.Size","width":168,"height":40},"_trs":{"__type__":"TypedArray","ctor":"Float64Array","array":[0,0,0,0,0,0,1,1,1,1]}},{"__type__":"cc.Node","_name":"icon_tongyi","_parent":{"__id__":37},"_active":false,"_components":[{"__type__":"cc.Sprite","node":{"__id__":39},"_spriteFrame":{"__uuid__":"lznnbbfc-0e64-40b1-aa83-4f2877a24628"}}],"_prefab":{"__type__":"cc.PrefabInfo","root":{"__id__":1},"asset":{"__uuid__":"lznncd95-f796-46fc-b9af-ad3c458c262c"},"fileId":"bek3aj9fxKj4uvJ8Fkrjpx"},"_contentSize":{"__type__":"cc.Size","width":79,"height":36},"_trs":{"__type__":"TypedArray","ctor":"Float64Array","array":[150,0,0,0,0,0,1,1,1,1]}},{"__type__":"cc.Node","_name":"icon_jujue","_parent":{"__id__":37},"_active":false,"_components":[{"__type__":"cc.Sprite","node":{"__id__":40},"_spriteFrame":{"__uuid__":"lznn1256-55f7-4a67-b45d-49fc35d8ffd1"}}],"_prefab":{"__type__":"cc.PrefabInfo","root":{"__id__":1},"asset":{"__uuid__":"lznncd95-f796-46fc-b9af-ad3c458c262c"},"fileId":"echHddUaZP34VwO+r4L73u"},"_contentSize":{"__type__":"cc.Size","width":78,"height":36},"_trs":{"__type__":"TypedArray","ctor":"Float64Array","array":[150,0,0,0,0,0,1,1,1,1]}},{"__type__":"cc.Node","_name":"item5","_parent":{"__id__":20},"_children":[{"__id__":42},{"__id__":43},{"__id__":44}],"_prefab":{"__type__":"cc.PrefabInfo","root":{"__id__":1},"asset":{"__uuid__":"lznncd95-f796-46fc-b9af-ad3c458c262c"},"fileId":"ebvjwcvxtOyL1nZy7rNTU/"},"_trs":{"__type__":"TypedArray","ctor":"Float64Array","array":[150,1,0,0,0,0,1,1,1,1]}},{"__type__":"cc.Node","_name":"name","_parent":{"__id__":41},"_components":[{"__type__":"cc.Label","node":{"__id__":42},"_materials":[{"__uuid__":"ecpdLyjvZBwrvm+cedCcQy"}],"_useOriginalSize":false,"_string":"玩家称号七个字","_N$string":"玩家称号七个字","_fontSize":24,"_enableWrapText":false,"_N$file":{"__uuid__":"lznn373b-ebaf-4e57-9974-1fdd6b1b601d"},"_isSystemFontUsed":false,"_N$horizontalAlign":1,"_N$verticalAlign":1,"_N$overflow":1}],"_prefab":{"__type__":"cc.PrefabInfo","root":{"__id__":1},"asset":{"__uuid__":"lznncd95-f796-46fc-b9af-ad3c458c262c"},"fileId":"46UHy7krpMnKyud2LeNRfH"},"_color":{"__type__":"cc.Color","r":122,"g":80,"b":58},"_contentSize":{"__type__":"cc.Size","width":168,"height":40},"_trs":{"__type__":"TypedArray","ctor":"Float64Array","array":[0,0,0,0,0,0,1,1,1,1]}},{"__type__":"cc.Node","_name":"icon_tongyi","_parent":{"__id__":41},"_active":false,"_components":[{"__type__":"cc.Sprite","node":{"__id__":43},"_spriteFrame":{"__uuid__":"lznnbbfc-0e64-40b1-aa83-4f2877a24628"}}],"_prefab":{"__type__":"cc.PrefabInfo","root":{"__id__":1},"asset":{"__uuid__":"lznncd95-f796-46fc-b9af-ad3c458c262c"},"fileId":"643HdjHORDKr4McIK+PyS8"},"_contentSize":{"__type__":"cc.Size","width":79,"height":36},"_trs":{"__type__":"TypedArray","ctor":"Float64Array","array":[150,0,0,0,0,0,1,1,1,1]}},{"__type__":"cc.Node","_name":"icon_jujue","_parent":{"__id__":41},"_active":false,"_components":[{"__type__":"cc.Sprite","node":{"__id__":44},"_spriteFrame":{"__uuid__":"lznn1256-55f7-4a67-b45d-49fc35d8ffd1"}}],"_prefab":{"__type__":"cc.PrefabInfo","root":{"__id__":1},"asset":{"__uuid__":"lznncd95-f796-46fc-b9af-ad3c458c262c"},"fileId":"efEL42Ns9A8oNxS25pXsnL"},"_contentSize":{"__type__":"cc.Size","width":78,"height":36},"_trs":{"__type__":"TypedArray","ctor":"Float64Array","array":[150,0,0,0,0,0,1,1,1,1]}},{"__type__":"cc.Node","_name":"item6","_parent":{"__id__":20},"_children":[{"__id__":46},{"__id__":47},{"__id__":48}],"_prefab":{"__type__":"cc.PrefabInfo","root":{"__id__":1},"asset":{"__uuid__":"lznncd95-f796-46fc-b9af-ad3c458c262c"},"fileId":"84XzdqdMVMW7pI04wiZxHo"},"_trs":{"__type__":"TypedArray","ctor":"Float64Array","array":[-255,-47,0,0,0,0,1,1,1,1]}},{"__type__":"cc.Node","_name":"name","_parent":{"__id__":45},"_components":[{"__type__":"cc.Label","node":{"__id__":46},"_materials":[{"__uuid__":"ecpdLyjvZBwrvm+cedCcQy"}],"_useOriginalSize":false,"_string":"玩家称号七个字","_N$string":"玩家称号七个字","_fontSize":24,"_enableWrapText":false,"_N$file":{"__uuid__":"lznn373b-ebaf-4e57-9974-1fdd6b1b601d"},"_isSystemFontUsed":false,"_N$horizontalAlign":1,"_N$verticalAlign":1,"_N$overflow":1}],"_prefab":{"__type__":"cc.PrefabInfo","root":{"__id__":1},"asset":{"__uuid__":"lznncd95-f796-46fc-b9af-ad3c458c262c"},"fileId":"1a4k+r3/xH/K5T5HrnzaYi"},"_color":{"__type__":"cc.Color","r":122,"g":80,"b":58},"_contentSize":{"__type__":"cc.Size","width":168,"height":40},"_trs":{"__type__":"TypedArray","ctor":"Float64Array","array":[0,0,0,0,0,0,1,1,1,1]}},{"__type__":"cc.Node","_name":"icon_tongyi","_parent":{"__id__":45},"_active":false,"_components":[{"__type__":"cc.Sprite","node":{"__id__":47},"_spriteFrame":{"__uuid__":"lznnbbfc-0e64-40b1-aa83-4f2877a24628"}}],"_prefab":{"__type__":"cc.PrefabInfo","root":{"__id__":1},"asset":{"__uuid__":"lznncd95-f796-46fc-b9af-ad3c458c262c"},"fileId":"4fyKu3CnpEbLVkCq+HQnb6"},"_contentSize":{"__type__":"cc.Size","width":79,"height":36},"_trs":{"__type__":"TypedArray","ctor":"Float64Array","array":[150,0,0,0,0,0,1,1,1,1]}},{"__type__":"cc.Node","_name":"icon_jujue","_parent":{"__id__":45},"_active":false,"_components":[{"__type__":"cc.Sprite","node":{"__id__":48},"_spriteFrame":{"__uuid__":"lznn1256-55f7-4a67-b45d-49fc35d8ffd1"}}],"_prefab":{"__type__":"cc.PrefabInfo","root":{"__id__":1},"asset":{"__uuid__":"lznncd95-f796-46fc-b9af-ad3c458c262c"},"fileId":"ff/6ndNFNOq5W0//DtlOc3"},"_contentSize":{"__type__":"cc.Size","width":78,"height":36},"_trs":{"__type__":"TypedArray","ctor":"Float64Array","array":[150,0,0,0,0,0,1,1,1,1]}},{"__type__":"cc.Node","_name":"item7","_parent":{"__id__":20},"_children":[{"__id__":50},{"__id__":51},{"__id__":52}],"_prefab":{"__type__":"cc.PrefabInfo","root":{"__id__":1},"asset":{"__uuid__":"lznncd95-f796-46fc-b9af-ad3c458c262c"},"fileId":"c8vEu6v8ZOwr98jGQtp0VY"},"_trs":{"__type__":"TypedArray","ctor":"Float64Array","array":[150,-47,0,0,0,0,1,1,1,1]}},{"__type__":"cc.Node","_name":"name","_parent":{"__id__":49},"_components":[{"__type__":"cc.Label","node":{"__id__":50},"_materials":[{"__uuid__":"ecpdLyjvZBwrvm+cedCcQy"}],"_useOriginalSize":false,"_string":"玩家称号七个字","_N$string":"玩家称号七个字","_fontSize":24,"_enableWrapText":false,"_N$file":{"__uuid__":"lznn373b-ebaf-4e57-9974-1fdd6b1b601d"},"_isSystemFontUsed":false,"_N$horizontalAlign":1,"_N$verticalAlign":1,"_N$overflow":1}],"_prefab":{"__type__":"cc.PrefabInfo","root":{"__id__":1},"asset":{"__uuid__":"lznncd95-f796-46fc-b9af-ad3c458c262c"},"fileId":"dfiXWJTEJDp6n/ow8tXrWA"},"_color":{"__type__":"cc.Color","r":122,"g":80,"b":58},"_contentSize":{"__type__":"cc.Size","width":168,"height":40},"_trs":{"__type__":"TypedArray","ctor":"Float64Array","array":[0,0,0,0,0,0,1,1,1,1]}},{"__type__":"cc.Node","_name":"icon_tongyi","_parent":{"__id__":49},"_active":false,"_components":[{"__type__":"cc.Sprite","node":{"__id__":51},"_spriteFrame":{"__uuid__":"lznnbbfc-0e64-40b1-aa83-4f2877a24628"}}],"_prefab":{"__type__":"cc.PrefabInfo","root":{"__id__":1},"asset":{"__uuid__":"lznncd95-f796-46fc-b9af-ad3c458c262c"},"fileId":"67xvq8KkpCLYputHtHnfcn"},"_contentSize":{"__type__":"cc.Size","width":79,"height":36},"_trs":{"__type__":"TypedArray","ctor":"Float64Array","array":[150,0,0,0,0,0,1,1,1,1]}},{"__type__":"cc.Node","_name":"icon_jujue","_parent":{"__id__":49},"_active":false,"_components":[{"__type__":"cc.Sprite","node":{"__id__":52},"_spriteFrame":{"__uuid__":"lznn1256-55f7-4a67-b45d-49fc35d8ffd1"}}],"_prefab":{"__type__":"cc.PrefabInfo","root":{"__id__":1},"asset":{"__uuid__":"lznncd95-f796-46fc-b9af-ad3c458c262c"},"fileId":"6edBqwcMpEQLeQ5Bkgfs6T"},"_contentSize":{"__type__":"cc.Size","width":78,"height":36},"_trs":{"__type__":"TypedArray","ctor":"Float64Array","array":[150,0,0,0,0,0,1,1,1,1]}},{"__type__":"cc.Node","_name":"item8","_parent":{"__id__":20},"_children":[{"__id__":54},{"__id__":55},{"__id__":56}],"_prefab":{"__type__":"cc.PrefabInfo","root":{"__id__":1},"asset":{"__uuid__":"lznncd95-f796-46fc-b9af-ad3c458c262c"},"fileId":"8dTErtA/VA3Iu2P13a5X96"},"_trs":{"__type__":"TypedArray","ctor":"Float64Array","array":[-255,-95,0,0,0,0,1,1,1,1]}},{"__type__":"cc.Node","_name":"name","_parent":{"__id__":53},"_components":[{"__type__":"cc.Label","node":{"__id__":54},"_materials":[{"__uuid__":"ecpdLyjvZBwrvm+cedCcQy"}],"_useOriginalSize":false,"_string":"玩家称号七个字","_N$string":"玩家称号七个字","_fontSize":24,"_enableWrapText":false,"_N$file":{"__uuid__":"lznn373b-ebaf-4e57-9974-1fdd6b1b601d"},"_isSystemFontUsed":false,"_N$horizontalAlign":1,"_N$verticalAlign":1,"_N$overflow":1}],"_prefab":{"__type__":"cc.PrefabInfo","root":{"__id__":1},"asset":{"__uuid__":"lznncd95-f796-46fc-b9af-ad3c458c262c"},"fileId":"58lHbVuY1JTL+ZwUsVSVpo"},"_color":{"__type__":"cc.Color","r":122,"g":80,"b":58},"_contentSize":{"__type__":"cc.Size","width":168,"height":40},"_trs":{"__type__":"TypedArray","ctor":"Float64Array","array":[0,0,0,0,0,0,1,1,1,1]}},{"__type__":"cc.Node","_name":"icon_tongyi","_parent":{"__id__":53},"_active":false,"_components":[{"__type__":"cc.Sprite","node":{"__id__":55},"_spriteFrame":{"__uuid__":"lznnbbfc-0e64-40b1-aa83-4f2877a24628"}}],"_prefab":{"__type__":"cc.PrefabInfo","root":{"__id__":1},"asset":{"__uuid__":"lznncd95-f796-46fc-b9af-ad3c458c262c"},"fileId":"9buCacDTJCrKqVHfCWtYDB"},"_contentSize":{"__type__":"cc.Size","width":79,"height":36},"_trs":{"__type__":"TypedArray","ctor":"Float64Array","array":[150,0,0,0,0,0,1,1,1,1]}},{"__type__":"cc.Node","_name":"icon_jujue","_parent":{"__id__":53},"_active":false,"_components":[{"__type__":"cc.Sprite","node":{"__id__":56},"_spriteFrame":{"__uuid__":"lznn1256-55f7-4a67-b45d-49fc35d8ffd1"}}],"_prefab":{"__type__":"cc.PrefabInfo","root":{"__id__":1},"asset":{"__uuid__":"lznncd95-f796-46fc-b9af-ad3c458c262c"},"fileId":"71IDMqreFAGqFSZ2iiaHJ/"},"_contentSize":{"__type__":"cc.Size","width":78,"height":36},"_trs":{"__type__":"TypedArray","ctor":"Float64Array","array":[150,0,0,0,0,0,1,1,1,1]}},{"__type__":"cc.Node","_name":"item9","_parent":{"__id__":20},"_children":[{"__id__":58},{"__id__":59},{"__id__":60}],"_prefab":{"__type__":"cc.PrefabInfo","root":{"__id__":1},"asset":{"__uuid__":"lznncd95-f796-46fc-b9af-ad3c458c262c"},"fileId":"c3GnW8oNtFhaJo8P4bDSUg"},"_trs":{"__type__":"TypedArray","ctor":"Float64Array","array":[150,-95,0,0,0,0,1,1,1,1]}},{"__type__":"cc.Node","_name":"name","_parent":{"__id__":57},"_components":[{"__type__":"cc.Label","node":{"__id__":58},"_materials":[{"__uuid__":"ecpdLyjvZBwrvm+cedCcQy"}],"_useOriginalSize":false,"_string":"玩家称号七个字","_N$string":"玩家称号七个字","_fontSize":24,"_enableWrapText":false,"_N$file":{"__uuid__":"lznn373b-ebaf-4e57-9974-1fdd6b1b601d"},"_isSystemFontUsed":false,"_N$horizontalAlign":1,"_N$verticalAlign":1,"_N$overflow":1}],"_prefab":{"__type__":"cc.PrefabInfo","root":{"__id__":1},"asset":{"__uuid__":"lznncd95-f796-46fc-b9af-ad3c458c262c"},"fileId":"250uPENJxBS4C/tZ7d4h0a"},"_color":{"__type__":"cc.Color","r":122,"g":80,"b":58},"_contentSize":{"__type__":"cc.Size","width":168,"height":40},"_trs":{"__type__":"TypedArray","ctor":"Float64Array","array":[0,0,0,0,0,0,1,1,1,1]}},{"__type__":"cc.Node","_name":"icon_tongyi","_parent":{"__id__":57},"_active":false,"_components":[{"__type__":"cc.Sprite","node":{"__id__":59},"_spriteFrame":{"__uuid__":"lznnbbfc-0e64-40b1-aa83-4f2877a24628"}}],"_prefab":{"__type__":"cc.PrefabInfo","root":{"__id__":1},"asset":{"__uuid__":"lznncd95-f796-46fc-b9af-ad3c458c262c"},"fileId":"fd0tB01ARJVKlNSZ1iw2yp"},"_contentSize":{"__type__":"cc.Size","width":79,"height":36},"_trs":{"__type__":"TypedArray","ctor":"Float64Array","array":[150,0,0,0,0,0,1,1,1,1]}},{"__type__":"cc.Node","_name":"icon_jujue","_parent":{"__id__":57},"_active":false,"_components":[{"__type__":"cc.Sprite","node":{"__id__":60},"_spriteFrame":{"__uuid__":"lznn1256-55f7-4a67-b45d-49fc35d8ffd1"}}],"_prefab":{"__type__":"cc.PrefabInfo","root":{"__id__":1},"asset":{"__uuid__":"lznncd95-f796-46fc-b9af-ad3c458c262c"},"fileId":"a0+1HEEGZGCZVgfMoOl+E1"},"_contentSize":{"__type__":"cc.Size","width":78,"height":36},"_trs":{"__type__":"TypedArray","ctor":"Float64Array","array":[150,0,0,0,0,0,1,1,1,1]}}]]