[[{"__type__":"cc.SceneAsset","_name":"nnLaunchScene","scene":{"__id__":1},"asyncLoadAssets":null},{"__type__":"cc.Scene","_name":"New Node","_children":[{"__id__":2},{"__id__":8}],"_active":false,"_anchorPoint":{"__type__":"cc.Vec2"},"_trs":{"__type__":"TypedArray","ctor":"Float64Array","array":[0,0,0,0,0,0,1,1,1,1]},"autoReleaseAssets":false},{"__type__":"cc.Node","_name":"Client","_parent":{"__id__":1},"_children":[{"__id__":3},{"__id__":5}],"_components":[{"__type__":"cc.Widget","node":{"__id__":2},"alignMode":0,"_alignFlags":18},{"__type__":"lznnc6e1-74be-413c-b3ff-895376cbaa10","node":{"__id__":2}},{"__type__":"lznn1cbe-ec5a-44e0-b584-1ac605751f89","node":{"__id__":2},"globalEffect":{"__id__":3},"reConnectTip":{"__id__":5}}],"_contentSize":{"__type__":"cc.Size","width":1600,"height":800},"_trs":{"__type__":"TypedArray","ctor":"Float64Array","array":[680,380,0,0,0,0,1,1,1,1]},"_id":"3ae41yReedMYLAa5id05XYh"},{"__type__":"cc.Node","_name":"globalEffect","_parent":{"__id__":2},"_children":[{"__id__":4}],"_active":false,"_trs":{"__type__":"TypedArray","ctor":"Float64Array","array":[0,0,0,0,0,0,1,1,1,1]}},{"__type__":"cc.Node","_parent":{"__id__":3},"_id":"a36c8qma1dJHI0UKV7XhEls","_prefab":{"__type__":"cc.PrefabInfo","root":{"__id__":4},"asset":{"__uuid__":"lznne690-4dbe-4c83-9eda-8851f59658db"},"fileId":"aafe8rMx/5LyJoRBZJPk0MY","sync":true},"_name":"WaitNet","_trs":{"__type__":"TypedArray","ctor":"Float64Array","array":[0,0,0,0,0,0,1,1,1,1]}},{"__type__":"cc.Node","_name":"msgTip","_parent":{"__id__":2},"_children":[{"__id__":6}],"_active":false,"_prefab":{"__type__":"cc.PrefabInfo","root":{"__id__":5},"fileId":"2d1723MgIdLFb/QiDS4DlEB"},"_contentSize":{"__type__":"cc.Size","width":620,"height":140},"_trs":{"__type__":"TypedArray","ctor":"Float64Array","array":[0,0,0,0,0,0,1,1,1,1]}},{"__type__":"cc.Node","_name":"sp_info","_parent":{"__id__":5},"_children":[{"__id__":7}],"_components":[{"__type__":"cc.Sprite","node":{"__id__":6},"_spriteFrame":{"__uuid__":"lznn79ee-8d76-47aa-8227-b2f7c814689a"},"_type":1,"_sizeMode":0},{"__type__":"cc.Widget","node":{"__id__":6},"alignMode":0,"_alignFlags":12,"_top":469,"_bottom":6},{"__type__":"cc.Layout","node":{"__id__":6},"_layoutSize":{"__type__":"cc.Size","width":620,"height":128},"_resize":1,"_N$layoutType":2,"_N$paddingLeft":10,"_N$paddingRight":10,"_N$paddingTop":10,"_N$paddingBottom":10,"_N$spacingX":10}],"_prefab":{"__type__":"cc.PrefabInfo","root":{"__id__":5},"fileId":"53ac6w8BXhJ3JC9j2dc9Enh"},"_contentSize":{"__type__":"cc.Size","width":620,"height":128},"_anchorPoint":{"__type__":"cc.Vec2","y":0.5},"_trs":{"__type__":"TypedArray","ctor":"Float64Array","array":[-310,0,0,0,0,0,1,1,1,1]}},{"__type__":"cc.Node","_name":"lb_info","_parent":{"__id__":6},"_components":[{"__type__":"cc.Label","node":{"__id__":7},"_useOriginalSize":false,"_string":"手牌中有4张红中时立即胡牌，且牌墙中未摸起的牌都为奖码，其中有1、5、9的牌都为中码。","_N$string":"手牌中有4张红中时立即胡牌，且牌墙中未摸起的牌都为奖码，其中有1、5、9的牌都为中码。","_fontSize":30,"_lineHeight":36,"_N$horizontalAlign":1,"_N$verticalAlign":1,"_N$overflow":3}],"_prefab":{"__type__":"cc.PrefabInfo","root":{"__id__":5},"fileId":"171b0GVSPhCwIx14xso0e3w"},"_contentSize":{"__type__":"cc.Size","width":600,"height":108},"_trs":{"__type__":"TypedArray","ctor":"Float64Array","array":[310,0,0,0,0,0,1,1,1,1]}},{"__type__":"cc.Node","_name":"Canvas","_parent":{"__id__":1},"_children":[{"__id__":9},{"__id__":10},{"__id__":13}],"_components":[{"__type__":"cc.Canvas","node":{"__id__":8},"_designResolution":{"__type__":"cc.Size","width":1360,"height":760}},{"__type__":"lznnc80b-61d1-4343-95f1-2fde8a3d3f9f","node":{"__id__":8}}],"_contentSize":{"__type__":"cc.Size","width":1360,"height":760},"_trs":{"__type__":"TypedArray","ctor":"Float64Array","array":[680,380,0,0,0,0,1,1,1,1]},"_id":"2ef4f9Lt0JCt5h5Vidb6BhL"},{"__type__":"cc.Node","_name":"Main Camera","_parent":{"__id__":8},"_components":[{"__type__":"cc.Camera","node":{"__id__":9},"_clearFlags":7,"_depth":-1}],"_trs":{"__type__":"TypedArray","ctor":"Float64Array","array":[0,0,520.4812676744476,0,0,0,1,1,1,1]}},{"__type__":"cc.Node","_name":"backgroundLayer","_parent":{"__id__":8},"_children":[{"__id__":11}],"_components":[{"__type__":"cc.Widget","node":{"__id__":10},"alignMode":0,"_alignFlags":45}],"_contentSize":{"__type__":"cc.Size","width":1360,"height":760},"_trs":{"__type__":"TypedArray","ctor":"Float64Array","array":[0,0,0,0,0,0,1,1,1,1]}},{"__type__":"cc.Node","_name":"bgImage","_parent":{"__id__":10},"_children":[{"__id__":12}],"_components":[{"__type__":"cc.Sprite","node":{"__id__":11},"_materials":[{"__uuid__":"ecpdLyjvZBwrvm+cedCcQy"}],"_spriteFrame":{"__uuid__":"lznnfe07-cc50-4777-86f8-8bbc336f434b"},"_sizeMode":0,"_isTrimmedMode":false},{"__type__":"cc.Widget","node":{"__id__":11},"alignMode":0,"_alignFlags":18,"_originalWidth":760,"_originalHeight":1360}],"_contentSize":{"__type__":"cc.Size","width":1750,"height":800},"_trs":{"__type__":"TypedArray","ctor":"Float64Array","array":[0,0,0,0,0,0,1,1,1,1]}},{"__type__":"cc.Node","_name":"logo","_parent":{"__id__":11},"_active":false,"_components":[{"__type__":"cc.Sprite","node":{"__id__":12},"_spriteFrame":{"__uuid__":"lznnb791-bace-45af-9f48-8cce8bbf018f"}},{"__type__":"cc.Widget","node":{"__id__":12},"alignMode":0,"_alignFlags":17,"_top":108,"_horizontalCenter":50}],"_contentSize":{"__type__":"cc.Size","width":649,"height":238},"_trs":{"__type__":"TypedArray","ctor":"Float64Array","array":[50,173,0,0,0,0,1,1,1,1]}},{"__type__":"cc.Node","_name":"healthText","_parent":{"__id__":8},"_active":false,"_components":[{"__type__":"cc.Label","node":{"__id__":13},"_useOriginalSize":false,"_string":"抵制不良游戏   拒绝盗版游戏   注意自我保护   谨防受骗上当\n\n适度游戏益脑   沉迷游戏伤身   合理安排时间   享受健康生活","_N$string":"抵制不良游戏   拒绝盗版游戏   注意自我保护   谨防受骗上当\n\n适度游戏益脑   沉迷游戏伤身   合理安排时间   享受健康生活","_fontSize":24,"_lineHeight":30,"_N$horizontalAlign":1,"_N$verticalAlign":1},{"__type__":"cc.Widget","node":{"__id__":13},"alignMode":0,"_alignFlags":20,"_top":1120,"_bottom":10,"_originalHeight":90}],"_color":{"__type__":"cc.Color","r":78,"g":77,"b":120},"_contentSize":{"__type__":"cc.Size","width":636.01,"height":90},"_trs":{"__type__":"TypedArray","ctor":"Float64Array","array":[0,-325,0,0,0,0,1,1,1,1]}}],{"__type__":"cc.SpriteFrame","content":{"name":"paipinzhi","texture":"lznnd52f-c3f4-48c7-811e-c4f0bb3c8049","rect":[0,0,27,27],"offset":[0,0],"originalSize":[27,27],"capInsets":[10,10,10,10]}},{"__type__":"cc.SpriteFrame","content":{"name":"logo","texture":"lznn0bb5-733b-4b74-a322-22b31620ac69","rect":[0,0,680,245],"offset":[0,0],"originalSize":[680,245],"capInsets":[0,0,0,0]}},{"__type__":"cc.SpriteFrame","content":{"name":"bg01_sy","texture":"lznn7ecc-029b-4cc8-aadf-03e2a3c5b28e","rect":[0,0,1560,720],"offset":[0,0],"originalSize":[1560,720],"capInsets":[0,0,0,0]}}]