[{"__type__":"cc.SpriteFrame","content":{"name":"ani_qgh_04","texture":"lznn6a36-41b6-47d6-a0c0-c2a827272546","rect":[4,78,1020,254],"offset":[0,-39],"originalSize":[1028,332],"capInsets":[0,0,0,0]}},{"__type__":"cc.SpriteFrame","content":{"name":"ani_qgh_07","texture":"lznn7bf2-443e-4ef4-87c6-26e8c17fe817","rect":[4,8,1021,324],"offset":[0.5,-4],"originalSize":[1028,332],"capInsets":[0,0,0,0]}},{"__type__":"cc.AnimationClip","_name":"qiangganghuAction","_duration":0.6833333333333333,"curveData":{"comps":{"cc.Sprite":{"spriteFrame":[{"frame":0,"value":{"__uuid__":"lznndd52-36bb-4e3a-adba-a4d1cbbf225b"}},{"frame":0.08333333333333333,"value":{"__uuid__":"lznn74cc-2f83-456c-8caf-21b79bd6951f"}},{"frame":0.16666666666666666,"value":{"__uuid__":"lznne1d3-e484-4ca2-936e-52deeca0501d"}},{"frame":0.25,"value":{"__uuid__":"lznn081f-86b6-4e93-8382-48a6b2f41baf"}},{"frame":0.3333333333333333,"value":{"__uuid__":"lznn96d0-8daf-4165-8579-c735644a2823"}},{"frame":0.4166666666666667,"value":{"__uuid__":"lznn3311-ffe3-4263-abd4-245ca088e825"}},{"frame":0.5,"value":{"__uuid__":"lznn1d14-a368-4313-8ece-37794f7323cb"}},{"frame":0.5833333333333334,"value":{"__uuid__":"lznn388f-cdfa-44d3-9450-723cd3e7a551"}},{"frame":0.6666666666666666,"value":{"__uuid__":"lznn6221-b059-4bb2-9df5-454fa2e8cad0"}}]}}}},{"__type__":"cc.SpriteFrame","content":{"name":"ani_qgh_06","texture":"lznne64b-165f-4c58-80a9-95825360d665","rect":[4,32,1021,300],"offset":[0.5,-16],"originalSize":[1028,332],"capInsets":[0,0,0,0]}},{"__type__":"cc.SpriteFrame","content":{"name":"ani_qgh_08","texture":"lznnbe3c-ffec-4b4a-b8be-7fa2e9a82333","rect":[3,0,1022,332],"offset":[0,0],"originalSize":[1028,332],"capInsets":[0,0,0,0]}},{"__type__":"cc.SpriteFrame","content":{"name":"ani_qgh_09","texture":"lznnc8b2-d29a-463d-9c1b-c94520c9b37f","rect":[4,41,1021,291],"offset":[0.5,-20.5],"originalSize":[1028,332],"capInsets":[0,0,0,0]}},{"__type__":"cc.SpriteFrame","content":{"name":"ani_qgh_02","texture":"lznndc0b-2965-496f-80c2-b5008f373a1a","rect":[134,124,761,196],"offset":[0.5,-56],"originalSize":[1028,332],"capInsets":[0,0,0,0]}},{"__type__":"cc.SpriteFrame","content":{"name":"ani_qgh_05","texture":"lznn8dca-eac8-43cb-9373-18df2eb33176","rect":[4,41,1021,291],"offset":[0.5,-20.5],"originalSize":[1028,332],"capInsets":[0,0,0,0]}},{"__type__":"cc.SpriteFrame","content":{"name":"ani_qgh_01","texture":"lznna7a5-16f2-42b6-a2f4-cf8a7c6623a7","rect":[261,147,506,146],"offset":[0,-54],"originalSize":[1028,332],"capInsets":[0,0,0,0]}},{"__type__":"cc.SpriteFrame","content":{"name":"ani_qgh_03","texture":"lznnfbe5-437e-47c6-a460-7d5fe3fc5265","rect":[11,109,1007,223],"offset":[0.5,-54.5],"originalSize":[1028,332],"capInsets":[0,0,0,0]}}]