[[{"__type__":"cc.SceneAsset","_name":"fjsszLaunchScene","scene":{"__id__":1},"asyncLoadAssets":null},{"__type__":"cc.Scene","_name":"New Node","_children":[{"__id__":2},{"__id__":11}],"_active":false,"_anchorPoint":{"__type__":"cc.Vec2"},"_scale":{"__type__":"cc.Vec3","x":0.5933708639705882,"y":0.5933708639705882,"z":1},"_trs":{"__type__":"TypedArray","ctor":"Float64Array","array":[0,0,0,0,0,0,1,1,1,1]},"autoReleaseAssets":false},{"__type__":"cc.Node","_name":"fjsszClient","_parent":{"__id__":1},"_children":[{"__id__":3},{"__id__":8}],"_components":[{"__type__":"cc.Widget","node":{"__id__":2},"alignMode":0,"_alignFlags":18},{"__type__":"fjssz6e1-74be-413c-b3ff-895376cbaa10","node":{"__id__":2},"JS_Name":"sss_BaseComponent"},{"__type__":"fjssz6fe-e8ef-4f86-bea8-0ef9e5f085c1","node":{"__id__":2},"JS_Name":"sss_BaseComponent","globalEffect":{"__id__":3},"reConnectTip":{"__id__":8}}],"_contentSize":{"__type__":"cc.Size","width":1600,"height":800},"_position":{"__type__":"cc.Vec3","x":680,"y":380},"_scale":{"__type__":"cc.Vec3","x":1,"y":1,"z":1},"_trs":{"__type__":"TypedArray","ctor":"Float64Array","array":[0,0,0,0,0,0,1,1,1,1]},"_id":"c1+6z/kNRPuJbJmm5D0Cfo"},{"__type__":"cc.Node","_name":"globalEffect","_parent":{"__id__":2},"_children":[{"__id__":4}],"_position":{"__type__":"cc.Vec3"},"_scale":{"__type__":"cc.Vec3","x":1,"y":1,"z":1},"_trs":{"__type__":"TypedArray","ctor":"Float64Array","array":[0,0,0,0,0,0,1,1,1,1]}},{"__type__":"cc.Node","_name":"WaitNet","_parent":{"__id__":3},"_children":[{"__id__":5},{"__id__":6},{"__id__":7}],"_components":[{"__type__":"cc.Sprite","node":{"__id__":4},"_sizeMode":2,"_isTrimmedMode":false},{"__type__":"cc.Animation","node":{"__id__":4},"_defaultClip":{"__uuid__":"fjssz509-b4bf-4d1c-bd9c-9cd92ea52bd6"},"_clips":[{"__uuid__":"fjssz509-b4bf-4d1c-bd9c-9cd92ea52bd6"}],"playOnLoad":true}],"_prefab":{"__type__":"cc.PrefabInfo","root":{"__id__":4},"asset":{"__uuid__":"fjssz690-4dbe-4c83-9eda-8851f59658db"},"fileId":"aafe8rMx/5LyJoRBZJPk0MY"},"_contentSize":{"__type__":"cc.Size","width":166,"height":127},"_position":{"__type__":"cc.Vec3"},"_scale":{"__type__":"cc.Vec3","x":1,"y":1,"z":1},"_trs":{"__type__":"TypedArray","ctor":"Float64Array","array":[0,0,0,0,0,0,1,1,1,1]}},{"__type__":"cc.Node","_name":"1","_parent":{"__id__":4},"_components":[{"__type__":"cc.Sprite","node":{"__id__":5},"_spriteFrame":{"__uuid__":"fjssz5cc-c5b9-4b78-b4b3-e779564a2480"},"_sizeMode":0,"_isTrimmedMode":false}],"_prefab":{"__type__":"cc.PrefabInfo","root":{"__id__":4},"asset":{"__uuid__":"fjssz690-4dbe-4c83-9eda-8851f59658db"},"fileId":"fa01dRkzzpOyYoKo+iIibgS"},"_contentSize":{"__type__":"cc.Size","width":50,"height":50},"_position":{"__type__":"cc.Vec3"},"_scale":{"__type__":"cc.Vec3","x":1,"y":1,"z":1},"_trs":{"__type__":"TypedArray","ctor":"Float64Array","array":[0,0,0,0,0,0,1,1,1,1]}},{"__type__":"cc.Node","_name":"2","_parent":{"__id__":4},"_components":[{"__type__":"cc.Sprite","node":{"__id__":6},"_spriteFrame":{"__uuid__":"fjssz646-01b5-4f73-9de1-7a864f129246"},"_sizeMode":0,"_isTrimmedMode":false}],"_prefab":{"__type__":"cc.PrefabInfo","root":{"__id__":4},"asset":{"__uuid__":"fjssz690-4dbe-4c83-9eda-8851f59658db"},"fileId":"f0636qdJfpNZ7EyZjQTpOVC"},"_contentSize":{"__type__":"cc.Size","width":140,"height":140},"_position":{"__type__":"cc.Vec3"},"_scale":{"__type__":"cc.Vec3","x":1,"y":1,"z":1},"_trs":{"__type__":"TypedArray","ctor":"Float64Array","array":[0,0,0,0,0,0,1,1,1,1]}},{"__type__":"cc.Node","_name":"3","_parent":{"__id__":4},"_components":[{"__type__":"cc.Sprite","node":{"__id__":7},"_spriteFrame":{"__uuid__":"fjssz470-582e-4452-b4ec-53b2450033f5"},"_sizeMode":0,"_isTrimmedMode":false}],"_prefab":{"__type__":"cc.PrefabInfo","root":{"__id__":4},"asset":{"__uuid__":"fjssz690-4dbe-4c83-9eda-8851f59658db"},"fileId":"be984l0Vm1EuIndyfe1lhEZ"},"_contentSize":{"__type__":"cc.Size","width":140,"height":140},"_position":{"__type__":"cc.Vec3"},"_scale":{"__type__":"cc.Vec3","x":1,"y":1,"z":1},"_trs":{"__type__":"TypedArray","ctor":"Float64Array","array":[0,0,0,0,0,0,1,1,1,1]}},{"__type__":"cc.Node","_name":"msgTip","_parent":{"__id__":2},"_children":[{"__id__":9}],"_active":false,"_contentSize":{"__type__":"cc.Size","width":620,"height":140},"_position":{"__type__":"cc.Vec3"},"_scale":{"__type__":"cc.Vec3","x":1,"y":1,"z":1},"_trs":{"__type__":"TypedArray","ctor":"Float64Array","array":[0,0,0,0,0,0,1,1,1,1]}},{"__type__":"cc.Node","_name":"sp_info","_parent":{"__id__":8},"_children":[{"__id__":10}],"_components":[{"__type__":"cc.Sprite","node":{"__id__":9},"_spriteFrame":{"__uuid__":"fjsszefe-b5fe-40b4-8728-38641d94e2fb"},"_type":1,"_sizeMode":0},{"__type__":"cc.Widget","node":{"__id__":9},"alignMode":0,"_alignFlags":12,"_bottom":42},{"__type__":"cc.Layout","node":{"__id__":9},"_layoutSize":{"__type__":"cc.Size","width":620,"height":56},"_resize":1,"_N$layoutType":2,"_N$paddingTop":10,"_N$paddingBottom":10}],"_contentSize":{"__type__":"cc.Size","width":620,"height":56},"_anchorPoint":{"__type__":"cc.Vec2","y":0.5},"_position":{"__type__":"cc.Vec3","x":-310},"_scale":{"__type__":"cc.Vec3","x":1,"y":1,"z":1},"_trs":{"__type__":"TypedArray","ctor":"Float64Array","array":[0,0,0,0,0,0,1,1,1,1]}},{"__type__":"cc.Node","_name":"lb_info","_parent":{"__id__":9},"_components":[{"__type__":"cc.Label","node":{"__id__":10},"_useOriginalSize":false,"_fontSize":30,"_lineHeight":36,"_N$horizontalAlign":1,"_N$verticalAlign":1,"_N$overflow":3}],"_contentSize":{"__type__":"cc.Size","width":600,"height":36},"_position":{"__type__":"cc.Vec3","x":310},"_scale":{"__type__":"cc.Vec3","x":1,"y":1,"z":1},"_trs":{"__type__":"TypedArray","ctor":"Float64Array","array":[0,0,0,0,0,0,1,1,1,1]}},{"__type__":"cc.Node","_name":"Canvas","_parent":{"__id__":1},"_children":[{"__id__":12},{"__id__":13},{"__id__":16}],"_components":[{"__type__":"cc.Canvas","node":{"__id__":11},"_designResolution":{"__type__":"cc.Size","width":1360,"height":760}},{"__type__":"fjssz854-95fc-41f4-be5c-fbe7094775a2","node":{"__id__":11}}],"_contentSize":{"__type__":"cc.Size","width":1360,"height":760},"_position":{"__type__":"cc.Vec3","x":680,"y":380},"_scale":{"__type__":"cc.Vec3","x":1,"y":1,"z":1},"_trs":{"__type__":"TypedArray","ctor":"Float64Array","array":[0,0,0,0,0,0,1,1,1,1]},"_id":"2bMuguHPdHboJe/jiwHTgL"},{"__type__":"cc.Node","_name":"Main Camera","_parent":{"__id__":11},"_components":[{"__type__":"cc.Camera","node":{"__id__":12},"_clearFlags":7,"_depth":-1}],"_position":{"__type__":"cc.Vec3"},"_scale":{"__type__":"cc.Vec3","x":1,"y":1,"z":1},"_trs":{"__type__":"TypedArray","ctor":"Float64Array","array":[0,0,0,0,0,0,1,1,1,1]}},{"__type__":"cc.Node","_name":"backgroundLayer","_parent":{"__id__":11},"_children":[{"__id__":14}],"_components":[{"__type__":"cc.Widget","node":{"__id__":13},"_alignFlags":45}],"_contentSize":{"__type__":"cc.Size","width":1360,"height":760},"_position":{"__type__":"cc.Vec3"},"_scale":{"__type__":"cc.Vec3","x":1,"y":1,"z":1},"_trs":{"__type__":"TypedArray","ctor":"Float64Array","array":[0,0,0,0,0,0,1,1,1,1]}},{"__type__":"cc.Node","_name":"bgImage","_parent":{"__id__":13},"_children":[{"__id__":15}],"_components":[{"__type__":"cc.Sprite","node":{"__id__":14},"_spriteFrame":{"__uuid__":"fjsszc4a-7ec3-4f16-ad84-ed3352de19b0"}},{"__type__":"cc.Widget","node":{"__id__":14},"_alignFlags":18}],"_contentSize":{"__type__":"cc.Size","width":1750,"height":800},"_position":{"__type__":"cc.Vec3"},"_scale":{"__type__":"cc.Vec3","x":1,"y":1,"z":1},"_trs":{"__type__":"TypedArray","ctor":"Float64Array","array":[0,0,0,0,0,0,1,1,1,1]}},{"__type__":"cc.Node","_name":"logo","_parent":{"__id__":14},"_components":[{"__type__":"cc.Sprite","node":{"__id__":15}},{"__type__":"cc.Widget","node":{"__id__":15},"alignMode":0,"_alignFlags":17,"_top":108,"_horizontalCenter":50}],"_contentSize":{"__type__":"cc.Size","width":680,"height":245},"_position":{"__type__":"cc.Vec3","x":50,"y":169.5},"_scale":{"__type__":"cc.Vec3","x":1,"y":1,"z":1},"_trs":{"__type__":"TypedArray","ctor":"Float64Array","array":[0,0,0,0,0,0,1,1,1,1]}},{"__type__":"cc.Node","_name":"healthText","_parent":{"__id__":11},"_active":false,"_components":[{"__type__":"cc.Label","node":{"__id__":16},"_useOriginalSize":false,"_string":"抵制不良游戏   拒绝盗版游戏   注意自我保护   谨防受骗上当\n\n适度游戏益脑   沉迷游戏伤身   合理安排时间   享受健康生活","_N$string":"抵制不良游戏   拒绝盗版游戏   注意自我保护   谨防受骗上当\n\n适度游戏益脑   沉迷游戏伤身   合理安排时间   享受健康生活","_fontSize":24,"_lineHeight":30,"_N$horizontalAlign":1,"_N$verticalAlign":1},{"__type__":"cc.Widget","node":{"__id__":16},"alignMode":0,"_alignFlags":20,"_bottom":10}],"_color":{"__type__":"cc.Color","r":78,"g":77,"b":120},"_contentSize":{"__type__":"cc.Size","width":636.01,"height":90},"_position":{"__type__":"cc.Vec3","y":-325},"_scale":{"__type__":"cc.Vec3","x":1,"y":1,"z":1},"_trs":{"__type__":"TypedArray","ctor":"Float64Array","array":[0,0,0,0,0,0,1,1,1,1]}}],{"__type__":"cc.SpriteFrame","content":{"name":"outer_ring","texture":"1868595b1","rect":[2,2,140,82],"offset":[0,29],"originalSize":[140,140],"rotated":1,"capInsets":[0,0,0,0]}},{"__type__":"cc.SpriteFrame","content":{"name":"game_loading_01","texture":"1868595b1","rect":[2,257,49,51],"offset":[0.5,0],"originalSize":[50,51],"rotated":1,"capInsets":[0,0,0,0]}},{"__type__":"cc.SpriteFrame","content":{"name":"inner_ring","texture":"1868595b1","rect":[2,146,107,108],"offset":[0.5,0],"originalSize":[140,140],"rotated":1,"capInsets":[0,0,0,0]}},{"__type__":"cc.SpriteFrame","content":{"name":"bg01_sy","texture":"fjssz90d-2a57-4a26-b096-1a8c9ec8c7fb","rect":[0,0,1560,720],"offset":[0,0],"originalSize":[1560,720],"capInsets":[0,0,0,0]}},{"__type__":"cc.SpriteFrame","content":{"name":"paipinzhi","texture":"fjssz721-f91e-4b47-8179-b204f3346eee","rect":[0,0,27,27],"offset":[0,0],"originalSize":[27,27],"capInsets":[10,10,10,10]}}]