[{"__type__":"cc.SpriteFrame","content":{"name":"default_sprite_splash","texture":"02delMVqdBD70a/HSD99FK","rect":[0,0,2,2],"offset":[0,0],"originalSize":[2,2],"capInsets":[0,0,0,0]}},[{"__type__":"cc.Prefab","_name":"fjssz_UIMessage_Drift","data":{"__id__":1}},{"__type__":"cc.Node","_name":"sss_UIMessage_Drift","_children":[{"__id__":2}],"_components":[{"__type__":"cc.Widget","node":{"__id__":1},"alignMode":0,"_alignFlags":18},{"__type__":"cc.Animation","node":{"__id__":1},"_defaultClip":{"__uuid__":"fjsszbca-83d4-4663-bc25-57b717d46a02"},"_clips":[{"__uuid__":"fjsszbca-83d4-4663-bc25-57b717d46a02"}]},{"__type__":"fjsszbf7-1cce-44cd-b5a9-817316a9746d","node":{"__id__":1},"JS_Name":"sss_BaseComponent","ZorderLv":9}],"_prefab":{"__type__":"cc.PrefabInfo","root":{"__id__":1},"asset":{"__uuid__":"fjssz8b2-dad1-48e6-967d-2e4f3c0b6c1f"},"fileId":"8da585oqL1AArhc8ZqpAhN6"},"_trs":{"__type__":"TypedArray","ctor":"Float64Array","array":[680,380,0,0,0,0,1,1,1,1]}},{"__type__":"cc.Node","_name":"bg1","_parent":{"__id__":1},"_children":[{"__id__":3},{"__id__":4}],"_prefab":{"__type__":"cc.PrefabInfo","root":{"__id__":1},"asset":{"__uuid__":"fjssz8b2-dad1-48e6-967d-2e4f3c0b6c1f"},"fileId":"b4230Lx4SFCiKbtwOO8Uo4O"},"_opacity":200,"_contentSize":{"__type__":"cc.Size","width":650,"height":60},"_trs":{"__type__":"TypedArray","ctor":"Float64Array","array":[0,0,0,0,0,0,1,1,1,1]}},{"__type__":"cc.Node","_name":"New Sprite(Splash)","_parent":{"__id__":2},"_components":[{"__type__":"cc.Sprite","node":{"__id__":3},"_spriteFrame":{"__uuid__":"a2MjXRFdtLlYQ5ouAFv/+R"},"_sizeMode":0}],"_prefab":{"__type__":"cc.PrefabInfo","root":{"__id__":1},"asset":{"__uuid__":"fjssz8b2-dad1-48e6-967d-2e4f3c0b6c1f"},"fileId":"e717bKl2exI36V7wijGlVMD"},"_opacity":120,"_color":{"__type__":"cc.Color"},"_contentSize":{"__type__":"cc.Size","width":650,"height":60},"_trs":{"__type__":"TypedArray","ctor":"Float64Array","array":[0,0,0,0,0,0,1,1,1,1]}},{"__type__":"cc.Node","_name":"LabelMessage","_parent":{"__id__":2},"_components":[{"__type__":"cc.Label","node":{"__id__":4},"_useOriginalSize":false,"_string":"悬浮窗口信息","_N$string":"悬浮窗口信息","_fontSize":30,"_lineHeight":30,"_N$horizontalAlign":1,"_N$verticalAlign":1,"_N$overflow":3}],"_prefab":{"__type__":"cc.PrefabInfo","root":{"__id__":1},"asset":{"__uuid__":"fjssz8b2-dad1-48e6-967d-2e4f3c0b6c1f"},"fileId":"125ea0v3PRKzIGXMecR5Leq"},"_contentSize":{"__type__":"cc.Size","width":650,"height":30},"_trs":{"__type__":"TypedArray","ctor":"Float64Array","array":[0,-2,0,0,0,0,1,1,1,1]}}]]