[{"__type__":"cc.SpriteFrame","content":{"name":"icon_checkin","texture":"14a85c1d9","rect":[83,815,39,39],"offset":[0,0],"originalSize":[39,39],"capInsets":[0,0,0,0]}},{"__type__":"cc.SpriteFrame","content":{"name":"icon_qustion","texture":"14a85c1d9","rect":[148,705,34,35],"offset":[0,0],"originalSize":[34,35],"rotated":1,"capInsets":[0,0,0,0]}},{"__type__":"cc.SpriteFrame","content":{"name":"default_btn_disabled","texture":"71VhFCTINJM6/Ky3oX9nBT","rect":[0,0,40,40],"offset":[0,0],"originalSize":[40,40],"capInsets":[12,12,12,12]}},{"__type__":"cc.SpriteFrame","content":{"name":"icon_qk","texture":"79DW3QHh9BbZcXwoRwpnkx","rect":[6,5,54,42],"offset":[0.5,0],"originalSize":[65,52],"capInsets":[0,0,0,0]}},[{"__type__":"cc.Prefab","_name":"ToggleGroup2Item","data":{"__id__":1}},{"__type__":"cc.Node","_name":"ToggleGroup2Item","_children":[{"__id__":2},{"__id__":3},{"__id__":25}],"_components":[{"__type__":"db2d9smtmBMuLpbx9mUlZbb","node":{"__id__":1}}],"_prefab":{"__type__":"cc.PrefabInfo","root":{"__id__":1},"asset":{"__uuid__":"64vOw9gUZHOKi7B/FQHZYk"},"fileId":"da161UaRS5EO6T6dayfZF9R"},"_contentSize":{"__type__":"cc.Size","width":800,"height":60},"_anchorPoint":{"__type__":"cc.Vec2","y":1},"_trs":{"__type__":"TypedArray","ctor":"Float64Array","array":[0,0,0,0,0,0,1,1,1,1]}},{"__type__":"cc.Node","_name":"title","_parent":{"__id__":1},"_components":[{"__type__":"cc.Label","node":{"__id__":2},"_materials":[{"__uuid__":"ecpdLyjvZBwrvm+cedCcQy"}],"_useOriginalSize":false,"_string":"可选玩法：","_N$string":"可选玩法：","_fontSize":36,"_lineHeight":36,"_N$file":{"__uuid__":"5f5wQekV1CGpJW2meZozWn"},"_isSystemFontUsed":false,"_N$verticalAlign":1}],"_prefab":{"__type__":"cc.PrefabInfo","root":{"__id__":1},"asset":{"__uuid__":"64vOw9gUZHOKi7B/FQHZYk"},"fileId":"1bfcdbl9NlBAJQCxTGIVX82"},"_color":{"__type__":"cc.Color","r":136,"g":91,"b":67},"_contentSize":{"__type__":"cc.Size","width":180,"height":45.36},"_anchorPoint":{"__type__":"cc.Vec2","y":0.5},"_trs":{"__type__":"TypedArray","ctor":"Float64Array","array":[0,-30,0,0,0,0,1,1,1,1]}},{"__type__":"cc.Node","_name":"Toggle1","_parent":{"__id__":1},"_children":[{"__id__":4},{"__id__":5},{"__id__":6},{"__id__":7},{"__id__":11},{"__id__":18}],"_prefab":{"__type__":"cc.PrefabInfo","root":{"__id__":1},"asset":{"__uuid__":"64vOw9gUZHOKi7B/FQHZYk"},"fileId":"10de7LK6KRB0Y00xzuKbazA"},"_contentSize":{"__type__":"cc.Size","width":60,"height":60},"_anchorPoint":{"__type__":"cc.Vec2","y":0.5},"_trs":{"__type__":"TypedArray","ctor":"Float64Array","array":[172.6,-30,0,0,0,0,1,1,1,1]}},{"__type__":"cc.Node","_name":"icon_selectBg","_parent":{"__id__":3},"_components":[{"__type__":"cc.Sprite","node":{"__id__":4},"_materials":[{"__uuid__":"ecpdLyjvZBwrvm+cedCcQy"}],"_spriteFrame":{"__uuid__":"68t1d2ly5JH74sd5KmecdM"}}],"_prefab":{"__type__":"cc.PrefabInfo","root":{"__id__":1},"asset":{"__uuid__":"64vOw9gUZHOKi7B/FQHZYk"},"fileId":"3e96d4j7uhJTaz+U1jMr2MT"},"_contentSize":{"__type__":"cc.Size","width":39,"height":39},"_anchorPoint":{"__type__":"cc.Vec2","y":0.5},"_trs":{"__type__":"TypedArray","ctor":"Float64Array","array":[15,0,0,0,0,0,1,1,1,1]}},{"__type__":"cc.Node","_name":"checkmark","_parent":{"__id__":3},"_components":[{"__type__":"cc.Sprite","node":{"__id__":5},"_materials":[{"__uuid__":"ecpdLyjvZBwrvm+cedCcQy"}],"_spriteFrame":{"__uuid__":"04GTqk1thIFJcQ6zbWEgkj"},"_isTrimmedMode":false}],"_prefab":{"__type__":"cc.PrefabInfo","root":{"__id__":1},"asset":{"__uuid__":"64vOw9gUZHOKi7B/FQHZYk"},"fileId":"bbee7yh+oBPqb80VAqvijWz"},"_contentSize":{"__type__":"cc.Size","width":39,"height":39},"_trs":{"__type__":"TypedArray","ctor":"Float64Array","array":[34.2,-0.3,0,0,0,0,1,1,1,1]}},{"__type__":"cc.Node","_name":"label","_parent":{"__id__":3},"_components":[{"__type__":"cc.Label","node":{"__id__":6},"_materials":[{"__uuid__":"ecpdLyjvZBwrvm+cedCcQy"}],"_useOriginalSize":false,"_string":"房主付","_N$string":"房主付","_fontSize":32,"_lineHeight":32,"_N$file":{"__uuid__":"5f5wQekV1CGpJW2meZozWn"},"_isSystemFontUsed":false,"_N$verticalAlign":1}],"_prefab":{"__type__":"cc.PrefabInfo","root":{"__id__":1},"asset":{"__uuid__":"64vOw9gUZHOKi7B/FQHZYk"},"fileId":"7af1flsP/ZIh6Z3hRBjvqyS"},"_color":{"__type__":"cc.Color","g":155,"b":46},"_contentSize":{"__type__":"cc.Size","width":96,"height":40.32},"_anchorPoint":{"__type__":"cc.Vec2","y":0.5},"_trs":{"__type__":"TypedArray","ctor":"Float64Array","array":[64.4,0,0,0,0,0,1,1,1,1]}},{"__type__":"cc.Node","_name":"fangfeiNode","_parent":{"__id__":3},"_children":[{"__id__":8},{"__id__":9},{"__id__":10}],"_prefab":{"__type__":"cc.PrefabInfo","root":{"__id__":1},"asset":{"__uuid__":"64vOw9gUZHOKi7B/FQHZYk"},"fileId":"86b4dWv0uhLMZAVROEjBmVI"},"_trs":{"__type__":"TypedArray","ctor":"Float64Array","array":[180.6,0,0,0,0,0,1,1,1,1]}},{"__type__":"cc.Node","_name":"icon","_parent":{"__id__":7},"_components":[{"__type__":"cc.Sprite","node":{"__id__":8},"_materials":[{"__uuid__":"ecpdLyjvZBwrvm+cedCcQy"}],"_spriteFrame":{"__uuid__":"e9Z0oJZJpDLZmOcXUoNIxa"}}],"_prefab":{"__type__":"cc.PrefabInfo","root":{"__id__":1},"asset":{"__uuid__":"64vOw9gUZHOKi7B/FQHZYk"},"fileId":"d39710ItN5NqY5l65Jalxnd"},"_contentSize":{"__type__":"cc.Size","width":55,"height":56},"_trs":{"__type__":"TypedArray","ctor":"Float64Array","array":[44,-1,0,0,0,0,1,1,1,1]}},{"__type__":"cc.Node","_name":"icon_qk","_parent":{"__id__":7},"_active":false,"_components":[{"__type__":"cc.Sprite","node":{"__id__":9},"_spriteFrame":{"__uuid__":"2ai+xCVqZF1KZtTyhABhF5"}}],"_prefab":{"__type__":"cc.PrefabInfo","root":{"__id__":1},"asset":{"__uuid__":"64vOw9gUZHOKi7B/FQHZYk"},"fileId":"b2b3cbz+i1Iv542FTZaZl62"},"_contentSize":{"__type__":"cc.Size","width":56,"height":46},"_trs":{"__type__":"TypedArray","ctor":"Float64Array","array":[44,5,0,0,0,0,1,1,1,1]}},{"__type__":"cc.Node","_name":"needNum","_parent":{"__id__":7},"_components":[{"__type__":"cc.Label","node":{"__id__":10},"_materials":[{"__uuid__":"ecpdLyjvZBwrvm+cedCcQy"}],"_useOriginalSize":false,"_string":"x32","_N$string":"x32","_fontSize":32,"_lineHeight":32,"_N$file":{"__uuid__":"5f5wQekV1CGpJW2meZozWn"},"_isSystemFontUsed":false,"_N$verticalAlign":1}],"_prefab":{"__type__":"cc.PrefabInfo","root":{"__id__":1},"asset":{"__uuid__":"64vOw9gUZHOKi7B/FQHZYk"},"fileId":"d9d36uOtV9GNrBs6UgwPe/P"},"_color":{"__type__":"cc.Color","r":182,"g":64,"b":12},"_contentSize":{"__type__":"cc.Size","width":52.5,"height":40.32},"_trs":{"__type__":"TypedArray","ctor":"Float64Array","array":[104,0,0,0,0,0,1,1,1,1]}},{"__type__":"cc.Node","_name":"editbox","_parent":{"__id__":3},"_children":[{"__id__":12},{"__id__":14},{"__id__":16}],"_active":false,"_components":[{"__type__":"cc.EditBox","node":{"__id__":11},"_useOriginalSize":false,"_string":"0","maxLength":8,"editingDidBegan":[{"__type__":"cc.ClickEvent","target":{"__id__":1},"_componentId":"db2d9smtmBMuLpbx9mUlZbb","handler":"onEditingDidBegan"}],"textChanged":[{"__type__":"cc.ClickEvent","target":{"__id__":1},"_componentId":"db2d9smtmBMuLpbx9mUlZbb","handler":"onTextChanged"}],"editingDidEnded":[{"__type__":"cc.ClickEvent","target":{"__id__":1},"_componentId":"db2d9smtmBMuLpbx9mUlZbb","handler":"onEditingDidEnded"}],"editingReturn":[{"__type__":"cc.ClickEvent","target":{"__id__":1},"_componentId":"db2d9smtmBMuLpbx9mUlZbb","handler":"onEditingReturn"}],"_N$textLabel":{"__id__":15},"_N$placeholderLabel":{"__id__":17},"_N$background":{"__id__":13},"_N$inputMode":6}],"_prefab":{"__type__":"cc.PrefabInfo","root":{"__id__":1},"asset":{"__uuid__":"64vOw9gUZHOKi7B/FQHZYk"},"fileId":"aa7ufxf05MuZ9p1rNfb8FJ"},"_contentSize":{"__type__":"cc.Size","width":140,"height":45},"_trs":{"__type__":"TypedArray","ctor":"Float64Array","array":[320,0,0,0,0,0,1,1,1,1]}},{"__type__":"cc.Node","_name":"BACKGROUND_SPRITE","_parent":{"__id__":11},"_components":[{"__id__":13},{"__type__":"cc.Widget","node":{"__id__":12},"alignMode":0,"_alignFlags":45,"_originalWidth":160,"_originalHeight":40}],"_prefab":{"__type__":"cc.PrefabInfo","root":{"__id__":1},"asset":{"__uuid__":"64vOw9gUZHOKi7B/FQHZYk"},"fileId":"beLcqcQbhFYr22X7fACefL"},"_contentSize":{"__type__":"cc.Size","width":140,"height":45},"_trs":{"__type__":"TypedArray","ctor":"Float64Array","array":[0,0,0,0,0,0,1,1,1,1]}},{"__type__":"cc.Sprite","node":{"__id__":12},"_materials":[{"__uuid__":"ecpdLyjvZBwrvm+cedCcQy"}],"_spriteFrame":{"__uuid__":"ffDpHHVcZAhqOfy25Fe4w7"},"_type":1,"_sizeMode":0},{"__type__":"cc.Node","_name":"TEXT_LABEL","_parent":{"__id__":11},"_components":[{"__id__":15},{"__type__":"cc.Widget","node":{"__id__":14},"alignMode":0,"_alignFlags":45,"_left":2,"_originalWidth":158,"_originalHeight":40}],"_prefab":{"__type__":"cc.PrefabInfo","root":{"__id__":1},"asset":{"__uuid__":"64vOw9gUZHOKi7B/FQHZYk"},"fileId":"f2vxm5NcFD/oM1IT3uphGL"},"_contentSize":{"__type__":"cc.Size","width":138,"height":45},"_anchorPoint":{"__type__":"cc.Vec2","y":1},"_trs":{"__type__":"TypedArray","ctor":"Float64Array","array":[-68,22.5,0,0,0,0,1,1,1,1]}},{"__type__":"cc.Label","node":{"__id__":14},"_materials":[{"__uuid__":"ecpdLyjvZBwrvm+cedCcQy"}],"_string":"0","_N$string":"0","_fontSize":30,"_enableWrapText":false,"_N$file":{"__uuid__":"5f5wQekV1CGpJW2meZozWn"},"_isSystemFontUsed":false,"_N$horizontalAlign":1,"_N$verticalAlign":1,"_N$overflow":1},{"__type__":"cc.Node","_name":"PLACEHOLDER_LABEL","_parent":{"__id__":11},"_active":false,"_components":[{"__id__":17},{"__type__":"cc.Widget","node":{"__id__":16},"alignMode":0,"_alignFlags":45,"_left":2,"_originalWidth":158,"_originalHeight":40}],"_prefab":{"__type__":"cc.PrefabInfo","root":{"__id__":1},"asset":{"__uuid__":"64vOw9gUZHOKi7B/FQHZYk"},"fileId":"4eIXpIfTVPW5a9YgEkOAn1"},"_color":{"__type__":"cc.Color","r":187,"g":187,"b":187},"_contentSize":{"__type__":"cc.Size","width":140,"height":45},"_anchorPoint":{"__type__":"cc.Vec2","y":1},"_trs":{"__type__":"TypedArray","ctor":"Float64Array","array":[-70,22.5,0,0,0,0,1,1,1,1]}},{"__type__":"cc.Label","node":{"__id__":16},"_materials":[{"__uuid__":"ecpdLyjvZBwrvm+cedCcQy"}],"_string":"0","_N$string":"0","_fontSize":30,"_enableWrapText":false,"_N$file":{"__uuid__":"5f5wQekV1CGpJW2meZozWn"},"_isSystemFontUsed":false,"_N$horizontalAlign":1,"_N$verticalAlign":1,"_N$overflow":1},{"__type__":"cc.Node","_name":"editBoxEX","_parent":{"__id__":3},"_children":[{"__id__":19},{"__id__":21},{"__id__":23}],"_active":false,"_components":[{"__type__":"cc.EditBox","node":{"__id__":18},"_useOriginalSize":false,"maxLength":8,"_N$textLabel":{"__id__":22},"_N$placeholderLabel":{"__id__":24},"_N$background":{"__id__":20},"_N$inputMode":6}],"_prefab":{"__type__":"cc.PrefabInfo","root":{"__id__":1},"asset":{"__uuid__":"64vOw9gUZHOKi7B/FQHZYk"},"fileId":"ecipi2yXhHg6uZuOq9cS/x"},"_contentSize":{"__type__":"cc.Size","width":160,"height":40},"_trs":{"__type__":"TypedArray","ctor":"Float64Array","array":[0,0,0,0,0,0,1,1,1,1]}},{"__type__":"cc.Node","_name":"BACKGROUND_SPRITE","_parent":{"__id__":18},"_components":[{"__id__":20},{"__type__":"cc.Widget","node":{"__id__":19},"alignMode":0,"_alignFlags":45,"_originalWidth":160,"_originalHeight":40}],"_prefab":{"__type__":"cc.PrefabInfo","root":{"__id__":1},"asset":{"__uuid__":"64vOw9gUZHOKi7B/FQHZYk"},"fileId":"7cyaD0LR1Ekq4ekihBsAQ6"},"_contentSize":{"__type__":"cc.Size","width":160,"height":40},"_trs":{"__type__":"TypedArray","ctor":"Float64Array","array":[0,0,0,0,0,0,1,1,1,1]}},{"__type__":"cc.Sprite","node":{"__id__":19},"_materials":[{"__uuid__":"ecpdLyjvZBwrvm+cedCcQy"}],"_spriteFrame":{"__uuid__":"ffDpHHVcZAhqOfy25Fe4w7"},"_type":1,"_sizeMode":0},{"__type__":"cc.Node","_name":"TEXT_LABEL","_parent":{"__id__":18},"_active":false,"_components":[{"__id__":22},{"__type__":"cc.Widget","node":{"__id__":21},"alignMode":0,"_alignFlags":45,"_left":2,"_originalWidth":158,"_originalHeight":40}],"_prefab":{"__type__":"cc.PrefabInfo","root":{"__id__":1},"asset":{"__uuid__":"64vOw9gUZHOKi7B/FQHZYk"},"fileId":"292fCkxllE9b7tfCPv+rfi"},"_contentSize":{"__type__":"cc.Size","width":158,"height":40},"_anchorPoint":{"__type__":"cc.Vec2","y":1},"_trs":{"__type__":"TypedArray","ctor":"Float64Array","array":[-62.823,20,0,0,0,0,1,1,1,1]}},{"__type__":"cc.Label","node":{"__id__":21},"_fontSize":30,"_lineHeight":32,"_enableWrapText":false,"_N$verticalAlign":1,"_N$overflow":1},{"__type__":"cc.Node","_name":"PLACEHOLDER_LABEL","_parent":{"__id__":18},"_components":[{"__id__":24},{"__type__":"cc.Widget","node":{"__id__":23},"alignMode":0,"_alignFlags":45,"_left":15.355999999999995,"_right":-13.355999999999995,"_originalWidth":158,"_originalHeight":40}],"_prefab":{"__type__":"cc.PrefabInfo","root":{"__id__":1},"asset":{"__uuid__":"64vOw9gUZHOKi7B/FQHZYk"},"fileId":"bceuOHhFhJQJ4n+yX68Q6Z"},"_color":{"__type__":"cc.Color","r":187,"g":187,"b":187},"_contentSize":{"__type__":"cc.Size","width":158,"height":40},"_anchorPoint":{"__type__":"cc.Vec2","y":1},"_trs":{"__type__":"TypedArray","ctor":"Float64Array","array":[-64.644,20,0,0,0,0,1,1,1,1]}},{"__type__":"cc.Label","node":{"__id__":23},"_materials":[{"__uuid__":"ecpdLyjvZBwrvm+cedCcQy"}],"_string":"0","_N$string":"0","_fontSize":30,"_lineHeight":32,"_enableWrapText":false,"_N$verticalAlign":1,"_N$overflow":1},{"__type__":"cc.Node","_name":"btn_help","_parent":{"__id__":1},"_components":[{"__type__":"cc.Sprite","node":{"__id__":25},"_materials":[{"__uuid__":"ecpdLyjvZBwrvm+cedCcQy"}],"_spriteFrame":{"__uuid__":"143/bERQZE/amC8bI/8CRX"},"_type":1,"_isTrimmedMode":false},{"__type__":"cc.Button","node":{"__id__":25},"zoomScale":0.9,"_N$transition":3,"transition":3,"_N$pressedColor":{"__type__":"cc.Color","r":255,"g":255,"b":255},"pressedColor":{"__type__":"cc.Color","r":255,"g":255,"b":255},"_N$disabledColor":{"__type__":"cc.Color","r":255,"g":255,"b":255},"_N$pressedSprite":{"__uuid__":"e97GVMl6JHh5Ml5qEDdSGa"},"pressedSprite":{"__uuid__":"e97GVMl6JHh5Ml5qEDdSGa"},"_N$hoverSprite":{"__uuid__":"e97GVMl6JHh5Ml5qEDdSGa"},"hoverSprite":{"__uuid__":"e97GVMl6JHh5Ml5qEDdSGa"},"_N$disabledSprite":{"__uuid__":"29FYIk+N1GYaeWH/q1NxQO"},"_N$target":{"__id__":25}}],"_prefab":{"__type__":"cc.PrefabInfo","root":{"__id__":1},"asset":{"__uuid__":"64vOw9gUZHOKi7B/FQHZYk"},"fileId":"b7ca3Cuq8FKvJwnKeUU4MQl"},"_contentSize":{"__type__":"cc.Size","width":34,"height":35},"_trs":{"__type__":"TypedArray","ctor":"Float64Array","array":[510.8,-30,0,0,0,0,1,1,1,1]}}],{"__type__":"cc.SpriteFrame","content":{"name":"icon_check","texture":"14a85c1d9","rect":[105,665,39,39],"offset":[0,0],"originalSize":[39,39],"capInsets":[0,0,0,0]}},{"__type__":"cc.SpriteFrame","content":{"name":"btn_zs02","texture":"08V8bbtSNGBJIrPTSYqbgB","rect":[1,0,55,56],"offset":[-0.5,1],"originalSize":[58,58],"capInsets":[0,0,0,0]}},{"__type__":"cc.SpriteFrame","content":{"name":"default_btn_pressed","texture":"b4P/PCArtIdIH38t6mlw8Y","rect":[0,0,40,40],"offset":[0,0],"originalSize":[40,40],"capInsets":[12,12,12,12]}},{"__type__":"cc.SpriteFrame","content":{"name":"default_editbox_bg","texture":"ed0hW5J5ZKBar1gflskoHO","rect":[0,0,40,40],"offset":[0,0],"originalSize":[40,40],"capInsets":[12,12,12,12]}}]