[{"__type__":"cc.SpriteFrame","content":{"name":"img_ld","texture":"0fiiBM8QxHEZsay7pKm0Jt","rect":[0,0,54,49],"offset":[0,0],"originalSize":[54,49],"capInsets":[0,0,0,0]}},{"__type__":"cc.SpriteFrame","content":{"name":"default_btn_disabled","texture":"71VhFCTINJM6/Ky3oX9nBT","rect":[0,0,40,40],"offset":[0,0],"originalSize":[40,40],"capInsets":[12,12,12,12]}},[{"__type__":"cc.Prefab","_name":"UIUnionCreate","data":{"__id__":1}},{"__type__":"cc.Node","_name":"UIUnionCreate","_children":[{"__id__":2},{"__id__":3},{"__id__":5},{"__id__":6},{"__id__":13},{"__id__":14},{"__id__":25},{"__id__":26},{"__id__":37},{"__id__":38},{"__id__":45},{"__id__":46},{"__id__":62},{"__id__":63},{"__id__":70},{"__id__":71},{"__id__":82},{"__id__":83},{"__id__":90},{"__id__":91},{"__id__":98},{"__id__":100}],"_components":[{"__type__":"cc.Widget","node":{"__id__":1},"alignMode":0,"_alignFlags":45,"_left":-100,"_right":-100},{"__type__":"cc.Button","node":{"__id__":1},"_N$normalColor":{"__type__":"cc.Color","r":214,"g":214,"b":214},"_N$target":{"__id__":1}},{"__type__":"5dbc1UueRFA1KA7oxvocdMo","node":{"__id__":1},"ZorderLv":7}],"_prefab":{"__type__":"cc.PrefabInfo","root":{"__id__":1},"asset":{"__uuid__":"31Vh9aGhZIX7Yp0h9Nh/Ho"},"fileId":"ccb76QTU+dFxZuJZv82D3cZ"},"_contentSize":{"__type__":"cc.Size","width":1560,"height":760},"_trs":{"__type__":"TypedArray","ctor":"Float64Array","array":[680,380,0,0,0,0,1,1,1,1]}},{"__type__":"cc.Node","_name":"bg","_parent":{"__id__":1},"_components":[{"__type__":"cc.Sprite","node":{"__id__":2},"_materials":[{"__uuid__":"ecpdLyjvZBwrvm+cedCcQy"}],"_spriteFrame":{"__uuid__":"86Zf39gLpJiYJ0+npxhZ2d"},"_type":1,"_sizeMode":0},{"__type__":"cc.Widget","node":{"__id__":2},"alignMode":0,"_alignFlags":45,"_originalWidth":1360,"_originalHeight":1020}],"_prefab":{"__type__":"cc.PrefabInfo","root":{"__id__":1},"asset":{"__uuid__":"31Vh9aGhZIX7Yp0h9Nh/Ho"},"fileId":"c0c01OJl9BBv52IoGQ6g11D"},"_contentSize":{"__type__":"cc.Size","width":1560,"height":760},"_trs":{"__type__":"TypedArray","ctor":"Float64Array","array":[0,0,0,0,0,0,1,1,1,1]}},{"__type__":"cc.Node","_name":"bg_create","_parent":{"__id__":1},"_children":[{"__id__":4}],"_components":[{"__type__":"cc.Sprite","node":{"__id__":3},"_materials":[{"__uuid__":"ecpdLyjvZBwrvm+cedCcQy"}],"_spriteFrame":{"__uuid__":"6fN+Q8N1RJd5OH83vWCIlg"},"_type":1}],"_prefab":{"__type__":"cc.PrefabInfo","root":{"__id__":1},"asset":{"__uuid__":"31Vh9aGhZIX7Yp0h9Nh/Ho"},"fileId":"87adb0bxg1JAIQ0tTLkqH1G"},"_contentSize":{"__type__":"cc.Size","width":1170,"height":724},"_trs":{"__type__":"TypedArray","ctor":"Float64Array","array":[0,3,0,0,0,0,1,1,1,1]}},{"__type__":"cc.Node","_name":"img_t_bt","_parent":{"__id__":3},"_components":[{"__type__":"cc.Sprite","node":{"__id__":4},"_materials":[{"__uuid__":"ecpdLyjvZBwrvm+cedCcQy"}],"_spriteFrame":{"__uuid__":"3fKqeDKPlJzoOLz6uTQiLy"}}],"_prefab":{"__type__":"cc.PrefabInfo","root":{"__id__":1},"asset":{"__uuid__":"31Vh9aGhZIX7Yp0h9Nh/Ho"},"fileId":"45BqLjpVpFUbgZGCZzQyP/"},"_contentSize":{"__type__":"cc.Size","width":209,"height":56},"_trs":{"__type__":"TypedArray","ctor":"Float64Array","array":[0,314,0,0,0,0,1,1,1,1]}},{"__type__":"cc.Node","_name":"lb_1","_parent":{"__id__":1},"_components":[{"__type__":"cc.Label","node":{"__id__":5},"_materials":[{"__uuid__":"ecpdLyjvZBwrvm+cedCcQy"}],"_useOriginalSize":false,"_string":"赛事名称：","_N$string":"赛事名称：","_fontSize":32,"_N$file":{"__uuid__":"5f5wQekV1CGpJW2meZozWn"},"_isSystemFontUsed":false,"_N$horizontalAlign":1,"_N$verticalAlign":1}],"_prefab":{"__type__":"cc.PrefabInfo","root":{"__id__":1},"asset":{"__uuid__":"31Vh9aGhZIX7Yp0h9Nh/Ho"},"fileId":"b9DXcLeetD3pWAERXK8egw"},"_color":{"__type__":"cc.Color","r":112,"g":93,"b":82},"_contentSize":{"__type__":"cc.Size","width":160,"height":50.4},"_anchorPoint":{"__type__":"cc.Vec2","y":0.5},"_trs":{"__type__":"TypedArray","ctor":"Float64Array","array":[-510,187,0,0,0,0,1,1,1,1]}},{"__type__":"cc.Node","_name":"unionNameEditBox","_parent":{"__id__":1},"_children":[{"__id__":7},{"__id__":9},{"__id__":11}],"_components":[{"__type__":"cc.EditBox","node":{"__id__":6},"_useOriginalSize":false,"maxLength":8,"_N$textLabel":{"__id__":10},"_N$placeholderLabel":{"__id__":12},"_N$background":{"__id__":8},"_N$inputMode":6}],"_prefab":{"__type__":"cc.PrefabInfo","root":{"__id__":1},"asset":{"__uuid__":"31Vh9aGhZIX7Yp0h9Nh/Ho"},"fileId":"7avvXslKJBMJzBY2VGJ5Xq"},"_contentSize":{"__type__":"cc.Size","width":280,"height":55},"_trs":{"__type__":"TypedArray","ctor":"Float64Array","array":[-201.963,187,0,0,0,0,1,1,1,1]}},{"__type__":"cc.Node","_name":"BACKGROUND_SPRITE","_parent":{"__id__":6},"_components":[{"__id__":8}],"_prefab":{"__type__":"cc.PrefabInfo","root":{"__id__":1},"asset":{"__uuid__":"31Vh9aGhZIX7Yp0h9Nh/Ho"},"fileId":"9ccKoQNH1DYYwIfq7wpr78"},"_contentSize":{"__type__":"cc.Size","width":280,"height":55},"_trs":{"__type__":"TypedArray","ctor":"Float64Array","array":[0,0,0,0,0,0,1,1,1,1]}},{"__type__":"cc.Sprite","node":{"__id__":7},"_materials":[{"__uuid__":"ecpdLyjvZBwrvm+cedCcQy"}],"_spriteFrame":{"__uuid__":"a8mpyA9rhDiIxOGyQWEFdd"},"_type":1,"_sizeMode":0},{"__type__":"cc.Node","_name":"TEXT_LABEL","_parent":{"__id__":6},"_active":false,"_components":[{"__id__":10}],"_prefab":{"__type__":"cc.PrefabInfo","root":{"__id__":1},"asset":{"__uuid__":"31Vh9aGhZIX7Yp0h9Nh/Ho"},"fileId":"08GI93R5BN/Kc3irrEA3SP"},"_color":{"__type__":"cc.Color","r":139,"g":109,"b":85},"_contentSize":{"__type__":"cc.Size","width":278,"height":55},"_anchorPoint":{"__type__":"cc.Vec2","y":1},"_trs":{"__type__":"TypedArray","ctor":"Float64Array","array":[-138,27.5,0,0,0,0,1,1,1,1]}},{"__type__":"cc.Label","node":{"__id__":9},"_materials":[{"__uuid__":"ecpdLyjvZBwrvm+cedCcQy"}],"_fontSize":30,"_lineHeight":34,"_enableWrapText":false,"_N$file":{"__uuid__":"5f5wQekV1CGpJW2meZozWn"},"_isSystemFontUsed":false,"_N$verticalAlign":1,"_N$overflow":1},{"__type__":"cc.Node","_name":"PLACEHOLDER_LABEL","_parent":{"__id__":6},"_components":[{"__id__":12}],"_prefab":{"__type__":"cc.PrefabInfo","root":{"__id__":1},"asset":{"__uuid__":"31Vh9aGhZIX7Yp0h9Nh/Ho"},"fileId":"f447d+XbVOhoJmn21M+TOS"},"_color":{"__type__":"cc.Color","r":139,"g":109,"b":85},"_contentSize":{"__type__":"cc.Size","width":278,"height":55},"_anchorPoint":{"__type__":"cc.Vec2","y":1},"_trs":{"__type__":"TypedArray","ctor":"Float64Array","array":[-138,27.5,0,0,0,0,1,1,1,1]}},{"__type__":"cc.Label","node":{"__id__":11},"_materials":[{"__uuid__":"ecpdLyjvZBwrvm+cedCcQy"}],"_string":"请输入赛事名称","_N$string":"请输入赛事名称","_fontSize":30,"_lineHeight":34,"_enableWrapText":false,"_N$file":{"__uuid__":"5f5wQekV1CGpJW2meZozWn"},"_isSystemFontUsed":false,"_N$verticalAlign":1,"_N$overflow":1},{"__type__":"cc.Node","_name":"lb_1","_parent":{"__id__":1},"_components":[{"__type__":"cc.Label","node":{"__id__":13},"_materials":[{"__uuid__":"ecpdLyjvZBwrvm+cedCcQy"}],"_useOriginalSize":false,"_string":"加入申请：","_N$string":"加入申请：","_fontSize":32,"_N$file":{"__uuid__":"5f5wQekV1CGpJW2meZozWn"},"_isSystemFontUsed":false,"_N$horizontalAlign":1,"_N$verticalAlign":1}],"_prefab":{"__type__":"cc.PrefabInfo","root":{"__id__":1},"asset":{"__uuid__":"31Vh9aGhZIX7Yp0h9Nh/Ho"},"fileId":"b4IdNtVbdLL4m1DpCxSIXE"},"_color":{"__type__":"cc.Color","r":112,"g":93,"b":82},"_contentSize":{"__type__":"cc.Size","width":160,"height":50.4},"_anchorPoint":{"__type__":"cc.Vec2","y":0.5},"_trs":{"__type__":"TypedArray","ctor":"Float64Array","array":[-510,125,0,0,0,0,1,1,1,1]}},{"__type__":"cc.Node","_name":"joinToggleContainer","_parent":{"__id__":1},"_children":[{"__id__":15},{"__id__":20}],"_components":[{"__type__":"cc.ToggleContainer","node":{"__id__":14}}],"_prefab":{"__type__":"cc.PrefabInfo","root":{"__id__":1},"asset":{"__uuid__":"31Vh9aGhZIX7Yp0h9Nh/Ho"},"fileId":"ace20FIVJHaYRhAV91IhFc"},"_contentSize":{"__type__":"cc.Size","width":221,"height":61},"_trs":{"__type__":"TypedArray","ctor":"Float64Array","array":[-257.799,122,0,0,0,0,1,1,1,1]}},{"__type__":"cc.Node","_name":"toggle1","_parent":{"__id__":14},"_children":[{"__id__":16},{"__id__":17},{"__id__":19}],"_components":[{"__type__":"cc.Toggle","node":{"__id__":15},"_N$transition":3,"transition":3,"_N$normalColor":{"__type__":"cc.Color","r":214,"g":214,"b":214},"_N$target":{"__id__":15},"checkMark":{"__id__":18}}],"_prefab":{"__type__":"cc.PrefabInfo","root":{"__id__":1},"asset":{"__uuid__":"31Vh9aGhZIX7Yp0h9Nh/Ho"},"fileId":"a5hg7hBsJOJ69zEJ2vuzhZ"},"_contentSize":{"__type__":"cc.Size","width":41,"height":28},"_trs":{"__type__":"TypedArray","ctor":"Float64Array","array":[-62,3,0,0,0,0,1,1,1,1]}},{"__type__":"cc.Node","_name":"Background","_parent":{"__id__":15},"_components":[{"__type__":"cc.Sprite","node":{"__id__":16},"_materials":[{"__uuid__":"ecpdLyjvZBwrvm+cedCcQy"}],"_spriteFrame":{"__uuid__":"8bYd+l0D5N/I+Krs+ZAyWN"},"_sizeMode":2,"_isTrimmedMode":false}],"_prefab":{"__type__":"cc.PrefabInfo","root":{"__id__":1},"asset":{"__uuid__":"31Vh9aGhZIX7Yp0h9Nh/Ho"},"fileId":"e5WESDJgRAQqhu+W8kKWg6"},"_contentSize":{"__type__":"cc.Size","width":46,"height":47},"_trs":{"__type__":"TypedArray","ctor":"Float64Array","array":[0,0,0,0,0,0,1,1,1,1]}},{"__type__":"cc.Node","_name":"checkmark","_parent":{"__id__":15},"_components":[{"__id__":18}],"_prefab":{"__type__":"cc.PrefabInfo","root":{"__id__":1},"asset":{"__uuid__":"31Vh9aGhZIX7Yp0h9Nh/Ho"},"fileId":"a7K73X5y5K66TmIvrisyLB"},"_contentSize":{"__type__":"cc.Size","width":46,"height":47},"_trs":{"__type__":"TypedArray","ctor":"Float64Array","array":[0,0,0,0,0,0,1,1,1,1]}},{"__type__":"cc.Sprite","node":{"__id__":17},"_materials":[{"__uuid__":"ecpdLyjvZBwrvm+cedCcQy"}],"_spriteFrame":{"__uuid__":"efJgDcAu1Nj5cKr4PK8qyM"},"_sizeMode":2,"_isTrimmedMode":false},{"__type__":"cc.Node","_name":"New Label","_parent":{"__id__":15},"_components":[{"__type__":"cc.Label","node":{"__id__":19},"_materials":[{"__uuid__":"ecpdLyjvZBwrvm+cedCcQy"}],"_useOriginalSize":false,"_string":"需要审核","_N$string":"需要审核","_fontSize":28,"_lineHeight":30,"_N$file":{"__uuid__":"5f5wQekV1CGpJW2meZozWn"},"_isSystemFontUsed":false,"_N$horizontalAlign":1,"_N$verticalAlign":1}],"_prefab":{"__type__":"cc.PrefabInfo","root":{"__id__":1},"asset":{"__uuid__":"31Vh9aGhZIX7Yp0h9Nh/Ho"},"fileId":"0fnOVKuXxLyqj8i5uT0cBG"},"_color":{"__type__":"cc.Color","r":112,"g":93,"b":82},"_contentSize":{"__type__":"cc.Size","width":112,"height":37.8},"_trs":{"__type__":"TypedArray","ctor":"Float64Array","array":[89.103,0,0,0,0,0,1,1,1,1]}},{"__type__":"cc.Node","_name":"toggle2","_parent":{"__id__":14},"_children":[{"__id__":21},{"__id__":22},{"__id__":24}],"_components":[{"__type__":"cc.Toggle","node":{"__id__":20},"_N$transition":3,"transition":3,"_N$normalColor":{"__type__":"cc.Color","r":214,"g":214,"b":214},"_N$target":{"__id__":20},"_N$isChecked":false,"checkMark":{"__id__":23}}],"_prefab":{"__type__":"cc.PrefabInfo","root":{"__id__":1},"asset":{"__uuid__":"31Vh9aGhZIX7Yp0h9Nh/Ho"},"fileId":"d1LkMXnoJNa7kVHTTNHouY"},"_contentSize":{"__type__":"cc.Size","width":42,"height":28},"_trs":{"__type__":"TypedArray","ctor":"Float64Array","array":[173.624,3,0,0,0,0,1,1,1,1]}},{"__type__":"cc.Node","_name":"Background","_parent":{"__id__":20},"_components":[{"__type__":"cc.Sprite","node":{"__id__":21},"_materials":[{"__uuid__":"ecpdLyjvZBwrvm+cedCcQy"}],"_spriteFrame":{"__uuid__":"8bYd+l0D5N/I+Krs+ZAyWN"},"_sizeMode":2,"_isTrimmedMode":false}],"_prefab":{"__type__":"cc.PrefabInfo","root":{"__id__":1},"asset":{"__uuid__":"31Vh9aGhZIX7Yp0h9Nh/Ho"},"fileId":"84RKjRHH5CjL5YxFzESUkH"},"_contentSize":{"__type__":"cc.Size","width":46,"height":47},"_trs":{"__type__":"TypedArray","ctor":"Float64Array","array":[0,0,0,0,0,0,1,1,1,1]}},{"__type__":"cc.Node","_name":"checkmark","_parent":{"__id__":20},"_active":false,"_components":[{"__id__":23}],"_prefab":{"__type__":"cc.PrefabInfo","root":{"__id__":1},"asset":{"__uuid__":"31Vh9aGhZIX7Yp0h9Nh/Ho"},"fileId":"a4gZgcL5lK549izmjKt98k"},"_contentSize":{"__type__":"cc.Size","width":46,"height":47},"_trs":{"__type__":"TypedArray","ctor":"Float64Array","array":[0,0,0,0,0,0,1,1,1,1]}},{"__type__":"cc.Sprite","node":{"__id__":22},"_materials":[{"__uuid__":"ecpdLyjvZBwrvm+cedCcQy"}],"_spriteFrame":{"__uuid__":"efJgDcAu1Nj5cKr4PK8qyM"},"_sizeMode":2,"_isTrimmedMode":false},{"__type__":"cc.Node","_name":"New Label","_parent":{"__id__":20},"_components":[{"__type__":"cc.Label","node":{"__id__":24},"_materials":[{"__uuid__":"ecpdLyjvZBwrvm+cedCcQy"}],"_useOriginalSize":false,"_string":"不需要审核","_N$string":"不需要审核","_fontSize":28,"_lineHeight":30,"_N$file":{"__uuid__":"5f5wQekV1CGpJW2meZozWn"},"_isSystemFontUsed":false,"_N$horizontalAlign":1,"_N$verticalAlign":1}],"_prefab":{"__type__":"cc.PrefabInfo","root":{"__id__":1},"asset":{"__uuid__":"31Vh9aGhZIX7Yp0h9Nh/Ho"},"fileId":"99TR8ddqlAirxsR9xdrvVF"},"_color":{"__type__":"cc.Color","r":112,"g":93,"b":82},"_contentSize":{"__type__":"cc.Size","width":140,"height":37.8},"_trs":{"__type__":"TypedArray","ctor":"Float64Array","array":[104.144,0,0,0,0,0,1,1,1,1]}},{"__type__":"cc.Node","_name":"lb_1","_parent":{"__id__":1},"_components":[{"__type__":"cc.Label","node":{"__id__":25},"_materials":[{"__uuid__":"ecpdLyjvZBwrvm+cedCcQy"}],"_useOriginalSize":false,"_string":"退出申请：","_N$string":"退出申请：","_fontSize":32,"_N$file":{"__uuid__":"5f5wQekV1CGpJW2meZozWn"},"_isSystemFontUsed":false,"_N$horizontalAlign":1,"_N$verticalAlign":1}],"_prefab":{"__type__":"cc.PrefabInfo","root":{"__id__":1},"asset":{"__uuid__":"31Vh9aGhZIX7Yp0h9Nh/Ho"},"fileId":"2eOG+KX5VETqd6csoNw/bN"},"_color":{"__type__":"cc.Color","r":112,"g":93,"b":82},"_contentSize":{"__type__":"cc.Size","width":160,"height":50.4},"_anchorPoint":{"__type__":"cc.Vec2","y":0.5},"_trs":{"__type__":"TypedArray","ctor":"Float64Array","array":[-510,63.712,0,0,0,0,1,1,1,1]}},{"__type__":"cc.Node","_name":"quitToggleContainer","_parent":{"__id__":1},"_children":[{"__id__":27},{"__id__":32}],"_components":[{"__type__":"cc.ToggleContainer","node":{"__id__":26}}],"_prefab":{"__type__":"cc.PrefabInfo","root":{"__id__":1},"asset":{"__uuid__":"31Vh9aGhZIX7Yp0h9Nh/Ho"},"fileId":"4dUaCvvUxBrK/cTIgd1I8+"},"_contentSize":{"__type__":"cc.Size","width":221,"height":61},"_trs":{"__type__":"TypedArray","ctor":"Float64Array","array":[-257.799,60.712,0,0,0,0,1,1,1,1]}},{"__type__":"cc.Node","_name":"toggle1","_parent":{"__id__":26},"_children":[{"__id__":28},{"__id__":29},{"__id__":31}],"_components":[{"__type__":"cc.Toggle","node":{"__id__":27},"_N$transition":3,"transition":3,"_N$normalColor":{"__type__":"cc.Color","r":214,"g":214,"b":214},"_N$target":{"__id__":27},"checkMark":{"__id__":30}}],"_prefab":{"__type__":"cc.PrefabInfo","root":{"__id__":1},"asset":{"__uuid__":"31Vh9aGhZIX7Yp0h9Nh/Ho"},"fileId":"561iF8W2xKM4SyXTryrOhX"},"_contentSize":{"__type__":"cc.Size","width":41,"height":28},"_trs":{"__type__":"TypedArray","ctor":"Float64Array","array":[-62,3,0,0,0,0,1,1,1,1]}},{"__type__":"cc.Node","_name":"Background","_parent":{"__id__":27},"_components":[{"__type__":"cc.Sprite","node":{"__id__":28},"_materials":[{"__uuid__":"ecpdLyjvZBwrvm+cedCcQy"}],"_spriteFrame":{"__uuid__":"8bYd+l0D5N/I+Krs+ZAyWN"},"_sizeMode":2,"_isTrimmedMode":false}],"_prefab":{"__type__":"cc.PrefabInfo","root":{"__id__":1},"asset":{"__uuid__":"31Vh9aGhZIX7Yp0h9Nh/Ho"},"fileId":"d9QfkpLF9H+YE713N3eU0f"},"_contentSize":{"__type__":"cc.Size","width":46,"height":47},"_trs":{"__type__":"TypedArray","ctor":"Float64Array","array":[0,0,0,0,0,0,1,1,1,1]}},{"__type__":"cc.Node","_name":"checkmark","_parent":{"__id__":27},"_components":[{"__id__":30}],"_prefab":{"__type__":"cc.PrefabInfo","root":{"__id__":1},"asset":{"__uuid__":"31Vh9aGhZIX7Yp0h9Nh/Ho"},"fileId":"37/C4ZlE5IRLe6AliAKwuO"},"_contentSize":{"__type__":"cc.Size","width":46,"height":47},"_trs":{"__type__":"TypedArray","ctor":"Float64Array","array":[0,0,0,0,0,0,1,1,1,1]}},{"__type__":"cc.Sprite","node":{"__id__":29},"_materials":[{"__uuid__":"ecpdLyjvZBwrvm+cedCcQy"}],"_spriteFrame":{"__uuid__":"efJgDcAu1Nj5cKr4PK8qyM"},"_sizeMode":2,"_isTrimmedMode":false},{"__type__":"cc.Node","_name":"New Label","_parent":{"__id__":27},"_components":[{"__type__":"cc.Label","node":{"__id__":31},"_materials":[{"__uuid__":"ecpdLyjvZBwrvm+cedCcQy"}],"_useOriginalSize":false,"_string":"需要审核","_N$string":"需要审核","_fontSize":28,"_lineHeight":30,"_N$file":{"__uuid__":"5f5wQekV1CGpJW2meZozWn"},"_isSystemFontUsed":false,"_N$horizontalAlign":1,"_N$verticalAlign":1}],"_prefab":{"__type__":"cc.PrefabInfo","root":{"__id__":1},"asset":{"__uuid__":"31Vh9aGhZIX7Yp0h9Nh/Ho"},"fileId":"7auM09ejlCWKgbKx3Ilz4y"},"_color":{"__type__":"cc.Color","r":112,"g":93,"b":82},"_contentSize":{"__type__":"cc.Size","width":112,"height":37.8},"_trs":{"__type__":"TypedArray","ctor":"Float64Array","array":[89.103,0,0,0,0,0,1,1,1,1]}},{"__type__":"cc.Node","_name":"toggle2","_parent":{"__id__":26},"_children":[{"__id__":33},{"__id__":34},{"__id__":36}],"_components":[{"__type__":"cc.Toggle","node":{"__id__":32},"_N$transition":3,"transition":3,"_N$normalColor":{"__type__":"cc.Color","r":214,"g":214,"b":214},"_N$target":{"__id__":32},"_N$isChecked":false,"checkMark":{"__id__":35}}],"_prefab":{"__type__":"cc.PrefabInfo","root":{"__id__":1},"asset":{"__uuid__":"31Vh9aGhZIX7Yp0h9Nh/Ho"},"fileId":"cd0VKcPi1DIIy4A+Cfxcv1"},"_contentSize":{"__type__":"cc.Size","width":42,"height":28},"_trs":{"__type__":"TypedArray","ctor":"Float64Array","array":[173.624,3,0,0,0,0,1,1,1,1]}},{"__type__":"cc.Node","_name":"Background","_parent":{"__id__":32},"_components":[{"__type__":"cc.Sprite","node":{"__id__":33},"_materials":[{"__uuid__":"ecpdLyjvZBwrvm+cedCcQy"}],"_spriteFrame":{"__uuid__":"8bYd+l0D5N/I+Krs+ZAyWN"},"_sizeMode":2,"_isTrimmedMode":false}],"_prefab":{"__type__":"cc.PrefabInfo","root":{"__id__":1},"asset":{"__uuid__":"31Vh9aGhZIX7Yp0h9Nh/Ho"},"fileId":"40R5wubX5I3ryTozcoTrKl"},"_contentSize":{"__type__":"cc.Size","width":46,"height":47},"_trs":{"__type__":"TypedArray","ctor":"Float64Array","array":[0,0,0,0,0,0,1,1,1,1]}},{"__type__":"cc.Node","_name":"checkmark","_parent":{"__id__":32},"_active":false,"_components":[{"__id__":35}],"_prefab":{"__type__":"cc.PrefabInfo","root":{"__id__":1},"asset":{"__uuid__":"31Vh9aGhZIX7Yp0h9Nh/Ho"},"fileId":"4axKds63FECpx2qxFfvP87"},"_contentSize":{"__type__":"cc.Size","width":46,"height":47},"_trs":{"__type__":"TypedArray","ctor":"Float64Array","array":[0,0,0,0,0,0,1,1,1,1]}},{"__type__":"cc.Sprite","node":{"__id__":34},"_materials":[{"__uuid__":"ecpdLyjvZBwrvm+cedCcQy"}],"_spriteFrame":{"__uuid__":"efJgDcAu1Nj5cKr4PK8qyM"},"_sizeMode":2,"_isTrimmedMode":false},{"__type__":"cc.Node","_name":"New Label","_parent":{"__id__":32},"_components":[{"__type__":"cc.Label","node":{"__id__":36},"_materials":[{"__uuid__":"ecpdLyjvZBwrvm+cedCcQy"}],"_useOriginalSize":false,"_string":"不需要审核","_N$string":"不需要审核","_fontSize":28,"_lineHeight":30,"_N$file":{"__uuid__":"5f5wQekV1CGpJW2meZozWn"},"_isSystemFontUsed":false,"_N$horizontalAlign":1,"_N$verticalAlign":1}],"_prefab":{"__type__":"cc.PrefabInfo","root":{"__id__":1},"asset":{"__uuid__":"31Vh9aGhZIX7Yp0h9Nh/Ho"},"fileId":"2bnpeL0kVPrYkV57qbxzhE"},"_color":{"__type__":"cc.Color","r":112,"g":93,"b":82},"_contentSize":{"__type__":"cc.Size","width":140,"height":37.8},"_trs":{"__type__":"TypedArray","ctor":"Float64Array","array":[104.144,0,0,0,0,0,1,1,1,1]}},{"__type__":"cc.Node","_name":"lb_1","_parent":{"__id__":1},"_components":[{"__type__":"cc.Label","node":{"__id__":37},"_materials":[{"__uuid__":"ecpdLyjvZBwrvm+cedCcQy"}],"_useOriginalSize":false,"_string":"裁判力度：","_N$string":"裁判力度：","_fontSize":32,"_N$file":{"__uuid__":"5f5wQekV1CGpJW2meZozWn"},"_isSystemFontUsed":false,"_N$horizontalAlign":1,"_N$verticalAlign":1}],"_prefab":{"__type__":"cc.PrefabInfo","root":{"__id__":1},"asset":{"__uuid__":"31Vh9aGhZIX7Yp0h9Nh/Ho"},"fileId":"8djy+0hXpHGrFzl9QxPZ9j"},"_color":{"__type__":"cc.Color","r":112,"g":93,"b":82},"_contentSize":{"__type__":"cc.Size","width":160,"height":50.4},"_anchorPoint":{"__type__":"cc.Vec2","y":0.5},"_trs":{"__type__":"TypedArray","ctor":"Float64Array","array":[-510,-1.5710000000000015,0,0,0,0,1,1,1,1]}},{"__type__":"cc.Node","_name":"sportsPointEditBox","_parent":{"__id__":1},"_children":[{"__id__":39},{"__id__":41},{"__id__":43}],"_components":[{"__type__":"cc.EditBox","node":{"__id__":38},"_useOriginalSize":false,"maxLength":8,"_N$textLabel":{"__id__":42},"_N$placeholderLabel":{"__id__":44},"_N$background":{"__id__":40},"_N$inputMode":6}],"_prefab":{"__type__":"cc.PrefabInfo","root":{"__id__":1},"asset":{"__uuid__":"31Vh9aGhZIX7Yp0h9Nh/Ho"},"fileId":"dcJIU8AZhOm7aJCb0vYYja"},"_contentSize":{"__type__":"cc.Size","width":100,"height":55},"_trs":{"__type__":"TypedArray","ctor":"Float64Array","array":[-293.286,-1.571,0,0,0,0,1,1,1,1]}},{"__type__":"cc.Node","_name":"BACKGROUND_SPRITE","_parent":{"__id__":38},"_components":[{"__id__":40}],"_prefab":{"__type__":"cc.PrefabInfo","root":{"__id__":1},"asset":{"__uuid__":"31Vh9aGhZIX7Yp0h9Nh/Ho"},"fileId":"d7uz0WHx9Ep5e5xnvWcyBH"},"_contentSize":{"__type__":"cc.Size","width":100,"height":55},"_trs":{"__type__":"TypedArray","ctor":"Float64Array","array":[0,0,0,0,0,0,1,1,1,1]}},{"__type__":"cc.Sprite","node":{"__id__":39},"_materials":[{"__uuid__":"ecpdLyjvZBwrvm+cedCcQy"}],"_spriteFrame":{"__uuid__":"a8mpyA9rhDiIxOGyQWEFdd"},"_type":1,"_sizeMode":0},{"__type__":"cc.Node","_name":"TEXT_LABEL","_parent":{"__id__":38},"_active":false,"_components":[{"__id__":42}],"_prefab":{"__type__":"cc.PrefabInfo","root":{"__id__":1},"asset":{"__uuid__":"31Vh9aGhZIX7Yp0h9Nh/Ho"},"fileId":"4dxJynU4JIh5NPrfMoQZhw"},"_color":{"__type__":"cc.Color","r":113,"g":101,"b":71},"_contentSize":{"__type__":"cc.Size","width":100,"height":55},"_anchorPoint":{"__type__":"cc.Vec2","y":1},"_trs":{"__type__":"TypedArray","ctor":"Float64Array","array":[-42.02,27.5,0,0,0,0,1,1,1,1]}},{"__type__":"cc.Label","node":{"__id__":41},"_materials":[{"__uuid__":"ecpdLyjvZBwrvm+cedCcQy"}],"_fontSize":30,"_lineHeight":34,"_enableWrapText":false,"_N$file":{"__uuid__":"5f5wQekV1CGpJW2meZozWn"},"_isSystemFontUsed":false,"_N$verticalAlign":1,"_N$overflow":1},{"__type__":"cc.Node","_name":"PLACEHOLDER_LABEL","_parent":{"__id__":38},"_components":[{"__id__":44}],"_prefab":{"__type__":"cc.PrefabInfo","root":{"__id__":1},"asset":{"__uuid__":"31Vh9aGhZIX7Yp0h9Nh/Ho"},"fileId":"d4JoZGlA5Kq6YHDKvOskN0"},"_color":{"__type__":"cc.Color","r":139,"g":109,"b":85},"_contentSize":{"__type__":"cc.Size","width":100,"height":55},"_anchorPoint":{"__type__":"cc.Vec2","y":1},"_trs":{"__type__":"TypedArray","ctor":"Float64Array","array":[-42.02,27.5,0,0,0,0,1,1,1,1]}},{"__type__":"cc.Label","node":{"__id__":43},"_materials":[{"__uuid__":"ecpdLyjvZBwrvm+cedCcQy"}],"_fontSize":30,"_lineHeight":34,"_enableWrapText":false,"_N$file":{"__uuid__":"5f5wQekV1CGpJW2meZozWn"},"_isSystemFontUsed":false,"_N$verticalAlign":1,"_N$overflow":1},{"__type__":"cc.Node","_name":"lb_1","_parent":{"__id__":1},"_components":[{"__type__":"cc.Label","node":{"__id__":45},"_materials":[{"__uuid__":"ecpdLyjvZBwrvm+cedCcQy"}],"_useOriginalSize":false,"_string":"赛事频率：","_N$string":"赛事频率：","_fontSize":32,"_N$file":{"__uuid__":"5f5wQekV1CGpJW2meZozWn"},"_isSystemFontUsed":false,"_N$horizontalAlign":1,"_N$verticalAlign":1}],"_prefab":{"__type__":"cc.PrefabInfo","root":{"__id__":1},"asset":{"__uuid__":"31Vh9aGhZIX7Yp0h9Nh/Ho"},"fileId":"39eViym/ZPi7Ei5SYvotS1"},"_color":{"__type__":"cc.Color","r":112,"g":93,"b":82},"_contentSize":{"__type__":"cc.Size","width":160,"height":50.4},"_anchorPoint":{"__type__":"cc.Vec2","y":0.5},"_trs":{"__type__":"TypedArray","ctor":"Float64Array","array":[-510,-71.526,0,0,0,0,1,1,1,1]}},{"__type__":"cc.Node","_name":"matchRateToggleContainer","_parent":{"__id__":1},"_children":[{"__id__":47},{"__id__":52},{"__id__":57}],"_components":[{"__type__":"cc.ToggleContainer","node":{"__id__":46}}],"_prefab":{"__type__":"cc.PrefabInfo","root":{"__id__":1},"asset":{"__uuid__":"31Vh9aGhZIX7Yp0h9Nh/Ho"},"fileId":"67ZA8g/etFuLXApGXH9INV"},"_contentSize":{"__type__":"cc.Size","width":221,"height":61},"_trs":{"__type__":"TypedArray","ctor":"Float64Array","array":[-257.799,-74.526,0,0,0,0,1,1,1,1]}},{"__type__":"cc.Node","_name":"toggle1","_parent":{"__id__":46},"_children":[{"__id__":48},{"__id__":49},{"__id__":51}],"_components":[{"__type__":"cc.Toggle","node":{"__id__":47},"_N$transition":3,"transition":3,"_N$normalColor":{"__type__":"cc.Color","r":214,"g":214,"b":214},"_N$target":{"__id__":47},"checkMark":{"__id__":50}}],"_prefab":{"__type__":"cc.PrefabInfo","root":{"__id__":1},"asset":{"__uuid__":"31Vh9aGhZIX7Yp0h9Nh/Ho"},"fileId":"dd66WYGANNKJ6PKbJAlPcZ"},"_contentSize":{"__type__":"cc.Size","width":41,"height":28},"_trs":{"__type__":"TypedArray","ctor":"Float64Array","array":[-62,3,0,0,0,0,1,1,1,1]}},{"__type__":"cc.Node","_name":"Background","_parent":{"__id__":47},"_components":[{"__type__":"cc.Sprite","node":{"__id__":48},"_materials":[{"__uuid__":"ecpdLyjvZBwrvm+cedCcQy"}],"_spriteFrame":{"__uuid__":"8bYd+l0D5N/I+Krs+ZAyWN"},"_sizeMode":2,"_isTrimmedMode":false}],"_prefab":{"__type__":"cc.PrefabInfo","root":{"__id__":1},"asset":{"__uuid__":"31Vh9aGhZIX7Yp0h9Nh/Ho"},"fileId":"96ktwj0vNMFoKh64B+cm2x"},"_contentSize":{"__type__":"cc.Size","width":46,"height":47},"_trs":{"__type__":"TypedArray","ctor":"Float64Array","array":[0,0,0,0,0,0,1,1,1,1]}},{"__type__":"cc.Node","_name":"checkmark","_parent":{"__id__":47},"_components":[{"__id__":50}],"_prefab":{"__type__":"cc.PrefabInfo","root":{"__id__":1},"asset":{"__uuid__":"31Vh9aGhZIX7Yp0h9Nh/Ho"},"fileId":"70sAG+xbZLDLsl0/FZE7Ht"},"_contentSize":{"__type__":"cc.Size","width":46,"height":47},"_trs":{"__type__":"TypedArray","ctor":"Float64Array","array":[0,0,0,0,0,0,1,1,1,1]}},{"__type__":"cc.Sprite","node":{"__id__":49},"_materials":[{"__uuid__":"ecpdLyjvZBwrvm+cedCcQy"}],"_spriteFrame":{"__uuid__":"efJgDcAu1Nj5cKr4PK8qyM"},"_sizeMode":2,"_isTrimmedMode":false},{"__type__":"cc.Node","_name":"New Label","_parent":{"__id__":47},"_components":[{"__type__":"cc.Label","node":{"__id__":51},"_materials":[{"__uuid__":"ecpdLyjvZBwrvm+cedCcQy"}],"_useOriginalSize":false,"_string":"30天","_N$string":"30天","_fontSize":28,"_lineHeight":30,"_N$file":{"__uuid__":"5f5wQekV1CGpJW2meZozWn"},"_isSystemFontUsed":false,"_N$horizontalAlign":1,"_N$verticalAlign":1}],"_prefab":{"__type__":"cc.PrefabInfo","root":{"__id__":1},"asset":{"__uuid__":"31Vh9aGhZIX7Yp0h9Nh/Ho"},"fileId":"26a9tP+QxIJKsXcTlYXkta"},"_color":{"__type__":"cc.Color","r":112,"g":93,"b":82},"_contentSize":{"__type__":"cc.Size","width":59.94,"height":37.8},"_trs":{"__type__":"TypedArray","ctor":"Float64Array","array":[73.865,0,0,0,0,0,1,1,1,1]}},{"__type__":"cc.Node","_name":"toggle2","_parent":{"__id__":46},"_children":[{"__id__":53},{"__id__":54},{"__id__":56}],"_components":[{"__type__":"cc.Toggle","node":{"__id__":52},"_N$transition":3,"transition":3,"_N$normalColor":{"__type__":"cc.Color","r":214,"g":214,"b":214},"_N$target":{"__id__":52},"_N$isChecked":false,"checkMark":{"__id__":55}}],"_prefab":{"__type__":"cc.PrefabInfo","root":{"__id__":1},"asset":{"__uuid__":"31Vh9aGhZIX7Yp0h9Nh/Ho"},"fileId":"7csNf99TlIO4v0EGHdyJjp"},"_contentSize":{"__type__":"cc.Size","width":42,"height":28},"_trs":{"__type__":"TypedArray","ctor":"Float64Array","array":[116.481,3,0,0,0,0,1,1,1,1]}},{"__type__":"cc.Node","_name":"Background","_parent":{"__id__":52},"_components":[{"__type__":"cc.Sprite","node":{"__id__":53},"_materials":[{"__uuid__":"ecpdLyjvZBwrvm+cedCcQy"}],"_spriteFrame":{"__uuid__":"8bYd+l0D5N/I+Krs+ZAyWN"},"_sizeMode":2,"_isTrimmedMode":false}],"_prefab":{"__type__":"cc.PrefabInfo","root":{"__id__":1},"asset":{"__uuid__":"31Vh9aGhZIX7Yp0h9Nh/Ho"},"fileId":"80vaJZcUFOTLvKEumT1QiU"},"_contentSize":{"__type__":"cc.Size","width":46,"height":47},"_trs":{"__type__":"TypedArray","ctor":"Float64Array","array":[0,0,0,0,0,0,1,1,1,1]}},{"__type__":"cc.Node","_name":"checkmark","_parent":{"__id__":52},"_active":false,"_components":[{"__id__":55}],"_prefab":{"__type__":"cc.PrefabInfo","root":{"__id__":1},"asset":{"__uuid__":"31Vh9aGhZIX7Yp0h9Nh/Ho"},"fileId":"800uFNb1dMD5JkCuz5iRUu"},"_contentSize":{"__type__":"cc.Size","width":46,"height":47},"_trs":{"__type__":"TypedArray","ctor":"Float64Array","array":[0,0,0,0,0,0,1,1,1,1]}},{"__type__":"cc.Sprite","node":{"__id__":54},"_materials":[{"__uuid__":"ecpdLyjvZBwrvm+cedCcQy"}],"_spriteFrame":{"__uuid__":"efJgDcAu1Nj5cKr4PK8qyM"},"_sizeMode":2,"_isTrimmedMode":false},{"__type__":"cc.Node","_name":"New Label","_parent":{"__id__":52},"_components":[{"__type__":"cc.Label","node":{"__id__":56},"_materials":[{"__uuid__":"ecpdLyjvZBwrvm+cedCcQy"}],"_useOriginalSize":false,"_string":"7天","_N$string":"7天","_fontSize":28,"_lineHeight":30,"_N$file":{"__uuid__":"5f5wQekV1CGpJW2meZozWn"},"_isSystemFontUsed":false,"_N$horizontalAlign":1,"_N$verticalAlign":1}],"_prefab":{"__type__":"cc.PrefabInfo","root":{"__id__":1},"asset":{"__uuid__":"31Vh9aGhZIX7Yp0h9Nh/Ho"},"fileId":"97skQ9ppZHUpZKZRTud6KS"},"_color":{"__type__":"cc.Color","r":112,"g":93,"b":82},"_contentSize":{"__type__":"cc.Size","width":42.98,"height":37.8},"_trs":{"__type__":"TypedArray","ctor":"Float64Array","array":[66.049,0,0,0,0,0,1,1,1,1]}},{"__type__":"cc.Node","_name":"toggle2","_parent":{"__id__":46},"_children":[{"__id__":58},{"__id__":59},{"__id__":61}],"_components":[{"__type__":"cc.Toggle","node":{"__id__":57},"_N$transition":3,"transition":3,"_N$normalColor":{"__type__":"cc.Color","r":214,"g":214,"b":214},"_N$target":{"__id__":57},"_N$isChecked":false,"checkMark":{"__id__":60}}],"_prefab":{"__type__":"cc.PrefabInfo","root":{"__id__":1},"asset":{"__uuid__":"31Vh9aGhZIX7Yp0h9Nh/Ho"},"fileId":"584xwVQedH7pfSTo6wLYBn"},"_contentSize":{"__type__":"cc.Size","width":42,"height":28},"_trs":{"__type__":"TypedArray","ctor":"Float64Array","array":[287.91,3,0,0,0,0,1,1,1,1]}},{"__type__":"cc.Node","_name":"Background","_parent":{"__id__":57},"_components":[{"__type__":"cc.Sprite","node":{"__id__":58},"_materials":[{"__uuid__":"ecpdLyjvZBwrvm+cedCcQy"}],"_spriteFrame":{"__uuid__":"8bYd+l0D5N/I+Krs+ZAyWN"},"_sizeMode":2,"_isTrimmedMode":false}],"_prefab":{"__type__":"cc.PrefabInfo","root":{"__id__":1},"asset":{"__uuid__":"31Vh9aGhZIX7Yp0h9Nh/Ho"},"fileId":"9dojl76vND9IAr6ndsHpp+"},"_contentSize":{"__type__":"cc.Size","width":46,"height":47},"_trs":{"__type__":"TypedArray","ctor":"Float64Array","array":[0,0,0,0,0,0,1,1,1,1]}},{"__type__":"cc.Node","_name":"checkmark","_parent":{"__id__":57},"_active":false,"_components":[{"__id__":60}],"_prefab":{"__type__":"cc.PrefabInfo","root":{"__id__":1},"asset":{"__uuid__":"31Vh9aGhZIX7Yp0h9Nh/Ho"},"fileId":"8dsRElfO9E8LAG/gCUGA77"},"_contentSize":{"__type__":"cc.Size","width":46,"height":47},"_trs":{"__type__":"TypedArray","ctor":"Float64Array","array":[0,0,0,0,0,0,1,1,1,1]}},{"__type__":"cc.Sprite","node":{"__id__":59},"_materials":[{"__uuid__":"ecpdLyjvZBwrvm+cedCcQy"}],"_spriteFrame":{"__uuid__":"efJgDcAu1Nj5cKr4PK8qyM"},"_sizeMode":2,"_isTrimmedMode":false},{"__type__":"cc.Node","_name":"New Label","_parent":{"__id__":57},"_components":[{"__type__":"cc.Label","node":{"__id__":61},"_materials":[{"__uuid__":"ecpdLyjvZBwrvm+cedCcQy"}],"_useOriginalSize":false,"_string":"每天","_N$string":"每天","_fontSize":28,"_lineHeight":30,"_N$file":{"__uuid__":"5f5wQekV1CGpJW2meZozWn"},"_isSystemFontUsed":false,"_N$horizontalAlign":1,"_N$verticalAlign":1}],"_prefab":{"__type__":"cc.PrefabInfo","root":{"__id__":1},"asset":{"__uuid__":"31Vh9aGhZIX7Yp0h9Nh/Ho"},"fileId":"capJyT6u1KvK28KQt2DIIG"},"_color":{"__type__":"cc.Color","r":112,"g":93,"b":82},"_contentSize":{"__type__":"cc.Size","width":56,"height":37.8},"_trs":{"__type__":"TypedArray","ctor":"Float64Array","array":[75.573,0,0,0,0,0,1,1,1,1]}},{"__type__":"cc.Node","_name":"lb_1","_parent":{"__id__":1},"_components":[{"__type__":"cc.Label","node":{"__id__":62},"_materials":[{"__uuid__":"ecpdLyjvZBwrvm+cedCcQy"}],"_useOriginalSize":false,"_string":"赛事淘汰：","_N$string":"赛事淘汰：","_fontSize":32,"_N$file":{"__uuid__":"5f5wQekV1CGpJW2meZozWn"},"_isSystemFontUsed":false,"_N$horizontalAlign":1,"_N$verticalAlign":1}],"_prefab":{"__type__":"cc.PrefabInfo","root":{"__id__":1},"asset":{"__uuid__":"31Vh9aGhZIX7Yp0h9Nh/Ho"},"fileId":"38V/j8LYNB+YsOhSmATafz"},"_color":{"__type__":"cc.Color","r":112,"g":93,"b":82},"_contentSize":{"__type__":"cc.Size","width":160,"height":50.4},"_anchorPoint":{"__type__":"cc.Vec2","y":0.5},"_trs":{"__type__":"TypedArray","ctor":"Float64Array","array":[-510,-136.809,0,0,0,0,1,1,1,1]}},{"__type__":"cc.Node","_name":"outSportsEditBox","_parent":{"__id__":1},"_children":[{"__id__":64},{"__id__":66},{"__id__":68}],"_components":[{"__type__":"cc.EditBox","node":{"__id__":63},"_useOriginalSize":false,"maxLength":8,"_N$textLabel":{"__id__":67},"_N$placeholderLabel":{"__id__":69},"_N$background":{"__id__":65},"_N$inputMode":6}],"_prefab":{"__type__":"cc.PrefabInfo","root":{"__id__":1},"asset":{"__uuid__":"31Vh9aGhZIX7Yp0h9Nh/Ho"},"fileId":"6enX6QNg5El76OqmkeTES/"},"_contentSize":{"__type__":"cc.Size","width":100,"height":55},"_trs":{"__type__":"TypedArray","ctor":"Float64Array","array":[-293.286,-136.809,0,0,0,0,1,1,1,1]}},{"__type__":"cc.Node","_name":"BACKGROUND_SPRITE","_parent":{"__id__":63},"_components":[{"__id__":65}],"_prefab":{"__type__":"cc.PrefabInfo","root":{"__id__":1},"asset":{"__uuid__":"31Vh9aGhZIX7Yp0h9Nh/Ho"},"fileId":"00MdO5iGVHHI2XwjjTHNNy"},"_contentSize":{"__type__":"cc.Size","width":100,"height":55},"_trs":{"__type__":"TypedArray","ctor":"Float64Array","array":[0,0,0,0,0,0,1,1,1,1]}},{"__type__":"cc.Sprite","node":{"__id__":64},"_materials":[{"__uuid__":"ecpdLyjvZBwrvm+cedCcQy"}],"_spriteFrame":{"__uuid__":"a8mpyA9rhDiIxOGyQWEFdd"},"_type":1,"_sizeMode":0},{"__type__":"cc.Node","_name":"TEXT_LABEL","_parent":{"__id__":63},"_active":false,"_components":[{"__id__":67}],"_prefab":{"__type__":"cc.PrefabInfo","root":{"__id__":1},"asset":{"__uuid__":"31Vh9aGhZIX7Yp0h9Nh/Ho"},"fileId":"89yxp90fxGlLslyZb51yrC"},"_color":{"__type__":"cc.Color","r":113,"g":101,"b":71},"_contentSize":{"__type__":"cc.Size","width":100,"height":55},"_anchorPoint":{"__type__":"cc.Vec2","y":1},"_trs":{"__type__":"TypedArray","ctor":"Float64Array","array":[-44.334,27.5,0,0,0,0,1,1,1,1]}},{"__type__":"cc.Label","node":{"__id__":66},"_materials":[{"__uuid__":"ecpdLyjvZBwrvm+cedCcQy"}],"_fontSize":30,"_lineHeight":34,"_enableWrapText":false,"_N$file":{"__uuid__":"5f5wQekV1CGpJW2meZozWn"},"_isSystemFontUsed":false,"_N$verticalAlign":1,"_N$overflow":1},{"__type__":"cc.Node","_name":"PLACEHOLDER_LABEL","_parent":{"__id__":63},"_components":[{"__id__":69}],"_prefab":{"__type__":"cc.PrefabInfo","root":{"__id__":1},"asset":{"__uuid__":"31Vh9aGhZIX7Yp0h9Nh/Ho"},"fileId":"73EWsSgyFPraQmNEjO7rPG"},"_color":{"__type__":"cc.Color","r":170,"g":164,"b":149},"_contentSize":{"__type__":"cc.Size","width":100,"height":55},"_anchorPoint":{"__type__":"cc.Vec2","y":1},"_trs":{"__type__":"TypedArray","ctor":"Float64Array","array":[-44.334,27.5,0,0,0,0,1,1,1,1]}},{"__type__":"cc.Label","node":{"__id__":68},"_materials":[{"__uuid__":"ecpdLyjvZBwrvm+cedCcQy"}],"_fontSize":30,"_lineHeight":34,"_enableWrapText":false,"_N$file":{"__uuid__":"5f5wQekV1CGpJW2meZozWn"},"_isSystemFontUsed":false,"_N$verticalAlign":1,"_N$overflow":1},{"__type__":"cc.Node","_name":"lb_1","_parent":{"__id__":1},"_components":[{"__type__":"cc.Label","node":{"__id__":70},"_materials":[{"__uuid__":"ecpdLyjvZBwrvm+cedCcQy"}],"_useOriginalSize":false,"_string":"赛事奖励：","_N$string":"赛事奖励：","_fontSize":32,"_N$file":{"__uuid__":"5f5wQekV1CGpJW2meZozWn"},"_isSystemFontUsed":false,"_N$horizontalAlign":1,"_N$verticalAlign":1}],"_prefab":{"__type__":"cc.PrefabInfo","root":{"__id__":1},"asset":{"__uuid__":"31Vh9aGhZIX7Yp0h9Nh/Ho"},"fileId":"82VOlTTMFLCZS1uv2ToFhk"},"_color":{"__type__":"cc.Color","r":112,"g":93,"b":82},"_contentSize":{"__type__":"cc.Size","width":160,"height":50.4},"_anchorPoint":{"__type__":"cc.Vec2","y":0.5},"_trs":{"__type__":"TypedArray","ctor":"Float64Array","array":[-510,-208.669,0,0,0,0,1,1,1,1]}},{"__type__":"cc.Node","_name":"prizeToggleContainer","_parent":{"__id__":1},"_children":[{"__id__":72},{"__id__":77}],"_components":[{"__type__":"cc.ToggleContainer","node":{"__id__":71}}],"_prefab":{"__type__":"cc.PrefabInfo","root":{"__id__":1},"asset":{"__uuid__":"31Vh9aGhZIX7Yp0h9Nh/Ho"},"fileId":"2fb8Td2/9Di7gG8H5slTiV"},"_contentSize":{"__type__":"cc.Size","width":221,"height":61},"_trs":{"__type__":"TypedArray","ctor":"Float64Array","array":[-257.799,-211.669,0,0,0,0,1,1,1,1]}},{"__type__":"cc.Node","_name":"toggle1","_parent":{"__id__":71},"_children":[{"__id__":73},{"__id__":74},{"__id__":76}],"_components":[{"__type__":"cc.Toggle","node":{"__id__":72},"_N$transition":3,"transition":3,"_N$normalColor":{"__type__":"cc.Color","r":214,"g":214,"b":214},"_N$target":{"__id__":72},"checkMark":{"__id__":75}}],"_prefab":{"__type__":"cc.PrefabInfo","root":{"__id__":1},"asset":{"__uuid__":"31Vh9aGhZIX7Yp0h9Nh/Ho"},"fileId":"de6u0Y1kBKXo3JE5fZbcvU"},"_contentSize":{"__type__":"cc.Size","width":41,"height":28},"_trs":{"__type__":"TypedArray","ctor":"Float64Array","array":[-62,3,0,0,0,0,1,1,1,1]}},{"__type__":"cc.Node","_name":"Background","_parent":{"__id__":72},"_components":[{"__type__":"cc.Sprite","node":{"__id__":73},"_materials":[{"__uuid__":"ecpdLyjvZBwrvm+cedCcQy"}],"_spriteFrame":{"__uuid__":"8bYd+l0D5N/I+Krs+ZAyWN"},"_sizeMode":2,"_isTrimmedMode":false}],"_prefab":{"__type__":"cc.PrefabInfo","root":{"__id__":1},"asset":{"__uuid__":"31Vh9aGhZIX7Yp0h9Nh/Ho"},"fileId":"0cHRGnWG1JpYuKyufgwHAF"},"_contentSize":{"__type__":"cc.Size","width":46,"height":47},"_trs":{"__type__":"TypedArray","ctor":"Float64Array","array":[0,0,0,0,0,0,1,1,1,1]}},{"__type__":"cc.Node","_name":"checkmark","_parent":{"__id__":72},"_components":[{"__id__":75}],"_prefab":{"__type__":"cc.PrefabInfo","root":{"__id__":1},"asset":{"__uuid__":"31Vh9aGhZIX7Yp0h9Nh/Ho"},"fileId":"1d+RCp9k1PK5QujVyspnXt"},"_contentSize":{"__type__":"cc.Size","width":46,"height":47},"_trs":{"__type__":"TypedArray","ctor":"Float64Array","array":[0,0,0,0,0,0,1,1,1,1]}},{"__type__":"cc.Sprite","node":{"__id__":74},"_materials":[{"__uuid__":"ecpdLyjvZBwrvm+cedCcQy"}],"_spriteFrame":{"__uuid__":"efJgDcAu1Nj5cKr4PK8qyM"},"_sizeMode":2,"_isTrimmedMode":false},{"__type__":"cc.Node","_name":"btn_zs02","_parent":{"__id__":72},"_components":[{"__type__":"cc.Sprite","node":{"__id__":76},"_materials":[{"__uuid__":"ecpdLyjvZBwrvm+cedCcQy"}],"_spriteFrame":{"__uuid__":"e9Z0oJZJpDLZmOcXUoNIxa"}}],"_prefab":{"__type__":"cc.PrefabInfo","root":{"__id__":1},"asset":{"__uuid__":"31Vh9aGhZIX7Yp0h9Nh/Ho"},"fileId":"daEYfk1I9P9p8lEBwRFu8z"},"_contentSize":{"__type__":"cc.Size","width":55,"height":56},"_trs":{"__type__":"TypedArray","ctor":"Float64Array","array":[62,-3,0,0,0,0,1,1,1,1]}},{"__type__":"cc.Node","_name":"toggle2","_parent":{"__id__":71},"_children":[{"__id__":78},{"__id__":79},{"__id__":81}],"_components":[{"__type__":"cc.Toggle","node":{"__id__":77},"_N$transition":3,"transition":3,"_N$normalColor":{"__type__":"cc.Color","r":214,"g":214,"b":214},"_N$target":{"__id__":77},"_N$isChecked":false,"checkMark":{"__id__":80}}],"_prefab":{"__type__":"cc.PrefabInfo","root":{"__id__":1},"asset":{"__uuid__":"31Vh9aGhZIX7Yp0h9Nh/Ho"},"fileId":"aaDTujWwdJq4K576Jw1RS5"},"_contentSize":{"__type__":"cc.Size","width":42,"height":28},"_trs":{"__type__":"TypedArray","ctor":"Float64Array","array":[84.1,3,0,0,0,0,1,1,1,1]}},{"__type__":"cc.Node","_name":"Background","_parent":{"__id__":77},"_components":[{"__type__":"cc.Sprite","node":{"__id__":78},"_materials":[{"__uuid__":"ecpdLyjvZBwrvm+cedCcQy"}],"_spriteFrame":{"__uuid__":"8bYd+l0D5N/I+Krs+ZAyWN"},"_sizeMode":2,"_isTrimmedMode":false}],"_prefab":{"__type__":"cc.PrefabInfo","root":{"__id__":1},"asset":{"__uuid__":"31Vh9aGhZIX7Yp0h9Nh/Ho"},"fileId":"54hIpKuftLt5iZEislnstd"},"_contentSize":{"__type__":"cc.Size","width":46,"height":47},"_trs":{"__type__":"TypedArray","ctor":"Float64Array","array":[0,0,0,0,0,0,1,1,1,1]}},{"__type__":"cc.Node","_name":"checkmark","_parent":{"__id__":77},"_active":false,"_components":[{"__id__":80}],"_prefab":{"__type__":"cc.PrefabInfo","root":{"__id__":1},"asset":{"__uuid__":"31Vh9aGhZIX7Yp0h9Nh/Ho"},"fileId":"1eE5+WlvRIYIuTvGUdRP3I"},"_contentSize":{"__type__":"cc.Size","width":46,"height":47},"_trs":{"__type__":"TypedArray","ctor":"Float64Array","array":[0,0,0,0,0,0,1,1,1,1]}},{"__type__":"cc.Sprite","node":{"__id__":79},"_materials":[{"__uuid__":"ecpdLyjvZBwrvm+cedCcQy"}],"_spriteFrame":{"__uuid__":"efJgDcAu1Nj5cKr4PK8qyM"},"_sizeMode":2,"_isTrimmedMode":false},{"__type__":"cc.Node","_name":"img_ld","_parent":{"__id__":77},"_components":[{"__type__":"cc.Sprite","node":{"__id__":81},"_materials":[{"__uuid__":"ecpdLyjvZBwrvm+cedCcQy"}],"_spriteFrame":{"__uuid__":"11j7IG4CNNHYumjjLNLpAe"}}],"_prefab":{"__type__":"cc.PrefabInfo","root":{"__id__":1},"asset":{"__uuid__":"31Vh9aGhZIX7Yp0h9Nh/Ho"},"fileId":"114Dlc3DtF0bRPiGE+/Q/g"},"_contentSize":{"__type__":"cc.Size","width":54,"height":49},"_trs":{"__type__":"TypedArray","ctor":"Float64Array","array":[62.857,0,0,0,0,0,1,1,1,1]}},{"__type__":"cc.Node","_name":"lb_1","_parent":{"__id__":1},"_components":[{"__type__":"cc.Label","node":{"__id__":82},"_materials":[{"__uuid__":"ecpdLyjvZBwrvm+cedCcQy"}],"_useOriginalSize":false,"_string":"，前","_N$string":"，前","_fontSize":32,"_N$file":{"__uuid__":"5f5wQekV1CGpJW2meZozWn"},"_isSystemFontUsed":false,"_N$horizontalAlign":1,"_N$verticalAlign":1}],"_prefab":{"__type__":"cc.PrefabInfo","root":{"__id__":1},"asset":{"__uuid__":"31Vh9aGhZIX7Yp0h9Nh/Ho"},"fileId":"6etCqfKWdMxpxJxolE03JF"},"_color":{"__type__":"cc.Color","r":112,"g":93,"b":82},"_contentSize":{"__type__":"cc.Size","width":64,"height":50.4},"_anchorPoint":{"__type__":"cc.Vec2","y":0.5},"_trs":{"__type__":"TypedArray","ctor":"Float64Array","array":[-63.743,-208.669,0,0,0,0,1,1,1,1]}},{"__type__":"cc.Node","_name":"prizeRankEditBox","_parent":{"__id__":1},"_children":[{"__id__":84},{"__id__":86},{"__id__":88}],"_components":[{"__type__":"cc.EditBox","node":{"__id__":83},"_useOriginalSize":false,"maxLength":8,"_N$textLabel":{"__id__":87},"_N$placeholderLabel":{"__id__":89},"_N$background":{"__id__":85},"_N$inputMode":6}],"_prefab":{"__type__":"cc.PrefabInfo","root":{"__id__":1},"asset":{"__uuid__":"31Vh9aGhZIX7Yp0h9Nh/Ho"},"fileId":"4cYm4KTddH1YLIzQOvW46R"},"_contentSize":{"__type__":"cc.Size","width":60,"height":55},"_trs":{"__type__":"TypedArray","ctor":"Float64Array","array":[44.177,-210.245,0,0,0,0,1,1,1,1]}},{"__type__":"cc.Node","_name":"BACKGROUND_SPRITE","_parent":{"__id__":83},"_components":[{"__id__":85}],"_prefab":{"__type__":"cc.PrefabInfo","root":{"__id__":1},"asset":{"__uuid__":"31Vh9aGhZIX7Yp0h9Nh/Ho"},"fileId":"0fb7qlVR5G4Jk8ApXONqWc"},"_contentSize":{"__type__":"cc.Size","width":60,"height":55},"_trs":{"__type__":"TypedArray","ctor":"Float64Array","array":[0,0,0,0,0,0,1,1,1,1]}},{"__type__":"cc.Sprite","node":{"__id__":84},"_materials":[{"__uuid__":"ecpdLyjvZBwrvm+cedCcQy"}],"_spriteFrame":{"__uuid__":"a8mpyA9rhDiIxOGyQWEFdd"},"_type":1,"_sizeMode":0},{"__type__":"cc.Node","_name":"TEXT_LABEL","_parent":{"__id__":83},"_active":false,"_components":[{"__id__":87}],"_prefab":{"__type__":"cc.PrefabInfo","root":{"__id__":1},"asset":{"__uuid__":"31Vh9aGhZIX7Yp0h9Nh/Ho"},"fileId":"5cRi4p7w5AL7RpCuIco63/"},"_color":{"__type__":"cc.Color","r":113,"g":101,"b":71},"_contentSize":{"__type__":"cc.Size","width":60,"height":55},"_anchorPoint":{"__type__":"cc.Vec2","y":1},"_trs":{"__type__":"TypedArray","ctor":"Float64Array","array":[-26.988,27.5,0,0,0,0,1,1,1,1]}},{"__type__":"cc.Label","node":{"__id__":86},"_materials":[{"__uuid__":"ecpdLyjvZBwrvm+cedCcQy"}],"_fontSize":30,"_lineHeight":34,"_enableWrapText":false,"_N$file":{"__uuid__":"5f5wQekV1CGpJW2meZozWn"},"_isSystemFontUsed":false,"_N$verticalAlign":1,"_N$overflow":1},{"__type__":"cc.Node","_name":"PLACEHOLDER_LABEL","_parent":{"__id__":83},"_components":[{"__id__":89}],"_prefab":{"__type__":"cc.PrefabInfo","root":{"__id__":1},"asset":{"__uuid__":"31Vh9aGhZIX7Yp0h9Nh/Ho"},"fileId":"1bTXJCZ2ZIuLCRmasIZw9h"},"_color":{"__type__":"cc.Color","r":170,"g":164,"b":149},"_contentSize":{"__type__":"cc.Size","width":60,"height":55},"_anchorPoint":{"__type__":"cc.Vec2","y":1},"_trs":{"__type__":"TypedArray","ctor":"Float64Array","array":[-26.988,27.5,0,0,0,0,1,1,1,1]}},{"__type__":"cc.Label","node":{"__id__":88},"_materials":[{"__uuid__":"ecpdLyjvZBwrvm+cedCcQy"}],"_fontSize":30,"_lineHeight":34,"_enableWrapText":false,"_N$file":{"__uuid__":"5f5wQekV1CGpJW2meZozWn"},"_isSystemFontUsed":false,"_N$verticalAlign":1,"_N$overflow":1},{"__type__":"cc.Node","_name":"lb_1","_parent":{"__id__":1},"_components":[{"__type__":"cc.Label","node":{"__id__":90},"_materials":[{"__uuid__":"ecpdLyjvZBwrvm+cedCcQy"}],"_useOriginalSize":false,"_string":"名，奖励 x","_N$string":"名，奖励 x","_fontSize":32,"_N$file":{"__uuid__":"5f5wQekV1CGpJW2meZozWn"},"_isSystemFontUsed":false,"_N$horizontalAlign":1,"_N$verticalAlign":1}],"_prefab":{"__type__":"cc.PrefabInfo","root":{"__id__":1},"asset":{"__uuid__":"31Vh9aGhZIX7Yp0h9Nh/Ho"},"fileId":"89CKepzvVHwZdp3IRfD5iy"},"_color":{"__type__":"cc.Color","r":112,"g":93,"b":82},"_contentSize":{"__type__":"cc.Size","width":152.5,"height":50.4},"_anchorPoint":{"__type__":"cc.Vec2","y":0.5},"_trs":{"__type__":"TypedArray","ctor":"Float64Array","array":[93.524,-208.669,0,0,0,0,1,1,1,1]}},{"__type__":"cc.Node","_name":"prizeValueEditBox","_parent":{"__id__":1},"_children":[{"__id__":92},{"__id__":94},{"__id__":96}],"_components":[{"__type__":"cc.EditBox","node":{"__id__":91},"_useOriginalSize":false,"maxLength":8,"_N$textLabel":{"__id__":95},"_N$placeholderLabel":{"__id__":97},"_N$background":{"__id__":93},"_N$inputMode":6}],"_prefab":{"__type__":"cc.PrefabInfo","root":{"__id__":1},"asset":{"__uuid__":"31Vh9aGhZIX7Yp0h9Nh/Ho"},"fileId":"27fhUmYSpKVa25bRzLcgVi"},"_contentSize":{"__type__":"cc.Size","width":110,"height":55},"_trs":{"__type__":"TypedArray","ctor":"Float64Array","array":[310.144,-210.245,0,0,0,0,1,1,1,1]}},{"__type__":"cc.Node","_name":"BACKGROUND_SPRITE","_parent":{"__id__":91},"_components":[{"__id__":93}],"_prefab":{"__type__":"cc.PrefabInfo","root":{"__id__":1},"asset":{"__uuid__":"31Vh9aGhZIX7Yp0h9Nh/Ho"},"fileId":"91f+ttw7FEH5sk+yK0/Q31"},"_contentSize":{"__type__":"cc.Size","width":110,"height":55},"_trs":{"__type__":"TypedArray","ctor":"Float64Array","array":[0,0,0,0,0,0,1,1,1,1]}},{"__type__":"cc.Sprite","node":{"__id__":92},"_materials":[{"__uuid__":"ecpdLyjvZBwrvm+cedCcQy"}],"_spriteFrame":{"__uuid__":"a8mpyA9rhDiIxOGyQWEFdd"},"_type":1,"_sizeMode":0},{"__type__":"cc.Node","_name":"TEXT_LABEL","_parent":{"__id__":91},"_active":false,"_components":[{"__id__":95}],"_prefab":{"__type__":"cc.PrefabInfo","root":{"__id__":1},"asset":{"__uuid__":"31Vh9aGhZIX7Yp0h9Nh/Ho"},"fileId":"22+kPTeqdAlpillviy+4AJ"},"_color":{"__type__":"cc.Color","r":113,"g":101,"b":71},"_contentSize":{"__type__":"cc.Size","width":110,"height":55},"_anchorPoint":{"__type__":"cc.Vec2","y":1},"_trs":{"__type__":"TypedArray","ctor":"Float64Array","array":[-48.96,27.5,0,0,0,0,1,1,1,1]}},{"__type__":"cc.Label","node":{"__id__":94},"_materials":[{"__uuid__":"ecpdLyjvZBwrvm+cedCcQy"}],"_fontSize":30,"_lineHeight":34,"_enableWrapText":false,"_N$file":{"__uuid__":"5f5wQekV1CGpJW2meZozWn"},"_isSystemFontUsed":false,"_N$verticalAlign":1,"_N$overflow":1},{"__type__":"cc.Node","_name":"PLACEHOLDER_LABEL","_parent":{"__id__":91},"_components":[{"__id__":97}],"_prefab":{"__type__":"cc.PrefabInfo","root":{"__id__":1},"asset":{"__uuid__":"31Vh9aGhZIX7Yp0h9Nh/Ho"},"fileId":"e3yESDlFtCw5/V2WNNwp4t"},"_color":{"__type__":"cc.Color","r":170,"g":164,"b":149},"_contentSize":{"__type__":"cc.Size","width":110,"height":55},"_anchorPoint":{"__type__":"cc.Vec2","y":1},"_trs":{"__type__":"TypedArray","ctor":"Float64Array","array":[-48.96,27.5,0,0,0,0,1,1,1,1]}},{"__type__":"cc.Label","node":{"__id__":96},"_materials":[{"__uuid__":"ecpdLyjvZBwrvm+cedCcQy"}],"_fontSize":30,"_lineHeight":34,"_enableWrapText":false,"_N$file":{"__uuid__":"5f5wQekV1CGpJW2meZozWn"},"_isSystemFontUsed":false,"_N$verticalAlign":1,"_N$overflow":1},{"__type__":"cc.Node","_name":"btn_create","_parent":{"__id__":1},"_children":[{"__id__":99}],"_components":[{"__type__":"cc.Button","node":{"__id__":98},"zoomScale":0.9,"clickEvents":[{"__type__":"cc.ClickEvent","target":{"__id__":1},"_componentId":"5dbc1UueRFA1KA7oxvocdMo","handler":"OnClick_BtnWnd"}],"_N$transition":3,"transition":3,"_N$pressedColor":{"__type__":"cc.Color","r":255,"g":255,"b":255},"pressedColor":{"__type__":"cc.Color","r":255,"g":255,"b":255},"_N$disabledColor":{"__type__":"cc.Color","r":255,"g":255,"b":255},"_N$normalSprite":{"__uuid__":"71zh05oHZMTpCEN893HoJJ"},"_N$pressedSprite":{"__uuid__":"e97GVMl6JHh5Ml5qEDdSGa"},"pressedSprite":{"__uuid__":"e97GVMl6JHh5Ml5qEDdSGa"},"_N$hoverSprite":{"__uuid__":"e97GVMl6JHh5Ml5qEDdSGa"},"hoverSprite":{"__uuid__":"e97GVMl6JHh5Ml5qEDdSGa"},"_N$disabledSprite":{"__uuid__":"29FYIk+N1GYaeWH/q1NxQO"},"_N$target":{"__id__":98}},{"__type__":"cc.Sprite","node":{"__id__":98},"_materials":[{"__uuid__":"ecpdLyjvZBwrvm+cedCcQy"}],"_spriteFrame":{"__uuid__":"fbjFkeohdGk6AIbf09wOgZ"}}],"_prefab":{"__type__":"cc.PrefabInfo","root":{"__id__":1},"asset":{"__uuid__":"31Vh9aGhZIX7Yp0h9Nh/Ho"},"fileId":"f864c8/LqlC2aAmWGrCdD0x"},"_contentSize":{"__type__":"cc.Size","width":201,"height":72},"_trs":{"__type__":"TypedArray","ctor":"Float64Array","array":[0,-297,0,0,0,0,1,1,1,1]}},{"__type__":"cc.Node","_name":"lb_btn","_parent":{"__id__":98},"_components":[{"__type__":"cc.Label","node":{"__id__":99},"_materials":[{"__uuid__":"ecpdLyjvZBwrvm+cedCcQy"}],"_useOriginalSize":false,"_string":"创建赛事","_N$string":"创建赛事","_lineHeight":45,"_N$file":{"__uuid__":"5f5wQekV1CGpJW2meZozWn"},"_isSystemFontUsed":false,"_N$horizontalAlign":1,"_N$verticalAlign":1},{"__type__":"cc.LabelOutline","node":{"__id__":99},"_color":{"__type__":"cc.Color","r":149,"g":82},"_width":2}],"_prefab":{"__type__":"cc.PrefabInfo","root":{"__id__":1},"asset":{"__uuid__":"31Vh9aGhZIX7Yp0h9Nh/Ho"},"fileId":"9aed9bHbqZOQo998gZSptsJ"},"_contentSize":{"__type__":"cc.Size","width":164,"height":60.7},"_trs":{"__type__":"TypedArray","ctor":"Float64Array","array":[0,3,0,0,0,0,1,1,1,1]}},{"__type__":"cc.Node","_name":"btn_close","_parent":{"__id__":1},"_components":[{"__type__":"cc.Button","node":{"__id__":100},"zoomScale":0.9,"clickEvents":[{"__type__":"cc.ClickEvent","target":{"__id__":1},"_componentId":"5dbc1UueRFA1KA7oxvocdMo","handler":"OnClick_BtnWnd"}],"_N$transition":3,"transition":3,"_N$pressedColor":{"__type__":"cc.Color","r":255,"g":255,"b":255},"pressedColor":{"__type__":"cc.Color","r":255,"g":255,"b":255},"_N$disabledColor":{"__type__":"cc.Color","r":255,"g":255,"b":255},"_N$normalSprite":{"__uuid__":"71zh05oHZMTpCEN893HoJJ"},"_N$pressedSprite":{"__uuid__":"e97GVMl6JHh5Ml5qEDdSGa"},"pressedSprite":{"__uuid__":"e97GVMl6JHh5Ml5qEDdSGa"},"_N$hoverSprite":{"__uuid__":"e97GVMl6JHh5Ml5qEDdSGa"},"hoverSprite":{"__uuid__":"e97GVMl6JHh5Ml5qEDdSGa"},"_N$disabledSprite":{"__uuid__":"29FYIk+N1GYaeWH/q1NxQO"},"_N$target":{"__id__":100}},{"__type__":"cc.Sprite","node":{"__id__":100},"_materials":[{"__uuid__":"ecpdLyjvZBwrvm+cedCcQy"}],"_spriteFrame":{"__uuid__":"d9ZhflMOxHW7JHl9dya866"}}],"_prefab":{"__type__":"cc.PrefabInfo","root":{"__id__":1},"asset":{"__uuid__":"31Vh9aGhZIX7Yp0h9Nh/Ho"},"fileId":"02w2ccgodEEY5+ItHH8VWi"},"_contentSize":{"__type__":"cc.Size","width":79,"height":80},"_trs":{"__type__":"TypedArray","ctor":"Float64Array","array":[571.19,276.952,0,0,0,0,1,1,1,1]}}],{"__type__":"cc.SpriteFrame","content":{"name":"img_t_cjls","texture":"98N7PDYQJON6JNREiwi2Oz","rect":[0,0,209,56],"offset":[0,0],"originalSize":[209,56],"capInsets":[0,0,0,0]}},{"__type__":"cc.SpriteFrame","content":{"name":"img_max_tc","texture":"a2yiINDRBJV6xa5CQ+b7nO","rect":[0,0,1170,724],"offset":[0,0],"originalSize":[1170,724],"capInsets":[0,0,0,0]}},{"__type__":"cc.SpriteFrame","content":{"name":"btn_bg1off","texture":"189664600","rect":[2,517,258,94],"offset":[0,0],"originalSize":[258,94],"rotated":1,"capInsets":[0,0,0,0]}},{"__type__":"cc.SpriteFrame","content":{"name":"img_black_60","texture":"e5dLSpyq9NPZ8mPvfDyGXH","rect":[0,0,100,100],"offset":[0,0],"originalSize":[100,100],"capInsets":[0,0,0,0]}},{"__type__":"cc.SpriteFrame","content":{"name":"btn_check_none","texture":"d3Ec8pQlRMHKbdzuwHi0YC","rect":[0,0,46,47],"offset":[0,0],"originalSize":[46,47],"capInsets":[0,0,0,0]}},{"__type__":"cc.SpriteFrame","content":{"name":"img_srk_1","texture":"cb4Yq2WepOS7sjcWVL6A+N","rect":[0,0,40,71],"offset":[0,0],"originalSize":[40,71],"capInsets":[15,15,15,15]}},{"__type__":"cc.SpriteFrame","content":{"name":"btn_close","texture":"adT+cX5aVEFrD91N8Yp4Db","rect":[0,0,79,80],"offset":[0,0],"originalSize":[79,80],"capInsets":[0,0,0,0]}},{"__type__":"cc.SpriteFrame","content":{"name":"btn_zs02","texture":"08V8bbtSNGBJIrPTSYqbgB","rect":[1,0,55,56],"offset":[-0.5,1],"originalSize":[58,58],"capInsets":[0,0,0,0]}},{"__type__":"cc.SpriteFrame","content":{"name":"default_btn_pressed","texture":"b4P/PCArtIdIH38t6mlw8Y","rect":[0,0,40,40],"offset":[0,0],"originalSize":[40,40],"capInsets":[12,12,12,12]}},{"__type__":"cc.SpriteFrame","content":{"name":"btn_check_one","texture":"d6XGdfNedHsYtS1SBBTAmz","rect":[0,0,46,47],"offset":[0,0],"originalSize":[46,47],"capInsets":[0,0,0,0]}},{"__type__":"cc.SpriteFrame","content":{"name":"btn_chengse","texture":"2bsE7oiwBLCrzGom9U1M53","rect":[0,0,201,72],"offset":[0,0],"originalSize":[201,72],"capInsets":[0,0,0,0]}}]