[[{"__type__":"cc.Prefab","_name":"UIJoinUnion","data":{"__id__":1}},{"__type__":"cc.Node","_name":"UIJoinUnion","_children":[{"__id__":2},{"__id__":4},{"__id__":5},{"__id__":6},{"__id__":7},{"__id__":26}],"_components":[{"__type__":"cc.Button","node":{"__id__":1},"clickEvents":[{"__type__":"cc.ClickEvent","target":{"__id__":1},"_componentId":"db873fKYE1KHb+Ypvu4S4j9","handler":"OnClick_Form"}],"_N$normalColor":{"__type__":"cc.Color","r":214,"g":214,"b":214},"_N$target":{"__id__":1}},{"__type__":"cc.Sprite","node":{"__id__":1},"_materials":[{"__uuid__":"ecpdLyjvZBwrvm+cedCcQy"}],"_spriteFrame":{"__uuid__":"86Zf39gLpJiYJ0+npxhZ2d"},"_sizeMode":0},{"__type__":"cc.Widget","node":{"__id__":1},"alignMode":0,"_alignFlags":45,"_left":-100,"_right":-100,"_originalWidth":1360,"_originalHeight":760},{"__type__":"14031LhZn1LN4d5KdQTC0rj","node":{"__id__":1},"ZorderLv":8,"numLabels":[{"__id__":10},{"__id__":13},{"__id__":16},{"__id__":19},{"__id__":22},{"__id__":25}]}],"_prefab":{"__type__":"cc.PrefabInfo","root":{"__id__":1},"asset":{"__uuid__":"3e44WvLpBATq7X8HRds/i0"},"fileId":"80598WR8aBBybon+i5vNxqd"},"_contentSize":{"__type__":"cc.Size","width":1560,"height":760},"_trs":{"__type__":"TypedArray","ctor":"Float64Array","array":[680,380,0,0,0,0,1,1,1,1]}},{"__type__":"cc.Node","_name":"bg","_parent":{"__id__":1},"_children":[{"__id__":3}],"_components":[{"__type__":"cc.Sprite","node":{"__id__":2},"_materials":[{"__uuid__":"ecpdLyjvZBwrvm+cedCcQy"}],"_spriteFrame":{"__uuid__":"e1dg7KUvlMs5J1I0elp0/z"},"_type":1,"_sizeMode":0}],"_prefab":{"__type__":"cc.PrefabInfo","root":{"__id__":1},"asset":{"__uuid__":"3e44WvLpBATq7X8HRds/i0"},"fileId":"bdfb3wOrOxBhZbYbRl4k/zL"},"_contentSize":{"__type__":"cc.Size","width":806,"height":700},"_trs":{"__type__":"TypedArray","ctor":"Float64Array","array":[0,-10,0,0,0,0,1,1,1,1]}},{"__type__":"cc.Node","_name":"bg_title","_parent":{"__id__":2},"_components":[{"__type__":"cc.Sprite","node":{"__id__":3},"_materials":[{"__uuid__":"ecpdLyjvZBwrvm+cedCcQy"}],"_spriteFrame":{"__uuid__":"92fly1vwhGDbG2fsDZ7fJW"}}],"_prefab":{"__type__":"cc.PrefabInfo","root":{"__id__":1},"asset":{"__uuid__":"3e44WvLpBATq7X8HRds/i0"},"fileId":"d75baogBNpPYo+DtttfgocG"},"_contentSize":{"__type__":"cc.Size","width":208,"height":52},"_trs":{"__type__":"TypedArray","ctor":"Float64Array","array":[0,310,0,0,0,0,1,1,1,1]}},{"__type__":"cc.Node","_name":"btn_close","_parent":{"__id__":1},"_components":[{"__type__":"cc.Sprite","node":{"__id__":4},"_materials":[{"__uuid__":"ecpdLyjvZBwrvm+cedCcQy"}],"_spriteFrame":{"__uuid__":"d9ZhflMOxHW7JHl9dya866"}},{"__type__":"cc.Button","node":{"__id__":4},"zoomScale":0.9,"clickEvents":[{"__type__":"cc.ClickEvent","target":{"__id__":1},"_componentId":"14031LhZn1LN4d5KdQTC0rj","handler":"OnClick_Close"}],"_N$transition":3,"transition":3,"_N$normalColor":{"__type__":"cc.Color","r":214,"g":214,"b":214},"_N$target":{"__id__":4}}],"_prefab":{"__type__":"cc.PrefabInfo","root":{"__id__":1},"asset":{"__uuid__":"3e44WvLpBATq7X8HRds/i0"},"fileId":"6241cEL88JOyrNnNjFefo8S"},"_contentSize":{"__type__":"cc.Size","width":79,"height":80},"_trs":{"__type__":"TypedArray","ctor":"Float64Array","array":[384,284,0,0,0,0,1,1,1,1]}},{"__type__":"cc.Node","_name":"btn_Join","_parent":{"__id__":1},"_components":[{"__type__":"cc.Sprite","node":{"__id__":5},"_materials":[{"__uuid__":"ecpdLyjvZBwrvm+cedCcQy"}],"_spriteFrame":{"__uuid__":"a47DM6qftLY6LvjDsIntdx"},"_type":1},{"__type__":"cc.Button","node":{"__id__":5},"zoomScale":0.9,"clickEvents":[{"__type__":"cc.ClickEvent","target":{"__id__":1},"_componentId":"14031LhZn1LN4d5KdQTC0rj","handler":"OnClick_BtnWnd"}],"_N$transition":3,"transition":3,"_N$normalColor":{"__type__":"cc.Color","r":214,"g":214,"b":214},"_N$target":{"__id__":5}}],"_prefab":{"__type__":"cc.PrefabInfo","root":{"__id__":1},"asset":{"__uuid__":"3e44WvLpBATq7X8HRds/i0"},"fileId":"cab41foFWdG1Zn6PZS603lk"},"_contentSize":{"__type__":"cc.Size","width":280,"height":85},"_trs":{"__type__":"TypedArray","ctor":"Float64Array","array":[-4,-286,0,0,0,0,1,1,1,1]}},{"__type__":"cc.Node","_name":"label","_parent":{"__id__":1},"_components":[{"__type__":"cc.Label","node":{"__id__":6},"_materials":[{"__uuid__":"ecpdLyjvZBwrvm+cedCcQy"}],"_useOriginalSize":false,"_string":"注：找赛事创建者要ID号码","_N$string":"注：找赛事创建者要ID号码","_fontSize":22,"_lineHeight":22,"_N$file":{"__uuid__":"5f5wQekV1CGpJW2meZozWn"},"_isSystemFontUsed":false,"_N$verticalAlign":1,"_N$overflow":3}],"_prefab":{"__type__":"cc.PrefabInfo","root":{"__id__":1},"asset":{"__uuid__":"3e44WvLpBATq7X8HRds/i0"},"fileId":"8c0edbOh81FD4NW7Aaod/fD"},"_color":{"__type__":"cc.Color","r":112,"g":93,"b":82},"_contentSize":{"__type__":"cc.Size","width":180,"height":49.72},"_trs":{"__type__":"TypedArray","ctor":"Float64Array","array":[259,-287,0,0,0,0,1,1,1,1]}},{"__type__":"cc.Node","_name":"NumNodes","_parent":{"__id__":1},"_children":[{"__id__":8},{"__id__":11},{"__id__":14},{"__id__":17},{"__id__":20},{"__id__":23}],"_components":[{"__type__":"cc.Layout","node":{"__id__":7},"_layoutSize":{"__type__":"cc.Size","width":612,"height":70},"_resize":1,"_N$layoutType":1,"_N$paddingLeft":150,"_N$paddingRight":150,"_N$spacingX":30}],"_prefab":{"__type__":"cc.PrefabInfo","root":{"__id__":1},"asset":{"__uuid__":"3e44WvLpBATq7X8HRds/i0"},"fileId":"1ee95rREitEjKaZOEd5zXAq"},"_contentSize":{"__type__":"cc.Size","width":612,"height":70},"_trs":{"__type__":"TypedArray","ctor":"Float64Array","array":[-8,189,0,0,0,0,1,1,1,1]}},{"__type__":"cc.Node","_name":"bg_number","_parent":{"__id__":7},"_children":[{"__id__":9}],"_prefab":{"__type__":"cc.PrefabInfo","root":{"__id__":1},"asset":{"__uuid__":"3e44WvLpBATq7X8HRds/i0"},"fileId":"ea9c536qs1LD4sR6MsKnuLH"},"_contentSize":{"__type__":"cc.Size","width":27,"height":38},"_trs":{"__type__":"TypedArray","ctor":"Float64Array","array":[-142.5,0,0,0,0,0,1,1,1,1]}},{"__type__":"cc.Node","_name":"label","_parent":{"__id__":8},"_components":[{"__id__":10}],"_prefab":{"__type__":"cc.PrefabInfo","root":{"__id__":1},"asset":{"__uuid__":"3e44WvLpBATq7X8HRds/i0"},"fileId":"f3a88BUKa1JvJDSICZsTGJF"},"_color":{"__type__":"cc.Color","r":189,"g":4,"b":4},"_contentSize":{"__type__":"cc.Size","width":27.38,"height":60.48},"_trs":{"__type__":"TypedArray","ctor":"Float64Array","array":[0,0,0,0,0,0,1,1,1,1]}},{"__type__":"cc.Label","node":{"__id__":9},"_materials":[{"__uuid__":"ecpdLyjvZBwrvm+cedCcQy"}],"_useOriginalSize":false,"_string":"2","_N$string":"2","_fontSize":48,"_lineHeight":48,"_N$file":{"__uuid__":"5f5wQekV1CGpJW2meZozWn"},"_isSystemFontUsed":false,"_N$horizontalAlign":1,"_N$verticalAlign":1},{"__type__":"cc.Node","_name":"bg_number","_parent":{"__id__":7},"_children":[{"__id__":12}],"_prefab":{"__type__":"cc.PrefabInfo","root":{"__id__":1},"asset":{"__uuid__":"3e44WvLpBATq7X8HRds/i0"},"fileId":"babd3vIWBVBJpqJ0bhQxSnu"},"_contentSize":{"__type__":"cc.Size","width":27,"height":38},"_trs":{"__type__":"TypedArray","ctor":"Float64Array","array":[-85.5,0,0,0,0,0,1,1,1,1]}},{"__type__":"cc.Node","_name":"label","_parent":{"__id__":11},"_components":[{"__id__":13}],"_prefab":{"__type__":"cc.PrefabInfo","root":{"__id__":1},"asset":{"__uuid__":"3e44WvLpBATq7X8HRds/i0"},"fileId":"46U+Xp7/tK/J06D/qFyVKj"},"_color":{"__type__":"cc.Color","r":189,"g":4,"b":4},"_contentSize":{"__type__":"cc.Size","width":27.38,"height":60.48},"_trs":{"__type__":"TypedArray","ctor":"Float64Array","array":[0,0,0,0,0,0,1,1,1,1]}},{"__type__":"cc.Label","node":{"__id__":12},"_materials":[{"__uuid__":"ecpdLyjvZBwrvm+cedCcQy"}],"_useOriginalSize":false,"_string":"2","_N$string":"2","_fontSize":48,"_lineHeight":48,"_N$file":{"__uuid__":"5f5wQekV1CGpJW2meZozWn"},"_isSystemFontUsed":false,"_N$horizontalAlign":1,"_N$verticalAlign":1},{"__type__":"cc.Node","_name":"bg_number","_parent":{"__id__":7},"_children":[{"__id__":15}],"_prefab":{"__type__":"cc.PrefabInfo","root":{"__id__":1},"asset":{"__uuid__":"3e44WvLpBATq7X8HRds/i0"},"fileId":"5d31ezOkbxClaLM6FrQQak/"},"_contentSize":{"__type__":"cc.Size","width":27,"height":38},"_trs":{"__type__":"TypedArray","ctor":"Float64Array","array":[-28.5,0,0,0,0,0,1,1,1,1]}},{"__type__":"cc.Node","_name":"label","_parent":{"__id__":14},"_components":[{"__id__":16}],"_prefab":{"__type__":"cc.PrefabInfo","root":{"__id__":1},"asset":{"__uuid__":"3e44WvLpBATq7X8HRds/i0"},"fileId":"35q2Ny5uFCVqKCMQRfhw5l"},"_color":{"__type__":"cc.Color","r":189,"g":4,"b":4},"_contentSize":{"__type__":"cc.Size","width":27.38,"height":60.48},"_trs":{"__type__":"TypedArray","ctor":"Float64Array","array":[0,0,0,0,0,0,1,1,1,1]}},{"__type__":"cc.Label","node":{"__id__":15},"_materials":[{"__uuid__":"ecpdLyjvZBwrvm+cedCcQy"}],"_useOriginalSize":false,"_string":"2","_N$string":"2","_fontSize":48,"_lineHeight":48,"_N$file":{"__uuid__":"5f5wQekV1CGpJW2meZozWn"},"_isSystemFontUsed":false,"_N$horizontalAlign":1,"_N$verticalAlign":1},{"__type__":"cc.Node","_name":"bg_number","_parent":{"__id__":7},"_children":[{"__id__":18}],"_prefab":{"__type__":"cc.PrefabInfo","root":{"__id__":1},"asset":{"__uuid__":"3e44WvLpBATq7X8HRds/i0"},"fileId":"efefc1Ymu9GtKc/emG5gkKB"},"_contentSize":{"__type__":"cc.Size","width":27,"height":38},"_trs":{"__type__":"TypedArray","ctor":"Float64Array","array":[28.5,0,0,0,0,0,1,1,1,1]}},{"__type__":"cc.Node","_name":"label","_parent":{"__id__":17},"_components":[{"__id__":19}],"_prefab":{"__type__":"cc.PrefabInfo","root":{"__id__":1},"asset":{"__uuid__":"3e44WvLpBATq7X8HRds/i0"},"fileId":"7bdFxYkZ9D9rmWS9z/kBXN"},"_color":{"__type__":"cc.Color","r":189,"g":4,"b":4},"_contentSize":{"__type__":"cc.Size","width":27.38,"height":60.48},"_trs":{"__type__":"TypedArray","ctor":"Float64Array","array":[0,0,0,0,0,0,1,1,1,1]}},{"__type__":"cc.Label","node":{"__id__":18},"_materials":[{"__uuid__":"ecpdLyjvZBwrvm+cedCcQy"}],"_useOriginalSize":false,"_string":"2","_N$string":"2","_fontSize":48,"_lineHeight":48,"_N$file":{"__uuid__":"5f5wQekV1CGpJW2meZozWn"},"_isSystemFontUsed":false,"_N$horizontalAlign":1,"_N$verticalAlign":1},{"__type__":"cc.Node","_name":"bg_number","_parent":{"__id__":7},"_children":[{"__id__":21}],"_prefab":{"__type__":"cc.PrefabInfo","root":{"__id__":1},"asset":{"__uuid__":"3e44WvLpBATq7X8HRds/i0"},"fileId":"e81aaZOCjRNIpSn4qzllrw7"},"_contentSize":{"__type__":"cc.Size","width":27,"height":38},"_trs":{"__type__":"TypedArray","ctor":"Float64Array","array":[85.5,0,0,0,0,0,1,1,1,1]}},{"__type__":"cc.Node","_name":"label","_parent":{"__id__":20},"_components":[{"__id__":22}],"_prefab":{"__type__":"cc.PrefabInfo","root":{"__id__":1},"asset":{"__uuid__":"3e44WvLpBATq7X8HRds/i0"},"fileId":"67Dc8UeE5Aa6pc7PT9+tIG"},"_color":{"__type__":"cc.Color","r":189,"g":4,"b":4},"_contentSize":{"__type__":"cc.Size","width":27.38,"height":60.48},"_trs":{"__type__":"TypedArray","ctor":"Float64Array","array":[0,0,0,0,0,0,1,1,1,1]}},{"__type__":"cc.Label","node":{"__id__":21},"_materials":[{"__uuid__":"ecpdLyjvZBwrvm+cedCcQy"}],"_useOriginalSize":false,"_string":"2","_N$string":"2","_fontSize":48,"_lineHeight":48,"_N$file":{"__uuid__":"5f5wQekV1CGpJW2meZozWn"},"_isSystemFontUsed":false,"_N$horizontalAlign":1,"_N$verticalAlign":1},{"__type__":"cc.Node","_name":"bg_number","_parent":{"__id__":7},"_children":[{"__id__":24}],"_prefab":{"__type__":"cc.PrefabInfo","root":{"__id__":1},"asset":{"__uuid__":"3e44WvLpBATq7X8HRds/i0"},"fileId":"2d022cDUsFA5r8ACt3iHzku"},"_contentSize":{"__type__":"cc.Size","width":27,"height":38},"_trs":{"__type__":"TypedArray","ctor":"Float64Array","array":[142.5,0,0,0,0,0,1,1,1,1]}},{"__type__":"cc.Node","_name":"label","_parent":{"__id__":23},"_components":[{"__id__":25}],"_prefab":{"__type__":"cc.PrefabInfo","root":{"__id__":1},"asset":{"__uuid__":"3e44WvLpBATq7X8HRds/i0"},"fileId":"22fmZq6+RHQ7WQYZNqrEtP"},"_color":{"__type__":"cc.Color","r":189,"g":4,"b":4},"_contentSize":{"__type__":"cc.Size","width":27.38,"height":60.48},"_trs":{"__type__":"TypedArray","ctor":"Float64Array","array":[0,0,0,0,0,0,1,1,1,1]}},{"__type__":"cc.Label","node":{"__id__":24},"_materials":[{"__uuid__":"ecpdLyjvZBwrvm+cedCcQy"}],"_useOriginalSize":false,"_string":"2","_N$string":"2","_fontSize":48,"_lineHeight":48,"_N$file":{"__uuid__":"5f5wQekV1CGpJW2meZozWn"},"_isSystemFontUsed":false,"_N$horizontalAlign":1,"_N$verticalAlign":1},{"__type__":"cc.Node","_name":"btnNodes","_parent":{"__id__":1},"_children":[{"__id__":27},{"__id__":29},{"__id__":31},{"__id__":33},{"__id__":35},{"__id__":37},{"__id__":39},{"__id__":41},{"__id__":43},{"__id__":45},{"__id__":47},{"__id__":48}],"_prefab":{"__type__":"cc.PrefabInfo","root":{"__id__":1},"asset":{"__uuid__":"3e44WvLpBATq7X8HRds/i0"},"fileId":"90144FDYlFHM7G7MJt0e3xg"},"_contentSize":{"__type__":"cc.Size","width":620,"height":398},"_trs":{"__type__":"TypedArray","ctor":"Float64Array","array":[0,-46,0,0,0,0,1,1,1,1]}},{"__type__":"cc.Node","_name":"btn_num1","_parent":{"__id__":26},"_children":[{"__id__":28}],"_components":[{"__type__":"cc.Sprite","node":{"__id__":27},"_materials":[{"__uuid__":"ecpdLyjvZBwrvm+cedCcQy"}],"_spriteFrame":{"__uuid__":"c799E9Tt1ANJeEYpmH7JUY"},"_sizeMode":2,"_isTrimmedMode":false},{"__type__":"cc.Button","node":{"__id__":27},"clickEvents":[{"__type__":"cc.ClickEvent","target":{"__id__":1},"_componentId":"14031LhZn1LN4d5KdQTC0rj","handler":"OnClick_BtnWnd"}],"_N$transition":3,"transition":3,"_N$normalColor":{"__type__":"cc.Color","r":214,"g":214,"b":214},"_N$target":{"__id__":27}}],"_prefab":{"__type__":"cc.PrefabInfo","root":{"__id__":1},"asset":{"__uuid__":"3e44WvLpBATq7X8HRds/i0"},"fileId":"c1477iSAflON6L0uHNIJ2Zl"},"_contentSize":{"__type__":"cc.Size","width":191,"height":73},"_trs":{"__type__":"TypedArray","ctor":"Float64Array","array":[-206.2,148,0,0,0,0,1,1,1,1]}},{"__type__":"cc.Node","_name":"lb","_parent":{"__id__":27},"_components":[{"__type__":"cc.Label","node":{"__id__":28},"_materials":[{"__uuid__":"ecpdLyjvZBwrvm+cedCcQy"}],"_useOriginalSize":false,"_string":"1","_N$string":"1","_fontSize":1,"_lineHeight":1,"_N$file":{"__uuid__":"69KBsiyJ5GZ5sD2cV64RgP"},"_isSystemFontUsed":false,"_N$horizontalAlign":1,"_N$verticalAlign":1}],"_prefab":{"__type__":"cc.PrefabInfo","root":{"__id__":1},"asset":{"__uuid__":"3e44WvLpBATq7X8HRds/i0"},"fileId":"e84eb3AkRRENJhktbzOYGiA"},"_contentSize":{"__type__":"cc.Size","width":32,"height":1},"_trs":{"__type__":"TypedArray","ctor":"Float64Array","array":[0,25,0,0,0,0,1,1,1,1]}},{"__type__":"cc.Node","_name":"btn_num2","_parent":{"__id__":26},"_children":[{"__id__":30}],"_components":[{"__type__":"cc.Sprite","node":{"__id__":29},"_materials":[{"__uuid__":"ecpdLyjvZBwrvm+cedCcQy"}],"_spriteFrame":{"__uuid__":"c799E9Tt1ANJeEYpmH7JUY"},"_sizeMode":2,"_isTrimmedMode":false},{"__type__":"cc.Button","node":{"__id__":29},"clickEvents":[{"__type__":"cc.ClickEvent","target":{"__id__":1},"_componentId":"14031LhZn1LN4d5KdQTC0rj","handler":"OnClick_BtnWnd"}],"_N$transition":3,"transition":3,"_N$normalColor":{"__type__":"cc.Color","r":214,"g":214,"b":214},"_N$target":{"__id__":29}}],"_prefab":{"__type__":"cc.PrefabInfo","root":{"__id__":1},"asset":{"__uuid__":"3e44WvLpBATq7X8HRds/i0"},"fileId":"67940kKkbBHnqnO+sGeEUy+"},"_contentSize":{"__type__":"cc.Size","width":191,"height":73},"_trs":{"__type__":"TypedArray","ctor":"Float64Array","array":[0,148,0,0,0,0,1,1,1,1]}},{"__type__":"cc.Node","_name":"lb","_parent":{"__id__":29},"_components":[{"__type__":"cc.Label","node":{"__id__":30},"_materials":[{"__uuid__":"ecpdLyjvZBwrvm+cedCcQy"}],"_useOriginalSize":false,"_string":"2","_N$string":"2","_fontSize":1,"_lineHeight":1,"_N$file":{"__uuid__":"69KBsiyJ5GZ5sD2cV64RgP"},"_isSystemFontUsed":false,"_N$horizontalAlign":1,"_N$verticalAlign":1}],"_prefab":{"__type__":"cc.PrefabInfo","root":{"__id__":1},"asset":{"__uuid__":"3e44WvLpBATq7X8HRds/i0"},"fileId":"ad6e4RceoZB8Zz1rL5r0A0h"},"_contentSize":{"__type__":"cc.Size","width":32,"height":1},"_trs":{"__type__":"TypedArray","ctor":"Float64Array","array":[0,25,0,0,0,0,1,1,1,1]}},{"__type__":"cc.Node","_name":"btn_num3","_parent":{"__id__":26},"_children":[{"__id__":32}],"_components":[{"__type__":"cc.Sprite","node":{"__id__":31},"_materials":[{"__uuid__":"ecpdLyjvZBwrvm+cedCcQy"}],"_spriteFrame":{"__uuid__":"c799E9Tt1ANJeEYpmH7JUY"},"_sizeMode":2,"_isTrimmedMode":false},{"__type__":"cc.Button","node":{"__id__":31},"clickEvents":[{"__type__":"cc.ClickEvent","target":{"__id__":1},"_componentId":"14031LhZn1LN4d5KdQTC0rj","handler":"OnClick_BtnWnd"}],"_N$transition":3,"transition":3,"_N$normalColor":{"__type__":"cc.Color","r":214,"g":214,"b":214},"_N$target":{"__id__":31}}],"_prefab":{"__type__":"cc.PrefabInfo","root":{"__id__":1},"asset":{"__uuid__":"3e44WvLpBATq7X8HRds/i0"},"fileId":"ffa4d7rpbJOnZw2A7kZI8Ed"},"_contentSize":{"__type__":"cc.Size","width":191,"height":73},"_trs":{"__type__":"TypedArray","ctor":"Float64Array","array":[205.8,148,0,0,0,0,1,1,1,1]}},{"__type__":"cc.Node","_name":"lb","_parent":{"__id__":31},"_components":[{"__type__":"cc.Label","node":{"__id__":32},"_materials":[{"__uuid__":"ecpdLyjvZBwrvm+cedCcQy"}],"_useOriginalSize":false,"_string":"3","_N$string":"3","_fontSize":1,"_lineHeight":1,"_N$file":{"__uuid__":"69KBsiyJ5GZ5sD2cV64RgP"},"_isSystemFontUsed":false,"_N$horizontalAlign":1,"_N$verticalAlign":1}],"_prefab":{"__type__":"cc.PrefabInfo","root":{"__id__":1},"asset":{"__uuid__":"3e44WvLpBATq7X8HRds/i0"},"fileId":"add54AFpkdKzYYVgaPemfkz"},"_contentSize":{"__type__":"cc.Size","width":32,"height":1},"_trs":{"__type__":"TypedArray","ctor":"Float64Array","array":[0,25,0,0,0,0,1,1,1,1]}},{"__type__":"cc.Node","_name":"btn_num4","_parent":{"__id__":26},"_children":[{"__id__":34}],"_components":[{"__type__":"cc.Sprite","node":{"__id__":33},"_materials":[{"__uuid__":"ecpdLyjvZBwrvm+cedCcQy"}],"_spriteFrame":{"__uuid__":"c799E9Tt1ANJeEYpmH7JUY"},"_sizeMode":2,"_isTrimmedMode":false},{"__type__":"cc.Button","node":{"__id__":33},"clickEvents":[{"__type__":"cc.ClickEvent","target":{"__id__":1},"_componentId":"14031LhZn1LN4d5KdQTC0rj","handler":"OnClick_BtnWnd"}],"_N$transition":3,"transition":3,"_N$normalColor":{"__type__":"cc.Color","r":214,"g":214,"b":214},"_N$target":{"__id__":33}}],"_prefab":{"__type__":"cc.PrefabInfo","root":{"__id__":1},"asset":{"__uuid__":"3e44WvLpBATq7X8HRds/i0"},"fileId":"8ab42nIjkZKDoAmjSTp+LKK"},"_contentSize":{"__type__":"cc.Size","width":191,"height":73},"_trs":{"__type__":"TypedArray","ctor":"Float64Array","array":[-206.2,49.2,0,0,0,0,1,1,1,1]}},{"__type__":"cc.Node","_name":"lb","_parent":{"__id__":33},"_components":[{"__type__":"cc.Label","node":{"__id__":34},"_materials":[{"__uuid__":"ecpdLyjvZBwrvm+cedCcQy"}],"_useOriginalSize":false,"_string":"4","_N$string":"4","_fontSize":1,"_lineHeight":1,"_N$file":{"__uuid__":"69KBsiyJ5GZ5sD2cV64RgP"},"_isSystemFontUsed":false,"_N$horizontalAlign":1,"_N$verticalAlign":1}],"_prefab":{"__type__":"cc.PrefabInfo","root":{"__id__":1},"asset":{"__uuid__":"3e44WvLpBATq7X8HRds/i0"},"fileId":"0b217/PxipB3KoufYcNb34K"},"_contentSize":{"__type__":"cc.Size","width":32,"height":1},"_trs":{"__type__":"TypedArray","ctor":"Float64Array","array":[0,25,0,0,0,0,1,1,1,1]}},{"__type__":"cc.Node","_name":"btn_num5","_parent":{"__id__":26},"_children":[{"__id__":36}],"_components":[{"__type__":"cc.Sprite","node":{"__id__":35},"_materials":[{"__uuid__":"ecpdLyjvZBwrvm+cedCcQy"}],"_spriteFrame":{"__uuid__":"c799E9Tt1ANJeEYpmH7JUY"},"_sizeMode":2,"_isTrimmedMode":false},{"__type__":"cc.Button","node":{"__id__":35},"clickEvents":[{"__type__":"cc.ClickEvent","target":{"__id__":1},"_componentId":"14031LhZn1LN4d5KdQTC0rj","handler":"OnClick_BtnWnd"}],"_N$transition":3,"transition":3,"_N$normalColor":{"__type__":"cc.Color","r":214,"g":214,"b":214},"_N$target":{"__id__":35}}],"_prefab":{"__type__":"cc.PrefabInfo","root":{"__id__":1},"asset":{"__uuid__":"3e44WvLpBATq7X8HRds/i0"},"fileId":"1d041TDOcBLLqqO68a0otdo"},"_contentSize":{"__type__":"cc.Size","width":191,"height":73},"_trs":{"__type__":"TypedArray","ctor":"Float64Array","array":[0,49.2,0,0,0,0,1,1,1,1]}},{"__type__":"cc.Node","_name":"lb","_parent":{"__id__":35},"_components":[{"__type__":"cc.Label","node":{"__id__":36},"_materials":[{"__uuid__":"ecpdLyjvZBwrvm+cedCcQy"}],"_useOriginalSize":false,"_string":"5","_N$string":"5","_fontSize":1,"_lineHeight":1,"_N$file":{"__uuid__":"69KBsiyJ5GZ5sD2cV64RgP"},"_isSystemFontUsed":false,"_N$horizontalAlign":1,"_N$verticalAlign":1}],"_prefab":{"__type__":"cc.PrefabInfo","root":{"__id__":1},"asset":{"__uuid__":"3e44WvLpBATq7X8HRds/i0"},"fileId":"64982LJKWNJCapjJOc7Yiqg"},"_contentSize":{"__type__":"cc.Size","width":32,"height":1},"_trs":{"__type__":"TypedArray","ctor":"Float64Array","array":[0,25,0,0,0,0,1,1,1,1]}},{"__type__":"cc.Node","_name":"btn_num6","_parent":{"__id__":26},"_children":[{"__id__":38}],"_components":[{"__type__":"cc.Sprite","node":{"__id__":37},"_materials":[{"__uuid__":"ecpdLyjvZBwrvm+cedCcQy"}],"_spriteFrame":{"__uuid__":"c799E9Tt1ANJeEYpmH7JUY"},"_sizeMode":2,"_isTrimmedMode":false},{"__type__":"cc.Button","node":{"__id__":37},"clickEvents":[{"__type__":"cc.ClickEvent","target":{"__id__":1},"_componentId":"14031LhZn1LN4d5KdQTC0rj","handler":"OnClick_BtnWnd"}],"_N$transition":3,"transition":3,"_N$normalColor":{"__type__":"cc.Color","r":214,"g":214,"b":214},"_N$target":{"__id__":37}}],"_prefab":{"__type__":"cc.PrefabInfo","root":{"__id__":1},"asset":{"__uuid__":"3e44WvLpBATq7X8HRds/i0"},"fileId":"11379pY4gxH1qjpGRj1gMfT"},"_contentSize":{"__type__":"cc.Size","width":191,"height":73},"_trs":{"__type__":"TypedArray","ctor":"Float64Array","array":[205.8,49.2,0,0,0,0,1,1,1,1]}},{"__type__":"cc.Node","_name":"lb","_parent":{"__id__":37},"_components":[{"__type__":"cc.Label","node":{"__id__":38},"_materials":[{"__uuid__":"ecpdLyjvZBwrvm+cedCcQy"}],"_useOriginalSize":false,"_string":"6","_N$string":"6","_fontSize":1,"_lineHeight":1,"_N$file":{"__uuid__":"69KBsiyJ5GZ5sD2cV64RgP"},"_isSystemFontUsed":false,"_N$horizontalAlign":1,"_N$verticalAlign":1}],"_prefab":{"__type__":"cc.PrefabInfo","root":{"__id__":1},"asset":{"__uuid__":"3e44WvLpBATq7X8HRds/i0"},"fileId":"667d0Ll+5BJW4T+ZYT1up7m"},"_contentSize":{"__type__":"cc.Size","width":32,"height":1},"_trs":{"__type__":"TypedArray","ctor":"Float64Array","array":[0,25,0,0,0,0,1,1,1,1]}},{"__type__":"cc.Node","_name":"btn_num7","_parent":{"__id__":26},"_children":[{"__id__":40}],"_components":[{"__type__":"cc.Sprite","node":{"__id__":39},"_materials":[{"__uuid__":"ecpdLyjvZBwrvm+cedCcQy"}],"_spriteFrame":{"__uuid__":"c799E9Tt1ANJeEYpmH7JUY"},"_sizeMode":2,"_isTrimmedMode":false},{"__type__":"cc.Button","node":{"__id__":39},"clickEvents":[{"__type__":"cc.ClickEvent","target":{"__id__":1},"_componentId":"14031LhZn1LN4d5KdQTC0rj","handler":"OnClick_BtnWnd"}],"_N$transition":3,"transition":3,"_N$normalColor":{"__type__":"cc.Color","r":214,"g":214,"b":214},"_N$target":{"__id__":39}}],"_prefab":{"__type__":"cc.PrefabInfo","root":{"__id__":1},"asset":{"__uuid__":"3e44WvLpBATq7X8HRds/i0"},"fileId":"b8384VtHJFO7ZFHXG3CPezR"},"_contentSize":{"__type__":"cc.Size","width":191,"height":73},"_trs":{"__type__":"TypedArray","ctor":"Float64Array","array":[-206.2,-49,0,0,0,0,1,1,1,1]}},{"__type__":"cc.Node","_name":"lb","_parent":{"__id__":39},"_components":[{"__type__":"cc.Label","node":{"__id__":40},"_materials":[{"__uuid__":"ecpdLyjvZBwrvm+cedCcQy"}],"_useOriginalSize":false,"_string":"7","_N$string":"7","_fontSize":1,"_lineHeight":1,"_N$file":{"__uuid__":"69KBsiyJ5GZ5sD2cV64RgP"},"_isSystemFontUsed":false,"_N$horizontalAlign":1,"_N$verticalAlign":1}],"_prefab":{"__type__":"cc.PrefabInfo","root":{"__id__":1},"asset":{"__uuid__":"3e44WvLpBATq7X8HRds/i0"},"fileId":"9a8b61H7vtBL7Iu/RQDH7Im"},"_contentSize":{"__type__":"cc.Size","width":32,"height":1},"_trs":{"__type__":"TypedArray","ctor":"Float64Array","array":[0,25,0,0,0,0,1,1,1,1]}},{"__type__":"cc.Node","_name":"btn_num8","_parent":{"__id__":26},"_children":[{"__id__":42}],"_components":[{"__type__":"cc.Sprite","node":{"__id__":41},"_materials":[{"__uuid__":"ecpdLyjvZBwrvm+cedCcQy"}],"_spriteFrame":{"__uuid__":"c799E9Tt1ANJeEYpmH7JUY"},"_sizeMode":2,"_isTrimmedMode":false},{"__type__":"cc.Button","node":{"__id__":41},"clickEvents":[{"__type__":"cc.ClickEvent","target":{"__id__":1},"_componentId":"14031LhZn1LN4d5KdQTC0rj","handler":"OnClick_BtnWnd"}],"_N$transition":3,"transition":3,"_N$normalColor":{"__type__":"cc.Color","r":214,"g":214,"b":214},"_N$target":{"__id__":41}}],"_prefab":{"__type__":"cc.PrefabInfo","root":{"__id__":1},"asset":{"__uuid__":"3e44WvLpBATq7X8HRds/i0"},"fileId":"af83exZcNJOeqjDMmnnr8Th"},"_contentSize":{"__type__":"cc.Size","width":191,"height":73},"_trs":{"__type__":"TypedArray","ctor":"Float64Array","array":[0,-49,0,0,0,0,1,1,1,1]}},{"__type__":"cc.Node","_name":"lb","_parent":{"__id__":41},"_components":[{"__type__":"cc.Label","node":{"__id__":42},"_materials":[{"__uuid__":"ecpdLyjvZBwrvm+cedCcQy"}],"_useOriginalSize":false,"_string":"8","_N$string":"8","_fontSize":1,"_lineHeight":1,"_N$file":{"__uuid__":"69KBsiyJ5GZ5sD2cV64RgP"},"_isSystemFontUsed":false,"_N$horizontalAlign":1,"_N$verticalAlign":1}],"_prefab":{"__type__":"cc.PrefabInfo","root":{"__id__":1},"asset":{"__uuid__":"3e44WvLpBATq7X8HRds/i0"},"fileId":"a80d4QYtlZJJYHHPcaoMg37"},"_contentSize":{"__type__":"cc.Size","width":32,"height":1},"_trs":{"__type__":"TypedArray","ctor":"Float64Array","array":[0,25,0,0,0,0,1,1,1,1]}},{"__type__":"cc.Node","_name":"btn_num9","_parent":{"__id__":26},"_children":[{"__id__":44}],"_components":[{"__type__":"cc.Sprite","node":{"__id__":43},"_materials":[{"__uuid__":"ecpdLyjvZBwrvm+cedCcQy"}],"_spriteFrame":{"__uuid__":"c799E9Tt1ANJeEYpmH7JUY"},"_sizeMode":2,"_isTrimmedMode":false},{"__type__":"cc.Button","node":{"__id__":43},"clickEvents":[{"__type__":"cc.ClickEvent","target":{"__id__":1},"_componentId":"14031LhZn1LN4d5KdQTC0rj","handler":"OnClick_BtnWnd"}],"_N$transition":3,"transition":3,"_N$normalColor":{"__type__":"cc.Color","r":214,"g":214,"b":214},"_N$target":{"__id__":43}}],"_prefab":{"__type__":"cc.PrefabInfo","root":{"__id__":1},"asset":{"__uuid__":"3e44WvLpBATq7X8HRds/i0"},"fileId":"f7c00/ReaxOgpC7aOPO+4Al"},"_contentSize":{"__type__":"cc.Size","width":191,"height":73},"_trs":{"__type__":"TypedArray","ctor":"Float64Array","array":[205.8,-49,0,0,0,0,1,1,1,1]}},{"__type__":"cc.Node","_name":"lb","_parent":{"__id__":43},"_components":[{"__type__":"cc.Label","node":{"__id__":44},"_materials":[{"__uuid__":"ecpdLyjvZBwrvm+cedCcQy"}],"_useOriginalSize":false,"_string":"9","_N$string":"9","_fontSize":1,"_lineHeight":1,"_N$file":{"__uuid__":"69KBsiyJ5GZ5sD2cV64RgP"},"_isSystemFontUsed":false,"_N$horizontalAlign":1,"_N$verticalAlign":1}],"_prefab":{"__type__":"cc.PrefabInfo","root":{"__id__":1},"asset":{"__uuid__":"3e44WvLpBATq7X8HRds/i0"},"fileId":"1a554NteTdHMaOPaC2uyiYA"},"_contentSize":{"__type__":"cc.Size","width":32,"height":1},"_trs":{"__type__":"TypedArray","ctor":"Float64Array","array":[0,25,0,0,0,0,1,1,1,1]}},{"__type__":"cc.Node","_name":"btn_num0","_parent":{"__id__":26},"_children":[{"__id__":46}],"_components":[{"__type__":"cc.Sprite","node":{"__id__":45},"_materials":[{"__uuid__":"ecpdLyjvZBwrvm+cedCcQy"}],"_spriteFrame":{"__uuid__":"c799E9Tt1ANJeEYpmH7JUY"},"_sizeMode":2,"_isTrimmedMode":false},{"__type__":"cc.Button","node":{"__id__":45},"clickEvents":[{"__type__":"cc.ClickEvent","target":{"__id__":1},"_componentId":"14031LhZn1LN4d5KdQTC0rj","handler":"OnClick_BtnWnd"}],"_N$transition":3,"transition":3,"_N$normalColor":{"__type__":"cc.Color","r":214,"g":214,"b":214},"_N$target":{"__id__":45}}],"_prefab":{"__type__":"cc.PrefabInfo","root":{"__id__":1},"asset":{"__uuid__":"3e44WvLpBATq7X8HRds/i0"},"fileId":"338836jIJ9LbL22His2XSFM"},"_contentSize":{"__type__":"cc.Size","width":191,"height":73},"_trs":{"__type__":"TypedArray","ctor":"Float64Array","array":[0,-147,0,0,0,0,1,1,1,1]}},{"__type__":"cc.Node","_name":"lb","_parent":{"__id__":45},"_components":[{"__type__":"cc.Label","node":{"__id__":46},"_materials":[{"__uuid__":"ecpdLyjvZBwrvm+cedCcQy"}],"_useOriginalSize":false,"_string":"0","_N$string":"0","_fontSize":1,"_lineHeight":1,"_N$file":{"__uuid__":"69KBsiyJ5GZ5sD2cV64RgP"},"_isSystemFontUsed":false,"_N$horizontalAlign":1,"_N$verticalAlign":1}],"_prefab":{"__type__":"cc.PrefabInfo","root":{"__id__":1},"asset":{"__uuid__":"3e44WvLpBATq7X8HRds/i0"},"fileId":"df78eYzCSRErosl63xCn90Z"},"_contentSize":{"__type__":"cc.Size","width":30,"height":1},"_trs":{"__type__":"TypedArray","ctor":"Float64Array","array":[0,25,0,0,0,0,1,1,1,1]}},{"__type__":"cc.Node","_name":"btn_reset","_parent":{"__id__":26},"_components":[{"__type__":"cc.Sprite","node":{"__id__":47},"_materials":[{"__uuid__":"ecpdLyjvZBwrvm+cedCcQy"}],"_spriteFrame":{"__uuid__":"8eKsOpxLFJdK4SqWgPhVM/"},"_sizeMode":2,"_isTrimmedMode":false},{"__type__":"cc.Button","node":{"__id__":47},"clickEvents":[{"__type__":"cc.ClickEvent","target":{"__id__":1},"_componentId":"14031LhZn1LN4d5KdQTC0rj","handler":"OnClick_BtnWnd"}],"_N$transition":3,"transition":3,"_N$normalColor":{"__type__":"cc.Color","r":214,"g":214,"b":214},"_N$target":{"__id__":47}}],"_prefab":{"__type__":"cc.PrefabInfo","root":{"__id__":1},"asset":{"__uuid__":"3e44WvLpBATq7X8HRds/i0"},"fileId":"362c66yIWBN1LbTS7fv8GSa"},"_contentSize":{"__type__":"cc.Size","width":191,"height":73},"_trs":{"__type__":"TypedArray","ctor":"Float64Array","array":[-206.2,-147,0,0,0,0,1,1,1,1]}},{"__type__":"cc.Node","_name":"btn_clear","_parent":{"__id__":26},"_components":[{"__type__":"cc.Sprite","node":{"__id__":48},"_materials":[{"__uuid__":"ecpdLyjvZBwrvm+cedCcQy"}],"_spriteFrame":{"__uuid__":"c0Arwdar9NMJ+YG1taTpra"},"_sizeMode":2,"_isTrimmedMode":false},{"__type__":"cc.Button","node":{"__id__":48},"clickEvents":[{"__type__":"cc.ClickEvent","target":{"__id__":1},"_componentId":"14031LhZn1LN4d5KdQTC0rj","handler":"OnClick_BtnWnd"}],"_N$transition":3,"transition":3,"_N$normalColor":{"__type__":"cc.Color","r":214,"g":214,"b":214},"_N$target":{"__id__":48}}],"_prefab":{"__type__":"cc.PrefabInfo","root":{"__id__":1},"asset":{"__uuid__":"3e44WvLpBATq7X8HRds/i0"},"fileId":"cd975yYFjFLuYQEi472RO5o"},"_contentSize":{"__type__":"cc.Size","width":191,"height":73},"_trs":{"__type__":"TypedArray","ctor":"Float64Array","array":[205.8,-147,0,0,0,0,1,1,1,1]}}],{"__type__":"cc.SpriteFrame","content":{"name":"img_black_60","texture":"e5dLSpyq9NPZ8mPvfDyGXH","rect":[0,0,100,100],"offset":[0,0],"originalSize":[100,100],"capInsets":[0,0,0,0]}},{"__type__":"cc.SpriteFrame","content":{"name":"btn_cz","texture":"91tL1hZwxMSKib/W3ZTZIz","rect":[0,0,191,73],"offset":[0,0],"originalSize":[191,73],"capInsets":[0,0,0,0]}},{"__type__":"cc.SpriteFrame","content":{"name":"img_t_jrss","texture":"b56usaBQBP3I48a1mpDMwc","rect":[0,0,208,52],"offset":[0,0],"originalSize":[208,52],"capInsets":[0,0,0,0]}},{"__type__":"cc.SpriteFrame","content":{"name":"btn_ljjr","texture":"71eMok7JFBF4qRE022JNib","rect":[0,0,280,85],"offset":[0,0],"originalSize":[280,85],"capInsets":[0,0,0,0]}},{"__type__":"cc.SpriteFrame","content":{"name":"btn_sc","texture":"b6ValQIRBFLpXjTm8Yh9NW","rect":[0,0,191,73],"offset":[0,0],"originalSize":[191,73],"capInsets":[0,0,0,0]}},{"__type__":"cc.SpriteFrame","content":{"name":"btn_anniu","texture":"fdPhI0O9lLgrHAdzA1/N8z","rect":[0,0,191,73],"offset":[0,0],"originalSize":[191,73],"capInsets":[0,0,0,0]}},{"__type__":"cc.SpriteFrame","content":{"name":"btn_close","texture":"adT+cX5aVEFrD91N8Yp4Db","rect":[0,0,79,80],"offset":[0,0],"originalSize":[79,80],"capInsets":[0,0,0,0]}},{"__type__":"cc.SpriteFrame","content":{"name":"img_ckhfm","texture":"adPkkivSBEcKI/ALw2sIn9","rect":[0,0,806,613],"offset":[0,0],"originalSize":[806,613],"capInsets":[0,298,0,223]}}]