[{"__type__":"cc.SpriteFrame","content":{"name":"img_sanyou","texture":"e3dzG/fChJ45a3zUHtnYNg","rect":[0,0,88,102],"offset":[-1,0.5],"originalSize":[90,103],"capInsets":[0,0,0,0]}},{"__type__":"cc.SpriteFrame","content":{"name":"img_moyou","texture":"c00ktnpTZFBbKiH7G19ZGh","rect":[0,0,88,102],"offset":[-1,0.5],"originalSize":[90,103],"capInsets":[0,0,0,0]}},[{"__type__":"cc.Prefab","_name":"hcng_winlost_child","data":{"__id__":1}},{"__type__":"cc.Node","_name":"hcng_winlost_child","_children":[{"__id__":2},{"__id__":12},{"__id__":13},{"__id__":14},{"__id__":15},{"__id__":16},{"__id__":17},{"__id__":18},{"__id__":19},{"__id__":20},{"__id__":21},{"__id__":22}],"_components":[{"__type__":"cc.Sprite","node":{"__id__":1},"_materials":[{"__uuid__":"ecpdLyjvZBwrvm+cedCcQy"}],"_spriteFrame":{"__uuid__":"2bqGev7VdHe4af8c1lQl9d"},"_type":1,"_sizeMode":0},{"__type__":"cc5eaP5+dZL3qAxTqxJOT+Q","node":{"__id__":1},"icon_nhWinLost":[{"__uuid__":"f2U7DgAiNEPqsVHaHz9jMc"},{"__uuid__":"abFg7RF1JKo7VKhGCb8B5S"}],"icon_you":[{"__uuid__":"a3oK+xb49DA4z6vw8cuKwe"},{"__uuid__":"7eJKwd8ehPUrofEqNuIWD0"},{"__uuid__":"06ZqMeVWVFFbbOebzh/Q4g"},{"__uuid__":"10NykoIfdPlo+04QWCV2cB"}]}],"_prefab":{"__type__":"cc.PrefabInfo","root":{"__id__":1},"asset":{"__uuid__":"13MEU1vphIPK0vVMTiXP2/"},"fileId":"f3GBOjQ7RPGKNBtyP00jim"},"_contentSize":{"__type__":"cc.Size","width":274,"height":396},"_anchorPoint":{"__type__":"cc.Vec2","y":0.5},"_trs":{"__type__":"TypedArray","ctor":"Float64Array","array":[0,-220,0,0,0,0,1,1,1,1]}},{"__type__":"cc.Node","_name":"user_info","_parent":{"__id__":1},"_children":[{"__id__":3},{"__id__":4},{"__id__":6},{"__id__":7},{"__id__":8},{"__id__":9},{"__id__":10},{"__id__":11}],"_prefab":{"__type__":"cc.PrefabInfo","root":{"__id__":1},"asset":{"__uuid__":"13MEU1vphIPK0vVMTiXP2/"},"fileId":"eaxloF65JAQJZO19dmTyjg"},"_trs":{"__type__":"TypedArray","ctor":"Float64Array","array":[110,120,0,0,0,0,1,1,1,1]}},{"__type__":"cc.Node","_name":"bg_head","_parent":{"__id__":2},"_components":[{"__type__":"cc.Sprite","node":{"__id__":3},"_materials":[{"__uuid__":"ecpdLyjvZBwrvm+cedCcQy"}],"_spriteFrame":{"__uuid__":"6fZHXhFSNJOaHufB8Cy11y"}}],"_prefab":{"__type__":"cc.PrefabInfo","root":{"__id__":1},"asset":{"__uuid__":"13MEU1vphIPK0vVMTiXP2/"},"fileId":"ffZB++hjlNlJBcxhwvqdwa"},"_contentSize":{"__type__":"cc.Size","width":85,"height":85},"_trs":{"__type__":"TypedArray","ctor":"Float64Array","array":[-60.9,29.7,0,0,0,0,1,1,1,1]}},{"__type__":"cc.Node","_name":"mask","_parent":{"__id__":2},"_children":[{"__id__":5}],"_components":[{"__type__":"cc.Mask","node":{"__id__":4},"_materials":[{"__uuid__":"ecpdLyjvZBwrvm+cedCcQy"}],"_spriteFrame":{"__uuid__":"862ZSSkT5Mqrb9LXLGSo/x"},"_type":2}],"_prefab":{"__type__":"cc.PrefabInfo","root":{"__id__":1},"asset":{"__uuid__":"13MEU1vphIPK0vVMTiXP2/"},"fileId":"d5klA9QzFP/Z14UYIuJ276"},"_contentSize":{"__type__":"cc.Size","width":79,"height":79},"_trs":{"__type__":"TypedArray","ctor":"Float64Array","array":[-60.9,29.7,0,0,0,0,1,1,1,1]}},{"__type__":"cc.Node","_name":"head_img","_parent":{"__id__":4},"_components":[{"__type__":"cc.Sprite","node":{"__id__":5},"_materials":[{"__uuid__":"ecpdLyjvZBwrvm+cedCcQy"}],"_spriteFrame":{"__uuid__":"e6JNuRrHVFM4KYnmai3HR+"},"_sizeMode":0,"_isTrimmedMode":false},{"__type__":"f42b8ZzNWFKKI/QT/n8cR1+","node":{"__id__":5}}],"_prefab":{"__type__":"cc.PrefabInfo","root":{"__id__":1},"asset":{"__uuid__":"13MEU1vphIPK0vVMTiXP2/"},"fileId":"50v9dlPnRHB4Igx4mPDHSQ"},"_contentSize":{"__type__":"cc.Size","width":79,"height":79},"_trs":{"__type__":"TypedArray","ctor":"Float64Array","array":[0,0,0,0,0,0,1,1,1,1]}},{"__type__":"cc.Node","_name":"lable_name","_parent":{"__id__":2},"_components":[{"__type__":"cc.Label","node":{"__id__":6},"_materials":[{"__uuid__":"ecpdLyjvZBwrvm+cedCcQy"}],"_useOriginalSize":false,"_string":"丸子科丸丸","_N$string":"丸子科丸丸","_fontSize":26,"_lineHeight":26,"_enableWrapText":false,"_N$verticalAlign":1,"_N$overflow":2}],"_prefab":{"__type__":"cc.PrefabInfo","root":{"__id__":1},"asset":{"__uuid__":"13MEU1vphIPK0vVMTiXP2/"},"fileId":"e20u2h1CpJ2KLutmOksP+o"},"_color":{"__type__":"cc.Color","r":124,"g":62,"b":18},"_contentSize":{"__type__":"cc.Size","width":130,"height":26},"_anchorPoint":{"__type__":"cc.Vec2","y":0.5},"_trs":{"__type__":"TypedArray","ctor":"Float64Array","array":[-1,45,0,0,0,0,1,1,1,1]}},{"__type__":"cc.Node","_name":"label_id","_parent":{"__id__":2},"_components":[{"__type__":"cc.Label","node":{"__id__":7},"_materials":[{"__uuid__":"ecpdLyjvZBwrvm+cedCcQy"}],"_useOriginalSize":false,"_string":"1422222","_N$string":"1422222","_fontSize":26,"_lineHeight":26,"_N$verticalAlign":1}],"_prefab":{"__type__":"cc.PrefabInfo","root":{"__id__":1},"asset":{"__uuid__":"13MEU1vphIPK0vVMTiXP2/"},"fileId":"28QbT06/tOaZUnmlaurj+f"},"_color":{"__type__":"cc.Color","r":124,"g":62,"b":18},"_contentSize":{"__type__":"cc.Size","width":101.22,"height":32.76},"_anchorPoint":{"__type__":"cc.Vec2","y":0.5},"_trs":{"__type__":"TypedArray","ctor":"Float64Array","array":[1,14,0,0,0,0,1,1,1,1]}},{"__type__":"cc.Node","_name":"icon_dzm","_parent":{"__id__":2},"_active":false,"_components":[{"__type__":"cc.Sprite","node":{"__id__":8},"_spriteFrame":{"__uuid__":"6b5WDlSMROe6s4CkxD9y3O"},"_sizeMode":0}],"_prefab":{"__type__":"cc.PrefabInfo","root":{"__id__":1},"asset":{"__uuid__":"13MEU1vphIPK0vVMTiXP2/"},"fileId":"22oppL9htNbrU5VFCGwBNE"},"_contentSize":{"__type__":"cc.Size","width":60,"height":45},"_trs":{"__type__":"TypedArray","ctor":"Float64Array","array":[-48.8,59.7,0,0,0,0,1,1,1,1]}},{"__type__":"cc.Node","_name":"img_hnwj","_parent":{"__id__":2},"_components":[{"__type__":"cc.Sprite","node":{"__id__":9},"_materials":[{"__uuid__":"ecpdLyjvZBwrvm+cedCcQy"}],"_spriteFrame":{"__uuid__":"96HpBKTcxEWaEHejmsD8MF"}}],"_prefab":{"__type__":"cc.PrefabInfo","root":{"__id__":1},"asset":{"__uuid__":"13MEU1vphIPK0vVMTiXP2/"},"fileId":"62jyetNqJFuJ1wKUkynUBM"},"_contentSize":{"__type__":"cc.Size","width":44,"height":43},"_trs":{"__type__":"TypedArray","ctor":"Float64Array","array":[-84.963,-52.107,0,0,0,0,1,1,1,1]}},{"__type__":"cc.Node","_name":"img_hnwinlost","_parent":{"__id__":2},"_components":[{"__type__":"cc.Sprite","node":{"__id__":10},"_materials":[{"__uuid__":"ecpdLyjvZBwrvm+cedCcQy"}],"_spriteFrame":{"__uuid__":"abFg7RF1JKo7VKhGCb8B5S"}}],"_prefab":{"__type__":"cc.PrefabInfo","root":{"__id__":1},"asset":{"__uuid__":"13MEU1vphIPK0vVMTiXP2/"},"fileId":"df3jpfBsxJw5vhor2CJQwD"},"_contentSize":{"__type__":"cc.Size","width":113,"height":74},"_trs":{"__type__":"TypedArray","ctor":"Float64Array","array":[-51.994,-125.211,0,0,0,0,1,1,1,1]}},{"__type__":"cc.Node","_name":"you","_parent":{"__id__":2},"_components":[{"__type__":"cc.Sprite","node":{"__id__":11},"_materials":[{"__uuid__":"ecpdLyjvZBwrvm+cedCcQy"}]}],"_prefab":{"__type__":"cc.PrefabInfo","root":{"__id__":1},"asset":{"__uuid__":"13MEU1vphIPK0vVMTiXP2/"},"fileId":"4eknF2V0dIz6VzGFgIuHNk"},"_contentSize":{"__type__":"cc.Size","width":88,"height":102},"_trs":{"__type__":"TypedArray","ctor":"Float64Array","array":[125.242,-71.132,0,0,0,0,1,0.8,0.8,1]}},{"__type__":"cc.Node","_name":"lb_beiShu","_parent":{"__id__":1},"_active":false,"_components":[{"__type__":"cc.Label","node":{"__id__":12},"_materials":[{"__uuid__":"ecpdLyjvZBwrvm+cedCcQy"}],"_useOriginalSize":false,"_string":"10","_N$string":"10","_fontSize":24,"_N$file":{"__uuid__":"5f5wQekV1CGpJW2meZozWn"},"_isSystemFontUsed":false,"_N$horizontalAlign":1,"_N$verticalAlign":1}],"_prefab":{"__type__":"cc.PrefabInfo","root":{"__id__":1},"asset":{"__uuid__":"13MEU1vphIPK0vVMTiXP2/"},"fileId":"720rnTf6dI+4OIHCHpCtWs"},"_color":{"__type__":"cc.Color","r":255,"g":66},"_contentSize":{"__type__":"cc.Size","width":22.5,"height":50.4},"_anchorPoint":{"__type__":"cc.Vec2","y":0.5},"_trs":{"__type__":"TypedArray","ctor":"Float64Array","array":[170,62,0,0,0,0,1,1,1,1]}},{"__type__":"cc.Node","_name":"lb_beishuTitle","_parent":{"__id__":1},"_active":false,"_components":[{"__type__":"cc.Label","node":{"__id__":13},"_materials":[{"__uuid__":"ecpdLyjvZBwrvm+cedCcQy"}],"_useOriginalSize":false,"_string":"倍数：","_N$string":"倍数：","_fontSize":26,"_lineHeight":35,"_N$file":{"__uuid__":"5f5wQekV1CGpJW2meZozWn"},"_isSystemFontUsed":false,"_N$horizontalAlign":1,"_N$verticalAlign":1}],"_prefab":{"__type__":"cc.PrefabInfo","root":{"__id__":1},"asset":{"__uuid__":"13MEU1vphIPK0vVMTiXP2/"},"fileId":"7ehcdnys1HxbyIrs2YShHy"},"_color":{"__type__":"cc.Color","r":119,"g":17,"b":17},"_contentSize":{"__type__":"cc.Size","width":78,"height":44.1},"_anchorPoint":{"__type__":"cc.Vec2","y":0.5},"_trs":{"__type__":"TypedArray","ctor":"Float64Array","array":[20,62,0,0,0,0,1,1,1,1]}},{"__type__":"cc.Node","_name":"lb_difentitle","_parent":{"__id__":1},"_active":false,"_components":[{"__type__":"cc.Label","node":{"__id__":14},"_materials":[{"__uuid__":"ecpdLyjvZBwrvm+cedCcQy"}],"_useOriginalSize":false,"_string":"底分：","_N$string":"底分：","_fontSize":26,"_lineHeight":35,"_N$file":{"__uuid__":"5f5wQekV1CGpJW2meZozWn"},"_isSystemFontUsed":false,"_N$horizontalAlign":1,"_N$verticalAlign":1}],"_prefab":{"__type__":"cc.PrefabInfo","root":{"__id__":1},"asset":{"__uuid__":"13MEU1vphIPK0vVMTiXP2/"},"fileId":"a4swGYvStGaofyNlwprUxW"},"_color":{"__type__":"cc.Color","r":119,"g":17,"b":17},"_contentSize":{"__type__":"cc.Size","width":78,"height":44.1},"_anchorPoint":{"__type__":"cc.Vec2","y":0.5},"_trs":{"__type__":"TypedArray","ctor":"Float64Array","array":[20,21,0,0,0,0,1,1,1,1]}},{"__type__":"cc.Node","_name":"lb_difen","_parent":{"__id__":1},"_active":false,"_components":[{"__type__":"cc.Label","node":{"__id__":15},"_materials":[{"__uuid__":"ecpdLyjvZBwrvm+cedCcQy"}],"_useOriginalSize":false,"_string":"10","_N$string":"10","_fontSize":24,"_N$file":{"__uuid__":"5f5wQekV1CGpJW2meZozWn"},"_isSystemFontUsed":false,"_N$horizontalAlign":1,"_N$verticalAlign":1}],"_prefab":{"__type__":"cc.PrefabInfo","root":{"__id__":1},"asset":{"__uuid__":"13MEU1vphIPK0vVMTiXP2/"},"fileId":"a4vzJSVRNJZo5JeJ6Qz/PB"},"_color":{"__type__":"cc.Color","r":255,"g":66},"_contentSize":{"__type__":"cc.Size","width":22.5,"height":50.4},"_anchorPoint":{"__type__":"cc.Vec2","y":0.5},"_trs":{"__type__":"TypedArray","ctor":"Float64Array","array":[170,21,0,0,0,0,1,1,1,1]}},{"__type__":"cc.Node","_name":"lb_mingpaititle","_parent":{"__id__":1},"_active":false,"_components":[{"__type__":"cc.Label","node":{"__id__":16},"_materials":[{"__uuid__":"ecpdLyjvZBwrvm+cedCcQy"}],"_useOriginalSize":false,"_string":"明牌倍数：","_N$string":"明牌倍数：","_fontSize":26,"_lineHeight":35,"_N$file":{"__uuid__":"5f5wQekV1CGpJW2meZozWn"},"_isSystemFontUsed":false,"_N$horizontalAlign":1,"_N$verticalAlign":1}],"_prefab":{"__type__":"cc.PrefabInfo","root":{"__id__":1},"asset":{"__uuid__":"13MEU1vphIPK0vVMTiXP2/"},"fileId":"9fI9dCXeZGpr176ON2jY1f"},"_color":{"__type__":"cc.Color","r":119,"g":17,"b":17},"_contentSize":{"__type__":"cc.Size","width":130,"height":44.1},"_anchorPoint":{"__type__":"cc.Vec2","y":0.5},"_trs":{"__type__":"TypedArray","ctor":"Float64Array","array":[20,-20,0,0,0,0,1,1,1,1]}},{"__type__":"cc.Node","_name":"lb_mingpai","_parent":{"__id__":1},"_active":false,"_components":[{"__type__":"cc.Label","node":{"__id__":17},"_materials":[{"__uuid__":"ecpdLyjvZBwrvm+cedCcQy"}],"_useOriginalSize":false,"_string":"10","_N$string":"10","_fontSize":24,"_N$file":{"__uuid__":"5f5wQekV1CGpJW2meZozWn"},"_isSystemFontUsed":false,"_N$horizontalAlign":1,"_N$verticalAlign":1}],"_prefab":{"__type__":"cc.PrefabInfo","root":{"__id__":1},"asset":{"__uuid__":"13MEU1vphIPK0vVMTiXP2/"},"fileId":"b6SptcNuJJcr564Vhh8aW5"},"_color":{"__type__":"cc.Color","r":255,"g":66},"_contentSize":{"__type__":"cc.Size","width":22.5,"height":50.4},"_anchorPoint":{"__type__":"cc.Vec2","y":0.5},"_trs":{"__type__":"TypedArray","ctor":"Float64Array","array":[170,-20,0,0,0,0,1,1,1,1]}},{"__type__":"cc.Node","_name":"icon_robClose","_parent":{"__id__":1},"_active":false,"_components":[{"__type__":"cc.Sprite","node":{"__id__":18},"_materials":[{"__uuid__":"ecpdLyjvZBwrvm+cedCcQy"}],"_spriteFrame":{"__uuid__":"43VZAJIQdIwJ1CckGfJfs5"}}],"_prefab":{"__type__":"cc.PrefabInfo","root":{"__id__":1},"asset":{"__uuid__":"13MEU1vphIPK0vVMTiXP2/"},"fileId":"92nSv4/mtH37ezv4gXE/vJ"},"_contentSize":{"__type__":"cc.Size","width":129,"height":67},"_trs":{"__type__":"TypedArray","ctor":"Float64Array","array":[139,-73,0,0,0,0,1,1,1,1]}},{"__type__":"cc.Node","_name":"lb_allScoreTitle","_parent":{"__id__":1},"_components":[{"__type__":"cc.Label","node":{"__id__":19},"_materials":[{"__uuid__":"ecpdLyjvZBwrvm+cedCcQy"}],"_useOriginalSize":false,"_string":"总分数:","_N$string":"总分数:","_fontSize":24,"_lineHeight":35,"_N$file":{"__uuid__":"5f5wQekV1CGpJW2meZozWn"},"_isSystemFontUsed":false,"_N$horizontalAlign":1,"_N$verticalAlign":1}],"_prefab":{"__type__":"cc.PrefabInfo","root":{"__id__":1},"asset":{"__uuid__":"13MEU1vphIPK0vVMTiXP2/"},"fileId":"00ZREuNiJJnqoddbJ4YSgR"},"_color":{"__type__":"cc.Color","r":119,"g":17,"b":17},"_contentSize":{"__type__":"cc.Size","width":78.38,"height":44.1},"_trs":{"__type__":"TypedArray","ctor":"Float64Array","array":[60,-74.606,0,0,0,0,1,1,1,1]}},{"__type__":"cc.Node","_name":"lb_lose_num","_parent":{"__id__":1},"_components":[{"__type__":"cc.Label","node":{"__id__":20},"_materials":[{"__uuid__":"ecpdLyjvZBwrvm+cedCcQy"}],"_useOriginalSize":false,"_string":"-1000","_N$string":"-1000","_fontSize":32,"_N$file":{"__uuid__":"59kzsyiIFGS5Deoo4o1bsG"},"_isSystemFontUsed":false,"_N$horizontalAlign":1,"_N$verticalAlign":1}],"_prefab":{"__type__":"cc.PrefabInfo","root":{"__id__":1},"asset":{"__uuid__":"13MEU1vphIPK0vVMTiXP2/"},"fileId":"a6A/Ofi61C3b4FBLeBUVI2"},"_contentSize":{"__type__":"cc.Size","width":145,"height":40},"_anchorPoint":{"__type__":"cc.Vec2","y":0.5},"_trs":{"__type__":"TypedArray","ctor":"Float64Array","array":[117,-74.606,0,0,0,0,1,0.7,0.7,1]}},{"__type__":"cc.Node","_name":"lb_win_num","_parent":{"__id__":1},"_components":[{"__type__":"cc.Label","node":{"__id__":21},"_materials":[{"__uuid__":"ecpdLyjvZBwrvm+cedCcQy"}],"_useOriginalSize":false,"_string":"+1000","_N$string":"+1000","_fontSize":1,"_lineHeight":1,"_N$file":{"__uuid__":"72IVOMk1hKZ49cj8VmMTmu"},"_isSystemFontUsed":false,"_N$horizontalAlign":1,"_N$verticalAlign":1}],"_prefab":{"__type__":"cc.PrefabInfo","root":{"__id__":1},"asset":{"__uuid__":"13MEU1vphIPK0vVMTiXP2/"},"fileId":"59Cmm854xLW6S6NicPa6VD"},"_contentSize":{"__type__":"cc.Size","width":145,"height":1},"_anchorPoint":{"__type__":"cc.Vec2","y":0.5},"_trs":{"__type__":"TypedArray","ctor":"Float64Array","array":[116,-61.606,0,0,0,0,1,0.7,0.7,1]}},{"__type__":"cc.Node","_name":"lb_sportsPointTitle","_parent":{"__id__":1},"_children":[{"__id__":23}],"_components":[{"__type__":"cc.Label","node":{"__id__":22},"_materials":[{"__uuid__":"ecpdLyjvZBwrvm+cedCcQy"}],"_useOriginalSize":false,"_string":"比赛分:","_N$string":"比赛分:","_fontSize":24,"_lineHeight":35,"_N$file":{"__uuid__":"5f5wQekV1CGpJW2meZozWn"},"_isSystemFontUsed":false,"_N$horizontalAlign":1,"_N$verticalAlign":1}],"_prefab":{"__type__":"cc.PrefabInfo","root":{"__id__":1},"asset":{"__uuid__":"13MEU1vphIPK0vVMTiXP2/"},"fileId":"37iBRMbxhPAY6meT+GYYup"},"_color":{"__type__":"cc.Color","r":119,"g":17,"b":17},"_contentSize":{"__type__":"cc.Size","width":78.38,"height":44.1},"_trs":{"__type__":"TypedArray","ctor":"Float64Array","array":[60,-140.224,0,0,0,0,1,1,1,1]}},{"__type__":"cc.Node","_name":"lb_sportsPoint","_parent":{"__id__":22},"_components":[{"__type__":"cc.Label","node":{"__id__":23},"_materials":[{"__uuid__":"ecpdLyjvZBwrvm+cedCcQy"}],"_useOriginalSize":false,"_string":"1234","_N$string":"1234","_fontSize":24,"_lineHeight":35,"_N$file":{"__uuid__":"5f5wQekV1CGpJW2meZozWn"},"_isSystemFontUsed":false,"_N$horizontalAlign":1,"_N$verticalAlign":1}],"_prefab":{"__type__":"cc.PrefabInfo","root":{"__id__":1},"asset":{"__uuid__":"13MEU1vphIPK0vVMTiXP2/"},"fileId":"3bhmh/WJhH5LKJi1Rkd9ED"},"_color":{"__type__":"cc.Color","r":255,"g":66},"_contentSize":{"__type__":"cc.Size","width":49.88,"height":44.1},"_anchorPoint":{"__type__":"cc.Vec2","y":0.5},"_trs":{"__type__":"TypedArray","ctor":"Float64Array","array":[59,0,0,0,0,0,1,1,1,1]}}],{"__type__":"cc.SpriteFrame","content":{"name":"bg_dan","texture":"0dIpFSUQVHC67hBvI+vZup","rect":[0,0,308,252],"offset":[0,0],"originalSize":[308,252],"capInsets":[20,120,20,110]}},{"__type__":"cc.SpriteFrame","content":{"name":"icon_ct","texture":"89dMoCS/JAa4mjgEAaXPFU","rect":[0,0,129,67],"offset":[0,0],"originalSize":[129,67],"capInsets":[0,0,0,0]}},{"__type__":"cc.SpriteFrame","content":{"name":"icon_dzm","texture":"73IJ1Jy5hB4oTD5Y0UA2Kd","rect":[0,0,80,69],"offset":[0,0],"originalSize":[80,69],"capInsets":[0,0,0,0]}},{"__type__":"cc.SpriteFrame","content":{"name":"bg_head","texture":"92mibFlSJIUb7D7wDFGjTY","rect":[0,0,85,85],"offset":[0,0],"originalSize":[85,85],"capInsets":[0,0,0,0]}},{"__type__":"cc.SpriteFrame","content":{"name":"img_eryou","texture":"db/ZkVlvBOc6Vyx6TIf1ud","rect":[0,0,88,102],"offset":[-1,0.5],"originalSize":[90,103],"capInsets":[0,0,0,0]}},{"__type__":"cc.SpriteFrame","content":{"name":"bg_head01","texture":"61E8widLFI6q5dRAbHJxp6","rect":[0,0,79,79],"offset":[0,0],"originalSize":[79,79],"capInsets":[0,0,0,0]}},{"__type__":"cc.SpriteFrame","content":{"name":"img_hnwj","texture":"49X9Y4vU5MU5+0+iGPtWye","rect":[0,0,44,43],"offset":[0,0],"originalSize":[44,43],"capInsets":[0,0,0,0]}},{"__type__":"cc.SpriteFrame","content":{"name":"img_touyou","texture":"22a0LIiydJWZ/OEeM2ypD0","rect":[0,0,88,102],"offset":[-1,0.5],"originalSize":[90,103],"capInsets":[0,0,0,0]}},{"__type__":"cc.SpriteFrame","content":{"name":"img_hnb","texture":"33+TEABrpIH4pRKn069bOE","rect":[0,0,113,74],"offset":[-0.5,0.5],"originalSize":[114,75],"capInsets":[0,0,0,0]}},{"__type__":"cc.SpriteFrame","content":{"name":"morentouxiang","texture":"189664600","rect":[181,652,60,60],"offset":[0,0],"originalSize":[60,60],"capInsets":[0,0,0,0]}},{"__type__":"cc.SpriteFrame","content":{"name":"img_hns","texture":"265RNEa0hM94ZG78id1BzO","rect":[0,0,113,74],"offset":[-0.5,0.5],"originalSize":[114,75],"capInsets":[0,0,0,0]}}]