[[{"__type__":"cc.Prefab","_name":"UIPromoterSM","data":{"__id__":1}},{"__type__":"cc.Node","_name":"UIPromoterSM","_children":[{"__id__":2},{"__id__":3},{"__id__":4},{"__id__":5},{"__id__":6},{"__id__":7},{"__id__":8},{"__id__":9},{"__id__":10},{"__id__":11},{"__id__":12},{"__id__":13},{"__id__":14},{"__id__":15},{"__id__":16},{"__id__":17},{"__id__":18},{"__id__":19},{"__id__":20},{"__id__":21},{"__id__":22}],"_components":[{"__type__":"cc.Widget","node":{"__id__":1},"alignMode":0,"_alignFlags":45,"_left":-100,"_right":-100},{"__type__":"cc.Button","node":{"__id__":1},"_N$normalColor":{"__type__":"cc.Color","r":214,"g":214,"b":214},"_N$target":{"__id__":1}},{"__type__":"74001ZtxPBDjqDBnI2wYDp4","node":{"__id__":1},"ZorderLv":9}],"_prefab":{"__type__":"cc.PrefabInfo","root":{"__id__":1},"asset":{"__uuid__":"00vJIrwwNK1YQVaera/6pa"},"fileId":"ccb76QTU+dFxZuJZv82D3cZ"},"_contentSize":{"__type__":"cc.Size","width":1560,"height":760},"_trs":{"__type__":"TypedArray","ctor":"Float64Array","array":[680,380,0,0,0,0,1,1,1,1]}},{"__type__":"cc.Node","_name":"bg","_parent":{"__id__":1},"_components":[{"__type__":"cc.Sprite","node":{"__id__":2},"_materials":[{"__uuid__":"ecpdLyjvZBwrvm+cedCcQy"}],"_spriteFrame":{"__uuid__":"86Zf39gLpJiYJ0+npxhZ2d"},"_type":1,"_sizeMode":0},{"__type__":"cc.Widget","node":{"__id__":2},"alignMode":0,"_alignFlags":45,"_originalWidth":1360,"_originalHeight":1020}],"_prefab":{"__type__":"cc.PrefabInfo","root":{"__id__":1},"asset":{"__uuid__":"00vJIrwwNK1YQVaera/6pa"},"fileId":"c0c01OJl9BBv52IoGQ6g11D"},"_contentSize":{"__type__":"cc.Size","width":1560,"height":760},"_trs":{"__type__":"TypedArray","ctor":"Float64Array","array":[0,0,0,0,0,0,1,1,1,1]}},{"__type__":"cc.Node","_name":"bg_create","_parent":{"__id__":1},"_components":[{"__type__":"cc.Sprite","node":{"__id__":3},"_materials":[{"__uuid__":"ecpdLyjvZBwrvm+cedCcQy"}],"_spriteFrame":{"__uuid__":"8dpmteRW9G/LLq8uXEtxQ0"},"_type":1}],"_prefab":{"__type__":"cc.PrefabInfo","root":{"__id__":1},"asset":{"__uuid__":"00vJIrwwNK1YQVaera/6pa"},"fileId":"87adb0bxg1JAIQ0tTLkqH1G"},"_contentSize":{"__type__":"cc.Size","width":984,"height":607},"_trs":{"__type__":"TypedArray","ctor":"Float64Array","array":[0,32.671,0,0,0,0,1,1,1,1]}},{"__type__":"cc.Node","_name":"img_t_ts","_parent":{"__id__":1},"_components":[{"__type__":"cc.Sprite","node":{"__id__":4},"_materials":[{"__uuid__":"ecpdLyjvZBwrvm+cedCcQy"}],"_spriteFrame":{"__uuid__":"e4xveU3/ZP6YjZf0PSItTt"}}],"_prefab":{"__type__":"cc.PrefabInfo","root":{"__id__":1},"asset":{"__uuid__":"00vJIrwwNK1YQVaera/6pa"},"fileId":"d9mxJMBHVJiIFdjoWh/qpv"},"_contentSize":{"__type__":"cc.Size","width":124,"height":56},"_trs":{"__type__":"TypedArray","ctor":"Float64Array","array":[0,287.912,0,0,0,0,1,1,1,1]}},{"__type__":"cc.Node","_name":"lb_tip_1","_parent":{"__id__":1},"_components":[{"__type__":"cc.Label","node":{"__id__":5},"_materials":[{"__uuid__":"ecpdLyjvZBwrvm+cedCcQy"}],"_useOriginalSize":false,"_string":"玩家数：","_N$string":"玩家数：","_fontSize":28,"_lineHeight":34,"_N$file":{"__uuid__":"5f5wQekV1CGpJW2meZozWn"},"_isSystemFontUsed":false,"_N$horizontalAlign":1,"_N$verticalAlign":1}],"_prefab":{"__type__":"cc.PrefabInfo","root":{"__id__":1},"asset":{"__uuid__":"00vJIrwwNK1YQVaera/6pa"},"fileId":"5dcPf9frRPsKG7KJ+nfM+U"},"_color":{"__type__":"cc.Color","r":112,"g":93,"b":82},"_contentSize":{"__type__":"cc.Size","width":112,"height":42.84},"_anchorPoint":{"__type__":"cc.Vec2","y":0.5},"_trs":{"__type__":"TypedArray","ctor":"Float64Array","array":[-417.857,215.98,0,0,0,0,1,1,1,1]}},{"__type__":"cc.Node","_name":"lb_tip_2","_parent":{"__id__":1},"_components":[{"__type__":"cc.Label","node":{"__id__":6},"_materials":[{"__uuid__":"ecpdLyjvZBwrvm+cedCcQy"}],"_useOriginalSize":false,"_string":"该推广员分支下含自己的玩家数量；","_N$string":"该推广员分支下含自己的玩家数量；","_fontSize":28,"_lineHeight":34,"_N$file":{"__uuid__":"5f5wQekV1CGpJW2meZozWn"},"_isSystemFontUsed":false,"_N$verticalAlign":1}],"_prefab":{"__type__":"cc.PrefabInfo","root":{"__id__":1},"asset":{"__uuid__":"00vJIrwwNK1YQVaera/6pa"},"fileId":"9ad+fFZ5NBSJSiHqNULzd4"},"_color":{"__type__":"cc.Color","r":209,"g":136,"b":57},"_contentSize":{"__type__":"cc.Size","width":448,"height":42.84},"_anchorPoint":{"__type__":"cc.Vec2","y":0.5},"_trs":{"__type__":"TypedArray","ctor":"Float64Array","array":[-253.086,215.98,0,0,0,0,1,1,1,1]}},{"__type__":"cc.Node","_name":"lb_tip_1","_parent":{"__id__":1},"_components":[{"__type__":"cc.Label","node":{"__id__":7},"_materials":[{"__uuid__":"ecpdLyjvZBwrvm+cedCcQy"}],"_useOriginalSize":false,"_string":"局    数：","_N$string":"局    数：","_fontSize":28,"_lineHeight":34,"_N$file":{"__uuid__":"5f5wQekV1CGpJW2meZozWn"},"_isSystemFontUsed":false,"_N$horizontalAlign":1,"_N$verticalAlign":1}],"_prefab":{"__type__":"cc.PrefabInfo","root":{"__id__":1},"asset":{"__uuid__":"00vJIrwwNK1YQVaera/6pa"},"fileId":"6971eAc7pJTZqRc1jUQx14"},"_color":{"__type__":"cc.Color","r":112,"g":93,"b":82},"_contentSize":{"__type__":"cc.Size","width":113.75,"height":42.84},"_anchorPoint":{"__type__":"cc.Vec2","y":0.5},"_trs":{"__type__":"TypedArray","ctor":"Float64Array","array":[-417.857,175.756,0,0,0,0,1,1,1,1]}},{"__type__":"cc.Node","_name":"lb_tip_2","_parent":{"__id__":1},"_components":[{"__type__":"cc.Label","node":{"__id__":8},"_materials":[{"__uuid__":"ecpdLyjvZBwrvm+cedCcQy"}],"_useOriginalSize":false,"_string":"该推广员下的玩家参与的房间数量，示例该推广员下2个玩家参与了同一个房间对局，则局数为2","_N$string":"该推广员下的玩家参与的房间数量，示例该推广员下2个玩家参与了同一个房间对局，则局数为2","_fontSize":28,"_lineHeight":34,"_N$file":{"__uuid__":"5f5wQekV1CGpJW2meZozWn"},"_isSystemFontUsed":false,"_N$verticalAlign":1,"_N$overflow":1}],"_prefab":{"__type__":"cc.PrefabInfo","root":{"__id__":1},"asset":{"__uuid__":"00vJIrwwNK1YQVaera/6pa"},"fileId":"2aF/IcSlRHN5Laoxep2OW0"},"_color":{"__type__":"cc.Color","r":209,"g":136,"b":57},"_contentSize":{"__type__":"cc.Size","width":700,"height":80},"_anchorPoint":{"__type__":"cc.Vec2","y":0.5},"_trs":{"__type__":"TypedArray","ctor":"Float64Array","array":[-253.086,157.271,0,0,0,0,1,1,1,1]}},{"__type__":"cc.Node","_name":"lb_tip_1","_parent":{"__id__":1},"_components":[{"__type__":"cc.Label","node":{"__id__":9},"_materials":[{"__uuid__":"ecpdLyjvZBwrvm+cedCcQy"}],"_useOriginalSize":false,"_string":"报名费：","_N$string":"报名费：","_fontSize":28,"_lineHeight":34,"_N$file":{"__uuid__":"5f5wQekV1CGpJW2meZozWn"},"_isSystemFontUsed":false,"_N$horizontalAlign":1,"_N$verticalAlign":1}],"_prefab":{"__type__":"cc.PrefabInfo","root":{"__id__":1},"asset":{"__uuid__":"00vJIrwwNK1YQVaera/6pa"},"fileId":"66+xSgkWpAC4EMOi8rJp3y"},"_color":{"__type__":"cc.Color","r":112,"g":93,"b":82},"_contentSize":{"__type__":"cc.Size","width":112,"height":42.84},"_anchorPoint":{"__type__":"cc.Vec2","y":0.5},"_trs":{"__type__":"TypedArray","ctor":"Float64Array","array":[-417.857,106.253,0,0,0,0,1,1,1,1]}},{"__type__":"cc.Node","_name":"lb_tip_2","_parent":{"__id__":1},"_components":[{"__type__":"cc.Label","node":{"__id__":10},"_materials":[{"__uuid__":"ecpdLyjvZBwrvm+cedCcQy"}],"_useOriginalSize":false,"_string":"房间消耗的比赛分/房间人数，等于房间内每个玩家理论上消耗的报名费；","_N$string":"房间消耗的比赛分/房间人数，等于房间内每个玩家理论上消耗的报名费；","_fontSize":28,"_lineHeight":34,"_N$file":{"__uuid__":"5f5wQekV1CGpJW2meZozWn"},"_isSystemFontUsed":false,"_N$verticalAlign":1,"_N$overflow":1}],"_prefab":{"__type__":"cc.PrefabInfo","root":{"__id__":1},"asset":{"__uuid__":"00vJIrwwNK1YQVaera/6pa"},"fileId":"a8V6MN0tlHf5QUTOoSAfL/"},"_color":{"__type__":"cc.Color","r":209,"g":136,"b":57},"_contentSize":{"__type__":"cc.Size","width":700,"height":80},"_anchorPoint":{"__type__":"cc.Vec2","y":0.5},"_trs":{"__type__":"TypedArray","ctor":"Float64Array","array":[-253.321,87.768,0,0,0,0,1,1,1,1]}},{"__type__":"cc.Node","_name":"lb_tip_1","_parent":{"__id__":1},"_components":[{"__type__":"cc.Label","node":{"__id__":11},"_materials":[{"__uuid__":"ecpdLyjvZBwrvm+cedCcQy"}],"_useOriginalSize":false,"_string":"贡献值：","_N$string":"贡献值：","_fontSize":28,"_lineHeight":34,"_N$file":{"__uuid__":"5f5wQekV1CGpJW2meZozWn"},"_isSystemFontUsed":false,"_N$horizontalAlign":1,"_N$verticalAlign":1}],"_prefab":{"__type__":"cc.PrefabInfo","root":{"__id__":1},"asset":{"__uuid__":"00vJIrwwNK1YQVaera/6pa"},"fileId":"893VJSOfBDj59QDl8OpFGA"},"_color":{"__type__":"cc.Color","r":112,"g":93,"b":82},"_contentSize":{"__type__":"cc.Size","width":112,"height":42.84},"_anchorPoint":{"__type__":"cc.Vec2","y":0.5},"_trs":{"__type__":"TypedArray","ctor":"Float64Array","array":[-417.857,35.256,0,0,0,0,1,1,1,1]}},{"__type__":"cc.Node","_name":"lb_tip_2","_parent":{"__id__":1},"_components":[{"__type__":"cc.Label","node":{"__id__":12},"_materials":[{"__uuid__":"ecpdLyjvZBwrvm+cedCcQy"}],"_useOriginalSize":false,"_string":"房间消耗的比赛分（即赛事主所设置的房间比赛分消耗）；","_N$string":"房间消耗的比赛分（即赛事主所设置的房间比赛分消耗）；","_fontSize":28,"_lineHeight":34,"_N$file":{"__uuid__":"5f5wQekV1CGpJW2meZozWn"},"_isSystemFontUsed":false,"_N$verticalAlign":1}],"_prefab":{"__type__":"cc.PrefabInfo","root":{"__id__":1},"asset":{"__uuid__":"00vJIrwwNK1YQVaera/6pa"},"fileId":"cfHoCH4iVNvIcXccFrFpDZ"},"_color":{"__type__":"cc.Color","r":209,"g":136,"b":57},"_contentSize":{"__type__":"cc.Size","width":728,"height":42.84},"_anchorPoint":{"__type__":"cc.Vec2","y":0.5},"_trs":{"__type__":"TypedArray","ctor":"Float64Array","array":[-250.837,35.256,0,0,0,0,1,1,1,1]}},{"__type__":"cc.Node","_name":"lb_tip_1","_parent":{"__id__":1},"_components":[{"__type__":"cc.Label","node":{"__id__":13},"_materials":[{"__uuid__":"ecpdLyjvZBwrvm+cedCcQy"}],"_useOriginalSize":false,"_string":"活跃积分：","_N$string":"活跃积分：","_fontSize":28,"_lineHeight":34,"_N$file":{"__uuid__":"5f5wQekV1CGpJW2meZozWn"},"_isSystemFontUsed":false,"_N$horizontalAlign":1,"_N$verticalAlign":1}],"_prefab":{"__type__":"cc.PrefabInfo","root":{"__id__":1},"asset":{"__uuid__":"00vJIrwwNK1YQVaera/6pa"},"fileId":"393SkU2zRGAKooUYT5+xFu"},"_color":{"__type__":"cc.Color","r":112,"g":93,"b":82},"_contentSize":{"__type__":"cc.Size","width":140,"height":42.84},"_anchorPoint":{"__type__":"cc.Vec2","y":0.5},"_trs":{"__type__":"TypedArray","ctor":"Float64Array","array":[-417.857,-5.435,0,0,0,0,1,1,1,1]}},{"__type__":"cc.Node","_name":"lb_tip_2","_parent":{"__id__":1},"_components":[{"__type__":"cc.Label","node":{"__id__":14},"_materials":[{"__uuid__":"ecpdLyjvZBwrvm+cedCcQy"}],"_useOriginalSize":false,"_string":"推广员获得的房费收益；","_N$string":"推广员获得的房费收益；","_fontSize":28,"_lineHeight":34,"_N$file":{"__uuid__":"5f5wQekV1CGpJW2meZozWn"},"_isSystemFontUsed":false,"_N$verticalAlign":1}],"_prefab":{"__type__":"cc.PrefabInfo","root":{"__id__":1},"asset":{"__uuid__":"00vJIrwwNK1YQVaera/6pa"},"fileId":"41JJ/gBr5EMIw8vSgqOm9w"},"_color":{"__type__":"cc.Color","r":209,"g":136,"b":57},"_contentSize":{"__type__":"cc.Size","width":308,"height":42.84},"_anchorPoint":{"__type__":"cc.Vec2","y":0.5},"_trs":{"__type__":"TypedArray","ctor":"Float64Array","array":[-250.837,-5.435,0,0,0,0,1,1,1,1]}},{"__type__":"cc.Node","_name":"lb_tip_1","_parent":{"__id__":1},"_components":[{"__type__":"cc.Label","node":{"__id__":15},"_materials":[{"__uuid__":"ecpdLyjvZBwrvm+cedCcQy"}],"_useOriginalSize":false,"_string":"有效耗钻：","_N$string":"有效耗钻：","_fontSize":28,"_lineHeight":34,"_N$file":{"__uuid__":"5f5wQekV1CGpJW2meZozWn"},"_isSystemFontUsed":false,"_N$horizontalAlign":1,"_N$verticalAlign":1}],"_prefab":{"__type__":"cc.PrefabInfo","root":{"__id__":1},"asset":{"__uuid__":"00vJIrwwNK1YQVaera/6pa"},"fileId":"b5fPRZAc1Ewb1hRpdixTPx"},"_color":{"__type__":"cc.Color","r":112,"g":93,"b":82},"_contentSize":{"__type__":"cc.Size","width":140,"height":42.84},"_anchorPoint":{"__type__":"cc.Vec2","y":0.5},"_trs":{"__type__":"TypedArray","ctor":"Float64Array","array":[-417.857,-44.315,0,0,0,0,1,1,1,1]}},{"__type__":"cc.Node","_name":"lb_tip_2","_parent":{"__id__":1},"_components":[{"__type__":"cc.Label","node":{"__id__":16},"_materials":[{"__uuid__":"ecpdLyjvZBwrvm+cedCcQy"}],"_useOriginalSize":false,"_string":"理论上需要消耗的钻石，房间消耗的钻石除以房间人数，等于房间内每个玩家理论上消耗的钻石；","_N$string":"理论上需要消耗的钻石，房间消耗的钻石除以房间人数，等于房间内每个玩家理论上消耗的钻石；","_fontSize":28,"_lineHeight":34,"_N$file":{"__uuid__":"5f5wQekV1CGpJW2meZozWn"},"_isSystemFontUsed":false,"_N$verticalAlign":1,"_N$overflow":1}],"_prefab":{"__type__":"cc.PrefabInfo","root":{"__id__":1},"asset":{"__uuid__":"00vJIrwwNK1YQVaera/6pa"},"fileId":"81mX/KxCdE6Z/nfVp4n/xZ"},"_color":{"__type__":"cc.Color","r":209,"g":136,"b":57},"_contentSize":{"__type__":"cc.Size","width":700,"height":80},"_anchorPoint":{"__type__":"cc.Vec2","y":0.5},"_trs":{"__type__":"TypedArray","ctor":"Float64Array","array":[-253.321,-62.8,0,0,0,0,1,1,1,1]}},{"__type__":"cc.Node","_name":"lb_tip_1","_parent":{"__id__":1},"_components":[{"__type__":"cc.Label","node":{"__id__":17},"_materials":[{"__uuid__":"ecpdLyjvZBwrvm+cedCcQy"}],"_useOriginalSize":false,"_string":"最终积分：","_N$string":"最终积分：","_fontSize":28,"_lineHeight":34,"_N$file":{"__uuid__":"5f5wQekV1CGpJW2meZozWn"},"_isSystemFontUsed":false,"_N$horizontalAlign":1,"_N$verticalAlign":1}],"_prefab":{"__type__":"cc.PrefabInfo","root":{"__id__":1},"asset":{"__uuid__":"00vJIrwwNK1YQVaera/6pa"},"fileId":"29W9WHGyJDaYkfVujwRXxF"},"_color":{"__type__":"cc.Color","r":112,"g":93,"b":82},"_contentSize":{"__type__":"cc.Size","width":140,"height":42.84},"_anchorPoint":{"__type__":"cc.Vec2","y":0.5},"_trs":{"__type__":"TypedArray","ctor":"Float64Array","array":[-423.433,-115.016,0,0,0,0,1,1,1,1]}},{"__type__":"cc.Node","_name":"lb_tip_2","_parent":{"__id__":1},"_components":[{"__type__":"cc.Label","node":{"__id__":18},"_materials":[{"__uuid__":"ecpdLyjvZBwrvm+cedCcQy"}],"_useOriginalSize":false,"_string":"总积分=活跃度+输赢比赛分-贡献值；","_N$string":"总积分=活跃度+输赢比赛分-贡献值；","_fontSize":28,"_lineHeight":34,"_N$file":{"__uuid__":"5f5wQekV1CGpJW2meZozWn"},"_isSystemFontUsed":false,"_N$verticalAlign":1,"_N$overflow":1}],"_prefab":{"__type__":"cc.PrefabInfo","root":{"__id__":1},"asset":{"__uuid__":"00vJIrwwNK1YQVaera/6pa"},"fileId":"96uYuS8ptIAblP+dN2SUOB"},"_color":{"__type__":"cc.Color","r":209,"g":136,"b":57},"_contentSize":{"__type__":"cc.Size","width":700,"height":40},"_anchorPoint":{"__type__":"cc.Vec2","y":0.5},"_trs":{"__type__":"TypedArray","ctor":"Float64Array","array":[-258.897,-116.538,0,0,0,0,1,1,1,1]}},{"__type__":"cc.Node","_name":"lb_tip_1","_parent":{"__id__":1},"_components":[{"__type__":"cc.Label","node":{"__id__":19},"_materials":[{"__uuid__":"ecpdLyjvZBwrvm+cedCcQy"}],"_useOriginalSize":false,"_string":"成员总积分：","_N$string":"成员总积分：","_fontSize":28,"_lineHeight":34,"_N$file":{"__uuid__":"5f5wQekV1CGpJW2meZozWn"},"_isSystemFontUsed":false,"_N$horizontalAlign":1,"_N$verticalAlign":1}],"_prefab":{"__type__":"cc.PrefabInfo","root":{"__id__":1},"asset":{"__uuid__":"00vJIrwwNK1YQVaera/6pa"},"fileId":"58HjknmQlO4IFCArcQbkX5"},"_color":{"__type__":"cc.Color","r":112,"g":93,"b":82},"_contentSize":{"__type__":"cc.Size","width":168,"height":42.84},"_anchorPoint":{"__type__":"cc.Vec2","y":0.5},"_trs":{"__type__":"TypedArray","ctor":"Float64Array","array":[-423.433,-154.584,0,0,0,0,1,1,1,1]}},{"__type__":"cc.Node","_name":"lb_tip_2 copy","_parent":{"__id__":1},"_components":[{"__type__":"cc.Label","node":{"__id__":20},"_materials":[{"__uuid__":"ecpdLyjvZBwrvm+cedCcQy"}],"_useOriginalSize":false,"_string":"最终积分=活跃积分+输赢比赛分-贡献值；","_N$string":"最终积分=活跃积分+输赢比赛分-贡献值；","_fontSize":28,"_lineHeight":34,"_N$file":{"__uuid__":"5f5wQekV1CGpJW2meZozWn"},"_isSystemFontUsed":false,"_N$verticalAlign":1,"_N$overflow":1}],"_prefab":{"__type__":"cc.PrefabInfo","root":{"__id__":1},"asset":{"__uuid__":"00vJIrwwNK1YQVaera/6pa"},"fileId":"aaC0qlqppJkbEL6kqEmJ6z"},"_color":{"__type__":"cc.Color","r":209,"g":136,"b":57},"_contentSize":{"__type__":"cc.Size","width":700,"height":40},"_anchorPoint":{"__type__":"cc.Vec2","y":0.5},"_trs":{"__type__":"TypedArray","ctor":"Float64Array","array":[-258.897,-156.106,0,0,0,0,1,1,1,1]}},{"__type__":"cc.Node","_name":"btn_close","_parent":{"__id__":1},"_components":[{"__type__":"cc.Button","node":{"__id__":21},"zoomScale":0.9,"clickEvents":[{"__type__":"cc.ClickEvent","target":{"__id__":1},"_componentId":"74001ZtxPBDjqDBnI2wYDp4","handler":"OnClick_BtnWnd"}],"_N$transition":3,"transition":3,"_N$pressedColor":{"__type__":"cc.Color","r":255,"g":255,"b":255},"pressedColor":{"__type__":"cc.Color","r":255,"g":255,"b":255},"_N$disabledColor":{"__type__":"cc.Color","r":255,"g":255,"b":255},"_N$normalSprite":{"__uuid__":"71zh05oHZMTpCEN893HoJJ"},"_N$pressedSprite":{"__uuid__":"e97GVMl6JHh5Ml5qEDdSGa"},"pressedSprite":{"__uuid__":"e97GVMl6JHh5Ml5qEDdSGa"},"_N$hoverSprite":{"__uuid__":"e97GVMl6JHh5Ml5qEDdSGa"},"hoverSprite":{"__uuid__":"e97GVMl6JHh5Ml5qEDdSGa"},"_N$disabledSprite":{"__uuid__":"29FYIk+N1GYaeWH/q1NxQO"},"_N$target":{"__id__":21}},{"__type__":"cc.Sprite","node":{"__id__":21},"_materials":[{"__uuid__":"ecpdLyjvZBwrvm+cedCcQy"}],"_spriteFrame":{"__uuid__":"d9ZhflMOxHW7JHl9dya866"}}],"_prefab":{"__type__":"cc.PrefabInfo","root":{"__id__":1},"asset":{"__uuid__":"00vJIrwwNK1YQVaera/6pa"},"fileId":"f864c8/LqlC2aAmWGrCdD0x"},"_contentSize":{"__type__":"cc.Size","width":79,"height":80},"_trs":{"__type__":"TypedArray","ctor":"Float64Array","array":[483.81,271.298,0,0,0,0,1,1,1,1]}},{"__type__":"cc.Node","_name":"lb_tip","_parent":{"__id__":1},"_components":[{"__type__":"cc.Label","node":{"__id__":22},"_materials":[{"__uuid__":"ecpdLyjvZBwrvm+cedCcQy"}],"_useOriginalSize":false,"_string":"注：以上数值因系统只取小数点后两位，因此可能存在一定的数据偏差","_N$string":"注：以上数值因系统只取小数点后两位，因此可能存在一定的数据偏差","_fontSize":24,"_lineHeight":28,"_N$file":{"__uuid__":"5f5wQekV1CGpJW2meZozWn"},"_isSystemFontUsed":false,"_N$horizontalAlign":1,"_N$verticalAlign":1}],"_prefab":{"__type__":"cc.PrefabInfo","root":{"__id__":1},"asset":{"__uuid__":"00vJIrwwNK1YQVaera/6pa"},"fileId":"10cCqB90hNc4Mfk1jidWq9"},"_color":{"__type__":"cc.Color","r":172,"g":58,"b":39},"_contentSize":{"__type__":"cc.Size","width":744,"height":35.28},"_trs":{"__type__":"TypedArray","ctor":"Float64Array","array":[0,-221.432,0,0,0,0,1,1,1,1]}}],{"__type__":"cc.SpriteFrame","content":{"name":"default_btn_disabled","texture":"71VhFCTINJM6/Ky3oX9nBT","rect":[0,0,40,40],"offset":[0,0],"originalSize":[40,40],"capInsets":[12,12,12,12]}},{"__type__":"cc.SpriteFrame","content":{"name":"btn_bg1off","texture":"189664600","rect":[2,517,258,94],"offset":[0,0],"originalSize":[258,94],"rotated":1,"capInsets":[0,0,0,0]}},{"__type__":"cc.SpriteFrame","content":{"name":"img_black_60","texture":"e5dLSpyq9NPZ8mPvfDyGXH","rect":[0,0,100,100],"offset":[0,0],"originalSize":[100,100],"capInsets":[0,0,0,0]}},{"__type__":"cc.SpriteFrame","content":{"name":"img_mid_tc","texture":"4asdMjgIdHFY50gLjCBJEI","rect":[0,0,984,607],"offset":[0,0],"originalSize":[984,607],"capInsets":[0,151,0,48]}},{"__type__":"cc.SpriteFrame","content":{"name":"btn_close","texture":"adT+cX5aVEFrD91N8Yp4Db","rect":[0,0,79,80],"offset":[0,0],"originalSize":[79,80],"capInsets":[0,0,0,0]}},{"__type__":"cc.SpriteFrame","content":{"name":"img_bt","texture":"8cTC2VKyJIhbH6dsoYcL7Y","rect":[0,0,124,56],"offset":[0,0],"originalSize":[124,56],"capInsets":[0,0,0,0]}},{"__type__":"cc.SpriteFrame","content":{"name":"default_btn_pressed","texture":"b4P/PCArtIdIH38t6mlw8Y","rect":[0,0,40,40],"offset":[0,0],"originalSize":[40,40],"capInsets":[12,12,12,12]}}]