[{"__type__":"cc.SceneAsset","_name":"loginScene","scene":{"__id__":1},"asyncLoadAssets":null},{"__type__":"cc.Scene","_name":"New Node","_children":[{"__id__":2}],"_anchorPoint":{"__type__":"cc.Vec2"},"_trs":{"__type__":"TypedArray","ctor":"Float64Array","array":[0,0,0,0,0,0,1,1,1,1]},"autoReleaseAssets":false},{"__type__":"cc.Node","_name":"Canvas","_parent":{"__id__":1},"_children":[{"__id__":3},{"__id__":4}],"_components":[{"__type__":"cc.Canvas","node":{"__id__":2},"_designResolution":{"__type__":"cc.Size","width":1360,"height":760}},{"__type__":"c9dd9Cl2tFEO6xk0+6Ool1s","node":{"__id__":2},"BackgroundLayer":{"__uuid__":"15YAs2JE9J5bOGWdo7sbKL"},"UILayer":{"__uuid__":"cfvxJGDnVKeKQW2UzF0qin"},"TopLayer":{"__uuid__":"ceqo1rtWBJspkpuzAXucXI"}},{"__type__":"cc.Widget","node":{"__id__":2},"_alignFlags":40,"_originalWidth":1360},{"__type__":"70b11gCi0xGVpH3p4wzjIYb","node":{"__id__":2}}],"_contentSize":{"__type__":"cc.Size","width":1360,"height":760},"_trs":{"__type__":"TypedArray","ctor":"Float64Array","array":[680,380,0,0,0,0,1,1,1,1]},"_id":"ff856fJRWtA96rHJcP7u60m"},{"__type__":"cc.Node","_name":"Main Camera","_parent":{"__id__":2},"_components":[{"__type__":"cc.Camera","node":{"__id__":3},"_clearFlags":7,"_depth":-1}],"_trs":{"__type__":"TypedArray","ctor":"Float64Array","array":[0,0,507.48284448268777,0,0,0,1,1,1,1]}},{"__type__":"cc.Node","_name":"LabelRes","_parent":{"__id__":2},"_components":[{"__type__":"cc.Label","node":{"__id__":4},"_materials":[{"__uuid__":"ecpdLyjvZBwrvm+cedCcQy"}],"_useOriginalSize":false,"_string":"1.0.0","_N$string":"1.0.0","_fontSize":20,"_lineHeight":24,"_N$horizontalAlign":2,"_N$verticalAlign":1,"_N$overflow":2},{"__type__":"cc.Widget","node":{"__id__":4},"alignMode":0,"_alignFlags":36,"_right":20}],"_contentSize":{"__type__":"cc.Size","width":200,"height":24},"_trs":{"__type__":"TypedArray","ctor":"Float64Array","array":[560,-368,0,0,0,0,1,1,1,1]}}]