[{"__type__":"cc.SpriteFrame","content":{"name":"touxiang","texture":"1dtYXu39lEWY7F/BhMxsaC","rect":[0,0,73,73],"offset":[0,0],"originalSize":[73,73],"capInsets":[0,0,0,0]}},{"__type__":"cc.SpriteFrame","content":{"name":"img_sai","texture":"1cnVsBqYRBabdUlIPCiEjY","rect":[0,0,29,31],"offset":[0,0],"originalSize":[29,31],"capInsets":[0,0,0,0]}},{"__type__":"cc.SpriteFrame","content":{"name":"icon_tx46_di","texture":"3aM5LgSNRASbR91sVOY9ff","rect":[0,0,70,70],"offset":[0,0],"originalSize":[70,70],"capInsets":[0,0,0,0]}},{"__type__":"cc.SpriteFrame","content":{"name":"img_di","texture":"18AL8Ic8REO7R2lD0ALKtq","rect":[0,0,67,26],"offset":[0,0],"originalSize":[67,26],"capInsets":[0,0,0,0]}},{"__type__":"cc.SpriteFrame","content":{"name":"img_anzi","texture":"1bOPONZaNGEZ8wamglsDdi","rect":[0,0,262,233],"offset":[0,0.5],"originalSize":[262,234],"capInsets":[0,0,0,0]}},{"__type__":"cc.SpriteFrame","content":{"name":"btn_xiangqing","texture":"66Oj/5DF1NqaTsz8qpkFEi","rect":[0,0,40,40],"offset":[0,0],"originalSize":[40,40],"capInsets":[0,0,0,0]}},{"__type__":"cc.SpriteFrame","content":{"name":"img_xh","texture":"f0BQYnudhPiJK+5v0EIC+2","rect":[0,0,31,31],"offset":[0,0],"originalSize":[31,31],"capInsets":[0,0,0,0]}},{"__type__":"cc.SpriteFrame","content":{"name":"bg_waf_di","texture":"99xc5rsi1NxZhHnFU+TgCK","rect":[0,0,222,176],"offset":[0,0],"originalSize":[222,176],"capInsets":[0,0,0,0]}},{"__type__":"cc.SpriteFrame","content":{"name":"chair_5_1","texture":"1e9aRMzmpMMKDbNtlDqTpY","rect":[9,27,103,141],"offset":[1,-9],"originalSize":[119,177],"capInsets":[0,0,0,0]}},{"__type__":"cc.SpriteFrame","content":{"name":"chair_5_4","texture":"eeI72RGkxClKMvNF9Kou+a","rect":[3,32,116,135],"offset":[1.5,-11],"originalSize":[119,177],"capInsets":[0,0,0,0]}},{"__type__":"cc.SpriteFrame","content":{"name":"lixianzhong","texture":"f2JKq4S3hIkL+5GWwbxyBP","rect":[0,0,66,24],"offset":[0,0],"originalSize":[66,24],"capInsets":[0,0,0,0]}},{"__type__":"cc.SpriteFrame","content":{"name":"icon_txk_di","texture":"86rAZ72a1B1ogDPO1OsXFa","rect":[0,0,94,28],"offset":[0,0],"originalSize":[94,28],"capInsets":[0,0,0,0]}},{"__type__":"cc.SpriteFrame","content":{"name":"icon_tx46","texture":"97pSvVJhJL2Kh9eS+XriZO","rect":[0,0,74,74],"offset":[0,0],"originalSize":[74,74],"capInsets":[0,0,0,0]}},{"__type__":"cc.SpriteFrame","content":{"name":"img_locked","texture":"46Q0bHWO5A7ZDAltsx/4d4","rect":[0,0,33,39],"offset":[0,0],"originalSize":[33,39],"capInsets":[0,0,0,0]}},[{"__type__":"cc.Prefab","_name":"demo_new3","data":{"__id__":1}},{"__type__":"cc.Node","_name":"demo_new3","_children":[{"__id__":2},{"__id__":3},{"__id__":4},{"__id__":5},{"__id__":6},{"__id__":31},{"__id__":32},{"__id__":33},{"__id__":34},{"__id__":36},{"__id__":38},{"__id__":40},{"__id__":41},{"__id__":42}],"_components":[{"__type__":"cc.Button","node":{"__id__":1}}],"_prefab":{"__type__":"cc.PrefabInfo","root":{"__id__":1},"asset":{"__uuid__":"d9hvExFpVF0YSTWcmr1cFb"},"fileId":"3dWySZlvxCPaCGBXDYbTTx"},"_contentSize":{"__type__":"cc.Size","width":324,"height":255},"_trs":{"__type__":"TypedArray","ctor":"Float64Array","array":[0,0,0,0,0,0,1,1,1,1]}},{"__type__":"cc.Node","_name":"chair_5_2","_parent":{"__id__":1},"_components":[{"__type__":"cc.Sprite","node":{"__id__":2},"_materials":[{"__uuid__":"ecpdLyjvZBwrvm+cedCcQy"}],"_spriteFrame":{"__uuid__":"76ycH15IxKZ6SoNWWPvyY+"}}],"_prefab":{"__type__":"cc.PrefabInfo","root":{"__id__":1},"asset":{"__uuid__":"d9hvExFpVF0YSTWcmr1cFb"},"fileId":"4fpP34JMhPgbvjXUvB4NQk"},"_contentSize":{"__type__":"cc.Size","width":103,"height":141},"_trs":{"__type__":"TypedArray","ctor":"Float64Array","array":[-81.57,59.29,0,0,0,0,1,1,1,1]}},{"__type__":"cc.Node","_name":"chair_5_2 copy","_parent":{"__id__":1},"_components":[{"__type__":"cc.Sprite","node":{"__id__":3},"_materials":[{"__uuid__":"ecpdLyjvZBwrvm+cedCcQy"}],"_spriteFrame":{"__uuid__":"76ycH15IxKZ6SoNWWPvyY+"}}],"_prefab":{"__type__":"cc.PrefabInfo","root":{"__id__":1},"asset":{"__uuid__":"d9hvExFpVF0YSTWcmr1cFb"},"fileId":"7528qM8SNKjrZvkVL+cxzr"},"_contentSize":{"__type__":"cc.Size","width":103,"height":141},"_trs":{"__type__":"TypedArray","ctor":"Float64Array","array":[88.757,59.29,0,0,0,0,1,-1,1,1]}},{"__type__":"cc.Node","_name":"bg_table_color","_parent":{"__id__":1},"_components":[{"__type__":"cc.Sprite","node":{"__id__":4},"_materials":[{"__uuid__":"ecpdLyjvZBwrvm+cedCcQy"}],"_spriteFrame":{"__uuid__":"318KzN/bNAtYR2rkE4sYdw"}}],"_prefab":{"__type__":"cc.PrefabInfo","root":{"__id__":1},"asset":{"__uuid__":"d9hvExFpVF0YSTWcmr1cFb"},"fileId":"65ZUe6zUNBoJkRSF7fmZrO"},"_contentSize":{"__type__":"cc.Size","width":262,"height":233},"_trs":{"__type__":"TypedArray","ctor":"Float64Array","array":[0,0,0,0,0,0,1,1,1,1]}},{"__type__":"cc.Node","_name":"chair_5_2","_parent":{"__id__":1},"_components":[{"__type__":"cc.Sprite","node":{"__id__":5},"_materials":[{"__uuid__":"ecpdLyjvZBwrvm+cedCcQy"}],"_spriteFrame":{"__uuid__":"81dnWVYh5IiYAMxJ3EXGt8"}}],"_prefab":{"__type__":"cc.PrefabInfo","root":{"__id__":1},"asset":{"__uuid__":"d9hvExFpVF0YSTWcmr1cFb"},"fileId":"79ZvvalTROhZDYf4Xbo9Qk"},"_contentSize":{"__type__":"cc.Size","width":116,"height":135},"_trs":{"__type__":"TypedArray","ctor":"Float64Array","array":[89.105,-38.34,0,0,0,0,1,-1,1,1]}},{"__type__":"cc.Node","_name":"head_layout","_parent":{"__id__":1},"_children":[{"__id__":7},{"__id__":15},{"__id__":23}],"_prefab":{"__type__":"cc.PrefabInfo","root":{"__id__":1},"asset":{"__uuid__":"d9hvExFpVF0YSTWcmr1cFb"},"fileId":"79f2+k/J5H8LR3X+392lw/"},"_contentSize":{"__type__":"cc.Size","width":409,"height":90},"_anchorPoint":{"__type__":"cc.Vec2","y":0.5},"_trs":{"__type__":"TypedArray","ctor":"Float64Array","array":[-117.3,43.8,0,0,0,0,1,1,1,1]}},{"__type__":"cc.Node","_name":"user1","_parent":{"__id__":6},"_children":[{"__id__":8},{"__id__":10},{"__id__":11}],"_prefab":{"__type__":"cc.PrefabInfo","root":{"__id__":1},"asset":{"__uuid__":"d9hvExFpVF0YSTWcmr1cFb"},"fileId":"1e3vPYUKRHcIFPq6WVGu1u"},"_trs":{"__type__":"TypedArray","ctor":"Float64Array","array":[9.652,70.607,0,0,0,0,1,1.2,1.2,1]}},{"__type__":"cc.Node","_name":"name","_parent":{"__id__":7},"_children":[{"__id__":9}],"_active":false,"_components":[{"__type__":"cc.Sprite","node":{"__id__":8},"_materials":[{"__uuid__":"ecpdLyjvZBwrvm+cedCcQy"}],"_spriteFrame":{"__uuid__":"a90CvZZvxBV4BPQccRmk+E"},"_sizeMode":0}],"_prefab":{"__type__":"cc.PrefabInfo","root":{"__id__":1},"asset":{"__uuid__":"d9hvExFpVF0YSTWcmr1cFb"},"fileId":"42zsbRnNdEQ71C8oaZMh/B"},"_contentSize":{"__type__":"cc.Size","width":75,"height":26},"_trs":{"__type__":"TypedArray","ctor":"Float64Array","array":[0,-40,0,0,0,0,1,1,1,1]}},{"__type__":"cc.Node","_name":"lb","_parent":{"__id__":8},"_components":[{"__type__":"cc.Label","node":{"__id__":9},"_materials":[{"__uuid__":"ecpdLyjvZBwrvm+cedCcQy"}],"_useOriginalSize":false,"_string":"纯属娱乐","_N$string":"纯属娱乐","_fontSize":14,"_lineHeight":20,"_N$file":{"__uuid__":"5f5wQekV1CGpJW2meZozWn"},"_isSystemFontUsed":false,"_N$horizontalAlign":1,"_N$verticalAlign":1}],"_prefab":{"__type__":"cc.PrefabInfo","root":{"__id__":1},"asset":{"__uuid__":"d9hvExFpVF0YSTWcmr1cFb"},"fileId":"b5YzSUSrNA45/KItkS4FSG"},"_color":{"__type__":"cc.Color","r":255,"g":239,"b":235},"_contentSize":{"__type__":"cc.Size","width":56,"height":25.2},"_trs":{"__type__":"TypedArray","ctor":"Float64Array","array":[0,0,0,0,0,0,1,1,1,1]}},{"__type__":"cc.Node","_name":"icon_di","_parent":{"__id__":7},"_components":[{"__type__":"cc.Sprite","node":{"__id__":10},"_materials":[{"__uuid__":"ecpdLyjvZBwrvm+cedCcQy"}],"_spriteFrame":{"__uuid__":"aaHnm48C9HF721LIB8IcdE"},"_sizeMode":0}],"_prefab":{"__type__":"cc.PrefabInfo","root":{"__id__":1},"asset":{"__uuid__":"d9hvExFpVF0YSTWcmr1cFb"},"fileId":"94sNQE4V9BKIfTMiCX4Jz+"},"_contentSize":{"__type__":"cc.Size","width":60,"height":60},"_trs":{"__type__":"TypedArray","ctor":"Float64Array","array":[0,0,0,0,0,0,1,1,1,1]}},{"__type__":"cc.Node","_name":"mask","_parent":{"__id__":7},"_children":[{"__id__":12},{"__id__":13}],"_components":[{"__type__":"cc.Mask","node":{"__id__":11},"_materials":[{"__uuid__":"ecpdLyjvZBwrvm+cedCcQy"}],"_spriteFrame":{"__uuid__":"1ex2+Je61Pu4xHlY2A6DnZ"},"_type":2}],"_prefab":{"__type__":"cc.PrefabInfo","root":{"__id__":1},"asset":{"__uuid__":"d9hvExFpVF0YSTWcmr1cFb"},"fileId":"99aTbmQQ9LYLnZzVGRGIsg"},"_contentSize":{"__type__":"cc.Size","width":56,"height":56},"_trs":{"__type__":"TypedArray","ctor":"Float64Array","array":[0,0,0,0,0,0,1,1,1,1]}},{"__type__":"cc.Node","_name":"head","_parent":{"__id__":11},"_components":[{"__type__":"cc.Sprite","node":{"__id__":12},"_materials":[{"__uuid__":"ecpdLyjvZBwrvm+cedCcQy"}],"_spriteFrame":{"__uuid__":"e6JNuRrHVFM4KYnmai3HR+"},"_sizeMode":0,"_isTrimmedMode":false},{"__type__":"f42b8ZzNWFKKI/QT/n8cR1+","node":{"__id__":12}}],"_prefab":{"__type__":"cc.PrefabInfo","root":{"__id__":1},"asset":{"__uuid__":"d9hvExFpVF0YSTWcmr1cFb"},"fileId":"bevcKaPwFJX5deUjNfzl8D"},"_contentSize":{"__type__":"cc.Size","width":65,"height":65},"_trs":{"__type__":"TypedArray","ctor":"Float64Array","array":[0,0,0,0,0,0,1,1,1,1]}},{"__type__":"cc.Node","_name":"lixian","_parent":{"__id__":11},"_children":[{"__id__":14}],"_components":[{"__type__":"cc.Sprite","node":{"__id__":13},"_materials":[{"__uuid__":"ecpdLyjvZBwrvm+cedCcQy"}],"_spriteFrame":{"__uuid__":"012IHt40xCG7tUDIieNTX4"}}],"_prefab":{"__type__":"cc.PrefabInfo","root":{"__id__":1},"asset":{"__uuid__":"d9hvExFpVF0YSTWcmr1cFb"},"fileId":"09Q/y98rBDqrhKxJA7q2Nu"},"_contentSize":{"__type__":"cc.Size","width":73,"height":73},"_trs":{"__type__":"TypedArray","ctor":"Float64Array","array":[0,0,0,0,0,0,1,1,1,1]}},{"__type__":"cc.Node","_name":"lixianzhong","_parent":{"__id__":13},"_components":[{"__type__":"cc.Sprite","node":{"__id__":14},"_materials":[{"__uuid__":"ecpdLyjvZBwrvm+cedCcQy"}],"_spriteFrame":{"__uuid__":"a0/fj7ENxHJ4F+Rv6UwWvZ"},"_sizeMode":0}],"_prefab":{"__type__":"cc.PrefabInfo","root":{"__id__":1},"asset":{"__uuid__":"d9hvExFpVF0YSTWcmr1cFb"},"fileId":"c4KAa9HvZE/6QpLNIMIQ58"},"_contentSize":{"__type__":"cc.Size","width":39,"height":15},"_trs":{"__type__":"TypedArray","ctor":"Float64Array","array":[0,0,0,0,0,0,1,1,1,1]}},{"__type__":"cc.Node","_name":"user2","_parent":{"__id__":6},"_children":[{"__id__":16},{"__id__":18},{"__id__":19}],"_prefab":{"__type__":"cc.PrefabInfo","root":{"__id__":1},"asset":{"__uuid__":"d9hvExFpVF0YSTWcmr1cFb"},"fileId":"ben7HWqJxCsZhtD2kCineY"},"_trs":{"__type__":"TypedArray","ctor":"Float64Array","array":[226.031,-30.664,0,0,0,0,1,1.2,1.2,1]}},{"__type__":"cc.Node","_name":"name","_parent":{"__id__":15},"_children":[{"__id__":17}],"_active":false,"_components":[{"__type__":"cc.Sprite","node":{"__id__":16},"_materials":[{"__uuid__":"ecpdLyjvZBwrvm+cedCcQy"}],"_spriteFrame":{"__uuid__":"a90CvZZvxBV4BPQccRmk+E"},"_sizeMode":0}],"_prefab":{"__type__":"cc.PrefabInfo","root":{"__id__":1},"asset":{"__uuid__":"d9hvExFpVF0YSTWcmr1cFb"},"fileId":"28O1ykqh1E8LfbJQGuvO52"},"_contentSize":{"__type__":"cc.Size","width":75,"height":26},"_trs":{"__type__":"TypedArray","ctor":"Float64Array","array":[0,-40,0,0,0,0,1,1,1,1]}},{"__type__":"cc.Node","_name":"lb","_parent":{"__id__":16},"_components":[{"__type__":"cc.Label","node":{"__id__":17},"_materials":[{"__uuid__":"ecpdLyjvZBwrvm+cedCcQy"}],"_useOriginalSize":false,"_string":"纯属娱乐","_N$string":"纯属娱乐","_fontSize":14,"_lineHeight":20,"_N$file":{"__uuid__":"5f5wQekV1CGpJW2meZozWn"},"_isSystemFontUsed":false,"_N$horizontalAlign":1,"_N$verticalAlign":1}],"_prefab":{"__type__":"cc.PrefabInfo","root":{"__id__":1},"asset":{"__uuid__":"d9hvExFpVF0YSTWcmr1cFb"},"fileId":"3avgOtxYlGEaqC0fqWzier"},"_color":{"__type__":"cc.Color","r":255,"g":239,"b":235},"_contentSize":{"__type__":"cc.Size","width":56,"height":25.2},"_trs":{"__type__":"TypedArray","ctor":"Float64Array","array":[0,0,0,0,0,0,1,1,1,1]}},{"__type__":"cc.Node","_name":"icon_di","_parent":{"__id__":15},"_components":[{"__type__":"cc.Sprite","node":{"__id__":18},"_materials":[{"__uuid__":"ecpdLyjvZBwrvm+cedCcQy"}],"_spriteFrame":{"__uuid__":"aaHnm48C9HF721LIB8IcdE"},"_sizeMode":0}],"_prefab":{"__type__":"cc.PrefabInfo","root":{"__id__":1},"asset":{"__uuid__":"d9hvExFpVF0YSTWcmr1cFb"},"fileId":"b2KWUbYD5JL7+YILVL7eGO"},"_contentSize":{"__type__":"cc.Size","width":60,"height":60},"_trs":{"__type__":"TypedArray","ctor":"Float64Array","array":[0,0,0,0,0,0,1,1,1,1]}},{"__type__":"cc.Node","_name":"mask","_parent":{"__id__":15},"_children":[{"__id__":20},{"__id__":21}],"_components":[{"__type__":"cc.Mask","node":{"__id__":19},"_materials":[{"__uuid__":"ecpdLyjvZBwrvm+cedCcQy"}],"_spriteFrame":{"__uuid__":"1ex2+Je61Pu4xHlY2A6DnZ"},"_type":2}],"_prefab":{"__type__":"cc.PrefabInfo","root":{"__id__":1},"asset":{"__uuid__":"d9hvExFpVF0YSTWcmr1cFb"},"fileId":"eczKI7BKlIfK7GdJy3Jguz"},"_contentSize":{"__type__":"cc.Size","width":56,"height":56},"_trs":{"__type__":"TypedArray","ctor":"Float64Array","array":[0,0,0,0,0,0,1,1,1,1]}},{"__type__":"cc.Node","_name":"head","_parent":{"__id__":19},"_components":[{"__type__":"cc.Sprite","node":{"__id__":20},"_materials":[{"__uuid__":"ecpdLyjvZBwrvm+cedCcQy"}],"_spriteFrame":{"__uuid__":"e6JNuRrHVFM4KYnmai3HR+"},"_sizeMode":0,"_isTrimmedMode":false},{"__type__":"f42b8ZzNWFKKI/QT/n8cR1+","node":{"__id__":20}}],"_prefab":{"__type__":"cc.PrefabInfo","root":{"__id__":1},"asset":{"__uuid__":"d9hvExFpVF0YSTWcmr1cFb"},"fileId":"27NR97WldLtb/NIlTK9lXX"},"_contentSize":{"__type__":"cc.Size","width":65,"height":65},"_trs":{"__type__":"TypedArray","ctor":"Float64Array","array":[0,0,0,0,0,0,1,1,1,1]}},{"__type__":"cc.Node","_name":"lixian","_parent":{"__id__":19},"_children":[{"__id__":22}],"_components":[{"__type__":"cc.Sprite","node":{"__id__":21},"_materials":[{"__uuid__":"ecpdLyjvZBwrvm+cedCcQy"}],"_spriteFrame":{"__uuid__":"012IHt40xCG7tUDIieNTX4"}}],"_prefab":{"__type__":"cc.PrefabInfo","root":{"__id__":1},"asset":{"__uuid__":"d9hvExFpVF0YSTWcmr1cFb"},"fileId":"c62ErvAw5Mqrfg5C0CBWO1"},"_contentSize":{"__type__":"cc.Size","width":73,"height":73},"_trs":{"__type__":"TypedArray","ctor":"Float64Array","array":[0,0,0,0,0,0,1,1,1,1]}},{"__type__":"cc.Node","_name":"lixianzhong","_parent":{"__id__":21},"_components":[{"__type__":"cc.Sprite","node":{"__id__":22},"_materials":[{"__uuid__":"ecpdLyjvZBwrvm+cedCcQy"}],"_spriteFrame":{"__uuid__":"a0/fj7ENxHJ4F+Rv6UwWvZ"},"_sizeMode":0}],"_prefab":{"__type__":"cc.PrefabInfo","root":{"__id__":1},"asset":{"__uuid__":"d9hvExFpVF0YSTWcmr1cFb"},"fileId":"01uiL0OJhDOL9BJOdDWe0Q"},"_contentSize":{"__type__":"cc.Size","width":39,"height":15},"_trs":{"__type__":"TypedArray","ctor":"Float64Array","array":[0,0,0,0,0,0,1,1,1,1]}},{"__type__":"cc.Node","_name":"user3","_parent":{"__id__":6},"_children":[{"__id__":24},{"__id__":26},{"__id__":27}],"_prefab":{"__type__":"cc.PrefabInfo","root":{"__id__":1},"asset":{"__uuid__":"d9hvExFpVF0YSTWcmr1cFb"},"fileId":"22qwF45k5B2bszEG8s+KfO"},"_trs":{"__type__":"TypedArray","ctor":"Float64Array","array":[228.601,70.804,0,0,0,0,1,1.2,1.2,1]}},{"__type__":"cc.Node","_name":"name","_parent":{"__id__":23},"_children":[{"__id__":25}],"_active":false,"_components":[{"__type__":"cc.Sprite","node":{"__id__":24},"_materials":[{"__uuid__":"ecpdLyjvZBwrvm+cedCcQy"}],"_spriteFrame":{"__uuid__":"a90CvZZvxBV4BPQccRmk+E"},"_sizeMode":0}],"_prefab":{"__type__":"cc.PrefabInfo","root":{"__id__":1},"asset":{"__uuid__":"d9hvExFpVF0YSTWcmr1cFb"},"fileId":"65fxZtSCROSrj3NpUPsNHT"},"_contentSize":{"__type__":"cc.Size","width":75,"height":26},"_trs":{"__type__":"TypedArray","ctor":"Float64Array","array":[0,-40,0,0,0,0,1,1,1,1]}},{"__type__":"cc.Node","_name":"lb","_parent":{"__id__":24},"_components":[{"__type__":"cc.Label","node":{"__id__":25},"_materials":[{"__uuid__":"ecpdLyjvZBwrvm+cedCcQy"}],"_useOriginalSize":false,"_string":"纯属娱乐","_N$string":"纯属娱乐","_fontSize":14,"_lineHeight":20,"_N$file":{"__uuid__":"5f5wQekV1CGpJW2meZozWn"},"_isSystemFontUsed":false,"_N$horizontalAlign":1,"_N$verticalAlign":1}],"_prefab":{"__type__":"cc.PrefabInfo","root":{"__id__":1},"asset":{"__uuid__":"d9hvExFpVF0YSTWcmr1cFb"},"fileId":"23SPYEnG1GoqoTjBHytoU4"},"_color":{"__type__":"cc.Color","r":255,"g":239,"b":235},"_contentSize":{"__type__":"cc.Size","width":56,"height":25.2},"_trs":{"__type__":"TypedArray","ctor":"Float64Array","array":[0,0,0,0,0,0,1,1,1,1]}},{"__type__":"cc.Node","_name":"icon_di","_parent":{"__id__":23},"_components":[{"__type__":"cc.Sprite","node":{"__id__":26},"_materials":[{"__uuid__":"ecpdLyjvZBwrvm+cedCcQy"}],"_spriteFrame":{"__uuid__":"aaHnm48C9HF721LIB8IcdE"},"_sizeMode":0}],"_prefab":{"__type__":"cc.PrefabInfo","root":{"__id__":1},"asset":{"__uuid__":"d9hvExFpVF0YSTWcmr1cFb"},"fileId":"d4b9DUMRFHJoXAdRLwDjjk"},"_contentSize":{"__type__":"cc.Size","width":60,"height":60},"_trs":{"__type__":"TypedArray","ctor":"Float64Array","array":[0,0,0,0,0,0,1,1,1,1]}},{"__type__":"cc.Node","_name":"mask","_parent":{"__id__":23},"_children":[{"__id__":28},{"__id__":29}],"_components":[{"__type__":"cc.Mask","node":{"__id__":27},"_materials":[{"__uuid__":"ecpdLyjvZBwrvm+cedCcQy"}],"_spriteFrame":{"__uuid__":"1ex2+Je61Pu4xHlY2A6DnZ"},"_type":2}],"_prefab":{"__type__":"cc.PrefabInfo","root":{"__id__":1},"asset":{"__uuid__":"d9hvExFpVF0YSTWcmr1cFb"},"fileId":"5eF2fXKGdJMJoUCDFJUa1o"},"_contentSize":{"__type__":"cc.Size","width":56,"height":56},"_trs":{"__type__":"TypedArray","ctor":"Float64Array","array":[0,0,0,0,0,0,1,1,1,1]}},{"__type__":"cc.Node","_name":"head","_parent":{"__id__":27},"_components":[{"__type__":"cc.Sprite","node":{"__id__":28},"_materials":[{"__uuid__":"ecpdLyjvZBwrvm+cedCcQy"}],"_spriteFrame":{"__uuid__":"e6JNuRrHVFM4KYnmai3HR+"},"_sizeMode":0,"_isTrimmedMode":false},{"__type__":"f42b8ZzNWFKKI/QT/n8cR1+","node":{"__id__":28}}],"_prefab":{"__type__":"cc.PrefabInfo","root":{"__id__":1},"asset":{"__uuid__":"d9hvExFpVF0YSTWcmr1cFb"},"fileId":"9bJsekQvxJt5pfnKcj4aNe"},"_contentSize":{"__type__":"cc.Size","width":65,"height":65},"_trs":{"__type__":"TypedArray","ctor":"Float64Array","array":[0,0,0,0,0,0,1,1,1,1]}},{"__type__":"cc.Node","_name":"lixian","_parent":{"__id__":27},"_children":[{"__id__":30}],"_components":[{"__type__":"cc.Sprite","node":{"__id__":29},"_materials":[{"__uuid__":"ecpdLyjvZBwrvm+cedCcQy"}],"_spriteFrame":{"__uuid__":"012IHt40xCG7tUDIieNTX4"}}],"_prefab":{"__type__":"cc.PrefabInfo","root":{"__id__":1},"asset":{"__uuid__":"d9hvExFpVF0YSTWcmr1cFb"},"fileId":"b6mYCmmk1Knb+W/Y6H1LWk"},"_contentSize":{"__type__":"cc.Size","width":73,"height":73},"_trs":{"__type__":"TypedArray","ctor":"Float64Array","array":[0,0,0,0,0,0,1,1,1,1]}},{"__type__":"cc.Node","_name":"lixianzhong","_parent":{"__id__":29},"_components":[{"__type__":"cc.Sprite","node":{"__id__":30},"_materials":[{"__uuid__":"ecpdLyjvZBwrvm+cedCcQy"}],"_spriteFrame":{"__uuid__":"a0/fj7ENxHJ4F+Rv6UwWvZ"},"_sizeMode":0}],"_prefab":{"__type__":"cc.PrefabInfo","root":{"__id__":1},"asset":{"__uuid__":"d9hvExFpVF0YSTWcmr1cFb"},"fileId":"a26pz5+dJKFKe8EdUcCIog"},"_contentSize":{"__type__":"cc.Size","width":39,"height":15},"_trs":{"__type__":"TypedArray","ctor":"Float64Array","array":[0,0,0,0,0,0,1,1,1,1]}},{"__type__":"cc.Node","_name":"paishu","_parent":{"__id__":1},"_active":false,"_components":[{"__type__":"cc.Label","node":{"__id__":31},"_materials":[{"__uuid__":"ecpdLyjvZBwrvm+cedCcQy"}],"_useOriginalSize":false,"_string":"3牌房","_N$string":"3牌房","_fontSize":15,"_lineHeight":16,"_N$file":{"__uuid__":"5f5wQekV1CGpJW2meZozWn"},"_isSystemFontUsed":false,"_N$horizontalAlign":1,"_N$verticalAlign":1},{"__type__":"cc.LabelOutline","node":{"__id__":31},"_color":{"__type__":"cc.Color","r":51,"g":31,"b":34}}],"_prefab":{"__type__":"cc.PrefabInfo","root":{"__id__":1},"asset":{"__uuid__":"d9hvExFpVF0YSTWcmr1cFb"},"fileId":"e5EwJUHG1NRqtqLODn216y"},"_contentSize":{"__type__":"cc.Size","width":40.55,"height":22.16},"_position":{"__type__":"cc.Vec3","y":74.1},"_scale":{"__type__":"cc.Vec3","x":1,"y":1,"z":1},"_trs":{"__type__":"TypedArray","ctor":"Float64Array","array":[0,25.307,0,0,0,0,1,1,1,1]}},{"__type__":"cc.Node","_name":"jushu","_parent":{"__id__":1},"_components":[{"__type__":"cc.Label","node":{"__id__":32},"_materials":[{"__uuid__":"ecpdLyjvZBwrvm+cedCcQy"}],"_useOriginalSize":false,"_string":"第0/8局","_N$string":"第0/8局","_fontSize":20,"_lineHeight":22,"_N$file":{"__uuid__":"5f5wQekV1CGpJW2meZozWn"},"_isSystemFontUsed":false,"_N$horizontalAlign":1,"_N$verticalAlign":1},{"__type__":"cc.LabelOutline","node":{"__id__":32},"_color":{"__type__":"cc.Color"},"_width":2}],"_prefab":{"__type__":"cc.PrefabInfo","root":{"__id__":1},"asset":{"__uuid__":"d9hvExFpVF0YSTWcmr1cFb"},"fileId":"abogK5zPhN+raexfjjiJNF"},"_contentSize":{"__type__":"cc.Size","width":74.94,"height":31.72},"_trs":{"__type__":"TypedArray","ctor":"Float64Array","array":[0,26.789,0,0,0,0,1,1,1,1]}},{"__type__":"cc.Node","_name":"game_name","_parent":{"__id__":1},"_components":[{"__type__":"cc.Label","node":{"__id__":33},"_materials":[{"__uuid__":"ecpdLyjvZBwrvm+cedCcQy"}],"_useOriginalSize":false,"_string":"镇江麻将","_N$string":"镇江麻将","_fontSize":15,"_lineHeight":26,"_N$file":{"__uuid__":"5f5wQekV1CGpJW2meZozWn"},"_isSystemFontUsed":false,"_N$horizontalAlign":1,"_N$verticalAlign":1},{"__type__":"cc.LabelOutline","node":{"__id__":33},"_color":{"__type__":"cc.Color","r":51,"g":31,"b":34}}],"_prefab":{"__type__":"cc.PrefabInfo","root":{"__id__":1},"asset":{"__uuid__":"d9hvExFpVF0YSTWcmr1cFb"},"fileId":"34urlSQHhNwqPAN1PzJSOg"},"_contentSize":{"__type__":"cc.Size","width":62,"height":34.76},"_trs":{"__type__":"TypedArray","ctor":"Float64Array","array":[0,87.742,0,0,0,0,1,1,1,1]}},{"__type__":"cc.Node","_name":"bg_key","_parent":{"__id__":1},"_children":[{"__id__":35}],"_components":[{"__type__":"cc.Sprite","node":{"__id__":34},"_materials":[{"__uuid__":"ecpdLyjvZBwrvm+cedCcQy"}],"_spriteFrame":{"__uuid__":"3aA2G46YlBCpy6D8ppNBcm"},"_sizeMode":0}],"_prefab":{"__type__":"cc.PrefabInfo","root":{"__id__":1},"asset":{"__uuid__":"d9hvExFpVF0YSTWcmr1cFb"},"fileId":"1dCyGoPIhIE4NSphAJ7TzX"},"_contentSize":{"__type__":"cc.Size","width":40,"height":40},"_trs":{"__type__":"TypedArray","ctor":"Float64Array","array":[0,-54.16,0,0,0,0,1,1,1,1]}},{"__type__":"cc.Node","_name":"key","_parent":{"__id__":34},"_components":[{"__type__":"cc.Label","node":{"__id__":35},"_materials":[{"__uuid__":"ecpdLyjvZBwrvm+cedCcQy"}],"_useOriginalSize":false,"_string":"1","_N$string":"1","_fontSize":27,"_lineHeight":27,"_N$file":{"__uuid__":"5f5wQekV1CGpJW2meZozWn"},"_isSystemFontUsed":false,"_N$horizontalAlign":1,"_N$verticalAlign":1,"_N$overflow":2},{"__type__":"cc.LabelOutline","node":{"__id__":35},"_color":{"__type__":"cc.Color","r":128,"g":76,"b":157},"_width":2}],"_prefab":{"__type__":"cc.PrefabInfo","root":{"__id__":1},"asset":{"__uuid__":"d9hvExFpVF0YSTWcmr1cFb"},"fileId":"54Fb18cVxA+a9Hzib9ku/2"},"_contentSize":{"__type__":"cc.Size","width":35,"height":27},"_trs":{"__type__":"TypedArray","ctor":"Float64Array","array":[0,0,0,0,0,0,1,1,1,1]}},{"__type__":"cc.Node","_name":"btn_detail","_parent":{"__id__":1},"_children":[{"__id__":37}],"_components":[{"__type__":"cc.Sprite","node":{"__id__":36},"_materials":[{"__uuid__":"ecpdLyjvZBwrvm+cedCcQy"}],"_sizeMode":0},{"__type__":"cc.Button","node":{"__id__":36},"clickEvents":[null],"_N$transition":3,"transition":3,"_N$normalColor":{"__type__":"cc.Color","r":214,"g":214,"b":214},"_N$target":{"__id__":36}}],"_prefab":{"__type__":"cc.PrefabInfo","root":{"__id__":1},"asset":{"__uuid__":"d9hvExFpVF0YSTWcmr1cFb"},"fileId":"d2DzoB0HhEO4aVsmrHUjLO"},"_contentSize":{"__type__":"cc.Size","width":80,"height":80},"_trs":{"__type__":"TypedArray","ctor":"Float64Array","array":[0,-9,0,0,0,0,1,1,1,1]}},{"__type__":"cc.Node","_name":"btn_xiangqing","_parent":{"__id__":36},"_components":[{"__type__":"cc.Sprite","node":{"__id__":37},"_materials":[{"__uuid__":"ecpdLyjvZBwrvm+cedCcQy"}],"_spriteFrame":{"__uuid__":"33xKBJ9sBN/4kd7iJ5ki84"}}],"_prefab":{"__type__":"cc.PrefabInfo","root":{"__id__":1},"asset":{"__uuid__":"d9hvExFpVF0YSTWcmr1cFb"},"fileId":"6c7KldiqhDkLoe2S6ohHHs"},"_contentSize":{"__type__":"cc.Size","width":40,"height":40},"_trs":{"__type__":"TypedArray","ctor":"Float64Array","array":[0,0,0,0,0,0,1,1,1,1]}},{"__type__":"cc.Node","_name":"wanfa","_parent":{"__id__":1},"_children":[{"__id__":39}],"_active":false,"_components":[{"__type__":"cc.Sprite","node":{"__id__":38},"_spriteFrame":{"__uuid__":"3dMNeNCj9NKYp7R2Evm8UV"}}],"_prefab":{"__type__":"cc.PrefabInfo","root":{"__id__":1},"asset":{"__uuid__":"d9hvExFpVF0YSTWcmr1cFb"},"fileId":"7db8HkOdBJjKqLgSYrVTv0"},"_contentSize":{"__type__":"cc.Size","width":222,"height":176},"_trs":{"__type__":"TypedArray","ctor":"Float64Array","array":[-34.8,18.6,0,0,0,0,1,1,1,1]}},{"__type__":"cc.Node","_name":"lb_wanfa","_parent":{"__id__":38},"_components":[{"__type__":"cc.Label","node":{"__id__":39},"_useOriginalSize":false,"_string":"玩法","_N$string":"玩法","_fontSize":20,"_lineHeight":30,"_N$file":{"__uuid__":"5f5wQekV1CGpJW2meZozWn"},"_isSystemFontUsed":false,"_N$overflow":3}],"_prefab":{"__type__":"cc.PrefabInfo","root":{"__id__":1},"asset":{"__uuid__":"d9hvExFpVF0YSTWcmr1cFb"},"fileId":"d7k3n5rBxMq5wEcqDxTJm0"},"_color":{"__type__":"cc.Color","r":92,"g":17,"b":17},"_contentSize":{"__type__":"cc.Size","width":195,"height":30},"_anchorPoint":{"__type__":"cc.Vec2","x":0.5,"y":1},"_trs":{"__type__":"TypedArray","ctor":"Float64Array","array":[-1.6,69.6,0,0,0,0,1,1,1,1]}},{"__type__":"cc.Node","_name":"lb_roomName","_parent":{"__id__":1},"_components":[{"__type__":"cc.Label","node":{"__id__":40},"_materials":[{"__uuid__":"ecpdLyjvZBwrvm+cedCcQy"}],"_useOriginalSize":false,"_string":"镇江麻将","_N$string":"镇江麻将","_fontSize":28,"_lineHeight":30,"_N$file":{"__uuid__":"5f5wQekV1CGpJW2meZozWn"},"_isSystemFontUsed":false,"_N$horizontalAlign":1,"_N$verticalAlign":1,"_N$overflow":2},{"__type__":"cc.LabelOutline","node":{"__id__":40},"_color":{"__type__":"cc.Color"},"_width":2}],"_prefab":{"__type__":"cc.PrefabInfo","root":{"__id__":1},"asset":{"__uuid__":"d9hvExFpVF0YSTWcmr1cFb"},"fileId":"04sot/b5lHg7Dfe+Rm9l9K"},"_contentSize":{"__type__":"cc.Size","width":180,"height":39.8},"_trs":{"__type__":"TypedArray","ctor":"Float64Array","array":[0,62.949,0,0,0,0,1,1,1,1]}},{"__type__":"cc.Node","_name":"tip_lock","_parent":{"__id__":1},"_active":false,"_components":[{"__type__":"cc.Sprite","node":{"__id__":41},"_materials":[{"__uuid__":"ecpdLyjvZBwrvm+cedCcQy"}],"_spriteFrame":{"__uuid__":"d05/X4TsVBvYSFFDT2kLYG"}}],"_prefab":{"__type__":"cc.PrefabInfo","root":{"__id__":1},"asset":{"__uuid__":"d9hvExFpVF0YSTWcmr1cFb"},"fileId":"61zos+QGtPj7dKuRkVU73X"},"_contentSize":{"__type__":"cc.Size","width":33,"height":39},"_trs":{"__type__":"TypedArray","ctor":"Float64Array","array":[-51.898,-83.02,0,0,0,0,1,1,1,1]}},{"__type__":"cc.Node","_name":"img_sp","_parent":{"__id__":1},"_children":[{"__id__":43},{"__id__":44}],"_active":false,"_components":[{"__type__":"cc.Sprite","node":{"__id__":42},"_materials":[{"__uuid__":"ecpdLyjvZBwrvm+cedCcQy"}],"_spriteFrame":{"__uuid__":"31GEQk6vBMWYLh58IVlk9U"}}],"_prefab":{"__type__":"cc.PrefabInfo","root":{"__id__":1},"asset":{"__uuid__":"d9hvExFpVF0YSTWcmr1cFb"},"fileId":"c6TDUjLyBKkJ/DFzF/nxSG"},"_contentSize":{"__type__":"cc.Size","width":67,"height":26},"_trs":{"__type__":"TypedArray","ctor":"Float64Array","array":[0,92.582,0,0,0,0,1,1,1,1]}},{"__type__":"cc.Node","_name":"img_sai","_parent":{"__id__":42},"_components":[{"__type__":"cc.Sprite","node":{"__id__":43},"_materials":[{"__uuid__":"ecpdLyjvZBwrvm+cedCcQy"}],"_spriteFrame":{"__uuid__":"1aj42D6lRNFId+z7U75qfv"}}],"_prefab":{"__type__":"cc.PrefabInfo","root":{"__id__":1},"asset":{"__uuid__":"d9hvExFpVF0YSTWcmr1cFb"},"fileId":"e2Jr0qZeJEsIgJNgaZKTWt"},"_contentSize":{"__type__":"cc.Size","width":29,"height":31},"_trs":{"__type__":"TypedArray","ctor":"Float64Array","array":[-20.271,0,0,0,0,0,1,1,1,1]}},{"__type__":"cc.Node","_name":"lb_spStart","_parent":{"__id__":42},"_components":[{"__type__":"cc.Label","node":{"__id__":44},"_materials":[{"__uuid__":"ecpdLyjvZBwrvm+cedCcQy"}],"_useOriginalSize":false,"_string":"100","_N$string":"100","_fontSize":20,"_lineHeight":22,"_N$file":{"__uuid__":"5f5wQekV1CGpJW2meZozWn"},"_isSystemFontUsed":false,"_N$verticalAlign":1},{"__type__":"cc.LabelOutline","node":{"__id__":44},"_color":{"__type__":"cc.Color"}}],"_prefab":{"__type__":"cc.PrefabInfo","root":{"__id__":1},"asset":{"__uuid__":"d9hvExFpVF0YSTWcmr1cFb"},"fileId":"6a4mHZPhJNFL7hXkQj4oDO"},"_contentSize":{"__type__":"cc.Size","width":32.16,"height":29.72},"_anchorPoint":{"__type__":"cc.Vec2","y":0.5},"_trs":{"__type__":"TypedArray","ctor":"Float64Array","array":[-6.634,0,0,0,0,0,1,1,1,1]}}],{"__type__":"cc.SpriteFrame","content":{"name":"morentouxiang","texture":"189664600","rect":[181,652,60,60],"offset":[0,0],"originalSize":[60,60],"capInsets":[0,0,0,0]}}]