[{"__type__":"cc.SpriteFrame","content":{"name":"bg_poker","texture":"ccJr2eKqFCha4xiP7V1hU2","rect":[0,0,134,185],"offset":[0,0],"originalSize":[134,185],"capInsets":[0,0,0,0]}},{"__type__":"cc.SpriteFrame","content":{"name":"bg_spade1_2","texture":"acxV/wVfRHi4XKm8aCNU6U","rect":[44,83,76,84],"offset":[15,-32.5],"originalSize":[134,185],"capInsets":[0,0,0,0]}},{"__type__":"cc.SpriteFrame","content":{"name":"bg_dan","texture":"0dIpFSUQVHC67hBvI+vZup","rect":[0,0,308,252],"offset":[0,0],"originalSize":[308,252],"capInsets":[20,120,20,110]}},[{"__type__":"cc.Prefab","_name":"dx_winlost_child","data":{"__id__":1}},{"__type__":"cc.Node","_name":"dx_winlost_child","_children":[{"__id__":2},{"__id__":10},{"__id__":11},{"__id__":12},{"__id__":13},{"__id__":14},{"__id__":15},{"__id__":16},{"__id__":17},{"__id__":18},{"__id__":20},{"__id__":21},{"__id__":22},{"__id__":53}],"_components":[{"__type__":"cc.Sprite","node":{"__id__":1},"_materials":[{"__uuid__":"ecpdLyjvZBwrvm+cedCcQy"}],"_spriteFrame":{"__uuid__":"2bqGev7VdHe4af8c1lQl9d"},"_type":1,"_sizeMode":0},{"__type__":"d3032IKSQZJzZ38/9lFBHi/","node":{"__id__":1},"cardPrefab":{"__uuid__":"edjcP9RvtK7Zh9O/mUAnYC"},"sp_cardBack":[{"__uuid__":"7fhb8aVadKgKkU/Zrbw95J"},{"__uuid__":"b39r1jny9Ll4Z4NYMWn9MR"}]}],"_prefab":{"__type__":"cc.PrefabInfo","root":{"__id__":1},"asset":{"__uuid__":"2cxIQ4Y1tKd43QfUxyASyG"},"fileId":"6cDdI6pBxA9Z4NOAL9rTXL"},"_contentSize":{"__type__":"cc.Size","width":274,"height":396},"_anchorPoint":{"__type__":"cc.Vec2","y":0.5},"_trs":{"__type__":"TypedArray","ctor":"Float64Array","array":[0,-220,0,0,0,0,1,1,1,1]}},{"__type__":"cc.Node","_name":"user_info","_parent":{"__id__":1},"_children":[{"__id__":3},{"__id__":4},{"__id__":6},{"__id__":7},{"__id__":8},{"__id__":9}],"_prefab":{"__type__":"cc.PrefabInfo","root":{"__id__":1},"asset":{"__uuid__":"2cxIQ4Y1tKd43QfUxyASyG"},"fileId":"7b3a+X2sdHOK2Ru5gjzToJ"},"_trs":{"__type__":"TypedArray","ctor":"Float64Array","array":[110,120,0,0,0,0,1,1,1,1]}},{"__type__":"cc.Node","_name":"bg_head","_parent":{"__id__":2},"_components":[{"__type__":"cc.Sprite","node":{"__id__":3},"_materials":[{"__uuid__":"ecpdLyjvZBwrvm+cedCcQy"}],"_spriteFrame":{"__uuid__":"6fZHXhFSNJOaHufB8Cy11y"}}],"_prefab":{"__type__":"cc.PrefabInfo","root":{"__id__":1},"asset":{"__uuid__":"2cxIQ4Y1tKd43QfUxyASyG"},"fileId":"98fh2Q1npMqaiPKOQop4Dw"},"_contentSize":{"__type__":"cc.Size","width":85,"height":85},"_trs":{"__type__":"TypedArray","ctor":"Float64Array","array":[-60.9,29.7,0,0,0,0,1,1,1,1]}},{"__type__":"cc.Node","_name":"mask","_parent":{"__id__":2},"_children":[{"__id__":5}],"_components":[{"__type__":"cc.Mask","node":{"__id__":4},"_materials":[{"__uuid__":"ecpdLyjvZBwrvm+cedCcQy"}],"_spriteFrame":{"__uuid__":"862ZSSkT5Mqrb9LXLGSo/x"},"_type":2}],"_prefab":{"__type__":"cc.PrefabInfo","root":{"__id__":1},"asset":{"__uuid__":"2cxIQ4Y1tKd43QfUxyASyG"},"fileId":"2ao0tIqURK4YvziMzMn2fW"},"_contentSize":{"__type__":"cc.Size","width":79,"height":79},"_trs":{"__type__":"TypedArray","ctor":"Float64Array","array":[-60.9,29.7,0,0,0,0,1,1,1,1]}},{"__type__":"cc.Node","_name":"head_img","_parent":{"__id__":4},"_components":[{"__type__":"cc.Sprite","node":{"__id__":5},"_materials":[{"__uuid__":"ecpdLyjvZBwrvm+cedCcQy"}],"_spriteFrame":{"__uuid__":"e6JNuRrHVFM4KYnmai3HR+"},"_sizeMode":0,"_isTrimmedMode":false},{"__type__":"f42b8ZzNWFKKI/QT/n8cR1+","node":{"__id__":5}}],"_prefab":{"__type__":"cc.PrefabInfo","root":{"__id__":1},"asset":{"__uuid__":"2cxIQ4Y1tKd43QfUxyASyG"},"fileId":"ccsrW0FaBCoKLtckbotJ32"},"_contentSize":{"__type__":"cc.Size","width":79,"height":79},"_trs":{"__type__":"TypedArray","ctor":"Float64Array","array":[0,0,0,0,0,0,1,1,1,1]}},{"__type__":"cc.Node","_name":"lable_name","_parent":{"__id__":2},"_components":[{"__type__":"cc.Label","node":{"__id__":6},"_materials":[{"__uuid__":"ecpdLyjvZBwrvm+cedCcQy"}],"_useOriginalSize":false,"_string":"丸子科丸丸","_N$string":"丸子科丸丸","_fontSize":26,"_lineHeight":26,"_enableWrapText":false,"_N$verticalAlign":1,"_N$overflow":2}],"_prefab":{"__type__":"cc.PrefabInfo","root":{"__id__":1},"asset":{"__uuid__":"2cxIQ4Y1tKd43QfUxyASyG"},"fileId":"f2t10UQ0RCpKHCZxrWKZj5"},"_color":{"__type__":"cc.Color","r":124,"g":62,"b":18},"_contentSize":{"__type__":"cc.Size","width":130,"height":26},"_anchorPoint":{"__type__":"cc.Vec2","y":0.5},"_trs":{"__type__":"TypedArray","ctor":"Float64Array","array":[-1,45,0,0,0,0,1,1,1,1]}},{"__type__":"cc.Node","_name":"label_id","_parent":{"__id__":2},"_components":[{"__type__":"cc.Label","node":{"__id__":7},"_materials":[{"__uuid__":"ecpdLyjvZBwrvm+cedCcQy"}],"_useOriginalSize":false,"_string":"1422222","_N$string":"1422222","_fontSize":26,"_lineHeight":26,"_N$verticalAlign":1}],"_prefab":{"__type__":"cc.PrefabInfo","root":{"__id__":1},"asset":{"__uuid__":"2cxIQ4Y1tKd43QfUxyASyG"},"fileId":"57rcO1VPhMJqNOCjL7WLux"},"_color":{"__type__":"cc.Color","r":124,"g":62,"b":18},"_contentSize":{"__type__":"cc.Size","width":101.22,"height":32.76},"_anchorPoint":{"__type__":"cc.Vec2","y":0.5},"_trs":{"__type__":"TypedArray","ctor":"Float64Array","array":[1,14,0,0,0,0,1,1,1,1]}},{"__type__":"cc.Node","_name":"icon_dzm","_parent":{"__id__":2},"_active":false,"_components":[{"__type__":"cc.Sprite","node":{"__id__":8},"_spriteFrame":{"__uuid__":"6b5WDlSMROe6s4CkxD9y3O"},"_sizeMode":0}],"_prefab":{"__type__":"cc.PrefabInfo","root":{"__id__":1},"asset":{"__uuid__":"2cxIQ4Y1tKd43QfUxyASyG"},"fileId":"011p3HKpRJU63heEzGeakV"},"_contentSize":{"__type__":"cc.Size","width":60,"height":45},"_trs":{"__type__":"TypedArray","ctor":"Float64Array","array":[-48.8,59.7,0,0,0,0,1,1,1,1]}},{"__type__":"cc.Node","_name":"fangzhu","_parent":{"__id__":2},"_active":false,"_components":[{"__type__":"cc.Sprite","node":{"__id__":9},"_spriteFrame":{"__uuid__":"ffaw4GfX1L3JT0cfy9xMYL"}}],"_prefab":{"__type__":"cc.PrefabInfo","root":{"__id__":1},"asset":{"__uuid__":"2cxIQ4Y1tKd43QfUxyASyG"},"fileId":"f0OIL8mi5Di7MSrWwikjnb"},"_contentSize":{"__type__":"cc.Size","width":42,"height":35},"_trs":{"__type__":"TypedArray","ctor":"Float64Array","array":[-51.2,7.9,0,0,0,0,1,1,1,1]}},{"__type__":"cc.Node","_name":"lb_beiShu","_parent":{"__id__":1},"_active":false,"_components":[{"__type__":"cc.Label","node":{"__id__":10},"_useOriginalSize":false,"_string":"10","_N$string":"10","_fontSize":24,"_N$file":{"__uuid__":"5f5wQekV1CGpJW2meZozWn"},"_isSystemFontUsed":false,"_N$horizontalAlign":1,"_N$verticalAlign":1}],"_prefab":{"__type__":"cc.PrefabInfo","root":{"__id__":1},"asset":{"__uuid__":"2cxIQ4Y1tKd43QfUxyASyG"},"fileId":"d4D5K/LIBB9olP13objOHE"},"_color":{"__type__":"cc.Color","r":255,"g":66},"_contentSize":{"__type__":"cc.Size","width":22.5,"height":40},"_anchorPoint":{"__type__":"cc.Vec2","y":0.5},"_trs":{"__type__":"TypedArray","ctor":"Float64Array","array":[69.1,73,0,0,0,0,1,1,1,1]}},{"__type__":"cc.Node","_name":"lb_beishuTitle","_parent":{"__id__":1},"_active":false,"_components":[{"__type__":"cc.Label","node":{"__id__":11},"_useOriginalSize":false,"_string":"倍数：","_N$string":"倍数：","_fontSize":26,"_lineHeight":35,"_N$file":{"__uuid__":"5f5wQekV1CGpJW2meZozWn"},"_isSystemFontUsed":false,"_N$horizontalAlign":1,"_N$verticalAlign":1}],"_prefab":{"__type__":"cc.PrefabInfo","root":{"__id__":1},"asset":{"__uuid__":"2cxIQ4Y1tKd43QfUxyASyG"},"fileId":"475QI5hCNLf6/Q232C9Ykn"},"_color":{"__type__":"cc.Color","r":119,"g":17,"b":17},"_contentSize":{"__type__":"cc.Size","width":78,"height":35},"_anchorPoint":{"__type__":"cc.Vec2","y":0.5},"_trs":{"__type__":"TypedArray","ctor":"Float64Array","array":[5,73,0,0,0,0,1,1,1,1]}},{"__type__":"cc.Node","_name":"lb_difentitle","_parent":{"__id__":1},"_active":false,"_components":[{"__type__":"cc.Label","node":{"__id__":12},"_useOriginalSize":false,"_string":"底分：","_N$string":"底分：","_fontSize":26,"_lineHeight":35,"_N$file":{"__uuid__":"5f5wQekV1CGpJW2meZozWn"},"_isSystemFontUsed":false,"_N$horizontalAlign":1,"_N$verticalAlign":1}],"_prefab":{"__type__":"cc.PrefabInfo","root":{"__id__":1},"asset":{"__uuid__":"2cxIQ4Y1tKd43QfUxyASyG"},"fileId":"eaOmAhJFVAfo7OA8jP+7Na"},"_color":{"__type__":"cc.Color","r":119,"g":17,"b":17},"_contentSize":{"__type__":"cc.Size","width":78,"height":35},"_anchorPoint":{"__type__":"cc.Vec2","y":0.5},"_trs":{"__type__":"TypedArray","ctor":"Float64Array","array":[79,73,0,0,0,0,1,1,1,1]}},{"__type__":"cc.Node","_name":"lb_difen","_parent":{"__id__":1},"_active":false,"_components":[{"__type__":"cc.Label","node":{"__id__":13},"_useOriginalSize":false,"_string":"10","_N$string":"10","_fontSize":24,"_N$file":{"__uuid__":"5f5wQekV1CGpJW2meZozWn"},"_isSystemFontUsed":false,"_N$horizontalAlign":1,"_N$verticalAlign":1}],"_prefab":{"__type__":"cc.PrefabInfo","root":{"__id__":1},"asset":{"__uuid__":"2cxIQ4Y1tKd43QfUxyASyG"},"fileId":"92gU9dDtZMT5wyH81h5iVR"},"_color":{"__type__":"cc.Color","r":255,"g":66},"_contentSize":{"__type__":"cc.Size","width":22.5,"height":40},"_anchorPoint":{"__type__":"cc.Vec2","y":0.5},"_trs":{"__type__":"TypedArray","ctor":"Float64Array","array":[158.9,73,0,0,0,0,1,1,1,1]}},{"__type__":"cc.Node","_name":"icon_robClose","_parent":{"__id__":1},"_active":false,"_components":[{"__type__":"cc.Sprite","node":{"__id__":14},"_spriteFrame":{"__uuid__":"43VZAJIQdIwJ1CckGfJfs5"}}],"_prefab":{"__type__":"cc.PrefabInfo","root":{"__id__":1},"asset":{"__uuid__":"2cxIQ4Y1tKd43QfUxyASyG"},"fileId":"13LgXGhy1H6J5GOOL9p35A"},"_contentSize":{"__type__":"cc.Size","width":129,"height":67},"_trs":{"__type__":"TypedArray","ctor":"Float64Array","array":[139,-48,0,0,0,0,1,1,1,1]}},{"__type__":"cc.Node","_name":"lb_allScoreTitle","_parent":{"__id__":1},"_components":[{"__type__":"cc.Label","node":{"__id__":15},"_materials":[{"__uuid__":"ecpdLyjvZBwrvm+cedCcQy"}],"_useOriginalSize":false,"_string":"总分数:","_N$string":"总分数:","_fontSize":24,"_lineHeight":35,"_N$file":{"__uuid__":"5f5wQekV1CGpJW2meZozWn"},"_isSystemFontUsed":false,"_N$horizontalAlign":1,"_N$verticalAlign":1}],"_prefab":{"__type__":"cc.PrefabInfo","root":{"__id__":1},"asset":{"__uuid__":"2cxIQ4Y1tKd43QfUxyASyG"},"fileId":"ee0Z8VvFBF5oiNRXdlgZLW"},"_color":{"__type__":"cc.Color","r":119,"g":17,"b":17},"_contentSize":{"__type__":"cc.Size","width":78.38,"height":44.1},"_trs":{"__type__":"TypedArray","ctor":"Float64Array","array":[60,-130,0,0,0,0,1,1,1,1]}},{"__type__":"cc.Node","_name":"lb_lose_num","_parent":{"__id__":1},"_components":[{"__type__":"cc.Label","node":{"__id__":16},"_materials":[{"__uuid__":"ecpdLyjvZBwrvm+cedCcQy"}],"_useOriginalSize":false,"_string":"-1000","_N$string":"-1000","_fontSize":32,"_N$file":{"__uuid__":"59kzsyiIFGS5Deoo4o1bsG"},"_isSystemFontUsed":false,"_N$horizontalAlign":1,"_N$verticalAlign":1}],"_prefab":{"__type__":"cc.PrefabInfo","root":{"__id__":1},"asset":{"__uuid__":"2cxIQ4Y1tKd43QfUxyASyG"},"fileId":"3f+il06+xH3LtQPRhTgiVM"},"_contentSize":{"__type__":"cc.Size","width":145,"height":40},"_anchorPoint":{"__type__":"cc.Vec2","y":0.5},"_trs":{"__type__":"TypedArray","ctor":"Float64Array","array":[117,-130,0,0,0,0,1,0.7,0.7,1]}},{"__type__":"cc.Node","_name":"lb_win_num","_parent":{"__id__":1},"_components":[{"__type__":"cc.Label","node":{"__id__":17},"_materials":[{"__uuid__":"ecpdLyjvZBwrvm+cedCcQy"}],"_useOriginalSize":false,"_string":"+1000","_N$string":"+1000","_fontSize":1,"_lineHeight":1,"_N$file":{"__uuid__":"72IVOMk1hKZ49cj8VmMTmu"},"_isSystemFontUsed":false,"_N$horizontalAlign":1,"_N$verticalAlign":1}],"_prefab":{"__type__":"cc.PrefabInfo","root":{"__id__":1},"asset":{"__uuid__":"2cxIQ4Y1tKd43QfUxyASyG"},"fileId":"eawEa/nDhNB4qpqiV1s9Z1"},"_contentSize":{"__type__":"cc.Size","width":145,"height":1},"_anchorPoint":{"__type__":"cc.Vec2","y":0.5},"_trs":{"__type__":"TypedArray","ctor":"Float64Array","array":[116,-117,0,0,0,0,1,0.7,0.7,1]}},{"__type__":"cc.Node","_name":"lb_sportsPointTitle","_parent":{"__id__":1},"_children":[{"__id__":19}],"_components":[{"__type__":"cc.Label","node":{"__id__":18},"_materials":[{"__uuid__":"ecpdLyjvZBwrvm+cedCcQy"}],"_useOriginalSize":false,"_string":"竞技点:","_N$string":"竞技点:","_fontSize":24,"_lineHeight":35,"_N$file":{"__uuid__":"5f5wQekV1CGpJW2meZozWn"},"_isSystemFontUsed":false,"_N$horizontalAlign":1,"_N$verticalAlign":1}],"_prefab":{"__type__":"cc.PrefabInfo","root":{"__id__":1},"asset":{"__uuid__":"2cxIQ4Y1tKd43QfUxyASyG"},"fileId":"b9c4rcKppF4YduqnOt+3ea"},"_color":{"__type__":"cc.Color","r":119,"g":17,"b":17},"_contentSize":{"__type__":"cc.Size","width":78.38,"height":44.1},"_trs":{"__type__":"TypedArray","ctor":"Float64Array","array":[60,-167,0,0,0,0,1,1,1,1]}},{"__type__":"cc.Node","_name":"lb_sportsPoint","_parent":{"__id__":18},"_components":[{"__type__":"cc.Label","node":{"__id__":19},"_materials":[{"__uuid__":"ecpdLyjvZBwrvm+cedCcQy"}],"_useOriginalSize":false,"_string":"1234","_N$string":"1234","_fontSize":24,"_lineHeight":35,"_N$file":{"__uuid__":"5f5wQekV1CGpJW2meZozWn"},"_isSystemFontUsed":false,"_N$horizontalAlign":1,"_N$verticalAlign":1}],"_prefab":{"__type__":"cc.PrefabInfo","root":{"__id__":1},"asset":{"__uuid__":"2cxIQ4Y1tKd43QfUxyASyG"},"fileId":"5afZvv6HRIJ6WT/YbKUIy8"},"_color":{"__type__":"cc.Color","r":255,"g":66},"_contentSize":{"__type__":"cc.Size","width":49.88,"height":44.1},"_anchorPoint":{"__type__":"cc.Vec2","y":0.5},"_trs":{"__type__":"TypedArray","ctor":"Float64Array","array":[59,0,0,0,0,0,1,1,1,1]}},{"__type__":"cc.Node","_name":"zhuangjia","_parent":{"__id__":1},"_active":false,"_components":[{"__type__":"cc.Sprite","node":{"__id__":20},"_spriteFrame":{"__uuid__":"2c4lUHvdBML5RELKLSS41S"}}],"_prefab":{"__type__":"cc.PrefabInfo","root":{"__id__":1},"asset":{"__uuid__":"2cxIQ4Y1tKd43QfUxyASyG"},"fileId":"a6lFxWz2pKX6ktsgkZtsyU"},"_contentSize":{"__type__":"cc.Size","width":48,"height":48},"_trs":{"__type__":"TypedArray","ctor":"Float64Array","array":[84.36,-86.3,0,0,0,0,1,0.7,0.65,1]}},{"__type__":"cc.Node","_name":"beishu","_parent":{"__id__":1},"_active":false,"_components":[{"__type__":"cc.Label","node":{"__id__":21},"_useOriginalSize":false,"_string":"x1","_N$string":"x1","_fontSize":25,"_N$file":{"__uuid__":"79rjS0bzJIdbgjoEaDHZMa"},"_isSystemFontUsed":false,"_N$horizontalAlign":1,"_N$verticalAlign":1}],"_prefab":{"__type__":"cc.PrefabInfo","root":{"__id__":1},"asset":{"__uuid__":"2cxIQ4Y1tKd43QfUxyASyG"},"fileId":"9eXwzCItZCx49i2DbTWu3h"},"_contentSize":{"__type__":"cc.Size","width":38.28,"height":31.25},"_trs":{"__type__":"TypedArray","ctor":"Float64Array","array":[131.4,-78.5,0,0,0,0,1,1.4,1.3,1]}},{"__type__":"cc.Node","_name":"card","_parent":{"__id__":1},"_children":[{"__id__":23},{"__id__":29},{"__id__":35},{"__id__":41},{"__id__":47}],"_components":[{"__type__":"cc.Layout","node":{"__id__":22},"_layoutSize":{"__type__":"cc.Size","width":156,"height":135},"_resize":1,"_N$layoutType":1,"_N$spacingX":-66}],"_prefab":{"__type__":"cc.PrefabInfo","root":{"__id__":1},"asset":{"__uuid__":"2cxIQ4Y1tKd43QfUxyASyG"},"fileId":"99BTDn6sFFjqTAMtZS77s3"},"_contentSize":{"__type__":"cc.Size","width":156,"height":135},"_trs":{"__type__":"TypedArray","ctor":"Float64Array","array":[137,-20,0,0,0,0,1,1,1,1]}},{"__type__":"cc.Node","_name":"pxcn_cardPrefab","_parent":{"__id__":22},"_children":[{"__id__":24},{"__id__":25},{"__id__":26},{"__id__":27},{"__id__":28}],"_prefab":{"__type__":"cc.PrefabInfo","root":{"__id__":1},"asset":{"__uuid__":"2cxIQ4Y1tKd43QfUxyASyG"},"fileId":"1awEdvEW5NFrItEBDzhkRO"},"_contentSize":{"__type__":"cc.Size","width":96,"height":132},"_trs":{"__type__":"TypedArray","ctor":"Float64Array","array":[-30,0,0,0,0,0,1,1,1,1]}},{"__type__":"cc.Node","_name":"bg_poker","_parent":{"__id__":23},"_components":[{"__type__":"cc.Sprite","node":{"__id__":24},"_materials":[{"__uuid__":"ecpdLyjvZBwrvm+cedCcQy"}],"_spriteFrame":{"__uuid__":"00bHYL//lI95M+zBsJImfw"},"_sizeMode":0,"_isTrimmedMode":false}],"_prefab":{"__type__":"cc.PrefabInfo","root":{"__id__":1},"asset":{"__uuid__":"2cxIQ4Y1tKd43QfUxyASyG"},"fileId":"b4kp73KCRPbZa3/YB3stBz"},"_contentSize":{"__type__":"cc.Size","width":96,"height":132},"_trs":{"__type__":"TypedArray","ctor":"Float64Array","array":[0,0,0,0,0,0,1,1,1,1]}},{"__type__":"cc.Node","_name":"num","_parent":{"__id__":23},"_components":[{"__type__":"cc.Sprite","node":{"__id__":25},"_materials":[{"__uuid__":"ecpdLyjvZBwrvm+cedCcQy"}],"_spriteFrame":{"__uuid__":"e0vJWxcKtC+4EavzuLPumQ"},"_sizeMode":0,"_isTrimmedMode":false}],"_prefab":{"__type__":"cc.PrefabInfo","root":{"__id__":1},"asset":{"__uuid__":"2cxIQ4Y1tKd43QfUxyASyG"},"fileId":"76IPr/p/ZMvKh8yqT/PeR3"},"_contentSize":{"__type__":"cc.Size","width":26,"height":32},"_trs":{"__type__":"TypedArray","ctor":"Float64Array","array":[-31.2,46.9,0,0,0,0,1,1,1,1]}},{"__type__":"cc.Node","_name":"icon","_parent":{"__id__":23},"_components":[{"__type__":"cc.Sprite","node":{"__id__":26},"_materials":[{"__uuid__":"ecpdLyjvZBwrvm+cedCcQy"}],"_spriteFrame":{"__uuid__":"30dHDWcz9Hto/OHDvq2O0u"},"_sizeMode":0,"_isTrimmedMode":false}],"_prefab":{"__type__":"cc.PrefabInfo","root":{"__id__":1},"asset":{"__uuid__":"2cxIQ4Y1tKd43QfUxyASyG"},"fileId":"d3oGvY5LdL7rLUphOAm7Br"},"_contentSize":{"__type__":"cc.Size","width":96,"height":132},"_trs":{"__type__":"TypedArray","ctor":"Float64Array","array":[0,0,0,0,0,0,1,1,1,1]}},{"__type__":"cc.Node","_name":"icon_1","_parent":{"__id__":23},"_components":[{"__type__":"cc.Sprite","node":{"__id__":27},"_materials":[{"__uuid__":"ecpdLyjvZBwrvm+cedCcQy"}],"_spriteFrame":{"__uuid__":"24iBwDLdxP3LEl3J8eTyVP"},"_sizeMode":0,"_isTrimmedMode":false}],"_prefab":{"__type__":"cc.PrefabInfo","root":{"__id__":1},"asset":{"__uuid__":"2cxIQ4Y1tKd43QfUxyASyG"},"fileId":"5dkrXSt89NmqtsZiszBeHa"},"_contentSize":{"__type__":"cc.Size","width":96,"height":132},"_trs":{"__type__":"TypedArray","ctor":"Float64Array","array":[0,0,0,0,0,0,1,1,1,1]}},{"__type__":"cc.Node","_name":"poker_back","_parent":{"__id__":23},"_active":false,"_components":[{"__type__":"cc.Sprite","node":{"__id__":28},"_spriteFrame":{"__uuid__":"7fhb8aVadKgKkU/Zrbw95J"},"_sizeMode":0}],"_prefab":{"__type__":"cc.PrefabInfo","root":{"__id__":1},"asset":{"__uuid__":"2cxIQ4Y1tKd43QfUxyASyG"},"fileId":"d3suvJOAxHlpBsHf4A8Cqi"},"_contentSize":{"__type__":"cc.Size","width":96,"height":132},"_trs":{"__type__":"TypedArray","ctor":"Float64Array","array":[0,0,0,0,0,0,1,1,1,1]}},{"__type__":"cc.Node","_name":"pxcn_cardPrefab","_parent":{"__id__":22},"_children":[{"__id__":30},{"__id__":31},{"__id__":32},{"__id__":33},{"__id__":34}],"_prefab":{"__type__":"cc.PrefabInfo","root":{"__id__":1},"asset":{"__uuid__":"2cxIQ4Y1tKd43QfUxyASyG"},"fileId":"9a/liQkb9IGZUSIdjxQLkN"},"_contentSize":{"__type__":"cc.Size","width":96,"height":132},"_trs":{"__type__":"TypedArray","ctor":"Float64Array","array":[0,0,0,0,0,0,1,1,1,1]}},{"__type__":"cc.Node","_name":"bg_poker","_parent":{"__id__":29},"_components":[{"__type__":"cc.Sprite","node":{"__id__":30},"_materials":[{"__uuid__":"ecpdLyjvZBwrvm+cedCcQy"}],"_spriteFrame":{"__uuid__":"00bHYL//lI95M+zBsJImfw"},"_sizeMode":0,"_isTrimmedMode":false}],"_prefab":{"__type__":"cc.PrefabInfo","root":{"__id__":1},"asset":{"__uuid__":"2cxIQ4Y1tKd43QfUxyASyG"},"fileId":"f6fci1gS9Gya7MzHbiC+uP"},"_contentSize":{"__type__":"cc.Size","width":96,"height":132},"_trs":{"__type__":"TypedArray","ctor":"Float64Array","array":[0,0,0,0,0,0,1,1,1,1]}},{"__type__":"cc.Node","_name":"num","_parent":{"__id__":29},"_components":[{"__type__":"cc.Sprite","node":{"__id__":31},"_materials":[{"__uuid__":"ecpdLyjvZBwrvm+cedCcQy"}],"_spriteFrame":{"__uuid__":"e0vJWxcKtC+4EavzuLPumQ"},"_sizeMode":0,"_isTrimmedMode":false}],"_prefab":{"__type__":"cc.PrefabInfo","root":{"__id__":1},"asset":{"__uuid__":"2cxIQ4Y1tKd43QfUxyASyG"},"fileId":"92IamQ9BRLSqDKz0A8Nl6k"},"_contentSize":{"__type__":"cc.Size","width":26,"height":32},"_trs":{"__type__":"TypedArray","ctor":"Float64Array","array":[-31.2,46.9,0,0,0,0,1,1,1,1]}},{"__type__":"cc.Node","_name":"icon","_parent":{"__id__":29},"_components":[{"__type__":"cc.Sprite","node":{"__id__":32},"_materials":[{"__uuid__":"ecpdLyjvZBwrvm+cedCcQy"}],"_spriteFrame":{"__uuid__":"30dHDWcz9Hto/OHDvq2O0u"},"_sizeMode":0,"_isTrimmedMode":false}],"_prefab":{"__type__":"cc.PrefabInfo","root":{"__id__":1},"asset":{"__uuid__":"2cxIQ4Y1tKd43QfUxyASyG"},"fileId":"59X2Vu4PRNWb9wkDhuOjxb"},"_contentSize":{"__type__":"cc.Size","width":96,"height":132},"_trs":{"__type__":"TypedArray","ctor":"Float64Array","array":[0,0,0,0,0,0,1,1,1,1]}},{"__type__":"cc.Node","_name":"icon_1","_parent":{"__id__":29},"_components":[{"__type__":"cc.Sprite","node":{"__id__":33},"_materials":[{"__uuid__":"ecpdLyjvZBwrvm+cedCcQy"}],"_spriteFrame":{"__uuid__":"24iBwDLdxP3LEl3J8eTyVP"},"_sizeMode":0,"_isTrimmedMode":false}],"_prefab":{"__type__":"cc.PrefabInfo","root":{"__id__":1},"asset":{"__uuid__":"2cxIQ4Y1tKd43QfUxyASyG"},"fileId":"07ELN6KKBKva1oY7YQAqR0"},"_contentSize":{"__type__":"cc.Size","width":96,"height":132},"_trs":{"__type__":"TypedArray","ctor":"Float64Array","array":[0,0,0,0,0,0,1,1,1,1]}},{"__type__":"cc.Node","_name":"poker_back","_parent":{"__id__":29},"_active":false,"_components":[{"__type__":"cc.Sprite","node":{"__id__":34},"_spriteFrame":{"__uuid__":"7fhb8aVadKgKkU/Zrbw95J"},"_sizeMode":0}],"_prefab":{"__type__":"cc.PrefabInfo","root":{"__id__":1},"asset":{"__uuid__":"2cxIQ4Y1tKd43QfUxyASyG"},"fileId":"74gbqqP6RFjakRh8ZHXnqC"},"_contentSize":{"__type__":"cc.Size","width":96,"height":132},"_trs":{"__type__":"TypedArray","ctor":"Float64Array","array":[0,0,0,0,0,0,1,1,1,1]}},{"__type__":"cc.Node","_name":"pxcn_cardPrefab","_parent":{"__id__":22},"_children":[{"__id__":36},{"__id__":37},{"__id__":38},{"__id__":39},{"__id__":40}],"_prefab":{"__type__":"cc.PrefabInfo","root":{"__id__":1},"asset":{"__uuid__":"2cxIQ4Y1tKd43QfUxyASyG"},"fileId":"68IXKVfW1OtbwSTV3/0xrk"},"_contentSize":{"__type__":"cc.Size","width":96,"height":132},"_trs":{"__type__":"TypedArray","ctor":"Float64Array","array":[30,0,0,0,0,0,1,1,1,1]}},{"__type__":"cc.Node","_name":"bg_poker","_parent":{"__id__":35},"_components":[{"__type__":"cc.Sprite","node":{"__id__":36},"_materials":[{"__uuid__":"ecpdLyjvZBwrvm+cedCcQy"}],"_spriteFrame":{"__uuid__":"00bHYL//lI95M+zBsJImfw"},"_type":1,"_sizeMode":0,"_isTrimmedMode":false}],"_prefab":{"__type__":"cc.PrefabInfo","root":{"__id__":1},"asset":{"__uuid__":"2cxIQ4Y1tKd43QfUxyASyG"},"fileId":"54a/uQp/VEs7n3+X18POpd"},"_contentSize":{"__type__":"cc.Size","width":96,"height":132},"_trs":{"__type__":"TypedArray","ctor":"Float64Array","array":[0,0,0,0,0,0,1,1,1,1]}},{"__type__":"cc.Node","_name":"num","_parent":{"__id__":35},"_components":[{"__type__":"cc.Sprite","node":{"__id__":37},"_materials":[{"__uuid__":"ecpdLyjvZBwrvm+cedCcQy"}],"_spriteFrame":{"__uuid__":"e0vJWxcKtC+4EavzuLPumQ"},"_sizeMode":0,"_isTrimmedMode":false}],"_prefab":{"__type__":"cc.PrefabInfo","root":{"__id__":1},"asset":{"__uuid__":"2cxIQ4Y1tKd43QfUxyASyG"},"fileId":"6fXg1EcE5LNqqvbIhagSvQ"},"_contentSize":{"__type__":"cc.Size","width":26,"height":32},"_trs":{"__type__":"TypedArray","ctor":"Float64Array","array":[-31.2,46.9,0,0,0,0,1,1,1,1]}},{"__type__":"cc.Node","_name":"icon","_parent":{"__id__":35},"_components":[{"__type__":"cc.Sprite","node":{"__id__":38},"_materials":[{"__uuid__":"ecpdLyjvZBwrvm+cedCcQy"}],"_spriteFrame":{"__uuid__":"30dHDWcz9Hto/OHDvq2O0u"},"_sizeMode":0,"_isTrimmedMode":false}],"_prefab":{"__type__":"cc.PrefabInfo","root":{"__id__":1},"asset":{"__uuid__":"2cxIQ4Y1tKd43QfUxyASyG"},"fileId":"1f0bjkkZJJRpxTFVQCPhFQ"},"_contentSize":{"__type__":"cc.Size","width":96,"height":132},"_trs":{"__type__":"TypedArray","ctor":"Float64Array","array":[0,0,0,0,0,0,1,1,1,1]}},{"__type__":"cc.Node","_name":"icon_1","_parent":{"__id__":35},"_components":[{"__type__":"cc.Sprite","node":{"__id__":39},"_materials":[{"__uuid__":"ecpdLyjvZBwrvm+cedCcQy"}],"_spriteFrame":{"__uuid__":"24iBwDLdxP3LEl3J8eTyVP"},"_sizeMode":0,"_isTrimmedMode":false}],"_prefab":{"__type__":"cc.PrefabInfo","root":{"__id__":1},"asset":{"__uuid__":"2cxIQ4Y1tKd43QfUxyASyG"},"fileId":"ecq43znzxPnqTRF9TNrTfM"},"_contentSize":{"__type__":"cc.Size","width":96,"height":132},"_trs":{"__type__":"TypedArray","ctor":"Float64Array","array":[0,0,0,0,0,0,1,1,1,1]}},{"__type__":"cc.Node","_name":"poker_back","_parent":{"__id__":35},"_active":false,"_components":[{"__type__":"cc.Sprite","node":{"__id__":40},"_spriteFrame":{"__uuid__":"7fhb8aVadKgKkU/Zrbw95J"},"_sizeMode":0}],"_prefab":{"__type__":"cc.PrefabInfo","root":{"__id__":1},"asset":{"__uuid__":"2cxIQ4Y1tKd43QfUxyASyG"},"fileId":"dcqWsgnsBIarSfq1XzMI0v"},"_contentSize":{"__type__":"cc.Size","width":96,"height":132},"_trs":{"__type__":"TypedArray","ctor":"Float64Array","array":[0,0,0,0,0,0,1,1,1,1]}},{"__type__":"cc.Node","_name":"pxcn_cardPrefab","_parent":{"__id__":22},"_children":[{"__id__":42},{"__id__":43},{"__id__":44},{"__id__":45},{"__id__":46}],"_active":false,"_prefab":{"__type__":"cc.PrefabInfo","root":{"__id__":1},"asset":{"__uuid__":"2cxIQ4Y1tKd43QfUxyASyG"},"fileId":"36AwA8J6hHoLuB47fBiW/r"},"_contentSize":{"__type__":"cc.Size","width":96,"height":132},"_trs":{"__type__":"TypedArray","ctor":"Float64Array","array":[30,0,0,0,0,0,1,1,1,1]}},{"__type__":"cc.Node","_name":"bg_poker","_parent":{"__id__":41},"_components":[{"__type__":"cc.Sprite","node":{"__id__":42},"_spriteFrame":{"__uuid__":"00bHYL//lI95M+zBsJImfw"},"_sizeMode":0,"_isTrimmedMode":false}],"_prefab":{"__type__":"cc.PrefabInfo","root":{"__id__":1},"asset":{"__uuid__":"2cxIQ4Y1tKd43QfUxyASyG"},"fileId":"dbcE5Py45MTKa32mq4APas"},"_contentSize":{"__type__":"cc.Size","width":96,"height":132},"_trs":{"__type__":"TypedArray","ctor":"Float64Array","array":[0,0,0,0,0,0,1,1,1,1]}},{"__type__":"cc.Node","_name":"num","_parent":{"__id__":41},"_components":[{"__type__":"cc.Sprite","node":{"__id__":43},"_spriteFrame":{"__uuid__":"e0vJWxcKtC+4EavzuLPumQ"},"_sizeMode":0,"_isTrimmedMode":false}],"_prefab":{"__type__":"cc.PrefabInfo","root":{"__id__":1},"asset":{"__uuid__":"2cxIQ4Y1tKd43QfUxyASyG"},"fileId":"aenVVDL5dObZHSKqhUhrCI"},"_contentSize":{"__type__":"cc.Size","width":26,"height":32},"_trs":{"__type__":"TypedArray","ctor":"Float64Array","array":[-31.2,46.9,0,0,0,0,1,1,1,1]}},{"__type__":"cc.Node","_name":"icon","_parent":{"__id__":41},"_components":[{"__type__":"cc.Sprite","node":{"__id__":44},"_spriteFrame":{"__uuid__":"30dHDWcz9Hto/OHDvq2O0u"},"_sizeMode":0,"_isTrimmedMode":false}],"_prefab":{"__type__":"cc.PrefabInfo","root":{"__id__":1},"asset":{"__uuid__":"2cxIQ4Y1tKd43QfUxyASyG"},"fileId":"09wkabi/hJ16EPP9d5E7Nf"},"_contentSize":{"__type__":"cc.Size","width":96,"height":132},"_trs":{"__type__":"TypedArray","ctor":"Float64Array","array":[0,0,0,0,0,0,1,1,1,1]}},{"__type__":"cc.Node","_name":"icon_1","_parent":{"__id__":41},"_components":[{"__type__":"cc.Sprite","node":{"__id__":45},"_spriteFrame":{"__uuid__":"24iBwDLdxP3LEl3J8eTyVP"},"_sizeMode":0,"_isTrimmedMode":false}],"_prefab":{"__type__":"cc.PrefabInfo","root":{"__id__":1},"asset":{"__uuid__":"2cxIQ4Y1tKd43QfUxyASyG"},"fileId":"8axJYYCsZLerVBcsqzRhYH"},"_contentSize":{"__type__":"cc.Size","width":96,"height":132},"_trs":{"__type__":"TypedArray","ctor":"Float64Array","array":[0,0,0,0,0,0,1,1,1,1]}},{"__type__":"cc.Node","_name":"poker_back","_parent":{"__id__":41},"_active":false,"_components":[{"__type__":"cc.Sprite","node":{"__id__":46},"_spriteFrame":{"__uuid__":"7fhb8aVadKgKkU/Zrbw95J"},"_sizeMode":0}],"_prefab":{"__type__":"cc.PrefabInfo","root":{"__id__":1},"asset":{"__uuid__":"2cxIQ4Y1tKd43QfUxyASyG"},"fileId":"851osvyuJEo4U48nUAJDPr"},"_contentSize":{"__type__":"cc.Size","width":96,"height":132},"_trs":{"__type__":"TypedArray","ctor":"Float64Array","array":[0,0,0,0,0,0,1,1,1,1]}},{"__type__":"cc.Node","_name":"pxcn_cardPrefab","_parent":{"__id__":22},"_children":[{"__id__":48},{"__id__":49},{"__id__":50},{"__id__":51},{"__id__":52}],"_active":false,"_prefab":{"__type__":"cc.PrefabInfo","root":{"__id__":1},"asset":{"__uuid__":"2cxIQ4Y1tKd43QfUxyASyG"},"fileId":"5euL/usBRG7qTlrZ9dBgml"},"_contentSize":{"__type__":"cc.Size","width":96,"height":132},"_trs":{"__type__":"TypedArray","ctor":"Float64Array","array":[45,0,0,0,0,0,1,1,1,1]}},{"__type__":"cc.Node","_name":"bg_poker","_parent":{"__id__":47},"_components":[{"__type__":"cc.Sprite","node":{"__id__":48},"_spriteFrame":{"__uuid__":"00bHYL//lI95M+zBsJImfw"},"_sizeMode":0,"_isTrimmedMode":false}],"_prefab":{"__type__":"cc.PrefabInfo","root":{"__id__":1},"asset":{"__uuid__":"2cxIQ4Y1tKd43QfUxyASyG"},"fileId":"26Idwz6zVEJLVPdPassiPG"},"_contentSize":{"__type__":"cc.Size","width":96,"height":132},"_trs":{"__type__":"TypedArray","ctor":"Float64Array","array":[0,0,0,0,0,0,1,1,1,1]}},{"__type__":"cc.Node","_name":"num","_parent":{"__id__":47},"_components":[{"__type__":"cc.Sprite","node":{"__id__":49},"_spriteFrame":{"__uuid__":"e0vJWxcKtC+4EavzuLPumQ"},"_sizeMode":0,"_isTrimmedMode":false}],"_prefab":{"__type__":"cc.PrefabInfo","root":{"__id__":1},"asset":{"__uuid__":"2cxIQ4Y1tKd43QfUxyASyG"},"fileId":"42BU/8Ap5GCL6gNcNcmjhG"},"_contentSize":{"__type__":"cc.Size","width":26,"height":32},"_trs":{"__type__":"TypedArray","ctor":"Float64Array","array":[-31.2,46.9,0,0,0,0,1,1,1,1]}},{"__type__":"cc.Node","_name":"icon","_parent":{"__id__":47},"_components":[{"__type__":"cc.Sprite","node":{"__id__":50},"_spriteFrame":{"__uuid__":"30dHDWcz9Hto/OHDvq2O0u"},"_sizeMode":0,"_isTrimmedMode":false}],"_prefab":{"__type__":"cc.PrefabInfo","root":{"__id__":1},"asset":{"__uuid__":"2cxIQ4Y1tKd43QfUxyASyG"},"fileId":"c5H0riMOBChaoEeRjdkSVt"},"_contentSize":{"__type__":"cc.Size","width":96,"height":132},"_trs":{"__type__":"TypedArray","ctor":"Float64Array","array":[0,0,0,0,0,0,1,1,1,1]}},{"__type__":"cc.Node","_name":"icon_1","_parent":{"__id__":47},"_components":[{"__type__":"cc.Sprite","node":{"__id__":51},"_spriteFrame":{"__uuid__":"24iBwDLdxP3LEl3J8eTyVP"},"_sizeMode":0,"_isTrimmedMode":false}],"_prefab":{"__type__":"cc.PrefabInfo","root":{"__id__":1},"asset":{"__uuid__":"2cxIQ4Y1tKd43QfUxyASyG"},"fileId":"11TAmfBthFZY6c4H4XpY8C"},"_contentSize":{"__type__":"cc.Size","width":96,"height":132},"_trs":{"__type__":"TypedArray","ctor":"Float64Array","array":[0,0,0,0,0,0,1,1,1,1]}},{"__type__":"cc.Node","_name":"poker_back","_parent":{"__id__":47},"_active":false,"_components":[{"__type__":"cc.Sprite","node":{"__id__":52},"_spriteFrame":{"__uuid__":"7fhb8aVadKgKkU/Zrbw95J"},"_sizeMode":0}],"_prefab":{"__type__":"cc.PrefabInfo","root":{"__id__":1},"asset":{"__uuid__":"2cxIQ4Y1tKd43QfUxyASyG"},"fileId":"76bw4bJy1Nqp+g88UODb5M"},"_contentSize":{"__type__":"cc.Size","width":96,"height":132},"_trs":{"__type__":"TypedArray","ctor":"Float64Array","array":[0,0,0,0,0,0,1,1,1,1]}},{"__type__":"cc.Node","_name":"lb_dianshu","_parent":{"__id__":1},"_components":[{"__type__":"cc.Label","node":{"__id__":53},"_materials":[{"__uuid__":"ecpdLyjvZBwrvm+cedCcQy"}],"_useOriginalSize":false,"_string":"1点","_N$string":"1点","_fontSize":32,"_N$file":{"__uuid__":"18bBg5VZ1BbqEh8HJQTNe0"},"_isSystemFontUsed":false,"_spacingX":15,"_N$horizontalAlign":1,"_N$verticalAlign":1}],"_prefab":{"__type__":"cc.PrefabInfo","root":{"__id__":1},"asset":{"__uuid__":"2cxIQ4Y1tKd43QfUxyASyG"},"fileId":"a0yMOcxf5L6aXcytQd9qCD"},"_contentSize":{"__type__":"cc.Size","width":97,"height":40},"_trs":{"__type__":"TypedArray","ctor":"Float64Array","array":[106.7,-44,0,0,0,0,1,1,1,1]}}],{"__type__":"cc.SpriteFrame","content":{"name":"zhuangjia","texture":"e4o8M5LvtLq4odj4aIDLv1","rect":[0,0,48,48],"offset":[0,0],"originalSize":[48,48],"capInsets":[0,0,0,0]}},{"__type__":"cc.SpriteFrame","content":{"name":"bg_spade1_1","texture":"73sPXfpXVAYb9kbLAw0hxg","rect":[11,59,28,32],"offset":[-42,17.5],"originalSize":[134,185],"capInsets":[0,0,0,0]}},{"__type__":"cc.SpriteFrame","content":{"name":"icon_ct","texture":"89dMoCS/JAa4mjgEAaXPFU","rect":[0,0,129,67],"offset":[0,0],"originalSize":[129,67],"capInsets":[0,0,0,0]}},{"__type__":"cc.SpriteFrame","content":{"name":"icon_dzm","texture":"73IJ1Jy5hB4oTD5Y0UA2Kd","rect":[0,0,80,69],"offset":[0,0],"originalSize":[80,69],"capInsets":[0,0,0,0]}},{"__type__":"cc.SpriteFrame","content":{"name":"bg_head","texture":"92mibFlSJIUb7D7wDFGjTY","rect":[0,0,85,85],"offset":[0,0],"originalSize":[85,85],"capInsets":[0,0,0,0]}},{"__type__":"cc.SpriteFrame","content":{"name":"poker_back1","texture":"821S4dezRMe6aQGPNzTDUX","rect":[1,1,131,182],"offset":[-0.5,0.5],"originalSize":[134,185],"capInsets":[0,0,0,0]}},{"__type__":"cc.SpriteFrame","content":{"name":"bg_head01","texture":"61E8widLFI6q5dRAbHJxp6","rect":[0,0,79,79],"offset":[0,0],"originalSize":[79,79],"capInsets":[0,0,0,0]}},{"__type__":"cc.SpriteFrame","content":{"name":"poker_back2","texture":"3f0+1R7glPwYRuOl6U2Yto","rect":[2,1,130,182],"offset":[0,0.5],"originalSize":[134,185],"capInsets":[0,0,0,0]}},{"__type__":"cc.SpriteFrame","content":{"name":"black_3","texture":"16qv13AhpBarXGjfDVpOOQ","rect":[4,1,27,42],"offset":[-0.5,0.5],"originalSize":[36,45],"capInsets":[0,0,0,0]}},{"__type__":"cc.SpriteFrame","content":{"name":"morentouxiang","texture":"189664600","rect":[181,652,60,60],"offset":[0,0],"originalSize":[60,60],"capInsets":[0,0,0,0]}},{"__type__":"cc.SpriteFrame","content":{"name":"icon_fz","texture":"9adJr9qTtLHK7dHDWUpv+6","rect":[0,0,42,35],"offset":[-0.5,0.5],"originalSize":[43,36],"capInsets":[0,0,0,0]}}]