{"__type__":"sp.SkeletonData","_name":"sp_effect_thss","_skeletonJson":{"skeleton":{"hash":"FtVhfJfXcxhbUFrOL+4nAwig6vk","spine":"3.6.53","width":0,"height":0,"images":"./sp_effect_thss_ReversePic/"},"bones":[{"name":"root"},{"name":"hua_1","parent":"root","x":193.85,"y":-120.3},{"name":"hua_2","parent":"root","x":-100.66,"y":-58.91},{"name":"hua_3","parent":"root","x":174.24,"y":-30.6},{"name":"huangguan","parent":"root","x":27.12,"y":46.22},{"name":"point","parent":"root"},{"name":"point2","parent":"root"},{"name":"point3","parent":"root"},{"name":"point4","parent":"root"},{"name":"point5","parent":"root"},{"name":"point6","parent":"root"},{"name":"point7","parent":"root"},{"name":"point8","parent":"root"},{"name":"point9","parent":"root"},{"name":"point11","parent":"root"},{"name":"point12","parent":"root"},{"name":"point13","parent":"root"},{"name":"ren","parent":"root","x":13.24,"y":-0.55},{"name":"ren2","parent":"root","x":13.24,"y":-0.55},{"name":"sg","parent":"root","x":27.33,"y":-65.76},{"name":"ye_1","parent":"root","x":-200.06,"y":-63.66},{"name":"ye_2","parent":"root","rotation":-32.59,"x":-191.51,"y":-34.68},{"name":"ye_3","parent":"root","rotation":21.6,"x":295.68,"y":-100.78,"scaleX":0.791,"scaleY":0.791},{"name":"ye_4","parent":"root","rotation":-13.52,"x":278.56,"y":-90.18,"scaleX":0.67,"scaleY":0.67},{"name":"ye_5","parent":"root","rotation":13.49,"x":308.72,"y":-102.41,"scaleX":-0.701,"scaleY":0.7},{"name":"zi","parent":"root","x":27.33,"y":-65.76},{"name":"zi2","parent":"root","x":27.33,"y":-65.76},{"name":"zt","parent":"root","x":351.43,"y":-1.78}],"slots":[{"name":"zt","bone":"zt"},{"name":"ren","bone":"ren"},{"name":"ren2","bone":"ren2","blend":"additive"},{"name":"ye_1","bone":"ye_1"},{"name":"ye_2","bone":"ye_2"},{"name":"ye_3","bone":"ye_3"},{"name":"ye_4","bone":"ye_4"},{"name":"ye_5","bone":"ye_5"},{"name":"hua_1","bone":"hua_1"},{"name":"hua_2","bone":"hua_2"},{"name":"hua_3","bone":"hua_3"},{"name":"huangguan","bone":"huangguan"},{"name":"zi","bone":"zi"},{"name":"zi2","bone":"zi2","blend":"additive"},{"name":"point","bone":"point","blend":"additive"},{"name":"point12","bone":"point12","blend":"additive"},{"name":"point13","bone":"point13","blend":"additive"},{"name":"point3","bone":"point3","blend":"additive"},{"name":"point4","bone":"point4","blend":"additive"},{"name":"point5","bone":"point5","blend":"additive"},{"name":"point6","bone":"point6","blend":"additive"},{"name":"point2","bone":"point2","blend":"additive"},{"name":"point9","bone":"point9","blend":"additive"},{"name":"point7","bone":"point7","blend":"additive"},{"name":"point8","bone":"point8","blend":"additive"},{"name":"point11","bone":"point11","blend":"additive"},{"name":"sg/sg","bone":"sg","blend":"additive"},{"name":"sg/sg2","bone":"sg","blend":"additive"}],"skins":{"default":{"hua_1":{"hua_1":{"x":108.46,"y":85.08,"width":248,"height":226}},"hua_2":{"hua_2":{"x":-66.38,"y":76.67,"width":266,"height":257}},"hua_3":{"hua_3":{"x":47.34,"y":54.84,"width":227,"height":255}},"huangguan":{"huangguan":{"y":0.5,"width":156,"height":97}},"point":{"point":{"width":100,"height":100}},"point11":{"point":{"width":100,"height":100}},"point12":{"point":{"rotation":-33.65,"width":100,"height":100}},"point13":{"point":{"rotation":-33.65,"width":100,"height":100}},"point2":{"point":{"width":100,"height":100}},"point3":{"point":{"width":100,"height":100}},"point4":{"point":{"width":100,"height":100}},"point5":{"point":{"width":100,"height":100}},"point6":{"point":{"width":100,"height":100}},"point7":{"point":{"width":100,"height":100}},"point8":{"point":{"width":100,"height":100}},"point9":{"point":{"width":100,"height":100}},"ren":{"ren":{"x":38.06,"y":85.35,"width":619,"height":589}},"ren2":{"ren":{"x":38.06,"y":85.35,"width":619,"height":589}},"sg/sg":{"sg/sg_00000":{"x":0.5,"width":279,"height":96},"sg/sg_00002":{"x":0.5,"width":279,"height":96},"sg/sg_00004":{"x":0.5,"width":279,"height":96},"sg/sg_00006":{"x":0.5,"width":279,"height":96},"sg/sg_00008":{"x":0.5,"width":279,"height":96},"sg/sg_00010":{"x":0.5,"width":279,"height":96},"sg/sg_00012":{"x":0.5,"width":279,"height":96},"sg/sg_00014":{"x":0.5,"width":279,"height":96},"sg/sg_00016":{"x":0.5,"width":279,"height":96},"sg/sg_00018":{"x":0.5,"width":279,"height":96},"sg/sg_00020":{"x":0.5,"width":279,"height":96}},"sg/sg2":{"sg/sg_00000":{"x":0.5,"width":279,"height":96},"sg/sg_00002":{"x":0.5,"width":279,"height":96},"sg/sg_00004":{"x":0.5,"width":279,"height":96},"sg/sg_00006":{"x":0.5,"width":279,"height":96},"sg/sg_00008":{"x":0.5,"width":279,"height":96},"sg/sg_00010":{"x":0.5,"width":279,"height":96},"sg/sg_00012":{"x":0.5,"width":279,"height":96},"sg/sg_00014":{"x":0.5,"width":279,"height":96},"sg/sg_00016":{"x":0.5,"width":279,"height":96},"sg/sg_00018":{"x":0.5,"width":279,"height":96},"sg/sg_00020":{"x":0.5,"width":279,"height":96}},"ye_1":{"ye_1":{"x":-24.27,"y":-39.71,"width":64,"height":84}},"ye_2":{"ye_1":{"x":-24.27,"y":-39.71,"width":64,"height":84}},"ye_3":{"ye_1":{"x":-24.27,"y":-39.71,"width":64,"height":84}},"ye_4":{"ye_1":{"x":-24.27,"y":-39.71,"width":64,"height":84}},"ye_5":{"ye_1":{"x":-24.27,"y":-39.71,"width":64,"height":84}},"zi":{"zi":{"y":0.5,"width":492,"height":133}},"zi2":{"zi":{"y":0.5,"width":492,"height":133}},"zt":{"zt_1":{"x":27.76,"y":38.54,"width":64,"height":92}}}},"animations":{"animation":{"slots":{"hua_1":{"color":[{"time":0.2667,"color":"ffffff7a"},{"time":0.3333,"color":"ffffffff"}],"attachment":[{"time":0.2667,"name":"hua_1"}]},"hua_2":{"color":[{"time":0.4,"color":"ffffff7c"},{"time":0.4667,"color":"ffffffff"}],"attachment":[{"time":0.4,"name":"hua_2"}]},"hua_3":{"color":[{"time":0.4667,"color":"ffffff7e"},{"time":0.5333,"color":"ffffffff"}],"attachment":[{"time":0.4667,"name":"hua_3"}]},"huangguan":{"color":[{"time":0.2667,"color":"ffffff5f"},{"time":0.3333,"color":"ffffffff"}],"attachment":[{"time":0.2667,"name":"huangguan"}]},"point":{"attachment":[{"time":0.6667,"name":"point"}]},"point2":{"attachment":[{"time":1,"name":"point"}]},"point3":{"attachment":[{"time":1.3333,"name":"point"}]},"point4":{"attachment":[{"time":1.5,"name":"point"}]},"point5":{"attachment":[{"time":0.8667,"name":"point"}]},"point6":{"attachment":[{"time":0.8667,"name":"point"}]},"point7":{"attachment":[{"time":1.6667,"name":"point"}]},"point8":{"attachment":[{"time":1.2667,"name":"point"}]},"point9":{"attachment":[{"time":0.8333,"name":"point"}]},"point11":{"attachment":[{"time":0.5,"name":"point"}]},"point12":{"attachment":[{"time":1,"name":"point"}]},"point13":{"attachment":[{"time":1.3333,"name":"point"}]},"ren":{"color":[{"time":0,"color":"ffffff3b"},{"time":0.2667,"color":"ffffffff"}],"attachment":[{"time":0,"name":"ren"}]},"ren2":{"color":[{"time":0.3667,"color":"ffffffff"},{"time":0.7667,"color":"ffffff00"}],"attachment":[{"time":0.2667,"name":"ren"}]},"sg/sg":{"attachment":[{"time":0.9,"name":"sg/sg_00000"},{"time":1,"name":"sg/sg_00002"},{"time":1.1,"name":"sg/sg_00004"},{"time":1.2,"name":"sg/sg_00006"},{"time":1.3,"name":"sg/sg_00008"},{"time":1.4,"name":"sg/sg_00010"},{"time":1.5,"name":"sg/sg_00012"},{"time":1.6,"name":"sg/sg_00014"},{"time":1.7,"name":"sg/sg_00016"},{"time":1.8,"name":"sg/sg_00018"},{"time":1.9,"name":"sg/sg_00020"},{"time":2,"name":null}]},"sg/sg2":{"color":[{"time":0.9,"color":"ffffff78"}],"attachment":[{"time":0.9,"name":"sg/sg_00000"},{"time":1,"name":"sg/sg_00002"},{"time":1.1,"name":"sg/sg_00004"},{"time":1.2,"name":"sg/sg_00006"},{"time":1.3,"name":"sg/sg_00008"},{"time":1.4,"name":"sg/sg_00010"},{"time":1.5,"name":"sg/sg_00012"},{"time":1.6,"name":"sg/sg_00014"},{"time":1.7,"name":"sg/sg_00016"},{"time":1.8,"name":"sg/sg_00018"},{"time":1.9,"name":"sg/sg_00020"},{"time":2,"name":null}]},"ye_1":{"color":[{"time":0.3667,"color":"ffffff80"},{"time":0.4667,"color":"ffffffff"}],"attachment":[{"time":0.3667,"name":"ye_1"}]},"ye_2":{"color":[{"time":0.5333,"color":"ffffff80"},{"time":0.6333,"color":"ffffffff"}],"attachment":[{"time":0.5333,"name":"ye_1"}]},"ye_3":{"color":[{"time":0.4333,"color":"ffffff80"},{"time":0.5333,"color":"ffffffff"}],"attachment":[{"time":0.4333,"name":"ye_1"}]},"ye_4":{"color":[{"time":0.5333,"color":"ffffff80"},{"time":0.6333,"color":"ffffffff"}],"attachment":[{"time":0.5333,"name":"ye_1"}]},"ye_5":{"color":[{"time":0.4,"color":"ffffff80"},{"time":0.5,"color":"ffffffff"}],"attachment":[{"time":0.4,"name":"ye_1"}]},"zi":{"color":[{"time":0.0667,"color":"ffffff25"},{"time":0.2,"color":"ffffffb8"},{"time":0.2667,"color":"ffffffff"}],"attachment":[{"time":0.0667,"name":"zi"}]},"zi2":{"color":[{"time":0.3667,"color":"ffffffff"},{"time":0.7667,"color":"ffffff00"}],"attachment":[{"time":0.2667,"name":"zi"}]},"zt":{"color":[{"time":0.4,"color":"ffffff80"},{"time":0.4667,"color":"ffffffff"}],"attachment":[{"time":0.4,"name":"zt_1"}]}},"bones":{"hua_1":{"scale":[{"time":0.2667,"x":0.7,"y":0.699,"curve":[0,0.19,0.75,1]},{"time":0.4,"x":1.08,"y":1.08,"curve":[0.25,0,1,0.82]},{"time":0.5667,"x":0.948,"y":0.948},{"time":0.7333,"x":1,"y":1}]},"hua_2":{"scale":[{"time":0.4,"x":0.82,"y":0.82,"curve":[0,0.19,0.75,1]},{"time":0.5333,"x":1.08,"y":1.08,"curve":[0.25,0,1,0.82]},{"time":0.7,"x":0.948,"y":0.948},{"time":0.8667,"x":1,"y":1}]},"hua_3":{"scale":[{"time":0.4667,"x":0.8,"y":0.8,"curve":[0,0.19,0.75,1]},{"time":0.6,"x":1.08,"y":1.08,"curve":[0.25,0,1,0.82]},{"time":0.7667,"x":0.95,"y":0.95},{"time":0.9333,"x":1,"y":1}]},"huangguan":{"rotate":[{"time":0.2667,"angle":180},{"time":0.6,"angle":0}],"translate":[{"time":0.2667,"x":0,"y":-47.61,"curve":[0,0.17,0.75,1]},{"time":0.4333,"x":0,"y":77.77,"curve":[0.25,0,1,0.81]},{"time":0.6,"x":0,"y":0},{"time":0.7,"x":0,"y":5.29},{"time":0.8,"x":0,"y":0}]},"point":{"rotate":[{"time":0.6667,"angle":0},{"time":1.6667,"angle":62.63}],"translate":[{"time":0.6667,"x":-253.98,"y":84.1}],"scale":[{"time":0.6667,"x":0,"y":0,"curve":[0,0.19,0.75,1]},{"time":1.1667,"x":1.71,"y":1.71,"curve":[0.25,0,1,0.8]},{"time":1.6667,"x":0,"y":0}]},"point2":{"rotate":[{"time":1,"angle":0},{"time":2.2,"angle":62.63}],"translate":[{"time":1,"x":369.06,"y":-113.25}],"scale":[{"time":1,"x":0,"y":0,"curve":[0,0.19,0.75,1]},{"time":1.6,"x":2.803,"y":2.803,"curve":[0.25,0,1,0.8]},{"time":2.2,"x":0,"y":0}]},"point3":{"rotate":[{"time":1.3333,"angle":0},{"time":2.3333,"angle":62.63}],"translate":[{"time":1.3333,"x":137.46,"y":167.28},{"time":2.3333,"x":146.23,"y":176.06}],"scale":[{"time":1.3333,"x":0,"y":0,"curve":[0,0.19,0.75,1]},{"time":1.8333,"x":1.71,"y":1.71,"curve":[0.25,0,1,0.8]},{"time":2.3333,"x":0,"y":0}]},"point4":{"rotate":[{"time":1.5,"angle":0},{"time":2.6333,"angle":62.63}],"translate":[{"time":1.5,"x":-254.79,"y":-117.18,"curve":[0,0.19,0.75,1]},{"time":2.6333,"x":-248.16,"y":-140.59}],"scale":[{"time":1.5,"x":0,"y":0,"curve":[0,0.19,0.75,1]},{"time":2.0667,"x":1.114,"y":1.114,"curve":[0.25,0,1,0.8]},{"time":2.6333,"x":0,"y":0}]},"point5":{"rotate":[{"time":0.8667,"angle":0},{"time":2,"angle":62.63}],"translate":[{"time":0.8667,"x":-261.33,"y":-48.47,"curve":[0,0.21,0.75,1]},{"time":2,"x":-277.61,"y":-72.69}],"scale":[{"time":0.8667,"x":0,"y":0,"curve":[0,0.19,0.75,1]},{"time":1.4333,"x":0.632,"y":0.632,"curve":[0.25,0,1,0.8]},{"time":2,"x":0,"y":0}]},"point6":{"rotate":[{"time":0.8667,"angle":0},{"time":2,"angle":62.63}],"translate":[{"time":0.8667,"x":270.24,"y":-145.31},{"time":1.4333,"x":273.36,"y":-160.03},{"time":2,"x":280.34,"y":-167.34}],"scale":[{"time":0.8667,"x":0,"y":0,"curve":[0,0.19,0.75,1]},{"time":1.4333,"x":0.752,"y":0.752,"curve":[0.25,0,1,0.8]},{"time":2,"x":0,"y":0}]},"point7":{"rotate":[{"time":1.6667,"angle":0},{"time":2.8667,"angle":62.63}],"translate":[{"time":1.6667,"x":-112.79,"y":70.98}],"scale":[{"time":1.6667,"x":0,"y":0,"curve":[0,0.19,0.75,1]},{"time":2.2667,"x":1.069,"y":1.069,"curve":[0.218,0,0.607,0.43]},{"time":2.8667,"x":0,"y":0}]},"point8":{"rotate":[{"time":1.2667,"angle":0},{"time":2.6,"angle":62.63}],"translate":[{"time":1.2667,"x":-16.88,"y":277.95},{"time":2.6,"x":-14.49,"y":274.78}],"scale":[{"time":1.2667,"x":0,"y":0,"curve":[0,0.19,0.75,1]},{"time":1.9333,"x":1.069,"y":1.069,"curve":[0.218,0,0.607,0.43]},{"time":2.6,"x":0,"y":0}]},"point9":{"rotate":[{"time":0.8333,"angle":0},{"time":2.0333,"angle":62.63}],"translate":[{"time":0.8333,"x":78.69,"y":63.99}],"scale":[{"time":0.8333,"x":0,"y":0,"curve":[0,0.19,0.75,1]},{"time":1.4333,"x":1.348,"y":1.348,"curve":[0.25,0,1,0.8]},{"time":2.0333,"x":0,"y":0}]},"point11":{"rotate":[{"time":0.5,"angle":0},{"time":1.8333,"angle":62.63}],"translate":[{"time":0.5,"x":165.21,"y":76.17}],"scale":[{"time":0.5,"x":0,"y":0,"curve":[0,0.19,0.75,1]},{"time":1.1667,"x":1.068,"y":1.068,"curve":[0.218,0,0.607,0.43]},{"time":1.8333,"x":0,"y":0}]},"point12":{"translate":[{"time":1,"x":247.58,"y":3.54},{"time":2.1333,"x":55.78,"y":-4.85}],"scale":[{"time":1,"x":0,"y":0,"curve":[0,0.19,0.75,1]},{"time":1.5667,"x":8.548,"y":1.71,"curve":[0.25,0,1,0.8]},{"time":2.1333,"x":0,"y":0}]},"point13":{"translate":[{"time":1.3333,"x":-207.73,"y":-117.89},{"time":2.4,"x":102.88,"y":-119.57}],"scale":[{"time":1.3333,"x":0,"y":0,"curve":[0,0.19,0.75,1]},{"time":1.8667,"x":8.548,"y":1.71,"curve":[0.25,0,1,0.8]},{"time":2.4,"x":0,"y":0}]},"ren":{"scale":[{"time":0,"x":0.701,"y":0.701},{"time":0.2667,"x":1,"y":1,"curve":"stepped"},{"time":0.5,"x":1,"y":1,"curve":[0.25,0,0.75,1]},{"time":1.0667,"x":1.02,"y":1.019,"curve":[0.25,0,0.75,1]},{"time":1.6333,"x":1,"y":1,"curve":[0.25,0,0.75,1]},{"time":2.2,"x":1.019,"y":1.019,"curve":[0.25,0,0.75,1]},{"time":2.8,"x":1,"y":1}]},"ren2":{"scale":[{"time":0.2667,"x":1,"y":1},{"time":0.3667,"x":1.09,"y":1.09},{"time":0.7667,"x":1.15,"y":1.15}]},"sg":{"translate":[{"time":0.9,"x":-1.18,"y":15.35}],"scale":[{"time":0.9,"x":2.02,"y":2.02}]},"ye_1":{"scale":[{"time":0.3667,"x":0.91,"y":0.91,"curve":[0,0.2,0.75,1]},{"time":0.5333,"x":1.1,"y":1.1,"curve":[0.25,0,1,0.82]},{"time":0.7,"x":0.95,"y":0.95},{"time":0.8667,"x":1,"y":1}]},"ye_2":{"scale":[{"time":0.5333,"x":0.91,"y":0.91,"curve":[0,0.2,0.75,1]},{"time":0.7,"x":1.1,"y":1.1,"curve":[0.25,0,1,0.82]},{"time":0.8667,"x":0.95,"y":0.95},{"time":1.0333,"x":1,"y":1}]},"ye_3":{"scale":[{"time":0.4333,"x":0.91,"y":0.91,"curve":[0,0.2,0.75,1]},{"time":0.6,"x":1.087,"y":1.087,"curve":[0.25,0,1,0.82]},{"time":0.7667,"x":0.935,"y":0.935},{"time":0.9333,"x":1,"y":1}]},"ye_4":{"scale":[{"time":0.5333,"x":0.91,"y":0.91,"curve":[0,0.2,0.75,1]},{"time":0.7,"x":1.12,"y":1.12,"curve":[0.25,0,1,0.82]},{"time":0.8667,"x":0.941,"y":0.941},{"time":1.0333,"x":1,"y":1}]},"ye_5":{"scale":[{"time":0.4,"x":0.91,"y":0.91,"curve":[0,0.2,0.75,1]},{"time":0.5667,"x":1.156,"y":1.157,"curve":[0.25,0,1,0.82]},{"time":0.7,"x":0.942,"y":0.943},{"time":0.8333,"x":1,"y":1}]},"zi":{"scale":[{"time":0.0667,"x":2.478,"y":2.478},{"time":0.2,"x":2.194,"y":2.194},{"time":0.2667,"x":0.865,"y":0.865,"curve":[0,0.18,0.75,1]},{"time":0.3333,"x":1.11,"y":1.11,"curve":[0.25,0,1,0.83]},{"time":0.4667,"x":1,"y":1}]},"zi2":{"scale":[{"time":0.2667,"x":0.865,"y":0.865},{"time":0.3667,"x":1.274,"y":1.437},{"time":0.7667,"x":1.479,"y":1.696}]},"zt":{"scale":[{"time":0.4,"x":0.854,"y":0.854,"curve":[0,0.19,0.75,1]},{"time":0.5333,"x":1.079,"y":1.079,"curve":[0.25,0,1,0.81]},{"time":0.6667,"x":0.961,"y":0.961},{"time":0.8,"x":1,"y":1}]}}}}},"_atlasText":"\nsp_effect_thss.png\nsize: 1023,1023\nformat: RGBA8888\nfilter: Linear,Linear\nrepeat: none\nhua_1\n  rotate: false\n  xy: 623, 536\n  size: 248, 226\n  orig: 248, 226\n  offset: 0, 0\n  index: -1\nhua_2\n  rotate: false\n  xy: 623, 764\n  size: 266, 257\n  orig: 266, 257\n  offset: 0, 0\n  index: -1\nhua_3\n  rotate: false\n  xy: 2, 40\n  size: 227, 255\n  orig: 227, 255\n  offset: 0, 0\n  index: -1\nhuangguan\n  rotate: false\n  xy: 231, 2\n  size: 156, 97\n  orig: 156, 97\n  offset: 0, 0\n  index: -1\npoint\n  rotate: false\n  xy: 873, 640\n  size: 100, 100\n  orig: 100, 100\n  offset: 0, 0\n  index: -1\nren\n  rotate: false\n  xy: 2, 432\n  size: 619, 589\n  orig: 619, 589\n  offset: 0, 0\n  index: -1\nsg/sg_00000\n  rotate: false\n  xy: 231, 199\n  size: 279, 96\n  orig: 279, 96\n  offset: 0, 0\n  index: -1\nsg/sg_00002\n  rotate: false\n  xy: 231, 101\n  size: 279, 96\n  orig: 279, 96\n  offset: 0, 0\n  index: -1\nsg/sg_00004\n  rotate: true\n  xy: 891, 742\n  size: 279, 96\n  orig: 279, 96\n  offset: 0, 0\n  index: -1\nsg/sg_00006\n  rotate: false\n  xy: 623, 438\n  size: 279, 96\n  orig: 279, 96\n  offset: 0, 0\n  index: -1\nsg/sg_00008\n  rotate: false\n  xy: 623, 340\n  size: 279, 96\n  orig: 279, 96\n  offset: 0, 0\n  index: -1\nsg/sg_00010\n  rotate: true\n  xy: 512, 151\n  size: 279, 96\n  orig: 279, 96\n  offset: 0, 0\n  index: -1\nsg/sg_00012\n  rotate: false\n  xy: 610, 242\n  size: 279, 96\n  orig: 279, 96\n  offset: 0, 0\n  index: -1\nsg/sg_00014\n  rotate: false\n  xy: 610, 144\n  size: 279, 96\n  orig: 279, 96\n  offset: 0, 0\n  index: -1\nsg/sg_00016\n  rotate: false\n  xy: 512, 46\n  size: 279, 96\n  orig: 279, 96\n  offset: 0, 0\n  index: -1\nsg/sg_00018\n  rotate: true\n  xy: 891, 59\n  size: 279, 96\n  orig: 279, 96\n  offset: 0, 0\n  index: -1\nsg/sg_00020\n  rotate: true\n  xy: 904, 359\n  size: 279, 96\n  orig: 279, 96\n  offset: 0, 0\n  index: -1\nye_1\n  rotate: false\n  xy: 793, 58\n  size: 64, 84\n  orig: 64, 84\n  offset: 0, 0\n  index: -1\nzi\n  rotate: false\n  xy: 2, 297\n  size: 492, 133\n  orig: 492, 133\n  offset: 0, 0\n  index: -1\nzt_1\n  rotate: false\n  xy: 389, 7\n  size: 64, 92\n  orig: 64, 92\n  offset: 0, 0\n  index: -1\n","textures":[{"__uuid__":"8fTsSg3KRKRoo3mzk12x5J"}],"textureNames":["sp_effect_thss.png"]}