[{"__type__":"cc.SpriteFrame","content":{"name":"btn_lvse","texture":"a9jCHYt29CN4nNfwqCH1sh","rect":[0,0,201,72],"offset":[0,0],"originalSize":[201,72],"capInsets":[0,0,0,0]}},{"__type__":"cc.SpriteFrame","content":{"name":"img_srk","texture":"4fF0MdCJxNAZIBzGY6bjxs","rect":[0,0,278,53],"offset":[0,0],"originalSize":[278,53],"capInsets":[0,0,0,0]}},{"__type__":"cc.SpriteFrame","content":{"name":"default_btn_disabled","texture":"71VhFCTINJM6/Ky3oX9nBT","rect":[0,0,40,40],"offset":[0,0],"originalSize":[40,40],"capInsets":[12,12,12,12]}},{"__type__":"cc.SpriteFrame","content":{"name":"guanbi","texture":"189664600","rect":[2,779,60,66],"offset":[0,0],"originalSize":[60,66],"rotated":1,"capInsets":[0,0,0,0]}},[{"__type__":"cc.Prefab","_name":"UIPromoterSetActive","data":{"__id__":1}},{"__type__":"cc.Node","_name":"UIPromoterSetActive","_children":[{"__id__":2},{"__id__":3},{"__id__":4},{"__id__":5},{"__id__":6},{"__id__":8},{"__id__":10},{"__id__":11},{"__id__":15},{"__id__":16},{"__id__":23},{"__id__":24}],"_components":[{"__type__":"cc.Widget","node":{"__id__":1},"alignMode":0,"_alignFlags":45,"_left":-100,"_right":-110},{"__type__":"cc.Button","node":{"__id__":1},"_N$normalColor":{"__type__":"cc.Color","r":214,"g":214,"b":214},"_N$target":{"__id__":1}},{"__type__":"d9f3e37j3JFqqDhqfLBTyzq","node":{"__id__":1},"ZorderLv":8}],"_prefab":{"__type__":"cc.PrefabInfo","root":{"__id__":1},"asset":{"__uuid__":"5b/8WBN5VI+JDjULNlUxsM"},"fileId":"ccb76QTU+dFxZuJZv82D3cZ"},"_contentSize":{"__type__":"cc.Size","width":1570,"height":760},"_trs":{"__type__":"TypedArray","ctor":"Float64Array","array":[685,380,0,0,0,0,1,1,1,1]}},{"__type__":"cc.Node","_name":"bg","_parent":{"__id__":1},"_components":[{"__type__":"cc.Sprite","node":{"__id__":2},"_materials":[{"__uuid__":"ecpdLyjvZBwrvm+cedCcQy"}],"_spriteFrame":{"__uuid__":"86Zf39gLpJiYJ0+npxhZ2d"},"_type":1,"_sizeMode":0},{"__type__":"cc.Widget","node":{"__id__":2},"alignMode":0,"_alignFlags":45,"_originalWidth":1360,"_originalHeight":1020}],"_prefab":{"__type__":"cc.PrefabInfo","root":{"__id__":1},"asset":{"__uuid__":"5b/8WBN5VI+JDjULNlUxsM"},"fileId":"c0c01OJl9BBv52IoGQ6g11D"},"_contentSize":{"__type__":"cc.Size","width":1570,"height":760},"_trs":{"__type__":"TypedArray","ctor":"Float64Array","array":[0,0,0,0,0,0,1,1,1,1]}},{"__type__":"cc.Node","_name":"bg_create","_parent":{"__id__":1},"_components":[{"__type__":"cc.Sprite","node":{"__id__":3},"_materials":[{"__uuid__":"ecpdLyjvZBwrvm+cedCcQy"}],"_spriteFrame":{"__uuid__":"8dpmteRW9G/LLq8uXEtxQ0"},"_type":1}],"_prefab":{"__type__":"cc.PrefabInfo","root":{"__id__":1},"asset":{"__uuid__":"5b/8WBN5VI+JDjULNlUxsM"},"fileId":"87adb0bxg1JAIQ0tTLkqH1G"},"_contentSize":{"__type__":"cc.Size","width":984,"height":607},"_trs":{"__type__":"TypedArray","ctor":"Float64Array","array":[0,0,0,0,0,0,1,1,1,1]}},{"__type__":"cc.Node","_name":"img_title","_parent":{"__id__":1},"_components":[{"__type__":"cc.Sprite","node":{"__id__":4},"_materials":[{"__uuid__":"ecpdLyjvZBwrvm+cedCcQy"}],"_spriteFrame":{"__uuid__":"7bswHmzoNECLEZG/HLjUvn"}}],"_prefab":{"__type__":"cc.PrefabInfo","root":{"__id__":1},"asset":{"__uuid__":"5b/8WBN5VI+JDjULNlUxsM"},"fileId":"b7EV5GBeRHjLALZKFodnPI"},"_contentSize":{"__type__":"cc.Size","width":190,"height":52},"_trs":{"__type__":"TypedArray","ctor":"Float64Array","array":[0,259,0,0,0,0,1,1,1,1]}},{"__type__":"cc.Node","_name":"btn_close","_parent":{"__id__":1},"_components":[{"__type__":"cc.Button","node":{"__id__":5},"zoomScale":0.9,"clickEvents":[{"__type__":"cc.ClickEvent","target":{"__id__":1},"_componentId":"d9f3e37j3JFqqDhqfLBTyzq","handler":"OnClick_BtnWnd"}],"_N$transition":3,"transition":3,"_N$pressedColor":{"__type__":"cc.Color","r":255,"g":255,"b":255},"pressedColor":{"__type__":"cc.Color","r":255,"g":255,"b":255},"_N$disabledColor":{"__type__":"cc.Color","r":255,"g":255,"b":255},"_N$normalSprite":{"__uuid__":"44LtTCo89GZbVww0gAMaAS"},"_N$pressedSprite":{"__uuid__":"e97GVMl6JHh5Ml5qEDdSGa"},"pressedSprite":{"__uuid__":"e97GVMl6JHh5Ml5qEDdSGa"},"_N$hoverSprite":{"__uuid__":"e97GVMl6JHh5Ml5qEDdSGa"},"hoverSprite":{"__uuid__":"e97GVMl6JHh5Ml5qEDdSGa"},"_N$disabledSprite":{"__uuid__":"29FYIk+N1GYaeWH/q1NxQO"},"_N$target":{"__id__":5}},{"__type__":"cc.Sprite","node":{"__id__":5},"_materials":[{"__uuid__":"ecpdLyjvZBwrvm+cedCcQy"}],"_spriteFrame":{"__uuid__":"d9ZhflMOxHW7JHl9dya866"}}],"_prefab":{"__type__":"cc.PrefabInfo","root":{"__id__":1},"asset":{"__uuid__":"5b/8WBN5VI+JDjULNlUxsM"},"fileId":"317ae7uOQRBTJB5jgHjmIma"},"_contentSize":{"__type__":"cc.Size","width":79,"height":80},"_trs":{"__type__":"TypedArray","ctor":"Float64Array","array":[475,247,0,0,0,0,1,1,1,1]}},{"__type__":"cc.Node","_name":"btn_sure","_parent":{"__id__":1},"_children":[{"__id__":7}],"_components":[{"__type__":"cc.Button","node":{"__id__":6},"zoomScale":0.9,"clickEvents":[{"__type__":"cc.ClickEvent","target":{"__id__":1},"_componentId":"d9f3e37j3JFqqDhqfLBTyzq","handler":"OnClick_BtnWnd"}],"_N$transition":3,"transition":3,"_N$pressedColor":{"__type__":"cc.Color","r":255,"g":255,"b":255},"pressedColor":{"__type__":"cc.Color","r":255,"g":255,"b":255},"_N$disabledColor":{"__type__":"cc.Color","r":255,"g":255,"b":255},"_N$normalSprite":{"__uuid__":"71zh05oHZMTpCEN893HoJJ"},"_N$pressedSprite":{"__uuid__":"e97GVMl6JHh5Ml5qEDdSGa"},"pressedSprite":{"__uuid__":"e97GVMl6JHh5Ml5qEDdSGa"},"_N$hoverSprite":{"__uuid__":"e97GVMl6JHh5Ml5qEDdSGa"},"hoverSprite":{"__uuid__":"e97GVMl6JHh5Ml5qEDdSGa"},"_N$disabledSprite":{"__uuid__":"29FYIk+N1GYaeWH/q1NxQO"},"_N$target":{"__id__":6}},{"__type__":"cc.Sprite","node":{"__id__":6},"_materials":[{"__uuid__":"ecpdLyjvZBwrvm+cedCcQy"}],"_spriteFrame":{"__uuid__":"fbjFkeohdGk6AIbf09wOgZ"}}],"_prefab":{"__type__":"cc.PrefabInfo","root":{"__id__":1},"asset":{"__uuid__":"5b/8WBN5VI+JDjULNlUxsM"},"fileId":"f864c8/LqlC2aAmWGrCdD0x"},"_contentSize":{"__type__":"cc.Size","width":201,"height":72},"_trs":{"__type__":"TypedArray","ctor":"Float64Array","array":[-200,-158,0,0,0,0,1,1,1,1]}},{"__type__":"cc.Node","_name":"lb_btnName","_parent":{"__id__":6},"_components":[{"__type__":"cc.Label","node":{"__id__":7},"_materials":[{"__uuid__":"ecpdLyjvZBwrvm+cedCcQy"}],"_useOriginalSize":false,"_string":"确  定","_N$string":"确  定","_lineHeight":45,"_N$file":{"__uuid__":"5f5wQekV1CGpJW2meZozWn"},"_isSystemFontUsed":false,"_N$horizontalAlign":1,"_N$verticalAlign":1},{"__type__":"cc.LabelOutline","node":{"__id__":7},"_color":{"__type__":"cc.Color","r":169,"g":93},"_width":2}],"_prefab":{"__type__":"cc.PrefabInfo","root":{"__id__":1},"asset":{"__uuid__":"5b/8WBN5VI+JDjULNlUxsM"},"fileId":"9aed9bHbqZOQo998gZSptsJ"},"_contentSize":{"__type__":"cc.Size","width":105.25,"height":60.7},"_trs":{"__type__":"TypedArray","ctor":"Float64Array","array":[0,3,0,0,0,0,1,1,1,1]}},{"__type__":"cc.Node","_name":"btn_detail","_parent":{"__id__":1},"_children":[{"__id__":9}],"_components":[{"__type__":"cc.Button","node":{"__id__":8},"zoomScale":0.9,"clickEvents":[{"__type__":"cc.ClickEvent","target":{"__id__":1},"_componentId":"d9f3e37j3JFqqDhqfLBTyzq","handler":"OnClick_BtnWnd"}],"_N$transition":3,"transition":3,"_N$pressedColor":{"__type__":"cc.Color","r":255,"g":255,"b":255},"pressedColor":{"__type__":"cc.Color","r":255,"g":255,"b":255},"_N$disabledColor":{"__type__":"cc.Color","r":255,"g":255,"b":255},"_N$normalSprite":{"__uuid__":"71zh05oHZMTpCEN893HoJJ"},"_N$pressedSprite":{"__uuid__":"e97GVMl6JHh5Ml5qEDdSGa"},"pressedSprite":{"__uuid__":"e97GVMl6JHh5Ml5qEDdSGa"},"_N$hoverSprite":{"__uuid__":"e97GVMl6JHh5Ml5qEDdSGa"},"hoverSprite":{"__uuid__":"e97GVMl6JHh5Ml5qEDdSGa"},"_N$disabledSprite":{"__uuid__":"29FYIk+N1GYaeWH/q1NxQO"},"_N$target":{"__id__":8}},{"__type__":"cc.Sprite","node":{"__id__":8},"_materials":[{"__uuid__":"ecpdLyjvZBwrvm+cedCcQy"}],"_spriteFrame":{"__uuid__":"03quzeWOhOz4Ezb2guQtAO"}}],"_prefab":{"__type__":"cc.PrefabInfo","root":{"__id__":1},"asset":{"__uuid__":"5b/8WBN5VI+JDjULNlUxsM"},"fileId":"afzjhoxohCr5XktMrP4l9+"},"_contentSize":{"__type__":"cc.Size","width":201,"height":72},"_trs":{"__type__":"TypedArray","ctor":"Float64Array","array":[200,-158,0,0,0,0,1,1,1,1]}},{"__type__":"cc.Node","_name":"lb_btnName","_parent":{"__id__":8},"_components":[{"__type__":"cc.Label","node":{"__id__":9},"_materials":[{"__uuid__":"ecpdLyjvZBwrvm+cedCcQy"}],"_useOriginalSize":false,"_string":"详细修改","_N$string":"详细修改","_lineHeight":45,"_N$file":{"__uuid__":"5f5wQekV1CGpJW2meZozWn"},"_isSystemFontUsed":false,"_N$horizontalAlign":1,"_N$verticalAlign":1},{"__type__":"cc.LabelOutline","node":{"__id__":9},"_color":{"__type__":"cc.Color","r":24,"g":88,"b":46},"_width":2}],"_prefab":{"__type__":"cc.PrefabInfo","root":{"__id__":1},"asset":{"__uuid__":"5b/8WBN5VI+JDjULNlUxsM"},"fileId":"5bzZPsuAlE7aDdMYgXwURd"},"_contentSize":{"__type__":"cc.Size","width":164,"height":60.7},"_trs":{"__type__":"TypedArray","ctor":"Float64Array","array":[0,3,0,0,0,0,1,1,1,1]}},{"__type__":"cc.Node","_name":"lb_tip","_parent":{"__id__":1},"_components":[{"__type__":"cc.Label","node":{"__id__":10},"_materials":[{"__uuid__":"ecpdLyjvZBwrvm+cedCcQy"}],"_useOriginalSize":false,"_string":"请在下方输入修改值：","_N$string":"请在下方输入修改值：","_fontSize":36,"_N$file":{"__uuid__":"5f5wQekV1CGpJW2meZozWn"},"_isSystemFontUsed":false,"_N$horizontalAlign":1,"_N$verticalAlign":1}],"_prefab":{"__type__":"cc.PrefabInfo","root":{"__id__":1},"asset":{"__uuid__":"5b/8WBN5VI+JDjULNlUxsM"},"fileId":"90JtEzC9NDFZiPnBU7VG+F"},"_color":{"__type__":"cc.Color","r":112,"g":93,"b":82},"_contentSize":{"__type__":"cc.Size","width":360,"height":50.4},"_trs":{"__type__":"TypedArray","ctor":"Float64Array","array":[-172.19,57.143,0,0,0,0,1,1,1,1]}},{"__type__":"cc.Node","_name":"lb_TargetActive","_parent":{"__id__":1},"_children":[{"__id__":12},{"__id__":13},{"__id__":14}],"_components":[{"__type__":"cc.RichText","node":{"__id__":11},"_isSystemFontUsed":false,"_N$string":"<color=#705d52>授权</c><color=#f8772c>玩家昵称（ID：123456）</color><color=#705d52>的活跃计算</c>","_N$fontSize":36,"_N$font":{"__uuid__":"5f5wQekV1CGpJW2meZozWn"},"_N$lineHeight":50}],"_prefab":{"__type__":"cc.PrefabInfo","root":{"__id__":1},"asset":{"__uuid__":"5b/8WBN5VI+JDjULNlUxsM"},"fileId":"f410t5wEREVKGnQ8jH5Lf6"},"_contentSize":{"__type__":"cc.Size","width":652.36,"height":63},"_anchorPoint":{"__type__":"cc.Vec2","y":0.5},"_trs":{"__type__":"TypedArray","ctor":"Float64Array","array":[-348.19,116.429,0,0,0,0,1,1,1,1]}},{"__type__":"cc.PrivateNode","_name":"RICHTEXT_CHILD","_objFlags":1024,"_parent":{"__id__":11},"_components":[{"__type__":"cc.Label","node":{"__id__":12},"_materials":[{"__uuid__":"ecpdLyjvZBwrvm+cedCcQy"}],"_string":"授权","_N$string":"授权","_fontSize":36,"_lineHeight":50,"_N$file":{"__uuid__":"5f5wQekV1CGpJW2meZozWn"},"_isSystemFontUsed":false,"_N$verticalAlign":1}],"_prefab":{"__type__":"cc.PrefabInfo","root":{"__id__":1},"asset":{"__uuid__":"5b/8WBN5VI+JDjULNlUxsM"},"fileId":"c3yy0+bOxOZolAMnPEWo3q"},"_color":{"__type__":"cc.Color","r":112,"g":93,"b":82},"_contentSize":{"__type__":"cc.Size","width":72,"height":63},"_anchorPoint":{"__type__":"cc.Vec2"},"_trs":{"__type__":"TypedArray","ctor":"Float64Array","array":[0,-31.5,0,0,0,0,1,1,1,1]},"_zIndex":-32768},{"__type__":"cc.PrivateNode","_name":"RICHTEXT_CHILD","_objFlags":1024,"_parent":{"__id__":11},"_components":[{"__type__":"cc.Label","node":{"__id__":13},"_materials":[{"__uuid__":"ecpdLyjvZBwrvm+cedCcQy"}],"_string":"玩家昵称（ID：123456）","_N$string":"玩家昵称（ID：123456）","_fontSize":36,"_lineHeight":50,"_N$file":{"__uuid__":"5f5wQekV1CGpJW2meZozWn"},"_isSystemFontUsed":false,"_N$verticalAlign":1}],"_prefab":{"__type__":"cc.PrefabInfo","root":{"__id__":1},"asset":{"__uuid__":"5b/8WBN5VI+JDjULNlUxsM"},"fileId":"d8aTVaLu5EmIpbVevwZe+u"},"_color":{"__type__":"cc.Color","r":248,"g":119,"b":44},"_contentSize":{"__type__":"cc.Size","width":400.36,"height":63},"_anchorPoint":{"__type__":"cc.Vec2"},"_trs":{"__type__":"TypedArray","ctor":"Float64Array","array":[72,-31.5,0,0,0,0,1,1,1,1]},"_zIndex":-32768},{"__type__":"cc.PrivateNode","_name":"RICHTEXT_CHILD","_objFlags":1024,"_parent":{"__id__":11},"_components":[{"__type__":"cc.Label","node":{"__id__":14},"_materials":[{"__uuid__":"ecpdLyjvZBwrvm+cedCcQy"}],"_string":"的活跃计算","_N$string":"的活跃计算","_fontSize":36,"_lineHeight":50,"_N$file":{"__uuid__":"5f5wQekV1CGpJW2meZozWn"},"_isSystemFontUsed":false,"_N$verticalAlign":1}],"_prefab":{"__type__":"cc.PrefabInfo","root":{"__id__":1},"asset":{"__uuid__":"5b/8WBN5VI+JDjULNlUxsM"},"fileId":"80ln2fMU9OmpPIpNO65mSs"},"_color":{"__type__":"cc.Color","r":112,"g":93,"b":82},"_contentSize":{"__type__":"cc.Size","width":180,"height":63},"_anchorPoint":{"__type__":"cc.Vec2"},"_trs":{"__type__":"TypedArray","ctor":"Float64Array","array":[472.36,-31.5,0,0,0,0,1,1,1,1]},"_zIndex":-32768},{"__type__":"cc.Node","_name":"lb_curActive","_parent":{"__id__":1},"_components":[{"__type__":"cc.Label","node":{"__id__":15},"_materials":[{"__uuid__":"ecpdLyjvZBwrvm+cedCcQy"}],"_useOriginalSize":false,"_string":"该玩家当前活跃计算：10","_N$string":"该玩家当前活跃计算：10","_fontSize":28,"_lineHeight":28,"_N$file":{"__uuid__":"5f5wQekV1CGpJW2meZozWn"},"_isSystemFontUsed":false,"_N$horizontalAlign":1,"_N$verticalAlign":1}],"_prefab":{"__type__":"cc.PrefabInfo","root":{"__id__":1},"asset":{"__uuid__":"5b/8WBN5VI+JDjULNlUxsM"},"fileId":"2d8MU2Vk1Aj7H8zpKaJyl+"},"_color":{"__type__":"cc.Color","r":112,"g":93,"b":82},"_contentSize":{"__type__":"cc.Size","width":306.25,"height":35.28},"_trs":{"__type__":"TypedArray","ctor":"Float64Array","array":[0,-75,0,0,0,0,1,1,1,1]}},{"__type__":"cc.Node","_name":"ActiveEditBox","_parent":{"__id__":1},"_children":[{"__id__":17},{"__id__":19},{"__id__":21}],"_components":[{"__type__":"cc.EditBox","node":{"__id__":16},"_useOriginalSize":false,"maxLength":8,"_N$textLabel":{"__id__":20},"_N$placeholderLabel":{"__id__":22},"_N$background":{"__id__":18},"_N$inputMode":2}],"_prefab":{"__type__":"cc.PrefabInfo","root":{"__id__":1},"asset":{"__uuid__":"5b/8WBN5VI+JDjULNlUxsM"},"fileId":"5fMjF/+GdLCYIDxRhkCwd+"},"_contentSize":{"__type__":"cc.Size","width":460,"height":64},"_trs":{"__type__":"TypedArray","ctor":"Float64Array","array":[0,-13,0,0,0,0,1,1,1,1]}},{"__type__":"cc.Node","_name":"BACKGROUND_SPRITE","_parent":{"__id__":16},"_components":[{"__id__":18}],"_prefab":{"__type__":"cc.PrefabInfo","root":{"__id__":1},"asset":{"__uuid__":"5b/8WBN5VI+JDjULNlUxsM"},"fileId":"baPUMIwfxC5q/Zqv4vmQ5/"},"_contentSize":{"__type__":"cc.Size","width":460,"height":64},"_trs":{"__type__":"TypedArray","ctor":"Float64Array","array":[0,0,0,0,0,0,1,1,1,1]}},{"__type__":"cc.Sprite","node":{"__id__":17},"_materials":[{"__uuid__":"ecpdLyjvZBwrvm+cedCcQy"}],"_spriteFrame":{"__uuid__":"1aLT1VVMRM/KGRIWp3Uinq"},"_type":1,"_sizeMode":0},{"__type__":"cc.Node","_name":"TEXT_LABEL","_parent":{"__id__":16},"_active":false,"_components":[{"__id__":20}],"_prefab":{"__type__":"cc.PrefabInfo","root":{"__id__":1},"asset":{"__uuid__":"5b/8WBN5VI+JDjULNlUxsM"},"fileId":"44380dStVFvqMaAvxojsam"},"_color":{"__type__":"cc.Color","r":112,"g":93,"b":82},"_contentSize":{"__type__":"cc.Size","width":458,"height":64},"_anchorPoint":{"__type__":"cc.Vec2","y":1},"_trs":{"__type__":"TypedArray","ctor":"Float64Array","array":[-228,32,0,0,0,0,1,1,1,1]}},{"__type__":"cc.Label","node":{"__id__":19},"_fontSize":36,"_enableWrapText":false,"_N$verticalAlign":1,"_N$overflow":1},{"__type__":"cc.Node","_name":"PLACEHOLDER_LABEL","_parent":{"__id__":16},"_components":[{"__id__":22}],"_prefab":{"__type__":"cc.PrefabInfo","root":{"__id__":1},"asset":{"__uuid__":"5b/8WBN5VI+JDjULNlUxsM"},"fileId":"bewb9yqNlN7rSig4SPJEXp"},"_color":{"__type__":"cc.Color","r":167,"g":159,"b":141},"_contentSize":{"__type__":"cc.Size","width":458,"height":64},"_anchorPoint":{"__type__":"cc.Vec2","y":1},"_trs":{"__type__":"TypedArray","ctor":"Float64Array","array":[-228,32,0,0,0,0,1,1,1,1]}},{"__type__":"cc.Label","node":{"__id__":21},"_materials":[{"__uuid__":"ecpdLyjvZBwrvm+cedCcQy"}],"_string":"请输入活跃计算","_N$string":"请输入活跃计算","_fontSize":36,"_lineHeight":64,"_enableWrapText":false,"_N$verticalAlign":1,"_N$overflow":1},{"__type__":"cc.Node","_name":"lb_tip_1","_parent":{"__id__":1},"_components":[{"__type__":"cc.Label","node":{"__id__":23},"_materials":[{"__uuid__":"ecpdLyjvZBwrvm+cedCcQy"}],"_useOriginalSize":false,"_string":"活跃计算：房间内该推广员的每个下属玩家给他带来的活跃度","_N$string":"活跃计算：房间内该推广员的每个下属玩家给他带来的活跃度","_fontSize":22,"_lineHeight":28,"_N$file":{"__uuid__":"5f5wQekV1CGpJW2meZozWn"},"_isSystemFontUsed":false,"_N$horizontalAlign":1,"_N$verticalAlign":1}],"_prefab":{"__type__":"cc.PrefabInfo","root":{"__id__":1},"asset":{"__uuid__":"5b/8WBN5VI+JDjULNlUxsM"},"fileId":"25mPl9RlZDRoN7bEjV+lWj"},"_color":{"__type__":"cc.Color","r":208,"g":93,"b":42},"_contentSize":{"__type__":"cc.Size","width":594,"height":35.28},"_trs":{"__type__":"TypedArray","ctor":"Float64Array","array":[0,-217.335,0,0,0,0,1,1,1,1]}},{"__type__":"cc.Node","_name":"lb_tip_2","_parent":{"__id__":1},"_components":[{"__type__":"cc.Label","node":{"__id__":24},"_materials":[{"__uuid__":"ecpdLyjvZBwrvm+cedCcQy"}],"_useOriginalSize":false,"_string":"示例：4人房间内，A推广员有3个玩家。设置活跃计算为1，则该推广员可获得活跃度3","_N$string":"示例：4人房间内，A推广员有3个玩家。设置活跃计算为1，则该推广员可获得活跃度3","_fontSize":22,"_lineHeight":28,"_N$file":{"__uuid__":"5f5wQekV1CGpJW2meZozWn"},"_isSystemFontUsed":false,"_N$horizontalAlign":1,"_N$verticalAlign":1}],"_prefab":{"__type__":"cc.PrefabInfo","root":{"__id__":1},"asset":{"__uuid__":"5b/8WBN5VI+JDjULNlUxsM"},"fileId":"5ekZW8/e9D7bgL3DPA859h"},"_color":{"__type__":"cc.Color","r":208,"g":93,"b":42},"_contentSize":{"__type__":"cc.Size","width":829.55,"height":35.28},"_trs":{"__type__":"TypedArray","ctor":"Float64Array","array":[0,-260.467,0,0,0,0,1,1,1,1]}}],{"__type__":"cc.SpriteFrame","content":{"name":"btn_bg1off","texture":"189664600","rect":[2,517,258,94],"offset":[0,0],"originalSize":[258,94],"rotated":1,"capInsets":[0,0,0,0]}},{"__type__":"cc.SpriteFrame","content":{"name":"img_t_hyjs","texture":"f9SZ3Z7/1LJLsPFcJoHhQa","rect":[0,0,190,52],"offset":[0,0],"originalSize":[190,52],"capInsets":[0,0,0,0]}},{"__type__":"cc.SpriteFrame","content":{"name":"img_black_60","texture":"e5dLSpyq9NPZ8mPvfDyGXH","rect":[0,0,100,100],"offset":[0,0],"originalSize":[100,100],"capInsets":[0,0,0,0]}},{"__type__":"cc.SpriteFrame","content":{"name":"img_mid_tc","texture":"4asdMjgIdHFY50gLjCBJEI","rect":[0,0,984,607],"offset":[0,0],"originalSize":[984,607],"capInsets":[0,151,0,48]}},{"__type__":"cc.SpriteFrame","content":{"name":"btn_close","texture":"adT+cX5aVEFrD91N8Yp4Db","rect":[0,0,79,80],"offset":[0,0],"originalSize":[79,80],"capInsets":[0,0,0,0]}},{"__type__":"cc.SpriteFrame","content":{"name":"default_btn_pressed","texture":"b4P/PCArtIdIH38t6mlw8Y","rect":[0,0,40,40],"offset":[0,0],"originalSize":[40,40],"capInsets":[12,12,12,12]}},{"__type__":"cc.SpriteFrame","content":{"name":"btn_chengse","texture":"2bsE7oiwBLCrzGom9U1M53","rect":[0,0,201,72],"offset":[0,0],"originalSize":[201,72],"capInsets":[0,0,0,0]}}]