[{"__type__":"cc.SpriteFrame","content":{"name":"bg_box","texture":"8cVt/zFZpLRJ7ImkY7gTUK","rect":[0,0,74,77],"offset":[0,0],"originalSize":[74,77],"capInsets":[0,0,0,0]}},{"__type__":"cc.SpriteFrame","content":{"name":"fangzhu","texture":"a3Dz2SldBPkIhPTlNS+/Dp","rect":[0,0,34,35],"offset":[0,0],"originalSize":[34,35],"capInsets":[0,0,0,0]}},{"__type__":"cc.SpriteFrame","content":{"name":"headbg","texture":"7b7CllZ1RM4YSdUG+eCd32","rect":[0,0,80,107],"offset":[0,0],"originalSize":[80,107],"capInsets":[0,0,0,0]}},{"__type__":"cc.SpriteFrame","content":{"name":"default_btn_disabled","texture":"71VhFCTINJM6/Ky3oX9nBT","rect":[0,0,40,40],"offset":[0,0],"originalSize":[40,40],"capInsets":[12,12,12,12]}},{"__type__":"cc.SpriteFrame","content":{"name":"icon_ready","texture":"5eCf+LUwRKn4nof8W6JpFu","rect":[0,0,57,74],"offset":[-0.5,0],"originalSize":[58,74],"capInsets":[0,0,0,0]}},{"__type__":"cc.SpriteFrame","content":{"name":"zhuangjia","texture":"2dltvSRHBFIZX+AFzxm9yL","rect":[0,0,42,45],"offset":[0,0],"originalSize":[42,45],"capInsets":[0,0,0,0]}},{"__type__":"cc.SpriteFrame","content":{"name":"trusteeship","texture":"f1vhY/70pNPbv5xCJzizM2","rect":[0,0,80,77],"offset":[0,0],"originalSize":[80,77],"capInsets":[0,0,0,0]}},{"__type__":"cc.SpriteFrame","content":{"name":"default_btn_pressed","texture":"b4P/PCArtIdIH38t6mlw8Y","rect":[0,0,40,40],"offset":[0,0],"originalSize":[40,40],"capInsets":[12,12,12,12]}},{"__type__":"cc.SpriteFrame","content":{"name":"morentouxiang","texture":"lznnc652-0393-4ea1-84d8-1bdd3044f177","rect":[0,0,60,60],"offset":[0,0],"originalSize":[60,60],"capInsets":[0,0,0,0]}},{"__type__":"cc.SpriteFrame","content":{"name":"icon_chat_huatong","texture":"lznn5495-2a95-40c4-b79a-964c769094ef","rect":[0,0,22,26],"offset":[0,0],"originalSize":[22,26],"capInsets":[0,0,0,0]}},{"__type__":"cc.SpriteFrame","content":{"name":"icon_chat_huatong3","texture":"lznn0a14-28af-4529-9d5c-e8142bdc05fc","rect":[0,0,7,26],"offset":[0,0],"originalSize":[7,26],"capInsets":[0,0,0,0]}},[{"__type__":"cc.Prefab","_name":"nn_UIPublicHead","data":{"__id__":1}},{"__type__":"cc.Node","_name":"nn_UIPublicHead","_children":[{"__id__":2},{"__id__":17},{"__id__":19},{"__id__":20},{"__id__":21},{"__id__":26},{"__id__":27},{"__id__":32},{"__id__":33},{"__type__":"cc.Node","_name":"otherNode","_parent":{"__id__":1},"_prefab":{"__type__":"cc.PrefabInfo","root":{"__id__":1},"asset":{"__uuid__":"lznn539f-2c82-4a95-aa96-025ae8c33cc6"},"fileId":"75VRAnZExI0q1H5JZqf8Et"},"_trs":{"__type__":"TypedArray","ctor":"Float64Array","array":[0,0,0,0,0,0,1,1,1,1]}},{"__id__":34},{"__id__":35}],"_components":[{"__type__":"lznn2e84-0090-481a-8887-68ab498b59cf","node":{"__id__":1},"JS_Name":"hzmj_BaseComponent","lb_font":{"__uuid__":"lznn373b-ebaf-4e57-9974-1fdd6b1b601d"}}],"_prefab":{"__type__":"cc.PrefabInfo","root":{"__id__":1},"asset":{"__uuid__":"lznn539f-2c82-4a95-aa96-025ae8c33cc6"},"fileId":"58P78F5gJLZbz41irGTqWV"},"_trs":{"__type__":"TypedArray","ctor":"Float64Array","array":[0,0,0,0,0,0,1,1,1,1]}},{"__type__":"cc.Node","_name":"touxiang","_parent":{"__id__":1},"_children":[{"__id__":3},{"__id__":8},{"__id__":9},{"__id__":10},{"__id__":12},{"__id__":14},{"__id__":15},{"__id__":16}],"_components":[{"__type__":"cc.Widget","node":{"__id__":2},"alignMode":0,"_alignFlags":9,"_left":-36.5,"_top":-36.5,"_bottom":177,"_originalHeight":73}],"_prefab":{"__type__":"cc.PrefabInfo","root":{"__id__":1},"asset":{"__uuid__":"lznn539f-2c82-4a95-aa96-025ae8c33cc6"},"fileId":"c1RIPgMcxKD6BN0OXHmMNP"},"_contentSize":{"__type__":"cc.Size","width":73,"height":73},"_trs":{"__type__":"TypedArray","ctor":"Float64Array","array":[3.6500000000000057,-3.6500000000000057,0,0,0,0,1,1.1,1.1,1]}},{"__type__":"cc.Node","_name":"sp_info","_parent":{"__id__":2},"_children":[{"__id__":4},{"__id__":5},{"__id__":6}],"_components":[{"__type__":"cc.Sprite","node":{"__id__":3},"_materials":[{"__uuid__":"ecpdLyjvZBwrvm+cedCcQy"}],"_spriteFrame":{"__uuid__":"26CQBM2x1IQLfVPaUV4mvr"},"_type":1,"_sizeMode":2}],"_prefab":{"__type__":"cc.PrefabInfo","root":{"__id__":1},"asset":{"__uuid__":"lznn539f-2c82-4a95-aa96-025ae8c33cc6"},"fileId":"d28lB75NNF+YcX8QJeWdp3"},"_contentSize":{"__type__":"cc.Size","width":80,"height":107},"_trs":{"__type__":"TypedArray","ctor":"Float64Array","array":[0,0,0,0,0,0,1,1,1,1]}},{"__type__":"cc.Node","_name":"lb_name","_parent":{"__id__":3},"_components":[{"__type__":"cc.Label","node":{"__id__":4},"_materials":[{"__uuid__":"ecpdLyjvZBwrvm+cedCcQy"}],"_useOriginalSize":false,"_string":"玩家","_N$string":"玩家","_fontSize":12,"_lineHeight":18,"_N$file":{"__uuid__":"lznn373b-ebaf-4e57-9974-1fdd6b1b601d"},"_isSystemFontUsed":false,"_N$horizontalAlign":1,"_N$verticalAlign":1}],"_prefab":{"__type__":"cc.PrefabInfo","root":{"__id__":1},"asset":{"__uuid__":"lznn539f-2c82-4a95-aa96-025ae8c33cc6"},"fileId":"95CNbnZX5CVI7T1LAgeHxM"},"_color":{"__type__":"cc.Color","r":182,"g":203,"b":200},"_contentSize":{"__type__":"cc.Size","width":24,"height":22.68},"_trs":{"__type__":"TypedArray","ctor":"Float64Array","array":[2,44.938,0,0,0,0,1,1,1,1]}},{"__type__":"cc.Node","_name":"lb_jifen","_parent":{"__id__":3},"_components":[{"__type__":"cc.Label","node":{"__id__":5},"_materials":[{"__uuid__":"ecpdLyjvZBwrvm+cedCcQy"}],"_useOriginalSize":false,"_string":"分数：10","_N$string":"分数：10","_fontSize":20,"_lineHeight":24,"_enableWrapText":false,"_N$file":{"__uuid__":"lznn373b-ebaf-4e57-9974-1fdd6b1b601d"},"_isSystemFontUsed":false,"_N$horizontalAlign":1,"_N$verticalAlign":1,"_N$overflow":2}],"_prefab":{"__type__":"cc.PrefabInfo","root":{"__id__":1},"asset":{"__uuid__":"lznn539f-2c82-4a95-aa96-025ae8c33cc6"},"fileId":"0am/x7cHhJKZY3oQpXY9Tn"},"_color":{"__type__":"cc.Color","r":170,"g":183,"b":186},"_contentSize":{"__type__":"cc.Size","width":100,"height":30.24},"_trs":{"__type__":"TypedArray","ctor":"Float64Array","array":[0,-38.987,0,0,0,0,1,1,1,1]}},{"__type__":"cc.Node","_name":"lb_SportsPoint","_parent":{"__id__":3},"_children":[{"__id__":7}],"_components":[{"__type__":"cc.Label","node":{"__id__":6},"_materials":[{"__uuid__":"ecpdLyjvZBwrvm+cedCcQy"}],"_useOriginalSize":false,"_string":"100","_N$string":"100","_fontSize":24,"_lineHeight":24,"_enableWrapText":false,"_N$file":{"__uuid__":"lznn373b-ebaf-4e57-9974-1fdd6b1b601d"},"_isSystemFontUsed":false,"_N$verticalAlign":1,"_N$overflow":2}],"_prefab":{"__type__":"cc.PrefabInfo","root":{"__id__":1},"asset":{"__uuid__":"lznn539f-2c82-4a95-aa96-025ae8c33cc6"},"fileId":"7eFuHGfrpO85QaZ42yvc/G"},"_color":{"__type__":"cc.Color","r":170,"g":183,"b":186},"_contentSize":{"__type__":"cc.Size","width":100,"height":20},"_trs":{"__type__":"TypedArray","ctor":"Float64Array","array":[48,-76,0,0,0,0,1,1,1,1]}},{"__type__":"cc.Node","_name":"lb_jifen","_parent":{"__id__":6},"_components":[{"__type__":"cc.Label","node":{"__id__":7},"_materials":[{"__uuid__":"ecpdLyjvZBwrvm+cedCcQy"}],"_useOriginalSize":false,"_string":"赛","_N$string":"赛","_fontSize":24,"_lineHeight":24,"_enableWrapText":false,"_N$file":{"__uuid__":"lznn373b-ebaf-4e57-9974-1fdd6b1b601d"},"_isSystemFontUsed":false,"_N$horizontalAlign":1,"_N$verticalAlign":1,"_N$overflow":2}],"_prefab":{"__type__":"cc.PrefabInfo","root":{"__id__":1},"asset":{"__uuid__":"lznn539f-2c82-4a95-aa96-025ae8c33cc6"},"fileId":"5acDxojyFDQZv0q7Bv2SYY"},"_color":{"__type__":"cc.Color","r":170,"g":183,"b":186},"_contentSize":{"__type__":"cc.Size","width":100,"height":20},"_trs":{"__type__":"TypedArray","ctor":"Float64Array","array":[-68,0,0,0,0,0,1,1,1,1]}},{"__type__":"cc.Node","_name":"btn_head","_parent":{"__id__":2},"_components":[{"__type__":"cc.Sprite","node":{"__id__":8},"_materials":[{"__uuid__":"ecpdLyjvZBwrvm+cedCcQy"}],"_spriteFrame":{"__uuid__":"lznn0bd4-6d8e-4361-aae8-91caca6f2355"},"_sizeMode":0,"_isTrimmedMode":false},{"__type__":"cc.Button","node":{"__id__":8},"zoomScale":0.9,"clickEvents":[{"__type__":"cc.ClickEvent","target":{"__id__":1},"_componentId":"lznn2e84-0090-481a-8887-68ab498b59cf","handler":"OnClick_BtnWnd"}],"_N$transition":3,"transition":3,"_N$normalColor":{"__type__":"cc.Color","r":214,"g":214,"b":214},"_N$target":{"__id__":8}},{"__type__":"lznn8673-3561-4a28-8fd0-4ff9fc711d7e","node":{"__id__":8},"JS_Name":"hzmj_BaseComponent"}],"_prefab":{"__type__":"cc.PrefabInfo","root":{"__id__":1},"asset":{"__uuid__":"lznn539f-2c82-4a95-aa96-025ae8c33cc6"},"fileId":"2fSS/QQ6BDEbA9QOTpN5bX"},"_contentSize":{"__type__":"cc.Size","width":60,"height":60},"_trs":{"__type__":"TypedArray","ctor":"Float64Array","array":[0,0,0,0,0,0,1,1,1,1]}},{"__type__":"cc.Node","_name":"btn_headkuang","_parent":{"__id__":2},"_components":[{"__type__":"cc.Sprite","node":{"__id__":9},"_sizeMode":2},{"__type__":"cc.Widget","node":{"__id__":9},"alignMode":0,"_alignFlags":18,"_top":27}],"_prefab":{"__type__":"cc.PrefabInfo","root":{"__id__":1},"asset":{"__uuid__":"lznn539f-2c82-4a95-aa96-025ae8c33cc6"},"fileId":"e5o0TGe3RKr5CZ+0EoKrvp"},"_contentSize":{"__type__":"cc.Size","width":62,"height":62},"_trs":{"__type__":"TypedArray","ctor":"Float64Array","array":[0,0,0,0,0,0,1,1,1,1]}},{"__type__":"cc.Node","_name":"sp_likai","_parent":{"__id__":2},"_children":[{"__id__":11}],"_components":[{"__type__":"cc.Sprite","node":{"__id__":10},"_materials":[{"__uuid__":"ecpdLyjvZBwrvm+cedCcQy"}],"_sizeMode":0}],"_prefab":{"__type__":"cc.PrefabInfo","root":{"__id__":1},"asset":{"__uuid__":"lznn539f-2c82-4a95-aa96-025ae8c33cc6"},"fileId":"c9RTV3QmBFtLJh4vjk+6+0"},"_contentSize":{"__type__":"cc.Size","width":75,"height":75},"_trs":{"__type__":"TypedArray","ctor":"Float64Array","array":[0,18.7,0,0,0,0,1,1,1,1]}},{"__type__":"cc.Node","_name":"icon","_parent":{"__id__":10},"_components":[{"__type__":"cc.Sprite","node":{"__id__":11},"_materials":[{"__uuid__":"ecpdLyjvZBwrvm+cedCcQy"}],"_sizeMode":0}],"_prefab":{"__type__":"cc.PrefabInfo","root":{"__id__":1},"asset":{"__uuid__":"lznn539f-2c82-4a95-aa96-025ae8c33cc6"},"fileId":"0ah/r3Vz9DGZ2ZBSmg6IC5"},"_contentSize":{"__type__":"cc.Size","width":66,"height":24},"_trs":{"__type__":"TypedArray","ctor":"Float64Array","array":[0,0,0,0,0,0,1,0.8,0.8,1]}},{"__type__":"cc.Node","_name":"sp_lixian","_parent":{"__id__":2},"_children":[{"__id__":13}],"_components":[{"__type__":"cc.Sprite","node":{"__id__":12},"_materials":[{"__uuid__":"ecpdLyjvZBwrvm+cedCcQy"}],"_sizeMode":0}],"_prefab":{"__type__":"cc.PrefabInfo","root":{"__id__":1},"asset":{"__uuid__":"lznn539f-2c82-4a95-aa96-025ae8c33cc6"},"fileId":"90g64peuhJd5x/2H85HimD"},"_contentSize":{"__type__":"cc.Size","width":75,"height":75},"_trs":{"__type__":"TypedArray","ctor":"Float64Array","array":[0,18.7,0,0,0,0,1,1,1,1]}},{"__type__":"cc.Node","_name":"icon","_parent":{"__id__":12},"_components":[{"__type__":"cc.Sprite","node":{"__id__":13},"_materials":[{"__uuid__":"ecpdLyjvZBwrvm+cedCcQy"}],"_sizeMode":0}],"_prefab":{"__type__":"cc.PrefabInfo","root":{"__id__":1},"asset":{"__uuid__":"lznn539f-2c82-4a95-aa96-025ae8c33cc6"},"fileId":"e6FbxInkJOBrWI/YeXqLtf"},"_contentSize":{"__type__":"cc.Size","width":66,"height":24},"_trs":{"__type__":"TypedArray","ctor":"Float64Array","array":[0,0,0,0,0,0,1,0.8,0.8,1]}},{"__type__":"cc.Node","_name":"bg_box","_parent":{"__id__":2},"_components":[{"__type__":"cc.Sprite","node":{"__id__":14},"_materials":[{"__uuid__":"ecpdLyjvZBwrvm+cedCcQy"}],"_spriteFrame":{"__uuid__":"11HH9YyP9LL44G70InwJ90"},"_sizeMode":0}],"_prefab":{"__type__":"cc.PrefabInfo","root":{"__id__":1},"asset":{"__uuid__":"lznn539f-2c82-4a95-aa96-025ae8c33cc6"},"fileId":"759517j05OYbnXyhHFlJav"},"_contentSize":{"__type__":"cc.Size","width":62,"height":62},"_trs":{"__type__":"TypedArray","ctor":"Float64Array","array":[0,0,0,0,0,0,1,1,1,1]}},{"__type__":"cc.Node","_name":"zhuangjia","_parent":{"__id__":2},"_components":[{"__type__":"cc.Sprite","node":{"__id__":15},"_materials":[{"__uuid__":"ecpdLyjvZBwrvm+cedCcQy"}],"_spriteFrame":{"__uuid__":"5eKoCuZJhPjJZ4+w8s2Xdv"}}],"_prefab":{"__type__":"cc.PrefabInfo","root":{"__id__":1},"asset":{"__uuid__":"lznn539f-2c82-4a95-aa96-025ae8c33cc6"},"fileId":"830VTDlylEDafWf6qMkgXm"},"_contentSize":{"__type__":"cc.Size","width":42,"height":45},"_trs":{"__type__":"TypedArray","ctor":"Float64Array","array":[-28.343,30.849,0,0,0,0,1,0.8,0.8,1]}},{"__type__":"cc.Node","_name":"fangzhu","_parent":{"__id__":2},"_components":[{"__type__":"cc.Sprite","node":{"__id__":16},"_materials":[{"__uuid__":"ecpdLyjvZBwrvm+cedCcQy"}],"_spriteFrame":{"__uuid__":"17QjJ90sxNwImtkrtSoZic"}}],"_prefab":{"__type__":"cc.PrefabInfo","root":{"__id__":1},"asset":{"__uuid__":"lznn539f-2c82-4a95-aa96-025ae8c33cc6"},"fileId":"10VU+vxxtG7bPesKnyWv+T"},"_contentSize":{"__type__":"cc.Size","width":34,"height":35},"_trs":{"__type__":"TypedArray","ctor":"Float64Array","array":[12.532,-11.6,0,0,0,0,1,1,1,1]}},{"__type__":"cc.Node","_name":"btn_out","_parent":{"__id__":1},"_children":[{"__id__":18}],"_components":[{"__type__":"cc.Sprite","node":{"__id__":17},"_materials":[{"__uuid__":"ecpdLyjvZBwrvm+cedCcQy"}],"_spriteFrame":{"__uuid__":"lznn65b6-1c2d-4f40-bb3c-89a29670dc8c"},"_type":1,"_sizeMode":0},{"__type__":"cc.Button","node":{"__id__":17},"zoomScale":0.9,"clickEvents":[{"__type__":"cc.ClickEvent","target":{"__id__":1},"_componentId":"lznn2e84-0090-481a-8887-68ab498b59cf","handler":"OnClick_BtnWnd"}],"_N$transition":3,"transition":3,"_N$pressedColor":{"__type__":"cc.Color","r":255,"g":255,"b":255},"pressedColor":{"__type__":"cc.Color","r":255,"g":255,"b":255},"_N$disabledColor":{"__type__":"cc.Color","r":255,"g":255,"b":255},"_N$pressedSprite":{"__uuid__":"e97GVMl6JHh5Ml5qEDdSGa"},"pressedSprite":{"__uuid__":"e97GVMl6JHh5Ml5qEDdSGa"},"_N$hoverSprite":{"__uuid__":"e97GVMl6JHh5Ml5qEDdSGa"},"hoverSprite":{"__uuid__":"e97GVMl6JHh5Ml5qEDdSGa"},"_N$disabledSprite":{"__uuid__":"29FYIk+N1GYaeWH/q1NxQO"},"_N$target":{"__id__":17}}],"_prefab":{"__type__":"cc.PrefabInfo","root":{"__id__":1},"asset":{"__uuid__":"lznn539f-2c82-4a95-aa96-025ae8c33cc6"},"fileId":"10Na/axslLNpV1nqX7sWvw"},"_contentSize":{"__type__":"cc.Size","width":102,"height":40},"_trs":{"__type__":"TypedArray","ctor":"Float64Array","array":[0,-90.282,0,0,0,0,1,1,1,1]}},{"__type__":"cc.Node","_name":"Label","_parent":{"__id__":17},"_components":[{"__type__":"cc.Label","node":{"__id__":18},"_materials":[{"__uuid__":"ecpdLyjvZBwrvm+cedCcQy"}],"_useOriginalSize":false,"_string":"请出包间","_N$string":"请出包间","_fontSize":20,"_lineHeight":24,"_enableWrapText":false,"_N$file":{"__uuid__":"lznn373b-ebaf-4e57-9974-1fdd6b1b601d"},"_isSystemFontUsed":false,"_N$horizontalAlign":1,"_N$verticalAlign":1,"_N$overflow":1}],"_prefab":{"__type__":"cc.PrefabInfo","root":{"__id__":1},"asset":{"__uuid__":"lznn539f-2c82-4a95-aa96-025ae8c33cc6"},"fileId":"77J8NTZhVE/J1qV8JsDLLh"},"_color":{"__type__":"cc.Color","r":124,"g":41,"b":1},"_contentSize":{"__type__":"cc.Size","width":100,"height":40},"_trs":{"__type__":"TypedArray","ctor":"Float64Array","array":[0,0,0,0,0,0,1,1,1,1]}},{"__type__":"cc.Node","_name":"icon_ready","_parent":{"__id__":1},"_components":[{"__type__":"cc.Sprite","node":{"__id__":19},"_materials":[{"__uuid__":"ecpdLyjvZBwrvm+cedCcQy"}],"_spriteFrame":{"__uuid__":"52sTmTaY9J7Z1sUI7LEydM"}}],"_prefab":{"__type__":"cc.PrefabInfo","root":{"__id__":1},"asset":{"__uuid__":"lznn539f-2c82-4a95-aa96-025ae8c33cc6"},"fileId":"b4Aggb9YtPWox8mVcj4sC+"},"_contentSize":{"__type__":"cc.Size","width":57,"height":74},"_trs":{"__type__":"TypedArray","ctor":"Float64Array","array":[99,-2,0,0,0,0,1,1,1,1]}},{"__type__":"cc.Node","_name":"sp_chatdi_left","_parent":{"__id__":1},"_components":[{"__type__":"cc.Sprite","node":{"__id__":20},"_materials":[{"__uuid__":"ecpdLyjvZBwrvm+cedCcQy"}],"_spriteFrame":{"__uuid__":"lznn6912-a3fe-47e6-b19c-3fee6bbfe5ca"},"_type":1,"_sizeMode":0},{"__type__":"cc.Layout","node":{"__id__":20},"_layoutSize":{"__type__":"cc.Size","width":380,"height":100},"_N$paddingLeft":22,"_N$paddingRight":5}],"_prefab":{"__type__":"cc.PrefabInfo","root":{"__id__":1},"asset":{"__uuid__":"lznn539f-2c82-4a95-aa96-025ae8c33cc6"},"fileId":"38fSfXFohMWa4pLuRMRGl1"},"_contentSize":{"__type__":"cc.Size","width":380,"height":100},"_anchorPoint":{"__type__":"cc.Vec2","y":0.5},"_trs":{"__type__":"TypedArray","ctor":"Float64Array","array":[-50,0,0,0,0,-1,6.123233995736766e-17,1,1,1]},"_eulerAngles":{"__type__":"cc.Vec3","z":-180}},{"__type__":"cc.Node","_name":"sp_audio_left","_parent":{"__id__":1},"_children":[{"__id__":22},{"__id__":23},{"__id__":24},{"__id__":25}],"_components":[{"__type__":"cc.Sprite","node":{"__id__":21},"_materials":[{"__uuid__":"ecpdLyjvZBwrvm+cedCcQy"}],"_spriteFrame":{"__uuid__":"lznn9164-ace8-40d3-8f22-4991c0f9cfeb"}},{"__type__":"cc.Animation","node":{"__id__":21},"_clips":[{"__uuid__":"lznn8872-18f6-478f-9528-8c5cdd75bb29"}]}],"_prefab":{"__type__":"cc.PrefabInfo","root":{"__id__":1},"asset":{"__uuid__":"lznn539f-2c82-4a95-aa96-025ae8c33cc6"},"fileId":"e6O7g8lY5NQ5AVylqmnoYV"},"_contentSize":{"__type__":"cc.Size","width":160,"height":95},"_trs":{"__type__":"TypedArray","ctor":"Float64Array","array":[-130,0,0,0,0,0,1,1,-1,1]}},{"__type__":"cc.Node","_name":"icon_chat_huatong","_parent":{"__id__":21},"_components":[{"__type__":"cc.Sprite","node":{"__id__":22},"_materials":[{"__uuid__":"ecpdLyjvZBwrvm+cedCcQy"}],"_spriteFrame":{"__uuid__":"lznn35f1-ea3b-4e13-ba50-775ad6a108fc"}}],"_prefab":{"__type__":"cc.PrefabInfo","root":{"__id__":1},"asset":{"__uuid__":"lznn539f-2c82-4a95-aa96-025ae8c33cc6"},"fileId":"ecOOTe9ppAWbzEyxxuFcIt"},"_contentSize":{"__type__":"cc.Size","width":22,"height":26},"_trs":{"__type__":"TypedArray","ctor":"Float64Array","array":[4.800000000000001,-0.9,0,0,0,0,1,-1,1,1]}},{"__type__":"cc.Node","_name":"icon_chat_huatong3","_parent":{"__id__":21},"_components":[{"__type__":"cc.Sprite","node":{"__id__":23},"_materials":[{"__uuid__":"ecpdLyjvZBwrvm+cedCcQy"}],"_spriteFrame":{"__uuid__":"lznn4074-466d-41ff-8601-1ae737c8b4ae"}}],"_prefab":{"__type__":"cc.PrefabInfo","root":{"__id__":1},"asset":{"__uuid__":"lznn539f-2c82-4a95-aa96-025ae8c33cc6"},"fileId":"90bKmiRoxK4IXQY7wQxn1o"},"_contentSize":{"__type__":"cc.Size","width":7,"height":26},"_trs":{"__type__":"TypedArray","ctor":"Float64Array","array":[-27.1,-0.9,0,0,0,0,1,-1,1,1]}},{"__type__":"cc.Node","_name":"icon_chat_huatong2","_parent":{"__id__":21},"_components":[{"__type__":"cc.Sprite","node":{"__id__":24},"_materials":[{"__uuid__":"ecpdLyjvZBwrvm+cedCcQy"}],"_spriteFrame":{"__uuid__":"lznn741d-696c-42e9-820d-36509396bfad"}}],"_prefab":{"__type__":"cc.PrefabInfo","root":{"__id__":1},"asset":{"__uuid__":"lznn539f-2c82-4a95-aa96-025ae8c33cc6"},"fileId":"38ZAsj+flHe7RPEadCIOj1"},"_contentSize":{"__type__":"cc.Size","width":7,"height":22},"_trs":{"__type__":"TypedArray","ctor":"Float64Array","array":[-19.6,-0.9,0,0,0,0,1,-1,1,1]}},{"__type__":"cc.Node","_name":"icon_chat_huatong1","_parent":{"__id__":21},"_components":[{"__type__":"cc.Sprite","node":{"__id__":25},"_materials":[{"__uuid__":"ecpdLyjvZBwrvm+cedCcQy"}],"_spriteFrame":{"__uuid__":"lznnafa1-ba3b-4140-a1f1-f75aa167d8f3"}}],"_prefab":{"__type__":"cc.PrefabInfo","root":{"__id__":1},"asset":{"__uuid__":"lznn539f-2c82-4a95-aa96-025ae8c33cc6"},"fileId":"d5UxgcUmVDUoeJ+BmVBMES"},"_contentSize":{"__type__":"cc.Size","width":4,"height":12},"_trs":{"__type__":"TypedArray","ctor":"Float64Array","array":[-11.700000000000003,-0.9,0,0,0,0,1,-1,1,1]}},{"__type__":"cc.Node","_name":"sp_chatdi_right","_parent":{"__id__":1},"_components":[{"__type__":"cc.Sprite","node":{"__id__":26},"_materials":[{"__uuid__":"ecpdLyjvZBwrvm+cedCcQy"}],"_spriteFrame":{"__uuid__":"lznn6912-a3fe-47e6-b19c-3fee6bbfe5ca"},"_type":1,"_sizeMode":0},{"__type__":"cc.Layout","node":{"__id__":26},"_layoutSize":{"__type__":"cc.Size","width":370,"height":100},"_N$paddingLeft":22}],"_prefab":{"__type__":"cc.PrefabInfo","root":{"__id__":1},"asset":{"__uuid__":"lznn539f-2c82-4a95-aa96-025ae8c33cc6"},"fileId":"327S4G+pxMb6OOLmiSs3Ar"},"_contentSize":{"__type__":"cc.Size","width":370,"height":100},"_anchorPoint":{"__type__":"cc.Vec2","y":0.5},"_trs":{"__type__":"TypedArray","ctor":"Float64Array","array":[50,0,0,0,0,0,1,1,1,1]}},{"__type__":"cc.Node","_name":"sp_audio_right","_parent":{"__id__":1},"_children":[{"__id__":28},{"__id__":29},{"__id__":30},{"__id__":31}],"_components":[{"__type__":"cc.Sprite","node":{"__id__":27},"_materials":[{"__uuid__":"ecpdLyjvZBwrvm+cedCcQy"}],"_spriteFrame":{"__uuid__":"lznn9164-ace8-40d3-8f22-4991c0f9cfeb"}},{"__type__":"cc.Animation","node":{"__id__":27},"_clips":[{"__uuid__":"lznn8872-18f6-478f-9528-8c5cdd75bb29"}]}],"_prefab":{"__type__":"cc.PrefabInfo","root":{"__id__":1},"asset":{"__uuid__":"lznn539f-2c82-4a95-aa96-025ae8c33cc6"},"fileId":"91V3Xai7BOjL7gUrabZPO8"},"_contentSize":{"__type__":"cc.Size","width":160,"height":95},"_trs":{"__type__":"TypedArray","ctor":"Float64Array","array":[130,0,0,0,0,0,1,-1,1,1]}},{"__type__":"cc.Node","_name":"icon_chat_huatong","_parent":{"__id__":27},"_components":[{"__type__":"cc.Sprite","node":{"__id__":28},"_materials":[{"__uuid__":"ecpdLyjvZBwrvm+cedCcQy"}],"_spriteFrame":{"__uuid__":"lznn35f1-ea3b-4e13-ba50-775ad6a108fc"}}],"_prefab":{"__type__":"cc.PrefabInfo","root":{"__id__":1},"asset":{"__uuid__":"lznn539f-2c82-4a95-aa96-025ae8c33cc6"},"fileId":"67PrfrLaxFv7t0lxWLjSYW"},"_contentSize":{"__type__":"cc.Size","width":22,"height":26},"_trs":{"__type__":"TypedArray","ctor":"Float64Array","array":[15,-3,0,0,0,0,1,-1,1,1]}},{"__type__":"cc.Node","_name":"icon_chat_huatong1","_parent":{"__id__":27},"_components":[{"__type__":"cc.Sprite","node":{"__id__":29},"_materials":[{"__uuid__":"ecpdLyjvZBwrvm+cedCcQy"}],"_spriteFrame":{"__uuid__":"lznnafa1-ba3b-4140-a1f1-f75aa167d8f3"}}],"_prefab":{"__type__":"cc.PrefabInfo","root":{"__id__":1},"asset":{"__uuid__":"lznn539f-2c82-4a95-aa96-025ae8c33cc6"},"fileId":"80DVQPTJJJq7DZO8dVtM4E"},"_contentSize":{"__type__":"cc.Size","width":4,"height":12},"_trs":{"__type__":"TypedArray","ctor":"Float64Array","array":[-7.4,-3,0,0,0,0,1,-1,1,1]}},{"__type__":"cc.Node","_name":"icon_chat_huatong2","_parent":{"__id__":27},"_components":[{"__type__":"cc.Sprite","node":{"__id__":30},"_materials":[{"__uuid__":"ecpdLyjvZBwrvm+cedCcQy"}],"_spriteFrame":{"__uuid__":"lznn741d-696c-42e9-820d-36509396bfad"}}],"_prefab":{"__type__":"cc.PrefabInfo","root":{"__id__":1},"asset":{"__uuid__":"lznn539f-2c82-4a95-aa96-025ae8c33cc6"},"fileId":"1c7firNvJCfJwYWPPHMaTc"},"_contentSize":{"__type__":"cc.Size","width":7,"height":22},"_trs":{"__type__":"TypedArray","ctor":"Float64Array","array":[-14,-3,0,0,0,0,1,-1,1,1]}},{"__type__":"cc.Node","_name":"icon_chat_huatong3","_parent":{"__id__":27},"_components":[{"__type__":"cc.Sprite","node":{"__id__":31},"_materials":[{"__uuid__":"ecpdLyjvZBwrvm+cedCcQy"}],"_spriteFrame":{"__uuid__":"lznn4074-466d-41ff-8601-1ae737c8b4ae"}}],"_prefab":{"__type__":"cc.PrefabInfo","root":{"__id__":1},"asset":{"__uuid__":"lznn539f-2c82-4a95-aa96-025ae8c33cc6"},"fileId":"8duM6h+HdJQ7c0798WV74X"},"_contentSize":{"__type__":"cc.Size","width":7,"height":26},"_trs":{"__type__":"TypedArray","ctor":"Float64Array","array":[-19,-3,0,0,0,0,1,-1,1,1]}},{"__type__":"cc.Node","_name":"icon_auto","_parent":{"__id__":1},"_components":[{"__type__":"cc.Sprite","node":{"__id__":32},"_materials":[{"__uuid__":"ecpdLyjvZBwrvm+cedCcQy"}],"_spriteFrame":{"__uuid__":"907Gm7qw5EtJepreU9jcbk"}}],"_prefab":{"__type__":"cc.PrefabInfo","root":{"__id__":1},"asset":{"__uuid__":"lznn539f-2c82-4a95-aa96-025ae8c33cc6"},"fileId":"75cd2gprtOlYO0ouKmAdRd"},"_contentSize":{"__type__":"cc.Size","width":80,"height":77},"_trs":{"__type__":"TypedArray","ctor":"Float64Array","array":[71,-45,0,0,0,0,1,0.5,0.5,1]}},{"__type__":"cc.Node","_name":"face_ani","_parent":{"__id__":1},"_components":[{"__type__":"cc.Sprite","node":{"__id__":33}},{"__type__":"cc.Animation","node":{"__id__":33},"_clips":[{"__uuid__":"lznn57c1-22c3-4c1b-8be1-2baf1d0bf714"},{"__uuid__":"lznne26a-e40e-4da0-a6e0-aefb58d6be8a"},{"__uuid__":"lznn1e0d-7a33-4f7e-8825-5bcb21611f8b"},{"__uuid__":"lznn28c2-5fc0-488d-ba36-a162971af284"},{"__uuid__":"lznn9976-c0e0-4392-b6d0-224175e4da88"},{"__uuid__":"lznnc2a2-9526-4afc-a5f6-8d6a6ddbc1d5"},{"__uuid__":"lznn23b4-f7b7-4366-9de5-0df256b8e72e"},{"__uuid__":"lznn325d-1596-4fa4-8c65-2eebe52086a0"},{"__uuid__":"lznn595c-4aec-4938-b153-ba03e346bb87"},{"__uuid__":"lznnf310-3f56-46fa-8b6a-982da78b0fb4"},{"__uuid__":"lznn7f40-1021-4fa8-b989-5abe1a6b47d3"},{"__uuid__":"lznnebb4-50a7-485b-a94f-8f1c3d6b5f38"}]}],"_prefab":{"__type__":"cc.PrefabInfo","root":{"__id__":1},"asset":{"__uuid__":"lznn539f-2c82-4a95-aa96-025ae8c33cc6"},"fileId":"d9CB0FdplBEq1pMTH3IT6L"},"_contentSize":{"__type__":"cc.Size","width":82,"height":80},"_trs":{"__type__":"TypedArray","ctor":"Float64Array","array":[0,0,0,0,0,0,1,1.4,1.4,1]}},{"__type__":"cc.Node","_name":"sp_chatdi_leftBottom","_parent":{"__id__":1},"_active":false,"_components":[{"__type__":"cc.Sprite","node":{"__id__":34},"_spriteFrame":{"__uuid__":"lznn6912-a3fe-47e6-b19c-3fee6bbfe5ca"},"_type":1,"_sizeMode":0},{"__type__":"cc.Layout","node":{"__id__":34},"_layoutSize":{"__type__":"cc.Size","width":380,"height":100},"_N$paddingLeft":22,"_N$paddingRight":5}],"_prefab":{"__type__":"cc.PrefabInfo","root":{"__id__":1},"asset":{"__uuid__":"lznn539f-2c82-4a95-aa96-025ae8c33cc6"},"fileId":"bdsda9qdxD7pZWYd/hKbeF"},"_contentSize":{"__type__":"cc.Size","width":380,"height":100},"_anchorPoint":{"__type__":"cc.Vec2","y":0.5},"_trs":{"__type__":"TypedArray","ctor":"Float64Array","array":[60,-90,0,0,0,-1,6.123233995736766e-17,1,1,1]},"_eulerAngles":{"__type__":"cc.Vec3","z":-180}},{"__type__":"cc.Node","_name":"sp_chatdi_rightBottom","_parent":{"__id__":1},"_active":false,"_components":[{"__type__":"cc.Sprite","node":{"__id__":35},"_spriteFrame":{"__uuid__":"lznn6912-a3fe-47e6-b19c-3fee6bbfe5ca"},"_type":1,"_sizeMode":0},{"__type__":"cc.Layout","node":{"__id__":35},"_layoutSize":{"__type__":"cc.Size","width":370,"height":100},"_N$paddingLeft":22}],"_prefab":{"__type__":"cc.PrefabInfo","root":{"__id__":1},"asset":{"__uuid__":"lznn539f-2c82-4a95-aa96-025ae8c33cc6"},"fileId":"07KY2+SVtMdYla09Sk4IA5"},"_contentSize":{"__type__":"cc.Size","width":370,"height":100},"_anchorPoint":{"__type__":"cc.Vec2","y":0.5},"_trs":{"__type__":"TypedArray","ctor":"Float64Array","array":[-60,-90,0,0,0,0,1,1,1,1]}}],{"__type__":"cc.SpriteFrame","content":{"name":"btn_anniu","texture":"lznnaf8d-8970-44be-a2c8-93f8e3f0330d","rect":[0,0,191,73],"offset":[0,0],"originalSize":[191,73],"capInsets":[0,0,0,0]}},{"__type__":"cc.SpriteFrame","content":{"name":"bg_chat_zuobg_g","texture":"lznn22a0-8660-4be8-83af-4c2844601ac5","rect":[0,0,160,95],"offset":[0,0],"originalSize":[160,95],"capInsets":[66,0,39,0]}},{"__type__":"cc.SpriteFrame","content":{"name":"icon_chat_huatong2","texture":"lznn281d-6ea8-4f53-bae8-06b4dd16895d","rect":[0,0,7,22],"offset":[-0.5,0],"originalSize":[8,22],"capInsets":[0,0,0,0]}},{"__type__":"cc.SpriteFrame","content":{"name":"bg_chat_you","texture":"lznn6bcd-2bbe-4d65-8b64-dc1a24c2a72d","rect":[0,0,160,95],"offset":[0,0],"originalSize":[160,95],"capInsets":[44,0,56,0]}},{"__type__":"cc.SpriteFrame","content":{"name":"icon_chat_huatong1","texture":"lznnc383-b964-49e4-81bf-472198d91100","rect":[0,2,4,12],"offset":[-1,-1],"originalSize":[6,14],"capInsets":[0,0,0,0]}}]