[{"__type__":"cc.SpriteFrame","content":{"name":"img_jrqyq","texture":"36l1uJDcNNxZ/F8XwPkaCI","rect":[0,0,440,300],"offset":[0,10],"originalSize":[440,320],"capInsets":[0,0,0,0]}},{"__type__":"cc.SpriteFrame","content":{"name":"default_btn_disabled","texture":"71VhFCTINJM6/Ky3oX9nBT","rect":[0,0,40,40],"offset":[0,0],"originalSize":[40,40],"capInsets":[12,12,12,12]}},{"__type__":"cc.SpriteFrame","content":{"name":"bj_qyq","texture":"14Y3lmrklLFoOP0m8usv0Q","rect":[0,0,1750,800],"offset":[0,0],"originalSize":[1750,800],"capInsets":[0,0,0,0]}},[{"__type__":"cc.Prefab","_name":"UIClubNone","data":{"__id__":1}},{"__type__":"cc.Node","_name":"UIClubNone","_children":[{"__id__":2},{"__id__":3},{"__id__":4},{"__id__":6}],"_components":[{"__type__":"cc.Button","node":{"__id__":1},"_N$normalColor":{"__type__":"cc.Color","r":214,"g":214,"b":214},"_N$target":{"__id__":1}},{"__type__":"cc.Widget","node":{"__id__":1},"alignMode":0,"_alignFlags":45,"_originalWidth":1360,"_originalHeight":760},{"__type__":"868fcO8e7hEaYjbrZyx84qN","node":{"__id__":1}}],"_prefab":{"__type__":"cc.PrefabInfo","root":{"__id__":1},"asset":{"__uuid__":"84Sf9tC09GSbu4WLoz5xcD"},"fileId":"835af1r8rFM8Y7HA6PXP/Hu"},"_contentSize":{"__type__":"cc.Size","width":1360,"height":760},"_trs":{"__type__":"TypedArray","ctor":"Float64Array","array":[680,380,0,0,0,0,1,1,1,1]}},{"__type__":"cc.Node","_name":"bg_bottom_popup","_parent":{"__id__":1},"_components":[{"__type__":"cc.Sprite","node":{"__id__":2},"_spriteFrame":{"__uuid__":"47Fncmp7FMzIxYF3T2vdhh"},"_type":1},{"__type__":"cc.Widget","node":{"__id__":2},"alignMode":0,"_alignFlags":45,"_left":-195,"_right":-195,"_top":-20,"_bottom":-20,"_originalWidth":10,"_originalHeight":10}],"_prefab":{"__type__":"cc.PrefabInfo","root":{"__id__":1},"asset":{"__uuid__":"84Sf9tC09GSbu4WLoz5xcD"},"fileId":"6ba51g3b3pO66yv9uNlHnpH"},"_contentSize":{"__type__":"cc.Size","width":1750,"height":800},"_trs":{"__type__":"TypedArray","ctor":"Float64Array","array":[0,0,0,0,0,0,1,1,1,1]}},{"__type__":"cc.Node","_name":"btn_close","_parent":{"__id__":1},"_components":[{"__type__":"cc.Sprite","node":{"__id__":3},"_spriteFrame":{"__uuid__":"d6kOg0X+9B1o9s+u0dOF0c"}},{"__type__":"cc.Widget","node":{"__id__":3},"alignMode":0,"_alignFlags":33},{"__type__":"cc.Button","node":{"__id__":3},"clickEvents":[{"__type__":"cc.ClickEvent","target":{"__id__":1},"_componentId":"868fcO8e7hEaYjbrZyx84qN","handler":"OnClick_BtnWnd"}],"_N$transition":3,"transition":3,"_N$normalColor":{"__type__":"cc.Color","r":214,"g":214,"b":214},"_N$target":{"__id__":3}}],"_prefab":{"__type__":"cc.PrefabInfo","root":{"__id__":1},"asset":{"__uuid__":"84Sf9tC09GSbu4WLoz5xcD"},"fileId":"2bc23w53SJHlIabsCmEQ+vi"},"_contentSize":{"__type__":"cc.Size","width":136,"height":66},"_trs":{"__type__":"TypedArray","ctor":"Float64Array","array":[612,347,0,0,0,0,1,1,1,1]}},{"__type__":"cc.Node","_name":"sp_join","_parent":{"__id__":1},"_children":[{"__id__":5}],"_components":[{"__type__":"cc.Sprite","node":{"__id__":4},"_spriteFrame":{"__uuid__":"17TChH5/ZC3KVInB+/LkWK"}}],"_prefab":{"__type__":"cc.PrefabInfo","root":{"__id__":1},"asset":{"__uuid__":"84Sf9tC09GSbu4WLoz5xcD"},"fileId":"8afbcCgcvlML5RrMfF3JbZj"},"_contentSize":{"__type__":"cc.Size","width":440,"height":300},"_trs":{"__type__":"TypedArray","ctor":"Float64Array","array":[-287,20,0,0,0,0,1,1,1,1]}},{"__type__":"cc.Node","_name":"btn_join","_parent":{"__id__":4},"_components":[{"__type__":"cc.Button","node":{"__id__":5},"clickEvents":[{"__type__":"cc.ClickEvent","target":{"__id__":1},"_componentId":"868fcO8e7hEaYjbrZyx84qN","handler":"OnClick_BtnWnd"}],"_N$transition":3,"transition":3,"_N$normalColor":{"__type__":"cc.Color","r":230,"g":230,"b":230},"_N$pressedColor":{"__type__":"cc.Color","r":200,"g":200,"b":200},"pressedColor":{"__type__":"cc.Color","r":200,"g":200,"b":200},"_N$disabledColor":{"__type__":"cc.Color","r":120,"g":120,"b":120,"a":200},"_N$normalSprite":{"__uuid__":"f0BIwQ8D5Ml7nTNQbh1YlS"},"_N$pressedSprite":{"__uuid__":"e97GVMl6JHh5Ml5qEDdSGa"},"pressedSprite":{"__uuid__":"e97GVMl6JHh5Ml5qEDdSGa"},"_N$hoverSprite":{"__uuid__":"f0BIwQ8D5Ml7nTNQbh1YlS"},"hoverSprite":{"__uuid__":"f0BIwQ8D5Ml7nTNQbh1YlS"},"_N$disabledSprite":{"__uuid__":"29FYIk+N1GYaeWH/q1NxQO"},"_N$target":{"__id__":5}},{"__type__":"cc.Sprite","node":{"__id__":5},"_spriteFrame":{"__uuid__":"d08r+tDcFKDKtQ0CYhPZ+G"}}],"_prefab":{"__type__":"cc.PrefabInfo","root":{"__id__":1},"asset":{"__uuid__":"84Sf9tC09GSbu4WLoz5xcD"},"fileId":"6cIQE0m4VJWbCWBniWwnMZ"},"_contentSize":{"__type__":"cc.Size","width":243,"height":75},"_trs":{"__type__":"TypedArray","ctor":"Float64Array","array":[0,-200,0,0,0,0,1,1,1,1]}},{"__type__":"cc.Node","_name":"sp_create","_parent":{"__id__":1},"_children":[{"__id__":7}],"_components":[{"__type__":"cc.Sprite","node":{"__id__":6},"_spriteFrame":{"__uuid__":"f3mKaX2/JEJKibIy9U1AVT"}}],"_prefab":{"__type__":"cc.PrefabInfo","root":{"__id__":1},"asset":{"__uuid__":"84Sf9tC09GSbu4WLoz5xcD"},"fileId":"4bjPs/T6hKL6kjrDsyyWvz"},"_contentSize":{"__type__":"cc.Size","width":440,"height":320},"_trs":{"__type__":"TypedArray","ctor":"Float64Array","array":[287,20,0,0,0,0,1,1,1,1]}},{"__type__":"cc.Node","_name":"btn_create","_parent":{"__id__":6},"_components":[{"__type__":"cc.Sprite","node":{"__id__":7},"_spriteFrame":{"__uuid__":"dehWRQPLlPQrMArITJbTBi"}},{"__type__":"cc.Button","node":{"__id__":7},"clickEvents":[{"__type__":"cc.ClickEvent","target":{"__id__":1},"_componentId":"868fcO8e7hEaYjbrZyx84qN","handler":"OnClick_BtnWnd"}],"_N$transition":3,"transition":3,"_N$normalColor":{"__type__":"cc.Color","r":214,"g":214,"b":214},"_N$target":{"__id__":7}}],"_prefab":{"__type__":"cc.PrefabInfo","root":{"__id__":1},"asset":{"__uuid__":"84Sf9tC09GSbu4WLoz5xcD"},"fileId":"a8RI9nK/1DJrBh4DxwYypn"},"_contentSize":{"__type__":"cc.Size","width":243,"height":75},"_trs":{"__type__":"TypedArray","ctor":"Float64Array","array":[0,-200,0,0,0,0,1,1,1,1]}}],{"__type__":"cc.SpriteFrame","content":{"name":"btn_jrqyq","texture":"33nxquH/JJkoTHLihf4+Ic","rect":[0,0,243,75],"offset":[0,0],"originalSize":[243,75],"capInsets":[0,0,0,0]}},{"__type__":"cc.SpriteFrame","content":{"name":"icon_return","texture":"55LXY3ojNHEpXMboFMkbxq","rect":[0,0,136,66],"offset":[0,0],"originalSize":[136,66],"capInsets":[0,0,0,0]}},{"__type__":"cc.SpriteFrame","content":{"name":"btn_cjqyq","texture":"eadSl22u9JJILC9x56dJ82","rect":[0,0,243,75],"offset":[0,0],"originalSize":[243,75],"capInsets":[0,0,0,0]}},{"__type__":"cc.SpriteFrame","content":{"name":"default_btn_pressed","texture":"b4P/PCArtIdIH38t6mlw8Y","rect":[0,0,40,40],"offset":[0,0],"originalSize":[40,40],"capInsets":[12,12,12,12]}},{"__type__":"cc.SpriteFrame","content":{"name":"default_btn_normal","texture":"e8Ueib+qJEhL6mXAHdnwbi","rect":[0,0,40,40],"offset":[0,0],"originalSize":[40,40],"capInsets":[12,12,12,12]}},{"__type__":"cc.SpriteFrame","content":{"name":"img_cjqyq","texture":"eelRFFQwlLQ6f6WAdWBFml","rect":[0,0,440,320],"offset":[0,0],"originalSize":[440,320],"capInsets":[0,0,0,0]}}]