[{"__type__":"cc.SpriteFrame","content":{"name":"bg","texture":"2bk2SN6/xFMaP0MbFpHJSj","rect":[0,0,1046,269],"offset":[0,0],"originalSize":[1046,269],"capInsets":[0,0,0,0]}},{"__type__":"cc.SpriteFrame","content":{"name":"img_tg","texture":"ab+jL1JkFN37uRZ+5KmALC","rect":[0,0,406,52],"offset":[0,0],"originalSize":[406,52],"capInsets":[0,0,0,0]}},{"__type__":"cc.SpriteFrame","content":{"name":"btn_rhgz","texture":"4dm3XzTqZIXLzWRfw1GHDk","rect":[0,0,323,80],"offset":[0,0],"originalSize":[323,80],"capInsets":[0,0,0,0]}},{"__type__":"cc.SpriteFrame","content":{"name":"img_sqcg02","texture":"6btrMGfxdKeperSpp76NAp","rect":[0,0,110,78],"offset":[0,0],"originalSize":[110,78],"capInsets":[0,0,0,0]}},{"__type__":"cc.SpriteFrame","content":{"name":"img_fgx","texture":"accygwyXxI/5n2l0V6VFRH","rect":[203,450,955,4],"offset":[0.5,-72],"originalSize":[1360,760],"capInsets":[0,0,0,0]}},{"__type__":"cc.SpriteFrame","content":{"name":"img_tjsq","texture":"4dUKEkEehBIJ+JPPDExpt1","rect":[0,0,148,38],"offset":[0,0],"originalSize":[148,38],"capInsets":[0,0,0,0]}},{"__type__":"cc.SpriteFrame","content":{"name":"img_txxx","texture":"47mkB1Z+FABZ9MebfUDzWR","rect":[0,0,113,78],"offset":[0,0],"originalSize":[113,78],"capInsets":[0,0,0,0]}},{"__type__":"cc.SpriteFrame","content":{"name":"default_btn_disabled","texture":"71VhFCTINJM6/Ky3oX9nBT","rect":[0,0,40,40],"offset":[0,0],"originalSize":[40,40],"capInsets":[12,12,12,12]}},{"__type__":"cc.SpriteFrame","content":{"name":"btn_short_org","texture":"49+r5mDyBNapD03aKSQGhl","rect":[0,0,223,80],"offset":[0,0],"originalSize":[223,80],"capInsets":[0,0,0,0]}},{"__type__":"cc.SpriteFrame","content":{"name":"btn_fz","texture":"0edsO0QKBF2qoDx75Wts+e","rect":[0,0,144,54],"offset":[0,0],"originalSize":[144,54],"capInsets":[0,0,0,0]}},{"__type__":"cc.SpriteFrame","content":{"name":"img_hm","texture":"e1r7srg6FPuqLifk/k77NB","rect":[0,0,158,34],"offset":[0,0],"originalSize":[158,34],"capInsets":[0,0,0,0]}},{"__type__":"cc.SpriteFrame","content":{"name":"bg_bj01","texture":"397mId04JB67Cg2okLrmyZ","rect":[0,0,1560,720],"offset":[0,0],"originalSize":[1560,720],"capInsets":[0,0,0,0]}},{"__type__":"cc.SpriteFrame","content":{"name":"btn_fzwxh","texture":"557c+fmR1PWan63wTs54Vb","rect":[0,0,141,43],"offset":[0,0],"originalSize":[141,43],"capInsets":[0,0,0,0]}},{"__type__":"cc.SpriteFrame","content":{"name":"bg_sr","texture":"91ud6BouFFYa4lGwwFaz6N","rect":[0,0,408,64],"offset":[0,0],"originalSize":[408,64],"capInsets":[20,0,20,0]}},{"__type__":"cc.SpriteFrame","content":{"name":"img_js","texture":"ee8UCBLrZFYYCO5iHlXff2","rect":[0,0,140,75],"offset":[0,0],"originalSize":[140,75],"capInsets":[0,0,0,0]}},{"__type__":"cc.SpriteFrame","content":{"name":"img_ts","texture":"7a7sYFcjVG4bbj8MBfNIaG","rect":[0,0,286,106],"offset":[0,0],"originalSize":[286,106],"capInsets":[0,0,0,0]}},{"__type__":"cc.SpriteFrame","content":{"name":"img_ddsh01","texture":"fc4P0ZYXxBqoJmqboMedQc","rect":[0,0,113,78],"offset":[0,0],"originalSize":[113,78],"capInsets":[0,0,0,0]}},{"__type__":"cc.SpriteFrame","content":{"name":"img_t_yzm","texture":"221WDXsONDR43/GZemaddl","rect":[0,0,150,37],"offset":[0,0],"originalSize":[150,37],"capInsets":[0,0,0,0]}},{"__type__":"cc.SpriteFrame","content":{"name":"img_jdt","texture":"637OnP0v9LWpoqqswlKYZu","rect":[0,0,907,8],"offset":[0,0],"originalSize":[907,8],"capInsets":[0,0,0,0]}},{"__type__":"cc.SpriteFrame","content":{"name":"bg_jdt","texture":"41K+w3791P/a2+u/LueXPj","rect":[0,0,1360,129],"offset":[0,0],"originalSize":[1360,129],"capInsets":[0,0,0,0]}},{"__type__":"cc.SpriteFrame","content":{"name":"check_qr","texture":"92FlByhpNGW4ouWwLFFe0z","rect":[0,0,35,35],"offset":[0,0],"originalSize":[35,35],"capInsets":[0,0,0,0]}},{"__type__":"cc.SpriteFrame","content":{"name":"img_gg","texture":"14WYV5Nx5FJ4PlrnLilKD2","rect":[0,0,620,156],"offset":[0,0],"originalSize":[620,156],"capInsets":[0,0,0,0]}},{"__type__":"cc.SpriteFrame","content":{"name":"bg_grjs","texture":"cd5ddJWLZITpw22K2/MJ6C","rect":[0,0,1005,104],"offset":[0,0],"originalSize":[1005,104],"capInsets":[0,0,0,0]}},{"__type__":"cc.SpriteFrame","content":{"name":"check_qr01","texture":"5djaNhH6lPP6ZMyptxWsfF","rect":[0,0,33,32],"offset":[0,0],"originalSize":[33,32],"capInsets":[0,0,0,0]}},{"__type__":"cc.SpriteFrame","content":{"name":"img_ddsh02","texture":"6cL1CuLYhNWIJpnhxItkFF","rect":[0,0,113,78],"offset":[0,0],"originalSize":[113,78],"capInsets":[0,0,0,0]}},{"__type__":"cc.SpriteFrame","content":{"name":"img_yzm","texture":"a1KaChQYtHTpmTZLtvQESb","rect":[0,0,158,34],"offset":[0,0],"originalSize":[158,34],"capInsets":[0,0,0,0]}},{"__type__":"cc.SpriteFrame","content":{"name":"bg_btl","texture":"0frsyL4ftOnLyH+8y52uaK","rect":[0,0,413,82],"offset":[0,0],"originalSize":[413,82],"capInsets":[0,0,0,0]}},{"__type__":"cc.SpriteFrame","content":{"name":"img_sqcg01","texture":"4dm1d/U7xMJLJQoJctHSsQ","rect":[0,0,110,78],"offset":[0,0],"originalSize":[110,78],"capInsets":[0,0,0,0]}},{"__type__":"cc.SpriteFrame","content":{"name":"bg_xxl","texture":"d5g1ZG55ZBkYi1lOGg2VNb","rect":[0,0,1283,387],"offset":[0,0],"originalSize":[1283,387],"capInsets":[0,0,0,0]}},{"__type__":"cc.SpriteFrame","content":{"name":"img_bg_jdt","texture":"b3v4gV/0lHV4y84XML1XDh","rect":[0,0,908,11],"offset":[0,0],"originalSize":[908,11],"capInsets":[0,0,0,0]}},[{"__type__":"cc.Prefab","_name":"UIDaiLiCopy","data":{"__id__":1}},{"__type__":"cc.Node","_name":"UIDaiLiCopy","_children":[{"__id__":2},{"__id__":3},{"__id__":5},{"__id__":7},{"__id__":75},{"__id__":100},{"__id__":120}],"_components":[{"__type__":"cc.Widget","node":{"__id__":1},"alignMode":0,"_alignFlags":45,"_originalWidth":750,"_originalHeight":1360},{"__type__":"cc.Sprite","node":{"__id__":1},"_sizeMode":0},{"__type__":"56888KiPBlBKLRDy/uoxZJK","node":{"__id__":1},"ZorderLv":9,"step1":{"__id__":7},"step2":{"__id__":75},"step3":{"__id__":100},"edit_name":{"__id__":25},"edit_phone":{"__id__":36},"edit_yzm":{"__id__":47},"edit_jieshao":{"__id__":60},"toggle":{"__id__":70},"hint":{"__id__":120},"lb_time":{"__id__":87},"step2WeiXin":{"__id__":91},"step2WeiXinRich":{"__id__":97},"step3WeiXinRich":{"__id__":113},"weixin":{"__id__":65}},{"__type__":"cc.BlockInputEvents","node":{"__id__":1}},{"__type__":"cc.Button","node":{"__id__":1},"_N$normalColor":{"__type__":"cc.Color","r":214,"g":214,"b":214}}],"_prefab":{"__type__":"cc.PrefabInfo","root":{"__id__":1},"asset":{"__uuid__":"d8QoKJbkdCtKPmhfHd5QC9"},"fileId":"b36114fnQJNTpUPQLk8ewvP"},"_contentSize":{"__type__":"cc.Size","width":1360,"height":760},"_trs":{"__type__":"TypedArray","ctor":"Float64Array","array":[680,380,0,0,0,0,1,1,1,1]}},{"__type__":"cc.Node","_name":"bg","_parent":{"__id__":1},"_components":[{"__type__":"cc.Sprite","node":{"__id__":2},"_materials":[{"__uuid__":"ecpdLyjvZBwrvm+cedCcQy"}],"_spriteFrame":{"__uuid__":"44oMWTaclJBKkBYUGHW71y"},"_type":1}],"_prefab":{"__type__":"cc.PrefabInfo","root":{"__id__":1},"asset":{"__uuid__":"d8QoKJbkdCtKPmhfHd5QC9"},"fileId":"d085fKa7XBPUYOQJNhN6XKs"},"_contentSize":{"__type__":"cc.Size","width":1750,"height":800},"_trs":{"__type__":"TypedArray","ctor":"Float64Array","array":[0,0,0,0,0,0,1,1,1,1]}},{"__type__":"cc.Node","_name":"title","_parent":{"__id__":1},"_children":[{"__id__":4}],"_components":[{"__type__":"cc.Sprite","node":{"__id__":3},"_materials":[{"__uuid__":"ecpdLyjvZBwrvm+cedCcQy"}],"_spriteFrame":{"__uuid__":"cdpTlfPN1FlLCf9iLkTa+d"}},{"__type__":"cc.Widget","node":{"__id__":3},"_alignFlags":17}],"_prefab":{"__type__":"cc.PrefabInfo","root":{"__id__":1},"asset":{"__uuid__":"d8QoKJbkdCtKPmhfHd5QC9"},"fileId":"7cG5uD/GRNvoRmFoEV47CG"},"_contentSize":{"__type__":"cc.Size","width":413,"height":82},"_trs":{"__type__":"TypedArray","ctor":"Float64Array","array":[0,339,0,0,0,0,1,1,1,1]}},{"__type__":"cc.Node","_name":"label","_parent":{"__id__":3},"_components":[{"__type__":"cc.Label","node":{"__id__":4},"_materials":[{"__uuid__":"ecpdLyjvZBwrvm+cedCcQy"}],"_useOriginalSize":false,"_string":"合作申请","_N$string":"合作申请","_fontSize":1,"_lineHeight":1,"_N$file":{"__uuid__":"dfQWsosahDfbsfQh+M8v0l"},"_isSystemFontUsed":false,"_N$horizontalAlign":1,"_N$verticalAlign":1}],"_prefab":{"__type__":"cc.PrefabInfo","root":{"__id__":1},"asset":{"__uuid__":"d8QoKJbkdCtKPmhfHd5QC9"},"fileId":"66o+w7OpZHWaEmVX6eXrjL"},"_contentSize":{"__type__":"cc.Size","width":196,"height":1},"_trs":{"__type__":"TypedArray","ctor":"Float64Array","array":[0,20,0,0,0,0,1,1,1,1]}},{"__type__":"cc.Node","_name":"bg_btn_fh","_parent":{"__id__":1},"_children":[{"__id__":6}],"_components":[{"__type__":"cc.Sprite","node":{"__id__":5},"_materials":[{"__uuid__":"ecpdLyjvZBwrvm+cedCcQy"}],"_spriteFrame":{"__uuid__":"f4i+nE7I5IHrYGvz+gH3K/"}},{"__type__":"cc.Widget","node":{"__id__":5},"_alignFlags":9}],"_prefab":{"__type__":"cc.PrefabInfo","root":{"__id__":1},"asset":{"__uuid__":"d8QoKJbkdCtKPmhfHd5QC9"},"fileId":"6ct/ZIsJ9HjrIjvcNaQgsQ"},"_contentSize":{"__type__":"cc.Size","width":307,"height":80},"_trs":{"__type__":"TypedArray","ctor":"Float64Array","array":[-526.5,340,0,0,0,0,1,1,1,1]}},{"__type__":"cc.Node","_name":"btn_close","_parent":{"__id__":5},"_components":[{"__type__":"cc.Sprite","node":{"__id__":6},"_materials":[{"__uuid__":"ecpdLyjvZBwrvm+cedCcQy"}],"_spriteFrame":{"__uuid__":"e7VeYH68hLKourMfFwKbRW"}},{"__type__":"cc.Button","node":{"__id__":6},"clickEvents":[{"__type__":"cc.ClickEvent","target":{"__id__":1},"_componentId":"56888KiPBlBKLRDy/uoxZJK","handler":"CloseForm"}],"_N$transition":3,"transition":3,"_N$normalColor":{"__type__":"cc.Color","r":214,"g":214,"b":214},"_N$target":{"__id__":6}}],"_prefab":{"__type__":"cc.PrefabInfo","root":{"__id__":1},"asset":{"__uuid__":"d8QoKJbkdCtKPmhfHd5QC9"},"fileId":"cbKUmYsWpAAIhY2XgrMOvg"},"_contentSize":{"__type__":"cc.Size","width":68,"height":68},"_trs":{"__type__":"TypedArray","ctor":"Float64Array","array":[-95.5,3.999999999999986,0,0,0,0,1,1,1,1]}},{"__type__":"cc.Node","_name":"step1","_parent":{"__id__":1},"_children":[{"__id__":8},{"__id__":14},{"__id__":73}],"_active":false,"_components":[{"__type__":"cc.Widget","node":{"__id__":7},"_alignFlags":40}],"_prefab":{"__type__":"cc.PrefabInfo","root":{"__id__":1},"asset":{"__uuid__":"d8QoKJbkdCtKPmhfHd5QC9"},"fileId":"2d7b8QU1JpEyqtXaXXiQ6m2"},"_contentSize":{"__type__":"cc.Size","width":1360},"_trs":{"__type__":"TypedArray","ctor":"Float64Array","array":[0,0,0,0,0,0,1,1,1,1]}},{"__type__":"cc.Node","_name":"top","_parent":{"__id__":7},"_children":[{"__id__":9},{"__id__":10},{"__id__":11},{"__id__":12},{"__id__":13}],"_components":[{"__type__":"cc.Sprite","node":{"__id__":8},"_materials":[{"__uuid__":"ecpdLyjvZBwrvm+cedCcQy"}],"_spriteFrame":{"__uuid__":"7akvuT+7ZIJKfQK27j+I49"},"_sizeMode":0},{"__type__":"cc.Widget","node":{"__id__":8},"_alignFlags":40,"_originalWidth":1360}],"_prefab":{"__type__":"cc.PrefabInfo","root":{"__id__":1},"asset":{"__uuid__":"d8QoKJbkdCtKPmhfHd5QC9"},"fileId":"846BvbCCRN6JUjlN3g970r"},"_contentSize":{"__type__":"cc.Size","width":1360,"height":129},"_trs":{"__type__":"TypedArray","ctor":"Float64Array","array":[0,215,0,0,0,0,1,1,1,1]}},{"__type__":"cc.Node","_name":"img_bg_jdt","_parent":{"__id__":8},"_components":[{"__type__":"cc.Sprite","node":{"__id__":9},"_materials":[{"__uuid__":"ecpdLyjvZBwrvm+cedCcQy"}],"_spriteFrame":{"__uuid__":"d2Jl5vnRBNPo+aiusj7MkI"}}],"_prefab":{"__type__":"cc.PrefabInfo","root":{"__id__":1},"asset":{"__uuid__":"d8QoKJbkdCtKPmhfHd5QC9"},"fileId":"e60CczVp9LmLNgC4Ig4gVS"},"_contentSize":{"__type__":"cc.Size","width":908,"height":11},"_trs":{"__type__":"TypedArray","ctor":"Float64Array","array":[0,12.5,0,0,0,0,1,1,1,1]}},{"__type__":"cc.Node","_name":"line2","_parent":{"__id__":8},"_components":[{"__type__":"cc.Sprite","node":{"__id__":10},"_materials":[{"__uuid__":"ecpdLyjvZBwrvm+cedCcQy"}],"_spriteFrame":{"__uuid__":"77rrwEYoRMPIJ7WWoW0vAz"},"_sizeMode":0}],"_prefab":{"__type__":"cc.PrefabInfo","root":{"__id__":1},"asset":{"__uuid__":"d8QoKJbkdCtKPmhfHd5QC9"},"fileId":"485502ySZF2ZuPS13EKGcD"},"_contentSize":{"__type__":"cc.Size","height":8},"_anchorPoint":{"__type__":"cc.Vec2","y":0.5},"_trs":{"__type__":"TypedArray","ctor":"Float64Array","array":[-454,12.5,0,0,0,0,1,1,1,1]}},{"__type__":"cc.Node","_name":"img_txxx","_parent":{"__id__":8},"_components":[{"__type__":"cc.Sprite","node":{"__id__":11},"_materials":[{"__uuid__":"ecpdLyjvZBwrvm+cedCcQy"}],"_spriteFrame":{"__uuid__":"1eAvWWuQVMyr4ZnVOsnHzU"}}],"_prefab":{"__type__":"cc.PrefabInfo","root":{"__id__":1},"asset":{"__uuid__":"d8QoKJbkdCtKPmhfHd5QC9"},"fileId":"3dWyhhyQVJipleHonoDaMh"},"_contentSize":{"__type__":"cc.Size","width":113,"height":78},"_trs":{"__type__":"TypedArray","ctor":"Float64Array","array":[-455,0,0,0,0,0,1,1,1,1]}},{"__type__":"cc.Node","_name":"img_ddsh01","_parent":{"__id__":8},"_components":[{"__type__":"cc.Sprite","node":{"__id__":12},"_materials":[{"__uuid__":"ecpdLyjvZBwrvm+cedCcQy"}],"_spriteFrame":{"__uuid__":"6fIn9mFUtGn5xI3czshQLT"}}],"_prefab":{"__type__":"cc.PrefabInfo","root":{"__id__":1},"asset":{"__uuid__":"d8QoKJbkdCtKPmhfHd5QC9"},"fileId":"ce/uzJ4zFBoJzGYzPJuxAN"},"_contentSize":{"__type__":"cc.Size","width":113,"height":78},"_trs":{"__type__":"TypedArray","ctor":"Float64Array","array":[0,0,0,0,0,0,1,1,1,1]}},{"__type__":"cc.Node","_name":"img_sqcg01","_parent":{"__id__":8},"_components":[{"__type__":"cc.Sprite","node":{"__id__":13},"_materials":[{"__uuid__":"ecpdLyjvZBwrvm+cedCcQy"}],"_spriteFrame":{"__uuid__":"d0jeQ/rx9GiL++3L46xx3I"}}],"_prefab":{"__type__":"cc.PrefabInfo","root":{"__id__":1},"asset":{"__uuid__":"d8QoKJbkdCtKPmhfHd5QC9"},"fileId":"52r6kFIMJKV5zOzrTV0lEj"},"_contentSize":{"__type__":"cc.Size","width":110,"height":78},"_trs":{"__type__":"TypedArray","ctor":"Float64Array","array":[455,0,0,0,0,0,1,1,1,1]}},{"__type__":"cc.Node","_name":"content","_parent":{"__id__":7},"_children":[{"__id__":15},{"__id__":26},{"__id__":37},{"__id__":50},{"__id__":61},{"__id__":66},{"__id__":71}],"_components":[{"__type__":"cc.Sprite","node":{"__id__":14},"_materials":[{"__uuid__":"ecpdLyjvZBwrvm+cedCcQy"}],"_spriteFrame":{"__uuid__":"d1CVxTBZhItJBjBksoUIQn"}}],"_prefab":{"__type__":"cc.PrefabInfo","root":{"__id__":1},"asset":{"__uuid__":"d8QoKJbkdCtKPmhfHd5QC9"},"fileId":"f7YY5+ecREr7mHjdKCA26s"},"_contentSize":{"__type__":"cc.Size","width":1283,"height":387},"_trs":{"__type__":"TypedArray","ctor":"Float64Array","array":[0,-85,0,0,0,0,1,1,1,1]}},{"__type__":"cc.Node","_name":"name","_parent":{"__id__":14},"_children":[{"__id__":16},{"__id__":17},{"__id__":18}],"_prefab":{"__type__":"cc.PrefabInfo","root":{"__id__":1},"asset":{"__uuid__":"d8QoKJbkdCtKPmhfHd5QC9"},"fileId":"641gMEKiVKIq830Xpc7mP5"},"_trs":{"__type__":"TypedArray","ctor":"Float64Array","array":[-80,145,0,0,0,0,1,1,1,1]}},{"__type__":"cc.Node","_name":"img_xm","_parent":{"__id__":15},"_components":[{"__type__":"cc.Sprite","node":{"__id__":16},"_materials":[{"__uuid__":"ecpdLyjvZBwrvm+cedCcQy"}],"_spriteFrame":{"__uuid__":"f8G6+VQfJAaovMooCZjyqb"}}],"_prefab":{"__type__":"cc.PrefabInfo","root":{"__id__":1},"asset":{"__uuid__":"d8QoKJbkdCtKPmhfHd5QC9"},"fileId":"c4SXIorC1HO6Q/Zj4xOdIa"},"_contentSize":{"__type__":"cc.Size","width":158,"height":36},"_trs":{"__type__":"TypedArray","ctor":"Float64Array","array":[-460,0,0,0,0,0,1,1,1,1]}},{"__type__":"cc.Node","_name":"bg_sr","_parent":{"__id__":15},"_components":[{"__type__":"cc.Sprite","node":{"__id__":17},"_materials":[{"__uuid__":"ecpdLyjvZBwrvm+cedCcQy"}],"_spriteFrame":{"__uuid__":"4amYUFcN9A67qsp6q2ynZp"},"_sizeMode":0}],"_prefab":{"__type__":"cc.PrefabInfo","root":{"__id__":1},"asset":{"__uuid__":"d8QoKJbkdCtKPmhfHd5QC9"},"fileId":"55BL7SxFpLR74QPooxmE5p"},"_contentSize":{"__type__":"cc.Size","width":408,"height":50},"_trs":{"__type__":"TypedArray","ctor":"Float64Array","array":[-160,0,0,0,0,0,1,1,1,1]}},{"__type__":"cc.Node","_name":"editbox","_parent":{"__id__":15},"_children":[{"__id__":19},{"__id__":21},{"__id__":23}],"_components":[{"__id__":25}],"_prefab":{"__type__":"cc.PrefabInfo","root":{"__id__":1},"asset":{"__uuid__":"d8QoKJbkdCtKPmhfHd5QC9"},"fileId":"9aQLSd9EhDBbxYlCAJsoKp"},"_contentSize":{"__type__":"cc.Size","width":380,"height":50},"_trs":{"__type__":"TypedArray","ctor":"Float64Array","array":[-160,0,0,0,0,0,1,1,1,1]}},{"__type__":"cc.Node","_name":"BACKGROUND_SPRITE","_parent":{"__id__":18},"_components":[{"__id__":20}],"_prefab":{"__type__":"cc.PrefabInfo","root":{"__id__":1},"asset":{"__uuid__":"d8QoKJbkdCtKPmhfHd5QC9"},"fileId":"efbZavp+9PcZKM4gcIO64R"},"_contentSize":{"__type__":"cc.Size","width":380,"height":50},"_trs":{"__type__":"TypedArray","ctor":"Float64Array","array":[0,0,0,0,0,0,1,1,1,1]}},{"__type__":"cc.Sprite","node":{"__id__":19},"_type":1},{"__type__":"cc.Node","_name":"TEXT_LABEL","_parent":{"__id__":18},"_active":false,"_components":[{"__id__":22}],"_prefab":{"__type__":"cc.PrefabInfo","root":{"__id__":1},"asset":{"__uuid__":"d8QoKJbkdCtKPmhfHd5QC9"},"fileId":"6aN9KSp7lGh4PXsyl5F0pf"},"_contentSize":{"__type__":"cc.Size","width":378,"height":50},"_anchorPoint":{"__type__":"cc.Vec2","y":1},"_trs":{"__type__":"TypedArray","ctor":"Float64Array","array":[-188,25,0,0,0,0,1,1,1,1]}},{"__type__":"cc.Label","node":{"__id__":21},"_fontSize":30,"_enableWrapText":false,"_N$file":{"__uuid__":"5f5wQekV1CGpJW2meZozWn"},"_isSystemFontUsed":false,"_N$verticalAlign":1,"_N$overflow":1},{"__type__":"cc.Node","_name":"PLACEHOLDER_LABEL","_parent":{"__id__":18},"_components":[{"__id__":24}],"_prefab":{"__type__":"cc.PrefabInfo","root":{"__id__":1},"asset":{"__uuid__":"d8QoKJbkdCtKPmhfHd5QC9"},"fileId":"2812HSgVZBJryi5L5U31pn"},"_contentSize":{"__type__":"cc.Size","width":378,"height":50},"_anchorPoint":{"__type__":"cc.Vec2","y":1},"_trs":{"__type__":"TypedArray","ctor":"Float64Array","array":[-188,25,0,0,0,0,1,1,1,1]}},{"__type__":"cc.Label","node":{"__id__":23},"_materials":[{"__uuid__":"ecpdLyjvZBwrvm+cedCcQy"}],"_string":"请输入真实姓名","_N$string":"请输入真实姓名","_fontSize":30,"_lineHeight":50,"_enableWrapText":false,"_N$file":{"__uuid__":"5f5wQekV1CGpJW2meZozWn"},"_isSystemFontUsed":false,"_N$verticalAlign":1,"_N$overflow":1},{"__type__":"cc.EditBox","node":{"__id__":18},"_useOriginalSize":false,"maxLength":16,"_N$textLabel":{"__id__":22},"_N$placeholderLabel":{"__id__":24},"_N$background":{"__id__":20},"_N$inputMode":6},{"__type__":"cc.Node","_name":"phone","_parent":{"__id__":14},"_children":[{"__id__":27},{"__id__":28},{"__id__":29}],"_prefab":{"__type__":"cc.PrefabInfo","root":{"__id__":1},"asset":{"__uuid__":"d8QoKJbkdCtKPmhfHd5QC9"},"fileId":"0bFMzf+5BHCIneYTLE8t9P"},"_trs":{"__type__":"TypedArray","ctor":"Float64Array","array":[-80,87,0,0,0,0,1,1,1,1]}},{"__type__":"cc.Node","_name":"img_hm","_parent":{"__id__":26},"_components":[{"__type__":"cc.Sprite","node":{"__id__":27},"_materials":[{"__uuid__":"ecpdLyjvZBwrvm+cedCcQy"}],"_spriteFrame":{"__uuid__":"39hcVObSBM7pUv6FC18xkD"}}],"_prefab":{"__type__":"cc.PrefabInfo","root":{"__id__":1},"asset":{"__uuid__":"d8QoKJbkdCtKPmhfHd5QC9"},"fileId":"1bovZVvptKRZKRZ8OD9uPI"},"_contentSize":{"__type__":"cc.Size","width":158,"height":34},"_trs":{"__type__":"TypedArray","ctor":"Float64Array","array":[-460,0,0,0,0,0,1,1,1,1]}},{"__type__":"cc.Node","_name":"bg_sr","_parent":{"__id__":26},"_components":[{"__type__":"cc.Sprite","node":{"__id__":28},"_materials":[{"__uuid__":"ecpdLyjvZBwrvm+cedCcQy"}],"_spriteFrame":{"__uuid__":"4amYUFcN9A67qsp6q2ynZp"},"_sizeMode":0}],"_prefab":{"__type__":"cc.PrefabInfo","root":{"__id__":1},"asset":{"__uuid__":"d8QoKJbkdCtKPmhfHd5QC9"},"fileId":"ceCybcvbFO+p39DfmR9Hj8"},"_contentSize":{"__type__":"cc.Size","width":408,"height":50},"_trs":{"__type__":"TypedArray","ctor":"Float64Array","array":[-160,0,0,0,0,0,1,1,1,1]}},{"__type__":"cc.Node","_name":"editbox","_parent":{"__id__":26},"_children":[{"__id__":30},{"__id__":32},{"__id__":34}],"_components":[{"__id__":36}],"_prefab":{"__type__":"cc.PrefabInfo","root":{"__id__":1},"asset":{"__uuid__":"d8QoKJbkdCtKPmhfHd5QC9"},"fileId":"609JxmvkhNR5Kr2UmyEM3/"},"_contentSize":{"__type__":"cc.Size","width":380,"height":50},"_trs":{"__type__":"TypedArray","ctor":"Float64Array","array":[-160,0,0,0,0,0,1,1,1,1]}},{"__type__":"cc.Node","_name":"BACKGROUND_SPRITE","_parent":{"__id__":29},"_components":[{"__id__":31}],"_prefab":{"__type__":"cc.PrefabInfo","root":{"__id__":1},"asset":{"__uuid__":"d8QoKJbkdCtKPmhfHd5QC9"},"fileId":"58H2J+8WlOk7gRvH7dKf4x"},"_contentSize":{"__type__":"cc.Size","width":380,"height":50},"_trs":{"__type__":"TypedArray","ctor":"Float64Array","array":[0,0,0,0,0,0,1,1,1,1]}},{"__type__":"cc.Sprite","node":{"__id__":30},"_type":1},{"__type__":"cc.Node","_name":"TEXT_LABEL","_parent":{"__id__":29},"_active":false,"_components":[{"__id__":33}],"_prefab":{"__type__":"cc.PrefabInfo","root":{"__id__":1},"asset":{"__uuid__":"d8QoKJbkdCtKPmhfHd5QC9"},"fileId":"8bWRo5fxpAHLRaHlu7+b/a"},"_contentSize":{"__type__":"cc.Size","width":378,"height":50},"_anchorPoint":{"__type__":"cc.Vec2","y":1},"_trs":{"__type__":"TypedArray","ctor":"Float64Array","array":[-188,25,0,0,0,0,1,1,1,1]}},{"__type__":"cc.Label","node":{"__id__":32},"_fontSize":30,"_enableWrapText":false,"_N$file":{"__uuid__":"5f5wQekV1CGpJW2meZozWn"},"_isSystemFontUsed":false,"_N$verticalAlign":1,"_N$overflow":1},{"__type__":"cc.Node","_name":"PLACEHOLDER_LABEL","_parent":{"__id__":29},"_components":[{"__id__":35}],"_prefab":{"__type__":"cc.PrefabInfo","root":{"__id__":1},"asset":{"__uuid__":"d8QoKJbkdCtKPmhfHd5QC9"},"fileId":"5aST/TC/ZHSqR7lZ65imep"},"_contentSize":{"__type__":"cc.Size","width":378,"height":50},"_anchorPoint":{"__type__":"cc.Vec2","y":1},"_trs":{"__type__":"TypedArray","ctor":"Float64Array","array":[-188,25,0,0,0,0,1,1,1,1]}},{"__type__":"cc.Label","node":{"__id__":34},"_materials":[{"__uuid__":"ecpdLyjvZBwrvm+cedCcQy"}],"_string":"请输入手机号码","_N$string":"请输入手机号码","_fontSize":30,"_lineHeight":50,"_enableWrapText":false,"_N$file":{"__uuid__":"5f5wQekV1CGpJW2meZozWn"},"_isSystemFontUsed":false,"_N$verticalAlign":1,"_N$overflow":1},{"__type__":"cc.EditBox","node":{"__id__":29},"_useOriginalSize":false,"maxLength":11,"_N$textLabel":{"__id__":33},"_N$placeholderLabel":{"__id__":35},"_N$background":{"__id__":31},"_N$inputMode":3},{"__type__":"cc.Node","_name":"code","_parent":{"__id__":14},"_children":[{"__id__":38},{"__id__":39},{"__id__":40},{"__id__":48},{"__id__":49}],"_prefab":{"__type__":"cc.PrefabInfo","root":{"__id__":1},"asset":{"__uuid__":"d8QoKJbkdCtKPmhfHd5QC9"},"fileId":"f2pWBygNlJPoYkxprTXouC"},"_trs":{"__type__":"TypedArray","ctor":"Float64Array","array":[-80,32,0,0,0,0,1,1,1,1]}},{"__type__":"cc.Node","_name":"img_hm","_parent":{"__id__":37},"_components":[{"__type__":"cc.Sprite","node":{"__id__":38},"_materials":[{"__uuid__":"ecpdLyjvZBwrvm+cedCcQy"}],"_spriteFrame":{"__uuid__":"c84e4bdB1DUpqr998EtrXb"}}],"_prefab":{"__type__":"cc.PrefabInfo","root":{"__id__":1},"asset":{"__uuid__":"d8QoKJbkdCtKPmhfHd5QC9"},"fileId":"b70bxHec1I+6rgi9ONQO4w"},"_contentSize":{"__type__":"cc.Size","width":158,"height":34},"_trs":{"__type__":"TypedArray","ctor":"Float64Array","array":[-460,0,0,0,0,0,1,1,1,1]}},{"__type__":"cc.Node","_name":"bg_sr","_parent":{"__id__":37},"_components":[{"__type__":"cc.Sprite","node":{"__id__":39},"_materials":[{"__uuid__":"ecpdLyjvZBwrvm+cedCcQy"}],"_spriteFrame":{"__uuid__":"4amYUFcN9A67qsp6q2ynZp"},"_sizeMode":0}],"_prefab":{"__type__":"cc.PrefabInfo","root":{"__id__":1},"asset":{"__uuid__":"d8QoKJbkdCtKPmhfHd5QC9"},"fileId":"36YgS/x7tK0pSozyJ1gtPU"},"_contentSize":{"__type__":"cc.Size","width":200,"height":50},"_trs":{"__type__":"TypedArray","ctor":"Float64Array","array":[-262,0,0,0,0,0,1,1,1,1]}},{"__type__":"cc.Node","_name":"editbox","_parent":{"__id__":37},"_children":[{"__id__":41},{"__id__":43},{"__id__":45}],"_components":[{"__id__":47}],"_prefab":{"__type__":"cc.PrefabInfo","root":{"__id__":1},"asset":{"__uuid__":"d8QoKJbkdCtKPmhfHd5QC9"},"fileId":"27F/PvpIRHiZYQjaTyLI00"},"_contentSize":{"__type__":"cc.Size","width":200,"height":50},"_trs":{"__type__":"TypedArray","ctor":"Float64Array","array":[-262,0,0,0,0,0,1,1,1,1]}},{"__type__":"cc.Node","_name":"BACKGROUND_SPRITE","_parent":{"__id__":40},"_components":[{"__id__":42}],"_prefab":{"__type__":"cc.PrefabInfo","root":{"__id__":1},"asset":{"__uuid__":"d8QoKJbkdCtKPmhfHd5QC9"},"fileId":"d0BOnAR9xJmb9k0hwAwkWq"},"_contentSize":{"__type__":"cc.Size","width":200,"height":50},"_trs":{"__type__":"TypedArray","ctor":"Float64Array","array":[0,0,0,0,0,0,1,1,1,1]}},{"__type__":"cc.Sprite","node":{"__id__":41},"_type":1},{"__type__":"cc.Node","_name":"TEXT_LABEL","_parent":{"__id__":40},"_active":false,"_components":[{"__id__":44}],"_prefab":{"__type__":"cc.PrefabInfo","root":{"__id__":1},"asset":{"__uuid__":"d8QoKJbkdCtKPmhfHd5QC9"},"fileId":"94kfJEowhLPJQjC+lM6IiF"},"_contentSize":{"__type__":"cc.Size","width":198,"height":50},"_anchorPoint":{"__type__":"cc.Vec2","y":1},"_trs":{"__type__":"TypedArray","ctor":"Float64Array","array":[-98,25,0,0,0,0,1,1,1,1]}},{"__type__":"cc.Label","node":{"__id__":43},"_fontSize":30,"_enableWrapText":false,"_N$file":{"__uuid__":"5f5wQekV1CGpJW2meZozWn"},"_isSystemFontUsed":false,"_N$verticalAlign":1,"_N$overflow":1},{"__type__":"cc.Node","_name":"PLACEHOLDER_LABEL","_parent":{"__id__":40},"_components":[{"__id__":46}],"_prefab":{"__type__":"cc.PrefabInfo","root":{"__id__":1},"asset":{"__uuid__":"d8QoKJbkdCtKPmhfHd5QC9"},"fileId":"b5vViAE+hJTqpckoHwIBiI"},"_contentSize":{"__type__":"cc.Size","width":198,"height":50},"_anchorPoint":{"__type__":"cc.Vec2","y":1},"_trs":{"__type__":"TypedArray","ctor":"Float64Array","array":[-98,25,0,0,0,0,1,1,1,1]}},{"__type__":"cc.Label","node":{"__id__":45},"_materials":[{"__uuid__":"ecpdLyjvZBwrvm+cedCcQy"}],"_string":"请输入验证码","_N$string":"请输入验证码","_fontSize":30,"_lineHeight":50,"_enableWrapText":false,"_N$file":{"__uuid__":"5f5wQekV1CGpJW2meZozWn"},"_isSystemFontUsed":false,"_N$verticalAlign":1,"_N$overflow":1},{"__type__":"cc.EditBox","node":{"__id__":40},"_useOriginalSize":false,"maxLength":11,"_N$textLabel":{"__id__":44},"_N$placeholderLabel":{"__id__":46},"_N$background":{"__id__":42},"_N$inputMode":3},{"__type__":"cc.Node","_name":"btn_yzm","_parent":{"__id__":37},"_components":[{"__type__":"cc.Sprite","node":{"__id__":48},"_materials":[{"__uuid__":"ecpdLyjvZBwrvm+cedCcQy"}],"_spriteFrame":{"__uuid__":"71YbcrudVD8qPoTcW2rix2"}},{"__type__":"cc.Button","node":{"__id__":48},"clickEvents":[{"__type__":"cc.ClickEvent","target":{"__id__":1},"_componentId":"56888KiPBlBKLRDy/uoxZJK","handler":"OnClick_BtnWnd"}],"_N$transition":3,"transition":3,"_N$normalColor":{"__type__":"cc.Color","r":230,"g":230,"b":230},"_N$pressedColor":{"__type__":"cc.Color","r":200,"g":200,"b":200},"pressedColor":{"__type__":"cc.Color","r":200,"g":200,"b":200},"_N$disabledColor":{"__type__":"cc.Color","r":120,"g":120,"b":120,"a":200},"_N$normalSprite":{"__uuid__":"f0BIwQ8D5Ml7nTNQbh1YlS"},"_N$pressedSprite":{"__uuid__":"e97GVMl6JHh5Ml5qEDdSGa"},"pressedSprite":{"__uuid__":"e97GVMl6JHh5Ml5qEDdSGa"},"_N$hoverSprite":{"__uuid__":"f0BIwQ8D5Ml7nTNQbh1YlS"},"hoverSprite":{"__uuid__":"f0BIwQ8D5Ml7nTNQbh1YlS"},"_N$disabledSprite":{"__uuid__":"29FYIk+N1GYaeWH/q1NxQO"},"_N$target":{"__id__":48}}],"_prefab":{"__type__":"cc.PrefabInfo","root":{"__id__":1},"asset":{"__uuid__":"d8QoKJbkdCtKPmhfHd5QC9"},"fileId":"aaKljXWw9AdbkfGrWBOmff"},"_contentSize":{"__type__":"cc.Size","width":150,"height":37},"_trs":{"__type__":"TypedArray","ctor":"Float64Array","array":[-39,-3,0,0,0,0,1,1,1,1]}},{"__type__":"cc.Node","_name":"tip_yzm","_parent":{"__id__":37},"_components":[{"__type__":"cc.Label","node":{"__id__":49},"_materials":[{"__uuid__":"ecpdLyjvZBwrvm+cedCcQy"}],"_useOriginalSize":false,"_fontSize":22,"_lineHeight":25,"_N$file":{"__uuid__":"5f5wQekV1CGpJW2meZozWn"},"_isSystemFontUsed":false,"_N$horizontalAlign":1,"_N$verticalAlign":1}],"_prefab":{"__type__":"cc.PrefabInfo","root":{"__id__":1},"asset":{"__uuid__":"d8QoKJbkdCtKPmhfHd5QC9"},"fileId":"0feUrmHzBKFqMDl/WEXzRh"},"_color":{"__type__":"cc.Color","r":108,"g":87,"b":87},"_contentSize":{"__type__":"cc.Size","height":31.5},"_anchorPoint":{"__type__":"cc.Vec2","y":0.5},"_trs":{"__type__":"TypedArray","ctor":"Float64Array","array":[-110.1,-0.8,0,0,0,0,1,1,1,1]}},{"__type__":"cc.Node","_name":"jieshao","_parent":{"__id__":14},"_children":[{"__id__":51},{"__id__":52},{"__id__":53}],"_prefab":{"__type__":"cc.PrefabInfo","root":{"__id__":1},"asset":{"__uuid__":"d8QoKJbkdCtKPmhfHd5QC9"},"fileId":"fd53xLiINN/LekESgZhgmj"},"_trs":{"__type__":"TypedArray","ctor":"Float64Array","array":[-80,-46,0,0,0,0,1,1,1,1]}},{"__type__":"cc.Node","_name":"img_js","_parent":{"__id__":50},"_components":[{"__type__":"cc.Sprite","node":{"__id__":51},"_materials":[{"__uuid__":"ecpdLyjvZBwrvm+cedCcQy"}],"_spriteFrame":{"__uuid__":"561nHZ+3ND6bL1Kt5ww0Ch"}}],"_prefab":{"__type__":"cc.PrefabInfo","root":{"__id__":1},"asset":{"__uuid__":"d8QoKJbkdCtKPmhfHd5QC9"},"fileId":"10b8AfWXlMmKkxVrJ+5VbB"},"_contentSize":{"__type__":"cc.Size","width":140,"height":75},"_trs":{"__type__":"TypedArray","ctor":"Float64Array","array":[-452,0,0,0,0,0,1,1,1,1]}},{"__type__":"cc.Node","_name":"bg_grjs","_parent":{"__id__":50},"_components":[{"__type__":"cc.Sprite","node":{"__id__":52},"_materials":[{"__uuid__":"ecpdLyjvZBwrvm+cedCcQy"}],"_spriteFrame":{"__uuid__":"97wZQcQYBOYpw+KRZHSJcz"}}],"_prefab":{"__type__":"cc.PrefabInfo","root":{"__id__":1},"asset":{"__uuid__":"d8QoKJbkdCtKPmhfHd5QC9"},"fileId":"f0LaQshs5E7pifKUhhSODc"},"_contentSize":{"__type__":"cc.Size","width":1005,"height":104},"_trs":{"__type__":"TypedArray","ctor":"Float64Array","array":[139,-9,0,0,0,0,1,1,1,1]}},{"__type__":"cc.Node","_name":"editbox","_parent":{"__id__":50},"_children":[{"__id__":54},{"__id__":56},{"__id__":58}],"_components":[{"__id__":60}],"_prefab":{"__type__":"cc.PrefabInfo","root":{"__id__":1},"asset":{"__uuid__":"d8QoKJbkdCtKPmhfHd5QC9"},"fileId":"501MPPRS5AK6gAAxxTw+27"},"_contentSize":{"__type__":"cc.Size","width":980,"height":86},"_trs":{"__type__":"TypedArray","ctor":"Float64Array","array":[139,-9,0,0,0,0,1,1,1,1]}},{"__type__":"cc.Node","_name":"BACKGROUND_SPRITE","_parent":{"__id__":53},"_components":[{"__id__":55}],"_prefab":{"__type__":"cc.PrefabInfo","root":{"__id__":1},"asset":{"__uuid__":"d8QoKJbkdCtKPmhfHd5QC9"},"fileId":"bb9Ym4v/5L+6iohe58BAzP"},"_contentSize":{"__type__":"cc.Size","width":980,"height":86},"_trs":{"__type__":"TypedArray","ctor":"Float64Array","array":[0,0,0,0,0,0,1,1,1,1]}},{"__type__":"cc.Sprite","node":{"__id__":54},"_type":1},{"__type__":"cc.Node","_name":"TEXT_LABEL","_parent":{"__id__":53},"_active":false,"_components":[{"__id__":57}],"_prefab":{"__type__":"cc.PrefabInfo","root":{"__id__":1},"asset":{"__uuid__":"d8QoKJbkdCtKPmhfHd5QC9"},"fileId":"e5EdBHCyhNiq7/k/pQCRTb"},"_contentSize":{"__type__":"cc.Size","width":978,"height":86},"_anchorPoint":{"__type__":"cc.Vec2","y":1},"_trs":{"__type__":"TypedArray","ctor":"Float64Array","array":[-488,43,0,0,0,0,1,1,1,1]}},{"__type__":"cc.Label","node":{"__id__":56},"_fontSize":30,"_N$file":{"__uuid__":"5f5wQekV1CGpJW2meZozWn"},"_isSystemFontUsed":false,"_N$overflow":1},{"__type__":"cc.Node","_name":"PLACEHOLDER_LABEL","_parent":{"__id__":53},"_components":[{"__id__":59}],"_prefab":{"__type__":"cc.PrefabInfo","root":{"__id__":1},"asset":{"__uuid__":"d8QoKJbkdCtKPmhfHd5QC9"},"fileId":"50ZcuNvmZKhJpZpNPRAptG"},"_contentSize":{"__type__":"cc.Size","width":978,"height":86},"_anchorPoint":{"__type__":"cc.Vec2","y":1},"_trs":{"__type__":"TypedArray","ctor":"Float64Array","array":[-488,43,0,0,0,0,1,1,1,1]}},{"__type__":"cc.Label","node":{"__id__":58},"_materials":[{"__uuid__":"ecpdLyjvZBwrvm+cedCcQy"}],"_string":"个人资料填写越详细，审核通过概率越高！","_N$string":"个人资料填写越详细，审核通过概率越高！","_fontSize":30,"_lineHeight":86,"_N$file":{"__uuid__":"5f5wQekV1CGpJW2meZozWn"},"_isSystemFontUsed":false,"_N$overflow":1},{"__type__":"cc.EditBox","node":{"__id__":53},"_useOriginalSize":false,"maxLength":300,"_N$textLabel":{"__id__":57},"_N$placeholderLabel":{"__id__":59},"_N$background":{"__id__":55}},{"__type__":"cc.Node","_name":"img_gg","_parent":{"__id__":14},"_children":[{"__id__":62},{"__id__":64}],"_components":[{"__type__":"cc.Sprite","node":{"__id__":61},"_materials":[{"__uuid__":"ecpdLyjvZBwrvm+cedCcQy"}],"_spriteFrame":{"__uuid__":"92j54xWVxK5aplfqwZKuKy"}}],"_prefab":{"__type__":"cc.PrefabInfo","root":{"__id__":1},"asset":{"__uuid__":"d8QoKJbkdCtKPmhfHd5QC9"},"fileId":"34cP/YdnlAqax/E9x7gleh"},"_contentSize":{"__type__":"cc.Size","width":620,"height":156},"_trs":{"__type__":"TypedArray","ctor":"Float64Array","array":[288.9,91.4,0,0,0,0,1,1,1,1]}},{"__type__":"cc.Node","_name":"btn_copy","_parent":{"__id__":61},"_children":[{"__id__":63}],"_components":[{"__type__":"cc.Sprite","node":{"__id__":62},"_materials":[{"__uuid__":"ecpdLyjvZBwrvm+cedCcQy"}],"_spriteFrame":{"__uuid__":"49oTOA83RO05j/F61Vjram"},"_type":1},{"__type__":"cc.Button","node":{"__id__":62},"clickEvents":[{"__type__":"cc.ClickEvent","target":{"__id__":1},"_componentId":"56888KiPBlBKLRDy/uoxZJK","handler":"OnClick_BtnWnd"}],"_N$transition":3,"transition":3,"_N$normalColor":{"__type__":"cc.Color","r":214,"g":214,"b":214},"_N$target":{"__id__":62}}],"_prefab":{"__type__":"cc.PrefabInfo","root":{"__id__":1},"asset":{"__uuid__":"d8QoKJbkdCtKPmhfHd5QC9"},"fileId":"aeC1eP/ClCs5QARD/j3Yx9"},"_contentSize":{"__type__":"cc.Size","width":141,"height":43},"_trs":{"__type__":"TypedArray","ctor":"Float64Array","array":[0,-39.7,0,0,0,0,1,1,1,1]}},{"__type__":"cc.Node","_name":"labelfz","_parent":{"__id__":62},"_active":false,"_components":[{"__type__":"cc.Label","node":{"__id__":63},"_useOriginalSize":false,"_string":"复制微信号","_N$string":"复制微信号","_fontSize":24,"_lineHeight":30,"_N$file":{"__uuid__":"5f5wQekV1CGpJW2meZozWn"},"_isSystemFontUsed":false,"_N$horizontalAlign":1,"_N$verticalAlign":1},{"__type__":"cc.LabelOutline","node":{"__id__":63},"_color":{"__type__":"cc.Color","r":108,"g":87,"b":87},"_width":2}],"_prefab":{"__type__":"cc.PrefabInfo","root":{"__id__":1},"asset":{"__uuid__":"d8QoKJbkdCtKPmhfHd5QC9"},"fileId":"f7Zh+HoCxKJZBj3pQummqN"},"_contentSize":{"__type__":"cc.Size","width":124,"height":30},"_trs":{"__type__":"TypedArray","ctor":"Float64Array","array":[0,2,0,0,0,0,1,1,1,1]}},{"__type__":"cc.Node","_name":"weixin","_parent":{"__id__":61},"_components":[{"__id__":65},{"__type__":"cc.LabelOutline","node":{"__id__":64},"_color":{"__type__":"cc.Color","r":76,"g":50,"b":44},"_width":2}],"_prefab":{"__type__":"cc.PrefabInfo","root":{"__id__":1},"asset":{"__uuid__":"d8QoKJbkdCtKPmhfHd5QC9"},"fileId":"fe92N9wWtII6aloyCetwMu"},"_color":{"__type__":"cc.Color","r":255,"g":242,"b":34},"_contentSize":{"__type__":"cc.Size","width":154.94,"height":67},"_anchorPoint":{"__type__":"cc.Vec2","y":0.5},"_trs":{"__type__":"TypedArray","ctor":"Float64Array","array":[-102.4,31.6,0,0,0,0,1,1,1,1]}},{"__type__":"cc.Label","node":{"__id__":64},"_materials":[{"__uuid__":"ecpdLyjvZBwrvm+cedCcQy"}],"_useOriginalSize":false,"_string":"hlqh1818","_N$string":"hlqh1818","_lineHeight":50,"_N$file":{"__uuid__":"5f5wQekV1CGpJW2meZozWn"},"_isSystemFontUsed":false,"_N$verticalAlign":1},{"__type__":"cc.Node","_name":"toggle","_parent":{"__id__":14},"_children":[{"__id__":67},{"__id__":68}],"_components":[{"__id__":70}],"_prefab":{"__type__":"cc.PrefabInfo","root":{"__id__":1},"asset":{"__uuid__":"d8QoKJbkdCtKPmhfHd5QC9"},"fileId":"9dwzliceJHdoS4h2k9SZag"},"_contentSize":{"__type__":"cc.Size","width":40,"height":40},"_trs":{"__type__":"TypedArray","ctor":"Float64Array","array":[-212,-138,0,0,0,0,1,1,1,1]}},{"__type__":"cc.Node","_name":"Background","_parent":{"__id__":66},"_components":[{"__type__":"cc.Sprite","node":{"__id__":67},"_materials":[{"__uuid__":"ecpdLyjvZBwrvm+cedCcQy"}],"_spriteFrame":{"__uuid__":"88iM1OArFIGZyrQ2BSd/5P"}}],"_prefab":{"__type__":"cc.PrefabInfo","root":{"__id__":1},"asset":{"__uuid__":"d8QoKJbkdCtKPmhfHd5QC9"},"fileId":"16di2k1jpAwbw3C6YKA7xn"},"_contentSize":{"__type__":"cc.Size","width":35,"height":35},"_trs":{"__type__":"TypedArray","ctor":"Float64Array","array":[0,0,0,0,0,0,1,1,1,1]}},{"__type__":"cc.Node","_name":"checkmark","_parent":{"__id__":66},"_active":false,"_components":[{"__id__":69}],"_prefab":{"__type__":"cc.PrefabInfo","root":{"__id__":1},"asset":{"__uuid__":"d8QoKJbkdCtKPmhfHd5QC9"},"fileId":"b6PgvlTgtHJ4rqi9LV8RE1"},"_contentSize":{"__type__":"cc.Size","width":33,"height":32},"_trs":{"__type__":"TypedArray","ctor":"Float64Array","array":[0,0,0,0,0,0,1,1,1,1]}},{"__type__":"cc.Sprite","node":{"__id__":68},"_spriteFrame":{"__uuid__":"b1+IbDf15HEKX8w8h7zTbZ"},"_sizeMode":2,"_isTrimmedMode":false},{"__type__":"cc.Toggle","node":{"__id__":66},"_N$transition":3,"transition":3,"_N$normalColor":{"__type__":"cc.Color","r":214,"g":214,"b":214},"_N$target":{"__id__":67},"_N$isChecked":false,"checkMark":{"__id__":69}},{"__type__":"cc.Node","_name":"label","_parent":{"__id__":14},"_children":[{"__id__":72}],"_components":[{"__type__":"cc.Label","node":{"__id__":71},"_materials":[{"__uuid__":"ecpdLyjvZBwrvm+cedCcQy"}],"_useOriginalSize":false,"_string":"我已同意","_N$string":"我已同意","_fontSize":24,"_N$file":{"__uuid__":"5f5wQekV1CGpJW2meZozWn"},"_isSystemFontUsed":false,"_N$horizontalAlign":1,"_N$verticalAlign":1}],"_prefab":{"__type__":"cc.PrefabInfo","root":{"__id__":1},"asset":{"__uuid__":"d8QoKJbkdCtKPmhfHd5QC9"},"fileId":"d7y3U5XQ1MHYAt2Qeo04jt"},"_color":{"__type__":"cc.Color","r":115,"g":105,"b":95},"_contentSize":{"__type__":"cc.Size","width":96,"height":50.4},"_trs":{"__type__":"TypedArray","ctor":"Float64Array","array":[-130,-138,0,0,0,0,1,1,1,1]}},{"__type__":"cc.Node","_name":"btn_xieyi","_parent":{"__id__":71},"_components":[{"__type__":"cc.Button","node":{"__id__":72},"zoomScale":0.9,"clickEvents":[{"__type__":"cc.ClickEvent","target":{"__id__":1},"_componentId":"56888KiPBlBKLRDy/uoxZJK","handler":"OnClick_BtnWnd"}],"_N$transition":3,"transition":3,"_N$pressedColor":{"__type__":"cc.Color","r":255,"g":255,"b":255},"pressedColor":{"__type__":"cc.Color","r":255,"g":255,"b":255},"_N$disabledColor":{"__type__":"cc.Color","r":255,"g":255,"b":255},"_N$normalSprite":{"__uuid__":"f0BIwQ8D5Ml7nTNQbh1YlS"},"_N$pressedSprite":{"__uuid__":"e97GVMl6JHh5Ml5qEDdSGa"},"pressedSprite":{"__uuid__":"e97GVMl6JHh5Ml5qEDdSGa"},"_N$hoverSprite":{"__uuid__":"f0BIwQ8D5Ml7nTNQbh1YlS"},"hoverSprite":{"__uuid__":"f0BIwQ8D5Ml7nTNQbh1YlS"},"_N$disabledSprite":{"__uuid__":"29FYIk+N1GYaeWH/q1NxQO"},"_N$target":{"__id__":72}},{"__type__":"cc.Label","node":{"__id__":72},"_materials":[{"__uuid__":"ecpdLyjvZBwrvm+cedCcQy"}],"_string":"《推广员合作协议》","_N$string":"《推广员合作协议》","_fontSize":24,"_N$file":{"__uuid__":"5f5wQekV1CGpJW2meZozWn"},"_isSystemFontUsed":false,"_N$horizontalAlign":1,"_N$verticalAlign":1}],"_prefab":{"__type__":"cc.PrefabInfo","root":{"__id__":1},"asset":{"__uuid__":"d8QoKJbkdCtKPmhfHd5QC9"},"fileId":"68alsyZPZA5YGvVqM4S7/q"},"_color":{"__type__":"cc.Color","r":237,"g":105,"b":74},"_contentSize":{"__type__":"cc.Size","width":216,"height":50.4},"_trs":{"__type__":"TypedArray","ctor":"Float64Array","array":[178.254,0,0,0,0,0,1,1,1,1]}},{"__type__":"cc.Node","_name":"btn_tijiao","_parent":{"__id__":7},"_children":[{"__id__":74}],"_components":[{"__type__":"cc.Sprite","node":{"__id__":73},"_materials":[{"__uuid__":"ecpdLyjvZBwrvm+cedCcQy"}],"_spriteFrame":{"__uuid__":"29j7k0ZFtHwrNDogU8q1ZL"}},{"__type__":"cc.Button","node":{"__id__":73},"zoomScale":0.9,"clickEvents":[{"__type__":"cc.ClickEvent","target":{"__id__":1},"_componentId":"56888KiPBlBKLRDy/uoxZJK","handler":"OnClick_BtnWnd"}],"_N$transition":3,"transition":3,"_N$normalColor":{"__type__":"cc.Color","r":214,"g":214,"b":214},"_N$target":{"__id__":73}}],"_prefab":{"__type__":"cc.PrefabInfo","root":{"__id__":1},"asset":{"__uuid__":"d8QoKJbkdCtKPmhfHd5QC9"},"fileId":"f8wJLbZdBF8arsZdjRdVOy"},"_contentSize":{"__type__":"cc.Size","width":223,"height":80},"_trs":{"__type__":"TypedArray","ctor":"Float64Array","array":[0,-332,0,0,0,0,1,1,1,1]}},{"__type__":"cc.Node","_name":"img_tjsq","_parent":{"__id__":73},"_components":[{"__type__":"cc.Sprite","node":{"__id__":74},"_materials":[{"__uuid__":"ecpdLyjvZBwrvm+cedCcQy"}],"_spriteFrame":{"__uuid__":"19139fhr1B26GHFonp6YmZ"}}],"_prefab":{"__type__":"cc.PrefabInfo","root":{"__id__":1},"asset":{"__uuid__":"d8QoKJbkdCtKPmhfHd5QC9"},"fileId":"d8PqtUiKpH76myKTwJZndE"},"_contentSize":{"__type__":"cc.Size","width":148,"height":38},"_trs":{"__type__":"TypedArray","ctor":"Float64Array","array":[0,2,0,0,0,0,1,1,1,1]}},{"__type__":"cc.Node","_name":"step2","_parent":{"__id__":1},"_children":[{"__id__":76},{"__id__":82},{"__id__":88},{"__id__":98}],"_active":false,"_components":[{"__type__":"cc.Widget","node":{"__id__":75},"_alignFlags":40}],"_prefab":{"__type__":"cc.PrefabInfo","root":{"__id__":1},"asset":{"__uuid__":"d8QoKJbkdCtKPmhfHd5QC9"},"fileId":"96121DzQmlGJplDI0vlDRbD"},"_contentSize":{"__type__":"cc.Size","width":1360},"_trs":{"__type__":"TypedArray","ctor":"Float64Array","array":[0,0,0,0,0,0,1,1,1,1]}},{"__type__":"cc.Node","_name":"top","_parent":{"__id__":75},"_children":[{"__id__":77},{"__id__":78},{"__id__":79},{"__id__":80},{"__id__":81}],"_components":[{"__type__":"cc.Sprite","node":{"__id__":76},"_materials":[{"__uuid__":"ecpdLyjvZBwrvm+cedCcQy"}],"_spriteFrame":{"__uuid__":"7akvuT+7ZIJKfQK27j+I49"}},{"__type__":"cc.Widget","node":{"__id__":76},"_alignFlags":40,"_originalWidth":1360}],"_prefab":{"__type__":"cc.PrefabInfo","root":{"__id__":1},"asset":{"__uuid__":"d8QoKJbkdCtKPmhfHd5QC9"},"fileId":"6768akOkzxApaUi72ZN5cNQ"},"_contentSize":{"__type__":"cc.Size","width":1360,"height":129},"_trs":{"__type__":"TypedArray","ctor":"Float64Array","array":[0,215,0,0,0,0,1,1,1,1]}},{"__type__":"cc.Node","_name":"img_bg_jdt","_parent":{"__id__":76},"_components":[{"__type__":"cc.Sprite","node":{"__id__":77},"_materials":[{"__uuid__":"ecpdLyjvZBwrvm+cedCcQy"}],"_spriteFrame":{"__uuid__":"d2Jl5vnRBNPo+aiusj7MkI"}}],"_prefab":{"__type__":"cc.PrefabInfo","root":{"__id__":1},"asset":{"__uuid__":"d8QoKJbkdCtKPmhfHd5QC9"},"fileId":"e9Z48tNF9FsreR0bLNY1y+"},"_contentSize":{"__type__":"cc.Size","width":908,"height":11},"_trs":{"__type__":"TypedArray","ctor":"Float64Array","array":[0,12.5,0,0,0,0,1,1,1,1]}},{"__type__":"cc.Node","_name":"line2","_parent":{"__id__":76},"_components":[{"__type__":"cc.Sprite","node":{"__id__":78},"_materials":[{"__uuid__":"ecpdLyjvZBwrvm+cedCcQy"}],"_spriteFrame":{"__uuid__":"77rrwEYoRMPIJ7WWoW0vAz"},"_sizeMode":0}],"_prefab":{"__type__":"cc.PrefabInfo","root":{"__id__":1},"asset":{"__uuid__":"d8QoKJbkdCtKPmhfHd5QC9"},"fileId":"69ffb4hcuFJu6N3uOvJ4rzd"},"_contentSize":{"__type__":"cc.Size","width":454,"height":8},"_anchorPoint":{"__type__":"cc.Vec2","y":0.5},"_trs":{"__type__":"TypedArray","ctor":"Float64Array","array":[-454,12.5,0,0,0,0,1,1,1,1]}},{"__type__":"cc.Node","_name":"img_txxx","_parent":{"__id__":76},"_components":[{"__type__":"cc.Sprite","node":{"__id__":79},"_materials":[{"__uuid__":"ecpdLyjvZBwrvm+cedCcQy"}],"_spriteFrame":{"__uuid__":"1eAvWWuQVMyr4ZnVOsnHzU"}}],"_prefab":{"__type__":"cc.PrefabInfo","root":{"__id__":1},"asset":{"__uuid__":"d8QoKJbkdCtKPmhfHd5QC9"},"fileId":"a8i4lk4VBNA46My5g9iGF0"},"_contentSize":{"__type__":"cc.Size","width":113,"height":78},"_trs":{"__type__":"TypedArray","ctor":"Float64Array","array":[-455,0,0,0,0,0,1,1,1,1]}},{"__type__":"cc.Node","_name":"img_ddsh02","_parent":{"__id__":76},"_components":[{"__type__":"cc.Sprite","node":{"__id__":80},"_materials":[{"__uuid__":"ecpdLyjvZBwrvm+cedCcQy"}],"_spriteFrame":{"__uuid__":"bai+tub1tBAby5lNdSStdi"}}],"_prefab":{"__type__":"cc.PrefabInfo","root":{"__id__":1},"asset":{"__uuid__":"d8QoKJbkdCtKPmhfHd5QC9"},"fileId":"8fTlZ1kn9MD4Kdi5nKN2o0"},"_contentSize":{"__type__":"cc.Size","width":113,"height":78},"_trs":{"__type__":"TypedArray","ctor":"Float64Array","array":[0,0,0,0,0,0,1,1,1,1]}},{"__type__":"cc.Node","_name":"img_sqcg01","_parent":{"__id__":76},"_components":[{"__type__":"cc.Sprite","node":{"__id__":81},"_materials":[{"__uuid__":"ecpdLyjvZBwrvm+cedCcQy"}],"_spriteFrame":{"__uuid__":"d0jeQ/rx9GiL++3L46xx3I"}}],"_prefab":{"__type__":"cc.PrefabInfo","root":{"__id__":1},"asset":{"__uuid__":"d8QoKJbkdCtKPmhfHd5QC9"},"fileId":"78eH24Nl1NMo6U0R3NX7Ef"},"_contentSize":{"__type__":"cc.Size","width":110,"height":78},"_trs":{"__type__":"TypedArray","ctor":"Float64Array","array":[455,0,0,0,0,0,1,1,1,1]}},{"__type__":"cc.Node","_name":"content","_parent":{"__id__":75},"_children":[{"__id__":83},{"__id__":84},{"__id__":85}],"_components":[{"__type__":"cc.Sprite","node":{"__id__":82},"_materials":[{"__uuid__":"ecpdLyjvZBwrvm+cedCcQy"}],"_spriteFrame":{"__uuid__":"01CA0XhJFGVKUd7KGdIVxJ"}}],"_prefab":{"__type__":"cc.PrefabInfo","root":{"__id__":1},"asset":{"__uuid__":"d8QoKJbkdCtKPmhfHd5QC9"},"fileId":"6dkywSGSBKnYrk8fwLYjLZ"},"_contentSize":{"__type__":"cc.Size","width":1046,"height":269},"_trs":{"__type__":"TypedArray","ctor":"Float64Array","array":[0,-31,0,0,0,0,1,1,1,1]}},{"__type__":"cc.Node","_name":"img_fgx","_parent":{"__id__":82},"_components":[{"__type__":"cc.Sprite","node":{"__id__":83},"_materials":[{"__uuid__":"ecpdLyjvZBwrvm+cedCcQy"}],"_spriteFrame":{"__uuid__":"18uSxi7uNAq6hAL43qiMbZ"}}],"_prefab":{"__type__":"cc.PrefabInfo","root":{"__id__":1},"asset":{"__uuid__":"d8QoKJbkdCtKPmhfHd5QC9"},"fileId":"631nIeGRpOJrEbvA/E/FYg"},"_contentSize":{"__type__":"cc.Size","width":955,"height":4},"_trs":{"__type__":"TypedArray","ctor":"Float64Array","array":[0,-30,0,0,0,0,1,1,1,1]}},{"__type__":"cc.Node","_name":"img_ts","_parent":{"__id__":82},"_components":[{"__type__":"cc.Sprite","node":{"__id__":84},"_materials":[{"__uuid__":"ecpdLyjvZBwrvm+cedCcQy"}],"_spriteFrame":{"__uuid__":"61ME1/MZxA/6SgchxjowFT"}}],"_prefab":{"__type__":"cc.PrefabInfo","root":{"__id__":1},"asset":{"__uuid__":"d8QoKJbkdCtKPmhfHd5QC9"},"fileId":"6blExGrplKJLjTT4WaL5Er"},"_contentSize":{"__type__":"cc.Size","width":286,"height":106},"_trs":{"__type__":"TypedArray","ctor":"Float64Array","array":[0,44.5,0,0,0,0,1,1,1,1]}},{"__type__":"cc.Node","_name":"waitingtime","_parent":{"__id__":82},"_children":[{"__id__":86}],"_components":[{"__type__":"cc.Label","node":{"__id__":85},"_materials":[{"__uuid__":"ecpdLyjvZBwrvm+cedCcQy"}],"_string":"（已等待               ）","_N$string":"（已等待               ）","_fontSize":33,"_lineHeight":33,"_N$file":{"__uuid__":"5f5wQekV1CGpJW2meZozWn"},"_isSystemFontUsed":false}],"_prefab":{"__type__":"cc.PrefabInfo","root":{"__id__":1},"asset":{"__uuid__":"d8QoKJbkdCtKPmhfHd5QC9"},"fileId":"4eWvh0PThPYKVRSd6Ih02d"},"_color":{"__type__":"cc.Color","r":152,"g":90,"b":31},"_contentSize":{"__type__":"cc.Size","width":296.48,"height":41.58},"_trs":{"__type__":"TypedArray","ctor":"Float64Array","array":[0,-64.447,0,0,0,0,1,1,1,1]}},{"__type__":"cc.Node","_name":"lb_time","_parent":{"__id__":85},"_components":[{"__id__":87}],"_prefab":{"__type__":"cc.PrefabInfo","root":{"__id__":1},"asset":{"__uuid__":"d8QoKJbkdCtKPmhfHd5QC9"},"fileId":"71GIaqHm9KkJ0RFOLhNxFk"},"_color":{"__type__":"cc.Color","r":237,"g":71,"b":49},"_contentSize":{"__type__":"cc.Size","width":130.45,"height":41.58},"_trs":{"__type__":"TypedArray","ctor":"Float64Array","array":[52,-1,0,0,0,0,1,1,1,1]}},{"__type__":"cc.Label","node":{"__id__":86},"_materials":[{"__uuid__":"ecpdLyjvZBwrvm+cedCcQy"}],"_useOriginalSize":false,"_string":"00:00:02","_N$string":"00:00:02","_fontSize":33,"_lineHeight":33,"_N$file":{"__uuid__":"5f5wQekV1CGpJW2meZozWn"},"_isSystemFontUsed":false,"_N$horizontalAlign":1,"_N$verticalAlign":1},{"__type__":"cc.Node","_name":"btn_kf","_parent":{"__id__":75},"_children":[{"__id__":89},{"__id__":90},{"__id__":92},{"__id__":93}],"_components":[{"__type__":"cc.Sprite","node":{"__id__":88},"_type":1}],"_prefab":{"__type__":"cc.PrefabInfo","root":{"__id__":1},"asset":{"__uuid__":"d8QoKJbkdCtKPmhfHd5QC9"},"fileId":"91bi3UDAxMtYhQXhm9Z+OQ"},"_contentSize":{"__type__":"cc.Size","width":249,"height":51},"_trs":{"__type__":"TypedArray","ctor":"Float64Array","array":[-46.272,-135.682,0,0,0,0,1,1,1,1]}},{"__type__":"cc.Node","_name":"label_1","_parent":{"__id__":88},"_active":false,"_components":[{"__type__":"cc.Label","node":{"__id__":89},"_materials":[{"__uuid__":"ecpdLyjvZBwrvm+cedCcQy"}],"_useOriginalSize":false,"_string":"客服微信号:","_N$string":"客服微信号:","_fontSize":24,"_lineHeight":26,"_N$file":{"__uuid__":"5f5wQekV1CGpJW2meZozWn"},"_isSystemFontUsed":false,"_N$horizontalAlign":1,"_N$verticalAlign":1},{"__type__":"cc.LabelOutline","node":{"__id__":89},"_color":{"__type__":"cc.Color","r":81,"g":61,"b":34},"_width":2}],"_prefab":{"__type__":"cc.PrefabInfo","root":{"__id__":1},"asset":{"__uuid__":"d8QoKJbkdCtKPmhfHd5QC9"},"fileId":"c1p/3boSxLdZZDaaptYRBz"},"_color":{"__type__":"cc.Color","r":255,"g":245,"b":227},"_contentSize":{"__type__":"cc.Size","width":130.38,"height":36.76},"_trs":{"__type__":"TypedArray","ctor":"Float64Array","array":[-15.004,0,0,0,0,0,1,1,1,1]}},{"__type__":"cc.Node","_name":"label","_parent":{"__id__":88},"_active":false,"_components":[{"__id__":91},{"__type__":"cc.LabelOutline","node":{"__id__":90},"_color":{"__type__":"cc.Color","r":81,"g":61,"b":34},"_width":2}],"_prefab":{"__type__":"cc.PrefabInfo","root":{"__id__":1},"asset":{"__uuid__":"d8QoKJbkdCtKPmhfHd5QC9"},"fileId":"e70usF0T1LuZg2eqlqKIdy"},"_color":{"__type__":"cc.Color","r":218,"g":65,"b":48},"_contentSize":{"__type__":"cc.Size","width":117.2,"height":41.8},"_anchorPoint":{"__type__":"cc.Vec2","y":0.5},"_trs":{"__type__":"TypedArray","ctor":"Float64Array","array":[52.965,0,0,0,0,0,1,1,1,1]}},{"__type__":"cc.Label","node":{"__id__":90},"_materials":[{"__uuid__":"ecpdLyjvZBwrvm+cedCcQy"}],"_useOriginalSize":false,"_string":"hlqh1818","_N$string":"hlqh1818","_fontSize":30,"_lineHeight":30,"_N$file":{"__uuid__":"5f5wQekV1CGpJW2meZozWn"},"_isSystemFontUsed":false,"_N$horizontalAlign":1,"_N$verticalAlign":1},{"__type__":"cc.Node","_name":"label_2","_parent":{"__id__":88},"_active":false,"_components":[{"__type__":"cc.Label","node":{"__id__":92},"_materials":[{"__uuid__":"ecpdLyjvZBwrvm+cedCcQy"}],"_useOriginalSize":false,"_string":"加快审核","_N$string":"加快审核","_fontSize":24,"_lineHeight":26,"_N$file":{"__uuid__":"5f5wQekV1CGpJW2meZozWn"},"_isSystemFontUsed":false,"_N$horizontalAlign":1,"_N$verticalAlign":1},{"__type__":"cc.LabelOutline","node":{"__id__":92},"_color":{"__type__":"cc.Color","r":81,"g":61,"b":34},"_width":2}],"_prefab":{"__type__":"cc.PrefabInfo","root":{"__id__":1},"asset":{"__uuid__":"d8QoKJbkdCtKPmhfHd5QC9"},"fileId":"16yT+/zIdLC5hmTViSMq3a"},"_color":{"__type__":"cc.Color","r":255,"g":245,"b":227},"_contentSize":{"__type__":"cc.Size","width":100,"height":36.76},"_trs":{"__type__":"TypedArray","ctor":"Float64Array","array":[228.64,0,0,0,0,0,1,1,1,1]}},{"__type__":"cc.Node","_name":"richtext","_parent":{"__id__":88},"_children":[{"__id__":94},{"__id__":95},{"__id__":96}],"_components":[{"__id__":97}],"_prefab":{"__type__":"cc.PrefabInfo","root":{"__id__":1},"asset":{"__uuid__":"d8QoKJbkdCtKPmhfHd5QC9"},"fileId":"253fNMSnBED5KHFmbDZXMe"},"_contentSize":{"__type__":"cc.Size","width":461.02,"height":63},"_trs":{"__type__":"TypedArray","ctor":"Float64Array","array":[36.622,-1.137,0,0,0,0,1,1,1,1]}},{"__type__":"cc.PrivateNode","_name":"RICHTEXT_CHILD","_objFlags":1024,"_parent":{"__id__":93},"_active":false,"_components":[{"__type__":"cc.Label","node":{"__id__":94},"_materials":[{"__uuid__":"ecpdLyjvZBwrvm+cedCcQy"}],"_string":"添加客服微信:","_N$string":"添加客服微信:","_fontSize":30,"_lineHeight":50,"_N$file":{"__uuid__":"5f5wQekV1CGpJW2meZozWn"},"_isSystemFontUsed":false,"_N$verticalAlign":1}],"_prefab":{"__type__":"cc.PrefabInfo","root":{"__id__":1},"asset":{"__uuid__":"d8QoKJbkdCtKPmhfHd5QC9"},"fileId":"7dQ5nQirRCqrxuLAwkSlSH"},"_color":{"__type__":"cc.Color","r":81,"g":45,"b":10},"_contentSize":{"__type__":"cc.Size","width":187.97,"height":63},"_anchorPoint":{"__type__":"cc.Vec2"},"_trs":{"__type__":"TypedArray","ctor":"Float64Array","array":[-230.51,-31.5,0,0,0,0,1,1,1,1]},"_zIndex":-32768},{"__type__":"cc.PrivateNode","_name":"RICHTEXT_CHILD","_objFlags":1024,"_parent":{"__id__":93},"_active":false,"_components":[{"__type__":"cc.Label","node":{"__id__":95},"_materials":[{"__uuid__":"ecpdLyjvZBwrvm+cedCcQy"}],"_string":"xinhuaqipai","_N$string":"xinhuaqipai","_fontSize":30,"_lineHeight":50,"_N$file":{"__uuid__":"5f5wQekV1CGpJW2meZozWn"},"_isSystemFontUsed":false,"_N$verticalAlign":1}],"_prefab":{"__type__":"cc.PrefabInfo","root":{"__id__":1},"asset":{"__uuid__":"d8QoKJbkdCtKPmhfHd5QC9"},"fileId":"cfuYLIX39M54h0/CkNnvjB"},"_color":{"__type__":"cc.Color","r":218,"g":65,"b":48},"_contentSize":{"__type__":"cc.Size","width":153.05,"height":63},"_anchorPoint":{"__type__":"cc.Vec2"},"_trs":{"__type__":"TypedArray","ctor":"Float64Array","array":[-42.53999999999999,-31.5,0,0,0,0,1,1,1,1]},"_zIndex":-32768},{"__type__":"cc.PrivateNode","_name":"RICHTEXT_CHILD","_objFlags":1024,"_parent":{"__id__":93},"_active":false,"_components":[{"__type__":"cc.Label","node":{"__id__":96},"_materials":[{"__uuid__":"ecpdLyjvZBwrvm+cedCcQy"}],"_string":"加快审批","_N$string":"加快审批","_fontSize":30,"_lineHeight":50,"_N$file":{"__uuid__":"5f5wQekV1CGpJW2meZozWn"},"_isSystemFontUsed":false,"_N$verticalAlign":1}],"_prefab":{"__type__":"cc.PrefabInfo","root":{"__id__":1},"asset":{"__uuid__":"d8QoKJbkdCtKPmhfHd5QC9"},"fileId":"cfau8HLYFDboaAGJRtumKt"},"_color":{"__type__":"cc.Color","r":81,"g":45,"b":10},"_contentSize":{"__type__":"cc.Size","width":120,"height":63},"_anchorPoint":{"__type__":"cc.Vec2"},"_trs":{"__type__":"TypedArray","ctor":"Float64Array","array":[110.50999999999999,-31.5,0,0,0,0,1,1,1,1]},"_zIndex":-32768},{"__type__":"cc.RichText","node":{"__id__":93},"_isSystemFontUsed":false,"_N$string":"<color=#512d0a>添加客服微信:</c><color=#da4130>xinhuaqipai</color><color=#512d0a>加快审批</color>","_N$fontSize":30,"_N$font":{"__uuid__":"5f5wQekV1CGpJW2meZozWn"},"_N$lineHeight":50},{"__type__":"cc.Node","_name":"btn_fzwxh","_parent":{"__id__":75},"_children":[{"__id__":99}],"_components":[{"__type__":"cc.Sprite","node":{"__id__":98},"_materials":[{"__uuid__":"ecpdLyjvZBwrvm+cedCcQy"}],"_spriteFrame":{"__uuid__":"36nP3aRSRNU6q+6r0O/gtl"},"_type":1},{"__type__":"cc.Button","node":{"__id__":98},"zoomScale":0.9,"clickEvents":[{"__type__":"cc.ClickEvent","target":{"__id__":1},"_componentId":"56888KiPBlBKLRDy/uoxZJK","handler":"CopyNumber"}],"_N$transition":3,"transition":3,"_N$pressedColor":{"__type__":"cc.Color","r":255,"g":255,"b":255},"pressedColor":{"__type__":"cc.Color","r":255,"g":255,"b":255},"_N$disabledColor":{"__type__":"cc.Color","r":255,"g":255,"b":255},"_N$normalSprite":{"__uuid__":"36nP3aRSRNU6q+6r0O/gtl"},"_N$pressedSprite":{"__uuid__":"e97GVMl6JHh5Ml5qEDdSGa"},"pressedSprite":{"__uuid__":"e97GVMl6JHh5Ml5qEDdSGa"},"_N$hoverSprite":{"__uuid__":"f0BIwQ8D5Ml7nTNQbh1YlS"},"hoverSprite":{"__uuid__":"f0BIwQ8D5Ml7nTNQbh1YlS"},"_N$disabledSprite":{"__uuid__":"29FYIk+N1GYaeWH/q1NxQO"},"_N$target":{"__id__":98}}],"_prefab":{"__type__":"cc.PrefabInfo","root":{"__id__":1},"asset":{"__uuid__":"d8QoKJbkdCtKPmhfHd5QC9"},"fileId":"8dBx1qrn1NvLTIvoCt1fJe"},"_contentSize":{"__type__":"cc.Size","width":144,"height":54},"_trs":{"__type__":"TypedArray","ctor":"Float64Array","array":[342.887,-135.6,0,0,0,0,1,1,1,1]}},{"__type__":"cc.Node","_name":"label","_parent":{"__id__":98},"_components":[{"__type__":"cc.Label","node":{"__id__":99},"_materials":[{"__uuid__":"ecpdLyjvZBwrvm+cedCcQy"}],"_useOriginalSize":false,"_string":"复制微信号","_N$string":"复制微信号","_fontSize":24,"_lineHeight":26,"_N$file":{"__uuid__":"5f5wQekV1CGpJW2meZozWn"},"_isSystemFontUsed":false,"_N$horizontalAlign":1,"_N$verticalAlign":1},{"__type__":"cc.LabelOutline","node":{"__id__":99},"_color":{"__type__":"cc.Color","r":93,"g":64,"b":43},"_width":2}],"_prefab":{"__type__":"cc.PrefabInfo","root":{"__id__":1},"asset":{"__uuid__":"d8QoKJbkdCtKPmhfHd5QC9"},"fileId":"ee5mLXVUxPKYaps5xK0bBR"},"_contentSize":{"__type__":"cc.Size","width":124,"height":36.76},"_trs":{"__type__":"TypedArray","ctor":"Float64Array","array":[0,0,0,0,0,0,1,1,1,1]}},{"__type__":"cc.Node","_name":"step3","_parent":{"__id__":1},"_children":[{"__id__":101},{"__id__":107},{"__id__":118}],"_components":[{"__type__":"cc.Widget","node":{"__id__":100},"_alignFlags":40}],"_prefab":{"__type__":"cc.PrefabInfo","root":{"__id__":1},"asset":{"__uuid__":"d8QoKJbkdCtKPmhfHd5QC9"},"fileId":"cd2c4nt6JxO1b843NTiKG/A"},"_contentSize":{"__type__":"cc.Size","width":1360},"_trs":{"__type__":"TypedArray","ctor":"Float64Array","array":[0,0,0,0,0,0,1,1,1,1]}},{"__type__":"cc.Node","_name":"top","_parent":{"__id__":100},"_children":[{"__id__":102},{"__id__":103},{"__id__":104},{"__id__":105},{"__id__":106}],"_components":[{"__type__":"cc.Sprite","node":{"__id__":101},"_materials":[{"__uuid__":"ecpdLyjvZBwrvm+cedCcQy"}],"_spriteFrame":{"__uuid__":"7akvuT+7ZIJKfQK27j+I49"}},{"__type__":"cc.Widget","node":{"__id__":101},"_alignFlags":40,"_originalWidth":1360}],"_prefab":{"__type__":"cc.PrefabInfo","root":{"__id__":1},"asset":{"__uuid__":"d8QoKJbkdCtKPmhfHd5QC9"},"fileId":"7f2c7M1BQ9EEYjSxSw2xcJj"},"_contentSize":{"__type__":"cc.Size","width":1360,"height":129},"_trs":{"__type__":"TypedArray","ctor":"Float64Array","array":[0,215,0,0,0,0,1,1,1,1]}},{"__type__":"cc.Node","_name":"img_bg_jdt","_parent":{"__id__":101},"_components":[{"__type__":"cc.Sprite","node":{"__id__":102},"_materials":[{"__uuid__":"ecpdLyjvZBwrvm+cedCcQy"}],"_spriteFrame":{"__uuid__":"d2Jl5vnRBNPo+aiusj7MkI"}}],"_prefab":{"__type__":"cc.PrefabInfo","root":{"__id__":1},"asset":{"__uuid__":"d8QoKJbkdCtKPmhfHd5QC9"},"fileId":"71jhxKHoBFPqwTp8nNJURa"},"_contentSize":{"__type__":"cc.Size","width":908,"height":11},"_trs":{"__type__":"TypedArray","ctor":"Float64Array","array":[0,12.5,0,0,0,0,1,1,1,1]}},{"__type__":"cc.Node","_name":"line2","_parent":{"__id__":101},"_components":[{"__type__":"cc.Sprite","node":{"__id__":103},"_materials":[{"__uuid__":"ecpdLyjvZBwrvm+cedCcQy"}],"_spriteFrame":{"__uuid__":"77rrwEYoRMPIJ7WWoW0vAz"},"_sizeMode":0}],"_prefab":{"__type__":"cc.PrefabInfo","root":{"__id__":1},"asset":{"__uuid__":"d8QoKJbkdCtKPmhfHd5QC9"},"fileId":"2c762KmL9NLG6C6qybbBmg8"},"_contentSize":{"__type__":"cc.Size","width":908,"height":8},"_anchorPoint":{"__type__":"cc.Vec2","y":0.5},"_trs":{"__type__":"TypedArray","ctor":"Float64Array","array":[-455,12.5,0,0,0,0,1,1,1,1]}},{"__type__":"cc.Node","_name":"img_txxx","_parent":{"__id__":101},"_components":[{"__type__":"cc.Sprite","node":{"__id__":104},"_materials":[{"__uuid__":"ecpdLyjvZBwrvm+cedCcQy"}],"_spriteFrame":{"__uuid__":"1eAvWWuQVMyr4ZnVOsnHzU"}}],"_prefab":{"__type__":"cc.PrefabInfo","root":{"__id__":1},"asset":{"__uuid__":"d8QoKJbkdCtKPmhfHd5QC9"},"fileId":"b4rbzXgnVI9ZH9Fpmem3th"},"_contentSize":{"__type__":"cc.Size","width":113,"height":78},"_trs":{"__type__":"TypedArray","ctor":"Float64Array","array":[-455,0,0,0,0,0,1,1,1,1]}},{"__type__":"cc.Node","_name":"img_ddsh02","_parent":{"__id__":101},"_components":[{"__type__":"cc.Sprite","node":{"__id__":105},"_materials":[{"__uuid__":"ecpdLyjvZBwrvm+cedCcQy"}],"_spriteFrame":{"__uuid__":"bai+tub1tBAby5lNdSStdi"}}],"_prefab":{"__type__":"cc.PrefabInfo","root":{"__id__":1},"asset":{"__uuid__":"d8QoKJbkdCtKPmhfHd5QC9"},"fileId":"1egxnMYYtFqKisqqJFOgNB"},"_contentSize":{"__type__":"cc.Size","width":113,"height":78},"_trs":{"__type__":"TypedArray","ctor":"Float64Array","array":[0,0,0,0,0,0,1,1,1,1]}},{"__type__":"cc.Node","_name":"img_sqcg02","_parent":{"__id__":101},"_components":[{"__type__":"cc.Sprite","node":{"__id__":106},"_materials":[{"__uuid__":"ecpdLyjvZBwrvm+cedCcQy"}],"_spriteFrame":{"__uuid__":"0fUWfloUBFnKUzg8sqFUzg"}}],"_prefab":{"__type__":"cc.PrefabInfo","root":{"__id__":1},"asset":{"__uuid__":"d8QoKJbkdCtKPmhfHd5QC9"},"fileId":"71rFNL+hdNLrOXwJ/nlmG7"},"_contentSize":{"__type__":"cc.Size","width":110,"height":78},"_trs":{"__type__":"TypedArray","ctor":"Float64Array","array":[455,0,0,0,0,0,1,1,1,1]}},{"__type__":"cc.Node","_name":"content","_parent":{"__id__":100},"_children":[{"__id__":108},{"__id__":109},{"__id__":110},{"__id__":114},{"__id__":116}],"_components":[{"__type__":"cc.Sprite","node":{"__id__":107},"_materials":[{"__uuid__":"ecpdLyjvZBwrvm+cedCcQy"}],"_spriteFrame":{"__uuid__":"01CA0XhJFGVKUd7KGdIVxJ"}}],"_prefab":{"__type__":"cc.PrefabInfo","root":{"__id__":1},"asset":{"__uuid__":"d8QoKJbkdCtKPmhfHd5QC9"},"fileId":"1csvckzVJP5JxrkvhiyIB+"},"_contentSize":{"__type__":"cc.Size","width":1046,"height":269},"_trs":{"__type__":"TypedArray","ctor":"Float64Array","array":[0,-31,0,0,0,0,1,1,1,1]}},{"__type__":"cc.Node","_name":"img_fgx","_parent":{"__id__":107},"_components":[{"__type__":"cc.Sprite","node":{"__id__":108},"_materials":[{"__uuid__":"ecpdLyjvZBwrvm+cedCcQy"}],"_spriteFrame":{"__uuid__":"18uSxi7uNAq6hAL43qiMbZ"}}],"_prefab":{"__type__":"cc.PrefabInfo","root":{"__id__":1},"asset":{"__uuid__":"d8QoKJbkdCtKPmhfHd5QC9"},"fileId":"e6Y3TNCMBOnbWH6miyHUDr"},"_contentSize":{"__type__":"cc.Size","width":955,"height":4},"_trs":{"__type__":"TypedArray","ctor":"Float64Array","array":[0,24.5,0,0,0,0,1,1,1,1]}},{"__type__":"cc.Node","_name":"img_tg","_parent":{"__id__":107},"_components":[{"__type__":"cc.Sprite","node":{"__id__":109},"_materials":[{"__uuid__":"ecpdLyjvZBwrvm+cedCcQy"}],"_spriteFrame":{"__uuid__":"07Y8Xu8mxK6Z26r+9H/Daw"}}],"_prefab":{"__type__":"cc.PrefabInfo","root":{"__id__":1},"asset":{"__uuid__":"d8QoKJbkdCtKPmhfHd5QC9"},"fileId":"10tomB/mVB74V1r1hO+YRY"},"_contentSize":{"__type__":"cc.Size","width":406,"height":52},"_trs":{"__type__":"TypedArray","ctor":"Float64Array","array":[0,76.5,0,0,0,0,1,1,1,1]}},{"__type__":"cc.Node","_name":"richtext","_parent":{"__id__":107},"_children":[{"__id__":111},{"__id__":112}],"_components":[{"__id__":113}],"_prefab":{"__type__":"cc.PrefabInfo","root":{"__id__":1},"asset":{"__uuid__":"d8QoKJbkdCtKPmhfHd5QC9"},"fileId":"b3ZyHHJ8FGh7IRblSPFWvs"},"_contentSize":{"__type__":"cc.Size","width":363.75,"height":63},"_trs":{"__type__":"TypedArray","ctor":"Float64Array","array":[0,-54.5,0,0,0,0,1,1,1,1]}},{"__type__":"cc.PrivateNode","_name":"RICHTEXT_CHILD","_objFlags":1024,"_parent":{"__id__":110},"_components":[{"__type__":"cc.Label","node":{"__id__":111},"_materials":[{"__uuid__":"ecpdLyjvZBwrvm+cedCcQy"}],"_string":"添加客服微信:","_N$string":"添加客服微信:","_fontSize":32,"_lineHeight":50,"_N$file":{"__uuid__":"5f5wQekV1CGpJW2meZozWn"},"_isSystemFontUsed":false,"_N$verticalAlign":1}],"_prefab":{"__type__":"cc.PrefabInfo","root":{"__id__":1},"asset":{"__uuid__":"d8QoKJbkdCtKPmhfHd5QC9"},"fileId":"070husOW5EuZue/XJn4tWI"},"_color":{"__type__":"cc.Color","r":81,"g":45,"b":10},"_contentSize":{"__type__":"cc.Size","width":200.5,"height":63},"_anchorPoint":{"__type__":"cc.Vec2"},"_trs":{"__type__":"TypedArray","ctor":"Float64Array","array":[-181.875,-31.5,0,0,0,0,1,1,1,1]},"_zIndex":-32768},{"__type__":"cc.PrivateNode","_name":"RICHTEXT_CHILD","_objFlags":1024,"_parent":{"__id__":110},"_components":[{"__type__":"cc.Label","node":{"__id__":112},"_materials":[{"__uuid__":"ecpdLyjvZBwrvm+cedCcQy"}],"_string":"xinhuaqipai","_N$string":"xinhuaqipai","_fontSize":32,"_lineHeight":50,"_N$file":{"__uuid__":"5f5wQekV1CGpJW2meZozWn"},"_isSystemFontUsed":false,"_N$verticalAlign":1}],"_prefab":{"__type__":"cc.PrefabInfo","root":{"__id__":1},"asset":{"__uuid__":"d8QoKJbkdCtKPmhfHd5QC9"},"fileId":"e4Cfwt0ThJCpdTqCBVWOnW"},"_color":{"__type__":"cc.Color","r":218,"g":65,"b":48},"_contentSize":{"__type__":"cc.Size","width":163.25,"height":63},"_anchorPoint":{"__type__":"cc.Vec2"},"_trs":{"__type__":"TypedArray","ctor":"Float64Array","array":[18.625,-31.5,0,0,0,0,1,1,1,1]},"_zIndex":-32768},{"__type__":"cc.RichText","node":{"__id__":110},"_isSystemFontUsed":false,"_N$string":"<color=#512d0a>添加客服微信:</c><color=#da4130>xinhuaqipai</color><color=#512d0a></color>","_N$fontSize":32,"_N$font":{"__uuid__":"5f5wQekV1CGpJW2meZozWn"},"_N$lineHeight":50},{"__type__":"cc.Node","_name":"btn_fzgzh","_parent":{"__id__":107},"_children":[{"__id__":115}],"_components":[{"__type__":"cc.Sprite","node":{"__id__":114},"_materials":[{"__uuid__":"ecpdLyjvZBwrvm+cedCcQy"}],"_spriteFrame":{"__uuid__":"36nP3aRSRNU6q+6r0O/gtl"},"_type":1},{"__type__":"cc.Button","node":{"__id__":114},"zoomScale":0.9,"clickEvents":[{"__type__":"cc.ClickEvent","target":{"__id__":1},"_componentId":"56888KiPBlBKLRDy/uoxZJK","handler":"CopyNumber"}],"_N$transition":3,"transition":3,"_N$pressedColor":{"__type__":"cc.Color","r":255,"g":255,"b":255},"pressedColor":{"__type__":"cc.Color","r":255,"g":255,"b":255},"_N$disabledColor":{"__type__":"cc.Color","r":255,"g":255,"b":255},"_N$normalSprite":{"__uuid__":"36nP3aRSRNU6q+6r0O/gtl"},"_N$pressedSprite":{"__uuid__":"e97GVMl6JHh5Ml5qEDdSGa"},"pressedSprite":{"__uuid__":"e97GVMl6JHh5Ml5qEDdSGa"},"_N$hoverSprite":{"__uuid__":"f0BIwQ8D5Ml7nTNQbh1YlS"},"hoverSprite":{"__uuid__":"f0BIwQ8D5Ml7nTNQbh1YlS"},"_N$disabledSprite":{"__uuid__":"29FYIk+N1GYaeWH/q1NxQO"},"_N$target":{"__id__":114}}],"_prefab":{"__type__":"cc.PrefabInfo","root":{"__id__":1},"asset":{"__uuid__":"d8QoKJbkdCtKPmhfHd5QC9"},"fileId":"bbynLeYFlBHLr1bZ5nbbxo"},"_contentSize":{"__type__":"cc.Size","width":144,"height":54},"_trs":{"__type__":"TypedArray","ctor":"Float64Array","array":[274.73,-54.5,0,0,0,0,1,1,1,1]}},{"__type__":"cc.Node","_name":"label","_parent":{"__id__":114},"_components":[{"__type__":"cc.Label","node":{"__id__":115},"_materials":[{"__uuid__":"ecpdLyjvZBwrvm+cedCcQy"}],"_useOriginalSize":false,"_string":"复制微信","_N$string":"复制微信","_fontSize":24,"_lineHeight":26,"_N$file":{"__uuid__":"5f5wQekV1CGpJW2meZozWn"},"_isSystemFontUsed":false,"_N$horizontalAlign":1,"_N$verticalAlign":1},{"__type__":"cc.LabelOutline","node":{"__id__":115},"_color":{"__type__":"cc.Color","r":93,"g":64,"b":43},"_width":2}],"_prefab":{"__type__":"cc.PrefabInfo","root":{"__id__":1},"asset":{"__uuid__":"d8QoKJbkdCtKPmhfHd5QC9"},"fileId":"56oDbhuAtBQ559EpIfBwht"},"_contentSize":{"__type__":"cc.Size","width":100,"height":36.76},"_trs":{"__type__":"TypedArray","ctor":"Float64Array","array":[0,0,0,0,0,0,1,1,1,1]}},{"__type__":"cc.Node","_name":"btn_houtai","_parent":{"__id__":107},"_children":[{"__id__":117}],"_components":[{"__type__":"cc.Sprite","node":{"__id__":116},"_materials":[{"__uuid__":"ecpdLyjvZBwrvm+cedCcQy"}],"_spriteFrame":{"__uuid__":"36nP3aRSRNU6q+6r0O/gtl"},"_type":1},{"__type__":"cc.Button","node":{"__id__":116},"zoomScale":0.9,"clickEvents":[{"__type__":"cc.ClickEvent","target":{"__id__":1},"_componentId":"56888KiPBlBKLRDy/uoxZJK","handler":"EnterAdmin"}],"_N$transition":3,"transition":3,"_N$pressedColor":{"__type__":"cc.Color","r":255,"g":255,"b":255},"pressedColor":{"__type__":"cc.Color","r":255,"g":255,"b":255},"_N$disabledColor":{"__type__":"cc.Color","r":255,"g":255,"b":255},"_N$normalSprite":{"__uuid__":"36nP3aRSRNU6q+6r0O/gtl"},"_N$pressedSprite":{"__uuid__":"e97GVMl6JHh5Ml5qEDdSGa"},"pressedSprite":{"__uuid__":"e97GVMl6JHh5Ml5qEDdSGa"},"_N$hoverSprite":{"__uuid__":"f0BIwQ8D5Ml7nTNQbh1YlS"},"hoverSprite":{"__uuid__":"f0BIwQ8D5Ml7nTNQbh1YlS"},"_N$disabledSprite":{"__uuid__":"29FYIk+N1GYaeWH/q1NxQO"},"_N$target":{"__id__":116}}],"_prefab":{"__type__":"cc.PrefabInfo","root":{"__id__":1},"asset":{"__uuid__":"d8QoKJbkdCtKPmhfHd5QC9"},"fileId":"9aHiMITx9EQYhRU/+l8aSZ"},"_contentSize":{"__type__":"cc.Size","width":144,"height":54},"_trs":{"__type__":"TypedArray","ctor":"Float64Array","array":[437.87,-54.5,0,0,0,0,1,1,1,1]}},{"__type__":"cc.Node","_name":"label","_parent":{"__id__":116},"_components":[{"__type__":"cc.Label","node":{"__id__":117},"_materials":[{"__uuid__":"ecpdLyjvZBwrvm+cedCcQy"}],"_useOriginalSize":false,"_string":"打开后台","_N$string":"打开后台","_fontSize":24,"_lineHeight":26,"_N$file":{"__uuid__":"5f5wQekV1CGpJW2meZozWn"},"_isSystemFontUsed":false,"_N$horizontalAlign":1,"_N$verticalAlign":1},{"__type__":"cc.LabelOutline","node":{"__id__":117},"_color":{"__type__":"cc.Color","r":93,"g":64,"b":43},"_width":2}],"_prefab":{"__type__":"cc.PrefabInfo","root":{"__id__":1},"asset":{"__uuid__":"d8QoKJbkdCtKPmhfHd5QC9"},"fileId":"c8o/w+5otHwIHJStE8vegL"},"_contentSize":{"__type__":"cc.Size","width":100,"height":36.76},"_trs":{"__type__":"TypedArray","ctor":"Float64Array","array":[0,0,0,0,0,0,1,1,1,1]}},{"__type__":"cc.Node","_name":"btn_gz","_parent":{"__id__":100},"_children":[{"__id__":119}],"_active":false,"_components":[{"__type__":"cc.Sprite","node":{"__id__":118},"_spriteFrame":{"__uuid__":"086ZDaOlFOrZXaLumM3u3t"},"_type":1},{"__type__":"cc.Button","node":{"__id__":118},"zoomScale":0.9,"_N$transition":3,"transition":3,"_N$pressedColor":{"__type__":"cc.Color","r":255,"g":255,"b":255},"pressedColor":{"__type__":"cc.Color","r":255,"g":255,"b":255},"_N$disabledColor":{"__type__":"cc.Color","r":255,"g":255,"b":255},"_N$normalSprite":{"__uuid__":"086ZDaOlFOrZXaLumM3u3t"},"_N$pressedSprite":{"__uuid__":"e97GVMl6JHh5Ml5qEDdSGa"},"pressedSprite":{"__uuid__":"e97GVMl6JHh5Ml5qEDdSGa"},"_N$hoverSprite":{"__uuid__":"f0BIwQ8D5Ml7nTNQbh1YlS"},"hoverSprite":{"__uuid__":"f0BIwQ8D5Ml7nTNQbh1YlS"},"_N$disabledSprite":{"__uuid__":"29FYIk+N1GYaeWH/q1NxQO"},"_N$target":{"__id__":118}}],"_prefab":{"__type__":"cc.PrefabInfo","root":{"__id__":1},"asset":{"__uuid__":"d8QoKJbkdCtKPmhfHd5QC9"},"fileId":"e6N+qAT8ZAPZ7hLP2sWmFa"},"_contentSize":{"__type__":"cc.Size","width":323,"height":80},"_trs":{"__type__":"TypedArray","ctor":"Float64Array","array":[0,-240,0,0,0,0,1,1,1,1]}},{"__type__":"cc.Node","_name":"img_rhgz","_parent":{"__id__":118},"_components":[{"__type__":"cc.Sprite","node":{"__id__":119},"_spriteFrame":{"__uuid__":"e7asVDDhFFgqcg0aSTf76l"}}],"_prefab":{"__type__":"cc.PrefabInfo","root":{"__id__":1},"asset":{"__uuid__":"d8QoKJbkdCtKPmhfHd5QC9"},"fileId":"15qhZQYvZINrOor/wntaew"},"_contentSize":{"__type__":"cc.Size","width":262,"height":38},"_trs":{"__type__":"TypedArray","ctor":"Float64Array","array":[0,5,0,0,0,0,1,1,1,1]}},{"__type__":"cc.Node","_name":"hint","_parent":{"__id__":1},"_components":[{"__type__":"cc.Label","node":{"__id__":120},"_materials":[{"__uuid__":"ecpdLyjvZBwrvm+cedCcQy"}],"_useOriginalSize":false,"_string":"友情提示：绿色健康游戏，严禁一切赌博行为","_N$string":"友情提示：绿色健康游戏，严禁一切赌博行为","_fontSize":24,"_lineHeight":24,"_N$file":{"__uuid__":"5f5wQekV1CGpJW2meZozWn"},"_isSystemFontUsed":false,"_N$horizontalAlign":1,"_N$verticalAlign":1}],"_prefab":{"__type__":"cc.PrefabInfo","root":{"__id__":1},"asset":{"__uuid__":"d8QoKJbkdCtKPmhfHd5QC9"},"fileId":"beTNkl8jtNn4/NR+HyfnTa"},"_color":{"__type__":"cc.Color","r":190,"g":155,"b":118},"_contentSize":{"__type__":"cc.Size","width":480,"height":30.24},"_trs":{"__type__":"TypedArray","ctor":"Float64Array","array":[0,-354,0,0,0,0,1,1,1,1]}}],{"__type__":"cc.SpriteFrame","content":{"name":"btn_fh","texture":"bcMEW77SVNj7sd7lKoCGD6","rect":[0,0,68,68],"offset":[0,0],"originalSize":[68,68],"capInsets":[0,0,0,0]}},{"__type__":"cc.SpriteFrame","content":{"name":"img_rhgz","texture":"50rqhMUXNJPbcS1sEUq/kW","rect":[0,0,262,38],"offset":[0,0],"originalSize":[262,38],"capInsets":[0,0,0,0]}},{"__type__":"cc.SpriteFrame","content":{"name":"default_btn_pressed","texture":"b4P/PCArtIdIH38t6mlw8Y","rect":[0,0,40,40],"offset":[0,0],"originalSize":[40,40],"capInsets":[12,12,12,12]}},{"__type__":"cc.SpriteFrame","content":{"name":"default_btn_normal","texture":"e8Ueib+qJEhL6mXAHdnwbi","rect":[0,0,40,40],"offset":[0,0],"originalSize":[40,40],"capInsets":[12,12,12,12]}},{"__type__":"cc.SpriteFrame","content":{"name":"bg_btn_fh","texture":"e7KUgH29FCKqxLl6hZ1eXQ","rect":[0,0,307,80],"offset":[-526.5,0],"originalSize":[1360,80],"capInsets":[0,0,0,0]}},{"__type__":"cc.SpriteFrame","content":{"name":"img_xm","texture":"599ipAjrlGioTO4BvARGV1","rect":[0,0,158,36],"offset":[0,0],"originalSize":[158,36],"capInsets":[0,0,0,0]}}]