[{"__type__":"cc.SpriteFrame","content":{"name":"bg_dan","texture":"0dIpFSUQVHC67hBvI+vZup","rect":[0,0,308,252],"offset":[0,0],"originalSize":[308,252],"capInsets":[20,120,20,110]}},{"__type__":"cc.SpriteFrame","content":{"name":"zhuangjia","texture":"e4o8M5LvtLq4odj4aIDLv1","rect":[0,0,48,48],"offset":[0,0],"originalSize":[48,48],"capInsets":[0,0,0,0]}},{"__type__":"cc.SpriteFrame","content":{"name":"img_bjl","texture":"4cPMXEkupD7J4NqyinYS9a","rect":[0,0,122,59],"offset":[0,0],"originalSize":[122,59],"capInsets":[50,20,50,20]}},{"__type__":"cc.SpriteFrame","content":{"name":"icon_ct","texture":"89dMoCS/JAa4mjgEAaXPFU","rect":[0,0,129,67],"offset":[0,0],"originalSize":[129,67],"capInsets":[0,0,0,0]}},{"__type__":"cc.SpriteFrame","content":{"name":"icon_dzm","texture":"73IJ1Jy5hB4oTD5Y0UA2Kd","rect":[0,0,80,69],"offset":[0,0],"originalSize":[80,69],"capInsets":[0,0,0,0]}},{"__type__":"cc.SpriteFrame","content":{"name":"bg_head","texture":"92mibFlSJIUb7D7wDFGjTY","rect":[0,0,85,85],"offset":[0,0],"originalSize":[85,85],"capInsets":[0,0,0,0]}},[{"__type__":"cc.Prefab","_name":"fqpls_winlost_child","data":{"__id__":1}},{"__type__":"cc.Node","_name":"fqpls_winlost_child","_children":[{"__id__":2},{"__id__":9},{"__id__":10},{"__id__":11},{"__id__":12},{"__id__":13},{"__id__":14},{"__id__":15},{"__id__":16},{"__id__":17},{"__id__":19}],"_components":[{"__type__":"cc.Sprite","node":{"__id__":1},"_materials":[{"__uuid__":"ecpdLyjvZBwrvm+cedCcQy"}],"_spriteFrame":{"__uuid__":"2bqGev7VdHe4af8c1lQl9d"},"_type":1,"_sizeMode":0},{"__type__":"35881YTT8BPZo+y3D68D4bG","node":{"__id__":1},"cardPrefab":{"__uuid__":"13j7dgb6JC1psaB+jPSK2l"}}],"_prefab":{"__type__":"cc.PrefabInfo","root":{"__id__":1},"asset":{"__uuid__":"83blA63dZOU4Szm8Qmo9XA"},"fileId":"6cDdI6pBxA9Z4NOAL9rTXL"},"_contentSize":{"__type__":"cc.Size","width":274,"height":396},"_anchorPoint":{"__type__":"cc.Vec2","y":0.5},"_trs":{"__type__":"TypedArray","ctor":"Float64Array","array":[0,-220,0,0,0,0,1,1,1,1]}},{"__type__":"cc.Node","_name":"user_info","_parent":{"__id__":1},"_children":[{"__id__":3},{"__id__":4},{"__id__":6},{"__id__":7},{"__id__":8}],"_prefab":{"__type__":"cc.PrefabInfo","root":{"__id__":1},"asset":{"__uuid__":"83blA63dZOU4Szm8Qmo9XA"},"fileId":"7b3a+X2sdHOK2Ru5gjzToJ"},"_trs":{"__type__":"TypedArray","ctor":"Float64Array","array":[110,120,0,0,0,0,1,1,1,1]}},{"__type__":"cc.Node","_name":"bg_head","_parent":{"__id__":2},"_components":[{"__type__":"cc.Sprite","node":{"__id__":3},"_materials":[{"__uuid__":"ecpdLyjvZBwrvm+cedCcQy"}],"_spriteFrame":{"__uuid__":"6fZHXhFSNJOaHufB8Cy11y"}}],"_prefab":{"__type__":"cc.PrefabInfo","root":{"__id__":1},"asset":{"__uuid__":"83blA63dZOU4Szm8Qmo9XA"},"fileId":"98fh2Q1npMqaiPKOQop4Dw"},"_contentSize":{"__type__":"cc.Size","width":85,"height":85},"_trs":{"__type__":"TypedArray","ctor":"Float64Array","array":[-60.9,29.7,0,0,0,0,1,1,1,1]}},{"__type__":"cc.Node","_name":"mask","_parent":{"__id__":2},"_children":[{"__id__":5}],"_components":[{"__type__":"cc.Mask","node":{"__id__":4},"_materials":[{"__uuid__":"ecpdLyjvZBwrvm+cedCcQy"}],"_spriteFrame":{"__uuid__":"862ZSSkT5Mqrb9LXLGSo/x"},"_type":2}],"_prefab":{"__type__":"cc.PrefabInfo","root":{"__id__":1},"asset":{"__uuid__":"83blA63dZOU4Szm8Qmo9XA"},"fileId":"2ao0tIqURK4YvziMzMn2fW"},"_contentSize":{"__type__":"cc.Size","width":79,"height":79},"_trs":{"__type__":"TypedArray","ctor":"Float64Array","array":[-60.9,29.7,0,0,0,0,1,1,1,1]}},{"__type__":"cc.Node","_name":"head_img","_parent":{"__id__":4},"_components":[{"__type__":"cc.Sprite","node":{"__id__":5},"_materials":[{"__uuid__":"ecpdLyjvZBwrvm+cedCcQy"}],"_spriteFrame":{"__uuid__":"e6JNuRrHVFM4KYnmai3HR+"},"_sizeMode":0,"_isTrimmedMode":false},{"__type__":"f42b8ZzNWFKKI/QT/n8cR1+","node":{"__id__":5}}],"_prefab":{"__type__":"cc.PrefabInfo","root":{"__id__":1},"asset":{"__uuid__":"83blA63dZOU4Szm8Qmo9XA"},"fileId":"ccsrW0FaBCoKLtckbotJ32"},"_contentSize":{"__type__":"cc.Size","width":79,"height":79},"_trs":{"__type__":"TypedArray","ctor":"Float64Array","array":[0,0,0,0,0,0,1,1,1,1]}},{"__type__":"cc.Node","_name":"lable_name","_parent":{"__id__":2},"_components":[{"__type__":"cc.Label","node":{"__id__":6},"_materials":[{"__uuid__":"ecpdLyjvZBwrvm+cedCcQy"}],"_useOriginalSize":false,"_string":"丸子科丸丸","_N$string":"丸子科丸丸","_fontSize":26,"_lineHeight":26,"_enableWrapText":false,"_N$verticalAlign":1,"_N$overflow":2}],"_prefab":{"__type__":"cc.PrefabInfo","root":{"__id__":1},"asset":{"__uuid__":"83blA63dZOU4Szm8Qmo9XA"},"fileId":"f2t10UQ0RCpKHCZxrWKZj5"},"_color":{"__type__":"cc.Color","r":124,"g":62,"b":18},"_contentSize":{"__type__":"cc.Size","width":130,"height":26},"_anchorPoint":{"__type__":"cc.Vec2","y":0.5},"_trs":{"__type__":"TypedArray","ctor":"Float64Array","array":[-1,45,0,0,0,0,1,1,1,1]}},{"__type__":"cc.Node","_name":"label_id","_parent":{"__id__":2},"_components":[{"__type__":"cc.Label","node":{"__id__":7},"_materials":[{"__uuid__":"ecpdLyjvZBwrvm+cedCcQy"}],"_useOriginalSize":false,"_string":"1422222","_N$string":"1422222","_fontSize":26,"_lineHeight":26,"_N$verticalAlign":1}],"_prefab":{"__type__":"cc.PrefabInfo","root":{"__id__":1},"asset":{"__uuid__":"83blA63dZOU4Szm8Qmo9XA"},"fileId":"57rcO1VPhMJqNOCjL7WLux"},"_color":{"__type__":"cc.Color","r":124,"g":62,"b":18},"_contentSize":{"__type__":"cc.Size","width":101.22,"height":32.76},"_anchorPoint":{"__type__":"cc.Vec2","y":0.5},"_trs":{"__type__":"TypedArray","ctor":"Float64Array","array":[1,14,0,0,0,0,1,1,1,1]}},{"__type__":"cc.Node","_name":"icon_dzm","_parent":{"__id__":2},"_active":false,"_components":[{"__type__":"cc.Sprite","node":{"__id__":8},"_spriteFrame":{"__uuid__":"6b5WDlSMROe6s4CkxD9y3O"},"_sizeMode":0}],"_prefab":{"__type__":"cc.PrefabInfo","root":{"__id__":1},"asset":{"__uuid__":"83blA63dZOU4Szm8Qmo9XA"},"fileId":"011p3HKpRJU63heEzGeakV"},"_contentSize":{"__type__":"cc.Size","width":60,"height":45},"_trs":{"__type__":"TypedArray","ctor":"Float64Array","array":[-48.8,59.7,0,0,0,0,1,1,1,1]}},{"__type__":"cc.Node","_name":"lb_beiShu","_parent":{"__id__":1},"_components":[{"__type__":"cc.Label","node":{"__id__":9},"_materials":[{"__uuid__":"ecpdLyjvZBwrvm+cedCcQy"}],"_useOriginalSize":false,"_string":"10","_N$string":"10","_fontSize":24,"_N$file":{"__uuid__":"5f5wQekV1CGpJW2meZozWn"},"_isSystemFontUsed":false,"_N$horizontalAlign":1,"_N$verticalAlign":1}],"_prefab":{"__type__":"cc.PrefabInfo","root":{"__id__":1},"asset":{"__uuid__":"83blA63dZOU4Szm8Qmo9XA"},"fileId":"d4D5K/LIBB9olP13objOHE"},"_color":{"__type__":"cc.Color","r":255,"g":66},"_contentSize":{"__type__":"cc.Size","width":22.5,"height":50.4},"_anchorPoint":{"__type__":"cc.Vec2","y":0.5},"_trs":{"__type__":"TypedArray","ctor":"Float64Array","array":[225.748,73,0,0,0,0,1,1,1,1]}},{"__type__":"cc.Node","_name":"lb_beishuTitle","_parent":{"__id__":1},"_components":[{"__type__":"cc.Label","node":{"__id__":10},"_materials":[{"__uuid__":"ecpdLyjvZBwrvm+cedCcQy"}],"_useOriginalSize":false,"_string":"倍数：","_N$string":"倍数：","_fontSize":26,"_lineHeight":35,"_N$file":{"__uuid__":"5f5wQekV1CGpJW2meZozWn"},"_isSystemFontUsed":false,"_N$horizontalAlign":1,"_N$verticalAlign":1}],"_prefab":{"__type__":"cc.PrefabInfo","root":{"__id__":1},"asset":{"__uuid__":"83blA63dZOU4Szm8Qmo9XA"},"fileId":"475QI5hCNLf6/Q232C9Ykn"},"_color":{"__type__":"cc.Color","r":119,"g":17,"b":17},"_contentSize":{"__type__":"cc.Size","width":78,"height":44.1},"_anchorPoint":{"__type__":"cc.Vec2","y":0.5},"_trs":{"__type__":"TypedArray","ctor":"Float64Array","array":[161.648,73,0,0,0,0,1,1,1,1]}},{"__type__":"cc.Node","_name":"lb_difentitle","_parent":{"__id__":1},"_components":[{"__type__":"cc.Label","node":{"__id__":11},"_materials":[{"__uuid__":"ecpdLyjvZBwrvm+cedCcQy"}],"_useOriginalSize":false,"_string":"底分：","_N$string":"底分：","_fontSize":26,"_lineHeight":35,"_N$file":{"__uuid__":"5f5wQekV1CGpJW2meZozWn"},"_isSystemFontUsed":false,"_N$horizontalAlign":1,"_N$verticalAlign":1}],"_prefab":{"__type__":"cc.PrefabInfo","root":{"__id__":1},"asset":{"__uuid__":"83blA63dZOU4Szm8Qmo9XA"},"fileId":"eaOmAhJFVAfo7OA8jP+7Na"},"_color":{"__type__":"cc.Color","r":119,"g":17,"b":17},"_contentSize":{"__type__":"cc.Size","width":78,"height":44.1},"_anchorPoint":{"__type__":"cc.Vec2","y":0.5},"_trs":{"__type__":"TypedArray","ctor":"Float64Array","array":[24.51,73,0,0,0,0,1,1,1,1]}},{"__type__":"cc.Node","_name":"lb_difen","_parent":{"__id__":1},"_components":[{"__type__":"cc.Label","node":{"__id__":12},"_materials":[{"__uuid__":"ecpdLyjvZBwrvm+cedCcQy"}],"_useOriginalSize":false,"_string":"10","_N$string":"10","_fontSize":24,"_N$file":{"__uuid__":"5f5wQekV1CGpJW2meZozWn"},"_isSystemFontUsed":false,"_N$horizontalAlign":1,"_N$verticalAlign":1}],"_prefab":{"__type__":"cc.PrefabInfo","root":{"__id__":1},"asset":{"__uuid__":"83blA63dZOU4Szm8Qmo9XA"},"fileId":"92gU9dDtZMT5wyH81h5iVR"},"_color":{"__type__":"cc.Color","r":255,"g":66},"_contentSize":{"__type__":"cc.Size","width":22.5,"height":50.4},"_anchorPoint":{"__type__":"cc.Vec2","y":0.5},"_trs":{"__type__":"TypedArray","ctor":"Float64Array","array":[104.41,73,0,0,0,0,1,1,1,1]}},{"__type__":"cc.Node","_name":"icon_robClose","_parent":{"__id__":1},"_active":false,"_components":[{"__type__":"cc.Sprite","node":{"__id__":13},"_spriteFrame":{"__uuid__":"43VZAJIQdIwJ1CckGfJfs5"}}],"_prefab":{"__type__":"cc.PrefabInfo","root":{"__id__":1},"asset":{"__uuid__":"83blA63dZOU4Szm8Qmo9XA"},"fileId":"13LgXGhy1H6J5GOOL9p35A"},"_contentSize":{"__type__":"cc.Size","width":129,"height":67},"_trs":{"__type__":"TypedArray","ctor":"Float64Array","array":[139,-48,0,0,0,0,1,1,1,1]}},{"__type__":"cc.Node","_name":"lb_allScoreTitle","_parent":{"__id__":1},"_components":[{"__type__":"cc.Label","node":{"__id__":14},"_materials":[{"__uuid__":"ecpdLyjvZBwrvm+cedCcQy"}],"_useOriginalSize":false,"_string":"总分数:","_N$string":"总分数:","_fontSize":24,"_lineHeight":35,"_N$file":{"__uuid__":"5f5wQekV1CGpJW2meZozWn"},"_isSystemFontUsed":false,"_N$horizontalAlign":1,"_N$verticalAlign":1}],"_prefab":{"__type__":"cc.PrefabInfo","root":{"__id__":1},"asset":{"__uuid__":"83blA63dZOU4Szm8Qmo9XA"},"fileId":"ee0Z8VvFBF5oiNRXdlgZLW"},"_color":{"__type__":"cc.Color","r":119,"g":17,"b":17},"_contentSize":{"__type__":"cc.Size","width":78.38,"height":44.1},"_trs":{"__type__":"TypedArray","ctor":"Float64Array","array":[60,-130,0,0,0,0,1,1,1,1]}},{"__type__":"cc.Node","_name":"lb_lose_num","_parent":{"__id__":1},"_components":[{"__type__":"cc.Label","node":{"__id__":15},"_materials":[{"__uuid__":"ecpdLyjvZBwrvm+cedCcQy"}],"_useOriginalSize":false,"_string":"-1000","_N$string":"-1000","_fontSize":32,"_N$file":{"__uuid__":"59kzsyiIFGS5Deoo4o1bsG"},"_isSystemFontUsed":false,"_N$horizontalAlign":1,"_N$verticalAlign":1}],"_prefab":{"__type__":"cc.PrefabInfo","root":{"__id__":1},"asset":{"__uuid__":"83blA63dZOU4Szm8Qmo9XA"},"fileId":"3f+il06+xH3LtQPRhTgiVM"},"_contentSize":{"__type__":"cc.Size","width":145,"height":40},"_anchorPoint":{"__type__":"cc.Vec2","y":0.5},"_trs":{"__type__":"TypedArray","ctor":"Float64Array","array":[117,-130,0,0,0,0,1,0.7,0.7,1]}},{"__type__":"cc.Node","_name":"lb_win_num","_parent":{"__id__":1},"_components":[{"__type__":"cc.Label","node":{"__id__":16},"_materials":[{"__uuid__":"ecpdLyjvZBwrvm+cedCcQy"}],"_useOriginalSize":false,"_string":"+1000","_N$string":"+1000","_fontSize":1,"_lineHeight":1,"_N$file":{"__uuid__":"72IVOMk1hKZ49cj8VmMTmu"},"_isSystemFontUsed":false,"_N$horizontalAlign":1,"_N$verticalAlign":1}],"_prefab":{"__type__":"cc.PrefabInfo","root":{"__id__":1},"asset":{"__uuid__":"83blA63dZOU4Szm8Qmo9XA"},"fileId":"eawEa/nDhNB4qpqiV1s9Z1"},"_contentSize":{"__type__":"cc.Size","width":145,"height":1},"_anchorPoint":{"__type__":"cc.Vec2","y":0.5},"_trs":{"__type__":"TypedArray","ctor":"Float64Array","array":[116,-117,0,0,0,0,1,0.7,0.7,1]}},{"__type__":"cc.Node","_name":"lb_sportsPointTitle","_parent":{"__id__":1},"_children":[{"__id__":18}],"_components":[{"__type__":"cc.Label","node":{"__id__":17},"_materials":[{"__uuid__":"ecpdLyjvZBwrvm+cedCcQy"}],"_useOriginalSize":false,"_string":"比赛分:","_N$string":"比赛分:","_fontSize":24,"_lineHeight":35,"_N$file":{"__uuid__":"5f5wQekV1CGpJW2meZozWn"},"_isSystemFontUsed":false,"_N$horizontalAlign":1,"_N$verticalAlign":1}],"_prefab":{"__type__":"cc.PrefabInfo","root":{"__id__":1},"asset":{"__uuid__":"83blA63dZOU4Szm8Qmo9XA"},"fileId":"b9c4rcKppF4YduqnOt+3ea"},"_color":{"__type__":"cc.Color","r":119,"g":17,"b":17},"_contentSize":{"__type__":"cc.Size","width":78.38,"height":44.1},"_trs":{"__type__":"TypedArray","ctor":"Float64Array","array":[60,-167,0,0,0,0,1,1,1,1]}},{"__type__":"cc.Node","_name":"lb_sportsPoint","_parent":{"__id__":17},"_components":[{"__type__":"cc.Label","node":{"__id__":18},"_materials":[{"__uuid__":"ecpdLyjvZBwrvm+cedCcQy"}],"_useOriginalSize":false,"_string":"1234","_N$string":"1234","_fontSize":24,"_lineHeight":35,"_N$file":{"__uuid__":"5f5wQekV1CGpJW2meZozWn"},"_isSystemFontUsed":false,"_N$horizontalAlign":1,"_N$verticalAlign":1}],"_prefab":{"__type__":"cc.PrefabInfo","root":{"__id__":1},"asset":{"__uuid__":"83blA63dZOU4Szm8Qmo9XA"},"fileId":"5afZvv6HRIJ6WT/YbKUIy8"},"_color":{"__type__":"cc.Color","r":255,"g":66},"_contentSize":{"__type__":"cc.Size","width":49.88,"height":44.1},"_anchorPoint":{"__type__":"cc.Vec2","y":0.5},"_trs":{"__type__":"TypedArray","ctor":"Float64Array","array":[59,0,0,0,0,0,1,1,1,1]}},{"__type__":"cc.Node","_name":"card","_parent":{"__id__":1},"_children":[{"__type__":"cc.Node","_name":"poker_card1","_parent":{"__id__":19},"_prefab":{"__type__":"cc.PrefabInfo","root":{"__id__":1},"asset":{"__uuid__":"83blA63dZOU4Szm8Qmo9XA"},"fileId":"11DJB+h3dGgq2z4wymODqy"},"_contentSize":{"__type__":"cc.Size","width":112,"height":156},"_trs":{"__type__":"TypedArray","ctor":"Float64Array","array":[-12.4,32,0,0,0,0,1,0.3,0.3,1]}},{"__type__":"cc.Node","_name":"poker_card2","_parent":{"__id__":19},"_prefab":{"__type__":"cc.PrefabInfo","root":{"__id__":1},"asset":{"__uuid__":"83blA63dZOU4Szm8Qmo9XA"},"fileId":"62M3igzW1GmakGaN/rRedR"},"_contentSize":{"__type__":"cc.Size","width":112,"height":156},"_trs":{"__type__":"TypedArray","ctor":"Float64Array","array":[0.6000000000000001,32,0,0,0,0,1,0.3,0.3,1]}},{"__type__":"cc.Node","_name":"poker_card3","_parent":{"__id__":19},"_prefab":{"__type__":"cc.PrefabInfo","root":{"__id__":1},"asset":{"__uuid__":"83blA63dZOU4Szm8Qmo9XA"},"fileId":"3bnn4/wARFKbfaaFUc0ngg"},"_contentSize":{"__type__":"cc.Size","width":112,"height":156},"_trs":{"__type__":"TypedArray","ctor":"Float64Array","array":[13.600000000000001,32,0,0,0,0,1,0.3,0.3,1]}},{"__type__":"cc.Node","_name":"poker_card4","_parent":{"__id__":19},"_prefab":{"__type__":"cc.PrefabInfo","root":{"__id__":1},"asset":{"__uuid__":"83blA63dZOU4Szm8Qmo9XA"},"fileId":"beP2uS6g1NMIJ1S6beDDDX"},"_contentSize":{"__type__":"cc.Size","width":112,"height":156},"_trs":{"__type__":"TypedArray","ctor":"Float64Array","array":[-25.4,2,0,0,0,0,1,0.3,0.3,1]}},{"__type__":"cc.Node","_name":"poker_card5","_parent":{"__id__":19},"_prefab":{"__type__":"cc.PrefabInfo","root":{"__id__":1},"asset":{"__uuid__":"83blA63dZOU4Szm8Qmo9XA"},"fileId":"01j6Rkm9NNyrNNIsP1Rvzb"},"_contentSize":{"__type__":"cc.Size","width":112,"height":156},"_trs":{"__type__":"TypedArray","ctor":"Float64Array","array":[-12.399999999999999,2,0,0,0,0,1,0.3,0.3,1]}},{"__type__":"cc.Node","_name":"poker_card6","_parent":{"__id__":19},"_prefab":{"__type__":"cc.PrefabInfo","root":{"__id__":1},"asset":{"__uuid__":"83blA63dZOU4Szm8Qmo9XA"},"fileId":"61Gd0VmI9AhoO1AN6I86iF"},"_contentSize":{"__type__":"cc.Size","width":112,"height":156},"_trs":{"__type__":"TypedArray","ctor":"Float64Array","array":[0.6000000000000001,2,0,0,0,0,1,0.3,0.3,1]}},{"__type__":"cc.Node","_name":"poker_card7","_parent":{"__id__":19},"_prefab":{"__type__":"cc.PrefabInfo","root":{"__id__":1},"asset":{"__uuid__":"83blA63dZOU4Szm8Qmo9XA"},"fileId":"a4LL3arDlFGYG7ZnwG8bgp"},"_contentSize":{"__type__":"cc.Size","width":112,"height":156},"_trs":{"__type__":"TypedArray","ctor":"Float64Array","array":[13.600000000000001,2,0,0,0,0,1,0.3,0.3,1]}},{"__type__":"cc.Node","_name":"poker_card8","_parent":{"__id__":19},"_prefab":{"__type__":"cc.PrefabInfo","root":{"__id__":1},"asset":{"__uuid__":"83blA63dZOU4Szm8Qmo9XA"},"fileId":"a07V8nV25K8KfzgwzeAKLC"},"_contentSize":{"__type__":"cc.Size","width":112,"height":156},"_trs":{"__type__":"TypedArray","ctor":"Float64Array","array":[26.6,2,0,0,0,0,1,0.3,0.3,1]}},{"__type__":"cc.Node","_name":"poker_card9","_parent":{"__id__":19},"_prefab":{"__type__":"cc.PrefabInfo","root":{"__id__":1},"asset":{"__uuid__":"83blA63dZOU4Szm8Qmo9XA"},"fileId":"f7E0urKvRH747Wrn6XzleD"},"_contentSize":{"__type__":"cc.Size","width":112,"height":156},"_trs":{"__type__":"TypedArray","ctor":"Float64Array","array":[-25.4,-28,0,0,0,0,1,0.3,0.3,1]}},{"__type__":"cc.Node","_name":"poker_card10","_parent":{"__id__":19},"_prefab":{"__type__":"cc.PrefabInfo","root":{"__id__":1},"asset":{"__uuid__":"83blA63dZOU4Szm8Qmo9XA"},"fileId":"499KMTLIxKjKRo/z+jlkxt"},"_contentSize":{"__type__":"cc.Size","width":112,"height":156},"_trs":{"__type__":"TypedArray","ctor":"Float64Array","array":[-12.399999999999999,-28,0,0,0,0,1,0.3,0.3,1]}},{"__type__":"cc.Node","_name":"poker_card11","_parent":{"__id__":19},"_prefab":{"__type__":"cc.PrefabInfo","root":{"__id__":1},"asset":{"__uuid__":"83blA63dZOU4Szm8Qmo9XA"},"fileId":"0aVbyopjJGvZGZ0a+PMEg7"},"_contentSize":{"__type__":"cc.Size","width":112,"height":156},"_trs":{"__type__":"TypedArray","ctor":"Float64Array","array":[0.6000000000000001,-28,0,0,0,0,1,0.3,0.3,1]}},{"__type__":"cc.Node","_name":"poker_card12","_parent":{"__id__":19},"_prefab":{"__type__":"cc.PrefabInfo","root":{"__id__":1},"asset":{"__uuid__":"83blA63dZOU4Szm8Qmo9XA"},"fileId":"a0JOQ6Y8VCNojCLHRgRj/q"},"_contentSize":{"__type__":"cc.Size","width":112,"height":156},"_trs":{"__type__":"TypedArray","ctor":"Float64Array","array":[13.600000000000001,-28,0,0,0,0,1,0.3,0.3,1]}},{"__id__":20},{"__id__":21},{"__id__":22},{"__id__":23}],"_components":[{"__type__":"cc.Sprite","node":{"__id__":19},"_type":1,"_sizeMode":0}],"_prefab":{"__type__":"cc.PrefabInfo","root":{"__id__":1},"asset":{"__uuid__":"83blA63dZOU4Szm8Qmo9XA"},"fileId":"99BTDn6sFFjqTAMtZS77s3"},"_contentSize":{"__type__":"cc.Size","width":94,"height":120},"_trs":{"__type__":"TypedArray","ctor":"Float64Array","array":[137,-20,0,0,0,0,1,1.4,1.3,1]}},{"__type__":"cc.Node","_name":"poker_card13","_parent":{"__id__":19},"_children":[{"__type__":"cc.Node","_name":"poker_card1","_parent":{"__id__":20},"_prefab":{"__type__":"cc.PrefabInfo","root":{"__id__":1},"asset":{"__uuid__":"83blA63dZOU4Szm8Qmo9XA"},"fileId":"70UUq7nY9IZKEkGfLI7x9B"},"_contentSize":{"__type__":"cc.Size","width":112,"height":156},"_trs":{"__type__":"TypedArray","ctor":"Float64Array","array":[-130,200,0,0,0,0,1,1,1,1]}}],"_prefab":{"__type__":"cc.PrefabInfo","root":{"__id__":1},"asset":{"__uuid__":"83blA63dZOU4Szm8Qmo9XA"},"fileId":"4ehVtta4hD565GXL4vTsgN"},"_contentSize":{"__type__":"cc.Size","width":112,"height":156},"_trs":{"__type__":"TypedArray","ctor":"Float64Array","array":[26.6,-28,0,0,0,0,1,0.3,0.3,1]}},{"__type__":"cc.Node","_name":"zhuangjia","_parent":{"__id__":19},"_active":false,"_components":[{"__type__":"cc.Sprite","node":{"__id__":21},"_spriteFrame":{"__uuid__":"2c4lUHvdBML5RELKLSS41S"}}],"_prefab":{"__type__":"cc.PrefabInfo","root":{"__id__":1},"asset":{"__uuid__":"83blA63dZOU4Szm8Qmo9XA"},"fileId":"47x/m81AtLRL4TLOiWblmY"},"_contentSize":{"__type__":"cc.Size","width":48,"height":48},"_trs":{"__type__":"TypedArray","ctor":"Float64Array","array":[-37.6,-51,0,0,0,0,1,0.5,0.5,1]}},{"__type__":"cc.Node","_name":"beishu","_parent":{"__id__":19},"_active":false,"_components":[{"__type__":"cc.Label","node":{"__id__":22},"_useOriginalSize":false,"_string":"x1","_N$string":"x1","_fontSize":25,"_N$file":{"__uuid__":"79rjS0bzJIdbgjoEaDHZMa"},"_isSystemFontUsed":false,"_N$horizontalAlign":1,"_N$verticalAlign":1}],"_prefab":{"__type__":"cc.PrefabInfo","root":{"__id__":1},"asset":{"__uuid__":"83blA63dZOU4Szm8Qmo9XA"},"fileId":"5b91AB+JRP3rFRvyT7RNXZ"},"_contentSize":{"__type__":"cc.Size","width":38.28,"height":31.25},"_trs":{"__type__":"TypedArray","ctor":"Float64Array","array":[-4,-45,0,0,0,0,1,1,1,1]}},{"__type__":"cc.Node","_name":"special_card","_parent":{"__id__":19},"_children":[{"__id__":24}],"_active":false,"_components":[{"__type__":"cc.Sprite","node":{"__id__":23},"_spriteFrame":{"__uuid__":"426RYwH5tOtpmmdbZrxXZM"},"_type":1,"_sizeMode":0}],"_prefab":{"__type__":"cc.PrefabInfo","root":{"__id__":1},"asset":{"__uuid__":"83blA63dZOU4Szm8Qmo9XA"},"fileId":"46x4h9RrBOXajSJ69BM8Mm"},"_contentSize":{"__type__":"cc.Size","width":150,"height":60},"_trs":{"__type__":"TypedArray","ctor":"Float64Array","array":[0,-49.4,0,0,0,0,1,1,1,1]}},{"__type__":"cc.Node","_name":"special","_parent":{"__id__":23},"_components":[{"__type__":"cc.Label","node":{"__id__":24},"_useOriginalSize":false,"_string":"一条龙","_N$string":"一条龙","_fontSize":1,"_N$file":{"__uuid__":"42xU5ECahM25YNdE8Wjc8n"},"_isSystemFontUsed":false,"_N$horizontalAlign":1,"_N$verticalAlign":1}],"_prefab":{"__type__":"cc.PrefabInfo","root":{"__id__":1},"asset":{"__uuid__":"83blA63dZOU4Szm8Qmo9XA"},"fileId":"e5gVcq9JFF56nigNq0lyGL"},"_contentSize":{"__type__":"cc.Size","width":117,"height":40},"_trs":{"__type__":"TypedArray","ctor":"Float64Array","array":[0,0,0,0,0,0,1,1,1,1]}}],{"__type__":"cc.SpriteFrame","content":{"name":"bg_head01","texture":"61E8widLFI6q5dRAbHJxp6","rect":[0,0,79,79],"offset":[0,0],"originalSize":[79,79],"capInsets":[0,0,0,0]}},{"__type__":"cc.SpriteFrame","content":{"name":"morentouxiang","texture":"189664600","rect":[181,652,60,60],"offset":[0,0],"originalSize":[60,60],"capInsets":[0,0,0,0]}}]