[[{"__type__":"cc.Prefab","_name":"UIMessageTip","data":{"__id__":1}},{"__type__":"cc.Node","_name":"UIMessageTip","_children":[{"__id__":2}],"_components":[{"__type__":"bf67afluahJvqUjTz34ZWZb","node":{"__id__":1},"ZorderLv":9,"lb_info":{"__id__":4}},{"__type__":"cc.Widget","node":{"__id__":1},"alignMode":0}],"_prefab":{"__type__":"cc.PrefabInfo","root":{"__id__":1},"asset":{"__uuid__":"8eQ/CxAo9HkIZcOArPEgZ2"},"fileId":"2d1723MgIdLFb/QiDS4DlEB"},"_contentSize":{"__type__":"cc.Size","width":620,"height":140},"_trs":{"__type__":"TypedArray","ctor":"Float64Array","array":[0,0,0,0,0,0,1,1,1,1]}},{"__type__":"cc.Node","_name":"sp_info","_parent":{"__id__":1},"_children":[{"__id__":3}],"_components":[{"__type__":"cc.Sprite","node":{"__id__":2},"_spriteFrame":{"__uuid__":"b4CBYq7ApAy7GpiZ8pFCtN"},"_type":1,"_sizeMode":0,"_isTrimmedMode":false},{"__type__":"cc.Widget","node":{"__id__":2},"alignMode":0,"_alignFlags":12,"_top":469,"_bottom":6},{"__type__":"cc.Layout","node":{"__id__":2},"_layoutSize":{"__type__":"cc.Size","width":620,"height":128},"_resize":1,"_N$layoutType":2,"_N$paddingLeft":10,"_N$paddingRight":10,"_N$paddingTop":10,"_N$paddingBottom":10,"_N$spacingX":10}],"_prefab":{"__type__":"cc.PrefabInfo","root":{"__id__":1},"asset":{"__uuid__":"8eQ/CxAo9HkIZcOArPEgZ2"},"fileId":"53ac6w8BXhJ3JC9j2dc9Enh"},"_contentSize":{"__type__":"cc.Size","width":620,"height":128},"_anchorPoint":{"__type__":"cc.Vec2","y":0.5},"_trs":{"__type__":"TypedArray","ctor":"Float64Array","array":[-310,0,0,0,0,0,1,1,1,1]}},{"__type__":"cc.Node","_name":"lb_info","_parent":{"__id__":2},"_components":[{"__id__":4}],"_prefab":{"__type__":"cc.PrefabInfo","root":{"__id__":1},"asset":{"__uuid__":"8eQ/CxAo9HkIZcOArPEgZ2"},"fileId":"171b0GVSPhCwIx14xso0e3w"},"_color":{"__type__":"cc.Color","r":92,"g":129,"b":61},"_contentSize":{"__type__":"cc.Size","width":600,"height":108},"_trs":{"__type__":"TypedArray","ctor":"Float64Array","array":[310,0,0,0,0,0,1,1,1,1]}},{"__type__":"cc.Label","node":{"__id__":3},"_useOriginalSize":false,"_string":"手牌中有4张红中时立即胡牌，且牌墙中未摸起的牌都为奖码，其中有1、5、9的牌都为中码。","_N$string":"手牌中有4张红中时立即胡牌，且牌墙中未摸起的牌都为奖码，其中有1、5、9的牌都为中码。","_fontSize":30,"_lineHeight":36,"_N$file":{"__uuid__":"5f5wQekV1CGpJW2meZozWn"},"_isSystemFontUsed":false,"_N$verticalAlign":1,"_N$overflow":3}],{"__type__":"cc.SpriteFrame","content":{"name":"paipinzhi","texture":"1e4265db7","rect":[2,2,27,27],"offset":[0,0],"originalSize":[27,27],"capInsets":[12,10,12,10]}}]