[[{"__type__":"cc.Prefab","_name":"UIUnionPLSet","data":{"__id__":1}},{"__type__":"cc.Node","_name":"UIUnionPLSet","_children":[{"__id__":2},{"__id__":3},{"__id__":5},{"__id__":32},{"__id__":126},{"__id__":128}],"_components":[{"__type__":"cc.Widget","node":{"__id__":1},"alignMode":0,"_alignFlags":45,"_left":-100,"_right":-100},{"__type__":"cc.Button","node":{"__id__":1},"_N$normalColor":{"__type__":"cc.Color","r":214,"g":214,"b":214},"_N$target":{"__id__":1}},{"__type__":"a236aV4NSlLWZwW1TN9pdmG","node":{"__id__":1},"ZorderLv":9}],"_prefab":{"__type__":"cc.PrefabInfo","root":{"__id__":1},"asset":{"__uuid__":"00OQmvyMNLuq+tsreebF4g"},"fileId":"ccb76QTU+dFxZuJZv82D3cZ"},"_contentSize":{"__type__":"cc.Size","width":1560,"height":760},"_trs":{"__type__":"TypedArray","ctor":"Float64Array","array":[680,380,0,0,0,0,1,1,1,1]}},{"__type__":"cc.Node","_name":"bg","_parent":{"__id__":1},"_components":[{"__type__":"cc.Sprite","node":{"__id__":2},"_materials":[{"__uuid__":"ecpdLyjvZBwrvm+cedCcQy"}],"_spriteFrame":{"__uuid__":"86Zf39gLpJiYJ0+npxhZ2d"},"_type":1,"_sizeMode":0},{"__type__":"cc.Widget","node":{"__id__":2},"alignMode":0,"_alignFlags":45,"_originalWidth":1750,"_originalHeight":1020}],"_prefab":{"__type__":"cc.PrefabInfo","root":{"__id__":1},"asset":{"__uuid__":"00OQmvyMNLuq+tsreebF4g"},"fileId":"c0c01OJl9BBv52IoGQ6g11D"},"_contentSize":{"__type__":"cc.Size","width":1560,"height":760},"_trs":{"__type__":"TypedArray","ctor":"Float64Array","array":[0,0,0,0,0,0,1,1,1,1]}},{"__type__":"cc.Node","_name":"bg_create","_parent":{"__id__":1},"_children":[{"__id__":4}],"_components":[{"__type__":"cc.Sprite","node":{"__id__":3},"_materials":[{"__uuid__":"ecpdLyjvZBwrvm+cedCcQy"}],"_spriteFrame":{"__uuid__":"6fN+Q8N1RJd5OH83vWCIlg"},"_type":1}],"_prefab":{"__type__":"cc.PrefabInfo","root":{"__id__":1},"asset":{"__uuid__":"00OQmvyMNLuq+tsreebF4g"},"fileId":"87adb0bxg1JAIQ0tTLkqH1G"},"_contentSize":{"__type__":"cc.Size","width":1170,"height":724},"_trs":{"__type__":"TypedArray","ctor":"Float64Array","array":[0,0,0,0,0,0,1,1,1,1]}},{"__type__":"cc.Node","_name":"img_t_bt","_parent":{"__id__":3},"_components":[{"__type__":"cc.Sprite","node":{"__id__":4},"_materials":[{"__uuid__":"ecpdLyjvZBwrvm+cedCcQy"}],"_spriteFrame":{"__uuid__":"f8y0dHuZJEUZs5ksi+CPQv"}}],"_prefab":{"__type__":"cc.PrefabInfo","root":{"__id__":1},"asset":{"__uuid__":"00OQmvyMNLuq+tsreebF4g"},"fileId":"45BqLjpVpFUbgZGCZzQyP/"},"_contentSize":{"__type__":"cc.Size","width":225,"height":50},"_trs":{"__type__":"TypedArray","ctor":"Float64Array","array":[0,314,0,0,0,0,1,1,1,1]}},{"__type__":"cc.Node","_name":"quJiandemo","_parent":{"__id__":1},"_children":[{"__id__":6},{"__id__":7},{"__id__":14},{"__id__":15},{"__id__":22},{"__id__":23},{"__id__":30}],"_active":false,"_prefab":{"__type__":"cc.PrefabInfo","root":{"__id__":1},"asset":{"__uuid__":"00OQmvyMNLuq+tsreebF4g"},"fileId":"19cuDxy1BEoKw+PmFcDhxo"},"_contentSize":{"__type__":"cc.Size","width":1050,"height":60},"_anchorPoint":{"__type__":"cc.Vec2","x":0.5,"y":1},"_trs":{"__type__":"TypedArray","ctor":"Float64Array","array":[0,-183.628,0,0,0,0,1,1,1,1]}},{"__type__":"cc.Node","_name":"lb_1","_parent":{"__id__":5},"_components":[{"__type__":"cc.Label","node":{"__id__":6},"_materials":[{"__uuid__":"ecpdLyjvZBwrvm+cedCcQy"}],"_useOriginalSize":false,"_string":"赢比赛分大于等于","_N$string":"赢比赛分大于等于","_fontSize":24,"_N$file":{"__uuid__":"5f5wQekV1CGpJW2meZozWn"},"_isSystemFontUsed":false,"_N$horizontalAlign":1,"_N$verticalAlign":1}],"_prefab":{"__type__":"cc.PrefabInfo","root":{"__id__":1},"asset":{"__uuid__":"00OQmvyMNLuq+tsreebF4g"},"fileId":"ba3i9l4XRHSKpT5dXWJ7C9"},"_color":{"__type__":"cc.Color","r":209,"g":136,"b":57},"_contentSize":{"__type__":"cc.Size","width":192,"height":50.4},"_anchorPoint":{"__type__":"cc.Vec2","y":0.5},"_trs":{"__type__":"TypedArray","ctor":"Float64Array","array":[-516.954,-30,0,0,0,0,1,1,1,1]}},{"__type__":"cc.Node","_name":"winScoreEditBox","_parent":{"__id__":5},"_children":[{"__id__":8},{"__id__":10},{"__id__":12}],"_components":[{"__type__":"cc.EditBox","node":{"__id__":7},"_useOriginalSize":false,"maxLength":6,"editingDidEnded":[{"__type__":"cc.ClickEvent","target":{"__id__":1},"_componentId":"a236aV4NSlLWZwW1TN9pdmG","handler":"OnEditingDidEnd"}],"_N$textLabel":{"__id__":11},"_N$placeholderLabel":{"__id__":13},"_N$background":{"__id__":9},"_N$inputMode":2}],"_prefab":{"__type__":"cc.PrefabInfo","root":{"__id__":1},"asset":{"__uuid__":"00OQmvyMNLuq+tsreebF4g"},"fileId":"b0WNkUmEdJKo4aEXv0oj5o"},"_contentSize":{"__type__":"cc.Size","width":120,"height":55},"_trs":{"__type__":"TypedArray","ctor":"Float64Array","array":[-257.251,-30,0,0,0,0,1,1,1,1]}},{"__type__":"cc.Node","_name":"BACKGROUND_SPRITE","_parent":{"__id__":7},"_components":[{"__id__":9}],"_prefab":{"__type__":"cc.PrefabInfo","root":{"__id__":1},"asset":{"__uuid__":"00OQmvyMNLuq+tsreebF4g"},"fileId":"39H2VOoTlORaUzyUJ9E+w7"},"_contentSize":{"__type__":"cc.Size","width":120,"height":55},"_trs":{"__type__":"TypedArray","ctor":"Float64Array","array":[0,0,0,0,0,0,1,1,1,1]}},{"__type__":"cc.Sprite","node":{"__id__":8},"_materials":[{"__uuid__":"ecpdLyjvZBwrvm+cedCcQy"}],"_spriteFrame":{"__uuid__":"1aLT1VVMRM/KGRIWp3Uinq"},"_type":1,"_sizeMode":0},{"__type__":"cc.Node","_name":"TEXT_LABEL","_parent":{"__id__":7},"_active":false,"_components":[{"__id__":11}],"_prefab":{"__type__":"cc.PrefabInfo","root":{"__id__":1},"asset":{"__uuid__":"00OQmvyMNLuq+tsreebF4g"},"fileId":"5dQlXSXs9IHIfALkZRPPd4"},"_color":{"__type__":"cc.Color","r":113,"g":101,"b":71},"_contentSize":{"__type__":"cc.Size","width":120,"height":55},"_anchorPoint":{"__type__":"cc.Vec2","y":1},"_trs":{"__type__":"TypedArray","ctor":"Float64Array","array":[-59.65,27.5,0,0,0,0,1,1,1,1]}},{"__type__":"cc.Label","node":{"__id__":10},"_materials":[{"__uuid__":"ecpdLyjvZBwrvm+cedCcQy"}],"_fontSize":28,"_enableWrapText":false,"_N$verticalAlign":1,"_N$overflow":1},{"__type__":"cc.Node","_name":"PLACEHOLDER_LABEL","_parent":{"__id__":7},"_components":[{"__id__":13}],"_prefab":{"__type__":"cc.PrefabInfo","root":{"__id__":1},"asset":{"__uuid__":"00OQmvyMNLuq+tsreebF4g"},"fileId":"7e8RCyQfRAVqttBrmQwaRO"},"_color":{"__type__":"cc.Color","r":170,"g":164,"b":149},"_contentSize":{"__type__":"cc.Size","width":120,"height":55},"_anchorPoint":{"__type__":"cc.Vec2","y":1},"_trs":{"__type__":"TypedArray","ctor":"Float64Array","array":[-59.65,27.5,0,0,0,0,1,1,1,1]}},{"__type__":"cc.Label","node":{"__id__":12},"_materials":[{"__uuid__":"ecpdLyjvZBwrvm+cedCcQy"}],"_fontSize":28,"_lineHeight":55,"_enableWrapText":false,"_N$verticalAlign":1,"_N$overflow":1},{"__type__":"cc.Node","_name":"lb_1_1","_parent":{"__id__":5},"_components":[{"__type__":"cc.Label","node":{"__id__":14},"_materials":[{"__uuid__":"ecpdLyjvZBwrvm+cedCcQy"}],"_useOriginalSize":false,"_string":"，扣除比赛分","_N$string":"，扣除比赛分","_fontSize":24,"_N$file":{"__uuid__":"5f5wQekV1CGpJW2meZozWn"},"_isSystemFontUsed":false,"_N$horizontalAlign":1,"_N$verticalAlign":1}],"_prefab":{"__type__":"cc.PrefabInfo","root":{"__id__":1},"asset":{"__uuid__":"00OQmvyMNLuq+tsreebF4g"},"fileId":"ede7xVjM9J2bulOTZeNAFQ"},"_color":{"__type__":"cc.Color","r":209,"g":136,"b":57},"_contentSize":{"__type__":"cc.Size","width":144,"height":50.4},"_anchorPoint":{"__type__":"cc.Vec2","y":0.5},"_trs":{"__type__":"TypedArray","ctor":"Float64Array","array":[-186.361,-30,0,0,0,0,1,1,1,1]}},{"__type__":"cc.Node","_name":"costEditBox","_parent":{"__id__":5},"_children":[{"__id__":16},{"__id__":18},{"__id__":20}],"_components":[{"__type__":"cc.EditBox","node":{"__id__":15},"_useOriginalSize":false,"maxLength":6,"_N$textLabel":{"__id__":19},"_N$placeholderLabel":{"__id__":21},"_N$background":{"__id__":17},"_N$inputMode":2}],"_prefab":{"__type__":"cc.PrefabInfo","root":{"__id__":1},"asset":{"__uuid__":"00OQmvyMNLuq+tsreebF4g"},"fileId":"27AtOU1qdDdLZYBgfsqNdg"},"_contentSize":{"__type__":"cc.Size","width":120,"height":55},"_trs":{"__type__":"TypedArray","ctor":"Float64Array","array":[29.414,-30,0,0,0,0,1,1,1,1]}},{"__type__":"cc.Node","_name":"BACKGROUND_SPRITE","_parent":{"__id__":15},"_components":[{"__id__":17}],"_prefab":{"__type__":"cc.PrefabInfo","root":{"__id__":1},"asset":{"__uuid__":"00OQmvyMNLuq+tsreebF4g"},"fileId":"b1/WeOWiBAU73FWbMM+AOc"},"_contentSize":{"__type__":"cc.Size","width":120,"height":55},"_trs":{"__type__":"TypedArray","ctor":"Float64Array","array":[0,0,0,0,0,0,1,1,1,1]}},{"__type__":"cc.Sprite","node":{"__id__":16},"_materials":[{"__uuid__":"ecpdLyjvZBwrvm+cedCcQy"}],"_spriteFrame":{"__uuid__":"1aLT1VVMRM/KGRIWp3Uinq"},"_type":1,"_sizeMode":0},{"__type__":"cc.Node","_name":"TEXT_LABEL","_parent":{"__id__":15},"_active":false,"_components":[{"__id__":19}],"_prefab":{"__type__":"cc.PrefabInfo","root":{"__id__":1},"asset":{"__uuid__":"00OQmvyMNLuq+tsreebF4g"},"fileId":"63D3vxsdFO5ZX4WlRggbqX"},"_color":{"__type__":"cc.Color","r":113,"g":101,"b":71},"_contentSize":{"__type__":"cc.Size","width":120,"height":55},"_anchorPoint":{"__type__":"cc.Vec2","y":1},"_trs":{"__type__":"TypedArray","ctor":"Float64Array","array":[-59.65,27.5,0,0,0,0,1,1,1,1]}},{"__type__":"cc.Label","node":{"__id__":18},"_materials":[{"__uuid__":"ecpdLyjvZBwrvm+cedCcQy"}],"_fontSize":28,"_enableWrapText":false,"_N$verticalAlign":1,"_N$overflow":1},{"__type__":"cc.Node","_name":"PLACEHOLDER_LABEL","_parent":{"__id__":15},"_components":[{"__id__":21}],"_prefab":{"__type__":"cc.PrefabInfo","root":{"__id__":1},"asset":{"__uuid__":"00OQmvyMNLuq+tsreebF4g"},"fileId":"e0jK4N/dNBIIGTVjy0920B"},"_color":{"__type__":"cc.Color","r":170,"g":164,"b":149},"_contentSize":{"__type__":"cc.Size","width":120,"height":55},"_anchorPoint":{"__type__":"cc.Vec2","y":1},"_trs":{"__type__":"TypedArray","ctor":"Float64Array","array":[-59.65,27.5,0,0,0,0,1,1,1,1]}},{"__type__":"cc.Label","node":{"__id__":20},"_materials":[{"__uuid__":"ecpdLyjvZBwrvm+cedCcQy"}],"_fontSize":28,"_lineHeight":55,"_enableWrapText":false,"_N$verticalAlign":1,"_N$overflow":1},{"__type__":"cc.Node","_name":"lb_5","_parent":{"__id__":5},"_components":[{"__type__":"cc.Label","node":{"__id__":22},"_materials":[{"__uuid__":"ecpdLyjvZBwrvm+cedCcQy"}],"_useOriginalSize":false,"_string":"，赛事成本：","_N$string":"，赛事成本：","_fontSize":24,"_N$file":{"__uuid__":"5f5wQekV1CGpJW2meZozWn"},"_isSystemFontUsed":false,"_N$horizontalAlign":1,"_N$verticalAlign":1}],"_prefab":{"__type__":"cc.PrefabInfo","root":{"__id__":1},"asset":{"__uuid__":"00OQmvyMNLuq+tsreebF4g"},"fileId":"70HfXb4l9BdKv3ad1pn6CU"},"_color":{"__type__":"cc.Color","r":134,"g":90,"b":64},"_contentSize":{"__type__":"cc.Size","width":144,"height":50.4},"_anchorPoint":{"__type__":"cc.Vec2","y":0.5},"_trs":{"__type__":"TypedArray","ctor":"Float64Array","array":[96.338,-32.671,0,0,0,0,1,1,1,1]}},{"__type__":"cc.Node","_name":"PrizePoolEditBox","_parent":{"__id__":5},"_children":[{"__id__":24},{"__id__":26},{"__id__":28}],"_components":[{"__type__":"cc.EditBox","node":{"__id__":23},"_useOriginalSize":false,"maxLength":8,"_N$textLabel":{"__id__":27},"_N$placeholderLabel":{"__id__":29},"_N$background":{"__id__":25},"_N$inputMode":6}],"_prefab":{"__type__":"cc.PrefabInfo","root":{"__id__":1},"asset":{"__uuid__":"00OQmvyMNLuq+tsreebF4g"},"fileId":"c0sEq7jEtFTYpwwzOsmeG2"},"_contentSize":{"__type__":"cc.Size","width":140,"height":55},"_trs":{"__type__":"TypedArray","ctor":"Float64Array","array":[304.797,-32.671,0,0,0,0,1,1,1,1]}},{"__type__":"cc.Node","_name":"BACKGROUND_SPRITE","_parent":{"__id__":23},"_components":[{"__id__":25}],"_prefab":{"__type__":"cc.PrefabInfo","root":{"__id__":1},"asset":{"__uuid__":"00OQmvyMNLuq+tsreebF4g"},"fileId":"fbRaEePnhBxKKForONY4LE"},"_contentSize":{"__type__":"cc.Size","width":140,"height":55},"_trs":{"__type__":"TypedArray","ctor":"Float64Array","array":[0,0,0,0,0,0,1,1,1,1]}},{"__type__":"cc.Sprite","node":{"__id__":24},"_materials":[{"__uuid__":"ecpdLyjvZBwrvm+cedCcQy"}],"_spriteFrame":{"__uuid__":"1aLT1VVMRM/KGRIWp3Uinq"},"_type":1,"_sizeMode":0},{"__type__":"cc.Node","_name":"TEXT_LABEL","_parent":{"__id__":23},"_active":false,"_components":[{"__id__":27}],"_prefab":{"__type__":"cc.PrefabInfo","root":{"__id__":1},"asset":{"__uuid__":"00OQmvyMNLuq+tsreebF4g"},"fileId":"e1CKTNCYlJAaP4xx2z/be0"},"_color":{"__type__":"cc.Color","r":113,"g":101,"b":71},"_contentSize":{"__type__":"cc.Size","width":138,"height":55},"_anchorPoint":{"__type__":"cc.Vec2","y":1},"_trs":{"__type__":"TypedArray","ctor":"Float64Array","array":[-68,27.5,0,0,0,0,1,1,1,1]}},{"__type__":"cc.Label","node":{"__id__":26},"_fontSize":28,"_enableWrapText":false,"_N$verticalAlign":1,"_N$overflow":1},{"__type__":"cc.Node","_name":"PLACEHOLDER_LABEL","_parent":{"__id__":23},"_components":[{"__id__":29}],"_prefab":{"__type__":"cc.PrefabInfo","root":{"__id__":1},"asset":{"__uuid__":"00OQmvyMNLuq+tsreebF4g"},"fileId":"15AlmDukxHooe6KcU5agn2"},"_color":{"__type__":"cc.Color","r":170,"g":164,"b":149},"_contentSize":{"__type__":"cc.Size","width":138,"height":55},"_anchorPoint":{"__type__":"cc.Vec2","y":1},"_trs":{"__type__":"TypedArray","ctor":"Float64Array","array":[-68,27.5,0,0,0,0,1,1,1,1]}},{"__type__":"cc.Label","node":{"__id__":28},"_materials":[{"__uuid__":"ecpdLyjvZBwrvm+cedCcQy"}],"_fontSize":28,"_lineHeight":55,"_enableWrapText":false,"_N$verticalAlign":1,"_N$overflow":1},{"__type__":"cc.Node","_name":"btn_delQuJian","_parent":{"__id__":5},"_children":[{"__id__":31}],"_components":[{"__type__":"cc.Button","node":{"__id__":30},"zoomScale":0.9,"clickEvents":[{"__type__":"cc.ClickEvent","target":{"__id__":1},"_componentId":"a236aV4NSlLWZwW1TN9pdmG","handler":"OnClick_BtnWnd"}],"_N$transition":3,"transition":3,"_N$pressedColor":{"__type__":"cc.Color","r":255,"g":255,"b":255},"pressedColor":{"__type__":"cc.Color","r":255,"g":255,"b":255},"_N$disabledColor":{"__type__":"cc.Color","r":255,"g":255,"b":255},"_N$normalSprite":{"__uuid__":"71zh05oHZMTpCEN893HoJJ"},"_N$pressedSprite":{"__uuid__":"e97GVMl6JHh5Ml5qEDdSGa"},"pressedSprite":{"__uuid__":"e97GVMl6JHh5Ml5qEDdSGa"},"_N$hoverSprite":{"__uuid__":"e97GVMl6JHh5Ml5qEDdSGa"},"hoverSprite":{"__uuid__":"e97GVMl6JHh5Ml5qEDdSGa"},"_N$disabledSprite":{"__uuid__":"29FYIk+N1GYaeWH/q1NxQO"},"_N$target":{"__id__":30}},{"__type__":"cc.Sprite","node":{"__id__":30},"_materials":[{"__uuid__":"ecpdLyjvZBwrvm+cedCcQy"}],"_spriteFrame":{"__uuid__":"a88O4fiTpPQavtZIUM+wTS"}}],"_prefab":{"__type__":"cc.PrefabInfo","root":{"__id__":1},"asset":{"__uuid__":"00OQmvyMNLuq+tsreebF4g"},"fileId":"2fCtVBVsZCdJszLle1yLqO"},"_contentSize":{"__type__":"cc.Size","width":128,"height":52},"_trs":{"__type__":"TypedArray","ctor":"Float64Array","array":[445.407,-30,0,0,0,0,1,1,1,1]}},{"__type__":"cc.Node","_name":"lb_btn","_parent":{"__id__":30},"_components":[{"__type__":"cc.Label","node":{"__id__":31},"_materials":[{"__uuid__":"ecpdLyjvZBwrvm+cedCcQy"}],"_useOriginalSize":false,"_string":"删  除","_N$string":"删  除","_fontSize":24,"_lineHeight":45,"_N$file":{"__uuid__":"5f5wQekV1CGpJW2meZozWn"},"_isSystemFontUsed":false,"_N$horizontalAlign":1,"_N$verticalAlign":1},{"__type__":"cc.LabelOutline","node":{"__id__":31},"_color":{"__type__":"cc.Color","r":143,"g":62,"b":44},"_width":2}],"_prefab":{"__type__":"cc.PrefabInfo","root":{"__id__":1},"asset":{"__uuid__":"00OQmvyMNLuq+tsreebF4g"},"fileId":"65z9K3JAJIsIZeIvVTaZZM"},"_contentSize":{"__type__":"cc.Size","width":64.75,"height":60.7},"_trs":{"__type__":"TypedArray","ctor":"Float64Array","array":[0,3,0,0,0,0,1,1,1,1]}},{"__type__":"cc.Node","_name":"pointScrollView","_parent":{"__id__":1},"_children":[{"__id__":33},{"__id__":39}],"_components":[{"__type__":"cc.Sprite","node":{"__id__":32},"_materials":[{"__uuid__":"ecpdLyjvZBwrvm+cedCcQy"}],"_type":1,"_sizeMode":0},{"__id__":37}],"_prefab":{"__type__":"cc.PrefabInfo","root":{"__id__":1},"asset":{"__uuid__":"00OQmvyMNLuq+tsreebF4g"},"fileId":"94LpqGA7ZBAa3faoOJCF87"},"_contentSize":{"__type__":"cc.Size","width":1080,"height":450},"_trs":{"__type__":"TypedArray","ctor":"Float64Array","array":[0,0,0,0,0,0,1,1,1,1]}},{"__type__":"cc.Node","_name":"scrollBar","_parent":{"__id__":32},"_children":[{"__id__":34}],"_components":[{"__id__":36},{"__type__":"cc.Widget","node":{"__id__":33},"alignMode":0,"_alignFlags":37,"_left":350.07654921020657,"_originalHeight":237},{"__type__":"cc.Sprite","node":{"__id__":33},"_materials":[{"__uuid__":"ecpdLyjvZBwrvm+cedCcQy"}],"_spriteFrame":{"__uuid__":"5f5dyqtRNNxaFmVzYns6FZ"},"_type":1,"_sizeMode":0}],"_prefab":{"__type__":"cc.PrefabInfo","root":{"__id__":1},"asset":{"__uuid__":"00OQmvyMNLuq+tsreebF4g"},"fileId":"cfiPwI+EJGyLFHZK/D0hjX"},"_contentSize":{"__type__":"cc.Size","width":12,"height":450},"_anchorPoint":{"__type__":"cc.Vec2","x":1,"y":0.5},"_trs":{"__type__":"TypedArray","ctor":"Float64Array","array":[540,0,0,0,0,0,1,1,1,1]}},{"__type__":"cc.Node","_name":"bar","_parent":{"__id__":33},"_components":[{"__id__":35}],"_prefab":{"__type__":"cc.PrefabInfo","root":{"__id__":1},"asset":{"__uuid__":"00OQmvyMNLuq+tsreebF4g"},"fileId":"9dl835s09B6IgLA9mA7ILh"},"_contentSize":{"__type__":"cc.Size","width":10,"height":30},"_anchorPoint":{"__type__":"cc.Vec2","x":1},"_trs":{"__type__":"TypedArray","ctor":"Float64Array","array":[-1,0,0,0,0,0,1,1,1,1]}},{"__type__":"cc.Sprite","node":{"__id__":34},"_materials":[{"__uuid__":"ecpdLyjvZBwrvm+cedCcQy"}],"_spriteFrame":{"__uuid__":"5cO7kybDxGj4ipyMYdRYZB"},"_type":1,"_sizeMode":0},{"__type__":"cc.Scrollbar","node":{"__id__":33},"_scrollView":{"__id__":37},"_N$handle":{"__id__":35},"_N$direction":1},{"__type__":"cc.ScrollView","node":{"__id__":32},"horizontal":false,"brake":0.75,"bounceDuration":0.23,"_N$content":{"__id__":38},"content":{"__id__":38},"_N$horizontalScrollBar":null,"_N$verticalScrollBar":{"__id__":36}},{"__type__":"cc.Node","_name":"content","_parent":{"__id__":39},"_children":[{"__id__":40},{"__id__":49},{"__id__":66},{"__id__":85},{"__id__":103},{"__id__":125}],"_components":[{"__type__":"cc.Layout","node":{"__id__":38},"_layoutSize":{"__type__":"cc.Size","width":1050,"height":470},"_resize":1,"_N$layoutType":2,"_N$spacingY":10}],"_prefab":{"__type__":"cc.PrefabInfo","root":{"__id__":1},"asset":{"__uuid__":"00OQmvyMNLuq+tsreebF4g"},"fileId":"8bSAFcBwROb4vgSTiSPOYi"},"_contentSize":{"__type__":"cc.Size","width":1050,"height":470},"_anchorPoint":{"__type__":"cc.Vec2","x":0.5,"y":1},"_trs":{"__type__":"TypedArray","ctor":"Float64Array","array":[0,225,0,0,0,0,1,1,1,1]}},{"__type__":"cc.Node","_name":"view","_parent":{"__id__":32},"_children":[{"__id__":38}],"_components":[{"__type__":"cc.Mask","node":{"__id__":39},"_materials":[{"__uuid__":"ecpdLyjvZBwrvm+cedCcQy"}],"_N$alphaThreshold":0}],"_prefab":{"__type__":"cc.PrefabInfo","root":{"__id__":1},"asset":{"__uuid__":"00OQmvyMNLuq+tsreebF4g"},"fileId":"26Motqqv9IsbYnGMENcXRU"},"_contentSize":{"__type__":"cc.Size","width":1080,"height":450},"_trs":{"__type__":"TypedArray","ctor":"Float64Array","array":[0,0,0,0,0,0,1,1,1,1]}},{"__type__":"cc.Node","_name":"line_1","_parent":{"__id__":38},"_children":[{"__id__":41},{"__id__":42}],"_prefab":{"__type__":"cc.PrefabInfo","root":{"__id__":1},"asset":{"__uuid__":"00OQmvyMNLuq+tsreebF4g"},"fileId":"5fKgFomhRNdLl/RRc3N+me"},"_contentSize":{"__type__":"cc.Size","width":1050,"height":60},"_anchorPoint":{"__type__":"cc.Vec2","x":0.5,"y":1},"_trs":{"__type__":"TypedArray","ctor":"Float64Array","array":[0,0,0,0,0,0,1,1,1,1]}},{"__type__":"cc.Node","_name":"lb_1","_parent":{"__id__":40},"_components":[{"__type__":"cc.Label","node":{"__id__":41},"_materials":[{"__uuid__":"ecpdLyjvZBwrvm+cedCcQy"}],"_useOriginalSize":false,"_string":"房间名称：","_N$string":"房间名称：","_fontSize":32,"_N$file":{"__uuid__":"5f5wQekV1CGpJW2meZozWn"},"_isSystemFontUsed":false,"_N$horizontalAlign":1,"_N$verticalAlign":1}],"_prefab":{"__type__":"cc.PrefabInfo","root":{"__id__":1},"asset":{"__uuid__":"00OQmvyMNLuq+tsreebF4g"},"fileId":"3863eL7oRK8pNzpJk6TRLZ"},"_color":{"__type__":"cc.Color","r":134,"g":90,"b":64},"_contentSize":{"__type__":"cc.Size","width":160,"height":50.4},"_anchorPoint":{"__type__":"cc.Vec2","y":0.5},"_trs":{"__type__":"TypedArray","ctor":"Float64Array","array":[-510,-30,0,0,0,0,1,1,1,1]}},{"__type__":"cc.Node","_name":"roomNameEditBox","_parent":{"__id__":40},"_children":[{"__id__":43},{"__id__":45},{"__id__":47}],"_components":[{"__type__":"cc.EditBox","node":{"__id__":42},"_useOriginalSize":false,"maxLength":8,"_N$textLabel":{"__id__":46},"_N$placeholderLabel":{"__id__":48},"_N$background":{"__id__":44},"_N$inputMode":6}],"_prefab":{"__type__":"cc.PrefabInfo","root":{"__id__":1},"asset":{"__uuid__":"00OQmvyMNLuq+tsreebF4g"},"fileId":"3cinj5NclJF6ec/BOqHvGb"},"_contentSize":{"__type__":"cc.Size","width":280,"height":55},"_trs":{"__type__":"TypedArray","ctor":"Float64Array","array":[-105,-30,0,0,0,0,1,1,1,1]}},{"__type__":"cc.Node","_name":"BACKGROUND_SPRITE","_parent":{"__id__":42},"_components":[{"__id__":44}],"_prefab":{"__type__":"cc.PrefabInfo","root":{"__id__":1},"asset":{"__uuid__":"00OQmvyMNLuq+tsreebF4g"},"fileId":"7fMrapvplBZZh4PGHjcl2I"},"_contentSize":{"__type__":"cc.Size","width":280,"height":55},"_trs":{"__type__":"TypedArray","ctor":"Float64Array","array":[0,0,0,0,0,0,1,1,1,1]}},{"__type__":"cc.Sprite","node":{"__id__":43},"_materials":[{"__uuid__":"ecpdLyjvZBwrvm+cedCcQy"}],"_spriteFrame":{"__uuid__":"1aLT1VVMRM/KGRIWp3Uinq"},"_type":1,"_sizeMode":0},{"__type__":"cc.Node","_name":"TEXT_LABEL","_parent":{"__id__":42},"_active":false,"_components":[{"__id__":46}],"_prefab":{"__type__":"cc.PrefabInfo","root":{"__id__":1},"asset":{"__uuid__":"00OQmvyMNLuq+tsreebF4g"},"fileId":"5anCCmHoFA4oeCgHmRWu/w"},"_color":{"__type__":"cc.Color","r":113,"g":101,"b":71},"_contentSize":{"__type__":"cc.Size","width":278,"height":55},"_anchorPoint":{"__type__":"cc.Vec2","y":1},"_trs":{"__type__":"TypedArray","ctor":"Float64Array","array":[-138,27.5,0,0,0,0,1,1,1,1]}},{"__type__":"cc.Label","node":{"__id__":45},"_fontSize":28,"_enableWrapText":false,"_N$verticalAlign":1,"_N$overflow":1},{"__type__":"cc.Node","_name":"PLACEHOLDER_LABEL","_parent":{"__id__":42},"_components":[{"__id__":48}],"_prefab":{"__type__":"cc.PrefabInfo","root":{"__id__":1},"asset":{"__uuid__":"00OQmvyMNLuq+tsreebF4g"},"fileId":"c1U9MUMI1AFYiSrG+I7wvz"},"_color":{"__type__":"cc.Color","r":170,"g":164,"b":149},"_contentSize":{"__type__":"cc.Size","width":278,"height":55},"_anchorPoint":{"__type__":"cc.Vec2","y":1},"_trs":{"__type__":"TypedArray","ctor":"Float64Array","array":[-138,27.5,0,0,0,0,1,1,1,1]}},{"__type__":"cc.Label","node":{"__id__":47},"_materials":[{"__uuid__":"ecpdLyjvZBwrvm+cedCcQy"}],"_string":"请输入房间名称","_N$string":"请输入房间名称","_fontSize":28,"_lineHeight":55,"_enableWrapText":false,"_N$verticalAlign":1,"_N$overflow":1},{"__type__":"cc.Node","_name":"line_2","_parent":{"__id__":38},"_children":[{"__id__":50},{"__id__":51},{"__id__":58},{"__id__":59}],"_prefab":{"__type__":"cc.PrefabInfo","root":{"__id__":1},"asset":{"__uuid__":"00OQmvyMNLuq+tsreebF4g"},"fileId":"16jbaXbidBvrjoC8PlPd/F"},"_contentSize":{"__type__":"cc.Size","width":1050,"height":60},"_anchorPoint":{"__type__":"cc.Vec2","x":0.5,"y":1},"_trs":{"__type__":"TypedArray","ctor":"Float64Array","array":[0,-70,0,0,0,0,1,1,1,1]}},{"__type__":"cc.Node","_name":"lb_2","_parent":{"__id__":49},"_components":[{"__type__":"cc.Label","node":{"__id__":50},"_materials":[{"__uuid__":"ecpdLyjvZBwrvm+cedCcQy"}],"_useOriginalSize":false,"_string":"房间比赛分门槛：","_N$string":"房间比赛分门槛：","_fontSize":32,"_N$file":{"__uuid__":"5f5wQekV1CGpJW2meZozWn"},"_isSystemFontUsed":false,"_N$horizontalAlign":1,"_N$verticalAlign":1}],"_prefab":{"__type__":"cc.PrefabInfo","root":{"__id__":1},"asset":{"__uuid__":"00OQmvyMNLuq+tsreebF4g"},"fileId":"a4fgQkLMZDubNHAsdYpknC"},"_color":{"__type__":"cc.Color","r":134,"g":90,"b":64},"_contentSize":{"__type__":"cc.Size","width":256,"height":50.4},"_anchorPoint":{"__type__":"cc.Vec2","y":0.5},"_trs":{"__type__":"TypedArray","ctor":"Float64Array","array":[-510,-30,0,0,0,0,1,1,1,1]}},{"__type__":"cc.Node","_name":"PLStartEditBox","_parent":{"__id__":49},"_children":[{"__id__":52},{"__id__":54},{"__id__":56}],"_components":[{"__type__":"cc.EditBox","node":{"__id__":51},"_useOriginalSize":false,"maxLength":8,"_N$textLabel":{"__id__":55},"_N$placeholderLabel":{"__id__":57},"_N$background":{"__id__":53},"_N$inputMode":6}],"_prefab":{"__type__":"cc.PrefabInfo","root":{"__id__":1},"asset":{"__uuid__":"00OQmvyMNLuq+tsreebF4g"},"fileId":"2c2kLi/OBH7paJeAxSVDm8"},"_contentSize":{"__type__":"cc.Size","width":140,"height":55},"_trs":{"__type__":"TypedArray","ctor":"Float64Array","array":[-175.8,-30,0,0,0,0,1,1,1,1]}},{"__type__":"cc.Node","_name":"BACKGROUND_SPRITE","_parent":{"__id__":51},"_components":[{"__id__":53}],"_prefab":{"__type__":"cc.PrefabInfo","root":{"__id__":1},"asset":{"__uuid__":"00OQmvyMNLuq+tsreebF4g"},"fileId":"e58Bu3TtJOfp63G7X++JNv"},"_contentSize":{"__type__":"cc.Size","width":140,"height":55},"_trs":{"__type__":"TypedArray","ctor":"Float64Array","array":[0,0,0,0,0,0,1,1,1,1]}},{"__type__":"cc.Sprite","node":{"__id__":52},"_materials":[{"__uuid__":"ecpdLyjvZBwrvm+cedCcQy"}],"_spriteFrame":{"__uuid__":"1aLT1VVMRM/KGRIWp3Uinq"},"_type":1,"_sizeMode":0},{"__type__":"cc.Node","_name":"TEXT_LABEL","_parent":{"__id__":51},"_active":false,"_components":[{"__id__":55}],"_prefab":{"__type__":"cc.PrefabInfo","root":{"__id__":1},"asset":{"__uuid__":"00OQmvyMNLuq+tsreebF4g"},"fileId":"ddOahKXqZCJLTaCUH5uLhb"},"_color":{"__type__":"cc.Color","r":113,"g":101,"b":71},"_contentSize":{"__type__":"cc.Size","width":138,"height":55},"_anchorPoint":{"__type__":"cc.Vec2","y":1},"_trs":{"__type__":"TypedArray","ctor":"Float64Array","array":[-68,27.5,0,0,0,0,1,1,1,1]}},{"__type__":"cc.Label","node":{"__id__":54},"_fontSize":28,"_enableWrapText":false,"_N$verticalAlign":1,"_N$overflow":1},{"__type__":"cc.Node","_name":"PLACEHOLDER_LABEL","_parent":{"__id__":51},"_components":[{"__id__":57}],"_prefab":{"__type__":"cc.PrefabInfo","root":{"__id__":1},"asset":{"__uuid__":"00OQmvyMNLuq+tsreebF4g"},"fileId":"9fykIFfs9OQ6d6Hp6/1DN7"},"_color":{"__type__":"cc.Color","r":170,"g":164,"b":149},"_contentSize":{"__type__":"cc.Size","width":138,"height":55},"_anchorPoint":{"__type__":"cc.Vec2","y":1},"_trs":{"__type__":"TypedArray","ctor":"Float64Array","array":[-68,27.5,0,0,0,0,1,1,1,1]}},{"__type__":"cc.Label","node":{"__id__":56},"_materials":[{"__uuid__":"ecpdLyjvZBwrvm+cedCcQy"}],"_fontSize":28,"_lineHeight":55,"_enableWrapText":false,"_N$verticalAlign":1,"_N$overflow":1},{"__type__":"cc.Node","_name":"lb_3","_parent":{"__id__":49},"_components":[{"__type__":"cc.Label","node":{"__id__":58},"_materials":[{"__uuid__":"ecpdLyjvZBwrvm+cedCcQy"}],"_useOriginalSize":false,"_string":"比赛分倍数：","_N$string":"比赛分倍数：","_fontSize":32,"_N$file":{"__uuid__":"5f5wQekV1CGpJW2meZozWn"},"_isSystemFontUsed":false,"_N$horizontalAlign":1,"_N$verticalAlign":1}],"_prefab":{"__type__":"cc.PrefabInfo","root":{"__id__":1},"asset":{"__uuid__":"00OQmvyMNLuq+tsreebF4g"},"fileId":"44AeHQbr5JY7G1vuxlJVHI"},"_color":{"__type__":"cc.Color","r":134,"g":90,"b":64},"_contentSize":{"__type__":"cc.Size","width":192,"height":50.4},"_anchorPoint":{"__type__":"cc.Vec2","y":0.5},"_trs":{"__type__":"TypedArray","ctor":"Float64Array","array":[9,-30,0,0,0,0,1,1,1,1]}},{"__type__":"cc.Node","_name":"PLDoubleEditBox","_parent":{"__id__":49},"_children":[{"__id__":60},{"__id__":62},{"__id__":64}],"_components":[{"__type__":"cc.EditBox","node":{"__id__":59},"_useOriginalSize":false,"maxLength":8,"_N$textLabel":{"__id__":63},"_N$placeholderLabel":{"__id__":65},"_N$background":{"__id__":61},"_N$inputMode":6}],"_prefab":{"__type__":"cc.PrefabInfo","root":{"__id__":1},"asset":{"__uuid__":"00OQmvyMNLuq+tsreebF4g"},"fileId":"d0uXgqJ9pBr6DZ5BGko/WF"},"_contentSize":{"__type__":"cc.Size","width":140,"height":55},"_trs":{"__type__":"TypedArray","ctor":"Float64Array","array":[272,-30,0,0,0,0,1,1,1,1]}},{"__type__":"cc.Node","_name":"BACKGROUND_SPRITE","_parent":{"__id__":59},"_components":[{"__id__":61}],"_prefab":{"__type__":"cc.PrefabInfo","root":{"__id__":1},"asset":{"__uuid__":"00OQmvyMNLuq+tsreebF4g"},"fileId":"afYy3p049LIYricjgsEly1"},"_contentSize":{"__type__":"cc.Size","width":140,"height":55},"_trs":{"__type__":"TypedArray","ctor":"Float64Array","array":[0,0,0,0,0,0,1,1,1,1]}},{"__type__":"cc.Sprite","node":{"__id__":60},"_materials":[{"__uuid__":"ecpdLyjvZBwrvm+cedCcQy"}],"_spriteFrame":{"__uuid__":"1aLT1VVMRM/KGRIWp3Uinq"},"_type":1,"_sizeMode":0},{"__type__":"cc.Node","_name":"TEXT_LABEL","_parent":{"__id__":59},"_active":false,"_components":[{"__id__":63}],"_prefab":{"__type__":"cc.PrefabInfo","root":{"__id__":1},"asset":{"__uuid__":"00OQmvyMNLuq+tsreebF4g"},"fileId":"c2ps0shKJD+KNIyKIdtFl/"},"_color":{"__type__":"cc.Color","r":113,"g":101,"b":71},"_contentSize":{"__type__":"cc.Size","width":138,"height":55},"_anchorPoint":{"__type__":"cc.Vec2","y":1},"_trs":{"__type__":"TypedArray","ctor":"Float64Array","array":[-68,27.5,0,0,0,0,1,1,1,1]}},{"__type__":"cc.Label","node":{"__id__":62},"_fontSize":28,"_enableWrapText":false,"_N$verticalAlign":1,"_N$overflow":1},{"__type__":"cc.Node","_name":"PLACEHOLDER_LABEL","_parent":{"__id__":59},"_components":[{"__id__":65}],"_prefab":{"__type__":"cc.PrefabInfo","root":{"__id__":1},"asset":{"__uuid__":"00OQmvyMNLuq+tsreebF4g"},"fileId":"59aMzCCN5GUZmBKxCxgaFp"},"_color":{"__type__":"cc.Color","r":170,"g":164,"b":149},"_contentSize":{"__type__":"cc.Size","width":138,"height":55},"_anchorPoint":{"__type__":"cc.Vec2","y":1},"_trs":{"__type__":"TypedArray","ctor":"Float64Array","array":[-68,27.5,0,0,0,0,1,1,1,1]}},{"__type__":"cc.Label","node":{"__id__":64},"_materials":[{"__uuid__":"ecpdLyjvZBwrvm+cedCcQy"}],"_fontSize":28,"_lineHeight":55,"_enableWrapText":false,"_N$verticalAlign":1,"_N$overflow":1},{"__type__":"cc.Node","_name":"line_3","_parent":{"__id__":38},"_children":[{"__id__":67},{"__id__":68},{"__id__":69},{"__id__":70},{"__id__":77},{"__id__":84}],"_prefab":{"__type__":"cc.PrefabInfo","root":{"__id__":1},"asset":{"__uuid__":"00OQmvyMNLuq+tsreebF4g"},"fileId":"7343StBHZIhqF4KDxtFCa7"},"_contentSize":{"__type__":"cc.Size","width":1050,"height":60},"_anchorPoint":{"__type__":"cc.Vec2","x":0.5,"y":1},"_trs":{"__type__":"TypedArray","ctor":"Float64Array","array":[0,-140,0,0,0,0,1,1,1,1]}},{"__type__":"cc.Node","_name":"lb_5","_parent":{"__id__":66},"_components":[{"__type__":"cc.Label","node":{"__id__":67},"_materials":[{"__uuid__":"ecpdLyjvZBwrvm+cedCcQy"}],"_useOriginalSize":false,"_string":"自动解散：","_N$string":"自动解散：","_fontSize":32,"_N$file":{"__uuid__":"5f5wQekV1CGpJW2meZozWn"},"_isSystemFontUsed":false,"_N$horizontalAlign":1,"_N$verticalAlign":1}],"_prefab":{"__type__":"cc.PrefabInfo","root":{"__id__":1},"asset":{"__uuid__":"00OQmvyMNLuq+tsreebF4g"},"fileId":"5dG7RS2CZIMLTei9kye5fS"},"_color":{"__type__":"cc.Color","r":134,"g":90,"b":64},"_contentSize":{"__type__":"cc.Size","width":160,"height":50.4},"_anchorPoint":{"__type__":"cc.Vec2","y":0.5},"_trs":{"__type__":"TypedArray","ctor":"Float64Array","array":[-510,-30,0,0,0,0,1,1,1,1]}},{"__type__":"cc.Node","_name":"lb_6","_parent":{"__id__":66},"_components":[{"__type__":"cc.Label","node":{"__id__":68},"_materials":[{"__uuid__":"ecpdLyjvZBwrvm+cedCcQy"}],"_useOriginalSize":false,"_string":"低于","_N$string":"低于","_fontSize":32,"_N$file":{"__uuid__":"5f5wQekV1CGpJW2meZozWn"},"_isSystemFontUsed":false,"_N$horizontalAlign":1,"_N$verticalAlign":1}],"_prefab":{"__type__":"cc.PrefabInfo","root":{"__id__":1},"asset":{"__uuid__":"00OQmvyMNLuq+tsreebF4g"},"fileId":"4aX5CvOZpAnLuyHR7Y8xff"},"_color":{"__type__":"cc.Color","r":134,"g":90,"b":64},"_contentSize":{"__type__":"cc.Size","width":64,"height":50.4},"_anchorPoint":{"__type__":"cc.Vec2","y":0.5},"_trs":{"__type__":"TypedArray","ctor":"Float64Array","array":[-332,-30,0,0,0,0,1,1,1,1]}},{"__type__":"cc.Node","_name":"lb_7","_parent":{"__id__":66},"_active":false,"_components":[{"__type__":"cc.Label","node":{"__id__":69},"_materials":[{"__uuid__":"ecpdLyjvZBwrvm+cedCcQy"}],"_useOriginalSize":false,"_string":"比赛分","_N$string":"比赛分","_fontSize":32,"_N$file":{"__uuid__":"5f5wQekV1CGpJW2meZozWn"},"_isSystemFontUsed":false,"_N$horizontalAlign":1,"_N$verticalAlign":1}],"_prefab":{"__type__":"cc.PrefabInfo","root":{"__id__":1},"asset":{"__uuid__":"00OQmvyMNLuq+tsreebF4g"},"fileId":"76U30R0QZIh6YSQNjDnzPB"},"_color":{"__type__":"cc.Color","r":134,"g":90,"b":64},"_contentSize":{"__type__":"cc.Size","width":96,"height":50.4},"_anchorPoint":{"__type__":"cc.Vec2","y":0.5},"_trs":{"__type__":"TypedArray","ctor":"Float64Array","array":[-79,-30,0,0,0,0,1,1,1,1]}},{"__type__":"cc.Node","_name":"AutoDissolveEditBox","_parent":{"__id__":66},"_children":[{"__id__":71},{"__id__":73},{"__id__":75}],"_components":[{"__type__":"cc.EditBox","node":{"__id__":70},"_useOriginalSize":false,"maxLength":8,"_N$textLabel":{"__id__":74},"_N$placeholderLabel":{"__id__":76},"_N$background":{"__id__":72},"_N$inputMode":6}],"_prefab":{"__type__":"cc.PrefabInfo","root":{"__id__":1},"asset":{"__uuid__":"00OQmvyMNLuq+tsreebF4g"},"fileId":"f37GqiNHhHPb0c1Jar74MI"},"_contentSize":{"__type__":"cc.Size","width":140,"height":55},"_trs":{"__type__":"TypedArray","ctor":"Float64Array","array":[-176,-30,0,0,0,0,1,1,1,1]}},{"__type__":"cc.Node","_name":"BACKGROUND_SPRITE","_objFlags":512,"_parent":{"__id__":70},"_components":[{"__id__":72}],"_prefab":{"__type__":"cc.PrefabInfo","root":{"__id__":1},"asset":{"__uuid__":"00OQmvyMNLuq+tsreebF4g"},"fileId":"57U+P9AN9K1LqZ91hyu3Vj"},"_contentSize":{"__type__":"cc.Size","width":140,"height":55},"_trs":{"__type__":"TypedArray","ctor":"Float64Array","array":[0,0,0,0,0,0,1,1,1,1]}},{"__type__":"cc.Sprite","node":{"__id__":71},"_materials":[{"__uuid__":"ecpdLyjvZBwrvm+cedCcQy"}],"_spriteFrame":{"__uuid__":"1aLT1VVMRM/KGRIWp3Uinq"},"_type":1,"_sizeMode":0},{"__type__":"cc.Node","_name":"TEXT_LABEL","_objFlags":512,"_parent":{"__id__":70},"_active":false,"_components":[{"__id__":74}],"_prefab":{"__type__":"cc.PrefabInfo","root":{"__id__":1},"asset":{"__uuid__":"00OQmvyMNLuq+tsreebF4g"},"fileId":"52amlGYxNJr71cngdA1Guw"},"_color":{"__type__":"cc.Color","r":113,"g":101,"b":71},"_contentSize":{"__type__":"cc.Size","width":138,"height":55},"_anchorPoint":{"__type__":"cc.Vec2","y":1},"_trs":{"__type__":"TypedArray","ctor":"Float64Array","array":[-68,27.5,0,0,0,0,1,1,1,1]}},{"__type__":"cc.Label","node":{"__id__":73},"_fontSize":28,"_enableWrapText":false,"_N$verticalAlign":1,"_N$overflow":1},{"__type__":"cc.Node","_name":"PLACEHOLDER_LABEL","_objFlags":512,"_parent":{"__id__":70},"_components":[{"__id__":76}],"_prefab":{"__type__":"cc.PrefabInfo","root":{"__id__":1},"asset":{"__uuid__":"00OQmvyMNLuq+tsreebF4g"},"fileId":"30NiE8CV1DMIL9H2Cp/cQ7"},"_color":{"__type__":"cc.Color","r":170,"g":164,"b":149},"_contentSize":{"__type__":"cc.Size","width":138,"height":55},"_anchorPoint":{"__type__":"cc.Vec2","y":1},"_trs":{"__type__":"TypedArray","ctor":"Float64Array","array":[-68,27.5,0,0,0,0,1,1,1,1]}},{"__type__":"cc.Label","node":{"__id__":75},"_materials":[{"__uuid__":"ecpdLyjvZBwrvm+cedCcQy"}],"_fontSize":28,"_lineHeight":55,"_enableWrapText":false,"_N$verticalAlign":1,"_N$overflow":1},{"__type__":"cc.Node","_name":"NewDissolveEditBox","_parent":{"__id__":66},"_children":[{"__id__":78},{"__id__":80},{"__id__":82}],"_components":[{"__type__":"cc.EditBox","node":{"__id__":77},"_useOriginalSize":false,"maxLength":8,"_N$textLabel":{"__id__":81},"_N$placeholderLabel":{"__id__":83},"_N$background":{"__id__":79},"_N$inputMode":6}],"_prefab":{"__type__":"cc.PrefabInfo","root":{"__id__":1},"asset":{"__uuid__":"00OQmvyMNLuq+tsreebF4g"},"fileId":"94EfWfeP5Kd5GVPsuNc3A8"},"_contentSize":{"__type__":"cc.Size","width":140,"height":55},"_trs":{"__type__":"TypedArray","ctor":"Float64Array","array":[271.548,-30,0,0,0,0,1,1,1,1]}},{"__type__":"cc.Node","_name":"BACKGROUND_SPRITE","_objFlags":512,"_parent":{"__id__":77},"_components":[{"__id__":79}],"_prefab":{"__type__":"cc.PrefabInfo","root":{"__id__":1},"asset":{"__uuid__":"00OQmvyMNLuq+tsreebF4g"},"fileId":"3clBt3ADZMoramuZwEHEWp"},"_contentSize":{"__type__":"cc.Size","width":140,"height":55},"_trs":{"__type__":"TypedArray","ctor":"Float64Array","array":[0,0,0,0,0,0,1,1,1,1]}},{"__type__":"cc.Sprite","node":{"__id__":78},"_materials":[{"__uuid__":"ecpdLyjvZBwrvm+cedCcQy"}],"_spriteFrame":{"__uuid__":"1aLT1VVMRM/KGRIWp3Uinq"},"_type":1,"_sizeMode":0},{"__type__":"cc.Node","_name":"TEXT_LABEL","_parent":{"__id__":77},"_active":false,"_components":[{"__id__":81}],"_prefab":{"__type__":"cc.PrefabInfo","root":{"__id__":1},"asset":{"__uuid__":"00OQmvyMNLuq+tsreebF4g"},"fileId":"c76aGVT5FD06PA/ZgRSdKI"},"_color":{"__type__":"cc.Color","r":113,"g":101,"b":71},"_contentSize":{"__type__":"cc.Size","width":138,"height":55},"_anchorPoint":{"__type__":"cc.Vec2","y":1},"_trs":{"__type__":"TypedArray","ctor":"Float64Array","array":[-68,27.5,0,0,0,0,1,1,1,1]}},{"__type__":"cc.Label","node":{"__id__":80},"_fontSize":28,"_enableWrapText":false,"_N$verticalAlign":1,"_N$overflow":1},{"__type__":"cc.Node","_name":"PLACEHOLDER_LABEL","_objFlags":512,"_parent":{"__id__":77},"_components":[{"__id__":83}],"_prefab":{"__type__":"cc.PrefabInfo","root":{"__id__":1},"asset":{"__uuid__":"00OQmvyMNLuq+tsreebF4g"},"fileId":"ffxA56NPVOjYNoY6i/j7kn"},"_color":{"__type__":"cc.Color","r":170,"g":164,"b":149},"_contentSize":{"__type__":"cc.Size","width":138,"height":55},"_anchorPoint":{"__type__":"cc.Vec2","y":1},"_trs":{"__type__":"TypedArray","ctor":"Float64Array","array":[-68,27.5,0,0,0,0,1,1,1,1]}},{"__type__":"cc.Label","node":{"__id__":82},"_materials":[{"__uuid__":"ecpdLyjvZBwrvm+cedCcQy"}],"_fontSize":28,"_lineHeight":55,"_enableWrapText":false,"_N$verticalAlign":1,"_N$overflow":1},{"__type__":"cc.Node","_name":"lb_8","_parent":{"__id__":66},"_components":[{"__type__":"cc.Label","node":{"__id__":84},"_materials":[{"__uuid__":"ecpdLyjvZBwrvm+cedCcQy"}],"_useOriginalSize":false,"_string":"携带分：","_N$string":"携带分：","_fontSize":32,"_N$file":{"__uuid__":"5f5wQekV1CGpJW2meZozWn"},"_isSystemFontUsed":false,"_N$horizontalAlign":1,"_N$verticalAlign":1}],"_prefab":{"__type__":"cc.PrefabInfo","root":{"__id__":1},"asset":{"__uuid__":"00OQmvyMNLuq+tsreebF4g"},"fileId":"edtJ5qKkRBVIRSyahFM34+"},"_color":{"__type__":"cc.Color","r":134,"g":90,"b":64},"_contentSize":{"__type__":"cc.Size","width":128,"height":50.4},"_anchorPoint":{"__type__":"cc.Vec2","y":0.5},"_trs":{"__type__":"TypedArray","ctor":"Float64Array","array":[75.328,-30,0,0,0,0,1,1,1,1]}},{"__type__":"cc.Node","_name":"line_6","_parent":{"__id__":38},"_children":[{"__id__":86},{"__id__":87},{"__id__":94}],"_prefab":{"__type__":"cc.PrefabInfo","root":{"__id__":1},"asset":{"__uuid__":"00OQmvyMNLuq+tsreebF4g"},"fileId":"f9O69gHzdCHI866BoIcxcY"},"_contentSize":{"__type__":"cc.Size","width":1050,"height":60},"_anchorPoint":{"__type__":"cc.Vec2","x":0.5,"y":1},"_trs":{"__type__":"TypedArray","ctor":"Float64Array","array":[0,-210,0,0,0,0,1,1,1,1]}},{"__type__":"cc.Node","_name":"lb_5","_parent":{"__id__":85},"_components":[{"__type__":"cc.Label","node":{"__id__":86},"_materials":[{"__uuid__":"ecpdLyjvZBwrvm+cedCcQy"}],"_useOriginalSize":false,"_string":"，赛事成本：","_N$string":"，赛事成本：","_fontSize":32,"_N$file":{"__uuid__":"5f5wQekV1CGpJW2meZozWn"},"_isSystemFontUsed":false,"_N$horizontalAlign":1,"_N$verticalAlign":1}],"_prefab":{"__type__":"cc.PrefabInfo","root":{"__id__":1},"asset":{"__uuid__":"00OQmvyMNLuq+tsreebF4g"},"fileId":"31qQP2yU1JI58VCxTWhFSm"},"_color":{"__type__":"cc.Color","r":134,"g":90,"b":64},"_contentSize":{"__type__":"cc.Size","width":192,"height":50.4},"_anchorPoint":{"__type__":"cc.Vec2","y":0.5},"_trs":{"__type__":"TypedArray","ctor":"Float64Array","array":[147.089,-99.448,0,0,0,0,1,1,1,1]}},{"__type__":"cc.Node","_name":"PrizePoolEditBox","_parent":{"__id__":85},"_children":[{"__id__":88},{"__id__":90},{"__id__":92}],"_components":[{"__type__":"cc.EditBox","node":{"__id__":87},"_useOriginalSize":false,"maxLength":8,"_N$textLabel":{"__id__":91},"_N$placeholderLabel":{"__id__":93},"_N$background":{"__id__":89},"_N$inputMode":6}],"_prefab":{"__type__":"cc.PrefabInfo","root":{"__id__":1},"asset":{"__uuid__":"00OQmvyMNLuq+tsreebF4g"},"fileId":"891mhTz61NA52ugtzoA5i7"},"_contentSize":{"__type__":"cc.Size","width":140,"height":55},"_trs":{"__type__":"TypedArray","ctor":"Float64Array","array":[403.627,-99.448,0,0,0,0,1,1,1,1]}},{"__type__":"cc.Node","_name":"BACKGROUND_SPRITE","_parent":{"__id__":87},"_components":[{"__id__":89}],"_prefab":{"__type__":"cc.PrefabInfo","root":{"__id__":1},"asset":{"__uuid__":"00OQmvyMNLuq+tsreebF4g"},"fileId":"1189X7dVRN2qEIPHXORo5B"},"_contentSize":{"__type__":"cc.Size","width":140,"height":55},"_trs":{"__type__":"TypedArray","ctor":"Float64Array","array":[0,0,0,0,0,0,1,1,1,1]}},{"__type__":"cc.Sprite","node":{"__id__":88},"_materials":[{"__uuid__":"ecpdLyjvZBwrvm+cedCcQy"}],"_spriteFrame":{"__uuid__":"1aLT1VVMRM/KGRIWp3Uinq"},"_type":1,"_sizeMode":0},{"__type__":"cc.Node","_name":"TEXT_LABEL","_parent":{"__id__":87},"_active":false,"_components":[{"__id__":91}],"_prefab":{"__type__":"cc.PrefabInfo","root":{"__id__":1},"asset":{"__uuid__":"00OQmvyMNLuq+tsreebF4g"},"fileId":"48SQ/5yjxCmrNz6cL4Eqvo"},"_color":{"__type__":"cc.Color","r":113,"g":101,"b":71},"_contentSize":{"__type__":"cc.Size","width":138,"height":55},"_anchorPoint":{"__type__":"cc.Vec2","y":1},"_trs":{"__type__":"TypedArray","ctor":"Float64Array","array":[-68,27.5,0,0,0,0,1,1,1,1]}},{"__type__":"cc.Label","node":{"__id__":90},"_fontSize":28,"_enableWrapText":false,"_N$verticalAlign":1,"_N$overflow":1},{"__type__":"cc.Node","_name":"PLACEHOLDER_LABEL","_parent":{"__id__":87},"_components":[{"__id__":93}],"_prefab":{"__type__":"cc.PrefabInfo","root":{"__id__":1},"asset":{"__uuid__":"00OQmvyMNLuq+tsreebF4g"},"fileId":"203TqjBD1JOJZBVg/7Q5Af"},"_color":{"__type__":"cc.Color","r":170,"g":164,"b":149},"_contentSize":{"__type__":"cc.Size","width":138,"height":55},"_anchorPoint":{"__type__":"cc.Vec2","y":1},"_trs":{"__type__":"TypedArray","ctor":"Float64Array","array":[-68,27.5,0,0,0,0,1,1,1,1]}},{"__type__":"cc.Label","node":{"__id__":92},"_materials":[{"__uuid__":"ecpdLyjvZBwrvm+cedCcQy"}],"_fontSize":28,"_lineHeight":55,"_enableWrapText":false,"_N$verticalAlign":1,"_N$overflow":1},{"__type__":"cc.Node","_name":"line_7","_parent":{"__id__":85},"_children":[{"__id__":95},{"__id__":96}],"_prefab":{"__type__":"cc.PrefabInfo","root":{"__id__":1},"asset":{"__uuid__":"00OQmvyMNLuq+tsreebF4g"},"fileId":"a0QCfJ7cVFV5A+OJNm3f3Q"},"_contentSize":{"__type__":"cc.Size","width":1050,"height":60},"_anchorPoint":{"__type__":"cc.Vec2","x":0.5,"y":1},"_trs":{"__type__":"TypedArray","ctor":"Float64Array","array":[7.81,1.63,0,0,0,0,1,1,1,1]}},{"__type__":"cc.Node","_name":"lb_7","_parent":{"__id__":94},"_components":[{"__type__":"cc.Label","node":{"__id__":95},"_materials":[{"__uuid__":"ecpdLyjvZBwrvm+cedCcQy"}],"_useOriginalSize":false,"_string":"房间密码：","_N$string":"房间密码：","_fontSize":32,"_N$file":{"__uuid__":"5f5wQekV1CGpJW2meZozWn"},"_isSystemFontUsed":false,"_N$horizontalAlign":1,"_N$verticalAlign":1}],"_prefab":{"__type__":"cc.PrefabInfo","root":{"__id__":1},"asset":{"__uuid__":"00OQmvyMNLuq+tsreebF4g"},"fileId":"379iQm/HZMX5D37+p5YjG1"},"_color":{"__type__":"cc.Color","r":134,"g":60,"b":16},"_contentSize":{"__type__":"cc.Size","width":160,"height":50.4},"_anchorPoint":{"__type__":"cc.Vec2","y":0.5},"_trs":{"__type__":"TypedArray","ctor":"Float64Array","array":[-515.657,-30,0,0,0,0,1,1,1,1]}},{"__type__":"cc.Node","_name":"passwordEditBox","_parent":{"__id__":94},"_children":[{"__id__":97},{"__id__":99},{"__id__":101}],"_components":[{"__type__":"cc.EditBox","node":{"__id__":96},"_useOriginalSize":false,"maxLength":6,"_N$textLabel":{"__id__":100},"_N$placeholderLabel":{"__id__":102},"_N$background":{"__id__":98},"_N$inputMode":2}],"_prefab":{"__type__":"cc.PrefabInfo","root":{"__id__":1},"asset":{"__uuid__":"00OQmvyMNLuq+tsreebF4g"},"fileId":"91cbEC6w9Ckq/GfVvLThN9"},"_contentSize":{"__type__":"cc.Size","width":300,"height":55},"_trs":{"__type__":"TypedArray","ctor":"Float64Array","array":[-186.531,-30,0,0,0,0,1,1,1,1]}},{"__type__":"cc.Node","_name":"BACKGROUND_SPRITE","_parent":{"__id__":96},"_components":[{"__id__":98}],"_prefab":{"__type__":"cc.PrefabInfo","root":{"__id__":1},"asset":{"__uuid__":"00OQmvyMNLuq+tsreebF4g"},"fileId":"b6DpaoBJRJ7bYibytuWaV/"},"_contentSize":{"__type__":"cc.Size","width":300,"height":55},"_trs":{"__type__":"TypedArray","ctor":"Float64Array","array":[0,0,0,0,0,0,1,1,1,1]}},{"__type__":"cc.Sprite","node":{"__id__":97},"_materials":[{"__uuid__":"ecpdLyjvZBwrvm+cedCcQy"}],"_spriteFrame":{"__uuid__":"1aLT1VVMRM/KGRIWp3Uinq"},"_type":1,"_sizeMode":0},{"__type__":"cc.Node","_name":"TEXT_LABEL","_parent":{"__id__":96},"_active":false,"_components":[{"__id__":100}],"_prefab":{"__type__":"cc.PrefabInfo","root":{"__id__":1},"asset":{"__uuid__":"00OQmvyMNLuq+tsreebF4g"},"fileId":"f3pz2JsjJKE5jngewHh7xm"},"_color":{"__type__":"cc.Color","r":113,"g":101,"b":71},"_contentSize":{"__type__":"cc.Size","width":300,"height":55},"_anchorPoint":{"__type__":"cc.Vec2","y":1},"_trs":{"__type__":"TypedArray","ctor":"Float64Array","array":[-150,27.5,0,0,0,0,1,1,1,1]}},{"__type__":"cc.Label","node":{"__id__":99},"_materials":[{"__uuid__":"ecpdLyjvZBwrvm+cedCcQy"}],"_fontSize":28,"_enableWrapText":false,"_N$file":{"__uuid__":"5f5wQekV1CGpJW2meZozWn"},"_isSystemFontUsed":false,"_N$verticalAlign":1,"_N$overflow":1},{"__type__":"cc.Node","_name":"PLACEHOLDER_LABEL","_parent":{"__id__":96},"_components":[{"__id__":102}],"_prefab":{"__type__":"cc.PrefabInfo","root":{"__id__":1},"asset":{"__uuid__":"00OQmvyMNLuq+tsreebF4g"},"fileId":"57bbdcUAVK0rQWGWWVR4JN"},"_color":{"__type__":"cc.Color","r":170,"g":164,"b":149},"_contentSize":{"__type__":"cc.Size","width":300,"height":55},"_anchorPoint":{"__type__":"cc.Vec2","y":1},"_trs":{"__type__":"TypedArray","ctor":"Float64Array","array":[-150,27.5,0,0,0,0,1,1,1,1]}},{"__type__":"cc.Label","node":{"__id__":101},"_materials":[{"__uuid__":"ecpdLyjvZBwrvm+cedCcQy"}],"_string":"6位数字，默认空密码","_N$string":"6位数字，默认空密码","_fontSize":28,"_lineHeight":55,"_enableWrapText":false,"_N$file":{"__uuid__":"5f5wQekV1CGpJW2meZozWn"},"_isSystemFontUsed":false,"_N$verticalAlign":1,"_N$overflow":1},{"__type__":"cc.Node","_name":"line_4","_parent":{"__id__":38},"_children":[{"__id__":104},{"__id__":105},{"__id__":118}],"_prefab":{"__type__":"cc.PrefabInfo","root":{"__id__":1},"asset":{"__uuid__":"00OQmvyMNLuq+tsreebF4g"},"fileId":"42EGFAyIZAea5mldi1OHp6"},"_contentSize":{"__type__":"cc.Size","width":1050,"height":120},"_anchorPoint":{"__type__":"cc.Vec2","x":0.5,"y":1},"_trs":{"__type__":"TypedArray","ctor":"Float64Array","array":[0,-280,0,0,0,0,1,1,1,1]}},{"__type__":"cc.Node","_name":"lb_4","_parent":{"__id__":103},"_components":[{"__type__":"cc.Label","node":{"__id__":104},"_materials":[{"__uuid__":"ecpdLyjvZBwrvm+cedCcQy"}],"_useOriginalSize":false,"_string":"房间比赛分消耗：","_N$string":"房间比赛分消耗：","_fontSize":32,"_N$file":{"__uuid__":"5f5wQekV1CGpJW2meZozWn"},"_isSystemFontUsed":false,"_N$horizontalAlign":1,"_N$verticalAlign":1}],"_prefab":{"__type__":"cc.PrefabInfo","root":{"__id__":1},"asset":{"__uuid__":"00OQmvyMNLuq+tsreebF4g"},"fileId":"70ARI+rYxHj7s3rljI/se2"},"_color":{"__type__":"cc.Color","r":134,"g":90,"b":64},"_contentSize":{"__type__":"cc.Size","width":256,"height":50.4},"_anchorPoint":{"__type__":"cc.Vec2","y":0.5},"_trs":{"__type__":"TypedArray","ctor":"Float64Array","array":[-510,-30,0,0,0,0,1,1,1,1]}},{"__type__":"cc.Node","_name":"PLCostToggleContainer","_parent":{"__id__":103},"_children":[{"__id__":106},{"__id__":113}],"_components":[{"__type__":"cc.ToggleContainer","node":{"__id__":105}}],"_prefab":{"__type__":"cc.PrefabInfo","root":{"__id__":1},"asset":{"__uuid__":"00OQmvyMNLuq+tsreebF4g"},"fileId":"0d5aKCZNlMWrrnNiJHwmFM"},"_contentSize":{"__type__":"cc.Size","width":221,"height":61},"_trs":{"__type__":"TypedArray","ctor":"Float64Array","array":[-510,-30,0,0,0,0,1,1,1,1]}},{"__type__":"cc.Node","_name":"toggle1","_parent":{"__id__":105},"_children":[{"__id__":107},{"__id__":108},{"__id__":110},{"__id__":111}],"_components":[{"__type__":"cc.Toggle","node":{"__id__":106},"_N$transition":3,"transition":3,"_N$normalColor":{"__type__":"cc.Color","r":214,"g":214,"b":214},"_N$target":{"__id__":106},"checkMark":{"__id__":109}}],"_prefab":{"__type__":"cc.PrefabInfo","root":{"__id__":1},"asset":{"__uuid__":"00OQmvyMNLuq+tsreebF4g"},"fileId":"c2y9+nzHJO8oYPK8LEMoME"},"_contentSize":{"__type__":"cc.Size","width":41,"height":28},"_trs":{"__type__":"TypedArray","ctor":"Float64Array","array":[284,-67,0,0,0,0,1,1,1,1]}},{"__type__":"cc.Node","_name":"Background","_parent":{"__id__":106},"_components":[{"__type__":"cc.Sprite","node":{"__id__":107},"_materials":[{"__uuid__":"ecpdLyjvZBwrvm+cedCcQy"}],"_spriteFrame":{"__uuid__":"b0iKG/QP9JObg4g1PmxYBq"},"_sizeMode":2,"_isTrimmedMode":false}],"_prefab":{"__type__":"cc.PrefabInfo","root":{"__id__":1},"asset":{"__uuid__":"00OQmvyMNLuq+tsreebF4g"},"fileId":"caC0LAGa1IXoSPx8mhxCwA"},"_contentSize":{"__type__":"cc.Size","width":45,"height":45},"_trs":{"__type__":"TypedArray","ctor":"Float64Array","array":[0,0,0,0,0,0,1,1,1,1]}},{"__type__":"cc.Node","_name":"checkmark","_parent":{"__id__":106},"_components":[{"__id__":109}],"_prefab":{"__type__":"cc.PrefabInfo","root":{"__id__":1},"asset":{"__uuid__":"00OQmvyMNLuq+tsreebF4g"},"fileId":"bbsM/beT5C4KOzfVCo/1Hl"},"_contentSize":{"__type__":"cc.Size","width":37,"height":37},"_trs":{"__type__":"TypedArray","ctor":"Float64Array","array":[0,-1.5,0,0,0,0,1,1,1,1]}},{"__type__":"cc.Sprite","node":{"__id__":108},"_materials":[{"__uuid__":"ecpdLyjvZBwrvm+cedCcQy"}],"_spriteFrame":{"__uuid__":"33yXcAuLROOrEv3oKT2DsR"},"_sizeMode":2,"_isTrimmedMode":false},{"__type__":"cc.Node","_name":"lb_toggle","_parent":{"__id__":106},"_components":[{"__type__":"cc.Label","node":{"__id__":110},"_materials":[{"__uuid__":"ecpdLyjvZBwrvm+cedCcQy"}],"_useOriginalSize":false,"_string":"大赢家赢指定比赛分时消耗(最多10个区间)","_N$string":"大赢家赢指定比赛分时消耗(最多10个区间)","_fontSize":30,"_N$file":{"__uuid__":"5f5wQekV1CGpJW2meZozWn"},"_isSystemFontUsed":false,"_N$horizontalAlign":1,"_N$verticalAlign":1}],"_prefab":{"__type__":"cc.PrefabInfo","root":{"__id__":1},"asset":{"__uuid__":"00OQmvyMNLuq+tsreebF4g"},"fileId":"feecFXg0RLZaKLuhJgA1B2"},"_color":{"__type__":"cc.Color","r":134,"g":90,"b":64},"_contentSize":{"__type__":"cc.Size","width":552.42,"height":50.4},"_anchorPoint":{"__type__":"cc.Vec2","y":0.5},"_trs":{"__type__":"TypedArray","ctor":"Float64Array","array":[35,0,0,0,0,0,1,1,1,1]}},{"__type__":"cc.Node","_name":"btn_addQuJian","_parent":{"__id__":106},"_children":[{"__id__":112}],"_components":[{"__type__":"cc.Button","node":{"__id__":111},"zoomScale":0.9,"clickEvents":[{"__type__":"cc.ClickEvent","target":{"__id__":1},"_componentId":"a236aV4NSlLWZwW1TN9pdmG","handler":"OnClick_BtnWnd"}],"_N$transition":3,"transition":3,"_N$pressedColor":{"__type__":"cc.Color","r":255,"g":255,"b":255},"pressedColor":{"__type__":"cc.Color","r":255,"g":255,"b":255},"_N$disabledColor":{"__type__":"cc.Color","r":255,"g":255,"b":255},"_N$normalSprite":{"__uuid__":"71zh05oHZMTpCEN893HoJJ"},"_N$pressedSprite":{"__uuid__":"e97GVMl6JHh5Ml5qEDdSGa"},"pressedSprite":{"__uuid__":"e97GVMl6JHh5Ml5qEDdSGa"},"_N$hoverSprite":{"__uuid__":"e97GVMl6JHh5Ml5qEDdSGa"},"hoverSprite":{"__uuid__":"e97GVMl6JHh5Ml5qEDdSGa"},"_N$disabledSprite":{"__uuid__":"29FYIk+N1GYaeWH/q1NxQO"},"_N$target":{"__id__":111}},{"__type__":"cc.Sprite","node":{"__id__":111},"_materials":[{"__uuid__":"ecpdLyjvZBwrvm+cedCcQy"}],"_spriteFrame":{"__uuid__":"6bd02cwnVNAbxcn0Zi2GZD"}}],"_prefab":{"__type__":"cc.PrefabInfo","root":{"__id__":1},"asset":{"__uuid__":"00OQmvyMNLuq+tsreebF4g"},"fileId":"0cZ1hpL2FGT7byXlGtIy6E"},"_contentSize":{"__type__":"cc.Size","width":128,"height":52},"_trs":{"__type__":"TypedArray","ctor":"Float64Array","array":[671.407,-1.039,0,0,0,0,1,1,1,1]}},{"__type__":"cc.Node","_name":"lb_btn","_parent":{"__id__":111},"_components":[{"__type__":"cc.Label","node":{"__id__":112},"_materials":[{"__uuid__":"ecpdLyjvZBwrvm+cedCcQy"}],"_useOriginalSize":false,"_string":"添加区间","_N$string":"添加区间","_fontSize":24,"_lineHeight":45,"_N$file":{"__uuid__":"5f5wQekV1CGpJW2meZozWn"},"_isSystemFontUsed":false,"_N$horizontalAlign":1,"_N$verticalAlign":1},{"__type__":"cc.LabelOutline","node":{"__id__":112},"_color":{"__type__":"cc.Color","r":46,"g":92,"b":60},"_width":2}],"_prefab":{"__type__":"cc.PrefabInfo","root":{"__id__":1},"asset":{"__uuid__":"00OQmvyMNLuq+tsreebF4g"},"fileId":"51pypmpRdOWrHCnEr6pABg"},"_contentSize":{"__type__":"cc.Size","width":100,"height":60.7},"_trs":{"__type__":"TypedArray","ctor":"Float64Array","array":[0,3,0,0,0,0,1,1,1,1]}},{"__type__":"cc.Node","_name":"toggle2","_parent":{"__id__":105},"_children":[{"__id__":114},{"__id__":115},{"__id__":117}],"_components":[{"__type__":"cc.Toggle","node":{"__id__":113},"_N$transition":3,"transition":3,"_N$normalColor":{"__type__":"cc.Color","r":214,"g":214,"b":214},"_N$target":{"__id__":113},"_N$isChecked":false,"checkMark":{"__id__":116}}],"_prefab":{"__type__":"cc.PrefabInfo","root":{"__id__":1},"asset":{"__uuid__":"00OQmvyMNLuq+tsreebF4g"},"fileId":"3d2W6q0xZFcYCOOrRasZU6"},"_contentSize":{"__type__":"cc.Size","width":42,"height":28},"_trs":{"__type__":"TypedArray","ctor":"Float64Array","array":[283,-0.6529999999999996,0,0,0,0,1,1,1,1]}},{"__type__":"cc.Node","_name":"Background","_parent":{"__id__":113},"_components":[{"__type__":"cc.Sprite","node":{"__id__":114},"_materials":[{"__uuid__":"ecpdLyjvZBwrvm+cedCcQy"}],"_spriteFrame":{"__uuid__":"b0iKG/QP9JObg4g1PmxYBq"},"_sizeMode":2,"_isTrimmedMode":false}],"_prefab":{"__type__":"cc.PrefabInfo","root":{"__id__":1},"asset":{"__uuid__":"00OQmvyMNLuq+tsreebF4g"},"fileId":"1eCoZxKOVHSrpxIY7+AihI"},"_contentSize":{"__type__":"cc.Size","width":45,"height":45},"_trs":{"__type__":"TypedArray","ctor":"Float64Array","array":[0,0,0,0,0,0,1,1,1,1]}},{"__type__":"cc.Node","_name":"checkmark","_parent":{"__id__":113},"_active":false,"_components":[{"__id__":116}],"_prefab":{"__type__":"cc.PrefabInfo","root":{"__id__":1},"asset":{"__uuid__":"00OQmvyMNLuq+tsreebF4g"},"fileId":"4aCv7dp9ZO2I+OwG7QxuB1"},"_contentSize":{"__type__":"cc.Size","width":37,"height":37},"_trs":{"__type__":"TypedArray","ctor":"Float64Array","array":[0,-1.5,0,0,0,0,1,1,1,1]}},{"__type__":"cc.Sprite","node":{"__id__":115},"_spriteFrame":{"__uuid__":"33yXcAuLROOrEv3oKT2DsR"},"_sizeMode":2,"_isTrimmedMode":false},{"__type__":"cc.Node","_name":"lb_toggle","_parent":{"__id__":113},"_components":[{"__type__":"cc.Label","node":{"__id__":117},"_materials":[{"__uuid__":"ecpdLyjvZBwrvm+cedCcQy"}],"_useOriginalSize":false,"_string":"每人消耗","_N$string":"每人消耗","_fontSize":32,"_N$file":{"__uuid__":"5f5wQekV1CGpJW2meZozWn"},"_isSystemFontUsed":false,"_N$horizontalAlign":1,"_N$verticalAlign":1}],"_prefab":{"__type__":"cc.PrefabInfo","root":{"__id__":1},"asset":{"__uuid__":"00OQmvyMNLuq+tsreebF4g"},"fileId":"fcMoiTTQpHu7RIXFVg+Qkf"},"_color":{"__type__":"cc.Color","r":134,"g":90,"b":64},"_contentSize":{"__type__":"cc.Size","width":128,"height":50.4},"_anchorPoint":{"__type__":"cc.Vec2","y":0.5},"_trs":{"__type__":"TypedArray","ctor":"Float64Array","array":[37,0,0,0,0,0,1,1,1,1]}},{"__type__":"cc.Node","_name":"aaPLCostEditBox","_parent":{"__id__":103},"_children":[{"__id__":119},{"__id__":121},{"__id__":123}],"_components":[{"__type__":"cc.EditBox","node":{"__id__":118},"_useOriginalSize":false,"maxLength":8,"_N$textLabel":{"__id__":122},"_N$placeholderLabel":{"__id__":124},"_N$background":{"__id__":120},"_N$inputMode":6}],"_prefab":{"__type__":"cc.PrefabInfo","root":{"__id__":1},"asset":{"__uuid__":"00OQmvyMNLuq+tsreebF4g"},"fileId":"4e7vlucwlB/oYTdS6mukWV"},"_contentSize":{"__type__":"cc.Size","width":140,"height":55},"_trs":{"__type__":"TypedArray","ctor":"Float64Array","array":[58,-30,0,0,0,0,1,1,1,1]}},{"__type__":"cc.Node","_name":"BACKGROUND_SPRITE","_parent":{"__id__":118},"_components":[{"__id__":120}],"_prefab":{"__type__":"cc.PrefabInfo","root":{"__id__":1},"asset":{"__uuid__":"00OQmvyMNLuq+tsreebF4g"},"fileId":"e3ceKMmepEOqDcGJ5kb9hH"},"_contentSize":{"__type__":"cc.Size","width":140,"height":55},"_trs":{"__type__":"TypedArray","ctor":"Float64Array","array":[0,0,0,0,0,0,1,1,1,1]}},{"__type__":"cc.Sprite","node":{"__id__":119},"_materials":[{"__uuid__":"ecpdLyjvZBwrvm+cedCcQy"}],"_spriteFrame":{"__uuid__":"1aLT1VVMRM/KGRIWp3Uinq"},"_type":1,"_sizeMode":0},{"__type__":"cc.Node","_name":"TEXT_LABEL","_parent":{"__id__":118},"_active":false,"_components":[{"__id__":122}],"_prefab":{"__type__":"cc.PrefabInfo","root":{"__id__":1},"asset":{"__uuid__":"00OQmvyMNLuq+tsreebF4g"},"fileId":"4eujS1jhlCRaK//7QxXanJ"},"_color":{"__type__":"cc.Color","r":113,"g":101,"b":71},"_contentSize":{"__type__":"cc.Size","width":138,"height":55},"_anchorPoint":{"__type__":"cc.Vec2","y":1},"_trs":{"__type__":"TypedArray","ctor":"Float64Array","array":[-68,27.5,0,0,0,0,1,1,1,1]}},{"__type__":"cc.Label","node":{"__id__":121},"_fontSize":28,"_enableWrapText":false,"_N$verticalAlign":1,"_N$overflow":1},{"__type__":"cc.Node","_name":"PLACEHOLDER_LABEL","_parent":{"__id__":118},"_components":[{"__id__":124}],"_prefab":{"__type__":"cc.PrefabInfo","root":{"__id__":1},"asset":{"__uuid__":"00OQmvyMNLuq+tsreebF4g"},"fileId":"69UbJWdJRGKr9g1wBqNLKD"},"_color":{"__type__":"cc.Color","r":170,"g":164,"b":149},"_contentSize":{"__type__":"cc.Size","width":138,"height":55},"_anchorPoint":{"__type__":"cc.Vec2","y":1},"_trs":{"__type__":"TypedArray","ctor":"Float64Array","array":[-68,27.5,0,0,0,0,1,1,1,1]}},{"__type__":"cc.Label","node":{"__id__":123},"_materials":[{"__uuid__":"ecpdLyjvZBwrvm+cedCcQy"}],"_fontSize":28,"_lineHeight":55,"_enableWrapText":false,"_N$verticalAlign":1,"_N$overflow":1},{"__type__":"cc.Node","_name":"line_5","_parent":{"__id__":38},"_components":[{"__type__":"cc.Layout","node":{"__id__":125},"_layoutSize":{"__type__":"cc.Size","width":1050,"height":60},"_resize":1,"_N$layoutType":2,"_N$spacingY":10}],"_prefab":{"__type__":"cc.PrefabInfo","root":{"__id__":1},"asset":{"__uuid__":"00OQmvyMNLuq+tsreebF4g"},"fileId":"60Cl5FxQJDbqGM7Ps2HkBp"},"_contentSize":{"__type__":"cc.Size","width":1050,"height":60},"_anchorPoint":{"__type__":"cc.Vec2","x":0.5,"y":1},"_trs":{"__type__":"TypedArray","ctor":"Float64Array","array":[0,-410,0,0,0,0,1,1,1,1]}},{"__type__":"cc.Node","_name":"btn_last","_parent":{"__id__":1},"_children":[{"__id__":127}],"_components":[{"__type__":"cc.Button","node":{"__id__":126},"zoomScale":0.9,"clickEvents":[{"__type__":"cc.ClickEvent","target":{"__id__":1},"_componentId":"a236aV4NSlLWZwW1TN9pdmG","handler":"OnClick_BtnWnd"}],"_N$transition":3,"transition":3,"_N$pressedColor":{"__type__":"cc.Color","r":255,"g":255,"b":255},"pressedColor":{"__type__":"cc.Color","r":255,"g":255,"b":255},"_N$disabledColor":{"__type__":"cc.Color","r":255,"g":255,"b":255},"_N$normalSprite":{"__uuid__":"71zh05oHZMTpCEN893HoJJ"},"_N$pressedSprite":{"__uuid__":"e97GVMl6JHh5Ml5qEDdSGa"},"pressedSprite":{"__uuid__":"e97GVMl6JHh5Ml5qEDdSGa"},"_N$hoverSprite":{"__uuid__":"e97GVMl6JHh5Ml5qEDdSGa"},"hoverSprite":{"__uuid__":"e97GVMl6JHh5Ml5qEDdSGa"},"_N$disabledSprite":{"__uuid__":"29FYIk+N1GYaeWH/q1NxQO"},"_N$target":{"__id__":126}},{"__type__":"cc.Sprite","node":{"__id__":126},"_materials":[{"__uuid__":"ecpdLyjvZBwrvm+cedCcQy"}],"_spriteFrame":{"__uuid__":"fbjFkeohdGk6AIbf09wOgZ"}}],"_prefab":{"__type__":"cc.PrefabInfo","root":{"__id__":1},"asset":{"__uuid__":"00OQmvyMNLuq+tsreebF4g"},"fileId":"f864c8/LqlC2aAmWGrCdD0x"},"_contentSize":{"__type__":"cc.Size","width":201,"height":72},"_trs":{"__type__":"TypedArray","ctor":"Float64Array","array":[212,-302.629,0,0,0,0,1,1,1,1]}},{"__type__":"cc.Node","_name":"guanbi","_parent":{"__id__":126},"_components":[{"__type__":"cc.Label","node":{"__id__":127},"_materials":[{"__uuid__":"ecpdLyjvZBwrvm+cedCcQy"}],"_useOriginalSize":false,"_string":"上一步","_N$string":"上一步","_lineHeight":45,"_N$file":{"__uuid__":"5f5wQekV1CGpJW2meZozWn"},"_isSystemFontUsed":false,"_N$horizontalAlign":1,"_N$verticalAlign":1},{"__type__":"cc.LabelOutline","node":{"__id__":127},"_color":{"__type__":"cc.Color","r":149,"g":82},"_width":2}],"_prefab":{"__type__":"cc.PrefabInfo","root":{"__id__":1},"asset":{"__uuid__":"00OQmvyMNLuq+tsreebF4g"},"fileId":"9aed9bHbqZOQo998gZSptsJ"},"_contentSize":{"__type__":"cc.Size","width":124,"height":60.7},"_trs":{"__type__":"TypedArray","ctor":"Float64Array","array":[0,3,0,0,0,0,1,1,1,1]}},{"__type__":"cc.Node","_name":"btn_save","_parent":{"__id__":1},"_children":[{"__id__":129}],"_components":[{"__type__":"cc.Button","node":{"__id__":128},"zoomScale":0.9,"clickEvents":[{"__type__":"cc.ClickEvent","target":{"__id__":1},"_componentId":"a236aV4NSlLWZwW1TN9pdmG","handler":"OnClick_BtnWnd"}],"_N$transition":3,"transition":3,"_N$pressedColor":{"__type__":"cc.Color","r":255,"g":255,"b":255},"pressedColor":{"__type__":"cc.Color","r":255,"g":255,"b":255},"_N$disabledColor":{"__type__":"cc.Color","r":255,"g":255,"b":255},"_N$normalSprite":{"__uuid__":"71zh05oHZMTpCEN893HoJJ"},"_N$pressedSprite":{"__uuid__":"e97GVMl6JHh5Ml5qEDdSGa"},"pressedSprite":{"__uuid__":"e97GVMl6JHh5Ml5qEDdSGa"},"_N$hoverSprite":{"__uuid__":"e97GVMl6JHh5Ml5qEDdSGa"},"hoverSprite":{"__uuid__":"e97GVMl6JHh5Ml5qEDdSGa"},"_N$disabledSprite":{"__uuid__":"29FYIk+N1GYaeWH/q1NxQO"},"_N$target":{"__id__":128}},{"__type__":"cc.Sprite","node":{"__id__":128},"_materials":[{"__uuid__":"ecpdLyjvZBwrvm+cedCcQy"}],"_spriteFrame":{"__uuid__":"03quzeWOhOz4Ezb2guQtAO"}}],"_prefab":{"__type__":"cc.PrefabInfo","root":{"__id__":1},"asset":{"__uuid__":"00OQmvyMNLuq+tsreebF4g"},"fileId":"eaGu3t2StGPIBgbO9tflkl"},"_contentSize":{"__type__":"cc.Size","width":201,"height":72},"_trs":{"__type__":"TypedArray","ctor":"Float64Array","array":[441,-302.629,0,0,0,0,1,1,1,1]}},{"__type__":"cc.Node","_name":"guanbi","_parent":{"__id__":128},"_components":[{"__type__":"cc.Label","node":{"__id__":129},"_materials":[{"__uuid__":"ecpdLyjvZBwrvm+cedCcQy"}],"_useOriginalSize":false,"_string":"保  存","_N$string":"保  存","_lineHeight":45,"_N$file":{"__uuid__":"5f5wQekV1CGpJW2meZozWn"},"_isSystemFontUsed":false,"_N$horizontalAlign":1,"_N$verticalAlign":1},{"__type__":"cc.LabelOutline","node":{"__id__":129},"_color":{"__type__":"cc.Color","r":26,"g":86},"_width":2}],"_prefab":{"__type__":"cc.PrefabInfo","root":{"__id__":1},"asset":{"__uuid__":"00OQmvyMNLuq+tsreebF4g"},"fileId":"cdMP2hgFhDloazwU7UKia4"},"_contentSize":{"__type__":"cc.Size","width":105.25,"height":60.7},"_trs":{"__type__":"TypedArray","ctor":"Float64Array","array":[0,3,0,0,0,0,1,1,1,1]}}],{"__type__":"cc.SpriteFrame","content":{"name":"btn_lvse","texture":"a9jCHYt29CN4nNfwqCH1sh","rect":[0,0,201,72],"offset":[0,0],"originalSize":[201,72],"capInsets":[0,0,0,0]}},{"__type__":"cc.SpriteFrame","content":{"name":"img_srk","texture":"4fF0MdCJxNAZIBzGY6bjxs","rect":[0,0,278,53],"offset":[0,0],"originalSize":[278,53],"capInsets":[0,0,0,0]}},{"__type__":"cc.SpriteFrame","content":{"name":"default_btn_disabled","texture":"71VhFCTINJM6/Ky3oX9nBT","rect":[0,0,40,40],"offset":[0,0],"originalSize":[40,40],"capInsets":[12,12,12,12]}},{"__type__":"cc.SpriteFrame","content":{"name":"img_xz02","texture":"2aZX/kfytJfLyrOCC/0XLT","rect":[0,0,37,37],"offset":[0,0],"originalSize":[37,37],"capInsets":[0,0,0,0]}},{"__type__":"cc.SpriteFrame","content":{"name":"default_scrollbar_vertical","texture":"d608qFRoFHwbXd0Dap056i","rect":[0,0,15,30],"offset":[0,0],"originalSize":[15,30],"capInsets":[4,10,4,10]}},{"__type__":"cc.SpriteFrame","content":{"name":"default_scrollbar_vertical_bg","texture":"61cyPdEfRN047sDK9rO0W5","rect":[0,0,15,30],"offset":[0,0],"originalSize":[15,30],"capInsets":[4,10,4,10]}},{"__type__":"cc.SpriteFrame","content":{"name":"btn_lv","texture":"bfRXHH4JBMUbf4MgdUtal+","rect":[0,0,128,52],"offset":[0,0],"originalSize":[128,52],"capInsets":[0,0,0,0]}},{"__type__":"cc.SpriteFrame","content":{"name":"img_max_tc","texture":"a2yiINDRBJV6xa5CQ+b7nO","rect":[0,0,1170,724],"offset":[0,0],"originalSize":[1170,724],"capInsets":[0,0,0,0]}},{"__type__":"cc.SpriteFrame","content":{"name":"btn_bg1off","texture":"189664600","rect":[2,517,258,94],"offset":[0,0],"originalSize":[258,94],"rotated":1,"capInsets":[0,0,0,0]}},{"__type__":"cc.SpriteFrame","content":{"name":"img_black_60","texture":"e5dLSpyq9NPZ8mPvfDyGXH","rect":[0,0,100,100],"offset":[0,0],"originalSize":[100,100],"capInsets":[0,0,0,0]}},{"__type__":"cc.SpriteFrame","content":{"name":"btn_hong","texture":"1doW7GzipOra1e38NyeY9H","rect":[0,0,128,52],"offset":[0,0],"originalSize":[128,52],"capInsets":[56,19,59,20]}},{"__type__":"cc.SpriteFrame","content":{"name":"img_xz01","texture":"66lCetNSZN1owi/bXbhXaK","rect":[0,0,45,45],"offset":[0,0],"originalSize":[45,45],"capInsets":[0,0,0,0]}},{"__type__":"cc.SpriteFrame","content":{"name":"default_btn_pressed","texture":"b4P/PCArtIdIH38t6mlw8Y","rect":[0,0,40,40],"offset":[0,0],"originalSize":[40,40],"capInsets":[12,12,12,12]}},{"__type__":"cc.SpriteFrame","content":{"name":"img_t_jjdsz","texture":"3eqzpZ+BpL3qnJbcQ91/py","rect":[0,0,225,50],"offset":[0,0],"originalSize":[225,50],"capInsets":[0,0,0,0]}},{"__type__":"cc.SpriteFrame","content":{"name":"btn_chengse","texture":"2bsE7oiwBLCrzGom9U1M53","rect":[0,0,201,72],"offset":[0,0],"originalSize":[201,72],"capInsets":[0,0,0,0]}}]