[[{"__type__":"cc.Prefab","_name":"msg_type_15","data":{"__id__":1}},{"__type__":"cc.Node","_name":"msg_type_15","_children":[{"__id__":2},{"__id__":3},{"__id__":4},{"__id__":5},{"__id__":6},{"__id__":8},{"__id__":9},{"__id__":10}],"_components":[{"__type__":"77335hgt+BMiY5jQP/QnfwN","node":{"__id__":1}}],"_prefab":{"__type__":"cc.PrefabInfo","root":{"__id__":1},"asset":{"__uuid__":"10xMsUFy9AcJGTJlNnchWT"},"fileId":"b6y84XdqVIIpv/eYl6kzLH"},"_contentSize":{"__type__":"cc.Size","width":1070,"height":90},"_trs":{"__type__":"TypedArray","ctor":"Float64Array","array":[0,0,0,0,0,0,1,1,1,1]}},{"__type__":"cc.Node","_name":"img_tiaowen01","_parent":{"__id__":1},"_components":[{"__type__":"cc.Sprite","node":{"__id__":2},"_materials":[{"__uuid__":"ecpdLyjvZBwrvm+cedCcQy"}],"_spriteFrame":{"__uuid__":"868MUC+T9JIKzfugjS3Hwm"},"_type":1,"_sizeMode":0},{"__type__":"cc.Widget","node":{"__id__":2},"_alignFlags":45,"_originalWidth":40,"_originalHeight":40}],"_prefab":{"__type__":"cc.PrefabInfo","root":{"__id__":1},"asset":{"__uuid__":"10xMsUFy9AcJGTJlNnchWT"},"fileId":"56dB3Y4fJKZYbIxhx5xwHQ"},"_contentSize":{"__type__":"cc.Size","width":1070,"height":90},"_trs":{"__type__":"TypedArray","ctor":"Float64Array","array":[0,0,0,0,0,0,1,1,1,1]}},{"__type__":"cc.Node","_name":"lb_time","_parent":{"__id__":1},"_components":[{"__type__":"cc.Label","node":{"__id__":3},"_materials":[{"__uuid__":"ecpdLyjvZBwrvm+cedCcQy"}],"_useOriginalSize":false,"_string":"2019-11-12 12:12:12","_N$string":"2019-11-12 12:12:12","_fontSize":18,"_lineHeight":30,"_enableWrapText":false,"_N$file":{"__uuid__":"5f5wQekV1CGpJW2meZozWn"},"_isSystemFontUsed":false,"_N$horizontalAlign":1,"_N$verticalAlign":1,"_N$overflow":3}],"_prefab":{"__type__":"cc.PrefabInfo","root":{"__id__":1},"asset":{"__uuid__":"10xMsUFy9AcJGTJlNnchWT"},"fileId":"10R5RmQflODK35YLyjT2hm"},"_color":{"__type__":"cc.Color","r":112,"g":93,"b":82},"_contentSize":{"__type__":"cc.Size","width":100,"height":67.8},"_trs":{"__type__":"TypedArray","ctor":"Float64Array","array":[-479.304,0,0,0,0,0,1,1,1,1]}},{"__type__":"cc.Node","_name":"lb_execUserName","_parent":{"__id__":1},"_components":[{"__type__":"cc.Label","node":{"__id__":4},"_materials":[{"__uuid__":"ecpdLyjvZBwrvm+cedCcQy"}],"_useOriginalSize":false,"_string":"玩家昵称","_N$string":"玩家昵称","_fontSize":20,"_lineHeight":30,"_enableWrapText":false,"_N$file":{"__uuid__":"5f5wQekV1CGpJW2meZozWn"},"_isSystemFontUsed":false,"_N$verticalAlign":1,"_N$overflow":2}],"_prefab":{"__type__":"cc.PrefabInfo","root":{"__id__":1},"asset":{"__uuid__":"10xMsUFy9AcJGTJlNnchWT"},"fileId":"a4AvDWdopJG7q9ND4Wur6Q"},"_color":{"__type__":"cc.Color","r":112,"g":93,"b":82},"_contentSize":{"__type__":"cc.Size","width":120,"height":32},"_anchorPoint":{"__type__":"cc.Vec2","y":0.5},"_trs":{"__type__":"TypedArray","ctor":"Float64Array","array":[-327.439,16.575,0,0,0,0,1,1,1,1]}},{"__type__":"cc.Node","_name":"lb_execUserId","_parent":{"__id__":1},"_components":[{"__type__":"cc.Label","node":{"__id__":5},"_materials":[{"__uuid__":"ecpdLyjvZBwrvm+cedCcQy"}],"_useOriginalSize":false,"_string":"ID：123456","_N$string":"ID：123456","_fontSize":20,"_lineHeight":30,"_enableWrapText":false,"_N$file":{"__uuid__":"5f5wQekV1CGpJW2meZozWn"},"_isSystemFontUsed":false,"_N$verticalAlign":1,"_N$overflow":2}],"_prefab":{"__type__":"cc.PrefabInfo","root":{"__id__":1},"asset":{"__uuid__":"10xMsUFy9AcJGTJlNnchWT"},"fileId":"4dIcc/KLlEK66l2j43Aiga"},"_color":{"__type__":"cc.Color","r":112,"g":93,"b":82},"_contentSize":{"__type__":"cc.Size","width":120,"height":32},"_anchorPoint":{"__type__":"cc.Vec2","y":0.5},"_trs":{"__type__":"TypedArray","ctor":"Float64Array","array":[-327.439,-16.378,0,0,0,0,1,1,1,1]}},{"__type__":"cc.Node","_name":"btn_jtcheng1","_parent":{"__id__":1},"_children":[{"__id__":7}],"_components":[{"__type__":"cc.Sprite","node":{"__id__":6},"_materials":[{"__uuid__":"ecpdLyjvZBwrvm+cedCcQy"}],"_spriteFrame":{"__uuid__":"f6ari4RPVLrLnlHsAkwUZw"}}],"_prefab":{"__type__":"cc.PrefabInfo","root":{"__id__":1},"asset":{"__uuid__":"10xMsUFy9AcJGTJlNnchWT"},"fileId":"bdSBr7lytHCayNBSsuD0mL"},"_contentSize":{"__type__":"cc.Size","width":63,"height":39},"_trs":{"__type__":"TypedArray","ctor":"Float64Array","array":[-30.298,0,0,0,0,0,1,1,1,1]}},{"__type__":"cc.Node","_name":"lb_opType","_parent":{"__id__":6},"_components":[{"__type__":"cc.Label","node":{"__id__":7},"_materials":[{"__uuid__":"ecpdLyjvZBwrvm+cedCcQy"}],"_useOriginalSize":false,"_string":"提出","_N$string":"提出","_fontSize":18,"_lineHeight":20,"_enableWrapText":false,"_N$file":{"__uuid__":"5f5wQekV1CGpJW2meZozWn"},"_isSystemFontUsed":false,"_N$horizontalAlign":1,"_N$verticalAlign":1}],"_prefab":{"__type__":"cc.PrefabInfo","root":{"__id__":1},"asset":{"__uuid__":"10xMsUFy9AcJGTJlNnchWT"},"fileId":"5cd7yzz8FG17IgX1v9RvN2"},"_contentSize":{"__type__":"cc.Size","width":36,"height":25.2},"_trs":{"__type__":"TypedArray","ctor":"Float64Array","array":[-8.026,0,0,0,0,0,1,1,1,1]}},{"__type__":"cc.Node","_name":"lb_userName","_parent":{"__id__":1},"_components":[{"__type__":"cc.Label","node":{"__id__":8},"_materials":[{"__uuid__":"ecpdLyjvZBwrvm+cedCcQy"}],"_useOriginalSize":false,"_string":"玩家昵称","_N$string":"玩家昵称","_fontSize":20,"_lineHeight":30,"_enableWrapText":false,"_N$file":{"__uuid__":"5f5wQekV1CGpJW2meZozWn"},"_isSystemFontUsed":false,"_N$verticalAlign":1,"_N$overflow":2}],"_prefab":{"__type__":"cc.PrefabInfo","root":{"__id__":1},"asset":{"__uuid__":"10xMsUFy9AcJGTJlNnchWT"},"fileId":"3c5S6LxWpDOa68OMEjbE7t"},"_color":{"__type__":"cc.Color","r":112,"g":93,"b":82},"_contentSize":{"__type__":"cc.Size","width":120,"height":32},"_anchorPoint":{"__type__":"cc.Vec2","y":0.5},"_trs":{"__type__":"TypedArray","ctor":"Float64Array","array":[97.594,16.575,0,0,0,0,1,1,1,1]}},{"__type__":"cc.Node","_name":"lb_userId","_parent":{"__id__":1},"_components":[{"__type__":"cc.Label","node":{"__id__":9},"_materials":[{"__uuid__":"ecpdLyjvZBwrvm+cedCcQy"}],"_useOriginalSize":false,"_string":"ID：123456","_N$string":"ID：123456","_fontSize":20,"_lineHeight":30,"_enableWrapText":false,"_N$file":{"__uuid__":"5f5wQekV1CGpJW2meZozWn"},"_isSystemFontUsed":false,"_N$verticalAlign":1,"_N$overflow":2}],"_prefab":{"__type__":"cc.PrefabInfo","root":{"__id__":1},"asset":{"__uuid__":"10xMsUFy9AcJGTJlNnchWT"},"fileId":"bc6Z3o30RLZ5QW0utoh/2K"},"_color":{"__type__":"cc.Color","r":112,"g":93,"b":82},"_contentSize":{"__type__":"cc.Size","width":120,"height":32},"_anchorPoint":{"__type__":"cc.Vec2","y":0.5},"_trs":{"__type__":"TypedArray","ctor":"Float64Array","array":[97.594,-16.378,0,0,0,0,1,1,1,1]}},{"__type__":"cc.Node","_name":"btn_lv","_parent":{"__id__":1},"_children":[{"__id__":11}],"_components":[{"__type__":"cc.Sprite","node":{"__id__":10},"_materials":[{"__uuid__":"ecpdLyjvZBwrvm+cedCcQy"}],"_spriteFrame":{"__uuid__":"7edT9q6RBNe4AhDTHMT3n1"}}],"_prefab":{"__type__":"cc.PrefabInfo","root":{"__id__":1},"asset":{"__uuid__":"10xMsUFy9AcJGTJlNnchWT"},"fileId":"85OYl3qLhIb4eaw6IDXQuF"},"_contentSize":{"__type__":"cc.Size","width":121,"height":33},"_trs":{"__type__":"TypedArray","ctor":"Float64Array","array":[451.064,0,0,0,0,0,1,1,1,1]}},{"__type__":"cc.Node","_name":"lb_msgType","_parent":{"__id__":10},"_components":[{"__type__":"cc.Label","node":{"__id__":11},"_materials":[{"__uuid__":"ecpdLyjvZBwrvm+cedCcQy"}],"_useOriginalSize":false,"_string":"踢出亲友圈","_N$string":"踢出亲友圈","_fontSize":18,"_lineHeight":20,"_enableWrapText":false,"_N$file":{"__uuid__":"5f5wQekV1CGpJW2meZozWn"},"_isSystemFontUsed":false,"_N$horizontalAlign":1,"_N$verticalAlign":1}],"_prefab":{"__type__":"cc.PrefabInfo","root":{"__id__":1},"asset":{"__uuid__":"10xMsUFy9AcJGTJlNnchWT"},"fileId":"d7W+KRbOhNiLh6t3ps8m91"},"_color":{"__type__":"cc.Color","r":221,"g":136,"b":2},"_contentSize":{"__type__":"cc.Size","width":90,"height":25.2},"_trs":{"__type__":"TypedArray","ctor":"Float64Array","array":[0,0,0,0,0,0,1,1,1,1]}}],{"__type__":"cc.SpriteFrame","content":{"name":"btn_cheng","texture":"a8leG8L31IpZe4RrK/gZXI","rect":[0,0,121,33],"offset":[0,0],"originalSize":[121,33],"capInsets":[0,0,0,0]}},{"__type__":"cc.SpriteFrame","content":{"name":"bg_content_list","texture":"94rptFkJxBt7xk09keWqcA","rect":[0,0,101,93],"offset":[0,0],"originalSize":[101,93],"capInsets":[37,38,32,37]}},{"__type__":"cc.SpriteFrame","content":{"name":"btn_jtcheng1","texture":"af/hf2tzZMXKp5eWC5T3RH","rect":[0,0,63,39],"offset":[0,0],"originalSize":[63,39],"capInsets":[0,0,0,0]}}]