[{"__type__":"cc.SpriteFrame","content":{"name":"img_jsz","texture":"ed2W5596JC95lgKVViC7As","rect":[0,0,138,68],"offset":[0,0],"originalSize":[138,68],"capInsets":[0,0,0,0]}},{"__type__":"cc.SpriteFrame","content":{"name":"hh_face_dao_02","texture":"36+6C0mK5CBrXf7ot3gEM9","rect":[0,0,47,76],"offset":[0,0],"originalSize":[47,76],"capInsets":[0,0,0,0]}},{"__type__":"cc.SpriteFrame","content":{"name":"img_yel_down02","texture":"afkKNIIFdA5pXQl09RYRAP","rect":[0,0,151,101],"offset":[0,0],"originalSize":[151,101],"capInsets":[20,20,20,20]}},{"__type__":"cc.SpriteFrame","content":{"name":"hh_face_dao_24","texture":"831BmxbbRO+IuhJucoIFO0","rect":[0,0,47,76],"offset":[0,0],"originalSize":[47,76],"capInsets":[0,0,0,0]}},{"__type__":"cc.SpriteFrame","content":{"name":"img_zheng","texture":"1fbnSXXN9MPbz+RPjRWGIc","rect":[0,0,44,41],"offset":[0,0],"originalSize":[44,41],"capInsets":[0,0,0,0]}},{"__type__":"cc.SpriteFrame","content":{"name":"img_fu","texture":"38wxoCmWBIsIi94lnRsTKG","rect":[0,0,46,42],"offset":[0,0.5],"originalSize":[46,43],"capInsets":[0,0,0,0]}},{"__type__":"cc.SpriteFrame","content":{"name":"icon_z","texture":"b6pJSXjMlFabEhHZi0Cyop","rect":[0,0,38,39],"offset":[0,0],"originalSize":[38,39],"capInsets":[0,0,0,0]}},{"__type__":"cc.SpriteFrame","content":{"name":"img_bp","texture":"bc+sPGRqdP6ZVgGnr53xmO","rect":[0,0,77,44],"offset":[0,0],"originalSize":[77,44],"capInsets":[0,0,0,0]}},{"__type__":"cc.SpriteFrame","content":{"name":"img_bd","texture":"daWVwRpqpKNYvLkie1KqTO","rect":[0,0,80,43],"offset":[0,0],"originalSize":[80,43],"capInsets":[0,0,0,0]}},{"__type__":"cc.SpriteFrame","content":{"name":"morentouxiang","texture":"189664600","rect":[181,652,60,60],"offset":[0,0],"originalSize":[60,60],"capInsets":[0,0,0,0]}},[{"__type__":"cc.Prefab","_name":"afmj_winlost_child","data":{"__id__":1}},{"__type__":"cc.Node","_name":"afmj_winlost_child","_children":[{"__id__":2},{"__id__":10},{"__id__":15},{"__id__":29},{"__id__":30},{"__id__":33},{"__id__":35},{"__id__":40},{"__id__":42}],"_components":[{"__type__":"cc.Sprite","node":{"__id__":1},"_materials":[{"__uuid__":"ecpdLyjvZBwrvm+cedCcQy"}],"_spriteFrame":{"__uuid__":"4fi7aQRSpFn6b1ZZhTPwm7"},"_type":1,"_sizeMode":0},{"__type__":"76c836igAdMWoP+twdXK5p0","node":{"__id__":1}}],"_prefab":{"__type__":"cc.PrefabInfo","root":{"__id__":1},"asset":{"__uuid__":"e8Co4r/9dAYoum3g33hDHr"},"fileId":"2d501vd2VtPPoLtrYJ0glXk"},"_contentSize":{"__type__":"cc.Size","width":1230,"height":101},"_anchorPoint":{"__type__":"cc.Vec2","x":0.5,"y":1},"_trs":{"__type__":"TypedArray","ctor":"Float64Array","array":[0,0,0,0,0,0,1,1,1,1]}},{"__type__":"cc.Node","_name":"user_info","_parent":{"__id__":1},"_children":[{"__id__":3},{"__id__":4},{"__id__":5},{"__id__":6},{"__id__":7},{"__id__":8},{"__id__":9}],"_prefab":{"__type__":"cc.PrefabInfo","root":{"__id__":1},"asset":{"__uuid__":"e8Co4r/9dAYoum3g33hDHr"},"fileId":"e94692IG2pGl7iytgX4s9Cu"},"_trs":{"__type__":"TypedArray","ctor":"Float64Array","array":[-87,-148,0,0,0,0,1,1,1,1]}},{"__type__":"cc.Node","_name":"head_img","_parent":{"__id__":2},"_components":[{"__type__":"cc.Sprite","node":{"__id__":3},"_materials":[{"__uuid__":"ecpdLyjvZBwrvm+cedCcQy"}],"_spriteFrame":{"__uuid__":"e6JNuRrHVFM4KYnmai3HR+"},"_sizeMode":0,"_isTrimmedMode":false},{"__type__":"f42b8ZzNWFKKI/QT/n8cR1+","node":{"__id__":3}}],"_prefab":{"__type__":"cc.PrefabInfo","root":{"__id__":1},"asset":{"__uuid__":"e8Co4r/9dAYoum3g33hDHr"},"fileId":"90d2djPEktGnIbrhsg9kC2a"},"_contentSize":{"__type__":"cc.Size","width":60,"height":60},"_trs":{"__type__":"TypedArray","ctor":"Float64Array","array":[-491.3,83.4,0,0,0,0,1,1,1,1]}},{"__type__":"cc.Node","_name":"lable_name","_parent":{"__id__":2},"_components":[{"__type__":"cc.Label","node":{"__id__":4},"_materials":[{"__uuid__":"ecpdLyjvZBwrvm+cedCcQy"}],"_useOriginalSize":false,"_string":"丸子科丸丸","_N$string":"丸子科丸丸","_fontSize":20,"_lineHeight":20,"_N$file":{"__uuid__":"5f5wQekV1CGpJW2meZozWn"},"_isSystemFontUsed":false,"_N$verticalAlign":1,"_N$overflow":2}],"_prefab":{"__type__":"cc.PrefabInfo","root":{"__id__":1},"asset":{"__uuid__":"e8Co4r/9dAYoum3g33hDHr"},"fileId":"87552vUkI1Ebb/2sO3umA94"},"_color":{"__type__":"cc.Color","r":138,"g":55},"_contentSize":{"__type__":"cc.Size","width":100,"height":20},"_trs":{"__type__":"TypedArray","ctor":"Float64Array","array":[-470,132.6,0,0,0,0,1,1,1,1]}},{"__type__":"cc.Node","_name":"label_id","_parent":{"__id__":2},"_components":[{"__type__":"cc.Label","node":{"__id__":5},"_materials":[{"__uuid__":"ecpdLyjvZBwrvm+cedCcQy"}],"_useOriginalSize":false,"_string":"ID:142536","_N$string":"ID:142536","_fontSize":20,"_lineHeight":20,"_N$file":{"__uuid__":"5f5wQekV1CGpJW2meZozWn"},"_isSystemFontUsed":false,"_N$verticalAlign":1,"_N$overflow":2}],"_prefab":{"__type__":"cc.PrefabInfo","root":{"__id__":1},"asset":{"__uuid__":"e8Co4r/9dAYoum3g33hDHr"},"fileId":"de91dJDvLJE5JPcCUPkOQj7"},"_color":{"__type__":"cc.Color","r":205,"g":82,"b":1},"_contentSize":{"__type__":"cc.Size","width":100,"height":20},"_trs":{"__type__":"TypedArray","ctor":"Float64Array","array":[-360,132.1,0,0,0,0,1,1,1,1]}},{"__type__":"cc.Node","_name":"zhuangjia","_parent":{"__id__":2},"_components":[{"__type__":"cc.Sprite","node":{"__id__":6},"_materials":[{"__uuid__":"ecpdLyjvZBwrvm+cedCcQy"}],"_spriteFrame":{"__uuid__":"a0QEigSsBNXYudSEIwKRcD"}}],"_prefab":{"__type__":"cc.PrefabInfo","root":{"__id__":1},"asset":{"__uuid__":"e8Co4r/9dAYoum3g33hDHr"},"fileId":"09397s9KE5CDrJ4xsbNdOEU"},"_contentSize":{"__type__":"cc.Size","width":38,"height":39},"_trs":{"__type__":"TypedArray","ctor":"Float64Array","array":[-473.9,66.8,0,0,0,0,1,0.7,0.7,1]}},{"__type__":"cc.Node","_name":"baipai","_parent":{"__id__":2},"_active":false,"_components":[{"__type__":"cc.Sprite","node":{"__id__":7},"_materials":[{"__uuid__":"ecpdLyjvZBwrvm+cedCcQy"}],"_spriteFrame":{"__uuid__":"a6baLWwVZA7Iwj3hhDOVyX"}}],"_prefab":{"__type__":"cc.PrefabInfo","root":{"__id__":1},"asset":{"__uuid__":"e8Co4r/9dAYoum3g33hDHr"},"fileId":"c699qMlWdJUbNG4WhA2xHL"},"_contentSize":{"__type__":"cc.Size","width":77,"height":44},"_trs":{"__type__":"TypedArray","ctor":"Float64Array","array":[-510,110,0,0,0,0,1,0.5,0.5,1]}},{"__type__":"cc.Node","_name":"baoding","_parent":{"__id__":2},"_active":false,"_components":[{"__type__":"cc.Sprite","node":{"__id__":8},"_materials":[{"__uuid__":"ecpdLyjvZBwrvm+cedCcQy"}],"_spriteFrame":{"__uuid__":"dbee5EhIdPjaWLIySdSXKU"}}],"_prefab":{"__type__":"cc.PrefabInfo","root":{"__id__":1},"asset":{"__uuid__":"e8Co4r/9dAYoum3g33hDHr"},"fileId":"26IyCjHb1AR7vfMIZZXyWU"},"_contentSize":{"__type__":"cc.Size","width":80,"height":43},"_trs":{"__type__":"TypedArray","ctor":"Float64Array","array":[-510,110,0,0,0,0,1,0.5,0.5,1]}},{"__type__":"cc.Node","_name":"jiesanzhe","_parent":{"__id__":2},"_active":false,"_components":[{"__type__":"cc.Sprite","node":{"__id__":9},"_materials":[{"__uuid__":"ecpdLyjvZBwrvm+cedCcQy"}],"_spriteFrame":{"__uuid__":"13lfuHC/pJ+6pj3cJTDZ/O"}}],"_prefab":{"__type__":"cc.PrefabInfo","root":{"__id__":1},"asset":{"__uuid__":"e8Co4r/9dAYoum3g33hDHr"},"fileId":"f8ajaTQUtOZKu4vSfRBIwu"},"_contentSize":{"__type__":"cc.Size","width":138,"height":68},"_trs":{"__type__":"TypedArray","ctor":"Float64Array","array":[-490,90,0,0,0,0,1,0.5,0.5,1]}},{"__type__":"cc.Node","_name":"showcard","_parent":{"__id__":1},"_children":[{"__id__":11},{"__id__":14}],"_components":[{"__type__":"cc.Layout","node":{"__id__":10},"_layoutSize":{"__type__":"cc.Size","width":1455,"height":120},"_N$layoutType":1,"_N$spacingX":33,"_N$horizontalDirection":1},{"__type__":"d652dOSWmZOH4LQ2s4QX+6Z","node":{"__id__":10},"sp_in":{"__id__":11}}],"_prefab":{"__type__":"cc.PrefabInfo","root":{"__id__":1},"asset":{"__uuid__":"e8Co4r/9dAYoum3g33hDHr"},"fileId":"483c4fRBw5DV5nOtaGd9lBe"},"_contentSize":{"__type__":"cc.Size","width":1455,"height":120},"_anchorPoint":{"__type__":"cc.Vec2","x":1,"y":0.5},"_trs":{"__type__":"TypedArray","ctor":"Float64Array","array":[58,-63,0,0,0,0,1,0.5,0.5,1]}},{"__type__":"cc.Node","_name":"sp_in","_parent":{"__id__":10},"_children":[{"__id__":12},{"__id__":13}],"_components":[{"__type__":"cc.Sprite","node":{"__id__":11},"_materials":[{"__uuid__":"ecpdLyjvZBwrvm+cedCcQy"}],"_spriteFrame":{"__uuid__":"58AxocUUtIiKDR0Vq57M6i"}}],"_prefab":{"__type__":"cc.PrefabInfo","root":{"__id__":1},"asset":{"__uuid__":"e8Co4r/9dAYoum3g33hDHr"},"fileId":"e2926FTy51JjJf+2c3B7DAc"},"_contentSize":{"__type__":"cc.Size","width":47,"height":76},"_trs":{"__type__":"TypedArray","ctor":"Float64Array","array":[-23.5,-2,0,0,0,0,1,1.7,1.7,1]}},{"__type__":"cc.Node","_name":"da","_parent":{"__id__":11},"_active":false,"_components":[{"__type__":"cc.Sprite","node":{"__id__":12},"_materials":[{"__uuid__":"ecpdLyjvZBwrvm+cedCcQy"}],"_spriteFrame":{"__uuid__":"79lNIW0DdBibdQoJxDUnh4"}}],"_prefab":{"__type__":"cc.PrefabInfo","root":{"__id__":1},"asset":{"__uuid__":"e8Co4r/9dAYoum3g33hDHr"},"fileId":"60rP4IEKFLApvF1MO94Lxk"},"_contentSize":{"__type__":"cc.Size","width":44,"height":41},"_trs":{"__type__":"TypedArray","ctor":"Float64Array","array":[13.993,26.818,0,0,0,0,1,0.4,0.4,1]}},{"__type__":"cc.Node","_name":"icon_fu","_parent":{"__id__":11},"_active":false,"_components":[{"__type__":"cc.Sprite","node":{"__id__":13},"_materials":[{"__uuid__":"ecpdLyjvZBwrvm+cedCcQy"}],"_spriteFrame":{"__uuid__":"89EXKbCDBD8qyaGgXDxA43"}}],"_prefab":{"__type__":"cc.PrefabInfo","root":{"__id__":1},"asset":{"__uuid__":"e8Co4r/9dAYoum3g33hDHr"},"fileId":"abw20HP4JPHIybl7zircpf"},"_contentSize":{"__type__":"cc.Size","width":46,"height":42},"_trs":{"__type__":"TypedArray","ctor":"Float64Array","array":[13.993,26.818,0,0,0,0,1,0.4,0.4,1]}},{"__type__":"cc.Node","_name":"empty","_parent":{"__id__":10},"_components":[{"__type__":"cc.Sprite","node":{"__id__":14}}],"_prefab":{"__type__":"cc.PrefabInfo","root":{"__id__":1},"asset":{"__uuid__":"e8Co4r/9dAYoum3g33hDHr"},"fileId":"b1d16P8xBNHSIb6tF6HkWMY"},"_contentSize":{"__type__":"cc.Size","width":10,"height":118},"_trs":{"__type__":"TypedArray","ctor":"Float64Array","array":[-85,0,0,0,0,0,1,1,1,1]}},{"__type__":"cc.Node","_name":"downcard","_parent":{"__id__":1},"_children":[{"__id__":16}],"_components":[{"__type__":"cc.Layout","node":{"__id__":15},"_layoutSize":{"__type__":"cc.Size","width":245,"height":120},"_resize":1,"_N$layoutType":1,"_N$spacingX":5},{"__type__":"9c90dJMeH1Nu6rMQ0rNGh5U","node":{"__id__":15}}],"_prefab":{"__type__":"cc.PrefabInfo","root":{"__id__":1},"asset":{"__uuid__":"e8Co4r/9dAYoum3g33hDHr"},"fileId":"3f2c5h5g/5Mja3cH94nYn+b"},"_contentSize":{"__type__":"cc.Size","width":245,"height":120},"_anchorPoint":{"__type__":"cc.Vec2","y":0.5},"_trs":{"__type__":"TypedArray","ctor":"Float64Array","array":[-540,-63,0,0,0,0,1,0.5,0.5,1]}},{"__type__":"cc.Node","_name":"down01","_parent":{"__id__":15},"_children":[{"__id__":17},{"__id__":20},{"__id__":23},{"__id__":26}],"_prefab":{"__type__":"cc.PrefabInfo","root":{"__id__":1},"asset":{"__uuid__":"e8Co4r/9dAYoum3g33hDHr"},"fileId":"468f36VpARC4pPSJRvPavTE"},"_contentSize":{"__type__":"cc.Size","width":245,"height":118},"_trs":{"__type__":"TypedArray","ctor":"Float64Array","array":[122.5,0,0,0,0,0,1,1,1,1]}},{"__type__":"cc.Node","_name":"card01","_parent":{"__id__":16},"_children":[{"__id__":18},{"__id__":19}],"_components":[{"__type__":"cc.Sprite","node":{"__id__":17},"_materials":[{"__uuid__":"ecpdLyjvZBwrvm+cedCcQy"}],"_spriteFrame":{"__uuid__":"58AxocUUtIiKDR0Vq57M6i"}}],"_prefab":{"__type__":"cc.PrefabInfo","root":{"__id__":1},"asset":{"__uuid__":"e8Co4r/9dAYoum3g33hDHr"},"fileId":"aae478Pqj9JeLRPkN448JnR"},"_contentSize":{"__type__":"cc.Size","width":47,"height":76},"_trs":{"__type__":"TypedArray","ctor":"Float64Array","array":[-76,0,0,0,0,0,1,1.7,1.7,1]}},{"__type__":"cc.Node","_name":"da","_parent":{"__id__":17},"_active":false,"_components":[{"__type__":"cc.Sprite","node":{"__id__":18},"_materials":[{"__uuid__":"ecpdLyjvZBwrvm+cedCcQy"}],"_spriteFrame":{"__uuid__":"79lNIW0DdBibdQoJxDUnh4"}}],"_prefab":{"__type__":"cc.PrefabInfo","root":{"__id__":1},"asset":{"__uuid__":"e8Co4r/9dAYoum3g33hDHr"},"fileId":"d4j18Jt5hBi7jfzhiWnKa/"},"_contentSize":{"__type__":"cc.Size","width":44,"height":41},"_trs":{"__type__":"TypedArray","ctor":"Float64Array","array":[13.993,26.818,0,0,0,0,1,0.4,0.4,1]}},{"__type__":"cc.Node","_name":"icon_fu","_parent":{"__id__":17},"_active":false,"_components":[{"__type__":"cc.Sprite","node":{"__id__":19},"_materials":[{"__uuid__":"ecpdLyjvZBwrvm+cedCcQy"}],"_spriteFrame":{"__uuid__":"89EXKbCDBD8qyaGgXDxA43"}}],"_prefab":{"__type__":"cc.PrefabInfo","root":{"__id__":1},"asset":{"__uuid__":"e8Co4r/9dAYoum3g33hDHr"},"fileId":"72jOjPbpJG4YaP6e9c08QU"},"_contentSize":{"__type__":"cc.Size","width":46,"height":42},"_trs":{"__type__":"TypedArray","ctor":"Float64Array","array":[13.993,26.818,0,0,0,0,1,0.4,0.4,1]}},{"__type__":"cc.Node","_name":"card02","_parent":{"__id__":16},"_children":[{"__id__":21},{"__id__":22}],"_components":[{"__type__":"cc.Sprite","node":{"__id__":20},"_materials":[{"__uuid__":"ecpdLyjvZBwrvm+cedCcQy"}],"_spriteFrame":{"__uuid__":"58AxocUUtIiKDR0Vq57M6i"}}],"_prefab":{"__type__":"cc.PrefabInfo","root":{"__id__":1},"asset":{"__uuid__":"e8Co4r/9dAYoum3g33hDHr"},"fileId":"45739wgw1JMl69udRIEtuOB"},"_contentSize":{"__type__":"cc.Size","width":47,"height":76},"_trs":{"__type__":"TypedArray","ctor":"Float64Array","array":[5,0,0,0,0,0,1,1.7,1.7,1]}},{"__type__":"cc.Node","_name":"da","_parent":{"__id__":20},"_active":false,"_components":[{"__type__":"cc.Sprite","node":{"__id__":21},"_materials":[{"__uuid__":"ecpdLyjvZBwrvm+cedCcQy"}],"_spriteFrame":{"__uuid__":"79lNIW0DdBibdQoJxDUnh4"}}],"_prefab":{"__type__":"cc.PrefabInfo","root":{"__id__":1},"asset":{"__uuid__":"e8Co4r/9dAYoum3g33hDHr"},"fileId":"a04Mvy+XVObKw53alFvGYU"},"_contentSize":{"__type__":"cc.Size","width":44,"height":41},"_trs":{"__type__":"TypedArray","ctor":"Float64Array","array":[10.632,23.457,0,0,0,0,1,0.4,0.4,1]}},{"__type__":"cc.Node","_name":"icon_fu","_parent":{"__id__":20},"_active":false,"_components":[{"__type__":"cc.Sprite","node":{"__id__":22},"_materials":[{"__uuid__":"ecpdLyjvZBwrvm+cedCcQy"}],"_spriteFrame":{"__uuid__":"89EXKbCDBD8qyaGgXDxA43"}}],"_prefab":{"__type__":"cc.PrefabInfo","root":{"__id__":1},"asset":{"__uuid__":"e8Co4r/9dAYoum3g33hDHr"},"fileId":"40byn/DiFDDKqivh8LFMaW"},"_contentSize":{"__type__":"cc.Size","width":46,"height":42},"_trs":{"__type__":"TypedArray","ctor":"Float64Array","array":[13.993,26.818,0,0,0,0,1,0.4,0.4,1]}},{"__type__":"cc.Node","_name":"card03","_parent":{"__id__":16},"_children":[{"__id__":24},{"__id__":25}],"_components":[{"__type__":"cc.Sprite","node":{"__id__":23},"_materials":[{"__uuid__":"ecpdLyjvZBwrvm+cedCcQy"}],"_spriteFrame":{"__uuid__":"58AxocUUtIiKDR0Vq57M6i"}}],"_prefab":{"__type__":"cc.PrefabInfo","root":{"__id__":1},"asset":{"__uuid__":"e8Co4r/9dAYoum3g33hDHr"},"fileId":"9fd5bhHzsVEe5Ksl9qIvchX"},"_contentSize":{"__type__":"cc.Size","width":47,"height":76},"_trs":{"__type__":"TypedArray","ctor":"Float64Array","array":[86,0,0,0,0,0,1,1.7,1.7,1]}},{"__type__":"cc.Node","_name":"da","_parent":{"__id__":23},"_active":false,"_components":[{"__type__":"cc.Sprite","node":{"__id__":24},"_materials":[{"__uuid__":"ecpdLyjvZBwrvm+cedCcQy"}],"_spriteFrame":{"__uuid__":"79lNIW0DdBibdQoJxDUnh4"}}],"_prefab":{"__type__":"cc.PrefabInfo","root":{"__id__":1},"asset":{"__uuid__":"e8Co4r/9dAYoum3g33hDHr"},"fileId":"a5+W931J9PNYZlNokeWY5L"},"_contentSize":{"__type__":"cc.Size","width":44,"height":41},"_trs":{"__type__":"TypedArray","ctor":"Float64Array","array":[10.632,23.457,0,0,0,0,1,0.4,0.4,1]}},{"__type__":"cc.Node","_name":"icon_fu","_parent":{"__id__":23},"_active":false,"_components":[{"__type__":"cc.Sprite","node":{"__id__":25},"_materials":[{"__uuid__":"ecpdLyjvZBwrvm+cedCcQy"}],"_spriteFrame":{"__uuid__":"89EXKbCDBD8qyaGgXDxA43"}}],"_prefab":{"__type__":"cc.PrefabInfo","root":{"__id__":1},"asset":{"__uuid__":"e8Co4r/9dAYoum3g33hDHr"},"fileId":"18loFYM7tHdquVt1ByhHpJ"},"_contentSize":{"__type__":"cc.Size","width":46,"height":42},"_trs":{"__type__":"TypedArray","ctor":"Float64Array","array":[13.993,26.818,0,0,0,0,1,0.4,0.4,1]}},{"__type__":"cc.Node","_name":"card04","_parent":{"__id__":16},"_children":[{"__id__":27},{"__id__":28}],"_components":[{"__type__":"cc.Sprite","node":{"__id__":26},"_materials":[{"__uuid__":"ecpdLyjvZBwrvm+cedCcQy"}],"_spriteFrame":{"__uuid__":"58AxocUUtIiKDR0Vq57M6i"}}],"_prefab":{"__type__":"cc.PrefabInfo","root":{"__id__":1},"asset":{"__uuid__":"e8Co4r/9dAYoum3g33hDHr"},"fileId":"ef3401HgZNISK47lsGHNGRL"},"_contentSize":{"__type__":"cc.Size","width":47,"height":76},"_trs":{"__type__":"TypedArray","ctor":"Float64Array","array":[5.6,13.9,0,0,0,0,1,1.7,1.7,1]}},{"__type__":"cc.Node","_name":"da","_parent":{"__id__":26},"_active":false,"_components":[{"__type__":"cc.Sprite","node":{"__id__":27},"_materials":[{"__uuid__":"ecpdLyjvZBwrvm+cedCcQy"}],"_spriteFrame":{"__uuid__":"79lNIW0DdBibdQoJxDUnh4"}}],"_prefab":{"__type__":"cc.PrefabInfo","root":{"__id__":1},"asset":{"__uuid__":"e8Co4r/9dAYoum3g33hDHr"},"fileId":"11TyBMwflLi7g564wQKpz8"},"_contentSize":{"__type__":"cc.Size","width":44,"height":41},"_trs":{"__type__":"TypedArray","ctor":"Float64Array","array":[10.632,23.457,0,0,0,0,1,0.4,0.4,1]}},{"__type__":"cc.Node","_name":"icon_fu","_parent":{"__id__":26},"_active":false,"_components":[{"__type__":"cc.Sprite","node":{"__id__":28},"_materials":[{"__uuid__":"ecpdLyjvZBwrvm+cedCcQy"}],"_spriteFrame":{"__uuid__":"89EXKbCDBD8qyaGgXDxA43"}}],"_prefab":{"__type__":"cc.PrefabInfo","root":{"__id__":1},"asset":{"__uuid__":"e8Co4r/9dAYoum3g33hDHr"},"fileId":"bcB1fH0rhJnpsduxxQ0gbx"},"_contentSize":{"__type__":"cc.Size","width":46,"height":42},"_trs":{"__type__":"TypedArray","ctor":"Float64Array","array":[13.993,26.818,0,0,0,0,1,0.4,0.4,1]}},{"__type__":"cc.Node","_name":"label_item","_parent":{"__id__":1},"_active":false,"_components":[{"__type__":"cc.Label","node":{"__id__":29},"_materials":[{"__uuid__":"ecpdLyjvZBwrvm+cedCcQy"}],"_useOriginalSize":false,"_string":"明杠: +0","_N$string":"明杠: +0","_fontSize":20,"_lineHeight":20,"_N$file":{"__uuid__":"5f5wQekV1CGpJW2meZozWn"},"_isSystemFontUsed":false,"_N$verticalAlign":1}],"_prefab":{"__type__":"cc.PrefabInfo","root":{"__id__":1},"asset":{"__uuid__":"e8Co4r/9dAYoum3g33hDHr"},"fileId":"94t63/PKNKZaLoyolRdZbt"},"_color":{"__type__":"cc.Color","r":241,"g":9,"b":9},"_contentSize":{"__type__":"cc.Size","width":73.98,"height":25.2},"_anchorPoint":{"__type__":"cc.Vec2","y":0.5},"_trs":{"__type__":"TypedArray","ctor":"Float64Array","array":[0,0,0,0,0,0,1,1,1,1]}},{"__type__":"cc.Node","_name":"scrollview","_parent":{"__id__":1},"_children":[{"__id__":31}],"_components":[{"__type__":"cc.Sprite","node":{"__id__":30},"_materials":[{"__uuid__":"ecpdLyjvZBwrvm+cedCcQy"}],"_type":1,"_sizeMode":0},{"__type__":"cc.ScrollView","node":{"__id__":30},"vertical":false,"brake":0.75,"bounceDuration":0.23,"_N$content":{"__id__":32},"content":{"__id__":32},"_N$horizontalScrollBar":null,"_N$verticalScrollBar":null}],"_prefab":{"__type__":"cc.PrefabInfo","root":{"__id__":1},"asset":{"__uuid__":"e8Co4r/9dAYoum3g33hDHr"},"fileId":"69kpk4NnxKhLy46JPwdF1U"},"_contentSize":{"__type__":"cc.Size","width":740,"height":30},"_anchorPoint":{"__type__":"cc.Vec2","y":0.5},"_trs":{"__type__":"TypedArray","ctor":"Float64Array","array":[-402.123,-16.612000000000002,0,0,0,0,1,1,1,1]}},{"__type__":"cc.Node","_name":"view","_parent":{"__id__":30},"_children":[{"__id__":32}],"_components":[{"__type__":"cc.Mask","node":{"__id__":31},"_materials":[{"__uuid__":"ecpdLyjvZBwrvm+cedCcQy"}],"_N$alphaThreshold":0},{"__type__":"cc.Widget","node":{"__id__":31},"_alignFlags":40,"_originalWidth":240}],"_prefab":{"__type__":"cc.PrefabInfo","root":{"__id__":1},"asset":{"__uuid__":"e8Co4r/9dAYoum3g33hDHr"},"fileId":"69fVKgZsFBx5V5PIKRBLWZ"},"_contentSize":{"__type__":"cc.Size","width":740,"height":30},"_anchorPoint":{"__type__":"cc.Vec2","y":0.5},"_trs":{"__type__":"TypedArray","ctor":"Float64Array","array":[0,0,0,0,0,0,1,1,1,1]}},{"__type__":"cc.Node","_name":"label_lists","_parent":{"__id__":31},"_components":[{"__type__":"cc.Layout","node":{"__id__":32},"_layoutSize":{"__type__":"cc.Size","width":1081.7400000000002,"height":30},"_resize":1,"_N$layoutType":1,"_N$spacingX":10}],"_prefab":{"__type__":"cc.PrefabInfo","root":{"__id__":1},"asset":{"__uuid__":"e8Co4r/9dAYoum3g33hDHr"},"fileId":"98AJBPCj5CaIT2ojaPWgkw"},"_contentSize":{"__type__":"cc.Size","width":1081.7400000000002,"height":30},"_anchorPoint":{"__type__":"cc.Vec2","y":0.5},"_trs":{"__type__":"TypedArray","ctor":"Float64Array","array":[0,0,0,0,0,0,1,1,1,1]}},{"__type__":"cc.Node","_name":"jiesuan","_parent":{"__id__":1},"_children":[{"__id__":34}],"_prefab":{"__type__":"cc.PrefabInfo","root":{"__id__":1},"asset":{"__uuid__":"e8Co4r/9dAYoum3g33hDHr"},"fileId":"0f2b99Ie9JGWpHH7wW+Js5V"},"_trs":{"__type__":"TypedArray","ctor":"Float64Array","array":[141,-153,0,0,0,0,1,1,1,1]}},{"__type__":"cc.Node","_name":"hutype","_parent":{"__id__":33},"_components":[{"__type__":"cc.Label","node":{"__id__":34},"_materials":[{"__uuid__":"ecpdLyjvZBwrvm+cedCcQy"}],"_string":"点泡","_N$string":"点泡","_fontSize":0.8,"_lineHeight":1,"_N$file":{"__uuid__":"47KZ1/eO5Pr5LI3pvekYmJ"},"_isSystemFontUsed":false}],"_prefab":{"__type__":"cc.PrefabInfo","root":{"__id__":1},"asset":{"__uuid__":"e8Co4r/9dAYoum3g33hDHr"},"fileId":"7f892OzhBFOhIA/CyQLrS5F"},"_contentSize":{"__type__":"cc.Size","width":75.2,"height":0.8},"_trs":{"__type__":"TypedArray","ctor":"Float64Array","array":[-32,110,0,0,0,0,1,1,1,1]}},{"__type__":"cc.Node","_name":"record","_parent":{"__id__":1},"_children":[{"__id__":36},{"__id__":38}],"_components":[{"__type__":"cc.Layout","node":{"__id__":35},"_layoutSize":{"__type__":"cc.Size","width":125,"height":75.96},"_resize":1,"_N$layoutType":2,"_N$spacingY":10}],"_prefab":{"__type__":"cc.PrefabInfo","root":{"__id__":1},"asset":{"__uuid__":"e8Co4r/9dAYoum3g33hDHr"},"fileId":"78RkZk09ZHp4rWOU4oQFzT"},"_contentSize":{"__type__":"cc.Size","width":125,"height":75.96},"_anchorPoint":{"__type__":"cc.Vec2","y":0.5},"_trs":{"__type__":"TypedArray","ctor":"Float64Array","array":[155,-55,0,0,0,0,1,1,1,1]}},{"__type__":"cc.Node","_name":"tip_point","_parent":{"__id__":35},"_children":[{"__id__":37}],"_components":[{"__type__":"cc.Label","node":{"__id__":36},"_materials":[{"__uuid__":"ecpdLyjvZBwrvm+cedCcQy"}],"_useOriginalSize":false,"_string":"得分：","_N$string":"得分：","_fontSize":20,"_lineHeight":22,"_N$file":{"__uuid__":"5f5wQekV1CGpJW2meZozWn"},"_isSystemFontUsed":false,"_N$verticalAlign":1},{"__type__":"cc.LabelOutline","node":{"__id__":36},"_color":{"__type__":"cc.Color","r":43,"g":37,"b":41},"_width":2}],"_prefab":{"__type__":"cc.PrefabInfo","root":{"__id__":1},"asset":{"__uuid__":"e8Co4r/9dAYoum3g33hDHr"},"fileId":"e5rTXYXaRKqopJknOywgi5"},"_contentSize":{"__type__":"cc.Size","width":64,"height":31.72},"_anchorPoint":{"__type__":"cc.Vec2","y":0.5},"_trs":{"__type__":"TypedArray","ctor":"Float64Array","array":[0,22.119999999999997,0,0,0,0,1,1,1,1]}},{"__type__":"cc.Node","_name":"lb_point","_parent":{"__id__":36},"_components":[{"__type__":"cc.Label","node":{"__id__":37},"_materials":[{"__uuid__":"ecpdLyjvZBwrvm+cedCcQy"}],"_useOriginalSize":false,"_string":"-1000","_N$string":"-1000","_fontSize":28,"_lineHeight":30,"_N$file":{"__uuid__":"5f5wQekV1CGpJW2meZozWn"},"_isSystemFontUsed":false,"_N$verticalAlign":1},{"__type__":"cc.LabelOutline","node":{"__id__":37},"_color":{"__type__":"cc.Color","r":43,"g":37,"b":41},"_width":2}],"_prefab":{"__type__":"cc.PrefabInfo","root":{"__id__":1},"asset":{"__uuid__":"e8Co4r/9dAYoum3g33hDHr"},"fileId":"00Vp6tAbZFp6N/kYVlTVu8"},"_contentSize":{"__type__":"cc.Size","width":78.92,"height":41.8},"_anchorPoint":{"__type__":"cc.Vec2","y":0.5},"_trs":{"__type__":"TypedArray","ctor":"Float64Array","array":[61,0,0,0,0,0,1,1,1,1]}},{"__type__":"cc.Node","_name":"tip_sportspoint","_parent":{"__id__":35},"_children":[{"__id__":39}],"_components":[{"__type__":"cc.Label","node":{"__id__":38},"_materials":[{"__uuid__":"ecpdLyjvZBwrvm+cedCcQy"}],"_useOriginalSize":false,"_string":"比赛分：","_N$string":"比赛分：","_fontSize":22,"_lineHeight":24,"_N$file":{"__uuid__":"5f5wQekV1CGpJW2meZozWn"},"_isSystemFontUsed":false,"_N$verticalAlign":1},{"__type__":"cc.LabelOutline","node":{"__id__":38},"_color":{"__type__":"cc.Color"},"_width":2}],"_prefab":{"__type__":"cc.PrefabInfo","root":{"__id__":1},"asset":{"__uuid__":"e8Co4r/9dAYoum3g33hDHr"},"fileId":"280KGO22BKE7GZ7h0lFrAK"},"_color":{"__type__":"cc.Color","r":241,"g":241,"b":38},"_contentSize":{"__type__":"cc.Size","width":92,"height":34.239999999999995},"_anchorPoint":{"__type__":"cc.Vec2","y":0.5},"_trs":{"__type__":"TypedArray","ctor":"Float64Array","array":[-8,-20.86,0,0,0,0,1,1,1,1]}},{"__type__":"cc.Node","_name":"lb_sportspoint","_parent":{"__id__":38},"_components":[{"__type__":"cc.Label","node":{"__id__":39},"_materials":[{"__uuid__":"ecpdLyjvZBwrvm+cedCcQy"}],"_useOriginalSize":false,"_string":"-1000","_N$string":"-1000","_lineHeight":35,"_N$file":{"__uuid__":"5f5wQekV1CGpJW2meZozWn"},"_isSystemFontUsed":false,"_N$verticalAlign":1},{"__type__":"cc.LabelOutline","node":{"__id__":39},"_color":{"__type__":"cc.Color"},"_width":2}],"_prefab":{"__type__":"cc.PrefabInfo","root":{"__id__":1},"asset":{"__uuid__":"e8Co4r/9dAYoum3g33hDHr"},"fileId":"72HNZe4IBNabbzI+bIzwVv"},"_color":{"__type__":"cc.Color","r":241,"g":241,"b":38},"_contentSize":{"__type__":"cc.Size","width":111.03,"height":48.1},"_anchorPoint":{"__type__":"cc.Vec2","y":0.5},"_trs":{"__type__":"TypedArray","ctor":"Float64Array","array":[81,5,0,0,0,0,1,1,1,1]}},{"__type__":"cc.Node","_name":"huacard","_parent":{"__id__":1},"_children":[{"__id__":41}],"_active":false,"_components":[{"__type__":"cc.Layout","node":{"__id__":40},"_N$layoutType":1,"_N$spacingX":33},{"__type__":"8f5c1NoKYlJOIy+Kxk7+L8e","node":{"__id__":40}}],"_prefab":{"__type__":"cc.PrefabInfo","root":{"__id__":1},"asset":{"__uuid__":"e8Co4r/9dAYoum3g33hDHr"},"fileId":"6742fhpNdxNgqhHPBCv4VF0"},"_contentSize":{"__type__":"cc.Size","width":300,"height":200},"_trs":{"__type__":"TypedArray","ctor":"Float64Array","array":[555,-64,0,0,0,0,1,0.5,0.5,1]}},{"__type__":"cc.Node","_name":"card01","_parent":{"__id__":40},"_components":[{"__type__":"cc.Sprite","node":{"__id__":41},"_materials":[{"__uuid__":"ecpdLyjvZBwrvm+cedCcQy"}],"_spriteFrame":{"__uuid__":"40zOexKUBCyq5rxbs5ANC4"}}],"_prefab":{"__type__":"cc.PrefabInfo","root":{"__id__":1},"asset":{"__uuid__":"e8Co4r/9dAYoum3g33hDHr"},"fileId":"9eecfjTmiVBfaX/LAL0qvNA"},"_contentSize":{"__type__":"cc.Size","width":47,"height":76},"_trs":{"__type__":"TypedArray","ctor":"Float64Array","array":[-126.5,0,0,0,0,0,1,1.7,1.7,1]}},{"__type__":"cc.Node","_name":"zhongma","_parent":{"__id__":1},"_children":[{"__id__":43},{"__id__":44},{"__id__":47},{"__id__":50},{"__id__":53},{"__id__":56},{"__id__":59},{"__id__":62},{"__id__":65}],"_components":[{"__type__":"cc.Layout","node":{"__id__":42},"_N$layoutType":1,"_N$spacingX":33},{"__type__":"8f5c1NoKYlJOIy+Kxk7+L8e","node":{"__id__":42}}],"_prefab":{"__type__":"cc.PrefabInfo","root":{"__id__":1},"asset":{"__uuid__":"e8Co4r/9dAYoum3g33hDHr"},"fileId":"8f7wgRTW5Esaxqgd0ffFn9"},"_contentSize":{"__type__":"cc.Size","width":300,"height":200},"_trs":{"__type__":"TypedArray","ctor":"Float64Array","array":[440.1,-64,0,0,0,0,1,0.35,0.35,1]}},{"__type__":"cc.Node","_name":"lb_tip","_parent":{"__id__":42},"_active":false,"_components":[{"__type__":"cc.Label","node":{"__id__":43},"_materials":[{"__uuid__":"ecpdLyjvZBwrvm+cedCcQy"}],"_useOriginalSize":false,"_string":"中码:","_N$string":"中码:","_N$file":{"__uuid__":"5f5wQekV1CGpJW2meZozWn"},"_isSystemFontUsed":false,"_N$horizontalAlign":1,"_N$verticalAlign":1}],"_prefab":{"__type__":"cc.PrefabInfo","root":{"__id__":1},"asset":{"__uuid__":"e8Co4r/9dAYoum3g33hDHr"},"fileId":"72FDQaCkBG54lhio3wfs7g"},"_color":{"__type__":"cc.Color","r":241,"g":9,"b":9},"_contentSize":{"__type__":"cc.Size","width":90.63,"height":50.4},"_trs":{"__type__":"TypedArray","ctor":"Float64Array","array":[-104.685,0,0,0,0,0,1,1,1,1]}},{"__type__":"cc.Node","_name":"card1","_parent":{"__id__":42},"_children":[{"__id__":45},{"__id__":46}],"_components":[{"__type__":"cc.Sprite","node":{"__id__":44},"_materials":[{"__uuid__":"ecpdLyjvZBwrvm+cedCcQy"}],"_spriteFrame":{"__uuid__":"40zOexKUBCyq5rxbs5ANC4"}}],"_prefab":{"__type__":"cc.PrefabInfo","root":{"__id__":1},"asset":{"__uuid__":"e8Co4r/9dAYoum3g33hDHr"},"fileId":"53jmfF1jtKbpCqJ8XgHdFE"},"_contentSize":{"__type__":"cc.Size","width":47,"height":76},"_trs":{"__type__":"TypedArray","ctor":"Float64Array","array":[-126.5,0,0,0,0,0,1,1.7,1.7,1]}},{"__type__":"cc.Node","_name":"da","_parent":{"__id__":44},"_active":false,"_components":[{"__type__":"cc.Sprite","node":{"__id__":45},"_materials":[{"__uuid__":"ecpdLyjvZBwrvm+cedCcQy"}],"_spriteFrame":{"__uuid__":"79lNIW0DdBibdQoJxDUnh4"}}],"_prefab":{"__type__":"cc.PrefabInfo","root":{"__id__":1},"asset":{"__uuid__":"e8Co4r/9dAYoum3g33hDHr"},"fileId":"fcadREGdpAb46PSojjCZj/"},"_contentSize":{"__type__":"cc.Size","width":44,"height":41},"_trs":{"__type__":"TypedArray","ctor":"Float64Array","array":[13.993,26.818,0,0,0,0,1,0.4,0.4,1]}},{"__type__":"cc.Node","_name":"icon_fu","_parent":{"__id__":44},"_active":false,"_components":[{"__type__":"cc.Sprite","node":{"__id__":46},"_materials":[{"__uuid__":"ecpdLyjvZBwrvm+cedCcQy"}],"_spriteFrame":{"__uuid__":"89EXKbCDBD8qyaGgXDxA43"}}],"_prefab":{"__type__":"cc.PrefabInfo","root":{"__id__":1},"asset":{"__uuid__":"e8Co4r/9dAYoum3g33hDHr"},"fileId":"7fWJcCU1BMirea1WEayX3X"},"_contentSize":{"__type__":"cc.Size","width":46,"height":42},"_trs":{"__type__":"TypedArray","ctor":"Float64Array","array":[13.993,26.818,0,0,0,0,1,0.4,0.4,1]}},{"__type__":"cc.Node","_name":"card2","_parent":{"__id__":42},"_children":[{"__id__":48},{"__id__":49}],"_components":[{"__type__":"cc.Sprite","node":{"__id__":47},"_materials":[{"__uuid__":"ecpdLyjvZBwrvm+cedCcQy"}],"_spriteFrame":{"__uuid__":"40zOexKUBCyq5rxbs5ANC4"}}],"_prefab":{"__type__":"cc.PrefabInfo","root":{"__id__":1},"asset":{"__uuid__":"e8Co4r/9dAYoum3g33hDHr"},"fileId":"b2M+LILmBBjqxdWyq1cg/M"},"_contentSize":{"__type__":"cc.Size","width":47,"height":76},"_trs":{"__type__":"TypedArray","ctor":"Float64Array","array":[-46.5,0,0,0,0,0,1,1.7,1.7,1]}},{"__type__":"cc.Node","_name":"da","_parent":{"__id__":47},"_active":false,"_components":[{"__type__":"cc.Sprite","node":{"__id__":48},"_materials":[{"__uuid__":"ecpdLyjvZBwrvm+cedCcQy"}],"_spriteFrame":{"__uuid__":"79lNIW0DdBibdQoJxDUnh4"}}],"_prefab":{"__type__":"cc.PrefabInfo","root":{"__id__":1},"asset":{"__uuid__":"e8Co4r/9dAYoum3g33hDHr"},"fileId":"a8fL0rQPhJf5N/OugiiYE3"},"_contentSize":{"__type__":"cc.Size","width":44,"height":41},"_trs":{"__type__":"TypedArray","ctor":"Float64Array","array":[13.993,26.818,0,0,0,0,1,0.4,0.4,1]}},{"__type__":"cc.Node","_name":"icon_fu","_parent":{"__id__":47},"_active":false,"_components":[{"__type__":"cc.Sprite","node":{"__id__":49},"_materials":[{"__uuid__":"ecpdLyjvZBwrvm+cedCcQy"}],"_spriteFrame":{"__uuid__":"89EXKbCDBD8qyaGgXDxA43"}}],"_prefab":{"__type__":"cc.PrefabInfo","root":{"__id__":1},"asset":{"__uuid__":"e8Co4r/9dAYoum3g33hDHr"},"fileId":"c5edC1qCtM66si3mGeVuLq"},"_contentSize":{"__type__":"cc.Size","width":46,"height":42},"_trs":{"__type__":"TypedArray","ctor":"Float64Array","array":[13.993,26.818,0,0,0,0,1,0.4,0.4,1]}},{"__type__":"cc.Node","_name":"card3","_parent":{"__id__":42},"_children":[{"__id__":51},{"__id__":52}],"_components":[{"__type__":"cc.Sprite","node":{"__id__":50},"_materials":[{"__uuid__":"ecpdLyjvZBwrvm+cedCcQy"}],"_spriteFrame":{"__uuid__":"40zOexKUBCyq5rxbs5ANC4"}}],"_prefab":{"__type__":"cc.PrefabInfo","root":{"__id__":1},"asset":{"__uuid__":"e8Co4r/9dAYoum3g33hDHr"},"fileId":"91fmrwYt9GS4/UWBY55b1q"},"_contentSize":{"__type__":"cc.Size","width":47,"height":76},"_trs":{"__type__":"TypedArray","ctor":"Float64Array","array":[33.5,0,0,0,0,0,1,1.7,1.7,1]}},{"__type__":"cc.Node","_name":"da","_parent":{"__id__":50},"_active":false,"_components":[{"__type__":"cc.Sprite","node":{"__id__":51},"_materials":[{"__uuid__":"ecpdLyjvZBwrvm+cedCcQy"}],"_spriteFrame":{"__uuid__":"79lNIW0DdBibdQoJxDUnh4"}}],"_prefab":{"__type__":"cc.PrefabInfo","root":{"__id__":1},"asset":{"__uuid__":"e8Co4r/9dAYoum3g33hDHr"},"fileId":"0c3ib0H/dDyqWirvJzvGs7"},"_contentSize":{"__type__":"cc.Size","width":44,"height":41},"_trs":{"__type__":"TypedArray","ctor":"Float64Array","array":[13.993,26.818,0,0,0,0,1,0.4,0.4,1]}},{"__type__":"cc.Node","_name":"icon_fu","_parent":{"__id__":50},"_active":false,"_components":[{"__type__":"cc.Sprite","node":{"__id__":52},"_materials":[{"__uuid__":"ecpdLyjvZBwrvm+cedCcQy"}],"_spriteFrame":{"__uuid__":"89EXKbCDBD8qyaGgXDxA43"}}],"_prefab":{"__type__":"cc.PrefabInfo","root":{"__id__":1},"asset":{"__uuid__":"e8Co4r/9dAYoum3g33hDHr"},"fileId":"0d//fWwfhMNrSjXnWylleA"},"_contentSize":{"__type__":"cc.Size","width":46,"height":42},"_trs":{"__type__":"TypedArray","ctor":"Float64Array","array":[13.993,26.818,0,0,0,0,1,0.4,0.4,1]}},{"__type__":"cc.Node","_name":"card4","_parent":{"__id__":42},"_children":[{"__id__":54},{"__id__":55}],"_components":[{"__type__":"cc.Sprite","node":{"__id__":53},"_materials":[{"__uuid__":"ecpdLyjvZBwrvm+cedCcQy"}],"_spriteFrame":{"__uuid__":"40zOexKUBCyq5rxbs5ANC4"}}],"_prefab":{"__type__":"cc.PrefabInfo","root":{"__id__":1},"asset":{"__uuid__":"e8Co4r/9dAYoum3g33hDHr"},"fileId":"a5+WB/C2tFDbovjznFBRr1"},"_contentSize":{"__type__":"cc.Size","width":47,"height":76},"_trs":{"__type__":"TypedArray","ctor":"Float64Array","array":[113.5,0,0,0,0,0,1,1.7,1.7,1]}},{"__type__":"cc.Node","_name":"da","_parent":{"__id__":53},"_active":false,"_components":[{"__type__":"cc.Sprite","node":{"__id__":54},"_materials":[{"__uuid__":"ecpdLyjvZBwrvm+cedCcQy"}],"_spriteFrame":{"__uuid__":"79lNIW0DdBibdQoJxDUnh4"}}],"_prefab":{"__type__":"cc.PrefabInfo","root":{"__id__":1},"asset":{"__uuid__":"e8Co4r/9dAYoum3g33hDHr"},"fileId":"ceSYSDMMpELYxQ2WGwmkIp"},"_contentSize":{"__type__":"cc.Size","width":44,"height":41},"_trs":{"__type__":"TypedArray","ctor":"Float64Array","array":[13.993,26.818,0,0,0,0,1,0.4,0.4,1]}},{"__type__":"cc.Node","_name":"icon_fu","_parent":{"__id__":53},"_active":false,"_components":[{"__type__":"cc.Sprite","node":{"__id__":55},"_materials":[{"__uuid__":"ecpdLyjvZBwrvm+cedCcQy"}],"_spriteFrame":{"__uuid__":"89EXKbCDBD8qyaGgXDxA43"}}],"_prefab":{"__type__":"cc.PrefabInfo","root":{"__id__":1},"asset":{"__uuid__":"e8Co4r/9dAYoum3g33hDHr"},"fileId":"b3Kpr9EkdDaIUkg7n+YWjp"},"_contentSize":{"__type__":"cc.Size","width":46,"height":42},"_trs":{"__type__":"TypedArray","ctor":"Float64Array","array":[13.993,26.818,0,0,0,0,1,0.4,0.4,1]}},{"__type__":"cc.Node","_name":"card5","_parent":{"__id__":42},"_children":[{"__id__":57},{"__id__":58}],"_components":[{"__type__":"cc.Sprite","node":{"__id__":56},"_materials":[{"__uuid__":"ecpdLyjvZBwrvm+cedCcQy"}],"_spriteFrame":{"__uuid__":"40zOexKUBCyq5rxbs5ANC4"}}],"_prefab":{"__type__":"cc.PrefabInfo","root":{"__id__":1},"asset":{"__uuid__":"e8Co4r/9dAYoum3g33hDHr"},"fileId":"f1b1v4i61HmoZn5MFs1MiV"},"_contentSize":{"__type__":"cc.Size","width":47,"height":76},"_trs":{"__type__":"TypedArray","ctor":"Float64Array","array":[193.5,0,0,0,0,0,1,1.7,1.7,1]}},{"__type__":"cc.Node","_name":"da","_parent":{"__id__":56},"_active":false,"_components":[{"__type__":"cc.Sprite","node":{"__id__":57},"_materials":[{"__uuid__":"ecpdLyjvZBwrvm+cedCcQy"}],"_spriteFrame":{"__uuid__":"79lNIW0DdBibdQoJxDUnh4"}}],"_prefab":{"__type__":"cc.PrefabInfo","root":{"__id__":1},"asset":{"__uuid__":"e8Co4r/9dAYoum3g33hDHr"},"fileId":"33xAuduUNBToLwdZIepVbV"},"_contentSize":{"__type__":"cc.Size","width":44,"height":41},"_trs":{"__type__":"TypedArray","ctor":"Float64Array","array":[13.993,26.818,0,0,0,0,1,0.4,0.4,1]}},{"__type__":"cc.Node","_name":"icon_fu","_parent":{"__id__":56},"_active":false,"_components":[{"__type__":"cc.Sprite","node":{"__id__":58},"_materials":[{"__uuid__":"ecpdLyjvZBwrvm+cedCcQy"}],"_spriteFrame":{"__uuid__":"89EXKbCDBD8qyaGgXDxA43"}}],"_prefab":{"__type__":"cc.PrefabInfo","root":{"__id__":1},"asset":{"__uuid__":"e8Co4r/9dAYoum3g33hDHr"},"fileId":"d7Rv7ybk5EpaRIezz6bNEy"},"_contentSize":{"__type__":"cc.Size","width":46,"height":42},"_trs":{"__type__":"TypedArray","ctor":"Float64Array","array":[13.993,26.818,0,0,0,0,1,0.4,0.4,1]}},{"__type__":"cc.Node","_name":"card6","_parent":{"__id__":42},"_children":[{"__id__":60},{"__id__":61}],"_components":[{"__type__":"cc.Sprite","node":{"__id__":59},"_materials":[{"__uuid__":"ecpdLyjvZBwrvm+cedCcQy"}],"_spriteFrame":{"__uuid__":"40zOexKUBCyq5rxbs5ANC4"}}],"_prefab":{"__type__":"cc.PrefabInfo","root":{"__id__":1},"asset":{"__uuid__":"e8Co4r/9dAYoum3g33hDHr"},"fileId":"29jcXNlA1PI6gXuU0DJjWN"},"_contentSize":{"__type__":"cc.Size","width":47,"height":76},"_trs":{"__type__":"TypedArray","ctor":"Float64Array","array":[273.5,0,0,0,0,0,1,1.7,1.7,1]}},{"__type__":"cc.Node","_name":"da","_parent":{"__id__":59},"_active":false,"_components":[{"__type__":"cc.Sprite","node":{"__id__":60},"_materials":[{"__uuid__":"ecpdLyjvZBwrvm+cedCcQy"}],"_spriteFrame":{"__uuid__":"79lNIW0DdBibdQoJxDUnh4"}}],"_prefab":{"__type__":"cc.PrefabInfo","root":{"__id__":1},"asset":{"__uuid__":"e8Co4r/9dAYoum3g33hDHr"},"fileId":"51rQsSKQpMMrYm3FfW48M6"},"_contentSize":{"__type__":"cc.Size","width":44,"height":41},"_trs":{"__type__":"TypedArray","ctor":"Float64Array","array":[13.993,26.818,0,0,0,0,1,0.4,0.4,1]}},{"__type__":"cc.Node","_name":"icon_fu","_parent":{"__id__":59},"_active":false,"_components":[{"__type__":"cc.Sprite","node":{"__id__":61},"_materials":[{"__uuid__":"ecpdLyjvZBwrvm+cedCcQy"}],"_spriteFrame":{"__uuid__":"89EXKbCDBD8qyaGgXDxA43"}}],"_prefab":{"__type__":"cc.PrefabInfo","root":{"__id__":1},"asset":{"__uuid__":"e8Co4r/9dAYoum3g33hDHr"},"fileId":"6flkYML+NBMpt0nTyZPqDJ"},"_contentSize":{"__type__":"cc.Size","width":46,"height":42},"_trs":{"__type__":"TypedArray","ctor":"Float64Array","array":[13.993,26.818,0,0,0,0,1,0.4,0.4,1]}},{"__type__":"cc.Node","_name":"card7","_parent":{"__id__":42},"_children":[{"__id__":63},{"__id__":64}],"_components":[{"__type__":"cc.Sprite","node":{"__id__":62},"_materials":[{"__uuid__":"ecpdLyjvZBwrvm+cedCcQy"}],"_spriteFrame":{"__uuid__":"40zOexKUBCyq5rxbs5ANC4"}}],"_prefab":{"__type__":"cc.PrefabInfo","root":{"__id__":1},"asset":{"__uuid__":"e8Co4r/9dAYoum3g33hDHr"},"fileId":"a4rjjtOFZA6I5ZjJ/cxyIH"},"_contentSize":{"__type__":"cc.Size","width":47,"height":76},"_trs":{"__type__":"TypedArray","ctor":"Float64Array","array":[353.5,0,0,0,0,0,1,1.7,1.7,1]}},{"__type__":"cc.Node","_name":"da","_parent":{"__id__":62},"_active":false,"_components":[{"__type__":"cc.Sprite","node":{"__id__":63},"_materials":[{"__uuid__":"ecpdLyjvZBwrvm+cedCcQy"}],"_spriteFrame":{"__uuid__":"79lNIW0DdBibdQoJxDUnh4"}}],"_prefab":{"__type__":"cc.PrefabInfo","root":{"__id__":1},"asset":{"__uuid__":"e8Co4r/9dAYoum3g33hDHr"},"fileId":"edHUrd9DJJgL3aTqC3N0hH"},"_contentSize":{"__type__":"cc.Size","width":44,"height":41},"_trs":{"__type__":"TypedArray","ctor":"Float64Array","array":[13.993,26.818,0,0,0,0,1,0.4,0.4,1]}},{"__type__":"cc.Node","_name":"icon_fu","_parent":{"__id__":62},"_active":false,"_components":[{"__type__":"cc.Sprite","node":{"__id__":64},"_materials":[{"__uuid__":"ecpdLyjvZBwrvm+cedCcQy"}],"_spriteFrame":{"__uuid__":"89EXKbCDBD8qyaGgXDxA43"}}],"_prefab":{"__type__":"cc.PrefabInfo","root":{"__id__":1},"asset":{"__uuid__":"e8Co4r/9dAYoum3g33hDHr"},"fileId":"b80Mc+h2hLqKW80cm4DxUJ"},"_contentSize":{"__type__":"cc.Size","width":46,"height":42},"_trs":{"__type__":"TypedArray","ctor":"Float64Array","array":[13.993,26.818,0,0,0,0,1,0.4,0.4,1]}},{"__type__":"cc.Node","_name":"card8","_parent":{"__id__":42},"_children":[{"__id__":66},{"__id__":67}],"_components":[{"__type__":"cc.Sprite","node":{"__id__":65},"_materials":[{"__uuid__":"ecpdLyjvZBwrvm+cedCcQy"}],"_spriteFrame":{"__uuid__":"40zOexKUBCyq5rxbs5ANC4"}}],"_prefab":{"__type__":"cc.PrefabInfo","root":{"__id__":1},"asset":{"__uuid__":"e8Co4r/9dAYoum3g33hDHr"},"fileId":"14HOEdpGNNZJuhYZ9CEY+Q"},"_contentSize":{"__type__":"cc.Size","width":47,"height":76},"_trs":{"__type__":"TypedArray","ctor":"Float64Array","array":[433.5,0,0,0,0,0,1,1.7,1.7,1]}},{"__type__":"cc.Node","_name":"da","_parent":{"__id__":65},"_active":false,"_components":[{"__type__":"cc.Sprite","node":{"__id__":66},"_materials":[{"__uuid__":"ecpdLyjvZBwrvm+cedCcQy"}],"_spriteFrame":{"__uuid__":"79lNIW0DdBibdQoJxDUnh4"}}],"_prefab":{"__type__":"cc.PrefabInfo","root":{"__id__":1},"asset":{"__uuid__":"e8Co4r/9dAYoum3g33hDHr"},"fileId":"6ddZi8KRlLxqMxRZilBpZm"},"_contentSize":{"__type__":"cc.Size","width":44,"height":41},"_trs":{"__type__":"TypedArray","ctor":"Float64Array","array":[13.993,26.818,0,0,0,0,1,0.4,0.4,1]}},{"__type__":"cc.Node","_name":"icon_fu","_parent":{"__id__":65},"_active":false,"_components":[{"__type__":"cc.Sprite","node":{"__id__":67},"_materials":[{"__uuid__":"ecpdLyjvZBwrvm+cedCcQy"}],"_spriteFrame":{"__uuid__":"89EXKbCDBD8qyaGgXDxA43"}}],"_prefab":{"__type__":"cc.PrefabInfo","root":{"__id__":1},"asset":{"__uuid__":"e8Co4r/9dAYoum3g33hDHr"},"fileId":"feml+aN/ZP/4wnehEsnEGg"},"_contentSize":{"__type__":"cc.Size","width":46,"height":42},"_trs":{"__type__":"TypedArray","ctor":"Float64Array","array":[13.993,26.818,0,0,0,0,1,0.4,0.4,1]}}]]