[[{"__type__":"cc.Prefab","_name":"WaitForm","data":{"__id__":1}},{"__type__":"cc.Node","_name":"WaitForm","_components":[{"__type__":"cc.Sprite","node":{"__id__":1},"_spriteFrame":{"__uuid__":"8bOAJs4gJAg7S8vr2h3Nvl"},"_sizeMode":2,"_isTrimmedMode":false},{"__type__":"cc.Animation","node":{"__id__":1},"_defaultClip":{"__uuid__":"47LphaUyBHo5Eanwo6ZEJU"},"_clips":[{"__uuid__":"47LphaUyBHo5Eanwo6ZEJU"}],"playOnLoad":true}],"_prefab":{"__type__":"cc.PrefabInfo","root":{"__id__":1},"asset":{"__uuid__":"43GY6kE8hOIImfzQQnfGyx"},"fileId":"f1d3cmpa9BKWrpsOs1GVc5r"},"_contentSize":{"__type__":"cc.Size","width":190,"height":174},"_trs":{"__type__":"TypedArray","ctor":"Float64Array","array":[0,0,0,0,0,0,1,1,1,1]}}],{"__type__":"cc.SpriteFrame","content":{"name":"ani_01","texture":"89kmbLPpNOHrgPnO085XAo","rect":[0,6,189,167],"offset":[-0.5,-2.5],"originalSize":[190,174],"capInsets":[0,0,0,0]}}]