[{"__type__":"cc.SpriteFrame","content":{"name":"bg_popup3","texture":"189664600","rect":[72,820,25,24],"offset":[0,0],"originalSize":[25,24],"rotated":1,"capInsets":[12,11,12,11]}},{"__type__":"cc.SpriteFrame","content":{"name":"personal_male","texture":"4cu0xQ4E1Mp6jHE7SsmTVi","rect":[0,0,24,24],"offset":[0,0],"originalSize":[24,24],"capInsets":[0,0,0,0]}},{"__type__":"cc.SpriteFrame","content":{"name":"morentouxiang","texture":"189664600","rect":[181,652,60,60],"offset":[0,0],"originalSize":[60,60],"capInsets":[0,0,0,0]}},[{"__type__":"cc.Prefab","_name":"resultPrefab02","data":{"__id__":1}},{"__type__":"cc.Node","_name":"resultPrefab02","_children":[{"__id__":2},{"__id__":3},{"__id__":8},{"__id__":13},{"__id__":14},{"__id__":15},{"__id__":16},{"__id__":17},{"__type__":"cc.Node","_name":"icon_win","_parent":{"__id__":1},"_prefab":{"__type__":"cc.PrefabInfo","root":{"__id__":1},"asset":{"__uuid__":"ffKBLY0DZEYJTzvV8PUPBW"},"fileId":"0ffc9BRJdlJ/7irLOkAlWRM"},"_contentSize":{"__type__":"cc.Size","width":50,"height":92},"_trs":{"__type__":"TypedArray","ctor":"Float64Array","array":[428.6,-2,0,0,0,0,1,1,1,1]}}],"_prefab":{"__type__":"cc.PrefabInfo","root":{"__id__":1},"asset":{"__uuid__":"ffKBLY0DZEYJTzvV8PUPBW"},"fileId":"5e49dCW8CBDIpEkxDXbQ1CC"},"_contentSize":{"__type__":"cc.Size","width":550,"height":80},"_anchorPoint":{"__type__":"cc.Vec2","y":0.5},"_trs":{"__type__":"TypedArray","ctor":"Float64Array","array":[0,0,0,0,0,0,1,1,1,1]}},{"__type__":"cc.Node","_name":"bg","_parent":{"__id__":1},"_components":[{"__type__":"cc.Sprite","node":{"__id__":2},"_spriteFrame":{"__uuid__":"1cpxv59X9MfZ3n9/PjCYtq"},"_type":1,"_sizeMode":0}],"_prefab":{"__type__":"cc.PrefabInfo","root":{"__id__":1},"asset":{"__uuid__":"ffKBLY0DZEYJTzvV8PUPBW"},"fileId":"de479GqPWZE2pV3EsW69Tbi"},"_contentSize":{"__type__":"cc.Size","width":550,"height":80},"_anchorPoint":{"__type__":"cc.Vec2","y":0.5},"_trs":{"__type__":"TypedArray","ctor":"Float64Array","array":[0,-2,0,0,0,0,1,1,1,1]}},{"__type__":"cc.Node","_name":"topTitle","_parent":{"__id__":1},"_children":[{"__id__":4},{"__id__":5},{"__id__":6},{"__id__":7}],"_prefab":{"__type__":"cc.PrefabInfo","root":{"__id__":1},"asset":{"__uuid__":"ffKBLY0DZEYJTzvV8PUPBW"},"fileId":"263699KFqlLn72AdJ0a8iMl"},"_trs":{"__type__":"TypedArray","ctor":"Float64Array","array":[190,-2,0,0,0,0,1,1,1,1]}},{"__type__":"cc.Node","_name":"sheng","_parent":{"__id__":3},"_components":[{"__type__":"cc.Label","node":{"__id__":4},"_useOriginalSize":false,"_string":"胜","_N$string":"胜","_fontSize":26,"_N$file":{"__uuid__":"5f5wQekV1CGpJW2meZozWn"},"_isSystemFontUsed":false,"_N$horizontalAlign":1,"_N$verticalAlign":1}],"_prefab":{"__type__":"cc.PrefabInfo","root":{"__id__":1},"asset":{"__uuid__":"ffKBLY0DZEYJTzvV8PUPBW"},"fileId":"a3cc941B9FMhrjJAb9BQiEb"},"_color":{"__type__":"cc.Color","r":92,"g":129,"b":61},"_contentSize":{"__type__":"cc.Size","width":26,"height":40},"_trs":{"__type__":"TypedArray","ctor":"Float64Array","array":[70,58,0,0,0,0,1,1,1,1]}},{"__type__":"cc.Node","_name":"fu","_parent":{"__id__":3},"_components":[{"__type__":"cc.Label","node":{"__id__":5},"_useOriginalSize":false,"_string":"负","_N$string":"负","_fontSize":26,"_N$file":{"__uuid__":"5f5wQekV1CGpJW2meZozWn"},"_isSystemFontUsed":false,"_N$horizontalAlign":1,"_N$verticalAlign":1}],"_prefab":{"__type__":"cc.PrefabInfo","root":{"__id__":1},"asset":{"__uuid__":"ffKBLY0DZEYJTzvV8PUPBW"},"fileId":"d6cd69Pl8pK+qaNQLQrhD0R"},"_color":{"__type__":"cc.Color","r":92,"g":129,"b":61},"_contentSize":{"__type__":"cc.Size","width":26,"height":40},"_trs":{"__type__":"TypedArray","ctor":"Float64Array","array":[130,58,0,0,0,0,1,1,1,1]}},{"__type__":"cc.Node","_name":"ping ","_parent":{"__id__":3},"_components":[{"__type__":"cc.Label","node":{"__id__":6},"_useOriginalSize":false,"_string":"平","_N$string":"平","_fontSize":26,"_N$file":{"__uuid__":"5f5wQekV1CGpJW2meZozWn"},"_isSystemFontUsed":false,"_N$horizontalAlign":1,"_N$verticalAlign":1}],"_prefab":{"__type__":"cc.PrefabInfo","root":{"__id__":1},"asset":{"__uuid__":"ffKBLY0DZEYJTzvV8PUPBW"},"fileId":"ce519mDDVhGtYy2aFf1ZbHH"},"_color":{"__type__":"cc.Color","r":92,"g":129,"b":61},"_contentSize":{"__type__":"cc.Size","width":26,"height":40},"_trs":{"__type__":"TypedArray","ctor":"Float64Array","array":[190,58,0,0,0,0,1,1,1,1]}},{"__type__":"cc.Node","_name":"total","_parent":{"__id__":3},"_components":[{"__type__":"cc.Label","node":{"__id__":7},"_useOriginalSize":false,"_string":"总分数","_N$string":"总分数","_fontSize":26,"_N$file":{"__uuid__":"5f5wQekV1CGpJW2meZozWn"},"_isSystemFontUsed":false,"_N$horizontalAlign":1,"_N$verticalAlign":1}],"_prefab":{"__type__":"cc.PrefabInfo","root":{"__id__":1},"asset":{"__uuid__":"ffKBLY0DZEYJTzvV8PUPBW"},"fileId":"c8afepWZ55P/78trBpeaMja"},"_color":{"__type__":"cc.Color","r":92,"g":129,"b":61},"_contentSize":{"__type__":"cc.Size","width":78,"height":40},"_trs":{"__type__":"TypedArray","ctor":"Float64Array","array":[310,58,0,0,0,0,1,1,1,1]}},{"__type__":"cc.Node","_name":"user_info","_parent":{"__id__":1},"_children":[{"__id__":9},{"__id__":10},{"__type__":"cc.Node","_name":"idbg","_parent":{"__id__":8},"_prefab":{"__type__":"cc.PrefabInfo","root":{"__id__":1},"asset":{"__uuid__":"ffKBLY0DZEYJTzvV8PUPBW"},"fileId":"65d1dCMR2ZA84wa1anFMsgW"},"_contentSize":{"__type__":"cc.Size","width":24,"height":24},"_trs":{"__type__":"TypedArray","ctor":"Float64Array","array":[-12.5,27.2,0,0,0,0,1,1,1,1]}},{"__id__":11},{"__id__":12},{"__type__":"cc.Node","_name":"fangzhu","_parent":{"__id__":8},"_prefab":{"__type__":"cc.PrefabInfo","root":{"__id__":1},"asset":{"__uuid__":"ffKBLY0DZEYJTzvV8PUPBW"},"fileId":"50339Q5X6dJEoINCgQb70s1"},"_contentSize":{"__type__":"cc.Size","width":34,"height":35},"_trs":{"__type__":"TypedArray","ctor":"Float64Array","array":[-54,30,0,0,0,0,1,1,1,1]}}],"_prefab":{"__type__":"cc.PrefabInfo","root":{"__id__":1},"asset":{"__uuid__":"ffKBLY0DZEYJTzvV8PUPBW"},"fileId":"60fc6ddVh1C2ZYydEs9ph5v"},"_trs":{"__type__":"TypedArray","ctor":"Float64Array","array":[105,-47,0,0,0,0,1,1,1,1]}},{"__type__":"cc.Node","_name":"head_img","_parent":{"__id__":8},"_components":[{"__type__":"cc.Sprite","node":{"__id__":9},"_spriteFrame":{"__uuid__":"e6JNuRrHVFM4KYnmai3HR+"},"_sizeMode":0,"_isTrimmedMode":false},{"__type__":"f42b8ZzNWFKKI/QT/n8cR1+","node":{"__id__":9}}],"_prefab":{"__type__":"cc.PrefabInfo","root":{"__id__":1},"asset":{"__uuid__":"ffKBLY0DZEYJTzvV8PUPBW"},"fileId":"465aeU41FNFrIo6flTldjHp"},"_contentSize":{"__type__":"cc.Size","width":60,"height":60},"_trs":{"__type__":"TypedArray","ctor":"Float64Array","array":[-67,43,0,0,0,0,1,1,1,1]}},{"__type__":"cc.Node","_name":"lable_name","_parent":{"__id__":8},"_components":[{"__type__":"cc.Label","node":{"__id__":10},"_useOriginalSize":false,"_string":"丸子科丸丸","_N$string":"丸子科丸丸","_fontSize":20,"_lineHeight":20,"_N$file":{"__uuid__":"5f5wQekV1CGpJW2meZozWn"},"_isSystemFontUsed":false,"_N$verticalAlign":1,"_N$overflow":2}],"_prefab":{"__type__":"cc.PrefabInfo","root":{"__id__":1},"asset":{"__uuid__":"ffKBLY0DZEYJTzvV8PUPBW"},"fileId":"bf915XzQqpJa7A/i2tkf6jW"},"_color":{"__type__":"cc.Color","r":92,"g":129,"b":61},"_contentSize":{"__type__":"cc.Size","width":100,"height":20},"_trs":{"__type__":"TypedArray","ctor":"Float64Array","array":[57.6,58.4,0,0,0,0,1,1,1,1]}},{"__type__":"cc.Node","_name":"label_id","_parent":{"__id__":8},"_components":[{"__type__":"cc.Label","node":{"__id__":11},"_useOriginalSize":false,"_string":"142536","_N$string":"142536","_fontSize":20,"_lineHeight":20,"_N$file":{"__uuid__":"5f5wQekV1CGpJW2meZozWn"},"_isSystemFontUsed":false,"_N$horizontalAlign":1,"_N$verticalAlign":1,"_N$overflow":2}],"_prefab":{"__type__":"cc.PrefabInfo","root":{"__id__":1},"asset":{"__uuid__":"ffKBLY0DZEYJTzvV8PUPBW"},"fileId":"69ca40ED1dNMoy9Q39bLOGE"},"_color":{"__type__":"cc.Color","r":92,"g":129,"b":61},"_contentSize":{"__type__":"cc.Size","width":64.38,"height":20},"_trs":{"__type__":"TypedArray","ctor":"Float64Array","array":[37.5,27.2,0,0,0,0,1,1,1,1]}},{"__type__":"cc.Node","_name":"sex","_parent":{"__id__":8},"_components":[{"__type__":"cc.Sprite","node":{"__id__":12},"_spriteFrame":{"__uuid__":"622UiwhhNFa53CEHZMcq4q"},"_sizeMode":0}],"_prefab":{"__type__":"cc.PrefabInfo","root":{"__id__":1},"asset":{"__uuid__":"ffKBLY0DZEYJTzvV8PUPBW"},"fileId":"49139lysKhF+K6oPXhMawwP"},"_contentSize":{"__type__":"cc.Size","width":24,"height":24},"_trs":{"__type__":"TypedArray","ctor":"Float64Array","array":[-12.4,58.4,0,0,0,0,1,1,1,1]}},{"__type__":"cc.Node","_name":"lb_lose_num","_parent":{"__id__":1},"_components":[{"__type__":"cc.Label","node":{"__id__":13},"_useOriginalSize":false,"_string":"-10","_N$string":"-10","_fontSize":35,"_enableWrapText":false,"_N$file":{"__uuid__":"5f5wQekV1CGpJW2meZozWn"},"_isSystemFontUsed":false,"_N$horizontalAlign":1,"_N$verticalAlign":1,"_N$overflow":2}],"_prefab":{"__type__":"cc.PrefabInfo","root":{"__id__":1},"asset":{"__uuid__":"ffKBLY0DZEYJTzvV8PUPBW"},"fileId":"e53fdhkKRtFzpXkWiNmLec8"},"_contentSize":{"__type__":"cc.Size","width":80,"height":70},"_trs":{"__type__":"TypedArray","ctor":"Float64Array","array":[495,-2,0,0,0,0,1,1,1,1]}},{"__type__":"cc.Node","_name":"lb_win_num","_parent":{"__id__":1},"_components":[{"__type__":"cc.Label","node":{"__id__":14},"_useOriginalSize":false,"_string":"+10","_N$string":"+10","_fontSize":35,"_enableWrapText":false,"_N$file":{"__uuid__":"5f5wQekV1CGpJW2meZozWn"},"_isSystemFontUsed":false,"_N$horizontalAlign":1,"_N$verticalAlign":1,"_N$overflow":2}],"_prefab":{"__type__":"cc.PrefabInfo","root":{"__id__":1},"asset":{"__uuid__":"ffKBLY0DZEYJTzvV8PUPBW"},"fileId":"5fc948fKYhHIYVLXTvICPgy"},"_contentSize":{"__type__":"cc.Size","width":80,"height":70},"_trs":{"__type__":"TypedArray","ctor":"Float64Array","array":[495,4,0,0,0,0,1,1,1,1]}},{"__type__":"cc.Node","_name":"lb_win","_parent":{"__id__":1},"_components":[{"__type__":"cc.Label","node":{"__id__":15},"_useOriginalSize":false,"_string":"10","_N$string":"10","_fontSize":36,"_N$file":{"__uuid__":"5f5wQekV1CGpJW2meZozWn"},"_isSystemFontUsed":false,"_N$horizontalAlign":1,"_N$verticalAlign":1}],"_prefab":{"__type__":"cc.PrefabInfo","root":{"__id__":1},"asset":{"__uuid__":"ffKBLY0DZEYJTzvV8PUPBW"},"fileId":"40db8plYUNJ6KBSL1Pyy4oa"},"_color":{"__type__":"cc.Color","r":181,"g":104,"b":48},"_contentSize":{"__type__":"cc.Size","width":33.75,"height":40},"_trs":{"__type__":"TypedArray","ctor":"Float64Array","array":[258,-2,0,0,0,0,1,1,1,1]}},{"__type__":"cc.Node","_name":"lb_lose","_parent":{"__id__":1},"_components":[{"__type__":"cc.Label","node":{"__id__":16},"_useOriginalSize":false,"_string":"10","_N$string":"10","_fontSize":36,"_N$file":{"__uuid__":"5f5wQekV1CGpJW2meZozWn"},"_isSystemFontUsed":false,"_N$horizontalAlign":1,"_N$verticalAlign":1}],"_prefab":{"__type__":"cc.PrefabInfo","root":{"__id__":1},"asset":{"__uuid__":"ffKBLY0DZEYJTzvV8PUPBW"},"fileId":"0f2209LIR9P8q1ovkTf1/Pu"},"_color":{"__type__":"cc.Color","r":181,"g":104,"b":48},"_contentSize":{"__type__":"cc.Size","width":33.75,"height":40},"_trs":{"__type__":"TypedArray","ctor":"Float64Array","array":[318,-2,0,0,0,0,1,1,1,1]}},{"__type__":"cc.Node","_name":"lb_ping","_parent":{"__id__":1},"_components":[{"__type__":"cc.Label","node":{"__id__":17},"_useOriginalSize":false,"_string":"10","_N$string":"10","_fontSize":36,"_N$file":{"__uuid__":"5f5wQekV1CGpJW2meZozWn"},"_isSystemFontUsed":false,"_N$horizontalAlign":1,"_N$verticalAlign":1}],"_prefab":{"__type__":"cc.PrefabInfo","root":{"__id__":1},"asset":{"__uuid__":"ffKBLY0DZEYJTzvV8PUPBW"},"fileId":"df361q01GdLIrqg/7BL9e4C"},"_color":{"__type__":"cc.Color","r":181,"g":104,"b":48},"_contentSize":{"__type__":"cc.Size","width":33.75,"height":40},"_trs":{"__type__":"TypedArray","ctor":"Float64Array","array":[378,-2,0,0,0,0,1,1,1,1]}}]]