[{"__type__":"cc.SpriteFrame","content":{"name":"btn_short_gre","texture":"d9o0CDUqlMTYXbnDOrVFIp","rect":[0,0,223,80],"offset":[0,0],"originalSize":[223,80],"capInsets":[0,0,0,0]}},{"__type__":"cc.SpriteFrame","content":{"name":"btn_up01","texture":"c1HDP8I55Kb4JXk7D5OI8e","rect":[0,0,31,43],"offset":[0,0],"originalSize":[31,43],"capInsets":[0,0,0,0]}},{"__type__":"cc.SpriteFrame","content":{"name":"img_zn_bjl","texture":"9a8pTxBuZNYp/AjGo5Rxzd","rect":[0,0,17,18],"offset":[0,0],"originalSize":[17,18],"capInsets":[6,6,7,6]}},{"__type__":"cc.SpriteFrame","content":{"name":"img_text_input","texture":"88+/HUTYZJNIcxTTGvuYyT","rect":[0,0,50,53],"offset":[0,0],"originalSize":[50,53],"capInsets":[10,10,10,10]}},{"__type__":"cc.SpriteFrame","content":{"name":"img_zdown","texture":"f6w3j6F8lGArPsbAtWN43W","rect":[0,0,150,38],"offset":[0,0],"originalSize":[150,38],"capInsets":[20,0,20,0]}},{"__type__":"cc.SpriteFrame","content":{"name":"bg_bj01","texture":"397mId04JB67Cg2okLrmyZ","rect":[0,0,1560,720],"offset":[0,0],"originalSize":[1560,720],"capInsets":[0,0,0,0]}},[{"__type__":"cc.Prefab","_name":"UIRecordAllResult_klmj","data":{"__id__":1}},{"__type__":"cc.Node","_name":"UIRecordAllResult_klmj","_children":[{"__id__":2},{"__id__":3},{"__id__":5},{"__id__":7},{"__id__":8},{"__id__":13},{"__id__":15},{"__id__":17},{"__id__":19},{"__id__":21},{"__id__":22},{"__id__":27},{"__id__":66},{"__id__":74}],"_components":[{"__type__":"cc.Widget","node":{"__id__":1},"alignMode":0,"_alignFlags":45},{"__type__":"cc.Button","node":{"__id__":1},"_N$normalColor":{"__type__":"cc.Color","r":214,"g":214,"b":214},"_N$target":{"__id__":1}},{"__type__":"d300flR64pIXoljQlWaWe5R","node":{"__id__":1},"ZorderLv":8,"roomID":{"__id__":11},"jushu":{"__id__":9},"endTime":{"__id__":10},"MJPlayers":{"__id__":7},"page_search":{"__id__":82}}],"_prefab":{"__type__":"cc.PrefabInfo","root":{"__id__":1},"asset":{"__uuid__":"4dOhpQHJ9PmIXqfAnRpzFZ"},"fileId":"e1dpHoYHNCep3o8CVAVA8u"},"_contentSize":{"__type__":"cc.Size","width":1360,"height":760},"_trs":{"__type__":"TypedArray","ctor":"Float64Array","array":[680,380,0,0,0,0,1,1,1,1]}},{"__type__":"cc.Node","_name":"bg01","_parent":{"__id__":1},"_components":[{"__type__":"cc.Sprite","node":{"__id__":2},"_materials":[{"__uuid__":"ecpdLyjvZBwrvm+cedCcQy"}],"_spriteFrame":{"__uuid__":"44oMWTaclJBKkBYUGHW71y"},"_sizeMode":0}],"_prefab":{"__type__":"cc.PrefabInfo","root":{"__id__":1},"asset":{"__uuid__":"4dOhpQHJ9PmIXqfAnRpzFZ"},"fileId":"1eV8v2L39D5aBrcu7sLl6u"},"_contentSize":{"__type__":"cc.Size","width":1750,"height":800},"_trs":{"__type__":"TypedArray","ctor":"Float64Array","array":[0,0,0,0,0,0,1,1,1,1]}},{"__type__":"cc.Node","_name":"bg_title","_parent":{"__id__":1},"_children":[{"__id__":4}],"_components":[{"__type__":"cc.Sprite","node":{"__id__":3},"_materials":[{"__uuid__":"ecpdLyjvZBwrvm+cedCcQy"}],"_spriteFrame":{"__uuid__":"581jQF2pRDU42CVnbdrYra"}},{"__type__":"cc.Widget","node":{"__id__":3},"_alignFlags":1}],"_prefab":{"__type__":"cc.PrefabInfo","root":{"__id__":1},"asset":{"__uuid__":"4dOhpQHJ9PmIXqfAnRpzFZ"},"fileId":"5cUiWzs/dGXIzN8xjys1Px"},"_contentSize":{"__type__":"cc.Size","width":411,"height":82},"_trs":{"__type__":"TypedArray","ctor":"Float64Array","array":[0,339,0,0,0,0,1,1,1,1]}},{"__type__":"cc.Node","_name":"title_result","_parent":{"__id__":3},"_components":[{"__type__":"cc.Label","node":{"__id__":4},"_materials":[{"__uuid__":"ecpdLyjvZBwrvm+cedCcQy"}],"_string":"更多-战绩","_N$string":"更多-战绩","_fontSize":1,"_lineHeight":1,"_N$file":{"__uuid__":"dfQWsosahDfbsfQh+M8v0l"},"_isSystemFontUsed":false}],"_prefab":{"__type__":"cc.PrefabInfo","root":{"__id__":1},"asset":{"__uuid__":"4dOhpQHJ9PmIXqfAnRpzFZ"},"fileId":"efBgIf2y5BOItpwASyTAM1"},"_contentSize":{"__type__":"cc.Size","width":245,"height":1},"_trs":{"__type__":"TypedArray","ctor":"Float64Array","array":[0,26,0,0,0,0,1,1,1,1]}},{"__type__":"cc.Node","_name":"bg","_parent":{"__id__":1},"_children":[{"__id__":6}],"_components":[{"__type__":"cc.Sprite","node":{"__id__":5},"_materials":[{"__uuid__":"ecpdLyjvZBwrvm+cedCcQy"}],"_spriteFrame":{"__uuid__":"597IyX5elD6q5v1Quk5lUg"},"_type":1}],"_prefab":{"__type__":"cc.PrefabInfo","root":{"__id__":1},"asset":{"__uuid__":"4dOhpQHJ9PmIXqfAnRpzFZ"},"fileId":"e53CCMRG5M1JaZ6UXGPKSp"},"_contentSize":{"__type__":"cc.Size","width":1306,"height":667},"_trs":{"__type__":"TypedArray","ctor":"Float64Array","array":[0,-46,0,0,0,0,1,1,1,1]}},{"__type__":"cc.Node","_name":"New Sprite","_parent":{"__id__":5},"_components":[{"__type__":"cc.Sprite","node":{"__id__":6},"_materials":[{"__uuid__":"ecpdLyjvZBwrvm+cedCcQy"}],"_spriteFrame":{"__uuid__":"34IEh+IqZASofzzo7zwiB7"},"_type":1,"_sizeMode":0}],"_prefab":{"__type__":"cc.PrefabInfo","root":{"__id__":1},"asset":{"__uuid__":"4dOhpQHJ9PmIXqfAnRpzFZ"},"fileId":"a0CppRfXFDkbC5M4imyBEz"},"_contentSize":{"__type__":"cc.Size","width":975,"height":38},"_trs":{"__type__":"TypedArray","ctor":"Float64Array","array":[0,280,0,0,0,0,1,1,1,1]}},{"__type__":"cc.Node","_name":"MJPlayers","_parent":{"__id__":1},"_components":[{"__type__":"cc.Layout","node":{"__id__":7},"_layoutSize":{"__type__":"cc.Size","width":1280,"height":295},"_resize":1,"_N$layoutType":2,"_N$spacingY":5}],"_prefab":{"__type__":"cc.PrefabInfo","root":{"__id__":1},"asset":{"__uuid__":"4dOhpQHJ9PmIXqfAnRpzFZ"},"fileId":"1a/XLHzQdBwLsBOXJ/rgzJ"},"_contentSize":{"__type__":"cc.Size","width":1280,"height":295},"_anchorPoint":{"__type__":"cc.Vec2","x":0.5,"y":1},"_trs":{"__type__":"TypedArray","ctor":"Float64Array","array":[0,196,0,0,0,0,1,1,1,1]}},{"__type__":"cc.Node","_name":"room_info","_parent":{"__id__":1},"_children":[{"__id__":9},{"__id__":10},{"__id__":11},{"__id__":12}],"_prefab":{"__type__":"cc.PrefabInfo","root":{"__id__":1},"asset":{"__uuid__":"4dOhpQHJ9PmIXqfAnRpzFZ"},"fileId":"f7bxDajfNA1aOy47ljbBh0"},"_trs":{"__type__":"TypedArray","ctor":"Float64Array","array":[0,33,0,0,0,0,1,1,1,1]}},{"__type__":"cc.Node","_name":"jushu","_parent":{"__id__":8},"_components":[{"__type__":"cc.Label","node":{"__id__":9},"_materials":[{"__uuid__":"ecpdLyjvZBwrvm+cedCcQy"}],"_useOriginalSize":false,"_string":"局数:8","_N$string":"局数:8","_fontSize":30,"_N$file":{"__uuid__":"5f5wQekV1CGpJW2meZozWn"},"_isSystemFontUsed":false,"_N$verticalAlign":1}],"_prefab":{"__type__":"cc.PrefabInfo","root":{"__id__":1},"asset":{"__uuid__":"4dOhpQHJ9PmIXqfAnRpzFZ"},"fileId":"6cj5Jw5tdH97gDARJFLmY8"},"_color":{"__type__":"cc.Color","r":253,"g":249,"b":213},"_contentSize":{"__type__":"cc.Size","width":85.08,"height":50.4},"_anchorPoint":{"__type__":"cc.Vec2","y":0.5},"_trs":{"__type__":"TypedArray","ctor":"Float64Array","array":[-456.817,200,0,0,0,0,1,1,1,1]}},{"__type__":"cc.Node","_name":"endTime","_parent":{"__id__":8},"_components":[{"__type__":"cc.Label","node":{"__id__":10},"_materials":[{"__uuid__":"ecpdLyjvZBwrvm+cedCcQy"}],"_useOriginalSize":false,"_string":"2017-5-30 15:30","_N$string":"2017-5-30 15:30","_fontSize":30,"_N$file":{"__uuid__":"5f5wQekV1CGpJW2meZozWn"},"_isSystemFontUsed":false,"_N$horizontalAlign":1,"_N$verticalAlign":1}],"_prefab":{"__type__":"cc.PrefabInfo","root":{"__id__":1},"asset":{"__uuid__":"4dOhpQHJ9PmIXqfAnRpzFZ"},"fileId":"6eny88lrhJvLqSadzHXbNF"},"_color":{"__type__":"cc.Color","r":253,"g":249,"b":213},"_contentSize":{"__type__":"cc.Size","width":226.76,"height":50.4},"_trs":{"__type__":"TypedArray","ctor":"Float64Array","array":[85,200,0,0,0,0,1,1,1,1]}},{"__type__":"cc.Node","_name":"roomID","_parent":{"__id__":8},"_active":false,"_components":[{"__type__":"cc.Label","node":{"__id__":11},"_useOriginalSize":false,"_string":"房间号:123456","_N$string":"房间号:123456","_fontSize":30,"_N$file":{"__uuid__":"5f5wQekV1CGpJW2meZozWn"},"_isSystemFontUsed":false,"_N$horizontalAlign":1,"_N$verticalAlign":1}],"_prefab":{"__type__":"cc.PrefabInfo","root":{"__id__":1},"asset":{"__uuid__":"4dOhpQHJ9PmIXqfAnRpzFZ"},"fileId":"0eWxzHOl5MlIwWFp0tPBEV"},"_color":{"__type__":"cc.Color","r":253,"g":249,"b":213},"_contentSize":{"__type__":"cc.Size","width":194.53,"height":40},"_trs":{"__type__":"TypedArray","ctor":"Float64Array","array":[-336.8,200,0,0,0,0,1,1,1,1]}},{"__type__":"cc.Node","_name":"backCode","_parent":{"__id__":8},"_components":[{"__type__":"cc.Label","node":{"__id__":12},"_materials":[{"__uuid__":"ecpdLyjvZBwrvm+cedCcQy"}],"_useOriginalSize":false,"_string":"回放码:1234567","_N$string":"回放码:1234567","_fontSize":30,"_N$file":{"__uuid__":"5f5wQekV1CGpJW2meZozWn"},"_isSystemFontUsed":false,"_N$horizontalAlign":1,"_N$verticalAlign":1}],"_prefab":{"__type__":"cc.PrefabInfo","root":{"__id__":1},"asset":{"__uuid__":"4dOhpQHJ9PmIXqfAnRpzFZ"},"fileId":"72WrtSfJRK2ooFh7ijXAxI"},"_color":{"__type__":"cc.Color","r":253,"g":249,"b":213},"_contentSize":{"__type__":"cc.Size","width":210.59,"height":50.4},"_trs":{"__type__":"TypedArray","ctor":"Float64Array","array":[344,200,0,0,0,0,1,1,1,1]}},{"__type__":"cc.Node","_name":"btn_share","_parent":{"__id__":1},"_children":[{"__id__":14}],"_components":[{"__type__":"cc.Sprite","node":{"__id__":13},"_materials":[{"__uuid__":"ecpdLyjvZBwrvm+cedCcQy"}],"_spriteFrame":{"__uuid__":"02TJxpH5VJ9oqIH3281Z3Y"},"_sizeMode":0},{"__type__":"cc.Button","node":{"__id__":13},"clickEvents":[{"__type__":"cc.ClickEvent","target":{"__id__":1},"_componentId":"d300flR64pIXoljQlWaWe5R","handler":"OnClick_BtnWnd"}],"_N$transition":3,"transition":3,"_N$normalColor":{"__type__":"cc.Color","r":214,"g":214,"b":214},"_N$target":{"__id__":13}}],"_prefab":{"__type__":"cc.PrefabInfo","root":{"__id__":1},"asset":{"__uuid__":"4dOhpQHJ9PmIXqfAnRpzFZ"},"fileId":"b9gI+gtaJKOKbpEm5DnWxN"},"_contentSize":{"__type__":"cc.Size","width":250,"height":80},"_trs":{"__type__":"TypedArray","ctor":"Float64Array","array":[-201.424,-305,0,0,0,0,1,1,1,1]}},{"__type__":"cc.Node","_name":"lb_share","_parent":{"__id__":13},"_components":[{"__type__":"cc.Label","node":{"__id__":14},"_materials":[{"__uuid__":"ecpdLyjvZBwrvm+cedCcQy"}],"_useOriginalSize":false,"_string":"分 享","_N$string":"分 享","_lineHeight":45,"_N$file":{"__uuid__":"5f5wQekV1CGpJW2meZozWn"},"_isSystemFontUsed":false,"_N$horizontalAlign":1,"_N$verticalAlign":1},{"__type__":"cc.LabelOutline","node":{"__id__":14},"_color":{"__type__":"cc.Color","g":72,"b":7},"_width":2}],"_prefab":{"__type__":"cc.PrefabInfo","root":{"__id__":1},"asset":{"__uuid__":"4dOhpQHJ9PmIXqfAnRpzFZ"},"fileId":"d7UFhZth5Ax6eHC2V8PuKK"},"_contentSize":{"__type__":"cc.Size","width":94.63,"height":60.7},"_trs":{"__type__":"TypedArray","ctor":"Float64Array","array":[0,5,0,0,0,0,1,1,1,1]}},{"__type__":"cc.Node","_name":"btn_replay","_parent":{"__id__":1},"_children":[{"__id__":16}],"_components":[{"__type__":"cc.Sprite","node":{"__id__":15},"_materials":[{"__uuid__":"ecpdLyjvZBwrvm+cedCcQy"}],"_spriteFrame":{"__uuid__":"4dfZzLdPxMHIH8HzdecOfs"}},{"__type__":"cc.Button","node":{"__id__":15},"clickEvents":[{"__type__":"cc.ClickEvent","target":{"__id__":1},"_componentId":"d300flR64pIXoljQlWaWe5R","handler":"OnClick_BtnWnd"}],"_N$transition":3,"transition":3,"_N$normalColor":{"__type__":"cc.Color","r":214,"g":214,"b":214},"_N$target":{"__id__":15}}],"_prefab":{"__type__":"cc.PrefabInfo","root":{"__id__":1},"asset":{"__uuid__":"4dOhpQHJ9PmIXqfAnRpzFZ"},"fileId":"d3d5P+Aw5HJZbbPI13o3s/"},"_contentSize":{"__type__":"cc.Size","width":128,"height":49},"_trs":{"__type__":"TypedArray","ctor":"Float64Array","array":[561.1,231,0,0,0,0,1,1,1,1]}},{"__type__":"cc.Node","_name":"lb_replay","_parent":{"__id__":15},"_components":[{"__type__":"cc.Label","node":{"__id__":16},"_materials":[{"__uuid__":"ecpdLyjvZBwrvm+cedCcQy"}],"_useOriginalSize":false,"_string":"查看回放","_N$string":"查看回放","_fontSize":26,"_lineHeight":30,"_N$file":{"__uuid__":"5f5wQekV1CGpJW2meZozWn"},"_isSystemFontUsed":false,"_N$horizontalAlign":1,"_N$verticalAlign":1},{"__type__":"cc.LabelOutline","node":{"__id__":16},"_color":{"__type__":"cc.Color","g":72,"b":7}}],"_prefab":{"__type__":"cc.PrefabInfo","root":{"__id__":1},"asset":{"__uuid__":"4dOhpQHJ9PmIXqfAnRpzFZ"},"fileId":"cavJ5UJOpF4LWpip9x819G"},"_contentSize":{"__type__":"cc.Size","width":106,"height":39.8},"_trs":{"__type__":"TypedArray","ctor":"Float64Array","array":[0,1.7,0,0,0,0,1,1,1,1]}},{"__type__":"cc.Node","_name":"btn_last","_parent":{"__id__":1},"_children":[{"__id__":18}],"_components":[{"__type__":"cc.Button","node":{"__id__":17},"clickEvents":[{"__type__":"cc.ClickEvent","target":{"__id__":1},"_componentId":"d300flR64pIXoljQlWaWe5R","handler":"OnClick_BtnWnd"}],"_N$transition":3,"transition":3,"_N$normalColor":{"__type__":"cc.Color","r":214,"g":214,"b":214},"_N$target":{"__id__":17}}],"_prefab":{"__type__":"cc.PrefabInfo","root":{"__id__":1},"asset":{"__uuid__":"4dOhpQHJ9PmIXqfAnRpzFZ"},"fileId":"9729ONVYdAO7NuEkKjSGEN"},"_contentSize":{"__type__":"cc.Size","width":60,"height":60},"_trs":{"__type__":"TypedArray","ctor":"Float64Array","array":[-37.611,-305,0,0,0,0,1,1,1,1]}},{"__type__":"cc.Node","_name":"New Sprite","_parent":{"__id__":17},"_components":[{"__type__":"cc.Sprite","node":{"__id__":18},"_materials":[{"__uuid__":"ecpdLyjvZBwrvm+cedCcQy"}],"_spriteFrame":{"__uuid__":"05UnV1p3xA17mLF3BUeiWa"}}],"_prefab":{"__type__":"cc.PrefabInfo","root":{"__id__":1},"asset":{"__uuid__":"4dOhpQHJ9PmIXqfAnRpzFZ"},"fileId":"f7C2U1Nj1M9a2FxvJB5JpZ"},"_contentSize":{"__type__":"cc.Size","width":31,"height":43},"_trs":{"__type__":"TypedArray","ctor":"Float64Array","array":[0,0,0,0,0,0,1,1,1,1]}},{"__type__":"cc.Node","_name":"btn_next","_parent":{"__id__":1},"_children":[{"__id__":20}],"_components":[{"__type__":"cc.Button","node":{"__id__":19},"clickEvents":[{"__type__":"cc.ClickEvent","target":{"__id__":1},"_componentId":"d300flR64pIXoljQlWaWe5R","handler":"OnClick_BtnWnd"}],"_N$transition":3,"transition":3,"_N$normalColor":{"__type__":"cc.Color","r":214,"g":214,"b":214},"_N$target":{"__id__":19}}],"_prefab":{"__type__":"cc.PrefabInfo","root":{"__id__":1},"asset":{"__uuid__":"4dOhpQHJ9PmIXqfAnRpzFZ"},"fileId":"678fVYlxVP8Y5XQSUKtfVg"},"_contentSize":{"__type__":"cc.Size","width":60,"height":60},"_trs":{"__type__":"TypedArray","ctor":"Float64Array","array":[215.389,-305,0,0,0,0,1,-1,-1,1]}},{"__type__":"cc.Node","_name":"New Sprite","_parent":{"__id__":19},"_components":[{"__type__":"cc.Sprite","node":{"__id__":20},"_materials":[{"__uuid__":"ecpdLyjvZBwrvm+cedCcQy"}],"_spriteFrame":{"__uuid__":"05UnV1p3xA17mLF3BUeiWa"}}],"_prefab":{"__type__":"cc.PrefabInfo","root":{"__id__":1},"asset":{"__uuid__":"4dOhpQHJ9PmIXqfAnRpzFZ"},"fileId":"c2zMKbcpJKxo2jSGfakuj7"},"_contentSize":{"__type__":"cc.Size","width":31,"height":43},"_trs":{"__type__":"TypedArray","ctor":"Float64Array","array":[0,0,0,0,0,0,1,1,1,1]}},{"__type__":"cc.Node","_name":"btn_search","_parent":{"__id__":1},"_components":[{"__type__":"cc.Sprite","node":{"__id__":21},"_materials":[{"__uuid__":"ecpdLyjvZBwrvm+cedCcQy"}],"_spriteFrame":{"__uuid__":"b3iUxGEs1J9J8SbFp1xH33"}},{"__type__":"cc.Button","node":{"__id__":21},"clickEvents":[{"__type__":"cc.ClickEvent","target":{"__id__":1},"_componentId":"d300flR64pIXoljQlWaWe5R","handler":"OnClick_BtnWnd"}],"_N$transition":3,"transition":3,"_N$normalColor":{"__type__":"cc.Color","r":214,"g":214,"b":214},"_N$target":{"__id__":21}}],"_prefab":{"__type__":"cc.PrefabInfo","root":{"__id__":1},"asset":{"__uuid__":"4dOhpQHJ9PmIXqfAnRpzFZ"},"fileId":"2eiFnk8uRMJqitiKi08eoa"},"_contentSize":{"__type__":"cc.Size","width":122,"height":59},"_trs":{"__type__":"TypedArray","ctor":"Float64Array","array":[541,-305,0,0,0,0,1,1,1,1]}},{"__type__":"cc.Node","_name":"jinNode","_parent":{"__id__":1},"_children":[{"__id__":23},{"__id__":25}],"_prefab":{"__type__":"cc.PrefabInfo","root":{"__id__":1},"asset":{"__uuid__":"4dOhpQHJ9PmIXqfAnRpzFZ"},"fileId":"72DEl8b99LG4k3yDNG4aIU"},"_trs":{"__type__":"TypedArray","ctor":"Float64Array","array":[-568.919,223.412,0,0,0,0,1,1,1,1]}},{"__type__":"cc.Node","_name":"jin1","_parent":{"__id__":22},"_children":[{"__id__":24}],"_active":false,"_components":[{"__type__":"cc.Sprite","node":{"__id__":23},"_materials":[{"__uuid__":"ecpdLyjvZBwrvm+cedCcQy"}]}],"_prefab":{"__type__":"cc.PrefabInfo","root":{"__id__":1},"asset":{"__uuid__":"4dOhpQHJ9PmIXqfAnRpzFZ"},"fileId":"56w/5BIxdNWL/LERgclKa5"},"_contentSize":{"__type__":"cc.Size","width":47,"height":76},"_trs":{"__type__":"TypedArray","ctor":"Float64Array","array":[-30,2,0,0,0,0,1,1,1,1]}},{"__type__":"cc.Node","_name":"da","_parent":{"__id__":23},"_components":[{"__type__":"cc.Sprite","node":{"__id__":24},"_materials":[{"__uuid__":"ecpdLyjvZBwrvm+cedCcQy"}],"_spriteFrame":{"__uuid__":"b15VFPHC9CcKIsHZcfRD8w"}}],"_prefab":{"__type__":"cc.PrefabInfo","root":{"__id__":1},"asset":{"__uuid__":"4dOhpQHJ9PmIXqfAnRpzFZ"},"fileId":"7dykhZ5ZBGDLM/IyQFENTO"},"_contentSize":{"__type__":"cc.Size","width":47,"height":47},"_trs":{"__type__":"TypedArray","ctor":"Float64Array","array":[-13,25,0,0,0,0,1,0.5,0.5,1]}},{"__type__":"cc.Node","_name":"jin2","_parent":{"__id__":22},"_children":[{"__id__":26}],"_active":false,"_components":[{"__type__":"cc.Sprite","node":{"__id__":25},"_materials":[{"__uuid__":"ecpdLyjvZBwrvm+cedCcQy"}]}],"_prefab":{"__type__":"cc.PrefabInfo","root":{"__id__":1},"asset":{"__uuid__":"4dOhpQHJ9PmIXqfAnRpzFZ"},"fileId":"1dm5xavqxDPoXBTmyf6ab2"},"_contentSize":{"__type__":"cc.Size","width":47,"height":76},"_trs":{"__type__":"TypedArray","ctor":"Float64Array","array":[30,2,0,0,0,0,1,1,1,1]}},{"__type__":"cc.Node","_name":"da","_parent":{"__id__":25},"_components":[{"__type__":"cc.Sprite","node":{"__id__":26},"_materials":[{"__uuid__":"ecpdLyjvZBwrvm+cedCcQy"}],"_spriteFrame":{"__uuid__":"b15VFPHC9CcKIsHZcfRD8w"}}],"_prefab":{"__type__":"cc.PrefabInfo","root":{"__id__":1},"asset":{"__uuid__":"4dOhpQHJ9PmIXqfAnRpzFZ"},"fileId":"6bi4qv14lLPpgdGn+HYoaJ"},"_contentSize":{"__type__":"cc.Size","width":47,"height":47},"_trs":{"__type__":"TypedArray","ctor":"Float64Array","array":[-13,25,0,0,0,0,1,0.5,0.5,1]}},{"__type__":"cc.Node","_name":"mapai","_parent":{"__id__":1},"_children":[{"__id__":28},{"__id__":47}],"_components":[{"__type__":"cc.Layout","node":{"__id__":27},"_layoutSize":{"__type__":"cc.Size","width":300,"height":128},"_resize":1,"_N$layoutType":2,"_N$spacingY":-20}],"_prefab":{"__type__":"cc.PrefabInfo","root":{"__id__":1},"asset":{"__uuid__":"4dOhpQHJ9PmIXqfAnRpzFZ"},"fileId":"c0oZ5trHxNo7EDRyMiiCcZ"},"_contentSize":{"__type__":"cc.Size","width":300,"height":128},"_anchorPoint":{"__type__":"cc.Vec2","y":0.5},"_trs":{"__type__":"TypedArray","ctor":"Float64Array","array":[-620,-300,0,0,0,0,1,1,1,1]}},{"__type__":"cc.Node","_name":"bg_maima","_parent":{"__id__":27},"_children":[{"__id__":29},{"__id__":30}],"_components":[{"__type__":"cc.Sprite","node":{"__id__":28},"_materials":[{"__uuid__":"ecpdLyjvZBwrvm+cedCcQy"}],"_spriteFrame":{"__uuid__":"18avrKRQBNqoclwj5iFgq7"},"_type":1,"_sizeMode":0},{"__type__":"cc.Layout","node":{"__id__":28},"_layoutSize":{"__type__":"cc.Size","width":370.2,"height":74},"_resize":1,"_N$layoutType":1,"_N$paddingLeft":8,"_N$paddingRight":8,"_N$spacingX":15,"_N$affectedByScale":true}],"_prefab":{"__type__":"cc.PrefabInfo","root":{"__id__":1},"asset":{"__uuid__":"4dOhpQHJ9PmIXqfAnRpzFZ"},"fileId":"5c7fkmUX1JQr+XLAKyaDo+"},"_contentSize":{"__type__":"cc.Size","width":370.2,"height":74},"_anchorPoint":{"__type__":"cc.Vec2","y":0.5},"_trs":{"__type__":"TypedArray","ctor":"Float64Array","array":[0,27,0,0,0,0,1,0.6,0.6,1]}},{"__type__":"cc.Node","_name":"tip_niaopai","_parent":{"__id__":28},"_components":[{"__type__":"cc.Label","node":{"__id__":29},"_materials":[{"__uuid__":"ecpdLyjvZBwrvm+cedCcQy"}],"_useOriginalSize":false,"_string":"买马","_N$string":"买马","_fontSize":22,"_lineHeight":26,"_N$file":{"__uuid__":"5f5wQekV1CGpJW2meZozWn"},"_isSystemFontUsed":false,"_N$horizontalAlign":1,"_N$verticalAlign":1}],"_prefab":{"__type__":"cc.PrefabInfo","root":{"__id__":1},"asset":{"__uuid__":"4dOhpQHJ9PmIXqfAnRpzFZ"},"fileId":"31pPj38jRMOY9zVHlQuhq6"},"_color":{"__type__":"cc.Color","r":202,"g":52,"b":12},"_contentSize":{"__type__":"cc.Size","width":44,"height":32.76},"_trs":{"__type__":"TypedArray","ctor":"Float64Array","array":[30,0,0,0,0,0,1,1,1,1]}},{"__type__":"cc.Node","_name":"niaopai","_parent":{"__id__":28},"_children":[{"__id__":31},{"__id__":33},{"__id__":35},{"__id__":37},{"__id__":39},{"__id__":41},{"__id__":43},{"__id__":45}],"_components":[{"__type__":"cc.Layout","node":{"__id__":30},"_layoutSize":{"__type__":"cc.Size","width":369,"height":76},"_resize":1,"_N$layoutType":1,"_N$spacingX":-1}],"_prefab":{"__type__":"cc.PrefabInfo","root":{"__id__":1},"asset":{"__uuid__":"4dOhpQHJ9PmIXqfAnRpzFZ"},"fileId":"5aAeYCAeZC3LoAuAvXeDNi"},"_contentSize":{"__type__":"cc.Size","width":369,"height":76},"_anchorPoint":{"__type__":"cc.Vec2","y":0.5},"_trs":{"__type__":"TypedArray","ctor":"Float64Array","array":[67,-3,0,0,0,0,1,0.8,0.8,1]}},{"__type__":"cc.Node","_name":"card1","_parent":{"__id__":30},"_children":[{"__id__":32}],"_components":[{"__type__":"cc.Sprite","node":{"__id__":31},"_materials":[{"__uuid__":"ecpdLyjvZBwrvm+cedCcQy"}]}],"_prefab":{"__type__":"cc.PrefabInfo","root":{"__id__":1},"asset":{"__uuid__":"4dOhpQHJ9PmIXqfAnRpzFZ"},"fileId":"2atossHKVIkoBysjkjuYZi"},"_contentSize":{"__type__":"cc.Size","width":47,"height":76},"_trs":{"__type__":"TypedArray","ctor":"Float64Array","array":[23.5,2,0,0,0,0,1,1,1,1]}},{"__type__":"cc.Node","_name":"da","_parent":{"__id__":31},"_active":false,"_components":[{"__type__":"cc.Sprite","node":{"__id__":32},"_materials":[{"__uuid__":"ecpdLyjvZBwrvm+cedCcQy"}],"_spriteFrame":{"__uuid__":"b15VFPHC9CcKIsHZcfRD8w"}}],"_prefab":{"__type__":"cc.PrefabInfo","root":{"__id__":1},"asset":{"__uuid__":"4dOhpQHJ9PmIXqfAnRpzFZ"},"fileId":"f7CR2hjx5N46R9ShKty7SK"},"_contentSize":{"__type__":"cc.Size","width":47,"height":47},"_trs":{"__type__":"TypedArray","ctor":"Float64Array","array":[-13,25,0,0,0,0,1,0.5,0.5,1]}},{"__type__":"cc.Node","_name":"card2","_parent":{"__id__":30},"_children":[{"__id__":34}],"_components":[{"__type__":"cc.Sprite","node":{"__id__":33},"_materials":[{"__uuid__":"ecpdLyjvZBwrvm+cedCcQy"}]}],"_prefab":{"__type__":"cc.PrefabInfo","root":{"__id__":1},"asset":{"__uuid__":"4dOhpQHJ9PmIXqfAnRpzFZ"},"fileId":"acIBTsGvxNtpavZTMSkmce"},"_contentSize":{"__type__":"cc.Size","width":47,"height":76},"_trs":{"__type__":"TypedArray","ctor":"Float64Array","array":[69.5,2,0,0,0,0,1,1,1,1]}},{"__type__":"cc.Node","_name":"da","_parent":{"__id__":33},"_active":false,"_components":[{"__type__":"cc.Sprite","node":{"__id__":34},"_materials":[{"__uuid__":"ecpdLyjvZBwrvm+cedCcQy"}],"_spriteFrame":{"__uuid__":"b15VFPHC9CcKIsHZcfRD8w"}}],"_prefab":{"__type__":"cc.PrefabInfo","root":{"__id__":1},"asset":{"__uuid__":"4dOhpQHJ9PmIXqfAnRpzFZ"},"fileId":"1cR6Hu7KhGKLk/xc8N7a1N"},"_contentSize":{"__type__":"cc.Size","width":47,"height":47},"_trs":{"__type__":"TypedArray","ctor":"Float64Array","array":[-13,25,0,0,0,0,1,0.5,0.5,1]}},{"__type__":"cc.Node","_name":"card3","_parent":{"__id__":30},"_children":[{"__id__":36}],"_components":[{"__type__":"cc.Sprite","node":{"__id__":35},"_materials":[{"__uuid__":"ecpdLyjvZBwrvm+cedCcQy"}]}],"_prefab":{"__type__":"cc.PrefabInfo","root":{"__id__":1},"asset":{"__uuid__":"4dOhpQHJ9PmIXqfAnRpzFZ"},"fileId":"68Q40a1vJBobkD9UodQogN"},"_contentSize":{"__type__":"cc.Size","width":47,"height":76},"_trs":{"__type__":"TypedArray","ctor":"Float64Array","array":[115.5,2,0,0,0,0,1,1,1,1]}},{"__type__":"cc.Node","_name":"da","_parent":{"__id__":35},"_active":false,"_components":[{"__type__":"cc.Sprite","node":{"__id__":36},"_materials":[{"__uuid__":"ecpdLyjvZBwrvm+cedCcQy"}],"_spriteFrame":{"__uuid__":"b15VFPHC9CcKIsHZcfRD8w"}}],"_prefab":{"__type__":"cc.PrefabInfo","root":{"__id__":1},"asset":{"__uuid__":"4dOhpQHJ9PmIXqfAnRpzFZ"},"fileId":"ddZJ34hONAeKet2FkIG3RP"},"_contentSize":{"__type__":"cc.Size","width":47,"height":47},"_trs":{"__type__":"TypedArray","ctor":"Float64Array","array":[-13,25,0,0,0,0,1,0.5,0.5,1]}},{"__type__":"cc.Node","_name":"card4","_parent":{"__id__":30},"_children":[{"__id__":38}],"_components":[{"__type__":"cc.Sprite","node":{"__id__":37},"_materials":[{"__uuid__":"ecpdLyjvZBwrvm+cedCcQy"}]}],"_prefab":{"__type__":"cc.PrefabInfo","root":{"__id__":1},"asset":{"__uuid__":"4dOhpQHJ9PmIXqfAnRpzFZ"},"fileId":"f2836SZctNob0pSrSmlv7b"},"_contentSize":{"__type__":"cc.Size","width":47,"height":76},"_trs":{"__type__":"TypedArray","ctor":"Float64Array","array":[161.5,2,0,0,0,0,1,1,1,1]}},{"__type__":"cc.Node","_name":"da","_parent":{"__id__":37},"_active":false,"_components":[{"__type__":"cc.Sprite","node":{"__id__":38},"_materials":[{"__uuid__":"ecpdLyjvZBwrvm+cedCcQy"}],"_spriteFrame":{"__uuid__":"b15VFPHC9CcKIsHZcfRD8w"}}],"_prefab":{"__type__":"cc.PrefabInfo","root":{"__id__":1},"asset":{"__uuid__":"4dOhpQHJ9PmIXqfAnRpzFZ"},"fileId":"f8GvRN0rJBTrkBPR4CirHc"},"_contentSize":{"__type__":"cc.Size","width":47,"height":47},"_trs":{"__type__":"TypedArray","ctor":"Float64Array","array":[-13,25,0,0,0,0,1,0.5,0.5,1]}},{"__type__":"cc.Node","_name":"card5","_parent":{"__id__":30},"_children":[{"__id__":40}],"_components":[{"__type__":"cc.Sprite","node":{"__id__":39},"_materials":[{"__uuid__":"ecpdLyjvZBwrvm+cedCcQy"}]}],"_prefab":{"__type__":"cc.PrefabInfo","root":{"__id__":1},"asset":{"__uuid__":"4dOhpQHJ9PmIXqfAnRpzFZ"},"fileId":"7cP65uS2RN3oZJaa7giaKW"},"_contentSize":{"__type__":"cc.Size","width":47,"height":76},"_trs":{"__type__":"TypedArray","ctor":"Float64Array","array":[207.5,2,0,0,0,0,1,1,1,1]}},{"__type__":"cc.Node","_name":"da","_parent":{"__id__":39},"_active":false,"_components":[{"__type__":"cc.Sprite","node":{"__id__":40},"_materials":[{"__uuid__":"ecpdLyjvZBwrvm+cedCcQy"}],"_spriteFrame":{"__uuid__":"b15VFPHC9CcKIsHZcfRD8w"}}],"_prefab":{"__type__":"cc.PrefabInfo","root":{"__id__":1},"asset":{"__uuid__":"4dOhpQHJ9PmIXqfAnRpzFZ"},"fileId":"32ufsS6GNP6byTrOSs8sLk"},"_contentSize":{"__type__":"cc.Size","width":47,"height":47},"_trs":{"__type__":"TypedArray","ctor":"Float64Array","array":[-13,25,0,0,0,0,1,0.5,0.5,1]}},{"__type__":"cc.Node","_name":"card6","_parent":{"__id__":30},"_children":[{"__id__":42}],"_components":[{"__type__":"cc.Sprite","node":{"__id__":41},"_materials":[{"__uuid__":"ecpdLyjvZBwrvm+cedCcQy"}]}],"_prefab":{"__type__":"cc.PrefabInfo","root":{"__id__":1},"asset":{"__uuid__":"4dOhpQHJ9PmIXqfAnRpzFZ"},"fileId":"43xJDXcpNH7p1kmKqv4cIz"},"_contentSize":{"__type__":"cc.Size","width":47,"height":76},"_trs":{"__type__":"TypedArray","ctor":"Float64Array","array":[253.5,2,0,0,0,0,1,1,1,1]}},{"__type__":"cc.Node","_name":"da","_parent":{"__id__":41},"_active":false,"_components":[{"__type__":"cc.Sprite","node":{"__id__":42},"_materials":[{"__uuid__":"ecpdLyjvZBwrvm+cedCcQy"}],"_spriteFrame":{"__uuid__":"b15VFPHC9CcKIsHZcfRD8w"}}],"_prefab":{"__type__":"cc.PrefabInfo","root":{"__id__":1},"asset":{"__uuid__":"4dOhpQHJ9PmIXqfAnRpzFZ"},"fileId":"2bLy9E0WVNo7wmO8GVmYcR"},"_contentSize":{"__type__":"cc.Size","width":47,"height":47},"_trs":{"__type__":"TypedArray","ctor":"Float64Array","array":[-13,25,0,0,0,0,1,0.5,0.5,1]}},{"__type__":"cc.Node","_name":"card7","_parent":{"__id__":30},"_children":[{"__id__":44}],"_components":[{"__type__":"cc.Sprite","node":{"__id__":43},"_materials":[{"__uuid__":"ecpdLyjvZBwrvm+cedCcQy"}]}],"_prefab":{"__type__":"cc.PrefabInfo","root":{"__id__":1},"asset":{"__uuid__":"4dOhpQHJ9PmIXqfAnRpzFZ"},"fileId":"1e9Of6dihBhpedeeQJzD3M"},"_contentSize":{"__type__":"cc.Size","width":47,"height":76},"_trs":{"__type__":"TypedArray","ctor":"Float64Array","array":[299.5,2,0,0,0,0,1,1,1,1]}},{"__type__":"cc.Node","_name":"da","_parent":{"__id__":43},"_active":false,"_components":[{"__type__":"cc.Sprite","node":{"__id__":44},"_materials":[{"__uuid__":"ecpdLyjvZBwrvm+cedCcQy"}],"_spriteFrame":{"__uuid__":"b15VFPHC9CcKIsHZcfRD8w"}}],"_prefab":{"__type__":"cc.PrefabInfo","root":{"__id__":1},"asset":{"__uuid__":"4dOhpQHJ9PmIXqfAnRpzFZ"},"fileId":"5b8VkU6ptFOLuqnsrH7ALT"},"_contentSize":{"__type__":"cc.Size","width":47,"height":47},"_trs":{"__type__":"TypedArray","ctor":"Float64Array","array":[-13,25,0,0,0,0,1,0.5,0.5,1]}},{"__type__":"cc.Node","_name":"card8","_parent":{"__id__":30},"_children":[{"__id__":46}],"_components":[{"__type__":"cc.Sprite","node":{"__id__":45},"_materials":[{"__uuid__":"ecpdLyjvZBwrvm+cedCcQy"}]}],"_prefab":{"__type__":"cc.PrefabInfo","root":{"__id__":1},"asset":{"__uuid__":"4dOhpQHJ9PmIXqfAnRpzFZ"},"fileId":"69ZcBySD5FlLydjMNayb70"},"_contentSize":{"__type__":"cc.Size","width":47,"height":76},"_trs":{"__type__":"TypedArray","ctor":"Float64Array","array":[345.5,2,0,0,0,0,1,1,1,1]}},{"__type__":"cc.Node","_name":"da","_parent":{"__id__":45},"_active":false,"_components":[{"__type__":"cc.Sprite","node":{"__id__":46},"_materials":[{"__uuid__":"ecpdLyjvZBwrvm+cedCcQy"}],"_spriteFrame":{"__uuid__":"b15VFPHC9CcKIsHZcfRD8w"}}],"_prefab":{"__type__":"cc.PrefabInfo","root":{"__id__":1},"asset":{"__uuid__":"4dOhpQHJ9PmIXqfAnRpzFZ"},"fileId":"82VoYgvLpJY6Vr/RDauVLd"},"_contentSize":{"__type__":"cc.Size","width":47,"height":47},"_trs":{"__type__":"TypedArray","ctor":"Float64Array","array":[-13,25,0,0,0,0,1,0.5,0.5,1]}},{"__type__":"cc.Node","_name":"bg_jiangma","_parent":{"__id__":27},"_children":[{"__id__":48},{"__id__":49}],"_components":[{"__type__":"cc.Sprite","node":{"__id__":47},"_materials":[{"__uuid__":"ecpdLyjvZBwrvm+cedCcQy"}],"_spriteFrame":{"__uuid__":"18avrKRQBNqoclwj5iFgq7"},"_type":1,"_sizeMode":0},{"__type__":"cc.Layout","node":{"__id__":47},"_layoutSize":{"__type__":"cc.Size","width":370.2,"height":74},"_resize":1,"_N$layoutType":1,"_N$paddingLeft":8,"_N$paddingRight":8,"_N$spacingX":15,"_N$affectedByScale":true}],"_prefab":{"__type__":"cc.PrefabInfo","root":{"__id__":1},"asset":{"__uuid__":"4dOhpQHJ9PmIXqfAnRpzFZ"},"fileId":"39mO0lxPVDEJVE18cpe4QQ"},"_contentSize":{"__type__":"cc.Size","width":370.2,"height":74},"_anchorPoint":{"__type__":"cc.Vec2","y":0.5},"_trs":{"__type__":"TypedArray","ctor":"Float64Array","array":[0,-27,0,0,0,0,1,0.6,0.6,1]}},{"__type__":"cc.Node","_name":"tip_niaopai","_parent":{"__id__":47},"_components":[{"__type__":"cc.Label","node":{"__id__":48},"_materials":[{"__uuid__":"ecpdLyjvZBwrvm+cedCcQy"}],"_useOriginalSize":false,"_string":"奖马","_N$string":"奖马","_fontSize":22,"_lineHeight":26,"_N$file":{"__uuid__":"5f5wQekV1CGpJW2meZozWn"},"_isSystemFontUsed":false,"_N$horizontalAlign":1,"_N$verticalAlign":1}],"_prefab":{"__type__":"cc.PrefabInfo","root":{"__id__":1},"asset":{"__uuid__":"4dOhpQHJ9PmIXqfAnRpzFZ"},"fileId":"0872BRsK5Oz4+Z/igxDnrW"},"_color":{"__type__":"cc.Color","r":202,"g":52,"b":12},"_contentSize":{"__type__":"cc.Size","width":44,"height":32.76},"_trs":{"__type__":"TypedArray","ctor":"Float64Array","array":[30,0,0,0,0,0,1,1,1,1]}},{"__type__":"cc.Node","_name":"niaopai","_parent":{"__id__":47},"_children":[{"__id__":50},{"__id__":52},{"__id__":54},{"__id__":56},{"__id__":58},{"__id__":60},{"__id__":62},{"__id__":64}],"_components":[{"__type__":"cc.Layout","node":{"__id__":49},"_layoutSize":{"__type__":"cc.Size","width":369,"height":76},"_resize":1,"_N$layoutType":1,"_N$spacingX":-1}],"_prefab":{"__type__":"cc.PrefabInfo","root":{"__id__":1},"asset":{"__uuid__":"4dOhpQHJ9PmIXqfAnRpzFZ"},"fileId":"4fE9WBRXdIj7ZXM0K2vnFB"},"_contentSize":{"__type__":"cc.Size","width":369,"height":76},"_anchorPoint":{"__type__":"cc.Vec2","y":0.5},"_trs":{"__type__":"TypedArray","ctor":"Float64Array","array":[67,-3,0,0,0,0,1,0.8,0.8,1]}},{"__type__":"cc.Node","_name":"card1","_parent":{"__id__":49},"_children":[{"__id__":51}],"_components":[{"__type__":"cc.Sprite","node":{"__id__":50},"_materials":[{"__uuid__":"ecpdLyjvZBwrvm+cedCcQy"}]}],"_prefab":{"__type__":"cc.PrefabInfo","root":{"__id__":1},"asset":{"__uuid__":"4dOhpQHJ9PmIXqfAnRpzFZ"},"fileId":"2aMtyt1SFHFrXFlRWY+0Qg"},"_contentSize":{"__type__":"cc.Size","width":47,"height":76},"_trs":{"__type__":"TypedArray","ctor":"Float64Array","array":[23.5,2,0,0,0,0,1,1,1,1]}},{"__type__":"cc.Node","_name":"da","_parent":{"__id__":50},"_active":false,"_components":[{"__type__":"cc.Sprite","node":{"__id__":51},"_materials":[{"__uuid__":"ecpdLyjvZBwrvm+cedCcQy"}],"_spriteFrame":{"__uuid__":"b15VFPHC9CcKIsHZcfRD8w"}}],"_prefab":{"__type__":"cc.PrefabInfo","root":{"__id__":1},"asset":{"__uuid__":"4dOhpQHJ9PmIXqfAnRpzFZ"},"fileId":"32xBEoojpFxJPNNoIlVRTq"},"_contentSize":{"__type__":"cc.Size","width":47,"height":47},"_trs":{"__type__":"TypedArray","ctor":"Float64Array","array":[-13,25,0,0,0,0,1,0.5,0.5,1]}},{"__type__":"cc.Node","_name":"card2","_parent":{"__id__":49},"_children":[{"__id__":53}],"_components":[{"__type__":"cc.Sprite","node":{"__id__":52},"_materials":[{"__uuid__":"ecpdLyjvZBwrvm+cedCcQy"}]}],"_prefab":{"__type__":"cc.PrefabInfo","root":{"__id__":1},"asset":{"__uuid__":"4dOhpQHJ9PmIXqfAnRpzFZ"},"fileId":"102bEoMY1C/oliuMt04pyg"},"_contentSize":{"__type__":"cc.Size","width":47,"height":76},"_trs":{"__type__":"TypedArray","ctor":"Float64Array","array":[69.5,2,0,0,0,0,1,1,1,1]}},{"__type__":"cc.Node","_name":"da","_parent":{"__id__":52},"_active":false,"_components":[{"__type__":"cc.Sprite","node":{"__id__":53},"_materials":[{"__uuid__":"ecpdLyjvZBwrvm+cedCcQy"}],"_spriteFrame":{"__uuid__":"b15VFPHC9CcKIsHZcfRD8w"}}],"_prefab":{"__type__":"cc.PrefabInfo","root":{"__id__":1},"asset":{"__uuid__":"4dOhpQHJ9PmIXqfAnRpzFZ"},"fileId":"98h9jP8uZOfpxQOqmujx3/"},"_contentSize":{"__type__":"cc.Size","width":47,"height":47},"_trs":{"__type__":"TypedArray","ctor":"Float64Array","array":[-13,25,0,0,0,0,1,0.5,0.5,1]}},{"__type__":"cc.Node","_name":"card3","_parent":{"__id__":49},"_children":[{"__id__":55}],"_components":[{"__type__":"cc.Sprite","node":{"__id__":54},"_materials":[{"__uuid__":"ecpdLyjvZBwrvm+cedCcQy"}]}],"_prefab":{"__type__":"cc.PrefabInfo","root":{"__id__":1},"asset":{"__uuid__":"4dOhpQHJ9PmIXqfAnRpzFZ"},"fileId":"ebCM+hpDVAqrwogODqsHOV"},"_contentSize":{"__type__":"cc.Size","width":47,"height":76},"_trs":{"__type__":"TypedArray","ctor":"Float64Array","array":[115.5,2,0,0,0,0,1,1,1,1]}},{"__type__":"cc.Node","_name":"da","_parent":{"__id__":54},"_active":false,"_components":[{"__type__":"cc.Sprite","node":{"__id__":55},"_materials":[{"__uuid__":"ecpdLyjvZBwrvm+cedCcQy"}],"_spriteFrame":{"__uuid__":"b15VFPHC9CcKIsHZcfRD8w"}}],"_prefab":{"__type__":"cc.PrefabInfo","root":{"__id__":1},"asset":{"__uuid__":"4dOhpQHJ9PmIXqfAnRpzFZ"},"fileId":"bbhjHTit1GFooamPF8p3Mf"},"_contentSize":{"__type__":"cc.Size","width":47,"height":47},"_trs":{"__type__":"TypedArray","ctor":"Float64Array","array":[-13,25,0,0,0,0,1,0.5,0.5,1]}},{"__type__":"cc.Node","_name":"card4","_parent":{"__id__":49},"_children":[{"__id__":57}],"_components":[{"__type__":"cc.Sprite","node":{"__id__":56},"_materials":[{"__uuid__":"ecpdLyjvZBwrvm+cedCcQy"}]}],"_prefab":{"__type__":"cc.PrefabInfo","root":{"__id__":1},"asset":{"__uuid__":"4dOhpQHJ9PmIXqfAnRpzFZ"},"fileId":"35V2cBtghEVZdCGdORPuXh"},"_contentSize":{"__type__":"cc.Size","width":47,"height":76},"_trs":{"__type__":"TypedArray","ctor":"Float64Array","array":[161.5,2,0,0,0,0,1,1,1,1]}},{"__type__":"cc.Node","_name":"da","_parent":{"__id__":56},"_active":false,"_components":[{"__type__":"cc.Sprite","node":{"__id__":57},"_materials":[{"__uuid__":"ecpdLyjvZBwrvm+cedCcQy"}],"_spriteFrame":{"__uuid__":"b15VFPHC9CcKIsHZcfRD8w"}}],"_prefab":{"__type__":"cc.PrefabInfo","root":{"__id__":1},"asset":{"__uuid__":"4dOhpQHJ9PmIXqfAnRpzFZ"},"fileId":"b4YiOZnCpKJ7GhFrWAVyAn"},"_contentSize":{"__type__":"cc.Size","width":47,"height":47},"_trs":{"__type__":"TypedArray","ctor":"Float64Array","array":[-13,25,0,0,0,0,1,0.5,0.5,1]}},{"__type__":"cc.Node","_name":"card5","_parent":{"__id__":49},"_children":[{"__id__":59}],"_components":[{"__type__":"cc.Sprite","node":{"__id__":58},"_materials":[{"__uuid__":"ecpdLyjvZBwrvm+cedCcQy"}]}],"_prefab":{"__type__":"cc.PrefabInfo","root":{"__id__":1},"asset":{"__uuid__":"4dOhpQHJ9PmIXqfAnRpzFZ"},"fileId":"6advmSxotN9KnNbuLz5yFd"},"_contentSize":{"__type__":"cc.Size","width":47,"height":76},"_trs":{"__type__":"TypedArray","ctor":"Float64Array","array":[207.5,2,0,0,0,0,1,1,1,1]}},{"__type__":"cc.Node","_name":"da","_parent":{"__id__":58},"_active":false,"_components":[{"__type__":"cc.Sprite","node":{"__id__":59},"_materials":[{"__uuid__":"ecpdLyjvZBwrvm+cedCcQy"}],"_spriteFrame":{"__uuid__":"b15VFPHC9CcKIsHZcfRD8w"}}],"_prefab":{"__type__":"cc.PrefabInfo","root":{"__id__":1},"asset":{"__uuid__":"4dOhpQHJ9PmIXqfAnRpzFZ"},"fileId":"a1czKf+gNJaL8rzR0lSNRu"},"_contentSize":{"__type__":"cc.Size","width":47,"height":47},"_trs":{"__type__":"TypedArray","ctor":"Float64Array","array":[-13,25,0,0,0,0,1,0.5,0.5,1]}},{"__type__":"cc.Node","_name":"card6","_parent":{"__id__":49},"_children":[{"__id__":61}],"_components":[{"__type__":"cc.Sprite","node":{"__id__":60},"_materials":[{"__uuid__":"ecpdLyjvZBwrvm+cedCcQy"}]}],"_prefab":{"__type__":"cc.PrefabInfo","root":{"__id__":1},"asset":{"__uuid__":"4dOhpQHJ9PmIXqfAnRpzFZ"},"fileId":"823E591OFBKb0956xjSsi6"},"_contentSize":{"__type__":"cc.Size","width":47,"height":76},"_trs":{"__type__":"TypedArray","ctor":"Float64Array","array":[253.5,2,0,0,0,0,1,1,1,1]}},{"__type__":"cc.Node","_name":"da","_parent":{"__id__":60},"_active":false,"_components":[{"__type__":"cc.Sprite","node":{"__id__":61},"_materials":[{"__uuid__":"ecpdLyjvZBwrvm+cedCcQy"}],"_spriteFrame":{"__uuid__":"b15VFPHC9CcKIsHZcfRD8w"}}],"_prefab":{"__type__":"cc.PrefabInfo","root":{"__id__":1},"asset":{"__uuid__":"4dOhpQHJ9PmIXqfAnRpzFZ"},"fileId":"198E0kjl5H9LBg/C7+GwgF"},"_contentSize":{"__type__":"cc.Size","width":47,"height":47},"_trs":{"__type__":"TypedArray","ctor":"Float64Array","array":[-13,25,0,0,0,0,1,0.5,0.5,1]}},{"__type__":"cc.Node","_name":"card7","_parent":{"__id__":49},"_children":[{"__id__":63}],"_components":[{"__type__":"cc.Sprite","node":{"__id__":62},"_materials":[{"__uuid__":"ecpdLyjvZBwrvm+cedCcQy"}]}],"_prefab":{"__type__":"cc.PrefabInfo","root":{"__id__":1},"asset":{"__uuid__":"4dOhpQHJ9PmIXqfAnRpzFZ"},"fileId":"84OShrcihFMIIbPvAmCo0a"},"_contentSize":{"__type__":"cc.Size","width":47,"height":76},"_trs":{"__type__":"TypedArray","ctor":"Float64Array","array":[299.5,2,0,0,0,0,1,1,1,1]}},{"__type__":"cc.Node","_name":"da","_parent":{"__id__":62},"_active":false,"_components":[{"__type__":"cc.Sprite","node":{"__id__":63},"_materials":[{"__uuid__":"ecpdLyjvZBwrvm+cedCcQy"}],"_spriteFrame":{"__uuid__":"b15VFPHC9CcKIsHZcfRD8w"}}],"_prefab":{"__type__":"cc.PrefabInfo","root":{"__id__":1},"asset":{"__uuid__":"4dOhpQHJ9PmIXqfAnRpzFZ"},"fileId":"33o3t8MUxKS4L0q+yfkQpb"},"_contentSize":{"__type__":"cc.Size","width":47,"height":47},"_trs":{"__type__":"TypedArray","ctor":"Float64Array","array":[-13,25,0,0,0,0,1,0.5,0.5,1]}},{"__type__":"cc.Node","_name":"card8","_parent":{"__id__":49},"_children":[{"__id__":65}],"_components":[{"__type__":"cc.Sprite","node":{"__id__":64},"_materials":[{"__uuid__":"ecpdLyjvZBwrvm+cedCcQy"}]}],"_prefab":{"__type__":"cc.PrefabInfo","root":{"__id__":1},"asset":{"__uuid__":"4dOhpQHJ9PmIXqfAnRpzFZ"},"fileId":"a3UQQps91NUK0t7JuWB3sd"},"_contentSize":{"__type__":"cc.Size","width":47,"height":76},"_trs":{"__type__":"TypedArray","ctor":"Float64Array","array":[345.5,2,0,0,0,0,1,1,1,1]}},{"__type__":"cc.Node","_name":"da","_parent":{"__id__":64},"_active":false,"_components":[{"__type__":"cc.Sprite","node":{"__id__":65},"_materials":[{"__uuid__":"ecpdLyjvZBwrvm+cedCcQy"}],"_spriteFrame":{"__uuid__":"b15VFPHC9CcKIsHZcfRD8w"}}],"_prefab":{"__type__":"cc.PrefabInfo","root":{"__id__":1},"asset":{"__uuid__":"4dOhpQHJ9PmIXqfAnRpzFZ"},"fileId":"57/hqQUn1DHYpctUHf79qs"},"_contentSize":{"__type__":"cc.Size","width":47,"height":47},"_trs":{"__type__":"TypedArray","ctor":"Float64Array","array":[-13,25,0,0,0,0,1,0.5,0.5,1]}},{"__type__":"cc.Node","_name":"page","_parent":{"__id__":1},"_children":[{"__id__":67}],"_components":[{"__type__":"cc.Sprite","node":{"__id__":66},"_materials":[{"__uuid__":"ecpdLyjvZBwrvm+cedCcQy"}],"_spriteFrame":{"__uuid__":"2aM5A97lNMm7XG9q+cvxLn"},"_type":1,"_sizeMode":0}],"_prefab":{"__type__":"cc.PrefabInfo","root":{"__id__":1},"asset":{"__uuid__":"4dOhpQHJ9PmIXqfAnRpzFZ"},"fileId":"39+jty3oRBXbYt7PX+FdZT"},"_contentSize":{"__type__":"cc.Size","width":172,"height":53},"_trs":{"__type__":"TypedArray","ctor":"Float64Array","array":[89.389,-305,0,0,0,0,1,1,1,1]}},{"__type__":"cc.Node","_name":"editbox_page","_parent":{"__id__":66},"_children":[{"__id__":68},{"__id__":70},{"__id__":72}],"_components":[{"__type__":"cc.EditBox","node":{"__id__":67},"_useOriginalSize":false,"_string":"1/28","maxLength":60,"_tabIndex":10,"_N$textLabel":{"__id__":71},"_N$placeholderLabel":{"__id__":73},"_N$background":{"__id__":69},"_N$inputMode":4}],"_prefab":{"__type__":"cc.PrefabInfo","root":{"__id__":1},"asset":{"__uuid__":"4dOhpQHJ9PmIXqfAnRpzFZ"},"fileId":"36Ur1eA0dIJrml+HyYawYT"},"_color":{"__type__":"cc.Color","r":210,"g":103},"_contentSize":{"__type__":"cc.Size","width":80,"height":40},"_trs":{"__type__":"TypedArray","ctor":"Float64Array","array":[12.6,0.7,0,0,0,0,1,1,1,1]}},{"__type__":"cc.Node","_name":"BACKGROUND_SPRITE","_parent":{"__id__":67},"_components":[{"__id__":69}],"_prefab":{"__type__":"cc.PrefabInfo","root":{"__id__":1},"asset":{"__uuid__":"4dOhpQHJ9PmIXqfAnRpzFZ"},"fileId":"deM5IGHAxMgLi1HXOsE9Z0"},"_contentSize":{"__type__":"cc.Size","width":80,"height":40},"_trs":{"__type__":"TypedArray","ctor":"Float64Array","array":[0,0,0,0,0,0,1,1,1,1]}},{"__type__":"cc.Sprite","node":{"__id__":68},"_type":1},{"__type__":"cc.Node","_name":"TEXT_LABEL","_parent":{"__id__":67},"_components":[{"__id__":71}],"_prefab":{"__type__":"cc.PrefabInfo","root":{"__id__":1},"asset":{"__uuid__":"4dOhpQHJ9PmIXqfAnRpzFZ"},"fileId":"0aq/PEZb1Arr3Gpkcct7ay"},"_color":{"__type__":"cc.Color","r":210,"g":103},"_contentSize":{"__type__":"cc.Size","width":78,"height":40},"_anchorPoint":{"__type__":"cc.Vec2","y":1},"_trs":{"__type__":"TypedArray","ctor":"Float64Array","array":[-38,20,0,0,0,0,1,1,1,1]}},{"__type__":"cc.Label","node":{"__id__":70},"_materials":[{"__uuid__":"ecpdLyjvZBwrvm+cedCcQy"}],"_string":"1/28","_N$string":"1/28","_fontSize":32,"_lineHeight":32,"_enableWrapText":false,"_N$file":{"__uuid__":"5f5wQekV1CGpJW2meZozWn"},"_isSystemFontUsed":false,"_N$verticalAlign":1,"_N$overflow":1},{"__type__":"cc.Node","_name":"PLACEHOLDER_LABEL","_parent":{"__id__":67},"_active":false,"_components":[{"__id__":73}],"_prefab":{"__type__":"cc.PrefabInfo","root":{"__id__":1},"asset":{"__uuid__":"4dOhpQHJ9PmIXqfAnRpzFZ"},"fileId":"c2TvwPiAtLtLrMbMymajbZ"},"_color":{"__type__":"cc.Color","r":210,"g":103},"_contentSize":{"__type__":"cc.Size","width":78,"height":40},"_anchorPoint":{"__type__":"cc.Vec2","y":1},"_trs":{"__type__":"TypedArray","ctor":"Float64Array","array":[-38,20,0,0,0,0,1,1,1,1]}},{"__type__":"cc.Label","node":{"__id__":72},"_string":"  ","_N$string":"  ","_fontSize":32,"_enableWrapText":false,"_N$file":{"__uuid__":"5f5wQekV1CGpJW2meZozWn"},"_isSystemFontUsed":false,"_N$verticalAlign":1,"_N$overflow":1},{"__type__":"cc.Node","_name":"page2","_parent":{"__id__":1},"_children":[{"__id__":75}],"_components":[{"__type__":"cc.Sprite","node":{"__id__":74},"_materials":[{"__uuid__":"ecpdLyjvZBwrvm+cedCcQy"}],"_spriteFrame":{"__uuid__":"2aM5A97lNMm7XG9q+cvxLn"},"_type":1,"_sizeMode":0}],"_prefab":{"__type__":"cc.PrefabInfo","root":{"__id__":1},"asset":{"__uuid__":"4dOhpQHJ9PmIXqfAnRpzFZ"},"fileId":"c9uAnoNtdN0KB5SBvoaF8S"},"_contentSize":{"__type__":"cc.Size","width":132,"height":53},"_trs":{"__type__":"TypedArray","ctor":"Float64Array","array":[371,-305,0,0,0,0,1,1,1,1]}},{"__type__":"cc.Node","_name":"editbox_page","_parent":{"__id__":74},"_children":[{"__id__":76},{"__id__":78},{"__id__":80}],"_components":[{"__id__":82}],"_prefab":{"__type__":"cc.PrefabInfo","root":{"__id__":1},"asset":{"__uuid__":"4dOhpQHJ9PmIXqfAnRpzFZ"},"fileId":"4e8iIkQlpGPZkMlMl1ryHS"},"_color":{"__type__":"cc.Color","r":210,"g":103},"_contentSize":{"__type__":"cc.Size","width":80,"height":40},"_trs":{"__type__":"TypedArray","ctor":"Float64Array","array":[20.4,0.5,0,0,0,0,1,1,1,1]}},{"__type__":"cc.Node","_name":"BACKGROUND_SPRITE","_parent":{"__id__":75},"_components":[{"__id__":77}],"_prefab":{"__type__":"cc.PrefabInfo","root":{"__id__":1},"asset":{"__uuid__":"4dOhpQHJ9PmIXqfAnRpzFZ"},"fileId":"e94yTBst5Aga5iJSBKAOwI"},"_contentSize":{"__type__":"cc.Size","width":80,"height":40},"_trs":{"__type__":"TypedArray","ctor":"Float64Array","array":[0,0,0,0,0,0,1,1,1,1]}},{"__type__":"cc.Sprite","node":{"__id__":76},"_type":1},{"__type__":"cc.Node","_name":"TEXT_LABEL","_parent":{"__id__":75},"_components":[{"__id__":79}],"_prefab":{"__type__":"cc.PrefabInfo","root":{"__id__":1},"asset":{"__uuid__":"4dOhpQHJ9PmIXqfAnRpzFZ"},"fileId":"79qPViRxFImp/HT6hjSMXo"},"_color":{"__type__":"cc.Color","r":210,"g":103},"_contentSize":{"__type__":"cc.Size","width":78,"height":40},"_anchorPoint":{"__type__":"cc.Vec2","y":1},"_trs":{"__type__":"TypedArray","ctor":"Float64Array","array":[-38,20,0,0,0,0,1,1,1,1]}},{"__type__":"cc.Label","node":{"__id__":78},"_materials":[{"__uuid__":"ecpdLyjvZBwrvm+cedCcQy"}],"_string":"28","_N$string":"28","_fontSize":32,"_lineHeight":32,"_enableWrapText":false,"_N$file":{"__uuid__":"5f5wQekV1CGpJW2meZozWn"},"_isSystemFontUsed":false,"_N$verticalAlign":1,"_N$overflow":1},{"__type__":"cc.Node","_name":"PLACEHOLDER_LABEL","_parent":{"__id__":75},"_active":false,"_components":[{"__id__":81}],"_prefab":{"__type__":"cc.PrefabInfo","root":{"__id__":1},"asset":{"__uuid__":"4dOhpQHJ9PmIXqfAnRpzFZ"},"fileId":"b5OuFecH1N/7YuehgutWD3"},"_color":{"__type__":"cc.Color","r":210,"g":103},"_contentSize":{"__type__":"cc.Size","width":78,"height":40},"_anchorPoint":{"__type__":"cc.Vec2","y":1},"_trs":{"__type__":"TypedArray","ctor":"Float64Array","array":[-38,20,0,0,0,0,1,1,1,1]}},{"__type__":"cc.Label","node":{"__id__":80},"_string":"  ","_N$string":"  ","_fontSize":32,"_enableWrapText":false,"_N$file":{"__uuid__":"5f5wQekV1CGpJW2meZozWn"},"_isSystemFontUsed":false,"_N$verticalAlign":1,"_N$overflow":1},{"__type__":"cc.EditBox","node":{"__id__":75},"_useOriginalSize":false,"_string":"28","maxLength":3,"_tabIndex":10,"_N$textLabel":{"__id__":79},"_N$placeholderLabel":{"__id__":81},"_N$background":{"__id__":77},"_N$inputMode":4}],{"__type__":"cc.SpriteFrame","content":{"name":"btn_green","texture":"65jvX4TYFFG6wc85AH3ulM","rect":[0,0,128,49],"offset":[0,0],"originalSize":[128,49],"capInsets":[0,0,0,0]}},{"__type__":"cc.SpriteFrame","content":{"name":"img_symid_up","texture":"23C1+QyjtGVZ9OQLT/+Okz","rect":[1,0,411,82],"offset":[0,0],"originalSize":[413,82],"capInsets":[0,0,0,0]}},{"__type__":"cc.SpriteFrame","content":{"name":"img_ts_dt01","texture":"f4ZoP5jC1Imaoah/X9JSp+","rect":[0,0,1306,667],"offset":[0,0],"originalSize":[1306,667],"capInsets":[0,0,0,0]}},{"__type__":"cc.SpriteFrame","content":{"name":"icon_jin01","texture":"08p9tZnL1GhK0xdYwVhsG5","rect":[0,0,47,47],"offset":[0,0],"originalSize":[47,47],"capInsets":[0,0,0,0]}},{"__type__":"cc.SpriteFrame","content":{"name":"btn_tz","texture":"fbkXBEiWlA/p6PucOsaOL/","rect":[0,0,122,59],"offset":[0,0],"originalSize":[122,59],"capInsets":[0,0,0,0]}}]