[{"__type__":"cc.SceneAsset","_name":"fjsszMainScene","scene":{"__id__":1},"asyncLoadAssets":null},{"__type__":"cc.Scene","_name":"New Node","_children":[{"__id__":2}],"_active":false,"_anchorPoint":{"__type__":"cc.Vec2"},"_trs":{"__type__":"TypedArray","ctor":"Float64Array","array":[0,0,0,0,0,0,1,1,1,1]},"autoReleaseAssets":false},{"__type__":"cc.Node","_name":"Canvas","_parent":{"__id__":1},"_children":[{"__id__":3}],"_components":[{"__type__":"cc.Canvas","node":{"__id__":2},"_designResolution":{"__type__":"cc.Size","width":1360,"height":760}},{"__type__":"fjsszf41-6970-45e7-ac7a-b23dee8e2364","node":{"__id__":2},"BackgroundLayer":{"__uuid__":"fjssz1ca-9db3-43cc-b1dc-89657fa023af"},"SceneEffectLayer":{"__uuid__":"fjssz131-6e06-4e13-b621-f234210422a5"},"UILayer":{"__uuid__":"fjssz246-0e75-4a78-a416-d94cc5d2a8a7"},"TopLayer":{"__uuid__":"fjsszd6b-b560-49b2-9929-bb3017b9c5c8"}}],"_contentSize":{"__type__":"cc.Size","width":1360,"height":760},"_trs":{"__type__":"TypedArray","ctor":"Float64Array","array":[680,380,0,0,0,0,1,1,1,1]},"_id":"cfee1ri9pVAz4mknzwaCljn"},{"__type__":"cc.Node","_name":"Main Camera","_parent":{"__id__":2},"_components":[{"__type__":"cc.Camera","node":{"__id__":3},"_clearFlags":7,"_depth":-1}],"_trs":{"__type__":"TypedArray","ctor":"Float64Array","array":[0,0,496.23255636848336,0,0,0,1,1,1,1]}}]