{"__type__":"cc.AnimationClip","_name":"UIAudio","_duration":1.3333333333333333,"wrapMode":2,"curveData":{"paths":{"yuyin1":{"props":{}},"yuyin2":{"props":{"active":[{"frame":0,"value":false},{"frame":0.3333333333333333,"value":true},{"frame":1.3333333333333333,"value":false}]}},"yuyin3":{"props":{"active":[{"frame":0,"value":false},{"frame":0.6666666666666666,"value":true},{"frame":1.3333333333333333,"value":false}]}},"yuyin4":{"props":{"active":[{"frame":0,"value":false},{"frame":0.9666666666666667,"value":true},{"frame":1.3333333333333333,"value":false}]}}}}}