[{"__type__":"cc.Prefab","_name":"sceneEffectLayer","data":{"__id__":1}},{"__type__":"cc.Node","_name":"sceneEffectLayer","_components":[{"__type__":"cc.Widget","node":{"__id__":1},"alignMode":0,"_alignFlags":18,"_left":380,"_right":380,"_top":680,"_bottom":680},{"__type__":"fjssz90a-f7c3-431c-95bf-6bc193e4a1fd","node":{"__id__":1}}],"_prefab":{"__type__":"cc.PrefabInfo","root":{"__id__":1},"asset":{"__uuid__":"fjssz131-6e06-4e13-b621-f234210422a5"},"fileId":"5ccddsKzQJPW4Rlb4cZsm5m"},"_trs":{"__type__":"TypedArray","ctor":"Float64Array","array":[680,380,0,0,0,0,1,1,1,1]},"_zIndex":0}]