[{"__type__":"cc.SpriteFrame","content":{"name":"ani_pb_06","texture":"typdka82-821e-413c-998b-60f74f71ea81","rect":[29,21,143,130],"offset":[2.5,2],"originalSize":[196,176],"capInsets":[0,0,0,0]}},{"__type__":"cc.AnimationClip","_name":"pengbeiAni","_duration":0.2,"speed":0.1,"wrapMode":"0","curveData":{"comps":{"cc.Sprite":{"spriteFrame":[{"frame":0,"value":{"__uuid__":"typdke6d-fbe5-4b3f-b7aa-6bf5f1a7448a"}},{"frame":0.016666666666666666,"value":{"__uuid__":"typdkad7-0d6a-4b70-bd29-dd1eacdb7099"}},{"frame":0.03333333333333333,"value":{"__uuid__":"typdk644-58de-46b0-b52a-f101a9258371"}},{"frame":0.05,"value":{"__uuid__":"typdkc4c-174a-4af0-84e8-7ef1a8bf4c1f"}},{"frame":0.06666666666666667,"value":{"__uuid__":"typdk4b6-3c79-4c30-b393-d690ab4a4059"}},{"frame":0.08333333333333333,"value":{"__uuid__":"typdk1dd-c991-44d9-8f81-e0bfb67cefad"}},{"frame":0.1,"value":{"__uuid__":"typdk577-5a43-4a3f-8bf9-cb0cf8af0743"}},{"frame":0.11666666666666667,"value":{"__uuid__":"typdk3ef-922f-4130-8945-5915b34d04a7"}},{"frame":0.13333333333333333,"value":{"__uuid__":"typdkcae-a50d-476f-9a4f-17aeaffdc685"}},{"frame":0.15,"value":{"__uuid__":"typdkba7-9faf-4339-8d9c-153252257b59"}},{"frame":0.16666666666666666,"value":{"__uuid__":"typdkc8a-aed2-470b-a151-2c013149be6e"}},{"frame":0.18333333333333332,"value":{"__uuid__":"typdkaa6-c438-4410-ad46-e7c692a80107"}}]}}}},{"__type__":"cc.SpriteFrame","content":{"name":"ani_pb_08","texture":"typdkddd-724a-4aca-801b-96fc8c32d3ed","rect":[46,26,94,74],"offset":[-5,25],"originalSize":[196,176],"capInsets":[0,0,0,0]}},{"__type__":"cc.SpriteFrame","content":{"name":"ani_pb_05","texture":"typdk02e-131e-46c8-aa1d-3231d1a8e89d","rect":[32,25,133,124],"offset":[0.5,1],"originalSize":[196,176],"capInsets":[0,0,0,0]}},{"__type__":"cc.SpriteFrame","content":{"name":"ani_pb_07","texture":"typdk00c-40ba-48aa-83d7-3c8f7ff52309","rect":[15,4,162,161],"offset":[-2,3.5],"originalSize":[196,176],"capInsets":[0,0,0,0]}},{"__type__":"cc.SpriteFrame","content":{"name":"ani_pb_03","texture":"typdk312-9747-4808-a0a4-ed52c0acc62c","rect":[47,43,102,102],"offset":[0,-6],"originalSize":[196,176],"capInsets":[0,0,0,0]}},{"__type__":"cc.SpriteFrame","content":{"name":"ani_pb_12","texture":"typdke14-101c-4f2d-9663-522d7a71acc1","rect":[40,22,107,80],"offset":[-4.5,26],"originalSize":[196,176],"capInsets":[0,0,0,0]}},{"__type__":"cc.SpriteFrame","content":{"name":"ani_pb_02","texture":"typdk136-f48c-4567-b345-fd6aa3229971","rect":[45,53,106,98],"offset":[0,-14],"originalSize":[196,176],"capInsets":[0,0,0,0]}},{"__type__":"cc.SpriteFrame","content":{"name":"ani_pb_10","texture":"typdk655-1269-4a2a-9c27-092bb6ff177a","rect":[38,20,110,80],"offset":[-5,28],"originalSize":[196,176],"capInsets":[0,0,0,0]}},{"__type__":"cc.SpriteFrame","content":{"name":"ani_pb_04","texture":"typdkf8e-c321-4998-bab9-4391bd304854","rect":[38,32,119,114],"offset":[-0.5,-1],"originalSize":[196,176],"capInsets":[0,0,0,0]}},{"__type__":"cc.SpriteFrame","content":{"name":"ani_pb_11","texture":"typdkccd-c0c8-40c1-bb9c-2b096fe0f41c","rect":[40,21,106,85],"offset":[-5,24.5],"originalSize":[196,176],"capInsets":[0,0,0,0]}},{"__type__":"cc.SpriteFrame","content":{"name":"ani_pb_09","texture":"typdk9b6-2d70-461e-810a-22ce98ba29af","rect":[42,25,101,75],"offset":[-5.5,25.5],"originalSize":[196,176],"capInsets":[0,0,0,0]}},{"__type__":"cc.SpriteFrame","content":{"name":"ani_pb_01","texture":"typdkad4-046c-4718-a083-b8574a8abf80","rect":[0,77,196,77],"offset":[0,-27.5],"originalSize":[196,176],"capInsets":[0,0,0,0]}}]