[{"__type__":"cc.BitmapFont","_name":"number_zj_win","spriteFrame":{"__uuid__":"qzmjmjb2-3d33-4741-8102-388b8045d088"},"fontSize":32,"_fntConfig":{"commonHeight":32,"fontSize":32,"atlasName":"number_zj_win_0.png","fontDefDictionary":{"43":{"rect":{"x":0,"y":0,"width":29,"height":41},"xOffset":0,"yOffset":0,"xAdvance":29},"48":{"rect":{"x":30,"y":0,"width":29,"height":41},"xOffset":0,"yOffset":0,"xAdvance":29},"49":{"rect":{"x":60,"y":0,"width":29,"height":41},"xOffset":0,"yOffset":0,"xAdvance":29},"50":{"rect":{"x":90,"y":0,"width":29,"height":41},"xOffset":0,"yOffset":0,"xAdvance":29},"51":{"rect":{"x":0,"y":42,"width":29,"height":41},"xOffset":0,"yOffset":0,"xAdvance":29},"52":{"rect":{"x":30,"y":42,"width":29,"height":41},"xOffset":0,"yOffset":0,"xAdvance":29},"53":{"rect":{"x":60,"y":42,"width":29,"height":41},"xOffset":0,"yOffset":0,"xAdvance":29},"54":{"rect":{"x":90,"y":42,"width":29,"height":41},"xOffset":0,"yOffset":0,"xAdvance":29},"55":{"rect":{"x":0,"y":84,"width":29,"height":41},"xOffset":0,"yOffset":0,"xAdvance":29},"56":{"rect":{"x":30,"y":84,"width":29,"height":41},"xOffset":0,"yOffset":0,"xAdvance":29},"57":{"rect":{"x":60,"y":84,"width":29,"height":41},"xOffset":0,"yOffset":0,"xAdvance":29}},"kerningDict":{}}},{"__type__":"cc.SpriteFrame","content":{"name":"number_zj_win_0","texture":"qzmjmj7e-6078-495b-af6c-b5da23b656ec","rect":[1,2,117,121],"offset":[-4.5,1.5],"originalSize":[128,128],"capInsets":[0,0,0,0]}}]