[{"__type__":"cc.SpriteFrame","content":{"name":"ani_dh_05","texture":"qzmjmj3d-f459-45c3-9198-1b19b7bac58a","rect":[4,41,1021,291],"offset":[0.5,-20.5],"originalSize":[1028,332],"capInsets":[0,0,0,0]}},{"__type__":"cc.SpriteFrame","content":{"name":"ani_dh_07","texture":"qzmjmjc0-6982-42a2-9ecc-8c40c97f2ead","rect":[0,1,1028,331],"offset":[0,-0.5],"originalSize":[1028,332],"capInsets":[0,0,0,0]}},{"__type__":"cc.AnimationClip","_name":"dihuAction","_duration":0.7666666666666667,"curveData":{"comps":{"cc.Sprite":{"spriteFrame":[{"frame":0,"value":{"__uuid__":"qzmjmj8d-e913-43e8-8903-32f00be12074"}},{"frame":0.08333333333333333,"value":{"__uuid__":"qzmjmjb3-c97e-443d-b4a8-cf5eb8b241a8"}},{"frame":0.16666666666666666,"value":{"__uuid__":"qzmjmjdc-f592-4dc2-a7f7-7dd7827f1103"}},{"frame":0.25,"value":{"__uuid__":"qzmjmjef-f32d-4f75-873e-4b76a3d7f92a"}},{"frame":0.4166666666666667,"value":{"__uuid__":"qzmjmj24-b3e6-4ed1-81e3-fa3579da1233"}},{"frame":0.5,"value":{"__uuid__":"qzmjmj86-1b51-464e-9d54-f516ec28651d"}},{"frame":0.5833333333333334,"value":{"__uuid__":"qzmjmj29-dc71-4b2c-b3ae-ab5a8118f359"}},{"frame":0.6666666666666666,"value":{"__uuid__":"qzmjmj8a-6cd8-4b3e-b2ea-1949903ecaec"}},{"frame":0.75,"value":{"__uuid__":"qzmjmjba-de58-432e-bd3a-6d32a5f33145"}}]}}}},{"__type__":"cc.SpriteFrame","content":{"name":"ani_dh_06","texture":"qzmjmj28-b431-4e3a-b4fa-4d59664a38a7","rect":[4,32,1021,300],"offset":[0.5,-16],"originalSize":[1028,332],"capInsets":[0,0,0,0]}},{"__type__":"cc.SpriteFrame","content":{"name":"ani_dh_08","texture":"qzmjmj1e-b287-481c-a7d3-e6d427f658ff","rect":[3,0,1022,332],"offset":[0,0],"originalSize":[1028,332],"capInsets":[0,0,0,0]}},{"__type__":"cc.SpriteFrame","content":{"name":"ani_dh_01","texture":"qzmjmj6f-4e02-490a-8ce4-c94c73e7114f","rect":[263,147,503,146],"offset":[0.5,-54],"originalSize":[1028,332],"capInsets":[0,0,0,0]}},{"__type__":"cc.SpriteFrame","content":{"name":"ani_dh_02","texture":"qzmjmj37-7b15-45c4-8136-82a4ffb8f9dd","rect":[134,124,761,196],"offset":[0.5,-56],"originalSize":[1028,332],"capInsets":[0,0,0,0]}},{"__type__":"cc.SpriteFrame","content":{"name":"ani_dh_09","texture":"qzmjmj4b-80e5-4c30-80f1-2f67b43bc17b","rect":[4,41,1021,291],"offset":[0.5,-20.5],"originalSize":[1028,332],"capInsets":[0,0,0,0]}},{"__type__":"cc.SpriteFrame","content":{"name":"ani_dh_03","texture":"qzmjmj1c-840d-4074-a106-51598da6c66f","rect":[11,109,1007,223],"offset":[0.5,-54.5],"originalSize":[1028,332],"capInsets":[0,0,0,0]}},{"__type__":"cc.SpriteFrame","content":{"name":"ani_dh_04","texture":"qzmjmj21-ffe2-46fd-b3cb-228a8dad3741","rect":[4,78,1020,254],"offset":[0,-39],"originalSize":[1028,332],"capInsets":[0,0,0,0]}}]