[{"__type__":"cc.SpriteFrame","content":{"name":"youxijiemianzi","texture":"85XwdDF+NH94ea9FBamZNf","rect":[2,2,465,449],"offset":[-21.5,29.5],"originalSize":[512,512],"capInsets":[0,0,0,0]}},{"__type__":"cc.BitmapFont","_name":"youxijiemianzi","spriteFrame":{"__uuid__":"0aCQ+wi3xIJI6EExpvrLar"},"fontSize":1,"_fntConfig":{"commonHeight":65,"fontSize":1,"atlasName":"youxijiemianzi.png","fontDefDictionary":{"32":{"rect":{"x":0,"y":0,"width":0,"height":0},"xOffset":0,"yOffset":0,"xAdvance":67},"49":{"rect":{"x":0,"y":260,"width":67,"height":65},"xOffset":0,"yOffset":0,"xAdvance":67},"50":{"rect":{"x":0,"y":390,"width":67,"height":65},"xOffset":0,"yOffset":0,"xAdvance":67},"51":{"rect":{"x":335,"y":65,"width":67,"height":65},"xOffset":0,"yOffset":0,"xAdvance":67},"52":{"rect":{"x":402,"y":0,"width":67,"height":65},"xOffset":0,"yOffset":0,"xAdvance":67},"53":{"rect":{"x":67,"y":390,"width":67,"height":65},"xOffset":0,"yOffset":0,"xAdvance":67},"54":{"rect":{"x":134,"y":325,"width":67,"height":65},"xOffset":0,"yOffset":0,"xAdvance":67},"55":{"rect":{"x":201,"y":260,"width":67,"height":65},"xOffset":0,"yOffset":0,"xAdvance":67},"56":{"rect":{"x":268,"y":195,"width":67,"height":65},"xOffset":0,"yOffset":0,"xAdvance":67},"57":{"rect":{"x":335,"y":130,"width":67,"height":65},"xOffset":0,"yOffset":0,"xAdvance":67}},"kerningDict":{}}}]