[{"__type__":"cc.SpriteFrame","content":{"name":"ani_xzd_03","texture":"qzmjmjcb-d104-455c-8a82-4da9761c46f6","rect":[11,109,1007,223],"offset":[0.5,-54.5],"originalSize":[1028,332],"capInsets":[0,0,0,0]}},{"__type__":"cc.SpriteFrame","content":{"name":"ani_xzd_09","texture":"qzmjmjfe-3147-45e8-8706-19df1bfec9db","rect":[4,41,1021,291],"offset":[0.5,-20.5],"originalSize":[1028,332],"capInsets":[0,0,0,0]}},{"__type__":"cc.SpriteFrame","content":{"name":"ani_xzd_05","texture":"qzmjmjd4-49c6-4caf-a8e5-8b03fbc9fd97","rect":[4,41,1021,291],"offset":[0.5,-20.5],"originalSize":[1028,332],"capInsets":[0,0,0,0]}},{"__type__":"cc.AnimationClip","_name":"xiaozhadanAction","_duration":0.6833333333333333,"curveData":{"comps":{"cc.Sprite":{"spriteFrame":[{"frame":0,"value":{"__uuid__":"qzmjmjdc-04b3-4f8d-919f-aff39224d823"}},{"frame":0.08333333333333333,"value":{"__uuid__":"qzmjmjd7-3ec8-4727-ac74-60e9e4a1f799"}},{"frame":0.16666666666666666,"value":{"__uuid__":"qzmjmj04-2891-42b6-bc2b-cacc780f0424"}},{"frame":0.25,"value":{"__uuid__":"qzmjmja7-405f-4f50-bf89-ffc2fbb479e4"}},{"frame":0.3333333333333333,"value":{"__uuid__":"qzmjmj6a-ef98-47ba-afa8-0fc3017bc083"}},{"frame":0.4166666666666667,"value":{"__uuid__":"qzmjmjb9-0cae-4b64-aa8d-09759157f815"}},{"frame":0.5,"value":{"__uuid__":"qzmjmje2-0a61-4ab8-b085-c8306ac01cd7"}},{"frame":0.5833333333333334,"value":{"__uuid__":"qzmjmj9d-f5b6-44a3-b9d6-303a6abbeabb"}},{"frame":0.6666666666666666,"value":{"__uuid__":"qzmjmj35-5fc8-48a0-b39c-aa866ebbb8f7"}}]}}}},{"__type__":"cc.SpriteFrame","content":{"name":"ani_xzd_08","texture":"qzmjmj98-7b0c-41bc-9a1f-c7ea0f880da2","rect":[4,0,1021,332],"offset":[0.5,0],"originalSize":[1028,332],"capInsets":[0,0,0,0]}},{"__type__":"cc.SpriteFrame","content":{"name":"ani_xzd_04","texture":"qzmjmj36-b4f0-4f38-ae6b-d4ea0b29061e","rect":[4,78,1020,254],"offset":[0,-39],"originalSize":[1028,332],"capInsets":[0,0,0,0]}},{"__type__":"cc.SpriteFrame","content":{"name":"ani_xzd_06","texture":"qzmjmj0b-bbf4-4aa8-867d-cd03f9f04bfb","rect":[4,32,1021,300],"offset":[0.5,-16],"originalSize":[1028,332],"capInsets":[0,0,0,0]}},{"__type__":"cc.SpriteFrame","content":{"name":"ani_xzd_02","texture":"qzmjmj18-6d60-4ea5-b267-16db5d856d1f","rect":[134,124,761,196],"offset":[0.5,-56],"originalSize":[1028,332],"capInsets":[0,0,0,0]}},{"__type__":"cc.SpriteFrame","content":{"name":"ani_xzd_01","texture":"qzmjmj16-473e-47f3-93cd-4b32f1ac2909","rect":[267,144,495,160],"offset":[0.5,-58],"originalSize":[1028,332],"capInsets":[0,0,0,0]}},{"__type__":"cc.SpriteFrame","content":{"name":"ani_xzd_07","texture":"qzmjmj76-9571-4cee-889f-d1c5f613917e","rect":[4,8,1021,324],"offset":[0.5,-4],"originalSize":[1028,332],"capInsets":[0,0,0,0]}}]