[{"__type__":"cc.SpriteFrame","content":{"name":"lb_fh","texture":"qzmjmjc3-c6c3-4edd-be6f-4605c0e27601","rect":[2,1,64,58],"offset":[-30,2],"originalSize":[128,64],"capInsets":[0,0,0,0]}},{"__type__":"cc.BitmapFont","_name":"lb_fh","spriteFrame":{"__uuid__":"qzmjmj5e-b860-4eca-8e70-be2a7ccc4857"},"fontSize":1,"_fntConfig":{"commonHeight":20,"fontSize":1,"atlasName":"lb_fh.png","fontDefDictionary":{"32":{"rect":{"x":0,"y":0,"width":0,"height":0},"xOffset":0,"yOffset":0,"xAdvance":17},"48":{"rect":{"x":0,"y":0,"width":17,"height":20},"xOffset":0,"yOffset":0,"xAdvance":17},"49":{"rect":{"x":0,"y":20,"width":17,"height":20},"xOffset":0,"yOffset":0,"xAdvance":17},"50":{"rect":{"x":17,"y":0,"width":17,"height":20},"xOffset":0,"yOffset":0,"xAdvance":17},"51":{"rect":{"x":0,"y":40,"width":17,"height":20},"xOffset":0,"yOffset":0,"xAdvance":17},"52":{"rect":{"x":17,"y":20,"width":17,"height":20},"xOffset":0,"yOffset":0,"xAdvance":17},"53":{"rect":{"x":34,"y":0,"width":17,"height":20},"xOffset":0,"yOffset":0,"xAdvance":17},"54":{"rect":{"x":17,"y":40,"width":17,"height":20},"xOffset":0,"yOffset":0,"xAdvance":17},"55":{"rect":{"x":34,"y":20,"width":17,"height":20},"xOffset":0,"yOffset":0,"xAdvance":17},"56":{"rect":{"x":51,"y":0,"width":17,"height":20},"xOffset":0,"yOffset":0,"xAdvance":17},"57":{"rect":{"x":34,"y":40,"width":17,"height":20},"xOffset":0,"yOffset":0,"xAdvance":17}},"kerningDict":{}}}]