[{"__type__":"cc.SpriteFrame","content":{"name":"1","texture":"17d95338c","rect":[743,360,276,261],"offset":[127,-12.5],"originalSize":[530,360],"capInsets":[0,0,0,0]}},[{"__type__":"cc.Prefab","_name":"sihongzhong","data":{"__id__":1}},{"__type__":"cc.Node","_name":"sihongzhong","_children":[{"__id__":2},{"__id__":3},{"__id__":4}],"_components":[{"__type__":"cc.Animation","node":{"__id__":1},"_defaultClip":{"__uuid__":"qzmjmjab-b45d-4403-9af0-34423b771327"},"_clips":[{"__uuid__":"qzmjmjab-b45d-4403-9af0-34423b771327"}]},{"__type__":"qzmjmja3-f7f6-43f3-bc26-19a21c44bee8","node":{"__id__":1}}],"_prefab":{"__type__":"cc.PrefabInfo","root":{"__id__":1},"asset":{"__uuid__":"qzmjmjb5-b778-4253-838c-a348c477fa38"},"fileId":"6e503rB7phLQbV1vrwK4MrW"},"_contentSize":{"__type__":"cc.Size","width":40,"height":40},"_trs":{"__type__":"TypedArray","ctor":"Float64Array","array":[0,0,0,0,0,0,1,1,1,1]}},{"__type__":"cc.Node","_name":"3","_parent":{"__id__":1},"_components":[{"__type__":"cc.Sprite","node":{"__id__":2},"_sizeMode":2,"_isTrimmedMode":false}],"_prefab":{"__type__":"cc.PrefabInfo","root":{"__id__":1},"asset":{"__uuid__":"qzmjmjb5-b778-4253-838c-a348c477fa38"},"fileId":"e8d4eRObKBGPIZb0/PfDhv5"},"_contentSize":{"__type__":"cc.Size","width":530,"height":360},"_trs":{"__type__":"TypedArray","ctor":"Float64Array","array":[233,0,0,0,0,0,1,-1,1,1]}},{"__type__":"cc.Node","_name":"2","_parent":{"__id__":1},"_components":[{"__type__":"cc.Sprite","node":{"__id__":3},"_spriteFrame":{"__uuid__":"qzmjmj7d-637c-473f-9026-cf14d05b3602"},"_sizeMode":2,"_isTrimmedMode":false}],"_prefab":{"__type__":"cc.PrefabInfo","root":{"__id__":1},"asset":{"__uuid__":"qzmjmjb5-b778-4253-838c-a348c477fa38"},"fileId":"14e40NJUIFKSbXiZn3u5DPy"},"_contentSize":{"__type__":"cc.Size","width":530,"height":360},"_trs":{"__type__":"TypedArray","ctor":"Float64Array","array":[-226,0,0,0,0,0,1,1,1,1]}},{"__type__":"cc.Node","_name":"1","_parent":{"__id__":1},"_components":[{"__type__":"cc.Sprite","node":{"__id__":4},"_sizeMode":2,"_isTrimmedMode":false}],"_prefab":{"__type__":"cc.PrefabInfo","root":{"__id__":1},"asset":{"__uuid__":"qzmjmjb5-b778-4253-838c-a348c477fa38"},"fileId":"0e905p0cg5FEb/hc7GQsVGq"},"_contentSize":{"__type__":"cc.Size","width":466,"height":190},"_trs":{"__type__":"TypedArray","ctor":"Float64Array","array":[0,0,0,0,0,0,1,1,1,1]}}]]