[{"__type__":"cc.SpriteFrame","content":{"name":"expression_01_01","texture":"qzmjmj97-072c-4c27-8a40-920d82b7aca7","rect":[29,45,92,95],"offset":[-2,-5],"originalSize":[154,175],"capInsets":[0,0,0,0]}},{"__type__":"cc.SpriteFrame","content":{"name":"expression_01_04","texture":"qzmjmj0e-6816-4807-8046-a243681030d5","rect":[30,45,90,95],"offset":[-2,-5],"originalSize":[154,175],"capInsets":[0,0,0,0]}},{"__type__":"cc.SpriteFrame","content":{"name":"expression_01_02","texture":"qzmjmj69-2cc7-457c-9c0c-625aaf3d8518","rect":[30,45,90,95],"offset":[-2,-5],"originalSize":[154,175],"capInsets":[0,0,0,0]}},{"__type__":"cc.SpriteFrame","content":{"name":"expression_01_05","texture":"qzmjmjff-12a7-4bb9-82f7-616892946b2c","rect":[29,45,92,95],"offset":[-2,-5],"originalSize":[154,175],"capInsets":[0,0,0,0]}},{"__type__":"cc.AnimationClip","_name":"face1Action","_duration":1.05,"sample":20,"curveData":{"comps":{"cc.Sprite":{"spriteFrame":[{"frame":0,"value":{"__uuid__":"qzmjmj3d-8fd5-4d1f-8d6a-3b0ee3bb05b0"}},{"frame":0.25,"value":{"__uuid__":"qzmjmj7c-8f4b-4d55-8d32-6fdb5c767b04"}},{"frame":0.5,"value":{"__uuid__":"qzmjmjde-47a6-4d7a-b627-ab1bf15c3007"}},{"frame":0.75,"value":{"__uuid__":"qzmjmj61-28df-441c-af65-e7b37f630652"}},{"frame":1,"value":{"__uuid__":"qzmjmj8e-1310-4f77-b8df-1b2b1c9d0725"}}]}}}},{"__type__":"cc.SpriteFrame","content":{"name":"expression_01_03","texture":"qzmjmjb6-ed8c-4131-9ee9-6eb154aa1653","rect":[30,45,90,95],"offset":[-2,-5],"originalSize":[154,175],"capInsets":[0,0,0,0]}}]