[{"__type__":"cc.SpriteFrame","content":{"name":"img_qzdk","texture":"9fdnI1BpJKIKy7vRURngxe","rect":[0,0,269,434],"offset":[0,0],"originalSize":[269,434],"capInsets":[0,0,0,0]}},{"__type__":"cc.SpriteFrame","content":{"name":"btn_huang","texture":"b3SoLmv/BOUZMob3UvUGGG","rect":[0,0,248,93],"offset":[0,0.5],"originalSize":[248,94],"capInsets":[0,0,0,0]}},[{"__type__":"cc.Prefab","_name":"qzmj_UIMJWBResultDetail","data":{"__id__":1}},{"__type__":"cc.Node","_name":"qzmj_UIMJWBResultDetail","_children":[{"__id__":2},{"__id__":4},{"__id__":42},{"__id__":44},{"__id__":45},{"__id__":46},{"__id__":47},{"__id__":48}],"_components":[{"__type__":"cc.Widget","node":{"__id__":1},"alignMode":0,"_alignFlags":45},{"__type__":"cc.Button","node":{"__id__":1},"_N$normalColor":{"__type__":"cc.Color","r":214,"g":214,"b":214},"_N$target":{"__id__":1}},{"__type__":"cc.Sprite","node":{"__id__":1},"_materials":[{"__uuid__":"ecpdLyjvZBwrvm+cedCcQy"}],"_spriteFrame":{"__uuid__":"qzmjmj1f-3e0b-4b1d-ae52-c52ad188bba9"},"_sizeMode":0},{"__type__":"480e5ArAbxHdLRIupBTrxHP","node":{"__id__":1}}],"_prefab":{"__type__":"cc.PrefabInfo","root":{"__id__":1},"asset":{"__uuid__":"4dyIHJ3pZDq4BMrGjLdYJ8"},"fileId":"8fllctazZJy5FrGQPlXtv2"},"_contentSize":{"__type__":"cc.Size","width":1360,"height":760},"_trs":{"__type__":"TypedArray","ctor":"Float64Array","array":[680,380,0,0,0,0,1,1,1,1]}},{"__type__":"cc.Node","_name":"bg","_parent":{"__id__":1},"_children":[{"__id__":3}],"_components":[{"__type__":"cc.Sprite","node":{"__id__":2},"_materials":[{"__uuid__":"ecpdLyjvZBwrvm+cedCcQy"}],"_spriteFrame":{"__uuid__":"c8+Fq4OQJGV6qqCwf1e1J/"}}],"_prefab":{"__type__":"cc.PrefabInfo","root":{"__id__":1},"asset":{"__uuid__":"4dyIHJ3pZDq4BMrGjLdYJ8"},"fileId":"aecfZ/31VDFa7UbR2nNZ8w"},"_contentSize":{"__type__":"cc.Size","width":1219,"height":654},"_trs":{"__type__":"TypedArray","ctor":"Float64Array","array":[-2,-42.061,0,0,0,0,1,1,1,1]}},{"__type__":"cc.Node","_name":"bg_title","_parent":{"__id__":2},"_components":[{"__type__":"cc.Sprite","node":{"__id__":3},"_materials":[{"__uuid__":"ecpdLyjvZBwrvm+cedCcQy"}],"_spriteFrame":{"__uuid__":"56T+6OyFJBgLzpd53d3oeo"}}],"_prefab":{"__type__":"cc.PrefabInfo","root":{"__id__":1},"asset":{"__uuid__":"4dyIHJ3pZDq4BMrGjLdYJ8"},"fileId":"a9EJ7LqCxME5HHZ/waMaog"},"_contentSize":{"__type__":"cc.Size","width":433,"height":148},"_trs":{"__type__":"TypedArray","ctor":"Float64Array","array":[0,325.104,0,0,0,0,1,1,1,1]}},{"__type__":"cc.Node","_name":"layout_player","_parent":{"__id__":1},"_children":[{"__id__":5}],"_components":[{"__type__":"cc.Layout","node":{"__id__":4},"_layoutSize":{"__type__":"cc.Size","width":269,"height":437},"_resize":1,"_N$layoutType":1,"_N$spacingX":10}],"_prefab":{"__type__":"cc.PrefabInfo","root":{"__id__":1},"asset":{"__uuid__":"4dyIHJ3pZDq4BMrGjLdYJ8"},"fileId":"caqD31kSJANppSdMBzfE38"},"_contentSize":{"__type__":"cc.Size","width":269,"height":437},"_trs":{"__type__":"TypedArray","ctor":"Float64Array","array":[0,-11,0,0,0,0,1,1,1,1]}},{"__type__":"cc.Node","_name":"player1","_parent":{"__id__":4},"_children":[{"__id__":6},{"__id__":11},{"__id__":40},{"__id__":41}],"_components":[{"__type__":"cc.Sprite","node":{"__id__":5},"_materials":[{"__uuid__":"ecpdLyjvZBwrvm+cedCcQy"}],"_spriteFrame":{"__uuid__":"04WNi3XL5Ohaziqvt0aD9n"},"_isTrimmedMode":false}],"_prefab":{"__type__":"cc.PrefabInfo","root":{"__id__":1},"asset":{"__uuid__":"4dyIHJ3pZDq4BMrGjLdYJ8"},"fileId":"38vr+RYa9LQLXx0PWrWAMl"},"_contentSize":{"__type__":"cc.Size","width":269,"height":434},"_trs":{"__type__":"TypedArray","ctor":"Float64Array","array":[0,0,0,0,0,0,1,1,1,1]}},{"__type__":"cc.Node","_name":"user_info","_parent":{"__id__":5},"_children":[{"__id__":7},{"__id__":8},{"__id__":9},{"__id__":10}],"_prefab":{"__type__":"cc.PrefabInfo","root":{"__id__":1},"asset":{"__uuid__":"4dyIHJ3pZDq4BMrGjLdYJ8"},"fileId":"6adobAu3VA8aYjO6Ry1Fbc"},"_contentSize":{"__type__":"cc.Size","width":250,"height":80},"_trs":{"__type__":"TypedArray","ctor":"Float64Array","array":[17.207,151.9,0,0,0,0,1,1,1,1]}},{"__type__":"cc.Node","_name":"head_img","_parent":{"__id__":6},"_components":[{"__type__":"cc.Sprite","node":{"__id__":7},"_materials":[{"__uuid__":"ecpdLyjvZBwrvm+cedCcQy"}],"_spriteFrame":{"__uuid__":"qzmjmjd4-6d8e-4361-aae8-91caca6f2355"},"_sizeMode":0,"_isTrimmedMode":false},{"__type__":"qzmjmj73-3561-4a28-8fd0-4ff9fc711d7e","node":{"__id__":7},"JS_Name":"xymj_BaseComponent"}],"_prefab":{"__type__":"cc.PrefabInfo","root":{"__id__":1},"asset":{"__uuid__":"4dyIHJ3pZDq4BMrGjLdYJ8"},"fileId":"c00MocHV9FxKPqg0QEqc6R"},"_contentSize":{"__type__":"cc.Size","width":80,"height":80},"_trs":{"__type__":"TypedArray","ctor":"Float64Array","array":[-100.9,17.8,0,0,0,0,1,1,1,1]}},{"__type__":"cc.Node","_name":"lable_name","_parent":{"__id__":6},"_components":[{"__type__":"cc.Label","node":{"__id__":8},"_materials":[{"__uuid__":"ecpdLyjvZBwrvm+cedCcQy"}],"_useOriginalSize":false,"_string":"丸子科丸丸","_N$string":"丸子科丸丸","_fontSize":24,"_lineHeight":24,"_N$file":{"__uuid__":"qzmjmj1e-650d-4484-9e24-10ffc791e225"},"_isSystemFontUsed":false,"_N$verticalAlign":1}],"_prefab":{"__type__":"cc.PrefabInfo","root":{"__id__":1},"asset":{"__uuid__":"4dyIHJ3pZDq4BMrGjLdYJ8"},"fileId":"86x4fPXBxEQpvzKNLxSzmm"},"_color":{"__type__":"cc.Color","r":138,"g":55},"_contentSize":{"__type__":"cc.Size","width":120,"height":30.24},"_anchorPoint":{"__type__":"cc.Vec2","y":0.5},"_trs":{"__type__":"TypedArray","ctor":"Float64Array","array":[-59.6,39.5,0,0,0,0,1,1,1,1]}},{"__type__":"cc.Node","_name":"label_id","_parent":{"__id__":6},"_components":[{"__type__":"cc.Label","node":{"__id__":9},"_materials":[{"__uuid__":"ecpdLyjvZBwrvm+cedCcQy"}],"_useOriginalSize":false,"_string":"142536","_N$string":"142536","_fontSize":24,"_lineHeight":24,"_N$file":{"__uuid__":"qzmjmj1e-650d-4484-9e24-10ffc791e225"},"_isSystemFontUsed":false,"_N$horizontalAlign":1,"_N$verticalAlign":1}],"_prefab":{"__type__":"cc.PrefabInfo","root":{"__id__":1},"asset":{"__uuid__":"4dyIHJ3pZDq4BMrGjLdYJ8"},"fileId":"94NS7h23NEWa+TqjxiALSj"},"_color":{"__type__":"cc.Color","r":138,"g":55},"_contentSize":{"__type__":"cc.Size","width":77.25,"height":30.24},"_anchorPoint":{"__type__":"cc.Vec2","y":0.5},"_trs":{"__type__":"TypedArray","ctor":"Float64Array","array":[-55.6,-2.2,0,0,0,0,1,1,1,1]}},{"__type__":"cc.Node","_name":"sex","_parent":{"__id__":6},"_active":false,"_components":[{"__type__":"cc.Sprite","node":{"__id__":10},"_materials":[{"__uuid__":"ecpdLyjvZBwrvm+cedCcQy"}],"_spriteFrame":{"__uuid__":"qzmjmj9c-6769-4fe8-8f48-74ca87313497"},"_sizeMode":0}],"_prefab":{"__type__":"cc.PrefabInfo","root":{"__id__":1},"asset":{"__uuid__":"4dyIHJ3pZDq4BMrGjLdYJ8"},"fileId":"b3ZOGfYwtPa7S58impQ2TM"},"_contentSize":{"__type__":"cc.Size","width":24,"height":24},"_trs":{"__type__":"TypedArray","ctor":"Float64Array","array":[112.037,38.5,0,0,0,0,1,1,1,1]}},{"__type__":"cc.Node","_name":"jiesuan","_parent":{"__id__":5},"_children":[{"__id__":12},{"__id__":37},{"__id__":38},{"__id__":39}],"_prefab":{"__type__":"cc.PrefabInfo","root":{"__id__":1},"asset":{"__uuid__":"4dyIHJ3pZDq4BMrGjLdYJ8"},"fileId":"edxk/pFihFRpK7gWIHBSK8"},"_contentSize":{"__type__":"cc.Size","width":250,"height":300},"_trs":{"__type__":"TypedArray","ctor":"Float64Array","array":[-1,-31,0,0,0,0,1,1,1,1]}},{"__type__":"cc.Node","_name":"layout","_parent":{"__id__":11},"_children":[{"__id__":13},{"__id__":16},{"__id__":19},{"__id__":22},{"__id__":25},{"__id__":28},{"__id__":31},{"__id__":34}],"_components":[{"__type__":"cc.Layout","node":{"__id__":12},"_layoutSize":{"__type__":"cc.Size","width":250,"height":184},"_resize":1,"_N$layoutType":2,"_N$paddingTop":20,"_N$spacingY":20}],"_prefab":{"__type__":"cc.PrefabInfo","root":{"__id__":1},"asset":{"__uuid__":"4dyIHJ3pZDq4BMrGjLdYJ8"},"fileId":"a4+n2gMq1LwI7JhQDvETol"},"_contentSize":{"__type__":"cc.Size","width":250,"height":184},"_anchorPoint":{"__type__":"cc.Vec2","x":0.5,"y":1},"_trs":{"__type__":"TypedArray","ctor":"Float64Array","array":[0,137.5,0,0,0,0,1,1,1,1]}},{"__type__":"cc.Node","_name":"hu","_parent":{"__id__":12},"_children":[{"__id__":14},{"__id__":15}],"_prefab":{"__type__":"cc.PrefabInfo","root":{"__id__":1},"asset":{"__uuid__":"4dyIHJ3pZDq4BMrGjLdYJ8"},"fileId":"fbEIFnA79Ne4SjaBu4TWff"},"_contentSize":{"__type__":"cc.Size","width":250,"height":26},"_trs":{"__type__":"TypedArray","ctor":"Float64Array","array":[0,-33,0,0,0,0,1,1,1,1]}},{"__type__":"cc.Node","_name":"tip","_parent":{"__id__":13},"_components":[{"__type__":"cc.Label","node":{"__id__":14},"_materials":[{"__uuid__":"ecpdLyjvZBwrvm+cedCcQy"}],"_useOriginalSize":false,"_string":"胡牌次数","_N$string":"胡牌次数","_fontSize":26,"_lineHeight":26,"_N$file":{"__uuid__":"qzmjmj1e-650d-4484-9e24-10ffc791e225"},"_isSystemFontUsed":false,"_N$horizontalAlign":1,"_N$verticalAlign":1}],"_prefab":{"__type__":"cc.PrefabInfo","root":{"__id__":1},"asset":{"__uuid__":"4dyIHJ3pZDq4BMrGjLdYJ8"},"fileId":"304wlohv9Cm4gSQ8DqgEnN"},"_color":{"__type__":"cc.Color","r":186,"g":71,"b":40},"_contentSize":{"__type__":"cc.Size","width":104,"height":32.76},"_trs":{"__type__":"TypedArray","ctor":"Float64Array","array":[-68.1,0,0,0,0,0,1,1,1,1]}},{"__type__":"cc.Node","_name":"num","_parent":{"__id__":13},"_components":[{"__type__":"cc.Label","node":{"__id__":15},"_materials":[{"__uuid__":"ecpdLyjvZBwrvm+cedCcQy"}],"_useOriginalSize":false,"_string":"3次","_N$string":"3次","_fontSize":26,"_lineHeight":26,"_N$file":{"__uuid__":"qzmjmj1e-650d-4484-9e24-10ffc791e225"},"_isSystemFontUsed":false,"_N$horizontalAlign":1,"_N$verticalAlign":1}],"_prefab":{"__type__":"cc.PrefabInfo","root":{"__id__":1},"asset":{"__uuid__":"4dyIHJ3pZDq4BMrGjLdYJ8"},"fileId":"9bj4FFHr9NlrgtST7cb8gD"},"_color":{"__type__":"cc.Color","r":186,"g":71,"b":40},"_contentSize":{"__type__":"cc.Size","width":40.83,"height":32.76},"_trs":{"__type__":"TypedArray","ctor":"Float64Array","array":[93.3,0,0,0,0,0,1,1,1,1]}},{"__type__":"cc.Node","_name":"danyou","_parent":{"__id__":12},"_children":[{"__id__":17},{"__id__":18}],"_active":false,"_prefab":{"__type__":"cc.PrefabInfo","root":{"__id__":1},"asset":{"__uuid__":"4dyIHJ3pZDq4BMrGjLdYJ8"},"fileId":"01MBzE3PZGeIh0H85LxVwN"},"_contentSize":{"__type__":"cc.Size","width":250,"height":26},"_trs":{"__type__":"TypedArray","ctor":"Float64Array","array":[0,-74,0,0,0,0,1,1,1,1]}},{"__type__":"cc.Node","_name":"tip","_parent":{"__id__":16},"_components":[{"__type__":"cc.Label","node":{"__id__":17},"_materials":[{"__uuid__":"ecpdLyjvZBwrvm+cedCcQy"}],"_useOriginalSize":false,"_string":"单游次数","_N$string":"单游次数","_fontSize":26,"_lineHeight":26,"_N$file":{"__uuid__":"qzmjmj1e-650d-4484-9e24-10ffc791e225"},"_isSystemFontUsed":false,"_N$horizontalAlign":1,"_N$verticalAlign":1}],"_prefab":{"__type__":"cc.PrefabInfo","root":{"__id__":1},"asset":{"__uuid__":"4dyIHJ3pZDq4BMrGjLdYJ8"},"fileId":"e5fJnASNRIQJMf7ST2nNNt"},"_color":{"__type__":"cc.Color","r":186,"g":71,"b":40},"_contentSize":{"__type__":"cc.Size","width":104,"height":32.76},"_trs":{"__type__":"TypedArray","ctor":"Float64Array","array":[-61.099999999999994,0,0,0,0,0,1,1,1,1]}},{"__type__":"cc.Node","_name":"num","_parent":{"__id__":16},"_components":[{"__type__":"cc.Label","node":{"__id__":18},"_materials":[{"__uuid__":"ecpdLyjvZBwrvm+cedCcQy"}],"_useOriginalSize":false,"_string":"3次","_N$string":"3次","_fontSize":26,"_lineHeight":26,"_N$file":{"__uuid__":"qzmjmj1e-650d-4484-9e24-10ffc791e225"},"_isSystemFontUsed":false,"_N$horizontalAlign":1,"_N$verticalAlign":1}],"_prefab":{"__type__":"cc.PrefabInfo","root":{"__id__":1},"asset":{"__uuid__":"4dyIHJ3pZDq4BMrGjLdYJ8"},"fileId":"14bHhHsQZEdLeReSpD47rX"},"_color":{"__type__":"cc.Color","r":186,"g":71,"b":40},"_contentSize":{"__type__":"cc.Size","width":40.83,"height":32.76},"_trs":{"__type__":"TypedArray","ctor":"Float64Array","array":[93.3,0,0,0,0,0,1,1,1,1]}},{"__type__":"cc.Node","_name":"shuangyou","_parent":{"__id__":12},"_children":[{"__id__":20},{"__id__":21}],"_active":false,"_prefab":{"__type__":"cc.PrefabInfo","root":{"__id__":1},"asset":{"__uuid__":"4dyIHJ3pZDq4BMrGjLdYJ8"},"fileId":"2dhcGH/j1ImIzfKklqdau8"},"_contentSize":{"__type__":"cc.Size","width":250,"height":26},"_trs":{"__type__":"TypedArray","ctor":"Float64Array","array":[0,-115,0,0,0,0,1,1,1,1]}},{"__type__":"cc.Node","_name":"tip","_parent":{"__id__":19},"_components":[{"__type__":"cc.Label","node":{"__id__":20},"_materials":[{"__uuid__":"ecpdLyjvZBwrvm+cedCcQy"}],"_useOriginalSize":false,"_string":"双游次数","_N$string":"双游次数","_fontSize":26,"_lineHeight":26,"_N$file":{"__uuid__":"qzmjmj1e-650d-4484-9e24-10ffc791e225"},"_isSystemFontUsed":false,"_N$horizontalAlign":1,"_N$verticalAlign":1}],"_prefab":{"__type__":"cc.PrefabInfo","root":{"__id__":1},"asset":{"__uuid__":"4dyIHJ3pZDq4BMrGjLdYJ8"},"fileId":"79GBZS8YJFrK4E4k+LJyov"},"_color":{"__type__":"cc.Color","r":186,"g":71,"b":40},"_contentSize":{"__type__":"cc.Size","width":104,"height":32.76},"_trs":{"__type__":"TypedArray","ctor":"Float64Array","array":[-61.099999999999994,0,0,0,0,0,1,1,1,1]}},{"__type__":"cc.Node","_name":"num","_parent":{"__id__":19},"_components":[{"__type__":"cc.Label","node":{"__id__":21},"_materials":[{"__uuid__":"ecpdLyjvZBwrvm+cedCcQy"}],"_useOriginalSize":false,"_string":"3次","_N$string":"3次","_fontSize":26,"_lineHeight":26,"_N$file":{"__uuid__":"qzmjmj1e-650d-4484-9e24-10ffc791e225"},"_isSystemFontUsed":false,"_N$horizontalAlign":1,"_N$verticalAlign":1}],"_prefab":{"__type__":"cc.PrefabInfo","root":{"__id__":1},"asset":{"__uuid__":"4dyIHJ3pZDq4BMrGjLdYJ8"},"fileId":"4fiDrgNttPXJjDXz5DenI5"},"_color":{"__type__":"cc.Color","r":186,"g":71,"b":40},"_contentSize":{"__type__":"cc.Size","width":40.83,"height":32.76},"_trs":{"__type__":"TypedArray","ctor":"Float64Array","array":[93.3,0,0,0,0,0,1,1,1,1]}},{"__type__":"cc.Node","_name":"zimo","_parent":{"__id__":12},"_children":[{"__id__":23},{"__id__":24}],"_prefab":{"__type__":"cc.PrefabInfo","root":{"__id__":1},"asset":{"__uuid__":"4dyIHJ3pZDq4BMrGjLdYJ8"},"fileId":"39wEn0AkZE4qy47CA1hAS2"},"_contentSize":{"__type__":"cc.Size","width":250,"height":26},"_trs":{"__type__":"TypedArray","ctor":"Float64Array","array":[0,-79,0,0,0,0,1,1,1,1]}},{"__type__":"cc.Node","_name":"tip","_parent":{"__id__":22},"_components":[{"__type__":"cc.Label","node":{"__id__":23},"_materials":[{"__uuid__":"ecpdLyjvZBwrvm+cedCcQy"}],"_useOriginalSize":false,"_string":"自摸次数","_N$string":"自摸次数","_fontSize":26,"_lineHeight":26,"_N$file":{"__uuid__":"qzmjmj1e-650d-4484-9e24-10ffc791e225"},"_isSystemFontUsed":false,"_N$horizontalAlign":1,"_N$verticalAlign":1}],"_prefab":{"__type__":"cc.PrefabInfo","root":{"__id__":1},"asset":{"__uuid__":"4dyIHJ3pZDq4BMrGjLdYJ8"},"fileId":"d1hsLbbtVOnplAi4iWmwFX"},"_color":{"__type__":"cc.Color","r":186,"g":71,"b":40},"_contentSize":{"__type__":"cc.Size","width":104,"height":32.76},"_trs":{"__type__":"TypedArray","ctor":"Float64Array","array":[-68.1,0,0,0,0,0,1,1,1,1]}},{"__type__":"cc.Node","_name":"num","_parent":{"__id__":22},"_components":[{"__type__":"cc.Label","node":{"__id__":24},"_materials":[{"__uuid__":"ecpdLyjvZBwrvm+cedCcQy"}],"_useOriginalSize":false,"_string":"3次","_N$string":"3次","_fontSize":26,"_lineHeight":26,"_N$file":{"__uuid__":"qzmjmj1e-650d-4484-9e24-10ffc791e225"},"_isSystemFontUsed":false,"_N$horizontalAlign":1,"_N$verticalAlign":1}],"_prefab":{"__type__":"cc.PrefabInfo","root":{"__id__":1},"asset":{"__uuid__":"4dyIHJ3pZDq4BMrGjLdYJ8"},"fileId":"34e+dRt3NFeZl3gL3aZKrL"},"_color":{"__type__":"cc.Color","r":186,"g":71,"b":40},"_contentSize":{"__type__":"cc.Size","width":40.83,"height":32.76},"_trs":{"__type__":"TypedArray","ctor":"Float64Array","array":[93.3,0,0,0,0,0,1,1,1,1]}},{"__type__":"cc.Node","_name":"sanyou","_parent":{"__id__":12},"_children":[{"__id__":26},{"__id__":27}],"_prefab":{"__type__":"cc.PrefabInfo","root":{"__id__":1},"asset":{"__uuid__":"4dyIHJ3pZDq4BMrGjLdYJ8"},"fileId":"33kB5QBsBEpqQdiA8D0zOc"},"_contentSize":{"__type__":"cc.Size","width":250,"height":26},"_trs":{"__type__":"TypedArray","ctor":"Float64Array","array":[0,-125,0,0,0,0,1,1,1,1]}},{"__type__":"cc.Node","_name":"tip","_parent":{"__id__":25},"_components":[{"__type__":"cc.Label","node":{"__id__":26},"_materials":[{"__uuid__":"ecpdLyjvZBwrvm+cedCcQy"}],"_useOriginalSize":false,"_string":"游金次数","_N$string":"游金次数","_fontSize":26,"_lineHeight":26,"_N$file":{"__uuid__":"qzmjmj1e-650d-4484-9e24-10ffc791e225"},"_isSystemFontUsed":false,"_N$horizontalAlign":1,"_N$verticalAlign":1}],"_prefab":{"__type__":"cc.PrefabInfo","root":{"__id__":1},"asset":{"__uuid__":"4dyIHJ3pZDq4BMrGjLdYJ8"},"fileId":"14YoVb5WFCHr9mAteQtJQv"},"_color":{"__type__":"cc.Color","r":186,"g":71,"b":40},"_contentSize":{"__type__":"cc.Size","width":104,"height":32.76},"_trs":{"__type__":"TypedArray","ctor":"Float64Array","array":[-68.1,0,0,0,0,0,1,1,1,1]}},{"__type__":"cc.Node","_name":"num","_parent":{"__id__":25},"_components":[{"__type__":"cc.Label","node":{"__id__":27},"_materials":[{"__uuid__":"ecpdLyjvZBwrvm+cedCcQy"}],"_useOriginalSize":false,"_string":"3次","_N$string":"3次","_fontSize":26,"_lineHeight":26,"_N$file":{"__uuid__":"qzmjmj1e-650d-4484-9e24-10ffc791e225"},"_isSystemFontUsed":false,"_N$horizontalAlign":1,"_N$verticalAlign":1}],"_prefab":{"__type__":"cc.PrefabInfo","root":{"__id__":1},"asset":{"__uuid__":"4dyIHJ3pZDq4BMrGjLdYJ8"},"fileId":"fcAX4f0o9CoLIXbKKl+tne"},"_color":{"__type__":"cc.Color","r":186,"g":71,"b":40},"_contentSize":{"__type__":"cc.Size","width":40.83,"height":32.76},"_trs":{"__type__":"TypedArray","ctor":"Float64Array","array":[93.3,0,0,0,0,0,1,1,1,1]}},{"__type__":"cc.Node","_name":"otherhu","_parent":{"__id__":12},"_children":[{"__id__":29},{"__id__":30}],"_prefab":{"__type__":"cc.PrefabInfo","root":{"__id__":1},"asset":{"__uuid__":"4dyIHJ3pZDq4BMrGjLdYJ8"},"fileId":"62h0MwNmZLEogIa4mnuar6"},"_contentSize":{"__type__":"cc.Size","width":250,"height":26},"_trs":{"__type__":"TypedArray","ctor":"Float64Array","array":[0,-171,0,0,0,0,1,1,1,1]}},{"__type__":"cc.Node","_name":"tip","_parent":{"__id__":28},"_components":[{"__type__":"cc.Label","node":{"__id__":29},"_materials":[{"__uuid__":"ecpdLyjvZBwrvm+cedCcQy"}],"_useOriginalSize":false,"_string":"其他胡法","_N$string":"其他胡法","_fontSize":26,"_lineHeight":26,"_N$file":{"__uuid__":"qzmjmj1e-650d-4484-9e24-10ffc791e225"},"_isSystemFontUsed":false,"_N$horizontalAlign":1,"_N$verticalAlign":1}],"_prefab":{"__type__":"cc.PrefabInfo","root":{"__id__":1},"asset":{"__uuid__":"4dyIHJ3pZDq4BMrGjLdYJ8"},"fileId":"a06FbXk6hKj4vYrGF+TV4n"},"_color":{"__type__":"cc.Color","r":186,"g":71,"b":40},"_contentSize":{"__type__":"cc.Size","width":104,"height":32.76},"_trs":{"__type__":"TypedArray","ctor":"Float64Array","array":[-68.1,0,0,0,0,0,1,1,1,1]}},{"__type__":"cc.Node","_name":"num","_parent":{"__id__":28},"_components":[{"__type__":"cc.Label","node":{"__id__":30},"_materials":[{"__uuid__":"ecpdLyjvZBwrvm+cedCcQy"}],"_useOriginalSize":false,"_string":"3次","_N$string":"3次","_fontSize":26,"_lineHeight":26,"_N$file":{"__uuid__":"qzmjmj1e-650d-4484-9e24-10ffc791e225"},"_isSystemFontUsed":false,"_N$horizontalAlign":1,"_N$verticalAlign":1}],"_prefab":{"__type__":"cc.PrefabInfo","root":{"__id__":1},"asset":{"__uuid__":"4dyIHJ3pZDq4BMrGjLdYJ8"},"fileId":"28YjdcBF1I1qlqUMDclZ0f"},"_color":{"__type__":"cc.Color","r":186,"g":71,"b":40},"_contentSize":{"__type__":"cc.Size","width":40.83,"height":32.76},"_trs":{"__type__":"TypedArray","ctor":"Float64Array","array":[93.3,0,0,0,0,0,1,1,1,1]}},{"__type__":"cc.Node","_name":"dianpao","_parent":{"__id__":12},"_children":[{"__id__":32},{"__id__":33}],"_active":false,"_prefab":{"__type__":"cc.PrefabInfo","root":{"__id__":1},"asset":{"__uuid__":"4dyIHJ3pZDq4BMrGjLdYJ8"},"fileId":"36Y73ZedlH+YLv1zGUIkm5"},"_contentSize":{"__type__":"cc.Size","width":250,"height":26},"_trs":{"__type__":"TypedArray","ctor":"Float64Array","array":[0,-125,0,0,0,0,1,1,1,1]}},{"__type__":"cc.Node","_name":"tip","_parent":{"__id__":31},"_components":[{"__type__":"cc.Label","node":{"__id__":32},"_materials":[{"__uuid__":"ecpdLyjvZBwrvm+cedCcQy"}],"_useOriginalSize":false,"_string":"点炮","_N$string":"点炮","_fontSize":26,"_lineHeight":26,"_N$file":{"__uuid__":"qzmjmj1e-650d-4484-9e24-10ffc791e225"},"_isSystemFontUsed":false,"_N$horizontalAlign":1,"_N$verticalAlign":1}],"_prefab":{"__type__":"cc.PrefabInfo","root":{"__id__":1},"asset":{"__uuid__":"4dyIHJ3pZDq4BMrGjLdYJ8"},"fileId":"62MFpSI8dK/5x8dL8HMBkn"},"_color":{"__type__":"cc.Color","r":186,"g":71,"b":40},"_contentSize":{"__type__":"cc.Size","width":52,"height":32.76},"_trs":{"__type__":"TypedArray","ctor":"Float64Array","array":[-68.1,0,0,0,0,0,1,1,1,1]}},{"__type__":"cc.Node","_name":"num","_parent":{"__id__":31},"_components":[{"__type__":"cc.Label","node":{"__id__":33},"_materials":[{"__uuid__":"ecpdLyjvZBwrvm+cedCcQy"}],"_useOriginalSize":false,"_string":"3次","_N$string":"3次","_fontSize":26,"_lineHeight":26,"_N$file":{"__uuid__":"qzmjmj1e-650d-4484-9e24-10ffc791e225"},"_isSystemFontUsed":false,"_N$horizontalAlign":1,"_N$verticalAlign":1}],"_prefab":{"__type__":"cc.PrefabInfo","root":{"__id__":1},"asset":{"__uuid__":"4dyIHJ3pZDq4BMrGjLdYJ8"},"fileId":"08hrNfIhFAT5oRokuKI4Yb"},"_color":{"__type__":"cc.Color","r":186,"g":71,"b":40},"_contentSize":{"__type__":"cc.Size","width":40.83,"height":32.76},"_trs":{"__type__":"TypedArray","ctor":"Float64Array","array":[93.3,0,0,0,0,0,1,1,1,1]}},{"__type__":"cc.Node","_name":"jiepao","_parent":{"__id__":12},"_children":[{"__id__":35},{"__id__":36}],"_active":false,"_prefab":{"__type__":"cc.PrefabInfo","root":{"__id__":1},"asset":{"__uuid__":"4dyIHJ3pZDq4BMrGjLdYJ8"},"fileId":"c5XvBlZLpLNao1ouqTrAew"},"_contentSize":{"__type__":"cc.Size","width":250,"height":26},"_trs":{"__type__":"TypedArray","ctor":"Float64Array","array":[0,-125,0,0,0,0,1,1,1,1]}},{"__type__":"cc.Node","_name":"tip","_parent":{"__id__":34},"_components":[{"__type__":"cc.Label","node":{"__id__":35},"_materials":[{"__uuid__":"ecpdLyjvZBwrvm+cedCcQy"}],"_useOriginalSize":false,"_string":"接炮","_N$string":"接炮","_fontSize":26,"_lineHeight":26,"_N$file":{"__uuid__":"qzmjmj1e-650d-4484-9e24-10ffc791e225"},"_isSystemFontUsed":false,"_N$horizontalAlign":1,"_N$verticalAlign":1}],"_prefab":{"__type__":"cc.PrefabInfo","root":{"__id__":1},"asset":{"__uuid__":"4dyIHJ3pZDq4BMrGjLdYJ8"},"fileId":"2cTdFpuBZHnJiwNm/td8uM"},"_color":{"__type__":"cc.Color","r":186,"g":71,"b":40},"_contentSize":{"__type__":"cc.Size","width":52,"height":32.76},"_trs":{"__type__":"TypedArray","ctor":"Float64Array","array":[-68.1,0,0,0,0,0,1,1,1,1]}},{"__type__":"cc.Node","_name":"num","_parent":{"__id__":34},"_components":[{"__type__":"cc.Label","node":{"__id__":36},"_materials":[{"__uuid__":"ecpdLyjvZBwrvm+cedCcQy"}],"_useOriginalSize":false,"_string":"3次","_N$string":"3次","_fontSize":26,"_lineHeight":26,"_N$file":{"__uuid__":"qzmjmj1e-650d-4484-9e24-10ffc791e225"},"_isSystemFontUsed":false,"_N$horizontalAlign":1,"_N$verticalAlign":1}],"_prefab":{"__type__":"cc.PrefabInfo","root":{"__id__":1},"asset":{"__uuid__":"4dyIHJ3pZDq4BMrGjLdYJ8"},"fileId":"b84SvtKs1ADKloBM9S0JJ4"},"_color":{"__type__":"cc.Color","r":186,"g":71,"b":40},"_contentSize":{"__type__":"cc.Size","width":40.83,"height":32.76},"_trs":{"__type__":"TypedArray","ctor":"Float64Array","array":[93.3,0,0,0,0,0,1,1,1,1]}},{"__type__":"cc.Node","_name":"lb_lost","_parent":{"__id__":11},"_components":[{"__type__":"cc.Label","node":{"__id__":37},"_materials":[{"__uuid__":"ecpdLyjvZBwrvm+cedCcQy"}],"_useOriginalSize":false,"_string":"-29","_N$string":"-29","_fontSize":28,"_lineHeight":28,"_N$file":{"__uuid__":"66oKsTgJlPjJfYNsU+ZQUw"},"_isSystemFontUsed":false,"_N$horizontalAlign":1,"_N$verticalAlign":1,"_N$overflow":2}],"_prefab":{"__type__":"cc.PrefabInfo","root":{"__id__":1},"asset":{"__uuid__":"4dyIHJ3pZDq4BMrGjLdYJ8"},"fileId":"d9v/hSi/FBLbsOePSTrW0i"},"_contentSize":{"__type__":"cc.Size","width":130,"height":40},"_trs":{"__type__":"TypedArray","ctor":"Float64Array","array":[0,-109.202,0,0,0,0,1,1.2,1.2,1]}},{"__type__":"cc.Node","_name":"lb_win","_parent":{"__id__":11},"_components":[{"__type__":"cc.Label","node":{"__id__":38},"_materials":[{"__uuid__":"ecpdLyjvZBwrvm+cedCcQy"}],"_useOriginalSize":false,"_string":"+29","_N$string":"+29","_fontSize":28,"_lineHeight":28,"_N$file":{"__uuid__":"377Geb6XFHhr9x0759J9ft"},"_isSystemFontUsed":false,"_N$horizontalAlign":1,"_N$verticalAlign":1,"_N$overflow":2}],"_prefab":{"__type__":"cc.PrefabInfo","root":{"__id__":1},"asset":{"__uuid__":"4dyIHJ3pZDq4BMrGjLdYJ8"},"fileId":"abldQUWMhNrrh874OZovSG"},"_color":{"__type__":"cc.Color","r":206,"g":45,"b":15},"_contentSize":{"__type__":"cc.Size","width":130,"height":40},"_trs":{"__type__":"TypedArray","ctor":"Float64Array","array":[0,-109.626,0,0,0,0,1,1.2,1.2,1]}},{"__type__":"cc.Node","_name":"lb_sportsPoint","_parent":{"__id__":11},"_components":[{"__type__":"cc.Label","node":{"__id__":39},"_materials":[{"__uuid__":"ecpdLyjvZBwrvm+cedCcQy"}],"_useOriginalSize":false,"_string":"比赛分：15","_N$string":"比赛分：15","_fontSize":28,"_lineHeight":28,"_N$file":{"__uuid__":"qzmjmj1e-650d-4484-9e24-10ffc791e225"},"_isSystemFontUsed":false,"_N$horizontalAlign":1,"_N$verticalAlign":1}],"_prefab":{"__type__":"cc.PrefabInfo","root":{"__id__":1},"asset":{"__uuid__":"4dyIHJ3pZDq4BMrGjLdYJ8"},"fileId":"35IFvBogFFo4N4Kex5Dkzg"},"_color":{"__type__":"cc.Color","r":27,"g":143},"_contentSize":{"__type__":"cc.Size","width":138.25,"height":35.28},"_trs":{"__type__":"TypedArray","ctor":"Float64Array","array":[0,-159.209,0,0,0,0,1,1,1,1]}},{"__type__":"cc.Node","_name":"icon_win","_parent":{"__id__":5},"_components":[{"__type__":"cc.Sprite","node":{"__id__":40},"_materials":[{"__uuid__":"ecpdLyjvZBwrvm+cedCcQy"}],"_spriteFrame":{"__uuid__":"c1KmJrskxPBIFreL+h2gqA"}}],"_prefab":{"__type__":"cc.PrefabInfo","root":{"__id__":1},"asset":{"__uuid__":"4dyIHJ3pZDq4BMrGjLdYJ8"},"fileId":"04aZ9YWe5PobOEmh9T4B+y"},"_contentSize":{"__type__":"cc.Size","width":151,"height":60},"_trs":{"__type__":"TypedArray","ctor":"Float64Array","array":[6.193,-103.112,0,0,0,0,1,1,1,1]}},{"__type__":"cc.Node","_name":"icon_paoshou","_parent":{"__id__":5},"_active":false,"_components":[{"__type__":"cc.Sprite","node":{"__id__":41},"_materials":[{"__uuid__":"ecpdLyjvZBwrvm+cedCcQy"}],"_spriteFrame":{"__uuid__":"a8U8FiPnpE3axLAnrOyhLW"}}],"_prefab":{"__type__":"cc.PrefabInfo","root":{"__id__":1},"asset":{"__uuid__":"4dyIHJ3pZDq4BMrGjLdYJ8"},"fileId":"af4JtI2yJGYaYFaz5FhZzL"},"_contentSize":{"__type__":"cc.Size","width":139,"height":77},"_trs":{"__type__":"TypedArray","ctor":"Float64Array","array":[-93.159,131.941,0,0,0,0,1,1,1,1]}},{"__type__":"cc.Node","_name":"btn_close","_parent":{"__id__":1},"_children":[{"__id__":43}],"_active":false,"_components":[{"__type__":"cc.Button","node":{"__id__":42},"clickEvents":[{"__type__":"cc.ClickEvent","target":{"__id__":1},"_componentId":"qzmjmj82-8c91-43a5-993a-d0a85100e032","handler":"OnClick_BtnWnd"}],"_N$transition":3,"transition":3,"_N$normalColor":{"__type__":"cc.Color","r":214,"g":214,"b":214},"_N$target":{"__id__":42}}],"_prefab":{"__type__":"cc.PrefabInfo","root":{"__id__":1},"asset":{"__uuid__":"4dyIHJ3pZDq4BMrGjLdYJ8"},"fileId":"68q8hkH71AZqf6mbK8JwKN"},"_contentSize":{"__type__":"cc.Size","width":98,"height":101},"_trs":{"__type__":"TypedArray","ctor":"Float64Array","array":[640,311,0,0,0,0,1,1,1,1]}},{"__type__":"cc.Node","_name":"icon","_parent":{"__id__":42},"_components":[{"__type__":"cc.Sprite","node":{"__id__":43},"_materials":[{"__uuid__":"ecpdLyjvZBwrvm+cedCcQy"}],"_spriteFrame":{"__uuid__":"qzmjmj0a-09cb-4f8d-a5ba-e45067866d94"}}],"_prefab":{"__type__":"cc.PrefabInfo","root":{"__id__":1},"asset":{"__uuid__":"4dyIHJ3pZDq4BMrGjLdYJ8"},"fileId":"499HB8njxO/JFDI8ObCOpw"},"_contentSize":{"__type__":"cc.Size","width":79,"height":80},"_trs":{"__type__":"TypedArray","ctor":"Float64Array","array":[0,0,0,0,0,0,1,1,1,1]}},{"__type__":"cc.Node","_name":"roomID","_parent":{"__id__":1},"_components":[{"__type__":"cc.Label","node":{"__id__":44},"_materials":[{"__uuid__":"ecpdLyjvZBwrvm+cedCcQy"}],"_useOriginalSize":false,"_string":"房间号:123456","_N$string":"房间号:123456","_fontSize":30,"_lineHeight":30,"_N$file":{"__uuid__":"qzmjmj1e-650d-4484-9e24-10ffc791e225"},"_isSystemFontUsed":false,"_N$horizontalAlign":1,"_N$verticalAlign":1}],"_prefab":{"__type__":"cc.PrefabInfo","root":{"__id__":1},"asset":{"__uuid__":"4dyIHJ3pZDq4BMrGjLdYJ8"},"fileId":"d0Hh1Gcr1FQrdamOH6k1zv"},"_color":{"__type__":"cc.Color","r":253,"g":249,"b":213},"_contentSize":{"__type__":"cc.Size","width":194.53,"height":37.8},"_anchorPoint":{"__type__":"cc.Vec2","y":0.5},"_trs":{"__type__":"TypedArray","ctor":"Float64Array","array":[-666,350,0,0,0,0,1,1,1,1]}},{"__type__":"cc.Node","_name":"jushu","_parent":{"__id__":1},"_components":[{"__type__":"cc.Label","node":{"__id__":45},"_materials":[{"__uuid__":"ecpdLyjvZBwrvm+cedCcQy"}],"_useOriginalSize":false,"_string":"局数:8","_N$string":"局数:8","_fontSize":30,"_N$file":{"__uuid__":"qzmjmj1e-650d-4484-9e24-10ffc791e225"},"_isSystemFontUsed":false,"_N$horizontalAlign":1,"_N$verticalAlign":1}],"_prefab":{"__type__":"cc.PrefabInfo","root":{"__id__":1},"asset":{"__uuid__":"4dyIHJ3pZDq4BMrGjLdYJ8"},"fileId":"50SzbozAJM46FZowChlrwm"},"_color":{"__type__":"cc.Color","r":253,"g":249,"b":213},"_contentSize":{"__type__":"cc.Size","width":85.08,"height":50.4},"_anchorPoint":{"__type__":"cc.Vec2","y":0.5},"_trs":{"__type__":"TypedArray","ctor":"Float64Array","array":[-436,350,0,0,0,0,1,1,1,1]}},{"__type__":"cc.Node","_name":"endTime","_parent":{"__id__":1},"_components":[{"__type__":"cc.Label","node":{"__id__":46},"_materials":[{"__uuid__":"ecpdLyjvZBwrvm+cedCcQy"}],"_useOriginalSize":false,"_string":"2017-5-30 15:30","_N$string":"2017-5-30 15:30","_fontSize":30,"_N$file":{"__uuid__":"qzmjmj1e-650d-4484-9e24-10ffc791e225"},"_isSystemFontUsed":false,"_N$horizontalAlign":1,"_N$verticalAlign":1}],"_prefab":{"__type__":"cc.PrefabInfo","root":{"__id__":1},"asset":{"__uuid__":"4dyIHJ3pZDq4BMrGjLdYJ8"},"fileId":"31/a679fBMXavw02xbh8TX"},"_color":{"__type__":"cc.Color","r":253,"g":249,"b":213},"_contentSize":{"__type__":"cc.Size","width":226.76,"height":50.4},"_anchorPoint":{"__type__":"cc.Vec2","y":0.5},"_trs":{"__type__":"TypedArray","ctor":"Float64Array","array":[-666.977,308.888,0,0,0,0,1,1,1,1]}},{"__type__":"cc.Node","_name":"wanfa","_parent":{"__id__":1},"_components":[{"__type__":"cc.Label","node":{"__id__":47},"_materials":[{"__uuid__":"ecpdLyjvZBwrvm+cedCcQy"}],"_useOriginalSize":false,"_fontSize":22,"_lineHeight":22,"_N$file":{"__uuid__":"qzmjmj1e-650d-4484-9e24-10ffc791e225"},"_isSystemFontUsed":false,"_N$overflow":2}],"_prefab":{"__type__":"cc.PrefabInfo","root":{"__id__":1},"asset":{"__uuid__":"4dyIHJ3pZDq4BMrGjLdYJ8"},"fileId":"29MuiKTd9IDan4TdWOjPK9"},"_color":{"__type__":"cc.Color","r":253,"g":249,"b":213},"_contentSize":{"__type__":"cc.Size","width":350,"height":80},"_anchorPoint":{"__type__":"cc.Vec2","x":1,"y":1},"_trs":{"__type__":"TypedArray","ctor":"Float64Array","array":[672,373.162,0,0,0,0,1,1,1,1]}},{"__type__":"cc.Node","_name":"btn_lists","_parent":{"__id__":1},"_children":[{"__id__":49},{"__id__":51},{"__id__":53},{"__id__":55},{"__id__":57},{"__id__":59},{"__id__":61}],"_components":[{"__type__":"cc.Layout","node":{"__id__":48},"_layoutSize":{"__type__":"cc.Size","width":1172,"height":70},"_resize":1,"_N$layoutType":1,"_N$spacingX":60}],"_prefab":{"__type__":"cc.PrefabInfo","root":{"__id__":1},"asset":{"__uuid__":"4dyIHJ3pZDq4BMrGjLdYJ8"},"fileId":"b6AO9of9tP56PAeSJGXHyi"},"_contentSize":{"__type__":"cc.Size","width":1172,"height":70},"_trs":{"__type__":"TypedArray","ctor":"Float64Array","array":[0,-304,0,0,0,0,1,1,1,1]}},{"__type__":"cc.Node","_name":"btn_sharelink","_parent":{"__id__":48},"_children":[{"__id__":50}],"_components":[{"__type__":"cc.Sprite","node":{"__id__":49},"_materials":[{"__uuid__":"ecpdLyjvZBwrvm+cedCcQy"}],"_spriteFrame":{"__uuid__":"dbh1gLFzhA4aSbCSqOJbWH"},"_isTrimmedMode":false},{"__type__":"cc.Button","node":{"__id__":49},"clickEvents":[{"__type__":"cc.ClickEvent","target":{"__id__":1},"_componentId":"480e5ArAbxHdLRIupBTrxHP","handler":"OnClick_BtnWnd"}],"_N$transition":3,"transition":3,"_N$normalColor":{"__type__":"cc.Color","r":214,"g":214,"b":214},"_N$target":{"__id__":49}}],"_prefab":{"__type__":"cc.PrefabInfo","root":{"__id__":1},"asset":{"__uuid__":"4dyIHJ3pZDq4BMrGjLdYJ8"},"fileId":"1bDcUv4+1JlIVe4MCQtMhW"},"_contentSize":{"__type__":"cc.Size","width":248,"height":83},"_trs":{"__type__":"TypedArray","ctor":"Float64Array","array":[-462,0,0,0,0,0,1,1,1,1]}},{"__type__":"cc.Node","_name":"New Sprite","_parent":{"__id__":49},"_components":[{"__type__":"cc.Label","node":{"__id__":50},"_materials":[{"__uuid__":"ecpdLyjvZBwrvm+cedCcQy"}],"_string":"分享链接","_N$string":"分享链接","_fontSize":36,"_lineHeight":36,"_N$file":{"__uuid__":"qzmjmj1e-650d-4484-9e24-10ffc791e225"},"_isSystemFontUsed":false,"_N$horizontalAlign":1,"_N$verticalAlign":1},{"__type__":"cc.LabelOutline","node":{"__id__":50},"_color":{"__type__":"cc.Color","r":7,"g":116,"b":181},"_width":2}],"_prefab":{"__type__":"cc.PrefabInfo","root":{"__id__":1},"asset":{"__uuid__":"4dyIHJ3pZDq4BMrGjLdYJ8"},"fileId":"31XBpcZElA+IIkgIezhkHK"},"_color":{"__type__":"cc.Color","r":254,"g":254,"b":254},"_contentSize":{"__type__":"cc.Size","width":148,"height":49.36},"_trs":{"__type__":"TypedArray","ctor":"Float64Array","array":[0,4,0,0,0,0,1,1,1,1]}},{"__type__":"cc.Node","_name":"btn_exit","_parent":{"__id__":48},"_children":[{"__id__":52}],"_components":[{"__type__":"cc.Sprite","node":{"__id__":51},"_materials":[{"__uuid__":"ecpdLyjvZBwrvm+cedCcQy"}],"_spriteFrame":{"__uuid__":"264c+CGYRAPYEVdEvtAzG4"},"_isTrimmedMode":false},{"__type__":"cc.Button","node":{"__id__":51},"clickEvents":[{"__type__":"cc.ClickEvent","target":{"__id__":1},"_componentId":"480e5ArAbxHdLRIupBTrxHP","handler":"OnClick_BtnWnd"}],"_N$transition":3,"transition":3,"_N$pressedColor":{"__type__":"cc.Color","r":255,"g":255,"b":255},"pressedColor":{"__type__":"cc.Color","r":255,"g":255,"b":255},"_N$disabledColor":{"__type__":"cc.Color","r":255,"g":255,"b":255},"_N$target":{"__id__":51}}],"_prefab":{"__type__":"cc.PrefabInfo","root":{"__id__":1},"asset":{"__uuid__":"4dyIHJ3pZDq4BMrGjLdYJ8"},"fileId":"df6DPv5y1GVbdL/e2w4uw5"},"_contentSize":{"__type__":"cc.Size","width":248,"height":93},"_trs":{"__type__":"TypedArray","ctor":"Float64Array","array":[-154,0,0,0,0,0,1,1,1,1]}},{"__type__":"cc.Node","_name":"New Label","_parent":{"__id__":51},"_components":[{"__type__":"cc.Label","node":{"__id__":52},"_materials":[{"__uuid__":"ecpdLyjvZBwrvm+cedCcQy"}],"_useOriginalSize":false,"_string":"返回大厅","_N$string":"返回大厅","_fontSize":36,"_lineHeight":36,"_N$file":{"__uuid__":"qzmjmj1e-650d-4484-9e24-10ffc791e225"},"_isSystemFontUsed":false,"_N$horizontalAlign":1,"_N$verticalAlign":1},{"__type__":"cc.LabelOutline","node":{"__id__":52},"_color":{"__type__":"cc.Color","r":190,"g":80,"b":1},"_width":2}],"_prefab":{"__type__":"cc.PrefabInfo","root":{"__id__":1},"asset":{"__uuid__":"4dyIHJ3pZDq4BMrGjLdYJ8"},"fileId":"88Z0tukRJLwpaYBaCJuYGx"},"_color":{"__type__":"cc.Color","r":254,"g":254,"b":254},"_contentSize":{"__type__":"cc.Size","width":148,"height":49.36},"_trs":{"__type__":"TypedArray","ctor":"Float64Array","array":[0,9.485,0,0,0,0,1,1,1,1]}},{"__type__":"cc.Node","_name":"btn_sharemore","_parent":{"__id__":48},"_children":[{"__id__":54}],"_components":[{"__type__":"cc.Sprite","node":{"__id__":53},"_materials":[{"__uuid__":"ecpdLyjvZBwrvm+cedCcQy"}],"_spriteFrame":{"__uuid__":"eeYQYPCABAQZptWoLdE6oT"},"_isTrimmedMode":false},{"__type__":"cc.Button","node":{"__id__":53},"clickEvents":[{"__type__":"cc.ClickEvent","target":{"__id__":1},"_componentId":"480e5ArAbxHdLRIupBTrxHP","handler":"OnClick_BtnWnd"}],"_N$transition":3,"transition":3,"_N$normalColor":{"__type__":"cc.Color","r":214,"g":214,"b":214},"_N$target":{"__id__":53}}],"_prefab":{"__type__":"cc.PrefabInfo","root":{"__id__":1},"asset":{"__uuid__":"4dyIHJ3pZDq4BMrGjLdYJ8"},"fileId":"21RyoSrtFIgrQt8gEBHtSi"},"_contentSize":{"__type__":"cc.Size","width":248,"height":81},"_trs":{"__type__":"TypedArray","ctor":"Float64Array","array":[154,0,0,0,0,0,1,1,1,1]}},{"__type__":"cc.Node","_name":"New Label","_parent":{"__id__":53},"_components":[{"__type__":"cc.Label","node":{"__id__":54},"_materials":[{"__uuid__":"ecpdLyjvZBwrvm+cedCcQy"}],"_useOriginalSize":false,"_string":"分享战绩","_N$string":"分享战绩","_fontSize":36,"_lineHeight":36,"_N$file":{"__uuid__":"qzmjmj1e-650d-4484-9e24-10ffc791e225"},"_isSystemFontUsed":false,"_N$horizontalAlign":1,"_N$verticalAlign":1},{"__type__":"cc.LabelOutline","node":{"__id__":54},"_color":{"__type__":"cc.Color","r":66,"g":129,"b":29},"_width":2}],"_prefab":{"__type__":"cc.PrefabInfo","root":{"__id__":1},"asset":{"__uuid__":"4dyIHJ3pZDq4BMrGjLdYJ8"},"fileId":"5fD2IahXtFeaWPoo0/D8FG"},"_color":{"__type__":"cc.Color","r":254,"g":254,"b":254},"_contentSize":{"__type__":"cc.Size","width":148,"height":49.36},"_trs":{"__type__":"TypedArray","ctor":"Float64Array","array":[0,2.2,0,0,0,0,1,1,1,1]}},{"__type__":"cc.Node","_name":"btn_wolaikaiju","_parent":{"__id__":48},"_children":[{"__id__":56}],"_active":false,"_components":[{"__type__":"cc.Sprite","node":{"__id__":55},"_materials":[{"__uuid__":"ecpdLyjvZBwrvm+cedCcQy"}],"_spriteFrame":{"__uuid__":"qzmjmj1e-2302-43db-acf0-f80fb6d27f32"},"_sizeMode":0},{"__type__":"cc.Button","node":{"__id__":55},"clickEvents":[{"__type__":"cc.ClickEvent","target":{"__id__":1},"_componentId":"qzmjmj82-8c91-43a5-993a-d0a85100e032","handler":"OnClick_BtnWnd"}],"_N$transition":3,"transition":3,"_N$normalColor":{"__type__":"cc.Color","r":214,"g":214,"b":214},"_N$target":{"__id__":55}}],"_prefab":{"__type__":"cc.PrefabInfo","root":{"__id__":1},"asset":{"__uuid__":"4dyIHJ3pZDq4BMrGjLdYJ8"},"fileId":"a00mCndT9DhIhIHdb1+N2Y"},"_contentSize":{"__type__":"cc.Size","width":150,"height":70},"_trs":{"__type__":"TypedArray","ctor":"Float64Array","array":[308,-289,0,0,0,0,1,1,1,1]}},{"__type__":"cc.Node","_name":"icon","_parent":{"__id__":55},"_components":[{"__type__":"cc.Label","node":{"__id__":56},"_materials":[{"__uuid__":"ecpdLyjvZBwrvm+cedCcQy"}],"_useOriginalSize":false,"_string":"我来续","_N$string":"我来续","_fontSize":32,"_lineHeight":36,"_N$file":{"__uuid__":"qzmjmj1e-650d-4484-9e24-10ffc791e225"},"_isSystemFontUsed":false,"_N$horizontalAlign":1,"_N$verticalAlign":1}],"_prefab":{"__type__":"cc.PrefabInfo","root":{"__id__":1},"asset":{"__uuid__":"4dyIHJ3pZDq4BMrGjLdYJ8"},"fileId":"eeSwl1wlJPIqURgDewf5KF"},"_color":{"__type__":"cc.Color","r":82,"g":107},"_contentSize":{"__type__":"cc.Size","width":96,"height":45.36},"_trs":{"__type__":"TypedArray","ctor":"Float64Array","array":[0.6,1.8,0,0,0,0,1,1,1,1]}},{"__type__":"cc.Node","_name":"btn_pingfenkaiju","_parent":{"__id__":48},"_children":[{"__id__":58}],"_active":false,"_components":[{"__type__":"cc.Sprite","node":{"__id__":57},"_materials":[{"__uuid__":"ecpdLyjvZBwrvm+cedCcQy"}],"_spriteFrame":{"__uuid__":"qzmjmj1e-2302-43db-acf0-f80fb6d27f32"},"_sizeMode":0},{"__type__":"cc.Button","node":{"__id__":57},"clickEvents":[{"__type__":"cc.ClickEvent","target":{"__id__":1},"_componentId":"qzmjmj82-8c91-43a5-993a-d0a85100e032","handler":"OnClick_BtnWnd"}],"_N$transition":3,"transition":3,"_N$normalColor":{"__type__":"cc.Color","r":214,"g":214,"b":214},"_N$target":{"__id__":57}}],"_prefab":{"__type__":"cc.PrefabInfo","root":{"__id__":1},"asset":{"__uuid__":"4dyIHJ3pZDq4BMrGjLdYJ8"},"fileId":"75Y8XEtSdEa7Fc6Xm6pA2y"},"_contentSize":{"__type__":"cc.Size","width":150,"height":70},"_trs":{"__type__":"TypedArray","ctor":"Float64Array","array":[308,-289,0,0,0,0,1,1,1,1]}},{"__type__":"cc.Node","_name":"icon","_parent":{"__id__":57},"_components":[{"__type__":"cc.Label","node":{"__id__":58},"_materials":[{"__uuid__":"ecpdLyjvZBwrvm+cedCcQy"}],"_useOriginalSize":false,"_string":"平分续","_N$string":"平分续","_fontSize":32,"_lineHeight":36,"_N$file":{"__uuid__":"qzmjmj1e-650d-4484-9e24-10ffc791e225"},"_isSystemFontUsed":false,"_N$horizontalAlign":1,"_N$verticalAlign":1}],"_prefab":{"__type__":"cc.PrefabInfo","root":{"__id__":1},"asset":{"__uuid__":"4dyIHJ3pZDq4BMrGjLdYJ8"},"fileId":"978Tappe5M0KNtI44F0Mq4"},"_color":{"__type__":"cc.Color","r":82,"g":107},"_contentSize":{"__type__":"cc.Size","width":96,"height":45.36},"_trs":{"__type__":"TypedArray","ctor":"Float64Array","array":[0.6,1.8,0,0,0,0,1,1,1,1]}},{"__type__":"cc.Node","_name":"btn_dayingjiakaiju","_parent":{"__id__":48},"_children":[{"__id__":60}],"_active":false,"_components":[{"__type__":"cc.Sprite","node":{"__id__":59},"_spriteFrame":{"__uuid__":"qzmjmj1e-2302-43db-acf0-f80fb6d27f32"},"_sizeMode":0},{"__type__":"cc.Button","node":{"__id__":59},"clickEvents":[{"__type__":"cc.ClickEvent","target":{"__id__":1},"_componentId":"qzmjmj82-8c91-43a5-993a-d0a85100e032","handler":"OnClick_BtnWnd"}],"_N$transition":3,"transition":3,"_N$normalColor":{"__type__":"cc.Color","r":214,"g":214,"b":214},"_N$target":{"__id__":59}}],"_prefab":{"__type__":"cc.PrefabInfo","root":{"__id__":1},"asset":{"__uuid__":"4dyIHJ3pZDq4BMrGjLdYJ8"},"fileId":"1e897TgjRKXYJ5N+aX9dAi"},"_contentSize":{"__type__":"cc.Size","width":150,"height":70},"_trs":{"__type__":"TypedArray","ctor":"Float64Array","array":[119,-289,0,0,0,0,1,1,1,1]}},{"__type__":"cc.Node","_name":"icon","_parent":{"__id__":59},"_components":[{"__type__":"cc.Label","node":{"__id__":60},"_useOriginalSize":false,"_string":"大赢家续","_N$string":"大赢家续","_fontSize":32,"_lineHeight":36,"_N$file":{"__uuid__":"qzmjmj1e-650d-4484-9e24-10ffc791e225"},"_isSystemFontUsed":false,"_N$horizontalAlign":1,"_N$verticalAlign":1}],"_prefab":{"__type__":"cc.PrefabInfo","root":{"__id__":1},"asset":{"__uuid__":"4dyIHJ3pZDq4BMrGjLdYJ8"},"fileId":"482Ws6ynNCm6/cvIiP2hfR"},"_color":{"__type__":"cc.Color","r":82,"g":107},"_contentSize":{"__type__":"cc.Size","width":128,"height":36},"_trs":{"__type__":"TypedArray","ctor":"Float64Array","array":[0.6,1.8,0,0,0,0,1,1,1,1]}},{"__type__":"cc.Node","_name":"btn_continue","_parent":{"__id__":48},"_children":[{"__id__":62}],"_components":[{"__type__":"cc.Sprite","node":{"__id__":61},"_materials":[{"__uuid__":"ecpdLyjvZBwrvm+cedCcQy"}],"_spriteFrame":{"__uuid__":"264c+CGYRAPYEVdEvtAzG4"},"_isTrimmedMode":false},{"__type__":"cc.Button","node":{"__id__":61},"clickEvents":[{"__type__":"cc.ClickEvent","target":{"__id__":1},"_componentId":"480e5ArAbxHdLRIupBTrxHP","handler":"OnClick_BtnWnd"}],"_N$transition":3,"transition":3,"_N$normalColor":{"__type__":"cc.Color","r":214,"g":214,"b":214},"_N$target":{"__id__":61}}],"_prefab":{"__type__":"cc.PrefabInfo","root":{"__id__":1},"asset":{"__uuid__":"4dyIHJ3pZDq4BMrGjLdYJ8"},"fileId":"4eFzutcQZD5rjHh8lQPHB6"},"_contentSize":{"__type__":"cc.Size","width":248,"height":93},"_trs":{"__type__":"TypedArray","ctor":"Float64Array","array":[462,0,0,0,0,0,1,1,1,1]}},{"__type__":"cc.Node","_name":"New Label","_parent":{"__id__":61},"_components":[{"__type__":"cc.Label","node":{"__id__":62},"_materials":[{"__uuid__":"ecpdLyjvZBwrvm+cedCcQy"}],"_useOriginalSize":false,"_string":"继续游戏","_N$string":"继续游戏","_lineHeight":42,"_N$file":{"__uuid__":"qzmjmj1e-650d-4484-9e24-10ffc791e225"},"_isSystemFontUsed":false,"_N$horizontalAlign":1,"_N$verticalAlign":1},{"__type__":"cc.LabelOutline","node":{"__id__":62},"_color":{"__type__":"cc.Color","r":190,"g":80,"b":1},"_width":2}],"_prefab":{"__type__":"cc.PrefabInfo","root":{"__id__":1},"asset":{"__uuid__":"4dyIHJ3pZDq4BMrGjLdYJ8"},"fileId":"64pe1N2T1NrqstONNUAgrW"},"_color":{"__type__":"cc.Color","r":254,"g":254,"b":254},"_contentSize":{"__type__":"cc.Size","width":164,"height":56.92},"_trs":{"__type__":"TypedArray","ctor":"Float64Array","array":[0,10.667,0,0,0,0,1,1,1,1]}}],{"__type__":"cc.SpriteFrame","content":{"name":"img_bt","texture":"29rTmnzyhNH6ZxpyQUxtf+","rect":[0,0,433,148],"offset":[0,0],"originalSize":[433,148],"capInsets":[0,0,0,0]}},{"__type__":"cc.SpriteFrame","content":{"name":"img_zjps","texture":"ffR8yo3oxN04NSKRwkNPHh","rect":[0,0,139,77],"offset":[0,0],"originalSize":[139,77],"capInsets":[0,0,0,0]}},{"__type__":"cc.SpriteFrame","content":{"name":"img_dyj","texture":"e6wVr3rF9Iv7iSq4x2iUpN","rect":[0,0,151,60],"offset":[0,0],"originalSize":[151,60],"capInsets":[0,0,0,0]}},{"__type__":"cc.SpriteFrame","content":{"name":"img_dk","texture":"43oy8XxjpJ0rZWIe0ytrWn","rect":[0,0,1219,654],"offset":[0,0],"originalSize":[1219,654],"capInsets":[0,0,0,0]}},{"__type__":"cc.SpriteFrame","content":{"name":"btn_lan","texture":"c143MaGPFI+50GOZKQN7zB","rect":[0,0,248,83],"offset":[0,0.5],"originalSize":[248,84],"capInsets":[0,0,0,0]}},{"__type__":"cc.SpriteFrame","content":{"name":"btn_lv","texture":"5bqZV6WD9N3b0Hhmfej4eX","rect":[0,0,248,81],"offset":[0,0],"originalSize":[248,81],"capInsets":[0,0,0,0]}},{"__type__":"cc.SpriteFrame","content":{"name":"btn_close","texture":"qzmjmj22-4193-4d6e-968d-ec3ef372c92d","rect":[0,0,79,80],"offset":[0,0],"originalSize":[79,80],"capInsets":[0,0,0,0]}},{"__type__":"cc.SpriteFrame","content":{"name":"btn_green","texture":"qzmjmja5-b941-45ab-b6d3-c719e4a35d51","rect":[0,0,243,77],"offset":[-0.5,0.5],"originalSize":[244,78],"capInsets":[0,0,0,0]}},{"__type__":"cc.SpriteFrame","content":{"name":"bg","texture":"qzmjmj36-8a0c-4d92-8561-c45e53fa19cc","rect":[0,0,21,63],"offset":[0,0],"originalSize":[21,63],"capInsets":[0,0,0,0]}},{"__type__":"cc.SpriteFrame","content":{"name":"personal_male","texture":"qzmjmj77-896c-42ef-a016-1e1aea84b787","rect":[0,0,24,24],"offset":[0,0],"originalSize":[24,24],"capInsets":[0,0,0,0]}},{"__type__":"cc.SpriteFrame","content":{"name":"morentouxiang","texture":"qzmjmj52-0393-4ea1-84d8-1bdd3044f177","rect":[0,0,60,60],"offset":[0,0],"originalSize":[60,60],"capInsets":[0,0,0,0]}}]