[{"__type__":"cc.SpriteFrame","content":{"name":"3","texture":"1a40e62b7","rect":[475,3,439,354],"offset":[-35.5,-3],"originalSize":[530,360],"capInsets":[0,0,0,0]}},{"__type__":"cc.SpriteFrame","content":{"name":"1","texture":"1a40e62b7","rect":[750,363,276,261],"offset":[127,-12.5],"originalSize":[530,360],"rotated":1,"capInsets":[0,0,0,0]}},{"__type__":"cc.SpriteFrame","content":{"name":"9","texture":"1a40e62b7","rect":[750,645,257,280],"offset":[-94.5,-10],"originalSize":[530,360],"capInsets":[0,0,0,0]}},{"__type__":"cc.SpriteFrame","content":{"name":"10","texture":"1f5114e15","rect":[364,690,257,280],"offset":[-94.5,-10],"originalSize":[530,360],"capInsets":[0,0,0,0]}},{"__type__":"cc.SpriteFrame","content":{"name":"4","texture":"1a40e62b7","rect":[3,198,425,349],"offset":[-43.5,-5.5],"originalSize":[530,360],"capInsets":[0,0,0,0]}},{"__type__":"cc.SpriteFrame","content":{"name":"11","texture":"1a40e62b7","rect":[3,3,466,189],"offset":[0,0.5],"originalSize":[466,190],"capInsets":[0,0,0,0]}},{"__type__":"cc.SpriteFrame","content":{"name":"5","texture":"1a40e62b7","rect":[395,553,399,349],"offset":[-59.5,-5.5],"originalSize":[530,360],"rotated":1,"capInsets":[0,0,0,0]}},{"__type__":"cc.SpriteFrame","content":{"name":"2","texture":"1f5114e15","rect":[364,351,333,291],"offset":[76.5,-11.5],"originalSize":[530,360],"rotated":1,"capInsets":[0,0,0,0]}},{"__type__":"cc.SpriteFrame","content":{"name":"13","texture":"1a40e62b7","rect":[3,553,414,190],"offset":[-3,0],"originalSize":[466,190],"rotated":1,"capInsets":[0,0,0,0]}},{"__type__":"cc.SpriteFrame","content":{"name":"12","texture":"1a40e62b7","rect":[199,553,414,190],"offset":[-3,0],"originalSize":[466,190],"rotated":1,"capInsets":[0,0,0,0]}},{"__type__":"cc.SpriteFrame","content":{"name":"8","texture":"1f5114e15","rect":[354,3,327,342],"offset":[-100.5,-8],"originalSize":[530,360],"capInsets":[0,0,0,0]}},{"__type__":"cc.AnimationClip","_name":"sihongzhongAction","_duration":0.9333333333333333,"wrapMode":"1","curveData":{"paths":{"1":{"comps":{"cc.Sprite":{"spriteFrame":[{"frame":0.08333333333333333,"value":{"__uuid__":"lznn7360-58fa-4c66-895e-332436c21b43"}},{"frame":0.16666666666666666,"value":{"__uuid__":"lznn8dd0-d490-4eb6-8c65-f8c62f260a4d"}},{"frame":0.25,"value":{"__uuid__":"lznn8af1-0d4e-4448-ba59-97eb0c34a08a"}},{"frame":0.75,"value":{"__uuid__":"lznn8af1-0d4e-4448-ba59-97eb0c34a08a"}},{"frame":0.9166666666666666,"value":{"__uuid__":"lznn8af1-0d4e-4448-ba59-97eb0c34a08a"}}]}},"props":{"opacity":[{"frame":0,"value":0},{"frame":0.08333333333333333,"value":255},{"frame":0.9166666666666666,"value":255}]}},"2":{"comps":{"cc.Sprite":{"spriteFrame":[{"frame":0,"value":{"__uuid__":"lznn1fb5-1ab9-47b2-b183-bcfb67e02587"}},{"frame":0.08333333333333333,"value":{"__uuid__":"lznn8ada-ba0f-45d7-aab9-18feecfe518d"}},{"frame":0.16666666666666666,"value":{"__uuid__":"lznn1b2a-0b5b-4dc0-bda3-12e7270ba53d"}},{"frame":0.25,"value":{"__uuid__":"lznn6ff2-0ab2-4eec-8c83-0285174a8b39"}},{"frame":0.3333333333333333,"value":{"__uuid__":"lznn7cf5-4a08-4c4b-afb4-8281b56b2460"}},{"frame":0.4166666666666667,"value":{"__uuid__":"lznnf3cd-45fc-458a-8256-6b15c1fb7374"}},{"frame":0.5,"value":{"__uuid__":"lznnead9-77d1-48e9-a691-601df02ae5c0"}},{"frame":0.5833333333333334,"value":{"__uuid__":"lznnab8e-ea7a-472a-b54d-261fb311ac19"}},{"frame":0.6666666666666666,"value":{"__uuid__":"lznn4196-a7aa-43f1-8992-2c4d8b296f0b"}},{"frame":0.75,"value":{"__uuid__":"lznn5d0f-7887-455d-a71a-2242db578126"}},{"frame":0.9166666666666666,"value":{"__uuid__":"lznn5d0f-7887-455d-a71a-2242db578126"}}]}}},"3":{"comps":{"cc.Sprite":{"spriteFrame":[{"frame":0,"value":{"__uuid__":"lznn1fb5-1ab9-47b2-b183-bcfb67e02587"}},{"frame":0.08333333333333333,"value":{"__uuid__":"lznn8ada-ba0f-45d7-aab9-18feecfe518d"}},{"frame":0.16666666666666666,"value":{"__uuid__":"lznn1b2a-0b5b-4dc0-bda3-12e7270ba53d"}},{"frame":0.25,"value":{"__uuid__":"lznn6ff2-0ab2-4eec-8c83-0285174a8b39"}},{"frame":0.3333333333333333,"value":{"__uuid__":"lznn7cf5-4a08-4c4b-afb4-8281b56b2460"}},{"frame":0.4166666666666667,"value":{"__uuid__":"lznnf3cd-45fc-458a-8256-6b15c1fb7374"}},{"frame":0.5,"value":{"__uuid__":"lznnead9-77d1-48e9-a691-601df02ae5c0"}},{"frame":0.5833333333333334,"value":{"__uuid__":"lznnab8e-ea7a-472a-b54d-261fb311ac19"}},{"frame":0.6666666666666666,"value":{"__uuid__":"lznn4196-a7aa-43f1-8992-2c4d8b296f0b"}},{"frame":0.75,"value":{"__uuid__":"lznn5d0f-7887-455d-a71a-2242db578126"}},{"frame":0.9166666666666666,"value":{"__uuid__":"lznn5d0f-7887-455d-a71a-2242db578126"}}]}}}}}},{"__type__":"cc.SpriteFrame","content":{"name":"7","texture":"1f5114e15","rect":[3,395,355,342],"offset":[-85.5,-8],"originalSize":[530,360],"capInsets":[0,0,0,0]}},{"__type__":"cc.SpriteFrame","content":{"name":"6","texture":"1f5114e15","rect":[3,3,386,345],"offset":[-67,-7.5],"originalSize":[530,360],"rotated":1,"capInsets":[0,0,0,0]}}]