[{"__type__":"cc.SpriteFrame","content":{"name":"niuniu_num3","texture":"0fSWfVEcVIdb5JvSvFTEXR","rect":[0,0,97,125],"offset":[-15.5,1.5],"originalSize":[128,128],"capInsets":[0,0,0,0]}},{"__type__":"cc.BitmapFont","_name":"niuniu_num3","spriteFrame":{"__uuid__":"43nah1mtlLGY2o5prkYl/l"},"fontSize":32,"_fntConfig":{"commonHeight":45,"fontSize":32,"atlasName":"niuniu_num3.png","fontDefDictionary":{"9":{"rect":{"x":0,"y":0,"width":0,"height":0},"xOffset":0,"yOffset":0,"xAdvance":0},"32":{"rect":{"x":0,"y":0,"width":0,"height":0},"xOffset":0,"yOffset":0,"xAdvance":0},"43":{"rect":{"x":0,"y":42,"width":26,"height":31},"xOffset":0,"yOffset":14,"xAdvance":29},"48":{"rect":{"x":0,"y":74,"width":25,"height":41},"xOffset":0,"yOffset":4,"xAdvance":28},"49":{"rect":{"x":75,"y":0,"width":14,"height":40},"xOffset":0,"yOffset":5,"xAdvance":17},"50":{"rect":{"x":51,"y":0,"width":23,"height":41},"xOffset":0,"yOffset":4,"xAdvance":26},"51":{"rect":{"x":74,"y":42,"width":23,"height":41},"xOffset":0,"yOffset":4,"xAdvance":26},"52":{"rect":{"x":0,"y":0,"width":26,"height":41},"xOffset":0,"yOffset":4,"xAdvance":29},"53":{"rect":{"x":74,"y":84,"width":22,"height":40},"xOffset":0,"yOffset":5,"xAdvance":25},"54":{"rect":{"x":27,"y":0,"width":23,"height":41},"xOffset":0,"yOffset":4,"xAdvance":26},"55":{"rect":{"x":26,"y":74,"width":23,"height":40},"xOffset":0,"yOffset":5,"xAdvance":26},"56":{"rect":{"x":50,"y":84,"width":23,"height":41},"xOffset":0,"yOffset":4,"xAdvance":26},"57":{"rect":{"x":50,"y":42,"width":23,"height":41},"xOffset":0,"yOffset":4,"xAdvance":26}},"kerningDict":{}}}]