[{"__type__":"cc.BitmapFont","_name":"niuniu_num1","spriteFrame":{"__uuid__":"99IrM0bodGbo91Y5dr9fDf"},"fontSize":32,"_fntConfig":{"commonHeight":40,"fontSize":32,"atlasName":"niuniu_num1.png","fontDefDictionary":{"9":{"rect":{"x":0,"y":0,"width":0,"height":0},"xOffset":0,"yOffset":0,"xAdvance":1},"32":{"rect":{"x":0,"y":0,"width":0,"height":0},"xOffset":0,"yOffset":0,"xAdvance":1},"48":{"rect":{"x":54,"y":0,"width":26,"height":35},"xOffset":0,"yOffset":5,"xAdvance":28},"49":{"rect":{"x":81,"y":0,"width":18,"height":34},"xOffset":0,"yOffset":6,"xAdvance":20},"50":{"rect":{"x":80,"y":36,"width":24,"height":35},"xOffset":0,"yOffset":5,"xAdvance":26},"51":{"rect":{"x":54,"y":36,"width":25,"height":35},"xOffset":0,"yOffset":5,"xAdvance":27},"52":{"rect":{"x":27,"y":63,"width":26,"height":34},"xOffset":0,"yOffset":6,"xAdvance":28},"53":{"rect":{"x":54,"y":72,"width":24,"height":34},"xOffset":0,"yOffset":6,"xAdvance":26},"54":{"rect":{"x":27,"y":27,"width":26,"height":35},"xOffset":0,"yOffset":5,"xAdvance":28},"55":{"rect":{"x":0,"y":63,"width":26,"height":34},"xOffset":0,"yOffset":6,"xAdvance":28},"56":{"rect":{"x":0,"y":27,"width":26,"height":35},"xOffset":0,"yOffset":5,"xAdvance":28},"57":{"rect":{"x":79,"y":72,"width":24,"height":35},"xOffset":0,"yOffset":5,"xAdvance":26},"120":{"rect":{"x":0,"y":0,"width":29,"height":26},"xOffset":0,"yOffset":14,"xAdvance":31}},"kerningDict":{}}},{"__type__":"cc.SpriteFrame","content":{"name":"niuniu_num1","texture":"73OPth/ZVMKYwtqYLtp9CE","rect":[0,0,104,107],"offset":[-12,10.5],"originalSize":[128,128],"capInsets":[0,0,0,0]}}]