[{"__type__":"cc.SpriteFrame","content":{"name":"morentouxiang","texture":"lznnc652-0393-4ea1-84d8-1bdd3044f177","rect":[0,0,60,60],"offset":[0,0],"originalSize":[60,60],"capInsets":[0,0,0,0]}},{"__type__":"cc.SpriteFrame","content":{"name":"personal_female","texture":"lznnde54-eaf6-4d65-96a1-a5c75ad9815b","rect":[0,0,17,28],"offset":[0,0],"originalSize":[17,28],"capInsets":[0,0,0,0]}},{"__type__":"cc.SpriteFrame","content":{"name":"img_wjxx","texture":"lznn37bc-eff3-4784-8b13-7f7a955badb1","rect":[0,0,200,50],"offset":[0,0],"originalSize":[200,50],"capInsets":[0,0,0,0]}},[{"__type__":"cc.Prefab","_name":"nn_UIUserInfo","data":{"__id__":1}},{"__type__":"cc.Node","_name":"nn_UIUserInfo","_children":[{"__id__":2},{"__id__":3},{"__id__":4},{"__id__":5},{"__id__":6},{"__id__":7},{"__id__":9},{"__id__":20},{"__id__":21},{"__id__":23},{"__id__":25}],"_components":[{"__type__":"cc.Widget","node":{"__id__":1},"alignMode":0,"_alignFlags":45,"_originalWidth":1360,"_originalHeight":760},{"__type__":"cc.Sprite","node":{"__id__":1},"_materials":[{"__uuid__":"ecpdLyjvZBwrvm+cedCcQy"}],"_spriteFrame":{"__uuid__":"lznn8d1f-3e0b-4b1d-ae52-c52ad188bba9"},"_sizeMode":0},{"__type__":"cc.BlockInputEvents","node":{"__id__":1}},{"__type__":"lznndb8a-8c2c-428e-b1fb-0c6fb2a09f88","node":{"__id__":1},"JS_Name":"fzmj_BaseComponent","sp_boy":{"__uuid__":"lznna99c-6769-4fe8-8f48-74ca87313497"},"sp_girl":{"__uuid__":"lznn154a-eae4-4135-8ccb-7cbcb9ccd166"},"itemPrefab":{"__uuid__":"lznnf481-d21b-4133-a107-74d541790cc5"}}],"_prefab":{"__type__":"cc.PrefabInfo","root":{"__id__":1},"asset":{"__uuid__":"lznn471b-6577-43a2-91e7-c5f575c48bf7"},"fileId":"18ezVajF9FOq0rN6LkhJ3v"},"_contentSize":{"__type__":"cc.Size","width":1360,"height":760},"_trs":{"__type__":"TypedArray","ctor":"Float64Array","array":[680,380,0,0,0,0,1,1,1,1]}},{"__type__":"cc.Node","_name":"label","_parent":{"__id__":1},"_components":[{"__type__":"cc.Label","node":{"__id__":2},"_materials":[{"__uuid__":"ecpdLyjvZBwrvm+cedCcQy"}],"_useOriginalSize":false,"_string":"Label","_N$string":"Label","_N$horizontalAlign":1,"_N$verticalAlign":1,"_N$overflow":3}],"_prefab":{"__type__":"cc.PrefabInfo","root":{"__id__":1},"asset":{"__uuid__":"lznn471b-6577-43a2-91e7-c5f575c48bf7"},"fileId":"dfOEqfdnlFNK9L0j5CZHAn"},"_contentSize":{"__type__":"cc.Size","width":97.87,"height":90.39999999999999},"_trs":{"__type__":"TypedArray","ctor":"Float64Array","array":[0,0,0,0,0,0,1,1,1,1]}},{"__type__":"cc.Node","_name":"bg_popup_x","_parent":{"__id__":1},"_components":[{"__type__":"cc.Sprite","node":{"__id__":3},"_materials":[{"__uuid__":"ecpdLyjvZBwrvm+cedCcQy"}],"_spriteFrame":{"__uuid__":"lznn9df4-fa70-44bc-8b0a-7f6531620af6"},"_type":1}],"_prefab":{"__type__":"cc.PrefabInfo","root":{"__id__":1},"asset":{"__uuid__":"lznn471b-6577-43a2-91e7-c5f575c48bf7"},"fileId":"02ZegLoepI2pW8v2Wbb8kk"},"_contentSize":{"__type__":"cc.Size","width":699,"height":525},"_trs":{"__type__":"TypedArray","ctor":"Float64Array","array":[0,50,0,0,0,0,1,1,0.8,1]}},{"__type__":"cc.Node","_name":"title_wjxx","_parent":{"__id__":1},"_components":[{"__type__":"cc.Sprite","node":{"__id__":4},"_materials":[{"__uuid__":"ecpdLyjvZBwrvm+cedCcQy"}],"_spriteFrame":{"__uuid__":"lznn3b1a-9ece-46fc-b2df-52c64fa601b4"}}],"_prefab":{"__type__":"cc.PrefabInfo","root":{"__id__":1},"asset":{"__uuid__":"lznn471b-6577-43a2-91e7-c5f575c48bf7"},"fileId":"809Hy/lsRHPKY0bJvPu1Wq"},"_contentSize":{"__type__":"cc.Size","width":200,"height":50},"_trs":{"__type__":"TypedArray","ctor":"Float64Array","array":[3,225,0,0,0,0,1,1,1,1]}},{"__type__":"cc.Node","_name":"sprite_head","_parent":{"__id__":1},"_components":[{"__type__":"cc.Sprite","node":{"__id__":5},"_materials":[{"__uuid__":"ecpdLyjvZBwrvm+cedCcQy"}],"_spriteFrame":{"__uuid__":"lznn0bd4-6d8e-4361-aae8-91caca6f2355"},"_sizeMode":0},{"__type__":"lznn8673-3561-4a28-8fd0-4ff9fc711d7e","node":{"__id__":5},"JS_Name":"fzmj_BaseComponent"}],"_prefab":{"__type__":"cc.PrefabInfo","root":{"__id__":1},"asset":{"__uuid__":"lznn471b-6577-43a2-91e7-c5f575c48bf7"},"fileId":"aerRRcdmVAp4v1omAWdF8F"},"_contentSize":{"__type__":"cc.Size","width":124,"height":124},"_trs":{"__type__":"TypedArray","ctor":"Float64Array","array":[-220,80,0,0,0,0,1,1,1,1]}},{"__type__":"cc.Node","_name":"btn_close","_parent":{"__id__":1},"_components":[{"__type__":"cc.Sprite","node":{"__id__":6},"_materials":[{"__uuid__":"ecpdLyjvZBwrvm+cedCcQy"}],"_spriteFrame":{"__uuid__":"lznn6b34-2dae-4643-843b-468d7c7f590a"}},{"__type__":"cc.Button","node":{"__id__":6},"clickEvents":[{"__type__":"cc.ClickEvent","target":{"__id__":1},"_componentId":"lznndb8a-8c2c-428e-b1fb-0c6fb2a09f88","handler":"CloseForm"}],"_N$normalColor":{"__type__":"cc.Color","r":214,"g":214,"b":214}}],"_prefab":{"__type__":"cc.PrefabInfo","root":{"__id__":1},"asset":{"__uuid__":"lznn471b-6577-43a2-91e7-c5f575c48bf7"},"fileId":"dbfAtvOt9FFaGeR1ewLCL6"},"_contentSize":{"__type__":"cc.Size","width":79,"height":80},"_trs":{"__type__":"TypedArray","ctor":"Float64Array","array":[338.7,220.5,0,0,0,0,1,1,1,1]}},{"__type__":"cc.Node","_name":"sp_female","_parent":{"__id__":1},"_children":[{"__id__":8}],"_components":[{"__type__":"cc.Sprite","node":{"__id__":7},"_materials":[{"__uuid__":"ecpdLyjvZBwrvm+cedCcQy"}],"_spriteFrame":{"__uuid__":"lznnd5d1-95a3-4efa-88d4-d81db7ffaed6"}}],"_prefab":{"__type__":"cc.PrefabInfo","root":{"__id__":1},"asset":{"__uuid__":"lznn471b-6577-43a2-91e7-c5f575c48bf7"},"fileId":"426pFU9ZRNLK3dW8ZsodIh"},"_contentSize":{"__type__":"cc.Size","width":24,"height":24},"_trs":{"__type__":"TypedArray","ctor":"Float64Array","array":[-120,148.574,0,0,0,0,1,1,1,1]}},{"__type__":"cc.Node","_name":"label_name","_parent":{"__id__":7},"_components":[{"__type__":"cc.Label","node":{"__id__":8},"_materials":[{"__uuid__":"ecpdLyjvZBwrvm+cedCcQy"}],"_useOriginalSize":false,"_string":"玩家名字七个字","_N$string":"玩家名字七个字","_fontSize":32,"_lineHeight":32,"_N$file":{"__uuid__":"lznn373b-ebaf-4e57-9974-1fdd6b1b601d"},"_isSystemFontUsed":false,"_N$horizontalAlign":1,"_N$verticalAlign":1}],"_prefab":{"__type__":"cc.PrefabInfo","root":{"__id__":1},"asset":{"__uuid__":"lznn471b-6577-43a2-91e7-c5f575c48bf7"},"fileId":"8dsab4B4lFAY48Wtvoq8l+"},"_color":{"__type__":"cc.Color","r":144,"g":86,"b":37},"_contentSize":{"__type__":"cc.Size","width":224,"height":40.32},"_anchorPoint":{"__type__":"cc.Vec2","y":0.5},"_trs":{"__type__":"TypedArray","ctor":"Float64Array","array":[23.2,0,0,0,0,0,1,1,1,1]}},{"__type__":"cc.Node","_name":"sp_id","_parent":{"__id__":1},"_children":[{"__id__":10},{"__id__":17},{"__id__":18}],"_components":[{"__type__":"cc.Sprite","node":{"__id__":9},"_materials":[{"__uuid__":"ecpdLyjvZBwrvm+cedCcQy"}],"_spriteFrame":{"__uuid__":"lznna8af-dc6d-4767-9664-056c82684b8a"}}],"_prefab":{"__type__":"cc.PrefabInfo","root":{"__id__":1},"asset":{"__uuid__":"lznn471b-6577-43a2-91e7-c5f575c48bf7"},"fileId":"b8aEIpXgZI7Z0+gXRXThd9"},"_contentSize":{"__type__":"cc.Size","width":30,"height":30},"_trs":{"__type__":"TypedArray","ctor":"Float64Array","array":[-120,100.122,0,0,0,0,1,1,1,1]}},{"__type__":"cc.Node","_name":"editBox","_parent":{"__id__":9},"_children":[{"__id__":11},{"__id__":13},{"__id__":15}],"_components":[{"__type__":"cc.EditBox","node":{"__id__":10},"_useOriginalSize":false,"maxLength":15,"_N$textLabel":{"__id__":14},"_N$placeholderLabel":{"__id__":16},"_N$background":{"__id__":12},"_N$inputMode":6}],"_prefab":{"__type__":"cc.PrefabInfo","root":{"__id__":1},"asset":{"__uuid__":"lznn471b-6577-43a2-91e7-c5f575c48bf7"},"fileId":"86uxBF1ttGRLfuN9itfrdj"},"_color":{"__type__":"cc.Color","r":144,"g":86,"b":37},"_contentSize":{"__type__":"cc.Size","width":180,"height":40},"_trs":{"__type__":"TypedArray","ctor":"Float64Array","array":[110,0,0,0,0,0,1,1,1,1]}},{"__type__":"cc.Node","_name":"BACKGROUND_SPRITE","_parent":{"__id__":10},"_components":[{"__id__":12}],"_prefab":{"__type__":"cc.PrefabInfo","root":{"__id__":1},"asset":{"__uuid__":"lznn471b-6577-43a2-91e7-c5f575c48bf7"},"fileId":"73PXWlOIhOyIbkJLKjT4wx"},"_contentSize":{"__type__":"cc.Size","width":180,"height":40},"_trs":{"__type__":"TypedArray","ctor":"Float64Array","array":[0,0,0,0,0,0,1,1,1,1]}},{"__type__":"cc.Sprite","node":{"__id__":11},"_type":1},{"__type__":"cc.Node","_name":"TEXT_LABEL","_parent":{"__id__":10},"_active":false,"_components":[{"__id__":14}],"_prefab":{"__type__":"cc.PrefabInfo","root":{"__id__":1},"asset":{"__uuid__":"lznn471b-6577-43a2-91e7-c5f575c48bf7"},"fileId":"b4iI7/cldMoKa3Dh6qQp/f"},"_color":{"__type__":"cc.Color","r":144,"g":86,"b":37},"_contentSize":{"__type__":"cc.Size","width":178,"height":40},"_anchorPoint":{"__type__":"cc.Vec2","y":1},"_trs":{"__type__":"TypedArray","ctor":"Float64Array","array":[-88,20,0,0,0,0,1,1,1,1]}},{"__type__":"cc.Label","node":{"__id__":13},"_fontSize":30,"_lineHeight":30,"_enableWrapText":false,"_N$file":{"__uuid__":"lznn373b-ebaf-4e57-9974-1fdd6b1b601d"},"_isSystemFontUsed":false,"_N$verticalAlign":1,"_N$overflow":1},{"__type__":"cc.Node","_name":"PLACEHOLDER_LABEL","_parent":{"__id__":10},"_components":[{"__id__":16}],"_prefab":{"__type__":"cc.PrefabInfo","root":{"__id__":1},"asset":{"__uuid__":"lznn471b-6577-43a2-91e7-c5f575c48bf7"},"fileId":"2bGGLY8LJHgaJCujzSISHr"},"_color":{"__type__":"cc.Color","r":144,"g":86,"b":37},"_contentSize":{"__type__":"cc.Size","width":178,"height":40},"_anchorPoint":{"__type__":"cc.Vec2","y":1},"_trs":{"__type__":"TypedArray","ctor":"Float64Array","array":[-88,20,0,0,0,0,1,1,1,1]}},{"__type__":"cc.Label","node":{"__id__":15},"_materials":[{"__uuid__":"ecpdLyjvZBwrvm+cedCcQy"}],"_fontSize":30,"_enableWrapText":false,"_N$file":{"__uuid__":"lznn373b-ebaf-4e57-9974-1fdd6b1b601d"},"_isSystemFontUsed":false,"_N$verticalAlign":1,"_N$overflow":1},{"__type__":"cc.Node","_name":"label_ID","_parent":{"__id__":9},"_components":[{"__type__":"cc.Label","node":{"__id__":17},"_materials":[{"__uuid__":"ecpdLyjvZBwrvm+cedCcQy"}],"_useOriginalSize":false,"_string":"88888888","_N$string":"88888888","_fontSize":32,"_lineHeight":32,"_N$file":{"__uuid__":"lznn373b-ebaf-4e57-9974-1fdd6b1b601d"},"_isSystemFontUsed":false,"_N$horizontalAlign":1,"_N$verticalAlign":1}],"_prefab":{"__type__":"cc.PrefabInfo","root":{"__id__":1},"asset":{"__uuid__":"lznn471b-6577-43a2-91e7-c5f575c48bf7"},"fileId":"e65Sr7AUVGtqbufgduxM3Z"},"_color":{"__type__":"cc.Color","r":144,"g":86,"b":37},"_contentSize":{"__type__":"cc.Size","width":146,"height":40.32},"_anchorPoint":{"__type__":"cc.Vec2","y":0.5},"_trs":{"__type__":"TypedArray","ctor":"Float64Array","array":[20,0,0,0,0,0,1,1,1,1]}},{"__type__":"cc.Node","_name":"btn_copy","_parent":{"__id__":9},"_children":[{"__id__":19}],"_active":false,"_components":[{"__type__":"cc.Sprite","node":{"__id__":18}},{"__type__":"cc.Button","node":{"__id__":18},"clickEvents":[{"__type__":"cc.ClickEvent","target":{"__id__":1},"_componentId":"lznndb8a-8c2c-428e-b1fb-0c6fb2a09f88","handler":"OnClick_BtnWnd"}],"_N$transition":3,"transition":3,"_N$normalColor":{"__type__":"cc.Color","r":214,"g":214,"b":214},"_N$target":{"__id__":18}}],"_prefab":{"__type__":"cc.PrefabInfo","root":{"__id__":1},"asset":{"__uuid__":"lznn471b-6577-43a2-91e7-c5f575c48bf7"},"fileId":"2dAMyxe31GaoE1qFcDYita"},"_contentSize":{"__type__":"cc.Size","width":138,"height":77},"_trs":{"__type__":"TypedArray","ctor":"Float64Array","array":[238,5.684341886080802e-14,0,0,0,0,1,0.5,0.5,1]}},{"__type__":"cc.Node","_name":"label","_parent":{"__id__":18},"_components":[{"__type__":"cc.Label","node":{"__id__":19},"_useOriginalSize":false,"_string":"复制","_N$string":"复制","_fontSize":20,"_lineHeight":20,"_N$horizontalAlign":1,"_N$verticalAlign":1}],"_prefab":{"__type__":"cc.PrefabInfo","root":{"__id__":1},"asset":{"__uuid__":"lznn471b-6577-43a2-91e7-c5f575c48bf7"},"fileId":"acz+g1HitJxroOG9hQ4373"},"_color":{"__type__":"cc.Color","r":38,"g":94,"b":34},"_contentSize":{"__type__":"cc.Size","width":40,"height":20},"_trs":{"__type__":"TypedArray","ctor":"Float64Array","array":[0,0,0,0,0,0,1,2,2,1]}},{"__type__":"cc.Node","_name":"lb_bsf","_parent":{"__id__":1},"_components":[{"__type__":"cc.Label","node":{"__id__":20},"_materials":[{"__uuid__":"ecpdLyjvZBwrvm+cedCcQy"}],"_useOriginalSize":false,"_string":"192.168.160.160","_N$string":"192.168.160.160","_fontSize":26,"_lineHeight":26,"_N$file":{"__uuid__":"lznn373b-ebaf-4e57-9974-1fdd6b1b601d"},"_isSystemFontUsed":false,"_N$horizontalAlign":1,"_N$verticalAlign":1}],"_prefab":{"__type__":"cc.PrefabInfo","root":{"__id__":1},"asset":{"__uuid__":"lznn471b-6577-43a2-91e7-c5f575c48bf7"},"fileId":"0daY+Xsq1IN7mV6gCDmY4E"},"_color":{"__type__":"cc.Color","r":144,"g":86,"b":37},"_contentSize":{"__type__":"cc.Size","width":177.53,"height":32.76},"_anchorPoint":{"__type__":"cc.Vec2","y":0.5},"_trs":{"__type__":"TypedArray","ctor":"Float64Array","array":[-134.562,62.973,0,0,0,0,1,1,1,1]}},{"__type__":"cc.Node","_name":"sp_ip","_parent":{"__id__":1},"_children":[{"__id__":22}],"_components":[{"__type__":"cc.Sprite","node":{"__id__":21},"_materials":[{"__uuid__":"ecpdLyjvZBwrvm+cedCcQy"}],"_spriteFrame":{"__uuid__":"lznndef6-fae3-4dec-8bad-c19b39fa29ba"}}],"_prefab":{"__type__":"cc.PrefabInfo","root":{"__id__":1},"asset":{"__uuid__":"lznn471b-6577-43a2-91e7-c5f575c48bf7"},"fileId":"6dF2yDDqdCko9bICtaZmt/"},"_contentSize":{"__type__":"cc.Size","width":30,"height":30},"_trs":{"__type__":"TypedArray","ctor":"Float64Array","array":[70,100.122,0,0,0,0,1,1,1,1]}},{"__type__":"cc.Node","_name":"label_IP","_parent":{"__id__":21},"_components":[{"__type__":"cc.Label","node":{"__id__":22},"_materials":[{"__uuid__":"ecpdLyjvZBwrvm+cedCcQy"}],"_useOriginalSize":false,"_string":"192.168.160.160","_N$string":"192.168.160.160","_fontSize":32,"_lineHeight":32,"_N$file":{"__uuid__":"lznn373b-ebaf-4e57-9974-1fdd6b1b601d"},"_isSystemFontUsed":false,"_N$horizontalAlign":1,"_N$verticalAlign":1}],"_prefab":{"__type__":"cc.PrefabInfo","root":{"__id__":1},"asset":{"__uuid__":"lznn471b-6577-43a2-91e7-c5f575c48bf7"},"fileId":"d5Vq1a/DZOLoiTVq9q2f49"},"_color":{"__type__":"cc.Color","r":144,"g":86,"b":37},"_contentSize":{"__type__":"cc.Size","width":218.5,"height":40.32},"_anchorPoint":{"__type__":"cc.Vec2","y":0.5},"_trs":{"__type__":"TypedArray","ctor":"Float64Array","array":[20,0,0,0,0,0,1,1,1,1]}},{"__type__":"cc.Node","_name":"sp_gps","_parent":{"__id__":1},"_children":[{"__id__":24}],"_prefab":{"__type__":"cc.PrefabInfo","root":{"__id__":1},"asset":{"__uuid__":"lznn471b-6577-43a2-91e7-c5f575c48bf7"},"fileId":"eaPDUUHuNGMZpZiqhRSdVb"},"_contentSize":{"__type__":"cc.Size","width":535,"height":80},"_anchorPoint":{"__type__":"cc.Vec2","y":0.5},"_trs":{"__type__":"TypedArray","ctor":"Float64Array","array":[-158,25.591,0,0,0,0,1,1,1,1]}},{"__type__":"cc.Node","_name":"lb_gps","_parent":{"__id__":23},"_components":[{"__type__":"cc.Label","node":{"__id__":24},"_materials":[{"__uuid__":"ecpdLyjvZBwrvm+cedCcQy"}],"_useOriginalSize":false,"_fontSize":28,"_lineHeight":28,"_enableWrapText":false,"_N$file":{"__uuid__":"lznn373b-ebaf-4e57-9974-1fdd6b1b601d"},"_isSystemFontUsed":false,"_N$verticalAlign":1,"_N$overflow":2}],"_prefab":{"__type__":"cc.PrefabInfo","root":{"__id__":1},"asset":{"__uuid__":"lznn471b-6577-43a2-91e7-c5f575c48bf7"},"fileId":"82cv20an9EbKvTQQBApGaX"},"_color":{"__type__":"cc.Color","r":144,"g":86,"b":37},"_contentSize":{"__type__":"cc.Size","width":450,"height":28},"_anchorPoint":{"__type__":"cc.Vec2","y":0.5},"_trs":{"__type__":"TypedArray","ctor":"Float64Array","array":[6.191,-11.069,0,0,0,0,1,1,1,1]}},{"__type__":"cc.Node","_name":"ScrollView","_parent":{"__id__":1},"_children":[{"__id__":26}],"_components":[{"__type__":"cc.Mask","node":{"__id__":25},"_materials":[{"__uuid__":"ecpdLyjvZBwrvm+cedCcQy"}]},{"__type__":"cc.ScrollView","node":{"__id__":25},"vertical":false,"_N$content":{"__id__":26},"content":{"__id__":26}}],"_prefab":{"__type__":"cc.PrefabInfo","root":{"__id__":1},"asset":{"__uuid__":"lznn471b-6577-43a2-91e7-c5f575c48bf7"},"fileId":"abuA08c65He4x/kuiwNBBI"},"_contentSize":{"__type__":"cc.Size","width":650,"height":150},"_trs":{"__type__":"TypedArray","ctor":"Float64Array","array":[0,-74,0,0,0,0,1,1,1,1]}},{"__type__":"cc.Node","_name":"items","_parent":{"__id__":25},"_components":[{"__type__":"cc.Layout","node":{"__id__":26},"_layoutSize":{"__type__":"cc.Size","width":359,"height":130},"_resize":1,"_N$layoutType":1,"_N$spacingX":30}],"_prefab":{"__type__":"cc.PrefabInfo","root":{"__id__":1},"asset":{"__uuid__":"lznn471b-6577-43a2-91e7-c5f575c48bf7"},"fileId":"78Z2KHhIZD55Od5VK412as"},"_contentSize":{"__type__":"cc.Size","width":359,"height":130},"_anchorPoint":{"__type__":"cc.Vec2","y":0.5},"_trs":{"__type__":"TypedArray","ctor":"Float64Array","array":[-325,10,0,0,0,0,1,1,1,1]}}],{"__type__":"cc.SpriteFrame","content":{"name":"btn_gb_tc","texture":"lznn219d-8717-4e3d-b236-a6947faaa6bf","rect":[0,0,79,80],"offset":[0,0],"originalSize":[79,80],"capInsets":[0,0,0,0]}},{"__type__":"cc.SpriteFrame","content":{"name":"bg","texture":"lznn5036-8a0c-4d92-8561-c45e53fa19cc","rect":[0,0,21,63],"offset":[0,0],"originalSize":[21,63],"capInsets":[0,0,0,0]}},{"__type__":"cc.SpriteFrame","content":{"name":"img_small_tc","texture":"lznn5e68-41fe-43b5-b527-8d5fe6a4e872","rect":[0,0,699,525],"offset":[0,0],"originalSize":[699,525],"capInsets":[0,0,0,0]}},{"__type__":"cc.SpriteFrame","content":{"name":"icon_ID","texture":"lznn966b-216c-4937-beac-c1ed8c0db1f9","rect":[0,0,30,30],"offset":[0,0],"originalSize":[30,30],"capInsets":[0,0,0,0]}},{"__type__":"cc.SpriteFrame","content":{"name":"personal_male","texture":"lznn0c77-896c-42ef-a016-1e1aea84b787","rect":[0,0,24,24],"offset":[0,0],"originalSize":[24,24],"capInsets":[0,0,0,0]}},{"__type__":"cc.SpriteFrame","content":{"name":"icon_xb_01","texture":"lznn0832-fd9e-4aff-a5a3-98301f06b5ec","rect":[0,1,24,24],"offset":[0,0],"originalSize":[24,26],"capInsets":[0,0,0,0]}},{"__type__":"cc.SpriteFrame","content":{"name":"icon_IP","texture":"lznna3e4-0dfb-4442-9f57-b4b78b4cb417","rect":[0,0,30,30],"offset":[0,0],"originalSize":[30,30],"capInsets":[0,0,0,0]}}]