[{"__type__":"cc.SpriteFrame","content":{"name":"btn_more_on","texture":"7e2tW93GhJ2rWmQqn8fNoZ","rect":[0,0,100,100],"offset":[0,0],"originalSize":[100,100],"capInsets":[0,0,0,0]}},{"__type__":"cc.SpriteFrame","content":{"name":"gongnengbeijing","texture":"f3/ZJa+rJNa5dq0GseP49S","rect":[0,0,153,164],"offset":[0,0],"originalSize":[153,164],"capInsets":[0,0,0,0]}},{"__type__":"cc.SpriteFrame","content":{"name":"btn_trusteeship","texture":"663zEJ/qNDRZKJe8S2mGk5","rect":[0,0,100,100],"offset":[0,0],"originalSize":[100,100],"capInsets":[0,0,0,0]}},{"__type__":"cc.SpriteFrame","content":{"name":"btn_information_more","texture":"76VcxLlJ9E6q+9Lghf4C88","rect":[0,0,44,44],"offset":[0,0],"originalSize":[44,44],"capInsets":[0,0,0,0]}},[{"__type__":"cc.Prefab","_name":"nn_UIMore","data":{"__id__":1}},{"__type__":"cc.Node","_name":"nn_UIMore","_children":[{"__id__":2},{"__id__":8},{"__id__":9},{"__id__":10},{"__id__":11}],"_components":[{"__type__":"cc.Widget","node":{"__id__":1},"alignMode":0,"_alignFlags":13,"_right":1184,"_bottom":37.5,"_originalHeight":83},{"__type__":"7ac75Nym3hOpbvczL4XMJZd","node":{"__id__":1},"ZorderLv":7}],"_prefab":{"__type__":"cc.PrefabInfo","root":{"__id__":1},"asset":{"__uuid__":"92+dfrYsJCMr8cd7NFAuxN"},"fileId":"8bAkyOTvlKxZMu9KxgErWI"},"_contentSize":{"__type__":"cc.Size","width":153,"height":722.5},"_trs":{"__type__":"TypedArray","ctor":"Float64Array","array":[76.5,398.75,0,0,0,0,1,1,1,1]}},{"__type__":"cc.Node","_name":"room_data","_parent":{"__id__":1},"_children":[{"__id__":3},{"__id__":4},{"__id__":5},{"__id__":6},{"__id__":7}],"_components":[{"__type__":"cc.Layout","node":{"__id__":2},"_layoutSize":{"__type__":"cc.Size","width":200,"height":164.8},"_resize":1,"_N$layoutType":2,"_N$spacingY":5}],"_prefab":{"__type__":"cc.PrefabInfo","root":{"__id__":1},"asset":{"__uuid__":"92+dfrYsJCMr8cd7NFAuxN"},"fileId":"fcnefPYoFDDqaeRurYGCXr"},"_contentSize":{"__type__":"cc.Size","width":200,"height":164.8},"_trs":{"__type__":"TypedArray","ctor":"Float64Array","array":[0,290,0,0,0,0,1,1,1,1]}},{"__type__":"cc.Node","_name":"label0","_parent":{"__id__":2},"_components":[{"__type__":"cc.Label","node":{"__id__":3},"_materials":[{"__uuid__":"ecpdLyjvZBwrvm+cedCcQy"}],"_useOriginalSize":false,"_string":"庄位: 通比双十","_N$string":"庄位: 通比双十","_fontSize":20,"_lineHeight":20,"_N$file":{"__uuid__":"lznn373b-ebaf-4e57-9974-1fdd6b1b601d"},"_isSystemFontUsed":false,"_N$horizontalAlign":1,"_N$verticalAlign":1}],"_prefab":{"__type__":"cc.PrefabInfo","root":{"__id__":1},"asset":{"__uuid__":"92+dfrYsJCMr8cd7NFAuxN"},"fileId":"698IqJhf9KlILr4plQLoeI"},"_contentSize":{"__type__":"cc.Size","width":130.63,"height":25.2},"_anchorPoint":{"__type__":"cc.Vec2","y":0.5},"_trs":{"__type__":"TypedArray","ctor":"Float64Array","array":[65,69.80000000000001,0,0,0,0,1,1,1,1]}},{"__type__":"cc.Node","_name":"label1","_parent":{"__id__":2},"_components":[{"__type__":"cc.Label","node":{"__id__":4},"_materials":[{"__uuid__":"ecpdLyjvZBwrvm+cedCcQy"}],"_useOriginalSize":false,"_string":"局数：1/8","_N$string":"局数：1/8","_fontSize":20,"_lineHeight":20,"_N$file":{"__uuid__":"lznn373b-ebaf-4e57-9974-1fdd6b1b601d"},"_isSystemFontUsed":false,"_N$horizontalAlign":1,"_N$verticalAlign":1}],"_prefab":{"__type__":"cc.PrefabInfo","root":{"__id__":1},"asset":{"__uuid__":"92+dfrYsJCMr8cd7NFAuxN"},"fileId":"b5zLT+ZPVKvIZcerMlyIHU"},"_contentSize":{"__type__":"cc.Size","width":86.88,"height":25.2},"_anchorPoint":{"__type__":"cc.Vec2","y":0.5},"_trs":{"__type__":"TypedArray","ctor":"Float64Array","array":[65,39.60000000000001,0,0,0,0,1,1,1,1]}},{"__type__":"cc.Node","_name":"label2","_parent":{"__id__":2},"_components":[{"__type__":"cc.Label","node":{"__id__":5},"_materials":[{"__uuid__":"ecpdLyjvZBwrvm+cedCcQy"}],"_useOriginalSize":false,"_string":"房间号：999999","_N$string":"房间号：999999","_fontSize":20,"_lineHeight":20,"_N$file":{"__uuid__":"lznn373b-ebaf-4e57-9974-1fdd6b1b601d"},"_isSystemFontUsed":false,"_N$horizontalAlign":1,"_N$verticalAlign":1}],"_prefab":{"__type__":"cc.PrefabInfo","root":{"__id__":1},"asset":{"__uuid__":"92+dfrYsJCMr8cd7NFAuxN"},"fileId":"f6puK2wE9DpqcmbWVBtd4J"},"_contentSize":{"__type__":"cc.Size","width":148.44,"height":25.2},"_anchorPoint":{"__type__":"cc.Vec2","y":0.5},"_trs":{"__type__":"TypedArray","ctor":"Float64Array","array":[65,9.400000000000007,0,0,0,0,1,1,1,1]}},{"__type__":"cc.Node","_name":"label3","_parent":{"__id__":2},"_components":[{"__type__":"cc.Label","node":{"__id__":6},"_materials":[{"__uuid__":"ecpdLyjvZBwrvm+cedCcQy"}],"_useOriginalSize":false,"_string":"房间号：999999","_N$string":"房间号：999999","_fontSize":20,"_lineHeight":20,"_N$file":{"__uuid__":"lznn373b-ebaf-4e57-9974-1fdd6b1b601d"},"_isSystemFontUsed":false,"_N$horizontalAlign":1,"_N$verticalAlign":1}],"_prefab":{"__type__":"cc.PrefabInfo","root":{"__id__":1},"asset":{"__uuid__":"92+dfrYsJCMr8cd7NFAuxN"},"fileId":"480eUufNZAyZpYNDDWN/3X"},"_contentSize":{"__type__":"cc.Size","width":148.44,"height":25.2},"_anchorPoint":{"__type__":"cc.Vec2","y":0.5},"_trs":{"__type__":"TypedArray","ctor":"Float64Array","array":[65,-20.79999999999999,0,0,0,0,1,1,1,1]}},{"__type__":"cc.Node","_name":"btn_information","_parent":{"__id__":2},"_components":[{"__type__":"cc.Sprite","node":{"__id__":7},"_materials":[{"__uuid__":"ecpdLyjvZBwrvm+cedCcQy"}],"_spriteFrame":{"__uuid__":"55lRZev/RFOK17ucjd0wZw"}},{"__type__":"cc.Button","node":{"__id__":7},"_normalMaterial":{"__uuid__":"ecpdLyjvZBwrvm+cedCcQy"},"zoomScale":0.9,"clickEvents":[{"__type__":"cc.ClickEvent","target":{"__id__":1},"_componentId":"7ac75Nym3hOpbvczL4XMJZd","handler":"OnClick_BtnWnd"}],"_N$transition":3,"transition":3,"_N$target":{"__id__":7}}],"_prefab":{"__type__":"cc.PrefabInfo","root":{"__id__":1},"asset":{"__uuid__":"92+dfrYsJCMr8cd7NFAuxN"},"fileId":"a8j3Hys8BDeKsGUwD47Gjv"},"_contentSize":{"__type__":"cc.Size","width":44,"height":44},"_trs":{"__type__":"TypedArray","ctor":"Float64Array","array":[81.3,-60.39999999999999,0,0,0,0.7071067811865475,0.7071067811865476,1,1,1]},"_eulerAngles":{"__type__":"cc.Vec3","z":90}},{"__type__":"cc.Node","_name":"now_time","_parent":{"__id__":1},"_components":[{"__type__":"cc.Label","node":{"__id__":8},"_materials":[{"__uuid__":"ecpdLyjvZBwrvm+cedCcQy"}],"_useOriginalSize":false,"_string":"9:28","_N$string":"9:28","_fontSize":20,"_lineHeight":20,"_N$file":{"__uuid__":"lznn373b-ebaf-4e57-9974-1fdd6b1b601d"},"_isSystemFontUsed":false,"_N$horizontalAlign":1,"_N$verticalAlign":1}],"_prefab":{"__type__":"cc.PrefabInfo","root":{"__id__":1},"asset":{"__uuid__":"92+dfrYsJCMr8cd7NFAuxN"},"fileId":"02BSUQdTtEmr6+dgTGvSzH"},"_contentSize":{"__type__":"cc.Size","width":39.53,"height":25.2},"_trs":{"__type__":"TypedArray","ctor":"Float64Array","array":[2.7,229.2,0,0,0,0,1,1,1,1]}},{"__type__":"cc.Node","_name":"gongnengbeijing","_parent":{"__id__":1},"_components":[{"__type__":"cc.Sprite","node":{"__id__":9},"_materials":[{"__uuid__":"ecpdLyjvZBwrvm+cedCcQy"}],"_spriteFrame":{"__uuid__":"52yo28njxCVIiffagUfsFU"},"_type":1,"_sizeMode":0},{"__type__":"cc.Widget","node":{"__id__":9},"alignMode":0,"_alignFlags":5,"_top":-38.75,"_bottom":-38.75,"_originalHeight":800}],"_prefab":{"__type__":"cc.PrefabInfo","root":{"__id__":1},"asset":{"__uuid__":"92+dfrYsJCMr8cd7NFAuxN"},"fileId":"cdbNoTgDtM7YHdPBEpOKMq"},"_contentSize":{"__type__":"cc.Size","width":153,"height":800},"_trs":{"__type__":"TypedArray","ctor":"Float64Array","array":[-5,0,0,0,0,0,1,1,1,1]}},{"__type__":"cc.Node","_name":"btn_moreshou","_parent":{"__id__":1},"_components":[{"__type__":"cc.Sprite","node":{"__id__":10},"_materials":[{"__uuid__":"ecpdLyjvZBwrvm+cedCcQy"}],"_spriteFrame":{"__uuid__":"2dwmSqkZtG04AX8kh8IqDK"}},{"__type__":"cc.Button","node":{"__id__":10},"_normalMaterial":{"__uuid__":"ecpdLyjvZBwrvm+cedCcQy"},"zoomScale":0.9,"clickEvents":[{"__type__":"cc.ClickEvent","target":{"__id__":1},"_componentId":"7ac75Nym3hOpbvczL4XMJZd","handler":"OnClick_BtnWnd"}],"_N$transition":3,"transition":3,"_N$target":{"__id__":10}}],"_prefab":{"__type__":"cc.PrefabInfo","root":{"__id__":1},"asset":{"__uuid__":"92+dfrYsJCMr8cd7NFAuxN"},"fileId":"79upK43b9CYK9d/VEolwUE"},"_contentSize":{"__type__":"cc.Size","width":100,"height":100},"_trs":{"__type__":"TypedArray","ctor":"Float64Array","array":[0,290,0,0,0,0,1,1,1,1]}},{"__type__":"cc.Node","_name":"layout","_parent":{"__id__":1},"_children":[{"__id__":12},{"__id__":13},{"__id__":14}],"_components":[{"__type__":"cc.Layout","node":{"__id__":11},"_layoutSize":{"__type__":"cc.Size","width":153,"height":300},"_resize":1,"_N$layoutType":2},{"__type__":"cc.Widget","node":{"__id__":11},"alignMode":0,"_alignFlags":1,"_top":140}],"_prefab":{"__type__":"cc.PrefabInfo","root":{"__id__":1},"asset":{"__uuid__":"92+dfrYsJCMr8cd7NFAuxN"},"fileId":"60H5ItvgZKC7bnludZAcq5"},"_contentSize":{"__type__":"cc.Size","width":153,"height":300},"_anchorPoint":{"__type__":"cc.Vec2","x":0.5,"y":1},"_trs":{"__type__":"TypedArray","ctor":"Float64Array","array":[0,221.25,0,0,0,0,1,1,1,1]}},{"__type__":"cc.Node","_name":"btn_autoPlay","_parent":{"__id__":11},"_components":[{"__type__":"cc.Sprite","node":{"__id__":12},"_materials":[{"__uuid__":"ecpdLyjvZBwrvm+cedCcQy"}],"_spriteFrame":{"__uuid__":"55dp91a1RGOKGW0puiLfDx"}},{"__type__":"cc.Button","node":{"__id__":12},"_normalMaterial":{"__uuid__":"ecpdLyjvZBwrvm+cedCcQy"},"zoomScale":0.9,"clickEvents":[{"__type__":"cc.ClickEvent","target":{"__id__":1},"_componentId":"7ac75Nym3hOpbvczL4XMJZd","handler":"OnClick_BtnWnd"}],"_N$transition":3,"transition":3,"_N$target":{"__id__":12}}],"_prefab":{"__type__":"cc.PrefabInfo","root":{"__id__":1},"asset":{"__uuid__":"92+dfrYsJCMr8cd7NFAuxN"},"fileId":"920FqcwSpFRZCNc151XD/T"},"_contentSize":{"__type__":"cc.Size","width":100,"height":100},"_trs":{"__type__":"TypedArray","ctor":"Float64Array","array":[0,-50,0,0,0,0,1,1,1,1]}},{"__type__":"cc.Node","_name":"btn_shezhi","_parent":{"__id__":11},"_components":[{"__type__":"cc.Sprite","node":{"__id__":13},"_materials":[{"__uuid__":"ecpdLyjvZBwrvm+cedCcQy"}],"_spriteFrame":{"__uuid__":"d8zIO+rZJFVY0TsZ8uHCGz"}},{"__type__":"cc.Button","node":{"__id__":13},"_normalMaterial":{"__uuid__":"ecpdLyjvZBwrvm+cedCcQy"},"zoomScale":0.9,"clickEvents":[{"__type__":"cc.ClickEvent","target":{"__id__":1},"_componentId":"7ac75Nym3hOpbvczL4XMJZd","handler":"OnClick_BtnWnd"}],"_N$transition":3,"transition":3,"_N$target":{"__id__":13}}],"_prefab":{"__type__":"cc.PrefabInfo","root":{"__id__":1},"asset":{"__uuid__":"92+dfrYsJCMr8cd7NFAuxN"},"fileId":"a0HSmd/zBO0bw1LtmeDJYO"},"_contentSize":{"__type__":"cc.Size","width":100,"height":100},"_trs":{"__type__":"TypedArray","ctor":"Float64Array","array":[0,-150,0,0,0,0,1,1,1,1]}},{"__type__":"cc.Node","_name":"btn_jiesan","_parent":{"__id__":11},"_components":[{"__type__":"cc.Sprite","node":{"__id__":14},"_materials":[{"__uuid__":"ecpdLyjvZBwrvm+cedCcQy"}],"_spriteFrame":{"__uuid__":"f8AB5as2NGeZ+5Tw8CnpGu"}},{"__type__":"cc.Button","node":{"__id__":14},"_normalMaterial":{"__uuid__":"ecpdLyjvZBwrvm+cedCcQy"},"zoomScale":0.9,"clickEvents":[{"__type__":"cc.ClickEvent","target":{"__id__":1},"_componentId":"7ac75Nym3hOpbvczL4XMJZd","handler":"OnClick_BtnWnd"}],"_N$transition":3,"transition":3,"_N$target":{"__id__":14}}],"_prefab":{"__type__":"cc.PrefabInfo","root":{"__id__":1},"asset":{"__uuid__":"92+dfrYsJCMr8cd7NFAuxN"},"fileId":"9cT6EzQU1Cnqs6TJkMd193"},"_contentSize":{"__type__":"cc.Size","width":100,"height":100},"_trs":{"__type__":"TypedArray","ctor":"Float64Array","array":[0,-250,0,0,0,0,1,1,1,1]}}],{"__type__":"cc.SpriteFrame","content":{"name":"btn_setting","texture":"c4ekZZ9K5D2bQJP7X+Hnro","rect":[0,0,100,100],"offset":[0,0],"originalSize":[100,100],"capInsets":[0,0,0,0]}},{"__type__":"cc.SpriteFrame","content":{"name":"btn_out","texture":"15eHxUuexESZgmlGYTtcae","rect":[0,0,100,100],"offset":[0,0],"originalSize":[100,100],"capInsets":[0,0,0,0]}}]