[{"__type__":"cc.SpriteFrame","content":{"name":"default_btn_disabled","texture":"71VhFCTINJM6/Ky3oX9nBT","rect":[0,0,40,40],"offset":[0,0],"originalSize":[40,40],"capInsets":[12,12,12,12]}},{"__type__":"cc.SpriteFrame","content":{"name":"default_btn_pressed","texture":"b4P/PCArtIdIH38t6mlw8Y","rect":[0,0,40,40],"offset":[0,0],"originalSize":[40,40],"capInsets":[12,12,12,12]}},{"__type__":"cc.SpriteFrame","content":{"name":"default_btn_normal","texture":"e8Ueib+qJEhL6mXAHdnwbi","rect":[0,0,40,40],"offset":[0,0],"originalSize":[40,40],"capInsets":[12,12,12,12]}},{"__type__":"cc.SpriteFrame","content":{"name":"default_editbox_bg","texture":"ed0hW5J5ZKBar1gflskoHO","rect":[0,0,40,40],"offset":[0,0],"originalSize":[40,40],"capInsets":[12,12,12,12]}},{"__type__":"cc.SpriteFrame","content":{"name":"icon_bsc","texture":"lznn0dd7-6e09-4aba-985e-2567648dcc18","rect":[0,0,315,486],"offset":[0,0],"originalSize":[315,486],"capInsets":[0,0,0,0]}},{"__type__":"cc.SpriteFrame","content":{"name":"icon_cjfj","texture":"lznn42ac-e11c-40cf-951b-b52a22b2717e","rect":[0,0,315,486],"offset":[0,0],"originalSize":[315,486],"capInsets":[0,0,0,0]}},{"__type__":"cc.SpriteFrame","content":{"name":"icon_cjrfj","texture":"lznndb91-6fbe-47ab-8406-8f84fddce92a","rect":[2,5,312,481],"offset":[0.5,-2.5],"originalSize":[315,486],"capInsets":[0,0,0,0]}},{"__type__":"cc.SpriteFrame","content":{"name":"img_symid_up","texture":"lznn5d48-01e2-45d2-b15c-51c873f7a2a1","rect":[1,0,411,82],"offset":[0,0],"originalSize":[413,82],"capInsets":[0,0,0,0]}},[{"__type__":"cc.Prefab","_name":"nn_UIMain","data":{"__id__":1}},{"__type__":"cc.Node","_name":"nn_UIMain","_children":[{"__id__":2},{"__id__":3},{"__id__":8}],"_components":[{"__type__":"cc.Widget","node":{"__id__":1},"alignMode":0,"_alignFlags":45,"_originalWidth":1360,"_originalHeight":760},{"__type__":"lznn09cc-36f6-49e1-b9df-515ad83c692e","node":{"__id__":1},"JS_Name":"wzmj_BaseComponent"}],"_prefab":{"__type__":"cc.PrefabInfo","root":{"__id__":1},"asset":{"__uuid__":"lznn5978-f27e-4c06-8a7b-31ffbf777fab"},"fileId":"b1k5IrI8VGlaa6Vb2y5Xai"},"_contentSize":{"__type__":"cc.Size","width":1360,"height":760},"_trs":{"__type__":"TypedArray","ctor":"Float64Array","array":[680,380,0,0,0,0,1,1,1,1]}},{"__type__":"cc.Node","_name":"bg","_parent":{"__id__":1},"_components":[{"__type__":"cc.Sprite","node":{"__id__":2},"_materials":[{"__uuid__":"ecpdLyjvZBwrvm+cedCcQy"}],"_spriteFrame":{"__uuid__":"lznnfe07-cc50-4777-86f8-8bbc336f434b"}}],"_prefab":{"__type__":"cc.PrefabInfo","root":{"__id__":1},"asset":{"__uuid__":"lznn5978-f27e-4c06-8a7b-31ffbf777fab"},"fileId":"86BVh3HQhA0ZUlfH/9K53B"},"_contentSize":{"__type__":"cc.Size","width":1750,"height":800},"_trs":{"__type__":"TypedArray","ctor":"Float64Array","array":[0,0,0,0,0,0,1,1,1,1]}},{"__type__":"cc.Node","_name":"top","_parent":{"__id__":1},"_children":[{"__id__":4},{"__id__":6},{"__id__":7}],"_components":[{"__type__":"cc.Widget","node":{"__id__":3},"_alignFlags":41,"_originalWidth":1360},{"__type__":"cc.Sprite","node":{"__id__":3}}],"_prefab":{"__type__":"cc.PrefabInfo","root":{"__id__":1},"asset":{"__uuid__":"lznn5978-f27e-4c06-8a7b-31ffbf777fab"},"fileId":"f3loyI5dJDZ4AgiicL7rPt"},"_contentSize":{"__type__":"cc.Size","width":1360,"height":80},"_anchorPoint":{"__type__":"cc.Vec2","x":0.5,"y":1},"_trs":{"__type__":"TypedArray","ctor":"Float64Array","array":[0,380,0,0,0,0,1,1,1,1]}},{"__type__":"cc.Node","_name":"img_symid_up","_parent":{"__id__":3},"_children":[{"__id__":5}],"_components":[{"__type__":"cc.Sprite","node":{"__id__":4},"_materials":[{"__uuid__":"ecpdLyjvZBwrvm+cedCcQy"}],"_spriteFrame":{"__uuid__":"lznn5924-0b40-4b85-a2f8-1119e2ae2a19"}}],"_prefab":{"__type__":"cc.PrefabInfo","root":{"__id__":1},"asset":{"__uuid__":"lznn5978-f27e-4c06-8a7b-31ffbf777fab"},"fileId":"a0YrnWE2xHVLX1RZP6d7Ko"},"_contentSize":{"__type__":"cc.Size","width":411,"height":82},"_anchorPoint":{"__type__":"cc.Vec2","x":0.5,"y":1},"_trs":{"__type__":"TypedArray","ctor":"Float64Array","array":[0,0,0,0,0,0,1,1,1,1]}},{"__type__":"cc.Node","_name":"img_wzmj","_parent":{"__id__":4},"_components":[{"__type__":"cc.Label","node":{"__id__":5},"_materials":[{"__uuid__":"ecpdLyjvZBwrvm+cedCcQy"}]}],"_prefab":{"__type__":"cc.PrefabInfo","root":{"__id__":1},"asset":{"__uuid__":"lznn5978-f27e-4c06-8a7b-31ffbf777fab"},"fileId":"d6eD6uNddHDZJfxcnUsTRl"},"_contentSize":{"__type__":"cc.Size","height":50.4},"_anchorPoint":{"__type__":"cc.Vec2","x":0.5,"y":1},"_trs":{"__type__":"TypedArray","ctor":"Float64Array","array":[0,-4,0,0,0,0,1,1,1,1]}},{"__type__":"cc.Node","_name":"lb_tip","_parent":{"__id__":3},"_components":[{"__type__":"cc.Label","node":{"__id__":6},"_materials":[{"__uuid__":"ecpdLyjvZBwrvm+cedCcQy"}],"_useOriginalSize":false,"_string":"文明娱乐 禁止赌博","_N$string":"文明娱乐 禁止赌博","_fontSize":30,"_lineHeight":30,"_N$verticalAlign":1},{"__type__":"cc.Widget","node":{"__id__":6},"_alignFlags":12,"_left":10,"_right":1111.835,"_bottom":-41,"_originalWidth":248.33}],"_prefab":{"__type__":"cc.PrefabInfo","root":{"__id__":1},"asset":{"__uuid__":"lznn5978-f27e-4c06-8a7b-31ffbf777fab"},"fileId":"a6EehEXNZA7rk1x7K6zK+M"},"_contentSize":{"__type__":"cc.Size","width":248.33,"height":37.8},"_anchorPoint":{"__type__":"cc.Vec2","y":0.5},"_trs":{"__type__":"TypedArray","ctor":"Float64Array","array":[-670,-102.1,0,0,0,0,1,1,1,1]}},{"__type__":"cc.Node","_name":"resVersion","_parent":{"__id__":3},"_components":[{"__type__":"cc.Label","node":{"__id__":7},"_materials":[{"__uuid__":"ecpdLyjvZBwrvm+cedCcQy"}],"_useOriginalSize":false,"_fontSize":30,"_lineHeight":30,"_N$verticalAlign":1},{"__type__":"cc.Widget","node":{"__id__":7},"_alignFlags":12,"_left":10,"_right":1360.4,"_bottom":-79.30000000000001}],"_prefab":{"__type__":"cc.PrefabInfo","root":{"__id__":1},"asset":{"__uuid__":"lznn5978-f27e-4c06-8a7b-31ffbf777fab"},"fileId":"4cVYfssn9MIpNpCXwWntip"},"_contentSize":{"__type__":"cc.Size","height":37.8},"_anchorPoint":{"__type__":"cc.Vec2","y":0.5},"_trs":{"__type__":"TypedArray","ctor":"Float64Array","array":[-670,-140.4,0,0,0,0,1,1,1,1]}},{"__type__":"cc.Node","_name":"main","_parent":{"__id__":1},"_children":[{"__id__":9},{"__id__":10},{"__id__":11},{"__id__":12},{"__id__":13}],"_components":[{"__type__":"cc.Sprite","node":{"__id__":8},"_type":1,"_sizeMode":0},{"__type__":"cc.Layout","node":{"__id__":8},"_layoutSize":{"__type__":"cc.Size","width":1255,"height":520},"_resize":1,"_N$layoutType":1}],"_prefab":{"__type__":"cc.PrefabInfo","root":{"__id__":1},"asset":{"__uuid__":"lznn5978-f27e-4c06-8a7b-31ffbf777fab"},"fileId":"36hMwPvJ1LTqtAe2bKvd4l"},"_contentSize":{"__type__":"cc.Size","width":1255,"height":520},"_trs":{"__type__":"TypedArray","ctor":"Float64Array","array":[0,-10,0,0,0,0,1,1,1,1]}},{"__type__":"cc.Node","_name":"btn_create","_parent":{"__id__":8},"_components":[{"__type__":"cc.Sprite","node":{"__id__":9},"_materials":[{"__uuid__":"ecpdLyjvZBwrvm+cedCcQy"}],"_spriteFrame":{"__uuid__":"lznn1a78-5166-4ac7-b8d9-f2a43762e248"},"_type":1},{"__type__":"cc.Button","node":{"__id__":9},"clickEvents":[{"__type__":"cc.ClickEvent","target":{"__id__":1},"_componentId":"lznn09cc-36f6-49e1-b9df-515ad83c692e","handler":"OnClick_BtnWnd"}],"_N$transition":3,"transition":3,"_N$pressedColor":{"__type__":"cc.Color","r":255,"g":255,"b":255},"pressedColor":{"__type__":"cc.Color","r":255,"g":255,"b":255},"_N$disabledColor":{"__type__":"cc.Color","r":255,"g":255,"b":255},"_N$normalSprite":{"__uuid__":"f0BIwQ8D5Ml7nTNQbh1YlS"},"_N$pressedSprite":{"__uuid__":"e97GVMl6JHh5Ml5qEDdSGa"},"pressedSprite":{"__uuid__":"e97GVMl6JHh5Ml5qEDdSGa"},"_N$hoverSprite":{"__uuid__":"f0BIwQ8D5Ml7nTNQbh1YlS"},"hoverSprite":{"__uuid__":"f0BIwQ8D5Ml7nTNQbh1YlS"},"_N$disabledSprite":{"__uuid__":"29FYIk+N1GYaeWH/q1NxQO"},"_N$target":{"__id__":9}}],"_prefab":{"__type__":"cc.PrefabInfo","root":{"__id__":1},"asset":{"__uuid__":"lznn5978-f27e-4c06-8a7b-31ffbf777fab"},"fileId":"4fOxHsC8hNYL8yilwpeaQU"},"_contentSize":{"__type__":"cc.Size","width":315,"height":486},"_trs":{"__type__":"TypedArray","ctor":"Float64Array","array":[-470,0,0,0,0,0,1,1,1,1]}},{"__type__":"cc.Node","_name":"btn_join","_parent":{"__id__":8},"_components":[{"__type__":"cc.Sprite","node":{"__id__":10},"_materials":[{"__uuid__":"ecpdLyjvZBwrvm+cedCcQy"}],"_spriteFrame":{"__uuid__":"lznn2de8-a45f-4396-8764-57078f72baa4"},"_type":1},{"__type__":"cc.Button","node":{"__id__":10},"clickEvents":[{"__type__":"cc.ClickEvent","target":{"__id__":1},"_componentId":"lznn09cc-36f6-49e1-b9df-515ad83c692e","handler":"OnClick_BtnWnd"}],"_N$transition":3,"transition":3,"_N$pressedColor":{"__type__":"cc.Color","r":255,"g":255,"b":255},"pressedColor":{"__type__":"cc.Color","r":255,"g":255,"b":255},"_N$disabledColor":{"__type__":"cc.Color","r":255,"g":255,"b":255},"_N$normalSprite":{"__uuid__":"f0BIwQ8D5Ml7nTNQbh1YlS"},"_N$pressedSprite":{"__uuid__":"e97GVMl6JHh5Ml5qEDdSGa"},"pressedSprite":{"__uuid__":"e97GVMl6JHh5Ml5qEDdSGa"},"_N$hoverSprite":{"__uuid__":"f0BIwQ8D5Ml7nTNQbh1YlS"},"hoverSprite":{"__uuid__":"f0BIwQ8D5Ml7nTNQbh1YlS"},"_N$disabledSprite":{"__uuid__":"29FYIk+N1GYaeWH/q1NxQO"},"_N$target":{"__id__":10}}],"_prefab":{"__type__":"cc.PrefabInfo","root":{"__id__":1},"asset":{"__uuid__":"lznn5978-f27e-4c06-8a7b-31ffbf777fab"},"fileId":"029Ha+4kFAVY3PYBGmYFpb"},"_contentSize":{"__type__":"cc.Size","width":312,"height":481},"_trs":{"__type__":"TypedArray","ctor":"Float64Array","array":[-156.5,0,0,0,0,0,1,1,1,1]}},{"__type__":"cc.Node","_name":"btn_lxc","_parent":{"__id__":8},"_components":[{"__type__":"cc.Sprite","node":{"__id__":11},"_materials":[{"__uuid__":"ecpdLyjvZBwrvm+cedCcQy"}],"_spriteFrame":{"__uuid__":"lznnc229-e6d5-484c-942a-6b4365c90609"},"_type":1},{"__type__":"cc.Button","node":{"__id__":11},"clickEvents":[{"__type__":"cc.ClickEvent","target":{"__id__":1},"_componentId":"lznn09cc-36f6-49e1-b9df-515ad83c692e","handler":"OnClick_BtnWnd"}],"_N$transition":3,"transition":3,"_N$pressedColor":{"__type__":"cc.Color","r":255,"g":255,"b":255},"pressedColor":{"__type__":"cc.Color","r":255,"g":255,"b":255},"_N$disabledColor":{"__type__":"cc.Color","r":255,"g":255,"b":255},"_N$normalSprite":{"__uuid__":"f0BIwQ8D5Ml7nTNQbh1YlS"},"_N$pressedSprite":{"__uuid__":"e97GVMl6JHh5Ml5qEDdSGa"},"pressedSprite":{"__uuid__":"e97GVMl6JHh5Ml5qEDdSGa"},"_N$hoverSprite":{"__uuid__":"f0BIwQ8D5Ml7nTNQbh1YlS"},"hoverSprite":{"__uuid__":"f0BIwQ8D5Ml7nTNQbh1YlS"},"_N$disabledSprite":{"__uuid__":"29FYIk+N1GYaeWH/q1NxQO"},"_N$target":{"__id__":11}}],"_prefab":{"__type__":"cc.PrefabInfo","root":{"__id__":1},"asset":{"__uuid__":"lznn5978-f27e-4c06-8a7b-31ffbf777fab"},"fileId":"b1n3Oi7LdBzIyAGS4iHX9b"},"_contentSize":{"__type__":"cc.Size","width":314,"height":485},"_trs":{"__type__":"TypedArray","ctor":"Float64Array","array":[156.5,0,0,0,0,0,1,1,1,1]}},{"__type__":"cc.Node","_name":"btn_race","_parent":{"__id__":8},"_active":false,"_components":[{"__type__":"cc.Sprite","node":{"__id__":12},"_spriteFrame":{"__uuid__":"lznn07d4-4888-4d48-b51c-9d3ec6d65962"},"_type":1},{"__type__":"cc.Button","node":{"__id__":12},"clickEvents":[{"__type__":"cc.ClickEvent","target":{"__id__":1},"_componentId":"lznn09cc-36f6-49e1-b9df-515ad83c692e","handler":"OnClick_BtnWnd"}],"_N$transition":3,"transition":3,"_N$pressedColor":{"__type__":"cc.Color","r":255,"g":255,"b":255},"pressedColor":{"__type__":"cc.Color","r":255,"g":255,"b":255},"_N$disabledColor":{"__type__":"cc.Color","r":255,"g":255,"b":255},"_N$normalSprite":{"__uuid__":"f0BIwQ8D5Ml7nTNQbh1YlS"},"_N$pressedSprite":{"__uuid__":"e97GVMl6JHh5Ml5qEDdSGa"},"pressedSprite":{"__uuid__":"e97GVMl6JHh5Ml5qEDdSGa"},"_N$hoverSprite":{"__uuid__":"f0BIwQ8D5Ml7nTNQbh1YlS"},"hoverSprite":{"__uuid__":"f0BIwQ8D5Ml7nTNQbh1YlS"},"_N$disabledSprite":{"__uuid__":"29FYIk+N1GYaeWH/q1NxQO"},"_N$target":{"__id__":12}}],"_prefab":{"__type__":"cc.PrefabInfo","root":{"__id__":1},"asset":{"__uuid__":"lznn5978-f27e-4c06-8a7b-31ffbf777fab"},"fileId":"aa0HvmAS1AXa2bSIejP0Jo"},"_contentSize":{"__type__":"cc.Size","width":315,"height":486},"_trs":{"__type__":"TypedArray","ctor":"Float64Array","array":[470.5,0,0,0,0,0,1,1,1,1]}},{"__type__":"cc.Node","_name":"replay","_parent":{"__id__":8},"_children":[{"__id__":14},{"__id__":21}],"_prefab":{"__type__":"cc.PrefabInfo","root":{"__id__":1},"asset":{"__uuid__":"lznn5978-f27e-4c06-8a7b-31ffbf777fab"},"fileId":"52sL8wTLlMlK0flrSIudHC"},"_contentSize":{"__type__":"cc.Size","width":314,"height":485},"_trs":{"__type__":"TypedArray","ctor":"Float64Array","array":[470.5,0,0,0,0,0,1,1,1,1]}},{"__type__":"cc.Node","_name":"replayEditBox","_parent":{"__id__":13},"_children":[{"__id__":15},{"__id__":17},{"__id__":19}],"_components":[{"__type__":"cc.EditBox","node":{"__id__":14},"_useOriginalSize":false,"maxLength":8,"_N$textLabel":{"__id__":18},"_N$placeholderLabel":{"__id__":20},"_N$background":{"__id__":16},"_N$inputMode":6}],"_prefab":{"__type__":"cc.PrefabInfo","root":{"__id__":1},"asset":{"__uuid__":"lznn5978-f27e-4c06-8a7b-31ffbf777fab"},"fileId":"deq9/FSGtJ+pnwN5AWxjeC"},"_contentSize":{"__type__":"cc.Size","width":250,"height":70},"_trs":{"__type__":"TypedArray","ctor":"Float64Array","array":[0,136,0,0,0,0,1,1,1,1]}},{"__type__":"cc.Node","_name":"BACKGROUND_SPRITE","_parent":{"__id__":14},"_components":[{"__id__":16}],"_prefab":{"__type__":"cc.PrefabInfo","root":{"__id__":1},"asset":{"__uuid__":"lznn5978-f27e-4c06-8a7b-31ffbf777fab"},"fileId":"64fPtiNR9F1Y3pxvcGV5Vm"},"_contentSize":{"__type__":"cc.Size","width":250,"height":70},"_trs":{"__type__":"TypedArray","ctor":"Float64Array","array":[0,0,0,0,0,0,1,1,1,1]}},{"__type__":"cc.Sprite","node":{"__id__":15},"_materials":[{"__uuid__":"ecpdLyjvZBwrvm+cedCcQy"}],"_spriteFrame":{"__uuid__":"ffDpHHVcZAhqOfy25Fe4w7"},"_type":1,"_sizeMode":0},{"__type__":"cc.Node","_name":"TEXT_LABEL","_parent":{"__id__":14},"_active":false,"_components":[{"__id__":18}],"_prefab":{"__type__":"cc.PrefabInfo","root":{"__id__":1},"asset":{"__uuid__":"lznn5978-f27e-4c06-8a7b-31ffbf777fab"},"fileId":"16rHseytlHmoUc7m98pGLn"},"_contentSize":{"__type__":"cc.Size","width":248,"height":70},"_anchorPoint":{"__type__":"cc.Vec2","y":1},"_trs":{"__type__":"TypedArray","ctor":"Float64Array","array":[-123,35,0,0,0,0,1,1,1,1]}},{"__type__":"cc.Label","node":{"__id__":17},"_fontSize":20,"_enableWrapText":false,"_N$verticalAlign":1,"_N$overflow":1},{"__type__":"cc.Node","_name":"PLACEHOLDER_LABEL","_parent":{"__id__":14},"_components":[{"__id__":20}],"_prefab":{"__type__":"cc.PrefabInfo","root":{"__id__":1},"asset":{"__uuid__":"lznn5978-f27e-4c06-8a7b-31ffbf777fab"},"fileId":"494UNfqrNHy56J6Hq/8ofU"},"_color":{"__type__":"cc.Color","r":187,"g":187,"b":187},"_contentSize":{"__type__":"cc.Size","width":248,"height":70},"_anchorPoint":{"__type__":"cc.Vec2","y":1},"_trs":{"__type__":"TypedArray","ctor":"Float64Array","array":[-123,35,0,0,0,0,1,1,1,1]}},{"__type__":"cc.Label","node":{"__id__":19},"_materials":[{"__uuid__":"ecpdLyjvZBwrvm+cedCcQy"}],"_string":"请输入回放码：","_N$string":"请输入回放码：","_fontSize":20,"_lineHeight":70,"_enableWrapText":false,"_N$verticalAlign":1,"_N$overflow":1},{"__type__":"cc.Node","_name":"btn_replay","_parent":{"__id__":13},"_children":[{"__id__":22}],"_components":[{"__type__":"cc.Button","node":{"__id__":21},"clickEvents":[{"__type__":"cc.ClickEvent","target":{"__id__":1},"_componentId":"lznn09cc-36f6-49e1-b9df-515ad83c692e","handler":"OnClick_BtnWnd"}],"_N$transition":3,"transition":3,"_N$normalColor":{"__type__":"cc.Color","r":230,"g":230,"b":230},"_N$pressedColor":{"__type__":"cc.Color","r":200,"g":200,"b":200},"pressedColor":{"__type__":"cc.Color","r":200,"g":200,"b":200},"_N$disabledColor":{"__type__":"cc.Color","r":120,"g":120,"b":120,"a":200},"_N$normalSprite":{"__uuid__":"f0BIwQ8D5Ml7nTNQbh1YlS"},"_N$pressedSprite":{"__uuid__":"e97GVMl6JHh5Ml5qEDdSGa"},"pressedSprite":{"__uuid__":"e97GVMl6JHh5Ml5qEDdSGa"},"_N$hoverSprite":{"__uuid__":"f0BIwQ8D5Ml7nTNQbh1YlS"},"hoverSprite":{"__uuid__":"f0BIwQ8D5Ml7nTNQbh1YlS"},"_N$disabledSprite":{"__uuid__":"29FYIk+N1GYaeWH/q1NxQO"},"_N$target":{"__id__":22}}],"_prefab":{"__type__":"cc.PrefabInfo","root":{"__id__":1},"asset":{"__uuid__":"lznn5978-f27e-4c06-8a7b-31ffbf777fab"},"fileId":"58vqnZuKpL1KrceJKTUiEw"},"_contentSize":{"__type__":"cc.Size","width":150,"height":60},"_trs":{"__type__":"TypedArray","ctor":"Float64Array","array":[0,0,0,0,0,0,1,1,1,1]}},{"__type__":"cc.Node","_name":"Background","_parent":{"__id__":21},"_children":[{"__id__":23}],"_components":[{"__type__":"cc.Sprite","node":{"__id__":22},"_materials":[{"__uuid__":"ecpdLyjvZBwrvm+cedCcQy"}],"_spriteFrame":{"__uuid__":"f0BIwQ8D5Ml7nTNQbh1YlS"},"_type":1,"_sizeMode":0},{"__type__":"cc.Widget","node":{"__id__":22},"alignMode":0,"_alignFlags":45,"_originalWidth":100,"_originalHeight":40}],"_prefab":{"__type__":"cc.PrefabInfo","root":{"__id__":1},"asset":{"__uuid__":"lznn5978-f27e-4c06-8a7b-31ffbf777fab"},"fileId":"c4O7OUCCdL8azBzlrVxKTc"},"_color":{"__type__":"cc.Color","r":230,"g":230,"b":230},"_contentSize":{"__type__":"cc.Size","width":150,"height":60},"_trs":{"__type__":"TypedArray","ctor":"Float64Array","array":[0,0,0,0,0,0,1,1,1,1]}},{"__type__":"cc.Node","_name":"Label","_parent":{"__id__":22},"_components":[{"__type__":"cc.Label","node":{"__id__":23},"_materials":[{"__uuid__":"ecpdLyjvZBwrvm+cedCcQy"}],"_useOriginalSize":false,"_string":"点击查看回放码","_N$string":"点击查看回放码","_fontSize":20,"_enableWrapText":false,"_N$horizontalAlign":1,"_N$verticalAlign":1,"_N$overflow":1}],"_prefab":{"__type__":"cc.PrefabInfo","root":{"__id__":1},"asset":{"__uuid__":"lznn5978-f27e-4c06-8a7b-31ffbf777fab"},"fileId":"8dDX3X98BH2KDWPDaXv9IW"},"_color":{"__type__":"cc.Color"},"_contentSize":{"__type__":"cc.Size","width":100,"height":40},"_trs":{"__type__":"TypedArray","ctor":"Float64Array","array":[0,0,0,0,0,0,1,1,1,1]}}],{"__type__":"cc.SpriteFrame","content":{"name":"icon_lxc","texture":"lznn81db-aa43-4a7a-952c-886ae35df37e","rect":[1,1,314,485],"offset":[0.5,-0.5],"originalSize":[315,486],"capInsets":[0,0,0,0]}},{"__type__":"cc.SpriteFrame","content":{"name":"bg01_sy","texture":"lznn7ecc-029b-4cc8-aadf-03e2a3c5b28e","rect":[0,0,1560,720],"offset":[0,0],"originalSize":[1560,720],"capInsets":[0,0,0,0]}}]