[[{"__type__":"cc.Prefab","_name":"nn_UIVoice","data":{"__id__":1}},{"__type__":"cc.Node","_name":"nn_UIVoice","_children":[{"__id__":2},{"__id__":3}],"_components":[{"__type__":"cc.Widget","node":{"__id__":1},"alignMode":0,"_alignFlags":33,"_right":-44.5,"_top":684.5},{"__type__":"e4a72QIUMRDbomCvYAT9RtA","node":{"__id__":1},"ZorderLv":7}],"_prefab":{"__type__":"cc.PrefabInfo","root":{"__id__":1},"asset":{"__uuid__":"44awI+RptFh40eEaVUlGxr"},"fileId":"3c7ZmMAe9E7KPB7Ak1jNfV"},"_contentSize":{"__type__":"cc.Size","width":199,"height":83},"_trs":{"__type__":"TypedArray","ctor":"Float64Array","array":[1305,34,0,0,0,0,1,1,1,1]}},{"__type__":"cc.Node","_name":"btn_chat","_parent":{"__id__":1},"_components":[{"__type__":"cc.Sprite","node":{"__id__":2},"_materials":[{"__uuid__":"ecpdLyjvZBwrvm+cedCcQy"}],"_spriteFrame":{"__uuid__":"ab0nUOjINKD43XuM2G1PNt"}},{"__type__":"cc.Button","node":{"__id__":2},"_normalMaterial":{"__uuid__":"ecpdLyjvZBwrvm+cedCcQy"},"zoomScale":0.9,"clickEvents":[{"__type__":"cc.ClickEvent","target":{"__id__":1},"_componentId":"e4a72QIUMRDbomCvYAT9RtA","handler":"OnClick_BtnWnd"}],"_N$transition":3,"transition":3,"_N$target":{"__id__":2}}],"_prefab":{"__type__":"cc.PrefabInfo","root":{"__id__":1},"asset":{"__uuid__":"44awI+RptFh40eEaVUlGxr"},"fileId":"3adfm9PEFEmZpZ4H+ITUU3"},"_contentSize":{"__type__":"cc.Size","width":100,"height":100},"_trs":{"__type__":"TypedArray","ctor":"Float64Array","array":[0,54,0,0,0,0,1,0.7,0.7,1]}},{"__type__":"cc.Node","_name":"btn_voice","_parent":{"__id__":1},"_components":[{"__type__":"cc.Sprite","node":{"__id__":3},"_materials":[{"__uuid__":"ecpdLyjvZBwrvm+cedCcQy"}],"_spriteFrame":{"__uuid__":"71ZEkcholP3pP4tzHbU/Yg"}},{"__type__":"cc.Button","node":{"__id__":3},"_normalMaterial":{"__uuid__":"ecpdLyjvZBwrvm+cedCcQy"},"zoomScale":0.9,"clickEvents":[{"__type__":"cc.ClickEvent","target":{"__id__":1},"_componentId":"e4a72QIUMRDbomCvYAT9RtA","handler":"OnClick_BtnWnd"}],"_N$transition":3,"transition":3,"_N$target":{"__id__":3}}],"_prefab":{"__type__":"cc.PrefabInfo","root":{"__id__":1},"asset":{"__uuid__":"44awI+RptFh40eEaVUlGxr"},"fileId":"1e0wRa3lpInqYEreAIbO69"},"_contentSize":{"__type__":"cc.Size","width":100,"height":100},"_trs":{"__type__":"TypedArray","ctor":"Float64Array","array":[0,-10,0,0,0,0,1,0.7,0.7,1]}}],{"__type__":"cc.SpriteFrame","content":{"name":"btn_voice","texture":"647+T7cRRMwKDle5g+SAc5","rect":[0,0,100,100],"offset":[0,0],"originalSize":[100,100],"capInsets":[0,0,0,0]}},{"__type__":"cc.SpriteFrame","content":{"name":"btn_talk","texture":"749mEeEwhBcL376ajwtrNA","rect":[0,0,100,100],"offset":[0,0],"originalSize":[100,100],"capInsets":[0,0,0,0]}}]