[[{"__type__":"cc.Prefab","_name":"zimo","data":{"__id__":1}},{"__type__":"cc.Node","_name":"zimo","_components":[{"__type__":"cc.Sprite","node":{"__id__":1},"_spriteFrame":{"__uuid__":"lznn3e6e-4e56-4531-80f4-b559a68b73b1"},"_sizeMode":2,"_isTrimmedMode":false},{"__type__":"cc.Animation","node":{"__id__":1},"_defaultClip":{"__uuid__":"lznnceaa-7631-43bf-84a4-8dfc40d52b28"},"_clips":[{"__uuid__":"lznnceaa-7631-43bf-84a4-8dfc40d52b28"}]},{"__type__":"lznn27a3-f7f6-43f3-bc26-19a21c44bee8","node":{"__id__":1}}],"_prefab":{"__type__":"cc.PrefabInfo","root":{"__id__":1},"asset":{"__uuid__":"lznn15aa-fecd-4965-836a-981220aa33e3"},"fileId":"4c691WF2qdCOKGtfAu58yVK"},"_contentSize":{"__type__":"cc.Size","width":499,"height":475},"_trs":{"__type__":"TypedArray","ctor":"Float64Array","array":[0,0,0,0,0,0,1,1,1,1]},"_zIndex":0}],{"__type__":"cc.SpriteFrame","content":{"name":"anim_zimo1","texture":"1e4867310","rect":[2,2,465,455],"offset":[1,1],"originalSize":[499,475],"capInsets":[0,0,0,0]}}]