[{"__type__":"cc.SpriteFrame","content":{"name":"fangzhu","texture":"a3Dz2SldBPkIhPTlNS+/Dp","rect":[0,0,34,35],"offset":[0,0],"originalSize":[34,35],"capInsets":[0,0,0,0]}},[{"__type__":"cc.Prefab","_name":"resultPrefab02","data":{"__id__":1}},{"__type__":"cc.Node","_name":"resultPrefab02","_children":[{"__id__":2},{"__id__":3},{"__id__":9},{"__id__":16},{"__id__":17},{"__id__":18},{"__id__":19},{"__id__":20},{"__id__":21},{"__id__":22}],"_prefab":{"__type__":"cc.PrefabInfo","root":{"__id__":1},"asset":{"__uuid__":"1fZ3F45JZLGr/go2daUf3q"},"fileId":"e1E+CHNBtAYZ6x69iV5AOu"},"_contentSize":{"__type__":"cc.Size","width":550,"height":80},"_anchorPoint":{"__type__":"cc.Vec2","y":0.5},"_trs":{"__type__":"TypedArray","ctor":"Float64Array","array":[0,0,0,0,0,0,1,1,1,1]}},{"__type__":"cc.Node","_name":"bg","_parent":{"__id__":1},"_components":[{"__type__":"cc.Sprite","node":{"__id__":2},"_materials":[{"__uuid__":"ecpdLyjvZBwrvm+cedCcQy"}],"_spriteFrame":{"__uuid__":"acKPhrgZ1DO5Kg6L7lSgQC"},"_type":1,"_sizeMode":0}],"_prefab":{"__type__":"cc.PrefabInfo","root":{"__id__":1},"asset":{"__uuid__":"1fZ3F45JZLGr/go2daUf3q"},"fileId":"cbFopek/BB8ptDJxwA+/Li"},"_contentSize":{"__type__":"cc.Size","width":550,"height":80},"_anchorPoint":{"__type__":"cc.Vec2","y":0.5},"_trs":{"__type__":"TypedArray","ctor":"Float64Array","array":[0,0,0,0,0,0,1,1,1,1]}},{"__type__":"cc.Node","_name":"topTitle","_parent":{"__id__":1},"_children":[{"__id__":4},{"__id__":5},{"__id__":6},{"__id__":7},{"__id__":8}],"_prefab":{"__type__":"cc.PrefabInfo","root":{"__id__":1},"asset":{"__uuid__":"1fZ3F45JZLGr/go2daUf3q"},"fileId":"2fnb4YcR5JQbYmY32bKNpX"},"_trs":{"__type__":"TypedArray","ctor":"Float64Array","array":[190,-2,0,0,0,0,1,1,1,1]}},{"__type__":"cc.Node","_name":"sheng","_parent":{"__id__":3},"_components":[{"__type__":"cc.Label","node":{"__id__":4},"_materials":[{"__uuid__":"ecpdLyjvZBwrvm+cedCcQy"}],"_useOriginalSize":false,"_string":"胜","_N$string":"胜","_fontSize":26,"_N$file":{"__uuid__":"lznn373b-ebaf-4e57-9974-1fdd6b1b601d"},"_isSystemFontUsed":false,"_N$horizontalAlign":1,"_N$verticalAlign":1}],"_prefab":{"__type__":"cc.PrefabInfo","root":{"__id__":1},"asset":{"__uuid__":"1fZ3F45JZLGr/go2daUf3q"},"fileId":"44/v5rKkJE2YV5JWg1WeQX"},"_color":{"__type__":"cc.Color","r":92,"g":129,"b":61},"_contentSize":{"__type__":"cc.Size","width":26,"height":50.4},"_trs":{"__type__":"TypedArray","ctor":"Float64Array","array":[70,58,0,0,0,0,1,1,1,1]}},{"__type__":"cc.Node","_name":"fu","_parent":{"__id__":3},"_components":[{"__type__":"cc.Label","node":{"__id__":5},"_materials":[{"__uuid__":"ecpdLyjvZBwrvm+cedCcQy"}],"_useOriginalSize":false,"_string":"负","_N$string":"负","_fontSize":26,"_N$file":{"__uuid__":"lznn373b-ebaf-4e57-9974-1fdd6b1b601d"},"_isSystemFontUsed":false,"_N$horizontalAlign":1,"_N$verticalAlign":1}],"_prefab":{"__type__":"cc.PrefabInfo","root":{"__id__":1},"asset":{"__uuid__":"1fZ3F45JZLGr/go2daUf3q"},"fileId":"a12/TUCMFAxZNzoDZyrxl6"},"_color":{"__type__":"cc.Color","r":92,"g":129,"b":61},"_contentSize":{"__type__":"cc.Size","width":26,"height":50.4},"_trs":{"__type__":"TypedArray","ctor":"Float64Array","array":[130,58,0,0,0,0,1,1,1,1]}},{"__type__":"cc.Node","_name":"ping","_parent":{"__id__":3},"_components":[{"__type__":"cc.Label","node":{"__id__":6},"_materials":[{"__uuid__":"ecpdLyjvZBwrvm+cedCcQy"}],"_useOriginalSize":false,"_string":"平","_N$string":"平","_fontSize":26,"_N$file":{"__uuid__":"lznn373b-ebaf-4e57-9974-1fdd6b1b601d"},"_isSystemFontUsed":false,"_N$horizontalAlign":1,"_N$verticalAlign":1}],"_prefab":{"__type__":"cc.PrefabInfo","root":{"__id__":1},"asset":{"__uuid__":"1fZ3F45JZLGr/go2daUf3q"},"fileId":"afH0AQZ8VBmq368pWRTLXA"},"_color":{"__type__":"cc.Color","r":92,"g":129,"b":61},"_contentSize":{"__type__":"cc.Size","width":26,"height":50.4},"_trs":{"__type__":"TypedArray","ctor":"Float64Array","array":[190,58,0,0,0,0,1,1,1,1]}},{"__type__":"cc.Node","_name":"total","_parent":{"__id__":3},"_components":[{"__type__":"cc.Label","node":{"__id__":7},"_materials":[{"__uuid__":"ecpdLyjvZBwrvm+cedCcQy"}],"_useOriginalSize":false,"_string":"总分数","_N$string":"总分数","_fontSize":26,"_N$file":{"__uuid__":"lznn373b-ebaf-4e57-9974-1fdd6b1b601d"},"_isSystemFontUsed":false,"_N$horizontalAlign":1,"_N$verticalAlign":1}],"_prefab":{"__type__":"cc.PrefabInfo","root":{"__id__":1},"asset":{"__uuid__":"1fZ3F45JZLGr/go2daUf3q"},"fileId":"91DIDT4L9G75tq+6HPTba2"},"_color":{"__type__":"cc.Color","r":92,"g":129,"b":61},"_contentSize":{"__type__":"cc.Size","width":78,"height":50.4},"_trs":{"__type__":"TypedArray","ctor":"Float64Array","array":[310,58,0,0,0,0,1,1,1,1]}},{"__type__":"cc.Node","_name":"sport","_parent":{"__id__":3},"_components":[{"__type__":"cc.Label","node":{"__id__":8},"_materials":[{"__uuid__":"ecpdLyjvZBwrvm+cedCcQy"}],"_useOriginalSize":false,"_string":"比赛分","_N$string":"比赛分","_fontSize":16,"_lineHeight":16,"_N$file":{"__uuid__":"lznn373b-ebaf-4e57-9974-1fdd6b1b601d"},"_isSystemFontUsed":false,"_N$horizontalAlign":1,"_N$verticalAlign":1}],"_prefab":{"__type__":"cc.PrefabInfo","root":{"__id__":1},"asset":{"__uuid__":"1fZ3F45JZLGr/go2daUf3q"},"fileId":"0fL2zGKq9Dhb2o35KqnO9r"},"_color":{"__type__":"cc.Color","r":92,"g":129,"b":61},"_contentSize":{"__type__":"cc.Size","width":48,"height":20.16},"_trs":{"__type__":"TypedArray","ctor":"Float64Array","array":[310,-6.913,0,0,0,0,1,1,1,1]}},{"__type__":"cc.Node","_name":"user_info","_parent":{"__id__":1},"_children":[{"__id__":10},{"__id__":11},{"__id__":12},{"__id__":13},{"__id__":14},{"__id__":15}],"_prefab":{"__type__":"cc.PrefabInfo","root":{"__id__":1},"asset":{"__uuid__":"1fZ3F45JZLGr/go2daUf3q"},"fileId":"6dvKQeh7FNvrLeBD12LbBk"},"_trs":{"__type__":"TypedArray","ctor":"Float64Array","array":[105,-47,0,0,0,0,1,1,1,1]}},{"__type__":"cc.Node","_name":"head_img","_parent":{"__id__":9},"_components":[{"__type__":"cc.Sprite","node":{"__id__":10},"_materials":[{"__uuid__":"ecpdLyjvZBwrvm+cedCcQy"}],"_spriteFrame":{"__uuid__":"lznn0bd4-6d8e-4361-aae8-91caca6f2355"},"_sizeMode":0,"_isTrimmedMode":false},{"__type__":"lznn8673-3561-4a28-8fd0-4ff9fc711d7e","node":{"__id__":10}}],"_prefab":{"__type__":"cc.PrefabInfo","root":{"__id__":1},"asset":{"__uuid__":"1fZ3F45JZLGr/go2daUf3q"},"fileId":"beWgl03MtMi7NbWQgtpkbf"},"_contentSize":{"__type__":"cc.Size","width":60,"height":60},"_trs":{"__type__":"TypedArray","ctor":"Float64Array","array":[-67,43,0,0,0,0,1,1,1,1]}},{"__type__":"cc.Node","_name":"lable_name","_parent":{"__id__":9},"_components":[{"__type__":"cc.Label","node":{"__id__":11},"_materials":[{"__uuid__":"ecpdLyjvZBwrvm+cedCcQy"}],"_useOriginalSize":false,"_string":"丸子科丸丸","_N$string":"丸子科丸丸","_fontSize":20,"_lineHeight":20,"_N$file":{"__uuid__":"lznn373b-ebaf-4e57-9974-1fdd6b1b601d"},"_isSystemFontUsed":false,"_N$horizontalAlign":1,"_N$verticalAlign":1}],"_prefab":{"__type__":"cc.PrefabInfo","root":{"__id__":1},"asset":{"__uuid__":"1fZ3F45JZLGr/go2daUf3q"},"fileId":"f65Kpp3ElGAoGTg+9wdaGg"},"_color":{"__type__":"cc.Color","r":92,"g":129,"b":61},"_contentSize":{"__type__":"cc.Size","width":100,"height":25.2},"_trs":{"__type__":"TypedArray","ctor":"Float64Array","array":[57.6,58.4,0,0,0,0,1,1,1,1]}},{"__type__":"cc.Node","_name":"idbg","_parent":{"__id__":9},"_components":[{"__type__":"cc.Sprite","node":{"__id__":12},"_materials":[{"__uuid__":"ecpdLyjvZBwrvm+cedCcQy"}],"_spriteFrame":{"__uuid__":"lznne13d-f48a-4b2d-83e1-5491b438f0b9"},"_sizeMode":0}],"_prefab":{"__type__":"cc.PrefabInfo","root":{"__id__":1},"asset":{"__uuid__":"1fZ3F45JZLGr/go2daUf3q"},"fileId":"62MWKHAgFD0rOSebcUc1I9"},"_contentSize":{"__type__":"cc.Size","width":24,"height":24},"_trs":{"__type__":"TypedArray","ctor":"Float64Array","array":[-12.5,27.2,0,0,0,0,1,1,1,1]}},{"__type__":"cc.Node","_name":"label_id","_parent":{"__id__":9},"_components":[{"__type__":"cc.Label","node":{"__id__":13},"_materials":[{"__uuid__":"ecpdLyjvZBwrvm+cedCcQy"}],"_useOriginalSize":false,"_string":"123456","_N$string":"123456","_fontSize":20,"_lineHeight":20,"_N$file":{"__uuid__":"lznn373b-ebaf-4e57-9974-1fdd6b1b601d"},"_isSystemFontUsed":false,"_N$horizontalAlign":1,"_N$verticalAlign":1}],"_prefab":{"__type__":"cc.PrefabInfo","root":{"__id__":1},"asset":{"__uuid__":"1fZ3F45JZLGr/go2daUf3q"},"fileId":"cdxMRlky1HfrZxjIiHEacT"},"_color":{"__type__":"cc.Color","r":92,"g":129,"b":61},"_contentSize":{"__type__":"cc.Size","width":64.38,"height":25.2},"_trs":{"__type__":"TypedArray","ctor":"Float64Array","array":[37.5,27.2,0,0,0,0,1,1,1,1]}},{"__type__":"cc.Node","_name":"sex","_parent":{"__id__":9},"_components":[{"__type__":"cc.Sprite","node":{"__id__":14},"_materials":[{"__uuid__":"ecpdLyjvZBwrvm+cedCcQy"}],"_spriteFrame":{"__uuid__":"lznna99c-6769-4fe8-8f48-74ca87313497"},"_sizeMode":0}],"_prefab":{"__type__":"cc.PrefabInfo","root":{"__id__":1},"asset":{"__uuid__":"1fZ3F45JZLGr/go2daUf3q"},"fileId":"c9WxA6brdAhbZLHvdbfa2H"},"_contentSize":{"__type__":"cc.Size","width":24,"height":24},"_trs":{"__type__":"TypedArray","ctor":"Float64Array","array":[-12.4,58.4,0,0,0,0,1,1,1,1]}},{"__type__":"cc.Node","_name":"fangzhu","_parent":{"__id__":9},"_components":[{"__type__":"cc.Sprite","node":{"__id__":15},"_materials":[{"__uuid__":"ecpdLyjvZBwrvm+cedCcQy"}],"_spriteFrame":{"__uuid__":"17QjJ90sxNwImtkrtSoZic"}}],"_prefab":{"__type__":"cc.PrefabInfo","root":{"__id__":1},"asset":{"__uuid__":"1fZ3F45JZLGr/go2daUf3q"},"fileId":"3aZITCU+FL8I96o8HvLyId"},"_contentSize":{"__type__":"cc.Size","width":34,"height":35},"_trs":{"__type__":"TypedArray","ctor":"Float64Array","array":[-54,30,0,0,0,0,1,1,1,1]}},{"__type__":"cc.Node","_name":"lb_lose_num","_parent":{"__id__":1},"_components":[{"__type__":"cc.Label","node":{"__id__":16},"_materials":[{"__uuid__":"ecpdLyjvZBwrvm+cedCcQy"}],"_useOriginalSize":false,"_string":"-20","_N$string":"-20","_fontSize":35,"_lineHeight":35,"_N$file":{"__uuid__":"d5qB3XXW5IDL3v+RIq0CMI"},"_isSystemFontUsed":false,"_N$horizontalAlign":1,"_N$verticalAlign":1}],"_prefab":{"__type__":"cc.PrefabInfo","root":{"__id__":1},"asset":{"__uuid__":"1fZ3F45JZLGr/go2daUf3q"},"fileId":"19RHa7oJdOE7ijTpCof0HN"},"_contentSize":{"__type__":"cc.Size","width":72.19,"height":38.28},"_trs":{"__type__":"TypedArray","ctor":"Float64Array","array":[495,24.731,0,0,0,0,1,1,1,1]}},{"__type__":"cc.Node","_name":"lb_win_num","_parent":{"__id__":1},"_components":[{"__type__":"cc.Label","node":{"__id__":17},"_materials":[{"__uuid__":"ecpdLyjvZBwrvm+cedCcQy"}],"_useOriginalSize":false,"_string":"+10","_N$string":"+10","_fontSize":35,"_lineHeight":35,"_N$file":{"__uuid__":"626cYcmZFPdI+MpEqQHIS6"},"_isSystemFontUsed":false,"_N$horizontalAlign":1}],"_prefab":{"__type__":"cc.PrefabInfo","root":{"__id__":1},"asset":{"__uuid__":"1fZ3F45JZLGr/go2daUf3q"},"fileId":"22z8BcXKFNWaIUscXIqFZr"},"_contentSize":{"__type__":"cc.Size","width":64.53,"height":38.28},"_trs":{"__type__":"TypedArray","ctor":"Float64Array","array":[495,24.731,0,0,0,0,1,1,1,1]}},{"__type__":"cc.Node","_name":"lb_win","_parent":{"__id__":1},"_components":[{"__type__":"cc.Label","node":{"__id__":18},"_materials":[{"__uuid__":"ecpdLyjvZBwrvm+cedCcQy"}],"_useOriginalSize":false,"_string":"+10","_N$string":"+10","_fontSize":36,"_lineHeight":36,"_N$file":{"__uuid__":"lznn373b-ebaf-4e57-9974-1fdd6b1b601d"},"_isSystemFontUsed":false,"_N$horizontalAlign":1,"_N$verticalAlign":1}],"_prefab":{"__type__":"cc.PrefabInfo","root":{"__id__":1},"asset":{"__uuid__":"1fZ3F45JZLGr/go2daUf3q"},"fileId":"44IoGAzBFDjrmJfPB6AcLj"},"_color":{"__type__":"cc.Color","r":181,"g":104,"b":48},"_contentSize":{"__type__":"cc.Size","width":55.27,"height":45.36},"_trs":{"__type__":"TypedArray","ctor":"Float64Array","array":[258,-2,0,0,0,0,1,1,1,1]}},{"__type__":"cc.Node","_name":"lb_lose","_parent":{"__id__":1},"_components":[{"__type__":"cc.Label","node":{"__id__":19},"_materials":[{"__uuid__":"ecpdLyjvZBwrvm+cedCcQy"}],"_useOriginalSize":false,"_string":"+10","_N$string":"+10","_fontSize":36,"_lineHeight":36,"_N$file":{"__uuid__":"lznn373b-ebaf-4e57-9974-1fdd6b1b601d"},"_isSystemFontUsed":false,"_N$horizontalAlign":1,"_N$verticalAlign":1}],"_prefab":{"__type__":"cc.PrefabInfo","root":{"__id__":1},"asset":{"__uuid__":"1fZ3F45JZLGr/go2daUf3q"},"fileId":"07Q6P9Gi5L96kQmtx7aMpB"},"_color":{"__type__":"cc.Color","r":181,"g":104,"b":48},"_contentSize":{"__type__":"cc.Size","width":55.27,"height":45.36},"_trs":{"__type__":"TypedArray","ctor":"Float64Array","array":[318,-2,0,0,0,0,1,1,1,1]}},{"__type__":"cc.Node","_name":"lb_ping","_parent":{"__id__":1},"_components":[{"__type__":"cc.Label","node":{"__id__":20},"_materials":[{"__uuid__":"ecpdLyjvZBwrvm+cedCcQy"}],"_useOriginalSize":false,"_string":"+10","_N$string":"+10","_fontSize":36,"_lineHeight":36,"_N$file":{"__uuid__":"lznn373b-ebaf-4e57-9974-1fdd6b1b601d"},"_isSystemFontUsed":false,"_N$horizontalAlign":1,"_N$verticalAlign":1}],"_prefab":{"__type__":"cc.PrefabInfo","root":{"__id__":1},"asset":{"__uuid__":"1fZ3F45JZLGr/go2daUf3q"},"fileId":"d1nqECwEdL7KUXHgf35IKD"},"_color":{"__type__":"cc.Color","r":181,"g":104,"b":48},"_contentSize":{"__type__":"cc.Size","width":55.27,"height":45.36},"_trs":{"__type__":"TypedArray","ctor":"Float64Array","array":[378,-2,0,0,0,0,1,1,1,1]}},{"__type__":"cc.Node","_name":"lb_sportsPoint","_parent":{"__id__":1},"_components":[{"__type__":"cc.Label","node":{"__id__":21},"_materials":[{"__uuid__":"ecpdLyjvZBwrvm+cedCcQy"}],"_useOriginalSize":false,"_string":"+10","_N$string":"+10","_fontSize":20,"_lineHeight":20,"_N$file":{"__uuid__":"lznn373b-ebaf-4e57-9974-1fdd6b1b601d"},"_isSystemFontUsed":false,"_N$horizontalAlign":1,"_N$verticalAlign":1}],"_prefab":{"__type__":"cc.PrefabInfo","root":{"__id__":1},"asset":{"__uuid__":"1fZ3F45JZLGr/go2daUf3q"},"fileId":"3eKemfD29F/ahO2TAGYN7J"},"_color":{"__type__":"cc.Color","r":181,"g":104,"b":48},"_contentSize":{"__type__":"cc.Size","width":30.7,"height":25.2},"_trs":{"__type__":"TypedArray","ctor":"Float64Array","array":[498.152,-28.839,0,0,0,0,1,1,1,1]}},{"__type__":"cc.Node","_name":"icon_win","_parent":{"__id__":1},"_components":[{"__type__":"cc.Sprite","node":{"__id__":22},"_materials":[{"__uuid__":"ecpdLyjvZBwrvm+cedCcQy"}],"_spriteFrame":{"__uuid__":"lznn4ec8-8406-4755-b524-8f15cd1b72df"}}],"_prefab":{"__type__":"cc.PrefabInfo","root":{"__id__":1},"asset":{"__uuid__":"1fZ3F45JZLGr/go2daUf3q"},"fileId":"f1f8ZeI8ZC7oW81FuV/GbY"},"_contentSize":{"__type__":"cc.Size","width":50,"height":92},"_trs":{"__type__":"TypedArray","ctor":"Float64Array","array":[428.6,-2,0,0,0,0,1,1,1,1]}}],{"__type__":"cc.SpriteFrame","content":{"name":"bg_jiesuan","texture":"f3hwwRgXVGy7LjqSt/5aPq","rect":[0,0,21,26],"offset":[0,0],"originalSize":[21,26],"capInsets":[10,10,10,10]}},{"__type__":"cc.SpriteFrame","content":{"name":"morentouxiang","texture":"lznnc652-0393-4ea1-84d8-1bdd3044f177","rect":[0,0,60,60],"offset":[0,0],"originalSize":[60,60],"capInsets":[0,0,0,0]}},{"__type__":"cc.SpriteFrame","content":{"name":"icon_win","texture":"lznn8c29-df32-4c7d-adb3-640d46ab9dda","rect":[0,0,50,92],"offset":[0,0],"originalSize":[50,92],"capInsets":[0,0,0,0]}},{"__type__":"cc.SpriteFrame","content":{"name":"personal_male","texture":"lznn0c77-896c-42ef-a016-1e1aea84b787","rect":[0,0,24,24],"offset":[0,0],"originalSize":[24,24],"capInsets":[0,0,0,0]}},{"__type__":"cc.SpriteFrame","content":{"name":"personal_id","texture":"lznnc8ff-b4f6-47e1-b6a6-5ebaa7b19435","rect":[0,0,31,31],"offset":[0,0],"originalSize":[31,31],"capInsets":[0,0,0,0]}}]