[{"__type__":"cc.SpriteFrame","content":{"name":"chupaibiaoji","texture":"lznnf4aa-b54f-446a-b791-b88d4bb6404c","rect":[0,0,35,43],"offset":[0,0],"originalSize":[35,43],"capInsets":[0,0,0,0]}},[{"__type__":"cc.Prefab","_name":"Tip2","data":{"__id__":1}},{"__type__":"cc.Node","_name":"Tip2","_components":[{"__type__":"cc.Sprite","node":{"__id__":1},"_spriteFrame":{"__uuid__":"lznne238-7485-4393-b338-c6af776ac70e"}},{"__type__":"cc.Animation","node":{"__id__":1},"_defaultClip":{"__uuid__":"lznn4f3f-7684-4d0e-acd8-c5893a8e13c9"},"_clips":[{"__uuid__":"lznn4f3f-7684-4d0e-acd8-c5893a8e13c9"}]},{"__type__":"lznn27a3-f7f6-43f3-bc26-19a21c44bee8","node":{"__id__":1}}],"_prefab":{"__type__":"cc.PrefabInfo","root":{"__id__":1},"asset":{"__uuid__":"lznne3f6-0be8-4262-9c7c-710ea74966e5"},"fileId":"faac6GFHvFJNZcjodijbCHb"},"_contentSize":{"__type__":"cc.Size","width":35,"height":43},"_anchorPoint":{"__type__":"cc.Vec2","x":0.5},"_trs":{"__type__":"TypedArray","ctor":"Float64Array","array":[0,0,0,0,0,0,1,1,1,1]},"_zIndex":0}]]