[{"__type__":"cc.SpriteFrame","content":{"name":"red_xipai_23","texture":"c0fUpylJ5KD7SOeNsCS2FB","rect":[30,3,122,108],"offset":[-25,-1.5],"originalSize":[232,111],"capInsets":[0,0,0,0]}},{"__type__":"cc.SpriteFrame","content":{"name":"red_xipai_11","texture":"6f7voeJxhCooqDNGcQ/7QE","rect":[80,3,142,108],"offset":[35,-1.5],"originalSize":[232,111],"capInsets":[0,0,0,0]}},{"__type__":"cc.SpriteFrame","content":{"name":"red_xipai_12","texture":"9cGV3kygpEAJUdvHktqNWn","rect":[80,3,132,108],"offset":[30,-1.5],"originalSize":[232,111],"capInsets":[0,0,0,0]}},{"__type__":"cc.SpriteFrame","content":{"name":"red_xipai_08","texture":"ed+SXAueJJ1YoyS8Ocnmj4","rect":[80,0,142,111],"offset":[35,0],"originalSize":[232,111],"capInsets":[0,0,0,0]}},{"__type__":"cc.SpriteFrame","content":{"name":"red_xipai_27","texture":"68xmDSfgdEOaAO57vcx5YX","rect":[10,4,142,107],"offset":[-35,-2],"originalSize":[232,111],"capInsets":[0,0,0,0]}},{"__type__":"cc.SpriteFrame","content":{"name":"red_xipai_24","texture":"77Ha738VtJUKOAmrAvYkFr","rect":[20,3,132,108],"offset":[-30,-1.5],"originalSize":[232,111],"capInsets":[0,0,0,0]}},{"__type__":"cc.SpriteFrame","content":{"name":"red_xipai_02","texture":"9bymgGXShIsppk7NQDmHuW","rect":[80,0,82,111],"offset":[5,0],"originalSize":[232,111],"capInsets":[0,0,0,0]}},{"__type__":"cc.SpriteFrame","content":{"name":"red_xipai_15","texture":"d6QvKW4qVGXZ5lKl18Q9qd","rect":[80,3,102,108],"offset":[15,-1.5],"originalSize":[232,111],"capInsets":[0,0,0,0]}},{"__type__":"cc.SpriteFrame","content":{"name":"red_xipai_06","texture":"86I2CZSc5GDKNTwztmV08a","rect":[80,0,122,111],"offset":[25,0],"originalSize":[232,111],"capInsets":[0,0,0,0]}},{"__type__":"cc.SpriteFrame","content":{"name":"red_xipai_14","texture":"c0EkccmE1FhoYRfNkGpQ2+","rect":[80,3,112,108],"offset":[20,-1.5],"originalSize":[232,111],"capInsets":[0,0,0,0]}},{"__type__":"cc.SpriteFrame","content":{"name":"red_xipai_34","texture":"f6+4VUTE9J64pAeBT6dfZT","rect":[70,4,82,107],"offset":[-5,-2],"originalSize":[232,111],"capInsets":[0,0,0,0]}},{"__type__":"cc.SpriteFrame","content":{"name":"red_xipai_32","texture":"8elNTUbflAgr7gPvS6cYw1","rect":[60,4,92,107],"offset":[-10,-2],"originalSize":[232,111],"capInsets":[0,0,0,0]}},{"__type__":"cc.SpriteFrame","content":{"name":"red_xipai_16","texture":"5bERnC/XVJW6f76ogVqsxb","rect":[80,3,92,108],"offset":[10,-1.5],"originalSize":[232,111],"capInsets":[0,0,0,0]}},{"__type__":"cc.SpriteFrame","content":{"name":"red_xipai_17","texture":"4fLOBg7H5KJaryMlby4OBX","rect":[80,3,82,108],"offset":[5,-1.5],"originalSize":[232,111],"capInsets":[0,0,0,0]}},{"__type__":"cc.SpriteFrame","content":{"name":"red_xipai_26","texture":"e1R1nwp0RKfZFquaSdP1yx","rect":[0,3,152,108],"offset":[-40,-1.5],"originalSize":[232,111],"capInsets":[0,0,0,0]}},{"__type__":"cc.SpriteFrame","content":{"name":"red_xipai_29","texture":"08y2lR5VFFVZrhB/2bO5xn","rect":[30,4,122,107],"offset":[-25,-2],"originalSize":[232,111],"capInsets":[0,0,0,0]}},{"__type__":"cc.SpriteFrame","content":{"name":"red_xipai_18","texture":"aacYRjPgFGebiXe/1cWY0I","rect":[80,3,72,108],"offset":[0,-1.5],"originalSize":[232,111],"capInsets":[0,0,0,0]}},{"__type__":"cc.SpriteFrame","content":{"name":"red_xipai_09","texture":"dcCxpIbEVHsZsQ1RWjagWD","rect":[80,0,152,111],"offset":[40,0],"originalSize":[232,111],"capInsets":[0,0,0,0]}},{"__type__":"cc.SpriteFrame","content":{"name":"red_xipai_07","texture":"4baOQGwKFDkpo5tEy5GdRD","rect":[80,0,132,111],"offset":[30,0],"originalSize":[232,111],"capInsets":[0,0,0,0]}},{"__type__":"cc.SpriteFrame","content":{"name":"red_xipai_31","texture":"49+N+A+6RH6oMu6qIcdHzw","rect":[50,4,102,107],"offset":[-15,-2],"originalSize":[232,111],"capInsets":[0,0,0,0]}},{"__type__":"cc.SpriteFrame","content":{"name":"red_xipai_36","texture":"aeNxhqaN5D/JPgqcBy17LX","rect":[80,4,72,107],"offset":[0,-2],"originalSize":[232,111],"capInsets":[0,0,0,0]}},{"__type__":"cc.AnimationClip","_name":"xipaiRed","_duration":0.6,"curveData":{"comps":{"cc.Sprite":{"spriteFrame":[{"frame":0,"value":{"__uuid__":"bbPuZ+UGJIi5Nso7i1ueix"}},{"frame":0.016666666666666666,"value":{"__uuid__":"d7UOIl2XRB0qJiyDhea54k"}},{"frame":0.03333333333333333,"value":{"__uuid__":"42jf6gO7VBn5tG0lW5nYWY"}},{"frame":0.05,"value":{"__uuid__":"feo86Y4+9Lb4VAMpvU/5fQ"}},{"frame":0.06666666666666667,"value":{"__uuid__":"e4opHWjt1Ii77zYfnxx08L"}},{"frame":0.08333333333333333,"value":{"__uuid__":"fcJH0MiRlFq7hP9zUEpGPq"}},{"frame":0.1,"value":{"__uuid__":"6bQw0edTVG8YZJrfjWlzt2"}},{"frame":0.11666666666666667,"value":{"__uuid__":"acshGLCm9Erb98bs3Gu9HP"}},{"frame":0.13333333333333333,"value":{"__uuid__":"2aYuijQYNPnog379JgAtgq"}},{"frame":0.15,"value":{"__uuid__":"a9lqjwgkRPh7tKjjqnK6kb"}},{"frame":0.16666666666666666,"value":{"__uuid__":"d5UaMvR8RA7IX/SgR34sch"}},{"frame":0.18333333333333332,"value":{"__uuid__":"10GGUmMI1Bw7Zi8mxz4S6z"}},{"frame":0.2,"value":{"__uuid__":"13rCT6KzZG4q9fV2o1wIW+"}},{"frame":0.21666666666666667,"value":{"__uuid__":"c6iEEj0ZdFUopgItGQDI01"}},{"frame":0.23333333333333334,"value":{"__uuid__":"6d1s6heHVJyYOOOKMGi0dR"}},{"frame":0.25,"value":{"__uuid__":"5ftjm9dFFHTKIzpDDhXYMz"}},{"frame":0.26666666666666666,"value":{"__uuid__":"8f+2gZN4BDdKF5ne9zGrZZ"}},{"frame":0.2833333333333333,"value":{"__uuid__":"a0lhCU+vZEu45nyYtR5KWX"}},{"frame":0.3,"value":{"__uuid__":"a9HpeZzsNCsanJxqUSiLE6"}},{"frame":0.31666666666666665,"value":{"__uuid__":"d2KHF+qN5L/7zzQ/I+jltU"}},{"frame":0.3333333333333333,"value":{"__uuid__":"c1v6JGUDxMzITUvZ+yBAD2"}},{"frame":0.35,"value":{"__uuid__":"ceMmE4zUtGpoO1+NUc4+Ng"}},{"frame":0.36666666666666664,"value":{"__uuid__":"e2/c/sqnFL46wqBWpuOrQo"}},{"frame":0.38333333333333336,"value":{"__uuid__":"05QMDcFlZFF4djG5eTg8c/"}},{"frame":0.4,"value":{"__uuid__":"41cIr0IW1IJJ0xSsroU8+N"}},{"frame":0.4166666666666667,"value":{"__uuid__":"daWcVvSqNFvJo5lN1aCFgg"}},{"frame":0.43333333333333335,"value":{"__uuid__":"a2ekbAwZFPpbr68bYaWtH/"}},{"frame":0.45,"value":{"__uuid__":"3cENcvEkhBM4pJj4XzXIw3"}},{"frame":0.4666666666666667,"value":{"__uuid__":"ddxvhs5ndPoI+tCEHIgDP9"}},{"frame":0.48333333333333334,"value":{"__uuid__":"a6Sec/TnJCUJ797hxYdYRn"}},{"frame":0.5,"value":{"__uuid__":"e1GDpLvvVBepLGo+OZ/rZu"}},{"frame":0.5166666666666667,"value":{"__uuid__":"b6ALDw5V1NZpFNdEYlUHmk"}},{"frame":0.5333333333333333,"value":{"__uuid__":"85bKG+6mpJfLyc72IuGuwd"}},{"frame":0.55,"value":{"__uuid__":"d5Tiv1IP5Ftb4zIKD0WDPH"}},{"frame":0.5666666666666667,"value":{"__uuid__":"72BNx4WWFMqaGXxtoNHLI9"}},{"frame":0.5833333333333334,"value":{"__uuid__":"f6XoMbLyRGxZYxsE60ri88"}}]}}}},{"__type__":"cc.SpriteFrame","content":{"name":"red_xipai_20","texture":"c63LV1VtNPbJQ2hb/PM4pt","rect":[60,3,92,108],"offset":[-10,-1.5],"originalSize":[232,111],"capInsets":[0,0,0,0]}},{"__type__":"cc.SpriteFrame","content":{"name":"red_xipai_13","texture":"f2RZzEM/lB7o2XksEHOpnD","rect":[80,3,122,108],"offset":[25,-1.5],"originalSize":[232,111],"capInsets":[0,0,0,0]}},{"__type__":"cc.SpriteFrame","content":{"name":"red_xipai_21","texture":"f7b5aqLxZGvo9Kx/mxO6x+","rect":[50,3,102,108],"offset":[-15,-1.5],"originalSize":[232,111],"capInsets":[0,0,0,0]}},{"__type__":"cc.SpriteFrame","content":{"name":"red_xipai_19","texture":"f0aBNt80JEOKmk2ng4aaZO","rect":[70,3,82,108],"offset":[-5,-1.5],"originalSize":[232,111],"capInsets":[0,0,0,0]}},{"__type__":"cc.SpriteFrame","content":{"name":"red_xipai_33","texture":"119jWJDg1OZYsnmJ7GqemU","rect":[60,4,92,107],"offset":[-10,-2],"originalSize":[232,111],"capInsets":[0,0,0,0]}},{"__type__":"cc.SpriteFrame","content":{"name":"red_xipai_10","texture":"3cybieajZBqZKAT+SteJfs","rect":[80,3,152,108],"offset":[40,-1.5],"originalSize":[232,111],"capInsets":[0,0,0,0]}},{"__type__":"cc.SpriteFrame","content":{"name":"red_xipai_01","texture":"05lzZNp7tPgbBADwZdPgN5","rect":[80,0,72,111],"offset":[0,0],"originalSize":[232,111],"capInsets":[0,0,0,0]}},{"__type__":"cc.SpriteFrame","content":{"name":"red_xipai_25","texture":"adp2Mi6AVGD7lZXreg4VrJ","rect":[10,3,142,108],"offset":[-35,-1.5],"originalSize":[232,111],"capInsets":[0,0,0,0]}},{"__type__":"cc.SpriteFrame","content":{"name":"red_xipai_28","texture":"bejnE/bedNMbfIcCn16wv9","rect":[20,4,132,107],"offset":[-30,-2],"originalSize":[232,111],"capInsets":[0,0,0,0]}},{"__type__":"cc.SpriteFrame","content":{"name":"red_xipai_30","texture":"2dH8w+n2xN2pL2VKixwUFR","rect":[40,4,112,107],"offset":[-20,-2],"originalSize":[232,111],"capInsets":[0,0,0,0]}},{"__type__":"cc.SpriteFrame","content":{"name":"red_xipai_22","texture":"4be77tVgNNb7lY1eS5F4i9","rect":[40,3,112,108],"offset":[-20,-1.5],"originalSize":[232,111],"capInsets":[0,0,0,0]}},{"__type__":"cc.SpriteFrame","content":{"name":"red_xipai_04","texture":"d8AZp2zhVBvqYWaQol+3dI","rect":[80,0,102,111],"offset":[15,0],"originalSize":[232,111],"capInsets":[0,0,0,0]}},{"__type__":"cc.SpriteFrame","content":{"name":"red_xipai_35","texture":"13SIdAra9Fc6t3oLlGdMQw","rect":[80,0,72,111],"offset":[0,0],"originalSize":[232,111],"capInsets":[0,0,0,0]}},{"__type__":"cc.SpriteFrame","content":{"name":"red_xipai_05","texture":"08+zsS6xtI87atkBzxjHY+","rect":[80,0,112,111],"offset":[20,0],"originalSize":[232,111],"capInsets":[0,0,0,0]}},{"__type__":"cc.SpriteFrame","content":{"name":"red_xipai_03","texture":"99/8rv1pZJCIpzeBnxST51","rect":[80,0,92,111],"offset":[10,0],"originalSize":[232,111],"capInsets":[0,0,0,0]}}]