[[{"__type__":"cc.Prefab","_name":"cardPrefab","data":{"__id__":1}},{"__type__":"cc.Node","_name":"cardPrefab","_children":[{"__id__":2},{"__id__":3},{"__id__":4},{"__id__":5},{"__id__":6},{"__id__":7}],"_prefab":{"__type__":"cc.PrefabInfo","root":{"__id__":1},"asset":{"__uuid__":"33OnB4aWJL07cXUPwc/lne"},"fileId":"81NaVQVaJNlaLfJA1OeC3p"},"_contentSize":{"__type__":"cc.Size","width":134,"height":185},"_trs":{"__type__":"TypedArray","ctor":"Float64Array","array":[0,0,0,0,0,0,1,1,1,1]}},{"__type__":"cc.Node","_name":"bg_poker","_parent":{"__id__":1},"_components":[{"__type__":"cc.Sprite","node":{"__id__":2},"_materials":[{"__uuid__":"ecpdLyjvZBwrvm+cedCcQy"}],"_spriteFrame":{"__uuid__":"71jpC3BZdCJZ96Uo4ReaxH"},"_sizeMode":2,"_isTrimmedMode":false}],"_prefab":{"__type__":"cc.PrefabInfo","root":{"__id__":1},"asset":{"__uuid__":"33OnB4aWJL07cXUPwc/lne"},"fileId":"99pQddhD5E9pXfWC/aQQVZ"},"_contentSize":{"__type__":"cc.Size","width":134,"height":185},"_trs":{"__type__":"TypedArray","ctor":"Float64Array","array":[0,0,0,0,0,0,1,1,1,1]}},{"__type__":"cc.Node","_name":"num","_parent":{"__id__":1},"_components":[{"__type__":"cc.Sprite","node":{"__id__":3},"_materials":[{"__uuid__":"ecpdLyjvZBwrvm+cedCcQy"}],"_spriteFrame":{"__uuid__":"eafsF95stKJ7tjLB6zKben"},"_sizeMode":2,"_isTrimmedMode":false}],"_prefab":{"__type__":"cc.PrefabInfo","root":{"__id__":1},"asset":{"__uuid__":"33OnB4aWJL07cXUPwc/lne"},"fileId":"0c/nZ6Kn5GH5BYIf/VnV6a"},"_contentSize":{"__type__":"cc.Size","width":36,"height":45},"_trs":{"__type__":"TypedArray","ctor":"Float64Array","array":[-41.7,64.1,0,0,0,0,1,1,1,1]}},{"__type__":"cc.Node","_name":"icon","_parent":{"__id__":1},"_components":[{"__type__":"cc.Sprite","node":{"__id__":4},"_materials":[{"__uuid__":"ecpdLyjvZBwrvm+cedCcQy"}],"_spriteFrame":{"__uuid__":"c9wEOUq/hAxLIvv9PBcuXX"},"_sizeMode":2,"_isTrimmedMode":false}],"_prefab":{"__type__":"cc.PrefabInfo","root":{"__id__":1},"asset":{"__uuid__":"33OnB4aWJL07cXUPwc/lne"},"fileId":"9apufVUsZOcaawjlepKgdl"},"_contentSize":{"__type__":"cc.Size","width":134,"height":185},"_trs":{"__type__":"TypedArray","ctor":"Float64Array","array":[0,0,0,0,0,0,1,1,1,1]}},{"__type__":"cc.Node","_name":"icon_1","_parent":{"__id__":1},"_components":[{"__type__":"cc.Sprite","node":{"__id__":5},"_materials":[{"__uuid__":"ecpdLyjvZBwrvm+cedCcQy"}],"_spriteFrame":{"__uuid__":"799UimWNBJKbtdzyl+rBs/"},"_sizeMode":2,"_isTrimmedMode":false}],"_prefab":{"__type__":"cc.PrefabInfo","root":{"__id__":1},"asset":{"__uuid__":"33OnB4aWJL07cXUPwc/lne"},"fileId":"62q1kHz5dHvr4UqKmejC1C"},"_contentSize":{"__type__":"cc.Size","width":134,"height":185},"_trs":{"__type__":"TypedArray","ctor":"Float64Array","array":[0,0,0,0,0,0,1,1,1,1]}},{"__type__":"cc.Node","_name":"poker_back","_parent":{"__id__":1},"_active":false,"_components":[{"__type__":"cc.Sprite","node":{"__id__":6},"_materials":[{"__uuid__":"ecpdLyjvZBwrvm+cedCcQy"}],"_spriteFrame":{"__uuid__":"fbr429279GAK9DujxaIPHC"}}],"_prefab":{"__type__":"cc.PrefabInfo","root":{"__id__":1},"asset":{"__uuid__":"33OnB4aWJL07cXUPwc/lne"},"fileId":"aeCFgWn+NLC6CSLcMVDSV5"},"_contentSize":{"__type__":"cc.Size","width":132,"height":184},"_trs":{"__type__":"TypedArray","ctor":"Float64Array","array":[0,0,0,0,0,0,1,1,1,1]}},{"__type__":"cc.Node","_name":"bg_black","_parent":{"__id__":1},"_active":false,"_components":[{"__type__":"cc.Sprite","node":{"__id__":7},"_materials":[{"__uuid__":"ecpdLyjvZBwrvm+cedCcQy"}],"_spriteFrame":{"__uuid__":"b3wkL0X/BBv7upeTy8aeg3"},"_type":1,"_sizeMode":0,"_isTrimmedMode":false}],"_prefab":{"__type__":"cc.PrefabInfo","root":{"__id__":1},"asset":{"__uuid__":"33OnB4aWJL07cXUPwc/lne"},"fileId":"f5uyXuggpNoahAIhWY9tl+"},"_contentSize":{"__type__":"cc.Size","width":134,"height":185},"_trs":{"__type__":"TypedArray","ctor":"Float64Array","array":[0,0,0,0,0,0,1,1,1,1]}}],{"__type__":"cc.SpriteFrame","content":{"name":"bg_poker","texture":"aeFg1VrFNF1qJTqizObeHP","rect":[0,0,134,185],"offset":[0,0],"originalSize":[134,185],"capInsets":[0,0,0,0]}},{"__type__":"cc.SpriteFrame","content":{"name":"bg_spade1_2","texture":"24jTOyKV5B2Zy15gW7cJK+","rect":[44,83,76,84],"offset":[15,-32.5],"originalSize":[134,185],"capInsets":[0,0,0,0]}},{"__type__":"cc.SpriteFrame","content":{"name":"bg_black","texture":"75nWIOt+JNoq2WpRC8YGVN","rect":[0,0,53,36],"offset":[0,0],"originalSize":[53,36],"capInsets":[20,15,20,15]}},{"__type__":"cc.SpriteFrame","content":{"name":"bg_spade1_1","texture":"f4dim/GMlLcYnUL+DpcTwh","rect":[11,59,28,32],"offset":[-42,17.5],"originalSize":[134,185],"capInsets":[0,0,0,0]}},{"__type__":"cc.SpriteFrame","content":{"name":"black_3","texture":"1dFXgrDotPlbgLBlloJBaX","rect":[4,1,27,42],"offset":[-0.5,0.5],"originalSize":[36,45],"capInsets":[0,0,0,0]}},{"__type__":"cc.SpriteFrame","content":{"name":"poker_back1","texture":"3ddHfp4ZBDXInQYCsiidRh","rect":[1,1,178,231],"offset":[0,-0.5],"originalSize":[180,232],"capInsets":[0,0,0,0]}}]