[{"__type__":"cc.SpriteFrame","content":{"name":"img_bjl_wj","texture":"a6t3z/28ZCi6hc/IE/Ztlm","rect":[0,0,330,86],"offset":[0,0],"originalSize":[330,86],"capInsets":[0,0,0,0]}},{"__type__":"cc.SpriteFrame","content":{"name":"img_mask","texture":"e1cw9fWN9DQ6Sl8JaAMjow","rect":[0,0,60,60],"offset":[0,0],"originalSize":[60,60],"capInsets":[0,0,0,0]}},{"__type__":"cc.SpriteFrame","content":{"name":"btn_yq01","texture":"d9kU34j71ET47SasqZnvDF","rect":[0,0,85,38],"offset":[0,0],"originalSize":[85,38],"capInsets":[0,0,0,0]}},{"__type__":"cc.SpriteFrame","content":{"name":"btn_hyp","texture":"39zxWcI+ZHO43bMqevLkRq","rect":[0,0,114,31],"offset":[0,0],"originalSize":[114,31],"capInsets":[0,0,0,0]}},{"__type__":"cc.SpriteFrame","content":{"name":"default_btn_disabled","texture":"71VhFCTINJM6/Ky3oX9nBT","rect":[0,0,40,40],"offset":[0,0],"originalSize":[40,40],"capInsets":[12,12,12,12]}},{"__type__":"cc.SpriteFrame","content":{"name":"img_tx01","texture":"20nNe+tw5IAqciAJhjdCXU","rect":[0,0,70,73],"offset":[0,0],"originalSize":[70,73],"capInsets":[0,0,0,0]}},[{"__type__":"cc.Prefab","_name":"nn_UIInvitation","data":{"__id__":1}},{"__type__":"cc.Node","_name":"nn_UIInvitation","_children":[{"__id__":2},{"__id__":4}],"_components":[{"__type__":"ba6a5I14BZHCad510M+/HYv","node":{"__id__":1}}],"_prefab":{"__type__":"cc.PrefabInfo","root":{"__id__":1},"asset":{"__uuid__":"5caj9yvLlFlLwLkWbzmars"},"fileId":"a2J76t5dtBip4gp+LquI6l"},"_contentSize":{"__type__":"cc.Size","width":1750,"height":800},"_trs":{"__type__":"TypedArray","ctor":"Float64Array","array":[0,0,0,0,0,0,1,1,1,1]}},{"__type__":"cc.Node","_name":"btn_invitationOnline","_parent":{"__id__":1},"_children":[{"__id__":3}],"_components":[{"__type__":"cc.Sprite","node":{"__id__":2},"_materials":[{"__uuid__":"ecpdLyjvZBwrvm+cedCcQy"}],"_spriteFrame":{"__uuid__":"lznn4a2a-b403-4fc5-912e-acee0cf1daa0"},"_sizeMode":2},{"__type__":"cc.Button","node":{"__id__":2},"_normalMaterial":{"__uuid__":"ecpdLyjvZBwrvm+cedCcQy"},"zoomScale":0.9,"clickEvents":[{"__type__":"cc.ClickEvent","target":{"__id__":1},"_componentId":"ba6a5I14BZHCad510M+/HYv","handler":"OnClick_BtnWnd"}],"_N$transition":3,"transition":3,"_N$normalColor":{"__type__":"cc.Color","r":230,"g":230,"b":230},"_N$pressedColor":{"__type__":"cc.Color","r":200,"g":200,"b":200},"pressedColor":{"__type__":"cc.Color","r":200,"g":200,"b":200},"_N$disabledColor":{"__type__":"cc.Color","r":120,"g":120,"b":120,"a":200},"_N$normalSprite":{"__uuid__":"f0BIwQ8D5Ml7nTNQbh1YlS"},"_N$pressedSprite":{"__uuid__":"e97GVMl6JHh5Ml5qEDdSGa"},"pressedSprite":{"__uuid__":"e97GVMl6JHh5Ml5qEDdSGa"},"_N$hoverSprite":{"__uuid__":"f0BIwQ8D5Ml7nTNQbh1YlS"},"hoverSprite":{"__uuid__":"f0BIwQ8D5Ml7nTNQbh1YlS"},"_N$disabledSprite":{"__uuid__":"29FYIk+N1GYaeWH/q1NxQO"},"_N$target":{"__id__":2}}],"_prefab":{"__type__":"cc.PrefabInfo","root":{"__id__":1},"asset":{"__uuid__":"5caj9yvLlFlLwLkWbzmars"},"fileId":"b3jlv/dLRLooS5ShrA09uj"},"_contentSize":{"__type__":"cc.Size","width":223,"height":80},"_trs":{"__type__":"TypedArray","ctor":"Float64Array","array":[0,179.257,0,0,0,0,1,1,1,1]}},{"__type__":"cc.Node","_name":"Label","_parent":{"__id__":2},"_components":[{"__type__":"cc.Label","node":{"__id__":3},"_materials":[{"__uuid__":"ecpdLyjvZBwrvm+cedCcQy"}],"_useOriginalSize":false,"_string":"邀请在线好友","_N$string":"邀请在线好友","_fontSize":30,"_lineHeight":45,"_enableWrapText":false,"_N$file":{"__uuid__":"lznn373b-ebaf-4e57-9974-1fdd6b1b601d"},"_isSystemFontUsed":false,"_N$horizontalAlign":1,"_N$verticalAlign":1},{"__type__":"cc.LabelOutline","node":{"__id__":3},"_color":{"__type__":"cc.Color","r":127,"g":64,"b":8},"_width":2}],"_prefab":{"__type__":"cc.PrefabInfo","root":{"__id__":1},"asset":{"__uuid__":"5caj9yvLlFlLwLkWbzmars"},"fileId":"deXGDgOL9HAJCX002nOOYy"},"_contentSize":{"__type__":"cc.Size","width":184,"height":60.7},"_trs":{"__type__":"TypedArray","ctor":"Float64Array","array":[0,6.169,0,0,0,0,1,1,1,1]}},{"__type__":"cc.Node","_name":"invitationNode","_parent":{"__id__":1},"_children":[{"__id__":5},{"__id__":6},{"__id__":42}],"_active":false,"_components":[{"__type__":"cc.Widget","node":{"__id__":4},"_alignFlags":45,"_originalWidth":1560,"_originalHeight":760}],"_prefab":{"__type__":"cc.PrefabInfo","root":{"__id__":1},"asset":{"__uuid__":"5caj9yvLlFlLwLkWbzmars"},"fileId":"48vCCQUrhNLq9O2C4UPekG"},"_contentSize":{"__type__":"cc.Size","width":1750,"height":800},"_trs":{"__type__":"TypedArray","ctor":"Float64Array","array":[0,0,0,0,0,0,1,1,1,1]}},{"__type__":"cc.Node","_name":"mask","_parent":{"__id__":4},"_components":[{"__type__":"cc.Sprite","node":{"__id__":5},"_materials":[{"__uuid__":"ecpdLyjvZBwrvm+cedCcQy"}],"_spriteFrame":{"__uuid__":"a2MjXRFdtLlYQ5ouAFv/+R"},"_sizeMode":0},{"__type__":"cc.Button","node":{"__id__":5},"_N$target":{"__id__":5}}],"_prefab":{"__type__":"cc.PrefabInfo","root":{"__id__":1},"asset":{"__uuid__":"5caj9yvLlFlLwLkWbzmars"},"fileId":"68+4yiV09BLIz3VCObu9D6"},"_opacity":90,"_color":{"__type__":"cc.Color"},"_contentSize":{"__type__":"cc.Size","width":1560,"height":760},"_trs":{"__type__":"TypedArray","ctor":"Float64Array","array":[0,0,0,0,0,0,1,1,1,1]}},{"__type__":"cc.Node","_name":"img_bjl","_parent":{"__id__":4},"_children":[{"__id__":7},{"__id__":8},{"__id__":9}],"_components":[{"__type__":"cc.Sprite","node":{"__id__":6},"_materials":[{"__uuid__":"ecpdLyjvZBwrvm+cedCcQy"}],"_spriteFrame":{"__uuid__":"6f+1g8AZpLJL6X1KwUJ5pA"}}],"_prefab":{"__type__":"cc.PrefabInfo","root":{"__id__":1},"asset":{"__uuid__":"5caj9yvLlFlLwLkWbzmars"},"fileId":"d3YNhkkk1MP65CrOkW5kHM"},"_contentSize":{"__type__":"cc.Size","width":370,"height":520},"_trs":{"__type__":"TypedArray","ctor":"Float64Array","array":[0,0,0,0,0,0,1,1,1,1]}},{"__type__":"cc.Node","_name":"img_mask","_parent":{"__id__":6},"_components":[{"__type__":"cc.Sprite","node":{"__id__":7},"_materials":[{"__uuid__":"ecpdLyjvZBwrvm+cedCcQy"}],"_spriteFrame":{"__uuid__":"11eOaQfhpOOaBuXBDo5ggJ"},"_sizeMode":0}],"_prefab":{"__type__":"cc.PrefabInfo","root":{"__id__":1},"asset":{"__uuid__":"5caj9yvLlFlLwLkWbzmars"},"fileId":"267n2QEUNNYY3IpPdsJr+9"},"_opacity":150,"_contentSize":{"__type__":"cc.Size","width":350,"height":400},"_trs":{"__type__":"TypedArray","ctor":"Float64Array","array":[0,0,0,0,0,0,1,1,1,1]}},{"__type__":"cc.Node","_name":"btn_reGet","_parent":{"__id__":6},"_components":[{"__type__":"cc.Sprite","node":{"__id__":8},"_materials":[{"__uuid__":"ecpdLyjvZBwrvm+cedCcQy"}],"_spriteFrame":{"__uuid__":"22+nFrJwdOF7uNZmiecYYq"}},{"__type__":"cc.Button","node":{"__id__":8},"_normalMaterial":{"__uuid__":"ecpdLyjvZBwrvm+cedCcQy"},"zoomScale":0.9,"clickEvents":[{"__type__":"cc.ClickEvent","target":{"__id__":1},"_componentId":"ba6a5I14BZHCad510M+/HYv","handler":"OnClick_BtnWnd"}],"_N$transition":3,"transition":3,"_N$target":{"__id__":8}}],"_prefab":{"__type__":"cc.PrefabInfo","root":{"__id__":1},"asset":{"__uuid__":"5caj9yvLlFlLwLkWbzmars"},"fileId":"00ovMXNshDjZIEmFDaOx1S"},"_contentSize":{"__type__":"cc.Size","width":114,"height":31},"_trs":{"__type__":"TypedArray","ctor":"Float64Array","array":[0,-226.714,0,0,0,0,1,1,1,1]}},{"__type__":"cc.Node","_name":"userLayout","_parent":{"__id__":6},"_children":[{"__id__":10},{"__id__":18},{"__id__":26},{"__id__":34}],"_components":[{"__type__":"cc.Layout","node":{"__id__":9},"_layoutSize":{"__type__":"cc.Size","width":350,"height":409},"_resize":1,"_N$layoutType":2,"_N$paddingTop":25,"_N$spacingY":8}],"_prefab":{"__type__":"cc.PrefabInfo","root":{"__id__":1},"asset":{"__uuid__":"5caj9yvLlFlLwLkWbzmars"},"fileId":"a9jzgSwjtBr5GE9zKbCNRv"},"_contentSize":{"__type__":"cc.Size","width":350,"height":409},"_anchorPoint":{"__type__":"cc.Vec2","x":0.5,"y":1},"_trs":{"__type__":"TypedArray","ctor":"Float64Array","array":[0,214.955,0,0,0,0,1,1,1,1]}},{"__type__":"cc.Node","_name":"user1","_parent":{"__id__":9},"_children":[{"__id__":11},{"__id__":12},{"__id__":13},{"__id__":14},{"__id__":15},{"__id__":16},{"__id__":17}],"_prefab":{"__type__":"cc.PrefabInfo","root":{"__id__":1},"asset":{"__uuid__":"5caj9yvLlFlLwLkWbzmars"},"fileId":"7dEstysMlE+JCunRvUDsmP"},"_contentSize":{"__type__":"cc.Size","width":350,"height":90},"_trs":{"__type__":"TypedArray","ctor":"Float64Array","array":[0,-70,0,0,0,0,1,1,1,1]}},{"__type__":"cc.Node","_name":"img_bjl_wj","_parent":{"__id__":10},"_components":[{"__type__":"cc.Sprite","node":{"__id__":11},"_materials":[{"__uuid__":"ecpdLyjvZBwrvm+cedCcQy"}],"_spriteFrame":{"__uuid__":"0dXdgH83NDMa6W3BwY0Otw"}}],"_prefab":{"__type__":"cc.PrefabInfo","root":{"__id__":1},"asset":{"__uuid__":"5caj9yvLlFlLwLkWbzmars"},"fileId":"6feQMYDXhOJarPmU3DN5hc"},"_contentSize":{"__type__":"cc.Size","width":330,"height":86},"_trs":{"__type__":"TypedArray","ctor":"Float64Array","array":[0,0,0,0,0,0,1,1,1,1]}},{"__type__":"cc.Node","_name":"img_tx01","_parent":{"__id__":10},"_components":[{"__type__":"cc.Sprite","node":{"__id__":12},"_materials":[{"__uuid__":"ecpdLyjvZBwrvm+cedCcQy"}],"_spriteFrame":{"__uuid__":"45Niwp0GFNnb2tTvmVBr0K"}}],"_prefab":{"__type__":"cc.PrefabInfo","root":{"__id__":1},"asset":{"__uuid__":"5caj9yvLlFlLwLkWbzmars"},"fileId":"68cYsxGDpIUbZlSeTllzG7"},"_contentSize":{"__type__":"cc.Size","width":70,"height":73},"_trs":{"__type__":"TypedArray","ctor":"Float64Array","array":[-120,0,0,0,0,0,1,1,1,1]}},{"__type__":"cc.Node","_name":"head","_parent":{"__id__":10},"_components":[{"__type__":"cc.Sprite","node":{"__id__":13},"_materials":[{"__uuid__":"ecpdLyjvZBwrvm+cedCcQy"}],"_spriteFrame":{"__uuid__":"lznn0bd4-6d8e-4361-aae8-91caca6f2355"},"_sizeMode":0},{"__type__":"lznn8673-3561-4a28-8fd0-4ff9fc711d7e","node":{"__id__":13}}],"_prefab":{"__type__":"cc.PrefabInfo","root":{"__id__":1},"asset":{"__uuid__":"5caj9yvLlFlLwLkWbzmars"},"fileId":"44T6xrjJJG7K8OjvbBiJYw"},"_contentSize":{"__type__":"cc.Size","width":70,"height":70},"_trs":{"__type__":"TypedArray","ctor":"Float64Array","array":[-120,0,0,0,0,0,1,1,1,1]}},{"__type__":"cc.Node","_name":"lb_name","_parent":{"__id__":10},"_components":[{"__type__":"cc.Label","node":{"__id__":14},"_materials":[{"__uuid__":"ecpdLyjvZBwrvm+cedCcQy"}],"_useOriginalSize":false,"_string":"玩家昵称...","_N$string":"玩家昵称...","_fontSize":20,"_lineHeight":20,"_N$file":{"__uuid__":"lznn373b-ebaf-4e57-9974-1fdd6b1b601d"},"_isSystemFontUsed":false,"_N$horizontalAlign":1,"_N$verticalAlign":1}],"_prefab":{"__type__":"cc.PrefabInfo","root":{"__id__":1},"asset":{"__uuid__":"5caj9yvLlFlLwLkWbzmars"},"fileId":"76gTx/piRHcYZvEbNrz8T9"},"_color":{"__type__":"cc.Color","r":162,"g":89,"b":50},"_contentSize":{"__type__":"cc.Size","width":95.94,"height":25.2},"_anchorPoint":{"__type__":"cc.Vec2","y":0.5},"_trs":{"__type__":"TypedArray","ctor":"Float64Array","array":[-74.912,25.336,0,0,0,0,1,1,1,1]}},{"__type__":"cc.Node","_name":"lb_id","_parent":{"__id__":10},"_components":[{"__type__":"cc.Label","node":{"__id__":15},"_materials":[{"__uuid__":"ecpdLyjvZBwrvm+cedCcQy"}],"_useOriginalSize":false,"_string":"123456","_N$string":"123456","_fontSize":20,"_lineHeight":20,"_N$file":{"__uuid__":"lznn373b-ebaf-4e57-9974-1fdd6b1b601d"},"_isSystemFontUsed":false,"_N$horizontalAlign":1,"_N$verticalAlign":1}],"_prefab":{"__type__":"cc.PrefabInfo","root":{"__id__":1},"asset":{"__uuid__":"5caj9yvLlFlLwLkWbzmars"},"fileId":"beZ52cpF9Ay7SYHjZ7IEYw"},"_color":{"__type__":"cc.Color","r":162,"g":89,"b":50},"_contentSize":{"__type__":"cc.Size","width":64.38,"height":25.2},"_anchorPoint":{"__type__":"cc.Vec2","y":0.5},"_trs":{"__type__":"TypedArray","ctor":"Float64Array","array":[-74.912,1.676,0,0,0,0,1,1,1,1]}},{"__type__":"cc.Node","_name":"lb_zaixian","_parent":{"__id__":10},"_components":[{"__type__":"cc.Label","node":{"__id__":16},"_materials":[{"__uuid__":"ecpdLyjvZBwrvm+cedCcQy"}],"_useOriginalSize":false,"_string":"在线","_N$string":"在线","_fontSize":20,"_lineHeight":20,"_N$file":{"__uuid__":"lznn373b-ebaf-4e57-9974-1fdd6b1b601d"},"_isSystemFontUsed":false,"_N$horizontalAlign":1,"_N$verticalAlign":1}],"_prefab":{"__type__":"cc.PrefabInfo","root":{"__id__":1},"asset":{"__uuid__":"5caj9yvLlFlLwLkWbzmars"},"fileId":"e3Qamvdr1O57LHLx+RPN2j"},"_color":{"__type__":"cc.Color","r":162,"g":89,"b":50},"_contentSize":{"__type__":"cc.Size","width":40,"height":25.2},"_anchorPoint":{"__type__":"cc.Vec2","y":0.5},"_trs":{"__type__":"TypedArray","ctor":"Float64Array","array":[-74.912,-20.55,0,0,0,0,1,1,1,1]}},{"__type__":"cc.Node","_name":"btn_invitation","_parent":{"__id__":10},"_components":[{"__type__":"cc.Sprite","node":{"__id__":17},"_materials":[{"__uuid__":"ecpdLyjvZBwrvm+cedCcQy"}],"_spriteFrame":{"__uuid__":"20JQ6KDhBGZo2iobSwpdjJ"}},{"__type__":"cc.Button","node":{"__id__":17},"_normalMaterial":{"__uuid__":"ecpdLyjvZBwrvm+cedCcQy"},"zoomScale":0.9,"clickEvents":[{"__type__":"cc.ClickEvent","target":{"__id__":1},"_componentId":"ba6a5I14BZHCad510M+/HYv","handler":"OnClick_BtnWnd"}],"_N$transition":3,"transition":3,"_N$target":{"__id__":17}}],"_prefab":{"__type__":"cc.PrefabInfo","root":{"__id__":1},"asset":{"__uuid__":"5caj9yvLlFlLwLkWbzmars"},"fileId":"1crD9WQB9MYZTy+jTpldUB"},"_contentSize":{"__type__":"cc.Size","width":85,"height":38},"_trs":{"__type__":"TypedArray","ctor":"Float64Array","array":[108,0,0,0,0,0,1,1,1,1]}},{"__type__":"cc.Node","_name":"user2","_parent":{"__id__":9},"_children":[{"__id__":19},{"__id__":20},{"__id__":21},{"__id__":22},{"__id__":23},{"__id__":24},{"__id__":25}],"_prefab":{"__type__":"cc.PrefabInfo","root":{"__id__":1},"asset":{"__uuid__":"5caj9yvLlFlLwLkWbzmars"},"fileId":"7aGFROY3lAWKBmm99usa8l"},"_contentSize":{"__type__":"cc.Size","width":350,"height":90},"_trs":{"__type__":"TypedArray","ctor":"Float64Array","array":[0,-168,0,0,0,0,1,1,1,1]}},{"__type__":"cc.Node","_name":"img_bjl_wj","_parent":{"__id__":18},"_components":[{"__type__":"cc.Sprite","node":{"__id__":19},"_materials":[{"__uuid__":"ecpdLyjvZBwrvm+cedCcQy"}],"_spriteFrame":{"__uuid__":"0dXdgH83NDMa6W3BwY0Otw"}}],"_prefab":{"__type__":"cc.PrefabInfo","root":{"__id__":1},"asset":{"__uuid__":"5caj9yvLlFlLwLkWbzmars"},"fileId":"cd7GfVy3VJYLp/iu679dAi"},"_contentSize":{"__type__":"cc.Size","width":330,"height":86},"_trs":{"__type__":"TypedArray","ctor":"Float64Array","array":[0,0,0,0,0,0,1,1,1,1]}},{"__type__":"cc.Node","_name":"img_tx01","_parent":{"__id__":18},"_components":[{"__type__":"cc.Sprite","node":{"__id__":20},"_materials":[{"__uuid__":"ecpdLyjvZBwrvm+cedCcQy"}],"_spriteFrame":{"__uuid__":"45Niwp0GFNnb2tTvmVBr0K"}}],"_prefab":{"__type__":"cc.PrefabInfo","root":{"__id__":1},"asset":{"__uuid__":"5caj9yvLlFlLwLkWbzmars"},"fileId":"1bncpGzTdDLL2ApNCWlovh"},"_contentSize":{"__type__":"cc.Size","width":70,"height":73},"_trs":{"__type__":"TypedArray","ctor":"Float64Array","array":[-120,0,0,0,0,0,1,1,1,1]}},{"__type__":"cc.Node","_name":"head","_parent":{"__id__":18},"_components":[{"__type__":"cc.Sprite","node":{"__id__":21},"_materials":[{"__uuid__":"ecpdLyjvZBwrvm+cedCcQy"}],"_spriteFrame":{"__uuid__":"lznn0bd4-6d8e-4361-aae8-91caca6f2355"},"_sizeMode":0},{"__type__":"lznn8673-3561-4a28-8fd0-4ff9fc711d7e","node":{"__id__":21}}],"_prefab":{"__type__":"cc.PrefabInfo","root":{"__id__":1},"asset":{"__uuid__":"5caj9yvLlFlLwLkWbzmars"},"fileId":"e2GpPz6vtC+7d6FIiILxnV"},"_contentSize":{"__type__":"cc.Size","width":70,"height":70},"_trs":{"__type__":"TypedArray","ctor":"Float64Array","array":[-120,0,0,0,0,0,1,1,1,1]}},{"__type__":"cc.Node","_name":"lb_name","_parent":{"__id__":18},"_components":[{"__type__":"cc.Label","node":{"__id__":22},"_materials":[{"__uuid__":"ecpdLyjvZBwrvm+cedCcQy"}],"_useOriginalSize":false,"_string":"玩家昵称...","_N$string":"玩家昵称...","_fontSize":20,"_lineHeight":20,"_N$file":{"__uuid__":"lznn373b-ebaf-4e57-9974-1fdd6b1b601d"},"_isSystemFontUsed":false,"_N$horizontalAlign":1,"_N$verticalAlign":1}],"_prefab":{"__type__":"cc.PrefabInfo","root":{"__id__":1},"asset":{"__uuid__":"5caj9yvLlFlLwLkWbzmars"},"fileId":"6e83e3DTpPf5dxW0bGovHW"},"_color":{"__type__":"cc.Color","r":162,"g":89,"b":50},"_contentSize":{"__type__":"cc.Size","width":95.94,"height":25.2},"_anchorPoint":{"__type__":"cc.Vec2","y":0.5},"_trs":{"__type__":"TypedArray","ctor":"Float64Array","array":[-74.912,25.336,0,0,0,0,1,1,1,1]}},{"__type__":"cc.Node","_name":"lb_id","_parent":{"__id__":18},"_components":[{"__type__":"cc.Label","node":{"__id__":23},"_materials":[{"__uuid__":"ecpdLyjvZBwrvm+cedCcQy"}],"_useOriginalSize":false,"_string":"123456","_N$string":"123456","_fontSize":20,"_lineHeight":20,"_N$file":{"__uuid__":"lznn373b-ebaf-4e57-9974-1fdd6b1b601d"},"_isSystemFontUsed":false,"_N$horizontalAlign":1,"_N$verticalAlign":1}],"_prefab":{"__type__":"cc.PrefabInfo","root":{"__id__":1},"asset":{"__uuid__":"5caj9yvLlFlLwLkWbzmars"},"fileId":"9dt9GxkztJuYQ5XBW+Ky+7"},"_color":{"__type__":"cc.Color","r":162,"g":89,"b":50},"_contentSize":{"__type__":"cc.Size","width":64.38,"height":25.2},"_anchorPoint":{"__type__":"cc.Vec2","y":0.5},"_trs":{"__type__":"TypedArray","ctor":"Float64Array","array":[-74.912,1.676,0,0,0,0,1,1,1,1]}},{"__type__":"cc.Node","_name":"lb_zaixian","_parent":{"__id__":18},"_components":[{"__type__":"cc.Label","node":{"__id__":24},"_materials":[{"__uuid__":"ecpdLyjvZBwrvm+cedCcQy"}],"_useOriginalSize":false,"_string":"在线","_N$string":"在线","_fontSize":20,"_lineHeight":20,"_N$file":{"__uuid__":"lznn373b-ebaf-4e57-9974-1fdd6b1b601d"},"_isSystemFontUsed":false,"_N$horizontalAlign":1,"_N$verticalAlign":1}],"_prefab":{"__type__":"cc.PrefabInfo","root":{"__id__":1},"asset":{"__uuid__":"5caj9yvLlFlLwLkWbzmars"},"fileId":"edt0SkWqNGqb0rNvxiI+0M"},"_color":{"__type__":"cc.Color","r":162,"g":89,"b":50},"_contentSize":{"__type__":"cc.Size","width":40,"height":25.2},"_anchorPoint":{"__type__":"cc.Vec2","y":0.5},"_trs":{"__type__":"TypedArray","ctor":"Float64Array","array":[-74.912,-20.55,0,0,0,0,1,1,1,1]}},{"__type__":"cc.Node","_name":"btn_invitation","_parent":{"__id__":18},"_components":[{"__type__":"cc.Sprite","node":{"__id__":25},"_materials":[{"__uuid__":"ecpdLyjvZBwrvm+cedCcQy"}],"_spriteFrame":{"__uuid__":"20JQ6KDhBGZo2iobSwpdjJ"}},{"__type__":"cc.Button","node":{"__id__":25},"_normalMaterial":{"__uuid__":"ecpdLyjvZBwrvm+cedCcQy"},"zoomScale":0.9,"clickEvents":[{"__type__":"cc.ClickEvent","target":{"__id__":1},"_componentId":"ba6a5I14BZHCad510M+/HYv","handler":"OnClick_BtnWnd"}],"_N$transition":3,"transition":3,"_N$target":{"__id__":25}}],"_prefab":{"__type__":"cc.PrefabInfo","root":{"__id__":1},"asset":{"__uuid__":"5caj9yvLlFlLwLkWbzmars"},"fileId":"33M/hGld5OFJT3R9VyJJJE"},"_contentSize":{"__type__":"cc.Size","width":85,"height":38},"_trs":{"__type__":"TypedArray","ctor":"Float64Array","array":[108,0,0,0,0,0,1,1,1,1]}},{"__type__":"cc.Node","_name":"user3","_parent":{"__id__":9},"_children":[{"__id__":27},{"__id__":28},{"__id__":29},{"__id__":30},{"__id__":31},{"__id__":32},{"__id__":33}],"_prefab":{"__type__":"cc.PrefabInfo","root":{"__id__":1},"asset":{"__uuid__":"5caj9yvLlFlLwLkWbzmars"},"fileId":"fc9BUETTRM3LTGtMaAkjSR"},"_contentSize":{"__type__":"cc.Size","width":350,"height":90},"_trs":{"__type__":"TypedArray","ctor":"Float64Array","array":[0,-266,0,0,0,0,1,1,1,1]}},{"__type__":"cc.Node","_name":"img_bjl_wj","_parent":{"__id__":26},"_components":[{"__type__":"cc.Sprite","node":{"__id__":27},"_materials":[{"__uuid__":"ecpdLyjvZBwrvm+cedCcQy"}],"_spriteFrame":{"__uuid__":"0dXdgH83NDMa6W3BwY0Otw"}}],"_prefab":{"__type__":"cc.PrefabInfo","root":{"__id__":1},"asset":{"__uuid__":"5caj9yvLlFlLwLkWbzmars"},"fileId":"aaFdjWH59J4Yo31ALDme9p"},"_contentSize":{"__type__":"cc.Size","width":330,"height":86},"_trs":{"__type__":"TypedArray","ctor":"Float64Array","array":[0,0,0,0,0,0,1,1,1,1]}},{"__type__":"cc.Node","_name":"img_tx01","_parent":{"__id__":26},"_components":[{"__type__":"cc.Sprite","node":{"__id__":28},"_materials":[{"__uuid__":"ecpdLyjvZBwrvm+cedCcQy"}],"_spriteFrame":{"__uuid__":"45Niwp0GFNnb2tTvmVBr0K"}}],"_prefab":{"__type__":"cc.PrefabInfo","root":{"__id__":1},"asset":{"__uuid__":"5caj9yvLlFlLwLkWbzmars"},"fileId":"5fTrTO+pZJDJZ4xXyaOBe7"},"_contentSize":{"__type__":"cc.Size","width":70,"height":73},"_trs":{"__type__":"TypedArray","ctor":"Float64Array","array":[-120,0,0,0,0,0,1,1,1,1]}},{"__type__":"cc.Node","_name":"head","_parent":{"__id__":26},"_components":[{"__type__":"cc.Sprite","node":{"__id__":29},"_materials":[{"__uuid__":"ecpdLyjvZBwrvm+cedCcQy"}],"_spriteFrame":{"__uuid__":"lznn0bd4-6d8e-4361-aae8-91caca6f2355"},"_sizeMode":0},{"__type__":"lznn8673-3561-4a28-8fd0-4ff9fc711d7e","node":{"__id__":29}}],"_prefab":{"__type__":"cc.PrefabInfo","root":{"__id__":1},"asset":{"__uuid__":"5caj9yvLlFlLwLkWbzmars"},"fileId":"ccTR6AL2FDXJ/1UUG+JweE"},"_contentSize":{"__type__":"cc.Size","width":70,"height":70},"_trs":{"__type__":"TypedArray","ctor":"Float64Array","array":[-120,0,0,0,0,0,1,1,1,1]}},{"__type__":"cc.Node","_name":"lb_name","_parent":{"__id__":26},"_components":[{"__type__":"cc.Label","node":{"__id__":30},"_materials":[{"__uuid__":"ecpdLyjvZBwrvm+cedCcQy"}],"_useOriginalSize":false,"_string":"玩家昵称...","_N$string":"玩家昵称...","_fontSize":20,"_lineHeight":20,"_N$file":{"__uuid__":"lznn373b-ebaf-4e57-9974-1fdd6b1b601d"},"_isSystemFontUsed":false,"_N$horizontalAlign":1,"_N$verticalAlign":1}],"_prefab":{"__type__":"cc.PrefabInfo","root":{"__id__":1},"asset":{"__uuid__":"5caj9yvLlFlLwLkWbzmars"},"fileId":"056DfF2j5It54zwZM4R2+V"},"_color":{"__type__":"cc.Color","r":162,"g":89,"b":50},"_contentSize":{"__type__":"cc.Size","width":95.94,"height":25.2},"_anchorPoint":{"__type__":"cc.Vec2","y":0.5},"_trs":{"__type__":"TypedArray","ctor":"Float64Array","array":[-74.912,25.336,0,0,0,0,1,1,1,1]}},{"__type__":"cc.Node","_name":"lb_id","_parent":{"__id__":26},"_components":[{"__type__":"cc.Label","node":{"__id__":31},"_materials":[{"__uuid__":"ecpdLyjvZBwrvm+cedCcQy"}],"_useOriginalSize":false,"_string":"123456","_N$string":"123456","_fontSize":20,"_lineHeight":20,"_N$file":{"__uuid__":"lznn373b-ebaf-4e57-9974-1fdd6b1b601d"},"_isSystemFontUsed":false,"_N$horizontalAlign":1,"_N$verticalAlign":1}],"_prefab":{"__type__":"cc.PrefabInfo","root":{"__id__":1},"asset":{"__uuid__":"5caj9yvLlFlLwLkWbzmars"},"fileId":"53MRVMSS1NTrOxZe277zMi"},"_color":{"__type__":"cc.Color","r":162,"g":89,"b":50},"_contentSize":{"__type__":"cc.Size","width":64.38,"height":25.2},"_anchorPoint":{"__type__":"cc.Vec2","y":0.5},"_trs":{"__type__":"TypedArray","ctor":"Float64Array","array":[-74.912,1.676,0,0,0,0,1,1,1,1]}},{"__type__":"cc.Node","_name":"lb_zaixian","_parent":{"__id__":26},"_components":[{"__type__":"cc.Label","node":{"__id__":32},"_materials":[{"__uuid__":"ecpdLyjvZBwrvm+cedCcQy"}],"_useOriginalSize":false,"_string":"在线","_N$string":"在线","_fontSize":20,"_lineHeight":20,"_N$file":{"__uuid__":"lznn373b-ebaf-4e57-9974-1fdd6b1b601d"},"_isSystemFontUsed":false,"_N$horizontalAlign":1,"_N$verticalAlign":1}],"_prefab":{"__type__":"cc.PrefabInfo","root":{"__id__":1},"asset":{"__uuid__":"5caj9yvLlFlLwLkWbzmars"},"fileId":"2cCUeU4LNFb5ayFXvjksVb"},"_color":{"__type__":"cc.Color","r":162,"g":89,"b":50},"_contentSize":{"__type__":"cc.Size","width":40,"height":25.2},"_anchorPoint":{"__type__":"cc.Vec2","y":0.5},"_trs":{"__type__":"TypedArray","ctor":"Float64Array","array":[-74.912,-20.55,0,0,0,0,1,1,1,1]}},{"__type__":"cc.Node","_name":"btn_invitation","_parent":{"__id__":26},"_components":[{"__type__":"cc.Sprite","node":{"__id__":33},"_materials":[{"__uuid__":"ecpdLyjvZBwrvm+cedCcQy"}],"_spriteFrame":{"__uuid__":"20JQ6KDhBGZo2iobSwpdjJ"}},{"__type__":"cc.Button","node":{"__id__":33},"_normalMaterial":{"__uuid__":"ecpdLyjvZBwrvm+cedCcQy"},"zoomScale":0.9,"clickEvents":[{"__type__":"cc.ClickEvent","target":{"__id__":1},"_componentId":"ba6a5I14BZHCad510M+/HYv","handler":"OnClick_BtnWnd"}],"_N$transition":3,"transition":3,"_N$target":{"__id__":33}}],"_prefab":{"__type__":"cc.PrefabInfo","root":{"__id__":1},"asset":{"__uuid__":"5caj9yvLlFlLwLkWbzmars"},"fileId":"bdbDmSyPtGAYTAvHpoI1Z3"},"_contentSize":{"__type__":"cc.Size","width":85,"height":38},"_trs":{"__type__":"TypedArray","ctor":"Float64Array","array":[108,0,0,0,0,0,1,1,1,1]}},{"__type__":"cc.Node","_name":"user4","_parent":{"__id__":9},"_children":[{"__id__":35},{"__id__":36},{"__id__":37},{"__id__":38},{"__id__":39},{"__id__":40},{"__id__":41}],"_prefab":{"__type__":"cc.PrefabInfo","root":{"__id__":1},"asset":{"__uuid__":"5caj9yvLlFlLwLkWbzmars"},"fileId":"66N58cTc9MQI18iFD15OvX"},"_contentSize":{"__type__":"cc.Size","width":350,"height":90},"_trs":{"__type__":"TypedArray","ctor":"Float64Array","array":[0,-364,0,0,0,0,1,1,1,1]}},{"__type__":"cc.Node","_name":"img_bjl_wj","_parent":{"__id__":34},"_components":[{"__type__":"cc.Sprite","node":{"__id__":35},"_materials":[{"__uuid__":"ecpdLyjvZBwrvm+cedCcQy"}],"_spriteFrame":{"__uuid__":"0dXdgH83NDMa6W3BwY0Otw"}}],"_prefab":{"__type__":"cc.PrefabInfo","root":{"__id__":1},"asset":{"__uuid__":"5caj9yvLlFlLwLkWbzmars"},"fileId":"1bXhWPQ3RLTLfQ3N8gvxMF"},"_contentSize":{"__type__":"cc.Size","width":330,"height":86},"_trs":{"__type__":"TypedArray","ctor":"Float64Array","array":[0,0,0,0,0,0,1,1,1,1]}},{"__type__":"cc.Node","_name":"img_tx01","_parent":{"__id__":34},"_components":[{"__type__":"cc.Sprite","node":{"__id__":36},"_materials":[{"__uuid__":"ecpdLyjvZBwrvm+cedCcQy"}],"_spriteFrame":{"__uuid__":"45Niwp0GFNnb2tTvmVBr0K"}}],"_prefab":{"__type__":"cc.PrefabInfo","root":{"__id__":1},"asset":{"__uuid__":"5caj9yvLlFlLwLkWbzmars"},"fileId":"52DjxtKAdGzpkTTWeZmEkc"},"_contentSize":{"__type__":"cc.Size","width":70,"height":73},"_trs":{"__type__":"TypedArray","ctor":"Float64Array","array":[-120,0,0,0,0,0,1,1,1,1]}},{"__type__":"cc.Node","_name":"head","_parent":{"__id__":34},"_components":[{"__type__":"cc.Sprite","node":{"__id__":37},"_materials":[{"__uuid__":"ecpdLyjvZBwrvm+cedCcQy"}],"_spriteFrame":{"__uuid__":"lznn0bd4-6d8e-4361-aae8-91caca6f2355"},"_sizeMode":0},{"__type__":"lznn8673-3561-4a28-8fd0-4ff9fc711d7e","node":{"__id__":37}}],"_prefab":{"__type__":"cc.PrefabInfo","root":{"__id__":1},"asset":{"__uuid__":"5caj9yvLlFlLwLkWbzmars"},"fileId":"d3tdyN/C9E1onwmnPU8HTp"},"_contentSize":{"__type__":"cc.Size","width":70,"height":70},"_trs":{"__type__":"TypedArray","ctor":"Float64Array","array":[-120,0,0,0,0,0,1,1,1,1]}},{"__type__":"cc.Node","_name":"lb_name","_parent":{"__id__":34},"_components":[{"__type__":"cc.Label","node":{"__id__":38},"_materials":[{"__uuid__":"ecpdLyjvZBwrvm+cedCcQy"}],"_useOriginalSize":false,"_string":"玩家昵称...","_N$string":"玩家昵称...","_fontSize":20,"_lineHeight":20,"_N$file":{"__uuid__":"lznn373b-ebaf-4e57-9974-1fdd6b1b601d"},"_isSystemFontUsed":false,"_N$horizontalAlign":1,"_N$verticalAlign":1}],"_prefab":{"__type__":"cc.PrefabInfo","root":{"__id__":1},"asset":{"__uuid__":"5caj9yvLlFlLwLkWbzmars"},"fileId":"61iafrB8lP7rGXOvUiaXRq"},"_color":{"__type__":"cc.Color","r":162,"g":89,"b":50},"_contentSize":{"__type__":"cc.Size","width":95.94,"height":25.2},"_anchorPoint":{"__type__":"cc.Vec2","y":0.5},"_trs":{"__type__":"TypedArray","ctor":"Float64Array","array":[-74.912,25.336,0,0,0,0,1,1,1,1]}},{"__type__":"cc.Node","_name":"lb_id","_parent":{"__id__":34},"_components":[{"__type__":"cc.Label","node":{"__id__":39},"_materials":[{"__uuid__":"ecpdLyjvZBwrvm+cedCcQy"}],"_useOriginalSize":false,"_string":"123456","_N$string":"123456","_fontSize":20,"_lineHeight":20,"_N$file":{"__uuid__":"lznn373b-ebaf-4e57-9974-1fdd6b1b601d"},"_isSystemFontUsed":false,"_N$horizontalAlign":1,"_N$verticalAlign":1}],"_prefab":{"__type__":"cc.PrefabInfo","root":{"__id__":1},"asset":{"__uuid__":"5caj9yvLlFlLwLkWbzmars"},"fileId":"7abgPtaUtNOIWwNAy4+zz5"},"_color":{"__type__":"cc.Color","r":162,"g":89,"b":50},"_contentSize":{"__type__":"cc.Size","width":64.38,"height":25.2},"_anchorPoint":{"__type__":"cc.Vec2","y":0.5},"_trs":{"__type__":"TypedArray","ctor":"Float64Array","array":[-74.912,1.676,0,0,0,0,1,1,1,1]}},{"__type__":"cc.Node","_name":"lb_zaixian","_parent":{"__id__":34},"_components":[{"__type__":"cc.Label","node":{"__id__":40},"_materials":[{"__uuid__":"ecpdLyjvZBwrvm+cedCcQy"}],"_useOriginalSize":false,"_string":"在线","_N$string":"在线","_fontSize":20,"_lineHeight":20,"_N$file":{"__uuid__":"lznn373b-ebaf-4e57-9974-1fdd6b1b601d"},"_isSystemFontUsed":false,"_N$horizontalAlign":1,"_N$verticalAlign":1}],"_prefab":{"__type__":"cc.PrefabInfo","root":{"__id__":1},"asset":{"__uuid__":"5caj9yvLlFlLwLkWbzmars"},"fileId":"4bGuWjIK9DTYaZ2YsEIlZ5"},"_color":{"__type__":"cc.Color","r":162,"g":89,"b":50},"_contentSize":{"__type__":"cc.Size","width":40,"height":25.2},"_anchorPoint":{"__type__":"cc.Vec2","y":0.5},"_trs":{"__type__":"TypedArray","ctor":"Float64Array","array":[-74.912,-20.55,0,0,0,0,1,1,1,1]}},{"__type__":"cc.Node","_name":"btn_invitation","_parent":{"__id__":34},"_components":[{"__type__":"cc.Sprite","node":{"__id__":41},"_materials":[{"__uuid__":"ecpdLyjvZBwrvm+cedCcQy"}],"_spriteFrame":{"__uuid__":"20JQ6KDhBGZo2iobSwpdjJ"}},{"__type__":"cc.Button","node":{"__id__":41},"_normalMaterial":{"__uuid__":"ecpdLyjvZBwrvm+cedCcQy"},"zoomScale":0.9,"clickEvents":[{"__type__":"cc.ClickEvent","target":{"__id__":1},"_componentId":"ba6a5I14BZHCad510M+/HYv","handler":"OnClick_BtnWnd"}],"_N$transition":3,"transition":3,"_N$target":{"__id__":41}}],"_prefab":{"__type__":"cc.PrefabInfo","root":{"__id__":1},"asset":{"__uuid__":"5caj9yvLlFlLwLkWbzmars"},"fileId":"00tzIvSYRL/ZDpwK3neaYK"},"_contentSize":{"__type__":"cc.Size","width":85,"height":38},"_trs":{"__type__":"TypedArray","ctor":"Float64Array","array":[108,0,0,0,0,0,1,1,1,1]}},{"__type__":"cc.Node","_name":"btn_close","_parent":{"__id__":4},"_components":[{"__type__":"cc.Sprite","node":{"__id__":42},"_materials":[{"__uuid__":"ecpdLyjvZBwrvm+cedCcQy"}],"_spriteFrame":{"__uuid__":"lznnea0a-09cb-4f8d-a5ba-e45067866d94"}},{"__type__":"cc.Button","node":{"__id__":42},"_normalMaterial":{"__uuid__":"ecpdLyjvZBwrvm+cedCcQy"},"zoomScale":0.9,"clickEvents":[{"__type__":"cc.ClickEvent","target":{"__id__":1},"_componentId":"ba6a5I14BZHCad510M+/HYv","handler":"OnClick_BtnWnd"}],"_N$transition":3,"transition":3,"_N$target":{"__id__":42}}],"_prefab":{"__type__":"cc.PrefabInfo","root":{"__id__":1},"asset":{"__uuid__":"5caj9yvLlFlLwLkWbzmars"},"fileId":"42YUoYZX1H0Zjkd657jl/5"},"_contentSize":{"__type__":"cc.Size","width":79,"height":80},"_trs":{"__type__":"TypedArray","ctor":"Float64Array","array":[183,256.649,0,0,0,0,1,1,1,1]}}],{"__type__":"cc.SpriteFrame","content":{"name":"img_bjl","texture":"24VVU/0RVOAbKUBXIubo5S","rect":[0,0,370,520],"offset":[0,0],"originalSize":[370,520],"capInsets":[0,0,0,0]}},{"__type__":"cc.SpriteFrame","content":{"name":"default_sprite_splash","texture":"02delMVqdBD70a/HSD99FK","rect":[0,0,2,2],"offset":[0,0],"originalSize":[2,2],"capInsets":[0,0,0,0]}},{"__type__":"cc.SpriteFrame","content":{"name":"default_btn_pressed","texture":"b4P/PCArtIdIH38t6mlw8Y","rect":[0,0,40,40],"offset":[0,0],"originalSize":[40,40],"capInsets":[12,12,12,12]}},{"__type__":"cc.SpriteFrame","content":{"name":"default_btn_normal","texture":"e8Ueib+qJEhL6mXAHdnwbi","rect":[0,0,40,40],"offset":[0,0],"originalSize":[40,40],"capInsets":[12,12,12,12]}},{"__type__":"cc.SpriteFrame","content":{"name":"morentouxiang","texture":"lznnc652-0393-4ea1-84d8-1bdd3044f177","rect":[0,0,60,60],"offset":[0,0],"originalSize":[60,60],"capInsets":[0,0,0,0]}},{"__type__":"cc.SpriteFrame","content":{"name":"btn_yellow01","texture":"lznn90e0-8f42-44c9-abf3-3456bfd6e3ab","rect":[0,0,223,80],"offset":[0,0],"originalSize":[223,80],"capInsets":[0,0,0,0]}},{"__type__":"cc.SpriteFrame","content":{"name":"btn_close","texture":"lznnb622-4193-4d6e-968d-ec3ef372c92d","rect":[0,0,79,80],"offset":[0,0],"originalSize":[79,80],"capInsets":[0,0,0,0]}}]