{"__type__":"cc.AnimationClip","_name":"clock_warn","_duration":1,"curveData":{"props":{"angle":[{"frame":0,"value":0},{"frame":0.08333333333333333,"value":20},{"frame":0.16666666666666666,"value":0},{"frame":0.25,"value":-20},{"frame":0.3333333333333333,"value":0},{"frame":0.4166666666666667,"value":20},{"frame":0.5,"value":0},{"frame":0.5833333333333334,"value":-20},{"frame":0.6666666666666666,"value":0},{"frame":0.75,"value":20},{"frame":0.8333333333333334,"value":0},{"frame":0.9166666666666666,"value":-20},{"frame":1,"value":0}]}}}