{"__type__":"cc.JsonAsset","_name":"DiamondStore","json":{"1":{"AppID":1,"AppName":"房卡","AppPrice":7,"AppPriceType":0,"DiamondNum":10,"ExtraReward":0,"ImageName":"icon_card01","goodsType":6,"channelType":2,"Discount":"100"},"2":{"AppID":2,"AppName":"房卡","AppPrice":35,"AppPriceType":0,"DiamondNum":50,"ExtraReward":0,"ImageName":"icon_card02","goodsType":6,"channelType":2,"Discount":"100"},"3":{"AppID":3,"AppName":"房卡","AppPrice":70,"AppPriceType":0,"DiamondNum":100,"ExtraReward":0,"ImageName":"icon_card03","goodsType":6,"channelType":2,"Discount":"100"},"4":{"AppID":4,"AppName":"房卡","AppPrice":140,"AppPriceType":0,"DiamondNum":200,"ExtraReward":0,"ImageName":"icon_card04","goodsType":6,"channelType":2,"Discount":"100"},"5":{"AppID":5,"AppName":"房卡","AppPrice":350,"AppPriceType":0,"DiamondNum":500,"ExtraReward":0,"ImageName":"icon_card05","goodsType":6,"channelType":2,"Discount":"100"},"6":{"AppID":6,"AppName":"房卡","AppPrice":700,"AppPriceType":0,"DiamondNum":1000,"ExtraReward":0,"ImageName":"icon_card06","goodsType":6,"channelType":2,"Discount":"100"},"7":{"AppID":7,"AppName":"金币","AppPrice":100,"AppPriceType":2,"DiamondNum":10000,"ExtraReward":0,"ImageName":"icon_dg01","goodsType":1,"channelType":2,"Discount":"100"},"8":{"AppID":8,"AppName":"金币","AppPrice":500,"AppPriceType":2,"DiamondNum":50000,"ExtraReward":0,"ImageName":"icon_dg02","goodsType":1,"channelType":2,"Discount":"100"},"9":{"AppID":9,"AppName":"金币","AppPrice":1000,"AppPriceType":2,"DiamondNum":100000,"ExtraReward":0,"ImageName":"icon_dg03","goodsType":1,"channelType":2,"Discount":"100"},"10":{"AppID":10,"AppName":"金币","AppPrice":5000,"AppPriceType":2,"DiamondNum":500000,"ExtraReward":0,"ImageName":"icon_dg04","goodsType":1,"channelType":2,"Discount":"100"},"11":{"AppID":11,"AppName":"金币","AppPrice":10000,"AppPriceType":2,"DiamondNum":1000000,"ExtraReward":0,"ImageName":"icon_dg05","goodsType":1,"channelType":2,"Discount":"100"},"12":{"AppID":12,"AppName":"金币","AppPrice":50000,"AppPriceType":2,"DiamondNum":5000000,"ExtraReward":0,"ImageName":"icon_dg06","goodsType":1,"channelType":2,"Discount":"100"},"13":{"AppID":13,"AppName":"钻石","AppPrice":10,"AppPriceType":0,"DiamondNum":1000,"ExtraReward":0,"ImageName":"icon_lzs01","goodsType":2,"channelType":2,"Discount":"100"},"14":{"AppID":14,"AppName":"钻石","AppPrice":50,"AppPriceType":0,"DiamondNum":5000,"ExtraReward":0,"ImageName":"icon_lzs02","goodsType":2,"channelType":2,"Discount":"100"},"15":{"AppID":15,"AppName":"钻石","AppPrice":100,"AppPriceType":0,"DiamondNum":10000,"ExtraReward":0,"ImageName":"icon_lzs03","goodsType":2,"channelType":2,"Discount":"100"},"16":{"AppID":16,"AppName":"钻石","AppPrice":300,"AppPriceType":0,"DiamondNum":30000,"ExtraReward":0,"ImageName":"icon_lzs04","goodsType":2,"channelType":2,"Discount":"100"},"17":{"AppID":17,"AppName":"钻石","AppPrice":500,"AppPriceType":0,"DiamondNum":50000,"ExtraReward":0,"ImageName":"icon_lzs05","goodsType":2,"channelType":2,"Discount":"100"},"18":{"AppID":18,"AppName":"钻石","AppPrice":1000,"AppPriceType":0,"DiamondNum":100000,"ExtraReward":0,"ImageName":"icon_lzs06","goodsType":2,"channelType":2,"Discount":"100"}}}