{"__type__":"cc.JsonAsset","_name":"roomcost","json":{"10008008002":{"id":"10008008002","GameType":"PDK","SetCount":8,"PeopleMin":2,"PeopleMax":2,"AaCostCount":1,"WinCostCount":2,"CostCount":2,"ClubAaCostCount":0,"ClubWinCostCount":0,"ClubCostCount":2,"UnionCostCount":2,"Sign":1},"10008008003":{"id":"10008008003","GameType":"PDK","SetCount":8,"PeopleMin":3,"PeopleMax":3,"AaCostCount":1,"WinCostCount":3,"CostCount":3,"ClubAaCostCount":0,"ClubWinCostCount":0,"ClubCostCount":3,"UnionCostCount":3,"Sign":1},"10008012002":{"id":"10008012002","GameType":"PDK","SetCount":12,"PeopleMin":2,"PeopleMax":2,"AaCostCount":1,"WinCostCount":2,"CostCount":2,"ClubAaCostCount":0,"ClubWinCostCount":0,"ClubCostCount":2,"UnionCostCount":2,"Sign":1},"10008012003":{"id":"10008012003","GameType":"PDK","SetCount":12,"PeopleMin":3,"PeopleMax":3,"AaCostCount":1,"WinCostCount":3,"CostCount":3,"ClubAaCostCount":0,"ClubWinCostCount":0,"ClubCostCount":3,"UnionCostCount":3,"Sign":1},"10008016002":{"id":"10008016002","GameType":"PDK","SetCount":16,"PeopleMin":2,"PeopleMax":2,"AaCostCount":2,"WinCostCount":4,"CostCount":4,"ClubAaCostCount":0,"ClubWinCostCount":0,"ClubCostCount":4,"UnionCostCount":4,"Sign":1},"10008016003":{"id":"10008016003","GameType":"PDK","SetCount":16,"PeopleMin":3,"PeopleMax":3,"AaCostCount":2,"WinCostCount":6,"CostCount":6,"ClubAaCostCount":0,"ClubWinCostCount":0,"ClubCostCount":6,"UnionCostCount":6,"Sign":1}}}