{"__type__":"cc.SpriteAtlas","_spriteFrames":{"outer_ring":{"__uuid__":"typdk470-582e-4452-b4ec-53b2450033f5"},"inner_ring":{"__uuid__":"typdk646-01b5-4f73-9de1-7a864f129246"},"game_loading_11":{"__uuid__":"typdk3e5-6412-4210-8fdd-587449c63d57"},"game_loading_16":{"__uuid__":"typdkd0e-6d78-4ca3-b9fd-a221ed9eb3e0"},"game_loading_08":{"__uuid__":"typdk089-aa4b-4f16-95b1-5b51909a856d"},"game_loading_14":{"__uuid__":"typdk0ee-7b2b-4caa-bec1-03c889cf0a4d"},"game_loading_10":{"__uuid__":"typdk142-2835-4bd2-a641-a19713b9b3b5"},"game_loading_06":{"__uuid__":"typdk14d-80ec-4cf5-9bb7-5b26c308eb5b"},"game_loading_13":{"__uuid__":"typdk222-b03d-4e81-bc90-420e9a920e09"},"game_loading_01":{"__uuid__":"typdk5cc-c5b9-4b78-b4b3-e779564a2480"},"game_loading_04":{"__uuid__":"typdkadc-37f2-4a17-8bf5-3e982eb3cc6e"},"game_loading_09":{"__uuid__":"typdkd2c-359d-4739-8165-a2c2c618d291"},"game_loading_05":{"__uuid__":"typdkf96-9754-45b6-b294-46909b40d8f8"},"game_loading_07":{"__uuid__":"typdk1ff-a3fc-419c-8389-e477259523a5"},"game_loading_12":{"__uuid__":"typdk4fe-a2ce-48b8-8cb8-422c8c5d68f0"},"game_loading_15":{"__uuid__":"typdk556-3656-4429-97c3-ca3fbcb5d530"},"game_loading_02":{"__uuid__":"typdkbf0-3a2e-45ad-aee8-1ed2af1713b8"}}}