[[{"__type__":"cc.Prefab","_name":"xipai","data":{"__id__":1}},{"__type__":"cc.Node","_name":"xipai","_components":[{"__type__":"cc.Sprite","node":{"__id__":1},"_spriteFrame":{"__uuid__":"lznn3ba8-5b4c-49d3-9bba-c6bc9bf48a97"},"_sizeMode":2,"_isTrimmedMode":false},{"__type__":"cc.Animation","node":{"__id__":1},"_defaultClip":{"__uuid__":"lznne7ab-798a-4c99-ba28-a3b87f33fd7f"},"_clips":[{"__uuid__":"lznne7ab-798a-4c99-ba28-a3b87f33fd7f"}]},{"__type__":"lznn27a3-f7f6-43f3-bc26-19a21c44bee8","node":{"__id__":1}}],"_prefab":{"__type__":"cc.PrefabInfo","root":{"__id__":1},"asset":{"__uuid__":"lznn2873-1946-44e0-a0c3-98507f0af2c0"},"fileId":"4c8247HsCtGQKg+WxeSr8LK"},"_contentSize":{"__type__":"cc.Size","width":520,"height":140},"_trs":{"__type__":"TypedArray","ctor":"Float64Array","array":[0,0,0,0,0,0,1,1,1,1]},"_zIndex":0}],{"__type__":"cc.SpriteFrame","content":{"name":"ani_mjxp_01","texture":"lznn237f-16ad-4f48-af04-04de697440c4","rect":[0,70,520,70],"offset":[0,-35],"originalSize":[520,140],"capInsets":[0,0,0,0]}}]