[{"__type__":"cc.SpriteFrame","content":{"name":"expression_12_04","texture":"lznnd6b3-22a3-4c02-90b1-d73c2a4d09a8","rect":[32,44,88,95],"offset":[-1,-4],"originalSize":[154,175],"capInsets":[0,0,0,0]}},{"__type__":"cc.SpriteFrame","content":{"name":"expression_12_02","texture":"lznn615f-d7db-47e3-876e-5650b0c20a06","rect":[26,38,97,109],"offset":[-2.5,-5],"originalSize":[154,175],"capInsets":[0,0,0,0]}},{"__type__":"cc.SpriteFrame","content":{"name":"expression_12_03","texture":"lznn14bc-0f56-4410-a999-b90e2fdad85b","rect":[30,41,91,98],"offset":[-1.5,-2.5],"originalSize":[154,175],"capInsets":[0,0,0,0]}},{"__type__":"cc.SpriteFrame","content":{"name":"expression_12_01","texture":"lznn1626-9d4a-4eab-82bd-f30b5f4d80ac","rect":[34,44,86,86],"offset":[0,0.5],"originalSize":[154,175],"capInsets":[0,0,0,0]}},{"__type__":"cc.AnimationClip","_name":"face12Action","_duration":0.8,"sample":20,"curveData":{"comps":{"cc.Sprite":{"spriteFrame":[{"frame":0,"value":{"__uuid__":"lznne15a-3109-4f14-9510-99dcacd04afa"}},{"frame":0.25,"value":{"__uuid__":"lznn7c7d-9f2c-4ed4-a26e-f0fbddcfd075"}},{"frame":0.5,"value":{"__uuid__":"lznndb5d-b6d7-4866-b3a8-b650749f2376"}},{"frame":0.75,"value":{"__uuid__":"lznn4879-8d88-4bf0-a9e0-93e3d07cb11b"}}]}}}}]