[{"__type__":"cc.SpriteFrame","content":{"name":"buhua6","texture":"lznn88fd-2d84-4a42-a7f4-2286d2539351","rect":[0,48,430,135],"offset":[0,-10.5],"originalSize":[430,210],"capInsets":[0,0,0,0]}},{"__type__":"cc.SpriteFrame","content":{"name":"buhua5","texture":"lznn1776-5c82-48ae-b032-0f77bb6bf902","rect":[0,3,372,194],"offset":[-29,5],"originalSize":[430,210],"capInsets":[0,0,0,0]}},{"__type__":"cc.AnimationClip","_name":"buhuaAction","_duration":0.65,"curveData":{"comps":{"cc.Sprite":{"spriteFrame":[{"frame":0,"value":{"__uuid__":"lznn9490-ef84-483b-8548-1afa9d8b433a"}},{"frame":0.13333333333333333,"value":{"__uuid__":"lznncef5-ed1a-4d50-8a88-747e59f84fca"}},{"frame":0.25,"value":{"__uuid__":"lznnfe2f-5e51-4d19-82a6-e8861e6ee4a0"}},{"frame":0.38333333333333336,"value":{"__uuid__":"lznnf657-1bda-4f56-abb7-3207c7357d58"}},{"frame":0.5,"value":{"__uuid__":"lznn1504-01e3-491f-aa9d-ab795d34797c"}},{"frame":0.6333333333333333,"value":{"__uuid__":"lznn0fce-0e01-40c8-b1c6-b0691baf9ab9"}}]}}}},{"__type__":"cc.SpriteFrame","content":{"name":"buhua1","texture":"lznn06f0-dcdf-42f4-9988-1d30ffe49a09","rect":[22,51,256,128],"offset":[-65,-10],"originalSize":[430,210],"capInsets":[0,0,0,0]}},{"__type__":"cc.SpriteFrame","content":{"name":"buhua2","texture":"lznn4557-c025-4bd7-b830-409bebee4482","rect":[0,28,303,161],"offset":[-63.5,-3.5],"originalSize":[430,210],"capInsets":[0,0,0,0]}},{"__type__":"cc.SpriteFrame","content":{"name":"buhua4","texture":"lznn2ba4-2664-48d5-a799-f567364f1dbd","rect":[0,0,372,210],"offset":[-29,0],"originalSize":[430,210],"capInsets":[0,0,0,0]}},{"__type__":"cc.SpriteFrame","content":{"name":"buhua3","texture":"lznnd97d-70a7-4fef-a124-80c34d1776f1","rect":[0,5,332,205],"offset":[-49,-2.5],"originalSize":[430,210],"capInsets":[0,0,0,0]}}]