[{"__type__":"cc.Prefab","_name":"94","data":{"__id__":1}},{"__type__":"cc.Node","_name":"94","_components":[{"__type__":"sp.Skeleton","node":{"__id__":1},"_materials":[{"__uuid__":"7a/QZLET9IDreTiBfRn2PD"}],"defaultAnimation":"quanda","_preCacheMode":0,"loop":false,"premultipliedAlpha":false,"_animationName":"quanda","_playTimes":1,"_N$skeletonData":{"__uuid__":"4fRTwsAPhOAJWSRrrV9BnX"}}],"_prefab":{"__type__":"cc.PrefabInfo","root":{"__id__":1},"asset":{"__uuid__":"d1dXRteTNAUJkTJWatvxtB"},"fileId":"3906V8QnJIbbc9iWIUna0b"},"_contentSize":{"__type__":"cc.Size","width":130,"height":132},"_trs":{"__type__":"TypedArray","ctor":"Float64Array","array":[0,0,0,0,0,0,1,1,1,1]}}]