[{"__type__":"cc.BitmapFont","_name":"lost_num_font","spriteFrame":{"__uuid__":"qzmjmja3-366f-4fb6-b9e4-359814fab548"},"fontSize":32,"_fntConfig":{"commonHeight":80,"fontSize":32,"atlasName":"lost_num_font.png","fontDefDictionary":{"9":{"rect":{"x":0,"y":0,"width":0,"height":0},"xOffset":0,"yOffset":0,"xAdvance":0},"32":{"rect":{"x":0,"y":0,"width":0,"height":0},"xOffset":0,"yOffset":0,"xAdvance":0},"45":{"rect":{"x":0,"y":71,"width":25,"height":10},"xOffset":0,"yOffset":63,"xAdvance":26},"46":{"rect":{"x":0,"y":115,"width":11,"height":11},"xOffset":0,"yOffset":69,"xAdvance":12},"48":{"rect":{"x":50,"y":33,"width":23,"height":32},"xOffset":0,"yOffset":48,"xAdvance":24},"49":{"rect":{"x":74,"y":33,"width":15,"height":32},"xOffset":0,"yOffset":48,"xAdvance":16},"50":{"rect":{"x":65,"y":0,"width":23,"height":32},"xOffset":0,"yOffset":48,"xAdvance":24},"51":{"rect":{"x":41,"y":0,"width":23,"height":32},"xOffset":0,"yOffset":48,"xAdvance":24},"52":{"rect":{"x":0,"y":38,"width":25,"height":32},"xOffset":0,"yOffset":48,"xAdvance":26},"53":{"rect":{"x":26,"y":38,"width":23,"height":32},"xOffset":0,"yOffset":48,"xAdvance":24},"54":{"rect":{"x":24,"y":82,"width":23,"height":32},"xOffset":0,"yOffset":48,"xAdvance":24},"55":{"rect":{"x":72,"y":66,"width":22,"height":32},"xOffset":0,"yOffset":48,"xAdvance":23},"56":{"rect":{"x":0,"y":82,"width":23,"height":32},"xOffset":0,"yOffset":48,"xAdvance":24},"57":{"rect":{"x":48,"y":71,"width":23,"height":32},"xOffset":0,"yOffset":48,"xAdvance":24},"19975":{"rect":{"x":0,"y":0,"width":40,"height":37},"xOffset":0,"yOffset":46,"xAdvance":41}},"kerningDict":{}}},{"__type__":"cc.SpriteFrame","content":{"name":"lost_num_font","texture":"qzmjmj4b-9a17-43fb-8fc5-5759ae98a929","rect":[0,0,94,126],"offset":[-17,1],"originalSize":[128,128],"capInsets":[0,0,0,0]}}]