[{"__type__":"cc.SpriteFrame","content":{"name":"touming","texture":"qzmjmj23-b67d-4d50-ae8c-fb5939e02a67","rect":[0,0,1,1],"offset":[0,0],"originalSize":[1,1],"capInsets":[0,0,0,0]}},{"__type__":"cc.SpriteFrame","content":{"name":"ani_05","texture":"qzmjmjbe-5af6-4697-b459-16d924017fc7","rect":[21,20,203,192],"offset":[0,0],"originalSize":[245,232],"capInsets":[0,0,0,0]}},{"__type__":"cc.SpriteFrame","content":{"name":"ani_03","texture":"qzmjmj62-f009-496e-9e2c-35f637274c17","rect":[21,21,202,191],"offset":[-0.5,-0.5],"originalSize":[245,232],"capInsets":[0,0,0,0]}},{"__type__":"cc.SpriteFrame","content":{"name":"ani_01","texture":"qzmjmjc2-3baa-454e-89c8-94f6eb283b18","rect":[107,102,30,27],"offset":[-0.5,0.5],"originalSize":[245,232],"capInsets":[0,0,0,0]}},{"__type__":"cc.AnimationClip","_name":"chiAction","_duration":1.1833333333333333,"curveData":{"comps":{"cc.Sprite":{"spriteFrame":[{"frame":0,"value":{"__uuid__":"qzmjmj52-48fa-4581-bf7a-af6b68a4ba76"}},{"frame":0.08333333333333333,"value":{"__uuid__":"qzmjmj63-4cc0-4a18-8e6b-5e9c97c094fc"}},{"frame":0.16666666666666666,"value":{"__uuid__":"qzmjmj4f-a9d4-4fca-a009-8a3bd5902f85"}},{"frame":0.25,"value":{"__uuid__":"qzmjmje9-5c85-4526-a092-ba07f648ae9c"}},{"frame":0.3333333333333333,"value":{"__uuid__":"qzmjmj47-29c7-45b5-bd0f-909ada0ec91d"}},{"frame":0.4166666666666667,"value":{"__uuid__":"qzmjmj7e-751c-45b9-9d76-5a9d4d2a9c3f"}},{"frame":0.5,"value":{"__uuid__":"qzmjmj78-bdac-47fa-b7e2-dc6f4067e971"}},{"frame":0.5833333333333334,"value":{"__uuid__":"qzmjmj9f-2d7b-49a6-b256-7ea0d509a35c"}},{"frame":0.6666666666666666,"value":{"__uuid__":"qzmjmj91-190d-4e4b-bc11-cdd36050f04a"}},{"frame":0.75,"value":{"__uuid__":"qzmjmj91-3a25-4141-b5af-6bbcf7e4b0a8"}},{"frame":0.8333333333333334,"value":{"__uuid__":"qzmjmjd7-d974-4efd-9e78-e1c4c3442f3b"}},{"frame":0.9166666666666666,"value":{"__uuid__":"qzmjmj9a-2a54-442a-8e16-297a71fb7789"}},{"frame":1,"value":{"__uuid__":"qzmjmj8d-4cb4-4404-ac86-f335b027964d"}},{"frame":1.0833333333333333,"value":{"__uuid__":"qzmjmj9c-48ca-485e-9cb2-2b1f47b9b7bf"}},{"frame":1.1666666666666667,"value":{"__uuid__":"qzmjmj2f-5b0b-4454-acf8-cfc019fa46b4"}}]}}}},{"__type__":"cc.SpriteFrame","content":{"name":"ani_02","texture":"qzmjmjdc-0088-4a63-8054-a08190ebf367","rect":[60,57,126,119],"offset":[0.5,-0.5],"originalSize":[245,232],"capInsets":[0,0,0,0]}},{"__type__":"cc.SpriteFrame","content":{"name":"ani_07","texture":"qzmjmj29-0e22-48e3-9ea3-0aff893dc696","rect":[42,39,162,153],"offset":[0.5,0.5],"originalSize":[245,232],"capInsets":[0,0,0,0]}},{"__type__":"cc.SpriteFrame","content":{"name":"ani_06","texture":"qzmjmjc3-019c-4a0b-91de-79fbaf935424","rect":[40,38,166,157],"offset":[0.5,-0.5],"originalSize":[245,232],"capInsets":[0,0,0,0]}},{"__type__":"cc.SpriteFrame","content":{"name":"ani_13","texture":"qzmjmj33-a1c5-454e-af82-6849a2180a3d","rect":[32,30,182,172],"offset":[0.5,0],"originalSize":[245,232],"capInsets":[0,0,0,0]}},{"__type__":"cc.SpriteFrame","content":{"name":"ani_09","texture":"qzmjmj43-5dfe-4e2b-a0fb-dd1cd7924c93","rect":[31,29,184,174],"offset":[0.5,0],"originalSize":[245,232],"capInsets":[0,0,0,0]}},{"__type__":"cc.SpriteFrame","content":{"name":"ani_10","texture":"qzmjmjaf-4f51-48ac-b501-74900e5ede77","rect":[33,31,179,169],"offset":[0,0.5],"originalSize":[245,232],"capInsets":[0,0,0,0]}},{"__type__":"cc.SpriteFrame","content":{"name":"ani_12","texture":"qzmjmjfa-0a35-4ae0-8fdf-cefd1294f7f2","rect":[32,30,182,172],"offset":[0.5,0],"originalSize":[245,232],"capInsets":[0,0,0,0]}},{"__type__":"cc.SpriteFrame","content":{"name":"ani_14","texture":"qzmjmjbc-cfb1-40be-a490-e471c01d532e","rect":[32,30,182,172],"offset":[0.5,0],"originalSize":[245,232],"capInsets":[0,0,0,0]}},{"__type__":"cc.SpriteFrame","content":{"name":"ani_08","texture":"qzmjmjdb-f55e-47f7-bbaa-e43af150b759","rect":[30,28,186,175],"offset":[0.5,0.5],"originalSize":[245,232],"capInsets":[0,0,0,0]}},{"__type__":"cc.SpriteFrame","content":{"name":"ani_11","texture":"qzmjmj9c-bd72-4e67-9ed3-93f42a79c83e","rect":[32,30,182,172],"offset":[0.5,0],"originalSize":[245,232],"capInsets":[0,0,0,0]}},{"__type__":"cc.SpriteFrame","content":{"name":"ani_04","texture":"qzmjmj6d-3de0-43b7-8eb3-583ccb3491db","rect":[0,0,245,231],"offset":[0,0.5],"originalSize":[245,232],"capInsets":[0,0,0,0]}}]