[{"__type__":"cc.BitmapFont","_name":"lb_sz","spriteFrame":{"__uuid__":"qzmjmjb7-12ba-4479-a8c0-c38b3f34ff78"},"fontSize":1,"_fntConfig":{"commonHeight":32,"fontSize":1,"atlasName":"lb_sz.png","fontDefDictionary":{"32":{"rect":{"x":0,"y":0,"width":0,"height":0},"xOffset":0,"yOffset":0,"xAdvance":29},"48":{"rect":{"x":0,"y":0,"width":29,"height":32},"xOffset":0,"yOffset":0,"xAdvance":29},"49":{"rect":{"x":0,"y":32,"width":29,"height":32},"xOffset":0,"yOffset":0,"xAdvance":29},"50":{"rect":{"x":29,"y":0,"width":29,"height":32},"xOffset":0,"yOffset":0,"xAdvance":29},"51":{"rect":{"x":0,"y":64,"width":29,"height":32},"xOffset":0,"yOffset":0,"xAdvance":29},"52":{"rect":{"x":0,"y":96,"width":29,"height":32},"xOffset":0,"yOffset":0,"xAdvance":29},"53":{"rect":{"x":29,"y":32,"width":29,"height":32},"xOffset":0,"yOffset":0,"xAdvance":29},"54":{"rect":{"x":58,"y":0,"width":29,"height":32},"xOffset":0,"yOffset":0,"xAdvance":29},"55":{"rect":{"x":29,"y":64,"width":29,"height":32},"xOffset":0,"yOffset":0,"xAdvance":29},"56":{"rect":{"x":29,"y":96,"width":29,"height":32},"xOffset":0,"yOffset":0,"xAdvance":29},"57":{"rect":{"x":58,"y":32,"width":29,"height":32},"xOffset":0,"yOffset":0,"xAdvance":29},"19978":{"rect":{"x":87,"y":0,"width":29,"height":32},"xOffset":0,"yOffset":0,"xAdvance":29},"19981":{"rect":{"x":58,"y":64,"width":29,"height":32},"xOffset":0,"yOffset":0,"xAdvance":29},"25645":{"rect":{"x":58,"y":96,"width":29,"height":32},"xOffset":0,"yOffset":0,"xAdvance":29},"28779":{"rect":{"x":87,"y":32,"width":29,"height":32},"xOffset":0,"yOffset":0,"xAdvance":29},"39128":{"rect":{"x":87,"y":64,"width":29,"height":32},"xOffset":0,"yOffset":0,"xAdvance":29}},"kerningDict":{}}},{"__type__":"cc.SpriteFrame","content":{"name":"lb_sz","texture":"qzmjmja7-5d9d-4801-aa77-af3ebc2bdfdf","rect":[6,3,109,124],"offset":[-3.5,-1],"originalSize":[128,128],"capInsets":[0,0,0,0]}}]