[{"__type__":"cc.SpriteFrame","content":{"name":"icon_qw","texture":"fjsszce2-78d3-4c8e-a977-171c9643b986","rect":[1,13,91,66],"offset":[0.5,0],"originalSize":[92,92],"capInsets":[0,0,0,0]}},[{"__type__":"cc.Prefab","_name":"xianwenPrefab","data":{"__id__":1}},{"__type__":"cc.Node","_name":"xianwenPrefab","_components":[{"__type__":"cc.Sprite","node":{"__id__":1},"_spriteFrame":{"__uuid__":"fjssz79d-23db-40c1-b5bc-5a8ace5fcdb1"}},{"__type__":"cc.Animation","node":{"__id__":1},"_defaultClip":{"__uuid__":"fjssz15a-3787-4173-8cc3-e565303dc88a"},"_clips":[{"__uuid__":"fjssz15a-3787-4173-8cc3-e565303dc88a"}]}],"_prefab":{"__type__":"cc.PrefabInfo","root":{"__id__":1},"asset":{"__uuid__":"fjsszc1d-5c7c-4078-b2c2-2b3c5b9d6baf"},"fileId":"ccO/hTXDZNIoAiNVbQOT3z"},"_contentSize":{"__type__":"cc.Size","width":91,"height":66},"_trs":{"__type__":"TypedArray","ctor":"Float64Array","array":[0,0,0,0,0,0,1,1,1,1]}}]]