[{"__type__":"cc.SpriteFrame","content":{"name":"icon_qw","texture":"lznn4d5d-a392-4fd3-8a0e-7a60cdcec949","rect":[1,13,91,66],"offset":[0.5,0],"originalSize":[92,92],"capInsets":[0,0,0,0]}},[{"__type__":"cc.Prefab","_name":"xianwenPrefab","data":{"__id__":1}},{"__type__":"cc.Node","_name":"xianwenPrefab","_components":[{"__type__":"cc.Sprite","node":{"__id__":1},"_spriteFrame":{"__uuid__":"lznn4b3d-6aba-4716-85f2-b5c1894f093b"}},{"__type__":"cc.Animation","node":{"__id__":1},"_defaultClip":{"__uuid__":"lznnc75c-18eb-43c7-9889-f91eed2b7656"},"_clips":[{"__uuid__":"lznnc75c-18eb-43c7-9889-f91eed2b7656"}]}],"_prefab":{"__type__":"cc.PrefabInfo","root":{"__id__":1},"asset":{"__uuid__":"lznndf91-fb87-49ce-a07e-53ff9c80516d"},"fileId":"ccO/hTXDZNIoAiNVbQOT3z"},"_contentSize":{"__type__":"cc.Size","width":91,"height":66},"_trs":{"__type__":"TypedArray","ctor":"Float64Array","array":[0,0,0,0,0,0,1,1,1,1]},"_zIndex":0}]]