[{"__type__":"cc.AnimationClip","_name":"duiduihuAction","_duration":0.6,"curveData":{"comps":{"cc.Sprite":{"spriteFrame":[{"frame":0,"value":{"__uuid__":"lznn29b5-0b2e-4b59-9d16-39c2525e9940"}},{"frame":0.08333333333333333,"value":{"__uuid__":"lznne5c2-7c54-4d56-92e2-2918a2645286"}},{"frame":0.16666666666666666,"value":{"__uuid__":"lznnaced-bbb9-455f-8673-dd9985e6c166"}},{"frame":0.25,"value":{"__uuid__":"lznnc1cd-b3ca-49ca-a05c-62b307295e37"}},{"frame":0.3333333333333333,"value":{"__uuid__":"lznn5a8f-7703-47f9-9a5a-dd1783d4ef6d"}},{"frame":0.4166666666666667,"value":{"__uuid__":"lznn51fb-2564-4429-8620-1c1f18fa8efd"}},{"frame":0.5,"value":{"__uuid__":"lznnb507-cb77-4ee7-b851-74dfd547ec4a"}},{"frame":0.5833333333333334,"value":{"__uuid__":"lznn69c8-b3f9-442e-9284-1b069bdeb159"}}]}}}},{"__type__":"cc.SpriteFrame","content":{"name":"qidui_ani1","texture":"lznnccd3-b32d-4b0a-9dbd-f0119c20e0bf","rect":[0,23,367,107],"offset":[0,7],"originalSize":[367,167],"capInsets":[0,0,0,0]}},{"__type__":"cc.SpriteFrame","content":{"name":"qidui_ani6","texture":"lznndd5d-8096-4cfd-bcf5-b0348a6201c2","rect":[0,9,367,136],"offset":[0,6.5],"originalSize":[367,167],"capInsets":[0,0,0,0]}},{"__type__":"cc.SpriteFrame","content":{"name":"qidui_ani5","texture":"lznnc385-c8f5-4672-b355-4de92ee6aa7b","rect":[0,8,367,138],"offset":[0,6.5],"originalSize":[367,167],"capInsets":[0,0,0,0]}},{"__type__":"cc.SpriteFrame","content":{"name":"qidui_ani8","texture":"lznn0753-1506-4690-b543-e9c176dfd1fb","rect":[0,0,367,167],"offset":[0,0],"originalSize":[367,167],"capInsets":[0,0,0,0]}},{"__type__":"cc.SpriteFrame","content":{"name":"qidui_ani3","texture":"lznnc98b-0a21-4f45-8970-30172b15dc77","rect":[0,16,367,144],"offset":[0,-4.5],"originalSize":[367,167],"capInsets":[0,0,0,0]}},{"__type__":"cc.SpriteFrame","content":{"name":"qidui_ani7","texture":"lznn3abb-ee3d-46d6-964a-ed598ba074f7","rect":[0,0,367,139],"offset":[0,14],"originalSize":[367,167],"capInsets":[0,0,0,0]}},{"__type__":"cc.SpriteFrame","content":{"name":"qidui_ani4","texture":"lznn7417-c627-455b-a3f0-38ec87322584","rect":[0,3,367,164],"offset":[0,-1.5],"originalSize":[367,167],"capInsets":[0,0,0,0]}},{"__type__":"cc.SpriteFrame","content":{"name":"qidui_ani2","texture":"lznn34e1-0cc7-412d-b177-607fbd2b4ae3","rect":[0,23,367,107],"offset":[0,7],"originalSize":[367,167],"capInsets":[0,0,0,0]}}]