[{"__type__":"cc.SpriteFrame","content":{"name":"ani_01","texture":"lznn66cb-3e93-4e1e-b80f-9ced3ce57028","rect":[0,6,189,167],"offset":[-0.5,-2.5],"originalSize":[190,174],"capInsets":[0,0,0,0]}},[{"__type__":"cc.Prefab","_name":"WaitForm","data":{"__id__":1}},{"__type__":"cc.Node","_name":"WaitForm","_components":[{"__type__":"cc.Sprite","node":{"__id__":1},"_spriteFrame":{"__uuid__":"lznn026c-e202-4083-b4bc-bebda1dcdbe5"},"_sizeMode":2,"_isTrimmedMode":false},{"__type__":"cc.Animation","node":{"__id__":1},"_defaultClip":{"__uuid__":"lznn985a-5320-47a3-911a-9f0a3a644254"},"_clips":[{"__uuid__":"lznn985a-5320-47a3-911a-9f0a3a644254"}],"playOnLoad":true}],"_prefab":{"__type__":"cc.PrefabInfo","root":{"__id__":1},"asset":{"__uuid__":"lznn8ea4-13c8-4e20-899f-cd04277c6cb1"},"fileId":"f1d3cmpa9BKWrpsOs1GVc5r"},"_contentSize":{"__type__":"cc.Size","width":190,"height":174},"_trs":{"__type__":"TypedArray","ctor":"Float64Array","array":[0,0,0,0,0,0,1,1,1,1]}}]]