[{"__type__":"cc.SpriteFrame","content":{"name":"default_btn_disabled","texture":"71VhFCTINJM6/Ky3oX9nBT","rect":[0,0,40,40],"offset":[0,0],"originalSize":[40,40],"capInsets":[12,12,12,12]}},{"__type__":"cc.SpriteFrame","content":{"name":"default_btn_pressed","texture":"b4P/PCArtIdIH38t6mlw8Y","rect":[0,0,40,40],"offset":[0,0],"originalSize":[40,40],"capInsets":[12,12,12,12]}},[{"__type__":"cc.Prefab","_name":"qzmj_UIVoice","data":{"__id__":1}},{"__type__":"cc.Node","_name":"xymj_UIVoice","_children":[{"__id__":2},{"__id__":3}],"_components":[{"__type__":"cc.Widget","node":{"__id__":1},"alignMode":0,"_alignFlags":37,"_right":-20,"_top":71.20000000000005,"_bottom":-211.2,"_originalHeight":900},{"__type__":"qzmjmj60-78be-4d9d-8cdb-b4ca844cca37","node":{"__id__":1},"JS_Name":"xymj_BaseComponent","btn_voice":{"__id__":3}}],"_prefab":{"__type__":"cc.PrefabInfo","root":{"__id__":1},"asset":{"__uuid__":"qzmjmj4c-1ab1-4714-aed8-215591ed4fb6"},"fileId":"9ff97yO+9dBLrrbTivnfgO+"},"_contentSize":{"__type__":"cc.Size","width":150,"height":900},"_trs":{"__type__":"TypedArray","ctor":"Float64Array","array":[1305,238.8,0,0,0,0,1,1,1,1]}},{"__type__":"cc.Node","_name":"btn_chat","_parent":{"__id__":1},"_components":[{"__type__":"cc.Sprite","node":{"__id__":2},"_spriteFrame":{"__uuid__":"qzmjmjbf-663b-469f-a7d4-fffcc3c771b0"},"_type":1,"_sizeMode":0},{"__type__":"cc.Button","node":{"__id__":2},"zoomScale":0.9,"clickEvents":[{"__type__":"cc.ClickEvent","target":{"__id__":1},"_componentId":"qzmjmj60-78be-4d9d-8cdb-b4ca844cca37","handler":"OnClick_BtnWnd"}],"_N$transition":3,"transition":3,"_N$pressedColor":{"__type__":"cc.Color","r":255,"g":255,"b":255},"pressedColor":{"__type__":"cc.Color","r":255,"g":255,"b":255},"_N$disabledColor":{"__type__":"cc.Color","r":255,"g":255,"b":255},"_N$pressedSprite":{"__uuid__":"e97GVMl6JHh5Ml5qEDdSGa"},"pressedSprite":{"__uuid__":"e97GVMl6JHh5Ml5qEDdSGa"},"_N$hoverSprite":{"__uuid__":"e97GVMl6JHh5Ml5qEDdSGa"},"hoverSprite":{"__uuid__":"e97GVMl6JHh5Ml5qEDdSGa"},"_N$disabledSprite":{"__uuid__":"29FYIk+N1GYaeWH/q1NxQO"},"_N$target":{"__id__":2}}],"_prefab":{"__type__":"cc.PrefabInfo","root":{"__id__":1},"asset":{"__uuid__":"qzmjmj4c-1ab1-4714-aed8-215591ed4fb6"},"fileId":"9b9332JLKBHx4eT6ZtY7yvT"},"_contentSize":{"__type__":"cc.Size","width":74,"height":74},"_trs":{"__type__":"TypedArray","ctor":"Float64Array","array":[-19,80,0,0,0,0,1,1,1,1]}},{"__type__":"cc.Node","_name":"btn_voice","_parent":{"__id__":1},"_components":[{"__type__":"cc.Sprite","node":{"__id__":3},"_spriteFrame":{"__uuid__":"qzmjmj68-8879-4998-a2ec-fccd00d96478"},"_type":1,"_sizeMode":0},{"__type__":"cc.Button","node":{"__id__":3},"zoomScale":0.9,"clickEvents":[{"__type__":"cc.ClickEvent","target":{"__id__":1},"_componentId":"qzmjmj60-78be-4d9d-8cdb-b4ca844cca37","handler":"OnClick_BtnWnd"}],"_N$transition":3,"transition":3,"_N$pressedColor":{"__type__":"cc.Color","r":255,"g":255,"b":255},"pressedColor":{"__type__":"cc.Color","r":255,"g":255,"b":255},"_N$disabledColor":{"__type__":"cc.Color","r":255,"g":255,"b":255},"_N$pressedSprite":{"__uuid__":"e97GVMl6JHh5Ml5qEDdSGa"},"pressedSprite":{"__uuid__":"e97GVMl6JHh5Ml5qEDdSGa"},"_N$hoverSprite":{"__uuid__":"e97GVMl6JHh5Ml5qEDdSGa"},"hoverSprite":{"__uuid__":"e97GVMl6JHh5Ml5qEDdSGa"},"_N$disabledSprite":{"__uuid__":"29FYIk+N1GYaeWH/q1NxQO"},"_N$target":{"__id__":3}},{"__type__":"cc.Widget","node":{"__id__":3},"alignMode":0,"_alignFlags":36,"_left":1253.5,"_right":57,"_top":567.5,"_bottom":418}],"_prefab":{"__type__":"cc.PrefabInfo","root":{"__id__":1},"asset":{"__uuid__":"qzmjmj4c-1ab1-4714-aed8-215591ed4fb6"},"fileId":"67d339P+2FHeJf0iXQZPpdB"},"_contentSize":{"__type__":"cc.Size","width":74,"height":74},"_trs":{"__type__":"TypedArray","ctor":"Float64Array","array":[-19,5,0,0,0,0,1,1,1,1]}}],{"__type__":"cc.SpriteFrame","content":{"name":"btn_voice","texture":"qzmjmjbf-4b79-435c-87d1-70945fff5792","rect":[0,0,84,84],"offset":[0,1],"originalSize":[84,86],"capInsets":[0,0,0,0]}},{"__type__":"cc.SpriteFrame","content":{"name":"btn_talk","texture":"qzmjmj6e-8d78-48a1-9968-5ee074445f62","rect":[0,1,84,84],"offset":[0,0],"originalSize":[84,86],"capInsets":[0,0,0,0]}}]