[{"__type__":"cc.SpriteFrame","content":{"name":"ani_dsy_09","texture":"qzmjmj1a-7204-4aef-b535-be259bd3e8d5","rect":[4,41,1021,291],"offset":[0.5,-20.5],"originalSize":[1028,332],"capInsets":[0,0,0,0]}},{"__type__":"cc.SpriteFrame","content":{"name":"ani_dsy_01","texture":"qzmjmjd9-3043-4331-a3b0-12d081d9ea57","rect":[267,147,495,140],"offset":[0.5,-51],"originalSize":[1028,332],"capInsets":[0,0,0,0]}},{"__type__":"cc.SpriteFrame","content":{"name":"ani_dsy_08","texture":"qzmjmjb1-a9ed-46d2-b5fb-51743a466d6d","rect":[4,0,1021,332],"offset":[0.5,0],"originalSize":[1028,332],"capInsets":[0,0,0,0]}},{"__type__":"cc.SpriteFrame","content":{"name":"ani_dsy_03","texture":"qzmjmj73-968a-44dd-bb98-2a4c21c17c39","rect":[11,109,1007,223],"offset":[0.5,-54.5],"originalSize":[1028,332],"capInsets":[0,0,0,0]}},{"__type__":"cc.SpriteFrame","content":{"name":"ani_dsy_04","texture":"qzmjmj16-1bb8-4665-8582-50b2de9aed3f","rect":[4,78,1020,254],"offset":[0,-39],"originalSize":[1028,332],"capInsets":[0,0,0,0]}},{"__type__":"cc.SpriteFrame","content":{"name":"ani_dsy_06","texture":"qzmjmj88-31f9-4651-b085-fecbc97afac9","rect":[4,32,1021,300],"offset":[0.5,-16],"originalSize":[1028,332],"capInsets":[0,0,0,0]}},{"__type__":"cc.SpriteFrame","content":{"name":"ani_dsy_07","texture":"qzmjmj78-a982-4165-8b1c-951381babb14","rect":[4,8,1021,324],"offset":[0.5,-4],"originalSize":[1028,332],"capInsets":[0,0,0,0]}},{"__type__":"cc.AnimationClip","_name":"dasanyuanAction","_duration":0.55,"curveData":{"comps":{"cc.Sprite":{"spriteFrame":[{"frame":0,"value":{"__uuid__":"qzmjmj30-c77c-4b74-8303-f7c7b62ba574"}},{"frame":0.06666666666666667,"value":{"__uuid__":"qzmjmjfc-ca52-4e98-b0e1-96e5a3e1811d"}},{"frame":0.13333333333333333,"value":{"__uuid__":"qzmjmj54-4bbf-4c8f-ba59-1df8371f32e0"}},{"frame":0.2,"value":{"__uuid__":"qzmjmj7e-a064-4fff-91f2-7b3f5641f846"}},{"frame":0.26666666666666666,"value":{"__uuid__":"qzmjmjf5-6fa2-4227-8fe9-88aa1f621a03"}},{"frame":0.3333333333333333,"value":{"__uuid__":"qzmjmj82-0dad-436c-a87d-39e884a46296"}},{"frame":0.4,"value":{"__uuid__":"qzmjmj95-c470-41da-b307-3ed02cdcb123"}},{"frame":0.4666666666666667,"value":{"__uuid__":"qzmjmj38-9930-4582-adcd-ea924c52c34c"}},{"frame":0.5333333333333333,"value":{"__uuid__":"qzmjmj04-c914-4e72-b202-ace8e948f986"}}]}}}},{"__type__":"cc.SpriteFrame","content":{"name":"ani_dsy_05","texture":"qzmjmje7-0206-47b4-b9df-3adc47e1dd07","rect":[4,41,1021,291],"offset":[0.5,-20.5],"originalSize":[1028,332],"capInsets":[0,0,0,0]}},{"__type__":"cc.SpriteFrame","content":{"name":"ani_dsy_02","texture":"qzmjmjac-4030-4d33-9661-3c23f9550b66","rect":[134,124,761,196],"offset":[0.5,-56],"originalSize":[1028,332],"capInsets":[0,0,0,0]}}]