[{"__type__":"cc.SpriteFrame","content":{"name":"default_btn_disabled","texture":"71VhFCTINJM6/Ky3oX9nBT","rect":[0,0,40,40],"offset":[0,0],"originalSize":[40,40],"capInsets":[12,12,12,12]}},{"__type__":"cc.SpriteFrame","content":{"name":"default_sprite_splash","texture":"02delMVqdBD70a/HSD99FK","rect":[0,0,2,2],"offset":[0,0],"originalSize":[2,2],"capInsets":[0,0,0,0]}},{"__type__":"cc.SpriteFrame","content":{"name":"default_btn_pressed","texture":"b4P/PCArtIdIH38t6mlw8Y","rect":[0,0,40,40],"offset":[0,0],"originalSize":[40,40],"capInsets":[12,12,12,12]}},{"__type__":"cc.SpriteFrame","content":{"name":"btn_sanjin","texture":"qzmjmj23-d764-4977-bc87-443306441ad9","rect":[1,0,201,147],"offset":[-0.5,0.5],"originalSize":[204,148],"capInsets":[0,0,0,0]}},{"__type__":"cc.SpriteFrame","content":{"name":"btn_chi","texture":"qzmjmj3a-97be-401e-9f38-f264fe4cede9","rect":[15,0,172,147],"offset":[-1,0.5],"originalSize":[204,148],"capInsets":[0,0,0,0]}},{"__type__":"cc.SpriteFrame","content":{"name":"hh_face_dao_24","texture":"qzmjmja9-e7da-419f-b237-041585dec558","rect":[0,1,73,104],"offset":[0,-0.5],"originalSize":[73,105],"capInsets":[0,0,0,0]}},[{"__type__":"cc.Prefab","_name":"UIQZMJ2DCard01","data":{"__id__":1}},{"__type__":"cc.Node","_name":"UIQZMJ2DCard01","_children":[{"__id__":2},{"__id__":7},{"__id__":8},{"__id__":22}],"_components":[{"__type__":"qzmjmj76-e1c5-4b6b-b4fd-781779e561c4","node":{"__id__":1},"JS_Name":"xymj_BaseComponent","btn_in":{"__id__":2},"card":{"__id__":7},"downcard":{"__id__":8},"sp_tishi":{"__id__":22}}],"_prefab":{"__type__":"cc.PrefabInfo","root":{"__id__":1},"asset":{"__uuid__":"qzmjmj2b-6899-497b-bf9b-b73b33553af0"},"fileId":"2ec96LUNmZKIYhBxTl+UTJY"},"_contentSize":{"__type__":"cc.Size","width":1360,"height":120},"_trs":{"__type__":"TypedArray","ctor":"Float64Array","array":[0,30,0,0,0,0,1,1,1,1]}},{"__type__":"cc.Node","_name":"btn_in","_parent":{"__id__":1},"_children":[{"__id__":3},{"__id__":4},{"__id__":5},{"__id__":6}],"_components":[{"__type__":"cc.Button","node":{"__id__":2},"zoomScale":1,"clickEvents":[{"__type__":"cc.ClickEvent","target":{"__id__":1},"handler":"OnClick_BtnWnd"}],"_N$pressedColor":{"__type__":"cc.Color","r":255,"g":255,"b":255},"pressedColor":{"__type__":"cc.Color","r":255,"g":255,"b":255},"_N$disabledColor":{"__type__":"cc.Color","r":255,"g":255,"b":255},"_N$pressedSprite":{"__uuid__":"e97GVMl6JHh5Ml5qEDdSGa"},"pressedSprite":{"__uuid__":"e97GVMl6JHh5Ml5qEDdSGa"},"_N$hoverSprite":{"__uuid__":"e97GVMl6JHh5Ml5qEDdSGa"},"hoverSprite":{"__uuid__":"e97GVMl6JHh5Ml5qEDdSGa"},"_N$disabledSprite":{"__uuid__":"29FYIk+N1GYaeWH/q1NxQO"},"_N$target":{"__id__":2}}],"_prefab":{"__type__":"cc.PrefabInfo","root":{"__id__":1},"asset":{"__uuid__":"qzmjmj2b-6899-497b-bf9b-b73b33553af0"},"fileId":"3ac2371OyhKH40GhmEVITMk"},"_contentSize":{"__type__":"cc.Size","width":96,"height":136},"_trs":{"__type__":"TypedArray","ctor":"Float64Array","array":[616,0,0,0,0,0,1,0.7,0.7,1]}},{"__type__":"cc.Node","_name":"card","_parent":{"__id__":2},"_components":[{"__type__":"cc.Sprite","node":{"__id__":3}},{"__type__":"cc.Animation","node":{"__id__":3},"_clips":[{"__uuid__":"qzmjmjc5-6f3b-4c73-9502-aec8ce78b01b"},{"__uuid__":"qzmjmj18-f3e0-4957-b655-b48559862630"}]},{"__type__":"qzmjmj07-35e6-4d31-b557-06fb0042be9f","node":{"__id__":3},"JS_Name":"xymj_BaseComponent"}],"_prefab":{"__type__":"cc.PrefabInfo","root":{"__id__":1},"asset":{"__uuid__":"qzmjmj2b-6899-497b-bf9b-b73b33553af0"},"fileId":"f3143Ftws1B046xw5ZgWYem"},"_contentSize":{"__type__":"cc.Size","width":112,"height":159},"_trs":{"__type__":"TypedArray","ctor":"Float64Array","array":[0,0,0,0,0,0,1,1,1,1]}},{"__type__":"cc.Node","_name":"lock","_parent":{"__id__":2},"_active":false,"_components":[{"__type__":"cc.Sprite","node":{"__id__":4},"_spriteFrame":{"__uuid__":"a2MjXRFdtLlYQ5ouAFv/+R"},"_sizeMode":0}],"_prefab":{"__type__":"cc.PrefabInfo","root":{"__id__":1},"asset":{"__uuid__":"qzmjmj2b-6899-497b-bf9b-b73b33553af0"},"fileId":"e9dc3LowX5KyKrPUJ76sWnc"},"_opacity":100,"_color":{"__type__":"cc.Color"},"_contentSize":{"__type__":"cc.Size","width":92,"height":136},"_trs":{"__type__":"TypedArray","ctor":"Float64Array","array":[0,0,0,0,0,0,1,1,1,1]}},{"__type__":"cc.Node","_name":"tip","_parent":{"__id__":2},"_active":false,"_components":[{"__type__":"cc.Sprite","node":{"__id__":5},"_spriteFrame":{"__uuid__":"qzmjmj89-ab0d-444e-bb93-96afafc4d75d"}}],"_prefab":{"__type__":"cc.PrefabInfo","root":{"__id__":1},"asset":{"__uuid__":"qzmjmj2b-6899-497b-bf9b-b73b33553af0"},"fileId":"6f26f9TAeFO1ZibRysp3aX0"},"_contentSize":{"__type__":"cc.Size","width":42,"height":52},"_trs":{"__type__":"TypedArray","ctor":"Float64Array","array":[0,75.8,0,0,0,0,1,1,1,1]}},{"__type__":"cc.Node","_name":"you","_parent":{"__id__":2},"_active":false,"_components":[{"__type__":"cc.Label","node":{"__id__":6},"_materials":[{"__uuid__":"ecpdLyjvZBwrvm+cedCcQy"}],"_useOriginalSize":false,"_string":"游金","_N$string":"游金","_fontSize":30,"_lineHeight":30,"_N$horizontalAlign":1,"_N$verticalAlign":1}],"_prefab":{"__type__":"cc.PrefabInfo","root":{"__id__":1},"asset":{"__uuid__":"qzmjmj2b-6899-497b-bf9b-b73b33553af0"},"fileId":"51BaaqR2NGHLfCpQWDWCGr"},"_color":{"__type__":"cc.Color","r":10,"g":224,"b":87},"_contentSize":{"__type__":"cc.Size","width":60,"height":37.8},"_trs":{"__type__":"TypedArray","ctor":"Float64Array","array":[0,80,0,0,0,0,1,1,1,1]}},{"__type__":"cc.Node","_name":"card","_parent":{"__id__":1},"_components":[{"__type__":"cc.Layout","node":{"__id__":7},"_layoutSize":{"__type__":"cc.Size","width":1053,"height":122},"_N$layoutType":1,"_N$spacingX":-20,"_N$horizontalDirection":1},{"__type__":"cc.Layout","node":{"__id__":7},"_layoutSize":{"__type__":"cc.Size","width":1053,"height":122}}],"_prefab":{"__type__":"cc.PrefabInfo","root":{"__id__":1},"asset":{"__uuid__":"qzmjmj2b-6899-497b-bf9b-b73b33553af0"},"fileId":"3f2b8pxrEtAw7Hq4d6Ld+iL"},"_contentSize":{"__type__":"cc.Size","width":1053,"height":122},"_trs":{"__type__":"TypedArray","ctor":"Float64Array","array":[28,0,0,0,0,0,1,1,1,1]}},{"__type__":"cc.Node","_name":"downcard","_parent":{"__id__":1},"_children":[{"__id__":9}],"_components":[{"__type__":"cc.Layout","node":{"__id__":8},"_layoutSize":{"__type__":"cc.Size","width":245,"height":120},"_resize":1,"_N$layoutType":1,"_N$spacingX":-10},{"__type__":"qzmjmj4b-140d-4a29-af82-be69e76160e8","node":{"__id__":8},"JS_Name":"xymj_BaseComponent"}],"_prefab":{"__type__":"cc.PrefabInfo","root":{"__id__":1},"asset":{"__uuid__":"qzmjmj2b-6899-497b-bf9b-b73b33553af0"},"fileId":"b3519AV4PdNWp2jTCU0QcpN"},"_contentSize":{"__type__":"cc.Size","width":245,"height":120},"_anchorPoint":{"__type__":"cc.Vec2","y":0.5},"_trs":{"__type__":"TypedArray","ctor":"Float64Array","array":[-675,-15,0,0,0,0,1,1,1,1]}},{"__type__":"cc.Node","_name":"down01","_parent":{"__id__":8},"_children":[{"__id__":10},{"__id__":13},{"__id__":16},{"__id__":19}],"_prefab":{"__type__":"cc.PrefabInfo","root":{"__id__":1},"asset":{"__uuid__":"qzmjmj2b-6899-497b-bf9b-b73b33553af0"},"fileId":"54adaUBWhpJ5bBQ8EVnmPgK"},"_contentSize":{"__type__":"cc.Size","width":245,"height":118},"_trs":{"__type__":"TypedArray","ctor":"Float64Array","array":[122.5,0,0,0,0,0,1,1,1,1]}},{"__type__":"cc.Node","_name":"card01","_parent":{"__id__":9},"_children":[{"__id__":11},{"__id__":12}],"_components":[{"__type__":"cc.Sprite","node":{"__id__":10},"_materials":[{"__uuid__":"ecpdLyjvZBwrvm+cedCcQy"}],"_spriteFrame":{"__uuid__":"qzmjmj26-3d39-4f27-9072-3f75f7bab88a"}}],"_prefab":{"__type__":"cc.PrefabInfo","root":{"__id__":1},"asset":{"__uuid__":"qzmjmj2b-6899-497b-bf9b-b73b33553af0"},"fileId":"8fdf1eIKIlO5rg6hH5sn5Fi"},"_contentSize":{"__type__":"cc.Size","width":73,"height":104},"_trs":{"__type__":"TypedArray","ctor":"Float64Array","array":[-76,0,0,0,0,0,1,1,1,1]}},{"__type__":"cc.Node","_name":"zhi","_parent":{"__id__":10},"_active":false,"_components":[{"__type__":"cc.Sprite","node":{"__id__":11},"_spriteFrame":{"__uuid__":"qzmjmj42-7085-406c-8f01-d33a4cff08b8"}}],"_prefab":{"__type__":"cc.PrefabInfo","root":{"__id__":1},"asset":{"__uuid__":"qzmjmj2b-6899-497b-bf9b-b73b33553af0"},"fileId":"eaddaJwI8ZIeJ0dZ4QJrm5W"},"_contentSize":{"__type__":"cc.Size","width":49,"height":51},"_trs":{"__type__":"TypedArray","ctor":"Float64Array","array":[0.4,-6.8,0,0,0,0,1,1,1,1]}},{"__type__":"cc.Node","_name":"da","_parent":{"__id__":10},"_active":false,"_components":[{"__type__":"cc.Sprite","node":{"__id__":12},"_spriteFrame":{"__uuid__":"qzmjmj2f-b5db-4223-a89c-f98e1aedb9a3"},"_sizeMode":0}],"_prefab":{"__type__":"cc.PrefabInfo","root":{"__id__":1},"asset":{"__uuid__":"qzmjmj2b-6899-497b-bf9b-b73b33553af0"},"fileId":"5b747Nxe7BA/6INSz8EP7Ca"},"_contentSize":{"__type__":"cc.Size","width":53,"height":59},"_trs":{"__type__":"TypedArray","ctor":"Float64Array","array":[-6.6,14.9,0,0,0,0,1,0.5,0.5,1]}},{"__type__":"cc.Node","_name":"card02","_parent":{"__id__":9},"_children":[{"__id__":14},{"__id__":15}],"_components":[{"__type__":"cc.Sprite","node":{"__id__":13},"_materials":[{"__uuid__":"ecpdLyjvZBwrvm+cedCcQy"}],"_spriteFrame":{"__uuid__":"qzmjmj26-3d39-4f27-9072-3f75f7bab88a"}}],"_prefab":{"__type__":"cc.PrefabInfo","root":{"__id__":1},"asset":{"__uuid__":"qzmjmj2b-6899-497b-bf9b-b73b33553af0"},"fileId":"6a3e8eeEUxOTK7s4weeUJGL"},"_contentSize":{"__type__":"cc.Size","width":73,"height":104},"_trs":{"__type__":"TypedArray","ctor":"Float64Array","array":[-5,0,0,0,0,0,1,1,1,1]}},{"__type__":"cc.Node","_name":"zhi","_parent":{"__id__":13},"_active":false,"_components":[{"__type__":"cc.Sprite","node":{"__id__":14},"_spriteFrame":{"__uuid__":"qzmjmj42-7085-406c-8f01-d33a4cff08b8"}}],"_prefab":{"__type__":"cc.PrefabInfo","root":{"__id__":1},"asset":{"__uuid__":"qzmjmj2b-6899-497b-bf9b-b73b33553af0"},"fileId":"f4965AotUNAaqE+I6AfJgu9"},"_contentSize":{"__type__":"cc.Size","width":34,"height":25},"_trs":{"__type__":"TypedArray","ctor":"Float64Array","array":[0.4,-6.8,0,0,0,0,1,1,1,1]}},{"__type__":"cc.Node","_name":"da","_parent":{"__id__":13},"_active":false,"_components":[{"__type__":"cc.Sprite","node":{"__id__":15},"_spriteFrame":{"__uuid__":"qzmjmj2f-b5db-4223-a89c-f98e1aedb9a3"},"_sizeMode":0}],"_prefab":{"__type__":"cc.PrefabInfo","root":{"__id__":1},"asset":{"__uuid__":"qzmjmj2b-6899-497b-bf9b-b73b33553af0"},"fileId":"54fdare+t1BDrhNXduxoO/i"},"_contentSize":{"__type__":"cc.Size","width":53,"height":59},"_trs":{"__type__":"TypedArray","ctor":"Float64Array","array":[-6.6,14.9,0,0,0,0,1,0.5,0.5,1]}},{"__type__":"cc.Node","_name":"card03","_parent":{"__id__":9},"_children":[{"__id__":17},{"__id__":18}],"_components":[{"__type__":"cc.Sprite","node":{"__id__":16},"_materials":[{"__uuid__":"ecpdLyjvZBwrvm+cedCcQy"}],"_spriteFrame":{"__uuid__":"qzmjmj26-3d39-4f27-9072-3f75f7bab88a"}}],"_prefab":{"__type__":"cc.PrefabInfo","root":{"__id__":1},"asset":{"__uuid__":"qzmjmj2b-6899-497b-bf9b-b73b33553af0"},"fileId":"7e206tk5B9AiYobxluBHygS"},"_contentSize":{"__type__":"cc.Size","width":73,"height":104},"_trs":{"__type__":"TypedArray","ctor":"Float64Array","array":[67,0,0,0,0,0,1,1,1,1]}},{"__type__":"cc.Node","_name":"zhi","_parent":{"__id__":16},"_active":false,"_components":[{"__type__":"cc.Sprite","node":{"__id__":17},"_spriteFrame":{"__uuid__":"qzmjmj42-7085-406c-8f01-d33a4cff08b8"}}],"_prefab":{"__type__":"cc.PrefabInfo","root":{"__id__":1},"asset":{"__uuid__":"qzmjmj2b-6899-497b-bf9b-b73b33553af0"},"fileId":"7f210Ub+nVGYqk7SCOa7iWw"},"_contentSize":{"__type__":"cc.Size","width":34,"height":25},"_trs":{"__type__":"TypedArray","ctor":"Float64Array","array":[0.4,-6.8,0,0,0,0,1,1,1,1]}},{"__type__":"cc.Node","_name":"da","_parent":{"__id__":16},"_active":false,"_components":[{"__type__":"cc.Sprite","node":{"__id__":18},"_spriteFrame":{"__uuid__":"qzmjmj2f-b5db-4223-a89c-f98e1aedb9a3"},"_sizeMode":0}],"_prefab":{"__type__":"cc.PrefabInfo","root":{"__id__":1},"asset":{"__uuid__":"qzmjmj2b-6899-497b-bf9b-b73b33553af0"},"fileId":"e6175JOrdtE9bk/s9kYpAmH"},"_contentSize":{"__type__":"cc.Size","width":53,"height":59},"_trs":{"__type__":"TypedArray","ctor":"Float64Array","array":[-6.6,14.9,0,0,0,0,1,0.5,0.5,1]}},{"__type__":"cc.Node","_name":"card04","_parent":{"__id__":9},"_children":[{"__id__":20},{"__id__":21}],"_components":[{"__type__":"cc.Sprite","node":{"__id__":19},"_materials":[{"__uuid__":"ecpdLyjvZBwrvm+cedCcQy"}],"_spriteFrame":{"__uuid__":"qzmjmj26-3d39-4f27-9072-3f75f7bab88a"}}],"_prefab":{"__type__":"cc.PrefabInfo","root":{"__id__":1},"asset":{"__uuid__":"qzmjmj2b-6899-497b-bf9b-b73b33553af0"},"fileId":"e7db8PWJyNL8pvrMaWpLOzg"},"_contentSize":{"__type__":"cc.Size","width":73,"height":104},"_trs":{"__type__":"TypedArray","ctor":"Float64Array","array":[-5,9.3,0,0,0,0,1,1,1,1]}},{"__type__":"cc.Node","_name":"zhi","_parent":{"__id__":19},"_active":false,"_components":[{"__type__":"cc.Sprite","node":{"__id__":20},"_spriteFrame":{"__uuid__":"qzmjmj42-7085-406c-8f01-d33a4cff08b8"}}],"_prefab":{"__type__":"cc.PrefabInfo","root":{"__id__":1},"asset":{"__uuid__":"qzmjmj2b-6899-497b-bf9b-b73b33553af0"},"fileId":"8e0c9O5fU1JIKwjYCgJu+eY"},"_contentSize":{"__type__":"cc.Size","width":34,"height":25},"_trs":{"__type__":"TypedArray","ctor":"Float64Array","array":[0.4,-6.8,0,0,0,0,1,1,1,1]}},{"__type__":"cc.Node","_name":"da","_parent":{"__id__":19},"_active":false,"_components":[{"__type__":"cc.Sprite","node":{"__id__":21},"_spriteFrame":{"__uuid__":"qzmjmj2f-b5db-4223-a89c-f98e1aedb9a3"},"_sizeMode":0}],"_prefab":{"__type__":"cc.PrefabInfo","root":{"__id__":1},"asset":{"__uuid__":"qzmjmj2b-6899-497b-bf9b-b73b33553af0"},"fileId":"c477cdPutJCCbf8mrY3f9Uu"},"_contentSize":{"__type__":"cc.Size","width":53,"height":59},"_trs":{"__type__":"TypedArray","ctor":"Float64Array","array":[-6.6,14.9,0,0,0,0,1,0.5,0.5,1]}},{"__type__":"cc.Node","_name":"sp_tishi","_parent":{"__id__":1},"_children":[{"__id__":23},{"__id__":24},{"__id__":25},{"__id__":26},{"__id__":27},{"__id__":28},{"__id__":29},{"__id__":30},{"__id__":31},{"__id__":32},{"__id__":33},{"__id__":34},{"__id__":35}],"_components":[{"__type__":"cc.Layout","node":{"__id__":22},"_layoutSize":{"__type__":"cc.Size","width":404,"height":100},"_N$layoutType":1,"_N$spacingX":15,"_N$horizontalDirection":1}],"_prefab":{"__type__":"cc.PrefabInfo","root":{"__id__":1},"asset":{"__uuid__":"qzmjmj2b-6899-497b-bf9b-b73b33553af0"},"fileId":"can/tmFgVF/bWxon2NPBpM"},"_contentSize":{"__type__":"cc.Size","width":404,"height":100},"_trs":{"__type__":"TypedArray","ctor":"Float64Array","array":[273,134,0,0,0,0,1,1,1,1]}},{"__type__":"cc.Node","_name":"btn_cancel","_parent":{"__id__":22},"_components":[{"__type__":"cc.Sprite","node":{"__id__":23},"_materials":[{"__uuid__":"ecpdLyjvZBwrvm+cedCcQy"}],"_spriteFrame":{"__uuid__":"qzmjmjed-5049-48c8-99b8-d2eab9cba0be"},"_type":1,"_sizeMode":0},{"__type__":"cc.Button","node":{"__id__":23},"zoomScale":0.9,"clickEvents":[{"__type__":"cc.ClickEvent","target":{"__id__":1},"_componentId":"qzmjmj76-e1c5-4b6b-b4fd-781779e561c4","handler":"OnClick_BtnWnd"}],"_N$transition":3,"transition":3,"_N$pressedColor":{"__type__":"cc.Color","r":255,"g":255,"b":255},"pressedColor":{"__type__":"cc.Color","r":255,"g":255,"b":255},"_N$disabledColor":{"__type__":"cc.Color","r":255,"g":255,"b":255},"_N$pressedSprite":{"__uuid__":"e97GVMl6JHh5Ml5qEDdSGa"},"pressedSprite":{"__uuid__":"e97GVMl6JHh5Ml5qEDdSGa"},"_N$hoverSprite":{"__uuid__":"e97GVMl6JHh5Ml5qEDdSGa"},"hoverSprite":{"__uuid__":"e97GVMl6JHh5Ml5qEDdSGa"},"_N$disabledSprite":{"__uuid__":"29FYIk+N1GYaeWH/q1NxQO"},"_N$target":{"__id__":23}},{"__type__":"cc.Widget","node":{"__id__":23},"alignMode":0,"_alignFlags":36,"_left":1253.5,"_top":471.5,"_bottom":-24}],"_prefab":{"__type__":"cc.PrefabInfo","root":{"__id__":1},"asset":{"__uuid__":"qzmjmj2b-6899-497b-bf9b-b73b33553af0"},"fileId":"07Qff02WhJ2ZAYtqlUU5Di"},"_contentSize":{"__type__":"cc.Size","width":204,"height":148},"_trs":{"__type__":"TypedArray","ctor":"Float64Array","array":[100,0,0,0,0,0,1,1,1,1]}},{"__type__":"cc.Node","_name":"btn_next","_parent":{"__id__":22},"_components":[{"__type__":"cc.Sprite","node":{"__id__":24},"_materials":[{"__uuid__":"ecpdLyjvZBwrvm+cedCcQy"}],"_spriteFrame":{"__uuid__":"qzmjmja6-4da7-4b9a-909d-80928e02680f"},"_type":1,"_sizeMode":0},{"__type__":"cc.Button","node":{"__id__":24},"zoomScale":0.9,"clickEvents":[{"__type__":"cc.ClickEvent","target":{"__id__":1},"_componentId":"qzmjmj76-e1c5-4b6b-b4fd-781779e561c4","handler":"OnClick_BtnWnd"}],"_N$transition":3,"transition":3,"_N$pressedColor":{"__type__":"cc.Color","r":255,"g":255,"b":255},"pressedColor":{"__type__":"cc.Color","r":255,"g":255,"b":255},"_N$disabledColor":{"__type__":"cc.Color","r":255,"g":255,"b":255},"_N$pressedSprite":{"__uuid__":"e97GVMl6JHh5Ml5qEDdSGa"},"pressedSprite":{"__uuid__":"e97GVMl6JHh5Ml5qEDdSGa"},"_N$hoverSprite":{"__uuid__":"e97GVMl6JHh5Ml5qEDdSGa"},"hoverSprite":{"__uuid__":"e97GVMl6JHh5Ml5qEDdSGa"},"_N$disabledSprite":{"__uuid__":"29FYIk+N1GYaeWH/q1NxQO"},"_N$target":{"__id__":24}},{"__type__":"cc.Widget","node":{"__id__":24},"alignMode":0,"_alignFlags":36,"_left":1253.5,"_right":219,"_top":471.5,"_bottom":-24}],"_prefab":{"__type__":"cc.PrefabInfo","root":{"__id__":1},"asset":{"__uuid__":"qzmjmj2b-6899-497b-bf9b-b73b33553af0"},"fileId":"23nRY0zXpL8p6xeA/BNp/r"},"_contentSize":{"__type__":"cc.Size","width":204,"height":148},"_trs":{"__type__":"TypedArray","ctor":"Float64Array","array":[-119,0,0,0,0,0,1,1,1,1]}},{"__type__":"cc.Node","_name":"btn_chi","_parent":{"__id__":22},"_components":[{"__type__":"cc.Sprite","node":{"__id__":25},"_materials":[{"__uuid__":"ecpdLyjvZBwrvm+cedCcQy"}],"_spriteFrame":{"__uuid__":"qzmjmj15-8fdd-4d83-8aab-5314e3c33142"},"_type":1,"_sizeMode":0},{"__type__":"cc.Button","node":{"__id__":25},"zoomScale":0.9,"clickEvents":[{"__type__":"cc.ClickEvent","target":{"__id__":1},"_componentId":"qzmjmj76-e1c5-4b6b-b4fd-781779e561c4","handler":"OnClick_BtnWnd"}],"_N$transition":3,"transition":3,"_N$pressedColor":{"__type__":"cc.Color","r":255,"g":255,"b":255},"pressedColor":{"__type__":"cc.Color","r":255,"g":255,"b":255},"_N$disabledColor":{"__type__":"cc.Color","r":255,"g":255,"b":255},"_N$pressedSprite":{"__uuid__":"e97GVMl6JHh5Ml5qEDdSGa"},"pressedSprite":{"__uuid__":"e97GVMl6JHh5Ml5qEDdSGa"},"_N$hoverSprite":{"__uuid__":"e97GVMl6JHh5Ml5qEDdSGa"},"hoverSprite":{"__uuid__":"e97GVMl6JHh5Ml5qEDdSGa"},"_N$disabledSprite":{"__uuid__":"29FYIk+N1GYaeWH/q1NxQO"},"_N$target":{"__id__":25}},{"__type__":"cc.Widget","node":{"__id__":25},"alignMode":0,"_alignFlags":36,"_left":1253.5,"_right":438,"_top":471.5,"_bottom":-24}],"_prefab":{"__type__":"cc.PrefabInfo","root":{"__id__":1},"asset":{"__uuid__":"qzmjmj2b-6899-497b-bf9b-b73b33553af0"},"fileId":"3bqYaUZHNESI634bWCupmc"},"_contentSize":{"__type__":"cc.Size","width":204,"height":148},"_trs":{"__type__":"TypedArray","ctor":"Float64Array","array":[-338,0,0,0,0,0,1,1,1,1]}},{"__type__":"cc.Node","_name":"btn_pen","_parent":{"__id__":22},"_components":[{"__type__":"cc.Sprite","node":{"__id__":26},"_materials":[{"__uuid__":"ecpdLyjvZBwrvm+cedCcQy"}],"_spriteFrame":{"__uuid__":"qzmjmje4-320a-4270-b85b-674b6b7d6af2"},"_type":1,"_sizeMode":0},{"__type__":"cc.Button","node":{"__id__":26},"zoomScale":0.9,"clickEvents":[{"__type__":"cc.ClickEvent","target":{"__id__":1},"_componentId":"qzmjmj76-e1c5-4b6b-b4fd-781779e561c4","handler":"OnClick_BtnWnd"}],"_N$transition":3,"transition":3,"_N$pressedColor":{"__type__":"cc.Color","r":255,"g":255,"b":255},"pressedColor":{"__type__":"cc.Color","r":255,"g":255,"b":255},"_N$disabledColor":{"__type__":"cc.Color","r":255,"g":255,"b":255},"_N$pressedSprite":{"__uuid__":"e97GVMl6JHh5Ml5qEDdSGa"},"pressedSprite":{"__uuid__":"e97GVMl6JHh5Ml5qEDdSGa"},"_N$hoverSprite":{"__uuid__":"e97GVMl6JHh5Ml5qEDdSGa"},"hoverSprite":{"__uuid__":"e97GVMl6JHh5Ml5qEDdSGa"},"_N$disabledSprite":{"__uuid__":"29FYIk+N1GYaeWH/q1NxQO"},"_N$target":{"__id__":26}},{"__type__":"cc.Widget","node":{"__id__":26},"alignMode":0,"_alignFlags":36,"_left":1253.5,"_right":657,"_top":471.5,"_bottom":-24}],"_prefab":{"__type__":"cc.PrefabInfo","root":{"__id__":1},"asset":{"__uuid__":"qzmjmj2b-6899-497b-bf9b-b73b33553af0"},"fileId":"c53kG8AUJE4I4oKNDOKppZ"},"_contentSize":{"__type__":"cc.Size","width":204,"height":148},"_trs":{"__type__":"TypedArray","ctor":"Float64Array","array":[-557,0,0,0,0,0,1,1,1,1]}},{"__type__":"cc.Node","_name":"btn_gang","_parent":{"__id__":22},"_components":[{"__type__":"cc.Sprite","node":{"__id__":27},"_materials":[{"__uuid__":"ecpdLyjvZBwrvm+cedCcQy"}],"_spriteFrame":{"__uuid__":"qzmjmjda-12a7-427f-afb7-6c218a9cf83f"},"_type":1,"_sizeMode":0},{"__type__":"cc.Button","node":{"__id__":27},"zoomScale":0.9,"clickEvents":[{"__type__":"cc.ClickEvent","target":{"__id__":1},"_componentId":"qzmjmj76-e1c5-4b6b-b4fd-781779e561c4","handler":"OnClick_BtnWnd"}],"_N$transition":3,"transition":3,"_N$pressedColor":{"__type__":"cc.Color","r":255,"g":255,"b":255},"pressedColor":{"__type__":"cc.Color","r":255,"g":255,"b":255},"_N$disabledColor":{"__type__":"cc.Color","r":255,"g":255,"b":255},"_N$pressedSprite":{"__uuid__":"e97GVMl6JHh5Ml5qEDdSGa"},"pressedSprite":{"__uuid__":"e97GVMl6JHh5Ml5qEDdSGa"},"_N$hoverSprite":{"__uuid__":"e97GVMl6JHh5Ml5qEDdSGa"},"hoverSprite":{"__uuid__":"e97GVMl6JHh5Ml5qEDdSGa"},"_N$disabledSprite":{"__uuid__":"29FYIk+N1GYaeWH/q1NxQO"},"_N$target":{"__id__":27}},{"__type__":"cc.Widget","node":{"__id__":27},"alignMode":0,"_alignFlags":36,"_left":1253.5,"_right":876,"_top":471.5,"_bottom":-24}],"_prefab":{"__type__":"cc.PrefabInfo","root":{"__id__":1},"asset":{"__uuid__":"qzmjmj2b-6899-497b-bf9b-b73b33553af0"},"fileId":"607C1esMRH/7R6NAhNUyyd"},"_contentSize":{"__type__":"cc.Size","width":204,"height":148},"_trs":{"__type__":"TypedArray","ctor":"Float64Array","array":[-776,0,0,0,0,0,1,1,1,1]}},{"__type__":"cc.Node","_name":"btn_hu","_parent":{"__id__":22},"_components":[{"__type__":"cc.Sprite","node":{"__id__":28},"_materials":[{"__uuid__":"ecpdLyjvZBwrvm+cedCcQy"}],"_spriteFrame":{"__uuid__":"qzmjmj42-2c14-4b14-a132-8493ad501fe6"},"_type":1,"_sizeMode":0},{"__type__":"cc.Button","node":{"__id__":28},"zoomScale":0.9,"clickEvents":[{"__type__":"cc.ClickEvent","target":{"__id__":1},"_componentId":"qzmjmj76-e1c5-4b6b-b4fd-781779e561c4","handler":"OnClick_BtnWnd"}],"_N$transition":3,"transition":3,"_N$pressedColor":{"__type__":"cc.Color","r":255,"g":255,"b":255},"pressedColor":{"__type__":"cc.Color","r":255,"g":255,"b":255},"_N$disabledColor":{"__type__":"cc.Color","r":255,"g":255,"b":255},"_N$pressedSprite":{"__uuid__":"e97GVMl6JHh5Ml5qEDdSGa"},"pressedSprite":{"__uuid__":"e97GVMl6JHh5Ml5qEDdSGa"},"_N$hoverSprite":{"__uuid__":"e97GVMl6JHh5Ml5qEDdSGa"},"hoverSprite":{"__uuid__":"e97GVMl6JHh5Ml5qEDdSGa"},"_N$disabledSprite":{"__uuid__":"29FYIk+N1GYaeWH/q1NxQO"},"_N$target":{"__id__":28}},{"__type__":"cc.Widget","node":{"__id__":28},"alignMode":0,"_alignFlags":36,"_left":1253.5,"_right":1095,"_top":471.5,"_bottom":-24}],"_prefab":{"__type__":"cc.PrefabInfo","root":{"__id__":1},"asset":{"__uuid__":"qzmjmj2b-6899-497b-bf9b-b73b33553af0"},"fileId":"406P4njO5M97exiK92Az/7"},"_contentSize":{"__type__":"cc.Size","width":204,"height":148},"_trs":{"__type__":"TypedArray","ctor":"Float64Array","array":[-995,0,0,0,0,0,1,1,1,1]}},{"__type__":"cc.Node","_name":"btn_shuangyou","_parent":{"__id__":22},"_components":[{"__type__":"cc.Sprite","node":{"__id__":29},"_materials":[{"__uuid__":"ecpdLyjvZBwrvm+cedCcQy"}],"_spriteFrame":{"__uuid__":"qzmjmjd0-ce76-45df-b16c-c2a92c49a004"},"_type":1,"_sizeMode":0},{"__type__":"cc.Button","node":{"__id__":29},"zoomScale":0.9,"clickEvents":[{"__type__":"cc.ClickEvent","target":{"__id__":1},"_componentId":"qzmjmj76-e1c5-4b6b-b4fd-781779e561c4","handler":"OnClick_BtnWnd"}],"_N$transition":3,"transition":3,"_N$pressedColor":{"__type__":"cc.Color","r":255,"g":255,"b":255},"pressedColor":{"__type__":"cc.Color","r":255,"g":255,"b":255},"_N$disabledColor":{"__type__":"cc.Color","r":255,"g":255,"b":255},"_N$pressedSprite":{"__uuid__":"e97GVMl6JHh5Ml5qEDdSGa"},"pressedSprite":{"__uuid__":"e97GVMl6JHh5Ml5qEDdSGa"},"_N$hoverSprite":{"__uuid__":"e97GVMl6JHh5Ml5qEDdSGa"},"hoverSprite":{"__uuid__":"e97GVMl6JHh5Ml5qEDdSGa"},"_N$disabledSprite":{"__uuid__":"29FYIk+N1GYaeWH/q1NxQO"},"_N$target":{"__id__":29}},{"__type__":"cc.Widget","node":{"__id__":29},"alignMode":0,"_alignFlags":36,"_left":1253.5,"_right":1314,"_top":471.5,"_bottom":-19}],"_prefab":{"__type__":"cc.PrefabInfo","root":{"__id__":1},"asset":{"__uuid__":"qzmjmj2b-6899-497b-bf9b-b73b33553af0"},"fileId":"dfwcH+HMBD84QLV/uDD6ww"},"_contentSize":{"__type__":"cc.Size","width":204,"height":148},"_trs":{"__type__":"TypedArray","ctor":"Float64Array","array":[-1214,5,0,0,0,0,1,1,1,1]}},{"__type__":"cc.Node","_name":"btn_sanyou","_parent":{"__id__":22},"_components":[{"__type__":"cc.Sprite","node":{"__id__":30},"_materials":[{"__uuid__":"ecpdLyjvZBwrvm+cedCcQy"}],"_spriteFrame":{"__uuid__":"qzmjmj5e-6643-4151-a56b-d6dbd7685422"},"_type":1,"_sizeMode":0},{"__type__":"cc.Button","node":{"__id__":30},"zoomScale":0.9,"clickEvents":[{"__type__":"cc.ClickEvent","target":{"__id__":1},"_componentId":"qzmjmj76-e1c5-4b6b-b4fd-781779e561c4","handler":"OnClick_BtnWnd"}],"_N$transition":3,"transition":3,"_N$pressedColor":{"__type__":"cc.Color","r":255,"g":255,"b":255},"pressedColor":{"__type__":"cc.Color","r":255,"g":255,"b":255},"_N$disabledColor":{"__type__":"cc.Color","r":255,"g":255,"b":255},"_N$pressedSprite":{"__uuid__":"e97GVMl6JHh5Ml5qEDdSGa"},"pressedSprite":{"__uuid__":"e97GVMl6JHh5Ml5qEDdSGa"},"_N$hoverSprite":{"__uuid__":"e97GVMl6JHh5Ml5qEDdSGa"},"hoverSprite":{"__uuid__":"e97GVMl6JHh5Ml5qEDdSGa"},"_N$disabledSprite":{"__uuid__":"29FYIk+N1GYaeWH/q1NxQO"},"_N$target":{"__id__":30}},{"__type__":"cc.Widget","node":{"__id__":30},"alignMode":0,"_alignFlags":36,"_left":1253.5,"_right":1533,"_top":471.5,"_bottom":-19}],"_prefab":{"__type__":"cc.PrefabInfo","root":{"__id__":1},"asset":{"__uuid__":"qzmjmj2b-6899-497b-bf9b-b73b33553af0"},"fileId":"65/qkCNZNCHLlE/tePyctM"},"_contentSize":{"__type__":"cc.Size","width":204,"height":148},"_trs":{"__type__":"TypedArray","ctor":"Float64Array","array":[-1433,5,0,0,0,0,1,1,1,1]}},{"__type__":"cc.Node","_name":"btn_danyou","_parent":{"__id__":22},"_active":false,"_components":[{"__type__":"cc.Sprite","node":{"__id__":31},"_enabled":false,"_materials":[{"__uuid__":"ecpdLyjvZBwrvm+cedCcQy"}],"_spriteFrame":{"__uuid__":"qzmjmjf5-fe37-4353-90d9-db165df29862"},"_type":1,"_sizeMode":0},{"__type__":"cc.Button","node":{"__id__":31},"_enabled":false,"zoomScale":0.9,"clickEvents":[{"__type__":"cc.ClickEvent","target":{"__id__":1},"_componentId":"qzmjmj76-e1c5-4b6b-b4fd-781779e561c4","handler":"OnClick_BtnWnd"}],"_N$transition":3,"transition":3,"_N$pressedColor":{"__type__":"cc.Color","r":255,"g":255,"b":255},"pressedColor":{"__type__":"cc.Color","r":255,"g":255,"b":255},"_N$disabledColor":{"__type__":"cc.Color","r":255,"g":255,"b":255},"_N$pressedSprite":{"__uuid__":"e97GVMl6JHh5Ml5qEDdSGa"},"pressedSprite":{"__uuid__":"e97GVMl6JHh5Ml5qEDdSGa"},"_N$hoverSprite":{"__uuid__":"e97GVMl6JHh5Ml5qEDdSGa"},"hoverSprite":{"__uuid__":"e97GVMl6JHh5Ml5qEDdSGa"},"_N$disabledSprite":{"__uuid__":"29FYIk+N1GYaeWH/q1NxQO"},"_N$target":{"__id__":31}},{"__type__":"cc.Widget","node":{"__id__":31},"alignMode":0,"_alignFlags":36,"_left":1253.5,"_right":1752,"_top":471.5,"_bottom":-19}],"_prefab":{"__type__":"cc.PrefabInfo","root":{"__id__":1},"asset":{"__uuid__":"qzmjmj2b-6899-497b-bf9b-b73b33553af0"},"fileId":"845MfD6NtM5qyHILAS9efA"},"_contentSize":{"__type__":"cc.Size","width":204,"height":148},"_trs":{"__type__":"TypedArray","ctor":"Float64Array","array":[-1652,5,0,0,0,0,1,1,1,1]}},{"__type__":"cc.Node","_name":"btn_qiangjin","_parent":{"__id__":22},"_components":[{"__type__":"cc.Sprite","node":{"__id__":32},"_materials":[{"__uuid__":"ecpdLyjvZBwrvm+cedCcQy"}],"_spriteFrame":{"__uuid__":"qzmjmje8-bb6f-4b22-b900-c3fad7389a98"},"_type":1,"_sizeMode":0},{"__type__":"cc.Button","node":{"__id__":32},"zoomScale":0.9,"clickEvents":[{"__type__":"cc.ClickEvent","target":{"__id__":1},"_componentId":"qzmjmj76-e1c5-4b6b-b4fd-781779e561c4","handler":"OnClick_BtnWnd"}],"_N$transition":3,"transition":3,"_N$pressedColor":{"__type__":"cc.Color","r":255,"g":255,"b":255},"pressedColor":{"__type__":"cc.Color","r":255,"g":255,"b":255},"_N$disabledColor":{"__type__":"cc.Color","r":255,"g":255,"b":255},"_N$pressedSprite":{"__uuid__":"e97GVMl6JHh5Ml5qEDdSGa"},"pressedSprite":{"__uuid__":"e97GVMl6JHh5Ml5qEDdSGa"},"_N$hoverSprite":{"__uuid__":"e97GVMl6JHh5Ml5qEDdSGa"},"hoverSprite":{"__uuid__":"e97GVMl6JHh5Ml5qEDdSGa"},"_N$disabledSprite":{"__uuid__":"29FYIk+N1GYaeWH/q1NxQO"},"_N$target":{"__id__":32}},{"__type__":"cc.Widget","node":{"__id__":32},"alignMode":0,"_alignFlags":36,"_left":1253.5,"_right":1752,"_top":471.5,"_bottom":-19}],"_prefab":{"__type__":"cc.PrefabInfo","root":{"__id__":1},"asset":{"__uuid__":"qzmjmj2b-6899-497b-bf9b-b73b33553af0"},"fileId":"fcGKIbaPdCfY9suKvxaNS3"},"_contentSize":{"__type__":"cc.Size","width":204,"height":148},"_trs":{"__type__":"TypedArray","ctor":"Float64Array","array":[-1652,5,0,0,0,0,1,1,1,1]}},{"__type__":"cc.Node","_name":"btn_sanjin","_parent":{"__id__":22},"_components":[{"__type__":"cc.Sprite","node":{"__id__":33},"_materials":[{"__uuid__":"ecpdLyjvZBwrvm+cedCcQy"}],"_spriteFrame":{"__uuid__":"qzmjmj01-5d16-4339-8a1e-a7732188f90b"},"_type":1,"_sizeMode":0},{"__type__":"cc.Button","node":{"__id__":33},"zoomScale":0.9,"clickEvents":[{"__type__":"cc.ClickEvent","target":{"__id__":1},"_componentId":"qzmjmj76-e1c5-4b6b-b4fd-781779e561c4","handler":"OnClick_BtnWnd"}],"_N$transition":3,"transition":3,"_N$pressedColor":{"__type__":"cc.Color","r":255,"g":255,"b":255},"pressedColor":{"__type__":"cc.Color","r":255,"g":255,"b":255},"_N$disabledColor":{"__type__":"cc.Color","r":255,"g":255,"b":255},"_N$pressedSprite":{"__uuid__":"e97GVMl6JHh5Ml5qEDdSGa"},"pressedSprite":{"__uuid__":"e97GVMl6JHh5Ml5qEDdSGa"},"_N$hoverSprite":{"__uuid__":"e97GVMl6JHh5Ml5qEDdSGa"},"hoverSprite":{"__uuid__":"e97GVMl6JHh5Ml5qEDdSGa"},"_N$disabledSprite":{"__uuid__":"29FYIk+N1GYaeWH/q1NxQO"},"_N$target":{"__id__":33}},{"__type__":"cc.Widget","node":{"__id__":33},"alignMode":0,"_alignFlags":36,"_left":1253.5,"_right":1971,"_top":471.5,"_bottom":-19}],"_prefab":{"__type__":"cc.PrefabInfo","root":{"__id__":1},"asset":{"__uuid__":"qzmjmj2b-6899-497b-bf9b-b73b33553af0"},"fileId":"9cUNBJwjdA65NvyKTJhk5+"},"_contentSize":{"__type__":"cc.Size","width":204,"height":148},"_trs":{"__type__":"TypedArray","ctor":"Float64Array","array":[-1871,5,0,0,0,0,1,1,1,1]}},{"__type__":"cc.Node","_name":"btn_sijin","_parent":{"__id__":22},"_components":[{"__type__":"cc.Sprite","node":{"__id__":34},"_materials":[{"__uuid__":"ecpdLyjvZBwrvm+cedCcQy"}],"_spriteFrame":{"__uuid__":"qzmjmja1-a170-4110-97d1-f9db6efaf96a"},"_type":1,"_sizeMode":0},{"__type__":"cc.Button","node":{"__id__":34},"zoomScale":0.9,"clickEvents":[{"__type__":"cc.ClickEvent","target":{"__id__":1},"_componentId":"qzmjmj76-e1c5-4b6b-b4fd-781779e561c4","handler":"OnClick_BtnWnd"}],"_N$transition":3,"transition":3,"_N$pressedColor":{"__type__":"cc.Color","r":255,"g":255,"b":255},"pressedColor":{"__type__":"cc.Color","r":255,"g":255,"b":255},"_N$disabledColor":{"__type__":"cc.Color","r":255,"g":255,"b":255},"_N$pressedSprite":{"__uuid__":"e97GVMl6JHh5Ml5qEDdSGa"},"pressedSprite":{"__uuid__":"e97GVMl6JHh5Ml5qEDdSGa"},"_N$hoverSprite":{"__uuid__":"e97GVMl6JHh5Ml5qEDdSGa"},"hoverSprite":{"__uuid__":"e97GVMl6JHh5Ml5qEDdSGa"},"_N$disabledSprite":{"__uuid__":"29FYIk+N1GYaeWH/q1NxQO"},"_N$target":{"__id__":34}},{"__type__":"cc.Widget","node":{"__id__":34},"alignMode":0,"_alignFlags":36,"_left":1253.5,"_right":2190,"_top":471.5,"_bottom":-19}],"_prefab":{"__type__":"cc.PrefabInfo","root":{"__id__":1},"asset":{"__uuid__":"qzmjmj2b-6899-497b-bf9b-b73b33553af0"},"fileId":"d4qxo4RGpPhL6GSYsdW1gu"},"_contentSize":{"__type__":"cc.Size","width":204,"height":148},"_trs":{"__type__":"TypedArray","ctor":"Float64Array","array":[-2090,5,0,0,0,0,1,1,1,1]}},{"__type__":"cc.Node","_name":"btn_ting","_parent":{"__id__":22},"_components":[{"__type__":"cc.Sprite","node":{"__id__":35},"_materials":[{"__uuid__":"ecpdLyjvZBwrvm+cedCcQy"}],"_spriteFrame":{"__uuid__":"qzmjmj43-04ef-4c16-a726-91b0a7789051"},"_type":1,"_sizeMode":0},{"__type__":"cc.Button","node":{"__id__":35},"zoomScale":0.9,"clickEvents":[{"__type__":"cc.ClickEvent","target":{"__id__":1},"_componentId":"qzmjmj76-e1c5-4b6b-b4fd-781779e561c4","handler":"OnClick_BtnWnd"}],"_N$transition":3,"transition":3,"_N$pressedColor":{"__type__":"cc.Color","r":255,"g":255,"b":255},"pressedColor":{"__type__":"cc.Color","r":255,"g":255,"b":255},"_N$disabledColor":{"__type__":"cc.Color","r":255,"g":255,"b":255},"_N$pressedSprite":{"__uuid__":"e97GVMl6JHh5Ml5qEDdSGa"},"pressedSprite":{"__uuid__":"e97GVMl6JHh5Ml5qEDdSGa"},"_N$hoverSprite":{"__uuid__":"e97GVMl6JHh5Ml5qEDdSGa"},"hoverSprite":{"__uuid__":"e97GVMl6JHh5Ml5qEDdSGa"},"_N$disabledSprite":{"__uuid__":"29FYIk+N1GYaeWH/q1NxQO"},"_N$target":{"__id__":35}},{"__type__":"cc.Widget","node":{"__id__":35},"alignMode":0,"_alignFlags":36,"_left":1253.5,"_right":2409,"_top":471.5,"_bottom":-19}],"_prefab":{"__type__":"cc.PrefabInfo","root":{"__id__":1},"asset":{"__uuid__":"qzmjmj2b-6899-497b-bf9b-b73b33553af0"},"fileId":"afeL1mHipIMaHl5YeHZ28a"},"_contentSize":{"__type__":"cc.Size","width":204,"height":148},"_trs":{"__type__":"TypedArray","ctor":"Float64Array","array":[-2309,5,0,0,0,0,1,1,1,1]}}],{"__type__":"cc.SpriteFrame","content":{"name":"icon_tou","texture":"qzmjmjed-0879-4d6e-94a1-6d56ed87871e","rect":[0,0,51,57],"offset":[0,0],"originalSize":[51,57],"capInsets":[0,0,0,0]}},{"__type__":"cc.SpriteFrame","content":{"name":"btn_hu","texture":"qzmjmj00-892c-40bf-848d-882a828bf3dc","rect":[15,0,172,147],"offset":[-1,0.5],"originalSize":[204,148],"capInsets":[0,0,0,0]}},{"__type__":"cc.SpriteFrame","content":{"name":"icon_jt","texture":"qzmjmj8e-0829-444d-8630-ea2a3c8344df","rect":[1,0,49,51],"offset":[0.5,0],"originalSize":[50,51],"capInsets":[0,0,0,0]}},{"__type__":"cc.SpriteFrame","content":{"name":"btn_ting","texture":"qzmjmjaf-1257-4de1-8076-c2bcdd525383","rect":[15,0,172,147],"offset":[-1,0.5],"originalSize":[204,148],"capInsets":[0,0,0,0]}},{"__type__":"cc.SpriteFrame","content":{"name":"btn_you_3","texture":"qzmjmjdb-582c-4b8a-88e0-94c3ec27b774","rect":[14,0,176,147],"offset":[0,0.5],"originalSize":[204,148],"capInsets":[0,0,0,0]}},{"__type__":"cc.SpriteFrame","content":{"name":"icon_ting","texture":"qzmjmjed-3731-4bd9-a0e7-009eed8ecbe0","rect":[0,0,42,52],"offset":[0,0],"originalSize":[42,52],"capInsets":[0,0,0,0]}},{"__type__":"cc.SpriteFrame","content":{"name":"btn_sijin","texture":"qzmjmj14-b9c6-4908-b747-e9f5950b2d23","rect":[3,0,198,147],"offset":[0,0.5],"originalSize":[204,148],"capInsets":[0,0,0,0]}},{"__type__":"cc.SpriteFrame","content":{"name":"btn_guo","texture":"qzmjmj13-8604-4b0a-b6cf-f2395509e4b4","rect":[15,0,172,147],"offset":[-1,0.5],"originalSize":[204,148],"capInsets":[0,0,0,0]}},{"__type__":"cc.SpriteFrame","content":{"name":"btn_you_2","texture":"qzmjmje2-bc6e-480a-8275-945fdc2cf901","rect":[14,0,176,147],"offset":[0,0.5],"originalSize":[204,148],"capInsets":[0,0,0,0]}},{"__type__":"cc.SpriteFrame","content":{"name":"btn_gang","texture":"qzmjmjf5-c349-4b54-aeb3-0012f49081ca","rect":[15,0,172,147],"offset":[-1,0.5],"originalSize":[204,148],"capInsets":[0,0,0,0]}},{"__type__":"cc.SpriteFrame","content":{"name":"btn_peng","texture":"qzmjmjef-7c6a-46d0-b174-1148f06da090","rect":[15,0,172,147],"offset":[-1,0.5],"originalSize":[204,148],"capInsets":[0,0,0,0]}},{"__type__":"cc.SpriteFrame","content":{"name":"btn_qiangjin","texture":"qzmjmj86-4323-435b-b585-1552132181e0","rect":[7,0,190,147],"offset":[0,0.5],"originalSize":[204,148],"capInsets":[0,0,0,0]}},{"__type__":"cc.SpriteFrame","content":{"name":"quxiao","texture":"qzmjmje8-d609-4d9b-be5a-51d6c8932795","rect":[15,0,173,147],"offset":[-0.5,0.5],"originalSize":[204,148],"capInsets":[0,0,0,0]}},{"__type__":"cc.SpriteFrame","content":{"name":"btn_you_1","texture":"qzmjmja1-a9d4-4a51-9fda-d2e8922e9a7d","rect":[7,0,190,147],"offset":[0,0.5],"originalSize":[204,148],"capInsets":[0,0,0,0]}}]