[{"__type__":"cc.SpriteFrame","content":{"name":"btn_wf","texture":"01UK8gle9PzZ+4WM+SmVT2","rect":[0,0,73,75],"offset":[0,0],"originalSize":[73,75],"capInsets":[0,0,0,0]}},{"__type__":"cc.SpriteFrame","content":{"name":"default_btn_disabled","texture":"71VhFCTINJM6/Ky3oX9nBT","rect":[0,0,40,40],"offset":[0,0],"originalSize":[40,40],"capInsets":[12,12,12,12]}},{"__type__":"cc.SpriteFrame","content":{"name":"img_qzmj_3d","texture":"6eMOOndsNFk7o5pvSe04lB","rect":[0,0,147,43],"offset":[0,0],"originalSize":[147,43],"capInsets":[0,0,0,0]}},{"__type__":"cc.SpriteFrame","content":{"name":"default_btn_pressed","texture":"b4P/PCArtIdIH38t6mlw8Y","rect":[0,0,40,40],"offset":[0,0],"originalSize":[40,40],"capInsets":[12,12,12,12]}},{"__type__":"cc.SpriteFrame","content":{"name":"btn_yellow1","texture":"qzmjmjbe-3812-4f4d-9290-4dc3c1d02ef6","rect":[0,0,243,77],"offset":[-0.5,0.5],"originalSize":[244,78],"capInsets":[0,0,0,0]}},{"__type__":"cc.SpriteFrame","content":{"name":"6-1","texture":"18112c6e5","rect":[164,0,49,52],"offset":[0,0.5],"originalSize":[55,53],"capInsets":[0,0,0,0]}},{"__type__":"cc.SpriteFrame","content":{"name":"btn_green","texture":"qzmjmja5-b941-45ab-b6d3-c719e4a35d51","rect":[0,0,243,77],"offset":[-0.5,0.5],"originalSize":[244,78],"capInsets":[0,0,0,0]}},{"__type__":"cc.SpriteFrame","content":{"name":"dipan","texture":"1398fa5bb","rect":[2,2,177,127],"offset":[0,0],"originalSize":[177,127],"capInsets":[0,0,0,0]}},{"__type__":"cc.SpriteFrame","content":{"name":"bei22","texture":"1398fa5bb","rect":[190,253,53,86],"offset":[-59,4.5],"originalSize":[177,127],"capInsets":[0,0,0,0]}},{"__type__":"cc.SpriteFrame","content":{"name":"bei2","texture":"1398fa5bb","rect":[228,366,33,86],"offset":[-69,4.5],"originalSize":[177,127],"rotated":1,"capInsets":[0,0,0,0]}},{"__type__":"cc.SpriteFrame","content":{"name":"dong11","texture":"1398fa5bb","rect":[183,145,125,42],"offset":[0,-36.5],"originalSize":[177,127],"capInsets":[0,0,0,0]}},{"__type__":"cc.SpriteFrame","content":{"name":"btn_gps","texture":"qzmjmjf6-309f-4adf-8cd8-c9176fb4f913","rect":[1,2,82,83],"offset":[0,-0.5],"originalSize":[84,86],"capInsets":[0,0,0,0]}},{"__type__":"cc.SpriteFrame","content":{"name":"xi3","texture":"1398fa5bb","rect":[75,332,111,21],"offset":[1,52],"originalSize":[177,127],"capInsets":[0,0,0,0]}},{"__type__":"cc.SpriteFrame","content":{"name":"xi33","texture":"1398fa5bb","rect":[312,132,113,92],"offset":[0,16.5],"originalSize":[177,127],"rotated":1,"capInsets":[0,0,0,0]}},{"__type__":"cc.SpriteFrame","content":{"name":"btn_voice","texture":"qzmjmjbf-4b79-435c-87d1-70945fff5792","rect":[0,0,84,84],"offset":[0,1],"originalSize":[84,86],"capInsets":[0,0,0,0]}},{"__type__":"cc.SpriteFrame","content":{"name":"3-4","texture":"18112c6e5","rect":[159,52,52,49],"offset":[0.5,1],"originalSize":[55,53],"capInsets":[0,0,0,0]}},{"__type__":"cc.SpriteFrame","content":{"name":"btn_invitation","texture":"qzmjmje2-5a93-4a13-b43f-2371acf728a1","rect":[0,0,274,92],"offset":[0,0],"originalSize":[274,92],"capInsets":[0,0,0,0]}},{"__type__":"cc.SpriteFrame","content":{"name":"4-1","texture":"18112c6e5","rect":[0,101,49,52],"offset":[0,0.5],"originalSize":[55,53],"capInsets":[0,0,0,0]}},[{"__type__":"cc.Prefab","_name":"UIQZMJPlay","data":{"__id__":1}},{"__type__":"cc.Node","_name":"UIQZMJPlay","_children":[{"__id__":2},{"__id__":5},{"__id__":7},{"__id__":10},{"__id__":13},{"__id__":27},{"__id__":30},{"__id__":34},{"__id__":38},{"__id__":45},{"__id__":52},{"__id__":59},{"__id__":66},{"__id__":71},{"__id__":89},{"__id__":90},{"__id__":96},{"__id__":103},{"__type__":"cc.Node","_name":"ZiMoEffect","_parent":{"__id__":1},"_prefab":{"__type__":"cc.PrefabInfo","root":{"__id__":1},"asset":{"__uuid__":"qzmjmj87-268b-4041-9c29-57beda93ae80"},"fileId":"04cf2+FGkpFhIjc6glQSVNG"},"_contentSize":{"__type__":"cc.Size","width":740,"height":480},"_trs":{"__type__":"TypedArray","ctor":"Float64Array","array":[0,0,0,0,0,0,1,1,1,1]}},{"__id__":104},{"__id__":117},{"__id__":118},{"__id__":119},{"__id__":120},{"__id__":122},{"__id__":124},{"__id__":126},{"__id__":128},{"__id__":135},{"__id__":136},{"__id__":137},{"__type__":"cc.Node","_name":"giftNode","_parent":{"__id__":1},"_prefab":{"__type__":"cc.PrefabInfo","root":{"__id__":1},"asset":{"__uuid__":"qzmjmj87-268b-4041-9c29-57beda93ae80"},"fileId":"45urzcifVA8Z1LIohW/cVZ"},"_trs":{"__type__":"TypedArray","ctor":"Float64Array","array":[0,0,0,0,0,0,1,1,1,1]}},{"__id__":138}],"_components":[{"__type__":"cc.Widget","node":{"__id__":1},"alignMode":0,"_alignFlags":45,"_top":20,"_bottom":-20},{"__type__":"qzmjmj9d-9457-4e61-8a22-a43bf9d512b9","node":{"__id__":1},"JS_Name":"xymj_BaseComponent","nd_out01":{"__uuid__":"qzmjmj92-2078-413d-bccb-0c25214d76c6"},"nd_out02":{"__uuid__":"qzmjmj68-c31f-4670-95bf-184fa0887ad8"},"nd_out03":{"__uuid__":"qzmjmj16-ba40-4283-b253-b6cfaafb4578"},"nd_out04":{"__uuid__":"qzmjmjd4-fe30-4973-a5cd-06e436b35008"},"SaiZi1":{"__uuid__":"qzmjmjb6-8f7b-4ba9-8be9-220e35df3088"},"SaiZi2":{"__uuid__":"qzmjmjf6-a4d1-4f8e-a3c9-c03c027bdb0c"},"SaiZi3":{"__uuid__":"qzmjmje4-bcd5-4a9c-b6aa-b155d752b219"},"SaiZi4":{"__uuid__":"qzmjmj7a-299f-47b3-ad48-0a80ee3e068d"},"SaiZi5":{"__uuid__":"qzmjmja5-903a-4d62-95b2-9bce0c6a1151"},"SaiZi6":{"__uuid__":"qzmjmj19-fcb9-4976-b6d3-cb3000edd8a0"},"headPrefab":{"__uuid__":"qzmjmje9-8ef5-46bd-a98e-b258bbbf9cf7"},"card01Prefab":{"__uuid__":"qzmjmj50-5cf3-4f17-ae37-1f9e3bca3bf0"},"card02Prefab":{"__uuid__":"qzmjmje5-1d5b-4c6d-bac8-3a893017a6ba"},"card03Prefab":{"__uuid__":"qzmjmj90-21d9-4267-ab17-af4a0a6dfc4d"},"card04Prefab":{"__uuid__":"qzmjmj32-cf81-4022-be84-9b47df59bd34"},"lb_shpf":[{"__id__":75},{"__id__":79},{"__id__":83},{"__id__":87}],"giftPrefabs":[{"__uuid__":"qzmjmjf1-9446-4574-9193-312e0dc4c6d5"},{"__uuid__":"qzmjmj97-5b71-492a-914b-e20880d2dbb1"},{"__uuid__":"qzmjmj91-fb87-49ce-a07e-53ff9c80516d"},{"__uuid__":"qzmjmjb7-abac-46d5-8c03-e28e343baf22"},{"__uuid__":"qzmjmj4d-c837-44b6-8178-806095e86ea7"},{"__uuid__":"qzmjmja1-93e2-43a9-a8ef-9d1018c57316"},{"__uuid__":"qzmjmje5-96ec-465c-8606-90feefa2c68f"}],"UIInvitation":{"__uuid__":"8ewXL/BxdPJLcGSyaT+IAs"}}],"_prefab":{"__type__":"cc.PrefabInfo","root":{"__id__":1},"asset":{"__uuid__":"qzmjmj87-268b-4041-9c29-57beda93ae80"},"fileId":"ad331U0QQxHhYikftIRqa6w"},"_contentSize":{"__type__":"cc.Size","width":1360,"height":760},"_trs":{"__type__":"TypedArray","ctor":"Float64Array","array":[680,360,0,0,0,0,1,1,1,1]}},{"__type__":"cc.Node","_name":"bg","_parent":{"__id__":1},"_children":[{"__id__":3},{"__id__":4}],"_components":[{"__type__":"cc.Sprite","node":{"__id__":2},"_materials":[{"__uuid__":"ecpdLyjvZBwrvm+cedCcQy"}],"_spriteFrame":{"__uuid__":"qzmjmjdd-9383-4f6e-965a-b9b1b851aa76"},"_sizeMode":2,"_isTrimmedMode":false},{"__type__":"cc.Widget","node":{"__id__":2},"alignMode":0,"_alignFlags":18,"_originalWidth":1360,"_originalHeight":760}],"_prefab":{"__type__":"cc.PrefabInfo","root":{"__id__":1},"asset":{"__uuid__":"qzmjmj87-268b-4041-9c29-57beda93ae80"},"fileId":"671b9Z9kMBPT4nSr41a2i6v"},"_contentSize":{"__type__":"cc.Size","width":1750,"height":800},"_anchorPoint":{"__type__":"cc.Vec2","x":0.7,"y":0.5},"_trs":{"__type__":"TypedArray","ctor":"Float64Array","array":[349.99999999999994,0,0,0,0,0,1,1,1,1]}},{"__type__":"cc.Node","_name":"bg_logo","_parent":{"__id__":2},"_components":[{"__type__":"cc.Sprite","node":{"__id__":3},"_materials":[{"__uuid__":"ecpdLyjvZBwrvm+cedCcQy"}],"_spriteFrame":{"__uuid__":"b2XYLZCiZFgbJ9bsKbGc8J"}}],"_prefab":{"__type__":"cc.PrefabInfo","root":{"__id__":1},"asset":{"__uuid__":"qzmjmj87-268b-4041-9c29-57beda93ae80"},"fileId":"af9aaVPohFCCLGDdDjjJv63"},"_contentSize":{"__type__":"cc.Size","width":147,"height":43},"_trs":{"__type__":"TypedArray","ctor":"Float64Array","array":[-350.1,-32,0,0,0,0,1,1,1,1]}},{"__type__":"cc.Node","_name":"labelWanfa","_parent":{"__id__":2},"_components":[{"__type__":"cc.Label","node":{"__id__":4},"_materials":[{"__uuid__":"ecpdLyjvZBwrvm+cedCcQy"}],"_useOriginalSize":false,"_fontSize":26,"_lineHeight":28,"_N$file":{"__uuid__":"qzmjmj1e-650d-4484-9e24-10ffc791e225"},"_isSystemFontUsed":false,"_N$overflow":3},{"__type__":"cc.Widget","node":{"__id__":4},"alignMode":0,"_left":514.7,"_right":220.3,"_top":419,"_bottom":-84}],"_prefab":{"__type__":"cc.PrefabInfo","root":{"__id__":1},"asset":{"__uuid__":"qzmjmj87-268b-4041-9c29-57beda93ae80"},"fileId":"34b9c3csshAf65fyhN41Lxm"},"_contentSize":{"__type__":"cc.Size","width":260,"height":35.28},"_anchorPoint":{"__type__":"cc.Vec2","x":0.5,"y":1},"_trs":{"__type__":"TypedArray","ctor":"Float64Array","array":[-350.6,-63.8,0,0,0,0,1,1,1,1]}},{"__type__":"cc.Node","_name":"test","_parent":{"__id__":1},"_children":[{"__id__":6}],"_components":[{"__type__":"cc.Button","node":{"__id__":5},"_normalMaterial":{"__uuid__":"ecpdLyjvZBwrvm+cedCcQy"},"clickEvents":[{"__type__":"cc.ClickEvent","target":{"__id__":1},"_componentId":"qzmjmj9d-9457-4e61-8a22-a43bf9d512b9","handler":"openTest"}],"_N$transition":2,"transition":2,"_N$normalColor":{"__type__":"cc.Color","r":230,"g":230,"b":230},"_N$pressedColor":{"__type__":"cc.Color","r":200,"g":200,"b":200},"pressedColor":{"__type__":"cc.Color","r":200,"g":200,"b":200},"_N$disabledColor":{"__type__":"cc.Color","r":120,"g":120,"b":120,"a":200},"_N$target":{"__id__":6}},{"__type__":"cc.Widget","node":{"__id__":5},"_alignFlags":12}],"_prefab":{"__type__":"cc.PrefabInfo","root":{"__id__":1},"asset":{"__uuid__":"qzmjmj87-268b-4041-9c29-57beda93ae80"},"fileId":"c67tt4szZMnJRAzYGM1G4t"},"_contentSize":{"__type__":"cc.Size","width":160,"height":80},"_anchorPoint":{"__type__":"cc.Vec2"},"_trs":{"__type__":"TypedArray","ctor":"Float64Array","array":[-680,-380,0,0,0,0,1,1,1,1]}},{"__type__":"cc.Node","_name":"Background","_parent":{"__id__":5},"_components":[{"__type__":"cc.Sprite","node":{"__id__":6},"_materials":[{"__uuid__":"ecpdLyjvZBwrvm+cedCcQy"}],"_type":1,"_sizeMode":0},{"__type__":"cc.Widget","node":{"__id__":6},"alignMode":0,"_alignFlags":45,"_originalWidth":100,"_originalHeight":40}],"_prefab":{"__type__":"cc.PrefabInfo","root":{"__id__":1},"asset":{"__uuid__":"qzmjmj87-268b-4041-9c29-57beda93ae80"},"fileId":"3679fMLM9HH7QJo/yxFFmY"},"_contentSize":{"__type__":"cc.Size","width":160,"height":80},"_trs":{"__type__":"TypedArray","ctor":"Float64Array","array":[80,40,0,0,0,0,1,1,1,1]}},{"__type__":"cc.Node","_name":"bg_benjin","_parent":{"__id__":1},"_children":[{"__id__":8},{"__id__":9}],"_components":[{"__type__":"cc.Widget","node":{"__id__":7},"alignMode":0,"_alignFlags":8,"_left":-36}],"_prefab":{"__type__":"cc.PrefabInfo","root":{"__id__":1},"asset":{"__uuid__":"qzmjmj87-268b-4041-9c29-57beda93ae80"},"fileId":"5f637+agm5LdrzkFfgwYWOB"},"_contentSize":{"__type__":"cc.Size","width":128,"height":128},"_trs":{"__type__":"TypedArray","ctor":"Float64Array","array":[-684,203,0,0,0,0,1,0.5,0.5,1]}},{"__type__":"cc.Node","_name":"card","_parent":{"__id__":7},"_components":[{"__type__":"cc.Sprite","node":{"__id__":8},"_sizeMode":0,"_isTrimmedMode":false}],"_prefab":{"__type__":"cc.PrefabInfo","root":{"__id__":1},"asset":{"__uuid__":"qzmjmj87-268b-4041-9c29-57beda93ae80"},"fileId":"34b71y1bR1NioSEkYVuplrD"},"_contentSize":{"__type__":"cc.Size","width":60,"height":84},"_trs":{"__type__":"TypedArray","ctor":"Float64Array","array":[177.3,13.4,0,0,0,0,1,1.4,1.4,1]}},{"__type__":"cc.Node","_name":"bg","_parent":{"__id__":7},"_components":[{"__type__":"cc.Sprite","node":{"__id__":9},"_materials":[{"__uuid__":"ecpdLyjvZBwrvm+cedCcQy"}],"_spriteFrame":{"__uuid__":"qzmjmjfa-f9b8-40c0-a837-50ba730bc480"},"_sizeMode":0}],"_prefab":{"__type__":"cc.PrefabInfo","root":{"__id__":1},"asset":{"__uuid__":"qzmjmj87-268b-4041-9c29-57beda93ae80"},"fileId":"fde0e/ZtXJIMqsp6dTxKrbx"},"_contentSize":{"__type__":"cc.Size","width":270,"height":270},"_trs":{"__type__":"TypedArray","ctor":"Float64Array","array":[169.4,1.6,0,0,0,0,1,1,1,1]}},{"__type__":"cc.Node","_name":"bg_jinpai","_parent":{"__id__":1},"_children":[{"__id__":11},{"__id__":12}],"_components":[{"__type__":"cc.Widget","node":{"__id__":10},"alignMode":0,"_alignFlags":8,"_left":50}],"_prefab":{"__type__":"cc.PrefabInfo","root":{"__id__":1},"asset":{"__uuid__":"qzmjmj87-268b-4041-9c29-57beda93ae80"},"fileId":"c729dsFFvdFnYiXmW1cH+vM"},"_contentSize":{"__type__":"cc.Size","width":128,"height":128},"_trs":{"__type__":"TypedArray","ctor":"Float64Array","array":[-598,200,0,0,0,0,1,0.5,0.5,1]}},{"__type__":"cc.Node","_name":"card","_parent":{"__id__":10},"_components":[{"__type__":"cc.Sprite","node":{"__id__":11},"_sizeMode":0,"_isTrimmedMode":false}],"_prefab":{"__type__":"cc.PrefabInfo","root":{"__id__":1},"asset":{"__uuid__":"qzmjmj87-268b-4041-9c29-57beda93ae80"},"fileId":"883deKd/VdDvr+9DrnofAS1"},"_contentSize":{"__type__":"cc.Size","width":60,"height":84},"_trs":{"__type__":"TypedArray","ctor":"Float64Array","array":[169.7,21.6,0,0,0,0,1,1.4,1.4,1]}},{"__type__":"cc.Node","_name":"bg","_parent":{"__id__":10},"_components":[{"__type__":"cc.Sprite","node":{"__id__":12},"_materials":[{"__uuid__":"ecpdLyjvZBwrvm+cedCcQy"}],"_spriteFrame":{"__uuid__":"qzmjmje4-3b13-4388-922c-e1756af880a8"},"_sizeMode":0}],"_prefab":{"__type__":"cc.PrefabInfo","root":{"__id__":1},"asset":{"__uuid__":"qzmjmj87-268b-4041-9c29-57beda93ae80"},"fileId":"0f292JvHDtMnq91xKfZv5CV"},"_contentSize":{"__type__":"cc.Size","width":270,"height":270},"_trs":{"__type__":"TypedArray","ctor":"Float64Array","array":[165,9,0,0,0,0,1,1,1,1]}},{"__type__":"cc.Node","_name":"sp_middle","_parent":{"__id__":1},"_children":[{"__id__":14},{"__id__":17},{"__id__":20},{"__id__":23},{"__id__":26}],"_components":[{"__type__":"cc.Sprite","node":{"__id__":13},"_materials":[{"__uuid__":"ecpdLyjvZBwrvm+cedCcQy"}],"_spriteFrame":{"__uuid__":"qzmjmj34-1a97-4352-be98-ddbe9f70148c"},"_isTrimmedMode":false},{"__type__":"cc.Animation","node":{"__id__":13},"_clips":[{"__uuid__":"qzmjmj67-5903-4637-b62d-14a1e78150e7"},{"__uuid__":"qzmjmjd8-186a-42f9-b882-aa3c9b70cd6c"},{"__uuid__":"qzmjmj61-9641-4aaa-a4eb-a69fba6cb122"},{"__uuid__":"qzmjmj46-bc08-401e-9815-743b0cda0eff"}]},{"__type__":"qzmjmj68-fa08-41bb-b9ba-bc92d203c215","node":{"__id__":13},"EventNode":{"__id__":1}}],"_prefab":{"__type__":"cc.PrefabInfo","root":{"__id__":1},"asset":{"__uuid__":"qzmjmj87-268b-4041-9c29-57beda93ae80"},"fileId":"a4b82XLD7ROKJtOSr7JpN8p"},"_contentSize":{"__type__":"cc.Size","width":177,"height":127},"_trs":{"__type__":"TypedArray","ctor":"Float64Array","array":[0,60,0,0,0,0,1,1,1,1]}},{"__type__":"cc.Node","_name":"seat01","_parent":{"__id__":13},"_children":[{"__id__":15},{"__id__":16}],"_components":[{"__type__":"cc.Animation","node":{"__id__":14}}],"_prefab":{"__type__":"cc.PrefabInfo","root":{"__id__":1},"asset":{"__uuid__":"qzmjmj87-268b-4041-9c29-57beda93ae80"},"fileId":"346a4KzKIVJIZtFVvC/zuVN"},"_contentSize":{"__type__":"cc.Size","width":177,"height":127},"_trs":{"__type__":"TypedArray","ctor":"Float64Array","array":[0,0,0,0,0,0,1,1,1,1]}},{"__type__":"cc.Node","_name":"sp1","_parent":{"__id__":14},"_components":[{"__type__":"cc.Sprite","node":{"__id__":15},"_materials":[{"__uuid__":"ecpdLyjvZBwrvm+cedCcQy"}],"_spriteFrame":{"__uuid__":"qzmjmjf5-d1a0-415c-8883-986551de07eb"},"_sizeMode":0,"_isTrimmedMode":false}],"_prefab":{"__type__":"cc.PrefabInfo","root":{"__id__":1},"asset":{"__uuid__":"qzmjmj87-268b-4041-9c29-57beda93ae80"},"fileId":"f7cf1AWfCJDbJZQCJZ+Sflf"},"_contentSize":{"__type__":"cc.Size","width":177,"height":127},"_trs":{"__type__":"TypedArray","ctor":"Float64Array","array":[0,0,0,0,0,0,1,1,1,1]}},{"__type__":"cc.Node","_name":"sp2","_parent":{"__id__":14},"_active":false,"_components":[{"__type__":"cc.Sprite","node":{"__id__":16},"_spriteFrame":{"__uuid__":"qzmjmj61-fa93-477a-8d10-d4761a26a783"},"_sizeMode":0,"_isTrimmedMode":false}],"_prefab":{"__type__":"cc.PrefabInfo","root":{"__id__":1},"asset":{"__uuid__":"qzmjmj87-268b-4041-9c29-57beda93ae80"},"fileId":"f0838a5whlMabLN52NrNDUA"},"_contentSize":{"__type__":"cc.Size","width":177,"height":127},"_trs":{"__type__":"TypedArray","ctor":"Float64Array","array":[0,0,0,0,0,0,1,1,1,1]}},{"__type__":"cc.Node","_name":"seat02","_parent":{"__id__":13},"_children":[{"__id__":18},{"__id__":19}],"_components":[{"__type__":"cc.Animation","node":{"__id__":17}}],"_prefab":{"__type__":"cc.PrefabInfo","root":{"__id__":1},"asset":{"__uuid__":"qzmjmj87-268b-4041-9c29-57beda93ae80"},"fileId":"26b7btb8PdFRrimbRaLdOOf"},"_contentSize":{"__type__":"cc.Size","width":177,"height":127},"_trs":{"__type__":"TypedArray","ctor":"Float64Array","array":[0,0,0,0,0,0,1,-1,1,1]}},{"__type__":"cc.Node","_name":"sp1","_parent":{"__id__":17},"_components":[{"__type__":"cc.Sprite","node":{"__id__":18},"_materials":[{"__uuid__":"ecpdLyjvZBwrvm+cedCcQy"}],"_spriteFrame":{"__uuid__":"qzmjmjb9-301c-40a9-b426-d0f9faf1c073"},"_sizeMode":0,"_isTrimmedMode":false}],"_prefab":{"__type__":"cc.PrefabInfo","root":{"__id__":1},"asset":{"__uuid__":"qzmjmj87-268b-4041-9c29-57beda93ae80"},"fileId":"bce4cdEbbNBRpB+yiUUcWPN"},"_contentSize":{"__type__":"cc.Size","width":177,"height":127},"_trs":{"__type__":"TypedArray","ctor":"Float64Array","array":[0,0,0,0,0,0,1,1,1,1]}},{"__type__":"cc.Node","_name":"sp2","_parent":{"__id__":17},"_active":false,"_components":[{"__type__":"cc.Sprite","node":{"__id__":19},"_spriteFrame":{"__uuid__":"qzmjmjc3-42f3-4f7b-b5d7-7262828d92ab"},"_sizeMode":0,"_isTrimmedMode":false}],"_prefab":{"__type__":"cc.PrefabInfo","root":{"__id__":1},"asset":{"__uuid__":"qzmjmj87-268b-4041-9c29-57beda93ae80"},"fileId":"f8804l3cdROpbVEpT90/z+T"},"_contentSize":{"__type__":"cc.Size","width":177,"height":127},"_trs":{"__type__":"TypedArray","ctor":"Float64Array","array":[0,0,0,0,0,0,1,1,1,1]}},{"__type__":"cc.Node","_name":"seat03","_parent":{"__id__":13},"_children":[{"__id__":21},{"__id__":22}],"_components":[{"__type__":"cc.Animation","node":{"__id__":20}}],"_prefab":{"__type__":"cc.PrefabInfo","root":{"__id__":1},"asset":{"__uuid__":"qzmjmj87-268b-4041-9c29-57beda93ae80"},"fileId":"736b1vyFhNBgKWO4DBPOeLh"},"_contentSize":{"__type__":"cc.Size","width":177,"height":127},"_trs":{"__type__":"TypedArray","ctor":"Float64Array","array":[0,0,0,0,0,0,1,1,1,1]}},{"__type__":"cc.Node","_name":"sp1","_parent":{"__id__":20},"_components":[{"__type__":"cc.Sprite","node":{"__id__":21},"_materials":[{"__uuid__":"ecpdLyjvZBwrvm+cedCcQy"}],"_spriteFrame":{"__uuid__":"qzmjmj64-f68b-4ebf-b7db-b0ab7c042b74"},"_sizeMode":0,"_isTrimmedMode":false}],"_prefab":{"__type__":"cc.PrefabInfo","root":{"__id__":1},"asset":{"__uuid__":"qzmjmj87-268b-4041-9c29-57beda93ae80"},"fileId":"16ac6wWAZBPtJQLzaIZAGP9"},"_contentSize":{"__type__":"cc.Size","width":177,"height":127},"_trs":{"__type__":"TypedArray","ctor":"Float64Array","array":[0,0,0,0,0,0,1,1,1,1]}},{"__type__":"cc.Node","_name":"sp2","_parent":{"__id__":20},"_active":false,"_components":[{"__type__":"cc.Sprite","node":{"__id__":22},"_spriteFrame":{"__uuid__":"qzmjmj65-ffce-43bc-8c8d-c012a1d43c75"},"_sizeMode":0,"_isTrimmedMode":false}],"_prefab":{"__type__":"cc.PrefabInfo","root":{"__id__":1},"asset":{"__uuid__":"qzmjmj87-268b-4041-9c29-57beda93ae80"},"fileId":"0b457V8YwxKjr8ysiU7jcFd"},"_contentSize":{"__type__":"cc.Size","width":177,"height":127},"_trs":{"__type__":"TypedArray","ctor":"Float64Array","array":[0,0,0,0,0,0,1,1,1,1]}},{"__type__":"cc.Node","_name":"seat04","_parent":{"__id__":13},"_children":[{"__id__":24},{"__id__":25}],"_components":[{"__type__":"cc.Animation","node":{"__id__":23}}],"_prefab":{"__type__":"cc.PrefabInfo","root":{"__id__":1},"asset":{"__uuid__":"qzmjmj87-268b-4041-9c29-57beda93ae80"},"fileId":"36b9baP+r9AUqvGFBFbO7q/"},"_contentSize":{"__type__":"cc.Size","width":177,"height":127},"_trs":{"__type__":"TypedArray","ctor":"Float64Array","array":[0,0,0,0,0,0,1,1,1,1]}},{"__type__":"cc.Node","_name":"sp1","_parent":{"__id__":23},"_components":[{"__type__":"cc.Sprite","node":{"__id__":24},"_materials":[{"__uuid__":"ecpdLyjvZBwrvm+cedCcQy"}],"_spriteFrame":{"__uuid__":"qzmjmj52-d82a-4aca-b1ad-353422152689"},"_sizeMode":0,"_isTrimmedMode":false}],"_prefab":{"__type__":"cc.PrefabInfo","root":{"__id__":1},"asset":{"__uuid__":"qzmjmj87-268b-4041-9c29-57beda93ae80"},"fileId":"16d99D+VN5NXqljYXzIU+IE"},"_contentSize":{"__type__":"cc.Size","width":177,"height":127},"_trs":{"__type__":"TypedArray","ctor":"Float64Array","array":[0,0,0,0,0,0,1,1,1,1]}},{"__type__":"cc.Node","_name":"sp2","_parent":{"__id__":23},"_active":false,"_components":[{"__type__":"cc.Sprite","node":{"__id__":25},"_spriteFrame":{"__uuid__":"qzmjmj35-a4c2-4b9c-bcc0-1d08e3168292"},"_sizeMode":0,"_isTrimmedMode":false}],"_prefab":{"__type__":"cc.PrefabInfo","root":{"__id__":1},"asset":{"__uuid__":"qzmjmj87-268b-4041-9c29-57beda93ae80"},"fileId":"a5c49y9PSNNvYOnb3Fa9c6L"},"_contentSize":{"__type__":"cc.Size","width":177,"height":127},"_trs":{"__type__":"TypedArray","ctor":"Float64Array","array":[0,0,0,0,0,0,1,1,1,1]}},{"__type__":"cc.Node","_name":"shou","_parent":{"__id__":13},"_components":[{"__type__":"cc.Sprite","node":{"__id__":26},"_sizeMode":2,"_isTrimmedMode":false}],"_prefab":{"__type__":"cc.PrefabInfo","root":{"__id__":1},"asset":{"__uuid__":"qzmjmj87-268b-4041-9c29-57beda93ae80"},"fileId":"a7fb2vNp3NOmbK3ndrVM0Jv"},"_contentSize":{"__type__":"cc.Size","width":303,"height":182},"_trs":{"__type__":"TypedArray","ctor":"Float64Array","array":[76,-540,0,0,0,-0.7071067811865475,0.7071067811865476,1,1,1]},"_eulerAngles":{"__type__":"cc.Vec3","z":-90}},{"__type__":"cc.Node","_name":"nd_dice","_parent":{"__id__":1},"_children":[{"__id__":28},{"__id__":29}],"_components":[{"__type__":"cc.Animation","node":{"__id__":27},"_clips":[{"__uuid__":"qzmjmjbf-994a-4419-92ea-b1a8cd23c64c"},{"__uuid__":"qzmjmj1f-a1ef-45d5-9e14-2e9cff368d18"}]}],"_prefab":{"__type__":"cc.PrefabInfo","root":{"__id__":1},"asset":{"__uuid__":"qzmjmj87-268b-4041-9c29-57beda93ae80"},"fileId":"6de50Rf16RJ1ZvYL62gMX29"},"_trs":{"__type__":"TypedArray","ctor":"Float64Array","array":[0,66,0,0,0,-3.6739403974420594e-16,-1,1,1,1]},"_eulerAngles":{"__type__":"cc.Vec3","z":-1080}},{"__type__":"cc.Node","_name":"touzi01","_parent":{"__id__":27},"_components":[{"__type__":"cc.Sprite","node":{"__id__":28},"_materials":[{"__uuid__":"ecpdLyjvZBwrvm+cedCcQy"}],"_spriteFrame":{"__uuid__":"qzmjmjaf-c59a-4ee9-a540-4b9969d6209b"},"_sizeMode":0}],"_prefab":{"__type__":"cc.PrefabInfo","root":{"__id__":1},"asset":{"__uuid__":"qzmjmj87-268b-4041-9c29-57beda93ae80"},"fileId":"fd0c9lgqhJKN5z25JSwe8sp"},"_contentSize":{"__type__":"cc.Size","width":29,"height":31},"_trs":{"__type__":"TypedArray","ctor":"Float64Array","array":[-22,2,0,0,0,0,1,1,1,1]}},{"__type__":"cc.Node","_name":"touzi02","_parent":{"__id__":27},"_components":[{"__type__":"cc.Sprite","node":{"__id__":29},"_materials":[{"__uuid__":"ecpdLyjvZBwrvm+cedCcQy"}],"_spriteFrame":{"__uuid__":"qzmjmj75-d61d-4871-8fac-525244f92b99"},"_sizeMode":0}],"_prefab":{"__type__":"cc.PrefabInfo","root":{"__id__":1},"asset":{"__uuid__":"qzmjmj87-268b-4041-9c29-57beda93ae80"},"fileId":"9bb82MA42NBFqaZ0/fHG5u4"},"_contentSize":{"__type__":"cc.Size","width":29,"height":31},"_trs":{"__type__":"TypedArray","ctor":"Float64Array","array":[23,4,0,0,0,0,1,1,1,1]}},{"__type__":"cc.Node","_name":"sp_leftnum","_parent":{"__id__":1},"_children":[{"__id__":31},{"__id__":32},{"__id__":33}],"_components":[{"__type__":"cc.Sprite","node":{"__id__":30},"_enabled":false,"_spriteFrame":{"__uuid__":"qzmjmjee-dcee-4533-838b-629c7d205be1"}},{"__type__":"cc.Widget","node":{"__id__":30},"alignMode":0,"_alignFlags":8,"_left":612.188}],"_prefab":{"__type__":"cc.PrefabInfo","root":{"__id__":1},"asset":{"__uuid__":"qzmjmj87-268b-4041-9c29-57beda93ae80"},"fileId":"06a60Xp54VPbb3yd6s1T2f5"},"_contentSize":{"__type__":"cc.Size","width":84,"height":43},"_trs":{"__type__":"TypedArray","ctor":"Float64Array","array":[-25.812000000000012,-199.4,0,0,0,0,1,1,1,1]}},{"__type__":"cc.Node","_name":"label","_parent":{"__id__":30},"_components":[{"__type__":"cc.Label","node":{"__id__":31},"_materials":[{"__uuid__":"ecpdLyjvZBwrvm+cedCcQy"}],"_useOriginalSize":false,"_string":"剩","_N$string":"剩","_fontSize":30,"_lineHeight":31,"_N$file":{"__uuid__":"qzmjmjee-4139-4890-abdc-5ca56a3ddd1f"},"_isSystemFontUsed":false,"_N$horizontalAlign":1,"_N$verticalAlign":1}],"_prefab":{"__type__":"cc.PrefabInfo","root":{"__id__":1},"asset":{"__uuid__":"qzmjmj87-268b-4041-9c29-57beda93ae80"},"fileId":"4e506KTDBdPMZ0EK6wFazwh"},"_contentSize":{"__type__":"cc.Size","width":35.63,"height":29.06},"_trs":{"__type__":"TypedArray","ctor":"Float64Array","array":[-46.3,13.2,0,0,0,0,1,1,1,1]}},{"__type__":"cc.Node","_name":"lbnum","_parent":{"__id__":30},"_components":[{"__type__":"cc.Label","node":{"__id__":32},"_materials":[{"__uuid__":"ecpdLyjvZBwrvm+cedCcQy"}],"_useOriginalSize":false,"_string":"155","_N$string":"155","_fontSize":30,"_lineHeight":31,"_N$file":{"__uuid__":"qzmjmjee-4139-4890-abdc-5ca56a3ddd1f"},"_isSystemFontUsed":false,"_N$horizontalAlign":1,"_N$verticalAlign":1}],"_prefab":{"__type__":"cc.PrefabInfo","root":{"__id__":1},"asset":{"__uuid__":"qzmjmj87-268b-4041-9c29-57beda93ae80"},"fileId":"2ae5bBVFqRIfoKBgINTUqqT"},"_contentSize":{"__type__":"cc.Size","width":74.06,"height":29.06},"_trs":{"__type__":"TypedArray","ctor":"Float64Array","array":[2.6999999999999993,13.2,0,0,0,0,1,1,1,1]}},{"__type__":"cc.Node","_name":"label","_parent":{"__id__":30},"_components":[{"__type__":"cc.Label","node":{"__id__":33},"_materials":[{"__uuid__":"ecpdLyjvZBwrvm+cedCcQy"}],"_useOriginalSize":false,"_string":"张","_N$string":"张","_fontSize":31,"_lineHeight":31,"_N$file":{"__uuid__":"qzmjmjee-4139-4890-abdc-5ca56a3ddd1f"},"_isSystemFontUsed":false,"_N$horizontalAlign":1,"_N$verticalAlign":1}],"_prefab":{"__type__":"cc.PrefabInfo","root":{"__id__":1},"asset":{"__uuid__":"qzmjmj87-268b-4041-9c29-57beda93ae80"},"fileId":"f0ac5niPHJApq7QZ+TkbUqh"},"_contentSize":{"__type__":"cc.Size","width":37.78,"height":30.03},"_trs":{"__type__":"TypedArray","ctor":"Float64Array","array":[61.7,12.2,0,0,0,0,1,1,1,1]}},{"__type__":"cc.Node","_name":"roomInfo","_parent":{"__id__":1},"_children":[{"__id__":35},{"__id__":37}],"_components":[{"__type__":"cc.Widget","node":{"__id__":34},"alignMode":0,"_alignFlags":9,"_left":35,"_top":17}],"_prefab":{"__type__":"cc.PrefabInfo","root":{"__id__":1},"asset":{"__uuid__":"qzmjmj87-268b-4041-9c29-57beda93ae80"},"fileId":"1a53aATyvVHsay7HLi4tTVH"},"_trs":{"__type__":"TypedArray","ctor":"Float64Array","array":[-645,363,0,0,0,0,1,1,1,1]}},{"__type__":"cc.Node","_name":"imgRoomIdDi","_parent":{"__id__":34},"_children":[{"__id__":36}],"_components":[{"__type__":"cc.Sprite","node":{"__id__":35},"_enabled":false,"_spriteFrame":{"__uuid__":"qzmjmjee-c4f6-4e90-a7d0-0aba95a6161d"}}],"_prefab":{"__type__":"cc.PrefabInfo","root":{"__id__":1},"asset":{"__uuid__":"qzmjmj87-268b-4041-9c29-57beda93ae80"},"fileId":"93dd2waiZBFJbTth7Gv9YJL"},"_contentSize":{"__type__":"cc.Size","width":215,"height":40},"_trs":{"__type__":"TypedArray","ctor":"Float64Array","array":[184,-34,0,0,0,0,1,1,1,1]}},{"__type__":"cc.Node","_name":"labelRoomId","_parent":{"__id__":35},"_components":[{"__type__":"cc.Label","node":{"__id__":36},"_materials":[{"__uuid__":"ecpdLyjvZBwrvm+cedCcQy"}],"_useOriginalSize":false,"_string":"房间号：1235679","_N$string":"房间号：1235679","_fontSize":29,"_N$file":{"__uuid__":"qzmjmj1e-650d-4484-9e24-10ffc791e225"},"_isSystemFontUsed":false,"_N$horizontalAlign":1,"_N$verticalAlign":1}],"_prefab":{"__type__":"cc.PrefabInfo","root":{"__id__":1},"asset":{"__uuid__":"qzmjmj87-268b-4041-9c29-57beda93ae80"},"fileId":"8093aWigmVBObfA/HZGbI3r"},"_contentSize":{"__type__":"cc.Size","width":224.86,"height":50.4},"_trs":{"__type__":"TypedArray","ctor":"Float64Array","array":[-101.7,-49.4,0,0,0,0,1,1,1,1]}},{"__type__":"cc.Node","_name":"labelJu","_parent":{"__id__":34},"_components":[{"__type__":"cc.Label","node":{"__id__":37},"_materials":[{"__uuid__":"ecpdLyjvZBwrvm+cedCcQy"}],"_useOriginalSize":false,"_fontSize":30,"_lineHeight":31,"_N$file":{"__uuid__":"qzmjmj1e-650d-4484-9e24-10ffc791e225"},"_isSystemFontUsed":false,"_N$verticalAlign":1}],"_prefab":{"__type__":"cc.PrefabInfo","root":{"__id__":1},"asset":{"__uuid__":"qzmjmj87-268b-4041-9c29-57beda93ae80"},"fileId":"331aaF7S2RPepgifjKHXJWG"},"_color":{"__type__":"cc.Color","r":255,"g":201,"b":24},"_contentSize":{"__type__":"cc.Size","height":39.06},"_trs":{"__type__":"TypedArray","ctor":"Float64Array","array":[808,-561.5,0,0,0,0,1,1,1,1]}},{"__type__":"cc.Node","_name":"sp_seat04","_parent":{"__id__":1},"_children":[{"__id__":39},{"__id__":44}],"_components":[{"__type__":"cc.Widget","node":{"__id__":38},"alignMode":0,"_alignFlags":18,"_verticalCenter":32,"_horizontalCenter":-319}],"_prefab":{"__type__":"cc.PrefabInfo","root":{"__id__":1},"asset":{"__uuid__":"qzmjmj87-268b-4041-9c29-57beda93ae80"},"fileId":"fb9a9HnnTBEyLBFqxYISIFp"},"_trs":{"__type__":"TypedArray","ctor":"Float64Array","array":[-319,32,0,0,0,0,1,1,1,1]}},{"__type__":"cc.Node","_name":"nd_out","_parent":{"__id__":38},"_children":[{"__id__":40},{"__id__":41},{"__id__":42},{"__id__":43}],"_components":[{"__type__":"qzmjmj0d-9246-4b08-baae-1522415d63d6","node":{"__id__":39},"JS_Name":"xymj_BaseComponent"}],"_prefab":{"__type__":"cc.PrefabInfo","root":{"__id__":1},"asset":{"__uuid__":"qzmjmj87-268b-4041-9c29-57beda93ae80"},"fileId":"8be60LBnxhIS5IbmhSJpghn"},"_contentSize":{"__type__":"cc.Size","width":300,"height":200},"_trs":{"__type__":"TypedArray","ctor":"Float64Array","array":[0,0,0,0,0,0,1,1,1,1]}},{"__type__":"cc.Node","_name":"out4","_parent":{"__id__":39},"_components":[{"__type__":"cc.Layout","node":{"__id__":40},"_layoutSize":{"__type__":"cc.Size","width":67,"height":432},"_resize":1,"_N$layoutType":2,"_N$spacingY":-25}],"_prefab":{"__type__":"cc.PrefabInfo","root":{"__id__":1},"asset":{"__uuid__":"qzmjmj87-268b-4041-9c29-57beda93ae80"},"fileId":"7053277icVLzIV9AvEki+Ab"},"_contentSize":{"__type__":"cc.Size","width":67,"height":432},"_trs":{"__type__":"TypedArray","ctor":"Float64Array","array":[-26.8,0,0,0,0,-0.006108614390678361,0.9999813422410571,1,1,1]},"_eulerAngles":{"__type__":"cc.Vec3","z":-0.7}},{"__type__":"cc.Node","_name":"out3","_parent":{"__id__":39},"_components":[{"__type__":"cc.Layout","node":{"__id__":41},"_layoutSize":{"__type__":"cc.Size","width":67,"height":247},"_resize":1,"_N$layoutType":2,"_N$spacingY":-25}],"_prefab":{"__type__":"cc.PrefabInfo","root":{"__id__":1},"asset":{"__uuid__":"qzmjmj87-268b-4041-9c29-57beda93ae80"},"fileId":"1c27expbCdLKbQk57ySR2/F"},"_contentSize":{"__type__":"cc.Size","width":67,"height":247},"_trs":{"__type__":"TypedArray","ctor":"Float64Array","array":[30.2,0,0,0,0,-0.006108614390678361,0.9999813422410571,1,1,1]},"_eulerAngles":{"__type__":"cc.Vec3","z":-0.7}},{"__type__":"cc.Node","_name":"out2","_parent":{"__id__":39},"_components":[{"__type__":"cc.Layout","node":{"__id__":42},"_layoutSize":{"__type__":"cc.Size","width":67,"height":247},"_resize":1,"_N$layoutType":2,"_N$spacingY":-25}],"_prefab":{"__type__":"cc.PrefabInfo","root":{"__id__":1},"asset":{"__uuid__":"qzmjmj87-268b-4041-9c29-57beda93ae80"},"fileId":"4cceeaXM0xMy4IVqDmwSsGu"},"_contentSize":{"__type__":"cc.Size","width":67,"height":247},"_trs":{"__type__":"TypedArray","ctor":"Float64Array","array":[87,0,0,0,0,-0.006108614390678361,0.9999813422410571,1,1,1]},"_eulerAngles":{"__type__":"cc.Vec3","z":-0.7}},{"__type__":"cc.Node","_name":"out1","_parent":{"__id__":39},"_components":[{"__type__":"cc.Layout","node":{"__id__":43},"_layoutSize":{"__type__":"cc.Size","width":67,"height":247},"_resize":1,"_N$layoutType":2,"_N$spacingY":-25}],"_prefab":{"__type__":"cc.PrefabInfo","root":{"__id__":1},"asset":{"__uuid__":"qzmjmj87-268b-4041-9c29-57beda93ae80"},"fileId":"446f8cBRM1F+p1e2bPZ/dCx"},"_contentSize":{"__type__":"cc.Size","width":67,"height":247},"_trs":{"__type__":"TypedArray","ctor":"Float64Array","array":[143,0,0,0,0,-0.006108614390678361,0.9999813422410571,1,1,1]},"_eulerAngles":{"__type__":"cc.Vec3","z":-0.7}},{"__type__":"cc.Node","_name":"hua","_parent":{"__id__":38},"_components":[{"__type__":"cc.Layout","node":{"__id__":44},"_layoutSize":{"__type__":"cc.Size","width":34,"height":34},"_resize":1,"_N$layoutType":2,"_N$spacingX":5,"_N$spacingY":5},{"__type__":"qzmjmj0d-9246-4b08-baae-1522415d63d6","node":{"__id__":44},"JS_Name":"xymj_BaseComponent"}],"_prefab":{"__type__":"cc.PrefabInfo","root":{"__id__":1},"asset":{"__uuid__":"qzmjmj87-268b-4041-9c29-57beda93ae80"},"fileId":"c7d9fVYiNdEuZyPZON3+P0G"},"_contentSize":{"__type__":"cc.Size","width":34,"height":34},"_anchorPoint":{"__type__":"cc.Vec2","x":0.5,"y":1},"_trs":{"__type__":"TypedArray","ctor":"Float64Array","array":[-21,226,0,0,0,-0.07845909572784494,0.996917333733128,1,1,1]},"_eulerAngles":{"__type__":"cc.Vec3","z":-9}},{"__type__":"cc.Node","_name":"sp_seat03","_parent":{"__id__":1},"_children":[{"__id__":46},{"__id__":51}],"_components":[{"__type__":"cc.Widget","node":{"__id__":45},"alignMode":0,"_alignFlags":18,"_verticalCenter":280}],"_prefab":{"__type__":"cc.PrefabInfo","root":{"__id__":1},"asset":{"__uuid__":"qzmjmj87-268b-4041-9c29-57beda93ae80"},"fileId":"dcc7cBYAP5D+aEwzZIz1J8b"},"_trs":{"__type__":"TypedArray","ctor":"Float64Array","array":[0,280,0,0,0,0,1,1,1,1]}},{"__type__":"cc.Node","_name":"nd_out","_parent":{"__id__":45},"_children":[{"__id__":47},{"__id__":48},{"__id__":49},{"__id__":50}],"_components":[{"__type__":"cc.Layout","node":{"__id__":46},"_layoutSize":{"__type__":"cc.Size","width":300,"height":214},"_resize":1,"_N$layoutType":2,"_N$spacingY":-30},{"__type__":"qzmjmj0d-9246-4b08-baae-1522415d63d6","node":{"__id__":46},"JS_Name":"xymj_BaseComponent"}],"_prefab":{"__type__":"cc.PrefabInfo","root":{"__id__":1},"asset":{"__uuid__":"qzmjmj87-268b-4041-9c29-57beda93ae80"},"fileId":"972d8+2NGtP2LMzE5Nr6WMt"},"_contentSize":{"__type__":"cc.Size","width":300,"height":214},"_trs":{"__type__":"TypedArray","ctor":"Float64Array","array":[0,-56,0,0,0,0,1,1,1,1]}},{"__type__":"cc.Node","_name":"out4","_parent":{"__id__":46},"_components":[{"__type__":"cc.Layout","node":{"__id__":47},"_layoutSize":{"__type__":"cc.Size","width":485,"height":76},"_resize":1,"_N$layoutType":1,"_N$spacingX":-5,"_N$spacingY":-15}],"_prefab":{"__type__":"cc.PrefabInfo","root":{"__id__":1},"asset":{"__uuid__":"qzmjmj87-268b-4041-9c29-57beda93ae80"},"fileId":"bb4ffwK499LeKskpzilu3z5"},"_contentSize":{"__type__":"cc.Size","width":485,"height":76},"_trs":{"__type__":"TypedArray","ctor":"Float64Array","array":[0,69,0,0,0,0,1,1,1,1]}},{"__type__":"cc.Node","_name":"out3","_parent":{"__id__":46},"_components":[{"__type__":"cc.Layout","node":{"__id__":48},"_layoutSize":{"__type__":"cc.Size","width":270,"height":76},"_resize":1,"_N$layoutType":1,"_N$spacingX":-5,"_N$spacingY":-15}],"_prefab":{"__type__":"cc.PrefabInfo","root":{"__id__":1},"asset":{"__uuid__":"qzmjmj87-268b-4041-9c29-57beda93ae80"},"fileId":"c4351R5r39BK76ndfxTTloW"},"_contentSize":{"__type__":"cc.Size","width":270,"height":76},"_trs":{"__type__":"TypedArray","ctor":"Float64Array","array":[0,23,0,0,0,0,1,1,1,1]}},{"__type__":"cc.Node","_name":"out2","_parent":{"__id__":46},"_components":[{"__type__":"cc.Layout","node":{"__id__":49},"_layoutSize":{"__type__":"cc.Size","width":270,"height":76},"_resize":1,"_N$layoutType":1,"_N$spacingX":-5,"_N$spacingY":-15}],"_prefab":{"__type__":"cc.PrefabInfo","root":{"__id__":1},"asset":{"__uuid__":"qzmjmj87-268b-4041-9c29-57beda93ae80"},"fileId":"7dd69ShiHtHSrAjKL76pAWK"},"_contentSize":{"__type__":"cc.Size","width":270,"height":76},"_trs":{"__type__":"TypedArray","ctor":"Float64Array","array":[0,-23,0,0,0,0,1,1,1,1]}},{"__type__":"cc.Node","_name":"out1","_parent":{"__id__":46},"_components":[{"__type__":"cc.Layout","node":{"__id__":50},"_layoutSize":{"__type__":"cc.Size","width":270,"height":76},"_resize":1,"_N$layoutType":1,"_N$spacingX":-5,"_N$spacingY":-15}],"_prefab":{"__type__":"cc.PrefabInfo","root":{"__id__":1},"asset":{"__uuid__":"qzmjmj87-268b-4041-9c29-57beda93ae80"},"fileId":"088159zrSlKBaPYHGyskv+j"},"_contentSize":{"__type__":"cc.Size","width":270,"height":76},"_trs":{"__type__":"TypedArray","ctor":"Float64Array","array":[0,-69,0,0,0,0,1,1,1,1]}},{"__type__":"cc.Node","_name":"hua","_parent":{"__id__":45},"_components":[{"__type__":"cc.Layout","node":{"__id__":51},"_layoutSize":{"__type__":"cc.Size","width":293,"height":73},"_resize":1,"_N$layoutType":1,"_N$spacingX":3},{"__type__":"qzmjmj0d-9246-4b08-baae-1522415d63d6","node":{"__id__":51},"JS_Name":"xymj_BaseComponent"}],"_prefab":{"__type__":"cc.PrefabInfo","root":{"__id__":1},"asset":{"__uuid__":"qzmjmj87-268b-4041-9c29-57beda93ae80"},"fileId":"ed77bcydwZFhpDc+5kqqRm8"},"_contentSize":{"__type__":"cc.Size","width":293,"height":73},"_anchorPoint":{"__type__":"cc.Vec2","x":1,"y":0.5},"_trs":{"__type__":"TypedArray","ctor":"Float64Array","array":[252,20,0,0,0,0,1,1,1,1]}},{"__type__":"cc.Node","_name":"sp_seat02","_parent":{"__id__":1},"_children":[{"__id__":53},{"__id__":58}],"_components":[{"__type__":"cc.Widget","node":{"__id__":52},"alignMode":0,"_alignFlags":18,"_verticalCenter":70,"_horizontalCenter":320}],"_prefab":{"__type__":"cc.PrefabInfo","root":{"__id__":1},"asset":{"__uuid__":"qzmjmj87-268b-4041-9c29-57beda93ae80"},"fileId":"6761b4Zwq9MmptHyBt5hzU5"},"_trs":{"__type__":"TypedArray","ctor":"Float64Array","array":[320,70,0,0,0,0,1,1,1,1]}},{"__type__":"cc.Node","_name":"nd_out","_parent":{"__id__":52},"_children":[{"__id__":54},{"__id__":55},{"__id__":56},{"__id__":57}],"_components":[{"__type__":"qzmjmj0d-9246-4b08-baae-1522415d63d6","node":{"__id__":53},"JS_Name":"xymj_BaseComponent"}],"_prefab":{"__type__":"cc.PrefabInfo","root":{"__id__":1},"asset":{"__uuid__":"qzmjmj87-268b-4041-9c29-57beda93ae80"},"fileId":"b27f9w492lB5LcC9aHlJLOU"},"_contentSize":{"__type__":"cc.Size","width":300,"height":200},"_trs":{"__type__":"TypedArray","ctor":"Float64Array","array":[-10,0,0,0,0,0.00523596383141958,0.9999862922474267,1,1,1]},"_eulerAngles":{"__type__":"cc.Vec3","z":0.6}},{"__type__":"cc.Node","_name":"out4","_parent":{"__id__":53},"_components":[{"__type__":"cc.Layout","node":{"__id__":54},"_layoutSize":{"__type__":"cc.Size","width":70,"height":432},"_resize":1,"_N$layoutType":2,"_N$spacingY":-25}],"_prefab":{"__type__":"cc.PrefabInfo","root":{"__id__":1},"asset":{"__uuid__":"qzmjmj87-268b-4041-9c29-57beda93ae80"},"fileId":"c21fbOZn81LSJlobeQLfUK6"},"_contentSize":{"__type__":"cc.Size","width":70,"height":432},"_trs":{"__type__":"TypedArray","ctor":"Float64Array","array":[56.9,0,0,0,0,-0.006108614390678361,0.9999813422410571,1,1,1]},"_eulerAngles":{"__type__":"cc.Vec3","z":-0.7}},{"__type__":"cc.Node","_name":"out3","_parent":{"__id__":53},"_components":[{"__type__":"cc.Layout","node":{"__id__":55},"_layoutSize":{"__type__":"cc.Size","width":70,"height":247},"_resize":1,"_N$layoutType":2,"_N$spacingY":-25}],"_prefab":{"__type__":"cc.PrefabInfo","root":{"__id__":1},"asset":{"__uuid__":"qzmjmj87-268b-4041-9c29-57beda93ae80"},"fileId":"eb724RcG3xAZpy8nXu1AaAg"},"_contentSize":{"__type__":"cc.Size","width":70,"height":247},"_trs":{"__type__":"TypedArray","ctor":"Float64Array","array":[0,0,0,0,0,-0.006108614390678361,0.9999813422410571,1,1,1]},"_eulerAngles":{"__type__":"cc.Vec3","z":-0.7}},{"__type__":"cc.Node","_name":"out2","_parent":{"__id__":53},"_components":[{"__type__":"cc.Layout","node":{"__id__":56},"_layoutSize":{"__type__":"cc.Size","width":70,"height":247},"_resize":1,"_N$layoutType":2,"_N$spacingY":-25}],"_prefab":{"__type__":"cc.PrefabInfo","root":{"__id__":1},"asset":{"__uuid__":"qzmjmj87-268b-4041-9c29-57beda93ae80"},"fileId":"e621cjJlbZP3rF4CwhNgCcx"},"_contentSize":{"__type__":"cc.Size","width":70,"height":247},"_trs":{"__type__":"TypedArray","ctor":"Float64Array","array":[-56.8,0,0,0,0,-0.006108614390678361,0.9999813422410571,1,1,1]},"_eulerAngles":{"__type__":"cc.Vec3","z":-0.7}},{"__type__":"cc.Node","_name":"out1","_parent":{"__id__":53},"_components":[{"__type__":"cc.Layout","node":{"__id__":57},"_layoutSize":{"__type__":"cc.Size","width":70,"height":247},"_resize":1,"_N$layoutType":2,"_N$spacingY":-25}],"_prefab":{"__type__":"cc.PrefabInfo","root":{"__id__":1},"asset":{"__uuid__":"qzmjmj87-268b-4041-9c29-57beda93ae80"},"fileId":"0c2c14WSFNKe4QfMNIucvwH"},"_contentSize":{"__type__":"cc.Size","width":70,"height":247},"_trs":{"__type__":"TypedArray","ctor":"Float64Array","array":[-114,0,0,0,0,-0.006108614390678361,0.9999813422410571,1,1,1]},"_eulerAngles":{"__type__":"cc.Vec3","z":-0.7}},{"__type__":"cc.Node","_name":"hua","_parent":{"__id__":52},"_components":[{"__type__":"cc.Layout","node":{"__id__":58},"_layoutSize":{"__type__":"cc.Size","width":34,"height":100},"_resize":1,"_N$layoutType":2,"_N$spacingX":5,"_N$spacingY":5},{"__type__":"qzmjmj0d-9246-4b08-baae-1522415d63d6","node":{"__id__":58},"JS_Name":"xymj_BaseComponent"}],"_prefab":{"__type__":"cc.PrefabInfo","root":{"__id__":1},"asset":{"__uuid__":"qzmjmj87-268b-4041-9c29-57beda93ae80"},"fileId":"0b6d8DggllGBrcXywAEZdDX"},"_contentSize":{"__type__":"cc.Size","width":34,"height":100},"_anchorPoint":{"__type__":"cc.Vec2","x":0.5},"_trs":{"__type__":"TypedArray","ctor":"Float64Array","array":[131,-253,0,0,0,0.07845909572784494,0.996917333733128,1,1,1]},"_eulerAngles":{"__type__":"cc.Vec3","z":9}},{"__type__":"cc.Node","_name":"sp_seat01","_parent":{"__id__":1},"_children":[{"__id__":60},{"__id__":65}],"_components":[{"__type__":"cc.Widget","node":{"__id__":59},"alignMode":0,"_alignFlags":18,"_verticalCenter":-245,"_horizontalCenter":-2}],"_prefab":{"__type__":"cc.PrefabInfo","root":{"__id__":1},"asset":{"__uuid__":"qzmjmj87-268b-4041-9c29-57beda93ae80"},"fileId":"8fa4elQqh1FmY6L0ry89HmS"},"_trs":{"__type__":"TypedArray","ctor":"Float64Array","array":[-2,-245,0,0,0,0,1,1,1,1]}},{"__type__":"cc.Node","_name":"nd_out","_parent":{"__id__":59},"_children":[{"__id__":61},{"__id__":62},{"__id__":63},{"__id__":64}],"_components":[{"__type__":"cc.Layout","node":{"__id__":60},"_layoutSize":{"__type__":"cc.Size","width":300,"height":244},"_resize":1,"_N$layoutType":2,"_N$spacingY":-20},{"__type__":"qzmjmj0d-9246-4b08-baae-1522415d63d6","node":{"__id__":60},"JS_Name":"xymj_BaseComponent"}],"_prefab":{"__type__":"cc.PrefabInfo","root":{"__id__":1},"asset":{"__uuid__":"qzmjmj87-268b-4041-9c29-57beda93ae80"},"fileId":"bbc7553rihNIYUidVw49/Fi"},"_contentSize":{"__type__":"cc.Size","width":300,"height":244},"_trs":{"__type__":"TypedArray","ctor":"Float64Array","array":[5,115,0,0,0,0,1,1,1,1]}},{"__type__":"cc.Node","_name":"out1","_parent":{"__id__":60},"_components":[{"__type__":"cc.Layout","node":{"__id__":61},"_layoutSize":{"__type__":"cc.Size","width":47,"height":76},"_resize":1,"_N$layoutType":1,"_N$spacingY":-15}],"_prefab":{"__type__":"cc.PrefabInfo","root":{"__id__":1},"asset":{"__uuid__":"qzmjmj87-268b-4041-9c29-57beda93ae80"},"fileId":"12d3csTJTdFTocO+SOybeOP"},"_contentSize":{"__type__":"cc.Size","width":47,"height":76},"_trs":{"__type__":"TypedArray","ctor":"Float64Array","array":[0,84,0,0,0,0,1,1,1,1]}},{"__type__":"cc.Node","_name":"out2","_parent":{"__id__":60},"_components":[{"__type__":"cc.Layout","node":{"__id__":62},"_layoutSize":{"__type__":"cc.Size","width":47,"height":76},"_resize":1,"_N$layoutType":1,"_N$spacingY":-15}],"_prefab":{"__type__":"cc.PrefabInfo","root":{"__id__":1},"asset":{"__uuid__":"qzmjmj87-268b-4041-9c29-57beda93ae80"},"fileId":"aee6fhBo15OTqKU/IXxdvjY"},"_contentSize":{"__type__":"cc.Size","width":47,"height":76},"_trs":{"__type__":"TypedArray","ctor":"Float64Array","array":[0,28,0,0,0,0,1,1,1,1]}},{"__type__":"cc.Node","_name":"out3","_parent":{"__id__":60},"_components":[{"__type__":"cc.Layout","node":{"__id__":63},"_layoutSize":{"__type__":"cc.Size","width":47,"height":76},"_resize":1,"_N$layoutType":1,"_N$spacingY":-15}],"_prefab":{"__type__":"cc.PrefabInfo","root":{"__id__":1},"asset":{"__uuid__":"qzmjmj87-268b-4041-9c29-57beda93ae80"},"fileId":"d24a82eXj5B6IhufsQfnH8a"},"_contentSize":{"__type__":"cc.Size","width":47,"height":76},"_trs":{"__type__":"TypedArray","ctor":"Float64Array","array":[0,-28,0,0,0,0,1,1,1,1]}},{"__type__":"cc.Node","_name":"out4","_parent":{"__id__":60},"_components":[{"__type__":"cc.Layout","node":{"__id__":64},"_layoutSize":{"__type__":"cc.Size","width":47,"height":76},"_resize":1,"_N$layoutType":1,"_N$spacingY":-15}],"_prefab":{"__type__":"cc.PrefabInfo","root":{"__id__":1},"asset":{"__uuid__":"qzmjmj87-268b-4041-9c29-57beda93ae80"},"fileId":"cb961DPwuVG7qQuxiNGZwXI"},"_contentSize":{"__type__":"cc.Size","width":47,"height":76},"_trs":{"__type__":"TypedArray","ctor":"Float64Array","array":[0,-84,0,0,0,0,1,1,1,1]}},{"__type__":"cc.Node","_name":"hua","_parent":{"__id__":59},"_components":[{"__type__":"cc.Layout","node":{"__id__":65},"_layoutSize":{"__type__":"cc.Size","width":34,"height":100},"_resize":1,"_N$layoutType":1,"_N$spacingX":3},{"__type__":"qzmjmj0d-9246-4b08-baae-1522415d63d6","node":{"__id__":65},"JS_Name":"xymj_BaseComponent"}],"_prefab":{"__type__":"cc.PrefabInfo","root":{"__id__":1},"asset":{"__uuid__":"qzmjmj87-268b-4041-9c29-57beda93ae80"},"fileId":"2f3978AEh5AIocvoijrO8JY"},"_contentSize":{"__type__":"cc.Size","width":34,"height":100},"_anchorPoint":{"__type__":"cc.Vec2","y":0.5},"_trs":{"__type__":"TypedArray","ctor":"Float64Array","array":[-481,37,0,0,0,0,1,1,1,1]}},{"__type__":"cc.Node","_name":"cardNodes","_parent":{"__id__":1},"_children":[{"__id__":67},{"__id__":68},{"__id__":69},{"__id__":70}],"_prefab":{"__type__":"cc.PrefabInfo","root":{"__id__":1},"asset":{"__uuid__":"qzmjmj87-268b-4041-9c29-57beda93ae80"},"fileId":"c45fdXDeSdLzZk35BTTZkcO"},"_trs":{"__type__":"TypedArray","ctor":"Float64Array","array":[0,0,0,0,0,0,1,1,1,1]}},{"__type__":"cc.Node","_name":"card04","_parent":{"__id__":66},"_components":[{"__type__":"cc.Widget","node":{"__id__":67},"alignMode":0,"_alignFlags":8,"_left":-434}],"_prefab":{"__type__":"cc.PrefabInfo","root":{"__id__":1},"asset":{"__uuid__":"qzmjmj87-268b-4041-9c29-57beda93ae80"},"fileId":"9fd34jmTdxKG7QPz85xW+Gd"},"_trs":{"__type__":"TypedArray","ctor":"Float64Array","array":[-434,0,0,0,0,0,1,1,1,1]}},{"__type__":"cc.Node","_name":"card03","_parent":{"__id__":66},"_components":[{"__type__":"cc.Widget","node":{"__id__":68},"alignMode":0,"_alignFlags":1,"_top":-350}],"_prefab":{"__type__":"cc.PrefabInfo","root":{"__id__":1},"asset":{"__uuid__":"qzmjmj87-268b-4041-9c29-57beda93ae80"},"fileId":"abf3f0UBh1En6WByqir/OkV"},"_trs":{"__type__":"TypedArray","ctor":"Float64Array","array":[0,350,0,0,0,0,1,1,1,1]}},{"__type__":"cc.Node","_name":"card02","_parent":{"__id__":66},"_components":[{"__type__":"cc.Widget","node":{"__id__":69},"alignMode":0,"_alignFlags":32,"_right":-400}],"_prefab":{"__type__":"cc.PrefabInfo","root":{"__id__":1},"asset":{"__uuid__":"qzmjmj87-268b-4041-9c29-57beda93ae80"},"fileId":"b6581DouY1NnZAmAR0d9u7U"},"_trs":{"__type__":"TypedArray","ctor":"Float64Array","array":[400,30,0,0,0,0,1,1,1,1]}},{"__type__":"cc.Node","_name":"card01","_parent":{"__id__":66},"_components":[{"__type__":"cc.Widget","node":{"__id__":70},"alignMode":0,"_alignFlags":4,"_bottom":-320}],"_prefab":{"__type__":"cc.PrefabInfo","root":{"__id__":1},"asset":{"__uuid__":"qzmjmj87-268b-4041-9c29-57beda93ae80"},"fileId":"67e1c2Ifk5GdZfb9WTfbxMf"},"_trs":{"__type__":"TypedArray","ctor":"Float64Array","array":[0,-320,0,0,0,0,1,1,1,1]}},{"__type__":"cc.Node","_name":"headNodes","_parent":{"__id__":1},"_children":[{"__id__":72},{"__type__":"cc.Node","_name":"headNode","_parent":{"__id__":71},"_prefab":{"__type__":"cc.PrefabInfo","root":{"__id__":1},"asset":{"__uuid__":"qzmjmj87-268b-4041-9c29-57beda93ae80"},"fileId":"bad77wSeA1E/oKRjwRzjGOn"},"_trs":{"__type__":"TypedArray","ctor":"Float64Array","array":[0,0,0,0,0,0,1,1,1,1]}}],"_prefab":{"__type__":"cc.PrefabInfo","root":{"__id__":1},"asset":{"__uuid__":"qzmjmj87-268b-4041-9c29-57beda93ae80"},"fileId":"3bb7cwrHjxJfKYY9t1YEc9n"},"_trs":{"__type__":"TypedArray","ctor":"Float64Array","array":[0,0,0,0,0,0,1,1,1,1]}},{"__type__":"cc.Node","_name":"headPos","_parent":{"__id__":71},"_children":[{"__id__":73},{"__id__":77},{"__id__":81},{"__id__":85}],"_prefab":{"__type__":"cc.PrefabInfo","root":{"__id__":1},"asset":{"__uuid__":"qzmjmj87-268b-4041-9c29-57beda93ae80"},"fileId":"9b948qb5QNKTqvZVT2Yp9NU"},"_contentSize":{"__type__":"cc.Size","width":1360,"height":760},"_trs":{"__type__":"TypedArray","ctor":"Float64Array","array":[0,0,0,0,0,0,1,1,1,1]}},{"__type__":"cc.Node","_name":"pos1","_parent":{"__id__":72},"_children":[{"__id__":74},{"__id__":76}],"_components":[{"__type__":"cc.Widget","node":{"__id__":73},"alignMode":0,"_alignFlags":12,"_left":80,"_bottom":273}],"_prefab":{"__type__":"cc.PrefabInfo","root":{"__id__":1},"asset":{"__uuid__":"qzmjmj87-268b-4041-9c29-57beda93ae80"},"fileId":"16b67breh9OGqO/R5NM7Zy1"},"_trs":{"__type__":"TypedArray","ctor":"Float64Array","array":[-600,-107,0,0,0,0,1,1,1,1]}},{"__type__":"cc.Node","_name":"lb_piaofen1","_parent":{"__id__":73},"_components":[{"__id__":75}],"_prefab":{"__type__":"cc.PrefabInfo","root":{"__id__":1},"asset":{"__uuid__":"qzmjmj87-268b-4041-9c29-57beda93ae80"},"fileId":"aaee3NRna9Lcql7zDbnWfIs"},"_contentSize":{"__type__":"cc.Size","height":1},"_anchorPoint":{"__type__":"cc.Vec2","y":0.5},"_trs":{"__type__":"TypedArray","ctor":"Float64Array","array":[60,70,0,0,0,0,1,1,1,1]}},{"__type__":"cc.Label","node":{"__id__":74},"_materials":[{"__uuid__":"ecpdLyjvZBwrvm+cedCcQy"}],"_useOriginalSize":false,"_fontSize":1,"_lineHeight":1,"_N$file":{"__uuid__":"qzmj5af1-af83-42af-bcd7-8f06ea164087"},"_isSystemFontUsed":false,"_N$horizontalAlign":1,"_N$verticalAlign":1},{"__type__":"cc.Node","_name":"lb_lianzhuang","_parent":{"__id__":73},"_components":[{"__type__":"cc.Label","node":{"__id__":76},"_materials":[{"__uuid__":"ecpdLyjvZBwrvm+cedCcQy"}],"_useOriginalSize":false,"_string":"连庄：0","_N$string":"连庄：0","_fontSize":20,"_lineHeight":20,"_N$file":{"__uuid__":"qzmjmj1e-650d-4484-9e24-10ffc791e225"},"_isSystemFontUsed":false,"_N$horizontalAlign":1,"_N$verticalAlign":1}],"_prefab":{"__type__":"cc.PrefabInfo","root":{"__id__":1},"asset":{"__uuid__":"qzmjmj87-268b-4041-9c29-57beda93ae80"},"fileId":"3aevAzDp9B3pn7/W5Dcgh5"},"_color":{"__type__":"cc.Color","r":255,"g":127},"_contentSize":{"__type__":"cc.Size","width":71.41,"height":25.2},"_trs":{"__type__":"TypedArray","ctor":"Float64Array","array":[1,70,0,0,0,0,1,1,1,1]}},{"__type__":"cc.Node","_name":"pos2","_parent":{"__id__":72},"_children":[{"__id__":78},{"__id__":80}],"_components":[{"__type__":"cc.Widget","node":{"__id__":77},"alignMode":0,"_alignFlags":32,"_right":190}],"_prefab":{"__type__":"cc.PrefabInfo","root":{"__id__":1},"asset":{"__uuid__":"qzmjmj87-268b-4041-9c29-57beda93ae80"},"fileId":"e9de4r7VrRNPZqkBDQokVWY"},"_trs":{"__type__":"TypedArray","ctor":"Float64Array","array":[490,70,0,0,0,0,1,1,1,1]}},{"__type__":"cc.Node","_name":"lb_piaofen2","_parent":{"__id__":77},"_components":[{"__id__":79}],"_prefab":{"__type__":"cc.PrefabInfo","root":{"__id__":1},"asset":{"__uuid__":"qzmjmj87-268b-4041-9c29-57beda93ae80"},"fileId":"2b268Vsk15Hh7vnTHoftuzN"},"_contentSize":{"__type__":"cc.Size","height":1},"_anchorPoint":{"__type__":"cc.Vec2","x":1,"y":0.5},"_trs":{"__type__":"TypedArray","ctor":"Float64Array","array":[-60,-40,0,0,0,0,1,1,1,1]}},{"__type__":"cc.Label","node":{"__id__":78},"_materials":[{"__uuid__":"ecpdLyjvZBwrvm+cedCcQy"}],"_useOriginalSize":false,"_fontSize":1,"_lineHeight":1,"_N$file":{"__uuid__":"qzmj5af1-af83-42af-bcd7-8f06ea164087"},"_isSystemFontUsed":false,"_N$horizontalAlign":1,"_N$verticalAlign":1},{"__type__":"cc.Node","_name":"lb_lianzhuang","_parent":{"__id__":77},"_components":[{"__type__":"cc.Label","node":{"__id__":80},"_materials":[{"__uuid__":"ecpdLyjvZBwrvm+cedCcQy"}],"_useOriginalSize":false,"_string":"连庄：0","_N$string":"连庄：0","_fontSize":20,"_lineHeight":20,"_N$file":{"__uuid__":"qzmjmj1e-650d-4484-9e24-10ffc791e225"},"_isSystemFontUsed":false,"_N$horizontalAlign":1,"_N$verticalAlign":1}],"_prefab":{"__type__":"cc.PrefabInfo","root":{"__id__":1},"asset":{"__uuid__":"qzmjmj87-268b-4041-9c29-57beda93ae80"},"fileId":"1eWeSHOChHqL7Qcc0Olhr3"},"_color":{"__type__":"cc.Color","r":255,"g":127},"_contentSize":{"__type__":"cc.Size","width":71.41,"height":25.2},"_trs":{"__type__":"TypedArray","ctor":"Float64Array","array":[1,70,0,0,0,0,1,1,1,1]}},{"__type__":"cc.Node","_name":"pos3","_parent":{"__id__":72},"_children":[{"__id__":82},{"__id__":84}],"_components":[{"__type__":"cc.Widget","node":{"__id__":81},"alignMode":0,"_alignFlags":33,"_right":295.9,"_top":60}],"_prefab":{"__type__":"cc.PrefabInfo","root":{"__id__":1},"asset":{"__uuid__":"qzmjmj87-268b-4041-9c29-57beda93ae80"},"fileId":"a8d88YRkB5MabM13gtk6+Il"},"_trs":{"__type__":"TypedArray","ctor":"Float64Array","array":[384.1,320,0,0,0,0,1,1,1,1]}},{"__type__":"cc.Node","_name":"lb_piaofen3","_parent":{"__id__":81},"_components":[{"__id__":83}],"_prefab":{"__type__":"cc.PrefabInfo","root":{"__id__":1},"asset":{"__uuid__":"qzmjmj87-268b-4041-9c29-57beda93ae80"},"fileId":"a6c97TEh51GA43e6F5wvzux"},"_contentSize":{"__type__":"cc.Size","height":1},"_anchorPoint":{"__type__":"cc.Vec2","x":1,"y":0.5},"_trs":{"__type__":"TypedArray","ctor":"Float64Array","array":[-60,-40,0,0,0,0,1,1,1,1]}},{"__type__":"cc.Label","node":{"__id__":82},"_materials":[{"__uuid__":"ecpdLyjvZBwrvm+cedCcQy"}],"_useOriginalSize":false,"_fontSize":1,"_lineHeight":1,"_N$file":{"__uuid__":"qzmj5af1-af83-42af-bcd7-8f06ea164087"},"_isSystemFontUsed":false,"_N$horizontalAlign":1,"_N$verticalAlign":1},{"__type__":"cc.Node","_name":"lb_lianzhuang","_parent":{"__id__":81},"_components":[{"__type__":"cc.Label","node":{"__id__":84},"_materials":[{"__uuid__":"ecpdLyjvZBwrvm+cedCcQy"}],"_useOriginalSize":false,"_string":"连庄：0","_N$string":"连庄：0","_fontSize":20,"_lineHeight":20,"_N$file":{"__uuid__":"qzmjmj1e-650d-4484-9e24-10ffc791e225"},"_isSystemFontUsed":false,"_N$horizontalAlign":1,"_N$verticalAlign":1}],"_prefab":{"__type__":"cc.PrefabInfo","root":{"__id__":1},"asset":{"__uuid__":"qzmjmj87-268b-4041-9c29-57beda93ae80"},"fileId":"275hEZKyBDVoQ0QWtO53Yx"},"_color":{"__type__":"cc.Color","r":255,"g":127},"_contentSize":{"__type__":"cc.Size","width":71.41,"height":25.2},"_trs":{"__type__":"TypedArray","ctor":"Float64Array","array":[1,70,0,0,0,0,1,1,1,1]}},{"__type__":"cc.Node","_name":"pos4","_parent":{"__id__":72},"_children":[{"__id__":86},{"__id__":88}],"_components":[{"__type__":"cc.Widget","node":{"__id__":85},"alignMode":0,"_alignFlags":8,"_left":80}],"_prefab":{"__type__":"cc.PrefabInfo","root":{"__id__":1},"asset":{"__uuid__":"qzmjmj87-268b-4041-9c29-57beda93ae80"},"fileId":"8716fB8YBRHLbWgfPDEI+SR"},"_trs":{"__type__":"TypedArray","ctor":"Float64Array","array":[-600,60,0,0,0,0,1,1,1,1]}},{"__type__":"cc.Node","_name":"lb_piaofen4","_parent":{"__id__":85},"_components":[{"__id__":87}],"_prefab":{"__type__":"cc.PrefabInfo","root":{"__id__":1},"asset":{"__uuid__":"qzmjmj87-268b-4041-9c29-57beda93ae80"},"fileId":"fa0530OJ9pJTYy08ZYSovgx"},"_contentSize":{"__type__":"cc.Size","height":1},"_anchorPoint":{"__type__":"cc.Vec2","y":0.5},"_trs":{"__type__":"TypedArray","ctor":"Float64Array","array":[60,70,0,0,0,0,1,1,1,1]}},{"__type__":"cc.Label","node":{"__id__":86},"_materials":[{"__uuid__":"ecpdLyjvZBwrvm+cedCcQy"}],"_useOriginalSize":false,"_fontSize":1,"_lineHeight":1,"_N$file":{"__uuid__":"qzmj5af1-af83-42af-bcd7-8f06ea164087"},"_isSystemFontUsed":false,"_N$horizontalAlign":1,"_N$verticalAlign":1},{"__type__":"cc.Node","_name":"lb_lianzhuang","_parent":{"__id__":85},"_components":[{"__type__":"cc.Label","node":{"__id__":88},"_materials":[{"__uuid__":"ecpdLyjvZBwrvm+cedCcQy"}],"_useOriginalSize":false,"_string":"连庄：0","_N$string":"连庄：0","_fontSize":20,"_lineHeight":20,"_N$file":{"__uuid__":"qzmjmj1e-650d-4484-9e24-10ffc791e225"},"_isSystemFontUsed":false,"_N$horizontalAlign":1,"_N$verticalAlign":1}],"_prefab":{"__type__":"cc.PrefabInfo","root":{"__id__":1},"asset":{"__uuid__":"qzmjmj87-268b-4041-9c29-57beda93ae80"},"fileId":"faUI2fKwxD3rxixn9NqIHM"},"_color":{"__type__":"cc.Color","r":255,"g":127},"_contentSize":{"__type__":"cc.Size","width":71.41,"height":25.2},"_trs":{"__type__":"TypedArray","ctor":"Float64Array","array":[1,70,0,0,0,0,1,1,1,1]}},{"__type__":"cc.Node","_name":"btn_exit","_parent":{"__id__":1},"_components":[{"__type__":"cc.Sprite","node":{"__id__":89},"_materials":[{"__uuid__":"ecpdLyjvZBwrvm+cedCcQy"}],"_spriteFrame":{"__uuid__":"qzmjmjb0-8edb-497c-b235-fdae23ba1f99"},"_type":1,"_sizeMode":0},{"__type__":"cc.Button","node":{"__id__":89},"zoomScale":0.9,"clickEvents":[{"__type__":"cc.ClickEvent","target":{"__id__":1},"_componentId":"qzmjmj9d-9457-4e61-8a22-a43bf9d512b9","handler":"OnClick_BtnWnd"}],"_N$transition":3,"transition":3,"_N$pressedColor":{"__type__":"cc.Color","r":255,"g":255,"b":255},"pressedColor":{"__type__":"cc.Color","r":255,"g":255,"b":255},"_N$disabledColor":{"__type__":"cc.Color","r":255,"g":255,"b":255},"_N$pressedSprite":{"__uuid__":"e97GVMl6JHh5Ml5qEDdSGa"},"pressedSprite":{"__uuid__":"e97GVMl6JHh5Ml5qEDdSGa"},"_N$hoverSprite":{"__uuid__":"e97GVMl6JHh5Ml5qEDdSGa"},"hoverSprite":{"__uuid__":"e97GVMl6JHh5Ml5qEDdSGa"},"_N$disabledSprite":{"__uuid__":"29FYIk+N1GYaeWH/q1NxQO"},"_N$target":{"__id__":89}},{"__type__":"cc.Widget","node":{"__id__":89},"alignMode":0,"_alignFlags":9,"_left":-0.5,"_top":-1}],"_prefab":{"__type__":"cc.PrefabInfo","root":{"__id__":1},"asset":{"__uuid__":"qzmjmj87-268b-4041-9c29-57beda93ae80"},"fileId":"c34b3oddhFIdLW7aUhrcAcl"},"_contentSize":{"__type__":"cc.Size","width":100,"height":100},"_trs":{"__type__":"TypedArray","ctor":"Float64Array","array":[-630.5,331,0,0,0,0,1,1,1,1]}},{"__type__":"cc.Node","_name":"sp_ready","_parent":{"__id__":1},"_children":[{"__id__":91},{"__id__":92},{"__id__":94}],"_components":[{"__type__":"cc.Widget","node":{"__id__":90},"alignMode":0,"_alignFlags":16}],"_prefab":{"__type__":"cc.PrefabInfo","root":{"__id__":1},"asset":{"__uuid__":"qzmjmj87-268b-4041-9c29-57beda93ae80"},"fileId":"e8152YJrF9Dy7YyBRaA0MuV"},"_trs":{"__type__":"TypedArray","ctor":"Float64Array","array":[0,0,0,0,0,0,1,1,1,1]}},{"__type__":"cc.Node","_name":"btn_weixin","_parent":{"__id__":90},"_active":false,"_components":[{"__type__":"cc.Sprite","node":{"__id__":91},"_materials":[{"__uuid__":"ecpdLyjvZBwrvm+cedCcQy"}],"_spriteFrame":{"__uuid__":"qzmjmj77-d0f4-4f8f-99ba-5b3dfce3d3c1"},"_type":1,"_sizeMode":2},{"__type__":"cc.Button","node":{"__id__":91},"zoomScale":0.9,"clickEvents":[{"__type__":"cc.ClickEvent","target":{"__id__":1},"_componentId":"qzmjmj9d-9457-4e61-8a22-a43bf9d512b9","handler":"OnClick_BtnWnd"}],"_N$transition":3,"transition":3,"_N$pressedColor":{"__type__":"cc.Color","r":255,"g":255,"b":255},"pressedColor":{"__type__":"cc.Color","r":255,"g":255,"b":255},"_N$disabledColor":{"__type__":"cc.Color","r":255,"g":255,"b":255},"_N$pressedSprite":{"__uuid__":"e97GVMl6JHh5Ml5qEDdSGa"},"pressedSprite":{"__uuid__":"e97GVMl6JHh5Ml5qEDdSGa"},"_N$hoverSprite":{"__uuid__":"e97GVMl6JHh5Ml5qEDdSGa"},"hoverSprite":{"__uuid__":"e97GVMl6JHh5Ml5qEDdSGa"},"_N$disabledSprite":{"__uuid__":"29FYIk+N1GYaeWH/q1NxQO"},"_N$target":{"__id__":91}}],"_prefab":{"__type__":"cc.PrefabInfo","root":{"__id__":1},"asset":{"__uuid__":"qzmjmj87-268b-4041-9c29-57beda93ae80"},"fileId":"55d23Qr1bBFXJRWTFdlre8s"},"_contentSize":{"__type__":"cc.Size","width":274,"height":92},"_trs":{"__type__":"TypedArray","ctor":"Float64Array","array":[-144.2,-197.9,0,0,0,0,1,1,1,1]}},{"__type__":"cc.Node","_name":"btn_roomkey","_parent":{"__id__":90},"_children":[{"__id__":93}],"_active":false,"_components":[{"__type__":"cc.Sprite","node":{"__id__":92},"_materials":[{"__uuid__":"ecpdLyjvZBwrvm+cedCcQy"}],"_spriteFrame":{"__uuid__":"qzmjmjdd-558d-4d12-be2f-bd83e55d93d0"},"_type":1,"_sizeMode":2},{"__type__":"cc.Button","node":{"__id__":92},"zoomScale":0.9,"clickEvents":[{"__type__":"cc.ClickEvent","target":{"__id__":1},"_componentId":"qzmjmj9d-9457-4e61-8a22-a43bf9d512b9","handler":"OnClick_BtnWnd"}],"_N$transition":3,"transition":3,"_N$pressedColor":{"__type__":"cc.Color","r":255,"g":255,"b":255},"pressedColor":{"__type__":"cc.Color","r":255,"g":255,"b":255},"_N$disabledColor":{"__type__":"cc.Color","r":255,"g":255,"b":255},"_N$pressedSprite":{"__uuid__":"e97GVMl6JHh5Ml5qEDdSGa"},"pressedSprite":{"__uuid__":"e97GVMl6JHh5Ml5qEDdSGa"},"_N$hoverSprite":{"__uuid__":"e97GVMl6JHh5Ml5qEDdSGa"},"hoverSprite":{"__uuid__":"e97GVMl6JHh5Ml5qEDdSGa"},"_N$disabledSprite":{"__uuid__":"29FYIk+N1GYaeWH/q1NxQO"},"_N$target":{"__id__":92}}],"_prefab":{"__type__":"cc.PrefabInfo","root":{"__id__":1},"asset":{"__uuid__":"qzmjmj87-268b-4041-9c29-57beda93ae80"},"fileId":"066cdkDRAVKx7juhuRMiEuf"},"_contentSize":{"__type__":"cc.Size","width":223,"height":80},"_trs":{"__type__":"TypedArray","ctor":"Float64Array","array":[134.9,-198.4,0,0,0,0,1,1,1,1]}},{"__type__":"cc.Node","_name":"New Label","_parent":{"__id__":92},"_components":[{"__type__":"cc.Label","node":{"__id__":93},"_materials":[{"__uuid__":"ecpdLyjvZBwrvm+cedCcQy"}],"_useOriginalSize":false,"_string":"复制房号","_N$string":"复制房号","_lineHeight":45,"_N$file":{"__uuid__":"qzmjmj1e-650d-4484-9e24-10ffc791e225"},"_isSystemFontUsed":false,"_N$horizontalAlign":1,"_N$verticalAlign":1},{"__type__":"cc.LabelOutline","node":{"__id__":93},"_color":{"__type__":"cc.Color","r":127,"g":64,"b":8},"_width":2}],"_prefab":{"__type__":"cc.PrefabInfo","root":{"__id__":1},"asset":{"__uuid__":"qzmjmj87-268b-4041-9c29-57beda93ae80"},"fileId":"aebffvYwwdG/K4rpTNYAsc0"},"_contentSize":{"__type__":"cc.Size","width":164,"height":60.7},"_trs":{"__type__":"TypedArray","ctor":"Float64Array","array":[0,0.9,0,0,0,0,1,1,1,1]}},{"__type__":"cc.Node","_name":"btn_ready","_parent":{"__id__":90},"_children":[{"__id__":95}],"_components":[{"__type__":"cc.Sprite","node":{"__id__":94},"_materials":[{"__uuid__":"ecpdLyjvZBwrvm+cedCcQy"}],"_spriteFrame":{"__uuid__":"qzmjmjdd-558d-4d12-be2f-bd83e55d93d0"},"_type":1,"_sizeMode":2},{"__type__":"cc.Button","node":{"__id__":94},"zoomScale":0.9,"clickEvents":[{"__type__":"cc.ClickEvent","target":{"__id__":1},"_componentId":"qzmjmj9d-9457-4e61-8a22-a43bf9d512b9","handler":"OnClick_BtnWnd"}],"_N$transition":3,"transition":3,"_N$pressedColor":{"__type__":"cc.Color","r":255,"g":255,"b":255},"pressedColor":{"__type__":"cc.Color","r":255,"g":255,"b":255},"_N$disabledColor":{"__type__":"cc.Color","r":255,"g":255,"b":255},"_N$pressedSprite":{"__uuid__":"e97GVMl6JHh5Ml5qEDdSGa"},"pressedSprite":{"__uuid__":"e97GVMl6JHh5Ml5qEDdSGa"},"_N$hoverSprite":{"__uuid__":"e97GVMl6JHh5Ml5qEDdSGa"},"hoverSprite":{"__uuid__":"e97GVMl6JHh5Ml5qEDdSGa"},"_N$disabledSprite":{"__uuid__":"29FYIk+N1GYaeWH/q1NxQO"},"_N$target":{"__id__":94}}],"_prefab":{"__type__":"cc.PrefabInfo","root":{"__id__":1},"asset":{"__uuid__":"qzmjmj87-268b-4041-9c29-57beda93ae80"},"fileId":"7179dMkU81H/YaZezHEJepf"},"_contentSize":{"__type__":"cc.Size","width":223,"height":80},"_trs":{"__type__":"TypedArray","ctor":"Float64Array","array":[0,-93,0,0,0,0,1,1,1,1]}},{"__type__":"cc.Node","_name":"New Label","_parent":{"__id__":94},"_components":[{"__type__":"cc.Label","node":{"__id__":95},"_materials":[{"__uuid__":"ecpdLyjvZBwrvm+cedCcQy"}],"_useOriginalSize":false,"_string":"准备","_N$string":"准备","_fontSize":1,"_lineHeight":55,"_N$file":{"__uuid__":"qzmjmj5d-155a-45ad-bcfb-dd7d7b8ee60f"},"_isSystemFontUsed":false,"_N$horizontalAlign":1}],"_prefab":{"__type__":"cc.PrefabInfo","root":{"__id__":1},"asset":{"__uuid__":"qzmjmj87-268b-4041-9c29-57beda93ae80"},"fileId":"c7bdeaJAV9FZaWZNDryygBn"},"_contentSize":{"__type__":"cc.Size","width":102,"height":55},"_trs":{"__type__":"TypedArray","ctor":"Float64Array","array":[0,0,0,0,0,0,1,1,1,1]}},{"__type__":"cc.Node","_name":"right","_parent":{"__id__":1},"_children":[{"__id__":97},{"__id__":98},{"__id__":99},{"__id__":100},{"__id__":101},{"__id__":102}],"_components":[{"__type__":"cc.Widget","node":{"__id__":96},"_alignFlags":33,"_right":10}],"_prefab":{"__type__":"cc.PrefabInfo","root":{"__id__":1},"asset":{"__uuid__":"qzmjmj87-268b-4041-9c29-57beda93ae80"},"fileId":"33fF8ADkBBbpSUla8Nlh/g"},"_trs":{"__type__":"TypedArray","ctor":"Float64Array","array":[670,380,0,0,0,0,1,1,1,1]}},{"__type__":"cc.Node","_name":"btn_setting","_parent":{"__id__":96},"_components":[{"__type__":"cc.Sprite","node":{"__id__":97},"_materials":[{"__uuid__":"ecpdLyjvZBwrvm+cedCcQy"}],"_spriteFrame":{"__uuid__":"qzmjmjf1-e180-45f0-a4b9-e6534d2a7a43"},"_sizeMode":0},{"__type__":"cc.Widget","node":{"__id__":97},"alignMode":0,"_alignFlags":33,"_right":12,"_top":21},{"__type__":"cc.Button","node":{"__id__":97},"clickEvents":[{"__type__":"cc.ClickEvent","target":{"__id__":1},"_componentId":"qzmjmj9d-9457-4e61-8a22-a43bf9d512b9","handler":"OnClick_BtnWnd"}],"_N$transition":3,"transition":3,"_N$normalColor":{"__type__":"cc.Color","r":214,"g":214,"b":214},"_N$target":{"__id__":97}}],"_prefab":{"__type__":"cc.PrefabInfo","root":{"__id__":1},"asset":{"__uuid__":"qzmjmj87-268b-4041-9c29-57beda93ae80"},"fileId":"6fNzSgLPFOPbhOJl/GPLYC"},"_contentSize":{"__type__":"cc.Size","width":68,"height":68},"_trs":{"__type__":"TypedArray","ctor":"Float64Array","array":[-46,-55,0,0,0,0,1,1,1,1]}},{"__type__":"cc.Node","_name":"btn_gps","_parent":{"__id__":96},"_components":[{"__type__":"cc.Sprite","node":{"__id__":98},"_materials":[{"__uuid__":"ecpdLyjvZBwrvm+cedCcQy"}],"_spriteFrame":{"__uuid__":"qzmjmj64-5103-486c-9c34-0040d62b0aa1"}},{"__type__":"cc.Widget","node":{"__id__":98},"alignMode":0,"_alignFlags":33,"_right":5,"_top":109.5},{"__type__":"cc.Button","node":{"__id__":98},"clickEvents":[{"__type__":"cc.ClickEvent","target":{"__id__":1},"_componentId":"qzmjmj9d-9457-4e61-8a22-a43bf9d512b9","handler":"OnClick_BtnWnd"}],"_N$transition":3,"transition":3,"_N$normalColor":{"__type__":"cc.Color","r":214,"g":214,"b":214},"_N$target":{"__id__":98}}],"_prefab":{"__type__":"cc.PrefabInfo","root":{"__id__":1},"asset":{"__uuid__":"qzmjmj87-268b-4041-9c29-57beda93ae80"},"fileId":"e6YR1I9khPNbLxnwSqmgnp"},"_contentSize":{"__type__":"cc.Size","width":82,"height":83},"_trs":{"__type__":"TypedArray","ctor":"Float64Array","array":[-46,-151,0,0,0,0,1,1,1,1]}},{"__type__":"cc.Node","_name":"btn_chat","_parent":{"__id__":96},"_active":false,"_components":[{"__type__":"cc.Sprite","node":{"__id__":99},"_materials":[{"__uuid__":"ecpdLyjvZBwrvm+cedCcQy"}],"_spriteFrame":{"__uuid__":"qzmjmjbf-663b-469f-a7d4-fffcc3c771b0"}},{"__type__":"cc.Widget","node":{"__id__":99},"alignMode":0,"_alignFlags":33,"_right":4,"_top":399},{"__type__":"cc.Button","node":{"__id__":99},"clickEvents":[{"__type__":"cc.ClickEvent","target":{"__id__":1},"_componentId":"qzmjmj9d-9457-4e61-8a22-a43bf9d512b9","handler":"OnClick_BtnWnd"}],"_N$transition":3,"transition":3,"_N$normalColor":{"__type__":"cc.Color","r":214,"g":214,"b":214},"_N$target":{"__id__":99}}],"_prefab":{"__type__":"cc.PrefabInfo","root":{"__id__":1},"asset":{"__uuid__":"qzmjmj87-268b-4041-9c29-57beda93ae80"},"fileId":"09nXiHyd5FS6b1DzHHeTUJ"},"_contentSize":{"__type__":"cc.Size","width":84,"height":84},"_trs":{"__type__":"TypedArray","ctor":"Float64Array","array":[-46,-441,0,0,0,0,1,1,1,1]}},{"__type__":"cc.Node","_name":"btn_voice","_parent":{"__id__":96},"_active":false,"_components":[{"__type__":"cc.Sprite","node":{"__id__":100},"_materials":[{"__uuid__":"ecpdLyjvZBwrvm+cedCcQy"}],"_spriteFrame":{"__uuid__":"qzmjmj68-8879-4998-a2ec-fccd00d96478"}},{"__type__":"cc.Widget","node":{"__id__":100},"alignMode":0,"_alignFlags":33,"_right":4,"_top":493},{"__type__":"cc.Button","node":{"__id__":100},"clickEvents":[{"__type__":"cc.ClickEvent","target":{"__id__":1},"_componentId":"qzmjmj9d-9457-4e61-8a22-a43bf9d512b9","handler":"OnClick_BtnWnd"}],"_N$transition":3,"transition":3,"_N$normalColor":{"__type__":"cc.Color","r":214,"g":214,"b":214},"_N$target":{"__id__":100}}],"_prefab":{"__type__":"cc.PrefabInfo","root":{"__id__":1},"asset":{"__uuid__":"qzmjmj87-268b-4041-9c29-57beda93ae80"},"fileId":"a2wXq0+xZAoKvK3Vzaf2dj"},"_contentSize":{"__type__":"cc.Size","width":84,"height":84},"_trs":{"__type__":"TypedArray","ctor":"Float64Array","array":[-46,-535,0,0,0,0,1,1,1,1]}},{"__type__":"cc.Node","_name":"btn_wanfa","_parent":{"__id__":96},"_components":[{"__type__":"cc.Sprite","node":{"__id__":101},"_materials":[{"__uuid__":"ecpdLyjvZBwrvm+cedCcQy"}],"_spriteFrame":{"__uuid__":"19HbJAEUNPbYCbsZD8ne4Q"}},{"__type__":"cc.Button","node":{"__id__":101},"clickEvents":[{"__type__":"cc.ClickEvent","target":{"__id__":1},"_componentId":"qzmjmj9d-9457-4e61-8a22-a43bf9d512b9","handler":"OnClick_BtnWnd"}],"_N$transition":3,"transition":3,"_N$normalColor":{"__type__":"cc.Color","r":214,"g":214,"b":214},"_N$target":{"__id__":101}},{"__type__":"cc.Widget","node":{"__id__":101},"alignMode":0,"_alignFlags":33,"_right":93.5,"_top":16}],"_prefab":{"__type__":"cc.PrefabInfo","root":{"__id__":1},"asset":{"__uuid__":"qzmjmj87-268b-4041-9c29-57beda93ae80"},"fileId":"7aqLooFNJIBrBPdMYSYtMU"},"_contentSize":{"__type__":"cc.Size","width":73,"height":75},"_trs":{"__type__":"TypedArray","ctor":"Float64Array","array":[-130,-53.5,0,0,0,0,1,1,1,1]}},{"__type__":"cc.Node","_name":"btn_shuaxin","_parent":{"__id__":96},"_components":[{"__type__":"cc.Sprite","node":{"__id__":102},"_materials":[{"__uuid__":"ecpdLyjvZBwrvm+cedCcQy"}],"_spriteFrame":{"__uuid__":"qzmjmje8-7b0f-4066-96d8-0eb68fac5362"},"_sizeMode":0},{"__type__":"cc.Widget","node":{"__id__":102},"alignMode":0,"_alignFlags":33,"_right":184.124,"_top":19.5},{"__type__":"cc.Button","node":{"__id__":102},"clickEvents":[{"__type__":"cc.ClickEvent","target":{"__id__":1},"_componentId":"qzmjmj9d-9457-4e61-8a22-a43bf9d512b9","handler":"OnClick_BtnWnd"}],"_N$transition":3,"transition":3,"_N$normalColor":{"__type__":"cc.Color","r":214,"g":214,"b":214},"_N$target":{"__id__":102}}],"_prefab":{"__type__":"cc.PrefabInfo","root":{"__id__":1},"asset":{"__uuid__":"qzmjmj87-268b-4041-9c29-57beda93ae80"},"fileId":"56jjKrBXdEwYpLZYymn2Ri"},"_contentSize":{"__type__":"cc.Size","width":68,"height":68},"_trs":{"__type__":"TypedArray","ctor":"Float64Array","array":[-218.124,-53.5,0,0,0,0,1,1,1,1]}},{"__type__":"cc.Node","_name":"PosEffect","_parent":{"__id__":1},"_children":[{"__type__":"cc.Node","_name":"Effects4","_parent":{"__id__":103},"_prefab":{"__type__":"cc.PrefabInfo","root":{"__id__":1},"asset":{"__uuid__":"qzmjmj87-268b-4041-9c29-57beda93ae80"},"fileId":"914cbP2SVBIt4t9vawypwWC"},"_contentSize":{"__type__":"cc.Size","width":150,"height":150},"_trs":{"__type__":"TypedArray","ctor":"Float64Array","array":[-219,62,0,0,0,0,1,1,1,1]}},{"__type__":"cc.Node","_name":"Effects3","_parent":{"__id__":103},"_prefab":{"__type__":"cc.PrefabInfo","root":{"__id__":1},"asset":{"__uuid__":"qzmjmj87-268b-4041-9c29-57beda93ae80"},"fileId":"0b07aAkbNlHG7cB+vCTkSAU"},"_contentSize":{"__type__":"cc.Size","width":150,"height":150},"_trs":{"__type__":"TypedArray","ctor":"Float64Array","array":[0,230,0,0,0,0,1,1,1,1]}},{"__type__":"cc.Node","_name":"Effects2","_parent":{"__id__":103},"_prefab":{"__type__":"cc.PrefabInfo","root":{"__id__":1},"asset":{"__uuid__":"qzmjmj87-268b-4041-9c29-57beda93ae80"},"fileId":"cd5eaLI6XpCrZvH60izrixP"},"_contentSize":{"__type__":"cc.Size","width":150,"height":150},"_trs":{"__type__":"TypedArray","ctor":"Float64Array","array":[220,70,0,0,0,0,1,1,1,1]}},{"__type__":"cc.Node","_name":"Effects1","_parent":{"__id__":103},"_prefab":{"__type__":"cc.PrefabInfo","root":{"__id__":1},"asset":{"__uuid__":"qzmjmj87-268b-4041-9c29-57beda93ae80"},"fileId":"e91causLHVNTI4NPDPXQLfv"},"_contentSize":{"__type__":"cc.Size","width":150,"height":150},"_trs":{"__type__":"TypedArray","ctor":"Float64Array","array":[-2,-130.62,0,0,0,0,1,1,0.86,1]}}],"_prefab":{"__type__":"cc.PrefabInfo","root":{"__id__":1},"asset":{"__uuid__":"qzmjmj87-268b-4041-9c29-57beda93ae80"},"fileId":"3da7dVqTnxONLxtUsOK+7aU"},"_trs":{"__type__":"TypedArray","ctor":"Float64Array","array":[0,0,0,0,0,0,1,1,1,1]}},{"__type__":"cc.Node","_name":"PosMoveOutAcrd","_parent":{"__id__":1},"_children":[{"__id__":105},{"__id__":107},{"__id__":108},{"__id__":110},{"__id__":111},{"__id__":113},{"__id__":114},{"__id__":116}],"_prefab":{"__type__":"cc.PrefabInfo","root":{"__id__":1},"asset":{"__uuid__":"qzmjmj87-268b-4041-9c29-57beda93ae80"},"fileId":"e2daebm71BA1ZPWFY2YAoim"},"_trs":{"__type__":"TypedArray","ctor":"Float64Array","array":[0,0,0,0,0,0,1,1,1,1]}},{"__type__":"cc.Node","_name":"card1","_parent":{"__id__":104},"_children":[{"__id__":106}],"_active":false,"_components":[{"__type__":"cc.Sprite","node":{"__id__":105}},{"__type__":"cc.Animation","node":{"__id__":105},"_clips":[{"__uuid__":"qzmjmjc5-6f3b-4c73-9502-aec8ce78b01b"},{"__uuid__":"qzmjmj18-f3e0-4957-b655-b48559862630"}]},{"__type__":"qzmjmj07-35e6-4d31-b557-06fb0042be9f","node":{"__id__":105},"JS_Name":"xymj_BaseComponent"}],"_prefab":{"__type__":"cc.PrefabInfo","root":{"__id__":1},"asset":{"__uuid__":"qzmjmj87-268b-4041-9c29-57beda93ae80"},"fileId":"a3f87Lp0FJPSa46t2jqWrjv"},"_contentSize":{"__type__":"cc.Size","width":109,"height":148},"_trs":{"__type__":"TypedArray","ctor":"Float64Array","array":[172,-92,0,0,0,0,1,1.1,1.1,1]}},{"__type__":"cc.Node","_name":"shot_effect","_parent":{"__id__":105},"_components":[{"__type__":"cc.Sprite","node":{"__id__":106},"_spriteFrame":{"__uuid__":"qzmjmjf0-9785-4cbc-970e-89988ac856fc"}}],"_prefab":{"__type__":"cc.PrefabInfo","root":{"__id__":1},"asset":{"__uuid__":"qzmjmj87-268b-4041-9c29-57beda93ae80"},"fileId":"654ccVJfO5L3pSR7qpqR4jl"},"_contentSize":{"__type__":"cc.Size","width":109,"height":148},"_trs":{"__type__":"TypedArray","ctor":"Float64Array","array":[0,5.684341886080802e-14,0,0,0,0,1,1,1,1]}},{"__type__":"cc.Node","_name":"cardPos1","_parent":{"__id__":104},"_active":false,"_components":[{"__type__":"cc.Sprite","node":{"__id__":107}},{"__type__":"cc.Animation","node":{"__id__":107},"_clips":[{"__uuid__":"qzmjmjc5-6f3b-4c73-9502-aec8ce78b01b"},{"__uuid__":"qzmjmj18-f3e0-4957-b655-b48559862630"}]},{"__type__":"qzmjmj07-35e6-4d31-b557-06fb0042be9f","node":{"__id__":107},"JS_Name":"xymj_BaseComponent"}],"_prefab":{"__type__":"cc.PrefabInfo","root":{"__id__":1},"asset":{"__uuid__":"qzmjmj87-268b-4041-9c29-57beda93ae80"},"fileId":"5343bChczRNKYHrcsQXwrY3"},"_contentSize":{"__type__":"cc.Size","width":109,"height":148},"_trs":{"__type__":"TypedArray","ctor":"Float64Array","array":[172,-92,0,0,0,0,1,1,1,1]}},{"__type__":"cc.Node","_name":"card2","_parent":{"__id__":104},"_children":[{"__id__":109}],"_active":false,"_components":[{"__type__":"cc.Sprite","node":{"__id__":108}},{"__type__":"cc.Animation","node":{"__id__":108},"_clips":[{"__uuid__":"qzmjmjc5-6f3b-4c73-9502-aec8ce78b01b"},{"__uuid__":"qzmjmj18-f3e0-4957-b655-b48559862630"}]},{"__type__":"qzmjmj07-35e6-4d31-b557-06fb0042be9f","node":{"__id__":108},"JS_Name":"xymj_BaseComponent"}],"_prefab":{"__type__":"cc.PrefabInfo","root":{"__id__":1},"asset":{"__uuid__":"qzmjmj87-268b-4041-9c29-57beda93ae80"},"fileId":"52f7fToR2pNgqKpjIsDSpfb"},"_contentSize":{"__type__":"cc.Size","width":109,"height":148},"_trs":{"__type__":"TypedArray","ctor":"Float64Array","array":[258,56,0,0,0,0,1,1,1,1]}},{"__type__":"cc.Node","_name":"shot_effect","_parent":{"__id__":108},"_components":[{"__type__":"cc.Sprite","node":{"__id__":109},"_spriteFrame":{"__uuid__":"qzmjmjf0-9785-4cbc-970e-89988ac856fc"}}],"_prefab":{"__type__":"cc.PrefabInfo","root":{"__id__":1},"asset":{"__uuid__":"qzmjmj87-268b-4041-9c29-57beda93ae80"},"fileId":"abbe07kz8NCeLSErJuhZhxK"},"_contentSize":{"__type__":"cc.Size","width":109,"height":148},"_trs":{"__type__":"TypedArray","ctor":"Float64Array","array":[0,0,0,0,0,0,1,1,1,1]}},{"__type__":"cc.Node","_name":"cardPos2","_parent":{"__id__":104},"_active":false,"_components":[{"__type__":"cc.Sprite","node":{"__id__":110}},{"__type__":"cc.Animation","node":{"__id__":110},"_clips":[{"__uuid__":"qzmjmjc5-6f3b-4c73-9502-aec8ce78b01b"},{"__uuid__":"qzmjmj18-f3e0-4957-b655-b48559862630"}]},{"__type__":"qzmjmj07-35e6-4d31-b557-06fb0042be9f","node":{"__id__":110},"JS_Name":"xymj_BaseComponent"}],"_prefab":{"__type__":"cc.PrefabInfo","root":{"__id__":1},"asset":{"__uuid__":"qzmjmj87-268b-4041-9c29-57beda93ae80"},"fileId":"07573MejDVOoL1v6leOkWPO"},"_contentSize":{"__type__":"cc.Size","width":109,"height":148},"_trs":{"__type__":"TypedArray","ctor":"Float64Array","array":[258,56,0,0,0,0,1,1,1,1]}},{"__type__":"cc.Node","_name":"card3","_parent":{"__id__":104},"_children":[{"__id__":112}],"_active":false,"_components":[{"__type__":"cc.Sprite","node":{"__id__":111}},{"__type__":"cc.Animation","node":{"__id__":111},"_clips":[{"__uuid__":"qzmjmjc5-6f3b-4c73-9502-aec8ce78b01b"},{"__uuid__":"qzmjmj18-f3e0-4957-b655-b48559862630"}]},{"__type__":"qzmjmj07-35e6-4d31-b557-06fb0042be9f","node":{"__id__":111},"JS_Name":"xymj_BaseComponent"}],"_prefab":{"__type__":"cc.PrefabInfo","root":{"__id__":1},"asset":{"__uuid__":"qzmjmj87-268b-4041-9c29-57beda93ae80"},"fileId":"ab3aeD13adAzbH+Bz4n9+2v"},"_contentSize":{"__type__":"cc.Size","width":109,"height":148},"_trs":{"__type__":"TypedArray","ctor":"Float64Array","array":[-154,203,0,0,0,0,1,1,1,1]}},{"__type__":"cc.Node","_name":"shot_effect","_parent":{"__id__":111},"_components":[{"__type__":"cc.Sprite","node":{"__id__":112},"_spriteFrame":{"__uuid__":"qzmjmjf0-9785-4cbc-970e-89988ac856fc"}}],"_prefab":{"__type__":"cc.PrefabInfo","root":{"__id__":1},"asset":{"__uuid__":"qzmjmj87-268b-4041-9c29-57beda93ae80"},"fileId":"2fb28UNYKVNNYY4rmaaBBOE"},"_contentSize":{"__type__":"cc.Size","width":109,"height":148},"_trs":{"__type__":"TypedArray","ctor":"Float64Array","array":[0,0,0,0,0,0,1,1,1,1]}},{"__type__":"cc.Node","_name":"cardPos3","_parent":{"__id__":104},"_active":false,"_components":[{"__type__":"cc.Sprite","node":{"__id__":113}},{"__type__":"cc.Animation","node":{"__id__":113},"_clips":[{"__uuid__":"qzmjmjc5-6f3b-4c73-9502-aec8ce78b01b"},{"__uuid__":"qzmjmj18-f3e0-4957-b655-b48559862630"}]},{"__type__":"qzmjmj07-35e6-4d31-b557-06fb0042be9f","node":{"__id__":113},"JS_Name":"xymj_BaseComponent"}],"_prefab":{"__type__":"cc.PrefabInfo","root":{"__id__":1},"asset":{"__uuid__":"qzmjmj87-268b-4041-9c29-57beda93ae80"},"fileId":"d459d+CfipE2pvHNxCQ7Tro"},"_contentSize":{"__type__":"cc.Size","width":109,"height":148},"_trs":{"__type__":"TypedArray","ctor":"Float64Array","array":[-154,203,0,0,0,0,1,1,1,1]}},{"__type__":"cc.Node","_name":"card4","_parent":{"__id__":104},"_children":[{"__id__":115}],"_active":false,"_components":[{"__type__":"cc.Sprite","node":{"__id__":114}},{"__type__":"cc.Animation","node":{"__id__":114},"_clips":[{"__uuid__":"qzmjmjc5-6f3b-4c73-9502-aec8ce78b01b"},{"__uuid__":"qzmjmj18-f3e0-4957-b655-b48559862630"}]},{"__type__":"qzmjmj07-35e6-4d31-b557-06fb0042be9f","node":{"__id__":114},"JS_Name":"xymj_BaseComponent"}],"_prefab":{"__type__":"cc.PrefabInfo","root":{"__id__":1},"asset":{"__uuid__":"qzmjmj87-268b-4041-9c29-57beda93ae80"},"fileId":"6e20ebTM05EYbwV9CH1d7RQ"},"_contentSize":{"__type__":"cc.Size","width":109,"height":148},"_trs":{"__type__":"TypedArray","ctor":"Float64Array","array":[-305,57,0,0,0,0,1,1,1,1]}},{"__type__":"cc.Node","_name":"shot_effect","_parent":{"__id__":114},"_components":[{"__type__":"cc.Sprite","node":{"__id__":115},"_spriteFrame":{"__uuid__":"qzmjmjf0-9785-4cbc-970e-89988ac856fc"}}],"_prefab":{"__type__":"cc.PrefabInfo","root":{"__id__":1},"asset":{"__uuid__":"qzmjmj87-268b-4041-9c29-57beda93ae80"},"fileId":"2ae56DXP4JGQLdQ92MnBdIN"},"_contentSize":{"__type__":"cc.Size","width":109,"height":148},"_trs":{"__type__":"TypedArray","ctor":"Float64Array","array":[0,0,0,0,0,0,1,1,1,1]}},{"__type__":"cc.Node","_name":"cardPos4","_parent":{"__id__":104},"_active":false,"_components":[{"__type__":"cc.Sprite","node":{"__id__":116}},{"__type__":"cc.Animation","node":{"__id__":116},"_clips":[{"__uuid__":"qzmjmjc5-6f3b-4c73-9502-aec8ce78b01b"},{"__uuid__":"qzmjmj18-f3e0-4957-b655-b48559862630"}]},{"__type__":"qzmjmj07-35e6-4d31-b557-06fb0042be9f","node":{"__id__":116},"JS_Name":"xymj_BaseComponent"}],"_prefab":{"__type__":"cc.PrefabInfo","root":{"__id__":1},"asset":{"__uuid__":"qzmjmj87-268b-4041-9c29-57beda93ae80"},"fileId":"926b1o4DKhFyJo0VPS4y1hn"},"_contentSize":{"__type__":"cc.Size","width":109,"height":148},"_trs":{"__type__":"TypedArray","ctor":"Float64Array","array":[-305,57,0,0,0,0,1,1,1,1]}},{"__type__":"cc.Node","_name":"jin1","_parent":{"__id__":1},"_active":false,"_components":[{"__type__":"cc.Sprite","node":{"__id__":117},"_sizeMode":0}],"_prefab":{"__type__":"cc.PrefabInfo","root":{"__id__":1},"asset":{"__uuid__":"qzmjmj87-268b-4041-9c29-57beda93ae80"},"fileId":"648f0gmN9FFZ6X8OkKQS2uK"},"_contentSize":{"__type__":"cc.Size","width":50,"height":80},"_trs":{"__type__":"TypedArray","ctor":"Float64Array","array":[0,0,0,0,0,0,1,1,1,1]}},{"__type__":"cc.Node","_name":"jin2","_parent":{"__id__":1},"_active":false,"_components":[{"__type__":"cc.Sprite","node":{"__id__":118},"_sizeMode":0}],"_prefab":{"__type__":"cc.PrefabInfo","root":{"__id__":1},"asset":{"__uuid__":"qzmjmj87-268b-4041-9c29-57beda93ae80"},"fileId":"a1VZw0a69HsLQ1Jz22ovxC"},"_contentSize":{"__type__":"cc.Size","width":50,"height":80},"_trs":{"__type__":"TypedArray","ctor":"Float64Array","array":[0,0,0,0,0,0,1,1,1,1]}},{"__type__":"cc.Node","_name":"hua_demo","_parent":{"__id__":1},"_active":false,"_components":[{"__type__":"cc.Sprite","node":{"__id__":119}}],"_prefab":{"__type__":"cc.PrefabInfo","root":{"__id__":1},"asset":{"__uuid__":"qzmjmj87-268b-4041-9c29-57beda93ae80"},"fileId":"1121bLx8KRFhowACgbzkv+u"},"_contentSize":{"__type__":"cc.Size","width":34,"height":34},"_trs":{"__type__":"TypedArray","ctor":"Float64Array","array":[0,0,0,0,0,0,1,1,1,1]}},{"__type__":"cc.Node","_name":"nd_out04","_parent":{"__id__":1},"_children":[{"__id__":121}],"_active":false,"_components":[{"__type__":"cc.Sprite","node":{"__id__":120}}],"_prefab":{"__type__":"cc.PrefabInfo","root":{"__id__":1},"asset":{"__uuid__":"qzmjmj87-268b-4041-9c29-57beda93ae80"},"fileId":"566d5r9N/ZChKhmFVCZNMQK"},"_contentSize":{"__type__":"cc.Size","width":67,"height":62},"_trs":{"__type__":"TypedArray","ctor":"Float64Array","array":[0,0,0,0,0,0,1,1,1,1]}},{"__type__":"cc.Node","_name":"da","_parent":{"__id__":120},"_active":false,"_components":[{"__type__":"cc.Sprite","node":{"__id__":121},"_sizeMode":0}],"_prefab":{"__type__":"cc.PrefabInfo","root":{"__id__":1},"asset":{"__uuid__":"qzmjmj87-268b-4041-9c29-57beda93ae80"},"fileId":"4dcb81pkcNCTacGvHjS1yZK"},"_contentSize":{"__type__":"cc.Size","width":53,"height":59},"_trs":{"__type__":"TypedArray","ctor":"Float64Array","array":[7,8.2,0,0,0,-0.7132504491541816,0.7009092642998509,0.6,0.6,1]},"_eulerAngles":{"__type__":"cc.Vec3","z":-91}},{"__type__":"cc.Node","_name":"nd_out03","_parent":{"__id__":1},"_children":[{"__id__":123}],"_active":false,"_components":[{"__type__":"cc.Sprite","node":{"__id__":122}}],"_prefab":{"__type__":"cc.PrefabInfo","root":{"__id__":1},"asset":{"__uuid__":"qzmjmj87-268b-4041-9c29-57beda93ae80"},"fileId":"443a6k6ju5Fzby1IfUhA7p+"},"_contentSize":{"__type__":"cc.Size","width":47,"height":76},"_trs":{"__type__":"TypedArray","ctor":"Float64Array","array":[0,0,0,0,0,0,1,0.9,0.9,1]}},{"__type__":"cc.Node","_name":"da","_parent":{"__id__":122},"_active":false,"_components":[{"__type__":"cc.Sprite","node":{"__id__":123},"_sizeMode":0}],"_prefab":{"__type__":"cc.PrefabInfo","root":{"__id__":1},"asset":{"__uuid__":"qzmjmj87-268b-4041-9c29-57beda93ae80"},"fileId":"c1b8deOlT5DVZTqGtQf94Wf"},"_contentSize":{"__type__":"cc.Size","width":53,"height":59},"_trs":{"__type__":"TypedArray","ctor":"Float64Array","array":[-7.1,17.7,0,0,0,0,1,0.6,0.6,1]}},{"__type__":"cc.Node","_name":"nd_out01","_parent":{"__id__":1},"_children":[{"__id__":125}],"_active":false,"_components":[{"__type__":"cc.Sprite","node":{"__id__":124}}],"_prefab":{"__type__":"cc.PrefabInfo","root":{"__id__":1},"asset":{"__uuid__":"qzmjmj87-268b-4041-9c29-57beda93ae80"},"fileId":"de450U6dE5Dj5A/ZYkfJ+rG"},"_contentSize":{"__type__":"cc.Size","width":47,"height":76},"_trs":{"__type__":"TypedArray","ctor":"Float64Array","array":[0,0,0,0,0,0,1,1,1,1]}},{"__type__":"cc.Node","_name":"da","_parent":{"__id__":124},"_active":false,"_components":[{"__type__":"cc.Sprite","node":{"__id__":125},"_sizeMode":0}],"_prefab":{"__type__":"cc.PrefabInfo","root":{"__id__":1},"asset":{"__uuid__":"qzmjmj87-268b-4041-9c29-57beda93ae80"},"fileId":"ca93eq1gYdMPozsKW6SjL1m"},"_contentSize":{"__type__":"cc.Size","width":53,"height":59},"_trs":{"__type__":"TypedArray","ctor":"Float64Array","array":[-7.7,18.3,0,0,0,0,1,0.6,0.6,1]}},{"__type__":"cc.Node","_name":"nd_out02","_parent":{"__id__":1},"_children":[{"__id__":127}],"_active":false,"_components":[{"__type__":"cc.Sprite","node":{"__id__":126}}],"_prefab":{"__type__":"cc.PrefabInfo","root":{"__id__":1},"asset":{"__uuid__":"qzmjmj87-268b-4041-9c29-57beda93ae80"},"fileId":"f0c0eb0qD5CRaiAiFWRSUM0"},"_contentSize":{"__type__":"cc.Size","width":67,"height":62},"_trs":{"__type__":"TypedArray","ctor":"Float64Array","array":[0,0,0,0,0,0,1,1,1,1]}},{"__type__":"cc.Node","_name":"da","_parent":{"__id__":126},"_active":false,"_components":[{"__type__":"cc.Sprite","node":{"__id__":127},"_sizeMode":0}],"_prefab":{"__type__":"cc.PrefabInfo","root":{"__id__":1},"asset":{"__uuid__":"qzmjmj87-268b-4041-9c29-57beda93ae80"},"fileId":"a3221uA4EpBCIidAWL0cUUU"},"_contentSize":{"__type__":"cc.Size","width":53,"height":59},"_trs":{"__type__":"TypedArray","ctor":"Float64Array","array":[-6.9,6.2,0,0,0,0.7126385189252055,0.7015314257708557,0.6,0.6,1]},"_eulerAngles":{"__type__":"cc.Vec3","z":90.9}},{"__type__":"cc.Node","_name":"sp_piaofen","_parent":{"__id__":1},"_children":[{"__id__":129},{"__id__":131},{"__id__":133}],"_active":false,"_components":[{"__type__":"cc.Layout","node":{"__id__":128},"_layoutSize":{"__type__":"cc.Size","width":789,"height":80},"_resize":1,"_N$layoutType":1,"_N$spacingX":30}],"_prefab":{"__type__":"cc.PrefabInfo","root":{"__id__":1},"asset":{"__uuid__":"qzmjmj87-268b-4041-9c29-57beda93ae80"},"fileId":"14FNUies1J9rpXEfz+tOtf"},"_contentSize":{"__type__":"cc.Size","width":789,"height":80},"_trs":{"__type__":"TypedArray","ctor":"Float64Array","array":[0,-141,0,0,0,0,1,1,1,1]}},{"__type__":"cc.Node","_name":"btn_bupiaofen","_parent":{"__id__":128},"_children":[{"__id__":130}],"_components":[{"__type__":"cc.Sprite","node":{"__id__":129},"_materials":[{"__uuid__":"ecpdLyjvZBwrvm+cedCcQy"}],"_spriteFrame":{"__uuid__":"qzmjmj1e-2302-43db-acf0-f80fb6d27f32"}},{"__type__":"cc.Button","node":{"__id__":129},"_normalMaterial":{"__uuid__":"ecpdLyjvZBwrvm+cedCcQy"},"zoomScale":0.9,"clickEvents":[{"__type__":"cc.ClickEvent","target":{"__id__":1},"_componentId":"qzmjmj9d-9457-4e61-8a22-a43bf9d512b9","handler":"OnClick_BtnWnd"}],"_N$transition":3,"transition":3,"_N$target":{"__id__":129}}],"_prefab":{"__type__":"cc.PrefabInfo","root":{"__id__":1},"asset":{"__uuid__":"qzmjmj87-268b-4041-9c29-57beda93ae80"},"fileId":"e6u657eqFGIJmtsF7t4twk"},"_contentSize":{"__type__":"cc.Size","width":243,"height":77},"_trs":{"__type__":"TypedArray","ctor":"Float64Array","array":[-273,0,0,0,0,0,1,1,1,1]}},{"__type__":"cc.Node","_name":"New Label","_parent":{"__id__":129},"_components":[{"__type__":"cc.Label","node":{"__id__":130},"_materials":[{"__uuid__":"ecpdLyjvZBwrvm+cedCcQy"}],"_useOriginalSize":false,"_string":"不 插 码","_N$string":"不 插 码","_N$file":{"__uuid__":"qzmjmj1e-650d-4484-9e24-10ffc791e225"},"_isSystemFontUsed":false,"_N$horizontalAlign":1,"_N$verticalAlign":1}],"_prefab":{"__type__":"cc.PrefabInfo","root":{"__id__":1},"asset":{"__uuid__":"qzmjmj87-268b-4041-9c29-57beda93ae80"},"fileId":"b9qsayvWtKdq9ddSuhqzDC"},"_color":{"__type__":"cc.Color","r":82,"g":107},"_contentSize":{"__type__":"cc.Size","width":141.25,"height":50.4},"_trs":{"__type__":"TypedArray","ctor":"Float64Array","array":[0,0,0,0,0,0,1,1,1,1]}},{"__type__":"cc.Node","_name":"btn_piaofen1","_parent":{"__id__":128},"_children":[{"__id__":132}],"_components":[{"__type__":"cc.Sprite","node":{"__id__":131},"_materials":[{"__uuid__":"ecpdLyjvZBwrvm+cedCcQy"}],"_spriteFrame":{"__uuid__":"qzmjmj01-65a2-4953-b33f-5c8985e00dac"}},{"__type__":"cc.Button","node":{"__id__":131},"_normalMaterial":{"__uuid__":"ecpdLyjvZBwrvm+cedCcQy"},"zoomScale":0.9,"clickEvents":[{"__type__":"cc.ClickEvent","target":{"__id__":1},"_componentId":"qzmjmj9d-9457-4e61-8a22-a43bf9d512b9","handler":"OnClick_BtnWnd"}],"_N$transition":3,"transition":3,"_N$target":{"__id__":131}}],"_prefab":{"__type__":"cc.PrefabInfo","root":{"__id__":1},"asset":{"__uuid__":"qzmjmj87-268b-4041-9c29-57beda93ae80"},"fileId":"8cKs047aZCN7WfRNZUQ6jz"},"_contentSize":{"__type__":"cc.Size","width":243,"height":77},"_trs":{"__type__":"TypedArray","ctor":"Float64Array","array":[0,0,0,0,0,0,1,1,1,1]}},{"__type__":"cc.Node","_name":"New Label","_parent":{"__id__":131},"_components":[{"__type__":"cc.Label","node":{"__id__":132},"_materials":[{"__uuid__":"ecpdLyjvZBwrvm+cedCcQy"}],"_useOriginalSize":false,"_string":"插 1 分","_N$string":"插 1 分","_N$file":{"__uuid__":"qzmjmj1e-650d-4484-9e24-10ffc791e225"},"_isSystemFontUsed":false,"_N$horizontalAlign":1,"_N$verticalAlign":1}],"_prefab":{"__type__":"cc.PrefabInfo","root":{"__id__":1},"asset":{"__uuid__":"qzmjmj87-268b-4041-9c29-57beda93ae80"},"fileId":"61Q/jAcrVCxqsQ1v0u3Y/W"},"_color":{"__type__":"cc.Color","r":135,"g":84,"b":34},"_contentSize":{"__type__":"cc.Size","width":115.94,"height":50.4},"_trs":{"__type__":"TypedArray","ctor":"Float64Array","array":[0,0,0,0,0,0,1,1,1,1]}},{"__type__":"cc.Node","_name":"btn_piaofen2","_parent":{"__id__":128},"_children":[{"__id__":134}],"_components":[{"__type__":"cc.Sprite","node":{"__id__":133},"_materials":[{"__uuid__":"ecpdLyjvZBwrvm+cedCcQy"}],"_spriteFrame":{"__uuid__":"qzmjmj01-65a2-4953-b33f-5c8985e00dac"}},{"__type__":"cc.Button","node":{"__id__":133},"_normalMaterial":{"__uuid__":"ecpdLyjvZBwrvm+cedCcQy"},"zoomScale":0.9,"clickEvents":[{"__type__":"cc.ClickEvent","target":{"__id__":1},"_componentId":"qzmjmj9d-9457-4e61-8a22-a43bf9d512b9","handler":"OnClick_BtnWnd"}],"_N$transition":3,"transition":3,"_N$target":{"__id__":133}}],"_prefab":{"__type__":"cc.PrefabInfo","root":{"__id__":1},"asset":{"__uuid__":"qzmjmj87-268b-4041-9c29-57beda93ae80"},"fileId":"0fwlI+F+xPAaQkGjlaF7KU"},"_contentSize":{"__type__":"cc.Size","width":243,"height":77},"_trs":{"__type__":"TypedArray","ctor":"Float64Array","array":[273,0,0,0,0,0,1,1,1,1]}},{"__type__":"cc.Node","_name":"New Label","_parent":{"__id__":133},"_components":[{"__type__":"cc.Label","node":{"__id__":134},"_materials":[{"__uuid__":"ecpdLyjvZBwrvm+cedCcQy"}],"_useOriginalSize":false,"_string":"插 2 分","_N$string":"插 2 分","_N$file":{"__uuid__":"qzmjmj1e-650d-4484-9e24-10ffc791e225"},"_isSystemFontUsed":false,"_N$horizontalAlign":1,"_N$verticalAlign":1}],"_prefab":{"__type__":"cc.PrefabInfo","root":{"__id__":1},"asset":{"__uuid__":"qzmjmj87-268b-4041-9c29-57beda93ae80"},"fileId":"65CTCSOf9LXKXeMH2dGawz"},"_color":{"__type__":"cc.Color","r":135,"g":84,"b":34},"_contentSize":{"__type__":"cc.Size","width":124.06,"height":50.4},"_trs":{"__type__":"TypedArray","ctor":"Float64Array","array":[0,0,0,0,0,0,1,1,1,1]}},{"__type__":"cc.Node","_name":"lb_tsy","_parent":{"__id__":1},"_components":[{"__type__":"cc.Label","node":{"__id__":135},"_materials":[{"__uuid__":"ecpdLyjvZBwrvm+cedCcQy"}],"_fontSize":1,"_N$file":{"__uuid__":"qzmjmj81-e340-4ebb-ab62-3990fbfe802d"},"_isSystemFontUsed":false,"_N$horizontalAlign":1,"_N$verticalAlign":1}],"_prefab":{"__type__":"cc.PrefabInfo","root":{"__id__":1},"asset":{"__uuid__":"qzmjmj87-268b-4041-9c29-57beda93ae80"},"fileId":"7cM3+wMg5JMp8nvQCXhyc+"},"_contentSize":{"__type__":"cc.Size","height":40},"_trs":{"__type__":"TypedArray","ctor":"Float64Array","array":[0,0,0,0,0,0,1,1,1,1]}},{"__type__":"cc.Node","_name":"time","_parent":{"__id__":1},"_components":[{"__type__":"cc.Label","node":{"__id__":136},"_materials":[{"__uuid__":"ecpdLyjvZBwrvm+cedCcQy"}],"_useOriginalSize":false,"_fontSize":30,"_N$file":{"__uuid__":"qzmjmjdc-8bbe-46a4-877f-9801f06e4eae"},"_isSystemFontUsed":false,"_N$horizontalAlign":1,"_N$verticalAlign":1}],"_prefab":{"__type__":"cc.PrefabInfo","root":{"__id__":1},"asset":{"__uuid__":"qzmjmj87-268b-4041-9c29-57beda93ae80"},"fileId":"363bcDyDvNPA6QkYP4TIsv1"},"_contentSize":{"__type__":"cc.Size","height":37.5},"_trs":{"__type__":"TypedArray","ctor":"Float64Array","array":[0,67.9,0,0,0,0,1,1,1,1]}},{"__type__":"cc.Node","_name":"btn_change","_parent":{"__id__":1},"_active":false,"_components":[{"__type__":"cc.Sprite","node":{"__id__":137},"_spriteFrame":{"__uuid__":"qzmjmjcd-e1fb-42a3-9a76-181122f95bcd"}},{"__type__":"cc.Button","node":{"__id__":137},"clickEvents":[{"__type__":"cc.ClickEvent","target":{"__id__":1},"_componentId":"qzmjmj9d-9457-4e61-8a22-a43bf9d512b9","handler":"OnClick_BtnWnd"}],"_N$transition":3,"transition":3,"_N$normalColor":{"__type__":"cc.Color","r":214,"g":214,"b":214},"_N$target":{"__id__":137}},{"__type__":"cc.Widget","node":{"__id__":137},"alignMode":0,"_alignFlags":8,"_left":101.5}],"_prefab":{"__type__":"cc.PrefabInfo","root":{"__id__":1},"asset":{"__uuid__":"qzmjmj87-268b-4041-9c29-57beda93ae80"},"fileId":"ea91dkqeChNgInJPuqGFIfv"},"_contentSize":{"__type__":"cc.Size","width":157,"height":63},"_trs":{"__type__":"TypedArray","ctor":"Float64Array","array":[-500,259,0,0,0,0,1,1,1,1]}},{"__type__":"cc.Node","_name":"now_time","_parent":{"__id__":1},"_components":[{"__type__":"cc.Label","node":{"__id__":138},"_materials":[{"__uuid__":"ecpdLyjvZBwrvm+cedCcQy"}],"_useOriginalSize":false,"_string":"15:30","_N$string":"15:30","_fontSize":20,"_lineHeight":20,"_N$file":{"__uuid__":"qzmjmj1e-650d-4484-9e24-10ffc791e225"},"_isSystemFontUsed":false,"_N$horizontalAlign":1,"_N$verticalAlign":1},{"__type__":"cc.Widget","node":{"__id__":138},"_alignFlags":33,"_right":1199.601}],"_prefab":{"__type__":"cc.PrefabInfo","root":{"__id__":1},"asset":{"__uuid__":"qzmjmj87-268b-4041-9c29-57beda93ae80"},"fileId":"2byQMFA1lOQ4bVNolXXUNM"},"_contentSize":{"__type__":"cc.Size","width":46.88,"height":25.2},"_trs":{"__type__":"TypedArray","ctor":"Float64Array","array":[-543.0410000000002,367.4,0,0,0,0,1,1,1,1]}}],{"__type__":"cc.SpriteFrame","content":{"name":"5-1","texture":"18112c6e5","rect":[0,153,49,52],"offset":[0,0.5],"originalSize":[55,53],"capInsets":[0,0,0,0]}},{"__type__":"cc.SpriteFrame","content":{"name":"1-4","texture":"18112c6e5","rect":[49,99,52,48],"offset":[0.5,0.5],"originalSize":[55,53],"capInsets":[0,0,0,0]}},{"__type__":"cc.SpriteFrame","content":{"name":"btn_fh","texture":"qzmjmj44-0674-4a84-b7e2-a622c6d29bcb","rect":[0,0,100,100],"offset":[0,0],"originalSize":[100,100],"capInsets":[0,0,0,0]}},{"__type__":"cc.SpriteFrame","content":{"name":"1-1","texture":"18112c6e5","rect":[101,99,49,52],"offset":[0,0.5],"originalSize":[55,53],"capInsets":[0,0,0,0]}},{"__type__":"cc.SpriteFrame","content":{"name":"nan2","texture":"1398fa5bb","rect":[138,241,35,86],"offset":[-68,4.5],"originalSize":[177,127],"capInsets":[0,0,0,0]}},{"__type__":"cc.SpriteFrame","content":{"name":"btn_talk","texture":"qzmjmj6e-8d78-48a1-9968-5ee074445f62","rect":[0,1,84,84],"offset":[0,0],"originalSize":[84,86],"capInsets":[0,0,0,0]}},{"__type__":"cc.SpriteFrame","content":{"name":"nan22","texture":"1398fa5bb","rect":[247,253,53,86],"offset":[-59,4.5],"originalSize":[177,127],"capInsets":[0,0,0,0]}},{"__type__":"cc.SpriteFrame","content":{"name":"btn_qhrs","texture":"qzmjmj68-9723-4040-9d49-62de177b1c4d","rect":[0,0,157,63],"offset":[0,0],"originalSize":[157,63],"capInsets":[0,0,0,0]}},{"__type__":"cc.SpriteFrame","content":{"name":"btn_yellow01","texture":"qzmjmja7-bc9b-4ea1-97af-700555194b18","rect":[0,0,223,80],"offset":[0,0],"originalSize":[223,80],"capInsets":[0,0,0,0]}},{"__type__":"cc.SpriteFrame","content":{"name":"bg_mjz","texture":"qzmjmjba-3199-4a52-afbe-793a398d48dd","rect":[0,0,1750,800],"offset":[0,0],"originalSize":[1750,800],"capInsets":[0,0,0,0]}},{"__type__":"cc.SpriteFrame","content":{"name":"bg_jinpai","texture":"qzmjmj93-930f-41f2-b19d-440c65a9ac4c","rect":[0,0,126,126],"offset":[0,0],"originalSize":[126,126],"capInsets":[0,0,0,0]}},{"__type__":"cc.SpriteFrame","content":{"name":"3-1","texture":"18112c6e5","rect":[49,147,49,52],"offset":[0,0.5],"originalSize":[55,53],"capInsets":[0,0,0,0]}},{"__type__":"cc.SpriteFrame","content":{"name":"btn_sx","texture":"qzmjmjc8-c542-4132-a192-d8575144a527","rect":[1,4,81,82],"offset":[0,-2],"originalSize":[83,86],"capInsets":[0,0,0,0]}},{"__type__":"cc.SpriteFrame","content":{"name":"bg_xx","texture":"qzmjmj87-5e6a-4519-bd5e-75aae646e4ee","rect":[0,0,215,40],"offset":[0,0],"originalSize":[215,40],"capInsets":[0,0,0,0]}},{"__type__":"cc.SpriteFrame","content":{"name":"bg_remnant","texture":"qzmjmj61-1897-4022-9628-2039be1e2d0d","rect":[0,0,84,43],"offset":[0,0],"originalSize":[84,43],"capInsets":[0,0,0,0]}},{"__type__":"cc.SpriteFrame","content":{"name":"shot_effect","texture":"qzmjmj4f-5fb8-4045-8930-7762ea5b43da","rect":[0,0,109,148],"offset":[0,0.5],"originalSize":[109,149],"capInsets":[0,0,0,0]}},{"__type__":"cc.SpriteFrame","content":{"name":"btn_more","texture":"qzmjmj98-6dd7-498e-89bb-cef4d2750ca2","rect":[0,0,79,78],"offset":[0,0],"originalSize":[79,78],"capInsets":[0,0,0,0]}},{"__type__":"cc.SpriteFrame","content":{"name":"dong1","texture":"1398fa5bb","rect":[183,191,125,28],"offset":[0,-43.5],"originalSize":[177,127],"capInsets":[0,0,0,0]}},{"__type__":"cc.SpriteFrame","content":{"name":"2-1","texture":"18112c6e5","rect":[49,199,49,52],"offset":[0,0.5],"originalSize":[55,53],"capInsets":[0,0,0,0]}},{"__type__":"cc.SpriteFrame","content":{"name":"bg_jinpai2","texture":"qzmjmj41-3631-4a3d-9daa-18c4987ceb5f","rect":[4,5,118,118],"offset":[0,-1],"originalSize":[126,126],"capInsets":[0,0,0,0]}}]