[{"__type__":"cc.SpriteFrame","content":{"name":"red_xipai_32","texture":"fjssz8fb-ef7b-4f49-9149-f0b3dbe7fd4c","rect":[60,4,92,107],"offset":[-10,-2],"originalSize":[232,111],"capInsets":[0,0,0,0]}},{"__type__":"cc.SpriteFrame","content":{"name":"red_xipai_27","texture":"fjsszb53-4ce7-49f1-ad9a-4e9698201da4","rect":[10,4,142,107],"offset":[-35,-2],"originalSize":[232,111],"capInsets":[0,0,0,0]}},{"__type__":"cc.SpriteFrame","content":{"name":"red_xipai_21","texture":"fjssz004-7252-4e87-83e7-5acc000519b6","rect":[50,3,102,108],"offset":[-15,-1.5],"originalSize":[232,111],"capInsets":[0,0,0,0]}},{"__type__":"cc.SpriteFrame","content":{"name":"red_xipai_31","texture":"fjssz559-3b90-46f7-bb94-cc4e04b97741","rect":[50,4,102,107],"offset":[-15,-2],"originalSize":[232,111],"capInsets":[0,0,0,0]}},{"__type__":"cc.SpriteFrame","content":{"name":"red_xipai_13","texture":"fjssz1d4-94fd-479c-80a6-702d53a439fc","rect":[80,3,122,108],"offset":[25,-1.5],"originalSize":[232,111],"capInsets":[0,0,0,0]}},{"__type__":"cc.SpriteFrame","content":{"name":"red_xipai_30","texture":"fjsszae3-8d49-4736-80cd-2dc81dec2130","rect":[40,4,112,107],"offset":[-20,-2],"originalSize":[232,111],"capInsets":[0,0,0,0]}},{"__type__":"cc.SpriteFrame","content":{"name":"red_xipai_35","texture":"fjsszfda-042c-4900-9c01-282cc2acae40","rect":[80,0,72,111],"offset":[0,0],"originalSize":[232,111],"capInsets":[0,0,0,0]}},{"__type__":"cc.SpriteFrame","content":{"name":"red_xipai_25","texture":"fjsszf6b-e99b-4b59-98fe-f332c29f50ce","rect":[10,3,142,108],"offset":[-35,-1.5],"originalSize":[232,111],"capInsets":[0,0,0,0]}},{"__type__":"cc.SpriteFrame","content":{"name":"red_xipai_22","texture":"fjssz698-6ab1-4fbf-830d-dee0229417b7","rect":[40,3,112,108],"offset":[-20,-1.5],"originalSize":[232,111],"capInsets":[0,0,0,0]}},{"__type__":"cc.SpriteFrame","content":{"name":"red_xipai_11","texture":"fjsszfab-b468-4dc7-af6c-56a9fc997e90","rect":[80,3,142,108],"offset":[35,-1.5],"originalSize":[232,111],"capInsets":[0,0,0,0]}},{"__type__":"cc.SpriteFrame","content":{"name":"red_xipai_07","texture":"fjsszc7f-c8ba-4c2d-b73d-6c524947dca3","rect":[80,0,132,111],"offset":[30,0],"originalSize":[232,111],"capInsets":[0,0,0,0]}},{"__type__":"cc.AnimationClip","_name":"xipaiRed","_duration":2.933333333333333,"speed":2,"curveData":{"comps":{"cc.Sprite":{"spriteFrame":[{"frame":0,"value":{"__uuid__":"fjssz96e-19b0-45b9-aed1-bc42fb472b51"}},{"frame":0.08333333333333333,"value":{"__uuid__":"fjsszd3f-22b6-4b31-8019-9edbf51d7fe7"}},{"frame":0.16666666666666666,"value":{"__uuid__":"fjsszae4-389c-4d9a-821a-3678ed1fd7ab"}},{"frame":0.25,"value":{"__uuid__":"fjsszb6a-d448-446a-a91c-9f3655678394"}},{"frame":0.3333333333333333,"value":{"__uuid__":"fjssz96f-6943-4544-b582-60e4c0a0d709"}},{"frame":0.4166666666666667,"value":{"__uuid__":"fjsszfc3-068e-4f16-a271-db3af953ab22"}},{"frame":0.5,"value":{"__uuid__":"fjssz6dd-242f-4d16-9fc1-ab4926c6e968"}},{"frame":0.5833333333333334,"value":{"__uuid__":"fjssza9c-cb1e-4607-9e33-3d5e226fe877"}},{"frame":0.6666666666666666,"value":{"__uuid__":"fjsszf68-763e-4cfe-b5cd-0f77ca9dd1a1"}},{"frame":0.75,"value":{"__uuid__":"fjsszee3-805d-4a40-a0b7-ba02a4b09efe"}},{"frame":0.8333333333333334,"value":{"__uuid__":"fjssz6af-205f-485d-b667-61bd6306fe12"}},{"frame":0.9166666666666666,"value":{"__uuid__":"fjsszf44-d360-4efc-96a3-79f32965ec93"}},{"frame":1,"value":{"__uuid__":"fjssz3b0-bdf6-42e1-8105-b4f4ae926044"}},{"frame":1.0833333333333333,"value":{"__uuid__":"fjsszc8a-9c21-4ac3-9f1f-b8b856211ece"}},{"frame":1.1666666666666667,"value":{"__uuid__":"fjssze07-5594-4df1-837d-3d819e0669a5"}},{"frame":1.25,"value":{"__uuid__":"fjsszc75-6e4b-4124-81cb-8aeebe87e9c7"}},{"frame":1.3333333333333333,"value":{"__uuid__":"fjsszdc0-5d6e-479b-a363-2688be82f2f8"}},{"frame":1.4166666666666667,"value":{"__uuid__":"fjsszac4-69e7-4032-90b6-0013ec560e16"}},{"frame":1.5,"value":{"__uuid__":"fjsszb6d-f22a-4c86-b1f1-6671904e332f"}},{"frame":1.5833333333333333,"value":{"__uuid__":"fjsszbe4-c27f-45c2-be09-20dd419cf6e3"}},{"frame":1.6666666666666667,"value":{"__uuid__":"fjssz1ee-745e-45e1-bd9c-1aaf4c64e9f1"}},{"frame":1.75,"value":{"__uuid__":"fjssz5eb-34bf-44f7-90e7-5a6d30470043"}},{"frame":1.8333333333333333,"value":{"__uuid__":"fjsszd1d-38c1-4ce2-8c09-81e5b32cfff2"}},{"frame":1.9166666666666667,"value":{"__uuid__":"fjsszc71-8ac3-481b-9e21-a55b3888a39e"}},{"frame":2,"value":{"__uuid__":"fjssz56c-a005-499c-a735-ba61a11cb63d"}},{"frame":2.0833333333333335,"value":{"__uuid__":"fjsszd8e-74b9-4242-9ec7-759d72be7bb9"}},{"frame":2.1666666666666665,"value":{"__uuid__":"fjssz17c-762f-46f6-a476-5f043c480b0e"}},{"frame":2.25,"value":{"__uuid__":"fjsszef2-04fc-49a0-8115-3cd3c355cd08"}},{"frame":2.3333333333333335,"value":{"__uuid__":"fjsszd79-ab34-410c-b89d-79c1a973f489"}},{"frame":2.4166666666666665,"value":{"__uuid__":"fjssz432-424b-4ea8-95fa-ea97b3f7e06b"}},{"frame":2.5,"value":{"__uuid__":"fjssz30b-2682-425d-84cd-b3b819078031"}},{"frame":2.5833333333333335,"value":{"__uuid__":"fjssz0f4-73b6-4941-b64b-71f0c77bdcd7"}},{"frame":2.6666666666666665,"value":{"__uuid__":"fjsszf1b-cdd4-4bf3-8611-490fad39f191"}},{"frame":2.75,"value":{"__uuid__":"fjssz7c7-7cd8-4111-8604-59a36707d52d"}},{"frame":2.8333333333333335,"value":{"__uuid__":"fjssz4cd-bb29-44fd-93e5-5324ef4cbfa8"}},{"frame":2.9166666666666665,"value":{"__uuid__":"fjsszfcd-13e1-4396-97fb-a1be8bf4551c"}}]}}}},{"__type__":"cc.SpriteFrame","content":{"name":"red_xipai_34","texture":"fjssz1e4-99be-43d8-bddc-0080b5e7015c","rect":[70,4,82,107],"offset":[-5,-2],"originalSize":[232,111],"capInsets":[0,0,0,0]}},{"__type__":"cc.SpriteFrame","content":{"name":"red_xipai_01","texture":"fjssz7fc-e771-46d7-aacd-e5bb7815da63","rect":[80,0,72,111],"offset":[0,0],"originalSize":[232,111],"capInsets":[0,0,0,0]}},{"__type__":"cc.SpriteFrame","content":{"name":"red_xipai_05","texture":"fjsszb9b-c342-4c46-bcb5-eabb0e3c0b3e","rect":[80,0,112,111],"offset":[20,0],"originalSize":[232,111],"capInsets":[0,0,0,0]}},{"__type__":"cc.SpriteFrame","content":{"name":"red_xipai_08","texture":"fjssz404-bd03-437b-a82f-be454b18617c","rect":[80,0,142,111],"offset":[35,0],"originalSize":[232,111],"capInsets":[0,0,0,0]}},{"__type__":"cc.SpriteFrame","content":{"name":"red_xipai_18","texture":"fjssz29d-c066-4e0d-af31-175d074a546c","rect":[80,3,72,108],"offset":[0,-1.5],"originalSize":[232,111],"capInsets":[0,0,0,0]}},{"__type__":"cc.SpriteFrame","content":{"name":"red_xipai_03","texture":"fjssz668-76e9-4b62-87b0-b9f471837642","rect":[80,0,92,111],"offset":[10,0],"originalSize":[232,111],"capInsets":[0,0,0,0]}},{"__type__":"cc.SpriteFrame","content":{"name":"red_xipai_04","texture":"fjssz946-c628-47d2-9d36-9bd0042a1dd1","rect":[80,0,102,111],"offset":[15,0],"originalSize":[232,111],"capInsets":[0,0,0,0]}},{"__type__":"cc.SpriteFrame","content":{"name":"red_xipai_19","texture":"fjssz27f-1a76-450b-bd58-8bb7159d4d2a","rect":[70,3,82,108],"offset":[-5,-1.5],"originalSize":[232,111],"capInsets":[0,0,0,0]}},{"__type__":"cc.SpriteFrame","content":{"name":"red_xipai_20","texture":"fjssz9ee-8a78-4570-bd56-851bbb0ba10a","rect":[60,3,92,108],"offset":[-10,-1.5],"originalSize":[232,111],"capInsets":[0,0,0,0]}},{"__type__":"cc.SpriteFrame","content":{"name":"red_xipai_24","texture":"fjsszd5c-fba4-4826-843a-11a44cd8663a","rect":[20,3,132,108],"offset":[-30,-1.5],"originalSize":[232,111],"capInsets":[0,0,0,0]}},{"__type__":"cc.SpriteFrame","content":{"name":"red_xipai_16","texture":"fjssz4d6-5953-46ba-99ec-cea1881a3d8e","rect":[80,3,92,108],"offset":[10,-1.5],"originalSize":[232,111],"capInsets":[0,0,0,0]}},{"__type__":"cc.SpriteFrame","content":{"name":"red_xipai_14","texture":"fjssz78a-6551-4321-882c-ef63e487ba34","rect":[80,3,112,108],"offset":[20,-1.5],"originalSize":[232,111],"capInsets":[0,0,0,0]}},{"__type__":"cc.SpriteFrame","content":{"name":"red_xipai_23","texture":"fjsszc94-f17f-4fab-b87e-55436399ac92","rect":[30,3,122,108],"offset":[-25,-1.5],"originalSize":[232,111],"capInsets":[0,0,0,0]}},{"__type__":"cc.SpriteFrame","content":{"name":"red_xipai_02","texture":"fjssze61-9642-400c-897b-3451dd4d63d8","rect":[80,0,82,111],"offset":[5,0],"originalSize":[232,111],"capInsets":[0,0,0,0]}},{"__type__":"cc.SpriteFrame","content":{"name":"red_xipai_29","texture":"fjssz6b4-11ad-472f-b425-f3e12403ca03","rect":[30,4,122,107],"offset":[-25,-2],"originalSize":[232,111],"capInsets":[0,0,0,0]}},{"__type__":"cc.SpriteFrame","content":{"name":"red_xipai_26","texture":"fjsszcf4-fd3c-41ac-9738-a1c34c36bd8b","rect":[0,3,152,108],"offset":[-40,-1.5],"originalSize":[232,111],"capInsets":[0,0,0,0]}},{"__type__":"cc.SpriteFrame","content":{"name":"red_xipai_17","texture":"fjsszea8-88db-461e-a904-4ba71fdc5a48","rect":[80,3,82,108],"offset":[5,-1.5],"originalSize":[232,111],"capInsets":[0,0,0,0]}},{"__type__":"cc.SpriteFrame","content":{"name":"red_xipai_15","texture":"fjssz5ee-786a-40cd-85e0-5111e36ed52e","rect":[80,3,102,108],"offset":[15,-1.5],"originalSize":[232,111],"capInsets":[0,0,0,0]}},{"__type__":"cc.SpriteFrame","content":{"name":"red_xipai_10","texture":"fjssz436-4fca-409e-b32f-9ef3f6d1a286","rect":[80,3,152,108],"offset":[40,-1.5],"originalSize":[232,111],"capInsets":[0,0,0,0]}},{"__type__":"cc.SpriteFrame","content":{"name":"red_xipai_28","texture":"fjsszebd-dbe7-45f8-a220-bbc123061c67","rect":[20,4,132,107],"offset":[-30,-2],"originalSize":[232,111],"capInsets":[0,0,0,0]}},{"__type__":"cc.SpriteFrame","content":{"name":"red_xipai_33","texture":"fjssz5d9-5928-4ec8-ae21-f0a40aeabfb1","rect":[60,4,92,107],"offset":[-10,-2],"originalSize":[232,111],"capInsets":[0,0,0,0]}},{"__type__":"cc.SpriteFrame","content":{"name":"red_xipai_12","texture":"fjssz871-e148-4e92-9538-e007b28e0f96","rect":[80,3,132,108],"offset":[30,-1.5],"originalSize":[232,111],"capInsets":[0,0,0,0]}},{"__type__":"cc.SpriteFrame","content":{"name":"red_xipai_09","texture":"fjssz513-80d8-463c-bf24-33c41f897b55","rect":[80,0,152,111],"offset":[40,0],"originalSize":[232,111],"capInsets":[0,0,0,0]}},{"__type__":"cc.SpriteFrame","content":{"name":"red_xipai_06","texture":"fjssz72f-239c-41e9-b584-51488e9d10d1","rect":[80,0,122,111],"offset":[25,0],"originalSize":[232,111],"capInsets":[0,0,0,0]}},{"__type__":"cc.SpriteFrame","content":{"name":"red_xipai_36","texture":"fjssz992-893f-4e35-bc9a-5db4772a9317","rect":[80,4,72,107],"offset":[0,-2],"originalSize":[232,111],"capInsets":[0,0,0,0]}}]