[[{"__type__":"cc.Prefab","_name":"UILSCardEffect","data":{"__id__":1}},{"__type__":"cc.Node","_name":"UILSCardEffect","_children":[{"__id__":2},{"__id__":11},{"__id__":20},{"__id__":29},{"__id__":38},{"__id__":47},{"__id__":56},{"__id__":65},{"__id__":74},{"__id__":83},{"__id__":92},{"__id__":101},{"__id__":110},{"__id__":119}],"_components":[{"__type__":"cc.Layout","node":{"__id__":1},"_layoutSize":{"__type__":"cc.Size","width":420,"height":148},"_N$spacingX":-82},{"__type__":"cc.Animation","node":{"__id__":1},"_clips":[{"__uuid__":"fjsszbdd-a5e4-484d-afb7-95b4dfe0687c"},{"__uuid__":"fjssz5eb-f190-44dd-bb0c-32be5e19cb94"}]}],"_prefab":{"__type__":"cc.PrefabInfo","root":{"__id__":1},"asset":{"__uuid__":"06MHnJSQNCKrwNlBqWWKwh"},"fileId":"d4wINErdlNMYxjVUZNEZQO"},"_contentSize":{"__type__":"cc.Size","width":420,"height":148},"_trs":{"__type__":"TypedArray","ctor":"Float64Array","array":[0,0,0,0,0,0,1,0.6,0.6,1]}},{"__type__":"cc.Node","_name":"card1","_parent":{"__id__":1},"_children":[{"__id__":3},{"__id__":4},{"__id__":5},{"__id__":6},{"__id__":7},{"__id__":8},{"__id__":9},{"__id__":10}],"_prefab":{"__type__":"cc.PrefabInfo","root":{"__id__":1},"asset":{"__uuid__":"06MHnJSQNCKrwNlBqWWKwh"},"fileId":"6eeqtNtSVKEJfXFp1Gl/+i"},"_contentSize":{"__type__":"cc.Size","width":108,"height":148},"_trs":{"__type__":"TypedArray","ctor":"Float64Array","array":[-156,0,0,0,0,0,1,1,1,1]}},{"__type__":"cc.Node","_name":"bg_poker","_parent":{"__id__":2},"_components":[{"__type__":"cc.Sprite","node":{"__id__":3},"_materials":[{"__uuid__":"ecpdLyjvZBwrvm+cedCcQy"}],"_spriteFrame":{"__uuid__":"597aTGNN1Fgq6nUj8Z1n0M"},"_sizeMode":2,"_isTrimmedMode":false}],"_prefab":{"__type__":"cc.PrefabInfo","root":{"__id__":1},"asset":{"__uuid__":"06MHnJSQNCKrwNlBqWWKwh"},"fileId":"2aRu/Tg5hGealjiqSLLpeW"},"_contentSize":{"__type__":"cc.Size","width":108,"height":148},"_trs":{"__type__":"TypedArray","ctor":"Float64Array","array":[0,0,0,0,0,0,1,1,1,1]}},{"__type__":"cc.Node","_name":"icon_mapai","_parent":{"__id__":2},"_active":false,"_components":[{"__type__":"cc.Sprite","node":{"__id__":4},"_materials":[{"__uuid__":"ecpdLyjvZBwrvm+cedCcQy"}],"_spriteFrame":{"__uuid__":"f4eAmSm/JDVJhWmR2+4RqT"},"_sizeMode":0}],"_prefab":{"__type__":"cc.PrefabInfo","root":{"__id__":1},"asset":{"__uuid__":"06MHnJSQNCKrwNlBqWWKwh"},"fileId":"214LpFFfdJP4idqjV6gvEX"},"_contentSize":{"__type__":"cc.Size","width":108,"height":148},"_trs":{"__type__":"TypedArray","ctor":"Float64Array","array":[0,0,0,0,0,0,1,1,1,1]}},{"__type__":"cc.Node","_name":"num","_parent":{"__id__":2},"_components":[{"__type__":"cc.Sprite","node":{"__id__":5},"_materials":[{"__uuid__":"ecpdLyjvZBwrvm+cedCcQy"}],"_spriteFrame":{"__uuid__":"84nHwuqZRKUpY1ROnbL39P"},"_sizeMode":0,"_isTrimmedMode":false}],"_prefab":{"__type__":"cc.PrefabInfo","root":{"__id__":1},"asset":{"__uuid__":"06MHnJSQNCKrwNlBqWWKwh"},"fileId":"59W0H8LyhKW5Xd7rRiDBl/"},"_contentSize":{"__type__":"cc.Size","width":22,"height":36},"_trs":{"__type__":"TypedArray","ctor":"Float64Array","array":[-35,48,0,0,0,0,1,1,1,1]}},{"__type__":"cc.Node","_name":"icon","_parent":{"__id__":2},"_components":[{"__type__":"cc.Sprite","node":{"__id__":6},"_materials":[{"__uuid__":"ecpdLyjvZBwrvm+cedCcQy"}],"_spriteFrame":{"__uuid__":"23va30HBpNd6LggxKVhkNz"},"_sizeMode":2,"_isTrimmedMode":false}],"_prefab":{"__type__":"cc.PrefabInfo","root":{"__id__":1},"asset":{"__uuid__":"06MHnJSQNCKrwNlBqWWKwh"},"fileId":"48DdEgnUdDIYMLh5kdkbp5"},"_contentSize":{"__type__":"cc.Size","width":108,"height":148},"_trs":{"__type__":"TypedArray","ctor":"Float64Array","array":[0,0,0,0,0,0,1,1,1,1]}},{"__type__":"cc.Node","_name":"icon_1","_parent":{"__id__":2},"_components":[{"__type__":"cc.Sprite","node":{"__id__":7},"_materials":[{"__uuid__":"ecpdLyjvZBwrvm+cedCcQy"}],"_spriteFrame":{"__uuid__":"d4Wxh8tpxHBrfX4+El4+FZ"},"_sizeMode":2,"_isTrimmedMode":false}],"_prefab":{"__type__":"cc.PrefabInfo","root":{"__id__":1},"asset":{"__uuid__":"06MHnJSQNCKrwNlBqWWKwh"},"fileId":"81bayOW69HeIibLUoqXdWt"},"_contentSize":{"__type__":"cc.Size","width":108,"height":148},"_trs":{"__type__":"TypedArray","ctor":"Float64Array","array":[0,0,0,0,0,0,1,1,1,1]}},{"__type__":"cc.Node","_name":"icon_2","_parent":{"__id__":2},"_active":false,"_components":[{"__type__":"cc.Sprite","node":{"__id__":8},"_sizeMode":2,"_isTrimmedMode":false}],"_prefab":{"__type__":"cc.PrefabInfo","root":{"__id__":1},"asset":{"__uuid__":"06MHnJSQNCKrwNlBqWWKwh"},"fileId":"fdOOwVwj9AcpGdmQWurXwQ"},"_contentSize":{"__type__":"cc.Size","width":74,"height":74},"_trs":{"__type__":"TypedArray","ctor":"Float64Array","array":[27.9,55.2,0,0,0,0,1,1,1,1]}},{"__type__":"cc.Node","_name":"icon_3","_parent":{"__id__":2},"_active":false,"_components":[{"__type__":"cc.Sprite","node":{"__id__":9},"_sizeMode":2,"_isTrimmedMode":false}],"_prefab":{"__type__":"cc.PrefabInfo","root":{"__id__":1},"asset":{"__uuid__":"06MHnJSQNCKrwNlBqWWKwh"},"fileId":"42jToBt7JATIqNL+1HekPB"},"_contentSize":{"__type__":"cc.Size","width":35,"height":35},"_trs":{"__type__":"TypedArray","ctor":"Float64Array","array":[-42,-24,0,0,0,0,1,1,1,1]}},{"__type__":"cc.Node","_name":"poker_back","_parent":{"__id__":2},"_components":[{"__type__":"cc.Sprite","node":{"__id__":10},"_materials":[{"__uuid__":"ecpdLyjvZBwrvm+cedCcQy"}],"_spriteFrame":{"__uuid__":"53cJpJX2pDrIjEDBc19oEm"},"_sizeMode":2}],"_prefab":{"__type__":"cc.PrefabInfo","root":{"__id__":1},"asset":{"__uuid__":"06MHnJSQNCKrwNlBqWWKwh"},"fileId":"286WTJOTJCP5pgrl+WO+UX"},"_contentSize":{"__type__":"cc.Size","width":108,"height":148},"_trs":{"__type__":"TypedArray","ctor":"Float64Array","array":[0,0,0,0,0,0,1,1,1,1]}},{"__type__":"cc.Node","_name":"card2","_parent":{"__id__":1},"_children":[{"__id__":12},{"__id__":13},{"__id__":14},{"__id__":15},{"__id__":16},{"__id__":17},{"__id__":18},{"__id__":19}],"_prefab":{"__type__":"cc.PrefabInfo","root":{"__id__":1},"asset":{"__uuid__":"06MHnJSQNCKrwNlBqWWKwh"},"fileId":"39aSdK9q5Em7giTMNf7m+3"},"_contentSize":{"__type__":"cc.Size","width":108,"height":148},"_trs":{"__type__":"TypedArray","ctor":"Float64Array","array":[-130,0,0,0,0,0,1,1,1,1]}},{"__type__":"cc.Node","_name":"bg_poker","_parent":{"__id__":11},"_components":[{"__type__":"cc.Sprite","node":{"__id__":12},"_materials":[{"__uuid__":"ecpdLyjvZBwrvm+cedCcQy"}],"_spriteFrame":{"__uuid__":"597aTGNN1Fgq6nUj8Z1n0M"},"_sizeMode":2,"_isTrimmedMode":false}],"_prefab":{"__type__":"cc.PrefabInfo","root":{"__id__":1},"asset":{"__uuid__":"06MHnJSQNCKrwNlBqWWKwh"},"fileId":"2bjHRsw4dAHZ5zskA7SE7f"},"_contentSize":{"__type__":"cc.Size","width":108,"height":148},"_trs":{"__type__":"TypedArray","ctor":"Float64Array","array":[0,0,0,0,0,0,1,1,1,1]}},{"__type__":"cc.Node","_name":"icon_mapai","_parent":{"__id__":11},"_active":false,"_components":[{"__type__":"cc.Sprite","node":{"__id__":13},"_materials":[{"__uuid__":"ecpdLyjvZBwrvm+cedCcQy"}],"_spriteFrame":{"__uuid__":"f4eAmSm/JDVJhWmR2+4RqT"},"_sizeMode":0}],"_prefab":{"__type__":"cc.PrefabInfo","root":{"__id__":1},"asset":{"__uuid__":"06MHnJSQNCKrwNlBqWWKwh"},"fileId":"60X5UdMI5GkbpD8K6dRtS2"},"_contentSize":{"__type__":"cc.Size","width":108,"height":148},"_trs":{"__type__":"TypedArray","ctor":"Float64Array","array":[0,0,0,0,0,0,1,1,1,1]}},{"__type__":"cc.Node","_name":"num","_parent":{"__id__":11},"_components":[{"__type__":"cc.Sprite","node":{"__id__":14},"_materials":[{"__uuid__":"ecpdLyjvZBwrvm+cedCcQy"}],"_spriteFrame":{"__uuid__":"84nHwuqZRKUpY1ROnbL39P"},"_sizeMode":0,"_isTrimmedMode":false}],"_prefab":{"__type__":"cc.PrefabInfo","root":{"__id__":1},"asset":{"__uuid__":"06MHnJSQNCKrwNlBqWWKwh"},"fileId":"fcfrFsWTRCQIFH49qSazMb"},"_contentSize":{"__type__":"cc.Size","width":22,"height":36},"_trs":{"__type__":"TypedArray","ctor":"Float64Array","array":[-35,48,0,0,0,0,1,1,1,1]}},{"__type__":"cc.Node","_name":"icon","_parent":{"__id__":11},"_components":[{"__type__":"cc.Sprite","node":{"__id__":15},"_materials":[{"__uuid__":"ecpdLyjvZBwrvm+cedCcQy"}],"_spriteFrame":{"__uuid__":"23va30HBpNd6LggxKVhkNz"},"_sizeMode":2,"_isTrimmedMode":false}],"_prefab":{"__type__":"cc.PrefabInfo","root":{"__id__":1},"asset":{"__uuid__":"06MHnJSQNCKrwNlBqWWKwh"},"fileId":"39+sle7qdGCqT79LHTah6J"},"_contentSize":{"__type__":"cc.Size","width":108,"height":148},"_trs":{"__type__":"TypedArray","ctor":"Float64Array","array":[0,0,0,0,0,0,1,1,1,1]}},{"__type__":"cc.Node","_name":"icon_1","_parent":{"__id__":11},"_components":[{"__type__":"cc.Sprite","node":{"__id__":16},"_materials":[{"__uuid__":"ecpdLyjvZBwrvm+cedCcQy"}],"_spriteFrame":{"__uuid__":"d4Wxh8tpxHBrfX4+El4+FZ"},"_sizeMode":2,"_isTrimmedMode":false}],"_prefab":{"__type__":"cc.PrefabInfo","root":{"__id__":1},"asset":{"__uuid__":"06MHnJSQNCKrwNlBqWWKwh"},"fileId":"d1geXYC39PVIYvEBeoxrB8"},"_contentSize":{"__type__":"cc.Size","width":108,"height":148},"_trs":{"__type__":"TypedArray","ctor":"Float64Array","array":[0,0,0,0,0,0,1,1,1,1]}},{"__type__":"cc.Node","_name":"icon_2","_parent":{"__id__":11},"_active":false,"_components":[{"__type__":"cc.Sprite","node":{"__id__":17},"_sizeMode":2,"_isTrimmedMode":false}],"_prefab":{"__type__":"cc.PrefabInfo","root":{"__id__":1},"asset":{"__uuid__":"06MHnJSQNCKrwNlBqWWKwh"},"fileId":"17fG9YumdA3b7QFnt+cLXE"},"_contentSize":{"__type__":"cc.Size","width":74,"height":74},"_trs":{"__type__":"TypedArray","ctor":"Float64Array","array":[27.9,55.2,0,0,0,0,1,1,1,1]}},{"__type__":"cc.Node","_name":"icon_3","_parent":{"__id__":11},"_active":false,"_components":[{"__type__":"cc.Sprite","node":{"__id__":18},"_sizeMode":2,"_isTrimmedMode":false}],"_prefab":{"__type__":"cc.PrefabInfo","root":{"__id__":1},"asset":{"__uuid__":"06MHnJSQNCKrwNlBqWWKwh"},"fileId":"cb+jh5BW1G8Z7Xlgx0JNku"},"_contentSize":{"__type__":"cc.Size","width":35,"height":35},"_trs":{"__type__":"TypedArray","ctor":"Float64Array","array":[-42,-24,0,0,0,0,1,1,1,1]}},{"__type__":"cc.Node","_name":"poker_back","_parent":{"__id__":11},"_components":[{"__type__":"cc.Sprite","node":{"__id__":19},"_materials":[{"__uuid__":"ecpdLyjvZBwrvm+cedCcQy"}],"_spriteFrame":{"__uuid__":"53cJpJX2pDrIjEDBc19oEm"},"_sizeMode":2}],"_prefab":{"__type__":"cc.PrefabInfo","root":{"__id__":1},"asset":{"__uuid__":"06MHnJSQNCKrwNlBqWWKwh"},"fileId":"85z4Jo2odFlrpuxY8iGTyn"},"_contentSize":{"__type__":"cc.Size","width":108,"height":148},"_trs":{"__type__":"TypedArray","ctor":"Float64Array","array":[0,0,0,0,0,0,1,1,1,1]}},{"__type__":"cc.Node","_name":"card3","_parent":{"__id__":1},"_children":[{"__id__":21},{"__id__":22},{"__id__":23},{"__id__":24},{"__id__":25},{"__id__":26},{"__id__":27},{"__id__":28}],"_prefab":{"__type__":"cc.PrefabInfo","root":{"__id__":1},"asset":{"__uuid__":"06MHnJSQNCKrwNlBqWWKwh"},"fileId":"5fx0Hl/XBAvJ0c8YUgEvIB"},"_contentSize":{"__type__":"cc.Size","width":108,"height":148},"_trs":{"__type__":"TypedArray","ctor":"Float64Array","array":[-104,0,0,0,0,0,1,1,1,1]}},{"__type__":"cc.Node","_name":"bg_poker","_parent":{"__id__":20},"_components":[{"__type__":"cc.Sprite","node":{"__id__":21},"_materials":[{"__uuid__":"ecpdLyjvZBwrvm+cedCcQy"}],"_spriteFrame":{"__uuid__":"597aTGNN1Fgq6nUj8Z1n0M"},"_sizeMode":2,"_isTrimmedMode":false}],"_prefab":{"__type__":"cc.PrefabInfo","root":{"__id__":1},"asset":{"__uuid__":"06MHnJSQNCKrwNlBqWWKwh"},"fileId":"55Qi51EABLa6NbX118+SQU"},"_contentSize":{"__type__":"cc.Size","width":108,"height":148},"_trs":{"__type__":"TypedArray","ctor":"Float64Array","array":[0,0,0,0,0,0,1,1,1,1]}},{"__type__":"cc.Node","_name":"icon_mapai","_parent":{"__id__":20},"_active":false,"_components":[{"__type__":"cc.Sprite","node":{"__id__":22},"_materials":[{"__uuid__":"ecpdLyjvZBwrvm+cedCcQy"}],"_spriteFrame":{"__uuid__":"f4eAmSm/JDVJhWmR2+4RqT"},"_sizeMode":0}],"_prefab":{"__type__":"cc.PrefabInfo","root":{"__id__":1},"asset":{"__uuid__":"06MHnJSQNCKrwNlBqWWKwh"},"fileId":"d96muJc7xNhL68KUo3VT0M"},"_contentSize":{"__type__":"cc.Size","width":108,"height":148},"_trs":{"__type__":"TypedArray","ctor":"Float64Array","array":[0,0,0,0,0,0,1,1,1,1]}},{"__type__":"cc.Node","_name":"num","_parent":{"__id__":20},"_components":[{"__type__":"cc.Sprite","node":{"__id__":23},"_materials":[{"__uuid__":"ecpdLyjvZBwrvm+cedCcQy"}],"_spriteFrame":{"__uuid__":"84nHwuqZRKUpY1ROnbL39P"},"_sizeMode":0,"_isTrimmedMode":false}],"_prefab":{"__type__":"cc.PrefabInfo","root":{"__id__":1},"asset":{"__uuid__":"06MHnJSQNCKrwNlBqWWKwh"},"fileId":"5f6Di6p9hPu6Lrm7A7PhJo"},"_contentSize":{"__type__":"cc.Size","width":22,"height":36},"_trs":{"__type__":"TypedArray","ctor":"Float64Array","array":[-35,48,0,0,0,0,1,1,1,1]}},{"__type__":"cc.Node","_name":"icon","_parent":{"__id__":20},"_components":[{"__type__":"cc.Sprite","node":{"__id__":24},"_materials":[{"__uuid__":"ecpdLyjvZBwrvm+cedCcQy"}],"_spriteFrame":{"__uuid__":"23va30HBpNd6LggxKVhkNz"},"_sizeMode":2,"_isTrimmedMode":false}],"_prefab":{"__type__":"cc.PrefabInfo","root":{"__id__":1},"asset":{"__uuid__":"06MHnJSQNCKrwNlBqWWKwh"},"fileId":"387TYltWRKUodmTCVeA782"},"_contentSize":{"__type__":"cc.Size","width":108,"height":148},"_trs":{"__type__":"TypedArray","ctor":"Float64Array","array":[0,0,0,0,0,0,1,1,1,1]}},{"__type__":"cc.Node","_name":"icon_1","_parent":{"__id__":20},"_components":[{"__type__":"cc.Sprite","node":{"__id__":25},"_materials":[{"__uuid__":"ecpdLyjvZBwrvm+cedCcQy"}],"_spriteFrame":{"__uuid__":"d4Wxh8tpxHBrfX4+El4+FZ"},"_sizeMode":2,"_isTrimmedMode":false}],"_prefab":{"__type__":"cc.PrefabInfo","root":{"__id__":1},"asset":{"__uuid__":"06MHnJSQNCKrwNlBqWWKwh"},"fileId":"57ckCLkVNH3ZVrorSLnahO"},"_contentSize":{"__type__":"cc.Size","width":108,"height":148},"_trs":{"__type__":"TypedArray","ctor":"Float64Array","array":[0,0,0,0,0,0,1,1,1,1]}},{"__type__":"cc.Node","_name":"icon_2","_parent":{"__id__":20},"_active":false,"_components":[{"__type__":"cc.Sprite","node":{"__id__":26},"_sizeMode":2,"_isTrimmedMode":false}],"_prefab":{"__type__":"cc.PrefabInfo","root":{"__id__":1},"asset":{"__uuid__":"06MHnJSQNCKrwNlBqWWKwh"},"fileId":"91VWiS+hpG878y4525IrcA"},"_contentSize":{"__type__":"cc.Size","width":74,"height":74},"_trs":{"__type__":"TypedArray","ctor":"Float64Array","array":[27.9,55.2,0,0,0,0,1,1,1,1]}},{"__type__":"cc.Node","_name":"icon_3","_parent":{"__id__":20},"_active":false,"_components":[{"__type__":"cc.Sprite","node":{"__id__":27},"_sizeMode":2,"_isTrimmedMode":false}],"_prefab":{"__type__":"cc.PrefabInfo","root":{"__id__":1},"asset":{"__uuid__":"06MHnJSQNCKrwNlBqWWKwh"},"fileId":"6481oJqIpIiI1ZnOeLsaay"},"_contentSize":{"__type__":"cc.Size","width":35,"height":35},"_trs":{"__type__":"TypedArray","ctor":"Float64Array","array":[-42,-24,0,0,0,0,1,1,1,1]}},{"__type__":"cc.Node","_name":"poker_back","_parent":{"__id__":20},"_components":[{"__type__":"cc.Sprite","node":{"__id__":28},"_materials":[{"__uuid__":"ecpdLyjvZBwrvm+cedCcQy"}],"_spriteFrame":{"__uuid__":"53cJpJX2pDrIjEDBc19oEm"},"_sizeMode":2}],"_prefab":{"__type__":"cc.PrefabInfo","root":{"__id__":1},"asset":{"__uuid__":"06MHnJSQNCKrwNlBqWWKwh"},"fileId":"4ddndzjHFKM5c/bDNc00eC"},"_contentSize":{"__type__":"cc.Size","width":108,"height":148},"_trs":{"__type__":"TypedArray","ctor":"Float64Array","array":[0,0,0,0,0,0,1,1,1,1]}},{"__type__":"cc.Node","_name":"card4","_parent":{"__id__":1},"_children":[{"__id__":30},{"__id__":31},{"__id__":32},{"__id__":33},{"__id__":34},{"__id__":35},{"__id__":36},{"__id__":37}],"_prefab":{"__type__":"cc.PrefabInfo","root":{"__id__":1},"asset":{"__uuid__":"06MHnJSQNCKrwNlBqWWKwh"},"fileId":"028f6+TXVL45gW/dfFPsj6"},"_contentSize":{"__type__":"cc.Size","width":108,"height":148},"_trs":{"__type__":"TypedArray","ctor":"Float64Array","array":[-78,0,0,0,0,0,1,1,1,1]}},{"__type__":"cc.Node","_name":"bg_poker","_parent":{"__id__":29},"_components":[{"__type__":"cc.Sprite","node":{"__id__":30},"_materials":[{"__uuid__":"ecpdLyjvZBwrvm+cedCcQy"}],"_spriteFrame":{"__uuid__":"597aTGNN1Fgq6nUj8Z1n0M"},"_sizeMode":2,"_isTrimmedMode":false}],"_prefab":{"__type__":"cc.PrefabInfo","root":{"__id__":1},"asset":{"__uuid__":"06MHnJSQNCKrwNlBqWWKwh"},"fileId":"57/UcLO0VID6n/EA0dkH15"},"_contentSize":{"__type__":"cc.Size","width":108,"height":148},"_trs":{"__type__":"TypedArray","ctor":"Float64Array","array":[0,0,0,0,0,0,1,1,1,1]}},{"__type__":"cc.Node","_name":"icon_mapai","_parent":{"__id__":29},"_active":false,"_components":[{"__type__":"cc.Sprite","node":{"__id__":31},"_materials":[{"__uuid__":"ecpdLyjvZBwrvm+cedCcQy"}],"_spriteFrame":{"__uuid__":"f4eAmSm/JDVJhWmR2+4RqT"},"_sizeMode":0}],"_prefab":{"__type__":"cc.PrefabInfo","root":{"__id__":1},"asset":{"__uuid__":"06MHnJSQNCKrwNlBqWWKwh"},"fileId":"3cgUhNAYtA3ImlSz8XciIA"},"_contentSize":{"__type__":"cc.Size","width":108,"height":148},"_trs":{"__type__":"TypedArray","ctor":"Float64Array","array":[0,0,0,0,0,0,1,1,1,1]}},{"__type__":"cc.Node","_name":"num","_parent":{"__id__":29},"_components":[{"__type__":"cc.Sprite","node":{"__id__":32},"_materials":[{"__uuid__":"ecpdLyjvZBwrvm+cedCcQy"}],"_spriteFrame":{"__uuid__":"84nHwuqZRKUpY1ROnbL39P"},"_sizeMode":0,"_isTrimmedMode":false}],"_prefab":{"__type__":"cc.PrefabInfo","root":{"__id__":1},"asset":{"__uuid__":"06MHnJSQNCKrwNlBqWWKwh"},"fileId":"05cikfxXlNrpjKBGRjMeEJ"},"_contentSize":{"__type__":"cc.Size","width":22,"height":36},"_trs":{"__type__":"TypedArray","ctor":"Float64Array","array":[-35,48,0,0,0,0,1,1,1,1]}},{"__type__":"cc.Node","_name":"icon","_parent":{"__id__":29},"_components":[{"__type__":"cc.Sprite","node":{"__id__":33},"_materials":[{"__uuid__":"ecpdLyjvZBwrvm+cedCcQy"}],"_spriteFrame":{"__uuid__":"23va30HBpNd6LggxKVhkNz"},"_sizeMode":2,"_isTrimmedMode":false}],"_prefab":{"__type__":"cc.PrefabInfo","root":{"__id__":1},"asset":{"__uuid__":"06MHnJSQNCKrwNlBqWWKwh"},"fileId":"82aRiG4UpLKKiKjK1jaMAU"},"_contentSize":{"__type__":"cc.Size","width":108,"height":148},"_trs":{"__type__":"TypedArray","ctor":"Float64Array","array":[0,0,0,0,0,0,1,1,1,1]}},{"__type__":"cc.Node","_name":"icon_1","_parent":{"__id__":29},"_components":[{"__type__":"cc.Sprite","node":{"__id__":34},"_materials":[{"__uuid__":"ecpdLyjvZBwrvm+cedCcQy"}],"_spriteFrame":{"__uuid__":"d4Wxh8tpxHBrfX4+El4+FZ"},"_sizeMode":2,"_isTrimmedMode":false}],"_prefab":{"__type__":"cc.PrefabInfo","root":{"__id__":1},"asset":{"__uuid__":"06MHnJSQNCKrwNlBqWWKwh"},"fileId":"f1557s0EhPVofTHaI9Tgr3"},"_contentSize":{"__type__":"cc.Size","width":108,"height":148},"_trs":{"__type__":"TypedArray","ctor":"Float64Array","array":[0,0,0,0,0,0,1,1,1,1]}},{"__type__":"cc.Node","_name":"icon_2","_parent":{"__id__":29},"_active":false,"_components":[{"__type__":"cc.Sprite","node":{"__id__":35},"_sizeMode":2,"_isTrimmedMode":false}],"_prefab":{"__type__":"cc.PrefabInfo","root":{"__id__":1},"asset":{"__uuid__":"06MHnJSQNCKrwNlBqWWKwh"},"fileId":"2b0VV/reNNI6tJtpnvcvQD"},"_contentSize":{"__type__":"cc.Size","width":74,"height":74},"_trs":{"__type__":"TypedArray","ctor":"Float64Array","array":[27.9,55.2,0,0,0,0,1,1,1,1]}},{"__type__":"cc.Node","_name":"icon_3","_parent":{"__id__":29},"_active":false,"_components":[{"__type__":"cc.Sprite","node":{"__id__":36},"_sizeMode":2,"_isTrimmedMode":false}],"_prefab":{"__type__":"cc.PrefabInfo","root":{"__id__":1},"asset":{"__uuid__":"06MHnJSQNCKrwNlBqWWKwh"},"fileId":"bbF/LIp4hPyYobKFMPCFl7"},"_contentSize":{"__type__":"cc.Size","width":35,"height":35},"_trs":{"__type__":"TypedArray","ctor":"Float64Array","array":[-42,-24,0,0,0,0,1,1,1,1]}},{"__type__":"cc.Node","_name":"poker_back","_parent":{"__id__":29},"_components":[{"__type__":"cc.Sprite","node":{"__id__":37},"_materials":[{"__uuid__":"ecpdLyjvZBwrvm+cedCcQy"}],"_spriteFrame":{"__uuid__":"53cJpJX2pDrIjEDBc19oEm"},"_sizeMode":2}],"_prefab":{"__type__":"cc.PrefabInfo","root":{"__id__":1},"asset":{"__uuid__":"06MHnJSQNCKrwNlBqWWKwh"},"fileId":"8bJH3jnmpHqoQwH6ueGZPQ"},"_contentSize":{"__type__":"cc.Size","width":108,"height":148},"_trs":{"__type__":"TypedArray","ctor":"Float64Array","array":[0,0,0,0,0,0,1,1,1,1]}},{"__type__":"cc.Node","_name":"card5","_parent":{"__id__":1},"_children":[{"__id__":39},{"__id__":40},{"__id__":41},{"__id__":42},{"__id__":43},{"__id__":44},{"__id__":45},{"__id__":46}],"_prefab":{"__type__":"cc.PrefabInfo","root":{"__id__":1},"asset":{"__uuid__":"06MHnJSQNCKrwNlBqWWKwh"},"fileId":"c1M7sX/89LF6JiJlgO3klm"},"_contentSize":{"__type__":"cc.Size","width":108,"height":148},"_trs":{"__type__":"TypedArray","ctor":"Float64Array","array":[-52,0,0,0,0,0,1,1,1,1]}},{"__type__":"cc.Node","_name":"bg_poker","_parent":{"__id__":38},"_components":[{"__type__":"cc.Sprite","node":{"__id__":39},"_materials":[{"__uuid__":"ecpdLyjvZBwrvm+cedCcQy"}],"_spriteFrame":{"__uuid__":"597aTGNN1Fgq6nUj8Z1n0M"},"_sizeMode":2,"_isTrimmedMode":false}],"_prefab":{"__type__":"cc.PrefabInfo","root":{"__id__":1},"asset":{"__uuid__":"06MHnJSQNCKrwNlBqWWKwh"},"fileId":"derKSANWNBOp/fMb4O5aFW"},"_contentSize":{"__type__":"cc.Size","width":108,"height":148},"_trs":{"__type__":"TypedArray","ctor":"Float64Array","array":[0,0,0,0,0,0,1,1,1,1]}},{"__type__":"cc.Node","_name":"icon_mapai","_parent":{"__id__":38},"_active":false,"_components":[{"__type__":"cc.Sprite","node":{"__id__":40},"_materials":[{"__uuid__":"ecpdLyjvZBwrvm+cedCcQy"}],"_spriteFrame":{"__uuid__":"f4eAmSm/JDVJhWmR2+4RqT"},"_sizeMode":0}],"_prefab":{"__type__":"cc.PrefabInfo","root":{"__id__":1},"asset":{"__uuid__":"06MHnJSQNCKrwNlBqWWKwh"},"fileId":"9cswoHgl1EE7gjzXvVLukc"},"_contentSize":{"__type__":"cc.Size","width":108,"height":148},"_trs":{"__type__":"TypedArray","ctor":"Float64Array","array":[0,0,0,0,0,0,1,1,1,1]}},{"__type__":"cc.Node","_name":"num","_parent":{"__id__":38},"_components":[{"__type__":"cc.Sprite","node":{"__id__":41},"_materials":[{"__uuid__":"ecpdLyjvZBwrvm+cedCcQy"}],"_spriteFrame":{"__uuid__":"84nHwuqZRKUpY1ROnbL39P"},"_sizeMode":0,"_isTrimmedMode":false}],"_prefab":{"__type__":"cc.PrefabInfo","root":{"__id__":1},"asset":{"__uuid__":"06MHnJSQNCKrwNlBqWWKwh"},"fileId":"d0wsWCgRJFyqYm4UQililc"},"_contentSize":{"__type__":"cc.Size","width":22,"height":36},"_trs":{"__type__":"TypedArray","ctor":"Float64Array","array":[-35,48,0,0,0,0,1,1,1,1]}},{"__type__":"cc.Node","_name":"icon","_parent":{"__id__":38},"_components":[{"__type__":"cc.Sprite","node":{"__id__":42},"_materials":[{"__uuid__":"ecpdLyjvZBwrvm+cedCcQy"}],"_spriteFrame":{"__uuid__":"23va30HBpNd6LggxKVhkNz"},"_sizeMode":2,"_isTrimmedMode":false}],"_prefab":{"__type__":"cc.PrefabInfo","root":{"__id__":1},"asset":{"__uuid__":"06MHnJSQNCKrwNlBqWWKwh"},"fileId":"05QZBaRFFP95NysFNKBJrB"},"_contentSize":{"__type__":"cc.Size","width":108,"height":148},"_trs":{"__type__":"TypedArray","ctor":"Float64Array","array":[0,0,0,0,0,0,1,1,1,1]}},{"__type__":"cc.Node","_name":"icon_1","_parent":{"__id__":38},"_components":[{"__type__":"cc.Sprite","node":{"__id__":43},"_materials":[{"__uuid__":"ecpdLyjvZBwrvm+cedCcQy"}],"_spriteFrame":{"__uuid__":"d4Wxh8tpxHBrfX4+El4+FZ"},"_sizeMode":2,"_isTrimmedMode":false}],"_prefab":{"__type__":"cc.PrefabInfo","root":{"__id__":1},"asset":{"__uuid__":"06MHnJSQNCKrwNlBqWWKwh"},"fileId":"a6tfIfB9NNaZnt7n2K7/0C"},"_contentSize":{"__type__":"cc.Size","width":108,"height":148},"_trs":{"__type__":"TypedArray","ctor":"Float64Array","array":[0,0,0,0,0,0,1,1,1,1]}},{"__type__":"cc.Node","_name":"icon_2","_parent":{"__id__":38},"_active":false,"_components":[{"__type__":"cc.Sprite","node":{"__id__":44},"_sizeMode":2,"_isTrimmedMode":false}],"_prefab":{"__type__":"cc.PrefabInfo","root":{"__id__":1},"asset":{"__uuid__":"06MHnJSQNCKrwNlBqWWKwh"},"fileId":"a4S4sFAYtOVZHUY8RnXV7K"},"_contentSize":{"__type__":"cc.Size","width":74,"height":74},"_trs":{"__type__":"TypedArray","ctor":"Float64Array","array":[27.9,55.2,0,0,0,0,1,1,1,1]}},{"__type__":"cc.Node","_name":"icon_3","_parent":{"__id__":38},"_active":false,"_components":[{"__type__":"cc.Sprite","node":{"__id__":45},"_sizeMode":2,"_isTrimmedMode":false}],"_prefab":{"__type__":"cc.PrefabInfo","root":{"__id__":1},"asset":{"__uuid__":"06MHnJSQNCKrwNlBqWWKwh"},"fileId":"b00+f5TZNKYJ+i1qKfpq61"},"_contentSize":{"__type__":"cc.Size","width":35,"height":35},"_trs":{"__type__":"TypedArray","ctor":"Float64Array","array":[-42,-24,0,0,0,0,1,1,1,1]}},{"__type__":"cc.Node","_name":"poker_back","_parent":{"__id__":38},"_components":[{"__type__":"cc.Sprite","node":{"__id__":46},"_materials":[{"__uuid__":"ecpdLyjvZBwrvm+cedCcQy"}],"_spriteFrame":{"__uuid__":"53cJpJX2pDrIjEDBc19oEm"},"_sizeMode":2}],"_prefab":{"__type__":"cc.PrefabInfo","root":{"__id__":1},"asset":{"__uuid__":"06MHnJSQNCKrwNlBqWWKwh"},"fileId":"20edbVAY1ACpwVIhUmJYBt"},"_contentSize":{"__type__":"cc.Size","width":108,"height":148},"_trs":{"__type__":"TypedArray","ctor":"Float64Array","array":[0,0,0,0,0,0,1,1,1,1]}},{"__type__":"cc.Node","_name":"card6","_parent":{"__id__":1},"_children":[{"__id__":48},{"__id__":49},{"__id__":50},{"__id__":51},{"__id__":52},{"__id__":53},{"__id__":54},{"__id__":55}],"_prefab":{"__type__":"cc.PrefabInfo","root":{"__id__":1},"asset":{"__uuid__":"06MHnJSQNCKrwNlBqWWKwh"},"fileId":"a9CD9P1WNPLIqTrEuWJodS"},"_contentSize":{"__type__":"cc.Size","width":108,"height":148},"_trs":{"__type__":"TypedArray","ctor":"Float64Array","array":[-26,0,0,0,0,0,1,1,1,1]}},{"__type__":"cc.Node","_name":"bg_poker","_parent":{"__id__":47},"_components":[{"__type__":"cc.Sprite","node":{"__id__":48},"_materials":[{"__uuid__":"ecpdLyjvZBwrvm+cedCcQy"}],"_spriteFrame":{"__uuid__":"597aTGNN1Fgq6nUj8Z1n0M"},"_sizeMode":2,"_isTrimmedMode":false}],"_prefab":{"__type__":"cc.PrefabInfo","root":{"__id__":1},"asset":{"__uuid__":"06MHnJSQNCKrwNlBqWWKwh"},"fileId":"c2vnsBctRKoZ9/FcgvyPNN"},"_contentSize":{"__type__":"cc.Size","width":108,"height":148},"_trs":{"__type__":"TypedArray","ctor":"Float64Array","array":[0,0,0,0,0,0,1,1,1,1]}},{"__type__":"cc.Node","_name":"icon_mapai","_parent":{"__id__":47},"_active":false,"_components":[{"__type__":"cc.Sprite","node":{"__id__":49},"_materials":[{"__uuid__":"ecpdLyjvZBwrvm+cedCcQy"}],"_spriteFrame":{"__uuid__":"f4eAmSm/JDVJhWmR2+4RqT"},"_sizeMode":0}],"_prefab":{"__type__":"cc.PrefabInfo","root":{"__id__":1},"asset":{"__uuid__":"06MHnJSQNCKrwNlBqWWKwh"},"fileId":"c9qzoLWxFBcbKFTUmBZT6u"},"_contentSize":{"__type__":"cc.Size","width":108,"height":148},"_trs":{"__type__":"TypedArray","ctor":"Float64Array","array":[0,0,0,0,0,0,1,1,1,1]}},{"__type__":"cc.Node","_name":"num","_parent":{"__id__":47},"_components":[{"__type__":"cc.Sprite","node":{"__id__":50},"_materials":[{"__uuid__":"ecpdLyjvZBwrvm+cedCcQy"}],"_spriteFrame":{"__uuid__":"84nHwuqZRKUpY1ROnbL39P"},"_sizeMode":0,"_isTrimmedMode":false}],"_prefab":{"__type__":"cc.PrefabInfo","root":{"__id__":1},"asset":{"__uuid__":"06MHnJSQNCKrwNlBqWWKwh"},"fileId":"9fu1Nfk4hG1rS6BEInLI9N"},"_contentSize":{"__type__":"cc.Size","width":22,"height":36},"_trs":{"__type__":"TypedArray","ctor":"Float64Array","array":[-35,48,0,0,0,0,1,1,1,1]}},{"__type__":"cc.Node","_name":"icon","_parent":{"__id__":47},"_components":[{"__type__":"cc.Sprite","node":{"__id__":51},"_materials":[{"__uuid__":"ecpdLyjvZBwrvm+cedCcQy"}],"_spriteFrame":{"__uuid__":"23va30HBpNd6LggxKVhkNz"},"_sizeMode":2,"_isTrimmedMode":false}],"_prefab":{"__type__":"cc.PrefabInfo","root":{"__id__":1},"asset":{"__uuid__":"06MHnJSQNCKrwNlBqWWKwh"},"fileId":"30myzyBZlO+r+6yyaliJLE"},"_contentSize":{"__type__":"cc.Size","width":108,"height":148},"_trs":{"__type__":"TypedArray","ctor":"Float64Array","array":[0,0,0,0,0,0,1,1,1,1]}},{"__type__":"cc.Node","_name":"icon_1","_parent":{"__id__":47},"_components":[{"__type__":"cc.Sprite","node":{"__id__":52},"_materials":[{"__uuid__":"ecpdLyjvZBwrvm+cedCcQy"}],"_spriteFrame":{"__uuid__":"d4Wxh8tpxHBrfX4+El4+FZ"},"_sizeMode":2,"_isTrimmedMode":false}],"_prefab":{"__type__":"cc.PrefabInfo","root":{"__id__":1},"asset":{"__uuid__":"06MHnJSQNCKrwNlBqWWKwh"},"fileId":"c7vBOxXzBGVpoEFLShvbM4"},"_contentSize":{"__type__":"cc.Size","width":108,"height":148},"_trs":{"__type__":"TypedArray","ctor":"Float64Array","array":[0,0,0,0,0,0,1,1,1,1]}},{"__type__":"cc.Node","_name":"icon_2","_parent":{"__id__":47},"_active":false,"_components":[{"__type__":"cc.Sprite","node":{"__id__":53},"_sizeMode":2,"_isTrimmedMode":false}],"_prefab":{"__type__":"cc.PrefabInfo","root":{"__id__":1},"asset":{"__uuid__":"06MHnJSQNCKrwNlBqWWKwh"},"fileId":"67fpFPInlPsKAafSXlrYd6"},"_contentSize":{"__type__":"cc.Size","width":74,"height":74},"_trs":{"__type__":"TypedArray","ctor":"Float64Array","array":[27.9,55.2,0,0,0,0,1,1,1,1]}},{"__type__":"cc.Node","_name":"icon_3","_parent":{"__id__":47},"_active":false,"_components":[{"__type__":"cc.Sprite","node":{"__id__":54},"_sizeMode":2,"_isTrimmedMode":false}],"_prefab":{"__type__":"cc.PrefabInfo","root":{"__id__":1},"asset":{"__uuid__":"06MHnJSQNCKrwNlBqWWKwh"},"fileId":"280+YPZ0ZHu5+NFOBQDUhN"},"_contentSize":{"__type__":"cc.Size","width":35,"height":35},"_trs":{"__type__":"TypedArray","ctor":"Float64Array","array":[-42,-24,0,0,0,0,1,1,1,1]}},{"__type__":"cc.Node","_name":"poker_back","_parent":{"__id__":47},"_components":[{"__type__":"cc.Sprite","node":{"__id__":55},"_materials":[{"__uuid__":"ecpdLyjvZBwrvm+cedCcQy"}],"_spriteFrame":{"__uuid__":"53cJpJX2pDrIjEDBc19oEm"},"_sizeMode":2}],"_prefab":{"__type__":"cc.PrefabInfo","root":{"__id__":1},"asset":{"__uuid__":"06MHnJSQNCKrwNlBqWWKwh"},"fileId":"d84xjSh6FI96miQu8UjQA6"},"_contentSize":{"__type__":"cc.Size","width":108,"height":148},"_trs":{"__type__":"TypedArray","ctor":"Float64Array","array":[0,0,0,0,0,0,1,1,1,1]}},{"__type__":"cc.Node","_name":"card7","_parent":{"__id__":1},"_children":[{"__id__":57},{"__id__":58},{"__id__":59},{"__id__":60},{"__id__":61},{"__id__":62},{"__id__":63},{"__id__":64}],"_prefab":{"__type__":"cc.PrefabInfo","root":{"__id__":1},"asset":{"__uuid__":"06MHnJSQNCKrwNlBqWWKwh"},"fileId":"c76axWXVZFFqYi1F7Rw+Zg"},"_contentSize":{"__type__":"cc.Size","width":108,"height":148},"_trs":{"__type__":"TypedArray","ctor":"Float64Array","array":[0,0,0,0,0,0,1,1,1,1]}},{"__type__":"cc.Node","_name":"bg_poker","_parent":{"__id__":56},"_components":[{"__type__":"cc.Sprite","node":{"__id__":57},"_materials":[{"__uuid__":"ecpdLyjvZBwrvm+cedCcQy"}],"_spriteFrame":{"__uuid__":"597aTGNN1Fgq6nUj8Z1n0M"},"_sizeMode":2,"_isTrimmedMode":false}],"_prefab":{"__type__":"cc.PrefabInfo","root":{"__id__":1},"asset":{"__uuid__":"06MHnJSQNCKrwNlBqWWKwh"},"fileId":"13s6sGndJBU5F8vLaE4WZn"},"_contentSize":{"__type__":"cc.Size","width":108,"height":148},"_trs":{"__type__":"TypedArray","ctor":"Float64Array","array":[0,0,0,0,0,0,1,1,1,1]}},{"__type__":"cc.Node","_name":"icon_mapai","_parent":{"__id__":56},"_active":false,"_components":[{"__type__":"cc.Sprite","node":{"__id__":58},"_materials":[{"__uuid__":"ecpdLyjvZBwrvm+cedCcQy"}],"_spriteFrame":{"__uuid__":"f4eAmSm/JDVJhWmR2+4RqT"},"_sizeMode":0}],"_prefab":{"__type__":"cc.PrefabInfo","root":{"__id__":1},"asset":{"__uuid__":"06MHnJSQNCKrwNlBqWWKwh"},"fileId":"03m4+ATGtAValKCG0ZmzQM"},"_contentSize":{"__type__":"cc.Size","width":108,"height":148},"_trs":{"__type__":"TypedArray","ctor":"Float64Array","array":[0,0,0,0,0,0,1,1,1,1]}},{"__type__":"cc.Node","_name":"num","_parent":{"__id__":56},"_components":[{"__type__":"cc.Sprite","node":{"__id__":59},"_materials":[{"__uuid__":"ecpdLyjvZBwrvm+cedCcQy"}],"_spriteFrame":{"__uuid__":"84nHwuqZRKUpY1ROnbL39P"},"_sizeMode":0,"_isTrimmedMode":false}],"_prefab":{"__type__":"cc.PrefabInfo","root":{"__id__":1},"asset":{"__uuid__":"06MHnJSQNCKrwNlBqWWKwh"},"fileId":"99l/XFWD1KFosBq8s1bOc8"},"_contentSize":{"__type__":"cc.Size","width":22,"height":36},"_trs":{"__type__":"TypedArray","ctor":"Float64Array","array":[-35,48,0,0,0,0,1,1,1,1]}},{"__type__":"cc.Node","_name":"icon","_parent":{"__id__":56},"_components":[{"__type__":"cc.Sprite","node":{"__id__":60},"_materials":[{"__uuid__":"ecpdLyjvZBwrvm+cedCcQy"}],"_spriteFrame":{"__uuid__":"23va30HBpNd6LggxKVhkNz"},"_sizeMode":2,"_isTrimmedMode":false}],"_prefab":{"__type__":"cc.PrefabInfo","root":{"__id__":1},"asset":{"__uuid__":"06MHnJSQNCKrwNlBqWWKwh"},"fileId":"612o3mcXRBCp2FXkg7atVu"},"_contentSize":{"__type__":"cc.Size","width":108,"height":148},"_trs":{"__type__":"TypedArray","ctor":"Float64Array","array":[0,0,0,0,0,0,1,1,1,1]}},{"__type__":"cc.Node","_name":"icon_1","_parent":{"__id__":56},"_components":[{"__type__":"cc.Sprite","node":{"__id__":61},"_materials":[{"__uuid__":"ecpdLyjvZBwrvm+cedCcQy"}],"_spriteFrame":{"__uuid__":"d4Wxh8tpxHBrfX4+El4+FZ"},"_sizeMode":2,"_isTrimmedMode":false}],"_prefab":{"__type__":"cc.PrefabInfo","root":{"__id__":1},"asset":{"__uuid__":"06MHnJSQNCKrwNlBqWWKwh"},"fileId":"be5rFewqhGJL0mg/slxrMa"},"_contentSize":{"__type__":"cc.Size","width":108,"height":148},"_trs":{"__type__":"TypedArray","ctor":"Float64Array","array":[0,0,0,0,0,0,1,1,1,1]}},{"__type__":"cc.Node","_name":"icon_2","_parent":{"__id__":56},"_active":false,"_components":[{"__type__":"cc.Sprite","node":{"__id__":62},"_sizeMode":2,"_isTrimmedMode":false}],"_prefab":{"__type__":"cc.PrefabInfo","root":{"__id__":1},"asset":{"__uuid__":"06MHnJSQNCKrwNlBqWWKwh"},"fileId":"30EX0H7thNSryJJmTrzd5v"},"_contentSize":{"__type__":"cc.Size","width":74,"height":74},"_trs":{"__type__":"TypedArray","ctor":"Float64Array","array":[27.9,55.2,0,0,0,0,1,1,1,1]}},{"__type__":"cc.Node","_name":"icon_3","_parent":{"__id__":56},"_active":false,"_components":[{"__type__":"cc.Sprite","node":{"__id__":63},"_sizeMode":2,"_isTrimmedMode":false}],"_prefab":{"__type__":"cc.PrefabInfo","root":{"__id__":1},"asset":{"__uuid__":"06MHnJSQNCKrwNlBqWWKwh"},"fileId":"5e3LVVyf1A3KzUj1k3YRfI"},"_contentSize":{"__type__":"cc.Size","width":35,"height":35},"_trs":{"__type__":"TypedArray","ctor":"Float64Array","array":[-42,-24,0,0,0,0,1,1,1,1]}},{"__type__":"cc.Node","_name":"poker_back","_parent":{"__id__":56},"_components":[{"__type__":"cc.Sprite","node":{"__id__":64},"_materials":[{"__uuid__":"ecpdLyjvZBwrvm+cedCcQy"}],"_spriteFrame":{"__uuid__":"53cJpJX2pDrIjEDBc19oEm"},"_sizeMode":2}],"_prefab":{"__type__":"cc.PrefabInfo","root":{"__id__":1},"asset":{"__uuid__":"06MHnJSQNCKrwNlBqWWKwh"},"fileId":"62JEv1hx5LB4xC2+gJd2qB"},"_contentSize":{"__type__":"cc.Size","width":108,"height":148},"_trs":{"__type__":"TypedArray","ctor":"Float64Array","array":[0,0,0,0,0,0,1,1,1,1]}},{"__type__":"cc.Node","_name":"card8","_parent":{"__id__":1},"_children":[{"__id__":66},{"__id__":67},{"__id__":68},{"__id__":69},{"__id__":70},{"__id__":71},{"__id__":72},{"__id__":73}],"_prefab":{"__type__":"cc.PrefabInfo","root":{"__id__":1},"asset":{"__uuid__":"06MHnJSQNCKrwNlBqWWKwh"},"fileId":"f3yNqaaSdEQ6UZnIYmDjQU"},"_contentSize":{"__type__":"cc.Size","width":108,"height":148},"_trs":{"__type__":"TypedArray","ctor":"Float64Array","array":[26,0,0,0,0,0,1,1,1,1]}},{"__type__":"cc.Node","_name":"bg_poker","_parent":{"__id__":65},"_components":[{"__type__":"cc.Sprite","node":{"__id__":66},"_materials":[{"__uuid__":"ecpdLyjvZBwrvm+cedCcQy"}],"_spriteFrame":{"__uuid__":"597aTGNN1Fgq6nUj8Z1n0M"},"_sizeMode":2,"_isTrimmedMode":false}],"_prefab":{"__type__":"cc.PrefabInfo","root":{"__id__":1},"asset":{"__uuid__":"06MHnJSQNCKrwNlBqWWKwh"},"fileId":"e8F8nlYnVHWZON7i7Fzbrd"},"_contentSize":{"__type__":"cc.Size","width":108,"height":148},"_trs":{"__type__":"TypedArray","ctor":"Float64Array","array":[0,0,0,0,0,0,1,1,1,1]}},{"__type__":"cc.Node","_name":"icon_mapai","_parent":{"__id__":65},"_active":false,"_components":[{"__type__":"cc.Sprite","node":{"__id__":67},"_materials":[{"__uuid__":"ecpdLyjvZBwrvm+cedCcQy"}],"_spriteFrame":{"__uuid__":"f4eAmSm/JDVJhWmR2+4RqT"},"_sizeMode":0}],"_prefab":{"__type__":"cc.PrefabInfo","root":{"__id__":1},"asset":{"__uuid__":"06MHnJSQNCKrwNlBqWWKwh"},"fileId":"46hucbdk9CNa/dl3J8bHGY"},"_contentSize":{"__type__":"cc.Size","width":108,"height":148},"_trs":{"__type__":"TypedArray","ctor":"Float64Array","array":[0,0,0,0,0,0,1,1,1,1]}},{"__type__":"cc.Node","_name":"num","_parent":{"__id__":65},"_components":[{"__type__":"cc.Sprite","node":{"__id__":68},"_materials":[{"__uuid__":"ecpdLyjvZBwrvm+cedCcQy"}],"_spriteFrame":{"__uuid__":"84nHwuqZRKUpY1ROnbL39P"},"_sizeMode":0,"_isTrimmedMode":false}],"_prefab":{"__type__":"cc.PrefabInfo","root":{"__id__":1},"asset":{"__uuid__":"06MHnJSQNCKrwNlBqWWKwh"},"fileId":"d1rnLYpzpLUJp2TpYuptVs"},"_contentSize":{"__type__":"cc.Size","width":22,"height":36},"_trs":{"__type__":"TypedArray","ctor":"Float64Array","array":[-35,48,0,0,0,0,1,1,1,1]}},{"__type__":"cc.Node","_name":"icon","_parent":{"__id__":65},"_components":[{"__type__":"cc.Sprite","node":{"__id__":69},"_materials":[{"__uuid__":"ecpdLyjvZBwrvm+cedCcQy"}],"_spriteFrame":{"__uuid__":"23va30HBpNd6LggxKVhkNz"},"_sizeMode":2,"_isTrimmedMode":false}],"_prefab":{"__type__":"cc.PrefabInfo","root":{"__id__":1},"asset":{"__uuid__":"06MHnJSQNCKrwNlBqWWKwh"},"fileId":"5aVSHjdqxPI4tVEGuvSp48"},"_contentSize":{"__type__":"cc.Size","width":108,"height":148},"_trs":{"__type__":"TypedArray","ctor":"Float64Array","array":[0,0,0,0,0,0,1,1,1,1]}},{"__type__":"cc.Node","_name":"icon_1","_parent":{"__id__":65},"_components":[{"__type__":"cc.Sprite","node":{"__id__":70},"_materials":[{"__uuid__":"ecpdLyjvZBwrvm+cedCcQy"}],"_spriteFrame":{"__uuid__":"d4Wxh8tpxHBrfX4+El4+FZ"},"_sizeMode":2,"_isTrimmedMode":false}],"_prefab":{"__type__":"cc.PrefabInfo","root":{"__id__":1},"asset":{"__uuid__":"06MHnJSQNCKrwNlBqWWKwh"},"fileId":"5d2kV8WOtIro/t+oFcZN4Y"},"_contentSize":{"__type__":"cc.Size","width":108,"height":148},"_trs":{"__type__":"TypedArray","ctor":"Float64Array","array":[0,0,0,0,0,0,1,1,1,1]}},{"__type__":"cc.Node","_name":"icon_2","_parent":{"__id__":65},"_active":false,"_components":[{"__type__":"cc.Sprite","node":{"__id__":71},"_sizeMode":2,"_isTrimmedMode":false}],"_prefab":{"__type__":"cc.PrefabInfo","root":{"__id__":1},"asset":{"__uuid__":"06MHnJSQNCKrwNlBqWWKwh"},"fileId":"18PWKqlwBIl5SqpVdBVaJJ"},"_contentSize":{"__type__":"cc.Size","width":74,"height":74},"_trs":{"__type__":"TypedArray","ctor":"Float64Array","array":[27.9,55.2,0,0,0,0,1,1,1,1]}},{"__type__":"cc.Node","_name":"icon_3","_parent":{"__id__":65},"_active":false,"_components":[{"__type__":"cc.Sprite","node":{"__id__":72},"_sizeMode":2,"_isTrimmedMode":false}],"_prefab":{"__type__":"cc.PrefabInfo","root":{"__id__":1},"asset":{"__uuid__":"06MHnJSQNCKrwNlBqWWKwh"},"fileId":"57yPVoZ9JAu6ffzwzpM9ra"},"_contentSize":{"__type__":"cc.Size","width":35,"height":35},"_trs":{"__type__":"TypedArray","ctor":"Float64Array","array":[-42,-24,0,0,0,0,1,1,1,1]}},{"__type__":"cc.Node","_name":"poker_back","_parent":{"__id__":65},"_components":[{"__type__":"cc.Sprite","node":{"__id__":73},"_materials":[{"__uuid__":"ecpdLyjvZBwrvm+cedCcQy"}],"_spriteFrame":{"__uuid__":"53cJpJX2pDrIjEDBc19oEm"},"_sizeMode":2}],"_prefab":{"__type__":"cc.PrefabInfo","root":{"__id__":1},"asset":{"__uuid__":"06MHnJSQNCKrwNlBqWWKwh"},"fileId":"33IkEndi1Fu7wKr5r0VsVj"},"_contentSize":{"__type__":"cc.Size","width":108,"height":148},"_trs":{"__type__":"TypedArray","ctor":"Float64Array","array":[0,0,0,0,0,0,1,1,1,1]}},{"__type__":"cc.Node","_name":"card9","_parent":{"__id__":1},"_children":[{"__id__":75},{"__id__":76},{"__id__":77},{"__id__":78},{"__id__":79},{"__id__":80},{"__id__":81},{"__id__":82}],"_prefab":{"__type__":"cc.PrefabInfo","root":{"__id__":1},"asset":{"__uuid__":"06MHnJSQNCKrwNlBqWWKwh"},"fileId":"21zd24U1NInZ8IRZ0RgQsl"},"_contentSize":{"__type__":"cc.Size","width":108,"height":148},"_trs":{"__type__":"TypedArray","ctor":"Float64Array","array":[52,0,0,0,0,0,1,1,1,1]}},{"__type__":"cc.Node","_name":"bg_poker","_parent":{"__id__":74},"_components":[{"__type__":"cc.Sprite","node":{"__id__":75},"_materials":[{"__uuid__":"ecpdLyjvZBwrvm+cedCcQy"}],"_spriteFrame":{"__uuid__":"597aTGNN1Fgq6nUj8Z1n0M"},"_sizeMode":2,"_isTrimmedMode":false}],"_prefab":{"__type__":"cc.PrefabInfo","root":{"__id__":1},"asset":{"__uuid__":"06MHnJSQNCKrwNlBqWWKwh"},"fileId":"e1i1IWNa5EHYmWxPavp5vX"},"_contentSize":{"__type__":"cc.Size","width":108,"height":148},"_trs":{"__type__":"TypedArray","ctor":"Float64Array","array":[0,0,0,0,0,0,1,1,1,1]}},{"__type__":"cc.Node","_name":"icon_mapai","_parent":{"__id__":74},"_active":false,"_components":[{"__type__":"cc.Sprite","node":{"__id__":76},"_materials":[{"__uuid__":"ecpdLyjvZBwrvm+cedCcQy"}],"_spriteFrame":{"__uuid__":"f4eAmSm/JDVJhWmR2+4RqT"},"_sizeMode":0}],"_prefab":{"__type__":"cc.PrefabInfo","root":{"__id__":1},"asset":{"__uuid__":"06MHnJSQNCKrwNlBqWWKwh"},"fileId":"c234qbvs9Dar8N1cWwwvH6"},"_contentSize":{"__type__":"cc.Size","width":108,"height":148},"_trs":{"__type__":"TypedArray","ctor":"Float64Array","array":[0,0,0,0,0,0,1,1,1,1]}},{"__type__":"cc.Node","_name":"num","_parent":{"__id__":74},"_components":[{"__type__":"cc.Sprite","node":{"__id__":77},"_materials":[{"__uuid__":"ecpdLyjvZBwrvm+cedCcQy"}],"_spriteFrame":{"__uuid__":"84nHwuqZRKUpY1ROnbL39P"},"_sizeMode":0,"_isTrimmedMode":false}],"_prefab":{"__type__":"cc.PrefabInfo","root":{"__id__":1},"asset":{"__uuid__":"06MHnJSQNCKrwNlBqWWKwh"},"fileId":"45FUkNJQhHt7Llx05VNyiP"},"_contentSize":{"__type__":"cc.Size","width":22,"height":36},"_trs":{"__type__":"TypedArray","ctor":"Float64Array","array":[-35,48,0,0,0,0,1,1,1,1]}},{"__type__":"cc.Node","_name":"icon","_parent":{"__id__":74},"_components":[{"__type__":"cc.Sprite","node":{"__id__":78},"_materials":[{"__uuid__":"ecpdLyjvZBwrvm+cedCcQy"}],"_spriteFrame":{"__uuid__":"23va30HBpNd6LggxKVhkNz"},"_sizeMode":2,"_isTrimmedMode":false}],"_prefab":{"__type__":"cc.PrefabInfo","root":{"__id__":1},"asset":{"__uuid__":"06MHnJSQNCKrwNlBqWWKwh"},"fileId":"54M0pupIVK0LSJ/qqAXYn1"},"_contentSize":{"__type__":"cc.Size","width":108,"height":148},"_trs":{"__type__":"TypedArray","ctor":"Float64Array","array":[0,0,0,0,0,0,1,1,1,1]}},{"__type__":"cc.Node","_name":"icon_1","_parent":{"__id__":74},"_components":[{"__type__":"cc.Sprite","node":{"__id__":79},"_materials":[{"__uuid__":"ecpdLyjvZBwrvm+cedCcQy"}],"_spriteFrame":{"__uuid__":"d4Wxh8tpxHBrfX4+El4+FZ"},"_sizeMode":2,"_isTrimmedMode":false}],"_prefab":{"__type__":"cc.PrefabInfo","root":{"__id__":1},"asset":{"__uuid__":"06MHnJSQNCKrwNlBqWWKwh"},"fileId":"b0vSOuVFJEmqMo7k0APj9G"},"_contentSize":{"__type__":"cc.Size","width":108,"height":148},"_trs":{"__type__":"TypedArray","ctor":"Float64Array","array":[0,0,0,0,0,0,1,1,1,1]}},{"__type__":"cc.Node","_name":"icon_2","_parent":{"__id__":74},"_active":false,"_components":[{"__type__":"cc.Sprite","node":{"__id__":80},"_sizeMode":2,"_isTrimmedMode":false}],"_prefab":{"__type__":"cc.PrefabInfo","root":{"__id__":1},"asset":{"__uuid__":"06MHnJSQNCKrwNlBqWWKwh"},"fileId":"7az27/DexEF78sFHSy2J4o"},"_contentSize":{"__type__":"cc.Size","width":74,"height":74},"_trs":{"__type__":"TypedArray","ctor":"Float64Array","array":[27.9,55.2,0,0,0,0,1,1,1,1]}},{"__type__":"cc.Node","_name":"icon_3","_parent":{"__id__":74},"_active":false,"_components":[{"__type__":"cc.Sprite","node":{"__id__":81},"_sizeMode":2,"_isTrimmedMode":false}],"_prefab":{"__type__":"cc.PrefabInfo","root":{"__id__":1},"asset":{"__uuid__":"06MHnJSQNCKrwNlBqWWKwh"},"fileId":"d27TWHeNZDwq0eNTcXP3ls"},"_contentSize":{"__type__":"cc.Size","width":35,"height":35},"_trs":{"__type__":"TypedArray","ctor":"Float64Array","array":[-42,-24,0,0,0,0,1,1,1,1]}},{"__type__":"cc.Node","_name":"poker_back","_parent":{"__id__":74},"_components":[{"__type__":"cc.Sprite","node":{"__id__":82},"_materials":[{"__uuid__":"ecpdLyjvZBwrvm+cedCcQy"}],"_spriteFrame":{"__uuid__":"53cJpJX2pDrIjEDBc19oEm"},"_sizeMode":2}],"_prefab":{"__type__":"cc.PrefabInfo","root":{"__id__":1},"asset":{"__uuid__":"06MHnJSQNCKrwNlBqWWKwh"},"fileId":"30I2voasFGmreca7a62tMQ"},"_contentSize":{"__type__":"cc.Size","width":108,"height":148},"_trs":{"__type__":"TypedArray","ctor":"Float64Array","array":[0,0,0,0,0,0,1,1,1,1]}},{"__type__":"cc.Node","_name":"card10","_parent":{"__id__":1},"_children":[{"__id__":84},{"__id__":85},{"__id__":86},{"__id__":87},{"__id__":88},{"__id__":89},{"__id__":90},{"__id__":91}],"_prefab":{"__type__":"cc.PrefabInfo","root":{"__id__":1},"asset":{"__uuid__":"06MHnJSQNCKrwNlBqWWKwh"},"fileId":"2andV+nyRLhaGpajmT3Jh1"},"_contentSize":{"__type__":"cc.Size","width":108,"height":148},"_trs":{"__type__":"TypedArray","ctor":"Float64Array","array":[78,0,0,0,0,0,1,1,1,1]}},{"__type__":"cc.Node","_name":"bg_poker","_parent":{"__id__":83},"_components":[{"__type__":"cc.Sprite","node":{"__id__":84},"_materials":[{"__uuid__":"ecpdLyjvZBwrvm+cedCcQy"}],"_spriteFrame":{"__uuid__":"597aTGNN1Fgq6nUj8Z1n0M"},"_sizeMode":2,"_isTrimmedMode":false}],"_prefab":{"__type__":"cc.PrefabInfo","root":{"__id__":1},"asset":{"__uuid__":"06MHnJSQNCKrwNlBqWWKwh"},"fileId":"53TazdSNlGgJ/gPY6xq/oM"},"_contentSize":{"__type__":"cc.Size","width":108,"height":148},"_trs":{"__type__":"TypedArray","ctor":"Float64Array","array":[0,0,0,0,0,0,1,1,1,1]}},{"__type__":"cc.Node","_name":"icon_mapai","_parent":{"__id__":83},"_active":false,"_components":[{"__type__":"cc.Sprite","node":{"__id__":85},"_materials":[{"__uuid__":"ecpdLyjvZBwrvm+cedCcQy"}],"_spriteFrame":{"__uuid__":"f4eAmSm/JDVJhWmR2+4RqT"},"_sizeMode":0}],"_prefab":{"__type__":"cc.PrefabInfo","root":{"__id__":1},"asset":{"__uuid__":"06MHnJSQNCKrwNlBqWWKwh"},"fileId":"83vdkUi/RBfIKs/P48VXjt"},"_contentSize":{"__type__":"cc.Size","width":108,"height":148},"_trs":{"__type__":"TypedArray","ctor":"Float64Array","array":[0,0,0,0,0,0,1,1,1,1]}},{"__type__":"cc.Node","_name":"num","_parent":{"__id__":83},"_components":[{"__type__":"cc.Sprite","node":{"__id__":86},"_materials":[{"__uuid__":"ecpdLyjvZBwrvm+cedCcQy"}],"_spriteFrame":{"__uuid__":"84nHwuqZRKUpY1ROnbL39P"},"_sizeMode":0,"_isTrimmedMode":false}],"_prefab":{"__type__":"cc.PrefabInfo","root":{"__id__":1},"asset":{"__uuid__":"06MHnJSQNCKrwNlBqWWKwh"},"fileId":"9a3NnK4V5B2Jw/tfcjWo+v"},"_contentSize":{"__type__":"cc.Size","width":22,"height":36},"_trs":{"__type__":"TypedArray","ctor":"Float64Array","array":[-35,48,0,0,0,0,1,1,1,1]}},{"__type__":"cc.Node","_name":"icon","_parent":{"__id__":83},"_components":[{"__type__":"cc.Sprite","node":{"__id__":87},"_materials":[{"__uuid__":"ecpdLyjvZBwrvm+cedCcQy"}],"_spriteFrame":{"__uuid__":"23va30HBpNd6LggxKVhkNz"},"_sizeMode":2,"_isTrimmedMode":false}],"_prefab":{"__type__":"cc.PrefabInfo","root":{"__id__":1},"asset":{"__uuid__":"06MHnJSQNCKrwNlBqWWKwh"},"fileId":"c5w6lbV8pLWbxR66sDnpXM"},"_contentSize":{"__type__":"cc.Size","width":108,"height":148},"_trs":{"__type__":"TypedArray","ctor":"Float64Array","array":[0,0,0,0,0,0,1,1,1,1]}},{"__type__":"cc.Node","_name":"icon_1","_parent":{"__id__":83},"_components":[{"__type__":"cc.Sprite","node":{"__id__":88},"_materials":[{"__uuid__":"ecpdLyjvZBwrvm+cedCcQy"}],"_spriteFrame":{"__uuid__":"d4Wxh8tpxHBrfX4+El4+FZ"},"_sizeMode":2,"_isTrimmedMode":false}],"_prefab":{"__type__":"cc.PrefabInfo","root":{"__id__":1},"asset":{"__uuid__":"06MHnJSQNCKrwNlBqWWKwh"},"fileId":"46S28WjLpKVqg+/OXDvUcn"},"_contentSize":{"__type__":"cc.Size","width":108,"height":148},"_trs":{"__type__":"TypedArray","ctor":"Float64Array","array":[0,0,0,0,0,0,1,1,1,1]}},{"__type__":"cc.Node","_name":"icon_2","_parent":{"__id__":83},"_active":false,"_components":[{"__type__":"cc.Sprite","node":{"__id__":89},"_sizeMode":2,"_isTrimmedMode":false}],"_prefab":{"__type__":"cc.PrefabInfo","root":{"__id__":1},"asset":{"__uuid__":"06MHnJSQNCKrwNlBqWWKwh"},"fileId":"31nPzQTSdIuZIw9gX6EhJS"},"_contentSize":{"__type__":"cc.Size","width":74,"height":74},"_trs":{"__type__":"TypedArray","ctor":"Float64Array","array":[27.9,55.2,0,0,0,0,1,1,1,1]}},{"__type__":"cc.Node","_name":"icon_3","_parent":{"__id__":83},"_active":false,"_components":[{"__type__":"cc.Sprite","node":{"__id__":90},"_sizeMode":2,"_isTrimmedMode":false}],"_prefab":{"__type__":"cc.PrefabInfo","root":{"__id__":1},"asset":{"__uuid__":"06MHnJSQNCKrwNlBqWWKwh"},"fileId":"dew+buZJpCBZTmr6CDVoAW"},"_contentSize":{"__type__":"cc.Size","width":35,"height":35},"_trs":{"__type__":"TypedArray","ctor":"Float64Array","array":[-42,-24,0,0,0,0,1,1,1,1]}},{"__type__":"cc.Node","_name":"poker_back","_parent":{"__id__":83},"_components":[{"__type__":"cc.Sprite","node":{"__id__":91},"_materials":[{"__uuid__":"ecpdLyjvZBwrvm+cedCcQy"}],"_spriteFrame":{"__uuid__":"53cJpJX2pDrIjEDBc19oEm"},"_sizeMode":2}],"_prefab":{"__type__":"cc.PrefabInfo","root":{"__id__":1},"asset":{"__uuid__":"06MHnJSQNCKrwNlBqWWKwh"},"fileId":"62iMLNbTZLqJgi5Mqy5cvt"},"_contentSize":{"__type__":"cc.Size","width":108,"height":148},"_trs":{"__type__":"TypedArray","ctor":"Float64Array","array":[0,0,0,0,0,0,1,1,1,1]}},{"__type__":"cc.Node","_name":"card11","_parent":{"__id__":1},"_children":[{"__id__":93},{"__id__":94},{"__id__":95},{"__id__":96},{"__id__":97},{"__id__":98},{"__id__":99},{"__id__":100}],"_prefab":{"__type__":"cc.PrefabInfo","root":{"__id__":1},"asset":{"__uuid__":"06MHnJSQNCKrwNlBqWWKwh"},"fileId":"d5eLd5Ee5EP7qyJa3PY264"},"_contentSize":{"__type__":"cc.Size","width":108,"height":148},"_trs":{"__type__":"TypedArray","ctor":"Float64Array","array":[104,0,0,0,0,0,1,1,1,1]}},{"__type__":"cc.Node","_name":"bg_poker","_parent":{"__id__":92},"_components":[{"__type__":"cc.Sprite","node":{"__id__":93},"_materials":[{"__uuid__":"ecpdLyjvZBwrvm+cedCcQy"}],"_spriteFrame":{"__uuid__":"597aTGNN1Fgq6nUj8Z1n0M"},"_sizeMode":2,"_isTrimmedMode":false}],"_prefab":{"__type__":"cc.PrefabInfo","root":{"__id__":1},"asset":{"__uuid__":"06MHnJSQNCKrwNlBqWWKwh"},"fileId":"batoYdKkJLx743LgBaSQ4N"},"_contentSize":{"__type__":"cc.Size","width":108,"height":148},"_trs":{"__type__":"TypedArray","ctor":"Float64Array","array":[0,0,0,0,0,0,1,1,1,1]}},{"__type__":"cc.Node","_name":"icon_mapai","_parent":{"__id__":92},"_active":false,"_components":[{"__type__":"cc.Sprite","node":{"__id__":94},"_materials":[{"__uuid__":"ecpdLyjvZBwrvm+cedCcQy"}],"_spriteFrame":{"__uuid__":"f4eAmSm/JDVJhWmR2+4RqT"},"_sizeMode":0}],"_prefab":{"__type__":"cc.PrefabInfo","root":{"__id__":1},"asset":{"__uuid__":"06MHnJSQNCKrwNlBqWWKwh"},"fileId":"13iB6+4T1Jea4GFzROqA4z"},"_contentSize":{"__type__":"cc.Size","width":108,"height":148},"_trs":{"__type__":"TypedArray","ctor":"Float64Array","array":[0,0,0,0,0,0,1,1,1,1]}},{"__type__":"cc.Node","_name":"num","_parent":{"__id__":92},"_components":[{"__type__":"cc.Sprite","node":{"__id__":95},"_materials":[{"__uuid__":"ecpdLyjvZBwrvm+cedCcQy"}],"_spriteFrame":{"__uuid__":"84nHwuqZRKUpY1ROnbL39P"},"_sizeMode":0,"_isTrimmedMode":false}],"_prefab":{"__type__":"cc.PrefabInfo","root":{"__id__":1},"asset":{"__uuid__":"06MHnJSQNCKrwNlBqWWKwh"},"fileId":"0eea34CohOwL0kMK9d3w6S"},"_contentSize":{"__type__":"cc.Size","width":22,"height":36},"_trs":{"__type__":"TypedArray","ctor":"Float64Array","array":[-35,48,0,0,0,0,1,1,1,1]}},{"__type__":"cc.Node","_name":"icon","_parent":{"__id__":92},"_components":[{"__type__":"cc.Sprite","node":{"__id__":96},"_materials":[{"__uuid__":"ecpdLyjvZBwrvm+cedCcQy"}],"_spriteFrame":{"__uuid__":"23va30HBpNd6LggxKVhkNz"},"_sizeMode":2,"_isTrimmedMode":false}],"_prefab":{"__type__":"cc.PrefabInfo","root":{"__id__":1},"asset":{"__uuid__":"06MHnJSQNCKrwNlBqWWKwh"},"fileId":"58xvqn7pFJTYn1fIttTX6X"},"_contentSize":{"__type__":"cc.Size","width":108,"height":148},"_trs":{"__type__":"TypedArray","ctor":"Float64Array","array":[0,0,0,0,0,0,1,1,1,1]}},{"__type__":"cc.Node","_name":"icon_1","_parent":{"__id__":92},"_components":[{"__type__":"cc.Sprite","node":{"__id__":97},"_materials":[{"__uuid__":"ecpdLyjvZBwrvm+cedCcQy"}],"_spriteFrame":{"__uuid__":"d4Wxh8tpxHBrfX4+El4+FZ"},"_sizeMode":2,"_isTrimmedMode":false}],"_prefab":{"__type__":"cc.PrefabInfo","root":{"__id__":1},"asset":{"__uuid__":"06MHnJSQNCKrwNlBqWWKwh"},"fileId":"e7+4gSbWNAap42S9IXlCxe"},"_contentSize":{"__type__":"cc.Size","width":108,"height":148},"_trs":{"__type__":"TypedArray","ctor":"Float64Array","array":[0,0,0,0,0,0,1,1,1,1]}},{"__type__":"cc.Node","_name":"icon_2","_parent":{"__id__":92},"_active":false,"_components":[{"__type__":"cc.Sprite","node":{"__id__":98},"_sizeMode":2,"_isTrimmedMode":false}],"_prefab":{"__type__":"cc.PrefabInfo","root":{"__id__":1},"asset":{"__uuid__":"06MHnJSQNCKrwNlBqWWKwh"},"fileId":"a6ZnAfvYZAK6z9IOECd2F0"},"_contentSize":{"__type__":"cc.Size","width":74,"height":74},"_trs":{"__type__":"TypedArray","ctor":"Float64Array","array":[27.9,55.2,0,0,0,0,1,1,1,1]}},{"__type__":"cc.Node","_name":"icon_3","_parent":{"__id__":92},"_active":false,"_components":[{"__type__":"cc.Sprite","node":{"__id__":99},"_sizeMode":2,"_isTrimmedMode":false}],"_prefab":{"__type__":"cc.PrefabInfo","root":{"__id__":1},"asset":{"__uuid__":"06MHnJSQNCKrwNlBqWWKwh"},"fileId":"44P4vhtzVER4FB74bYHIc/"},"_contentSize":{"__type__":"cc.Size","width":35,"height":35},"_trs":{"__type__":"TypedArray","ctor":"Float64Array","array":[-42,-24,0,0,0,0,1,1,1,1]}},{"__type__":"cc.Node","_name":"poker_back","_parent":{"__id__":92},"_components":[{"__type__":"cc.Sprite","node":{"__id__":100},"_materials":[{"__uuid__":"ecpdLyjvZBwrvm+cedCcQy"}],"_spriteFrame":{"__uuid__":"53cJpJX2pDrIjEDBc19oEm"},"_sizeMode":2}],"_prefab":{"__type__":"cc.PrefabInfo","root":{"__id__":1},"asset":{"__uuid__":"06MHnJSQNCKrwNlBqWWKwh"},"fileId":"3271Ne2dJFQYflFtQG11Ws"},"_contentSize":{"__type__":"cc.Size","width":108,"height":148},"_trs":{"__type__":"TypedArray","ctor":"Float64Array","array":[0,0,0,0,0,0,1,1,1,1]}},{"__type__":"cc.Node","_name":"card12","_parent":{"__id__":1},"_children":[{"__id__":102},{"__id__":103},{"__id__":104},{"__id__":105},{"__id__":106},{"__id__":107},{"__id__":108},{"__id__":109}],"_prefab":{"__type__":"cc.PrefabInfo","root":{"__id__":1},"asset":{"__uuid__":"06MHnJSQNCKrwNlBqWWKwh"},"fileId":"0aIpfdlOdKDYiEqdplzt4o"},"_contentSize":{"__type__":"cc.Size","width":108,"height":148},"_trs":{"__type__":"TypedArray","ctor":"Float64Array","array":[130,0,0,0,0,0,1,1,1,1]}},{"__type__":"cc.Node","_name":"bg_poker","_parent":{"__id__":101},"_components":[{"__type__":"cc.Sprite","node":{"__id__":102},"_materials":[{"__uuid__":"ecpdLyjvZBwrvm+cedCcQy"}],"_spriteFrame":{"__uuid__":"597aTGNN1Fgq6nUj8Z1n0M"},"_sizeMode":2,"_isTrimmedMode":false}],"_prefab":{"__type__":"cc.PrefabInfo","root":{"__id__":1},"asset":{"__uuid__":"06MHnJSQNCKrwNlBqWWKwh"},"fileId":"c5SAi1rqxATpJOXtNjXaKA"},"_contentSize":{"__type__":"cc.Size","width":108,"height":148},"_trs":{"__type__":"TypedArray","ctor":"Float64Array","array":[0,0,0,0,0,0,1,1,1,1]}},{"__type__":"cc.Node","_name":"icon_mapai","_parent":{"__id__":101},"_active":false,"_components":[{"__type__":"cc.Sprite","node":{"__id__":103},"_materials":[{"__uuid__":"ecpdLyjvZBwrvm+cedCcQy"}],"_spriteFrame":{"__uuid__":"f4eAmSm/JDVJhWmR2+4RqT"},"_sizeMode":0}],"_prefab":{"__type__":"cc.PrefabInfo","root":{"__id__":1},"asset":{"__uuid__":"06MHnJSQNCKrwNlBqWWKwh"},"fileId":"40Gk+EK/VNIZufwL1gjxY5"},"_contentSize":{"__type__":"cc.Size","width":108,"height":148},"_trs":{"__type__":"TypedArray","ctor":"Float64Array","array":[0,0,0,0,0,0,1,1,1,1]}},{"__type__":"cc.Node","_name":"num","_parent":{"__id__":101},"_components":[{"__type__":"cc.Sprite","node":{"__id__":104},"_materials":[{"__uuid__":"ecpdLyjvZBwrvm+cedCcQy"}],"_spriteFrame":{"__uuid__":"84nHwuqZRKUpY1ROnbL39P"},"_sizeMode":0,"_isTrimmedMode":false}],"_prefab":{"__type__":"cc.PrefabInfo","root":{"__id__":1},"asset":{"__uuid__":"06MHnJSQNCKrwNlBqWWKwh"},"fileId":"da31cWk81JTpl+0TSyKkiL"},"_contentSize":{"__type__":"cc.Size","width":22,"height":36},"_trs":{"__type__":"TypedArray","ctor":"Float64Array","array":[-35,48,0,0,0,0,1,1,1,1]}},{"__type__":"cc.Node","_name":"icon","_parent":{"__id__":101},"_components":[{"__type__":"cc.Sprite","node":{"__id__":105},"_materials":[{"__uuid__":"ecpdLyjvZBwrvm+cedCcQy"}],"_spriteFrame":{"__uuid__":"23va30HBpNd6LggxKVhkNz"},"_sizeMode":2,"_isTrimmedMode":false}],"_prefab":{"__type__":"cc.PrefabInfo","root":{"__id__":1},"asset":{"__uuid__":"06MHnJSQNCKrwNlBqWWKwh"},"fileId":"5f9aoSVtxCjZFf3vWwowwD"},"_contentSize":{"__type__":"cc.Size","width":108,"height":148},"_trs":{"__type__":"TypedArray","ctor":"Float64Array","array":[0,0,0,0,0,0,1,1,1,1]}},{"__type__":"cc.Node","_name":"icon_1","_parent":{"__id__":101},"_components":[{"__type__":"cc.Sprite","node":{"__id__":106},"_materials":[{"__uuid__":"ecpdLyjvZBwrvm+cedCcQy"}],"_spriteFrame":{"__uuid__":"d4Wxh8tpxHBrfX4+El4+FZ"},"_sizeMode":2,"_isTrimmedMode":false}],"_prefab":{"__type__":"cc.PrefabInfo","root":{"__id__":1},"asset":{"__uuid__":"06MHnJSQNCKrwNlBqWWKwh"},"fileId":"e7NtY2OMhOf6sf8yNvKcCw"},"_contentSize":{"__type__":"cc.Size","width":108,"height":148},"_trs":{"__type__":"TypedArray","ctor":"Float64Array","array":[0,0,0,0,0,0,1,1,1,1]}},{"__type__":"cc.Node","_name":"icon_2","_parent":{"__id__":101},"_active":false,"_components":[{"__type__":"cc.Sprite","node":{"__id__":107},"_sizeMode":2,"_isTrimmedMode":false}],"_prefab":{"__type__":"cc.PrefabInfo","root":{"__id__":1},"asset":{"__uuid__":"06MHnJSQNCKrwNlBqWWKwh"},"fileId":"5aDNPub7JB5Ye9sPLcyj8Y"},"_contentSize":{"__type__":"cc.Size","width":74,"height":74},"_trs":{"__type__":"TypedArray","ctor":"Float64Array","array":[27.9,55.2,0,0,0,0,1,1,1,1]}},{"__type__":"cc.Node","_name":"icon_3","_parent":{"__id__":101},"_active":false,"_components":[{"__type__":"cc.Sprite","node":{"__id__":108},"_sizeMode":2,"_isTrimmedMode":false}],"_prefab":{"__type__":"cc.PrefabInfo","root":{"__id__":1},"asset":{"__uuid__":"06MHnJSQNCKrwNlBqWWKwh"},"fileId":"efr7H02l9JjY7GbKDMaEmY"},"_contentSize":{"__type__":"cc.Size","width":35,"height":35},"_trs":{"__type__":"TypedArray","ctor":"Float64Array","array":[-42,-24,0,0,0,0,1,1,1,1]}},{"__type__":"cc.Node","_name":"poker_back","_parent":{"__id__":101},"_components":[{"__type__":"cc.Sprite","node":{"__id__":109},"_materials":[{"__uuid__":"ecpdLyjvZBwrvm+cedCcQy"}],"_spriteFrame":{"__uuid__":"53cJpJX2pDrIjEDBc19oEm"},"_sizeMode":2}],"_prefab":{"__type__":"cc.PrefabInfo","root":{"__id__":1},"asset":{"__uuid__":"06MHnJSQNCKrwNlBqWWKwh"},"fileId":"b8V6gZLWVB7rWBKyLyoD5W"},"_contentSize":{"__type__":"cc.Size","width":108,"height":148},"_trs":{"__type__":"TypedArray","ctor":"Float64Array","array":[0,0,0,0,0,0,1,1,1,1]}},{"__type__":"cc.Node","_name":"card13","_parent":{"__id__":1},"_children":[{"__id__":111},{"__id__":112},{"__id__":113},{"__id__":114},{"__id__":115},{"__id__":116},{"__id__":117},{"__id__":118}],"_prefab":{"__type__":"cc.PrefabInfo","root":{"__id__":1},"asset":{"__uuid__":"06MHnJSQNCKrwNlBqWWKwh"},"fileId":"78JS0zMMtFmIrEVos/flZj"},"_contentSize":{"__type__":"cc.Size","width":108,"height":148},"_trs":{"__type__":"TypedArray","ctor":"Float64Array","array":[156,0,0,0,0,0,1,1,1,1]}},{"__type__":"cc.Node","_name":"bg_poker","_parent":{"__id__":110},"_components":[{"__type__":"cc.Sprite","node":{"__id__":111},"_materials":[{"__uuid__":"ecpdLyjvZBwrvm+cedCcQy"}],"_spriteFrame":{"__uuid__":"597aTGNN1Fgq6nUj8Z1n0M"},"_sizeMode":2,"_isTrimmedMode":false}],"_prefab":{"__type__":"cc.PrefabInfo","root":{"__id__":1},"asset":{"__uuid__":"06MHnJSQNCKrwNlBqWWKwh"},"fileId":"ddhYOT/qVDdZ6+T12N9K5/"},"_contentSize":{"__type__":"cc.Size","width":108,"height":148},"_trs":{"__type__":"TypedArray","ctor":"Float64Array","array":[0,0,0,0,0,0,1,1,1,1]}},{"__type__":"cc.Node","_name":"icon_mapai","_parent":{"__id__":110},"_active":false,"_components":[{"__type__":"cc.Sprite","node":{"__id__":112},"_materials":[{"__uuid__":"ecpdLyjvZBwrvm+cedCcQy"}],"_spriteFrame":{"__uuid__":"f4eAmSm/JDVJhWmR2+4RqT"},"_sizeMode":0}],"_prefab":{"__type__":"cc.PrefabInfo","root":{"__id__":1},"asset":{"__uuid__":"06MHnJSQNCKrwNlBqWWKwh"},"fileId":"daC6Qm73FAurQu5qy3EFIV"},"_contentSize":{"__type__":"cc.Size","width":108,"height":148},"_trs":{"__type__":"TypedArray","ctor":"Float64Array","array":[0,0,0,0,0,0,1,1,1,1]}},{"__type__":"cc.Node","_name":"num","_parent":{"__id__":110},"_components":[{"__type__":"cc.Sprite","node":{"__id__":113},"_materials":[{"__uuid__":"ecpdLyjvZBwrvm+cedCcQy"}],"_spriteFrame":{"__uuid__":"84nHwuqZRKUpY1ROnbL39P"},"_sizeMode":0,"_isTrimmedMode":false}],"_prefab":{"__type__":"cc.PrefabInfo","root":{"__id__":1},"asset":{"__uuid__":"06MHnJSQNCKrwNlBqWWKwh"},"fileId":"90cRF/plFP9Yq4BepXxASX"},"_contentSize":{"__type__":"cc.Size","width":22,"height":36},"_trs":{"__type__":"TypedArray","ctor":"Float64Array","array":[-35,48,0,0,0,0,1,1,1,1]}},{"__type__":"cc.Node","_name":"icon","_parent":{"__id__":110},"_components":[{"__type__":"cc.Sprite","node":{"__id__":114},"_materials":[{"__uuid__":"ecpdLyjvZBwrvm+cedCcQy"}],"_spriteFrame":{"__uuid__":"23va30HBpNd6LggxKVhkNz"},"_sizeMode":2,"_isTrimmedMode":false}],"_prefab":{"__type__":"cc.PrefabInfo","root":{"__id__":1},"asset":{"__uuid__":"06MHnJSQNCKrwNlBqWWKwh"},"fileId":"cdVIW3h3FN1qb/z9RTz2dp"},"_contentSize":{"__type__":"cc.Size","width":108,"height":148},"_trs":{"__type__":"TypedArray","ctor":"Float64Array","array":[0,0,0,0,0,0,1,1,1,1]}},{"__type__":"cc.Node","_name":"icon_1","_parent":{"__id__":110},"_components":[{"__type__":"cc.Sprite","node":{"__id__":115},"_materials":[{"__uuid__":"ecpdLyjvZBwrvm+cedCcQy"}],"_spriteFrame":{"__uuid__":"d4Wxh8tpxHBrfX4+El4+FZ"},"_sizeMode":2,"_isTrimmedMode":false}],"_prefab":{"__type__":"cc.PrefabInfo","root":{"__id__":1},"asset":{"__uuid__":"06MHnJSQNCKrwNlBqWWKwh"},"fileId":"0eVFMPOIdG0KOrq8bC0pgR"},"_contentSize":{"__type__":"cc.Size","width":108,"height":148},"_trs":{"__type__":"TypedArray","ctor":"Float64Array","array":[0,0,0,0,0,0,1,1,1,1]}},{"__type__":"cc.Node","_name":"icon_2","_parent":{"__id__":110},"_active":false,"_components":[{"__type__":"cc.Sprite","node":{"__id__":116},"_sizeMode":2,"_isTrimmedMode":false}],"_prefab":{"__type__":"cc.PrefabInfo","root":{"__id__":1},"asset":{"__uuid__":"06MHnJSQNCKrwNlBqWWKwh"},"fileId":"64/chcNztHx7JW+xXhTNOb"},"_contentSize":{"__type__":"cc.Size","width":74,"height":74},"_trs":{"__type__":"TypedArray","ctor":"Float64Array","array":[27.9,55.2,0,0,0,0,1,1,1,1]}},{"__type__":"cc.Node","_name":"icon_3","_parent":{"__id__":110},"_active":false,"_components":[{"__type__":"cc.Sprite","node":{"__id__":117},"_sizeMode":2,"_isTrimmedMode":false}],"_prefab":{"__type__":"cc.PrefabInfo","root":{"__id__":1},"asset":{"__uuid__":"06MHnJSQNCKrwNlBqWWKwh"},"fileId":"e2Yua7GrRIDaYPBguzhd9v"},"_contentSize":{"__type__":"cc.Size","width":35,"height":35},"_trs":{"__type__":"TypedArray","ctor":"Float64Array","array":[-42,-24,0,0,0,0,1,1,1,1]}},{"__type__":"cc.Node","_name":"poker_back","_parent":{"__id__":110},"_components":[{"__type__":"cc.Sprite","node":{"__id__":118},"_materials":[{"__uuid__":"ecpdLyjvZBwrvm+cedCcQy"}],"_spriteFrame":{"__uuid__":"53cJpJX2pDrIjEDBc19oEm"},"_sizeMode":2}],"_prefab":{"__type__":"cc.PrefabInfo","root":{"__id__":1},"asset":{"__uuid__":"06MHnJSQNCKrwNlBqWWKwh"},"fileId":"b2X6QKsFVPHqzSt8/+yqUW"},"_contentSize":{"__type__":"cc.Size","width":108,"height":148},"_trs":{"__type__":"TypedArray","ctor":"Float64Array","array":[0,0,0,0,0,0,1,1,1,1]}},{"__type__":"cc.Node","_name":"sp_arrange","_parent":{"__id__":1},"_active":false,"_components":[{"__type__":"cc.Sprite","node":{"__id__":119},"_materials":[{"__uuid__":"ecpdLyjvZBwrvm+cedCcQy"}],"_spriteFrame":{"__uuid__":"efG55DFdtEVJvHQ7mlRPxW"}}],"_prefab":{"__type__":"cc.PrefabInfo","root":{"__id__":1},"asset":{"__uuid__":"06MHnJSQNCKrwNlBqWWKwh"},"fileId":"84/rUKqfpHULB422RiomV9"},"_contentSize":{"__type__":"cc.Size","width":162,"height":39},"_trs":{"__type__":"TypedArray","ctor":"Float64Array","array":[0,-26.814,0,0,0,0,1,1.6,1.6,1]}}],{"__type__":"cc.SpriteFrame","content":{"name":"bg_spade1_1","texture":"c4K7yr0ChF4J3jyjKGGiYF","rect":[0,0,80,89],"offset":[0,0],"originalSize":[80,89],"capInsets":[0,0,0,0]}},{"__type__":"cc.SpriteFrame","content":{"name":"poker_back2","texture":"d59fVfjBhKrKnBh3HMjpru","rect":[0,0,356,499],"offset":[0,0],"originalSize":[356,499],"capInsets":[0,0,0,0]}},{"__type__":"cc.SpriteFrame","content":{"name":"bg_poker","texture":"dad5REbZNCwKOHcwDHBQaX","rect":[0,0,191,263],"offset":[0,0],"originalSize":[191,263],"capInsets":[0,0,0,0]}},{"__type__":"cc.SpriteFrame","content":{"name":"black_3","texture":"c4EFEtBURNXph89zt7ZoJ5","rect":[2,1,35,60],"offset":[-0.5,0],"originalSize":[40,62],"capInsets":[0,0,0,0]}},{"__type__":"cc.SpriteFrame","content":{"name":"bg_spade1_2","texture":"97YOUmqXdIK6a0wmnC/RPk","rect":[39,78,52,53],"offset":[11,-30.5],"originalSize":[108,148],"capInsets":[0,0,0,0]}},{"__type__":"cc.SpriteFrame","content":{"name":"img_zlz","texture":"c3vWLRLr9Gzogf1no+cNhv","rect":[0,0,108,36],"offset":[0,0],"originalSize":[108,36],"capInsets":[0,0,0,0]}},{"__type__":"cc.SpriteFrame","content":{"name":"bg_mapai","texture":"d5BYzkyIlPXpAjAVQwBAvX","rect":[0,0,191,263],"offset":[0,0],"originalSize":[191,263],"capInsets":[0,0,0,0]}}]