[{"__type__":"cc.SpriteFrame","content":{"name":"ani_xh_01","texture":"typdk6a5-70a5-4a30-9ad8-4e2cb1d1257c","rect":[0,0,51,53],"offset":[0,0],"originalSize":[51,53],"capInsets":[0,0,0,0]}},{"__type__":"cc.SpriteFrame","content":{"name":"ani_xh_09","texture":"typdkc37-8c0c-4411-a3a9-b4f2750ea752","rect":[0,0,48,38],"offset":[0,0],"originalSize":[48,38],"capInsets":[0,0,0,0]}},{"__type__":"cc.SpriteFrame","content":{"name":"ani_xh_05","texture":"typdk12b-67da-4514-a017-8b6c62b41c7c","rect":[0,0,51,69],"offset":[0,0],"originalSize":[51,69],"capInsets":[0,0,0,0]}},{"__type__":"cc.SpriteFrame","content":{"name":"ani_xh_15","texture":"typdkb4f-374b-494a-b91e-030c12676982","rect":[0,0,171,139],"offset":[0,0],"originalSize":[171,139],"capInsets":[0,0,0,0]}},{"__type__":"cc.SpriteFrame","content":{"name":"ani_xh_14","texture":"typdk31b-7789-47a5-8ae5-76c4baef8206","rect":[0,0,163,141],"offset":[0,0],"originalSize":[163,141],"capInsets":[0,0,0,0]}},{"__type__":"cc.SpriteFrame","content":{"name":"ani_xh_11","texture":"typdkc92-9a52-4302-8268-5ec59a74ae52","rect":[0,0,56,41],"offset":[0,0],"originalSize":[56,41],"capInsets":[0,0,0,0]}},{"__type__":"cc.SpriteFrame","content":{"name":"ani_xh_12","texture":"typdk29c-2319-49a7-ab8c-b91f25281f58","rect":[0,0,57,51],"offset":[0,0],"originalSize":[57,51],"capInsets":[0,0,0,0]}},{"__type__":"cc.SpriteFrame","content":{"name":"ani_xh_02","texture":"typdk1dd-60ee-4bd0-bac0-37cf16f56eac","rect":[0,0,98,66],"offset":[0,0],"originalSize":[98,66],"capInsets":[0,0,0,0]}},{"__type__":"cc.SpriteFrame","content":{"name":"ani_xh_13","texture":"typdk0bb-8cae-46be-b131-a7c33ccbe64c","rect":[0,0,119,105],"offset":[0,0],"originalSize":[119,105],"capInsets":[0,0,0,0]}},{"__type__":"cc.SpriteFrame","content":{"name":"ani_xh_17","texture":"typdk840-4910-4127-80d6-c445fd58feec","rect":[0,0,183,155],"offset":[0,0],"originalSize":[183,155],"capInsets":[0,0,0,0]}},{"__type__":"cc.SpriteFrame","content":{"name":"ani_xh_07","texture":"typdk27c-62fc-43b1-aa08-2569f27078a7","rect":[0,0,36,29],"offset":[0,0],"originalSize":[36,29],"capInsets":[0,0,0,0]}},{"__type__":"cc.SpriteFrame","content":{"name":"ani_xh_08","texture":"typdk71d-9a37-4616-8435-a41fc70690d3","rect":[0,0,42,34],"offset":[0,0],"originalSize":[42,34],"capInsets":[0,0,0,0]}},{"__type__":"cc.SpriteFrame","content":{"name":"ani_xh_04","texture":"typdk3ed-ed2a-42d9-9e45-32e7cca186b5","rect":[0,0,73,75],"offset":[0,0],"originalSize":[73,75],"capInsets":[0,0,0,0]}},{"__type__":"cc.AnimationClip","_name":"xianhuaAni","_duration":0.3,"speed":0.2,"curveData":{"comps":{"cc.Sprite":{"spriteFrame":[{"frame":0,"value":{"__uuid__":"typdk025-14ca-476e-9a34-2cbf1ad0e579"}},{"frame":0.016666666666666666,"value":{"__uuid__":"typdk698-6b5b-4a70-aaa9-c3539218bb34"}},{"frame":0.03333333333333333,"value":{"__uuid__":"typdkdc7-43a5-4bd3-bc00-59f47a4eb772"}},{"frame":0.05,"value":{"__uuid__":"typdkcae-ceae-4ed7-a757-df6483de315d"}},{"frame":0.06666666666666667,"value":{"__uuid__":"typdk343-bd2f-41b3-a705-909cb5157578"}},{"frame":0.08333333333333333,"value":{"__uuid__":"typdkfc0-2c81-41c5-ab07-4d029e08bb30"}},{"frame":0.1,"value":{"__uuid__":"typdk9ef-7603-491c-9577-9b3707e5b90a"}},{"frame":0.11666666666666667,"value":{"__uuid__":"typdkbf6-2a1a-41e6-84e6-f88400e808f7"}},{"frame":0.13333333333333333,"value":{"__uuid__":"typdk0bd-e6ea-4ce3-a01e-2f7bb71888fb"}},{"frame":0.15,"value":{"__uuid__":"typdke95-b334-4ee6-a71f-d218c4d287fd"}},{"frame":0.16666666666666666,"value":{"__uuid__":"typdk58f-0848-486d-b324-a5b245e7fbfc"}},{"frame":0.18333333333333332,"value":{"__uuid__":"typdk68e-f93e-4400-b5e5-532900ab006e"}},{"frame":0.2,"value":{"__uuid__":"typdk6f9-b29f-435e-af89-79679cabdd63"}},{"frame":0.21666666666666667,"value":{"__uuid__":"typdk45a-d3be-4615-a2ed-dc35f472ffb6"}},{"frame":0.23333333333333334,"value":{"__uuid__":"typdk382-4bbe-49f4-be5a-f35a5b62c04d"}},{"frame":0.25,"value":{"__uuid__":"typdke74-5a20-4ce4-a561-2a3eebb10f80"}},{"frame":0.26666666666666666,"value":{"__uuid__":"typdk7e7-f476-4d44-99d4-017a1cbf06f6"}},{"frame":0.2833333333333333,"value":{"__uuid__":"typdke02-c1a7-4b5d-8b09-9a1ff9e6f3f5"}}]}}}},{"__type__":"cc.SpriteFrame","content":{"name":"ani_xh_03","texture":"typdkf7f-3033-456b-8696-ee29a6dcb8b5","rect":[0,0,64,66],"offset":[0,0],"originalSize":[64,66],"capInsets":[0,0,0,0]}},{"__type__":"cc.SpriteFrame","content":{"name":"ani_xh_18","texture":"typdk4ab-943b-4f82-8c3b-fe9a67d35687","rect":[0,0,155,128],"offset":[0,0],"originalSize":[155,128],"capInsets":[0,0,0,0]}},{"__type__":"cc.SpriteFrame","content":{"name":"ani_xh_16","texture":"typdk6f2-f189-49c2-9e6a-aa68edd17ae5","rect":[0,0,179,156],"offset":[0,0],"originalSize":[179,156],"capInsets":[0,0,0,0]}},{"__type__":"cc.SpriteFrame","content":{"name":"ani_xh_10","texture":"typdk86c-c59e-4b2f-b42a-bdb12c937ff4","rect":[0,0,54,41],"offset":[0,0],"originalSize":[54,41],"capInsets":[0,0,0,0]}},{"__type__":"cc.SpriteFrame","content":{"name":"ani_xh_06","texture":"typdkc10-e3d5-40c3-a187-344ade7adf84","rect":[0,0,14,15],"offset":[0,0],"originalSize":[14,15],"capInsets":[0,0,0,0]}}]