[{"__type__":"cc.SpriteFrame","content":{"name":"ani_gm_06","texture":"typdk0d4-8406-4ba9-b6b4-91acbd1360cb","rect":[50,25,152,79],"offset":[0.5,0.5],"originalSize":[251,130],"capInsets":[0,0,0,0]}},{"__type__":"cc.SpriteFrame","content":{"name":"ani_gm_01","texture":"typdk26a-d1e5-41ad-b476-75b341a3a64e","rect":[0,0,251,130],"offset":[0,0],"originalSize":[251,130],"capInsets":[0,0,0,0]}},{"__type__":"cc.SpriteFrame","content":{"name":"ani_gm_07","texture":"typdkf8b-6f9f-4303-aca1-8010065474f7","rect":[40,20,172,89],"offset":[0.5,0.5],"originalSize":[251,130],"capInsets":[0,0,0,0]}},{"__type__":"cc.SpriteFrame","content":{"name":"ani_gm_05","texture":"typdke0b-2a21-43d0-bcc4-40398754ae57","rect":[60,30,132,69],"offset":[0.5,0.5],"originalSize":[251,130],"capInsets":[0,0,0,0]}},{"__type__":"cc.SpriteFrame","content":{"name":"ani_gm_04","texture":"typdk6c8-1ab2-45e4-be96-53f84f349d2a","rect":[45,23,162,84],"offset":[0.5,0],"originalSize":[251,130],"capInsets":[0,0,0,0]}},{"__type__":"cc.AnimationClip","_name":"guanmen","_duration":0.7666666666666667,"curveData":{"comps":{"cc.Sprite":{"spriteFrame":[{"frame":0,"value":{"__uuid__":"typdk276-73d4-4a05-a82a-f11be884fa34"}},{"frame":0.08333333333333333,"value":{"__uuid__":"typdkfcf-c25d-4558-934f-31959611c417"}},{"frame":0.16666666666666666,"value":{"__uuid__":"typdkfb4-3b91-40f4-b089-bd8ea33d24ae"}},{"frame":0.25,"value":{"__uuid__":"typdk7f8-9922-4af3-8d33-e14a2fb0c20d"}},{"frame":0.3333333333333333,"value":{"__uuid__":"typdk56b-70b4-41af-b5e1-a0b316c61b45"}},{"frame":0.4166666666666667,"value":{"__uuid__":"typdk051-8083-4b74-9187-a7267773b1a1"}},{"frame":0.5,"value":{"__uuid__":"typdk4c9-71c1-404c-82c2-a85933fffcaf"}},{"frame":0.5833333333333334,"value":{"__uuid__":"typdked1-d01d-4043-86b4-ed6f32858efb"}},{"frame":0.6666666666666666,"value":{"__uuid__":"typdkf46-45f8-437a-8d27-20f60194f61e"}},{"frame":0.75,"value":{"__uuid__":"typdk276-73d4-4a05-a82a-f11be884fa34"}}]}}}},{"__type__":"cc.SpriteFrame","content":{"name":"ani_gm_08","texture":"typdk330-dd8b-4dcb-8acd-7822e0310f78","rect":[30,15,191,100],"offset":[0,0],"originalSize":[251,130],"capInsets":[0,0,0,0]}},{"__type__":"cc.SpriteFrame","content":{"name":"ani_gm_09","texture":"typdkf3e-27f6-484f-b40d-63e9f09182ab","rect":[20,10,211,110],"offset":[0,0],"originalSize":[251,130],"capInsets":[0,0,0,0]}},{"__type__":"cc.SpriteFrame","content":{"name":"ani_gm_03","texture":"typdkf93-23b7-4e0b-9134-c757d127ffbe","rect":[30,15,191,100],"offset":[0,0],"originalSize":[251,130],"capInsets":[0,0,0,0]}},{"__type__":"cc.SpriteFrame","content":{"name":"ani_gm_02","texture":"typdkb7b-416f-463b-863a-6605c10b3679","rect":[15,8,221,114],"offset":[0,0],"originalSize":[251,130],"capInsets":[0,0,0,0]}}]