[[{"__type__":"cc.Prefab","_name":"pdk_UIWaitForm","data":{"__id__":1}},{"__type__":"cc.Node","_name":"pdk_UIWaitForm","_children":[{"__id__":2},{"__id__":3}],"_components":[{"__type__":"cc.Widget","node":{"__id__":1},"alignMode":0,"_alignFlags":45,"_originalWidth":750,"_originalHeight":1360},{"__type__":"cc.Button","node":{"__id__":1},"_N$normalColor":{"__type__":"cc.Color","r":214,"g":214,"b":214},"_N$target":{"__id__":1}},{"__type__":"typdk55d-d01e-4f5f-b6e9-e4d32008d6a8","node":{"__id__":1},"JS_Name":"sss_BaseComponent"},{"__type__":"typdkf95-2f01-42cd-874c-35cc39c72aae","node":{"__id__":1}}],"_prefab":{"__type__":"cc.PrefabInfo","root":{"__id__":1},"asset":{"__uuid__":"typdk1ca-9db3-43cc-b1dc-89657fa023af"},"fileId":"51b4eIsSDFM0oZhIMf3FdYS"},"_contentSize":{"__type__":"cc.Size","width":1360,"height":760},"_trs":{"__type__":"TypedArray","ctor":"Float64Array","array":[680,380,0,0,0,0,1,1,1,1]}},{"__type__":"cc.Node","_name":"New Sprite","_parent":{"__id__":1},"_components":[{"__type__":"cc.Sprite","node":{"__id__":2},"_materials":[{"__uuid__":"ecpdLyjvZBwrvm+cedCcQy"}],"_spriteFrame":{"__uuid__":"typdkc4a-7ec3-4f16-ad84-ed3352de19b0"},"_sizeMode":0}],"_prefab":{"__type__":"cc.PrefabInfo","root":{"__id__":1},"asset":{"__uuid__":"typdk1ca-9db3-43cc-b1dc-89657fa023af"},"fileId":"8b57eVcoA1AboNK55RPVkvb"},"_contentSize":{"__type__":"cc.Size","width":1750,"height":800},"_trs":{"__type__":"TypedArray","ctor":"Float64Array","array":[0,0,0,0,0,0,1,1,1,1]}},{"__type__":"cc.Node","_name":"New Node","_parent":{"__id__":1},"_components":[{"__type__":"cc.Animation","node":{"__id__":3},"_defaultClip":{"__uuid__":"typdk85a-5320-47a3-911a-9f0a3a644254"},"_clips":[{"__uuid__":"typdk85a-5320-47a3-911a-9f0a3a644254"}],"playOnLoad":true},{"__type__":"cc.Sprite","node":{"__id__":3}}],"_prefab":{"__type__":"cc.PrefabInfo","root":{"__id__":1},"asset":{"__uuid__":"typdk1ca-9db3-43cc-b1dc-89657fa023af"},"fileId":"5c71cm0jcpJPZ+HbeYPv3/F"},"_trs":{"__type__":"TypedArray","ctor":"Float64Array","array":[0,0,0,0,0,0,1,1,1,1]}}],{"__type__":"cc.SpriteFrame","content":{"name":"bg01_sy","texture":"typdk90d-2a57-4a26-b096-1a8c9ec8c7fb","rect":[0,0,1560,720],"offset":[0,0],"originalSize":[1560,720],"capInsets":[0,0,0,0]}}]