[{"__type__":"cc.BitmapFont","_name":"win2","spriteFrame":{"__uuid__":"a1+u2wMg9PvaBBTRmJ5NFn"},"fontSize":1,"_fntConfig":{"commonHeight":29,"fontSize":1,"atlasName":"win2.png","fontDefDictionary":{"32":{"rect":{"x":0,"y":0,"width":0,"height":0},"xOffset":0,"yOffset":0,"xAdvance":22},"43":{"rect":{"x":0,"y":0,"width":22,"height":29},"xOffset":0,"yOffset":0,"xAdvance":22},"48":{"rect":{"x":0,"y":29,"width":22,"height":29},"xOffset":0,"yOffset":0,"xAdvance":22},"49":{"rect":{"x":22,"y":0,"width":22,"height":29},"xOffset":0,"yOffset":0,"xAdvance":22},"50":{"rect":{"x":0,"y":58,"width":22,"height":29},"xOffset":0,"yOffset":0,"xAdvance":22},"51":{"rect":{"x":22,"y":29,"width":22,"height":29},"xOffset":0,"yOffset":0,"xAdvance":22},"52":{"rect":{"x":44,"y":0,"width":22,"height":29},"xOffset":0,"yOffset":0,"xAdvance":22},"53":{"rect":{"x":0,"y":87,"width":22,"height":29},"xOffset":0,"yOffset":0,"xAdvance":22},"54":{"rect":{"x":22,"y":58,"width":22,"height":29},"xOffset":0,"yOffset":0,"xAdvance":22},"55":{"rect":{"x":44,"y":29,"width":22,"height":29},"xOffset":0,"yOffset":0,"xAdvance":22},"56":{"rect":{"x":66,"y":0,"width":22,"height":29},"xOffset":0,"yOffset":0,"xAdvance":22},"57":{"rect":{"x":22,"y":87,"width":22,"height":29},"xOffset":0,"yOffset":0,"xAdvance":22}},"kerningDict":{}}},{"__type__":"cc.SpriteFrame","content":{"name":"win2","texture":"edA5EARetG2JETRTGGQ3lT","rect":[0,0,87,116],"offset":[-20.5,6],"originalSize":[128,128],"capInsets":[0,0,0,0]}}]