[{"__type__":"cc.SpriteFrame","content":{"name":"01","texture":"typdk947-80a4-438a-b42d-d77cf4e15743","rect":[0,1,193,161],"offset":[0,-0.5],"originalSize":[193,162],"capInsets":[0,0,0,0]}},{"__type__":"cc.AnimationClip","_name":"liandui","_duration":1.125,"sample":40,"curveData":{"props":{"position":[{"frame":0,"value":[884,88]},{"frame":0.125,"value":[684,88]},{"frame":0.25,"value":[484,88]},{"frame":0.375,"value":[284,88]},{"frame":0.5,"value":[84,88]},{"frame":0.625,"value":[-116,88]},{"frame":0.75,"value":[-316,88]},{"frame":0.875,"value":[-516,88]},{"frame":1,"value":[-716,88]},{"frame":1.125,"value":[-916,88]}]},"comps":{"cc.Sprite":{"spriteFrame":[{"frame":0,"value":{"__uuid__":"typdk0a8-4327-4caf-b2d6-4753cf835ad8"}}]}}}}]