[{"__type__":"cc.AnimationClip","_name":"face2Action","_duration":2.05,"sample":20,"curveData":{"comps":{"cc.Sprite":{"spriteFrame":[{"frame":0,"value":{"__uuid__":"typdkcb3-0d0c-4cef-aaf2-5210443340fa"}},{"frame":0.25,"value":{"__uuid__":"typdkea4-529b-4333-bce7-2ee60c87e88f"}},{"frame":0.5,"value":{"__uuid__":"typdkbc7-f6b7-480e-b333-6eff370be509"}},{"frame":0.75,"value":{"__uuid__":"typdkc4f-9013-420d-9191-ac95ef9e5943"}},{"frame":1,"value":{"__uuid__":"typdkbc7-bf6a-4425-a207-63c54f7ef4de"}},{"frame":1.25,"value":{"__uuid__":"typdk48d-afbe-42ce-adc0-6f1a20dc3a09"}},{"frame":1.5,"value":{"__uuid__":"typdk67d-e629-4d50-8eb0-93b21bd9dea6"}},{"frame":1.75,"value":{"__uuid__":"typdk968-0509-44c5-8b7b-f5c26181973f"}},{"frame":2,"value":{"__uuid__":"typdkd06-6223-4a6c-bd33-d809295d12a0"}}]}}}},{"__type__":"cc.SpriteFrame","content":{"name":"expression_02_06","texture":"typdk05d-bf92-45be-bcb2-836d2a4f4458","rect":[17,46,116,96],"offset":[-2,-6.5],"originalSize":[154,175],"capInsets":[0,0,0,0]}},{"__type__":"cc.SpriteFrame","content":{"name":"expression_02_07","texture":"typdkb94-3e01-478e-a853-80cbd4ce845b","rect":[18,40,114,102],"offset":[-2,-3.5],"originalSize":[154,175],"capInsets":[0,0,0,0]}},{"__type__":"cc.SpriteFrame","content":{"name":"expression_02_08","texture":"typdka0d-0dff-4afe-9c45-93dc2d282fb4","rect":[18,30,114,112],"offset":[-2,1.5],"originalSize":[154,175],"capInsets":[0,0,0,0]}},{"__type__":"cc.SpriteFrame","content":{"name":"expression_02_05","texture":"typdkf65-f425-4dea-936a-ccd7d478303e","rect":[18,45,100,97],"offset":[-9,-6],"originalSize":[154,175],"capInsets":[0,0,0,0]}},{"__type__":"cc.SpriteFrame","content":{"name":"expression_02_03","texture":"typdk9fb-9903-493a-a683-57a35e26eb03","rect":[25,46,92,96],"offset":[-6,-6.5],"originalSize":[154,175],"capInsets":[0,0,0,0]}},{"__type__":"cc.SpriteFrame","content":{"name":"expression_02_04","texture":"typdkd59-cf14-4447-bd91-7d8906d18229","rect":[25,46,92,96],"offset":[-6,-6.5],"originalSize":[154,175],"capInsets":[0,0,0,0]}},{"__type__":"cc.SpriteFrame","content":{"name":"expression_02_01","texture":"typdkc6a-c19e-4a60-931a-163b5c7a6d9d","rect":[25,46,92,96],"offset":[-6,-6.5],"originalSize":[154,175],"capInsets":[0,0,0,0]}},{"__type__":"cc.SpriteFrame","content":{"name":"expression_02_09","texture":"typdk872-3ac5-4a26-865f-d49b86de9d52","rect":[25,46,92,96],"offset":[-6,-6.5],"originalSize":[154,175],"capInsets":[0,0,0,0]}},{"__type__":"cc.SpriteFrame","content":{"name":"expression_02_02","texture":"typdk25a-1f3b-4b05-b3a3-32271dd899bf","rect":[25,46,92,96],"offset":[-6,-6.5],"originalSize":[154,175],"capInsets":[0,0,0,0]}}]