[{"__type__":"cc.SpriteFrame","content":{"name":"ain_shinglealarm_2","texture":"typdk599-a7d8-4af2-9905-1ffe079e7baa","rect":[0,0,90,90],"offset":[0,0],"originalSize":[90,90],"capInsets":[0,0,0,0]}},{"__type__":"cc.AnimationClip","_name":"warning","_duration":0.6,"sample":10,"wrapMode":2,"curveData":{"comps":{"cc.Sprite":{"spriteFrame":[{"frame":0,"value":{"__uuid__":"typdk627-25a2-481e-a536-d9200e5af511"}},{"frame":0.5,"value":{"__uuid__":"typdk0a5-cd7e-4f01-9387-09890fef98fd"}}]}}}},{"__type__":"cc.SpriteFrame","content":{"name":"ain_shinglealarm_1","texture":"typdk9d5-35e2-4d7a-b99d-46d931da9fd6","rect":[0,0,90,90],"offset":[0,0],"originalSize":[90,90],"capInsets":[0,0,0,0]}}]