[{"__type__":"cc.SpriteFrame","content":{"name":"bg_poker","texture":"c2D7Rf+GpMq6TGOdps0Tai","rect":[0,0,188,262],"offset":[0,0],"originalSize":[188,262],"capInsets":[0,0,0,0]}},[{"__type__":"cc.Prefab","_name":"cardSYPrefab","data":{"__id__":1}},{"__type__":"cc.Node","_name":"cardPrefab","_children":[{"__id__":2},{"__id__":3},{"__id__":4},{"__id__":5},{"__id__":6},{"__id__":7},{"__id__":8},{"__id__":9},{"__id__":10}],"_prefab":{"__type__":"cc.PrefabInfo","root":{"__id__":1},"asset":{"__uuid__":"64cIdFxDpJHrPW4iZFHqNj"},"fileId":"f19a25l5FZHypcKC44KgfQI"},"_contentSize":{"__type__":"cc.Size","width":134,"height":185},"_trs":{"__type__":"TypedArray","ctor":"Float64Array","array":[0,0,0,0,0,0,1,1,1,1]}},{"__type__":"cc.Node","_name":"bg_poker","_parent":{"__id__":1},"_components":[{"__type__":"cc.Sprite","node":{"__id__":2},"_materials":[{"__uuid__":"ecpdLyjvZBwrvm+cedCcQy"}],"_spriteFrame":{"__uuid__":"28VpRkDnBD5qaO+A/ujN1n"},"_sizeMode":0,"_isTrimmedMode":false}],"_prefab":{"__type__":"cc.PrefabInfo","root":{"__id__":1},"asset":{"__uuid__":"64cIdFxDpJHrPW4iZFHqNj"},"fileId":"1923aSWDT1ItIi9ZOlbtsES"},"_contentSize":{"__type__":"cc.Size","width":134,"height":185},"_trs":{"__type__":"TypedArray","ctor":"Float64Array","array":[0,0,0,0,0,0,1,1,1,1]}},{"__type__":"cc.Node","_name":"num","_parent":{"__id__":1},"_components":[{"__type__":"cc.Sprite","node":{"__id__":3},"_materials":[{"__uuid__":"ecpdLyjvZBwrvm+cedCcQy"}],"_spriteFrame":{"__uuid__":"6dLEH7k/ZPnaYR/e7BAEe7"},"_sizeMode":0,"_isTrimmedMode":false}],"_prefab":{"__type__":"cc.PrefabInfo","root":{"__id__":1},"asset":{"__uuid__":"64cIdFxDpJHrPW4iZFHqNj"},"fileId":"2d09elrZedCFbiQiA7Vvh9Q"},"_contentSize":{"__type__":"cc.Size","width":36,"height":45},"_trs":{"__type__":"TypedArray","ctor":"Float64Array","array":[-44.7,63.1,0,0,0,0,1,1,1,1]}},{"__type__":"cc.Node","_name":"icon","_parent":{"__id__":1},"_components":[{"__type__":"cc.Sprite","node":{"__id__":4},"_materials":[{"__uuid__":"ecpdLyjvZBwrvm+cedCcQy"}],"_spriteFrame":{"__uuid__":"75/frPS/1CHr9JwActEs3Y"},"_sizeMode":0,"_isTrimmedMode":false}],"_prefab":{"__type__":"cc.PrefabInfo","root":{"__id__":1},"asset":{"__uuid__":"64cIdFxDpJHrPW4iZFHqNj"},"fileId":"aa097iTFohD7Lkr8CVskkcN"},"_contentSize":{"__type__":"cc.Size","width":134,"height":185},"_trs":{"__type__":"TypedArray","ctor":"Float64Array","array":[0,0,0,0,0,0,1,1,1,1]}},{"__type__":"cc.Node","_name":"icon_1","_parent":{"__id__":1},"_components":[{"__type__":"cc.Sprite","node":{"__id__":5},"_materials":[{"__uuid__":"ecpdLyjvZBwrvm+cedCcQy"}],"_spriteFrame":{"__uuid__":"ea8fdUMplCtKuYFU2HXGlv"},"_sizeMode":0,"_isTrimmedMode":false}],"_prefab":{"__type__":"cc.PrefabInfo","root":{"__id__":1},"asset":{"__uuid__":"64cIdFxDpJHrPW4iZFHqNj"},"fileId":"77d23aCpvBEeb0wn7g2f4j3"},"_contentSize":{"__type__":"cc.Size","width":134,"height":185},"_trs":{"__type__":"TypedArray","ctor":"Float64Array","array":[0,0,0,0,0,0,1,1,1,1]}},{"__type__":"cc.Node","_name":"icon_2","_parent":{"__id__":1},"_active":false,"_components":[{"__type__":"cc.Sprite","node":{"__id__":6},"_sizeMode":2,"_isTrimmedMode":false}],"_prefab":{"__type__":"cc.PrefabInfo","root":{"__id__":1},"asset":{"__uuid__":"64cIdFxDpJHrPW4iZFHqNj"},"fileId":"62529X1hGFEMYcj2d7mlX/V"},"_contentSize":{"__type__":"cc.Size","width":74,"height":74},"_trs":{"__type__":"TypedArray","ctor":"Float64Array","array":[27.9,55.2,0,0,0,0,1,1,1,1]}},{"__type__":"cc.Node","_name":"icon_3","_parent":{"__id__":1},"_active":false,"_components":[{"__type__":"cc.Sprite","node":{"__id__":7},"_sizeMode":2,"_isTrimmedMode":false}],"_prefab":{"__type__":"cc.PrefabInfo","root":{"__id__":1},"asset":{"__uuid__":"64cIdFxDpJHrPW4iZFHqNj"},"fileId":"63e86N7u95MK6S94wPgPIJU"},"_contentSize":{"__type__":"cc.Size","width":35,"height":35},"_trs":{"__type__":"TypedArray","ctor":"Float64Array","array":[-42,-24,0,0,0,0,1,1,1,1]}},{"__type__":"cc.Node","_name":"poker_back","_parent":{"__id__":1},"_active":false,"_components":[{"__type__":"cc.Sprite","node":{"__id__":8},"_materials":[{"__uuid__":"ecpdLyjvZBwrvm+cedCcQy"}],"_spriteFrame":{"__uuid__":"typdk05e-42d0-4e49-b55e-ff22efb335c9"},"_sizeMode":2}],"_prefab":{"__type__":"cc.PrefabInfo","root":{"__id__":1},"asset":{"__uuid__":"64cIdFxDpJHrPW4iZFHqNj"},"fileId":"df449AyhvxCs69ROVoIzbq4"},"_contentSize":{"__type__":"cc.Size","width":134,"height":185},"_trs":{"__type__":"TypedArray","ctor":"Float64Array","array":[0,0,0,0,0,0,1,1,1,1]}},{"__type__":"cc.Node","_name":"bg_black","_parent":{"__id__":1},"_active":false,"_components":[{"__type__":"cc.Sprite","node":{"__id__":9},"_materials":[{"__uuid__":"ecpdLyjvZBwrvm+cedCcQy"}],"_spriteFrame":{"__uuid__":"typdkd54-5fc9-49ba-9fd5-906c30f50d25"},"_type":1,"_sizeMode":0}],"_prefab":{"__type__":"cc.PrefabInfo","root":{"__id__":1},"asset":{"__uuid__":"64cIdFxDpJHrPW4iZFHqNj"},"fileId":"2ea59zJQNhATolYjKjqfSR4"},"_contentSize":{"__type__":"cc.Size","width":134,"height":185},"_trs":{"__type__":"TypedArray","ctor":"Float64Array","array":[0,0,0,0,0,0,1,1,1,1]}},{"__type__":"cc.Node","_name":"tag","_parent":{"__id__":1},"_active":false,"_components":[{"__type__":"cc.Sprite","node":{"__id__":10},"_materials":[{"__uuid__":"ecpdLyjvZBwrvm+cedCcQy"}],"_spriteFrame":{"__uuid__":"typdk467-099b-4d45-9f11-66b941b2e99c"}}],"_prefab":{"__type__":"cc.PrefabInfo","root":{"__id__":1},"asset":{"__uuid__":"64cIdFxDpJHrPW4iZFHqNj"},"fileId":"215vj1XidDx7qXACXUzWca"},"_contentSize":{"__type__":"cc.Size","width":36,"height":36},"_trs":{"__type__":"TypedArray","ctor":"Float64Array","array":[-43,-59,0,0,0,0,1,1,1,1]}}],{"__type__":"cc.SpriteFrame","content":{"name":"black_3","texture":"8fKNaPfd5H/aFX5DjEcmm1","rect":[0,0,59,72],"offset":[0,0],"originalSize":[59,72],"capInsets":[0,0,0,0]}},{"__type__":"cc.SpriteFrame","content":{"name":"bg_spade1_1","texture":"41++hWZslAuaoxhHAQt/La","rect":[0,0,188,262],"offset":[0,0],"originalSize":[188,262],"capInsets":[0,0,0,0]}},{"__type__":"cc.SpriteFrame","content":{"name":"bg_spade1_2","texture":"eefhHK9fpOLIK1b34NhWI4","rect":[0,0,188,262],"offset":[0,0],"originalSize":[188,262],"capInsets":[0,0,0,0]}},{"__type__":"cc.SpriteFrame","content":{"name":"poker_back1","texture":"typdk17e-66fd-4943-bb7c-b50867333e6e","rect":[1,1,131,182],"offset":[-0.5,0.5],"originalSize":[134,185],"capInsets":[0,0,0,0]}},{"__type__":"cc.SpriteFrame","content":{"name":"img_jb","texture":"typdk8fe-38d1-4227-bdc8-34077a33a795","rect":[0,0,26,28],"offset":[0,0],"originalSize":[26,28],"capInsets":[0,0,0,0]}},{"__type__":"cc.SpriteFrame","content":{"name":"bg_black","texture":"typdkc00-ca9b-4f59-b17c-ac2dd8bf5990","rect":[0,0,53,36],"offset":[0,0],"originalSize":[53,36],"capInsets":[25,16,25,16]}}]