[{"__type__":"cc.SpriteFrame","content":{"name":"img_jujue","texture":"a4ktoimylGt412PdULvGD0","rect":[0,0,99,62],"offset":[0,0],"originalSize":[99,62],"capInsets":[0,0,0,0]}},{"__type__":"cc.SpriteFrame","content":{"name":"img_wcz","texture":"48CXz2EWlCIrsAiU/XL1oI","rect":[0,0,119,66],"offset":[0,0],"originalSize":[119,66],"capInsets":[0,0,0,0]}},{"__type__":"cc.SpriteFrame","content":{"name":"img_tongyi","texture":"c5n7OGBo1L8aKcRTP/Todd","rect":[0,0,99,62],"offset":[0,0],"originalSize":[99,62],"capInsets":[0,0,0,0]}},{"__type__":"cc.SpriteFrame","content":{"name":"default_btn_disabled","texture":"71VhFCTINJM6/Ky3oX9nBT","rect":[0,0,40,40],"offset":[0,0],"originalSize":[40,40],"capInsets":[12,12,12,12]}},{"__type__":"cc.SpriteFrame","content":{"name":"default_sprite_splash","texture":"02delMVqdBD70a/HSD99FK","rect":[0,0,2,2],"offset":[0,0],"originalSize":[2,2],"capInsets":[0,0,0,0]}},{"__type__":"cc.SpriteFrame","content":{"name":"img_fqjs","texture":"21PVMznHRIUqnP7VtAwlgA","rect":[0,0,119,66],"offset":[0,0],"originalSize":[119,66],"capInsets":[0,0,0,0]}},{"__type__":"cc.SpriteFrame","content":{"name":"default_btn_pressed","texture":"b4P/PCArtIdIH38t6mlw8Y","rect":[0,0,40,40],"offset":[0,0],"originalSize":[40,40],"capInsets":[12,12,12,12]}},{"__type__":"cc.SpriteFrame","content":{"name":"bg_02","texture":"typdkb76-0f5c-4d84-842b-a77df07a590f","rect":[0,0,1306,698],"offset":[0,0],"originalSize":[1306,698],"capInsets":[0,0,0,0]}},{"__type__":"cc.SpriteFrame","content":{"name":"btn_dd","texture":"typdk254-0494-438c-bca3-4bd2690fa675","rect":[0,0,144,145],"offset":[0,0],"originalSize":[144,145],"capInsets":[0,0,0,0]}},{"__type__":"cc.SpriteFrame","content":{"name":"btn_green","texture":"typdke07-a34b-4afa-9020-49ef24701520","rect":[0,0,243,77],"offset":[-0.5,0.5],"originalSize":[244,78],"capInsets":[0,0,0,0]}},{"__type__":"cc.SpriteFrame","content":{"name":"bar","texture":"typdkc42-c76d-4829-939d-bd9161e2ed15","rect":[0,0,12,12],"offset":[0,0],"originalSize":[12,12],"capInsets":[5,5,5,5]}},{"__type__":"cc.SpriteFrame","content":{"name":"btn_xl","texture":"typdk9e4-45bd-4c73-b57f-6ef339b94e30","rect":[0,0,144,145],"offset":[0,0],"originalSize":[144,145],"capInsets":[0,0,0,0]}},{"__type__":"cc.SpriteFrame","content":{"name":"title_zcj","texture":"typdk4b4-1123-46ff-a3ba-dba027d69465","rect":[0,0,138,60],"offset":[0,0],"originalSize":[138,60],"capInsets":[0,0,0,0]}},{"__type__":"cc.SpriteFrame","content":{"name":"btn_detailed_into","texture":"typdkc4a-bdd5-4480-8d12-e57dd93a0874","rect":[0,0,52,54],"offset":[0,0],"originalSize":[52,54],"capInsets":[0,0,0,0]}},{"__type__":"cc.SpriteFrame","content":{"name":"bg_box2","texture":"typdkc4d-4726-47af-a153-92ba9850277b","rect":[3,2,812,404],"offset":[0,0],"originalSize":[818,408],"capInsets":[0,0,0,0]}},{"__type__":"cc.SpriteFrame","content":{"name":"btn_wx","texture":"typdka51-15fd-469d-8a47-6ff7ca5f6041","rect":[0,0,171,172],"offset":[0,0],"originalSize":[171,172],"capInsets":[0,0,0,0]}},{"__type__":"cc.SpriteFrame","content":{"name":"btn_green00","texture":"typdke60-b43a-4062-8e61-df40b10a02ef","rect":[0,0,223,80],"offset":[0,0],"originalSize":[223,80],"capInsets":[0,0,0,0]}},{"__type__":"cc.SpriteFrame","content":{"name":"bg_bar","texture":"typdka88-bedb-42bd-89a4-0c98f4ed9728","rect":[0,0,12,12],"offset":[0,0],"originalSize":[12,12],"capInsets":[5,5,5,5]}},{"__type__":"cc.SpriteFrame","content":{"name":"bg_title","texture":"typdk44d-7511-4e17-9980-14de89fbcf7e","rect":[1,0,473,87],"offset":[0,0],"originalSize":[475,87],"capInsets":[0,0,0,0]}},[{"__type__":"cc.Prefab","_name":"pdk_UIPublic_Record","data":{"__id__":1}},{"__type__":"cc.Node","_name":"pdk_UIPublic_Record","_children":[{"__id__":2},{"__id__":3},{"__id__":4},{"__id__":6},{"__id__":13},{"__id__":42}],"_components":[{"__type__":"cc.Button","node":{"__id__":1},"_N$normalColor":{"__type__":"cc.Color","r":214,"g":214,"b":214},"_N$target":{"__id__":1}},{"__type__":"cc.Widget","node":{"__id__":1},"alignMode":0,"_alignFlags":45,"_originalWidth":1360,"_originalHeight":760},{"__type__":"typdka71-ba8e-4854-933d-f53eac559755","node":{"__id__":1},"ZorderLv":8,"room_Id":{"__id__":8},"end_Time":{"__id__":12},"lb_jushu":{"__id__":10},"fristLayout":{"__id__":22},"continueBtnNode":{"__id__":28},"exitRoomBtnNode":{"__id__":36},"exitBtnNode":{"__id__":38},"goSecondBtnNode":{"__id__":14},"wolaikaijuBtnNode":{"__id__":30},"pingfenkaijuBtnNode":{"__id__":32},"dayingjiakaijuBtnNode":{"__id__":34},"btn_sharemore":{"__id__":24},"sharemore":{"__id__":42},"icon_dissolveSpr":[{"__uuid__":"27ywU9JohOgYDYmcjH/2tb"},{"__uuid__":"29Caq58ctFUIQZRwgkOe4L"},{"__uuid__":"24kZeklsJG14zQtz2Wq0jW"},{"__uuid__":"d2KUt3zDVDNJSSUp3E+F/e"}],"prefab1":{"__uuid__":"typdk460-93c6-4cf3-8ed3-1d73750a5b41"}}],"_prefab":{"__type__":"cc.PrefabInfo","root":{"__id__":1},"asset":{"__uuid__":"typdkcd5-c55f-42a0-a20b-df95305cb662"},"fileId":"84da2DTHWBGip8w/e0oIW77"},"_contentSize":{"__type__":"cc.Size","width":1360,"height":760},"_trs":{"__type__":"TypedArray","ctor":"Float64Array","array":[680,380,0,0,0,0,1,1,1,1]}},{"__type__":"cc.Node","_name":"bg_mengban","_parent":{"__id__":1},"_components":[{"__type__":"cc.Sprite","node":{"__id__":2},"_materials":[{"__uuid__":"ecpdLyjvZBwrvm+cedCcQy"}],"_spriteFrame":{"__uuid__":"typdkd1f-3e0b-4b1d-ae52-c52ad188bba9"},"_type":1,"_sizeMode":0},{"__type__":"cc.Widget","node":{"__id__":2},"alignMode":0,"_alignFlags":45,"_originalWidth":1600,"_originalHeight":800}],"_prefab":{"__type__":"cc.PrefabInfo","root":{"__id__":1},"asset":{"__uuid__":"typdkcd5-c55f-42a0-a20b-df95305cb662"},"fileId":"ced57r327hGubame7krmyU+"},"_contentSize":{"__type__":"cc.Size","width":1360,"height":760},"_trs":{"__type__":"TypedArray","ctor":"Float64Array","array":[0,0,0,0,0,0,1,1,1,1]}},{"__type__":"cc.Node","_name":"bg","_parent":{"__id__":1},"_components":[{"__type__":"cc.Sprite","node":{"__id__":3},"_materials":[{"__uuid__":"ecpdLyjvZBwrvm+cedCcQy"}],"_spriteFrame":{"__uuid__":"typdk1a5-887a-4540-96a0-bf6387f5c8cf"},"_type":1,"_sizeMode":0},{"__type__":"cc.Widget","node":{"__id__":3},"alignMode":0,"_alignFlags":45,"_left":85,"_right":85,"_top":59,"_bottom":21,"_originalWidth":631,"_originalHeight":369}],"_prefab":{"__type__":"cc.PrefabInfo","root":{"__id__":1},"asset":{"__uuid__":"typdkcd5-c55f-42a0-a20b-df95305cb662"},"fileId":"33ef6S72JxFb5AlmZlNj8Hf"},"_contentSize":{"__type__":"cc.Size","width":1190,"height":680},"_trs":{"__type__":"TypedArray","ctor":"Float64Array","array":[0,-19,0,0,0,0,1,1,1,1]}},{"__type__":"cc.Node","_name":"bg_title","_parent":{"__id__":1},"_children":[{"__id__":5}],"_components":[{"__type__":"cc.Sprite","node":{"__id__":4},"_materials":[{"__uuid__":"ecpdLyjvZBwrvm+cedCcQy"}],"_spriteFrame":{"__uuid__":"typdkcae-6d95-4179-b060-db97a3ca2a21"}}],"_prefab":{"__type__":"cc.PrefabInfo","root":{"__id__":1},"asset":{"__uuid__":"typdkcd5-c55f-42a0-a20b-df95305cb662"},"fileId":"18814yvwmVCgL3udR6YR+Tm"},"_contentSize":{"__type__":"cc.Size","width":473,"height":87},"_trs":{"__type__":"TypedArray","ctor":"Float64Array","array":[0,317,0,0,0,0,1,1,1,1]}},{"__type__":"cc.Node","_name":"sp_jiesuan","_parent":{"__id__":4},"_components":[{"__type__":"cc.Sprite","node":{"__id__":5},"_materials":[{"__uuid__":"ecpdLyjvZBwrvm+cedCcQy"}],"_spriteFrame":{"__uuid__":"typdk68a-b0e5-4ba7-85d4-aa1047ef005e"},"_sizeMode":2}],"_prefab":{"__type__":"cc.PrefabInfo","root":{"__id__":1},"asset":{"__uuid__":"typdkcd5-c55f-42a0-a20b-df95305cb662"},"fileId":"14652QhzPpOlLOU9utUUUPZ"},"_contentSize":{"__type__":"cc.Size","width":138,"height":60},"_trs":{"__type__":"TypedArray","ctor":"Float64Array","array":[0,0,0,0,0,0,1,1,1,1]}},{"__type__":"cc.Node","_name":"RoomInfo","_parent":{"__id__":1},"_children":[{"__id__":7},{"__id__":9},{"__id__":11}],"_prefab":{"__type__":"cc.PrefabInfo","root":{"__id__":1},"asset":{"__uuid__":"typdkcd5-c55f-42a0-a20b-df95305cb662"},"fileId":"5ba72h8XtdPQ5J3U493JJxs"},"_trs":{"__type__":"TypedArray","ctor":"Float64Array","array":[0,220,0,0,0,0,1,1,1,1]}},{"__type__":"cc.Node","_name":"roomID","_parent":{"__id__":6},"_components":[{"__id__":8}],"_prefab":{"__type__":"cc.PrefabInfo","root":{"__id__":1},"asset":{"__uuid__":"typdkcd5-c55f-42a0-a20b-df95305cb662"},"fileId":"f77f4TZrHZCApIOM27KEFRW"},"_color":{"__type__":"cc.Color","r":138,"g":55},"_contentSize":{"__type__":"cc.Size","width":155.63,"height":30.24},"_anchorPoint":{"__type__":"cc.Vec2","y":0.5},"_trs":{"__type__":"TypedArray","ctor":"Float64Array","array":[-550,0,0,0,0,0,1,1,1,1]}},{"__type__":"cc.Label","node":{"__id__":7},"_materials":[{"__uuid__":"ecpdLyjvZBwrvm+cedCcQy"}],"_useOriginalSize":false,"_string":"房间号:123456","_N$string":"房间号:123456","_fontSize":24,"_lineHeight":24,"_N$file":{"__uuid__":"typdk345-cbe0-4203-a8ca-8141b2e63f4f"},"_isSystemFontUsed":false,"_N$verticalAlign":1},{"__type__":"cc.Node","_name":"jushu","_parent":{"__id__":6},"_components":[{"__id__":10}],"_prefab":{"__type__":"cc.PrefabInfo","root":{"__id__":1},"asset":{"__uuid__":"typdkcd5-c55f-42a0-a20b-df95305cb662"},"fileId":"a7d61uIgDBFU5309eD+GCbn"},"_color":{"__type__":"cc.Color","r":138,"g":55},"_contentSize":{"__type__":"cc.Size","width":68.06,"height":30.24},"_trs":{"__type__":"TypedArray","ctor":"Float64Array","array":[-171,0,0,0,0,0,1,1,1,1]}},{"__type__":"cc.Label","node":{"__id__":9},"_materials":[{"__uuid__":"ecpdLyjvZBwrvm+cedCcQy"}],"_useOriginalSize":false,"_string":"局数:8","_N$string":"局数:8","_fontSize":24,"_lineHeight":24,"_N$file":{"__uuid__":"typdk345-cbe0-4203-a8ca-8141b2e63f4f"},"_isSystemFontUsed":false,"_N$horizontalAlign":1,"_N$verticalAlign":1},{"__type__":"cc.Node","_name":"endTime","_parent":{"__id__":6},"_components":[{"__id__":12}],"_prefab":{"__type__":"cc.PrefabInfo","root":{"__id__":1},"asset":{"__uuid__":"typdkcd5-c55f-42a0-a20b-df95305cb662"},"fileId":"983f6qdVBBAs6zzXg/Ktd+A"},"_color":{"__type__":"cc.Color","r":138,"g":55},"_contentSize":{"__type__":"cc.Size","width":181.41,"height":30.24},"_trs":{"__type__":"TypedArray","ctor":"Float64Array","array":[90,0,0,0,0,0,1,1,1,1]}},{"__type__":"cc.Label","node":{"__id__":11},"_materials":[{"__uuid__":"ecpdLyjvZBwrvm+cedCcQy"}],"_useOriginalSize":false,"_string":"2017-5-30 15:30","_N$string":"2017-5-30 15:30","_fontSize":24,"_lineHeight":24,"_N$file":{"__uuid__":"typdk345-cbe0-4203-a8ca-8141b2e63f4f"},"_isSystemFontUsed":false,"_N$horizontalAlign":1,"_N$verticalAlign":1},{"__type__":"cc.Node","_name":"fristFrame","_parent":{"__id__":1},"_children":[{"__id__":14},{"__id__":16},{"__id__":23}],"_prefab":{"__type__":"cc.PrefabInfo","root":{"__id__":1},"asset":{"__uuid__":"typdkcd5-c55f-42a0-a20b-df95305cb662"},"fileId":"2c002thpEVN4ZRDbQxYOrbV"},"_contentSize":{"__type__":"cc.Size","width":1360,"height":760},"_trs":{"__type__":"TypedArray","ctor":"Float64Array","array":[0,0,0,0,0,0,1,1,1,1]}},{"__type__":"cc.Node","_name":"btn_goScend","_parent":{"__id__":13},"_children":[{"__id__":15}],"_active":false,"_components":[{"__type__":"cc.Sprite","node":{"__id__":14},"_spriteFrame":{"__uuid__":"typdk71c-8ec4-48fb-a12a-09dd50bd3dac"}},{"__type__":"cc.Button","node":{"__id__":14},"zoomScale":0.9,"clickEvents":[{"__type__":"cc.ClickEvent","target":{"__id__":1},"_componentId":"typdka71-ba8e-4854-933d-f53eac559755","handler":"OnClick_BtnWnd"}],"_N$transition":3,"transition":3,"_N$normalColor":{"__type__":"cc.Color","r":214,"g":214,"b":214},"_N$target":{"__id__":14}}],"_prefab":{"__type__":"cc.PrefabInfo","root":{"__id__":1},"asset":{"__uuid__":"typdkcd5-c55f-42a0-a20b-df95305cb662"},"fileId":"b5e46yCPo1E/L3qM/bwZJSD"},"_contentSize":{"__type__":"cc.Size","width":52,"height":54},"_trs":{"__type__":"TypedArray","ctor":"Float64Array","array":[520,220,0,0,0,0,1,1,1,1]}},{"__type__":"cc.Node","_name":"label","_parent":{"__id__":14},"_components":[{"__type__":"cc.Label","node":{"__id__":15},"_useOriginalSize":false,"_string":"详细","_N$string":"详细","_fontSize":30,"_lineHeight":30,"_N$file":{"__uuid__":"typdk345-cbe0-4203-a8ca-8141b2e63f4f"},"_isSystemFontUsed":false,"_N$horizontalAlign":1,"_N$verticalAlign":1}],"_prefab":{"__type__":"cc.PrefabInfo","root":{"__id__":1},"asset":{"__uuid__":"typdkcd5-c55f-42a0-a20b-df95305cb662"},"fileId":"3a6d5FWtYJE3K8HEQ4WQ1p1"},"_color":{"__type__":"cc.Color","r":138,"g":55},"_contentSize":{"__type__":"cc.Size","width":60,"height":30},"_trs":{"__type__":"TypedArray","ctor":"Float64Array","array":[-62,0,0,0,0,0,1,1,1,1]}},{"__type__":"cc.Node","_name":"ScrollView","_parent":{"__id__":13},"_children":[{"__id__":17},{"__id__":22}],"_components":[{"__id__":21},{"__type__":"cc.Mask","node":{"__id__":16},"_materials":[{"__uuid__":"ecpdLyjvZBwrvm+cedCcQy"}],"_N$alphaThreshold":1}],"_prefab":{"__type__":"cc.PrefabInfo","root":{"__id__":1},"asset":{"__uuid__":"typdkcd5-c55f-42a0-a20b-df95305cb662"},"fileId":"239f1xUfatDwZEryRXIdgnm"},"_contentSize":{"__type__":"cc.Size","width":1150,"height":420},"_anchorPoint":{"__type__":"cc.Vec2","x":0.5,"y":1},"_trs":{"__type__":"TypedArray","ctor":"Float64Array","array":[0,195,0,0,0,0,1,1,1,1]}},{"__type__":"cc.Node","_name":"scrollBar","_parent":{"__id__":16},"_children":[{"__id__":18}],"_active":false,"_components":[{"__id__":20},{"__type__":"cc.Widget","node":{"__id__":17},"alignMode":0,"_alignFlags":37,"_left":350.07654921020657,"_originalHeight":237},{"__type__":"cc.Sprite","node":{"__id__":17},"_spriteFrame":{"__uuid__":"typdkbe8-0b9f-452d-baa0-2c3624f09be2"},"_type":1,"_sizeMode":0}],"_prefab":{"__type__":"cc.PrefabInfo","root":{"__id__":1},"asset":{"__uuid__":"typdkcd5-c55f-42a0-a20b-df95305cb662"},"fileId":"9996aUXdnhCaq1JnbpvEg5/"},"_color":{"__type__":"cc.Color","r":238,"g":217,"b":227},"_contentSize":{"__type__":"cc.Size","width":12,"height":420},"_anchorPoint":{"__type__":"cc.Vec2","x":1,"y":0.5},"_trs":{"__type__":"TypedArray","ctor":"Float64Array","array":[575,-210,0,0,0,0,1,1,1,1]}},{"__type__":"cc.Node","_name":"bar","_parent":{"__id__":17},"_components":[{"__id__":19}],"_prefab":{"__type__":"cc.PrefabInfo","root":{"__id__":1},"asset":{"__uuid__":"typdkcd5-c55f-42a0-a20b-df95305cb662"},"fileId":"237bbgBJ8hE87r0wGEJ7Il+"},"_color":{"__type__":"cc.Color","r":236,"g":241,"b":245},"_contentSize":{"__type__":"cc.Size","width":10,"height":30},"_anchorPoint":{"__type__":"cc.Vec2","x":1},"_trs":{"__type__":"TypedArray","ctor":"Float64Array","array":[-1,0,0,0,0,0,1,1,1,1]}},{"__type__":"cc.Sprite","node":{"__id__":18},"_spriteFrame":{"__uuid__":"typdk55c-24ce-4602-a289-8e22052604d0"},"_type":1,"_sizeMode":0},{"__type__":"cc.Scrollbar","node":{"__id__":17},"_scrollView":{"__id__":21},"_N$handle":{"__id__":19},"_N$direction":1},{"__type__":"cc.ScrollView","node":{"__id__":16},"horizontal":false,"elastic":false,"_N$content":{"__id__":22},"content":{"__id__":22},"_N$verticalScrollBar":{"__id__":20}},{"__type__":"cc.Node","_name":"layout","_parent":{"__id__":16},"_components":[{"__type__":"cc.Layout","node":{"__id__":22},"_layoutSize":{"__type__":"cc.Size","width":1150,"height":115},"_resize":1,"_N$layoutType":3,"_N$paddingLeft":20,"_N$paddingRight":20,"_N$paddingTop":35,"_N$spacingX":10,"_N$spacingY":10}],"_prefab":{"__type__":"cc.PrefabInfo","root":{"__id__":1},"asset":{"__uuid__":"typdkcd5-c55f-42a0-a20b-df95305cb662"},"fileId":"52432oyeWVKHrWE2xbmjs78"},"_color":{"__type__":"cc.Color","r":167,"g":167,"b":167},"_contentSize":{"__type__":"cc.Size","width":1150,"height":115},"_anchorPoint":{"__type__":"cc.Vec2","x":0.5,"y":1},"_trs":{"__type__":"TypedArray","ctor":"Float64Array","array":[0,0,0,0,0,0,1,1,1,1]}},{"__type__":"cc.Node","_name":"btn_lists","_parent":{"__id__":13},"_children":[{"__id__":24},{"__id__":26},{"__id__":28},{"__id__":30},{"__id__":32},{"__id__":34},{"__id__":36},{"__id__":38},{"__id__":40}],"_components":[{"__type__":"cc.Layout","node":{"__id__":23},"_layoutSize":{"__type__":"cc.Size","width":476,"height":200},"_resize":1,"_N$layoutType":1,"_N$spacingX":30}],"_prefab":{"__type__":"cc.PrefabInfo","root":{"__id__":1},"asset":{"__uuid__":"typdkcd5-c55f-42a0-a20b-df95305cb662"},"fileId":"b0038OyM3pIj7C2dCjrRwRb"},"_contentSize":{"__type__":"cc.Size","width":476,"height":200},"_trs":{"__type__":"TypedArray","ctor":"Float64Array","array":[0,-37,0,0,0,0,1,1,1,1]}},{"__type__":"cc.Node","_name":"btn_sharelink","_parent":{"__id__":23},"_children":[{"__id__":25}],"_active":false,"_components":[{"__type__":"cc.Sprite","node":{"__id__":24},"_materials":[{"__uuid__":"ecpdLyjvZBwrvm+cedCcQy"}],"_spriteFrame":{"__uuid__":"typdkb94-98ea-41cd-b7d4-5bd97e4041c8"}},{"__type__":"cc.Button","node":{"__id__":24},"zoomScale":0.9,"clickEvents":[{"__type__":"cc.ClickEvent","target":{"__id__":1},"_componentId":"typdka71-ba8e-4854-933d-f53eac559755","handler":"OnClick_BtnWnd"}],"_N$transition":3,"transition":3,"_N$normalColor":{"__type__":"cc.Color","r":214,"g":214,"b":214},"_N$target":{"__id__":24}}],"_prefab":{"__type__":"cc.PrefabInfo","root":{"__id__":1},"asset":{"__uuid__":"typdkcd5-c55f-42a0-a20b-df95305cb662"},"fileId":"49eaaMYpehPD5b8des4eLVO"},"_contentSize":{"__type__":"cc.Size","width":223,"height":80},"_trs":{"__type__":"TypedArray","ctor":"Float64Array","array":[-379.5,-245,0,0,0,0,1,1,1,1]}},{"__type__":"cc.Node","_name":"label","_parent":{"__id__":24},"_components":[{"__type__":"cc.Label","node":{"__id__":25},"_materials":[{"__uuid__":"ecpdLyjvZBwrvm+cedCcQy"}],"_useOriginalSize":false,"_string":"分享链接","_N$string":"分享链接","_fontSize":38,"_N$file":{"__uuid__":"typdk345-cbe0-4203-a8ca-8141b2e63f4f"},"_isSystemFontUsed":false,"_N$horizontalAlign":1,"_N$verticalAlign":1},{"__type__":"cc.LabelOutline","node":{"__id__":25},"_color":{"__type__":"cc.Color","r":43,"g":75,"b":8},"_width":2}],"_prefab":{"__type__":"cc.PrefabInfo","root":{"__id__":1},"asset":{"__uuid__":"typdkcd5-c55f-42a0-a20b-df95305cb662"},"fileId":"77f77BzPa1CCJVZ/OgGuyUz"},"_contentSize":{"__type__":"cc.Size","width":156,"height":54.4},"_trs":{"__type__":"TypedArray","ctor":"Float64Array","array":[0,0,0,0,0,0,1,1,1,1]}},{"__type__":"cc.Node","_name":"btn_sharemore","_parent":{"__id__":23},"_children":[{"__id__":27}],"_active":false,"_components":[{"__type__":"cc.Sprite","node":{"__id__":26},"_materials":[{"__uuid__":"ecpdLyjvZBwrvm+cedCcQy"}],"_spriteFrame":{"__uuid__":"typdkb94-98ea-41cd-b7d4-5bd97e4041c8"}},{"__type__":"cc.Button","node":{"__id__":26},"zoomScale":0.9,"clickEvents":[{"__type__":"cc.ClickEvent","target":{"__id__":1},"_componentId":"typdka71-ba8e-4854-933d-f53eac559755","handler":"OnClick_BtnWnd"}],"_N$transition":3,"transition":3,"_N$normalColor":{"__type__":"cc.Color","r":214,"g":214,"b":214},"_N$target":{"__id__":26}}],"_prefab":{"__type__":"cc.PrefabInfo","root":{"__id__":1},"asset":{"__uuid__":"typdkcd5-c55f-42a0-a20b-df95305cb662"},"fileId":"13202FmgjVOnrTF+mrqgJIe"},"_contentSize":{"__type__":"cc.Size","width":223,"height":80},"_trs":{"__type__":"TypedArray","ctor":"Float64Array","array":[-126.5,-245,0,0,0,0,1,1,1,1]}},{"__type__":"cc.Node","_name":"label","_parent":{"__id__":26},"_components":[{"__type__":"cc.Label","node":{"__id__":27},"_materials":[{"__uuid__":"ecpdLyjvZBwrvm+cedCcQy"}],"_useOriginalSize":false,"_string":"分享图片","_N$string":"分享图片","_fontSize":38,"_N$file":{"__uuid__":"typdk345-cbe0-4203-a8ca-8141b2e63f4f"},"_isSystemFontUsed":false,"_N$horizontalAlign":1,"_N$verticalAlign":1},{"__type__":"cc.LabelOutline","node":{"__id__":27},"_color":{"__type__":"cc.Color","r":43,"g":75,"b":8},"_width":2}],"_prefab":{"__type__":"cc.PrefabInfo","root":{"__id__":1},"asset":{"__uuid__":"typdkcd5-c55f-42a0-a20b-df95305cb662"},"fileId":"841523/dxdN47MDaS+E4QR9"},"_contentSize":{"__type__":"cc.Size","width":156,"height":54.4},"_trs":{"__type__":"TypedArray","ctor":"Float64Array","array":[0,0,0,0,0,0,1,1,1,1]}},{"__type__":"cc.Node","_name":"btn_continueGoldRoom","_parent":{"__id__":23},"_children":[{"__id__":29}],"_active":false,"_components":[{"__type__":"cc.Sprite","node":{"__id__":28},"_spriteFrame":{"__uuid__":"typdkb94-98ea-41cd-b7d4-5bd97e4041c8"}},{"__type__":"cc.Button","node":{"__id__":28},"zoomScale":0.9,"clickEvents":[{"__type__":"cc.ClickEvent","target":{"__id__":1},"_componentId":"typdka71-ba8e-4854-933d-f53eac559755","handler":"OnClick_BtnWnd"}],"_N$transition":3,"transition":3,"_N$normalColor":{"__type__":"cc.Color","r":214,"g":214,"b":214},"_N$target":{"__id__":28}}],"_prefab":{"__type__":"cc.PrefabInfo","root":{"__id__":1},"asset":{"__uuid__":"typdkcd5-c55f-42a0-a20b-df95305cb662"},"fileId":"0f6e2W2cjZIhbSlQ+s3kX1x"},"_contentSize":{"__type__":"cc.Size","width":223,"height":80},"_trs":{"__type__":"TypedArray","ctor":"Float64Array","array":[0,-245,0,0,0,0,1,1,1,1]}},{"__type__":"cc.Node","_name":"label","_parent":{"__id__":28},"_components":[{"__type__":"cc.Label","node":{"__id__":29},"_useOriginalSize":false,"_string":"继    续","_N$string":"继    续","_fontSize":38,"_N$file":{"__uuid__":"typdk345-cbe0-4203-a8ca-8141b2e63f4f"},"_isSystemFontUsed":false,"_N$horizontalAlign":1,"_N$verticalAlign":1},{"__type__":"cc.LabelOutline","node":{"__id__":29},"_color":{"__type__":"cc.Color","r":43,"g":75,"b":8},"_width":2}],"_prefab":{"__type__":"cc.PrefabInfo","root":{"__id__":1},"asset":{"__uuid__":"typdkcd5-c55f-42a0-a20b-df95305cb662"},"fileId":"80f8dsXhPFJEqeloFJf48W2"},"_contentSize":{"__type__":"cc.Size","width":120.38,"height":40},"_trs":{"__type__":"TypedArray","ctor":"Float64Array","array":[0,0,0,0,0,0,1,1,1,1]}},{"__type__":"cc.Node","_name":"btn_wolaikaiju","_parent":{"__id__":23},"_children":[{"__id__":31}],"_active":false,"_components":[{"__type__":"cc.Sprite","node":{"__id__":30},"_spriteFrame":{"__uuid__":"typdk348-5a6d-4829-b622-4d6faff1a7f4"},"_sizeMode":0},{"__type__":"cc.Button","node":{"__id__":30},"clickEvents":[{"__type__":"cc.ClickEvent","target":{"__id__":1},"_componentId":"typdka71-ba8e-4854-933d-f53eac559755","handler":"OnClick_BtnWnd"}],"_N$transition":3,"transition":3,"_N$normalColor":{"__type__":"cc.Color","r":214,"g":214,"b":214},"_N$target":{"__id__":30}}],"_prefab":{"__type__":"cc.PrefabInfo","root":{"__id__":1},"asset":{"__uuid__":"typdkcd5-c55f-42a0-a20b-df95305cb662"},"fileId":"fb4dfLB38lH1Y2lRf94MRFs"},"_contentSize":{"__type__":"cc.Size","width":200,"height":80},"_trs":{"__type__":"TypedArray","ctor":"Float64Array","array":[-235,-245,0,0,0,0,1,1,1,1]}},{"__type__":"cc.Node","_name":"icon","_parent":{"__id__":30},"_components":[{"__type__":"cc.Label","node":{"__id__":31},"_useOriginalSize":false,"_string":"我来续局","_N$string":"我来续局","_fontSize":36,"_N$file":{"__uuid__":"typdk345-cbe0-4203-a8ca-8141b2e63f4f"},"_isSystemFontUsed":false,"_N$horizontalAlign":1,"_N$verticalAlign":1}],"_prefab":{"__type__":"cc.PrefabInfo","root":{"__id__":1},"asset":{"__uuid__":"typdkcd5-c55f-42a0-a20b-df95305cb662"},"fileId":"8d64b6hB3dJ/a1vqvKTimwu"},"_color":{"__type__":"cc.Color","r":82,"g":107},"_contentSize":{"__type__":"cc.Size","width":144,"height":40},"_trs":{"__type__":"TypedArray","ctor":"Float64Array","array":[0.6,1.8,0,0,0,0,1,1,1,1]}},{"__type__":"cc.Node","_name":"btn_pingfenkaiju","_parent":{"__id__":23},"_children":[{"__id__":33}],"_active":false,"_components":[{"__type__":"cc.Sprite","node":{"__id__":32},"_spriteFrame":{"__uuid__":"typdk348-5a6d-4829-b622-4d6faff1a7f4"},"_sizeMode":0},{"__type__":"cc.Button","node":{"__id__":32},"clickEvents":[{"__type__":"cc.ClickEvent","target":{"__id__":1},"_componentId":"typdka71-ba8e-4854-933d-f53eac559755","handler":"OnClick_BtnWnd"}],"_N$transition":3,"transition":3,"_N$normalColor":{"__type__":"cc.Color","r":214,"g":214,"b":214},"_N$target":{"__id__":32}}],"_prefab":{"__type__":"cc.PrefabInfo","root":{"__id__":1},"asset":{"__uuid__":"typdkcd5-c55f-42a0-a20b-df95305cb662"},"fileId":"fa0687Nu/BEkrQUDzwQqMAL"},"_contentSize":{"__type__":"cc.Size","width":200,"height":80},"_trs":{"__type__":"TypedArray","ctor":"Float64Array","array":[115,-245,0,0,0,0,1,1,1,1]}},{"__type__":"cc.Node","_name":"icon","_parent":{"__id__":32},"_components":[{"__type__":"cc.Label","node":{"__id__":33},"_useOriginalSize":false,"_string":"平分续局","_N$string":"平分续局","_fontSize":36,"_N$file":{"__uuid__":"typdk345-cbe0-4203-a8ca-8141b2e63f4f"},"_isSystemFontUsed":false,"_N$horizontalAlign":1,"_N$verticalAlign":1}],"_prefab":{"__type__":"cc.PrefabInfo","root":{"__id__":1},"asset":{"__uuid__":"typdkcd5-c55f-42a0-a20b-df95305cb662"},"fileId":"25fb0vxq0dLgoB45iOiXgef"},"_color":{"__type__":"cc.Color","r":82,"g":107},"_contentSize":{"__type__":"cc.Size","width":144,"height":40},"_trs":{"__type__":"TypedArray","ctor":"Float64Array","array":[0.6,1.8,0,0,0,0,1,1,1,1]}},{"__type__":"cc.Node","_name":"btn_dayingjiakaiju","_parent":{"__id__":23},"_children":[{"__id__":35}],"_active":false,"_components":[{"__type__":"cc.Sprite","node":{"__id__":34},"_spriteFrame":{"__uuid__":"typdk348-5a6d-4829-b622-4d6faff1a7f4"},"_sizeMode":0},{"__type__":"cc.Button","node":{"__id__":34},"clickEvents":[{"__type__":"cc.ClickEvent","target":{"__id__":1},"_componentId":"typdka71-ba8e-4854-933d-f53eac559755","handler":"OnClick_BtnWnd"}],"_N$transition":3,"transition":3,"_N$normalColor":{"__type__":"cc.Color","r":214,"g":214,"b":214},"_N$target":{"__id__":34}}],"_prefab":{"__type__":"cc.PrefabInfo","root":{"__id__":1},"asset":{"__uuid__":"typdkcd5-c55f-42a0-a20b-df95305cb662"},"fileId":"00334H+RrtP9J4AxJh3Hpbd"},"_contentSize":{"__type__":"cc.Size","width":210,"height":80},"_trs":{"__type__":"TypedArray","ctor":"Float64Array","array":[126.5,-245,0,0,0,0,1,1,1,1]}},{"__type__":"cc.Node","_name":"icon","_parent":{"__id__":34},"_components":[{"__type__":"cc.Label","node":{"__id__":35},"_useOriginalSize":false,"_string":"大赢家续局","_N$string":"大赢家续局","_fontSize":36,"_N$file":{"__uuid__":"typdk345-cbe0-4203-a8ca-8141b2e63f4f"},"_isSystemFontUsed":false,"_N$horizontalAlign":1,"_N$verticalAlign":1}],"_prefab":{"__type__":"cc.PrefabInfo","root":{"__id__":1},"asset":{"__uuid__":"typdkcd5-c55f-42a0-a20b-df95305cb662"},"fileId":"35c51RoxdJKrL4Cya3Rp06D"},"_color":{"__type__":"cc.Color","r":82,"g":107},"_contentSize":{"__type__":"cc.Size","width":180,"height":40},"_trs":{"__type__":"TypedArray","ctor":"Float64Array","array":[0.6,1.8,0,0,0,0,1,1,1,1]}},{"__type__":"cc.Node","_name":"btn_exitRoom","_parent":{"__id__":23},"_children":[{"__id__":37}],"_components":[{"__type__":"cc.Sprite","node":{"__id__":36},"_materials":[{"__uuid__":"ecpdLyjvZBwrvm+cedCcQy"}],"_spriteFrame":{"__uuid__":"typdkd85-5590-4443-8358-f73b2f924f7d"}},{"__type__":"cc.Button","node":{"__id__":36},"zoomScale":0.9,"clickEvents":[{"__type__":"cc.ClickEvent","target":{"__id__":1},"_componentId":"typdka71-ba8e-4854-933d-f53eac559755","handler":"OnClick_BtnWnd"}],"_N$transition":3,"transition":3,"_N$normalColor":{"__type__":"cc.Color","r":214,"g":214,"b":214},"_N$target":{"__id__":36}}],"_prefab":{"__type__":"cc.PrefabInfo","root":{"__id__":1},"asset":{"__uuid__":"typdkcd5-c55f-42a0-a20b-df95305cb662"},"fileId":"1eb57eRCr1HvLmxiRlDz+Hh"},"_contentSize":{"__type__":"cc.Size","width":223,"height":80},"_trs":{"__type__":"TypedArray","ctor":"Float64Array","array":[-126.5,-245,0,0,0,0,1,1,1,1]}},{"__type__":"cc.Node","_name":"label","_parent":{"__id__":36},"_components":[{"__type__":"cc.Label","node":{"__id__":37},"_materials":[{"__uuid__":"ecpdLyjvZBwrvm+cedCcQy"}],"_useOriginalSize":false,"_string":"返回大厅","_N$string":"返回大厅","_fontSize":38,"_N$file":{"__uuid__":"typdk345-cbe0-4203-a8ca-8141b2e63f4f"},"_isSystemFontUsed":false,"_N$horizontalAlign":1,"_N$verticalAlign":1},{"__type__":"cc.LabelOutline","node":{"__id__":37},"_color":{"__type__":"cc.Color","r":122,"g":87,"b":15},"_width":2}],"_prefab":{"__type__":"cc.PrefabInfo","root":{"__id__":1},"asset":{"__uuid__":"typdkcd5-c55f-42a0-a20b-df95305cb662"},"fileId":"70e1cc+ENxPo7SDyPP3PWsw"},"_contentSize":{"__type__":"cc.Size","width":156,"height":54.4},"_trs":{"__type__":"TypedArray","ctor":"Float64Array","array":[0,0,0,0,0,0,1,1,1,1]}},{"__type__":"cc.Node","_name":"btn_exit","_parent":{"__id__":23},"_children":[{"__id__":39}],"_active":false,"_components":[{"__type__":"cc.Sprite","node":{"__id__":38},"_spriteFrame":{"__uuid__":"typdkd85-5590-4443-8358-f73b2f924f7d"}},{"__type__":"cc.Button","node":{"__id__":38},"zoomScale":0.9,"clickEvents":[{"__type__":"cc.ClickEvent","target":{"__id__":1},"_componentId":"typdka71-ba8e-4854-933d-f53eac559755","handler":"OnClick_BtnWnd"}],"_N$transition":3,"transition":3,"_N$normalColor":{"__type__":"cc.Color","r":214,"g":214,"b":214},"_N$target":{"__id__":38}}],"_prefab":{"__type__":"cc.PrefabInfo","root":{"__id__":1},"asset":{"__uuid__":"typdkcd5-c55f-42a0-a20b-df95305cb662"},"fileId":"83d72+chsRLm6xESfdDjtRE"},"_contentSize":{"__type__":"cc.Size","width":223,"height":80},"_trs":{"__type__":"TypedArray","ctor":"Float64Array","array":[379.5,-245,0,0,0,0,1,1,1,1]}},{"__type__":"cc.Node","_name":"label","_parent":{"__id__":38},"_components":[{"__type__":"cc.Label","node":{"__id__":39},"_useOriginalSize":false,"_string":"离    开","_N$string":"离    开","_fontSize":38,"_N$file":{"__uuid__":"typdk345-cbe0-4203-a8ca-8141b2e63f4f"},"_isSystemFontUsed":false,"_N$horizontalAlign":1,"_N$verticalAlign":1},{"__type__":"cc.LabelOutline","node":{"__id__":39},"_color":{"__type__":"cc.Color","r":122,"g":87,"b":15},"_width":2}],"_prefab":{"__type__":"cc.PrefabInfo","root":{"__id__":1},"asset":{"__uuid__":"typdkcd5-c55f-42a0-a20b-df95305cb662"},"fileId":"0cf71yOSIBFoLnlPmmIW/n7"},"_contentSize":{"__type__":"cc.Size","width":120.38,"height":40},"_trs":{"__type__":"TypedArray","ctor":"Float64Array","array":[0,0,0,0,0,0,1,1,1,1]}},{"__type__":"cc.Node","_name":"btn_continue","_parent":{"__id__":23},"_children":[{"__id__":41}],"_components":[{"__type__":"cc.Sprite","node":{"__id__":40},"_materials":[{"__uuid__":"ecpdLyjvZBwrvm+cedCcQy"}],"_spriteFrame":{"__uuid__":"typdkd85-5590-4443-8358-f73b2f924f7d"}},{"__type__":"cc.Button","node":{"__id__":40},"zoomScale":0.9,"clickEvents":[{"__type__":"cc.ClickEvent","target":{"__id__":1},"_componentId":"typdka71-ba8e-4854-933d-f53eac559755","handler":"OnClick_BtnWnd"}],"_N$transition":3,"transition":3,"_N$normalColor":{"__type__":"cc.Color","r":214,"g":214,"b":214},"_N$target":{"__id__":40}}],"_prefab":{"__type__":"cc.PrefabInfo","root":{"__id__":1},"asset":{"__uuid__":"typdkcd5-c55f-42a0-a20b-df95305cb662"},"fileId":"9fa+du5V9E5J7EntgHlEbR"},"_contentSize":{"__type__":"cc.Size","width":223,"height":80},"_trs":{"__type__":"TypedArray","ctor":"Float64Array","array":[126.5,-245,0,0,0,0,1,1,1,1]}},{"__type__":"cc.Node","_name":"label","_parent":{"__id__":40},"_components":[{"__type__":"cc.Label","node":{"__id__":41},"_materials":[{"__uuid__":"ecpdLyjvZBwrvm+cedCcQy"}],"_useOriginalSize":false,"_string":"继续游戏","_N$string":"继续游戏","_fontSize":38,"_N$file":{"__uuid__":"typdk345-cbe0-4203-a8ca-8141b2e63f4f"},"_isSystemFontUsed":false,"_N$horizontalAlign":1,"_N$verticalAlign":1},{"__type__":"cc.LabelOutline","node":{"__id__":41},"_color":{"__type__":"cc.Color","r":122,"g":87,"b":15},"_width":2}],"_prefab":{"__type__":"cc.PrefabInfo","root":{"__id__":1},"asset":{"__uuid__":"typdkcd5-c55f-42a0-a20b-df95305cb662"},"fileId":"d8AeWJiQROTIShyIyjl1u3"},"_contentSize":{"__type__":"cc.Size","width":156,"height":54.4},"_trs":{"__type__":"TypedArray","ctor":"Float64Array","array":[0,0,0,0,0,0,1,1,1,1]}},{"__type__":"cc.Node","_name":"sharemore","_parent":{"__id__":1},"_children":[{"__id__":43},{"__id__":51}],"_components":[{"__type__":"cc.Widget","node":{"__id__":42},"alignMode":0,"_alignFlags":45,"_originalWidth":750,"_originalHeight":1360},{"__type__":"cc.Button","node":{"__id__":42},"_N$normalColor":{"__type__":"cc.Color","r":214,"g":214,"b":214},"_N$target":{"__id__":42}}],"_prefab":{"__type__":"cc.PrefabInfo","root":{"__id__":1},"asset":{"__uuid__":"typdkcd5-c55f-42a0-a20b-df95305cb662"},"fileId":"02f30kKkpdIWqukDxPn0Fap"},"_contentSize":{"__type__":"cc.Size","width":1360,"height":760},"_trs":{"__type__":"TypedArray","ctor":"Float64Array","array":[0,0,0,0,0,0,1,1,1,1]}},{"__type__":"cc.Node","_name":"bg","_parent":{"__id__":42},"_children":[{"__id__":44},{"__id__":45},{"__id__":47},{"__id__":49}],"_components":[{"__type__":"cc.Sprite","node":{"__id__":43},"_materials":[{"__uuid__":"ecpdLyjvZBwrvm+cedCcQy"}],"_spriteFrame":{"__uuid__":"typdk74b-fe70-4320-bb96-a5a0a43c5109"},"_type":1,"_sizeMode":0}],"_prefab":{"__type__":"cc.PrefabInfo","root":{"__id__":1},"asset":{"__uuid__":"typdkcd5-c55f-42a0-a20b-df95305cb662"},"fileId":"c29b6K3hb9J5qIpiuPpCI9c"},"_contentSize":{"__type__":"cc.Size","width":650,"height":330},"_trs":{"__type__":"TypedArray","ctor":"Float64Array","array":[0,-20,0,0,0,0,1,1,1,1]}},{"__type__":"cc.Node","_name":"New Sprite(Splash)","_parent":{"__id__":43},"_components":[{"__type__":"cc.Sprite","node":{"__id__":44},"_materials":[{"__uuid__":"ecpdLyjvZBwrvm+cedCcQy"}],"_spriteFrame":{"__uuid__":"a2MjXRFdtLlYQ5ouAFv/+R"},"_sizeMode":0}],"_prefab":{"__type__":"cc.PrefabInfo","root":{"__id__":1},"asset":{"__uuid__":"typdkcd5-c55f-42a0-a20b-df95305cb662"},"fileId":"98599nVimJFWo/milGzLH+v"},"_contentSize":{"__type__":"cc.Size","width":600,"height":300},"_trs":{"__type__":"TypedArray","ctor":"Float64Array","array":[0,0,0,0,0,0,1,1,1,1]}},{"__type__":"cc.Node","_name":"btn_share","_parent":{"__id__":43},"_children":[{"__id__":46}],"_components":[{"__type__":"cc.Button","node":{"__id__":45},"zoomScale":0.9,"clickEvents":[{"__type__":"cc.ClickEvent","target":{"__id__":1},"_componentId":"typdka71-ba8e-4854-933d-f53eac559755","handler":"OnClick_BtnWnd"}],"_N$transition":3,"transition":3,"_N$pressedColor":{"__type__":"cc.Color","r":255,"g":255,"b":255},"pressedColor":{"__type__":"cc.Color","r":255,"g":255,"b":255},"_N$disabledColor":{"__type__":"cc.Color","r":255,"g":255,"b":255},"_N$pressedSprite":{"__uuid__":"e97GVMl6JHh5Ml5qEDdSGa"},"pressedSprite":{"__uuid__":"e97GVMl6JHh5Ml5qEDdSGa"},"_N$hoverSprite":{"__uuid__":"e97GVMl6JHh5Ml5qEDdSGa"},"hoverSprite":{"__uuid__":"e97GVMl6JHh5Ml5qEDdSGa"},"_N$disabledSprite":{"__uuid__":"29FYIk+N1GYaeWH/q1NxQO"},"_N$target":{"__id__":45}},{"__type__":"cc.Sprite","node":{"__id__":45},"_materials":[{"__uuid__":"ecpdLyjvZBwrvm+cedCcQy"}],"_spriteFrame":{"__uuid__":"typdk931-daed-4b2b-9228-421a65d3005e"}}],"_prefab":{"__type__":"cc.PrefabInfo","root":{"__id__":1},"asset":{"__uuid__":"typdkcd5-c55f-42a0-a20b-df95305cb662"},"fileId":"98b5ab/JPtMmIt5O7SdXDyo"},"_contentSize":{"__type__":"cc.Size","width":171,"height":172},"_trs":{"__type__":"TypedArray","ctor":"Float64Array","array":[-200,30,0,0,0,0,1,1,1,1]}},{"__type__":"cc.Node","_name":"label","_parent":{"__id__":45},"_components":[{"__type__":"cc.Label","node":{"__id__":46},"_materials":[{"__uuid__":"ecpdLyjvZBwrvm+cedCcQy"}],"_useOriginalSize":false,"_string":"微信","_N$string":"微信","_fontSize":38,"_lineHeight":38,"_N$file":{"__uuid__":"typdk345-cbe0-4203-a8ca-8141b2e63f4f"},"_isSystemFontUsed":false,"_N$horizontalAlign":1,"_N$verticalAlign":1}],"_prefab":{"__type__":"cc.PrefabInfo","root":{"__id__":1},"asset":{"__uuid__":"typdkcd5-c55f-42a0-a20b-df95305cb662"},"fileId":"cab91yDf91BPI57qOu8vGQ9"},"_color":{"__type__":"cc.Color","r":138,"g":55},"_contentSize":{"__type__":"cc.Size","width":76,"height":47.88},"_trs":{"__type__":"TypedArray","ctor":"Float64Array","array":[0,-123,0,0,0,0,1,1,1,1]}},{"__type__":"cc.Node","_name":"btn_ddshare","_parent":{"__id__":43},"_children":[{"__id__":48}],"_components":[{"__type__":"cc.Button","node":{"__id__":47},"zoomScale":0.9,"clickEvents":[{"__type__":"cc.ClickEvent","target":{"__id__":1},"_componentId":"typdka71-ba8e-4854-933d-f53eac559755","handler":"OnClick_BtnWnd"}],"_N$transition":3,"transition":3,"_N$pressedColor":{"__type__":"cc.Color","r":255,"g":255,"b":255},"pressedColor":{"__type__":"cc.Color","r":255,"g":255,"b":255},"_N$disabledColor":{"__type__":"cc.Color","r":255,"g":255,"b":255},"_N$pressedSprite":{"__uuid__":"e97GVMl6JHh5Ml5qEDdSGa"},"pressedSprite":{"__uuid__":"e97GVMl6JHh5Ml5qEDdSGa"},"_N$hoverSprite":{"__uuid__":"e97GVMl6JHh5Ml5qEDdSGa"},"hoverSprite":{"__uuid__":"e97GVMl6JHh5Ml5qEDdSGa"},"_N$disabledSprite":{"__uuid__":"29FYIk+N1GYaeWH/q1NxQO"},"_N$target":{"__id__":47}},{"__type__":"cc.Sprite","node":{"__id__":47},"_materials":[{"__uuid__":"ecpdLyjvZBwrvm+cedCcQy"}],"_spriteFrame":{"__uuid__":"typdk32c-2ab0-4e59-8356-d070cfd3d4cb"},"_sizeMode":0}],"_prefab":{"__type__":"cc.PrefabInfo","root":{"__id__":1},"asset":{"__uuid__":"typdkcd5-c55f-42a0-a20b-df95305cb662"},"fileId":"5ad768p4E1KlLt8/+bqGc4a"},"_contentSize":{"__type__":"cc.Size","width":171,"height":171},"_trs":{"__type__":"TypedArray","ctor":"Float64Array","array":[0,30,0,0,0,0,1,1,1,1]}},{"__type__":"cc.Node","_name":"label","_parent":{"__id__":47},"_components":[{"__type__":"cc.Label","node":{"__id__":48},"_materials":[{"__uuid__":"ecpdLyjvZBwrvm+cedCcQy"}],"_useOriginalSize":false,"_string":"钉钉","_N$string":"钉钉","_fontSize":38,"_lineHeight":38,"_N$file":{"__uuid__":"typdk345-cbe0-4203-a8ca-8141b2e63f4f"},"_isSystemFontUsed":false,"_N$horizontalAlign":1,"_N$verticalAlign":1}],"_prefab":{"__type__":"cc.PrefabInfo","root":{"__id__":1},"asset":{"__uuid__":"typdkcd5-c55f-42a0-a20b-df95305cb662"},"fileId":"d4826ryocpPWpbAxSyhlXwV"},"_color":{"__type__":"cc.Color","r":138,"g":55},"_contentSize":{"__type__":"cc.Size","width":76,"height":47.88},"_trs":{"__type__":"TypedArray","ctor":"Float64Array","array":[0,-123,0,0,0,0,1,1,1,1]}},{"__type__":"cc.Node","_name":"btn_xlshare","_parent":{"__id__":43},"_children":[{"__id__":50}],"_components":[{"__type__":"cc.Button","node":{"__id__":49},"zoomScale":0.9,"clickEvents":[{"__type__":"cc.ClickEvent","target":{"__id__":1},"_componentId":"typdka71-ba8e-4854-933d-f53eac559755","handler":"OnClick_BtnWnd"}],"_N$transition":3,"transition":3,"_N$pressedColor":{"__type__":"cc.Color","r":255,"g":255,"b":255},"pressedColor":{"__type__":"cc.Color","r":255,"g":255,"b":255},"_N$disabledColor":{"__type__":"cc.Color","r":255,"g":255,"b":255},"_N$pressedSprite":{"__uuid__":"e97GVMl6JHh5Ml5qEDdSGa"},"pressedSprite":{"__uuid__":"e97GVMl6JHh5Ml5qEDdSGa"},"_N$hoverSprite":{"__uuid__":"e97GVMl6JHh5Ml5qEDdSGa"},"hoverSprite":{"__uuid__":"e97GVMl6JHh5Ml5qEDdSGa"},"_N$disabledSprite":{"__uuid__":"29FYIk+N1GYaeWH/q1NxQO"},"_N$target":{"__id__":49}},{"__type__":"cc.Sprite","node":{"__id__":49},"_materials":[{"__uuid__":"ecpdLyjvZBwrvm+cedCcQy"}],"_spriteFrame":{"__uuid__":"typdk66c-076c-435e-a551-fbbf454b4187"},"_sizeMode":0}],"_prefab":{"__type__":"cc.PrefabInfo","root":{"__id__":1},"asset":{"__uuid__":"typdkcd5-c55f-42a0-a20b-df95305cb662"},"fileId":"54eb1h2s1lJY58Q9JU3bOJM"},"_contentSize":{"__type__":"cc.Size","width":171,"height":171},"_trs":{"__type__":"TypedArray","ctor":"Float64Array","array":[200,30.000000000000057,0,0,0,0,1,1,1,1]}},{"__type__":"cc.Node","_name":"label","_parent":{"__id__":49},"_components":[{"__type__":"cc.Label","node":{"__id__":50},"_materials":[{"__uuid__":"ecpdLyjvZBwrvm+cedCcQy"}],"_useOriginalSize":false,"_string":"闲聊","_N$string":"闲聊","_fontSize":38,"_lineHeight":38,"_N$file":{"__uuid__":"typdk345-cbe0-4203-a8ca-8141b2e63f4f"},"_isSystemFontUsed":false,"_N$horizontalAlign":1,"_N$verticalAlign":1}],"_prefab":{"__type__":"cc.PrefabInfo","root":{"__id__":1},"asset":{"__uuid__":"typdkcd5-c55f-42a0-a20b-df95305cb662"},"fileId":"65cddmnwgNHfo16hv/wG32l"},"_color":{"__type__":"cc.Color","r":138,"g":55},"_contentSize":{"__type__":"cc.Size","width":76,"height":47.88},"_trs":{"__type__":"TypedArray","ctor":"Float64Array","array":[0,-123,0,0,0,0,1,1,1,1]}},{"__type__":"cc.Node","_name":"btn_closeshare","_parent":{"__id__":42},"_components":[{"__type__":"cc.Sprite","node":{"__id__":51},"_materials":[{"__uuid__":"ecpdLyjvZBwrvm+cedCcQy"}],"_spriteFrame":{"__uuid__":"typdked7-f3a2-49f2-bdae-92ddc74dd698"},"_sizeMode":0},{"__type__":"cc.Button","node":{"__id__":51},"clickEvents":[{"__type__":"cc.ClickEvent","target":{"__id__":1},"_componentId":"typdka71-ba8e-4854-933d-f53eac559755","handler":"OnClick_BtnWnd"}],"_N$transition":3,"transition":3,"_N$normalColor":{"__type__":"cc.Color","r":214,"g":214,"b":214},"_N$target":{"__id__":51}}],"_prefab":{"__type__":"cc.PrefabInfo","root":{"__id__":1},"asset":{"__uuid__":"typdkcd5-c55f-42a0-a20b-df95305cb662"},"fileId":"588a7TITrZO2rmaOhr+7om/"},"_contentSize":{"__type__":"cc.Size","width":80,"height":80},"_trs":{"__type__":"TypedArray","ctor":"Float64Array","array":[320,130,0,0,0,0,1,1,1,1]}}],{"__type__":"cc.SpriteFrame","content":{"name":"bg","texture":"typdk036-8a0c-4d92-8561-c45e53fa19cc","rect":[0,0,21,63],"offset":[0,0],"originalSize":[21,63],"capInsets":[0,0,0,0]}},{"__type__":"cc.SpriteFrame","content":{"name":"btn_yellow01","texture":"typdkb0d-1deb-43b1-9bff-c64bd7569563","rect":[0,0,223,80],"offset":[0,0],"originalSize":[223,80],"capInsets":[0,0,0,0]}},{"__type__":"cc.SpriteFrame","content":{"name":"btn_close","texture":"typdk435-32f0-46cf-9b76-ae84a1baec20","rect":[0,0,79,80],"offset":[0,0],"originalSize":[79,80],"capInsets":[0,0,0,0]}}]