[{"__type__":"cc.SpriteFrame","content":{"name":"img_dyj","texture":"typdk848-d1a9-4131-bc48-564950d95fa0","rect":[2,0,231,78],"offset":[0,0.5],"originalSize":[235,79],"capInsets":[0,0,0,0]}},[{"__type__":"cc.Prefab","_name":"pdk_LPresultPrefab01","data":{"__id__":1}},{"__type__":"cc.Node","_name":"pdk_LPresultPrefab01","_children":[{"__id__":2},{"__id__":8},{"__id__":15},{"__id__":16},{"__id__":17},{"__id__":18},{"__id__":19},{"__id__":20},{"__id__":21},{"__id__":22}],"_components":[{"__type__":"cc.Sprite","node":{"__id__":1},"_materials":[{"__uuid__":"ecpdLyjvZBwrvm+cedCcQy"}],"_spriteFrame":{"__uuid__":"typdk899-04bd-48d7-bb59-031408bba64a"}}],"_prefab":{"__type__":"cc.PrefabInfo","root":{"__id__":1},"asset":{"__uuid__":"typdk185-f794-42dd-85e7-19262f433e4c"},"fileId":"413c3ktZzVFs6541CY7oOUr"},"_contentSize":{"__type__":"cc.Size","width":286,"height":418},"_trs":{"__type__":"TypedArray","ctor":"Float64Array","array":[0,0,0,0,0,0,1,1,1,1]}},{"__type__":"cc.Node","_name":"topTitle","_parent":{"__id__":1},"_children":[{"__id__":3},{"__id__":4},{"__id__":5},{"__id__":6},{"__id__":7}],"_prefab":{"__type__":"cc.PrefabInfo","root":{"__id__":1},"asset":{"__uuid__":"typdk185-f794-42dd-85e7-19262f433e4c"},"fileId":"90204G8IaJFhqYOftRvRRCJ"},"_trs":{"__type__":"TypedArray","ctor":"Float64Array","array":[0,-5,0,0,0,0,1,1,1,1]}},{"__type__":"cc.Node","_name":"sheng","_parent":{"__id__":2},"_active":false,"_components":[{"__type__":"cc.Label","node":{"__id__":3},"_materials":[{"__uuid__":"ecpdLyjvZBwrvm+cedCcQy"}],"_useOriginalSize":false,"_string":"胜","_N$string":"胜","_fontSize":26,"_N$file":{"__uuid__":"typdk345-cbe0-4203-a8ca-8141b2e63f4f"},"_isSystemFontUsed":false,"_N$horizontalAlign":1,"_N$verticalAlign":1}],"_prefab":{"__type__":"cc.PrefabInfo","root":{"__id__":1},"asset":{"__uuid__":"typdk185-f794-42dd-85e7-19262f433e4c"},"fileId":"89a20WzdDtFy4C6S+GumQXI"},"_color":{"__type__":"cc.Color","r":92,"g":129,"b":61},"_contentSize":{"__type__":"cc.Size","width":26,"height":50.4},"_trs":{"__type__":"TypedArray","ctor":"Float64Array","array":[-238,58,0,0,0,0,1,1,1,1]}},{"__type__":"cc.Node","_name":"fu","_parent":{"__id__":2},"_active":false,"_components":[{"__type__":"cc.Label","node":{"__id__":4},"_materials":[{"__uuid__":"ecpdLyjvZBwrvm+cedCcQy"}],"_useOriginalSize":false,"_string":"负","_N$string":"负","_fontSize":26,"_N$file":{"__uuid__":"typdk345-cbe0-4203-a8ca-8141b2e63f4f"},"_isSystemFontUsed":false,"_N$horizontalAlign":1,"_N$verticalAlign":1}],"_prefab":{"__type__":"cc.PrefabInfo","root":{"__id__":1},"asset":{"__uuid__":"typdk185-f794-42dd-85e7-19262f433e4c"},"fileId":"12e13BTNntB56G/JTe3bkj1"},"_color":{"__type__":"cc.Color","r":92,"g":129,"b":61},"_contentSize":{"__type__":"cc.Size","width":26,"height":50.4},"_trs":{"__type__":"TypedArray","ctor":"Float64Array","array":[-88,58,0,0,0,0,1,1,1,1]}},{"__type__":"cc.Node","_name":"ping ","_parent":{"__id__":2},"_active":false,"_components":[{"__type__":"cc.Label","node":{"__id__":5},"_materials":[{"__uuid__":"ecpdLyjvZBwrvm+cedCcQy"}],"_useOriginalSize":false,"_string":"平","_N$string":"平","_fontSize":26,"_N$file":{"__uuid__":"typdk345-cbe0-4203-a8ca-8141b2e63f4f"},"_isSystemFontUsed":false,"_N$horizontalAlign":1,"_N$verticalAlign":1}],"_prefab":{"__type__":"cc.PrefabInfo","root":{"__id__":1},"asset":{"__uuid__":"typdk185-f794-42dd-85e7-19262f433e4c"},"fileId":"3cb159kO+FEgpGQ1ORzu8G8"},"_color":{"__type__":"cc.Color","r":92,"g":129,"b":61},"_contentSize":{"__type__":"cc.Size","width":26,"height":50.4},"_trs":{"__type__":"TypedArray","ctor":"Float64Array","array":[71,58,0,0,0,0,1,1,1,1]}},{"__type__":"cc.Node","_name":"total","_parent":{"__id__":2},"_active":false,"_components":[{"__type__":"cc.Label","node":{"__id__":6},"_materials":[{"__uuid__":"ecpdLyjvZBwrvm+cedCcQy"}],"_useOriginalSize":false,"_string":"总分数","_N$string":"总分数","_fontSize":26,"_N$file":{"__uuid__":"typdk345-cbe0-4203-a8ca-8141b2e63f4f"},"_isSystemFontUsed":false,"_N$horizontalAlign":1,"_N$verticalAlign":1}],"_prefab":{"__type__":"cc.PrefabInfo","root":{"__id__":1},"asset":{"__uuid__":"typdk185-f794-42dd-85e7-19262f433e4c"},"fileId":"31a07XrRiBF1oVtXyacLYKP"},"_color":{"__type__":"cc.Color","r":92,"g":129,"b":61},"_contentSize":{"__type__":"cc.Size","width":78,"height":50.4},"_trs":{"__type__":"TypedArray","ctor":"Float64Array","array":[243,58,0,0,0,0,1,1,1,1]}},{"__type__":"cc.Node","_name":"sportsPoint","_parent":{"__id__":2},"_active":false,"_components":[{"__type__":"cc.Label","node":{"__id__":7},"_materials":[{"__uuid__":"ecpdLyjvZBwrvm+cedCcQy"}],"_useOriginalSize":false,"_string":"比赛分:","_N$string":"比赛分:","_fontSize":22,"_lineHeight":25,"_N$file":{"__uuid__":"typdk345-cbe0-4203-a8ca-8141b2e63f4f"},"_isSystemFontUsed":false,"_N$horizontalAlign":1,"_N$verticalAlign":1},{"__type__":"cc.LabelOutline","node":{"__id__":7},"_color":{"__type__":"cc.Color","r":144,"g":96,"b":43},"_width":2}],"_prefab":{"__type__":"cc.PrefabInfo","root":{"__id__":1},"asset":{"__uuid__":"typdk185-f794-42dd-85e7-19262f433e4c"},"fileId":"faK9FqqNlEyI0OzVVLJPLO"},"_contentSize":{"__type__":"cc.Size","width":75.84,"height":35.5},"_trs":{"__type__":"TypedArray","ctor":"Float64Array","array":[-38.474,-172.343,0,0,0,0,1,1,1,1]}},{"__type__":"cc.Node","_name":"user_info","_parent":{"__id__":1},"_children":[{"__id__":9},{"__id__":10},{"__id__":11},{"__id__":12},{"__id__":13},{"__id__":14}],"_prefab":{"__type__":"cc.PrefabInfo","root":{"__id__":1},"asset":{"__uuid__":"typdk185-f794-42dd-85e7-19262f433e4c"},"fileId":"4b3568hOMdPVoHGneBVqyUf"},"_trs":{"__type__":"TypedArray","ctor":"Float64Array","array":[0,127.853,0,0,0,0,1,1,1,1]}},{"__type__":"cc.Node","_name":"head_img","_parent":{"__id__":8},"_components":[{"__type__":"cc.Sprite","node":{"__id__":9},"_materials":[{"__uuid__":"ecpdLyjvZBwrvm+cedCcQy"}],"_spriteFrame":{"__uuid__":"typdkbd4-6d8e-4361-aae8-91caca6f2355"},"_sizeMode":0,"_isTrimmedMode":false},{"__type__":"typdk551-cdf7-4ff7-b9d1-ff119733cfed","node":{"__id__":9}}],"_prefab":{"__type__":"cc.PrefabInfo","root":{"__id__":1},"asset":{"__uuid__":"typdk185-f794-42dd-85e7-19262f433e4c"},"fileId":"9ab74WEilpCaJyAfK/QQs6S"},"_contentSize":{"__type__":"cc.Size","width":165,"height":165},"_trs":{"__type__":"TypedArray","ctor":"Float64Array","array":[0,-107.327,0,0,0,0,1,1,1,1]}},{"__type__":"cc.Node","_name":"lable_name","_parent":{"__id__":8},"_components":[{"__type__":"cc.Label","node":{"__id__":10},"_materials":[{"__uuid__":"ecpdLyjvZBwrvm+cedCcQy"}],"_useOriginalSize":false,"_string":"丸子科丸丸","_N$string":"丸子科丸丸","_fontSize":24,"_lineHeight":26,"_N$file":{"__uuid__":"typdk345-cbe0-4203-a8ca-8141b2e63f4f"},"_isSystemFontUsed":false,"_N$verticalAlign":1,"_N$overflow":2}],"_prefab":{"__type__":"cc.PrefabInfo","root":{"__id__":1},"asset":{"__uuid__":"typdk185-f794-42dd-85e7-19262f433e4c"},"fileId":"520ff2PMkZC1IQDmpSldzYN"},"_color":{"__type__":"cc.Color","r":114,"g":58,"b":29},"_contentSize":{"__type__":"cc.Size","width":150,"height":20},"_trs":{"__type__":"TypedArray","ctor":"Float64Array","array":[39.6,59.4,0,0,0,0,1,1,1,1]}},{"__type__":"cc.Node","_name":"idbg","_parent":{"__id__":8},"_components":[{"__type__":"cc.Sprite","node":{"__id__":11},"_materials":[{"__uuid__":"ecpdLyjvZBwrvm+cedCcQy"}],"_spriteFrame":{"__uuid__":"typdkea7-9c80-46e0-a129-cda93077c8a5"},"_sizeMode":0}],"_prefab":{"__type__":"cc.PrefabInfo","root":{"__id__":1},"asset":{"__uuid__":"typdk185-f794-42dd-85e7-19262f433e4c"},"fileId":"fd386lpbh5AeINHGYi6i05i"},"_contentSize":{"__type__":"cc.Size","width":24,"height":24},"_trs":{"__type__":"TypedArray","ctor":"Float64Array","array":[-55.5,31.200000000000003,0,0,0,0,1,1,1,1]}},{"__type__":"cc.Node","_name":"label_id","_parent":{"__id__":8},"_components":[{"__type__":"cc.Label","node":{"__id__":12},"_materials":[{"__uuid__":"ecpdLyjvZBwrvm+cedCcQy"}],"_useOriginalSize":false,"_string":"142536","_N$string":"142536","_fontSize":24,"_lineHeight":26,"_N$file":{"__uuid__":"typdk345-cbe0-4203-a8ca-8141b2e63f4f"},"_isSystemFontUsed":false,"_N$verticalAlign":1,"_N$overflow":2}],"_prefab":{"__type__":"cc.PrefabInfo","root":{"__id__":1},"asset":{"__uuid__":"typdk185-f794-42dd-85e7-19262f433e4c"},"fileId":"258d1AiWr1BLKNkNVLUivOv"},"_color":{"__type__":"cc.Color","r":114,"g":58,"b":29},"_contentSize":{"__type__":"cc.Size","width":100,"height":20},"_trs":{"__type__":"TypedArray","ctor":"Float64Array","array":[14.5,31.200000000000003,0,0,0,0,1,1,1,1]}},{"__type__":"cc.Node","_name":"sex","_parent":{"__id__":8},"_components":[{"__type__":"cc.Sprite","node":{"__id__":13},"_materials":[{"__uuid__":"ecpdLyjvZBwrvm+cedCcQy"}],"_spriteFrame":{"__uuid__":"typdk56a-3d89-43d8-a2e7-3ae017165070"},"_sizeMode":0}],"_prefab":{"__type__":"cc.PrefabInfo","root":{"__id__":1},"asset":{"__uuid__":"typdk185-f794-42dd-85e7-19262f433e4c"},"fileId":"071d8mwDG9D+48klJwJA5+9"},"_contentSize":{"__type__":"cc.Size","width":24,"height":24},"_trs":{"__type__":"TypedArray","ctor":"Float64Array","array":[-55.4,59.4,0,0,0,0,1,1,1,1]}},{"__type__":"cc.Node","_name":"fangzhu","_parent":{"__id__":8},"_components":[{"__type__":"cc.Sprite","node":{"__id__":14},"_materials":[{"__uuid__":"ecpdLyjvZBwrvm+cedCcQy"}],"_spriteFrame":{"__uuid__":"typdk65b-0506-4f97-be58-e35386306e86"}}],"_prefab":{"__type__":"cc.PrefabInfo","root":{"__id__":1},"asset":{"__uuid__":"typdk185-f794-42dd-85e7-19262f433e4c"},"fileId":"3310cpaPa5C9ZoU8uOItsXc"},"_contentSize":{"__type__":"cc.Size","width":30,"height":73},"_trs":{"__type__":"TypedArray","ctor":"Float64Array","array":[-67.9,-59.057,0,0,0,0,1,1,1,1]}},{"__type__":"cc.Node","_name":"lb_lose_num","_parent":{"__id__":1},"_components":[{"__type__":"cc.Label","node":{"__id__":15},"_materials":[{"__uuid__":"ecpdLyjvZBwrvm+cedCcQy"}],"_useOriginalSize":false,"_string":"-10","_N$string":"-10","_fontSize":1,"_lineHeight":35,"_enableWrapText":false,"_N$file":{"__uuid__":"typdk298-4ff8-4596-aee5-1a207f1ace1f"},"_isSystemFontUsed":false,"_N$horizontalAlign":1,"_N$verticalAlign":1,"_N$overflow":2}],"_prefab":{"__type__":"cc.PrefabInfo","root":{"__id__":1},"asset":{"__uuid__":"typdk185-f794-42dd-85e7-19262f433e4c"},"fileId":"22008fOnClMd6eRdb23ZoJ4"},"_contentSize":{"__type__":"cc.Size","width":125,"height":70},"_trs":{"__type__":"TypedArray","ctor":"Float64Array","array":[0,-116.001,0,0,0,0,1,1,1,1]}},{"__type__":"cc.Node","_name":"lb_win_num","_parent":{"__id__":1},"_components":[{"__type__":"cc.Label","node":{"__id__":16},"_materials":[{"__uuid__":"ecpdLyjvZBwrvm+cedCcQy"}],"_useOriginalSize":false,"_string":"+10","_N$string":"+10","_fontSize":1,"_lineHeight":35,"_enableWrapText":false,"_N$file":{"__uuid__":"typdk0fd-02dc-4424-90a3-4d763de47cea"},"_isSystemFontUsed":false,"_N$horizontalAlign":1,"_N$verticalAlign":1,"_N$overflow":2}],"_prefab":{"__type__":"cc.PrefabInfo","root":{"__id__":1},"asset":{"__uuid__":"typdk185-f794-42dd-85e7-19262f433e4c"},"fileId":"49981aR8mdKgLRSms7Rk5Al"},"_contentSize":{"__type__":"cc.Size","width":125,"height":70},"_trs":{"__type__":"TypedArray","ctor":"Float64Array","array":[0,-110.001,0,0,0,0,1,1,1,1]}},{"__type__":"cc.Node","_name":"lb_win","_parent":{"__id__":1},"_active":false,"_components":[{"__type__":"cc.Label","node":{"__id__":17},"_materials":[{"__uuid__":"ecpdLyjvZBwrvm+cedCcQy"}],"_useOriginalSize":false,"_string":"10","_N$string":"10","_fontSize":36,"_N$file":{"__uuid__":"typdk345-cbe0-4203-a8ca-8141b2e63f4f"},"_isSystemFontUsed":false,"_N$horizontalAlign":1,"_N$verticalAlign":1}],"_prefab":{"__type__":"cc.PrefabInfo","root":{"__id__":1},"asset":{"__uuid__":"typdk185-f794-42dd-85e7-19262f433e4c"},"fileId":"a59c41lXitF9oDeHxiIjToz"},"_color":{"__type__":"cc.Color","r":181,"g":104,"b":48},"_contentSize":{"__type__":"cc.Size","width":33.75,"height":50.4},"_trs":{"__type__":"TypedArray","ctor":"Float64Array","array":[-239,0,0,0,0,0,1,1,1,1]}},{"__type__":"cc.Node","_name":"lb_lose","_parent":{"__id__":1},"_active":false,"_components":[{"__type__":"cc.Label","node":{"__id__":18},"_materials":[{"__uuid__":"ecpdLyjvZBwrvm+cedCcQy"}],"_useOriginalSize":false,"_string":"10","_N$string":"10","_fontSize":36,"_N$file":{"__uuid__":"typdk345-cbe0-4203-a8ca-8141b2e63f4f"},"_isSystemFontUsed":false,"_N$horizontalAlign":1,"_N$verticalAlign":1}],"_prefab":{"__type__":"cc.PrefabInfo","root":{"__id__":1},"asset":{"__uuid__":"typdk185-f794-42dd-85e7-19262f433e4c"},"fileId":"0f2d8Y++XpGWat1s2Zu4p3r"},"_color":{"__type__":"cc.Color","r":181,"g":104,"b":48},"_contentSize":{"__type__":"cc.Size","width":33.75,"height":50.4},"_trs":{"__type__":"TypedArray","ctor":"Float64Array","array":[-87,0,0,0,0,0,1,1,1,1]}},{"__type__":"cc.Node","_name":"lb_ping","_parent":{"__id__":1},"_active":false,"_components":[{"__type__":"cc.Label","node":{"__id__":19},"_materials":[{"__uuid__":"ecpdLyjvZBwrvm+cedCcQy"}],"_useOriginalSize":false,"_string":"10","_N$string":"10","_fontSize":36,"_N$file":{"__uuid__":"typdk345-cbe0-4203-a8ca-8141b2e63f4f"},"_isSystemFontUsed":false,"_N$horizontalAlign":1,"_N$verticalAlign":1}],"_prefab":{"__type__":"cc.PrefabInfo","root":{"__id__":1},"asset":{"__uuid__":"typdk185-f794-42dd-85e7-19262f433e4c"},"fileId":"6b7727TlZpMGazss/2ahzu0"},"_color":{"__type__":"cc.Color","r":181,"g":104,"b":48},"_contentSize":{"__type__":"cc.Size","width":33.75,"height":50.4},"_trs":{"__type__":"TypedArray","ctor":"Float64Array","array":[71,0,0,0,0,0,1,1,1,1]}},{"__type__":"cc.Node","_name":"lb_sportsPoint","_parent":{"__id__":1},"_components":[{"__type__":"cc.Label","node":{"__id__":20},"_materials":[{"__uuid__":"ecpdLyjvZBwrvm+cedCcQy"}],"_useOriginalSize":false,"_string":"10","_N$string":"10","_fontSize":22,"_lineHeight":25,"_N$file":{"__uuid__":"typdk345-cbe0-4203-a8ca-8141b2e63f4f"},"_isSystemFontUsed":false,"_N$verticalAlign":1},{"__type__":"cc.LabelOutline","node":{"__id__":20},"_color":{"__type__":"cc.Color","r":144,"g":96,"b":43},"_width":2}],"_prefab":{"__type__":"cc.PrefabInfo","root":{"__id__":1},"asset":{"__uuid__":"typdk185-f794-42dd-85e7-19262f433e4c"},"fileId":"99vBHm0o5C9bqd0nHZ1BYV"},"_contentSize":{"__type__":"cc.Size","width":24.63,"height":35.5},"_trs":{"__type__":"TypedArray","ctor":"Float64Array","array":[0,-178.117,0,0,0,0,1,1,1,1]}},{"__type__":"cc.Node","_name":"icon_dissolve","_parent":{"__id__":1},"_components":[{"__type__":"cc.Sprite","node":{"__id__":21},"_materials":[{"__uuid__":"ecpdLyjvZBwrvm+cedCcQy"}]}],"_prefab":{"__type__":"cc.PrefabInfo","root":{"__id__":1},"asset":{"__uuid__":"typdk185-f794-42dd-85e7-19262f433e4c"},"fileId":"325UAE+nhHmp7Dna7UnCeO"},"_contentSize":{"__type__":"cc.Size","width":119,"height":66},"_trs":{"__type__":"TypedArray","ctor":"Float64Array","array":[0,0,0,0,0,0,1,1.5,1.5,1]}},{"__type__":"cc.Node","_name":"icon_win","_parent":{"__id__":1},"_children":[{"__id__":23}],"_components":[{"__type__":"cc.Sprite","node":{"__id__":22},"_materials":[{"__uuid__":"ecpdLyjvZBwrvm+cedCcQy"}],"_spriteFrame":{"__uuid__":"typdk171-89f6-424c-90da-528746ab0bc8"}}],"_prefab":{"__type__":"cc.PrefabInfo","root":{"__id__":1},"asset":{"__uuid__":"typdk185-f794-42dd-85e7-19262f433e4c"},"fileId":"e4c57QuzwFIg5BJM4Tzt9FX"},"_contentSize":{"__type__":"cc.Size","width":231,"height":78},"_trs":{"__type__":"TypedArray","ctor":"Float64Array","array":[0,-69.299,0,0,0,0,1,1,1,1]}},{"__type__":"cc.Node","_name":"img_hg","_parent":{"__id__":22},"_components":[{"__type__":"cc.Sprite","node":{"__id__":23},"_materials":[{"__uuid__":"ecpdLyjvZBwrvm+cedCcQy"}],"_spriteFrame":{"__uuid__":"typdk84c-6ed5-4ee9-9e8b-b00109bd006c"}}],"_prefab":{"__type__":"cc.PrefabInfo","root":{"__id__":1},"asset":{"__uuid__":"typdk185-f794-42dd-85e7-19262f433e4c"},"fileId":"0bwhFHd2hFqoofduKKd8at"},"_contentSize":{"__type__":"cc.Size","width":71,"height":49},"_trs":{"__type__":"TypedArray","ctor":"Float64Array","array":[0,192.299,0,0,0,0,1,1,1,1]}}],{"__type__":"cc.SpriteFrame","content":{"name":"personal_male","texture":"typdk4c4-f6fe-4710-8c70-f60ed20248a3","rect":[0,0,24,24],"offset":[0,0],"originalSize":[24,24],"capInsets":[0,0,0,0]}},{"__type__":"cc.SpriteFrame","content":{"name":"img_fz","texture":"typdkdcc-1a02-4041-90d3-f8bef2a0d0d4","rect":[0,0,30,73],"offset":[0,0],"originalSize":[30,73],"capInsets":[0,0,0,0]}},{"__type__":"cc.SpriteFrame","content":{"name":"img_hg","texture":"typdka1b-4203-4b74-9d6a-dd79375b542c","rect":[0,0,71,49],"offset":[0,0],"originalSize":[71,49],"capInsets":[0,0,0,0]}},{"__type__":"cc.SpriteFrame","content":{"name":"img_bjl","texture":"typdk20f-7b7b-4e1f-a16a-7749953c7d44","rect":[1,0,286,418],"offset":[0,0.5],"originalSize":[288,419],"capInsets":[0,0,0,0]}},{"__type__":"cc.SpriteFrame","content":{"name":"morentouxiang","texture":"typdk652-0393-4ea1-84d8-1bdd3044f177","rect":[0,0,60,60],"offset":[0,0],"originalSize":[60,60],"capInsets":[0,0,0,0]}},{"__type__":"cc.SpriteFrame","content":{"name":"personal_id","texture":"typdk3de-65b1-4ebb-ae32-a0235645a28b","rect":[0,0,31,31],"offset":[0,0],"originalSize":[31,31],"capInsets":[0,0,0,0]}}]