[[{"__type__":"cc.Prefab","_name":"qiangganghu","data":{"__id__":1}},{"__type__":"cc.Node","_name":"qiangganghu","_components":[{"__type__":"cc.Sprite","node":{"__id__":1},"_spriteFrame":{"__uuid__":"lznndd52-36bb-4e3a-adba-a4d1cbbf225b"},"_sizeMode":2,"_isTrimmedMode":false},{"__type__":"cc.Animation","node":{"__id__":1},"_defaultClip":{"__uuid__":"lznn2d19-7e99-4a7e-b07e-6208013d74ce"},"_clips":[{"__uuid__":"lznn2d19-7e99-4a7e-b07e-6208013d74ce"}]},{"__type__":"lznn27a3-f7f6-43f3-bc26-19a21c44bee8","node":{"__id__":1}}],"_prefab":{"__type__":"cc.PrefabInfo","root":{"__id__":1},"asset":{"__uuid__":"lznn5933-f8bd-4d7a-b6b4-a70ae242cd2b"},"fileId":"e5812aMCllNKrTClf4ZF7cN"},"_contentSize":{"__type__":"cc.Size","width":1028,"height":332},"_trs":{"__type__":"TypedArray","ctor":"Float64Array","array":[0,0,0,0,0,0,1,1,1,1]}}],{"__type__":"cc.SpriteFrame","content":{"name":"ani_qgh_01","texture":"lznna7a5-16f2-42b6-a2f4-cf8a7c6623a7","rect":[261,147,506,146],"offset":[0,-54],"originalSize":[1028,332],"capInsets":[0,0,0,0]}}]