[{"__type__":"cc.SpriteFrame","content":{"name":"ani_zj_05","texture":"lznnbb2b-b72e-4f67-9f72-1bfbaa902ba8","rect":[0,0,161,132],"offset":[0,0],"originalSize":[161,132],"capInsets":[0,0,0,0]}},{"__type__":"cc.SpriteFrame","content":{"name":"ani_zj_11","texture":"lznnb208-e263-4f6b-8251-1dd978677c18","rect":[0,0,74,29],"offset":[0,0],"originalSize":[74,29],"capInsets":[0,0,0,0]}},{"__type__":"cc.SpriteFrame","content":{"name":"ani_zj_08","texture":"lznn6652-cfb4-4d98-8821-84ee13eb6ddf","rect":[0,0,114,120],"offset":[0,0],"originalSize":[114,120],"capInsets":[0,0,0,0]}},{"__type__":"cc.SpriteFrame","content":{"name":"ani_zj_07","texture":"lznn311a-5adc-4ea0-988e-7c638fe8b624","rect":[2,0,128,126],"offset":[1,0],"originalSize":[130,126],"capInsets":[0,0,0,0]}},{"__type__":"cc.SpriteFrame","content":{"name":"ani_zj_01","texture":"lznne1ff-0fcd-45a3-95ef-c5fc75825c28","rect":[0,0,103,112],"offset":[0,0],"originalSize":[103,112],"capInsets":[0,0,0,0]}},{"__type__":"cc.SpriteFrame","content":{"name":"ani_zj_02","texture":"lznn1022-8cc1-4072-9887-da0d4fdc2e31","rect":[0,0,117,114],"offset":[0,0],"originalSize":[117,114],"capInsets":[0,0,0,0]}},{"__type__":"cc.SpriteFrame","content":{"name":"ani_zj_09","texture":"lznna783-aae0-44d1-ab10-1b2448b52abc","rect":[0,0,119,122],"offset":[0,0],"originalSize":[119,122],"capInsets":[0,0,0,0]}},{"__type__":"cc.AnimationClip","_name":"zhuajiAni","_duration":0.2,"speed":0.1,"curveData":{"comps":{"cc.Sprite":{"spriteFrame":[{"frame":0,"value":{"__uuid__":"lznna2ee-0ce4-4768-945f-1e0f7a593f97"}},{"frame":0.016666666666666666,"value":{"__uuid__":"lznn694f-4fe8-4d66-aa8e-b82b39a9589f"}},{"frame":0.03333333333333333,"value":{"__uuid__":"lznn6a21-0b17-4d56-bf19-5801ebf1d699"}},{"frame":0.05,"value":{"__uuid__":"lznnb72a-465b-4b2e-9d1b-1e4c2866b9c3"}},{"frame":0.06666666666666667,"value":{"__uuid__":"lznna5c9-f1a8-4185-9e3f-c0120462f491"}},{"frame":0.08333333333333333,"value":{"__uuid__":"lznn1c50-1148-41e7-8e93-b370075eceb7"}},{"frame":0.1,"value":{"__uuid__":"lznnf2c7-9b21-4870-9448-d5ada67528d3"}},{"frame":0.11666666666666667,"value":{"__uuid__":"lznn4fda-2d85-47f0-a7cc-ecd46f5b75b9"}},{"frame":0.13333333333333333,"value":{"__uuid__":"lznn4ef0-c963-4b9f-9b08-b5c8152ccfe4"}},{"frame":0.15,"value":{"__uuid__":"lznn7766-f16c-4b22-b8dc-7c3148c7c452"}},{"frame":0.16666666666666666,"value":{"__uuid__":"lznnb123-ead4-4df2-b3e4-2daf414360aa"}},{"frame":0.18333333333333332,"value":{"__uuid__":"lznn2732-1f55-48f1-acf3-e96dfd8abecc"}}]}}}},{"__type__":"cc.SpriteFrame","content":{"name":"ani_zj","texture":"lznn80a3-f1b7-4dcf-861c-167118b528ba","rect":[0,0,103,74],"offset":[0,0],"originalSize":[103,74],"capInsets":[0,0,0,0]}},{"__type__":"cc.SpriteFrame","content":{"name":"ani_zj_04","texture":"lznn5eef-2ad5-4e08-b479-9e9cc85aabc9","rect":[0,0,114,119],"offset":[0,0],"originalSize":[114,119],"capInsets":[0,0,0,0]}},{"__type__":"cc.SpriteFrame","content":{"name":"ani_zj_10","texture":"lznn727b-57e1-4246-a6bd-505f466cb995","rect":[0,0,117,123],"offset":[0,0],"originalSize":[117,123],"capInsets":[0,0,0,0]}},{"__type__":"cc.SpriteFrame","content":{"name":"ani_zj_03","texture":"lznnce6a-f47f-422b-95df-2079b589dd1b","rect":[0,0,119,122],"offset":[0,0],"originalSize":[119,122],"capInsets":[0,0,0,0]}},{"__type__":"cc.SpriteFrame","content":{"name":"ani_zj_06","texture":"lznna096-aac4-4f96-83a3-f3ef3635af04","rect":[0,0,114,120],"offset":[0,0],"originalSize":[114,120],"capInsets":[0,0,0,0]}}]