[{"__type__":"cc.SpriteFrame","content":{"name":"ani_pb_09","texture":"lznna8e9-293f-49da-b59f-e305ebad3b11","rect":[42,25,101,75],"offset":[-5.5,25.5],"originalSize":[196,176],"capInsets":[0,0,0,0]}},{"__type__":"cc.SpriteFrame","content":{"name":"ani_pb_07","texture":"lznnf598-f0da-48e6-a850-a61dee29b8b4","rect":[15,4,162,161],"offset":[-2,3.5],"originalSize":[196,176],"capInsets":[0,0,0,0]}},{"__type__":"cc.AnimationClip","_name":"pengbeiAni","_duration":0.2,"speed":0.1,"wrapMode":"0","curveData":{"comps":{"cc.Sprite":{"spriteFrame":[{"frame":0,"value":{"__uuid__":"lznn8ea3-9b4e-48f0-9bd6-5c4ea038ee45"}},{"frame":0.016666666666666666,"value":{"__uuid__":"lznnffa6-36c7-4c8e-90d7-3444776132e0"}},{"frame":0.03333333333333333,"value":{"__uuid__":"lznnd1ea-364d-46d1-9602-fbab8c533ad4"}},{"frame":0.05,"value":{"__uuid__":"lznn5faf-1620-428f-9c8d-fc0695b52bf1"}},{"frame":0.06666666666666667,"value":{"__uuid__":"lznn9d41-546e-4367-845c-c49c5b493ae4"}},{"frame":0.08333333333333333,"value":{"__uuid__":"lznne5dd-14d1-4c3b-9288-f9d5df4ecece"}},{"frame":0.1,"value":{"__uuid__":"lznn1722-3dfc-4a62-a483-fe1870a72c34"}},{"frame":0.11666666666666667,"value":{"__uuid__":"lznn878e-4a4d-4d3f-bceb-79137d565627"}},{"frame":0.13333333333333333,"value":{"__uuid__":"lznn04bb-3fed-4dbb-b0f2-5f4576ef2b97"}},{"frame":0.15,"value":{"__uuid__":"lznnd340-3ff4-4e4f-be4f-2c25df1ce753"}},{"frame":0.16666666666666666,"value":{"__uuid__":"lznn6d9e-ec9b-4ffa-af54-00d27e65ca9d"}},{"frame":0.18333333333333332,"value":{"__uuid__":"lznn9d03-6bac-405b-8df4-4171c0fcb634"}}]}}}},{"__type__":"cc.SpriteFrame","content":{"name":"ani_pb_04","texture":"lznnf576-8024-401f-9db6-28125cbc5722","rect":[38,32,119,114],"offset":[-0.5,-1],"originalSize":[196,176],"capInsets":[0,0,0,0]}},{"__type__":"cc.SpriteFrame","content":{"name":"ani_pb_11","texture":"lznn6566-1e11-4713-ae1d-9c6dd82e5834","rect":[40,21,106,85],"offset":[-5,24.5],"originalSize":[196,176],"capInsets":[0,0,0,0]}},{"__type__":"cc.SpriteFrame","content":{"name":"ani_pb_08","texture":"lznna601-8e21-4c5b-b266-3a4b3c219636","rect":[46,26,94,74],"offset":[-5,25],"originalSize":[196,176],"capInsets":[0,0,0,0]}},{"__type__":"cc.SpriteFrame","content":{"name":"ani_pb_01","texture":"lznn4a4c-7909-434b-a70f-e298a0d438b2","rect":[0,77,196,77],"offset":[0,-27.5],"originalSize":[196,176],"capInsets":[0,0,0,0]}},{"__type__":"cc.SpriteFrame","content":{"name":"ani_pb_12","texture":"lznnf65c-3561-4198-9163-bdcfe36a60e9","rect":[40,22,107,80],"offset":[-4.5,26],"originalSize":[196,176],"capInsets":[0,0,0,0]}},{"__type__":"cc.SpriteFrame","content":{"name":"ani_pb_05","texture":"lznnf1bc-1023-4b75-bf51-8b86005e2cdb","rect":[32,25,133,124],"offset":[0.5,1],"originalSize":[196,176],"capInsets":[0,0,0,0]}},{"__type__":"cc.SpriteFrame","content":{"name":"ani_pb_03","texture":"lznnc901-3182-44ca-92de-c7541f73a934","rect":[47,43,102,102],"offset":[0,-6],"originalSize":[196,176],"capInsets":[0,0,0,0]}},{"__type__":"cc.SpriteFrame","content":{"name":"ani_pb_10","texture":"lznn122e-b856-4cdd-8882-84d63c449ead","rect":[38,20,110,80],"offset":[-5,28],"originalSize":[196,176],"capInsets":[0,0,0,0]}},{"__type__":"cc.SpriteFrame","content":{"name":"ani_pb_06","texture":"lznn590d-0b18-4d92-8957-f766ce6e1924","rect":[29,21,143,130],"offset":[2.5,2],"originalSize":[196,176],"capInsets":[0,0,0,0]}},{"__type__":"cc.SpriteFrame","content":{"name":"ani_pb_02","texture":"lznnc852-73c0-4d89-a6b3-5203ae8b3f3b","rect":[45,53,106,98],"offset":[0,-14],"originalSize":[196,176],"capInsets":[0,0,0,0]}}]