[{"__type__":"cc.SpriteFrame","content":{"name":"default_btn_disabled","texture":"71VhFCTINJM6/Ky3oX9nBT","rect":[0,0,40,40],"offset":[0,0],"originalSize":[40,40],"capInsets":[12,12,12,12]}},{"__type__":"cc.SpriteFrame","content":{"name":"default_btn_pressed","texture":"b4P/PCArtIdIH38t6mlw8Y","rect":[0,0,40,40],"offset":[0,0],"originalSize":[40,40],"capInsets":[12,12,12,12]}},{"__type__":"cc.SpriteFrame","content":{"name":"img_wanfa","texture":"lznn0b5d-7975-4bd2-b24e-e8b24e1baa46","rect":[0,0,103,50],"offset":[0,0],"originalSize":[103,50],"capInsets":[0,0,0,0]}},{"__type__":"cc.SpriteFrame","content":{"name":"img_max_tc","texture":"lznn9091-f79f-4cd1-9a14-11a11e93735f","rect":[0,0,1170,724],"offset":[0,0],"originalSize":[1170,724],"capInsets":[0,0,0,0]}},{"__type__":"cc.SpriteFrame","content":{"name":"btn_gb_tc","texture":"lznn219d-8717-4e3d-b236-a6947faaa6bf","rect":[0,0,79,80],"offset":[0,0],"originalSize":[79,80],"capInsets":[0,0,0,0]}},{"__type__":"cc.SpriteFrame","content":{"name":"bg","texture":"lznn5036-8a0c-4d92-8561-c45e53fa19cc","rect":[0,0,21,63],"offset":[0,0],"originalSize":[21,63],"capInsets":[0,0,0,0]}},[{"__type__":"cc.Prefab","_name":"nn_UIGameHelp","data":{"__id__":1}},{"__type__":"cc.Node","_name":"nn_UIGameHelp","_children":[{"__id__":2},{"__id__":3},{"__id__":9}],"_components":[{"__type__":"cc.Widget","node":{"__id__":1},"alignMode":0,"_alignFlags":45},{"__type__":"cc.Button","node":{"__id__":1},"_N$normalColor":{"__type__":"cc.Color","r":214,"g":214,"b":214},"_N$target":{"__id__":1}},{"__type__":"lznnd7da-e846-46ac-8908-192ea6a5a86e","node":{"__id__":1},"JS_Name":"fzmj_BaseComponent","ZorderLv":9}],"_prefab":{"__type__":"cc.PrefabInfo","root":{"__id__":1},"asset":{"__uuid__":"lznnf2f8-9c97-45f4-b583-e780e9177062"},"fileId":"41nOmAxXtDh4g+hDFOHygG"},"_contentSize":{"__type__":"cc.Size","width":1360,"height":760},"_trs":{"__type__":"TypedArray","ctor":"Float64Array","array":[680,380,0,0,0,0,1,1,1,1]}},{"__type__":"cc.Node","_name":"bg","_parent":{"__id__":1},"_components":[{"__type__":"cc.Sprite","node":{"__id__":2},"_materials":[{"__uuid__":"ecpdLyjvZBwrvm+cedCcQy"}],"_spriteFrame":{"__uuid__":"lznn8d1f-3e0b-4b1d-ae52-c52ad188bba9"},"_type":1,"_sizeMode":0},{"__type__":"cc.Widget","node":{"__id__":2},"alignMode":0,"_alignFlags":45,"_originalWidth":1360,"_originalHeight":1020}],"_prefab":{"__type__":"cc.PrefabInfo","root":{"__id__":1},"asset":{"__uuid__":"lznnf2f8-9c97-45f4-b583-e780e9177062"},"fileId":"d6INu1vBhEl7lEcXW4H2Oa"},"_contentSize":{"__type__":"cc.Size","width":1360,"height":760},"_trs":{"__type__":"TypedArray","ctor":"Float64Array","array":[0,0,0,0,0,0,1,1,1,1]}},{"__type__":"cc.Node","_name":"sp_setting","_parent":{"__id__":1},"_children":[{"__id__":4},{"__id__":5}],"_components":[{"__type__":"cc.Sprite","node":{"__id__":3},"_materials":[{"__uuid__":"ecpdLyjvZBwrvm+cedCcQy"}],"_spriteFrame":{"__uuid__":"lznn4d1f-d232-4a17-b522-9d6f90e329d1"}}],"_prefab":{"__type__":"cc.PrefabInfo","root":{"__id__":1},"asset":{"__uuid__":"lznnf2f8-9c97-45f4-b583-e780e9177062"},"fileId":"dff+d8Hi1Ki7xfvuD36gMg"},"_contentSize":{"__type__":"cc.Size","width":1170,"height":724},"_trs":{"__type__":"TypedArray","ctor":"Float64Array","array":[0,2,0,0,0,0,1,1,1,1]}},{"__type__":"cc.Node","_name":"title","_parent":{"__id__":3},"_components":[{"__type__":"cc.Sprite","node":{"__id__":4},"_materials":[{"__uuid__":"ecpdLyjvZBwrvm+cedCcQy"}],"_spriteFrame":{"__uuid__":"lznn2eff-ca82-45a9-8642-f126b58fadb7"}}],"_prefab":{"__type__":"cc.PrefabInfo","root":{"__id__":1},"asset":{"__uuid__":"lznnf2f8-9c97-45f4-b583-e780e9177062"},"fileId":"0dyIGdjWlIu6H2513QJO66"},"_contentSize":{"__type__":"cc.Size","width":103,"height":50},"_trs":{"__type__":"TypedArray","ctor":"Float64Array","array":[0,324,0,0,0,0,1,1,1,1]}},{"__type__":"cc.Node","_name":"sv_info01","_parent":{"__id__":3},"_children":[{"__id__":6}],"_components":[{"__type__":"cc.ScrollView","node":{"__id__":5},"horizontal":false,"brake":0.75,"bounceDuration":0.23,"_N$content":{"__id__":7},"content":{"__id__":7},"_N$horizontalScrollBar":null,"_N$verticalScrollBar":null},{"__type__":"cc.Widget","node":{"__id__":5},"alignMode":0,"_alignFlags":45,"_left":23.5,"_right":17.5,"_top":113,"_bottom":-40,"_originalWidth":1250,"_originalHeight":250}],"_prefab":{"__type__":"cc.PrefabInfo","root":{"__id__":1},"asset":{"__uuid__":"lznnf2f8-9c97-45f4-b583-e780e9177062"},"fileId":"b0/YhUn5JLDYVM3MWT29pE"},"_contentSize":{"__type__":"cc.Size","width":1129,"height":651},"_anchorPoint":{"__type__":"cc.Vec2","x":0.5,"y":1},"_trs":{"__type__":"TypedArray","ctor":"Float64Array","array":[3,249,0,0,0,0,1,1,1,1]}},{"__type__":"cc.Node","_name":"view","_parent":{"__id__":5},"_children":[{"__id__":7}],"_components":[{"__type__":"cc.Mask","node":{"__id__":6},"_materials":[{"__uuid__":"ecpdLyjvZBwrvm+cedCcQy"}],"_N$alphaThreshold":1},{"__type__":"cc.Widget","node":{"__id__":6},"alignMode":0,"_alignFlags":45,"_top":7,"_bottom":64,"_originalWidth":1280,"_originalHeight":250}],"_prefab":{"__type__":"cc.PrefabInfo","root":{"__id__":1},"asset":{"__uuid__":"lznnf2f8-9c97-45f4-b583-e780e9177062"},"fileId":"f1UbSq5VRJWqRmIk2w7VXv"},"_contentSize":{"__type__":"cc.Size","width":1129,"height":580},"_anchorPoint":{"__type__":"cc.Vec2","x":0.5,"y":1},"_trs":{"__type__":"TypedArray","ctor":"Float64Array","array":[0,-7,0,0,0,0,1,1,1,1]}},{"__type__":"cc.Node","_name":"content","_parent":{"__id__":6},"_children":[{"__id__":8}],"_components":[{"__type__":"cc.Widget","node":{"__id__":7},"alignMode":0,"_alignFlags":41,"_originalWidth":220},{"__type__":"cc.Layout","node":{"__id__":7},"_layoutSize":{"__type__":"cc.Size","width":1129,"height":2110.4},"_resize":1,"_N$layoutType":2,"_N$paddingTop":10,"_N$paddingBottom":50}],"_prefab":{"__type__":"cc.PrefabInfo","root":{"__id__":1},"asset":{"__uuid__":"lznnf2f8-9c97-45f4-b583-e780e9177062"},"fileId":"1ab/eKFRtJzqlouQhY+8SO"},"_contentSize":{"__type__":"cc.Size","width":1129,"height":2110.4},"_anchorPoint":{"__type__":"cc.Vec2","x":0.5,"y":1},"_trs":{"__type__":"TypedArray","ctor":"Float64Array","array":[0,0,0,0,0,0,1,1,1,1]}},{"__type__":"cc.Node","_name":"lb_01","_parent":{"__id__":7},"_components":[{"__type__":"cc.Label","node":{"__id__":8},"_materials":[{"__uuid__":"ecpdLyjvZBwrvm+cedCcQy"}],"_useOriginalSize":false,"_string":"【游戏玩法】\n        游戏人数：2~4人；\n        游戏用牌：万、筒、条、东、南、西、北、中、发、白共计136张牌;\n        留牌：留牌10墩，即20张牌；\n        荒庄：最后1张牌摸完后没有胡牌则为荒庄，荒庄时，拿到最后一张牌的玩家做庄选;\n        庄家：第一局由坐庄由房主为庄家，之后由胡牌的玩家为庄家；一炮多响，则放炮者做庄；\n\n【操作规则】\n        发牌：根据两粒骰子之和从庄家逆时针数起计算拿牌方位，根据两个骰子中最小的点数顺时针数起来选择起牌位置，并由庄家开始起牌；\n        拿牌：庄家初始化获得14张牌，闲家13张；游戏中的游戏事件有吃牌、碰牌、杠牌、胡牌构成；\n        出牌：由庄家出第一张手牌后，游戏开始，大家轮流补牌，打牌，直到胡牌;\n        吃牌：只可以吃上家打出的牌；\n        碰牌：任何一家打出一张牌时，有一家的手上的牌有一对时，可以进行碰牌操作;\n        杠牌：任何一家打出一张牌时，有一家的手上的牌有三张同样的牌时，可以进行杠牌操作；杠牌方式有 暗杠、明杠、补杠;\n        上火：在游戏开始后，发牌前，玩家可选择是否上火，上火后即本局的牌型分数要相应翻一倍；玩家已选择上火，则上火状态持续4局；\n        飘分：每局游戏开始后，所有玩家选择完上火与否后，进行飘分选择不飘、飘1分或2分；飘分的玩家在结算时可多赢/输底分的1倍或2倍；\n\n【胡牌类型】\n        和牌要求：通过摸牌、碰、杠牌等方式，使手中的牌按照相关规定的牌型条件和牌；\n        漏胡：如果玩家漏掉炮胡，则该玩家摸牌前禁止炮胡；\n        顺子：所谓的顺子，是由三张连续的数字所组成，例如《一万-二万-三万》;\n        刻子：而所谓的刻子则是有三张相同的牌所组成（也算顺子）;\n        杠子：为四张相同的牌;\n        将牌：为二张相同的牌做头;\n\n基本胡牌牌型：\n        1)        11，123，123，123，123；\n        2)        11，123，123，123，111；\n        3)        11，123，123，111，111；\n        4)        11，123，111，111，111；\n\n【计分规则】\n        牌型分：自摸三家出分，点炮则只点炮者出自己的分；\n        平胡：1分；\n        七对：5分；每个豪华*2；即豪华七对10分；双豪华20分；三豪华40分；\n        碰碰胡：3分；\n        十三烂：2分；\n        七星十三烂：4分；\n        清一色、字一色：牌型分+4分；\n        抢杠胡：算自摸，被抢杠玩家出三家分，其他玩家不出分；\n        天胡：算庄家自摸，固定10分，不与其他牌型叠加；\n        地胡：算庄家点炮，固定10分，不与其他牌型叠加；\n        全求人：牌型分*2；\n        杠分：荒庄也算；明杠：2分，由点杠者支付；补杠：3分，其他三家每家付1分；暗杠：6分，其他三家每家付2分；","_N$string":"【游戏玩法】\n        游戏人数：2~4人；\n        游戏用牌：万、筒、条、东、南、西、北、中、发、白共计136张牌;\n        留牌：留牌10墩，即20张牌；\n        荒庄：最后1张牌摸完后没有胡牌则为荒庄，荒庄时，拿到最后一张牌的玩家做庄选;\n        庄家：第一局由坐庄由房主为庄家，之后由胡牌的玩家为庄家；一炮多响，则放炮者做庄；\n\n【操作规则】\n        发牌：根据两粒骰子之和从庄家逆时针数起计算拿牌方位，根据两个骰子中最小的点数顺时针数起来选择起牌位置，并由庄家开始起牌；\n        拿牌：庄家初始化获得14张牌，闲家13张；游戏中的游戏事件有吃牌、碰牌、杠牌、胡牌构成；\n        出牌：由庄家出第一张手牌后，游戏开始，大家轮流补牌，打牌，直到胡牌;\n        吃牌：只可以吃上家打出的牌；\n        碰牌：任何一家打出一张牌时，有一家的手上的牌有一对时，可以进行碰牌操作;\n        杠牌：任何一家打出一张牌时，有一家的手上的牌有三张同样的牌时，可以进行杠牌操作；杠牌方式有 暗杠、明杠、补杠;\n        上火：在游戏开始后，发牌前，玩家可选择是否上火，上火后即本局的牌型分数要相应翻一倍；玩家已选择上火，则上火状态持续4局；\n        飘分：每局游戏开始后，所有玩家选择完上火与否后，进行飘分选择不飘、飘1分或2分；飘分的玩家在结算时可多赢/输底分的1倍或2倍；\n\n【胡牌类型】\n        和牌要求：通过摸牌、碰、杠牌等方式，使手中的牌按照相关规定的牌型条件和牌；\n        漏胡：如果玩家漏掉炮胡，则该玩家摸牌前禁止炮胡；\n        顺子：所谓的顺子，是由三张连续的数字所组成，例如《一万-二万-三万》;\n        刻子：而所谓的刻子则是有三张相同的牌所组成（也算顺子）;\n        杠子：为四张相同的牌;\n        将牌：为二张相同的牌做头;\n\n基本胡牌牌型：\n        1)        11，123，123，123，123；\n        2)        11，123，123，123，111；\n        3)        11，123，123，111，111；\n        4)        11，123，111，111，111；\n\n【计分规则】\n        牌型分：自摸三家出分，点炮则只点炮者出自己的分；\n        平胡：1分；\n        七对：5分；每个豪华*2；即豪华七对10分；双豪华20分；三豪华40分；\n        碰碰胡：3分；\n        十三烂：2分；\n        七星十三烂：4分；\n        清一色、字一色：牌型分+4分；\n        抢杠胡：算自摸，被抢杠玩家出三家分，其他玩家不出分；\n        天胡：算庄家自摸，固定10分，不与其他牌型叠加；\n        地胡：算庄家点炮，固定10分，不与其他牌型叠加；\n        全求人：牌型分*2；\n        杠分：荒庄也算；明杠：2分，由点杠者支付；补杠：3分，其他三家每家付1分；暗杠：6分，其他三家每家付2分；","_fontSize":26,"_N$verticalAlign":1,"_N$overflow":3}],"_prefab":{"__type__":"cc.PrefabInfo","root":{"__id__":1},"asset":{"__uuid__":"lznnf2f8-9c97-45f4-b583-e780e9177062"},"fileId":"69rwR7vn9Dt4ZyPMZcqGoT"},"_color":{"__type__":"cc.Color","r":161,"g":89,"b":28},"_contentSize":{"__type__":"cc.Size","width":1055,"height":2050.4},"_anchorPoint":{"__type__":"cc.Vec2","x":0.5,"y":1},"_trs":{"__type__":"TypedArray","ctor":"Float64Array","array":[0,-10,0,0,0,0,1,1,1,1]}},{"__type__":"cc.Node","_name":"btn_close","_parent":{"__id__":1},"_components":[{"__type__":"cc.Button","node":{"__id__":9},"zoomScale":0.9,"clickEvents":[{"__type__":"cc.ClickEvent","target":{"__id__":1},"_componentId":"lznnd7da-e846-46ac-8908-192ea6a5a86e","handler":"OnClick_Close"}],"_N$transition":3,"transition":3,"_N$pressedColor":{"__type__":"cc.Color","r":255,"g":255,"b":255},"pressedColor":{"__type__":"cc.Color","r":255,"g":255,"b":255},"_N$disabledColor":{"__type__":"cc.Color","r":255,"g":255,"b":255},"_N$pressedSprite":{"__uuid__":"e97GVMl6JHh5Ml5qEDdSGa"},"pressedSprite":{"__uuid__":"e97GVMl6JHh5Ml5qEDdSGa"},"_N$hoverSprite":{"__uuid__":"e97GVMl6JHh5Ml5qEDdSGa"},"hoverSprite":{"__uuid__":"e97GVMl6JHh5Ml5qEDdSGa"},"_N$disabledSprite":{"__uuid__":"29FYIk+N1GYaeWH/q1NxQO"},"_N$target":{"__id__":9}},{"__type__":"cc.Sprite","node":{"__id__":9},"_materials":[{"__uuid__":"ecpdLyjvZBwrvm+cedCcQy"}],"_spriteFrame":{"__uuid__":"lznn6b34-2dae-4643-843b-468d7c7f590a"}}],"_prefab":{"__type__":"cc.PrefabInfo","root":{"__id__":1},"asset":{"__uuid__":"lznnf2f8-9c97-45f4-b583-e780e9177062"},"fileId":"fe6ChnafBOuYjQS9iY1tHk"},"_contentSize":{"__type__":"cc.Size","width":79,"height":80},"_trs":{"__type__":"TypedArray","ctor":"Float64Array","array":[559.1,310.9,0,0,0,0,1,1,1,1]}}]]