{"__type__":"sp.SkeletonData","_name":"sp_effect_cys","_skeletonJson":{"skeleton":{"hash":"5skalGDiV0b2OhiM7phmyRglQyk","spine":"3.6.53","width":0,"height":0,"images":"./sp_effect_cys_ReversePic/"},"bones":[{"name":"root"},{"name":"Zi","parent":"root","x":5.19,"y":20.18},{"name":"bake","parent":"root","y":86.78},{"name":"di_base1","parent":"root","rotation":90,"y":-17.23},{"name":"di_base2","parent":"root","length":60,"rotation":90,"y":-17.23},{"name":"di_base3","parent":"root","length":60,"rotation":90,"y":134.69},{"name":"di_ci1","parent":"root","length":105.87,"rotation":161.21,"x":-132.32,"y":89.01},{"name":"di_ci2","parent":"root","length":82.82,"rotation":28.07,"x":128.68,"y":88.31},{"name":"di_light","parent":"root","y":61.87},{"name":"fire","parent":"root","x":-8.53,"y":-63.99},{"name":"fire2","parent":"root","x":-8.53,"y":-63.99},{"name":"fire3","parent":"root","x":-8.53,"y":-63.99},{"name":"fire4","parent":"root","x":-8.53,"y":-63.99},{"name":"fire5","parent":"root","x":-8.53,"y":-63.99},{"name":"fire6","parent":"root","x":-8.53,"y":-63.99},{"name":"fire7","parent":"root","x":-8.53,"y":-63.99},{"name":"fire8","parent":"root","x":-8.53,"y":-63.99},{"name":"fire9","parent":"root","x":-8.53,"y":-63.99},{"name":"fire10","parent":"root","x":-8.53,"y":-63.99},{"name":"fire11","parent":"root","x":-8.53,"y":-63.99},{"name":"fire12","parent":"root","x":-8.53,"y":-63.99},{"name":"fire13","parent":"root","x":-8.53,"y":-63.99},{"name":"fire14","parent":"root","x":-8.53,"y":-63.99},{"name":"fire15","parent":"root","x":-8.53,"y":-63.99},{"name":"lg","parent":"root","x":1.3,"y":133.84,"scaleX":2,"scaleY":2},{"name":"point","parent":"root"},{"name":"point2","parent":"root"},{"name":"point3","parent":"root"},{"name":"point4","parent":"root"},{"name":"point5","parent":"root"},{"name":"point7","parent":"root"},{"name":"point8","parent":"root"},{"name":"point9","parent":"root"},{"name":"sg1","parent":"root","x":171.71,"y":112.21,"scaleX":2,"scaleY":2},{"name":"sg2","parent":"root","scaleX":2,"scaleY":2},{"name":"sg3","parent":"root","x":171.71,"y":112.21,"scaleX":2,"scaleY":2},{"name":"shadow","parent":"root","x":10.07,"y":-19.86},{"name":"shizi","parent":"root","x":-12.78,"y":-22.94},{"name":"zi1","parent":"Zi","x":-102.21,"y":-11.06},{"name":"zi2","parent":"Zi","x":5.89,"y":-13.42},{"name":"zi3","parent":"Zi","x":115.84,"y":-11.83},{"name":"zi4","parent":"Zi","x":-102.21,"y":-11.06},{"name":"zi5","parent":"Zi","x":5.89,"y":-13.42},{"name":"zi6","parent":"Zi","x":115.84,"y":-11.83}],"slots":[{"name":"di_light","bone":"di_light"},{"name":"di_base1","bone":"di_base1"},{"name":"di_base2","bone":"di_base2"},{"name":"di_base3","bone":"di_base3"},{"name":"di_ci2","bone":"di_ci2"},{"name":"di_ci1","bone":"di_ci1"},{"name":"sg1/sg1","bone":"sg1","blend":"additive"},{"name":"sg1/sg2","bone":"sg3","blend":"additive"},{"name":"bake","bone":"bake"},{"name":"shadow","bone":"shadow"},{"name":"shizi","bone":"shizi"},{"name":"fire/fire","bone":"fire","blend":"additive"},{"name":"fire/fire7","bone":"fire7","blend":"additive"},{"name":"fire/fire2","bone":"fire2","blend":"additive"},{"name":"fire/fire3","bone":"fire3","blend":"additive"},{"name":"fire/fire6","bone":"fire6","blend":"additive"},{"name":"fire/fire14","bone":"fire14","blend":"additive"},{"name":"fire/fire15","bone":"fire15","blend":"additive"},{"name":"fire/fire4","bone":"fire4","blend":"additive"},{"name":"fire/fire8","bone":"fire8","blend":"additive"},{"name":"fire/fire5","bone":"fire5","blend":"additive"},{"name":"fire/fire9","bone":"fire9","blend":"additive"},{"name":"fire/fire10","bone":"fire10","blend":"additive"},{"name":"fire/fire11","bone":"fire11","blend":"additive"},{"name":"fire/fire12","bone":"fire12","blend":"additive"},{"name":"fire/fire13","bone":"fire13","blend":"additive"},{"name":"lg/lg","bone":"lg","blend":"additive"},{"name":"zi_3","bone":"zi3"},{"name":"zi_6","bone":"zi6","blend":"additive"},{"name":"zi_1","bone":"zi1"},{"name":"zi_4","bone":"zi4","blend":"additive"},{"name":"zi_2","bone":"zi2"},{"name":"zi_5","bone":"zi5","blend":"additive"},{"name":"sg2/sg2","bone":"sg2","blend":"additive"},{"name":"point","bone":"point","blend":"additive"},{"name":"point4","bone":"point4","blend":"additive"},{"name":"point7","bone":"point7","blend":"additive"},{"name":"point8","bone":"point8","blend":"additive"},{"name":"point9","bone":"point9","blend":"additive"},{"name":"point5","bone":"point5","blend":"additive"},{"name":"point2","bone":"point2","blend":"additive"},{"name":"point3","bone":"point3","blend":"additive"}],"skins":{"default":{"bake":{"bake":{"x":0.36,"y":63.83,"width":276,"height":223}},"di_base1":{"di_base1":{"x":46.84,"y":-7.21,"rotation":-90,"width":416,"height":223}},"di_base2":{"di_base2":{"x":63.84,"y":-10.36,"rotation":-90,"width":255,"height":265}},"di_base3":{"di_base3":{"x":56.92,"y":-1.36,"rotation":-90,"width":167,"height":121}},"di_ci1":{"di_ci1":{"x":67.78,"y":-13.49,"rotation":-161.21,"width":122,"height":124}},"di_ci2":{"di_ci2":{"x":71.88,"y":-7.96,"rotation":-28.07,"width":122,"height":123}},"di_light":{"light":{"scaleX":2,"scaleY":2,"width":235,"height":238}},"fire/fire":{"fire/fire_00000":{"x":8.53,"y":63.99,"width":77,"height":117},"fire/fire_00003":{"x":8.53,"y":63.99,"width":77,"height":117},"fire/fire_00006":{"x":8.53,"y":63.99,"width":77,"height":117},"fire/fire_00009":{"x":8.53,"y":63.99,"width":77,"height":117},"fire/fire_00012":{"x":8.53,"y":63.99,"width":77,"height":117},"fire/fire_00015":{"x":8.53,"y":63.99,"width":77,"height":117},"fire/fire_00018":{"x":8.53,"y":63.99,"width":77,"height":117},"fire/fire_00021":{"x":8.53,"y":63.99,"width":77,"height":117},"fire/fire_00024":{"x":8.53,"y":63.99,"width":77,"height":117},"fire/fire_00027":{"x":8.53,"y":63.99,"width":77,"height":117}},"fire/fire10":{"fire/fire_00000":{"x":8.53,"y":63.99,"width":77,"height":117},"fire/fire_00003":{"x":8.53,"y":63.99,"width":77,"height":117},"fire/fire_00006":{"x":8.53,"y":63.99,"width":77,"height":117},"fire/fire_00009":{"x":8.53,"y":63.99,"width":77,"height":117},"fire/fire_00012":{"x":8.53,"y":63.99,"width":77,"height":117},"fire/fire_00015":{"x":8.53,"y":63.99,"width":77,"height":117},"fire/fire_00018":{"x":8.53,"y":63.99,"width":77,"height":117},"fire/fire_00021":{"x":8.53,"y":63.99,"width":77,"height":117},"fire/fire_00024":{"x":8.53,"y":63.99,"width":77,"height":117},"fire/fire_00027":{"x":8.53,"y":63.99,"width":77,"height":117}},"fire/fire11":{"fire/fire_00000":{"x":8.53,"y":63.99,"width":77,"height":117},"fire/fire_00003":{"x":8.53,"y":63.99,"width":77,"height":117},"fire/fire_00006":{"x":8.53,"y":63.99,"width":77,"height":117},"fire/fire_00009":{"x":8.53,"y":63.99,"width":77,"height":117},"fire/fire_00012":{"x":8.53,"y":63.99,"width":77,"height":117},"fire/fire_00015":{"x":8.53,"y":63.99,"width":77,"height":117},"fire/fire_00018":{"x":8.53,"y":63.99,"width":77,"height":117},"fire/fire_00021":{"x":8.53,"y":63.99,"width":77,"height":117},"fire/fire_00024":{"x":8.53,"y":63.99,"width":77,"height":117},"fire/fire_00027":{"x":8.53,"y":63.99,"width":77,"height":117}},"fire/fire12":{"fire/fire_00000":{"x":8.53,"y":63.99,"width":77,"height":117},"fire/fire_00003":{"x":8.53,"y":63.99,"width":77,"height":117},"fire/fire_00006":{"x":8.53,"y":63.99,"width":77,"height":117},"fire/fire_00009":{"x":8.53,"y":63.99,"width":77,"height":117},"fire/fire_00012":{"x":8.53,"y":63.99,"width":77,"height":117},"fire/fire_00015":{"x":8.53,"y":63.99,"width":77,"height":117},"fire/fire_00018":{"x":8.53,"y":63.99,"width":77,"height":117},"fire/fire_00021":{"x":8.53,"y":63.99,"width":77,"height":117},"fire/fire_00024":{"x":8.53,"y":63.99,"width":77,"height":117},"fire/fire_00027":{"x":8.53,"y":63.99,"width":77,"height":117}},"fire/fire13":{"fire/fire_00000":{"x":8.53,"y":63.99,"width":77,"height":117},"fire/fire_00003":{"x":8.53,"y":63.99,"width":77,"height":117},"fire/fire_00006":{"x":8.53,"y":63.99,"width":77,"height":117},"fire/fire_00009":{"x":8.53,"y":63.99,"width":77,"height":117},"fire/fire_00012":{"x":8.53,"y":63.99,"width":77,"height":117},"fire/fire_00015":{"x":8.53,"y":63.99,"width":77,"height":117},"fire/fire_00018":{"x":8.53,"y":63.99,"width":77,"height":117},"fire/fire_00021":{"x":8.53,"y":63.99,"width":77,"height":117},"fire/fire_00024":{"x":8.53,"y":63.99,"width":77,"height":117},"fire/fire_00027":{"x":8.53,"y":63.99,"width":77,"height":117}},"fire/fire14":{"fire/fire_00000":{"x":8.53,"y":63.99,"width":77,"height":117},"fire/fire_00003":{"x":8.53,"y":63.99,"width":77,"height":117},"fire/fire_00006":{"x":8.53,"y":63.99,"width":77,"height":117},"fire/fire_00009":{"x":8.53,"y":63.99,"width":77,"height":117},"fire/fire_00012":{"x":8.53,"y":63.99,"width":77,"height":117},"fire/fire_00015":{"x":8.53,"y":63.99,"width":77,"height":117},"fire/fire_00018":{"x":8.53,"y":63.99,"width":77,"height":117},"fire/fire_00021":{"x":8.53,"y":63.99,"width":77,"height":117},"fire/fire_00024":{"x":8.53,"y":63.99,"width":77,"height":117},"fire/fire_00027":{"x":8.53,"y":63.99,"width":77,"height":117}},"fire/fire15":{"fire/fire_00000":{"x":8.53,"y":63.99,"width":77,"height":117},"fire/fire_00003":{"x":8.53,"y":63.99,"width":77,"height":117},"fire/fire_00006":{"x":8.53,"y":63.99,"width":77,"height":117},"fire/fire_00009":{"x":8.53,"y":63.99,"width":77,"height":117},"fire/fire_00012":{"x":8.53,"y":63.99,"width":77,"height":117},"fire/fire_00015":{"x":8.53,"y":63.99,"width":77,"height":117},"fire/fire_00018":{"x":8.53,"y":63.99,"width":77,"height":117},"fire/fire_00021":{"x":8.53,"y":63.99,"width":77,"height":117},"fire/fire_00024":{"x":8.53,"y":63.99,"width":77,"height":117},"fire/fire_00027":{"x":8.53,"y":63.99,"width":77,"height":117}},"fire/fire2":{"fire/fire_00000":{"x":8.53,"y":63.99,"width":77,"height":117},"fire/fire_00003":{"x":8.53,"y":63.99,"width":77,"height":117},"fire/fire_00006":{"x":8.53,"y":63.99,"width":77,"height":117},"fire/fire_00009":{"x":8.53,"y":63.99,"width":77,"height":117},"fire/fire_00012":{"x":8.53,"y":63.99,"width":77,"height":117},"fire/fire_00015":{"x":8.53,"y":63.99,"width":77,"height":117},"fire/fire_00018":{"x":8.53,"y":63.99,"width":77,"height":117},"fire/fire_00021":{"x":8.53,"y":63.99,"width":77,"height":117},"fire/fire_00024":{"x":8.53,"y":63.99,"width":77,"height":117},"fire/fire_00027":{"x":8.53,"y":63.99,"width":77,"height":117}},"fire/fire3":{"fire/fire_00000":{"x":8.53,"y":63.99,"width":77,"height":117},"fire/fire_00003":{"x":8.53,"y":63.99,"width":77,"height":117},"fire/fire_00006":{"x":8.53,"y":63.99,"width":77,"height":117},"fire/fire_00009":{"x":8.53,"y":63.99,"width":77,"height":117},"fire/fire_00012":{"x":8.53,"y":63.99,"width":77,"height":117},"fire/fire_00015":{"x":8.53,"y":63.99,"width":77,"height":117},"fire/fire_00018":{"x":8.53,"y":63.99,"width":77,"height":117},"fire/fire_00021":{"x":8.53,"y":63.99,"width":77,"height":117},"fire/fire_00024":{"x":8.53,"y":63.99,"width":77,"height":117},"fire/fire_00027":{"x":8.53,"y":63.99,"width":77,"height":117}},"fire/fire4":{"fire/fire_00000":{"x":8.53,"y":63.99,"width":77,"height":117},"fire/fire_00003":{"x":8.53,"y":63.99,"width":77,"height":117},"fire/fire_00006":{"x":8.53,"y":63.99,"width":77,"height":117},"fire/fire_00009":{"x":8.53,"y":63.99,"width":77,"height":117},"fire/fire_00012":{"x":8.53,"y":63.99,"width":77,"height":117},"fire/fire_00015":{"x":8.53,"y":63.99,"width":77,"height":117},"fire/fire_00018":{"x":8.53,"y":63.99,"width":77,"height":117},"fire/fire_00021":{"x":8.53,"y":63.99,"width":77,"height":117},"fire/fire_00024":{"x":8.53,"y":63.99,"width":77,"height":117},"fire/fire_00027":{"x":8.53,"y":63.99,"width":77,"height":117}},"fire/fire5":{"fire/fire_00000":{"x":8.53,"y":63.99,"width":77,"height":117},"fire/fire_00003":{"x":8.53,"y":63.99,"width":77,"height":117},"fire/fire_00006":{"x":8.53,"y":63.99,"width":77,"height":117},"fire/fire_00009":{"x":8.53,"y":63.99,"width":77,"height":117},"fire/fire_00012":{"x":8.53,"y":63.99,"width":77,"height":117},"fire/fire_00015":{"x":8.53,"y":63.99,"width":77,"height":117},"fire/fire_00018":{"x":8.53,"y":63.99,"width":77,"height":117},"fire/fire_00021":{"x":8.53,"y":63.99,"width":77,"height":117},"fire/fire_00024":{"x":8.53,"y":63.99,"width":77,"height":117},"fire/fire_00027":{"x":8.53,"y":63.99,"width":77,"height":117}},"fire/fire6":{"fire/fire_00000":{"x":8.53,"y":63.99,"width":77,"height":117},"fire/fire_00003":{"x":8.53,"y":63.99,"width":77,"height":117},"fire/fire_00006":{"x":8.53,"y":63.99,"width":77,"height":117},"fire/fire_00009":{"x":8.53,"y":63.99,"width":77,"height":117},"fire/fire_00012":{"x":8.53,"y":63.99,"width":77,"height":117},"fire/fire_00015":{"x":8.53,"y":63.99,"width":77,"height":117},"fire/fire_00018":{"x":8.53,"y":63.99,"width":77,"height":117},"fire/fire_00021":{"x":8.53,"y":63.99,"width":77,"height":117},"fire/fire_00024":{"x":8.53,"y":63.99,"width":77,"height":117},"fire/fire_00027":{"x":8.53,"y":63.99,"width":77,"height":117}},"fire/fire7":{"fire/fire_00000":{"x":8.53,"y":63.99,"width":77,"height":117},"fire/fire_00003":{"x":8.53,"y":63.99,"width":77,"height":117},"fire/fire_00006":{"x":8.53,"y":63.99,"width":77,"height":117},"fire/fire_00009":{"x":8.53,"y":63.99,"width":77,"height":117},"fire/fire_00012":{"x":8.53,"y":63.99,"width":77,"height":117},"fire/fire_00015":{"x":8.53,"y":63.99,"width":77,"height":117},"fire/fire_00018":{"x":8.53,"y":63.99,"width":77,"height":117},"fire/fire_00021":{"x":8.53,"y":63.99,"width":77,"height":117},"fire/fire_00024":{"x":8.53,"y":63.99,"width":77,"height":117},"fire/fire_00027":{"x":8.53,"y":63.99,"width":77,"height":117}},"fire/fire8":{"fire/fire_00000":{"x":8.53,"y":63.99,"width":77,"height":117},"fire/fire_00003":{"x":8.53,"y":63.99,"width":77,"height":117},"fire/fire_00006":{"x":8.53,"y":63.99,"width":77,"height":117},"fire/fire_00009":{"x":8.53,"y":63.99,"width":77,"height":117},"fire/fire_00012":{"x":8.53,"y":63.99,"width":77,"height":117},"fire/fire_00015":{"x":8.53,"y":63.99,"width":77,"height":117},"fire/fire_00018":{"x":8.53,"y":63.99,"width":77,"height":117},"fire/fire_00021":{"x":8.53,"y":63.99,"width":77,"height":117},"fire/fire_00024":{"x":8.53,"y":63.99,"width":77,"height":117},"fire/fire_00027":{"x":8.53,"y":63.99,"width":77,"height":117}},"fire/fire9":{"fire/fire_00000":{"x":8.53,"y":63.99,"width":77,"height":117},"fire/fire_00003":{"x":8.53,"y":63.99,"width":77,"height":117},"fire/fire_00006":{"x":8.53,"y":63.99,"width":77,"height":117},"fire/fire_00009":{"x":8.53,"y":63.99,"width":77,"height":117},"fire/fire_00012":{"x":8.53,"y":63.99,"width":77,"height":117},"fire/fire_00015":{"x":8.53,"y":63.99,"width":77,"height":117},"fire/fire_00018":{"x":8.53,"y":63.99,"width":77,"height":117},"fire/fire_00021":{"x":8.53,"y":63.99,"width":77,"height":117},"fire/fire_00024":{"x":8.53,"y":63.99,"width":77,"height":117},"fire/fire_00027":{"x":8.53,"y":63.99,"width":77,"height":117}},"lg/lg":{"lg/lg_00000":{"y":0.5,"width":139,"height":121},"lg/lg_00003":{"y":0.5,"width":139,"height":121},"lg/lg_00006":{"y":0.5,"width":139,"height":121},"lg/lg_00009":{"y":0.5,"width":139,"height":121},"lg/lg_00012":{"y":0.5,"width":139,"height":121},"lg/lg_00015":{"y":0.5,"width":139,"height":121},"lg/lg_00018":{"y":0.5,"width":139,"height":121},"lg/lg_00021":{"y":0.5,"width":139,"height":121},"lg/lg_00024":{"y":0.5,"width":139,"height":121},"lg/lg_00027":{"y":0.5,"width":139,"height":121}},"point":{"point":{"width":80,"height":80}},"point2":{"point":{"width":80,"height":80}},"point3":{"point":{"width":80,"height":80}},"point4":{"point":{"width":80,"height":80}},"point5":{"point":{"width":80,"height":80}},"point7":{"point":{"width":80,"height":80}},"point8":{"point":{"width":80,"height":80}},"point9":{"point":{"width":80,"height":80}},"sg1/sg1":{"sg1/sg1_00000":{"x":0.5,"width":65,"height":66},"sg1/sg1_00002":{"x":0.5,"width":65,"height":66},"sg1/sg1_00004":{"x":0.5,"width":65,"height":66},"sg1/sg1_00006":{"x":0.5,"width":65,"height":66},"sg1/sg1_00008":{"x":0.5,"width":65,"height":66},"sg1/sg1_00010":{"x":0.5,"width":65,"height":66},"sg1/sg1_00012":{"x":0.5,"width":65,"height":66},"sg1/sg1_00014":{"x":0.5,"width":65,"height":66},"sg1/sg1_00016":{"x":0.5,"width":65,"height":66},"sg1/sg1_00018":{"x":0.5,"width":65,"height":66},"sg1/sg1_00020":{"x":0.5,"width":65,"height":66}},"sg1/sg2":{"sg1/sg1_00000":{"x":0.5,"width":65,"height":66},"sg1/sg1_00002":{"x":0.5,"width":65,"height":66},"sg1/sg1_00004":{"x":0.5,"width":65,"height":66},"sg1/sg1_00006":{"x":0.5,"width":65,"height":66},"sg1/sg1_00008":{"x":0.5,"width":65,"height":66},"sg1/sg1_00010":{"x":0.5,"width":65,"height":66},"sg1/sg1_00012":{"x":0.5,"width":65,"height":66},"sg1/sg1_00014":{"x":0.5,"width":65,"height":66},"sg1/sg1_00016":{"x":0.5,"width":65,"height":66},"sg1/sg1_00018":{"x":0.5,"width":65,"height":66},"sg1/sg1_00020":{"x":0.5,"width":65,"height":66}},"sg2/sg2":{"sg2/sg2_00000":{"width":147,"height":59},"sg2/sg2_00002":{"width":147,"height":59},"sg2/sg2_00004":{"width":147,"height":59},"sg2/sg2_00006":{"width":147,"height":59},"sg2/sg2_00008":{"width":147,"height":59},"sg2/sg2_00010":{"width":147,"height":59},"sg2/sg2_00012":{"width":147,"height":59},"sg2/sg2_00014":{"width":147,"height":59},"sg2/sg2_00016":{"width":147,"height":59},"sg2/sg2_00018":{"width":147,"height":59},"sg2/sg2_00020":{"width":147,"height":59}},"shadow":{"shadow":{"width":171,"height":54}},"shizi":{"shizi":{"x":15.14,"y":152.05,"width":266,"height":250}},"zi_1":{"zi_1":{"x":-6.12,"y":1.99,"width":96,"height":98}},"zi_2":{"zi_2":{"x":-1.23,"y":-3.65,"width":98,"height":26}},"zi_3":{"zi_3":{"x":-0.67,"y":5.26,"width":97,"height":97}},"zi_4":{"zi_1":{"x":-6.12,"y":1.99,"width":96,"height":98}},"zi_5":{"zi_2":{"x":-1.23,"y":-3.65,"width":98,"height":26}},"zi_6":{"zi_3":{"x":-0.67,"y":5.26,"width":97,"height":97}}}},"animations":{"animation":{"slots":{"bake":{"color":[{"time":0.3,"color":"ffffff7a"},{"time":0.3667,"color":"ffffffff"}],"attachment":[{"time":0.3,"name":"bake"}]},"di_base1":{"color":[{"time":0.2333,"color":"ffffff7a"},{"time":0.3333,"color":"ffffffff"}],"attachment":[{"time":0.2333,"name":"di_base1"}]},"di_base2":{"color":[{"time":0,"color":"ffffff54"},{"time":0.1667,"color":"ffffffff"}],"attachment":[{"time":0,"name":"di_base2"}]},"di_base3":{"attachment":[{"time":0.4333,"name":"di_base3"}]},"di_ci1":{"color":[{"time":0.4667,"color":"ffffff7c"},{"time":0.6333,"color":"ffffffff"}],"attachment":[{"time":0.4667,"name":"di_ci1"}]},"di_ci2":{"color":[{"time":0.4333,"color":"ffffff6d"},{"time":0.6,"color":"ffffffff"}],"attachment":[{"time":0.4333,"name":"di_ci2"}]},"di_light":{"color":[{"time":0,"color":"ffffff39"},{"time":0.1667,"color":"ffffffff"}],"attachment":[{"time":0,"name":"light"}]},"fire/fire":{"attachment":[{"time":0.3333,"name":"fire/fire_00000"},{"time":0.4333,"name":"fire/fire_00003"},{"time":0.5333,"name":"fire/fire_00006"},{"time":0.6333,"name":"fire/fire_00009"},{"time":0.7333,"name":"fire/fire_00012"},{"time":0.8333,"name":"fire/fire_00015"},{"time":0.9333,"name":"fire/fire_00018"},{"time":1.0333,"name":"fire/fire_00021"},{"time":1.1333,"name":"fire/fire_00024"},{"time":1.2333,"name":"fire/fire_00027"},{"time":1.3333,"name":"fire/fire_00000"},{"time":1.4333,"name":"fire/fire_00003"},{"time":1.5333,"name":"fire/fire_00006"},{"time":1.6333,"name":"fire/fire_00009"},{"time":1.7333,"name":"fire/fire_00012"},{"time":1.8333,"name":"fire/fire_00015"},{"time":1.9333,"name":"fire/fire_00018"},{"time":2.0333,"name":"fire/fire_00021"},{"time":2.1333,"name":"fire/fire_00024"},{"time":2.2333,"name":"fire/fire_00027"},{"time":2.3333,"name":"fire/fire_00000"},{"time":2.4333,"name":"fire/fire_00003"},{"time":2.5333,"name":"fire/fire_00006"},{"time":2.6333,"name":"fire/fire_00009"},{"time":2.7333,"name":"fire/fire_00012"},{"time":2.8333,"name":"fire/fire_00015"},{"time":2.9333,"name":"fire/fire_00018"}]},"fire/fire2":{"attachment":[{"time":0.3333,"name":"fire/fire_00000"},{"time":0.4333,"name":"fire/fire_00003"},{"time":0.5333,"name":"fire/fire_00006"},{"time":0.6333,"name":"fire/fire_00009"},{"time":0.7333,"name":"fire/fire_00012"},{"time":0.8333,"name":"fire/fire_00015"},{"time":0.9333,"name":"fire/fire_00018"},{"time":1.0333,"name":"fire/fire_00021"},{"time":1.1333,"name":"fire/fire_00024"},{"time":1.2333,"name":"fire/fire_00027"},{"time":1.3333,"name":"fire/fire_00000"},{"time":1.4333,"name":"fire/fire_00003"},{"time":1.5333,"name":"fire/fire_00006"},{"time":1.6333,"name":"fire/fire_00009"},{"time":1.7333,"name":"fire/fire_00012"},{"time":1.8333,"name":"fire/fire_00015"},{"time":1.9333,"name":"fire/fire_00018"},{"time":2.0333,"name":"fire/fire_00021"},{"time":2.1333,"name":"fire/fire_00024"},{"time":2.2333,"name":"fire/fire_00027"},{"time":2.3333,"name":"fire/fire_00000"},{"time":2.4333,"name":"fire/fire_00003"},{"time":2.5333,"name":"fire/fire_00006"},{"time":2.6333,"name":"fire/fire_00009"},{"time":2.7333,"name":"fire/fire_00012"},{"time":2.8333,"name":"fire/fire_00015"},{"time":2.9333,"name":"fire/fire_00018"}]},"fire/fire3":{"attachment":[{"time":0.3333,"name":"fire/fire_00000"},{"time":0.4333,"name":"fire/fire_00003"},{"time":0.5333,"name":"fire/fire_00006"},{"time":0.6333,"name":"fire/fire_00009"},{"time":0.7333,"name":"fire/fire_00012"},{"time":0.8333,"name":"fire/fire_00015"},{"time":0.9333,"name":"fire/fire_00018"},{"time":1.0333,"name":"fire/fire_00021"},{"time":1.1333,"name":"fire/fire_00024"},{"time":1.2333,"name":"fire/fire_00027"},{"time":1.3333,"name":"fire/fire_00000"},{"time":1.4333,"name":"fire/fire_00003"},{"time":1.5333,"name":"fire/fire_00006"},{"time":1.6333,"name":"fire/fire_00009"},{"time":1.7333,"name":"fire/fire_00012"},{"time":1.8333,"name":"fire/fire_00015"},{"time":1.9333,"name":"fire/fire_00018"},{"time":2.0333,"name":"fire/fire_00021"},{"time":2.1333,"name":"fire/fire_00024"},{"time":2.2333,"name":"fire/fire_00027"},{"time":2.3333,"name":"fire/fire_00000"},{"time":2.4333,"name":"fire/fire_00003"},{"time":2.5333,"name":"fire/fire_00006"},{"time":2.6333,"name":"fire/fire_00009"},{"time":2.7333,"name":"fire/fire_00012"},{"time":2.8333,"name":"fire/fire_00015"},{"time":2.9333,"name":"fire/fire_00018"}]},"fire/fire4":{"attachment":[{"time":0.3333,"name":"fire/fire_00015"},{"time":0.4333,"name":"fire/fire_00018"},{"time":0.5333,"name":"fire/fire_00021"},{"time":0.6333,"name":"fire/fire_00024"},{"time":0.7333,"name":"fire/fire_00027"},{"time":0.8333,"name":"fire/fire_00000"},{"time":0.9333,"name":"fire/fire_00003"},{"time":1.0333,"name":"fire/fire_00006"},{"time":1.1333,"name":"fire/fire_00009"},{"time":1.2333,"name":"fire/fire_00012"},{"time":1.3333,"name":"fire/fire_00015"},{"time":1.4333,"name":"fire/fire_00018"},{"time":1.5333,"name":"fire/fire_00021"},{"time":1.6333,"name":"fire/fire_00024"},{"time":1.7333,"name":"fire/fire_00027"},{"time":1.8333,"name":"fire/fire_00000"},{"time":1.9333,"name":"fire/fire_00003"},{"time":2.0333,"name":"fire/fire_00006"},{"time":2.1333,"name":"fire/fire_00009"},{"time":2.2333,"name":"fire/fire_00012"},{"time":2.3333,"name":"fire/fire_00015"},{"time":2.4333,"name":"fire/fire_00018"},{"time":2.5333,"name":"fire/fire_00021"},{"time":2.6333,"name":"fire/fire_00024"},{"time":2.7333,"name":"fire/fire_00027"},{"time":2.8333,"name":"fire/fire_00000"},{"time":2.9333,"name":"fire/fire_00003"}]},"fire/fire5":{"attachment":[{"time":0.3333,"name":"fire/fire_00015"},{"time":0.4333,"name":"fire/fire_00018"},{"time":0.5333,"name":"fire/fire_00021"},{"time":0.6333,"name":"fire/fire_00024"},{"time":0.7333,"name":"fire/fire_00027"},{"time":0.8333,"name":"fire/fire_00000"},{"time":0.9333,"name":"fire/fire_00003"},{"time":1.0333,"name":"fire/fire_00006"},{"time":1.1333,"name":"fire/fire_00009"},{"time":1.2333,"name":"fire/fire_00012"},{"time":1.3333,"name":"fire/fire_00015"},{"time":1.4333,"name":"fire/fire_00018"},{"time":1.5333,"name":"fire/fire_00021"},{"time":1.6333,"name":"fire/fire_00024"},{"time":1.7333,"name":"fire/fire_00027"},{"time":1.8333,"name":"fire/fire_00000"},{"time":1.9333,"name":"fire/fire_00003"},{"time":2.0333,"name":"fire/fire_00006"},{"time":2.1333,"name":"fire/fire_00009"},{"time":2.2333,"name":"fire/fire_00012"},{"time":2.3333,"name":"fire/fire_00015"},{"time":2.4333,"name":"fire/fire_00018"},{"time":2.5333,"name":"fire/fire_00021"},{"time":2.6333,"name":"fire/fire_00024"},{"time":2.7333,"name":"fire/fire_00027"},{"time":2.8333,"name":"fire/fire_00000"},{"time":2.9333,"name":"fire/fire_00003"}]},"fire/fire6":{"attachment":[{"time":0.3333,"name":"fire/fire_00000"},{"time":0.4333,"name":"fire/fire_00003"},{"time":0.5333,"name":"fire/fire_00006"},{"time":0.6333,"name":"fire/fire_00009"},{"time":0.7333,"name":"fire/fire_00012"},{"time":0.8333,"name":"fire/fire_00015"},{"time":0.9333,"name":"fire/fire_00018"},{"time":1.0333,"name":"fire/fire_00021"},{"time":1.1333,"name":"fire/fire_00024"},{"time":1.2333,"name":"fire/fire_00027"},{"time":1.3333,"name":"fire/fire_00000"},{"time":1.4333,"name":"fire/fire_00003"},{"time":1.5333,"name":"fire/fire_00006"},{"time":1.6333,"name":"fire/fire_00009"},{"time":1.7333,"name":"fire/fire_00012"},{"time":1.8333,"name":"fire/fire_00015"},{"time":1.9333,"name":"fire/fire_00018"},{"time":2.0333,"name":"fire/fire_00021"},{"time":2.1333,"name":"fire/fire_00024"},{"time":2.2333,"name":"fire/fire_00027"},{"time":2.3333,"name":"fire/fire_00000"},{"time":2.4333,"name":"fire/fire_00003"},{"time":2.5333,"name":"fire/fire_00006"},{"time":2.6333,"name":"fire/fire_00009"},{"time":2.7333,"name":"fire/fire_00012"},{"time":2.8333,"name":"fire/fire_00015"},{"time":2.9333,"name":"fire/fire_00018"}]},"fire/fire7":{"attachment":[{"time":0.3333,"name":"fire/fire_00000"},{"time":0.4333,"name":"fire/fire_00003"},{"time":0.5333,"name":"fire/fire_00006"},{"time":0.6333,"name":"fire/fire_00009"},{"time":0.7333,"name":"fire/fire_00012"},{"time":0.8333,"name":"fire/fire_00015"},{"time":0.9333,"name":"fire/fire_00018"},{"time":1.0333,"name":"fire/fire_00021"},{"time":1.1333,"name":"fire/fire_00024"},{"time":1.2333,"name":"fire/fire_00027"},{"time":1.3333,"name":"fire/fire_00000"},{"time":1.4333,"name":"fire/fire_00003"},{"time":1.5333,"name":"fire/fire_00006"},{"time":1.6333,"name":"fire/fire_00009"},{"time":1.7333,"name":"fire/fire_00012"},{"time":1.8333,"name":"fire/fire_00015"},{"time":1.9333,"name":"fire/fire_00018"},{"time":2.0333,"name":"fire/fire_00021"},{"time":2.1333,"name":"fire/fire_00024"},{"time":2.2333,"name":"fire/fire_00027"},{"time":2.3333,"name":"fire/fire_00000"},{"time":2.4333,"name":"fire/fire_00003"},{"time":2.5333,"name":"fire/fire_00006"},{"time":2.6333,"name":"fire/fire_00009"},{"time":2.7333,"name":"fire/fire_00012"},{"time":2.8333,"name":"fire/fire_00015"},{"time":2.9333,"name":"fire/fire_00018"}]},"fire/fire8":{"attachment":[{"time":0.3333,"name":"fire/fire_00015"},{"time":0.4333,"name":"fire/fire_00018"},{"time":0.5333,"name":"fire/fire_00021"},{"time":0.6333,"name":"fire/fire_00024"},{"time":0.7333,"name":"fire/fire_00027"},{"time":0.8333,"name":"fire/fire_00000"},{"time":0.9333,"name":"fire/fire_00003"},{"time":1.0333,"name":"fire/fire_00006"},{"time":1.1333,"name":"fire/fire_00009"},{"time":1.2333,"name":"fire/fire_00012"},{"time":1.3333,"name":"fire/fire_00015"},{"time":1.4333,"name":"fire/fire_00018"},{"time":1.5333,"name":"fire/fire_00021"},{"time":1.6333,"name":"fire/fire_00024"},{"time":1.7333,"name":"fire/fire_00027"},{"time":1.8333,"name":"fire/fire_00000"},{"time":1.9333,"name":"fire/fire_00003"},{"time":2.0333,"name":"fire/fire_00006"},{"time":2.1333,"name":"fire/fire_00009"},{"time":2.2333,"name":"fire/fire_00012"},{"time":2.3333,"name":"fire/fire_00015"},{"time":2.4333,"name":"fire/fire_00018"},{"time":2.5333,"name":"fire/fire_00021"},{"time":2.6333,"name":"fire/fire_00024"},{"time":2.7333,"name":"fire/fire_00027"},{"time":2.8333,"name":"fire/fire_00000"},{"time":2.9333,"name":"fire/fire_00003"}]},"fire/fire9":{"attachment":[{"time":0.3333,"name":"fire/fire_00015"},{"time":0.4333,"name":"fire/fire_00018"},{"time":0.5333,"name":"fire/fire_00021"},{"time":0.6333,"name":"fire/fire_00024"},{"time":0.7333,"name":"fire/fire_00027"},{"time":0.8333,"name":"fire/fire_00000"},{"time":0.9333,"name":"fire/fire_00003"},{"time":1.0333,"name":"fire/fire_00006"},{"time":1.1333,"name":"fire/fire_00009"},{"time":1.2333,"name":"fire/fire_00012"},{"time":1.3333,"name":"fire/fire_00015"},{"time":1.4333,"name":"fire/fire_00018"},{"time":1.5333,"name":"fire/fire_00021"},{"time":1.6333,"name":"fire/fire_00024"},{"time":1.7333,"name":"fire/fire_00027"},{"time":1.8333,"name":"fire/fire_00000"},{"time":1.9333,"name":"fire/fire_00003"},{"time":2.0333,"name":"fire/fire_00006"},{"time":2.1333,"name":"fire/fire_00009"},{"time":2.2333,"name":"fire/fire_00012"},{"time":2.3333,"name":"fire/fire_00015"},{"time":2.4333,"name":"fire/fire_00018"},{"time":2.5333,"name":"fire/fire_00021"},{"time":2.6333,"name":"fire/fire_00024"},{"time":2.7333,"name":"fire/fire_00027"},{"time":2.8333,"name":"fire/fire_00000"},{"time":2.9333,"name":"fire/fire_00003"}]},"fire/fire10":{"attachment":[{"time":0.3333,"name":"fire/fire_00015"},{"time":0.4333,"name":"fire/fire_00018"},{"time":0.5333,"name":"fire/fire_00021"},{"time":0.6333,"name":"fire/fire_00024"},{"time":0.7333,"name":"fire/fire_00027"},{"time":0.8333,"name":"fire/fire_00000"},{"time":0.9333,"name":"fire/fire_00003"},{"time":1.0333,"name":"fire/fire_00006"},{"time":1.1333,"name":"fire/fire_00009"},{"time":1.2333,"name":"fire/fire_00012"},{"time":1.3333,"name":"fire/fire_00015"},{"time":1.4333,"name":"fire/fire_00018"},{"time":1.5333,"name":"fire/fire_00021"},{"time":1.6333,"name":"fire/fire_00024"},{"time":1.7333,"name":"fire/fire_00027"},{"time":1.8333,"name":"fire/fire_00000"},{"time":1.9333,"name":"fire/fire_00003"},{"time":2.0333,"name":"fire/fire_00006"},{"time":2.1333,"name":"fire/fire_00009"},{"time":2.2333,"name":"fire/fire_00012"},{"time":2.3333,"name":"fire/fire_00015"},{"time":2.4333,"name":"fire/fire_00018"},{"time":2.5333,"name":"fire/fire_00021"},{"time":2.6333,"name":"fire/fire_00024"},{"time":2.7333,"name":"fire/fire_00027"},{"time":2.8333,"name":"fire/fire_00000"},{"time":2.9333,"name":"fire/fire_00003"}]},"fire/fire11":{"attachment":[{"time":0.3333,"name":"fire/fire_00015"},{"time":0.4333,"name":"fire/fire_00018"},{"time":0.5333,"name":"fire/fire_00021"},{"time":0.6333,"name":"fire/fire_00024"},{"time":0.7333,"name":"fire/fire_00027"},{"time":0.8333,"name":"fire/fire_00000"},{"time":0.9333,"name":"fire/fire_00003"},{"time":1.0333,"name":"fire/fire_00006"},{"time":1.1333,"name":"fire/fire_00009"},{"time":1.2333,"name":"fire/fire_00012"},{"time":1.3333,"name":"fire/fire_00015"},{"time":1.4333,"name":"fire/fire_00018"},{"time":1.5333,"name":"fire/fire_00021"},{"time":1.6333,"name":"fire/fire_00024"},{"time":1.7333,"name":"fire/fire_00027"},{"time":1.8333,"name":"fire/fire_00000"},{"time":1.9333,"name":"fire/fire_00003"},{"time":2.0333,"name":"fire/fire_00006"},{"time":2.1333,"name":"fire/fire_00009"},{"time":2.2333,"name":"fire/fire_00012"},{"time":2.3333,"name":"fire/fire_00015"},{"time":2.4333,"name":"fire/fire_00018"},{"time":2.5333,"name":"fire/fire_00021"},{"time":2.6333,"name":"fire/fire_00024"},{"time":2.7333,"name":"fire/fire_00027"},{"time":2.8333,"name":"fire/fire_00000"},{"time":2.9333,"name":"fire/fire_00003"}]},"fire/fire12":{"attachment":[{"time":0.3333,"name":"fire/fire_00015"},{"time":0.4333,"name":"fire/fire_00018"},{"time":0.5333,"name":"fire/fire_00021"},{"time":0.6333,"name":"fire/fire_00024"},{"time":0.7333,"name":"fire/fire_00027"},{"time":0.8333,"name":"fire/fire_00000"},{"time":0.9333,"name":"fire/fire_00003"},{"time":1.0333,"name":"fire/fire_00006"},{"time":1.1333,"name":"fire/fire_00009"},{"time":1.2333,"name":"fire/fire_00012"},{"time":1.3333,"name":"fire/fire_00015"},{"time":1.4333,"name":"fire/fire_00018"},{"time":1.5333,"name":"fire/fire_00021"},{"time":1.6333,"name":"fire/fire_00024"},{"time":1.7333,"name":"fire/fire_00027"},{"time":1.8333,"name":"fire/fire_00000"},{"time":1.9333,"name":"fire/fire_00003"},{"time":2.0333,"name":"fire/fire_00006"},{"time":2.1333,"name":"fire/fire_00009"},{"time":2.2333,"name":"fire/fire_00012"},{"time":2.3333,"name":"fire/fire_00015"},{"time":2.4333,"name":"fire/fire_00018"},{"time":2.5333,"name":"fire/fire_00021"},{"time":2.6333,"name":"fire/fire_00024"},{"time":2.7333,"name":"fire/fire_00027"},{"time":2.8333,"name":"fire/fire_00000"},{"time":2.9333,"name":"fire/fire_00003"}]},"fire/fire13":{"color":[{"time":0.3333,"color":"ffffff81"}],"attachment":[{"time":0.3333,"name":"fire/fire_00015"},{"time":0.4333,"name":"fire/fire_00018"},{"time":0.5333,"name":"fire/fire_00021"},{"time":0.6333,"name":"fire/fire_00024"},{"time":0.7333,"name":"fire/fire_00027"},{"time":0.8333,"name":"fire/fire_00000"},{"time":0.9333,"name":"fire/fire_00003"},{"time":1.0333,"name":"fire/fire_00006"},{"time":1.1333,"name":"fire/fire_00009"},{"time":1.2333,"name":"fire/fire_00012"},{"time":1.3333,"name":"fire/fire_00015"},{"time":1.4333,"name":"fire/fire_00018"},{"time":1.5333,"name":"fire/fire_00021"},{"time":1.6333,"name":"fire/fire_00024"},{"time":1.7333,"name":"fire/fire_00027"},{"time":1.8333,"name":"fire/fire_00000"},{"time":1.9333,"name":"fire/fire_00003"},{"time":2.0333,"name":"fire/fire_00006"},{"time":2.1333,"name":"fire/fire_00009"},{"time":2.2333,"name":"fire/fire_00012"},{"time":2.3333,"name":"fire/fire_00015"},{"time":2.4333,"name":"fire/fire_00018"},{"time":2.5333,"name":"fire/fire_00021"},{"time":2.6333,"name":"fire/fire_00024"},{"time":2.7333,"name":"fire/fire_00027"},{"time":2.8333,"name":"fire/fire_00000"},{"time":2.9333,"name":"fire/fire_00003"}]},"fire/fire14":{"color":[{"time":0.3333,"color":"ffffff80"}],"attachment":[{"time":0.3333,"name":"fire/fire_00000"},{"time":0.4333,"name":"fire/fire_00003"},{"time":0.5333,"name":"fire/fire_00006"},{"time":0.6333,"name":"fire/fire_00009"},{"time":0.7333,"name":"fire/fire_00012"},{"time":0.8333,"name":"fire/fire_00015"},{"time":0.9333,"name":"fire/fire_00018"},{"time":1.0333,"name":"fire/fire_00021"},{"time":1.1333,"name":"fire/fire_00024"},{"time":1.2333,"name":"fire/fire_00027"},{"time":1.3333,"name":"fire/fire_00000"},{"time":1.4333,"name":"fire/fire_00003"},{"time":1.5333,"name":"fire/fire_00006"},{"time":1.6333,"name":"fire/fire_00009"},{"time":1.7333,"name":"fire/fire_00012"},{"time":1.8333,"name":"fire/fire_00015"},{"time":1.9333,"name":"fire/fire_00018"},{"time":2.0333,"name":"fire/fire_00021"},{"time":2.1333,"name":"fire/fire_00024"},{"time":2.2333,"name":"fire/fire_00027"},{"time":2.3333,"name":"fire/fire_00000"},{"time":2.4333,"name":"fire/fire_00003"},{"time":2.5333,"name":"fire/fire_00006"},{"time":2.6333,"name":"fire/fire_00009"},{"time":2.7333,"name":"fire/fire_00012"},{"time":2.8333,"name":"fire/fire_00015"},{"time":2.9333,"name":"fire/fire_00018"}]},"fire/fire15":{"color":[{"time":0.3333,"color":"ffffff6c"}],"attachment":[{"time":0.3333,"name":"fire/fire_00000"},{"time":0.4333,"name":"fire/fire_00003"},{"time":0.5333,"name":"fire/fire_00006"},{"time":0.6333,"name":"fire/fire_00009"},{"time":0.7333,"name":"fire/fire_00012"},{"time":0.8333,"name":"fire/fire_00015"},{"time":0.9333,"name":"fire/fire_00018"},{"time":1.0333,"name":"fire/fire_00021"},{"time":1.1333,"name":"fire/fire_00024"},{"time":1.2333,"name":"fire/fire_00027"},{"time":1.3333,"name":"fire/fire_00000"},{"time":1.4333,"name":"fire/fire_00003"},{"time":1.5333,"name":"fire/fire_00006"},{"time":1.6333,"name":"fire/fire_00009"},{"time":1.7333,"name":"fire/fire_00012"},{"time":1.8333,"name":"fire/fire_00015"},{"time":1.9333,"name":"fire/fire_00018"},{"time":2.0333,"name":"fire/fire_00021"},{"time":2.1333,"name":"fire/fire_00024"},{"time":2.2333,"name":"fire/fire_00027"},{"time":2.3333,"name":"fire/fire_00000"},{"time":2.4333,"name":"fire/fire_00003"},{"time":2.5333,"name":"fire/fire_00006"},{"time":2.6333,"name":"fire/fire_00009"},{"time":2.7333,"name":"fire/fire_00012"},{"time":2.8333,"name":"fire/fire_00015"},{"time":2.9333,"name":"fire/fire_00018"}]},"lg/lg":{"attachment":[{"time":0.3333,"name":"lg/lg_00000"},{"time":0.4333,"name":"lg/lg_00003"},{"time":0.5333,"name":"lg/lg_00006"},{"time":0.6333,"name":"lg/lg_00009"},{"time":0.7333,"name":"lg/lg_00012"},{"time":0.8333,"name":"lg/lg_00015"},{"time":0.9333,"name":"lg/lg_00018"},{"time":1.0333,"name":"lg/lg_00021"},{"time":1.1333,"name":"lg/lg_00024"},{"time":1.2333,"name":"lg/lg_00027"},{"time":1.3333,"name":"lg/lg_00000"},{"time":1.4333,"name":"lg/lg_00003"},{"time":1.5333,"name":"lg/lg_00006"},{"time":1.6333,"name":"lg/lg_00009"},{"time":1.7333,"name":"lg/lg_00012"},{"time":1.8333,"name":"lg/lg_00015"},{"time":1.9333,"name":"lg/lg_00018"},{"time":2.0333,"name":"lg/lg_00021"},{"time":2.1333,"name":"lg/lg_00024"},{"time":2.2333,"name":"lg/lg_00027"},{"time":2.3333,"name":"lg/lg_00000"}]},"point":{"attachment":[{"time":0.8333,"name":"point"}]},"point2":{"attachment":[{"time":1.8333,"name":"point"}]},"point3":{"attachment":[{"time":1,"name":"point"}]},"point4":{"attachment":[{"time":1,"name":"point"}]},"point5":{"attachment":[{"time":1.3333,"name":"point"}]},"point7":{"attachment":[{"time":1.5333,"name":"point"}]},"point8":{"attachment":[{"time":1.5333,"name":"point"}]},"point9":{"attachment":[{"time":1.8333,"name":"point"}]},"sg1/sg1":{"attachment":[{"time":1.5,"name":"sg1/sg1_00000"},{"time":1.6,"name":"sg1/sg1_00002"},{"time":1.7,"name":"sg1/sg1_00004"},{"time":1.8,"name":"sg1/sg1_00006"},{"time":1.9,"name":"sg1/sg1_00008"},{"time":2,"name":"sg1/sg1_00010"},{"time":2.1,"name":"sg1/sg1_00012"},{"time":2.2,"name":"sg1/sg1_00014"},{"time":2.3,"name":"sg1/sg1_00016"},{"time":2.4,"name":"sg1/sg1_00018"},{"time":2.5,"name":"sg1/sg1_00020"},{"time":2.6,"name":null}]},"sg1/sg2":{"attachment":[{"time":1.5,"name":"sg1/sg1_00000"},{"time":1.6,"name":"sg1/sg1_00002"},{"time":1.7,"name":"sg1/sg1_00004"},{"time":1.8,"name":"sg1/sg1_00006"},{"time":1.9,"name":"sg1/sg1_00008"},{"time":2,"name":"sg1/sg1_00010"},{"time":2.1,"name":"sg1/sg1_00012"},{"time":2.2,"name":"sg1/sg1_00014"},{"time":2.3,"name":"sg1/sg1_00016"},{"time":2.4,"name":"sg1/sg1_00018"},{"time":2.5,"name":"sg1/sg1_00020"},{"time":2.6,"name":null}]},"sg2/sg2":{"attachment":[{"time":1.1333,"name":"sg2/sg2_00000"},{"time":1.2333,"name":"sg2/sg2_00002"},{"time":1.3333,"name":"sg2/sg2_00004"},{"time":1.4333,"name":"sg2/sg2_00006"},{"time":1.5333,"name":"sg2/sg2_00008"},{"time":1.6333,"name":"sg2/sg2_00010"},{"time":1.7333,"name":"sg2/sg2_00012"},{"time":1.8333,"name":"sg2/sg2_00014"},{"time":1.9333,"name":"sg2/sg2_00016"},{"time":2.0333,"name":"sg2/sg2_00018"},{"time":2.1333,"name":"sg2/sg2_00020"},{"time":2.2333,"name":null}]},"shadow":{"attachment":[{"time":0.2333,"name":"shadow"}]},"shizi":{"color":[{"time":0.1667,"color":"ffffff7c"},{"time":0.2,"color":"ffffffff"}],"attachment":[{"time":0.1667,"name":"shizi"}]},"zi_1":{"color":[{"time":0.4,"color":"ffffff00"},{"time":0.5333,"color":"ffffffbe"},{"time":0.6,"color":"ffffffff"}],"attachment":[{"time":0.4,"name":"zi_1"}]},"zi_2":{"color":[{"time":0.5333,"color":"ffffff00"},{"time":0.6667,"color":"ffffffbe"},{"time":0.7333,"color":"ffffffff"}],"attachment":[{"time":0.5333,"name":"zi_2"}]},"zi_3":{"color":[{"time":0.6,"color":"ffffff00"},{"time":0.7333,"color":"ffffffbe"},{"time":0.8,"color":"ffffffff"}],"attachment":[{"time":0.6,"name":"zi_3"}]},"zi_4":{"color":[{"time":0.6667,"color":"ffffffff"},{"time":0.9333,"color":"ffffff00"}],"attachment":[{"time":0.6,"name":"zi_1"}]},"zi_5":{"color":[{"time":0.8,"color":"ffffffff"},{"time":1.0667,"color":"ffffff00"}],"attachment":[{"time":0.7333,"name":"zi_2"}]},"zi_6":{"color":[{"time":0.8667,"color":"ffffffff"},{"time":1.1333,"color":"ffffff00"}],"attachment":[{"time":0.8,"name":"zi_3"}]}},"bones":{"bake":{"translate":[{"time":0.3,"x":0,"y":-35.15},{"time":0.3667,"x":0,"y":2.81},{"time":0.4333,"x":0,"y":0}]},"di_base1":{"scale":[{"time":0,"x":1,"y":1,"curve":"stepped"},{"time":0.2333,"x":1,"y":0.8},{"time":0.3333,"x":1,"y":1}]},"di_base2":{"scale":[{"time":0,"x":0.664,"y":0.664,"curve":[0,0.19,0.75,1]},{"time":0.1667,"x":1,"y":1}]},"di_base3":{"translate":[{"time":0.4333,"x":0,"y":-82.95,"curve":[0,0.19,0.75,1]},{"time":0.6,"x":0,"y":4.56},{"time":0.6667,"x":0,"y":0}]},"di_ci1":{"translate":[{"time":0.4667,"x":52.99,"y":-18.03,"curve":[0,0.18,0.75,1]},{"time":0.6333,"x":0,"y":0}]},"di_ci2":{"translate":[{"time":0.4333,"x":-80.24,"y":-42.79,"curve":[0,0.2,0.75,1]},{"time":0.6,"x":0,"y":0}]},"di_light":{"scale":[{"time":0,"x":0.46,"y":0.46},{"time":0.1667,"x":1,"y":1}]},"fire":{"rotate":[{"time":0.3333,"angle":-39.52}],"translate":[{"time":0.3333,"x":10.08,"y":86.78}]},"fire2":{"rotate":[{"time":0.3333,"angle":-58.34}],"translate":[{"time":0.3333,"x":13.08,"y":65.18}],"scale":[{"time":0.3333,"x":0.682,"y":0.863}]},"fire3":{"rotate":[{"time":0.3333,"angle":57.99}],"translate":[{"time":0.3333,"x":-39.76,"y":234.97}],"scale":[{"time":0.3333,"x":0.758,"y":1.028}]},"fire4":{"rotate":[{"time":0.3333,"angle":68.16}],"translate":[{"time":0.3333,"x":-38.14,"y":210.71}],"scale":[{"time":0.3333,"x":0.892,"y":1.177}]},"fire5":{"rotate":[{"time":0.3333,"angle":106.67}],"translate":[{"time":0.3333,"x":-34.89,"y":205.02}],"scale":[{"time":0.3333,"x":0.799,"y":0.899}]},"fire6":{"rotate":[{"time":0.3333,"angle":124.75}],"translate":[{"time":0.3333,"x":-24.8,"y":186.34}],"scale":[{"time":0.3333,"x":0.807,"y":0.655}]},"fire7":{"rotate":[{"time":0.3333,"angle":33.3}],"translate":[{"time":0.3333,"x":7.33,"y":233.11}],"scale":[{"time":0.3333,"x":1.443,"y":1.443}]},"fire8":{"rotate":[{"time":0.3333,"angle":50.27}],"translate":[{"time":0.3333,"x":5.53,"y":212.97}],"scale":[{"time":0.3333,"x":0.849,"y":1.075}]},"fire9":{"rotate":[{"time":0.3333,"angle":-178.88}],"translate":[{"time":0.3333,"x":-14.49,"y":191.82}],"scale":[{"time":0.3333,"x":0.602,"y":0.499}]},"fire10":{"rotate":[{"time":0.3333,"angle":-149.37}],"translate":[{"time":0.3333,"x":-5.3,"y":181.26}],"scale":[{"time":0.3333,"x":-0.592,"y":0.481}]},"fire11":{"rotate":[{"time":0.3333,"angle":-11.71}],"translate":[{"time":0.3333,"x":22.45,"y":220.7}],"scale":[{"time":0.3333,"x":-0.505,"y":0.481}]},"fire12":{"rotate":[{"time":0.3333,"angle":-122.65}],"translate":[{"time":0.3333,"x":17.53,"y":181.82}],"scale":[{"time":0.3333,"x":0.477,"y":0.419}]},"fire13":{"rotate":[{"time":0.3333,"angle":-20.58}],"translate":[{"time":0.3333,"x":77.05,"y":97.98}],"scale":[{"time":0.3333,"x":0.873,"y":0.767}]},"fire14":{"rotate":[{"time":0.3333,"angle":6.21}],"translate":[{"time":0.3333,"x":124.3,"y":158.25}],"scale":[{"time":0.3333,"x":2.825,"y":2.106}]},"fire15":{"rotate":[{"time":0.3333,"angle":-11.42}],"translate":[{"time":0.3333,"x":117.14,"y":216.14}],"scale":[{"time":0.3333,"x":1.717,"y":1.883}]},"point":{"rotate":[{"time":0.8333,"angle":0},{"time":1.8333,"angle":-120}],"translate":[{"time":0.8333,"x":-57.39,"y":-49.11}],"scale":[{"time":0.8333,"x":0,"y":0,"curve":[0.25,0,0.75,1]},{"time":1.3333,"x":1,"y":1,"curve":[0.25,0,0.75,1]},{"time":1.8333,"x":0,"y":0}]},"point2":{"rotate":[{"time":1.8333,"angle":0},{"time":2.8333,"angle":-120}],"translate":[{"time":1.8333,"x":93.21,"y":-53},{"time":2.8333,"x":69.19,"y":-47.65}],"scale":[{"time":1.8333,"x":0,"y":0,"curve":[0.25,0,0.75,1]},{"time":2.3333,"x":0.59,"y":0.59,"curve":[0.25,0,0.75,1]},{"time":2.8333,"x":0,"y":0}]},"point3":{"rotate":[{"time":1,"angle":0},{"time":2,"angle":-120}],"translate":[{"time":1,"x":2.4,"y":-84.46},{"time":2,"x":17.64,"y":-84.46}],"scale":[{"time":1,"x":0,"y":0,"curve":[0.25,0,0.75,1]},{"time":1.5,"x":0.591,"y":0.591,"curve":[0.25,0,0.75,1]},{"time":2,"x":0,"y":0}]},"point4":{"rotate":[{"time":1,"angle":0},{"time":2,"angle":-80}],"translate":[{"time":1,"x":-57.29,"y":246.19}],"scale":[{"time":1,"x":0,"y":0,"curve":[0.25,0,0.75,1]},{"time":1.5,"x":1.349,"y":1.349,"curve":[0.25,0,0.75,1]},{"time":2,"x":0,"y":0}]},"point5":{"translate":[{"time":1.3333,"x":-133.64,"y":171.27}],"scale":[{"time":1.3333,"x":0,"y":0,"curve":[0.25,0,0.75,1]},{"time":1.8333,"x":0.395,"y":0.395,"curve":[0.25,0,0.75,1]},{"time":2.3333,"x":0,"y":0}]},"point7":{"rotate":[{"time":1.5333,"angle":0},{"time":2.5333,"angle":-80}],"translate":[{"time":1.5333,"x":-185.3,"y":37.29}],"scale":[{"time":1.5333,"x":0,"y":0,"curve":[0.25,0,0.75,1]},{"time":2.0333,"x":1.349,"y":1.349,"curve":[0.25,0,0.75,1]},{"time":2.5333,"x":0,"y":0}]},"point8":{"rotate":[{"time":1.5333,"angle":0},{"time":2.5333,"angle":-80}],"translate":[{"time":1.5333,"x":194.16,"y":-0.87}],"scale":[{"time":1.5333,"x":0,"y":0,"curve":[0.25,0,0.75,1]},{"time":2.0333,"x":0.841,"y":0.841,"curve":[0.25,0,0.75,1]},{"time":2.5333,"x":0,"y":0}]},"point9":{"rotate":[{"time":1.8333,"angle":0},{"time":2.8333,"angle":-80}],"translate":[{"time":1.8333,"x":65.26,"y":52.34}],"scale":[{"time":1.8333,"x":0,"y":0,"curve":[0.25,0,0.75,1]},{"time":2.3333,"x":1.856,"y":1.856,"curve":[0.25,0,0.75,1]},{"time":2.8333,"x":0,"y":0}]},"sg1":{"translate":[{"time":0,"x":24.11,"y":4.12}]},"sg3":{"translate":[{"time":0,"x":-360.69,"y":12.74}],"scale":[{"time":0,"x":-1,"y":1}]},"sg2":{"translate":[{"time":1.1333,"x":9.88,"y":17.06}]},"shizi":{"translate":[{"time":0.1667,"x":0,"y":340.08},{"time":0.2,"x":0,"y":212.16},{"time":0.2333,"x":0,"y":0,"curve":[0.25,0,0.75,1]},{"time":0.3,"x":0,"y":4.08,"curve":[0.25,0,0.75,1]},{"time":0.3667,"x":0,"y":0}],"scale":[{"time":0.2,"x":1,"y":1},{"time":0.2333,"x":1,"y":0.96,"curve":[0.25,0,0.75,1]},{"time":0.3,"x":0.96,"y":1.04,"curve":[0.25,0,0.75,1]},{"time":0.3667,"x":1,"y":1}]},"zi1":{"translate":[{"time":0.4,"x":-130.44,"y":0},{"time":0.5333,"x":-113.18,"y":0},{"time":0.6,"x":0,"y":0}],"scale":[{"time":0.4,"x":4.326,"y":4.326},{"time":0.5333,"x":3.803,"y":3.803},{"time":0.6,"x":0.942,"y":0.942},{"time":0.6667,"x":1,"y":1}]},"zi2":{"translate":[{"time":0.5333,"x":0,"y":2.37}],"scale":[{"time":0.5333,"x":3.436,"y":3.436},{"time":0.6667,"x":3.244,"y":3.244},{"time":0.7333,"x":0.942,"y":0.942},{"time":0.8,"x":1,"y":1}]},"zi3":{"translate":[{"time":0.6,"x":127.24,"y":0.78},{"time":0.7333,"x":121.5,"y":0.78},{"time":0.8,"x":0,"y":0.78}],"scale":[{"time":0.6,"x":4.106,"y":4.106},{"time":0.7333,"x":3.545,"y":3.545},{"time":0.8,"x":0.942,"y":0.942},{"time":0.8667,"x":1,"y":1}]},"zi4":{"translate":[{"time":0.6,"x":0,"y":0},{"time":0.6667,"x":-7.45,"y":0},{"time":0.9333,"x":-14.9,"y":0}],"scale":[{"time":0.6,"x":0.94,"y":0.94},{"time":0.6667,"x":1.201,"y":1.201},{"time":0.9333,"x":1.353,"y":1.353}]},"zi5":{"scale":[{"time":0.7333,"x":0.94,"y":0.94},{"time":0.8,"x":1.201,"y":1.201},{"time":1.0667,"x":1.353,"y":1.353}]},"zi6":{"translate":[{"time":0.8,"x":0,"y":0},{"time":0.8667,"x":13.03,"y":0},{"time":1.1333,"x":26.07,"y":0}],"scale":[{"time":0.8,"x":0.94,"y":0.94},{"time":0.8667,"x":1.201,"y":1.201},{"time":1.1333,"x":1.353,"y":1.353}]}}}}},"_atlasText":"\nsp_effect_cys.png\nsize: 961,961\nformat: RGBA8888\nfilter: Linear,Linear\nrepeat: none\nbake\n  rotate: false\n  xy: 420, 736\n  size: 276, 223\n  orig: 276, 223\n  offset: 0, 0\n  index: -1\ndi_base1\n  rotate: false\n  xy: 2, 736\n  size: 416, 223\n  orig: 416, 223\n  offset: 0, 0\n  index: -1\ndi_base2\n  rotate: false\n  xy: 2, 469\n  size: 255, 265\n  orig: 255, 265\n  offset: 0, 0\n  index: -1\ndi_base3\n  rotate: false\n  xy: 2, 78\n  size: 167, 121\n  orig: 167, 121\n  offset: 0, 0\n  index: -1\ndi_ci1\n  rotate: false\n  xy: 171, 75\n  size: 122, 124\n  orig: 122, 124\n  offset: 0, 0\n  index: -1\ndi_ci2\n  rotate: false\n  xy: 295, 125\n  size: 122, 123\n  orig: 122, 123\n  offset: 0, 0\n  index: -1\nfire/fire_00000\n  rotate: false\n  xy: 400, 377\n  size: 77, 117\n  orig: 77, 117\n  offset: 0, 0\n  index: -1\nfire/fire_00003\n  rotate: true\n  xy: 295, 46\n  size: 77, 117\n  orig: 77, 117\n  offset: 0, 0\n  index: -1\nfire/fire_00006\n  rotate: false\n  xy: 395, 254\n  size: 77, 117\n  orig: 77, 117\n  offset: 0, 0\n  index: -1\nfire/fire_00009\n  rotate: true\n  xy: 474, 288\n  size: 77, 117\n  orig: 77, 117\n  offset: 0, 0\n  index: -1\nfire/fire_00012\n  rotate: false\n  xy: 419, 135\n  size: 77, 117\n  orig: 77, 117\n  offset: 0, 0\n  index: -1\nfire/fire_00015\n  rotate: false\n  xy: 498, 169\n  size: 77, 117\n  orig: 77, 117\n  offset: 0, 0\n  index: -1\nfire/fire_00018\n  rotate: false\n  xy: 577, 169\n  size: 77, 117\n  orig: 77, 117\n  offset: 0, 0\n  index: -1\nfire/fire_00021\n  rotate: true\n  xy: 498, 90\n  size: 77, 117\n  orig: 77, 117\n  offset: 0, 0\n  index: -1\nfire/fire_00024\n  rotate: false\n  xy: 419, 16\n  size: 77, 117\n  orig: 77, 117\n  offset: 0, 0\n  index: -1\nfire/fire_00027\n  rotate: true\n  xy: 498, 11\n  size: 77, 117\n  orig: 77, 117\n  offset: 0, 0\n  index: -1\nlg/lg_00000\n  rotate: false\n  xy: 698, 838\n  size: 139, 121\n  orig: 139, 121\n  offset: 0, 0\n  index: -1\nlg/lg_00003\n  rotate: false\n  xy: 496, 613\n  size: 139, 121\n  orig: 139, 121\n  offset: 0, 0\n  index: -1\nlg/lg_00006\n  rotate: false\n  xy: 496, 490\n  size: 139, 121\n  orig: 139, 121\n  offset: 0, 0\n  index: -1\nlg/lg_00009\n  rotate: false\n  xy: 698, 715\n  size: 139, 121\n  orig: 139, 121\n  offset: 0, 0\n  index: -1\nlg/lg_00012\n  rotate: false\n  xy: 698, 592\n  size: 139, 121\n  orig: 139, 121\n  offset: 0, 0\n  index: -1\nlg/lg_00015\n  rotate: false\n  xy: 698, 469\n  size: 139, 121\n  orig: 139, 121\n  offset: 0, 0\n  index: -1\nlg/lg_00018\n  rotate: false\n  xy: 698, 346\n  size: 139, 121\n  orig: 139, 121\n  offset: 0, 0\n  index: -1\nlg/lg_00021\n  rotate: false\n  xy: 259, 373\n  size: 139, 121\n  orig: 139, 121\n  offset: 0, 0\n  index: -1\nlg/lg_00024\n  rotate: false\n  xy: 254, 250\n  size: 139, 121\n  orig: 139, 121\n  offset: 0, 0\n  index: -1\nlg/lg_00027\n  rotate: false\n  xy: 479, 367\n  size: 139, 121\n  orig: 139, 121\n  offset: 0, 0\n  index: -1\nlight\n  rotate: false\n  xy: 259, 496\n  size: 235, 238\n  orig: 235, 238\n  offset: 0, 0\n  index: -1\npoint\n  rotate: false\n  xy: 814, 259\n  size: 80, 80\n  orig: 80, 80\n  offset: 0, 0\n  index: -1\nsg1/sg1_00000\n  rotate: true\n  xy: 617, 2\n  size: 65, 66\n  orig: 65, 66\n  offset: 0, 0\n  index: -1\nsg1/sg1_00002\n  rotate: true\n  xy: 685, 2\n  size: 65, 66\n  orig: 65, 66\n  offset: 0, 0\n  index: -1\nsg1/sg1_00004\n  rotate: false\n  xy: 620, 370\n  size: 65, 66\n  orig: 65, 66\n  offset: 0, 0\n  index: -1\nsg1/sg1_00006\n  rotate: false\n  xy: 593, 299\n  size: 65, 66\n  orig: 65, 66\n  offset: 0, 0\n  index: -1\nsg1/sg1_00008\n  rotate: true\n  xy: 814, 192\n  size: 65, 66\n  orig: 65, 66\n  offset: 0, 0\n  index: -1\nsg1/sg1_00010\n  rotate: false\n  xy: 656, 179\n  size: 65, 66\n  orig: 65, 66\n  offset: 0, 0\n  index: -1\nsg1/sg1_00012\n  rotate: false\n  xy: 723, 179\n  size: 65, 66\n  orig: 65, 66\n  offset: 0, 0\n  index: -1\nsg1/sg1_00014\n  rotate: false\n  xy: 715, 111\n  size: 65, 66\n  orig: 65, 66\n  offset: 0, 0\n  index: -1\nsg1/sg1_00016\n  rotate: false\n  xy: 782, 111\n  size: 65, 66\n  orig: 65, 66\n  offset: 0, 0\n  index: -1\nsg1/sg1_00018\n  rotate: false\n  xy: 753, 43\n  size: 65, 66\n  orig: 65, 66\n  offset: 0, 0\n  index: -1\nsg1/sg1_00020\n  rotate: false\n  xy: 820, 43\n  size: 65, 66\n  orig: 65, 66\n  offset: 0, 0\n  index: -1\nsg2/sg2_00000\n  rotate: true\n  xy: 637, 587\n  size: 147, 59\n  orig: 147, 59\n  offset: 0, 0\n  index: -1\nsg2/sg2_00002\n  rotate: false\n  xy: 2, 17\n  size: 147, 59\n  orig: 147, 59\n  offset: 0, 0\n  index: -1\nsg2/sg2_00004\n  rotate: true\n  xy: 895, 812\n  size: 147, 59\n  orig: 147, 59\n  offset: 0, 0\n  index: -1\nsg2/sg2_00006\n  rotate: true\n  xy: 839, 639\n  size: 147, 59\n  orig: 147, 59\n  offset: 0, 0\n  index: -1\nsg2/sg2_00008\n  rotate: true\n  xy: 900, 663\n  size: 147, 59\n  orig: 147, 59\n  offset: 0, 0\n  index: -1\nsg2/sg2_00010\n  rotate: true\n  xy: 900, 514\n  size: 147, 59\n  orig: 147, 59\n  offset: 0, 0\n  index: -1\nsg2/sg2_00012\n  rotate: true\n  xy: 839, 490\n  size: 147, 59\n  orig: 147, 59\n  offset: 0, 0\n  index: -1\nsg2/sg2_00014\n  rotate: true\n  xy: 637, 438\n  size: 147, 59\n  orig: 147, 59\n  offset: 0, 0\n  index: -1\nsg2/sg2_00016\n  rotate: true\n  xy: 900, 365\n  size: 147, 59\n  orig: 147, 59\n  offset: 0, 0\n  index: -1\nsg2/sg2_00018\n  rotate: true\n  xy: 839, 341\n  size: 147, 59\n  orig: 147, 59\n  offset: 0, 0\n  index: -1\nsg2/sg2_00020\n  rotate: true\n  xy: 900, 216\n  size: 147, 59\n  orig: 147, 59\n  offset: 0, 0\n  index: -1\nshadow\n  rotate: true\n  xy: 839, 788\n  size: 171, 54\n  orig: 171, 54\n  offset: 0, 0\n  index: -1\nshizi\n  rotate: true\n  xy: 2, 201\n  size: 266, 250\n  orig: 266, 250\n  offset: 0, 0\n  index: -1\nzi_1\n  rotate: false\n  xy: 617, 69\n  size: 96, 98\n  orig: 96, 98\n  offset: 0, 0\n  index: -1\nzi_2\n  rotate: false\n  xy: 151, 47\n  size: 98, 26\n  orig: 98, 26\n  offset: 0, 0\n  index: -1\nzi_3\n  rotate: false\n  xy: 715, 247\n  size: 97, 97\n  orig: 97, 97\n  offset: 0, 0\n  index: -1\n","textures":[{"__uuid__":"efTm7HndJCgJXSV3nHKMnU"}],"textureNames":["sp_effect_cys.png"]}