{"__type__":"cc.AnimationClip","_name":"nnRubPokerAni","_duration":0.3333333333333333,"curveData":{"paths":{"card0":{"props":{"rotation":[{"frame":0,"value":0},{"frame":0.3333333333333333,"value":-50}]}},"card1":{"props":{"rotation":[{"frame":0,"value":0},{"frame":0.3333333333333333,"value":-25}],"angle":[{"frame":0,"value":0},{"frame":0.3333333333333333,"value":0}]}},"card3":{"props":{"rotation":[{"frame":0,"value":0},{"frame":0.3333333333333333,"value":25}]}},"card4":{"props":{"rotation":[{"frame":0,"value":0},{"frame":0.3333333333333333,"value":50}]}}}}}