[{"__type__":"cc.SpriteFrame","content":{"name":"08","texture":"ddUJA1EllMSYpt25LQfM4D","rect":[11,1,325,143],"offset":[-5,3.5],"originalSize":[357,152],"capInsets":[0,0,0,0]}},{"__type__":"cc.SpriteFrame","content":{"name":"04","texture":"e2bq+XHLRM+Zz56LfL6+P+","rect":[63,0,255,148],"offset":[12,2],"originalSize":[357,152],"capInsets":[0,0,0,0]}},{"__type__":"cc.SpriteFrame","content":{"name":"06","texture":"3biueGq/FFzY6lt2kiT84e","rect":[33,0,263,149],"offset":[-14,1.5],"originalSize":[357,152],"capInsets":[0,0,0,0]}},{"__type__":"cc.SpriteFrame","content":{"name":"01","texture":"c319PHME1HuZZ0gVC2HOf5","rect":[23,0,256,151],"offset":[-27.5,0.5],"originalSize":[357,152],"capInsets":[0,0,0,0]}},{"__type__":"cc.AnimationClip","_name":"card_type9","_duration":0.15,"speed":0.33,"curveData":{"comps":{"cc.Sprite":{"spriteFrame":[{"frame":0,"value":{"__uuid__":"2035YkBo9KiaLYBMJ8M1aQ"}},{"frame":0.016666666666666666,"value":{"__uuid__":"60ytc6U/VMNrN0pcYRQ6hk"}},{"frame":0.03333333333333333,"value":{"__uuid__":"dePUkhiUJNwah2SHOBASs8"}},{"frame":0.05,"value":{"__uuid__":"1dfnam5TxAkKG/F5/m0h0w"}},{"frame":0.06666666666666667,"value":{"__uuid__":"fdgf1Q6slICIdNGHd/br7s"}},{"frame":0.08333333333333333,"value":{"__uuid__":"1dhRQpGcpLzKdZmERap8rb"}},{"frame":0.1,"value":{"__uuid__":"a4vmIcFXNJmLphVhbVAegl"}},{"frame":0.11666666666666667,"value":{"__uuid__":"1cB6PgVyBOjJoQavrXPX2G"}},{"frame":0.13333333333333333,"value":null}]}}}},{"__type__":"cc.SpriteFrame","content":{"name":"02","texture":"d1KKWlhDZKPZRJXtch2SgG","rect":[43,0,256,150],"offset":[-7.5,1],"originalSize":[357,152],"capInsets":[0,0,0,0]}},{"__type__":"cc.SpriteFrame","content":{"name":"07","texture":"8eU5OcbYdIZ5vTtdlQonTA","rect":[31,0,286,149],"offset":[-4.5,1.5],"originalSize":[357,152],"capInsets":[0,0,0,0]}},{"__type__":"cc.SpriteFrame","content":{"name":"03","texture":"fcLLLPpLJGyr8R2j5S+WUm","rect":[63,0,256,150],"offset":[12.5,1],"originalSize":[357,152],"capInsets":[0,0,0,0]}},{"__type__":"cc.SpriteFrame","content":{"name":"05","texture":"e3teRuvV5LTI8sgDLwTDHz","rect":[49,0,256,149],"offset":[-1.5,1.5],"originalSize":[357,152],"capInsets":[0,0,0,0]}}]