[{"__type__":"cc.SpriteFrame","content":{"name":"06","texture":"typdkfce-6baa-443a-9536-c4fd2674a914","rect":[27,4,150,54],"offset":[-57,-1],"originalSize":[318,60],"capInsets":[0,0,0,0]}},{"__type__":"cc.SpriteFrame","content":{"name":"01","texture":"typdk418-6312-4ca1-a1e8-42ed5afbda64","rect":[167,4,150,54],"offset":[83,-1],"originalSize":[318,60],"capInsets":[0,0,0,0]}},{"__type__":"cc.SpriteFrame","content":{"name":"03","texture":"typdke3b-346a-4b64-9539-106a514695c2","rect":[107,4,150,54],"offset":[23,-1],"originalSize":[318,60],"capInsets":[0,0,0,0]}},{"__type__":"cc.AnimationClip","_name":"card_type1","_duration":0.6166666666666667,"speed":0.33,"curveData":{"comps":{"cc.Sprite":{"spriteFrame":[{"frame":0,"value":{"__uuid__":"typdk6d5-1efc-47a4-bdb8-788216bd50af"}},{"frame":0.016666666666666666,"value":{"__uuid__":"typdkb23-7dec-44b0-a233-0e1412911bc9"}},{"frame":0.03333333333333333,"value":{"__uuid__":"typdk82a-3191-48ba-bb08-910ef1a746c0"}},{"frame":0.05,"value":{"__uuid__":"typdkc61-5e47-41ae-a8f3-d24840c95f0d"}},{"frame":0.06666666666666667,"value":{"__uuid__":"typdk9b6-9e07-415a-a8a8-ee0bc98b962f"}},{"frame":0.08333333333333333,"value":{"__uuid__":"typdk196-4638-42a3-9252-cb4b5ddfc5e1"}},{"frame":0.5833333333333334,"value":{"__uuid__":"typdk196-4638-42a3-9252-cb4b5ddfc5e1"}},{"frame":0.6,"value":null}]}}}},{"__type__":"cc.SpriteFrame","content":{"name":"05","texture":"typdkd1b-f5ff-44f9-b90f-ebb86dc5421b","rect":[47,4,150,54],"offset":[-37,-1],"originalSize":[318,60],"capInsets":[0,0,0,0]}},{"__type__":"cc.SpriteFrame","content":{"name":"02","texture":"typdk861-5eee-4647-82a3-41424d61fcbe","rect":[137,4,150,54],"offset":[53,-1],"originalSize":[318,60],"capInsets":[0,0,0,0]}},{"__type__":"cc.SpriteFrame","content":{"name":"04","texture":"typdk76e-96fa-45b3-aca6-5b356cbe61b5","rect":[77,4,150,54],"offset":[-7,-1],"originalSize":[318,60],"capInsets":[0,0,0,0]}}]