[{"__type__":"cc.SpriteFrame","content":{"name":"bg_popup3","texture":"189664600","rect":[72,820,25,24],"offset":[0,0],"originalSize":[25,24],"rotated":1,"capInsets":[12,11,12,11]}},{"__type__":"cc.SpriteFrame","content":{"name":"line","texture":"14a85c1d9","rect":[2,2,869,6],"offset":[-0.5,0],"originalSize":[870,6],"rotated":1,"capInsets":[14,0,14,0]}},[{"__type__":"cc.Prefab","_name":"resultPrefab10","data":{"__id__":1}},{"__type__":"cc.Node","_name":"resultPrefab10","_children":[{"__id__":2},{"__id__":3},{"__id__":4},{"__id__":5},{"__id__":6},{"__id__":7},{"__id__":8},{"__id__":9},{"__id__":10},{"__id__":11},{"__id__":12},{"__id__":13},{"__id__":14},{"__id__":15},{"__id__":16}],"_prefab":{"__type__":"cc.PrefabInfo","root":{"__id__":1},"asset":{"__uuid__":"47ijyyZsxNNZobUJ8t+ibz"},"fileId":"24bceExsAJEpLAzYua1/Exq"},"_contentSize":{"__type__":"cc.Size","width":1150,"height":50},"_anchorPoint":{"__type__":"cc.Vec2","x":0.5,"y":1},"_trs":{"__type__":"TypedArray","ctor":"Float64Array","array":[0,0,0,0,0,0,1,1,1,1]}},{"__type__":"cc.Node","_name":"bg","_parent":{"__id__":1},"_components":[{"__type__":"cc.Sprite","node":{"__id__":2},"_spriteFrame":{"__uuid__":"1cpxv59X9MfZ3n9/PjCYtq"},"_type":1,"_sizeMode":0}],"_prefab":{"__type__":"cc.PrefabInfo","root":{"__id__":1},"asset":{"__uuid__":"47ijyyZsxNNZobUJ8t+ibz"},"fileId":"e3050bAcgNJYLUw/6aBIt2J"},"_contentSize":{"__type__":"cc.Size","width":1150,"height":50},"_trs":{"__type__":"TypedArray","ctor":"Float64Array","array":[0,-25,0,0,0,0,1,1,1,1]}},{"__type__":"cc.Node","_name":"btn_down","_parent":{"__id__":1},"_children":[{"__type__":"cc.Node","_name":"icon","_parent":{"__id__":3},"_prefab":{"__type__":"cc.PrefabInfo","root":{"__id__":1},"asset":{"__uuid__":"47ijyyZsxNNZobUJ8t+ibz"},"fileId":"f9131mx66dDJIdLO0CSXk4O"},"_contentSize":{"__type__":"cc.Size","width":48,"height":29},"_trs":{"__type__":"TypedArray","ctor":"Float64Array","array":[0,0,0,0,0,0,1,1,1,1]}}],"_components":[{"__type__":"cc.Button","node":{"__id__":3},"_N$normalColor":{"__type__":"cc.Color","r":214,"g":214,"b":214},"_N$target":{"__id__":3}}],"_prefab":{"__type__":"cc.PrefabInfo","root":{"__id__":1},"asset":{"__uuid__":"47ijyyZsxNNZobUJ8t+ibz"},"fileId":"8e33eE3julBxozUMcX3enhY"},"_contentSize":{"__type__":"cc.Size","width":80,"height":50},"_trs":{"__type__":"TypedArray","ctor":"Float64Array","array":[544,-23,0,0,0,0,1,1,1,1]}},{"__type__":"cc.Node","_name":"jushu","_parent":{"__id__":1},"_components":[{"__type__":"cc.Label","node":{"__id__":4},"_useOriginalSize":false,"_string":"1","_N$string":"1","_fontSize":32,"_lineHeight":38,"_enableWrapText":false,"_N$file":{"__uuid__":"5f5wQekV1CGpJW2meZozWn"},"_isSystemFontUsed":false,"_N$horizontalAlign":1,"_N$verticalAlign":1,"_N$overflow":2}],"_prefab":{"__type__":"cc.PrefabInfo","root":{"__id__":1},"asset":{"__uuid__":"47ijyyZsxNNZobUJ8t+ibz"},"fileId":"f383aZAacxAMLXZWIu/29qO"},"_color":{"__type__":"cc.Color","r":59,"g":138,"b":133},"_contentSize":{"__type__":"cc.Size","width":35.59,"height":40},"_trs":{"__type__":"TypedArray","ctor":"Float64Array","array":[-540,-20,0,0,0,0,1,1,1,1]}},{"__type__":"cc.Node","_name":"label0","_parent":{"__id__":1},"_components":[{"__type__":"cc.Label","node":{"__id__":5},"_useOriginalSize":false,"_string":"+256","_N$string":"+256","_fontSize":22,"_lineHeight":30,"_N$file":{"__uuid__":"5f5wQekV1CGpJW2meZozWn"},"_isSystemFontUsed":false,"_N$verticalAlign":1}],"_prefab":{"__type__":"cc.PrefabInfo","root":{"__id__":1},"asset":{"__uuid__":"47ijyyZsxNNZobUJ8t+ibz"},"fileId":"a1c6a7bGaRB7Ibbk2f2Nbpn"},"_color":{"__type__":"cc.Color","r":92,"g":129,"b":61},"_contentSize":{"__type__":"cc.Size","width":50.79,"height":30},"_trs":{"__type__":"TypedArray","ctor":"Float64Array","array":[-490,-25,0,0,0,0,1,1,1,1]}},{"__type__":"cc.Node","_name":"label1","_parent":{"__id__":1},"_components":[{"__type__":"cc.Label","node":{"__id__":6},"_useOriginalSize":false,"_string":"+256","_N$string":"+256","_fontSize":22,"_lineHeight":30,"_N$file":{"__uuid__":"5f5wQekV1CGpJW2meZozWn"},"_isSystemFontUsed":false,"_N$verticalAlign":1}],"_prefab":{"__type__":"cc.PrefabInfo","root":{"__id__":1},"asset":{"__uuid__":"47ijyyZsxNNZobUJ8t+ibz"},"fileId":"6609bJRGoNBw6MWDOPcnuLf"},"_color":{"__type__":"cc.Color","r":92,"g":129,"b":61},"_contentSize":{"__type__":"cc.Size","width":50.79,"height":30},"_trs":{"__type__":"TypedArray","ctor":"Float64Array","array":[-381,-25,0,0,0,0,1,1,1,1]}},{"__type__":"cc.Node","_name":"label2","_parent":{"__id__":1},"_components":[{"__type__":"cc.Label","node":{"__id__":7},"_useOriginalSize":false,"_string":"+256","_N$string":"+256","_fontSize":22,"_lineHeight":30,"_N$file":{"__uuid__":"5f5wQekV1CGpJW2meZozWn"},"_isSystemFontUsed":false,"_N$verticalAlign":1}],"_prefab":{"__type__":"cc.PrefabInfo","root":{"__id__":1},"asset":{"__uuid__":"47ijyyZsxNNZobUJ8t+ibz"},"fileId":"c901bygblpCuYnn5xcvhm7/"},"_color":{"__type__":"cc.Color","r":92,"g":129,"b":61},"_contentSize":{"__type__":"cc.Size","width":50.79,"height":30},"_trs":{"__type__":"TypedArray","ctor":"Float64Array","array":[-272,-25,0,0,0,0,1,1,1,1]}},{"__type__":"cc.Node","_name":"label3","_parent":{"__id__":1},"_components":[{"__type__":"cc.Label","node":{"__id__":8},"_useOriginalSize":false,"_string":"+256","_N$string":"+256","_fontSize":22,"_lineHeight":30,"_N$file":{"__uuid__":"5f5wQekV1CGpJW2meZozWn"},"_isSystemFontUsed":false,"_N$verticalAlign":1}],"_prefab":{"__type__":"cc.PrefabInfo","root":{"__id__":1},"asset":{"__uuid__":"47ijyyZsxNNZobUJ8t+ibz"},"fileId":"f6b37GlRzdE+4/M+oh+lCHB"},"_color":{"__type__":"cc.Color","r":92,"g":129,"b":61},"_contentSize":{"__type__":"cc.Size","width":50.79,"height":30},"_trs":{"__type__":"TypedArray","ctor":"Float64Array","array":[-163,-25,0,0,0,0,1,1,1,1]}},{"__type__":"cc.Node","_name":"label4","_parent":{"__id__":1},"_components":[{"__type__":"cc.Label","node":{"__id__":9},"_useOriginalSize":false,"_string":"+256","_N$string":"+256","_fontSize":22,"_lineHeight":30,"_N$file":{"__uuid__":"5f5wQekV1CGpJW2meZozWn"},"_isSystemFontUsed":false,"_N$verticalAlign":1}],"_prefab":{"__type__":"cc.PrefabInfo","root":{"__id__":1},"asset":{"__uuid__":"47ijyyZsxNNZobUJ8t+ibz"},"fileId":"27547WgrkJHvbHMljlAFCLt"},"_color":{"__type__":"cc.Color","r":92,"g":129,"b":61},"_contentSize":{"__type__":"cc.Size","width":50.79,"height":30},"_trs":{"__type__":"TypedArray","ctor":"Float64Array","array":[-54,-25,0,0,0,0,1,1,1,1]}},{"__type__":"cc.Node","_name":"label5","_parent":{"__id__":1},"_components":[{"__type__":"cc.Label","node":{"__id__":10},"_useOriginalSize":false,"_string":"+256","_N$string":"+256","_fontSize":22,"_lineHeight":30,"_N$file":{"__uuid__":"5f5wQekV1CGpJW2meZozWn"},"_isSystemFontUsed":false,"_N$verticalAlign":1}],"_prefab":{"__type__":"cc.PrefabInfo","root":{"__id__":1},"asset":{"__uuid__":"47ijyyZsxNNZobUJ8t+ibz"},"fileId":"d3e5b9+ga9H9Z9KkiSD81m+"},"_color":{"__type__":"cc.Color","r":92,"g":129,"b":61},"_contentSize":{"__type__":"cc.Size","width":50.79,"height":30},"_trs":{"__type__":"TypedArray","ctor":"Float64Array","array":[54,-25,0,0,0,0,1,1,1,1]}},{"__type__":"cc.Node","_name":"label6","_parent":{"__id__":1},"_components":[{"__type__":"cc.Label","node":{"__id__":11},"_useOriginalSize":false,"_string":"+256","_N$string":"+256","_fontSize":22,"_lineHeight":30,"_N$file":{"__uuid__":"5f5wQekV1CGpJW2meZozWn"},"_isSystemFontUsed":false,"_N$verticalAlign":1}],"_prefab":{"__type__":"cc.PrefabInfo","root":{"__id__":1},"asset":{"__uuid__":"47ijyyZsxNNZobUJ8t+ibz"},"fileId":"54a1fslWsNF7apJM4HZ47GF"},"_color":{"__type__":"cc.Color","r":92,"g":129,"b":61},"_contentSize":{"__type__":"cc.Size","width":50.79,"height":30},"_trs":{"__type__":"TypedArray","ctor":"Float64Array","array":[163,-25,0,0,0,0,1,1,1,1]}},{"__type__":"cc.Node","_name":"label7","_parent":{"__id__":1},"_components":[{"__type__":"cc.Label","node":{"__id__":12},"_useOriginalSize":false,"_string":"+256","_N$string":"+256","_fontSize":22,"_lineHeight":30,"_N$file":{"__uuid__":"5f5wQekV1CGpJW2meZozWn"},"_isSystemFontUsed":false,"_N$verticalAlign":1}],"_prefab":{"__type__":"cc.PrefabInfo","root":{"__id__":1},"asset":{"__uuid__":"47ijyyZsxNNZobUJ8t+ibz"},"fileId":"cc339uD5fdEJpB56VpLu1/P"},"_color":{"__type__":"cc.Color","r":92,"g":129,"b":61},"_contentSize":{"__type__":"cc.Size","width":50.79,"height":30},"_trs":{"__type__":"TypedArray","ctor":"Float64Array","array":[272,-25,0,0,0,0,1,1,1,1]}},{"__type__":"cc.Node","_name":"label8","_parent":{"__id__":1},"_components":[{"__type__":"cc.Label","node":{"__id__":13},"_useOriginalSize":false,"_string":"+256","_N$string":"+256","_fontSize":22,"_lineHeight":30,"_N$file":{"__uuid__":"5f5wQekV1CGpJW2meZozWn"},"_isSystemFontUsed":false,"_N$verticalAlign":1}],"_prefab":{"__type__":"cc.PrefabInfo","root":{"__id__":1},"asset":{"__uuid__":"47ijyyZsxNNZobUJ8t+ibz"},"fileId":"89e0e0ROhtLbb23XqwafqnW"},"_color":{"__type__":"cc.Color","r":92,"g":129,"b":61},"_contentSize":{"__type__":"cc.Size","width":50.79,"height":30},"_trs":{"__type__":"TypedArray","ctor":"Float64Array","array":[381,-25,0,0,0,0,1,1,1,1]}},{"__type__":"cc.Node","_name":"label9","_parent":{"__id__":1},"_components":[{"__type__":"cc.Label","node":{"__id__":14},"_useOriginalSize":false,"_string":"+256","_N$string":"+256","_fontSize":22,"_lineHeight":30,"_N$file":{"__uuid__":"5f5wQekV1CGpJW2meZozWn"},"_isSystemFontUsed":false,"_N$verticalAlign":1}],"_prefab":{"__type__":"cc.PrefabInfo","root":{"__id__":1},"asset":{"__uuid__":"47ijyyZsxNNZobUJ8t+ibz"},"fileId":"652a9A6aJtEU6TKLv3U6PXZ"},"_color":{"__type__":"cc.Color","r":92,"g":129,"b":61},"_contentSize":{"__type__":"cc.Size","width":50.79,"height":30},"_trs":{"__type__":"TypedArray","ctor":"Float64Array","array":[490,-25,0,0,0,0,1,1,1,1]}},{"__type__":"cc.Node","_name":"line","_parent":{"__id__":1},"_components":[{"__type__":"cc.Sprite","node":{"__id__":15},"_spriteFrame":{"__uuid__":"2eI1ZxFMJAP63FxiZjaUGS"},"_sizeMode":0}],"_prefab":{"__type__":"cc.PrefabInfo","root":{"__id__":1},"asset":{"__uuid__":"47ijyyZsxNNZobUJ8t+ibz"},"fileId":"bede5jXi5RLKa9iJYD8bNhR"},"_contentSize":{"__type__":"cc.Size","width":1150,"height":5},"_trs":{"__type__":"TypedArray","ctor":"Float64Array","array":[0,-46,0,0,0,0,1,1,1,1]}},{"__type__":"cc.Node","_name":"cardNode","_parent":{"__id__":1},"_children":[{"__type__":"cc.Node","_name":"pos0","_parent":{"__id__":16},"_prefab":{"__type__":"cc.PrefabInfo","root":{"__id__":1},"asset":{"__uuid__":"47ijyyZsxNNZobUJ8t+ibz"},"fileId":"1a4c83XuORG86K2MfJ4gFAy"},"_trs":{"__type__":"TypedArray","ctor":"Float64Array","array":[-490,0,0,0,0,0,1,1,1,1]}},{"__type__":"cc.Node","_name":"pos1","_parent":{"__id__":16},"_prefab":{"__type__":"cc.PrefabInfo","root":{"__id__":1},"asset":{"__uuid__":"47ijyyZsxNNZobUJ8t+ibz"},"fileId":"b1c33pZjIBLjZfMFcTsxD2b"},"_trs":{"__type__":"TypedArray","ctor":"Float64Array","array":[-381,0,0,0,0,0,1,1,1,1]}},{"__type__":"cc.Node","_name":"pos2","_parent":{"__id__":16},"_prefab":{"__type__":"cc.PrefabInfo","root":{"__id__":1},"asset":{"__uuid__":"47ijyyZsxNNZobUJ8t+ibz"},"fileId":"f0ef7/Gik5Kvaj5GEBecNKF"},"_trs":{"__type__":"TypedArray","ctor":"Float64Array","array":[-272,0,0,0,0,0,1,1,1,1]}},{"__type__":"cc.Node","_name":"pos3","_parent":{"__id__":16},"_prefab":{"__type__":"cc.PrefabInfo","root":{"__id__":1},"asset":{"__uuid__":"47ijyyZsxNNZobUJ8t+ibz"},"fileId":"4d0f6rQEaBD7pVNBA8JNOGX"},"_trs":{"__type__":"TypedArray","ctor":"Float64Array","array":[-163,0,0,0,0,0,1,1,1,1]}},{"__type__":"cc.Node","_name":"pos4","_parent":{"__id__":16},"_prefab":{"__type__":"cc.PrefabInfo","root":{"__id__":1},"asset":{"__uuid__":"47ijyyZsxNNZobUJ8t+ibz"},"fileId":"97a1eY3d+FBj4y9SbJ+G3Eh"},"_trs":{"__type__":"TypedArray","ctor":"Float64Array","array":[-54,0,0,0,0,0,1,1,1,1]}},{"__type__":"cc.Node","_name":"pos5","_parent":{"__id__":16},"_prefab":{"__type__":"cc.PrefabInfo","root":{"__id__":1},"asset":{"__uuid__":"47ijyyZsxNNZobUJ8t+ibz"},"fileId":"9751cQXy8xPmqNcwcsw9u3n"},"_trs":{"__type__":"TypedArray","ctor":"Float64Array","array":[54,0,0,0,0,0,1,1,1,1]}},{"__type__":"cc.Node","_name":"pos6","_parent":{"__id__":16},"_prefab":{"__type__":"cc.PrefabInfo","root":{"__id__":1},"asset":{"__uuid__":"47ijyyZsxNNZobUJ8t+ibz"},"fileId":"0407aJ0C19I06dFcf1TbGEM"},"_trs":{"__type__":"TypedArray","ctor":"Float64Array","array":[163,0,0,0,0,0,1,1,1,1]}},{"__type__":"cc.Node","_name":"pos7","_parent":{"__id__":16},"_prefab":{"__type__":"cc.PrefabInfo","root":{"__id__":1},"asset":{"__uuid__":"47ijyyZsxNNZobUJ8t+ibz"},"fileId":"6614beT4ahLjK80af+VdfnN"},"_trs":{"__type__":"TypedArray","ctor":"Float64Array","array":[272,0,0,0,0,0,1,1,1,1]}},{"__type__":"cc.Node","_name":"pos8","_parent":{"__id__":16},"_prefab":{"__type__":"cc.PrefabInfo","root":{"__id__":1},"asset":{"__uuid__":"47ijyyZsxNNZobUJ8t+ibz"},"fileId":"61269N/V2ZHdrW3acsxHLUS"},"_trs":{"__type__":"TypedArray","ctor":"Float64Array","array":[381,0,0,0,0,0,1,1,1,1]}},{"__type__":"cc.Node","_name":"pos9","_parent":{"__id__":16},"_prefab":{"__type__":"cc.PrefabInfo","root":{"__id__":1},"asset":{"__uuid__":"47ijyyZsxNNZobUJ8t+ibz"},"fileId":"cd5a2SX2tpFE52iEtWw3T1q"},"_trs":{"__type__":"TypedArray","ctor":"Float64Array","array":[490,0,0,0,0,0,1,1,1,1]}}],"_prefab":{"__type__":"cc.PrefabInfo","root":{"__id__":1},"asset":{"__uuid__":"47ijyyZsxNNZobUJ8t+ibz"},"fileId":"d314aSAHKJEYp8+jg8Kvz6q"},"_contentSize":{"__type__":"cc.Size","width":1150,"height":120},"_trs":{"__type__":"TypedArray","ctor":"Float64Array","array":[0,-108,0,0,0,0,1,1,1,1]}}]]