[{"__type__":"cc.SpriteFrame","content":{"name":"niuniu_type","texture":"4cTESD2fVF34LGGXYdRUZI","rect":[0,0,181,241],"offset":[-37.5,7.5],"originalSize":[256,256],"capInsets":[0,0,0,0]}},{"__type__":"cc.BitmapFont","_name":"niuniu_type","spriteFrame":{"__uuid__":"01Zh5yt/5KwJKF1sPImHRG"},"fontSize":32,"_fntConfig":{"commonHeight":48,"fontSize":32,"atlasName":"niuniu_type.png","fontDefDictionary":{"9":{"rect":{"x":0,"y":0,"width":0,"height":0},"xOffset":0,"yOffset":0,"xAdvance":0},"32":{"rect":{"x":0,"y":0,"width":0,"height":0},"xOffset":0,"yOffset":0,"xAdvance":1},"19968":{"rect":{"x":0,"y":222,"width":44,"height":19},"xOffset":0,"yOffset":15,"xAdvance":46},"19971":{"rect":{"x":46,"y":133,"width":45,"height":42},"xOffset":0,"yOffset":4,"xAdvance":47},"19977":{"rect":{"x":0,"y":0,"width":46,"height":41},"xOffset":0,"yOffset":5,"xAdvance":48},"20061":{"rect":{"x":47,"y":0,"width":45,"height":45},"xOffset":0,"yOffset":3,"xAdvance":47},"20108":{"rect":{"x":47,"y":46,"width":44,"height":36},"xOffset":0,"yOffset":8,"xAdvance":46},"20116":{"rect":{"x":0,"y":176,"width":45,"height":44},"xOffset":0,"yOffset":4,"xAdvance":47},"20237":{"rect":{"x":46,"y":88,"width":45,"height":44},"xOffset":0,"yOffset":4,"xAdvance":47},"20843":{"rect":{"x":0,"y":88,"width":45,"height":44},"xOffset":0,"yOffset":4,"xAdvance":47},"20845":{"rect":{"x":92,"y":183,"width":44,"height":45},"xOffset":0,"yOffset":3,"xAdvance":46},"22235":{"rect":{"x":137,"y":46,"width":44,"height":42},"xOffset":0,"yOffset":5,"xAdvance":46},"23567":{"rect":{"x":92,"y":46,"width":44,"height":45},"xOffset":0,"yOffset":3,"xAdvance":46},"24377":{"rect":{"x":92,"y":138,"width":44,"height":44},"xOffset":0,"yOffset":4,"xAdvance":46},"26080":{"rect":{"x":46,"y":176,"width":45,"height":45},"xOffset":0,"yOffset":3,"xAdvance":47},"26578":{"rect":{"x":0,"y":133,"width":45,"height":42},"xOffset":0,"yOffset":4,"xAdvance":47},"28856":{"rect":{"x":93,"y":0,"width":44,"height":45},"xOffset":0,"yOffset":3,"xAdvance":46},"29275":{"rect":{"x":137,"y":89,"width":44,"height":45},"xOffset":0,"yOffset":3,"xAdvance":46},"32650":{"rect":{"x":92,"y":92,"width":44,"height":45},"xOffset":0,"yOffset":3,"xAdvance":46},"33457":{"rect":{"x":0,"y":42,"width":46,"height":45},"xOffset":0,"yOffset":3,"xAdvance":48},"39532":{"rect":{"x":137,"y":135,"width":44,"height":45},"xOffset":0,"yOffset":3,"xAdvance":46}},"kerningDict":{}}}]