[{"__type__":"cc.SpriteFrame","content":{"name":"ani_guang06","texture":"207H2iS9FNcpaQR0XEHQoZ","rect":[0,0,495,219],"offset":[0,0],"originalSize":[495,219],"capInsets":[0,0,0,0]}},{"__type__":"cc.SpriteFrame","content":{"name":"ani_guang01","texture":"d6IZhlOtRKdqwvnpJrfMlg","rect":[0,0,495,219],"offset":[0,0],"originalSize":[495,219],"capInsets":[0,0,0,0]}},{"__type__":"cc.SpriteFrame","content":{"name":"ani_guang09","texture":"05oPbVblhNwY27xjiUenHl","rect":[0,0,495,219],"offset":[0,0],"originalSize":[495,219],"capInsets":[0,0,0,0]}},{"__type__":"cc.SpriteFrame","content":{"name":"ani_guang02","texture":"b5r4Pxc+9GO42JUYIt5p1B","rect":[0,0,495,219],"offset":[0,0],"originalSize":[495,219],"capInsets":[0,0,0,0]}},{"__type__":"cc.SpriteFrame","content":{"name":"ani_guang08","texture":"784kBN+p1FJLXy7oDx3zO9","rect":[0,0,495,219],"offset":[0,0],"originalSize":[495,219],"capInsets":[0,0,0,0]}},{"__type__":"cc.AnimationClip","_name":"btn_clubAni","_duration":0.18333333333333332,"speed":0.1,"wrapMode":"2","curveData":{"comps":{"cc.Sprite":{"spriteFrame":[{"frame":0,"value":{"__uuid__":"45WCyt64hCIZ8IUBZ2394+"}},{"frame":0.016666666666666666,"value":{"__uuid__":"9cZHTbEPlET4+kcqXveC/t"}},{"frame":0.03333333333333333,"value":{"__uuid__":"dcq1f+/vNLu5bd793Mmml9"}},{"frame":0.05,"value":{"__uuid__":"c4xlAOs4BA0pp/DB5allBk"}},{"frame":0.06666666666666667,"value":{"__uuid__":"22kaIrgwhAdbs5LRSW3syM"}},{"frame":0.08333333333333333,"value":{"__uuid__":"eadZ2uGctKW4VPVJTXZqCa"}},{"frame":0.1,"value":{"__uuid__":"9ey3D7doVAOo8t30BbOeAH"}},{"frame":0.11666666666666667,"value":{"__uuid__":"4bwbbtYrNNppPKJ1gBVFDw"}},{"frame":0.13333333333333333,"value":{"__uuid__":"4bwbbtYrNNppPKJ1gBVFDw"}},{"frame":0.16666666666666666,"value":{"__uuid__":"45WCyt64hCIZ8IUBZ2394+"}}]}},"props":{"opacity":[{"frame":0.13333333333333333,"value":255},{"frame":0.16666666666666666,"value":0}]}}},{"__type__":"cc.SpriteFrame","content":{"name":"ani_guang05","texture":"6aZi8ClWdGArCLSQTuwFWF","rect":[0,0,495,219],"offset":[0,0],"originalSize":[495,219],"capInsets":[0,0,0,0]}},{"__type__":"cc.SpriteFrame","content":{"name":"ani_guang04","texture":"6fyjHV5iVGQ6ZuOgzGz5D2","rect":[0,0,495,219],"offset":[0,0],"originalSize":[495,219],"capInsets":[0,0,0,0]}},{"__type__":"cc.SpriteFrame","content":{"name":"ani_guang07","texture":"detfpQbH1MBpuP5D+RoV6O","rect":[0,0,495,219],"offset":[0,0],"originalSize":[495,219],"capInsets":[0,0,0,0]}}]