[{"__type__":"cc.SpriteFrame","content":{"name":"btn_lv","texture":"60juiycatGlpUrFUExm24d","rect":[0,0,125,33],"offset":[0,0],"originalSize":[125,33],"capInsets":[0,0,0,0]}},[{"__type__":"cc.Prefab","_name":"msg_type_11","data":{"__id__":1}},{"__type__":"cc.Node","_name":"msg_type_11","_children":[{"__id__":2},{"__id__":3},{"__id__":4},{"__id__":5},{"__id__":6},{"__id__":7},{"__id__":8},{"__id__":9},{"__id__":10},{"__id__":11},{"__id__":12},{"__id__":14},{"__id__":15},{"__id__":16},{"__id__":17},{"__id__":18},{"__id__":19},{"__id__":20},{"__id__":21},{"__id__":22}],"_components":[{"__type__":"2a951APJX1ORbqTXSEWyQ00","node":{"__id__":1},"msgTypeSprite":[{"__uuid__":"164r4Bg61Nt7qzptffmRof"},{"__uuid__":"7edT9q6RBNe4AhDTHMT3n1"}]}],"_prefab":{"__type__":"cc.PrefabInfo","root":{"__id__":1},"asset":{"__uuid__":"47JsPyJ4pB2ojFxtUkOrHQ"},"fileId":"b6y84XdqVIIpv/eYl6kzLH"},"_contentSize":{"__type__":"cc.Size","width":1070,"height":90},"_trs":{"__type__":"TypedArray","ctor":"Float64Array","array":[0,0,0,0,0,0,1,1,1,1]}},{"__type__":"cc.Node","_name":"img_tiaowen01","_parent":{"__id__":1},"_components":[{"__type__":"cc.Sprite","node":{"__id__":2},"_materials":[{"__uuid__":"ecpdLyjvZBwrvm+cedCcQy"}],"_spriteFrame":{"__uuid__":"868MUC+T9JIKzfugjS3Hwm"},"_type":1,"_sizeMode":0},{"__type__":"cc.Widget","node":{"__id__":2},"_alignFlags":45,"_originalWidth":40,"_originalHeight":40}],"_prefab":{"__type__":"cc.PrefabInfo","root":{"__id__":1},"asset":{"__uuid__":"47JsPyJ4pB2ojFxtUkOrHQ"},"fileId":"56dB3Y4fJKZYbIxhx5xwHQ"},"_contentSize":{"__type__":"cc.Size","width":1070,"height":90},"_trs":{"__type__":"TypedArray","ctor":"Float64Array","array":[0,0,0,0,0,0,1,1,1,1]}},{"__type__":"cc.Node","_name":"lb_time","_parent":{"__id__":1},"_components":[{"__type__":"cc.Label","node":{"__id__":3},"_materials":[{"__uuid__":"ecpdLyjvZBwrvm+cedCcQy"}],"_useOriginalSize":false,"_string":"2019-11-12 12:12:12","_N$string":"2019-11-12 12:12:12","_fontSize":18,"_lineHeight":30,"_enableWrapText":false,"_N$file":{"__uuid__":"5f5wQekV1CGpJW2meZozWn"},"_isSystemFontUsed":false,"_N$horizontalAlign":1,"_N$verticalAlign":1,"_N$overflow":3}],"_prefab":{"__type__":"cc.PrefabInfo","root":{"__id__":1},"asset":{"__uuid__":"47JsPyJ4pB2ojFxtUkOrHQ"},"fileId":"10R5RmQflODK35YLyjT2hm"},"_color":{"__type__":"cc.Color","r":112,"g":93,"b":82},"_contentSize":{"__type__":"cc.Size","width":100,"height":67.8},"_trs":{"__type__":"TypedArray","ctor":"Float64Array","array":[-479.304,0,0,0,0,0,1,1,1,1]}},{"__type__":"cc.Node","_name":"lb_execClubName","_parent":{"__id__":1},"_components":[{"__type__":"cc.Label","node":{"__id__":4},"_materials":[{"__uuid__":"ecpdLyjvZBwrvm+cedCcQy"}],"_useOriginalSize":false,"_string":"圈：亲友圈名字","_N$string":"圈：亲友圈名字","_fontSize":20,"_lineHeight":30,"_enableWrapText":false,"_N$file":{"__uuid__":"5f5wQekV1CGpJW2meZozWn"},"_isSystemFontUsed":false,"_N$verticalAlign":1,"_N$overflow":2}],"_prefab":{"__type__":"cc.PrefabInfo","root":{"__id__":1},"asset":{"__uuid__":"47JsPyJ4pB2ojFxtUkOrHQ"},"fileId":"e0GQT+3aZB6LY4c6isdkTD"},"_color":{"__type__":"cc.Color","r":112,"g":93,"b":82},"_contentSize":{"__type__":"cc.Size","width":120,"height":32},"_anchorPoint":{"__type__":"cc.Vec2","y":0.5},"_trs":{"__type__":"TypedArray","ctor":"Float64Array","array":[-421.276,16.575,0,0,0,0,1,1,1,1]}},{"__type__":"cc.Node","_name":"lb_execClubId","_parent":{"__id__":1},"_components":[{"__type__":"cc.Label","node":{"__id__":5},"_materials":[{"__uuid__":"ecpdLyjvZBwrvm+cedCcQy"}],"_useOriginalSize":false,"_string":"ID：123456","_N$string":"ID：123456","_fontSize":20,"_lineHeight":30,"_enableWrapText":false,"_N$file":{"__uuid__":"5f5wQekV1CGpJW2meZozWn"},"_isSystemFontUsed":false,"_N$verticalAlign":1,"_N$overflow":2}],"_prefab":{"__type__":"cc.PrefabInfo","root":{"__id__":1},"asset":{"__uuid__":"47JsPyJ4pB2ojFxtUkOrHQ"},"fileId":"bdj+TQN0RBdrgZ42OOwUGy"},"_color":{"__type__":"cc.Color","r":112,"g":93,"b":82},"_contentSize":{"__type__":"cc.Size","width":120,"height":32},"_anchorPoint":{"__type__":"cc.Vec2","y":0.5},"_trs":{"__type__":"TypedArray","ctor":"Float64Array","array":[-421.276,-16.378,0,0,0,0,1,1,1,1]}},{"__type__":"cc.Node","_name":"lb_execUserName","_parent":{"__id__":1},"_components":[{"__type__":"cc.Label","node":{"__id__":6},"_materials":[{"__uuid__":"ecpdLyjvZBwrvm+cedCcQy"}],"_useOriginalSize":false,"_string":"玩家昵称","_N$string":"玩家昵称","_fontSize":20,"_lineHeight":30,"_enableWrapText":false,"_N$file":{"__uuid__":"5f5wQekV1CGpJW2meZozWn"},"_isSystemFontUsed":false,"_N$verticalAlign":1,"_N$overflow":2}],"_prefab":{"__type__":"cc.PrefabInfo","root":{"__id__":1},"asset":{"__uuid__":"47JsPyJ4pB2ojFxtUkOrHQ"},"fileId":"a4AvDWdopJG7q9ND4Wur6Q"},"_color":{"__type__":"cc.Color","r":112,"g":93,"b":82},"_contentSize":{"__type__":"cc.Size","width":120,"height":32},"_anchorPoint":{"__type__":"cc.Vec2","y":0.5},"_trs":{"__type__":"TypedArray","ctor":"Float64Array","array":[-298.439,16.575,0,0,0,0,1,1,1,1]}},{"__type__":"cc.Node","_name":"lb_execUserId","_parent":{"__id__":1},"_components":[{"__type__":"cc.Label","node":{"__id__":7},"_materials":[{"__uuid__":"ecpdLyjvZBwrvm+cedCcQy"}],"_useOriginalSize":false,"_string":"ID：123456","_N$string":"ID：123456","_fontSize":20,"_lineHeight":30,"_enableWrapText":false,"_N$file":{"__uuid__":"5f5wQekV1CGpJW2meZozWn"},"_isSystemFontUsed":false,"_N$verticalAlign":1,"_N$overflow":2}],"_prefab":{"__type__":"cc.PrefabInfo","root":{"__id__":1},"asset":{"__uuid__":"47JsPyJ4pB2ojFxtUkOrHQ"},"fileId":"4dIcc/KLlEK66l2j43Aiga"},"_color":{"__type__":"cc.Color","r":112,"g":93,"b":82},"_contentSize":{"__type__":"cc.Size","width":120,"height":32},"_anchorPoint":{"__type__":"cc.Vec2","y":0.5},"_trs":{"__type__":"TypedArray","ctor":"Float64Array","array":[-298.439,-16.378,0,0,0,0,1,1,1,1]}},{"__type__":"cc.Node","_name":"img_sai","_parent":{"__id__":1},"_components":[{"__type__":"cc.Sprite","node":{"__id__":8},"_materials":[{"__uuid__":"ecpdLyjvZBwrvm+cedCcQy"}],"_spriteFrame":{"__uuid__":"afEM+r8JdHS7djafKxUSxV"}}],"_prefab":{"__type__":"cc.PrefabInfo","root":{"__id__":1},"asset":{"__uuid__":"47JsPyJ4pB2ojFxtUkOrHQ"},"fileId":"50mdZK13NOHL4Z94IsA4SB"},"_contentSize":{"__type__":"cc.Size","width":21,"height":26},"_trs":{"__type__":"TypedArray","ctor":"Float64Array","array":[-169.202,15,0,0,0,0,1,1,1,1]}},{"__type__":"cc.Node","_name":"lb_execValue","_parent":{"__id__":1},"_components":[{"__type__":"cc.Label","node":{"__id__":9},"_materials":[{"__uuid__":"ecpdLyjvZBwrvm+cedCcQy"}],"_useOriginalSize":false,"_string":"123","_N$string":"123","_fontSize":24,"_lineHeight":30,"_enableWrapText":false,"_N$file":{"__uuid__":"5f5wQekV1CGpJW2meZozWn"},"_isSystemFontUsed":false,"_N$verticalAlign":1,"_N$overflow":2}],"_prefab":{"__type__":"cc.PrefabInfo","root":{"__id__":1},"asset":{"__uuid__":"47JsPyJ4pB2ojFxtUkOrHQ"},"fileId":"cbVgcZY69Dr4VBvfCej7Kf"},"_color":{"__type__":"cc.Color","r":55,"g":155,"b":32},"_contentSize":{"__type__":"cc.Size","width":80,"height":32},"_anchorPoint":{"__type__":"cc.Vec2","y":0.5},"_trs":{"__type__":"TypedArray","ctor":"Float64Array","array":[-151.856,16.575,0,0,0,0,1,1,1,1]}},{"__type__":"cc.Node","_name":"img_sheng","_parent":{"__id__":1},"_components":[{"__type__":"cc.Sprite","node":{"__id__":10},"_materials":[{"__uuid__":"ecpdLyjvZBwrvm+cedCcQy"}],"_spriteFrame":{"__uuid__":"56CHVN+XlN7aCypL67Skdu"}}],"_prefab":{"__type__":"cc.PrefabInfo","root":{"__id__":1},"asset":{"__uuid__":"47JsPyJ4pB2ojFxtUkOrHQ"},"fileId":"54NBg7MahGC7Mv+KnmNMXN"},"_contentSize":{"__type__":"cc.Size","width":21,"height":26},"_trs":{"__type__":"TypedArray","ctor":"Float64Array","array":[-169.202,-15,0,0,0,0,1,1,1,1]}},{"__type__":"cc.Node","_name":"lb_execCurValue","_parent":{"__id__":1},"_components":[{"__type__":"cc.Label","node":{"__id__":11},"_materials":[{"__uuid__":"ecpdLyjvZBwrvm+cedCcQy"}],"_useOriginalSize":false,"_string":"123","_N$string":"123","_fontSize":24,"_lineHeight":30,"_enableWrapText":false,"_N$file":{"__uuid__":"5f5wQekV1CGpJW2meZozWn"},"_isSystemFontUsed":false,"_N$verticalAlign":1,"_N$overflow":2}],"_prefab":{"__type__":"cc.PrefabInfo","root":{"__id__":1},"asset":{"__uuid__":"47JsPyJ4pB2ojFxtUkOrHQ"},"fileId":"a9dCdgGo1NraeC93XnK25Q"},"_color":{"__type__":"cc.Color","r":55,"g":155,"b":32},"_contentSize":{"__type__":"cc.Size","width":80,"height":32},"_anchorPoint":{"__type__":"cc.Vec2","y":0.5},"_trs":{"__type__":"TypedArray","ctor":"Float64Array","array":[-151.856,-16.378,0,0,0,0,1,1,1,1]}},{"__type__":"cc.Node","_name":"btn_jtcheng1","_parent":{"__id__":1},"_children":[{"__id__":13}],"_components":[{"__type__":"cc.Sprite","node":{"__id__":12},"_materials":[{"__uuid__":"ecpdLyjvZBwrvm+cedCcQy"}],"_spriteFrame":{"__uuid__":"f6ari4RPVLrLnlHsAkwUZw"}}],"_prefab":{"__type__":"cc.PrefabInfo","root":{"__id__":1},"asset":{"__uuid__":"47JsPyJ4pB2ojFxtUkOrHQ"},"fileId":"bdSBr7lytHCayNBSsuD0mL"},"_contentSize":{"__type__":"cc.Size","width":63,"height":39},"_trs":{"__type__":"TypedArray","ctor":"Float64Array","array":[-30.298,0,0,0,0,0,1,1,1,1]}},{"__type__":"cc.Node","_name":"lb_opType","_parent":{"__id__":12},"_components":[{"__type__":"cc.Label","node":{"__id__":13},"_materials":[{"__uuid__":"ecpdLyjvZBwrvm+cedCcQy"}],"_useOriginalSize":false,"_string":"审核","_N$string":"审核","_fontSize":18,"_lineHeight":20,"_enableWrapText":false,"_N$file":{"__uuid__":"5f5wQekV1CGpJW2meZozWn"},"_isSystemFontUsed":false,"_N$horizontalAlign":1,"_N$verticalAlign":1}],"_prefab":{"__type__":"cc.PrefabInfo","root":{"__id__":1},"asset":{"__uuid__":"47JsPyJ4pB2ojFxtUkOrHQ"},"fileId":"5cd7yzz8FG17IgX1v9RvN2"},"_contentSize":{"__type__":"cc.Size","width":36,"height":25.2},"_trs":{"__type__":"TypedArray","ctor":"Float64Array","array":[-8.026,0,0,0,0,0,1,1,1,1]}},{"__type__":"cc.Node","_name":"lb_clubName","_parent":{"__id__":1},"_components":[{"__type__":"cc.Label","node":{"__id__":14},"_materials":[{"__uuid__":"ecpdLyjvZBwrvm+cedCcQy"}],"_useOriginalSize":false,"_string":"圈：亲友圈名字","_N$string":"圈：亲友圈名字","_fontSize":20,"_lineHeight":30,"_enableWrapText":false,"_N$file":{"__uuid__":"5f5wQekV1CGpJW2meZozWn"},"_isSystemFontUsed":false,"_N$verticalAlign":1,"_N$overflow":2}],"_prefab":{"__type__":"cc.PrefabInfo","root":{"__id__":1},"asset":{"__uuid__":"47JsPyJ4pB2ojFxtUkOrHQ"},"fileId":"ecNMv2qNpHc6GyyfAQRHfe"},"_color":{"__type__":"cc.Color","r":112,"g":93,"b":82},"_contentSize":{"__type__":"cc.Size","width":120,"height":32},"_anchorPoint":{"__type__":"cc.Vec2","y":0.5},"_trs":{"__type__":"TypedArray","ctor":"Float64Array","array":[13.8,16.575,0,0,0,0,1,1,1,1]}},{"__type__":"cc.Node","_name":"lb_clubId","_parent":{"__id__":1},"_components":[{"__type__":"cc.Label","node":{"__id__":15},"_materials":[{"__uuid__":"ecpdLyjvZBwrvm+cedCcQy"}],"_useOriginalSize":false,"_string":"ID：123456","_N$string":"ID：123456","_fontSize":20,"_lineHeight":30,"_enableWrapText":false,"_N$file":{"__uuid__":"5f5wQekV1CGpJW2meZozWn"},"_isSystemFontUsed":false,"_N$verticalAlign":1,"_N$overflow":2}],"_prefab":{"__type__":"cc.PrefabInfo","root":{"__id__":1},"asset":{"__uuid__":"47JsPyJ4pB2ojFxtUkOrHQ"},"fileId":"8a+b0f8GFBX4IbxhqwFfWF"},"_color":{"__type__":"cc.Color","r":112,"g":93,"b":82},"_contentSize":{"__type__":"cc.Size","width":120,"height":32},"_anchorPoint":{"__type__":"cc.Vec2","y":0.5},"_trs":{"__type__":"TypedArray","ctor":"Float64Array","array":[13.8,-16.378,0,0,0,0,1,1,1,1]}},{"__type__":"cc.Node","_name":"lb_userName","_parent":{"__id__":1},"_components":[{"__type__":"cc.Label","node":{"__id__":16},"_materials":[{"__uuid__":"ecpdLyjvZBwrvm+cedCcQy"}],"_useOriginalSize":false,"_string":"玩家昵称","_N$string":"玩家昵称","_fontSize":20,"_lineHeight":30,"_enableWrapText":false,"_N$file":{"__uuid__":"5f5wQekV1CGpJW2meZozWn"},"_isSystemFontUsed":false,"_N$verticalAlign":1,"_N$overflow":2}],"_prefab":{"__type__":"cc.PrefabInfo","root":{"__id__":1},"asset":{"__uuid__":"47JsPyJ4pB2ojFxtUkOrHQ"},"fileId":"3c5S6LxWpDOa68OMEjbE7t"},"_color":{"__type__":"cc.Color","r":112,"g":93,"b":82},"_contentSize":{"__type__":"cc.Size","width":120,"height":32},"_anchorPoint":{"__type__":"cc.Vec2","y":0.5},"_trs":{"__type__":"TypedArray","ctor":"Float64Array","array":[135.594,16.575,0,0,0,0,1,1,1,1]}},{"__type__":"cc.Node","_name":"lb_userId","_parent":{"__id__":1},"_components":[{"__type__":"cc.Label","node":{"__id__":17},"_materials":[{"__uuid__":"ecpdLyjvZBwrvm+cedCcQy"}],"_useOriginalSize":false,"_string":"ID：123456","_N$string":"ID：123456","_fontSize":20,"_lineHeight":30,"_enableWrapText":false,"_N$file":{"__uuid__":"5f5wQekV1CGpJW2meZozWn"},"_isSystemFontUsed":false,"_N$verticalAlign":1,"_N$overflow":2}],"_prefab":{"__type__":"cc.PrefabInfo","root":{"__id__":1},"asset":{"__uuid__":"47JsPyJ4pB2ojFxtUkOrHQ"},"fileId":"bc6Z3o30RLZ5QW0utoh/2K"},"_color":{"__type__":"cc.Color","r":112,"g":93,"b":82},"_contentSize":{"__type__":"cc.Size","width":120,"height":32},"_anchorPoint":{"__type__":"cc.Vec2","y":0.5},"_trs":{"__type__":"TypedArray","ctor":"Float64Array","array":[135.594,-16.378,0,0,0,0,1,1,1,1]}},{"__type__":"cc.Node","_name":"img_sai","_parent":{"__id__":1},"_components":[{"__type__":"cc.Sprite","node":{"__id__":18},"_materials":[{"__uuid__":"ecpdLyjvZBwrvm+cedCcQy"}],"_spriteFrame":{"__uuid__":"afEM+r8JdHS7djafKxUSxV"}}],"_prefab":{"__type__":"cc.PrefabInfo","root":{"__id__":1},"asset":{"__uuid__":"47JsPyJ4pB2ojFxtUkOrHQ"},"fileId":"cbdN11EeJDxYy0xFIVJD9F"},"_contentSize":{"__type__":"cc.Size","width":21,"height":26},"_trs":{"__type__":"TypedArray","ctor":"Float64Array","array":[272.915,15,0,0,0,0,1,1,1,1]}},{"__type__":"cc.Node","_name":"lb_value","_parent":{"__id__":1},"_components":[{"__type__":"cc.Label","node":{"__id__":19},"_materials":[{"__uuid__":"ecpdLyjvZBwrvm+cedCcQy"}],"_useOriginalSize":false,"_string":"123","_N$string":"123","_fontSize":24,"_lineHeight":30,"_enableWrapText":false,"_N$file":{"__uuid__":"5f5wQekV1CGpJW2meZozWn"},"_isSystemFontUsed":false,"_N$verticalAlign":1,"_N$overflow":2}],"_prefab":{"__type__":"cc.PrefabInfo","root":{"__id__":1},"asset":{"__uuid__":"47JsPyJ4pB2ojFxtUkOrHQ"},"fileId":"f787qCWmtO0LWZTUsH06Dq"},"_color":{"__type__":"cc.Color","r":55,"g":155,"b":32},"_contentSize":{"__type__":"cc.Size","width":80,"height":32},"_anchorPoint":{"__type__":"cc.Vec2","y":0.5},"_trs":{"__type__":"TypedArray","ctor":"Float64Array","array":[290.261,16.575,0,0,0,0,1,1,1,1]}},{"__type__":"cc.Node","_name":"img_sheng","_parent":{"__id__":1},"_components":[{"__type__":"cc.Sprite","node":{"__id__":20},"_materials":[{"__uuid__":"ecpdLyjvZBwrvm+cedCcQy"}],"_spriteFrame":{"__uuid__":"56CHVN+XlN7aCypL67Skdu"}}],"_prefab":{"__type__":"cc.PrefabInfo","root":{"__id__":1},"asset":{"__uuid__":"47JsPyJ4pB2ojFxtUkOrHQ"},"fileId":"88vhsccipBvK84fR9TYKhA"},"_contentSize":{"__type__":"cc.Size","width":21,"height":26},"_trs":{"__type__":"TypedArray","ctor":"Float64Array","array":[272.915,-15,0,0,0,0,1,1,1,1]}},{"__type__":"cc.Node","_name":"lb_curValue","_parent":{"__id__":1},"_components":[{"__type__":"cc.Label","node":{"__id__":21},"_materials":[{"__uuid__":"ecpdLyjvZBwrvm+cedCcQy"}],"_useOriginalSize":false,"_string":"123","_N$string":"123","_fontSize":24,"_lineHeight":30,"_enableWrapText":false,"_N$file":{"__uuid__":"5f5wQekV1CGpJW2meZozWn"},"_isSystemFontUsed":false,"_N$verticalAlign":1,"_N$overflow":2}],"_prefab":{"__type__":"cc.PrefabInfo","root":{"__id__":1},"asset":{"__uuid__":"47JsPyJ4pB2ojFxtUkOrHQ"},"fileId":"d2pHB9Hs5KVbx9Bopp3pPk"},"_color":{"__type__":"cc.Color","r":55,"g":155,"b":32},"_contentSize":{"__type__":"cc.Size","width":80,"height":32},"_anchorPoint":{"__type__":"cc.Vec2","y":0.5},"_trs":{"__type__":"TypedArray","ctor":"Float64Array","array":[290.261,-16.378,0,0,0,0,1,1,1,1]}},{"__type__":"cc.Node","_name":"btn_lv","_parent":{"__id__":1},"_children":[{"__id__":23}],"_components":[{"__type__":"cc.Sprite","node":{"__id__":22},"_materials":[{"__uuid__":"ecpdLyjvZBwrvm+cedCcQy"}],"_spriteFrame":{"__uuid__":"164r4Bg61Nt7qzptffmRof"}}],"_prefab":{"__type__":"cc.PrefabInfo","root":{"__id__":1},"asset":{"__uuid__":"47JsPyJ4pB2ojFxtUkOrHQ"},"fileId":"85OYl3qLhIb4eaw6IDXQuF"},"_contentSize":{"__type__":"cc.Size","width":125,"height":33},"_trs":{"__type__":"TypedArray","ctor":"Float64Array","array":[451.064,0,0,0,0,0,1,1,1,1]}},{"__type__":"cc.Node","_name":"lb_msgType","_parent":{"__id__":22},"_components":[{"__type__":"cc.Label","node":{"__id__":23},"_materials":[{"__uuid__":"ecpdLyjvZBwrvm+cedCcQy"}],"_useOriginalSize":false,"_string":"审核增加","_N$string":"审核增加","_fontSize":18,"_lineHeight":20,"_enableWrapText":false,"_N$file":{"__uuid__":"5f5wQekV1CGpJW2meZozWn"},"_isSystemFontUsed":false,"_N$horizontalAlign":1,"_N$verticalAlign":1}],"_prefab":{"__type__":"cc.PrefabInfo","root":{"__id__":1},"asset":{"__uuid__":"47JsPyJ4pB2ojFxtUkOrHQ"},"fileId":"d7W+KRbOhNiLh6t3ps8m91"},"_color":{"__type__":"cc.Color","r":26,"g":156,"b":12},"_contentSize":{"__type__":"cc.Size","width":72,"height":25.2},"_trs":{"__type__":"TypedArray","ctor":"Float64Array","array":[0,0,0,0,0,0,1,1,1,1]}}],{"__type__":"cc.SpriteFrame","content":{"name":"img_sheng","texture":"a5ic1R9y5OlbZuw5HqcCvv","rect":[0,0,21,26],"offset":[0,0],"originalSize":[21,26],"capInsets":[0,0,0,0]}},{"__type__":"cc.SpriteFrame","content":{"name":"btn_cheng","texture":"a8leG8L31IpZe4RrK/gZXI","rect":[0,0,121,33],"offset":[0,0],"originalSize":[121,33],"capInsets":[0,0,0,0]}},{"__type__":"cc.SpriteFrame","content":{"name":"bg_content_list","texture":"94rptFkJxBt7xk09keWqcA","rect":[0,0,101,93],"offset":[0,0],"originalSize":[101,93],"capInsets":[37,38,32,37]}},{"__type__":"cc.SpriteFrame","content":{"name":"img_sai","texture":"ddT18HAchF54OpxZYpwmTv","rect":[0,0,21,26],"offset":[0,0],"originalSize":[21,26],"capInsets":[0,0,0,0]}},{"__type__":"cc.SpriteFrame","content":{"name":"btn_jtcheng1","texture":"af/hf2tzZMXKp5eWC5T3RH","rect":[0,0,63,39],"offset":[0,0],"originalSize":[63,39],"capInsets":[0,0,0,0]}}]