[{"__type__":"cc.SpriteFrame","content":{"name":"img_yel_down02","texture":"afkKNIIFdA5pXQl09RYRAP","rect":[0,0,151,101],"offset":[0,0],"originalSize":[151,101],"capInsets":[20,20,20,20]}},{"__type__":"cc.SpriteFrame","content":{"name":"img_wjz2","texture":"71bQEBLwFDvLlk89Rh75Vr","rect":[0,0,59,32],"offset":[0,0],"originalSize":[59,32],"capInsets":[0,0,0,0]}},{"__type__":"cc.SpriteFrame","content":{"name":"hh_face_dao_24","texture":"831BmxbbRO+IuhJucoIFO0","rect":[0,0,47,76],"offset":[0,0],"originalSize":[47,76],"capInsets":[0,0,0,0]}},{"__type__":"cc.SpriteFrame","content":{"name":"img_jz","texture":"d2He1nCh5PVZwXSIg37nVp","rect":[0,0,59,32],"offset":[0,0],"originalSize":[59,32],"capInsets":[0,0,0,0]}},{"__type__":"cc.SpriteFrame","content":{"name":"img_ze8","texture":"bcoHesq7hBKbz1SfnCk+89","rect":[0,0,35,32],"offset":[0,0],"originalSize":[35,32],"capInsets":[0,0,0,0]}},{"__type__":"cc.SpriteFrame","content":{"name":"img_chong","texture":"5aN40AdgZIB5B4C3RpCRCp","rect":[0,0,35,32],"offset":[0,0],"originalSize":[35,32],"capInsets":[0,0,0,0]}},{"__type__":"cc.SpriteFrame","content":{"name":"icon_z","texture":"b6pJSXjMlFabEhHZi0Cyop","rect":[0,0,38,39],"offset":[0,0],"originalSize":[38,39],"capInsets":[0,0,0,0]}},{"__type__":"cc.SpriteFrame","content":{"name":"img_ting","texture":"19fPNjytpNILI/MWvv6tx4","rect":[0,0,32,33],"offset":[0,0],"originalSize":[32,33],"capInsets":[0,0,0,0]}},{"__type__":"cc.SpriteFrame","content":{"name":"img_ze","texture":"33FveYF0xLi7sFXr9mF1rt","rect":[0,0,35,32],"offset":[0,0],"originalSize":[35,32],"capInsets":[0,0,0,0]}},[{"__type__":"cc.Prefab","_name":"gyzjmj_winlost_child","data":{"__id__":1}},{"__type__":"cc.Node","_name":"gyzjmj_winlost_child","_children":[{"__id__":2},{"__id__":10},{"__id__":13},{"__id__":19},{"__id__":29}],"_components":[{"__type__":"cc.Sprite","node":{"__id__":1},"_materials":[{"__uuid__":"ecpdLyjvZBwrvm+cedCcQy"}],"_spriteFrame":{"__uuid__":"4fi7aQRSpFn6b1ZZhTPwm7"},"_type":1,"_sizeMode":0},{"__type__":"6d6a4neboNFs68exCP6Okjy","node":{"__id__":1},"icon":[null,{"__uuid__":"98p/jwRGtDa52Ddzy7uocs"},{"__uuid__":"faXfuiFbFNFKx2uQYpvnB0"},{"__uuid__":"c0mHqMMcJAcoH/rLxmncsf"},{"__uuid__":"98fWqXw2ZCiYEMF6Wf2Q4h"}]}],"_prefab":{"__type__":"cc.PrefabInfo","root":{"__id__":1},"asset":{"__uuid__":"dbgCqAopdBzaRGmdLRWP4a"},"fileId":"63pxgAAtREIIrIADgbxIpT"},"_contentSize":{"__type__":"cc.Size","width":1230,"height":101},"_anchorPoint":{"__type__":"cc.Vec2","x":0.5,"y":1},"_trs":{"__type__":"TypedArray","ctor":"Float64Array","array":[0,0,0,0,0,0,1,1,1,1]}},{"__type__":"cc.Node","_name":"user_info","_parent":{"__id__":1},"_children":[{"__id__":3},{"__id__":4},{"__id__":5},{"__id__":6},{"__id__":7},{"__id__":8},{"__id__":9}],"_prefab":{"__type__":"cc.PrefabInfo","root":{"__id__":1},"asset":{"__uuid__":"dbgCqAopdBzaRGmdLRWP4a"},"fileId":"42/GTmtMZLzJ8oUiNrNX6l"},"_trs":{"__type__":"TypedArray","ctor":"Float64Array","array":[-87,-148,0,0,0,0,1,1,1,1]}},{"__type__":"cc.Node","_name":"head_img","_parent":{"__id__":2},"_components":[{"__type__":"cc.Sprite","node":{"__id__":3},"_materials":[{"__uuid__":"ecpdLyjvZBwrvm+cedCcQy"}],"_spriteFrame":{"__uuid__":"e6JNuRrHVFM4KYnmai3HR+"},"_sizeMode":0,"_isTrimmedMode":false},{"__type__":"f42b8ZzNWFKKI/QT/n8cR1+","node":{"__id__":3}}],"_prefab":{"__type__":"cc.PrefabInfo","root":{"__id__":1},"asset":{"__uuid__":"dbgCqAopdBzaRGmdLRWP4a"},"fileId":"c725TLJpJJo69oit1L/OFo"},"_contentSize":{"__type__":"cc.Size","width":60,"height":60},"_trs":{"__type__":"TypedArray","ctor":"Float64Array","array":[-491.3,100.4,0,0,0,0,1,1,1,1]}},{"__type__":"cc.Node","_name":"lable_name","_parent":{"__id__":2},"_components":[{"__type__":"cc.Label","node":{"__id__":4},"_materials":[{"__uuid__":"ecpdLyjvZBwrvm+cedCcQy"}],"_useOriginalSize":false,"_string":"丸子科丸丸","_N$string":"丸子科丸丸","_fontSize":20,"_lineHeight":20,"_N$file":{"__uuid__":"5f5wQekV1CGpJW2meZozWn"},"_isSystemFontUsed":false,"_N$verticalAlign":1,"_N$overflow":2}],"_prefab":{"__type__":"cc.PrefabInfo","root":{"__id__":1},"asset":{"__uuid__":"dbgCqAopdBzaRGmdLRWP4a"},"fileId":"99b3/YiyJAXYIlqFuWp2hy"},"_color":{"__type__":"cc.Color","r":138,"g":55},"_contentSize":{"__type__":"cc.Size","width":100,"height":20},"_trs":{"__type__":"TypedArray","ctor":"Float64Array","array":[-394.4,132.6,0,0,0,0,1,1,1,1]}},{"__type__":"cc.Node","_name":"label_id","_parent":{"__id__":2},"_components":[{"__type__":"cc.Label","node":{"__id__":5},"_materials":[{"__uuid__":"ecpdLyjvZBwrvm+cedCcQy"}],"_useOriginalSize":false,"_string":"ID:142536","_N$string":"ID:142536","_fontSize":20,"_lineHeight":20,"_N$file":{"__uuid__":"5f5wQekV1CGpJW2meZozWn"},"_isSystemFontUsed":false,"_N$verticalAlign":1,"_N$overflow":2}],"_prefab":{"__type__":"cc.PrefabInfo","root":{"__id__":1},"asset":{"__uuid__":"dbgCqAopdBzaRGmdLRWP4a"},"fileId":"1cpCVqZABAFqmxNtrywD/K"},"_color":{"__type__":"cc.Color","r":205,"g":82,"b":1},"_contentSize":{"__type__":"cc.Size","width":100,"height":20},"_trs":{"__type__":"TypedArray","ctor":"Float64Array","array":[-260.2,132.1,0,0,0,0,1,1,1,1]}},{"__type__":"cc.Node","_name":"baoting","_parent":{"__id__":2},"_active":false,"_components":[{"__type__":"cc.Sprite","node":{"__id__":6},"_materials":[{"__uuid__":"ecpdLyjvZBwrvm+cedCcQy"}],"_spriteFrame":{"__uuid__":"b2TvRe2k9CAIhBfeEBl/KU"}}],"_prefab":{"__type__":"cc.PrefabInfo","root":{"__id__":1},"asset":{"__uuid__":"dbgCqAopdBzaRGmdLRWP4a"},"fileId":"fbktWFYuFF1r2oTZEiypCd"},"_contentSize":{"__type__":"cc.Size","width":32,"height":33},"_trs":{"__type__":"TypedArray","ctor":"Float64Array","array":[-511.565,121.182,0,0,0,0,1,1,1,1]}},{"__type__":"cc.Node","_name":"weijiaozui","_parent":{"__id__":2},"_active":false,"_components":[{"__type__":"cc.Sprite","node":{"__id__":7},"_materials":[{"__uuid__":"ecpdLyjvZBwrvm+cedCcQy"}],"_spriteFrame":{"__uuid__":"53/go55DhOs6he44tpLafQ"}}],"_prefab":{"__type__":"cc.PrefabInfo","root":{"__id__":1},"asset":{"__uuid__":"dbgCqAopdBzaRGmdLRWP4a"},"fileId":"dcyaQ8HEdKTLHpc7WLs8eL"},"_contentSize":{"__type__":"cc.Size","width":59,"height":32},"_trs":{"__type__":"TypedArray","ctor":"Float64Array","array":[-473.383,131.124,0,0,0,0,1,0.8,0.8,1]}},{"__type__":"cc.Node","_name":"jiaozui","_parent":{"__id__":2},"_active":false,"_components":[{"__type__":"cc.Sprite","node":{"__id__":8},"_materials":[{"__uuid__":"ecpdLyjvZBwrvm+cedCcQy"}],"_spriteFrame":{"__uuid__":"7eFb6es0VFmbQZkRBzHlC8"}}],"_prefab":{"__type__":"cc.PrefabInfo","root":{"__id__":1},"asset":{"__uuid__":"dbgCqAopdBzaRGmdLRWP4a"},"fileId":"000nu7LhtB9Y+ClHXniOH/"},"_contentSize":{"__type__":"cc.Size","width":59,"height":32},"_trs":{"__type__":"TypedArray","ctor":"Float64Array","array":[-473.146,131.685,0,0,0,0,1,0.8,0.8,1]}},{"__type__":"cc.Node","_name":"zhuangjia","_parent":{"__id__":2},"_components":[{"__type__":"cc.Sprite","node":{"__id__":9},"_materials":[{"__uuid__":"ecpdLyjvZBwrvm+cedCcQy"}],"_spriteFrame":{"__uuid__":"a0QEigSsBNXYudSEIwKRcD"}}],"_prefab":{"__type__":"cc.PrefabInfo","root":{"__id__":1},"asset":{"__uuid__":"dbgCqAopdBzaRGmdLRWP4a"},"fileId":"b9zjQg2PtHXIp4VGeyliTe"},"_contentSize":{"__type__":"cc.Size","width":38,"height":39},"_trs":{"__type__":"TypedArray","ctor":"Float64Array","array":[-473.9,83.8,0,0,0,0,1,0.7,0.7,1]}},{"__type__":"cc.Node","_name":"showcard","_parent":{"__id__":1},"_children":[{"__id__":11},{"__id__":12}],"_components":[{"__type__":"cc.Layout","node":{"__id__":10},"_layoutSize":{"__type__":"cc.Size","width":1455,"height":120},"_N$layoutType":1,"_N$spacingX":33,"_N$horizontalDirection":1},{"__type__":"d652dOSWmZOH4LQ2s4QX+6Z","node":{"__id__":10},"sp_in":{"__id__":11}}],"_prefab":{"__type__":"cc.PrefabInfo","root":{"__id__":1},"asset":{"__uuid__":"dbgCqAopdBzaRGmdLRWP4a"},"fileId":"3a0/K14CJMwqNyyE77cteY"},"_contentSize":{"__type__":"cc.Size","width":1455,"height":120},"_anchorPoint":{"__type__":"cc.Vec2","x":1,"y":0.5},"_trs":{"__type__":"TypedArray","ctor":"Float64Array","array":[180,-63,0,0,0,0,1,0.5,0.5,1]}},{"__type__":"cc.Node","_name":"sp_in","_parent":{"__id__":10},"_components":[{"__type__":"cc.Sprite","node":{"__id__":11},"_materials":[{"__uuid__":"ecpdLyjvZBwrvm+cedCcQy"}],"_spriteFrame":{"__uuid__":"58AxocUUtIiKDR0Vq57M6i"}}],"_prefab":{"__type__":"cc.PrefabInfo","root":{"__id__":1},"asset":{"__uuid__":"dbgCqAopdBzaRGmdLRWP4a"},"fileId":"20RYaoPP1L4KB/NBD+Y1l+"},"_contentSize":{"__type__":"cc.Size","width":47,"height":76},"_trs":{"__type__":"TypedArray","ctor":"Float64Array","array":[-23.5,-2,0,0,0,0,1,1.7,1.7,1]}},{"__type__":"cc.Node","_name":"empty","_parent":{"__id__":10},"_components":[{"__type__":"cc.Sprite","node":{"__id__":12}}],"_prefab":{"__type__":"cc.PrefabInfo","root":{"__id__":1},"asset":{"__uuid__":"dbgCqAopdBzaRGmdLRWP4a"},"fileId":"0d1Kw6hR9H9JpFxsOf9vrg"},"_contentSize":{"__type__":"cc.Size","width":10,"height":118},"_trs":{"__type__":"TypedArray","ctor":"Float64Array","array":[-85,0,0,0,0,0,1,1,1,1]}},{"__type__":"cc.Node","_name":"downcard","_parent":{"__id__":1},"_children":[{"__id__":14}],"_components":[{"__type__":"cc.Layout","node":{"__id__":13},"_layoutSize":{"__type__":"cc.Size","width":245,"height":120},"_resize":1,"_N$layoutType":1,"_N$spacingX":5},{"__type__":"9c90dJMeH1Nu6rMQ0rNGh5U","node":{"__id__":13}}],"_prefab":{"__type__":"cc.PrefabInfo","root":{"__id__":1},"asset":{"__uuid__":"dbgCqAopdBzaRGmdLRWP4a"},"fileId":"48TJd7x4lNNa0ilWvQsEpO"},"_contentSize":{"__type__":"cc.Size","width":245,"height":120},"_anchorPoint":{"__type__":"cc.Vec2","y":0.5},"_trs":{"__type__":"TypedArray","ctor":"Float64Array","array":[-540,-63,0,0,0,0,1,0.5,0.5,1]}},{"__type__":"cc.Node","_name":"down01","_parent":{"__id__":13},"_children":[{"__id__":15},{"__id__":16},{"__id__":17},{"__id__":18}],"_prefab":{"__type__":"cc.PrefabInfo","root":{"__id__":1},"asset":{"__uuid__":"dbgCqAopdBzaRGmdLRWP4a"},"fileId":"a4tXaDsOVAtaK1cUYlH+Rp"},"_contentSize":{"__type__":"cc.Size","width":245,"height":118},"_trs":{"__type__":"TypedArray","ctor":"Float64Array","array":[122.5,0,0,0,0,0,1,1,1,1]}},{"__type__":"cc.Node","_name":"card01","_parent":{"__id__":14},"_components":[{"__type__":"cc.Sprite","node":{"__id__":15},"_materials":[{"__uuid__":"ecpdLyjvZBwrvm+cedCcQy"}],"_spriteFrame":{"__uuid__":"58AxocUUtIiKDR0Vq57M6i"}}],"_prefab":{"__type__":"cc.PrefabInfo","root":{"__id__":1},"asset":{"__uuid__":"dbgCqAopdBzaRGmdLRWP4a"},"fileId":"f74tCLAhZISpPZApuRZnVM"},"_contentSize":{"__type__":"cc.Size","width":47,"height":76},"_trs":{"__type__":"TypedArray","ctor":"Float64Array","array":[-76,0,0,0,0,0,1,1.7,1.7,1]}},{"__type__":"cc.Node","_name":"card02","_parent":{"__id__":14},"_components":[{"__type__":"cc.Sprite","node":{"__id__":16},"_materials":[{"__uuid__":"ecpdLyjvZBwrvm+cedCcQy"}],"_spriteFrame":{"__uuid__":"58AxocUUtIiKDR0Vq57M6i"}}],"_prefab":{"__type__":"cc.PrefabInfo","root":{"__id__":1},"asset":{"__uuid__":"dbgCqAopdBzaRGmdLRWP4a"},"fileId":"f0qTQc779LobOtG5NzjF6d"},"_contentSize":{"__type__":"cc.Size","width":47,"height":76},"_trs":{"__type__":"TypedArray","ctor":"Float64Array","array":[5,0,0,0,0,0,1,1.7,1.7,1]}},{"__type__":"cc.Node","_name":"card03","_parent":{"__id__":14},"_components":[{"__type__":"cc.Sprite","node":{"__id__":17},"_materials":[{"__uuid__":"ecpdLyjvZBwrvm+cedCcQy"}],"_spriteFrame":{"__uuid__":"58AxocUUtIiKDR0Vq57M6i"}}],"_prefab":{"__type__":"cc.PrefabInfo","root":{"__id__":1},"asset":{"__uuid__":"dbgCqAopdBzaRGmdLRWP4a"},"fileId":"60MBzWxZBH05yXgczO/eMC"},"_contentSize":{"__type__":"cc.Size","width":47,"height":76},"_trs":{"__type__":"TypedArray","ctor":"Float64Array","array":[86,0,0,0,0,0,1,1.7,1.7,1]}},{"__type__":"cc.Node","_name":"card04","_parent":{"__id__":14},"_components":[{"__type__":"cc.Sprite","node":{"__id__":18},"_materials":[{"__uuid__":"ecpdLyjvZBwrvm+cedCcQy"}],"_spriteFrame":{"__uuid__":"58AxocUUtIiKDR0Vq57M6i"}}],"_prefab":{"__type__":"cc.PrefabInfo","root":{"__id__":1},"asset":{"__uuid__":"dbgCqAopdBzaRGmdLRWP4a"},"fileId":"20HqJ76BtBv4AHEeAhD40Y"},"_contentSize":{"__type__":"cc.Size","width":47,"height":76},"_trs":{"__type__":"TypedArray","ctor":"Float64Array","array":[5.6,13.9,0,0,0,0,1,1.7,1.7,1]}},{"__type__":"cc.Node","_name":"jiesuan","_parent":{"__id__":1},"_children":[{"__id__":20},{"__id__":21},{"__id__":24},{"__id__":27},{"__id__":28}],"_prefab":{"__type__":"cc.PrefabInfo","root":{"__id__":1},"asset":{"__uuid__":"dbgCqAopdBzaRGmdLRWP4a"},"fileId":"12/JG84QZPPZPJtvjek7U8"},"_trs":{"__type__":"TypedArray","ctor":"Float64Array","array":[141,-153,0,0,0,0,1,1,1,1]}},{"__type__":"cc.Node","_name":"hutype","_parent":{"__id__":19},"_components":[{"__type__":"cc.Label","node":{"__id__":20},"_materials":[{"__uuid__":"ecpdLyjvZBwrvm+cedCcQy"}],"_string":"点","_N$string":"点","_N$file":{"__uuid__":"5f5wQekV1CGpJW2meZozWn"},"_isSystemFontUsed":false}],"_prefab":{"__type__":"cc.PrefabInfo","root":{"__id__":1},"asset":{"__uuid__":"dbgCqAopdBzaRGmdLRWP4a"},"fileId":"b49JkMUXhJ4ojzD/9j7Fv5"},"_color":{"__type__":"cc.Color","r":255},"_contentSize":{"__type__":"cc.Size","width":40,"height":50.4},"_trs":{"__type__":"TypedArray","ctor":"Float64Array","array":[123,94.542,0,0,0,0,1,1,1,1]}},{"__type__":"cc.Node","_name":"pai_demo","_parent":{"__id__":19},"_children":[{"__id__":22},{"__id__":23}],"_active":false,"_components":[{"__type__":"cc.Layout","node":{"__id__":21},"_layoutSize":{"__type__":"cc.Size","width":98.98,"height":32},"_resize":1,"_N$layoutType":1}],"_prefab":{"__type__":"cc.PrefabInfo","root":{"__id__":1},"asset":{"__uuid__":"dbgCqAopdBzaRGmdLRWP4a"},"fileId":"178eNta3RFQLbOvIF0gSlX"},"_contentSize":{"__type__":"cc.Size","width":98.98,"height":32},"_trs":{"__type__":"TypedArray","ctor":"Float64Array","array":[0,0,0,0,0,0,1,1,1,1]}},{"__type__":"cc.Node","_name":"icon","_parent":{"__id__":21},"_components":[{"__type__":"cc.Sprite","node":{"__id__":22},"_materials":[{"__uuid__":"ecpdLyjvZBwrvm+cedCcQy"}],"_sizeMode":0}],"_prefab":{"__type__":"cc.PrefabInfo","root":{"__id__":1},"asset":{"__uuid__":"dbgCqAopdBzaRGmdLRWP4a"},"fileId":"1fvWf8TXVAQpJ0mL2XhARI"},"_contentSize":{"__type__":"cc.Size","width":21,"height":30},"_trs":{"__type__":"TypedArray","ctor":"Float64Array","array":[-38.99,0,0,0,0,0,1,1,1,1]}},{"__type__":"cc.Node","_name":"lb","_parent":{"__id__":21},"_components":[{"__type__":"cc.Label","node":{"__id__":23},"_materials":[{"__uuid__":"ecpdLyjvZBwrvm+cedCcQy"}],"_useOriginalSize":false,"_string":"明杠: +0","_N$string":"明杠: +0","_fontSize":20,"_lineHeight":25,"_N$file":{"__uuid__":"5f5wQekV1CGpJW2meZozWn"},"_isSystemFontUsed":false,"_N$verticalAlign":1},{"__type__":"cc.LabelOutline","node":{"__id__":23},"_color":{"__type__":"cc.Color","r":102,"g":34,"b":2},"_width":2}],"_prefab":{"__type__":"cc.PrefabInfo","root":{"__id__":1},"asset":{"__uuid__":"dbgCqAopdBzaRGmdLRWP4a"},"fileId":"feEm6U8bBJ2LexYfGfmvw/"},"_color":{"__type__":"cc.Color","r":236,"g":155,"b":72},"_contentSize":{"__type__":"cc.Size","width":77.98,"height":35.5},"_anchorPoint":{"__type__":"cc.Vec2","y":0.5},"_trs":{"__type__":"TypedArray","ctor":"Float64Array","array":[-28.490000000000002,0.765,0,0,0,0,1,1,1,1]}},{"__type__":"cc.Node","_name":"icon_demo","_parent":{"__id__":19},"_children":[{"__id__":25},{"__id__":26}],"_active":false,"_components":[{"__type__":"cc.Layout","node":{"__id__":24},"_layoutSize":{"__type__":"cc.Size","width":112.98,"height":32},"_resize":1,"_N$layoutType":1}],"_prefab":{"__type__":"cc.PrefabInfo","root":{"__id__":1},"asset":{"__uuid__":"dbgCqAopdBzaRGmdLRWP4a"},"fileId":"1d7K2SA2lITLF0QyoLZELb"},"_contentSize":{"__type__":"cc.Size","width":112.98,"height":32},"_trs":{"__type__":"TypedArray","ctor":"Float64Array","array":[0,0,0,0,0,0,1,1,1,1]}},{"__type__":"cc.Node","_name":"icon","_parent":{"__id__":24},"_components":[{"__type__":"cc.Sprite","node":{"__id__":25},"_materials":[{"__uuid__":"ecpdLyjvZBwrvm+cedCcQy"}]}],"_prefab":{"__type__":"cc.PrefabInfo","root":{"__id__":1},"asset":{"__uuid__":"dbgCqAopdBzaRGmdLRWP4a"},"fileId":"83TUaovfJNjoXUzCsK4tci"},"_contentSize":{"__type__":"cc.Size","width":35,"height":32},"_trs":{"__type__":"TypedArray","ctor":"Float64Array","array":[-38.99,0,0,0,0,0,1,1,1,1]}},{"__type__":"cc.Node","_name":"lb","_parent":{"__id__":24},"_components":[{"__type__":"cc.Label","node":{"__id__":26},"_materials":[{"__uuid__":"ecpdLyjvZBwrvm+cedCcQy"}],"_useOriginalSize":false,"_string":"明杠: +0","_N$string":"明杠: +0","_fontSize":20,"_lineHeight":25,"_N$file":{"__uuid__":"5f5wQekV1CGpJW2meZozWn"},"_isSystemFontUsed":false,"_N$verticalAlign":1},{"__type__":"cc.LabelOutline","node":{"__id__":26},"_color":{"__type__":"cc.Color","r":102,"g":34,"b":2},"_width":2}],"_prefab":{"__type__":"cc.PrefabInfo","root":{"__id__":1},"asset":{"__uuid__":"dbgCqAopdBzaRGmdLRWP4a"},"fileId":"4dVL/zxEdElbo9yXRR8LkM"},"_color":{"__type__":"cc.Color","r":236,"g":155,"b":72},"_contentSize":{"__type__":"cc.Size","width":77.98,"height":35.5},"_anchorPoint":{"__type__":"cc.Vec2","y":0.5},"_trs":{"__type__":"TypedArray","ctor":"Float64Array","array":[-21.490000000000002,0.765,0,0,0,0,1,1,1,1]}},{"__type__":"cc.Node","_name":"lb_demo","_parent":{"__id__":19},"_active":false,"_components":[{"__type__":"cc.Label","node":{"__id__":27},"_materials":[{"__uuid__":"ecpdLyjvZBwrvm+cedCcQy"}],"_useOriginalSize":false,"_string":"明杠: +0","_N$string":"明杠: +0","_fontSize":20,"_lineHeight":25,"_N$file":{"__uuid__":"5f5wQekV1CGpJW2meZozWn"},"_isSystemFontUsed":false,"_N$verticalAlign":1},{"__type__":"cc.LabelOutline","node":{"__id__":27},"_color":{"__type__":"cc.Color","r":102,"g":34,"b":2},"_width":2}],"_prefab":{"__type__":"cc.PrefabInfo","root":{"__id__":1},"asset":{"__uuid__":"dbgCqAopdBzaRGmdLRWP4a"},"fileId":"8ae47uP9BKFpMQb/oGfBdP"},"_color":{"__type__":"cc.Color","r":236,"g":155,"b":72},"_contentSize":{"__type__":"cc.Size","width":77.98,"height":35.5},"_trs":{"__type__":"TypedArray","ctor":"Float64Array","array":[0,0,0,0,0,0,1,1,1,1]}},{"__type__":"cc.Node","_name":"label_lists","_parent":{"__id__":19},"_components":[{"__type__":"cc.Layout","node":{"__id__":28},"_layoutSize":{"__type__":"cc.Size","width":661.84,"height":30},"_resize":1,"_N$layoutType":1,"_N$spacingX":10}],"_prefab":{"__type__":"cc.PrefabInfo","root":{"__id__":1},"asset":{"__uuid__":"dbgCqAopdBzaRGmdLRWP4a"},"fileId":"3aBdI8U5xA6IzHUtV4Hgyv"},"_contentSize":{"__type__":"cc.Size","width":661.84,"height":30},"_anchorPoint":{"__type__":"cc.Vec2","y":0.5},"_trs":{"__type__":"TypedArray","ctor":"Float64Array","array":[-433,135,0,0,0,0,1,1,1,1]}},{"__type__":"cc.Node","_name":"record","_parent":{"__id__":1},"_children":[{"__id__":30},{"__id__":31}],"_prefab":{"__type__":"cc.PrefabInfo","root":{"__id__":1},"asset":{"__uuid__":"dbgCqAopdBzaRGmdLRWP4a"},"fileId":"8fkJlqtGBGxpTAgYDesWL2"},"_trs":{"__type__":"TypedArray","ctor":"Float64Array","array":[-103,-153,0,0,0,0,1,1,1,1]}},{"__type__":"cc.Node","_name":"lb_record_win","_parent":{"__id__":29},"_components":[{"__type__":"cc.Label","node":{"__id__":30},"_materials":[{"__uuid__":"ecpdLyjvZBwrvm+cedCcQy"}],"_useOriginalSize":false,"_string":"+100","_N$string":"+100","_fontSize":32,"_N$file":{"__uuid__":"72IVOMk1hKZ49cj8VmMTmu"},"_isSystemFontUsed":false,"_N$overflow":2}],"_prefab":{"__type__":"cc.PrefabInfo","root":{"__id__":1},"asset":{"__uuid__":"dbgCqAopdBzaRGmdLRWP4a"},"fileId":"56UFMAsclKZqEdv1YqeeWI"},"_contentSize":{"__type__":"cc.Size","width":220,"height":40},"_anchorPoint":{"__type__":"cc.Vec2","y":0.5},"_trs":{"__type__":"TypedArray","ctor":"Float64Array","array":[432.3,95,0,0,0,0,1,1,1,1]}},{"__type__":"cc.Node","_name":"lb_record_lost","_parent":{"__id__":29},"_components":[{"__type__":"cc.Label","node":{"__id__":31},"_materials":[{"__uuid__":"ecpdLyjvZBwrvm+cedCcQy"}],"_useOriginalSize":false,"_string":"-100","_N$string":"-100","_fontSize":35,"_N$file":{"__uuid__":"59kzsyiIFGS5Deoo4o1bsG"},"_isSystemFontUsed":false,"_N$verticalAlign":1,"_N$overflow":2}],"_prefab":{"__type__":"cc.PrefabInfo","root":{"__id__":1},"asset":{"__uuid__":"dbgCqAopdBzaRGmdLRWP4a"},"fileId":"fbM5/S0DFOwJ1K52Lx5A/D"},"_contentSize":{"__type__":"cc.Size","width":220,"height":40},"_anchorPoint":{"__type__":"cc.Vec2","y":0.5},"_trs":{"__type__":"TypedArray","ctor":"Float64Array","array":[432.3,95,0,0,0,0,1,1,1,1]}}],{"__type__":"cc.SpriteFrame","content":{"name":"morentouxiang","texture":"189664600","rect":[181,652,60,60],"offset":[0,0],"originalSize":[60,60],"capInsets":[0,0,0,0]}},{"__type__":"cc.SpriteFrame","content":{"name":"img_chong8","texture":"f7+kzxc3RONaJw04Ql0JTv","rect":[0,0,35,32],"offset":[0,0],"originalSize":[35,32],"capInsets":[0,0,0,0]}}]