[{"__type__":"cc.SpriteFrame","content":{"name":"bg_popup5","texture":"189664600","rect":[218,512,35,43],"offset":[0,0],"originalSize":[35,43],"capInsets":[16,20,16,20]}},{"__type__":"cc.SpriteFrame","content":{"name":"bg_hight","texture":"d5STpSq99JqIp18wT7K22i","rect":[0,0,94,93],"offset":[0,0],"originalSize":[94,93],"capInsets":[0,0,0,0]}},[{"__type__":"cc.Prefab","_name":"club_room_child","data":{"__id__":1}},{"__type__":"cc.Node","_name":"club_room_child","_children":[{"__id__":2},{"__id__":3},{"__id__":4},{"__id__":5},{"__id__":6},{"__id__":7}],"_components":[{"__type__":"cc.Sprite","node":{"__id__":1},"_spriteFrame":{"__uuid__":"16n1KS62FHZ7DG9wi/a1my"},"_type":1,"_sizeMode":0},{"__type__":"c5cdbjbi1dLVYZR1HiQRCGx","node":{"__id__":1},"bg_join":{"__uuid__":"1dSJmHvjhN0ov17qf7cy8g"},"bg_touxiang":{"__uuid__":"e6JNuRrHVFM4KYnmai3HR+"}},{"__type__":"cc.Button","node":{"__id__":1},"clickEvents":[{"__type__":"cc.ClickEvent","target":{"__id__":1},"_componentId":"c5cdbjbi1dLVYZR1HiQRCGx","handler":"ShowRoomJoin"}],"_N$normalColor":{"__type__":"cc.Color","r":214,"g":214,"b":214},"_N$target":{"__id__":1}}],"_prefab":{"__type__":"cc.PrefabInfo","root":{"__id__":1},"asset":{"__uuid__":"28lsl5krhBeKoYkjSydZes"},"fileId":"0b248qSq1BB+525CL1TLA2L"},"_contentSize":{"__type__":"cc.Size","width":880,"height":130},"_anchorPoint":{"__type__":"cc.Vec2","x":0.5,"y":1},"_trs":{"__type__":"TypedArray","ctor":"Float64Array","array":[-202,114,0,0,0,0,1,1,1,1]}},{"__type__":"cc.Node","_name":"lb_clubname","_parent":{"__id__":1},"_components":[{"__type__":"cc.Label","node":{"__id__":2},"_useOriginalSize":false,"_string":"亲友圈名称","_N$string":"亲友圈名称","_fontSize":30,"_lineHeight":30,"_N$file":{"__uuid__":"5f5wQekV1CGpJW2meZozWn"},"_isSystemFontUsed":false,"_N$verticalAlign":1,"_N$overflow":2}],"_prefab":{"__type__":"cc.PrefabInfo","root":{"__id__":1},"asset":{"__uuid__":"28lsl5krhBeKoYkjSydZes"},"fileId":"98682r4C8RFvJRegCwG0KIi"},"_color":{"__type__":"cc.Color","r":92,"g":129,"b":61},"_contentSize":{"__type__":"cc.Size","width":180,"height":30},"_anchorPoint":{"__type__":"cc.Vec2","y":0.5},"_trs":{"__type__":"TypedArray","ctor":"Float64Array","array":[-426.7,-30,0,0,0,0,1,1,1,1]}},{"__type__":"cc.Node","_name":"lb_roomkey","_parent":{"__id__":1},"_components":[{"__type__":"cc.Label","node":{"__id__":3},"_useOriginalSize":false,"_string":"888888","_N$string":"888888","_fontSize":30,"_lineHeight":30,"_N$file":{"__uuid__":"5f5wQekV1CGpJW2meZozWn"},"_isSystemFontUsed":false,"_N$verticalAlign":1}],"_prefab":{"__type__":"cc.PrefabInfo","root":{"__id__":1},"asset":{"__uuid__":"28lsl5krhBeKoYkjSydZes"},"fileId":"b5a0dlg9zlGdJA9D9VHiTtB"},"_color":{"__type__":"cc.Color","r":92,"g":129,"b":61},"_contentSize":{"__type__":"cc.Size","width":102.66,"height":30},"_trs":{"__type__":"TypedArray","ctor":"Float64Array","array":[-190.5,-30,0,0,0,0,1,1,1,1]}},{"__type__":"cc.Node","_name":"lb_setcount","_parent":{"__id__":1},"_components":[{"__type__":"cc.Label","node":{"__id__":4},"_useOriginalSize":false,"_string":"16","_N$string":"16","_fontSize":30,"_lineHeight":30,"_N$file":{"__uuid__":"5f5wQekV1CGpJW2meZozWn"},"_isSystemFontUsed":false,"_N$verticalAlign":1}],"_prefab":{"__type__":"cc.PrefabInfo","root":{"__id__":1},"asset":{"__uuid__":"28lsl5krhBeKoYkjSydZes"},"fileId":"233f0boR39LEKmYLWuCMoBy"},"_color":{"__type__":"cc.Color","r":92,"g":129,"b":61},"_contentSize":{"__type__":"cc.Size","width":28.13,"height":30},"_trs":{"__type__":"TypedArray","ctor":"Float64Array","array":[-71.2,-30,0,0,0,0,1,1,1,1]}},{"__type__":"cc.Node","_name":"lb_gamename","_parent":{"__id__":1},"_components":[{"__type__":"cc.Label","node":{"__id__":5},"_useOriginalSize":false,"_string":"仙游麻将","_N$string":"仙游麻将","_fontSize":30,"_lineHeight":30,"_N$file":{"__uuid__":"5f5wQekV1CGpJW2meZozWn"},"_isSystemFontUsed":false,"_N$verticalAlign":1}],"_prefab":{"__type__":"cc.PrefabInfo","root":{"__id__":1},"asset":{"__uuid__":"28lsl5krhBeKoYkjSydZes"},"fileId":"5e7ad6eliZK+ZdJmgEECK8e"},"_color":{"__type__":"cc.Color","r":92,"g":129,"b":61},"_contentSize":{"__type__":"cc.Size","width":120,"height":30},"_trs":{"__type__":"TypedArray","ctor":"Float64Array","array":[54.9,-30,0,0,0,0,1,1,1,1]}},{"__type__":"cc.Node","_name":"lb_wanfa","_parent":{"__id__":1},"_components":[{"__type__":"cc.Label","node":{"__id__":6},"_useOriginalSize":false,"_string":"8局放胡全陪有金必游..","_N$string":"8局放胡全陪有金必游..","_fontSize":30,"_lineHeight":30,"_N$file":{"__uuid__":"5f5wQekV1CGpJW2meZozWn"},"_isSystemFontUsed":false,"_N$verticalAlign":1,"_N$overflow":2}],"_prefab":{"__type__":"cc.PrefabInfo","root":{"__id__":1},"asset":{"__uuid__":"28lsl5krhBeKoYkjSydZes"},"fileId":"16712+PKGZLbK15kmOUebB2"},"_color":{"__type__":"cc.Color","r":92,"g":129,"b":61},"_contentSize":{"__type__":"cc.Size","width":300,"height":30},"_trs":{"__type__":"TypedArray","ctor":"Float64Array","array":[284.5,-30,0,0,0,0,1,1,1,1]}},{"__type__":"cc.Node","_name":"more","_parent":{"__id__":1},"_children":[{"__id__":8},{"__id__":14},{"__id__":16}],"_prefab":{"__type__":"cc.PrefabInfo","root":{"__id__":1},"asset":{"__uuid__":"28lsl5krhBeKoYkjSydZes"},"fileId":"6609e2zP5VPB7kp8haA6n4e"},"_contentSize":{"__type__":"cc.Size","width":300,"height":200},"_anchorPoint":{"__type__":"cc.Vec2","y":0.5},"_trs":{"__type__":"TypedArray","ctor":"Float64Array","array":[-423,-3,0,0,0,0,1,1,1,1]}},{"__type__":"cc.Node","_name":"join_btn","_parent":{"__id__":7},"_children":[{"__id__":9},{"__id__":10},{"__id__":11},{"__id__":12},{"__id__":13}],"_components":[{"__type__":"cc.Layout","node":{"__id__":8},"_layoutSize":{"__type__":"cc.Size","width":340,"height":60},"_resize":1,"_N$layoutType":1,"_N$spacingX":10}],"_prefab":{"__type__":"cc.PrefabInfo","root":{"__id__":1},"asset":{"__uuid__":"28lsl5krhBeKoYkjSydZes"},"fileId":"429f4nD08xIS7w+HViUXRSE"},"_contentSize":{"__type__":"cc.Size","width":340,"height":60},"_anchorPoint":{"__type__":"cc.Vec2","y":0.5},"_trs":{"__type__":"TypedArray","ctor":"Float64Array","array":[0,-88,0,0,0,0,1,1,1,1]}},{"__type__":"cc.Node","_name":"btn_join1","_parent":{"__id__":8},"_components":[{"__type__":"cc.Sprite","node":{"__id__":9},"_spriteFrame":{"__uuid__":"1dSJmHvjhN0ov17qf7cy8g"},"_sizeMode":0},{"__type__":"cc.Button","node":{"__id__":9},"clickEvents":[{"__type__":"cc.ClickEvent","target":{"__id__":1},"component":"club_room_child","handler":"OnClick_Join"}],"_N$normalColor":{"__type__":"cc.Color","r":214,"g":214,"b":214},"_N$target":{"__id__":9}},{"__type__":"f42b8ZzNWFKKI/QT/n8cR1+","node":{"__id__":9}}],"_prefab":{"__type__":"cc.PrefabInfo","root":{"__id__":1},"asset":{"__uuid__":"28lsl5krhBeKoYkjSydZes"},"fileId":"05049uWtyBKg5Kd4HNByE+R"},"_contentSize":{"__type__":"cc.Size","width":60,"height":60},"_trs":{"__type__":"TypedArray","ctor":"Float64Array","array":[30,-1,0,0,0,0,1,1,1,1]}},{"__type__":"cc.Node","_name":"btn_join2","_parent":{"__id__":8},"_components":[{"__type__":"cc.Sprite","node":{"__id__":10},"_spriteFrame":{"__uuid__":"1dSJmHvjhN0ov17qf7cy8g"},"_sizeMode":0},{"__type__":"cc.Button","node":{"__id__":10},"clickEvents":[{"__type__":"cc.ClickEvent","target":{"__id__":1},"component":"club_room_child","handler":"OnClick_Join"}],"_N$normalColor":{"__type__":"cc.Color","r":214,"g":214,"b":214},"_N$target":{"__id__":10}},{"__type__":"f42b8ZzNWFKKI/QT/n8cR1+","node":{"__id__":10}}],"_prefab":{"__type__":"cc.PrefabInfo","root":{"__id__":1},"asset":{"__uuid__":"28lsl5krhBeKoYkjSydZes"},"fileId":"28892JRUTJAo6P7H3gEYT76"},"_contentSize":{"__type__":"cc.Size","width":60,"height":60},"_trs":{"__type__":"TypedArray","ctor":"Float64Array","array":[100,-1,0,0,0,0,1,1,1,1]}},{"__type__":"cc.Node","_name":"btn_join3","_parent":{"__id__":8},"_components":[{"__type__":"cc.Sprite","node":{"__id__":11},"_spriteFrame":{"__uuid__":"1dSJmHvjhN0ov17qf7cy8g"},"_sizeMode":0},{"__type__":"cc.Button","node":{"__id__":11},"clickEvents":[{"__type__":"cc.ClickEvent","target":{"__id__":1},"component":"club_room_child","handler":"OnClick_Join"}],"_N$normalColor":{"__type__":"cc.Color","r":214,"g":214,"b":214},"_N$target":{"__id__":11}},{"__type__":"f42b8ZzNWFKKI/QT/n8cR1+","node":{"__id__":11}}],"_prefab":{"__type__":"cc.PrefabInfo","root":{"__id__":1},"asset":{"__uuid__":"28lsl5krhBeKoYkjSydZes"},"fileId":"d9dd4H239dLC73qAGBkHdhk"},"_contentSize":{"__type__":"cc.Size","width":60,"height":60},"_trs":{"__type__":"TypedArray","ctor":"Float64Array","array":[170,-1,0,0,0,0,1,1,1,1]}},{"__type__":"cc.Node","_name":"btn_join4","_parent":{"__id__":8},"_components":[{"__type__":"cc.Sprite","node":{"__id__":12},"_spriteFrame":{"__uuid__":"1dSJmHvjhN0ov17qf7cy8g"},"_sizeMode":0},{"__type__":"cc.Button","node":{"__id__":12},"clickEvents":[{"__type__":"cc.ClickEvent","target":{"__id__":1},"component":"club_room_child","handler":"OnClick_Join"}],"_N$normalColor":{"__type__":"cc.Color","r":214,"g":214,"b":214},"_N$target":{"__id__":12}},{"__type__":"f42b8ZzNWFKKI/QT/n8cR1+","node":{"__id__":12}}],"_prefab":{"__type__":"cc.PrefabInfo","root":{"__id__":1},"asset":{"__uuid__":"28lsl5krhBeKoYkjSydZes"},"fileId":"17427LEoy5KPZVQQQD8HDB4"},"_contentSize":{"__type__":"cc.Size","width":60,"height":60},"_trs":{"__type__":"TypedArray","ctor":"Float64Array","array":[240,-1,0,0,0,0,1,1,1,1]}},{"__type__":"cc.Node","_name":"btn_join5","_parent":{"__id__":8},"_components":[{"__type__":"cc.Sprite","node":{"__id__":13},"_spriteFrame":{"__uuid__":"1dSJmHvjhN0ov17qf7cy8g"},"_sizeMode":0},{"__type__":"cc.Button","node":{"__id__":13},"clickEvents":[{"__type__":"cc.ClickEvent","target":{"__id__":1},"component":"club_room_child","handler":"OnClick_Join"}],"_N$normalColor":{"__type__":"cc.Color","r":214,"g":214,"b":214},"_N$target":{"__id__":13}},{"__type__":"f42b8ZzNWFKKI/QT/n8cR1+","node":{"__id__":13}}],"_prefab":{"__type__":"cc.PrefabInfo","root":{"__id__":1},"asset":{"__uuid__":"28lsl5krhBeKoYkjSydZes"},"fileId":"bb395Sn6+dK2rXUIRot25E2"},"_contentSize":{"__type__":"cc.Size","width":60,"height":60},"_trs":{"__type__":"TypedArray","ctor":"Float64Array","array":[310,-1,0,0,0,0,1,1,1,1]}},{"__type__":"cc.Node","_name":"btn_share","_parent":{"__id__":7},"_children":[{"__id__":15}],"_components":[{"__type__":"cc.Sprite","node":{"__id__":14},"_spriteFrame":{"__uuid__":"f0cC2z1FVKQaABQjs8XlK9"},"_sizeMode":0},{"__type__":"cc.Button","node":{"__id__":14},"clickEvents":[{"__type__":"cc.ClickEvent","target":{"__id__":1},"component":"club_room_child","handler":"Click_btn_Share"}],"_N$normalColor":{"__type__":"cc.Color","r":214,"g":214,"b":214},"_N$target":{"__id__":14}}],"_prefab":{"__type__":"cc.PrefabInfo","root":{"__id__":1},"asset":{"__uuid__":"28lsl5krhBeKoYkjSydZes"},"fileId":"179506FY9VPna556ULAUA0z"},"_contentSize":{"__type__":"cc.Size","width":120,"height":50},"_trs":{"__type__":"TypedArray","ctor":"Float64Array","array":[626,-88,0,0,0,0,1,1,1,1]}},{"__type__":"cc.Node","_name":"New Label","_parent":{"__id__":14},"_components":[{"__type__":"cc.Label","node":{"__id__":15},"_useOriginalSize":false,"_string":"邀请好友","_N$string":"邀请好友","_fontSize":25,"_lineHeight":25,"_N$file":{"__uuid__":"5f5wQekV1CGpJW2meZozWn"},"_isSystemFontUsed":false,"_N$horizontalAlign":1,"_N$verticalAlign":1}],"_prefab":{"__type__":"cc.PrefabInfo","root":{"__id__":1},"asset":{"__uuid__":"28lsl5krhBeKoYkjSydZes"},"fileId":"337f5kYA9VMT4InwE9D5zg2"},"_color":{"__type__":"cc.Color","r":82,"g":107},"_contentSize":{"__type__":"cc.Size","width":100,"height":25},"_trs":{"__type__":"TypedArray","ctor":"Float64Array","array":[0,0,0,0,0,0,1,1,1,1]}},{"__type__":"cc.Node","_name":"btn_jiaru","_parent":{"__id__":7},"_children":[{"__id__":17}],"_components":[{"__type__":"cc.Sprite","node":{"__id__":16},"_spriteFrame":{"__uuid__":"f9VoXGH2RIF7R6Cql3H0gN"},"_sizeMode":0},{"__type__":"cc.Button","node":{"__id__":16},"clickEvents":[{"__type__":"cc.ClickEvent","target":{"__id__":1},"_componentId":"c5cdbjbi1dLVYZR1HiQRCGx","handler":"OnClick_Join"}],"_N$normalColor":{"__type__":"cc.Color","r":214,"g":214,"b":214},"_N$target":{"__id__":16}}],"_prefab":{"__type__":"cc.PrefabInfo","root":{"__id__":1},"asset":{"__uuid__":"28lsl5krhBeKoYkjSydZes"},"fileId":"c1024i0ELhJ5puCr1GX4JwR"},"_contentSize":{"__type__":"cc.Size","width":120,"height":50},"_trs":{"__type__":"TypedArray","ctor":"Float64Array","array":[778,-88,0,0,0,0,1,1,1,1]}},{"__type__":"cc.Node","_name":"New Label","_parent":{"__id__":16},"_components":[{"__type__":"cc.Label","node":{"__id__":17},"_useOriginalSize":false,"_string":"加入房间","_N$string":"加入房间","_fontSize":25,"_lineHeight":25,"_N$file":{"__uuid__":"5f5wQekV1CGpJW2meZozWn"},"_isSystemFontUsed":false,"_N$horizontalAlign":1,"_N$verticalAlign":1}],"_prefab":{"__type__":"cc.PrefabInfo","root":{"__id__":1},"asset":{"__uuid__":"28lsl5krhBeKoYkjSydZes"},"fileId":"cde52bfZrJFE7PjQwKe8chw"},"_color":{"__type__":"cc.Color","r":135,"g":84,"b":34},"_contentSize":{"__type__":"cc.Size","width":100,"height":25},"_trs":{"__type__":"TypedArray","ctor":"Float64Array","array":[0,0,0,0,0,0,1,1,1,1]}}],{"__type__":"cc.SpriteFrame","content":{"name":"morentouxiang","texture":"189664600","rect":[181,652,60,60],"offset":[0,0],"originalSize":[60,60],"capInsets":[0,0,0,0]}},{"__type__":"cc.SpriteFrame","content":{"name":"btn_green","texture":"189664600","rect":[100,516,243,77],"offset":[-0.5,0.5],"originalSize":[244,78],"rotated":1,"capInsets":[0,0,0,0]}},{"__type__":"cc.SpriteFrame","content":{"name":"btn_yellow1","texture":"189664600","rect":[174,2,243,77],"offset":[-0.5,0.5],"originalSize":[244,78],"rotated":1,"capInsets":[0,0,0,0]}}]