[{"__type__":"cc.SpriteFrame","content":{"name":"btn_lv","texture":"60juiycatGlpUrFUExm24d","rect":[0,0,125,33],"offset":[0,0],"originalSize":[125,33],"capInsets":[0,0,0,0]}},[{"__type__":"cc.Prefab","_name":"msg_type_13","data":{"__id__":1}},{"__type__":"cc.Node","_name":"msg_type_13","_children":[{"__id__":2},{"__id__":12},{"__id__":13}],"_components":[{"__type__":"e94420QtT9D8YRaC/sBQY7E","node":{"__id__":1},"msgTypeSprite":[{"__uuid__":"7edT9q6RBNe4AhDTHMT3n1"},{"__uuid__":"164r4Bg61Nt7qzptffmRof"}],"curValueIconSprite":[{"__uuid__":"56CHVN+XlN7aCypL67Skdu"},{"__uuid__":"57YDkS9L5FSb4C8uJEZdLn"}]},{"__type__":"cc.Layout","node":{"__id__":1},"_resize":1,"_N$layoutType":2}],"_prefab":{"__type__":"cc.PrefabInfo","root":{"__id__":1},"asset":{"__uuid__":"25ANGPSFJCn4nEewMwxyJO"},"fileId":"b6y84XdqVIIpv/eYl6kzLH"},"_contentSize":{"__type__":"cc.Size","width":1070,"height":90},"_trs":{"__type__":"TypedArray","ctor":"Float64Array","array":[0,0,0,0,0,0,1,1,1,1]}},{"__type__":"cc.Node","_name":"img_tiaowen01","_parent":{"__id__":1},"_children":[{"__id__":3},{"__id__":4},{"__id__":5},{"__id__":6},{"__id__":7},{"__id__":8},{"__id__":9},{"__id__":11}],"_components":[{"__type__":"cc.Sprite","node":{"__id__":2},"_materials":[{"__uuid__":"ecpdLyjvZBwrvm+cedCcQy"}],"_spriteFrame":{"__uuid__":"868MUC+T9JIKzfugjS3Hwm"},"_type":1,"_sizeMode":0}],"_prefab":{"__type__":"cc.PrefabInfo","root":{"__id__":1},"asset":{"__uuid__":"25ANGPSFJCn4nEewMwxyJO"},"fileId":"56dB3Y4fJKZYbIxhx5xwHQ"},"_contentSize":{"__type__":"cc.Size","width":1070,"height":90},"_trs":{"__type__":"TypedArray","ctor":"Float64Array","array":[0,0,0,0,0,0,1,1,1,1]}},{"__type__":"cc.Node","_name":"lb_time","_parent":{"__id__":2},"_components":[{"__type__":"cc.Label","node":{"__id__":3},"_materials":[{"__uuid__":"ecpdLyjvZBwrvm+cedCcQy"}],"_useOriginalSize":false,"_string":"2019-11-12 12:12:12","_N$string":"2019-11-12 12:12:12","_fontSize":18,"_lineHeight":30,"_enableWrapText":false,"_N$file":{"__uuid__":"5f5wQekV1CGpJW2meZozWn"},"_isSystemFontUsed":false,"_N$horizontalAlign":1,"_N$verticalAlign":1,"_N$overflow":3}],"_prefab":{"__type__":"cc.PrefabInfo","root":{"__id__":1},"asset":{"__uuid__":"25ANGPSFJCn4nEewMwxyJO"},"fileId":"449dwgx3VA+oKlk72UXf3u"},"_color":{"__type__":"cc.Color","r":112,"g":93,"b":82},"_contentSize":{"__type__":"cc.Size","width":100,"height":67.8},"_trs":{"__type__":"TypedArray","ctor":"Float64Array","array":[-479.304,0,0,0,0,0,1,1,1,1]}},{"__type__":"cc.Node","_name":"lb_roomKey","_parent":{"__id__":2},"_components":[{"__type__":"cc.Label","node":{"__id__":4},"_materials":[{"__uuid__":"ecpdLyjvZBwrvm+cedCcQy"}],"_useOriginalSize":false,"_string":"房间号：123456","_N$string":"房间号：123456","_fontSize":20,"_lineHeight":30,"_enableWrapText":false,"_N$file":{"__uuid__":"5f5wQekV1CGpJW2meZozWn"},"_isSystemFontUsed":false,"_N$horizontalAlign":1,"_N$verticalAlign":1}],"_prefab":{"__type__":"cc.PrefabInfo","root":{"__id__":1},"asset":{"__uuid__":"25ANGPSFJCn4nEewMwxyJO"},"fileId":"f6u6nakPRL/5SAbUMFJdsC"},"_color":{"__type__":"cc.Color","r":112,"g":93,"b":82},"_contentSize":{"__type__":"cc.Size","width":144.38,"height":37.8},"_trs":{"__type__":"TypedArray","ctor":"Float64Array","array":[-100.304,0,0,0,0,0,1,1,1,1]}},{"__type__":"cc.Node","_name":"img_sai","_parent":{"__id__":2},"_components":[{"__type__":"cc.Sprite","node":{"__id__":5},"_materials":[{"__uuid__":"ecpdLyjvZBwrvm+cedCcQy"}],"_spriteFrame":{"__uuid__":"afEM+r8JdHS7djafKxUSxV"}}],"_prefab":{"__type__":"cc.PrefabInfo","root":{"__id__":1},"asset":{"__uuid__":"25ANGPSFJCn4nEewMwxyJO"},"fileId":"f5Hij6SpNKrry8EfkQ433C"},"_contentSize":{"__type__":"cc.Size","width":21,"height":26},"_trs":{"__type__":"TypedArray","ctor":"Float64Array","array":[216.915,15,0,0,0,0,1,1,1,1]}},{"__type__":"cc.Node","_name":"lb_value","_parent":{"__id__":2},"_components":[{"__type__":"cc.Label","node":{"__id__":6},"_materials":[{"__uuid__":"ecpdLyjvZBwrvm+cedCcQy"}],"_useOriginalSize":false,"_string":"123","_N$string":"123","_fontSize":24,"_lineHeight":30,"_enableWrapText":false,"_N$file":{"__uuid__":"5f5wQekV1CGpJW2meZozWn"},"_isSystemFontUsed":false,"_N$verticalAlign":1,"_N$overflow":2}],"_prefab":{"__type__":"cc.PrefabInfo","root":{"__id__":1},"asset":{"__uuid__":"25ANGPSFJCn4nEewMwxyJO"},"fileId":"3ek+13g6tMLKHK2pUBqxRY"},"_color":{"__type__":"cc.Color","r":55,"g":155,"b":32},"_contentSize":{"__type__":"cc.Size","width":160,"height":32},"_anchorPoint":{"__type__":"cc.Vec2","y":0.5},"_trs":{"__type__":"TypedArray","ctor":"Float64Array","array":[234.261,16.575,0,0,0,0,1,1,1,1]}},{"__type__":"cc.Node","_name":"img_sheng","_parent":{"__id__":2},"_components":[{"__type__":"cc.Sprite","node":{"__id__":7},"_materials":[{"__uuid__":"ecpdLyjvZBwrvm+cedCcQy"}],"_spriteFrame":{"__uuid__":"56CHVN+XlN7aCypL67Skdu"}}],"_prefab":{"__type__":"cc.PrefabInfo","root":{"__id__":1},"asset":{"__uuid__":"25ANGPSFJCn4nEewMwxyJO"},"fileId":"8egL3mQqpO7qQLQLsRIM8i"},"_contentSize":{"__type__":"cc.Size","width":21,"height":26},"_trs":{"__type__":"TypedArray","ctor":"Float64Array","array":[216.915,-15,0,0,0,0,1,1,1,1]}},{"__type__":"cc.Node","_name":"lb_curValue","_parent":{"__id__":2},"_components":[{"__type__":"cc.Label","node":{"__id__":8},"_materials":[{"__uuid__":"ecpdLyjvZBwrvm+cedCcQy"}],"_useOriginalSize":false,"_string":"123","_N$string":"123","_fontSize":24,"_lineHeight":30,"_enableWrapText":false,"_N$file":{"__uuid__":"5f5wQekV1CGpJW2meZozWn"},"_isSystemFontUsed":false,"_N$verticalAlign":1,"_N$overflow":2}],"_prefab":{"__type__":"cc.PrefabInfo","root":{"__id__":1},"asset":{"__uuid__":"25ANGPSFJCn4nEewMwxyJO"},"fileId":"e7BSqDEhZGT4LXqW2KJy7u"},"_color":{"__type__":"cc.Color","r":55,"g":155,"b":32},"_contentSize":{"__type__":"cc.Size","width":160,"height":32},"_anchorPoint":{"__type__":"cc.Vec2","y":0.5},"_trs":{"__type__":"TypedArray","ctor":"Float64Array","array":[234.261,-16.378,0,0,0,0,1,1,1,1]}},{"__type__":"cc.Node","_name":"btn_lv","_parent":{"__id__":2},"_children":[{"__id__":10}],"_components":[{"__type__":"cc.Sprite","node":{"__id__":9},"_materials":[{"__uuid__":"ecpdLyjvZBwrvm+cedCcQy"}],"_spriteFrame":{"__uuid__":"164r4Bg61Nt7qzptffmRof"}}],"_prefab":{"__type__":"cc.PrefabInfo","root":{"__id__":1},"asset":{"__uuid__":"25ANGPSFJCn4nEewMwxyJO"},"fileId":"feu61RhF5EDL6i+Ui7YNiy"},"_contentSize":{"__type__":"cc.Size","width":125,"height":33},"_trs":{"__type__":"TypedArray","ctor":"Float64Array","array":[451.064,0,0,0,0,0,1,1,1,1]}},{"__type__":"cc.Node","_name":"lb_msgType","_parent":{"__id__":9},"_components":[{"__type__":"cc.Label","node":{"__id__":10},"_materials":[{"__uuid__":"ecpdLyjvZBwrvm+cedCcQy"}],"_useOriginalSize":false,"_string":"授权减少","_N$string":"授权减少","_fontSize":18,"_lineHeight":20,"_enableWrapText":false,"_N$file":{"__uuid__":"5f5wQekV1CGpJW2meZozWn"},"_isSystemFontUsed":false,"_N$horizontalAlign":1,"_N$verticalAlign":1}],"_prefab":{"__type__":"cc.PrefabInfo","root":{"__id__":1},"asset":{"__uuid__":"25ANGPSFJCn4nEewMwxyJO"},"fileId":"ccXKsOi/NHAalSUEM00+vJ"},"_color":{"__type__":"cc.Color","r":26,"g":156,"b":12},"_contentSize":{"__type__":"cc.Size","width":72,"height":25.2},"_trs":{"__type__":"TypedArray","ctor":"Float64Array","array":[0,0,0,0,0,0,1,1,1,1]}},{"__type__":"cc.Node","_name":"btn_msg","_parent":{"__id__":2},"_components":[{"__type__":"cc.Button","node":{"__id__":11},"clickEvents":[{"__type__":"cc.ClickEvent","target":{"__id__":1},"_componentId":"e94420QtT9D8YRaC/sBQY7E","handler":"OnClickBtnMsg"}]}],"_prefab":{"__type__":"cc.PrefabInfo","root":{"__id__":1},"asset":{"__uuid__":"25ANGPSFJCn4nEewMwxyJO"},"fileId":"cf3Z1aO8lGW7/HuMd4OtYe"},"_contentSize":{"__type__":"cc.Size","width":1070,"height":90},"_trs":{"__type__":"TypedArray","ctor":"Float64Array","array":[0,0,0,0,0,0,1,1,1,1]}},{"__type__":"cc.Node","_name":"detailNode","_parent":{"__id__":1},"_active":false,"_components":[{"__type__":"cc.Layout","node":{"__id__":12},"_layoutSize":{"__type__":"cc.Size","width":900,"height":50},"_resize":1,"_N$layoutType":2}],"_prefab":{"__type__":"cc.PrefabInfo","root":{"__id__":1},"asset":{"__uuid__":"25ANGPSFJCn4nEewMwxyJO"},"fileId":"aePH4IOURKLregIfwObn4P"},"_contentSize":{"__type__":"cc.Size","width":900,"height":50},"_anchorPoint":{"__type__":"cc.Vec2","x":0.5,"y":1},"_trs":{"__type__":"TypedArray","ctor":"Float64Array","array":[0,-41.89,0,0,0,0,1,1,1,1]}},{"__type__":"cc.Node","_name":"demoDetail","_parent":{"__id__":1},"_children":[{"__id__":14},{"__id__":15},{"__id__":16},{"__id__":17},{"__id__":18}],"_active":false,"_prefab":{"__type__":"cc.PrefabInfo","root":{"__id__":1},"asset":{"__uuid__":"25ANGPSFJCn4nEewMwxyJO"},"fileId":"38yyfZRUBHAJB4lRMhgJOG"},"_contentSize":{"__type__":"cc.Size","width":900,"height":50},"_anchorPoint":{"__type__":"cc.Vec2","x":0.5,"y":1},"_trs":{"__type__":"TypedArray","ctor":"Float64Array","array":[0,-46.421,0,0,0,0,1,1,1,1]}},{"__type__":"cc.Node","_name":"img_tiaowen01","_parent":{"__id__":13},"_components":[{"__type__":"cc.Sprite","node":{"__id__":14},"_materials":[{"__uuid__":"ecpdLyjvZBwrvm+cedCcQy"}],"_spriteFrame":{"__uuid__":"868MUC+T9JIKzfugjS3Hwm"},"_type":1,"_sizeMode":0},{"__type__":"cc.Widget","node":{"__id__":14},"_alignFlags":45,"_originalWidth":40,"_originalHeight":40}],"_prefab":{"__type__":"cc.PrefabInfo","root":{"__id__":1},"asset":{"__uuid__":"25ANGPSFJCn4nEewMwxyJO"},"fileId":"dcREnauk9DK5jJinIWp8H0"},"_contentSize":{"__type__":"cc.Size","width":900,"height":50},"_anchorPoint":{"__type__":"cc.Vec2","x":0.5,"y":1},"_trs":{"__type__":"TypedArray","ctor":"Float64Array","array":[0,0,0,0,0,0,1,1,1,1]}},{"__type__":"cc.Node","_name":"lb_msgText","_parent":{"__id__":13},"_components":[{"__type__":"cc.Label","node":{"__id__":15},"_materials":[{"__uuid__":"ecpdLyjvZBwrvm+cedCcQy"}],"_useOriginalSize":false,"_string":"玩家支付的房间报名费","_N$string":"玩家支付的房间报名费","_fontSize":20,"_lineHeight":30,"_enableWrapText":false,"_N$file":{"__uuid__":"5f5wQekV1CGpJW2meZozWn"},"_isSystemFontUsed":false,"_N$horizontalAlign":1,"_N$verticalAlign":1}],"_prefab":{"__type__":"cc.PrefabInfo","root":{"__id__":1},"asset":{"__uuid__":"25ANGPSFJCn4nEewMwxyJO"},"fileId":"07+rNGfiZAh7yrm0ZeA3aN"},"_color":{"__type__":"cc.Color","r":112,"g":93,"b":82},"_contentSize":{"__type__":"cc.Size","width":200,"height":37.8},"_trs":{"__type__":"TypedArray","ctor":"Float64Array","array":[-218.726,-23.439,0,0,0,0,1,1,1,1]}},{"__type__":"cc.Node","_name":"img_sai","_parent":{"__id__":13},"_components":[{"__type__":"cc.Sprite","node":{"__id__":16},"_materials":[{"__uuid__":"ecpdLyjvZBwrvm+cedCcQy"}],"_spriteFrame":{"__uuid__":"afEM+r8JdHS7djafKxUSxV"}}],"_prefab":{"__type__":"cc.PrefabInfo","root":{"__id__":1},"asset":{"__uuid__":"25ANGPSFJCn4nEewMwxyJO"},"fileId":"dfQ1GloT1HP5m/2agEgKmj"},"_contentSize":{"__type__":"cc.Size","width":21,"height":26},"_trs":{"__type__":"TypedArray","ctor":"Float64Array","array":[98.493,-24.591,0,0,0,0,1,1,1,1]}},{"__type__":"cc.Node","_name":"lb_value","_parent":{"__id__":13},"_components":[{"__type__":"cc.Label","node":{"__id__":17},"_materials":[{"__uuid__":"ecpdLyjvZBwrvm+cedCcQy"}],"_useOriginalSize":false,"_string":"123","_N$string":"123","_fontSize":24,"_lineHeight":30,"_enableWrapText":false,"_N$file":{"__uuid__":"5f5wQekV1CGpJW2meZozWn"},"_isSystemFontUsed":false,"_N$verticalAlign":1,"_N$overflow":2}],"_prefab":{"__type__":"cc.PrefabInfo","root":{"__id__":1},"asset":{"__uuid__":"25ANGPSFJCn4nEewMwxyJO"},"fileId":"10E38aT7hHja17nJAHmP6k"},"_color":{"__type__":"cc.Color","r":55,"g":155,"b":32},"_contentSize":{"__type__":"cc.Size","width":160,"height":32},"_anchorPoint":{"__type__":"cc.Vec2","y":0.5},"_trs":{"__type__":"TypedArray","ctor":"Float64Array","array":[115.839,-25.057,0,0,0,0,1,1,1,1]}},{"__type__":"cc.Node","_name":"btn_lv","_parent":{"__id__":13},"_children":[{"__id__":19}],"_components":[{"__type__":"cc.Sprite","node":{"__id__":18},"_materials":[{"__uuid__":"ecpdLyjvZBwrvm+cedCcQy"}],"_spriteFrame":{"__uuid__":"164r4Bg61Nt7qzptffmRof"}}],"_prefab":{"__type__":"cc.PrefabInfo","root":{"__id__":1},"asset":{"__uuid__":"25ANGPSFJCn4nEewMwxyJO"},"fileId":"3e2hw21QtOErPdr/FuXfPH"},"_contentSize":{"__type__":"cc.Size","width":125,"height":33},"_trs":{"__type__":"TypedArray","ctor":"Float64Array","array":[367.064,-23.426000000000002,0,0,0,0,1,1,1,1]}},{"__type__":"cc.Node","_name":"lb_msgType","_parent":{"__id__":18},"_components":[{"__type__":"cc.Label","node":{"__id__":19},"_materials":[{"__uuid__":"ecpdLyjvZBwrvm+cedCcQy"}],"_useOriginalSize":false,"_string":"报名费","_N$string":"报名费","_fontSize":18,"_lineHeight":20,"_enableWrapText":false,"_N$file":{"__uuid__":"5f5wQekV1CGpJW2meZozWn"},"_isSystemFontUsed":false,"_N$horizontalAlign":1,"_N$verticalAlign":1}],"_prefab":{"__type__":"cc.PrefabInfo","root":{"__id__":1},"asset":{"__uuid__":"25ANGPSFJCn4nEewMwxyJO"},"fileId":"5dMX+LE9FHW6yEi0Lrzz2i"},"_color":{"__type__":"cc.Color","r":26,"g":156,"b":12},"_contentSize":{"__type__":"cc.Size","width":90,"height":25.2},"_trs":{"__type__":"TypedArray","ctor":"Float64Array","array":[0,0,0,0,0,0,1,1,1,1]}}],{"__type__":"cc.SpriteFrame","content":{"name":"img_sheng","texture":"a5ic1R9y5OlbZuw5HqcCvv","rect":[0,0,21,26],"offset":[0,0],"originalSize":[21,26],"capInsets":[0,0,0,0]}},{"__type__":"cc.SpriteFrame","content":{"name":"img_bao","texture":"ddEF/B+nJMlrLMCXj7IQAx","rect":[0,0,21,26],"offset":[0,0],"originalSize":[21,26],"capInsets":[0,0,0,0]}},{"__type__":"cc.SpriteFrame","content":{"name":"btn_cheng","texture":"a8leG8L31IpZe4RrK/gZXI","rect":[0,0,121,33],"offset":[0,0],"originalSize":[121,33],"capInsets":[0,0,0,0]}},{"__type__":"cc.SpriteFrame","content":{"name":"bg_content_list","texture":"94rptFkJxBt7xk09keWqcA","rect":[0,0,101,93],"offset":[0,0],"originalSize":[101,93],"capInsets":[37,38,32,37]}},{"__type__":"cc.SpriteFrame","content":{"name":"img_sai","texture":"ddT18HAchF54OpxZYpwmTv","rect":[0,0,21,26],"offset":[0,0],"originalSize":[21,26],"capInsets":[0,0,0,0]}}]