[{"__type__":"cc.SpriteFrame","content":{"name":"img_sanyou","texture":"e3dzG/fChJ45a3zUHtnYNg","rect":[0,0,88,102],"offset":[-1,0.5],"originalSize":[90,103],"capInsets":[0,0,0,0]}},{"__type__":"cc.SpriteFrame","content":{"name":"img_sheng","texture":"36VNyHJw5OKLf54EDmAIXd","rect":[0,0,184,177],"offset":[0,0],"originalSize":[184,177],"capInsets":[0,0,0,0]}},{"__type__":"cc.SpriteFrame","content":{"name":"img_moyou","texture":"c00ktnpTZFBbKiH7G19ZGh","rect":[0,0,88,102],"offset":[-1,0.5],"originalSize":[90,103],"capInsets":[0,0,0,0]}},{"__type__":"cc.SpriteFrame","content":{"name":"img_you","texture":"1d1sCT7adPXZa0K2kuc/He","rect":[0,0,47,47],"offset":[0,0],"originalSize":[47,47],"capInsets":[0,0,0,0]}},{"__type__":"cc.SpriteFrame","content":{"name":"bg_dan","texture":"0dIpFSUQVHC67hBvI+vZup","rect":[0,0,308,252],"offset":[0,0],"originalSize":[308,252],"capInsets":[20,120,20,110]}},{"__type__":"cc.SpriteFrame","content":{"name":"zhuangjia","texture":"e4o8M5LvtLq4odj4aIDLv1","rect":[0,0,48,48],"offset":[0,0],"originalSize":[48,48],"capInsets":[0,0,0,0]}},{"__type__":"cc.SpriteFrame","content":{"name":"icon_ct","texture":"89dMoCS/JAa4mjgEAaXPFU","rect":[0,0,129,67],"offset":[0,0],"originalSize":[129,67],"capInsets":[0,0,0,0]}},{"__type__":"cc.SpriteFrame","content":{"name":"icon_dzm","texture":"73IJ1Jy5hB4oTD5Y0UA2Kd","rect":[0,0,80,69],"offset":[0,0],"originalSize":[80,69],"capInsets":[0,0,0,0]}},{"__type__":"cc.SpriteFrame","content":{"name":"bg_head","texture":"92mibFlSJIUb7D7wDFGjTY","rect":[0,0,85,85],"offset":[0,0],"originalSize":[85,85],"capInsets":[0,0,0,0]}},{"__type__":"cc.SpriteFrame","content":{"name":"img_eryou","texture":"db/ZkVlvBOc6Vyx6TIf1ud","rect":[0,0,88,102],"offset":[-1,0.5],"originalSize":[90,103],"capInsets":[0,0,0,0]}},{"__type__":"cc.SpriteFrame","content":{"name":"bg_head01","texture":"61E8widLFI6q5dRAbHJxp6","rect":[0,0,79,79],"offset":[0,0],"originalSize":[79,79],"capInsets":[0,0,0,0]}},{"__type__":"cc.SpriteFrame","content":{"name":"img_fu","texture":"be34hoxP1BxYujT/MVWVEu","rect":[0,1,145,196],"offset":[-0.5,0],"originalSize":[146,198],"capInsets":[0,0,0,0]}},{"__type__":"cc.SpriteFrame","content":{"name":"img_touyou","texture":"22a0LIiydJWZ/OEeM2ypD0","rect":[0,0,88,102],"offset":[-1,0.5],"originalSize":[90,103],"capInsets":[0,0,0,0]}},{"__type__":"cc.SpriteFrame","content":{"name":"img_di","texture":"fdlDl1d61Dg71mr4BSJkiW","rect":[0,0,47,47],"offset":[0,0],"originalSize":[47,47],"capInsets":[0,0,0,0]}},{"__type__":"cc.SpriteFrame","content":{"name":"morentouxiang","texture":"189664600","rect":[181,652,60,60],"offset":[0,0],"originalSize":[60,60],"capInsets":[0,0,0,0]}},[{"__type__":"cc.Prefab","_name":"sstx_winlost_child","data":{"__id__":1}},{"__type__":"cc.Node","_name":"sstx_winlost_child","_children":[{"__id__":2},{"__id__":14},{"__id__":15},{"__id__":17},{"__id__":19},{"__id__":21},{"__id__":23},{"__id__":24},{"__id__":25},{"__id__":26}],"_components":[{"__type__":"cc.Sprite","node":{"__id__":1},"_materials":[{"__uuid__":"ecpdLyjvZBwrvm+cedCcQy"}],"_spriteFrame":{"__uuid__":"2bqGev7VdHe4af8c1lQl9d"},"_type":1,"_sizeMode":0},{"__type__":"33e3b9cHQhIPJ7tlA2AIR1t","node":{"__id__":1},"dudiyou_icon":[{"__uuid__":"1eryfdlWRDep5ZdnSpUU0T"},{"__uuid__":"c3GseUGP9G0bKmnSTrTkhN"}],"icon_you":[{"__uuid__":"a3oK+xb49DA4z6vw8cuKwe"},{"__uuid__":"7eJKwd8ehPUrofEqNuIWD0"},{"__uuid__":"06ZqMeVWVFFbbOebzh/Q4g"},{"__uuid__":"10NykoIfdPlo+04QWCV2cB"}]}],"_prefab":{"__type__":"cc.PrefabInfo","root":{"__id__":1},"asset":{"__uuid__":"f5r/zo5SxFCLi+TOLEClr8"},"fileId":"6cDdI6pBxA9Z4NOAL9rTXL"},"_contentSize":{"__type__":"cc.Size","width":274,"height":396},"_anchorPoint":{"__type__":"cc.Vec2","y":0.5},"_trs":{"__type__":"TypedArray","ctor":"Float64Array","array":[0,-220,0,0,0,0,1,1,1,1]}},{"__type__":"cc.Node","_name":"user_info","_parent":{"__id__":1},"_children":[{"__id__":3},{"__id__":4},{"__id__":6},{"__id__":7},{"__id__":8},{"__id__":9},{"__id__":10},{"__id__":11},{"__id__":12},{"__id__":13}],"_prefab":{"__type__":"cc.PrefabInfo","root":{"__id__":1},"asset":{"__uuid__":"f5r/zo5SxFCLi+TOLEClr8"},"fileId":"7b3a+X2sdHOK2Ru5gjzToJ"},"_trs":{"__type__":"TypedArray","ctor":"Float64Array","array":[110,120,0,0,0,0,1,1,1,1]}},{"__type__":"cc.Node","_name":"bg_head","_parent":{"__id__":2},"_components":[{"__type__":"cc.Sprite","node":{"__id__":3},"_materials":[{"__uuid__":"ecpdLyjvZBwrvm+cedCcQy"}],"_spriteFrame":{"__uuid__":"6fZHXhFSNJOaHufB8Cy11y"}}],"_prefab":{"__type__":"cc.PrefabInfo","root":{"__id__":1},"asset":{"__uuid__":"f5r/zo5SxFCLi+TOLEClr8"},"fileId":"98fh2Q1npMqaiPKOQop4Dw"},"_contentSize":{"__type__":"cc.Size","width":85,"height":85},"_trs":{"__type__":"TypedArray","ctor":"Float64Array","array":[-60.9,29.7,0,0,0,0,1,1,1,1]}},{"__type__":"cc.Node","_name":"mask","_parent":{"__id__":2},"_children":[{"__id__":5}],"_components":[{"__type__":"cc.Mask","node":{"__id__":4},"_materials":[{"__uuid__":"ecpdLyjvZBwrvm+cedCcQy"}],"_spriteFrame":{"__uuid__":"862ZSSkT5Mqrb9LXLGSo/x"},"_type":2}],"_prefab":{"__type__":"cc.PrefabInfo","root":{"__id__":1},"asset":{"__uuid__":"f5r/zo5SxFCLi+TOLEClr8"},"fileId":"2ao0tIqURK4YvziMzMn2fW"},"_contentSize":{"__type__":"cc.Size","width":79,"height":79},"_trs":{"__type__":"TypedArray","ctor":"Float64Array","array":[-60.9,29.7,0,0,0,0,1,1,1,1]}},{"__type__":"cc.Node","_name":"head_img","_parent":{"__id__":4},"_components":[{"__type__":"cc.Sprite","node":{"__id__":5},"_materials":[{"__uuid__":"ecpdLyjvZBwrvm+cedCcQy"}],"_spriteFrame":{"__uuid__":"e6JNuRrHVFM4KYnmai3HR+"},"_sizeMode":0,"_isTrimmedMode":false},{"__type__":"f42b8ZzNWFKKI/QT/n8cR1+","node":{"__id__":5}}],"_prefab":{"__type__":"cc.PrefabInfo","root":{"__id__":1},"asset":{"__uuid__":"f5r/zo5SxFCLi+TOLEClr8"},"fileId":"ccsrW0FaBCoKLtckbotJ32"},"_contentSize":{"__type__":"cc.Size","width":79,"height":79},"_trs":{"__type__":"TypedArray","ctor":"Float64Array","array":[0,0,0,0,0,0,1,1,1,1]}},{"__type__":"cc.Node","_name":"lable_name","_parent":{"__id__":2},"_components":[{"__type__":"cc.Label","node":{"__id__":6},"_materials":[{"__uuid__":"ecpdLyjvZBwrvm+cedCcQy"}],"_useOriginalSize":false,"_string":"丸子科丸丸","_N$string":"丸子科丸丸","_fontSize":26,"_lineHeight":26,"_enableWrapText":false,"_N$verticalAlign":1,"_N$overflow":2}],"_prefab":{"__type__":"cc.PrefabInfo","root":{"__id__":1},"asset":{"__uuid__":"f5r/zo5SxFCLi+TOLEClr8"},"fileId":"f2t10UQ0RCpKHCZxrWKZj5"},"_color":{"__type__":"cc.Color","r":124,"g":62,"b":18},"_contentSize":{"__type__":"cc.Size","width":130,"height":26},"_anchorPoint":{"__type__":"cc.Vec2","y":0.5},"_trs":{"__type__":"TypedArray","ctor":"Float64Array","array":[-1,55,0,0,0,0,1,1,1,1]}},{"__type__":"cc.Node","_name":"label_id","_parent":{"__id__":2},"_components":[{"__type__":"cc.Label","node":{"__id__":7},"_materials":[{"__uuid__":"ecpdLyjvZBwrvm+cedCcQy"}],"_useOriginalSize":false,"_string":"1422222","_N$string":"1422222","_fontSize":26,"_lineHeight":26,"_N$verticalAlign":1}],"_prefab":{"__type__":"cc.PrefabInfo","root":{"__id__":1},"asset":{"__uuid__":"f5r/zo5SxFCLi+TOLEClr8"},"fileId":"57rcO1VPhMJqNOCjL7WLux"},"_color":{"__type__":"cc.Color","r":124,"g":62,"b":18},"_contentSize":{"__type__":"cc.Size","width":101.22,"height":32.76},"_anchorPoint":{"__type__":"cc.Vec2","y":0.5},"_trs":{"__type__":"TypedArray","ctor":"Float64Array","array":[1,21,0,0,0,0,1,1,1,1]}},{"__type__":"cc.Node","_name":"zhuangjia","_parent":{"__id__":2},"_components":[{"__type__":"cc.Sprite","node":{"__id__":8},"_enabled":false,"_materials":[{"__uuid__":"ecpdLyjvZBwrvm+cedCcQy"}],"_spriteFrame":{"__uuid__":"2c4lUHvdBML5RELKLSS41S"}}],"_prefab":{"__type__":"cc.PrefabInfo","root":{"__id__":1},"asset":{"__uuid__":"f5r/zo5SxFCLi+TOLEClr8"},"fileId":"9flm+01WdLQ4too95FK7L8"},"_contentSize":{"__type__":"cc.Size","width":48,"height":48},"_trs":{"__type__":"TypedArray","ctor":"Float64Array","array":[-92.534,61.808,0,0,0,0,1,1,1,1]}},{"__type__":"cc.Node","_name":"img_du","_parent":{"__id__":2},"_components":[{"__type__":"cc.Sprite","node":{"__id__":9},"_materials":[{"__uuid__":"ecpdLyjvZBwrvm+cedCcQy"}]}],"_prefab":{"__type__":"cc.PrefabInfo","root":{"__id__":1},"asset":{"__uuid__":"f5r/zo5SxFCLi+TOLEClr8"},"fileId":"8d5kG32HdKNLtdp9+2hyW1"},"_contentSize":{"__type__":"cc.Size","width":47,"height":47},"_trs":{"__type__":"TypedArray","ctor":"Float64Array","array":[-85.962,-14.123,0,0,0,0,1,1,1,1]}},{"__type__":"cc.Node","_name":"bg_win","_parent":{"__id__":2},"_components":[{"__type__":"cc.Sprite","node":{"__id__":10},"_materials":[{"__uuid__":"ecpdLyjvZBwrvm+cedCcQy"}],"_spriteFrame":{"__uuid__":"0aLsfv3jBCzYzVbQxQO2Ep"}}],"_prefab":{"__type__":"cc.PrefabInfo","root":{"__id__":1},"asset":{"__uuid__":"f5r/zo5SxFCLi+TOLEClr8"},"fileId":"fbLnLZVm1Cda4b0B7ratN3"},"_contentSize":{"__type__":"cc.Size","width":184,"height":177},"_trs":{"__type__":"TypedArray","ctor":"Float64Array","array":[125,-185,0,0,0,0,1,0.4,0.4,1]}},{"__type__":"cc.Node","_name":"bg_lost","_parent":{"__id__":2},"_components":[{"__type__":"cc.Sprite","node":{"__id__":11},"_materials":[{"__uuid__":"ecpdLyjvZBwrvm+cedCcQy"}],"_spriteFrame":{"__uuid__":"8c7i4B7HFGPJTm/Ywghfn2"}}],"_prefab":{"__type__":"cc.PrefabInfo","root":{"__id__":1},"asset":{"__uuid__":"f5r/zo5SxFCLi+TOLEClr8"},"fileId":"54/62WoNlLcbpnMkk811Ok"},"_contentSize":{"__type__":"cc.Size","width":145,"height":196},"_trs":{"__type__":"TypedArray","ctor":"Float64Array","array":[125,-185,0,0,0,0,1,0.4,0.4,1]}},{"__type__":"cc.Node","_name":"icon_dzm","_parent":{"__id__":2},"_active":false,"_components":[{"__type__":"cc.Sprite","node":{"__id__":12},"_materials":[{"__uuid__":"ecpdLyjvZBwrvm+cedCcQy"}],"_spriteFrame":{"__uuid__":"6b5WDlSMROe6s4CkxD9y3O"},"_sizeMode":0}],"_prefab":{"__type__":"cc.PrefabInfo","root":{"__id__":1},"asset":{"__uuid__":"f5r/zo5SxFCLi+TOLEClr8"},"fileId":"011p3HKpRJU63heEzGeakV"},"_contentSize":{"__type__":"cc.Size","width":60,"height":45},"_trs":{"__type__":"TypedArray","ctor":"Float64Array","array":[-48.8,59.7,0,0,0,0,1,1,1,1]}},{"__type__":"cc.Node","_name":"you","_parent":{"__id__":2},"_components":[{"__type__":"cc.Sprite","node":{"__id__":13},"_materials":[{"__uuid__":"ecpdLyjvZBwrvm+cedCcQy"}]}],"_prefab":{"__type__":"cc.PrefabInfo","root":{"__id__":1},"asset":{"__uuid__":"f5r/zo5SxFCLi+TOLEClr8"},"fileId":"613DWpKVVHF7Tbr1PFFlQV"},"_contentSize":{"__type__":"cc.Size","width":88,"height":102},"_trs":{"__type__":"TypedArray","ctor":"Float64Array","array":[-67.745,-176.398,0,0,0,0,1,0.8,0.8,1]}},{"__type__":"cc.Node","_name":"icon_robClose","_parent":{"__id__":1},"_active":false,"_components":[{"__type__":"cc.Sprite","node":{"__id__":14},"_spriteFrame":{"__uuid__":"43VZAJIQdIwJ1CckGfJfs5"}}],"_prefab":{"__type__":"cc.PrefabInfo","root":{"__id__":1},"asset":{"__uuid__":"f5r/zo5SxFCLi+TOLEClr8"},"fileId":"13LgXGhy1H6J5GOOL9p35A"},"_contentSize":{"__type__":"cc.Size","width":129,"height":67},"_trs":{"__type__":"TypedArray","ctor":"Float64Array","array":[139,-48,0,0,0,0,1,1,1,1]}},{"__type__":"cc.Node","_name":"lb_roomPoint","_parent":{"__id__":1},"_children":[{"__id__":16}],"_components":[{"__type__":"cc.Label","node":{"__id__":15},"_materials":[{"__uuid__":"ecpdLyjvZBwrvm+cedCcQy"}],"_useOriginalSize":false,"_string":"10","_N$string":"10","_fontSize":24,"_N$file":{"__uuid__":"5f5wQekV1CGpJW2meZozWn"},"_isSystemFontUsed":false,"_N$horizontalAlign":1,"_N$verticalAlign":1}],"_prefab":{"__type__":"cc.PrefabInfo","root":{"__id__":1},"asset":{"__uuid__":"f5r/zo5SxFCLi+TOLEClr8"},"fileId":"61Oj/QqI9GdJYVy/u3YGxR"},"_color":{"__type__":"cc.Color","r":255,"g":66},"_contentSize":{"__type__":"cc.Size","width":22.5,"height":50.4},"_anchorPoint":{"__type__":"cc.Vec2","y":0.5},"_trs":{"__type__":"TypedArray","ctor":"Float64Array","array":[182,65,0,0,0,0,1,1,1,1]}},{"__type__":"cc.Node","_name":"lb_roomPointTitle","_parent":{"__id__":15},"_components":[{"__type__":"cc.Label","node":{"__id__":16},"_materials":[{"__uuid__":"ecpdLyjvZBwrvm+cedCcQy"}],"_useOriginalSize":false,"_string":"总战绩：","_N$string":"总战绩：","_fontSize":26,"_lineHeight":35,"_N$file":{"__uuid__":"5f5wQekV1CGpJW2meZozWn"},"_isSystemFontUsed":false,"_N$horizontalAlign":1,"_N$verticalAlign":1}],"_prefab":{"__type__":"cc.PrefabInfo","root":{"__id__":1},"asset":{"__uuid__":"f5r/zo5SxFCLi+TOLEClr8"},"fileId":"cdsOoXfz9HPa499SHh59qh"},"_color":{"__type__":"cc.Color","r":119,"g":17,"b":17},"_contentSize":{"__type__":"cc.Size","width":104,"height":44.1},"_anchorPoint":{"__type__":"cc.Vec2","y":0.5},"_trs":{"__type__":"TypedArray","ctor":"Float64Array","array":[-149,0,0,0,0,0,1,1,1,1]}},{"__type__":"cc.Node","_name":"lb_difen","_parent":{"__id__":1},"_children":[{"__id__":18}],"_components":[{"__type__":"cc.Label","node":{"__id__":17},"_materials":[{"__uuid__":"ecpdLyjvZBwrvm+cedCcQy"}],"_useOriginalSize":false,"_string":"10","_N$string":"10","_fontSize":24,"_N$file":{"__uuid__":"5f5wQekV1CGpJW2meZozWn"},"_isSystemFontUsed":false,"_N$horizontalAlign":1,"_N$verticalAlign":1}],"_prefab":{"__type__":"cc.PrefabInfo","root":{"__id__":1},"asset":{"__uuid__":"f5r/zo5SxFCLi+TOLEClr8"},"fileId":"ad2ZO+QmBHQau74cCm922K"},"_color":{"__type__":"cc.Color","r":255,"g":66},"_contentSize":{"__type__":"cc.Size","width":22.5,"height":50.4},"_anchorPoint":{"__type__":"cc.Vec2","y":0.5},"_trs":{"__type__":"TypedArray","ctor":"Float64Array","array":[182,30,0,0,0,0,1,1,1,1]}},{"__type__":"cc.Node","_name":"lb_difenTitle","_parent":{"__id__":17},"_components":[{"__type__":"cc.Label","node":{"__id__":18},"_materials":[{"__uuid__":"ecpdLyjvZBwrvm+cedCcQy"}],"_useOriginalSize":false,"_string":"倍数：","_N$string":"倍数：","_fontSize":26,"_lineHeight":35,"_N$file":{"__uuid__":"5f5wQekV1CGpJW2meZozWn"},"_isSystemFontUsed":false,"_N$horizontalAlign":1,"_N$verticalAlign":1}],"_prefab":{"__type__":"cc.PrefabInfo","root":{"__id__":1},"asset":{"__uuid__":"f5r/zo5SxFCLi+TOLEClr8"},"fileId":"74oEZvDExINLjxJh5HC2ee"},"_color":{"__type__":"cc.Color","r":119,"g":17,"b":17},"_contentSize":{"__type__":"cc.Size","width":78,"height":44.1},"_anchorPoint":{"__type__":"cc.Vec2","y":0.5},"_trs":{"__type__":"TypedArray","ctor":"Float64Array","array":[-149,0,0,0,0,0,1,1,1,1]}},{"__type__":"cc.Node","_name":"lb_zhuafen","_parent":{"__id__":1},"_children":[{"__id__":20}],"_components":[{"__type__":"cc.Label","node":{"__id__":19},"_materials":[{"__uuid__":"ecpdLyjvZBwrvm+cedCcQy"}],"_useOriginalSize":false,"_string":"10","_N$string":"10","_fontSize":24,"_N$file":{"__uuid__":"5f5wQekV1CGpJW2meZozWn"},"_isSystemFontUsed":false,"_N$horizontalAlign":1,"_N$verticalAlign":1}],"_prefab":{"__type__":"cc.PrefabInfo","root":{"__id__":1},"asset":{"__uuid__":"f5r/zo5SxFCLi+TOLEClr8"},"fileId":"1001r6gblMrpWvXD66vkf5"},"_color":{"__type__":"cc.Color","r":255,"g":66},"_contentSize":{"__type__":"cc.Size","width":22.5,"height":50.4},"_anchorPoint":{"__type__":"cc.Vec2","y":0.5},"_trs":{"__type__":"TypedArray","ctor":"Float64Array","array":[182,-5,0,0,0,0,1,1,1,1]}},{"__type__":"cc.Node","_name":"lb_zhuafenTitle","_parent":{"__id__":19},"_components":[{"__type__":"cc.Label","node":{"__id__":20},"_materials":[{"__uuid__":"ecpdLyjvZBwrvm+cedCcQy"}],"_useOriginalSize":false,"_string":"队伍抓分：","_N$string":"队伍抓分：","_fontSize":26,"_lineHeight":35,"_N$file":{"__uuid__":"5f5wQekV1CGpJW2meZozWn"},"_isSystemFontUsed":false,"_N$horizontalAlign":1,"_N$verticalAlign":1}],"_prefab":{"__type__":"cc.PrefabInfo","root":{"__id__":1},"asset":{"__uuid__":"f5r/zo5SxFCLi+TOLEClr8"},"fileId":"dccDXDNJFCI40nkQYqHMdw"},"_color":{"__type__":"cc.Color","r":119,"g":17,"b":17},"_contentSize":{"__type__":"cc.Size","width":130,"height":44.1},"_anchorPoint":{"__type__":"cc.Vec2","y":0.5},"_trs":{"__type__":"TypedArray","ctor":"Float64Array","array":[-149,0,0,0,0,0,1,1,1,1]}},{"__type__":"cc.Node","_name":"lb_threepoint","_parent":{"__id__":1},"_children":[{"__id__":22}],"_components":[{"__type__":"cc.Label","node":{"__id__":21},"_materials":[{"__uuid__":"ecpdLyjvZBwrvm+cedCcQy"}],"_useOriginalSize":false,"_string":"10","_N$string":"10","_fontSize":24,"_N$file":{"__uuid__":"5f5wQekV1CGpJW2meZozWn"},"_isSystemFontUsed":false,"_N$horizontalAlign":1,"_N$verticalAlign":1}],"_prefab":{"__type__":"cc.PrefabInfo","root":{"__id__":1},"asset":{"__uuid__":"f5r/zo5SxFCLi+TOLEClr8"},"fileId":"efXJFxc0lIsI50uUBN9U4o"},"_color":{"__type__":"cc.Color","r":255,"g":66},"_contentSize":{"__type__":"cc.Size","width":22.5,"height":50.4},"_anchorPoint":{"__type__":"cc.Vec2","y":0.5},"_trs":{"__type__":"TypedArray","ctor":"Float64Array","array":[182,-40,0,0,0,0,1,1,1,1]}},{"__type__":"cc.Node","_name":"lb_threepointTitle","_parent":{"__id__":21},"_components":[{"__type__":"cc.Label","node":{"__id__":22},"_materials":[{"__uuid__":"ecpdLyjvZBwrvm+cedCcQy"}],"_useOriginalSize":false,"_string":"拖三：","_N$string":"拖三：","_fontSize":26,"_lineHeight":35,"_N$file":{"__uuid__":"5f5wQekV1CGpJW2meZozWn"},"_isSystemFontUsed":false,"_N$horizontalAlign":1,"_N$verticalAlign":1}],"_prefab":{"__type__":"cc.PrefabInfo","root":{"__id__":1},"asset":{"__uuid__":"f5r/zo5SxFCLi+TOLEClr8"},"fileId":"33+fxUYmBCD6KCLZ6iHp6P"},"_color":{"__type__":"cc.Color","r":119,"g":17,"b":17},"_contentSize":{"__type__":"cc.Size","width":78,"height":44.1},"_anchorPoint":{"__type__":"cc.Vec2","y":0.5},"_trs":{"__type__":"TypedArray","ctor":"Float64Array","array":[-149,0,0,0,0,0,1,1,1,1]}},{"__type__":"cc.Node","_name":"lb_allScoreTitle","_parent":{"__id__":1},"_components":[{"__type__":"cc.Label","node":{"__id__":23},"_materials":[{"__uuid__":"ecpdLyjvZBwrvm+cedCcQy"}],"_useOriginalSize":false,"_string":"输赢分:","_N$string":"输赢分:","_fontSize":24,"_lineHeight":35,"_N$file":{"__uuid__":"5f5wQekV1CGpJW2meZozWn"},"_isSystemFontUsed":false,"_N$horizontalAlign":1,"_N$verticalAlign":1}],"_prefab":{"__type__":"cc.PrefabInfo","root":{"__id__":1},"asset":{"__uuid__":"f5r/zo5SxFCLi+TOLEClr8"},"fileId":"0e4PWYQA9DRKDZQ8KmcAFg"},"_color":{"__type__":"cc.Color","r":119,"g":17,"b":17},"_contentSize":{"__type__":"cc.Size","width":78.38,"height":44.1},"_trs":{"__type__":"TypedArray","ctor":"Float64Array","array":[60,-130,0,0,0,0,1,1,1,1]}},{"__type__":"cc.Node","_name":"lb_lose_num","_parent":{"__id__":1},"_components":[{"__type__":"cc.Label","node":{"__id__":24},"_materials":[{"__uuid__":"ecpdLyjvZBwrvm+cedCcQy"}],"_useOriginalSize":false,"_string":"-1000","_N$string":"-1000","_fontSize":32,"_N$file":{"__uuid__":"59kzsyiIFGS5Deoo4o1bsG"},"_isSystemFontUsed":false,"_N$horizontalAlign":1,"_N$verticalAlign":1}],"_prefab":{"__type__":"cc.PrefabInfo","root":{"__id__":1},"asset":{"__uuid__":"f5r/zo5SxFCLi+TOLEClr8"},"fileId":"49FYrhQ7VBu5dwQPilEFh2"},"_contentSize":{"__type__":"cc.Size","width":145,"height":40},"_anchorPoint":{"__type__":"cc.Vec2","y":0.5},"_trs":{"__type__":"TypedArray","ctor":"Float64Array","array":[117,-130,0,0,0,0,1,0.7,0.7,1]}},{"__type__":"cc.Node","_name":"lb_win_num","_parent":{"__id__":1},"_components":[{"__type__":"cc.Label","node":{"__id__":25},"_materials":[{"__uuid__":"ecpdLyjvZBwrvm+cedCcQy"}],"_useOriginalSize":false,"_string":"+1000","_N$string":"+1000","_fontSize":1,"_lineHeight":1,"_N$file":{"__uuid__":"72IVOMk1hKZ49cj8VmMTmu"},"_isSystemFontUsed":false,"_N$horizontalAlign":1,"_N$verticalAlign":1}],"_prefab":{"__type__":"cc.PrefabInfo","root":{"__id__":1},"asset":{"__uuid__":"f5r/zo5SxFCLi+TOLEClr8"},"fileId":"bcKIGKy/tGS7ZzmNXA/bON"},"_contentSize":{"__type__":"cc.Size","width":145,"height":1},"_anchorPoint":{"__type__":"cc.Vec2","y":0.5},"_trs":{"__type__":"TypedArray","ctor":"Float64Array","array":[116,-117,0,0,0,0,1,0.7,0.7,1]}},{"__type__":"cc.Node","_name":"lb_sportsPointTitle","_parent":{"__id__":1},"_children":[{"__id__":27}],"_components":[{"__type__":"cc.Label","node":{"__id__":26},"_materials":[{"__uuid__":"ecpdLyjvZBwrvm+cedCcQy"}],"_useOriginalSize":false,"_string":"比赛分:","_N$string":"比赛分:","_fontSize":24,"_lineHeight":35,"_N$file":{"__uuid__":"5f5wQekV1CGpJW2meZozWn"},"_isSystemFontUsed":false,"_N$horizontalAlign":1,"_N$verticalAlign":1}],"_prefab":{"__type__":"cc.PrefabInfo","root":{"__id__":1},"asset":{"__uuid__":"f5r/zo5SxFCLi+TOLEClr8"},"fileId":"64CP6VSIRFvLeVQZt+f+nf"},"_color":{"__type__":"cc.Color","r":119,"g":17,"b":17},"_contentSize":{"__type__":"cc.Size","width":78.38,"height":44.1},"_trs":{"__type__":"TypedArray","ctor":"Float64Array","array":[60,-167,0,0,0,0,1,1,1,1]}},{"__type__":"cc.Node","_name":"lb_sportsPoint","_parent":{"__id__":26},"_components":[{"__type__":"cc.Label","node":{"__id__":27},"_materials":[{"__uuid__":"ecpdLyjvZBwrvm+cedCcQy"}],"_useOriginalSize":false,"_string":"1234","_N$string":"1234","_fontSize":24,"_lineHeight":35,"_N$file":{"__uuid__":"5f5wQekV1CGpJW2meZozWn"},"_isSystemFontUsed":false,"_N$horizontalAlign":1,"_N$verticalAlign":1}],"_prefab":{"__type__":"cc.PrefabInfo","root":{"__id__":1},"asset":{"__uuid__":"f5r/zo5SxFCLi+TOLEClr8"},"fileId":"a2JfS0hOFHCamtvddVBGRK"},"_color":{"__type__":"cc.Color","r":255,"g":66},"_contentSize":{"__type__":"cc.Size","width":49.88,"height":44.1},"_anchorPoint":{"__type__":"cc.Vec2","y":0.5},"_trs":{"__type__":"TypedArray","ctor":"Float64Array","array":[59,0,0,0,0,0,1,1,1,1]}}]]