[{"__type__":"cc.SpriteFrame","content":{"name":"default_btn_disabled","texture":"71VhFCTINJM6/Ky3oX9nBT","rect":[0,0,40,40],"offset":[0,0],"originalSize":[40,40],"capInsets":[12,12,12,12]}},[{"__type__":"cc.Prefab","_name":"pdk_UIMessageJoin","data":{"__id__":1}},{"__type__":"cc.Node","_name":"pdk_UIMessageJoin","_children":[{"__id__":2},{"__id__":5}],"_components":[{"__type__":"cc.Widget","node":{"__id__":1},"alignMode":0,"_alignFlags":45,"_originalWidth":750,"_originalHeight":1360},{"__type__":"cc.Button","node":{"__id__":1},"_N$normalColor":{"__type__":"cc.Color","r":214,"g":214,"b":214},"_N$target":{"__id__":1}},{"__type__":"cc.Sprite","node":{"__id__":1},"_materials":[{"__uuid__":"ecpdLyjvZBwrvm+cedCcQy"}],"_spriteFrame":{"__uuid__":"typdkd1f-3e0b-4b1d-ae52-c52ad188bba9"},"_sizeMode":0},{"__type__":"7ad84yfqFJCrrVu+pvVF5fw","node":{"__id__":1},"lb_message":{"__id__":7}}],"_prefab":{"__type__":"cc.PrefabInfo","root":{"__id__":1},"asset":{"__uuid__":"888JqH6uBDZ6zAMbEv9GAw"},"fileId":"59HWlg+CtIpoZeVITSyxMJ"},"_contentSize":{"__type__":"cc.Size","width":1360,"height":760},"_trs":{"__type__":"TypedArray","ctor":"Float64Array","array":[680,380,0,0,0,0,1,1,1,1]}},{"__type__":"cc.Node","_name":"bg_create","_parent":{"__id__":1},"_children":[{"__id__":3}],"_components":[{"__type__":"cc.Sprite","node":{"__id__":2},"_materials":[{"__uuid__":"ecpdLyjvZBwrvm+cedCcQy"}],"_spriteFrame":{"__uuid__":"typdkcca-3809-4202-905e-f10a4a6e16ea"},"_type":1,"_sizeMode":0}],"_prefab":{"__type__":"cc.PrefabInfo","root":{"__id__":1},"asset":{"__uuid__":"888JqH6uBDZ6zAMbEv9GAw"},"fileId":"99TT1mTwdJK6SXk8el7Z7M"},"_contentSize":{"__type__":"cc.Size","width":699,"height":478},"_trs":{"__type__":"TypedArray","ctor":"Float64Array","array":[0,0,0,0,0,0,1,1,1,1]}},{"__type__":"cc.Node","_name":"title","_parent":{"__id__":2},"_children":[{"__id__":4}],"_components":[{"__type__":"cc.Sprite","node":{"__id__":3},"_materials":[{"__uuid__":"ecpdLyjvZBwrvm+cedCcQy"}],"_spriteFrame":{"__uuid__":"typdk920-ee0d-4e7a-b441-db937b7e8e54"}}],"_prefab":{"__type__":"cc.PrefabInfo","root":{"__id__":1},"asset":{"__uuid__":"888JqH6uBDZ6zAMbEv9GAw"},"fileId":"255vnMHC5K/73N/sYM+n6v"},"_contentSize":{"__type__":"cc.Size","width":425,"height":90},"_trs":{"__type__":"TypedArray","ctor":"Float64Array","array":[0,208,0,0,0,0,1,1,1,1]}},{"__type__":"cc.Node","_name":"New Sprite","_parent":{"__id__":3},"_components":[{"__type__":"cc.Sprite","node":{"__id__":4},"_materials":[{"__uuid__":"ecpdLyjvZBwrvm+cedCcQy"}],"_spriteFrame":{"__uuid__":"typdk1ec-504e-47b4-a090-90888a4afbac"}}],"_prefab":{"__type__":"cc.PrefabInfo","root":{"__id__":1},"asset":{"__uuid__":"888JqH6uBDZ6zAMbEv9GAw"},"fileId":"32T7Nd4ThAmrLS139qgrSM"},"_contentSize":{"__type__":"cc.Size","width":109,"height":54},"_trs":{"__type__":"TypedArray","ctor":"Float64Array","array":[0,2,0,0,0,0,1,1,1,1]}},{"__type__":"cc.Node","_name":"image01","_parent":{"__id__":1},"_children":[{"__id__":6},{"__id__":8},{"__id__":10}],"_prefab":{"__type__":"cc.PrefabInfo","root":{"__id__":1},"asset":{"__uuid__":"888JqH6uBDZ6zAMbEv9GAw"},"fileId":"349kjIfaJKNqqsXATWbeh2"},"_contentSize":{"__type__":"cc.Size","width":610,"height":400},"_trs":{"__type__":"TypedArray","ctor":"Float64Array","array":[0,-16,0,0,0,0,1,1,1,1]}},{"__type__":"cc.Node","_name":"LabelMessage","_parent":{"__id__":5},"_components":[{"__id__":7}],"_prefab":{"__type__":"cc.PrefabInfo","root":{"__id__":1},"asset":{"__uuid__":"888JqH6uBDZ6zAMbEv9GAw"},"fileId":"94s0TMw9FHgLgtsL3XkukI"},"_color":{"__type__":"cc.Color","r":122,"g":64,"b":15},"_contentSize":{"__type__":"cc.Size","width":400,"height":81.9},"_anchorPoint":{"__type__":"cc.Vec2","x":0.5,"y":1},"_trs":{"__type__":"TypedArray","ctor":"Float64Array","array":[-2,128,0,0,0,0,1,1,1,1]}},{"__type__":"cc.Label","node":{"__id__":6},"_materials":[{"__uuid__":"ecpdLyjvZBwrvm+cedCcQy"}],"_useOriginalSize":false,"_string":"系统提示文本","_N$string":"系统提示文本","_fontSize":46,"_lineHeight":65,"_N$file":{"__uuid__":"typdk345-cbe0-4203-a8ca-8141b2e63f4f"},"_isSystemFontUsed":false,"_N$overflow":3},{"__type__":"cc.Node","_name":"btnCancel","_parent":{"__id__":5},"_children":[{"__id__":9}],"_components":[{"__type__":"cc.Sprite","node":{"__id__":8},"_materials":[{"__uuid__":"ecpdLyjvZBwrvm+cedCcQy"}],"_spriteFrame":{"__uuid__":"typdkb94-98ea-41cd-b7d4-5bd97e4041c8"},"_type":1},{"__type__":"cc.Button","node":{"__id__":8},"zoomScale":0.95,"clickEvents":[{"__type__":"cc.ClickEvent","target":{"__id__":1},"_componentId":"7ad84yfqFJCrrVu+pvVF5fw","handler":"OnClick_BtnWnd"}],"_N$transition":3,"transition":3,"_N$pressedColor":{"__type__":"cc.Color","r":255,"g":255,"b":255},"pressedColor":{"__type__":"cc.Color","r":255,"g":255,"b":255},"_N$disabledColor":{"__type__":"cc.Color","r":255,"g":255,"b":255},"_N$normalSprite":{"__uuid__":"f0BIwQ8D5Ml7nTNQbh1YlS"},"_N$pressedSprite":{"__uuid__":"e97GVMl6JHh5Ml5qEDdSGa"},"pressedSprite":{"__uuid__":"e97GVMl6JHh5Ml5qEDdSGa"},"_N$hoverSprite":{"__uuid__":"e97GVMl6JHh5Ml5qEDdSGa"},"hoverSprite":{"__uuid__":"e97GVMl6JHh5Ml5qEDdSGa"},"_N$disabledSprite":{"__uuid__":"29FYIk+N1GYaeWH/q1NxQO"},"_N$target":{"__id__":8}}],"_prefab":{"__type__":"cc.PrefabInfo","root":{"__id__":1},"asset":{"__uuid__":"888JqH6uBDZ6zAMbEv9GAw"},"fileId":"3frE2xxJlEIK7Cz6dPIG6M"},"_contentSize":{"__type__":"cc.Size","width":223,"height":80},"_trs":{"__type__":"TypedArray","ctor":"Float64Array","array":[-150,-150,0,0,0,0,1,1,1,1]}},{"__type__":"cc.Node","_name":"New Label","_parent":{"__id__":8},"_components":[{"__type__":"cc.Label","node":{"__id__":9},"_materials":[{"__uuid__":"ecpdLyjvZBwrvm+cedCcQy"}],"_useOriginalSize":false,"_string":"不加入","_N$string":"不加入","_N$file":{"__uuid__":"typdk345-cbe0-4203-a8ca-8141b2e63f4f"},"_isSystemFontUsed":false,"_N$horizontalAlign":1,"_N$verticalAlign":1},{"__type__":"cc.LabelOutline","node":{"__id__":9},"_color":{"__type__":"cc.Color","r":57,"g":92,"b":13},"_width":2}],"_prefab":{"__type__":"cc.PrefabInfo","root":{"__id__":1},"asset":{"__uuid__":"888JqH6uBDZ6zAMbEv9GAw"},"fileId":"2apkDMypRBNLAlUK7+PYtm"},"_contentSize":{"__type__":"cc.Size","width":124,"height":54.4},"_trs":{"__type__":"TypedArray","ctor":"Float64Array","array":[0,3,0,0,0,0,1,1,1,1]}},{"__type__":"cc.Node","_name":"btnSure","_parent":{"__id__":5},"_children":[{"__id__":11}],"_components":[{"__type__":"cc.Sprite","node":{"__id__":10},"_materials":[{"__uuid__":"ecpdLyjvZBwrvm+cedCcQy"}],"_spriteFrame":{"__uuid__":"typdkd85-5590-4443-8358-f73b2f924f7d"},"_type":1},{"__type__":"cc.Button","node":{"__id__":10},"zoomScale":0.95,"clickEvents":[{"__type__":"cc.ClickEvent","target":{"__id__":1},"_componentId":"7ad84yfqFJCrrVu+pvVF5fw","handler":"OnClick_BtnWnd"}],"_N$transition":3,"transition":3,"_N$pressedColor":{"__type__":"cc.Color","r":255,"g":255,"b":255},"pressedColor":{"__type__":"cc.Color","r":255,"g":255,"b":255},"_N$disabledColor":{"__type__":"cc.Color","r":255,"g":255,"b":255},"_N$normalSprite":{"__uuid__":"f0BIwQ8D5Ml7nTNQbh1YlS"},"_N$pressedSprite":{"__uuid__":"e97GVMl6JHh5Ml5qEDdSGa"},"pressedSprite":{"__uuid__":"e97GVMl6JHh5Ml5qEDdSGa"},"_N$hoverSprite":{"__uuid__":"e97GVMl6JHh5Ml5qEDdSGa"},"hoverSprite":{"__uuid__":"e97GVMl6JHh5Ml5qEDdSGa"},"_N$disabledSprite":{"__uuid__":"29FYIk+N1GYaeWH/q1NxQO"},"_N$target":{"__id__":10}}],"_prefab":{"__type__":"cc.PrefabInfo","root":{"__id__":1},"asset":{"__uuid__":"888JqH6uBDZ6zAMbEv9GAw"},"fileId":"70VFGqKpBDZKhKxUT97Yzf"},"_contentSize":{"__type__":"cc.Size","width":223,"height":80},"_trs":{"__type__":"TypedArray","ctor":"Float64Array","array":[150,-150,0,0,0,0,1,1,1,1]}},{"__type__":"cc.Node","_name":"New Label","_parent":{"__id__":10},"_components":[{"__type__":"cc.Label","node":{"__id__":11},"_materials":[{"__uuid__":"ecpdLyjvZBwrvm+cedCcQy"}],"_useOriginalSize":false,"_string":"加入","_N$string":"加入","_N$file":{"__uuid__":"typdk345-cbe0-4203-a8ca-8141b2e63f4f"},"_isSystemFontUsed":false,"_N$horizontalAlign":1,"_N$verticalAlign":1},{"__type__":"cc.LabelOutline","node":{"__id__":11},"_color":{"__type__":"cc.Color","r":167,"g":80,"b":22},"_width":2}],"_prefab":{"__type__":"cc.PrefabInfo","root":{"__id__":1},"asset":{"__uuid__":"888JqH6uBDZ6zAMbEv9GAw"},"fileId":"3fAw44UmFA0IdeV9rweE+R"},"_contentSize":{"__type__":"cc.Size","width":84,"height":54.4},"_trs":{"__type__":"TypedArray","ctor":"Float64Array","array":[0,3,0,0,0,0,1,1,1,1]}}],{"__type__":"cc.SpriteFrame","content":{"name":"default_btn_pressed","texture":"b4P/PCArtIdIH38t6mlw8Y","rect":[0,0,40,40],"offset":[0,0],"originalSize":[40,40],"capInsets":[12,12,12,12]}},{"__type__":"cc.SpriteFrame","content":{"name":"default_btn_normal","texture":"e8Ueib+qJEhL6mXAHdnwbi","rect":[0,0,40,40],"offset":[0,0],"originalSize":[40,40],"capInsets":[12,12,12,12]}},{"__type__":"cc.SpriteFrame","content":{"name":"img_ts","texture":"typdk159-8f40-4fed-aae3-3b9bdac93081","rect":[0,0,109,54],"offset":[0,0],"originalSize":[109,54],"capInsets":[0,0,0,0]}},{"__type__":"cc.SpriteFrame","content":{"name":"img_up_title","texture":"typdk851-d3c7-47f0-8556-0db728ccc3f1","rect":[0,0,425,90],"offset":[0,0],"originalSize":[425,90],"capInsets":[0,0,0,0]}},{"__type__":"cc.SpriteFrame","content":{"name":"btn_green00","texture":"typdke60-b43a-4062-8e61-df40b10a02ef","rect":[0,0,223,80],"offset":[0,0],"originalSize":[223,80],"capInsets":[0,0,0,0]}},{"__type__":"cc.SpriteFrame","content":{"name":"img_white_down","texture":"typdkacd-4e54-476c-9019-44d7ba8a9850","rect":[0,0,806,163],"offset":[0,0],"originalSize":[806,163],"capInsets":[0,99,0,39]}},{"__type__":"cc.SpriteFrame","content":{"name":"bg","texture":"typdk036-8a0c-4d92-8561-c45e53fa19cc","rect":[0,0,21,63],"offset":[0,0],"originalSize":[21,63],"capInsets":[0,0,0,0]}},{"__type__":"cc.SpriteFrame","content":{"name":"btn_yellow01","texture":"typdkb0d-1deb-43b1-9bff-c64bd7569563","rect":[0,0,223,80],"offset":[0,0],"originalSize":[223,80],"capInsets":[0,0,0,0]}}]