[{"__type__":"cc.SpriteFrame","content":{"name":"default_btn_disabled","texture":"71VhFCTINJM6/Ky3oX9nBT","rect":[0,0,40,40],"offset":[0,0],"originalSize":[40,40],"capInsets":[12,12,12,12]}},{"__type__":"cc.SpriteFrame","content":{"name":"default_btn_pressed","texture":"b4P/PCArtIdIH38t6mlw8Y","rect":[0,0,40,40],"offset":[0,0],"originalSize":[40,40],"capInsets":[12,12,12,12]}},{"__type__":"cc.SpriteFrame","content":{"name":"default_btn_normal","texture":"e8Ueib+qJEhL6mXAHdnwbi","rect":[0,0,40,40],"offset":[0,0],"originalSize":[40,40],"capInsets":[12,12,12,12]}},{"__type__":"cc.SpriteFrame","content":{"name":"default_editbox_bg","texture":"ed0hW5J5ZKBar1gflskoHO","rect":[0,0,40,40],"offset":[0,0],"originalSize":[40,40],"capInsets":[12,12,12,12]}},{"__type__":"cc.SpriteFrame","content":{"name":"icon_lxc","texture":"typdk541-57e8-454a-be27-d5b95563aa0a","rect":[1,1,314,485],"offset":[0.5,-0.5],"originalSize":[315,486],"capInsets":[0,0,0,0]}},{"__type__":"cc.SpriteFrame","content":{"name":"icon_bsc","texture":"typdk759-078d-4be4-a5d7-c48882a3cb68","rect":[0,0,315,486],"offset":[0,0],"originalSize":[315,486],"capInsets":[0,0,0,0]}},{"__type__":"cc.SpriteFrame","content":{"name":"bg01_sy","texture":"typdk90d-2a57-4a26-b096-1a8c9ec8c7fb","rect":[0,0,1560,720],"offset":[0,0],"originalSize":[1560,720],"capInsets":[0,0,0,0]}},[{"__type__":"cc.Prefab","_name":"pdk_UIMain","data":{"__id__":1}},{"__type__":"cc.Node","_name":"pdk_UIMain","_children":[{"__id__":2},{"__id__":3},{"__id__":8}],"_components":[{"__type__":"cc.Widget","node":{"__id__":1},"alignMode":0,"_alignFlags":45,"_originalWidth":1360,"_originalHeight":760},{"__type__":"typdk60c-e8f7-401b-b8b8-b65d6fcdaa11","node":{"__id__":1},"JS_Name":"sss_BaseComponent","resVersion":{"__id__":7}}],"_prefab":{"__type__":"cc.PrefabInfo","root":{"__id__":1},"asset":{"__uuid__":"typdkc98-be7f-4ecd-bc1b-6ffecb6e0f98"},"fileId":"b1365DcdqNADKh8IIzWpJot"},"_contentSize":{"__type__":"cc.Size","width":1360,"height":760},"_trs":{"__type__":"TypedArray","ctor":"Float64Array","array":[680,380,0,0,0,0,1,1,1,1]}},{"__type__":"cc.Node","_name":"bg","_parent":{"__id__":1},"_components":[{"__type__":"cc.Sprite","node":{"__id__":2},"_spriteFrame":{"__uuid__":"typdkc4a-7ec3-4f16-ad84-ed3352de19b0"}}],"_prefab":{"__type__":"cc.PrefabInfo","root":{"__id__":1},"asset":{"__uuid__":"typdkc98-be7f-4ecd-bc1b-6ffecb6e0f98"},"fileId":"a8126/b2eZFAa1dRdmN4AYA"},"_contentSize":{"__type__":"cc.Size","width":1750,"height":800},"_trs":{"__type__":"TypedArray","ctor":"Float64Array","array":[0,0,0,0,0,0,1,1,1,1]}},{"__type__":"cc.Node","_name":"top","_parent":{"__id__":1},"_children":[{"__id__":4},{"__id__":5},{"__id__":6}],"_components":[{"__type__":"cc.Widget","node":{"__id__":3},"_alignFlags":41,"_originalWidth":1360}],"_prefab":{"__type__":"cc.PrefabInfo","root":{"__id__":1},"asset":{"__uuid__":"typdkc98-be7f-4ecd-bc1b-6ffecb6e0f98"},"fileId":"e6eVN/L/VAS73iUvlZeQUn"},"_contentSize":{"__type__":"cc.Size","width":1360,"height":80},"_anchorPoint":{"__type__":"cc.Vec2","x":0.5,"y":1},"_trs":{"__type__":"TypedArray","ctor":"Float64Array","array":[0,380,0,0,0,0,1,1,1,1]}},{"__type__":"cc.Node","_name":"img_symid_up","_parent":{"__id__":3},"_components":[{"__type__":"cc.Sprite","node":{"__id__":4},"_spriteFrame":{"__uuid__":"typdke1d-8075-40e7-9db5-707b61d6c5d4"}}],"_prefab":{"__type__":"cc.PrefabInfo","root":{"__id__":1},"asset":{"__uuid__":"typdkc98-be7f-4ecd-bc1b-6ffecb6e0f98"},"fileId":"59havHv3RKwZkyU3+olwiz"},"_contentSize":{"__type__":"cc.Size","width":411,"height":82},"_anchorPoint":{"__type__":"cc.Vec2","x":0.5,"y":1},"_trs":{"__type__":"TypedArray","ctor":"Float64Array","array":[0,0,0,0,0,0,1,1,1,1]}},{"__type__":"cc.Node","_name":"lb_tip","_parent":{"__id__":3},"_components":[{"__type__":"cc.Label","node":{"__id__":5},"_useOriginalSize":false,"_string":"文明娱乐 禁止赌博","_N$string":"文明娱乐 禁止赌博","_fontSize":30,"_lineHeight":30,"_N$verticalAlign":1},{"__type__":"cc.Widget","node":{"__id__":5},"_alignFlags":9,"_left":10,"_right":1111.835,"_top":91,"_bottom":-41,"_originalWidth":248.33,"_originalHeight":30}],"_prefab":{"__type__":"cc.PrefabInfo","root":{"__id__":1},"asset":{"__uuid__":"typdkc98-be7f-4ecd-bc1b-6ffecb6e0f98"},"fileId":"95KhZshvdLWIaJE0pGMqgO"},"_contentSize":{"__type__":"cc.Size","width":248.33,"height":30},"_anchorPoint":{"__type__":"cc.Vec2","y":0.5},"_trs":{"__type__":"TypedArray","ctor":"Float64Array","array":[-670,-106,0,0,0,0,1,1,1,1]}},{"__type__":"cc.Node","_name":"resVersion","_parent":{"__id__":3},"_components":[{"__id__":7},{"__type__":"cc.Widget","node":{"__id__":6},"_alignFlags":9,"_left":10,"_right":1360.4,"_top":129.3,"_bottom":-79.30000000000001}],"_prefab":{"__type__":"cc.PrefabInfo","root":{"__id__":1},"asset":{"__uuid__":"typdkc98-be7f-4ecd-bc1b-6ffecb6e0f98"},"fileId":"97EtTQ2XlHcoQU20BuGdu3"},"_contentSize":{"__type__":"cc.Size","height":30},"_anchorPoint":{"__type__":"cc.Vec2","y":0.5},"_trs":{"__type__":"TypedArray","ctor":"Float64Array","array":[-670,-144.3,0,0,0,0,1,1,1,1]}},{"__type__":"cc.Label","node":{"__id__":6},"_useOriginalSize":false,"_fontSize":30,"_lineHeight":30,"_N$verticalAlign":1},{"__type__":"cc.Node","_name":"main","_parent":{"__id__":1},"_children":[{"__id__":9},{"__id__":10},{"__id__":11},{"__id__":12},{"__id__":13}],"_components":[{"__type__":"cc.Sprite","node":{"__id__":8},"_type":1,"_sizeMode":0},{"__type__":"cc.Layout","node":{"__id__":8},"_layoutSize":{"__type__":"cc.Size","width":1255,"height":520},"_resize":1,"_N$layoutType":1}],"_prefab":{"__type__":"cc.PrefabInfo","root":{"__id__":1},"asset":{"__uuid__":"typdkc98-be7f-4ecd-bc1b-6ffecb6e0f98"},"fileId":"a111gBBfNBLKostve98k/z"},"_contentSize":{"__type__":"cc.Size","width":1255,"height":520},"_trs":{"__type__":"TypedArray","ctor":"Float64Array","array":[0,-10,0,0,0,0,1,1,1,1]}},{"__type__":"cc.Node","_name":"btn_create","_parent":{"__id__":8},"_components":[{"__type__":"cc.Sprite","node":{"__id__":9},"_spriteFrame":{"__uuid__":"typdke63-ba21-44f8-a61f-2c1ef552f6cb"},"_type":1},{"__type__":"cc.Button","node":{"__id__":9},"clickEvents":[{"__type__":"cc.ClickEvent","target":{"__id__":1},"_componentId":"typdk60c-e8f7-401b-b8b8-b65d6fcdaa11","handler":"OnClick_BtnWnd"}],"_N$transition":3,"transition":3,"_N$pressedColor":{"__type__":"cc.Color","r":255,"g":255,"b":255},"pressedColor":{"__type__":"cc.Color","r":255,"g":255,"b":255},"_N$disabledColor":{"__type__":"cc.Color","r":255,"g":255,"b":255},"_N$normalSprite":{"__uuid__":"f0BIwQ8D5Ml7nTNQbh1YlS"},"_N$pressedSprite":{"__uuid__":"e97GVMl6JHh5Ml5qEDdSGa"},"pressedSprite":{"__uuid__":"e97GVMl6JHh5Ml5qEDdSGa"},"_N$hoverSprite":{"__uuid__":"f0BIwQ8D5Ml7nTNQbh1YlS"},"hoverSprite":{"__uuid__":"f0BIwQ8D5Ml7nTNQbh1YlS"},"_N$disabledSprite":{"__uuid__":"29FYIk+N1GYaeWH/q1NxQO"},"_N$target":{"__id__":9}}],"_prefab":{"__type__":"cc.PrefabInfo","root":{"__id__":1},"asset":{"__uuid__":"typdkc98-be7f-4ecd-bc1b-6ffecb6e0f98"},"fileId":"b0a1IqMGVNHKEi0E9vVBqw"},"_contentSize":{"__type__":"cc.Size","width":315,"height":486},"_trs":{"__type__":"TypedArray","ctor":"Float64Array","array":[-470,0,0,0,0,0,1,1,1,1]}},{"__type__":"cc.Node","_name":"btn_join","_parent":{"__id__":8},"_components":[{"__type__":"cc.Sprite","node":{"__id__":10},"_spriteFrame":{"__uuid__":"typdkf04-4a72-4038-b81d-21fdb7ded055"},"_type":1},{"__type__":"cc.Button","node":{"__id__":10},"clickEvents":[{"__type__":"cc.ClickEvent","target":{"__id__":1},"_componentId":"typdk60c-e8f7-401b-b8b8-b65d6fcdaa11","handler":"OnClick_BtnWnd"}],"_N$transition":3,"transition":3,"_N$pressedColor":{"__type__":"cc.Color","r":255,"g":255,"b":255},"pressedColor":{"__type__":"cc.Color","r":255,"g":255,"b":255},"_N$disabledColor":{"__type__":"cc.Color","r":255,"g":255,"b":255},"_N$normalSprite":{"__uuid__":"f0BIwQ8D5Ml7nTNQbh1YlS"},"_N$pressedSprite":{"__uuid__":"e97GVMl6JHh5Ml5qEDdSGa"},"pressedSprite":{"__uuid__":"e97GVMl6JHh5Ml5qEDdSGa"},"_N$hoverSprite":{"__uuid__":"f0BIwQ8D5Ml7nTNQbh1YlS"},"hoverSprite":{"__uuid__":"f0BIwQ8D5Ml7nTNQbh1YlS"},"_N$disabledSprite":{"__uuid__":"29FYIk+N1GYaeWH/q1NxQO"},"_N$target":{"__id__":10}}],"_prefab":{"__type__":"cc.PrefabInfo","root":{"__id__":1},"asset":{"__uuid__":"typdkc98-be7f-4ecd-bc1b-6ffecb6e0f98"},"fileId":"20frvm8kBIKKtjAKlgyXS2"},"_contentSize":{"__type__":"cc.Size","width":312,"height":481},"_trs":{"__type__":"TypedArray","ctor":"Float64Array","array":[-156.5,0,0,0,0,0,1,1,1,1]}},{"__type__":"cc.Node","_name":"btn_lxc","_parent":{"__id__":8},"_components":[{"__type__":"cc.Sprite","node":{"__id__":11},"_spriteFrame":{"__uuid__":"typdk290-3055-4287-8229-b05171fa662e"},"_type":1},{"__type__":"cc.Button","node":{"__id__":11},"clickEvents":[{"__type__":"cc.ClickEvent","target":{"__id__":1},"_componentId":"typdk60c-e8f7-401b-b8b8-b65d6fcdaa11","handler":"OnClick_BtnWnd"}],"_N$transition":3,"transition":3,"_N$pressedColor":{"__type__":"cc.Color","r":255,"g":255,"b":255},"pressedColor":{"__type__":"cc.Color","r":255,"g":255,"b":255},"_N$disabledColor":{"__type__":"cc.Color","r":255,"g":255,"b":255},"_N$normalSprite":{"__uuid__":"f0BIwQ8D5Ml7nTNQbh1YlS"},"_N$pressedSprite":{"__uuid__":"e97GVMl6JHh5Ml5qEDdSGa"},"pressedSprite":{"__uuid__":"e97GVMl6JHh5Ml5qEDdSGa"},"_N$hoverSprite":{"__uuid__":"f0BIwQ8D5Ml7nTNQbh1YlS"},"hoverSprite":{"__uuid__":"f0BIwQ8D5Ml7nTNQbh1YlS"},"_N$disabledSprite":{"__uuid__":"29FYIk+N1GYaeWH/q1NxQO"},"_N$target":{"__id__":11}}],"_prefab":{"__type__":"cc.PrefabInfo","root":{"__id__":1},"asset":{"__uuid__":"typdkc98-be7f-4ecd-bc1b-6ffecb6e0f98"},"fileId":"81haW0BU9FZLFDWOk428IU"},"_contentSize":{"__type__":"cc.Size","width":314,"height":485},"_trs":{"__type__":"TypedArray","ctor":"Float64Array","array":[156.5,0,0,0,0,0,1,1,1,1]}},{"__type__":"cc.Node","_name":"btn_race","_parent":{"__id__":8},"_active":false,"_components":[{"__type__":"cc.Sprite","node":{"__id__":12},"_spriteFrame":{"__uuid__":"typdka6b-b7a9-4338-b620-a0b29971583f"},"_type":1},{"__type__":"cc.Button","node":{"__id__":12},"clickEvents":[{"__type__":"cc.ClickEvent","target":{"__id__":1},"_componentId":"typdk60c-e8f7-401b-b8b8-b65d6fcdaa11","handler":"OnClick_BtnWnd"}],"_N$transition":3,"transition":3,"_N$pressedColor":{"__type__":"cc.Color","r":255,"g":255,"b":255},"pressedColor":{"__type__":"cc.Color","r":255,"g":255,"b":255},"_N$disabledColor":{"__type__":"cc.Color","r":255,"g":255,"b":255},"_N$normalSprite":{"__uuid__":"f0BIwQ8D5Ml7nTNQbh1YlS"},"_N$pressedSprite":{"__uuid__":"e97GVMl6JHh5Ml5qEDdSGa"},"pressedSprite":{"__uuid__":"e97GVMl6JHh5Ml5qEDdSGa"},"_N$hoverSprite":{"__uuid__":"f0BIwQ8D5Ml7nTNQbh1YlS"},"hoverSprite":{"__uuid__":"f0BIwQ8D5Ml7nTNQbh1YlS"},"_N$disabledSprite":{"__uuid__":"29FYIk+N1GYaeWH/q1NxQO"},"_N$target":{"__id__":12}}],"_prefab":{"__type__":"cc.PrefabInfo","root":{"__id__":1},"asset":{"__uuid__":"typdkc98-be7f-4ecd-bc1b-6ffecb6e0f98"},"fileId":"2a05xGH3ZPPpkQnpXViQC3"},"_contentSize":{"__type__":"cc.Size","width":315,"height":486},"_trs":{"__type__":"TypedArray","ctor":"Float64Array","array":[470.5,0,0,0,0,0,1,1,1,1]}},{"__type__":"cc.Node","_name":"replay","_parent":{"__id__":8},"_children":[{"__id__":14},{"__id__":18}],"_prefab":{"__type__":"cc.PrefabInfo","root":{"__id__":1},"asset":{"__uuid__":"typdkc98-be7f-4ecd-bc1b-6ffecb6e0f98"},"fileId":"3en89eqqZNV4B7MtQi/glr"},"_contentSize":{"__type__":"cc.Size","width":314,"height":485},"_trs":{"__type__":"TypedArray","ctor":"Float64Array","array":[470.5,0,0,0,0,0,1,1,1,1]}},{"__type__":"cc.Node","_name":"replayEditBox","_parent":{"__id__":13},"_children":[{"__id__":15},{"__id__":16},{"__id__":17}],"_components":[{"__type__":"cc.EditBox","node":{"__id__":14},"_useOriginalSize":false,"_N$backgroundImage":{"__uuid__":"ffDpHHVcZAhqOfy25Fe4w7"},"_N$returnType":0,"_N$fontSize":20,"_N$lineHeight":40,"_N$fontColor":{"__type__":"cc.Color","r":255,"g":255,"b":255},"_N$placeholder":"输入回放码","_N$placeholderFontSize":20,"_N$placeholderFontColor":{"__type__":"cc.Color","r":187,"g":187,"b":187},"_N$maxLength":8,"_N$inputMode":6}],"_prefab":{"__type__":"cc.PrefabInfo","root":{"__id__":1},"asset":{"__uuid__":"typdkc98-be7f-4ecd-bc1b-6ffecb6e0f98"},"fileId":"298a4HeSxOargQuu+k39Qi"},"_contentSize":{"__type__":"cc.Size","width":250,"height":70},"_trs":{"__type__":"TypedArray","ctor":"Float64Array","array":[0,136,0,0,0,0,1,1,1,1]}},{"__type__":"cc.Node","_name":"BACKGROUND_SPRITE","_parent":{"__id__":14},"_components":[{"__type__":"cc.Sprite","node":{"__id__":15},"_spriteFrame":{"__uuid__":"ffDpHHVcZAhqOfy25Fe4w7"},"_type":1,"_sizeMode":0}],"_prefab":{"__type__":"cc.PrefabInfo","root":{"__id__":1},"asset":{"__uuid__":"typdkc98-be7f-4ecd-bc1b-6ffecb6e0f98"},"fileId":"7acAiVwJRBmI7UVR/+K2XC"},"_contentSize":{"__type__":"cc.Size","width":250,"height":70},"_trs":{"__type__":"TypedArray","ctor":"Float64Array","array":[0,0,0,0,0,0,1,1,1,1]}},{"__type__":"cc.Node","_name":"TEXT_LABEL","_parent":{"__id__":14},"_active":false,"_components":[{"__type__":"cc.Label","node":{"__id__":16},"_fontSize":20,"_enableWrapText":false,"_N$verticalAlign":1,"_N$overflow":1}],"_prefab":{"__type__":"cc.PrefabInfo","root":{"__id__":1},"asset":{"__uuid__":"typdkc98-be7f-4ecd-bc1b-6ffecb6e0f98"},"fileId":"b00L+eH9xMm4P8r08XZvSK"},"_contentSize":{"__type__":"cc.Size","width":248,"height":70},"_anchorPoint":{"__type__":"cc.Vec2","y":1},"_trs":{"__type__":"TypedArray","ctor":"Float64Array","array":[-123,35,0,0,0,0,1,1,1,1]}},{"__type__":"cc.Node","_name":"PLACEHOLDER_LABEL","_parent":{"__id__":14},"_components":[{"__type__":"cc.Label","node":{"__id__":17},"_string":"输入回放码","_N$string":"输入回放码","_fontSize":20,"_lineHeight":70,"_enableWrapText":false,"_N$verticalAlign":1,"_N$overflow":1}],"_prefab":{"__type__":"cc.PrefabInfo","root":{"__id__":1},"asset":{"__uuid__":"typdkc98-be7f-4ecd-bc1b-6ffecb6e0f98"},"fileId":"0cCsMtDnVN05djXxhrS0eP"},"_color":{"__type__":"cc.Color","r":187,"g":187,"b":187},"_contentSize":{"__type__":"cc.Size","width":248,"height":70},"_anchorPoint":{"__type__":"cc.Vec2","y":1},"_trs":{"__type__":"TypedArray","ctor":"Float64Array","array":[-123,35,0,0,0,0,1,1,1,1]}},{"__type__":"cc.Node","_name":"btn_replay","_parent":{"__id__":13},"_children":[{"__id__":19}],"_components":[{"__type__":"cc.Button","node":{"__id__":18},"clickEvents":[{"__type__":"cc.ClickEvent","target":{"__id__":1},"_componentId":"typdk60c-e8f7-401b-b8b8-b65d6fcdaa11","handler":"OnClick_BtnWnd"}],"_N$transition":3,"transition":3,"_N$normalColor":{"__type__":"cc.Color","r":230,"g":230,"b":230},"_N$pressedColor":{"__type__":"cc.Color","r":200,"g":200,"b":200},"pressedColor":{"__type__":"cc.Color","r":200,"g":200,"b":200},"_N$disabledColor":{"__type__":"cc.Color","r":120,"g":120,"b":120,"a":200},"_N$normalSprite":{"__uuid__":"f0BIwQ8D5Ml7nTNQbh1YlS"},"_N$pressedSprite":{"__uuid__":"e97GVMl6JHh5Ml5qEDdSGa"},"pressedSprite":{"__uuid__":"e97GVMl6JHh5Ml5qEDdSGa"},"_N$hoverSprite":{"__uuid__":"f0BIwQ8D5Ml7nTNQbh1YlS"},"hoverSprite":{"__uuid__":"f0BIwQ8D5Ml7nTNQbh1YlS"},"_N$disabledSprite":{"__uuid__":"29FYIk+N1GYaeWH/q1NxQO"},"_N$target":{"__id__":19}}],"_prefab":{"__type__":"cc.PrefabInfo","root":{"__id__":1},"asset":{"__uuid__":"typdkc98-be7f-4ecd-bc1b-6ffecb6e0f98"},"fileId":"bcc7ZE0xZFu59U+NVkrsIu"},"_contentSize":{"__type__":"cc.Size","width":100,"height":40},"_trs":{"__type__":"TypedArray","ctor":"Float64Array","array":[0,0,0,0,0,0,1,1,1,1]}},{"__type__":"cc.Node","_name":"Background","_parent":{"__id__":18},"_children":[{"__id__":20}],"_components":[{"__type__":"cc.Sprite","node":{"__id__":19},"_spriteFrame":{"__uuid__":"f0BIwQ8D5Ml7nTNQbh1YlS"},"_type":1,"_sizeMode":0},{"__type__":"cc.Widget","node":{"__id__":19},"alignMode":0,"_alignFlags":45,"_left":-25,"_right":-25,"_top":-10,"_bottom":-10,"_originalWidth":100,"_originalHeight":40}],"_prefab":{"__type__":"cc.PrefabInfo","root":{"__id__":1},"asset":{"__uuid__":"typdkc98-be7f-4ecd-bc1b-6ffecb6e0f98"},"fileId":"06guUd7KBC4YZc811Qa6aN"},"_color":{"__type__":"cc.Color","r":230,"g":230,"b":230},"_contentSize":{"__type__":"cc.Size","width":150,"height":60},"_trs":{"__type__":"TypedArray","ctor":"Float64Array","array":[0,0,0,0,0,0,1,1,1,1]}},{"__type__":"cc.Node","_name":"Label","_parent":{"__id__":19},"_components":[{"__type__":"cc.Label","node":{"__id__":20},"_useOriginalSize":false,"_string":"点击查看回放","_N$string":"点击查看回放","_fontSize":20,"_enableWrapText":false,"_N$horizontalAlign":1,"_N$verticalAlign":1,"_N$overflow":1}],"_prefab":{"__type__":"cc.PrefabInfo","root":{"__id__":1},"asset":{"__uuid__":"typdkc98-be7f-4ecd-bc1b-6ffecb6e0f98"},"fileId":"08Tmu6yApM1p9K+e43K2C/"},"_color":{"__type__":"cc.Color"},"_contentSize":{"__type__":"cc.Size","width":150,"height":60},"_trs":{"__type__":"TypedArray","ctor":"Float64Array","array":[0,0,0,0,0,0,1,1,1,1]}}],{"__type__":"cc.SpriteFrame","content":{"name":"img_symid_up","texture":"typdkb6d-d5b9-433c-986f-634f52e4a3aa","rect":[1,0,411,82],"offset":[0,0],"originalSize":[413,82],"capInsets":[0,0,0,0]}},{"__type__":"cc.SpriteFrame","content":{"name":"icon_cjfj","texture":"typdka52-dbb2-4e0d-b343-98478a2c574f","rect":[0,0,315,486],"offset":[0,0],"originalSize":[315,486],"capInsets":[0,0,0,0]}},{"__type__":"cc.SpriteFrame","content":{"name":"icon_cjrfj","texture":"typdke05-52ad-4d9e-bd3a-0aa4d8c12302","rect":[2,5,312,481],"offset":[0.5,-2.5],"originalSize":[315,486],"capInsets":[0,0,0,0]}}]