[[{"__type__":"cc.Prefab","_name":"pdk_UIUserInfo","data":{"__id__":1}},{"__type__":"cc.Node","_name":"UIUserInfo","_children":[{"__id__":2},{"__id__":3},{"__id__":4},{"__id__":5},{"__id__":7},{"__id__":8},{"__id__":12},{"__id__":22},{"__id__":25},{"__id__":28}],"_components":[{"__type__":"cc.Widget","node":{"__id__":1},"alignMode":0,"_alignFlags":45,"_originalWidth":1360,"_originalHeight":760},{"__type__":"cc.Sprite","node":{"__id__":1},"_spriteFrame":{"__uuid__":"typdkd1f-3e0b-4b1d-ae52-c52ad188bba9"},"_sizeMode":0},{"__type__":"cc.BlockInputEvents","node":{"__id__":1}},{"__type__":"typdk390-9e2e-45f0-8ea4-e8522c701370","node":{"__id__":1},"JS_Name":"sss_BaseComponent","ZorderLv":7,"sp_head":{"__id__":6},"label_name":{"__id__":10},"label_id":{"__id__":19},"label_ip":{"__id__":24},"label_gps":{"__id__":27},"sp_female":{"__id__":11},"sp_ip":{"__id__":22},"sp_gps":{"__id__":25},"sp_boy":{"__uuid__":"typdked5-4ef8-456c-8e34-48b74ce9811a"},"sp_girl":{"__uuid__":"typdkdbd-6225-4c64-845d-dcddcf7d8ae6"},"itemsNode":{"__id__":29},"itemPrefab":{"__uuid__":"typdk302-2edf-4d96-ba99-1641e78d2878"},"editBox":{"__id__":17},"btnCopyNode":{"__id__":20}}],"_prefab":{"__type__":"cc.PrefabInfo","root":{"__id__":1},"asset":{"__uuid__":"typdk613-e75b-4f68-82d0-e5c48b914ac7"},"fileId":"30cf25Zj9RKlp7Mwh3Ytrhv"},"_contentSize":{"__type__":"cc.Size","width":1360,"height":760},"_trs":{"__type__":"TypedArray","ctor":"Float64Array","array":[680,380,0,0,0,0,1,1,1,1]}},{"__type__":"cc.Node","_name":"label","_parent":{"__id__":1},"_components":[{"__type__":"cc.Label","node":{"__id__":2},"_useOriginalSize":false,"_string":"Label","_N$string":"Label","_N$horizontalAlign":1,"_N$verticalAlign":1,"_N$overflow":3}],"_prefab":{"__type__":"cc.PrefabInfo","root":{"__id__":1},"asset":{"__uuid__":"typdk613-e75b-4f68-82d0-e5c48b914ac7"},"fileId":"36IeSGSd5Gor0MEYi19m9s"},"_contentSize":{"__type__":"cc.Size","width":97.87,"height":80},"_trs":{"__type__":"TypedArray","ctor":"Float64Array","array":[0,0,0,0,0,0,1,1,1,1]}},{"__type__":"cc.Node","_name":"bg_popup_x","_parent":{"__id__":1},"_components":[{"__type__":"cc.Sprite","node":{"__id__":3},"_spriteFrame":{"__uuid__":"typdk99e-8655-434a-a3ff-46e37603be57"},"_type":1}],"_prefab":{"__type__":"cc.PrefabInfo","root":{"__id__":1},"asset":{"__uuid__":"typdk613-e75b-4f68-82d0-e5c48b914ac7"},"fileId":"32764P1rPJKV4qrWYzfxLOs"},"_contentSize":{"__type__":"cc.Size","width":699,"height":525},"_trs":{"__type__":"TypedArray","ctor":"Float64Array","array":[0,50,0,0,0,0,1,1,0.8,1]}},{"__type__":"cc.Node","_name":"title_wjxx","_parent":{"__id__":1},"_components":[{"__type__":"cc.Sprite","node":{"__id__":4},"_spriteFrame":{"__uuid__":"typdk91e-9b7f-4f78-84f1-8a3904d8725f"}}],"_prefab":{"__type__":"cc.PrefabInfo","root":{"__id__":1},"asset":{"__uuid__":"typdk613-e75b-4f68-82d0-e5c48b914ac7"},"fileId":"79u6VgCwJJhpH6hzmatzso"},"_contentSize":{"__type__":"cc.Size","width":200,"height":50},"_trs":{"__type__":"TypedArray","ctor":"Float64Array","array":[3,225,0,0,0,0,1,1,1,1]}},{"__type__":"cc.Node","_name":"sprite_head","_parent":{"__id__":1},"_components":[{"__id__":6},{"__type__":"typdk551-cdf7-4ff7-b9d1-ff119733cfed","node":{"__id__":5},"JS_Name":"sss_BaseComponent"}],"_prefab":{"__type__":"cc.PrefabInfo","root":{"__id__":1},"asset":{"__uuid__":"typdk613-e75b-4f68-82d0-e5c48b914ac7"},"fileId":"ba226j1ABFDrYe2x7FDpbxs"},"_contentSize":{"__type__":"cc.Size","width":124,"height":124},"_trs":{"__type__":"TypedArray","ctor":"Float64Array","array":[-220,80,0,0,0,0,1,1,1,1]}},{"__type__":"cc.Sprite","node":{"__id__":5},"_spriteFrame":{"__uuid__":"typdkbd4-6d8e-4361-aae8-91caca6f2355"},"_sizeMode":0},{"__type__":"cc.Node","_name":"btn_close","_parent":{"__id__":1},"_components":[{"__type__":"cc.Sprite","node":{"__id__":7},"_spriteFrame":{"__uuid__":"typdk725-7ba7-436c-803b-b2b06cdd5a11"}},{"__type__":"cc.Button","node":{"__id__":7},"clickEvents":[{"__type__":"cc.ClickEvent","target":{"__id__":1},"_componentId":"typdk390-9e2e-45f0-8ea4-e8522c701370","handler":"CloseForm"}],"_N$normalColor":{"__type__":"cc.Color","r":214,"g":214,"b":214}}],"_prefab":{"__type__":"cc.PrefabInfo","root":{"__id__":1},"asset":{"__uuid__":"typdk613-e75b-4f68-82d0-e5c48b914ac7"},"fileId":"c8945jvq31A2oiQaPT5cX9p"},"_contentSize":{"__type__":"cc.Size","width":79,"height":80},"_trs":{"__type__":"TypedArray","ctor":"Float64Array","array":[338.7,220.5,0,0,0,0,1,1,1,1]}},{"__type__":"cc.Node","_name":"sp_female","_parent":{"__id__":1},"_children":[{"__id__":9}],"_components":[{"__id__":11}],"_prefab":{"__type__":"cc.PrefabInfo","root":{"__id__":1},"asset":{"__uuid__":"typdk613-e75b-4f68-82d0-e5c48b914ac7"},"fileId":"7becbXXmnlDapIZUdVBLmMn"},"_contentSize":{"__type__":"cc.Size","width":24,"height":24},"_trs":{"__type__":"TypedArray","ctor":"Float64Array","array":[-120,130,0,0,0,0,1,1,1,1]}},{"__type__":"cc.Node","_name":"label_name","_parent":{"__id__":8},"_components":[{"__id__":10}],"_prefab":{"__type__":"cc.PrefabInfo","root":{"__id__":1},"asset":{"__uuid__":"typdk613-e75b-4f68-82d0-e5c48b914ac7"},"fileId":"53af74ePQFFiYh12+DOyjvK"},"_color":{"__type__":"cc.Color","r":144,"g":86,"b":37},"_contentSize":{"__type__":"cc.Size","width":224,"height":32},"_anchorPoint":{"__type__":"cc.Vec2","y":0.5},"_trs":{"__type__":"TypedArray","ctor":"Float64Array","array":[23.2,0,0,0,0,0,1,1,1,1]}},{"__type__":"cc.Label","node":{"__id__":9},"_useOriginalSize":false,"_string":"玩家名字七个字","_N$string":"玩家名字七个字","_fontSize":32,"_lineHeight":32,"_N$file":{"__uuid__":"typdk345-cbe0-4203-a8ca-8141b2e63f4f"},"_isSystemFontUsed":false,"_N$horizontalAlign":1,"_N$verticalAlign":1},{"__type__":"cc.Sprite","node":{"__id__":8},"_spriteFrame":{"__uuid__":"typdked5-4ef8-456c-8e34-48b74ce9811a"}},{"__type__":"cc.Node","_name":"sp_id","_parent":{"__id__":1},"_children":[{"__id__":13},{"__id__":18},{"__id__":20}],"_components":[{"__type__":"cc.Sprite","node":{"__id__":12},"_spriteFrame":{"__uuid__":"typdka82-bc0a-42f7-b276-b4e96359bf6a"}}],"_prefab":{"__type__":"cc.PrefabInfo","root":{"__id__":1},"asset":{"__uuid__":"typdk613-e75b-4f68-82d0-e5c48b914ac7"},"fileId":"0bd76h1yoRF4KjPi6bONR6L"},"_contentSize":{"__type__":"cc.Size","width":30,"height":30},"_trs":{"__type__":"TypedArray","ctor":"Float64Array","array":[-120,80,0,0,0,0,1,1,1,1]}},{"__type__":"cc.Node","_name":"editBox","_parent":{"__id__":12},"_children":[{"__id__":14},{"__id__":15},{"__id__":16}],"_components":[{"__id__":17}],"_prefab":{"__type__":"cc.PrefabInfo","root":{"__id__":1},"asset":{"__uuid__":"typdk613-e75b-4f68-82d0-e5c48b914ac7"},"fileId":"ce3ccD83YhEE5js4XBMYEMp"},"_color":{"__type__":"cc.Color","r":144,"g":86,"b":37},"_contentSize":{"__type__":"cc.Size","width":180,"height":40},"_trs":{"__type__":"TypedArray","ctor":"Float64Array","array":[110,0,0,0,0,0,1,1,1,1]}},{"__type__":"cc.Node","_name":"BACKGROUND_SPRITE","_parent":{"__id__":13},"_components":[{"__type__":"cc.Sprite","node":{"__id__":14},"_type":1}],"_prefab":{"__type__":"cc.PrefabInfo","root":{"__id__":1},"asset":{"__uuid__":"typdk613-e75b-4f68-82d0-e5c48b914ac7"},"fileId":"9c7ER4O5xAOL7Go0h8q+qp"},"_contentSize":{"__type__":"cc.Size","width":180,"height":40},"_trs":{"__type__":"TypedArray","ctor":"Float64Array","array":[0,0,0,0,0,0,1,1,1,1]}},{"__type__":"cc.Node","_name":"TEXT_LABEL","_parent":{"__id__":13},"_active":false,"_components":[{"__type__":"cc.Label","node":{"__id__":15},"_fontSize":30,"_lineHeight":30,"_enableWrapText":false,"_N$file":{"__uuid__":"typdk345-cbe0-4203-a8ca-8141b2e63f4f"},"_isSystemFontUsed":false,"_N$verticalAlign":1,"_N$overflow":1}],"_prefab":{"__type__":"cc.PrefabInfo","root":{"__id__":1},"asset":{"__uuid__":"typdk613-e75b-4f68-82d0-e5c48b914ac7"},"fileId":"bet74aVutPX7+NV5Zl2WXk"},"_color":{"__type__":"cc.Color","r":144,"g":86,"b":37},"_contentSize":{"__type__":"cc.Size","width":178,"height":40},"_anchorPoint":{"__type__":"cc.Vec2","y":1},"_trs":{"__type__":"TypedArray","ctor":"Float64Array","array":[-88,20,0,0,0,0,1,1,1,1]}},{"__type__":"cc.Node","_name":"PLACEHOLDER_LABEL","_parent":{"__id__":13},"_components":[{"__type__":"cc.Label","node":{"__id__":16},"_fontSize":30,"_enableWrapText":false,"_N$file":{"__uuid__":"typdk345-cbe0-4203-a8ca-8141b2e63f4f"},"_isSystemFontUsed":false,"_N$verticalAlign":1,"_N$overflow":1}],"_prefab":{"__type__":"cc.PrefabInfo","root":{"__id__":1},"asset":{"__uuid__":"typdk613-e75b-4f68-82d0-e5c48b914ac7"},"fileId":"bcygH0qQ1Ja7pcWcpikpJ6"},"_color":{"__type__":"cc.Color","r":144,"g":86,"b":37},"_contentSize":{"__type__":"cc.Size","width":178,"height":40},"_anchorPoint":{"__type__":"cc.Vec2","y":1},"_trs":{"__type__":"TypedArray","ctor":"Float64Array","array":[-88,20,0,0,0,0,1,1,1,1]}},{"__type__":"cc.EditBox","node":{"__id__":13},"_useOriginalSize":false,"_N$backgroundImage":null,"_N$returnType":0,"_N$fontSize":30,"_N$lineHeight":30,"_N$fontColor":{"__type__":"cc.Color","r":144,"g":86,"b":37},"_N$placeholder":"","_N$placeholderFontSize":30,"_N$placeholderFontColor":{"__type__":"cc.Color","r":144,"g":86,"b":37},"_N$maxLength":15,"_N$inputMode":6},{"__type__":"cc.Node","_name":"label_ID","_parent":{"__id__":12},"_components":[{"__id__":19}],"_prefab":{"__type__":"cc.PrefabInfo","root":{"__id__":1},"asset":{"__uuid__":"typdk613-e75b-4f68-82d0-e5c48b914ac7"},"fileId":"108cat3KcVOJbK2MveUE1X4"},"_color":{"__type__":"cc.Color","r":144,"g":86,"b":37},"_contentSize":{"__type__":"cc.Size","width":146,"height":32},"_anchorPoint":{"__type__":"cc.Vec2","y":0.5},"_trs":{"__type__":"TypedArray","ctor":"Float64Array","array":[20,0,0,0,0,0,1,1,1,1]}},{"__type__":"cc.Label","node":{"__id__":18},"_useOriginalSize":false,"_string":"88888888","_N$string":"88888888","_fontSize":32,"_lineHeight":32,"_N$file":{"__uuid__":"typdk345-cbe0-4203-a8ca-8141b2e63f4f"},"_isSystemFontUsed":false,"_N$horizontalAlign":1,"_N$verticalAlign":1},{"__type__":"cc.Node","_name":"btn_copy","_parent":{"__id__":12},"_children":[{"__id__":21}],"_active":false,"_components":[{"__type__":"cc.Sprite","node":{"__id__":20}},{"__type__":"cc.Button","node":{"__id__":20},"clickEvents":[{"__type__":"cc.ClickEvent","target":{"__id__":1},"_componentId":"typdk390-9e2e-45f0-8ea4-e8522c701370","handler":"OnClick_BtnWnd"}],"_N$transition":3,"transition":3,"_N$normalColor":{"__type__":"cc.Color","r":214,"g":214,"b":214},"_N$target":{"__id__":20}}],"_prefab":{"__type__":"cc.PrefabInfo","root":{"__id__":1},"asset":{"__uuid__":"typdk613-e75b-4f68-82d0-e5c48b914ac7"},"fileId":"378f61q0PlCoY4iiqEN9exV"},"_contentSize":{"__type__":"cc.Size","width":138,"height":77},"_trs":{"__type__":"TypedArray","ctor":"Float64Array","array":[238,5.684341886080802e-14,0,0,0,0,1,0.5,0.5,1]}},{"__type__":"cc.Node","_name":"label","_parent":{"__id__":20},"_components":[{"__type__":"cc.Label","node":{"__id__":21},"_useOriginalSize":false,"_string":"复制","_N$string":"复制","_fontSize":20,"_lineHeight":20,"_N$file":{"__uuid__":"typdk345-cbe0-4203-a8ca-8141b2e63f4f"},"_isSystemFontUsed":false,"_N$horizontalAlign":1,"_N$verticalAlign":1}],"_prefab":{"__type__":"cc.PrefabInfo","root":{"__id__":1},"asset":{"__uuid__":"typdk613-e75b-4f68-82d0-e5c48b914ac7"},"fileId":"1a9d5FnjKtMZa2LZOSvRjNH"},"_color":{"__type__":"cc.Color","r":38,"g":94,"b":34},"_contentSize":{"__type__":"cc.Size","width":40,"height":20},"_trs":{"__type__":"TypedArray","ctor":"Float64Array","array":[0,0,0,0,0,0,1,2,2,1]}},{"__type__":"cc.Node","_name":"sp_ip","_parent":{"__id__":1},"_children":[{"__id__":23}],"_components":[{"__type__":"cc.Sprite","node":{"__id__":22},"_spriteFrame":{"__uuid__":"typdk681-e4bd-4ac2-923c-ef89336394d1"}}],"_prefab":{"__type__":"cc.PrefabInfo","root":{"__id__":1},"asset":{"__uuid__":"typdk613-e75b-4f68-82d0-e5c48b914ac7"},"fileId":"ffb7941WK5JaYIB/FCukJta"},"_contentSize":{"__type__":"cc.Size","width":30,"height":30},"_trs":{"__type__":"TypedArray","ctor":"Float64Array","array":[70,80,0,0,0,0,1,1,1,1]}},{"__type__":"cc.Node","_name":"label_IP","_parent":{"__id__":22},"_components":[{"__id__":24}],"_prefab":{"__type__":"cc.PrefabInfo","root":{"__id__":1},"asset":{"__uuid__":"typdk613-e75b-4f68-82d0-e5c48b914ac7"},"fileId":"1ba81JZcY9CkqHBBQ7UjDOY"},"_color":{"__type__":"cc.Color","r":144,"g":86,"b":37},"_contentSize":{"__type__":"cc.Size","width":218.5,"height":32},"_anchorPoint":{"__type__":"cc.Vec2","y":0.5},"_trs":{"__type__":"TypedArray","ctor":"Float64Array","array":[20,0,0,0,0,0,1,1,1,1]}},{"__type__":"cc.Label","node":{"__id__":23},"_useOriginalSize":false,"_string":"192.168.160.160","_N$string":"192.168.160.160","_fontSize":32,"_lineHeight":32,"_N$file":{"__uuid__":"typdk345-cbe0-4203-a8ca-8141b2e63f4f"},"_isSystemFontUsed":false,"_N$horizontalAlign":1,"_N$verticalAlign":1},{"__type__":"cc.Node","_name":"sp_gps","_parent":{"__id__":1},"_children":[{"__id__":26}],"_prefab":{"__type__":"cc.PrefabInfo","root":{"__id__":1},"asset":{"__uuid__":"typdk613-e75b-4f68-82d0-e5c48b914ac7"},"fileId":"fe8cdGWfWFGlIyoxPoh3N0W"},"_contentSize":{"__type__":"cc.Size","width":535,"height":80},"_anchorPoint":{"__type__":"cc.Vec2","y":0.5},"_trs":{"__type__":"TypedArray","ctor":"Float64Array","array":[-158,55,0,0,0,0,1,1,1,1]}},{"__type__":"cc.Node","_name":"lb_gps","_parent":{"__id__":25},"_components":[{"__id__":27}],"_prefab":{"__type__":"cc.PrefabInfo","root":{"__id__":1},"asset":{"__uuid__":"typdk613-e75b-4f68-82d0-e5c48b914ac7"},"fileId":"d1cddH/doRNQ4Aodz8556bh"},"_color":{"__type__":"cc.Color","r":144,"g":86,"b":37},"_contentSize":{"__type__":"cc.Size","width":450,"height":28},"_anchorPoint":{"__type__":"cc.Vec2","y":0.5},"_trs":{"__type__":"TypedArray","ctor":"Float64Array","array":[45,-25,0,0,0,0,1,1,1,1]}},{"__type__":"cc.Label","node":{"__id__":26},"_useOriginalSize":false,"_fontSize":28,"_lineHeight":28,"_enableWrapText":false,"_N$file":{"__uuid__":"typdk345-cbe0-4203-a8ca-8141b2e63f4f"},"_isSystemFontUsed":false,"_N$verticalAlign":1,"_N$overflow":2},{"__type__":"cc.Node","_name":"ScrollView","_parent":{"__id__":1},"_children":[{"__id__":29}],"_components":[{"__type__":"cc.Mask","node":{"__id__":28}},{"__type__":"cc.ScrollView","node":{"__id__":28},"vertical":false,"_N$content":{"__id__":29},"content":{"__id__":29}}],"_prefab":{"__type__":"cc.PrefabInfo","root":{"__id__":1},"asset":{"__uuid__":"typdk613-e75b-4f68-82d0-e5c48b914ac7"},"fileId":"d5a8c8S5vZDW4gQPL0FQdO6"},"_contentSize":{"__type__":"cc.Size","width":650,"height":150},"_trs":{"__type__":"TypedArray","ctor":"Float64Array","array":[0,-74,0,0,0,0,1,1,1,1]}},{"__type__":"cc.Node","_name":"items","_parent":{"__id__":28},"_components":[{"__type__":"cc.Layout","node":{"__id__":29},"_layoutSize":{"__type__":"cc.Size","width":359,"height":130},"_resize":1,"_N$layoutType":1,"_N$spacingX":30}],"_prefab":{"__type__":"cc.PrefabInfo","root":{"__id__":1},"asset":{"__uuid__":"typdk613-e75b-4f68-82d0-e5c48b914ac7"},"fileId":"471eecS5TxCnI7iwR3XNci2"},"_contentSize":{"__type__":"cc.Size","width":359,"height":130},"_anchorPoint":{"__type__":"cc.Vec2","y":0.5},"_trs":{"__type__":"TypedArray","ctor":"Float64Array","array":[-325,10,0,0,0,0,1,1,1,1]}}],{"__type__":"cc.SpriteFrame","content":{"name":"icon_IP","texture":"typdkbcd-8a60-4d82-bdfe-673e6830089d","rect":[0,0,30,30],"offset":[0,0],"originalSize":[30,30],"capInsets":[0,0,0,0]}},{"__type__":"cc.SpriteFrame","content":{"name":"btn_gb_tc","texture":"typdkeaa-4de4-49a4-8d14-2349da172f29","rect":[0,0,79,80],"offset":[0,0],"originalSize":[79,80],"capInsets":[0,0,0,0]}},{"__type__":"cc.SpriteFrame","content":{"name":"img_wjxx","texture":"typdkaf8-df17-4f85-8819-fc47af32e19b","rect":[0,0,200,50],"offset":[0,0],"originalSize":[200,50],"capInsets":[0,0,0,0]}},{"__type__":"cc.SpriteFrame","content":{"name":"img_small_tc","texture":"typdkfef-a20e-4da1-8120-b48a83a11a3a","rect":[0,0,699,525],"offset":[0,0],"originalSize":[699,525],"capInsets":[0,0,0,0]}},{"__type__":"cc.SpriteFrame","content":{"name":"icon_ID","texture":"typdk0ce-fcc9-4d5f-b0d2-e57123c35800","rect":[0,0,30,30],"offset":[0,0],"originalSize":[30,30],"capInsets":[0,0,0,0]}},{"__type__":"cc.SpriteFrame","content":{"name":"morentouxiang","texture":"typdk652-0393-4ea1-84d8-1bdd3044f177","rect":[0,0,60,60],"offset":[0,0],"originalSize":[60,60],"capInsets":[0,0,0,0]}},{"__type__":"cc.SpriteFrame","content":{"name":"bg","texture":"typdk036-8a0c-4d92-8561-c45e53fa19cc","rect":[0,0,21,63],"offset":[0,0],"originalSize":[21,63],"capInsets":[0,0,0,0]}},{"__type__":"cc.SpriteFrame","content":{"name":"icon_xb_02","texture":"typdka3f-4697-46d3-a5b4-a171d7892439","rect":[3,0,19,26],"offset":[0.5,0],"originalSize":[24,26],"capInsets":[0,0,0,0]}},{"__type__":"cc.SpriteFrame","content":{"name":"icon_xb_01","texture":"typdk2c6-2888-4733-94bb-39ed46a3b232","rect":[0,1,24,24],"offset":[0,0],"originalSize":[24,26],"capInsets":[0,0,0,0]}}]