[{"__type__":"cc.Prefab","_name":"nn_UIXiPai","data":{"__id__":1}},{"__type__":"cc.Node","_name":"nn_UIXiPai","_children":[{"__id__":2},{"__id__":3}],"_components":[{"__type__":"16eb2tHCpxJiJITlzusXYVf","node":{"__id__":1},"ani_blue":{"__id__":2},"ani_red":{"__id__":3}}],"_prefab":{"__type__":"cc.PrefabInfo","root":{"__id__":1},"asset":{"__uuid__":"bd+VSKomdNjrPmBTQQbX74"},"fileId":"20D0/IBdZM27bmk691ZLIw"},"_trs":{"__type__":"TypedArray","ctor":"Float64Array","array":[0,100,0,0,0,0,1,1,1,1]}},{"__type__":"cc.Node","_name":"node_blue","_parent":{"__id__":1},"_components":[{"__type__":"cc.Sprite","node":{"__id__":2}},{"__type__":"cc.Animation","node":{"__id__":2},"_defaultClip":{"__uuid__":"28OWnov+tDaqh5e3RMhtaX"},"_clips":[{"__uuid__":"28OWnov+tDaqh5e3RMhtaX"}]}],"_prefab":{"__type__":"cc.PrefabInfo","root":{"__id__":1},"asset":{"__uuid__":"bd+VSKomdNjrPmBTQQbX74"},"fileId":"95oYJQnAFOMqS8/UI8LuOq"},"_contentSize":{"__type__":"cc.Size","width":40,"height":36},"_trs":{"__type__":"TypedArray","ctor":"Float64Array","array":[0,-100,0,0,0,0,1,1,1,1]}},{"__type__":"cc.Node","_name":"node_red","_parent":{"__id__":1},"_components":[{"__type__":"cc.Sprite","node":{"__id__":3}},{"__type__":"cc.Animation","node":{"__id__":3},"_defaultClip":{"__uuid__":"beLQa7LShA4Zj1+GOiHQm/"},"_clips":[{"__uuid__":"beLQa7LShA4Zj1+GOiHQm/"}]}],"_prefab":{"__type__":"cc.PrefabInfo","root":{"__id__":1},"asset":{"__uuid__":"bd+VSKomdNjrPmBTQQbX74"},"fileId":"ebB7wzxnFMkrftvvmMge9C"},"_contentSize":{"__type__":"cc.Size","width":40,"height":36},"_trs":{"__type__":"TypedArray","ctor":"Float64Array","array":[0,-100,0,0,0,0,1,1,1,1]}}]