[{"__type__":"cc.SpriteFrame","content":{"name":"img_bjl_lbnr","texture":"b2zvk3H1FCR58/pkcKUe8f","rect":[0,0,291,104],"offset":[0,0],"originalSize":[291,104],"capInsets":[15,15,15,15]}},{"__type__":"cc.SpriteFrame","content":{"name":"default_btn_disabled","texture":"71VhFCTINJM6/Ky3oX9nBT","rect":[0,0,40,40],"offset":[0,0],"originalSize":[40,40],"capInsets":[12,12,12,12]}},{"__type__":"cc.SpriteFrame","content":{"name":"btn_scxzz","texture":"606ATqwNNAEZfwZl4a2S7r","rect":[0,0,133,41],"offset":[0,0],"originalSize":[133,41],"capInsets":[0,0,0,0]}},{"__type__":"cc.SpriteFrame","content":{"name":"btn_sc","texture":"1299Ul5CVKKKUW7lwBUPGT","rect":[0,0,27,27],"offset":[0,0],"originalSize":[27,27],"capInsets":[0,0,0,0]}},{"__type__":"cc.SpriteFrame","content":{"name":"btn_glzcy","texture":"5dLqMhXDZGhIjKQRSxV0KK","rect":[0,0,133,41],"offset":[0,0],"originalSize":[133,41],"capInsets":[0,0,0,0]}},{"__type__":"cc.SpriteFrame","content":{"name":"img_bjl_lb","texture":"45GDjZPJtOS4DoAhqwyXNX","rect":[0,0,924,176],"offset":[0,0],"originalSize":[924,176],"capInsets":[0,0,0,0]}},{"__type__":"cc.SpriteFrame","content":{"name":"btn_lv","texture":"bfRXHH4JBMUbf4MgdUtal+","rect":[0,0,128,52],"offset":[0,0],"originalSize":[128,52],"capInsets":[0,0,0,0]}},{"__type__":"cc.SpriteFrame","content":{"name":"img_black_60","texture":"e5dLSpyq9NPZ8mPvfDyGXH","rect":[0,0,100,100],"offset":[0,0],"originalSize":[100,100],"capInsets":[0,0,0,0]}},{"__type__":"cc.SpriteFrame","content":{"name":"bg_03","texture":"a5bwYnRZpIErd3A2H84r2w","rect":[0,0,1086,628],"offset":[0,0],"originalSize":[1086,628],"capInsets":[0,0,0,0]}},{"__type__":"cc.SpriteFrame","content":{"name":"img_txk","texture":"f2V1IKEZxDNYmz8JtO6ZFF","rect":[0,0,82,80],"offset":[0,0],"originalSize":[82,80],"capInsets":[0,0,0,0]}},{"__type__":"cc.SpriteFrame","content":{"name":"img_btl_wxz01","texture":"66SXgA0WhGsZl/UTqbxluL","rect":[0,0,35,56],"offset":[0,0],"originalSize":[35,56],"capInsets":[10,12,10,12]}},{"__type__":"cc.SpriteFrame","content":{"name":"btn_long_org","texture":"86P+yF6HJJn7ks2bofaQS5","rect":[0,0,263,80],"offset":[0,0],"originalSize":[263,80],"capInsets":[0,0,0,0]}},{"__type__":"cc.SpriteFrame","content":{"name":"btn_close","texture":"adT+cX5aVEFrD91N8Yp4Db","rect":[0,0,79,80],"offset":[0,0],"originalSize":[79,80],"capInsets":[0,0,0,0]}},[{"__type__":"cc.Prefab","_name":"UIClubForbid","data":{"__id__":1}},{"__type__":"cc.Node","_name":"UIClubForbid","_children":[{"__id__":2},{"__id__":3},{"__id__":4},{"__id__":27},{"__id__":29},{"__id__":36},{"__id__":43}],"_components":[{"__type__":"cc.Sprite","node":{"__id__":1},"_materials":[{"__uuid__":"ecpdLyjvZBwrvm+cedCcQy"}],"_spriteFrame":{"__uuid__":"86Zf39gLpJiYJ0+npxhZ2d"},"_sizeMode":0},{"__type__":"cc.Widget","node":{"__id__":1},"_alignFlags":45,"_left":-100,"_right":-100,"_originalWidth":1750,"_originalHeight":100},{"__type__":"9e6efmH5W1ExZofyRRuKFQJ","node":{"__id__":1},"forbid_demo":{"__id__":5},"forbid_layout":{"__id__":26}}],"_prefab":{"__type__":"cc.PrefabInfo","root":{"__id__":1},"asset":{"__uuid__":"e5rKpm9HVGh6SidlN+X3lc"},"fileId":"e3tHto5slNqKPs8eVdHjhc"},"_contentSize":{"__type__":"cc.Size","width":1560,"height":760},"_trs":{"__type__":"TypedArray","ctor":"Float64Array","array":[680,380,0,0,0,0,1,1,1,1]}},{"__type__":"cc.Node","_name":"bg","_parent":{"__id__":1},"_components":[{"__type__":"cc.Sprite","node":{"__id__":2},"_materials":[{"__uuid__":"ecpdLyjvZBwrvm+cedCcQy"}],"_spriteFrame":{"__uuid__":"860QQcJ79NtY/3BXKwHB9r"}}],"_prefab":{"__type__":"cc.PrefabInfo","root":{"__id__":1},"asset":{"__uuid__":"e5rKpm9HVGh6SidlN+X3lc"},"fileId":"5bizinu7BKbYkv9XyEQ4+3"},"_contentSize":{"__type__":"cc.Size","width":1086,"height":628},"_trs":{"__type__":"TypedArray","ctor":"Float64Array","array":[0,0,0,0,0,0,1,1,1,1]}},{"__type__":"cc.Node","_name":"btn_close","_parent":{"__id__":1},"_components":[{"__type__":"cc.Sprite","node":{"__id__":3},"_materials":[{"__uuid__":"ecpdLyjvZBwrvm+cedCcQy"}],"_spriteFrame":{"__uuid__":"d9ZhflMOxHW7JHl9dya866"}},{"__type__":"cc.Button","node":{"__id__":3},"clickEvents":[{"__type__":"cc.ClickEvent","target":{"__id__":1},"_componentId":"9e6efmH5W1ExZofyRRuKFQJ","handler":"OnClick_BtnWnd"}],"_N$normalColor":{"__type__":"cc.Color","r":214,"g":214,"b":214},"_N$target":{"__id__":3}}],"_prefab":{"__type__":"cc.PrefabInfo","root":{"__id__":1},"asset":{"__uuid__":"e5rKpm9HVGh6SidlN+X3lc"},"fileId":"5fkfAQK8hHTpFAl6eyQkKq"},"_contentSize":{"__type__":"cc.Size","width":79,"height":80},"_trs":{"__type__":"TypedArray","ctor":"Float64Array","array":[530,304,0,0,0,0,1,1,1,1]}},{"__type__":"cc.Node","_name":"mark","_parent":{"__id__":1},"_children":[{"__id__":5},{"__id__":26}],"_components":[{"__type__":"cc.Mask","node":{"__id__":4},"_materials":[{"__uuid__":"ecpdLyjvZBwrvm+cedCcQy"}],"_N$alphaThreshold":1},{"__type__":"cc.ScrollView","node":{"__id__":4},"horizontal":false,"_N$content":{"__id__":26},"content":{"__id__":26}}],"_prefab":{"__type__":"cc.PrefabInfo","root":{"__id__":1},"asset":{"__uuid__":"e5rKpm9HVGh6SidlN+X3lc"},"fileId":"6532Y6/MJHU46skG5pSYhZ"},"_contentSize":{"__type__":"cc.Size","width":1030,"height":480},"_anchorPoint":{"__type__":"cc.Vec2","x":0.5,"y":1},"_trs":{"__type__":"TypedArray","ctor":"Float64Array","array":[0,286,0,0,0,0,1,1,1,1]}},{"__type__":"cc.Node","_name":"demo","_parent":{"__id__":4},"_children":[{"__id__":6},{"__id__":8},{"__id__":9},{"__id__":10}],"_active":false,"_components":[{"__type__":"cc.Sprite","node":{"__id__":5},"_materials":[{"__uuid__":"ecpdLyjvZBwrvm+cedCcQy"}],"_spriteFrame":{"__uuid__":"4aauBK15BFbI78+8uJ9gN1"},"_type":1,"_sizeMode":0}],"_prefab":{"__type__":"cc.PrefabInfo","root":{"__id__":1},"asset":{"__uuid__":"e5rKpm9HVGh6SidlN+X3lc"},"fileId":"d4RKhFMXxDgY1EWoeW8klT"},"_contentSize":{"__type__":"cc.Size","width":1000,"height":200},"_anchorPoint":{"__type__":"cc.Vec2","x":0.5,"y":1},"_trs":{"__type__":"TypedArray","ctor":"Float64Array","array":[0,0,0,0,0,0,1,1,1,1]}},{"__type__":"cc.Node","_name":"renshu","_parent":{"__id__":5},"_children":[{"__id__":7}],"_prefab":{"__type__":"cc.PrefabInfo","root":{"__id__":1},"asset":{"__uuid__":"e5rKpm9HVGh6SidlN+X3lc"},"fileId":"13JwXwjt5Cs6HExxzsYcfn"},"_contentSize":{"__type__":"cc.Size","width":300,"height":51},"_anchorPoint":{"__type__":"cc.Vec2","y":0.5},"_trs":{"__type__":"TypedArray","ctor":"Float64Array","array":[-500.8,-25.8,0,0,0,0,1,1,1,1]}},{"__type__":"cc.Node","_name":"lb","_parent":{"__id__":6},"_components":[{"__type__":"cc.Label","node":{"__id__":7},"_materials":[{"__uuid__":"ecpdLyjvZBwrvm+cedCcQy"}],"_useOriginalSize":false,"_string":"限制人数：10斜15","_N$string":"限制人数：10斜15","_fontSize":1,"_lineHeight":30,"_N$file":{"__uuid__":"b7x9InEcZGhrR7EeD8z9aX"},"_isSystemFontUsed":false,"_spacingX":-2}],"_prefab":{"__type__":"cc.PrefabInfo","root":{"__id__":1},"asset":{"__uuid__":"e5rKpm9HVGh6SidlN+X3lc"},"fileId":"bagfTiPsdOe61edBLZTVp1"},"_contentSize":{"__type__":"cc.Size","width":232,"height":30},"_anchorPoint":{"__type__":"cc.Vec2","y":0.5},"_trs":{"__type__":"TypedArray","ctor":"Float64Array","array":[7.4,-3.4,0,0,0,0,1,0.8,0.8,1]}},{"__type__":"cc.Node","_name":"btn_set_forbit","_parent":{"__id__":5},"_components":[{"__type__":"cc.Sprite","node":{"__id__":8},"_materials":[{"__uuid__":"ecpdLyjvZBwrvm+cedCcQy"}],"_spriteFrame":{"__uuid__":"37+lJsdLlFAbt5kSSL6gD1"}},{"__type__":"cc.Button","node":{"__id__":8},"clickEvents":[{"__type__":"cc.ClickEvent","target":{"__id__":1},"_componentId":"9e6efmH5W1ExZofyRRuKFQJ","handler":"OnClick_BtnWnd"}],"_N$transition":3,"transition":3,"_N$normalColor":{"__type__":"cc.Color","r":214,"g":214,"b":214},"_N$target":{"__id__":8}}],"_prefab":{"__type__":"cc.PrefabInfo","root":{"__id__":1},"asset":{"__uuid__":"e5rKpm9HVGh6SidlN+X3lc"},"fileId":"21wW6JG99Hl77+OqYGIH1l"},"_contentSize":{"__type__":"cc.Size","width":133,"height":41},"_trs":{"__type__":"TypedArray","ctor":"Float64Array","array":[229.1,-27.6,0,0,0,0,1,1,1,1]}},{"__type__":"cc.Node","_name":"btn_del_forbit","_parent":{"__id__":5},"_components":[{"__type__":"cc.Sprite","node":{"__id__":9},"_materials":[{"__uuid__":"ecpdLyjvZBwrvm+cedCcQy"}],"_spriteFrame":{"__uuid__":"33VkwojT9KOqV3xsHKrXYA"}},{"__type__":"cc.Button","node":{"__id__":9},"clickEvents":[{"__type__":"cc.ClickEvent","target":{"__id__":1},"_componentId":"9e6efmH5W1ExZofyRRuKFQJ","handler":"OnClick_BtnWnd"}],"_N$transition":3,"transition":3,"_N$normalColor":{"__type__":"cc.Color","r":214,"g":214,"b":214},"_N$target":{"__id__":9}}],"_prefab":{"__type__":"cc.PrefabInfo","root":{"__id__":1},"asset":{"__uuid__":"e5rKpm9HVGh6SidlN+X3lc"},"fileId":"ff2tS1B71CDpsajp/ZybBP"},"_contentSize":{"__type__":"cc.Size","width":133,"height":41},"_trs":{"__type__":"TypedArray","ctor":"Float64Array","array":[395,-27.6,0,0,0,0,1,1,1,1]}},{"__type__":"cc.Node","_name":"layout","_parent":{"__id__":5},"_children":[{"__id__":11},{"__id__":17},{"__id__":23}],"_components":[{"__type__":"cc.Layout","node":{"__id__":10},"_layoutSize":{"__type__":"cc.Size","width":980,"height":140},"_resize":1,"_N$layoutType":1,"_N$spacingX":10}],"_prefab":{"__type__":"cc.PrefabInfo","root":{"__id__":1},"asset":{"__uuid__":"e5rKpm9HVGh6SidlN+X3lc"},"fileId":"dcVvam0jxIlLQQDmwhHNJt"},"_contentSize":{"__type__":"cc.Size","width":980,"height":140},"_anchorPoint":{"__type__":"cc.Vec2","y":0.5},"_trs":{"__type__":"TypedArray","ctor":"Float64Array","array":[-490,-124,0,0,0,0,1,1,1,1]}},{"__type__":"cc.Node","_name":"user1","_parent":{"__id__":10},"_children":[{"__id__":12},{"__id__":14},{"__id__":15},{"__id__":16}],"_components":[{"__type__":"cc.Sprite","node":{"__id__":11},"_materials":[{"__uuid__":"ecpdLyjvZBwrvm+cedCcQy"}],"_spriteFrame":{"__uuid__":"25rwfyZYxGOrHVRx35g+vi"},"_type":1,"_sizeMode":0}],"_prefab":{"__type__":"cc.PrefabInfo","root":{"__id__":1},"asset":{"__uuid__":"e5rKpm9HVGh6SidlN+X3lc"},"fileId":"d9nPPllStNQopsLjoCspxH"},"_contentSize":{"__type__":"cc.Size","width":320,"height":115},"_trs":{"__type__":"TypedArray","ctor":"Float64Array","array":[160,0,0,0,0,0,1,1,1,1]}},{"__type__":"cc.Node","_name":"head","_parent":{"__id__":11},"_children":[{"__id__":13}],"_components":[{"__type__":"cc.Sprite","node":{"__id__":12}}],"_prefab":{"__type__":"cc.PrefabInfo","root":{"__id__":1},"asset":{"__uuid__":"e5rKpm9HVGh6SidlN+X3lc"},"fileId":"64j2Lfu9dBCJ2WA+3AuYMN"},"_contentSize":{"__type__":"cc.Size","width":91,"height":90},"_trs":{"__type__":"TypedArray","ctor":"Float64Array","array":[-98.7,0,0,0,0,0,1,1,1,1]}},{"__type__":"cc.Node","_name":"img","_parent":{"__id__":12},"_components":[{"__type__":"cc.Sprite","node":{"__id__":13},"_materials":[{"__uuid__":"ecpdLyjvZBwrvm+cedCcQy"}],"_spriteFrame":{"__uuid__":"e6JNuRrHVFM4KYnmai3HR+"},"_sizeMode":0},{"__type__":"f42b8ZzNWFKKI/QT/n8cR1+","node":{"__id__":13}}],"_prefab":{"__type__":"cc.PrefabInfo","root":{"__id__":1},"asset":{"__uuid__":"e5rKpm9HVGh6SidlN+X3lc"},"fileId":"83PQi0xD9IcJWHT7/heEIY"},"_contentSize":{"__type__":"cc.Size","width":86,"height":85},"_trs":{"__type__":"TypedArray","ctor":"Float64Array","array":[0,0,0,0,0,0,1,1,1,1]}},{"__type__":"cc.Node","_name":"name","_parent":{"__id__":11},"_components":[{"__type__":"cc.Label","node":{"__id__":14},"_materials":[{"__uuid__":"ecpdLyjvZBwrvm+cedCcQy"}],"_useOriginalSize":false,"_string":"纯属娱乐","_N$string":"纯属娱乐","_fontSize":28,"_lineHeight":28,"_N$file":{"__uuid__":"5f5wQekV1CGpJW2meZozWn"},"_isSystemFontUsed":false,"_N$horizontalAlign":1,"_N$verticalAlign":1}],"_prefab":{"__type__":"cc.PrefabInfo","root":{"__id__":1},"asset":{"__uuid__":"e5rKpm9HVGh6SidlN+X3lc"},"fileId":"42qwfck65G8YDvtAbLCy24"},"_color":{"__type__":"cc.Color","r":117,"g":101,"b":50},"_contentSize":{"__type__":"cc.Size","width":112,"height":35.28},"_anchorPoint":{"__type__":"cc.Vec2","y":0.5},"_trs":{"__type__":"TypedArray","ctor":"Float64Array","array":[-38.5,19.7,0,0,0,0,1,1,1,1]}},{"__type__":"cc.Node","_name":"id","_parent":{"__id__":11},"_components":[{"__type__":"cc.Label","node":{"__id__":15},"_materials":[{"__uuid__":"ecpdLyjvZBwrvm+cedCcQy"}],"_useOriginalSize":false,"_string":"ID:123456","_N$string":"ID:123456","_fontSize":28,"_lineHeight":28,"_N$file":{"__uuid__":"5f5wQekV1CGpJW2meZozWn"},"_isSystemFontUsed":false,"_N$horizontalAlign":1,"_N$verticalAlign":1}],"_prefab":{"__type__":"cc.PrefabInfo","root":{"__id__":1},"asset":{"__uuid__":"e5rKpm9HVGh6SidlN+X3lc"},"fileId":"50fK9F6KlBkKcbZJ9XDTGn"},"_color":{"__type__":"cc.Color","r":117,"g":101,"b":50},"_contentSize":{"__type__":"cc.Size","width":122.83,"height":35.28},"_anchorPoint":{"__type__":"cc.Vec2","y":0.5},"_trs":{"__type__":"TypedArray","ctor":"Float64Array","array":[-38.5,-20.8,0,0,0,0,1,1,1,1]}},{"__type__":"cc.Node","_name":"btn_forbit_del_user","_parent":{"__id__":11},"_components":[{"__type__":"cc.Sprite","node":{"__id__":16},"_materials":[{"__uuid__":"ecpdLyjvZBwrvm+cedCcQy"}],"_spriteFrame":{"__uuid__":"340hBmOXxFcInSCact7Onm"}},{"__type__":"cc.Button","node":{"__id__":16},"clickEvents":[{"__type__":"cc.ClickEvent","target":{"__id__":1},"_componentId":"9e6efmH5W1ExZofyRRuKFQJ","handler":"OnClick_BtnWnd"}],"_N$normalColor":{"__type__":"cc.Color","r":214,"g":214,"b":214},"_N$target":{"__id__":16}}],"_prefab":{"__type__":"cc.PrefabInfo","root":{"__id__":1},"asset":{"__uuid__":"e5rKpm9HVGh6SidlN+X3lc"},"fileId":"b6T4Ha5JFEa60ORy/qlgrp"},"_contentSize":{"__type__":"cc.Size","width":27,"height":27},"_trs":{"__type__":"TypedArray","ctor":"Float64Array","array":[128.4,0,0,0,0,0,1,1,1,1]}},{"__type__":"cc.Node","_name":"user2","_parent":{"__id__":10},"_children":[{"__id__":18},{"__id__":20},{"__id__":21},{"__id__":22}],"_components":[{"__type__":"cc.Sprite","node":{"__id__":17},"_materials":[{"__uuid__":"ecpdLyjvZBwrvm+cedCcQy"}],"_spriteFrame":{"__uuid__":"25rwfyZYxGOrHVRx35g+vi"},"_type":1,"_sizeMode":0}],"_prefab":{"__type__":"cc.PrefabInfo","root":{"__id__":1},"asset":{"__uuid__":"e5rKpm9HVGh6SidlN+X3lc"},"fileId":"856dZIpFBNNIZqvJRXqNq/"},"_contentSize":{"__type__":"cc.Size","width":320,"height":115},"_trs":{"__type__":"TypedArray","ctor":"Float64Array","array":[490,0,0,0,0,0,1,1,1,1]}},{"__type__":"cc.Node","_name":"head","_parent":{"__id__":17},"_children":[{"__id__":19}],"_components":[{"__type__":"cc.Sprite","node":{"__id__":18}}],"_prefab":{"__type__":"cc.PrefabInfo","root":{"__id__":1},"asset":{"__uuid__":"e5rKpm9HVGh6SidlN+X3lc"},"fileId":"bbObRMhN9EkoqEKGgaI757"},"_contentSize":{"__type__":"cc.Size","width":91,"height":90},"_trs":{"__type__":"TypedArray","ctor":"Float64Array","array":[-98.7,0,0,0,0,0,1,1,1,1]}},{"__type__":"cc.Node","_name":"img","_parent":{"__id__":18},"_components":[{"__type__":"cc.Sprite","node":{"__id__":19},"_materials":[{"__uuid__":"ecpdLyjvZBwrvm+cedCcQy"}],"_spriteFrame":{"__uuid__":"e6JNuRrHVFM4KYnmai3HR+"},"_sizeMode":0},{"__type__":"f42b8ZzNWFKKI/QT/n8cR1+","node":{"__id__":19}}],"_prefab":{"__type__":"cc.PrefabInfo","root":{"__id__":1},"asset":{"__uuid__":"e5rKpm9HVGh6SidlN+X3lc"},"fileId":"16gOz7DBZIbZXnbbnkhtuJ"},"_contentSize":{"__type__":"cc.Size","width":86,"height":85},"_trs":{"__type__":"TypedArray","ctor":"Float64Array","array":[0,0,0,0,0,0,1,1,1,1]}},{"__type__":"cc.Node","_name":"name","_parent":{"__id__":17},"_components":[{"__type__":"cc.Label","node":{"__id__":20},"_materials":[{"__uuid__":"ecpdLyjvZBwrvm+cedCcQy"}],"_useOriginalSize":false,"_string":"纯属娱乐","_N$string":"纯属娱乐","_fontSize":28,"_lineHeight":28,"_N$file":{"__uuid__":"5f5wQekV1CGpJW2meZozWn"},"_isSystemFontUsed":false,"_N$horizontalAlign":1,"_N$verticalAlign":1}],"_prefab":{"__type__":"cc.PrefabInfo","root":{"__id__":1},"asset":{"__uuid__":"e5rKpm9HVGh6SidlN+X3lc"},"fileId":"61gsg+gLJF34HZZ4tz2hGT"},"_color":{"__type__":"cc.Color","r":117,"g":101,"b":50},"_contentSize":{"__type__":"cc.Size","width":112,"height":35.28},"_anchorPoint":{"__type__":"cc.Vec2","y":0.5},"_trs":{"__type__":"TypedArray","ctor":"Float64Array","array":[-38.5,19.7,0,0,0,0,1,1,1,1]}},{"__type__":"cc.Node","_name":"id","_parent":{"__id__":17},"_components":[{"__type__":"cc.Label","node":{"__id__":21},"_materials":[{"__uuid__":"ecpdLyjvZBwrvm+cedCcQy"}],"_useOriginalSize":false,"_string":"ID:123456","_N$string":"ID:123456","_fontSize":28,"_lineHeight":28,"_N$file":{"__uuid__":"5f5wQekV1CGpJW2meZozWn"},"_isSystemFontUsed":false,"_N$horizontalAlign":1,"_N$verticalAlign":1}],"_prefab":{"__type__":"cc.PrefabInfo","root":{"__id__":1},"asset":{"__uuid__":"e5rKpm9HVGh6SidlN+X3lc"},"fileId":"8fqwXEQUdBiYFaht0vjubn"},"_color":{"__type__":"cc.Color","r":117,"g":101,"b":50},"_contentSize":{"__type__":"cc.Size","width":122.83,"height":35.28},"_anchorPoint":{"__type__":"cc.Vec2","y":0.5},"_trs":{"__type__":"TypedArray","ctor":"Float64Array","array":[-38.5,-20.8,0,0,0,0,1,1,1,1]}},{"__type__":"cc.Node","_name":"btn_forbit_del_user","_parent":{"__id__":17},"_components":[{"__type__":"cc.Sprite","node":{"__id__":22},"_materials":[{"__uuid__":"ecpdLyjvZBwrvm+cedCcQy"}],"_spriteFrame":{"__uuid__":"340hBmOXxFcInSCact7Onm"}},{"__type__":"cc.Button","node":{"__id__":22},"clickEvents":[{"__type__":"cc.ClickEvent","target":{"__id__":1},"_componentId":"9e6efmH5W1ExZofyRRuKFQJ","handler":"OnClick_BtnWnd"}],"_N$normalColor":{"__type__":"cc.Color","r":214,"g":214,"b":214},"_N$target":{"__id__":22}}],"_prefab":{"__type__":"cc.PrefabInfo","root":{"__id__":1},"asset":{"__uuid__":"e5rKpm9HVGh6SidlN+X3lc"},"fileId":"6ds+txrz9AUoWCChHX8ZLr"},"_contentSize":{"__type__":"cc.Size","width":27,"height":27},"_trs":{"__type__":"TypedArray","ctor":"Float64Array","array":[128.4,0,0,0,0,0,1,1,1,1]}},{"__type__":"cc.Node","_name":"btn_set_forbit","_parent":{"__id__":10},"_children":[{"__id__":24},{"__id__":25}],"_components":[{"__type__":"cc.Sprite","node":{"__id__":23},"_materials":[{"__uuid__":"ecpdLyjvZBwrvm+cedCcQy"}],"_spriteFrame":{"__uuid__":"25rwfyZYxGOrHVRx35g+vi"},"_type":1,"_sizeMode":0},{"__type__":"cc.Button","node":{"__id__":23},"clickEvents":[{"__type__":"cc.ClickEvent","target":{"__id__":1},"_componentId":"9e6efmH5W1ExZofyRRuKFQJ","handler":"OnClick_BtnWnd"}],"_N$normalColor":{"__type__":"cc.Color","r":214,"g":214,"b":214},"_N$target":{"__id__":23}}],"_prefab":{"__type__":"cc.PrefabInfo","root":{"__id__":1},"asset":{"__uuid__":"e5rKpm9HVGh6SidlN+X3lc"},"fileId":"a2ox7gvypHs5lK+PkRTdTT"},"_contentSize":{"__type__":"cc.Size","width":320,"height":115},"_trs":{"__type__":"TypedArray","ctor":"Float64Array","array":[820,0,0,0,0,0,1,1,1,1]}},{"__type__":"cc.Node","_name":"New Sprite","_parent":{"__id__":23},"_components":[{"__type__":"cc.Sprite","node":{"__id__":24},"_materials":[{"__uuid__":"ecpdLyjvZBwrvm+cedCcQy"}],"_spriteFrame":{"__uuid__":"8aw6ajAb1FhIXaWrVZigI+"}}],"_prefab":{"__type__":"cc.PrefabInfo","root":{"__id__":1},"asset":{"__uuid__":"e5rKpm9HVGh6SidlN+X3lc"},"fileId":"87ZwoTEcJPi7J9n0mpPXsx"},"_contentSize":{"__type__":"cc.Size","width":82,"height":80},"_trs":{"__type__":"TypedArray","ctor":"Float64Array","array":[-76,0,0,0,0,0,1,1,1,1]}},{"__type__":"cc.Node","_name":"New Label","_parent":{"__id__":23},"_components":[{"__type__":"cc.Label","node":{"__id__":25},"_materials":[{"__uuid__":"ecpdLyjvZBwrvm+cedCcQy"}],"_useOriginalSize":false,"_string":"添加成员","_N$string":"添加成员","_fontSize":28,"_lineHeight":28,"_N$file":{"__uuid__":"5f5wQekV1CGpJW2meZozWn"},"_isSystemFontUsed":false,"_N$horizontalAlign":1,"_N$verticalAlign":1}],"_prefab":{"__type__":"cc.PrefabInfo","root":{"__id__":1},"asset":{"__uuid__":"e5rKpm9HVGh6SidlN+X3lc"},"fileId":"45e5cDZQFM6qUfs+wQpg0Z"},"_color":{"__type__":"cc.Color","r":187,"g":77,"b":4},"_contentSize":{"__type__":"cc.Size","width":112,"height":35.28},"_anchorPoint":{"__type__":"cc.Vec2","y":0.5},"_trs":{"__type__":"TypedArray","ctor":"Float64Array","array":[-16.2,0,0,0,0,0,1,1,1,1]}},{"__type__":"cc.Node","_name":"layout","_parent":{"__id__":4},"_components":[{"__type__":"cc.Layout","node":{"__id__":26},"_layoutSize":{"__type__":"cc.Size","width":1030,"height":200},"_resize":1,"_N$layoutType":2,"_N$spacingY":5}],"_prefab":{"__type__":"cc.PrefabInfo","root":{"__id__":1},"asset":{"__uuid__":"e5rKpm9HVGh6SidlN+X3lc"},"fileId":"aaCrarDclPoK88/oaoFE7Z"},"_contentSize":{"__type__":"cc.Size","width":1030,"height":200},"_anchorPoint":{"__type__":"cc.Vec2","x":0.5,"y":1},"_trs":{"__type__":"TypedArray","ctor":"Float64Array","array":[0,0,0,0,0,0,1,1,1,1]}},{"__type__":"cc.Node","_name":"btn_add_forbid","_parent":{"__id__":1},"_children":[{"__id__":28}],"_components":[{"__type__":"cc.Sprite","node":{"__id__":27},"_materials":[{"__uuid__":"ecpdLyjvZBwrvm+cedCcQy"}],"_spriteFrame":{"__uuid__":"c8L/BVCYBJ2IaXLUksFQ5X"}},{"__type__":"cc.Button","node":{"__id__":27},"clickEvents":[{"__type__":"cc.ClickEvent","target":{"__id__":1},"_componentId":"9e6efmH5W1ExZofyRRuKFQJ","handler":"OnClick_BtnWnd"}],"_N$transition":3,"transition":3,"_N$normalColor":{"__type__":"cc.Color","r":214,"g":214,"b":214},"_N$target":{"__id__":27}}],"_prefab":{"__type__":"cc.PrefabInfo","root":{"__id__":1},"asset":{"__uuid__":"e5rKpm9HVGh6SidlN+X3lc"},"fileId":"a12FPGnKpOBZyXMgZsLlF3"},"_contentSize":{"__type__":"cc.Size","width":263,"height":80},"_trs":{"__type__":"TypedArray","ctor":"Float64Array","array":[378.774,-245,0,0,0,0,1,1,1,1]}},{"__type__":"cc.Node","_name":"New Label","_parent":{"__id__":27},"_components":[{"__type__":"cc.Label","node":{"__id__":28},"_materials":[{"__uuid__":"ecpdLyjvZBwrvm+cedCcQy"}],"_useOriginalSize":false,"_string":"添加限制组","_N$string":"添加限制组","_lineHeight":45,"_N$file":{"__uuid__":"5f5wQekV1CGpJW2meZozWn"},"_isSystemFontUsed":false,"_N$horizontalAlign":1,"_N$verticalAlign":1},{"__type__":"cc.LabelOutline","node":{"__id__":28},"_color":{"__type__":"cc.Color","r":103,"b":1},"_width":2}],"_prefab":{"__type__":"cc.PrefabInfo","root":{"__id__":1},"asset":{"__uuid__":"e5rKpm9HVGh6SidlN+X3lc"},"fileId":"1519ulendFAqdSb97Gp+kD"},"_contentSize":{"__type__":"cc.Size","width":204,"height":60.7},"_trs":{"__type__":"TypedArray","ctor":"Float64Array","array":[0,5,0,0,0,0,1,1,1,1]}},{"__type__":"cc.Node","_name":"EditBoxForbid2","_parent":{"__id__":1},"_children":[{"__id__":30},{"__id__":32},{"__id__":34}],"_components":[{"__type__":"cc.EditBox","node":{"__id__":29},"_useOriginalSize":false,"maxLength":8,"_N$textLabel":{"__id__":33},"_N$placeholderLabel":{"__id__":35},"_N$background":{"__id__":31},"_N$inputMode":6}],"_prefab":{"__type__":"cc.PrefabInfo","root":{"__id__":1},"asset":{"__uuid__":"e5rKpm9HVGh6SidlN+X3lc"},"fileId":"2dPV4mE21I4a7FAbjjO/vn"},"_contentSize":{"__type__":"cc.Size","width":250,"height":40},"_trs":{"__type__":"TypedArray","ctor":"Float64Array","array":[-96.857,-241.887,0,0,0,0,1,1,1,1]}},{"__type__":"cc.Node","_name":"BACKGROUND_SPRITE","_parent":{"__id__":29},"_components":[{"__id__":31},{"__type__":"cc.Widget","node":{"__id__":30},"alignMode":0,"_alignFlags":45,"_originalWidth":160,"_originalHeight":40}],"_prefab":{"__type__":"cc.PrefabInfo","root":{"__id__":1},"asset":{"__uuid__":"e5rKpm9HVGh6SidlN+X3lc"},"fileId":"deNfejXhNFGbTtCCrLzcB7"},"_contentSize":{"__type__":"cc.Size","width":250,"height":40},"_trs":{"__type__":"TypedArray","ctor":"Float64Array","array":[0,0,0,0,0,0,1,1,1,1]}},{"__type__":"cc.Sprite","node":{"__id__":30},"_materials":[{"__uuid__":"ecpdLyjvZBwrvm+cedCcQy"}],"_spriteFrame":{"__uuid__":"ffDpHHVcZAhqOfy25Fe4w7"},"_type":1,"_sizeMode":0},{"__type__":"cc.Node","_name":"TEXT_LABEL","_parent":{"__id__":29},"_active":false,"_components":[{"__id__":33},{"__type__":"cc.Widget","node":{"__id__":32},"alignMode":0,"_alignFlags":45,"_left":2,"_originalWidth":158,"_originalHeight":40}],"_prefab":{"__type__":"cc.PrefabInfo","root":{"__id__":1},"asset":{"__uuid__":"e5rKpm9HVGh6SidlN+X3lc"},"fileId":"f6IW+bRYJP7JF8KfRkx4EJ"},"_contentSize":{"__type__":"cc.Size","width":158,"height":40},"_anchorPoint":{"__type__":"cc.Vec2","y":1},"_trs":{"__type__":"TypedArray","ctor":"Float64Array","array":[-78,20,0,0,0,0,1,1,1,1]}},{"__type__":"cc.Label","node":{"__id__":32},"_fontSize":20,"_lineHeight":25,"_enableWrapText":false,"_N$verticalAlign":1,"_N$overflow":1},{"__type__":"cc.Node","_name":"PLACEHOLDER_LABEL","_parent":{"__id__":29},"_components":[{"__id__":35},{"__type__":"cc.Widget","node":{"__id__":34},"alignMode":0,"_alignFlags":45,"_left":2,"_originalWidth":158,"_originalHeight":40}],"_prefab":{"__type__":"cc.PrefabInfo","root":{"__id__":1},"asset":{"__uuid__":"e5rKpm9HVGh6SidlN+X3lc"},"fileId":"9ebQul4cJC2pzQMT2/GfVT"},"_color":{"__type__":"cc.Color","r":187,"g":187,"b":187},"_contentSize":{"__type__":"cc.Size","width":248,"height":40},"_anchorPoint":{"__type__":"cc.Vec2","y":1},"_trs":{"__type__":"TypedArray","ctor":"Float64Array","array":[-123,20,0,0,0,0,1,1,1,1]}},{"__type__":"cc.Label","node":{"__id__":34},"_materials":[{"__uuid__":"ecpdLyjvZBwrvm+cedCcQy"}],"_string":"输入玩家昵称或id","_N$string":"输入玩家昵称或id","_fontSize":20,"_lineHeight":25,"_enableWrapText":false,"_N$verticalAlign":1,"_N$overflow":1},{"__type__":"cc.Node","_name":"EditBoxForbid1","_parent":{"__id__":1},"_children":[{"__id__":37},{"__id__":39},{"__id__":41}],"_components":[{"__type__":"cc.EditBox","node":{"__id__":36},"_useOriginalSize":false,"maxLength":8,"_N$textLabel":{"__id__":40},"_N$placeholderLabel":{"__id__":42},"_N$background":{"__id__":38},"_N$inputMode":6}],"_prefab":{"__type__":"cc.PrefabInfo","root":{"__id__":1},"asset":{"__uuid__":"e5rKpm9HVGh6SidlN+X3lc"},"fileId":"c47DskMaxBh4vTXYmd2KKV"},"_contentSize":{"__type__":"cc.Size","width":250,"height":40},"_trs":{"__type__":"TypedArray","ctor":"Float64Array","array":[-384.578,-241.887,0,0,0,0,1,1,1,1]}},{"__type__":"cc.Node","_name":"BACKGROUND_SPRITE","_parent":{"__id__":36},"_components":[{"__id__":38},{"__type__":"cc.Widget","node":{"__id__":37},"alignMode":0,"_alignFlags":45,"_originalWidth":160,"_originalHeight":40}],"_prefab":{"__type__":"cc.PrefabInfo","root":{"__id__":1},"asset":{"__uuid__":"e5rKpm9HVGh6SidlN+X3lc"},"fileId":"f0fK/0+stPTKNT874IgueN"},"_contentSize":{"__type__":"cc.Size","width":250,"height":40},"_trs":{"__type__":"TypedArray","ctor":"Float64Array","array":[0,0,0,0,0,0,1,1,1,1]}},{"__type__":"cc.Sprite","node":{"__id__":37},"_materials":[{"__uuid__":"ecpdLyjvZBwrvm+cedCcQy"}],"_spriteFrame":{"__uuid__":"ffDpHHVcZAhqOfy25Fe4w7"},"_type":1,"_sizeMode":0},{"__type__":"cc.Node","_name":"TEXT_LABEL","_parent":{"__id__":36},"_active":false,"_components":[{"__id__":40},{"__type__":"cc.Widget","node":{"__id__":39},"alignMode":0,"_alignFlags":45,"_left":2,"_originalWidth":158,"_originalHeight":40}],"_prefab":{"__type__":"cc.PrefabInfo","root":{"__id__":1},"asset":{"__uuid__":"e5rKpm9HVGh6SidlN+X3lc"},"fileId":"1eXlRr0fRHY4pdEVIRqpBN"},"_contentSize":{"__type__":"cc.Size","width":158,"height":40},"_anchorPoint":{"__type__":"cc.Vec2","y":1},"_trs":{"__type__":"TypedArray","ctor":"Float64Array","array":[-78,20,0,0,0,0,1,1,1,1]}},{"__type__":"cc.Label","node":{"__id__":39},"_fontSize":20,"_lineHeight":25,"_enableWrapText":false,"_N$verticalAlign":1,"_N$overflow":1},{"__type__":"cc.Node","_name":"PLACEHOLDER_LABEL","_parent":{"__id__":36},"_components":[{"__id__":42},{"__type__":"cc.Widget","node":{"__id__":41},"alignMode":0,"_alignFlags":45,"_left":2,"_originalWidth":158,"_originalHeight":40}],"_prefab":{"__type__":"cc.PrefabInfo","root":{"__id__":1},"asset":{"__uuid__":"e5rKpm9HVGh6SidlN+X3lc"},"fileId":"505BX9OJBIsIZhnbcASh1G"},"_color":{"__type__":"cc.Color","r":187,"g":187,"b":187},"_contentSize":{"__type__":"cc.Size","width":248,"height":40},"_anchorPoint":{"__type__":"cc.Vec2","y":1},"_trs":{"__type__":"TypedArray","ctor":"Float64Array","array":[-123,20,0,0,0,0,1,1,1,1]}},{"__type__":"cc.Label","node":{"__id__":41},"_materials":[{"__uuid__":"ecpdLyjvZBwrvm+cedCcQy"}],"_string":"输入玩家昵称或id","_N$string":"输入玩家昵称或id","_fontSize":20,"_lineHeight":25,"_enableWrapText":false,"_N$verticalAlign":1,"_N$overflow":1},{"__type__":"cc.Node","_name":"btn_ForbidSearch","_parent":{"__id__":1},"_children":[{"__id__":44}],"_components":[{"__type__":"cc.Sprite","node":{"__id__":43},"_materials":[{"__uuid__":"ecpdLyjvZBwrvm+cedCcQy"}],"_spriteFrame":{"__uuid__":"6bd02cwnVNAbxcn0Zi2GZD"},"_sizeMode":0},{"__type__":"cc.Button","node":{"__id__":43},"clickEvents":[{"__type__":"cc.ClickEvent","target":{"__id__":1},"_componentId":"9e6efmH5W1ExZofyRRuKFQJ","handler":"OnClick_BtnWnd"}],"_N$transition":3,"transition":3,"_N$normalColor":{"__type__":"cc.Color","r":230,"g":230,"b":230},"_N$pressedColor":{"__type__":"cc.Color","r":200,"g":200,"b":200},"pressedColor":{"__type__":"cc.Color","r":200,"g":200,"b":200},"_N$disabledColor":{"__type__":"cc.Color","r":120,"g":120,"b":120,"a":200},"_N$normalSprite":{"__uuid__":"a6wdiZdxVJJJDypd4YbLuH"},"_N$pressedSprite":{"__uuid__":"e97GVMl6JHh5Ml5qEDdSGa"},"pressedSprite":{"__uuid__":"e97GVMl6JHh5Ml5qEDdSGa"},"_N$hoverSprite":{"__uuid__":"f0BIwQ8D5Ml7nTNQbh1YlS"},"hoverSprite":{"__uuid__":"f0BIwQ8D5Ml7nTNQbh1YlS"},"_N$disabledSprite":{"__uuid__":"29FYIk+N1GYaeWH/q1NxQO"},"_N$target":{"__id__":43}}],"_prefab":{"__type__":"cc.PrefabInfo","root":{"__id__":1},"asset":{"__uuid__":"e5rKpm9HVGh6SidlN+X3lc"},"fileId":"fdSIxTbhpPl6daorS8grkH"},"_contentSize":{"__type__":"cc.Size","width":140,"height":52},"_trs":{"__type__":"TypedArray","ctor":"Float64Array","array":[131.78,-243.603,0,0,0,0,1,1,1,1]}},{"__type__":"cc.Node","_name":"lb_btnName","_parent":{"__id__":43},"_components":[{"__type__":"cc.Label","node":{"__id__":44},"_materials":[{"__uuid__":"ecpdLyjvZBwrvm+cedCcQy"}],"_useOriginalSize":false,"_string":"搜索","_N$string":"搜索","_fontSize":26,"_lineHeight":30,"_enableWrapText":false,"_N$file":{"__uuid__":"5f5wQekV1CGpJW2meZozWn"},"_isSystemFontUsed":false,"_N$horizontalAlign":1,"_N$verticalAlign":1},{"__type__":"cc.LabelOutline","node":{"__id__":44},"_color":{"__type__":"cc.Color","g":72,"b":7}}],"_prefab":{"__type__":"cc.PrefabInfo","root":{"__id__":1},"asset":{"__uuid__":"e5rKpm9HVGh6SidlN+X3lc"},"fileId":"c7wvMqBe5EMp3Mi0VE0E7J"},"_contentSize":{"__type__":"cc.Size","width":54,"height":39.8},"_trs":{"__type__":"TypedArray","ctor":"Float64Array","array":[0,0,0,0,0,0,1,1,1,1]}}],{"__type__":"cc.SpriteFrame","content":{"name":"morentouxiang","texture":"189664600","rect":[181,652,60,60],"offset":[0,0],"originalSize":[60,60],"capInsets":[0,0,0,0]}},{"__type__":"cc.SpriteFrame","content":{"name":"default_btn_pressed","texture":"b4P/PCArtIdIH38t6mlw8Y","rect":[0,0,40,40],"offset":[0,0],"originalSize":[40,40],"capInsets":[12,12,12,12]}},{"__type__":"cc.SpriteFrame","content":{"name":"default_btn_normal","texture":"e8Ueib+qJEhL6mXAHdnwbi","rect":[0,0,40,40],"offset":[0,0],"originalSize":[40,40],"capInsets":[12,12,12,12]}},{"__type__":"cc.SpriteFrame","content":{"name":"default_editbox_bg","texture":"ed0hW5J5ZKBar1gflskoHO","rect":[0,0,40,40],"offset":[0,0],"originalSize":[40,40],"capInsets":[12,12,12,12]}}]