[[{"__type__":"cc.Prefab","_name":"UIChouJiangLogPrefab","data":{"__id__":1}},{"__type__":"cc.Node","_name":"UIChouJiangLogPrefab","_children":[{"__id__":2},{"__id__":3}],"_components":[{"__type__":"cc.Sprite","node":{"__id__":1},"_spriteFrame":{"__uuid__":"9b+YSUoRRMiaz8xfQavsa1"},"_type":1,"_sizeMode":0}],"_prefab":{"__type__":"cc.PrefabInfo","root":{"__id__":1},"asset":{"__uuid__":"75ZOqYhQJOoZbbYjb0WWiH"},"fileId":"215d1H0GedBIaXZyWMGdz6J"},"_contentSize":{"__type__":"cc.Size","width":830,"height":70},"_trs":{"__type__":"TypedArray","ctor":"Float64Array","array":[0,-35,0,0,0,0,1,1,1,1]}},{"__type__":"cc.Node","_name":"lb_time","_parent":{"__id__":1},"_components":[{"__type__":"cc.Label","node":{"__id__":2},"_useOriginalSize":false,"_string":"2017/10/31 17:50:00","_N$string":"2017/10/31 17:50:00","_fontSize":28,"_lineHeight":28,"_N$file":{"__uuid__":"5f5wQekV1CGpJW2meZozWn"},"_isSystemFontUsed":false,"_N$horizontalAlign":1,"_N$verticalAlign":1}],"_prefab":{"__type__":"cc.PrefabInfo","root":{"__id__":1},"asset":{"__uuid__":"75ZOqYhQJOoZbbYjb0WWiH"},"fileId":"464e5/AmVdMsbatm0cniwiC"},"_color":{"__type__":"cc.Color","r":146},"_contentSize":{"__type__":"cc.Size","width":243.91,"height":28},"_trs":{"__type__":"TypedArray","ctor":"Float64Array","array":[-246,0,0,0,0,0,1,1,1,1]}},{"__type__":"cc.Node","_name":"lb_num","_parent":{"__id__":1},"_components":[{"__type__":"cc.Label","node":{"__id__":3},"_useOriginalSize":false,"_fontSize":28,"_lineHeight":28,"_N$file":{"__uuid__":"5f5wQekV1CGpJW2meZozWn"},"_isSystemFontUsed":false,"_N$horizontalAlign":1,"_N$verticalAlign":1}],"_prefab":{"__type__":"cc.PrefabInfo","root":{"__id__":1},"asset":{"__uuid__":"75ZOqYhQJOoZbbYjb0WWiH"},"fileId":"e072f0XG6JDApYlUJSmcezD"},"_color":{"__type__":"cc.Color","r":146},"_contentSize":{"__type__":"cc.Size","height":28},"_trs":{"__type__":"TypedArray","ctor":"Float64Array","array":[240,0,0,0,0,0,1,1,1,1]}}],{"__type__":"cc.SpriteFrame","content":{"name":"img_bjl_hbjl","texture":"e8B3/v9+ZB3pbuOvfZ9Ni7","rect":[0,0,66,66],"offset":[0,0],"originalSize":[66,66],"capInsets":[15,15,15,15]}}]