[{"__type__":"cc.SpriteFrame","content":{"name":"touxiang","texture":"1dtYXu39lEWY7F/BhMxsaC","rect":[0,0,73,73],"offset":[0,0],"originalSize":[73,73],"capInsets":[0,0,0,0]}},{"__type__":"cc.SpriteFrame","content":{"name":"img_srk","texture":"4fF0MdCJxNAZIBzGY6bjxs","rect":[0,0,278,53],"offset":[0,0],"originalSize":[278,53],"capInsets":[0,0,0,0]}},{"__type__":"cc.SpriteFrame","content":{"name":"icon_tx46_di","texture":"3aM5LgSNRASbR91sVOY9ff","rect":[0,0,70,70],"offset":[0,0],"originalSize":[70,70],"capInsets":[0,0,0,0]}},{"__type__":"cc.SpriteFrame","content":{"name":"img_di","texture":"18AL8Ic8REO7R2lD0ALKtq","rect":[0,0,67,26],"offset":[0,0],"originalSize":[67,26],"capInsets":[0,0,0,0]}},{"__type__":"cc.SpriteFrame","content":{"name":"img_zz0403","texture":"db2prvC3RF35N3kWe4g6QG","rect":[23,11,322,255],"offset":[-9.5,11.5],"originalSize":[387,300],"capInsets":[0,0,0,0]}},{"__type__":"cc.SpriteFrame","content":{"name":"bg_waf_di","texture":"99xc5rsi1NxZhHnFU+TgCK","rect":[0,0,222,176],"offset":[0,0],"originalSize":[222,176],"capInsets":[0,0,0,0]}},{"__type__":"cc.SpriteFrame","content":{"name":"img_sai","texture":"c50IItukNEn7Yqxak0WzZP","rect":[0,0,17,22],"offset":[0,0],"originalSize":[17,22],"capInsets":[0,0,0,0]}},{"__type__":"cc.SpriteFrame","content":{"name":"btn_xq","texture":"c69N1JykRJW4vzrotkn25U","rect":[0,0,95,44],"offset":[0,0],"originalSize":[95,44],"capInsets":[0,0,0,0]}},{"__type__":"cc.SpriteFrame","content":{"name":"lixianzhong","texture":"f2JKq4S3hIkL+5GWwbxyBP","rect":[0,0,66,24],"offset":[0,0],"originalSize":[66,24],"capInsets":[0,0,0,0]}},{"__type__":"cc.SpriteFrame","content":{"name":"icon_txk_di","texture":"86rAZ72a1B1ogDPO1OsXFa","rect":[0,0,94,28],"offset":[0,0],"originalSize":[94,28],"capInsets":[0,0,0,0]}},{"__type__":"cc.SpriteFrame","content":{"name":"icon_tx46","texture":"97pSvVJhJL2Kh9eS+XriZO","rect":[0,0,74,74],"offset":[0,0],"originalSize":[74,74],"capInsets":[0,0,0,0]}},{"__type__":"cc.SpriteFrame","content":{"name":"img_locked","texture":"46Q0bHWO5A7ZDAltsx/4d4","rect":[0,0,33,39],"offset":[0,0],"originalSize":[33,39],"capInsets":[0,0,0,0]}},{"__type__":"cc.SpriteFrame","content":{"name":"morentouxiang","texture":"189664600","rect":[181,652,60,60],"offset":[0,0],"originalSize":[60,60],"capInsets":[0,0,0,0]}},[{"__type__":"cc.Prefab","_name":"demo_new3","data":{"__id__":1}},{"__type__":"cc.Node","_name":"demo_new3","_children":[{"__id__":2},{"__id__":3},{"__id__":28},{"__id__":29},{"__id__":30},{"__id__":31},{"__id__":33},{"__id__":34},{"__id__":36},{"__id__":37},{"__id__":38}],"_components":[{"__type__":"cc.Button","node":{"__id__":1}}],"_prefab":{"__type__":"cc.PrefabInfo","root":{"__id__":1},"asset":{"__uuid__":"f3vDmIqYJFtIlpdJIDqFQK"},"fileId":"07MgvBWp5IELw/s+3yVexc"},"_contentSize":{"__type__":"cc.Size","width":387,"height":255},"_trs":{"__type__":"TypedArray","ctor":"Float64Array","array":[0,0,0,0,0,0,1,1,1,1]}},{"__type__":"cc.Node","_name":"bg","_parent":{"__id__":1},"_components":[{"__type__":"cc.Sprite","node":{"__id__":2},"_materials":[{"__uuid__":"ecpdLyjvZBwrvm+cedCcQy"}],"_spriteFrame":{"__uuid__":"39VWowK/BGPaobLzt5uFqz"}}],"_prefab":{"__type__":"cc.PrefabInfo","root":{"__id__":1},"asset":{"__uuid__":"f3vDmIqYJFtIlpdJIDqFQK"},"fileId":"38nLxTIHpKyZ+8L6mLUIOi"},"_contentSize":{"__type__":"cc.Size","width":322,"height":255},"_trs":{"__type__":"TypedArray","ctor":"Float64Array","array":[0,0,0,0,0,0,1,1,1,1]}},{"__type__":"cc.Node","_name":"head_layout","_parent":{"__id__":1},"_children":[{"__id__":4},{"__id__":12},{"__id__":20}],"_prefab":{"__type__":"cc.PrefabInfo","root":{"__id__":1},"asset":{"__uuid__":"f3vDmIqYJFtIlpdJIDqFQK"},"fileId":"e7rureGNdN06OC+OymWwuf"},"_contentSize":{"__type__":"cc.Size","width":409,"height":90},"_anchorPoint":{"__type__":"cc.Vec2","y":0.5},"_trs":{"__type__":"TypedArray","ctor":"Float64Array","array":[-117.3,43.8,0,0,0,0,1,1,1,1]}},{"__type__":"cc.Node","_name":"user1","_parent":{"__id__":3},"_children":[{"__id__":5},{"__id__":9},{"__id__":10}],"_prefab":{"__type__":"cc.PrefabInfo","root":{"__id__":1},"asset":{"__uuid__":"f3vDmIqYJFtIlpdJIDqFQK"},"fileId":"71uTGVwO9FB4tThm+P6Hjj"},"_trs":{"__type__":"TypedArray","ctor":"Float64Array","array":[38.588,71.314,0,0,0,0,1,1.2,1.2,1]}},{"__type__":"cc.Node","_name":"mask","_parent":{"__id__":4},"_children":[{"__id__":6},{"__id__":7}],"_components":[{"__type__":"cc.Mask","node":{"__id__":5},"_materials":[{"__uuid__":"ecpdLyjvZBwrvm+cedCcQy"}],"_spriteFrame":{"__uuid__":"1ex2+Je61Pu4xHlY2A6DnZ"},"_type":2}],"_prefab":{"__type__":"cc.PrefabInfo","root":{"__id__":1},"asset":{"__uuid__":"f3vDmIqYJFtIlpdJIDqFQK"},"fileId":"e7PY7V5L5C3YKZKVV2Zmi5"},"_contentSize":{"__type__":"cc.Size","width":46,"height":46},"_trs":{"__type__":"TypedArray","ctor":"Float64Array","array":[0,0,0,0,0,0,1,1,1,1]}},{"__type__":"cc.Node","_name":"head","_parent":{"__id__":5},"_components":[{"__type__":"cc.Sprite","node":{"__id__":6},"_materials":[{"__uuid__":"ecpdLyjvZBwrvm+cedCcQy"}],"_spriteFrame":{"__uuid__":"e6JNuRrHVFM4KYnmai3HR+"},"_sizeMode":0,"_isTrimmedMode":false},{"__type__":"f42b8ZzNWFKKI/QT/n8cR1+","node":{"__id__":6}}],"_prefab":{"__type__":"cc.PrefabInfo","root":{"__id__":1},"asset":{"__uuid__":"f3vDmIqYJFtIlpdJIDqFQK"},"fileId":"49vhsRPs9Ooq1a2Rcb/hlD"},"_contentSize":{"__type__":"cc.Size","width":55,"height":55},"_trs":{"__type__":"TypedArray","ctor":"Float64Array","array":[0,0,0,0,0,0,1,1,1,1]}},{"__type__":"cc.Node","_name":"lixian","_parent":{"__id__":5},"_children":[{"__id__":8}],"_components":[{"__type__":"cc.Sprite","node":{"__id__":7},"_materials":[{"__uuid__":"ecpdLyjvZBwrvm+cedCcQy"}],"_spriteFrame":{"__uuid__":"012IHt40xCG7tUDIieNTX4"}}],"_prefab":{"__type__":"cc.PrefabInfo","root":{"__id__":1},"asset":{"__uuid__":"f3vDmIqYJFtIlpdJIDqFQK"},"fileId":"bfQzl/acRJW5aXQV/kgG+T"},"_contentSize":{"__type__":"cc.Size","width":73,"height":73},"_trs":{"__type__":"TypedArray","ctor":"Float64Array","array":[0,0,0,0,0,0,1,1,1,1]}},{"__type__":"cc.Node","_name":"lixianzhong","_parent":{"__id__":7},"_components":[{"__type__":"cc.Sprite","node":{"__id__":8},"_materials":[{"__uuid__":"ecpdLyjvZBwrvm+cedCcQy"}],"_spriteFrame":{"__uuid__":"a0/fj7ENxHJ4F+Rv6UwWvZ"},"_sizeMode":0}],"_prefab":{"__type__":"cc.PrefabInfo","root":{"__id__":1},"asset":{"__uuid__":"f3vDmIqYJFtIlpdJIDqFQK"},"fileId":"a9e7/tjehGbK1F4XsYMbUc"},"_contentSize":{"__type__":"cc.Size","width":39,"height":15},"_trs":{"__type__":"TypedArray","ctor":"Float64Array","array":[0,0,0,0,0,0,1,1,1,1]}},{"__type__":"cc.Node","_name":"icon_di","_parent":{"__id__":4},"_components":[{"__type__":"cc.Sprite","node":{"__id__":9},"_materials":[{"__uuid__":"ecpdLyjvZBwrvm+cedCcQy"}],"_spriteFrame":{"__uuid__":"aaHnm48C9HF721LIB8IcdE"},"_sizeMode":0}],"_prefab":{"__type__":"cc.PrefabInfo","root":{"__id__":1},"asset":{"__uuid__":"f3vDmIqYJFtIlpdJIDqFQK"},"fileId":"8cjTtDF4VFFIMWVIot/0LG"},"_contentSize":{"__type__":"cc.Size","width":50,"height":50},"_trs":{"__type__":"TypedArray","ctor":"Float64Array","array":[0,0,0,0,0,0,1,1,1,1]}},{"__type__":"cc.Node","_name":"name","_parent":{"__id__":4},"_children":[{"__id__":11}],"_components":[{"__type__":"cc.Sprite","node":{"__id__":10},"_materials":[{"__uuid__":"ecpdLyjvZBwrvm+cedCcQy"}],"_spriteFrame":{"__uuid__":"a90CvZZvxBV4BPQccRmk+E"},"_sizeMode":0}],"_prefab":{"__type__":"cc.PrefabInfo","root":{"__id__":1},"asset":{"__uuid__":"f3vDmIqYJFtIlpdJIDqFQK"},"fileId":"89JDTWCKNFtItQPbJs5q6C"},"_contentSize":{"__type__":"cc.Size","width":75,"height":26},"_trs":{"__type__":"TypedArray","ctor":"Float64Array","array":[0,-40,0,0,0,0,1,1,1,1]}},{"__type__":"cc.Node","_name":"lb","_parent":{"__id__":10},"_components":[{"__type__":"cc.Label","node":{"__id__":11},"_materials":[{"__uuid__":"ecpdLyjvZBwrvm+cedCcQy"}],"_useOriginalSize":false,"_string":"纯属娱乐","_N$string":"纯属娱乐","_fontSize":14,"_lineHeight":20,"_N$file":{"__uuid__":"5f5wQekV1CGpJW2meZozWn"},"_isSystemFontUsed":false,"_N$horizontalAlign":1,"_N$verticalAlign":1}],"_prefab":{"__type__":"cc.PrefabInfo","root":{"__id__":1},"asset":{"__uuid__":"f3vDmIqYJFtIlpdJIDqFQK"},"fileId":"e9LfMaJMhD66s3Yp+ZP0wI"},"_color":{"__type__":"cc.Color","r":255,"g":239,"b":235},"_contentSize":{"__type__":"cc.Size","width":56,"height":25.2},"_trs":{"__type__":"TypedArray","ctor":"Float64Array","array":[0,0,0,0,0,0,1,1,1,1]}},{"__type__":"cc.Node","_name":"user2","_parent":{"__id__":3},"_children":[{"__id__":13},{"__id__":17},{"__id__":18}],"_prefab":{"__type__":"cc.PrefabInfo","root":{"__id__":1},"asset":{"__uuid__":"f3vDmIqYJFtIlpdJIDqFQK"},"fileId":"22hqGUe0FF5Yffh3jWxrvg"},"_trs":{"__type__":"TypedArray","ctor":"Float64Array","array":[215.098,-28.745,0,0,0,0,1,1.2,1.2,1]}},{"__type__":"cc.Node","_name":"mask","_parent":{"__id__":12},"_children":[{"__id__":14},{"__id__":15}],"_components":[{"__type__":"cc.Mask","node":{"__id__":13},"_materials":[{"__uuid__":"ecpdLyjvZBwrvm+cedCcQy"}],"_spriteFrame":{"__uuid__":"1ex2+Je61Pu4xHlY2A6DnZ"},"_type":2}],"_prefab":{"__type__":"cc.PrefabInfo","root":{"__id__":1},"asset":{"__uuid__":"f3vDmIqYJFtIlpdJIDqFQK"},"fileId":"f9baPlwE1Bgps9Fnl4jk7p"},"_contentSize":{"__type__":"cc.Size","width":46,"height":46},"_trs":{"__type__":"TypedArray","ctor":"Float64Array","array":[0,0,0,0,0,0,1,1,1,1]}},{"__type__":"cc.Node","_name":"head","_parent":{"__id__":13},"_components":[{"__type__":"cc.Sprite","node":{"__id__":14},"_materials":[{"__uuid__":"ecpdLyjvZBwrvm+cedCcQy"}],"_spriteFrame":{"__uuid__":"e6JNuRrHVFM4KYnmai3HR+"},"_sizeMode":0,"_isTrimmedMode":false},{"__type__":"f42b8ZzNWFKKI/QT/n8cR1+","node":{"__id__":14}}],"_prefab":{"__type__":"cc.PrefabInfo","root":{"__id__":1},"asset":{"__uuid__":"f3vDmIqYJFtIlpdJIDqFQK"},"fileId":"cazOXgTfhKMpR89v7lOZji"},"_contentSize":{"__type__":"cc.Size","width":55,"height":55},"_trs":{"__type__":"TypedArray","ctor":"Float64Array","array":[0,0,0,0,0,0,1,1,1,1]}},{"__type__":"cc.Node","_name":"lixian","_parent":{"__id__":13},"_children":[{"__id__":16}],"_components":[{"__type__":"cc.Sprite","node":{"__id__":15},"_materials":[{"__uuid__":"ecpdLyjvZBwrvm+cedCcQy"}],"_spriteFrame":{"__uuid__":"012IHt40xCG7tUDIieNTX4"}}],"_prefab":{"__type__":"cc.PrefabInfo","root":{"__id__":1},"asset":{"__uuid__":"f3vDmIqYJFtIlpdJIDqFQK"},"fileId":"4bqxhYlddD5Jp8lINjdQJC"},"_contentSize":{"__type__":"cc.Size","width":73,"height":73},"_trs":{"__type__":"TypedArray","ctor":"Float64Array","array":[0,0,0,0,0,0,1,1,1,1]}},{"__type__":"cc.Node","_name":"lixianzhong","_parent":{"__id__":15},"_components":[{"__type__":"cc.Sprite","node":{"__id__":16},"_materials":[{"__uuid__":"ecpdLyjvZBwrvm+cedCcQy"}],"_spriteFrame":{"__uuid__":"a0/fj7ENxHJ4F+Rv6UwWvZ"},"_sizeMode":0}],"_prefab":{"__type__":"cc.PrefabInfo","root":{"__id__":1},"asset":{"__uuid__":"f3vDmIqYJFtIlpdJIDqFQK"},"fileId":"1dRMKtup9Ny5M4swhuwB0S"},"_contentSize":{"__type__":"cc.Size","width":39,"height":15},"_trs":{"__type__":"TypedArray","ctor":"Float64Array","array":[0,0,0,0,0,0,1,1,1,1]}},{"__type__":"cc.Node","_name":"icon_di","_parent":{"__id__":12},"_components":[{"__type__":"cc.Sprite","node":{"__id__":17},"_materials":[{"__uuid__":"ecpdLyjvZBwrvm+cedCcQy"}],"_spriteFrame":{"__uuid__":"aaHnm48C9HF721LIB8IcdE"},"_sizeMode":0}],"_prefab":{"__type__":"cc.PrefabInfo","root":{"__id__":1},"asset":{"__uuid__":"f3vDmIqYJFtIlpdJIDqFQK"},"fileId":"cboLbPVFJG4q/fvk13YtIJ"},"_contentSize":{"__type__":"cc.Size","width":50,"height":50},"_trs":{"__type__":"TypedArray","ctor":"Float64Array","array":[0,0,0,0,0,0,1,1,1,1]}},{"__type__":"cc.Node","_name":"name","_parent":{"__id__":12},"_children":[{"__id__":19}],"_components":[{"__type__":"cc.Sprite","node":{"__id__":18},"_materials":[{"__uuid__":"ecpdLyjvZBwrvm+cedCcQy"}],"_spriteFrame":{"__uuid__":"a90CvZZvxBV4BPQccRmk+E"},"_sizeMode":0}],"_prefab":{"__type__":"cc.PrefabInfo","root":{"__id__":1},"asset":{"__uuid__":"f3vDmIqYJFtIlpdJIDqFQK"},"fileId":"36C9W5nchMkIyMAAbKkM1p"},"_contentSize":{"__type__":"cc.Size","width":75,"height":26},"_trs":{"__type__":"TypedArray","ctor":"Float64Array","array":[0,-40,0,0,0,0,1,1,1,1]}},{"__type__":"cc.Node","_name":"lb","_parent":{"__id__":18},"_components":[{"__type__":"cc.Label","node":{"__id__":19},"_materials":[{"__uuid__":"ecpdLyjvZBwrvm+cedCcQy"}],"_useOriginalSize":false,"_string":"纯属娱乐","_N$string":"纯属娱乐","_fontSize":14,"_lineHeight":20,"_N$file":{"__uuid__":"5f5wQekV1CGpJW2meZozWn"},"_isSystemFontUsed":false,"_N$horizontalAlign":1,"_N$verticalAlign":1}],"_prefab":{"__type__":"cc.PrefabInfo","root":{"__id__":1},"asset":{"__uuid__":"f3vDmIqYJFtIlpdJIDqFQK"},"fileId":"5axVUFqLFJiZr9BY1QO7P0"},"_contentSize":{"__type__":"cc.Size","width":56,"height":25.2},"_trs":{"__type__":"TypedArray","ctor":"Float64Array","array":[0,0,0,0,0,0,1,1,1,1]}},{"__type__":"cc.Node","_name":"user3","_parent":{"__id__":3},"_children":[{"__id__":21},{"__id__":25},{"__id__":26}],"_prefab":{"__type__":"cc.PrefabInfo","root":{"__id__":1},"asset":{"__uuid__":"f3vDmIqYJFtIlpdJIDqFQK"},"fileId":"e7XdEXD1VGPJB0VlNnZc7J"},"_trs":{"__type__":"TypedArray","ctor":"Float64Array","array":[24.511,-31.098,0,0,0,0,1,1.2,1.2,1]}},{"__type__":"cc.Node","_name":"mask","_parent":{"__id__":20},"_children":[{"__id__":22},{"__id__":23}],"_components":[{"__type__":"cc.Mask","node":{"__id__":21},"_materials":[{"__uuid__":"ecpdLyjvZBwrvm+cedCcQy"}],"_spriteFrame":{"__uuid__":"1ex2+Je61Pu4xHlY2A6DnZ"},"_type":2}],"_prefab":{"__type__":"cc.PrefabInfo","root":{"__id__":1},"asset":{"__uuid__":"f3vDmIqYJFtIlpdJIDqFQK"},"fileId":"1f6j8L7ChLbZ470h0fl3mr"},"_contentSize":{"__type__":"cc.Size","width":46,"height":46},"_trs":{"__type__":"TypedArray","ctor":"Float64Array","array":[0,0,0,0,0,0,1,1,1,1]}},{"__type__":"cc.Node","_name":"head","_parent":{"__id__":21},"_components":[{"__type__":"cc.Sprite","node":{"__id__":22},"_materials":[{"__uuid__":"ecpdLyjvZBwrvm+cedCcQy"}],"_spriteFrame":{"__uuid__":"e6JNuRrHVFM4KYnmai3HR+"},"_sizeMode":0,"_isTrimmedMode":false},{"__type__":"f42b8ZzNWFKKI/QT/n8cR1+","node":{"__id__":22}}],"_prefab":{"__type__":"cc.PrefabInfo","root":{"__id__":1},"asset":{"__uuid__":"f3vDmIqYJFtIlpdJIDqFQK"},"fileId":"ddeOW9GkBN1Ydq7/Nk4nuP"},"_contentSize":{"__type__":"cc.Size","width":55,"height":55},"_trs":{"__type__":"TypedArray","ctor":"Float64Array","array":[0,0,0,0,0,0,1,1,1,1]}},{"__type__":"cc.Node","_name":"lixian","_parent":{"__id__":21},"_children":[{"__id__":24}],"_components":[{"__type__":"cc.Sprite","node":{"__id__":23},"_materials":[{"__uuid__":"ecpdLyjvZBwrvm+cedCcQy"}],"_spriteFrame":{"__uuid__":"012IHt40xCG7tUDIieNTX4"}}],"_prefab":{"__type__":"cc.PrefabInfo","root":{"__id__":1},"asset":{"__uuid__":"f3vDmIqYJFtIlpdJIDqFQK"},"fileId":"451ZF1fUZOr5zq990MXTF1"},"_contentSize":{"__type__":"cc.Size","width":73,"height":73},"_trs":{"__type__":"TypedArray","ctor":"Float64Array","array":[0,0,0,0,0,0,1,1,1,1]}},{"__type__":"cc.Node","_name":"lixianzhong","_parent":{"__id__":23},"_components":[{"__type__":"cc.Sprite","node":{"__id__":24},"_materials":[{"__uuid__":"ecpdLyjvZBwrvm+cedCcQy"}],"_spriteFrame":{"__uuid__":"a0/fj7ENxHJ4F+Rv6UwWvZ"},"_sizeMode":0}],"_prefab":{"__type__":"cc.PrefabInfo","root":{"__id__":1},"asset":{"__uuid__":"f3vDmIqYJFtIlpdJIDqFQK"},"fileId":"a0px7+qLlFjI5Og5JN5wL+"},"_contentSize":{"__type__":"cc.Size","width":39,"height":15},"_trs":{"__type__":"TypedArray","ctor":"Float64Array","array":[0,0,0,0,0,0,1,1,1,1]}},{"__type__":"cc.Node","_name":"icon_di","_parent":{"__id__":20},"_components":[{"__type__":"cc.Sprite","node":{"__id__":25},"_materials":[{"__uuid__":"ecpdLyjvZBwrvm+cedCcQy"}],"_spriteFrame":{"__uuid__":"aaHnm48C9HF721LIB8IcdE"},"_sizeMode":0}],"_prefab":{"__type__":"cc.PrefabInfo","root":{"__id__":1},"asset":{"__uuid__":"f3vDmIqYJFtIlpdJIDqFQK"},"fileId":"2bEDDsZRNFyZQmzSSWSRlQ"},"_contentSize":{"__type__":"cc.Size","width":50,"height":50},"_trs":{"__type__":"TypedArray","ctor":"Float64Array","array":[0,0,0,0,0,0,1,1,1,1]}},{"__type__":"cc.Node","_name":"name","_parent":{"__id__":20},"_children":[{"__id__":27}],"_components":[{"__type__":"cc.Sprite","node":{"__id__":26},"_materials":[{"__uuid__":"ecpdLyjvZBwrvm+cedCcQy"}],"_spriteFrame":{"__uuid__":"a90CvZZvxBV4BPQccRmk+E"},"_sizeMode":0}],"_prefab":{"__type__":"cc.PrefabInfo","root":{"__id__":1},"asset":{"__uuid__":"f3vDmIqYJFtIlpdJIDqFQK"},"fileId":"8doypXcqNDrIFdAW6J0iQw"},"_contentSize":{"__type__":"cc.Size","width":75,"height":26},"_trs":{"__type__":"TypedArray","ctor":"Float64Array","array":[0,-40,0,0,0,0,1,1,1,1]}},{"__type__":"cc.Node","_name":"lb","_parent":{"__id__":26},"_components":[{"__type__":"cc.Label","node":{"__id__":27},"_materials":[{"__uuid__":"ecpdLyjvZBwrvm+cedCcQy"}],"_useOriginalSize":false,"_string":"纯属娱乐","_N$string":"纯属娱乐","_fontSize":14,"_lineHeight":20,"_N$file":{"__uuid__":"5f5wQekV1CGpJW2meZozWn"},"_isSystemFontUsed":false,"_N$horizontalAlign":1,"_N$verticalAlign":1}],"_prefab":{"__type__":"cc.PrefabInfo","root":{"__id__":1},"asset":{"__uuid__":"f3vDmIqYJFtIlpdJIDqFQK"},"fileId":"8eMFrs9r1O14e8yvIkSDLC"},"_contentSize":{"__type__":"cc.Size","width":56,"height":25.2},"_trs":{"__type__":"TypedArray","ctor":"Float64Array","array":[0,0,0,0,0,0,1,1,1,1]}},{"__type__":"cc.Node","_name":"paishu","_parent":{"__id__":1},"_active":false,"_components":[{"__type__":"cc.Label","node":{"__id__":28},"_materials":[{"__uuid__":"ecpdLyjvZBwrvm+cedCcQy"}],"_useOriginalSize":false,"_string":"3牌房","_N$string":"3牌房","_fontSize":20,"_lineHeight":23,"_N$file":{"__uuid__":"5f5wQekV1CGpJW2meZozWn"},"_isSystemFontUsed":false,"_N$horizontalAlign":1,"_N$verticalAlign":1},{"__type__":"cc.LabelOutline","node":{"__id__":28},"_color":{"__type__":"cc.Color","r":51,"g":31,"b":34},"_width":3}],"_prefab":{"__type__":"cc.PrefabInfo","root":{"__id__":1},"asset":{"__uuid__":"f3vDmIqYJFtIlpdJIDqFQK"},"fileId":"a6A0NRd9tMSpmw0svnvd9E"},"_contentSize":{"__type__":"cc.Size","width":57.41,"height":34.980000000000004},"_position":{"__type__":"cc.Vec3","y":74.1},"_scale":{"__type__":"cc.Vec3","x":1,"y":1,"z":1},"_trs":{"__type__":"TypedArray","ctor":"Float64Array","array":[0,35.849,0,0,0,0,1,1,1,1]}},{"__type__":"cc.Node","_name":"jushu","_parent":{"__id__":1},"_components":[{"__type__":"cc.Label","node":{"__id__":29},"_materials":[{"__uuid__":"ecpdLyjvZBwrvm+cedCcQy"}],"_useOriginalSize":false,"_string":"第0/8局","_N$string":"第0/8局","_fontSize":24,"_lineHeight":23,"_N$file":{"__uuid__":"5f5wQekV1CGpJW2meZozWn"},"_isSystemFontUsed":false,"_N$horizontalAlign":1,"_N$verticalAlign":1},{"__type__":"cc.LabelOutline","node":{"__id__":29},"_color":{"__type__":"cc.Color","r":51,"g":31,"b":34},"_width":3}],"_prefab":{"__type__":"cc.PrefabInfo","root":{"__id__":1},"asset":{"__uuid__":"f3vDmIqYJFtIlpdJIDqFQK"},"fileId":"dbl8pSsmJDkYZsuVsCnuDo"},"_color":{"__type__":"cc.Color","r":255,"g":250,"b":199},"_contentSize":{"__type__":"cc.Size","width":91.13,"height":34.980000000000004},"_trs":{"__type__":"TypedArray","ctor":"Float64Array","array":[0,50.949,0,0,0,0,1,1,1,1]}},{"__type__":"cc.Node","_name":"game_name","_parent":{"__id__":1},"_components":[{"__type__":"cc.Label","node":{"__id__":30},"_materials":[{"__uuid__":"ecpdLyjvZBwrvm+cedCcQy"}],"_useOriginalSize":false,"_string":"镇江麻将","_N$string":"镇江麻将","_fontSize":20,"_lineHeight":23,"_N$file":{"__uuid__":"5f5wQekV1CGpJW2meZozWn"},"_isSystemFontUsed":false,"_N$horizontalAlign":1,"_N$verticalAlign":1},{"__type__":"cc.LabelOutline","node":{"__id__":30},"_color":{"__type__":"cc.Color","r":51,"g":31,"b":34},"_width":3}],"_prefab":{"__type__":"cc.PrefabInfo","root":{"__id__":1},"asset":{"__uuid__":"f3vDmIqYJFtIlpdJIDqFQK"},"fileId":"93lv37MZ1FDZz6BpT4L8Nk"},"_contentSize":{"__type__":"cc.Size","width":86,"height":34.980000000000004},"_trs":{"__type__":"TypedArray","ctor":"Float64Array","array":[0,83.649,0,0,0,0,1,1,1,1]}},{"__type__":"cc.Node","_name":"bg_key","_parent":{"__id__":1},"_children":[{"__id__":32}],"_components":[{"__type__":"cc.Sprite","node":{"__id__":31},"_materials":[{"__uuid__":"ecpdLyjvZBwrvm+cedCcQy"}],"_spriteFrame":{"__uuid__":"1aLT1VVMRM/KGRIWp3Uinq"},"_sizeMode":0}],"_prefab":{"__type__":"cc.PrefabInfo","root":{"__id__":1},"asset":{"__uuid__":"f3vDmIqYJFtIlpdJIDqFQK"},"fileId":"94LxlmRQBIs5FPMDZkUJFd"},"_contentSize":{"__type__":"cc.Size","width":40,"height":40},"_trs":{"__type__":"TypedArray","ctor":"Float64Array","array":[0,-40.483,0,0,0,0,1,1,1,1]}},{"__type__":"cc.Node","_name":"key","_parent":{"__id__":31},"_components":[{"__type__":"cc.Label","node":{"__id__":32},"_materials":[{"__uuid__":"ecpdLyjvZBwrvm+cedCcQy"}],"_useOriginalSize":false,"_string":"1","_N$string":"1","_fontSize":27,"_lineHeight":27,"_N$file":{"__uuid__":"5f5wQekV1CGpJW2meZozWn"},"_isSystemFontUsed":false,"_N$horizontalAlign":1,"_N$verticalAlign":1,"_N$overflow":2}],"_prefab":{"__type__":"cc.PrefabInfo","root":{"__id__":1},"asset":{"__uuid__":"f3vDmIqYJFtIlpdJIDqFQK"},"fileId":"3fh0dtK8RKkq0C8HTYQ1oN"},"_color":{"__type__":"cc.Color","r":90,"g":18,"b":18},"_contentSize":{"__type__":"cc.Size","width":35,"height":27},"_trs":{"__type__":"TypedArray","ctor":"Float64Array","array":[0,0,0,0,0,0,1,1,1,1]}},{"__type__":"cc.Node","_name":"btn_detail","_parent":{"__id__":1},"_components":[{"__type__":"cc.Sprite","node":{"__id__":33},"_materials":[{"__uuid__":"ecpdLyjvZBwrvm+cedCcQy"}],"_spriteFrame":{"__uuid__":"82G9jFlh1BEIMQeUs5OLHx"}},{"__type__":"cc.Button","node":{"__id__":33},"clickEvents":[null],"_N$transition":3,"transition":3,"_N$normalColor":{"__type__":"cc.Color","r":214,"g":214,"b":214},"_N$target":{"__id__":33}}],"_prefab":{"__type__":"cc.PrefabInfo","root":{"__id__":1},"asset":{"__uuid__":"f3vDmIqYJFtIlpdJIDqFQK"},"fileId":"4cXoGZlP9F4pMiKMgQgzWL"},"_contentSize":{"__type__":"cc.Size","width":66,"height":36},"_trs":{"__type__":"TypedArray","ctor":"Float64Array","array":[0,-85,0,0,0,0,1,1,1,1]}},{"__type__":"cc.Node","_name":"wanfa","_parent":{"__id__":1},"_children":[{"__id__":35}],"_active":false,"_components":[{"__type__":"cc.Sprite","node":{"__id__":34},"_spriteFrame":{"__uuid__":"3dMNeNCj9NKYp7R2Evm8UV"}}],"_prefab":{"__type__":"cc.PrefabInfo","root":{"__id__":1},"asset":{"__uuid__":"f3vDmIqYJFtIlpdJIDqFQK"},"fileId":"6fuVvi/jRPZqljhaajTsbZ"},"_contentSize":{"__type__":"cc.Size","width":222,"height":176},"_trs":{"__type__":"TypedArray","ctor":"Float64Array","array":[-34.8,18.6,0,0,0,0,1,1,1,1]}},{"__type__":"cc.Node","_name":"lb_wanfa","_parent":{"__id__":34},"_components":[{"__type__":"cc.Label","node":{"__id__":35},"_useOriginalSize":false,"_string":"玩法","_N$string":"玩法","_fontSize":20,"_lineHeight":30,"_N$file":{"__uuid__":"5f5wQekV1CGpJW2meZozWn"},"_isSystemFontUsed":false,"_N$overflow":3}],"_prefab":{"__type__":"cc.PrefabInfo","root":{"__id__":1},"asset":{"__uuid__":"f3vDmIqYJFtIlpdJIDqFQK"},"fileId":"e60llEAbhFOY82FwY2wHnX"},"_color":{"__type__":"cc.Color","r":92,"g":17,"b":17},"_contentSize":{"__type__":"cc.Size","width":195,"height":30},"_anchorPoint":{"__type__":"cc.Vec2","x":0.5,"y":1},"_trs":{"__type__":"TypedArray","ctor":"Float64Array","array":[-1.6,69.6,0,0,0,0,1,1,1,1]}},{"__type__":"cc.Node","_name":"lb_roomName","_parent":{"__id__":1},"_components":[{"__type__":"cc.Label","node":{"__id__":36},"_materials":[{"__uuid__":"ecpdLyjvZBwrvm+cedCcQy"}],"_useOriginalSize":false,"_string":"镇江麻将","_N$string":"镇江麻将","_fontSize":26,"_lineHeight":30,"_N$file":{"__uuid__":"5f5wQekV1CGpJW2meZozWn"},"_isSystemFontUsed":false,"_N$horizontalAlign":1,"_N$verticalAlign":1},{"__type__":"cc.LabelOutline","node":{"__id__":36},"_color":{"__type__":"cc.Color","r":45,"g":19,"b":14},"_width":2}],"_prefab":{"__type__":"cc.PrefabInfo","root":{"__id__":1},"asset":{"__uuid__":"f3vDmIqYJFtIlpdJIDqFQK"},"fileId":"70Fmf+fppEXrgLhcAVDWPh"},"_color":{"__type__":"cc.Color","r":255,"g":250,"b":199},"_contentSize":{"__type__":"cc.Size","width":108,"height":41.8},"_trs":{"__type__":"TypedArray","ctor":"Float64Array","array":[0,16.753999999999998,0,0,0,0,1,1,1,1]}},{"__type__":"cc.Node","_name":"tip_lock","_parent":{"__id__":1},"_active":false,"_components":[{"__type__":"cc.Sprite","node":{"__id__":37},"_materials":[{"__uuid__":"ecpdLyjvZBwrvm+cedCcQy"}],"_spriteFrame":{"__uuid__":"d05/X4TsVBvYSFFDT2kLYG"}}],"_prefab":{"__type__":"cc.PrefabInfo","root":{"__id__":1},"asset":{"__uuid__":"f3vDmIqYJFtIlpdJIDqFQK"},"fileId":"fdksTMQ1NEJ4ZaHTitDcXI"},"_contentSize":{"__type__":"cc.Size","width":33,"height":39},"_trs":{"__type__":"TypedArray","ctor":"Float64Array","array":[-51.32,-83.32,0,0,0,0,1,1,1,1]}},{"__type__":"cc.Node","_name":"img_sp","_parent":{"__id__":1},"_children":[{"__id__":39},{"__id__":40}],"_active":false,"_components":[{"__type__":"cc.Sprite","node":{"__id__":38},"_materials":[{"__uuid__":"ecpdLyjvZBwrvm+cedCcQy"}],"_spriteFrame":{"__uuid__":"31GEQk6vBMWYLh58IVlk9U"}}],"_prefab":{"__type__":"cc.PrefabInfo","root":{"__id__":1},"asset":{"__uuid__":"f3vDmIqYJFtIlpdJIDqFQK"},"fileId":"0cI6BvW4RLi5zyf0Wk7fVU"},"_contentSize":{"__type__":"cc.Size","width":67,"height":26},"_trs":{"__type__":"TypedArray","ctor":"Float64Array","array":[0,81.296,0,0,0,0,1,1,1,1]}},{"__type__":"cc.Node","_name":"img_sai","_parent":{"__id__":38},"_components":[{"__type__":"cc.Sprite","node":{"__id__":39},"_materials":[{"__uuid__":"ecpdLyjvZBwrvm+cedCcQy"}],"_spriteFrame":{"__uuid__":"65FWF0AJtPxryGewnPzbtB"}}],"_prefab":{"__type__":"cc.PrefabInfo","root":{"__id__":1},"asset":{"__uuid__":"f3vDmIqYJFtIlpdJIDqFQK"},"fileId":"b1xNxYmVxPr4R4npYKnlDa"},"_contentSize":{"__type__":"cc.Size","width":17,"height":22},"_trs":{"__type__":"TypedArray","ctor":"Float64Array","array":[-20.271,0,0,0,0,0,1,1,1,1]}},{"__type__":"cc.Node","_name":"lb_spStart","_parent":{"__id__":38},"_components":[{"__type__":"cc.Label","node":{"__id__":40},"_materials":[{"__uuid__":"ecpdLyjvZBwrvm+cedCcQy"}],"_useOriginalSize":false,"_string":"100","_N$string":"100","_fontSize":20,"_lineHeight":22,"_N$file":{"__uuid__":"5f5wQekV1CGpJW2meZozWn"},"_isSystemFontUsed":false,"_N$verticalAlign":1},{"__type__":"cc.LabelOutline","node":{"__id__":40},"_color":{"__type__":"cc.Color"}}],"_prefab":{"__type__":"cc.PrefabInfo","root":{"__id__":1},"asset":{"__uuid__":"f3vDmIqYJFtIlpdJIDqFQK"},"fileId":"40KDUYySNCCavCqj3O/Gvj"},"_contentSize":{"__type__":"cc.Size","width":32.16,"height":29.72},"_anchorPoint":{"__type__":"cc.Vec2","y":0.5},"_trs":{"__type__":"TypedArray","ctor":"Float64Array","array":[-6.634,0,0,0,0,0,1,1,1,1]}}]]