[{"__type__":"cc.SpriteFrame","content":{"name":"default_btn_disabled","texture":"71VhFCTINJM6/Ky3oX9nBT","rect":[0,0,40,40],"offset":[0,0],"originalSize":[40,40],"capInsets":[12,12,12,12]}},{"__type__":"cc.SpriteFrame","content":{"name":"default_btn_pressed","texture":"b4P/PCArtIdIH38t6mlw8Y","rect":[0,0,40,40],"offset":[0,0],"originalSize":[40,40],"capInsets":[12,12,12,12]}},{"__type__":"cc.SpriteFrame","content":{"name":"default_btn_normal","texture":"e8Ueib+qJEhL6mXAHdnwbi","rect":[0,0,40,40],"offset":[0,0],"originalSize":[40,40],"capInsets":[12,12,12,12]}},{"__type__":"cc.SpriteFrame","content":{"name":"slice_bg_jiesan","texture":"fjssza9b-9648-4c99-a6e3-4ef0589746fa","rect":[0,0,23,23],"offset":[0,0],"originalSize":[23,23],"capInsets":[8,8,8,8]}},{"__type__":"cc.SpriteFrame","content":{"name":"bg_popup","texture":"fjssz784-03b2-4322-bb22-45fdb67dd4e8","rect":[0,0,29,33],"offset":[0,0],"originalSize":[29,33],"capInsets":[10,10,11,15]}},{"__type__":"cc.SpriteFrame","content":{"name":"bg_title","texture":"fjssz297-3712-402e-a8df-7a77a1f3a904","rect":[0,1,511,82],"offset":[-0.5,0],"originalSize":[512,84],"capInsets":[0,0,0,0]}},{"__type__":"cc.SpriteFrame","content":{"name":"btn_yellow1","texture":"fjssz4be-3812-4f4d-9290-4dc3c1d02ef6","rect":[0,0,243,77],"offset":[-0.5,0.5],"originalSize":[244,78],"capInsets":[0,0,0,0]}},{"__type__":"cc.SpriteFrame","content":{"name":"title_dissolve","texture":"fjssze80-2a4a-4727-bcdf-b601d5bf6c1d","rect":[0,0,212,54],"offset":[0,0],"originalSize":[212,54],"capInsets":[0,0,0,0]}},{"__type__":"cc.SpriteFrame","content":{"name":"icon_refuse","texture":"fjssz20a-ad5c-403c-b97f-61fde50172ef","rect":[1,0,78,36],"offset":[0,0],"originalSize":[80,36],"capInsets":[0,0,0,0]}},{"__type__":"cc.SpriteFrame","content":{"name":"bg_box2","texture":"fjsszc4d-4726-47af-a153-92ba9850277b","rect":[3,2,812,404],"offset":[0,0],"originalSize":[818,408],"capInsets":[0,0,0,0]}},{"__type__":"cc.SpriteFrame","content":{"name":"btn_green","texture":"fjssz2a5-b941-45ab-b6d3-c719e4a35d51","rect":[0,0,243,77],"offset":[-0.5,0.5],"originalSize":[244,78],"capInsets":[0,0,0,0]}},{"__type__":"cc.SpriteFrame","content":{"name":"icon_consent","texture":"fjssza2b-30ce-4ee0-b425-7df05ac7a8e7","rect":[0,0,79,36],"offset":[-0.5,0],"originalSize":[80,36],"capInsets":[0,0,0,0]}},{"__type__":"cc.SpriteFrame","content":{"name":"bg","texture":"fjssz036-8a0c-4d92-8561-c45e53fa19cc","rect":[0,0,21,63],"offset":[0,0],"originalSize":[21,63],"capInsets":[0,0,0,0]}},[{"__type__":"cc.Prefab","_name":"fjssz_UIMessage02","data":{"__id__":1}},{"__type__":"cc.Node","_name":"fjssz_UIMessage02","_children":[{"__id__":2},{"__id__":12},{"__id__":14},{"__id__":16}],"_components":[{"__type__":"cc.Widget","node":{"__id__":1},"alignMode":0,"_alignFlags":45,"_originalWidth":750,"_originalHeight":1360},{"__type__":"cc.Button","node":{"__id__":1},"_N$normalColor":{"__type__":"cc.Color","r":214,"g":214,"b":214},"_N$target":{"__id__":1}},{"__type__":"cc.Sprite","node":{"__id__":1},"_spriteFrame":{"__uuid__":"fjsszd1f-3e0b-4b1d-ae52-c52ad188bba9"},"_sizeMode":0},{"__type__":"fjssz63c-e08d-4ed3-9535-71272bb36956","node":{"__id__":1},"JS_Name":"sss_BaseComponent","ZorderLv":8}],"_prefab":{"__type__":"cc.PrefabInfo","root":{"__id__":1},"asset":{"__uuid__":"fjsszfc1-6b85-4ec5-bd21-327f88632385"},"fileId":"0061ckO0/9Gh6bTRHZ3+dz6"},"_contentSize":{"__type__":"cc.Size","width":1360,"height":760},"_trs":{"__type__":"TypedArray","ctor":"Float64Array","array":[680,380,0,0,0,0,1,1,1,1]}},{"__type__":"cc.Node","_name":"image01","_parent":{"__id__":1},"_children":[{"__id__":3},{"__id__":4},{"__id__":5},{"__id__":7},{"__id__":9}],"_components":[{"__type__":"cc.Sprite","node":{"__id__":2},"_spriteFrame":{"__uuid__":"fjssz74b-fe70-4320-bb96-a5a0a43c5109"},"_type":1,"_sizeMode":0}],"_prefab":{"__type__":"cc.PrefabInfo","root":{"__id__":1},"asset":{"__uuid__":"fjsszfc1-6b85-4ec5-bd21-327f88632385"},"fileId":"fcce3jQXElLJJpBrpUUgXnv"},"_contentSize":{"__type__":"cc.Size","width":818,"height":450},"_anchorPoint":{"__type__":"cc.Vec2","x":0.5,"y":1},"_trs":{"__type__":"TypedArray","ctor":"Float64Array","array":[0,210,0,0,0,0,1,1,1,1]}},{"__type__":"cc.Node","_name":"bg_popup","_parent":{"__id__":2},"_components":[{"__type__":"cc.Sprite","node":{"__id__":3},"_spriteFrame":{"__uuid__":"fjssz255-4fda-47a1-b94c-a0a4e35774ef"},"_type":1,"_sizeMode":0,"_isTrimmedMode":false}],"_prefab":{"__type__":"cc.PrefabInfo","root":{"__id__":1},"asset":{"__uuid__":"fjsszfc1-6b85-4ec5-bd21-327f88632385"},"fileId":"9ef00SxgzVLd4Qyz/zIGGhY"},"_contentSize":{"__type__":"cc.Size","width":790,"height":420},"_trs":{"__type__":"TypedArray","ctor":"Float64Array","array":[0,-222,0,0,0,0,1,1,1,1]}},{"__type__":"cc.Node","_name":"slice_bg_jiesan","_parent":{"__id__":2},"_components":[{"__type__":"cc.Sprite","node":{"__id__":4},"_spriteFrame":{"__uuid__":"fjssz0db-3a0f-491d-9ee6-d319187f5e79"},"_type":1,"_sizeMode":0,"_isTrimmedMode":false}],"_prefab":{"__type__":"cc.PrefabInfo","root":{"__id__":1},"asset":{"__uuid__":"fjsszfc1-6b85-4ec5-bd21-327f88632385"},"fileId":"68e62C1orZEiZoywY6qh4sV"},"_contentSize":{"__type__":"cc.Size","width":742,"height":245},"_anchorPoint":{"__type__":"cc.Vec2","x":0.5,"y":1},"_trs":{"__type__":"TypedArray","ctor":"Float64Array","array":[0,-85,0,0,0,0,1,1,1,1]}},{"__type__":"cc.Node","_name":"biaotizhuangshi","_parent":{"__id__":2},"_children":[{"__id__":6}],"_components":[{"__type__":"cc.Sprite","node":{"__id__":5},"_spriteFrame":{"__uuid__":"fjssz32e-1092-44fa-af21-c99a86fe6147"}}],"_prefab":{"__type__":"cc.PrefabInfo","root":{"__id__":1},"asset":{"__uuid__":"fjsszfc1-6b85-4ec5-bd21-327f88632385"},"fileId":"3fd4fdG6PJIJ4KI+OZ4CWMp"},"_contentSize":{"__type__":"cc.Size","width":511,"height":82},"_trs":{"__type__":"TypedArray","ctor":"Float64Array","array":[0,38,0,0,0,0,1,1,1,1]}},{"__type__":"cc.Node","_name":"zi","_parent":{"__id__":5},"_components":[{"__type__":"cc.Sprite","node":{"__id__":6},"_spriteFrame":{"__uuid__":"fjssz673-9f1a-44cf-a962-cf8314c35c8e"}}],"_prefab":{"__type__":"cc.PrefabInfo","root":{"__id__":1},"asset":{"__uuid__":"fjsszfc1-6b85-4ec5-bd21-327f88632385"},"fileId":"5eb5aZaPpdKd7LPs49XVgLW"},"_contentSize":{"__type__":"cc.Size","width":212,"height":54},"_trs":{"__type__":"TypedArray","ctor":"Float64Array","array":[0,-5,0,0,0,0,1,1,1,1]}},{"__type__":"cc.Node","_name":"LabelMessage","_parent":{"__id__":2},"_children":[{"__id__":8}],"_components":[{"__type__":"cc.Label","node":{"__id__":7},"_useOriginalSize":false,"_string":"玩家昵称七个字发起解散放假房间请求，请等待其他玩家同意！","_N$string":"玩家昵称七个字发起解散放假房间请求，请等待其他玩家同意！","_fontSize":22,"_lineHeight":36,"_N$horizontalAlign":1,"_N$verticalAlign":1,"_N$overflow":3}],"_prefab":{"__type__":"cc.PrefabInfo","root":{"__id__":1},"asset":{"__uuid__":"fjsszfc1-6b85-4ec5-bd21-327f88632385"},"fileId":"c9d5aw5JVRONKlzffHndrPq"},"_color":{"__type__":"cc.Color","r":127,"g":50,"b":10},"_contentSize":{"__type__":"cc.Size","width":704,"height":36},"_trs":{"__type__":"TypedArray","ctor":"Float64Array","array":[0,-35,0,0,0,0,1,1,1,1]}},{"__type__":"cc.Node","_name":"lb_name","_parent":{"__id__":7},"_active":false,"_components":[{"__type__":"cc.Label","node":{"__id__":8},"_useOriginalSize":false,"_string":"玩家昵称七个字","_N$string":"玩家昵称七个字","_fontSize":22,"_lineHeight":36,"_isSystemFontUsed":false}],"_prefab":{"__type__":"cc.PrefabInfo","root":{"__id__":1},"asset":{"__uuid__":"fjsszfc1-6b85-4ec5-bd21-327f88632385"},"fileId":"0d02f2BeyVJoYogFYqS5O6h"},"_color":{"__type__":"cc.Color","r":10,"g":127,"b":18},"_contentSize":{"__type__":"cc.Size","width":154,"height":36},"_trs":{"__type__":"TypedArray","ctor":"Float64Array","array":[-230,-5,0,0,0,0,1,1,1,1]}},{"__type__":"cc.Node","_name":"TimeMessage","_parent":{"__id__":2},"_children":[{"__id__":10},{"__id__":11}],"_components":[{"__type__":"cc.Label","node":{"__id__":9},"_useOriginalSize":false,"_string":"剩余选择默认同意时间：       S","_N$string":"剩余选择默认同意时间：       S","_fontSize":26,"_lineHeight":36,"_N$horizontalAlign":1,"_N$verticalAlign":1,"_N$overflow":3}],"_prefab":{"__type__":"cc.PrefabInfo","root":{"__id__":1},"asset":{"__uuid__":"fjsszfc1-6b85-4ec5-bd21-327f88632385"},"fileId":"6d5beUukL9BkZ5/F8Ht6gim"},"_color":{"__type__":"cc.Color","r":127,"g":50,"b":10},"_contentSize":{"__type__":"cc.Size","width":450,"height":36},"_trs":{"__type__":"TypedArray","ctor":"Float64Array","array":[0,-67,0,0,0,0,1,1,1,1]}},{"__type__":"cc.Node","_name":"lb_time","_parent":{"__id__":9},"_components":[{"__type__":"cc.Label","node":{"__id__":10},"_useOriginalSize":false,"_string":"180","_N$string":"180","_fontSize":36,"_lineHeight":50,"_N$horizontalAlign":1,"_N$verticalAlign":1,"_N$overflow":3}],"_prefab":{"__type__":"cc.PrefabInfo","root":{"__id__":1},"asset":{"__uuid__":"fjsszfc1-6b85-4ec5-bd21-327f88632385"},"fileId":"75151qs0nFEl5wnWUk3u8I2"},"_color":{"__type__":"cc.Color","r":10,"g":127,"b":18},"_contentSize":{"__type__":"cc.Size","width":80,"height":50},"_trs":{"__type__":"TypedArray","ctor":"Float64Array","array":[124,0,0,0,0,0,1,1,1,1]}},{"__type__":"cc.Node","_name":"lb_s","_parent":{"__id__":9},"_active":false,"_components":[{"__type__":"cc.Label","node":{"__id__":11},"_useOriginalSize":false,"_string":"S","_N$string":"S","_fontSize":30,"_lineHeight":30,"_isSystemFontUsed":false}],"_prefab":{"__type__":"cc.PrefabInfo","root":{"__id__":1},"asset":{"__uuid__":"fjsszfc1-6b85-4ec5-bd21-327f88632385"},"fileId":"b2e90Wg0rNDsIHvHs4wH5zg"},"_color":{"__type__":"cc.Color","r":10,"g":127,"b":18},"_contentSize":{"__type__":"cc.Size","width":16.68,"height":30},"_trs":{"__type__":"TypedArray","ctor":"Float64Array","array":[162,2,0,0,0,0,1,1,1,1]}},{"__type__":"cc.Node","_name":"btnCancel","_parent":{"__id__":1},"_children":[{"__id__":13}],"_components":[{"__type__":"cc.Sprite","node":{"__id__":12},"_spriteFrame":{"__uuid__":"fjssz77b-df5e-4eed-8319-bbf3e5c2b870"},"_type":1,"_sizeMode":2},{"__type__":"cc.Button","node":{"__id__":12},"zoomScale":0.95,"clickEvents":[{"__type__":"cc.ClickEvent","target":{"__id__":1},"_componentId":"fjssz63c-e08d-4ed3-9535-71272bb36956","handler":"OnClick_BtnWnd"}],"_N$enableAutoGrayEffect":true,"_N$transition":3,"transition":3,"_N$pressedColor":{"__type__":"cc.Color","r":255,"g":255,"b":255},"pressedColor":{"__type__":"cc.Color","r":255,"g":255,"b":255},"_N$disabledColor":{"__type__":"cc.Color","r":255,"g":255,"b":255},"_N$normalSprite":{"__uuid__":"f0BIwQ8D5Ml7nTNQbh1YlS"},"_N$pressedSprite":{"__uuid__":"e97GVMl6JHh5Ml5qEDdSGa"},"pressedSprite":{"__uuid__":"e97GVMl6JHh5Ml5qEDdSGa"},"_N$hoverSprite":{"__uuid__":"e97GVMl6JHh5Ml5qEDdSGa"},"hoverSprite":{"__uuid__":"e97GVMl6JHh5Ml5qEDdSGa"},"_N$disabledSprite":{"__uuid__":"29FYIk+N1GYaeWH/q1NxQO"},"_N$target":{"__id__":12}}],"_prefab":{"__type__":"cc.PrefabInfo","root":{"__id__":1},"asset":{"__uuid__":"fjsszfc1-6b85-4ec5-bd21-327f88632385"},"fileId":"20b28fuiW5PmI1i4/T150MO"},"_contentSize":{"__type__":"cc.Size","width":244,"height":78},"_trs":{"__type__":"TypedArray","ctor":"Float64Array","array":[-160,-175,0,0,0,0,1,1,1,1]}},{"__type__":"cc.Node","_name":"lable","_parent":{"__id__":12},"_components":[{"__type__":"cc.Label","node":{"__id__":13},"_useOriginalSize":false,"_string":"拒 绝","_N$string":"拒 绝","_fontSize":46,"_lineHeight":56,"_N$horizontalAlign":1,"_N$verticalAlign":1}],"_prefab":{"__type__":"cc.PrefabInfo","root":{"__id__":1},"asset":{"__uuid__":"fjsszfc1-6b85-4ec5-bd21-327f88632385"},"fileId":"ea034SVyVBLObbfS81/aQUL"},"_color":{"__type__":"cc.Color","r":82,"g":107},"_contentSize":{"__type__":"cc.Size","width":104.78,"height":56},"_trs":{"__type__":"TypedArray","ctor":"Float64Array","array":[0,4,0,0,0,0,1,1,1,1]}},{"__type__":"cc.Node","_name":"btnSure","_parent":{"__id__":1},"_children":[{"__id__":15}],"_components":[{"__type__":"cc.Sprite","node":{"__id__":14},"_spriteFrame":{"__uuid__":"fjssz370-7347-4f35-8f29-be6e912baff3"},"_type":1,"_sizeMode":0},{"__type__":"cc.Button","node":{"__id__":14},"zoomScale":0.95,"clickEvents":[{"__type__":"cc.ClickEvent","target":{"__id__":1},"_componentId":"fjssz63c-e08d-4ed3-9535-71272bb36956","handler":"OnClick_BtnWnd"}],"_N$enableAutoGrayEffect":true,"_N$transition":3,"transition":3,"_N$pressedColor":{"__type__":"cc.Color","r":255,"g":255,"b":255},"pressedColor":{"__type__":"cc.Color","r":255,"g":255,"b":255},"_N$disabledColor":{"__type__":"cc.Color","r":255,"g":255,"b":255},"_N$normalSprite":{"__uuid__":"f0BIwQ8D5Ml7nTNQbh1YlS"},"_N$pressedSprite":{"__uuid__":"e97GVMl6JHh5Ml5qEDdSGa"},"pressedSprite":{"__uuid__":"e97GVMl6JHh5Ml5qEDdSGa"},"_N$hoverSprite":{"__uuid__":"e97GVMl6JHh5Ml5qEDdSGa"},"hoverSprite":{"__uuid__":"e97GVMl6JHh5Ml5qEDdSGa"},"_N$disabledSprite":{"__uuid__":"29FYIk+N1GYaeWH/q1NxQO"},"_N$target":{"__id__":14}}],"_prefab":{"__type__":"cc.PrefabInfo","root":{"__id__":1},"asset":{"__uuid__":"fjsszfc1-6b85-4ec5-bd21-327f88632385"},"fileId":"a7a12xJacRDh6y+017Via4w"},"_contentSize":{"__type__":"cc.Size","width":246,"height":82},"_trs":{"__type__":"TypedArray","ctor":"Float64Array","array":[160,-175,0,0,0,0,1,1,1,1]}},{"__type__":"cc.Node","_name":"lable","_parent":{"__id__":14},"_components":[{"__type__":"cc.Label","node":{"__id__":15},"_useOriginalSize":false,"_string":"同  意","_N$string":"同  意","_fontSize":46,"_lineHeight":56,"_N$horizontalAlign":1,"_N$verticalAlign":1}],"_prefab":{"__type__":"cc.PrefabInfo","root":{"__id__":1},"asset":{"__uuid__":"fjsszfc1-6b85-4ec5-bd21-327f88632385"},"fileId":"bba83nERDNKP51kItozYeC6"},"_color":{"__type__":"cc.Color","r":135,"g":84,"b":34},"_contentSize":{"__type__":"cc.Size","width":117.56,"height":56},"_trs":{"__type__":"TypedArray","ctor":"Float64Array","array":[0,4,0,0,0,0,1,1,1,1]}},{"__type__":"cc.Node","_name":"playerNode","_parent":{"__id__":1},"_children":[{"__id__":17},{"__id__":21},{"__id__":25},{"__id__":29},{"__id__":33},{"__id__":37},{"__id__":41},{"__id__":45},{"__id__":49},{"__id__":53}],"_prefab":{"__type__":"cc.PrefabInfo","root":{"__id__":1},"asset":{"__uuid__":"fjsszfc1-6b85-4ec5-bd21-327f88632385"},"fileId":"507b9g82uxPYIBD/sqNQ1Po"},"_trs":{"__type__":"TypedArray","ctor":"Float64Array","array":[0,0,0,0,0,0,1,1,1,1]}},{"__type__":"cc.Node","_name":"item0","_parent":{"__id__":16},"_children":[{"__id__":18},{"__id__":19},{"__id__":20}],"_prefab":{"__type__":"cc.PrefabInfo","root":{"__id__":1},"asset":{"__uuid__":"fjsszfc1-6b85-4ec5-bd21-327f88632385"},"fileId":"5d15bWJl/tE561npjJov6VQ"},"_trs":{"__type__":"TypedArray","ctor":"Float64Array","array":[-255,97,0,0,0,0,1,1,1,1]}},{"__type__":"cc.Node","_name":"name","_parent":{"__id__":17},"_components":[{"__type__":"cc.Label","node":{"__id__":18},"_useOriginalSize":false,"_string":"玩家称号七个字","_N$string":"玩家称号七个字","_fontSize":24,"_enableWrapText":false,"_N$horizontalAlign":1,"_N$verticalAlign":1,"_N$overflow":1}],"_prefab":{"__type__":"cc.PrefabInfo","root":{"__id__":1},"asset":{"__uuid__":"fjsszfc1-6b85-4ec5-bd21-327f88632385"},"fileId":"e05demHKTRAroUyVShJKfc8"},"_color":{"__type__":"cc.Color","r":122,"g":80,"b":58},"_contentSize":{"__type__":"cc.Size","width":168,"height":40},"_trs":{"__type__":"TypedArray","ctor":"Float64Array","array":[0,0,0,0,0,0,1,1,1,1]}},{"__type__":"cc.Node","_name":"icon_tongyi","_parent":{"__id__":17},"_active":false,"_components":[{"__type__":"cc.Sprite","node":{"__id__":19},"_spriteFrame":{"__uuid__":"fjssz8ff-c9d9-4880-8b04-32d3d36e0d05"}}],"_prefab":{"__type__":"cc.PrefabInfo","root":{"__id__":1},"asset":{"__uuid__":"fjsszfc1-6b85-4ec5-bd21-327f88632385"},"fileId":"25031H4E0xP45QDGUAIabVB"},"_contentSize":{"__type__":"cc.Size","width":79,"height":36},"_trs":{"__type__":"TypedArray","ctor":"Float64Array","array":[150,0,0,0,0,0,1,1,1,1]}},{"__type__":"cc.Node","_name":"icon_jujue","_parent":{"__id__":17},"_active":false,"_components":[{"__type__":"cc.Sprite","node":{"__id__":20},"_spriteFrame":{"__uuid__":"fjssz726-55f8-4771-b4b8-96eb5920a3e3"}}],"_prefab":{"__type__":"cc.PrefabInfo","root":{"__id__":1},"asset":{"__uuid__":"fjsszfc1-6b85-4ec5-bd21-327f88632385"},"fileId":"086453/+9ZBR5PPmOp8J7DS"},"_contentSize":{"__type__":"cc.Size","width":78,"height":36},"_trs":{"__type__":"TypedArray","ctor":"Float64Array","array":[150,0,0,0,0,0,1,1,1,1]}},{"__type__":"cc.Node","_name":"item1","_parent":{"__id__":16},"_children":[{"__id__":22},{"__id__":23},{"__id__":24}],"_prefab":{"__type__":"cc.PrefabInfo","root":{"__id__":1},"asset":{"__uuid__":"fjsszfc1-6b85-4ec5-bd21-327f88632385"},"fileId":"1618abBvYdOmpKaV0v+/yYp"},"_trs":{"__type__":"TypedArray","ctor":"Float64Array","array":[150,97,0,0,0,0,1,1,1,1]}},{"__type__":"cc.Node","_name":"name","_parent":{"__id__":21},"_components":[{"__type__":"cc.Label","node":{"__id__":22},"_useOriginalSize":false,"_string":"玩家称号七个字","_N$string":"玩家称号七个字","_fontSize":24,"_enableWrapText":false,"_N$horizontalAlign":1,"_N$verticalAlign":1,"_N$overflow":1}],"_prefab":{"__type__":"cc.PrefabInfo","root":{"__id__":1},"asset":{"__uuid__":"fjsszfc1-6b85-4ec5-bd21-327f88632385"},"fileId":"d8db91MKYlNjobCZlQ9ypvh"},"_color":{"__type__":"cc.Color","r":122,"g":80,"b":58},"_contentSize":{"__type__":"cc.Size","width":168,"height":40},"_trs":{"__type__":"TypedArray","ctor":"Float64Array","array":[0,0,0,0,0,0,1,1,1,1]}},{"__type__":"cc.Node","_name":"icon_tongyi","_parent":{"__id__":21},"_active":false,"_components":[{"__type__":"cc.Sprite","node":{"__id__":23},"_spriteFrame":{"__uuid__":"fjssz8ff-c9d9-4880-8b04-32d3d36e0d05"}}],"_prefab":{"__type__":"cc.PrefabInfo","root":{"__id__":1},"asset":{"__uuid__":"fjsszfc1-6b85-4ec5-bd21-327f88632385"},"fileId":"c5dd7pU6CNOo456vYPYSp6Z"},"_contentSize":{"__type__":"cc.Size","width":79,"height":36},"_trs":{"__type__":"TypedArray","ctor":"Float64Array","array":[150,0,0,0,0,0,1,1,1,1]}},{"__type__":"cc.Node","_name":"icon_jujue","_parent":{"__id__":21},"_active":false,"_components":[{"__type__":"cc.Sprite","node":{"__id__":24},"_spriteFrame":{"__uuid__":"fjssz726-55f8-4771-b4b8-96eb5920a3e3"}}],"_prefab":{"__type__":"cc.PrefabInfo","root":{"__id__":1},"asset":{"__uuid__":"fjsszfc1-6b85-4ec5-bd21-327f88632385"},"fileId":"c721dFUJrdNtqLNULLkQPeo"},"_contentSize":{"__type__":"cc.Size","width":78,"height":36},"_trs":{"__type__":"TypedArray","ctor":"Float64Array","array":[150,0,0,0,0,0,1,1,1,1]}},{"__type__":"cc.Node","_name":"item2","_parent":{"__id__":16},"_children":[{"__id__":26},{"__id__":27},{"__id__":28}],"_prefab":{"__type__":"cc.PrefabInfo","root":{"__id__":1},"asset":{"__uuid__":"fjsszfc1-6b85-4ec5-bd21-327f88632385"},"fileId":"1329eBSDM1N16nZ6p/h7FvT"},"_trs":{"__type__":"TypedArray","ctor":"Float64Array","array":[-255,49,0,0,0,0,1,1,1,1]}},{"__type__":"cc.Node","_name":"name","_parent":{"__id__":25},"_components":[{"__type__":"cc.Label","node":{"__id__":26},"_useOriginalSize":false,"_string":"玩家称号七个字","_N$string":"玩家称号七个字","_fontSize":24,"_enableWrapText":false,"_N$horizontalAlign":1,"_N$verticalAlign":1,"_N$overflow":1}],"_prefab":{"__type__":"cc.PrefabInfo","root":{"__id__":1},"asset":{"__uuid__":"fjsszfc1-6b85-4ec5-bd21-327f88632385"},"fileId":"81079bnm7NO3J/Y0KWkU/V1"},"_color":{"__type__":"cc.Color","r":122,"g":80,"b":58},"_contentSize":{"__type__":"cc.Size","width":168,"height":40},"_trs":{"__type__":"TypedArray","ctor":"Float64Array","array":[0,0,0,0,0,0,1,1,1,1]}},{"__type__":"cc.Node","_name":"icon_tongyi","_parent":{"__id__":25},"_active":false,"_components":[{"__type__":"cc.Sprite","node":{"__id__":27},"_spriteFrame":{"__uuid__":"fjssz8ff-c9d9-4880-8b04-32d3d36e0d05"}}],"_prefab":{"__type__":"cc.PrefabInfo","root":{"__id__":1},"asset":{"__uuid__":"fjsszfc1-6b85-4ec5-bd21-327f88632385"},"fileId":"9b5128zgyVMLYsX7Mt4BTS/"},"_contentSize":{"__type__":"cc.Size","width":79,"height":36},"_trs":{"__type__":"TypedArray","ctor":"Float64Array","array":[150,0,0,0,0,0,1,1,1,1]}},{"__type__":"cc.Node","_name":"icon_jujue","_parent":{"__id__":25},"_active":false,"_components":[{"__type__":"cc.Sprite","node":{"__id__":28},"_spriteFrame":{"__uuid__":"fjssz726-55f8-4771-b4b8-96eb5920a3e3"}}],"_prefab":{"__type__":"cc.PrefabInfo","root":{"__id__":1},"asset":{"__uuid__":"fjsszfc1-6b85-4ec5-bd21-327f88632385"},"fileId":"c6a379dbnJL2JKk9SKLq80b"},"_contentSize":{"__type__":"cc.Size","width":78,"height":36},"_trs":{"__type__":"TypedArray","ctor":"Float64Array","array":[150,0,0,0,0,0,1,1,1,1]}},{"__type__":"cc.Node","_name":"item3","_parent":{"__id__":16},"_children":[{"__id__":30},{"__id__":31},{"__id__":32}],"_prefab":{"__type__":"cc.PrefabInfo","root":{"__id__":1},"asset":{"__uuid__":"fjsszfc1-6b85-4ec5-bd21-327f88632385"},"fileId":"6348dxi7kNBJL2pOdRRC0kc"},"_trs":{"__type__":"TypedArray","ctor":"Float64Array","array":[150,49,0,0,0,0,1,1,1,1]}},{"__type__":"cc.Node","_name":"name","_parent":{"__id__":29},"_components":[{"__type__":"cc.Label","node":{"__id__":30},"_useOriginalSize":false,"_string":"玩家称号七个字","_N$string":"玩家称号七个字","_fontSize":24,"_enableWrapText":false,"_N$horizontalAlign":1,"_N$verticalAlign":1,"_N$overflow":1}],"_prefab":{"__type__":"cc.PrefabInfo","root":{"__id__":1},"asset":{"__uuid__":"fjsszfc1-6b85-4ec5-bd21-327f88632385"},"fileId":"32d6ehTToRNHrSAt6UggisC"},"_color":{"__type__":"cc.Color","r":122,"g":80,"b":58},"_contentSize":{"__type__":"cc.Size","width":168,"height":40},"_trs":{"__type__":"TypedArray","ctor":"Float64Array","array":[0,0,0,0,0,0,1,1,1,1]}},{"__type__":"cc.Node","_name":"icon_tongyi","_parent":{"__id__":29},"_active":false,"_components":[{"__type__":"cc.Sprite","node":{"__id__":31},"_spriteFrame":{"__uuid__":"fjssz8ff-c9d9-4880-8b04-32d3d36e0d05"}}],"_prefab":{"__type__":"cc.PrefabInfo","root":{"__id__":1},"asset":{"__uuid__":"fjsszfc1-6b85-4ec5-bd21-327f88632385"},"fileId":"847acW26IVGRaRBnJAl4PZX"},"_contentSize":{"__type__":"cc.Size","width":79,"height":36},"_trs":{"__type__":"TypedArray","ctor":"Float64Array","array":[150,0,0,0,0,0,1,1,1,1]}},{"__type__":"cc.Node","_name":"icon_jujue","_parent":{"__id__":29},"_active":false,"_components":[{"__type__":"cc.Sprite","node":{"__id__":32},"_spriteFrame":{"__uuid__":"fjssz726-55f8-4771-b4b8-96eb5920a3e3"}}],"_prefab":{"__type__":"cc.PrefabInfo","root":{"__id__":1},"asset":{"__uuid__":"fjsszfc1-6b85-4ec5-bd21-327f88632385"},"fileId":"9250bE5cmxPj7GPDrP/u2LD"},"_contentSize":{"__type__":"cc.Size","width":78,"height":36},"_trs":{"__type__":"TypedArray","ctor":"Float64Array","array":[150,0,0,0,0,0,1,1,1,1]}},{"__type__":"cc.Node","_name":"item4","_parent":{"__id__":16},"_children":[{"__id__":34},{"__id__":35},{"__id__":36}],"_prefab":{"__type__":"cc.PrefabInfo","root":{"__id__":1},"asset":{"__uuid__":"fjsszfc1-6b85-4ec5-bd21-327f88632385"},"fileId":"4b13d2vKzJKYqtGz0rl75Cu"},"_trs":{"__type__":"TypedArray","ctor":"Float64Array","array":[-255,1,0,0,0,0,1,1,1,1]}},{"__type__":"cc.Node","_name":"name","_parent":{"__id__":33},"_components":[{"__type__":"cc.Label","node":{"__id__":34},"_useOriginalSize":false,"_string":"玩家称号七个字","_N$string":"玩家称号七个字","_fontSize":24,"_enableWrapText":false,"_N$horizontalAlign":1,"_N$verticalAlign":1,"_N$overflow":1}],"_prefab":{"__type__":"cc.PrefabInfo","root":{"__id__":1},"asset":{"__uuid__":"fjsszfc1-6b85-4ec5-bd21-327f88632385"},"fileId":"6d4d0wJS5dIxYIl6vt1gDzW"},"_color":{"__type__":"cc.Color","r":122,"g":80,"b":58},"_contentSize":{"__type__":"cc.Size","width":168,"height":40},"_trs":{"__type__":"TypedArray","ctor":"Float64Array","array":[0,0,0,0,0,0,1,1,1,1]}},{"__type__":"cc.Node","_name":"icon_tongyi","_parent":{"__id__":33},"_active":false,"_components":[{"__type__":"cc.Sprite","node":{"__id__":35},"_spriteFrame":{"__uuid__":"fjssz8ff-c9d9-4880-8b04-32d3d36e0d05"}}],"_prefab":{"__type__":"cc.PrefabInfo","root":{"__id__":1},"asset":{"__uuid__":"fjsszfc1-6b85-4ec5-bd21-327f88632385"},"fileId":"41bcek1dxFIS46PlQfb+IJb"},"_contentSize":{"__type__":"cc.Size","width":79,"height":36},"_trs":{"__type__":"TypedArray","ctor":"Float64Array","array":[150,0,0,0,0,0,1,1,1,1]}},{"__type__":"cc.Node","_name":"icon_jujue","_parent":{"__id__":33},"_active":false,"_components":[{"__type__":"cc.Sprite","node":{"__id__":36},"_spriteFrame":{"__uuid__":"fjssz726-55f8-4771-b4b8-96eb5920a3e3"}}],"_prefab":{"__type__":"cc.PrefabInfo","root":{"__id__":1},"asset":{"__uuid__":"fjsszfc1-6b85-4ec5-bd21-327f88632385"},"fileId":"b54e6MZPBxPMraV9SGqt5HK"},"_contentSize":{"__type__":"cc.Size","width":78,"height":36},"_trs":{"__type__":"TypedArray","ctor":"Float64Array","array":[150,0,0,0,0,0,1,1,1,1]}},{"__type__":"cc.Node","_name":"item5","_parent":{"__id__":16},"_children":[{"__id__":38},{"__id__":39},{"__id__":40}],"_prefab":{"__type__":"cc.PrefabInfo","root":{"__id__":1},"asset":{"__uuid__":"fjsszfc1-6b85-4ec5-bd21-327f88632385"},"fileId":"0307eqnRoFJO6zr8OlZb6Rn"},"_trs":{"__type__":"TypedArray","ctor":"Float64Array","array":[150,1,0,0,0,0,1,1,1,1]}},{"__type__":"cc.Node","_name":"name","_parent":{"__id__":37},"_components":[{"__type__":"cc.Label","node":{"__id__":38},"_useOriginalSize":false,"_string":"玩家称号七个字","_N$string":"玩家称号七个字","_fontSize":24,"_enableWrapText":false,"_N$horizontalAlign":1,"_N$verticalAlign":1,"_N$overflow":1}],"_prefab":{"__type__":"cc.PrefabInfo","root":{"__id__":1},"asset":{"__uuid__":"fjsszfc1-6b85-4ec5-bd21-327f88632385"},"fileId":"089ce3PKz1Mp7TieTFOEBhr"},"_color":{"__type__":"cc.Color","r":122,"g":80,"b":58},"_contentSize":{"__type__":"cc.Size","width":168,"height":40},"_trs":{"__type__":"TypedArray","ctor":"Float64Array","array":[0,0,0,0,0,0,1,1,1,1]}},{"__type__":"cc.Node","_name":"icon_tongyi","_parent":{"__id__":37},"_active":false,"_components":[{"__type__":"cc.Sprite","node":{"__id__":39},"_spriteFrame":{"__uuid__":"fjssz8ff-c9d9-4880-8b04-32d3d36e0d05"}}],"_prefab":{"__type__":"cc.PrefabInfo","root":{"__id__":1},"asset":{"__uuid__":"fjsszfc1-6b85-4ec5-bd21-327f88632385"},"fileId":"991afbONGRIOaZkLHhg52fg"},"_contentSize":{"__type__":"cc.Size","width":79,"height":36},"_trs":{"__type__":"TypedArray","ctor":"Float64Array","array":[150,0,0,0,0,0,1,1,1,1]}},{"__type__":"cc.Node","_name":"icon_jujue","_parent":{"__id__":37},"_active":false,"_components":[{"__type__":"cc.Sprite","node":{"__id__":40},"_spriteFrame":{"__uuid__":"fjssz726-55f8-4771-b4b8-96eb5920a3e3"}}],"_prefab":{"__type__":"cc.PrefabInfo","root":{"__id__":1},"asset":{"__uuid__":"fjsszfc1-6b85-4ec5-bd21-327f88632385"},"fileId":"7a0fbdYbLxBOoqPp5qwIMnT"},"_contentSize":{"__type__":"cc.Size","width":78,"height":36},"_trs":{"__type__":"TypedArray","ctor":"Float64Array","array":[150,0,0,0,0,0,1,1,1,1]}},{"__type__":"cc.Node","_name":"item6","_parent":{"__id__":16},"_children":[{"__id__":42},{"__id__":43},{"__id__":44}],"_prefab":{"__type__":"cc.PrefabInfo","root":{"__id__":1},"asset":{"__uuid__":"fjsszfc1-6b85-4ec5-bd21-327f88632385"},"fileId":"70036TWxt1KYrUxTRnbHrg6"},"_trs":{"__type__":"TypedArray","ctor":"Float64Array","array":[-255,-47,0,0,0,0,1,1,1,1]}},{"__type__":"cc.Node","_name":"name","_parent":{"__id__":41},"_components":[{"__type__":"cc.Label","node":{"__id__":42},"_useOriginalSize":false,"_string":"玩家称号七个字","_N$string":"玩家称号七个字","_fontSize":24,"_enableWrapText":false,"_N$horizontalAlign":1,"_N$verticalAlign":1,"_N$overflow":1}],"_prefab":{"__type__":"cc.PrefabInfo","root":{"__id__":1},"asset":{"__uuid__":"fjsszfc1-6b85-4ec5-bd21-327f88632385"},"fileId":"c907321cLhKnJ6KqoIdcBf5"},"_color":{"__type__":"cc.Color","r":122,"g":80,"b":58},"_contentSize":{"__type__":"cc.Size","width":168,"height":40},"_trs":{"__type__":"TypedArray","ctor":"Float64Array","array":[0,0,0,0,0,0,1,1,1,1]}},{"__type__":"cc.Node","_name":"icon_tongyi","_parent":{"__id__":41},"_active":false,"_components":[{"__type__":"cc.Sprite","node":{"__id__":43},"_spriteFrame":{"__uuid__":"fjssz8ff-c9d9-4880-8b04-32d3d36e0d05"}}],"_prefab":{"__type__":"cc.PrefabInfo","root":{"__id__":1},"asset":{"__uuid__":"fjsszfc1-6b85-4ec5-bd21-327f88632385"},"fileId":"dc7c9ktwpxET7vZTTMN5EbP"},"_contentSize":{"__type__":"cc.Size","width":79,"height":36},"_trs":{"__type__":"TypedArray","ctor":"Float64Array","array":[150,0,0,0,0,0,1,1,1,1]}},{"__type__":"cc.Node","_name":"icon_jujue","_parent":{"__id__":41},"_active":false,"_components":[{"__type__":"cc.Sprite","node":{"__id__":44},"_spriteFrame":{"__uuid__":"fjssz726-55f8-4771-b4b8-96eb5920a3e3"}}],"_prefab":{"__type__":"cc.PrefabInfo","root":{"__id__":1},"asset":{"__uuid__":"fjsszfc1-6b85-4ec5-bd21-327f88632385"},"fileId":"7365eDHAh9JgJUUpPqg8du6"},"_contentSize":{"__type__":"cc.Size","width":78,"height":36},"_trs":{"__type__":"TypedArray","ctor":"Float64Array","array":[150,0,0,0,0,0,1,1,1,1]}},{"__type__":"cc.Node","_name":"item7","_parent":{"__id__":16},"_children":[{"__id__":46},{"__id__":47},{"__id__":48}],"_prefab":{"__type__":"cc.PrefabInfo","root":{"__id__":1},"asset":{"__uuid__":"fjsszfc1-6b85-4ec5-bd21-327f88632385"},"fileId":"c3fcfzJiMNGG5htVIOdVkVV"},"_trs":{"__type__":"TypedArray","ctor":"Float64Array","array":[150,-47,0,0,0,0,1,1,1,1]}},{"__type__":"cc.Node","_name":"name","_parent":{"__id__":45},"_components":[{"__type__":"cc.Label","node":{"__id__":46},"_useOriginalSize":false,"_string":"玩家称号七个字","_N$string":"玩家称号七个字","_fontSize":24,"_enableWrapText":false,"_N$horizontalAlign":1,"_N$verticalAlign":1,"_N$overflow":1}],"_prefab":{"__type__":"cc.PrefabInfo","root":{"__id__":1},"asset":{"__uuid__":"fjsszfc1-6b85-4ec5-bd21-327f88632385"},"fileId":"ba317J66uZE7qTJFtS+Mm13"},"_color":{"__type__":"cc.Color","r":122,"g":80,"b":58},"_contentSize":{"__type__":"cc.Size","width":168,"height":40},"_trs":{"__type__":"TypedArray","ctor":"Float64Array","array":[0,0,0,0,0,0,1,1,1,1]}},{"__type__":"cc.Node","_name":"icon_tongyi","_parent":{"__id__":45},"_active":false,"_components":[{"__type__":"cc.Sprite","node":{"__id__":47},"_spriteFrame":{"__uuid__":"fjssz8ff-c9d9-4880-8b04-32d3d36e0d05"}}],"_prefab":{"__type__":"cc.PrefabInfo","root":{"__id__":1},"asset":{"__uuid__":"fjsszfc1-6b85-4ec5-bd21-327f88632385"},"fileId":"25896x4NyhPNLrc/DQNZBSo"},"_contentSize":{"__type__":"cc.Size","width":79,"height":36},"_trs":{"__type__":"TypedArray","ctor":"Float64Array","array":[150,0,0,0,0,0,1,1,1,1]}},{"__type__":"cc.Node","_name":"icon_jujue","_parent":{"__id__":45},"_active":false,"_components":[{"__type__":"cc.Sprite","node":{"__id__":48},"_spriteFrame":{"__uuid__":"fjssz726-55f8-4771-b4b8-96eb5920a3e3"}}],"_prefab":{"__type__":"cc.PrefabInfo","root":{"__id__":1},"asset":{"__uuid__":"fjsszfc1-6b85-4ec5-bd21-327f88632385"},"fileId":"cdd54+Yxb9AibrUM3MrqdZD"},"_contentSize":{"__type__":"cc.Size","width":78,"height":36},"_trs":{"__type__":"TypedArray","ctor":"Float64Array","array":[150,0,0,0,0,0,1,1,1,1]}},{"__type__":"cc.Node","_name":"item8","_parent":{"__id__":16},"_children":[{"__id__":50},{"__id__":51},{"__id__":52}],"_prefab":{"__type__":"cc.PrefabInfo","root":{"__id__":1},"asset":{"__uuid__":"fjsszfc1-6b85-4ec5-bd21-327f88632385"},"fileId":"ba1f6yUD8ZPeIiBmPCVHSQa"},"_trs":{"__type__":"TypedArray","ctor":"Float64Array","array":[-255,-95,0,0,0,0,1,1,1,1]}},{"__type__":"cc.Node","_name":"name","_parent":{"__id__":49},"_components":[{"__type__":"cc.Label","node":{"__id__":50},"_useOriginalSize":false,"_string":"玩家称号七个字","_N$string":"玩家称号七个字","_fontSize":24,"_enableWrapText":false,"_N$horizontalAlign":1,"_N$verticalAlign":1,"_N$overflow":1}],"_prefab":{"__type__":"cc.PrefabInfo","root":{"__id__":1},"asset":{"__uuid__":"fjsszfc1-6b85-4ec5-bd21-327f88632385"},"fileId":"10ef24PrG1OO7Ik05QTwS2d"},"_color":{"__type__":"cc.Color","r":122,"g":80,"b":58},"_contentSize":{"__type__":"cc.Size","width":168,"height":40},"_trs":{"__type__":"TypedArray","ctor":"Float64Array","array":[0,0,0,0,0,0,1,1,1,1]}},{"__type__":"cc.Node","_name":"icon_tongyi","_parent":{"__id__":49},"_active":false,"_components":[{"__type__":"cc.Sprite","node":{"__id__":51},"_spriteFrame":{"__uuid__":"fjssz8ff-c9d9-4880-8b04-32d3d36e0d05"}}],"_prefab":{"__type__":"cc.PrefabInfo","root":{"__id__":1},"asset":{"__uuid__":"fjsszfc1-6b85-4ec5-bd21-327f88632385"},"fileId":"42592v0VBtPEpjB1gUEMup3"},"_contentSize":{"__type__":"cc.Size","width":79,"height":36},"_trs":{"__type__":"TypedArray","ctor":"Float64Array","array":[150,0,0,0,0,0,1,1,1,1]}},{"__type__":"cc.Node","_name":"icon_jujue","_parent":{"__id__":49},"_active":false,"_components":[{"__type__":"cc.Sprite","node":{"__id__":52},"_spriteFrame":{"__uuid__":"fjssz726-55f8-4771-b4b8-96eb5920a3e3"}}],"_prefab":{"__type__":"cc.PrefabInfo","root":{"__id__":1},"asset":{"__uuid__":"fjsszfc1-6b85-4ec5-bd21-327f88632385"},"fileId":"92a49Om3gFGeJ//wzo/gaSQ"},"_contentSize":{"__type__":"cc.Size","width":78,"height":36},"_trs":{"__type__":"TypedArray","ctor":"Float64Array","array":[150,0,0,0,0,0,1,1,1,1]}},{"__type__":"cc.Node","_name":"item9","_parent":{"__id__":16},"_children":[{"__id__":54},{"__id__":55},{"__id__":56}],"_prefab":{"__type__":"cc.PrefabInfo","root":{"__id__":1},"asset":{"__uuid__":"fjsszfc1-6b85-4ec5-bd21-327f88632385"},"fileId":"c5f51qZeblAvLY4FrgOpYZh"},"_trs":{"__type__":"TypedArray","ctor":"Float64Array","array":[150,-95,0,0,0,0,1,1,1,1]}},{"__type__":"cc.Node","_name":"name","_parent":{"__id__":53},"_components":[{"__type__":"cc.Label","node":{"__id__":54},"_useOriginalSize":false,"_string":"玩家称号七个字","_N$string":"玩家称号七个字","_fontSize":24,"_enableWrapText":false,"_N$horizontalAlign":1,"_N$verticalAlign":1,"_N$overflow":1}],"_prefab":{"__type__":"cc.PrefabInfo","root":{"__id__":1},"asset":{"__uuid__":"fjsszfc1-6b85-4ec5-bd21-327f88632385"},"fileId":"6c99aUNh/tMa7vKRaH6dLbN"},"_color":{"__type__":"cc.Color","r":122,"g":80,"b":58},"_contentSize":{"__type__":"cc.Size","width":168,"height":40},"_trs":{"__type__":"TypedArray","ctor":"Float64Array","array":[0,0,0,0,0,0,1,1,1,1]}},{"__type__":"cc.Node","_name":"icon_tongyi","_parent":{"__id__":53},"_active":false,"_components":[{"__type__":"cc.Sprite","node":{"__id__":55},"_spriteFrame":{"__uuid__":"fjssz8ff-c9d9-4880-8b04-32d3d36e0d05"}}],"_prefab":{"__type__":"cc.PrefabInfo","root":{"__id__":1},"asset":{"__uuid__":"fjsszfc1-6b85-4ec5-bd21-327f88632385"},"fileId":"b09fcTd3nZIqomTyQbjwhH3"},"_contentSize":{"__type__":"cc.Size","width":79,"height":36},"_trs":{"__type__":"TypedArray","ctor":"Float64Array","array":[150,0,0,0,0,0,1,1,1,1]}},{"__type__":"cc.Node","_name":"icon_jujue","_parent":{"__id__":53},"_active":false,"_components":[{"__type__":"cc.Sprite","node":{"__id__":56},"_spriteFrame":{"__uuid__":"fjssz726-55f8-4771-b4b8-96eb5920a3e3"}}],"_prefab":{"__type__":"cc.PrefabInfo","root":{"__id__":1},"asset":{"__uuid__":"fjsszfc1-6b85-4ec5-bd21-327f88632385"},"fileId":"3383dmdCaBOj6rujp1JQFgB"},"_contentSize":{"__type__":"cc.Size","width":78,"height":36},"_trs":{"__type__":"TypedArray","ctor":"Float64Array","array":[150,0,0,0,0,0,1,1,1,1]}}]]