[{"__type__":"cc.SpriteFrame","content":{"name":"bg_spade1_1","texture":"c4K7yr0ChF4J3jyjKGGiYF","rect":[0,0,80,89],"offset":[0,0],"originalSize":[80,89],"capInsets":[0,0,0,0]}},[{"__type__":"cc.Prefab","_name":"lscardPrefab","data":{"__id__":1}},{"__type__":"cc.Node","_name":"lscardPrefab","_children":[{"__id__":2},{"__id__":3},{"__id__":4},{"__id__":5},{"__id__":6},{"__id__":7},{"__id__":8},{"__id__":9},{"__id__":10}],"_prefab":{"__type__":"cc.PrefabInfo","root":{"__id__":1},"asset":{"__uuid__":"49GrO66JNF/5sVVeYx8CWC"},"fileId":"cdbcSy0DBLsIrqhR1vGVUj"},"_contentSize":{"__type__":"cc.Size","width":108,"height":148},"_trs":{"__type__":"TypedArray","ctor":"Float64Array","array":[0,0,0,0,0,0,1,1,1,1]}},{"__type__":"cc.Node","_name":"bg_poker","_parent":{"__id__":1},"_components":[{"__type__":"cc.Sprite","node":{"__id__":2},"_materials":[{"__uuid__":"ecpdLyjvZBwrvm+cedCcQy"}],"_spriteFrame":{"__uuid__":"597aTGNN1Fgq6nUj8Z1n0M"},"_sizeMode":2,"_isTrimmedMode":false}],"_prefab":{"__type__":"cc.PrefabInfo","root":{"__id__":1},"asset":{"__uuid__":"49GrO66JNF/5sVVeYx8CWC"},"fileId":"edqgdXks9ESapLXNDgkhEK"},"_contentSize":{"__type__":"cc.Size","width":108,"height":148},"_trs":{"__type__":"TypedArray","ctor":"Float64Array","array":[0,0,0,0,0,0,1,1,1,1]}},{"__type__":"cc.Node","_name":"icon_mapai","_parent":{"__id__":1},"_active":false,"_components":[{"__type__":"cc.Sprite","node":{"__id__":3},"_materials":[{"__uuid__":"ecpdLyjvZBwrvm+cedCcQy"}],"_spriteFrame":{"__uuid__":"f4eAmSm/JDVJhWmR2+4RqT"},"_sizeMode":0}],"_prefab":{"__type__":"cc.PrefabInfo","root":{"__id__":1},"asset":{"__uuid__":"49GrO66JNF/5sVVeYx8CWC"},"fileId":"9eLk/VeKRDRLU6EasP7ym7"},"_contentSize":{"__type__":"cc.Size","width":108,"height":148},"_trs":{"__type__":"TypedArray","ctor":"Float64Array","array":[0,0,0,0,0,0,1,1,1,1]}},{"__type__":"cc.Node","_name":"num","_parent":{"__id__":1},"_components":[{"__type__":"cc.Sprite","node":{"__id__":4},"_materials":[{"__uuid__":"ecpdLyjvZBwrvm+cedCcQy"}],"_spriteFrame":{"__uuid__":"84nHwuqZRKUpY1ROnbL39P"},"_sizeMode":0,"_isTrimmedMode":false}],"_prefab":{"__type__":"cc.PrefabInfo","root":{"__id__":1},"asset":{"__uuid__":"49GrO66JNF/5sVVeYx8CWC"},"fileId":"5dmNlhRe1LfIF/o4xZYsNk"},"_contentSize":{"__type__":"cc.Size","width":22,"height":36},"_trs":{"__type__":"TypedArray","ctor":"Float64Array","array":[-33.1,49.414,0,0,0,0,1,1,1,1]}},{"__type__":"cc.Node","_name":"icon","_parent":{"__id__":1},"_components":[{"__type__":"cc.Sprite","node":{"__id__":5},"_materials":[{"__uuid__":"ecpdLyjvZBwrvm+cedCcQy"}],"_spriteFrame":{"__uuid__":"23va30HBpNd6LggxKVhkNz"},"_sizeMode":0,"_isTrimmedMode":false}],"_prefab":{"__type__":"cc.PrefabInfo","root":{"__id__":1},"asset":{"__uuid__":"49GrO66JNF/5sVVeYx8CWC"},"fileId":"8azcuyf4pJt5iwDBWGYuY/"},"_contentSize":{"__type__":"cc.Size","width":60,"height":67},"_trs":{"__type__":"TypedArray","ctor":"Float64Array","array":[16.976,-32.211,0,0,0,0,1,1,1,1]}},{"__type__":"cc.Node","_name":"icon_1","_parent":{"__id__":1},"_components":[{"__type__":"cc.Sprite","node":{"__id__":6},"_materials":[{"__uuid__":"ecpdLyjvZBwrvm+cedCcQy"}],"_spriteFrame":{"__uuid__":"d4Wxh8tpxHBrfX4+El4+FZ"},"_sizeMode":0,"_isTrimmedMode":false}],"_prefab":{"__type__":"cc.PrefabInfo","root":{"__id__":1},"asset":{"__uuid__":"49GrO66JNF/5sVVeYx8CWC"},"fileId":"141eWlMp5BzpciSEyzu088"},"_contentSize":{"__type__":"cc.Size","width":54,"height":74},"_trs":{"__type__":"TypedArray","ctor":"Float64Array","array":[-39.61,30.469,0,0,0,0,1,1,1,1]}},{"__type__":"cc.Node","_name":"icon_2","_parent":{"__id__":1},"_active":false,"_components":[{"__type__":"cc.Sprite","node":{"__id__":7},"_sizeMode":2,"_isTrimmedMode":false}],"_prefab":{"__type__":"cc.PrefabInfo","root":{"__id__":1},"asset":{"__uuid__":"49GrO66JNF/5sVVeYx8CWC"},"fileId":"360zRtuqhADoJgdk0dTJPQ"},"_contentSize":{"__type__":"cc.Size","width":74,"height":74},"_trs":{"__type__":"TypedArray","ctor":"Float64Array","array":[27.9,55.2,0,0,0,0,1,1,1,1]}},{"__type__":"cc.Node","_name":"icon_3","_parent":{"__id__":1},"_active":false,"_components":[{"__type__":"cc.Sprite","node":{"__id__":8},"_sizeMode":2,"_isTrimmedMode":false}],"_prefab":{"__type__":"cc.PrefabInfo","root":{"__id__":1},"asset":{"__uuid__":"49GrO66JNF/5sVVeYx8CWC"},"fileId":"47DzRUgHdCNZTZzbxYHVR/"},"_contentSize":{"__type__":"cc.Size","width":35,"height":35},"_trs":{"__type__":"TypedArray","ctor":"Float64Array","array":[-42,-24,0,0,0,0,1,1,1,1]}},{"__type__":"cc.Node","_name":"poker_back","_parent":{"__id__":1},"_active":false,"_components":[{"__type__":"cc.Sprite","node":{"__id__":9},"_materials":[{"__uuid__":"ecpdLyjvZBwrvm+cedCcQy"}],"_spriteFrame":{"__uuid__":"53cJpJX2pDrIjEDBc19oEm"},"_sizeMode":2}],"_prefab":{"__type__":"cc.PrefabInfo","root":{"__id__":1},"asset":{"__uuid__":"49GrO66JNF/5sVVeYx8CWC"},"fileId":"f3TB3ql0NPSqQB/wJQSfHE"},"_contentSize":{"__type__":"cc.Size","width":108,"height":148},"_trs":{"__type__":"TypedArray","ctor":"Float64Array","array":[0,0,0,0,0,0,1,1,1,1]}},{"__type__":"cc.Node","_name":"bg_black","_parent":{"__id__":1},"_active":false,"_components":[{"__type__":"cc.Sprite","node":{"__id__":10},"_type":1,"_sizeMode":0}],"_prefab":{"__type__":"cc.PrefabInfo","root":{"__id__":1},"asset":{"__uuid__":"49GrO66JNF/5sVVeYx8CWC"},"fileId":"197H4UHZ5GrrWsUurSvARp"},"_contentSize":{"__type__":"cc.Size","width":134,"height":185},"_trs":{"__type__":"TypedArray","ctor":"Float64Array","array":[0,0,0,0,0,0,1,1,1,1]}}],{"__type__":"cc.SpriteFrame","content":{"name":"poker_back2","texture":"d59fVfjBhKrKnBh3HMjpru","rect":[0,0,356,499],"offset":[0,0],"originalSize":[356,499],"capInsets":[0,0,0,0]}},{"__type__":"cc.SpriteFrame","content":{"name":"bg_poker","texture":"dad5REbZNCwKOHcwDHBQaX","rect":[0,0,191,263],"offset":[0,0],"originalSize":[191,263],"capInsets":[0,0,0,0]}},{"__type__":"cc.SpriteFrame","content":{"name":"black_3","texture":"c4EFEtBURNXph89zt7ZoJ5","rect":[2,1,35,60],"offset":[-0.5,0],"originalSize":[40,62],"capInsets":[0,0,0,0]}},{"__type__":"cc.SpriteFrame","content":{"name":"bg_spade1_2","texture":"97YOUmqXdIK6a0wmnC/RPk","rect":[39,78,52,53],"offset":[11,-30.5],"originalSize":[108,148],"capInsets":[0,0,0,0]}},{"__type__":"cc.SpriteFrame","content":{"name":"bg_mapai","texture":"d5BYzkyIlPXpAjAVQwBAvX","rect":[0,0,191,263],"offset":[0,0],"originalSize":[191,263],"capInsets":[0,0,0,0]}}]