[[{"__type__":"cc.Prefab","_name":"xianhuaPrefab","data":{"__id__":1}},{"__type__":"cc.Node","_name":"xianhuaPrefab","_components":[{"__type__":"cc.Sprite","node":{"__id__":1},"_spriteFrame":{"__uuid__":"qzmjmj79-f2a0-4083-a1bd-3590225ef05b"}},{"__type__":"cc.Animation","node":{"__id__":1},"_defaultClip":{"__uuid__":"qzmjmjdd-8d5e-4b80-8d41-7d61041693d6"},"_clips":[{"__uuid__":"qzmjmjdd-8d5e-4b80-8d41-7d61041693d6"}]}],"_prefab":{"__type__":"cc.PrefabInfo","root":{"__id__":1},"asset":{"__uuid__":"qzmjmj4d-c837-44b6-8178-806095e86ea7"},"fileId":"37KM3NRDFLZJ5SMRChhu/+"},"_contentSize":{"__type__":"cc.Size","width":51,"height":53},"_trs":{"__type__":"TypedArray","ctor":"Float64Array","array":[0,0,0,0,0,0,1,1,1,1]},"_zIndex":0}],{"__type__":"cc.SpriteFrame","content":{"name":"ani_xh_01","texture":"qzmjmje7-8084-42b5-9327-0f4311d4ab99","rect":[0,0,51,53],"offset":[0,0],"originalSize":[51,53],"capInsets":[0,0,0,0]}}]