[{"__type__":"cc.SpriteFrame","content":{"name":"expression_03_02","texture":"qzmjmj97-5b7b-4e0d-bb28-2989c6bfd56d","rect":[29,46,92,90],"offset":[-2,-3.5],"originalSize":[154,175],"capInsets":[0,0,0,0]}},{"__type__":"cc.AnimationClip","_name":"face3Action","_duration":0.55,"sample":20,"curveData":{"comps":{"cc.Sprite":{"spriteFrame":[{"frame":0,"value":{"__uuid__":"qzmjmj28-4889-4698-9272-5e6eb2d34bee"}},{"frame":0.25,"value":{"__uuid__":"qzmjmj03-fcd1-4fdd-aac7-9e75c75aee26"}},{"frame":0.5,"value":{"__uuid__":"qzmjmj5d-606a-4765-9604-7b1da22dd979"}}]}}}},{"__type__":"cc.SpriteFrame","content":{"name":"expression_03_01","texture":"qzmjmjcf-92c5-41e4-b586-35056c646949","rect":[29,46,91,90],"offset":[-2.5,-3.5],"originalSize":[154,175],"capInsets":[0,0,0,0]}},{"__type__":"cc.SpriteFrame","content":{"name":"expression_03_03","texture":"qzmjmjcb-7d73-43fe-b6e4-5bdb64962284","rect":[30,46,90,90],"offset":[-2,-3.5],"originalSize":[154,175],"capInsets":[0,0,0,0]}}]