[{"__type__":"cc.SpriteFrame","content":{"name":"default_btn_disabled","texture":"71VhFCTINJM6/Ky3oX9nBT","rect":[0,0,40,40],"offset":[0,0],"originalSize":[40,40],"capInsets":[12,12,12,12]}},{"__type__":"cc.SpriteFrame","content":{"name":"default_btn_pressed","texture":"b4P/PCArtIdIH38t6mlw8Y","rect":[0,0,40,40],"offset":[0,0],"originalSize":[40,40],"capInsets":[12,12,12,12]}},{"__type__":"cc.SpriteFrame","content":{"name":"bg01_sy","texture":"qzmjmjcc-029b-4cc8-aadf-03e2a3c5b28e","rect":[0,0,1560,720],"offset":[0,0],"originalSize":[1560,720],"capInsets":[0,0,0,0]}},{"__type__":"cc.SpriteFrame","content":{"name":"btn_cjfj","texture":"qzmjmjba-e5be-48b2-9699-702b3f889df0","rect":[0,0,223,80],"offset":[0,0],"originalSize":[223,80],"capInsets":[0,0,0,0]}},{"__type__":"cc.SpriteFrame","content":{"name":"img_symid_up","texture":"qzmjmj48-01e2-45d2-b15c-51c873f7a2a1","rect":[1,0,411,82],"offset":[0,0],"originalSize":[413,82],"capInsets":[0,0,0,0]}},{"__type__":"cc.SpriteFrame","content":{"name":"img_xx","texture":"qzmjmjf1-c89b-40c3-96fa-e885b0963d2e","rect":[0,0,53,73],"offset":[0,0],"originalSize":[53,73],"capInsets":[0,0,0,0]}},{"__type__":"cc.SpriteFrame","content":{"name":"btn_yxwf","texture":"qzmjmj0b-d661-486c-b161-37400719f320","rect":[0,0,122,34],"offset":[0,0],"originalSize":[122,34],"capInsets":[0,0,0,0]}},{"__type__":"cc.SpriteFrame","content":{"name":"img_scrollbar_down","texture":"qzmjmjc3-20a5-4084-8b4b-9f8585a5b7f3","rect":[0,0,14,33],"offset":[0,0],"originalSize":[14,33],"capInsets":[5,14,5,14]}},{"__type__":"cc.SpriteFrame","content":{"name":"img_underline","texture":"qzmjmjd3-1071-4f91-b341-e907b408dfd0","rect":[0,0,1210,2],"offset":[0,0],"originalSize":[1210,2],"capInsets":[0,0,0,0]}},{"__type__":"cc.SpriteFrame","content":{"name":"img_white","texture":"qzmjmj23-2b7f-4a27-87e1-186939e8716a","rect":[3,3,150,150],"offset":[1,-1],"originalSize":[154,154],"capInsets":[20,20,20,20]}},{"__type__":"cc.SpriteFrame","content":{"name":"img_scrollbar_up","texture":"qzmjmja7-39b4-40f2-8b65-4a32c52b26a3","rect":[0,0,8,152],"offset":[0,0],"originalSize":[8,152],"capInsets":[3,8,3,8]}},{"__type__":"cc.SpriteFrame","content":{"name":"img_xxhd","texture":"qzmjmjbb-b024-405a-a50d-fa2950e32d1b","rect":[0,0,89,24],"offset":[0,0],"originalSize":[89,24],"capInsets":[0,0,0,0]}},{"__type__":"cc.SpriteFrame","content":{"name":"img_yel","texture":"qzmjmj83-7d23-4bc2-be73-9a2161aba0c4","rect":[0,0,154,154],"offset":[0,0],"originalSize":[154,154],"capInsets":[20,20,20,20]}},[{"__type__":"cc.Prefab","_name":"qzmj_UICreatRoom","data":{"__id__":1}},{"__type__":"cc.Node","_name":"xymj_UICreatRoom","_children":[{"__id__":2},{"__id__":3},{"__id__":5}],"_components":[{"__type__":"cc.Widget","node":{"__id__":1},"alignMode":0,"_alignFlags":45,"_originalWidth":1360,"_originalHeight":760},{"__type__":"cc.Button","node":{"__id__":1},"clickEvents":[{"__type__":"cc.ClickEvent","target":{"__id__":1},"_componentId":"qzmjmASHolDBqBJyxZhtVuG","handler":"OnClick_Form"}],"_N$normalColor":{"__type__":"cc.Color","r":214,"g":214,"b":214},"_N$target":{"__id__":1}},{"__type__":"qzmjmj12-1e89-4306-a049-cb1661b55b86","node":{"__id__":1},"JS_Name":"pxzzmj_BaseComponent","ZorderLv":8,"prefab_Toggles":{"__uuid__":"qzmjmjbe-46ed-463a-814d-6422809bd593"}}],"_prefab":{"__type__":"cc.PrefabInfo","root":{"__id__":1},"asset":{"__uuid__":"qzmjmjc6-d00d-4182-9ab9-8872afab65bd"},"fileId":"47J1COyHtHVJe4Gnf4V6Mm"},"_contentSize":{"__type__":"cc.Size","width":1360,"height":760},"_trs":{"__type__":"TypedArray","ctor":"Float64Array","array":[680,380,0,0,0,0,1,1,1,1]}},{"__type__":"cc.Node","_name":"bg","_parent":{"__id__":1},"_components":[{"__type__":"cc.Sprite","node":{"__id__":2},"_spriteFrame":{"__uuid__":"qzmjmj07-cc50-4777-86f8-8bbc336f434b"},"_type":1}],"_prefab":{"__type__":"cc.PrefabInfo","root":{"__id__":1},"asset":{"__uuid__":"qzmjmjc6-d00d-4182-9ab9-8872afab65bd"},"fileId":"2eDiWtUdtFz7aK+/6+kAML"},"_contentSize":{"__type__":"cc.Size","width":1750,"height":800},"_trs":{"__type__":"TypedArray","ctor":"Float64Array","array":[0,0,0,0,0,0,1,1,1,1]}},{"__type__":"cc.Node","_name":"img_wzmj","_parent":{"__id__":1},"_children":[{"__id__":4}],"_components":[{"__type__":"cc.Sprite","node":{"__id__":3},"_spriteFrame":{"__uuid__":"qzmjmj24-0b40-4b85-a2f8-1119e2ae2a19"}},{"__type__":"cc.Widget","node":{"__id__":3},"_alignFlags":1,"_left":474.5}],"_prefab":{"__type__":"cc.PrefabInfo","root":{"__id__":1},"asset":{"__uuid__":"qzmjmjc6-d00d-4182-9ab9-8872afab65bd"},"fileId":"2b1D7DvCNHL4C6l6DMd2/f"},"_contentSize":{"__type__":"cc.Size","width":411,"height":82},"_trs":{"__type__":"TypedArray","ctor":"Float64Array","array":[0,339,0,0,0,0,1,1,1,1]}},{"__type__":"cc.Node","_name":"img_cj_wjmj","_parent":{"__id__":3},"_components":[{"__type__":"cc.Label","node":{"__id__":4},"_string":"创建房间-仙游麻将","_N$string":"创建房间-仙游麻将","_fontSize":70,"_lineHeight":80,"_N$file":{"__uuid__":"qzmjmj1e-650d-4484-9e24-10ffc791e225"},"_isSystemFontUsed":false}],"_prefab":{"__type__":"cc.PrefabInfo","root":{"__id__":1},"asset":{"__uuid__":"qzmjmjc6-d00d-4182-9ab9-8872afab65bd"},"fileId":"37gij9JWFKF5B1dWyH+/uC"},"_contentSize":{"__type__":"cc.Size","width":601.84,"height":80},"_trs":{"__type__":"TypedArray","ctor":"Float64Array","array":[0,0,0,0,0,0,1,1,1,1]}},{"__type__":"cc.Node","_name":"sp_room","_parent":{"__id__":1},"_children":[{"__id__":6}],"_components":[{"__type__":"cc.Sprite","node":{"__id__":5},"_spriteFrame":{"__uuid__":"qzmjmja4-9f22-446a-9243-5dfc0067a0f8"},"_type":1,"_sizeMode":0}],"_prefab":{"__type__":"cc.PrefabInfo","root":{"__id__":1},"asset":{"__uuid__":"qzmjmjc6-d00d-4182-9ab9-8872afab65bd"},"fileId":"0fTOoFmvVNXL0JBMElTlSa"},"_contentSize":{"__type__":"cc.Size","width":1190,"height":548},"_trs":{"__type__":"TypedArray","ctor":"Float64Array","array":[0,15,0,0,0,0,1,1,1,1]}},{"__type__":"cc.Node","_name":"rightFrame","_parent":{"__id__":5},"_children":[{"__id__":7},{"__id__":8},{"__id__":9},{"__id__":10},{"__id__":11},{"__id__":12},{"__id__":20}],"_prefab":{"__type__":"cc.PrefabInfo","root":{"__id__":1},"asset":{"__uuid__":"qzmjmjc6-d00d-4182-9ab9-8872afab65bd"},"fileId":"45kYx4ZaJJwpBLXGf34zPM"},"_contentSize":{"__type__":"cc.Size","width":1166,"height":520},"_anchorPoint":{"__type__":"cc.Vec2","x":0.5,"y":1},"_trs":{"__type__":"TypedArray","ctor":"Float64Array","array":[0,261,0,0,0,0,1,1,1,1]}},{"__type__":"cc.Node","_name":"bg","_parent":{"__id__":6},"_components":[{"__type__":"cc.Sprite","node":{"__id__":7},"_spriteFrame":{"__uuid__":"qzmjmjb1-5d28-489e-9d9f-fceef8eabbd6"},"_type":1,"_sizeMode":0},{"__type__":"cc.Widget","node":{"__id__":7},"_alignFlags":45,"_left":17,"_right":17,"_originalWidth":1012,"_originalHeight":571}],"_prefab":{"__type__":"cc.PrefabInfo","root":{"__id__":1},"asset":{"__uuid__":"qzmjmjc6-d00d-4182-9ab9-8872afab65bd"},"fileId":"e5PuXvhtxBhp6wtUybqjIa"},"_contentSize":{"__type__":"cc.Size","width":1132,"height":520},"_anchorPoint":{"__type__":"cc.Vec2","x":0.5,"y":1},"_trs":{"__type__":"TypedArray","ctor":"Float64Array","array":[0,0,0,0,0,0,1,1,1,1]}},{"__type__":"cc.Node","_name":"btn_help01","_parent":{"__id__":6},"_components":[{"__type__":"cc.Button","node":{"__id__":8},"zoomScale":0.9,"clickEvents":[{"__type__":"cc.ClickEvent","target":{"__id__":1},"_componentId":"qzmjmj12-1e89-4306-a049-cb1661b55b86","handler":"OnClick_BtnWnd"}],"_N$transition":3,"transition":3,"_N$pressedColor":{"__type__":"cc.Color","r":255,"g":255,"b":255},"pressedColor":{"__type__":"cc.Color","r":255,"g":255,"b":255},"_N$disabledColor":{"__type__":"cc.Color","r":255,"g":255,"b":255},"_N$pressedSprite":{"__uuid__":"e97GVMl6JHh5Ml5qEDdSGa"},"pressedSprite":{"__uuid__":"e97GVMl6JHh5Ml5qEDdSGa"},"_N$hoverSprite":{"__uuid__":"e97GVMl6JHh5Ml5qEDdSGa"},"hoverSprite":{"__uuid__":"e97GVMl6JHh5Ml5qEDdSGa"},"_N$disabledSprite":{"__uuid__":"29FYIk+N1GYaeWH/q1NxQO"},"_N$target":{"__id__":8}},{"__type__":"cc.Sprite","node":{"__id__":8},"_spriteFrame":{"__uuid__":"qzmjmj81-a5f9-4d10-8dfd-b85aea0ac0db"}}],"_prefab":{"__type__":"cc.PrefabInfo","root":{"__id__":1},"asset":{"__uuid__":"qzmjmjc6-d00d-4182-9ab9-8872afab65bd"},"fileId":"43ocmtEzhJKK7cI79CvQi1"},"_contentSize":{"__type__":"cc.Size","width":122,"height":34},"_trs":{"__type__":"TypedArray","ctor":"Float64Array","array":[244,-581,0,0,0,0,1,1,1,1]}},{"__type__":"cc.Node","_name":"btn_create","_parent":{"__id__":6},"_components":[{"__type__":"cc.Sprite","node":{"__id__":9},"_spriteFrame":{"__uuid__":"qzmjmj1d-8574-4afb-9dcd-a2ef6e4e4b5e"},"_type":1},{"__type__":"cc.Button","node":{"__id__":9},"zoomScale":0.9,"clickEvents":[{"__type__":"cc.ClickEvent","target":{"__id__":1},"_componentId":"qzmjmj12-1e89-4306-a049-cb1661b55b86","handler":"OnClick_BtnWnd"}],"_N$transition":3,"transition":3,"_N$pressedColor":{"__type__":"cc.Color","r":255,"g":255,"b":255},"pressedColor":{"__type__":"cc.Color","r":255,"g":255,"b":255},"_N$disabledColor":{"__type__":"cc.Color","r":255,"g":255,"b":255},"_N$pressedSprite":{"__uuid__":"e97GVMl6JHh5Ml5qEDdSGa"},"pressedSprite":{"__uuid__":"e97GVMl6JHh5Ml5qEDdSGa"},"_N$hoverSprite":{"__uuid__":"e97GVMl6JHh5Ml5qEDdSGa"},"hoverSprite":{"__uuid__":"e97GVMl6JHh5Ml5qEDdSGa"},"_N$disabledSprite":{"__uuid__":"29FYIk+N1GYaeWH/q1NxQO"},"_N$target":{"__id__":9}}],"_prefab":{"__type__":"cc.PrefabInfo","root":{"__id__":1},"asset":{"__uuid__":"qzmjmjc6-d00d-4182-9ab9-8872afab65bd"},"fileId":"72XejpSPpCuYgwDyRE0Xs3"},"_contentSize":{"__type__":"cc.Size","width":223,"height":80},"_trs":{"__type__":"TypedArray","ctor":"Float64Array","array":[0,-582,0,0,0,0,1,1,1,1]}},{"__type__":"cc.Node","_name":"btn_save","_parent":{"__id__":6},"_active":false,"_components":[{"__type__":"cc.Sprite","node":{"__id__":10},"_spriteFrame":{"__uuid__":"qzmjmj1d-8574-4afb-9dcd-a2ef6e4e4b5e"},"_type":1,"_sizeMode":2},{"__type__":"cc.Button","node":{"__id__":10},"zoomScale":0.9,"clickEvents":[{"__type__":"cc.ClickEvent","target":{"__id__":1},"_componentId":"qzmjmj12-1e89-4306-a049-cb1661b55b86","handler":"OnClick_BtnWnd"}],"_N$transition":3,"transition":3,"_N$pressedColor":{"__type__":"cc.Color","r":255,"g":255,"b":255},"pressedColor":{"__type__":"cc.Color","r":255,"g":255,"b":255},"_N$disabledColor":{"__type__":"cc.Color","r":255,"g":255,"b":255},"_N$pressedSprite":{"__uuid__":"e97GVMl6JHh5Ml5qEDdSGa"},"pressedSprite":{"__uuid__":"e97GVMl6JHh5Ml5qEDdSGa"},"_N$hoverSprite":{"__uuid__":"e97GVMl6JHh5Ml5qEDdSGa"},"hoverSprite":{"__uuid__":"e97GVMl6JHh5Ml5qEDdSGa"},"_N$disabledSprite":{"__uuid__":"29FYIk+N1GYaeWH/q1NxQO"},"_N$target":{"__id__":10}}],"_prefab":{"__type__":"cc.PrefabInfo","root":{"__id__":1},"asset":{"__uuid__":"qzmjmjc6-d00d-4182-9ab9-8872afab65bd"},"fileId":"b1JNmHNadIaYNoYaQyW+Li"},"_contentSize":{"__type__":"cc.Size","width":223,"height":80},"_trs":{"__type__":"TypedArray","ctor":"Float64Array","array":[0,-574,0,0,0,0,1,1,1,1]}},{"__type__":"cc.Node","_name":"tip","_parent":{"__id__":6},"_components":[{"__type__":"cc.Label","node":{"__id__":11},"_useOriginalSize":false,"_string":"注:房卡在开始游戏后第一局结束后扣除，提前解散不扣房卡。","_N$string":"注:房卡在开始游戏后第一局结束后扣除，提前解散不扣房卡。","_fontSize":24,"_lineHeight":24,"_N$horizontalAlign":1,"_N$verticalAlign":1}],"_prefab":{"__type__":"cc.PrefabInfo","root":{"__id__":1},"asset":{"__uuid__":"qzmjmjc6-d00d-4182-9ab9-8872afab65bd"},"fileId":"7eYQcpQL1JJKw4tSMn0SDX"},"_color":{"__type__":"cc.Color","r":193,"g":157,"b":101},"_contentSize":{"__type__":"cc.Size","width":654.67,"height":24},"_trs":{"__type__":"TypedArray","ctor":"Float64Array","array":[0,-645,0,0,0,0,1,1,1,1]}},{"__type__":"cc.Node","_name":"mark","_parent":{"__id__":6},"_children":[{"__id__":13},{"__id__":18},{"__id__":19}],"_components":[{"__type__":"cc.Mask","node":{"__id__":12},"_N$alphaThreshold":1},{"__id__":17}],"_prefab":{"__type__":"cc.PrefabInfo","root":{"__id__":1},"asset":{"__uuid__":"qzmjmjc6-d00d-4182-9ab9-8872afab65bd"},"fileId":"9dRF1jUa1ObodT3sWRZ99X"},"_contentSize":{"__type__":"cc.Size","width":1100,"height":510},"_anchorPoint":{"__type__":"cc.Vec2","x":0.5,"y":1},"_trs":{"__type__":"TypedArray","ctor":"Float64Array","array":[0,-5,0,0,0,0,1,1,1,1]}},{"__type__":"cc.Node","_name":"scrollBar","_parent":{"__id__":12},"_children":[{"__id__":14}],"_components":[{"__id__":16},{"__type__":"cc.Widget","node":{"__id__":13},"alignMode":0,"_alignFlags":37,"_left":350.07654921020657,"_top":20,"_bottom":20,"_originalHeight":237},{"__type__":"cc.Sprite","node":{"__id__":13},"_spriteFrame":{"__uuid__":"qzmjmj8c-84f5-4931-862e-e22db2bcd315"},"_type":1,"_sizeMode":0}],"_prefab":{"__type__":"cc.PrefabInfo","root":{"__id__":1},"asset":{"__uuid__":"qzmjmjc6-d00d-4182-9ab9-8872afab65bd"},"fileId":"77w/NyzSFLzI8Q8NXs+fh7"},"_color":{"__type__":"cc.Color","r":238,"g":217,"b":227},"_contentSize":{"__type__":"cc.Size","width":12,"height":470},"_anchorPoint":{"__type__":"cc.Vec2","x":1,"y":0.5},"_trs":{"__type__":"TypedArray","ctor":"Float64Array","array":[550,-255,0,0,0,0,1,1,1,1]}},{"__type__":"cc.Node","_name":"bar","_parent":{"__id__":13},"_components":[{"__id__":15}],"_prefab":{"__type__":"cc.PrefabInfo","root":{"__id__":1},"asset":{"__uuid__":"qzmjmjc6-d00d-4182-9ab9-8872afab65bd"},"fileId":"31cM+rH4ZPxaDhitSwJEaT"},"_color":{"__type__":"cc.Color","r":236,"g":241,"b":245},"_contentSize":{"__type__":"cc.Size","width":10,"height":30},"_anchorPoint":{"__type__":"cc.Vec2","x":1},"_trs":{"__type__":"TypedArray","ctor":"Float64Array","array":[-1,0,0,0,0,0,1,1,1,1]}},{"__type__":"cc.Sprite","node":{"__id__":14},"_spriteFrame":{"__uuid__":"qzmjmja9-3d09-4fa3-8616-060e1dfd83a6"},"_type":1,"_sizeMode":0},{"__type__":"cc.Scrollbar","node":{"__id__":13},"_scrollView":{"__id__":17},"enableAutoHide":false,"_N$handle":{"__id__":15},"_N$direction":1},{"__type__":"cc.ScrollView","node":{"__id__":12},"horizontal":false,"scrollEvents":[{"__type__":"cc.ClickEvent","target":{"__id__":1},"_componentId":"qzmjmj12-1e89-4306-a049-cb1661b55b86","handler":"OnScrollEnded"}],"_N$content":{"__id__":18},"content":{"__id__":18},"_N$verticalScrollBar":{"__id__":16}},{"__type__":"cc.Node","_name":"layout","_parent":{"__id__":12},"_components":[{"__type__":"cc.Layout","node":{"__id__":18},"_layoutSize":{"__type__":"cc.Size","width":1000,"height":50},"_resize":1,"_N$layoutType":2,"_N$paddingTop":10,"_N$spacingY":5}],"_prefab":{"__type__":"cc.PrefabInfo","root":{"__id__":1},"asset":{"__uuid__":"qzmjmjc6-d00d-4182-9ab9-8872afab65bd"},"fileId":"aa0Nq56AVK95F5N0IKmoUG"},"_color":{"__type__":"cc.Color","r":167,"g":167,"b":167},"_contentSize":{"__type__":"cc.Size","width":1000,"height":50},"_anchorPoint":{"__type__":"cc.Vec2","y":1},"_trs":{"__type__":"TypedArray","ctor":"Float64Array","array":[-511,-4,0,0,0,0,1,1,1,1]}},{"__type__":"cc.Node","_name":"line","_parent":{"__id__":12},"_active":false,"_components":[{"__type__":"cc.Sprite","node":{"__id__":19},"_spriteFrame":{"__uuid__":"qzmjmja4-7af5-49ed-9919-1ab1ed31c14e"}}],"_prefab":{"__type__":"cc.PrefabInfo","root":{"__id__":1},"asset":{"__uuid__":"qzmjmjc6-d00d-4182-9ab9-8872afab65bd"},"fileId":"edAFfGZmtGAKM6qcGG3WVZ"},"_contentSize":{"__type__":"cc.Size","width":885,"height":2},"_anchorPoint":{"__type__":"cc.Vec2","y":0.5},"_trs":{"__type__":"TypedArray","ctor":"Float64Array","array":[0,0,0,0,0,0,1,1,1,1]}},{"__type__":"cc.Node","_name":"scrollTip","_parent":{"__id__":6},"_children":[{"__id__":21},{"__id__":22}],"_active":false,"_prefab":{"__type__":"cc.PrefabInfo","root":{"__id__":1},"asset":{"__uuid__":"qzmjmjc6-d00d-4182-9ab9-8872afab65bd"},"fileId":"75hdmZrDNCGIl3VIVqnFHX"},"_trs":{"__type__":"TypedArray","ctor":"Float64Array","array":[422,-466,0,0,0,0,1,1,1,1]}},{"__type__":"cc.Node","_name":"img_xx","_parent":{"__id__":20},"_components":[{"__type__":"cc.Sprite","node":{"__id__":21},"_spriteFrame":{"__uuid__":"qzmjmj67-bdc9-495a-9076-52f7e30d00ca"}}],"_prefab":{"__type__":"cc.PrefabInfo","root":{"__id__":1},"asset":{"__uuid__":"qzmjmjc6-d00d-4182-9ab9-8872afab65bd"},"fileId":"5byjAX2CxAMacNYMWKPeWQ"},"_contentSize":{"__type__":"cc.Size","width":53,"height":73},"_trs":{"__type__":"TypedArray","ctor":"Float64Array","array":[0,0,0,0,0,0,1,1,1,1]}},{"__type__":"cc.Node","_name":"img_xxhd","_parent":{"__id__":20},"_components":[{"__type__":"cc.Sprite","node":{"__id__":22},"_spriteFrame":{"__uuid__":"qzmjmjac-a906-4c3e-8863-f6f94f81e644"}}],"_prefab":{"__type__":"cc.PrefabInfo","root":{"__id__":1},"asset":{"__uuid__":"qzmjmjc6-d00d-4182-9ab9-8872afab65bd"},"fileId":"bf+G21je5Eh5nRuE4LrhpJ"},"_contentSize":{"__type__":"cc.Size","width":89,"height":24},"_trs":{"__type__":"TypedArray","ctor":"Float64Array","array":[73,-18,0,0,0,0,1,1,1,1]}}]]