[{"__type__":"cc.SpriteFrame","content":{"name":"btn_gang","texture":"724iMkFgVHl5ECBa+Mdkh/","rect":[0,0,172,175],"offset":[0,0],"originalSize":[172,175],"capInsets":[0,0,0,0]}},{"__type__":"cc.SpriteFrame","content":{"name":"default_btn_disabled","texture":"71VhFCTINJM6/Ky3oX9nBT","rect":[0,0,40,40],"offset":[0,0],"originalSize":[40,40],"capInsets":[12,12,12,12]}},{"__type__":"cc.SpriteFrame","content":{"name":"btn_guo","texture":"1eGLIS+6BEZqqryKWcSKe/","rect":[0,0,130,130],"offset":[0,0],"originalSize":[130,130],"capInsets":[0,0,0,0]}},{"__type__":"cc.SpriteFrame","content":{"name":"btn_sjd","texture":"99fjsgeGtMt5T4wV1XBeZS","rect":[2,1,168,173],"offset":[0,0],"originalSize":[172,175],"capInsets":[0,0,0,0]}},{"__type__":"cc.SpriteFrame","content":{"name":"img_jin (2)","texture":"d6O3l4vadIE4j7CP2uQskg","rect":[0,0,43,44],"offset":[0,0],"originalSize":[43,44],"capInsets":[0,0,0,0]}},{"__type__":"cc.SpriteFrame","content":{"name":"btn_youjin","texture":"27djXOkaBGZIArX3xcRfnn","rect":[3,1,175,173],"offset":[1,0],"originalSize":[179,175],"capInsets":[0,0,0,0]}},{"__type__":"cc.SpriteFrame","content":{"name":"btn_qiangjin","texture":"a8BYE/WsZI/7x91qdwCBVg","rect":[2,1,176,174],"offset":[1,-0.5],"originalSize":[178,175],"capInsets":[0,0,0,0]}},{"__type__":"cc.SpriteFrame","content":{"name":"default_sprite_splash","texture":"02delMVqdBD70a/HSD99FK","rect":[0,0,2,2],"offset":[0,0],"originalSize":[2,2],"capInsets":[0,0,0,0]}},{"__type__":"cc.SpriteFrame","content":{"name":"btn_hu","texture":"d4ytbv3t1KRq11KLARhw0o","rect":[0,2,145,149],"offset":[0,-1],"originalSize":[145,151],"capInsets":[0,0,0,0]}},{"__type__":"cc.SpriteFrame","content":{"name":"btn_sijindao","texture":"a2veWLpm9L1awJUL6/Z3UU","rect":[2,2,167,172],"offset":[-0.5,-0.5],"originalSize":[172,175],"capInsets":[0,0,0,0]}},{"__type__":"cc.SpriteFrame","content":{"name":"btn_shuangyou","texture":"b0Cn2pnvVONreEV8qobGtQ","rect":[1,2,169,173],"offset":[-1,-1],"originalSize":[173,175],"capInsets":[0,0,0,0]}},{"__type__":"cc.SpriteFrame","content":{"name":"btn_chi","texture":"9fMG8RA+9DO7/6m1TuAXCJ","rect":[0,0,172,174],"offset":[0,0],"originalSize":[172,174],"capInsets":[0,0,0,0]}},[{"__type__":"cc.Prefab","_name":"UIQZMJWBCard01","data":{"__id__":1}},{"__type__":"cc.Node","_name":"UIQZMJWBCard01","_children":[{"__id__":2},{"__id__":8},{"__id__":9},{"__id__":19}],"_components":[{"__type__":"fd2c6lNhztFLppDx/O5x4KE","node":{"__id__":1},"btn_in":{"__id__":2},"card":{"__id__":8},"downcard":{"__id__":9},"sp_tishi":{"__id__":19}}],"_prefab":{"__type__":"cc.PrefabInfo","root":{"__id__":1},"asset":{"__uuid__":"can2enlV5FO6Nw3qqNrLsi"},"fileId":"fcXyDm8atGEKbMWFxs3jTA"},"_contentSize":{"__type__":"cc.Size","width":1360,"height":120},"_trs":{"__type__":"TypedArray","ctor":"Float64Array","array":[0,0,0,0,0,0,1,1,1,1]}},{"__type__":"cc.Node","_name":"btn_in","_parent":{"__id__":1},"_children":[{"__id__":3},{"__id__":5},{"__id__":6},{"__id__":7}],"_prefab":{"__type__":"cc.PrefabInfo","root":{"__id__":1},"asset":{"__uuid__":"can2enlV5FO6Nw3qqNrLsi"},"fileId":"57O6ro3mxFAoTW4Zc7Ivaw"},"_contentSize":{"__type__":"cc.Size","width":84,"height":128},"_trs":{"__type__":"TypedArray","ctor":"Float64Array","array":[545,-30,0,0,0,0,1,1,1,1]}},{"__type__":"cc.Node","_name":"card","_parent":{"__id__":2},"_children":[{"__id__":4}],"_components":[{"__type__":"cc.Sprite","node":{"__id__":3}},{"__type__":"cc.Animation","node":{"__id__":3},"_clips":[{"__uuid__":"qzmjmjc5-6f3b-4c73-9502-aec8ce78b01b"},{"__uuid__":"qzmjmj18-f3e0-4957-b655-b48559862630"}]},{"__type__":"qzmjmj07-35e6-4d31-b557-06fb0042be9f","node":{"__id__":3},"JS_Name":"xymj_BaseComponent"}],"_prefab":{"__type__":"cc.PrefabInfo","root":{"__id__":1},"asset":{"__uuid__":"can2enlV5FO6Nw3qqNrLsi"},"fileId":"84Ufwy2MxEvZG02II9Eeig"},"_contentSize":{"__type__":"cc.Size","width":84,"height":128},"_trs":{"__type__":"TypedArray","ctor":"Float64Array","array":[0,30,0,0,0,0,1,1,1,1]}},{"__type__":"cc.Node","_name":"jin","_parent":{"__id__":3},"_active":false,"_components":[{"__type__":"cc.Sprite","node":{"__id__":4},"_materials":[{"__uuid__":"ecpdLyjvZBwrvm+cedCcQy"}],"_spriteFrame":{"__uuid__":"84k2JbletJ2Jo+4inD0lvV"}}],"_prefab":{"__type__":"cc.PrefabInfo","root":{"__id__":1},"asset":{"__uuid__":"can2enlV5FO6Nw3qqNrLsi"},"fileId":"07HcsBeflFjpD4LZ7e+RZY"},"_contentSize":{"__type__":"cc.Size","width":43,"height":44},"_trs":{"__type__":"TypedArray","ctor":"Float64Array","array":[20.272,24.918,0,0,0,0,1,1,1,1]}},{"__type__":"cc.Node","_name":"lock","_parent":{"__id__":2},"_active":false,"_components":[{"__type__":"cc.Sprite","node":{"__id__":5},"_spriteFrame":{"__uuid__":"a2MjXRFdtLlYQ5ouAFv/+R"},"_sizeMode":0}],"_prefab":{"__type__":"cc.PrefabInfo","root":{"__id__":1},"asset":{"__uuid__":"can2enlV5FO6Nw3qqNrLsi"},"fileId":"93jjJr0FxNiLC+DOfSJEER"},"_opacity":100,"_color":{"__type__":"cc.Color"},"_contentSize":{"__type__":"cc.Size","width":84,"height":128},"_trs":{"__type__":"TypedArray","ctor":"Float64Array","array":[0,30,0,0,0,0,1,1,1,1]}},{"__type__":"cc.Node","_name":"tip","_parent":{"__id__":2},"_active":false,"_components":[{"__type__":"cc.Sprite","node":{"__id__":6},"_materials":[{"__uuid__":"ecpdLyjvZBwrvm+cedCcQy"}],"_spriteFrame":{"__uuid__":"qzmjmj89-ab0d-444e-bb93-96afafc4d75d"}}],"_prefab":{"__type__":"cc.PrefabInfo","root":{"__id__":1},"asset":{"__uuid__":"can2enlV5FO6Nw3qqNrLsi"},"fileId":"c5OIf5TPtOdYU/n5x5wpIS"},"_contentSize":{"__type__":"cc.Size","width":42,"height":52},"_trs":{"__type__":"TypedArray","ctor":"Float64Array","array":[0,97.6,0,0,0,0,1,1,1,1]}},{"__type__":"cc.Node","_name":"you","_parent":{"__id__":2},"_active":false,"_components":[{"__type__":"cc.Label","node":{"__id__":7},"_materials":[{"__uuid__":"ecpdLyjvZBwrvm+cedCcQy"}],"_useOriginalSize":false,"_string":"游金","_N$string":"游金","_fontSize":30,"_lineHeight":30,"_N$horizontalAlign":1,"_N$verticalAlign":1}],"_prefab":{"__type__":"cc.PrefabInfo","root":{"__id__":1},"asset":{"__uuid__":"can2enlV5FO6Nw3qqNrLsi"},"fileId":"44XK8NrGJBYpCvFw2JQeWf"},"_color":{"__type__":"cc.Color","r":10,"g":224,"b":87},"_contentSize":{"__type__":"cc.Size","width":60,"height":37.8},"_trs":{"__type__":"TypedArray","ctor":"Float64Array","array":[0,102,0,0,0,0,1,1,1,1]}},{"__type__":"cc.Node","_name":"card","_parent":{"__id__":1},"_components":[{"__type__":"cc.Layout","node":{"__id__":8},"_layoutSize":{"__type__":"cc.Size","width":1053,"height":122},"_N$layoutType":1,"_N$spacingX":-1,"_N$horizontalDirection":1},{"__type__":"cc.Layout","node":{"__id__":8},"_layoutSize":{"__type__":"cc.Size","width":1053,"height":122}}],"_prefab":{"__type__":"cc.PrefabInfo","root":{"__id__":1},"asset":{"__uuid__":"can2enlV5FO6Nw3qqNrLsi"},"fileId":"6bU+djA6NDMICJhD+aGMPH"},"_contentSize":{"__type__":"cc.Size","width":1053,"height":122},"_trs":{"__type__":"TypedArray","ctor":"Float64Array","array":[38,0,0,0,0,0,1,0.85,1,1]}},{"__type__":"cc.Node","_name":"downcard","_parent":{"__id__":1},"_children":[{"__id__":10}],"_components":[{"__type__":"cc.Layout","node":{"__id__":9},"_layoutSize":{"__type__":"cc.Size","width":245,"height":120},"_resize":1,"_N$layoutType":1,"_N$spacingX":-40},{"__type__":"qzmjmj4b-140d-4a29-af82-be69e76160e8","node":{"__id__":9},"JS_Name":"xymj_BaseComponent"}],"_prefab":{"__type__":"cc.PrefabInfo","root":{"__id__":1},"asset":{"__uuid__":"can2enlV5FO6Nw3qqNrLsi"},"fileId":"16Lg4HCHJFdoEjntvB/l7P"},"_contentSize":{"__type__":"cc.Size","width":245,"height":120},"_anchorPoint":{"__type__":"cc.Vec2","y":0.5},"_trs":{"__type__":"TypedArray","ctor":"Float64Array","array":[-620,10,0,0,0,0,1,1,1,1]}},{"__type__":"cc.Node","_name":"down01","_parent":{"__id__":9},"_children":[{"__id__":11},{"__id__":13},{"__id__":15},{"__id__":17}],"_prefab":{"__type__":"cc.PrefabInfo","root":{"__id__":1},"asset":{"__uuid__":"can2enlV5FO6Nw3qqNrLsi"},"fileId":"a1NYrrOIlG+K2rsMkGQBZ4"},"_contentSize":{"__type__":"cc.Size","width":245,"height":118},"_trs":{"__type__":"TypedArray","ctor":"Float64Array","array":[122.5,0,0,0,0,0,1,1.3,1.3,1]}},{"__type__":"cc.Node","_name":"card01","_parent":{"__id__":10},"_children":[{"__id__":12}],"_components":[{"__type__":"cc.Sprite","node":{"__id__":11},"_materials":[{"__uuid__":"ecpdLyjvZBwrvm+cedCcQy"}],"_spriteFrame":{"__uuid__":"qzmjmj7d-d077-4e42-ac80-228ec758c4f0"}}],"_prefab":{"__type__":"cc.PrefabInfo","root":{"__id__":1},"asset":{"__uuid__":"can2enlV5FO6Nw3qqNrLsi"},"fileId":"76iZTNE6tAfJXS8skoN/oe"},"_contentSize":{"__type__":"cc.Size","width":47,"height":76},"_trs":{"__type__":"TypedArray","ctor":"Float64Array","array":[-76,0,0,0,0,0,1,1,1,1]}},{"__type__":"cc.Node","_name":"zhi","_parent":{"__id__":11},"_active":false,"_components":[{"__type__":"cc.Sprite","node":{"__id__":12},"_spriteFrame":{"__uuid__":"qzmjmj42-7085-406c-8f01-d33a4cff08b8"}}],"_prefab":{"__type__":"cc.PrefabInfo","root":{"__id__":1},"asset":{"__uuid__":"can2enlV5FO6Nw3qqNrLsi"},"fileId":"3aNtU7xTxL3bYy7AyuOF2Z"},"_contentSize":{"__type__":"cc.Size","width":34,"height":25},"_trs":{"__type__":"TypedArray","ctor":"Float64Array","array":[0.4,-6.8,0,0,0,0,1,0.7,0.7,1]}},{"__type__":"cc.Node","_name":"card02","_parent":{"__id__":10},"_children":[{"__id__":14}],"_components":[{"__type__":"cc.Sprite","node":{"__id__":13},"_materials":[{"__uuid__":"ecpdLyjvZBwrvm+cedCcQy"}],"_spriteFrame":{"__uuid__":"qzmjmj7d-d077-4e42-ac80-228ec758c4f0"}}],"_prefab":{"__type__":"cc.PrefabInfo","root":{"__id__":1},"asset":{"__uuid__":"can2enlV5FO6Nw3qqNrLsi"},"fileId":"116sv+B+pBcpG7SFwTOGh0"},"_contentSize":{"__type__":"cc.Size","width":47,"height":76},"_trs":{"__type__":"TypedArray","ctor":"Float64Array","array":[-27.9,0,0,0,0,0,1,1,1,1]}},{"__type__":"cc.Node","_name":"zhi","_parent":{"__id__":13},"_active":false,"_components":[{"__type__":"cc.Sprite","node":{"__id__":14},"_spriteFrame":{"__uuid__":"qzmjmj42-7085-406c-8f01-d33a4cff08b8"}}],"_prefab":{"__type__":"cc.PrefabInfo","root":{"__id__":1},"asset":{"__uuid__":"can2enlV5FO6Nw3qqNrLsi"},"fileId":"9dCfpsqZlBoYWB2cZNdRX3"},"_contentSize":{"__type__":"cc.Size","width":34,"height":25},"_trs":{"__type__":"TypedArray","ctor":"Float64Array","array":[0.4,-6.8,0,0,0,0,1,0.7,0.7,1]}},{"__type__":"cc.Node","_name":"card03","_parent":{"__id__":10},"_children":[{"__id__":16}],"_components":[{"__type__":"cc.Sprite","node":{"__id__":15},"_materials":[{"__uuid__":"ecpdLyjvZBwrvm+cedCcQy"}],"_spriteFrame":{"__uuid__":"qzmjmj7d-d077-4e42-ac80-228ec758c4f0"}}],"_prefab":{"__type__":"cc.PrefabInfo","root":{"__id__":1},"asset":{"__uuid__":"can2enlV5FO6Nw3qqNrLsi"},"fileId":"f9MvsJrAFAe596f6Ly/oqq"},"_contentSize":{"__type__":"cc.Size","width":47,"height":76},"_trs":{"__type__":"TypedArray","ctor":"Float64Array","array":[20.3,0.5,0,0,0,0,1,1,1,1]}},{"__type__":"cc.Node","_name":"zhi","_parent":{"__id__":15},"_active":false,"_components":[{"__type__":"cc.Sprite","node":{"__id__":16},"_spriteFrame":{"__uuid__":"qzmjmj42-7085-406c-8f01-d33a4cff08b8"}}],"_prefab":{"__type__":"cc.PrefabInfo","root":{"__id__":1},"asset":{"__uuid__":"can2enlV5FO6Nw3qqNrLsi"},"fileId":"64o+0AE7VOR5nPFIYGV8B2"},"_contentSize":{"__type__":"cc.Size","width":34,"height":25},"_trs":{"__type__":"TypedArray","ctor":"Float64Array","array":[0.4,-6.8,0,0,0,0,1,0.7,0.7,1]}},{"__type__":"cc.Node","_name":"card04","_parent":{"__id__":10},"_children":[{"__id__":18}],"_components":[{"__type__":"cc.Sprite","node":{"__id__":17},"_materials":[{"__uuid__":"ecpdLyjvZBwrvm+cedCcQy"}],"_spriteFrame":{"__uuid__":"qzmjmj7d-d077-4e42-ac80-228ec758c4f0"}}],"_prefab":{"__type__":"cc.PrefabInfo","root":{"__id__":1},"asset":{"__uuid__":"can2enlV5FO6Nw3qqNrLsi"},"fileId":"dbO9H9xv5Bw5SYaaShcH7e"},"_contentSize":{"__type__":"cc.Size","width":47,"height":76},"_trs":{"__type__":"TypedArray","ctor":"Float64Array","array":[-27.9,18.1,0,0,0,0,1,1,1,1]}},{"__type__":"cc.Node","_name":"zhi","_parent":{"__id__":17},"_components":[{"__type__":"cc.Sprite","node":{"__id__":18},"_materials":[{"__uuid__":"ecpdLyjvZBwrvm+cedCcQy"}],"_spriteFrame":{"__uuid__":"qzmjmj42-7085-406c-8f01-d33a4cff08b8"}}],"_prefab":{"__type__":"cc.PrefabInfo","root":{"__id__":1},"asset":{"__uuid__":"can2enlV5FO6Nw3qqNrLsi"},"fileId":"8bsdBZC+dIBqarlhhQk+Qm"},"_contentSize":{"__type__":"cc.Size","width":49,"height":51},"_trs":{"__type__":"TypedArray","ctor":"Float64Array","array":[0.4,-6.8,0,0,0,0,1,0.7,0.7,1]}},{"__type__":"cc.Node","_name":"sp_tishi","_parent":{"__id__":1},"_children":[{"__id__":20},{"__id__":21},{"__id__":22},{"__id__":23},{"__id__":24},{"__id__":25},{"__id__":26},{"__id__":27},{"__id__":28},{"__id__":29},{"__id__":30},{"__id__":31},{"__id__":32}],"_components":[{"__type__":"cc.Layout","node":{"__id__":19},"_layoutSize":{"__type__":"cc.Size","width":404,"height":100},"_N$layoutType":1,"_N$spacingX":15,"_N$horizontalDirection":1}],"_prefab":{"__type__":"cc.PrefabInfo","root":{"__id__":1},"asset":{"__uuid__":"can2enlV5FO6Nw3qqNrLsi"},"fileId":"fd0w73Pl9HDriG6k/JtU2s"},"_contentSize":{"__type__":"cc.Size","width":404,"height":100},"_trs":{"__type__":"TypedArray","ctor":"Float64Array","array":[273,375.266,0,0,0,0,1,1,1,1]}},{"__type__":"cc.Node","_name":"btn_cancel","_parent":{"__id__":19},"_components":[{"__type__":"cc.Sprite","node":{"__id__":20},"_materials":[{"__uuid__":"ecpdLyjvZBwrvm+cedCcQy"}],"_spriteFrame":{"__uuid__":"d2ZVhh6k9HEZJ0U1gfVZ6e"}},{"__type__":"cc.Button","node":{"__id__":20},"zoomScale":0.9,"clickEvents":[{"__type__":"cc.ClickEvent","target":{"__id__":1},"_componentId":"fd2c6lNhztFLppDx/O5x4KE","handler":"OnClick_BtnWnd"}],"_N$transition":3,"transition":3,"_N$pressedColor":{"__type__":"cc.Color","r":255,"g":255,"b":255},"pressedColor":{"__type__":"cc.Color","r":255,"g":255,"b":255},"_N$disabledColor":{"__type__":"cc.Color","r":255,"g":255,"b":255},"_N$pressedSprite":{"__uuid__":"e97GVMl6JHh5Ml5qEDdSGa"},"pressedSprite":{"__uuid__":"e97GVMl6JHh5Ml5qEDdSGa"},"_N$hoverSprite":{"__uuid__":"e97GVMl6JHh5Ml5qEDdSGa"},"hoverSprite":{"__uuid__":"e97GVMl6JHh5Ml5qEDdSGa"},"_N$disabledSprite":{"__uuid__":"29FYIk+N1GYaeWH/q1NxQO"},"_N$target":{"__id__":20}},{"__type__":"cc.Widget","node":{"__id__":20},"alignMode":0,"_alignFlags":36,"_left":1253.5,"_top":471.5,"_bottom":-15}],"_prefab":{"__type__":"cc.PrefabInfo","root":{"__id__":1},"asset":{"__uuid__":"can2enlV5FO6Nw3qqNrLsi"},"fileId":"b3jhBZid5N1J6Dod5wVcx8"},"_contentSize":{"__type__":"cc.Size","width":130,"height":130},"_trs":{"__type__":"TypedArray","ctor":"Float64Array","array":[137,0,0,0,0,0,1,1,1,1]}},{"__type__":"cc.Node","_name":"btn_next","_parent":{"__id__":19},"_components":[{"__type__":"cc.Sprite","node":{"__id__":21},"_materials":[{"__uuid__":"ecpdLyjvZBwrvm+cedCcQy"}],"_spriteFrame":{"__uuid__":"7e4Q8Zop5Kxq0/MA0xwYDt"}},{"__type__":"cc.Button","node":{"__id__":21},"zoomScale":0.9,"clickEvents":[{"__type__":"cc.ClickEvent","target":{"__id__":1},"_componentId":"fd2c6lNhztFLppDx/O5x4KE","handler":"OnClick_BtnWnd"}],"_N$transition":3,"transition":3,"_N$pressedColor":{"__type__":"cc.Color","r":255,"g":255,"b":255},"pressedColor":{"__type__":"cc.Color","r":255,"g":255,"b":255},"_N$disabledColor":{"__type__":"cc.Color","r":255,"g":255,"b":255},"_N$pressedSprite":{"__uuid__":"e97GVMl6JHh5Ml5qEDdSGa"},"pressedSprite":{"__uuid__":"e97GVMl6JHh5Ml5qEDdSGa"},"_N$hoverSprite":{"__uuid__":"e97GVMl6JHh5Ml5qEDdSGa"},"hoverSprite":{"__uuid__":"e97GVMl6JHh5Ml5qEDdSGa"},"_N$disabledSprite":{"__uuid__":"29FYIk+N1GYaeWH/q1NxQO"},"_N$target":{"__id__":21}},{"__type__":"cc.Widget","node":{"__id__":21},"alignMode":0,"_alignFlags":36,"_left":1253.5,"_right":145,"_top":471.5,"_bottom":-15}],"_prefab":{"__type__":"cc.PrefabInfo","root":{"__id__":1},"asset":{"__uuid__":"can2enlV5FO6Nw3qqNrLsi"},"fileId":"39ApCE0slA7reBXqB8eiRV"},"_contentSize":{"__type__":"cc.Size","width":130,"height":130},"_trs":{"__type__":"TypedArray","ctor":"Float64Array","array":[-8,0,0,0,0,0,1,1,1,1]}},{"__type__":"cc.Node","_name":"btn_chi","_parent":{"__id__":19},"_components":[{"__type__":"cc.Sprite","node":{"__id__":22},"_materials":[{"__uuid__":"ecpdLyjvZBwrvm+cedCcQy"}],"_spriteFrame":{"__uuid__":"c9sGI4SJZOw40Sy4zqnRDa"}},{"__type__":"cc.Button","node":{"__id__":22},"zoomScale":0.9,"clickEvents":[{"__type__":"cc.ClickEvent","target":{"__id__":1},"_componentId":"fd2c6lNhztFLppDx/O5x4KE","handler":"OnClick_BtnWnd"}],"_N$transition":3,"transition":3,"_N$pressedColor":{"__type__":"cc.Color","r":255,"g":255,"b":255},"pressedColor":{"__type__":"cc.Color","r":255,"g":255,"b":255},"_N$disabledColor":{"__type__":"cc.Color","r":255,"g":255,"b":255},"_N$pressedSprite":{"__uuid__":"e97GVMl6JHh5Ml5qEDdSGa"},"pressedSprite":{"__uuid__":"e97GVMl6JHh5Ml5qEDdSGa"},"_N$hoverSprite":{"__uuid__":"e97GVMl6JHh5Ml5qEDdSGa"},"hoverSprite":{"__uuid__":"e97GVMl6JHh5Ml5qEDdSGa"},"_N$disabledSprite":{"__uuid__":"29FYIk+N1GYaeWH/q1NxQO"},"_N$target":{"__id__":22}},{"__type__":"cc.Widget","node":{"__id__":22},"alignMode":0,"_alignFlags":36,"_left":1253.5,"_right":290,"_top":471.5,"_bottom":-37}],"_prefab":{"__type__":"cc.PrefabInfo","root":{"__id__":1},"asset":{"__uuid__":"can2enlV5FO6Nw3qqNrLsi"},"fileId":"23hMtxmOFAbopax9CxgtXq"},"_contentSize":{"__type__":"cc.Size","width":172,"height":174},"_trs":{"__type__":"TypedArray","ctor":"Float64Array","array":[-174,0,0,0,0,0,1,1,1,1]}},{"__type__":"cc.Node","_name":"btn_pen","_parent":{"__id__":19},"_components":[{"__type__":"cc.Sprite","node":{"__id__":23},"_materials":[{"__uuid__":"ecpdLyjvZBwrvm+cedCcQy"}],"_spriteFrame":{"__uuid__":"ddC4Bgm9FIy59BYmm7DFXu"}},{"__type__":"cc.Button","node":{"__id__":23},"zoomScale":0.9,"clickEvents":[{"__type__":"cc.ClickEvent","target":{"__id__":1},"_componentId":"fd2c6lNhztFLppDx/O5x4KE","handler":"OnClick_BtnWnd"}],"_N$transition":3,"transition":3,"_N$pressedColor":{"__type__":"cc.Color","r":255,"g":255,"b":255},"pressedColor":{"__type__":"cc.Color","r":255,"g":255,"b":255},"_N$disabledColor":{"__type__":"cc.Color","r":255,"g":255,"b":255},"_N$pressedSprite":{"__uuid__":"e97GVMl6JHh5Ml5qEDdSGa"},"pressedSprite":{"__uuid__":"e97GVMl6JHh5Ml5qEDdSGa"},"_N$hoverSprite":{"__uuid__":"e97GVMl6JHh5Ml5qEDdSGa"},"hoverSprite":{"__uuid__":"e97GVMl6JHh5Ml5qEDdSGa"},"_N$disabledSprite":{"__uuid__":"29FYIk+N1GYaeWH/q1NxQO"},"_N$target":{"__id__":23}},{"__type__":"cc.Widget","node":{"__id__":23},"alignMode":0,"_alignFlags":36,"_left":1253.5,"_right":477,"_top":471.5,"_bottom":-36}],"_prefab":{"__type__":"cc.PrefabInfo","root":{"__id__":1},"asset":{"__uuid__":"can2enlV5FO6Nw3qqNrLsi"},"fileId":"38WcCdKP5GSL9ZQ2YI2xa6"},"_contentSize":{"__type__":"cc.Size","width":172,"height":172},"_trs":{"__type__":"TypedArray","ctor":"Float64Array","array":[-361,0,0,0,0,0,1,1,1,1]}},{"__type__":"cc.Node","_name":"btn_gang","_parent":{"__id__":19},"_components":[{"__type__":"cc.Sprite","node":{"__id__":24},"_materials":[{"__uuid__":"ecpdLyjvZBwrvm+cedCcQy"}],"_spriteFrame":{"__uuid__":"1adTqGKWdG5pSCAgA13TVr"}},{"__type__":"cc.Button","node":{"__id__":24},"zoomScale":0.9,"clickEvents":[{"__type__":"cc.ClickEvent","target":{"__id__":1},"_componentId":"fd2c6lNhztFLppDx/O5x4KE","handler":"OnClick_BtnWnd"}],"_N$transition":3,"transition":3,"_N$pressedColor":{"__type__":"cc.Color","r":255,"g":255,"b":255},"pressedColor":{"__type__":"cc.Color","r":255,"g":255,"b":255},"_N$disabledColor":{"__type__":"cc.Color","r":255,"g":255,"b":255},"_N$pressedSprite":{"__uuid__":"e97GVMl6JHh5Ml5qEDdSGa"},"pressedSprite":{"__uuid__":"e97GVMl6JHh5Ml5qEDdSGa"},"_N$hoverSprite":{"__uuid__":"e97GVMl6JHh5Ml5qEDdSGa"},"hoverSprite":{"__uuid__":"e97GVMl6JHh5Ml5qEDdSGa"},"_N$disabledSprite":{"__uuid__":"29FYIk+N1GYaeWH/q1NxQO"},"_N$target":{"__id__":24}},{"__type__":"cc.Widget","node":{"__id__":24},"alignMode":0,"_alignFlags":36,"_left":1253.5,"_right":664,"_top":471.5,"_bottom":-37.5}],"_prefab":{"__type__":"cc.PrefabInfo","root":{"__id__":1},"asset":{"__uuid__":"can2enlV5FO6Nw3qqNrLsi"},"fileId":"a81D1yCBFI8KTSv82olmeL"},"_contentSize":{"__type__":"cc.Size","width":172,"height":175},"_trs":{"__type__":"TypedArray","ctor":"Float64Array","array":[-548,0,0,0,0,0,1,1,1,1]}},{"__type__":"cc.Node","_name":"btn_hu","_parent":{"__id__":19},"_components":[{"__type__":"cc.Sprite","node":{"__id__":25},"_materials":[{"__uuid__":"ecpdLyjvZBwrvm+cedCcQy"}],"_spriteFrame":{"__uuid__":"a2z+WfzdtLnJY0KtEXY3oe"}},{"__type__":"cc.Button","node":{"__id__":25},"zoomScale":0.9,"clickEvents":[{"__type__":"cc.ClickEvent","target":{"__id__":1},"_componentId":"fd2c6lNhztFLppDx/O5x4KE","handler":"OnClick_BtnWnd"}],"_N$transition":3,"transition":3,"_N$pressedColor":{"__type__":"cc.Color","r":255,"g":255,"b":255},"pressedColor":{"__type__":"cc.Color","r":255,"g":255,"b":255},"_N$disabledColor":{"__type__":"cc.Color","r":255,"g":255,"b":255},"_N$pressedSprite":{"__uuid__":"e97GVMl6JHh5Ml5qEDdSGa"},"pressedSprite":{"__uuid__":"e97GVMl6JHh5Ml5qEDdSGa"},"_N$hoverSprite":{"__uuid__":"e97GVMl6JHh5Ml5qEDdSGa"},"hoverSprite":{"__uuid__":"e97GVMl6JHh5Ml5qEDdSGa"},"_N$disabledSprite":{"__uuid__":"29FYIk+N1GYaeWH/q1NxQO"},"_N$target":{"__id__":25}},{"__type__":"cc.Widget","node":{"__id__":25},"alignMode":0,"_alignFlags":36,"_left":1253.5,"_right":851,"_top":471.5,"_bottom":-24.5}],"_prefab":{"__type__":"cc.PrefabInfo","root":{"__id__":1},"asset":{"__uuid__":"can2enlV5FO6Nw3qqNrLsi"},"fileId":"cfeNtO+fpGGZzK8OkmypGy"},"_contentSize":{"__type__":"cc.Size","width":145,"height":149},"_trs":{"__type__":"TypedArray","ctor":"Float64Array","array":[-721.5,0,0,0,0,0,1,1,1,1]}},{"__type__":"cc.Node","_name":"btn_shuangyou","_parent":{"__id__":19},"_components":[{"__type__":"cc.Sprite","node":{"__id__":26},"_materials":[{"__uuid__":"ecpdLyjvZBwrvm+cedCcQy"}],"_spriteFrame":{"__uuid__":"bdtH85m8NJQaXHbgXWHpjk"}},{"__type__":"cc.Button","node":{"__id__":26},"zoomScale":0.9,"clickEvents":[{"__type__":"cc.ClickEvent","target":{"__id__":1},"_componentId":"fd2c6lNhztFLppDx/O5x4KE","handler":"OnClick_BtnWnd"}],"_N$transition":3,"transition":3,"_N$pressedColor":{"__type__":"cc.Color","r":255,"g":255,"b":255},"pressedColor":{"__type__":"cc.Color","r":255,"g":255,"b":255},"_N$disabledColor":{"__type__":"cc.Color","r":255,"g":255,"b":255},"_N$pressedSprite":{"__uuid__":"e97GVMl6JHh5Ml5qEDdSGa"},"pressedSprite":{"__uuid__":"e97GVMl6JHh5Ml5qEDdSGa"},"_N$hoverSprite":{"__uuid__":"e97GVMl6JHh5Ml5qEDdSGa"},"hoverSprite":{"__uuid__":"e97GVMl6JHh5Ml5qEDdSGa"},"_N$disabledSprite":{"__uuid__":"29FYIk+N1GYaeWH/q1NxQO"},"_N$target":{"__id__":26}},{"__type__":"cc.Widget","node":{"__id__":26},"alignMode":0,"_alignFlags":36,"_left":1253.5,"_right":1011,"_top":471.5,"_bottom":-31.5}],"_prefab":{"__type__":"cc.PrefabInfo","root":{"__id__":1},"asset":{"__uuid__":"can2enlV5FO6Nw3qqNrLsi"},"fileId":"8eVn/cfzBBhZV0IhPwTNmi"},"_contentSize":{"__type__":"cc.Size","width":169,"height":173},"_trs":{"__type__":"TypedArray","ctor":"Float64Array","array":[-893.5,5,0,0,0,0,1,1,1,1]}},{"__type__":"cc.Node","_name":"btn_sanyou","_parent":{"__id__":19},"_components":[{"__type__":"cc.Sprite","node":{"__id__":27},"_materials":[{"__uuid__":"ecpdLyjvZBwrvm+cedCcQy"}],"_spriteFrame":{"__uuid__":"f0f0Op0NZNCpeMA4epB8Oy"}},{"__type__":"cc.Button","node":{"__id__":27},"zoomScale":0.9,"clickEvents":[{"__type__":"cc.ClickEvent","target":{"__id__":1},"_componentId":"fd2c6lNhztFLppDx/O5x4KE","handler":"OnClick_BtnWnd"}],"_N$transition":3,"transition":3,"_N$pressedColor":{"__type__":"cc.Color","r":255,"g":255,"b":255},"pressedColor":{"__type__":"cc.Color","r":255,"g":255,"b":255},"_N$disabledColor":{"__type__":"cc.Color","r":255,"g":255,"b":255},"_N$pressedSprite":{"__uuid__":"e97GVMl6JHh5Ml5qEDdSGa"},"pressedSprite":{"__uuid__":"e97GVMl6JHh5Ml5qEDdSGa"},"_N$hoverSprite":{"__uuid__":"e97GVMl6JHh5Ml5qEDdSGa"},"hoverSprite":{"__uuid__":"e97GVMl6JHh5Ml5qEDdSGa"},"_N$disabledSprite":{"__uuid__":"29FYIk+N1GYaeWH/q1NxQO"},"_N$target":{"__id__":27}},{"__type__":"cc.Widget","node":{"__id__":27},"alignMode":0,"_alignFlags":36,"_left":1253.5,"_right":1195,"_top":471.5,"_bottom":-31.5}],"_prefab":{"__type__":"cc.PrefabInfo","root":{"__id__":1},"asset":{"__uuid__":"can2enlV5FO6Nw3qqNrLsi"},"fileId":"9c1ls7X/9DtZ3xY6tTalzM"},"_contentSize":{"__type__":"cc.Size","width":166,"height":173},"_trs":{"__type__":"TypedArray","ctor":"Float64Array","array":[-1076,5,0,0,0,0,1,1,1,1]}},{"__type__":"cc.Node","_name":"btn_danyou","_parent":{"__id__":19},"_components":[{"__type__":"cc.Sprite","node":{"__id__":28},"_materials":[{"__uuid__":"ecpdLyjvZBwrvm+cedCcQy"}],"_spriteFrame":{"__uuid__":"86AxMU1ppAQbZ4mfJ3Md4O"}},{"__type__":"cc.Button","node":{"__id__":28},"zoomScale":0.9,"clickEvents":[{"__type__":"cc.ClickEvent","target":{"__id__":1},"_componentId":"fd2c6lNhztFLppDx/O5x4KE","handler":"OnClick_BtnWnd"}],"_N$transition":3,"transition":3,"_N$pressedColor":{"__type__":"cc.Color","r":255,"g":255,"b":255},"pressedColor":{"__type__":"cc.Color","r":255,"g":255,"b":255},"_N$disabledColor":{"__type__":"cc.Color","r":255,"g":255,"b":255},"_N$pressedSprite":{"__uuid__":"e97GVMl6JHh5Ml5qEDdSGa"},"pressedSprite":{"__uuid__":"e97GVMl6JHh5Ml5qEDdSGa"},"_N$hoverSprite":{"__uuid__":"e97GVMl6JHh5Ml5qEDdSGa"},"hoverSprite":{"__uuid__":"e97GVMl6JHh5Ml5qEDdSGa"},"_N$disabledSprite":{"__uuid__":"29FYIk+N1GYaeWH/q1NxQO"},"_N$target":{"__id__":28}},{"__type__":"cc.Widget","node":{"__id__":28},"alignMode":0,"_alignFlags":36,"_left":1253.5,"_right":1376,"_top":471.5,"_bottom":-31.5}],"_prefab":{"__type__":"cc.PrefabInfo","root":{"__id__":1},"asset":{"__uuid__":"can2enlV5FO6Nw3qqNrLsi"},"fileId":"c2RhZ9pp9Bb6/QBdnsPDFT"},"_contentSize":{"__type__":"cc.Size","width":175,"height":173},"_trs":{"__type__":"TypedArray","ctor":"Float64Array","array":[-1261.5,5,0,0,0,0,1,1,1,1]}},{"__type__":"cc.Node","_name":"btn_qiangjin","_parent":{"__id__":19},"_components":[{"__type__":"cc.Sprite","node":{"__id__":29},"_materials":[{"__uuid__":"ecpdLyjvZBwrvm+cedCcQy"}],"_spriteFrame":{"__uuid__":"98D+RC2XVGcINWtd9+hQKu"}},{"__type__":"cc.Button","node":{"__id__":29},"zoomScale":0.9,"clickEvents":[{"__type__":"cc.ClickEvent","target":{"__id__":1},"_componentId":"fd2c6lNhztFLppDx/O5x4KE","handler":"OnClick_BtnWnd"}],"_N$transition":3,"transition":3,"_N$pressedColor":{"__type__":"cc.Color","r":255,"g":255,"b":255},"pressedColor":{"__type__":"cc.Color","r":255,"g":255,"b":255},"_N$disabledColor":{"__type__":"cc.Color","r":255,"g":255,"b":255},"_N$pressedSprite":{"__uuid__":"e97GVMl6JHh5Ml5qEDdSGa"},"pressedSprite":{"__uuid__":"e97GVMl6JHh5Ml5qEDdSGa"},"_N$hoverSprite":{"__uuid__":"e97GVMl6JHh5Ml5qEDdSGa"},"hoverSprite":{"__uuid__":"e97GVMl6JHh5Ml5qEDdSGa"},"_N$disabledSprite":{"__uuid__":"29FYIk+N1GYaeWH/q1NxQO"},"_N$target":{"__id__":29}},{"__type__":"cc.Widget","node":{"__id__":29},"alignMode":0,"_alignFlags":36,"_left":1253.5,"_right":1566,"_top":471.5,"_bottom":-32}],"_prefab":{"__type__":"cc.PrefabInfo","root":{"__id__":1},"asset":{"__uuid__":"can2enlV5FO6Nw3qqNrLsi"},"fileId":"6eMyrVA2tPdqIs432gxYeT"},"_contentSize":{"__type__":"cc.Size","width":176,"height":174},"_trs":{"__type__":"TypedArray","ctor":"Float64Array","array":[-1452,5,0,0,0,0,1,1,1,1]}},{"__type__":"cc.Node","_name":"btn_sanjin","_parent":{"__id__":19},"_components":[{"__type__":"cc.Sprite","node":{"__id__":30},"_materials":[{"__uuid__":"ecpdLyjvZBwrvm+cedCcQy"}],"_spriteFrame":{"__uuid__":"7fEhCWvclA46OWlWQB1Vhc"}},{"__type__":"cc.Button","node":{"__id__":30},"zoomScale":0.9,"clickEvents":[{"__type__":"cc.ClickEvent","target":{"__id__":1},"_componentId":"fd2c6lNhztFLppDx/O5x4KE","handler":"OnClick_BtnWnd"}],"_N$transition":3,"transition":3,"_N$pressedColor":{"__type__":"cc.Color","r":255,"g":255,"b":255},"pressedColor":{"__type__":"cc.Color","r":255,"g":255,"b":255},"_N$disabledColor":{"__type__":"cc.Color","r":255,"g":255,"b":255},"_N$pressedSprite":{"__uuid__":"e97GVMl6JHh5Ml5qEDdSGa"},"pressedSprite":{"__uuid__":"e97GVMl6JHh5Ml5qEDdSGa"},"_N$hoverSprite":{"__uuid__":"e97GVMl6JHh5Ml5qEDdSGa"},"hoverSprite":{"__uuid__":"e97GVMl6JHh5Ml5qEDdSGa"},"_N$disabledSprite":{"__uuid__":"29FYIk+N1GYaeWH/q1NxQO"},"_N$target":{"__id__":30}},{"__type__":"cc.Widget","node":{"__id__":30},"alignMode":0,"_alignFlags":36,"_left":1253.5,"_right":1757,"_top":471.5,"_bottom":-31.5}],"_prefab":{"__type__":"cc.PrefabInfo","root":{"__id__":1},"asset":{"__uuid__":"can2enlV5FO6Nw3qqNrLsi"},"fileId":"2btxjL0gZJPL8u1XHw7m9q"},"_contentSize":{"__type__":"cc.Size","width":168,"height":173},"_trs":{"__type__":"TypedArray","ctor":"Float64Array","array":[-1639,5,0,0,0,0,1,1,1,1]}},{"__type__":"cc.Node","_name":"btn_sijin","_parent":{"__id__":19},"_components":[{"__type__":"cc.Sprite","node":{"__id__":31},"_materials":[{"__uuid__":"ecpdLyjvZBwrvm+cedCcQy"}],"_spriteFrame":{"__uuid__":"bcvHJ2ljtPKIdfmXh5Cz+d"}},{"__type__":"cc.Button","node":{"__id__":31},"zoomScale":0.9,"clickEvents":[{"__type__":"cc.ClickEvent","target":{"__id__":1},"_componentId":"fd2c6lNhztFLppDx/O5x4KE","handler":"OnClick_BtnWnd"}],"_N$transition":3,"transition":3,"_N$pressedColor":{"__type__":"cc.Color","r":255,"g":255,"b":255},"pressedColor":{"__type__":"cc.Color","r":255,"g":255,"b":255},"_N$disabledColor":{"__type__":"cc.Color","r":255,"g":255,"b":255},"_N$pressedSprite":{"__uuid__":"e97GVMl6JHh5Ml5qEDdSGa"},"pressedSprite":{"__uuid__":"e97GVMl6JHh5Ml5qEDdSGa"},"_N$hoverSprite":{"__uuid__":"e97GVMl6JHh5Ml5qEDdSGa"},"hoverSprite":{"__uuid__":"e97GVMl6JHh5Ml5qEDdSGa"},"_N$disabledSprite":{"__uuid__":"29FYIk+N1GYaeWH/q1NxQO"},"_N$target":{"__id__":31}},{"__type__":"cc.Widget","node":{"__id__":31},"alignMode":0,"_alignFlags":36,"_left":1253.5,"_right":1940,"_top":471.5,"_bottom":-31}],"_prefab":{"__type__":"cc.PrefabInfo","root":{"__id__":1},"asset":{"__uuid__":"can2enlV5FO6Nw3qqNrLsi"},"fileId":"79YduE51VDFZr6VTyorz1+"},"_contentSize":{"__type__":"cc.Size","width":167,"height":172},"_trs":{"__type__":"TypedArray","ctor":"Float64Array","array":[-1821.5,5,0,0,0,0,1,1,1,1]}},{"__type__":"cc.Node","_name":"btn_ting","_parent":{"__id__":19},"_components":[{"__type__":"cc.Sprite","node":{"__id__":32},"_materials":[{"__uuid__":"ecpdLyjvZBwrvm+cedCcQy"}],"_spriteFrame":{"__uuid__":"e1N3pwiOFLYYBnkoPs5QU0"}},{"__type__":"cc.Button","node":{"__id__":32},"zoomScale":0.9,"clickEvents":[{"__type__":"cc.ClickEvent","target":{"__id__":1},"_componentId":"fd2c6lNhztFLppDx/O5x4KE","handler":"OnClick_BtnWnd"}],"_N$transition":3,"transition":3,"_N$pressedColor":{"__type__":"cc.Color","r":255,"g":255,"b":255},"pressedColor":{"__type__":"cc.Color","r":255,"g":255,"b":255},"_N$disabledColor":{"__type__":"cc.Color","r":255,"g":255,"b":255},"_N$pressedSprite":{"__uuid__":"e97GVMl6JHh5Ml5qEDdSGa"},"pressedSprite":{"__uuid__":"e97GVMl6JHh5Ml5qEDdSGa"},"_N$hoverSprite":{"__uuid__":"e97GVMl6JHh5Ml5qEDdSGa"},"hoverSprite":{"__uuid__":"e97GVMl6JHh5Ml5qEDdSGa"},"_N$disabledSprite":{"__uuid__":"29FYIk+N1GYaeWH/q1NxQO"},"_N$target":{"__id__":32}},{"__type__":"cc.Widget","node":{"__id__":32},"alignMode":0,"_alignFlags":36,"_left":1253.5,"_right":2122,"_top":471.5,"_bottom":-31.5}],"_prefab":{"__type__":"cc.PrefabInfo","root":{"__id__":1},"asset":{"__uuid__":"can2enlV5FO6Nw3qqNrLsi"},"fileId":"a1AzUtUXNCtb09WNT/y65k"},"_contentSize":{"__type__":"cc.Size","width":166,"height":173},"_trs":{"__type__":"TypedArray","ctor":"Float64Array","array":[-2003,5,0,0,0,0,1,1,1,1]}}],{"__type__":"cc.SpriteFrame","content":{"name":"btn_qi","texture":"fbz/m1OkxGvJKLSzJ8ILFj","rect":[0,0,130,130],"offset":[0,0],"originalSize":[130,130],"capInsets":[0,0,0,0]}},{"__type__":"cc.SpriteFrame","content":{"name":"btn_peng","texture":"a5A/DdVK5Gs6o+6IfKejQF","rect":[0,2,172,172],"offset":[-1.5,-0.5],"originalSize":[175,175],"capInsets":[0,0,0,0]}},{"__type__":"cc.SpriteFrame","content":{"name":"btn_ting","texture":"5fhNTGY1JC4rJn4p+PuM4V","rect":[2,1,166,173],"offset":[-0.5,0],"originalSize":[171,175],"capInsets":[0,0,0,0]}},{"__type__":"cc.SpriteFrame","content":{"name":"default_btn_pressed","texture":"b4P/PCArtIdIH38t6mlw8Y","rect":[0,0,40,40],"offset":[0,0],"originalSize":[40,40],"capInsets":[12,12,12,12]}},{"__type__":"cc.SpriteFrame","content":{"name":"btn_sanyou","texture":"5d8gHOnvxDuICaDeUhrIlZ","rect":[2,1,166,173],"offset":[0,0],"originalSize":[170,175],"capInsets":[0,0,0,0]}},{"__type__":"cc.SpriteFrame","content":{"name":"icon_jt","texture":"qzmjmj8e-0829-444d-8630-ea2a3c8344df","rect":[1,0,49,51],"offset":[0.5,0],"originalSize":[50,51],"capInsets":[0,0,0,0]}},{"__type__":"cc.SpriteFrame","content":{"name":"hh_face_dao_24","texture":"qzmjmj84-3629-4500-9bbb-d3ddc183f2dc","rect":[0,0,47,76],"offset":[0,0],"originalSize":[47,76],"capInsets":[0,0,0,0]}},{"__type__":"cc.SpriteFrame","content":{"name":"icon_ting","texture":"qzmjmjed-3731-4bd9-a0e7-009eed8ecbe0","rect":[0,0,42,52],"offset":[0,0],"originalSize":[42,52],"capInsets":[0,0,0,0]}}]