[{"__type__":"cc.SpriteFrame","content":{"name":"ani_01","texture":"qzmjmj42-baac-48da-8d40-2666c7d171f2","rect":[33,19,805,405],"offset":[-5,2.5],"originalSize":[881,448],"capInsets":[0,0,0,0]}},[{"__type__":"cc.Prefab","_name":"genzhang","data":{"__id__":1}},{"__type__":"cc.Node","_name":"genzhang","_components":[{"__type__":"cc.Sprite","node":{"__id__":1},"_spriteFrame":{"__uuid__":"qzmjmja9-c1e4-4d51-8f1a-9c153c801460"},"_sizeMode":2,"_isTrimmedMode":false},{"__type__":"cc.Animation","node":{"__id__":1},"_defaultClip":{"__uuid__":"qzmjmjfe-feed-4e65-9e94-86d25aa03a35"},"_clips":[{"__uuid__":"qzmjmjfe-feed-4e65-9e94-86d25aa03a35"}]},{"__type__":"qzmjmja3-f7f6-43f3-bc26-19a21c44bee8","node":{"__id__":1}}],"_prefab":{"__type__":"cc.PrefabInfo","root":{"__id__":1},"asset":{"__uuid__":"qzmjmjab-dcdb-46f4-b2a2-00bac8cff410"},"fileId":"fcc45Sq/MBFvaRO8+Od5O/N"},"_contentSize":{"__type__":"cc.Size","width":881,"height":448},"_trs":{"__type__":"TypedArray","ctor":"Float64Array","array":[0,0,0,0,0,0,1,0.5,0.5,1]}}]]