[{"__type__":"cc.SpriteFrame","content":{"name":"tingpai","texture":"qzmjmj7a-21f2-4bda-9c95-3bef730b06ba","rect":[0,0,33,56],"offset":[0,0],"originalSize":[33,56],"capInsets":[0,0,0,0]}},{"__type__":"cc.SpriteFrame","content":{"name":"hh_face_li_18","texture":"qzmjmj4f-58b8-4726-b710-1909756f18be","rect":[0,0,84,128],"offset":[0,0],"originalSize":[84,128],"capInsets":[0,0,0,0]}},{"__type__":"cc.SpriteFrame","content":{"name":"btn_close","texture":"qzmjmj92-32f7-4285-86a1-d91834ad5e5d","rect":[0,0,39,92],"offset":[0,0],"originalSize":[39,92],"capInsets":[0,0,0,0]}},{"__type__":"cc.SpriteFrame","content":{"name":"bg_tingpai","texture":"qzmjmj84-533e-43f9-b5a5-80a6be1136c2","rect":[0,0,31,31],"offset":[0,0],"originalSize":[31,31],"capInsets":[12,10,13,11]}},[{"__type__":"cc.Prefab","_name":"qzmj_UIMJKeHu","data":{"__id__":1}},{"__type__":"cc.Node","_name":"qzmj_UIMJKeHu","_children":[{"__id__":2}],"_components":[{"__type__":"qzmjmj4a-b9fb-4cc5-80e0-9eec7b61308b","node":{"__id__":1},"JS_Name":"xymj_BaseComponent","btn_more":{"__id__":68},"btn_less":{"__id__":67}},{"__type__":"cc.Widget","node":{"__id__":1},"_alignFlags":45,"_originalWidth":44,"_originalHeight":98}],"_prefab":{"__type__":"cc.PrefabInfo","root":{"__id__":1},"asset":{"__uuid__":"qzmjmj3e-811e-42ca-8b5f-d367aaa25a38"},"fileId":"5367fnsl9hLZYhTqzq2xd16"},"_contentSize":{"__type__":"cc.Size","width":1360,"height":760},"_trs":{"__type__":"TypedArray","ctor":"Float64Array","array":[680,380,0,0,0,0,1,1,1,1]}},{"__type__":"cc.Node","_name":"layout","_parent":{"__id__":1},"_children":[{"__id__":3},{"__id__":4},{"__id__":7},{"__id__":10},{"__id__":13},{"__id__":16},{"__id__":19},{"__id__":22},{"__id__":25},{"__id__":28},{"__id__":31},{"__id__":34},{"__id__":37},{"__id__":40},{"__id__":43},{"__id__":46},{"__id__":49},{"__id__":52},{"__id__":55},{"__id__":58},{"__id__":61},{"__id__":64},{"__id__":67},{"__id__":68}],"_components":[{"__type__":"cc.Sprite","node":{"__id__":2},"_materials":[{"__uuid__":"ecpdLyjvZBwrvm+cedCcQy"}],"_spriteFrame":{"__uuid__":"qzmjmj2a-595d-4891-bf78-81da92417390"},"_type":1,"_sizeMode":0,"_isTrimmedMode":false},{"__type__":"cc.Layout","node":{"__id__":2},"_layoutSize":{"__type__":"cc.Size","width":1166,"height":98},"_resize":1,"_N$layoutType":1,"_N$paddingLeft":10,"_N$paddingRight":3,"_N$spacingX":10},{"__type__":"cc.Widget","node":{"__id__":2},"_target":{"__id__":1},"_alignFlags":12,"_left":260,"_bottom":145}],"_prefab":{"__type__":"cc.PrefabInfo","root":{"__id__":1},"asset":{"__uuid__":"qzmjmj3e-811e-42ca-8b5f-d367aaa25a38"},"fileId":"86WPTa/8ZCpI3e4xS0kXpR"},"_contentSize":{"__type__":"cc.Size","width":1166,"height":98},"_anchorPoint":{"__type__":"cc.Vec2","y":0.5},"_trs":{"__type__":"TypedArray","ctor":"Float64Array","array":[-420,-186,0,0,0,0,1,1,1,1]}},{"__type__":"cc.Node","_name":"kehu","_parent":{"__id__":2},"_components":[{"__type__":"cc.Sprite","node":{"__id__":3},"_materials":[{"__uuid__":"ecpdLyjvZBwrvm+cedCcQy"}],"_spriteFrame":{"__uuid__":"qzmjmj05-6497-4716-9daf-9e5b0075f156"}}],"_prefab":{"__type__":"cc.PrefabInfo","root":{"__id__":1},"asset":{"__uuid__":"qzmjmj3e-811e-42ca-8b5f-d367aaa25a38"},"fileId":"20sUsXnDxJgIPCKNebaefO"},"_contentSize":{"__type__":"cc.Size","width":33,"height":56},"_trs":{"__type__":"TypedArray","ctor":"Float64Array","array":[26.5,0,0,0,0,0,1,1,1,1]}},{"__type__":"cc.Node","_name":"card01","_parent":{"__id__":2},"_children":[{"__id__":5},{"__id__":6}],"_prefab":{"__type__":"cc.PrefabInfo","root":{"__id__":1},"asset":{"__uuid__":"qzmjmj3e-811e-42ca-8b5f-d367aaa25a38"},"fileId":"cdHOsROb9A8IwrdS/k/XGe"},"_opacity":243.78,"_contentSize":{"__type__":"cc.Size","width":41,"height":59},"_trs":{"__type__":"TypedArray","ctor":"Float64Array","array":[73.5,6,0,0,0,0,1,1,1,1]}},{"__type__":"cc.Node","_name":"lb_num","_parent":{"__id__":4},"_components":[{"__type__":"cc.Label","node":{"__id__":5},"_materials":[{"__uuid__":"ecpdLyjvZBwrvm+cedCcQy"}],"_useOriginalSize":false,"_string":"×4","_N$string":"×4","_fontSize":20,"_lineHeight":24,"_enableWrapText":false,"_N$file":{"__uuid__":"qzmjmj1e-650d-4484-9e24-10ffc791e225"},"_isSystemFontUsed":false,"_N$horizontalAlign":1,"_N$verticalAlign":1,"_N$overflow":2}],"_prefab":{"__type__":"cc.PrefabInfo","root":{"__id__":1},"asset":{"__uuid__":"qzmjmj3e-811e-42ca-8b5f-d367aaa25a38"},"fileId":"32UnSukGVDDKNSUoK1qLAo"},"_color":{"__type__":"cc.Color","r":200,"g":192,"b":119},"_contentSize":{"__type__":"cc.Size","width":31.41,"height":40},"_trs":{"__type__":"TypedArray","ctor":"Float64Array","array":[-0.8,-40,0,0,0,0,1,1,1,1]}},{"__type__":"cc.Node","_name":"card","_parent":{"__id__":4},"_components":[{"__type__":"cc.Sprite","node":{"__id__":6},"_materials":[{"__uuid__":"ecpdLyjvZBwrvm+cedCcQy"}],"_spriteFrame":{"__uuid__":"qzmjmj06-8c66-403a-bd98-609bf5e4fb4d"},"_sizeMode":0}],"_prefab":{"__type__":"cc.PrefabInfo","root":{"__id__":1},"asset":{"__uuid__":"qzmjmj3e-811e-42ca-8b5f-d367aaa25a38"},"fileId":"9a2GJmSCVAjK4WM5JzYCdO"},"_contentSize":{"__type__":"cc.Size","width":84,"height":128},"_trs":{"__type__":"TypedArray","ctor":"Float64Array","array":[-0.6,-6,0,0,0,0,1,0.4,0.4,1]}},{"__type__":"cc.Node","_name":"card02","_parent":{"__id__":2},"_children":[{"__id__":8},{"__id__":9}],"_prefab":{"__type__":"cc.PrefabInfo","root":{"__id__":1},"asset":{"__uuid__":"qzmjmj3e-811e-42ca-8b5f-d367aaa25a38"},"fileId":"dccIvq8QlHoLZznJzKnQZa"},"_opacity":243.78,"_contentSize":{"__type__":"cc.Size","width":41,"height":59},"_trs":{"__type__":"TypedArray","ctor":"Float64Array","array":[124.5,6,0,0,0,0,1,1,1,1]}},{"__type__":"cc.Node","_name":"lb_num","_parent":{"__id__":7},"_components":[{"__type__":"cc.Label","node":{"__id__":8},"_materials":[{"__uuid__":"ecpdLyjvZBwrvm+cedCcQy"}],"_useOriginalSize":false,"_string":"×4","_N$string":"×4","_fontSize":20,"_lineHeight":24,"_enableWrapText":false,"_N$file":{"__uuid__":"qzmjmj1e-650d-4484-9e24-10ffc791e225"},"_isSystemFontUsed":false,"_N$horizontalAlign":1,"_N$verticalAlign":1,"_N$overflow":2}],"_prefab":{"__type__":"cc.PrefabInfo","root":{"__id__":1},"asset":{"__uuid__":"qzmjmj3e-811e-42ca-8b5f-d367aaa25a38"},"fileId":"50V+GJ+45AP5Hqp0ZFMnx6"},"_color":{"__type__":"cc.Color","r":200,"g":192,"b":119},"_contentSize":{"__type__":"cc.Size","width":31.41,"height":40},"_trs":{"__type__":"TypedArray","ctor":"Float64Array","array":[-0.8,-40,0,0,0,0,1,1,1,1]}},{"__type__":"cc.Node","_name":"card","_parent":{"__id__":7},"_components":[{"__type__":"cc.Sprite","node":{"__id__":9},"_materials":[{"__uuid__":"ecpdLyjvZBwrvm+cedCcQy"}],"_spriteFrame":{"__uuid__":"qzmjmj06-8c66-403a-bd98-609bf5e4fb4d"},"_sizeMode":0}],"_prefab":{"__type__":"cc.PrefabInfo","root":{"__id__":1},"asset":{"__uuid__":"qzmjmj3e-811e-42ca-8b5f-d367aaa25a38"},"fileId":"c63NIq29tL+plbgyWSwJUw"},"_contentSize":{"__type__":"cc.Size","width":84,"height":128},"_trs":{"__type__":"TypedArray","ctor":"Float64Array","array":[-0.6,-6,0,0,0,0,1,0.4,0.4,1]}},{"__type__":"cc.Node","_name":"card03","_parent":{"__id__":2},"_children":[{"__id__":11},{"__id__":12}],"_prefab":{"__type__":"cc.PrefabInfo","root":{"__id__":1},"asset":{"__uuid__":"qzmjmj3e-811e-42ca-8b5f-d367aaa25a38"},"fileId":"c4j7J7z7ZGcYU99BRLufQQ"},"_opacity":243.78,"_contentSize":{"__type__":"cc.Size","width":41,"height":59},"_trs":{"__type__":"TypedArray","ctor":"Float64Array","array":[175.5,6,0,0,0,0,1,1,1,1]}},{"__type__":"cc.Node","_name":"lb_num","_parent":{"__id__":10},"_components":[{"__type__":"cc.Label","node":{"__id__":11},"_materials":[{"__uuid__":"ecpdLyjvZBwrvm+cedCcQy"}],"_useOriginalSize":false,"_string":"×4","_N$string":"×4","_fontSize":20,"_lineHeight":24,"_enableWrapText":false,"_N$file":{"__uuid__":"qzmjmj1e-650d-4484-9e24-10ffc791e225"},"_isSystemFontUsed":false,"_N$horizontalAlign":1,"_N$verticalAlign":1,"_N$overflow":2}],"_prefab":{"__type__":"cc.PrefabInfo","root":{"__id__":1},"asset":{"__uuid__":"qzmjmj3e-811e-42ca-8b5f-d367aaa25a38"},"fileId":"a1Uk8CCPNORJRxhdkI/X+s"},"_color":{"__type__":"cc.Color","r":200,"g":192,"b":119},"_contentSize":{"__type__":"cc.Size","width":31.41,"height":40},"_trs":{"__type__":"TypedArray","ctor":"Float64Array","array":[-0.8,-40,0,0,0,0,1,1,1,1]}},{"__type__":"cc.Node","_name":"card","_parent":{"__id__":10},"_components":[{"__type__":"cc.Sprite","node":{"__id__":12},"_materials":[{"__uuid__":"ecpdLyjvZBwrvm+cedCcQy"}],"_spriteFrame":{"__uuid__":"qzmjmj06-8c66-403a-bd98-609bf5e4fb4d"},"_sizeMode":0}],"_prefab":{"__type__":"cc.PrefabInfo","root":{"__id__":1},"asset":{"__uuid__":"qzmjmj3e-811e-42ca-8b5f-d367aaa25a38"},"fileId":"1b2O4gbohIa7vr0GmA+fUH"},"_contentSize":{"__type__":"cc.Size","width":84,"height":128},"_trs":{"__type__":"TypedArray","ctor":"Float64Array","array":[-0.6,-6,0,0,0,0,1,0.4,0.4,1]}},{"__type__":"cc.Node","_name":"card04","_parent":{"__id__":2},"_children":[{"__id__":14},{"__id__":15}],"_prefab":{"__type__":"cc.PrefabInfo","root":{"__id__":1},"asset":{"__uuid__":"qzmjmj3e-811e-42ca-8b5f-d367aaa25a38"},"fileId":"5dJ+Fk0JlN+JX1iNPtjvTx"},"_opacity":243.78,"_contentSize":{"__type__":"cc.Size","width":41,"height":59},"_trs":{"__type__":"TypedArray","ctor":"Float64Array","array":[226.5,6,0,0,0,0,1,1,1,1]}},{"__type__":"cc.Node","_name":"lb_num","_parent":{"__id__":13},"_components":[{"__type__":"cc.Label","node":{"__id__":14},"_materials":[{"__uuid__":"ecpdLyjvZBwrvm+cedCcQy"}],"_useOriginalSize":false,"_string":"×4","_N$string":"×4","_fontSize":20,"_lineHeight":24,"_enableWrapText":false,"_N$file":{"__uuid__":"qzmjmj1e-650d-4484-9e24-10ffc791e225"},"_isSystemFontUsed":false,"_N$horizontalAlign":1,"_N$verticalAlign":1,"_N$overflow":2}],"_prefab":{"__type__":"cc.PrefabInfo","root":{"__id__":1},"asset":{"__uuid__":"qzmjmj3e-811e-42ca-8b5f-d367aaa25a38"},"fileId":"f03kYvK+hJJLxLB5k6Ywfz"},"_color":{"__type__":"cc.Color","r":200,"g":192,"b":119},"_contentSize":{"__type__":"cc.Size","width":31.41,"height":40},"_trs":{"__type__":"TypedArray","ctor":"Float64Array","array":[-0.8,-40,0,0,0,0,1,1,1,1]}},{"__type__":"cc.Node","_name":"card","_parent":{"__id__":13},"_components":[{"__type__":"cc.Sprite","node":{"__id__":15},"_materials":[{"__uuid__":"ecpdLyjvZBwrvm+cedCcQy"}],"_spriteFrame":{"__uuid__":"qzmjmj06-8c66-403a-bd98-609bf5e4fb4d"},"_sizeMode":0}],"_prefab":{"__type__":"cc.PrefabInfo","root":{"__id__":1},"asset":{"__uuid__":"qzmjmj3e-811e-42ca-8b5f-d367aaa25a38"},"fileId":"59jFPaxpJLW4hfYVaOLi7R"},"_contentSize":{"__type__":"cc.Size","width":84,"height":128},"_trs":{"__type__":"TypedArray","ctor":"Float64Array","array":[-0.6,-6,0,0,0,0,1,0.4,0.4,1]}},{"__type__":"cc.Node","_name":"card05","_parent":{"__id__":2},"_children":[{"__id__":17},{"__id__":18}],"_prefab":{"__type__":"cc.PrefabInfo","root":{"__id__":1},"asset":{"__uuid__":"qzmjmj3e-811e-42ca-8b5f-d367aaa25a38"},"fileId":"56UmB/1m9AvbpashoH5BYt"},"_opacity":243.78,"_contentSize":{"__type__":"cc.Size","width":41,"height":59},"_trs":{"__type__":"TypedArray","ctor":"Float64Array","array":[277.5,6,0,0,0,0,1,1,1,1]}},{"__type__":"cc.Node","_name":"lb_num","_parent":{"__id__":16},"_components":[{"__type__":"cc.Label","node":{"__id__":17},"_materials":[{"__uuid__":"ecpdLyjvZBwrvm+cedCcQy"}],"_useOriginalSize":false,"_string":"×4","_N$string":"×4","_fontSize":20,"_lineHeight":24,"_enableWrapText":false,"_N$file":{"__uuid__":"qzmjmj1e-650d-4484-9e24-10ffc791e225"},"_isSystemFontUsed":false,"_N$horizontalAlign":1,"_N$verticalAlign":1,"_N$overflow":2}],"_prefab":{"__type__":"cc.PrefabInfo","root":{"__id__":1},"asset":{"__uuid__":"qzmjmj3e-811e-42ca-8b5f-d367aaa25a38"},"fileId":"6fWOGLithIxJBK5UgOqmym"},"_color":{"__type__":"cc.Color","r":200,"g":192,"b":119},"_contentSize":{"__type__":"cc.Size","width":31.41,"height":40},"_trs":{"__type__":"TypedArray","ctor":"Float64Array","array":[-0.8,-40,0,0,0,0,1,1,1,1]}},{"__type__":"cc.Node","_name":"card","_parent":{"__id__":16},"_components":[{"__type__":"cc.Sprite","node":{"__id__":18},"_materials":[{"__uuid__":"ecpdLyjvZBwrvm+cedCcQy"}],"_spriteFrame":{"__uuid__":"qzmjmj06-8c66-403a-bd98-609bf5e4fb4d"},"_sizeMode":0}],"_prefab":{"__type__":"cc.PrefabInfo","root":{"__id__":1},"asset":{"__uuid__":"qzmjmj3e-811e-42ca-8b5f-d367aaa25a38"},"fileId":"3bHgM1vGdP163kfBlMoH3f"},"_contentSize":{"__type__":"cc.Size","width":84,"height":128},"_trs":{"__type__":"TypedArray","ctor":"Float64Array","array":[-0.6,-6,0,0,0,0,1,0.4,0.4,1]}},{"__type__":"cc.Node","_name":"card06","_parent":{"__id__":2},"_children":[{"__id__":20},{"__id__":21}],"_prefab":{"__type__":"cc.PrefabInfo","root":{"__id__":1},"asset":{"__uuid__":"qzmjmj3e-811e-42ca-8b5f-d367aaa25a38"},"fileId":"4fZXnjHbZFe4ND2hKUBufV"},"_opacity":243.78,"_contentSize":{"__type__":"cc.Size","width":41,"height":59},"_trs":{"__type__":"TypedArray","ctor":"Float64Array","array":[328.5,6,0,0,0,0,1,1,1,1]}},{"__type__":"cc.Node","_name":"lb_num","_parent":{"__id__":19},"_components":[{"__type__":"cc.Label","node":{"__id__":20},"_materials":[{"__uuid__":"ecpdLyjvZBwrvm+cedCcQy"}],"_useOriginalSize":false,"_string":"×4","_N$string":"×4","_fontSize":20,"_lineHeight":24,"_enableWrapText":false,"_N$file":{"__uuid__":"qzmjmj1e-650d-4484-9e24-10ffc791e225"},"_isSystemFontUsed":false,"_N$horizontalAlign":1,"_N$verticalAlign":1,"_N$overflow":2}],"_prefab":{"__type__":"cc.PrefabInfo","root":{"__id__":1},"asset":{"__uuid__":"qzmjmj3e-811e-42ca-8b5f-d367aaa25a38"},"fileId":"e6PzTOM+pHhbk/VztdkdWK"},"_color":{"__type__":"cc.Color","r":200,"g":192,"b":119},"_contentSize":{"__type__":"cc.Size","width":31.41,"height":40},"_trs":{"__type__":"TypedArray","ctor":"Float64Array","array":[-0.8,-40,0,0,0,0,1,1,1,1]}},{"__type__":"cc.Node","_name":"card","_parent":{"__id__":19},"_components":[{"__type__":"cc.Sprite","node":{"__id__":21},"_materials":[{"__uuid__":"ecpdLyjvZBwrvm+cedCcQy"}],"_spriteFrame":{"__uuid__":"qzmjmj06-8c66-403a-bd98-609bf5e4fb4d"},"_sizeMode":0}],"_prefab":{"__type__":"cc.PrefabInfo","root":{"__id__":1},"asset":{"__uuid__":"qzmjmj3e-811e-42ca-8b5f-d367aaa25a38"},"fileId":"3dERfFwqpAHr1U6tTSsI0G"},"_contentSize":{"__type__":"cc.Size","width":84,"height":128},"_trs":{"__type__":"TypedArray","ctor":"Float64Array","array":[-0.6,-6,0,0,0,0,1,0.4,0.4,1]}},{"__type__":"cc.Node","_name":"card07","_parent":{"__id__":2},"_children":[{"__id__":23},{"__id__":24}],"_prefab":{"__type__":"cc.PrefabInfo","root":{"__id__":1},"asset":{"__uuid__":"qzmjmj3e-811e-42ca-8b5f-d367aaa25a38"},"fileId":"03tMMPKJxIGIUnZIiDvscp"},"_opacity":243.78,"_contentSize":{"__type__":"cc.Size","width":41,"height":59},"_trs":{"__type__":"TypedArray","ctor":"Float64Array","array":[379.5,6,0,0,0,0,1,1,1,1]}},{"__type__":"cc.Node","_name":"lb_num","_parent":{"__id__":22},"_components":[{"__type__":"cc.Label","node":{"__id__":23},"_materials":[{"__uuid__":"ecpdLyjvZBwrvm+cedCcQy"}],"_useOriginalSize":false,"_string":"×4","_N$string":"×4","_fontSize":20,"_lineHeight":24,"_enableWrapText":false,"_N$file":{"__uuid__":"qzmjmj1e-650d-4484-9e24-10ffc791e225"},"_isSystemFontUsed":false,"_N$horizontalAlign":1,"_N$verticalAlign":1,"_N$overflow":2}],"_prefab":{"__type__":"cc.PrefabInfo","root":{"__id__":1},"asset":{"__uuid__":"qzmjmj3e-811e-42ca-8b5f-d367aaa25a38"},"fileId":"e7ZYCoStdMH5FIeJ9LLHOo"},"_color":{"__type__":"cc.Color","r":200,"g":192,"b":119},"_contentSize":{"__type__":"cc.Size","width":31.41,"height":40},"_trs":{"__type__":"TypedArray","ctor":"Float64Array","array":[-0.8,-40,0,0,0,0,1,1,1,1]}},{"__type__":"cc.Node","_name":"card","_parent":{"__id__":22},"_components":[{"__type__":"cc.Sprite","node":{"__id__":24},"_materials":[{"__uuid__":"ecpdLyjvZBwrvm+cedCcQy"}],"_spriteFrame":{"__uuid__":"qzmjmj06-8c66-403a-bd98-609bf5e4fb4d"},"_sizeMode":0}],"_prefab":{"__type__":"cc.PrefabInfo","root":{"__id__":1},"asset":{"__uuid__":"qzmjmj3e-811e-42ca-8b5f-d367aaa25a38"},"fileId":"f2QEKm2e9Cx6t+GFmx0cdQ"},"_contentSize":{"__type__":"cc.Size","width":84,"height":128},"_trs":{"__type__":"TypedArray","ctor":"Float64Array","array":[-0.6,-6,0,0,0,0,1,0.4,0.4,1]}},{"__type__":"cc.Node","_name":"card08","_parent":{"__id__":2},"_children":[{"__id__":26},{"__id__":27}],"_prefab":{"__type__":"cc.PrefabInfo","root":{"__id__":1},"asset":{"__uuid__":"qzmjmj3e-811e-42ca-8b5f-d367aaa25a38"},"fileId":"d1MX17wZ9M4Ylb5IbFvygr"},"_opacity":243.78,"_contentSize":{"__type__":"cc.Size","width":41,"height":59},"_trs":{"__type__":"TypedArray","ctor":"Float64Array","array":[430.5,6,0,0,0,0,1,1,1,1]}},{"__type__":"cc.Node","_name":"lb_num","_parent":{"__id__":25},"_components":[{"__type__":"cc.Label","node":{"__id__":26},"_materials":[{"__uuid__":"ecpdLyjvZBwrvm+cedCcQy"}],"_useOriginalSize":false,"_string":"×4","_N$string":"×4","_fontSize":20,"_lineHeight":24,"_enableWrapText":false,"_N$file":{"__uuid__":"qzmjmj1e-650d-4484-9e24-10ffc791e225"},"_isSystemFontUsed":false,"_N$horizontalAlign":1,"_N$verticalAlign":1,"_N$overflow":2}],"_prefab":{"__type__":"cc.PrefabInfo","root":{"__id__":1},"asset":{"__uuid__":"qzmjmj3e-811e-42ca-8b5f-d367aaa25a38"},"fileId":"edWpTMPDNEhZbQtRBR0S3Q"},"_color":{"__type__":"cc.Color","r":200,"g":192,"b":119},"_contentSize":{"__type__":"cc.Size","width":31.41,"height":40},"_trs":{"__type__":"TypedArray","ctor":"Float64Array","array":[-0.8,-40,0,0,0,0,1,1,1,1]}},{"__type__":"cc.Node","_name":"card","_parent":{"__id__":25},"_components":[{"__type__":"cc.Sprite","node":{"__id__":27},"_materials":[{"__uuid__":"ecpdLyjvZBwrvm+cedCcQy"}],"_spriteFrame":{"__uuid__":"qzmjmj06-8c66-403a-bd98-609bf5e4fb4d"},"_sizeMode":0}],"_prefab":{"__type__":"cc.PrefabInfo","root":{"__id__":1},"asset":{"__uuid__":"qzmjmj3e-811e-42ca-8b5f-d367aaa25a38"},"fileId":"ccUqNkobZASol20clmNxRA"},"_contentSize":{"__type__":"cc.Size","width":84,"height":128},"_trs":{"__type__":"TypedArray","ctor":"Float64Array","array":[-0.6,-6,0,0,0,0,1,0.4,0.4,1]}},{"__type__":"cc.Node","_name":"card09","_parent":{"__id__":2},"_children":[{"__id__":29},{"__id__":30}],"_prefab":{"__type__":"cc.PrefabInfo","root":{"__id__":1},"asset":{"__uuid__":"qzmjmj3e-811e-42ca-8b5f-d367aaa25a38"},"fileId":"25a0+juhVD+4K1Apg2LATS"},"_opacity":243.78,"_contentSize":{"__type__":"cc.Size","width":41,"height":59},"_trs":{"__type__":"TypedArray","ctor":"Float64Array","array":[481.5,6,0,0,0,0,1,1,1,1]}},{"__type__":"cc.Node","_name":"lb_num","_parent":{"__id__":28},"_components":[{"__type__":"cc.Label","node":{"__id__":29},"_materials":[{"__uuid__":"ecpdLyjvZBwrvm+cedCcQy"}],"_useOriginalSize":false,"_string":"×4","_N$string":"×4","_fontSize":20,"_lineHeight":24,"_enableWrapText":false,"_N$file":{"__uuid__":"qzmjmj1e-650d-4484-9e24-10ffc791e225"},"_isSystemFontUsed":false,"_N$horizontalAlign":1,"_N$verticalAlign":1,"_N$overflow":2}],"_prefab":{"__type__":"cc.PrefabInfo","root":{"__id__":1},"asset":{"__uuid__":"qzmjmj3e-811e-42ca-8b5f-d367aaa25a38"},"fileId":"40/1NqF6RCtIuRrskVnbRR"},"_color":{"__type__":"cc.Color","r":200,"g":192,"b":119},"_contentSize":{"__type__":"cc.Size","width":31.41,"height":40},"_trs":{"__type__":"TypedArray","ctor":"Float64Array","array":[-0.8,-40,0,0,0,0,1,1,1,1]}},{"__type__":"cc.Node","_name":"card","_parent":{"__id__":28},"_components":[{"__type__":"cc.Sprite","node":{"__id__":30},"_materials":[{"__uuid__":"ecpdLyjvZBwrvm+cedCcQy"}],"_spriteFrame":{"__uuid__":"qzmjmj06-8c66-403a-bd98-609bf5e4fb4d"},"_sizeMode":0}],"_prefab":{"__type__":"cc.PrefabInfo","root":{"__id__":1},"asset":{"__uuid__":"qzmjmj3e-811e-42ca-8b5f-d367aaa25a38"},"fileId":"4cWgJ91sxH1aqFp7C83W0t"},"_contentSize":{"__type__":"cc.Size","width":84,"height":128},"_trs":{"__type__":"TypedArray","ctor":"Float64Array","array":[-0.6,-6,0,0,0,0,1,0.4,0.4,1]}},{"__type__":"cc.Node","_name":"card10","_parent":{"__id__":2},"_children":[{"__id__":32},{"__id__":33}],"_prefab":{"__type__":"cc.PrefabInfo","root":{"__id__":1},"asset":{"__uuid__":"qzmjmj3e-811e-42ca-8b5f-d367aaa25a38"},"fileId":"26EUYzNmNNiY09PyrlVOYp"},"_opacity":243.78,"_contentSize":{"__type__":"cc.Size","width":41,"height":59},"_trs":{"__type__":"TypedArray","ctor":"Float64Array","array":[532.5,6,0,0,0,0,1,1,1,1]}},{"__type__":"cc.Node","_name":"lb_num","_parent":{"__id__":31},"_components":[{"__type__":"cc.Label","node":{"__id__":32},"_materials":[{"__uuid__":"ecpdLyjvZBwrvm+cedCcQy"}],"_useOriginalSize":false,"_string":"×4","_N$string":"×4","_fontSize":20,"_lineHeight":24,"_enableWrapText":false,"_N$file":{"__uuid__":"qzmjmj1e-650d-4484-9e24-10ffc791e225"},"_isSystemFontUsed":false,"_N$horizontalAlign":1,"_N$verticalAlign":1,"_N$overflow":2}],"_prefab":{"__type__":"cc.PrefabInfo","root":{"__id__":1},"asset":{"__uuid__":"qzmjmj3e-811e-42ca-8b5f-d367aaa25a38"},"fileId":"47CB6m6RdMpqg/nGBmG7bV"},"_color":{"__type__":"cc.Color","r":200,"g":192,"b":119},"_contentSize":{"__type__":"cc.Size","width":31.41,"height":40},"_trs":{"__type__":"TypedArray","ctor":"Float64Array","array":[-0.8,-40,0,0,0,0,1,1,1,1]}},{"__type__":"cc.Node","_name":"card","_parent":{"__id__":31},"_components":[{"__type__":"cc.Sprite","node":{"__id__":33},"_materials":[{"__uuid__":"ecpdLyjvZBwrvm+cedCcQy"}],"_spriteFrame":{"__uuid__":"qzmjmj06-8c66-403a-bd98-609bf5e4fb4d"},"_sizeMode":0}],"_prefab":{"__type__":"cc.PrefabInfo","root":{"__id__":1},"asset":{"__uuid__":"qzmjmj3e-811e-42ca-8b5f-d367aaa25a38"},"fileId":"b39a6yhGlOvocKhjmboxp4"},"_contentSize":{"__type__":"cc.Size","width":84,"height":128},"_trs":{"__type__":"TypedArray","ctor":"Float64Array","array":[-0.6,-6,0,0,0,0,1,0.4,0.4,1]}},{"__type__":"cc.Node","_name":"card11","_parent":{"__id__":2},"_children":[{"__id__":35},{"__id__":36}],"_prefab":{"__type__":"cc.PrefabInfo","root":{"__id__":1},"asset":{"__uuid__":"qzmjmj3e-811e-42ca-8b5f-d367aaa25a38"},"fileId":"43WPLHbDNDZ5tZ5reMmlId"},"_opacity":243.78,"_contentSize":{"__type__":"cc.Size","width":41,"height":59},"_trs":{"__type__":"TypedArray","ctor":"Float64Array","array":[583.5,6,0,0,0,0,1,1,1,1]}},{"__type__":"cc.Node","_name":"lb_num","_parent":{"__id__":34},"_components":[{"__type__":"cc.Label","node":{"__id__":35},"_materials":[{"__uuid__":"ecpdLyjvZBwrvm+cedCcQy"}],"_useOriginalSize":false,"_string":"×4","_N$string":"×4","_fontSize":20,"_lineHeight":24,"_enableWrapText":false,"_N$file":{"__uuid__":"qzmjmj1e-650d-4484-9e24-10ffc791e225"},"_isSystemFontUsed":false,"_N$horizontalAlign":1,"_N$verticalAlign":1,"_N$overflow":2}],"_prefab":{"__type__":"cc.PrefabInfo","root":{"__id__":1},"asset":{"__uuid__":"qzmjmj3e-811e-42ca-8b5f-d367aaa25a38"},"fileId":"f9mM6nuq5FYZnJQj6TCVVQ"},"_color":{"__type__":"cc.Color","r":200,"g":192,"b":119},"_contentSize":{"__type__":"cc.Size","width":31.41,"height":40},"_trs":{"__type__":"TypedArray","ctor":"Float64Array","array":[-0.8,-40,0,0,0,0,1,1,1,1]}},{"__type__":"cc.Node","_name":"card","_parent":{"__id__":34},"_components":[{"__type__":"cc.Sprite","node":{"__id__":36},"_materials":[{"__uuid__":"ecpdLyjvZBwrvm+cedCcQy"}],"_spriteFrame":{"__uuid__":"qzmjmj06-8c66-403a-bd98-609bf5e4fb4d"},"_sizeMode":0}],"_prefab":{"__type__":"cc.PrefabInfo","root":{"__id__":1},"asset":{"__uuid__":"qzmjmj3e-811e-42ca-8b5f-d367aaa25a38"},"fileId":"bfhlzlt2JFaZsQSpSu+kuO"},"_contentSize":{"__type__":"cc.Size","width":84,"height":128},"_trs":{"__type__":"TypedArray","ctor":"Float64Array","array":[-0.6,-6,0,0,0,0,1,0.4,0.4,1]}},{"__type__":"cc.Node","_name":"card12","_parent":{"__id__":2},"_children":[{"__id__":38},{"__id__":39}],"_prefab":{"__type__":"cc.PrefabInfo","root":{"__id__":1},"asset":{"__uuid__":"qzmjmj3e-811e-42ca-8b5f-d367aaa25a38"},"fileId":"e00WEq5ltDMrajx3BcimT+"},"_opacity":243.78,"_contentSize":{"__type__":"cc.Size","width":41,"height":59},"_trs":{"__type__":"TypedArray","ctor":"Float64Array","array":[634.5,6,0,0,0,0,1,1,1,1]}},{"__type__":"cc.Node","_name":"lb_num","_parent":{"__id__":37},"_components":[{"__type__":"cc.Label","node":{"__id__":38},"_materials":[{"__uuid__":"ecpdLyjvZBwrvm+cedCcQy"}],"_useOriginalSize":false,"_string":"×4","_N$string":"×4","_fontSize":20,"_lineHeight":24,"_enableWrapText":false,"_N$file":{"__uuid__":"qzmjmj1e-650d-4484-9e24-10ffc791e225"},"_isSystemFontUsed":false,"_N$horizontalAlign":1,"_N$verticalAlign":1,"_N$overflow":2}],"_prefab":{"__type__":"cc.PrefabInfo","root":{"__id__":1},"asset":{"__uuid__":"qzmjmj3e-811e-42ca-8b5f-d367aaa25a38"},"fileId":"a3Ixo0CYtLL6WbZUxp/jLS"},"_color":{"__type__":"cc.Color","r":200,"g":192,"b":119},"_contentSize":{"__type__":"cc.Size","width":31.41,"height":40},"_trs":{"__type__":"TypedArray","ctor":"Float64Array","array":[-0.8,-40,0,0,0,0,1,1,1,1]}},{"__type__":"cc.Node","_name":"card","_parent":{"__id__":37},"_components":[{"__type__":"cc.Sprite","node":{"__id__":39},"_materials":[{"__uuid__":"ecpdLyjvZBwrvm+cedCcQy"}],"_spriteFrame":{"__uuid__":"qzmjmj06-8c66-403a-bd98-609bf5e4fb4d"},"_sizeMode":0}],"_prefab":{"__type__":"cc.PrefabInfo","root":{"__id__":1},"asset":{"__uuid__":"qzmjmj3e-811e-42ca-8b5f-d367aaa25a38"},"fileId":"05KozCX7JJJ5pyIUWzPen5"},"_contentSize":{"__type__":"cc.Size","width":84,"height":128},"_trs":{"__type__":"TypedArray","ctor":"Float64Array","array":[-0.6,-6,0,0,0,0,1,0.4,0.4,1]}},{"__type__":"cc.Node","_name":"card13","_parent":{"__id__":2},"_children":[{"__id__":41},{"__id__":42}],"_prefab":{"__type__":"cc.PrefabInfo","root":{"__id__":1},"asset":{"__uuid__":"qzmjmj3e-811e-42ca-8b5f-d367aaa25a38"},"fileId":"53/UduAflPoq7AZkpTaw5L"},"_opacity":243.78,"_contentSize":{"__type__":"cc.Size","width":41,"height":59},"_trs":{"__type__":"TypedArray","ctor":"Float64Array","array":[685.5,6,0,0,0,0,1,1,1,1]}},{"__type__":"cc.Node","_name":"lb_num","_parent":{"__id__":40},"_components":[{"__type__":"cc.Label","node":{"__id__":41},"_materials":[{"__uuid__":"ecpdLyjvZBwrvm+cedCcQy"}],"_useOriginalSize":false,"_string":"×4","_N$string":"×4","_fontSize":20,"_lineHeight":24,"_enableWrapText":false,"_N$file":{"__uuid__":"qzmjmj1e-650d-4484-9e24-10ffc791e225"},"_isSystemFontUsed":false,"_N$horizontalAlign":1,"_N$verticalAlign":1,"_N$overflow":2}],"_prefab":{"__type__":"cc.PrefabInfo","root":{"__id__":1},"asset":{"__uuid__":"qzmjmj3e-811e-42ca-8b5f-d367aaa25a38"},"fileId":"f0dZtcHBNIWr7jxoyFB6w4"},"_color":{"__type__":"cc.Color","r":200,"g":192,"b":119},"_contentSize":{"__type__":"cc.Size","width":31.41,"height":40},"_trs":{"__type__":"TypedArray","ctor":"Float64Array","array":[-0.8,-40,0,0,0,0,1,1,1,1]}},{"__type__":"cc.Node","_name":"card","_parent":{"__id__":40},"_components":[{"__type__":"cc.Sprite","node":{"__id__":42},"_materials":[{"__uuid__":"ecpdLyjvZBwrvm+cedCcQy"}],"_spriteFrame":{"__uuid__":"qzmjmj06-8c66-403a-bd98-609bf5e4fb4d"},"_sizeMode":0}],"_prefab":{"__type__":"cc.PrefabInfo","root":{"__id__":1},"asset":{"__uuid__":"qzmjmj3e-811e-42ca-8b5f-d367aaa25a38"},"fileId":"48BdJPuYxNgKaCBDibkmbF"},"_contentSize":{"__type__":"cc.Size","width":84,"height":128},"_trs":{"__type__":"TypedArray","ctor":"Float64Array","array":[-0.6,-6,0,0,0,0,1,0.4,0.4,1]}},{"__type__":"cc.Node","_name":"card14","_parent":{"__id__":2},"_children":[{"__id__":44},{"__id__":45}],"_prefab":{"__type__":"cc.PrefabInfo","root":{"__id__":1},"asset":{"__uuid__":"qzmjmj3e-811e-42ca-8b5f-d367aaa25a38"},"fileId":"0bE4wH+oBJOY8oryeDyKSA"},"_opacity":243.78,"_contentSize":{"__type__":"cc.Size","width":41,"height":59},"_trs":{"__type__":"TypedArray","ctor":"Float64Array","array":[736.5,6,0,0,0,0,1,1,1,1]}},{"__type__":"cc.Node","_name":"lb_num","_parent":{"__id__":43},"_components":[{"__type__":"cc.Label","node":{"__id__":44},"_materials":[{"__uuid__":"ecpdLyjvZBwrvm+cedCcQy"}],"_useOriginalSize":false,"_string":"×4","_N$string":"×4","_fontSize":20,"_lineHeight":24,"_enableWrapText":false,"_N$file":{"__uuid__":"qzmjmj1e-650d-4484-9e24-10ffc791e225"},"_isSystemFontUsed":false,"_N$horizontalAlign":1,"_N$verticalAlign":1,"_N$overflow":2}],"_prefab":{"__type__":"cc.PrefabInfo","root":{"__id__":1},"asset":{"__uuid__":"qzmjmj3e-811e-42ca-8b5f-d367aaa25a38"},"fileId":"fdkLUQzY1HY5HijVoG36DW"},"_color":{"__type__":"cc.Color","r":200,"g":192,"b":119},"_contentSize":{"__type__":"cc.Size","width":31.41,"height":40},"_trs":{"__type__":"TypedArray","ctor":"Float64Array","array":[-0.8,-40,0,0,0,0,1,1,1,1]}},{"__type__":"cc.Node","_name":"card","_parent":{"__id__":43},"_components":[{"__type__":"cc.Sprite","node":{"__id__":45},"_materials":[{"__uuid__":"ecpdLyjvZBwrvm+cedCcQy"}],"_spriteFrame":{"__uuid__":"qzmjmj06-8c66-403a-bd98-609bf5e4fb4d"},"_sizeMode":0}],"_prefab":{"__type__":"cc.PrefabInfo","root":{"__id__":1},"asset":{"__uuid__":"qzmjmj3e-811e-42ca-8b5f-d367aaa25a38"},"fileId":"394kauUPtP67ycdjOYjxIN"},"_contentSize":{"__type__":"cc.Size","width":84,"height":128},"_trs":{"__type__":"TypedArray","ctor":"Float64Array","array":[-0.6,-6,0,0,0,0,1,0.4,0.4,1]}},{"__type__":"cc.Node","_name":"card15","_parent":{"__id__":2},"_children":[{"__id__":47},{"__id__":48}],"_prefab":{"__type__":"cc.PrefabInfo","root":{"__id__":1},"asset":{"__uuid__":"qzmjmj3e-811e-42ca-8b5f-d367aaa25a38"},"fileId":"7b8dOpzM1LN7rwtaab3cVL"},"_opacity":243.78,"_contentSize":{"__type__":"cc.Size","width":41,"height":59},"_trs":{"__type__":"TypedArray","ctor":"Float64Array","array":[787.5,6,0,0,0,0,1,1,1,1]}},{"__type__":"cc.Node","_name":"lb_num","_parent":{"__id__":46},"_components":[{"__type__":"cc.Label","node":{"__id__":47},"_materials":[{"__uuid__":"ecpdLyjvZBwrvm+cedCcQy"}],"_useOriginalSize":false,"_string":"×4","_N$string":"×4","_fontSize":20,"_lineHeight":24,"_enableWrapText":false,"_N$file":{"__uuid__":"qzmjmj1e-650d-4484-9e24-10ffc791e225"},"_isSystemFontUsed":false,"_N$horizontalAlign":1,"_N$verticalAlign":1,"_N$overflow":2}],"_prefab":{"__type__":"cc.PrefabInfo","root":{"__id__":1},"asset":{"__uuid__":"qzmjmj3e-811e-42ca-8b5f-d367aaa25a38"},"fileId":"33SLKMsAJDFbAQjqapd4Hw"},"_color":{"__type__":"cc.Color","r":200,"g":192,"b":119},"_contentSize":{"__type__":"cc.Size","width":31.41,"height":40},"_trs":{"__type__":"TypedArray","ctor":"Float64Array","array":[-0.8,-40,0,0,0,0,1,1,1,1]}},{"__type__":"cc.Node","_name":"card","_parent":{"__id__":46},"_components":[{"__type__":"cc.Sprite","node":{"__id__":48},"_materials":[{"__uuid__":"ecpdLyjvZBwrvm+cedCcQy"}],"_spriteFrame":{"__uuid__":"qzmjmj06-8c66-403a-bd98-609bf5e4fb4d"},"_sizeMode":0}],"_prefab":{"__type__":"cc.PrefabInfo","root":{"__id__":1},"asset":{"__uuid__":"qzmjmj3e-811e-42ca-8b5f-d367aaa25a38"},"fileId":"8eZ6yKErRBi6K93RK65J9m"},"_contentSize":{"__type__":"cc.Size","width":84,"height":128},"_trs":{"__type__":"TypedArray","ctor":"Float64Array","array":[-0.6,-6,0,0,0,0,1,0.4,0.4,1]}},{"__type__":"cc.Node","_name":"card16","_parent":{"__id__":2},"_children":[{"__id__":50},{"__id__":51}],"_prefab":{"__type__":"cc.PrefabInfo","root":{"__id__":1},"asset":{"__uuid__":"qzmjmj3e-811e-42ca-8b5f-d367aaa25a38"},"fileId":"bc4BLs9lFByY1PTyjH9z/j"},"_opacity":243.78,"_contentSize":{"__type__":"cc.Size","width":41,"height":59},"_trs":{"__type__":"TypedArray","ctor":"Float64Array","array":[838.5,6,0,0,0,0,1,1,1,1]}},{"__type__":"cc.Node","_name":"lb_num","_parent":{"__id__":49},"_components":[{"__type__":"cc.Label","node":{"__id__":50},"_materials":[{"__uuid__":"ecpdLyjvZBwrvm+cedCcQy"}],"_useOriginalSize":false,"_string":"×4","_N$string":"×4","_fontSize":20,"_lineHeight":24,"_enableWrapText":false,"_N$file":{"__uuid__":"qzmjmj1e-650d-4484-9e24-10ffc791e225"},"_isSystemFontUsed":false,"_N$horizontalAlign":1,"_N$verticalAlign":1,"_N$overflow":2}],"_prefab":{"__type__":"cc.PrefabInfo","root":{"__id__":1},"asset":{"__uuid__":"qzmjmj3e-811e-42ca-8b5f-d367aaa25a38"},"fileId":"73MZx2bZNOXbus1vwpRXtc"},"_color":{"__type__":"cc.Color","r":200,"g":192,"b":119},"_contentSize":{"__type__":"cc.Size","width":31.41,"height":40},"_trs":{"__type__":"TypedArray","ctor":"Float64Array","array":[-0.8,-40,0,0,0,0,1,1,1,1]}},{"__type__":"cc.Node","_name":"card","_parent":{"__id__":49},"_components":[{"__type__":"cc.Sprite","node":{"__id__":51},"_materials":[{"__uuid__":"ecpdLyjvZBwrvm+cedCcQy"}],"_spriteFrame":{"__uuid__":"qzmjmj06-8c66-403a-bd98-609bf5e4fb4d"},"_sizeMode":0}],"_prefab":{"__type__":"cc.PrefabInfo","root":{"__id__":1},"asset":{"__uuid__":"qzmjmj3e-811e-42ca-8b5f-d367aaa25a38"},"fileId":"45RFa+iThER67KR4i5QPHc"},"_contentSize":{"__type__":"cc.Size","width":84,"height":128},"_trs":{"__type__":"TypedArray","ctor":"Float64Array","array":[-0.6,-6,0,0,0,0,1,0.4,0.4,1]}},{"__type__":"cc.Node","_name":"card17","_parent":{"__id__":2},"_children":[{"__id__":53},{"__id__":54}],"_prefab":{"__type__":"cc.PrefabInfo","root":{"__id__":1},"asset":{"__uuid__":"qzmjmj3e-811e-42ca-8b5f-d367aaa25a38"},"fileId":"05NLAojSxH0ryXDyXn+K6h"},"_opacity":243.78,"_contentSize":{"__type__":"cc.Size","width":41,"height":59},"_trs":{"__type__":"TypedArray","ctor":"Float64Array","array":[889.5,6,0,0,0,0,1,1,1,1]}},{"__type__":"cc.Node","_name":"lb_num","_parent":{"__id__":52},"_components":[{"__type__":"cc.Label","node":{"__id__":53},"_materials":[{"__uuid__":"ecpdLyjvZBwrvm+cedCcQy"}],"_useOriginalSize":false,"_string":"×4","_N$string":"×4","_fontSize":20,"_lineHeight":24,"_enableWrapText":false,"_N$file":{"__uuid__":"qzmjmj1e-650d-4484-9e24-10ffc791e225"},"_isSystemFontUsed":false,"_N$horizontalAlign":1,"_N$verticalAlign":1,"_N$overflow":2}],"_prefab":{"__type__":"cc.PrefabInfo","root":{"__id__":1},"asset":{"__uuid__":"qzmjmj3e-811e-42ca-8b5f-d367aaa25a38"},"fileId":"94EuPFEVdEbZZyndGdOwvY"},"_color":{"__type__":"cc.Color","r":200,"g":192,"b":119},"_contentSize":{"__type__":"cc.Size","width":31.41,"height":40},"_trs":{"__type__":"TypedArray","ctor":"Float64Array","array":[-0.8,-40,0,0,0,0,1,1,1,1]}},{"__type__":"cc.Node","_name":"card","_parent":{"__id__":52},"_components":[{"__type__":"cc.Sprite","node":{"__id__":54},"_materials":[{"__uuid__":"ecpdLyjvZBwrvm+cedCcQy"}],"_spriteFrame":{"__uuid__":"qzmjmj06-8c66-403a-bd98-609bf5e4fb4d"},"_sizeMode":0}],"_prefab":{"__type__":"cc.PrefabInfo","root":{"__id__":1},"asset":{"__uuid__":"qzmjmj3e-811e-42ca-8b5f-d367aaa25a38"},"fileId":"a5gpkw0TtALIhPuz+vqTQK"},"_contentSize":{"__type__":"cc.Size","width":84,"height":128},"_trs":{"__type__":"TypedArray","ctor":"Float64Array","array":[-0.6,-6,0,0,0,0,1,0.4,0.4,1]}},{"__type__":"cc.Node","_name":"card18","_parent":{"__id__":2},"_children":[{"__id__":56},{"__id__":57}],"_prefab":{"__type__":"cc.PrefabInfo","root":{"__id__":1},"asset":{"__uuid__":"qzmjmj3e-811e-42ca-8b5f-d367aaa25a38"},"fileId":"acrU5+7LRAvKcXUTIMe7NM"},"_opacity":243.78,"_contentSize":{"__type__":"cc.Size","width":41,"height":59},"_trs":{"__type__":"TypedArray","ctor":"Float64Array","array":[940.5,6,0,0,0,0,1,1,1,1]}},{"__type__":"cc.Node","_name":"lb_num","_parent":{"__id__":55},"_components":[{"__type__":"cc.Label","node":{"__id__":56},"_materials":[{"__uuid__":"ecpdLyjvZBwrvm+cedCcQy"}],"_useOriginalSize":false,"_string":"×4","_N$string":"×4","_fontSize":20,"_lineHeight":24,"_enableWrapText":false,"_N$file":{"__uuid__":"qzmjmj1e-650d-4484-9e24-10ffc791e225"},"_isSystemFontUsed":false,"_N$horizontalAlign":1,"_N$verticalAlign":1,"_N$overflow":2}],"_prefab":{"__type__":"cc.PrefabInfo","root":{"__id__":1},"asset":{"__uuid__":"qzmjmj3e-811e-42ca-8b5f-d367aaa25a38"},"fileId":"76wo7wOidN3LQLFvSqzb2E"},"_color":{"__type__":"cc.Color","r":200,"g":192,"b":119},"_contentSize":{"__type__":"cc.Size","width":31.41,"height":40},"_trs":{"__type__":"TypedArray","ctor":"Float64Array","array":[-0.8,-40,0,0,0,0,1,1,1,1]}},{"__type__":"cc.Node","_name":"card","_parent":{"__id__":55},"_components":[{"__type__":"cc.Sprite","node":{"__id__":57},"_materials":[{"__uuid__":"ecpdLyjvZBwrvm+cedCcQy"}],"_spriteFrame":{"__uuid__":"qzmjmj06-8c66-403a-bd98-609bf5e4fb4d"},"_sizeMode":0}],"_prefab":{"__type__":"cc.PrefabInfo","root":{"__id__":1},"asset":{"__uuid__":"qzmjmj3e-811e-42ca-8b5f-d367aaa25a38"},"fileId":"78sUBFfZZFtJm0t5KVD311"},"_contentSize":{"__type__":"cc.Size","width":84,"height":128},"_trs":{"__type__":"TypedArray","ctor":"Float64Array","array":[-0.6,-6,0,0,0,0,1,0.4,0.4,1]}},{"__type__":"cc.Node","_name":"card19","_parent":{"__id__":2},"_children":[{"__id__":59},{"__id__":60}],"_prefab":{"__type__":"cc.PrefabInfo","root":{"__id__":1},"asset":{"__uuid__":"qzmjmj3e-811e-42ca-8b5f-d367aaa25a38"},"fileId":"1bbEujdZ9OjrGhJwoc3g+y"},"_opacity":243.78,"_contentSize":{"__type__":"cc.Size","width":41,"height":59},"_trs":{"__type__":"TypedArray","ctor":"Float64Array","array":[991.5,6,0,0,0,0,1,1,1,1]}},{"__type__":"cc.Node","_name":"lb_num","_parent":{"__id__":58},"_components":[{"__type__":"cc.Label","node":{"__id__":59},"_materials":[{"__uuid__":"ecpdLyjvZBwrvm+cedCcQy"}],"_useOriginalSize":false,"_string":"×4","_N$string":"×4","_fontSize":20,"_lineHeight":24,"_enableWrapText":false,"_N$file":{"__uuid__":"qzmjmj1e-650d-4484-9e24-10ffc791e225"},"_isSystemFontUsed":false,"_N$horizontalAlign":1,"_N$verticalAlign":1,"_N$overflow":2}],"_prefab":{"__type__":"cc.PrefabInfo","root":{"__id__":1},"asset":{"__uuid__":"qzmjmj3e-811e-42ca-8b5f-d367aaa25a38"},"fileId":"a66FCY4xdJa7fGvHSWUoVI"},"_color":{"__type__":"cc.Color","r":200,"g":192,"b":119},"_contentSize":{"__type__":"cc.Size","width":31.41,"height":40},"_trs":{"__type__":"TypedArray","ctor":"Float64Array","array":[-0.8,-40,0,0,0,0,1,1,1,1]}},{"__type__":"cc.Node","_name":"card","_parent":{"__id__":58},"_components":[{"__type__":"cc.Sprite","node":{"__id__":60},"_materials":[{"__uuid__":"ecpdLyjvZBwrvm+cedCcQy"}],"_spriteFrame":{"__uuid__":"qzmjmj06-8c66-403a-bd98-609bf5e4fb4d"},"_sizeMode":0}],"_prefab":{"__type__":"cc.PrefabInfo","root":{"__id__":1},"asset":{"__uuid__":"qzmjmj3e-811e-42ca-8b5f-d367aaa25a38"},"fileId":"d2AHVWl+dI344lmLRhpKRA"},"_contentSize":{"__type__":"cc.Size","width":84,"height":128},"_trs":{"__type__":"TypedArray","ctor":"Float64Array","array":[-0.6,-6,0,0,0,0,1,0.4,0.4,1]}},{"__type__":"cc.Node","_name":"card20","_parent":{"__id__":2},"_children":[{"__id__":62},{"__id__":63}],"_prefab":{"__type__":"cc.PrefabInfo","root":{"__id__":1},"asset":{"__uuid__":"qzmjmj3e-811e-42ca-8b5f-d367aaa25a38"},"fileId":"1dsG4OOTZAmZU0Heoe2WEc"},"_opacity":243.78,"_contentSize":{"__type__":"cc.Size","width":41,"height":59},"_trs":{"__type__":"TypedArray","ctor":"Float64Array","array":[1042.5,6,0,0,0,0,1,1,1,1]}},{"__type__":"cc.Node","_name":"lb_num","_parent":{"__id__":61},"_components":[{"__type__":"cc.Label","node":{"__id__":62},"_materials":[{"__uuid__":"ecpdLyjvZBwrvm+cedCcQy"}],"_useOriginalSize":false,"_string":"×4","_N$string":"×4","_fontSize":20,"_lineHeight":24,"_enableWrapText":false,"_N$file":{"__uuid__":"qzmjmj1e-650d-4484-9e24-10ffc791e225"},"_isSystemFontUsed":false,"_N$horizontalAlign":1,"_N$verticalAlign":1,"_N$overflow":2}],"_prefab":{"__type__":"cc.PrefabInfo","root":{"__id__":1},"asset":{"__uuid__":"qzmjmj3e-811e-42ca-8b5f-d367aaa25a38"},"fileId":"91QfYXy+JOYoyH5UzMkG7D"},"_color":{"__type__":"cc.Color","r":200,"g":192,"b":119},"_contentSize":{"__type__":"cc.Size","width":31.41,"height":40},"_trs":{"__type__":"TypedArray","ctor":"Float64Array","array":[-0.8,-40,0,0,0,0,1,1,1,1]}},{"__type__":"cc.Node","_name":"card","_parent":{"__id__":61},"_components":[{"__type__":"cc.Sprite","node":{"__id__":63},"_materials":[{"__uuid__":"ecpdLyjvZBwrvm+cedCcQy"}],"_spriteFrame":{"__uuid__":"qzmjmj06-8c66-403a-bd98-609bf5e4fb4d"},"_sizeMode":0}],"_prefab":{"__type__":"cc.PrefabInfo","root":{"__id__":1},"asset":{"__uuid__":"qzmjmj3e-811e-42ca-8b5f-d367aaa25a38"},"fileId":"14FPzjSStFApG2QtjERRCl"},"_contentSize":{"__type__":"cc.Size","width":84,"height":128},"_trs":{"__type__":"TypedArray","ctor":"Float64Array","array":[-0.6,-6,0,0,0,0,1,0.4,0.4,1]}},{"__type__":"cc.Node","_name":"card21","_parent":{"__id__":2},"_children":[{"__id__":65},{"__id__":66}],"_prefab":{"__type__":"cc.PrefabInfo","root":{"__id__":1},"asset":{"__uuid__":"qzmjmj3e-811e-42ca-8b5f-d367aaa25a38"},"fileId":"9d2NkyQRBFQZipTQg1fvtn"},"_opacity":243.78,"_contentSize":{"__type__":"cc.Size","width":41,"height":59},"_trs":{"__type__":"TypedArray","ctor":"Float64Array","array":[1093.5,6,0,0,0,0,1,1,1,1]}},{"__type__":"cc.Node","_name":"lb_num","_parent":{"__id__":64},"_components":[{"__type__":"cc.Label","node":{"__id__":65},"_materials":[{"__uuid__":"ecpdLyjvZBwrvm+cedCcQy"}],"_useOriginalSize":false,"_string":"×4","_N$string":"×4","_fontSize":20,"_lineHeight":24,"_enableWrapText":false,"_N$file":{"__uuid__":"qzmjmj1e-650d-4484-9e24-10ffc791e225"},"_isSystemFontUsed":false,"_N$horizontalAlign":1,"_N$verticalAlign":1,"_N$overflow":2}],"_prefab":{"__type__":"cc.PrefabInfo","root":{"__id__":1},"asset":{"__uuid__":"qzmjmj3e-811e-42ca-8b5f-d367aaa25a38"},"fileId":"31yrMaEGBDA5rXPBxJkzPN"},"_color":{"__type__":"cc.Color","r":200,"g":192,"b":119},"_contentSize":{"__type__":"cc.Size","width":31.41,"height":40},"_trs":{"__type__":"TypedArray","ctor":"Float64Array","array":[-0.8,-40,0,0,0,0,1,1,1,1]}},{"__type__":"cc.Node","_name":"card","_parent":{"__id__":64},"_components":[{"__type__":"cc.Sprite","node":{"__id__":66},"_materials":[{"__uuid__":"ecpdLyjvZBwrvm+cedCcQy"}],"_spriteFrame":{"__uuid__":"qzmjmj06-8c66-403a-bd98-609bf5e4fb4d"},"_sizeMode":0}],"_prefab":{"__type__":"cc.PrefabInfo","root":{"__id__":1},"asset":{"__uuid__":"qzmjmj3e-811e-42ca-8b5f-d367aaa25a38"},"fileId":"d2iEz5zVZBEIpV0nx7J4rP"},"_contentSize":{"__type__":"cc.Size","width":84,"height":128},"_trs":{"__type__":"TypedArray","ctor":"Float64Array","array":[-0.6,-6,0,0,0,0,1,0.4,0.4,1]}},{"__type__":"cc.Node","_name":"btn_less","_parent":{"__id__":2},"_components":[{"__type__":"cc.Sprite","node":{"__id__":67},"_materials":[{"__uuid__":"ecpdLyjvZBwrvm+cedCcQy"}],"_spriteFrame":{"__uuid__":"qzmjmj22-0814-4f1d-a74e-e7382ad32e6d"},"_sizeMode":0},{"__type__":"cc.Widget","node":{"__id__":67},"alignMode":0,"_alignFlags":32,"_right":3},{"__type__":"cc.Button","node":{"__id__":67},"clickEvents":[{"__type__":"cc.ClickEvent","target":{"__id__":1},"_componentId":"qzmjmj4a-b9fb-4cc5-80e0-9eec7b61308b","handler":"OnClick_less"}],"_N$normalColor":{"__type__":"cc.Color","r":214,"g":214,"b":214},"_N$target":{"__id__":67}}],"_prefab":{"__type__":"cc.PrefabInfo","root":{"__id__":1},"asset":{"__uuid__":"qzmjmj3e-811e-42ca-8b5f-d367aaa25a38"},"fileId":"dboNLJW2FDPrPvPXMiAfP8"},"_contentSize":{"__type__":"cc.Size","width":39,"height":92},"_trs":{"__type__":"TypedArray","ctor":"Float64Array","array":[1143.5,0,0,0,0,0,1,1,1,1]}},{"__type__":"cc.Node","_name":"btn_more","_parent":{"__id__":2},"_active":false,"_components":[{"__type__":"cc.Sprite","node":{"__id__":68},"_spriteFrame":{"__uuid__":"qzmjmj52-e558-4461-8714-cee3334a5052"}},{"__type__":"cc.Widget","node":{"__id__":68},"_wasAlignOnce":{},"isAlignOnce":{},"_alignFlags":32,"_right":49},{"__type__":"cc.Button","node":{"__id__":68},"clickEvents":[{"__type__":"cc.ClickEvent","target":{"__id__":1},"_componentId":"qzmjmj4a-b9fb-4cc5-80e0-9eec7b61308b","handler":"OnClick_more"}],"_N$normalColor":{"__type__":"cc.Color","r":214,"g":214,"b":214}}],"_prefab":{"__type__":"cc.PrefabInfo","root":{"__id__":1},"asset":{"__uuid__":"qzmjmj3e-811e-42ca-8b5f-d367aaa25a38"},"fileId":"e7CQzLSohKv75ih3cqqZ+6"},"_contentSize":{"__type__":"cc.Size","width":37,"height":92},"_trs":{"__type__":"TypedArray","ctor":"Float64Array","array":[1119.5,0,0,0,0,0,1,1,1,1]}}],{"__type__":"cc.SpriteFrame","content":{"name":"btn_closed","texture":"qzmjmj37-5b6d-4055-afac-390ce6fa3745","rect":[0,0,37,92],"offset":[0,0],"originalSize":[37,92],"capInsets":[0,0,0,0]}}]