[{"__type__":"cc.SpriteFrame","content":{"name":"lb_btn","texture":"41Zhy6ps1PU4dWJRrHmG9Q","rect":[0,0,242,123],"offset":[-7,2.5],"originalSize":[256,128],"capInsets":[0,0,0,0]}},{"__type__":"cc.BitmapFont","_name":"lb_btn","spriteFrame":{"__uuid__":"63ZMLIY0dIpasaQ/eJ/bxK"},"fontSize":1,"_fntConfig":{"commonHeight":41,"fontSize":1,"atlasName":"lb_btn.png","fontDefDictionary":{"32":{"rect":{"x":0,"y":0,"width":0,"height":0},"xOffset":0,"yOffset":0,"xAdvance":39},"33":{"rect":{"x":0,"y":0,"width":13,"height":19},"xOffset":0,"yOffset":0,"xAdvance":13},"48":{"rect":{"x":13,"y":0,"width":13,"height":19},"xOffset":0,"yOffset":0,"xAdvance":13},"49":{"rect":{"x":26,"y":0,"width":9,"height":19},"xOffset":0,"yOffset":0,"xAdvance":9},"50":{"rect":{"x":35,"y":0,"width":13,"height":19},"xOffset":0,"yOffset":0,"xAdvance":13},"51":{"rect":{"x":48,"y":0,"width":13,"height":19},"xOffset":0,"yOffset":0,"xAdvance":13},"52":{"rect":{"x":61,"y":0,"width":13,"height":19},"xOffset":0,"yOffset":0,"xAdvance":13},"53":{"rect":{"x":74,"y":0,"width":13,"height":19},"xOffset":0,"yOffset":0,"xAdvance":13},"54":{"rect":{"x":87,"y":0,"width":13,"height":19},"xOffset":0,"yOffset":0,"xAdvance":13},"55":{"rect":{"x":100,"y":0,"width":13,"height":19},"xOffset":0,"yOffset":0,"xAdvance":13},"56":{"rect":{"x":113,"y":0,"width":13,"height":19},"xOffset":0,"yOffset":0,"xAdvance":13},"57":{"rect":{"x":126,"y":0,"width":13,"height":19},"xOffset":0,"yOffset":0,"xAdvance":13},"20139":{"rect":{"x":179,"y":0,"width":26,"height":27},"xOffset":0,"yOffset":0,"xAdvance":26},"20998":{"rect":{"x":205,"y":0,"width":26,"height":27},"xOffset":0,"yOffset":0,"xAdvance":26},"20999":{"rect":{"x":215,"y":54,"width":31,"height":31},"xOffset":0,"yOffset":0,"xAdvance":31},"21381":{"rect":{"x":0,"y":19,"width":26,"height":27},"xOffset":0,"yOffset":0,"xAdvance":26},"21451":{"rect":{"x":26,"y":46,"width":27,"height":28},"xOffset":0,"yOffset":0,"xAdvance":27},"21457":{"rect":{"x":53,"y":46,"width":27,"height":28},"xOffset":0,"yOffset":0,"xAdvance":27},"22238":{"rect":{"x":26,"y":19,"width":26,"height":27},"xOffset":0,"yOffset":0,"xAdvance":26},"22823":{"rect":{"x":52,"y":19,"width":26,"height":27},"xOffset":0,"yOffset":0,"xAdvance":26},"22909":{"rect":{"x":80,"y":46,"width":27,"height":28},"xOffset":0,"yOffset":0,"xAdvance":27},"22987":{"rect":{"x":107,"y":48,"width":27,"height":28},"xOffset":0,"yOffset":0,"xAdvance":27},"23450":{"rect":{"x":124,"y":82,"width":39,"height":41},"xOffset":0,"yOffset":0,"xAdvance":39},"24320":{"rect":{"x":134,"y":54,"width":27,"height":28},"xOffset":0,"yOffset":0,"xAdvance":27},"25103":{"rect":{"x":78,"y":19,"width":26,"height":27},"xOffset":0,"yOffset":0,"xAdvance":26},"25509":{"rect":{"x":104,"y":19,"width":26,"height":27},"xOffset":0,"yOffset":0,"xAdvance":26},"25670":{"rect":{"x":0,"y":74,"width":31,"height":31},"xOffset":0,"yOffset":0,"xAdvance":31},"26032":{"rect":{"x":31,"y":74,"width":31,"height":31},"xOffset":0,"yOffset":0,"xAdvance":31},"28040":{"rect":{"x":139,"y":0,"width":20,"height":21},"xOffset":0,"yOffset":0,"xAdvance":20},"28216":{"rect":{"x":130,"y":21,"width":26,"height":27},"xOffset":0,"yOffset":0,"xAdvance":26},"29260":{"rect":{"x":62,"y":74,"width":31,"height":31},"xOffset":0,"yOffset":0,"xAdvance":31},"30830":{"rect":{"x":163,"y":82,"width":39,"height":41},"xOffset":0,"yOffset":0,"xAdvance":39},"32487":{"rect":{"x":156,"y":27,"width":26,"height":27},"xOffset":0,"yOffset":0,"xAdvance":26},"32493":{"rect":{"x":182,"y":27,"width":26,"height":27},"xOffset":0,"yOffset":0,"xAdvance":26},"32791":{"rect":{"x":159,"y":0,"width":20,"height":21},"xOffset":0,"yOffset":0,"xAdvance":20},"35831":{"rect":{"x":161,"y":54,"width":27,"height":28},"xOffset":0,"yOffset":0,"xAdvance":27},"36820":{"rect":{"x":208,"y":27,"width":26,"height":27},"xOffset":0,"yOffset":0,"xAdvance":26},"36992":{"rect":{"x":188,"y":54,"width":27,"height":28},"xOffset":0,"yOffset":0,"xAdvance":27},"37325":{"rect":{"x":93,"y":76,"width":31,"height":31},"xOffset":0,"yOffset":0,"xAdvance":31},"38142":{"rect":{"x":0,"y":46,"width":26,"height":27},"xOffset":0,"yOffset":0,"xAdvance":26}},"kerningDict":{}}}]