[{"__type__":"cc.AnimationClip","_name":"face10Action","_duration":0.8,"sample":20,"curveData":{"comps":{"cc.Sprite":{"spriteFrame":[{"frame":0,"value":{"__uuid__":"typdk608-1add-4297-8294-92fc72671e95"}},{"frame":0.25,"value":{"__uuid__":"typdkb4b-cede-4482-91d7-798a33df640d"}},{"frame":0.5,"value":{"__uuid__":"typdk70c-a142-48d3-868d-49dd080639ba"}},{"frame":0.75,"value":{"__uuid__":"typdkd37-cf7d-4fce-8668-97d1ad3f4b50"}}]}}}},{"__type__":"cc.SpriteFrame","content":{"name":"expression_10_01","texture":"typdkfb5-b388-4d95-b53f-6d37ba7b120b","rect":[13,19,120,118],"offset":[-4,9.5],"originalSize":[154,175],"capInsets":[0,0,0,0]}},{"__type__":"cc.SpriteFrame","content":{"name":"expression_10_03","texture":"typdk8ed-4a9c-4cdc-a21a-84d742da277f","rect":[13,0,141,137],"offset":[6.5,19],"originalSize":[154,175],"capInsets":[0,0,0,0]}},{"__type__":"cc.SpriteFrame","content":{"name":"expression_10_02","texture":"typdk23f-cb4e-41b5-9f49-7c7c18069f7f","rect":[13,14,139,123],"offset":[5.5,12],"originalSize":[154,175],"capInsets":[0,0,0,0]}},{"__type__":"cc.SpriteFrame","content":{"name":"expression_10_04","texture":"typdk858-19ee-4355-9e22-6ee910bb44f7","rect":[13,10,122,127],"offset":[-3,14],"originalSize":[154,175],"capInsets":[0,0,0,0]}}]