[{"__type__":"cc.SpriteFrame","content":{"name":"03","texture":"d1yvS7bBFPB7Z2NEba2uWu","rect":[63,0,256,150],"offset":[12.5,1],"originalSize":[357,152],"capInsets":[0,0,0,0]}},{"__type__":"cc.SpriteFrame","content":{"name":"07","texture":"77ifgvE/lJU71N7V6uho5O","rect":[31,0,287,150],"offset":[-4,1],"originalSize":[357,152],"capInsets":[0,0,0,0]}},{"__type__":"cc.SpriteFrame","content":{"name":"08","texture":"eal/Q/qudHmpqQ3Y81kU/E","rect":[11,1,326,143],"offset":[-4.5,3.5],"originalSize":[357,152],"capInsets":[0,0,0,0]}},{"__type__":"cc.SpriteFrame","content":{"name":"05","texture":"71rHcJ5oxAsKpkRLP9PedX","rect":[49,0,256,149],"offset":[-1.5,1.5],"originalSize":[357,152],"capInsets":[0,0,0,0]}},{"__type__":"cc.SpriteFrame","content":{"name":"04","texture":"e2owcFCHlAU41vgo4oWv4K","rect":[63,0,256,149],"offset":[12.5,1.5],"originalSize":[357,152],"capInsets":[0,0,0,0]}},{"__type__":"cc.SpriteFrame","content":{"name":"06","texture":"92mFJIbwNPjoq/Mb7OS0f+","rect":[33,0,264,149],"offset":[-13.5,1.5],"originalSize":[357,152],"capInsets":[0,0,0,0]}},{"__type__":"cc.AnimationClip","_name":"card_type8","_duration":0.15,"speed":0.33,"curveData":{"comps":{"cc.Sprite":{"spriteFrame":[{"frame":0,"value":{"__uuid__":"e2DcFKseRBbp+e7jpTmhDz"}},{"frame":0.016666666666666666,"value":{"__uuid__":"edETPPAZRLu7SMFkqqSSgB"}},{"frame":0.03333333333333333,"value":{"__uuid__":"431X7G00pPo4SS9nnYUzhC"}},{"frame":0.05,"value":{"__uuid__":"97736KMmlAbpb0ErJwcxvB"}},{"frame":0.06666666666666667,"value":{"__uuid__":"826yjUo7REga1aztZ/n7lk"}},{"frame":0.08333333333333333,"value":{"__uuid__":"c86r7Y1stJ86LPMoYsxxAl"}},{"frame":0.1,"value":{"__uuid__":"73TUhx6vNCAo19pRWnDNLv"}},{"frame":0.11666666666666667,"value":{"__uuid__":"82e6QIiIZMNLfPG+5q6Pk4"}},{"frame":0.13333333333333333,"value":null}]}}}},{"__type__":"cc.SpriteFrame","content":{"name":"01","texture":"897zJ94W1Kv47B+9YEs/TJ","rect":[23,0,256,151],"offset":[-27.5,0.5],"originalSize":[357,152],"capInsets":[0,0,0,0]}},{"__type__":"cc.SpriteFrame","content":{"name":"02","texture":"42gVuynhxGDKWHmFggZl5K","rect":[43,0,256,150],"offset":[-7.5,1],"originalSize":[357,152],"capInsets":[0,0,0,0]}}]