[{"__type__":"cc.SpriteFrame","content":{"name":"img_btn02","texture":"0dEWzSXSZPLJfuX+MDs8s5","rect":[0,0,140,44],"offset":[0,0],"originalSize":[140,44],"capInsets":[0,0,0,0]}},[{"__type__":"cc.Prefab","_name":"specialtype","data":{"__id__":1}},{"__type__":"cc.Node","_name":"specialtype","_children":[{"__id__":2}],"_components":[{"__type__":"cc.Sprite","node":{"__id__":1},"_materials":[{"__uuid__":"ecpdLyjvZBwrvm+cedCcQy"}],"_spriteFrame":{"__uuid__":"9bZvJEgzVNf48aIpf58Gie"},"_sizeMode":0},{"__type__":"cc.Button","node":{"__id__":1},"_N$transition":3,"transition":3,"_N$normalColor":{"__type__":"cc.Color","r":214,"g":214,"b":214},"_N$target":{"__id__":1}}],"_prefab":{"__type__":"cc.PrefabInfo","root":{"__id__":1},"asset":{"__uuid__":"9dHdSHwQlChJjJsXLAWdJL"},"fileId":"16z8GUUIpHJqUkqv9SQGSp"},"_contentSize":{"__type__":"cc.Size","width":120,"height":44},"_trs":{"__type__":"TypedArray","ctor":"Float64Array","array":[0,0,0,0,0,0,1,1,1,1]}},{"__type__":"cc.Node","_name":"New Label","_parent":{"__id__":1},"_components":[{"__type__":"cc.Label","node":{"__id__":2},"_materials":[{"__uuid__":"ecpdLyjvZBwrvm+cedCcQy"}],"_useOriginalSize":false,"_string":"至尊清龙","_N$string":"至尊清龙","_fontSize":28,"_lineHeight":30,"_N$horizontalAlign":1},{"__type__":"cc.LabelOutline","node":{"__id__":2},"_color":{"__type__":"cc.Color","r":247,"g":10,"b":10}}],"_prefab":{"__type__":"cc.PrefabInfo","root":{"__id__":1},"asset":{"__uuid__":"9dHdSHwQlChJjJsXLAWdJL"},"fileId":"51Cyfjwc1AmrR+JIJ//CJc"},"_contentSize":{"__type__":"cc.Size","width":114,"height":39.8},"_trs":{"__type__":"TypedArray","ctor":"Float64Array","array":[0,-1.434,0,0,0,0,1,1,1,1]}}]]