[{"__type__":"cc.SpriteFrame","content":{"name":"06","texture":"typdk652-1f62-4a4d-8063-709e9c6b051f","rect":[34,0,263,152],"offset":[-13,0],"originalSize":[357,152],"capInsets":[0,0,0,0]}},{"__type__":"cc.SpriteFrame","content":{"name":"01","texture":"typdk5c2-15c6-47ce-9486-54dd91b7fb83","rect":[24,0,256,152],"offset":[-26.5,0],"originalSize":[357,152],"capInsets":[0,0,0,0]}},{"__type__":"cc.SpriteFrame","content":{"name":"05","texture":"typdk13e-688f-44b0-840e-147d628f0352","rect":[44,0,256,152],"offset":[-6.5,0],"originalSize":[357,152],"capInsets":[0,0,0,0]}},{"__type__":"cc.SpriteFrame","content":{"name":"04","texture":"typdk0fe-4d51-4e22-b892-e1bd117000a6","rect":[64,0,256,152],"offset":[13.5,0],"originalSize":[357,152],"capInsets":[0,0,0,0]}},{"__type__":"cc.SpriteFrame","content":{"name":"08","texture":"typdkd81-269a-4ea1-bfc0-10180cc21933","rect":[0,3,337,145],"offset":[-10,0.5],"originalSize":[357,152],"capInsets":[0,0,0,0]}},{"__type__":"cc.SpriteFrame","content":{"name":"02","texture":"typdke43-1434-4c95-b370-313686320837","rect":[44,0,256,152],"offset":[-6.5,0],"originalSize":[357,152],"capInsets":[0,0,0,0]}},{"__type__":"cc.SpriteFrame","content":{"name":"07","texture":"typdk6e1-ecc7-4f16-b177-af948dbf6b5b","rect":[4,1,313,150],"offset":[-18,0],"originalSize":[357,152],"capInsets":[0,0,0,0]}},{"__type__":"cc.AnimationClip","_name":"card_type7","_duration":0.15,"speed":0.33,"curveData":{"comps":{"cc.Sprite":{"spriteFrame":[{"frame":0,"value":{"__uuid__":"typdk329-3918-468a-b257-3e6f9a1813c1"}},{"frame":0.016666666666666666,"value":{"__uuid__":"typdkb68-3ba2-4af1-bf1b-1740ae3de518"}},{"frame":0.03333333333333333,"value":{"__uuid__":"typdked1-4344-46b7-99eb-5e5cc8f25eaa"}},{"frame":0.05,"value":{"__uuid__":"typdk8a6-8c76-4ec8-a201-2db2bca530f1"}},{"frame":0.06666666666666667,"value":{"__uuid__":"typdk7ac-4b20-4d41-a772-24f3b2ac4751"}},{"frame":0.08333333333333333,"value":{"__uuid__":"typdk019-5071-4644-b410-7e315fb60fd6"}},{"frame":0.1,"value":{"__uuid__":"typdke2a-b88b-4c4f-983d-8a0faf0ced8a"}},{"frame":0.11666666666666667,"value":{"__uuid__":"typdk982-dc16-4955-b579-d096ac5984c6"}},{"frame":0.13333333333333333,"value":null}]}}}},{"__type__":"cc.SpriteFrame","content":{"name":"03","texture":"typdk977-7f64-4ff8-94dd-f3954e19b5d8","rect":[58,0,262,152],"offset":[10.5,0],"originalSize":[357,152],"capInsets":[0,0,0,0]}}]