[{"__type__":"cc.SpriteFrame","content":{"name":"ani_feiji","texture":"typdkd4d-c498-4302-b7dd-ebb83a7e19ad","rect":[0,0,411,221],"offset":[0,0],"originalSize":[411,221],"capInsets":[0,0,0,0]}},{"__type__":"cc.AnimationClip","_name":"feiji","_duration":1.125,"sample":40,"curveData":{"props":{"position":[{"frame":0,"value":[884,88]},{"frame":0.125,"value":[684,88]},{"frame":0.25,"value":[484,88]},{"frame":0.375,"value":[284,88]},{"frame":0.5,"value":[84,88]},{"frame":0.625,"value":[-116,88]},{"frame":0.75,"value":[-316,88]},{"frame":0.875,"value":[-516,88]},{"frame":1,"value":[-716,88]},{"frame":1.125,"value":[-916,88]}]},"comps":{"cc.Sprite":{"spriteFrame":[{"frame":0,"value":{"__uuid__":"typdk1ef-8dff-42d9-8cec-d66b9052667c"}}]}}}}]