[{"__type__":"cc.SpriteFrame","content":{"name":"ani_zj","texture":"typdk1f3-b9c7-488e-aa92-76844ee6ad51","rect":[0,0,103,74],"offset":[0,0],"originalSize":[103,74],"capInsets":[0,0,0,0]}},[{"__type__":"cc.Prefab","_name":"zhuajiPrefab","data":{"__id__":1}},{"__type__":"cc.Node","_name":"zhuajiPrefab","_components":[{"__type__":"cc.Sprite","node":{"__id__":1},"_spriteFrame":{"__uuid__":"typdk580-65f6-4663-adb3-454444d8e66c"}},{"__type__":"cc.Animation","node":{"__id__":1},"_defaultClip":{"__uuid__":"typdkdb4-3c9b-46b4-b0d3-2b634efc14be"},"_clips":[{"__uuid__":"typdkdb4-3c9b-46b4-b0d3-2b634efc14be"}]}],"_prefab":{"__type__":"cc.PrefabInfo","root":{"__id__":1},"asset":{"__uuid__":"typdk668-0c6a-4d38-98bf-35586577c5da"},"fileId":"34Fq6HOVtEhLgvrQTsjIdU"},"_contentSize":{"__type__":"cc.Size","width":103,"height":74},"_trs":{"__type__":"TypedArray","ctor":"Float64Array","array":[0,0,0,0,0,0,1,1,1,1]}}]]