[{"__type__":"cc.SpriteFrame","content":{"name":"expression_04_03","texture":"fjssz0f8-2304-4f09-b07b-016f77e59a1d","rect":[29,41,90,97],"offset":[-3,-2],"originalSize":[154,175],"capInsets":[0,0,0,0]}},{"__type__":"cc.SpriteFrame","content":{"name":"expression_04_01","texture":"fjssz029-c3ab-441f-93d6-0f3664f850df","rect":[29,41,90,97],"offset":[-3,-2],"originalSize":[154,175],"capInsets":[0,0,0,0]}},{"__type__":"cc.SpriteFrame","content":{"name":"expression_04_02","texture":"fjssza4f-9d62-48e7-87d3-35698587a413","rect":[29,42,90,96],"offset":[-3,-2.5],"originalSize":[154,175],"capInsets":[0,0,0,0]}},{"__type__":"cc.AnimationClip","_name":"face4Action","_duration":0.55,"sample":20,"curveData":{"comps":{"cc.Sprite":{"spriteFrame":[{"frame":0,"value":{"__uuid__":"fjssz497-eb3a-4593-ba1e-a443e8e812a4"}},{"frame":0.25,"value":{"__uuid__":"fjssz60d-fef2-4edb-9dcf-e1df23ee4a69"}},{"frame":0.5,"value":{"__uuid__":"fjssz01d-0418-411c-a1ca-9aff36b5c138"}}]}}}}]