[{"__type__":"cc.SpriteFrame","content":{"name":"default_btn_disabled","texture":"71VhFCTINJM6/Ky3oX9nBT","rect":[0,0,40,40],"offset":[0,0],"originalSize":[40,40],"capInsets":[12,12,12,12]}},{"__type__":"cc.SpriteFrame","content":{"name":"default_btn_pressed","texture":"b4P/PCArtIdIH38t6mlw8Y","rect":[0,0,40,40],"offset":[0,0],"originalSize":[40,40],"capInsets":[12,12,12,12]}},[{"__type__":"cc.Prefab","_name":"nn_UIChat","data":{"__id__":1}},{"__type__":"cc.Node","_name":"nn_UIChat","_children":[{"__id__":2},{"__id__":3},{"__id__":6},{"__id__":7},{"__id__":10},{"__id__":11},{"__id__":14},{"__id__":15},{"__id__":28},{"__id__":70},{"__id__":78},{"__id__":86},{"__id__":87}],"_components":[{"__type__":"cc.Widget","node":{"__id__":1},"alignMode":0,"_alignFlags":45,"_originalWidth":1360,"_originalHeight":760},{"__type__":"cc.Button","node":{"__id__":1},"clickEvents":[{"__type__":"cc.ClickEvent","target":{"__id__":1},"_componentId":"lznn3581-de6e-436b-897b-d6e8f27eaea8","handler":"OnClickForm"}],"_N$normalColor":{"__type__":"cc.Color","r":214,"g":214,"b":214},"_N$target":{"__id__":1}},{"__type__":"cc.Sprite","node":{"__id__":1},"_materials":[{"__uuid__":"ecpdLyjvZBwrvm+cedCcQy"}],"_spriteFrame":{"__uuid__":"lznn8d1f-3e0b-4b1d-ae52-c52ad188bba9"},"_sizeMode":0},{"__type__":"lznn3581-de6e-436b-897b-d6e8f27eaea8","node":{"__id__":1},"JS_Name":"fzmj_BaseComponent","ZorderLv":7,"lb_font":{"__uuid__":"lznn373b-ebaf-4e57-9974-1fdd6b1b601d"}}],"_prefab":{"__type__":"cc.PrefabInfo","root":{"__id__":1},"asset":{"__uuid__":"lznn0088-b47f-4f11-bbd9-e1c4168f304b"},"fileId":"52TqYMXB5JyodBWK3y+Tbz"},"_contentSize":{"__type__":"cc.Size","width":1360,"height":760},"_trs":{"__type__":"TypedArray","ctor":"Float64Array","array":[680,380,0,0,0,0,1,1,1,1]}},{"__type__":"cc.Node","_name":"bg","_parent":{"__id__":1},"_components":[{"__type__":"cc.Sprite","node":{"__id__":2},"_materials":[{"__uuid__":"ecpdLyjvZBwrvm+cedCcQy"}],"_spriteFrame":{"__uuid__":"lznn44ce-8088-4436-ac23-e871920fc203"},"_type":1}],"_prefab":{"__type__":"cc.PrefabInfo","root":{"__id__":1},"asset":{"__uuid__":"lznn0088-b47f-4f11-bbd9-e1c4168f304b"},"fileId":"01esLBXjJN36OWpcyh8mMO"},"_contentSize":{"__type__":"cc.Size","width":961,"height":495},"_trs":{"__type__":"TypedArray","ctor":"Float64Array","array":[0,0,0,0,0,0,1,1,1,1]}},{"__type__":"cc.Node","_name":"btn_face","_parent":{"__id__":1},"_children":[{"__id__":4}],"_active":false,"_components":[{"__type__":"cc.Sprite","node":{"__id__":3},"_type":1,"_sizeMode":0},{"__type__":"cc.Button","node":{"__id__":3},"clickEvents":[{"__type__":"cc.ClickEvent","target":{"__id__":1},"_componentId":"lznn3581-de6e-436b-897b-d6e8f27eaea8","handler":"OnClick_BtnWnd"}],"_N$transition":2,"transition":2,"_N$pressedColor":{"__type__":"cc.Color","r":255,"g":255,"b":255},"pressedColor":{"__type__":"cc.Color","r":255,"g":255,"b":255},"_N$disabledColor":{"__type__":"cc.Color","r":255,"g":255,"b":255},"_N$target":{"__id__":3}}],"_prefab":{"__type__":"cc.PrefabInfo","root":{"__id__":1},"asset":{"__uuid__":"lznn0088-b47f-4f11-bbd9-e1c4168f304b"},"fileId":"b7GTIwXbBDMLelsbJL5naA"},"_contentSize":{"__type__":"cc.Size","width":146,"height":78},"_trs":{"__type__":"TypedArray","ctor":"Float64Array","array":[-276,176,0,0,0,0,1,1,1,1]}},{"__type__":"cc.Node","_name":"sp_face","_parent":{"__id__":3},"_children":[{"__id__":5}],"_components":[{"__type__":"cc.Sprite","node":{"__id__":4},"_sizeMode":0}],"_prefab":{"__type__":"cc.PrefabInfo","root":{"__id__":1},"asset":{"__uuid__":"lznn0088-b47f-4f11-bbd9-e1c4168f304b"},"fileId":"d8zat80qNCBbIoRqzwTimm"},"_contentSize":{"__type__":"cc.Size","width":146,"height":78},"_trs":{"__type__":"TypedArray","ctor":"Float64Array","array":[0,0,0,0,0,0,1,1,1,1]}},{"__type__":"cc.Node","_name":"btn_expr_01","_parent":{"__id__":4},"_components":[{"__type__":"cc.Sprite","node":{"__id__":5}}],"_prefab":{"__type__":"cc.PrefabInfo","root":{"__id__":1},"asset":{"__uuid__":"lznn0088-b47f-4f11-bbd9-e1c4168f304b"},"fileId":"36uDfbRoVA8YRmA98oV2cq"},"_contentSize":{"__type__":"cc.Size","width":125,"height":52},"_trs":{"__type__":"TypedArray","ctor":"Float64Array","array":[0,0,0,0,0,0,1,1,1,1]}},{"__type__":"cc.Node","_name":"btn_expr_02","_parent":{"__id__":1},"_active":false,"_components":[{"__type__":"cc.Sprite","node":{"__id__":6}}],"_prefab":{"__type__":"cc.PrefabInfo","root":{"__id__":1},"asset":{"__uuid__":"lznn0088-b47f-4f11-bbd9-e1c4168f304b"},"fileId":"3eONDduupBa7fjwf6oaRPl"},"_contentSize":{"__type__":"cc.Size","width":125,"height":52},"_trs":{"__type__":"TypedArray","ctor":"Float64Array","array":[-276,176,0,0,0,0,1,1,1,1]}},{"__type__":"cc.Node","_name":"btn_chat","_parent":{"__id__":1},"_children":[{"__id__":8}],"_active":false,"_components":[{"__type__":"cc.Sprite","node":{"__id__":7},"_type":1,"_sizeMode":0},{"__type__":"cc.Button","node":{"__id__":7},"clickEvents":[{"__type__":"cc.ClickEvent","target":{"__id__":1},"_componentId":"lznn3581-de6e-436b-897b-d6e8f27eaea8","handler":"OnClick_BtnWnd"}],"_N$transition":2,"transition":2,"_N$pressedColor":{"__type__":"cc.Color","r":255,"g":255,"b":255},"pressedColor":{"__type__":"cc.Color","r":255,"g":255,"b":255},"_N$disabledColor":{"__type__":"cc.Color","r":255,"g":255,"b":255},"_N$target":{"__id__":7}}],"_prefab":{"__type__":"cc.PrefabInfo","root":{"__id__":1},"asset":{"__uuid__":"lznn0088-b47f-4f11-bbd9-e1c4168f304b"},"fileId":"15US5ScRlBeqfQ6h1eYtyl"},"_contentSize":{"__type__":"cc.Size","width":146,"height":78},"_trs":{"__type__":"TypedArray","ctor":"Float64Array","array":[-276,62,0,0,0,0,1,1,1,1]}},{"__type__":"cc.Node","_name":"sp_chat","_parent":{"__id__":7},"_children":[{"__id__":9}],"_active":false,"_components":[{"__type__":"cc.Sprite","node":{"__id__":8}}],"_prefab":{"__type__":"cc.PrefabInfo","root":{"__id__":1},"asset":{"__uuid__":"lznn0088-b47f-4f11-bbd9-e1c4168f304b"},"fileId":"0cUk4ohelCOI++V7yTh5BX"},"_contentSize":{"__type__":"cc.Size","width":145,"height":77},"_trs":{"__type__":"TypedArray","ctor":"Float64Array","array":[0,0,0,0,0,0,1,1,1,1]}},{"__type__":"cc.Node","_name":"btn_txt_01","_parent":{"__id__":8},"_components":[{"__type__":"cc.Sprite","node":{"__id__":9}}],"_prefab":{"__type__":"cc.PrefabInfo","root":{"__id__":1},"asset":{"__uuid__":"lznn0088-b47f-4f11-bbd9-e1c4168f304b"},"fileId":"7cRUQRx4dJN6dlid/k7Y6n"},"_contentSize":{"__type__":"cc.Size","width":129,"height":54},"_trs":{"__type__":"TypedArray","ctor":"Float64Array","array":[0,0,0,0,0,0,1,1,1,1]}},{"__type__":"cc.Node","_name":"btn_txt_02","_parent":{"__id__":1},"_active":false,"_components":[{"__type__":"cc.Sprite","node":{"__id__":10}}],"_prefab":{"__type__":"cc.PrefabInfo","root":{"__id__":1},"asset":{"__uuid__":"lznn0088-b47f-4f11-bbd9-e1c4168f304b"},"fileId":"e6O3YbBqhGbaMcGBKV+VMk"},"_contentSize":{"__type__":"cc.Size","width":129,"height":54},"_trs":{"__type__":"TypedArray","ctor":"Float64Array","array":[-276,62,0,0,0,0,1,1,1,1]}},{"__type__":"cc.Node","_name":"btn_typing","_parent":{"__id__":1},"_children":[{"__id__":12}],"_active":false,"_components":[{"__type__":"cc.Sprite","node":{"__id__":11},"_type":1,"_sizeMode":0},{"__type__":"cc.Button","node":{"__id__":11},"clickEvents":[{"__type__":"cc.ClickEvent","target":{"__id__":1},"_componentId":"lznn3581-de6e-436b-897b-d6e8f27eaea8","handler":"OnClick_BtnWnd"}],"_N$transition":2,"transition":2,"_N$pressedColor":{"__type__":"cc.Color","r":255,"g":255,"b":255},"pressedColor":{"__type__":"cc.Color","r":255,"g":255,"b":255},"_N$disabledColor":{"__type__":"cc.Color","r":255,"g":255,"b":255},"_N$target":{"__id__":11}}],"_prefab":{"__type__":"cc.PrefabInfo","root":{"__id__":1},"asset":{"__uuid__":"lznn0088-b47f-4f11-bbd9-e1c4168f304b"},"fileId":"b7xgubOkJB0ovf2dfx1qBv"},"_contentSize":{"__type__":"cc.Size","width":146,"height":78},"_trs":{"__type__":"TypedArray","ctor":"Float64Array","array":[-276,-54,0,0,0,0,1,1,1,1]}},{"__type__":"cc.Node","_name":"sp_typing","_parent":{"__id__":11},"_children":[{"__id__":13}],"_active":false,"_components":[{"__type__":"cc.Sprite","node":{"__id__":12}}],"_prefab":{"__type__":"cc.PrefabInfo","root":{"__id__":1},"asset":{"__uuid__":"lznn0088-b47f-4f11-bbd9-e1c4168f304b"},"fileId":"0cV4nssx9IKboH8JD5s1Ne"},"_contentSize":{"__type__":"cc.Size","width":145,"height":77},"_trs":{"__type__":"TypedArray","ctor":"Float64Array","array":[0,0,0,0,0,0,1,1,1,1]}},{"__type__":"cc.Node","_name":"btn_input_01","_parent":{"__id__":12},"_components":[{"__type__":"cc.Sprite","node":{"__id__":13}}],"_prefab":{"__type__":"cc.PrefabInfo","root":{"__id__":1},"asset":{"__uuid__":"lznn0088-b47f-4f11-bbd9-e1c4168f304b"},"fileId":"31ugkde9xEFLY4oSoSFM7O"},"_contentSize":{"__type__":"cc.Size","width":122,"height":57},"_trs":{"__type__":"TypedArray","ctor":"Float64Array","array":[0,0,0,0,0,0,1,1,1,1]}},{"__type__":"cc.Node","_name":"btn_input_02","_parent":{"__id__":1},"_active":false,"_components":[{"__type__":"cc.Sprite","node":{"__id__":14}}],"_prefab":{"__type__":"cc.PrefabInfo","root":{"__id__":1},"asset":{"__uuid__":"lznn0088-b47f-4f11-bbd9-e1c4168f304b"},"fileId":"9a2g/T78dP0K2xm87/FFOW"},"_contentSize":{"__type__":"cc.Size","width":122,"height":57},"_trs":{"__type__":"TypedArray","ctor":"Float64Array","array":[-276,-54,0,0,0,0,1,1,1,1]}},{"__type__":"cc.Node","_name":"layout_face","_parent":{"__id__":1},"_children":[{"__id__":16},{"__id__":17},{"__id__":18},{"__id__":19},{"__id__":20},{"__id__":21},{"__id__":22},{"__id__":23},{"__id__":24},{"__id__":25},{"__id__":26},{"__id__":27}],"_components":[{"__type__":"cc.Layout","node":{"__id__":15},"_enabled":false,"_layoutSize":{"__type__":"cc.Size","width":435,"height":500},"_N$layoutType":3,"_N$paddingLeft":5,"_N$paddingTop":10,"_N$spacingX":10,"_N$spacingY":10}],"_prefab":{"__type__":"cc.PrefabInfo","root":{"__id__":1},"asset":{"__uuid__":"lznn0088-b47f-4f11-bbd9-e1c4168f304b"},"fileId":"22PCsyZxpOsbCqkvTRHEcL"},"_color":{"__type__":"cc.Color","r":167,"g":167,"b":167},"_contentSize":{"__type__":"cc.Size","width":435,"height":500},"_trs":{"__type__":"TypedArray","ctor":"Float64Array","array":[-233,-33,0,0,0,0,1,1,1,1]}},{"__type__":"cc.Node","_name":"btn_face102","_parent":{"__id__":15},"_components":[{"__type__":"cc.Sprite","node":{"__id__":16},"_materials":[{"__uuid__":"ecpdLyjvZBwrvm+cedCcQy"}],"_spriteFrame":{"__uuid__":"lznn1cb3-0d0c-4cef-aaf2-5210443340fa"},"_type":1},{"__type__":"cc.Button","node":{"__id__":16},"clickEvents":[{"__type__":"cc.ClickEvent","target":{"__id__":1},"_componentId":"lznn3581-de6e-436b-897b-d6e8f27eaea8","handler":"OnClick_BtnWnd"}],"_N$transition":3,"transition":3,"_N$pressedColor":{"__type__":"cc.Color","r":255,"g":255,"b":255},"pressedColor":{"__type__":"cc.Color","r":255,"g":255,"b":255},"_N$disabledColor":{"__type__":"cc.Color","r":255,"g":255,"b":255},"_N$pressedSprite":{"__uuid__":"e97GVMl6JHh5Ml5qEDdSGa"},"pressedSprite":{"__uuid__":"e97GVMl6JHh5Ml5qEDdSGa"},"_N$hoverSprite":{"__uuid__":"e97GVMl6JHh5Ml5qEDdSGa"},"hoverSprite":{"__uuid__":"e97GVMl6JHh5Ml5qEDdSGa"},"_N$disabledSprite":{"__uuid__":"29FYIk+N1GYaeWH/q1NxQO"},"_N$target":{"__id__":16}}],"_prefab":{"__type__":"cc.PrefabInfo","root":{"__id__":1},"asset":{"__uuid__":"lznn0088-b47f-4f11-bbd9-e1c4168f304b"},"fileId":"2a5wxUGR5EdoGhrhn+DGbo"},"_contentSize":{"__type__":"cc.Size","width":92,"height":96},"_trs":{"__type__":"TypedArray","ctor":"Float64Array","array":[-162.5,190,0,0,0,0,1,1,1,1]}},{"__type__":"cc.Node","_name":"btn_face103","_parent":{"__id__":15},"_components":[{"__type__":"cc.Sprite","node":{"__id__":17},"_materials":[{"__uuid__":"ecpdLyjvZBwrvm+cedCcQy"}],"_spriteFrame":{"__uuid__":"lznna528-4889-4698-9272-5e6eb2d34bee"},"_type":1},{"__type__":"cc.Button","node":{"__id__":17},"clickEvents":[{"__type__":"cc.ClickEvent","target":{"__id__":1},"_componentId":"lznn3581-de6e-436b-897b-d6e8f27eaea8","handler":"OnClick_BtnWnd"}],"_N$transition":3,"transition":3,"_N$pressedColor":{"__type__":"cc.Color","r":255,"g":255,"b":255},"pressedColor":{"__type__":"cc.Color","r":255,"g":255,"b":255},"_N$disabledColor":{"__type__":"cc.Color","r":255,"g":255,"b":255},"_N$pressedSprite":{"__uuid__":"e97GVMl6JHh5Ml5qEDdSGa"},"pressedSprite":{"__uuid__":"e97GVMl6JHh5Ml5qEDdSGa"},"_N$hoverSprite":{"__uuid__":"e97GVMl6JHh5Ml5qEDdSGa"},"hoverSprite":{"__uuid__":"e97GVMl6JHh5Ml5qEDdSGa"},"_N$disabledSprite":{"__uuid__":"29FYIk+N1GYaeWH/q1NxQO"},"_N$target":{"__id__":17}}],"_prefab":{"__type__":"cc.PrefabInfo","root":{"__id__":1},"asset":{"__uuid__":"lznn0088-b47f-4f11-bbd9-e1c4168f304b"},"fileId":"31u6eI8GlK67DGSub0rR2T"},"_contentSize":{"__type__":"cc.Size","width":91,"height":90},"_trs":{"__type__":"TypedArray","ctor":"Float64Array","array":[-52.5,190,0,0,0,0,1,1,1,1]}},{"__type__":"cc.Node","_name":"btn_face101","_parent":{"__id__":15},"_components":[{"__type__":"cc.Sprite","node":{"__id__":18},"_materials":[{"__uuid__":"ecpdLyjvZBwrvm+cedCcQy"}],"_spriteFrame":{"__uuid__":"lznn343d-8fd5-4d1f-8d6a-3b0ee3bb05b0"}},{"__type__":"cc.Button","node":{"__id__":18},"clickEvents":[{"__type__":"cc.ClickEvent","target":{"__id__":1},"_componentId":"lznn3581-de6e-436b-897b-d6e8f27eaea8","handler":"OnClick_BtnWnd"}],"_N$transition":3,"transition":3,"_N$pressedColor":{"__type__":"cc.Color","r":255,"g":255,"b":255},"pressedColor":{"__type__":"cc.Color","r":255,"g":255,"b":255},"_N$disabledColor":{"__type__":"cc.Color","r":255,"g":255,"b":255},"_N$pressedSprite":{"__uuid__":"e97GVMl6JHh5Ml5qEDdSGa"},"pressedSprite":{"__uuid__":"e97GVMl6JHh5Ml5qEDdSGa"},"_N$hoverSprite":{"__uuid__":"e97GVMl6JHh5Ml5qEDdSGa"},"hoverSprite":{"__uuid__":"e97GVMl6JHh5Ml5qEDdSGa"},"_N$disabledSprite":{"__uuid__":"29FYIk+N1GYaeWH/q1NxQO"},"_N$target":{"__id__":18}}],"_prefab":{"__type__":"cc.PrefabInfo","root":{"__id__":1},"asset":{"__uuid__":"lznn0088-b47f-4f11-bbd9-e1c4168f304b"},"fileId":"44nguxDzpElIVIG2fVGLA1"},"_contentSize":{"__type__":"cc.Size","width":92,"height":95},"_trs":{"__type__":"TypedArray","ctor":"Float64Array","array":[57.5,190,0,0,0,0,1,1,1,1]}},{"__type__":"cc.Node","_name":"btn_face104","_parent":{"__id__":15},"_components":[{"__type__":"cc.Sprite","node":{"__id__":19},"_materials":[{"__uuid__":"ecpdLyjvZBwrvm+cedCcQy"}],"_spriteFrame":{"__uuid__":"lznn0497-eb3a-4593-ba1e-a443e8e812a4"},"_type":1},{"__type__":"cc.Button","node":{"__id__":19},"clickEvents":[{"__type__":"cc.ClickEvent","target":{"__id__":1},"_componentId":"lznn3581-de6e-436b-897b-d6e8f27eaea8","handler":"OnClick_BtnWnd"}],"_N$transition":3,"transition":3,"_N$pressedColor":{"__type__":"cc.Color","r":255,"g":255,"b":255},"pressedColor":{"__type__":"cc.Color","r":255,"g":255,"b":255},"_N$disabledColor":{"__type__":"cc.Color","r":255,"g":255,"b":255},"_N$pressedSprite":{"__uuid__":"e97GVMl6JHh5Ml5qEDdSGa"},"pressedSprite":{"__uuid__":"e97GVMl6JHh5Ml5qEDdSGa"},"_N$hoverSprite":{"__uuid__":"e97GVMl6JHh5Ml5qEDdSGa"},"hoverSprite":{"__uuid__":"e97GVMl6JHh5Ml5qEDdSGa"},"_N$disabledSprite":{"__uuid__":"29FYIk+N1GYaeWH/q1NxQO"},"_N$target":{"__id__":19}}],"_prefab":{"__type__":"cc.PrefabInfo","root":{"__id__":1},"asset":{"__uuid__":"lznn0088-b47f-4f11-bbd9-e1c4168f304b"},"fileId":"4cLUNeg2ZGBqhI186dLW3M"},"_contentSize":{"__type__":"cc.Size","width":90,"height":97},"_trs":{"__type__":"TypedArray","ctor":"Float64Array","array":[167.5,190,0,0,0,0,1,1,1,1]}},{"__type__":"cc.Node","_name":"btn_face106","_parent":{"__id__":15},"_components":[{"__type__":"cc.Sprite","node":{"__id__":20},"_materials":[{"__uuid__":"ecpdLyjvZBwrvm+cedCcQy"}],"_spriteFrame":{"__uuid__":"lznndd16-f357-4b89-b5b7-f99a1800eb78"},"_type":1},{"__type__":"cc.Button","node":{"__id__":20},"clickEvents":[{"__type__":"cc.ClickEvent","target":{"__id__":1},"_componentId":"lznn3581-de6e-436b-897b-d6e8f27eaea8","handler":"OnClick_BtnWnd"}],"_N$transition":3,"transition":3,"_N$pressedColor":{"__type__":"cc.Color","r":255,"g":255,"b":255},"pressedColor":{"__type__":"cc.Color","r":255,"g":255,"b":255},"_N$disabledColor":{"__type__":"cc.Color","r":255,"g":255,"b":255},"_N$pressedSprite":{"__uuid__":"e97GVMl6JHh5Ml5qEDdSGa"},"pressedSprite":{"__uuid__":"e97GVMl6JHh5Ml5qEDdSGa"},"_N$hoverSprite":{"__uuid__":"e97GVMl6JHh5Ml5qEDdSGa"},"hoverSprite":{"__uuid__":"e97GVMl6JHh5Ml5qEDdSGa"},"_N$disabledSprite":{"__uuid__":"29FYIk+N1GYaeWH/q1NxQO"},"_N$target":{"__id__":20}}],"_prefab":{"__type__":"cc.PrefabInfo","root":{"__id__":1},"asset":{"__uuid__":"lznn0088-b47f-4f11-bbd9-e1c4168f304b"},"fileId":"d0E5T/nDBPvKQTM1Ef+q6k"},"_contentSize":{"__type__":"cc.Size","width":108,"height":101},"_trs":{"__type__":"TypedArray","ctor":"Float64Array","array":[-162.5,80,0,0,0,0,1,1,1,1]}},{"__type__":"cc.Node","_name":"btn_face107","_parent":{"__id__":15},"_components":[{"__type__":"cc.Sprite","node":{"__id__":21},"_materials":[{"__uuid__":"ecpdLyjvZBwrvm+cedCcQy"}],"_spriteFrame":{"__uuid__":"lznnd4fb-e8fb-494d-9a15-7705ebcd6659"},"_type":1},{"__type__":"cc.Button","node":{"__id__":21},"clickEvents":[{"__type__":"cc.ClickEvent","target":{"__id__":1},"_componentId":"lznn3581-de6e-436b-897b-d6e8f27eaea8","handler":"OnClick_BtnWnd"}],"_N$transition":3,"transition":3,"_N$pressedColor":{"__type__":"cc.Color","r":255,"g":255,"b":255},"pressedColor":{"__type__":"cc.Color","r":255,"g":255,"b":255},"_N$disabledColor":{"__type__":"cc.Color","r":255,"g":255,"b":255},"_N$pressedSprite":{"__uuid__":"e97GVMl6JHh5Ml5qEDdSGa"},"pressedSprite":{"__uuid__":"e97GVMl6JHh5Ml5qEDdSGa"},"_N$hoverSprite":{"__uuid__":"e97GVMl6JHh5Ml5qEDdSGa"},"hoverSprite":{"__uuid__":"e97GVMl6JHh5Ml5qEDdSGa"},"_N$disabledSprite":{"__uuid__":"29FYIk+N1GYaeWH/q1NxQO"},"_N$target":{"__id__":21}}],"_prefab":{"__type__":"cc.PrefabInfo","root":{"__id__":1},"asset":{"__uuid__":"lznn0088-b47f-4f11-bbd9-e1c4168f304b"},"fileId":"69AONuUxRB/Km5fCxi5HTS"},"_contentSize":{"__type__":"cc.Size","width":117,"height":92},"_trs":{"__type__":"TypedArray","ctor":"Float64Array","array":[-59.5,76.5,0,0,0,0,1,1,1,1]}},{"__type__":"cc.Node","_name":"btn_face105","_parent":{"__id__":15},"_components":[{"__type__":"cc.Sprite","node":{"__id__":22},"_materials":[{"__uuid__":"ecpdLyjvZBwrvm+cedCcQy"}],"_spriteFrame":{"__uuid__":"lznnda78-2190-4127-9ef4-1c10c27d8090"},"_type":1},{"__type__":"cc.Button","node":{"__id__":22},"clickEvents":[{"__type__":"cc.ClickEvent","target":{"__id__":1},"_componentId":"lznn3581-de6e-436b-897b-d6e8f27eaea8","handler":"OnClick_BtnWnd"}],"_N$transition":3,"transition":3,"_N$pressedColor":{"__type__":"cc.Color","r":255,"g":255,"b":255},"pressedColor":{"__type__":"cc.Color","r":255,"g":255,"b":255},"_N$disabledColor":{"__type__":"cc.Color","r":255,"g":255,"b":255},"_N$pressedSprite":{"__uuid__":"e97GVMl6JHh5Ml5qEDdSGa"},"pressedSprite":{"__uuid__":"e97GVMl6JHh5Ml5qEDdSGa"},"_N$hoverSprite":{"__uuid__":"e97GVMl6JHh5Ml5qEDdSGa"},"hoverSprite":{"__uuid__":"e97GVMl6JHh5Ml5qEDdSGa"},"_N$disabledSprite":{"__uuid__":"29FYIk+N1GYaeWH/q1NxQO"},"_N$target":{"__id__":22}}],"_prefab":{"__type__":"cc.PrefabInfo","root":{"__id__":1},"asset":{"__uuid__":"lznn0088-b47f-4f11-bbd9-e1c4168f304b"},"fileId":"d7KHS3FJlHxrAI6hVSExje"},"_contentSize":{"__type__":"cc.Size","width":90,"height":89},"_trs":{"__type__":"TypedArray","ctor":"Float64Array","array":[54.9,75.6,0,0,0,0,1,1,1,1]}},{"__type__":"cc.Node","_name":"btn_face108","_parent":{"__id__":15},"_components":[{"__type__":"cc.Sprite","node":{"__id__":23},"_materials":[{"__uuid__":"ecpdLyjvZBwrvm+cedCcQy"}],"_spriteFrame":{"__uuid__":"lznn9e9f-605f-4f9b-8987-097ffc663fcc"},"_type":1},{"__type__":"cc.Button","node":{"__id__":23},"clickEvents":[{"__type__":"cc.ClickEvent","target":{"__id__":1},"_componentId":"lznn3581-de6e-436b-897b-d6e8f27eaea8","handler":"OnClick_BtnWnd"}],"_N$transition":3,"transition":3,"_N$pressedColor":{"__type__":"cc.Color","r":255,"g":255,"b":255},"pressedColor":{"__type__":"cc.Color","r":255,"g":255,"b":255},"_N$disabledColor":{"__type__":"cc.Color","r":255,"g":255,"b":255},"_N$pressedSprite":{"__uuid__":"e97GVMl6JHh5Ml5qEDdSGa"},"pressedSprite":{"__uuid__":"e97GVMl6JHh5Ml5qEDdSGa"},"_N$hoverSprite":{"__uuid__":"e97GVMl6JHh5Ml5qEDdSGa"},"hoverSprite":{"__uuid__":"e97GVMl6JHh5Ml5qEDdSGa"},"_N$disabledSprite":{"__uuid__":"29FYIk+N1GYaeWH/q1NxQO"},"_N$target":{"__id__":23}}],"_prefab":{"__type__":"cc.PrefabInfo","root":{"__id__":1},"asset":{"__uuid__":"lznn0088-b47f-4f11-bbd9-e1c4168f304b"},"fileId":"9ck1KhWGRK74NGnJMRI6LS"},"_contentSize":{"__type__":"cc.Size","width":94,"height":89},"_trs":{"__type__":"TypedArray","ctor":"Float64Array","array":[167.5,75.6,0,0,0,0,1,1,1,1]}},{"__type__":"cc.Node","_name":"btn_face111","_parent":{"__id__":15},"_components":[{"__type__":"cc.Sprite","node":{"__id__":24},"_materials":[{"__uuid__":"ecpdLyjvZBwrvm+cedCcQy"}],"_spriteFrame":{"__uuid__":"lznnd748-9f4b-444c-99b2-105d5fcb642c"},"_type":1},{"__type__":"cc.Button","node":{"__id__":24},"clickEvents":[{"__type__":"cc.ClickEvent","target":{"__id__":1},"_componentId":"lznn3581-de6e-436b-897b-d6e8f27eaea8","handler":"OnClick_BtnWnd"}],"_N$transition":3,"transition":3,"_N$pressedColor":{"__type__":"cc.Color","r":255,"g":255,"b":255},"pressedColor":{"__type__":"cc.Color","r":255,"g":255,"b":255},"_N$disabledColor":{"__type__":"cc.Color","r":255,"g":255,"b":255},"_N$pressedSprite":{"__uuid__":"e97GVMl6JHh5Ml5qEDdSGa"},"pressedSprite":{"__uuid__":"e97GVMl6JHh5Ml5qEDdSGa"},"_N$hoverSprite":{"__uuid__":"e97GVMl6JHh5Ml5qEDdSGa"},"hoverSprite":{"__uuid__":"e97GVMl6JHh5Ml5qEDdSGa"},"_N$disabledSprite":{"__uuid__":"29FYIk+N1GYaeWH/q1NxQO"},"_N$target":{"__id__":24}}],"_prefab":{"__type__":"cc.PrefabInfo","root":{"__id__":1},"asset":{"__uuid__":"lznn0088-b47f-4f11-bbd9-e1c4168f304b"},"fileId":"34PYYGeCpPlJOH4h0xlz/n"},"_contentSize":{"__type__":"cc.Size","width":112,"height":106},"_trs":{"__type__":"TypedArray","ctor":"Float64Array","array":[-166,-33.5,0,0,0,0,1,1,1,1]}},{"__type__":"cc.Node","_name":"btn_face110","_parent":{"__id__":15},"_components":[{"__type__":"cc.Sprite","node":{"__id__":25},"_materials":[{"__uuid__":"ecpdLyjvZBwrvm+cedCcQy"}],"_spriteFrame":{"__uuid__":"lznn6608-1add-4297-8294-92fc72671e95"},"_type":1},{"__type__":"cc.Button","node":{"__id__":25},"clickEvents":[{"__type__":"cc.ClickEvent","target":{"__id__":1},"_componentId":"lznn3581-de6e-436b-897b-d6e8f27eaea8","handler":"OnClick_BtnWnd"}],"_N$transition":3,"transition":3,"_N$pressedColor":{"__type__":"cc.Color","r":255,"g":255,"b":255},"pressedColor":{"__type__":"cc.Color","r":255,"g":255,"b":255},"_N$disabledColor":{"__type__":"cc.Color","r":255,"g":255,"b":255},"_N$pressedSprite":{"__uuid__":"e97GVMl6JHh5Ml5qEDdSGa"},"pressedSprite":{"__uuid__":"e97GVMl6JHh5Ml5qEDdSGa"},"_N$hoverSprite":{"__uuid__":"e97GVMl6JHh5Ml5qEDdSGa"},"hoverSprite":{"__uuid__":"e97GVMl6JHh5Ml5qEDdSGa"},"_N$disabledSprite":{"__uuid__":"29FYIk+N1GYaeWH/q1NxQO"},"_N$target":{"__id__":25}}],"_prefab":{"__type__":"cc.PrefabInfo","root":{"__id__":1},"asset":{"__uuid__":"lznn0088-b47f-4f11-bbd9-e1c4168f304b"},"fileId":"2eRr1gHjRIE4L6q8IV0pWW"},"_contentSize":{"__type__":"cc.Size","width":120,"height":118},"_trs":{"__type__":"TypedArray","ctor":"Float64Array","array":[-54.2,-26.5,0,0,0,0,1,1,1,1]}},{"__type__":"cc.Node","_name":"btn_face109","_parent":{"__id__":15},"_components":[{"__type__":"cc.Sprite","node":{"__id__":26},"_materials":[{"__uuid__":"ecpdLyjvZBwrvm+cedCcQy"}],"_spriteFrame":{"__uuid__":"lznnea47-3e65-40a6-8f10-c93c7b81d3b1"},"_type":1},{"__type__":"cc.Button","node":{"__id__":26},"clickEvents":[{"__type__":"cc.ClickEvent","target":{"__id__":1},"_componentId":"lznn3581-de6e-436b-897b-d6e8f27eaea8","handler":"OnClick_BtnWnd"}],"_N$transition":3,"transition":3,"_N$pressedColor":{"__type__":"cc.Color","r":255,"g":255,"b":255},"pressedColor":{"__type__":"cc.Color","r":255,"g":255,"b":255},"_N$disabledColor":{"__type__":"cc.Color","r":255,"g":255,"b":255},"_N$pressedSprite":{"__uuid__":"e97GVMl6JHh5Ml5qEDdSGa"},"pressedSprite":{"__uuid__":"e97GVMl6JHh5Ml5qEDdSGa"},"_N$hoverSprite":{"__uuid__":"e97GVMl6JHh5Ml5qEDdSGa"},"hoverSprite":{"__uuid__":"e97GVMl6JHh5Ml5qEDdSGa"},"_N$disabledSprite":{"__uuid__":"29FYIk+N1GYaeWH/q1NxQO"},"_N$target":{"__id__":26}}],"_prefab":{"__type__":"cc.PrefabInfo","root":{"__id__":1},"asset":{"__uuid__":"lznn0088-b47f-4f11-bbd9-e1c4168f304b"},"fileId":"581mNxmsVNo7PWbHvDJYgt"},"_contentSize":{"__type__":"cc.Size","width":91,"height":114},"_trs":{"__type__":"TypedArray","ctor":"Float64Array","array":[54.7,-50.1,0,0,0,0,1,1,1,1]}},{"__type__":"cc.Node","_name":"btn_face112","_parent":{"__id__":15},"_components":[{"__type__":"cc.Sprite","node":{"__id__":27},"_materials":[{"__uuid__":"ecpdLyjvZBwrvm+cedCcQy"}],"_spriteFrame":{"__uuid__":"lznne15a-3109-4f14-9510-99dcacd04afa"},"_type":1},{"__type__":"cc.Button","node":{"__id__":27},"clickEvents":[{"__type__":"cc.ClickEvent","target":{"__id__":1},"_componentId":"lznn3581-de6e-436b-897b-d6e8f27eaea8","handler":"OnClick_BtnWnd"}],"_N$transition":3,"transition":3,"_N$pressedColor":{"__type__":"cc.Color","r":255,"g":255,"b":255},"pressedColor":{"__type__":"cc.Color","r":255,"g":255,"b":255},"_N$disabledColor":{"__type__":"cc.Color","r":255,"g":255,"b":255},"_N$pressedSprite":{"__uuid__":"e97GVMl6JHh5Ml5qEDdSGa"},"pressedSprite":{"__uuid__":"e97GVMl6JHh5Ml5qEDdSGa"},"_N$hoverSprite":{"__uuid__":"e97GVMl6JHh5Ml5qEDdSGa"},"hoverSprite":{"__uuid__":"e97GVMl6JHh5Ml5qEDdSGa"},"_N$disabledSprite":{"__uuid__":"29FYIk+N1GYaeWH/q1NxQO"},"_N$target":{"__id__":27}}],"_prefab":{"__type__":"cc.PrefabInfo","root":{"__id__":1},"asset":{"__uuid__":"lznn0088-b47f-4f11-bbd9-e1c4168f304b"},"fileId":"8az9M9NbdK0rxyNoRNgoX/"},"_contentSize":{"__type__":"cc.Size","width":86,"height":86},"_trs":{"__type__":"TypedArray","ctor":"Float64Array","array":[165.5,-33.5,0,0,0,0,1,1,1,1]}},{"__type__":"cc.Node","_name":"scr_chat","_parent":{"__id__":1},"_children":[{"__id__":29},{"__id__":32}],"_components":[{"__type__":"cc.Mask","node":{"__id__":28},"_materials":[{"__uuid__":"ecpdLyjvZBwrvm+cedCcQy"}],"_N$alphaThreshold":1}],"_prefab":{"__type__":"cc.PrefabInfo","root":{"__id__":1},"asset":{"__uuid__":"lznn0088-b47f-4f11-bbd9-e1c4168f304b"},"fileId":"8bpXzdUtdMxYIr1+YlItVH"},"_color":{"__type__":"cc.Color","r":184,"g":184,"b":184},"_contentSize":{"__type__":"cc.Size","width":430,"height":330},"_anchorPoint":{"__type__":"cc.Vec2","x":0.5,"y":1},"_trs":{"__type__":"TypedArray","ctor":"Float64Array","array":[229,211.7,0,0,0,0,1,1,1,1]}},{"__type__":"cc.Node","_name":"scrollBar","_parent":{"__id__":28},"_children":[{"__id__":30}],"_active":false,"_components":[{"__type__":"cc.Scrollbar","node":{"__id__":29},"_N$handle":{"__id__":31},"_N$direction":1},{"__type__":"cc.Widget","node":{"__id__":29},"_wasAlignOnce":{},"isAlignOnce":{},"_alignFlags":37,"_left":350.07654921020657,"_originalHeight":237},{"__type__":"cc.Sprite","node":{"__id__":29},"_enabled":false,"_type":1,"_sizeMode":0}],"_prefab":{"__type__":"cc.PrefabInfo","root":{"__id__":1},"asset":{"__uuid__":"lznn0088-b47f-4f11-bbd9-e1c4168f304b"},"fileId":"daQH7u709Oop3kGrmkwphJ"},"_color":{"__type__":"cc.Color","r":238,"g":217,"b":227},"_contentSize":{"__type__":"cc.Size","width":12,"height":500},"_anchorPoint":{"__type__":"cc.Vec2","x":1,"y":0.5},"_trs":{"__type__":"TypedArray","ctor":"Float64Array","array":[200,0,0,0,0,0,1,1,1,1]}},{"__type__":"cc.Node","_name":"bar","_parent":{"__id__":29},"_components":[{"__id__":31}],"_prefab":{"__type__":"cc.PrefabInfo","root":{"__id__":1},"asset":{"__uuid__":"lznn0088-b47f-4f11-bbd9-e1c4168f304b"},"fileId":"d2Cuedk7NMkoIMvcNMTLRw"},"_color":{"__type__":"cc.Color","r":236,"g":241,"b":245},"_contentSize":{"__type__":"cc.Size","width":10,"height":357.14285714285717},"_anchorPoint":{"__type__":"cc.Vec2"},"_trs":{"__type__":"TypedArray","ctor":"Float64Array","array":[-11.000000000000114,-107.14285714285717,0,0,0,0,1,1,1,1]}},{"__type__":"cc.Sprite","node":{"__id__":30},"_type":1,"_sizeMode":0},{"__type__":"cc.Node","_name":"view","_parent":{"__id__":28},"_children":[{"__id__":33}],"_components":[{"__type__":"cc.ScrollView","node":{"__id__":32},"horizontal":false,"_N$content":{"__id__":33},"content":{"__id__":33}}],"_prefab":{"__type__":"cc.PrefabInfo","root":{"__id__":1},"asset":{"__uuid__":"lznn0088-b47f-4f11-bbd9-e1c4168f304b"},"fileId":"26U3uYo9xCpY0VuOeFOMwi"},"_contentSize":{"__type__":"cc.Size","width":430,"height":330},"_anchorPoint":{"__type__":"cc.Vec2","x":0.5,"y":1},"_trs":{"__type__":"TypedArray","ctor":"Float64Array","array":[0,0,0,0,0,0,1,1,1,1]}},{"__type__":"cc.Node","_name":"layout_chat","_parent":{"__id__":32},"_children":[{"__id__":34},{"__id__":37},{"__id__":40},{"__id__":43},{"__id__":46},{"__id__":49},{"__id__":52},{"__id__":55},{"__id__":58},{"__id__":61},{"__id__":64},{"__id__":67}],"_components":[{"__type__":"cc.Layout","node":{"__id__":33},"_layoutSize":{"__type__":"cc.Size","width":430,"height":610},"_resize":1,"_N$layoutType":2,"_N$paddingTop":10,"_N$spacingY":10}],"_prefab":{"__type__":"cc.PrefabInfo","root":{"__id__":1},"asset":{"__uuid__":"lznn0088-b47f-4f11-bbd9-e1c4168f304b"},"fileId":"79r+WgQxFIe4/POK9VSB0Q"},"_color":{"__type__":"cc.Color","r":167,"g":167,"b":167},"_contentSize":{"__type__":"cc.Size","width":430,"height":610},"_anchorPoint":{"__type__":"cc.Vec2","x":0.5,"y":1},"_trs":{"__type__":"TypedArray","ctor":"Float64Array","array":[2,0.3,0,0,0,0,1,1,1,1]}},{"__type__":"cc.Node","_name":"btn_chat01","_parent":{"__id__":33},"_children":[{"__id__":35},{"__id__":36}],"_components":[{"__type__":"cc.Button","node":{"__id__":34},"clickEvents":[{"__type__":"cc.ClickEvent","target":{"__id__":1},"_componentId":"lznn3581-de6e-436b-897b-d6e8f27eaea8","handler":"OnClick_BtnWnd"}],"_N$transition":2,"transition":2,"_N$pressedColor":{"__type__":"cc.Color","r":255,"g":255,"b":255},"pressedColor":{"__type__":"cc.Color","r":255,"g":255,"b":255},"_N$disabledColor":{"__type__":"cc.Color","r":255,"g":255,"b":255},"_N$normalSprite":{"__uuid__":"lznnfc3e-42e4-42f9-a5a5-3c9d1b32a058"},"_N$target":{"__id__":34}}],"_prefab":{"__type__":"cc.PrefabInfo","root":{"__id__":1},"asset":{"__uuid__":"lznn0088-b47f-4f11-bbd9-e1c4168f304b"},"fileId":"02ts5yn3tNYrEjuIJZgR0s"},"_contentSize":{"__type__":"cc.Size","width":408,"height":51},"_trs":{"__type__":"TypedArray","ctor":"Float64Array","array":[0,-35.5,0,0,0,0,1,1,1,1]}},{"__type__":"cc.Node","_name":"bg","_parent":{"__id__":34},"_components":[{"__type__":"cc.Sprite","node":{"__id__":35},"_materials":[{"__uuid__":"ecpdLyjvZBwrvm+cedCcQy"}],"_spriteFrame":{"__uuid__":"lznnfc3e-42e4-42f9-a5a5-3c9d1b32a058"}}],"_prefab":{"__type__":"cc.PrefabInfo","root":{"__id__":1},"asset":{"__uuid__":"lznn0088-b47f-4f11-bbd9-e1c4168f304b"},"fileId":"6cbTyqdntCUJjMdWLoty2o"},"_contentSize":{"__type__":"cc.Size","width":408,"height":51},"_trs":{"__type__":"TypedArray","ctor":"Float64Array","array":[0,0,0,0,0,0,1,1,1,1]}},{"__type__":"cc.Node","_name":"lb_chat","_parent":{"__id__":34},"_components":[{"__type__":"cc.Label","node":{"__id__":36},"_materials":[{"__uuid__":"ecpdLyjvZBwrvm+cedCcQy"}],"_useOriginalSize":false,"_string":"快点吧，我等花儿都谢了！","_N$string":"快点吧，我等花儿都谢了！","_fontSize":26,"_lineHeight":26,"_enableWrapText":false,"_N$file":{"__uuid__":"lznn373b-ebaf-4e57-9974-1fdd6b1b601d"},"_isSystemFontUsed":false,"_N$horizontalAlign":1,"_N$verticalAlign":1}],"_prefab":{"__type__":"cc.PrefabInfo","root":{"__id__":1},"asset":{"__uuid__":"lznn0088-b47f-4f11-bbd9-e1c4168f304b"},"fileId":"58gywx/Y5Ctaj0nDCJVW+a"},"_color":{"__type__":"cc.Color","r":82,"g":98,"b":69},"_contentSize":{"__type__":"cc.Size","width":312,"height":32.76},"_anchorPoint":{"__type__":"cc.Vec2","y":0.5},"_trs":{"__type__":"TypedArray","ctor":"Float64Array","array":[-190.5,0,0,0,0,0,1,1,1,1]}},{"__type__":"cc.Node","_name":"btn_chat02","_parent":{"__id__":33},"_children":[{"__id__":38},{"__id__":39}],"_components":[{"__type__":"cc.Button","node":{"__id__":37},"clickEvents":[{"__type__":"cc.ClickEvent","target":{"__id__":1},"_componentId":"lznn3581-de6e-436b-897b-d6e8f27eaea8","handler":"OnClick_BtnWnd"}],"_N$transition":2,"transition":2,"_N$pressedColor":{"__type__":"cc.Color","r":255,"g":255,"b":255},"pressedColor":{"__type__":"cc.Color","r":255,"g":255,"b":255},"_N$disabledColor":{"__type__":"cc.Color","r":255,"g":255,"b":255},"_N$normalSprite":{"__uuid__":"lznnfc3e-42e4-42f9-a5a5-3c9d1b32a058"},"_N$target":{"__id__":37}}],"_prefab":{"__type__":"cc.PrefabInfo","root":{"__id__":1},"asset":{"__uuid__":"lznn0088-b47f-4f11-bbd9-e1c4168f304b"},"fileId":"f5vgeJp2pMhZE6CAzX21nM"},"_contentSize":{"__type__":"cc.Size","width":408,"height":51},"_trs":{"__type__":"TypedArray","ctor":"Float64Array","array":[0,-96.5,0,0,0,0,1,1,1,1]}},{"__type__":"cc.Node","_name":"bg","_parent":{"__id__":37},"_components":[{"__type__":"cc.Sprite","node":{"__id__":38},"_materials":[{"__uuid__":"ecpdLyjvZBwrvm+cedCcQy"}],"_spriteFrame":{"__uuid__":"lznnfc3e-42e4-42f9-a5a5-3c9d1b32a058"}}],"_prefab":{"__type__":"cc.PrefabInfo","root":{"__id__":1},"asset":{"__uuid__":"lznn0088-b47f-4f11-bbd9-e1c4168f304b"},"fileId":"c3V3ZjVz5COY5SzstGyLzE"},"_contentSize":{"__type__":"cc.Size","width":408,"height":51},"_trs":{"__type__":"TypedArray","ctor":"Float64Array","array":[0,0,0,0,0,0,1,1,1,1]}},{"__type__":"cc.Node","_name":"lb_chat","_parent":{"__id__":37},"_components":[{"__type__":"cc.Label","node":{"__id__":39},"_materials":[{"__uuid__":"ecpdLyjvZBwrvm+cedCcQy"}],"_useOriginalSize":false,"_string":"快点吧，我等花儿都谢了！","_N$string":"快点吧，我等花儿都谢了！","_fontSize":26,"_lineHeight":26,"_enableWrapText":false,"_N$file":{"__uuid__":"lznn373b-ebaf-4e57-9974-1fdd6b1b601d"},"_isSystemFontUsed":false,"_N$horizontalAlign":1,"_N$verticalAlign":1}],"_prefab":{"__type__":"cc.PrefabInfo","root":{"__id__":1},"asset":{"__uuid__":"lznn0088-b47f-4f11-bbd9-e1c4168f304b"},"fileId":"01/0AD+epNQpG5O7mS0Fah"},"_color":{"__type__":"cc.Color","r":82,"g":98,"b":69},"_contentSize":{"__type__":"cc.Size","width":312,"height":32.76},"_anchorPoint":{"__type__":"cc.Vec2","y":0.5},"_trs":{"__type__":"TypedArray","ctor":"Float64Array","array":[-190.5,0,0,0,0,0,1,1,1,1]}},{"__type__":"cc.Node","_name":"btn_chat03","_parent":{"__id__":33},"_children":[{"__id__":41},{"__id__":42}],"_components":[{"__type__":"cc.Button","node":{"__id__":40},"clickEvents":[{"__type__":"cc.ClickEvent","target":{"__id__":1},"_componentId":"lznn3581-de6e-436b-897b-d6e8f27eaea8","handler":"OnClick_BtnWnd"}],"_N$transition":2,"transition":2,"_N$pressedColor":{"__type__":"cc.Color","r":255,"g":255,"b":255},"pressedColor":{"__type__":"cc.Color","r":255,"g":255,"b":255},"_N$disabledColor":{"__type__":"cc.Color","r":255,"g":255,"b":255},"_N$normalSprite":{"__uuid__":"lznnfc3e-42e4-42f9-a5a5-3c9d1b32a058"},"_N$target":{"__id__":40}}],"_prefab":{"__type__":"cc.PrefabInfo","root":{"__id__":1},"asset":{"__uuid__":"lznn0088-b47f-4f11-bbd9-e1c4168f304b"},"fileId":"b61mq74hxHiLdV0jGuFwD9"},"_contentSize":{"__type__":"cc.Size","width":408,"height":51},"_trs":{"__type__":"TypedArray","ctor":"Float64Array","array":[0,-157.5,0,0,0,0,1,1,1,1]}},{"__type__":"cc.Node","_name":"bg","_parent":{"__id__":40},"_components":[{"__type__":"cc.Sprite","node":{"__id__":41},"_materials":[{"__uuid__":"ecpdLyjvZBwrvm+cedCcQy"}],"_spriteFrame":{"__uuid__":"lznnfc3e-42e4-42f9-a5a5-3c9d1b32a058"}}],"_prefab":{"__type__":"cc.PrefabInfo","root":{"__id__":1},"asset":{"__uuid__":"lznn0088-b47f-4f11-bbd9-e1c4168f304b"},"fileId":"43hLCa5y1A8psAPvgNSByq"},"_contentSize":{"__type__":"cc.Size","width":408,"height":51},"_trs":{"__type__":"TypedArray","ctor":"Float64Array","array":[0,0,0,0,0,0,1,1,1,1]}},{"__type__":"cc.Node","_name":"lb_chat","_parent":{"__id__":40},"_components":[{"__type__":"cc.Label","node":{"__id__":42},"_materials":[{"__uuid__":"ecpdLyjvZBwrvm+cedCcQy"}],"_useOriginalSize":false,"_string":"快点吧，我等花儿都谢了！","_N$string":"快点吧，我等花儿都谢了！","_fontSize":26,"_lineHeight":26,"_enableWrapText":false,"_N$file":{"__uuid__":"lznn373b-ebaf-4e57-9974-1fdd6b1b601d"},"_isSystemFontUsed":false,"_N$horizontalAlign":1,"_N$verticalAlign":1}],"_prefab":{"__type__":"cc.PrefabInfo","root":{"__id__":1},"asset":{"__uuid__":"lznn0088-b47f-4f11-bbd9-e1c4168f304b"},"fileId":"fckjR0YJ1NmKkQ3KBNt5jL"},"_color":{"__type__":"cc.Color","r":82,"g":98,"b":69},"_contentSize":{"__type__":"cc.Size","width":312,"height":32.76},"_anchorPoint":{"__type__":"cc.Vec2","y":0.5},"_trs":{"__type__":"TypedArray","ctor":"Float64Array","array":[-190.5,0,0,0,0,0,1,1,1,1]}},{"__type__":"cc.Node","_name":"btn_chat04","_parent":{"__id__":33},"_children":[{"__id__":44},{"__id__":45}],"_components":[{"__type__":"cc.Button","node":{"__id__":43},"clickEvents":[{"__type__":"cc.ClickEvent","target":{"__id__":1},"_componentId":"lznn3581-de6e-436b-897b-d6e8f27eaea8","handler":"OnClick_BtnWnd"}],"_N$transition":2,"transition":2,"_N$pressedColor":{"__type__":"cc.Color","r":255,"g":255,"b":255},"pressedColor":{"__type__":"cc.Color","r":255,"g":255,"b":255},"_N$disabledColor":{"__type__":"cc.Color","r":255,"g":255,"b":255},"_N$normalSprite":{"__uuid__":"lznnfc3e-42e4-42f9-a5a5-3c9d1b32a058"},"_N$target":{"__id__":43}}],"_prefab":{"__type__":"cc.PrefabInfo","root":{"__id__":1},"asset":{"__uuid__":"lznn0088-b47f-4f11-bbd9-e1c4168f304b"},"fileId":"aaj6hKGfVA0aIYzVz4lFn1"},"_contentSize":{"__type__":"cc.Size","width":408,"height":51},"_trs":{"__type__":"TypedArray","ctor":"Float64Array","array":[0,-218.5,0,0,0,0,1,1,1,1]}},{"__type__":"cc.Node","_name":"bg","_parent":{"__id__":43},"_components":[{"__type__":"cc.Sprite","node":{"__id__":44},"_materials":[{"__uuid__":"ecpdLyjvZBwrvm+cedCcQy"}],"_spriteFrame":{"__uuid__":"lznnfc3e-42e4-42f9-a5a5-3c9d1b32a058"}}],"_prefab":{"__type__":"cc.PrefabInfo","root":{"__id__":1},"asset":{"__uuid__":"lznn0088-b47f-4f11-bbd9-e1c4168f304b"},"fileId":"67Cf/kAuRGzY3E88YKfmom"},"_contentSize":{"__type__":"cc.Size","width":408,"height":51},"_trs":{"__type__":"TypedArray","ctor":"Float64Array","array":[0,0,0,0,0,0,1,1,1,1]}},{"__type__":"cc.Node","_name":"lb_chat","_parent":{"__id__":43},"_components":[{"__type__":"cc.Label","node":{"__id__":45},"_materials":[{"__uuid__":"ecpdLyjvZBwrvm+cedCcQy"}],"_useOriginalSize":false,"_string":"快点吧，我等花儿都谢了！","_N$string":"快点吧，我等花儿都谢了！","_fontSize":26,"_lineHeight":26,"_enableWrapText":false,"_N$file":{"__uuid__":"lznn373b-ebaf-4e57-9974-1fdd6b1b601d"},"_isSystemFontUsed":false,"_N$horizontalAlign":1,"_N$verticalAlign":1}],"_prefab":{"__type__":"cc.PrefabInfo","root":{"__id__":1},"asset":{"__uuid__":"lznn0088-b47f-4f11-bbd9-e1c4168f304b"},"fileId":"8fTM3FMZxCarM4SyDiRPxU"},"_color":{"__type__":"cc.Color","r":82,"g":98,"b":69},"_contentSize":{"__type__":"cc.Size","width":312,"height":32.76},"_anchorPoint":{"__type__":"cc.Vec2","y":0.5},"_trs":{"__type__":"TypedArray","ctor":"Float64Array","array":[-190.5,0,0,0,0,0,1,1,1,1]}},{"__type__":"cc.Node","_name":"btn_chat05","_parent":{"__id__":33},"_children":[{"__id__":47},{"__id__":48}],"_components":[{"__type__":"cc.Button","node":{"__id__":46},"clickEvents":[{"__type__":"cc.ClickEvent","target":{"__id__":1},"_componentId":"lznn3581-de6e-436b-897b-d6e8f27eaea8","handler":"OnClick_BtnWnd"}],"_N$transition":2,"transition":2,"_N$pressedColor":{"__type__":"cc.Color","r":255,"g":255,"b":255},"pressedColor":{"__type__":"cc.Color","r":255,"g":255,"b":255},"_N$disabledColor":{"__type__":"cc.Color","r":255,"g":255,"b":255},"_N$normalSprite":{"__uuid__":"lznnfc3e-42e4-42f9-a5a5-3c9d1b32a058"},"_N$target":{"__id__":46}}],"_prefab":{"__type__":"cc.PrefabInfo","root":{"__id__":1},"asset":{"__uuid__":"lznn0088-b47f-4f11-bbd9-e1c4168f304b"},"fileId":"565U620FRCvIi6NOmR67/U"},"_contentSize":{"__type__":"cc.Size","width":408,"height":51},"_trs":{"__type__":"TypedArray","ctor":"Float64Array","array":[0,-279.5,0,0,0,0,1,1,1,1]}},{"__type__":"cc.Node","_name":"bg","_parent":{"__id__":46},"_components":[{"__type__":"cc.Sprite","node":{"__id__":47},"_materials":[{"__uuid__":"ecpdLyjvZBwrvm+cedCcQy"}],"_spriteFrame":{"__uuid__":"lznnfc3e-42e4-42f9-a5a5-3c9d1b32a058"}}],"_prefab":{"__type__":"cc.PrefabInfo","root":{"__id__":1},"asset":{"__uuid__":"lznn0088-b47f-4f11-bbd9-e1c4168f304b"},"fileId":"1dfCHq5zFJXpRmiCzEjp7s"},"_contentSize":{"__type__":"cc.Size","width":408,"height":51},"_trs":{"__type__":"TypedArray","ctor":"Float64Array","array":[0,0,0,0,0,0,1,1,1,1]}},{"__type__":"cc.Node","_name":"lb_chat","_parent":{"__id__":46},"_components":[{"__type__":"cc.Label","node":{"__id__":48},"_materials":[{"__uuid__":"ecpdLyjvZBwrvm+cedCcQy"}],"_useOriginalSize":false,"_string":"快点吧，我等花儿都谢了！","_N$string":"快点吧，我等花儿都谢了！","_fontSize":26,"_lineHeight":26,"_N$file":{"__uuid__":"lznn373b-ebaf-4e57-9974-1fdd6b1b601d"},"_isSystemFontUsed":false,"_N$horizontalAlign":1,"_N$verticalAlign":1}],"_prefab":{"__type__":"cc.PrefabInfo","root":{"__id__":1},"asset":{"__uuid__":"lznn0088-b47f-4f11-bbd9-e1c4168f304b"},"fileId":"a5VOeMqy1Od6yOHLY8Arbj"},"_color":{"__type__":"cc.Color","r":82,"g":98,"b":69},"_contentSize":{"__type__":"cc.Size","width":312,"height":32.76},"_anchorPoint":{"__type__":"cc.Vec2","y":0.5},"_trs":{"__type__":"TypedArray","ctor":"Float64Array","array":[-190.5,0,0,0,0,0,1,1,1,1]}},{"__type__":"cc.Node","_name":"btn_chat06","_parent":{"__id__":33},"_children":[{"__id__":50},{"__id__":51}],"_components":[{"__type__":"cc.Button","node":{"__id__":49},"clickEvents":[{"__type__":"cc.ClickEvent","target":{"__id__":1},"_componentId":"lznn3581-de6e-436b-897b-d6e8f27eaea8","handler":"OnClick_BtnWnd"}],"_N$transition":2,"transition":2,"_N$pressedColor":{"__type__":"cc.Color","r":255,"g":255,"b":255},"pressedColor":{"__type__":"cc.Color","r":255,"g":255,"b":255},"_N$disabledColor":{"__type__":"cc.Color","r":255,"g":255,"b":255},"_N$normalSprite":{"__uuid__":"lznnfc3e-42e4-42f9-a5a5-3c9d1b32a058"},"_N$target":{"__id__":49}}],"_prefab":{"__type__":"cc.PrefabInfo","root":{"__id__":1},"asset":{"__uuid__":"lznn0088-b47f-4f11-bbd9-e1c4168f304b"},"fileId":"14s2Q+rQJPxL7jgmWez8qS"},"_contentSize":{"__type__":"cc.Size","width":408,"height":51},"_trs":{"__type__":"TypedArray","ctor":"Float64Array","array":[0,-340.5,0,0,0,0,1,1,1,1]}},{"__type__":"cc.Node","_name":"bg","_parent":{"__id__":49},"_components":[{"__type__":"cc.Sprite","node":{"__id__":50},"_materials":[{"__uuid__":"ecpdLyjvZBwrvm+cedCcQy"}],"_spriteFrame":{"__uuid__":"lznnfc3e-42e4-42f9-a5a5-3c9d1b32a058"}}],"_prefab":{"__type__":"cc.PrefabInfo","root":{"__id__":1},"asset":{"__uuid__":"lznn0088-b47f-4f11-bbd9-e1c4168f304b"},"fileId":"70imNgSRVMBb4WFrZpMTyd"},"_contentSize":{"__type__":"cc.Size","width":408,"height":51},"_trs":{"__type__":"TypedArray","ctor":"Float64Array","array":[0,0,0,0,0,0,1,1,1,1]}},{"__type__":"cc.Node","_name":"lb_chat","_parent":{"__id__":49},"_components":[{"__type__":"cc.Label","node":{"__id__":51},"_materials":[{"__uuid__":"ecpdLyjvZBwrvm+cedCcQy"}],"_useOriginalSize":false,"_string":"快点吧，我等花儿都谢了！","_N$string":"快点吧，我等花儿都谢了！","_fontSize":26,"_lineHeight":26,"_enableWrapText":false,"_N$file":{"__uuid__":"lznn373b-ebaf-4e57-9974-1fdd6b1b601d"},"_isSystemFontUsed":false,"_N$horizontalAlign":1,"_N$verticalAlign":1}],"_prefab":{"__type__":"cc.PrefabInfo","root":{"__id__":1},"asset":{"__uuid__":"lznn0088-b47f-4f11-bbd9-e1c4168f304b"},"fileId":"dbsfcrp5JOUqvn7zGlG8GB"},"_color":{"__type__":"cc.Color","r":82,"g":98,"b":69},"_contentSize":{"__type__":"cc.Size","width":312,"height":32.76},"_anchorPoint":{"__type__":"cc.Vec2","y":0.5},"_trs":{"__type__":"TypedArray","ctor":"Float64Array","array":[-190.5,0,0,0,0,0,1,1,1,1]}},{"__type__":"cc.Node","_name":"btn_chat07","_parent":{"__id__":33},"_children":[{"__id__":53},{"__id__":54}],"_components":[{"__type__":"cc.Button","node":{"__id__":52},"clickEvents":[{"__type__":"cc.ClickEvent","target":{"__id__":1},"_componentId":"lznn3581-de6e-436b-897b-d6e8f27eaea8","handler":"OnClick_BtnWnd"}],"_N$transition":2,"transition":2,"_N$pressedColor":{"__type__":"cc.Color","r":255,"g":255,"b":255},"pressedColor":{"__type__":"cc.Color","r":255,"g":255,"b":255},"_N$disabledColor":{"__type__":"cc.Color","r":255,"g":255,"b":255},"_N$normalSprite":{"__uuid__":"lznnfc3e-42e4-42f9-a5a5-3c9d1b32a058"},"_N$target":{"__id__":52}}],"_prefab":{"__type__":"cc.PrefabInfo","root":{"__id__":1},"asset":{"__uuid__":"lznn0088-b47f-4f11-bbd9-e1c4168f304b"},"fileId":"2b6xTgRrJA8qPz4Houvuqq"},"_contentSize":{"__type__":"cc.Size","width":408,"height":51},"_trs":{"__type__":"TypedArray","ctor":"Float64Array","array":[0,-401.5,0,0,0,0,1,1,1,1]}},{"__type__":"cc.Node","_name":"bg","_parent":{"__id__":52},"_components":[{"__type__":"cc.Sprite","node":{"__id__":53},"_materials":[{"__uuid__":"ecpdLyjvZBwrvm+cedCcQy"}],"_spriteFrame":{"__uuid__":"lznnfc3e-42e4-42f9-a5a5-3c9d1b32a058"}}],"_prefab":{"__type__":"cc.PrefabInfo","root":{"__id__":1},"asset":{"__uuid__":"lznn0088-b47f-4f11-bbd9-e1c4168f304b"},"fileId":"a7pS/8yfRNIIvPLnrYanwt"},"_contentSize":{"__type__":"cc.Size","width":408,"height":51},"_trs":{"__type__":"TypedArray","ctor":"Float64Array","array":[0,0,0,0,0,0,1,1,1,1]}},{"__type__":"cc.Node","_name":"lb_chat","_parent":{"__id__":52},"_components":[{"__type__":"cc.Label","node":{"__id__":54},"_materials":[{"__uuid__":"ecpdLyjvZBwrvm+cedCcQy"}],"_useOriginalSize":false,"_string":"快点吧，我等花儿都谢了！","_N$string":"快点吧，我等花儿都谢了！","_fontSize":26,"_lineHeight":26,"_enableWrapText":false,"_N$file":{"__uuid__":"lznn373b-ebaf-4e57-9974-1fdd6b1b601d"},"_isSystemFontUsed":false,"_N$horizontalAlign":1,"_N$verticalAlign":1}],"_prefab":{"__type__":"cc.PrefabInfo","root":{"__id__":1},"asset":{"__uuid__":"lznn0088-b47f-4f11-bbd9-e1c4168f304b"},"fileId":"d1sJ58RS5KUZwEhdk+mDbb"},"_color":{"__type__":"cc.Color","r":82,"g":98,"b":69},"_contentSize":{"__type__":"cc.Size","width":312,"height":32.76},"_anchorPoint":{"__type__":"cc.Vec2","y":0.5},"_trs":{"__type__":"TypedArray","ctor":"Float64Array","array":[-190.5,0,0,0,0,0,1,1,1,1]}},{"__type__":"cc.Node","_name":"btn_chat08","_parent":{"__id__":33},"_children":[{"__id__":56},{"__id__":57}],"_components":[{"__type__":"cc.Button","node":{"__id__":55},"clickEvents":[{"__type__":"cc.ClickEvent","target":{"__id__":1},"_componentId":"lznn3581-de6e-436b-897b-d6e8f27eaea8","handler":"OnClick_BtnWnd"}],"_N$transition":2,"transition":2,"_N$pressedColor":{"__type__":"cc.Color","r":255,"g":255,"b":255},"pressedColor":{"__type__":"cc.Color","r":255,"g":255,"b":255},"_N$disabledColor":{"__type__":"cc.Color","r":255,"g":255,"b":255},"_N$normalSprite":{"__uuid__":"lznnfc3e-42e4-42f9-a5a5-3c9d1b32a058"},"_N$target":{"__id__":55}}],"_prefab":{"__type__":"cc.PrefabInfo","root":{"__id__":1},"asset":{"__uuid__":"lznn0088-b47f-4f11-bbd9-e1c4168f304b"},"fileId":"46hWImVhhAhbsXB8zvgEsH"},"_contentSize":{"__type__":"cc.Size","width":408,"height":51},"_trs":{"__type__":"TypedArray","ctor":"Float64Array","array":[0,-462.5,0,0,0,0,1,1,1,1]}},{"__type__":"cc.Node","_name":"bg","_parent":{"__id__":55},"_components":[{"__type__":"cc.Sprite","node":{"__id__":56},"_materials":[{"__uuid__":"ecpdLyjvZBwrvm+cedCcQy"}],"_spriteFrame":{"__uuid__":"lznnfc3e-42e4-42f9-a5a5-3c9d1b32a058"}}],"_prefab":{"__type__":"cc.PrefabInfo","root":{"__id__":1},"asset":{"__uuid__":"lznn0088-b47f-4f11-bbd9-e1c4168f304b"},"fileId":"18BIssfHNGNpY5e0DMerpr"},"_contentSize":{"__type__":"cc.Size","width":408,"height":51},"_trs":{"__type__":"TypedArray","ctor":"Float64Array","array":[0,0,0,0,0,0,1,1,1,1]}},{"__type__":"cc.Node","_name":"lb_chat","_parent":{"__id__":55},"_components":[{"__type__":"cc.Label","node":{"__id__":57},"_materials":[{"__uuid__":"ecpdLyjvZBwrvm+cedCcQy"}],"_useOriginalSize":false,"_string":"快点吧，我等花儿都谢了！","_N$string":"快点吧，我等花儿都谢了！","_fontSize":26,"_lineHeight":26,"_enableWrapText":false,"_N$file":{"__uuid__":"lznn373b-ebaf-4e57-9974-1fdd6b1b601d"},"_isSystemFontUsed":false,"_N$horizontalAlign":1,"_N$verticalAlign":1}],"_prefab":{"__type__":"cc.PrefabInfo","root":{"__id__":1},"asset":{"__uuid__":"lznn0088-b47f-4f11-bbd9-e1c4168f304b"},"fileId":"4bRE4LhWxEr5kXGI+E/obW"},"_color":{"__type__":"cc.Color","r":82,"g":98,"b":69},"_contentSize":{"__type__":"cc.Size","width":312,"height":32.76},"_anchorPoint":{"__type__":"cc.Vec2","y":0.5},"_trs":{"__type__":"TypedArray","ctor":"Float64Array","array":[-190.5,0,0,0,0,0,1,1,1,1]}},{"__type__":"cc.Node","_name":"btn_chat09","_parent":{"__id__":33},"_children":[{"__id__":59},{"__id__":60}],"_components":[{"__type__":"cc.Button","node":{"__id__":58},"clickEvents":[{"__type__":"cc.ClickEvent","target":{"__id__":1},"_componentId":"lznn3581-de6e-436b-897b-d6e8f27eaea8","handler":"OnClick_BtnWnd"}],"_N$transition":2,"transition":2,"_N$pressedColor":{"__type__":"cc.Color","r":255,"g":255,"b":255},"pressedColor":{"__type__":"cc.Color","r":255,"g":255,"b":255},"_N$disabledColor":{"__type__":"cc.Color","r":255,"g":255,"b":255},"_N$normalSprite":{"__uuid__":"lznnfc3e-42e4-42f9-a5a5-3c9d1b32a058"},"_N$target":{"__id__":58}}],"_prefab":{"__type__":"cc.PrefabInfo","root":{"__id__":1},"asset":{"__uuid__":"lznn0088-b47f-4f11-bbd9-e1c4168f304b"},"fileId":"10a/UXTvJHypDF9nvNvdCl"},"_contentSize":{"__type__":"cc.Size","width":408,"height":51},"_trs":{"__type__":"TypedArray","ctor":"Float64Array","array":[0,-523.5,0,0,0,0,1,1,1,1]}},{"__type__":"cc.Node","_name":"bg","_parent":{"__id__":58},"_components":[{"__type__":"cc.Sprite","node":{"__id__":59},"_materials":[{"__uuid__":"ecpdLyjvZBwrvm+cedCcQy"}],"_spriteFrame":{"__uuid__":"lznnfc3e-42e4-42f9-a5a5-3c9d1b32a058"}}],"_prefab":{"__type__":"cc.PrefabInfo","root":{"__id__":1},"asset":{"__uuid__":"lznn0088-b47f-4f11-bbd9-e1c4168f304b"},"fileId":"86eZYjBrhGkr5kG50TlRzE"},"_contentSize":{"__type__":"cc.Size","width":408,"height":51},"_trs":{"__type__":"TypedArray","ctor":"Float64Array","array":[0,0,0,0,0,0,1,1,1,1]}},{"__type__":"cc.Node","_name":"lb_chat","_parent":{"__id__":58},"_components":[{"__type__":"cc.Label","node":{"__id__":60},"_materials":[{"__uuid__":"ecpdLyjvZBwrvm+cedCcQy"}],"_useOriginalSize":false,"_string":"快点吧，我等花儿都谢了！","_N$string":"快点吧，我等花儿都谢了！","_fontSize":26,"_lineHeight":26,"_enableWrapText":false,"_N$file":{"__uuid__":"lznn373b-ebaf-4e57-9974-1fdd6b1b601d"},"_isSystemFontUsed":false,"_N$horizontalAlign":1,"_N$verticalAlign":1}],"_prefab":{"__type__":"cc.PrefabInfo","root":{"__id__":1},"asset":{"__uuid__":"lznn0088-b47f-4f11-bbd9-e1c4168f304b"},"fileId":"60I9qmIa9IQ4iJVcPGAt74"},"_color":{"__type__":"cc.Color","r":82,"g":98,"b":69},"_contentSize":{"__type__":"cc.Size","width":312,"height":32.76},"_anchorPoint":{"__type__":"cc.Vec2","y":0.5},"_trs":{"__type__":"TypedArray","ctor":"Float64Array","array":[-190.5,0,0,0,0,0,1,1,1,1]}},{"__type__":"cc.Node","_name":"btn_chat10","_parent":{"__id__":33},"_children":[{"__id__":62},{"__id__":63}],"_components":[{"__type__":"cc.Button","node":{"__id__":61},"clickEvents":[{"__type__":"cc.ClickEvent","target":{"__id__":1},"_componentId":"lznn3581-de6e-436b-897b-d6e8f27eaea8","handler":"OnClick_BtnWnd"}],"_N$transition":2,"transition":2,"_N$pressedColor":{"__type__":"cc.Color","r":255,"g":255,"b":255},"pressedColor":{"__type__":"cc.Color","r":255,"g":255,"b":255},"_N$disabledColor":{"__type__":"cc.Color","r":255,"g":255,"b":255},"_N$normalSprite":{"__uuid__":"lznnfc3e-42e4-42f9-a5a5-3c9d1b32a058"},"_N$target":{"__id__":61}}],"_prefab":{"__type__":"cc.PrefabInfo","root":{"__id__":1},"asset":{"__uuid__":"lznn0088-b47f-4f11-bbd9-e1c4168f304b"},"fileId":"baFrH3AoZHG7CvZ1DYijDr"},"_contentSize":{"__type__":"cc.Size","width":408,"height":51},"_trs":{"__type__":"TypedArray","ctor":"Float64Array","array":[0,-584.5,0,0,0,0,1,1,1,1]}},{"__type__":"cc.Node","_name":"bg","_parent":{"__id__":61},"_components":[{"__type__":"cc.Sprite","node":{"__id__":62},"_materials":[{"__uuid__":"ecpdLyjvZBwrvm+cedCcQy"}],"_spriteFrame":{"__uuid__":"lznnfc3e-42e4-42f9-a5a5-3c9d1b32a058"}}],"_prefab":{"__type__":"cc.PrefabInfo","root":{"__id__":1},"asset":{"__uuid__":"lznn0088-b47f-4f11-bbd9-e1c4168f304b"},"fileId":"97sjOAYZtAfp7xR+dBMres"},"_contentSize":{"__type__":"cc.Size","width":408,"height":51},"_trs":{"__type__":"TypedArray","ctor":"Float64Array","array":[0,0,0,0,0,0,1,1,1,1]}},{"__type__":"cc.Node","_name":"lb_chat","_parent":{"__id__":61},"_components":[{"__type__":"cc.Label","node":{"__id__":63},"_materials":[{"__uuid__":"ecpdLyjvZBwrvm+cedCcQy"}],"_useOriginalSize":false,"_string":"快点吧，我等花儿都谢了！","_N$string":"快点吧，我等花儿都谢了！","_fontSize":26,"_lineHeight":26,"_enableWrapText":false,"_N$file":{"__uuid__":"lznn373b-ebaf-4e57-9974-1fdd6b1b601d"},"_isSystemFontUsed":false,"_N$horizontalAlign":1,"_N$verticalAlign":1}],"_prefab":{"__type__":"cc.PrefabInfo","root":{"__id__":1},"asset":{"__uuid__":"lznn0088-b47f-4f11-bbd9-e1c4168f304b"},"fileId":"51xeYG+OxBq7b2ITO4hRTC"},"_color":{"__type__":"cc.Color","r":82,"g":98,"b":69},"_contentSize":{"__type__":"cc.Size","width":312,"height":32.76},"_anchorPoint":{"__type__":"cc.Vec2","y":0.5},"_trs":{"__type__":"TypedArray","ctor":"Float64Array","array":[-190.5,0,0,0,0,0,1,1,1,1]}},{"__type__":"cc.Node","_name":"btn_chat11","_parent":{"__id__":33},"_children":[{"__id__":65},{"__id__":66}],"_active":false,"_components":[{"__type__":"cc.Button","node":{"__id__":64},"clickEvents":[{"__type__":"cc.ClickEvent","target":{"__id__":1},"_componentId":"lznn3581-de6e-436b-897b-d6e8f27eaea8","handler":"OnClick_BtnWnd"}],"_N$transition":2,"transition":2,"_N$pressedColor":{"__type__":"cc.Color","r":255,"g":255,"b":255},"pressedColor":{"__type__":"cc.Color","r":255,"g":255,"b":255},"_N$disabledColor":{"__type__":"cc.Color","r":255,"g":255,"b":255},"_N$normalSprite":{"__uuid__":"lznnfc3e-42e4-42f9-a5a5-3c9d1b32a058"},"_N$target":{"__id__":64}}],"_prefab":{"__type__":"cc.PrefabInfo","root":{"__id__":1},"asset":{"__uuid__":"lznn0088-b47f-4f11-bbd9-e1c4168f304b"},"fileId":"00n5962SlIEqFl2gurEobH"},"_contentSize":{"__type__":"cc.Size","width":408,"height":51},"_trs":{"__type__":"TypedArray","ctor":"Float64Array","array":[0,-645.5,0,0,0,0,1,1,1,1]}},{"__type__":"cc.Node","_name":"bg","_parent":{"__id__":64},"_components":[{"__type__":"cc.Sprite","node":{"__id__":65},"_spriteFrame":{"__uuid__":"lznnfc3e-42e4-42f9-a5a5-3c9d1b32a058"}}],"_prefab":{"__type__":"cc.PrefabInfo","root":{"__id__":1},"asset":{"__uuid__":"lznn0088-b47f-4f11-bbd9-e1c4168f304b"},"fileId":"24tSwfUMVFmZfwZsADL2iv"},"_contentSize":{"__type__":"cc.Size","width":408,"height":51},"_trs":{"__type__":"TypedArray","ctor":"Float64Array","array":[0,0,0,0,0,0,1,1,1,1]}},{"__type__":"cc.Node","_name":"lb_chat","_parent":{"__id__":64},"_components":[{"__type__":"cc.Label","node":{"__id__":66},"_useOriginalSize":false,"_string":"快点吧，我等花儿都谢了！","_N$string":"快点吧，我等花儿都谢了！","_fontSize":26,"_lineHeight":26,"_enableWrapText":false,"_N$file":{"__uuid__":"lznn373b-ebaf-4e57-9974-1fdd6b1b601d"},"_isSystemFontUsed":false,"_N$horizontalAlign":1,"_N$verticalAlign":1}],"_prefab":{"__type__":"cc.PrefabInfo","root":{"__id__":1},"asset":{"__uuid__":"lznn0088-b47f-4f11-bbd9-e1c4168f304b"},"fileId":"473izsC6lAeZpMqWZuJe2K"},"_color":{"__type__":"cc.Color","r":82,"g":98,"b":69},"_contentSize":{"__type__":"cc.Size","width":312,"height":26},"_anchorPoint":{"__type__":"cc.Vec2","y":0.5},"_trs":{"__type__":"TypedArray","ctor":"Float64Array","array":[-190.5,0,0,0,0,0,1,1,1,1]}},{"__type__":"cc.Node","_name":"btn_chat12","_parent":{"__id__":33},"_children":[{"__id__":68},{"__id__":69}],"_active":false,"_components":[{"__type__":"cc.Button","node":{"__id__":67},"clickEvents":[{"__type__":"cc.ClickEvent","target":{"__id__":1},"_componentId":"lznn3581-de6e-436b-897b-d6e8f27eaea8","handler":"OnClick_BtnWnd"}],"_N$transition":2,"transition":2,"_N$pressedColor":{"__type__":"cc.Color","r":255,"g":255,"b":255},"pressedColor":{"__type__":"cc.Color","r":255,"g":255,"b":255},"_N$disabledColor":{"__type__":"cc.Color","r":255,"g":255,"b":255},"_N$normalSprite":{"__uuid__":"lznnfc3e-42e4-42f9-a5a5-3c9d1b32a058"},"_N$target":{"__id__":67}}],"_prefab":{"__type__":"cc.PrefabInfo","root":{"__id__":1},"asset":{"__uuid__":"lznn0088-b47f-4f11-bbd9-e1c4168f304b"},"fileId":"4eNGcnd71C0rWqJzc4bRO2"},"_contentSize":{"__type__":"cc.Size","width":408,"height":51},"_trs":{"__type__":"TypedArray","ctor":"Float64Array","array":[0,-645.5,0,0,0,0,1,1,1,1]}},{"__type__":"cc.Node","_name":"bg","_parent":{"__id__":67},"_components":[{"__type__":"cc.Sprite","node":{"__id__":68},"_spriteFrame":{"__uuid__":"lznnfc3e-42e4-42f9-a5a5-3c9d1b32a058"}}],"_prefab":{"__type__":"cc.PrefabInfo","root":{"__id__":1},"asset":{"__uuid__":"lznn0088-b47f-4f11-bbd9-e1c4168f304b"},"fileId":"c8pNYxLwBJ8p0+QJJgxp51"},"_contentSize":{"__type__":"cc.Size","width":408,"height":51},"_trs":{"__type__":"TypedArray","ctor":"Float64Array","array":[0,0,0,0,0,0,1,1,1,1]}},{"__type__":"cc.Node","_name":"lb_chat","_parent":{"__id__":67},"_components":[{"__type__":"cc.Label","node":{"__id__":69},"_useOriginalSize":false,"_string":"快点吧，我等花儿都谢了！","_N$string":"快点吧，我等花儿都谢了！","_fontSize":26,"_lineHeight":26,"_enableWrapText":false,"_N$file":{"__uuid__":"lznn373b-ebaf-4e57-9974-1fdd6b1b601d"},"_isSystemFontUsed":false,"_N$horizontalAlign":1,"_N$verticalAlign":1}],"_prefab":{"__type__":"cc.PrefabInfo","root":{"__id__":1},"asset":{"__uuid__":"lznn0088-b47f-4f11-bbd9-e1c4168f304b"},"fileId":"f1ZMdj2p1LyaY7A6D2VFrK"},"_color":{"__type__":"cc.Color","r":82,"g":98,"b":69},"_contentSize":{"__type__":"cc.Size","width":312,"height":26},"_anchorPoint":{"__type__":"cc.Vec2","y":0.5},"_trs":{"__type__":"TypedArray","ctor":"Float64Array","array":[-190.5,0,0,0,0,0,1,1,1,1]}},{"__type__":"cc.Node","_name":"scr_typing","_parent":{"__id__":1},"_children":[{"__id__":71},{"__id__":77}],"_active":false,"_components":[{"__id__":75}],"_prefab":{"__type__":"cc.PrefabInfo","root":{"__id__":1},"asset":{"__uuid__":"lznn0088-b47f-4f11-bbd9-e1c4168f304b"},"fileId":"8cMqB7kl1Bz6kx5GUF3D02"},"_color":{"__type__":"cc.Color","r":184,"g":184,"b":184},"_contentSize":{"__type__":"cc.Size","width":400,"height":430},"_trs":{"__type__":"TypedArray","ctor":"Float64Array","array":[225,37,0,0,0,0,1,1,1,1]}},{"__type__":"cc.Node","_name":"scrollBar","_parent":{"__id__":70},"_children":[{"__id__":72}],"_components":[{"__id__":74},{"__type__":"cc.Widget","node":{"__id__":71},"_wasAlignOnce":{},"isAlignOnce":{},"_alignFlags":5,"_left":350.07654921020657,"_originalHeight":237},{"__type__":"cc.Sprite","node":{"__id__":71},"_type":1,"_sizeMode":0}],"_prefab":{"__type__":"cc.PrefabInfo","root":{"__id__":1},"asset":{"__uuid__":"lznn0088-b47f-4f11-bbd9-e1c4168f304b"},"fileId":"25pH5aZw9C6LqAqbjUef+O"},"_color":{"__type__":"cc.Color","r":238,"g":217,"b":227},"_contentSize":{"__type__":"cc.Size","width":12,"height":430},"_anchorPoint":{"__type__":"cc.Vec2","x":1,"y":0.5},"_trs":{"__type__":"TypedArray","ctor":"Float64Array","array":[200,0,0,0,0,0,1,1,1,1]}},{"__type__":"cc.Node","_name":"bar","_parent":{"__id__":71},"_components":[{"__id__":73}],"_prefab":{"__type__":"cc.PrefabInfo","root":{"__id__":1},"asset":{"__uuid__":"lznn0088-b47f-4f11-bbd9-e1c4168f304b"},"fileId":"47OKxgksJIHqVEsmSnxHIh"},"_color":{"__type__":"cc.Color","r":236,"g":241,"b":245},"_contentSize":{"__type__":"cc.Size","width":10,"height":30},"_anchorPoint":{"__type__":"cc.Vec2","x":1},"_trs":{"__type__":"TypedArray","ctor":"Float64Array","array":[-1,0,0,0,0,0,1,1,1,1]}},{"__type__":"cc.Sprite","node":{"__id__":72},"_type":1,"_sizeMode":0},{"__type__":"cc.Scrollbar","node":{"__id__":71},"_scrollView":{"__id__":75},"_N$handle":{"__id__":73},"_N$direction":1},{"__type__":"cc.ScrollView","node":{"__id__":70},"horizontal":false,"brake":0.75,"bounceDuration":0.23,"_N$content":{"__id__":76},"content":{"__id__":76},"_N$horizontalScrollBar":null,"_N$verticalScrollBar":{"__id__":74}},{"__type__":"cc.Node","_name":"layout_typing","_parent":{"__id__":77},"_components":[{"__type__":"cc.Layout","node":{"__id__":76},"_layoutSize":{"__type__":"cc.Size","width":380,"height":420},"_resize":1,"_N$layoutType":2,"_N$paddingTop":10,"_N$spacingY":10},{"__type__":"cc.Sprite","node":{"__id__":76},"_sizeMode":0}],"_prefab":{"__type__":"cc.PrefabInfo","root":{"__id__":1},"asset":{"__uuid__":"lznn0088-b47f-4f11-bbd9-e1c4168f304b"},"fileId":"e2Z3gSrIdC6ZtPcj7WuN+1"},"_contentSize":{"__type__":"cc.Size","width":380,"height":420},"_anchorPoint":{"__type__":"cc.Vec2","y":1},"_trs":{"__type__":"TypedArray","ctor":"Float64Array","array":[-195,208,0,0,0,0,1,1,1,1]}},{"__type__":"cc.Node","_name":"view","_parent":{"__id__":70},"_children":[{"__id__":76}],"_components":[{"__type__":"cc.Mask","node":{"__id__":77},"_N$alphaThreshold":1}],"_prefab":{"__type__":"cc.PrefabInfo","root":{"__id__":1},"asset":{"__uuid__":"lznn0088-b47f-4f11-bbd9-e1c4168f304b"},"fileId":"4cD3/gPEpKHZuSvNnOfQBU"},"_contentSize":{"__type__":"cc.Size","width":400,"height":430},"_trs":{"__type__":"TypedArray","ctor":"Float64Array","array":[0,0,0,0,0,0,1,1,1,1]}},{"__type__":"cc.Node","_name":"label_chat","_parent":{"__id__":1},"_children":[{"__id__":79}],"_components":[{"__type__":"cc.Sprite","node":{"__id__":78},"_materials":[{"__uuid__":"ecpdLyjvZBwrvm+cedCcQy"}],"_spriteFrame":{"__uuid__":"lznn0f13-dc44-46ef-a1d5-1df7fcb2cc20"}}],"_prefab":{"__type__":"cc.PrefabInfo","root":{"__id__":1},"asset":{"__uuid__":"lznn0088-b47f-4f11-bbd9-e1c4168f304b"},"fileId":"4dL44V+IJHlYqWntxQLJ7S"},"_contentSize":{"__type__":"cc.Size","width":768,"height":60},"_trs":{"__type__":"TypedArray","ctor":"Float64Array","array":[-69,-183,0,0,0,0,1,1,1,1]}},{"__type__":"cc.Node","_name":"edt_box","_parent":{"__id__":78},"_children":[{"__id__":80},{"__id__":82},{"__id__":84}],"_components":[{"__type__":"cc.EditBox","node":{"__id__":79},"_useOriginalSize":false,"maxLength":28,"_N$textLabel":{"__id__":83},"_N$placeholderLabel":{"__id__":85},"_N$background":{"__id__":81},"_N$inputMode":6}],"_prefab":{"__type__":"cc.PrefabInfo","root":{"__id__":1},"asset":{"__uuid__":"lznn0088-b47f-4f11-bbd9-e1c4168f304b"},"fileId":"cfSRr7lntNbbVc5b3Tw+Fy"},"_contentSize":{"__type__":"cc.Size","width":280,"height":50},"_trs":{"__type__":"TypedArray","ctor":"Float64Array","array":[-228,0,0,0,0,0,1,1,1,1]}},{"__type__":"cc.Node","_name":"BACKGROUND_SPRITE","_parent":{"__id__":79},"_components":[{"__id__":81}],"_prefab":{"__type__":"cc.PrefabInfo","root":{"__id__":1},"asset":{"__uuid__":"lznn0088-b47f-4f11-bbd9-e1c4168f304b"},"fileId":"e03qJ/bc9I+K7QCLfXdT2e"},"_contentSize":{"__type__":"cc.Size","width":280,"height":50},"_trs":{"__type__":"TypedArray","ctor":"Float64Array","array":[0,0,0,0,0,0,1,1,1,1]}},{"__type__":"cc.Sprite","node":{"__id__":80},"_type":1},{"__type__":"cc.Node","_name":"TEXT_LABEL","_parent":{"__id__":79},"_active":false,"_components":[{"__id__":83}],"_prefab":{"__type__":"cc.PrefabInfo","root":{"__id__":1},"asset":{"__uuid__":"lznn0088-b47f-4f11-bbd9-e1c4168f304b"},"fileId":"56n8fQQIdAwJgabGgX1Vpq"},"_contentSize":{"__type__":"cc.Size","width":278,"height":50},"_anchorPoint":{"__type__":"cc.Vec2","y":1},"_trs":{"__type__":"TypedArray","ctor":"Float64Array","array":[-138,25,0,0,0,0,1,1,1,1]}},{"__type__":"cc.Label","node":{"__id__":82},"_fontSize":30,"_enableWrapText":false,"_N$verticalAlign":1,"_N$overflow":1},{"__type__":"cc.Node","_name":"PLACEHOLDER_LABEL","_parent":{"__id__":79},"_components":[{"__id__":85}],"_prefab":{"__type__":"cc.PrefabInfo","root":{"__id__":1},"asset":{"__uuid__":"lznn0088-b47f-4f11-bbd9-e1c4168f304b"},"fileId":"fdYz0XrMxHn5F3M0472SIU"},"_color":{"__type__":"cc.Color","r":127,"g":127,"b":127},"_contentSize":{"__type__":"cc.Size","width":278,"height":50},"_anchorPoint":{"__type__":"cc.Vec2","y":1},"_trs":{"__type__":"TypedArray","ctor":"Float64Array","array":[-138,25,0,0,0,0,1,1,1,1]}},{"__type__":"cc.Label","node":{"__id__":84},"_materials":[{"__uuid__":"ecpdLyjvZBwrvm+cedCcQy"}],"_string":"请输入...","_N$string":"请输入...","_fontSize":30,"_lineHeight":50,"_enableWrapText":false,"_N$file":{"__uuid__":"lznn373b-ebaf-4e57-9974-1fdd6b1b601d"},"_isSystemFontUsed":false,"_N$verticalAlign":1,"_N$overflow":1},{"__type__":"cc.Node","_name":"btn_send","_parent":{"__id__":1},"_components":[{"__type__":"cc.Sprite","node":{"__id__":86},"_materials":[{"__uuid__":"ecpdLyjvZBwrvm+cedCcQy"}],"_spriteFrame":{"__uuid__":"lznn0fca-1977-452e-9b0f-360f25a6dea4"}},{"__type__":"cc.Button","node":{"__id__":86},"clickEvents":[{"__type__":"cc.ClickEvent","target":{"__id__":1},"_componentId":"lznn3581-de6e-436b-897b-d6e8f27eaea8","handler":"OnClick_BtnWnd"}],"_N$normalColor":{"__type__":"cc.Color","r":214,"g":214,"b":214},"_N$target":{"__id__":86}}],"_prefab":{"__type__":"cc.PrefabInfo","root":{"__id__":1},"asset":{"__uuid__":"lznn0088-b47f-4f11-bbd9-e1c4168f304b"},"fileId":"087+M9EBlESonVD4flMfqE"},"_contentSize":{"__type__":"cc.Size","width":130,"height":54},"_trs":{"__type__":"TypedArray","ctor":"Float64Array","array":[387,-186.2,0,0,0,0,1,1,1,1]}},{"__type__":"cc.Node","_name":"btn_close","_parent":{"__id__":1},"_components":[{"__type__":"cc.Sprite","node":{"__id__":87},"_materials":[{"__uuid__":"ecpdLyjvZBwrvm+cedCcQy"}],"_spriteFrame":{"__uuid__":"lznnea0a-09cb-4f8d-a5ba-e45067866d94"}},{"__type__":"cc.Button","node":{"__id__":87},"clickEvents":[{"__type__":"cc.ClickEvent","target":{"__id__":1},"_componentId":"lznn3581-de6e-436b-897b-d6e8f27eaea8","handler":"OnClick_BtnWnd"}],"_N$normalColor":{"__type__":"cc.Color","r":214,"g":214,"b":214},"_N$target":{"__id__":87}}],"_prefab":{"__type__":"cc.PrefabInfo","root":{"__id__":1},"asset":{"__uuid__":"lznn0088-b47f-4f11-bbd9-e1c4168f304b"},"fileId":"caELAajk9Ii4Libo6SRkzM"},"_contentSize":{"__type__":"cc.Size","width":79,"height":80},"_trs":{"__type__":"TypedArray","ctor":"Float64Array","array":[488,243,0,0,0,0,1,1,1,1]}}],{"__type__":"cc.SpriteFrame","content":{"name":"expression_04_01","texture":"lznn3029-c3ab-441f-93d6-0f3664f850df","rect":[29,41,90,97],"offset":[-3,-2],"originalSize":[154,175],"capInsets":[0,0,0,0]}},{"__type__":"cc.SpriteFrame","content":{"name":"bg_input","texture":"lznn0a94-bbe2-4c4b-b7a5-224926504c13","rect":[0,0,768,60],"offset":[0,0],"originalSize":[768,60],"capInsets":[0,0,0,0]}},{"__type__":"cc.SpriteFrame","content":{"name":"btn_fs","texture":"lznn2da7-da9d-490c-9a65-5460052d643f","rect":[0,0,130,54],"offset":[0,0],"originalSize":[130,54],"capInsets":[0,0,0,0]}},{"__type__":"cc.SpriteFrame","content":{"name":"expression_02_01","texture":"lznndc6a-c19e-4a60-931a-163b5c7a6d9d","rect":[25,46,92,96],"offset":[-6,-6.5],"originalSize":[154,175],"capInsets":[0,0,0,0]}},{"__type__":"cc.SpriteFrame","content":{"name":"expression_01_01","texture":"lznnbf97-072c-4c27-8a40-920d82b7aca7","rect":[29,45,92,95],"offset":[-2,-5],"originalSize":[154,175],"capInsets":[0,0,0,0]}},{"__type__":"cc.SpriteFrame","content":{"name":"bg","texture":"lznn9867-b6dd-4bd4-8e8a-c6d6b032db21","rect":[0,0,961,495],"offset":[0,0],"originalSize":[961,495],"capInsets":[0,0,0,0]}},{"__type__":"cc.SpriteFrame","content":{"name":"expression_10_01","texture":"lznn6fb5-b388-4d95-b53f-6d37ba7b120b","rect":[13,19,120,118],"offset":[-4,9.5],"originalSize":[154,175],"capInsets":[0,0,0,0]}},{"__type__":"cc.SpriteFrame","content":{"name":"bg","texture":"lznn5036-8a0c-4d92-8561-c45e53fa19cc","rect":[0,0,21,63],"offset":[0,0],"originalSize":[21,63],"capInsets":[0,0,0,0]}},{"__type__":"cc.SpriteFrame","content":{"name":"expression_08_01","texture":"lznn135c-1b60-4b0e-ac90-e850bfa70aa2","rect":[30,48,94,89],"offset":[0,-5],"originalSize":[154,175],"capInsets":[0,0,0,0]}},{"__type__":"cc.SpriteFrame","content":{"name":"expression_03_01","texture":"lznnb3cf-92c5-41e4-b586-35056c646949","rect":[29,46,91,90],"offset":[-2.5,-3.5],"originalSize":[154,175],"capInsets":[0,0,0,0]}},{"__type__":"cc.SpriteFrame","content":{"name":"expression_07_01","texture":"lznn3a0f-5130-4fed-9c82-484741ac7bf6","rect":[0,44,117,92],"offset":[-18.5,-2.5],"originalSize":[154,175],"capInsets":[0,0,0,0]}},{"__type__":"cc.SpriteFrame","content":{"name":"expression_11_01","texture":"lznnb143-d721-4814-990b-14281d8debd3","rect":[14,34,112,106],"offset":[-7,0.5],"originalSize":[154,175],"capInsets":[0,0,0,0]}},{"__type__":"cc.SpriteFrame","content":{"name":"expression_05_01","texture":"lznn9e72-e552-40f8-a391-17e3002aa167","rect":[30,48,90,89],"offset":[-2,-5],"originalSize":[154,175],"capInsets":[0,0,0,0]}},{"__type__":"cc.SpriteFrame","content":{"name":"expression_06_01","texture":"lznn15a0-028e-46b4-b48e-110efd8d18cb","rect":[17,37,108,101],"offset":[-6,0],"originalSize":[154,175],"capInsets":[0,0,0,0]}},{"__type__":"cc.SpriteFrame","content":{"name":"expression_12_01","texture":"lznn1626-9d4a-4eab-82bd-f30b5f4d80ac","rect":[34,44,86,86],"offset":[0,0.5],"originalSize":[154,175],"capInsets":[0,0,0,0]}},{"__type__":"cc.SpriteFrame","content":{"name":"btn_close","texture":"lznnb622-4193-4d6e-968d-ec3ef372c92d","rect":[0,0,79,80],"offset":[0,0],"originalSize":[79,80],"capInsets":[0,0,0,0]}},{"__type__":"cc.SpriteFrame","content":{"name":"expression_09_01","texture":"lznn9aec-4f8f-407d-8403-954a5ccad417","rect":[32,48,91,114],"offset":[0.5,-17.5],"originalSize":[154,175],"capInsets":[0,0,0,0]}},{"__type__":"cc.SpriteFrame","content":{"name":"bg_kjy","texture":"lznnc2e2-f7cd-4f0d-9d17-168f5c955406","rect":[0,0,408,51],"offset":[0,0],"originalSize":[408,51],"capInsets":[0,0,0,0]}}]