[{"__type__":"cc.SpriteFrame","content":{"name":"default_btn_disabled","texture":"71VhFCTINJM6/Ky3oX9nBT","rect":[0,0,40,40],"offset":[0,0],"originalSize":[40,40],"capInsets":[12,12,12,12]}},[{"__type__":"cc.Prefab","_name":"resultPrefab08","data":{"__id__":1}},{"__type__":"cc.Node","_name":"resultPrefab08","_children":[{"__id__":2},{"__id__":3},{"__id__":5},{"__id__":6},{"__id__":7},{"__id__":8},{"__id__":9},{"__id__":10},{"__id__":11},{"__id__":12},{"__id__":13},{"__id__":14},{"__id__":15},{"__id__":16},{"__id__":17}],"_prefab":{"__type__":"cc.PrefabInfo","root":{"__id__":1},"asset":{"__uuid__":"2d/Ckg/mpEtpYK43b6k/kg"},"fileId":"49HsjmroJA17ntxOoQQs85"},"_contentSize":{"__type__":"cc.Size","width":1150,"height":50},"_anchorPoint":{"__type__":"cc.Vec2","x":0.5,"y":1},"_trs":{"__type__":"TypedArray","ctor":"Float64Array","array":[0,0,0,0,0,0,1,1,1,1]}},{"__type__":"cc.Node","_name":"bg","_parent":{"__id__":1},"_components":[{"__type__":"cc.Sprite","node":{"__id__":2},"_materials":[{"__uuid__":"ecpdLyjvZBwrvm+cedCcQy"}],"_spriteFrame":{"__uuid__":"acKPhrgZ1DO5Kg6L7lSgQC"},"_type":1,"_sizeMode":0}],"_prefab":{"__type__":"cc.PrefabInfo","root":{"__id__":1},"asset":{"__uuid__":"2d/Ckg/mpEtpYK43b6k/kg"},"fileId":"b2VRGPtn5JaIGgQHFGgNqo"},"_contentSize":{"__type__":"cc.Size","width":1150,"height":50},"_trs":{"__type__":"TypedArray","ctor":"Float64Array","array":[0,-25,0,0,0,0,1,1,1,1]}},{"__type__":"cc.Node","_name":"btn_down","_parent":{"__id__":1},"_children":[{"__id__":4}],"_components":[{"__type__":"cc.Button","node":{"__id__":3},"_N$normalColor":{"__type__":"cc.Color","r":230,"g":230,"b":230},"_N$pressedColor":{"__type__":"cc.Color","r":200,"g":200,"b":200},"pressedColor":{"__type__":"cc.Color","r":200,"g":200,"b":200},"_N$disabledColor":{"__type__":"cc.Color","r":120,"g":120,"b":120,"a":200},"_N$normalSprite":{"__uuid__":"f0BIwQ8D5Ml7nTNQbh1YlS"},"_N$pressedSprite":{"__uuid__":"e97GVMl6JHh5Ml5qEDdSGa"},"pressedSprite":{"__uuid__":"e97GVMl6JHh5Ml5qEDdSGa"},"_N$hoverSprite":{"__uuid__":"f0BIwQ8D5Ml7nTNQbh1YlS"},"hoverSprite":{"__uuid__":"f0BIwQ8D5Ml7nTNQbh1YlS"},"_N$disabledSprite":{"__uuid__":"29FYIk+N1GYaeWH/q1NxQO"},"_N$target":{"__id__":3}}],"_prefab":{"__type__":"cc.PrefabInfo","root":{"__id__":1},"asset":{"__uuid__":"2d/Ckg/mpEtpYK43b6k/kg"},"fileId":"0bykIsL7VE2K0QZ3S+HtWO"},"_contentSize":{"__type__":"cc.Size","width":100,"height":40},"_trs":{"__type__":"TypedArray","ctor":"Float64Array","array":[530,-23,0,0,0,0,1,1,1,0]}},{"__type__":"cc.Node","_name":"icon","_parent":{"__id__":3},"_components":[{"__type__":"cc.Sprite","node":{"__id__":4},"_materials":[{"__uuid__":"ecpdLyjvZBwrvm+cedCcQy"}],"_spriteFrame":{"__uuid__":"c4ofudBd5LfrSOJLYv1kh3"}},{"__type__":"cc.Widget","node":{"__id__":4},"alignMode":0,"_alignFlags":45,"_left":26,"_right":26,"_top":5.5,"_bottom":5.5,"_originalWidth":100,"_originalHeight":40}],"_prefab":{"__type__":"cc.PrefabInfo","root":{"__id__":1},"asset":{"__uuid__":"2d/Ckg/mpEtpYK43b6k/kg"},"fileId":"99AP4eUXdJeqUZgNt3nUmj"},"_contentSize":{"__type__":"cc.Size","width":48,"height":29},"_trs":{"__type__":"TypedArray","ctor":"Float64Array","array":[0,0,0,0,0,0,1,1,1,1]}},{"__type__":"cc.Node","_name":"jushu","_parent":{"__id__":1},"_components":[{"__type__":"cc.Label","node":{"__id__":5},"_materials":[{"__uuid__":"ecpdLyjvZBwrvm+cedCcQy"}],"_useOriginalSize":false,"_string":"1","_N$string":"1","_fontSize":32,"_lineHeight":38,"_N$file":{"__uuid__":"lznn373b-ebaf-4e57-9974-1fdd6b1b601d"},"_isSystemFontUsed":false,"_N$horizontalAlign":1,"_N$verticalAlign":1,"_N$overflow":2}],"_prefab":{"__type__":"cc.PrefabInfo","root":{"__id__":1},"asset":{"__uuid__":"2d/Ckg/mpEtpYK43b6k/kg"},"fileId":"0depNfNLxLU5K+zU7CiKPi"},"_color":{"__type__":"cc.Color","r":59,"g":138,"b":133},"_contentSize":{"__type__":"cc.Size","width":35.59,"height":40},"_trs":{"__type__":"TypedArray","ctor":"Float64Array","array":[-557.888,-20,0,0,0,0,1,1,1,1]}},{"__type__":"cc.Node","_name":"label0","_parent":{"__id__":1},"_components":[{"__type__":"cc.Label","node":{"__id__":6},"_materials":[{"__uuid__":"ecpdLyjvZBwrvm+cedCcQy"}],"_useOriginalSize":false,"_string":"+256","_N$string":"+256","_fontSize":22,"_lineHeight":30,"_N$file":{"__uuid__":"lznn373b-ebaf-4e57-9974-1fdd6b1b601d"},"_isSystemFontUsed":false,"_N$verticalAlign":1}],"_prefab":{"__type__":"cc.PrefabInfo","root":{"__id__":1},"asset":{"__uuid__":"2d/Ckg/mpEtpYK43b6k/kg"},"fileId":"58qUE2ZEZA+KOwdiiZjwGM"},"_color":{"__type__":"cc.Color","r":92,"g":129,"b":61},"_contentSize":{"__type__":"cc.Size","width":50.79,"height":37.8},"_trs":{"__type__":"TypedArray","ctor":"Float64Array","array":[-500,-25,0,0,0,0,1,1,1,1]}},{"__type__":"cc.Node","_name":"label1","_parent":{"__id__":1},"_components":[{"__type__":"cc.Label","node":{"__id__":7},"_materials":[{"__uuid__":"ecpdLyjvZBwrvm+cedCcQy"}],"_useOriginalSize":false,"_string":"+256","_N$string":"+256","_fontSize":22,"_lineHeight":30,"_N$file":{"__uuid__":"lznn373b-ebaf-4e57-9974-1fdd6b1b601d"},"_isSystemFontUsed":false,"_N$verticalAlign":1}],"_prefab":{"__type__":"cc.PrefabInfo","root":{"__id__":1},"asset":{"__uuid__":"2d/Ckg/mpEtpYK43b6k/kg"},"fileId":"585gLlyv9Mm48CWLy5j65r"},"_color":{"__type__":"cc.Color","r":92,"g":129,"b":61},"_contentSize":{"__type__":"cc.Size","width":50.79,"height":37.8},"_trs":{"__type__":"TypedArray","ctor":"Float64Array","array":[-390,-25,0,0,0,0,1,1,1,1]}},{"__type__":"cc.Node","_name":"label2","_parent":{"__id__":1},"_components":[{"__type__":"cc.Label","node":{"__id__":8},"_materials":[{"__uuid__":"ecpdLyjvZBwrvm+cedCcQy"}],"_useOriginalSize":false,"_string":"+256","_N$string":"+256","_fontSize":22,"_lineHeight":30,"_N$file":{"__uuid__":"lznn373b-ebaf-4e57-9974-1fdd6b1b601d"},"_isSystemFontUsed":false,"_N$verticalAlign":1}],"_prefab":{"__type__":"cc.PrefabInfo","root":{"__id__":1},"asset":{"__uuid__":"2d/Ckg/mpEtpYK43b6k/kg"},"fileId":"b3YX6TBW5F54B7vUpwETvw"},"_color":{"__type__":"cc.Color","r":92,"g":129,"b":61},"_contentSize":{"__type__":"cc.Size","width":50.79,"height":37.8},"_trs":{"__type__":"TypedArray","ctor":"Float64Array","array":[-280,-25,0,0,0,0,1,1,1,1]}},{"__type__":"cc.Node","_name":"label3","_parent":{"__id__":1},"_components":[{"__type__":"cc.Label","node":{"__id__":9},"_materials":[{"__uuid__":"ecpdLyjvZBwrvm+cedCcQy"}],"_useOriginalSize":false,"_string":"+256","_N$string":"+256","_fontSize":22,"_lineHeight":30,"_N$file":{"__uuid__":"lznn373b-ebaf-4e57-9974-1fdd6b1b601d"},"_isSystemFontUsed":false,"_N$verticalAlign":1}],"_prefab":{"__type__":"cc.PrefabInfo","root":{"__id__":1},"asset":{"__uuid__":"2d/Ckg/mpEtpYK43b6k/kg"},"fileId":"2asoG0BZRO7K4HRKf3+Lml"},"_color":{"__type__":"cc.Color","r":92,"g":129,"b":61},"_contentSize":{"__type__":"cc.Size","width":50.79,"height":37.8},"_trs":{"__type__":"TypedArray","ctor":"Float64Array","array":[-170,-25,0,0,0,0,1,1,1,1]}},{"__type__":"cc.Node","_name":"label4","_parent":{"__id__":1},"_components":[{"__type__":"cc.Label","node":{"__id__":10},"_materials":[{"__uuid__":"ecpdLyjvZBwrvm+cedCcQy"}],"_useOriginalSize":false,"_string":"+256","_N$string":"+256","_fontSize":22,"_lineHeight":30,"_N$file":{"__uuid__":"lznn373b-ebaf-4e57-9974-1fdd6b1b601d"},"_isSystemFontUsed":false,"_N$verticalAlign":1}],"_prefab":{"__type__":"cc.PrefabInfo","root":{"__id__":1},"asset":{"__uuid__":"2d/Ckg/mpEtpYK43b6k/kg"},"fileId":"56k9qyM/ZOe7bSregKvA28"},"_color":{"__type__":"cc.Color","r":92,"g":129,"b":61},"_contentSize":{"__type__":"cc.Size","width":50.79,"height":37.8},"_trs":{"__type__":"TypedArray","ctor":"Float64Array","array":[-60,-25,0,0,0,0,1,1,1,1]}},{"__type__":"cc.Node","_name":"label5","_parent":{"__id__":1},"_components":[{"__type__":"cc.Label","node":{"__id__":11},"_materials":[{"__uuid__":"ecpdLyjvZBwrvm+cedCcQy"}],"_useOriginalSize":false,"_string":"+256","_N$string":"+256","_fontSize":22,"_lineHeight":30,"_N$file":{"__uuid__":"lznn373b-ebaf-4e57-9974-1fdd6b1b601d"},"_isSystemFontUsed":false,"_N$verticalAlign":1}],"_prefab":{"__type__":"cc.PrefabInfo","root":{"__id__":1},"asset":{"__uuid__":"2d/Ckg/mpEtpYK43b6k/kg"},"fileId":"b7VsQYbI1Mmal0gSqf5WVC"},"_color":{"__type__":"cc.Color","r":92,"g":129,"b":61},"_contentSize":{"__type__":"cc.Size","width":50.79,"height":37.8},"_trs":{"__type__":"TypedArray","ctor":"Float64Array","array":[50,-25,0,0,0,0,1,1,1,1]}},{"__type__":"cc.Node","_name":"label6","_parent":{"__id__":1},"_components":[{"__type__":"cc.Label","node":{"__id__":12},"_materials":[{"__uuid__":"ecpdLyjvZBwrvm+cedCcQy"}],"_useOriginalSize":false,"_string":"+256","_N$string":"+256","_fontSize":22,"_lineHeight":30,"_N$file":{"__uuid__":"lznn373b-ebaf-4e57-9974-1fdd6b1b601d"},"_isSystemFontUsed":false,"_N$verticalAlign":1}],"_prefab":{"__type__":"cc.PrefabInfo","root":{"__id__":1},"asset":{"__uuid__":"2d/Ckg/mpEtpYK43b6k/kg"},"fileId":"cahxDfGytANL2GizLnBnyw"},"_color":{"__type__":"cc.Color","r":92,"g":129,"b":61},"_contentSize":{"__type__":"cc.Size","width":50.79,"height":37.8},"_trs":{"__type__":"TypedArray","ctor":"Float64Array","array":[160,-25,0,0,0,0,1,1,1,1]}},{"__type__":"cc.Node","_name":"label7","_parent":{"__id__":1},"_components":[{"__type__":"cc.Label","node":{"__id__":13},"_materials":[{"__uuid__":"ecpdLyjvZBwrvm+cedCcQy"}],"_useOriginalSize":false,"_string":"+256","_N$string":"+256","_fontSize":22,"_lineHeight":30,"_N$file":{"__uuid__":"lznn373b-ebaf-4e57-9974-1fdd6b1b601d"},"_isSystemFontUsed":false,"_N$verticalAlign":1}],"_prefab":{"__type__":"cc.PrefabInfo","root":{"__id__":1},"asset":{"__uuid__":"2d/Ckg/mpEtpYK43b6k/kg"},"fileId":"cdP3YSHo1FIoUuO8ckUlXP"},"_color":{"__type__":"cc.Color","r":92,"g":129,"b":61},"_contentSize":{"__type__":"cc.Size","width":50.79,"height":37.8},"_trs":{"__type__":"TypedArray","ctor":"Float64Array","array":[270,-25,0,0,0,0,1,1,1,1]}},{"__type__":"cc.Node","_name":"label8","_parent":{"__id__":1},"_components":[{"__type__":"cc.Label","node":{"__id__":14},"_materials":[{"__uuid__":"ecpdLyjvZBwrvm+cedCcQy"}],"_useOriginalSize":false,"_string":"+256","_N$string":"+256","_fontSize":22,"_lineHeight":30,"_N$file":{"__uuid__":"lznn373b-ebaf-4e57-9974-1fdd6b1b601d"},"_isSystemFontUsed":false,"_N$verticalAlign":1}],"_prefab":{"__type__":"cc.PrefabInfo","root":{"__id__":1},"asset":{"__uuid__":"2d/Ckg/mpEtpYK43b6k/kg"},"fileId":"a0GjifTXZA16F4KhmuWcEU"},"_color":{"__type__":"cc.Color","r":92,"g":129,"b":61},"_contentSize":{"__type__":"cc.Size","width":50.79,"height":37.8},"_trs":{"__type__":"TypedArray","ctor":"Float64Array","array":[380,-25,0,0,0,0,1,1,1,1]}},{"__type__":"cc.Node","_name":"label9","_parent":{"__id__":1},"_components":[{"__type__":"cc.Label","node":{"__id__":15},"_materials":[{"__uuid__":"ecpdLyjvZBwrvm+cedCcQy"}],"_useOriginalSize":false,"_string":"+256","_N$string":"+256","_fontSize":22,"_lineHeight":30,"_N$file":{"__uuid__":"lznn373b-ebaf-4e57-9974-1fdd6b1b601d"},"_isSystemFontUsed":false,"_N$verticalAlign":1}],"_prefab":{"__type__":"cc.PrefabInfo","root":{"__id__":1},"asset":{"__uuid__":"2d/Ckg/mpEtpYK43b6k/kg"},"fileId":"731tBwWslP2b51A66LibCV"},"_color":{"__type__":"cc.Color","r":92,"g":129,"b":61},"_contentSize":{"__type__":"cc.Size","width":50.79,"height":37.8},"_trs":{"__type__":"TypedArray","ctor":"Float64Array","array":[490,-25,0,0,0,0,1,1,1,1]}},{"__type__":"cc.Node","_name":"line","_parent":{"__id__":1},"_components":[{"__type__":"cc.Sprite","node":{"__id__":16},"_materials":[{"__uuid__":"ecpdLyjvZBwrvm+cedCcQy"}],"_spriteFrame":{"__uuid__":"b5lMgMLB1FwZ0nLvdZeyHN"},"_sizeMode":0}],"_prefab":{"__type__":"cc.PrefabInfo","root":{"__id__":1},"asset":{"__uuid__":"2d/Ckg/mpEtpYK43b6k/kg"},"fileId":"c52aXl3S1EYKGA5YthXWP7"},"_contentSize":{"__type__":"cc.Size","width":1150,"height":5},"_trs":{"__type__":"TypedArray","ctor":"Float64Array","array":[0,-46,0,0,0,0,1,1,1,1]}},{"__type__":"cc.Node","_name":"cardNode","_parent":{"__id__":1},"_children":[{"__type__":"cc.Node","_name":"pos0","_parent":{"__id__":17},"_prefab":{"__type__":"cc.PrefabInfo","root":{"__id__":1},"asset":{"__uuid__":"2d/Ckg/mpEtpYK43b6k/kg"},"fileId":"82q9KfbMhCronW1Z2eFW6z"},"_trs":{"__type__":"TypedArray","ctor":"Float64Array","array":[-500,0,0,0,0,0,1,1,1,1]}},{"__type__":"cc.Node","_name":"pos1","_parent":{"__id__":17},"_prefab":{"__type__":"cc.PrefabInfo","root":{"__id__":1},"asset":{"__uuid__":"2d/Ckg/mpEtpYK43b6k/kg"},"fileId":"35Xi/WbJBEU5+cPn8vudcd"},"_trs":{"__type__":"TypedArray","ctor":"Float64Array","array":[-390,0,0,0,0,0,1,1,1,1]}},{"__type__":"cc.Node","_name":"pos2","_parent":{"__id__":17},"_prefab":{"__type__":"cc.PrefabInfo","root":{"__id__":1},"asset":{"__uuid__":"2d/Ckg/mpEtpYK43b6k/kg"},"fileId":"dem0BJrFFNgJzqjeoGsiK5"},"_trs":{"__type__":"TypedArray","ctor":"Float64Array","array":[-280,0,0,0,0,0,1,1,1,1]}},{"__type__":"cc.Node","_name":"pos3","_parent":{"__id__":17},"_prefab":{"__type__":"cc.PrefabInfo","root":{"__id__":1},"asset":{"__uuid__":"2d/Ckg/mpEtpYK43b6k/kg"},"fileId":"3fKqerlkJDkYqY5lTIf2c3"},"_trs":{"__type__":"TypedArray","ctor":"Float64Array","array":[-170,0,0,0,0,0,1,1,1,1]}},{"__type__":"cc.Node","_name":"pos4","_parent":{"__id__":17},"_prefab":{"__type__":"cc.PrefabInfo","root":{"__id__":1},"asset":{"__uuid__":"2d/Ckg/mpEtpYK43b6k/kg"},"fileId":"c0/uX2gGpEIafEAneBCj0P"},"_trs":{"__type__":"TypedArray","ctor":"Float64Array","array":[-60,0,0,0,0,0,1,1,1,1]}},{"__type__":"cc.Node","_name":"pos5","_parent":{"__id__":17},"_prefab":{"__type__":"cc.PrefabInfo","root":{"__id__":1},"asset":{"__uuid__":"2d/Ckg/mpEtpYK43b6k/kg"},"fileId":"f15Dwlf9lAkqzWey1hcof5"},"_trs":{"__type__":"TypedArray","ctor":"Float64Array","array":[50,0,0,0,0,0,1,1,1,1]}},{"__type__":"cc.Node","_name":"pos6","_parent":{"__id__":17},"_prefab":{"__type__":"cc.PrefabInfo","root":{"__id__":1},"asset":{"__uuid__":"2d/Ckg/mpEtpYK43b6k/kg"},"fileId":"2cvCPMw/dN9aMtubhKLCQr"},"_trs":{"__type__":"TypedArray","ctor":"Float64Array","array":[160,0,0,0,0,0,1,1,1,1]}},{"__type__":"cc.Node","_name":"pos7","_parent":{"__id__":17},"_prefab":{"__type__":"cc.PrefabInfo","root":{"__id__":1},"asset":{"__uuid__":"2d/Ckg/mpEtpYK43b6k/kg"},"fileId":"d6ps5rVqJBl5/LPooJJ3nA"},"_trs":{"__type__":"TypedArray","ctor":"Float64Array","array":[270,0,0,0,0,0,1,1,1,1]}},{"__type__":"cc.Node","_name":"pos8","_parent":{"__id__":17},"_prefab":{"__type__":"cc.PrefabInfo","root":{"__id__":1},"asset":{"__uuid__":"2d/Ckg/mpEtpYK43b6k/kg"},"fileId":"b4QY/r6N1EN5zVTXuJdccn"},"_trs":{"__type__":"TypedArray","ctor":"Float64Array","array":[380,0,0,0,0,0,1,1,1,1]}},{"__type__":"cc.Node","_name":"pos9","_parent":{"__id__":17},"_prefab":{"__type__":"cc.PrefabInfo","root":{"__id__":1},"asset":{"__uuid__":"2d/Ckg/mpEtpYK43b6k/kg"},"fileId":"55NPlLphVEL4NRmBMXYlRa"},"_trs":{"__type__":"TypedArray","ctor":"Float64Array","array":[490,0,0,0,0,0,1,1,1,1]}}],"_components":[{"__type__":"cc.Sprite","node":{"__id__":17},"_materials":[{"__uuid__":"ecpdLyjvZBwrvm+cedCcQy"}],"_spriteFrame":{"__uuid__":"acKPhrgZ1DO5Kg6L7lSgQC"},"_type":1,"_sizeMode":0}],"_prefab":{"__type__":"cc.PrefabInfo","root":{"__id__":1},"asset":{"__uuid__":"2d/Ckg/mpEtpYK43b6k/kg"},"fileId":"4fpXJHbb9JIb2EpCka9Spn"},"_contentSize":{"__type__":"cc.Size","width":1150,"height":120},"_trs":{"__type__":"TypedArray","ctor":"Float64Array","array":[0,-108,0,0,0,0,1,1,1,1]}}],{"__type__":"cc.SpriteFrame","content":{"name":"bg_jiesuan","texture":"f3hwwRgXVGy7LjqSt/5aPq","rect":[0,0,21,26],"offset":[0,0],"originalSize":[21,26],"capInsets":[10,10,10,10]}},{"__type__":"cc.SpriteFrame","content":{"name":"line","texture":"06tTJjl71MKp/LfycjKIcj","rect":[0,0,869,6],"offset":[-0.5,0],"originalSize":[870,6],"capInsets":[0,0,0,0]}},{"__type__":"cc.SpriteFrame","content":{"name":"btn_Card","texture":"64XVfQuOFMT73kEzzY7rPi","rect":[0,0,48,29],"offset":[0,0.5],"originalSize":[48,30],"capInsets":[0,0,0,0]}},{"__type__":"cc.SpriteFrame","content":{"name":"default_btn_pressed","texture":"b4P/PCArtIdIH38t6mlw8Y","rect":[0,0,40,40],"offset":[0,0],"originalSize":[40,40],"capInsets":[12,12,12,12]}},{"__type__":"cc.SpriteFrame","content":{"name":"default_btn_normal","texture":"e8Ueib+qJEhL6mXAHdnwbi","rect":[0,0,40,40],"offset":[0,0],"originalSize":[40,40],"capInsets":[12,12,12,12]}}]