[{"__type__":"cc.SpriteFrame","content":{"name":"bg_niu","texture":"d8eq1yfEhB2ZHse82i1zVK","rect":[0,0,150,52],"offset":[0,0],"originalSize":[150,52],"capInsets":[0,0,0,0]}},{"__type__":"cc.SpriteFrame","content":{"name":"zhuangjia","texture":"2dltvSRHBFIZX+AFzxm9yL","rect":[0,0,42,45],"offset":[0,0],"originalSize":[42,45],"capInsets":[0,0,0,0]}},{"__type__":"cc.SpriteFrame","content":{"name":"poker_back2","texture":"e7MOPLbKtGo5Y2fitdieuz","rect":[0,0,179,232],"offset":[-0.5,0],"originalSize":[180,232],"capInsets":[0,0,0,0]}},{"__type__":"cc.SpriteFrame","content":{"name":"bg_spade","texture":"f5EZLfRxlGN4uBP9dsTYgH","rect":[5,61,106,94],"offset":[2.5,-29.5],"originalSize":[111,157],"capInsets":[0,0,0,0]}},{"__type__":"cc.SpriteFrame","content":{"name":"bg_poker","texture":"aeFg1VrFNF1qJTqizObeHP","rect":[0,0,134,185],"offset":[0,0],"originalSize":[134,185],"capInsets":[0,0,0,0]}},[{"__type__":"cc.Prefab","_name":"resultNNPrefab","data":{"__id__":1}},{"__type__":"cc.Node","_name":"resultNNPrefab","_children":[{"__id__":2},{"__id__":8},{"__id__":14},{"__id__":20},{"__id__":26},{"__id__":32},{"__id__":34},{"__id__":36}],"_prefab":{"__type__":"cc.PrefabInfo","root":{"__id__":1},"asset":{"__uuid__":"a1o1ffumRJQ5f2wUC3yCNg"},"fileId":"067fHsEbZLkbFhIxCMsYKn"},"_anchorPoint":{"__type__":"cc.Vec2","x":0.5,"y":1},"_trs":{"__type__":"TypedArray","ctor":"Float64Array","array":[0,0,0,0,0,0,1,1,1,1]}},{"__type__":"cc.Node","_name":"card0","_parent":{"__id__":1},"_children":[{"__id__":3},{"__id__":4},{"__id__":5},{"__id__":6},{"__id__":7}],"_prefab":{"__type__":"cc.PrefabInfo","root":{"__id__":1},"asset":{"__uuid__":"a1o1ffumRJQ5f2wUC3yCNg"},"fileId":"f933YZ+H9CUa6DJV2Gkskm"},"_contentSize":{"__type__":"cc.Size","width":134,"height":185},"_trs":{"__type__":"TypedArray","ctor":"Float64Array","array":[-40,20,0,0,0,0,1,0.35,0.35,1]}},{"__type__":"cc.Node","_name":"bg_poker","_parent":{"__id__":2},"_components":[{"__type__":"cc.Sprite","node":{"__id__":3},"_materials":[{"__uuid__":"ecpdLyjvZBwrvm+cedCcQy"}],"_spriteFrame":{"__uuid__":"71jpC3BZdCJZ96Uo4ReaxH"},"_sizeMode":2,"_isTrimmedMode":false}],"_prefab":{"__type__":"cc.PrefabInfo","root":{"__id__":1},"asset":{"__uuid__":"a1o1ffumRJQ5f2wUC3yCNg"},"fileId":"afgV6asdtDnZgp0qwtz4Yi"},"_contentSize":{"__type__":"cc.Size","width":134,"height":185},"_trs":{"__type__":"TypedArray","ctor":"Float64Array","array":[0,0,0,0,0,0,1,1,1,1]}},{"__type__":"cc.Node","_name":"num","_parent":{"__id__":2},"_components":[{"__type__":"cc.Sprite","node":{"__id__":4},"_materials":[{"__uuid__":"ecpdLyjvZBwrvm+cedCcQy"}],"_spriteFrame":{"__uuid__":"eafsF95stKJ7tjLB6zKben"},"_sizeMode":2,"_isTrimmedMode":false}],"_prefab":{"__type__":"cc.PrefabInfo","root":{"__id__":1},"asset":{"__uuid__":"a1o1ffumRJQ5f2wUC3yCNg"},"fileId":"13AZojuwNPCI/JUCegIv2P"},"_contentSize":{"__type__":"cc.Size","width":36,"height":45},"_trs":{"__type__":"TypedArray","ctor":"Float64Array","array":[-41.7,64.1,0,0,0,0,1,1,1,1]}},{"__type__":"cc.Node","_name":"icon","_parent":{"__id__":2},"_components":[{"__type__":"cc.Sprite","node":{"__id__":5},"_materials":[{"__uuid__":"ecpdLyjvZBwrvm+cedCcQy"}],"_spriteFrame":{"__uuid__":"6cZQ7AuDVKj7keaY/XJmty"},"_sizeMode":2,"_isTrimmedMode":false}],"_prefab":{"__type__":"cc.PrefabInfo","root":{"__id__":1},"asset":{"__uuid__":"a1o1ffumRJQ5f2wUC3yCNg"},"fileId":"bdcqmdBk1IuI8zZfrbqofE"},"_contentSize":{"__type__":"cc.Size","width":111,"height":157},"_trs":{"__type__":"TypedArray","ctor":"Float64Array","array":[0,0,0,0,0,0,1,1,1,1]}},{"__type__":"cc.Node","_name":"icon_1","_parent":{"__id__":2},"_components":[{"__type__":"cc.Sprite","node":{"__id__":6},"_materials":[{"__uuid__":"ecpdLyjvZBwrvm+cedCcQy"}],"_spriteFrame":{"__uuid__":"6cZQ7AuDVKj7keaY/XJmty"},"_sizeMode":2,"_isTrimmedMode":false}],"_prefab":{"__type__":"cc.PrefabInfo","root":{"__id__":1},"asset":{"__uuid__":"a1o1ffumRJQ5f2wUC3yCNg"},"fileId":"99yjfNWepAfYs7xTSZnWMW"},"_contentSize":{"__type__":"cc.Size","width":111,"height":157},"_trs":{"__type__":"TypedArray","ctor":"Float64Array","array":[0,0,0,0,0,0,1,1,1,1]}},{"__type__":"cc.Node","_name":"poker_back","_parent":{"__id__":2},"_components":[{"__type__":"cc.Sprite","node":{"__id__":7},"_materials":[{"__uuid__":"ecpdLyjvZBwrvm+cedCcQy"}],"_spriteFrame":{"__uuid__":"641vMEvf9AN7MqiFyzsYbq"},"_sizeMode":0}],"_prefab":{"__type__":"cc.PrefabInfo","root":{"__id__":1},"asset":{"__uuid__":"a1o1ffumRJQ5f2wUC3yCNg"},"fileId":"3dhh6ueJFKrJMvACyejwIJ"},"_contentSize":{"__type__":"cc.Size","width":134,"height":185},"_trs":{"__type__":"TypedArray","ctor":"Float64Array","array":[0,0,0,0,0,0,1,1,1,1]}},{"__type__":"cc.Node","_name":"card1","_parent":{"__id__":1},"_children":[{"__id__":9},{"__id__":10},{"__id__":11},{"__id__":12},{"__id__":13}],"_prefab":{"__type__":"cc.PrefabInfo","root":{"__id__":1},"asset":{"__uuid__":"a1o1ffumRJQ5f2wUC3yCNg"},"fileId":"b0QB6iiEhJgJcSZtTlaWok"},"_contentSize":{"__type__":"cc.Size","width":134,"height":185},"_trs":{"__type__":"TypedArray","ctor":"Float64Array","array":[-20,20,0,0,0,0,1,0.35,0.35,1]}},{"__type__":"cc.Node","_name":"bg_poker","_parent":{"__id__":8},"_components":[{"__type__":"cc.Sprite","node":{"__id__":9},"_materials":[{"__uuid__":"ecpdLyjvZBwrvm+cedCcQy"}],"_spriteFrame":{"__uuid__":"71jpC3BZdCJZ96Uo4ReaxH"},"_sizeMode":2,"_isTrimmedMode":false}],"_prefab":{"__type__":"cc.PrefabInfo","root":{"__id__":1},"asset":{"__uuid__":"a1o1ffumRJQ5f2wUC3yCNg"},"fileId":"acIuGSQeZK1JeHRmAh32pu"},"_contentSize":{"__type__":"cc.Size","width":134,"height":185},"_trs":{"__type__":"TypedArray","ctor":"Float64Array","array":[0,0,0,0,0,0,1,1,1,1]}},{"__type__":"cc.Node","_name":"num","_parent":{"__id__":8},"_components":[{"__type__":"cc.Sprite","node":{"__id__":10},"_materials":[{"__uuid__":"ecpdLyjvZBwrvm+cedCcQy"}],"_spriteFrame":{"__uuid__":"eafsF95stKJ7tjLB6zKben"},"_sizeMode":2,"_isTrimmedMode":false}],"_prefab":{"__type__":"cc.PrefabInfo","root":{"__id__":1},"asset":{"__uuid__":"a1o1ffumRJQ5f2wUC3yCNg"},"fileId":"7eSCtQNzNAHaP8AP/mrcZB"},"_contentSize":{"__type__":"cc.Size","width":36,"height":45},"_trs":{"__type__":"TypedArray","ctor":"Float64Array","array":[-41.7,64.1,0,0,0,0,1,1,1,1]}},{"__type__":"cc.Node","_name":"icon","_parent":{"__id__":8},"_components":[{"__type__":"cc.Sprite","node":{"__id__":11},"_materials":[{"__uuid__":"ecpdLyjvZBwrvm+cedCcQy"}],"_spriteFrame":{"__uuid__":"6cZQ7AuDVKj7keaY/XJmty"},"_sizeMode":2,"_isTrimmedMode":false}],"_prefab":{"__type__":"cc.PrefabInfo","root":{"__id__":1},"asset":{"__uuid__":"a1o1ffumRJQ5f2wUC3yCNg"},"fileId":"002sr2od1FLoSLW6hYANAw"},"_contentSize":{"__type__":"cc.Size","width":111,"height":157},"_trs":{"__type__":"TypedArray","ctor":"Float64Array","array":[0,0,0,0,0,0,1,1,1,1]}},{"__type__":"cc.Node","_name":"icon_1","_parent":{"__id__":8},"_components":[{"__type__":"cc.Sprite","node":{"__id__":12},"_materials":[{"__uuid__":"ecpdLyjvZBwrvm+cedCcQy"}],"_spriteFrame":{"__uuid__":"6cZQ7AuDVKj7keaY/XJmty"},"_sizeMode":2,"_isTrimmedMode":false}],"_prefab":{"__type__":"cc.PrefabInfo","root":{"__id__":1},"asset":{"__uuid__":"a1o1ffumRJQ5f2wUC3yCNg"},"fileId":"79zZJy4ERLooEkHROTIQ0y"},"_contentSize":{"__type__":"cc.Size","width":111,"height":157},"_trs":{"__type__":"TypedArray","ctor":"Float64Array","array":[0,0,0,0,0,0,1,1,1,1]}},{"__type__":"cc.Node","_name":"poker_back","_parent":{"__id__":8},"_components":[{"__type__":"cc.Sprite","node":{"__id__":13},"_materials":[{"__uuid__":"ecpdLyjvZBwrvm+cedCcQy"}],"_spriteFrame":{"__uuid__":"641vMEvf9AN7MqiFyzsYbq"},"_sizeMode":0}],"_prefab":{"__type__":"cc.PrefabInfo","root":{"__id__":1},"asset":{"__uuid__":"a1o1ffumRJQ5f2wUC3yCNg"},"fileId":"05Y1kOZoNJPqbhzC8pW+7J"},"_contentSize":{"__type__":"cc.Size","width":134,"height":185},"_trs":{"__type__":"TypedArray","ctor":"Float64Array","array":[0,0,0,0,0,0,1,1,1,1]}},{"__type__":"cc.Node","_name":"card2","_parent":{"__id__":1},"_children":[{"__id__":15},{"__id__":16},{"__id__":17},{"__id__":18},{"__id__":19}],"_prefab":{"__type__":"cc.PrefabInfo","root":{"__id__":1},"asset":{"__uuid__":"a1o1ffumRJQ5f2wUC3yCNg"},"fileId":"99jjwiNwNKiKORabF+AMxD"},"_contentSize":{"__type__":"cc.Size","width":134,"height":185},"_trs":{"__type__":"TypedArray","ctor":"Float64Array","array":[0,20,0,0,0,0,1,0.35,0.35,1]}},{"__type__":"cc.Node","_name":"bg_poker","_parent":{"__id__":14},"_components":[{"__type__":"cc.Sprite","node":{"__id__":15},"_materials":[{"__uuid__":"ecpdLyjvZBwrvm+cedCcQy"}],"_spriteFrame":{"__uuid__":"71jpC3BZdCJZ96Uo4ReaxH"},"_sizeMode":2,"_isTrimmedMode":false}],"_prefab":{"__type__":"cc.PrefabInfo","root":{"__id__":1},"asset":{"__uuid__":"a1o1ffumRJQ5f2wUC3yCNg"},"fileId":"f99vDvaupMi4nVOzVNGWRt"},"_contentSize":{"__type__":"cc.Size","width":134,"height":185},"_trs":{"__type__":"TypedArray","ctor":"Float64Array","array":[0,0,0,0,0,0,1,1,1,1]}},{"__type__":"cc.Node","_name":"num","_parent":{"__id__":14},"_components":[{"__type__":"cc.Sprite","node":{"__id__":16},"_materials":[{"__uuid__":"ecpdLyjvZBwrvm+cedCcQy"}],"_spriteFrame":{"__uuid__":"eafsF95stKJ7tjLB6zKben"},"_sizeMode":2,"_isTrimmedMode":false}],"_prefab":{"__type__":"cc.PrefabInfo","root":{"__id__":1},"asset":{"__uuid__":"a1o1ffumRJQ5f2wUC3yCNg"},"fileId":"0dDPHxgBVOQYW9pgYkloQq"},"_contentSize":{"__type__":"cc.Size","width":36,"height":45},"_trs":{"__type__":"TypedArray","ctor":"Float64Array","array":[-41.7,64.1,0,0,0,0,1,1,1,1]}},{"__type__":"cc.Node","_name":"icon","_parent":{"__id__":14},"_components":[{"__type__":"cc.Sprite","node":{"__id__":17},"_materials":[{"__uuid__":"ecpdLyjvZBwrvm+cedCcQy"}],"_spriteFrame":{"__uuid__":"6cZQ7AuDVKj7keaY/XJmty"},"_sizeMode":2,"_isTrimmedMode":false}],"_prefab":{"__type__":"cc.PrefabInfo","root":{"__id__":1},"asset":{"__uuid__":"a1o1ffumRJQ5f2wUC3yCNg"},"fileId":"0eKHWVZ01A4bRwepch49jd"},"_contentSize":{"__type__":"cc.Size","width":111,"height":157},"_trs":{"__type__":"TypedArray","ctor":"Float64Array","array":[0,0,0,0,0,0,1,1,1,1]}},{"__type__":"cc.Node","_name":"icon_1","_parent":{"__id__":14},"_components":[{"__type__":"cc.Sprite","node":{"__id__":18},"_materials":[{"__uuid__":"ecpdLyjvZBwrvm+cedCcQy"}],"_spriteFrame":{"__uuid__":"6cZQ7AuDVKj7keaY/XJmty"},"_sizeMode":2,"_isTrimmedMode":false}],"_prefab":{"__type__":"cc.PrefabInfo","root":{"__id__":1},"asset":{"__uuid__":"a1o1ffumRJQ5f2wUC3yCNg"},"fileId":"9byXVVGrdNL40klte9ii2J"},"_contentSize":{"__type__":"cc.Size","width":111,"height":157},"_trs":{"__type__":"TypedArray","ctor":"Float64Array","array":[0,0,0,0,0,0,1,1,1,1]}},{"__type__":"cc.Node","_name":"poker_back","_parent":{"__id__":14},"_components":[{"__type__":"cc.Sprite","node":{"__id__":19},"_materials":[{"__uuid__":"ecpdLyjvZBwrvm+cedCcQy"}],"_spriteFrame":{"__uuid__":"641vMEvf9AN7MqiFyzsYbq"},"_sizeMode":0}],"_prefab":{"__type__":"cc.PrefabInfo","root":{"__id__":1},"asset":{"__uuid__":"a1o1ffumRJQ5f2wUC3yCNg"},"fileId":"a5KNIwi6VA3ZX0LKh4aOi7"},"_contentSize":{"__type__":"cc.Size","width":134,"height":185},"_trs":{"__type__":"TypedArray","ctor":"Float64Array","array":[0,0,0,0,0,0,1,1,1,1]}},{"__type__":"cc.Node","_name":"card3","_parent":{"__id__":1},"_children":[{"__id__":21},{"__id__":22},{"__id__":23},{"__id__":24},{"__id__":25}],"_prefab":{"__type__":"cc.PrefabInfo","root":{"__id__":1},"asset":{"__uuid__":"a1o1ffumRJQ5f2wUC3yCNg"},"fileId":"62mH+cLrFFc6eS6IGMSAtb"},"_contentSize":{"__type__":"cc.Size","width":134,"height":185},"_trs":{"__type__":"TypedArray","ctor":"Float64Array","array":[20,20,0,0,0,0,1,0.35,0.35,1]}},{"__type__":"cc.Node","_name":"bg_poker","_parent":{"__id__":20},"_components":[{"__type__":"cc.Sprite","node":{"__id__":21},"_materials":[{"__uuid__":"ecpdLyjvZBwrvm+cedCcQy"}],"_spriteFrame":{"__uuid__":"71jpC3BZdCJZ96Uo4ReaxH"},"_sizeMode":2,"_isTrimmedMode":false}],"_prefab":{"__type__":"cc.PrefabInfo","root":{"__id__":1},"asset":{"__uuid__":"a1o1ffumRJQ5f2wUC3yCNg"},"fileId":"c11QuquzBKuq+7PbOZ0fNW"},"_contentSize":{"__type__":"cc.Size","width":134,"height":185},"_trs":{"__type__":"TypedArray","ctor":"Float64Array","array":[0,0,0,0,0,0,1,1,1,1]}},{"__type__":"cc.Node","_name":"num","_parent":{"__id__":20},"_components":[{"__type__":"cc.Sprite","node":{"__id__":22},"_materials":[{"__uuid__":"ecpdLyjvZBwrvm+cedCcQy"}],"_spriteFrame":{"__uuid__":"eafsF95stKJ7tjLB6zKben"},"_sizeMode":2,"_isTrimmedMode":false}],"_prefab":{"__type__":"cc.PrefabInfo","root":{"__id__":1},"asset":{"__uuid__":"a1o1ffumRJQ5f2wUC3yCNg"},"fileId":"24deRK5w1Ln7XDlm4jFVRc"},"_contentSize":{"__type__":"cc.Size","width":36,"height":45},"_trs":{"__type__":"TypedArray","ctor":"Float64Array","array":[-41.7,64.1,0,0,0,0,1,1,1,1]}},{"__type__":"cc.Node","_name":"icon","_parent":{"__id__":20},"_components":[{"__type__":"cc.Sprite","node":{"__id__":23},"_materials":[{"__uuid__":"ecpdLyjvZBwrvm+cedCcQy"}],"_spriteFrame":{"__uuid__":"6cZQ7AuDVKj7keaY/XJmty"},"_sizeMode":2,"_isTrimmedMode":false}],"_prefab":{"__type__":"cc.PrefabInfo","root":{"__id__":1},"asset":{"__uuid__":"a1o1ffumRJQ5f2wUC3yCNg"},"fileId":"81X6fd58dBQLggexiWbunB"},"_contentSize":{"__type__":"cc.Size","width":111,"height":157},"_trs":{"__type__":"TypedArray","ctor":"Float64Array","array":[0,0,0,0,0,0,1,1,1,1]}},{"__type__":"cc.Node","_name":"icon_1","_parent":{"__id__":20},"_components":[{"__type__":"cc.Sprite","node":{"__id__":24},"_materials":[{"__uuid__":"ecpdLyjvZBwrvm+cedCcQy"}],"_spriteFrame":{"__uuid__":"6cZQ7AuDVKj7keaY/XJmty"},"_sizeMode":2,"_isTrimmedMode":false}],"_prefab":{"__type__":"cc.PrefabInfo","root":{"__id__":1},"asset":{"__uuid__":"a1o1ffumRJQ5f2wUC3yCNg"},"fileId":"a0UlH0FylAQoy/YoJlHgjH"},"_contentSize":{"__type__":"cc.Size","width":111,"height":157},"_trs":{"__type__":"TypedArray","ctor":"Float64Array","array":[0,0,0,0,0,0,1,1,1,1]}},{"__type__":"cc.Node","_name":"poker_back","_parent":{"__id__":20},"_components":[{"__type__":"cc.Sprite","node":{"__id__":25},"_materials":[{"__uuid__":"ecpdLyjvZBwrvm+cedCcQy"}],"_spriteFrame":{"__uuid__":"641vMEvf9AN7MqiFyzsYbq"},"_sizeMode":0}],"_prefab":{"__type__":"cc.PrefabInfo","root":{"__id__":1},"asset":{"__uuid__":"a1o1ffumRJQ5f2wUC3yCNg"},"fileId":"85GbQnECFDPpLM6skrt5eN"},"_contentSize":{"__type__":"cc.Size","width":134,"height":185},"_trs":{"__type__":"TypedArray","ctor":"Float64Array","array":[0,0,0,0,0,0,1,1,1,1]}},{"__type__":"cc.Node","_name":"card4","_parent":{"__id__":1},"_children":[{"__id__":27},{"__id__":28},{"__id__":29},{"__id__":30},{"__id__":31}],"_prefab":{"__type__":"cc.PrefabInfo","root":{"__id__":1},"asset":{"__uuid__":"a1o1ffumRJQ5f2wUC3yCNg"},"fileId":"b6b6iFaltLJr9bwNIEbBtp"},"_contentSize":{"__type__":"cc.Size","width":134,"height":185},"_trs":{"__type__":"TypedArray","ctor":"Float64Array","array":[40,20,0,0,0,0,1,0.35,0.35,1]}},{"__type__":"cc.Node","_name":"bg_poker","_parent":{"__id__":26},"_components":[{"__type__":"cc.Sprite","node":{"__id__":27},"_materials":[{"__uuid__":"ecpdLyjvZBwrvm+cedCcQy"}],"_spriteFrame":{"__uuid__":"71jpC3BZdCJZ96Uo4ReaxH"},"_sizeMode":2,"_isTrimmedMode":false}],"_prefab":{"__type__":"cc.PrefabInfo","root":{"__id__":1},"asset":{"__uuid__":"a1o1ffumRJQ5f2wUC3yCNg"},"fileId":"55voYqX35Af7gMJXk0bZSW"},"_contentSize":{"__type__":"cc.Size","width":134,"height":185},"_trs":{"__type__":"TypedArray","ctor":"Float64Array","array":[0,0,0,0,0,0,1,1,1,1]}},{"__type__":"cc.Node","_name":"num","_parent":{"__id__":26},"_components":[{"__type__":"cc.Sprite","node":{"__id__":28},"_materials":[{"__uuid__":"ecpdLyjvZBwrvm+cedCcQy"}],"_spriteFrame":{"__uuid__":"eafsF95stKJ7tjLB6zKben"},"_sizeMode":2,"_isTrimmedMode":false}],"_prefab":{"__type__":"cc.PrefabInfo","root":{"__id__":1},"asset":{"__uuid__":"a1o1ffumRJQ5f2wUC3yCNg"},"fileId":"eb8Z/eXilFVp6o/Yr6Vmxd"},"_contentSize":{"__type__":"cc.Size","width":36,"height":45},"_trs":{"__type__":"TypedArray","ctor":"Float64Array","array":[-41.7,64.1,0,0,0,0,1,1,1,1]}},{"__type__":"cc.Node","_name":"icon","_parent":{"__id__":26},"_components":[{"__type__":"cc.Sprite","node":{"__id__":29},"_materials":[{"__uuid__":"ecpdLyjvZBwrvm+cedCcQy"}],"_spriteFrame":{"__uuid__":"6cZQ7AuDVKj7keaY/XJmty"},"_sizeMode":2,"_isTrimmedMode":false}],"_prefab":{"__type__":"cc.PrefabInfo","root":{"__id__":1},"asset":{"__uuid__":"a1o1ffumRJQ5f2wUC3yCNg"},"fileId":"f5g0nFrVVGJZ2p//HhEgaI"},"_contentSize":{"__type__":"cc.Size","width":111,"height":157},"_trs":{"__type__":"TypedArray","ctor":"Float64Array","array":[0,0,0,0,0,0,1,1,1,1]}},{"__type__":"cc.Node","_name":"icon_1","_parent":{"__id__":26},"_components":[{"__type__":"cc.Sprite","node":{"__id__":30},"_materials":[{"__uuid__":"ecpdLyjvZBwrvm+cedCcQy"}],"_spriteFrame":{"__uuid__":"6cZQ7AuDVKj7keaY/XJmty"},"_sizeMode":2,"_isTrimmedMode":false}],"_prefab":{"__type__":"cc.PrefabInfo","root":{"__id__":1},"asset":{"__uuid__":"a1o1ffumRJQ5f2wUC3yCNg"},"fileId":"84pLKQZVxBIZPZAqQMqj77"},"_contentSize":{"__type__":"cc.Size","width":111,"height":157},"_trs":{"__type__":"TypedArray","ctor":"Float64Array","array":[0,0,0,0,0,0,1,1,1,1]}},{"__type__":"cc.Node","_name":"poker_back","_parent":{"__id__":26},"_components":[{"__type__":"cc.Sprite","node":{"__id__":31},"_materials":[{"__uuid__":"ecpdLyjvZBwrvm+cedCcQy"}],"_spriteFrame":{"__uuid__":"641vMEvf9AN7MqiFyzsYbq"},"_sizeMode":0}],"_prefab":{"__type__":"cc.PrefabInfo","root":{"__id__":1},"asset":{"__uuid__":"a1o1ffumRJQ5f2wUC3yCNg"},"fileId":"04zVFPgoFDx71ExAO1HKGl"},"_contentSize":{"__type__":"cc.Size","width":134,"height":185},"_trs":{"__type__":"TypedArray","ctor":"Float64Array","array":[0,0,0,0,0,0,1,1,1,1]}},{"__type__":"cc.Node","_name":"bg_niu","_parent":{"__id__":1},"_children":[{"__id__":33}],"_components":[{"__type__":"cc.Sprite","node":{"__id__":32},"_materials":[{"__uuid__":"ecpdLyjvZBwrvm+cedCcQy"}],"_spriteFrame":{"__uuid__":"0dIXntZ6dPQpwfDw3vJbXb"}}],"_prefab":{"__type__":"cc.PrefabInfo","root":{"__id__":1},"asset":{"__uuid__":"a1o1ffumRJQ5f2wUC3yCNg"},"fileId":"7424boEPhCi6dR8pNMI9BQ"},"_contentSize":{"__type__":"cc.Size","width":150,"height":52},"_trs":{"__type__":"TypedArray","ctor":"Float64Array","array":[0,-5,0,0,0,0,1,0.8,0.8,1]}},{"__type__":"cc.Node","_name":"label","_parent":{"__id__":32},"_components":[{"__type__":"cc.Label","node":{"__id__":33},"_materials":[{"__uuid__":"ecpdLyjvZBwrvm+cedCcQy"}],"_useOriginalSize":false,"_string":"Label牛一","_N$string":"Label牛一","_fontSize":24,"_lineHeight":24,"_N$file":{"__uuid__":"84ChEbRKRGnrnkdrsagGrM"},"_isSystemFontUsed":false,"_N$horizontalAlign":1,"_N$verticalAlign":1}],"_prefab":{"__type__":"cc.PrefabInfo","root":{"__id__":1},"asset":{"__uuid__":"a1o1ffumRJQ5f2wUC3yCNg"},"fileId":"1f7l/+M4ZFgb686X8joHRY"},"_contentSize":{"__type__":"cc.Size","width":67.5,"height":18},"_trs":{"__type__":"TypedArray","ctor":"Float64Array","array":[0,0,0,0,0,0,1,1,1,1]}},{"__type__":"cc.Node","_name":"bet","_parent":{"__id__":1},"_children":[{"__id__":35}],"_components":[{"__type__":"cc.Sprite","node":{"__id__":34},"_materials":[{"__uuid__":"ecpdLyjvZBwrvm+cedCcQy"}],"_spriteFrame":{"__uuid__":"df/gaXv7VCBIp2kZdgLSlm"}}],"_prefab":{"__type__":"cc.PrefabInfo","root":{"__id__":1},"asset":{"__uuid__":"a1o1ffumRJQ5f2wUC3yCNg"},"fileId":"04cBM9CJpK1qdRIoT1mnY0"},"_contentSize":{"__type__":"cc.Size","width":89,"height":27},"_trs":{"__type__":"TypedArray","ctor":"Float64Array","array":[0,-45,0,0,0,0,1,1,1,1]}},{"__type__":"cc.Node","_name":"label","_parent":{"__id__":34},"_components":[{"__type__":"cc.Label","node":{"__id__":35},"_materials":[{"__uuid__":"ecpdLyjvZBwrvm+cedCcQy"}],"_useOriginalSize":false,"_string":"20","_N$string":"20","_fontSize":20,"_lineHeight":20,"_N$file":{"__uuid__":"lznn373b-ebaf-4e57-9974-1fdd6b1b601d"},"_isSystemFontUsed":false,"_N$horizontalAlign":1,"_N$verticalAlign":1}],"_prefab":{"__type__":"cc.PrefabInfo","root":{"__id__":1},"asset":{"__uuid__":"a1o1ffumRJQ5f2wUC3yCNg"},"fileId":"2avda8nDBDtbtUCO2eIV//"},"_contentSize":{"__type__":"cc.Size","width":22.81,"height":25.2},"_trs":{"__type__":"TypedArray","ctor":"Float64Array","array":[10,1,0,0,0,0,1,1,1,1]}},{"__type__":"cc.Node","_name":"banker","_parent":{"__id__":1},"_children":[{"__id__":37}],"_components":[{"__type__":"cc.Sprite","node":{"__id__":36},"_materials":[{"__uuid__":"ecpdLyjvZBwrvm+cedCcQy"}],"_spriteFrame":{"__uuid__":"5eKoCuZJhPjJZ4+w8s2Xdv"}}],"_prefab":{"__type__":"cc.PrefabInfo","root":{"__id__":1},"asset":{"__uuid__":"a1o1ffumRJQ5f2wUC3yCNg"},"fileId":"66+heNvDBO+LUx3O7divze"},"_contentSize":{"__type__":"cc.Size","width":42,"height":45},"_trs":{"__type__":"TypedArray","ctor":"Float64Array","array":[-35,-42,0,0,0,0,1,0.8,0.8,1]}},{"__type__":"cc.Node","_name":"label","_parent":{"__id__":36},"_components":[{"__type__":"cc.Label","node":{"__id__":37},"_materials":[{"__uuid__":"ecpdLyjvZBwrvm+cedCcQy"}],"_useOriginalSize":false,"_string":"x4","_N$string":"x4","_fontSize":30,"_lineHeight":30,"_N$file":{"__uuid__":"7f6S3uPYhKnZjOt8PGND9x"},"_isSystemFontUsed":false,"_N$horizontalAlign":1,"_N$verticalAlign":1}],"_prefab":{"__type__":"cc.PrefabInfo","root":{"__id__":1},"asset":{"__uuid__":"a1o1ffumRJQ5f2wUC3yCNg"},"fileId":"8alDiQXslD34gm5VDldtMK"},"_contentSize":{"__type__":"cc.Size","width":53.44,"height":28.13},"_anchorPoint":{"__type__":"cc.Vec2","y":0.5},"_trs":{"__type__":"TypedArray","ctor":"Float64Array","array":[40,5,0,0,0,0,1,1,1,1]}}],{"__type__":"cc.SpriteFrame","content":{"name":"bg_stake","texture":"8b5TkUKXFCZJvnS39l1VLM","rect":[0,0,89,27],"offset":[-0.5,0.5],"originalSize":[90,28],"capInsets":[0,0,0,0]}},{"__type__":"cc.SpriteFrame","content":{"name":"black_3","texture":"1dFXgrDotPlbgLBlloJBaX","rect":[4,1,27,42],"offset":[-0.5,0.5],"originalSize":[36,45],"capInsets":[0,0,0,0]}}]