[{"__type__":"cc.SpriteFrame","content":{"name":"ani_xipai_34","texture":"15bJnKH2NJS6Lz/Fo18TH5","rect":[70,4,82,107],"offset":[-5,-2],"originalSize":[232,111],"capInsets":[0,0,0,0]}},{"__type__":"cc.SpriteFrame","content":{"name":"ani_xipai_25","texture":"3bDO0NqQxMVai5t0RwQ9p0","rect":[10,3,142,108],"offset":[-35,-1.5],"originalSize":[232,111],"capInsets":[0,0,0,0]}},{"__type__":"cc.SpriteFrame","content":{"name":"ani_xipai_15","texture":"6eIgBAEVxIoLj+zdGMgNPY","rect":[80,3,102,108],"offset":[15,-1.5],"originalSize":[232,111],"capInsets":[0,0,0,0]}},{"__type__":"cc.SpriteFrame","content":{"name":"ani_xipai_07","texture":"c3tQA589pFDISjMfU61WNi","rect":[80,0,132,111],"offset":[30,0],"originalSize":[232,111],"capInsets":[0,0,0,0]}},{"__type__":"cc.SpriteFrame","content":{"name":"ani_xipai_05","texture":"b1FwRIlvhJ75u3A8TuNB+q","rect":[80,0,112,111],"offset":[20,0],"originalSize":[232,111],"capInsets":[0,0,0,0]}},{"__type__":"cc.SpriteFrame","content":{"name":"ani_xipai_13","texture":"25KJzgTQtFloaUJ3q8xqDn","rect":[80,3,122,108],"offset":[25,-1.5],"originalSize":[232,111],"capInsets":[0,0,0,0]}},{"__type__":"cc.AnimationClip","_name":"xipai","_duration":0.6,"curveData":{"comps":{"cc.Sprite":{"spriteFrame":[{"frame":0,"value":{"__uuid__":"9a04MSyMJNe6aHI+AY9e24"}},{"frame":0.016666666666666666,"value":{"__uuid__":"f0I+VLYz9LAY8yBeLdSojW"}},{"frame":0.03333333333333333,"value":{"__uuid__":"a44couFIRLZbVpnxjVX636"}},{"frame":0.05,"value":{"__uuid__":"8aJsXt8pBO1JyDXt0beuPG"}},{"frame":0.06666666666666667,"value":{"__uuid__":"b3PEvFoCFMZ781fPGAX0KW"}},{"frame":0.08333333333333333,"value":{"__uuid__":"16kaQJ0apM+JHtc5RUzEA3"}},{"frame":0.1,"value":{"__uuid__":"6eFqVLDitEyqJ3inA52Qvm"}},{"frame":0.11666666666666667,"value":{"__uuid__":"11p5cfQ3hIz7WuWiY/NuKO"}},{"frame":0.13333333333333333,"value":{"__uuid__":"f1BhyHUllAaLw6qCon3AtT"}},{"frame":0.15,"value":{"__uuid__":"4cy21LCYxB/Jm3ZkubKo0e"}},{"frame":0.16666666666666666,"value":{"__uuid__":"e7GlBsLSRP9KnD10mEU6Jg"}},{"frame":0.18333333333333332,"value":{"__uuid__":"c9e8ZWxQpIDbT/2yPBKwzG"}},{"frame":0.2,"value":{"__uuid__":"62jn0QTZRNXbPIjw+Atjnx"}},{"frame":0.21666666666666667,"value":{"__uuid__":"27jvjihl5DAaODA9jfv74I"}},{"frame":0.23333333333333334,"value":{"__uuid__":"d4mi6gN1RJIorDRu9DOTVK"}},{"frame":0.25,"value":{"__uuid__":"09etb745BM/pJScfyyo6w6"}},{"frame":0.26666666666666666,"value":{"__uuid__":"b1WZXt421HGpVY4Gfp2ozG"}},{"frame":0.2833333333333333,"value":{"__uuid__":"53c7f0duZMJbuEtd6kQGJI"}},{"frame":0.3,"value":{"__uuid__":"c04bMMae9MmJVJrYi44g49"}},{"frame":0.31666666666666665,"value":{"__uuid__":"34y1/3CpFP54nPmwzU4+sH"}},{"frame":0.3333333333333333,"value":{"__uuid__":"759C7xwnRPzbZeQX4nsHFq"}},{"frame":0.35,"value":{"__uuid__":"832fKHhThA4r2FT3cmls39"}},{"frame":0.36666666666666664,"value":{"__uuid__":"52ag9Guk5AIbJKxfsPlCXY"}},{"frame":0.38333333333333336,"value":{"__uuid__":"d5fWPmAytHhKEw/Gsl2gG3"}},{"frame":0.4,"value":{"__uuid__":"60O4JF2UdPfrFJuEw/6dOY"}},{"frame":0.4166666666666667,"value":{"__uuid__":"02P9gqyI9PuozSkV0NEJLt"}},{"frame":0.43333333333333335,"value":{"__uuid__":"55GmA1rj1JI6lCfxJxCuPV"}},{"frame":0.45,"value":{"__uuid__":"2b4Dy8a19PpqeI1yk3mVkD"}},{"frame":0.4666666666666667,"value":{"__uuid__":"d7h1V2feVEjr0xJ4aZzxpN"}},{"frame":0.48333333333333334,"value":{"__uuid__":"c9rbS+fZpFC5kTnmuF7CXn"}},{"frame":0.5,"value":{"__uuid__":"28Q25bv4BHjrOHdsT+VmPn"}},{"frame":0.5166666666666667,"value":{"__uuid__":"beKtqcFyxITr6obvQ1G9AL"}},{"frame":0.5333333333333333,"value":{"__uuid__":"f3ERaD0ytAz6+QSbK955F1"}},{"frame":0.55,"value":{"__uuid__":"a3G4zqfXhCu7LBXaSkY39u"}},{"frame":0.5666666666666667,"value":{"__uuid__":"01qo8plblF8pFcvsNlex4l"}},{"frame":0.5833333333333334,"value":{"__uuid__":"c3Wbk2KGJAH49kber60l4k"}}]}}}},{"__type__":"cc.SpriteFrame","content":{"name":"ani_xipai_30","texture":"1ctEkePFNLNKJSILhGbDgk","rect":[40,4,112,107],"offset":[-20,-2],"originalSize":[232,111],"capInsets":[0,0,0,0]}},{"__type__":"cc.SpriteFrame","content":{"name":"ani_xipai_27","texture":"ddP1YNMSZB9JANcjkVHC8Z","rect":[10,4,142,107],"offset":[-35,-2],"originalSize":[232,111],"capInsets":[0,0,0,0]}},{"__type__":"cc.SpriteFrame","content":{"name":"ani_xipai_19","texture":"a3LUZWRXlOgoILDPS1yCxf","rect":[70,3,82,108],"offset":[-5,-1.5],"originalSize":[232,111],"capInsets":[0,0,0,0]}},{"__type__":"cc.SpriteFrame","content":{"name":"ani_xipai_09","texture":"9bmXlRoOBC05yrS7dgix8B","rect":[80,0,152,111],"offset":[40,0],"originalSize":[232,111],"capInsets":[0,0,0,0]}},{"__type__":"cc.SpriteFrame","content":{"name":"ani_xipai_22","texture":"03pdGcuM1CP5JNy0lrgOO3","rect":[40,3,112,108],"offset":[-20,-1.5],"originalSize":[232,111],"capInsets":[0,0,0,0]}},{"__type__":"cc.SpriteFrame","content":{"name":"ani_xipai_17","texture":"cbYoSxrfdDfJ5gjRdzFX1i","rect":[80,3,82,108],"offset":[5,-1.5],"originalSize":[232,111],"capInsets":[0,0,0,0]}},{"__type__":"cc.SpriteFrame","content":{"name":"ani_xipai_26","texture":"5eJDqiqZBEOIYfGrOaveOP","rect":[0,3,152,108],"offset":[-40,-1.5],"originalSize":[232,111],"capInsets":[0,0,0,0]}},{"__type__":"cc.SpriteFrame","content":{"name":"ani_xipai_24","texture":"7eIkNIHpVImbXmFNd+I7ut","rect":[20,3,132,108],"offset":[-30,-1.5],"originalSize":[232,111],"capInsets":[0,0,0,0]}},{"__type__":"cc.SpriteFrame","content":{"name":"ani_xipai_12","texture":"1devRampxLmbQtE7mj5fFI","rect":[80,3,132,108],"offset":[30,-1.5],"originalSize":[232,111],"capInsets":[0,0,0,0]}},{"__type__":"cc.SpriteFrame","content":{"name":"ani_xipai_06","texture":"cck9SCTpxBWLDupqf2CPUs","rect":[80,0,122,111],"offset":[25,0],"originalSize":[232,111],"capInsets":[0,0,0,0]}},{"__type__":"cc.SpriteFrame","content":{"name":"ani_xipai_20","texture":"eeJLTyN2JJZJcmRxkE6teu","rect":[60,3,92,108],"offset":[-10,-1.5],"originalSize":[232,111],"capInsets":[0,0,0,0]}},{"__type__":"cc.SpriteFrame","content":{"name":"ani_xipai_21","texture":"818hmuYv1OyLwuddobxjej","rect":[50,3,102,108],"offset":[-15,-1.5],"originalSize":[232,111],"capInsets":[0,0,0,0]}},{"__type__":"cc.SpriteFrame","content":{"name":"ani_xipai_03","texture":"d1eBUaL5VLNoeUX/LIc2kR","rect":[80,0,92,111],"offset":[10,0],"originalSize":[232,111],"capInsets":[0,0,0,0]}},{"__type__":"cc.SpriteFrame","content":{"name":"ani_xipai_36","texture":"a0mcQLGplJXbw57F6qQnsK","rect":[80,4,72,107],"offset":[0,-2],"originalSize":[232,111],"capInsets":[0,0,0,0]}},{"__type__":"cc.SpriteFrame","content":{"name":"ani_xipai_33","texture":"b2gLX2sDtFeIXnr7n1NkS6","rect":[60,4,92,107],"offset":[-10,-2],"originalSize":[232,111],"capInsets":[0,0,0,0]}},{"__type__":"cc.SpriteFrame","content":{"name":"ani_xipai_02","texture":"10LQCH0KROlqCUYzRPxZBv","rect":[80,0,82,111],"offset":[5,0],"originalSize":[232,111],"capInsets":[0,0,0,0]}},{"__type__":"cc.SpriteFrame","content":{"name":"ani_xipai_16","texture":"80EV/CoLRI7qllxlH4LvvN","rect":[80,3,92,108],"offset":[10,-1.5],"originalSize":[232,111],"capInsets":[0,0,0,0]}},{"__type__":"cc.SpriteFrame","content":{"name":"ani_xipai_04","texture":"a32e+DVU1A6YQTyVoM7kD8","rect":[80,0,102,111],"offset":[15,0],"originalSize":[232,111],"capInsets":[0,0,0,0]}},{"__type__":"cc.SpriteFrame","content":{"name":"ani_xipai_31","texture":"a1gK3pgbBD76Yirdu476lu","rect":[50,4,102,107],"offset":[-15,-2],"originalSize":[232,111],"capInsets":[0,0,0,0]}},{"__type__":"cc.SpriteFrame","content":{"name":"ani_xipai_18","texture":"25SNvTlYBChqmlKiPyzrvX","rect":[80,3,72,108],"offset":[0,-1.5],"originalSize":[232,111],"capInsets":[0,0,0,0]}},{"__type__":"cc.SpriteFrame","content":{"name":"ani_xipai_35","texture":"51ac8Yth5KnIASho/oI9y+","rect":[80,0,72,111],"offset":[0,0],"originalSize":[232,111],"capInsets":[0,0,0,0]}},{"__type__":"cc.SpriteFrame","content":{"name":"ani_xipai_11","texture":"04BnnzLZZEm5ZqBzENC5bo","rect":[80,3,142,108],"offset":[35,-1.5],"originalSize":[232,111],"capInsets":[0,0,0,0]}},{"__type__":"cc.SpriteFrame","content":{"name":"ani_xipai_29","texture":"69HYLTUCNGEqZgJQJ2OfJa","rect":[30,4,122,107],"offset":[-25,-2],"originalSize":[232,111],"capInsets":[0,0,0,0]}},{"__type__":"cc.SpriteFrame","content":{"name":"ani_xipai_14","texture":"aaPKFEDRBDd6NL7y+S2og5","rect":[80,3,112,108],"offset":[20,-1.5],"originalSize":[232,111],"capInsets":[0,0,0,0]}},{"__type__":"cc.SpriteFrame","content":{"name":"ani_xipai_23","texture":"41ZVukUD9J7rq0veNeJx7Y","rect":[30,3,122,108],"offset":[-25,-1.5],"originalSize":[232,111],"capInsets":[0,0,0,0]}},{"__type__":"cc.SpriteFrame","content":{"name":"ani_xipai_28","texture":"6d2kcubTBLO5vYxQYpPXHk","rect":[20,4,132,107],"offset":[-30,-2],"originalSize":[232,111],"capInsets":[0,0,0,0]}},{"__type__":"cc.SpriteFrame","content":{"name":"ani_xipai_10","texture":"adAduFjkdOrqHyqjFbyvwe","rect":[80,3,152,108],"offset":[40,-1.5],"originalSize":[232,111],"capInsets":[0,0,0,0]}},{"__type__":"cc.SpriteFrame","content":{"name":"ani_xipai_01","texture":"9eXnpmFrhHOZfGA3Kdpvtl","rect":[80,0,72,111],"offset":[0,0],"originalSize":[232,111],"capInsets":[0,0,0,0]}},{"__type__":"cc.SpriteFrame","content":{"name":"ani_xipai_08","texture":"30Sv/V6O9L7pSvZEmyAs4y","rect":[80,0,142,111],"offset":[35,0],"originalSize":[232,111],"capInsets":[0,0,0,0]}},{"__type__":"cc.SpriteFrame","content":{"name":"ani_xipai_32","texture":"1bxBwUNp5NoZm7Rr3mRnaw","rect":[60,4,92,107],"offset":[-10,-2],"originalSize":[232,111],"capInsets":[0,0,0,0]}}]