[{"__type__":"cc.SpriteFrame","content":{"name":"default_btn_disabled","texture":"71VhFCTINJM6/Ky3oX9nBT","rect":[0,0,40,40],"offset":[0,0],"originalSize":[40,40],"capInsets":[12,12,12,12]}},{"__type__":"cc.SpriteFrame","content":{"name":"default_btn_pressed","texture":"b4P/PCArtIdIH38t6mlw8Y","rect":[0,0,40,40],"offset":[0,0],"originalSize":[40,40],"capInsets":[12,12,12,12]}},{"__type__":"cc.SpriteFrame","content":{"name":"default_btn_normal","texture":"e8Ueib+qJEhL6mXAHdnwbi","rect":[0,0,40,40],"offset":[0,0],"originalSize":[40,40],"capInsets":[12,12,12,12]}},{"__type__":"cc.SpriteFrame","content":{"name":"morentouxiang","texture":"lznnc652-0393-4ea1-84d8-1bdd3044f177","rect":[0,0,60,60],"offset":[0,0],"originalSize":[60,60],"capInsets":[0,0,0,0]}},{"__type__":"cc.SpriteFrame","content":{"name":"btn_qk","texture":"lznn2ffe-e43d-423f-8163-2ba489b0c020","rect":[1,0,63,51],"offset":[0.5,0],"originalSize":[64,51],"capInsets":[0,0,0,0]}},{"__type__":"cc.SpriteFrame","content":{"name":"img_szup","texture":"lznn8273-c275-41aa-94ac-111fcf0cee62","rect":[0,0,61,41],"offset":[0,0],"originalSize":[61,41],"capInsets":[18,18,18,18]}},{"__type__":"cc.SpriteFrame","content":{"name":"btn_return","texture":"lznn03fc-72a9-4ec0-a1f2-f16c6995c441","rect":[0,0,68,68],"offset":[0,0],"originalSize":[68,68],"capInsets":[0,0,0,0]}},{"__type__":"cc.SpriteFrame","content":{"name":"icon_dou","texture":"lznn74ab-5075-47d4-9fc6-dc8556ae4116","rect":[0,6,55,46],"offset":[0,-3],"originalSize":[55,52],"capInsets":[0,0,0,0]}},{"__type__":"cc.SpriteFrame","content":{"name":"img_hp_down","texture":"lznn72df-552e-4993-b2cd-ee9d27e4d663","rect":[0,0,68,68],"offset":[0,0],"originalSize":[68,68],"capInsets":[0,0,0,0]}},{"__type__":"cc.SpriteFrame","content":{"name":"img_syright_up","texture":"lznn6424-4ab6-433f-8cce-9419627c094b","rect":[0,0,1360,80],"offset":[0,0],"originalSize":[1360,80],"capInsets":[550,0,550,0]}},[{"__type__":"cc.Prefab","_name":"nn_UITop","data":{"__id__":1}},{"__type__":"cc.Node","_name":"nn_UITop","_children":[{"__id__":2}],"_components":[{"__type__":"cc.Widget","node":{"__id__":1},"_alignFlags":45,"_originalWidth":960,"_originalHeight":640},{"__type__":"lznnee27-62f1-4be3-8071-d3b0a2505d92","node":{"__id__":1},"JS_Name":"fzmj_BaseComponent","ZorderLv":8}],"_prefab":{"__type__":"cc.PrefabInfo","root":{"__id__":1},"asset":{"__uuid__":"lznnb241-7312-46e1-a8c2-930347450f71"},"fileId":"15ajdjwnVJ2rpR8lYBZGT7"},"_contentSize":{"__type__":"cc.Size","width":1360,"height":760},"_trs":{"__type__":"TypedArray","ctor":"Float64Array","array":[680,380,0,0,0,0,1,1,1,1]}},{"__type__":"cc.Node","_name":"img_syright_up","_parent":{"__id__":1},"_children":[{"__id__":3}],"_components":[{"__type__":"cc.Sprite","node":{"__id__":2},"_materials":[{"__uuid__":"ecpdLyjvZBwrvm+cedCcQy"}],"_spriteFrame":{"__uuid__":"lznn8fa3-a4e7-48f5-944c-cd1bf920f6de"}},{"__type__":"cc.Widget","node":{"__id__":2},"_alignFlags":41,"_originalWidth":1360}],"_prefab":{"__type__":"cc.PrefabInfo","root":{"__id__":1},"asset":{"__uuid__":"lznnb241-7312-46e1-a8c2-930347450f71"},"fileId":"376HzRh2hCm4sHdWYTk5rm"},"_contentSize":{"__type__":"cc.Size","width":1360,"height":80},"_trs":{"__type__":"TypedArray","ctor":"Float64Array","array":[0,340,0,0,0,0,1,1,1,1]}},{"__type__":"cc.Node","_name":"bgcreate","_parent":{"__id__":2},"_children":[{"__id__":4},{"__id__":17},{"__id__":18}],"_components":[{"__type__":"cc.Widget","node":{"__id__":3},"_alignFlags":40}],"_prefab":{"__type__":"cc.PrefabInfo","root":{"__id__":1},"asset":{"__uuid__":"lznnb241-7312-46e1-a8c2-930347450f71"},"fileId":"6bBvC9+JBP4Ymlyzfr2pJk"},"_contentSize":{"__type__":"cc.Size","width":1360},"_trs":{"__type__":"TypedArray","ctor":"Float64Array","array":[0,-340,0,0,0,0,1,1,1,1]}},{"__type__":"cc.Node","_name":"rightTop","_parent":{"__id__":3},"_children":[{"__id__":5},{"__id__":9},{"__id__":13}],"_components":[{"__type__":"cc.Widget","node":{"__id__":4},"_alignFlags":33,"_right":-10,"_top":-380}],"_prefab":{"__type__":"cc.PrefabInfo","root":{"__id__":1},"asset":{"__uuid__":"lznnb241-7312-46e1-a8c2-930347450f71"},"fileId":"43Snpt4n9AdasBAiOVF5hX"},"_trs":{"__type__":"TypedArray","ctor":"Float64Array","array":[690,380,0,0,0,0,1,1,1,1]}},{"__type__":"cc.Node","_name":"fangka","_parent":{"__id__":4},"_children":[{"__id__":6},{"__id__":7},{"__id__":8}],"_components":[{"__type__":"cc.Sprite","node":{"__id__":5},"_materials":[{"__uuid__":"ecpdLyjvZBwrvm+cedCcQy"}],"_spriteFrame":{"__uuid__":"lznn21e7-081b-4d4f-8cca-e0c343b15747"},"_type":1,"_sizeMode":0,"_isTrimmedMode":false}],"_prefab":{"__type__":"cc.PrefabInfo","root":{"__id__":1},"asset":{"__uuid__":"lznnb241-7312-46e1-a8c2-930347450f71"},"fileId":"f7M4Yuc+1BWa9NH/oxcEfs"},"_contentSize":{"__type__":"cc.Size","width":200,"height":47},"_anchorPoint":{"__type__":"cc.Vec2","y":0.5},"_trs":{"__type__":"TypedArray","ctor":"Float64Array","array":[-460,-38,0,0,0,0,1,1,1,1]}},{"__type__":"cc.Node","_name":"icon_card","_parent":{"__id__":5},"_active":false,"_components":[{"__type__":"cc.Sprite","node":{"__id__":6}}],"_prefab":{"__type__":"cc.PrefabInfo","root":{"__id__":1},"asset":{"__uuid__":"lznnb241-7312-46e1-a8c2-930347450f71"},"fileId":"7fHscsvSBB5pvkvv7ipkbr"},"_contentSize":{"__type__":"cc.Size","width":58,"height":66},"_trs":{"__type__":"TypedArray","ctor":"Float64Array","array":[26,0,0,0,0,0,1,1,1,1]}},{"__type__":"cc.Node","_name":"btn_addRoomCard","_parent":{"__id__":5},"_components":[{"__type__":"cc.Sprite","node":{"__id__":7},"_materials":[{"__uuid__":"ecpdLyjvZBwrvm+cedCcQy"}],"_spriteFrame":{"__uuid__":"lznnf9bd-70c3-44df-b3d8-18ab30c6ac95"}},{"__type__":"cc.Button","node":{"__id__":7},"zoomScale":0.9,"clickEvents":[{"__type__":"cc.ClickEvent","target":{"__id__":1},"_componentId":"b394dDr3aRA8KeuJfvbE9nT","handler":"OnClick_BtnWnd"}],"_N$transition":3,"transition":3,"_N$normalColor":{"__type__":"cc.Color","r":214,"g":214,"b":214},"_N$target":{"__id__":7}}],"_prefab":{"__type__":"cc.PrefabInfo","root":{"__id__":1},"asset":{"__uuid__":"lznnb241-7312-46e1-a8c2-930347450f71"},"fileId":"bbETAthtlCmaE2Mq3dx7kT"},"_contentSize":{"__type__":"cc.Size","width":55,"height":55},"_trs":{"__type__":"TypedArray","ctor":"Float64Array","array":[10.7,0,0,0,0,0,1,1,1,1]}},{"__type__":"cc.Node","_name":"label","_parent":{"__id__":5},"_components":[{"__type__":"cc.Label","node":{"__id__":8},"_materials":[{"__uuid__":"ecpdLyjvZBwrvm+cedCcQy"}],"_useOriginalSize":false,"_string":"0","_N$string":"0","_fontSize":28,"_lineHeight":30,"_N$file":{"__uuid__":"lznn373b-ebaf-4e57-9974-1fdd6b1b601d"},"_isSystemFontUsed":false,"_N$horizontalAlign":1,"_N$verticalAlign":1}],"_prefab":{"__type__":"cc.PrefabInfo","root":{"__id__":1},"asset":{"__uuid__":"lznnb241-7312-46e1-a8c2-930347450f71"},"fileId":"b7gThUla1Dl4ZzuwHNRWxm"},"_color":{"__type__":"cc.Color","r":242,"g":255,"b":243},"_contentSize":{"__type__":"cc.Size","width":15.97,"height":37.8},"_anchorPoint":{"__type__":"cc.Vec2","y":0.5},"_trs":{"__type__":"TypedArray","ctor":"Float64Array","array":[66.5,0,0,0,0,0,1,1,1,1]}},{"__type__":"cc.Node","_name":"quanka","_parent":{"__id__":4},"_children":[{"__id__":10},{"__id__":11},{"__id__":12}],"_active":false,"_components":[{"__type__":"cc.Sprite","node":{"__id__":9},"_spriteFrame":{"__uuid__":"lznn21e7-081b-4d4f-8cca-e0c343b15747"},"_type":1,"_sizeMode":0,"_isTrimmedMode":false}],"_prefab":{"__type__":"cc.PrefabInfo","root":{"__id__":1},"asset":{"__uuid__":"lznnb241-7312-46e1-a8c2-930347450f71"},"fileId":"8ecrWsf3FHGb12qnlqxYm5"},"_contentSize":{"__type__":"cc.Size","width":200,"height":47},"_anchorPoint":{"__type__":"cc.Vec2","y":0.5},"_trs":{"__type__":"TypedArray","ctor":"Float64Array","array":[-223.9,-38.3,0,0,0,0,1,1,1,1]}},{"__type__":"cc.Node","_name":"icon_card","_parent":{"__id__":9},"_active":false,"_components":[{"__type__":"cc.Sprite","node":{"__id__":10}}],"_prefab":{"__type__":"cc.PrefabInfo","root":{"__id__":1},"asset":{"__uuid__":"lznnb241-7312-46e1-a8c2-930347450f71"},"fileId":"30R88syMhKLZrKWc/17kPx"},"_contentSize":{"__type__":"cc.Size","width":56,"height":46},"_trs":{"__type__":"TypedArray","ctor":"Float64Array","array":[27,0,0,0,0,0,1,1,1,1]}},{"__type__":"cc.Node","_name":"btn_addQuanCard","_parent":{"__id__":9},"_components":[{"__type__":"cc.Sprite","node":{"__id__":11},"_spriteFrame":{"__uuid__":"lznn16ab-f608-4e0c-8806-feec7d60eab0"}},{"__type__":"cc.Button","node":{"__id__":11},"zoomScale":0.9,"clickEvents":[{"__type__":"cc.ClickEvent","target":{"__id__":1},"_componentId":"b394dDr3aRA8KeuJfvbE9nT","handler":"OnClick_BtnWnd"}],"_N$transition":3,"transition":3,"_N$normalColor":{"__type__":"cc.Color","r":214,"g":214,"b":214},"_N$target":{"__id__":11}}],"_prefab":{"__type__":"cc.PrefabInfo","root":{"__id__":1},"asset":{"__uuid__":"lznnb241-7312-46e1-a8c2-930347450f71"},"fileId":"3aZjfr85FAT5wVElDFBRzC"},"_contentSize":{"__type__":"cc.Size","width":63,"height":51},"_trs":{"__type__":"TypedArray","ctor":"Float64Array","array":[11.3,0,0,0,0,0,1,1,1,1]}},{"__type__":"cc.Node","_name":"label","_parent":{"__id__":9},"_components":[{"__type__":"cc.Label","node":{"__id__":12},"_useOriginalSize":false,"_string":"0","_N$string":"0","_fontSize":28,"_lineHeight":30,"_N$horizontalAlign":1,"_N$verticalAlign":1}],"_prefab":{"__type__":"cc.PrefabInfo","root":{"__id__":1},"asset":{"__uuid__":"lznnb241-7312-46e1-a8c2-930347450f71"},"fileId":"31VcJWmi5Ax58MdvvZfkFA"},"_color":{"__type__":"cc.Color","r":242,"g":255,"b":243},"_contentSize":{"__type__":"cc.Size","width":15.57,"height":30},"_anchorPoint":{"__type__":"cc.Vec2","y":0.5},"_trs":{"__type__":"TypedArray","ctor":"Float64Array","array":[63.4,0,0,0,0,0,1,1,1,1]}},{"__type__":"cc.Node","_name":"ledou","_parent":{"__id__":4},"_children":[{"__id__":14},{"__id__":15},{"__id__":16}],"_components":[{"__type__":"cc.Sprite","node":{"__id__":13},"_materials":[{"__uuid__":"ecpdLyjvZBwrvm+cedCcQy"}],"_spriteFrame":{"__uuid__":"lznn21e7-081b-4d4f-8cca-e0c343b15747"},"_type":1,"_sizeMode":0,"_isTrimmedMode":false}],"_prefab":{"__type__":"cc.PrefabInfo","root":{"__id__":1},"asset":{"__uuid__":"lznnb241-7312-46e1-a8c2-930347450f71"},"fileId":"91jhjvsj1Koaxqa1cmU66H"},"_contentSize":{"__type__":"cc.Size","width":200,"height":47},"_anchorPoint":{"__type__":"cc.Vec2","y":0.5},"_trs":{"__type__":"TypedArray","ctor":"Float64Array","array":[-233,-38,0,0,0,0,1,1,1,1]}},{"__type__":"cc.Node","_name":"icon_card","_parent":{"__id__":13},"_active":false,"_components":[{"__type__":"cc.Sprite","node":{"__id__":14}}],"_prefab":{"__type__":"cc.PrefabInfo","root":{"__id__":1},"asset":{"__uuid__":"lznnb241-7312-46e1-a8c2-930347450f71"},"fileId":"20gpbVu4JEqot3Y/w7J21O"},"_contentSize":{"__type__":"cc.Size","width":54,"height":49},"_trs":{"__type__":"TypedArray","ctor":"Float64Array","array":[27,0,0,0,0,0,1,1,1,1]}},{"__type__":"cc.Node","_name":"btn_addGold","_parent":{"__id__":13},"_components":[{"__type__":"cc.Sprite","node":{"__id__":15},"_materials":[{"__uuid__":"ecpdLyjvZBwrvm+cedCcQy"}],"_spriteFrame":{"__uuid__":"lznn7cd0-52fe-4d03-8e42-b7b0945bfefd"}},{"__type__":"cc.Button","node":{"__id__":15},"zoomScale":0.9,"clickEvents":[{"__type__":"cc.ClickEvent","_componentId":"c7fb0nMNvZJ4bnfUVrYPGku","handler":"OnClick_BtnWnd"}],"_N$transition":3,"transition":3,"_N$normalColor":{"__type__":"cc.Color","r":214,"g":214,"b":214},"_N$target":{"__id__":15}}],"_prefab":{"__type__":"cc.PrefabInfo","root":{"__id__":1},"asset":{"__uuid__":"lznnb241-7312-46e1-a8c2-930347450f71"},"fileId":"4dOH4KVJZHZYyG37ybPOL/"},"_contentSize":{"__type__":"cc.Size","width":55,"height":46},"_trs":{"__type__":"TypedArray","ctor":"Float64Array","array":[15.1,0,0,0,0,0,1,1,1,1]}},{"__type__":"cc.Node","_name":"label","_parent":{"__id__":13},"_components":[{"__type__":"cc.Label","node":{"__id__":16},"_materials":[{"__uuid__":"ecpdLyjvZBwrvm+cedCcQy"}],"_useOriginalSize":false,"_string":"0","_N$string":"0","_fontSize":28,"_lineHeight":30,"_N$file":{"__uuid__":"lznn373b-ebaf-4e57-9974-1fdd6b1b601d"},"_isSystemFontUsed":false,"_N$horizontalAlign":1,"_N$verticalAlign":1}],"_prefab":{"__type__":"cc.PrefabInfo","root":{"__id__":1},"asset":{"__uuid__":"lznnb241-7312-46e1-a8c2-930347450f71"},"fileId":"21xtHBf+9Ex7TUuC6ZRiiI"},"_color":{"__type__":"cc.Color","r":242,"g":255,"b":243},"_contentSize":{"__type__":"cc.Size","width":15.97,"height":37.8},"_anchorPoint":{"__type__":"cc.Vec2","y":0.5},"_trs":{"__type__":"TypedArray","ctor":"Float64Array","array":[63.4,0,0,0,0,0,1,1,1,1]}},{"__type__":"cc.Node","_name":"btn_close","_parent":{"__id__":3},"_components":[{"__type__":"cc.Sprite","node":{"__id__":17},"_materials":[{"__uuid__":"ecpdLyjvZBwrvm+cedCcQy"}],"_spriteFrame":{"__uuid__":"lznn68de-1c62-4c7e-9bca-2b965b09a97e"}},{"__type__":"cc.Button","node":{"__id__":17},"clickEvents":[{"__type__":"cc.ClickEvent","target":{"__id__":1},"_componentId":"lznnee27-62f1-4be3-8071-d3b0a2505d92","handler":"OnClick_BtnWnd"}],"_N$transition":3,"transition":3,"_N$pressedColor":{"__type__":"cc.Color","r":255,"g":255,"b":255},"pressedColor":{"__type__":"cc.Color","r":255,"g":255,"b":255},"_N$disabledColor":{"__type__":"cc.Color","r":255,"g":255,"b":255},"_N$pressedSprite":{"__uuid__":"e97GVMl6JHh5Ml5qEDdSGa"},"pressedSprite":{"__uuid__":"e97GVMl6JHh5Ml5qEDdSGa"},"_N$hoverSprite":{"__uuid__":"f0BIwQ8D5Ml7nTNQbh1YlS"},"hoverSprite":{"__uuid__":"f0BIwQ8D5Ml7nTNQbh1YlS"},"_N$disabledSprite":{"__uuid__":"29FYIk+N1GYaeWH/q1NxQO"},"_N$target":{"__id__":17}},{"__type__":"cc.Widget","node":{"__id__":17},"_alignFlags":9,"_left":24,"_top":-377}],"_prefab":{"__type__":"cc.PrefabInfo","root":{"__id__":1},"asset":{"__uuid__":"lznnb241-7312-46e1-a8c2-930347450f71"},"fileId":"a8bGzn/aRB0ayAvhWAs8q/"},"_contentSize":{"__type__":"cc.Size","width":68,"height":68},"_trs":{"__type__":"TypedArray","ctor":"Float64Array","array":[-622,343,0,0,0,0,1,1,1,1]}},{"__type__":"cc.Node","_name":"userinfo","_parent":{"__id__":3},"_children":[{"__id__":19},{"__id__":20},{"__id__":21},{"__id__":22}],"_components":[{"__type__":"cc.Widget","node":{"__id__":18},"_alignFlags":9,"_left":150,"_top":-340}],"_prefab":{"__type__":"cc.PrefabInfo","root":{"__id__":1},"asset":{"__uuid__":"lznnb241-7312-46e1-a8c2-930347450f71"},"fileId":"7awKrlqnhKNLERrODpVZLQ"},"_trs":{"__type__":"TypedArray","ctor":"Float64Array","array":[-530,340,0,0,0,0,1,1,1,1]}},{"__type__":"cc.Node","_name":"img_hp_down","_parent":{"__id__":18},"_components":[{"__type__":"cc.Sprite","node":{"__id__":19},"_materials":[{"__uuid__":"ecpdLyjvZBwrvm+cedCcQy"}],"_spriteFrame":{"__uuid__":"lznn816a-7e80-49a0-81de-1f9f9299c1ca"}}],"_prefab":{"__type__":"cc.PrefabInfo","root":{"__id__":1},"asset":{"__uuid__":"lznnb241-7312-46e1-a8c2-930347450f71"},"fileId":"74oG2+Gw5ODYAfNmrxadLJ"},"_contentSize":{"__type__":"cc.Size","width":68,"height":68},"_trs":{"__type__":"TypedArray","ctor":"Float64Array","array":[0,0,0,0,0,0,1,1,1,1]}},{"__type__":"cc.Node","_name":"btn_head","_parent":{"__id__":18},"_components":[{"__type__":"cc.Sprite","node":{"__id__":20},"_materials":[{"__uuid__":"ecpdLyjvZBwrvm+cedCcQy"}],"_spriteFrame":{"__uuid__":"lznn0bd4-6d8e-4361-aae8-91caca6f2355"},"_sizeMode":0},{"__type__":"cc.Button","node":{"__id__":20},"zoomScale":0.9,"_N$normalColor":{"__type__":"cc.Color","r":214,"g":214,"b":214},"_N$target":{"__id__":20}},{"__type__":"lznn8673-3561-4a28-8fd0-4ff9fc711d7e","node":{"__id__":20},"JS_Name":"fzmj_BaseComponent"}],"_prefab":{"__type__":"cc.PrefabInfo","root":{"__id__":1},"asset":{"__uuid__":"lznnb241-7312-46e1-a8c2-930347450f71"},"fileId":"98mcl2eE5B5JkVFy8uT37O"},"_contentSize":{"__type__":"cc.Size","width":60,"height":60},"_trs":{"__type__":"TypedArray","ctor":"Float64Array","array":[0,0,0,0,0,0,1,1,1,1]}},{"__type__":"cc.Node","_name":"label_id","_parent":{"__id__":18},"_components":[{"__type__":"cc.Label","node":{"__id__":21},"_materials":[{"__uuid__":"ecpdLyjvZBwrvm+cedCcQy"}],"_useOriginalSize":false,"_string":"0","_N$string":"0","_fontSize":32,"_lineHeight":34,"_N$file":{"__uuid__":"lznn373b-ebaf-4e57-9974-1fdd6b1b601d"},"_isSystemFontUsed":false,"_N$verticalAlign":1}],"_prefab":{"__type__":"cc.PrefabInfo","root":{"__id__":1},"asset":{"__uuid__":"lznnb241-7312-46e1-a8c2-930347450f71"},"fileId":"d8gLZn8l5B2bAdQJJKZYkg"},"_color":{"__type__":"cc.Color","r":233,"g":224,"b":224},"_contentSize":{"__type__":"cc.Size","width":18.25,"height":42.84},"_anchorPoint":{"__type__":"cc.Vec2","y":0.5},"_trs":{"__type__":"TypedArray","ctor":"Float64Array","array":[47.8,-21.6,0,0,0,0,1,1,1,1]}},{"__type__":"cc.Node","_name":"label_name","_parent":{"__id__":18},"_components":[{"__type__":"cc.Label","node":{"__id__":22},"_materials":[{"__uuid__":"ecpdLyjvZBwrvm+cedCcQy"}],"_useOriginalSize":false,"_string":"七个字的名字啊","_N$string":"七个字的名字啊","_fontSize":32,"_lineHeight":34,"_N$file":{"__uuid__":"lznn373b-ebaf-4e57-9974-1fdd6b1b601d"},"_isSystemFontUsed":false,"_N$verticalAlign":1,"_N$overflow":2}],"_prefab":{"__type__":"cc.PrefabInfo","root":{"__id__":1},"asset":{"__uuid__":"lznnb241-7312-46e1-a8c2-930347450f71"},"fileId":"61pcChXDpDn5U71fp0MVFR"},"_color":{"__type__":"cc.Color","r":233,"g":224,"b":224},"_contentSize":{"__type__":"cc.Size","width":228,"height":34},"_anchorPoint":{"__type__":"cc.Vec2","y":0.5},"_trs":{"__type__":"TypedArray","ctor":"Float64Array","array":[43.1,19.7,0,0,0,0,1,1,1,1]}}],{"__type__":"cc.SpriteFrame","content":{"name":"btn_zs","texture":"lznnafff-70e9-4102-b7d8-2c08d55c1c6e","rect":[1,1,55,55],"offset":[0.5,-0.5],"originalSize":[56,56],"capInsets":[0,0,0,0]}}]