[{"__type__":"cc.SpriteFrame","content":{"name":"default_btn_disabled","texture":"71VhFCTINJM6/Ky3oX9nBT","rect":[0,0,40,40],"offset":[0,0],"originalSize":[40,40],"capInsets":[12,12,12,12]}},{"__type__":"cc.SpriteFrame","content":{"name":"default_sprite_splash","texture":"02delMVqdBD70a/HSD99FK","rect":[0,0,2,2],"offset":[0,0],"originalSize":[2,2],"capInsets":[0,0,0,0]}},{"__type__":"cc.SpriteFrame","content":{"name":"default_btn_pressed","texture":"b4P/PCArtIdIH38t6mlw8Y","rect":[0,0,40,40],"offset":[0,0],"originalSize":[40,40],"capInsets":[12,12,12,12]}},{"__type__":"cc.SpriteFrame","content":{"name":"fangzhu","texture":"typdkc49-d06c-47de-9de0-b1427c5562be","rect":[0,0,34,35],"offset":[0,0],"originalSize":[34,35],"capInsets":[0,0,0,0]}},{"__type__":"cc.SpriteFrame","content":{"name":"zhuangjia","texture":"typdk11f-6697-4bf6-8ba4-6f9badaa52f6","rect":[0,0,48,48],"offset":[0,0],"originalSize":[48,48],"capInsets":[0,0,0,0]}},{"__type__":"cc.SpriteFrame","content":{"name":"icon_win","texture":"typdkb8f-96f8-4c38-a0bb-4259092a605b","rect":[0,0,50,92],"offset":[0,0],"originalSize":[50,92],"capInsets":[0,0,0,0]}},{"__type__":"cc.SpriteFrame","content":{"name":"icon_bfgm","texture":"typdk690-b5f5-4e09-aa82-60a115e5c908","rect":[0,0,141,49],"offset":[-0.5,0.5],"originalSize":[142,50],"capInsets":[0,0,0,0]}},{"__type__":"cc.SpriteFrame","content":{"name":"btn_dd","texture":"typdk254-0494-438c-bca3-4bd2690fa675","rect":[0,0,144,145],"offset":[0,0],"originalSize":[144,145],"capInsets":[0,0,0,0]}},{"__type__":"cc.SpriteFrame","content":{"name":"btn_green","texture":"typdke07-a34b-4afa-9020-49ef24701520","rect":[0,0,243,77],"offset":[-0.5,0.5],"originalSize":[244,78],"capInsets":[0,0,0,0]}},{"__type__":"cc.SpriteFrame","content":{"name":"icon_qgm_win","texture":"typdkfe7-d18d-42ef-ae0e-3e643ed4647f","rect":[0,0,179,49],"offset":[-0.5,0.5],"originalSize":[180,50],"capInsets":[0,0,0,0]}},{"__type__":"cc.SpriteFrame","content":{"name":"win","texture":"typdk505-5696-4155-81ef-47ee95f8ba5d","rect":[2,0,554,131],"offset":[0,0],"originalSize":[558,131],"capInsets":[0,0,0,0]}},{"__type__":"cc.SpriteFrame","content":{"name":"lost","texture":"typdkff5-58ec-4c71-b206-dfc3b656b0b5","rect":[1,0,556,137],"offset":[0,0],"originalSize":[558,137],"capInsets":[0,0,0,0]}},{"__type__":"cc.SpriteFrame","content":{"name":"personal_male","texture":"typdk4c4-f6fe-4710-8c70-f60ed20248a3","rect":[0,0,24,24],"offset":[0,0],"originalSize":[24,24],"capInsets":[0,0,0,0]}},{"__type__":"cc.SpriteFrame","content":{"name":"btn_xl","texture":"typdk9e4-45bd-4c73-b57f-6ef339b94e30","rect":[0,0,144,145],"offset":[0,0],"originalSize":[144,145],"capInsets":[0,0,0,0]}},[{"__type__":"cc.Prefab","_name":"UIPDK_Result","data":{"__id__":1}},{"__type__":"cc.Node","_name":"UIPDK_Result","_children":[{"__id__":2},{"__id__":3},{"__id__":4},{"__id__":5},{"__id__":6},{"__id__":115},{"__id__":117},{"__id__":119},{"__id__":121},{"__id__":123},{"__id__":130},{"__id__":132},{"__id__":134}],"_components":[{"__type__":"cc.Widget","node":{"__id__":1},"alignMode":0,"_alignFlags":45,"_originalWidth":1360,"_originalHeight":760},{"__type__":"cc.Button","node":{"__id__":1},"clickEvents":[{"__type__":"cc.ClickEvent","_componentId":"typdktF3AFGAKvcAxSPS2N1","handler":"OnClick_Form"}],"_N$normalColor":{"__type__":"cc.Color","r":214,"g":214,"b":214},"_N$target":{"__id__":1}},{"__type__":"typdkb45-dc01-4600-abdc-03148f4b6375","node":{"__id__":1},"ZorderLv":7,"btn_share":{"__id__":124},"btn_exit":{"__id__":126},"btn_continue":{"__id__":128},"sp_winLose":{"__id__":5},"win":{"__uuid__":"typdk415-c31b-4628-84b1-1ee4ca86a366"},"lose":{"__uuid__":"typdk416-326b-430d-a52d-706de4a806c7"},"playerList":{"__id__":6},"room_Id":{"__id__":116},"huifang":{"__id__":118},"lb_jushu":{"__id__":120},"end_Time":{"__id__":122},"room_Double":{"__id__":131},"room_MaxDouble":{"__id__":133},"btn_sharemore":{"__id__":124},"sharemore":{"__id__":134}}],"_prefab":{"__type__":"cc.PrefabInfo","root":{"__id__":1},"asset":{"__uuid__":"typdk67c-2f11-48ef-bae8-8eaddf82f29e"},"fileId":"808c0zku6dOkbuZNTNfHEIw"},"_contentSize":{"__type__":"cc.Size","width":1360,"height":760},"_trs":{"__type__":"TypedArray","ctor":"Float64Array","array":[680,380,0,0,0,0,1,1,1,1]}},{"__type__":"cc.Node","_name":"bg_mask","_parent":{"__id__":1},"_components":[{"__type__":"cc.Sprite","node":{"__id__":2},"_spriteFrame":{"__uuid__":"typdkd1f-3e0b-4b1d-ae52-c52ad188bba9"},"_type":1,"_sizeMode":0},{"__type__":"cc.Widget","node":{"__id__":2},"alignMode":0,"_alignFlags":45,"_originalWidth":1600,"_originalHeight":800}],"_prefab":{"__type__":"cc.PrefabInfo","root":{"__id__":1},"asset":{"__uuid__":"typdk67c-2f11-48ef-bae8-8eaddf82f29e"},"fileId":"8e78enVvKxGsrNgRPh7wktE"},"_contentSize":{"__type__":"cc.Size","width":1360,"height":760},"_trs":{"__type__":"TypedArray","ctor":"Float64Array","array":[0,0,0,0,0,0,1,1,1,1]}},{"__type__":"cc.Node","_name":"bg","_parent":{"__id__":1},"_components":[{"__type__":"cc.Sprite","node":{"__id__":3},"_spriteFrame":{"__uuid__":"typdkb56-06c7-403a-ac2d-af0e021bdeb4"},"_type":1,"_sizeMode":0},{"__type__":"cc.Widget","node":{"__id__":3},"alignMode":0,"_alignFlags":45,"_left":85,"_right":85,"_top":61,"_bottom":61,"_originalWidth":1360,"_originalHeight":760}],"_prefab":{"__type__":"cc.PrefabInfo","root":{"__id__":1},"asset":{"__uuid__":"typdk67c-2f11-48ef-bae8-8eaddf82f29e"},"fileId":"09d87fDojhCmrG2C9Etrb5G"},"_contentSize":{"__type__":"cc.Size","width":1190,"height":638},"_trs":{"__type__":"TypedArray","ctor":"Float64Array","array":[0,0,0,0,0,0,1,1,1,1]}},{"__type__":"cc.Node","_name":"bg_proup","_parent":{"__id__":1},"_components":[{"__type__":"cc.Sprite","node":{"__id__":4},"_spriteFrame":{"__uuid__":"typdkea3-b842-4cd7-b66e-e8e74f6070f8"},"_type":1,"_sizeMode":0},{"__type__":"cc.Widget","node":{"__id__":4},"alignMode":0,"_alignFlags":45,"_left":105,"_right":105,"_top":77,"_bottom":83,"_originalWidth":1360,"_originalHeight":760}],"_prefab":{"__type__":"cc.PrefabInfo","root":{"__id__":1},"asset":{"__uuid__":"typdk67c-2f11-48ef-bae8-8eaddf82f29e"},"fileId":"95bd2h8XuxAk7fxnaImcfkZ"},"_contentSize":{"__type__":"cc.Size","width":1150,"height":600},"_trs":{"__type__":"TypedArray","ctor":"Float64Array","array":[0,3,0,0,0,0,1,1,1,1]}},{"__type__":"cc.Node","_name":"icon","_parent":{"__id__":1},"_components":[{"__type__":"cc.Sprite","node":{"__id__":5},"_spriteFrame":{"__uuid__":"typdk415-c31b-4628-84b1-1ee4ca86a366"}}],"_prefab":{"__type__":"cc.PrefabInfo","root":{"__id__":1},"asset":{"__uuid__":"typdk67c-2f11-48ef-bae8-8eaddf82f29e"},"fileId":"c446eibgupKYL5ixzpd2Wut"},"_contentSize":{"__type__":"cc.Size","width":554,"height":131},"_trs":{"__type__":"TypedArray","ctor":"Float64Array","array":[0,307,0,0,0,0,1,1,1,1]}},{"__type__":"cc.Node","_name":"playerList","_parent":{"__id__":1},"_children":[{"__id__":7},{"__id__":34},{"__id__":61},{"__id__":88}],"_components":[{"__type__":"cc.Layout","node":{"__id__":6},"_layoutSize":{"__type__":"cc.Size","width":1090,"height":400},"_resize":1,"_N$layoutType":1,"_N$spacingX":10,"_N$spacingY":10}],"_prefab":{"__type__":"cc.PrefabInfo","root":{"__id__":1},"asset":{"__uuid__":"typdk67c-2f11-48ef-bae8-8eaddf82f29e"},"fileId":"fbac8r0zuFO/Kjnq5IQo4gx"},"_contentSize":{"__type__":"cc.Size","width":1090,"height":400},"_trs":{"__type__":"TypedArray","ctor":"Float64Array","array":[0,0,0,0,0,0,1,1,1,1]}},{"__type__":"cc.Node","_name":"player1","_parent":{"__id__":6},"_children":[{"__id__":8},{"__id__":16},{"__id__":17},{"__id__":18},{"__id__":19},{"__id__":20},{"__id__":21},{"__id__":22},{"__id__":23},{"__id__":24},{"__id__":25},{"__id__":26},{"__id__":27},{"__id__":28},{"__id__":29},{"__id__":30},{"__id__":31},{"__id__":32}],"_components":[{"__type__":"cc.Sprite","node":{"__id__":7},"_spriteFrame":{"__uuid__":"typdk869-55f8-49b8-a6e9-f4f506eb76b3"},"_type":1,"_sizeMode":0}],"_prefab":{"__type__":"cc.PrefabInfo","root":{"__id__":1},"asset":{"__uuid__":"typdk67c-2f11-48ef-bae8-8eaddf82f29e"},"fileId":"7a23csBiN9GQZl+Z1INkTV3"},"_contentSize":{"__type__":"cc.Size","width":265,"height":400},"_anchorPoint":{"__type__":"cc.Vec2","y":0.5},"_trs":{"__type__":"TypedArray","ctor":"Float64Array","array":[-545,0,0,0,0,0,1,1,1,1]}},{"__type__":"cc.Node","_name":"user_info","_parent":{"__id__":7},"_children":[{"__id__":9},{"__id__":10},{"__id__":11},{"__id__":12},{"__id__":13},{"__id__":14},{"__id__":15}],"_prefab":{"__type__":"cc.PrefabInfo","root":{"__id__":1},"asset":{"__uuid__":"typdk67c-2f11-48ef-bae8-8eaddf82f29e"},"fileId":"54054Rv4k5APZqKfwDockxG"},"_trs":{"__type__":"TypedArray","ctor":"Float64Array","array":[110,120,0,0,0,0,1,1,1,1]}},{"__type__":"cc.Node","_name":"head_img","_parent":{"__id__":8},"_components":[{"__type__":"cc.Sprite","node":{"__id__":9},"_spriteFrame":{"__uuid__":"typdkbd4-6d8e-4361-aae8-91caca6f2355"},"_sizeMode":0,"_isTrimmedMode":false},{"__type__":"typdk551-cdf7-4ff7-b9d1-ff119733cfed","node":{"__id__":9}}],"_prefab":{"__type__":"cc.PrefabInfo","root":{"__id__":1},"asset":{"__uuid__":"typdk67c-2f11-48ef-bae8-8eaddf82f29e"},"fileId":"f5326lex7tFH6dN0v028+t7"},"_contentSize":{"__type__":"cc.Size","width":60,"height":60},"_trs":{"__type__":"TypedArray","ctor":"Float64Array","array":[-67,43,0,0,0,0,1,1,1,1]}},{"__type__":"cc.Node","_name":"lable_name","_parent":{"__id__":8},"_components":[{"__type__":"cc.Label","node":{"__id__":10},"_useOriginalSize":false,"_string":"丸子科丸丸","_N$string":"丸子科丸丸","_fontSize":22,"_lineHeight":20,"_N$file":{"__uuid__":"typdk345-cbe0-4203-a8ca-8141b2e63f4f"},"_isSystemFontUsed":false,"_N$verticalAlign":1,"_N$overflow":2}],"_prefab":{"__type__":"cc.PrefabInfo","root":{"__id__":1},"asset":{"__uuid__":"typdk67c-2f11-48ef-bae8-8eaddf82f29e"},"fileId":"3ce2dqwKClEEJRk/Hq46sLZ"},"_color":{"__type__":"cc.Color","r":92,"g":129,"b":61},"_contentSize":{"__type__":"cc.Size","width":100,"height":20},"_anchorPoint":{"__type__":"cc.Vec2","y":0.5},"_trs":{"__type__":"TypedArray","ctor":"Float64Array","array":[5.600000000000001,58.4,0,0,0,0,1,1,1,1]}},{"__type__":"cc.Node","_name":"idbg","_parent":{"__id__":8},"_components":[{"__type__":"cc.Sprite","node":{"__id__":11},"_spriteFrame":{"__uuid__":"typdkea7-9c80-46e0-a129-cda93077c8a5"},"_sizeMode":0}],"_prefab":{"__type__":"cc.PrefabInfo","root":{"__id__":1},"asset":{"__uuid__":"typdk67c-2f11-48ef-bae8-8eaddf82f29e"},"fileId":"4eefbwNF2hPr426T775p1mA"},"_contentSize":{"__type__":"cc.Size","width":24,"height":24},"_trs":{"__type__":"TypedArray","ctor":"Float64Array","array":[-12.5,27.2,0,0,0,0,1,1,1,1]}},{"__type__":"cc.Node","_name":"label_id","_parent":{"__id__":8},"_components":[{"__type__":"cc.Label","node":{"__id__":12},"_useOriginalSize":false,"_string":"1422222","_N$string":"1422222","_fontSize":22,"_lineHeight":25,"_N$file":{"__uuid__":"typdk345-cbe0-4203-a8ca-8141b2e63f4f"},"_isSystemFontUsed":false,"_N$verticalAlign":1}],"_prefab":{"__type__":"cc.PrefabInfo","root":{"__id__":1},"asset":{"__uuid__":"typdk67c-2f11-48ef-bae8-8eaddf82f29e"},"fileId":"c6376gobORMvpQz0d4MMYU6"},"_color":{"__type__":"cc.Color","r":92,"g":129,"b":61},"_contentSize":{"__type__":"cc.Size","width":83.36,"height":25},"_anchorPoint":{"__type__":"cc.Vec2","y":0.5},"_trs":{"__type__":"TypedArray","ctor":"Float64Array","array":[2.5,27.2,0,0,0,0,1,1,1,1]}},{"__type__":"cc.Node","_name":"sex","_parent":{"__id__":8},"_components":[{"__type__":"cc.Sprite","node":{"__id__":13},"_spriteFrame":{"__uuid__":"typdk56a-3d89-43d8-a2e7-3ae017165070"},"_sizeMode":0}],"_prefab":{"__type__":"cc.PrefabInfo","root":{"__id__":1},"asset":{"__uuid__":"typdk67c-2f11-48ef-bae8-8eaddf82f29e"},"fileId":"eeb1035bmJNlIJIX6mupr0K"},"_contentSize":{"__type__":"cc.Size","width":24,"height":24},"_trs":{"__type__":"TypedArray","ctor":"Float64Array","array":[-12.4,58.4,0,0,0,0,1,1,1,1]}},{"__type__":"cc.Node","_name":"fangzhu","_parent":{"__id__":8},"_active":false,"_components":[{"__type__":"cc.Sprite","node":{"__id__":14},"_spriteFrame":{"__uuid__":"typdk046-20bb-48ac-a1a1-d001cb195e16"}}],"_prefab":{"__type__":"cc.PrefabInfo","root":{"__id__":1},"asset":{"__uuid__":"typdk67c-2f11-48ef-bae8-8eaddf82f29e"},"fileId":"2639dRjA5xONbWnd1YOlfiK"},"_contentSize":{"__type__":"cc.Size","width":34,"height":35},"_trs":{"__type__":"TypedArray","ctor":"Float64Array","array":[-54,30,0,0,0,0,1,1,1,1]}},{"__type__":"cc.Node","_name":"zhuangjia","_parent":{"__id__":8},"_active":false,"_components":[{"__type__":"cc.Sprite","node":{"__id__":15},"_spriteFrame":{"__uuid__":"typdk19c-886a-4448-bf05-541e441146db"}}],"_prefab":{"__type__":"cc.PrefabInfo","root":{"__id__":1},"asset":{"__uuid__":"typdk67c-2f11-48ef-bae8-8eaddf82f29e"},"fileId":"d9807KjrapNW6JGz9mCKPRY"},"_contentSize":{"__type__":"cc.Size","width":48,"height":48},"_trs":{"__type__":"TypedArray","ctor":"Float64Array","array":[-93,68,0,0,0,0,1,0.5,0.5,1]}},{"__type__":"cc.Node","_name":"lb_lose_num","_parent":{"__id__":7},"_components":[{"__type__":"cc.Label","node":{"__id__":16},"_useOriginalSize":false,"_string":"-1000","_N$string":"-1000","_lineHeight":50,"_N$file":{"__uuid__":"typdkae1-1fcc-4f97-9dda-744c8b4ebf16"},"_isSystemFontUsed":false,"_N$horizontalAlign":1,"_N$verticalAlign":1}],"_prefab":{"__type__":"cc.PrefabInfo","root":{"__id__":1},"asset":{"__uuid__":"typdk67c-2f11-48ef-bae8-8eaddf82f29e"},"fileId":"018b6x8+TRCyp1ljUzPEChB"},"_contentSize":{"__type__":"cc.Size","width":146.25,"height":62.5},"_trs":{"__type__":"TypedArray","ctor":"Float64Array","array":[183,-133,0,0,0,0,1,0.74,0.7,1]}},{"__type__":"cc.Node","_name":"lb_win_num","_parent":{"__id__":7},"_components":[{"__type__":"cc.Label","node":{"__id__":17},"_useOriginalSize":false,"_string":"+1000","_N$string":"+1000","_lineHeight":50,"_N$file":{"__uuid__":"typdkd91-d2f3-4442-8b24-84fcfad4c139"},"_isSystemFontUsed":false,"_N$horizontalAlign":1,"_N$verticalAlign":1}],"_prefab":{"__type__":"cc.PrefabInfo","root":{"__id__":1},"asset":{"__uuid__":"typdk67c-2f11-48ef-bae8-8eaddf82f29e"},"fileId":"05e9axdoCxJRYgXMQLkJOHR"},"_contentSize":{"__type__":"cc.Size","width":157.5,"height":62.5},"_trs":{"__type__":"TypedArray","ctor":"Float64Array","array":[177,-133,0,0,0,0,1,0.7,0.7,1]}},{"__type__":"cc.Node","_name":"lb_beiShu","_parent":{"__id__":7},"_components":[{"__type__":"cc.Label","node":{"__id__":18},"_useOriginalSize":false,"_string":"10","_N$string":"10","_fontSize":24,"_N$file":{"__uuid__":"typdk345-cbe0-4203-a8ca-8141b2e63f4f"},"_isSystemFontUsed":false,"_N$horizontalAlign":1,"_N$verticalAlign":1}],"_prefab":{"__type__":"cc.PrefabInfo","root":{"__id__":1},"asset":{"__uuid__":"typdk67c-2f11-48ef-bae8-8eaddf82f29e"},"fileId":"8e398i9LwhHZaBBxGOzdJ5+"},"_color":{"__type__":"cc.Color","r":181,"g":104,"b":48},"_contentSize":{"__type__":"cc.Size","width":22.5,"height":40},"_anchorPoint":{"__type__":"cc.Vec2","y":0.5},"_trs":{"__type__":"TypedArray","ctor":"Float64Array","array":[170,100,0,0,0,0,1,1,1,1]}},{"__type__":"cc.Node","_name":"icon_win","_parent":{"__id__":7},"_components":[{"__type__":"cc.Sprite","node":{"__id__":19},"_spriteFrame":{"__uuid__":"typdk1bb-beb8-4986-b3a7-38d160ccba6a"}}],"_prefab":{"__type__":"cc.PrefabInfo","root":{"__id__":1},"asset":{"__uuid__":"typdk67c-2f11-48ef-bae8-8eaddf82f29e"},"fileId":"1ee00zbQ2JGyLhWchyH8wah"},"_contentSize":{"__type__":"cc.Size","width":50,"height":92},"_trs":{"__type__":"TypedArray","ctor":"Float64Array","array":[239,153,0,0,0,0,1,1,1,1]}},{"__type__":"cc.Node","_name":"New Label","_parent":{"__id__":7},"_components":[{"__type__":"cc.Label","node":{"__id__":20},"_useOriginalSize":false,"_string":"炸弹数:","_N$string":"炸弹数:","_fontSize":24,"_lineHeight":35,"_N$file":{"__uuid__":"typdk345-cbe0-4203-a8ca-8141b2e63f4f"},"_isSystemFontUsed":false,"_N$horizontalAlign":1,"_N$verticalAlign":1}],"_prefab":{"__type__":"cc.PrefabInfo","root":{"__id__":1},"asset":{"__uuid__":"typdk67c-2f11-48ef-bae8-8eaddf82f29e"},"fileId":"555c2ZkrAFN9Z/SFStIIl+5"},"_color":{"__type__":"cc.Color","r":92,"g":129,"b":61},"_contentSize":{"__type__":"cc.Size","width":78.38,"height":35},"_anchorPoint":{"__type__":"cc.Vec2","y":0.5},"_trs":{"__type__":"TypedArray","ctor":"Float64Array","array":[20,100,0,0,0,0,1,1,1,1]}},{"__type__":"cc.Node","_name":"New Label","_parent":{"__id__":7},"_components":[{"__type__":"cc.Label","node":{"__id__":21},"_useOriginalSize":false,"_string":"总分数:","_N$string":"总分数:","_fontSize":24,"_lineHeight":35,"_N$file":{"__uuid__":"typdk345-cbe0-4203-a8ca-8141b2e63f4f"},"_isSystemFontUsed":false,"_N$horizontalAlign":1,"_N$verticalAlign":1}],"_prefab":{"__type__":"cc.PrefabInfo","root":{"__id__":1},"asset":{"__uuid__":"typdk67c-2f11-48ef-bae8-8eaddf82f29e"},"fileId":"edf41qZ4xxAAr8eBJfbKKRG"},"_color":{"__type__":"cc.Color","r":92,"g":129,"b":61},"_contentSize":{"__type__":"cc.Size","width":78.38,"height":35},"_trs":{"__type__":"TypedArray","ctor":"Float64Array","array":[64,-134,0,0,0,0,1,1,1,1]}},{"__type__":"cc.Node","_name":"lb_last2","_parent":{"__id__":7},"_active":false,"_components":[{"__type__":"cc.Label","node":{"__id__":22},"_useOriginalSize":false,"_string":"剩余牌数:","_N$string":"剩余牌数:","_fontSize":24,"_lineHeight":35,"_N$file":{"__uuid__":"typdk345-cbe0-4203-a8ca-8141b2e63f4f"},"_isSystemFontUsed":false,"_N$horizontalAlign":1,"_N$verticalAlign":1}],"_prefab":{"__type__":"cc.PrefabInfo","root":{"__id__":1},"asset":{"__uuid__":"typdk67c-2f11-48ef-bae8-8eaddf82f29e"},"fileId":"1ddb8AstnlMe5Y4QdaHak4p"},"_color":{"__type__":"cc.Color","r":92,"g":129,"b":61},"_contentSize":{"__type__":"cc.Size","width":102.38,"height":35},"_anchorPoint":{"__type__":"cc.Vec2","y":0.5},"_trs":{"__type__":"TypedArray","ctor":"Float64Array","array":[20,20,0,0,0,0,1,1,1,1]}},{"__type__":"cc.Node","_name":"lb_last1","_parent":{"__id__":7},"_components":[{"__type__":"cc.Label","node":{"__id__":23},"_useOriginalSize":false,"_string":"剩余牌数:","_N$string":"剩余牌数:","_fontSize":24,"_lineHeight":35,"_N$file":{"__uuid__":"typdk345-cbe0-4203-a8ca-8141b2e63f4f"},"_isSystemFontUsed":false,"_N$horizontalAlign":1,"_N$verticalAlign":1}],"_prefab":{"__type__":"cc.PrefabInfo","root":{"__id__":1},"asset":{"__uuid__":"typdk67c-2f11-48ef-bae8-8eaddf82f29e"},"fileId":"71a63kZeYhFXKmnKa31Njxz"},"_color":{"__type__":"cc.Color","r":92,"g":129,"b":61},"_contentSize":{"__type__":"cc.Size","width":102.38,"height":35},"_anchorPoint":{"__type__":"cc.Vec2","y":0.5},"_trs":{"__type__":"TypedArray","ctor":"Float64Array","array":[20,60,0,0,0,0,1,1,1,1]}},{"__type__":"cc.Node","_name":"lb_last3","_parent":{"__id__":7},"_active":false,"_components":[{"__type__":"cc.Label","node":{"__id__":24},"_useOriginalSize":false,"_string":"剩余牌数:","_N$string":"剩余牌数:","_fontSize":24,"_lineHeight":35,"_N$file":{"__uuid__":"typdk345-cbe0-4203-a8ca-8141b2e63f4f"},"_isSystemFontUsed":false,"_N$horizontalAlign":1,"_N$verticalAlign":1}],"_prefab":{"__type__":"cc.PrefabInfo","root":{"__id__":1},"asset":{"__uuid__":"typdk67c-2f11-48ef-bae8-8eaddf82f29e"},"fileId":"4e187zsyEhAv6MTGA5EzQhs"},"_color":{"__type__":"cc.Color","r":92,"g":129,"b":61},"_contentSize":{"__type__":"cc.Size","width":102.38,"height":35},"_anchorPoint":{"__type__":"cc.Vec2","y":0.5},"_trs":{"__type__":"TypedArray","ctor":"Float64Array","array":[20,-20,0,0,0,0,1,1,1,1]}},{"__type__":"cc.Node","_name":"lb_cardNum1","_parent":{"__id__":7},"_components":[{"__type__":"cc.Label","node":{"__id__":25},"_useOriginalSize":false,"_string":"10","_N$string":"10","_fontSize":24,"_N$file":{"__uuid__":"typdk345-cbe0-4203-a8ca-8141b2e63f4f"},"_isSystemFontUsed":false,"_N$horizontalAlign":1,"_N$verticalAlign":1}],"_prefab":{"__type__":"cc.PrefabInfo","root":{"__id__":1},"asset":{"__uuid__":"typdk67c-2f11-48ef-bae8-8eaddf82f29e"},"fileId":"dfe39ZTUzdDsYHhlrGn8iWk"},"_color":{"__type__":"cc.Color","r":181,"g":104,"b":48},"_contentSize":{"__type__":"cc.Size","width":22.5,"height":40},"_anchorPoint":{"__type__":"cc.Vec2","y":0.5},"_trs":{"__type__":"TypedArray","ctor":"Float64Array","array":[170,60,0,0,0,0,1,1,1,1]}},{"__type__":"cc.Node","_name":"lb_cardNum2","_parent":{"__id__":7},"_active":false,"_components":[{"__type__":"cc.Label","node":{"__id__":26},"_useOriginalSize":false,"_string":"10","_N$string":"10","_fontSize":24,"_N$file":{"__uuid__":"typdk345-cbe0-4203-a8ca-8141b2e63f4f"},"_isSystemFontUsed":false,"_N$horizontalAlign":1,"_N$verticalAlign":1}],"_prefab":{"__type__":"cc.PrefabInfo","root":{"__id__":1},"asset":{"__uuid__":"typdk67c-2f11-48ef-bae8-8eaddf82f29e"},"fileId":"842ba8HKtVMFY/PpY3KeuO6"},"_color":{"__type__":"cc.Color","r":181,"g":104,"b":48},"_contentSize":{"__type__":"cc.Size","width":22.5,"height":40},"_anchorPoint":{"__type__":"cc.Vec2","y":0.5},"_trs":{"__type__":"TypedArray","ctor":"Float64Array","array":[170,20,0,0,0,0,1,1,1,1]}},{"__type__":"cc.Node","_name":"lb_cardNum3","_parent":{"__id__":7},"_active":false,"_components":[{"__type__":"cc.Label","node":{"__id__":27},"_useOriginalSize":false,"_string":"10","_N$string":"10","_fontSize":24,"_N$file":{"__uuid__":"typdk345-cbe0-4203-a8ca-8141b2e63f4f"},"_isSystemFontUsed":false,"_N$horizontalAlign":1,"_N$verticalAlign":1}],"_prefab":{"__type__":"cc.PrefabInfo","root":{"__id__":1},"asset":{"__uuid__":"typdk67c-2f11-48ef-bae8-8eaddf82f29e"},"fileId":"f20960o/cxJhYs9m7t8pUsY"},"_color":{"__type__":"cc.Color","r":181,"g":104,"b":48},"_contentSize":{"__type__":"cc.Size","width":22.5,"height":40},"_anchorPoint":{"__type__":"cc.Vec2","y":0.5},"_trs":{"__type__":"TypedArray","ctor":"Float64Array","array":[170,-20,0,0,0,0,1,1,1,1]}},{"__type__":"cc.Node","_name":"icon_bfgm","_parent":{"__id__":7},"_components":[{"__type__":"cc.Sprite","node":{"__id__":28},"_spriteFrame":{"__uuid__":"typdk27d-7c06-4ec5-9f1c-aa8de77f9ffa"}}],"_prefab":{"__type__":"cc.PrefabInfo","root":{"__id__":1},"asset":{"__uuid__":"typdk67c-2f11-48ef-bae8-8eaddf82f29e"},"fileId":"ffa08THCVdAgb7tFmXEGIXZ"},"_contentSize":{"__type__":"cc.Size","width":141,"height":49},"_trs":{"__type__":"TypedArray","ctor":"Float64Array","array":[75,-84,0,0,0,0,1,1,1,1]}},{"__type__":"cc.Node","_name":"icon_bgm","_parent":{"__id__":7},"_components":[{"__type__":"cc.Sprite","node":{"__id__":29},"_spriteFrame":{"__uuid__":"typdkcd6-b2b1-4f65-be20-52a6f5a0f30f"}}],"_prefab":{"__type__":"cc.PrefabInfo","root":{"__id__":1},"asset":{"__uuid__":"typdk67c-2f11-48ef-bae8-8eaddf82f29e"},"fileId":"931a0n26KFIfZa6NJJ7VjnE"},"_contentSize":{"__type__":"cc.Size","width":113,"height":49},"_trs":{"__type__":"TypedArray","ctor":"Float64Array","array":[60,-84,0,0,0,0,1,1,1,1]}},{"__type__":"cc.Node","_name":"icon_qgm_win","_parent":{"__id__":7},"_components":[{"__type__":"cc.Sprite","node":{"__id__":30},"_spriteFrame":{"__uuid__":"typdk371-22fc-46be-b66b-e485a7d942be"}}],"_prefab":{"__type__":"cc.PrefabInfo","root":{"__id__":1},"asset":{"__uuid__":"typdk67c-2f11-48ef-bae8-8eaddf82f29e"},"fileId":"c8326FPl8tAiIYAQyLWZDZl"},"_contentSize":{"__type__":"cc.Size","width":179,"height":49},"_trs":{"__type__":"TypedArray","ctor":"Float64Array","array":[94,-28,0,0,0,0,1,1,1,1]}},{"__type__":"cc.Node","_name":"icon_qgm_lose","_parent":{"__id__":7},"_components":[{"__type__":"cc.Sprite","node":{"__id__":31},"_spriteFrame":{"__uuid__":"typdk6f2-cb79-45e5-bf82-9620fc319c4a"}}],"_prefab":{"__type__":"cc.PrefabInfo","root":{"__id__":1},"asset":{"__uuid__":"typdk67c-2f11-48ef-bae8-8eaddf82f29e"},"fileId":"51e4duC2kxK2aOrFFBV2fKU"},"_contentSize":{"__type__":"cc.Size","width":179,"height":49},"_trs":{"__type__":"TypedArray","ctor":"Float64Array","array":[94,-28,0,0,0,0,1,1,1,1]}},{"__type__":"cc.Node","_name":"lb_sportsPoint","_parent":{"__id__":7},"_children":[{"__id__":33}],"_components":[{"__type__":"cc.Label","node":{"__id__":32},"_useOriginalSize":false,"_string":"+1000","_N$string":"+1000","_lineHeight":50,"_N$file":{"__uuid__":"typdk345-cbe0-4203-a8ca-8141b2e63f4f"},"_isSystemFontUsed":false,"_N$verticalAlign":1}],"_prefab":{"__type__":"cc.PrefabInfo","root":{"__id__":1},"asset":{"__uuid__":"typdk67c-2f11-48ef-bae8-8eaddf82f29e"},"fileId":"20Jno+MJBGgYbFYkyWL0vu"},"_contentSize":{"__type__":"cc.Size","width":107.03,"height":50},"_anchorPoint":{"__type__":"cc.Vec2","y":0.5},"_trs":{"__type__":"TypedArray","ctor":"Float64Array","array":[121,-174,0,0,0,0,1,0.7,0.7,1]}},{"__type__":"cc.Node","_name":"New Label","_parent":{"__id__":32},"_components":[{"__type__":"cc.Label","node":{"__id__":33},"_useOriginalSize":false,"_string":"比赛分:","_N$string":"比赛分:","_fontSize":24,"_lineHeight":35,"_N$file":{"__uuid__":"typdk345-cbe0-4203-a8ca-8141b2e63f4f"},"_isSystemFontUsed":false,"_N$horizontalAlign":1,"_N$verticalAlign":1}],"_prefab":{"__type__":"cc.PrefabInfo","root":{"__id__":1},"asset":{"__uuid__":"typdk67c-2f11-48ef-bae8-8eaddf82f29e"},"fileId":"d893omj+NLka7U3WQOy6hu"},"_color":{"__type__":"cc.Color","r":92,"g":129,"b":61},"_contentSize":{"__type__":"cc.Size","width":78.38,"height":35},"_trs":{"__type__":"TypedArray","ctor":"Float64Array","array":[-81.4285714,-1.4285714,0,0,0,0,1,1.4285714,1.4285714,1]}},{"__type__":"cc.Node","_name":"player2","_parent":{"__id__":6},"_children":[{"__id__":35},{"__id__":43},{"__id__":44},{"__id__":45},{"__id__":46},{"__id__":47},{"__id__":48},{"__id__":49},{"__id__":50},{"__id__":51},{"__id__":52},{"__id__":53},{"__id__":54},{"__id__":55},{"__id__":56},{"__id__":57},{"__id__":58},{"__id__":59}],"_components":[{"__type__":"cc.Sprite","node":{"__id__":34},"_spriteFrame":{"__uuid__":"typdk869-55f8-49b8-a6e9-f4f506eb76b3"},"_type":1,"_sizeMode":0}],"_prefab":{"__type__":"cc.PrefabInfo","root":{"__id__":1},"asset":{"__uuid__":"typdk67c-2f11-48ef-bae8-8eaddf82f29e"},"fileId":"15dG15islG9JwL0m03apwy"},"_contentSize":{"__type__":"cc.Size","width":265,"height":400},"_anchorPoint":{"__type__":"cc.Vec2","y":0.5},"_trs":{"__type__":"TypedArray","ctor":"Float64Array","array":[-270,0,0,0,0,0,1,1,1,1]}},{"__type__":"cc.Node","_name":"user_info","_parent":{"__id__":34},"_children":[{"__id__":36},{"__id__":37},{"__id__":38},{"__id__":39},{"__id__":40},{"__id__":41},{"__id__":42}],"_prefab":{"__type__":"cc.PrefabInfo","root":{"__id__":1},"asset":{"__uuid__":"typdk67c-2f11-48ef-bae8-8eaddf82f29e"},"fileId":"41+0T/b7ZD+4LhUEJKNnCx"},"_trs":{"__type__":"TypedArray","ctor":"Float64Array","array":[110,120,0,0,0,0,1,1,1,1]}},{"__type__":"cc.Node","_name":"head_img","_parent":{"__id__":35},"_components":[{"__type__":"cc.Sprite","node":{"__id__":36},"_spriteFrame":{"__uuid__":"typdkbd4-6d8e-4361-aae8-91caca6f2355"},"_sizeMode":0,"_isTrimmedMode":false},{"__type__":"typdk551-cdf7-4ff7-b9d1-ff119733cfed","node":{"__id__":36}}],"_prefab":{"__type__":"cc.PrefabInfo","root":{"__id__":1},"asset":{"__uuid__":"typdk67c-2f11-48ef-bae8-8eaddf82f29e"},"fileId":"c6NaUZGvBMOa0UtUZf/vhG"},"_contentSize":{"__type__":"cc.Size","width":60,"height":60},"_trs":{"__type__":"TypedArray","ctor":"Float64Array","array":[-67,43,0,0,0,0,1,1,1,1]}},{"__type__":"cc.Node","_name":"lable_name","_parent":{"__id__":35},"_components":[{"__type__":"cc.Label","node":{"__id__":37},"_useOriginalSize":false,"_string":"丸子科丸丸","_N$string":"丸子科丸丸","_fontSize":22,"_lineHeight":20,"_N$file":{"__uuid__":"typdk345-cbe0-4203-a8ca-8141b2e63f4f"},"_isSystemFontUsed":false,"_N$verticalAlign":1,"_N$overflow":2}],"_prefab":{"__type__":"cc.PrefabInfo","root":{"__id__":1},"asset":{"__uuid__":"typdk67c-2f11-48ef-bae8-8eaddf82f29e"},"fileId":"99As5XrsFBG4jJMZApUBhL"},"_color":{"__type__":"cc.Color","r":92,"g":129,"b":61},"_contentSize":{"__type__":"cc.Size","width":100,"height":20},"_anchorPoint":{"__type__":"cc.Vec2","y":0.5},"_trs":{"__type__":"TypedArray","ctor":"Float64Array","array":[5.600000000000001,58.4,0,0,0,0,1,1,1,1]}},{"__type__":"cc.Node","_name":"idbg","_parent":{"__id__":35},"_components":[{"__type__":"cc.Sprite","node":{"__id__":38},"_spriteFrame":{"__uuid__":"typdkea7-9c80-46e0-a129-cda93077c8a5"},"_sizeMode":0}],"_prefab":{"__type__":"cc.PrefabInfo","root":{"__id__":1},"asset":{"__uuid__":"typdk67c-2f11-48ef-bae8-8eaddf82f29e"},"fileId":"152XLy3btKSKKPhIsUQyO9"},"_contentSize":{"__type__":"cc.Size","width":24,"height":24},"_trs":{"__type__":"TypedArray","ctor":"Float64Array","array":[-12.5,27.2,0,0,0,0,1,1,1,1]}},{"__type__":"cc.Node","_name":"label_id","_parent":{"__id__":35},"_components":[{"__type__":"cc.Label","node":{"__id__":39},"_useOriginalSize":false,"_string":"1422222","_N$string":"1422222","_fontSize":22,"_lineHeight":25,"_N$file":{"__uuid__":"typdk345-cbe0-4203-a8ca-8141b2e63f4f"},"_isSystemFontUsed":false,"_N$verticalAlign":1}],"_prefab":{"__type__":"cc.PrefabInfo","root":{"__id__":1},"asset":{"__uuid__":"typdk67c-2f11-48ef-bae8-8eaddf82f29e"},"fileId":"63kTZfhkRNj6x0EipbEtuA"},"_color":{"__type__":"cc.Color","r":92,"g":129,"b":61},"_contentSize":{"__type__":"cc.Size","width":83.36,"height":25},"_anchorPoint":{"__type__":"cc.Vec2","y":0.5},"_trs":{"__type__":"TypedArray","ctor":"Float64Array","array":[2.5,27.2,0,0,0,0,1,1,1,1]}},{"__type__":"cc.Node","_name":"sex","_parent":{"__id__":35},"_components":[{"__type__":"cc.Sprite","node":{"__id__":40},"_spriteFrame":{"__uuid__":"typdk56a-3d89-43d8-a2e7-3ae017165070"},"_sizeMode":0}],"_prefab":{"__type__":"cc.PrefabInfo","root":{"__id__":1},"asset":{"__uuid__":"typdk67c-2f11-48ef-bae8-8eaddf82f29e"},"fileId":"8cPMEM4ZRBdayrEf9dxHSP"},"_contentSize":{"__type__":"cc.Size","width":24,"height":24},"_trs":{"__type__":"TypedArray","ctor":"Float64Array","array":[-12.4,58.4,0,0,0,0,1,1,1,1]}},{"__type__":"cc.Node","_name":"fangzhu","_parent":{"__id__":35},"_active":false,"_components":[{"__type__":"cc.Sprite","node":{"__id__":41},"_spriteFrame":{"__uuid__":"typdk046-20bb-48ac-a1a1-d001cb195e16"}}],"_prefab":{"__type__":"cc.PrefabInfo","root":{"__id__":1},"asset":{"__uuid__":"typdk67c-2f11-48ef-bae8-8eaddf82f29e"},"fileId":"4d66RnlN5EHZhMaMdrSKsg"},"_contentSize":{"__type__":"cc.Size","width":34,"height":35},"_trs":{"__type__":"TypedArray","ctor":"Float64Array","array":[-54,30,0,0,0,0,1,1,1,1]}},{"__type__":"cc.Node","_name":"zhuangjia","_parent":{"__id__":35},"_active":false,"_components":[{"__type__":"cc.Sprite","node":{"__id__":42},"_spriteFrame":{"__uuid__":"typdk19c-886a-4448-bf05-541e441146db"}}],"_prefab":{"__type__":"cc.PrefabInfo","root":{"__id__":1},"asset":{"__uuid__":"typdk67c-2f11-48ef-bae8-8eaddf82f29e"},"fileId":"935N9DX5pOBr1cqVuJsS8p"},"_contentSize":{"__type__":"cc.Size","width":48,"height":48},"_trs":{"__type__":"TypedArray","ctor":"Float64Array","array":[-93,68,0,0,0,0,1,0.5,0.5,1]}},{"__type__":"cc.Node","_name":"lb_lose_num","_parent":{"__id__":34},"_components":[{"__type__":"cc.Label","node":{"__id__":43},"_useOriginalSize":false,"_string":"-1000","_N$string":"-1000","_lineHeight":50,"_N$file":{"__uuid__":"typdkae1-1fcc-4f97-9dda-744c8b4ebf16"},"_isSystemFontUsed":false,"_N$horizontalAlign":1,"_N$verticalAlign":1}],"_prefab":{"__type__":"cc.PrefabInfo","root":{"__id__":1},"asset":{"__uuid__":"typdk67c-2f11-48ef-bae8-8eaddf82f29e"},"fileId":"61u1GIv45EQJ1R+7+qGmYF"},"_contentSize":{"__type__":"cc.Size","width":146.25,"height":62.5},"_trs":{"__type__":"TypedArray","ctor":"Float64Array","array":[183,-133,0,0,0,0,1,0.74,0.7,1]}},{"__type__":"cc.Node","_name":"lb_win_num","_parent":{"__id__":34},"_components":[{"__type__":"cc.Label","node":{"__id__":44},"_useOriginalSize":false,"_string":"+1000","_N$string":"+1000","_lineHeight":50,"_N$file":{"__uuid__":"typdkd91-d2f3-4442-8b24-84fcfad4c139"},"_isSystemFontUsed":false,"_N$horizontalAlign":1,"_N$verticalAlign":1}],"_prefab":{"__type__":"cc.PrefabInfo","root":{"__id__":1},"asset":{"__uuid__":"typdk67c-2f11-48ef-bae8-8eaddf82f29e"},"fileId":"2d7qcDVjNK0bUaS8xtIAz6"},"_contentSize":{"__type__":"cc.Size","width":157.5,"height":62.5},"_trs":{"__type__":"TypedArray","ctor":"Float64Array","array":[177,-133,0,0,0,0,1,0.7,0.7,1]}},{"__type__":"cc.Node","_name":"lb_beiShu","_parent":{"__id__":34},"_components":[{"__type__":"cc.Label","node":{"__id__":45},"_useOriginalSize":false,"_string":"10","_N$string":"10","_fontSize":24,"_N$file":{"__uuid__":"typdk345-cbe0-4203-a8ca-8141b2e63f4f"},"_isSystemFontUsed":false,"_N$horizontalAlign":1,"_N$verticalAlign":1}],"_prefab":{"__type__":"cc.PrefabInfo","root":{"__id__":1},"asset":{"__uuid__":"typdk67c-2f11-48ef-bae8-8eaddf82f29e"},"fileId":"fcdZcDPElIwqgvT1ueUeKX"},"_color":{"__type__":"cc.Color","r":181,"g":104,"b":48},"_contentSize":{"__type__":"cc.Size","width":22.5,"height":40},"_anchorPoint":{"__type__":"cc.Vec2","y":0.5},"_trs":{"__type__":"TypedArray","ctor":"Float64Array","array":[170,100,0,0,0,0,1,1,1,1]}},{"__type__":"cc.Node","_name":"icon_win","_parent":{"__id__":34},"_components":[{"__type__":"cc.Sprite","node":{"__id__":46},"_spriteFrame":{"__uuid__":"typdk1bb-beb8-4986-b3a7-38d160ccba6a"}}],"_prefab":{"__type__":"cc.PrefabInfo","root":{"__id__":1},"asset":{"__uuid__":"typdk67c-2f11-48ef-bae8-8eaddf82f29e"},"fileId":"d4bLaEkvVCiYlzOBoW/5oM"},"_contentSize":{"__type__":"cc.Size","width":50,"height":92},"_trs":{"__type__":"TypedArray","ctor":"Float64Array","array":[239,153,0,0,0,0,1,1,1,1]}},{"__type__":"cc.Node","_name":"New Label","_parent":{"__id__":34},"_components":[{"__type__":"cc.Label","node":{"__id__":47},"_useOriginalSize":false,"_string":"炸弹数:","_N$string":"炸弹数:","_fontSize":24,"_lineHeight":35,"_N$file":{"__uuid__":"typdk345-cbe0-4203-a8ca-8141b2e63f4f"},"_isSystemFontUsed":false,"_N$horizontalAlign":1,"_N$verticalAlign":1}],"_prefab":{"__type__":"cc.PrefabInfo","root":{"__id__":1},"asset":{"__uuid__":"typdk67c-2f11-48ef-bae8-8eaddf82f29e"},"fileId":"72QvZTz5BF2ITVrl4bMzz2"},"_color":{"__type__":"cc.Color","r":92,"g":129,"b":61},"_contentSize":{"__type__":"cc.Size","width":78.38,"height":35},"_anchorPoint":{"__type__":"cc.Vec2","y":0.5},"_trs":{"__type__":"TypedArray","ctor":"Float64Array","array":[20,100,0,0,0,0,1,1,1,1]}},{"__type__":"cc.Node","_name":"New Label","_parent":{"__id__":34},"_components":[{"__type__":"cc.Label","node":{"__id__":48},"_useOriginalSize":false,"_string":"总分数:","_N$string":"总分数:","_fontSize":24,"_lineHeight":35,"_N$file":{"__uuid__":"typdk345-cbe0-4203-a8ca-8141b2e63f4f"},"_isSystemFontUsed":false,"_N$horizontalAlign":1,"_N$verticalAlign":1}],"_prefab":{"__type__":"cc.PrefabInfo","root":{"__id__":1},"asset":{"__uuid__":"typdk67c-2f11-48ef-bae8-8eaddf82f29e"},"fileId":"b6yY82F71JBp/832IP3w5X"},"_color":{"__type__":"cc.Color","r":92,"g":129,"b":61},"_contentSize":{"__type__":"cc.Size","width":78.38,"height":35},"_trs":{"__type__":"TypedArray","ctor":"Float64Array","array":[64,-134,0,0,0,0,1,1,1,1]}},{"__type__":"cc.Node","_name":"lb_last2","_parent":{"__id__":34},"_active":false,"_components":[{"__type__":"cc.Label","node":{"__id__":49},"_useOriginalSize":false,"_string":"剩余牌数:","_N$string":"剩余牌数:","_fontSize":24,"_lineHeight":35,"_N$file":{"__uuid__":"typdk345-cbe0-4203-a8ca-8141b2e63f4f"},"_isSystemFontUsed":false,"_N$horizontalAlign":1,"_N$verticalAlign":1}],"_prefab":{"__type__":"cc.PrefabInfo","root":{"__id__":1},"asset":{"__uuid__":"typdk67c-2f11-48ef-bae8-8eaddf82f29e"},"fileId":"73LIR1SjdMIIfBKKfTNrvt"},"_color":{"__type__":"cc.Color","r":92,"g":129,"b":61},"_contentSize":{"__type__":"cc.Size","width":102.38,"height":35},"_anchorPoint":{"__type__":"cc.Vec2","y":0.5},"_trs":{"__type__":"TypedArray","ctor":"Float64Array","array":[20,20,0,0,0,0,1,1,1,1]}},{"__type__":"cc.Node","_name":"lb_last1","_parent":{"__id__":34},"_components":[{"__type__":"cc.Label","node":{"__id__":50},"_useOriginalSize":false,"_string":"剩余牌数:","_N$string":"剩余牌数:","_fontSize":24,"_lineHeight":35,"_N$file":{"__uuid__":"typdk345-cbe0-4203-a8ca-8141b2e63f4f"},"_isSystemFontUsed":false,"_N$horizontalAlign":1,"_N$verticalAlign":1}],"_prefab":{"__type__":"cc.PrefabInfo","root":{"__id__":1},"asset":{"__uuid__":"typdk67c-2f11-48ef-bae8-8eaddf82f29e"},"fileId":"edc1tLvH5LPJhnAbo2HSTS"},"_color":{"__type__":"cc.Color","r":92,"g":129,"b":61},"_contentSize":{"__type__":"cc.Size","width":102.38,"height":35},"_anchorPoint":{"__type__":"cc.Vec2","y":0.5},"_trs":{"__type__":"TypedArray","ctor":"Float64Array","array":[20,60,0,0,0,0,1,1,1,1]}},{"__type__":"cc.Node","_name":"lb_last3","_parent":{"__id__":34},"_active":false,"_components":[{"__type__":"cc.Label","node":{"__id__":51},"_useOriginalSize":false,"_string":"剩余牌数:","_N$string":"剩余牌数:","_fontSize":24,"_lineHeight":35,"_N$file":{"__uuid__":"typdk345-cbe0-4203-a8ca-8141b2e63f4f"},"_isSystemFontUsed":false,"_N$horizontalAlign":1,"_N$verticalAlign":1}],"_prefab":{"__type__":"cc.PrefabInfo","root":{"__id__":1},"asset":{"__uuid__":"typdk67c-2f11-48ef-bae8-8eaddf82f29e"},"fileId":"36up8V4mNMyaEIlkJvuMJj"},"_color":{"__type__":"cc.Color","r":92,"g":129,"b":61},"_contentSize":{"__type__":"cc.Size","width":102.38,"height":35},"_anchorPoint":{"__type__":"cc.Vec2","y":0.5},"_trs":{"__type__":"TypedArray","ctor":"Float64Array","array":[20,-20,0,0,0,0,1,1,1,1]}},{"__type__":"cc.Node","_name":"lb_cardNum1","_parent":{"__id__":34},"_components":[{"__type__":"cc.Label","node":{"__id__":52},"_useOriginalSize":false,"_string":"10","_N$string":"10","_fontSize":24,"_N$file":{"__uuid__":"typdk345-cbe0-4203-a8ca-8141b2e63f4f"},"_isSystemFontUsed":false,"_N$horizontalAlign":1,"_N$verticalAlign":1}],"_prefab":{"__type__":"cc.PrefabInfo","root":{"__id__":1},"asset":{"__uuid__":"typdk67c-2f11-48ef-bae8-8eaddf82f29e"},"fileId":"63zttSoB1NMbvxY1CbeINV"},"_color":{"__type__":"cc.Color","r":181,"g":104,"b":48},"_contentSize":{"__type__":"cc.Size","width":22.5,"height":40},"_anchorPoint":{"__type__":"cc.Vec2","y":0.5},"_trs":{"__type__":"TypedArray","ctor":"Float64Array","array":[170,60,0,0,0,0,1,1,1,1]}},{"__type__":"cc.Node","_name":"lb_cardNum2","_parent":{"__id__":34},"_active":false,"_components":[{"__type__":"cc.Label","node":{"__id__":53},"_useOriginalSize":false,"_string":"10","_N$string":"10","_fontSize":24,"_N$file":{"__uuid__":"typdk345-cbe0-4203-a8ca-8141b2e63f4f"},"_isSystemFontUsed":false,"_N$horizontalAlign":1,"_N$verticalAlign":1}],"_prefab":{"__type__":"cc.PrefabInfo","root":{"__id__":1},"asset":{"__uuid__":"typdk67c-2f11-48ef-bae8-8eaddf82f29e"},"fileId":"dejn+/Rd1AsIy+t/AMHIWc"},"_color":{"__type__":"cc.Color","r":181,"g":104,"b":48},"_contentSize":{"__type__":"cc.Size","width":22.5,"height":40},"_anchorPoint":{"__type__":"cc.Vec2","y":0.5},"_trs":{"__type__":"TypedArray","ctor":"Float64Array","array":[170,20,0,0,0,0,1,1,1,1]}},{"__type__":"cc.Node","_name":"lb_cardNum3","_parent":{"__id__":34},"_active":false,"_components":[{"__type__":"cc.Label","node":{"__id__":54},"_useOriginalSize":false,"_string":"10","_N$string":"10","_fontSize":24,"_N$file":{"__uuid__":"typdk345-cbe0-4203-a8ca-8141b2e63f4f"},"_isSystemFontUsed":false,"_N$horizontalAlign":1,"_N$verticalAlign":1}],"_prefab":{"__type__":"cc.PrefabInfo","root":{"__id__":1},"asset":{"__uuid__":"typdk67c-2f11-48ef-bae8-8eaddf82f29e"},"fileId":"58v1uChPBKP7igs/Hn0bEy"},"_color":{"__type__":"cc.Color","r":181,"g":104,"b":48},"_contentSize":{"__type__":"cc.Size","width":22.5,"height":40},"_anchorPoint":{"__type__":"cc.Vec2","y":0.5},"_trs":{"__type__":"TypedArray","ctor":"Float64Array","array":[170,-20,0,0,0,0,1,1,1,1]}},{"__type__":"cc.Node","_name":"icon_bfgm","_parent":{"__id__":34},"_components":[{"__type__":"cc.Sprite","node":{"__id__":55},"_spriteFrame":{"__uuid__":"typdk27d-7c06-4ec5-9f1c-aa8de77f9ffa"}}],"_prefab":{"__type__":"cc.PrefabInfo","root":{"__id__":1},"asset":{"__uuid__":"typdk67c-2f11-48ef-bae8-8eaddf82f29e"},"fileId":"6daDZF3KZJpJK0BHSBP55t"},"_contentSize":{"__type__":"cc.Size","width":141,"height":49},"_trs":{"__type__":"TypedArray","ctor":"Float64Array","array":[75,-84,0,0,0,0,1,1,1,1]}},{"__type__":"cc.Node","_name":"icon_bgm","_parent":{"__id__":34},"_components":[{"__type__":"cc.Sprite","node":{"__id__":56},"_spriteFrame":{"__uuid__":"typdkcd6-b2b1-4f65-be20-52a6f5a0f30f"}}],"_prefab":{"__type__":"cc.PrefabInfo","root":{"__id__":1},"asset":{"__uuid__":"typdk67c-2f11-48ef-bae8-8eaddf82f29e"},"fileId":"50jZVkjOFLvKCHh2UkRqii"},"_contentSize":{"__type__":"cc.Size","width":113,"height":49},"_trs":{"__type__":"TypedArray","ctor":"Float64Array","array":[60,-84,0,0,0,0,1,1,1,1]}},{"__type__":"cc.Node","_name":"icon_qgm_win","_parent":{"__id__":34},"_components":[{"__type__":"cc.Sprite","node":{"__id__":57},"_spriteFrame":{"__uuid__":"typdk371-22fc-46be-b66b-e485a7d942be"}}],"_prefab":{"__type__":"cc.PrefabInfo","root":{"__id__":1},"asset":{"__uuid__":"typdk67c-2f11-48ef-bae8-8eaddf82f29e"},"fileId":"70/ThtST5OY5eMJN1Dp09u"},"_contentSize":{"__type__":"cc.Size","width":179,"height":49},"_trs":{"__type__":"TypedArray","ctor":"Float64Array","array":[94,-28,0,0,0,0,1,1,1,1]}},{"__type__":"cc.Node","_name":"icon_qgm_lose","_parent":{"__id__":34},"_components":[{"__type__":"cc.Sprite","node":{"__id__":58},"_spriteFrame":{"__uuid__":"typdk6f2-cb79-45e5-bf82-9620fc319c4a"}}],"_prefab":{"__type__":"cc.PrefabInfo","root":{"__id__":1},"asset":{"__uuid__":"typdk67c-2f11-48ef-bae8-8eaddf82f29e"},"fileId":"2eMTChYT1AGp5VlZixRqmc"},"_contentSize":{"__type__":"cc.Size","width":179,"height":49},"_trs":{"__type__":"TypedArray","ctor":"Float64Array","array":[94,-28,0,0,0,0,1,1,1,1]}},{"__type__":"cc.Node","_name":"lb_sportsPoint","_parent":{"__id__":34},"_children":[{"__id__":60}],"_components":[{"__type__":"cc.Label","node":{"__id__":59},"_useOriginalSize":false,"_string":"+1000","_N$string":"+1000","_lineHeight":50,"_N$file":{"__uuid__":"typdk345-cbe0-4203-a8ca-8141b2e63f4f"},"_isSystemFontUsed":false,"_N$verticalAlign":1}],"_prefab":{"__type__":"cc.PrefabInfo","root":{"__id__":1},"asset":{"__uuid__":"typdk67c-2f11-48ef-bae8-8eaddf82f29e"},"fileId":"030fb75qNE+5I8WnwOEeSc"},"_contentSize":{"__type__":"cc.Size","width":107.03,"height":50},"_anchorPoint":{"__type__":"cc.Vec2","y":0.5},"_trs":{"__type__":"TypedArray","ctor":"Float64Array","array":[121,-174,0,0,0,0,1,0.7,0.7,1]}},{"__type__":"cc.Node","_name":"New Label","_parent":{"__id__":59},"_components":[{"__type__":"cc.Label","node":{"__id__":60},"_useOriginalSize":false,"_string":"比赛分:","_N$string":"比赛分:","_fontSize":24,"_lineHeight":35,"_N$file":{"__uuid__":"typdk345-cbe0-4203-a8ca-8141b2e63f4f"},"_isSystemFontUsed":false,"_N$horizontalAlign":1,"_N$verticalAlign":1}],"_prefab":{"__type__":"cc.PrefabInfo","root":{"__id__":1},"asset":{"__uuid__":"typdk67c-2f11-48ef-bae8-8eaddf82f29e"},"fileId":"03nE8tdLJAtoKm+oa7boeQ"},"_color":{"__type__":"cc.Color","r":92,"g":129,"b":61},"_contentSize":{"__type__":"cc.Size","width":78.38,"height":35},"_trs":{"__type__":"TypedArray","ctor":"Float64Array","array":[-81.4285714,-1.4285714,0,0,0,0,1,1.4285714,1.4285714,1]}},{"__type__":"cc.Node","_name":"player3","_parent":{"__id__":6},"_children":[{"__id__":62},{"__id__":70},{"__id__":71},{"__id__":72},{"__id__":73},{"__id__":74},{"__id__":75},{"__id__":76},{"__id__":77},{"__id__":78},{"__id__":79},{"__id__":80},{"__id__":81},{"__id__":82},{"__id__":83},{"__id__":84},{"__id__":85},{"__id__":86}],"_components":[{"__type__":"cc.Sprite","node":{"__id__":61},"_spriteFrame":{"__uuid__":"typdk869-55f8-49b8-a6e9-f4f506eb76b3"},"_type":1,"_sizeMode":0}],"_prefab":{"__type__":"cc.PrefabInfo","root":{"__id__":1},"asset":{"__uuid__":"typdk67c-2f11-48ef-bae8-8eaddf82f29e"},"fileId":"c5XOb+m0tAh6CkLqlraGef"},"_contentSize":{"__type__":"cc.Size","width":265,"height":400},"_anchorPoint":{"__type__":"cc.Vec2","y":0.5},"_trs":{"__type__":"TypedArray","ctor":"Float64Array","array":[5,0,0,0,0,0,1,1,1,1]}},{"__type__":"cc.Node","_name":"user_info","_parent":{"__id__":61},"_children":[{"__id__":63},{"__id__":64},{"__id__":65},{"__id__":66},{"__id__":67},{"__id__":68},{"__id__":69}],"_prefab":{"__type__":"cc.PrefabInfo","root":{"__id__":1},"asset":{"__uuid__":"typdk67c-2f11-48ef-bae8-8eaddf82f29e"},"fileId":"664n56MapHQ4rPdSIoTRJw"},"_trs":{"__type__":"TypedArray","ctor":"Float64Array","array":[110,120,0,0,0,0,1,1,1,1]}},{"__type__":"cc.Node","_name":"head_img","_parent":{"__id__":62},"_components":[{"__type__":"cc.Sprite","node":{"__id__":63},"_spriteFrame":{"__uuid__":"typdkbd4-6d8e-4361-aae8-91caca6f2355"},"_sizeMode":0,"_isTrimmedMode":false},{"__type__":"typdk551-cdf7-4ff7-b9d1-ff119733cfed","node":{"__id__":63}}],"_prefab":{"__type__":"cc.PrefabInfo","root":{"__id__":1},"asset":{"__uuid__":"typdk67c-2f11-48ef-bae8-8eaddf82f29e"},"fileId":"b6nbKYSMdG55PGQlUgE5dU"},"_contentSize":{"__type__":"cc.Size","width":60,"height":60},"_trs":{"__type__":"TypedArray","ctor":"Float64Array","array":[-67,43,0,0,0,0,1,1,1,1]}},{"__type__":"cc.Node","_name":"lable_name","_parent":{"__id__":62},"_components":[{"__type__":"cc.Label","node":{"__id__":64},"_useOriginalSize":false,"_string":"丸子科丸丸","_N$string":"丸子科丸丸","_fontSize":22,"_lineHeight":20,"_N$file":{"__uuid__":"typdk345-cbe0-4203-a8ca-8141b2e63f4f"},"_isSystemFontUsed":false,"_N$verticalAlign":1,"_N$overflow":2}],"_prefab":{"__type__":"cc.PrefabInfo","root":{"__id__":1},"asset":{"__uuid__":"typdk67c-2f11-48ef-bae8-8eaddf82f29e"},"fileId":"92FD3DwUVBUpLMmgXOgT1I"},"_color":{"__type__":"cc.Color","r":92,"g":129,"b":61},"_contentSize":{"__type__":"cc.Size","width":100,"height":20},"_anchorPoint":{"__type__":"cc.Vec2","y":0.5},"_trs":{"__type__":"TypedArray","ctor":"Float64Array","array":[5.600000000000001,58.4,0,0,0,0,1,1,1,1]}},{"__type__":"cc.Node","_name":"idbg","_parent":{"__id__":62},"_components":[{"__type__":"cc.Sprite","node":{"__id__":65},"_spriteFrame":{"__uuid__":"typdkea7-9c80-46e0-a129-cda93077c8a5"},"_sizeMode":0}],"_prefab":{"__type__":"cc.PrefabInfo","root":{"__id__":1},"asset":{"__uuid__":"typdk67c-2f11-48ef-bae8-8eaddf82f29e"},"fileId":"2eADv/Ch9DCqkwvLpqDTJc"},"_contentSize":{"__type__":"cc.Size","width":24,"height":24},"_trs":{"__type__":"TypedArray","ctor":"Float64Array","array":[-12.5,27.2,0,0,0,0,1,1,1,1]}},{"__type__":"cc.Node","_name":"label_id","_parent":{"__id__":62},"_components":[{"__type__":"cc.Label","node":{"__id__":66},"_useOriginalSize":false,"_string":"1422222","_N$string":"1422222","_fontSize":22,"_lineHeight":25,"_N$file":{"__uuid__":"typdk345-cbe0-4203-a8ca-8141b2e63f4f"},"_isSystemFontUsed":false,"_N$verticalAlign":1}],"_prefab":{"__type__":"cc.PrefabInfo","root":{"__id__":1},"asset":{"__uuid__":"typdk67c-2f11-48ef-bae8-8eaddf82f29e"},"fileId":"a63BLdTC1KjYNMklHYYKz0"},"_color":{"__type__":"cc.Color","r":92,"g":129,"b":61},"_contentSize":{"__type__":"cc.Size","width":83.36,"height":25},"_anchorPoint":{"__type__":"cc.Vec2","y":0.5},"_trs":{"__type__":"TypedArray","ctor":"Float64Array","array":[2.5,27.2,0,0,0,0,1,1,1,1]}},{"__type__":"cc.Node","_name":"sex","_parent":{"__id__":62},"_components":[{"__type__":"cc.Sprite","node":{"__id__":67},"_spriteFrame":{"__uuid__":"typdk56a-3d89-43d8-a2e7-3ae017165070"},"_sizeMode":0}],"_prefab":{"__type__":"cc.PrefabInfo","root":{"__id__":1},"asset":{"__uuid__":"typdk67c-2f11-48ef-bae8-8eaddf82f29e"},"fileId":"c0Sas+mF9O6pFteCXoOt8U"},"_contentSize":{"__type__":"cc.Size","width":24,"height":24},"_trs":{"__type__":"TypedArray","ctor":"Float64Array","array":[-12.4,58.4,0,0,0,0,1,1,1,1]}},{"__type__":"cc.Node","_name":"fangzhu","_parent":{"__id__":62},"_active":false,"_components":[{"__type__":"cc.Sprite","node":{"__id__":68},"_spriteFrame":{"__uuid__":"typdk046-20bb-48ac-a1a1-d001cb195e16"}}],"_prefab":{"__type__":"cc.PrefabInfo","root":{"__id__":1},"asset":{"__uuid__":"typdk67c-2f11-48ef-bae8-8eaddf82f29e"},"fileId":"e7ogtEukBBipZeheKRvfUF"},"_contentSize":{"__type__":"cc.Size","width":34,"height":35},"_trs":{"__type__":"TypedArray","ctor":"Float64Array","array":[-54,30,0,0,0,0,1,1,1,1]}},{"__type__":"cc.Node","_name":"zhuangjia","_parent":{"__id__":62},"_active":false,"_components":[{"__type__":"cc.Sprite","node":{"__id__":69},"_spriteFrame":{"__uuid__":"typdk19c-886a-4448-bf05-541e441146db"}}],"_prefab":{"__type__":"cc.PrefabInfo","root":{"__id__":1},"asset":{"__uuid__":"typdk67c-2f11-48ef-bae8-8eaddf82f29e"},"fileId":"3am1hr7iNJnoTzg0bcXJx1"},"_contentSize":{"__type__":"cc.Size","width":48,"height":48},"_trs":{"__type__":"TypedArray","ctor":"Float64Array","array":[-93,68,0,0,0,0,1,0.5,0.5,1]}},{"__type__":"cc.Node","_name":"lb_lose_num","_parent":{"__id__":61},"_components":[{"__type__":"cc.Label","node":{"__id__":70},"_useOriginalSize":false,"_string":"-1000","_N$string":"-1000","_lineHeight":50,"_N$file":{"__uuid__":"typdkae1-1fcc-4f97-9dda-744c8b4ebf16"},"_isSystemFontUsed":false,"_N$horizontalAlign":1,"_N$verticalAlign":1}],"_prefab":{"__type__":"cc.PrefabInfo","root":{"__id__":1},"asset":{"__uuid__":"typdk67c-2f11-48ef-bae8-8eaddf82f29e"},"fileId":"4bxcBrs+5Ej43f9Nfggs2z"},"_contentSize":{"__type__":"cc.Size","width":146.25,"height":62.5},"_trs":{"__type__":"TypedArray","ctor":"Float64Array","array":[183,-133,0,0,0,0,1,0.74,0.7,1]}},{"__type__":"cc.Node","_name":"lb_win_num","_parent":{"__id__":61},"_components":[{"__type__":"cc.Label","node":{"__id__":71},"_useOriginalSize":false,"_string":"+1000","_N$string":"+1000","_lineHeight":50,"_N$file":{"__uuid__":"typdkd91-d2f3-4442-8b24-84fcfad4c139"},"_isSystemFontUsed":false,"_N$horizontalAlign":1,"_N$verticalAlign":1}],"_prefab":{"__type__":"cc.PrefabInfo","root":{"__id__":1},"asset":{"__uuid__":"typdk67c-2f11-48ef-bae8-8eaddf82f29e"},"fileId":"02wqHntktLO7wEV9INxzPm"},"_contentSize":{"__type__":"cc.Size","width":157.5,"height":62.5},"_trs":{"__type__":"TypedArray","ctor":"Float64Array","array":[177,-133,0,0,0,0,1,0.7,0.7,1]}},{"__type__":"cc.Node","_name":"lb_beiShu","_parent":{"__id__":61},"_components":[{"__type__":"cc.Label","node":{"__id__":72},"_useOriginalSize":false,"_string":"10","_N$string":"10","_fontSize":24,"_N$file":{"__uuid__":"typdk345-cbe0-4203-a8ca-8141b2e63f4f"},"_isSystemFontUsed":false,"_N$horizontalAlign":1,"_N$verticalAlign":1}],"_prefab":{"__type__":"cc.PrefabInfo","root":{"__id__":1},"asset":{"__uuid__":"typdk67c-2f11-48ef-bae8-8eaddf82f29e"},"fileId":"2e0nqLL+lJC5n76u1hDcAg"},"_color":{"__type__":"cc.Color","r":181,"g":104,"b":48},"_contentSize":{"__type__":"cc.Size","width":22.5,"height":40},"_anchorPoint":{"__type__":"cc.Vec2","y":0.5},"_trs":{"__type__":"TypedArray","ctor":"Float64Array","array":[170,100,0,0,0,0,1,1,1,1]}},{"__type__":"cc.Node","_name":"icon_win","_parent":{"__id__":61},"_components":[{"__type__":"cc.Sprite","node":{"__id__":73},"_spriteFrame":{"__uuid__":"typdk1bb-beb8-4986-b3a7-38d160ccba6a"}}],"_prefab":{"__type__":"cc.PrefabInfo","root":{"__id__":1},"asset":{"__uuid__":"typdk67c-2f11-48ef-bae8-8eaddf82f29e"},"fileId":"e7ovqNdiRCzJnl7o1ktwti"},"_contentSize":{"__type__":"cc.Size","width":50,"height":92},"_trs":{"__type__":"TypedArray","ctor":"Float64Array","array":[239,153,0,0,0,0,1,1,1,1]}},{"__type__":"cc.Node","_name":"New Label","_parent":{"__id__":61},"_components":[{"__type__":"cc.Label","node":{"__id__":74},"_useOriginalSize":false,"_string":"炸弹数:","_N$string":"炸弹数:","_fontSize":24,"_lineHeight":35,"_N$file":{"__uuid__":"typdk345-cbe0-4203-a8ca-8141b2e63f4f"},"_isSystemFontUsed":false,"_N$horizontalAlign":1,"_N$verticalAlign":1}],"_prefab":{"__type__":"cc.PrefabInfo","root":{"__id__":1},"asset":{"__uuid__":"typdk67c-2f11-48ef-bae8-8eaddf82f29e"},"fileId":"9dn/mq6+REOo6adIzs/Iuv"},"_color":{"__type__":"cc.Color","r":92,"g":129,"b":61},"_contentSize":{"__type__":"cc.Size","width":78.38,"height":35},"_anchorPoint":{"__type__":"cc.Vec2","y":0.5},"_trs":{"__type__":"TypedArray","ctor":"Float64Array","array":[20,100,0,0,0,0,1,1,1,1]}},{"__type__":"cc.Node","_name":"New Label","_parent":{"__id__":61},"_components":[{"__type__":"cc.Label","node":{"__id__":75},"_useOriginalSize":false,"_string":"总分数:","_N$string":"总分数:","_fontSize":24,"_lineHeight":35,"_N$file":{"__uuid__":"typdk345-cbe0-4203-a8ca-8141b2e63f4f"},"_isSystemFontUsed":false,"_N$horizontalAlign":1,"_N$verticalAlign":1}],"_prefab":{"__type__":"cc.PrefabInfo","root":{"__id__":1},"asset":{"__uuid__":"typdk67c-2f11-48ef-bae8-8eaddf82f29e"},"fileId":"020QS0HghJxJkdbJXGSywb"},"_color":{"__type__":"cc.Color","r":92,"g":129,"b":61},"_contentSize":{"__type__":"cc.Size","width":78.38,"height":35},"_trs":{"__type__":"TypedArray","ctor":"Float64Array","array":[64,-134,0,0,0,0,1,1,1,1]}},{"__type__":"cc.Node","_name":"lb_last2","_parent":{"__id__":61},"_active":false,"_components":[{"__type__":"cc.Label","node":{"__id__":76},"_useOriginalSize":false,"_string":"剩余牌数:","_N$string":"剩余牌数:","_fontSize":24,"_lineHeight":35,"_N$file":{"__uuid__":"typdk345-cbe0-4203-a8ca-8141b2e63f4f"},"_isSystemFontUsed":false,"_N$horizontalAlign":1,"_N$verticalAlign":1}],"_prefab":{"__type__":"cc.PrefabInfo","root":{"__id__":1},"asset":{"__uuid__":"typdk67c-2f11-48ef-bae8-8eaddf82f29e"},"fileId":"08OBGIvmhAgrDrkuUGhKhq"},"_color":{"__type__":"cc.Color","r":92,"g":129,"b":61},"_contentSize":{"__type__":"cc.Size","width":102.38,"height":35},"_anchorPoint":{"__type__":"cc.Vec2","y":0.5},"_trs":{"__type__":"TypedArray","ctor":"Float64Array","array":[20,20,0,0,0,0,1,1,1,1]}},{"__type__":"cc.Node","_name":"lb_last1","_parent":{"__id__":61},"_components":[{"__type__":"cc.Label","node":{"__id__":77},"_useOriginalSize":false,"_string":"剩余牌数:","_N$string":"剩余牌数:","_fontSize":24,"_lineHeight":35,"_N$file":{"__uuid__":"typdk345-cbe0-4203-a8ca-8141b2e63f4f"},"_isSystemFontUsed":false,"_N$horizontalAlign":1,"_N$verticalAlign":1}],"_prefab":{"__type__":"cc.PrefabInfo","root":{"__id__":1},"asset":{"__uuid__":"typdk67c-2f11-48ef-bae8-8eaddf82f29e"},"fileId":"53h5IPp6pDb77IV18qnnMa"},"_color":{"__type__":"cc.Color","r":92,"g":129,"b":61},"_contentSize":{"__type__":"cc.Size","width":102.38,"height":35},"_anchorPoint":{"__type__":"cc.Vec2","y":0.5},"_trs":{"__type__":"TypedArray","ctor":"Float64Array","array":[20,60,0,0,0,0,1,1,1,1]}},{"__type__":"cc.Node","_name":"lb_last3","_parent":{"__id__":61},"_active":false,"_components":[{"__type__":"cc.Label","node":{"__id__":78},"_useOriginalSize":false,"_string":"剩余牌数:","_N$string":"剩余牌数:","_fontSize":24,"_lineHeight":35,"_N$file":{"__uuid__":"typdk345-cbe0-4203-a8ca-8141b2e63f4f"},"_isSystemFontUsed":false,"_N$horizontalAlign":1,"_N$verticalAlign":1}],"_prefab":{"__type__":"cc.PrefabInfo","root":{"__id__":1},"asset":{"__uuid__":"typdk67c-2f11-48ef-bae8-8eaddf82f29e"},"fileId":"82oZMWvvZKo7rmu96/mhyC"},"_color":{"__type__":"cc.Color","r":92,"g":129,"b":61},"_contentSize":{"__type__":"cc.Size","width":102.38,"height":35},"_anchorPoint":{"__type__":"cc.Vec2","y":0.5},"_trs":{"__type__":"TypedArray","ctor":"Float64Array","array":[20,-20,0,0,0,0,1,1,1,1]}},{"__type__":"cc.Node","_name":"lb_cardNum1","_parent":{"__id__":61},"_components":[{"__type__":"cc.Label","node":{"__id__":79},"_useOriginalSize":false,"_string":"10","_N$string":"10","_fontSize":24,"_N$file":{"__uuid__":"typdk345-cbe0-4203-a8ca-8141b2e63f4f"},"_isSystemFontUsed":false,"_N$horizontalAlign":1,"_N$verticalAlign":1}],"_prefab":{"__type__":"cc.PrefabInfo","root":{"__id__":1},"asset":{"__uuid__":"typdk67c-2f11-48ef-bae8-8eaddf82f29e"},"fileId":"6efWT8ZVtHvIrxmdU/PtLy"},"_color":{"__type__":"cc.Color","r":181,"g":104,"b":48},"_contentSize":{"__type__":"cc.Size","width":22.5,"height":40},"_anchorPoint":{"__type__":"cc.Vec2","y":0.5},"_trs":{"__type__":"TypedArray","ctor":"Float64Array","array":[170,60,0,0,0,0,1,1,1,1]}},{"__type__":"cc.Node","_name":"lb_cardNum2","_parent":{"__id__":61},"_active":false,"_components":[{"__type__":"cc.Label","node":{"__id__":80},"_useOriginalSize":false,"_string":"10","_N$string":"10","_fontSize":24,"_N$file":{"__uuid__":"typdk345-cbe0-4203-a8ca-8141b2e63f4f"},"_isSystemFontUsed":false,"_N$horizontalAlign":1,"_N$verticalAlign":1}],"_prefab":{"__type__":"cc.PrefabInfo","root":{"__id__":1},"asset":{"__uuid__":"typdk67c-2f11-48ef-bae8-8eaddf82f29e"},"fileId":"7ba0jNzr1OLK/rrGEdUNwI"},"_color":{"__type__":"cc.Color","r":181,"g":104,"b":48},"_contentSize":{"__type__":"cc.Size","width":22.5,"height":40},"_anchorPoint":{"__type__":"cc.Vec2","y":0.5},"_trs":{"__type__":"TypedArray","ctor":"Float64Array","array":[170,20,0,0,0,0,1,1,1,1]}},{"__type__":"cc.Node","_name":"lb_cardNum3","_parent":{"__id__":61},"_active":false,"_components":[{"__type__":"cc.Label","node":{"__id__":81},"_useOriginalSize":false,"_string":"10","_N$string":"10","_fontSize":24,"_N$file":{"__uuid__":"typdk345-cbe0-4203-a8ca-8141b2e63f4f"},"_isSystemFontUsed":false,"_N$horizontalAlign":1,"_N$verticalAlign":1}],"_prefab":{"__type__":"cc.PrefabInfo","root":{"__id__":1},"asset":{"__uuid__":"typdk67c-2f11-48ef-bae8-8eaddf82f29e"},"fileId":"4fe3aqia5O1atk5hKZi+Qg"},"_color":{"__type__":"cc.Color","r":181,"g":104,"b":48},"_contentSize":{"__type__":"cc.Size","width":22.5,"height":40},"_anchorPoint":{"__type__":"cc.Vec2","y":0.5},"_trs":{"__type__":"TypedArray","ctor":"Float64Array","array":[170,-20,0,0,0,0,1,1,1,1]}},{"__type__":"cc.Node","_name":"icon_bfgm","_parent":{"__id__":61},"_components":[{"__type__":"cc.Sprite","node":{"__id__":82},"_spriteFrame":{"__uuid__":"typdk27d-7c06-4ec5-9f1c-aa8de77f9ffa"}}],"_prefab":{"__type__":"cc.PrefabInfo","root":{"__id__":1},"asset":{"__uuid__":"typdk67c-2f11-48ef-bae8-8eaddf82f29e"},"fileId":"fe4wDaVnBBBZljl39NZitS"},"_contentSize":{"__type__":"cc.Size","width":141,"height":49},"_trs":{"__type__":"TypedArray","ctor":"Float64Array","array":[75,-84,0,0,0,0,1,1,1,1]}},{"__type__":"cc.Node","_name":"icon_bgm","_parent":{"__id__":61},"_components":[{"__type__":"cc.Sprite","node":{"__id__":83},"_spriteFrame":{"__uuid__":"typdkcd6-b2b1-4f65-be20-52a6f5a0f30f"}}],"_prefab":{"__type__":"cc.PrefabInfo","root":{"__id__":1},"asset":{"__uuid__":"typdk67c-2f11-48ef-bae8-8eaddf82f29e"},"fileId":"9fCgp5IolEFqAp16BEGzhj"},"_contentSize":{"__type__":"cc.Size","width":113,"height":49},"_trs":{"__type__":"TypedArray","ctor":"Float64Array","array":[60,-84,0,0,0,0,1,1,1,1]}},{"__type__":"cc.Node","_name":"icon_qgm_win","_parent":{"__id__":61},"_components":[{"__type__":"cc.Sprite","node":{"__id__":84},"_spriteFrame":{"__uuid__":"typdk371-22fc-46be-b66b-e485a7d942be"}}],"_prefab":{"__type__":"cc.PrefabInfo","root":{"__id__":1},"asset":{"__uuid__":"typdk67c-2f11-48ef-bae8-8eaddf82f29e"},"fileId":"08qcBuLQFFA6FigV62RS1U"},"_contentSize":{"__type__":"cc.Size","width":179,"height":49},"_trs":{"__type__":"TypedArray","ctor":"Float64Array","array":[94,-28,0,0,0,0,1,1,1,1]}},{"__type__":"cc.Node","_name":"icon_qgm_lose","_parent":{"__id__":61},"_components":[{"__type__":"cc.Sprite","node":{"__id__":85},"_spriteFrame":{"__uuid__":"typdk6f2-cb79-45e5-bf82-9620fc319c4a"}}],"_prefab":{"__type__":"cc.PrefabInfo","root":{"__id__":1},"asset":{"__uuid__":"typdk67c-2f11-48ef-bae8-8eaddf82f29e"},"fileId":"5fSZLcKoRLMY3vU/IMDeu/"},"_contentSize":{"__type__":"cc.Size","width":179,"height":49},"_trs":{"__type__":"TypedArray","ctor":"Float64Array","array":[94,-28,0,0,0,0,1,1,1,1]}},{"__type__":"cc.Node","_name":"lb_sportsPoint","_parent":{"__id__":61},"_children":[{"__id__":87}],"_components":[{"__type__":"cc.Label","node":{"__id__":86},"_useOriginalSize":false,"_string":"+1000","_N$string":"+1000","_lineHeight":50,"_N$file":{"__uuid__":"typdk345-cbe0-4203-a8ca-8141b2e63f4f"},"_isSystemFontUsed":false,"_N$verticalAlign":1}],"_prefab":{"__type__":"cc.PrefabInfo","root":{"__id__":1},"asset":{"__uuid__":"typdk67c-2f11-48ef-bae8-8eaddf82f29e"},"fileId":"611mpbk9VHWrt9w2b+rvm/"},"_contentSize":{"__type__":"cc.Size","width":107.03,"height":50},"_anchorPoint":{"__type__":"cc.Vec2","y":0.5},"_trs":{"__type__":"TypedArray","ctor":"Float64Array","array":[121,-174,0,0,0,0,1,0.7,0.7,1]}},{"__type__":"cc.Node","_name":"New Label","_parent":{"__id__":86},"_components":[{"__type__":"cc.Label","node":{"__id__":87},"_useOriginalSize":false,"_string":"比赛分:","_N$string":"比赛分:","_fontSize":24,"_lineHeight":35,"_N$file":{"__uuid__":"typdk345-cbe0-4203-a8ca-8141b2e63f4f"},"_isSystemFontUsed":false,"_N$horizontalAlign":1,"_N$verticalAlign":1}],"_prefab":{"__type__":"cc.PrefabInfo","root":{"__id__":1},"asset":{"__uuid__":"typdk67c-2f11-48ef-bae8-8eaddf82f29e"},"fileId":"adbVKyLmtFhbmWiZ1jNeQy"},"_color":{"__type__":"cc.Color","r":92,"g":129,"b":61},"_contentSize":{"__type__":"cc.Size","width":78.38,"height":35},"_trs":{"__type__":"TypedArray","ctor":"Float64Array","array":[-81.4285714,-1.4285714,0,0,0,0,1,1.4285714,1.4285714,1]}},{"__type__":"cc.Node","_name":"player4","_parent":{"__id__":6},"_children":[{"__id__":89},{"__id__":97},{"__id__":98},{"__id__":99},{"__id__":100},{"__id__":101},{"__id__":102},{"__id__":103},{"__id__":104},{"__id__":105},{"__id__":106},{"__id__":107},{"__id__":108},{"__id__":109},{"__id__":110},{"__id__":111},{"__id__":112},{"__id__":113}],"_components":[{"__type__":"cc.Sprite","node":{"__id__":88},"_spriteFrame":{"__uuid__":"typdk869-55f8-49b8-a6e9-f4f506eb76b3"},"_type":1,"_sizeMode":0}],"_prefab":{"__type__":"cc.PrefabInfo","root":{"__id__":1},"asset":{"__uuid__":"typdk67c-2f11-48ef-bae8-8eaddf82f29e"},"fileId":"19mm18Zf1HxJqvIuO4+32z"},"_contentSize":{"__type__":"cc.Size","width":265,"height":400},"_anchorPoint":{"__type__":"cc.Vec2","y":0.5},"_trs":{"__type__":"TypedArray","ctor":"Float64Array","array":[280,0,0,0,0,0,1,1,1,1]}},{"__type__":"cc.Node","_name":"user_info","_parent":{"__id__":88},"_children":[{"__id__":90},{"__id__":91},{"__id__":92},{"__id__":93},{"__id__":94},{"__id__":95},{"__id__":96}],"_prefab":{"__type__":"cc.PrefabInfo","root":{"__id__":1},"asset":{"__uuid__":"typdk67c-2f11-48ef-bae8-8eaddf82f29e"},"fileId":"27TbOgFr9I2bLK9VTGBACZ"},"_trs":{"__type__":"TypedArray","ctor":"Float64Array","array":[110,120,0,0,0,0,1,1,1,1]}},{"__type__":"cc.Node","_name":"head_img","_parent":{"__id__":89},"_components":[{"__type__":"cc.Sprite","node":{"__id__":90},"_spriteFrame":{"__uuid__":"typdkbd4-6d8e-4361-aae8-91caca6f2355"},"_sizeMode":0,"_isTrimmedMode":false},{"__type__":"typdk551-cdf7-4ff7-b9d1-ff119733cfed","node":{"__id__":90}}],"_prefab":{"__type__":"cc.PrefabInfo","root":{"__id__":1},"asset":{"__uuid__":"typdk67c-2f11-48ef-bae8-8eaddf82f29e"},"fileId":"78/Ow7MPdPkY6XYO11maDG"},"_contentSize":{"__type__":"cc.Size","width":60,"height":60},"_trs":{"__type__":"TypedArray","ctor":"Float64Array","array":[-67,43,0,0,0,0,1,1,1,1]}},{"__type__":"cc.Node","_name":"lable_name","_parent":{"__id__":89},"_components":[{"__type__":"cc.Label","node":{"__id__":91},"_useOriginalSize":false,"_string":"丸子科丸丸","_N$string":"丸子科丸丸","_fontSize":22,"_lineHeight":20,"_N$file":{"__uuid__":"typdk345-cbe0-4203-a8ca-8141b2e63f4f"},"_isSystemFontUsed":false,"_N$verticalAlign":1,"_N$overflow":2}],"_prefab":{"__type__":"cc.PrefabInfo","root":{"__id__":1},"asset":{"__uuid__":"typdk67c-2f11-48ef-bae8-8eaddf82f29e"},"fileId":"a0dhCtfvNF/r02xyTSuVPH"},"_color":{"__type__":"cc.Color","r":92,"g":129,"b":61},"_contentSize":{"__type__":"cc.Size","width":100,"height":20},"_anchorPoint":{"__type__":"cc.Vec2","y":0.5},"_trs":{"__type__":"TypedArray","ctor":"Float64Array","array":[5.600000000000001,58.4,0,0,0,0,1,1,1,1]}},{"__type__":"cc.Node","_name":"idbg","_parent":{"__id__":89},"_components":[{"__type__":"cc.Sprite","node":{"__id__":92},"_spriteFrame":{"__uuid__":"typdkea7-9c80-46e0-a129-cda93077c8a5"},"_sizeMode":0}],"_prefab":{"__type__":"cc.PrefabInfo","root":{"__id__":1},"asset":{"__uuid__":"typdk67c-2f11-48ef-bae8-8eaddf82f29e"},"fileId":"2azqN9v6ZJ+aYbUe0hjU6W"},"_contentSize":{"__type__":"cc.Size","width":24,"height":24},"_trs":{"__type__":"TypedArray","ctor":"Float64Array","array":[-12.5,27.2,0,0,0,0,1,1,1,1]}},{"__type__":"cc.Node","_name":"label_id","_parent":{"__id__":89},"_components":[{"__type__":"cc.Label","node":{"__id__":93},"_useOriginalSize":false,"_string":"1422222","_N$string":"1422222","_fontSize":22,"_lineHeight":25,"_N$file":{"__uuid__":"typdk345-cbe0-4203-a8ca-8141b2e63f4f"},"_isSystemFontUsed":false,"_N$verticalAlign":1}],"_prefab":{"__type__":"cc.PrefabInfo","root":{"__id__":1},"asset":{"__uuid__":"typdk67c-2f11-48ef-bae8-8eaddf82f29e"},"fileId":"85RyG6gplOq6z6ZyZ1Wgeh"},"_color":{"__type__":"cc.Color","r":92,"g":129,"b":61},"_contentSize":{"__type__":"cc.Size","width":83.36,"height":25},"_anchorPoint":{"__type__":"cc.Vec2","y":0.5},"_trs":{"__type__":"TypedArray","ctor":"Float64Array","array":[2.5,27.2,0,0,0,0,1,1,1,1]}},{"__type__":"cc.Node","_name":"sex","_parent":{"__id__":89},"_components":[{"__type__":"cc.Sprite","node":{"__id__":94},"_spriteFrame":{"__uuid__":"typdk56a-3d89-43d8-a2e7-3ae017165070"},"_sizeMode":0}],"_prefab":{"__type__":"cc.PrefabInfo","root":{"__id__":1},"asset":{"__uuid__":"typdk67c-2f11-48ef-bae8-8eaddf82f29e"},"fileId":"e6iVQb37VJZ7daD+SlpsI4"},"_contentSize":{"__type__":"cc.Size","width":24,"height":24},"_trs":{"__type__":"TypedArray","ctor":"Float64Array","array":[-12.4,58.4,0,0,0,0,1,1,1,1]}},{"__type__":"cc.Node","_name":"fangzhu","_parent":{"__id__":89},"_active":false,"_components":[{"__type__":"cc.Sprite","node":{"__id__":95},"_spriteFrame":{"__uuid__":"typdk046-20bb-48ac-a1a1-d001cb195e16"}}],"_prefab":{"__type__":"cc.PrefabInfo","root":{"__id__":1},"asset":{"__uuid__":"typdk67c-2f11-48ef-bae8-8eaddf82f29e"},"fileId":"5amVcPAupHrJFeL2MixBsF"},"_contentSize":{"__type__":"cc.Size","width":34,"height":35},"_trs":{"__type__":"TypedArray","ctor":"Float64Array","array":[-54,30,0,0,0,0,1,1,1,1]}},{"__type__":"cc.Node","_name":"zhuangjia","_parent":{"__id__":89},"_active":false,"_components":[{"__type__":"cc.Sprite","node":{"__id__":96},"_spriteFrame":{"__uuid__":"typdk19c-886a-4448-bf05-541e441146db"}}],"_prefab":{"__type__":"cc.PrefabInfo","root":{"__id__":1},"asset":{"__uuid__":"typdk67c-2f11-48ef-bae8-8eaddf82f29e"},"fileId":"c2j2n0NGlPnKITByHhYt8X"},"_contentSize":{"__type__":"cc.Size","width":48,"height":48},"_trs":{"__type__":"TypedArray","ctor":"Float64Array","array":[-93,68,0,0,0,0,1,0.5,0.5,1]}},{"__type__":"cc.Node","_name":"lb_lose_num","_parent":{"__id__":88},"_components":[{"__type__":"cc.Label","node":{"__id__":97},"_useOriginalSize":false,"_string":"-1000","_N$string":"-1000","_lineHeight":50,"_N$file":{"__uuid__":"typdkae1-1fcc-4f97-9dda-744c8b4ebf16"},"_isSystemFontUsed":false,"_N$horizontalAlign":1,"_N$verticalAlign":1}],"_prefab":{"__type__":"cc.PrefabInfo","root":{"__id__":1},"asset":{"__uuid__":"typdk67c-2f11-48ef-bae8-8eaddf82f29e"},"fileId":"e4ZsDNJJ5L9pw7OmrcWENO"},"_contentSize":{"__type__":"cc.Size","width":146.25,"height":62.5},"_trs":{"__type__":"TypedArray","ctor":"Float64Array","array":[183,-133,0,0,0,0,1,0.74,0.7,1]}},{"__type__":"cc.Node","_name":"lb_win_num","_parent":{"__id__":88},"_components":[{"__type__":"cc.Label","node":{"__id__":98},"_useOriginalSize":false,"_string":"+1000","_N$string":"+1000","_lineHeight":50,"_N$file":{"__uuid__":"typdkd91-d2f3-4442-8b24-84fcfad4c139"},"_isSystemFontUsed":false,"_N$horizontalAlign":1,"_N$verticalAlign":1}],"_prefab":{"__type__":"cc.PrefabInfo","root":{"__id__":1},"asset":{"__uuid__":"typdk67c-2f11-48ef-bae8-8eaddf82f29e"},"fileId":"3e5H5Dfd5DB5r7/861H+1s"},"_contentSize":{"__type__":"cc.Size","width":157.5,"height":62.5},"_trs":{"__type__":"TypedArray","ctor":"Float64Array","array":[177,-133,0,0,0,0,1,0.7,0.7,1]}},{"__type__":"cc.Node","_name":"lb_beiShu","_parent":{"__id__":88},"_components":[{"__type__":"cc.Label","node":{"__id__":99},"_useOriginalSize":false,"_string":"10","_N$string":"10","_fontSize":24,"_N$file":{"__uuid__":"typdk345-cbe0-4203-a8ca-8141b2e63f4f"},"_isSystemFontUsed":false,"_N$horizontalAlign":1,"_N$verticalAlign":1}],"_prefab":{"__type__":"cc.PrefabInfo","root":{"__id__":1},"asset":{"__uuid__":"typdk67c-2f11-48ef-bae8-8eaddf82f29e"},"fileId":"d9zdg6bCxB5541QAZ3QDGq"},"_color":{"__type__":"cc.Color","r":181,"g":104,"b":48},"_contentSize":{"__type__":"cc.Size","width":22.5,"height":40},"_anchorPoint":{"__type__":"cc.Vec2","y":0.5},"_trs":{"__type__":"TypedArray","ctor":"Float64Array","array":[170,100,0,0,0,0,1,1,1,1]}},{"__type__":"cc.Node","_name":"icon_win","_parent":{"__id__":88},"_components":[{"__type__":"cc.Sprite","node":{"__id__":100},"_spriteFrame":{"__uuid__":"typdk1bb-beb8-4986-b3a7-38d160ccba6a"}}],"_prefab":{"__type__":"cc.PrefabInfo","root":{"__id__":1},"asset":{"__uuid__":"typdk67c-2f11-48ef-bae8-8eaddf82f29e"},"fileId":"31wiXGc5xMs7imugkPCC2G"},"_contentSize":{"__type__":"cc.Size","width":50,"height":92},"_trs":{"__type__":"TypedArray","ctor":"Float64Array","array":[239,153,0,0,0,0,1,1,1,1]}},{"__type__":"cc.Node","_name":"New Label","_parent":{"__id__":88},"_components":[{"__type__":"cc.Label","node":{"__id__":101},"_useOriginalSize":false,"_string":"炸弹数:","_N$string":"炸弹数:","_fontSize":24,"_lineHeight":35,"_N$file":{"__uuid__":"typdk345-cbe0-4203-a8ca-8141b2e63f4f"},"_isSystemFontUsed":false,"_N$horizontalAlign":1,"_N$verticalAlign":1}],"_prefab":{"__type__":"cc.PrefabInfo","root":{"__id__":1},"asset":{"__uuid__":"typdk67c-2f11-48ef-bae8-8eaddf82f29e"},"fileId":"02pAeA1GFPmZUg9UIiBfBO"},"_color":{"__type__":"cc.Color","r":92,"g":129,"b":61},"_contentSize":{"__type__":"cc.Size","width":78.38,"height":35},"_anchorPoint":{"__type__":"cc.Vec2","y":0.5},"_trs":{"__type__":"TypedArray","ctor":"Float64Array","array":[20,100,0,0,0,0,1,1,1,1]}},{"__type__":"cc.Node","_name":"New Label","_parent":{"__id__":88},"_components":[{"__type__":"cc.Label","node":{"__id__":102},"_useOriginalSize":false,"_string":"总分数:","_N$string":"总分数:","_fontSize":24,"_lineHeight":35,"_N$file":{"__uuid__":"typdk345-cbe0-4203-a8ca-8141b2e63f4f"},"_isSystemFontUsed":false,"_N$horizontalAlign":1,"_N$verticalAlign":1}],"_prefab":{"__type__":"cc.PrefabInfo","root":{"__id__":1},"asset":{"__uuid__":"typdk67c-2f11-48ef-bae8-8eaddf82f29e"},"fileId":"431dX0mM5DrpHjOVe4YLiZ"},"_color":{"__type__":"cc.Color","r":92,"g":129,"b":61},"_contentSize":{"__type__":"cc.Size","width":78.38,"height":35},"_trs":{"__type__":"TypedArray","ctor":"Float64Array","array":[64,-134,0,0,0,0,1,1,1,1]}},{"__type__":"cc.Node","_name":"lb_last2","_parent":{"__id__":88},"_active":false,"_components":[{"__type__":"cc.Label","node":{"__id__":103},"_useOriginalSize":false,"_string":"剩余牌数:","_N$string":"剩余牌数:","_fontSize":24,"_lineHeight":35,"_N$file":{"__uuid__":"typdk345-cbe0-4203-a8ca-8141b2e63f4f"},"_isSystemFontUsed":false,"_N$horizontalAlign":1,"_N$verticalAlign":1}],"_prefab":{"__type__":"cc.PrefabInfo","root":{"__id__":1},"asset":{"__uuid__":"typdk67c-2f11-48ef-bae8-8eaddf82f29e"},"fileId":"6et2IOhElGY6b/kBIBRoC0"},"_color":{"__type__":"cc.Color","r":92,"g":129,"b":61},"_contentSize":{"__type__":"cc.Size","width":102.38,"height":35},"_anchorPoint":{"__type__":"cc.Vec2","y":0.5},"_trs":{"__type__":"TypedArray","ctor":"Float64Array","array":[20,20,0,0,0,0,1,1,1,1]}},{"__type__":"cc.Node","_name":"lb_last1","_parent":{"__id__":88},"_components":[{"__type__":"cc.Label","node":{"__id__":104},"_useOriginalSize":false,"_string":"剩余牌数:","_N$string":"剩余牌数:","_fontSize":24,"_lineHeight":35,"_N$file":{"__uuid__":"typdk345-cbe0-4203-a8ca-8141b2e63f4f"},"_isSystemFontUsed":false,"_N$horizontalAlign":1,"_N$verticalAlign":1}],"_prefab":{"__type__":"cc.PrefabInfo","root":{"__id__":1},"asset":{"__uuid__":"typdk67c-2f11-48ef-bae8-8eaddf82f29e"},"fileId":"c4bnxHG0RD/6z/auCf1K76"},"_color":{"__type__":"cc.Color","r":92,"g":129,"b":61},"_contentSize":{"__type__":"cc.Size","width":102.38,"height":35},"_anchorPoint":{"__type__":"cc.Vec2","y":0.5},"_trs":{"__type__":"TypedArray","ctor":"Float64Array","array":[20,60,0,0,0,0,1,1,1,1]}},{"__type__":"cc.Node","_name":"lb_last3","_parent":{"__id__":88},"_active":false,"_components":[{"__type__":"cc.Label","node":{"__id__":105},"_useOriginalSize":false,"_string":"剩余牌数:","_N$string":"剩余牌数:","_fontSize":24,"_lineHeight":35,"_N$file":{"__uuid__":"typdk345-cbe0-4203-a8ca-8141b2e63f4f"},"_isSystemFontUsed":false,"_N$horizontalAlign":1,"_N$verticalAlign":1}],"_prefab":{"__type__":"cc.PrefabInfo","root":{"__id__":1},"asset":{"__uuid__":"typdk67c-2f11-48ef-bae8-8eaddf82f29e"},"fileId":"73JFfgEl9FiKR1r6SadR8A"},"_color":{"__type__":"cc.Color","r":92,"g":129,"b":61},"_contentSize":{"__type__":"cc.Size","width":102.38,"height":35},"_anchorPoint":{"__type__":"cc.Vec2","y":0.5},"_trs":{"__type__":"TypedArray","ctor":"Float64Array","array":[20,-20,0,0,0,0,1,1,1,1]}},{"__type__":"cc.Node","_name":"lb_cardNum1","_parent":{"__id__":88},"_components":[{"__type__":"cc.Label","node":{"__id__":106},"_useOriginalSize":false,"_string":"10","_N$string":"10","_fontSize":24,"_N$file":{"__uuid__":"typdk345-cbe0-4203-a8ca-8141b2e63f4f"},"_isSystemFontUsed":false,"_N$horizontalAlign":1,"_N$verticalAlign":1}],"_prefab":{"__type__":"cc.PrefabInfo","root":{"__id__":1},"asset":{"__uuid__":"typdk67c-2f11-48ef-bae8-8eaddf82f29e"},"fileId":"b3vJoICQFLk4OT9SnH32DO"},"_color":{"__type__":"cc.Color","r":181,"g":104,"b":48},"_contentSize":{"__type__":"cc.Size","width":22.5,"height":40},"_anchorPoint":{"__type__":"cc.Vec2","y":0.5},"_trs":{"__type__":"TypedArray","ctor":"Float64Array","array":[170,60,0,0,0,0,1,1,1,1]}},{"__type__":"cc.Node","_name":"lb_cardNum2","_parent":{"__id__":88},"_active":false,"_components":[{"__type__":"cc.Label","node":{"__id__":107},"_useOriginalSize":false,"_string":"10","_N$string":"10","_fontSize":24,"_N$file":{"__uuid__":"typdk345-cbe0-4203-a8ca-8141b2e63f4f"},"_isSystemFontUsed":false,"_N$horizontalAlign":1,"_N$verticalAlign":1}],"_prefab":{"__type__":"cc.PrefabInfo","root":{"__id__":1},"asset":{"__uuid__":"typdk67c-2f11-48ef-bae8-8eaddf82f29e"},"fileId":"0f2QNP+2JFkYnd/M3HL/La"},"_color":{"__type__":"cc.Color","r":181,"g":104,"b":48},"_contentSize":{"__type__":"cc.Size","width":22.5,"height":40},"_anchorPoint":{"__type__":"cc.Vec2","y":0.5},"_trs":{"__type__":"TypedArray","ctor":"Float64Array","array":[170,20,0,0,0,0,1,1,1,1]}},{"__type__":"cc.Node","_name":"lb_cardNum3","_parent":{"__id__":88},"_active":false,"_components":[{"__type__":"cc.Label","node":{"__id__":108},"_useOriginalSize":false,"_string":"10","_N$string":"10","_fontSize":24,"_N$file":{"__uuid__":"typdk345-cbe0-4203-a8ca-8141b2e63f4f"},"_isSystemFontUsed":false,"_N$horizontalAlign":1,"_N$verticalAlign":1}],"_prefab":{"__type__":"cc.PrefabInfo","root":{"__id__":1},"asset":{"__uuid__":"typdk67c-2f11-48ef-bae8-8eaddf82f29e"},"fileId":"f27BZOkCRDGaNdGr1n8oEk"},"_color":{"__type__":"cc.Color","r":181,"g":104,"b":48},"_contentSize":{"__type__":"cc.Size","width":22.5,"height":40},"_anchorPoint":{"__type__":"cc.Vec2","y":0.5},"_trs":{"__type__":"TypedArray","ctor":"Float64Array","array":[170,-20,0,0,0,0,1,1,1,1]}},{"__type__":"cc.Node","_name":"icon_bfgm","_parent":{"__id__":88},"_components":[{"__type__":"cc.Sprite","node":{"__id__":109},"_spriteFrame":{"__uuid__":"typdk27d-7c06-4ec5-9f1c-aa8de77f9ffa"}}],"_prefab":{"__type__":"cc.PrefabInfo","root":{"__id__":1},"asset":{"__uuid__":"typdk67c-2f11-48ef-bae8-8eaddf82f29e"},"fileId":"939k1D1lJO5JCmdhdKJpL/"},"_contentSize":{"__type__":"cc.Size","width":141,"height":49},"_trs":{"__type__":"TypedArray","ctor":"Float64Array","array":[75,-84,0,0,0,0,1,1,1,1]}},{"__type__":"cc.Node","_name":"icon_bgm","_parent":{"__id__":88},"_components":[{"__type__":"cc.Sprite","node":{"__id__":110},"_spriteFrame":{"__uuid__":"typdkcd6-b2b1-4f65-be20-52a6f5a0f30f"}}],"_prefab":{"__type__":"cc.PrefabInfo","root":{"__id__":1},"asset":{"__uuid__":"typdk67c-2f11-48ef-bae8-8eaddf82f29e"},"fileId":"8fPzqVYABMgozd6NiR5u3H"},"_contentSize":{"__type__":"cc.Size","width":113,"height":49},"_trs":{"__type__":"TypedArray","ctor":"Float64Array","array":[60,-84,0,0,0,0,1,1,1,1]}},{"__type__":"cc.Node","_name":"icon_qgm_win","_parent":{"__id__":88},"_components":[{"__type__":"cc.Sprite","node":{"__id__":111},"_spriteFrame":{"__uuid__":"typdk371-22fc-46be-b66b-e485a7d942be"}}],"_prefab":{"__type__":"cc.PrefabInfo","root":{"__id__":1},"asset":{"__uuid__":"typdk67c-2f11-48ef-bae8-8eaddf82f29e"},"fileId":"0fAncPlD5FPYiN7rxHoshr"},"_contentSize":{"__type__":"cc.Size","width":179,"height":49},"_trs":{"__type__":"TypedArray","ctor":"Float64Array","array":[94,-28,0,0,0,0,1,1,1,1]}},{"__type__":"cc.Node","_name":"icon_qgm_lose","_parent":{"__id__":88},"_components":[{"__type__":"cc.Sprite","node":{"__id__":112},"_spriteFrame":{"__uuid__":"typdk6f2-cb79-45e5-bf82-9620fc319c4a"}}],"_prefab":{"__type__":"cc.PrefabInfo","root":{"__id__":1},"asset":{"__uuid__":"typdk67c-2f11-48ef-bae8-8eaddf82f29e"},"fileId":"78cX5pmFBFOZFocHisoZCC"},"_contentSize":{"__type__":"cc.Size","width":179,"height":49},"_trs":{"__type__":"TypedArray","ctor":"Float64Array","array":[94,-28,0,0,0,0,1,1,1,1]}},{"__type__":"cc.Node","_name":"lb_sportsPoint","_parent":{"__id__":88},"_children":[{"__id__":114}],"_components":[{"__type__":"cc.Label","node":{"__id__":113},"_useOriginalSize":false,"_string":"+1000","_N$string":"+1000","_lineHeight":50,"_N$file":{"__uuid__":"typdk345-cbe0-4203-a8ca-8141b2e63f4f"},"_isSystemFontUsed":false,"_N$verticalAlign":1}],"_prefab":{"__type__":"cc.PrefabInfo","root":{"__id__":1},"asset":{"__uuid__":"typdk67c-2f11-48ef-bae8-8eaddf82f29e"},"fileId":"5f/dmrahJLcq/Mdwt/Nazz"},"_contentSize":{"__type__":"cc.Size","width":107.03,"height":50},"_anchorPoint":{"__type__":"cc.Vec2","y":0.5},"_trs":{"__type__":"TypedArray","ctor":"Float64Array","array":[121,-174,0,0,0,0,1,0.7,0.7,1]}},{"__type__":"cc.Node","_name":"New Label","_parent":{"__id__":113},"_components":[{"__type__":"cc.Label","node":{"__id__":114},"_useOriginalSize":false,"_string":"比赛分:","_N$string":"比赛分:","_fontSize":24,"_lineHeight":35,"_N$file":{"__uuid__":"typdk345-cbe0-4203-a8ca-8141b2e63f4f"},"_isSystemFontUsed":false,"_N$horizontalAlign":1,"_N$verticalAlign":1}],"_prefab":{"__type__":"cc.PrefabInfo","root":{"__id__":1},"asset":{"__uuid__":"typdk67c-2f11-48ef-bae8-8eaddf82f29e"},"fileId":"38klIsGclJL61TPQrMUWZ+"},"_color":{"__type__":"cc.Color","r":92,"g":129,"b":61},"_contentSize":{"__type__":"cc.Size","width":78.38,"height":35},"_trs":{"__type__":"TypedArray","ctor":"Float64Array","array":[-81.4285714,-1.4285714,0,0,0,0,1,1.4285714,1.4285714,1]}},{"__type__":"cc.Node","_name":"roomID","_parent":{"__id__":1},"_components":[{"__id__":116}],"_prefab":{"__type__":"cc.PrefabInfo","root":{"__id__":1},"asset":{"__uuid__":"typdk67c-2f11-48ef-bae8-8eaddf82f29e"},"fileId":"5b721pRevhGr6QWXjoskt2I"},"_color":{"__type__":"cc.Color","r":92,"g":129,"b":61},"_contentSize":{"__type__":"cc.Size","width":168.59,"height":35},"_trs":{"__type__":"TypedArray","ctor":"Float64Array","array":[64,222,0,0,0,0,1,1,1,1]}},{"__type__":"cc.Label","node":{"__id__":115},"_useOriginalSize":false,"_string":"房间号:123456","_N$string":"房间号:123456","_fontSize":26,"_lineHeight":35,"_N$file":{"__uuid__":"typdk345-cbe0-4203-a8ca-8141b2e63f4f"},"_isSystemFontUsed":false,"_N$horizontalAlign":1,"_N$verticalAlign":1},{"__type__":"cc.Node","_name":"huifang","_parent":{"__id__":1},"_components":[{"__id__":118}],"_prefab":{"__type__":"cc.PrefabInfo","root":{"__id__":1},"asset":{"__uuid__":"typdk67c-2f11-48ef-bae8-8eaddf82f29e"},"fileId":"ediR/dHqREdaTyb9djLER3"},"_color":{"__type__":"cc.Color","r":92,"g":129,"b":61},"_contentSize":{"__type__":"cc.Size","width":187.69,"height":35},"_trs":{"__type__":"TypedArray","ctor":"Float64Array","array":[399,265,0,0,0,0,1,1,1,1]}},{"__type__":"cc.Label","node":{"__id__":117},"_useOriginalSize":false,"_string":"回放码：123456","_N$string":"回放码：123456","_fontSize":26,"_lineHeight":35,"_N$file":{"__uuid__":"typdk345-cbe0-4203-a8ca-8141b2e63f4f"},"_isSystemFontUsed":false,"_N$horizontalAlign":1,"_N$verticalAlign":1},{"__type__":"cc.Node","_name":"jushu","_parent":{"__id__":1},"_components":[{"__id__":120}],"_prefab":{"__type__":"cc.PrefabInfo","root":{"__id__":1},"asset":{"__uuid__":"typdk67c-2f11-48ef-bae8-8eaddf82f29e"},"fileId":"7f29bFexW5DarGwv10Wil/m"},"_color":{"__type__":"cc.Color","r":92,"g":129,"b":61},"_contentSize":{"__type__":"cc.Size","width":73.73,"height":35},"_trs":{"__type__":"TypedArray","ctor":"Float64Array","array":[225,222,0,0,0,0,1,1,1,1]}},{"__type__":"cc.Label","node":{"__id__":119},"_useOriginalSize":false,"_string":"局数:8","_N$string":"局数:8","_fontSize":26,"_lineHeight":35,"_N$file":{"__uuid__":"typdk345-cbe0-4203-a8ca-8141b2e63f4f"},"_isSystemFontUsed":false,"_N$horizontalAlign":1,"_N$verticalAlign":1},{"__type__":"cc.Node","_name":"endTime","_parent":{"__id__":1},"_components":[{"__id__":122}],"_prefab":{"__type__":"cc.PrefabInfo","root":{"__id__":1},"asset":{"__uuid__":"typdk67c-2f11-48ef-bae8-8eaddf82f29e"},"fileId":"3cd766ACC9Ho7KSHk0z434V"},"_color":{"__type__":"cc.Color","r":92,"g":129,"b":61},"_contentSize":{"__type__":"cc.Size","width":233.09,"height":35},"_trs":{"__type__":"TypedArray","ctor":"Float64Array","array":[422,222,0,0,0,0,1,1,1,1]}},{"__type__":"cc.Label","node":{"__id__":121},"_useOriginalSize":false,"_string":"2017-5-30 15:30:00","_N$string":"2017-5-30 15:30:00","_fontSize":26,"_lineHeight":35,"_N$file":{"__uuid__":"typdk345-cbe0-4203-a8ca-8141b2e63f4f"},"_isSystemFontUsed":false,"_N$horizontalAlign":1,"_N$verticalAlign":1},{"__type__":"cc.Node","_name":"btn_lists","_parent":{"__id__":1},"_children":[{"__id__":124},{"__id__":126},{"__id__":128}],"_components":[{"__type__":"cc.Layout","node":{"__id__":123},"_enabled":false,"_layoutSize":{"__type__":"cc.Size","width":700,"height":200},"_resize":1,"_N$layoutType":1,"_N$spacingX":500}],"_prefab":{"__type__":"cc.PrefabInfo","root":{"__id__":1},"asset":{"__uuid__":"typdk67c-2f11-48ef-bae8-8eaddf82f29e"},"fileId":"c7679azNB1HU5KoslcWb9SJ"},"_contentSize":{"__type__":"cc.Size","width":700,"height":200},"_trs":{"__type__":"TypedArray","ctor":"Float64Array","array":[0,0,0,0,0,0,1,1,1,1]}},{"__type__":"cc.Node","_name":"btn_sharemore","_parent":{"__id__":123},"_children":[{"__id__":125}],"_components":[{"__type__":"cc.Sprite","node":{"__id__":124},"_spriteFrame":{"__uuid__":"typdk348-5a6d-4829-b622-4d6faff1a7f4"},"_sizeMode":0},{"__type__":"cc.Button","node":{"__id__":124},"clickEvents":[{"__type__":"cc.ClickEvent","target":{"__id__":1},"_componentId":"typdkb45-dc01-4600-abdc-03148f4b6375","handler":"OnClick_BtnWnd"}],"_N$transition":3,"transition":3,"_N$normalColor":{"__type__":"cc.Color","r":214,"g":214,"b":214},"_N$target":{"__id__":124}}],"_prefab":{"__type__":"cc.PrefabInfo","root":{"__id__":1},"asset":{"__uuid__":"typdk67c-2f11-48ef-bae8-8eaddf82f29e"},"fileId":"e4a872YkcVDD4Rk1EDnNssR"},"_contentSize":{"__type__":"cc.Size","width":180,"height":70},"_trs":{"__type__":"TypedArray","ctor":"Float64Array","array":[-300,-249,0,0,0,0,1,1,1,1]}},{"__type__":"cc.Node","_name":"icon","_parent":{"__id__":124},"_components":[{"__type__":"cc.Label","node":{"__id__":125},"_useOriginalSize":false,"_string":"分享","_N$string":"分享","_fontSize":36,"_lineHeight":36,"_N$file":{"__uuid__":"typdk345-cbe0-4203-a8ca-8141b2e63f4f"},"_isSystemFontUsed":false,"_N$horizontalAlign":1,"_N$verticalAlign":1}],"_prefab":{"__type__":"cc.PrefabInfo","root":{"__id__":1},"asset":{"__uuid__":"typdk67c-2f11-48ef-bae8-8eaddf82f29e"},"fileId":"4f208PwNRtAzqG6F6wLYWy2"},"_color":{"__type__":"cc.Color","r":82,"g":107},"_contentSize":{"__type__":"cc.Size","width":72,"height":36},"_trs":{"__type__":"TypedArray","ctor":"Float64Array","array":[0,0,0,0,0,0,1,1,1,1]}},{"__type__":"cc.Node","_name":"btn_out","_parent":{"__id__":123},"_children":[{"__id__":127}],"_components":[{"__type__":"cc.Sprite","node":{"__id__":126},"_spriteFrame":{"__uuid__":"typdk8b2-6716-419b-9561-950bca95e809"},"_sizeMode":0},{"__type__":"cc.Button","node":{"__id__":126},"clickEvents":[{"__type__":"cc.ClickEvent","target":{"__id__":1},"_componentId":"typdkb45-dc01-4600-abdc-03148f4b6375","handler":"OnClick_BtnWnd"}],"_N$transition":3,"transition":3,"_N$normalColor":{"__type__":"cc.Color","r":214,"g":214,"b":214},"_N$target":{"__id__":126}}],"_prefab":{"__type__":"cc.PrefabInfo","root":{"__id__":1},"asset":{"__uuid__":"typdk67c-2f11-48ef-bae8-8eaddf82f29e"},"fileId":"b991alhrrdP8Zh2WtBbG+nb"},"_contentSize":{"__type__":"cc.Size","width":180,"height":70},"_trs":{"__type__":"TypedArray","ctor":"Float64Array","array":[0,-250,0,0,0,0,1,1,1,1]}},{"__type__":"cc.Node","_name":"icon","_parent":{"__id__":126},"_components":[{"__type__":"cc.Label","node":{"__id__":127},"_useOriginalSize":false,"_string":"离开房间","_N$string":"离开房间","_fontSize":36,"_lineHeight":36,"_N$file":{"__uuid__":"typdk345-cbe0-4203-a8ca-8141b2e63f4f"},"_isSystemFontUsed":false,"_N$horizontalAlign":1,"_N$verticalAlign":1}],"_prefab":{"__type__":"cc.PrefabInfo","root":{"__id__":1},"asset":{"__uuid__":"typdk67c-2f11-48ef-bae8-8eaddf82f29e"},"fileId":"a707ek0LN1Dup5lptnfFnZG"},"_color":{"__type__":"cc.Color","r":135,"g":84,"b":34},"_contentSize":{"__type__":"cc.Size","width":144,"height":36},"_trs":{"__type__":"TypedArray","ctor":"Float64Array","array":[0,0,0,0,0,0,1,1,1,1]}},{"__type__":"cc.Node","_name":"btn_jixu","_parent":{"__id__":123},"_children":[{"__id__":129}],"_components":[{"__type__":"cc.Sprite","node":{"__id__":128},"_spriteFrame":{"__uuid__":"typdk8b2-6716-419b-9561-950bca95e809"},"_sizeMode":0},{"__type__":"cc.Button","node":{"__id__":128},"clickEvents":[{"__type__":"cc.ClickEvent","target":{"__id__":1},"_componentId":"typdkb45-dc01-4600-abdc-03148f4b6375","handler":"OnClick_BtnWnd"}],"_N$transition":3,"transition":3,"_N$normalColor":{"__type__":"cc.Color","r":214,"g":214,"b":214},"_N$target":{"__id__":128}}],"_prefab":{"__type__":"cc.PrefabInfo","root":{"__id__":1},"asset":{"__uuid__":"typdk67c-2f11-48ef-bae8-8eaddf82f29e"},"fileId":"2e0b2BatJ1AAIFk3AlbPPxp"},"_contentSize":{"__type__":"cc.Size","width":170,"height":70},"_trs":{"__type__":"TypedArray","ctor":"Float64Array","array":[300,-252,0,0,0,0,1,1,1,1]}},{"__type__":"cc.Node","_name":"icon","_parent":{"__id__":128},"_components":[{"__type__":"cc.Label","node":{"__id__":129},"_useOriginalSize":false,"_string":"继续","_N$string":"继续","_fontSize":36,"_lineHeight":36,"_N$file":{"__uuid__":"typdk345-cbe0-4203-a8ca-8141b2e63f4f"},"_isSystemFontUsed":false,"_N$horizontalAlign":1,"_N$verticalAlign":1}],"_prefab":{"__type__":"cc.PrefabInfo","root":{"__id__":1},"asset":{"__uuid__":"typdk67c-2f11-48ef-bae8-8eaddf82f29e"},"fileId":"cbac4U1H9hJzKXw7h52KkH+"},"_color":{"__type__":"cc.Color","r":135,"g":84,"b":34},"_contentSize":{"__type__":"cc.Size","width":72,"height":36},"_trs":{"__type__":"TypedArray","ctor":"Float64Array","array":[0,0,0,0,0,0,1,1,1,1]}},{"__type__":"cc.Node","_name":"room_Double","_parent":{"__id__":1},"_components":[{"__id__":131}],"_prefab":{"__type__":"cc.PrefabInfo","root":{"__id__":1},"asset":{"__uuid__":"typdk67c-2f11-48ef-bae8-8eaddf82f29e"},"fileId":"503831zRR1IHJbVyNL6YjXa"},"_color":{"__type__":"cc.Color","r":92,"g":129,"b":61},"_contentSize":{"__type__":"cc.Size","width":284.17,"height":35},"_anchorPoint":{"__type__":"cc.Vec2","y":0.5},"_trs":{"__type__":"TypedArray","ctor":"Float64Array","array":[-321,222,0,0,0,0,1,1,1,1]}},{"__type__":"cc.Label","node":{"__id__":130},"_useOriginalSize":false,"_string":"房间炸弹数:200,300,400","_N$string":"房间炸弹数:200,300,400","_fontSize":26,"_lineHeight":35,"_N$file":{"__uuid__":"typdk345-cbe0-4203-a8ca-8141b2e63f4f"},"_isSystemFontUsed":false,"_N$horizontalAlign":1,"_N$verticalAlign":1},{"__type__":"cc.Node","_name":"room_MaxDouble","_parent":{"__id__":1},"_components":[{"__id__":133}],"_prefab":{"__type__":"cc.PrefabInfo","root":{"__id__":1},"asset":{"__uuid__":"typdk67c-2f11-48ef-bae8-8eaddf82f29e"},"fileId":"8108dvPed1AyaYJ7sgzCtuz"},"_color":{"__type__":"cc.Color","r":92,"g":129,"b":61},"_contentSize":{"__type__":"cc.Size","width":214.91,"height":35},"_anchorPoint":{"__type__":"cc.Vec2","y":0.5},"_trs":{"__type__":"TypedArray","ctor":"Float64Array","array":[-563,222,0,0,0,0,1,1,1,1]}},{"__type__":"cc.Label","node":{"__id__":132},"_useOriginalSize":false,"_string":"封顶炸弹数:无限制","_N$string":"封顶炸弹数:无限制","_fontSize":26,"_lineHeight":35,"_N$file":{"__uuid__":"typdk345-cbe0-4203-a8ca-8141b2e63f4f"},"_isSystemFontUsed":false,"_N$horizontalAlign":1,"_N$verticalAlign":1},{"__type__":"cc.Node","_name":"sharemore","_parent":{"__id__":1},"_children":[{"__id__":135},{"__id__":143}],"_active":false,"_components":[{"__type__":"cc.Widget","node":{"__id__":134},"alignMode":0,"_alignFlags":45,"_originalWidth":750,"_originalHeight":1360},{"__type__":"cc.Button","node":{"__id__":134},"_N$normalColor":{"__type__":"cc.Color","r":214,"g":214,"b":214},"_N$target":{"__id__":134}}],"_prefab":{"__type__":"cc.PrefabInfo","root":{"__id__":1},"asset":{"__uuid__":"typdk67c-2f11-48ef-bae8-8eaddf82f29e"},"fileId":"2859cxSONRCf7byX9Qm6wXs"},"_contentSize":{"__type__":"cc.Size","width":1360,"height":760},"_trs":{"__type__":"TypedArray","ctor":"Float64Array","array":[0,0,0,0,0,0,1,1,1,1]}},{"__type__":"cc.Node","_name":"bg","_parent":{"__id__":134},"_children":[{"__id__":136},{"__id__":137},{"__id__":139},{"__id__":141}],"_components":[{"__type__":"cc.Sprite","node":{"__id__":135},"_spriteFrame":{"__uuid__":"typdk74b-fe70-4320-bb96-a5a0a43c5109"},"_type":1,"_sizeMode":0}],"_prefab":{"__type__":"cc.PrefabInfo","root":{"__id__":1},"asset":{"__uuid__":"typdk67c-2f11-48ef-bae8-8eaddf82f29e"},"fileId":"bd928otd7hPi4CsqMkeYKZE"},"_contentSize":{"__type__":"cc.Size","width":650,"height":330},"_trs":{"__type__":"TypedArray","ctor":"Float64Array","array":[0,-20,0,0,0,0,1,1,1,1]}},{"__type__":"cc.Node","_name":"New Sprite(Splash)","_parent":{"__id__":135},"_components":[{"__type__":"cc.Sprite","node":{"__id__":136},"_spriteFrame":{"__uuid__":"a2MjXRFdtLlYQ5ouAFv/+R"},"_sizeMode":0}],"_prefab":{"__type__":"cc.PrefabInfo","root":{"__id__":1},"asset":{"__uuid__":"typdk67c-2f11-48ef-bae8-8eaddf82f29e"},"fileId":"3cda4yX28tAfZKg27j8ie6a"},"_contentSize":{"__type__":"cc.Size","width":600,"height":300},"_trs":{"__type__":"TypedArray","ctor":"Float64Array","array":[0,0,0,0,0,0,1,1,1,1]}},{"__type__":"cc.Node","_name":"btn_share","_parent":{"__id__":135},"_children":[{"__id__":138}],"_components":[{"__type__":"cc.Button","node":{"__id__":137},"zoomScale":0.9,"clickEvents":[{"__type__":"cc.ClickEvent","target":{"__id__":1},"_componentId":"typdkb45-dc01-4600-abdc-03148f4b6375","handler":"OnClick_BtnWnd"}],"_N$transition":3,"transition":3,"_N$pressedColor":{"__type__":"cc.Color","r":255,"g":255,"b":255},"pressedColor":{"__type__":"cc.Color","r":255,"g":255,"b":255},"_N$disabledColor":{"__type__":"cc.Color","r":255,"g":255,"b":255},"_N$pressedSprite":{"__uuid__":"e97GVMl6JHh5Ml5qEDdSGa"},"pressedSprite":{"__uuid__":"e97GVMl6JHh5Ml5qEDdSGa"},"_N$hoverSprite":{"__uuid__":"e97GVMl6JHh5Ml5qEDdSGa"},"hoverSprite":{"__uuid__":"e97GVMl6JHh5Ml5qEDdSGa"},"_N$disabledSprite":{"__uuid__":"29FYIk+N1GYaeWH/q1NxQO"},"_N$target":{"__id__":137}},{"__type__":"cc.Sprite","node":{"__id__":137},"_spriteFrame":{"__uuid__":"typdk931-daed-4b2b-9228-421a65d3005e"}}],"_prefab":{"__type__":"cc.PrefabInfo","root":{"__id__":1},"asset":{"__uuid__":"typdk67c-2f11-48ef-bae8-8eaddf82f29e"},"fileId":"59920Ae7plNc4L43d/Xlp3+"},"_contentSize":{"__type__":"cc.Size","width":171,"height":172},"_trs":{"__type__":"TypedArray","ctor":"Float64Array","array":[-200,30,0,0,0,0,1,1,1,1]}},{"__type__":"cc.Node","_name":"label","_parent":{"__id__":137},"_components":[{"__type__":"cc.Label","node":{"__id__":138},"_useOriginalSize":false,"_string":"微信","_N$string":"微信","_fontSize":38,"_lineHeight":38,"_N$file":{"__uuid__":"typdk345-cbe0-4203-a8ca-8141b2e63f4f"},"_isSystemFontUsed":false,"_N$horizontalAlign":1,"_N$verticalAlign":1}],"_prefab":{"__type__":"cc.PrefabInfo","root":{"__id__":1},"asset":{"__uuid__":"typdk67c-2f11-48ef-bae8-8eaddf82f29e"},"fileId":"918b10NnbdAAa0NtaFdS6PG"},"_color":{"__type__":"cc.Color","r":138,"g":55},"_contentSize":{"__type__":"cc.Size","width":76,"height":38},"_trs":{"__type__":"TypedArray","ctor":"Float64Array","array":[0,-123,0,0,0,0,1,1,1,1]}},{"__type__":"cc.Node","_name":"btn_ddshare","_parent":{"__id__":135},"_children":[{"__id__":140}],"_components":[{"__type__":"cc.Button","node":{"__id__":139},"zoomScale":0.9,"clickEvents":[{"__type__":"cc.ClickEvent","target":{"__id__":1},"_componentId":"typdkb45-dc01-4600-abdc-03148f4b6375","handler":"OnClick_BtnWnd"}],"_N$transition":3,"transition":3,"_N$pressedColor":{"__type__":"cc.Color","r":255,"g":255,"b":255},"pressedColor":{"__type__":"cc.Color","r":255,"g":255,"b":255},"_N$disabledColor":{"__type__":"cc.Color","r":255,"g":255,"b":255},"_N$pressedSprite":{"__uuid__":"e97GVMl6JHh5Ml5qEDdSGa"},"pressedSprite":{"__uuid__":"e97GVMl6JHh5Ml5qEDdSGa"},"_N$hoverSprite":{"__uuid__":"e97GVMl6JHh5Ml5qEDdSGa"},"hoverSprite":{"__uuid__":"e97GVMl6JHh5Ml5qEDdSGa"},"_N$disabledSprite":{"__uuid__":"29FYIk+N1GYaeWH/q1NxQO"},"_N$target":{"__id__":139}},{"__type__":"cc.Sprite","node":{"__id__":139},"_spriteFrame":{"__uuid__":"typdk32c-2ab0-4e59-8356-d070cfd3d4cb"},"_sizeMode":0}],"_prefab":{"__type__":"cc.PrefabInfo","root":{"__id__":1},"asset":{"__uuid__":"typdk67c-2f11-48ef-bae8-8eaddf82f29e"},"fileId":"55c6fr0AWdHFaAlIe/zHmwH"},"_contentSize":{"__type__":"cc.Size","width":171,"height":171},"_trs":{"__type__":"TypedArray","ctor":"Float64Array","array":[0,30,0,0,0,0,1,1,1,1]}},{"__type__":"cc.Node","_name":"label","_parent":{"__id__":139},"_components":[{"__type__":"cc.Label","node":{"__id__":140},"_useOriginalSize":false,"_string":"钉钉","_N$string":"钉钉","_fontSize":38,"_lineHeight":38,"_N$file":{"__uuid__":"typdk345-cbe0-4203-a8ca-8141b2e63f4f"},"_isSystemFontUsed":false,"_N$horizontalAlign":1,"_N$verticalAlign":1}],"_prefab":{"__type__":"cc.PrefabInfo","root":{"__id__":1},"asset":{"__uuid__":"typdk67c-2f11-48ef-bae8-8eaddf82f29e"},"fileId":"cba73bFfsJF8ILR9W/nxvdk"},"_color":{"__type__":"cc.Color","r":138,"g":55},"_contentSize":{"__type__":"cc.Size","width":76,"height":38},"_trs":{"__type__":"TypedArray","ctor":"Float64Array","array":[0,-123,0,0,0,0,1,1,1,1]}},{"__type__":"cc.Node","_name":"btn_xlshare","_parent":{"__id__":135},"_children":[{"__id__":142}],"_components":[{"__type__":"cc.Button","node":{"__id__":141},"zoomScale":0.9,"clickEvents":[{"__type__":"cc.ClickEvent","target":{"__id__":1},"_componentId":"typdkb45-dc01-4600-abdc-03148f4b6375","handler":"OnClick_BtnWnd"}],"_N$transition":3,"transition":3,"_N$pressedColor":{"__type__":"cc.Color","r":255,"g":255,"b":255},"pressedColor":{"__type__":"cc.Color","r":255,"g":255,"b":255},"_N$disabledColor":{"__type__":"cc.Color","r":255,"g":255,"b":255},"_N$pressedSprite":{"__uuid__":"e97GVMl6JHh5Ml5qEDdSGa"},"pressedSprite":{"__uuid__":"e97GVMl6JHh5Ml5qEDdSGa"},"_N$hoverSprite":{"__uuid__":"e97GVMl6JHh5Ml5qEDdSGa"},"hoverSprite":{"__uuid__":"e97GVMl6JHh5Ml5qEDdSGa"},"_N$disabledSprite":{"__uuid__":"29FYIk+N1GYaeWH/q1NxQO"},"_N$target":{"__id__":141}},{"__type__":"cc.Sprite","node":{"__id__":141},"_spriteFrame":{"__uuid__":"typdk66c-076c-435e-a551-fbbf454b4187"},"_sizeMode":0}],"_prefab":{"__type__":"cc.PrefabInfo","root":{"__id__":1},"asset":{"__uuid__":"typdk67c-2f11-48ef-bae8-8eaddf82f29e"},"fileId":"a9ad3jUeO1IhZKQYCsHHGR1"},"_contentSize":{"__type__":"cc.Size","width":171,"height":171},"_trs":{"__type__":"TypedArray","ctor":"Float64Array","array":[200,30.000000000000057,0,0,0,0,1,1,1,1]}},{"__type__":"cc.Node","_name":"label","_parent":{"__id__":141},"_components":[{"__type__":"cc.Label","node":{"__id__":142},"_useOriginalSize":false,"_string":"闲聊","_N$string":"闲聊","_fontSize":38,"_lineHeight":38,"_N$file":{"__uuid__":"typdk345-cbe0-4203-a8ca-8141b2e63f4f"},"_isSystemFontUsed":false,"_N$horizontalAlign":1,"_N$verticalAlign":1}],"_prefab":{"__type__":"cc.PrefabInfo","root":{"__id__":1},"asset":{"__uuid__":"typdk67c-2f11-48ef-bae8-8eaddf82f29e"},"fileId":"64354p0lxRA8KfJte4+bqYk"},"_color":{"__type__":"cc.Color","r":138,"g":55},"_contentSize":{"__type__":"cc.Size","width":76,"height":38},"_trs":{"__type__":"TypedArray","ctor":"Float64Array","array":[0,-123,0,0,0,0,1,1,1,1]}},{"__type__":"cc.Node","_name":"btn_closeshare","_parent":{"__id__":134},"_components":[{"__type__":"cc.Sprite","node":{"__id__":143},"_spriteFrame":{"__uuid__":"typdked7-f3a2-49f2-bdae-92ddc74dd698"},"_sizeMode":0},{"__type__":"cc.Button","node":{"__id__":143},"clickEvents":[{"__type__":"cc.ClickEvent","target":{"__id__":1},"_componentId":"typdkb45-dc01-4600-abdc-03148f4b6375","handler":"OnClick_BtnWnd"}],"_N$transition":3,"transition":3,"_N$normalColor":{"__type__":"cc.Color","r":214,"g":214,"b":214},"_N$target":{"__id__":143}}],"_prefab":{"__type__":"cc.PrefabInfo","root":{"__id__":1},"asset":{"__uuid__":"typdk67c-2f11-48ef-bae8-8eaddf82f29e"},"fileId":"ec640eimWlGxrKEZ0gNdo3q"},"_contentSize":{"__type__":"cc.Size","width":80,"height":80},"_trs":{"__type__":"TypedArray","ctor":"Float64Array","array":[322,130,0,0,0,0,1,1,1,1]}}],{"__type__":"cc.SpriteFrame","content":{"name":"icon_qgm_lose","texture":"typdkb29-cd75-4fac-b972-8765a941b76c","rect":[0,0,179,49],"offset":[-0.5,0.5],"originalSize":[180,50],"capInsets":[0,0,0,0]}},{"__type__":"cc.SpriteFrame","content":{"name":"bg_box2","texture":"typdkc4d-4726-47af-a153-92ba9850277b","rect":[3,2,812,404],"offset":[0,0],"originalSize":[818,408],"capInsets":[0,0,0,0]}},{"__type__":"cc.SpriteFrame","content":{"name":"bg_popup2","texture":"typdk689-5f93-42a3-b0dc-51edaf213a2d","rect":[0,0,33,25],"offset":[0,0],"originalSize":[33,25],"capInsets":[15,11,15,11]}},{"__type__":"cc.SpriteFrame","content":{"name":"btn_yellow1","texture":"typdkd7b-1853-48ac-b438-52e339ef4811","rect":[0,0,243,77],"offset":[-0.5,0.5],"originalSize":[244,78],"capInsets":[0,0,0,0]}},{"__type__":"cc.SpriteFrame","content":{"name":"btn_wx","texture":"typdka51-15fd-469d-8a47-6ff7ca5f6041","rect":[0,0,171,172],"offset":[0,0],"originalSize":[171,172],"capInsets":[0,0,0,0]}},{"__type__":"cc.SpriteFrame","content":{"name":"bg_create","texture":"typdk1df-95d6-44c1-9326-e75c661dca3c","rect":[2,2,1185,634],"offset":[-0.5,0],"originalSize":[1190,638],"capInsets":[0,0,0,0]}},{"__type__":"cc.SpriteFrame","content":{"name":"morentouxiang","texture":"typdk652-0393-4ea1-84d8-1bdd3044f177","rect":[0,0,60,60],"offset":[0,0],"originalSize":[60,60],"capInsets":[0,0,0,0]}},{"__type__":"cc.SpriteFrame","content":{"name":"icon_bgm","texture":"typdkff4-7216-47e6-ac1a-8c50ecbac55f","rect":[0,0,113,49],"offset":[-0.5,0.5],"originalSize":[114,50],"capInsets":[0,0,0,0]}},{"__type__":"cc.SpriteFrame","content":{"name":"bg","texture":"typdk036-8a0c-4d92-8561-c45e53fa19cc","rect":[0,0,21,63],"offset":[0,0],"originalSize":[21,63],"capInsets":[0,0,0,0]}},{"__type__":"cc.SpriteFrame","content":{"name":"bg_popup","texture":"typdk44a-daec-4866-bee0-4477b8404e94","rect":[0,0,29,33],"offset":[0,0],"originalSize":[29,33],"capInsets":[11,11,11,14]}},{"__type__":"cc.SpriteFrame","content":{"name":"personal_id","texture":"typdk3de-65b1-4ebb-ae32-a0235645a28b","rect":[0,0,31,31],"offset":[0,0],"originalSize":[31,31],"capInsets":[0,0,0,0]}},{"__type__":"cc.SpriteFrame","content":{"name":"btn_close","texture":"typdk435-32f0-46cf-9b76-ae84a1baec20","rect":[0,0,79,80],"offset":[0,0],"originalSize":[79,80],"capInsets":[0,0,0,0]}}]