[{"__type__":"cc.AnimationClip","_name":"card_type12","_duration":0.15,"speed":0.33,"curveData":{"comps":{"cc.Sprite":{"spriteFrame":[{"frame":0,"value":{"__uuid__":"typdk653-7e20-4408-9ebf-7ca776ef0bcd"}},{"frame":0.016666666666666666,"value":{"__uuid__":"typdk91e-2866-40d5-979d-0420da415e3e"}},{"frame":0.03333333333333333,"value":{"__uuid__":"typdk843-d66a-4194-bed3-e63b849bc375"}},{"frame":0.05,"value":{"__uuid__":"typdkd1c-92e9-4e47-927a-ff372ed34732"}},{"frame":0.06666666666666667,"value":{"__uuid__":"typdkca8-733b-4ec0-91de-69d10c66698b"}},{"frame":0.08333333333333333,"value":{"__uuid__":"typdkb90-b6c8-447e-94e3-ef40f9e81a69"}},{"frame":0.1,"value":{"__uuid__":"typdkb84-fb93-4497-ab72-0703a4c5382f"}},{"frame":0.11666666666666667,"value":{"__uuid__":"typdk31e-c12c-48a5-8fc9-6008e30740d4"}},{"frame":0.13333333333333333,"value":null}]}}}},{"__type__":"cc.SpriteFrame","content":{"name":"08","texture":"typdk47d-b92e-4bf6-acf1-6ff83abd16df","rect":[0,3,312,145],"offset":[-22.5,0.5],"originalSize":[357,152],"capInsets":[0,0,0,0]}},{"__type__":"cc.SpriteFrame","content":{"name":"01","texture":"typdkd63-ffb7-4e0f-a596-740304434bf2","rect":[24,0,256,152],"offset":[-26.5,0],"originalSize":[357,152],"capInsets":[0,0,0,0]}},{"__type__":"cc.SpriteFrame","content":{"name":"03","texture":"typdk52e-c172-4c6c-a665-a24d2ef582bb","rect":[58,0,262,152],"offset":[10.5,0],"originalSize":[357,152],"capInsets":[0,0,0,0]}},{"__type__":"cc.SpriteFrame","content":{"name":"02","texture":"typdk4f6-1ff2-499e-8ca5-d810a834d5f9","rect":[44,0,256,152],"offset":[-6.5,0],"originalSize":[357,152],"capInsets":[0,0,0,0]}},{"__type__":"cc.SpriteFrame","content":{"name":"07","texture":"typdkc4a-35c2-43a5-9fd5-c2bd59ec7e84","rect":[4,1,288,150],"offset":[-30.5,0],"originalSize":[357,152],"capInsets":[0,0,0,0]}},{"__type__":"cc.SpriteFrame","content":{"name":"06","texture":"typdkdfa-4074-42dd-9f40-c3936b7f4303","rect":[34,0,256,152],"offset":[-16.5,0],"originalSize":[357,152],"capInsets":[0,0,0,0]}},{"__type__":"cc.SpriteFrame","content":{"name":"05","texture":"typdk916-555e-4f57-91a5-d667362090a2","rect":[44,0,256,152],"offset":[-6.5,0],"originalSize":[357,152],"capInsets":[0,0,0,0]}},{"__type__":"cc.SpriteFrame","content":{"name":"04","texture":"typdk871-2570-4f83-8b16-47331b347783","rect":[64,0,256,152],"offset":[13.5,0],"originalSize":[357,152],"capInsets":[0,0,0,0]}}]