[{"__type__":"cc.SpriteFrame","content":{"name":"default_btn_disabled","texture":"71VhFCTINJM6/Ky3oX9nBT","rect":[0,0,40,40],"offset":[0,0],"originalSize":[40,40],"capInsets":[12,12,12,12]}},{"__type__":"cc.SpriteFrame","content":{"name":"logo_pdk","texture":"49xEf8hYJNTrS9y32BNrJH","rect":[0,0,225,75],"offset":[0,0],"originalSize":[225,75],"capInsets":[0,0,0,0]}},{"__type__":"cc.SpriteFrame","content":{"name":"btn_sj","texture":"03pmxItWNCLKW/N+I8Lmzu","rect":[0,0,105,59],"offset":[0,0],"originalSize":[105,59],"capInsets":[0,0,0,0]}},{"__type__":"cc.SpriteFrame","content":{"name":"img_djs2","texture":"5e57M1qbdK8qwicQ21nfOi","rect":[0,0,17,16],"offset":[0,0],"originalSize":[17,16],"capInsets":[0,0,0,0]}},{"__type__":"cc.SpriteFrame","content":{"name":"trusteeship","texture":"e6Y1fg5TVDxaWQWcBwSmEf","rect":[0,0,80,77],"offset":[0,0],"originalSize":[80,77],"capInsets":[0,0,0,0]}},{"__type__":"cc.SpriteFrame","content":{"name":"default_sprite_splash","texture":"02delMVqdBD70a/HSD99FK","rect":[0,0,2,2],"offset":[0,0],"originalSize":[2,2],"capInsets":[0,0,0,0]}},{"__type__":"cc.SpriteFrame","content":{"name":"btn_xj","texture":"01Vm5cQalDBb4kDfCHCZ59","rect":[0,0,105,59],"offset":[0,0],"originalSize":[105,59],"capInsets":[0,0,0,0]}},{"__type__":"cc.SpriteFrame","content":{"name":"default_btn_pressed","texture":"b4P/PCArtIdIH38t6mlw8Y","rect":[0,0,40,40],"offset":[0,0],"originalSize":[40,40],"capInsets":[12,12,12,12]}},{"__type__":"cc.SpriteFrame","content":{"name":"default_btn_normal","texture":"e8Ueib+qJEhL6mXAHdnwbi","rect":[0,0,40,40],"offset":[0,0],"originalSize":[40,40],"capInsets":[12,12,12,12]}},{"__type__":"cc.SpriteFrame","content":{"name":"fangzhu","texture":"typdkc49-d06c-47de-9de0-b1427c5562be","rect":[0,0,34,35],"offset":[0,0],"originalSize":[34,35],"capInsets":[0,0,0,0]}},{"__type__":"cc.SpriteFrame","content":{"name":"bg_table","texture":"typdka14-69ec-44a3-9366-b9271d196d9d","rect":[0,0,1600,800],"offset":[0,0],"originalSize":[1600,800],"capInsets":[0,0,0,0]}},{"__type__":"cc.SpriteFrame","content":{"name":"poker_back1","texture":"typdk17e-66fd-4943-bb7c-b50867333e6e","rect":[1,1,131,182],"offset":[-0.5,0.5],"originalSize":[134,185],"capInsets":[0,0,0,0]}},{"__type__":"cc.SpriteFrame","content":{"name":"btn_forward","texture":"typdkf21-7843-4686-913d-f5810ba010d4","rect":[0,6,65,49],"offset":[-0.5,0.5],"originalSize":[66,62],"capInsets":[0,0,0,0]}},{"__type__":"cc.SpriteFrame","content":{"name":"zhuangjia","texture":"typdk11f-6697-4bf6-8ba4-6f9badaa52f6","rect":[0,0,48,48],"offset":[0,0],"originalSize":[48,48],"capInsets":[0,0,0,0]}},{"__type__":"cc.SpriteFrame","content":{"name":"img_ts","texture":"typdk159-8f40-4fed-aae3-3b9bdac93081","rect":[0,0,109,54],"offset":[0,0],"originalSize":[109,54],"capInsets":[0,0,0,0]}},{"__type__":"cc.SpriteFrame","content":{"name":"bg_poker","texture":"typdk692-3009-4c67-a502-6001a6392bde","rect":[0,0,134,185],"offset":[0,0],"originalSize":[134,185],"capInsets":[0,0,0,0]}},{"__type__":"cc.SpriteFrame","content":{"name":"bg_spade1_2","texture":"typdk7b1-27c5-4c01-a600-a1356f287208","rect":[44,83,76,84],"offset":[15,-32.5],"originalSize":[134,185],"capInsets":[0,0,0,0]}},{"__type__":"cc.SpriteFrame","content":{"name":"btn_play","texture":"typdka18-0d92-4252-a1b6-398b0741b76c","rect":[5,0,55,61],"offset":[-0.5,0.5],"originalSize":[66,62],"capInsets":[0,0,0,0]}},{"__type__":"cc.SpriteFrame","content":{"name":"btn_return","texture":"typdkdc8-5234-4eda-aa9b-9328badf2576","rect":[3,1,59,59],"offset":[-0.5,0.5],"originalSize":[66,62],"capInsets":[0,0,0,0]}},{"__type__":"cc.SpriteFrame","content":{"name":"btn_suspended","texture":"typdk07b-10ea-4631-b4c9-25d66d53899a","rect":[6,1,54,60],"offset":[0,0],"originalSize":[66,62],"capInsets":[0,0,0,0]}},{"__type__":"cc.SpriteFrame","content":{"name":"btn_green00","texture":"typdke60-b43a-4062-8e61-df40b10a02ef","rect":[0,0,223,80],"offset":[0,0],"originalSize":[223,80],"capInsets":[0,0,0,0]}},{"__type__":"cc.SpriteFrame","content":{"name":"morentouxiang","texture":"typdk652-0393-4ea1-84d8-1bdd3044f177","rect":[0,0,60,60],"offset":[0,0],"originalSize":[60,60],"capInsets":[0,0,0,0]}},{"__type__":"cc.SpriteFrame","content":{"name":"bg_title","texture":"typdk44d-7511-4e17-9980-14de89fbcf7e","rect":[1,0,473,87],"offset":[0,0],"originalSize":[475,87],"capInsets":[0,0,0,0]}},{"__type__":"cc.SpriteFrame","content":{"name":"black_3","texture":"typdk6e4-6195-4368-a8f7-adaa6a83e86f","rect":[4,1,27,42],"offset":[-0.5,0.5],"originalSize":[36,45],"capInsets":[0,0,0,0]}},[{"__type__":"cc.Prefab","_name":"UIPDKVideo","data":{"__id__":1}},{"__type__":"cc.Node","_name":"UIPDKVideo","_children":[{"__id__":2},{"__id__":3},{"__id__":4},{"__id__":6},{"__id__":29},{"__id__":52},{"__id__":67},{"__id__":68},{"__id__":69},{"__id__":70},{"__id__":71},{"__id__":72},{"__id__":73},{"__id__":74},{"__id__":82},{"__id__":91},{"__id__":95},{"__id__":96},{"__id__":97}],"_components":[{"__type__":"cc.Widget","node":{"__id__":1},"alignMode":0,"_alignFlags":45},{"__type__":"typdk068-c197-4cb3-98cc-784a6fe89c89","node":{"__id__":1},"allCards":{"__id__":67},"handCards":{"__id__":68},"control_list":{"__id__":74},"boom_Ani":{"__id__":95},"plane_Ani":{"__id__":96},"dragon_Ani":{"__id__":97},"cardPrefab":{"__uuid__":"typdk85f-dcc0-44ff-bd2c-ca1faabe74c8"},"wanfa":{"__id__":5}}],"_prefab":{"__type__":"cc.PrefabInfo","root":{"__id__":1},"asset":{"__uuid__":"typdkee2-ae3e-4bbb-a92d-cda32feebea4"},"fileId":"3b31aj88ZBJur1fck6YxwI5"},"_contentSize":{"__type__":"cc.Size","width":1360,"height":760},"_trs":{"__type__":"TypedArray","ctor":"Float64Array","array":[680,380,0,0,0,0,1,1,1,1]}},{"__type__":"cc.Node","_name":"bg","_parent":{"__id__":1},"_components":[{"__type__":"cc.Sprite","node":{"__id__":2},"_materials":[{"__uuid__":"ecpdLyjvZBwrvm+cedCcQy"}],"_spriteFrame":{"__uuid__":"typdk058-2c7b-4171-b4f4-19339c52e5f4"},"_sizeMode":0,"_isTrimmedMode":false},{"__type__":"cc.Widget","node":{"__id__":2},"alignMode":0,"_alignFlags":42,"_left":-195,"_right":-195,"_originalWidth":1360,"_originalHeight":760},{"__type__":"cc.Button","node":{"__id__":2},"clickEvents":[{"__type__":"cc.ClickEvent","target":{"__id__":1},"_componentId":"typdk068-c197-4cb3-98cc-784a6fe89c89","handler":"OnClick_BtnWnd"}],"_N$normalColor":{"__type__":"cc.Color","r":214,"g":214,"b":214},"_N$target":{"__id__":2}}],"_prefab":{"__type__":"cc.PrefabInfo","root":{"__id__":1},"asset":{"__uuid__":"typdkee2-ae3e-4bbb-a92d-cda32feebea4"},"fileId":"b51accAc4JFXqruj9vCf/er"},"_contentSize":{"__type__":"cc.Size","width":1750,"height":1020},"_trs":{"__type__":"TypedArray","ctor":"Float64Array","array":[0,0,0,0,0,0,1,1,1,1]}},{"__type__":"cc.Node","_name":"logo","_parent":{"__id__":1},"_components":[{"__type__":"cc.Sprite","node":{"__id__":3},"_materials":[{"__uuid__":"ecpdLyjvZBwrvm+cedCcQy"}],"_spriteFrame":{"__uuid__":"2db4wzpEZBP5qVdAyMhTju"}}],"_prefab":{"__type__":"cc.PrefabInfo","root":{"__id__":1},"asset":{"__uuid__":"typdkee2-ae3e-4bbb-a92d-cda32feebea4"},"fileId":"8eC3s9nodF8riCKGAd5Gab"},"_contentSize":{"__type__":"cc.Size","width":225,"height":75},"_trs":{"__type__":"TypedArray","ctor":"Float64Array","array":[0,0,0,0,0,0,1,1,1,1]}},{"__type__":"cc.Node","_name":"wanfa","_parent":{"__id__":1},"_components":[{"__id__":5}],"_prefab":{"__type__":"cc.PrefabInfo","root":{"__id__":1},"asset":{"__uuid__":"typdkee2-ae3e-4bbb-a92d-cda32feebea4"},"fileId":"95PhIcZVBB7ITvohFZPKXU"},"_contentSize":{"__type__":"cc.Size","width":500,"height":50.4},"_trs":{"__type__":"TypedArray","ctor":"Float64Array","array":[0,-47,0,0,0,0,1,1,1,1]}},{"__type__":"cc.Label","node":{"__id__":4},"_materials":[{"__uuid__":"ecpdLyjvZBwrvm+cedCcQy"}],"_useOriginalSize":false,"_N$file":{"__uuid__":"typdk345-cbe0-4203-a8ca-8141b2e63f4f"},"_isSystemFontUsed":false,"_N$horizontalAlign":1,"_N$verticalAlign":1,"_N$overflow":3},{"__type__":"cc.Node","_name":"sp_seat02","_parent":{"__id__":1},"_children":[{"__id__":7},{"__id__":8},{"__id__":14},{"__id__":26},{"__id__":27},{"__id__":28}],"_components":[{"__type__":"cc.Widget","node":{"__id__":6},"alignMode":0,"_alignFlags":9,"_left":34,"_top":160}],"_prefab":{"__type__":"cc.PrefabInfo","root":{"__id__":1},"asset":{"__uuid__":"typdkee2-ae3e-4bbb-a92d-cda32feebea4"},"fileId":"3d744IAwGFPuLDlTapSNQkt"},"_contentSize":{"__type__":"cc.Size","width":400,"height":250},"_trs":{"__type__":"TypedArray","ctor":"Float64Array","array":[-446,95,0,0,0,0,1,1,1,1]}},{"__type__":"cc.Node","_name":"cardNum","_parent":{"__id__":6},"_active":false,"_components":[{"__type__":"cc.Label","node":{"__id__":7},"_useOriginalSize":false,"_string":"10张","_N$string":"10张","_N$file":{"__uuid__":"typdk345-cbe0-4203-a8ca-8141b2e63f4f"},"_isSystemFontUsed":false,"_N$horizontalAlign":1,"_N$verticalAlign":1}],"_prefab":{"__type__":"cc.PrefabInfo","root":{"__id__":1},"asset":{"__uuid__":"typdkee2-ae3e-4bbb-a92d-cda32feebea4"},"fileId":"6cf0bs2/mhIQIVwTo5Kxz1b"},"_contentSize":{"__type__":"cc.Size","width":77.5,"height":40},"_anchorPoint":{"__type__":"cc.Vec2","y":0.5},"_trs":{"__type__":"TypedArray","ctor":"Float64Array","array":[-99,-84,0,0,0,0,1,0.5,0.5,1]}},{"__type__":"cc.Node","_name":"card","_parent":{"__id__":6},"_children":[{"__id__":9},{"__id__":10},{"__id__":11},{"__id__":12},{"__id__":13}],"_active":false,"_prefab":{"__type__":"cc.PrefabInfo","root":{"__id__":1},"asset":{"__uuid__":"typdkee2-ae3e-4bbb-a92d-cda32feebea4"},"fileId":"e439bnsc2ZLW4lSVk25zh+5"},"_contentSize":{"__type__":"cc.Size","width":112,"height":156},"_trs":{"__type__":"TypedArray","ctor":"Float64Array","array":[-117,-84,0,0,0,0,1,0.2,0.2,1]}},{"__type__":"cc.Node","_name":"bg_poker","_parent":{"__id__":8},"_components":[{"__type__":"cc.Sprite","node":{"__id__":9},"_spriteFrame":{"__uuid__":"typdk22a-1d23-4f06-9f4c-44e74053f173"},"_sizeMode":2,"_isTrimmedMode":false}],"_prefab":{"__type__":"cc.PrefabInfo","root":{"__id__":1},"asset":{"__uuid__":"typdkee2-ae3e-4bbb-a92d-cda32feebea4"},"fileId":"f8b3amFMkFOzLpaYH8rOr2n"},"_contentSize":{"__type__":"cc.Size","width":134,"height":185},"_trs":{"__type__":"TypedArray","ctor":"Float64Array","array":[0,0,0,0,0,0,1,1,1,1]}},{"__type__":"cc.Node","_name":"num","_parent":{"__id__":8},"_components":[{"__type__":"cc.Sprite","node":{"__id__":10},"_spriteFrame":{"__uuid__":"typdkcba-e12f-4c65-9213-c8296c2d07e7"},"_sizeMode":2,"_isTrimmedMode":false}],"_prefab":{"__type__":"cc.PrefabInfo","root":{"__id__":1},"asset":{"__uuid__":"typdkee2-ae3e-4bbb-a92d-cda32feebea4"},"fileId":"48d23mxsrFDSrywGlQhKwMc"},"_contentSize":{"__type__":"cc.Size","width":36,"height":45},"_trs":{"__type__":"TypedArray","ctor":"Float64Array","array":[-38,60,0,0,0,0,1,1,1,1]}},{"__type__":"cc.Node","_name":"icon","_parent":{"__id__":8},"_components":[{"__type__":"cc.Sprite","node":{"__id__":11},"_spriteFrame":{"__uuid__":"typdkf0d-f1f0-4a08-8a86-d9977e951850"},"_sizeMode":2,"_isTrimmedMode":false}],"_prefab":{"__type__":"cc.PrefabInfo","root":{"__id__":1},"asset":{"__uuid__":"typdkee2-ae3e-4bbb-a92d-cda32feebea4"},"fileId":"a7fe47VwZBFTK+QK0lESfPJ"},"_contentSize":{"__type__":"cc.Size","width":134,"height":185},"_trs":{"__type__":"TypedArray","ctor":"Float64Array","array":[4,-1,0,0,0,0,1,1,1,1]}},{"__type__":"cc.Node","_name":"icon_1","_parent":{"__id__":8},"_components":[{"__type__":"cc.Sprite","node":{"__id__":12},"_spriteFrame":{"__uuid__":"typdk8e8-98ff-49a9-829e-191a911ad76e"},"_sizeMode":2,"_isTrimmedMode":false}],"_prefab":{"__type__":"cc.PrefabInfo","root":{"__id__":1},"asset":{"__uuid__":"typdkee2-ae3e-4bbb-a92d-cda32feebea4"},"fileId":"bf168+1VyZJeoGMLgJpjeQA"},"_contentSize":{"__type__":"cc.Size","width":134,"height":185},"_trs":{"__type__":"TypedArray","ctor":"Float64Array","array":[4,-5,0,0,0,0,1,1,1,1]}},{"__type__":"cc.Node","_name":"poker_back","_parent":{"__id__":8},"_components":[{"__type__":"cc.Sprite","node":{"__id__":13},"_spriteFrame":{"__uuid__":"typdk05e-42d0-4e49-b55e-ff22efb335c9"}}],"_prefab":{"__type__":"cc.PrefabInfo","root":{"__id__":1},"asset":{"__uuid__":"typdkee2-ae3e-4bbb-a92d-cda32feebea4"},"fileId":"0cc0cs9NxVKO5VYHPkm/cu4"},"_contentSize":{"__type__":"cc.Size","width":131,"height":182},"_trs":{"__type__":"TypedArray","ctor":"Float64Array","array":[0,0,0,0,0,0,1,1,1,1]}},{"__type__":"cc.Node","_name":"head","_parent":{"__id__":6},"_children":[{"__id__":15}],"_prefab":{"__type__":"cc.PrefabInfo","root":{"__id__":1},"asset":{"__uuid__":"typdkee2-ae3e-4bbb-a92d-cda32feebea4"},"fileId":"910a0jpj91A+7YFXTxr0oMr"},"_trs":{"__type__":"TypedArray","ctor":"Float64Array","array":[-150,0,0,0,0,0,1,1,1,1]}},{"__type__":"cc.Node","_name":"touxiang","_parent":{"__id__":14},"_children":[{"__id__":16},{"__id__":19},{"__id__":20},{"__id__":21},{"__id__":22},{"__id__":23},{"__id__":24}],"_components":[{"__type__":"cc.Widget","node":{"__id__":15},"alignMode":0,"_alignFlags":9,"_left":17.5,"_top":-46.5,"_bottom":177,"_originalHeight":73}],"_prefab":{"__type__":"cc.PrefabInfo","root":{"__id__":1},"asset":{"__uuid__":"typdkee2-ae3e-4bbb-a92d-cda32feebea4"},"fileId":"cacb3wjAD1O6bRkxUBb/vMm"},"_contentSize":{"__type__":"cc.Size","width":73,"height":73},"_trs":{"__type__":"TypedArray","ctor":"Float64Array","array":[54,10,0,0,0,0,1,1,1,1]}},{"__type__":"cc.Node","_name":"sp_info","_parent":{"__id__":15},"_children":[{"__id__":17},{"__id__":18}],"_components":[{"__type__":"cc.Sprite","node":{"__id__":16},"_materials":[{"__uuid__":"ecpdLyjvZBwrvm+cedCcQy"}],"_spriteFrame":{"__uuid__":"typdkefd-9886-42ee-9d03-76ae516b4320"},"_type":1,"_sizeMode":2}],"_prefab":{"__type__":"cc.PrefabInfo","root":{"__id__":1},"asset":{"__uuid__":"typdkee2-ae3e-4bbb-a92d-cda32feebea4"},"fileId":"a89c9DgGQNGl6lz+aidgvQ1"},"_contentSize":{"__type__":"cc.Size","width":80,"height":107},"_trs":{"__type__":"TypedArray","ctor":"Float64Array","array":[0,0,0,0,0,0,1,1,1,1]}},{"__type__":"cc.Node","_name":"lb_name","_parent":{"__id__":16},"_components":[{"__type__":"cc.Label","node":{"__id__":17},"_materials":[{"__uuid__":"ecpdLyjvZBwrvm+cedCcQy"}],"_useOriginalSize":false,"_string":"玩家","_N$string":"玩家","_fontSize":12,"_lineHeight":18,"_N$horizontalAlign":1,"_N$verticalAlign":1}],"_prefab":{"__type__":"cc.PrefabInfo","root":{"__id__":1},"asset":{"__uuid__":"typdkee2-ae3e-4bbb-a92d-cda32feebea4"},"fileId":"e10acsyRF1Mmo2j7+yXbMS1"},"_contentSize":{"__type__":"cc.Size","width":24,"height":22.68},"_trs":{"__type__":"TypedArray","ctor":"Float64Array","array":[1.5,44,0,0,0,0,1,1,1,1]}},{"__type__":"cc.Node","_name":"lb_jifen","_parent":{"__id__":16},"_components":[{"__type__":"cc.Label","node":{"__id__":18},"_materials":[{"__uuid__":"ecpdLyjvZBwrvm+cedCcQy"}],"_useOriginalSize":false,"_string":"100","_N$string":"100","_fontSize":24,"_lineHeight":24,"_N$file":{"__uuid__":"typdk345-cbe0-4203-a8ca-8141b2e63f4f"},"_isSystemFontUsed":false,"_N$horizontalAlign":1,"_N$verticalAlign":1,"_N$overflow":2}],"_prefab":{"__type__":"cc.PrefabInfo","root":{"__id__":1},"asset":{"__uuid__":"typdkee2-ae3e-4bbb-a92d-cda32feebea4"},"fileId":"215d4hPH7tKTJWrIM3Hmn0z"},"_color":{"__type__":"cc.Color","r":255,"g":228},"_contentSize":{"__type__":"cc.Size","width":30.16,"height":24},"_trs":{"__type__":"TypedArray","ctor":"Float64Array","array":[-0.9,-43.7,0,0,0,0,1,1,1,1]}},{"__type__":"cc.Node","_name":"btn_head","_parent":{"__id__":15},"_components":[{"__type__":"cc.Sprite","node":{"__id__":19},"_materials":[{"__uuid__":"ecpdLyjvZBwrvm+cedCcQy"}],"_spriteFrame":{"__uuid__":"typdkbd4-6d8e-4361-aae8-91caca6f2355"},"_sizeMode":0,"_isTrimmedMode":false},{"__type__":"cc.Button","node":{"__id__":19},"zoomScale":0.9,"clickEvents":[{"__type__":"cc.ClickEvent","_componentId":"ddzeeA3x6pBealwQxA0fAX/","handler":"OnClick_BtnWnd"}],"_N$transition":3,"transition":3,"_N$normalColor":{"__type__":"cc.Color","r":214,"g":214,"b":214},"_N$target":{"__id__":19}},{"__type__":"typdk551-cdf7-4ff7-b9d1-ff119733cfed","node":{"__id__":19}}],"_prefab":{"__type__":"cc.PrefabInfo","root":{"__id__":1},"asset":{"__uuid__":"typdkee2-ae3e-4bbb-a92d-cda32feebea4"},"fileId":"497wGr3VhLZJwu3oskWngZ"},"_contentSize":{"__type__":"cc.Size","width":60,"height":60},"_trs":{"__type__":"TypedArray","ctor":"Float64Array","array":[0,0,0,0,0,0,1,1,1,1]}},{"__type__":"cc.Node","_name":"btn_headkuang","_parent":{"__id__":15},"_components":[{"__type__":"cc.Sprite","node":{"__id__":20},"_sizeMode":2,"_isTrimmedMode":false},{"__type__":"cc.Widget","node":{"__id__":20},"alignMode":0,"_alignFlags":18,"_top":27}],"_prefab":{"__type__":"cc.PrefabInfo","root":{"__id__":1},"asset":{"__uuid__":"typdkee2-ae3e-4bbb-a92d-cda32feebea4"},"fileId":"013c0kQ86BPWJ9AHOsgwSDC"},"_contentSize":{"__type__":"cc.Size","width":62,"height":62},"_trs":{"__type__":"TypedArray","ctor":"Float64Array","array":[0,0,0,0,0,0,1,1,1,1]}},{"__type__":"cc.Node","_name":"zhuangjia","_parent":{"__id__":15},"_active":false,"_components":[{"__type__":"cc.Sprite","node":{"__id__":21},"_spriteFrame":{"__uuid__":"typdk19c-886a-4448-bf05-541e441146db"}}],"_prefab":{"__type__":"cc.PrefabInfo","root":{"__id__":1},"asset":{"__uuid__":"typdkee2-ae3e-4bbb-a92d-cda32feebea4"},"fileId":"b29e3cO/2NJ2LKSXdxSZRKS"},"_contentSize":{"__type__":"cc.Size","width":48,"height":48},"_trs":{"__type__":"TypedArray","ctor":"Float64Array","array":[-29.5,29.5,0,0,0,0,1,0.8,0.8,1]}},{"__type__":"cc.Node","_name":"fangzhu","_parent":{"__id__":15},"_active":false,"_components":[{"__type__":"cc.Sprite","node":{"__id__":22},"_spriteFrame":{"__uuid__":"typdk046-20bb-48ac-a1a1-d001cb195e16"}}],"_prefab":{"__type__":"cc.PrefabInfo","root":{"__id__":1},"asset":{"__uuid__":"typdkee2-ae3e-4bbb-a92d-cda32feebea4"},"fileId":"3ad92m5DydB5a9MXO/YBybF"},"_contentSize":{"__type__":"cc.Size","width":34,"height":35},"_trs":{"__type__":"TypedArray","ctor":"Float64Array","array":[13.1,-13.1,0,0,0,0,1,1,1,1]}},{"__type__":"cc.Node","_name":"trusteeship","_parent":{"__id__":15},"_active":false,"_components":[{"__type__":"cc.Sprite","node":{"__id__":23},"_materials":[{"__uuid__":"ecpdLyjvZBwrvm+cedCcQy"}],"_spriteFrame":{"__uuid__":"72OQCpI+FBM7NKmvcdDxxH"}}],"_prefab":{"__type__":"cc.PrefabInfo","root":{"__id__":1},"asset":{"__uuid__":"typdkee2-ae3e-4bbb-a92d-cda32feebea4"},"fileId":"14NDwHtpdC7p0W0osQC/YQ"},"_contentSize":{"__type__":"cc.Size","width":80,"height":77},"_trs":{"__type__":"TypedArray","ctor":"Float64Array","array":[60,-35,0,0,0,0,1,0.5,0.5,0.5]}},{"__type__":"cc.Node","_name":"useTimeNode","_parent":{"__id__":15},"_children":[{"__id__":25}],"_components":[{"__type__":"cc.Sprite","node":{"__id__":24},"_materials":[{"__uuid__":"ecpdLyjvZBwrvm+cedCcQy"}],"_spriteFrame":{"__uuid__":"37SCldw95GD7SpvzdPhn7F"}}],"_prefab":{"__type__":"cc.PrefabInfo","root":{"__id__":1},"asset":{"__uuid__":"typdkee2-ae3e-4bbb-a92d-cda32feebea4"},"fileId":"c0eAvisb5ES4/rXiBtPrcQ"},"_contentSize":{"__type__":"cc.Size","width":17,"height":16},"_trs":{"__type__":"TypedArray","ctor":"Float64Array","array":[-22,65,0,0,0,0,1,1,1,1]}},{"__type__":"cc.Node","_name":"lb_useTime","_parent":{"__id__":24},"_components":[{"__type__":"cc.Label","node":{"__id__":25},"_materials":[{"__uuid__":"ecpdLyjvZBwrvm+cedCcQy"}],"_useOriginalSize":false,"_string":"180s","_N$string":"180s","_fontSize":20,"_lineHeight":20,"_N$horizontalAlign":1,"_N$verticalAlign":1}],"_prefab":{"__type__":"cc.PrefabInfo","root":{"__id__":1},"asset":{"__uuid__":"typdkee2-ae3e-4bbb-a92d-cda32feebea4"},"fileId":"e30yep4ntONK6RvqgRF/5i"},"_color":{"__type__":"cc.Color","g":230,"b":181},"_contentSize":{"__type__":"cc.Size","width":43.37,"height":25.2},"_anchorPoint":{"__type__":"cc.Vec2","y":0.5},"_trs":{"__type__":"TypedArray","ctor":"Float64Array","array":[10,0,0,0,0,0,1,1,1,1]}},{"__type__":"cc.Node","_name":"pass","_parent":{"__id__":6},"_active":false,"_components":[{"__type__":"cc.Sprite","node":{"__id__":26}}],"_prefab":{"__type__":"cc.PrefabInfo","root":{"__id__":1},"asset":{"__uuid__":"typdkee2-ae3e-4bbb-a92d-cda32feebea4"},"fileId":"478fcfw6JJGuoTxdGqrxOqP"},"_contentSize":{"__type__":"cc.Size","width":103,"height":50},"_trs":{"__type__":"TypedArray","ctor":"Float64Array","array":[107,2,0,0,0,0,1,1,1,1]}},{"__type__":"cc.Node","_name":"warning","_parent":{"__id__":6},"_components":[{"__type__":"cc.Animation","node":{"__id__":27}},{"__type__":"cc.Sprite","node":{"__id__":27}}],"_prefab":{"__type__":"cc.PrefabInfo","root":{"__id__":1},"asset":{"__uuid__":"typdkee2-ae3e-4bbb-a92d-cda32feebea4"},"fileId":"423d8kZpGRGTqbFTXQG7P2s"},"_trs":{"__type__":"TypedArray","ctor":"Float64Array","array":[-19,34,0,0,0,0,1,1,1,1]}},{"__type__":"cc.Node","_name":"jiesan","_parent":{"__id__":6},"_active":false,"_components":[{"__type__":"cc.Label","node":{"__id__":28},"_useOriginalSize":false,"_string":"发起解散","_N$string":"发起解散","_fontSize":50,"_lineHeight":52,"_N$horizontalAlign":1,"_N$verticalAlign":1}],"_prefab":{"__type__":"cc.PrefabInfo","root":{"__id__":1},"asset":{"__uuid__":"typdkee2-ae3e-4bbb-a92d-cda32feebea4"},"fileId":"0dhXDXdaBFh5qXsU70LdVx"},"_color":{"__type__":"cc.Color","r":255},"_contentSize":{"__type__":"cc.Size","width":200,"height":52},"_trs":{"__type__":"TypedArray","ctor":"Float64Array","array":[64,12,0,0,0,0,1,1,1,1]}},{"__type__":"cc.Node","_name":"sp_seat01","_parent":{"__id__":1},"_children":[{"__id__":30},{"__id__":31},{"__id__":37},{"__id__":49},{"__id__":50},{"__id__":51}],"_components":[{"__type__":"cc.Widget","node":{"__id__":29},"alignMode":0,"_alignFlags":33,"_right":80,"_top":160}],"_prefab":{"__type__":"cc.PrefabInfo","root":{"__id__":1},"asset":{"__uuid__":"typdkee2-ae3e-4bbb-a92d-cda32feebea4"},"fileId":"6d506sbtDpKVIdwWCXLQKPi"},"_contentSize":{"__type__":"cc.Size","width":400,"height":250},"_trs":{"__type__":"TypedArray","ctor":"Float64Array","array":[400,95,0,0,0,0,1,1,1,1]}},{"__type__":"cc.Node","_name":"cardNum","_parent":{"__id__":29},"_active":false,"_components":[{"__type__":"cc.Label","node":{"__id__":30},"_useOriginalSize":false,"_string":"10张","_N$string":"10张","_N$file":{"__uuid__":"typdk345-cbe0-4203-a8ca-8141b2e63f4f"},"_isSystemFontUsed":false,"_N$horizontalAlign":1,"_N$verticalAlign":1}],"_prefab":{"__type__":"cc.PrefabInfo","root":{"__id__":1},"asset":{"__uuid__":"typdkee2-ae3e-4bbb-a92d-cda32feebea4"},"fileId":"7b704ADnKRAkLXaBJsKKDzy"},"_contentSize":{"__type__":"cc.Size","width":77.5,"height":40},"_anchorPoint":{"__type__":"cc.Vec2","y":0.5},"_trs":{"__type__":"TypedArray","ctor":"Float64Array","array":[183,-84,0,0,0,0,1,0.5,0.5,1]}},{"__type__":"cc.Node","_name":"card","_parent":{"__id__":29},"_children":[{"__id__":32},{"__id__":33},{"__id__":34},{"__id__":35},{"__id__":36}],"_active":false,"_prefab":{"__type__":"cc.PrefabInfo","root":{"__id__":1},"asset":{"__uuid__":"typdkee2-ae3e-4bbb-a92d-cda32feebea4"},"fileId":"cf833Nc/VtMAYSDN7gLfZc9"},"_contentSize":{"__type__":"cc.Size","width":112,"height":156},"_trs":{"__type__":"TypedArray","ctor":"Float64Array","array":[165.3,-84,0,0,0,0,1,0.2,0.2,1]}},{"__type__":"cc.Node","_name":"bg_poker","_parent":{"__id__":31},"_components":[{"__type__":"cc.Sprite","node":{"__id__":32},"_spriteFrame":{"__uuid__":"typdk22a-1d23-4f06-9f4c-44e74053f173"},"_sizeMode":2,"_isTrimmedMode":false}],"_prefab":{"__type__":"cc.PrefabInfo","root":{"__id__":1},"asset":{"__uuid__":"typdkee2-ae3e-4bbb-a92d-cda32feebea4"},"fileId":"07dfe1yBTpBtIkyv5iCAarC"},"_contentSize":{"__type__":"cc.Size","width":134,"height":185},"_trs":{"__type__":"TypedArray","ctor":"Float64Array","array":[0,0,0,0,0,0,1,1,1,1]}},{"__type__":"cc.Node","_name":"num","_parent":{"__id__":31},"_components":[{"__type__":"cc.Sprite","node":{"__id__":33},"_spriteFrame":{"__uuid__":"typdkcba-e12f-4c65-9213-c8296c2d07e7"},"_sizeMode":2,"_isTrimmedMode":false}],"_prefab":{"__type__":"cc.PrefabInfo","root":{"__id__":1},"asset":{"__uuid__":"typdkee2-ae3e-4bbb-a92d-cda32feebea4"},"fileId":"13addDnZSFEBLhP5MpcoilD"},"_contentSize":{"__type__":"cc.Size","width":36,"height":45},"_trs":{"__type__":"TypedArray","ctor":"Float64Array","array":[-38,60,0,0,0,0,1,1,1,1]}},{"__type__":"cc.Node","_name":"icon","_parent":{"__id__":31},"_components":[{"__type__":"cc.Sprite","node":{"__id__":34},"_spriteFrame":{"__uuid__":"typdkf0d-f1f0-4a08-8a86-d9977e951850"},"_sizeMode":2,"_isTrimmedMode":false}],"_prefab":{"__type__":"cc.PrefabInfo","root":{"__id__":1},"asset":{"__uuid__":"typdkee2-ae3e-4bbb-a92d-cda32feebea4"},"fileId":"05035cuq9BCuYy04zshw/Vn"},"_contentSize":{"__type__":"cc.Size","width":134,"height":185},"_trs":{"__type__":"TypedArray","ctor":"Float64Array","array":[4,-1,0,0,0,0,1,1,1,1]}},{"__type__":"cc.Node","_name":"icon_1","_parent":{"__id__":31},"_components":[{"__type__":"cc.Sprite","node":{"__id__":35},"_spriteFrame":{"__uuid__":"typdk8e8-98ff-49a9-829e-191a911ad76e"},"_sizeMode":2,"_isTrimmedMode":false}],"_prefab":{"__type__":"cc.PrefabInfo","root":{"__id__":1},"asset":{"__uuid__":"typdkee2-ae3e-4bbb-a92d-cda32feebea4"},"fileId":"ee7d8/rXkxACLly0a66HNlK"},"_contentSize":{"__type__":"cc.Size","width":134,"height":185},"_trs":{"__type__":"TypedArray","ctor":"Float64Array","array":[4,-5,0,0,0,0,1,1,1,1]}},{"__type__":"cc.Node","_name":"poker_back","_parent":{"__id__":31},"_components":[{"__type__":"cc.Sprite","node":{"__id__":36},"_spriteFrame":{"__uuid__":"typdk05e-42d0-4e49-b55e-ff22efb335c9"}}],"_prefab":{"__type__":"cc.PrefabInfo","root":{"__id__":1},"asset":{"__uuid__":"typdkee2-ae3e-4bbb-a92d-cda32feebea4"},"fileId":"17b61UnnU9GYoIihfIkRhSU"},"_contentSize":{"__type__":"cc.Size","width":131,"height":182},"_trs":{"__type__":"TypedArray","ctor":"Float64Array","array":[0,0,0,0,0,0,1,1,1,1]}},{"__type__":"cc.Node","_name":"head","_parent":{"__id__":29},"_children":[{"__id__":38}],"_prefab":{"__type__":"cc.PrefabInfo","root":{"__id__":1},"asset":{"__uuid__":"typdkee2-ae3e-4bbb-a92d-cda32feebea4"},"fileId":"b3tfD0+1lKobtSibR/GDOa"},"_trs":{"__type__":"TypedArray","ctor":"Float64Array","array":[130,0,0,0,0,0,1,1,1,1]}},{"__type__":"cc.Node","_name":"touxiang","_parent":{"__id__":37},"_children":[{"__id__":39},{"__id__":42},{"__id__":43},{"__id__":44},{"__id__":45},{"__id__":46},{"__id__":47}],"_components":[{"__type__":"cc.Widget","node":{"__id__":38},"alignMode":0,"_alignFlags":9,"_left":17.5,"_top":-46.5,"_bottom":177,"_originalHeight":73}],"_prefab":{"__type__":"cc.PrefabInfo","root":{"__id__":1},"asset":{"__uuid__":"typdkee2-ae3e-4bbb-a92d-cda32feebea4"},"fileId":"dfeiJlx9lLRpT72EJik53W"},"_contentSize":{"__type__":"cc.Size","width":73,"height":73},"_trs":{"__type__":"TypedArray","ctor":"Float64Array","array":[54,10,0,0,0,0,1,1,1,1]}},{"__type__":"cc.Node","_name":"sp_info","_parent":{"__id__":38},"_children":[{"__id__":40},{"__id__":41}],"_components":[{"__type__":"cc.Sprite","node":{"__id__":39},"_materials":[{"__uuid__":"ecpdLyjvZBwrvm+cedCcQy"}],"_spriteFrame":{"__uuid__":"typdkefd-9886-42ee-9d03-76ae516b4320"},"_type":1,"_sizeMode":2}],"_prefab":{"__type__":"cc.PrefabInfo","root":{"__id__":1},"asset":{"__uuid__":"typdkee2-ae3e-4bbb-a92d-cda32feebea4"},"fileId":"b4fq6ev85Bk57XrqRhcmA5"},"_contentSize":{"__type__":"cc.Size","width":80,"height":107},"_trs":{"__type__":"TypedArray","ctor":"Float64Array","array":[0,0,0,0,0,0,1,1,1,1]}},{"__type__":"cc.Node","_name":"lb_name","_parent":{"__id__":39},"_components":[{"__type__":"cc.Label","node":{"__id__":40},"_materials":[{"__uuid__":"ecpdLyjvZBwrvm+cedCcQy"}],"_useOriginalSize":false,"_string":"玩家","_N$string":"玩家","_fontSize":12,"_lineHeight":18,"_N$horizontalAlign":1,"_N$verticalAlign":1}],"_prefab":{"__type__":"cc.PrefabInfo","root":{"__id__":1},"asset":{"__uuid__":"typdkee2-ae3e-4bbb-a92d-cda32feebea4"},"fileId":"67G3n5oC1KUpnXT9rp+tSB"},"_contentSize":{"__type__":"cc.Size","width":24,"height":22.68},"_trs":{"__type__":"TypedArray","ctor":"Float64Array","array":[1.5,44,0,0,0,0,1,1,1,1]}},{"__type__":"cc.Node","_name":"lb_jifen","_parent":{"__id__":39},"_components":[{"__type__":"cc.Label","node":{"__id__":41},"_materials":[{"__uuid__":"ecpdLyjvZBwrvm+cedCcQy"}],"_useOriginalSize":false,"_string":"100","_N$string":"100","_fontSize":24,"_lineHeight":24,"_N$file":{"__uuid__":"typdk345-cbe0-4203-a8ca-8141b2e63f4f"},"_isSystemFontUsed":false,"_N$horizontalAlign":1,"_N$verticalAlign":1,"_N$overflow":2}],"_prefab":{"__type__":"cc.PrefabInfo","root":{"__id__":1},"asset":{"__uuid__":"typdkee2-ae3e-4bbb-a92d-cda32feebea4"},"fileId":"19LU5eEfBDB7VcMAEJa/8v"},"_color":{"__type__":"cc.Color","r":255,"g":228},"_contentSize":{"__type__":"cc.Size","width":30.16,"height":24},"_trs":{"__type__":"TypedArray","ctor":"Float64Array","array":[-0.9,-43.7,0,0,0,0,1,1,1,1]}},{"__type__":"cc.Node","_name":"btn_head","_parent":{"__id__":38},"_components":[{"__type__":"cc.Sprite","node":{"__id__":42},"_materials":[{"__uuid__":"ecpdLyjvZBwrvm+cedCcQy"}],"_spriteFrame":{"__uuid__":"typdkbd4-6d8e-4361-aae8-91caca6f2355"},"_sizeMode":0,"_isTrimmedMode":false},{"__type__":"cc.Button","node":{"__id__":42},"zoomScale":0.9,"clickEvents":[{"__type__":"cc.ClickEvent","_componentId":"ddzeeA3x6pBealwQxA0fAX/","handler":"OnClick_BtnWnd"}],"_N$transition":3,"transition":3,"_N$normalColor":{"__type__":"cc.Color","r":214,"g":214,"b":214},"_N$target":{"__id__":42}},{"__type__":"typdk551-cdf7-4ff7-b9d1-ff119733cfed","node":{"__id__":42}}],"_prefab":{"__type__":"cc.PrefabInfo","root":{"__id__":1},"asset":{"__uuid__":"typdkee2-ae3e-4bbb-a92d-cda32feebea4"},"fileId":"ceRTNp4NtGoLR3gGxV5ST3"},"_contentSize":{"__type__":"cc.Size","width":60,"height":60},"_trs":{"__type__":"TypedArray","ctor":"Float64Array","array":[0,0,0,0,0,0,1,1,1,1]}},{"__type__":"cc.Node","_name":"btn_headkuang","_parent":{"__id__":38},"_components":[{"__type__":"cc.Sprite","node":{"__id__":43},"_sizeMode":2,"_isTrimmedMode":false},{"__type__":"cc.Widget","node":{"__id__":43},"alignMode":0,"_alignFlags":18,"_top":27}],"_prefab":{"__type__":"cc.PrefabInfo","root":{"__id__":1},"asset":{"__uuid__":"typdkee2-ae3e-4bbb-a92d-cda32feebea4"},"fileId":"4eBA8OzK1KDLBh5G9jJExo"},"_contentSize":{"__type__":"cc.Size","width":62,"height":62},"_trs":{"__type__":"TypedArray","ctor":"Float64Array","array":[0,0,0,0,0,0,1,1,1,1]}},{"__type__":"cc.Node","_name":"zhuangjia","_parent":{"__id__":38},"_active":false,"_components":[{"__type__":"cc.Sprite","node":{"__id__":44},"_spriteFrame":{"__uuid__":"typdk19c-886a-4448-bf05-541e441146db"}}],"_prefab":{"__type__":"cc.PrefabInfo","root":{"__id__":1},"asset":{"__uuid__":"typdkee2-ae3e-4bbb-a92d-cda32feebea4"},"fileId":"8aS6BmDElDTorD/Dd0kWTP"},"_contentSize":{"__type__":"cc.Size","width":48,"height":48},"_trs":{"__type__":"TypedArray","ctor":"Float64Array","array":[-29.5,29.5,0,0,0,0,1,0.8,0.8,1]}},{"__type__":"cc.Node","_name":"fangzhu","_parent":{"__id__":38},"_active":false,"_components":[{"__type__":"cc.Sprite","node":{"__id__":45},"_spriteFrame":{"__uuid__":"typdk046-20bb-48ac-a1a1-d001cb195e16"}}],"_prefab":{"__type__":"cc.PrefabInfo","root":{"__id__":1},"asset":{"__uuid__":"typdkee2-ae3e-4bbb-a92d-cda32feebea4"},"fileId":"08mdEZlaZN95ysBV0DIecx"},"_contentSize":{"__type__":"cc.Size","width":34,"height":35},"_trs":{"__type__":"TypedArray","ctor":"Float64Array","array":[13.1,-13.1,0,0,0,0,1,1,1,1]}},{"__type__":"cc.Node","_name":"trusteeship","_parent":{"__id__":38},"_active":false,"_components":[{"__type__":"cc.Sprite","node":{"__id__":46},"_materials":[{"__uuid__":"ecpdLyjvZBwrvm+cedCcQy"}],"_spriteFrame":{"__uuid__":"72OQCpI+FBM7NKmvcdDxxH"}}],"_prefab":{"__type__":"cc.PrefabInfo","root":{"__id__":1},"asset":{"__uuid__":"typdkee2-ae3e-4bbb-a92d-cda32feebea4"},"fileId":"68grUSP0ZNQ5iu92NlFMHV"},"_contentSize":{"__type__":"cc.Size","width":80,"height":77},"_trs":{"__type__":"TypedArray","ctor":"Float64Array","array":[-60,-35,0,0,0,0,1,0.5,0.5,0.5]}},{"__type__":"cc.Node","_name":"useTimeNode","_parent":{"__id__":38},"_children":[{"__id__":48}],"_components":[{"__type__":"cc.Sprite","node":{"__id__":47},"_materials":[{"__uuid__":"ecpdLyjvZBwrvm+cedCcQy"}],"_spriteFrame":{"__uuid__":"37SCldw95GD7SpvzdPhn7F"}}],"_prefab":{"__type__":"cc.PrefabInfo","root":{"__id__":1},"asset":{"__uuid__":"typdkee2-ae3e-4bbb-a92d-cda32feebea4"},"fileId":"15Pe7NgDJJ3ofaMmFH2JQD"},"_contentSize":{"__type__":"cc.Size","width":17,"height":16},"_trs":{"__type__":"TypedArray","ctor":"Float64Array","array":[-22,65,0,0,0,0,1,1,1,1]}},{"__type__":"cc.Node","_name":"lb_useTime","_parent":{"__id__":47},"_components":[{"__type__":"cc.Label","node":{"__id__":48},"_materials":[{"__uuid__":"ecpdLyjvZBwrvm+cedCcQy"}],"_useOriginalSize":false,"_string":"180s","_N$string":"180s","_fontSize":20,"_lineHeight":20,"_N$horizontalAlign":1,"_N$verticalAlign":1}],"_prefab":{"__type__":"cc.PrefabInfo","root":{"__id__":1},"asset":{"__uuid__":"typdkee2-ae3e-4bbb-a92d-cda32feebea4"},"fileId":"f3TvnOOS1M87Zft9PbLDgh"},"_color":{"__type__":"cc.Color","g":230,"b":181},"_contentSize":{"__type__":"cc.Size","width":43.37,"height":25.2},"_anchorPoint":{"__type__":"cc.Vec2","y":0.5},"_trs":{"__type__":"TypedArray","ctor":"Float64Array","array":[10,0,0,0,0,0,1,1,1,1]}},{"__type__":"cc.Node","_name":"pass","_parent":{"__id__":29},"_active":false,"_components":[{"__type__":"cc.Sprite","node":{"__id__":49}}],"_prefab":{"__type__":"cc.PrefabInfo","root":{"__id__":1},"asset":{"__uuid__":"typdkee2-ae3e-4bbb-a92d-cda32feebea4"},"fileId":"c2fd6FfQHtO1LEpKu8CLFui"},"_contentSize":{"__type__":"cc.Size","width":103,"height":50},"_trs":{"__type__":"TypedArray","ctor":"Float64Array","array":[-68,0,0,0,0,0,1,1,1,1]}},{"__type__":"cc.Node","_name":"warning","_parent":{"__id__":29},"_components":[{"__type__":"cc.Animation","node":{"__id__":50}},{"__type__":"cc.Sprite","node":{"__id__":50}}],"_prefab":{"__type__":"cc.PrefabInfo","root":{"__id__":1},"asset":{"__uuid__":"typdkee2-ae3e-4bbb-a92d-cda32feebea4"},"fileId":"87cb7TNV89Bt6Y2k+x8rWmW"},"_trs":{"__type__":"TypedArray","ctor":"Float64Array","array":[76,25,0,0,0,0,1,1,1,1]}},{"__type__":"cc.Node","_name":"jiesan","_parent":{"__id__":29},"_active":false,"_components":[{"__type__":"cc.Label","node":{"__id__":51},"_useOriginalSize":false,"_string":"发起解散","_N$string":"发起解散","_fontSize":50,"_lineHeight":52,"_N$horizontalAlign":1,"_N$verticalAlign":1}],"_prefab":{"__type__":"cc.PrefabInfo","root":{"__id__":1},"asset":{"__uuid__":"typdkee2-ae3e-4bbb-a92d-cda32feebea4"},"fileId":"77shHekU5MT64zoMafSlDe"},"_color":{"__type__":"cc.Color","r":255},"_contentSize":{"__type__":"cc.Size","width":200,"height":52},"_trs":{"__type__":"TypedArray","ctor":"Float64Array","array":[12,12,0,0,0,0,1,1,1,1]}},{"__type__":"cc.Node","_name":"sp_seat00","_parent":{"__id__":1},"_children":[{"__id__":53},{"__id__":65},{"__id__":66}],"_components":[{"__type__":"cc.Widget","node":{"__id__":52},"alignMode":0,"_alignFlags":12,"_left":55,"_bottom":104}],"_prefab":{"__type__":"cc.PrefabInfo","root":{"__id__":1},"asset":{"__uuid__":"typdkee2-ae3e-4bbb-a92d-cda32feebea4"},"fileId":"c04baiH4udEX575iH8YiobI"},"_contentSize":{"__type__":"cc.Size","width":400,"height":250},"_trs":{"__type__":"TypedArray","ctor":"Float64Array","array":[-425,-151,0,0,0,0,1,1,1,1]}},{"__type__":"cc.Node","_name":"head","_parent":{"__id__":52},"_children":[{"__id__":54}],"_prefab":{"__type__":"cc.PrefabInfo","root":{"__id__":1},"asset":{"__uuid__":"typdkee2-ae3e-4bbb-a92d-cda32feebea4"},"fileId":"9ck22/XPFN8pYWs6065kNq"},"_trs":{"__type__":"TypedArray","ctor":"Float64Array","array":[-172,-20,0,0,0,0,1,1,1,1]}},{"__type__":"cc.Node","_name":"touxiang","_parent":{"__id__":53},"_children":[{"__id__":55},{"__id__":58},{"__id__":59},{"__id__":60},{"__id__":61},{"__id__":62},{"__id__":63}],"_components":[{"__type__":"cc.Widget","node":{"__id__":54},"alignMode":0,"_alignFlags":9,"_left":17.5,"_top":-46.5,"_bottom":177,"_originalHeight":73}],"_prefab":{"__type__":"cc.PrefabInfo","root":{"__id__":1},"asset":{"__uuid__":"typdkee2-ae3e-4bbb-a92d-cda32feebea4"},"fileId":"c6rqbI8tJEiaNOWeBji1g8"},"_contentSize":{"__type__":"cc.Size","width":73,"height":73},"_trs":{"__type__":"TypedArray","ctor":"Float64Array","array":[54,10,0,0,0,0,1,1,1,1]}},{"__type__":"cc.Node","_name":"sp_info","_parent":{"__id__":54},"_children":[{"__id__":56},{"__id__":57}],"_components":[{"__type__":"cc.Sprite","node":{"__id__":55},"_materials":[{"__uuid__":"ecpdLyjvZBwrvm+cedCcQy"}],"_spriteFrame":{"__uuid__":"typdkefd-9886-42ee-9d03-76ae516b4320"},"_type":1,"_sizeMode":2}],"_prefab":{"__type__":"cc.PrefabInfo","root":{"__id__":1},"asset":{"__uuid__":"typdkee2-ae3e-4bbb-a92d-cda32feebea4"},"fileId":"2fIivFRztBCZJqkrJQEc0k"},"_contentSize":{"__type__":"cc.Size","width":80,"height":107},"_trs":{"__type__":"TypedArray","ctor":"Float64Array","array":[0,0,0,0,0,0,1,1,1,1]}},{"__type__":"cc.Node","_name":"lb_name","_parent":{"__id__":55},"_components":[{"__type__":"cc.Label","node":{"__id__":56},"_materials":[{"__uuid__":"ecpdLyjvZBwrvm+cedCcQy"}],"_useOriginalSize":false,"_string":"玩家","_N$string":"玩家","_fontSize":12,"_lineHeight":18,"_N$horizontalAlign":1,"_N$verticalAlign":1}],"_prefab":{"__type__":"cc.PrefabInfo","root":{"__id__":1},"asset":{"__uuid__":"typdkee2-ae3e-4bbb-a92d-cda32feebea4"},"fileId":"ed7MRdUV9PJrSBpMYfyJ8u"},"_contentSize":{"__type__":"cc.Size","width":24,"height":22.68},"_trs":{"__type__":"TypedArray","ctor":"Float64Array","array":[1.5,44,0,0,0,0,1,1,1,1]}},{"__type__":"cc.Node","_name":"lb_jifen","_parent":{"__id__":55},"_components":[{"__type__":"cc.Label","node":{"__id__":57},"_materials":[{"__uuid__":"ecpdLyjvZBwrvm+cedCcQy"}],"_useOriginalSize":false,"_string":"100","_N$string":"100","_fontSize":24,"_lineHeight":24,"_N$file":{"__uuid__":"typdk345-cbe0-4203-a8ca-8141b2e63f4f"},"_isSystemFontUsed":false,"_N$horizontalAlign":1,"_N$verticalAlign":1,"_N$overflow":2}],"_prefab":{"__type__":"cc.PrefabInfo","root":{"__id__":1},"asset":{"__uuid__":"typdkee2-ae3e-4bbb-a92d-cda32feebea4"},"fileId":"c24qZBTmpMQaq1j6VHVPjG"},"_color":{"__type__":"cc.Color","r":255,"g":228},"_contentSize":{"__type__":"cc.Size","width":30.16,"height":24},"_trs":{"__type__":"TypedArray","ctor":"Float64Array","array":[-0.9,-43.7,0,0,0,0,1,1,1,1]}},{"__type__":"cc.Node","_name":"btn_head","_parent":{"__id__":54},"_components":[{"__type__":"cc.Sprite","node":{"__id__":58},"_materials":[{"__uuid__":"ecpdLyjvZBwrvm+cedCcQy"}],"_spriteFrame":{"__uuid__":"typdkbd4-6d8e-4361-aae8-91caca6f2355"},"_sizeMode":0,"_isTrimmedMode":false},{"__type__":"cc.Button","node":{"__id__":58},"zoomScale":0.9,"clickEvents":[{"__type__":"cc.ClickEvent","_componentId":"ddzeeA3x6pBealwQxA0fAX/","handler":"OnClick_BtnWnd"}],"_N$transition":3,"transition":3,"_N$normalColor":{"__type__":"cc.Color","r":214,"g":214,"b":214},"_N$target":{"__id__":58}},{"__type__":"typdk551-cdf7-4ff7-b9d1-ff119733cfed","node":{"__id__":58}}],"_prefab":{"__type__":"cc.PrefabInfo","root":{"__id__":1},"asset":{"__uuid__":"typdkee2-ae3e-4bbb-a92d-cda32feebea4"},"fileId":"3cYnWANYlBga8brS3t2fUy"},"_contentSize":{"__type__":"cc.Size","width":60,"height":60},"_trs":{"__type__":"TypedArray","ctor":"Float64Array","array":[0,0,0,0,0,0,1,1,1,1]}},{"__type__":"cc.Node","_name":"btn_headkuang","_parent":{"__id__":54},"_components":[{"__type__":"cc.Sprite","node":{"__id__":59},"_sizeMode":2,"_isTrimmedMode":false},{"__type__":"cc.Widget","node":{"__id__":59},"alignMode":0,"_alignFlags":18,"_top":27}],"_prefab":{"__type__":"cc.PrefabInfo","root":{"__id__":1},"asset":{"__uuid__":"typdkee2-ae3e-4bbb-a92d-cda32feebea4"},"fileId":"0cKX28vFBFF5QMs9T+i8VD"},"_contentSize":{"__type__":"cc.Size","width":62,"height":62},"_trs":{"__type__":"TypedArray","ctor":"Float64Array","array":[0,0,0,0,0,0,1,1,1,1]}},{"__type__":"cc.Node","_name":"zhuangjia","_parent":{"__id__":54},"_active":false,"_components":[{"__type__":"cc.Sprite","node":{"__id__":60},"_spriteFrame":{"__uuid__":"typdk19c-886a-4448-bf05-541e441146db"}}],"_prefab":{"__type__":"cc.PrefabInfo","root":{"__id__":1},"asset":{"__uuid__":"typdkee2-ae3e-4bbb-a92d-cda32feebea4"},"fileId":"8eSe6QkHZLd6JnofBvpf7Y"},"_contentSize":{"__type__":"cc.Size","width":48,"height":48},"_trs":{"__type__":"TypedArray","ctor":"Float64Array","array":[-29.5,29.5,0,0,0,0,1,0.8,0.8,1]}},{"__type__":"cc.Node","_name":"fangzhu","_parent":{"__id__":54},"_active":false,"_components":[{"__type__":"cc.Sprite","node":{"__id__":61},"_spriteFrame":{"__uuid__":"typdk046-20bb-48ac-a1a1-d001cb195e16"}}],"_prefab":{"__type__":"cc.PrefabInfo","root":{"__id__":1},"asset":{"__uuid__":"typdkee2-ae3e-4bbb-a92d-cda32feebea4"},"fileId":"bcpOFdGyVIoYwXLhaWLraJ"},"_contentSize":{"__type__":"cc.Size","width":34,"height":35},"_trs":{"__type__":"TypedArray","ctor":"Float64Array","array":[13.1,-13.1,0,0,0,0,1,1,1,1]}},{"__type__":"cc.Node","_name":"trusteeship","_parent":{"__id__":54},"_active":false,"_components":[{"__type__":"cc.Sprite","node":{"__id__":62},"_materials":[{"__uuid__":"ecpdLyjvZBwrvm+cedCcQy"}],"_spriteFrame":{"__uuid__":"72OQCpI+FBM7NKmvcdDxxH"}}],"_prefab":{"__type__":"cc.PrefabInfo","root":{"__id__":1},"asset":{"__uuid__":"typdkee2-ae3e-4bbb-a92d-cda32feebea4"},"fileId":"debc5Fj4NObYlSbO2/wrYz"},"_contentSize":{"__type__":"cc.Size","width":80,"height":77},"_trs":{"__type__":"TypedArray","ctor":"Float64Array","array":[60,-35,0,0,0,0,1,0.5,0.5,1]}},{"__type__":"cc.Node","_name":"useTimeNode","_parent":{"__id__":54},"_children":[{"__id__":64}],"_components":[{"__type__":"cc.Sprite","node":{"__id__":63},"_materials":[{"__uuid__":"ecpdLyjvZBwrvm+cedCcQy"}],"_spriteFrame":{"__uuid__":"37SCldw95GD7SpvzdPhn7F"}}],"_prefab":{"__type__":"cc.PrefabInfo","root":{"__id__":1},"asset":{"__uuid__":"typdkee2-ae3e-4bbb-a92d-cda32feebea4"},"fileId":"9cnahYvFVNuK/VbUk3SwBD"},"_contentSize":{"__type__":"cc.Size","width":17,"height":16},"_trs":{"__type__":"TypedArray","ctor":"Float64Array","array":[-22,65,0,0,0,0,1,1,1,1]}},{"__type__":"cc.Node","_name":"lb_useTime","_parent":{"__id__":63},"_components":[{"__type__":"cc.Label","node":{"__id__":64},"_materials":[{"__uuid__":"ecpdLyjvZBwrvm+cedCcQy"}],"_useOriginalSize":false,"_string":"180s","_N$string":"180s","_fontSize":20,"_lineHeight":20,"_N$horizontalAlign":1,"_N$verticalAlign":1}],"_prefab":{"__type__":"cc.PrefabInfo","root":{"__id__":1},"asset":{"__uuid__":"typdkee2-ae3e-4bbb-a92d-cda32feebea4"},"fileId":"d5W5XYrFRP4rI7XCJd9QZw"},"_color":{"__type__":"cc.Color","g":230,"b":181},"_contentSize":{"__type__":"cc.Size","width":43.37,"height":25.2},"_anchorPoint":{"__type__":"cc.Vec2","y":0.5},"_trs":{"__type__":"TypedArray","ctor":"Float64Array","array":[10,0,0,0,0,0,1,1,1,1]}},{"__type__":"cc.Node","_name":"pass","_parent":{"__id__":52},"_active":false,"_components":[{"__type__":"cc.Sprite","node":{"__id__":65}}],"_prefab":{"__type__":"cc.PrefabInfo","root":{"__id__":1},"asset":{"__uuid__":"typdkee2-ae3e-4bbb-a92d-cda32feebea4"},"fileId":"41c63lf4oJLZLBzm3t8JpUn"},"_contentSize":{"__type__":"cc.Size","width":103,"height":50},"_trs":{"__type__":"TypedArray","ctor":"Float64Array","array":[430,38,0,0,0,0,1,1,1,1]}},{"__type__":"cc.Node","_name":"jiesan","_parent":{"__id__":52},"_active":false,"_components":[{"__type__":"cc.Label","node":{"__id__":66},"_useOriginalSize":false,"_string":"发起解散","_N$string":"发起解散","_fontSize":50,"_lineHeight":52,"_N$horizontalAlign":1,"_N$verticalAlign":1}],"_prefab":{"__type__":"cc.PrefabInfo","root":{"__id__":1},"asset":{"__uuid__":"typdkee2-ae3e-4bbb-a92d-cda32feebea4"},"fileId":"033BpYamBI0oRTyWcdwSFC"},"_color":{"__type__":"cc.Color","r":255},"_contentSize":{"__type__":"cc.Size","width":200,"height":52},"_trs":{"__type__":"TypedArray","ctor":"Float64Array","array":[64,12,0,0,0,0,1,1,1,1]}},{"__type__":"cc.Node","_name":"allCards","_parent":{"__id__":1},"_active":false,"_components":[{"__type__":"cc.Layout","node":{"__id__":67},"_enabled":false,"_layoutSize":{"__type__":"cc.Size","width":1150,"height":225},"_N$layoutType":3,"_N$spacingX":-90,"_N$spacingY":-90}],"_prefab":{"__type__":"cc.PrefabInfo","root":{"__id__":1},"asset":{"__uuid__":"typdkee2-ae3e-4bbb-a92d-cda32feebea4"},"fileId":"4duvRuV4ZCl4UTrZpIZRvG"},"_contentSize":{"__type__":"cc.Size","width":1150,"height":225},"_trs":{"__type__":"TypedArray","ctor":"Float64Array","array":[0,50,0,0,0,0,1,0.8,0.8,1]}},{"__type__":"cc.Node","_name":"handCards","_parent":{"__id__":1},"_active":false,"_components":[{"__type__":"cc.Layout","node":{"__id__":68},"_layoutSize":{"__type__":"cc.Size","width":112,"height":200},"_resize":1,"_N$layoutType":1,"_N$spacingX":-70}],"_prefab":{"__type__":"cc.PrefabInfo","root":{"__id__":1},"asset":{"__uuid__":"typdkee2-ae3e-4bbb-a92d-cda32feebea4"},"fileId":"70641q3VxNGEYWbeUencvSk"},"_contentSize":{"__type__":"cc.Size","width":134,"height":185},"_trs":{"__type__":"TypedArray","ctor":"Float64Array","array":[0,-254,0,0,0,0,1,1,1,1]}},{"__type__":"cc.Node","_name":"outCardList0","_parent":{"__id__":1},"_active":false,"_components":[{"__type__":"cc.Layout","node":{"__id__":69},"_layoutSize":{"__type__":"cc.Size","width":1124,"height":156},"_resize":1,"_N$layoutType":1,"_N$spacingX":-68}],"_prefab":{"__type__":"cc.PrefabInfo","root":{"__id__":1},"asset":{"__uuid__":"typdkee2-ae3e-4bbb-a92d-cda32feebea4"},"fileId":"2ad52st+YdNz7e8h9D+tXA2"},"_contentSize":{"__type__":"cc.Size","width":1124,"height":156},"_trs":{"__type__":"TypedArray","ctor":"Float64Array","array":[0,-70,0,0,0,0,1,0.6,0.6,1]}},{"__type__":"cc.Node","_name":"outCardList1","_parent":{"__id__":1},"_active":false,"_components":[{"__type__":"cc.Layout","node":{"__id__":70},"_layoutSize":{"__type__":"cc.Size","width":672,"height":156},"_resize":1,"_N$layoutType":3,"_N$spacingX":-70,"_N$spacingY":-70}],"_prefab":{"__type__":"cc.PrefabInfo","root":{"__id__":1},"asset":{"__uuid__":"typdkee2-ae3e-4bbb-a92d-cda32feebea4"},"fileId":"a5694xOMaJLIqoKwP5ScvVt"},"_contentSize":{"__type__":"cc.Size","width":672,"height":156},"_trs":{"__type__":"TypedArray","ctor":"Float64Array","array":[436,64,0,0,0,0,1,0.6,0.6,1]}},{"__type__":"cc.Node","_name":"outCardList2","_parent":{"__id__":1},"_active":false,"_components":[{"__type__":"cc.Layout","node":{"__id__":71},"_layoutSize":{"__type__":"cc.Size","width":672,"height":242},"_resize":1,"_N$layoutType":3,"_N$spacingX":-70,"_N$spacingY":-70}],"_prefab":{"__type__":"cc.PrefabInfo","root":{"__id__":1},"asset":{"__uuid__":"typdkee2-ae3e-4bbb-a92d-cda32feebea4"},"fileId":"b30abTEZ35Dba9FggPqaGbn"},"_contentSize":{"__type__":"cc.Size","width":672,"height":156},"_trs":{"__type__":"TypedArray","ctor":"Float64Array","array":[-208,64,0,0,0,0,1,0.6,0.6,1]}},{"__type__":"cc.Node","_name":"openCardList1","_parent":{"__id__":1},"_active":false,"_components":[{"__type__":"cc.Layout","node":{"__id__":72},"_layoutSize":{"__type__":"cc.Size","width":672,"height":242},"_resize":1,"_N$layoutType":3,"_N$spacingX":-70,"_N$spacingY":-70}],"_prefab":{"__type__":"cc.PrefabInfo","root":{"__id__":1},"asset":{"__uuid__":"typdkee2-ae3e-4bbb-a92d-cda32feebea4"},"fileId":"aa151qRojdORaJR6p7nXCIv"},"_contentSize":{"__type__":"cc.Size","width":672,"height":242},"_trs":{"__type__":"TypedArray","ctor":"Float64Array","array":[388,203,0,0,0,0,1,0.4,0.4,1]}},{"__type__":"cc.Node","_name":"openCardList2","_parent":{"__id__":1},"_active":false,"_components":[{"__type__":"cc.Layout","node":{"__id__":73},"_layoutSize":{"__type__":"cc.Size","width":672,"height":242},"_resize":1,"_N$layoutType":3,"_N$spacingX":-70,"_N$spacingY":-70}],"_prefab":{"__type__":"cc.PrefabInfo","root":{"__id__":1},"asset":{"__uuid__":"typdkee2-ae3e-4bbb-a92d-cda32feebea4"},"fileId":"f5fbbCbCcBDqK9gCFiiRSgy"},"_contentSize":{"__type__":"cc.Size","width":672,"height":242},"_trs":{"__type__":"TypedArray","ctor":"Float64Array","array":[-340,190,0,0,0,0,1,0.4,0.4,1]}},{"__type__":"cc.Node","_name":"control","_parent":{"__id__":1},"_children":[{"__id__":75},{"__id__":76},{"__id__":77},{"__id__":78},{"__id__":79},{"__id__":80},{"__id__":81}],"_components":[{"__type__":"cc.Layout","node":{"__id__":74},"_N$layoutType":1,"_N$spacingX":50}],"_prefab":{"__type__":"cc.PrefabInfo","root":{"__id__":1},"asset":{"__uuid__":"typdkee2-ae3e-4bbb-a92d-cda32feebea4"},"fileId":"2f2c831kv5MZ6bx4mZ9cPKd"},"_contentSize":{"__type__":"cc.Size","width":300,"height":200},"_trs":{"__type__":"TypedArray","ctor":"Float64Array","array":[-193,311,0,0,0,0,1,1.2,1.2,1]}},{"__type__":"cc.Node","_name":"btn_last","_parent":{"__id__":74},"_components":[{"__type__":"cc.Sprite","node":{"__id__":75},"_materials":[{"__uuid__":"ecpdLyjvZBwrvm+cedCcQy"}],"_spriteFrame":{"__uuid__":"34FtbTPkhHU4jt7Bd9JW9K"}},{"__type__":"cc.Button","node":{"__id__":75},"clickEvents":[{"__type__":"cc.ClickEvent","target":{"__id__":1},"_componentId":"typdk068-c197-4cb3-98cc-784a6fe89c89","handler":"OnClick_BtnWnd"}],"_N$transition":3,"transition":3,"_N$normalColor":{"__type__":"cc.Color","r":214,"g":214,"b":214},"_N$target":{"__id__":75}}],"_prefab":{"__type__":"cc.PrefabInfo","root":{"__id__":1},"asset":{"__uuid__":"typdkee2-ae3e-4bbb-a92d-cda32feebea4"},"fileId":"2bZkBHGUNK4qBnXqfOb9Lo"},"_contentSize":{"__type__":"cc.Size","width":105,"height":59},"_trs":{"__type__":"TypedArray","ctor":"Float64Array","array":[-97.5,-216,0,0,0,0,1,1,1,1]}},{"__type__":"cc.Node","_name":"btn_back","_parent":{"__id__":74},"_components":[{"__type__":"cc.Sprite","node":{"__id__":76},"_materials":[{"__uuid__":"ecpdLyjvZBwrvm+cedCcQy"}],"_spriteFrame":{"__uuid__":"typdkf19-eaba-4bcf-8117-065cf9ed872c"}},{"__type__":"cc.Button","node":{"__id__":76},"clickEvents":[{"__type__":"cc.ClickEvent","target":{"__id__":1},"_componentId":"typdk068-c197-4cb3-98cc-784a6fe89c89","handler":"OnClick_BtnWnd"}],"_N$transition":3,"transition":3,"_N$normalColor":{"__type__":"cc.Color","r":214,"g":214,"b":214},"_N$target":{"__id__":76}}],"_prefab":{"__type__":"cc.PrefabInfo","root":{"__id__":1},"asset":{"__uuid__":"typdkee2-ae3e-4bbb-a92d-cda32feebea4"},"fileId":"c150cnjpGNNA5TfJR8oN+nc"},"_contentSize":{"__type__":"cc.Size","width":65,"height":49},"_trs":{"__type__":"TypedArray","ctor":"Float64Array","array":[37.5,-216,0,0,0,0,1,1,1,1]}},{"__type__":"cc.Node","_name":"btn_play","_parent":{"__id__":74},"_active":false,"_components":[{"__type__":"cc.Sprite","node":{"__id__":77},"_spriteFrame":{"__uuid__":"typdka69-1a43-490b-ab61-56b2d8ff1734"}},{"__type__":"cc.Button","node":{"__id__":77},"clickEvents":[{"__type__":"cc.ClickEvent","target":{"__id__":1},"_componentId":"typdk068-c197-4cb3-98cc-784a6fe89c89","handler":"OnClick_BtnWnd"}],"_N$transition":3,"transition":3,"_N$normalColor":{"__type__":"cc.Color","r":214,"g":214,"b":214},"_N$target":{"__id__":77}}],"_prefab":{"__type__":"cc.PrefabInfo","root":{"__id__":1},"asset":{"__uuid__":"typdkee2-ae3e-4bbb-a92d-cda32feebea4"},"fileId":"a0dfdt83zJF67plQvOeHZJn"},"_contentSize":{"__type__":"cc.Size","width":55,"height":61},"_trs":{"__type__":"TypedArray","ctor":"Float64Array","array":[-7.5,-216,0,0,0,0,1,1,1,1]}},{"__type__":"cc.Node","_name":"btn_pause","_parent":{"__id__":74},"_components":[{"__type__":"cc.Sprite","node":{"__id__":78},"_materials":[{"__uuid__":"ecpdLyjvZBwrvm+cedCcQy"}],"_spriteFrame":{"__uuid__":"typdkb8f-2e5b-4ded-bf1c-ef044e0c3f8a"}},{"__type__":"cc.Button","node":{"__id__":78},"clickEvents":[{"__type__":"cc.ClickEvent","target":{"__id__":1},"_componentId":"typdk068-c197-4cb3-98cc-784a6fe89c89","handler":"OnClick_BtnWnd"}],"_N$transition":3,"transition":3,"_N$normalColor":{"__type__":"cc.Color","r":214,"g":214,"b":214},"_N$target":{"__id__":78}}],"_prefab":{"__type__":"cc.PrefabInfo","root":{"__id__":1},"asset":{"__uuid__":"typdkee2-ae3e-4bbb-a92d-cda32feebea4"},"fileId":"080cdEJT2BP175HO4l6g+AW"},"_contentSize":{"__type__":"cc.Size","width":54,"height":60},"_trs":{"__type__":"TypedArray","ctor":"Float64Array","array":[147,-216,0,0,0,0,1,1,1,1]}},{"__type__":"cc.Node","_name":"btn_forward","_parent":{"__id__":74},"_components":[{"__type__":"cc.Sprite","node":{"__id__":79},"_materials":[{"__uuid__":"ecpdLyjvZBwrvm+cedCcQy"}],"_spriteFrame":{"__uuid__":"typdk108-c101-4210-aaa6-2897d349679d"}},{"__type__":"cc.Button","node":{"__id__":79},"clickEvents":[{"__type__":"cc.ClickEvent","target":{"__id__":1},"_componentId":"typdk068-c197-4cb3-98cc-784a6fe89c89","handler":"OnClick_BtnWnd"}],"_N$transition":3,"transition":3,"_N$normalColor":{"__type__":"cc.Color","r":214,"g":214,"b":214},"_N$target":{"__id__":79}}],"_prefab":{"__type__":"cc.PrefabInfo","root":{"__id__":1},"asset":{"__uuid__":"typdkee2-ae3e-4bbb-a92d-cda32feebea4"},"fileId":"4261bW9vNlJA5+d0mEnyadp"},"_contentSize":{"__type__":"cc.Size","width":65,"height":49},"_trs":{"__type__":"TypedArray","ctor":"Float64Array","array":[256.5,-216,0,0,0,0,1,1,1,1]}},{"__type__":"cc.Node","_name":"btn_return","_parent":{"__id__":74},"_components":[{"__type__":"cc.Sprite","node":{"__id__":80},"_materials":[{"__uuid__":"ecpdLyjvZBwrvm+cedCcQy"}],"_spriteFrame":{"__uuid__":"typdka9e-0c80-4f16-9139-db0652db70b1"}},{"__type__":"cc.Button","node":{"__id__":80},"clickEvents":[{"__type__":"cc.ClickEvent","target":{"__id__":1},"_componentId":"typdk068-c197-4cb3-98cc-784a6fe89c89","handler":"OnClick_BtnWnd"}],"_N$transition":3,"transition":3,"_N$normalColor":{"__type__":"cc.Color","r":214,"g":214,"b":214},"_N$target":{"__id__":80}}],"_prefab":{"__type__":"cc.PrefabInfo","root":{"__id__":1},"asset":{"__uuid__":"typdkee2-ae3e-4bbb-a92d-cda32feebea4"},"fileId":"99b1aMn5bJPlryyndGS2MVo"},"_contentSize":{"__type__":"cc.Size","width":59,"height":59},"_trs":{"__type__":"TypedArray","ctor":"Float64Array","array":[368.5,-216,0,0,0,0,1,1,1,1]}},{"__type__":"cc.Node","_name":"btn_next","_parent":{"__id__":74},"_components":[{"__type__":"cc.Sprite","node":{"__id__":81},"_materials":[{"__uuid__":"ecpdLyjvZBwrvm+cedCcQy"}],"_spriteFrame":{"__uuid__":"b9n2fcpCNL1JA4owDDZwcq"}},{"__type__":"cc.Button","node":{"__id__":81},"clickEvents":[{"__type__":"cc.ClickEvent","target":{"__id__":1},"_componentId":"typdk068-c197-4cb3-98cc-784a6fe89c89","handler":"OnClick_BtnWnd"}],"_N$transition":3,"transition":3,"_N$normalColor":{"__type__":"cc.Color","r":214,"g":214,"b":214},"_N$target":{"__id__":81}}],"_prefab":{"__type__":"cc.PrefabInfo","root":{"__id__":1},"asset":{"__uuid__":"typdkee2-ae3e-4bbb-a92d-cda32feebea4"},"fileId":"44QcYdgLNIurSwmdXKa9JX"},"_contentSize":{"__type__":"cc.Size","width":105,"height":59},"_trs":{"__type__":"TypedArray","ctor":"Float64Array","array":[500.5,-216,0,0,0,0,1,1,1,1]}},{"__type__":"cc.Node","_name":"UIMessageNoExist","_parent":{"__id__":1},"_children":[{"__id__":83},{"__id__":84},{"__id__":85}],"_active":false,"_components":[{"__type__":"cc.Widget","node":{"__id__":82},"alignMode":0,"_alignFlags":45,"_originalWidth":750,"_originalHeight":1360},{"__type__":"cc.Button","node":{"__id__":82},"_N$normalColor":{"__type__":"cc.Color","r":214,"g":214,"b":214},"_N$target":{"__id__":82}}],"_prefab":{"__type__":"cc.PrefabInfo","root":{"__id__":1},"asset":{"__uuid__":"typdkee2-ae3e-4bbb-a92d-cda32feebea4"},"fileId":"b48b1Lr0RJFL7BOqUlLZCAF"},"_contentSize":{"__type__":"cc.Size","width":1360,"height":760},"_trs":{"__type__":"TypedArray","ctor":"Float64Array","array":[0,0,0,0,0,0,1,1,1,1]}},{"__type__":"cc.Node","_name":"New Sprite(Splash)","_parent":{"__id__":82},"_components":[{"__type__":"cc.Sprite","node":{"__id__":83},"_spriteFrame":{"__uuid__":"a2MjXRFdtLlYQ5ouAFv/+R"},"_sizeMode":0}],"_prefab":{"__type__":"cc.PrefabInfo","root":{"__id__":1},"asset":{"__uuid__":"typdkee2-ae3e-4bbb-a92d-cda32feebea4"},"fileId":"622a9BFnfxCIZMJyQSD9ovR"},"_opacity":125,"_color":{"__type__":"cc.Color"},"_contentSize":{"__type__":"cc.Size","width":1360,"height":769},"_trs":{"__type__":"TypedArray","ctor":"Float64Array","array":[0,0,0,0,0,0,1,1,1,1]}},{"__type__":"cc.Node","_name":"btnBg","_parent":{"__id__":82},"_components":[{"__type__":"cc.Sprite","node":{"__id__":84},"_spriteFrame":{"__uuid__":"f0BIwQ8D5Ml7nTNQbh1YlS"},"_type":1,"_sizeMode":0},{"__type__":"cc.Button","node":{"__id__":84},"zoomScale":0.95,"_N$pressedColor":{"__type__":"cc.Color","r":255,"g":255,"b":255},"pressedColor":{"__type__":"cc.Color","r":255,"g":255,"b":255},"_N$disabledColor":{"__type__":"cc.Color","r":255,"g":255,"b":255},"_N$normalSprite":{"__uuid__":"f0BIwQ8D5Ml7nTNQbh1YlS"},"_N$pressedSprite":{"__uuid__":"e97GVMl6JHh5Ml5qEDdSGa"},"pressedSprite":{"__uuid__":"e97GVMl6JHh5Ml5qEDdSGa"},"_N$hoverSprite":{"__uuid__":"e97GVMl6JHh5Ml5qEDdSGa"},"hoverSprite":{"__uuid__":"e97GVMl6JHh5Ml5qEDdSGa"},"_N$disabledSprite":{"__uuid__":"29FYIk+N1GYaeWH/q1NxQO"},"_N$target":{"__id__":84}},{"__type__":"cc.Widget","node":{"__id__":84},"alignMode":0,"_alignFlags":45,"_originalWidth":100,"_originalHeight":40}],"_prefab":{"__type__":"cc.PrefabInfo","root":{"__id__":1},"asset":{"__uuid__":"typdkee2-ae3e-4bbb-a92d-cda32feebea4"},"fileId":"896d9sB2GxCEKeDcQnGQkfl"},"_opacity":100,"_color":{"__type__":"cc.Color"},"_contentSize":{"__type__":"cc.Size","width":1360,"height":760},"_trs":{"__type__":"TypedArray","ctor":"Float64Array","array":[0,0,0,0,0,0,1,1,1,1]}},{"__type__":"cc.Node","_name":"image01","_parent":{"__id__":82},"_children":[{"__id__":86},{"__id__":88},{"__id__":89}],"_components":[{"__type__":"cc.Sprite","node":{"__id__":85},"_spriteFrame":{"__uuid__":"typdkf65-e44d-4efe-bf9c-5465685b5e97"},"_sizeMode":2}],"_prefab":{"__type__":"cc.PrefabInfo","root":{"__id__":1},"asset":{"__uuid__":"typdkee2-ae3e-4bbb-a92d-cda32feebea4"},"fileId":"d1a67HMVF1NcK3QdSqi3OMJ"},"_contentSize":{"__type__":"cc.Size","width":699,"height":478},"_trs":{"__type__":"TypedArray","ctor":"Float64Array","array":[0,4,0,0,0,0,1,1,1,1]}},{"__type__":"cc.Node","_name":"biaotizhuangshi","_parent":{"__id__":85},"_children":[{"__id__":87}],"_components":[{"__type__":"cc.Sprite","node":{"__id__":86},"_spriteFrame":{"__uuid__":"typdkcae-6d95-4179-b060-db97a3ca2a21"}}],"_prefab":{"__type__":"cc.PrefabInfo","root":{"__id__":1},"asset":{"__uuid__":"typdkee2-ae3e-4bbb-a92d-cda32feebea4"},"fileId":"e50a1LFzi9KQYY64U8ptsui"},"_contentSize":{"__type__":"cc.Size","width":473,"height":87},"_trs":{"__type__":"TypedArray","ctor":"Float64Array","array":[5,234,0,0,0,0,1,1,1,1]}},{"__type__":"cc.Node","_name":"zi","_parent":{"__id__":86},"_components":[{"__type__":"cc.Sprite","node":{"__id__":87},"_spriteFrame":{"__uuid__":"typdk1ec-504e-47b4-a090-90888a4afbac"}}],"_prefab":{"__type__":"cc.PrefabInfo","root":{"__id__":1},"asset":{"__uuid__":"typdkee2-ae3e-4bbb-a92d-cda32feebea4"},"fileId":"d8835MYJvVN5rckWMTZ1YXL"},"_contentSize":{"__type__":"cc.Size","width":109,"height":54},"_trs":{"__type__":"TypedArray","ctor":"Float64Array","array":[0,0,0,0,0,0,1,1,1,1]}},{"__type__":"cc.Node","_name":"LabelMessage","_parent":{"__id__":85},"_components":[{"__type__":"cc.Label","node":{"__id__":88},"_useOriginalSize":false,"_string":"回放记录不存在！","_N$string":"回放记录不存在！","_fontSize":24,"_lineHeight":29,"_N$file":{"__uuid__":"typdk345-cbe0-4203-a8ca-8141b2e63f4f"},"_isSystemFontUsed":false,"_N$horizontalAlign":1,"_N$verticalAlign":1,"_N$overflow":3}],"_prefab":{"__type__":"cc.PrefabInfo","root":{"__id__":1},"asset":{"__uuid__":"typdkee2-ae3e-4bbb-a92d-cda32feebea4"},"fileId":"f0269msh9RDaJ/OQOZ2JX4U"},"_color":{"__type__":"cc.Color","r":110,"g":16,"b":8},"_contentSize":{"__type__":"cc.Size","width":450,"height":29},"_trs":{"__type__":"TypedArray","ctor":"Float64Array","array":[0,25,0,0,0,0,1,1,1,1]}},{"__type__":"cc.Node","_name":"btnSure","_parent":{"__id__":85},"_children":[{"__id__":90}],"_components":[{"__type__":"cc.Sprite","node":{"__id__":89},"_spriteFrame":{"__uuid__":"typdkb94-98ea-41cd-b7d4-5bd97e4041c8"},"_type":1,"_sizeMode":0},{"__type__":"cc.Button","node":{"__id__":89},"zoomScale":0.95,"clickEvents":[{"__type__":"cc.ClickEvent","target":{"__id__":1},"_componentId":"typdk068-c197-4cb3-98cc-784a6fe89c89","handler":"OnClick_BtnWnd"}],"_N$transition":3,"transition":3,"_N$pressedColor":{"__type__":"cc.Color","r":255,"g":255,"b":255},"pressedColor":{"__type__":"cc.Color","r":255,"g":255,"b":255},"_N$disabledColor":{"__type__":"cc.Color","r":255,"g":255,"b":255},"_N$normalSprite":{"__uuid__":"f0BIwQ8D5Ml7nTNQbh1YlS"},"_N$pressedSprite":{"__uuid__":"e97GVMl6JHh5Ml5qEDdSGa"},"pressedSprite":{"__uuid__":"e97GVMl6JHh5Ml5qEDdSGa"},"_N$hoverSprite":{"__uuid__":"e97GVMl6JHh5Ml5qEDdSGa"},"hoverSprite":{"__uuid__":"e97GVMl6JHh5Ml5qEDdSGa"},"_N$disabledSprite":{"__uuid__":"29FYIk+N1GYaeWH/q1NxQO"},"_N$target":{"__id__":89}}],"_prefab":{"__type__":"cc.PrefabInfo","root":{"__id__":1},"asset":{"__uuid__":"typdkee2-ae3e-4bbb-a92d-cda32feebea4"},"fileId":"965d9ix3S9E3Z65aT397Igi"},"_contentSize":{"__type__":"cc.Size","width":154,"height":60},"_trs":{"__type__":"TypedArray","ctor":"Float64Array","array":[0,-82,0,0,0,0,1,1,1,1]}},{"__type__":"cc.Node","_name":"New Label","_parent":{"__id__":89},"_components":[{"__type__":"cc.Label","node":{"__id__":90},"_useOriginalSize":false,"_string":"确 认","_N$string":"确 认","_fontSize":30,"_lineHeight":30,"_N$file":{"__uuid__":"typdk345-cbe0-4203-a8ca-8141b2e63f4f"},"_isSystemFontUsed":false,"_N$horizontalAlign":1,"_N$verticalAlign":1},{"__type__":"cc.LabelOutline","node":{"__id__":90},"_color":{"__type__":"cc.Color","r":11,"g":36,"b":6}}],"_prefab":{"__type__":"cc.PrefabInfo","root":{"__id__":1},"asset":{"__uuid__":"typdkee2-ae3e-4bbb-a92d-cda32feebea4"},"fileId":"b50f7PwwKBG17y1qcGXa37d"},"_contentSize":{"__type__":"cc.Size","width":69.97,"height":30},"_trs":{"__type__":"TypedArray","ctor":"Float64Array","array":[0,2.5,0,0,0,0,1,1,1,1]}},{"__type__":"cc.Node","_name":"room_data","_parent":{"__id__":1},"_children":[{"__id__":92},{"__id__":93},{"__id__":94}],"_components":[{"__type__":"cc.Widget","node":{"__id__":91},"_alignFlags":9,"_left":183,"_top":49}],"_prefab":{"__type__":"cc.PrefabInfo","root":{"__id__":1},"asset":{"__uuid__":"typdkee2-ae3e-4bbb-a92d-cda32feebea4"},"fileId":"2d5e9l9rCRIKpqSSblWCRFw"},"_trs":{"__type__":"TypedArray","ctor":"Float64Array","array":[-497,331,0,0,0,0,1,1,1,1]}},{"__type__":"cc.Node","_name":"label_player_num","_parent":{"__id__":91},"_components":[{"__type__":"cc.Label","node":{"__id__":92},"_materials":[{"__uuid__":"ecpdLyjvZBwrvm+cedCcQy"}],"_useOriginalSize":false,"_string":"四人场","_N$string":"四人场","_fontSize":20,"_lineHeight":20,"_N$file":{"__uuid__":"typdk345-cbe0-4203-a8ca-8141b2e63f4f"},"_isSystemFontUsed":false,"_N$verticalAlign":1,"_N$overflow":2}],"_prefab":{"__type__":"cc.PrefabInfo","root":{"__id__":1},"asset":{"__uuid__":"typdkee2-ae3e-4bbb-a92d-cda32feebea4"},"fileId":"8e2bdeeZX5J54mXv/bORAnd"},"_contentSize":{"__type__":"cc.Size","width":150,"height":20},"_trs":{"__type__":"TypedArray","ctor":"Float64Array","array":[0,25,0,0,0,0,1,1,1,1]}},{"__type__":"cc.Node","_name":"label_player_ju","_parent":{"__id__":91},"_components":[{"__type__":"cc.Label","node":{"__id__":93},"_materials":[{"__uuid__":"ecpdLyjvZBwrvm+cedCcQy"}],"_useOriginalSize":false,"_string":"局数：1/8","_N$string":"局数：1/8","_fontSize":20,"_lineHeight":20,"_N$file":{"__uuid__":"typdk345-cbe0-4203-a8ca-8141b2e63f4f"},"_isSystemFontUsed":false,"_N$verticalAlign":1,"_N$overflow":2}],"_prefab":{"__type__":"cc.PrefabInfo","root":{"__id__":1},"asset":{"__uuid__":"typdkee2-ae3e-4bbb-a92d-cda32feebea4"},"fileId":"7c452AjcxNGhJEEAG7myqcQ"},"_contentSize":{"__type__":"cc.Size","width":150,"height":20},"_trs":{"__type__":"TypedArray","ctor":"Float64Array","array":[0,0,0,0,0,0,1,1,1,1]}},{"__type__":"cc.Node","_name":"label_player_roomkey","_parent":{"__id__":91},"_components":[{"__type__":"cc.Label","node":{"__id__":94},"_materials":[{"__uuid__":"ecpdLyjvZBwrvm+cedCcQy"}],"_useOriginalSize":false,"_string":"房间号：999999","_N$string":"房间号：999999","_fontSize":20,"_lineHeight":20,"_N$file":{"__uuid__":"typdk345-cbe0-4203-a8ca-8141b2e63f4f"},"_isSystemFontUsed":false,"_N$verticalAlign":1,"_N$overflow":2}],"_prefab":{"__type__":"cc.PrefabInfo","root":{"__id__":1},"asset":{"__uuid__":"typdkee2-ae3e-4bbb-a92d-cda32feebea4"},"fileId":"38c5d9cyWFAS6SS7aAEGFUR"},"_contentSize":{"__type__":"cc.Size","width":150,"height":20},"_trs":{"__type__":"TypedArray","ctor":"Float64Array","array":[0,-27,0,0,0,0,1,1,1,1]}},{"__type__":"cc.Node","_name":"boom_Ani","_parent":{"__id__":1},"_components":[{"__type__":"cc.Animation","node":{"__id__":95},"_clips":[{"__uuid__":"typdka3a-ab1b-4ce5-bd7e-2c02d265a951"}]},{"__type__":"cc.Sprite","node":{"__id__":95}}],"_prefab":{"__type__":"cc.PrefabInfo","root":{"__id__":1},"asset":{"__uuid__":"typdkee2-ae3e-4bbb-a92d-cda32feebea4"},"fileId":"72c53wdipNFxagZfSJCcRKD"},"_trs":{"__type__":"TypedArray","ctor":"Float64Array","array":[0,0,0,0,0,0,1,1,1,1]}},{"__type__":"cc.Node","_name":"plane_Ani","_parent":{"__id__":1},"_components":[{"__type__":"cc.Animation","node":{"__id__":96},"_clips":[{"__uuid__":"typdk607-ff36-419b-8d60-3bfe2f56c651"}]},{"__type__":"cc.Sprite","node":{"__id__":96}}],"_prefab":{"__type__":"cc.PrefabInfo","root":{"__id__":1},"asset":{"__uuid__":"typdkee2-ae3e-4bbb-a92d-cda32feebea4"},"fileId":"9a220SaVe1GXoqV+jCLUOq3"},"_trs":{"__type__":"TypedArray","ctor":"Float64Array","array":[0,0,0,0,0,0,1,1,1,1]}},{"__type__":"cc.Node","_name":"dragon_Ani","_parent":{"__id__":1},"_components":[{"__type__":"cc.Animation","node":{"__id__":97},"_clips":[{"__uuid__":"typdkb63-4af8-4799-946c-30048ed3ba60"}]},{"__type__":"cc.Sprite","node":{"__id__":97}}],"_prefab":{"__type__":"cc.PrefabInfo","root":{"__id__":1},"asset":{"__uuid__":"typdkee2-ae3e-4bbb-a92d-cda32feebea4"},"fileId":"b5n6QGS1FHL4ndBB33Iol+"},"_trs":{"__type__":"TypedArray","ctor":"Float64Array","array":[0,0,0,0,0,0,1,1,1,1]}}],{"__type__":"cc.SpriteFrame","content":{"name":"headbg","texture":"typdkace-afa9-4c0f-bcf5-ba2bbd692f7d","rect":[0,0,80,107],"offset":[0,0],"originalSize":[80,107],"capInsets":[0,0,0,0]}},{"__type__":"cc.SpriteFrame","content":{"name":"bg_spade1_1","texture":"typdk79b-d320-4ae0-8556-a655f966a15d","rect":[11,59,28,32],"offset":[-42,17.5],"originalSize":[134,185],"capInsets":[0,0,0,0]}},{"__type__":"cc.SpriteFrame","content":{"name":"btn_back","texture":"typdk7ed-7f9b-4417-9084-70b650662b6c","rect":[0,6,65,49],"offset":[-0.5,0.5],"originalSize":[66,62],"capInsets":[0,0,0,0]}},{"__type__":"cc.SpriteFrame","content":{"name":"bg_04","texture":"typdk818-3d3b-4937-9d06-2315f641aedc","rect":[0,0,699,478],"offset":[0,0],"originalSize":[699,478],"capInsets":[0,0,0,0]}}]