[{"__type__":"cc.SpriteFrame","content":{"name":"93","texture":"aeBxd7GtFAuZGuO17NIKSu","rect":[174,174,170,73],"offset":[0,-1],"originalSize":[170,75],"rotated":1,"capInsets":[0,0,0,0]}},{"__type__":"cc.SpriteFrame","content":{"name":"96","texture":"aeBxd7GtFAuZGuO17NIKSu","rect":[174,2,170,73],"offset":[0,-1],"originalSize":[170,75],"rotated":1,"capInsets":[0,0,0,0]}},{"__type__":"cc.SpriteFrame","content":{"name":"85","texture":"aeBxd7GtFAuZGuO17NIKSu","rect":[174,518,170,73],"offset":[0,-1],"originalSize":[170,75],"rotated":1,"capInsets":[0,0,0,0]}},{"__type__":"cc.SpriteFrame","content":{"name":"92","texture":"aeBxd7GtFAuZGuO17NIKSu","rect":[2,227,170,73],"offset":[0,-1],"originalSize":[170,75],"capInsets":[0,0,0,0]}},{"__type__":"cc.SpriteAtlas","_name":"btn_spacial.plist","_spriteFrames":{"84":{"__uuid__":"50LIuGYetBObX0t2f4d5oD"},"85":{"__uuid__":"17N2vTmp1Dv7vfqDRvSTO9"},"86":{"__uuid__":"c4OEq9hrNF66j2hINdYjLe"},"87":{"__uuid__":"43QMIlXMdObKhN+2x2wmT8"},"88":{"__uuid__":"b6SWGA/H1N+Jq19+hBXAgj"},"89":{"__uuid__":"26Ly7cXHpDhbATvDewyQMY"},"91":{"__uuid__":"9c/whowhRCE4nzYh1vRiY3"},"92":{"__uuid__":"18X3W1EIZKtp2Txjx03HxL"},"93":{"__uuid__":"0dUr9b7lJBs4J2+rSVrj9N"},"94":{"__uuid__":"f6Q8jIeRNBXZ86nwGR8jH2"},"95":{"__uuid__":"e8oZH0zgdKT5u3usjMvFOJ"},"96":{"__uuid__":"14CNaplAROW511pkbyJhGb"},"97":{"__uuid__":"eeYmu+taZDLZCqSfmvcSZK"},"100":{"__uuid__":"cdVzW2/TtErb8TKV7YUM73"}}},{"__type__":"cc.SpriteFrame","content":{"name":"89","texture":"aeBxd7GtFAuZGuO17NIKSu","rect":[2,677,170,71],"offset":[0,0],"originalSize":[170,75],"capInsets":[0,0,0,0]}},{"__type__":"cc.SpriteFrame","content":{"name":"87","texture":"aeBxd7GtFAuZGuO17NIKSu","rect":[2,377,170,73],"offset":[0,-1],"originalSize":[170,75],"capInsets":[0,0,0,0]}},{"__type__":"cc.SpriteFrame","content":{"name":"84","texture":"aeBxd7GtFAuZGuO17NIKSu","rect":[2,527,170,73],"offset":[0,-1],"originalSize":[170,75],"capInsets":[0,0,0,0]}},{"__type__":"cc.SpriteFrame","content":{"name":"91","texture":"aeBxd7GtFAuZGuO17NIKSu","rect":[2,302,170,73],"offset":[0,-1],"originalSize":[170,75],"capInsets":[0,0,0,0]}},{"__type__":"cc.SpriteFrame","content":{"name":"88","texture":"aeBxd7GtFAuZGuO17NIKSu","rect":[174,346,170,73],"offset":[0,-1],"originalSize":[170,75],"rotated":1,"capInsets":[0,0,0,0]}},{"__type__":"cc.SpriteFrame","content":{"name":"86","texture":"aeBxd7GtFAuZGuO17NIKSu","rect":[2,452,170,73],"offset":[0,-1],"originalSize":[170,75],"capInsets":[0,0,0,0]}},{"__type__":"cc.SpriteFrame","content":{"name":"100","texture":"aeBxd7GtFAuZGuO17NIKSu","rect":[2,602,170,73],"offset":[0,-1],"originalSize":[170,75],"capInsets":[0,0,0,0]}},{"__type__":"cc.SpriteFrame","content":{"name":"95","texture":"aeBxd7GtFAuZGuO17NIKSu","rect":[2,77,170,73],"offset":[0,-1],"originalSize":[170,75],"capInsets":[0,0,0,0]}},{"__type__":"cc.SpriteFrame","content":{"name":"97","texture":"aeBxd7GtFAuZGuO17NIKSu","rect":[2,2,170,73],"offset":[0,-1],"originalSize":[170,75],"capInsets":[0,0,0,0]}},{"__type__":"cc.SpriteFrame","content":{"name":"94","texture":"aeBxd7GtFAuZGuO17NIKSu","rect":[2,152,170,73],"offset":[0,-1],"originalSize":[170,75],"capInsets":[0,0,0,0]}}]