[{"__type__":"cc.SpriteFrame","content":{"name":"icon_st","texture":"fjssz2ab-d342-44cc-b08e-0e0b1c8a31d8","rect":[13,11,66,69],"offset":[0,0.5],"originalSize":[92,92],"capInsets":[0,0,0,0]}},[{"__type__":"cc.Prefab","_name":"poshuiPrefab","data":{"__id__":1}},{"__type__":"cc.Node","_name":"poshuiPrefab","_components":[{"__type__":"cc.Sprite","node":{"__id__":1},"_spriteFrame":{"__uuid__":"fjssz5b8-038a-420f-be61-dd221a20af69"}},{"__type__":"cc.Animation","node":{"__id__":1},"_defaultClip":{"__uuid__":"fjssz73d-c9cb-4fb0-8857-3a19b5722159"},"_clips":[{"__uuid__":"fjssz73d-c9cb-4fb0-8857-3a19b5722159"}]}],"_prefab":{"__type__":"cc.PrefabInfo","root":{"__id__":1},"asset":{"__uuid__":"fjsszd67-50c3-47cd-83de-d1db00b5ae98"},"fileId":"1bObAinhZMW6F5cp5PPUr5"},"_contentSize":{"__type__":"cc.Size","width":66,"height":69},"_trs":{"__type__":"TypedArray","ctor":"Float64Array","array":[0,0,0,0,0,0,1,1,1,1]}}]]