[{"__type__":"cc.SpriteFrame","content":{"name":"lb_jjd","texture":"40/bNjTLJPZ6/C5DqYu6Qr","rect":[0,0,116,60],"offset":[-6,2],"originalSize":[128,64],"capInsets":[0,0,0,0]}},{"__type__":"cc.BitmapFont","_name":"lb_jjd","spriteFrame":{"__uuid__":"935wuV0LZGs411zYL2i+GV"},"fontSize":1,"_fntConfig":{"commonHeight":20,"fontSize":1,"atlasName":"lb_jjd.png","fontDefDictionary":{"32":{"rect":{"x":0,"y":0,"width":0,"height":0},"xOffset":0,"yOffset":0,"xAdvance":20},"43":{"rect":{"x":0,"y":20,"width":14,"height":20},"xOffset":0,"yOffset":0,"xAdvance":14},"45":{"rect":{"x":21,"y":0,"width":14,"height":20},"xOffset":0,"yOffset":0,"xAdvance":14},"48":{"rect":{"x":0,"y":40,"width":14,"height":20},"xOffset":0,"yOffset":0,"xAdvance":14},"49":{"rect":{"x":10,"y":0,"width":11,"height":20},"xOffset":0,"yOffset":0,"xAdvance":11},"50":{"rect":{"x":14,"y":20,"width":14,"height":20},"xOffset":0,"yOffset":0,"xAdvance":14},"51":{"rect":{"x":35,"y":0,"width":14,"height":20},"xOffset":0,"yOffset":0,"xAdvance":14},"52":{"rect":{"x":14,"y":40,"width":14,"height":20},"xOffset":0,"yOffset":0,"xAdvance":14},"53":{"rect":{"x":28,"y":20,"width":14,"height":20},"xOffset":0,"yOffset":0,"xAdvance":14},"54":{"rect":{"x":49,"y":0,"width":14,"height":20},"xOffset":0,"yOffset":0,"xAdvance":14},"55":{"rect":{"x":28,"y":40,"width":14,"height":20},"xOffset":0,"yOffset":0,"xAdvance":14},"56":{"rect":{"x":42,"y":20,"width":14,"height":20},"xOffset":0,"yOffset":0,"xAdvance":14},"57":{"rect":{"x":63,"y":0,"width":14,"height":20},"xOffset":0,"yOffset":0,"xAdvance":14},"20882":{"rect":{"x":0,"y":0,"width":10,"height":20},"xOffset":0,"yOffset":0,"xAdvance":10},"20998":{"rect":{"x":56,"y":20,"width":20,"height":20},"xOffset":0,"yOffset":0,"xAdvance":20},"25216":{"rect":{"x":42,"y":40,"width":20,"height":20},"xOffset":0,"yOffset":0,"xAdvance":20},"27604":{"rect":{"x":77,"y":0,"width":20,"height":20},"xOffset":0,"yOffset":0,"xAdvance":20},"28857":{"rect":{"x":76,"y":20,"width":20,"height":20},"xOffset":0,"yOffset":0,"xAdvance":20},"31454":{"rect":{"x":62,"y":40,"width":20,"height":20},"xOffset":0,"yOffset":0,"xAdvance":20},"36187":{"rect":{"x":97,"y":0,"width":20,"height":20},"xOffset":0,"yOffset":0,"xAdvance":20}},"kerningDict":{}}}]