[{"__type__":"cc.BitmapFont","_name":"lb_zjs","spriteFrame":{"__uuid__":"qzmjmja0-75af-41ae-b23f-18f203318ac3"},"fontSize":1,"_fntConfig":{"commonHeight":54,"fontSize":1,"atlasName":"lb_zjs.png","fontDefDictionary":{"32":{"rect":{"x":0,"y":0,"width":0,"height":0},"xOffset":0,"yOffset":0,"xAdvance":39},"43":{"rect":{"x":0,"y":0,"width":39,"height":54},"xOffset":0,"yOffset":0,"xAdvance":39},"45":{"rect":{"x":0,"y":54,"width":39,"height":54},"xOffset":0,"yOffset":0,"xAdvance":39},"48":{"rect":{"x":39,"y":0,"width":39,"height":54},"xOffset":0,"yOffset":0,"xAdvance":39},"49":{"rect":{"x":39,"y":54,"width":39,"height":54},"xOffset":0,"yOffset":0,"xAdvance":39},"50":{"rect":{"x":78,"y":0,"width":39,"height":54},"xOffset":0,"yOffset":0,"xAdvance":39},"51":{"rect":{"x":78,"y":54,"width":39,"height":54},"xOffset":0,"yOffset":0,"xAdvance":39},"52":{"rect":{"x":117,"y":0,"width":39,"height":54},"xOffset":0,"yOffset":0,"xAdvance":39},"53":{"rect":{"x":117,"y":54,"width":39,"height":54},"xOffset":0,"yOffset":0,"xAdvance":39},"54":{"rect":{"x":156,"y":0,"width":39,"height":54},"xOffset":0,"yOffset":0,"xAdvance":39},"55":{"rect":{"x":156,"y":54,"width":39,"height":54},"xOffset":0,"yOffset":0,"xAdvance":39},"56":{"rect":{"x":195,"y":0,"width":39,"height":54},"xOffset":0,"yOffset":0,"xAdvance":39},"57":{"rect":{"x":195,"y":54,"width":39,"height":54},"xOffset":0,"yOffset":0,"xAdvance":39}},"kerningDict":{}}},{"__type__":"cc.SpriteFrame","content":{"name":"lb_zjs","texture":"qzmjmj74-0398-4779-9ef2-e5cb82e2e01a","rect":[1,4,229,100],"offset":[-12.5,10],"originalSize":[256,128],"capInsets":[0,0,0,0]}}]