[{"__type__":"cc.SpriteFrame","content":{"name":"ani_04","texture":"qzmjmjbb-51c9-430f-9489-96014d84c42d","rect":[81,73,396,372],"offset":[1.5,0],"originalSize":[555,518],"capInsets":[0,0,0,0]}},{"__type__":"cc.SpriteFrame","content":{"name":"ani_07","texture":"qzmjmjeb-eb35-4797-8e25-17e54e20582a","rect":[93,84,371,350],"offset":[1,0],"originalSize":[555,518],"capInsets":[0,0,0,0]}},{"__type__":"cc.SpriteFrame","content":{"name":"ani_01","texture":"qzmjmjf6-416e-4d10-965a-34216d1da58c","rect":[103,93,352,332],"offset":[1.5,0],"originalSize":[555,518],"capInsets":[0,0,0,0]}},{"__type__":"cc.SpriteFrame","content":{"name":"ani_10","texture":"qzmjmj28-3928-45d9-9247-fc2f2abc7f0a","rect":[38,34,482,453],"offset":[1.5,-1.5],"originalSize":[555,518],"capInsets":[0,0,0,0]}},{"__type__":"cc.AnimationClip","_name":"huAction","_duration":0.85,"curveData":{"comps":{"cc.Sprite":{"spriteFrame":[{"frame":0,"value":{"__uuid__":"qzmjmj54-73a9-47a4-9ae8-be57bdbffff9"}},{"frame":0.06666666666666667,"value":{"__uuid__":"qzmjmje5-0c26-475d-b21b-01dfcf01d60d"}},{"frame":0.16666666666666666,"value":{"__uuid__":"qzmjmja3-d323-4979-9b90-b46a3ea93902"}},{"frame":0.25,"value":{"__uuid__":"qzmjmj19-ef8a-4fd8-9d23-43d2f0b99d8f"}},{"frame":0.3333333333333333,"value":{"__uuid__":"qzmjmjbf-bd9f-4995-8771-563f83e9db9c"}},{"frame":0.4166666666666667,"value":{"__uuid__":"qzmjmjc5-822a-48c1-9a0a-d30132af7bad"}},{"frame":0.5,"value":{"__uuid__":"qzmjmj2a-5160-484a-906a-03ef5b8eefc0"}},{"frame":0.5833333333333334,"value":{"__uuid__":"qzmjmj8a-4200-49e2-90ec-d1c292e29f57"}},{"frame":0.6666666666666666,"value":{"__uuid__":"qzmjmjc0-d714-47c5-a93e-643d409e2554"}},{"frame":0.75,"value":{"__uuid__":"qzmjmj72-fbc5-4d01-a8ec-40084a7df988"}},{"frame":0.8333333333333334,"value":{"__uuid__":"qzmjmj98-1c86-4c89-9c7d-caf9c96e887c"}},{"frame":0.8333333333333334},{"frame":0.8333333333333334}]}}}},{"__type__":"cc.SpriteFrame","content":{"name":"ani_08","texture":"qzmjmj54-e10b-4154-b2cb-f91bf3ac3861","rect":[78,71,402,378],"offset":[1.5,-1],"originalSize":[555,518],"capInsets":[0,0,0,0]}},{"__type__":"cc.SpriteFrame","content":{"name":"ani_11","texture":"qzmjmj1d-4227-446a-8c9e-8ebb990f8e7b","rect":[169,164,230,234],"offset":[6.5,-22],"originalSize":[555,518],"capInsets":[0,0,0,0]}},{"__type__":"cc.SpriteFrame","content":{"name":"ani_03","texture":"qzmjmj67-45c1-4f4f-b8e7-b76bb5c6aa51","rect":[5,0,550,518],"offset":[2.5,0],"originalSize":[555,518],"capInsets":[0,0,0,0]}},{"__type__":"cc.SpriteFrame","content":{"name":"ani_05","texture":"qzmjmj29-65b8-4f70-8c6d-cf1f8bf4b165","rect":[124,114,309,290],"offset":[1,0],"originalSize":[555,518],"capInsets":[0,0,0,0]}},{"__type__":"cc.SpriteFrame","content":{"name":"ani_09","texture":"qzmjmjf1-e530-4118-b2f8-57d36c5a00ec","rect":[65,61,428,400],"offset":[1.5,-2],"originalSize":[555,518],"capInsets":[0,0,0,0]}},{"__type__":"cc.SpriteFrame","content":{"name":"ani_06","texture":"qzmjmjd2-6fde-40a7-b8f7-488af3bd6240","rect":[107,97,343,324],"offset":[1,0],"originalSize":[555,518],"capInsets":[0,0,0,0]}},{"__type__":"cc.SpriteFrame","content":{"name":"ani_02","texture":"qzmjmje7-d4e3-4430-b5be-72d46418a8e2","rect":[50,47,455,424],"offset":[0,0],"originalSize":[555,518],"capInsets":[0,0,0,0]}}]