[{"__type__":"cc.SpriteFrame","content":{"name":"ani_01","texture":"qzmjmj60-f350-4455-aa95-0fa03f0eaec9","rect":[74,26,814,302],"offset":[0,1.5],"originalSize":[962,357],"capInsets":[0,0,0,0]}},[{"__type__":"cc.Prefab","_name":"guanerda","data":{"__id__":1}},{"__type__":"cc.Node","_name":"guanerda","_components":[{"__type__":"cc.Sprite","node":{"__id__":1},"_spriteFrame":{"__uuid__":"qzmjmjce-2ea4-49eb-9d9a-000bfcb799e6"},"_sizeMode":2,"_isTrimmedMode":false},{"__type__":"cc.Animation","node":{"__id__":1},"_defaultClip":{"__uuid__":"qzmjmja1-9042-4e1d-9842-2b5f972b27f7"},"_clips":[{"__uuid__":"qzmjmja1-9042-4e1d-9842-2b5f972b27f7"}]},{"__type__":"qzmjmja3-f7f6-43f3-bc26-19a21c44bee8","node":{"__id__":1}}],"_prefab":{"__type__":"cc.PrefabInfo","root":{"__id__":1},"asset":{"__uuid__":"qzmjmje7-dc9b-4c05-bc48-fcafae774df7"},"fileId":"1b683dbmklDuIwK0qceZFQx"},"_contentSize":{"__type__":"cc.Size","width":962,"height":357},"_trs":{"__type__":"TypedArray","ctor":"Float64Array","array":[0,0,0,0,0,0,1,0.5,0.5,1]}}]]