[{"__type__":"cc.SpriteFrame","content":{"name":"ani_04","texture":"17e04fafa","rect":[2,2,324,291],"offset":[0,0.5],"originalSize":[474,430],"capInsets":[0,0,0,0]}},{"__type__":"cc.SpriteFrame","content":{"name":"ani_03","texture":"187c6e148","rect":[2,2,422,378],"offset":[0,2],"originalSize":[474,430],"capInsets":[0,0,0,0]}},{"__type__":"cc.SpriteFrame","content":{"name":"ani_10","texture":"1f297dcdf","rect":[2,2,464,408],"offset":[0,-1],"originalSize":[474,430],"capInsets":[0,0,0,0]}},{"__type__":"cc.SpriteFrame","content":{"name":"ani_09","texture":"18460d71f","rect":[2,2,408,370],"offset":[0,0],"originalSize":[474,430],"capInsets":[0,0,0,0]}},{"__type__":"cc.SpriteFrame","content":{"name":"ani_05","texture":"178ec4b9a","rect":[232,2,278,260],"offset":[0,-5],"originalSize":[474,430],"capInsets":[0,0,0,0]}},{"__type__":"cc.SpriteFrame","content":{"name":"ani_01","texture":"18a88c034","rect":[2,2,318,285],"offset":[0,0.5],"originalSize":[474,430],"capInsets":[0,0,0,0]}},{"__type__":"cc.SpriteFrame","content":{"name":"ani_07","texture":"1bdb816b9","rect":[2,2,338,306],"offset":[0,0],"originalSize":[474,430],"capInsets":[0,0,0,0]}},{"__type__":"cc.SpriteFrame","content":{"name":"ani_08","texture":"1fb104b2a","rect":[2,2,368,334],"offset":[0,0],"originalSize":[474,430],"capInsets":[0,0,0,0]}},{"__type__":"cc.SpriteFrame","content":{"name":"ani_02","texture":"16c98e109","rect":[2,2,370,332],"offset":[0,1],"originalSize":[474,430],"capInsets":[0,0,0,0]}},{"__type__":"cc.SpriteFrame","content":{"name":"ani_11","texture":"178ec4b9a","rect":[2,2,226,226],"offset":[7,-22],"originalSize":[474,430],"capInsets":[0,0,0,0]}},{"__type__":"cc.AnimationClip","_name":"gangAction","_duration":0.8333333333333334,"curveData":{"comps":{"cc.Sprite":{"spriteFrame":[{"frame":0,"value":{"__uuid__":"qzmjmj40-0696-4d40-8e81-1250cddb66a6"}},{"frame":0.08333333333333333,"value":{"__uuid__":"qzmjmj68-41e5-483a-bba5-487574912e82"}},{"frame":0.16666666666666666,"value":{"__uuid__":"qzmjmj08-8b3e-408c-a404-16f4ebd5ad09"}},{"frame":0.25,"value":{"__uuid__":"qzmjmj07-f2fa-41ba-9982-67424b66b277"}},{"frame":0.3333333333333333,"value":{"__uuid__":"qzmjmj3b-18cd-4548-a739-c2c27637c3c1"}},{"frame":0.4166666666666667,"value":{"__uuid__":"qzmjmjd8-b9f7-48a9-8a9c-7bbc840aeb7f"}},{"frame":0.5,"value":{"__uuid__":"qzmjmj41-d597-46b7-8ed6-58898fd52a02"}},{"frame":0.5833333333333334,"value":{"__uuid__":"qzmjmj59-2353-48c8-9e0d-3b829e155426"}},{"frame":0.6666666666666666,"value":{"__uuid__":"qzmjmj34-00d6-4700-bf48-af80a8c3d943"}},{"frame":0.75,"value":{"__uuid__":"qzmjmj16-b64c-4b25-ab61-2ea92e193aed"}},{"frame":0.8166666666666667,"value":{"__uuid__":"qzmjmj7c-dccd-4298-b20b-e4b11c53c760"}}]}}}},{"__type__":"cc.SpriteFrame","content":{"name":"ani_06","texture":"13b4da450","rect":[2,2,300,270],"offset":[0,0],"originalSize":[474,430],"capInsets":[0,0,0,0]}}]