[[{"__type__":"cc.Prefab","_name":"dazhadan","data":{"__id__":1}},{"__type__":"cc.Node","_name":"dazhadan","_components":[{"__type__":"cc.Sprite","node":{"__id__":1},"_spriteFrame":{"__uuid__":"qzmjmj88-ed04-4016-b42c-55f57c2a39b5"},"_sizeMode":2,"_isTrimmedMode":false},{"__type__":"cc.Animation","node":{"__id__":1},"_defaultClip":{"__uuid__":"qzmjmjbf-3db9-4122-8c5a-754858019040"},"_clips":[{"__uuid__":"qzmjmjbf-3db9-4122-8c5a-754858019040"}]},{"__type__":"qzmjmja3-f7f6-43f3-bc26-19a21c44bee8","node":{"__id__":1}}],"_prefab":{"__type__":"cc.PrefabInfo","root":{"__id__":1},"asset":{"__uuid__":"qzmjmj05-4f00-4b5a-a259-6b6f96f351aa"},"fileId":"9c28bv5Th9PZ7AkfHmHZO1L"},"_contentSize":{"__type__":"cc.Size","width":1028,"height":332},"_trs":{"__type__":"TypedArray","ctor":"Float64Array","array":[0,0,0,0,0,0,1,1,1,1]}}],{"__type__":"cc.SpriteFrame","content":{"name":"ani_dzd_09","texture":"qzmjmjc2-eb59-4177-a101-28aaf33c3d1d","rect":[0,41,1028,291],"offset":[0,-20.5],"originalSize":[1028,332],"capInsets":[0,0,0,0]}}]