[{"__type__":"cc.SpriteFrame","content":{"name":"qiangjin_ani5","texture":"19eb6a10d","rect":[337,482,332,250],"offset":[0,7],"originalSize":[334,304],"capInsets":[0,0,0,0]}},{"__type__":"cc.SpriteFrame","content":{"name":"qiangjin_ani1","texture":"19eb6a10d","rect":[295,2,229,224],"offset":[1.5,-32],"originalSize":[334,304],"capInsets":[0,0,0,0]}},{"__type__":"cc.SpriteFrame","content":{"name":"qiangjin_ani2","texture":"19eb6a10d","rect":[2,2,289,206],"offset":[1.5,-1],"originalSize":[334,304],"capInsets":[0,0,0,0]}},{"__type__":"cc.SpriteFrame","content":{"name":"qiangjin_ani3","texture":"19eb6a10d","rect":[2,230,334,248],"offset":[0,4],"originalSize":[334,304],"capInsets":[0,0,0,0]}},{"__type__":"cc.SpriteFrame","content":{"name":"qiangjin_ani7","texture":"19eb6a10d","rect":[340,230,332,248],"offset":[0,6],"originalSize":[334,304],"capInsets":[0,0,0,0]}},{"__type__":"cc.SpriteFrame","content":{"name":"qiangjin_ani6","texture":"19eb6a10d","rect":[2,482,331,248],"offset":[0.5,6],"originalSize":[334,304],"capInsets":[0,0,0,0]}},{"__type__":"cc.SpriteFrame","content":{"name":"qiangjin_ani4","texture":"19eb6a10d","rect":[337,736,333,282],"offset":[-0.5,-11],"originalSize":[334,304],"capInsets":[0,0,0,0]}},{"__type__":"cc.SpriteFrame","content":{"name":"qiangjin_ani8","texture":"19eb6a10d","rect":[2,734,331,269],"offset":[0.5,16.5],"originalSize":[334,304],"capInsets":[0,0,0,0]}},{"__type__":"cc.AnimationClip","_name":"qiangjinAction","_duration":1.1833333333333333,"curveData":{"comps":{"cc.Sprite":{"spriteFrame":[{"frame":0,"value":{"__uuid__":"qzmjmj11-8773-4946-8b5e-9b3bb8dbf726"}},{"frame":0.16666666666666666,"value":{"__uuid__":"qzmjmj1a-2342-434c-ab71-7f4589281a06"}},{"frame":0.3333333333333333,"value":{"__uuid__":"qzmjmj46-f75b-40c4-bb5f-e90cf402d0cb"}},{"frame":0.5,"value":{"__uuid__":"qzmjmj81-e3dc-4e44-ac1e-293de630f0c8"}},{"frame":0.6666666666666666,"value":{"__uuid__":"qzmjmj07-9d15-4697-931c-4f700379e940"}},{"frame":0.8333333333333334,"value":{"__uuid__":"qzmjmj72-fbb9-4cec-8c9c-d47e68c3a3ae"}},{"frame":1,"value":{"__uuid__":"qzmjmj69-50cb-4354-a783-d8a8b452d10e"}},{"frame":1.1666666666666667,"value":{"__uuid__":"qzmjmj9d-114f-499a-8e7a-1e306950eb79"}}]}}}}]