[{"__type__":"cc.SpriteFrame","content":{"name":"qiangjin_ani1","texture":"19eb6a10d","rect":[295,2,229,224],"offset":[1.5,-32],"originalSize":[334,304],"capInsets":[0,0,0,0]}},[{"__type__":"cc.Prefab","_name":"qiangjin","data":{"__id__":1}},{"__type__":"cc.Node","_name":"qiangjin","_components":[{"__type__":"cc.Sprite","node":{"__id__":1},"_spriteFrame":{"__uuid__":"qzmjmj11-8773-4946-8b5e-9b3bb8dbf726"},"_sizeMode":2,"_isTrimmedMode":false},{"__type__":"cc.Animation","node":{"__id__":1},"_defaultClip":{"__uuid__":"qzmjmjfc-bf0c-459d-a1c8-b6aad0b6c649"},"_clips":[{"__uuid__":"qzmjmjfc-bf0c-459d-a1c8-b6aad0b6c649"}]},{"__type__":"qzmjmja3-f7f6-43f3-bc26-19a21c44bee8","node":{"__id__":1}}],"_prefab":{"__type__":"cc.PrefabInfo","root":{"__id__":1},"asset":{"__uuid__":"qzmjmj80-4547-4a1f-a02f-6b60f016a758"},"fileId":"fbaf2nrbzBEj5P/5jfgzmLB"},"_contentSize":{"__type__":"cc.Size","width":334,"height":304},"_trs":{"__type__":"TypedArray","ctor":"Float64Array","array":[0,0,0,0,0,0,1,1,1,1]}}]]