[{"__type__":"cc.SpriteFrame","content":{"name":"liuju_ani1","texture":"qzmjmj0d-ff1b-4078-b97f-18101d1f239f","rect":[80,36,259,125],"offset":[-22.5,-16.5],"originalSize":[464,164],"capInsets":[0,0,0,0]}},[{"__type__":"cc.Prefab","_name":"liuju","data":{"__id__":1}},{"__type__":"cc.Node","_name":"liuju","_components":[{"__type__":"cc.Sprite","node":{"__id__":1},"_spriteFrame":{"__uuid__":"qzmjmja3-fc29-4881-993a-5434b01e67d6"},"_sizeMode":2,"_isTrimmedMode":false},{"__type__":"cc.Animation","node":{"__id__":1},"_defaultClip":{"__uuid__":"qzmjmjf2-a38e-4fbe-92ab-a653918bfb8f"},"_clips":[{"__uuid__":"qzmjmjf2-a38e-4fbe-92ab-a653918bfb8f"}]},{"__type__":"qzmjmja3-f7f6-43f3-bc26-19a21c44bee8","node":{"__id__":1}}],"_prefab":{"__type__":"cc.PrefabInfo","root":{"__id__":1},"asset":{"__uuid__":"qzmjmja5-ba8c-4460-a445-703811f0809f"},"fileId":"ab9bbUQ+a5J5puF5qYPqg0p"},"_contentSize":{"__type__":"cc.Size","width":464,"height":164},"_trs":{"__type__":"TypedArray","ctor":"Float64Array","array":[0,0,0,0,0,0,1,1,1,1]}}]]