{"__type__":"cc.SpriteAtlas","_spriteFrames":{"sanjindao_ani1":{"__uuid__":"qzmjmj0d-22f7-4645-9756-1b0b7c7cc322"},"sanjindao_ani2":{"__uuid__":"qzmjmj63-812b-485c-b4f2-e8f42f549240"},"sanjindao_ani7":{"__uuid__":"qzmjmj86-24e1-42d3-a006-b7f0eee47f13"},"sanjindao_ani3":{"__uuid__":"qzmjmja9-54c4-4595-96dc-a7afad0588e4"},"sanjindao_ani6":{"__uuid__":"qzmjmjd3-d0d7-409f-a155-05a80142613d"},"sanjindao_ani8":{"__uuid__":"qzmjmja8-6d51-4b4a-bb74-83e733992b3e"},"sanjindao_ani5":{"__uuid__":"qzmjmj61-a7ce-4559-93fd-5ff3576237a7"},"sanjindao_ani4":{"__uuid__":"qzmjmjda-9f4f-4bdc-94ca-2d1fe023e17d"}}}