{"__type__":"cc.SpriteAtlas","_spriteFrames":{"1":{"__uuid__":"qzmjmj7d-637c-473f-9026-cf14d05b3602"},"2":{"__uuid__":"qzmjmj6e-6ca4-427b-8917-e1944f7eee60"},"3":{"__uuid__":"qzmjmjd0-2e26-4241-8853-07b3724db0b7"},"4":{"__uuid__":"qzmjmj55-2a29-46dc-9764-205c2c868819"},"5":{"__uuid__":"qzmjmj9b-8c7f-428d-8915-b4b295540631"},"6":{"__uuid__":"qzmjmj99-009f-4e45-9380-b0c9fff627ea"},"7":{"__uuid__":"qzmjmj53-e249-41b8-bbc5-21e4a64bb039"},"8":{"__uuid__":"qzmjmjc5-49ff-457b-9b53-608bb9c01316"},"9":{"__uuid__":"qzmjmj70-8030-445d-81d1-0ffda0c3a55d"},"10":{"__uuid__":"qzmjmj0c-82ce-4c26-8ff2-ba57b753a997"},"11":{"__uuid__":"qzmjmjee-2ffb-488f-b706-8c95f60bd887"},"12":{"__uuid__":"qzmjmj92-212c-4e45-8828-ba2f5221f7fa"},"13":{"__uuid__":"qzmjmj49-514f-42a4-97ab-23f2d05b06c1"}}}