[{"__type__":"cc.Prefab","_name":"90","data":{"__id__":1}},{"__type__":"cc.Node","_name":"90","_components":[{"__type__":"sp.Skeleton","node":{"__id__":1},"_materials":[{"__uuid__":"7a/QZLET9IDreTiBfRn2PD"}],"defaultAnimation":"ldb","_preCacheMode":0,"loop":false,"premultipliedAlpha":false,"_animationName":"ldb","_playTimes":1,"_N$skeletonData":{"__uuid__":"fe4ladaf5MHZKj664KaYW3"}}],"_prefab":{"__type__":"cc.PrefabInfo","root":{"__id__":1},"asset":{"__uuid__":"18TXqQs2hO3pWkpW40vPeN"},"fileId":"3906V8QnJIbbc9iWIUna0b"},"_trs":{"__type__":"TypedArray","ctor":"Float64Array","array":[0,0,0,0,0,0,1,1,1,1]}}]