[{"__type__":"cc.SpriteFrame","content":{"name":"ani_xipai_02","texture":"fjssz2a9-3031-4738-8b89-bb6b978cb1a6","rect":[80,0,82,111],"offset":[5,0],"originalSize":[232,111],"capInsets":[0,0,0,0]}},{"__type__":"cc.SpriteFrame","content":{"name":"ani_xipai_12","texture":"fjsszb5f-bed8-4409-b625-3d558181d89d","rect":[80,3,132,108],"offset":[30,-1.5],"originalSize":[232,111],"capInsets":[0,0,0,0]}},{"__type__":"cc.SpriteFrame","content":{"name":"ani_xipai_29","texture":"fjssz40b-5e9f-42b2-8fa0-c00bd9e9420d","rect":[30,4,122,107],"offset":[-25,-2],"originalSize":[232,111],"capInsets":[0,0,0,0]}},{"__type__":"cc.SpriteFrame","content":{"name":"ani_xipai_36","texture":"fjssz7ec-13c3-400f-bdbd-09a2c96d2e0f","rect":[80,4,72,107],"offset":[0,-2],"originalSize":[232,111],"capInsets":[0,0,0,0]}},{"__type__":"cc.SpriteFrame","content":{"name":"ani_xipai_04","texture":"fjssz77f-466b-4161-bea6-7efe9b89fbdc","rect":[80,0,102,111],"offset":[15,0],"originalSize":[232,111],"capInsets":[0,0,0,0]}},{"__type__":"cc.SpriteFrame","content":{"name":"ani_xipai_34","texture":"fjsszb53-e611-4166-a771-e6bcd8f243ed","rect":[70,4,82,107],"offset":[-5,-2],"originalSize":[232,111],"capInsets":[0,0,0,0]}},{"__type__":"cc.SpriteFrame","content":{"name":"ani_xipai_03","texture":"fjssz350-d2c4-47ff-9b25-3322418670ff","rect":[80,0,92,111],"offset":[10,0],"originalSize":[232,111],"capInsets":[0,0,0,0]}},{"__type__":"cc.SpriteFrame","content":{"name":"ani_xipai_01","texture":"fjssz2e9-d8c3-4141-83bb-9c2a67b2ddf2","rect":[80,0,72,111],"offset":[0,0],"originalSize":[232,111],"capInsets":[0,0,0,0]}},{"__type__":"cc.SpriteFrame","content":{"name":"ani_xipai_19","texture":"fjssz6b5-9398-4bdb-854b-4af950832141","rect":[70,3,82,108],"offset":[-5,-1.5],"originalSize":[232,111],"capInsets":[0,0,0,0]}},{"__type__":"cc.AnimationClip","_name":"xipai","_duration":0.6,"speed":0.5,"curveData":{"comps":{"cc.Sprite":{"spriteFrame":[{"frame":0,"value":{"__uuid__":"fjssz365-cbe2-42db-b2dc-f7eaa32bdb43"}},{"frame":0.016666666666666666,"value":{"__uuid__":"fjssz45f-a844-414d-a163-2408db2ac462"}},{"frame":0.03333333333333333,"value":{"__uuid__":"fjssz0c0-da57-4338-8965-8cb3282aefc7"}},{"frame":0.05,"value":{"__uuid__":"fjssz3ab-6207-4a01-a372-262566d4f9da"}},{"frame":0.06666666666666667,"value":{"__uuid__":"fjssz30d-141d-4387-986f-349798dced56"}},{"frame":0.08333333333333333,"value":{"__uuid__":"fjssz982-9a07-49f3-9206-4375e4a79047"}},{"frame":0.1,"value":{"__uuid__":"fjsszc70-fcb6-4f67-a364-3ac7e89c406e"}},{"frame":0.11666666666666667,"value":{"__uuid__":"fjsszec9-5c87-45ff-a8e1-b2bccbcfb3d0"}},{"frame":0.13333333333333333,"value":{"__uuid__":"fjsszfb6-d24f-44e9-a2df-c96314f80b64"}},{"frame":0.15,"value":{"__uuid__":"fjsszbda-9703-4a48-9358-6c5732cbea3f"}},{"frame":0.16666666666666666,"value":{"__uuid__":"fjssza5c-d265-49d3-a721-906016ada285"}},{"frame":0.18333333333333332,"value":{"__uuid__":"fjsszc3c-8122-475e-8d91-bf578b39d227"}},{"frame":0.2,"value":{"__uuid__":"fjssz1aa-1a98-43e3-858a-19b661f57bd3"}},{"frame":0.21666666666666667,"value":{"__uuid__":"fjssz7cf-6f9c-4a9c-bc06-8ea8cf34b182"}},{"frame":0.23333333333333334,"value":{"__uuid__":"fjsszdcb-43c4-458e-9ecb-00e0a9a6d1b8"}},{"frame":0.25,"value":{"__uuid__":"fjssze83-d1fc-49f5-a32b-fdcf96210ab0"}},{"frame":0.26666666666666666,"value":{"__uuid__":"fjssz8c9-12ed-421f-917c-36ad48481e55"}},{"frame":0.2833333333333333,"value":{"__uuid__":"fjssz722-ff42-48b9-bbb7-3797693e965d"}},{"frame":0.3,"value":{"__uuid__":"fjssze50-267c-4237-8c04-bb3a71ebe62b"}},{"frame":0.31666666666666665,"value":{"__uuid__":"fjssz51f-f043-4407-98e1-0f248b1fa994"}},{"frame":0.3333333333333333,"value":{"__uuid__":"fjssz73b-45b9-4daf-b653-564e55dba01b"}},{"frame":0.35,"value":{"__uuid__":"fjssz96c-d55a-4839-b314-7aabf95567bf"}},{"frame":0.36666666666666664,"value":{"__uuid__":"fjsszc43-bf7f-45a4-8e43-a41bb2f46b1f"}},{"frame":0.38333333333333336,"value":{"__uuid__":"fjssz995-9c2a-499f-8dbc-0a4133e9ddc9"}},{"frame":0.4,"value":{"__uuid__":"fjsszc3a-257b-4c35-adcf-b100aeac89d2"}},{"frame":0.4166666666666667,"value":{"__uuid__":"fjsszd72-41fa-48ec-95a1-d423719f2f36"}},{"frame":0.43333333333333335,"value":{"__uuid__":"fjsszf58-358f-4bc3-b381-43056af1795c"}},{"frame":0.45,"value":{"__uuid__":"fjssz7f2-5a0a-4a93-879c-4ac9ab6fc09b"}},{"frame":0.4666666666666667,"value":{"__uuid__":"fjssz714-1cfa-4e7d-af03-92f1c9489724"}},{"frame":0.48333333333333334,"value":{"__uuid__":"fjssz1c2-4b35-47a2-8580-f88c1acd3a49"}},{"frame":0.5,"value":{"__uuid__":"fjssz604-7a9e-4dd1-9f70-4d9344254fa4"}},{"frame":0.5166666666666667,"value":{"__uuid__":"fjssz75b-efff-4aec-af58-61e34d7014a9"}},{"frame":0.5333333333333333,"value":{"__uuid__":"fjssza4b-0c94-4258-a263-05ee93b238fe"}},{"frame":0.55,"value":{"__uuid__":"fjssz5e4-3f3a-48e4-acfd-067987e1ea3c"}},{"frame":0.5666666666666667,"value":{"__uuid__":"fjssz772-b58e-4153-bca6-8de45d51bacb"}},{"frame":0.5833333333333334,"value":{"__uuid__":"fjssz2be-2a28-46d1-975f-e9c9afb129dd"}}]}}}},{"__type__":"cc.SpriteFrame","content":{"name":"ani_xipai_33","texture":"fjssz046-9394-4ae7-9de8-fe639719ba0d","rect":[60,4,92,107],"offset":[-10,-2],"originalSize":[232,111],"capInsets":[0,0,0,0]}},{"__type__":"cc.SpriteFrame","content":{"name":"ani_xipai_30","texture":"fjssz10f-74f3-46f2-b438-d8403fe5aab3","rect":[40,4,112,107],"offset":[-20,-2],"originalSize":[232,111],"capInsets":[0,0,0,0]}},{"__type__":"cc.SpriteFrame","content":{"name":"ani_xipai_28","texture":"fjssz7c1-66bf-4abc-ab6f-a8e4ee43e110","rect":[20,4,132,107],"offset":[-30,-2],"originalSize":[232,111],"capInsets":[0,0,0,0]}},{"__type__":"cc.SpriteFrame","content":{"name":"ani_xipai_17","texture":"fjssz76a-8b7f-44f3-b70c-c391e59c02ee","rect":[80,3,82,108],"offset":[5,-1.5],"originalSize":[232,111],"capInsets":[0,0,0,0]}},{"__type__":"cc.SpriteFrame","content":{"name":"ani_xipai_20","texture":"fjsszf78-cf8e-4d76-93cc-e737658339ea","rect":[60,3,92,108],"offset":[-10,-1.5],"originalSize":[232,111],"capInsets":[0,0,0,0]}},{"__type__":"cc.SpriteFrame","content":{"name":"ani_xipai_31","texture":"fjssz6b4-6b0b-4fec-b9d9-f5bd6e49a2aa","rect":[50,4,102,107],"offset":[-15,-2],"originalSize":[232,111],"capInsets":[0,0,0,0]}},{"__type__":"cc.SpriteFrame","content":{"name":"ani_xipai_35","texture":"fjssz2a7-90a7-44a4-a33f-88861482da18","rect":[80,0,72,111],"offset":[0,0],"originalSize":[232,111],"capInsets":[0,0,0,0]}},{"__type__":"cc.SpriteFrame","content":{"name":"ani_xipai_13","texture":"fjssz4f0-f432-43cc-9048-4c9bb1a9a1c4","rect":[80,3,122,108],"offset":[25,-1.5],"originalSize":[232,111],"capInsets":[0,0,0,0]}},{"__type__":"cc.SpriteFrame","content":{"name":"ani_xipai_27","texture":"fjssz660-1def-4001-aeb3-3e77202cb3f1","rect":[10,4,142,107],"offset":[-35,-2],"originalSize":[232,111],"capInsets":[0,0,0,0]}},{"__type__":"cc.SpriteFrame","content":{"name":"ani_xipai_16","texture":"fjssze96-8106-4bc3-a1cd-a3fa75989045","rect":[80,3,92,108],"offset":[10,-1.5],"originalSize":[232,111],"capInsets":[0,0,0,0]}},{"__type__":"cc.SpriteFrame","content":{"name":"ani_xipai_21","texture":"fjssz372-2bc3-40f9-8e4d-b6c9f1597341","rect":[50,3,102,108],"offset":[-15,-1.5],"originalSize":[232,111],"capInsets":[0,0,0,0]}},{"__type__":"cc.SpriteFrame","content":{"name":"ani_xipai_05","texture":"fjssz0f5-e17b-4e17-9536-8690f7fb79fb","rect":[80,0,112,111],"offset":[20,0],"originalSize":[232,111],"capInsets":[0,0,0,0]}},{"__type__":"cc.SpriteFrame","content":{"name":"ani_xipai_23","texture":"fjssz4e0-43fa-43a7-a0e0-12276f9250ed","rect":[30,3,122,108],"offset":[-25,-1.5],"originalSize":[232,111],"capInsets":[0,0,0,0]}},{"__type__":"cc.SpriteFrame","content":{"name":"ani_xipai_32","texture":"fjssz69d-22f9-4f49-804a-0010dae2a0b8","rect":[60,4,92,107],"offset":[-10,-2],"originalSize":[232,111],"capInsets":[0,0,0,0]}},{"__type__":"cc.SpriteFrame","content":{"name":"ani_xipai_10","texture":"fjssz32a-30f1-48a4-a6d5-8bfd163d3f17","rect":[80,3,152,108],"offset":[40,-1.5],"originalSize":[232,111],"capInsets":[0,0,0,0]}},{"__type__":"cc.SpriteFrame","content":{"name":"ani_xipai_09","texture":"fjssz001-3537-4ead-811e-8f6f475a8f03","rect":[80,0,152,111],"offset":[40,0],"originalSize":[232,111],"capInsets":[0,0,0,0]}},{"__type__":"cc.SpriteFrame","content":{"name":"ani_xipai_24","texture":"fjssze8d-00e0-4fd6-9e91-c226ee29e27c","rect":[20,3,132,108],"offset":[-30,-1.5],"originalSize":[232,111],"capInsets":[0,0,0,0]}},{"__type__":"cc.SpriteFrame","content":{"name":"ani_xipai_11","texture":"fjssz1a1-05b4-4f7c-976c-add0c8a95683","rect":[80,3,142,108],"offset":[35,-1.5],"originalSize":[232,111],"capInsets":[0,0,0,0]}},{"__type__":"cc.SpriteFrame","content":{"name":"ani_xipai_22","texture":"fjssz125-62eb-4caa-8997-ca4066623b05","rect":[40,3,112,108],"offset":[-20,-1.5],"originalSize":[232,111],"capInsets":[0,0,0,0]}},{"__type__":"cc.SpriteFrame","content":{"name":"ani_xipai_06","texture":"fjssz3c9-5ab3-49fd-87af-bb3375c81fa1","rect":[80,0,122,111],"offset":[25,0],"originalSize":[232,111],"capInsets":[0,0,0,0]}},{"__type__":"cc.SpriteFrame","content":{"name":"ani_xipai_25","texture":"fjssz0b7-2aa5-43b4-855d-afd9deba6835","rect":[10,3,142,108],"offset":[-35,-1.5],"originalSize":[232,111],"capInsets":[0,0,0,0]}},{"__type__":"cc.SpriteFrame","content":{"name":"ani_xipai_14","texture":"fjssz745-e927-4f28-a8dd-fc54f4ca0230","rect":[80,3,112,108],"offset":[20,-1.5],"originalSize":[232,111],"capInsets":[0,0,0,0]}},{"__type__":"cc.SpriteFrame","content":{"name":"ani_xipai_18","texture":"fjsszcb2-336f-48b9-8e44-6295364bdc4b","rect":[80,3,72,108],"offset":[0,-1.5],"originalSize":[232,111],"capInsets":[0,0,0,0]}},{"__type__":"cc.SpriteFrame","content":{"name":"ani_xipai_15","texture":"fjsszb8f-af80-4ff5-8653-b9bd0e8960bd","rect":[80,3,102,108],"offset":[15,-1.5],"originalSize":[232,111],"capInsets":[0,0,0,0]}},{"__type__":"cc.SpriteFrame","content":{"name":"ani_xipai_07","texture":"fjsszeff-9034-4488-926c-62932aaa6a71","rect":[80,0,132,111],"offset":[30,0],"originalSize":[232,111],"capInsets":[0,0,0,0]}},{"__type__":"cc.SpriteFrame","content":{"name":"ani_xipai_26","texture":"fjssz20e-44d6-4f63-ba68-612db3c0cf78","rect":[0,3,152,108],"offset":[-40,-1.5],"originalSize":[232,111],"capInsets":[0,0,0,0]}},{"__type__":"cc.SpriteFrame","content":{"name":"ani_xipai_08","texture":"fjsszb3c-0af0-4d4a-836a-6fa5acd1bbd1","rect":[80,0,142,111],"offset":[35,0],"originalSize":[232,111],"capInsets":[0,0,0,0]}}]