[{"__type__":"cc.SpriteFrame","content":{"name":"default_btn_disabled","texture":"71VhFCTINJM6/Ky3oX9nBT","rect":[0,0,40,40],"offset":[0,0],"originalSize":[40,40],"capInsets":[12,12,12,12]}},{"__type__":"cc.SpriteFrame","content":{"name":"bg","texture":"0fl/cQEjJGMrdtL055d1KU","rect":[0,0,1750,800],"offset":[0,0],"originalSize":[1750,800],"capInsets":[0,0,0,0]}},{"__type__":"cc.SpriteFrame","content":{"name":"default_btn_pressed","texture":"b4P/PCArtIdIH38t6mlw8Y","rect":[0,0,40,40],"offset":[0,0],"originalSize":[40,40],"capInsets":[12,12,12,12]}},{"__type__":"cc.SpriteFrame","content":{"name":"default_btn_normal","texture":"e8Ueib+qJEhL6mXAHdnwbi","rect":[0,0,40,40],"offset":[0,0],"originalSize":[40,40],"capInsets":[12,12,12,12]}},{"__type__":"cc.SpriteFrame","content":{"name":"bg_1","texture":"2cSfCxlzBKu7kIi/zVNSUl","rect":[0,0,1750,800],"offset":[0,0],"originalSize":[1750,800],"capInsets":[0,0,0,0]}},{"__type__":"cc.SpriteFrame","content":{"name":"bg_02","texture":"fjsszb76-0f5c-4d84-842b-a77df07a590f","rect":[0,0,1306,698],"offset":[0,0],"originalSize":[1306,698],"capInsets":[0,0,0,0]}},[{"__type__":"cc.Prefab","_name":"fjssz_UISetting02","data":{"__id__":1}},{"__type__":"cc.Node","_name":"fjssz_UISetting02","_children":[{"__id__":2},{"__id__":3}],"_components":[{"__type__":"cc.Widget","node":{"__id__":1},"alignMode":0,"_alignFlags":45},{"__type__":"cc.Button","node":{"__id__":1},"_N$normalColor":{"__type__":"cc.Color","r":214,"g":214,"b":214},"_N$target":{"__id__":1}},{"__type__":"fjssz6eb-cbb3-43dc-87f8-1c2f1ecbba30","node":{"__id__":1}}],"_prefab":{"__type__":"cc.PrefabInfo","root":{"__id__":1},"asset":{"__uuid__":"fjssz3c2-62b6-48f9-ab28-fa03d64c3e5c"},"fileId":"84118wjrIJKjqvXnhIkyMCA"},"_contentSize":{"__type__":"cc.Size","width":1360,"height":760},"_trs":{"__type__":"TypedArray","ctor":"Float64Array","array":[680,380,0,0,0,0,1,1,1,1]}},{"__type__":"cc.Node","_name":"bg01","_parent":{"__id__":1},"_components":[{"__type__":"cc.Sprite","node":{"__id__":2},"_materials":[{"__uuid__":"ecpdLyjvZBwrvm+cedCcQy"}],"_spriteFrame":{"__uuid__":"fjsszd1f-3e0b-4b1d-ae52-c52ad188bba9"},"_type":1,"_sizeMode":0},{"__type__":"cc.Widget","node":{"__id__":2},"alignMode":0,"_alignFlags":45,"_originalWidth":1360,"_originalHeight":1020}],"_prefab":{"__type__":"cc.PrefabInfo","root":{"__id__":1},"asset":{"__uuid__":"fjssz3c2-62b6-48f9-ab28-fa03d64c3e5c"},"fileId":"ae5d7iaPEZL0obssq1J5Ipj"},"_contentSize":{"__type__":"cc.Size","width":1360,"height":760},"_trs":{"__type__":"TypedArray","ctor":"Float64Array","array":[0,0,0,0,0,0,1,1,1,1]}},{"__type__":"cc.Node","_name":"sp_setting","_parent":{"__id__":1},"_children":[{"__id__":4},{"__id__":6},{"__id__":16},{"__id__":26},{"__id__":31},{"__id__":48},{"__id__":56},{"__id__":63}],"_components":[{"__type__":"cc.Sprite","node":{"__id__":3},"_materials":[{"__uuid__":"ecpdLyjvZBwrvm+cedCcQy"}],"_spriteFrame":{"__uuid__":"fjssz1a5-887a-4540-96a0-bf6387f5c8cf"},"_sizeMode":0}],"_prefab":{"__type__":"cc.PrefabInfo","root":{"__id__":1},"asset":{"__uuid__":"fjssz3c2-62b6-48f9-ab28-fa03d64c3e5c"},"fileId":"318e2jbDK9EU6l9Ga2lEDi9"},"_contentSize":{"__type__":"cc.Size","width":860,"height":480},"_trs":{"__type__":"TypedArray","ctor":"Float64Array","array":[0,3,0,0,0,0,1,1,1,1]}},{"__type__":"cc.Node","_name":"bg_shezhi","_parent":{"__id__":3},"_children":[{"__id__":5}],"_components":[{"__type__":"cc.Sprite","node":{"__id__":4},"_materials":[{"__uuid__":"ecpdLyjvZBwrvm+cedCcQy"}],"_spriteFrame":{"__uuid__":"fjsszcae-6d95-4179-b060-db97a3ca2a21"}}],"_prefab":{"__type__":"cc.PrefabInfo","root":{"__id__":1},"asset":{"__uuid__":"fjssz3c2-62b6-48f9-ab28-fa03d64c3e5c"},"fileId":"5a888Danu1JfqAdjASuyYr7"},"_contentSize":{"__type__":"cc.Size","width":473,"height":87},"_trs":{"__type__":"TypedArray","ctor":"Float64Array","array":[0,235,0,0,0,0,1,1,1,1]}},{"__type__":"cc.Node","_name":"shezhi","_parent":{"__id__":4},"_components":[{"__type__":"cc.Sprite","node":{"__id__":5},"_materials":[{"__uuid__":"ecpdLyjvZBwrvm+cedCcQy"}],"_spriteFrame":{"__uuid__":"fjssz9fb-7ae7-4571-bc26-e4f7c1c66211"}}],"_prefab":{"__type__":"cc.PrefabInfo","root":{"__id__":1},"asset":{"__uuid__":"fjssz3c2-62b6-48f9-ab28-fa03d64c3e5c"},"fileId":"ead1eKeD8ZP6Iu6C9AOu9Bw"},"_contentSize":{"__type__":"cc.Size","width":168,"height":43},"_trs":{"__type__":"TypedArray","ctor":"Float64Array","array":[0,2,0,0,0,0,1,1,1,1]}},{"__type__":"cc.Node","_name":"sp_yinyue","_parent":{"__id__":3},"_children":[{"__id__":7},{"__id__":9}],"_components":[{"__type__":"cc.Label","node":{"__id__":6},"_materials":[{"__uuid__":"ecpdLyjvZBwrvm+cedCcQy"}],"_useOriginalSize":false,"_string":"音乐","_N$string":"音乐","_fontSize":38,"_lineHeight":45,"_N$file":{"__uuid__":"fjssz345-cbe0-4203-a8ca-8141b2e63f4f"},"_isSystemFontUsed":false}],"_prefab":{"__type__":"cc.PrefabInfo","root":{"__id__":1},"asset":{"__uuid__":"fjssz3c2-62b6-48f9-ab28-fa03d64c3e5c"},"fileId":"3321c9Xds9MO7R51iJNqyBc"},"_color":{"__type__":"cc.Color","r":144,"g":86,"b":37},"_contentSize":{"__type__":"cc.Size","width":76,"height":56.7},"_trs":{"__type__":"TypedArray","ctor":"Float64Array","array":[-326,147,0,0,0,0,1,1,1,1]}},{"__type__":"cc.Node","_name":"btn_toggle1","_parent":{"__id__":6},"_children":[{"__id__":8}],"_components":[{"__type__":"cc.Sprite","node":{"__id__":7},"_materials":[{"__uuid__":"ecpdLyjvZBwrvm+cedCcQy"}],"_spriteFrame":{"__uuid__":"fjssz7e9-085e-4f86-a068-7a1d1df73240"},"_type":1},{"__type__":"cc.Button","node":{"__id__":7},"clickEvents":[{"__type__":"cc.ClickEvent","target":{"__id__":1},"_componentId":"fjsszbry7ND3If4HC8ey7ow","handler":"OnClick_BtnWnd"}],"_N$transition":3,"transition":3,"_N$pressedColor":{"__type__":"cc.Color","r":255,"g":255,"b":255},"pressedColor":{"__type__":"cc.Color","r":255,"g":255,"b":255},"_N$disabledColor":{"__type__":"cc.Color","r":255,"g":255,"b":255},"_N$pressedSprite":{"__uuid__":"e97GVMl6JHh5Ml5qEDdSGa"},"pressedSprite":{"__uuid__":"e97GVMl6JHh5Ml5qEDdSGa"},"_N$hoverSprite":{"__uuid__":"f0BIwQ8D5Ml7nTNQbh1YlS"},"hoverSprite":{"__uuid__":"f0BIwQ8D5Ml7nTNQbh1YlS"},"_N$disabledSprite":{"__uuid__":"29FYIk+N1GYaeWH/q1NxQO"},"_N$target":{"__id__":7}}],"_prefab":{"__type__":"cc.PrefabInfo","root":{"__id__":1},"asset":{"__uuid__":"fjssz3c2-62b6-48f9-ab28-fa03d64c3e5c"},"fileId":"94E6N7MllNEbALh/H8Rt/0"},"_contentSize":{"__type__":"cc.Size","width":51,"height":51},"_trs":{"__type__":"TypedArray","ctor":"Float64Array","array":[68,0,0,0,0,0,1,1,1,1]}},{"__type__":"cc.Node","_name":"img_dxk02","_parent":{"__id__":7},"_components":[{"__type__":"cc.Sprite","node":{"__id__":8},"_materials":[{"__uuid__":"ecpdLyjvZBwrvm+cedCcQy"}],"_spriteFrame":{"__uuid__":"fjssze31-c560-43ad-9e15-7526be7590a5"}}],"_prefab":{"__type__":"cc.PrefabInfo","root":{"__id__":1},"asset":{"__uuid__":"fjssz3c2-62b6-48f9-ab28-fa03d64c3e5c"},"fileId":"f32Uiaj5VFs7WkeaAWO2YZ"},"_contentSize":{"__type__":"cc.Size","width":38,"height":39},"_trs":{"__type__":"TypedArray","ctor":"Float64Array","array":[0,0,0,0,0,0,1,1,1,1]}},{"__type__":"cc.Node","_name":"sd_yinyue","_parent":{"__id__":6},"_children":[{"__id__":10},{"__id__":14}],"_components":[{"__type__":"cc.Slider","node":{"__id__":9},"slideEvents":[{"__type__":"cc.ClickEvent","target":{"__id__":9},"_componentId":"fjsszffb-f4c3-4afd-9411-97f23673335f","handler":"OnSliderEvent"}],"_N$handle":{"__id__":15},"_N$progress":0},{"__type__":"fjsszffb-f4c3-4afd-9411-97f23673335f","node":{"__id__":9},"JS_Name":"sss_BaseComponent","EventNode":{"__id__":1},"ProgressBar":{"__id__":13}}],"_prefab":{"__type__":"cc.PrefabInfo","root":{"__id__":1},"asset":{"__uuid__":"fjssz3c2-62b6-48f9-ab28-fa03d64c3e5c"},"fileId":"4605fr5qF1OhZxcyjx9Ldqg"},"_contentSize":{"__type__":"cc.Size","width":263,"height":50},"_trs":{"__type__":"TypedArray","ctor":"Float64Array","array":[270,0,0,0,0,0,1,1,1,1]}},{"__type__":"cc.Node","_name":"pb_yinyue","_parent":{"__id__":9},"_children":[{"__id__":11}],"_components":[{"__type__":"cc.Sprite","node":{"__id__":10},"_materials":[{"__uuid__":"ecpdLyjvZBwrvm+cedCcQy"}],"_spriteFrame":{"__uuid__":"fjsszf11-6f91-4e56-94b1-8fd4611c2c62"},"_sizeMode":0},{"__id__":13}],"_prefab":{"__type__":"cc.PrefabInfo","root":{"__id__":1},"asset":{"__uuid__":"fjssz3c2-62b6-48f9-ab28-fa03d64c3e5c"},"fileId":"ca01eoi1pVDi7YOBS8kpqqt"},"_contentSize":{"__type__":"cc.Size","width":300,"height":35},"_trs":{"__type__":"TypedArray","ctor":"Float64Array","array":[0,0,0,0,0,0,1,1,1,1]}},{"__type__":"cc.Node","_name":"bar","_parent":{"__id__":10},"_components":[{"__id__":12}],"_prefab":{"__type__":"cc.PrefabInfo","root":{"__id__":1},"asset":{"__uuid__":"fjssz3c2-62b6-48f9-ab28-fa03d64c3e5c"},"fileId":"ddef05YCgNKua3+UpPupuAM"},"_contentSize":{"__type__":"cc.Size","height":35},"_anchorPoint":{"__type__":"cc.Vec2","y":0.5},"_trs":{"__type__":"TypedArray","ctor":"Float64Array","array":[-150,-1,0,0,0,0,1,1,1,1]}},{"__type__":"cc.Sprite","node":{"__id__":11},"_materials":[{"__uuid__":"ecpdLyjvZBwrvm+cedCcQy"}],"_spriteFrame":{"__uuid__":"fjsszcf7-8c63-44d0-b504-7039dcaa9b1a"},"_type":1,"_sizeMode":0},{"__type__":"cc.ProgressBar","node":{"__id__":10},"_N$totalLength":263,"_N$barSprite":{"__id__":12},"_N$progress":0},{"__type__":"cc.Node","_name":"Handle","_parent":{"__id__":9},"_components":[{"__type__":"cc.Sprite","node":{"__id__":14},"_materials":[{"__uuid__":"ecpdLyjvZBwrvm+cedCcQy"}],"_spriteFrame":{"__uuid__":"fjssz821-e8f5-40d6-8d7e-7b2d7ae66e98"},"_sizeMode":2},{"__id__":15}],"_prefab":{"__type__":"cc.PrefabInfo","root":{"__id__":1},"asset":{"__uuid__":"fjssz3c2-62b6-48f9-ab28-fa03d64c3e5c"},"fileId":"c49ea3TPTJKGq381nbhRhNz"},"_contentSize":{"__type__":"cc.Size","width":73,"height":45},"_trs":{"__type__":"TypedArray","ctor":"Float64Array","array":[-131.5,0,0,0,0,0,1,1,1,1]}},{"__type__":"cc.Button","node":{"__id__":14},"zoomScale":0.9,"_N$enableAutoGrayEffect":true,"_N$transition":3,"transition":3,"_N$pressedColor":{"__type__":"cc.Color","r":255,"g":255,"b":255},"pressedColor":{"__type__":"cc.Color","r":255,"g":255,"b":255},"_N$disabledColor":{"__type__":"cc.Color","r":255,"g":255,"b":255},"_N$pressedSprite":{"__uuid__":"e97GVMl6JHh5Ml5qEDdSGa"},"pressedSprite":{"__uuid__":"e97GVMl6JHh5Ml5qEDdSGa"},"_N$hoverSprite":{"__uuid__":"e97GVMl6JHh5Ml5qEDdSGa"},"hoverSprite":{"__uuid__":"e97GVMl6JHh5Ml5qEDdSGa"},"_N$disabledSprite":{"__uuid__":"29FYIk+N1GYaeWH/q1NxQO"},"_N$target":{"__id__":14}},{"__type__":"cc.Node","_name":"sp_yinxiao","_parent":{"__id__":3},"_children":[{"__id__":17},{"__id__":19}],"_components":[{"__type__":"cc.Label","node":{"__id__":16},"_materials":[{"__uuid__":"ecpdLyjvZBwrvm+cedCcQy"}],"_useOriginalSize":false,"_string":"音效","_N$string":"音效","_fontSize":38,"_lineHeight":45,"_N$file":{"__uuid__":"fjssz345-cbe0-4203-a8ca-8141b2e63f4f"},"_isSystemFontUsed":false}],"_prefab":{"__type__":"cc.PrefabInfo","root":{"__id__":1},"asset":{"__uuid__":"fjssz3c2-62b6-48f9-ab28-fa03d64c3e5c"},"fileId":"3be4dw21k9ByZgHfkBgpZio"},"_color":{"__type__":"cc.Color","r":144,"g":86,"b":37},"_contentSize":{"__type__":"cc.Size","width":76,"height":56.7},"_trs":{"__type__":"TypedArray","ctor":"Float64Array","array":[-326,74,0,0,0,0,1,1,1,1]}},{"__type__":"cc.Node","_name":"btn_toggle2","_parent":{"__id__":16},"_children":[{"__id__":18}],"_components":[{"__type__":"cc.Sprite","node":{"__id__":17},"_materials":[{"__uuid__":"ecpdLyjvZBwrvm+cedCcQy"}],"_spriteFrame":{"__uuid__":"fjssz7e9-085e-4f86-a068-7a1d1df73240"},"_type":1},{"__type__":"cc.Button","node":{"__id__":17},"clickEvents":[{"__type__":"cc.ClickEvent","target":{"__id__":1},"_componentId":"fjsszbry7ND3If4HC8ey7ow","handler":"OnClick_BtnWnd"}],"_N$transition":3,"transition":3,"_N$pressedColor":{"__type__":"cc.Color","r":255,"g":255,"b":255},"pressedColor":{"__type__":"cc.Color","r":255,"g":255,"b":255},"_N$disabledColor":{"__type__":"cc.Color","r":255,"g":255,"b":255},"_N$pressedSprite":{"__uuid__":"e97GVMl6JHh5Ml5qEDdSGa"},"pressedSprite":{"__uuid__":"e97GVMl6JHh5Ml5qEDdSGa"},"_N$hoverSprite":{"__uuid__":"f0BIwQ8D5Ml7nTNQbh1YlS"},"hoverSprite":{"__uuid__":"f0BIwQ8D5Ml7nTNQbh1YlS"},"_N$disabledSprite":{"__uuid__":"29FYIk+N1GYaeWH/q1NxQO"},"_N$target":{"__id__":17}}],"_prefab":{"__type__":"cc.PrefabInfo","root":{"__id__":1},"asset":{"__uuid__":"fjssz3c2-62b6-48f9-ab28-fa03d64c3e5c"},"fileId":"1eKnoBvWZMxbC4ZvGo+JCv"},"_contentSize":{"__type__":"cc.Size","width":51,"height":51},"_trs":{"__type__":"TypedArray","ctor":"Float64Array","array":[68,0,0,0,0,0,1,1,1,1]}},{"__type__":"cc.Node","_name":"img_dxk02","_parent":{"__id__":17},"_components":[{"__type__":"cc.Sprite","node":{"__id__":18},"_materials":[{"__uuid__":"ecpdLyjvZBwrvm+cedCcQy"}],"_spriteFrame":{"__uuid__":"fjssze31-c560-43ad-9e15-7526be7590a5"}}],"_prefab":{"__type__":"cc.PrefabInfo","root":{"__id__":1},"asset":{"__uuid__":"fjssz3c2-62b6-48f9-ab28-fa03d64c3e5c"},"fileId":"d8jntCnRlGUpZzCg8zZS9E"},"_contentSize":{"__type__":"cc.Size","width":38,"height":39},"_trs":{"__type__":"TypedArray","ctor":"Float64Array","array":[0,0,0,0,0,0,1,1,1,1]}},{"__type__":"cc.Node","_name":"sd_yinxiao","_parent":{"__id__":16},"_children":[{"__id__":20},{"__id__":24}],"_components":[{"__type__":"cc.Slider","node":{"__id__":19},"slideEvents":[{"__type__":"cc.ClickEvent","target":{"__id__":19},"_componentId":"fjsszffb-f4c3-4afd-9411-97f23673335f","handler":"OnSliderEvent"}],"_N$handle":{"__id__":25},"_N$progress":0},{"__type__":"fjsszffb-f4c3-4afd-9411-97f23673335f","node":{"__id__":19},"JS_Name":"sss_BaseComponent","EventNode":{"__id__":1},"ProgressBar":{"__id__":23}}],"_prefab":{"__type__":"cc.PrefabInfo","root":{"__id__":1},"asset":{"__uuid__":"fjssz3c2-62b6-48f9-ab28-fa03d64c3e5c"},"fileId":"c549dlwFWRK0aCmzEv01A5Y"},"_contentSize":{"__type__":"cc.Size","width":263,"height":50},"_trs":{"__type__":"TypedArray","ctor":"Float64Array","array":[270,0,0,0,0,0,1,1,1,1]}},{"__type__":"cc.Node","_name":"pb_yinxiao","_parent":{"__id__":19},"_children":[{"__id__":21}],"_components":[{"__type__":"cc.Sprite","node":{"__id__":20},"_materials":[{"__uuid__":"ecpdLyjvZBwrvm+cedCcQy"}],"_spriteFrame":{"__uuid__":"fjsszf11-6f91-4e56-94b1-8fd4611c2c62"},"_sizeMode":0},{"__id__":23}],"_prefab":{"__type__":"cc.PrefabInfo","root":{"__id__":1},"asset":{"__uuid__":"fjssz3c2-62b6-48f9-ab28-fa03d64c3e5c"},"fileId":"cc467K962FGU61QkDt8W1p2"},"_contentSize":{"__type__":"cc.Size","width":300,"height":35},"_trs":{"__type__":"TypedArray","ctor":"Float64Array","array":[0,0,0,0,0,0,1,1,1,1]}},{"__type__":"cc.Node","_name":"bar","_parent":{"__id__":20},"_components":[{"__id__":22}],"_prefab":{"__type__":"cc.PrefabInfo","root":{"__id__":1},"asset":{"__uuid__":"fjssz3c2-62b6-48f9-ab28-fa03d64c3e5c"},"fileId":"315d0tEsKRACJETPcv8R5vT"},"_contentSize":{"__type__":"cc.Size","height":35},"_anchorPoint":{"__type__":"cc.Vec2","y":0.5},"_trs":{"__type__":"TypedArray","ctor":"Float64Array","array":[-150,-1,0,0,0,0,1,1,1,1]}},{"__type__":"cc.Sprite","node":{"__id__":21},"_materials":[{"__uuid__":"ecpdLyjvZBwrvm+cedCcQy"}],"_spriteFrame":{"__uuid__":"fjsszcf7-8c63-44d0-b504-7039dcaa9b1a"},"_type":1,"_sizeMode":0},{"__type__":"cc.ProgressBar","node":{"__id__":20},"_N$totalLength":263,"_N$barSprite":{"__id__":22},"_N$progress":0},{"__type__":"cc.Node","_name":"Handle","_parent":{"__id__":19},"_components":[{"__type__":"cc.Sprite","node":{"__id__":24},"_materials":[{"__uuid__":"ecpdLyjvZBwrvm+cedCcQy"}],"_spriteFrame":{"__uuid__":"fjssz821-e8f5-40d6-8d7e-7b2d7ae66e98"},"_sizeMode":2},{"__id__":25}],"_prefab":{"__type__":"cc.PrefabInfo","root":{"__id__":1},"asset":{"__uuid__":"fjssz3c2-62b6-48f9-ab28-fa03d64c3e5c"},"fileId":"b0c3fmQdt9OYYh4SFRLiaWt"},"_contentSize":{"__type__":"cc.Size","width":73,"height":45},"_trs":{"__type__":"TypedArray","ctor":"Float64Array","array":[-131.5,0,0,0,0,0,1,1,1,1]}},{"__type__":"cc.Button","node":{"__id__":24},"zoomScale":0.9,"_N$enableAutoGrayEffect":true,"_N$transition":3,"transition":3,"_N$pressedColor":{"__type__":"cc.Color","r":255,"g":255,"b":255},"pressedColor":{"__type__":"cc.Color","r":255,"g":255,"b":255},"_N$disabledColor":{"__type__":"cc.Color","r":255,"g":255,"b":255},"_N$pressedSprite":{"__uuid__":"e97GVMl6JHh5Ml5qEDdSGa"},"pressedSprite":{"__uuid__":"e97GVMl6JHh5Ml5qEDdSGa"},"_N$hoverSprite":{"__uuid__":"e97GVMl6JHh5Ml5qEDdSGa"},"hoverSprite":{"__uuid__":"e97GVMl6JHh5Ml5qEDdSGa"},"_N$disabledSprite":{"__uuid__":"29FYIk+N1GYaeWH/q1NxQO"},"_N$target":{"__id__":24}},{"__type__":"cc.Node","_name":"sp_yuyin","_parent":{"__id__":3},"_children":[{"__id__":27}],"_components":[{"__type__":"cc.Label","node":{"__id__":26},"_materials":[{"__uuid__":"ecpdLyjvZBwrvm+cedCcQy"}],"_useOriginalSize":false,"_string":"语音聊天","_N$string":"语音聊天","_fontSize":38,"_lineHeight":45,"_N$file":{"__uuid__":"fjssz345-cbe0-4203-a8ca-8141b2e63f4f"},"_isSystemFontUsed":false}],"_prefab":{"__type__":"cc.PrefabInfo","root":{"__id__":1},"asset":{"__uuid__":"fjssz3c2-62b6-48f9-ab28-fa03d64c3e5c"},"fileId":"debb0rQX/dKRZHr9ozBVAqG"},"_color":{"__type__":"cc.Color","r":144,"g":86,"b":37},"_contentSize":{"__type__":"cc.Size","width":152,"height":56.7},"_trs":{"__type__":"TypedArray","ctor":"Float64Array","array":[-286.3,5,0,0,0,0,1,1,1,1]}},{"__type__":"cc.Node","_name":"Toggle4","_parent":{"__id__":26},"_children":[{"__id__":28}],"_components":[{"__type__":"cc.Toggle","node":{"__id__":27},"_N$transition":3,"transition":3,"_N$normalColor":{"__type__":"cc.Color","r":214,"g":214,"b":214},"_N$target":{"__id__":28},"checkMark":{"__id__":30},"checkEvents":[{"__type__":"cc.ClickEvent","target":{"__id__":1},"_componentId":"fjsszbry7ND3If4HC8ey7ow","handler":"OnClick_Toggle"}]}],"_prefab":{"__type__":"cc.PrefabInfo","root":{"__id__":1},"asset":{"__uuid__":"fjssz3c2-62b6-48f9-ab28-fa03d64c3e5c"},"fileId":"c77a2EJYv5DkLK+0virXZtL"},"_contentSize":{"__type__":"cc.Size","width":70,"height":70},"_trs":{"__type__":"TypedArray","ctor":"Float64Array","array":[130,1,0,0,0,0,1,1,1,1]}},{"__type__":"cc.Node","_name":"Background","_parent":{"__id__":27},"_children":[{"__id__":29}],"_components":[{"__type__":"cc.Sprite","node":{"__id__":28},"_materials":[{"__uuid__":"ecpdLyjvZBwrvm+cedCcQy"}],"_spriteFrame":{"__uuid__":"fjssz7e9-085e-4f86-a068-7a1d1df73240"},"_sizeMode":2}],"_prefab":{"__type__":"cc.PrefabInfo","root":{"__id__":1},"asset":{"__uuid__":"fjssz3c2-62b6-48f9-ab28-fa03d64c3e5c"},"fileId":"756c7Qm/aBGtZVAdu4EwZ3Z"},"_contentSize":{"__type__":"cc.Size","width":51,"height":51},"_trs":{"__type__":"TypedArray","ctor":"Float64Array","array":[0,0,0,0,0,0,1,1,1,1]}},{"__type__":"cc.Node","_name":"checkmark","_parent":{"__id__":28},"_components":[{"__id__":30}],"_prefab":{"__type__":"cc.PrefabInfo","root":{"__id__":1},"asset":{"__uuid__":"fjssz3c2-62b6-48f9-ab28-fa03d64c3e5c"},"fileId":"7a5904ML6VA0ooECHv2neDd"},"_contentSize":{"__type__":"cc.Size","width":38,"height":39},"_trs":{"__type__":"TypedArray","ctor":"Float64Array","array":[0,0,0,0,0,0,1,1,1,1]}},{"__type__":"cc.Sprite","node":{"__id__":29},"_materials":[{"__uuid__":"ecpdLyjvZBwrvm+cedCcQy"}],"_spriteFrame":{"__uuid__":"fjssze31-c560-43ad-9e15-7526be7590a5"},"_sizeMode":2,"_isTrimmedMode":false},{"__type__":"cc.Node","_name":"sp_selecmusic","_parent":{"__id__":3},"_children":[{"__id__":32},{"__id__":33},{"__id__":38},{"__id__":43}],"_active":false,"_components":[{"__type__":"cc.ToggleContainer","node":{"__id__":31}}],"_prefab":{"__type__":"cc.PrefabInfo","root":{"__id__":1},"asset":{"__uuid__":"fjssz3c2-62b6-48f9-ab28-fa03d64c3e5c"},"fileId":"dfFUnLuoJKq7WtZ3LyD4g5"},"_contentSize":{"__type__":"cc.Size","width":500,"height":61},"_trs":{"__type__":"TypedArray","ctor":"Float64Array","array":[-106,-150,0,0,0,0,1,1,1,1]}},{"__type__":"cc.Node","_name":"musicselect","_parent":{"__id__":31},"_components":[{"__type__":"cc.Label","node":{"__id__":32},"_useOriginalSize":false,"_string":"音乐选择","_N$string":"音乐选择","_fontSize":38,"_lineHeight":45,"_N$file":{"__uuid__":"fjssz345-cbe0-4203-a8ca-8141b2e63f4f"},"_isSystemFontUsed":false,"_N$horizontalAlign":1,"_N$verticalAlign":1}],"_prefab":{"__type__":"cc.PrefabInfo","root":{"__id__":1},"asset":{"__uuid__":"fjssz3c2-62b6-48f9-ab28-fa03d64c3e5c"},"fileId":"5dXBXzz0dCM5jWd3CmPA2G"},"_color":{"__type__":"cc.Color","r":144,"g":86,"b":37},"_contentSize":{"__type__":"cc.Size","width":152,"height":45},"_trs":{"__type__":"TypedArray","ctor":"Float64Array","array":[-178.2,0,0,0,0,0,1,1,1,1]}},{"__type__":"cc.Node","_name":"Toggle21","_parent":{"__id__":31},"_children":[{"__id__":34},{"__id__":35}],"_components":[{"__type__":"cc.Toggle","node":{"__id__":33},"_N$transition":3,"transition":3,"_N$normalColor":{"__type__":"cc.Color","r":214,"g":214,"b":214},"_N$target":{"__id__":33},"checkMark":{"__id__":37},"checkEvents":[{"__type__":"cc.ClickEvent","target":{"__id__":1},"_componentId":"fjsszbry7ND3If4HC8ey7ow","handler":"OnClick_Toggle"}]}],"_prefab":{"__type__":"cc.PrefabInfo","root":{"__id__":1},"asset":{"__uuid__":"fjssz3c2-62b6-48f9-ab28-fa03d64c3e5c"},"fileId":"0cPEDK5ANHAZ+rlc86hXPj"},"_contentSize":{"__type__":"cc.Size","width":50,"height":50},"_trs":{"__type__":"TypedArray","ctor":"Float64Array","array":[-47,3,0,0,0,0,1,1,1,1]}},{"__type__":"cc.Node","_name":"yinyue1","_parent":{"__id__":33},"_components":[{"__type__":"cc.Label","node":{"__id__":34},"_useOriginalSize":false,"_string":"古典","_N$string":"古典","_fontSize":30,"_lineHeight":30,"_N$file":{"__uuid__":"fjssz345-cbe0-4203-a8ca-8141b2e63f4f"},"_isSystemFontUsed":false,"_N$horizontalAlign":1,"_N$verticalAlign":1}],"_prefab":{"__type__":"cc.PrefabInfo","root":{"__id__":1},"asset":{"__uuid__":"fjssz3c2-62b6-48f9-ab28-fa03d64c3e5c"},"fileId":"8bPxrArs9G8L++2LW1Hy6D"},"_color":{"__type__":"cc.Color","r":144,"g":86,"b":37},"_contentSize":{"__type__":"cc.Size","width":60,"height":30},"_trs":{"__type__":"TypedArray","ctor":"Float64Array","array":[70,0,0,0,0,0,1,1,1,1]}},{"__type__":"cc.Node","_name":"Background","_parent":{"__id__":33},"_children":[{"__id__":36}],"_components":[{"__type__":"cc.Sprite","node":{"__id__":35},"_spriteFrame":{"__uuid__":"fjssz7e9-085e-4f86-a068-7a1d1df73240"},"_sizeMode":2,"_isTrimmedMode":false}],"_prefab":{"__type__":"cc.PrefabInfo","root":{"__id__":1},"asset":{"__uuid__":"fjssz3c2-62b6-48f9-ab28-fa03d64c3e5c"},"fileId":"62no7fuhVJG5g9Z0rR2PD6"},"_contentSize":{"__type__":"cc.Size","width":51,"height":51},"_trs":{"__type__":"TypedArray","ctor":"Float64Array","array":[0,0,0,0,0,0,1,1,1,1]}},{"__type__":"cc.Node","_name":"checkmark","_parent":{"__id__":35},"_components":[{"__id__":37}],"_prefab":{"__type__":"cc.PrefabInfo","root":{"__id__":1},"asset":{"__uuid__":"fjssz3c2-62b6-48f9-ab28-fa03d64c3e5c"},"fileId":"f7HhrXS9lKVZ5rmSUIRkcC"},"_contentSize":{"__type__":"cc.Size","width":38,"height":39},"_trs":{"__type__":"TypedArray","ctor":"Float64Array","array":[0,0,0,0,0,0,1,1,1,1]}},{"__type__":"cc.Sprite","node":{"__id__":36},"_spriteFrame":{"__uuid__":"fjssze31-c560-43ad-9e15-7526be7590a5"},"_sizeMode":2,"_isTrimmedMode":false},{"__type__":"cc.Node","_name":"Toggle22","_parent":{"__id__":31},"_children":[{"__id__":39},{"__id__":40}],"_components":[{"__type__":"cc.Toggle","node":{"__id__":38},"_N$transition":3,"transition":3,"_N$normalColor":{"__type__":"cc.Color","r":214,"g":214,"b":214},"_N$target":{"__id__":38},"_N$isChecked":false,"checkMark":{"__id__":42},"checkEvents":[{"__type__":"cc.ClickEvent","target":{"__id__":1},"_componentId":"fjsszbry7ND3If4HC8ey7ow","handler":"OnClick_Toggle"}]}],"_prefab":{"__type__":"cc.PrefabInfo","root":{"__id__":1},"asset":{"__uuid__":"fjssz3c2-62b6-48f9-ab28-fa03d64c3e5c"},"fileId":"f4vfc2z+pMOJBFdwFOGy9r"},"_contentSize":{"__type__":"cc.Size","width":50,"height":50},"_trs":{"__type__":"TypedArray","ctor":"Float64Array","array":[112,3,0,0,0,0,1,1,1,1]}},{"__type__":"cc.Node","_name":"yinyue2","_parent":{"__id__":38},"_components":[{"__type__":"cc.Label","node":{"__id__":39},"_useOriginalSize":false,"_string":"欢乐","_N$string":"欢乐","_fontSize":30,"_lineHeight":30,"_N$file":{"__uuid__":"fjssz345-cbe0-4203-a8ca-8141b2e63f4f"},"_isSystemFontUsed":false,"_N$horizontalAlign":1,"_N$verticalAlign":1}],"_prefab":{"__type__":"cc.PrefabInfo","root":{"__id__":1},"asset":{"__uuid__":"fjssz3c2-62b6-48f9-ab28-fa03d64c3e5c"},"fileId":"01J9t9sZJKarRPZXZVy83M"},"_color":{"__type__":"cc.Color","r":144,"g":86,"b":37},"_contentSize":{"__type__":"cc.Size","width":60,"height":30},"_trs":{"__type__":"TypedArray","ctor":"Float64Array","array":[70,0,0,0,0,0,1,1,1,1]}},{"__type__":"cc.Node","_name":"Background","_parent":{"__id__":38},"_children":[{"__id__":41}],"_components":[{"__type__":"cc.Sprite","node":{"__id__":40},"_spriteFrame":{"__uuid__":"fjssz7e9-085e-4f86-a068-7a1d1df73240"},"_sizeMode":2,"_isTrimmedMode":false}],"_prefab":{"__type__":"cc.PrefabInfo","root":{"__id__":1},"asset":{"__uuid__":"fjssz3c2-62b6-48f9-ab28-fa03d64c3e5c"},"fileId":"90PYdlsJtDEYeWGaaAtwlK"},"_contentSize":{"__type__":"cc.Size","width":51,"height":51},"_trs":{"__type__":"TypedArray","ctor":"Float64Array","array":[0,0,0,0,0,0,1,1,1,1]}},{"__type__":"cc.Node","_name":"checkmark","_parent":{"__id__":40},"_active":false,"_components":[{"__id__":42}],"_prefab":{"__type__":"cc.PrefabInfo","root":{"__id__":1},"asset":{"__uuid__":"fjssz3c2-62b6-48f9-ab28-fa03d64c3e5c"},"fileId":"3fU+J1JCxDPoFidCUXYxs5"},"_contentSize":{"__type__":"cc.Size","width":38,"height":39},"_trs":{"__type__":"TypedArray","ctor":"Float64Array","array":[0,0,0,0,0,0,1,1,1,1]}},{"__type__":"cc.Sprite","node":{"__id__":41},"_spriteFrame":{"__uuid__":"fjssze31-c560-43ad-9e15-7526be7590a5"},"_sizeMode":2,"_isTrimmedMode":false},{"__type__":"cc.Node","_name":"Toggle23","_parent":{"__id__":31},"_children":[{"__id__":44},{"__id__":45}],"_components":[{"__type__":"cc.Toggle","node":{"__id__":43},"_N$transition":3,"transition":3,"_N$normalColor":{"__type__":"cc.Color","r":214,"g":214,"b":214},"_N$target":{"__id__":43},"_N$isChecked":false,"checkMark":{"__id__":47},"checkEvents":[{"__type__":"cc.ClickEvent","target":{"__id__":1},"_componentId":"fjsszbry7ND3If4HC8ey7ow","handler":"OnClick_Toggle"}]}],"_prefab":{"__type__":"cc.PrefabInfo","root":{"__id__":1},"asset":{"__uuid__":"fjssz3c2-62b6-48f9-ab28-fa03d64c3e5c"},"fileId":"f7MRKwnLZNEZrJ4jN+eggj"},"_contentSize":{"__type__":"cc.Size","width":50,"height":50},"_trs":{"__type__":"TypedArray","ctor":"Float64Array","array":[271,3,0,0,0,0,1,1,1,1]}},{"__type__":"cc.Node","_name":"yinyue3","_parent":{"__id__":43},"_components":[{"__type__":"cc.Label","node":{"__id__":44},"_useOriginalSize":false,"_string":"现代","_N$string":"现代","_fontSize":30,"_lineHeight":30,"_N$file":{"__uuid__":"fjssz345-cbe0-4203-a8ca-8141b2e63f4f"},"_isSystemFontUsed":false,"_N$horizontalAlign":1,"_N$verticalAlign":1}],"_prefab":{"__type__":"cc.PrefabInfo","root":{"__id__":1},"asset":{"__uuid__":"fjssz3c2-62b6-48f9-ab28-fa03d64c3e5c"},"fileId":"fd4RPsNGRJwrEbAq64tT41"},"_color":{"__type__":"cc.Color","r":144,"g":86,"b":37},"_contentSize":{"__type__":"cc.Size","width":60,"height":30},"_trs":{"__type__":"TypedArray","ctor":"Float64Array","array":[70,0,0,0,0,0,1,1,1,1]}},{"__type__":"cc.Node","_name":"Background","_parent":{"__id__":43},"_children":[{"__id__":46}],"_components":[{"__type__":"cc.Sprite","node":{"__id__":45},"_spriteFrame":{"__uuid__":"fjssz7e9-085e-4f86-a068-7a1d1df73240"},"_sizeMode":2,"_isTrimmedMode":false}],"_prefab":{"__type__":"cc.PrefabInfo","root":{"__id__":1},"asset":{"__uuid__":"fjssz3c2-62b6-48f9-ab28-fa03d64c3e5c"},"fileId":"b1H2relwdBnrC+vXdpCT4V"},"_contentSize":{"__type__":"cc.Size","width":51,"height":51},"_trs":{"__type__":"TypedArray","ctor":"Float64Array","array":[0,0,0,0,0,0,1,1,1,1]}},{"__type__":"cc.Node","_name":"checkmark","_parent":{"__id__":45},"_active":false,"_components":[{"__id__":47}],"_prefab":{"__type__":"cc.PrefabInfo","root":{"__id__":1},"asset":{"__uuid__":"fjssz3c2-62b6-48f9-ab28-fa03d64c3e5c"},"fileId":"a08nty0fJGkrJbIuR6+K44"},"_contentSize":{"__type__":"cc.Size","width":38,"height":39},"_trs":{"__type__":"TypedArray","ctor":"Float64Array","array":[0,0,0,0,0,0,1,1,1,1]}},{"__type__":"cc.Sprite","node":{"__id__":46},"_spriteFrame":{"__uuid__":"fjssze31-c560-43ad-9e15-7526be7590a5"},"_sizeMode":2,"_isTrimmedMode":false},{"__type__":"cc.Node","_name":"sp_language","_parent":{"__id__":3},"_children":[{"__id__":49},{"__id__":50},{"__id__":53}],"_active":false,"_components":[{"__type__":"cc.Sprite","node":{"__id__":48},"_isTrimmedMode":false},{"__type__":"cc.ToggleGroup","node":{"__id__":48}}],"_prefab":{"__type__":"cc.PrefabInfo","root":{"__id__":1},"asset":{"__uuid__":"fjssz3c2-62b6-48f9-ab28-fa03d64c3e5c"},"fileId":"da505+cJcxLnYdWsfdSAg1o"},"_contentSize":{"__type__":"cc.Size","width":500,"height":60},"_trs":{"__type__":"TypedArray","ctor":"Float64Array","array":[-108,-64,0,0,0,0,1,1,1,1]}},{"__type__":"cc.Node","_name":"musicselect","_parent":{"__id__":48},"_components":[{"__type__":"cc.Label","node":{"__id__":49},"_useOriginalSize":false,"_string":"游戏音乐","_N$string":"游戏音乐","_fontSize":38,"_lineHeight":45,"_N$file":{"__uuid__":"fjssz345-cbe0-4203-a8ca-8141b2e63f4f"},"_isSystemFontUsed":false,"_N$horizontalAlign":1,"_N$verticalAlign":1}],"_prefab":{"__type__":"cc.PrefabInfo","root":{"__id__":1},"asset":{"__uuid__":"fjssz3c2-62b6-48f9-ab28-fa03d64c3e5c"},"fileId":"ae8fcJSyJNA3KCn9VYRq6GL"},"_color":{"__type__":"cc.Color","r":144,"g":86,"b":37},"_contentSize":{"__type__":"cc.Size","width":152,"height":45},"_trs":{"__type__":"TypedArray","ctor":"Float64Array","array":[-178.2,0,0,0,0,0,1,1,1,1]}},{"__type__":"cc.Node","_name":"btn_putong","_parent":{"__id__":48},"_children":[{"__id__":51},{"__id__":52}],"_components":[{"__type__":"cc.Button","node":{"__id__":50},"clickEvents":[{"__type__":"cc.ClickEvent","target":{"__id__":1},"_componentId":"fjsszbry7ND3If4HC8ey7ow","handler":"OnClick_BtnWnd"}],"_N$transition":3,"transition":3,"_N$normalColor":{"__type__":"cc.Color","r":214,"g":214,"b":214},"_N$target":{"__id__":50}},{"__type__":"cc.Sprite","node":{"__id__":50},"_spriteFrame":{"__uuid__":"fjssz7e9-085e-4f86-a068-7a1d1df73240"}}],"_prefab":{"__type__":"cc.PrefabInfo","root":{"__id__":1},"asset":{"__uuid__":"fjssz3c2-62b6-48f9-ab28-fa03d64c3e5c"},"fileId":"74943Timm1C/a0fZwXUQay4"},"_contentSize":{"__type__":"cc.Size","width":51,"height":51},"_trs":{"__type__":"TypedArray","ctor":"Float64Array","array":[-45,0,0,0,0,0,1,1,1,1]}},{"__type__":"cc.Node","_name":"xuanze","_parent":{"__id__":50},"_components":[{"__type__":"cc.Sprite","node":{"__id__":51},"_spriteFrame":{"__uuid__":"fjssze31-c560-43ad-9e15-7526be7590a5"}}],"_prefab":{"__type__":"cc.PrefabInfo","root":{"__id__":1},"asset":{"__uuid__":"fjssz3c2-62b6-48f9-ab28-fa03d64c3e5c"},"fileId":"c66b3O/ZLxPCZl1friUmlow"},"_contentSize":{"__type__":"cc.Size","width":38,"height":39},"_trs":{"__type__":"TypedArray","ctor":"Float64Array","array":[0,0,0,0,0,0,1,1,1,1]}},{"__type__":"cc.Node","_name":"lb","_parent":{"__id__":50},"_components":[{"__type__":"cc.Label","node":{"__id__":52},"_useOriginalSize":false,"_string":"普通话","_N$string":"普通话","_fontSize":30,"_lineHeight":34,"_N$file":{"__uuid__":"fjssz345-cbe0-4203-a8ca-8141b2e63f4f"},"_isSystemFontUsed":false,"_N$horizontalAlign":1,"_N$verticalAlign":1}],"_prefab":{"__type__":"cc.PrefabInfo","root":{"__id__":1},"asset":{"__uuid__":"fjssz3c2-62b6-48f9-ab28-fa03d64c3e5c"},"fileId":"2e790yrxEVHibXUaiohP8QB"},"_color":{"__type__":"cc.Color","r":144,"g":86,"b":37},"_contentSize":{"__type__":"cc.Size","width":90,"height":34},"_anchorPoint":{"__type__":"cc.Vec2","y":0.5},"_trs":{"__type__":"TypedArray","ctor":"Float64Array","array":[43,0,0,0,0,0,1,1,1,1]}},{"__type__":"cc.Node","_name":"btn_fangyan","_parent":{"__id__":48},"_children":[{"__id__":54},{"__id__":55}],"_active":false,"_components":[{"__type__":"cc.Button","node":{"__id__":53},"clickEvents":[{"__type__":"cc.ClickEvent","target":{"__id__":1},"_componentId":"fjsszbry7ND3If4HC8ey7ow","handler":"OnClick_BtnWnd"}],"_N$transition":3,"transition":3,"_N$normalColor":{"__type__":"cc.Color","r":214,"g":214,"b":214},"_N$target":{"__id__":53}},{"__type__":"cc.Sprite","node":{"__id__":53},"_spriteFrame":{"__uuid__":"fjssz7e9-085e-4f86-a068-7a1d1df73240"}}],"_prefab":{"__type__":"cc.PrefabInfo","root":{"__id__":1},"asset":{"__uuid__":"fjssz3c2-62b6-48f9-ab28-fa03d64c3e5c"},"fileId":"0eaab7QnZtKeIY/3RoCw17W"},"_contentSize":{"__type__":"cc.Size","width":51,"height":51},"_trs":{"__type__":"TypedArray","ctor":"Float64Array","array":[-47,0,0,0,0,0,1,1,1,1]}},{"__type__":"cc.Node","_name":"xuanze","_parent":{"__id__":53},"_components":[{"__type__":"cc.Sprite","node":{"__id__":54},"_spriteFrame":{"__uuid__":"fjssze31-c560-43ad-9e15-7526be7590a5"}}],"_prefab":{"__type__":"cc.PrefabInfo","root":{"__id__":1},"asset":{"__uuid__":"fjssz3c2-62b6-48f9-ab28-fa03d64c3e5c"},"fileId":"d3007Y3RONDe78Ftt95lEAf"},"_contentSize":{"__type__":"cc.Size","width":38,"height":39},"_trs":{"__type__":"TypedArray","ctor":"Float64Array","array":[0,0,0,0,0,0,1,1,1,1]}},{"__type__":"cc.Node","_name":"lb","_parent":{"__id__":53},"_components":[{"__type__":"cc.Label","node":{"__id__":55},"_useOriginalSize":false,"_string":"方言","_N$string":"方言","_fontSize":30,"_lineHeight":34,"_N$file":{"__uuid__":"fjssz345-cbe0-4203-a8ca-8141b2e63f4f"},"_isSystemFontUsed":false,"_N$horizontalAlign":1,"_N$verticalAlign":1}],"_prefab":{"__type__":"cc.PrefabInfo","root":{"__id__":1},"asset":{"__uuid__":"fjssz3c2-62b6-48f9-ab28-fa03d64c3e5c"},"fileId":"947f2/UcCVOpLH1vixy65AV"},"_color":{"__type__":"cc.Color","r":144,"g":86,"b":37},"_contentSize":{"__type__":"cc.Size","width":60,"height":34},"_anchorPoint":{"__type__":"cc.Vec2","y":0.5},"_trs":{"__type__":"TypedArray","ctor":"Float64Array","array":[43,0,0,0,0,0,1,1,1,1]}},{"__type__":"cc.Node","_name":"sp_scene","_parent":{"__id__":3},"_children":[{"__id__":57},{"__id__":60}],"_prefab":{"__type__":"cc.PrefabInfo","root":{"__id__":1},"asset":{"__uuid__":"fjssz3c2-62b6-48f9-ab28-fa03d64c3e5c"},"fileId":"134bofMxJGy4vcPRaWZy3J"},"_trs":{"__type__":"TypedArray","ctor":"Float64Array","array":[0,0,0,0,0,0,1,1,1,1]}},{"__type__":"cc.Node","_name":"btn_fjssz","_parent":{"__id__":56},"_children":[{"__id__":58},{"__id__":59}],"_components":[{"__type__":"cc.Sprite","node":{"__id__":57},"_materials":[{"__uuid__":"ecpdLyjvZBwrvm+cedCcQy"}],"_spriteFrame":{"__uuid__":"e4wmjahQxO4I1Kvsd+MWKD"},"_sizeMode":0},{"__type__":"cc.Button","node":{"__id__":57},"zoomScale":0.9,"clickEvents":[{"__type__":"cc.ClickEvent","target":{"__id__":1},"_componentId":"fjssz6eb-cbb3-43dc-87f8-1c2f1ecbba30","handler":"OnClick_BtnWnd"}],"_N$transition":3,"transition":3,"_N$pressedColor":{"__type__":"cc.Color","r":255,"g":255,"b":255},"pressedColor":{"__type__":"cc.Color","r":255,"g":255,"b":255},"_N$disabledColor":{"__type__":"cc.Color","r":255,"g":255,"b":255},"_N$pressedSprite":{"__uuid__":"e97GVMl6JHh5Ml5qEDdSGa"},"pressedSprite":{"__uuid__":"e97GVMl6JHh5Ml5qEDdSGa"},"_N$hoverSprite":{"__uuid__":"e97GVMl6JHh5Ml5qEDdSGa"},"hoverSprite":{"__uuid__":"e97GVMl6JHh5Ml5qEDdSGa"},"_N$disabledSprite":{"__uuid__":"29FYIk+N1GYaeWH/q1NxQO"},"_N$target":{"__id__":57}}],"_prefab":{"__type__":"cc.PrefabInfo","root":{"__id__":1},"asset":{"__uuid__":"fjssz3c2-62b6-48f9-ab28-fa03d64c3e5c"},"fileId":"93nkivN8hHVpNwrCGh2/Yy"},"_contentSize":{"__type__":"cc.Size","width":140,"height":94},"_trs":{"__type__":"TypedArray","ctor":"Float64Array","array":[300.726,125.767,0,0,0,0,1,1,1,1]}},{"__type__":"cc.Node","_name":"img_dz","_parent":{"__id__":57},"_components":[{"__type__":"cc.Sprite","node":{"__id__":58},"_materials":[{"__uuid__":"ecpdLyjvZBwrvm+cedCcQy"}],"_spriteFrame":{"__uuid__":"fjssz7a1-1734-4b1e-9bcf-453afb0edee1"}}],"_prefab":{"__type__":"cc.PrefabInfo","root":{"__id__":1},"asset":{"__uuid__":"fjssz3c2-62b6-48f9-ab28-fa03d64c3e5c"},"fileId":"84g0MlScdF6Y2Vn/ZYGx4p"},"_contentSize":{"__type__":"cc.Size","width":152,"height":106},"_trs":{"__type__":"TypedArray","ctor":"Float64Array","array":[0,0,0,0,0,0,1,1,1,1]}},{"__type__":"cc.Node","_name":"New Label","_parent":{"__id__":57},"_components":[{"__type__":"cc.Label","node":{"__id__":59},"_materials":[{"__uuid__":"ecpdLyjvZBwrvm+cedCcQy"}],"_useOriginalSize":false,"_string":"经典背景","_N$string":"经典背景","_fontSize":20,"_lineHeight":20,"_N$horizontalAlign":1,"_N$verticalAlign":1}],"_prefab":{"__type__":"cc.PrefabInfo","root":{"__id__":1},"asset":{"__uuid__":"fjssz3c2-62b6-48f9-ab28-fa03d64c3e5c"},"fileId":"ccvhW/FkRCdaPs65n8qsOE"},"_color":{"__type__":"cc.Color","r":248,"g":230,"b":233},"_contentSize":{"__type__":"cc.Size","width":80,"height":25.2},"_trs":{"__type__":"TypedArray","ctor":"Float64Array","array":[0,-32.116,0,0,0,0,1,1,1,1]}},{"__type__":"cc.Node","_name":"btn_ls","_parent":{"__id__":56},"_children":[{"__id__":61},{"__id__":62}],"_components":[{"__type__":"cc.Sprite","node":{"__id__":60},"_materials":[{"__uuid__":"ecpdLyjvZBwrvm+cedCcQy"}],"_spriteFrame":{"__uuid__":"f9OJq/4CJFAr3b2zuFnZfY"},"_sizeMode":0},{"__type__":"cc.Button","node":{"__id__":60},"zoomScale":0.9,"clickEvents":[{"__type__":"cc.ClickEvent","target":{"__id__":1},"_componentId":"fjssz6eb-cbb3-43dc-87f8-1c2f1ecbba30","handler":"OnClick_BtnWnd"}],"_N$transition":3,"transition":3,"_N$pressedColor":{"__type__":"cc.Color","r":255,"g":255,"b":255},"pressedColor":{"__type__":"cc.Color","r":255,"g":255,"b":255},"_N$disabledColor":{"__type__":"cc.Color","r":255,"g":255,"b":255},"_N$pressedSprite":{"__uuid__":"e97GVMl6JHh5Ml5qEDdSGa"},"pressedSprite":{"__uuid__":"e97GVMl6JHh5Ml5qEDdSGa"},"_N$hoverSprite":{"__uuid__":"e97GVMl6JHh5Ml5qEDdSGa"},"hoverSprite":{"__uuid__":"e97GVMl6JHh5Ml5qEDdSGa"},"_N$disabledSprite":{"__uuid__":"29FYIk+N1GYaeWH/q1NxQO"},"_N$target":{"__id__":60}}],"_prefab":{"__type__":"cc.PrefabInfo","root":{"__id__":1},"asset":{"__uuid__":"fjssz3c2-62b6-48f9-ab28-fa03d64c3e5c"},"fileId":"78peMDojBMlLpSRl7VSEhz"},"_contentSize":{"__type__":"cc.Size","width":140,"height":94},"_trs":{"__type__":"TypedArray","ctor":"Float64Array","array":[300.726,-10.233,0,0,0,0,1,1,1,1]}},{"__type__":"cc.Node","_name":"img_dz","_parent":{"__id__":60},"_components":[{"__type__":"cc.Sprite","node":{"__id__":61},"_materials":[{"__uuid__":"ecpdLyjvZBwrvm+cedCcQy"}],"_spriteFrame":{"__uuid__":"fjssz7a1-1734-4b1e-9bcf-453afb0edee1"}}],"_prefab":{"__type__":"cc.PrefabInfo","root":{"__id__":1},"asset":{"__uuid__":"fjssz3c2-62b6-48f9-ab28-fa03d64c3e5c"},"fileId":"325i7KscJL5ZryIrpQ3HPt"},"_contentSize":{"__type__":"cc.Size","width":152,"height":106},"_trs":{"__type__":"TypedArray","ctor":"Float64Array","array":[0,0,0,0,0,0,1,1,1,1]}},{"__type__":"cc.Node","_name":"New Label","_parent":{"__id__":60},"_components":[{"__type__":"cc.Label","node":{"__id__":62},"_materials":[{"__uuid__":"ecpdLyjvZBwrvm+cedCcQy"}],"_useOriginalSize":false,"_string":"清新背景","_N$string":"清新背景","_fontSize":20,"_lineHeight":20,"_N$horizontalAlign":1,"_N$verticalAlign":1}],"_prefab":{"__type__":"cc.PrefabInfo","root":{"__id__":1},"asset":{"__uuid__":"fjssz3c2-62b6-48f9-ab28-fa03d64c3e5c"},"fileId":"d39fLA8rtG0I/QufgWcLFa"},"_color":{"__type__":"cc.Color","r":248,"g":230,"b":233},"_contentSize":{"__type__":"cc.Size","width":80,"height":25.2},"_trs":{"__type__":"TypedArray","ctor":"Float64Array","array":[0,-32.116,0,0,0,0,1,1,1,1]}},{"__type__":"cc.Node","_name":"btn_close","_parent":{"__id__":3},"_components":[{"__type__":"cc.Button","node":{"__id__":63},"zoomScale":0.9,"clickEvents":[{"__type__":"cc.ClickEvent","target":{"__id__":1},"_componentId":"fjssz6eb-cbb3-43dc-87f8-1c2f1ecbba30","handler":"OnClick_Close"}],"_N$transition":3,"transition":3,"_N$pressedColor":{"__type__":"cc.Color","r":255,"g":255,"b":255},"pressedColor":{"__type__":"cc.Color","r":255,"g":255,"b":255},"_N$disabledColor":{"__type__":"cc.Color","r":255,"g":255,"b":255},"_N$pressedSprite":{"__uuid__":"e97GVMl6JHh5Ml5qEDdSGa"},"pressedSprite":{"__uuid__":"e97GVMl6JHh5Ml5qEDdSGa"},"_N$hoverSprite":{"__uuid__":"e97GVMl6JHh5Ml5qEDdSGa"},"hoverSprite":{"__uuid__":"e97GVMl6JHh5Ml5qEDdSGa"},"_N$disabledSprite":{"__uuid__":"29FYIk+N1GYaeWH/q1NxQO"},"_N$target":{"__id__":63}},{"__type__":"cc.Sprite","node":{"__id__":63},"_materials":[{"__uuid__":"ecpdLyjvZBwrvm+cedCcQy"}],"_spriteFrame":{"__uuid__":"fjssza0a-09cb-4f8d-a5ba-e45067866d94"}}],"_prefab":{"__type__":"cc.PrefabInfo","root":{"__id__":1},"asset":{"__uuid__":"fjssz3c2-62b6-48f9-ab28-fa03d64c3e5c"},"fileId":"ebK3id7/BGBonFxVZJq1E0"},"_contentSize":{"__type__":"cc.Size","width":79,"height":80},"_trs":{"__type__":"TypedArray","ctor":"Float64Array","array":[433,245,0,0,0,0,1,1,1,1]}}],{"__type__":"cc.SpriteFrame","content":{"name":"img_dz","texture":"fjssz719-3356-4a97-a1ff-b4120f3ac812","rect":[0,0,152,106],"offset":[0,0],"originalSize":[152,106],"capInsets":[0,0,0,0]}},{"__type__":"cc.SpriteFrame","content":{"name":"img_dxk01","texture":"fjssz08b-723e-4dfb-af99-12d2e6c410bb","rect":[0,0,51,51],"offset":[0,0],"originalSize":[51,51],"capInsets":[0,0,0,0]}},{"__type__":"cc.SpriteFrame","content":{"name":"slide_01","texture":"fjssza56-c384-418d-acde-db7fdea1ae89","rect":[1,0,72,45],"offset":[0.5,0],"originalSize":[73,45],"capInsets":[0,0,0,0]}},{"__type__":"cc.SpriteFrame","content":{"name":"title_set","texture":"fjssz476-f413-4a8d-aeba-449eace2cff5","rect":[0,0,168,43],"offset":[0,0.5],"originalSize":[168,44],"capInsets":[0,0,0,0]}},{"__type__":"cc.SpriteFrame","content":{"name":"btn_close","texture":"fjssz622-4193-4d6e-968d-ec3ef372c92d","rect":[0,0,79,80],"offset":[0,0],"originalSize":[79,80],"capInsets":[0,0,0,0]}},{"__type__":"cc.SpriteFrame","content":{"name":"bg_title","texture":"fjssz44d-7511-4e17-9980-14de89fbcf7e","rect":[1,0,473,87],"offset":[0,0],"originalSize":[475,87],"capInsets":[0,0,0,0]}},{"__type__":"cc.SpriteFrame","content":{"name":"slide_02","texture":"fjssz29b-b6be-4a9a-88a4-6337fce5e7fd","rect":[5,4,373,26],"offset":[0,1.5],"originalSize":[383,37],"capInsets":[0,0,0,0]}},{"__type__":"cc.SpriteFrame","content":{"name":"bg","texture":"fjssz036-8a0c-4d92-8561-c45e53fa19cc","rect":[0,0,21,63],"offset":[0,0],"originalSize":[21,63],"capInsets":[0,0,0,0]}},{"__type__":"cc.SpriteFrame","content":{"name":"img_dxk02","texture":"fjssz09c-2496-4927-94cd-e196edd997fd","rect":[0,0,38,39],"offset":[0,0],"originalSize":[38,39],"capInsets":[0,0,0,0]}},{"__type__":"cc.SpriteFrame","content":{"name":"slide_03","texture":"fjssz38d-5d53-4f49-8a3e-158a8124c5ae","rect":[3,2,377,32],"offset":[0,0.5],"originalSize":[383,37],"capInsets":[0,0,0,0]}}]