[[{"__type__":"cc.Prefab","_name":"jidanPrefab","data":{"__id__":1}},{"__type__":"cc.Node","_name":"jidanPrefab","_components":[{"__type__":"cc.Sprite","node":{"__id__":1},"_spriteFrame":{"__uuid__":"typdkb7b-7c69-4ea0-a212-11f0b7c61ebb"}},{"__type__":"cc.Animation","node":{"__id__":1},"_defaultClip":{"__uuid__":"typdk3fc-64b6-4774-97bd-822bdb389187"},"_clips":[{"__uuid__":"typdk3fc-64b6-4774-97bd-822bdb389187"}]}],"_prefab":{"__type__":"cc.PrefabInfo","root":{"__id__":1},"asset":{"__uuid__":"typdk879-fa50-4fb7-be09-8c679149491a"},"fileId":"ffLUSTLg5JV7m8cB1lvI30"},"_contentSize":{"__type__":"cc.Size","width":51,"height":67},"_trs":{"__type__":"TypedArray","ctor":"Float64Array","array":[0,0,0,0,0,0,1,1,1,1]}}],{"__type__":"cc.SpriteFrame","content":{"name":"ani_jd_01","texture":"typdk79c-0a8d-4e23-a92e-73c1e8097b9a","rect":[0,0,51,67],"offset":[0,0],"originalSize":[51,67],"capInsets":[0,0,0,0]}}]