[{"__type__":"cc.SpriteFrame","content":{"name":"img_zf","texture":"0bxGp6KCBCgoRliyu4/ey6","rect":[0,0,515,55],"offset":[0,0],"originalSize":[515,55],"capInsets":[0,0,0,0]}},{"__type__":"cc.SpriteFrame","content":{"name":"img_tx","texture":"a2ebF87oVMgLx2YSojjFPA","rect":[0,0,65,65],"offset":[0,0],"originalSize":[65,65],"capInsets":[0,0,0,0]}},{"__type__":"cc.SpriteFrame","content":{"name":"img_ls","texture":"e0aBsHwppCHrUmgOQwiwUH","rect":[0,0,77,37],"offset":[0,0],"originalSize":[77,37],"capInsets":[0,0,0,0]}},{"__type__":"cc.SpriteFrame","content":{"name":"img_lsdi","texture":"fcy1xUKtNFmYIIjN7CJhbE","rect":[0,0,545,586],"offset":[0,0],"originalSize":[545,586],"capInsets":[0,0,0,0]}},{"__type__":"cc.SpriteFrame","content":{"name":"img_js","texture":"7cSVrk6sRJDaoN0T88NYdO","rect":[0,0,515,55],"offset":[0,0],"originalSize":[515,55],"capInsets":[0,0,0,0]}},[{"__type__":"cc.Prefab","_name":"pdk_UIRoomRecord","data":{"__id__":1}},{"__type__":"cc.Node","_name":"pdk_UIRoomRecord","_children":[{"__id__":2},{"__id__":7}],"_components":[{"__type__":"cc.Sprite","node":{"__id__":1},"_materials":[{"__uuid__":"ecpdLyjvZBwrvm+cedCcQy"}],"_spriteFrame":{"__uuid__":"typdkd1f-3e0b-4b1d-ae52-c52ad188bba9"},"_sizeMode":0},{"__type__":"cc.Widget","node":{"__id__":1},"_alignFlags":45,"_originalWidth":21,"_originalHeight":63},{"__type__":"cc.Button","node":{"__id__":1},"clickEvents":[{"__type__":"cc.ClickEvent","target":{"__id__":1},"_componentId":"fa981WrItdDpY+dtUti4FH9","handler":"OnClick_Close"}]},{"__type__":"fa981WrItdDpY+dtUti4FH9","node":{"__id__":1}}],"_prefab":{"__type__":"cc.PrefabInfo","root":{"__id__":1},"asset":{"__uuid__":"a3DKEq4zhFWr9VxuKEP4vp"},"fileId":"20bhFm+IFJNpXYbcNrHZKg"},"_contentSize":{"__type__":"cc.Size","width":1360,"height":760},"_trs":{"__type__":"TypedArray","ctor":"Float64Array","array":[680,380,0,0,0,0,1,1,1,1]}},{"__type__":"cc.Node","_name":"demo","_parent":{"__id__":1},"_children":[{"__id__":3},{"__id__":4},{"__id__":5},{"__id__":6}],"_active":false,"_components":[{"__type__":"cc.Sprite","node":{"__id__":2},"_materials":[{"__uuid__":"ecpdLyjvZBwrvm+cedCcQy"}],"_spriteFrame":{"__uuid__":"9eW6rkcE5O6oolr59Di9OE"}}],"_prefab":{"__type__":"cc.PrefabInfo","root":{"__id__":1},"asset":{"__uuid__":"a3DKEq4zhFWr9VxuKEP4vp"},"fileId":"7fyZynLfZBWIxM1tYIzVPG"},"_contentSize":{"__type__":"cc.Size","width":515,"height":55},"_trs":{"__type__":"TypedArray","ctor":"Float64Array","array":[0,0,0,0,0,0,1,1,1,1]}},{"__type__":"cc.Node","_name":"setID","_parent":{"__id__":2},"_components":[{"__type__":"cc.Label","node":{"__id__":3},"_materials":[{"__uuid__":"ecpdLyjvZBwrvm+cedCcQy"}],"_useOriginalSize":false,"_string":"第1局","_N$string":"第1局","_fontSize":24,"_lineHeight":24,"_N$file":{"__uuid__":"typdk345-cbe0-4203-a8ca-8141b2e63f4f"},"_isSystemFontUsed":false,"_N$horizontalAlign":1,"_N$verticalAlign":1}],"_prefab":{"__type__":"cc.PrefabInfo","root":{"__id__":1},"asset":{"__uuid__":"a3DKEq4zhFWr9VxuKEP4vp"},"fileId":"340eIma8RATLmAf4awyga4"},"_color":{"__type__":"cc.Color","r":133,"g":94,"b":64},"_contentSize":{"__type__":"cc.Size","width":56.81,"height":30.24},"_trs":{"__type__":"TypedArray","ctor":"Float64Array","array":[-211,0,0,0,0,0,1,1,1,1]}},{"__type__":"cc.Node","_name":"point0","_parent":{"__id__":2},"_active":false,"_components":[{"__type__":"cc.Label","node":{"__id__":4},"_materials":[{"__uuid__":"ecpdLyjvZBwrvm+cedCcQy"}],"_useOriginalSize":false,"_fontSize":24,"_lineHeight":26,"_N$file":{"__uuid__":"typdk345-cbe0-4203-a8ca-8141b2e63f4f"},"_isSystemFontUsed":false,"_N$horizontalAlign":1,"_N$verticalAlign":1}],"_prefab":{"__type__":"cc.PrefabInfo","root":{"__id__":1},"asset":{"__uuid__":"a3DKEq4zhFWr9VxuKEP4vp"},"fileId":"b6ZGXC0U9Jrp+dTf8Z/C0+"},"_color":{"__type__":"cc.Color","r":125,"g":85,"b":58},"_contentSize":{"__type__":"cc.Size","height":32.76},"_trs":{"__type__":"TypedArray","ctor":"Float64Array","array":[-105,0,0,0,0,0,1,1,1,1]}},{"__type__":"cc.Node","_name":"point1","_parent":{"__id__":2},"_active":false,"_components":[{"__type__":"cc.Label","node":{"__id__":5},"_materials":[{"__uuid__":"ecpdLyjvZBwrvm+cedCcQy"}],"_useOriginalSize":false,"_fontSize":24,"_lineHeight":26,"_N$file":{"__uuid__":"typdk345-cbe0-4203-a8ca-8141b2e63f4f"},"_isSystemFontUsed":false,"_N$horizontalAlign":1,"_N$verticalAlign":1}],"_prefab":{"__type__":"cc.PrefabInfo","root":{"__id__":1},"asset":{"__uuid__":"a3DKEq4zhFWr9VxuKEP4vp"},"fileId":"8eSlslGm9K2b8fNr21PbJF"},"_color":{"__type__":"cc.Color","r":125,"g":85,"b":58},"_contentSize":{"__type__":"cc.Size","height":32.76},"_trs":{"__type__":"TypedArray","ctor":"Float64Array","array":[40,0,0,0,0,0,1,1,1,1]}},{"__type__":"cc.Node","_name":"point2","_parent":{"__id__":2},"_active":false,"_components":[{"__type__":"cc.Label","node":{"__id__":6},"_materials":[{"__uuid__":"ecpdLyjvZBwrvm+cedCcQy"}],"_useOriginalSize":false,"_fontSize":24,"_lineHeight":26,"_N$file":{"__uuid__":"typdk345-cbe0-4203-a8ca-8141b2e63f4f"},"_isSystemFontUsed":false,"_N$horizontalAlign":1,"_N$verticalAlign":1}],"_prefab":{"__type__":"cc.PrefabInfo","root":{"__id__":1},"asset":{"__uuid__":"a3DKEq4zhFWr9VxuKEP4vp"},"fileId":"5ecCWIFGtDsKnl9vc2bZG9"},"_color":{"__type__":"cc.Color","r":125,"g":85,"b":58},"_contentSize":{"__type__":"cc.Size","height":32.76},"_trs":{"__type__":"TypedArray","ctor":"Float64Array","array":[177,0,0,0,0,0,1,1,1,1]}},{"__type__":"cc.Node","_name":"node","_parent":{"__id__":1},"_children":[{"__id__":8},{"__id__":9},{"__id__":16},{"__id__":21}],"_components":[{"__type__":"cc.Sprite","node":{"__id__":7},"_materials":[{"__uuid__":"ecpdLyjvZBwrvm+cedCcQy"}],"_spriteFrame":{"__uuid__":"58q6tHePtIzYscz6ycUGHg"}},{"__type__":"cc.Widget","node":{"__id__":7},"_alignFlags":33,"_top":10}],"_prefab":{"__type__":"cc.PrefabInfo","root":{"__id__":1},"asset":{"__uuid__":"a3DKEq4zhFWr9VxuKEP4vp"},"fileId":"90m2Q8ZbJDZ4/l0BVU4381"},"_contentSize":{"__type__":"cc.Size","width":545,"height":586},"_trs":{"__type__":"TypedArray","ctor":"Float64Array","array":[407.5,77,0,0,0,0,1,1,1,1]}},{"__type__":"cc.Node","_name":"img_ls","_parent":{"__id__":7},"_components":[{"__type__":"cc.Sprite","node":{"__id__":8},"_materials":[{"__uuid__":"ecpdLyjvZBwrvm+cedCcQy"}],"_spriteFrame":{"__uuid__":"57K+0LLe9KRpjZGVwO2rbU"}}],"_prefab":{"__type__":"cc.PrefabInfo","root":{"__id__":1},"asset":{"__uuid__":"a3DKEq4zhFWr9VxuKEP4vp"},"fileId":"d0yIsOoflHyr3J55UuLMXy"},"_contentSize":{"__type__":"cc.Size","width":77,"height":37},"_trs":{"__type__":"TypedArray","ctor":"Float64Array","array":[-210,230,0,0,0,0,1,1,1,1]}},{"__type__":"cc.Node","_name":"headNodes","_parent":{"__id__":7},"_children":[{"__id__":10},{"__id__":12},{"__id__":14}],"_components":[{"__type__":"cc.Layout","node":{"__id__":9},"_enabled":false,"_layoutSize":{"__type__":"cc.Size","width":339,"height":100},"_resize":1,"_N$layoutType":1,"_N$spacingX":72}],"_prefab":{"__type__":"cc.PrefabInfo","root":{"__id__":1},"asset":{"__uuid__":"a3DKEq4zhFWr9VxuKEP4vp"},"fileId":"b1VR0cSXRHYLtc2G1Njw3v"},"_contentSize":{"__type__":"cc.Size","width":339,"height":100},"_trs":{"__type__":"TypedArray","ctor":"Float64Array","array":[28,230,0,0,0,0,1,1,1,1]}},{"__type__":"cc.Node","_name":"headNode0","_parent":{"__id__":9},"_children":[{"__id__":11}],"_components":[{"__type__":"cc.Sprite","node":{"__id__":10},"_materials":[{"__uuid__":"ecpdLyjvZBwrvm+cedCcQy"}],"_spriteFrame":{"__uuid__":"49gAR/Ns1Hx5O6LGnVQ5vd"}}],"_prefab":{"__type__":"cc.PrefabInfo","root":{"__id__":1},"asset":{"__uuid__":"a3DKEq4zhFWr9VxuKEP4vp"},"fileId":"9dnEd+mAFH4Y49fum7VWI+"},"_contentSize":{"__type__":"cc.Size","width":65,"height":65},"_trs":{"__type__":"TypedArray","ctor":"Float64Array","array":[-137,0,0,0,0,0,1,1,1,1]}},{"__type__":"cc.Node","_name":"touxiang","_parent":{"__id__":10},"_components":[{"__type__":"cc.Sprite","node":{"__id__":11},"_materials":[{"__uuid__":"ecpdLyjvZBwrvm+cedCcQy"}],"_spriteFrame":{"__uuid__":"typdkbd4-6d8e-4361-aae8-91caca6f2355"},"_sizeMode":0},{"__type__":"typdk551-cdf7-4ff7-b9d1-ff119733cfed","node":{"__id__":11}}],"_prefab":{"__type__":"cc.PrefabInfo","root":{"__id__":1},"asset":{"__uuid__":"a3DKEq4zhFWr9VxuKEP4vp"},"fileId":"deK40Z3aRH25xS/MLiqGuh"},"_contentSize":{"__type__":"cc.Size","width":60,"height":60},"_trs":{"__type__":"TypedArray","ctor":"Float64Array","array":[0,0,0,0,0,0,1,1,1,1]}},{"__type__":"cc.Node","_name":"headNode1","_parent":{"__id__":9},"_children":[{"__id__":13}],"_components":[{"__type__":"cc.Sprite","node":{"__id__":12},"_materials":[{"__uuid__":"ecpdLyjvZBwrvm+cedCcQy"}],"_spriteFrame":{"__uuid__":"49gAR/Ns1Hx5O6LGnVQ5vd"}}],"_prefab":{"__type__":"cc.PrefabInfo","root":{"__id__":1},"asset":{"__uuid__":"a3DKEq4zhFWr9VxuKEP4vp"},"fileId":"7ffe29B3VCyboj9WtapRti"},"_contentSize":{"__type__":"cc.Size","width":65,"height":65},"_trs":{"__type__":"TypedArray","ctor":"Float64Array","array":[0,0,0,0,0,0,1,1,1,1]}},{"__type__":"cc.Node","_name":"touxiang","_parent":{"__id__":12},"_components":[{"__type__":"cc.Sprite","node":{"__id__":13},"_materials":[{"__uuid__":"ecpdLyjvZBwrvm+cedCcQy"}],"_spriteFrame":{"__uuid__":"typdkbd4-6d8e-4361-aae8-91caca6f2355"},"_sizeMode":0},{"__type__":"typdk551-cdf7-4ff7-b9d1-ff119733cfed","node":{"__id__":13}}],"_prefab":{"__type__":"cc.PrefabInfo","root":{"__id__":1},"asset":{"__uuid__":"a3DKEq4zhFWr9VxuKEP4vp"},"fileId":"51vGBLcaZD2LP7xwRnHElm"},"_contentSize":{"__type__":"cc.Size","width":60,"height":60},"_trs":{"__type__":"TypedArray","ctor":"Float64Array","array":[0,0,0,0,0,0,1,1,1,1]}},{"__type__":"cc.Node","_name":"headNode2","_parent":{"__id__":9},"_children":[{"__id__":15}],"_components":[{"__type__":"cc.Sprite","node":{"__id__":14},"_materials":[{"__uuid__":"ecpdLyjvZBwrvm+cedCcQy"}],"_spriteFrame":{"__uuid__":"49gAR/Ns1Hx5O6LGnVQ5vd"}}],"_prefab":{"__type__":"cc.PrefabInfo","root":{"__id__":1},"asset":{"__uuid__":"a3DKEq4zhFWr9VxuKEP4vp"},"fileId":"82hhGSXpVCU4E20Wt8B2Y8"},"_contentSize":{"__type__":"cc.Size","width":65,"height":65},"_trs":{"__type__":"TypedArray","ctor":"Float64Array","array":[137,0,0,0,0,0,1,1,1,1]}},{"__type__":"cc.Node","_name":"touxiang","_parent":{"__id__":14},"_components":[{"__type__":"cc.Sprite","node":{"__id__":15},"_materials":[{"__uuid__":"ecpdLyjvZBwrvm+cedCcQy"}],"_spriteFrame":{"__uuid__":"typdkbd4-6d8e-4361-aae8-91caca6f2355"},"_sizeMode":0},{"__type__":"typdk551-cdf7-4ff7-b9d1-ff119733cfed","node":{"__id__":15}}],"_prefab":{"__type__":"cc.PrefabInfo","root":{"__id__":1},"asset":{"__uuid__":"a3DKEq4zhFWr9VxuKEP4vp"},"fileId":"16JLPZNsdIWKcaojxfj0RY"},"_contentSize":{"__type__":"cc.Size","width":60,"height":60},"_trs":{"__type__":"TypedArray","ctor":"Float64Array","array":[0,0,0,0,0,0,1,1,1,1]}},{"__type__":"cc.Node","_name":"zongfen","_parent":{"__id__":7},"_children":[{"__id__":17},{"__id__":18},{"__id__":19},{"__id__":20}],"_components":[{"__type__":"cc.Sprite","node":{"__id__":16},"_materials":[{"__uuid__":"ecpdLyjvZBwrvm+cedCcQy"}],"_spriteFrame":{"__uuid__":"44t6pF+5pFXbYzSVJt7XC1"}}],"_prefab":{"__type__":"cc.PrefabInfo","root":{"__id__":1},"asset":{"__uuid__":"a3DKEq4zhFWr9VxuKEP4vp"},"fileId":"aeMNe08pJGTLRdOGDIsyGU"},"_contentSize":{"__type__":"cc.Size","width":515,"height":55},"_trs":{"__type__":"TypedArray","ctor":"Float64Array","array":[-4,155,0,0,0,0,1,1,1,1]}},{"__type__":"cc.Node","_name":"label","_parent":{"__id__":16},"_components":[{"__type__":"cc.Label","node":{"__id__":17},"_materials":[{"__uuid__":"ecpdLyjvZBwrvm+cedCcQy"}],"_useOriginalSize":false,"_string":"总分","_N$string":"总分","_fontSize":30,"_lineHeight":32,"_N$file":{"__uuid__":"typdk345-cbe0-4203-a8ca-8141b2e63f4f"},"_isSystemFontUsed":false,"_N$horizontalAlign":1,"_N$verticalAlign":1}],"_prefab":{"__type__":"cc.PrefabInfo","root":{"__id__":1},"asset":{"__uuid__":"a3DKEq4zhFWr9VxuKEP4vp"},"fileId":"e35b/wKMRNtaxmgb/nv7Ay"},"_color":{"__type__":"cc.Color","r":133,"g":94,"b":64},"_contentSize":{"__type__":"cc.Size","width":60,"height":40.32},"_trs":{"__type__":"TypedArray","ctor":"Float64Array","array":[-211,0,0,0,0,0,1,1,1,1]}},{"__type__":"cc.Node","_name":"point0","_parent":{"__id__":16},"_components":[{"__type__":"cc.Label","node":{"__id__":18},"_materials":[{"__uuid__":"ecpdLyjvZBwrvm+cedCcQy"}],"_useOriginalSize":false,"_string":"12","_N$string":"12","_fontSize":30,"_lineHeight":32,"_N$file":{"__uuid__":"typdk345-cbe0-4203-a8ca-8141b2e63f4f"},"_isSystemFontUsed":false,"_N$horizontalAlign":1,"_N$verticalAlign":1}],"_prefab":{"__type__":"cc.PrefabInfo","root":{"__id__":1},"asset":{"__uuid__":"a3DKEq4zhFWr9VxuKEP4vp"},"fileId":"6cjCFKvwNDhqHAtHJMBkbo"},"_color":{"__type__":"cc.Color","r":189},"_contentSize":{"__type__":"cc.Size","width":28.13,"height":40.32},"_trs":{"__type__":"TypedArray","ctor":"Float64Array","array":[-105,0,0,0,0,0,1,1,1,1]}},{"__type__":"cc.Node","_name":"point1","_parent":{"__id__":16},"_components":[{"__type__":"cc.Label","node":{"__id__":19},"_materials":[{"__uuid__":"ecpdLyjvZBwrvm+cedCcQy"}],"_useOriginalSize":false,"_string":"10","_N$string":"10","_fontSize":30,"_lineHeight":32,"_N$file":{"__uuid__":"typdk345-cbe0-4203-a8ca-8141b2e63f4f"},"_isSystemFontUsed":false,"_N$horizontalAlign":1,"_N$verticalAlign":1}],"_prefab":{"__type__":"cc.PrefabInfo","root":{"__id__":1},"asset":{"__uuid__":"a3DKEq4zhFWr9VxuKEP4vp"},"fileId":"69F0Ytl0dHMZJU5voWxJ+Q"},"_color":{"__type__":"cc.Color","r":189},"_contentSize":{"__type__":"cc.Size","width":28.13,"height":40.32},"_trs":{"__type__":"TypedArray","ctor":"Float64Array","array":[38,0,0,0,0,0,1,1,1,1]}},{"__type__":"cc.Node","_name":"point2","_parent":{"__id__":16},"_components":[{"__type__":"cc.Label","node":{"__id__":20},"_materials":[{"__uuid__":"ecpdLyjvZBwrvm+cedCcQy"}],"_useOriginalSize":false,"_string":"3","_N$string":"3","_fontSize":30,"_lineHeight":32,"_N$file":{"__uuid__":"typdk345-cbe0-4203-a8ca-8141b2e63f4f"},"_isSystemFontUsed":false,"_N$horizontalAlign":1,"_N$verticalAlign":1}],"_prefab":{"__type__":"cc.PrefabInfo","root":{"__id__":1},"asset":{"__uuid__":"a3DKEq4zhFWr9VxuKEP4vp"},"fileId":"8b9Gw9nzlDC4ppVx91Es90"},"_color":{"__type__":"cc.Color","r":189},"_contentSize":{"__type__":"cc.Size","width":17.11,"height":40.32},"_trs":{"__type__":"TypedArray","ctor":"Float64Array","array":[175,0,0,0,0,0,1,1,1,1]}},{"__type__":"cc.Node","_name":"jifenNode","_parent":{"__id__":7},"_children":[{"__id__":22}],"_components":[{"__type__":"cc.ScrollView","node":{"__id__":21},"horizontal":false,"brake":0.75,"bounceDuration":0.23},{"__type__":"cc.Mask","node":{"__id__":21},"_materials":[{"__uuid__":"ecpdLyjvZBwrvm+cedCcQy"}]}],"_prefab":{"__type__":"cc.PrefabInfo","root":{"__id__":1},"asset":{"__uuid__":"a3DKEq4zhFWr9VxuKEP4vp"},"fileId":"f4eQG3hehMUI0pgkNBhJuI"},"_contentSize":{"__type__":"cc.Size","width":515,"height":415},"_anchorPoint":{"__type__":"cc.Vec2","x":0.5,"y":1},"_trs":{"__type__":"TypedArray","ctor":"Float64Array","array":[-4,128,0,0,0,0,1,1,1,1]}},{"__type__":"cc.Node","_name":"layout","_parent":{"__id__":21},"_components":[{"__type__":"cc.Layout","node":{"__id__":22},"_layoutSize":{"__type__":"cc.Size","width":515,"height":55},"_resize":1,"_N$layoutType":2}],"_prefab":{"__type__":"cc.PrefabInfo","root":{"__id__":1},"asset":{"__uuid__":"a3DKEq4zhFWr9VxuKEP4vp"},"fileId":"f3Y2U2jZVOHrhsxVEQKq0Z"},"_contentSize":{"__type__":"cc.Size","width":515,"height":55},"_anchorPoint":{"__type__":"cc.Vec2","x":0.5,"y":1},"_trs":{"__type__":"TypedArray","ctor":"Float64Array","array":[0,0,0,0,0,0,1,1,1,1]}}],{"__type__":"cc.SpriteFrame","content":{"name":"morentouxiang","texture":"typdk652-0393-4ea1-84d8-1bdd3044f177","rect":[0,0,60,60],"offset":[0,0],"originalSize":[60,60],"capInsets":[0,0,0,0]}},{"__type__":"cc.SpriteFrame","content":{"name":"bg","texture":"typdk036-8a0c-4d92-8561-c45e53fa19cc","rect":[0,0,21,63],"offset":[0,0],"originalSize":[21,63],"capInsets":[0,0,0,0]}}]