[{"__type__":"cc.Prefab","_name":"100","data":{"__id__":1}},{"__type__":"cc.Node","_name":"100","_components":[{"__type__":"sp.Skeleton","node":{"__id__":1},"_materials":[{"__uuid__":"7a/QZLET9IDreTiBfRn2PD"}],"defaultAnimation":"zzql","_preCacheMode":0,"loop":false,"premultipliedAlpha":false,"_animationName":"zzql","_N$skeletonData":{"__uuid__":"e3jLzviO5P0L69PKuFGi1l"}}],"_prefab":{"__type__":"cc.PrefabInfo","root":{"__id__":1},"asset":{"__id__":0},"fileId":"3fk4zJj0BIZY8Vxfyj78ZB"},"_trs":{"__type__":"TypedArray","ctor":"Float64Array","array":[0,0,0,0,0,0,1,1,1,1]}}]