[{"__type__":"cc.SpriteFrame","content":{"name":"bg_label","texture":"99HiOf3TxEL4qnKVZIHkXF","rect":[0,0,36,36],"offset":[0,0],"originalSize":[36,36],"capInsets":[12,12,12,12]}},{"__type__":"cc.SpriteFrame","content":{"name":"bg_popup","texture":"66hMaD7OxINIshY8kQfb+0","rect":[0,0,29,33],"offset":[0,0],"originalSize":[29,33],"capInsets":[12,12,12,12]}},{"__type__":"cc.SpriteFrame","content":{"name":"btn_close_off","texture":"faFPiAI4BKWLQM0qi2IeMh","rect":[0,0,69,72],"offset":[-0.5,1],"originalSize":[70,74],"capInsets":[0,0,0,0]}},{"__type__":"cc.SpriteFrame","content":{"name":"default_sprite","texture":"6eBWFz0oVHPLIGQKf/9Thu","rect":[0,2,40,36],"offset":[0,0],"originalSize":[40,40],"capInsets":[0,0,0,0]}},{"__type__":"cc.SpriteFrame","content":{"name":"bg_create","texture":"1a9pY2JmRExYIHa/iwKQlC","rect":[2,2,1185,634],"offset":[-0.5,0],"originalSize":[1190,638],"capInsets":[0,0,0,0]}},[{"__type__":"cc.Prefab","_name":"nn_UIRoomInfo","data":{"__id__":1}},{"__type__":"cc.Node","_name":"nn_UIRoomInfo","_children":[{"__id__":2},{"__id__":27}],"_components":[{"__type__":"cc.Widget","node":{"__id__":1},"alignMode":0,"_alignFlags":45,"_originalWidth":199,"_originalHeight":83},{"__type__":"ed071LTqzxGao6WUJT7l9rN","node":{"__id__":1},"sp_boy":{"__uuid__":"lznna99c-6769-4fe8-8f48-74ca87313497"},"sp_girl":{"__uuid__":"lznn154a-eae4-4135-8ccb-7cbcb9ccd166"}}],"_prefab":{"__type__":"cc.PrefabInfo","root":{"__id__":1},"asset":{"__uuid__":"afoAsrI/dIBq53wKwa0X1/"},"fileId":"7atkRv5Q1BxI754dXOZ9Hj"},"_contentSize":{"__type__":"cc.Size","width":1360,"height":760},"_trs":{"__type__":"TypedArray","ctor":"Float64Array","array":[680,380,0,0,0,0,1,1,1,1]}},{"__type__":"cc.Node","_name":"bg","_parent":{"__id__":1},"_children":[{"__id__":3},{"__id__":6}],"_components":[{"__type__":"cc.Sprite","node":{"__id__":2},"_materials":[{"__uuid__":"ecpdLyjvZBwrvm+cedCcQy"}],"_spriteFrame":{"__uuid__":"lznn8d1f-3e0b-4b1d-ae52-c52ad188bba9"},"_sizeMode":0}],"_prefab":{"__type__":"cc.PrefabInfo","root":{"__id__":1},"asset":{"__uuid__":"afoAsrI/dIBq53wKwa0X1/"},"fileId":"589J0adfJNaYepvZKMLD0k"},"_contentSize":{"__type__":"cc.Size","width":1528,"height":853},"_trs":{"__type__":"TypedArray","ctor":"Float64Array","array":[0,0,0,0,0,0,1,1,1,1]}},{"__type__":"cc.Node","_name":"bg_create","_parent":{"__id__":2},"_children":[{"__id__":4}],"_components":[{"__type__":"cc.Sprite","node":{"__id__":3},"_materials":[{"__uuid__":"ecpdLyjvZBwrvm+cedCcQy"}],"_spriteFrame":{"__uuid__":"9eRAcHSTFEM4++Kmo2K0z8"},"_sizeMode":0}],"_prefab":{"__type__":"cc.PrefabInfo","root":{"__id__":1},"asset":{"__uuid__":"afoAsrI/dIBq53wKwa0X1/"},"fileId":"fe/RYI6ZJHdbl7tjqmHxSI"},"_contentSize":{"__type__":"cc.Size","width":1060,"height":550},"_trs":{"__type__":"TypedArray","ctor":"Float64Array","array":[0,0,0,0,0,0,1,1,1,1]}},{"__type__":"cc.Node","_name":"bg_title","_parent":{"__id__":3},"_children":[{"__id__":5}],"_components":[{"__type__":"cc.Sprite","node":{"__id__":4},"_materials":[{"__uuid__":"ecpdLyjvZBwrvm+cedCcQy"}],"_spriteFrame":{"__uuid__":"ffMjy1rgpBzZtF8D1JS2nt"}}],"_prefab":{"__type__":"cc.PrefabInfo","root":{"__id__":1},"asset":{"__uuid__":"afoAsrI/dIBq53wKwa0X1/"},"fileId":"8dDDR+VoNLTbatdWwQtgb9"},"_contentSize":{"__type__":"cc.Size","width":511,"height":82},"_trs":{"__type__":"TypedArray","ctor":"Float64Array","array":[0,316,0,0,0,0,1,1,1,1]}},{"__type__":"cc.Node","_name":"title_roominfo","_parent":{"__id__":4},"_components":[{"__type__":"cc.Sprite","node":{"__id__":5},"_materials":[{"__uuid__":"ecpdLyjvZBwrvm+cedCcQy"}],"_spriteFrame":{"__uuid__":"fclykR2bxODLqSb7BIuwoU"}}],"_prefab":{"__type__":"cc.PrefabInfo","root":{"__id__":1},"asset":{"__uuid__":"afoAsrI/dIBq53wKwa0X1/"},"fileId":"c7S8KqJ6lGHJKkYNelg/00"},"_contentSize":{"__type__":"cc.Size","width":168,"height":43},"_trs":{"__type__":"TypedArray","ctor":"Float64Array","array":[0,-8,0,0,0,0,1,1,1,1]}},{"__type__":"cc.Node","_name":"bg_popup","_parent":{"__id__":2},"_children":[{"__id__":7},{"__id__":15},{"__id__":19},{"__id__":23}],"_components":[{"__type__":"cc.Sprite","node":{"__id__":6},"_materials":[{"__uuid__":"ecpdLyjvZBwrvm+cedCcQy"}],"_spriteFrame":{"__uuid__":"30SxT6OzZKw5MqlFoUH42F"},"_type":1,"_sizeMode":0}],"_prefab":{"__type__":"cc.PrefabInfo","root":{"__id__":1},"asset":{"__uuid__":"afoAsrI/dIBq53wKwa0X1/"},"fileId":"fay4JLhBZOfaE4CsVu/9pp"},"_contentSize":{"__type__":"cc.Size","width":1028,"height":492},"_trs":{"__type__":"TypedArray","ctor":"Float64Array","array":[0,0,0,0,0,0,1,1,1,1]}},{"__type__":"cc.Node","_name":"bg_label1","_parent":{"__id__":6},"_children":[{"__id__":8},{"__id__":10},{"__id__":11},{"__id__":13}],"_components":[{"__type__":"cc.Sprite","node":{"__id__":7},"_materials":[{"__uuid__":"ecpdLyjvZBwrvm+cedCcQy"}],"_spriteFrame":{"__uuid__":"13iM20ZlFFUpFt3CZW7HpS"},"_type":1,"_sizeMode":0}],"_prefab":{"__type__":"cc.PrefabInfo","root":{"__id__":1},"asset":{"__uuid__":"afoAsrI/dIBq53wKwa0X1/"},"fileId":"7bZmLlMDREo4byCPrZUE9E"},"_contentSize":{"__type__":"cc.Size","width":980,"height":100},"_trs":{"__type__":"TypedArray","ctor":"Float64Array","array":[0,168,0,0,0,0,1,1,1,1]}},{"__type__":"cc.Node","_name":"bg_query","_parent":{"__id__":7},"_children":[{"__id__":9}],"_components":[{"__type__":"cc.Sprite","node":{"__id__":8},"_materials":[{"__uuid__":"ecpdLyjvZBwrvm+cedCcQy"}],"_spriteFrame":{"__uuid__":"c5bm5/ZmlL17wrwaK6gYN8"}}],"_prefab":{"__type__":"cc.PrefabInfo","root":{"__id__":1},"asset":{"__uuid__":"afoAsrI/dIBq53wKwa0X1/"},"fileId":"98Bc+QfC1CP6ut+GjlnP/G"},"_contentSize":{"__type__":"cc.Size","width":224,"height":43},"_trs":{"__type__":"TypedArray","ctor":"Float64Array","array":[-338,0,0,0,0,0,1,1,1,1]}},{"__type__":"cc.Node","_name":"label","_parent":{"__id__":8},"_components":[{"__type__":"cc.Label","node":{"__id__":9},"_materials":[{"__uuid__":"ecpdLyjvZBwrvm+cedCcQy"}],"_useOriginalSize":false,"_string":"房间房主：","_N$string":"房间房主：","_fontSize":26,"_lineHeight":35,"_N$file":{"__uuid__":"lznn373b-ebaf-4e57-9974-1fdd6b1b601d"},"_isSystemFontUsed":false,"_N$horizontalAlign":1,"_N$verticalAlign":1}],"_prefab":{"__type__":"cc.PrefabInfo","root":{"__id__":1},"asset":{"__uuid__":"afoAsrI/dIBq53wKwa0X1/"},"fileId":"29kfyBPFNF94WfAG0gld+7"},"_contentSize":{"__type__":"cc.Size","width":130,"height":44.1},"_trs":{"__type__":"TypedArray","ctor":"Float64Array","array":[0,0,0,0,0,0,1,1,1,1]}},{"__type__":"cc.Node","_name":"sp_head","_parent":{"__id__":7},"_components":[{"__type__":"cc.Sprite","node":{"__id__":10},"_materials":[{"__uuid__":"ecpdLyjvZBwrvm+cedCcQy"}],"_spriteFrame":{"__uuid__":"lznn0bd4-6d8e-4361-aae8-91caca6f2355"},"_sizeMode":0},{"__type__":"lznn8673-3561-4a28-8fd0-4ff9fc711d7e","node":{"__id__":10}}],"_prefab":{"__type__":"cc.PrefabInfo","root":{"__id__":1},"asset":{"__uuid__":"afoAsrI/dIBq53wKwa0X1/"},"fileId":"feVUUqLRpGtacZHKMjCTxK"},"_contentSize":{"__type__":"cc.Size","width":73,"height":73},"_trs":{"__type__":"TypedArray","ctor":"Float64Array","array":[-158,0,0,0,0,0,1,1,1,1]}},{"__type__":"cc.Node","_name":"sp_female","_parent":{"__id__":7},"_children":[{"__id__":12}],"_components":[{"__type__":"cc.Sprite","node":{"__id__":11},"_materials":[{"__uuid__":"ecpdLyjvZBwrvm+cedCcQy"}],"_spriteFrame":{"__uuid__":"8c20Sso/ZEn7NUfNSM+EBh"},"_sizeMode":0}],"_prefab":{"__type__":"cc.PrefabInfo","root":{"__id__":1},"asset":{"__uuid__":"afoAsrI/dIBq53wKwa0X1/"},"fileId":"055U+/yR1Lp4EyKEJI+Xx5"},"_contentSize":{"__type__":"cc.Size","width":17,"height":28},"_trs":{"__type__":"TypedArray","ctor":"Float64Array","array":[-83,0,0,0,0,0,1,1,1,1]}},{"__type__":"cc.Node","_name":"lb_name","_parent":{"__id__":11},"_components":[{"__type__":"cc.Label","node":{"__id__":12},"_materials":[{"__uuid__":"ecpdLyjvZBwrvm+cedCcQy"}],"_useOriginalSize":false,"_string":"玩家名字七个字","_N$string":"玩家名字七个字","_fontSize":30,"_lineHeight":30,"_N$file":{"__uuid__":"lznn373b-ebaf-4e57-9974-1fdd6b1b601d"},"_isSystemFontUsed":false,"_N$horizontalAlign":1,"_N$verticalAlign":1},{"__type__":"cc.Widget","node":{"__id__":12},"alignMode":0,"_target":{"__id__":11},"_alignFlags":8,"_left":38.5}],"_prefab":{"__type__":"cc.PrefabInfo","root":{"__id__":1},"asset":{"__uuid__":"afoAsrI/dIBq53wKwa0X1/"},"fileId":"f8L1oux/5GYIpoi30Gkljb"},"_color":{"__type__":"cc.Color","r":113,"g":73,"b":40},"_contentSize":{"__type__":"cc.Size","width":210,"height":37.8},"_trs":{"__type__":"TypedArray","ctor":"Float64Array","array":[135,0,0,0,0,0,1,1,1,1]}},{"__type__":"cc.Node","_name":"sp_id","_parent":{"__id__":7},"_children":[{"__id__":14}],"_components":[{"__type__":"cc.Sprite","node":{"__id__":13},"_materials":[{"__uuid__":"ecpdLyjvZBwrvm+cedCcQy"}],"_spriteFrame":{"__uuid__":"c2oMrUKFxAGZFT8kKkwe9h"}}],"_prefab":{"__type__":"cc.PrefabInfo","root":{"__id__":1},"asset":{"__uuid__":"afoAsrI/dIBq53wKwa0X1/"},"fileId":"afatd5vS9KIL6AW8Q1VnZV"},"_contentSize":{"__type__":"cc.Size","width":28,"height":28},"_trs":{"__type__":"TypedArray","ctor":"Float64Array","array":[235,0,0,0,0,0,1,1,1,1]}},{"__type__":"cc.Node","_name":"lb_ID","_parent":{"__id__":13},"_components":[{"__type__":"cc.Label","node":{"__id__":14},"_materials":[{"__uuid__":"ecpdLyjvZBwrvm+cedCcQy"}],"_useOriginalSize":false,"_string":"123456","_N$string":"123456","_fontSize":30,"_lineHeight":30,"_N$file":{"__uuid__":"lznn373b-ebaf-4e57-9974-1fdd6b1b601d"},"_isSystemFontUsed":false,"_N$horizontalAlign":1,"_N$verticalAlign":1},{"__type__":"cc.Widget","node":{"__id__":14},"_alignFlags":8,"_left":35.22}],"_prefab":{"__type__":"cc.PrefabInfo","root":{"__id__":1},"asset":{"__uuid__":"afoAsrI/dIBq53wKwa0X1/"},"fileId":"36xVfEJqpFT4Khwjm7jrg7"},"_color":{"__type__":"cc.Color","r":113,"g":73,"b":40},"_contentSize":{"__type__":"cc.Size","width":96.56,"height":37.8},"_trs":{"__type__":"TypedArray","ctor":"Float64Array","array":[69.5,0,0,0,0,0,1,1,1,1]}},{"__type__":"cc.Node","_name":"bg_label2","_parent":{"__id__":6},"_children":[{"__id__":16},{"__id__":18}],"_components":[{"__type__":"cc.Sprite","node":{"__id__":15},"_materials":[{"__uuid__":"ecpdLyjvZBwrvm+cedCcQy"}],"_spriteFrame":{"__uuid__":"13iM20ZlFFUpFt3CZW7HpS"},"_type":1,"_sizeMode":0}],"_prefab":{"__type__":"cc.PrefabInfo","root":{"__id__":1},"asset":{"__uuid__":"afoAsrI/dIBq53wKwa0X1/"},"fileId":"ca571h8CNLxbKkZfE6GnXE"},"_contentSize":{"__type__":"cc.Size","width":475,"height":100},"_trs":{"__type__":"TypedArray","ctor":"Float64Array","array":[-250,50,0,0,0,0,1,1,1,1]}},{"__type__":"cc.Node","_name":"bg_query","_parent":{"__id__":15},"_children":[{"__id__":17}],"_components":[{"__type__":"cc.Sprite","node":{"__id__":16},"_materials":[{"__uuid__":"ecpdLyjvZBwrvm+cedCcQy"}],"_spriteFrame":{"__uuid__":"c5bm5/ZmlL17wrwaK6gYN8"}}],"_prefab":{"__type__":"cc.PrefabInfo","root":{"__id__":1},"asset":{"__uuid__":"afoAsrI/dIBq53wKwa0X1/"},"fileId":"462hdsBhtIh4qr3GzUxva4"},"_contentSize":{"__type__":"cc.Size","width":224,"height":43},"_trs":{"__type__":"TypedArray","ctor":"Float64Array","array":[-87,0,0,0,0,0,1,1,1,1]}},{"__type__":"cc.Node","_name":"label","_parent":{"__id__":16},"_components":[{"__type__":"cc.Label","node":{"__id__":17},"_materials":[{"__uuid__":"ecpdLyjvZBwrvm+cedCcQy"}],"_useOriginalSize":false,"_string":"房间人数：","_N$string":"房间人数：","_fontSize":26,"_lineHeight":35,"_N$file":{"__uuid__":"lznn373b-ebaf-4e57-9974-1fdd6b1b601d"},"_isSystemFontUsed":false,"_N$horizontalAlign":1,"_N$verticalAlign":1}],"_prefab":{"__type__":"cc.PrefabInfo","root":{"__id__":1},"asset":{"__uuid__":"afoAsrI/dIBq53wKwa0X1/"},"fileId":"43bfJNuNJCcpFGSxJrnPSe"},"_contentSize":{"__type__":"cc.Size","width":130,"height":44.1},"_trs":{"__type__":"TypedArray","ctor":"Float64Array","array":[0,0,0,0,0,0,1,1,1,1]}},{"__type__":"cc.Node","_name":"lb_count","_parent":{"__id__":15},"_components":[{"__type__":"cc.Label","node":{"__id__":18},"_materials":[{"__uuid__":"ecpdLyjvZBwrvm+cedCcQy"}],"_useOriginalSize":false,"_string":"4人","_N$string":"4人","_fontSize":30,"_lineHeight":30,"_N$file":{"__uuid__":"lznn373b-ebaf-4e57-9974-1fdd6b1b601d"},"_isSystemFontUsed":false,"_N$horizontalAlign":1,"_N$verticalAlign":1},{"__type__":"cc.Widget","node":{"__id__":18},"_alignFlags":8,"_left":292.94500000000005}],"_prefab":{"__type__":"cc.PrefabInfo","root":{"__id__":1},"asset":{"__uuid__":"afoAsrI/dIBq53wKwa0X1/"},"fileId":"c4RgvTwhVC/rJukUlPUC+4"},"_color":{"__type__":"cc.Color","r":113,"g":73,"b":40},"_contentSize":{"__type__":"cc.Size","width":47.11,"height":37.8},"_trs":{"__type__":"TypedArray","ctor":"Float64Array","array":[79.00000000000006,0,0,0,0,0,1,1,1,1]}},{"__type__":"cc.Node","_name":"bg_label3","_parent":{"__id__":6},"_children":[{"__id__":20},{"__id__":22}],"_components":[{"__type__":"cc.Sprite","node":{"__id__":19},"_materials":[{"__uuid__":"ecpdLyjvZBwrvm+cedCcQy"}],"_spriteFrame":{"__uuid__":"13iM20ZlFFUpFt3CZW7HpS"},"_type":1,"_sizeMode":0}],"_prefab":{"__type__":"cc.PrefabInfo","root":{"__id__":1},"asset":{"__uuid__":"afoAsrI/dIBq53wKwa0X1/"},"fileId":"8dSLtDomFMYYypyjO4c9x5"},"_contentSize":{"__type__":"cc.Size","width":475,"height":100},"_trs":{"__type__":"TypedArray","ctor":"Float64Array","array":[249,50,0,0,0,0,1,1,1,1]}},{"__type__":"cc.Node","_name":"bg_query","_parent":{"__id__":19},"_children":[{"__id__":21}],"_components":[{"__type__":"cc.Sprite","node":{"__id__":20},"_materials":[{"__uuid__":"ecpdLyjvZBwrvm+cedCcQy"}],"_spriteFrame":{"__uuid__":"c5bm5/ZmlL17wrwaK6gYN8"}}],"_prefab":{"__type__":"cc.PrefabInfo","root":{"__id__":1},"asset":{"__uuid__":"afoAsrI/dIBq53wKwa0X1/"},"fileId":"c2uE5Zhr9MGYIZL2a5dc76"},"_contentSize":{"__type__":"cc.Size","width":224,"height":43},"_trs":{"__type__":"TypedArray","ctor":"Float64Array","array":[-87,0,0,0,0,0,1,1,1,1]}},{"__type__":"cc.Node","_name":"label","_parent":{"__id__":20},"_components":[{"__type__":"cc.Label","node":{"__id__":21},"_materials":[{"__uuid__":"ecpdLyjvZBwrvm+cedCcQy"}],"_useOriginalSize":false,"_string":"房间局数：","_N$string":"房间局数：","_fontSize":26,"_lineHeight":35,"_N$file":{"__uuid__":"lznn373b-ebaf-4e57-9974-1fdd6b1b601d"},"_isSystemFontUsed":false,"_N$horizontalAlign":1,"_N$verticalAlign":1}],"_prefab":{"__type__":"cc.PrefabInfo","root":{"__id__":1},"asset":{"__uuid__":"afoAsrI/dIBq53wKwa0X1/"},"fileId":"90DAhVgIJF0Zo3B0mGP9+e"},"_contentSize":{"__type__":"cc.Size","width":130,"height":44.1},"_trs":{"__type__":"TypedArray","ctor":"Float64Array","array":[0,0,0,0,0,0,1,1,1,1]}},{"__type__":"cc.Node","_name":"lb_number","_parent":{"__id__":19},"_components":[{"__type__":"cc.Label","node":{"__id__":22},"_materials":[{"__uuid__":"ecpdLyjvZBwrvm+cedCcQy"}],"_useOriginalSize":false,"_string":"8局","_N$string":"8局","_fontSize":30,"_lineHeight":30,"_N$file":{"__uuid__":"lznn373b-ebaf-4e57-9974-1fdd6b1b601d"},"_isSystemFontUsed":false,"_N$horizontalAlign":1,"_N$verticalAlign":1},{"__type__":"cc.Widget","node":{"__id__":22},"_alignFlags":8,"_left":292.94500000000005}],"_prefab":{"__type__":"cc.PrefabInfo","root":{"__id__":1},"asset":{"__uuid__":"afoAsrI/dIBq53wKwa0X1/"},"fileId":"1fxOIBsvtC24guaD2qxJUD"},"_color":{"__type__":"cc.Color","r":113,"g":73,"b":40},"_contentSize":{"__type__":"cc.Size","width":47.11,"height":37.8},"_trs":{"__type__":"TypedArray","ctor":"Float64Array","array":[79.00000000000006,0,0,0,0,0,1,1,1,1]}},{"__type__":"cc.Node","_name":"bg_label4","_parent":{"__id__":6},"_children":[{"__id__":24},{"__id__":26}],"_components":[{"__type__":"cc.Sprite","node":{"__id__":23},"_materials":[{"__uuid__":"ecpdLyjvZBwrvm+cedCcQy"}],"_spriteFrame":{"__uuid__":"13iM20ZlFFUpFt3CZW7HpS"},"_type":1,"_sizeMode":0}],"_prefab":{"__type__":"cc.PrefabInfo","root":{"__id__":1},"asset":{"__uuid__":"afoAsrI/dIBq53wKwa0X1/"},"fileId":"03NWVhVOpAWID7E2a6lV+S"},"_contentSize":{"__type__":"cc.Size","width":980,"height":200},"_trs":{"__type__":"TypedArray","ctor":"Float64Array","array":[0,-120,0,0,0,0,1,1,1,1]}},{"__type__":"cc.Node","_name":"bg_query","_parent":{"__id__":23},"_children":[{"__id__":25}],"_components":[{"__type__":"cc.Sprite","node":{"__id__":24},"_materials":[{"__uuid__":"ecpdLyjvZBwrvm+cedCcQy"}],"_spriteFrame":{"__uuid__":"c5bm5/ZmlL17wrwaK6gYN8"}}],"_prefab":{"__type__":"cc.PrefabInfo","root":{"__id__":1},"asset":{"__uuid__":"afoAsrI/dIBq53wKwa0X1/"},"fileId":"d8LagBsyJAerKKLefo+fIE"},"_contentSize":{"__type__":"cc.Size","width":224,"height":43},"_trs":{"__type__":"TypedArray","ctor":"Float64Array","array":[-340,46,0,0,0,0,1,1,1,1]}},{"__type__":"cc.Node","_name":"label","_parent":{"__id__":24},"_components":[{"__type__":"cc.Label","node":{"__id__":25},"_materials":[{"__uuid__":"ecpdLyjvZBwrvm+cedCcQy"}],"_useOriginalSize":false,"_string":"房间玩法：","_N$string":"房间玩法：","_fontSize":26,"_lineHeight":35,"_N$file":{"__uuid__":"lznn373b-ebaf-4e57-9974-1fdd6b1b601d"},"_isSystemFontUsed":false,"_N$horizontalAlign":1,"_N$verticalAlign":1}],"_prefab":{"__type__":"cc.PrefabInfo","root":{"__id__":1},"asset":{"__uuid__":"afoAsrI/dIBq53wKwa0X1/"},"fileId":"d6N3PLrSNLA7B0+gsczKfm"},"_contentSize":{"__type__":"cc.Size","width":130,"height":44.1},"_trs":{"__type__":"TypedArray","ctor":"Float64Array","array":[0,0,0,0,0,0,1,1,1,1]}},{"__type__":"cc.Node","_name":"lb_play","_parent":{"__id__":23},"_components":[{"__type__":"cc.Label","node":{"__id__":26},"_materials":[{"__uuid__":"ecpdLyjvZBwrvm+cedCcQy"}],"_useOriginalSize":false,"_string":"8局","_N$string":"8局","_fontSize":30,"_lineHeight":30,"_N$file":{"__uuid__":"lznn373b-ebaf-4e57-9974-1fdd6b1b601d"},"_isSystemFontUsed":false,"_N$overflow":2},{"__type__":"cc.Widget","node":{"__id__":26},"_alignFlags":8,"_left":268.40000000000003}],"_prefab":{"__type__":"cc.PrefabInfo","root":{"__id__":1},"asset":{"__uuid__":"afoAsrI/dIBq53wKwa0X1/"},"fileId":"4c5+vu0y9EC6DdHuzKwpcC"},"_color":{"__type__":"cc.Color","r":113,"g":73,"b":40},"_contentSize":{"__type__":"cc.Size","width":700,"height":150},"_trs":{"__type__":"TypedArray","ctor":"Float64Array","array":[128.40000000000003,-14.4,0,0,0,0,1,1,1,1]}},{"__type__":"cc.Node","_name":"btn_close_off","_parent":{"__id__":1},"_components":[{"__type__":"cc.Sprite","node":{"__id__":27},"_materials":[{"__uuid__":"ecpdLyjvZBwrvm+cedCcQy"}],"_spriteFrame":{"__uuid__":"3ay6oa7H5FhZMcyE7OMWci"}},{"__type__":"cc.Button","node":{"__id__":27},"_normalMaterial":{"__uuid__":"ecpdLyjvZBwrvm+cedCcQy"},"zoomScale":0.9,"clickEvents":[{"__type__":"cc.ClickEvent","target":{"__id__":1},"_componentId":"ed071LTqzxGao6WUJT7l9rN","handler":"CloseForm"}],"_N$transition":3,"transition":3,"_N$target":{"__id__":27}}],"_prefab":{"__type__":"cc.PrefabInfo","root":{"__id__":1},"asset":{"__uuid__":"afoAsrI/dIBq53wKwa0X1/"},"fileId":"96Amk0mPtFP4PpBcpK/rv5"},"_contentSize":{"__type__":"cc.Size","width":69,"height":72},"_trs":{"__type__":"TypedArray","ctor":"Float64Array","array":[521.416,266.817,0,0,0,0,1,1,1,1]}}],{"__type__":"cc.SpriteFrame","content":{"name":"personal_id","texture":"adTqmHPJtLz5UehLAvbKOZ","rect":[0,0,28,28],"offset":[0,0],"originalSize":[28,28],"capInsets":[0,0,0,0]}},{"__type__":"cc.SpriteFrame","content":{"name":"bg_query","texture":"1fWOo/AChLdJcFb2L0NSrr","rect":[0,0,224,43],"offset":[0,0],"originalSize":[224,43],"capInsets":[0,0,0,0]}},{"__type__":"cc.SpriteFrame","content":{"name":"title_roominfo","texture":"fayQwVO+FHtYKK5lxCWYgt","rect":[0,0,168,43],"offset":[0,0.5],"originalSize":[168,44],"capInsets":[0,0,0,0]}},{"__type__":"cc.SpriteFrame","content":{"name":"bg_title","texture":"43HbcBGYRA1IzZOE3vMTkw","rect":[0,1,511,82],"offset":[-0.5,0],"originalSize":[512,84],"capInsets":[0,0,0,0]}},{"__type__":"cc.SpriteFrame","content":{"name":"morentouxiang","texture":"lznnc652-0393-4ea1-84d8-1bdd3044f177","rect":[0,0,60,60],"offset":[0,0],"originalSize":[60,60],"capInsets":[0,0,0,0]}},{"__type__":"cc.SpriteFrame","content":{"name":"personal_female","texture":"lznnde54-eaf6-4d65-96a1-a5c75ad9815b","rect":[0,0,17,28],"offset":[0,0],"originalSize":[17,28],"capInsets":[0,0,0,0]}},{"__type__":"cc.SpriteFrame","content":{"name":"bg","texture":"lznn5036-8a0c-4d92-8561-c45e53fa19cc","rect":[0,0,21,63],"offset":[0,0],"originalSize":[21,63],"capInsets":[0,0,0,0]}},{"__type__":"cc.SpriteFrame","content":{"name":"personal_male","texture":"lznn0c77-896c-42ef-a016-1e1aea84b787","rect":[0,0,24,24],"offset":[0,0],"originalSize":[24,24],"capInsets":[0,0,0,0]}}]