{"__type__":"sp.SkeletonData","_name":"sp_effect_ssz","_skeletonJson":{"skeleton":{"hash":"4KgT0lZZvIeoTWfwfyPOWbV+wzg","spine":"3.6.53","width":0,"height":0,"images":"./sp_effect_ssz_ReversePic/"},"bones":[{"name":"root"},{"name":"Ship","parent":"root","x":189.77,"y":133.58},{"name":"Ship2","parent":"root","x":6.47,"y":122.11},{"name":"Ship3","parent":"root","x":-173.71,"y":119.65},{"name":"Zi","parent":"root","x":127.2,"y":-45.08},{"name":"shunzi","parent":"root"},{"name":"shunzi_xian1","parent":"shunzi"},{"name":"position1","parent":"shunzi_xian1"},{"name":"shunzi_xian2","parent":"shunzi"},{"name":"position2","parent":"shunzi_xian2"},{"name":"shunzi_xian3","parent":"shunzi"},{"name":"position3","parent":"shunzi_xian3"},{"name":"shunzi_xian4","parent":"shunzi"},{"name":"position4","parent":"shunzi_xian4"},{"name":"shunzi_xian5","parent":"shunzi"},{"name":"position5","parent":"shunzi_xian5"},{"name":"shunzi_xian6","parent":"shunzi"},{"name":"position6","parent":"shunzi_xian6"},{"name":"shunzi_xian9","parent":"shunzi"},{"name":"position9","parent":"shunzi_xian9"},{"name":"shunzi_xian10","parent":"shunzi"},{"name":"position10","parent":"shunzi_xian10"},{"name":"shunzi_xian11","parent":"shunzi"},{"name":"position11","parent":"shunzi_xian11"},{"name":"sg","parent":"root","scaleX":2,"scaleY":2},{"name":"ship","parent":"Ship","y":-79.58},{"name":"ship2","parent":"Ship2","y":-79.58},{"name":"ship3","parent":"Ship3","y":-79.58},{"name":"shunzi2","parent":"shunzi","rotation":90,"x":-87.65,"scaleX":0.662,"scaleY":0.662},{"name":"shunzi3","parent":"shunzi","rotation":90,"x":-272.43,"scaleX":0.476,"scaleY":0.476},{"name":"shunzi5","parent":"shunzi","rotation":-90,"x":-342.4,"scaleX":0.364,"scaleY":0.364},{"name":"shunzi6","parent":"shunzi","rotation":90,"x":-272.43,"scaleX":0.476,"scaleY":0.476},{"name":"shunzi8","parent":"shunzi","rotation":-90,"x":-180.7,"scaleX":0.576,"scaleY":0.576},{"name":"shunzi10","parent":"shunzi","rotation":90,"x":-87.65,"scaleX":0.662,"scaleY":-0.66},{"name":"water","parent":"root","x":25.25},{"name":"water2","parent":"root","x":25.25},{"name":"water3","parent":"root","x":25.25},{"name":"wind","parent":"Ship","x":70.75,"y":-85.44,"scaleX":2,"scaleY":2},{"name":"wind2","parent":"Ship","x":70.75,"y":-85.44,"scaleX":2,"scaleY":2},{"name":"wind3","parent":"Ship2","x":70.75,"y":-85.44,"scaleX":2,"scaleY":2},{"name":"wind4","parent":"Ship2","x":70.75,"y":-85.44,"scaleX":2,"scaleY":2},{"name":"wind5","parent":"Ship3","x":70.75,"y":-85.44,"scaleX":2,"scaleY":2},{"name":"wind6","parent":"Ship3","x":70.75,"y":-85.44,"scaleX":2,"scaleY":2},{"name":"zi_blur","parent":"Zi","x":79.99,"y":-12.11},{"name":"zi_shunzi","parent":"shunzi"},{"name":"zi_shunzi2","parent":"shunzi"},{"name":"zi_shunzi_mohu","parent":"shunzi","x":-64.48,"y":0.41},{"name":"zi_shunzi_mohu2","parent":"shunzi","x":-64.48,"y":0.41}],"slots":[{"name":"water","bone":"water"},{"name":"water2","bone":"water2","blend":"additive"},{"name":"water3","bone":"water3","blend":"additive"},{"name":"ship","bone":"ship"},{"name":"ship2","bone":"ship2"},{"name":"ship3","bone":"ship3"},{"name":"wind","bone":"wind"},{"name":"wind3","bone":"wind3"},{"name":"wind5","bone":"wind5"},{"name":"wind2","bone":"wind2"},{"name":"wind4","bone":"wind4"},{"name":"wind6","bone":"wind6"},{"name":"zi_blur","bone":"zi_blur"},{"name":"Shunzi/huase7","bone":"shunzi2","color":"ffffffb0","blend":"additive"},{"name":"Shunzi/huase14","bone":"shunzi10","color":"ffffffb0","blend":"additive"},{"name":"Shunzi/huase8","bone":"shunzi3","color":"ffffffb0","blend":"additive"},{"name":"Shunzi/huase11","bone":"shunzi6","color":"ffffffb0","blend":"additive"},{"name":"Shunzi/huase12","bone":"shunzi8","color":"ffffffb0","blend":"additive"},{"name":"Shunzi/huase10","bone":"shunzi5","color":"ffffffb0","blend":"additive"},{"name":"Shunzi/shuizi2","bone":"zi_shunzi_mohu"},{"name":"Shunzi/shuizi","bone":"zi_shunzi"},{"name":"Shunzi/shuizi3","bone":"zi_shunzi_mohu2","blend":"additive"},{"name":"Shunzi/line257","bone":"position1","blend":"additive"},{"name":"Shunzi/line258","bone":"position2","blend":"additive"},{"name":"Shunzi/line259","bone":"position3","blend":"additive"},{"name":"Shunzi/line260","bone":"position4","blend":"additive"},{"name":"Shunzi/line261","bone":"position5","blend":"additive"},{"name":"Shunzi/line262","bone":"position6","blend":"additive"},{"name":"Shunzi/line267","bone":"position11","blend":"additive"},{"name":"Shunzi/line265","bone":"position9","blend":"additive"},{"name":"Shunzi/line266","bone":"position10","blend":"additive"},{"name":"Shunzi/shuizi4","bone":"zi_shunzi2","blend":"additive"},{"name":"sg/sg","bone":"sg","blend":"additive"}],"skins":{"default":{"Shunzi/huase10":{"Shunzi/huase5":{"width":175,"height":174}},"Shunzi/huase11":{"Shunzi/huase3":{"width":171,"height":183},"Shunzi/huase5":{"scaleY":-1,"width":175,"height":174}},"Shunzi/huase12":{"Shunzi/huase4":{"width":176,"height":176}},"Shunzi/huase14":{"Shunzi/huase1":{"width":178,"height":160}},"Shunzi/huase7":{"Shunzi/huase1":{"width":178,"height":160},"Shunzi/huase3":{"width":171,"height":183},"Shunzi/huase5":{"scaleY":-1,"width":175,"height":174}},"Shunzi/huase8":{"Shunzi/huase3":{"width":171,"height":183},"Shunzi/huase5":{"scaleY":-1,"width":175,"height":174}},"Shunzi/line257":{"Shunzi/line0241":{"width":128,"height":126}},"Shunzi/line258":{"Shunzi/line0241":{"width":128,"height":126}},"Shunzi/line259":{"Shunzi/line0241":{"width":128,"height":126}},"Shunzi/line260":{"Shunzi/line0241":{"width":128,"height":126}},"Shunzi/line261":{"Shunzi/line0241":{"width":128,"height":126}},"Shunzi/line262":{"Shunzi/line0241":{"width":128,"height":126}},"Shunzi/line265":{"Shunzi/line0241":{"width":128,"height":126}},"Shunzi/line266":{"Shunzi/line0241":{"width":128,"height":126}},"Shunzi/line267":{"Shunzi/line0241":{"width":128,"height":126}},"Shunzi/shuizi":{"zi":{"width":326,"height":129}},"Shunzi/shuizi2":{"zi2":{"width":458,"height":83}},"Shunzi/shuizi3":{"zi2":{"width":458,"height":83}},"Shunzi/shuizi4":{"zi":{"width":326,"height":129}},"sg/sg":{"sg/sg_00000":{"x":0.5,"width":187,"height":96},"sg/sg_00002":{"x":0.5,"width":187,"height":96},"sg/sg_00004":{"x":0.5,"width":187,"height":96},"sg/sg_00006":{"x":0.5,"width":187,"height":96},"sg/sg_00008":{"x":0.5,"width":187,"height":96},"sg/sg_00010":{"x":0.5,"width":187,"height":96},"sg/sg_00012":{"x":0.5,"width":187,"height":96},"sg/sg_00014":{"x":0.5,"width":187,"height":96},"sg/sg_00016":{"x":0.5,"width":187,"height":96},"sg/sg_00018":{"x":0.5,"width":187,"height":96},"sg/sg_00020":{"x":0.5,"width":187,"height":96}},"ship":{"ship1":{"y":80,"width":292,"height":245},"ship2":{"y":80,"width":292,"height":245},"ship3":{"y":80,"width":292,"height":245},"ship4":{"y":80,"width":292,"height":245}},"ship2":{"ship1":{"y":80,"width":292,"height":245},"ship2":{"y":80,"width":292,"height":245},"ship3":{"y":80,"width":292,"height":245},"ship4":{"y":80,"width":292,"height":245}},"ship3":{"ship1":{"y":80,"width":292,"height":245},"ship2":{"y":80,"width":292,"height":245},"ship3":{"y":80,"width":292,"height":245},"ship4":{"y":80,"width":292,"height":245}},"water":{"water":{"x":0.5,"width":815,"height":100}},"water2":{"water":{"x":0.5,"width":815,"height":100}},"water3":{"water":{"x":0.5,"width":815,"height":100}},"wind":{"wind":{"x":-48.39,"y":0.42,"width":143,"height":10}},"wind2":{"wind":{"x":-48.39,"y":0.42,"width":143,"height":10}},"wind3":{"wind":{"x":-48.39,"y":0.42,"width":143,"height":10}},"wind4":{"wind":{"x":-48.39,"y":0.42,"width":143,"height":10}},"wind5":{"wind":{"x":-48.39,"y":0.42,"width":143,"height":10}},"wind6":{"wind":{"x":-48.39,"y":0.42,"width":143,"height":10}},"zi_blur":{"zi_blur":{"x":-232.3,"y":-10.3,"width":587,"height":173}}}},"animations":{"shunzi":{"slots":{"Shunzi/huase7":{"color":[{"time":0.1667,"color":"ffffff45"},{"time":0.2333,"color":"ffdf88b0"},{"time":0.9333,"color":"ffde8800"}],"attachment":[{"time":0.1667,"name":"Shunzi/huase1"}]},"Shunzi/huase8":{"color":[{"time":0.1,"color":"ffde8845"},{"time":0.1667,"color":"ffdf88b0"},{"time":0.7667,"color":"ffde8800"}],"attachment":[{"time":0.1,"name":"Shunzi/huase3"}]},"Shunzi/huase10":{"color":[{"time":0.0667,"color":"ffde8845"},{"time":0.1333,"color":"ffdf88b0"},{"time":0.6667,"color":"ffde8800"}],"attachment":[{"time":0.0667,"name":"Shunzi/huase5"}]},"Shunzi/huase11":{"color":[{"time":0.1,"color":"ffde8845"},{"time":0.1667,"color":"ffdf88b0"},{"time":0.7667,"color":"ffde8800"}],"attachment":[{"time":0.1,"name":"Shunzi/huase3"}]},"Shunzi/huase12":{"color":[{"time":0.1333,"color":"ffde8846"},{"time":0.2,"color":"ffdf88b0"},{"time":0.8667,"color":"ffde8800"}],"attachment":[{"time":0.1333,"name":"Shunzi/huase4"}]},"Shunzi/huase14":{"color":[{"time":0.0667,"color":"ffffff45"},{"time":0.1333,"color":"ffdf88b0"},{"time":0.5667,"color":"ffde8800"}],"attachment":[{"time":0.0667,"name":"Shunzi/huase1"}]},"Shunzi/line257":{"color":[{"time":0.0333,"color":"ff61241f"},{"time":0.1,"color":"ff6125ff"},{"time":0.7333,"color":"ff602300"}],"attachment":[{"time":0.0333,"name":"Shunzi/line0241"},{"time":0.7667,"name":null}]},"Shunzi/line258":{"color":[{"time":0.0667,"color":"ffb60000"},{"time":0.1333,"color":"ffb600ff","curve":"stepped"},{"time":0.2,"color":"ffb600ff"},{"time":0.6333,"color":"ffb60000"}],"attachment":[{"time":0.0667,"name":"Shunzi/line0241"},{"time":0.6667,"name":null}]},"Shunzi/line259":{"color":[{"time":0.1,"color":"ffb06735"},{"time":0.1667,"color":"ffb267ff","curve":"stepped"},{"time":0.2667,"color":"ffb267ff"},{"time":0.7333,"color":"ffb16700"}],"attachment":[{"time":0.1,"name":"Shunzi/line0241"},{"time":0.7667,"name":null}]},"Shunzi/line260":{"color":[{"time":0.1333,"color":"ffb77f1f"},{"time":0.2,"color":"ffb87fff","curve":"stepped"},{"time":0.3,"color":"ffb87fff"},{"time":0.8333,"color":"ffb67f00"}],"attachment":[{"time":0.1333,"name":"Shunzi/line0241"},{"time":0.8667,"name":null}]},"Shunzi/line261":{"color":[{"time":0.1667,"color":"ffffff12"},{"time":0.2333,"color":"ffffffff","curve":"stepped"},{"time":0.3333,"color":"ffffffff"},{"time":0.9,"color":"ffffff00"}],"attachment":[{"time":0.1667,"name":"Shunzi/line0241"},{"time":0.9333,"name":null}]},"Shunzi/line262":{"color":[{"time":0.2,"color":"ffffff12"},{"time":0.2667,"color":"ffffffff","curve":"stepped"},{"time":0.3667,"color":"ffffffff"},{"time":1,"color":"ffffff00"}],"attachment":[{"time":0.2,"name":"Shunzi/line0241"},{"time":1.0333,"name":null}]},"Shunzi/line265":{"color":[{"time":0.0667,"color":"ffb66500"},{"time":0.1333,"color":"ffb665a2","curve":"stepped"},{"time":0.2333,"color":"ffb665a2"},{"time":0.5,"color":"ffb66500"}],"attachment":[{"time":0.0667,"name":"Shunzi/line0241"},{"time":0.5333,"name":null}]},"Shunzi/line266":{"color":[{"time":0.0667,"color":"ffbd6f32"},{"time":0.1333,"color":"ffbe6fa2","curve":"stepped"},{"time":0.2333,"color":"ffbe6fa2"},{"time":0.6,"color":"ffbd6f00"}],"attachment":[{"time":0.0667,"name":"Shunzi/line0241"},{"time":0.6333,"name":null}]},"Shunzi/line267":{"color":[{"time":0,"color":"ffb73223"},{"time":0.0667,"color":"ffb733e3"},{"time":0.3,"color":"ffb73200"}],"attachment":[{"time":0,"name":"Shunzi/line0241"},{"time":0.3333,"name":null}]},"Shunzi/shuizi":{"color":[{"time":0.1,"color":"ffffff39"},{"time":0.1667,"color":"ffffffff"}],"attachment":[{"time":0.1,"name":"zi"}]},"Shunzi/shuizi2":{"color":[{"time":0.2,"color":"ffffffff"},{"time":0.5,"color":"ffffff00"}],"attachment":[{"time":0,"name":"zi2"},{"time":0.5,"name":null}]},"Shunzi/shuizi3":{"color":[{"time":0.1333,"color":"ffffff6c"},{"time":0.2,"color":"ffffffaf"},{"time":0.5333,"color":"ffffff2d"},{"time":1,"color":"ffffff00"}],"attachment":[{"time":0.1333,"name":"zi2"},{"time":1,"name":null}]},"Shunzi/shuizi4":{"color":[{"time":0.1667,"color":"ffffff4d"},{"time":0.2,"color":"ffffffff"},{"time":0.2667,"color":"ffffff00"}],"attachment":[{"time":0.1667,"name":"zi"}]}},"bones":{"shunzi2":{"translate":[{"time":0.1667,"x":0,"y":0,"curve":[0,0.41,0.75,1]},{"time":0.9333,"x":60.94,"y":0}],"scale":[{"time":0.1667,"x":1,"y":1},{"time":0.9333,"x":0.745,"y":0.745}]},"shunzi3":{"translate":[{"time":0.1,"x":0,"y":0,"curve":[0,0.41,0.75,1]},{"time":0.7667,"x":60.94,"y":0}],"scale":[{"time":0.1,"x":1,"y":1},{"time":0.7667,"x":0.745,"y":0.745}]},"shunzi5":{"translate":[{"time":0.0667,"x":0,"y":0,"curve":[0,0.41,0.75,1]},{"time":0.6667,"x":60.94,"y":0}],"scale":[{"time":0.0667,"x":0.943,"y":0.943},{"time":0.6667,"x":0.724,"y":0.724}]},"shunzi6":{"translate":[{"time":0.1,"x":0,"y":0,"curve":[0,0.41,0.75,1]},{"time":0.7667,"x":60.94,"y":0}],"scale":[{"time":0.1,"x":1,"y":1},{"time":0.7667,"x":0.745,"y":0.745}]},"shunzi8":{"translate":[{"time":0.1333,"x":0,"y":0,"curve":[0,0.41,0.75,1]},{"time":0.8667,"x":60.94,"y":0}],"scale":[{"time":0.1333,"x":1,"y":1},{"time":0.8667,"x":0.745,"y":0.745}]},"shunzi10":{"translate":[{"time":0.0667,"x":-353.5,"y":0,"curve":[0,0.41,0.75,1]},{"time":0.5667,"x":-292.56,"y":0}],"scale":[{"time":0.0667,"x":0.354,"y":-0.404},{"time":0.5667,"x":0.317,"y":-0.327}]},"position1":{"translate":[{"time":0.0333,"x":0,"y":0,"curve":[0.093,0.35,0.75,1]},{"time":0.7333,"x":305.61,"y":0}]},"position2":{"translate":[{"time":0.0667,"x":0,"y":0,"curve":[0.093,0.35,0.75,1]},{"time":0.6333,"x":222.43,"y":0}],"scale":[{"time":0.0667,"x":0.662,"y":0.662}]},"position3":{"translate":[{"time":0.1,"x":0,"y":0,"curve":[0.093,0.35,0.75,1]},{"time":0.7333,"x":222.43,"y":0}],"scale":[{"time":0.1,"x":0.713,"y":0.673}]},"position4":{"translate":[{"time":0.1333,"x":0,"y":0,"curve":[0.093,0.35,0.75,1]},{"time":0.8333,"x":185.8,"y":0}]},"position5":{"translate":[{"time":0.1667,"x":0,"y":0,"curve":[0.093,0.35,0.75,1]},{"time":0.9,"x":185.8,"y":0}],"scale":[{"time":0.1667,"x":0.561,"y":0.968}]},"position6":{"translate":[{"time":0.2,"x":-15.3,"y":0,"curve":[0.093,0.35,0.75,1]},{"time":1,"x":140.99,"y":0}]},"position9":{"translate":[{"time":0.0667,"x":-15.3,"y":0,"curve":[0.093,0.35,0.75,1]},{"time":0.5,"x":293.8,"y":-3.2}],"scale":[{"time":0.0667,"x":0.784,"y":0.765}]},"position10":{"translate":[{"time":0.0667,"x":-15.3,"y":0,"curve":[0.093,0.35,0.75,1]},{"time":0.6,"x":293.8,"y":-3.2}]},"position11":{"translate":[{"time":0,"x":-15.3,"y":0,"curve":[0.093,0.35,0.75,1]},{"time":0.3,"x":258.66,"y":-2.46}],"scale":[{"time":0,"x":0.668,"y":1}]},"zi_shunzi":{"translate":[{"time":0.1,"x":-126.11,"y":0},{"time":0.1667,"x":0,"y":0,"curve":[0,0.42,0.75,1]},{"time":1.0333,"x":52.01,"y":0}]},"zi_shunzi_mohu":{"translate":[{"time":0,"x":-436.62,"y":0},{"time":0.2,"x":-120.64,"y":0},{"time":0.5,"x":0,"y":0}],"scale":[{"time":0,"x":1.277,"y":1},{"time":0.2,"x":1.71,"y":1},{"time":0.5,"x":1,"y":1}]},"zi_shunzi_mohu2":{"translate":[{"time":0,"x":-436.62,"y":0},{"time":0.2,"x":-40.31,"y":0},{"time":1,"x":41.8,"y":0}],"scale":[{"time":0,"x":1.277,"y":1},{"time":0.2,"x":1.189,"y":1},{"time":1,"x":1,"y":1}]},"zi_shunzi2":{"translate":[{"time":0.1667,"x":-1.61,"y":0,"curve":[0.103,0.44,0.559,0.75]},{"time":0.5,"x":33.97,"y":0}]},"shunzi_xian1":{"translate":[{"time":0.0333,"x":-475.44,"y":0}]},"shunzi_xian2":{"translate":[{"time":0.0667,"x":-375.45,"y":18.18}]},"shunzi_xian3":{"translate":[{"time":0.1,"x":-290.83,"y":-42.83}]},"shunzi_xian4":{"translate":[{"time":0.1333,"x":-211.46,"y":36.54}]},"shunzi_xian5":{"translate":[{"time":0.1667,"x":-158.68,"y":-23.52}]},"shunzi_xian6":{"translate":[{"time":0.2,"x":-64.04,"y":4.87}]},"shunzi_xian9":{"rotate":[{"time":0.0667,"angle":1.2}],"translate":[{"time":0.0667,"x":-513.73,"y":28.89}]},"shunzi_xian10":{"rotate":[{"time":0.0667,"angle":1.2}],"translate":[{"time":0.0667,"x":-458.5,"y":-36.47}]},"shunzi_xian11":{"rotate":[{"time":0,"angle":1.2}],"translate":[{"time":0,"x":-688.72,"y":-39.63}]}}},"ssz":{"slots":{"Shunzi/huase7":{"color":[{"time":0.1667,"color":"ffffff45"},{"time":0.2333,"color":"ffdf88b0"},{"time":0.9333,"color":"ffde8800"}],"attachment":[{"time":0.1667,"name":"Shunzi/huase1"}]},"Shunzi/huase8":{"color":[{"time":0.1,"color":"ffde8845"},{"time":0.1667,"color":"ffdf88b0"},{"time":0.7667,"color":"ffde8800"}],"attachment":[{"time":0.1,"name":"Shunzi/huase3"}]},"Shunzi/huase10":{"color":[{"time":0.0667,"color":"ffde8845"},{"time":0.1333,"color":"ffdf88b0"},{"time":0.6667,"color":"ffde8800"}],"attachment":[{"time":0.0667,"name":"Shunzi/huase5"}]},"Shunzi/huase11":{"color":[{"time":0.1,"color":"ffde8845"},{"time":0.1667,"color":"ffdf88b0"},{"time":0.7667,"color":"ffde8800"}],"attachment":[{"time":0.1,"name":"Shunzi/huase3"}]},"Shunzi/huase12":{"color":[{"time":0.1333,"color":"ffde8846"},{"time":0.2,"color":"ffdf88b0"},{"time":0.8667,"color":"ffde8800"}],"attachment":[{"time":0.1333,"name":"Shunzi/huase4"}]},"Shunzi/huase14":{"color":[{"time":0.0667,"color":"ffffff45"},{"time":0.1333,"color":"ffdf88b0"},{"time":0.5667,"color":"ffde8800"}],"attachment":[{"time":0.0667,"name":"Shunzi/huase1"}]},"Shunzi/line257":{"color":[{"time":0.0333,"color":"ff61241f"},{"time":0.1,"color":"ff6125ff"},{"time":0.7333,"color":"ff602300"}],"attachment":[{"time":0.0333,"name":"Shunzi/line0241"},{"time":0.7667,"name":null}]},"Shunzi/line258":{"color":[{"time":0.0667,"color":"ffb60000"},{"time":0.1333,"color":"ffb600ff","curve":"stepped"},{"time":0.2,"color":"ffb600ff"},{"time":0.6333,"color":"ffb60000"}],"attachment":[{"time":0.0667,"name":"Shunzi/line0241"},{"time":0.6667,"name":null}]},"Shunzi/line259":{"color":[{"time":0.1,"color":"ffb06735"},{"time":0.1667,"color":"ffb267ff","curve":"stepped"},{"time":0.2667,"color":"ffb267ff"},{"time":0.7333,"color":"ffb16700"}],"attachment":[{"time":0.1,"name":"Shunzi/line0241"},{"time":0.7667,"name":null}]},"Shunzi/line260":{"color":[{"time":0.1333,"color":"ffb77f1f"},{"time":0.2,"color":"ffb87fff","curve":"stepped"},{"time":0.3,"color":"ffb87fff"},{"time":0.8333,"color":"ffb67f00"}],"attachment":[{"time":0.1333,"name":"Shunzi/line0241"},{"time":0.8667,"name":null}]},"Shunzi/line261":{"color":[{"time":0.1667,"color":"ffffff12"},{"time":0.2333,"color":"ffffffff","curve":"stepped"},{"time":0.3333,"color":"ffffffff"},{"time":0.9,"color":"ffffff00"}],"attachment":[{"time":0.1667,"name":"Shunzi/line0241"},{"time":0.9333,"name":null}]},"Shunzi/line262":{"color":[{"time":0.2,"color":"ffffff12"},{"time":0.2667,"color":"ffffffff","curve":"stepped"},{"time":0.3667,"color":"ffffffff"},{"time":1,"color":"ffffff00"}],"attachment":[{"time":0.2,"name":"Shunzi/line0241"},{"time":1.0333,"name":null}]},"Shunzi/line265":{"color":[{"time":0.0667,"color":"ffb66500"},{"time":0.1333,"color":"ffb665a2","curve":"stepped"},{"time":0.2333,"color":"ffb665a2"},{"time":0.5,"color":"ffb66500"}],"attachment":[{"time":0.0667,"name":"Shunzi/line0241"},{"time":0.5333,"name":null}]},"Shunzi/line266":{"color":[{"time":0.0667,"color":"ffbd6f32"},{"time":0.1333,"color":"ffbe6fa2","curve":"stepped"},{"time":0.2333,"color":"ffbe6fa2"},{"time":0.6,"color":"ffbd6f00"}],"attachment":[{"time":0.0667,"name":"Shunzi/line0241"},{"time":0.6333,"name":null}]},"Shunzi/line267":{"color":[{"time":0,"color":"ffb73223"},{"time":0.0667,"color":"ffb733e3"},{"time":0.3,"color":"ffb73200"}],"attachment":[{"time":0,"name":"Shunzi/line0241"},{"time":0.3333,"name":null}]},"Shunzi/shuizi":{"color":[{"time":0.1,"color":"ffffff39"},{"time":0.1667,"color":"ffffffff"}],"attachment":[{"time":0.1,"name":"zi"}]},"Shunzi/shuizi2":{"color":[{"time":0,"color":"ffffffff"},{"time":0.2,"color":"ffe6abff"},{"time":0.5,"color":"ffe6ab00"}],"attachment":[{"time":0,"name":"zi2"},{"time":0.5,"name":null}]},"Shunzi/shuizi3":{"color":[{"time":0.1333,"color":"ffffff6c"},{"time":0.2,"color":"ffffffaf"},{"time":0.5333,"color":"ffffff2d"},{"time":1,"color":"ffffff00"}],"attachment":[{"time":0.1333,"name":"zi2"},{"time":1,"name":null}]},"Shunzi/shuizi4":{"color":[{"time":0.1667,"color":"ffffff4d"},{"time":0.2,"color":"ffffffff"},{"time":0.2667,"color":"ffffff00"}],"attachment":[{"time":0.1667,"name":"zi"}]},"sg/sg":{"attachment":[{"time":1,"name":"sg/sg_00000"},{"time":1.1,"name":"sg/sg_00002"},{"time":1.2,"name":"sg/sg_00004"},{"time":1.3,"name":"sg/sg_00006"},{"time":1.4,"name":"sg/sg_00008"},{"time":1.5,"name":"sg/sg_00010"},{"time":1.6,"name":"sg/sg_00012"},{"time":1.7,"name":"sg/sg_00014"},{"time":1.8,"name":"sg/sg_00016"},{"time":1.9,"name":"sg/sg_00018"},{"time":2,"name":"sg/sg_00020"},{"time":2.1,"name":null}]},"ship":{"color":[{"time":0.0667,"color":"ffffff00"},{"time":0.5,"color":"ffffffff"}],"attachment":[{"time":0.0667,"name":"ship1"},{"time":0.2333,"name":"ship2"},{"time":0.4,"name":"ship3"},{"time":0.5667,"name":"ship4"},{"time":0.7333,"name":"ship1"},{"time":0.9,"name":"ship2"},{"time":1.0667,"name":"ship3"},{"time":1.2333,"name":"ship4"},{"time":1.4,"name":"ship1"},{"time":1.5667,"name":"ship2"},{"time":1.7333,"name":"ship3"},{"time":1.9,"name":"ship4"},{"time":2.0667,"name":"ship1"},{"time":2.2333,"name":"ship2"},{"time":2.4,"name":"ship3"},{"time":2.5667,"name":"ship4"}]},"ship2":{"color":[{"time":0.1333,"color":"ffffff00"},{"time":0.5667,"color":"ffffffff"}],"attachment":[{"time":0.1333,"name":"ship1"},{"time":0.3,"name":"ship2"},{"time":0.4667,"name":"ship3"},{"time":0.6333,"name":"ship4"},{"time":0.8,"name":"ship1"},{"time":0.9667,"name":"ship2"},{"time":1.1333,"name":"ship3"},{"time":1.3,"name":"ship4"},{"time":1.4667,"name":"ship1"},{"time":1.6333,"name":"ship2"},{"time":1.8,"name":"ship3"},{"time":1.9667,"name":"ship4"},{"time":2.1333,"name":"ship1"},{"time":2.3,"name":"ship2"},{"time":2.4667,"name":"ship3"},{"time":2.6333,"name":"ship4"}]},"ship3":{"color":[{"time":0.2333,"color":"ffffff00"},{"time":0.6667,"color":"ffffffff"}],"attachment":[{"time":0.2333,"name":"ship1"},{"time":0.4,"name":"ship2"},{"time":0.5667,"name":"ship3"},{"time":0.7333,"name":"ship4"},{"time":0.9,"name":"ship1"},{"time":1.0667,"name":"ship2"},{"time":1.2333,"name":"ship3"},{"time":1.4,"name":"ship4"},{"time":1.5667,"name":"ship1"},{"time":1.7333,"name":"ship2"},{"time":1.9,"name":"ship3"},{"time":2.0667,"name":"ship4"},{"time":2.2333,"name":"ship1"},{"time":2.4,"name":"ship2"},{"time":2.5667,"name":"ship3"}]},"water":{"color":[{"time":0,"color":"ffffff21"},{"time":0.3333,"color":"ffffffff"}],"attachment":[{"time":0,"name":"water"}]},"water2":{"color":[{"time":0.3333,"color":"ffffff00"},{"time":1,"color":"ffffffff","curve":"stepped"},{"time":1.3333,"color":"ffffffff"},{"time":2,"color":"ffffff00"}],"attachment":[{"time":0.3333,"name":"water"}]},"water3":{"color":[{"time":1,"color":"ffffff00"},{"time":1.6667,"color":"ffffffff","curve":"stepped"},{"time":2,"color":"ffffffff"},{"time":2.6667,"color":"ffffff00"}],"attachment":[{"time":1,"name":"water"}]},"wind":{"color":[{"time":0.5,"color":"ffffff00","curve":[0,0.19,0.75,1]},{"time":1,"color":"ffffff7a","curve":[0.25,0,1,0.81]},{"time":1.5,"color":"ffffff00"}],"attachment":[{"time":0.5,"name":"wind"}]},"wind2":{"color":[{"time":1.5,"color":"ffffff00","curve":[0,0.19,0.75,1]},{"time":2,"color":"ffffffff","curve":[0.25,0,1,0.81]},{"time":2.5,"color":"ffffff00"}],"attachment":[{"time":1.5,"name":"wind"}]},"wind3":{"color":[{"time":0.5667,"color":"ffffff00","curve":[0,0.19,0.75,1]},{"time":1.0667,"color":"ffffff7a","curve":[0.25,0,1,0.81]},{"time":1.5667,"color":"ffffff00"}],"attachment":[{"time":0.5667,"name":"wind"}]},"wind4":{"color":[{"time":1.5667,"color":"ffffff00","curve":[0,0.19,0.75,1]},{"time":2.0667,"color":"ffffffff","curve":[0.25,0,1,0.81]},{"time":2.5667,"color":"ffffff00"}],"attachment":[{"time":1.5667,"name":"wind"}]},"wind5":{"color":[{"time":0.6667,"color":"ffffff00","curve":[0,0.19,0.75,1]},{"time":1.1667,"color":"ffffff7a","curve":[0.25,0,1,0.81]},{"time":1.6667,"color":"ffffff00"}],"attachment":[{"time":0.6667,"name":"wind"}]},"wind6":{"color":[{"time":1.6667,"color":"ffffff00","curve":[0,0.19,0.75,1]},{"time":2.1667,"color":"ffffffff","curve":[0.25,0,1,0.81]},{"time":2.6667,"color":"ffffff00"}],"attachment":[{"time":1.6667,"name":"wind"}]},"zi_blur":{"attachment":[{"time":0,"name":"zi_blur"}]}},"bones":{"shunzi2":{"translate":[{"time":0.1667,"x":-12.22,"y":0,"curve":[0,0.41,0.75,1]},{"time":0.9333,"x":48.72,"y":0}],"scale":[{"time":0.1667,"x":1,"y":1},{"time":0.9333,"x":0.745,"y":0.745}]},"shunzi3":{"translate":[{"time":0.1,"x":0,"y":0,"curve":[0,0.41,0.75,1]},{"time":0.7667,"x":60.94,"y":0}],"scale":[{"time":0.1,"x":1,"y":1},{"time":0.7667,"x":0.745,"y":0.745}]},"shunzi5":{"translate":[{"time":0.0667,"x":0,"y":0,"curve":[0,0.41,0.75,1]},{"time":0.6667,"x":60.94,"y":0}],"scale":[{"time":0.0667,"x":0.943,"y":0.943},{"time":0.6667,"x":0.724,"y":0.724}]},"shunzi6":{"translate":[{"time":0.1,"x":0,"y":0,"curve":[0,0.41,0.75,1]},{"time":0.7667,"x":60.94,"y":0}],"scale":[{"time":0.1,"x":1,"y":1},{"time":0.7667,"x":0.745,"y":0.745}]},"shunzi8":{"translate":[{"time":0.1333,"x":-12.22,"y":0,"curve":[0,0.41,0.75,1]},{"time":0.8667,"x":48.72,"y":0}],"scale":[{"time":0.1333,"x":1,"y":1},{"time":0.8667,"x":0.745,"y":0.745}]},"shunzi10":{"translate":[{"time":0.0667,"x":-353.5,"y":0,"curve":[0,0.41,0.75,1]},{"time":0.5667,"x":-292.56,"y":0}],"scale":[{"time":0.0667,"x":0.354,"y":-0.404},{"time":0.5667,"x":0.317,"y":-0.327}]},"position1":{"translate":[{"time":0.0333,"x":0,"y":0,"curve":[0.093,0.35,0.75,1]},{"time":0.7333,"x":305.61,"y":0}]},"position2":{"translate":[{"time":0.0667,"x":0,"y":0,"curve":[0.093,0.35,0.75,1]},{"time":0.6333,"x":222.43,"y":0}],"scale":[{"time":0.0667,"x":0.662,"y":0.662}]},"position3":{"translate":[{"time":0.1,"x":0,"y":0,"curve":[0.093,0.35,0.75,1]},{"time":0.7333,"x":222.43,"y":0}],"scale":[{"time":0.1,"x":0.713,"y":0.673}]},"position4":{"translate":[{"time":0.1333,"x":0,"y":0,"curve":[0.093,0.35,0.75,1]},{"time":0.8333,"x":185.8,"y":0}]},"position5":{"translate":[{"time":0.1667,"x":0,"y":0,"curve":[0.093,0.35,0.75,1]},{"time":0.9,"x":185.8,"y":0}],"scale":[{"time":0.1667,"x":0.561,"y":0.968}]},"position6":{"translate":[{"time":0.2,"x":-15.3,"y":0,"curve":[0.093,0.35,0.75,1]},{"time":1,"x":140.99,"y":0}]},"position9":{"translate":[{"time":0.0667,"x":-15.3,"y":0,"curve":[0.093,0.35,0.75,1]},{"time":0.5,"x":293.8,"y":-3.2}],"scale":[{"time":0.0667,"x":0.784,"y":0.765}]},"position10":{"translate":[{"time":0.0667,"x":-15.3,"y":0,"curve":[0.093,0.35,0.75,1]},{"time":0.6,"x":293.8,"y":-3.2}]},"position11":{"translate":[{"time":0,"x":-15.3,"y":0,"curve":[0.093,0.35,0.75,1]},{"time":0.3,"x":258.66,"y":-2.46}],"scale":[{"time":0,"x":0.668,"y":1}]},"zi_shunzi":{"translate":[{"time":0.1,"x":-126.11,"y":0},{"time":0.1667,"x":0,"y":0,"curve":[0,0.42,0.75,1]},{"time":1.0333,"x":46.1,"y":0}],"scale":[{"time":0.1,"x":0.608,"y":0.608}]},"zi_shunzi_mohu":{"translate":[{"time":0,"x":-436.62,"y":-5.13},{"time":0.2,"x":-172.74,"y":-2.46},{"time":0.5,"x":0,"y":-1.64}],"scale":[{"time":0,"x":1.277,"y":1.14},{"time":0.2,"x":2.022,"y":1.14},{"time":0.5,"x":1,"y":1.136}]},"zi_shunzi_mohu2":{"translate":[{"time":0,"x":-436.62,"y":0},{"time":0.2,"x":-40.31,"y":0},{"time":1,"x":41.8,"y":0}],"scale":[{"time":0,"x":1.277,"y":1},{"time":0.2,"x":1.189,"y":1.145},{"time":1,"x":1,"y":1.145}]},"zi_shunzi2":{"translate":[{"time":0.1667,"x":-1.61,"y":0,"curve":[0.103,0.44,0.559,0.75]},{"time":0.5,"x":33.97,"y":0}],"scale":[{"time":0.1667,"x":0.608,"y":0.608}]},"sg":{"translate":[{"time":1,"x":128.42,"y":-31.49}]},"ship":{"shear":[{"time":0.0667,"x":0,"y":0,"curve":[0,0.2,0.75,1]},{"time":0.5,"x":0,"y":2.4,"curve":[0.25,0,0.75,1]},{"time":0.6667,"x":0,"y":-1.2,"curve":[0.25,0,0.75,1]},{"time":0.8333,"x":0,"y":1.2,"curve":[0.25,0,0.75,1]},{"time":1,"x":0,"y":0}]},"ship2":{"shear":[{"time":0.1333,"x":0,"y":0,"curve":[0,0.2,0.75,1]},{"time":0.5667,"x":0,"y":2.4,"curve":[0.25,0,0.75,1]},{"time":0.7333,"x":0,"y":-1.2,"curve":[0.25,0,0.75,1]},{"time":0.9,"x":0,"y":1.2,"curve":[0.25,0,0.75,1]},{"time":1.0667,"x":0,"y":0}]},"ship3":{"shear":[{"time":0.2333,"x":0,"y":0,"curve":[0,0.2,0.75,1]},{"time":0.6667,"x":0,"y":2.4,"curve":[0.25,0,0.75,1]},{"time":0.8333,"x":0,"y":-1.2,"curve":[0.25,0,0.75,1]},{"time":1,"x":0,"y":1.2,"curve":[0.25,0,0.75,1]},{"time":1.1667,"x":0,"y":0}]},"water":{"scale":[{"time":0,"x":0.801,"y":0.801,"curve":[0,0.19,0.75,1]},{"time":0.3333,"x":1,"y":1}]},"water2":{"scale":[{"time":0.3333,"x":0.679,"y":0.679,"curve":[0,0.2,0.75,1]},{"time":2,"x":1.084,"y":1.084}]},"water3":{"scale":[{"time":1,"x":0.679,"y":0.679,"curve":[0,0.2,0.75,1]},{"time":2.6667,"x":1.084,"y":1.084}]},"wind":{"translate":[{"time":0.5,"x":9.2,"y":0},{"time":1.5,"x":-32.54,"y":0}],"scale":[{"time":0.5,"x":0.941,"y":1.644}]},"wind2":{"translate":[{"time":1.5,"x":9.2,"y":0},{"time":2.5,"x":-32.54,"y":0}],"scale":[{"time":1.5,"x":0.941,"y":1.644}]},"wind3":{"translate":[{"time":0.5667,"x":9.2,"y":0},{"time":1.5667,"x":-32.54,"y":0}],"scale":[{"time":0.5667,"x":0.941,"y":1.644}]},"wind4":{"translate":[{"time":1.5667,"x":9.2,"y":0},{"time":2.5667,"x":-32.54,"y":0}],"scale":[{"time":1.5667,"x":0.941,"y":1.644}]},"wind5":{"translate":[{"time":0.6667,"x":9.2,"y":0},{"time":1.6667,"x":-32.54,"y":0}],"scale":[{"time":0.6667,"x":0.941,"y":1.644}]},"wind6":{"translate":[{"time":1.6667,"x":9.2,"y":0},{"time":2.6667,"x":-32.54,"y":0}],"scale":[{"time":1.6667,"x":0.941,"y":1.644}]},"zi_blur":{"translate":[{"time":0,"x":-176.7,"y":0},{"time":0.1667,"x":-62.79,"y":0,"curve":[0,0.39,0.75,1]},{"time":1.0333,"x":0,"y":0}],"scale":[{"time":0,"x":1.26,"y":1},{"time":0.1667,"x":1.362,"y":1,"curve":[0,0.31,0.75,1]},{"time":1.0333,"x":1,"y":1}]},"Zi":{"translate":[{"time":0,"x":-606.98,"y":0,"curve":[0,0.39,0.75,1]},{"time":0.1667,"x":0,"y":0}]},"Ship":{"translate":[{"time":0.0667,"x":-72.98,"y":0,"curve":[0,0.21,0.75,1]},{"time":0.5,"x":0,"y":0}]},"Ship2":{"translate":[{"time":0.1333,"x":-72.98,"y":0,"curve":[0,0.21,0.75,1]},{"time":0.5667,"x":0,"y":0}]},"Ship3":{"translate":[{"time":0.2333,"x":-72.98,"y":0,"curve":[0,0.21,0.75,1]},{"time":0.6667,"x":0,"y":0}]},"shunzi_xian11":{"rotate":[{"time":0,"angle":1.2}],"translate":[{"time":0,"x":-688.72,"y":-39.63}]},"shunzi_xian1":{"translate":[{"time":0.0333,"x":-475.44,"y":0}]},"shunzi_xian2":{"translate":[{"time":0.0667,"x":-375.45,"y":18.18}]},"shunzi_xian9":{"rotate":[{"time":0.0667,"angle":1.2}],"translate":[{"time":0.0667,"x":-513.73,"y":28.89}]},"shunzi_xian10":{"rotate":[{"time":0.0667,"angle":1.2}],"translate":[{"time":0.0667,"x":-458.5,"y":-36.47}]},"shunzi_xian3":{"translate":[{"time":0.1,"x":-290.83,"y":-42.83}]},"shunzi_xian4":{"translate":[{"time":0.1333,"x":-211.46,"y":36.54}]},"shunzi_xian5":{"translate":[{"time":0.1667,"x":-158.68,"y":-23.52}]},"shunzi_xian6":{"translate":[{"time":0.2,"x":-64.04,"y":4.87}]},"shunzi":{"translate":[{"time":0,"x":53.05,"y":-44.39}],"scale":[{"time":0,"x":1.637,"y":1.637}]}}}}},"_atlasText":"\nsp_effect_ssz.png\nsize: 1008,1006\nformat: RGBA8888\nfilter: Linear,Linear\nrepeat: none\nShunzi/huase1\n  rotate: true\n  xy: 590, 212\n  size: 178, 160\n  orig: 178, 160\n  offset: 0, 0\n  index: -1\nShunzi/huase3\n  rotate: false\n  xy: 543, 490\n  size: 171, 183\n  orig: 171, 183\n  offset: 0, 0\n  index: -1\nShunzi/huase4\n  rotate: false\n  xy: 590, 34\n  size: 176, 176\n  orig: 176, 176\n  offset: 0, 0\n  index: -1\nShunzi/huase5\n  rotate: true\n  xy: 716, 498\n  size: 175, 174\n  orig: 175, 174\n  offset: 0, 0\n  index: -1\nShunzi/line0241\n  rotate: true\n  xy: 866, 167\n  size: 128, 126\n  orig: 128, 126\n  offset: 0, 0\n  index: -1\nsg/sg_00000\n  rotate: false\n  xy: 2, 52\n  size: 187, 96\n  orig: 187, 96\n  offset: 0, 0\n  index: -1\nsg/sg_00002\n  rotate: false\n  xy: 819, 908\n  size: 187, 96\n  orig: 187, 96\n  offset: 0, 0\n  index: -1\nsg/sg_00004\n  rotate: false\n  xy: 591, 675\n  size: 187, 96\n  orig: 187, 96\n  offset: 0, 0\n  index: -1\nsg/sg_00006\n  rotate: false\n  xy: 543, 392\n  size: 187, 96\n  orig: 187, 96\n  offset: 0, 0\n  index: -1\nsg/sg_00008\n  rotate: false\n  xy: 780, 675\n  size: 187, 96\n  orig: 187, 96\n  offset: 0, 0\n  index: -1\nsg/sg_00010\n  rotate: true\n  xy: 892, 486\n  size: 187, 96\n  orig: 187, 96\n  offset: 0, 0\n  index: -1\nsg/sg_00012\n  rotate: true\n  xy: 752, 309\n  size: 187, 96\n  orig: 187, 96\n  offset: 0, 0\n  index: -1\nsg/sg_00014\n  rotate: true\n  xy: 850, 297\n  size: 187, 96\n  orig: 187, 96\n  offset: 0, 0\n  index: -1\nsg/sg_00016\n  rotate: false\n  xy: 191, 5\n  size: 187, 96\n  orig: 187, 96\n  offset: 0, 0\n  index: -1\nsg/sg_00018\n  rotate: false\n  xy: 380, 5\n  size: 187, 96\n  orig: 187, 96\n  offset: 0, 0\n  index: -1\nsg/sg_00020\n  rotate: true\n  xy: 768, 108\n  size: 187, 96\n  orig: 187, 96\n  offset: 0, 0\n  index: -1\nship1\n  rotate: false\n  xy: 2, 397\n  size: 292, 245\n  orig: 292, 245\n  offset: 0, 0\n  index: -1\nship2\n  rotate: false\n  xy: 2, 150\n  size: 292, 245\n  orig: 292, 245\n  offset: 0, 0\n  index: -1\nship3\n  rotate: true\n  xy: 296, 350\n  size: 292, 245\n  orig: 292, 245\n  offset: 0, 0\n  index: -1\nship4\n  rotate: false\n  xy: 296, 103\n  size: 292, 245\n  orig: 292, 245\n  offset: 0, 0\n  index: -1\nwater\n  rotate: false\n  xy: 2, 904\n  size: 815, 100\n  orig: 815, 100\n  offset: 0, 0\n  index: -1\nwind\n  rotate: false\n  xy: 2, 40\n  size: 143, 10\n  orig: 143, 10\n  offset: 0, 0\n  index: -1\nzi\n  rotate: false\n  xy: 591, 773\n  size: 326, 129\n  orig: 326, 129\n  offset: 0, 0\n  index: -1\nzi2\n  rotate: false\n  xy: 2, 644\n  size: 458, 83\n  orig: 458, 83\n  offset: 0, 0\n  index: -1\nzi_blur\n  rotate: false\n  xy: 2, 729\n  size: 587, 173\n  orig: 587, 173\n  offset: 0, 0\n  index: -1\n","textures":[{"__uuid__":"e9wwA7ZMlB97O1cc/k3MsG"}],"textureNames":["sp_effect_ssz.png"]}