{"__type__":"sp.SkeletonData","_name":"sp_effect_wdcs","_skeletonJson":{"skeleton":{"hash":"2aBaYgOK8snQ9S8y9zBqFUxF9kE","spine":"3.6.53","width":0,"height":0,"images":"./sp_effect_wdcs_ReversePic/"},"bones":[{"name":"root"},{"name":"base1","parent":"root","x":-96.15,"y":6.47},{"name":"base2","parent":"root","x":226.98,"y":17.09},{"name":"hu","parent":"root","x":405.38,"y":53.03},{"name":"hu2","parent":"root","x":405.38,"y":53.03},{"name":"light","parent":"root","x":37.27,"y":81.78},{"name":"long","parent":"root","x":-239.26,"y":60.7},{"name":"long2","parent":"root","x":-239.26,"y":60.7},{"name":"ray","parent":"root","rotation":43.42,"x":80.49,"y":19.49},{"name":"ray2","parent":"root","rotation":43.42,"x":80.49,"y":19.49},{"name":"ray3","parent":"root","rotation":43.42,"x":80.49,"y":19.49},{"name":"ray4","parent":"root","rotation":43.42,"x":80.49,"y":19.49},{"name":"sd","parent":"root","x":178.62,"y":-35.2},{"name":"sd2","parent":"root","x":178.62,"y":-35.2},{"name":"sd3","parent":"root","x":178.62,"y":-35.2},{"name":"sd4","parent":"root","x":178.62,"y":-35.2},{"name":"sd5","parent":"root","x":178.62,"y":-35.2},{"name":"sd6","parent":"root","x":178.62,"y":-35.2},{"name":"sd7","parent":"root","x":178.62,"y":-35.2},{"name":"sd8","parent":"root","x":178.62,"y":-35.2},{"name":"sd9","parent":"root","x":178.62,"y":-35.2},{"name":"sd10","parent":"root","x":178.62,"y":-35.2},{"name":"sd11","parent":"root","x":178.62,"y":-35.2},{"name":"sd12","parent":"root","x":178.62,"y":-35.2},{"name":"zi","parent":"root","x":-43.47,"y":40.76},{"name":"zi2","parent":"root","x":178.62,"y":-35.2},{"name":"zi3","parent":"root","x":-43.47,"y":40.76},{"name":"zi4","parent":"root","x":178.62,"y":-35.2}],"slots":[{"name":"light","bone":"light"},{"name":"base2","bone":"base2"},{"name":"base1","bone":"base1"},{"name":"ray4","bone":"ray4","blend":"additive"},{"name":"long","bone":"long"},{"name":"long2","bone":"long2","blend":"additive"},{"name":"hu","bone":"hu"},{"name":"hu2","bone":"hu2","blend":"additive"},{"name":"zi1","bone":"zi"},{"name":"zi3","bone":"zi3","blend":"additive"},{"name":"zi2","bone":"zi2"},{"name":"zi4","bone":"zi4","blend":"additive"},{"name":"ray","bone":"ray","blend":"additive"},{"name":"ray2","bone":"ray2","blend":"additive"},{"name":"ray3","bone":"ray3","blend":"additive"},{"name":"sd/sd","bone":"sd","blend":"additive"},{"name":"sd/sd8","bone":"sd8","blend":"additive"},{"name":"sd/sd2","bone":"sd2","blend":"additive"},{"name":"sd/sd3","bone":"sd3","blend":"additive"},{"name":"sd/sd4","bone":"sd4","blend":"additive"},{"name":"sd/sd7","bone":"sd7","blend":"additive"},{"name":"sd/sd9","bone":"sd9","blend":"additive"},{"name":"sd/sd5","bone":"sd5","blend":"additive"},{"name":"sd/sd10","bone":"sd10","blend":"additive"},{"name":"sd/sd11","bone":"sd11","blend":"additive"},{"name":"sd/sd12","bone":"sd12","blend":"additive"},{"name":"sd/sd6","bone":"sd6","blend":"additive"}],"skins":{"default":{"base1":{"base1":{"x":0.5,"y":0.5,"scaleX":2,"scaleY":2,"width":235,"height":99}},"base2":{"base2":{"x":0.5,"y":0.5,"scaleX":2,"scaleY":2,"width":235,"height":90}},"hu":{"hu":{"width":301,"height":262}},"hu2":{"hu":{"width":301,"height":262}},"light":{"light":{"y":0.5,"scaleX":2,"scaleY":2,"width":235,"height":238}},"long":{"long":{"y":0.5,"width":278,"height":287}},"long2":{"long":{"y":0.5,"width":278,"height":287}},"ray":{"ray":{"x":29.58,"y":11.93,"width":398,"height":140}},"ray2":{"ray":{"x":29.58,"y":11.93,"width":398,"height":140}},"ray3":{"ray":{"x":29.58,"y":11.93,"width":398,"height":140}},"ray4":{"ray":{"x":29.58,"y":11.93,"width":398,"height":140}},"sd/sd":{"sd/sd_00000":{"y":0.5,"width":104,"height":222},"sd/sd_00001":{"y":0.5,"width":104,"height":222},"sd/sd_00002":{"y":0.5,"width":104,"height":222},"sd/sd_00003":{"y":0.5,"width":104,"height":222},"sd/sd_00004":{"y":0.5,"width":104,"height":222},"sd/sd_00005":{"y":0.5,"width":104,"height":222},"sd/sd_00006":{"y":0.5,"width":104,"height":222},"sd/sd_00007":{"y":0.5,"width":104,"height":222},"sd/sd_00008":{"y":0.5,"width":104,"height":222},"sd/sd_00009":{"y":0.5,"width":104,"height":222},"sd/sd_00010":{"y":0.5,"width":104,"height":222}},"sd/sd10":{"sd/sd_00000":{"y":0.5,"width":104,"height":222},"sd/sd_00001":{"y":0.5,"width":104,"height":222},"sd/sd_00002":{"y":0.5,"width":104,"height":222},"sd/sd_00003":{"y":0.5,"width":104,"height":222},"sd/sd_00004":{"y":0.5,"width":104,"height":222},"sd/sd_00005":{"y":0.5,"width":104,"height":222},"sd/sd_00006":{"y":0.5,"width":104,"height":222},"sd/sd_00007":{"y":0.5,"width":104,"height":222},"sd/sd_00008":{"y":0.5,"width":104,"height":222},"sd/sd_00009":{"y":0.5,"width":104,"height":222},"sd/sd_00010":{"y":0.5,"width":104,"height":222}},"sd/sd11":{"sd/sd_00000":{"y":0.5,"width":104,"height":222},"sd/sd_00001":{"y":0.5,"width":104,"height":222},"sd/sd_00002":{"y":0.5,"width":104,"height":222},"sd/sd_00003":{"y":0.5,"width":104,"height":222},"sd/sd_00004":{"y":0.5,"width":104,"height":222},"sd/sd_00005":{"y":0.5,"width":104,"height":222},"sd/sd_00006":{"y":0.5,"width":104,"height":222},"sd/sd_00007":{"y":0.5,"width":104,"height":222},"sd/sd_00008":{"y":0.5,"width":104,"height":222},"sd/sd_00009":{"y":0.5,"width":104,"height":222},"sd/sd_00010":{"y":0.5,"width":104,"height":222}},"sd/sd12":{"sd/sd_00000":{"y":0.5,"width":104,"height":222},"sd/sd_00001":{"y":0.5,"width":104,"height":222},"sd/sd_00002":{"y":0.5,"width":104,"height":222},"sd/sd_00003":{"y":0.5,"width":104,"height":222},"sd/sd_00004":{"y":0.5,"width":104,"height":222},"sd/sd_00005":{"y":0.5,"width":104,"height":222},"sd/sd_00006":{"y":0.5,"width":104,"height":222},"sd/sd_00007":{"y":0.5,"width":104,"height":222},"sd/sd_00008":{"y":0.5,"width":104,"height":222},"sd/sd_00009":{"y":0.5,"width":104,"height":222},"sd/sd_00010":{"y":0.5,"width":104,"height":222}},"sd/sd2":{"sd/sd_00000":{"y":0.5,"width":104,"height":222},"sd/sd_00001":{"y":0.5,"width":104,"height":222},"sd/sd_00002":{"y":0.5,"width":104,"height":222},"sd/sd_00003":{"y":0.5,"width":104,"height":222},"sd/sd_00004":{"y":0.5,"width":104,"height":222},"sd/sd_00005":{"y":0.5,"width":104,"height":222},"sd/sd_00006":{"y":0.5,"width":104,"height":222},"sd/sd_00007":{"y":0.5,"width":104,"height":222},"sd/sd_00008":{"y":0.5,"width":104,"height":222},"sd/sd_00009":{"y":0.5,"width":104,"height":222},"sd/sd_00010":{"y":0.5,"width":104,"height":222}},"sd/sd3":{"sd/sd_00000":{"y":0.5,"width":104,"height":222},"sd/sd_00001":{"y":0.5,"width":104,"height":222},"sd/sd_00002":{"y":0.5,"width":104,"height":222},"sd/sd_00003":{"y":0.5,"width":104,"height":222},"sd/sd_00004":{"y":0.5,"width":104,"height":222},"sd/sd_00005":{"y":0.5,"width":104,"height":222},"sd/sd_00006":{"y":0.5,"width":104,"height":222},"sd/sd_00007":{"y":0.5,"width":104,"height":222},"sd/sd_00008":{"y":0.5,"width":104,"height":222},"sd/sd_00009":{"y":0.5,"width":104,"height":222},"sd/sd_00010":{"y":0.5,"width":104,"height":222}},"sd/sd4":{"sd/sd_00000":{"y":0.5,"width":104,"height":222},"sd/sd_00001":{"y":0.5,"width":104,"height":222},"sd/sd_00002":{"y":0.5,"width":104,"height":222},"sd/sd_00003":{"y":0.5,"width":104,"height":222},"sd/sd_00004":{"y":0.5,"width":104,"height":222},"sd/sd_00005":{"y":0.5,"width":104,"height":222},"sd/sd_00006":{"y":0.5,"width":104,"height":222},"sd/sd_00007":{"y":0.5,"width":104,"height":222},"sd/sd_00008":{"y":0.5,"width":104,"height":222},"sd/sd_00009":{"y":0.5,"width":104,"height":222},"sd/sd_00010":{"y":0.5,"width":104,"height":222}},"sd/sd5":{"sd/sd_00000":{"y":0.5,"width":104,"height":222},"sd/sd_00001":{"y":0.5,"width":104,"height":222},"sd/sd_00002":{"y":0.5,"width":104,"height":222},"sd/sd_00003":{"y":0.5,"width":104,"height":222},"sd/sd_00004":{"y":0.5,"width":104,"height":222},"sd/sd_00005":{"y":0.5,"width":104,"height":222},"sd/sd_00006":{"y":0.5,"width":104,"height":222},"sd/sd_00007":{"y":0.5,"width":104,"height":222},"sd/sd_00008":{"y":0.5,"width":104,"height":222},"sd/sd_00009":{"y":0.5,"width":104,"height":222},"sd/sd_00010":{"y":0.5,"width":104,"height":222}},"sd/sd6":{"sd/sd_00000":{"y":0.5,"width":104,"height":222},"sd/sd_00001":{"y":0.5,"width":104,"height":222},"sd/sd_00002":{"y":0.5,"width":104,"height":222},"sd/sd_00003":{"y":0.5,"width":104,"height":222},"sd/sd_00004":{"y":0.5,"width":104,"height":222},"sd/sd_00005":{"y":0.5,"width":104,"height":222},"sd/sd_00006":{"y":0.5,"width":104,"height":222},"sd/sd_00007":{"y":0.5,"width":104,"height":222},"sd/sd_00008":{"y":0.5,"width":104,"height":222},"sd/sd_00009":{"y":0.5,"width":104,"height":222},"sd/sd_00010":{"y":0.5,"width":104,"height":222}},"sd/sd7":{"sd/sd_00000":{"y":0.5,"width":104,"height":222},"sd/sd_00001":{"y":0.5,"width":104,"height":222},"sd/sd_00002":{"y":0.5,"width":104,"height":222},"sd/sd_00003":{"y":0.5,"width":104,"height":222},"sd/sd_00004":{"y":0.5,"width":104,"height":222},"sd/sd_00005":{"y":0.5,"width":104,"height":222},"sd/sd_00006":{"y":0.5,"width":104,"height":222},"sd/sd_00007":{"y":0.5,"width":104,"height":222},"sd/sd_00008":{"y":0.5,"width":104,"height":222},"sd/sd_00009":{"y":0.5,"width":104,"height":222},"sd/sd_00010":{"y":0.5,"width":104,"height":222}},"sd/sd8":{"sd/sd_00000":{"y":0.5,"width":104,"height":222},"sd/sd_00001":{"y":0.5,"width":104,"height":222},"sd/sd_00002":{"y":0.5,"width":104,"height":222},"sd/sd_00003":{"y":0.5,"width":104,"height":222},"sd/sd_00004":{"y":0.5,"width":104,"height":222},"sd/sd_00005":{"y":0.5,"width":104,"height":222},"sd/sd_00006":{"y":0.5,"width":104,"height":222},"sd/sd_00007":{"y":0.5,"width":104,"height":222},"sd/sd_00008":{"y":0.5,"width":104,"height":222},"sd/sd_00009":{"y":0.5,"width":104,"height":222},"sd/sd_00010":{"y":0.5,"width":104,"height":222}},"sd/sd9":{"sd/sd_00000":{"y":0.5,"width":104,"height":222},"sd/sd_00001":{"y":0.5,"width":104,"height":222},"sd/sd_00002":{"y":0.5,"width":104,"height":222},"sd/sd_00003":{"y":0.5,"width":104,"height":222},"sd/sd_00004":{"y":0.5,"width":104,"height":222},"sd/sd_00005":{"y":0.5,"width":104,"height":222},"sd/sd_00006":{"y":0.5,"width":104,"height":222},"sd/sd_00007":{"y":0.5,"width":104,"height":222},"sd/sd_00008":{"y":0.5,"width":104,"height":222},"sd/sd_00009":{"y":0.5,"width":104,"height":222},"sd/sd_00010":{"y":0.5,"width":104,"height":222}},"zi1":{"zi1":{"x":0.5,"y":0.5,"width":208,"height":105}},"zi2":{"zi2":{"x":0.5,"y":0.5,"width":215,"height":107}},"zi3":{"zi1":{"x":0.5,"y":0.5,"width":208,"height":105}},"zi4":{"zi2":{"x":0.5,"y":0.5,"width":215,"height":107}}}},"animations":{"animation":{"slots":{"base1":{"attachment":[{"time":0,"name":"base1"}]},"base2":{"attachment":[{"time":0,"name":"base2"}]},"hu":{"attachment":[{"time":0.0333,"name":"hu"}]},"hu2":{"color":[{"time":0.4333,"color":"ffffffff"},{"time":0.9667,"color":"ffffff00"}],"attachment":[{"time":0.3,"name":"hu"}]},"light":{"color":[{"time":0,"color":"ffffff48"},{"time":0.1667,"color":"ffffffff"}],"attachment":[{"time":0,"name":"light"}]},"long":{"attachment":[{"time":0.0333,"name":"long"}]},"long2":{"color":[{"time":0.4333,"color":"ffffffff"},{"time":0.9667,"color":"ffffff00"}],"attachment":[{"time":0.3,"name":"long"}]},"ray":{"color":[{"time":0.3333,"color":"ffffffff"},{"time":0.6,"color":"ffffff00"}],"attachment":[{"time":0.2667,"name":"ray"}]},"ray2":{"attachment":[{"time":0.5,"name":"ray"}]},"ray3":{"attachment":[{"time":0.8333,"name":"ray"}]},"ray4":{"color":[{"time":0.4667,"color":"ffffffff"},{"time":1,"color":"ffffff00"}],"attachment":[{"time":0.3333,"name":"ray"}]},"sd/sd":{"attachment":[{"time":0.2667,"name":"sd/sd_00000"},{"time":0.3333,"name":"sd/sd_00001"},{"time":0.4,"name":null},{"time":0.4667,"name":"sd/sd_00002"},{"time":0.5333,"name":"sd/sd_00003"},{"time":0.6,"name":"sd/sd_00004"},{"time":0.6667,"name":null}]},"sd/sd2":{"attachment":[{"time":0.3667,"name":"sd/sd_00005"},{"time":0.4333,"name":"sd/sd_00006"},{"time":0.5,"name":"sd/sd_00007"},{"time":0.5667,"name":"sd/sd_00008"},{"time":0.6333,"name":"sd/sd_00009"},{"time":0.7,"name":"sd/sd_00010"},{"time":0.7667,"name":null}]},"sd/sd3":{"attachment":[{"time":0.4667,"name":"sd/sd_00005"},{"time":0.5333,"name":"sd/sd_00006"},{"time":0.6,"name":"sd/sd_00007"},{"time":0.6667,"name":"sd/sd_00008"},{"time":0.7333,"name":"sd/sd_00009"},{"time":0.8,"name":"sd/sd_00010"},{"time":0.8667,"name":null}]},"sd/sd4":{"attachment":[{"time":0.4667,"name":"sd/sd_00005"},{"time":0.5333,"name":"sd/sd_00006"},{"time":0.6,"name":null},{"time":0.6667,"name":"sd/sd_00007"},{"time":0.7333,"name":"sd/sd_00008"},{"time":0.8,"name":"sd/sd_00009"},{"time":0.8667,"name":null},{"time":0.9333,"name":"sd/sd_00010"},{"time":1,"name":null}]},"sd/sd5":{"attachment":[{"time":0.3333,"name":"sd/sd_00005"},{"time":0.4,"name":"sd/sd_00006"},{"time":0.4667,"name":"sd/sd_00007"},{"time":0.5333,"name":null},{"time":0.6,"name":"sd/sd_00008"},{"time":0.6667,"name":"sd/sd_00009"},{"time":0.7333,"name":"sd/sd_00010"},{"time":0.8,"name":null}]},"sd/sd6":{"attachment":[{"time":0.7667,"name":"sd/sd_00005"},{"time":0.8333,"name":"sd/sd_00006"},{"time":0.9,"name":"sd/sd_00007"},{"time":0.9667,"name":null},{"time":1.0333,"name":"sd/sd_00008"},{"time":1.1,"name":"sd/sd_00009"},{"time":1.1667,"name":"sd/sd_00010"},{"time":1.2333,"name":null}]},"sd/sd7":{"attachment":[{"time":0.3333,"name":"sd/sd_00005"},{"time":0.4,"name":"sd/sd_00006"},{"time":0.4667,"name":null},{"time":0.5333,"name":"sd/sd_00007"},{"time":0.6,"name":"sd/sd_00008"},{"time":0.6667,"name":"sd/sd_00009"},{"time":0.7333,"name":null},{"time":0.8,"name":"sd/sd_00010"},{"time":0.8667,"name":null}]},"sd/sd8":{"attachment":[{"time":0.9667,"name":"sd/sd_00000"},{"time":1.0333,"name":"sd/sd_00001"},{"time":1.1,"name":null},{"time":1.1667,"name":"sd/sd_00002"},{"time":1.2333,"name":"sd/sd_00003"},{"time":1.3,"name":"sd/sd_00004"},{"time":1.3667,"name":null}]},"sd/sd9":{"attachment":[{"time":1.0667,"name":"sd/sd_00008"},{"time":1.1333,"name":"sd/sd_00009"},{"time":1.2,"name":null},{"time":1.2667,"name":"sd/sd_00010"},{"time":1.3333,"name":null}]},"sd/sd10":{"attachment":[{"time":1.2,"name":"sd/sd_00005"},{"time":1.2667,"name":"sd/sd_00006"},{"time":1.3333,"name":"sd/sd_00007"},{"time":1.4,"name":null},{"time":1.4667,"name":"sd/sd_00008"},{"time":1.5333,"name":"sd/sd_00009"},{"time":1.6,"name":"sd/sd_00010"},{"time":1.6667,"name":null}]},"sd/sd11":{"attachment":[{"time":1.4667,"name":"sd/sd_00005"},{"time":1.5333,"name":"sd/sd_00006"},{"time":1.6,"name":"sd/sd_00007"},{"time":1.6667,"name":null},{"time":1.7333,"name":"sd/sd_00008"},{"time":1.8,"name":"sd/sd_00009"},{"time":1.8667,"name":"sd/sd_00010"},{"time":1.9333,"name":null}]},"sd/sd12":{"attachment":[{"time":1.6333,"name":"sd/sd_00005"},{"time":1.7,"name":"sd/sd_00006"},{"time":1.7667,"name":"sd/sd_00007"},{"time":1.8333,"name":null},{"time":1.9,"name":"sd/sd_00008"},{"time":1.9667,"name":"sd/sd_00009"},{"time":2.0333,"name":"sd/sd_00010"},{"time":2.1,"name":null}]},"zi1":{"attachment":[{"time":0.0667,"name":"zi1"}]},"zi2":{"attachment":[{"time":0.0667,"name":"zi2"}]},"zi3":{"color":[{"time":0.2,"color":"ffffff5d"},{"time":0.2667,"color":"ffffffff"},{"time":0.4333,"color":"ffffff00"}],"attachment":[{"time":0.1,"name":"zi1"}]},"zi4":{"color":[{"time":0.2,"color":"ffffff65"},{"time":0.2667,"color":"ffffffff"},{"time":0.4333,"color":"ffffff00"}],"attachment":[{"time":0.1,"name":"zi2"}]}},"bones":{"base1":{"translate":[{"time":0,"x":-744.8,"y":0,"curve":[0,0.21,0.75,1]},{"time":0.1667,"x":5,"y":0},{"time":0.2667,"x":0,"y":0}]},"base2":{"translate":[{"time":0,"x":701.68,"y":0,"curve":[0,0.21,0.75,1]},{"time":0.1667,"x":-5,"y":0},{"time":0.2667,"x":0,"y":0}]},"hu":{"translate":[{"time":0.0333,"x":701.68,"y":0,"curve":[0,0.21,0.75,1]},{"time":0.2,"x":-5,"y":0},{"time":0.3,"x":0,"y":0}]},"hu2":{"scale":[{"time":0.3,"x":1,"y":1},{"time":0.4333,"x":1.186,"y":1.186},{"time":0.9667,"x":1.332,"y":1.332}]},"light":{"scale":[{"time":0,"x":0.631,"y":0.631},{"time":0.1667,"x":1,"y":1}]},"long":{"translate":[{"time":0.0333,"x":-744.8,"y":0,"curve":[0,0.21,0.75,1]},{"time":0.2,"x":5,"y":0},{"time":0.3,"x":0,"y":0}]},"long2":{"scale":[{"time":0.3,"x":1,"y":1},{"time":0.4333,"x":1.125,"y":1.125},{"time":0.9667,"x":1.22,"y":1.22}]},"ray":{"scale":[{"time":0.2667,"x":1.959,"y":1.959},{"time":0.3333,"x":3.334,"y":7.545},{"time":0.6,"x":4.858,"y":10.159}]},"ray2":{"rotate":[{"time":0.5,"angle":-43.42}],"translate":[{"time":0.5,"x":-272.47,"y":108.38},{"time":1.5,"x":89.5,"y":108.38}],"scale":[{"time":0.5,"x":0,"y":0,"curve":[0,0.17,0.75,1]},{"time":1,"x":1.951,"y":1,"curve":[0.25,0,1,0.82]},{"time":1.5,"x":0,"y":0}]},"ray3":{"rotate":[{"time":0.8333,"angle":-43.42}],"translate":[{"time":0.8333,"x":206.19,"y":-115.64},{"time":1.8333,"x":-102.78,"y":-115.64}],"scale":[{"time":0.8333,"x":0,"y":0,"curve":[0,0.17,0.75,1]},{"time":1.3333,"x":1.646,"y":1,"curve":[0.25,0,1,0.82]},{"time":1.8333,"x":0,"y":0}]},"ray4":{"scale":[{"time":0.3333,"x":1,"y":1},{"time":0.4667,"x":2.44,"y":1.09},{"time":1,"x":3.423,"y":1.529}]},"sd":{"rotate":[{"time":0.2667,"angle":-49.31}],"translate":[{"time":0.2667,"x":-100.62,"y":81.27}],"scale":[{"time":0.2667,"x":1.71,"y":1.71}]},"sd2":{"rotate":[{"time":0.3667,"angle":142.87}],"translate":[{"time":0.3667,"x":75.46,"y":261.23}],"scale":[{"time":0.3667,"x":1.393,"y":1.081}]},"sd3":{"rotate":[{"time":0.4667,"angle":-37.2}],"translate":[{"time":0.4667,"x":-210.92,"y":-65.79}],"scale":[{"time":0.4667,"x":0.853,"y":0.923}]},"sd4":{"rotate":[{"time":0.4667,"angle":-100.2}],"translate":[{"time":0.4667,"x":-233.73,"y":143.32}],"scale":[{"time":0.4667,"x":0.853,"y":0.923}]},"sd5":{"rotate":[{"time":0.3333,"angle":92.58}],"translate":[{"time":0.3333,"x":-20.82,"y":50.17}],"scale":[{"time":0.3333,"x":2.312,"y":1.93}]},"sd6":{"rotate":[{"time":0.7667,"angle":-91.57}],"translate":[{"time":0.7667,"x":180.68,"y":-41.42}],"scale":[{"time":0.7667,"x":1.036,"y":-1.011}]},"sd7":{"rotate":[{"time":0.3333,"angle":96.28}],"translate":[{"time":0.3333,"x":-334.48,"y":86.29}],"scale":[{"time":0.3333,"x":3.257,"y":1.591}]},"sd8":{"rotate":[{"time":0.9667,"angle":-91.97}],"translate":[{"time":0.9667,"x":-310.84,"y":22.26}],"scale":[{"time":0.9667,"x":0.801,"y":0.801}]},"sd9":{"rotate":[{"time":1.0667,"angle":-111.83}],"translate":[{"time":1.0667,"x":-342.82,"y":215.36}],"scale":[{"time":1.0667,"x":-0.923,"y":0.773}]},"sd10":{"rotate":[{"time":1.2,"angle":92.58}],"translate":[{"time":1.2,"x":-411.03,"y":2.04}],"scale":[{"time":1.2,"x":2.312,"y":1.93}]},"sd11":{"rotate":[{"time":1.4667,"angle":87.94}],"translate":[{"time":1.4667,"x":144.21,"y":124.09}],"scale":[{"time":1.4667,"x":1.153,"y":-1.74}]},"sd12":{"rotate":[{"time":1.6333,"angle":-84.3}],"translate":[{"time":1.6333,"x":214.69,"y":213.48}],"scale":[{"time":1.6333,"x":1.153,"y":-0.754}]},"zi":{"translate":[{"time":0.0667,"x":-744.8,"y":0},{"time":0.1667,"x":-332.85,"y":0},{"time":0.2333,"x":5,"y":0},{"time":0.3333,"x":0,"y":0}],"scale":[{"time":0.0667,"x":1,"y":1},{"time":0.1667,"x":1.488,"y":1},{"time":0.2333,"x":1,"y":1}]},"zi2":{"translate":[{"time":0.0667,"x":701.68,"y":0,"curve":[0,0.17,0.5,0.65]},{"time":0.1667,"x":253.71,"y":0,"curve":[0.391,0.57,0.783,1]},{"time":0.2333,"x":-5,"y":0},{"time":0.3333,"x":0,"y":0}],"scale":[{"time":0.0667,"x":1,"y":1},{"time":0.1667,"x":1.488,"y":1},{"time":0.2333,"x":1,"y":1}]},"zi3":{"translate":[{"time":0.1,"x":-744.8,"y":0},{"time":0.2,"x":-332.85,"y":0},{"time":0.2667,"x":5,"y":0},{"time":0.3667,"x":0,"y":0}],"scale":[{"time":0.1,"x":1,"y":1},{"time":0.2,"x":1.488,"y":1},{"time":0.2667,"x":1,"y":1}]},"zi4":{"translate":[{"time":0.1,"x":701.68,"y":0,"curve":[0,0.17,0.5,0.65]},{"time":0.2,"x":253.71,"y":0,"curve":[0.391,0.57,0.783,1]},{"time":0.2667,"x":-5,"y":0},{"time":0.3667,"x":0,"y":0}],"scale":[{"time":0.1,"x":1,"y":1},{"time":0.2,"x":1.488,"y":1},{"time":0.2667,"x":1,"y":1}]}}}}},"_atlasText":"\nsp_effect_wdcs.png\nsize: 840,838\nformat: RGBA8888\nfilter: Linear,Linear\nrepeat: none\nbase1\n  rotate: false\n  xy: 282, 595\n  size: 235, 99\n  orig: 235, 99\n  offset: 0, 0\n  index: -1\nbase2\n  rotate: false\n  xy: 282, 503\n  size: 235, 90\n  orig: 235, 90\n  offset: 0, 0\n  index: -1\nhu\n  rotate: true\n  xy: 2, 246\n  size: 301, 262\n  orig: 301, 262\n  offset: 0, 0\n  index: -1\nlight\n  rotate: false\n  xy: 2, 6\n  size: 235, 238\n  orig: 235, 238\n  offset: 0, 0\n  index: -1\nlong\n  rotate: false\n  xy: 2, 549\n  size: 278, 287\n  orig: 278, 287\n  offset: 0, 0\n  index: -1\nray\n  rotate: false\n  xy: 282, 696\n  size: 398, 140\n  orig: 398, 140\n  offset: 0, 0\n  index: -1\nsd/sd_00000\n  rotate: false\n  xy: 266, 279\n  size: 104, 222\n  orig: 104, 222\n  offset: 0, 0\n  index: -1\nsd/sd_00001\n  rotate: false\n  xy: 372, 279\n  size: 104, 222\n  orig: 104, 222\n  offset: 0, 0\n  index: -1\nsd/sd_00002\n  rotate: false\n  xy: 628, 472\n  size: 104, 222\n  orig: 104, 222\n  offset: 0, 0\n  index: -1\nsd/sd_00003\n  rotate: false\n  xy: 585, 248\n  size: 104, 222\n  orig: 104, 222\n  offset: 0, 0\n  index: -1\nsd/sd_00004\n  rotate: false\n  xy: 691, 248\n  size: 104, 222\n  orig: 104, 222\n  offset: 0, 0\n  index: -1\nsd/sd_00005\n  rotate: false\n  xy: 239, 22\n  size: 104, 222\n  orig: 104, 222\n  offset: 0, 0\n  index: -1\nsd/sd_00006\n  rotate: false\n  xy: 345, 55\n  size: 104, 222\n  orig: 104, 222\n  offset: 0, 0\n  index: -1\nsd/sd_00007\n  rotate: false\n  xy: 451, 45\n  size: 104, 222\n  orig: 104, 222\n  offset: 0, 0\n  index: -1\nsd/sd_00008\n  rotate: true\n  xy: 557, 142\n  size: 104, 222\n  orig: 104, 222\n  offset: 0, 0\n  index: -1\nsd/sd_00009\n  rotate: true\n  xy: 557, 36\n  size: 104, 222\n  orig: 104, 222\n  offset: 0, 0\n  index: -1\nsd/sd_00010\n  rotate: false\n  xy: 734, 614\n  size: 104, 222\n  orig: 104, 222\n  offset: 0, 0\n  index: -1\nzi1\n  rotate: true\n  xy: 478, 269\n  size: 208, 105\n  orig: 208, 105\n  offset: 0, 0\n  index: -1\nzi2\n  rotate: true\n  xy: 519, 479\n  size: 215, 107\n  orig: 215, 107\n  offset: 0, 0\n  index: -1\n","textures":[{"__uuid__":"acCu+BIj5J3YdDGU7HzruI"}],"textureNames":["sp_effect_wdcs.png"]}