[{"__type__":"cc.SpriteFrame","content":{"name":"default_btn_disabled","texture":"71VhFCTINJM6/Ky3oX9nBT","rect":[0,0,40,40],"offset":[0,0],"originalSize":[40,40],"capInsets":[12,12,12,12]}},{"__type__":"cc.SpriteFrame","content":{"name":"default_btn_pressed","texture":"b4P/PCArtIdIH38t6mlw8Y","rect":[0,0,40,40],"offset":[0,0],"originalSize":[40,40],"capInsets":[12,12,12,12]}},{"__type__":"cc.SpriteFrame","content":{"name":"icon_qustion","texture":"fjssz065-3c17-41fe-9700-7b0f2fea7a02","rect":[0,0,34,35],"offset":[0,0],"originalSize":[34,35],"capInsets":[0,0,0,0]}},{"__type__":"cc.SpriteFrame","content":{"name":"icon_checkin","texture":"fjssz8a9-bd86-4d94-892f-430dd69ca6dd","rect":[0,0,39,39],"offset":[0,0],"originalSize":[39,39],"capInsets":[0,0,0,0]}},[{"__type__":"cc.Prefab","_name":"fjssz_ToggleGroup2Item","data":{"__id__":1}},{"__type__":"cc.Node","_name":"fjssz_ToggleGroup2Item","_children":[{"__id__":2},{"__id__":3},{"__id__":15}],"_prefab":{"__type__":"cc.PrefabInfo","root":{"__id__":1},"asset":{"__uuid__":"fjsszc33-e520-41c6-bb85-1e98e75a9494"},"fileId":"da161UaRS5EO6T6dayfZF9R"},"_contentSize":{"__type__":"cc.Size","width":800,"height":60},"_anchorPoint":{"__type__":"cc.Vec2","y":1},"_trs":{"__type__":"TypedArray","ctor":"Float64Array","array":[0,0,0,0,0,0,1,1,1,1]}},{"__type__":"cc.Node","_name":"title","_parent":{"__id__":1},"_components":[{"__type__":"cc.Label","node":{"__id__":2},"_useOriginalSize":false,"_string":"可选玩法：","_N$string":"可选玩法：","_fontSize":36,"_lineHeight":36,"_N$verticalAlign":1}],"_prefab":{"__type__":"cc.PrefabInfo","root":{"__id__":1},"asset":{"__uuid__":"fjsszc33-e520-41c6-bb85-1e98e75a9494"},"fileId":"1bfcdbl9NlBAJQCxTGIVX82"},"_color":{"__type__":"cc.Color","r":136,"g":91,"b":67},"_contentSize":{"__type__":"cc.Size","width":180,"height":36},"_anchorPoint":{"__type__":"cc.Vec2","y":0.5},"_trs":{"__type__":"TypedArray","ctor":"Float64Array","array":[0,-30,0,0,0,0,1,1,1,1]}},{"__type__":"cc.Node","_name":"Toggle1","_parent":{"__id__":1},"_children":[{"__id__":4},{"__id__":5},{"__id__":6},{"__id__":7},{"__id__":11}],"_prefab":{"__type__":"cc.PrefabInfo","root":{"__id__":1},"asset":{"__uuid__":"fjsszc33-e520-41c6-bb85-1e98e75a9494"},"fileId":"10de7LK6KRB0Y00xzuKbazA"},"_contentSize":{"__type__":"cc.Size","width":60,"height":60},"_anchorPoint":{"__type__":"cc.Vec2","y":0.5},"_trs":{"__type__":"TypedArray","ctor":"Float64Array","array":[172.6,-30,0,0,0,0,1,1,1,1]}},{"__type__":"cc.Node","_name":"icon_selectBg","_parent":{"__id__":3},"_components":[{"__type__":"cc.Sprite","node":{"__id__":4},"_spriteFrame":{"__uuid__":"fjsszdb1-f167-43de-a55c-712a110488d4"}}],"_prefab":{"__type__":"cc.PrefabInfo","root":{"__id__":1},"asset":{"__uuid__":"fjsszc33-e520-41c6-bb85-1e98e75a9494"},"fileId":"3e96d4j7uhJTaz+U1jMr2MT"},"_contentSize":{"__type__":"cc.Size","width":39,"height":39},"_anchorPoint":{"__type__":"cc.Vec2","y":0.5},"_trs":{"__type__":"TypedArray","ctor":"Float64Array","array":[15,0,0,0,0,0,1,1,1,1]}},{"__type__":"cc.Node","_name":"checkmark","_parent":{"__id__":3},"_components":[{"__type__":"cc.Sprite","node":{"__id__":5},"_spriteFrame":{"__uuid__":"fjsszab9-de70-493f-9c2c-af2dbe960aea"},"_isTrimmedMode":false}],"_prefab":{"__type__":"cc.PrefabInfo","root":{"__id__":1},"asset":{"__uuid__":"fjsszc33-e520-41c6-bb85-1e98e75a9494"},"fileId":"bbee7yh+oBPqb80VAqvijWz"},"_contentSize":{"__type__":"cc.Size","width":39,"height":39},"_trs":{"__type__":"TypedArray","ctor":"Float64Array","array":[34.2,-0.3,0,0,0,0,1,1,1,1]}},{"__type__":"cc.Node","_name":"label","_parent":{"__id__":3},"_components":[{"__type__":"cc.Label","node":{"__id__":6},"_useOriginalSize":false,"_string":"房主付","_N$string":"房主付","_fontSize":32,"_lineHeight":32,"_N$verticalAlign":1}],"_prefab":{"__type__":"cc.PrefabInfo","root":{"__id__":1},"asset":{"__uuid__":"fjsszc33-e520-41c6-bb85-1e98e75a9494"},"fileId":"7af1flsP/ZIh6Z3hRBjvqyS"},"_color":{"__type__":"cc.Color","g":155,"b":46},"_contentSize":{"__type__":"cc.Size","width":96,"height":32},"_anchorPoint":{"__type__":"cc.Vec2","y":0.5},"_trs":{"__type__":"TypedArray","ctor":"Float64Array","array":[64.4,0,0,0,0,0,1,1,1,1]}},{"__type__":"cc.Node","_name":"fangfeiNode","_parent":{"__id__":3},"_children":[{"__id__":8},{"__id__":9},{"__id__":10}],"_active":false,"_prefab":{"__type__":"cc.PrefabInfo","root":{"__id__":1},"asset":{"__uuid__":"fjsszc33-e520-41c6-bb85-1e98e75a9494"},"fileId":"86b4dWv0uhLMZAVROEjBmVI"},"_trs":{"__type__":"TypedArray","ctor":"Float64Array","array":[180.6,0,0,0,0,0,1,1,1,1]}},{"__type__":"cc.Node","_name":"icon","_parent":{"__id__":7},"_components":[{"__type__":"cc.Sprite","node":{"__id__":8},"_spriteFrame":{"__uuid__":"fjsszc51-3e6a-49f2-9e6f-1af9957db73e"}}],"_prefab":{"__type__":"cc.PrefabInfo","root":{"__id__":1},"asset":{"__uuid__":"fjsszc33-e520-41c6-bb85-1e98e75a9494"},"fileId":"d39710ItN5NqY5l65Jalxnd"},"_contentSize":{"__type__":"cc.Size","width":55,"height":56},"_trs":{"__type__":"TypedArray","ctor":"Float64Array","array":[44,-1,0,0,0,0,1,1,1,1]}},{"__type__":"cc.Node","_name":"icon_qk","_parent":{"__id__":7},"_active":false,"_components":[{"__type__":"cc.Sprite","node":{"__id__":9}}],"_prefab":{"__type__":"cc.PrefabInfo","root":{"__id__":1},"asset":{"__uuid__":"fjsszc33-e520-41c6-bb85-1e98e75a9494"},"fileId":"b2b3cbz+i1Iv542FTZaZl62"},"_contentSize":{"__type__":"cc.Size","width":56,"height":46},"_trs":{"__type__":"TypedArray","ctor":"Float64Array","array":[52.29,5,0,0,0,0,1,1,1,1]}},{"__type__":"cc.Node","_name":"needNum","_parent":{"__id__":7},"_components":[{"__type__":"cc.Label","node":{"__id__":10},"_useOriginalSize":false,"_string":"x32","_N$string":"x32","_fontSize":32,"_lineHeight":32,"_N$verticalAlign":1}],"_prefab":{"__type__":"cc.PrefabInfo","root":{"__id__":1},"asset":{"__uuid__":"fjsszc33-e520-41c6-bb85-1e98e75a9494"},"fileId":"d9d36uOtV9GNrBs6UgwPe/P"},"_color":{"__type__":"cc.Color","r":182,"g":64,"b":12},"_contentSize":{"__type__":"cc.Size","width":51.59,"height":32},"_trs":{"__type__":"TypedArray","ctor":"Float64Array","array":[104,0,0,0,0,0,1,1,1,1]}},{"__type__":"cc.Node","_name":"editbox","_parent":{"__id__":3},"_children":[{"__id__":12},{"__id__":13},{"__id__":14}],"_active":false,"_components":[{"__type__":"cc.EditBox","node":{"__id__":11},"_useOriginalSize":false,"_N$backgroundImage":null,"_N$returnType":0,"_N$fontSize":29,"_N$lineHeight":40,"_N$fontColor":{"__type__":"cc.Color"},"_N$placeholder":"大于默认圈卡，否则默认","_N$placeholderFontSize":20,"_N$placeholderFontColor":{"__type__":"cc.Color","r":127,"g":127,"b":127},"_N$maxLength":8,"_N$inputMode":6}],"_prefab":{"__type__":"cc.PrefabInfo","root":{"__id__":1},"asset":{"__uuid__":"fjsszc33-e520-41c6-bb85-1e98e75a9494"},"fileId":"c5c1djOqoVFC502WRIdsQi6"},"_contentSize":{"__type__":"cc.Size","width":270,"height":40},"_trs":{"__type__":"TypedArray","ctor":"Float64Array","array":[477,0,0,0,0,0,1,1,1,1]}},{"__type__":"cc.Node","_name":"BACKGROUND_SPRITE","_parent":{"__id__":11},"_components":[{"__type__":"cc.Sprite","node":{"__id__":12},"_type":1}],"_prefab":{"__type__":"cc.PrefabInfo","root":{"__id__":1},"asset":{"__uuid__":"fjsszc33-e520-41c6-bb85-1e98e75a9494"},"fileId":"56oNTapAdB+aUf5yXPdM43"},"_contentSize":{"__type__":"cc.Size","width":270,"height":40},"_trs":{"__type__":"TypedArray","ctor":"Float64Array","array":[0,0,0,0,0,0,1,1,1,1]}},{"__type__":"cc.Node","_name":"TEXT_LABEL","_parent":{"__id__":11},"_active":false,"_components":[{"__type__":"cc.Label","node":{"__id__":13},"_fontSize":29,"_enableWrapText":false,"_N$verticalAlign":1,"_N$overflow":1}],"_prefab":{"__type__":"cc.PrefabInfo","root":{"__id__":1},"asset":{"__uuid__":"fjsszc33-e520-41c6-bb85-1e98e75a9494"},"fileId":"18BvizyJFLFYX59tmjolUI"},"_color":{"__type__":"cc.Color"},"_contentSize":{"__type__":"cc.Size","width":268,"height":40},"_anchorPoint":{"__type__":"cc.Vec2","y":1},"_trs":{"__type__":"TypedArray","ctor":"Float64Array","array":[-133,20,0,0,0,0,1,1,1,1]}},{"__type__":"cc.Node","_name":"PLACEHOLDER_LABEL","_parent":{"__id__":11},"_components":[{"__type__":"cc.Label","node":{"__id__":14},"_string":"大于默认圈卡，否则默认","_N$string":"大于默认圈卡，否则默认","_fontSize":20,"_enableWrapText":false,"_N$verticalAlign":1,"_N$overflow":1}],"_prefab":{"__type__":"cc.PrefabInfo","root":{"__id__":1},"asset":{"__uuid__":"fjsszc33-e520-41c6-bb85-1e98e75a9494"},"fileId":"71kI8gJiVE3K5mq8Uy54jr"},"_color":{"__type__":"cc.Color","r":127,"g":127,"b":127},"_contentSize":{"__type__":"cc.Size","width":268,"height":40},"_anchorPoint":{"__type__":"cc.Vec2","y":1},"_trs":{"__type__":"TypedArray","ctor":"Float64Array","array":[-133,20,0,0,0,0,1,1,1,1]}},{"__type__":"cc.Node","_name":"btn_help","_parent":{"__id__":1},"_active":false,"_components":[{"__type__":"cc.Sprite","node":{"__id__":15},"_spriteFrame":{"__uuid__":"fjssz76b-c77b-4e03-8c03-97a3b84218b6"},"_type":1,"_isTrimmedMode":false},{"__type__":"cc.Button","node":{"__id__":15},"zoomScale":0.9,"_N$transition":3,"transition":3,"_N$pressedColor":{"__type__":"cc.Color","r":255,"g":255,"b":255},"pressedColor":{"__type__":"cc.Color","r":255,"g":255,"b":255},"_N$disabledColor":{"__type__":"cc.Color","r":255,"g":255,"b":255},"_N$pressedSprite":{"__uuid__":"e97GVMl6JHh5Ml5qEDdSGa"},"pressedSprite":{"__uuid__":"e97GVMl6JHh5Ml5qEDdSGa"},"_N$hoverSprite":{"__uuid__":"e97GVMl6JHh5Ml5qEDdSGa"},"hoverSprite":{"__uuid__":"e97GVMl6JHh5Ml5qEDdSGa"},"_N$disabledSprite":{"__uuid__":"29FYIk+N1GYaeWH/q1NxQO"},"_N$target":{"__id__":15}}],"_prefab":{"__type__":"cc.PrefabInfo","root":{"__id__":1},"asset":{"__uuid__":"fjsszc33-e520-41c6-bb85-1e98e75a9494"},"fileId":"b7ca3Cuq8FKvJwnKeUU4MQl"},"_contentSize":{"__type__":"cc.Size","width":34,"height":35},"_trs":{"__type__":"TypedArray","ctor":"Float64Array","array":[510.8,-30,0,0,0,0,1,1,1,1]}}],{"__type__":"cc.SpriteFrame","content":{"name":"btn_zs02","texture":"fjssz886-f60d-469a-b85b-f79582c1c21c","rect":[1,0,55,56],"offset":[-0.5,1],"originalSize":[58,58],"capInsets":[0,0,0,0]}},{"__type__":"cc.SpriteFrame","content":{"name":"icon_check","texture":"fjsszb82-a7af-470b-b5ee-f45fe1f00cfe","rect":[0,0,39,39],"offset":[0,0],"originalSize":[39,39],"capInsets":[0,0,0,0]}}]