[[{"__type__":"cc.Prefab","_name":"pdk_UIAutoPlay","data":{"__id__":1}},{"__type__":"cc.Node","_name":"UIAutoPlay","_children":[{"__id__":2},{"__id__":3}],"_components":[{"__type__":"cc.Sprite","node":{"__id__":1},"_spriteFrame":{"__uuid__":"typdkd1f-3e0b-4b1d-ae52-c52ad188bba9"},"_type":1,"_sizeMode":0},{"__type__":"cc.Button","node":{"__id__":1},"clickEvents":[{"__type__":"cc.ClickEvent","target":{"__id__":1},"handler":"OnClick_BtnWnd"}],"_N$normalColor":{"__type__":"cc.Color","r":214,"g":214,"b":214},"_N$target":{"__id__":1}},{"__type__":"cc.Widget","node":{"__id__":1},"alignMode":0,"_alignFlags":45,"_originalWidth":1600,"_originalHeight":800},{"__type__":"typdkf77-9e26-4e6c-963e-a986ed4e2dfc","node":{"__id__":1},"JS_Name":"sss_BaseComponent","ZorderLv":9,"lb_notice":{"__id__":2}}],"_prefab":{"__type__":"cc.PrefabInfo","root":{"__id__":1},"asset":{"__uuid__":"typdk584-540b-4957-8c63-4b3bbaf111f1"},"fileId":"2fee1ebKyBJSa/v8j1XxUPp"},"_contentSize":{"__type__":"cc.Size","width":1360,"height":760},"_trs":{"__type__":"TypedArray","ctor":"Float64Array","array":[680,380,0,0,0,0,1,1,1,1]}},{"__type__":"cc.Node","_name":"label","_parent":{"__id__":1},"_components":[{"__type__":"cc.Label","node":{"__id__":2},"_useOriginalSize":false,"_string":"系统将摸打或胡牌，不做其他操作(如吃碰杠等)","_N$string":"系统将摸打或胡牌，不做其他操作(如吃碰杠等)","_fontSize":28,"_lineHeight":30,"_N$horizontalAlign":1,"_N$verticalAlign":1},{"__type__":"cc.LabelOutline","node":{"__id__":2},"_color":{"__type__":"cc.Color"}}],"_prefab":{"__type__":"cc.PrefabInfo","root":{"__id__":1},"asset":{"__uuid__":"typdk584-540b-4957-8c63-4b3bbaf111f1"},"fileId":"d6164+GKNVHUZR663HEU0gw"},"_contentSize":{"__type__":"cc.Size","width":580.65,"height":30},"_trs":{"__type__":"TypedArray","ctor":"Float64Array","array":[0,-350,0,0,0,0,1,1,1,1]}},{"__type__":"cc.Node","_name":"btn_cancel","_parent":{"__id__":1},"_children":[{"__id__":4}],"_components":[{"__type__":"cc.Sprite","node":{"__id__":3},"_spriteFrame":{"__uuid__":"typdk8b2-6716-419b-9561-950bca95e809"}},{"__type__":"cc.Button","node":{"__id__":3},"zoomScale":0.9,"clickEvents":[{"__type__":"cc.ClickEvent","target":{"__id__":1},"_componentId":"typdkf77-9e26-4e6c-963e-a986ed4e2dfc","handler":"OnClick_BtnWnd"}],"_N$transition":3,"transition":3,"_N$normalColor":{"__type__":"cc.Color","r":214,"g":214,"b":214},"_N$target":{"__id__":3}}],"_prefab":{"__type__":"cc.PrefabInfo","root":{"__id__":1},"asset":{"__uuid__":"typdk584-540b-4957-8c63-4b3bbaf111f1"},"fileId":"397e37B1TFMqYeLAqcZ2QRU"},"_contentSize":{"__type__":"cc.Size","width":243,"height":77},"_trs":{"__type__":"TypedArray","ctor":"Float64Array","array":[0,-280,0,0,0,0,1,1,1,1]}},{"__type__":"cc.Node","_name":"icon","_parent":{"__id__":3},"_components":[{"__type__":"cc.Label","node":{"__id__":4},"_useOriginalSize":false,"_string":"取消托管","_N$string":"取消托管"},{"__type__":"cc.LabelOutline","node":{"__id__":4},"_color":{"__type__":"cc.Color","r":197,"g":76,"b":13}}],"_prefab":{"__type__":"cc.PrefabInfo","root":{"__id__":1},"asset":{"__uuid__":"typdk584-540b-4957-8c63-4b3bbaf111f1"},"fileId":"42c4bzH4jVEMKT/7wBMbruX"},"_contentSize":{"__type__":"cc.Size","width":162,"height":40},"_trs":{"__type__":"TypedArray","ctor":"Float64Array","array":[0,0,0,0,0,0,1,1,1,1]}}],{"__type__":"cc.SpriteFrame","content":{"name":"btn_yellow1","texture":"typdkd7b-1853-48ac-b438-52e339ef4811","rect":[0,0,243,77],"offset":[-0.5,0.5],"originalSize":[244,78],"capInsets":[0,0,0,0]}},{"__type__":"cc.SpriteFrame","content":{"name":"bg","texture":"typdk036-8a0c-4d92-8561-c45e53fa19cc","rect":[0,0,21,63],"offset":[0,0],"originalSize":[21,63],"capInsets":[0,0,0,0]}}]