[{"__type__":"cc.AnimationClip","_name":"face6Action","_duration":1.3,"sample":20,"curveData":{"comps":{"cc.Sprite":{"spriteFrame":[{"frame":0,"value":{"__uuid__":"typdkd16-f357-4b89-b5b7-f99a1800eb78"}},{"frame":0.25,"value":{"__uuid__":"typdkf5e-9ebe-4cfd-a1fd-e98ce511b9a5"}},{"frame":0.5,"value":{"__uuid__":"typdk5c7-ac78-4801-95fb-16ff9e4ec939"}},{"frame":0.75,"value":{"__uuid__":"typdkb11-44dd-47a5-b490-baf6535a4972"}},{"frame":1,"value":{"__uuid__":"typdk3f7-9f20-4ef2-b890-c3cb4188508c"}},{"frame":1.25,"value":{"__uuid__":"typdk79a-37cc-480d-b683-63917b5acc6d"}}]}}}},{"__type__":"cc.SpriteFrame","content":{"name":"expression_06_05","texture":"typdkf2d-43e4-4a22-9f88-11b1a1b90635","rect":[17,31,108,107],"offset":[-6,3],"originalSize":[154,175],"capInsets":[0,0,0,0]}},{"__type__":"cc.SpriteFrame","content":{"name":"expression_06_03","texture":"typdk021-6e34-42b2-b949-611ac9f794e0","rect":[17,29,108,109],"offset":[-6,4],"originalSize":[154,175],"capInsets":[0,0,0,0]}},{"__type__":"cc.SpriteFrame","content":{"name":"expression_06_06","texture":"typdk4e7-09a2-4c40-adb2-49173bccc727","rect":[17,35,108,103],"offset":[-6,1],"originalSize":[154,175],"capInsets":[0,0,0,0]}},{"__type__":"cc.SpriteFrame","content":{"name":"expression_06_04","texture":"typdk615-3c0b-4e63-944b-61c122e6ccc1","rect":[17,27,108,111],"offset":[-6,5],"originalSize":[154,175],"capInsets":[0,0,0,0]}},{"__type__":"cc.SpriteFrame","content":{"name":"expression_06_01","texture":"typdk5a0-028e-46b4-b48e-110efd8d18cb","rect":[17,37,108,101],"offset":[-6,0],"originalSize":[154,175],"capInsets":[0,0,0,0]}},{"__type__":"cc.SpriteFrame","content":{"name":"expression_06_02","texture":"typdke1e-aacd-4c47-b861-2f231bdd8a40","rect":[17,32,108,106],"offset":[-6,2.5],"originalSize":[154,175],"capInsets":[0,0,0,0]}}]