[{"__type__":"cc.SpriteFrame","content":{"name":"lb_anjian_numb","texture":"typdk558-d3f8-4ea5-943a-c2901de72eb6","rect":[1,0,126,126],"offset":[0,1],"originalSize":[128,128],"capInsets":[0,0,0,0]}},{"__type__":"cc.BitmapFont","_name":"lb_anjian_numb","spriteFrame":{"__uuid__":"typdk3aa-5ece-43a0-9741-898e7a0891e6"},"fontSize":1,"_fntConfig":{"commonHeight":42,"fontSize":1,"atlasName":"lb_anjian_numb.png","fontDefDictionary":{"32":{"rect":{"x":0,"y":0,"width":0,"height":0},"xOffset":0,"yOffset":0,"xAdvance":32},"48":{"rect":{"x":0,"y":0,"width":32,"height":42},"xOffset":0,"yOffset":0,"xAdvance":32},"49":{"rect":{"x":0,"y":42,"width":32,"height":42},"xOffset":0,"yOffset":0,"xAdvance":32},"50":{"rect":{"x":32,"y":0,"width":32,"height":42},"xOffset":0,"yOffset":0,"xAdvance":32},"51":{"rect":{"x":0,"y":84,"width":32,"height":42},"xOffset":0,"yOffset":0,"xAdvance":32},"52":{"rect":{"x":32,"y":42,"width":32,"height":42},"xOffset":0,"yOffset":0,"xAdvance":32},"53":{"rect":{"x":64,"y":0,"width":32,"height":42},"xOffset":0,"yOffset":0,"xAdvance":32},"54":{"rect":{"x":96,"y":0,"width":32,"height":42},"xOffset":0,"yOffset":0,"xAdvance":32},"55":{"rect":{"x":32,"y":84,"width":32,"height":42},"xOffset":0,"yOffset":0,"xAdvance":32},"56":{"rect":{"x":64,"y":42,"width":32,"height":42},"xOffset":0,"yOffset":0,"xAdvance":32},"57":{"rect":{"x":96,"y":42,"width":32,"height":42},"xOffset":0,"yOffset":0,"xAdvance":32}},"kerningDict":{}}}]