[{"__type__":"cc.SpriteFrame","content":{"name":"ani_wuhuawugang_03","texture":"qzmjmj09-1ef9-442f-b3e9-fff22b89fc06","rect":[33,10,496,140],"offset":[1,-1],"originalSize":[560,158],"capInsets":[0,0,0,0]}},{"__type__":"cc.SpriteFrame","content":{"name":"ani_wuhuawugang_09","texture":"qzmjmj8c-4e04-4faa-b24d-d76873ef8bb8","rect":[83,24,399,112],"offset":[2.5,-1],"originalSize":[560,158],"capInsets":[0,0,0,0]}},{"__type__":"cc.SpriteFrame","content":{"name":"ani_wuhuawugang_04","texture":"qzmjmj94-a89e-4ae3-b266-601a11079f09","rect":[49,14,464,131],"offset":[1,-0.5],"originalSize":[560,158],"capInsets":[0,0,0,0]}},{"__type__":"cc.AnimationClip","_name":"wuhuawugangAction","_duration":0.93,"curveData":{"comps":{"cc.Sprite":{"spriteFrame":[{"frame":0,"value":{"__uuid__":"qzmjmja8-ee9f-482f-9e8f-73866f55fa48"}},{"frame":0.08333333333333333,"value":{"__uuid__":"qzmjmj7a-cee2-4e54-8b03-2fc1a9365386"}},{"frame":0.18333333333333332,"value":{"__uuid__":"qzmjmj09-8e8d-46f7-b771-47deaf812897"}},{"frame":0.3,"value":{"__uuid__":"qzmjmj25-8122-4af5-9a6f-e8d3a3f15fb5"}},{"frame":0.43333333333333335,"value":{"__uuid__":"qzmjmj86-f365-40f1-9505-bd618a61dfb0"}},{"frame":0.5666666666666667,"value":{"__uuid__":"qzmjmj6b-c6d1-4b46-b024-fdf5f0ed0d71"}},{"frame":0.6833333333333333,"value":{"__uuid__":"qzmjmj30-4367-4afd-9609-68c579d7d89d"}},{"frame":0.8,"value":{"__uuid__":"qzmjmje6-bc06-43ef-aaff-80df75b5ea30"}},{"frame":0.9166666666666666,"value":{"__uuid__":"qzmjmj1a-7704-4c75-a5e2-5b605762a317"}}]}}}},{"__type__":"cc.SpriteFrame","content":{"name":"ani_wuhuawugang_07","texture":"qzmjmjdb-28e9-499a-ad8e-d8c12afe6438","rect":[59,17,445,126],"offset":[1.5,-1],"originalSize":[560,158],"capInsets":[0,0,0,0]}},{"__type__":"cc.SpriteFrame","content":{"name":"ani_wuhuawugang_06","texture":"qzmjmja0-f796-41da-80f1-214cd7663c77","rect":[83,24,399,112],"offset":[2.5,-1],"originalSize":[560,158],"capInsets":[0,0,0,0]}},{"__type__":"cc.SpriteFrame","content":{"name":"ani_wuhuawugang_02","texture":"qzmjmjfc-1dbf-4755-aa0d-ae21fe988105","rect":[16,5,529,149],"offset":[0.5,-0.5],"originalSize":[560,158],"capInsets":[0,0,0,0]}},{"__type__":"cc.SpriteFrame","content":{"name":"ani_wuhuawugang_05","texture":"qzmjmjdf-eaed-4c37-a704-0fc73018a760","rect":[66,19,432,122],"offset":[2,-1],"originalSize":[560,158],"capInsets":[0,0,0,0]}},{"__type__":"cc.SpriteFrame","content":{"name":"ani_wuhuawugang_01","texture":"qzmjmjcf-ab0b-4dc9-9ff0-39bff48c98dc","rect":[0,0,560,158],"offset":[0,0],"originalSize":[560,158],"capInsets":[0,0,0,0]}},{"__type__":"cc.SpriteFrame","content":{"name":"ani_wuhuawugang_08","texture":"qzmjmj7a-27ae-455e-90a3-28525e0ee92c","rect":[36,11,490,138],"offset":[1,-1],"originalSize":[560,158],"capInsets":[0,0,0,0]}}]