[{"__type__":"cc.AnimationClip","_name":"buGangAction","_duration":1.1833333333333333,"curveData":{"comps":{"cc.Sprite":{"spriteFrame":[{"frame":0,"value":{"__uuid__":"qzmjmj0f-7125-445c-94e7-578d1ddf4de2"}},{"frame":0.08333333333333333,"value":{"__uuid__":"qzmjmj11-6453-4b8a-9c07-89edec5f0d39"}},{"frame":0.16666666666666666,"value":{"__uuid__":"qzmjmjdb-ff3f-4c6a-b3f1-26eafbc852c4"}},{"frame":0.25,"value":{"__uuid__":"qzmjmj53-5e9b-484b-b6f2-308a2ce18c5a"}},{"frame":0.3333333333333333,"value":{"__uuid__":"qzmjmjcf-8af4-4dec-a41d-32ccc95e5c84"}},{"frame":0.4166666666666667,"value":{"__uuid__":"qzmjmj83-a894-4578-9cb4-476bf527f982"}},{"frame":0.5,"value":{"__uuid__":"qzmjmjf5-8ed1-4715-8598-bd5c07c2526a"}},{"frame":0.5833333333333334,"value":{"__uuid__":"qzmjmj69-2d19-4b64-9341-58df466a6e73"}},{"frame":0.6666666666666666,"value":{"__uuid__":"qzmjmj46-e9c9-44b5-8417-f63505185550"}},{"frame":0.75,"value":{"__uuid__":"qzmjmj91-7d83-42cf-81d3-46f9e86be1c9"}},{"frame":0.8333333333333334,"value":{"__uuid__":"qzmjmj2c-06f6-49ff-838f-532bd3931e00"}},{"frame":0.9166666666666666,"value":{"__uuid__":"qzmjmj6d-ece9-47df-af9e-81fb74f3573f"}},{"frame":1,"value":{"__uuid__":"qzmjmj6f-b487-4bbf-b3b8-55add22cfc4f"}},{"frame":1.0833333333333333,"value":{"__uuid__":"qzmjmj3e-0963-4127-b4b4-ce5266c4c5f4"}},{"frame":1.0833333333333333,"value":{"__uuid__":"qzmjmj3e-0963-4127-b4b4-ce5266c4c5f4"}},{"frame":1.1666666666666667,"value":{"__uuid__":"qzmjmj2f-5b0b-4454-acf8-cfc019fa46b4"}}]}}}},{"__type__":"cc.SpriteFrame","content":{"name":"1","texture":"qzmjmj43-38e4-4b7e-ab4b-7f503a6d22e2","rect":[54,29,229,225],"offset":[-8.5,6.5],"originalSize":[354,296],"capInsets":[0,0,0,0]}},{"__type__":"cc.SpriteFrame","content":{"name":"2","texture":"qzmjmj79-bf26-4693-8dc8-098ffae265f1","rect":[24,2,293,294],"offset":[-6.5,-1],"originalSize":[354,296],"capInsets":[0,0,0,0]}},{"__type__":"cc.SpriteFrame","content":{"name":"11","texture":"qzmjmj0f-ebc7-4eb6-a764-2d94be1cdfb9","rect":[54,29,229,225],"offset":[-8.5,6.5],"originalSize":[354,296],"capInsets":[0,0,0,0]}},{"__type__":"cc.SpriteFrame","content":{"name":"touming","texture":"qzmjmj23-b67d-4d50-ae8c-fb5939e02a67","rect":[0,0,1,1],"offset":[0,0],"originalSize":[1,1],"capInsets":[0,0,0,0]}},{"__type__":"cc.SpriteFrame","content":{"name":"14","texture":"qzmjmj69-7f7c-4096-ba03-18ef95cb99ab","rect":[54,29,229,225],"offset":[-8.5,6.5],"originalSize":[354,296],"capInsets":[0,0,0,0]}},{"__type__":"cc.SpriteFrame","content":{"name":"9","texture":"qzmjmjfa-d1fe-4fca-85dd-4e48c733351f","rect":[54,29,229,225],"offset":[-8.5,6.5],"originalSize":[354,296],"capInsets":[0,0,0,0]}},{"__type__":"cc.SpriteFrame","content":{"name":"4","texture":"qzmjmj59-d100-43c0-9bb7-e08416180e83","rect":[51,29,232,225],"offset":[-10,6.5],"originalSize":[354,296],"capInsets":[0,0,0,0]}},{"__type__":"cc.SpriteFrame","content":{"name":"8","texture":"qzmjmje7-1d1d-4ec6-b82d-3a3879208806","rect":[52,29,231,225],"offset":[-9.5,6.5],"originalSize":[354,296],"capInsets":[0,0,0,0]}},{"__type__":"cc.SpriteFrame","content":{"name":"12","texture":"qzmjmj64-a742-4301-8a47-54e90559897c","rect":[54,29,229,225],"offset":[-8.5,6.5],"originalSize":[354,296],"capInsets":[0,0,0,0]}},{"__type__":"cc.SpriteFrame","content":{"name":"13","texture":"qzmjmj58-27f0-42b8-b790-1f4f61a9c96f","rect":[54,29,229,225],"offset":[-8.5,6.5],"originalSize":[354,296],"capInsets":[0,0,0,0]}},{"__type__":"cc.SpriteFrame","content":{"name":"6","texture":"qzmjmj9f-0617-4f26-9a36-dde55f1b26d2","rect":[51,29,232,225],"offset":[-10,6.5],"originalSize":[354,296],"capInsets":[0,0,0,0]}},{"__type__":"cc.SpriteFrame","content":{"name":"10","texture":"qzmjmjc8-a04a-404c-b8b3-b0e165e4c263","rect":[54,29,229,225],"offset":[-8.5,6.5],"originalSize":[354,296],"capInsets":[0,0,0,0]}},{"__type__":"cc.SpriteFrame","content":{"name":"5","texture":"qzmjmj91-7985-472d-9efb-e29748c5dd80","rect":[51,29,232,225],"offset":[-10,6.5],"originalSize":[354,296],"capInsets":[0,0,0,0]}},{"__type__":"cc.SpriteFrame","content":{"name":"3","texture":"qzmjmj42-c61b-4082-8a14-e51262db2c0b","rect":[23,0,285,278],"offset":[-11.5,9],"originalSize":[354,296],"capInsets":[0,0,0,0]}},{"__type__":"cc.SpriteFrame","content":{"name":"7","texture":"qzmjmj33-0f5f-44a9-b93d-9b9379205441","rect":[51,29,232,225],"offset":[-10,6.5],"originalSize":[354,296],"capInsets":[0,0,0,0]}}]