[{"__type__":"cc.SpriteFrame","content":{"name":"number_lose1","texture":"qzmjmj86-c0b5-4bdc-8a5f-715b43d99dad","rect":[0,0,94,97],"offset":[-0.5,0.5],"originalSize":[95,98],"capInsets":[0,0,0,0]}},{"__type__":"cc.BitmapFont","_name":"number_lose1","spriteFrame":{"__uuid__":"qzmjmjb8-cc3f-46bf-bc50-bc732fa3e6d8"},"fontSize":32,"_fntConfig":{"commonHeight":34,"fontSize":32,"atlasName":"number_lose1.png","fontDefDictionary":{"9":{"rect":{"x":0,"y":0,"width":0,"height":0},"xOffset":0,"yOffset":0,"xAdvance":0},"32":{"rect":{"x":0,"y":0,"width":0,"height":0},"xOffset":0,"yOffset":0,"xAdvance":14},"45":{"rect":{"x":45,"y":62,"width":20,"height":6},"xOffset":0,"yOffset":16,"xAdvance":23},"46":{"rect":{"x":66,"y":90,"width":6,"height":6},"xOffset":0,"yOffset":27,"xAdvance":9},"48":{"rect":{"x":55,"y":0,"width":20,"height":29},"xOffset":0,"yOffset":5,"xAdvance":23},"49":{"rect":{"x":76,"y":0,"width":13,"height":28},"xOffset":0,"yOffset":5,"xAdvance":16},"50":{"rect":{"x":45,"y":69,"width":20,"height":28},"xOffset":0,"yOffset":5,"xAdvance":23},"51":{"rect":{"x":75,"y":30,"width":19,"height":30},"xOffset":0,"yOffset":4,"xAdvance":22},"52":{"rect":{"x":0,"y":65,"width":22,"height":28},"xOffset":0,"yOffset":5,"xAdvance":25},"53":{"rect":{"x":54,"y":31,"width":20,"height":29},"xOffset":0,"yOffset":5,"xAdvance":23},"54":{"rect":{"x":33,"y":0,"width":21,"height":30},"xOffset":0,"yOffset":4,"xAdvance":24},"55":{"rect":{"x":66,"y":61,"width":19,"height":28},"xOffset":0,"yOffset":5,"xAdvance":22},"56":{"rect":{"x":32,"y":32,"width":21,"height":29},"xOffset":0,"yOffset":5,"xAdvance":24},"57":{"rect":{"x":23,"y":65,"width":21,"height":30},"xOffset":0,"yOffset":4,"xAdvance":24},"19975":{"rect":{"x":0,"y":0,"width":32,"height":31},"xOffset":0,"yOffset":2,"xAdvance":35},"21315":{"rect":{"x":0,"y":32,"width":31,"height":32},"xOffset":0,"yOffset":2,"xAdvance":34}},"kerningDict":{}}}]