[{"__type__":"cc.SpriteFrame","content":{"name":"time","texture":"ef3RhQ0DpBKZnm2fb7AeVP","rect":[1,0,118,64],"offset":[-4,0],"originalSize":[128,64],"capInsets":[0,0,0,0]}},{"__type__":"cc.BitmapFont","_name":"time","spriteFrame":{"__uuid__":"4eSgeKiQVDaa1ov9mxUtfP"},"fontSize":1,"_fntConfig":{"commonHeight":32,"fontSize":1,"atlasName":"time.png","fontDefDictionary":{"32":{"rect":{"x":0,"y":0,"width":0,"height":0},"xOffset":0,"yOffset":0,"xAdvance":24},"48":{"rect":{"x":0,"y":0,"width":24,"height":32},"xOffset":0,"yOffset":0,"xAdvance":24},"49":{"rect":{"x":0,"y":32,"width":24,"height":32},"xOffset":0,"yOffset":0,"xAdvance":24},"50":{"rect":{"x":24,"y":0,"width":24,"height":32},"xOffset":0,"yOffset":0,"xAdvance":24},"51":{"rect":{"x":24,"y":32,"width":24,"height":32},"xOffset":0,"yOffset":0,"xAdvance":24},"52":{"rect":{"x":48,"y":0,"width":24,"height":32},"xOffset":0,"yOffset":0,"xAdvance":24},"53":{"rect":{"x":48,"y":32,"width":24,"height":32},"xOffset":0,"yOffset":0,"xAdvance":24},"54":{"rect":{"x":72,"y":0,"width":24,"height":32},"xOffset":0,"yOffset":0,"xAdvance":24},"55":{"rect":{"x":72,"y":32,"width":24,"height":32},"xOffset":0,"yOffset":0,"xAdvance":24},"56":{"rect":{"x":96,"y":0,"width":24,"height":32},"xOffset":0,"yOffset":0,"xAdvance":24},"57":{"rect":{"x":96,"y":32,"width":24,"height":32},"xOffset":0,"yOffset":0,"xAdvance":24}},"kerningDict":{}}}]