{"__type__":"sp.SkeletonData","_name":"qiepai37","_skeletonJson":{"skeleton":{"hash":"zpCp/Y6V9tWsUX924SP+Srk3sp4","spine":"3.6.53","width":239.42,"height":276.39,"images":""},"bones":[{"name":"root"},{"name":"allall","parent":"root"},{"name":"all1","parent":"allall","y":48.81},{"name":"1","parent":"all1","y":-50.11,"scaleY":0.713},{"name":"2","parent":"all1","y":-52.19,"scaleY":0.713},{"name":"3","parent":"all1","y":-54.26,"scaleY":0.713},{"name":"4","parent":"all1","y":-55.61,"scaleY":0.713},{"name":"5","parent":"all1","y":-56.22,"scaleY":0.713},{"name":"6","parent":"all1","y":-57.56,"scaleY":0.713},{"name":"7","parent":"all1","y":-60.42,"scaleY":0.713},{"name":"8","parent":"all1","y":-66.16,"scaleY":0.713},{"name":"9","parent":"all1","y":-70.43,"scaleY":0.713},{"name":"10","parent":"all1","y":-74.7,"scaleY":0.713},{"name":"11","parent":"all1","y":-78.24,"scaleY":0.713},{"name":"12","parent":"all1","y":-79.59,"scaleY":0.713},{"name":"all22","parent":"allall","x":-0.82,"y":34.92,"scaleX":-1},{"name":"all2","parent":"all22","y":48.81},{"name":"13","parent":"all2","y":-50.11,"scaleY":0.713},{"name":"14","parent":"all2","y":-52.19,"scaleY":0.713},{"name":"15","parent":"all2","y":-54.26,"scaleY":0.713},{"name":"16","parent":"all2","y":-55.61,"scaleY":0.713},{"name":"17","parent":"all2","y":-56.22,"scaleY":0.713},{"name":"18","parent":"all2","y":-57.56,"scaleY":0.713},{"name":"19","parent":"all2","y":-60.42,"scaleY":0.713},{"name":"20","parent":"all2","y":-66.16,"scaleY":0.713},{"name":"21","parent":"all2","y":-70.43,"scaleY":0.713},{"name":"22","parent":"all2","y":-74.7,"scaleY":0.713},{"name":"23","parent":"all2","y":-78.24,"scaleY":0.713},{"name":"24","parent":"all2","y":-79.59,"scaleY":0.713}],"slots":[{"name":"12","bone":"12","attachment":"paibei"},{"name":"11","bone":"11","attachment":"paibei"},{"name":"10","bone":"10","attachment":"paibei"},{"name":"9","bone":"9","attachment":"paibei"},{"name":"8","bone":"8","attachment":"paibei"},{"name":"7","bone":"7","attachment":"paibei"},{"name":"6","bone":"6","attachment":"paibei"},{"name":"5","bone":"5","attachment":"paibei"},{"name":"4","bone":"4","attachment":"paibei"},{"name":"3","bone":"3","attachment":"paibei"},{"name":"2","bone":"2","attachment":"paibei"},{"name":"1","bone":"1","attachment":"paibei"},{"name":"24","bone":"24","attachment":"paibei"},{"name":"23","bone":"23","attachment":"paibei"},{"name":"22","bone":"22","attachment":"paibei"},{"name":"21","bone":"21","attachment":"paibei"},{"name":"20","bone":"20","attachment":"paibei"},{"name":"19","bone":"19","attachment":"paibei"},{"name":"18","bone":"18","attachment":"paibei"},{"name":"17","bone":"17","attachment":"paibei"},{"name":"16","bone":"16","attachment":"paibei"},{"name":"15","bone":"15","attachment":"paibei"},{"name":"14","bone":"14","attachment":"paibei"},{"name":"13","bone":"13","attachment":"paibei"}],"skins":{"default":{"1":{"paibei":{"type":"mesh","uvs":[1,0.0931,1,0.20122,1,0.33637,1,0.46972,1,0.62109,1,0.75263,1,0.88779,1,1,0,1,0,0.88779,0,0.75263,0,0.61748,0,0.46972,0,0.33457,0,0.20122,0,0.08949,0,0,1,0],"triangles":[9,10,5,10,11,4,11,12,3,12,13,2,13,14,1,8,6,7,8,9,6,9,5,6,14,15,0,15,16,17,11,3,4,12,2,3,13,1,2,14,0,1,15,17,0,10,4,5],"vertices":[1,3,98.31,120.94,1,1,3,100.62,88.81,1,1,3,103.5,48.64,1,1,3,106.35,9,1,1,3,109.59,-35.99,1,1,3,112.4,-75.09,1,1,3,115.29,-115.26,1,1,3,117.68,-148.62,1,1,3,-120.12,-148.33,1,1,3,-116.95,-115.04,1,1,3,-113.14,-74.95,1,1,3,-109.32,-34.85,1,1,3,-105.14,8.98,1,1,3,-101.33,49.08,1,1,3,-97.56,88.64,1,1,3,-94.41,121.78,1,1,3,-91.88,148.33,1,1,3,96.32,148.62,1],"hull":18,"edges":[14,16,32,34,16,18,14,12,18,12,18,20,12,10,20,10,20,22,10,8,22,8,22,24,8,6,24,6,24,26,6,4,26,4,26,28,4,2,28,2,28,30,30,32,2,0,0,34,30,0],"width":213,"height":298}},"2":{"paibei":{"type":"mesh","uvs":[1,0.0931,1,0.20122,1,0.33637,1,0.46972,1,0.62109,1,0.75263,1,0.88779,1,1,0,1,0,0.88779,0,0.75263,0,0.61748,0,0.46972,0,0.33457,0,0.20122,0,0.08949,0,0,1,0],"triangles":[9,10,5,10,11,4,11,12,3,12,13,2,13,14,1,8,6,7,8,9,6,9,5,6,14,15,0,15,16,17,11,3,4,12,2,3,13,1,2,14,0,1,15,17,0,10,4,5],"vertices":[1,4,98.31,120.94,1,1,4,100.62,88.81,1,1,4,103.5,48.64,1,1,4,106.35,9,1,1,4,109.59,-35.99,1,1,4,112.4,-75.09,1,1,4,115.29,-115.26,1,1,4,117.68,-148.62,1,1,4,-120.12,-148.33,1,1,4,-116.95,-115.04,1,1,4,-113.14,-74.95,1,1,4,-109.32,-34.85,1,1,4,-105.14,8.98,1,1,4,-101.33,49.08,1,1,4,-97.56,88.64,1,1,4,-94.41,121.78,1,1,4,-91.88,148.33,1,1,4,96.32,148.62,1],"hull":18,"edges":[14,16,32,34,16,18,14,12,18,12,18,20,12,10,20,10,20,22,10,8,22,8,22,24,8,6,24,6,24,26,6,4,26,4,26,28,4,2,28,2,28,30,30,32,2,0,0,34,30,0],"width":213,"height":298}},"3":{"paibei":{"type":"mesh","uvs":[1,0.0931,1,0.20122,1,0.33637,1,0.46972,1,0.62109,1,0.75263,1,0.88779,1,1,0,1,0,0.88779,0,0.75263,0,0.61748,0,0.46972,0,0.33457,0,0.20122,0,0.08949,0,0,1,0],"triangles":[9,10,5,10,11,4,11,12,3,12,13,2,13,14,1,8,6,7,8,9,6,9,5,6,14,15,0,15,16,17,11,3,4,12,2,3,13,1,2,14,0,1,15,17,0,10,4,5],"vertices":[1,5,98.31,120.94,1,1,5,100.62,88.81,1,1,5,103.5,48.64,1,1,5,106.35,9,1,1,5,109.59,-35.99,1,1,5,112.4,-75.09,1,1,5,115.29,-115.26,1,1,5,117.68,-148.62,1,1,5,-120.12,-148.33,1,1,5,-116.95,-115.04,1,1,5,-113.14,-74.95,1,1,5,-109.32,-34.85,1,1,5,-105.14,8.98,1,1,5,-101.33,49.08,1,1,5,-97.56,88.64,1,1,5,-94.41,121.78,1,1,5,-91.88,148.33,1,1,5,96.32,148.62,1],"hull":18,"edges":[14,16,32,34,16,18,14,12,18,12,18,20,12,10,20,10,20,22,10,8,22,8,22,24,8,6,24,6,24,26,6,4,26,4,26,28,4,2,28,2,28,30,30,32,2,0,0,34,30,0],"width":213,"height":298}},"4":{"paibei":{"type":"mesh","uvs":[1,0.0931,1,0.20122,1,0.33637,1,0.46972,1,0.62109,1,0.75263,1,0.88779,1,1,0,1,0,0.88779,0,0.75263,0,0.61748,0,0.46972,0,0.33457,0,0.20122,0,0.08949,0,0,1,0],"triangles":[9,10,5,10,11,4,11,12,3,12,13,2,13,14,1,8,6,7,8,9,6,9,5,6,14,15,0,15,16,17,11,3,4,12,2,3,13,1,2,14,0,1,15,17,0,10,4,5],"vertices":[1,6,98.31,120.94,1,1,6,100.62,88.81,1,1,6,103.5,48.64,1,1,6,106.35,9,1,1,6,109.59,-35.99,1,1,6,112.4,-75.09,1,1,6,115.29,-115.26,1,1,6,117.68,-148.62,1,1,6,-120.12,-148.33,1,1,6,-116.95,-115.04,1,1,6,-113.14,-74.95,1,1,6,-109.32,-34.85,1,1,6,-105.14,8.98,1,1,6,-101.33,49.08,1,1,6,-97.56,88.64,1,1,6,-94.41,121.78,1,1,6,-91.88,148.33,1,1,6,96.32,148.62,1],"hull":18,"edges":[14,16,32,34,16,18,14,12,18,12,18,20,12,10,20,10,20,22,10,8,22,8,22,24,8,6,24,6,24,26,6,4,26,4,26,28,4,2,28,2,28,30,30,32,2,0,0,34,30,0],"width":213,"height":298}},"5":{"paibei":{"type":"mesh","uvs":[1,0.0931,1,0.20122,1,0.33637,1,0.46972,1,0.62109,1,0.75263,1,0.88779,1,1,0,1,0,0.88779,0,0.75263,0,0.61748,0,0.46972,0,0.33457,0,0.20122,0,0.08949,0,0,1,0],"triangles":[9,10,5,10,11,4,11,12,3,12,13,2,13,14,1,8,6,7,8,9,6,9,5,6,14,15,0,15,16,17,11,3,4,12,2,3,13,1,2,14,0,1,15,17,0,10,4,5],"vertices":[1,7,98.31,120.94,1,1,7,100.62,88.81,1,1,7,103.5,48.64,1,1,7,106.35,9,1,1,7,109.59,-35.99,1,1,7,112.4,-75.09,1,1,7,115.29,-115.26,1,1,7,117.68,-148.62,1,1,7,-120.12,-148.33,1,1,7,-116.95,-115.04,1,1,7,-113.14,-74.95,1,1,7,-109.32,-34.85,1,1,7,-105.14,8.98,1,1,7,-101.33,49.08,1,1,7,-97.56,88.64,1,1,7,-94.41,121.78,1,1,7,-91.88,148.33,1,1,7,96.32,148.62,1],"hull":18,"edges":[14,16,32,34,16,18,14,12,18,12,18,20,12,10,20,10,20,22,10,8,22,8,22,24,8,6,24,6,24,26,6,4,26,4,26,28,4,2,28,2,28,30,30,32,2,0,0,34,30,0],"width":213,"height":298}},"6":{"paibei":{"type":"mesh","uvs":[1,0.0931,1,0.20122,1,0.33637,1,0.46972,1,0.62109,1,0.75263,1,0.88779,1,1,0,1,0,0.88779,0,0.75263,0,0.61748,0,0.46972,0,0.33457,0,0.20122,0,0.08949,0,0,1,0],"triangles":[9,10,5,10,11,4,11,12,3,12,13,2,13,14,1,8,6,7,8,9,6,9,5,6,14,15,0,15,16,17,11,3,4,12,2,3,13,1,2,14,0,1,15,17,0,10,4,5],"vertices":[1,8,98.31,120.94,1,1,8,100.62,88.81,1,1,8,103.5,48.64,1,1,8,106.35,9,1,1,8,109.59,-35.99,1,1,8,112.4,-75.09,1,1,8,115.29,-115.26,1,1,8,117.68,-148.62,1,1,8,-120.12,-148.33,1,1,8,-116.95,-115.04,1,1,8,-113.14,-74.95,1,1,8,-109.32,-34.85,1,1,8,-105.14,8.98,1,1,8,-101.33,49.08,1,1,8,-97.56,88.64,1,1,8,-94.41,121.78,1,1,8,-91.88,148.33,1,1,8,96.32,148.62,1],"hull":18,"edges":[14,16,32,34,16,18,14,12,18,12,18,20,12,10,20,10,20,22,10,8,22,8,22,24,8,6,24,6,24,26,6,4,26,4,26,28,4,2,28,2,28,30,30,32,2,0,0,34,30,0],"width":213,"height":298}},"7":{"paibei":{"type":"mesh","uvs":[1,0.0931,1,0.20122,1,0.33637,1,0.46972,1,0.62109,1,0.75263,1,0.88779,1,1,0,1,0,0.88779,0,0.75263,0,0.61748,0,0.46972,0,0.33457,0,0.20122,0,0.08949,0,0,1,0],"triangles":[9,10,5,10,11,4,11,12,3,12,13,2,13,14,1,8,6,7,8,9,6,9,5,6,14,15,0,15,16,17,11,3,4,12,2,3,13,1,2,14,0,1,15,17,0,10,4,5],"vertices":[1,9,98.31,120.94,1,1,9,100.62,88.81,1,1,9,103.5,48.64,1,1,9,106.35,9,1,1,9,109.59,-35.99,1,1,9,112.4,-75.09,1,1,9,115.29,-115.26,1,1,9,117.68,-148.62,1,1,9,-120.12,-148.33,1,1,9,-116.95,-115.04,1,1,9,-113.14,-74.95,1,1,9,-109.32,-34.85,1,1,9,-105.14,8.98,1,1,9,-101.33,49.08,1,1,9,-97.56,88.64,1,1,9,-94.41,121.78,1,1,9,-91.88,148.33,1,1,9,96.32,148.62,1],"hull":18,"edges":[14,16,32,34,16,18,14,12,18,12,18,20,12,10,20,10,20,22,10,8,22,8,22,24,8,6,24,6,24,26,6,4,26,4,26,28,4,2,28,2,28,30,30,32,2,0,0,34,30,0],"width":213,"height":298}},"8":{"paibei":{"type":"mesh","uvs":[1,0.0931,1,0.20122,1,0.33637,1,0.46972,1,0.62109,1,0.75263,1,0.88779,1,1,0,1,0,0.88779,0,0.75263,0,0.61748,0,0.46972,0,0.33457,0,0.20122,0,0.08949,0,0,1,0],"triangles":[9,10,5,10,11,4,11,12,3,12,13,2,13,14,1,8,6,7,8,9,6,9,5,6,14,15,0,15,16,17,11,3,4,12,2,3,13,1,2,14,0,1,15,17,0,10,4,5],"vertices":[1,10,98.31,120.94,1,1,10,100.62,88.81,1,1,10,103.5,48.64,1,1,10,106.35,9,1,1,10,109.59,-35.99,1,1,10,112.4,-75.09,1,1,10,115.29,-115.26,1,1,10,117.68,-148.62,1,1,10,-120.12,-148.33,1,1,10,-116.95,-115.04,1,1,10,-113.14,-74.95,1,1,10,-109.32,-34.85,1,1,10,-105.14,8.98,1,1,10,-101.33,49.08,1,1,10,-97.56,88.64,1,1,10,-94.41,121.78,1,1,10,-91.88,148.33,1,1,10,96.32,148.62,1],"hull":18,"edges":[14,16,32,34,16,18,14,12,18,12,18,20,12,10,20,10,20,22,10,8,22,8,22,24,8,6,24,6,24,26,6,4,26,4,26,28,4,2,28,2,28,30,30,32,2,0,0,34,30,0],"width":213,"height":298}},"9":{"paibei":{"type":"mesh","uvs":[1,0.0931,1,0.20122,1,0.33637,1,0.46972,1,0.62109,1,0.75263,1,0.88779,1,1,0,1,0,0.88779,0,0.75263,0,0.61748,0,0.46972,0,0.33457,0,0.20122,0,0.08949,0,0,1,0],"triangles":[9,10,5,10,11,4,11,12,3,12,13,2,13,14,1,8,6,7,8,9,6,9,5,6,14,15,0,15,16,17,11,3,4,12,2,3,13,1,2,14,0,1,15,17,0,10,4,5],"vertices":[1,11,98.31,120.94,1,1,11,100.62,88.81,1,1,11,103.5,48.64,1,1,11,106.35,9,1,1,11,109.59,-35.99,1,1,11,112.4,-75.09,1,1,11,115.29,-115.26,1,1,11,117.68,-148.62,1,1,11,-120.12,-148.33,1,1,11,-116.95,-115.04,1,1,11,-113.14,-74.95,1,1,11,-109.32,-34.85,1,1,11,-105.14,8.98,1,1,11,-101.33,49.08,1,1,11,-97.56,88.64,1,1,11,-94.41,121.78,1,1,11,-91.88,148.33,1,1,11,96.32,148.62,1],"hull":18,"edges":[14,16,32,34,16,18,14,12,18,12,18,20,12,10,20,10,20,22,10,8,22,8,22,24,8,6,24,6,24,26,6,4,26,4,26,28,4,2,28,2,28,30,30,32,2,0,0,34,30,0],"width":213,"height":298}},"10":{"paibei":{"type":"mesh","uvs":[1,0.0931,1,0.20122,1,0.33637,1,0.46972,1,0.62109,1,0.75263,1,0.88779,1,1,0,1,0,0.88779,0,0.75263,0,0.61748,0,0.46972,0,0.33457,0,0.20122,0,0.08949,0,0,1,0],"triangles":[9,10,5,10,11,4,11,12,3,12,13,2,13,14,1,8,6,7,8,9,6,9,5,6,14,15,0,15,16,17,11,3,4,12,2,3,13,1,2,14,0,1,15,17,0,10,4,5],"vertices":[1,12,98.31,120.94,1,1,12,100.62,88.81,1,1,12,103.5,48.64,1,1,12,106.35,9,1,1,12,109.59,-35.99,1,1,12,112.4,-75.09,1,1,12,115.29,-115.26,1,1,12,117.68,-148.62,1,1,12,-120.12,-148.33,1,1,12,-116.95,-115.04,1,1,12,-113.14,-74.95,1,1,12,-109.32,-34.85,1,1,12,-105.14,8.98,1,1,12,-101.33,49.08,1,1,12,-97.56,88.64,1,1,12,-94.41,121.78,1,1,12,-91.88,148.33,1,1,12,96.32,148.62,1],"hull":18,"edges":[14,16,32,34,16,18,14,12,18,12,18,20,12,10,20,10,20,22,10,8,22,8,22,24,8,6,24,6,24,26,6,4,26,4,26,28,4,2,28,2,28,30,30,32,2,0,0,34,30,0],"width":213,"height":298}},"11":{"paibei":{"type":"mesh","uvs":[1,0.0931,1,0.20122,1,0.33637,1,0.46972,1,0.62109,1,0.75263,1,0.88779,1,1,0,1,0,0.88779,0,0.75263,0,0.61748,0,0.46972,0,0.33457,0,0.20122,0,0.08949,0,0,1,0],"triangles":[9,10,5,10,11,4,11,12,3,12,13,2,13,14,1,8,6,7,8,9,6,9,5,6,14,15,0,15,16,17,11,3,4,12,2,3,13,1,2,14,0,1,15,17,0,10,4,5],"vertices":[1,13,98.31,120.94,1,1,13,100.62,88.81,1,1,13,103.5,48.64,1,1,13,106.35,9,1,1,13,109.59,-35.99,1,1,13,112.4,-75.09,1,1,13,115.29,-115.26,1,1,13,117.68,-148.62,1,1,13,-120.12,-148.33,1,1,13,-116.95,-115.04,1,1,13,-113.14,-74.95,1,1,13,-109.32,-34.85,1,1,13,-105.14,8.98,1,1,13,-101.33,49.08,1,1,13,-97.56,88.64,1,1,13,-94.41,121.78,1,1,13,-91.88,148.33,1,1,13,96.32,148.62,1],"hull":18,"edges":[14,16,32,34,16,18,14,12,18,12,18,20,12,10,20,10,20,22,10,8,22,8,22,24,8,6,24,6,24,26,6,4,26,4,26,28,4,2,28,2,28,30,30,32,2,0,0,34,30,0],"width":213,"height":298}},"12":{"paibei":{"type":"mesh","uvs":[1,0.0931,1,0.20122,1,0.33637,1,0.46972,1,0.62109,1,0.75263,1,0.88779,1,1,0,1,0,0.88779,0,0.75263,0,0.61748,0,0.46972,0,0.33457,0,0.20122,0,0.08949,0,0,1,0],"triangles":[9,10,5,10,11,4,11,12,3,12,13,2,13,14,1,8,6,7,8,9,6,9,5,6,14,15,0,15,16,17,11,3,4,12,2,3,13,1,2,14,0,1,15,17,0,10,4,5],"vertices":[1,14,98.31,120.94,1,1,14,100.62,88.81,1,1,14,103.5,48.64,1,1,14,106.35,9,1,1,14,109.59,-35.99,1,1,14,112.4,-75.09,1,1,14,115.29,-115.26,1,1,14,117.68,-148.62,1,1,14,-120.12,-148.33,1,1,14,-116.95,-115.04,1,1,14,-113.14,-74.95,1,1,14,-109.32,-34.85,1,1,14,-105.14,8.98,1,1,14,-101.33,49.08,1,1,14,-97.56,88.64,1,1,14,-94.41,121.78,1,1,14,-91.88,148.33,1,1,14,96.32,148.62,1],"hull":18,"edges":[14,16,32,34,16,18,14,12,18,12,18,20,12,10,20,10,20,22,10,8,22,8,22,24,8,6,24,6,24,26,6,4,26,4,26,28,4,2,28,2,28,30,30,32,2,0,0,34,30,0],"width":213,"height":298}},"13":{"paibei":{"type":"mesh","uvs":[1,0.0931,1,0.20122,1,0.33637,1,0.46972,1,0.62109,1,0.75263,1,0.88779,1,1,0,1,0,0.88779,0,0.75263,0,0.61748,0,0.46972,0,0.33457,0,0.20122,0,0.08949,0,0,1,0],"triangles":[9,10,5,10,11,4,11,12,3,12,13,2,13,14,1,8,6,7,8,9,6,9,5,6,14,15,0,15,16,17,11,3,4,12,2,3,13,1,2,14,0,1,15,17,0,10,4,5],"vertices":[1,17,98.31,120.94,1,1,17,100.62,88.81,1,1,17,103.5,48.64,1,1,17,106.35,9,1,1,17,109.59,-35.99,1,1,17,112.4,-75.09,1,1,17,115.29,-115.26,1,1,17,117.68,-148.62,1,1,17,-120.12,-148.33,1,1,17,-116.95,-115.04,1,1,17,-113.14,-74.95,1,1,17,-109.32,-34.85,1,1,17,-105.14,8.98,1,1,17,-101.33,49.08,1,1,17,-97.56,88.64,1,1,17,-94.41,121.78,1,1,17,-91.88,148.33,1,1,17,96.32,148.62,1],"hull":18,"edges":[14,16,32,34,16,18,14,12,18,12,18,20,12,10,20,10,20,22,10,8,22,8,22,24,8,6,24,6,24,26,6,4,26,4,26,28,4,2,28,2,28,30,30,32,2,0,0,34,30,0],"width":213,"height":298}},"14":{"paibei":{"type":"mesh","uvs":[1,0.0931,1,0.20122,1,0.33637,1,0.46972,1,0.62109,1,0.75263,1,0.88779,1,1,0,1,0,0.88779,0,0.75263,0,0.61748,0,0.46972,0,0.33457,0,0.20122,0,0.08949,0,0,1,0],"triangles":[9,10,5,10,11,4,11,12,3,12,13,2,13,14,1,8,6,7,8,9,6,9,5,6,14,15,0,15,16,17,11,3,4,12,2,3,13,1,2,14,0,1,15,17,0,10,4,5],"vertices":[1,18,98.31,120.94,1,1,18,100.62,88.81,1,1,18,103.5,48.64,1,1,18,106.35,9,1,1,18,109.59,-35.99,1,1,18,112.4,-75.09,1,1,18,115.29,-115.26,1,1,18,117.68,-148.62,1,1,18,-120.12,-148.33,1,1,18,-116.95,-115.04,1,1,18,-113.14,-74.95,1,1,18,-109.32,-34.85,1,1,18,-105.14,8.98,1,1,18,-101.33,49.08,1,1,18,-97.56,88.64,1,1,18,-94.41,121.78,1,1,18,-91.88,148.33,1,1,18,96.32,148.62,1],"hull":18,"edges":[14,16,32,34,16,18,14,12,18,12,18,20,12,10,20,10,20,22,10,8,22,8,22,24,8,6,24,6,24,26,6,4,26,4,26,28,4,2,28,2,28,30,30,32,2,0,0,34,30,0],"width":213,"height":298}},"15":{"paibei":{"type":"mesh","uvs":[1,0.0931,1,0.20122,1,0.33637,1,0.46972,1,0.62109,1,0.75263,1,0.88779,1,1,0,1,0,0.88779,0,0.75263,0,0.61748,0,0.46972,0,0.33457,0,0.20122,0,0.08949,0,0,1,0],"triangles":[9,10,5,10,11,4,11,12,3,12,13,2,13,14,1,8,6,7,8,9,6,9,5,6,14,15,0,15,16,17,11,3,4,12,2,3,13,1,2,14,0,1,15,17,0,10,4,5],"vertices":[1,19,98.31,120.94,1,1,19,100.62,88.81,1,1,19,103.5,48.64,1,1,19,106.35,9,1,1,19,109.59,-35.99,1,1,19,112.4,-75.09,1,1,19,115.29,-115.26,1,1,19,117.68,-148.62,1,1,19,-120.12,-148.33,1,1,19,-116.95,-115.04,1,1,19,-113.14,-74.95,1,1,19,-109.32,-34.85,1,1,19,-105.14,8.98,1,1,19,-101.33,49.08,1,1,19,-97.56,88.64,1,1,19,-94.41,121.78,1,1,19,-91.88,148.33,1,1,19,96.32,148.62,1],"hull":18,"edges":[14,16,32,34,16,18,14,12,18,12,18,20,12,10,20,10,20,22,10,8,22,8,22,24,8,6,24,6,24,26,6,4,26,4,26,28,4,2,28,2,28,30,30,32,2,0,0,34,30,0],"width":213,"height":298}},"16":{"paibei":{"type":"mesh","uvs":[1,0.0931,1,0.20122,1,0.33637,1,0.46972,1,0.62109,1,0.75263,1,0.88779,1,1,0,1,0,0.88779,0,0.75263,0,0.61748,0,0.46972,0,0.33457,0,0.20122,0,0.08949,0,0,1,0],"triangles":[9,10,5,10,11,4,11,12,3,12,13,2,13,14,1,8,6,7,8,9,6,9,5,6,14,15,0,15,16,17,11,3,4,12,2,3,13,1,2,14,0,1,15,17,0,10,4,5],"vertices":[1,20,98.31,120.94,1,1,20,100.62,88.81,1,1,20,103.5,48.64,1,1,20,106.35,9,1,1,20,109.59,-35.99,1,1,20,112.4,-75.09,1,1,20,115.29,-115.26,1,1,20,117.68,-148.62,1,1,20,-120.12,-148.33,1,1,20,-116.95,-115.04,1,1,20,-113.14,-74.95,1,1,20,-109.32,-34.85,1,1,20,-105.14,8.98,1,1,20,-101.33,49.08,1,1,20,-97.56,88.64,1,1,20,-94.41,121.78,1,1,20,-91.88,148.33,1,1,20,96.32,148.62,1],"hull":18,"edges":[14,16,32,34,16,18,14,12,18,12,18,20,12,10,20,10,20,22,10,8,22,8,22,24,8,6,24,6,24,26,6,4,26,4,26,28,4,2,28,2,28,30,30,32,2,0,0,34,30,0],"width":213,"height":298}},"17":{"paibei":{"type":"mesh","uvs":[1,0.0931,1,0.20122,1,0.33637,1,0.46972,1,0.62109,1,0.75263,1,0.88779,1,1,0,1,0,0.88779,0,0.75263,0,0.61748,0,0.46972,0,0.33457,0,0.20122,0,0.08949,0,0,1,0],"triangles":[9,10,5,10,11,4,11,12,3,12,13,2,13,14,1,8,6,7,8,9,6,9,5,6,14,15,0,15,16,17,11,3,4,12,2,3,13,1,2,14,0,1,15,17,0,10,4,5],"vertices":[1,21,98.31,120.94,1,1,21,100.62,88.81,1,1,21,103.5,48.64,1,1,21,106.35,9,1,1,21,109.59,-35.99,1,1,21,112.4,-75.09,1,1,21,115.29,-115.26,1,1,21,117.68,-148.62,1,1,21,-120.12,-148.33,1,1,21,-116.95,-115.04,1,1,21,-113.14,-74.95,1,1,21,-109.32,-34.85,1,1,21,-105.14,8.98,1,1,21,-101.33,49.08,1,1,21,-97.56,88.64,1,1,21,-94.41,121.78,1,1,21,-91.88,148.33,1,1,21,96.32,148.62,1],"hull":18,"edges":[14,16,32,34,16,18,14,12,18,12,18,20,12,10,20,10,20,22,10,8,22,8,22,24,8,6,24,6,24,26,6,4,26,4,26,28,4,2,28,2,28,30,30,32,2,0,0,34,30,0],"width":213,"height":298}},"18":{"paibei":{"type":"mesh","uvs":[1,0.0931,1,0.20122,1,0.33637,1,0.46972,1,0.62109,1,0.75263,1,0.88779,1,1,0,1,0,0.88779,0,0.75263,0,0.61748,0,0.46972,0,0.33457,0,0.20122,0,0.08949,0,0,1,0],"triangles":[9,10,5,10,11,4,11,12,3,12,13,2,13,14,1,8,6,7,8,9,6,9,5,6,14,15,0,15,16,17,11,3,4,12,2,3,13,1,2,14,0,1,15,17,0,10,4,5],"vertices":[1,22,98.31,120.94,1,1,22,100.62,88.81,1,1,22,103.5,48.64,1,1,22,106.35,9,1,1,22,109.59,-35.99,1,1,22,112.4,-75.09,1,1,22,115.29,-115.26,1,1,22,117.68,-148.62,1,1,22,-120.12,-148.33,1,1,22,-116.95,-115.04,1,1,22,-113.14,-74.95,1,1,22,-109.32,-34.85,1,1,22,-105.14,8.98,1,1,22,-101.33,49.08,1,1,22,-97.56,88.64,1,1,22,-94.41,121.78,1,1,22,-91.88,148.33,1,1,22,96.32,148.62,1],"hull":18,"edges":[14,16,32,34,16,18,14,12,18,12,18,20,12,10,20,10,20,22,10,8,22,8,22,24,8,6,24,6,24,26,6,4,26,4,26,28,4,2,28,2,28,30,30,32,2,0,0,34,30,0],"width":213,"height":298}},"19":{"paibei":{"type":"mesh","uvs":[1,0.0931,1,0.20122,1,0.33637,1,0.46972,1,0.62109,1,0.75263,1,0.88779,1,1,0,1,0,0.88779,0,0.75263,0,0.61748,0,0.46972,0,0.33457,0,0.20122,0,0.08949,0,0,1,0],"triangles":[9,10,5,10,11,4,11,12,3,12,13,2,13,14,1,8,6,7,8,9,6,9,5,6,14,15,0,15,16,17,11,3,4,12,2,3,13,1,2,14,0,1,15,17,0,10,4,5],"vertices":[1,23,98.31,120.94,1,1,23,100.62,88.81,1,1,23,103.5,48.64,1,1,23,106.35,9,1,1,23,109.59,-35.99,1,1,23,112.4,-75.09,1,1,23,115.29,-115.26,1,1,23,117.68,-148.62,1,1,23,-120.12,-148.33,1,1,23,-116.95,-115.04,1,1,23,-113.14,-74.95,1,1,23,-109.32,-34.85,1,1,23,-105.14,8.98,1,1,23,-101.33,49.08,1,1,23,-97.56,88.64,1,1,23,-94.41,121.78,1,1,23,-91.88,148.33,1,1,23,96.32,148.62,1],"hull":18,"edges":[14,16,32,34,16,18,14,12,18,12,18,20,12,10,20,10,20,22,10,8,22,8,22,24,8,6,24,6,24,26,6,4,26,4,26,28,4,2,28,2,28,30,30,32,2,0,0,34,30,0],"width":213,"height":298}},"20":{"paibei":{"type":"mesh","uvs":[1,0.0931,1,0.20122,1,0.33637,1,0.46972,1,0.62109,1,0.75263,1,0.88779,1,1,0,1,0,0.88779,0,0.75263,0,0.61748,0,0.46972,0,0.33457,0,0.20122,0,0.08949,0,0,1,0],"triangles":[9,10,5,10,11,4,11,12,3,12,13,2,13,14,1,8,6,7,8,9,6,9,5,6,14,15,0,15,16,17,11,3,4,12,2,3,13,1,2,14,0,1,15,17,0,10,4,5],"vertices":[1,24,98.31,120.94,1,1,24,100.62,88.81,1,1,24,103.5,48.64,1,1,24,106.35,9,1,1,24,109.59,-35.99,1,1,24,112.4,-75.09,1,1,24,115.29,-115.26,1,1,24,117.68,-148.62,1,1,24,-120.12,-148.33,1,1,24,-116.95,-115.04,1,1,24,-113.14,-74.95,1,1,24,-109.32,-34.85,1,1,24,-105.14,8.98,1,1,24,-101.33,49.08,1,1,24,-97.56,88.64,1,1,24,-94.41,121.78,1,1,24,-91.88,148.33,1,1,24,96.32,148.62,1],"hull":18,"edges":[14,16,32,34,16,18,14,12,18,12,18,20,12,10,20,10,20,22,10,8,22,8,22,24,8,6,24,6,24,26,6,4,26,4,26,28,4,2,28,2,28,30,30,32,2,0,0,34,30,0],"width":213,"height":298}},"21":{"paibei":{"type":"mesh","uvs":[1,0.0931,1,0.20122,1,0.33637,1,0.46972,1,0.62109,1,0.75263,1,0.88779,1,1,0,1,0,0.88779,0,0.75263,0,0.61748,0,0.46972,0,0.33457,0,0.20122,0,0.08949,0,0,1,0],"triangles":[9,10,5,10,11,4,11,12,3,12,13,2,13,14,1,8,6,7,8,9,6,9,5,6,14,15,0,15,16,17,11,3,4,12,2,3,13,1,2,14,0,1,15,17,0,10,4,5],"vertices":[1,25,98.31,120.94,1,1,25,100.62,88.81,1,1,25,103.5,48.64,1,1,25,106.35,9,1,1,25,109.59,-35.99,1,1,25,112.4,-75.09,1,1,25,115.29,-115.26,1,1,25,117.68,-148.62,1,1,25,-120.12,-148.33,1,1,25,-116.95,-115.04,1,1,25,-113.14,-74.95,1,1,25,-109.32,-34.85,1,1,25,-105.14,8.98,1,1,25,-101.33,49.08,1,1,25,-97.56,88.64,1,1,25,-94.41,121.78,1,1,25,-91.88,148.33,1,1,25,96.32,148.62,1],"hull":18,"edges":[14,16,32,34,16,18,14,12,18,12,18,20,12,10,20,10,20,22,10,8,22,8,22,24,8,6,24,6,24,26,6,4,26,4,26,28,4,2,28,2,28,30,30,32,2,0,0,34,30,0],"width":213,"height":298}},"22":{"paibei":{"type":"mesh","uvs":[1,0.0931,1,0.20122,1,0.33637,1,0.46972,1,0.62109,1,0.75263,1,0.88779,1,1,0,1,0,0.88779,0,0.75263,0,0.61748,0,0.46972,0,0.33457,0,0.20122,0,0.08949,0,0,1,0],"triangles":[9,10,5,10,11,4,11,12,3,12,13,2,13,14,1,8,6,7,8,9,6,9,5,6,14,15,0,15,16,17,11,3,4,12,2,3,13,1,2,14,0,1,15,17,0,10,4,5],"vertices":[1,26,98.31,120.94,1,1,26,100.62,88.81,1,1,26,103.5,48.64,1,1,26,106.35,9,1,1,26,109.59,-35.99,1,1,26,112.4,-75.09,1,1,26,115.29,-115.26,1,1,26,117.68,-148.62,1,1,26,-120.12,-148.33,1,1,26,-116.95,-115.04,1,1,26,-113.14,-74.95,1,1,26,-109.32,-34.85,1,1,26,-105.14,8.98,1,1,26,-101.33,49.08,1,1,26,-97.56,88.64,1,1,26,-94.41,121.78,1,1,26,-91.88,148.33,1,1,26,96.32,148.62,1],"hull":18,"edges":[14,16,32,34,16,18,14,12,18,12,18,20,12,10,20,10,20,22,10,8,22,8,22,24,8,6,24,6,24,26,6,4,26,4,26,28,4,2,28,2,28,30,30,32,2,0,0,34,30,0],"width":213,"height":298}},"23":{"paibei":{"type":"mesh","uvs":[1,0.0931,1,0.20122,1,0.33637,1,0.46972,1,0.62109,1,0.75263,1,0.88779,1,1,0,1,0,0.88779,0,0.75263,0,0.61748,0,0.46972,0,0.33457,0,0.20122,0,0.08949,0,0,1,0],"triangles":[9,10,5,10,11,4,11,12,3,12,13,2,13,14,1,8,6,7,8,9,6,9,5,6,14,15,0,15,16,17,11,3,4,12,2,3,13,1,2,14,0,1,15,17,0,10,4,5],"vertices":[1,27,98.31,120.94,1,1,27,100.62,88.81,1,1,27,103.5,48.64,1,1,27,106.35,9,1,1,27,109.59,-35.99,1,1,27,112.4,-75.09,1,1,27,115.29,-115.26,1,1,27,117.68,-148.62,1,1,27,-120.12,-148.33,1,1,27,-116.95,-115.04,1,1,27,-113.14,-74.95,1,1,27,-109.32,-34.85,1,1,27,-105.14,8.98,1,1,27,-101.33,49.08,1,1,27,-97.56,88.64,1,1,27,-94.41,121.78,1,1,27,-91.88,148.33,1,1,27,96.32,148.62,1],"hull":18,"edges":[14,16,32,34,16,18,14,12,18,12,18,20,12,10,20,10,20,22,10,8,22,8,22,24,8,6,24,6,24,26,6,4,26,4,26,28,4,2,28,2,28,30,30,32,2,0,0,34,30,0],"width":213,"height":298}},"24":{"paibei":{"type":"mesh","uvs":[1,0.0931,1,0.20122,1,0.33637,1,0.46972,1,0.62109,1,0.75263,1,0.88779,1,1,0,1,0,0.88779,0,0.75263,0,0.61748,0,0.46972,0,0.33457,0,0.20122,0,0.08949,0,0,1,0],"triangles":[9,10,5,10,11,4,11,12,3,12,13,2,13,14,1,8,6,7,8,9,6,9,5,6,14,15,0,15,16,17,11,3,4,12,2,3,13,1,2,14,0,1,15,17,0,10,4,5],"vertices":[1,28,98.31,120.94,1,1,28,100.62,88.81,1,1,28,103.5,48.64,1,1,28,106.35,9,1,1,28,109.59,-35.99,1,1,28,112.4,-75.09,1,1,28,115.29,-115.26,1,1,28,117.68,-148.62,1,1,28,-120.12,-148.33,1,1,28,-116.95,-115.04,1,1,28,-113.14,-74.95,1,1,28,-109.32,-34.85,1,1,28,-105.14,8.98,1,1,28,-101.33,49.08,1,1,28,-97.56,88.64,1,1,28,-94.41,121.78,1,1,28,-91.88,148.33,1,1,28,96.32,148.62,1],"hull":18,"edges":[14,16,32,34,16,18,14,12,18,12,18,20,12,10,20,10,20,22,10,8,22,8,22,24,8,6,24,6,24,26,6,4,26,4,26,28,4,2,28,2,28,30,30,32,2,0,0,34,30,0],"width":213,"height":298}}}},"animations":{"animation":{"bones":{"1":{"translate":[{"time":0.1667,"x":0,"y":0},{"time":0.5,"x":-21.77,"y":-40.57,"curve":"stepped"},{"time":1.3333,"x":-21.77,"y":-40.57},{"time":1.4667,"x":0,"y":0,"curve":"stepped"},{"time":1.5667,"x":0,"y":0},{"time":1.6667,"x":9.14,"y":-24.62},{"time":1.7667,"x":36.38,"y":-126.04},{"time":1.9667,"x":113.72,"y":-471.13,"curve":"stepped"},{"time":2.5,"x":113.72,"y":-471.13},{"time":2.5667,"x":76.75,"y":-1600.02,"curve":"stepped"},{"time":3.1333,"x":76.75,"y":-1600.02},{"time":3.4667,"x":0,"y":0}]},"2":{"translate":[{"time":0.1667,"x":0,"y":0,"curve":[0.245,0,0.711,0.83]},{"time":0.5,"x":-27.05,"y":-42.37,"curve":"stepped"},{"time":1.3333,"x":-27.05,"y":-42.37},{"time":1.4667,"x":0,"y":0,"curve":"stepped"},{"time":1.5667,"x":0,"y":0,"curve":[0.277,0,0.621,0.4]},{"time":1.9667,"x":109.17,"y":-478.01,"curve":"stepped"},{"time":2.4667,"x":109.17,"y":-478.01},{"time":2.5333,"x":74.67,"y":-1605.54,"curve":"stepped"},{"time":3.1333,"x":74.67,"y":-1605.54},{"time":3.4667,"x":0,"y":0}]},"3":{"translate":[{"time":0.1667,"x":0,"y":0,"curve":[0.245,0,0.711,0.83]},{"time":0.5,"x":-33.82,"y":-44.3,"curve":"stepped"},{"time":1.3333,"x":-33.82,"y":-44.3},{"time":1.4667,"x":0,"y":0,"curve":"stepped"},{"time":1.5667,"x":0,"y":0,"curve":[0.277,0,0.621,0.4]},{"time":1.9667,"x":109.56,"y":-482.21,"curve":"stepped"},{"time":2.4333,"x":109.56,"y":-482.21},{"time":2.5,"x":75.06,"y":-1609.75,"curve":"stepped"},{"time":3.1333,"x":75.06,"y":-1609.75},{"time":3.4667,"x":0,"y":0}]},"4":{"translate":[{"time":0.1667,"x":0,"y":0,"curve":[0.245,0,0.711,0.83]},{"time":0.5,"x":-39.25,"y":-46.64,"curve":"stepped"},{"time":1.3333,"x":-39.25,"y":-46.64},{"time":1.4667,"x":0,"y":0,"curve":"stepped"},{"time":1.5667,"x":0,"y":0,"curve":[0.277,0,0.621,0.4]},{"time":1.9667,"x":111.19,"y":-485.75,"curve":"stepped"},{"time":2.4,"x":111.19,"y":-485.75},{"time":2.4667,"x":76.69,"y":-1613.29,"curve":"stepped"},{"time":3.1333,"x":76.69,"y":-1613.29},{"time":3.4667,"x":0,"y":0}]},"5":{"translate":[{"time":0.1667,"x":0,"y":0,"curve":[0.245,0,0.711,0.83]},{"time":0.5,"x":-44.05,"y":-48.68,"curve":"stepped"},{"time":1.3333,"x":-44.05,"y":-48.68},{"time":1.4667,"x":0,"y":0,"curve":"stepped"},{"time":1.5667,"x":0,"y":0,"curve":[0.277,0,0.621,0.4]},{"time":1.9667,"x":111.07,"y":-491.35,"curve":"stepped"},{"time":2.3667,"x":111.07,"y":-491.35},{"time":2.4333,"x":76.57,"y":-1618.88,"curve":"stepped"},{"time":3.1333,"x":76.57,"y":-1618.88},{"time":3.4667,"x":0,"y":0}]},"6":{"translate":[{"time":0.1667,"x":0,"y":0,"curve":[0.25,0,0.75,1]},{"time":0.5,"x":-50.43,"y":-51.6,"curve":"stepped"},{"time":1.3333,"x":-50.43,"y":-51.6},{"time":1.4667,"x":0,"y":0,"curve":"stepped"},{"time":1.5667,"x":0,"y":0,"curve":[0.276,0,0.621,0.4]},{"time":1.7667,"x":32.92,"y":-132.02,"curve":[0.313,0.27,0.659,0.64]},{"time":1.9667,"x":111.07,"y":-491.35,"curve":"stepped"},{"time":2.3333,"x":111.07,"y":-491.35},{"time":2.4,"x":76.57,"y":-1618.88,"curve":"stepped"},{"time":3.1333,"x":76.57,"y":-1618.88},{"time":3.4667,"x":0,"y":0}]},"7":{"translate":[{"time":0.1667,"x":0,"y":0},{"time":0.5,"x":-55.13,"y":-51.51,"curve":"stepped"},{"time":1.3333,"x":-55.13,"y":-51.51},{"time":1.4667,"x":0,"y":0,"curve":"stepped"},{"time":1.5667,"x":0,"y":0},{"time":1.6667,"x":5.7,"y":-28.97},{"time":1.7667,"x":30.99,"y":-134.06},{"time":1.9667,"x":111.07,"y":-491.35,"curve":"stepped"},{"time":2.3,"x":111.07,"y":-491.35},{"time":2.3667,"x":76.57,"y":-1618.88,"curve":"stepped"},{"time":3.1333,"x":76.57,"y":-1618.88},{"time":3.4667,"x":0,"y":0}]},"8":{"translate":[{"time":0.1667,"x":0,"y":0,"curve":[0.245,0,0.711,0.83]},{"time":0.5,"x":-62,"y":-50.88,"curve":"stepped"},{"time":1.3333,"x":-62,"y":-50.88},{"time":1.4667,"x":0,"y":0,"curve":"stepped"},{"time":1.5667,"x":0,"y":0,"curve":[0.277,0,0.621,0.4]},{"time":1.9667,"x":109.83,"y":-492.02,"curve":"stepped"},{"time":2.2667,"x":109.83,"y":-492.02},{"time":2.3333,"x":75.33,"y":-1619.55,"curve":"stepped"},{"time":3.1333,"x":75.33,"y":-1619.55},{"time":3.4667,"x":0,"y":0}]},"9":{"translate":[{"time":0.1667,"x":0,"y":0,"curve":[0.245,0,0.711,0.83]},{"time":0.5,"x":-68.34,"y":-50.62,"curve":"stepped"},{"time":1.3333,"x":-68.34,"y":-50.62},{"time":1.4667,"x":0,"y":0,"curve":"stepped"},{"time":1.5667,"x":0,"y":0,"curve":[0.277,0,0.621,0.4]},{"time":1.9667,"x":107.56,"y":-495.46,"curve":"stepped"},{"time":2.2333,"x":107.56,"y":-495.46},{"time":2.3,"x":73.06,"y":-1622.99,"curve":"stepped"},{"time":3.1333,"x":73.06,"y":-1622.99},{"time":3.4667,"x":0,"y":0}]},"10":{"translate":[{"time":0.1667,"x":0,"y":0,"curve":[0.245,0,0.711,0.83]},{"time":0.5,"x":-75.38,"y":-50.58,"curve":"stepped"},{"time":1.3333,"x":-75.38,"y":-50.58},{"time":1.4667,"x":0,"y":0,"curve":"stepped"},{"time":1.5667,"x":0,"y":0,"curve":[0.277,0,0.621,0.4]},{"time":1.9667,"x":109.71,"y":-497.61,"curve":"stepped"},{"time":2.2,"x":109.71,"y":-497.61},{"time":2.2667,"x":75.21,"y":-1625.14,"curve":"stepped"},{"time":3.1333,"x":75.21,"y":-1625.14},{"time":3.4667,"x":0,"y":0}]},"11":{"translate":[{"time":0.1667,"x":0,"y":0,"curve":[0.245,0,0.711,0.83]},{"time":0.5,"x":-83.4,"y":-52.45,"curve":"stepped"},{"time":1.3333,"x":-83.4,"y":-52.45},{"time":1.4667,"x":0,"y":0,"curve":"stepped"},{"time":1.5667,"x":0,"y":0,"curve":[0.277,0,0.621,0.4]},{"time":1.9667,"x":108.15,"y":-501.77,"curve":"stepped"},{"time":2.1667,"x":108.15,"y":-501.77},{"time":2.2333,"x":73.65,"y":-1629.3,"curve":"stepped"},{"time":3.1333,"x":73.65,"y":-1629.3},{"time":3.4667,"x":0,"y":0}]},"12":{"translate":[{"time":0.1667,"x":0,"y":0,"curve":[0.25,0,0.75,1]},{"time":0.5,"x":-88.66,"y":-54.74,"curve":"stepped"},{"time":1.3333,"x":-88.66,"y":-54.74},{"time":1.4667,"x":0,"y":0,"curve":"stepped"},{"time":1.5667,"x":0,"y":0,"curve":[0.273,0,0.619,0.41]},{"time":1.9667,"x":108.23,"y":-509.46,"curve":"stepped"},{"time":2.1333,"x":108.23,"y":-509.46},{"time":2.2,"x":73.72,"y":-1637,"curve":"stepped"},{"time":3.1333,"x":73.72,"y":-1637},{"time":3.4667,"x":0,"y":0}]},"13":{"translate":[{"time":0.1667,"x":0,"y":0},{"time":0.5,"x":-21.77,"y":-40.57,"curve":"stepped"},{"time":1.3333,"x":-21.77,"y":-40.57},{"time":1.4667,"x":0,"y":0,"curve":"stepped"},{"time":1.5667,"x":0,"y":0},{"time":1.6667,"x":-7.95,"y":-20.91},{"time":1.7667,"x":-34.39,"y":-107.37},{"time":1.9667,"x":-115.56,"y":-417.3,"curve":"stepped"},{"time":2.9,"x":-115.56,"y":-417.3},{"time":2.9667,"x":-84.61,"y":-1542.93,"curve":"stepped"},{"time":3.1333,"x":-84.61,"y":-1542.93},{"time":3.4667,"x":0,"y":0}]},"14":{"translate":[{"time":0.1667,"x":0,"y":0,"curve":[0.245,0,0.711,0.83]},{"time":0.5,"x":-27.05,"y":-42.37,"curve":"stepped"},{"time":1.3333,"x":-27.05,"y":-42.37},{"time":1.4667,"x":0,"y":0,"curve":"stepped"},{"time":1.5667,"x":0,"y":0,"curve":[0.277,0,0.621,0.4]},{"time":1.9667,"x":-115.14,"y":-421.93,"curve":"stepped"},{"time":2.8667,"x":-115.14,"y":-421.93},{"time":2.9333,"x":-84.18,"y":-1547.57,"curve":"stepped"},{"time":3.1333,"x":-84.18,"y":-1547.57},{"time":3.4667,"x":0,"y":0}]},"15":{"translate":[{"time":0.1667,"x":0,"y":0,"curve":[0.245,0,0.711,0.83]},{"time":0.5,"x":-33.82,"y":-44.3,"curve":"stepped"},{"time":1.3333,"x":-33.82,"y":-44.3},{"time":1.4667,"x":0,"y":0,"curve":"stepped"},{"time":1.5667,"x":0,"y":0,"curve":[0.277,0,0.621,0.4]},{"time":1.9667,"x":-114.71,"y":-426.57,"curve":"stepped"},{"time":2.8333,"x":-114.71,"y":-426.57},{"time":2.9,"x":-83.75,"y":-1552.2,"curve":"stepped"},{"time":3.1333,"x":-83.75,"y":-1552.2},{"time":3.4667,"x":0,"y":0}]},"16":{"translate":[{"time":0.1667,"x":0,"y":0,"curve":[0.245,0,0.711,0.83]},{"time":0.5,"x":-39.25,"y":-46.64,"curve":"stepped"},{"time":1.3333,"x":-39.25,"y":-46.64},{"time":1.4667,"x":0,"y":0,"curve":"stepped"},{"time":1.5667,"x":0,"y":0,"curve":[0.277,0,0.621,0.4]},{"time":1.9667,"x":-114.28,"y":-431.2,"curve":"stepped"},{"time":2.8,"x":-114.28,"y":-431.2},{"time":2.8667,"x":-83.32,"y":-1556.84,"curve":"stepped"},{"time":3.1333,"x":-83.32,"y":-1556.84},{"time":3.4667,"x":0,"y":0}]},"17":{"translate":[{"time":0.1667,"x":0,"y":0,"curve":[0.245,0,0.711,0.83]},{"time":0.5,"x":-44.05,"y":-48.68,"curve":"stepped"},{"time":1.3333,"x":-44.05,"y":-48.68},{"time":1.4667,"x":0,"y":0,"curve":"stepped"},{"time":1.5667,"x":0,"y":0,"curve":[0.277,0,0.621,0.4]},{"time":1.9667,"x":-114.12,"y":-438.63,"curve":"stepped"},{"time":2.7667,"x":-114.12,"y":-438.63},{"time":2.8333,"x":-83.16,"y":-1564.26,"curve":"stepped"},{"time":3.1333,"x":-83.16,"y":-1564.26},{"time":3.4667,"x":0,"y":0}]},"18":{"translate":[{"time":0.1667,"x":0,"y":0,"curve":[0.25,0,0.75,1]},{"time":0.5,"x":-50.43,"y":-51.6,"curve":"stepped"},{"time":1.3333,"x":-50.43,"y":-51.6},{"time":1.4667,"x":0,"y":0,"curve":"stepped"},{"time":1.5667,"x":0,"y":0,"curve":[0.273,0,0.619,0.41]},{"time":1.9667,"x":-112.05,"y":-444.15,"curve":"stepped"},{"time":2.7333,"x":-112.05,"y":-444.15},{"time":2.8,"x":-81.09,"y":-1569.78,"curve":"stepped"},{"time":3.1333,"x":-81.09,"y":-1569.78},{"time":3.4667,"x":0,"y":0}]},"19":{"translate":[{"time":0.1667,"x":0,"y":0},{"time":0.5,"x":-55.13,"y":-51.51,"curve":"stepped"},{"time":1.3333,"x":-55.13,"y":-51.51},{"time":1.4667,"x":0,"y":0,"curve":"stepped"},{"time":1.5667,"x":0,"y":0},{"time":1.6667,"x":-10.56,"y":-25.01},{"time":1.7667,"x":-33.86,"y":-129.59},{"time":1.9667,"x":-112.31,"y":-446.94,"curve":"stepped"},{"time":2.7,"x":-112.31,"y":-446.94},{"time":2.7667,"x":-81.35,"y":-1572.58,"curve":"stepped"},{"time":3.1333,"x":-81.35,"y":-1572.58},{"time":3.4667,"x":0,"y":0}]},"20":{"translate":[{"time":0.1667,"x":0,"y":0,"curve":[0.245,0,0.711,0.83]},{"time":0.5,"x":-62,"y":-50.88,"curve":"stepped"},{"time":1.3333,"x":-62,"y":-50.88},{"time":1.4667,"x":0,"y":0,"curve":"stepped"},{"time":1.5667,"x":0,"y":0,"curve":[0.277,0,0.621,0.4]},{"time":1.9667,"x":-110.67,"y":-447.83,"curve":"stepped"},{"time":2.6667,"x":-110.67,"y":-447.83},{"time":2.7333,"x":-79.71,"y":-1573.47,"curve":"stepped"},{"time":3.1333,"x":-79.71,"y":-1573.47},{"time":3.4667,"x":0,"y":0}]},"21":{"translate":[{"time":0.1667,"x":0,"y":0,"curve":[0.245,0,0.711,0.83]},{"time":0.5,"x":-68.34,"y":-50.62,"curve":"stepped"},{"time":1.3333,"x":-68.34,"y":-50.62},{"time":1.4667,"x":0,"y":0,"curve":"stepped"},{"time":1.5667,"x":0,"y":0,"curve":[0.277,0,0.621,0.4]},{"time":1.9667,"x":-111.88,"y":-451.58,"curve":"stepped"},{"time":2.6333,"x":-111.88,"y":-451.58},{"time":2.7,"x":-80.92,"y":-1577.21,"curve":"stepped"},{"time":3.1333,"x":-80.92,"y":-1577.21},{"time":3.4667,"x":0,"y":0}]},"22":{"translate":[{"time":0.1667,"x":0,"y":0,"curve":[0.245,0,0.711,0.83]},{"time":0.5,"x":-75.38,"y":-50.58,"curve":"stepped"},{"time":1.3333,"x":-75.38,"y":-50.58},{"time":1.4667,"x":0,"y":0,"curve":"stepped"},{"time":1.5667,"x":0,"y":0,"curve":[0.277,0,0.621,0.4]},{"time":1.9667,"x":-111.46,"y":-456.21,"curve":"stepped"},{"time":2.6,"x":-111.46,"y":-456.21},{"time":2.6667,"x":-80.5,"y":-1581.85,"curve":"stepped"},{"time":3.1333,"x":-80.5,"y":-1581.85},{"time":3.4667,"x":0,"y":0}]},"23":{"translate":[{"time":0.1667,"x":0,"y":0,"curve":[0.245,0,0.711,0.83]},{"time":0.5,"x":-83.4,"y":-52.45,"curve":"stepped"},{"time":1.3333,"x":-83.4,"y":-52.45},{"time":1.4667,"x":0,"y":0,"curve":"stepped"},{"time":1.5667,"x":0,"y":0,"curve":[0.277,0,0.621,0.4]},{"time":1.9667,"x":-108.44,"y":-460.78,"curve":"stepped"},{"time":2.5667,"x":-108.44,"y":-460.78},{"time":2.6333,"x":-77.48,"y":-1586.41,"curve":"stepped"},{"time":3.1333,"x":-77.48,"y":-1586.41},{"time":3.4667,"x":0,"y":0}]},"24":{"translate":[{"time":0.1667,"x":0,"y":0,"curve":[0.25,0,0.75,1]},{"time":0.5,"x":-88.66,"y":-54.74,"curve":"stepped"},{"time":1.3333,"x":-88.66,"y":-54.74},{"time":1.4667,"x":0,"y":0,"curve":"stepped"},{"time":1.5667,"x":0,"y":0,"curve":[0.273,0,0.619,0.41]},{"time":1.9667,"x":-113.72,"y":-471.13,"curve":"stepped"},{"time":2.5333,"x":-113.72,"y":-471.13},{"time":2.6,"x":-82.76,"y":-1596.77,"curve":"stepped"},{"time":3.1333,"x":-82.76,"y":-1596.77},{"time":3.4667,"x":0,"y":0}]},"all1":{"rotate":[{"time":0.1667,"angle":0,"curve":[0.25,0,0.75,1]},{"time":0.5,"angle":74.02,"curve":"stepped"},{"time":1.3333,"angle":74.02},{"time":1.4667,"angle":0}],"translate":[{"time":0.1667,"x":0,"y":0,"curve":[0.25,0,0.75,1]},{"time":0.5,"x":60.77,"y":0,"curve":"stepped"},{"time":1.2333,"x":60.77,"y":0,"curve":[0.25,0,0.75,1]},{"time":1.3333,"x":-30.69,"y":0},{"time":1.4667,"x":0,"y":0}],"scale":[{"time":0.1667,"x":1,"y":1,"curve":[0.25,0,0.75,1]},{"time":0.5,"x":0.744,"y":1.093,"curve":"stepped"},{"time":1.3333,"x":0.744,"y":1.093},{"time":1.4667,"x":1,"y":1}],"shear":[{"time":0.1667,"x":0,"y":0,"curve":[0.245,0,0.711,0.83]},{"time":0.5,"x":-37.07,"y":-0.12,"curve":"stepped"},{"time":1.3333,"x":-37.07,"y":-0.12},{"time":1.4667,"x":0,"y":0}]},"all2":{"rotate":[{"time":0.1667,"angle":0,"curve":[0.25,0,0.75,1]},{"time":0.5,"angle":74.02,"curve":"stepped"},{"time":1.3333,"angle":74.02},{"time":1.4667,"angle":0}],"translate":[{"time":0.1667,"x":0,"y":0,"curve":[0.25,0,0.75,1]},{"time":0.5,"x":60.77,"y":-45.87,"curve":"stepped"},{"time":1.2333,"x":60.77,"y":-45.87},{"time":1.3333,"x":-18.82,"y":-37.77},{"time":1.4667,"x":0,"y":0}],"scale":[{"time":0.1667,"x":1,"y":1,"curve":[0.25,0,0.75,1]},{"time":0.5,"x":0.744,"y":1.093,"curve":"stepped"},{"time":1.3333,"x":0.744,"y":1.093},{"time":1.4667,"x":1,"y":1}],"shear":[{"time":0.1667,"x":0,"y":0,"curve":[0.245,0,0.711,0.83]},{"time":0.5,"x":-37.07,"y":-0.12,"curve":"stepped"},{"time":1.3333,"x":-37.07,"y":-0.12},{"time":1.4667,"x":0,"y":0}]},"allall":{"translate":[{"time":1.5667,"x":0,"y":0},{"time":1.9667,"x":-459.65,"y":411.1,"curve":"stepped"},{"time":3.1333,"x":-459.65,"y":411.1},{"time":3.4667,"x":0,"y":0}],"scale":[{"time":1.5667,"x":1,"y":1},{"time":1.9667,"x":1,"y":0.567,"curve":"stepped"},{"time":3.1333,"x":1,"y":0.567},{"time":3.4667,"x":1,"y":1}],"shear":[{"time":1.5667,"x":0,"y":0},{"time":1.9667,"x":27.38,"y":35.93,"curve":"stepped"},{"time":3.1333,"x":27.38,"y":35.93},{"time":3.4667,"x":0,"y":0}]},"all22":{"shear":[{"time":3.6333,"x":0,"y":0}]}},"deform":{"default":{"1":{"paibei":[{"time":0.5},{"time":0.6667,"vertices":[192.31082,152.58899,148.63583,117.93494,103.58539,82.18985,63.76518,50.59508,32.01826,25.40576,10.82333,8.58856,1.28503,1.01962,0,0,0,0,1.28503,1.01962,13.39344,10.62784,32.01826,25.40576,63.76518,50.59508,103.58539,82.18985,148.63583,117.93494,192.31082,152.58899,227.82272,180.76578,227.82275,180.76566],"curve":"stepped"},{"time":1.0333,"vertices":[192.31082,152.58899,148.63583,117.93494,103.58539,82.18985,63.76518,50.59508,32.01826,25.40576,10.82333,8.58856,1.28503,1.01962,0,0,0,0,1.28503,1.01962,13.39344,10.62784,32.01826,25.40576,63.76518,50.59508,103.58539,82.18985,148.63583,117.93494,192.31082,152.58899,227.82272,180.76578,227.82275,180.76566]},{"time":1.1,"curve":"stepped"},{"time":1.9667},{"time":2.1333,"vertices":[20.18814,75.54041,13.56638,50.75769,3.19565,11.95129,0,0,4.0903,15.29785,8.79768,32.91406,13.56485,50.76038,18.92426,45.28931,18.92426,45.28931,13.56485,50.76038,8.79768,32.91406,4.0903,15.29785,0,0,3.19565,11.95129,13.56638,50.75769,20.18814,75.54041,33.90851,126.87634,33.90854,126.87622],"curve":"stepped"},{"time":2.5,"vertices":[20.18814,75.54041,13.56638,50.75769,3.19565,11.95129,0,0,4.0903,15.29785,8.79768,32.91406,13.56485,50.76038,18.92426,45.28931,18.92426,45.28931,13.56485,50.76038,8.79768,32.91406,4.0903,15.29785,0,0,3.19565,11.95129,13.56638,50.75769,20.18814,75.54041,33.90851,126.87634,33.90854,126.87622]},{"time":2.5667}]},"2":{"paibei":[{"time":0.5},{"time":0.6667,"vertices":[192.31082,152.58899,148.63583,117.93494,103.58539,82.18985,63.76518,50.59508,32.01826,25.40576,10.82333,8.58856,1.28503,1.01962,0,0,0,0,1.28503,1.01962,13.39344,10.62784,32.01826,25.40576,63.76518,50.59508,103.58539,82.18985,148.63583,117.93494,192.31082,152.58899,227.82272,180.76578,227.82275,180.76566],"curve":"stepped"},{"time":1,"vertices":[192.31082,152.58899,148.63583,117.93494,103.58539,82.18985,63.76518,50.59508,32.01826,25.40576,10.82333,8.58856,1.28503,1.01962,0,0,0,0,1.28503,1.01962,13.39344,10.62784,32.01826,25.40576,63.76518,50.59508,103.58539,82.18985,148.63583,117.93494,192.31082,152.58899,227.82272,180.76578,227.82275,180.76566]},{"time":1.0667,"curve":"stepped"},{"time":1.9667},{"time":2.1333,"vertices":[20.18814,75.54041,13.56638,50.75769,3.19565,11.95129,0,0,4.0903,15.29785,8.79768,32.91406,13.56485,50.76038,18.92426,45.28931,18.92426,45.28931,13.56485,50.76038,8.79768,32.91406,4.0903,15.29785,0,0,3.19565,11.95129,13.56638,50.75769,20.18814,75.54041,33.90851,126.87634,33.90854,126.87622],"curve":"stepped"},{"time":2.4667,"vertices":[20.18814,75.54041,13.56638,50.75769,3.19565,11.95129,0,0,4.0903,15.29785,8.79768,32.91406,13.56485,50.76038,18.92426,45.28931,18.92426,45.28931,13.56485,50.76038,8.79768,32.91406,4.0903,15.29785,0,0,3.19565,11.95129,13.56638,50.75769,20.18814,75.54041,33.90851,126.87634,33.90854,126.87622]},{"time":2.5333}]},"3":{"paibei":[{"time":0.5},{"time":0.6667,"vertices":[192.31082,152.58899,148.63583,117.93494,103.58539,82.18985,63.76518,50.59508,32.01826,25.40576,10.82333,8.58856,1.28503,1.01962,0,0,0,0,1.28503,1.01962,13.39344,10.62784,32.01826,25.40576,63.76518,50.59508,103.58539,82.18985,148.63583,117.93494,192.31082,152.58899,227.82272,180.76578,227.82275,180.76566],"curve":"stepped"},{"time":0.9667,"vertices":[192.31082,152.58899,148.63583,117.93494,103.58539,82.18985,63.76518,50.59508,32.01826,25.40576,10.82333,8.58856,1.28503,1.01962,0,0,0,0,1.28503,1.01962,13.39344,10.62784,32.01826,25.40576,63.76518,50.59508,103.58539,82.18985,148.63583,117.93494,192.31082,152.58899,227.82272,180.76578,227.82275,180.76566]},{"time":1.0333,"curve":"stepped"},{"time":1.9667},{"time":2.1333,"vertices":[20.18814,75.54041,13.56638,50.75769,3.19565,11.95129,0,0,4.0903,15.29785,8.79768,32.91406,13.56485,50.76038,18.92426,45.28931,18.92426,45.28931,13.56485,50.76038,8.79768,32.91406,4.0903,15.29785,0,0,3.19565,11.95129,13.56638,50.75769,20.18814,75.54041,33.90851,126.87634,33.90854,126.87622],"curve":"stepped"},{"time":2.4333,"vertices":[20.18814,75.54041,13.56638,50.75769,3.19565,11.95129,0,0,4.0903,15.29785,8.79768,32.91406,13.56485,50.76038,18.92426,45.28931,18.92426,45.28931,13.56485,50.76038,8.79768,32.91406,4.0903,15.29785,0,0,3.19565,11.95129,13.56638,50.75769,20.18814,75.54041,33.90851,126.87634,33.90854,126.87622]},{"time":2.5}]},"4":{"paibei":[{"time":0.5},{"time":0.6667,"vertices":[192.31082,152.58899,148.63583,117.93494,103.58539,82.18985,63.76518,50.59508,32.01826,25.40576,10.82333,8.58856,1.28503,1.01962,0,0,0,0,1.28503,1.01962,13.39344,10.62784,32.01826,25.40576,63.76518,50.59508,103.58539,82.18985,148.63583,117.93494,192.31082,152.58899,227.82272,180.76578,227.82275,180.76566],"curve":"stepped"},{"time":0.9333,"vertices":[192.31082,152.58899,148.63583,117.93494,103.58539,82.18985,63.76518,50.59508,32.01826,25.40576,10.82333,8.58856,1.28503,1.01962,0,0,0,0,1.28503,1.01962,13.39344,10.62784,32.01826,25.40576,63.76518,50.59508,103.58539,82.18985,148.63583,117.93494,192.31082,152.58899,227.82272,180.76578,227.82275,180.76566]},{"time":1,"curve":"stepped"},{"time":1.9667},{"time":2.1333,"vertices":[20.18814,75.54041,13.56638,50.75769,3.19565,11.95129,0,0,4.0903,15.29785,8.79768,32.91406,13.56485,50.76038,18.92426,45.28931,18.92426,45.28931,13.56485,50.76038,8.79768,32.91406,4.0903,15.29785,0,0,3.19565,11.95129,13.56638,50.75769,20.18814,75.54041,33.90851,126.87634,33.90854,126.87622],"curve":"stepped"},{"time":2.4,"vertices":[20.18814,75.54041,13.56638,50.75769,3.19565,11.95129,0,0,4.0903,15.29785,8.79768,32.91406,13.56485,50.76038,18.92426,45.28931,18.92426,45.28931,13.56485,50.76038,8.79768,32.91406,4.0903,15.29785,0,0,3.19565,11.95129,13.56638,50.75769,20.18814,75.54041,33.90851,126.87634,33.90854,126.87622]},{"time":2.4667}]},"5":{"paibei":[{"time":0.5},{"time":0.6667,"vertices":[192.31082,152.58899,148.63583,117.93494,103.58539,82.18985,63.76518,50.59508,32.01826,25.40576,10.82333,8.58856,1.28503,1.01962,0,0,0,0,1.28503,1.01962,13.39344,10.62784,32.01826,25.40576,63.76518,50.59508,103.58539,82.18985,148.63583,117.93494,192.31082,152.58899,227.82272,180.76578,227.82275,180.76566],"curve":"stepped"},{"time":0.9,"vertices":[192.31082,152.58899,148.63583,117.93494,103.58539,82.18985,63.76518,50.59508,32.01826,25.40576,10.82333,8.58856,1.28503,1.01962,0,0,0,0,1.28503,1.01962,13.39344,10.62784,32.01826,25.40576,63.76518,50.59508,103.58539,82.18985,148.63583,117.93494,192.31082,152.58899,227.82272,180.76578,227.82275,180.76566]},{"time":0.9667,"curve":"stepped"},{"time":1.9667},{"time":2.1333,"vertices":[20.18814,75.54041,13.56638,50.75769,3.19565,11.95129,0,0,4.0903,15.29785,8.79768,32.91406,13.56485,50.76038,18.92426,45.28931,18.92426,45.28931,13.56485,50.76038,8.79768,32.91406,4.0903,15.29785,0,0,3.19565,11.95129,13.56638,50.75769,20.18814,75.54041,33.90851,126.87634,33.90854,126.87622],"curve":"stepped"},{"time":2.3667,"vertices":[20.18814,75.54041,13.56638,50.75769,3.19565,11.95129,0,0,4.0903,15.29785,8.79768,32.91406,13.56485,50.76038,18.92426,45.28931,18.92426,45.28931,13.56485,50.76038,8.79768,32.91406,4.0903,15.29785,0,0,3.19565,11.95129,13.56638,50.75769,20.18814,75.54041,33.90851,126.87634,33.90854,126.87622]},{"time":2.4333}]},"6":{"paibei":[{"time":0.5},{"time":0.6667,"vertices":[192.31082,152.58899,148.63583,117.93494,103.58539,82.18985,63.76518,50.59508,32.01826,25.40576,10.82333,8.58856,1.28503,1.01962,0,0,0,0,1.28503,1.01962,13.39344,10.62784,32.01826,25.40576,63.76518,50.59508,103.58539,82.18985,148.63583,117.93494,192.31082,152.58899,227.82272,180.76578,227.82275,180.76566],"curve":"stepped"},{"time":0.8667,"vertices":[192.31082,152.58899,148.63583,117.93494,103.58539,82.18985,63.76518,50.59508,32.01826,25.40576,10.82333,8.58856,1.28503,1.01962,0,0,0,0,1.28503,1.01962,13.39344,10.62784,32.01826,25.40576,63.76518,50.59508,103.58539,82.18985,148.63583,117.93494,192.31082,152.58899,227.82272,180.76578,227.82275,180.76566]},{"time":0.9333,"curve":"stepped"},{"time":1.9667},{"time":2.1333,"vertices":[20.18814,75.54041,13.56638,50.75769,3.19565,11.95129,0,0,4.0903,15.29785,8.79768,32.91406,13.56485,50.76038,18.92426,45.28931,18.92426,45.28931,13.56485,50.76038,8.79768,32.91406,4.0903,15.29785,0,0,3.19565,11.95129,13.56638,50.75769,20.18814,75.54041,33.90851,126.87634,33.90854,126.87622],"curve":"stepped"},{"time":2.3333,"vertices":[20.18814,75.54041,13.56638,50.75769,3.19565,11.95129,0,0,4.0903,15.29785,8.79768,32.91406,13.56485,50.76038,18.92426,45.28931,18.92426,45.28931,13.56485,50.76038,8.79768,32.91406,4.0903,15.29785,0,0,3.19565,11.95129,13.56638,50.75769,20.18814,75.54041,33.90851,126.87634,33.90854,126.87622]},{"time":2.4}]},"7":{"paibei":[{"time":0.5},{"time":0.6667,"vertices":[192.31082,152.58899,148.63583,117.93494,103.58539,82.18985,63.76518,50.59508,32.01826,25.40576,10.82333,8.58856,1.28503,1.01962,0,0,0,0,1.28503,1.01962,13.39344,10.62784,32.01826,25.40576,63.76518,50.59508,103.58539,82.18985,148.63583,117.93494,192.31082,152.58899,227.82272,180.76578,227.82275,180.76566],"curve":"stepped"},{"time":0.8333,"vertices":[192.31082,152.58899,148.63583,117.93494,103.58539,82.18985,63.76518,50.59508,32.01826,25.40576,10.82333,8.58856,1.28503,1.01962,0,0,0,0,1.28503,1.01962,13.39344,10.62784,32.01826,25.40576,63.76518,50.59508,103.58539,82.18985,148.63583,117.93494,192.31082,152.58899,227.82272,180.76578,227.82275,180.76566]},{"time":0.9,"curve":"stepped"},{"time":1.9667},{"time":2.1333,"vertices":[20.18814,75.54041,13.56638,50.75769,3.19565,11.95129,0,0,4.0903,15.29785,8.79768,32.91406,13.56485,50.76038,18.92426,45.28931,18.92426,45.28931,13.56485,50.76038,8.79768,32.91406,4.0903,15.29785,0,0,3.19565,11.95129,13.56638,50.75769,20.18814,75.54041,33.90851,126.87634,33.90854,126.87622],"curve":"stepped"},{"time":2.3,"vertices":[20.18814,75.54041,13.56638,50.75769,3.19565,11.95129,0,0,4.0903,15.29785,8.79768,32.91406,13.56485,50.76038,18.92426,45.28931,18.92426,45.28931,13.56485,50.76038,8.79768,32.91406,4.0903,15.29785,0,0,3.19565,11.95129,13.56638,50.75769,20.18814,75.54041,33.90851,126.87634,33.90854,126.87622]},{"time":2.3667}]},"8":{"paibei":[{"time":0.5},{"time":0.6667,"vertices":[192.31082,152.58899,148.63583,117.93494,103.58539,82.18985,63.76518,50.59508,32.01826,25.40576,10.82333,8.58856,1.28503,1.01962,0,0,0,0,1.28503,1.01962,13.39344,10.62784,32.01826,25.40576,63.76518,50.59508,103.58539,82.18985,148.63583,117.93494,192.31082,152.58899,227.82272,180.76578,227.82275,180.76566],"curve":"stepped"},{"time":0.8,"vertices":[192.31082,152.58899,148.63583,117.93494,103.58539,82.18985,63.76518,50.59508,32.01826,25.40576,10.82333,8.58856,1.28503,1.01962,0,0,0,0,1.28503,1.01962,13.39344,10.62784,32.01826,25.40576,63.76518,50.59508,103.58539,82.18985,148.63583,117.93494,192.31082,152.58899,227.82272,180.76578,227.82275,180.76566]},{"time":0.8667,"curve":"stepped"},{"time":1.9667},{"time":2.1333,"vertices":[20.18814,75.54041,13.56638,50.75769,3.19565,11.95129,0,0,4.0903,15.29785,8.79768,32.91406,13.56485,50.76038,18.92426,45.28931,18.92426,45.28931,13.56485,50.76038,8.79768,32.91406,4.0903,15.29785,0,0,3.19565,11.95129,13.56638,50.75769,20.18814,75.54041,33.90851,126.87634,33.90854,126.87622],"curve":"stepped"},{"time":2.2667,"vertices":[20.18814,75.54041,13.56638,50.75769,3.19565,11.95129,0,0,4.0903,15.29785,8.79768,32.91406,13.56485,50.76038,18.92426,45.28931,18.92426,45.28931,13.56485,50.76038,8.79768,32.91406,4.0903,15.29785,0,0,3.19565,11.95129,13.56638,50.75769,20.18814,75.54041,33.90851,126.87634,33.90854,126.87622]},{"time":2.3333}]},"9":{"paibei":[{"time":0.5},{"time":0.6667,"vertices":[192.31082,152.58899,148.63583,117.93494,103.58539,82.18985,63.76518,50.59508,32.01826,25.40576,10.82333,8.58856,1.28503,1.01962,0,0,0,0,1.28503,1.01962,13.39344,10.62784,32.01826,25.40576,63.76518,50.59508,103.58539,82.18985,148.63583,117.93494,192.31082,152.58899,227.82272,180.76578,227.82275,180.76566],"curve":"stepped"},{"time":0.7667,"vertices":[192.31082,152.58899,148.63583,117.93494,103.58539,82.18985,63.76518,50.59508,32.01826,25.40576,10.82333,8.58856,1.28503,1.01962,0,0,0,0,1.28503,1.01962,13.39344,10.62784,32.01826,25.40576,63.76518,50.59508,103.58539,82.18985,148.63583,117.93494,192.31082,152.58899,227.82272,180.76578,227.82275,180.76566]},{"time":0.8333,"curve":"stepped"},{"time":1.9667},{"time":2.1333,"vertices":[20.18814,75.54041,13.56638,50.75769,3.19565,11.95129,0,0,4.0903,15.29785,8.79768,32.91406,13.56485,50.76038,18.92426,45.28931,18.92426,45.28931,13.56485,50.76038,8.79768,32.91406,4.0903,15.29785,0,0,3.19565,11.95129,13.56638,50.75769,20.18814,75.54041,33.90851,126.87634,33.90854,126.87622],"curve":"stepped"},{"time":2.2333,"vertices":[20.18814,75.54041,13.56638,50.75769,3.19565,11.95129,0,0,4.0903,15.29785,8.79768,32.91406,13.56485,50.76038,18.92426,45.28931,18.92426,45.28931,13.56485,50.76038,8.79768,32.91406,4.0903,15.29785,0,0,3.19565,11.95129,13.56638,50.75769,20.18814,75.54041,33.90851,126.87634,33.90854,126.87622]},{"time":2.3}]},"10":{"paibei":[{"time":0.5},{"time":0.6667,"vertices":[192.31082,152.58899,148.63583,117.93494,103.58539,82.18985,63.76518,50.59508,32.01826,25.40576,10.82333,8.58856,1.28503,1.01962,0,0,0,0,1.28503,1.01962,13.39344,10.62784,32.01826,25.40576,63.76518,50.59508,103.58539,82.18985,148.63583,117.93494,192.31082,152.58899,227.82272,180.76578,227.82275,180.76566],"curve":"stepped"},{"time":0.7333,"vertices":[192.31082,152.58899,148.63583,117.93494,103.58539,82.18985,63.76518,50.59508,32.01826,25.40576,10.82333,8.58856,1.28503,1.01962,0,0,0,0,1.28503,1.01962,13.39344,10.62784,32.01826,25.40576,63.76518,50.59508,103.58539,82.18985,148.63583,117.93494,192.31082,152.58899,227.82272,180.76578,227.82275,180.76566]},{"time":0.8,"curve":"stepped"},{"time":1.9667},{"time":2.1333,"vertices":[20.18814,75.54041,13.56638,50.75769,3.19565,11.95129,0,0,4.0903,15.29785,8.79768,32.91406,13.56485,50.76038,18.92426,45.28931,18.92426,45.28931,13.56485,50.76038,8.79768,32.91406,4.0903,15.29785,0,0,3.19565,11.95129,13.56638,50.75769,20.18814,75.54041,33.90851,126.87634,33.90854,126.87622],"curve":"stepped"},{"time":2.2,"vertices":[20.18814,75.54041,13.56638,50.75769,3.19565,11.95129,0,0,4.0903,15.29785,8.79768,32.91406,13.56485,50.76038,18.92426,45.28931,18.92426,45.28931,13.56485,50.76038,8.79768,32.91406,4.0903,15.29785,0,0,3.19565,11.95129,13.56638,50.75769,20.18814,75.54041,33.90851,126.87634,33.90854,126.87622]},{"time":2.2667}]},"11":{"paibei":[{"time":0.5},{"time":0.6667,"vertices":[192.31082,152.58899,148.63583,117.93494,103.58539,82.18985,63.76518,50.59508,32.01826,25.40576,10.82333,8.58856,1.28503,1.01962,0,0,0,0,1.28503,1.01962,13.39344,10.62784,32.01826,25.40576,63.76518,50.59508,103.58539,82.18985,148.63583,117.93494,192.31082,152.58899,227.82272,180.76578,227.82275,180.76566],"curve":"stepped"},{"time":0.7,"vertices":[192.31082,152.58899,148.63583,117.93494,103.58539,82.18985,63.76518,50.59508,32.01826,25.40576,10.82333,8.58856,1.28503,1.01962,0,0,0,0,1.28503,1.01962,13.39344,10.62784,32.01826,25.40576,63.76518,50.59508,103.58539,82.18985,148.63583,117.93494,192.31082,152.58899,227.82272,180.76578,227.82275,180.76566]},{"time":0.7667,"curve":"stepped"},{"time":1.9667},{"time":2.1333,"vertices":[20.18814,75.54041,13.56638,50.75769,3.19565,11.95129,0,0,4.0903,15.29785,8.79768,32.91406,13.56485,50.76038,18.92426,45.28931,18.92426,45.28931,13.56485,50.76038,8.79768,32.91406,4.0903,15.29785,0,0,3.19565,11.95129,13.56638,50.75769,20.18814,75.54041,33.90851,126.87634,33.90854,126.87622],"curve":"stepped"},{"time":2.1667,"vertices":[20.18814,75.54041,13.56638,50.75769,3.19565,11.95129,0,0,4.0903,15.29785,8.79768,32.91406,13.56485,50.76038,18.92426,45.28931,18.92426,45.28931,13.56485,50.76038,8.79768,32.91406,4.0903,15.29785,0,0,3.19565,11.95129,13.56638,50.75769,20.18814,75.54041,33.90851,126.87634,33.90854,126.87622]},{"time":2.2333}]},"12":{"paibei":[{"time":0.5},{"time":0.6667,"vertices":[192.31082,152.58899,148.63583,117.93494,103.58539,82.18985,63.76518,50.59508,32.01826,25.40576,10.82333,8.58856,1.28503,1.01962,0,0,0,0,1.28503,1.01962,13.39344,10.62784,32.01826,25.40576,63.76518,50.59508,103.58539,82.18985,148.63583,117.93494,192.31082,152.58899,227.82272,180.76578,227.82275,180.76566]},{"time":0.7333,"curve":"stepped"},{"time":1.9667},{"time":2.1333,"vertices":[20.18814,75.54041,13.56638,50.75769,3.19565,11.95129,0,0,4.0903,15.29785,8.79768,32.91406,13.56485,50.76038,18.92426,45.28931,18.92426,45.28931,13.56485,50.76038,8.79768,32.91406,4.0903,15.29785,0,0,3.19565,11.95129,13.56638,50.75769,20.18814,75.54041,33.90851,126.87634,33.90854,126.87622]},{"time":2.2}]},"13":{"paibei":[{"time":0.5},{"time":0.6667,"vertices":[192.31082,152.58899,148.63583,117.93494,103.58539,82.18985,63.76518,50.59508,32.01826,25.40576,10.82333,8.58856,1.28503,1.01962,0,0,0,0,1.28503,1.01962,13.39344,10.62784,32.01826,25.40576,63.76518,50.59508,103.58539,82.18985,148.63583,117.93494,192.31082,152.58899,227.82272,180.76578,227.82275,180.76566],"curve":"stepped"},{"time":1.0333,"vertices":[192.31082,152.58899,148.63583,117.93494,103.58539,82.18985,63.76518,50.59508,32.01826,25.40576,10.82333,8.58856,1.28503,1.01962,0,0,0,0,1.28503,1.01962,13.39344,10.62784,32.01826,25.40576,63.76518,50.59508,103.58539,82.18985,148.63583,117.93494,192.31082,152.58899,227.82272,180.76578,227.82275,180.76566]},{"time":1.1,"curve":"stepped"},{"time":1.9667},{"time":2.1333,"vertices":[-18.27823,68.40491,-12.03043,45.02307,-6.3158,23.6322,0,0,0,0,-4.98555,18.65649,-10.63481,39.79932,-15.28677,57.21069,-15.28677,57.21069,-10.63481,39.79932,-4.98555,18.65649,-0.39897,1.49243,0,0,-6.3158,23.6322,-12.03043,45.02307,-18.27823,68.40491,-24.5916,92.03442,-24.59157,92.0343],"curve":"stepped"},{"time":2.9,"vertices":[-18.27823,68.40491,-12.03043,45.02307,-6.3158,23.6322,0,0,0,0,-4.98555,18.65649,-10.63481,39.79932,-15.28677,57.21069,-15.28677,57.21069,-10.63481,39.79932,-4.98555,18.65649,-0.39897,1.49243,0,0,-6.3158,23.6322,-12.03043,45.02307,-18.27823,68.40491,-24.5916,92.03442,-24.59157,92.0343]},{"time":2.9667}]},"14":{"paibei":[{"time":0.5},{"time":0.6667,"vertices":[192.31082,152.58899,148.63583,117.93494,103.58539,82.18985,63.76518,50.59508,32.01826,25.40576,10.82333,8.58856,1.28503,1.01962,0,0,0,0,1.28503,1.01962,13.39344,10.62784,32.01826,25.40576,63.76518,50.59508,103.58539,82.18985,148.63583,117.93494,192.31082,152.58899,227.82272,180.76578,227.82275,180.76566],"curve":"stepped"},{"time":1,"vertices":[192.31082,152.58899,148.63583,117.93494,103.58539,82.18985,63.76518,50.59508,32.01826,25.40576,10.82333,8.58856,1.28503,1.01962,0,0,0,0,1.28503,1.01962,13.39344,10.62784,32.01826,25.40576,63.76518,50.59508,103.58539,82.18985,148.63583,117.93494,192.31082,152.58899,227.82272,180.76578,227.82275,180.76566]},{"time":1.0667,"curve":"stepped"},{"time":1.9667},{"time":2.1333,"vertices":[-18.27823,68.40491,-12.03043,45.02307,-6.3158,23.6322,0,0,0,0,-4.98555,18.65649,-10.63481,39.79932,-15.28677,57.21069,-15.28677,57.21069,-10.63481,39.79932,-4.98555,18.65649,-0.39897,1.49243,0,0,-6.3158,23.6322,-12.03043,45.02307,-18.27823,68.40491,-24.5916,92.03442,-24.59157,92.0343],"curve":"stepped"},{"time":2.8667,"vertices":[-18.27823,68.40491,-12.03043,45.02307,-6.3158,23.6322,0,0,0,0,-4.98555,18.65649,-10.63481,39.79932,-15.28677,57.21069,-15.28677,57.21069,-10.63481,39.79932,-4.98555,18.65649,-0.39897,1.49243,0,0,-6.3158,23.6322,-12.03043,45.02307,-18.27823,68.40491,-24.5916,92.03442,-24.59157,92.0343]},{"time":2.9333}]},"15":{"paibei":[{"time":0.5},{"time":0.6667,"vertices":[192.31082,152.58899,148.63583,117.93494,103.58539,82.18985,63.76518,50.59508,32.01826,25.40576,10.82333,8.58856,1.28503,1.01962,0,0,0,0,1.28503,1.01962,13.39344,10.62784,32.01826,25.40576,63.76518,50.59508,103.58539,82.18985,148.63583,117.93494,192.31082,152.58899,227.82272,180.76578,227.82275,180.76566],"curve":"stepped"},{"time":0.9667,"vertices":[192.31082,152.58899,148.63583,117.93494,103.58539,82.18985,63.76518,50.59508,32.01826,25.40576,10.82333,8.58856,1.28503,1.01962,0,0,0,0,1.28503,1.01962,13.39344,10.62784,32.01826,25.40576,63.76518,50.59508,103.58539,82.18985,148.63583,117.93494,192.31082,152.58899,227.82272,180.76578,227.82275,180.76566]},{"time":1.0333,"curve":"stepped"},{"time":1.9667},{"time":2.1333,"vertices":[-18.27823,68.40491,-12.03043,45.02307,-6.3158,23.6322,0,0,0,0,-4.98555,18.65649,-10.63481,39.79932,-15.28677,57.21069,-15.28677,57.21069,-10.63481,39.79932,-4.98555,18.65649,-0.39897,1.49243,0,0,-6.3158,23.6322,-12.03043,45.02307,-18.27823,68.40491,-24.5916,92.03442,-24.59157,92.0343],"curve":"stepped"},{"time":2.8333,"vertices":[-18.27823,68.40491,-12.03043,45.02307,-6.3158,23.6322,0,0,0,0,-4.98555,18.65649,-10.63481,39.79932,-15.28677,57.21069,-15.28677,57.21069,-10.63481,39.79932,-4.98555,18.65649,-0.39897,1.49243,0,0,-6.3158,23.6322,-12.03043,45.02307,-18.27823,68.40491,-24.5916,92.03442,-24.59157,92.0343]},{"time":2.9}]},"16":{"paibei":[{"time":0.5},{"time":0.6667,"vertices":[192.31082,152.58899,148.63583,117.93494,103.58539,82.18985,63.76518,50.59508,32.01826,25.40576,10.82333,8.58856,1.28503,1.01962,0,0,0,0,1.28503,1.01962,13.39344,10.62784,32.01826,25.40576,63.76518,50.59508,103.58539,82.18985,148.63583,117.93494,192.31082,152.58899,227.82272,180.76578,227.82275,180.76566],"curve":"stepped"},{"time":0.9333,"vertices":[192.31082,152.58899,148.63583,117.93494,103.58539,82.18985,63.76518,50.59508,32.01826,25.40576,10.82333,8.58856,1.28503,1.01962,0,0,0,0,1.28503,1.01962,13.39344,10.62784,32.01826,25.40576,63.76518,50.59508,103.58539,82.18985,148.63583,117.93494,192.31082,152.58899,227.82272,180.76578,227.82275,180.76566]},{"time":1,"curve":"stepped"},{"time":1.9667},{"time":2.1333,"vertices":[-18.27823,68.40491,-12.03043,45.02307,-6.3158,23.6322,0,0,0,0,-4.98555,18.65649,-10.63481,39.79932,-15.28677,57.21069,-15.28677,57.21069,-10.63481,39.79932,-4.98555,18.65649,-0.39897,1.49243,0,0,-6.3158,23.6322,-12.03043,45.02307,-18.27823,68.40491,-24.5916,92.03442,-24.59157,92.0343],"curve":"stepped"},{"time":2.8,"vertices":[-18.27823,68.40491,-12.03043,45.02307,-6.3158,23.6322,0,0,0,0,-4.98555,18.65649,-10.63481,39.79932,-15.28677,57.21069,-15.28677,57.21069,-10.63481,39.79932,-4.98555,18.65649,-0.39897,1.49243,0,0,-6.3158,23.6322,-12.03043,45.02307,-18.27823,68.40491,-24.5916,92.03442,-24.59157,92.0343]},{"time":2.8667}]},"17":{"paibei":[{"time":0.5},{"time":0.6667,"vertices":[192.31082,152.58899,148.63583,117.93494,103.58539,82.18985,63.76518,50.59508,32.01826,25.40576,10.82333,8.58856,1.28503,1.01962,0,0,0,0,1.28503,1.01962,13.39344,10.62784,32.01826,25.40576,63.76518,50.59508,103.58539,82.18985,148.63583,117.93494,192.31082,152.58899,227.82272,180.76578,227.82275,180.76566],"curve":"stepped"},{"time":0.9,"vertices":[192.31082,152.58899,148.63583,117.93494,103.58539,82.18985,63.76518,50.59508,32.01826,25.40576,10.82333,8.58856,1.28503,1.01962,0,0,0,0,1.28503,1.01962,13.39344,10.62784,32.01826,25.40576,63.76518,50.59508,103.58539,82.18985,148.63583,117.93494,192.31082,152.58899,227.82272,180.76578,227.82275,180.76566]},{"time":0.9667,"curve":"stepped"},{"time":1.9667},{"time":2.1333,"vertices":[-18.27823,68.40491,-12.03043,45.02307,-6.3158,23.6322,0,0,0,0,-4.98555,18.65649,-10.63481,39.79932,-15.28677,57.21069,-15.28677,57.21069,-10.63481,39.79932,-4.98555,18.65649,-0.39897,1.49243,0,0,-6.3158,23.6322,-12.03043,45.02307,-18.27823,68.40491,-24.5916,92.03442,-24.59157,92.0343],"curve":"stepped"},{"time":2.7667,"vertices":[-18.27823,68.40491,-12.03043,45.02307,-6.3158,23.6322,0,0,0,0,-4.98555,18.65649,-10.63481,39.79932,-15.28677,57.21069,-15.28677,57.21069,-10.63481,39.79932,-4.98555,18.65649,-0.39897,1.49243,0,0,-6.3158,23.6322,-12.03043,45.02307,-18.27823,68.40491,-24.5916,92.03442,-24.59157,92.0343]},{"time":2.8333}]},"18":{"paibei":[{"time":0.5},{"time":0.6667,"vertices":[192.31082,152.58899,148.63583,117.93494,103.58539,82.18985,63.76518,50.59508,32.01826,25.40576,10.82333,8.58856,1.28503,1.01962,0,0,0,0,1.28503,1.01962,13.39344,10.62784,32.01826,25.40576,63.76518,50.59508,103.58539,82.18985,148.63583,117.93494,192.31082,152.58899,227.82272,180.76578,227.82275,180.76566],"curve":"stepped"},{"time":0.8667,"vertices":[192.31082,152.58899,148.63583,117.93494,103.58539,82.18985,63.76518,50.59508,32.01826,25.40576,10.82333,8.58856,1.28503,1.01962,0,0,0,0,1.28503,1.01962,13.39344,10.62784,32.01826,25.40576,63.76518,50.59508,103.58539,82.18985,148.63583,117.93494,192.31082,152.58899,227.82272,180.76578,227.82275,180.76566]},{"time":0.9333,"curve":"stepped"},{"time":1.9667},{"time":2.1333,"vertices":[-18.27823,68.40491,-12.03043,45.02307,-6.3158,23.6322,0,0,0,0,-4.98555,18.65649,-10.63481,39.79932,-15.28677,57.21069,-15.28677,57.21069,-10.63481,39.79932,-4.98555,18.65649,-0.39897,1.49243,0,0,-6.3158,23.6322,-12.03043,45.02307,-18.27823,68.40491,-24.5916,92.03442,-24.59157,92.0343],"curve":"stepped"},{"time":2.7333,"vertices":[-18.27823,68.40491,-12.03043,45.02307,-6.3158,23.6322,0,0,0,0,-4.98555,18.65649,-10.63481,39.79932,-15.28677,57.21069,-15.28677,57.21069,-10.63481,39.79932,-4.98555,18.65649,-0.39897,1.49243,0,0,-6.3158,23.6322,-12.03043,45.02307,-18.27823,68.40491,-24.5916,92.03442,-24.59157,92.0343]},{"time":2.8}]},"19":{"paibei":[{"time":0.5},{"time":0.6667,"vertices":[192.31082,152.58899,148.63583,117.93494,103.58539,82.18985,63.76518,50.59508,32.01826,25.40576,10.82333,8.58856,1.28503,1.01962,0,0,0,0,1.28503,1.01962,13.39344,10.62784,32.01826,25.40576,63.76518,50.59508,103.58539,82.18985,148.63583,117.93494,192.31082,152.58899,227.82272,180.76578,227.82275,180.76566],"curve":"stepped"},{"time":0.8333,"vertices":[192.31082,152.58899,148.63583,117.93494,103.58539,82.18985,63.76518,50.59508,32.01826,25.40576,10.82333,8.58856,1.28503,1.01962,0,0,0,0,1.28503,1.01962,13.39344,10.62784,32.01826,25.40576,63.76518,50.59508,103.58539,82.18985,148.63583,117.93494,192.31082,152.58899,227.82272,180.76578,227.82275,180.76566]},{"time":0.9,"curve":"stepped"},{"time":1.9667},{"time":2.1333,"vertices":[-18.27823,68.40491,-12.03043,45.02307,-6.3158,23.6322,0,0,0,0,-4.98555,18.65649,-10.63481,39.79932,-15.28677,57.21069,-15.28677,57.21069,-10.63481,39.79932,-4.98555,18.65649,-0.39897,1.49243,0,0,-6.3158,23.6322,-12.03043,45.02307,-18.27823,68.40491,-24.5916,92.03442,-24.59157,92.0343],"curve":"stepped"},{"time":2.7,"vertices":[-18.27823,68.40491,-12.03043,45.02307,-6.3158,23.6322,0,0,0,0,-4.98555,18.65649,-10.63481,39.79932,-15.28677,57.21069,-15.28677,57.21069,-10.63481,39.79932,-4.98555,18.65649,-0.39897,1.49243,0,0,-6.3158,23.6322,-12.03043,45.02307,-18.27823,68.40491,-24.5916,92.03442,-24.59157,92.0343]},{"time":2.7667}]},"20":{"paibei":[{"time":0.5},{"time":0.6667,"vertices":[192.31082,152.58899,148.63583,117.93494,103.58539,82.18985,63.76518,50.59508,32.01826,25.40576,10.82333,8.58856,1.28503,1.01962,0,0,0,0,1.28503,1.01962,13.39344,10.62784,32.01826,25.40576,63.76518,50.59508,103.58539,82.18985,148.63583,117.93494,192.31082,152.58899,227.82272,180.76578,227.82275,180.76566],"curve":"stepped"},{"time":0.8,"vertices":[192.31082,152.58899,148.63583,117.93494,103.58539,82.18985,63.76518,50.59508,32.01826,25.40576,10.82333,8.58856,1.28503,1.01962,0,0,0,0,1.28503,1.01962,13.39344,10.62784,32.01826,25.40576,63.76518,50.59508,103.58539,82.18985,148.63583,117.93494,192.31082,152.58899,227.82272,180.76578,227.82275,180.76566]},{"time":0.8667,"curve":"stepped"},{"time":1.9667},{"time":2.1333,"vertices":[-18.27823,68.40491,-12.03043,45.02307,-6.3158,23.6322,0,0,0,0,-4.98555,18.65649,-10.63481,39.79932,-15.28677,57.21069,-15.28677,57.21069,-10.63481,39.79932,-4.98555,18.65649,-0.39897,1.49243,0,0,-6.3158,23.6322,-12.03043,45.02307,-18.27823,68.40491,-24.5916,92.03442,-24.59157,92.0343],"curve":"stepped"},{"time":2.6667,"vertices":[-18.27823,68.40491,-12.03043,45.02307,-6.3158,23.6322,0,0,0,0,-4.98555,18.65649,-10.63481,39.79932,-15.28677,57.21069,-15.28677,57.21069,-10.63481,39.79932,-4.98555,18.65649,-0.39897,1.49243,0,0,-6.3158,23.6322,-12.03043,45.02307,-18.27823,68.40491,-24.5916,92.03442,-24.59157,92.0343]},{"time":2.7333}]},"21":{"paibei":[{"time":0.5},{"time":0.6667,"vertices":[192.31082,152.58899,148.63583,117.93494,103.58539,82.18985,63.76518,50.59508,32.01826,25.40576,10.82333,8.58856,1.28503,1.01962,0,0,0,0,1.28503,1.01962,13.39344,10.62784,32.01826,25.40576,63.76518,50.59508,103.58539,82.18985,148.63583,117.93494,192.31082,152.58899,227.82272,180.76578,227.82275,180.76566],"curve":"stepped"},{"time":0.7667,"vertices":[192.31082,152.58899,148.63583,117.93494,103.58539,82.18985,63.76518,50.59508,32.01826,25.40576,10.82333,8.58856,1.28503,1.01962,0,0,0,0,1.28503,1.01962,13.39344,10.62784,32.01826,25.40576,63.76518,50.59508,103.58539,82.18985,148.63583,117.93494,192.31082,152.58899,227.82272,180.76578,227.82275,180.76566]},{"time":0.8333,"curve":"stepped"},{"time":1.9667},{"time":2.1333,"vertices":[-18.27823,68.40491,-12.03043,45.02307,-6.3158,23.6322,0,0,0,0,-4.98555,18.65649,-10.63481,39.79932,-15.28677,57.21069,-15.28677,57.21069,-10.63481,39.79932,-4.98555,18.65649,-0.39897,1.49243,0,0,-6.3158,23.6322,-12.03043,45.02307,-18.27823,68.40491,-24.5916,92.03442,-24.59157,92.0343],"curve":"stepped"},{"time":2.6333,"vertices":[-18.27823,68.40491,-12.03043,45.02307,-6.3158,23.6322,0,0,0,0,-4.98555,18.65649,-10.63481,39.79932,-15.28677,57.21069,-15.28677,57.21069,-10.63481,39.79932,-4.98555,18.65649,-0.39897,1.49243,0,0,-6.3158,23.6322,-12.03043,45.02307,-18.27823,68.40491,-24.5916,92.03442,-24.59157,92.0343]},{"time":2.7}]},"22":{"paibei":[{"time":0.5},{"time":0.6667,"vertices":[192.31082,152.58899,148.63583,117.93494,103.58539,82.18985,63.76518,50.59508,32.01826,25.40576,10.82333,8.58856,1.28503,1.01962,0,0,0,0,1.28503,1.01962,13.39344,10.62784,32.01826,25.40576,63.76518,50.59508,103.58539,82.18985,148.63583,117.93494,192.31082,152.58899,227.82272,180.76578,227.82275,180.76566],"curve":"stepped"},{"time":0.7333,"vertices":[192.31082,152.58899,148.63583,117.93494,103.58539,82.18985,63.76518,50.59508,32.01826,25.40576,10.82333,8.58856,1.28503,1.01962,0,0,0,0,1.28503,1.01962,13.39344,10.62784,32.01826,25.40576,63.76518,50.59508,103.58539,82.18985,148.63583,117.93494,192.31082,152.58899,227.82272,180.76578,227.82275,180.76566]},{"time":0.8,"curve":"stepped"},{"time":1.9667},{"time":2.1333,"vertices":[-18.27823,68.40491,-12.03043,45.02307,-6.3158,23.6322,0,0,0,0,-4.98555,18.65649,-10.63481,39.79932,-15.28677,57.21069,-15.28677,57.21069,-10.63481,39.79932,-4.98555,18.65649,-0.39897,1.49243,0,0,-6.3158,23.6322,-12.03043,45.02307,-18.27823,68.40491,-24.5916,92.03442,-24.59157,92.0343],"curve":"stepped"},{"time":2.6,"vertices":[-18.27823,68.40491,-12.03043,45.02307,-6.3158,23.6322,0,0,0,0,-4.98555,18.65649,-10.63481,39.79932,-15.28677,57.21069,-15.28677,57.21069,-10.63481,39.79932,-4.98555,18.65649,-0.39897,1.49243,0,0,-6.3158,23.6322,-12.03043,45.02307,-18.27823,68.40491,-24.5916,92.03442,-24.59157,92.0343]},{"time":2.6667}]},"23":{"paibei":[{"time":0.5},{"time":0.6667,"vertices":[192.31082,152.58899,148.63583,117.93494,103.58539,82.18985,63.76518,50.59508,32.01826,25.40576,10.82333,8.58856,1.28503,1.01962,0,0,0,0,1.28503,1.01962,13.39344,10.62784,32.01826,25.40576,63.76518,50.59508,103.58539,82.18985,148.63583,117.93494,192.31082,152.58899,227.82272,180.76578,227.82275,180.76566],"curve":"stepped"},{"time":0.7,"vertices":[192.31082,152.58899,148.63583,117.93494,103.58539,82.18985,63.76518,50.59508,32.01826,25.40576,10.82333,8.58856,1.28503,1.01962,0,0,0,0,1.28503,1.01962,13.39344,10.62784,32.01826,25.40576,63.76518,50.59508,103.58539,82.18985,148.63583,117.93494,192.31082,152.58899,227.82272,180.76578,227.82275,180.76566]},{"time":0.7667,"curve":"stepped"},{"time":1.9667},{"time":2.1333,"vertices":[-18.27823,68.40491,-12.03043,45.02307,-6.3158,23.6322,0,0,0,0,-4.98555,18.65649,-10.63481,39.79932,-15.28677,57.21069,-15.28677,57.21069,-10.63481,39.79932,-4.98555,18.65649,-0.39897,1.49243,0,0,-6.3158,23.6322,-12.03043,45.02307,-18.27823,68.40491,-24.5916,92.03442,-24.59157,92.0343],"curve":"stepped"},{"time":2.5667,"vertices":[-18.27823,68.40491,-12.03043,45.02307,-6.3158,23.6322,0,0,0,0,-4.98555,18.65649,-10.63481,39.79932,-15.28677,57.21069,-15.28677,57.21069,-10.63481,39.79932,-4.98555,18.65649,-0.39897,1.49243,0,0,-6.3158,23.6322,-12.03043,45.02307,-18.27823,68.40491,-24.5916,92.03442,-24.59157,92.0343]},{"time":2.6333}]},"24":{"paibei":[{"time":0.5},{"time":0.6667,"vertices":[192.31082,152.58899,148.63583,117.93494,103.58539,82.18985,63.76518,50.59508,32.01826,25.40576,10.82333,8.58856,1.28503,1.01962,0,0,0,0,1.28503,1.01962,13.39344,10.62784,32.01826,25.40576,63.76518,50.59508,103.58539,82.18985,148.63583,117.93494,192.31082,152.58899,227.82272,180.76578,227.82275,180.76566]},{"time":0.7333,"curve":"stepped"},{"time":1.9667},{"time":2.1333,"vertices":[-18.27823,68.40491,-12.03043,45.02307,-6.3158,23.6322,0,0,0,0,-4.98555,18.65649,-10.63481,39.79932,-15.28677,57.21069,-15.28677,57.21069,-10.63481,39.79932,-4.98555,18.65649,-0.39897,1.49243,0,0,-6.3158,23.6322,-12.03043,45.02307,-18.27823,68.40491,-24.5916,92.03442,-24.59157,92.0343],"curve":"stepped"},{"time":2.5333,"vertices":[-18.27823,68.40491,-12.03043,45.02307,-6.3158,23.6322,0,0,0,0,-4.98555,18.65649,-10.63481,39.79932,-15.28677,57.21069,-15.28677,57.21069,-10.63481,39.79932,-4.98555,18.65649,-0.39897,1.49243,0,0,-6.3158,23.6322,-12.03043,45.02307,-18.27823,68.40491,-24.5916,92.03442,-24.59157,92.0343]},{"time":2.6}]}}}}}},"_atlasText":"\nqiepai37.png\nsize: 512,512\nformat: RGBA8888\nfilter: Linear,Linear\nrepeat: none\npaibei\n  rotate: false\n  xy: 2, 2\n  size: 213, 298\n  orig: 213, 298\n  offset: 0, 0\n  index: -1\n","textures":[{"__uuid__":"2a17EeDGVLqorA+BjOgsvE"}],"textureNames":["qiepai37.png"]}