[{"__type__":"cc.SpriteFrame","content":{"name":"lb_beishu","texture":"07dye7CjtAHoOASTRcdnhA","rect":[2,1,112,53],"offset":[-6,4.5],"originalSize":[128,64],"capInsets":[0,0,0,0]}},{"__type__":"cc.BitmapFont","_name":"lb_beishu","spriteFrame":{"__uuid__":"883Hpm89pOgKqrflXQ4tQ+"},"fontSize":1,"_fntConfig":{"commonHeight":27,"fontSize":1,"atlasName":"lb_beishu.png","fontDefDictionary":{"32":{"rect":{"x":0,"y":0,"width":0,"height":0},"xOffset":0,"yOffset":0,"xAdvance":26},"48":{"rect":{"x":16,"y":0,"width":20,"height":27},"xOffset":0,"yOffset":0,"xAdvance":20},"49":{"rect":{"x":0,"y":0,"width":16,"height":27},"xOffset":0,"yOffset":0,"xAdvance":16},"50":{"rect":{"x":0,"y":27,"width":20,"height":27},"xOffset":0,"yOffset":0,"xAdvance":20},"51":{"rect":{"x":36,"y":0,"width":20,"height":27},"xOffset":0,"yOffset":0,"xAdvance":20},"52":{"rect":{"x":20,"y":27,"width":20,"height":27},"xOffset":0,"yOffset":0,"xAdvance":20},"53":{"rect":{"x":56,"y":0,"width":20,"height":27},"xOffset":0,"yOffset":0,"xAdvance":20},"54":{"rect":{"x":40,"y":27,"width":20,"height":27},"xOffset":0,"yOffset":0,"xAdvance":20},"55":{"rect":{"x":76,"y":0,"width":20,"height":27},"xOffset":0,"yOffset":0,"xAdvance":20},"56":{"rect":{"x":60,"y":27,"width":20,"height":27},"xOffset":0,"yOffset":0,"xAdvance":20},"57":{"rect":{"x":96,"y":0,"width":20,"height":27},"xOffset":0,"yOffset":0,"xAdvance":20},"20493":{"rect":{"x":80,"y":27,"width":26,"height":27},"xOffset":0,"yOffset":0,"xAdvance":26}},"kerningDict":{}}}]