[{"__type__":"cc.SpriteFrame","content":{"name":"lb_btn_game_cz","texture":"qzmjmj59-68b7-43d7-8d07-a0f72e179fc7","rect":[0,0,304,303],"offset":[-0.5,0.5],"originalSize":[305,304],"capInsets":[0,0,0,0]}},{"__type__":"cc.BitmapFont","_name":"lb_btn_game_cz","spriteFrame":{"__uuid__":"qzmjmjcf-1a47-48e7-a082-0ce81334ccd6"},"fontSize":32,"_fntConfig":{"commonHeight":61,"fontSize":32,"atlasName":"lb_btn_game_cz.png","fontDefDictionary":{"9":{"rect":{"x":0,"y":0,"width":0,"height":0},"xOffset":0,"yOffset":0,"xAdvance":216},"32":{"rect":{"x":0,"y":0,"width":0,"height":0},"xOffset":0,"yOffset":0,"xAdvance":27},"43":{"rect":{"x":29,"y":267,"width":27,"height":27},"xOffset":9,"yOffset":30,"xAdvance":31},"48":{"rect":{"x":57,"y":267,"width":27,"height":36},"xOffset":9,"yOffset":25,"xAdvance":31},"49":{"rect":{"x":205,"y":180,"width":16,"height":34},"xOffset":14,"yOffset":26,"xAdvance":20},"50":{"rect":{"x":179,"y":180,"width":25,"height":35},"xOffset":10,"yOffset":25,"xAdvance":29},"51":{"rect":{"x":219,"y":267,"width":25,"height":36},"xOffset":10,"yOffset":25,"xAdvance":29},"52":{"rect":{"x":0,"y":267,"width":28,"height":35},"xOffset":8,"yOffset":25,"xAdvance":32},"53":{"rect":{"x":193,"y":264,"width":25,"height":35},"xOffset":10,"yOffset":26,"xAdvance":29},"54":{"rect":{"x":112,"y":267,"width":26,"height":36},"xOffset":9,"yOffset":25,"xAdvance":30},"55":{"rect":{"x":139,"y":267,"width":26,"height":34},"xOffset":9,"yOffset":26,"xAdvance":30},"56":{"rect":{"x":166,"y":267,"width":26,"height":36},"xOffset":9,"yOffset":25,"xAdvance":30},"57":{"rect":{"x":85,"y":267,"width":26,"height":36},"xOffset":9,"yOffset":25,"xAdvance":30},"20139":{"rect":{"x":223,"y":0,"width":42,"height":44},"xOffset":1,"yOffset":17,"xAdvance":46},"20934":{"rect":{"x":45,"y":89,"width":44,"height":44},"xOffset":0,"yOffset":18,"xAdvance":48},"20986":{"rect":{"x":223,"y":134,"width":40,"height":42},"xOffset":2,"yOffset":18,"xAdvance":44},"20998":{"rect":{"x":46,"y":0,"width":44,"height":44},"xOffset":0,"yOffset":17,"xAdvance":48},"21451":{"rect":{"x":0,"y":223,"width":44,"height":43},"xOffset":0,"yOffset":18,"xAdvance":48},"21462":{"rect":{"x":90,"y":89,"width":44,"height":42},"xOffset":0,"yOffset":19,"xAdvance":48},"22791":{"rect":{"x":178,"y":221,"width":43,"height":42},"xOffset":1,"yOffset":19,"xAdvance":47},"22823":{"rect":{"x":179,"y":90,"width":43,"height":44},"xOffset":1,"yOffset":17,"xAdvance":47},"22909":{"rect":{"x":135,"y":176,"width":43,"height":44},"xOffset":1,"yOffset":18,"xAdvance":47},"23450":{"rect":{"x":179,"y":135,"width":43,"height":44},"xOffset":1,"yOffset":17,"xAdvance":47},"23478":{"rect":{"x":222,"y":222,"width":42,"height":44},"xOffset":1,"yOffset":17,"xAdvance":46},"23616":{"rect":{"x":91,"y":0,"width":43,"height":42},"xOffset":1,"yOffset":19,"xAdvance":47},"24179":{"rect":{"x":90,"y":222,"width":43,"height":42},"xOffset":1,"yOffset":19,"xAdvance":47},"24320":{"rect":{"x":135,"y":0,"width":43,"height":42},"xOffset":1,"yOffset":19,"xAdvance":47},"24323":{"rect":{"x":0,"y":178,"width":44,"height":44},"xOffset":0,"yOffset":21,"xAdvance":48},"25105":{"rect":{"x":91,"y":43,"width":43,"height":43},"xOffset":1,"yOffset":18,"xAdvance":47},"25151":{"rect":{"x":135,"y":43,"width":43,"height":44},"xOffset":1,"yOffset":17,"xAdvance":47},"25176":{"rect":{"x":45,"y":179,"width":44,"height":43},"xOffset":0,"yOffset":17,"xAdvance":48},"25509":{"rect":{"x":90,"y":177,"width":44,"height":44},"xOffset":0,"yOffset":17,"xAdvance":48},"25552":{"rect":{"x":0,"y":89,"width":44,"height":44},"xOffset":0,"yOffset":17,"xAdvance":48},"26469":{"rect":{"x":134,"y":222,"width":43,"height":44},"xOffset":1,"yOffset":17,"xAdvance":47},"28040":{"rect":{"x":223,"y":89,"width":42,"height":44},"xOffset":1,"yOffset":17,"xAdvance":46},"29260":{"rect":{"x":135,"y":132,"width":43,"height":43},"xOffset":1,"yOffset":18,"xAdvance":47},"30830":{"rect":{"x":179,"y":0,"width":43,"height":44},"xOffset":1,"yOffset":17,"xAdvance":47},"31034":{"rect":{"x":222,"y":180,"width":42,"height":41},"xOffset":1,"yOffset":20,"xAdvance":46},"31649":{"rect":{"x":223,"y":45,"width":42,"height":43},"xOffset":1,"yOffset":17,"xAdvance":46},"32487":{"rect":{"x":46,"y":45,"width":44,"height":43},"xOffset":0,"yOffset":17,"xAdvance":48},"32493":{"rect":{"x":90,"y":132,"width":44,"height":44},"xOffset":0,"yOffset":17,"xAdvance":48},"35831":{"rect":{"x":179,"y":45,"width":43,"height":44},"xOffset":1,"yOffset":18,"xAdvance":47},"36194":{"rect":{"x":45,"y":134,"width":44,"height":44},"xOffset":0,"yOffset":17,"xAdvance":48},"36319":{"rect":{"x":45,"y":223,"width":44,"height":42},"xOffset":0,"yOffset":19,"xAdvance":48},"36807":{"rect":{"x":0,"y":134,"width":44,"height":43},"xOffset":0,"yOffset":17,"xAdvance":48},"36864":{"rect":{"x":135,"y":88,"width":43,"height":43},"xOffset":1,"yOffset":18,"xAdvance":47},"36992":{"rect":{"x":0,"y":0,"width":45,"height":43},"xOffset":0,"yOffset":18,"xAdvance":49},"38142":{"rect":{"x":0,"y":44,"width":45,"height":44},"xOffset":0,"yOffset":17,"xAdvance":49},"38388":{"rect":{"x":264,"y":134,"width":40,"height":44},"xOffset":2,"yOffset":17,"xAdvance":44}},"kerningDict":{}}}]