[{"__type__":"cc.SpriteFrame","content":{"name":"hh_face_li_18","texture":"qzmjmj4f-58b8-4726-b710-1909756f18be","rect":[0,0,84,128],"offset":[0,0],"originalSize":[84,128],"capInsets":[0,0,0,0]}},{"__type__":"cc.SpriteFrame","content":{"name":"chipai","texture":"qzmjmj8f-4534-49f1-bee2-0fde318d7fc6","rect":[0,0,33,57],"offset":[0,0],"originalSize":[33,57],"capInsets":[0,0,0,0]}},[{"__type__":"cc.Prefab","_name":"qzmj_UIChooseChi","data":{"__id__":1}},{"__type__":"cc.Node","_name":"qzmj_UIChooseChi","_children":[{"__id__":2},{"__id__":7},{"__id__":12}],"_components":[{"__type__":"cc.Layout","node":{"__id__":1},"_N$layoutType":1,"_N$spacingX":10,"_N$horizontalDirection":1},{"__type__":"cc.Widget","node":{"__id__":1},"alignMode":0,"_alignFlags":36,"_right":520,"_bottom":180},{"__type__":"qzmjmj9f-bec7-43aa-91f2-71364514802d","node":{"__id__":1},"JS_Name":"xymj_BaseComponent","btn_chi1":{"__id__":2},"btn_chi2":{"__id__":7},"btn_chi3":{"__id__":12}}],"_prefab":{"__type__":"cc.PrefabInfo","root":{"__id__":1},"asset":{"__uuid__":"qzmjmj3a-9172-4d8d-a39e-be370d76d612"},"fileId":"2e14fQIoy1CLoOzAVoSlf2C"},"_contentSize":{"__type__":"cc.Size","width":600},"_trs":{"__type__":"TypedArray","ctor":"Float64Array","array":[450,180,0,0,0,0,1,1.3,1.3,1]}},{"__type__":"cc.Node","_name":"btn_chi1","_parent":{"__id__":1},"_children":[{"__id__":3},{"__id__":4},{"__id__":5},{"__id__":6}],"_components":[{"__type__":"cc.Sprite","node":{"__id__":2},"_spriteFrame":{"__uuid__":"qzmjmjee-8d76-47aa-8227-b2f7c814689a"},"_type":1,"_sizeMode":0,"_isTrimmedMode":false},{"__type__":"cc.Layout","node":{"__id__":2},"_layoutSize":{"__type__":"cc.Size","width":206,"height":70},"_resize":1,"_N$layoutType":1,"_N$paddingLeft":10,"_N$paddingRight":10,"_N$paddingTop":10,"_N$paddingBottom":20,"_N$spacingX":10,"_N$spacingY":20},{"__type__":"cc.Button","node":{"__id__":2},"clickEvents":[{"__type__":"cc.ClickEvent","target":{"__id__":1},"_componentId":"qzmjmj9f-bec7-43aa-91f2-71364514802d","handler":"OnClick_BtnWnd"}],"_N$normalColor":{"__type__":"cc.Color","r":214,"g":214,"b":214},"_N$target":{"__id__":2}}],"_prefab":{"__type__":"cc.PrefabInfo","root":{"__id__":1},"asset":{"__uuid__":"qzmjmj3a-9172-4d8d-a39e-be370d76d612"},"fileId":"4f3feY0AqJAcYAIkAvtTRoz"},"_contentSize":{"__type__":"cc.Size","width":206,"height":70},"_anchorPoint":{"__type__":"cc.Vec2","y":0.5},"_trs":{"__type__":"TypedArray","ctor":"Float64Array","array":[94,0,0,0,0,0,1,1,1,1]}},{"__type__":"cc.Node","_name":"chi","_parent":{"__id__":2},"_components":[{"__type__":"cc.Sprite","node":{"__id__":3},"_spriteFrame":{"__uuid__":"qzmjmj07-f2a1-4544-8dd0-b36779b479fd"}}],"_prefab":{"__type__":"cc.PrefabInfo","root":{"__id__":1},"asset":{"__uuid__":"qzmjmj3a-9172-4d8d-a39e-be370d76d612"},"fileId":"d3b04KstRVI+6s6aWQUpIN/"},"_contentSize":{"__type__":"cc.Size","width":33,"height":57},"_trs":{"__type__":"TypedArray","ctor":"Float64Array","array":[26.5,5.684341886080802e-14,0,0,0,0,1,1,1,1]}},{"__type__":"cc.Node","_name":"card01","_parent":{"__id__":2},"_components":[{"__type__":"cc.Sprite","node":{"__id__":4},"_spriteFrame":{"__uuid__":"qzmjmj06-8c66-403a-bd98-609bf5e4fb4d"},"_sizeMode":0,"_isTrimmedMode":false}],"_prefab":{"__type__":"cc.PrefabInfo","root":{"__id__":1},"asset":{"__uuid__":"qzmjmj3a-9172-4d8d-a39e-be370d76d612"},"fileId":"51e31ty2shK46m3K8HRyLcy"},"_opacity":243.78,"_contentSize":{"__type__":"cc.Size","width":41,"height":59},"_trs":{"__type__":"TypedArray","ctor":"Float64Array","array":[73.5,0.900000000000091,0,0,0,0,1,1,1,1]}},{"__type__":"cc.Node","_name":"card02","_parent":{"__id__":2},"_components":[{"__type__":"cc.Sprite","node":{"__id__":5},"_spriteFrame":{"__uuid__":"qzmjmj06-8c66-403a-bd98-609bf5e4fb4d"},"_sizeMode":0,"_isTrimmedMode":false}],"_prefab":{"__type__":"cc.PrefabInfo","root":{"__id__":1},"asset":{"__uuid__":"qzmjmj3a-9172-4d8d-a39e-be370d76d612"},"fileId":"231cdHB/kBEU6ns2TYEXSaW"},"_opacity":243.78,"_contentSize":{"__type__":"cc.Size","width":41,"height":59},"_trs":{"__type__":"TypedArray","ctor":"Float64Array","array":[124.5,5.684341886080802e-14,0,0,0,0,1,1,1,1]}},{"__type__":"cc.Node","_name":"card03","_parent":{"__id__":2},"_components":[{"__type__":"cc.Sprite","node":{"__id__":6},"_spriteFrame":{"__uuid__":"qzmjmj06-8c66-403a-bd98-609bf5e4fb4d"},"_sizeMode":0,"_isTrimmedMode":false}],"_prefab":{"__type__":"cc.PrefabInfo","root":{"__id__":1},"asset":{"__uuid__":"qzmjmj3a-9172-4d8d-a39e-be370d76d612"},"fileId":"a4cc9xMNhJPCaknZxu0bEgE"},"_opacity":243.78,"_contentSize":{"__type__":"cc.Size","width":41,"height":59},"_trs":{"__type__":"TypedArray","ctor":"Float64Array","array":[175.5,5.684341886080802e-14,0,0,0,0,1,1,1,1]}},{"__type__":"cc.Node","_name":"btn_chi2","_parent":{"__id__":1},"_children":[{"__id__":8},{"__id__":9},{"__id__":10},{"__id__":11}],"_components":[{"__type__":"cc.Sprite","node":{"__id__":7},"_spriteFrame":{"__uuid__":"qzmjmjee-8d76-47aa-8227-b2f7c814689a"},"_type":1,"_sizeMode":0,"_isTrimmedMode":false},{"__type__":"cc.Layout","node":{"__id__":7},"_layoutSize":{"__type__":"cc.Size","width":206,"height":70},"_resize":1,"_N$layoutType":1,"_N$paddingLeft":10,"_N$paddingRight":10,"_N$paddingTop":10,"_N$paddingBottom":20,"_N$spacingX":10,"_N$spacingY":20},{"__type__":"cc.Button","node":{"__id__":7},"clickEvents":[{"__type__":"cc.ClickEvent","target":{"__id__":1},"_componentId":"qzmjmj9f-bec7-43aa-91f2-71364514802d","handler":"OnClick_BtnWnd"}],"_N$normalColor":{"__type__":"cc.Color","r":214,"g":214,"b":214},"_N$target":{"__id__":7}}],"_prefab":{"__type__":"cc.PrefabInfo","root":{"__id__":1},"asset":{"__uuid__":"qzmjmj3a-9172-4d8d-a39e-be370d76d612"},"fileId":"877919Nwj9Ga6rzhU+4Q+P5"},"_contentSize":{"__type__":"cc.Size","width":206,"height":70},"_anchorPoint":{"__type__":"cc.Vec2","y":0.5},"_trs":{"__type__":"TypedArray","ctor":"Float64Array","array":[-122,0,0,0,0,0,1,1,1,1]}},{"__type__":"cc.Node","_name":"chi","_parent":{"__id__":7},"_components":[{"__type__":"cc.Sprite","node":{"__id__":8},"_spriteFrame":{"__uuid__":"qzmjmj07-f2a1-4544-8dd0-b36779b479fd"}}],"_prefab":{"__type__":"cc.PrefabInfo","root":{"__id__":1},"asset":{"__uuid__":"qzmjmj3a-9172-4d8d-a39e-be370d76d612"},"fileId":"74e47/T/iFOS4e6Wbk8N/M2"},"_contentSize":{"__type__":"cc.Size","width":33,"height":57},"_trs":{"__type__":"TypedArray","ctor":"Float64Array","array":[26.5,5.684341886080802e-14,0,0,0,0,1,1,1,1]}},{"__type__":"cc.Node","_name":"card01","_parent":{"__id__":7},"_components":[{"__type__":"cc.Sprite","node":{"__id__":9},"_spriteFrame":{"__uuid__":"qzmjmj06-8c66-403a-bd98-609bf5e4fb4d"},"_sizeMode":0,"_isTrimmedMode":false}],"_prefab":{"__type__":"cc.PrefabInfo","root":{"__id__":1},"asset":{"__uuid__":"qzmjmj3a-9172-4d8d-a39e-be370d76d612"},"fileId":"580c4NCDclHooW2LifUHkmx"},"_opacity":243.78,"_contentSize":{"__type__":"cc.Size","width":41,"height":59},"_trs":{"__type__":"TypedArray","ctor":"Float64Array","array":[73.5,0.900000000000091,0,0,0,0,1,1,1,1]}},{"__type__":"cc.Node","_name":"card02","_parent":{"__id__":7},"_components":[{"__type__":"cc.Sprite","node":{"__id__":10},"_spriteFrame":{"__uuid__":"qzmjmj06-8c66-403a-bd98-609bf5e4fb4d"},"_sizeMode":0,"_isTrimmedMode":false}],"_prefab":{"__type__":"cc.PrefabInfo","root":{"__id__":1},"asset":{"__uuid__":"qzmjmj3a-9172-4d8d-a39e-be370d76d612"},"fileId":"b6428f9GYhKUI81bhx1Byfj"},"_opacity":243.78,"_contentSize":{"__type__":"cc.Size","width":41,"height":59},"_trs":{"__type__":"TypedArray","ctor":"Float64Array","array":[124.5,5.684341886080802e-14,0,0,0,0,1,1,1,1]}},{"__type__":"cc.Node","_name":"card03","_parent":{"__id__":7},"_components":[{"__type__":"cc.Sprite","node":{"__id__":11},"_spriteFrame":{"__uuid__":"qzmjmj06-8c66-403a-bd98-609bf5e4fb4d"},"_sizeMode":0,"_isTrimmedMode":false}],"_prefab":{"__type__":"cc.PrefabInfo","root":{"__id__":1},"asset":{"__uuid__":"qzmjmj3a-9172-4d8d-a39e-be370d76d612"},"fileId":"f6014kmDQVPu7TKdQ5djRJm"},"_opacity":243.78,"_contentSize":{"__type__":"cc.Size","width":41,"height":59},"_trs":{"__type__":"TypedArray","ctor":"Float64Array","array":[175.5,5.684341886080802e-14,0,0,0,0,1,1,1,1]}},{"__type__":"cc.Node","_name":"btn_chi3","_parent":{"__id__":1},"_children":[{"__id__":13},{"__id__":14},{"__id__":15},{"__id__":16}],"_components":[{"__type__":"cc.Sprite","node":{"__id__":12},"_spriteFrame":{"__uuid__":"qzmjmjee-8d76-47aa-8227-b2f7c814689a"},"_type":1,"_sizeMode":0,"_isTrimmedMode":false},{"__type__":"cc.Layout","node":{"__id__":12},"_layoutSize":{"__type__":"cc.Size","width":206,"height":70},"_resize":1,"_N$layoutType":1,"_N$paddingLeft":10,"_N$paddingRight":10,"_N$paddingTop":10,"_N$paddingBottom":20,"_N$spacingX":10,"_N$spacingY":20},{"__type__":"cc.Button","node":{"__id__":12},"clickEvents":[{"__type__":"cc.ClickEvent","target":{"__id__":1},"_componentId":"qzmjmj9f-bec7-43aa-91f2-71364514802d","handler":"OnClick_BtnWnd"}],"_N$normalColor":{"__type__":"cc.Color","r":214,"g":214,"b":214},"_N$target":{"__id__":12}}],"_prefab":{"__type__":"cc.PrefabInfo","root":{"__id__":1},"asset":{"__uuid__":"qzmjmj3a-9172-4d8d-a39e-be370d76d612"},"fileId":"531e7d6NVBAoZ9hVipD2Fpr"},"_contentSize":{"__type__":"cc.Size","width":206,"height":70},"_anchorPoint":{"__type__":"cc.Vec2","y":0.5},"_trs":{"__type__":"TypedArray","ctor":"Float64Array","array":[-338,0,0,0,0,0,1,1,1,1]}},{"__type__":"cc.Node","_name":"chi","_parent":{"__id__":12},"_components":[{"__type__":"cc.Sprite","node":{"__id__":13},"_spriteFrame":{"__uuid__":"qzmjmj07-f2a1-4544-8dd0-b36779b479fd"}}],"_prefab":{"__type__":"cc.PrefabInfo","root":{"__id__":1},"asset":{"__uuid__":"qzmjmj3a-9172-4d8d-a39e-be370d76d612"},"fileId":"fccc97IZy1J24ao/BBaEQYm"},"_contentSize":{"__type__":"cc.Size","width":33,"height":57},"_trs":{"__type__":"TypedArray","ctor":"Float64Array","array":[26.5,5.684341886080802e-14,0,0,0,0,1,1,1,1]}},{"__type__":"cc.Node","_name":"card01","_parent":{"__id__":12},"_components":[{"__type__":"cc.Sprite","node":{"__id__":14},"_spriteFrame":{"__uuid__":"qzmjmj06-8c66-403a-bd98-609bf5e4fb4d"},"_sizeMode":0,"_isTrimmedMode":false}],"_prefab":{"__type__":"cc.PrefabInfo","root":{"__id__":1},"asset":{"__uuid__":"qzmjmj3a-9172-4d8d-a39e-be370d76d612"},"fileId":"65c65AR3eJNZZ2bzTL+zfjO"},"_opacity":243.78,"_contentSize":{"__type__":"cc.Size","width":41,"height":59},"_trs":{"__type__":"TypedArray","ctor":"Float64Array","array":[73.5,0.900000000000091,0,0,0,0,1,1,1,1]}},{"__type__":"cc.Node","_name":"card02","_parent":{"__id__":12},"_components":[{"__type__":"cc.Sprite","node":{"__id__":15},"_spriteFrame":{"__uuid__":"qzmjmj06-8c66-403a-bd98-609bf5e4fb4d"},"_sizeMode":0,"_isTrimmedMode":false}],"_prefab":{"__type__":"cc.PrefabInfo","root":{"__id__":1},"asset":{"__uuid__":"qzmjmj3a-9172-4d8d-a39e-be370d76d612"},"fileId":"96424Sihn1OpZOP0Qb6ccFV"},"_opacity":243.78,"_contentSize":{"__type__":"cc.Size","width":41,"height":59},"_trs":{"__type__":"TypedArray","ctor":"Float64Array","array":[124.5,5.684341886080802e-14,0,0,0,0,1,1,1,1]}},{"__type__":"cc.Node","_name":"card03","_parent":{"__id__":12},"_components":[{"__type__":"cc.Sprite","node":{"__id__":16},"_spriteFrame":{"__uuid__":"qzmjmj06-8c66-403a-bd98-609bf5e4fb4d"},"_sizeMode":0,"_isTrimmedMode":false}],"_prefab":{"__type__":"cc.PrefabInfo","root":{"__id__":1},"asset":{"__uuid__":"qzmjmj3a-9172-4d8d-a39e-be370d76d612"},"fileId":"bc891WV7v9DDaxaq4ua/5ln"},"_opacity":243.78,"_contentSize":{"__type__":"cc.Size","width":41,"height":59},"_trs":{"__type__":"TypedArray","ctor":"Float64Array","array":[175.5,5.684341886080802e-14,0,0,0,0,1,1,1,1]}}],{"__type__":"cc.SpriteFrame","content":{"name":"paipinzhi","texture":"qzmjmj2f-c3f4-48c7-811e-c4f0bb3c8049","rect":[0,0,27,27],"offset":[0,0],"originalSize":[27,27],"capInsets":[10,10,10,10]}}]