[{"__type__":"cc.SpriteFrame","content":{"name":"ani_01","texture":"qzmjmjf6-416e-4d10-965a-34216d1da58c","rect":[103,93,352,332],"offset":[1.5,0],"originalSize":[555,518],"capInsets":[0,0,0,0]}},[{"__type__":"cc.Prefab","_name":"hu","data":{"__id__":1}},{"__type__":"cc.Node","_name":"hu","_components":[{"__type__":"cc.Sprite","node":{"__id__":1},"_spriteFrame":{"__uuid__":"qzmjmj54-73a9-47a4-9ae8-be57bdbffff9"},"_sizeMode":2,"_isTrimmedMode":false},{"__type__":"cc.Animation","node":{"__id__":1},"_defaultClip":{"__uuid__":"qzmjmj86-a7d4-42d6-ad9c-330af33269e5"},"_clips":[{"__uuid__":"qzmjmj86-a7d4-42d6-ad9c-330af33269e5"}]},{"__type__":"qzmjmja3-f7f6-43f3-bc26-19a21c44bee8","node":{"__id__":1}}],"_prefab":{"__type__":"cc.PrefabInfo","root":{"__id__":1},"asset":{"__uuid__":"qzmjmj69-b527-4047-b658-635882c22127"},"fileId":"ef6d6z/J39A55+E7/mjKkhw"},"_contentSize":{"__type__":"cc.Size","width":555,"height":518},"_trs":{"__type__":"TypedArray","ctor":"Float64Array","array":[0,0,0,0,0,0,1,0.5,0.5,1]}}]]