[{"__type__":"cc.SpriteFrame","content":{"name":"ani_07","texture":"qzmjmj27-fd62-42f1-af51-3e73c8fe9e50","rect":[144,43,675,254],"offset":[0.5,8.5],"originalSize":[962,357],"capInsets":[0,0,0,0]}},{"__type__":"cc.SpriteFrame","content":{"name":"ani_03","texture":"qzmjmj15-0881-41fe-b94a-cd356c3f0080","rect":[105,37,754,280],"offset":[1,1.5],"originalSize":[962,357],"capInsets":[0,0,0,0]}},{"__type__":"cc.SpriteFrame","content":{"name":"ani_05","texture":"qzmjmj89-ddef-436f-9844-f2e42dffe7a5","rect":[197,58,569,223],"offset":[0.5,9],"originalSize":[962,357],"capInsets":[0,0,0,0]}},{"__type__":"cc.SpriteFrame","content":{"name":"ani_04","texture":"qzmjmja6-20bb-461d-8995-d11c285b2098","rect":[207,73,548,204],"offset":[0,3.5],"originalSize":[962,357],"capInsets":[0,0,0,0]}},{"__type__":"cc.SpriteFrame","content":{"name":"ani_09","texture":"qzmjmj0b-ad00-48c9-9eed-cdd6add87259","rect":[112,37,741,272],"offset":[1.5,5.5],"originalSize":[962,357],"capInsets":[0,0,0,0]}},{"__type__":"cc.AnimationClip","_name":"guanerdaAction","_duration":0.7666666666666667,"curveData":{"comps":{"cc.Sprite":{"spriteFrame":[{"frame":0,"value":{"__uuid__":"qzmjmjce-2ea4-49eb-9d9a-000bfcb799e6"}},{"frame":0.08333333333333333,"value":{"__uuid__":"qzmjmjd1-8e5e-4395-9c4f-3a53274e4760"}},{"frame":0.16666666666666666,"value":{"__uuid__":"qzmjmj75-513d-44ee-b677-a4ae55d6777d"}},{"frame":0.25,"value":{"__uuid__":"qzmjmj94-a814-4a1e-9539-dc973ed1bc59"}},{"frame":0.3333333333333333,"value":{"__uuid__":"qzmjmj81-ecac-4399-b4cd-a90bdfb117f2"}},{"frame":0.4166666666666667,"value":{"__uuid__":"qzmjmjef-e5a8-4389-b6cb-6c848803151a"}},{"frame":0.5,"value":{"__uuid__":"qzmjmj2f-f992-4da0-9634-bbc230498ea2"}},{"frame":0.5833333333333334,"value":{"__uuid__":"qzmjmja6-9396-4111-9759-162f8ff84d15"}},{"frame":0.6666666666666666,"value":{"__uuid__":"qzmjmj9a-3c8e-4d63-a442-0266cbe2525e"}},{"frame":0.75,"value":{"__uuid__":"qzmjmjdc-ffb1-4957-8bd1-94cdd90750de"}}]}}}},{"__type__":"cc.SpriteFrame","content":{"name":"ani_08","texture":"qzmjmj14-bc8a-4b51-a39c-e07db054ef5a","rect":[120,40,726,266],"offset":[2,5.5],"originalSize":[962,357],"capInsets":[0,0,0,0]}},{"__type__":"cc.SpriteFrame","content":{"name":"ani_01","texture":"qzmjmj60-f350-4455-aa95-0fa03f0eaec9","rect":[74,26,814,302],"offset":[0,1.5],"originalSize":[962,357],"capInsets":[0,0,0,0]}},{"__type__":"cc.SpriteFrame","content":{"name":"ani_02","texture":"qzmjmje6-3f2d-40de-956c-a36610a6becb","rect":[2,0,960,351],"offset":[1,3],"originalSize":[962,357],"capInsets":[0,0,0,0]}},{"__type__":"cc.SpriteFrame","content":{"name":"ani_10","texture":"qzmjmj0f-43c2-4867-b7b0-f815356c78b6","rect":[209,43,544,238],"offset":[0,16.5],"originalSize":[962,357],"capInsets":[0,0,0,0]}},{"__type__":"cc.SpriteFrame","content":{"name":"ani_06","texture":"qzmjmj96-1afb-489f-bde7-527f765fcd41","rect":[171,51,620,239],"offset":[0,8],"originalSize":[962,357],"capInsets":[0,0,0,0]}}]