[[{"__type__":"cc.Prefab","_name":"pengbeiPrefab","data":{"__id__":1}},{"__type__":"cc.Node","_name":"pengbeiPrefab","_components":[{"__type__":"cc.Sprite","node":{"__id__":1},"_spriteFrame":{"__uuid__":"qzmjmjb7-7bcc-41be-81a1-ef22e8111569"}},{"__type__":"cc.Animation","node":{"__id__":1},"_defaultClip":{"__uuid__":"qzmjmj0b-2420-4d9f-8858-50b5118645a6"},"_clips":[{"__uuid__":"qzmjmj0b-2420-4d9f-8858-50b5118645a6"}]}],"_prefab":{"__type__":"cc.PrefabInfo","root":{"__id__":1},"asset":{"__uuid__":"qzmjmj97-5b71-492a-914b-e20880d2dbb1"},"fileId":"77bT4BgbZBwpHeiAX9Lo1m"},"_contentSize":{"__type__":"cc.Size","width":63,"height":74},"_trs":{"__type__":"TypedArray","ctor":"Float64Array","array":[0,0,0,0,0,0,1,1,1,1]},"_zIndex":0}],{"__type__":"cc.SpriteFrame","content":{"name":"icon_pj","texture":"qzmjmj4b-5820-46b7-8dca-e2dbdae2020d","rect":[14,9,63,74],"offset":[-0.5,0],"originalSize":[92,92],"capInsets":[0,0,0,0]}}]