{"__type__":"sp.SkeletonData","_name":"sp_effect_ldb","_skeletonJson":{"skeleton":{"hash":"TQ7E2wXYzgmGMZTvYoJLI772lAY","spine":"3.6.53","width":0,"height":0,"images":"./sp_effect_ldb_ReversePic/"},"bones":[{"name":"root"},{"name":"1","parent":"root","x":48.34,"y":14.4},{"name":"Base","parent":"1"},{"name":"Qiang","parent":"root","x":53.72,"y":51.05},{"name":"Qiang2","parent":"root","x":53.72,"y":51.05,"scaleX":-1},{"name":"Qiang3","parent":"root","x":53.72,"y":51.05,"scaleX":-1},{"name":"Qiang4","parent":"root","x":53.72,"y":51.05,"scaleX":-1},{"name":"Qiang5","parent":"root","x":53.72,"y":51.05,"scaleX":-1},{"name":"base","parent":"Base","y":8.86},{"name":"qiang","parent":"Qiang","rotation":-58.18,"x":55.27,"y":-10.7},{"name":"fire","parent":"qiang","rotation":-95.04,"x":-4.43,"y":200.99,"scaleY":-1},{"name":"qiang2","parent":"Qiang2","rotation":-58.18,"x":55.27,"y":-10.7},{"name":"fire2","parent":"qiang2","rotation":-95.04,"x":-4.43,"y":200.99,"scaleY":-1},{"name":"qiang3","parent":"Qiang3","rotation":-58.18,"x":55.27,"y":-10.7},{"name":"fire3","parent":"qiang3","rotation":-95.04,"x":-4.43,"y":200.99,"scaleY":-1},{"name":"qiang4","parent":"Qiang4","rotation":-58.18,"x":55.27,"y":-10.7},{"name":"fire4","parent":"qiang4","rotation":-95.04,"x":-4.43,"y":200.99,"scaleY":-1},{"name":"qiang5","parent":"Qiang5","rotation":-58.18,"x":55.27,"y":-10.7},{"name":"fire5","parent":"qiang5","rotation":-95.04,"x":-4.43,"y":200.99,"scaleY":-1},{"name":"huangguan","parent":"Base","x":3.97,"y":146.62},{"name":"light","parent":"qiang","rotation":-20.15,"x":-0.24,"y":200.22},{"name":"light2","parent":"qiang","rotation":-20.15,"x":-0.24,"y":200.22},{"name":"light3","parent":"qiang2","rotation":-20.15,"x":-0.24,"y":200.22},{"name":"light4","parent":"qiang2","rotation":-20.15,"x":-0.24,"y":200.22},{"name":"light5","parent":"qiang3","rotation":-20.15,"x":-0.24,"y":200.22},{"name":"light6","parent":"qiang3","rotation":-20.15,"x":-0.24,"y":200.22},{"name":"light7","parent":"qiang4","rotation":-20.15,"x":-0.24,"y":200.22},{"name":"light8","parent":"qiang4","rotation":-20.15,"x":-0.24,"y":200.22},{"name":"light9","parent":"qiang5","rotation":-20.15,"x":-0.24,"y":200.22},{"name":"light10","parent":"qiang5","rotation":-20.15,"x":-0.24,"y":200.22},{"name":"point","parent":"root","x":-196.84,"y":64.66},{"name":"point2","parent":"root","x":-196.84,"y":64.66},{"name":"point3","parent":"root","x":-196.84,"y":64.66},{"name":"point4","parent":"root","x":-196.84,"y":64.66},{"name":"point5","parent":"root","x":-196.84,"y":64.66},{"name":"point6","parent":"root","x":-196.84,"y":64.66},{"name":"point7","parent":"root","x":-196.84,"y":64.66},{"name":"point8","parent":"root","x":-196.84,"y":64.66},{"name":"point9","parent":"root","x":-196.84,"y":64.66},{"name":"sg","parent":"root","scaleX":2,"scaleY":2},{"name":"sg2","parent":"root","scaleX":2,"scaleY":2},{"name":"zi","parent":"1","x":-0.63,"y":2.03},{"name":"zi2","parent":"1","x":-0.63,"y":2.03},{"name":"zidan","parent":"1","rotation":4.86,"x":-249.88,"y":51.03},{"name":"zidan2","parent":"1","rotation":54.82,"x":-217.11,"y":-75.5,"scaleX":0.775,"scaleY":-1.094},{"name":"zidan3","parent":"1","rotation":-156.43,"x":272.71,"y":80.84,"scaleX":0.77,"scaleY":-1},{"name":"zidan4","parent":"1","rotation":172.48,"x":222.61,"y":11.06,"scaleX":0.77,"scaleY":-1},{"name":"zidan5","parent":"1","rotation":4.86,"x":-249.88,"y":51.03}],"slots":[{"name":"gunfire","bone":"fire"},{"name":"gunfire2","bone":"fire2"},{"name":"gunfire3","bone":"fire3"},{"name":"gunfire4","bone":"fire4"},{"name":"gunfire5","bone":"fire5"},{"name":"qiang","bone":"qiang"},{"name":"qiang2","bone":"qiang2"},{"name":"qiang3","bone":"qiang3"},{"name":"qiang4","bone":"qiang4"},{"name":"qiang5","bone":"qiang5"},{"name":"base","bone":"base"},{"name":"huangguan","bone":"huangguan"},{"name":"zi","bone":"zi"},{"name":"zi2","bone":"zi2","blend":"additive"},{"name":"zidan","bone":"zidan"},{"name":"zidan3","bone":"zidan3"},{"name":"zidan4","bone":"zidan4"},{"name":"zidan2","bone":"zidan2"},{"name":"light","bone":"light","blend":"additive"},{"name":"light3","bone":"light3","blend":"additive"},{"name":"light5","bone":"light5","blend":"additive"},{"name":"light7","bone":"light7","blend":"additive"},{"name":"light9","bone":"light9","blend":"additive"},{"name":"light2","bone":"light2","blend":"additive"},{"name":"light4","bone":"light4","blend":"additive"},{"name":"light6","bone":"light6","blend":"additive"},{"name":"light8","bone":"light8","blend":"additive"},{"name":"light10","bone":"light10","blend":"additive"},{"name":"point","bone":"point","blend":"additive"},{"name":"point9","bone":"point9","blend":"additive"},{"name":"point2","bone":"point2","blend":"additive"},{"name":"point3","bone":"point3","blend":"additive"},{"name":"point5","bone":"point5","blend":"additive"},{"name":"point6","bone":"point6","blend":"additive"},{"name":"point7","bone":"point7","blend":"additive"},{"name":"point8","bone":"point8","blend":"additive"},{"name":"point4","bone":"point4","blend":"additive"},{"name":"sg/sg","bone":"sg","blend":"additive"},{"name":"sg2/sg2","bone":"sg2","blend":"additive"}],"skins":{"default":{"base":{"base":{"width":486,"height":344},"base2":{"width":538,"height":361}},"gunfire":{"gunfire":{"x":-60.9,"y":2.06,"width":150,"height":110}},"gunfire2":{"gunfire":{"x":-60.9,"y":2.06,"width":150,"height":110}},"gunfire3":{"gunfire":{"x":-60.9,"y":2.06,"width":150,"height":110}},"gunfire4":{"gunfire":{"x":-60.9,"y":2.06,"width":150,"height":110}},"gunfire5":{"gunfire":{"x":-60.9,"y":2.06,"width":150,"height":110}},"huangguan":{"huangguan":{"width":203,"height":109}},"light":{"light_00000":{"x":-6.25,"y":56.06,"rotation":-28.62,"width":120,"height":141},"light_00001":{"x":-6.25,"y":56.06,"rotation":-28.62,"width":120,"height":141},"light_00002":{"x":-6.25,"y":56.06,"rotation":-28.62,"width":120,"height":141},"light_00003":{"x":-6.25,"y":56.06,"rotation":-28.62,"width":120,"height":141}},"light10":{"light_00000":{"x":-6.25,"y":56.06,"rotation":-28.62,"width":120,"height":141},"light_00001":{"x":-6.25,"y":56.06,"rotation":-28.62,"width":120,"height":141},"light_00002":{"x":-6.25,"y":56.06,"rotation":-28.62,"width":120,"height":141},"light_00003":{"x":-6.25,"y":56.06,"rotation":-28.62,"width":120,"height":141}},"light2":{"light_00000":{"x":-6.25,"y":56.06,"rotation":-28.62,"width":120,"height":141},"light_00001":{"x":-6.25,"y":56.06,"rotation":-28.62,"width":120,"height":141},"light_00002":{"x":-6.25,"y":56.06,"rotation":-28.62,"width":120,"height":141},"light_00003":{"x":-6.25,"y":56.06,"rotation":-28.62,"width":120,"height":141}},"light3":{"light_00000":{"x":-6.25,"y":56.06,"rotation":-28.62,"width":120,"height":141},"light_00001":{"x":-6.25,"y":56.06,"rotation":-28.62,"width":120,"height":141},"light_00002":{"x":-6.25,"y":56.06,"rotation":-28.62,"width":120,"height":141},"light_00003":{"x":-6.25,"y":56.06,"rotation":-28.62,"width":120,"height":141}},"light4":{"light_00000":{"x":-6.25,"y":56.06,"rotation":-28.62,"width":120,"height":141},"light_00001":{"x":-6.25,"y":56.06,"rotation":-28.62,"width":120,"height":141},"light_00002":{"x":-6.25,"y":56.06,"rotation":-28.62,"width":120,"height":141},"light_00003":{"x":-6.25,"y":56.06,"rotation":-28.62,"width":120,"height":141}},"light5":{"light_00000":{"x":-6.25,"y":56.06,"rotation":-28.62,"width":120,"height":141},"light_00001":{"x":-6.25,"y":56.06,"rotation":-28.62,"width":120,"height":141},"light_00002":{"x":-6.25,"y":56.06,"rotation":-28.62,"width":120,"height":141},"light_00003":{"x":-6.25,"y":56.06,"rotation":-28.62,"width":120,"height":141}},"light6":{"light_00000":{"x":-6.25,"y":56.06,"rotation":-28.62,"width":120,"height":141},"light_00001":{"x":-6.25,"y":56.06,"rotation":-28.62,"width":120,"height":141},"light_00002":{"x":-6.25,"y":56.06,"rotation":-28.62,"width":120,"height":141},"light_00003":{"x":-6.25,"y":56.06,"rotation":-28.62,"width":120,"height":141}},"light7":{"light_00000":{"x":-6.25,"y":56.06,"rotation":-28.62,"width":120,"height":141},"light_00001":{"x":-6.25,"y":56.06,"rotation":-28.62,"width":120,"height":141},"light_00002":{"x":-6.25,"y":56.06,"rotation":-28.62,"width":120,"height":141},"light_00003":{"x":-6.25,"y":56.06,"rotation":-28.62,"width":120,"height":141}},"light8":{"light_00000":{"x":-6.25,"y":56.06,"rotation":-28.62,"width":120,"height":141},"light_00001":{"x":-6.25,"y":56.06,"rotation":-28.62,"width":120,"height":141},"light_00002":{"x":-6.25,"y":56.06,"rotation":-28.62,"width":120,"height":141},"light_00003":{"x":-6.25,"y":56.06,"rotation":-28.62,"width":120,"height":141}},"light9":{"light_00000":{"x":-6.25,"y":56.06,"rotation":-28.62,"width":120,"height":141},"light_00001":{"x":-6.25,"y":56.06,"rotation":-28.62,"width":120,"height":141},"light_00002":{"x":-6.25,"y":56.06,"rotation":-28.62,"width":120,"height":141},"light_00003":{"x":-6.25,"y":56.06,"rotation":-28.62,"width":120,"height":141}},"point":{"point":{"rotation":-32.44,"width":100,"height":100}},"point2":{"point":{"rotation":-32.44,"width":100,"height":100}},"point3":{"point":{"rotation":-32.44,"width":100,"height":100}},"point4":{"point":{"rotation":-32.44,"width":100,"height":100}},"point5":{"point":{"rotation":-32.44,"width":100,"height":100}},"point6":{"point":{"rotation":-32.44,"width":100,"height":100}},"point7":{"point":{"rotation":-32.44,"width":100,"height":100}},"point8":{"point":{"rotation":-32.44,"width":100,"height":100}},"point9":{"point":{"rotation":-32.44,"width":100,"height":100}},"qiang":{"qiang_00000":{"x":18.34,"y":75.24,"width":172,"height":275},"qiang_00001":{"x":18.34,"y":75.24,"width":172,"height":275}},"qiang2":{"qiang_00000":{"x":18.34,"y":75.24,"width":172,"height":275},"qiang_00001":{"x":18.34,"y":75.24,"width":172,"height":275}},"qiang3":{"qiang_00000":{"x":18.34,"y":75.24,"width":172,"height":275},"qiang_00001":{"x":18.34,"y":75.24,"width":172,"height":275}},"qiang4":{"qiang_00000":{"x":18.34,"y":75.24,"width":172,"height":275},"qiang_00001":{"x":18.34,"y":75.24,"width":172,"height":275}},"qiang5":{"qiang_00000":{"x":18.34,"y":75.24,"width":172,"height":275},"qiang_00001":{"x":18.34,"y":75.24,"width":172,"height":275}},"sg/sg":{"sg/sg_00000":{"x":0.5,"width":205,"height":96},"sg/sg_00002":{"x":0.5,"width":205,"height":96},"sg/sg_00004":{"x":0.5,"width":205,"height":96},"sg/sg_00006":{"x":0.5,"width":205,"height":96},"sg/sg_00008":{"x":0.5,"width":205,"height":96},"sg/sg_00010":{"x":0.5,"width":205,"height":96},"sg/sg_00012":{"x":0.5,"width":205,"height":96},"sg/sg_00014":{"x":0.5,"width":205,"height":96},"sg/sg_00016":{"x":0.5,"width":205,"height":96},"sg/sg_00018":{"x":0.5,"width":205,"height":96},"sg/sg_00020":{"x":0.5,"width":205,"height":96}},"sg2/sg2":{"sg2/sg2_00000":{"width":218,"height":96},"sg2/sg2_00002":{"width":218,"height":96},"sg2/sg2_00004":{"width":218,"height":96},"sg2/sg2_00006":{"width":218,"height":96},"sg2/sg2_00008":{"width":218,"height":96},"sg2/sg2_00010":{"width":218,"height":96},"sg2/sg2_00012":{"width":218,"height":96},"sg2/sg2_00014":{"width":218,"height":96},"sg2/sg2_00016":{"width":218,"height":96},"sg2/sg2_00018":{"width":218,"height":96},"sg2/sg2_00020":{"width":218,"height":96}},"zi":{"zi":{"x":0.5,"width":361,"height":142},"zi2":{"y":0.5,"width":382,"height":147}},"zi2":{"zi":{"x":0.5,"width":361,"height":142},"zi2":{"y":0.5,"width":382,"height":147}},"zidan":{"zidan":{"x":32.68,"y":-4.73,"rotation":-4.86,"width":124,"height":37}},"zidan2":{"zidan":{"x":32.68,"y":-4.73,"rotation":-4.86,"width":124,"height":37}},"zidan3":{"zidan":{"x":32.68,"y":-4.73,"rotation":-4.86,"width":124,"height":37}},"zidan4":{"zidan":{"x":32.68,"y":-4.73,"rotation":-4.86,"width":124,"height":37}}}},"animations":{"ldb":{"slots":{"base":{"color":[{"time":0,"color":"ffffff71"},{"time":0.1667,"color":"ffffffff"}],"attachment":[{"time":0,"name":"base"}]},"gunfire":{"attachment":[{"time":0.6667,"name":"gunfire"},{"time":0.7333,"name":null},{"time":0.7667,"name":"gunfire"},{"time":0.9,"name":null},{"time":0.9333,"name":"gunfire"},{"time":1.0667,"name":null},{"time":1.1,"name":"gunfire"},{"time":1.2333,"name":null},{"time":1.2667,"name":"gunfire"},{"time":1.4,"name":null},{"time":1.4333,"name":"gunfire"},{"time":1.5667,"name":null},{"time":1.6,"name":"gunfire"},{"time":1.7333,"name":null},{"time":1.7667,"name":"gunfire"},{"time":1.9,"name":null},{"time":1.9333,"name":"gunfire"},{"time":2.0667,"name":null},{"time":2.1,"name":"gunfire"},{"time":2.2333,"name":null},{"time":2.2667,"name":"gunfire"},{"time":2.4,"name":null},{"time":2.4333,"name":"gunfire"},{"time":2.5667,"name":null},{"time":2.6,"name":"gunfire"}]},"gunfire2":{"attachment":[{"time":0.7,"name":"gunfire"},{"time":0.7667,"name":null},{"time":0.8,"name":"gunfire"},{"time":0.9333,"name":null},{"time":0.9667,"name":"gunfire"},{"time":1.1,"name":null},{"time":1.1333,"name":"gunfire"},{"time":1.2667,"name":null},{"time":1.3,"name":"gunfire"},{"time":1.4333,"name":null},{"time":1.4667,"name":"gunfire"},{"time":1.6,"name":null},{"time":1.6333,"name":"gunfire"},{"time":1.7667,"name":null},{"time":1.8,"name":"gunfire"},{"time":1.9333,"name":null},{"time":1.9667,"name":"gunfire"},{"time":2.1,"name":null},{"time":2.1333,"name":"gunfire"},{"time":2.2667,"name":null},{"time":2.3,"name":"gunfire"},{"time":2.4333,"name":null},{"time":2.4667,"name":"gunfire"},{"time":2.6,"name":null},{"time":2.6333,"name":"gunfire"}]},"huangguan":{"color":[{"time":0,"color":"ffffff71"},{"time":0.1667,"color":"ffffffff"}],"attachment":[{"time":0,"name":"huangguan"}]},"light":{"attachment":[{"time":0.6667,"name":"light_00000"},{"time":0.7,"name":"light_00001"},{"time":0.7333,"name":"light_00002"},{"time":0.7667,"name":"light_00003"},{"time":0.8,"name":null},{"time":0.8333,"name":"light_00000"},{"time":0.8667,"name":"light_00001"},{"time":0.9,"name":"light_00002"},{"time":0.9333,"name":"light_00003"},{"time":0.9667,"name":null},{"time":1,"name":"light_00000"},{"time":1.0333,"name":"light_00001"},{"time":1.0667,"name":"light_00002"},{"time":1.1,"name":"light_00003"},{"time":1.1333,"name":null},{"time":1.1667,"name":"light_00000"},{"time":1.2,"name":"light_00001"},{"time":1.2333,"name":"light_00002"},{"time":1.2667,"name":"light_00003"},{"time":1.3,"name":null},{"time":1.3333,"name":"light_00000"},{"time":1.3667,"name":"light_00001"},{"time":1.4,"name":"light_00002"},{"time":1.4333,"name":"light_00003"},{"time":1.4667,"name":null},{"time":1.5,"name":"light_00000"},{"time":1.5333,"name":"light_00001"},{"time":1.5667,"name":"light_00002"},{"time":1.6,"name":"light_00003"},{"time":1.6333,"name":null},{"time":1.6667,"name":"light_00000"},{"time":1.7,"name":"light_00001"},{"time":1.7333,"name":"light_00002"},{"time":1.7667,"name":"light_00003"},{"time":1.8,"name":null},{"time":1.8333,"name":"light_00000"},{"time":1.8667,"name":"light_00001"},{"time":1.9,"name":"light_00002"},{"time":1.9333,"name":"light_00003"},{"time":1.9667,"name":null},{"time":2,"name":"light_00000"},{"time":2.0333,"name":"light_00001"},{"time":2.0667,"name":"light_00002"},{"time":2.1,"name":"light_00003"},{"time":2.1333,"name":null},{"time":2.1667,"name":"light_00000"},{"time":2.2,"name":"light_00001"},{"time":2.2333,"name":"light_00002"},{"time":2.2667,"name":"light_00003"},{"time":2.3,"name":null},{"time":2.3333,"name":"light_00000"},{"time":2.3667,"name":"light_00001"},{"time":2.4,"name":"light_00002"},{"time":2.4333,"name":"light_00003"},{"time":2.4667,"name":null},{"time":2.5,"name":"light_00000"},{"time":2.5333,"name":"light_00001"},{"time":2.5667,"name":"light_00002"},{"time":2.6,"name":"light_00003"},{"time":2.6333,"name":null}]},"light2":{"attachment":[{"time":0.7,"name":"light_00000"},{"time":0.7333,"name":"light_00002"},{"time":0.7667,"name":"light_00003"},{"time":0.8,"name":null},{"time":0.8667,"name":"light_00000"},{"time":0.9,"name":"light_00002"},{"time":0.9333,"name":"light_00003"},{"time":0.9667,"name":null},{"time":1.0333,"name":"light_00000"},{"time":1.0667,"name":"light_00002"},{"time":1.1,"name":"light_00003"},{"time":1.1333,"name":null},{"time":1.2,"name":"light_00000"},{"time":1.2333,"name":"light_00002"},{"time":1.2667,"name":"light_00003"},{"time":1.3,"name":null},{"time":1.3667,"name":"light_00000"},{"time":1.4,"name":"light_00002"},{"time":1.4333,"name":"light_00003"},{"time":1.4667,"name":null},{"time":1.5333,"name":"light_00000"},{"time":1.5667,"name":"light_00002"},{"time":1.6,"name":"light_00003"},{"time":1.6333,"name":null},{"time":1.7,"name":"light_00000"},{"time":1.7333,"name":"light_00002"},{"time":1.7667,"name":"light_00003"},{"time":1.8,"name":null},{"time":1.8667,"name":"light_00000"},{"time":1.9,"name":"light_00002"},{"time":1.9333,"name":"light_00003"},{"time":1.9667,"name":null},{"time":2.0333,"name":"light_00000"},{"time":2.0667,"name":"light_00002"},{"time":2.1,"name":"light_00003"},{"time":2.1333,"name":null},{"time":2.2,"name":"light_00000"},{"time":2.2333,"name":"light_00002"},{"time":2.2667,"name":"light_00003"},{"time":2.3,"name":null},{"time":2.3667,"name":"light_00000"},{"time":2.4,"name":"light_00002"},{"time":2.4333,"name":"light_00003"},{"time":2.4667,"name":null},{"time":2.5333,"name":"light_00000"},{"time":2.5667,"name":"light_00002"},{"time":2.6,"name":"light_00003"},{"time":2.6333,"name":null}]},"light3":{"attachment":[{"time":0.7,"name":"light_00000"},{"time":0.7333,"name":"light_00001"},{"time":0.7667,"name":"light_00002"},{"time":0.8,"name":"light_00003"},{"time":0.8333,"name":null},{"time":0.8667,"name":"light_00000"},{"time":0.9,"name":"light_00001"},{"time":0.9333,"name":"light_00002"},{"time":0.9667,"name":"light_00003"},{"time":1,"name":null},{"time":1.0333,"name":"light_00000"},{"time":1.0667,"name":"light_00001"},{"time":1.1,"name":"light_00002"},{"time":1.1333,"name":"light_00003"},{"time":1.1667,"name":null},{"time":1.2,"name":"light_00000"},{"time":1.2333,"name":"light_00001"},{"time":1.2667,"name":"light_00002"},{"time":1.3,"name":"light_00003"},{"time":1.3333,"name":null},{"time":1.3667,"name":"light_00000"},{"time":1.4,"name":"light_00001"},{"time":1.4333,"name":"light_00002"},{"time":1.4667,"name":"light_00003"},{"time":1.5,"name":null},{"time":1.5333,"name":"light_00000"},{"time":1.5667,"name":"light_00001"},{"time":1.6,"name":"light_00002"},{"time":1.6333,"name":"light_00003"},{"time":1.6667,"name":null},{"time":1.7,"name":"light_00000"},{"time":1.7333,"name":"light_00001"},{"time":1.7667,"name":"light_00002"},{"time":1.8,"name":"light_00003"},{"time":1.8333,"name":null},{"time":1.8667,"name":"light_00000"},{"time":1.9,"name":"light_00001"},{"time":1.9333,"name":"light_00002"},{"time":1.9667,"name":"light_00003"},{"time":2,"name":null},{"time":2.0333,"name":"light_00000"},{"time":2.0667,"name":"light_00001"},{"time":2.1,"name":"light_00002"},{"time":2.1333,"name":"light_00003"},{"time":2.1667,"name":null},{"time":2.2,"name":"light_00000"},{"time":2.2333,"name":"light_00001"},{"time":2.2667,"name":"light_00002"},{"time":2.3,"name":"light_00003"},{"time":2.3333,"name":null},{"time":2.3667,"name":"light_00000"},{"time":2.4,"name":"light_00001"},{"time":2.4333,"name":"light_00002"},{"time":2.4667,"name":"light_00003"},{"time":2.5,"name":null},{"time":2.5333,"name":"light_00000"},{"time":2.5667,"name":"light_00001"},{"time":2.6,"name":"light_00002"},{"time":2.6333,"name":"light_00003"},{"time":2.6667,"name":null}]},"light4":{"attachment":[{"time":0.7333,"name":"light_00000"},{"time":0.7667,"name":"light_00002"},{"time":0.8,"name":"light_00003"},{"time":0.8333,"name":null},{"time":0.9,"name":"light_00000"},{"time":0.9333,"name":"light_00002"},{"time":0.9667,"name":"light_00003"},{"time":1,"name":null},{"time":1.0667,"name":"light_00000"},{"time":1.1,"name":"light_00002"},{"time":1.1333,"name":"light_00003"},{"time":1.1667,"name":null},{"time":1.2333,"name":"light_00000"},{"time":1.2667,"name":"light_00002"},{"time":1.3,"name":"light_00003"},{"time":1.3333,"name":null},{"time":1.4,"name":"light_00000"},{"time":1.4333,"name":"light_00002"},{"time":1.4667,"name":"light_00003"},{"time":1.5,"name":null},{"time":1.5667,"name":"light_00000"},{"time":1.6,"name":"light_00002"},{"time":1.6333,"name":"light_00003"},{"time":1.6667,"name":null},{"time":1.7333,"name":"light_00000"},{"time":1.7667,"name":"light_00002"},{"time":1.8,"name":"light_00003"},{"time":1.8333,"name":null},{"time":1.9,"name":"light_00000"},{"time":1.9333,"name":"light_00002"},{"time":1.9667,"name":"light_00003"},{"time":2,"name":null},{"time":2.0667,"name":"light_00000"},{"time":2.1,"name":"light_00002"},{"time":2.1333,"name":"light_00003"},{"time":2.1667,"name":null},{"time":2.2333,"name":"light_00000"},{"time":2.2667,"name":"light_00002"},{"time":2.3,"name":"light_00003"},{"time":2.3333,"name":null},{"time":2.4,"name":"light_00000"},{"time":2.4333,"name":"light_00002"},{"time":2.4667,"name":"light_00003"},{"time":2.5,"name":null},{"time":2.5667,"name":"light_00000"},{"time":2.6,"name":"light_00002"},{"time":2.6333,"name":"light_00003"},{"time":2.6667,"name":null}]},"point":{"attachment":[{"time":0.5,"name":"point"}]},"point2":{"attachment":[{"time":1,"name":"point"}]},"point3":{"attachment":[{"time":1.5,"name":"point"}]},"point4":{"attachment":[{"time":0.5,"name":"point"}]},"point5":{"attachment":[{"time":0.9333,"name":"point"}]},"point6":{"attachment":[{"time":1.1333,"name":"point"}]},"point7":{"attachment":[{"time":1.3333,"name":"point"}]},"point8":{"attachment":[{"time":0.6333,"name":"point"}]},"point9":{"attachment":[{"time":1.3333,"name":"point"}]},"qiang":{"color":[{"time":0.4333,"color":"ffffff7c"},{"time":0.5,"color":"ffffffff"}],"attachment":[{"time":0.4333,"name":"qiang_00000"},{"time":0.7,"name":"qiang_00001"},{"time":0.7333,"name":"qiang_00000"},{"time":0.7667,"name":"qiang_00001"},{"time":0.8,"name":"qiang_00000"},{"time":0.8333,"name":"qiang_00001"},{"time":0.8667,"name":"qiang_00000"},{"time":0.9,"name":"qiang_00001"},{"time":0.9333,"name":"qiang_00000"},{"time":0.9667,"name":"qiang_00001"},{"time":1,"name":"qiang_00000"},{"time":1.0333,"name":"qiang_00001"},{"time":1.0667,"name":"qiang_00000"},{"time":1.1,"name":"qiang_00001"},{"time":1.1333,"name":"qiang_00000"},{"time":1.1667,"name":"qiang_00001"},{"time":1.2,"name":"qiang_00000"},{"time":1.2333,"name":"qiang_00001"},{"time":1.2667,"name":"qiang_00000"},{"time":1.3,"name":"qiang_00001"},{"time":1.3333,"name":"qiang_00000"},{"time":1.3667,"name":"qiang_00001"},{"time":1.4,"name":"qiang_00000"},{"time":1.4333,"name":"qiang_00001"},{"time":1.4667,"name":"qiang_00000"},{"time":1.5,"name":"qiang_00001"},{"time":1.5333,"name":"qiang_00000"},{"time":1.5667,"name":"qiang_00001"},{"time":1.6,"name":"qiang_00000"},{"time":1.6333,"name":"qiang_00001"},{"time":1.6667,"name":"qiang_00000"},{"time":1.7,"name":"qiang_00001"},{"time":1.7333,"name":"qiang_00000"},{"time":1.7667,"name":"qiang_00001"},{"time":1.8,"name":"qiang_00000"},{"time":1.8333,"name":"qiang_00001"},{"time":1.8667,"name":"qiang_00000"},{"time":1.9,"name":"qiang_00001"},{"time":1.9333,"name":"qiang_00000"},{"time":1.9667,"name":"qiang_00001"},{"time":2,"name":"qiang_00000"},{"time":2.0333,"name":"qiang_00001"},{"time":2.0667,"name":"qiang_00000"},{"time":2.1,"name":"qiang_00001"},{"time":2.1333,"name":"qiang_00000"},{"time":2.1667,"name":"qiang_00001"},{"time":2.2,"name":"qiang_00000"},{"time":2.2333,"name":"qiang_00001"},{"time":2.2667,"name":"qiang_00000"},{"time":2.3,"name":"qiang_00001"},{"time":2.3333,"name":"qiang_00000"},{"time":2.3667,"name":"qiang_00001"},{"time":2.4,"name":"qiang_00000"},{"time":2.4333,"name":"qiang_00001"},{"time":2.4667,"name":"qiang_00000"},{"time":2.5,"name":"qiang_00001"},{"time":2.5333,"name":"qiang_00000"},{"time":2.5667,"name":"qiang_00001"},{"time":2.6,"name":"qiang_00000"},{"time":2.6333,"name":"qiang_00001"},{"time":2.6667,"name":"qiang_00000"}]},"qiang2":{"color":[{"time":0.4667,"color":"ffffff7c"},{"time":0.5333,"color":"ffffffff"}],"attachment":[{"time":0.4667,"name":"qiang_00000"},{"time":0.7333,"name":"qiang_00001"},{"time":0.7667,"name":"qiang_00000"},{"time":0.8,"name":"qiang_00001"},{"time":0.8333,"name":"qiang_00000"},{"time":0.8667,"name":"qiang_00001"},{"time":0.9,"name":"qiang_00000"},{"time":0.9333,"name":"qiang_00001"},{"time":0.9667,"name":"qiang_00000"},{"time":1,"name":"qiang_00001"},{"time":1.0333,"name":"qiang_00000"},{"time":1.0667,"name":"qiang_00001"},{"time":1.1,"name":"qiang_00000"},{"time":1.1333,"name":"qiang_00001"},{"time":1.1667,"name":"qiang_00000"},{"time":1.2,"name":"qiang_00001"},{"time":1.2333,"name":"qiang_00000"},{"time":1.2667,"name":"qiang_00001"},{"time":1.3,"name":"qiang_00000"},{"time":1.3333,"name":"qiang_00001"},{"time":1.3667,"name":"qiang_00000"},{"time":1.4,"name":"qiang_00001"},{"time":1.4333,"name":"qiang_00000"},{"time":1.4667,"name":"qiang_00001"},{"time":1.5,"name":"qiang_00000"},{"time":1.5333,"name":"qiang_00001"},{"time":1.5667,"name":"qiang_00000"},{"time":1.6,"name":"qiang_00001"},{"time":1.6333,"name":"qiang_00000"},{"time":1.6667,"name":"qiang_00001"},{"time":1.7,"name":"qiang_00000"},{"time":1.7333,"name":"qiang_00001"},{"time":1.7667,"name":"qiang_00000"},{"time":1.8,"name":"qiang_00001"},{"time":1.8333,"name":"qiang_00000"},{"time":1.8667,"name":"qiang_00001"},{"time":1.9,"name":"qiang_00000"},{"time":1.9333,"name":"qiang_00001"},{"time":1.9667,"name":"qiang_00000"},{"time":2,"name":"qiang_00001"},{"time":2.0333,"name":"qiang_00000"},{"time":2.0667,"name":"qiang_00001"},{"time":2.1,"name":"qiang_00000"},{"time":2.1333,"name":"qiang_00001"},{"time":2.1667,"name":"qiang_00000"},{"time":2.2,"name":"qiang_00001"},{"time":2.2333,"name":"qiang_00000"},{"time":2.2667,"name":"qiang_00001"},{"time":2.3,"name":"qiang_00000"},{"time":2.3333,"name":"qiang_00001"},{"time":2.3667,"name":"qiang_00000"},{"time":2.4,"name":"qiang_00001"},{"time":2.4333,"name":"qiang_00000"},{"time":2.4667,"name":"qiang_00001"},{"time":2.5,"name":"qiang_00000"},{"time":2.5333,"name":"qiang_00001"},{"time":2.5667,"name":"qiang_00000"},{"time":2.6,"name":"qiang_00001"},{"time":2.6333,"name":"qiang_00000"},{"time":2.6667,"name":"qiang_00001"}]},"sg/sg":{"attachment":[{"time":0.6667,"name":"sg/sg_00000"},{"time":0.7667,"name":"sg/sg_00002"},{"time":0.8667,"name":"sg/sg_00004"},{"time":0.9667,"name":"sg/sg_00006"},{"time":1.0667,"name":"sg/sg_00008"},{"time":1.1667,"name":"sg/sg_00010"},{"time":1.2667,"name":"sg/sg_00012"},{"time":1.3667,"name":"sg/sg_00014"},{"time":1.4667,"name":"sg/sg_00016"},{"time":1.5667,"name":"sg/sg_00018"},{"time":1.6667,"name":"sg/sg_00020"},{"time":1.7667,"name":null}]},"zi":{"color":[{"time":0.1667,"color":"ffffff75"},{"time":0.3,"color":"ffffffce"},{"time":0.3667,"color":"ffffffff"}],"attachment":[{"time":0.1667,"name":"zi"}]},"zi2":{"color":[{"time":0.4667,"color":"ffffffff"},{"time":0.8667,"color":"ffffff00"}],"attachment":[{"time":0.3667,"name":"zi"}]},"zidan":{"color":[{"time":0.3667,"color":"ffffff6a"},{"time":0.5,"color":"ffffffff"}],"attachment":[{"time":0.3667,"name":"zidan"}]},"zidan2":{"color":[{"time":0.4333,"color":"ffffff6a"},{"time":0.5667,"color":"ffffffff"}],"attachment":[{"time":0.4333,"name":"zidan"}]},"zidan3":{"color":[{"time":0.4,"color":"ffffff6a"},{"time":0.5333,"color":"ffffffff"}],"attachment":[{"time":0.4,"name":"zidan"}]},"zidan4":{"color":[{"time":0.4667,"color":"ffffff6a"},{"time":0.6,"color":"ffffffff"}],"attachment":[{"time":0.4667,"name":"zidan"}]}},"bones":{"fire":{"scale":[{"time":0.6667,"x":1,"y":1,"curve":"stepped"},{"time":0.7,"x":1.366,"y":0.418,"curve":"stepped"},{"time":0.7667,"x":0.657,"y":0.765,"curve":"stepped"},{"time":0.8,"x":1,"y":1,"curve":"stepped"},{"time":0.8333,"x":1,"y":1,"curve":"stepped"},{"time":0.8667,"x":1.366,"y":0.418,"curve":"stepped"},{"time":0.9333,"x":0.657,"y":0.765,"curve":"stepped"},{"time":0.9667,"x":1,"y":1,"curve":"stepped"},{"time":1,"x":1,"y":1,"curve":"stepped"},{"time":1.0333,"x":1.366,"y":0.418,"curve":"stepped"},{"time":1.1,"x":0.657,"y":0.765,"curve":"stepped"},{"time":1.1333,"x":1,"y":1,"curve":"stepped"},{"time":1.1667,"x":1,"y":1,"curve":"stepped"},{"time":1.2,"x":1.366,"y":0.418,"curve":"stepped"},{"time":1.2667,"x":0.657,"y":0.765,"curve":"stepped"},{"time":1.3,"x":1,"y":1,"curve":"stepped"},{"time":1.3333,"x":1,"y":1,"curve":"stepped"},{"time":1.3667,"x":1.366,"y":0.418,"curve":"stepped"},{"time":1.4333,"x":0.657,"y":0.765,"curve":"stepped"},{"time":1.4667,"x":1,"y":1,"curve":"stepped"},{"time":1.5,"x":1,"y":1,"curve":"stepped"},{"time":1.5333,"x":1.366,"y":0.418,"curve":"stepped"},{"time":1.6,"x":0.657,"y":0.765,"curve":"stepped"},{"time":1.6333,"x":1,"y":1,"curve":"stepped"},{"time":1.6667,"x":1,"y":1,"curve":"stepped"},{"time":1.7,"x":1.366,"y":0.418,"curve":"stepped"},{"time":1.7667,"x":0.657,"y":0.765,"curve":"stepped"},{"time":1.8,"x":1,"y":1,"curve":"stepped"},{"time":1.8333,"x":1,"y":1,"curve":"stepped"},{"time":1.8667,"x":1.366,"y":0.418,"curve":"stepped"},{"time":1.9333,"x":0.657,"y":0.765,"curve":"stepped"},{"time":1.9667,"x":1,"y":1,"curve":"stepped"},{"time":2,"x":1,"y":1,"curve":"stepped"},{"time":2.0333,"x":1.366,"y":0.418,"curve":"stepped"},{"time":2.1,"x":0.657,"y":0.765,"curve":"stepped"},{"time":2.1333,"x":1,"y":1,"curve":"stepped"},{"time":2.1667,"x":1,"y":1,"curve":"stepped"},{"time":2.2,"x":1.366,"y":0.418,"curve":"stepped"},{"time":2.2667,"x":0.657,"y":0.765,"curve":"stepped"},{"time":2.3,"x":1,"y":1,"curve":"stepped"},{"time":2.3333,"x":1,"y":1,"curve":"stepped"},{"time":2.3667,"x":1.366,"y":0.418,"curve":"stepped"},{"time":2.4333,"x":0.657,"y":0.765,"curve":"stepped"},{"time":2.4667,"x":1,"y":1,"curve":"stepped"},{"time":2.5,"x":1,"y":1,"curve":"stepped"},{"time":2.5333,"x":1.366,"y":0.418,"curve":"stepped"},{"time":2.6,"x":0.657,"y":0.765,"curve":"stepped"},{"time":2.6333,"x":1,"y":1}]},"fire2":{"scale":[{"time":0.7,"x":1,"y":1,"curve":"stepped"},{"time":0.7333,"x":1.366,"y":0.418,"curve":"stepped"},{"time":0.8,"x":0.657,"y":0.765,"curve":"stepped"},{"time":0.8333,"x":1,"y":1,"curve":"stepped"},{"time":0.8667,"x":1,"y":1,"curve":"stepped"},{"time":0.9,"x":1.366,"y":0.418,"curve":"stepped"},{"time":0.9667,"x":0.657,"y":0.765,"curve":"stepped"},{"time":1,"x":1,"y":1,"curve":"stepped"},{"time":1.0333,"x":1,"y":1,"curve":"stepped"},{"time":1.0667,"x":1.366,"y":0.418,"curve":"stepped"},{"time":1.1333,"x":0.657,"y":0.765,"curve":"stepped"},{"time":1.1667,"x":1,"y":1,"curve":"stepped"},{"time":1.2,"x":1,"y":1,"curve":"stepped"},{"time":1.2333,"x":1.366,"y":0.418,"curve":"stepped"},{"time":1.3,"x":0.657,"y":0.765,"curve":"stepped"},{"time":1.3333,"x":1,"y":1,"curve":"stepped"},{"time":1.3667,"x":1,"y":1,"curve":"stepped"},{"time":1.4,"x":1.366,"y":0.418,"curve":"stepped"},{"time":1.4667,"x":0.657,"y":0.765,"curve":"stepped"},{"time":1.5,"x":1,"y":1,"curve":"stepped"},{"time":1.5333,"x":1,"y":1,"curve":"stepped"},{"time":1.5667,"x":1.366,"y":0.418,"curve":"stepped"},{"time":1.6333,"x":0.657,"y":0.765,"curve":"stepped"},{"time":1.6667,"x":1,"y":1,"curve":"stepped"},{"time":1.7,"x":1,"y":1,"curve":"stepped"},{"time":1.7333,"x":1.366,"y":0.418,"curve":"stepped"},{"time":1.8,"x":0.657,"y":0.765,"curve":"stepped"},{"time":1.8333,"x":1,"y":1,"curve":"stepped"},{"time":1.8667,"x":1,"y":1,"curve":"stepped"},{"time":1.9,"x":1.366,"y":0.418,"curve":"stepped"},{"time":1.9667,"x":0.657,"y":0.765,"curve":"stepped"},{"time":2,"x":1,"y":1,"curve":"stepped"},{"time":2.0333,"x":1,"y":1,"curve":"stepped"},{"time":2.0667,"x":1.366,"y":0.418,"curve":"stepped"},{"time":2.1333,"x":0.657,"y":0.765,"curve":"stepped"},{"time":2.1667,"x":1,"y":1,"curve":"stepped"},{"time":2.2,"x":1,"y":1,"curve":"stepped"},{"time":2.2333,"x":1.366,"y":0.418,"curve":"stepped"},{"time":2.3,"x":0.657,"y":0.765,"curve":"stepped"},{"time":2.3333,"x":1,"y":1,"curve":"stepped"},{"time":2.3667,"x":1,"y":1,"curve":"stepped"},{"time":2.4,"x":1.366,"y":0.418,"curve":"stepped"},{"time":2.4667,"x":0.657,"y":0.765,"curve":"stepped"},{"time":2.5,"x":1,"y":1,"curve":"stepped"},{"time":2.5333,"x":1,"y":1,"curve":"stepped"},{"time":2.5667,"x":1.366,"y":0.418,"curve":"stepped"},{"time":2.6333,"x":0.657,"y":0.765,"curve":"stepped"},{"time":2.6667,"x":1,"y":1}]},"light":{"rotate":[{"time":0.6667,"angle":8.12}],"translate":[{"time":0.6667,"x":-9.24,"y":-10.44}],"scale":[{"time":0.6667,"x":0.97,"y":1}]},"light2":{"rotate":[{"time":0.7,"angle":16.07}],"translate":[{"time":0.7,"x":4.15,"y":-10.17}],"scale":[{"time":0.7,"x":-0.627,"y":1.01}]},"light3":{"rotate":[{"time":0.7,"angle":8.12}],"translate":[{"time":0.7,"x":-9.24,"y":-10.44}],"scale":[{"time":0.7,"x":0.97,"y":1}]},"light4":{"rotate":[{"time":0.7333,"angle":16.07}],"translate":[{"time":0.7333,"x":4.15,"y":-10.17}],"scale":[{"time":0.7333,"x":-0.627,"y":1.01}]},"point":{"rotate":[{"time":0.5,"angle":0},{"time":1.5,"angle":-80}],"translate":[{"time":0.5,"x":190.67,"y":62.14},{"time":1.5,"x":207.82,"y":65.57}],"scale":[{"time":0.5,"x":0,"y":0,"curve":[0,0.18,0.75,1]},{"time":1,"x":1.242,"y":1.242,"curve":[0.25,0,1,0.81]},{"time":1.5,"x":0,"y":0}]},"point2":{"rotate":[{"time":1,"angle":0},{"time":2,"angle":-80}],"translate":[{"time":1,"x":395.93,"y":-123.22}],"scale":[{"time":1,"x":0,"y":0,"curve":[0,0.18,0.75,1]},{"time":1.5,"x":1.242,"y":1.242,"curve":[0.25,0,1,0.81]},{"time":2,"x":0,"y":0}]},"point3":{"rotate":[{"time":1.5,"angle":0},{"time":2.5,"angle":-80}],"translate":[{"time":1.5,"x":125.44,"y":-113.51}],"scale":[{"time":1.5,"x":0,"y":0,"curve":[0,0.18,0.75,1]},{"time":2,"x":1.534,"y":1.534,"curve":[0.25,0,1,0.81]},{"time":2.5,"x":0,"y":0}]},"point4":{"rotate":[{"time":0.5,"angle":-2.45}],"translate":[{"time":0.5,"x":162.7,"y":-113.51},{"time":0.8333,"x":242.27,"y":-113.51},{"time":1.1667,"x":265.46,"y":-113.51},{"time":1.8333,"x":348.22,"y":-113.51}],"scale":[{"time":0.5,"x":0,"y":0,"curve":[0,0.18,0.75,1]},{"time":1,"x":6.438,"y":1.165,"curve":[0.25,0,1,0.81]},{"time":1.8333,"x":0,"y":0}]},"point5":{"rotate":[{"time":0.9333,"angle":0},{"time":2.1,"angle":-80}],"translate":[{"time":0.9333,"x":41.34,"y":-104.32,"curve":[0,0.19,0.75,1]},{"time":2.1,"x":30.61,"y":-125.85}],"scale":[{"time":0.9333,"x":0,"y":0,"curve":[0,0.18,0.75,1]},{"time":1.4,"x":0.679,"y":0.679,"curve":[0.25,0,1,0.81]},{"time":2.1,"x":0,"y":0}]},"point6":{"rotate":[{"time":1.1333,"angle":0},{"time":2.2667,"angle":-80}],"translate":[{"time":1.1333,"x":17.8,"y":5.1,"curve":[0,0.19,0.75,1]},{"time":2.2667,"x":-1.13,"y":0.98}],"scale":[{"time":1.1333,"x":0,"y":0,"curve":[0,0.18,0.75,1]},{"time":1.6333,"x":0.578,"y":0.578,"curve":[0.25,0,1,0.81]},{"time":2.2667,"x":0,"y":0}]},"point7":{"rotate":[{"time":1.3333,"angle":0},{"time":2.4333,"angle":-80}],"translate":[{"time":1.3333,"x":495.34,"y":28.03,"curve":[0,0.19,0.75,1]},{"time":2.4333,"x":518.15,"y":31.58}],"scale":[{"time":1.3333,"x":0,"y":0,"curve":[0,0.18,0.75,1]},{"time":1.8333,"x":0.648,"y":0.648,"curve":[0.25,0,1,0.81]},{"time":2.4333,"x":0,"y":0}]},"point8":{"rotate":[{"time":0.6333,"angle":0},{"time":1.7333,"angle":-80}],"translate":[{"time":0.6333,"x":446.78,"y":-32.68,"curve":[0,0.19,0.75,1]},{"time":1.7333,"x":466.88,"y":-35.87}],"scale":[{"time":0.6333,"x":0,"y":0,"curve":[0,0.18,0.75,1]},{"time":1.1333,"x":0.648,"y":0.648,"curve":[0.25,0,1,0.81]},{"time":1.7333,"x":0,"y":0}]},"point9":{"rotate":[{"time":1.3333,"angle":0},{"time":2.6667,"angle":-80}],"translate":[{"time":1.3333,"x":312.42,"y":124.69}],"scale":[{"time":1.3333,"x":0,"y":0,"curve":[0,0.18,0.75,1]},{"time":2,"x":1.939,"y":1.939,"curve":[0.25,0,1,0.81]},{"time":2.6667,"x":0,"y":0}]},"qiang":{"rotate":[{"time":0.4333,"angle":54.24,"curve":[0.25,0,1,0.83]},{"time":0.5667,"angle":-4.44},{"time":0.6667,"angle":0}]},"qiang2":{"rotate":[{"time":0.4667,"angle":54.24,"curve":[0.25,0,1,0.83]},{"time":0.6,"angle":-4.44},{"time":0.7,"angle":0}]},"sg":{"translate":[{"time":0.6667,"x":50.05,"y":27.97}]},"zi":{"scale":[{"time":0.1667,"x":3.113,"y":3.113},{"time":0.3,"x":2.737,"y":2.737},{"time":0.3667,"x":0.935,"y":0.935},{"time":0.4333,"x":1.063,"y":1.063},{"time":0.5,"x":1.002,"y":1.002}]},"zi2":{"scale":[{"time":0.3667,"x":0.935,"y":0.935},{"time":0.4667,"x":1.251,"y":1.251},{"time":0.8667,"x":1.4,"y":1.4}]},"zidan":{"translate":[{"time":0.3667,"x":81.35,"y":6.91,"curve":[0,0.2,0.75,1]},{"time":0.5,"x":-8.09,"y":-0.69,"curve":[0.25,0,1,0.8]},{"time":0.6333,"x":0,"y":0}]},"zidan2":{"translate":[{"time":0.4333,"x":30.08,"y":42.67,"curve":[0,0.19,0.75,1]},{"time":0.5667,"x":-2.85,"y":-4.05,"curve":[0.25,0,1,0.83]},{"time":0.7,"x":0,"y":0}]},"zidan3":{"translate":[{"time":0.4,"x":-62.16,"y":-27.11,"curve":[0,0.22,0.75,1]},{"time":0.5333,"x":9.36,"y":4.08,"curve":[0.25,0,1,0.8]},{"time":0.6667,"x":0,"y":0}]},"zidan4":{"translate":[{"time":0.4667,"x":-50.1,"y":6.62,"curve":[0,0.19,0.75,1]},{"time":0.6,"x":5.7,"y":-0.75,"curve":[0.25,0,1,0.81]},{"time":0.7333,"x":0,"y":0}]},"Base":{"scale":[{"time":0,"x":0.6,"y":0.6},{"time":0.1667,"x":1,"y":1,"curve":"stepped"},{"time":0.3333,"x":1,"y":1,"curve":"stepped"},{"time":0.3667,"x":0.955,"y":0.955,"curve":[0,0.19,0.75,1]},{"time":0.4333,"x":1.129,"y":1.129,"curve":[0.25,0,1,0.81]},{"time":0.5667,"x":1,"y":1}]}}},"qld":{"slots":{"base":{"color":[{"time":0,"color":"ffffff71"},{"time":0.1667,"color":"ffffffff"}],"attachment":[{"time":0,"name":"base2"}]},"gunfire":{"attachment":[{"time":0.6667,"name":"gunfire"},{"time":0.7333,"name":null},{"time":0.7667,"name":"gunfire"},{"time":0.9,"name":null},{"time":0.9333,"name":"gunfire"},{"time":1.0667,"name":null},{"time":1.1,"name":"gunfire"},{"time":1.2333,"name":null},{"time":1.2667,"name":"gunfire"},{"time":1.4,"name":null},{"time":1.4333,"name":"gunfire"},{"time":1.5667,"name":null},{"time":1.6,"name":"gunfire"},{"time":1.7333,"name":null},{"time":1.7667,"name":"gunfire"},{"time":1.9,"name":null},{"time":1.9333,"name":"gunfire"},{"time":2.0667,"name":null},{"time":2.1,"name":"gunfire"},{"time":2.2333,"name":null},{"time":2.2667,"name":"gunfire"},{"time":2.4,"name":null},{"time":2.4333,"name":"gunfire"},{"time":2.5667,"name":null},{"time":2.6,"name":"gunfire"}]},"gunfire2":{"attachment":[{"time":0.7333,"name":"gunfire"},{"time":0.8,"name":null},{"time":0.8333,"name":"gunfire"},{"time":0.9667,"name":null},{"time":1,"name":"gunfire"},{"time":1.1333,"name":null},{"time":1.1667,"name":"gunfire"},{"time":1.3,"name":null},{"time":1.3333,"name":"gunfire"},{"time":1.4667,"name":null},{"time":1.5,"name":"gunfire"},{"time":1.6333,"name":null},{"time":1.6667,"name":"gunfire"},{"time":1.8,"name":null},{"time":1.8333,"name":"gunfire"},{"time":1.9667,"name":null},{"time":2,"name":"gunfire"},{"time":2.1333,"name":null},{"time":2.1667,"name":"gunfire"},{"time":2.3,"name":null},{"time":2.3333,"name":"gunfire"},{"time":2.4667,"name":null},{"time":2.5,"name":"gunfire"},{"time":2.6333,"name":null},{"time":2.6667,"name":"gunfire"}]},"gunfire3":{"attachment":[{"time":0.7333,"name":"gunfire"},{"time":0.8,"name":null},{"time":0.8333,"name":"gunfire"},{"time":0.9667,"name":null},{"time":1,"name":"gunfire"},{"time":1.1333,"name":null},{"time":1.1667,"name":"gunfire"},{"time":1.3,"name":null},{"time":1.3333,"name":"gunfire"},{"time":1.4667,"name":null},{"time":1.5,"name":"gunfire"},{"time":1.6333,"name":null},{"time":1.6667,"name":"gunfire"},{"time":1.8,"name":null},{"time":1.8333,"name":"gunfire"},{"time":1.9667,"name":null},{"time":2,"name":"gunfire"},{"time":2.1333,"name":null},{"time":2.1667,"name":"gunfire"},{"time":2.3,"name":null},{"time":2.3333,"name":"gunfire"},{"time":2.4667,"name":null},{"time":2.5,"name":"gunfire"},{"time":2.6333,"name":null},{"time":2.6667,"name":"gunfire"}]},"gunfire4":{"attachment":[{"time":0.8,"name":"gunfire"},{"time":0.8667,"name":null},{"time":0.9,"name":"gunfire"},{"time":1.0333,"name":null},{"time":1.0667,"name":"gunfire"},{"time":1.2,"name":null},{"time":1.2333,"name":"gunfire"},{"time":1.3667,"name":null},{"time":1.4,"name":"gunfire"},{"time":1.5333,"name":null},{"time":1.5667,"name":"gunfire"},{"time":1.7,"name":null},{"time":1.7333,"name":"gunfire"},{"time":1.8667,"name":null},{"time":1.9,"name":"gunfire"},{"time":2.0333,"name":null},{"time":2.0667,"name":"gunfire"},{"time":2.2,"name":null},{"time":2.2333,"name":"gunfire"},{"time":2.3667,"name":null},{"time":2.4,"name":"gunfire"},{"time":2.5333,"name":null},{"time":2.5667,"name":"gunfire"},{"time":2.7,"name":null},{"time":2.7333,"name":"gunfire"}]},"gunfire5":{"attachment":[{"time":0.8,"name":"gunfire"},{"time":0.8667,"name":null},{"time":0.9,"name":"gunfire"},{"time":1.0333,"name":null},{"time":1.0667,"name":"gunfire"},{"time":1.2,"name":null},{"time":1.2333,"name":"gunfire"},{"time":1.3667,"name":null},{"time":1.4,"name":"gunfire"},{"time":1.5333,"name":null},{"time":1.5667,"name":"gunfire"},{"time":1.7,"name":null},{"time":1.7333,"name":"gunfire"},{"time":1.8667,"name":null},{"time":1.9,"name":"gunfire"},{"time":2.0333,"name":null},{"time":2.0667,"name":"gunfire"},{"time":2.2,"name":null},{"time":2.2333,"name":"gunfire"},{"time":2.3667,"name":null},{"time":2.4,"name":"gunfire"},{"time":2.5333,"name":null},{"time":2.5667,"name":"gunfire"},{"time":2.7,"name":null},{"time":2.7333,"name":"gunfire"}]},"huangguan":{"color":[{"time":0,"color":"ffffff71"},{"time":0.1667,"color":"ffffffff"}]},"light":{"attachment":[{"time":0.6667,"name":"light_00000"},{"time":0.7,"name":"light_00001"},{"time":0.7333,"name":"light_00002"},{"time":0.7667,"name":"light_00003"},{"time":0.8,"name":null},{"time":0.8333,"name":"light_00000"},{"time":0.8667,"name":"light_00001"},{"time":0.9,"name":"light_00002"},{"time":0.9333,"name":"light_00003"},{"time":0.9667,"name":null},{"time":1,"name":"light_00000"},{"time":1.0333,"name":"light_00001"},{"time":1.0667,"name":"light_00002"},{"time":1.1,"name":"light_00003"},{"time":1.1333,"name":null},{"time":1.1667,"name":"light_00000"},{"time":1.2,"name":"light_00001"},{"time":1.2333,"name":"light_00002"},{"time":1.2667,"name":"light_00003"},{"time":1.3,"name":null},{"time":1.3333,"name":"light_00000"},{"time":1.3667,"name":"light_00001"},{"time":1.4,"name":"light_00002"},{"time":1.4333,"name":"light_00003"},{"time":1.4667,"name":null},{"time":1.5,"name":"light_00000"},{"time":1.5333,"name":"light_00001"},{"time":1.5667,"name":"light_00002"},{"time":1.6,"name":"light_00003"},{"time":1.6333,"name":null},{"time":1.6667,"name":"light_00000"},{"time":1.7,"name":"light_00001"},{"time":1.7333,"name":"light_00002"},{"time":1.7667,"name":"light_00003"},{"time":1.8,"name":null},{"time":1.8333,"name":"light_00000"},{"time":1.8667,"name":"light_00001"},{"time":1.9,"name":"light_00002"},{"time":1.9333,"name":"light_00003"},{"time":1.9667,"name":null},{"time":2,"name":"light_00000"},{"time":2.0333,"name":"light_00001"},{"time":2.0667,"name":"light_00002"},{"time":2.1,"name":"light_00003"},{"time":2.1333,"name":null},{"time":2.1667,"name":"light_00000"},{"time":2.2,"name":"light_00001"},{"time":2.2333,"name":"light_00002"},{"time":2.2667,"name":"light_00003"},{"time":2.3,"name":null},{"time":2.3333,"name":"light_00000"},{"time":2.3667,"name":"light_00001"},{"time":2.4,"name":"light_00002"},{"time":2.4333,"name":"light_00003"},{"time":2.4667,"name":null},{"time":2.5,"name":"light_00000"},{"time":2.5333,"name":"light_00001"},{"time":2.5667,"name":"light_00002"},{"time":2.6,"name":"light_00003"},{"time":2.6333,"name":null}]},"light2":{"attachment":[{"time":0.7,"name":"light_00000"},{"time":0.7333,"name":"light_00002"},{"time":0.7667,"name":"light_00003"},{"time":0.8,"name":null},{"time":0.8667,"name":"light_00000"},{"time":0.9,"name":"light_00002"},{"time":0.9333,"name":"light_00003"},{"time":0.9667,"name":null},{"time":1.0333,"name":"light_00000"},{"time":1.0667,"name":"light_00002"},{"time":1.1,"name":"light_00003"},{"time":1.1333,"name":null},{"time":1.2,"name":"light_00000"},{"time":1.2333,"name":"light_00002"},{"time":1.2667,"name":"light_00003"},{"time":1.3,"name":null},{"time":1.3667,"name":"light_00000"},{"time":1.4,"name":"light_00002"},{"time":1.4333,"name":"light_00003"},{"time":1.4667,"name":null},{"time":1.5333,"name":"light_00000"},{"time":1.5667,"name":"light_00002"},{"time":1.6,"name":"light_00003"},{"time":1.6333,"name":null},{"time":1.7,"name":"light_00000"},{"time":1.7333,"name":"light_00002"},{"time":1.7667,"name":"light_00003"},{"time":1.8,"name":null},{"time":1.8667,"name":"light_00000"},{"time":1.9,"name":"light_00002"},{"time":1.9333,"name":"light_00003"},{"time":1.9667,"name":null},{"time":2.0333,"name":"light_00000"},{"time":2.0667,"name":"light_00002"},{"time":2.1,"name":"light_00003"},{"time":2.1333,"name":null},{"time":2.2,"name":"light_00000"},{"time":2.2333,"name":"light_00002"},{"time":2.2667,"name":"light_00003"},{"time":2.3,"name":null},{"time":2.3667,"name":"light_00000"},{"time":2.4,"name":"light_00002"},{"time":2.4333,"name":"light_00003"},{"time":2.4667,"name":null},{"time":2.5333,"name":"light_00000"},{"time":2.5667,"name":"light_00002"},{"time":2.6,"name":"light_00003"},{"time":2.6333,"name":null}]},"light3":{"attachment":[{"time":0.7333,"name":"light_00000"},{"time":0.7667,"name":"light_00001"},{"time":0.8,"name":"light_00002"},{"time":0.8333,"name":"light_00003"},{"time":0.8667,"name":null},{"time":0.9,"name":"light_00000"},{"time":0.9333,"name":"light_00001"},{"time":0.9667,"name":"light_00002"},{"time":1,"name":"light_00003"},{"time":1.0333,"name":null},{"time":1.0667,"name":"light_00000"},{"time":1.1,"name":"light_00001"},{"time":1.1333,"name":"light_00002"},{"time":1.1667,"name":"light_00003"},{"time":1.2,"name":null},{"time":1.2333,"name":"light_00000"},{"time":1.2667,"name":"light_00001"},{"time":1.3,"name":"light_00002"},{"time":1.3333,"name":"light_00003"},{"time":1.3667,"name":null},{"time":1.4,"name":"light_00000"},{"time":1.4333,"name":"light_00001"},{"time":1.4667,"name":"light_00002"},{"time":1.5,"name":"light_00003"},{"time":1.5333,"name":null},{"time":1.5667,"name":"light_00000"},{"time":1.6,"name":"light_00001"},{"time":1.6333,"name":"light_00002"},{"time":1.6667,"name":"light_00003"},{"time":1.7,"name":null},{"time":1.7333,"name":"light_00000"},{"time":1.7667,"name":"light_00001"},{"time":1.8,"name":"light_00002"},{"time":1.8333,"name":"light_00003"},{"time":1.8667,"name":null},{"time":1.9,"name":"light_00000"},{"time":1.9333,"name":"light_00001"},{"time":1.9667,"name":"light_00002"},{"time":2,"name":"light_00003"},{"time":2.0333,"name":null},{"time":2.0667,"name":"light_00000"},{"time":2.1,"name":"light_00001"},{"time":2.1333,"name":"light_00002"},{"time":2.1667,"name":"light_00003"},{"time":2.2,"name":null},{"time":2.2333,"name":"light_00000"},{"time":2.2667,"name":"light_00001"},{"time":2.3,"name":"light_00002"},{"time":2.3333,"name":"light_00003"},{"time":2.3667,"name":null},{"time":2.4,"name":"light_00000"},{"time":2.4333,"name":"light_00001"},{"time":2.4667,"name":"light_00002"},{"time":2.5,"name":"light_00003"},{"time":2.5333,"name":null},{"time":2.5667,"name":"light_00000"},{"time":2.6,"name":"light_00001"},{"time":2.6333,"name":"light_00002"},{"time":2.6667,"name":"light_00003"},{"time":2.7,"name":null}]},"light4":{"attachment":[{"time":0.7667,"name":"light_00000"},{"time":0.8,"name":"light_00002"},{"time":0.8333,"name":"light_00003"},{"time":0.8667,"name":null},{"time":0.9333,"name":"light_00000"},{"time":0.9667,"name":"light_00002"},{"time":1,"name":"light_00003"},{"time":1.0333,"name":null},{"time":1.1,"name":"light_00000"},{"time":1.1333,"name":"light_00002"},{"time":1.1667,"name":"light_00003"},{"time":1.2,"name":null},{"time":1.2667,"name":"light_00000"},{"time":1.3,"name":"light_00002"},{"time":1.3333,"name":"light_00003"},{"time":1.3667,"name":null},{"time":1.4333,"name":"light_00000"},{"time":1.4667,"name":"light_00002"},{"time":1.5,"name":"light_00003"},{"time":1.5333,"name":null},{"time":1.6,"name":"light_00000"},{"time":1.6333,"name":"light_00002"},{"time":1.6667,"name":"light_00003"},{"time":1.7,"name":null},{"time":1.7667,"name":"light_00000"},{"time":1.8,"name":"light_00002"},{"time":1.8333,"name":"light_00003"},{"time":1.8667,"name":null},{"time":1.9333,"name":"light_00000"},{"time":1.9667,"name":"light_00002"},{"time":2,"name":"light_00003"},{"time":2.0333,"name":null},{"time":2.1,"name":"light_00000"},{"time":2.1333,"name":"light_00002"},{"time":2.1667,"name":"light_00003"},{"time":2.2,"name":null},{"time":2.2667,"name":"light_00000"},{"time":2.3,"name":"light_00002"},{"time":2.3333,"name":"light_00003"},{"time":2.3667,"name":null},{"time":2.4333,"name":"light_00000"},{"time":2.4667,"name":"light_00002"},{"time":2.5,"name":"light_00003"},{"time":2.5333,"name":null},{"time":2.6,"name":"light_00000"},{"time":2.6333,"name":"light_00002"},{"time":2.6667,"name":"light_00003"},{"time":2.7,"name":null}]},"light5":{"attachment":[{"time":0.7333,"name":"light_00000"},{"time":0.7667,"name":"light_00001"},{"time":0.8,"name":"light_00002"},{"time":0.8333,"name":"light_00003"},{"time":0.8667,"name":null},{"time":0.9,"name":"light_00000"},{"time":0.9333,"name":"light_00001"},{"time":0.9667,"name":"light_00002"},{"time":1,"name":"light_00003"},{"time":1.0333,"name":null},{"time":1.0667,"name":"light_00000"},{"time":1.1,"name":"light_00001"},{"time":1.1333,"name":"light_00002"},{"time":1.1667,"name":"light_00003"},{"time":1.2,"name":null},{"time":1.2333,"name":"light_00000"},{"time":1.2667,"name":"light_00001"},{"time":1.3,"name":"light_00002"},{"time":1.3333,"name":"light_00003"},{"time":1.3667,"name":null},{"time":1.4,"name":"light_00000"},{"time":1.4333,"name":"light_00001"},{"time":1.4667,"name":"light_00002"},{"time":1.5,"name":"light_00003"},{"time":1.5333,"name":null},{"time":1.5667,"name":"light_00000"},{"time":1.6,"name":"light_00001"},{"time":1.6333,"name":"light_00002"},{"time":1.6667,"name":"light_00003"},{"time":1.7,"name":null},{"time":1.7333,"name":"light_00000"},{"time":1.7667,"name":"light_00001"},{"time":1.8,"name":"light_00002"},{"time":1.8333,"name":"light_00003"},{"time":1.8667,"name":null},{"time":1.9,"name":"light_00000"},{"time":1.9333,"name":"light_00001"},{"time":1.9667,"name":"light_00002"},{"time":2,"name":"light_00003"},{"time":2.0333,"name":null},{"time":2.0667,"name":"light_00000"},{"time":2.1,"name":"light_00001"},{"time":2.1333,"name":"light_00002"},{"time":2.1667,"name":"light_00003"},{"time":2.2,"name":null},{"time":2.2333,"name":"light_00000"},{"time":2.2667,"name":"light_00001"},{"time":2.3,"name":"light_00002"},{"time":2.3333,"name":"light_00003"},{"time":2.3667,"name":null},{"time":2.4,"name":"light_00000"},{"time":2.4333,"name":"light_00001"},{"time":2.4667,"name":"light_00002"},{"time":2.5,"name":"light_00003"},{"time":2.5333,"name":null},{"time":2.5667,"name":"light_00000"},{"time":2.6,"name":"light_00001"},{"time":2.6333,"name":"light_00002"},{"time":2.6667,"name":"light_00003"},{"time":2.7,"name":null}]},"light6":{"attachment":[{"time":0.7667,"name":"light_00000"},{"time":0.8,"name":"light_00002"},{"time":0.8333,"name":"light_00003"},{"time":0.8667,"name":null},{"time":0.9333,"name":"light_00000"},{"time":0.9667,"name":"light_00002"},{"time":1,"name":"light_00003"},{"time":1.0333,"name":null},{"time":1.1,"name":"light_00000"},{"time":1.1333,"name":"light_00002"},{"time":1.1667,"name":"light_00003"},{"time":1.2,"name":null},{"time":1.2667,"name":"light_00000"},{"time":1.3,"name":"light_00002"},{"time":1.3333,"name":"light_00003"},{"time":1.3667,"name":null},{"time":1.4333,"name":"light_00000"},{"time":1.4667,"name":"light_00002"},{"time":1.5,"name":"light_00003"},{"time":1.5333,"name":null},{"time":1.6,"name":"light_00000"},{"time":1.6333,"name":"light_00002"},{"time":1.6667,"name":"light_00003"},{"time":1.7,"name":null},{"time":1.7667,"name":"light_00000"},{"time":1.8,"name":"light_00002"},{"time":1.8333,"name":"light_00003"},{"time":1.8667,"name":null},{"time":1.9333,"name":"light_00000"},{"time":1.9667,"name":"light_00002"},{"time":2,"name":"light_00003"},{"time":2.0333,"name":null},{"time":2.1,"name":"light_00000"},{"time":2.1333,"name":"light_00002"},{"time":2.1667,"name":"light_00003"},{"time":2.2,"name":null},{"time":2.2667,"name":"light_00000"},{"time":2.3,"name":"light_00002"},{"time":2.3333,"name":"light_00003"},{"time":2.3667,"name":null},{"time":2.4333,"name":"light_00000"},{"time":2.4667,"name":"light_00002"},{"time":2.5,"name":"light_00003"},{"time":2.5333,"name":null},{"time":2.6,"name":"light_00000"},{"time":2.6333,"name":"light_00002"},{"time":2.6667,"name":"light_00003"},{"time":2.7,"name":null}]},"light7":{"attachment":[{"time":0.8,"name":"light_00000"},{"time":0.8333,"name":"light_00001"},{"time":0.8667,"name":"light_00002"},{"time":0.9,"name":"light_00003"},{"time":0.9333,"name":null},{"time":0.9667,"name":"light_00000"},{"time":1,"name":"light_00001"},{"time":1.0333,"name":"light_00002"},{"time":1.0667,"name":"light_00003"},{"time":1.1,"name":null},{"time":1.1333,"name":"light_00000"},{"time":1.1667,"name":"light_00001"},{"time":1.2,"name":"light_00002"},{"time":1.2333,"name":"light_00003"},{"time":1.2667,"name":null},{"time":1.3,"name":"light_00000"},{"time":1.3333,"name":"light_00001"},{"time":1.3667,"name":"light_00002"},{"time":1.4,"name":"light_00003"},{"time":1.4333,"name":null},{"time":1.4667,"name":"light_00000"},{"time":1.5,"name":"light_00001"},{"time":1.5333,"name":"light_00002"},{"time":1.5667,"name":"light_00003"},{"time":1.6,"name":null},{"time":1.6333,"name":"light_00000"},{"time":1.6667,"name":"light_00001"},{"time":1.7,"name":"light_00002"},{"time":1.7333,"name":"light_00003"},{"time":1.7667,"name":null},{"time":1.8,"name":"light_00000"},{"time":1.8333,"name":"light_00001"},{"time":1.8667,"name":"light_00002"},{"time":1.9,"name":"light_00003"},{"time":1.9333,"name":null},{"time":1.9667,"name":"light_00000"},{"time":2,"name":"light_00001"},{"time":2.0333,"name":"light_00002"},{"time":2.0667,"name":"light_00003"},{"time":2.1,"name":null},{"time":2.1333,"name":"light_00000"},{"time":2.1667,"name":"light_00001"},{"time":2.2,"name":"light_00002"},{"time":2.2333,"name":"light_00003"},{"time":2.2667,"name":null},{"time":2.3,"name":"light_00000"},{"time":2.3333,"name":"light_00001"},{"time":2.3667,"name":"light_00002"},{"time":2.4,"name":"light_00003"},{"time":2.4333,"name":null},{"time":2.4667,"name":"light_00000"},{"time":2.5,"name":"light_00001"},{"time":2.5333,"name":"light_00002"},{"time":2.5667,"name":"light_00003"},{"time":2.6,"name":null},{"time":2.6333,"name":"light_00000"},{"time":2.6667,"name":"light_00001"},{"time":2.7,"name":"light_00002"},{"time":2.7333,"name":"light_00003"},{"time":2.7667,"name":null}]},"light8":{"attachment":[{"time":0.8333,"name":"light_00000"},{"time":0.8667,"name":"light_00002"},{"time":0.9,"name":"light_00003"},{"time":0.9333,"name":null},{"time":1,"name":"light_00000"},{"time":1.0333,"name":"light_00002"},{"time":1.0667,"name":"light_00003"},{"time":1.1,"name":null},{"time":1.1667,"name":"light_00000"},{"time":1.2,"name":"light_00002"},{"time":1.2333,"name":"light_00003"},{"time":1.2667,"name":null},{"time":1.3333,"name":"light_00000"},{"time":1.3667,"name":"light_00002"},{"time":1.4,"name":"light_00003"},{"time":1.4333,"name":null},{"time":1.5,"name":"light_00000"},{"time":1.5333,"name":"light_00002"},{"time":1.5667,"name":"light_00003"},{"time":1.6,"name":null},{"time":1.6667,"name":"light_00000"},{"time":1.7,"name":"light_00002"},{"time":1.7333,"name":"light_00003"},{"time":1.7667,"name":null},{"time":1.8333,"name":"light_00000"},{"time":1.8667,"name":"light_00002"},{"time":1.9,"name":"light_00003"},{"time":1.9333,"name":null},{"time":2,"name":"light_00000"},{"time":2.0333,"name":"light_00002"},{"time":2.0667,"name":"light_00003"},{"time":2.1,"name":null},{"time":2.1667,"name":"light_00000"},{"time":2.2,"name":"light_00002"},{"time":2.2333,"name":"light_00003"},{"time":2.2667,"name":null},{"time":2.3333,"name":"light_00000"},{"time":2.3667,"name":"light_00002"},{"time":2.4,"name":"light_00003"},{"time":2.4333,"name":null},{"time":2.5,"name":"light_00000"},{"time":2.5333,"name":"light_00002"},{"time":2.5667,"name":"light_00003"},{"time":2.6,"name":null},{"time":2.6667,"name":"light_00000"},{"time":2.7,"name":"light_00002"},{"time":2.7333,"name":"light_00003"},{"time":2.7667,"name":null}]},"light9":{"attachment":[{"time":0.8,"name":"light_00000"},{"time":0.8333,"name":"light_00001"},{"time":0.8667,"name":"light_00002"},{"time":0.9,"name":"light_00003"},{"time":0.9333,"name":null},{"time":0.9667,"name":"light_00000"},{"time":1,"name":"light_00001"},{"time":1.0333,"name":"light_00002"},{"time":1.0667,"name":"light_00003"},{"time":1.1,"name":null},{"time":1.1333,"name":"light_00000"},{"time":1.1667,"name":"light_00001"},{"time":1.2,"name":"light_00002"},{"time":1.2333,"name":"light_00003"},{"time":1.2667,"name":null},{"time":1.3,"name":"light_00000"},{"time":1.3333,"name":"light_00001"},{"time":1.3667,"name":"light_00002"},{"time":1.4,"name":"light_00003"},{"time":1.4333,"name":null},{"time":1.4667,"name":"light_00000"},{"time":1.5,"name":"light_00001"},{"time":1.5333,"name":"light_00002"},{"time":1.5667,"name":"light_00003"},{"time":1.6,"name":null},{"time":1.6333,"name":"light_00000"},{"time":1.6667,"name":"light_00001"},{"time":1.7,"name":"light_00002"},{"time":1.7333,"name":"light_00003"},{"time":1.7667,"name":null},{"time":1.8,"name":"light_00000"},{"time":1.8333,"name":"light_00001"},{"time":1.8667,"name":"light_00002"},{"time":1.9,"name":"light_00003"},{"time":1.9333,"name":null},{"time":1.9667,"name":"light_00000"},{"time":2,"name":"light_00001"},{"time":2.0333,"name":"light_00002"},{"time":2.0667,"name":"light_00003"},{"time":2.1,"name":null},{"time":2.1333,"name":"light_00000"},{"time":2.1667,"name":"light_00001"},{"time":2.2,"name":"light_00002"},{"time":2.2333,"name":"light_00003"},{"time":2.2667,"name":null},{"time":2.3,"name":"light_00000"},{"time":2.3333,"name":"light_00001"},{"time":2.3667,"name":"light_00002"},{"time":2.4,"name":"light_00003"},{"time":2.4333,"name":null},{"time":2.4667,"name":"light_00000"},{"time":2.5,"name":"light_00001"},{"time":2.5333,"name":"light_00002"},{"time":2.5667,"name":"light_00003"},{"time":2.6,"name":null},{"time":2.6333,"name":"light_00000"},{"time":2.6667,"name":"light_00001"},{"time":2.7,"name":"light_00002"},{"time":2.7333,"name":"light_00003"},{"time":2.7667,"name":null}]},"light10":{"attachment":[{"time":0.8333,"name":"light_00000"},{"time":0.8667,"name":"light_00002"},{"time":0.9,"name":"light_00003"},{"time":0.9333,"name":null},{"time":1,"name":"light_00000"},{"time":1.0333,"name":"light_00002"},{"time":1.0667,"name":"light_00003"},{"time":1.1,"name":null},{"time":1.1667,"name":"light_00000"},{"time":1.2,"name":"light_00002"},{"time":1.2333,"name":"light_00003"},{"time":1.2667,"name":null},{"time":1.3333,"name":"light_00000"},{"time":1.3667,"name":"light_00002"},{"time":1.4,"name":"light_00003"},{"time":1.4333,"name":null},{"time":1.5,"name":"light_00000"},{"time":1.5333,"name":"light_00002"},{"time":1.5667,"name":"light_00003"},{"time":1.6,"name":null},{"time":1.6667,"name":"light_00000"},{"time":1.7,"name":"light_00002"},{"time":1.7333,"name":"light_00003"},{"time":1.7667,"name":null},{"time":1.8333,"name":"light_00000"},{"time":1.8667,"name":"light_00002"},{"time":1.9,"name":"light_00003"},{"time":1.9333,"name":null},{"time":2,"name":"light_00000"},{"time":2.0333,"name":"light_00002"},{"time":2.0667,"name":"light_00003"},{"time":2.1,"name":null},{"time":2.1667,"name":"light_00000"},{"time":2.2,"name":"light_00002"},{"time":2.2333,"name":"light_00003"},{"time":2.2667,"name":null},{"time":2.3333,"name":"light_00000"},{"time":2.3667,"name":"light_00002"},{"time":2.4,"name":"light_00003"},{"time":2.4333,"name":null},{"time":2.5,"name":"light_00000"},{"time":2.5333,"name":"light_00002"},{"time":2.5667,"name":"light_00003"},{"time":2.6,"name":null},{"time":2.6667,"name":"light_00000"},{"time":2.7,"name":"light_00002"},{"time":2.7333,"name":"light_00003"},{"time":2.7667,"name":null}]},"point":{"attachment":[{"time":0.5,"name":"point"}]},"point2":{"attachment":[{"time":1,"name":"point"}]},"point3":{"attachment":[{"time":1.5,"name":"point"}]},"point4":{"attachment":[{"time":0.5,"name":"point"}]},"point5":{"attachment":[{"time":0.9333,"name":"point"}]},"point6":{"attachment":[{"time":1.1333,"name":"point"}]},"point7":{"attachment":[{"time":1.3333,"name":"point"}]},"point8":{"attachment":[{"time":0.6333,"name":"point"}]},"point9":{"attachment":[{"time":1.3333,"name":"point"}]},"qiang":{"color":[{"time":0.4333,"color":"ffffff7c"},{"time":0.5,"color":"ffffffff"}],"attachment":[{"time":0.4333,"name":"qiang_00000"},{"time":0.7,"name":"qiang_00001"},{"time":0.7333,"name":"qiang_00000"},{"time":0.7667,"name":"qiang_00001"},{"time":0.8,"name":"qiang_00000"},{"time":0.8333,"name":"qiang_00001"},{"time":0.8667,"name":"qiang_00000"},{"time":0.9,"name":"qiang_00001"},{"time":0.9333,"name":"qiang_00000"},{"time":0.9667,"name":"qiang_00001"},{"time":1,"name":"qiang_00000"},{"time":1.0333,"name":"qiang_00001"},{"time":1.0667,"name":"qiang_00000"},{"time":1.1,"name":"qiang_00001"},{"time":1.1333,"name":"qiang_00000"},{"time":1.1667,"name":"qiang_00001"},{"time":1.2,"name":"qiang_00000"},{"time":1.2333,"name":"qiang_00001"},{"time":1.2667,"name":"qiang_00000"},{"time":1.3,"name":"qiang_00001"},{"time":1.3333,"name":"qiang_00000"},{"time":1.3667,"name":"qiang_00001"},{"time":1.4,"name":"qiang_00000"},{"time":1.4333,"name":"qiang_00001"},{"time":1.4667,"name":"qiang_00000"},{"time":1.5,"name":"qiang_00001"},{"time":1.5333,"name":"qiang_00000"},{"time":1.5667,"name":"qiang_00001"},{"time":1.6,"name":"qiang_00000"},{"time":1.6333,"name":"qiang_00001"},{"time":1.6667,"name":"qiang_00000"},{"time":1.7,"name":"qiang_00001"},{"time":1.7333,"name":"qiang_00000"},{"time":1.7667,"name":"qiang_00001"},{"time":1.8,"name":"qiang_00000"},{"time":1.8333,"name":"qiang_00001"},{"time":1.8667,"name":"qiang_00000"},{"time":1.9,"name":"qiang_00001"},{"time":1.9333,"name":"qiang_00000"},{"time":1.9667,"name":"qiang_00001"},{"time":2,"name":"qiang_00000"},{"time":2.0333,"name":"qiang_00001"},{"time":2.0667,"name":"qiang_00000"},{"time":2.1,"name":"qiang_00001"},{"time":2.1333,"name":"qiang_00000"},{"time":2.1667,"name":"qiang_00001"},{"time":2.2,"name":"qiang_00000"},{"time":2.2333,"name":"qiang_00001"},{"time":2.2667,"name":"qiang_00000"},{"time":2.3,"name":"qiang_00001"},{"time":2.3333,"name":"qiang_00000"},{"time":2.3667,"name":"qiang_00001"},{"time":2.4,"name":"qiang_00000"},{"time":2.4333,"name":"qiang_00001"},{"time":2.4667,"name":"qiang_00000"},{"time":2.5,"name":"qiang_00001"},{"time":2.5333,"name":"qiang_00000"},{"time":2.5667,"name":"qiang_00001"},{"time":2.6,"name":"qiang_00000"},{"time":2.6333,"name":"qiang_00001"},{"time":2.6667,"name":"qiang_00000"}]},"qiang2":{"color":[{"time":0.5,"color":"ffffff7c"},{"time":0.5667,"color":"ffffffff"}],"attachment":[{"time":0.5,"name":"qiang_00000"},{"time":0.7667,"name":"qiang_00001"},{"time":0.8,"name":"qiang_00000"},{"time":0.8333,"name":"qiang_00001"},{"time":0.8667,"name":"qiang_00000"},{"time":0.9,"name":"qiang_00001"},{"time":0.9333,"name":"qiang_00000"},{"time":0.9667,"name":"qiang_00001"},{"time":1,"name":"qiang_00000"},{"time":1.0333,"name":"qiang_00001"},{"time":1.0667,"name":"qiang_00000"},{"time":1.1,"name":"qiang_00001"},{"time":1.1333,"name":"qiang_00000"},{"time":1.1667,"name":"qiang_00001"},{"time":1.2,"name":"qiang_00000"},{"time":1.2333,"name":"qiang_00001"},{"time":1.2667,"name":"qiang_00000"},{"time":1.3,"name":"qiang_00001"},{"time":1.3333,"name":"qiang_00000"},{"time":1.3667,"name":"qiang_00001"},{"time":1.4,"name":"qiang_00000"},{"time":1.4333,"name":"qiang_00001"},{"time":1.4667,"name":"qiang_00000"},{"time":1.5,"name":"qiang_00001"},{"time":1.5333,"name":"qiang_00000"},{"time":1.5667,"name":"qiang_00001"},{"time":1.6,"name":"qiang_00000"},{"time":1.6333,"name":"qiang_00001"},{"time":1.6667,"name":"qiang_00000"},{"time":1.7,"name":"qiang_00001"},{"time":1.7333,"name":"qiang_00000"},{"time":1.7667,"name":"qiang_00001"},{"time":1.8,"name":"qiang_00000"},{"time":1.8333,"name":"qiang_00001"},{"time":1.8667,"name":"qiang_00000"},{"time":1.9,"name":"qiang_00001"},{"time":1.9333,"name":"qiang_00000"},{"time":1.9667,"name":"qiang_00001"},{"time":2,"name":"qiang_00000"},{"time":2.0333,"name":"qiang_00001"},{"time":2.0667,"name":"qiang_00000"},{"time":2.1,"name":"qiang_00001"},{"time":2.1333,"name":"qiang_00000"},{"time":2.1667,"name":"qiang_00001"},{"time":2.2,"name":"qiang_00000"},{"time":2.2333,"name":"qiang_00001"},{"time":2.2667,"name":"qiang_00000"},{"time":2.3,"name":"qiang_00001"},{"time":2.3333,"name":"qiang_00000"},{"time":2.3667,"name":"qiang_00001"},{"time":2.4,"name":"qiang_00000"},{"time":2.4333,"name":"qiang_00001"},{"time":2.4667,"name":"qiang_00000"},{"time":2.5,"name":"qiang_00001"},{"time":2.5333,"name":"qiang_00000"},{"time":2.5667,"name":"qiang_00001"},{"time":2.6,"name":"qiang_00000"},{"time":2.6333,"name":"qiang_00001"},{"time":2.6667,"name":"qiang_00000"},{"time":2.7,"name":"qiang_00001"}]},"qiang3":{"color":[{"time":0.5,"color":"ffffff7c"},{"time":0.5667,"color":"ffffffff"}],"attachment":[{"time":0.5,"name":"qiang_00000"},{"time":0.7667,"name":"qiang_00001"},{"time":0.8,"name":"qiang_00000"},{"time":0.8333,"name":"qiang_00001"},{"time":0.8667,"name":"qiang_00000"},{"time":0.9,"name":"qiang_00001"},{"time":0.9333,"name":"qiang_00000"},{"time":0.9667,"name":"qiang_00001"},{"time":1,"name":"qiang_00000"},{"time":1.0333,"name":"qiang_00001"},{"time":1.0667,"name":"qiang_00000"},{"time":1.1,"name":"qiang_00001"},{"time":1.1333,"name":"qiang_00000"},{"time":1.1667,"name":"qiang_00001"},{"time":1.2,"name":"qiang_00000"},{"time":1.2333,"name":"qiang_00001"},{"time":1.2667,"name":"qiang_00000"},{"time":1.3,"name":"qiang_00001"},{"time":1.3333,"name":"qiang_00000"},{"time":1.3667,"name":"qiang_00001"},{"time":1.4,"name":"qiang_00000"},{"time":1.4333,"name":"qiang_00001"},{"time":1.4667,"name":"qiang_00000"},{"time":1.5,"name":"qiang_00001"},{"time":1.5333,"name":"qiang_00000"},{"time":1.5667,"name":"qiang_00001"},{"time":1.6,"name":"qiang_00000"},{"time":1.6333,"name":"qiang_00001"},{"time":1.6667,"name":"qiang_00000"},{"time":1.7,"name":"qiang_00001"},{"time":1.7333,"name":"qiang_00000"},{"time":1.7667,"name":"qiang_00001"},{"time":1.8,"name":"qiang_00000"},{"time":1.8333,"name":"qiang_00001"},{"time":1.8667,"name":"qiang_00000"},{"time":1.9,"name":"qiang_00001"},{"time":1.9333,"name":"qiang_00000"},{"time":1.9667,"name":"qiang_00001"},{"time":2,"name":"qiang_00000"},{"time":2.0333,"name":"qiang_00001"},{"time":2.0667,"name":"qiang_00000"},{"time":2.1,"name":"qiang_00001"},{"time":2.1333,"name":"qiang_00000"},{"time":2.1667,"name":"qiang_00001"},{"time":2.2,"name":"qiang_00000"},{"time":2.2333,"name":"qiang_00001"},{"time":2.2667,"name":"qiang_00000"},{"time":2.3,"name":"qiang_00001"},{"time":2.3333,"name":"qiang_00000"},{"time":2.3667,"name":"qiang_00001"},{"time":2.4,"name":"qiang_00000"},{"time":2.4333,"name":"qiang_00001"},{"time":2.4667,"name":"qiang_00000"},{"time":2.5,"name":"qiang_00001"},{"time":2.5333,"name":"qiang_00000"},{"time":2.5667,"name":"qiang_00001"},{"time":2.6,"name":"qiang_00000"},{"time":2.6333,"name":"qiang_00001"},{"time":2.6667,"name":"qiang_00000"},{"time":2.7,"name":"qiang_00001"}]},"qiang4":{"color":[{"time":0.5667,"color":"ffffff7c"},{"time":0.6333,"color":"ffffffff"}],"attachment":[{"time":0.5667,"name":"qiang_00000"},{"time":0.8333,"name":"qiang_00001"},{"time":0.8667,"name":"qiang_00000"},{"time":0.9,"name":"qiang_00001"},{"time":0.9333,"name":"qiang_00000"},{"time":0.9667,"name":"qiang_00001"},{"time":1,"name":"qiang_00000"},{"time":1.0333,"name":"qiang_00001"},{"time":1.0667,"name":"qiang_00000"},{"time":1.1,"name":"qiang_00001"},{"time":1.1333,"name":"qiang_00000"},{"time":1.1667,"name":"qiang_00001"},{"time":1.2,"name":"qiang_00000"},{"time":1.2333,"name":"qiang_00001"},{"time":1.2667,"name":"qiang_00000"},{"time":1.3,"name":"qiang_00001"},{"time":1.3333,"name":"qiang_00000"},{"time":1.3667,"name":"qiang_00001"},{"time":1.4,"name":"qiang_00000"},{"time":1.4333,"name":"qiang_00001"},{"time":1.4667,"name":"qiang_00000"},{"time":1.5,"name":"qiang_00001"},{"time":1.5333,"name":"qiang_00000"},{"time":1.5667,"name":"qiang_00001"},{"time":1.6,"name":"qiang_00000"},{"time":1.6333,"name":"qiang_00001"},{"time":1.6667,"name":"qiang_00000"},{"time":1.7,"name":"qiang_00001"},{"time":1.7333,"name":"qiang_00000"},{"time":1.7667,"name":"qiang_00001"},{"time":1.8,"name":"qiang_00000"},{"time":1.8333,"name":"qiang_00001"},{"time":1.8667,"name":"qiang_00000"},{"time":1.9,"name":"qiang_00001"},{"time":1.9333,"name":"qiang_00000"},{"time":1.9667,"name":"qiang_00001"},{"time":2,"name":"qiang_00000"},{"time":2.0333,"name":"qiang_00001"},{"time":2.0667,"name":"qiang_00000"},{"time":2.1,"name":"qiang_00001"},{"time":2.1333,"name":"qiang_00000"},{"time":2.1667,"name":"qiang_00001"},{"time":2.2,"name":"qiang_00000"},{"time":2.2333,"name":"qiang_00001"},{"time":2.2667,"name":"qiang_00000"},{"time":2.3,"name":"qiang_00001"},{"time":2.3333,"name":"qiang_00000"},{"time":2.3667,"name":"qiang_00001"},{"time":2.4,"name":"qiang_00000"},{"time":2.4333,"name":"qiang_00001"},{"time":2.4667,"name":"qiang_00000"},{"time":2.5,"name":"qiang_00001"},{"time":2.5333,"name":"qiang_00000"},{"time":2.5667,"name":"qiang_00001"},{"time":2.6,"name":"qiang_00000"},{"time":2.6333,"name":"qiang_00001"},{"time":2.6667,"name":"qiang_00000"},{"time":2.7,"name":"qiang_00001"},{"time":2.7333,"name":"qiang_00000"},{"time":2.7667,"name":"qiang_00001"}]},"qiang5":{"color":[{"time":0.5667,"color":"ffffff7c"},{"time":0.6333,"color":"ffffffff"}],"attachment":[{"time":0.5667,"name":"qiang_00000"},{"time":0.8333,"name":"qiang_00001"},{"time":0.8667,"name":"qiang_00000"},{"time":0.9,"name":"qiang_00001"},{"time":0.9333,"name":"qiang_00000"},{"time":0.9667,"name":"qiang_00001"},{"time":1,"name":"qiang_00000"},{"time":1.0333,"name":"qiang_00001"},{"time":1.0667,"name":"qiang_00000"},{"time":1.1,"name":"qiang_00001"},{"time":1.1333,"name":"qiang_00000"},{"time":1.1667,"name":"qiang_00001"},{"time":1.2,"name":"qiang_00000"},{"time":1.2333,"name":"qiang_00001"},{"time":1.2667,"name":"qiang_00000"},{"time":1.3,"name":"qiang_00001"},{"time":1.3333,"name":"qiang_00000"},{"time":1.3667,"name":"qiang_00001"},{"time":1.4,"name":"qiang_00000"},{"time":1.4333,"name":"qiang_00001"},{"time":1.4667,"name":"qiang_00000"},{"time":1.5,"name":"qiang_00001"},{"time":1.5333,"name":"qiang_00000"},{"time":1.5667,"name":"qiang_00001"},{"time":1.6,"name":"qiang_00000"},{"time":1.6333,"name":"qiang_00001"},{"time":1.6667,"name":"qiang_00000"},{"time":1.7,"name":"qiang_00001"},{"time":1.7333,"name":"qiang_00000"},{"time":1.7667,"name":"qiang_00001"},{"time":1.8,"name":"qiang_00000"},{"time":1.8333,"name":"qiang_00001"},{"time":1.8667,"name":"qiang_00000"},{"time":1.9,"name":"qiang_00001"},{"time":1.9333,"name":"qiang_00000"},{"time":1.9667,"name":"qiang_00001"},{"time":2,"name":"qiang_00000"},{"time":2.0333,"name":"qiang_00001"},{"time":2.0667,"name":"qiang_00000"},{"time":2.1,"name":"qiang_00001"},{"time":2.1333,"name":"qiang_00000"},{"time":2.1667,"name":"qiang_00001"},{"time":2.2,"name":"qiang_00000"},{"time":2.2333,"name":"qiang_00001"},{"time":2.2667,"name":"qiang_00000"},{"time":2.3,"name":"qiang_00001"},{"time":2.3333,"name":"qiang_00000"},{"time":2.3667,"name":"qiang_00001"},{"time":2.4,"name":"qiang_00000"},{"time":2.4333,"name":"qiang_00001"},{"time":2.4667,"name":"qiang_00000"},{"time":2.5,"name":"qiang_00001"},{"time":2.5333,"name":"qiang_00000"},{"time":2.5667,"name":"qiang_00001"},{"time":2.6,"name":"qiang_00000"},{"time":2.6333,"name":"qiang_00001"},{"time":2.6667,"name":"qiang_00000"},{"time":2.7,"name":"qiang_00001"},{"time":2.7333,"name":"qiang_00000"},{"time":2.7667,"name":"qiang_00001"}]},"sg2/sg2":{"attachment":[{"time":1,"name":"sg2/sg2_00000"},{"time":1.1,"name":"sg2/sg2_00002"},{"time":1.2,"name":"sg2/sg2_00004"},{"time":1.3,"name":"sg2/sg2_00006"},{"time":1.4,"name":"sg2/sg2_00008"},{"time":1.5,"name":"sg2/sg2_00010"},{"time":1.6,"name":"sg2/sg2_00012"},{"time":1.7,"name":"sg2/sg2_00014"},{"time":1.8,"name":"sg2/sg2_00016"},{"time":1.9,"name":"sg2/sg2_00018"},{"time":2,"name":"sg2/sg2_00020"},{"time":2.1,"name":null}]},"zi":{"color":[{"time":0.1667,"color":"ffffff75"},{"time":0.3,"color":"ffffffce"},{"time":0.3667,"color":"ffffffff"}],"attachment":[{"time":0.1667,"name":"zi2"}]},"zi2":{"color":[{"time":0.4667,"color":"ffffffff"},{"time":0.8667,"color":"ffffff00"}],"attachment":[{"time":0.3667,"name":"zi2"}]},"zidan":{"color":[{"time":0.3667,"color":"ffffff6a"},{"time":0.5,"color":"ffffffff"}],"attachment":[{"time":0.3667,"name":"zidan"}]},"zidan2":{"color":[{"time":0.4333,"color":"ffffff6a"},{"time":0.5667,"color":"ffffffff"}],"attachment":[{"time":0.4333,"name":"zidan"}]},"zidan3":{"color":[{"time":0.4,"color":"ffffff6a"},{"time":0.5333,"color":"ffffffff"}],"attachment":[{"time":0.4,"name":"zidan"}]},"zidan4":{"color":[{"time":0.4667,"color":"ffffff6a"},{"time":0.6,"color":"ffffffff"}],"attachment":[{"time":0.4667,"name":"zidan"}]}},"bones":{"1":{"translate":[{"time":0,"x":0,"y":-12.05}]},"fire":{"scale":[{"time":0.6667,"x":1,"y":1,"curve":"stepped"},{"time":0.7,"x":1.366,"y":0.418,"curve":"stepped"},{"time":0.7667,"x":0.657,"y":0.765,"curve":"stepped"},{"time":0.8,"x":1,"y":1,"curve":"stepped"},{"time":0.8333,"x":1,"y":1,"curve":"stepped"},{"time":0.8667,"x":1.366,"y":0.418,"curve":"stepped"},{"time":0.9333,"x":0.657,"y":0.765,"curve":"stepped"},{"time":0.9667,"x":1,"y":1,"curve":"stepped"},{"time":1,"x":1,"y":1,"curve":"stepped"},{"time":1.0333,"x":1.366,"y":0.418,"curve":"stepped"},{"time":1.1,"x":0.657,"y":0.765,"curve":"stepped"},{"time":1.1333,"x":1,"y":1,"curve":"stepped"},{"time":1.1667,"x":1,"y":1,"curve":"stepped"},{"time":1.2,"x":1.366,"y":0.418,"curve":"stepped"},{"time":1.2667,"x":0.657,"y":0.765,"curve":"stepped"},{"time":1.3,"x":1,"y":1,"curve":"stepped"},{"time":1.3333,"x":1,"y":1,"curve":"stepped"},{"time":1.3667,"x":1.366,"y":0.418,"curve":"stepped"},{"time":1.4333,"x":0.657,"y":0.765,"curve":"stepped"},{"time":1.4667,"x":1,"y":1,"curve":"stepped"},{"time":1.5,"x":1,"y":1,"curve":"stepped"},{"time":1.5333,"x":1.366,"y":0.418,"curve":"stepped"},{"time":1.6,"x":0.657,"y":0.765,"curve":"stepped"},{"time":1.6333,"x":1,"y":1,"curve":"stepped"},{"time":1.6667,"x":1,"y":1,"curve":"stepped"},{"time":1.7,"x":1.366,"y":0.418,"curve":"stepped"},{"time":1.7667,"x":0.657,"y":0.765,"curve":"stepped"},{"time":1.8,"x":1,"y":1,"curve":"stepped"},{"time":1.8333,"x":1,"y":1,"curve":"stepped"},{"time":1.8667,"x":1.366,"y":0.418,"curve":"stepped"},{"time":1.9333,"x":0.657,"y":0.765,"curve":"stepped"},{"time":1.9667,"x":1,"y":1,"curve":"stepped"},{"time":2,"x":1,"y":1,"curve":"stepped"},{"time":2.0333,"x":1.366,"y":0.418,"curve":"stepped"},{"time":2.1,"x":0.657,"y":0.765,"curve":"stepped"},{"time":2.1333,"x":1,"y":1,"curve":"stepped"},{"time":2.1667,"x":1,"y":1,"curve":"stepped"},{"time":2.2,"x":1.366,"y":0.418,"curve":"stepped"},{"time":2.2667,"x":0.657,"y":0.765,"curve":"stepped"},{"time":2.3,"x":1,"y":1,"curve":"stepped"},{"time":2.3333,"x":1,"y":1,"curve":"stepped"},{"time":2.3667,"x":1.366,"y":0.418,"curve":"stepped"},{"time":2.4333,"x":0.657,"y":0.765,"curve":"stepped"},{"time":2.4667,"x":1,"y":1,"curve":"stepped"},{"time":2.5,"x":1,"y":1,"curve":"stepped"},{"time":2.5333,"x":1.366,"y":0.418,"curve":"stepped"},{"time":2.6,"x":0.657,"y":0.765,"curve":"stepped"},{"time":2.6333,"x":1,"y":1}]},"fire2":{"scale":[{"time":0.7333,"x":1,"y":1,"curve":"stepped"},{"time":0.7667,"x":1.366,"y":0.418,"curve":"stepped"},{"time":0.8333,"x":0.657,"y":0.765,"curve":"stepped"},{"time":0.8667,"x":1,"y":1,"curve":"stepped"},{"time":0.9,"x":1,"y":1,"curve":"stepped"},{"time":0.9333,"x":1.366,"y":0.418,"curve":"stepped"},{"time":1,"x":0.657,"y":0.765,"curve":"stepped"},{"time":1.0333,"x":1,"y":1,"curve":"stepped"},{"time":1.0667,"x":1,"y":1,"curve":"stepped"},{"time":1.1,"x":1.366,"y":0.418,"curve":"stepped"},{"time":1.1667,"x":0.657,"y":0.765,"curve":"stepped"},{"time":1.2,"x":1,"y":1,"curve":"stepped"},{"time":1.2333,"x":1,"y":1,"curve":"stepped"},{"time":1.2667,"x":1.366,"y":0.418,"curve":"stepped"},{"time":1.3333,"x":0.657,"y":0.765,"curve":"stepped"},{"time":1.3667,"x":1,"y":1,"curve":"stepped"},{"time":1.4,"x":1,"y":1,"curve":"stepped"},{"time":1.4333,"x":1.366,"y":0.418,"curve":"stepped"},{"time":1.5,"x":0.657,"y":0.765,"curve":"stepped"},{"time":1.5333,"x":1,"y":1,"curve":"stepped"},{"time":1.5667,"x":1,"y":1,"curve":"stepped"},{"time":1.6,"x":1.366,"y":0.418,"curve":"stepped"},{"time":1.6667,"x":0.657,"y":0.765,"curve":"stepped"},{"time":1.7,"x":1,"y":1,"curve":"stepped"},{"time":1.7333,"x":1,"y":1,"curve":"stepped"},{"time":1.7667,"x":1.366,"y":0.418,"curve":"stepped"},{"time":1.8333,"x":0.657,"y":0.765,"curve":"stepped"},{"time":1.8667,"x":1,"y":1,"curve":"stepped"},{"time":1.9,"x":1,"y":1,"curve":"stepped"},{"time":1.9333,"x":1.366,"y":0.418,"curve":"stepped"},{"time":2,"x":0.657,"y":0.765,"curve":"stepped"},{"time":2.0333,"x":1,"y":1,"curve":"stepped"},{"time":2.0667,"x":1,"y":1,"curve":"stepped"},{"time":2.1,"x":1.366,"y":0.418,"curve":"stepped"},{"time":2.1667,"x":0.657,"y":0.765,"curve":"stepped"},{"time":2.2,"x":1,"y":1,"curve":"stepped"},{"time":2.2333,"x":1,"y":1,"curve":"stepped"},{"time":2.2667,"x":1.366,"y":0.418,"curve":"stepped"},{"time":2.3333,"x":0.657,"y":0.765,"curve":"stepped"},{"time":2.3667,"x":1,"y":1,"curve":"stepped"},{"time":2.4,"x":1,"y":1,"curve":"stepped"},{"time":2.4333,"x":1.366,"y":0.418,"curve":"stepped"},{"time":2.5,"x":0.657,"y":0.765,"curve":"stepped"},{"time":2.5333,"x":1,"y":1,"curve":"stepped"},{"time":2.5667,"x":1,"y":1,"curve":"stepped"},{"time":2.6,"x":1.366,"y":0.418,"curve":"stepped"},{"time":2.6667,"x":0.657,"y":0.765,"curve":"stepped"},{"time":2.7,"x":1,"y":1}]},"fire3":{"scale":[{"time":0.7333,"x":1,"y":1,"curve":"stepped"},{"time":0.7667,"x":1.366,"y":0.418,"curve":"stepped"},{"time":0.8333,"x":0.657,"y":0.765,"curve":"stepped"},{"time":0.8667,"x":1,"y":1,"curve":"stepped"},{"time":0.9,"x":1,"y":1,"curve":"stepped"},{"time":0.9333,"x":1.366,"y":0.418,"curve":"stepped"},{"time":1,"x":0.657,"y":0.765,"curve":"stepped"},{"time":1.0333,"x":1,"y":1,"curve":"stepped"},{"time":1.0667,"x":1,"y":1,"curve":"stepped"},{"time":1.1,"x":1.366,"y":0.418,"curve":"stepped"},{"time":1.1667,"x":0.657,"y":0.765,"curve":"stepped"},{"time":1.2,"x":1,"y":1,"curve":"stepped"},{"time":1.2333,"x":1,"y":1,"curve":"stepped"},{"time":1.2667,"x":1.366,"y":0.418,"curve":"stepped"},{"time":1.3333,"x":0.657,"y":0.765,"curve":"stepped"},{"time":1.3667,"x":1,"y":1,"curve":"stepped"},{"time":1.4,"x":1,"y":1,"curve":"stepped"},{"time":1.4333,"x":1.366,"y":0.418,"curve":"stepped"},{"time":1.5,"x":0.657,"y":0.765,"curve":"stepped"},{"time":1.5333,"x":1,"y":1,"curve":"stepped"},{"time":1.5667,"x":1,"y":1,"curve":"stepped"},{"time":1.6,"x":1.366,"y":0.418,"curve":"stepped"},{"time":1.6667,"x":0.657,"y":0.765,"curve":"stepped"},{"time":1.7,"x":1,"y":1,"curve":"stepped"},{"time":1.7333,"x":1,"y":1,"curve":"stepped"},{"time":1.7667,"x":1.366,"y":0.418,"curve":"stepped"},{"time":1.8333,"x":0.657,"y":0.765,"curve":"stepped"},{"time":1.8667,"x":1,"y":1,"curve":"stepped"},{"time":1.9,"x":1,"y":1,"curve":"stepped"},{"time":1.9333,"x":1.366,"y":0.418,"curve":"stepped"},{"time":2,"x":0.657,"y":0.765,"curve":"stepped"},{"time":2.0333,"x":1,"y":1,"curve":"stepped"},{"time":2.0667,"x":1,"y":1,"curve":"stepped"},{"time":2.1,"x":1.366,"y":0.418,"curve":"stepped"},{"time":2.1667,"x":0.657,"y":0.765,"curve":"stepped"},{"time":2.2,"x":1,"y":1,"curve":"stepped"},{"time":2.2333,"x":1,"y":1,"curve":"stepped"},{"time":2.2667,"x":1.366,"y":0.418,"curve":"stepped"},{"time":2.3333,"x":0.657,"y":0.765,"curve":"stepped"},{"time":2.3667,"x":1,"y":1,"curve":"stepped"},{"time":2.4,"x":1,"y":1,"curve":"stepped"},{"time":2.4333,"x":1.366,"y":0.418,"curve":"stepped"},{"time":2.5,"x":0.657,"y":0.765,"curve":"stepped"},{"time":2.5333,"x":1,"y":1,"curve":"stepped"},{"time":2.5667,"x":1,"y":1,"curve":"stepped"},{"time":2.6,"x":1.366,"y":0.418,"curve":"stepped"},{"time":2.6667,"x":0.657,"y":0.765,"curve":"stepped"},{"time":2.7,"x":1,"y":1}]},"fire4":{"scale":[{"time":0.8,"x":1,"y":1,"curve":"stepped"},{"time":0.8333,"x":1.366,"y":0.418,"curve":"stepped"},{"time":0.9,"x":0.657,"y":0.765,"curve":"stepped"},{"time":0.9333,"x":1,"y":1,"curve":"stepped"},{"time":0.9667,"x":1,"y":1,"curve":"stepped"},{"time":1,"x":1.366,"y":0.418,"curve":"stepped"},{"time":1.0667,"x":0.657,"y":0.765,"curve":"stepped"},{"time":1.1,"x":1,"y":1,"curve":"stepped"},{"time":1.1333,"x":1,"y":1,"curve":"stepped"},{"time":1.1667,"x":1.366,"y":0.418,"curve":"stepped"},{"time":1.2333,"x":0.657,"y":0.765,"curve":"stepped"},{"time":1.2667,"x":1,"y":1,"curve":"stepped"},{"time":1.3,"x":1,"y":1,"curve":"stepped"},{"time":1.3333,"x":1.366,"y":0.418,"curve":"stepped"},{"time":1.4,"x":0.657,"y":0.765,"curve":"stepped"},{"time":1.4333,"x":1,"y":1,"curve":"stepped"},{"time":1.4667,"x":1,"y":1,"curve":"stepped"},{"time":1.5,"x":1.366,"y":0.418,"curve":"stepped"},{"time":1.5667,"x":0.657,"y":0.765,"curve":"stepped"},{"time":1.6,"x":1,"y":1,"curve":"stepped"},{"time":1.6333,"x":1,"y":1,"curve":"stepped"},{"time":1.6667,"x":1.366,"y":0.418,"curve":"stepped"},{"time":1.7333,"x":0.657,"y":0.765,"curve":"stepped"},{"time":1.7667,"x":1,"y":1,"curve":"stepped"},{"time":1.8,"x":1,"y":1,"curve":"stepped"},{"time":1.8333,"x":1.366,"y":0.418,"curve":"stepped"},{"time":1.9,"x":0.657,"y":0.765,"curve":"stepped"},{"time":1.9333,"x":1,"y":1,"curve":"stepped"},{"time":1.9667,"x":1,"y":1,"curve":"stepped"},{"time":2,"x":1.366,"y":0.418,"curve":"stepped"},{"time":2.0667,"x":0.657,"y":0.765,"curve":"stepped"},{"time":2.1,"x":1,"y":1,"curve":"stepped"},{"time":2.1333,"x":1,"y":1,"curve":"stepped"},{"time":2.1667,"x":1.366,"y":0.418,"curve":"stepped"},{"time":2.2333,"x":0.657,"y":0.765,"curve":"stepped"},{"time":2.2667,"x":1,"y":1,"curve":"stepped"},{"time":2.3,"x":1,"y":1,"curve":"stepped"},{"time":2.3333,"x":1.366,"y":0.418,"curve":"stepped"},{"time":2.4,"x":0.657,"y":0.765,"curve":"stepped"},{"time":2.4333,"x":1,"y":1,"curve":"stepped"},{"time":2.4667,"x":1,"y":1,"curve":"stepped"},{"time":2.5,"x":1.366,"y":0.418,"curve":"stepped"},{"time":2.5667,"x":0.657,"y":0.765,"curve":"stepped"},{"time":2.6,"x":1,"y":1,"curve":"stepped"},{"time":2.6333,"x":1,"y":1,"curve":"stepped"},{"time":2.6667,"x":1.366,"y":0.418,"curve":"stepped"},{"time":2.7333,"x":0.657,"y":0.765,"curve":"stepped"},{"time":2.7667,"x":1,"y":1}]},"fire5":{"scale":[{"time":0.8,"x":1,"y":1,"curve":"stepped"},{"time":0.8333,"x":1.366,"y":0.418,"curve":"stepped"},{"time":0.9,"x":0.657,"y":0.765,"curve":"stepped"},{"time":0.9333,"x":1,"y":1,"curve":"stepped"},{"time":0.9667,"x":1,"y":1,"curve":"stepped"},{"time":1,"x":1.366,"y":0.418,"curve":"stepped"},{"time":1.0667,"x":0.657,"y":0.765,"curve":"stepped"},{"time":1.1,"x":1,"y":1,"curve":"stepped"},{"time":1.1333,"x":1,"y":1,"curve":"stepped"},{"time":1.1667,"x":1.366,"y":0.418,"curve":"stepped"},{"time":1.2333,"x":0.657,"y":0.765,"curve":"stepped"},{"time":1.2667,"x":1,"y":1,"curve":"stepped"},{"time":1.3,"x":1,"y":1,"curve":"stepped"},{"time":1.3333,"x":1.366,"y":0.418,"curve":"stepped"},{"time":1.4,"x":0.657,"y":0.765,"curve":"stepped"},{"time":1.4333,"x":1,"y":1,"curve":"stepped"},{"time":1.4667,"x":1,"y":1,"curve":"stepped"},{"time":1.5,"x":1.366,"y":0.418,"curve":"stepped"},{"time":1.5667,"x":0.657,"y":0.765,"curve":"stepped"},{"time":1.6,"x":1,"y":1,"curve":"stepped"},{"time":1.6333,"x":1,"y":1,"curve":"stepped"},{"time":1.6667,"x":1.366,"y":0.418,"curve":"stepped"},{"time":1.7333,"x":0.657,"y":0.765,"curve":"stepped"},{"time":1.7667,"x":1,"y":1,"curve":"stepped"},{"time":1.8,"x":1,"y":1,"curve":"stepped"},{"time":1.8333,"x":1.366,"y":0.418,"curve":"stepped"},{"time":1.9,"x":0.657,"y":0.765,"curve":"stepped"},{"time":1.9333,"x":1,"y":1,"curve":"stepped"},{"time":1.9667,"x":1,"y":1,"curve":"stepped"},{"time":2,"x":1.366,"y":0.418,"curve":"stepped"},{"time":2.0667,"x":0.657,"y":0.765,"curve":"stepped"},{"time":2.1,"x":1,"y":1,"curve":"stepped"},{"time":2.1333,"x":1,"y":1,"curve":"stepped"},{"time":2.1667,"x":1.366,"y":0.418,"curve":"stepped"},{"time":2.2333,"x":0.657,"y":0.765,"curve":"stepped"},{"time":2.2667,"x":1,"y":1,"curve":"stepped"},{"time":2.3,"x":1,"y":1,"curve":"stepped"},{"time":2.3333,"x":1.366,"y":0.418,"curve":"stepped"},{"time":2.4,"x":0.657,"y":0.765,"curve":"stepped"},{"time":2.4333,"x":1,"y":1,"curve":"stepped"},{"time":2.4667,"x":1,"y":1,"curve":"stepped"},{"time":2.5,"x":1.366,"y":0.418,"curve":"stepped"},{"time":2.5667,"x":0.657,"y":0.765,"curve":"stepped"},{"time":2.6,"x":1,"y":1,"curve":"stepped"},{"time":2.6333,"x":1,"y":1,"curve":"stepped"},{"time":2.6667,"x":1.366,"y":0.418,"curve":"stepped"},{"time":2.7333,"x":0.657,"y":0.765,"curve":"stepped"},{"time":2.7667,"x":1,"y":1}]},"light":{"rotate":[{"time":0.6667,"angle":8.12}],"translate":[{"time":0.6667,"x":-9.24,"y":-10.44}],"scale":[{"time":0.6667,"x":0.97,"y":1}]},"light2":{"rotate":[{"time":0.7,"angle":16.07}],"translate":[{"time":0.6667,"x":0,"y":0},{"time":0.7,"x":4.15,"y":-10.17}],"scale":[{"time":0.7,"x":-0.627,"y":1.01}]},"light3":{"rotate":[{"time":0.7333,"angle":8.12}],"translate":[{"time":0.7333,"x":-9.24,"y":-10.44}],"scale":[{"time":0.7333,"x":0.97,"y":1}]},"light4":{"rotate":[{"time":0.7667,"angle":16.07}],"translate":[{"time":0.7667,"x":4.15,"y":-10.17}],"scale":[{"time":0.7667,"x":-0.627,"y":1.01}]},"light5":{"rotate":[{"time":0.7333,"angle":8.12}],"translate":[{"time":0.7333,"x":-9.24,"y":-10.44}],"scale":[{"time":0.7333,"x":0.97,"y":1}]},"light6":{"rotate":[{"time":0.7667,"angle":16.07}],"translate":[{"time":0.7667,"x":4.15,"y":-10.17}],"scale":[{"time":0.7667,"x":-0.627,"y":1.01}]},"light7":{"rotate":[{"time":0.8,"angle":8.12}],"translate":[{"time":0.8,"x":-9.24,"y":-10.44}],"scale":[{"time":0.8,"x":0.97,"y":1}]},"light8":{"rotate":[{"time":0.8333,"angle":16.07}],"translate":[{"time":0.8333,"x":4.15,"y":-10.17}],"scale":[{"time":0.8333,"x":-0.627,"y":1.01}]},"light9":{"rotate":[{"time":0.8,"angle":8.12}],"translate":[{"time":0.8,"x":-9.24,"y":-10.44}],"scale":[{"time":0.8,"x":0.97,"y":1}]},"light10":{"rotate":[{"time":0.8333,"angle":16.07}],"translate":[{"time":0.8333,"x":4.15,"y":-10.17}],"scale":[{"time":0.8333,"x":-0.627,"y":1.01}]},"point":{"rotate":[{"time":0.5,"angle":0},{"time":1.5,"angle":-80}],"translate":[{"time":0.5,"x":190.67,"y":62.14},{"time":1.5,"x":207.82,"y":65.57}],"scale":[{"time":0.5,"x":0,"y":0,"curve":[0,0.18,0.75,1]},{"time":1,"x":1.242,"y":1.242,"curve":[0.25,0,1,0.81]},{"time":1.5,"x":0,"y":0}]},"point2":{"rotate":[{"time":1,"angle":0},{"time":2,"angle":-80}],"translate":[{"time":1,"x":395.93,"y":-123.22}],"scale":[{"time":1,"x":0,"y":0,"curve":[0,0.18,0.75,1]},{"time":1.5,"x":1.242,"y":1.242,"curve":[0.25,0,1,0.81]},{"time":2,"x":0,"y":0}]},"point3":{"rotate":[{"time":1.5,"angle":0},{"time":2.5,"angle":-80}],"translate":[{"time":1.5,"x":75.68,"y":-88.64}],"scale":[{"time":1.5,"x":0,"y":0,"curve":[0,0.18,0.75,1]},{"time":2,"x":1.534,"y":1.534,"curve":[0.25,0,1,0.81]},{"time":2.5,"x":0,"y":0}]},"point4":{"rotate":[{"time":0.5,"angle":0.59}],"translate":[{"time":0.5,"x":162.7,"y":-113.51},{"time":0.8333,"x":242.27,"y":-113.51},{"time":1.1667,"x":265.46,"y":-113.51},{"time":1.8333,"x":348.22,"y":-113.51}],"scale":[{"time":0.5,"x":0,"y":0,"curve":[0,0.18,0.75,1]},{"time":1,"x":6.438,"y":1.165,"curve":[0.25,0,1,0.81]},{"time":1.8333,"x":0,"y":0}]},"point5":{"rotate":[{"time":0.9333,"angle":0},{"time":2.1,"angle":-80}],"translate":[{"time":0.9333,"x":41.34,"y":-155.97,"curve":[0,0.19,0.75,1]},{"time":2.1,"x":30.61,"y":-174.85}],"scale":[{"time":0.9333,"x":0,"y":0,"curve":[0,0.18,0.75,1]},{"time":1.4,"x":0.679,"y":0.679,"curve":[0.25,0,1,0.81]},{"time":2.1,"x":0,"y":0}]},"point6":{"rotate":[{"time":1.1333,"angle":0},{"time":2.2667,"angle":-80}],"translate":[{"time":1.1333,"x":17.8,"y":5.1,"curve":[0,0.19,0.75,1]},{"time":2.2667,"x":-1.13,"y":0.98}],"scale":[{"time":1.1333,"x":0,"y":0,"curve":[0,0.18,0.75,1]},{"time":1.6333,"x":0.578,"y":0.578,"curve":[0.25,0,1,0.81]},{"time":2.2667,"x":0,"y":0}]},"point7":{"rotate":[{"time":1.3333,"angle":0},{"time":2.4333,"angle":-80}],"translate":[{"time":1.3333,"x":435.25,"y":-5.77}],"scale":[{"time":1.3333,"x":0,"y":0,"curve":[0,0.18,0.75,1]},{"time":1.8333,"x":0.648,"y":0.648,"curve":[0.25,0,1,0.81]},{"time":2.4333,"x":0,"y":0}]},"point8":{"rotate":[{"time":0.6333,"angle":0},{"time":1.7333,"angle":-80}],"translate":[{"time":0.6333,"x":492.79,"y":-135.03,"curve":[0,0.19,0.75,1]},{"time":1.7333,"x":501.63,"y":-136.34}],"scale":[{"time":0.6333,"x":0,"y":0,"curve":[0,0.18,0.75,1]},{"time":1.1333,"x":0.648,"y":0.648,"curve":[0.25,0,1,0.81]},{"time":1.7333,"x":0,"y":0}]},"point9":{"rotate":[{"time":1.3333,"angle":0},{"time":2.6667,"angle":-80}],"translate":[{"time":1.3333,"x":245.76,"y":89.94}],"scale":[{"time":1.3333,"x":0,"y":0,"curve":[0,0.18,0.75,1]},{"time":2,"x":1.939,"y":1.939,"curve":[0.25,0,1,0.81]},{"time":2.6667,"x":0,"y":0}]},"qiang":{"rotate":[{"time":0.4333,"angle":57.43}],"translate":[{"time":0.4333,"x":-51.51,"y":-53.24,"curve":[0,0.19,0.75,1]},{"time":0.5,"x":-50.71,"y":79.19,"curve":[0.25,0,1,0.81]},{"time":0.6,"x":-51.01,"y":45.13},{"time":0.6667,"x":-50.87,"y":55.66}]},"qiang2":{"rotate":[{"time":0.5,"angle":47.05,"curve":[0,0.19,0.75,1]},{"time":0.6333,"angle":-2},{"time":0.7333,"angle":4.82}],"translate":[{"time":0.5,"x":3.99,"y":40.66}]},"qiang3":{"rotate":[{"time":0.5,"angle":40.14,"curve":[0,0.19,0.75,1]},{"time":0.6333,"angle":2.07},{"time":0.7333,"angle":6.12}],"translate":[{"time":0.5,"x":-7.85,"y":43.08}]},"qiang4":{"rotate":[{"time":0.5667,"angle":9.12,"curve":[0.019,0.19,0.75,1]},{"time":0.7,"angle":-33.85},{"time":0.8,"angle":-30.36}],"translate":[{"time":0.5667,"x":29.74,"y":-1.64}]},"qiang5":{"rotate":[{"time":0.5667,"angle":12.42,"curve":[0,0.19,0.75,1]},{"time":0.7,"angle":-33.85},{"time":0.8,"angle":-30.22}],"translate":[{"time":0.5667,"x":15.9,"y":-1.92}]},"sg2":{"translate":[{"time":1,"x":49.58,"y":17.59}]},"zi":{"translate":[{"time":0,"x":3.94,"y":0}],"scale":[{"time":0.1667,"x":3.113,"y":3.113},{"time":0.3,"x":2.737,"y":2.737},{"time":0.3667,"x":0.935,"y":0.935},{"time":0.4333,"x":1.063,"y":1.063},{"time":0.5,"x":1.002,"y":1.002}]},"zi2":{"translate":[{"time":0,"x":3.94,"y":0}],"scale":[{"time":0.3667,"x":0.935,"y":0.935},{"time":0.4667,"x":1.251,"y":1.251},{"time":0.8667,"x":1.4,"y":1.4}]},"zidan":{"translate":[{"time":0.3667,"x":74.74,"y":-64.25,"curve":[0,0.19,0.75,1]},{"time":0.5,"x":-39.44,"y":-73.95,"curve":[0.25,0,1,0.81]},{"time":0.6333,"x":-7.02,"y":-71.2},{"time":0.7667,"x":-18.37,"y":-72.16}]},"zidan2":{"translate":[{"time":0.4333,"x":20.54,"y":-2.56,"curve":[0,0.19,0.75,1]},{"time":0.5667,"x":-8.7,"y":-44.05,"curve":[0.25,0,1,0.79]},{"time":0.7,"x":1.02,"y":-30.25},{"time":0.8333,"x":-2.62,"y":-35.42}]},"zidan3":{"translate":[{"time":0.4,"x":-56.77,"y":-119.61,"curve":[0,0.17,0.75,1]},{"time":0.5333,"x":45.17,"y":-75.15,"curve":[0.25,0,1,0.81]},{"time":0.6667,"x":24.29,"y":-84.26},{"time":0.8,"x":31.81,"y":-80.98}]},"zidan4":{"translate":[{"time":0.4667,"x":-41.11,"y":-73.56,"curve":[0,0.18,0.75,1]},{"time":0.6,"x":39.08,"y":-84.15,"curve":[0.25,0,1,0.79]},{"time":0.7333,"x":21.35,"y":-81.8},{"time":0.8667,"x":26.03,"y":-82.42}]},"Base":{"scale":[{"time":0,"x":0.6,"y":0.6},{"time":0.1667,"x":1,"y":1,"curve":"stepped"},{"time":0.3333,"x":1,"y":1,"curve":"stepped"},{"time":0.3667,"x":0.955,"y":0.955,"curve":[0,0.18,0.75,1]},{"time":0.4333,"x":1.15,"y":1.15,"curve":[0.25,0,1,0.81]},{"time":0.5667,"x":1,"y":1}]},"Qiang5":{"scale":[{"time":0,"x":-1,"y":1}]},"Qiang":{"scale":[{"time":0,"x":-1,"y":1}]},"Qiang3":{"scale":[{"time":0,"x":-1,"y":1}]}}}}},"_atlasText":"\nsp_effect_ldb.png\nsize: 1127,1127\nformat: RGBA8888\nfilter: Linear,Linear\nrepeat: none\nbase\n  rotate: false\n  xy: 2, 418\n  size: 486, 344\n  orig: 486, 344\n  offset: 0, 0\n  index: -1\nbase2\n  rotate: false\n  xy: 2, 764\n  size: 538, 361\n  orig: 538, 361\n  offset: 0, 0\n  index: -1\ngunfire\n  rotate: true\n  xy: 780, 162\n  size: 150, 110\n  orig: 150, 110\n  offset: 0, 0\n  index: -1\nhuangguan\n  rotate: true\n  xy: 819, 773\n  size: 203, 109\n  orig: 203, 109\n  offset: 0, 0\n  index: -1\nlight_00000\n  rotate: false\n  xy: 365, 275\n  size: 120, 141\n  orig: 120, 141\n  offset: 0, 0\n  index: -1\nlight_00001\n  rotate: false\n  xy: 926, 984\n  size: 120, 141\n  orig: 120, 141\n  offset: 0, 0\n  index: -1\nlight_00002\n  rotate: false\n  xy: 780, 19\n  size: 120, 141\n  orig: 120, 141\n  offset: 0, 0\n  index: -1\nlight_00003\n  rotate: false\n  xy: 892, 194\n  size: 120, 141\n  orig: 120, 141\n  offset: 0, 0\n  index: -1\npoint\n  rotate: false\n  xy: 1014, 248\n  size: 100, 100\n  orig: 100, 100\n  offset: 0, 0\n  index: -1\nqiang_00000\n  rotate: true\n  xy: 542, 804\n  size: 172, 275\n  orig: 172, 275\n  offset: 0, 0\n  index: -1\nqiang_00001\n  rotate: true\n  xy: 2, 100\n  size: 172, 275\n  orig: 172, 275\n  offset: 0, 0\n  index: -1\nsg/sg_00000\n  rotate: true\n  xy: 279, 67\n  size: 205, 96\n  orig: 205, 96\n  offset: 0, 0\n  index: -1\nsg/sg_00002\n  rotate: true\n  xy: 490, 337\n  size: 205, 96\n  orig: 205, 96\n  offset: 0, 0\n  index: -1\nsg/sg_00004\n  rotate: true\n  xy: 808, 346\n  size: 205, 96\n  orig: 205, 96\n  offset: 0, 0\n  index: -1\nsg/sg_00006\n  rotate: true\n  xy: 906, 337\n  size: 205, 96\n  orig: 205, 96\n  offset: 0, 0\n  index: -1\nsg/sg_00008\n  rotate: true\n  xy: 1004, 557\n  size: 205, 96\n  orig: 205, 96\n  offset: 0, 0\n  index: -1\nsg/sg_00010\n  rotate: true\n  xy: 1004, 350\n  size: 205, 96\n  orig: 205, 96\n  offset: 0, 0\n  index: -1\nsg/sg_00012\n  rotate: true\n  xy: 1028, 777\n  size: 205, 96\n  orig: 205, 96\n  offset: 0, 0\n  index: -1\nsg/sg_00014\n  rotate: true\n  xy: 475, 68\n  size: 205, 96\n  orig: 205, 96\n  offset: 0, 0\n  index: -1\nsg/sg_00016\n  rotate: false\n  xy: 573, 216\n  size: 205, 96\n  orig: 205, 96\n  offset: 0, 0\n  index: -1\nsg/sg_00018\n  rotate: false\n  xy: 573, 118\n  size: 205, 96\n  orig: 205, 96\n  offset: 0, 0\n  index: -1\nsg/sg_00020\n  rotate: false\n  xy: 573, 20\n  size: 205, 96\n  orig: 205, 96\n  offset: 0, 0\n  index: -1\nsg2/sg2_00000\n  rotate: false\n  xy: 2, 2\n  size: 218, 96\n  orig: 218, 96\n  offset: 0, 0\n  index: -1\nsg2/sg2_00002\n  rotate: true\n  xy: 490, 544\n  size: 218, 96\n  orig: 218, 96\n  offset: 0, 0\n  index: -1\nsg2/sg2_00004\n  rotate: false\n  xy: 588, 706\n  size: 218, 96\n  orig: 218, 96\n  offset: 0, 0\n  index: -1\nsg2/sg2_00006\n  rotate: false\n  xy: 588, 608\n  size: 218, 96\n  orig: 218, 96\n  offset: 0, 0\n  index: -1\nsg2/sg2_00008\n  rotate: false\n  xy: 588, 510\n  size: 218, 96\n  orig: 218, 96\n  offset: 0, 0\n  index: -1\nsg2/sg2_00010\n  rotate: true\n  xy: 808, 553\n  size: 218, 96\n  orig: 218, 96\n  offset: 0, 0\n  index: -1\nsg2/sg2_00012\n  rotate: true\n  xy: 930, 764\n  size: 218, 96\n  orig: 218, 96\n  offset: 0, 0\n  index: -1\nsg2/sg2_00014\n  rotate: true\n  xy: 906, 544\n  size: 218, 96\n  orig: 218, 96\n  offset: 0, 0\n  index: -1\nsg2/sg2_00016\n  rotate: true\n  xy: 377, 55\n  size: 218, 96\n  orig: 218, 96\n  offset: 0, 0\n  index: -1\nsg2/sg2_00018\n  rotate: false\n  xy: 588, 412\n  size: 218, 96\n  orig: 218, 96\n  offset: 0, 0\n  index: -1\nsg2/sg2_00020\n  rotate: false\n  xy: 588, 314\n  size: 218, 96\n  orig: 218, 96\n  offset: 0, 0\n  index: -1\nzi\n  rotate: false\n  xy: 2, 274\n  size: 361, 142\n  orig: 361, 142\n  offset: 0, 0\n  index: -1\nzi2\n  rotate: false\n  xy: 542, 978\n  size: 382, 147\n  orig: 382, 147\n  offset: 0, 0\n  index: -1\nzidan\n  rotate: true\n  xy: 1048, 1001\n  size: 124, 37\n  orig: 124, 37\n  offset: 0, 0\n  index: -1\n","textures":[{"__uuid__":"57iGI6A+9AG5hHgtnrdM9T"}],"textureNames":["sp_effect_ldb.png"]}