[{"__type__":"cc.SpriteFrame","content":{"name":"ani_jinlong_01","texture":"qzmjmj4e-f261-4c3f-a2c1-5eb6306f3351","rect":[266,147,496,147],"offset":[0,-54.5],"originalSize":[1028,332],"capInsets":[0,0,0,0]}},{"__type__":"cc.SpriteFrame","content":{"name":"ani_jinlong_02","texture":"qzmjmj72-4efc-4824-b232-1c9f78f5ad55","rect":[140,126,749,194],"offset":[0.5,-57],"originalSize":[1028,332],"capInsets":[0,0,0,0]}},{"__type__":"cc.SpriteFrame","content":{"name":"ani_jinlong_08","texture":"qzmjmjfc-c986-4714-a8cf-a943b274bd78","rect":[5,1,1019,331],"offset":[0.5,-0.5],"originalSize":[1028,332],"capInsets":[0,0,0,0]}},{"__type__":"cc.SpriteFrame","content":{"name":"ani_jinlong_05","texture":"qzmjmj3e-fcde-4cf1-bca0-bfc7252a9295","rect":[4,41,1020,291],"offset":[0,-20.5],"originalSize":[1028,332],"capInsets":[0,0,0,0]}},{"__type__":"cc.SpriteFrame","content":{"name":"ani_jinlong_09","texture":"qzmjmj2a-280f-4a0f-8ed1-ba49c8ba6689","rect":[5,42,1019,290],"offset":[0.5,-21],"originalSize":[1028,332],"capInsets":[0,0,0,0]}},{"__type__":"cc.SpriteFrame","content":{"name":"ani_jinlong_03","texture":"qzmjmj9b-26d7-437e-944e-e5b5f6793210","rect":[14,112,1003,220],"offset":[1.5,-56],"originalSize":[1028,332],"capInsets":[0,0,0,0]}},{"__type__":"cc.AnimationClip","_name":"jinlongAction","_duration":0.9333333333333333,"curveData":{"comps":{"cc.Sprite":{"spriteFrame":[{"frame":0,"value":{"__uuid__":"qzmjmj01-0a23-47ad-b182-6a6db0cbe6c0"}},{"frame":0.08333333333333333,"value":{"__uuid__":"qzmjmj15-c536-43e5-b851-750ed53d369c"}},{"frame":0.16666666666666666,"value":{"__uuid__":"qzmjmj82-2f96-4257-a5a9-6c87ff5e940d"}},{"frame":0.25,"value":{"__uuid__":"qzmjmjd2-1e3d-4a4b-816e-170d4a3b4494"}},{"frame":0.36666666666666664,"value":{"__uuid__":"qzmjmj40-f35a-41d0-a49a-c2cb6c2e8c41"}},{"frame":0.5,"value":{"__uuid__":"qzmjmjb4-b34c-48f0-b6bb-d5ec9ba46298"}},{"frame":0.6333333333333333,"value":{"__uuid__":"qzmjmjbb-043c-4229-b1ee-1069b4be8a02"}},{"frame":0.7666666666666667,"value":{"__uuid__":"qzmjmj18-3043-40af-8042-0e5852af4355"}},{"frame":0.9166666666666666,"value":{"__uuid__":"qzmjmj43-9d9d-4629-9f4e-97e007529a40"}}]}}}},{"__type__":"cc.SpriteFrame","content":{"name":"ani_jinlong_06","texture":"qzmjmj7f-f1fe-410e-b4b4-f316c767a366","rect":[4,32,1021,300],"offset":[0.5,-16],"originalSize":[1028,332],"capInsets":[0,0,0,0]}},{"__type__":"cc.SpriteFrame","content":{"name":"ani_jinlong_07","texture":"qzmjmj32-3342-4701-9360-3f935c1be53b","rect":[5,15,1019,317],"offset":[0.5,-7.5],"originalSize":[1028,332],"capInsets":[0,0,0,0]}},{"__type__":"cc.SpriteFrame","content":{"name":"ani_jinlong_04","texture":"qzmjmj72-1928-4cf5-b1ac-6de35f7a0ea5","rect":[4,78,1020,254],"offset":[0,-39],"originalSize":[1028,332],"capInsets":[0,0,0,0]}}]