[{"__type__":"cc.SpriteFrame","content":{"name":"bg01_sy","texture":"qzmjmjcc-029b-4cc8-aadf-03e2a3c5b28e","rect":[0,0,1560,720],"offset":[0,0],"originalSize":[1560,720],"capInsets":[0,0,0,0]}},[{"__type__":"cc.Prefab","_name":"qzmj_UIWaitForm","data":{"__id__":1}},{"__type__":"cc.Node","_name":"xymj_UIWaitForm","_children":[{"__id__":2},{"__id__":3}],"_components":[{"__type__":"cc.Widget","node":{"__id__":1},"alignMode":0,"_alignFlags":45,"_originalWidth":750,"_originalHeight":1360},{"__type__":"cc.Button","node":{"__id__":1},"_N$normalColor":{"__type__":"cc.Color","r":214,"g":214,"b":214},"_N$target":{"__id__":1}},{"__type__":"qzmjmj03-578e-403b-8435-a56320302277","node":{"__id__":1},"JS_Name":"wzmj_BaseComponent"},{"__type__":"qzmjmje4-faa6-44af-9634-9c26002fa9cd","node":{"__id__":1}}],"_prefab":{"__type__":"cc.PrefabInfo","root":{"__id__":1},"asset":{"__uuid__":"qzmjmj63-48f8-47fa-9ec7-8877aa91b1af"},"fileId":"ecgKHJSYlBeY8ZJJCJ0Bx7"},"_contentSize":{"__type__":"cc.Size","width":1360,"height":760},"_trs":{"__type__":"TypedArray","ctor":"Float64Array","array":[680,380,0,0,0,0,1,1,1,1]}},{"__type__":"cc.Node","_name":"New Sprite","_parent":{"__id__":1},"_components":[{"__type__":"cc.Sprite","node":{"__id__":2},"_materials":[{"__uuid__":"ecpdLyjvZBwrvm+cedCcQy"}],"_spriteFrame":{"__uuid__":"qzmjmj07-cc50-4777-86f8-8bbc336f434b"},"_sizeMode":0}],"_prefab":{"__type__":"cc.PrefabInfo","root":{"__id__":1},"asset":{"__uuid__":"qzmjmj63-48f8-47fa-9ec7-8877aa91b1af"},"fileId":"f0KBewfNZDWLp/UB0Hoo1f"},"_contentSize":{"__type__":"cc.Size","width":1750,"height":800},"_trs":{"__type__":"TypedArray","ctor":"Float64Array","array":[0,0,0,0,0,0,1,1,1,1]}},{"__type__":"cc.Node","_name":"New Node","_parent":{"__id__":1},"_components":[{"__type__":"cc.Animation","node":{"__id__":3},"_defaultClip":{"__uuid__":"qzmjmj5a-5320-47a3-911a-9f0a3a644254"},"_clips":[{"__uuid__":"qzmjmj5a-5320-47a3-911a-9f0a3a644254"}],"playOnLoad":true},{"__type__":"cc.Sprite","node":{"__id__":3}}],"_prefab":{"__type__":"cc.PrefabInfo","root":{"__id__":1},"asset":{"__uuid__":"qzmjmj63-48f8-47fa-9ec7-8877aa91b1af"},"fileId":"7a3ya6n9dN/Y0Bu2SYknbr"},"_trs":{"__type__":"TypedArray","ctor":"Float64Array","array":[0,0,0,0,0,0,1,1,1,1]}}]]