[{"__type__":"cc.SpriteFrame","content":{"name":"ani_09","texture":"qzmjmja2-6cde-4e43-a61d-5218987874ec","rect":[52,28,311,159],"offset":[-0.5,-1],"originalSize":[416,213],"capInsets":[0,0,0,0]}},{"__type__":"cc.SpriteFrame","content":{"name":"touming","texture":"qzmjmj23-b67d-4d50-ae8c-fb5939e02a67","rect":[0,0,1,1],"offset":[0,0],"originalSize":[1,1],"capInsets":[0,0,0,0]}},{"__type__":"cc.SpriteFrame","content":{"name":"ani_07","texture":"qzmjmj0b-1302-4599-aec4-e0e3e12dc1e6","rect":[69,37,278,142],"offset":[0,-1.5],"originalSize":[416,213],"capInsets":[0,0,0,0]}},{"__type__":"cc.SpriteFrame","content":{"name":"ani_08","texture":"qzmjmj9b-da7c-410f-bb32-125895744f51","rect":[56,30,304,155],"offset":[0,-1],"originalSize":[416,213],"capInsets":[0,0,0,0]}},{"__type__":"cc.SpriteFrame","content":{"name":"ani_04","texture":"qzmjmj0c-1ae8-456a-b1c3-6029a8b62846","rect":[0,0,416,212],"offset":[0,0.5],"originalSize":[416,213],"capInsets":[0,0,0,0]}},{"__type__":"cc.SpriteFrame","content":{"name":"ani_12","texture":"qzmjmj51-1e2d-4def-b3fb-000b1a010a2e","rect":[54,29,308,157],"offset":[0,-1],"originalSize":[416,213],"capInsets":[0,0,0,0]}},{"__type__":"cc.SpriteFrame","content":{"name":"ani_01","texture":"qzmjmj3d-cbd7-4c2d-a7b0-c64ab52bf827","rect":[185,98,48,24],"offset":[1,-3.5],"originalSize":[416,213],"capInsets":[0,0,0,0]}},{"__type__":"cc.SpriteFrame","content":{"name":"ani_10","texture":"qzmjmjd0-2df6-4e11-99d7-eb0220f5b79b","rect":[58,31,299,153],"offset":[-0.5,-1],"originalSize":[416,213],"capInsets":[0,0,0,0]}},{"__type__":"cc.SpriteFrame","content":{"name":"ani_02","texture":"qzmjmj72-473a-415b-8ba8-f1a345052f51","rect":[123,65,171,87],"offset":[0.5,-2],"originalSize":[416,213],"capInsets":[0,0,0,0]}},{"__type__":"cc.AnimationClip","_name":"buhuaAction","_duration":1.1833333333333333,"curveData":{"comps":{"cc.Sprite":{"spriteFrame":[{"frame":0,"value":{"__uuid__":"qzmjmj78-5728-4e29-8955-2ce1a1587338"}},{"frame":0.08333333333333333,"value":{"__uuid__":"qzmjmj87-5752-4ed9-8c93-a1ef9e0b3a94"}},{"frame":0.16666666666666666,"value":{"__uuid__":"qzmjmjc8-0978-4acc-8991-e42ff2d9cad4"}},{"frame":0.25,"value":{"__uuid__":"qzmjmj3f-79e7-4d92-93b3-174552b70e19"}},{"frame":0.3333333333333333,"value":{"__uuid__":"qzmjmjca-3399-4739-82fe-ffe882764dcf"}},{"frame":0.4166666666666667,"value":{"__uuid__":"qzmjmje4-2b74-4610-9007-08d7bec92ed8"}},{"frame":0.5,"value":{"__uuid__":"qzmjmj35-f724-4d14-a50f-51792531fb96"}},{"frame":0.5833333333333334,"value":{"__uuid__":"qzmjmj3a-912b-415c-b995-2c44f77aa096"}},{"frame":0.6666666666666666,"value":{"__uuid__":"qzmjmj04-2ab4-4ba5-8ae8-d1c7ce6ad39e"}},{"frame":0.75,"value":{"__uuid__":"qzmjmj86-7126-4093-9e5e-390d6b3da37e"}},{"frame":0.8333333333333334,"value":{"__uuid__":"qzmjmjc8-4b52-4fc5-a47a-2d5b72a2e820"}},{"frame":0.9166666666666666,"value":{"__uuid__":"qzmjmj75-cd73-4f0e-a50f-6d9b2a54c780"}},{"frame":1,"value":{"__uuid__":"qzmjmjf8-d6b1-4bb3-bdc0-99e1503ef218"}},{"frame":1.0833333333333333,"value":{"__uuid__":"qzmjmjde-21a8-45ba-aee2-8477ee5304d0"}},{"frame":1.1666666666666667,"value":{"__uuid__":"qzmjmj2f-5b0b-4454-acf8-cfc019fa46b4"}}]}}}},{"__type__":"cc.SpriteFrame","content":{"name":"ani_03","texture":"qzmjmj42-f8a9-473f-8475-fc4326e3f735","rect":[23,13,369,188],"offset":[-0.5,-0.5],"originalSize":[416,213],"capInsets":[0,0,0,0]}},{"__type__":"cc.SpriteFrame","content":{"name":"ani_11","texture":"qzmjmj47-ad73-415a-b8ad-57677a0e3480","rect":[54,29,308,157],"offset":[0,-1],"originalSize":[416,213],"capInsets":[0,0,0,0]}},{"__type__":"cc.SpriteFrame","content":{"name":"ani_05","texture":"qzmjmja0-e5ac-48cb-81be-98507b05f22b","rect":[16,9,384,195],"offset":[0,0],"originalSize":[416,213],"capInsets":[0,0,0,0]}},{"__type__":"cc.SpriteFrame","content":{"name":"ani_14","texture":"qzmjmje7-ebcd-45b7-9840-5bbd4b6c632e","rect":[54,29,308,157],"offset":[0,-1],"originalSize":[416,213],"capInsets":[0,0,0,0]}},{"__type__":"cc.SpriteFrame","content":{"name":"ani_06","texture":"qzmjmj49-bd9b-4549-8e60-6bf465906e64","rect":[74,40,268,136],"offset":[0,-1.5],"originalSize":[416,213],"capInsets":[0,0,0,0]}},{"__type__":"cc.SpriteFrame","content":{"name":"ani_13","texture":"qzmjmj17-994b-4e1e-9df6-a3bbaef87526","rect":[54,29,308,157],"offset":[0,-1],"originalSize":[416,213],"capInsets":[0,0,0,0]}}]