[{"__type__":"cc.SpriteFrame","content":{"name":"ani_yizhanghua_07","texture":"qzmjmj37-7c79-420d-b720-9c49525c8660","rect":[45,17,357,126],"offset":[-1.5,-1],"originalSize":[450,158],"capInsets":[0,0,0,0]}},{"__type__":"cc.SpriteFrame","content":{"name":"ani_yizhanghua_03","texture":"qzmjmj7c-1ce5-4d36-87c7-65a8b6d1e5b9","rect":[25,10,398,140],"offset":[-1,-1],"originalSize":[450,158],"capInsets":[0,0,0,0]}},{"__type__":"cc.SpriteFrame","content":{"name":"ani_yizhanghua_05","texture":"qzmjmja6-dda9-48ab-80c6-fe90c0ebb315","rect":[50,19,346,122],"offset":[-2,-1],"originalSize":[450,158],"capInsets":[0,0,0,0]}},{"__type__":"cc.SpriteFrame","content":{"name":"ani_yizhanghua_04","texture":"qzmjmjb2-e7f2-4d11-bc66-649f42ea0d68","rect":[37,14,373,131],"offset":[-1.5,-0.5],"originalSize":[450,158],"capInsets":[0,0,0,0]}},{"__type__":"cc.AnimationClip","_name":"yizhanghuaAction","_duration":0.93,"curveData":{"comps":{"cc.Sprite":{"spriteFrame":[{"frame":0,"value":{"__uuid__":"qzmjmjd6-5975-4f5a-8b67-7d5e182b4d77"}},{"frame":0.13333333333333333,"value":{"__uuid__":"qzmjmjdf-b900-432d-bbce-f1ef1cd6f408"}},{"frame":0.25,"value":{"__uuid__":"qzmjmj2c-3802-42b5-a0d7-c39a8f0b0d84"}},{"frame":0.35,"value":{"__uuid__":"qzmjmj59-072d-4932-ab33-fd0f4e9cb525"}},{"frame":0.45,"value":{"__uuid__":"qzmjmj56-75f2-4cb7-b605-52f9e7ec13c3"}},{"frame":0.55,"value":{"__uuid__":"qzmjmjc4-9f90-4fbc-945e-8f2a5dc38133"}},{"frame":0.6666666666666666,"value":{"__uuid__":"qzmjmj24-4fe8-473d-8807-d86390e46668"}},{"frame":0.8,"value":{"__uuid__":"qzmjmjac-8dfb-440e-8ab5-2c9f23335586"}},{"frame":0.9166666666666666,"value":{"__uuid__":"qzmjmjb9-2c45-4298-b229-d7f37702cdda"}}]}}}},{"__type__":"cc.SpriteFrame","content":{"name":"ani_yizhanghua_08","texture":"qzmjmjfd-82cb-4c95-b7ee-73a129be1ad2","rect":[27,11,394,138],"offset":[-1,-1],"originalSize":[450,158],"capInsets":[0,0,0,0]}},{"__type__":"cc.SpriteFrame","content":{"name":"ani_yizhanghua_09","texture":"qzmjmjb9-c2d9-4e80-a47f-cc1a7660f52e","rect":[63,24,320,112],"offset":[-2,-1],"originalSize":[450,158],"capInsets":[0,0,0,0]}},{"__type__":"cc.SpriteFrame","content":{"name":"ani_yizhanghua_06","texture":"qzmjmj97-5231-46d8-a46b-b52031119c9d","rect":[63,24,320,112],"offset":[-2,-1],"originalSize":[450,158],"capInsets":[0,0,0,0]}},{"__type__":"cc.SpriteFrame","content":{"name":"ani_yizhanghua_01","texture":"qzmjmj78-1249-4363-b7f1-ec23d6330c0d","rect":[0,0,450,158],"offset":[0,0],"originalSize":[450,158],"capInsets":[0,0,0,0]}},{"__type__":"cc.SpriteFrame","content":{"name":"ani_yizhanghua_02","texture":"qzmjmjbd-d690-4e31-b21e-9e973cc8a1b3","rect":[12,5,424,149],"offset":[-1,-0.5],"originalSize":[450,158],"capInsets":[0,0,0,0]}}]