[{"__type__":"cc.SpriteFrame","content":{"name":"ani_07","texture":"qzmjmj28-786f-4b7e-9fc3-7a6791d27552","rect":[173,91,526,264],"offset":[-4.5,1],"originalSize":[881,448],"capInsets":[0,0,0,0]}},{"__type__":"cc.SpriteFrame","content":{"name":"ani_04","texture":"qzmjmje2-c01e-4e33-9fdd-0a127e3bd55c","rect":[181,95,510,256],"offset":[-4.5,1],"originalSize":[881,448],"capInsets":[0,0,0,0]}},{"__type__":"cc.SpriteFrame","content":{"name":"ani_10","texture":"qzmjmjb3-f6af-40e2-886d-792c5773d151","rect":[288,137,314,173],"offset":[4.5,0.5],"originalSize":[881,448],"capInsets":[0,0,0,0]}},{"__type__":"cc.SpriteFrame","content":{"name":"ani_05","texture":"qzmjmjd5-ca6e-4532-a547-305eddbc506b","rect":[201,105,470,236],"offset":[-4.5,1],"originalSize":[881,448],"capInsets":[0,0,0,0]}},{"__type__":"cc.SpriteFrame","content":{"name":"ani_03","texture":"qzmjmjf5-5aa8-40f8-a65f-228dd323b2eb","rect":[66,37,739,371],"offset":[-5,1.5],"originalSize":[881,448],"capInsets":[0,0,0,0]}},{"__type__":"cc.SpriteFrame","content":{"name":"ani_08","texture":"qzmjmj32-e4e1-48ca-ae35-65257f37bc2d","rect":[143,77,585,292],"offset":[-5,1],"originalSize":[881,448],"capInsets":[0,0,0,0]}},{"__type__":"cc.SpriteFrame","content":{"name":"ani_02","texture":"qzmjmj24-d68f-4381-8e41-019682d7c82b","rect":[0,5,870,436],"offset":[-5.5,1],"originalSize":[881,448],"capInsets":[0,0,0,0]}},{"__type__":"cc.SpriteFrame","content":{"name":"ani_01","texture":"qzmjmj42-baac-48da-8d40-2666c7d171f2","rect":[33,19,805,405],"offset":[-5,2.5],"originalSize":[881,448],"capInsets":[0,0,0,0]}},{"__type__":"cc.SpriteFrame","content":{"name":"ani_06","texture":"qzmjmjb1-4098-4fbd-8eca-65e8eb7817dd","rect":[188,98,496,248],"offset":[-4.5,2],"originalSize":[881,448],"capInsets":[0,0,0,0]}},{"__type__":"cc.SpriteFrame","content":{"name":"ani_09","texture":"qzmjmjfc-c3be-4295-a043-94b2c1491303","rect":[130,69,609,306],"offset":[-6,2],"originalSize":[881,448],"capInsets":[0,0,0,0]}},{"__type__":"cc.AnimationClip","_name":"genzhangAction","_duration":0.7666666666666667,"curveData":{"comps":{"cc.Sprite":{"spriteFrame":[{"frame":0,"value":{"__uuid__":"qzmjmja9-c1e4-4d51-8f1a-9c153c801460"}},{"frame":0.08333333333333333,"value":{"__uuid__":"qzmjmj9d-6d64-414b-9d84-d55b6b922d30"}},{"frame":0.16666666666666666,"value":{"__uuid__":"qzmjmj59-f068-42f6-99a8-347c942018ea"}},{"frame":0.25,"value":{"__uuid__":"qzmjmj1c-87fe-4324-a939-b7fdcc5a628b"}},{"frame":0.3333333333333333,"value":{"__uuid__":"qzmjmj4e-3aff-4b05-bae3-dfbed236fdfd"}},{"frame":0.4166666666666667,"value":{"__uuid__":"qzmjmjc1-ad9a-4add-8814-016f8295c208"}},{"frame":0.5,"value":{"__uuid__":"qzmjmj00-f4df-4c6f-99da-5b86cf12907c"}},{"frame":0.5833333333333334,"value":{"__uuid__":"qzmjmj69-81a0-4982-a337-9e6e9f050cfd"}},{"frame":0.6666666666666666,"value":{"__uuid__":"qzmjmje8-1be7-43bc-a9d8-7b6ee6743aec"}},{"frame":0.75,"value":{"__uuid__":"qzmjmj3a-f5ae-465b-a923-4fa104d5d586"}}]}}}}]