[{"__type__":"cc.SpriteFrame","content":{"name":"sanjindao_ani1","texture":"11f401590","rect":[2,2,296,173],"offset":[0,-1.5],"originalSize":[300,206],"rotated":1,"capInsets":[0,0,0,0]}},{"__type__":"cc.AnimationClip","_name":"sanjindaoAction","_duration":1.18,"curveData":{"comps":{"cc.Sprite":{"spriteFrame":[{"frame":0,"value":{"__uuid__":"qzmjmj0d-22f7-4645-9756-1b0b7c7cc322"}},{"frame":0.16666666666666666,"value":{"__uuid__":"qzmjmj63-812b-485c-b4f2-e8f42f549240"}},{"frame":0.3333333333333333,"value":{"__uuid__":"qzmjmja9-54c4-4595-96dc-a7afad0588e4"}},{"frame":0.5,"value":{"__uuid__":"qzmjmjda-9f4f-4bdc-94ca-2d1fe023e17d"}},{"frame":0.6666666666666666,"value":{"__uuid__":"qzmjmj61-a7ce-4559-93fd-5ff3576237a7"}},{"frame":0.8333333333333334,"value":{"__uuid__":"qzmjmjd3-d0d7-409f-a155-05a80142613d"}},{"frame":1,"value":{"__uuid__":"qzmjmj86-24e1-42d3-a006-b7f0eee47f13"}},{"frame":1.1666666666666667,"value":{"__uuid__":"qzmjmja8-6d51-4b4a-bb74-83e733992b3e"}}]}}}},{"__type__":"cc.SpriteFrame","content":{"name":"sanjindao_ani5","texture":"11f401590","rect":[272,470,266,173],"offset":[1,-0.5],"originalSize":[300,206],"rotated":1,"capInsets":[0,0,0,0]}},{"__type__":"cc.SpriteFrame","content":{"name":"sanjindao_ani2","texture":"11f401590","rect":[2,302,282,202],"offset":[1,-1],"originalSize":[300,206],"rotated":1,"capInsets":[0,0,0,0]}},{"__type__":"cc.SpriteFrame","content":{"name":"sanjindao_ani7","texture":"11f401590","rect":[179,2,266,194],"offset":[1,-1],"originalSize":[300,206],"capInsets":[0,0,0,0]}},{"__type__":"cc.SpriteFrame","content":{"name":"sanjindao_ani8","texture":"11f401590","rect":[2,786,266,189],"offset":[1,-0.5],"originalSize":[300,206],"capInsets":[0,0,0,0]}},{"__type__":"cc.SpriteFrame","content":{"name":"sanjindao_ani3","texture":"11f401590","rect":[2,588,266,194],"offset":[1,-1],"originalSize":[300,206],"capInsets":[0,0,0,0]}},{"__type__":"cc.SpriteFrame","content":{"name":"sanjindao_ani6","texture":"11f401590","rect":[208,200,266,194],"offset":[1,-1],"originalSize":[300,206],"rotated":1,"capInsets":[0,0,0,0]}},{"__type__":"cc.SpriteFrame","content":{"name":"sanjindao_ani4","texture":"11f401590","rect":[272,740,266,173],"offset":[1,-0.5],"originalSize":[300,206],"rotated":1,"capInsets":[0,0,0,0]}}]