[{"__type__":"cc.Prefab","_name":"98","data":{"__id__":1}},{"__type__":"cc.Node","_name":"92","_components":[{"__type__":"sp.Skeleton","node":{"__id__":1},"_materials":[{"__uuid__":"7a/QZLET9IDreTiBfRn2PD"}],"defaultAnimation":"animation","_preCacheMode":0,"loop":false,"premultipliedAlpha":false,"_animationName":"animation","_playTimes":1,"_N$skeletonData":{"__uuid__":"fdCgBmhK1HgqRfpPaMdyvn"}}],"_prefab":{"__type__":"cc.PrefabInfo","root":{"__id__":1},"asset":{"__uuid__":"adCbhgEG5IhrbDR1a3P83a"},"fileId":"f1rkaiT0VIAIKWhN/nfHn7"},"_trs":{"__type__":"TypedArray","ctor":"Float64Array","array":[0,0,0,0,0,0,1,1,1,1]}}]