[[{"__type__":"cc.Prefab","_name":"qzmj_UINoticeBar","data":{"__id__":1}},{"__type__":"cc.Node","_name":"xymj_UINoticeBar","_children":[{"__id__":2},{"__id__":3}],"_components":[{"__type__":"qzmjmj35-d08d-45e1-b8fa-6370b0b5adb6","node":{"__id__":1},"JS_Name":"pxzzmj_BaseComponent"},{"__type__":"cc.Sprite","node":{"__id__":1},"_spriteFrame":{"__uuid__":"qzmjmja4-d923-4f44-8d8a-d93878e2f0b6"}}],"_prefab":{"__type__":"cc.PrefabInfo","root":{"__id__":1},"asset":{"__uuid__":"qzmjmj59-8581-4f34-ab4b-0d980a4902a5"},"fileId":"c1scOV3Y9D0Le5tAZg11tt"},"_contentSize":{"__type__":"cc.Size","width":784,"height":49},"_trs":{"__type__":"TypedArray","ctor":"Float64Array","array":[0,260.8,0,0,0,0,1,1,1,1]}},{"__type__":"cc.Node","_name":"img_laba","_parent":{"__id__":1},"_components":[{"__type__":"cc.Sprite","node":{"__id__":2},"_spriteFrame":{"__uuid__":"qzmjmjba-1a93-4b1d-bf52-d0b9db3fa820"}}],"_prefab":{"__type__":"cc.PrefabInfo","root":{"__id__":1},"asset":{"__uuid__":"qzmjmj59-8581-4f34-ab4b-0d980a4902a5"},"fileId":"19ZvPOMC1OuaDI7up3wMab"},"_contentSize":{"__type__":"cc.Size","width":28,"height":30},"_trs":{"__type__":"TypedArray","ctor":"Float64Array","array":[-326,0,0,0,0,0,1,1,1,1]}},{"__type__":"cc.Node","_name":"bg","_parent":{"__id__":1},"_children":[{"__id__":4}],"_components":[{"__type__":"cc.Mask","node":{"__id__":3},"_N$alphaThreshold":1}],"_prefab":{"__type__":"cc.PrefabInfo","root":{"__id__":1},"asset":{"__uuid__":"qzmjmj59-8581-4f34-ab4b-0d980a4902a5"},"fileId":"7bzMFiMbhE+7roqtAV2YF2"},"_contentSize":{"__type__":"cc.Size","width":650,"height":29},"_anchorPoint":{"__type__":"cc.Vec2","y":0.5},"_trs":{"__type__":"TypedArray","ctor":"Float64Array","array":[-303,0,0,0,0,0,1,1,1,1]}},{"__type__":"cc.Node","_name":"msg","_parent":{"__id__":3},"_components":[{"__type__":"cc.Label","node":{"__id__":4},"_useOriginalSize":false,"_fontSize":24,"_lineHeight":30,"_N$file":{"__uuid__":"qzmjmj1e-650d-4484-9e24-10ffc791e225"},"_isSystemFontUsed":false,"_N$verticalAlign":1}],"_prefab":{"__type__":"cc.PrefabInfo","root":{"__id__":1},"asset":{"__uuid__":"qzmjmj59-8581-4f34-ab4b-0d980a4902a5"},"fileId":"ed3zUbL/BOrIdOEU8NFntq"},"_contentSize":{"__type__":"cc.Size","height":30},"_anchorPoint":{"__type__":"cc.Vec2","y":1},"_trs":{"__type__":"TypedArray","ctor":"Float64Array","array":[72,12,0,0,0,0,1,1,1,1]}}],{"__type__":"cc.SpriteFrame","content":{"name":"img_notice_down","texture":"qzmjmj5e-4914-48c5-9f98-8bc701a01b74","rect":[0,0,784,49],"offset":[0,0],"originalSize":[784,49],"capInsets":[0,0,0,0]}},{"__type__":"cc.SpriteFrame","content":{"name":"img_laba","texture":"qzmjmj74-86aa-4e0a-a91a-eb13ca16c47f","rect":[0,0,28,30],"offset":[0,0],"originalSize":[28,30],"capInsets":[0,0,0,0]}}]