[{"__type__":"cc.AnimationClip","_name":"daduipengAction","_duration":0.55,"curveData":{"comps":{"cc.Sprite":{"spriteFrame":[{"frame":0,"value":{"__uuid__":"qzmjmj5b-08f6-42b1-8f68-efc496ecb83c"}},{"frame":0.06666666666666667,"value":{"__uuid__":"qzmjmjff-078f-4eb1-b203-9be0ffbb868f"}},{"frame":0.13333333333333333,"value":{"__uuid__":"qzmjmj38-a85a-4b84-af38-304ab53cddac"}},{"frame":0.2,"value":{"__uuid__":"qzmjmj5d-8f21-450c-a1ba-b2c6901a3de9"}},{"frame":0.26666666666666666,"value":{"__uuid__":"qzmjmj47-f63c-48c5-b6e9-1c6e457088ad"}},{"frame":0.3333333333333333,"value":{"__uuid__":"qzmjmj58-d7c9-4d0b-8d5d-65343239bbec"}},{"frame":0.4,"value":{"__uuid__":"qzmjmj49-5ab0-46f7-af63-f231ad55e557"}},{"frame":0.4666666666666667,"value":{"__uuid__":"qzmjmjf1-9ffa-4374-b12d-eadf2df945d4"}},{"frame":0.5333333333333333,"value":{"__uuid__":"qzmjmj46-97fc-45ba-90c1-97850a80212d"}}]}}}},{"__type__":"cc.SpriteFrame","content":{"name":"ani_ddp_03","texture":"qzmjmj9e-5284-4a9d-a837-bcf9e2bc1166","rect":[11,109,1007,223],"offset":[0.5,-54.5],"originalSize":[1028,332],"capInsets":[0,0,0,0]}},{"__type__":"cc.SpriteFrame","content":{"name":"ani_ddp_09","texture":"qzmjmj08-9ae8-4dc3-a88e-77bb9feb4ee4","rect":[0,41,1028,291],"offset":[0,-20.5],"originalSize":[1028,332],"capInsets":[0,0,0,0]}},{"__type__":"cc.SpriteFrame","content":{"name":"ani_ddp_05","texture":"qzmjmj26-defc-4905-a9df-5759dc86a5a9","rect":[12,41,1005,291],"offset":[0.5,-20.5],"originalSize":[1028,332],"capInsets":[0,0,0,0]}},{"__type__":"cc.SpriteFrame","content":{"name":"ani_ddp_07","texture":"qzmjmj3f-c56a-4ab7-8bd9-98e2c213c764","rect":[4,8,1021,324],"offset":[0.5,-4],"originalSize":[1028,332],"capInsets":[0,0,0,0]}},{"__type__":"cc.SpriteFrame","content":{"name":"ani_ddp_06","texture":"qzmjmjc3-2e53-4014-9ea8-2ad46368eae2","rect":[4,32,1021,300],"offset":[0.5,-16],"originalSize":[1028,332],"capInsets":[0,0,0,0]}},{"__type__":"cc.SpriteFrame","content":{"name":"ani_ddp_01","texture":"qzmjmjfc-1b8a-4da2-bf56-567207dc8311","rect":[266,147,497,147],"offset":[0.5,-54.5],"originalSize":[1028,332],"capInsets":[0,0,0,0]}},{"__type__":"cc.SpriteFrame","content":{"name":"ani_ddp_04","texture":"qzmjmj42-b90b-45ce-af42-c9ab0499d772","rect":[4,78,1020,254],"offset":[0,-39],"originalSize":[1028,332],"capInsets":[0,0,0,0]}},{"__type__":"cc.SpriteFrame","content":{"name":"ani_ddp_08","texture":"qzmjmjcd-6176-4705-b3d2-9d2cbe8d8002","rect":[4,0,1021,332],"offset":[0.5,0],"originalSize":[1028,332],"capInsets":[0,0,0,0]}},{"__type__":"cc.SpriteFrame","content":{"name":"ani_ddp_02","texture":"qzmjmj9e-0573-436e-a9dd-76b6cea2cfe0","rect":[134,124,761,196],"offset":[0.5,-56],"originalSize":[1028,332],"capInsets":[0,0,0,0]}}]