[{"__type__":"cc.SpriteFrame","content":{"name":"icon_jt","texture":"qzmjmj8e-0829-444d-8630-ea2a3c8344df","rect":[1,0,49,51],"offset":[0.5,0],"originalSize":[50,51],"capInsets":[0,0,0,0]}},[{"__type__":"cc.Prefab","_name":"UIQZMJ2DCard03","data":{"__id__":1}},{"__type__":"cc.Node","_name":"UIQZMJ2DCard03","_children":[{"__id__":2},{"__id__":6}],"_components":[{"__type__":"cc.Layout","node":{"__id__":1},"_layoutSize":{"__type__":"cc.Size","width":311,"height":200},"_resize":1,"_N$layoutType":1,"_N$spacingX":10},{"__type__":"qzmjmj47-7990-488e-ba6f-cbfe935dd88c","node":{"__id__":1},"JS_Name":"xymj_BaseComponent","sp_in":{"__id__":3},"card":{"__id__":2},"downcard":{"__id__":6},"BackCardSpriteFrame":{"__uuid__":"qzmjmj8e-5ba7-4011-9ce5-945d0862b857"}}],"_prefab":{"__type__":"cc.PrefabInfo","root":{"__id__":1},"asset":{"__uuid__":"qzmjmj6b-600a-486b-9d18-fd036146c714"},"fileId":"6248dNlPA1N4KI676S4Yjeo"},"_contentSize":{"__type__":"cc.Size","width":311,"height":200},"_trs":{"__type__":"TypedArray","ctor":"Float64Array","array":[-20,-30,0,0,0,0,1,1,1,1]}},{"__type__":"cc.Node","_name":"card","_parent":{"__id__":1},"_children":[{"__id__":3},{"__id__":5}],"_components":[{"__type__":"cc.Layout","node":{"__id__":2},"_layoutSize":{"__type__":"cc.Size","width":75,"height":51.5},"_resize":1,"_N$layoutType":1,"_N$spacingX":-3,"_N$spacingY":5.5}],"_prefab":{"__type__":"cc.PrefabInfo","root":{"__id__":1},"asset":{"__uuid__":"qzmjmj6b-600a-486b-9d18-fd036146c714"},"fileId":"3f0d9CCGNRCvI/2S3ixhZcN"},"_contentSize":{"__type__":"cc.Size","width":75,"height":51.5},"_trs":{"__type__":"TypedArray","ctor":"Float64Array","array":[-118,0,0,0,0,0,1,1,1,1]}},{"__type__":"cc.Node","_name":"sp_in","_parent":{"__id__":2},"_children":[{"__id__":4}],"_components":[{"__type__":"cc.Sprite","node":{"__id__":3},"_sizeMode":0}],"_prefab":{"__type__":"cc.PrefabInfo","root":{"__id__":1},"asset":{"__uuid__":"qzmjmj6b-600a-486b-9d18-fd036146c714"},"fileId":"88da9/N4Z9EOoQDVSjF6TeT"},"_contentSize":{"__type__":"cc.Size","width":45,"height":73},"_trs":{"__type__":"TypedArray","ctor":"Float64Array","array":[-15,2,0,0,0,0,1,1,1,1]}},{"__type__":"cc.Node","_name":"da","_parent":{"__id__":3},"_active":false,"_components":[{"__type__":"cc.Sprite","node":{"__id__":4}}],"_prefab":{"__type__":"cc.PrefabInfo","root":{"__id__":1},"asset":{"__uuid__":"qzmjmj6b-600a-486b-9d18-fd036146c714"},"fileId":"37bccc9/ARJmJFyZY5nvg4H"},"_contentSize":{"__type__":"cc.Size","width":35,"height":40},"_trs":{"__type__":"TypedArray","ctor":"Float64Array","array":[8.8,22.1,0,0,0,0,1,0.7,0.7,1]}},{"__type__":"cc.Node","_name":"empty","_parent":{"__id__":2},"_components":[{"__type__":"cc.Sprite","node":{"__id__":5}}],"_prefab":{"__type__":"cc.PrefabInfo","root":{"__id__":1},"asset":{"__uuid__":"qzmjmj6b-600a-486b-9d18-fd036146c714"},"fileId":"d0ed6vStf1JbIV9VEc2lEyp"},"_contentSize":{"__type__":"cc.Size","width":33,"height":49},"_trs":{"__type__":"TypedArray","ctor":"Float64Array","array":[21,0,0,0,0,0,1,1,1,1]}},{"__type__":"cc.Node","_name":"downcard","_parent":{"__id__":1},"_children":[{"__id__":7}],"_components":[{"__type__":"cc.Layout","node":{"__id__":6},"_layoutSize":{"__type__":"cc.Size","width":226,"height":90},"_resize":1,"_N$layoutType":1,"_N$spacingX":-80,"_N$horizontalDirection":1},{"__type__":"qzmjmj4b-140d-4a29-af82-be69e76160e8","node":{"__id__":6},"JS_Name":"xymj_BaseComponent"}],"_prefab":{"__type__":"cc.PrefabInfo","root":{"__id__":1},"asset":{"__uuid__":"qzmjmj6b-600a-486b-9d18-fd036146c714"},"fileId":"6cf47mBgz9F3I0sM3RQmgyS"},"_contentSize":{"__type__":"cc.Size","width":226,"height":90},"_anchorPoint":{"__type__":"cc.Vec2","x":1,"y":0.5},"_trs":{"__type__":"TypedArray","ctor":"Float64Array","array":[155.5,-5.684341886080802e-14,0,0,0,0,1,1,1,1]}},{"__type__":"cc.Node","_name":"down01","_parent":{"__id__":6},"_children":[{"__id__":8},{"__id__":11},{"__id__":14},{"__id__":17}],"_prefab":{"__type__":"cc.PrefabInfo","root":{"__id__":1},"asset":{"__uuid__":"qzmjmj6b-600a-486b-9d18-fd036146c714"},"fileId":"c1c69spZXdCOr/LlhYtpw3+"},"_contentSize":{"__type__":"cc.Size","width":226,"height":118},"_trs":{"__type__":"TypedArray","ctor":"Float64Array","array":[-113,0,0,0,0,0,1,0.62,0.62,1]}},{"__type__":"cc.Node","_name":"card03","_parent":{"__id__":7},"_children":[{"__id__":9},{"__id__":10}],"_components":[{"__type__":"cc.Sprite","node":{"__id__":8},"_spriteFrame":{"__uuid__":"qzmjmjc1-a6e0-4681-801d-1e7b819a7322"}}],"_prefab":{"__type__":"cc.PrefabInfo","root":{"__id__":1},"asset":{"__uuid__":"qzmjmj6b-600a-486b-9d18-fd036146c714"},"fileId":"66d44o+X7tAe6y6hTRlYo/2"},"_contentSize":{"__type__":"cc.Size","width":73,"height":104},"_trs":{"__type__":"TypedArray","ctor":"Float64Array","array":[-68,0,0,0,0,0,1,1,1,1]}},{"__type__":"cc.Node","_name":"zhi","_parent":{"__id__":8},"_active":false,"_components":[{"__type__":"cc.Sprite","node":{"__id__":9},"_spriteFrame":{"__uuid__":"qzmjmj42-7085-406c-8f01-d33a4cff08b8"}}],"_prefab":{"__type__":"cc.PrefabInfo","root":{"__id__":1},"asset":{"__uuid__":"qzmjmj6b-600a-486b-9d18-fd036146c714"},"fileId":"ea705mr4hdGu57p9eBxfaCb"},"_contentSize":{"__type__":"cc.Size","width":41,"height":32},"_trs":{"__type__":"TypedArray","ctor":"Float64Array","array":[0.1,-31.9,0,0,0,0,1,1.2,1.2,1]}},{"__type__":"cc.Node","_name":"da","_parent":{"__id__":8},"_active":false,"_components":[{"__type__":"cc.Sprite","node":{"__id__":10},"_sizeMode":0}],"_prefab":{"__type__":"cc.PrefabInfo","root":{"__id__":1},"asset":{"__uuid__":"qzmjmj6b-600a-486b-9d18-fd036146c714"},"fileId":"47a94w4K5ZHjq497dqVIhhD"},"_contentSize":{"__type__":"cc.Size","width":53,"height":59},"_trs":{"__type__":"TypedArray","ctor":"Float64Array","array":[12.600000000000001,32.3,0,0,0,0,1,0.9,0.9,1]}},{"__type__":"cc.Node","_name":"card02","_parent":{"__id__":7},"_children":[{"__id__":12},{"__id__":13}],"_components":[{"__type__":"cc.Sprite","node":{"__id__":11},"_spriteFrame":{"__uuid__":"qzmjmjf4-d05f-4ee4-b1af-748fe6c2de67"}}],"_prefab":{"__type__":"cc.PrefabInfo","root":{"__id__":1},"asset":{"__uuid__":"qzmjmj6b-600a-486b-9d18-fd036146c714"},"fileId":"66e8d5Uau9MD4y178MgQsvs"},"_contentSize":{"__type__":"cc.Size","width":73,"height":104},"_trs":{"__type__":"TypedArray","ctor":"Float64Array","array":[3,0,0,0,0,0,1,1,1,1]}},{"__type__":"cc.Node","_name":"zhi","_parent":{"__id__":11},"_active":false,"_components":[{"__type__":"cc.Sprite","node":{"__id__":12},"_spriteFrame":{"__uuid__":"qzmjmj42-7085-406c-8f01-d33a4cff08b8"}}],"_prefab":{"__type__":"cc.PrefabInfo","root":{"__id__":1},"asset":{"__uuid__":"qzmjmj6b-600a-486b-9d18-fd036146c714"},"fileId":"e357552h3pM36rtZPXeGZcl"},"_contentSize":{"__type__":"cc.Size","width":34,"height":25},"_trs":{"__type__":"TypedArray","ctor":"Float64Array","array":[0.1,-32.9,0,0,0,0,1,1.2,1.2,1]}},{"__type__":"cc.Node","_name":"da","_parent":{"__id__":11},"_active":false,"_components":[{"__type__":"cc.Sprite","node":{"__id__":13},"_sizeMode":0}],"_prefab":{"__type__":"cc.PrefabInfo","root":{"__id__":1},"asset":{"__uuid__":"qzmjmj6b-600a-486b-9d18-fd036146c714"},"fileId":"e9990gV/m5Hr72xeaH3d8Fg"},"_contentSize":{"__type__":"cc.Size","width":53,"height":59},"_trs":{"__type__":"TypedArray","ctor":"Float64Array","array":[12.399999999999999,32.9,0,0,0,0,1,0.9,0.9,1]}},{"__type__":"cc.Node","_name":"card01","_parent":{"__id__":7},"_children":[{"__id__":15},{"__id__":16}],"_components":[{"__type__":"cc.Sprite","node":{"__id__":14},"_spriteFrame":{"__uuid__":"qzmjmjc4-2e8e-47ac-836d-2340eeb716b9"}}],"_prefab":{"__type__":"cc.PrefabInfo","root":{"__id__":1},"asset":{"__uuid__":"qzmjmj6b-600a-486b-9d18-fd036146c714"},"fileId":"9553fj3hnxBZopBCfit20aD"},"_contentSize":{"__type__":"cc.Size","width":73,"height":104},"_trs":{"__type__":"TypedArray","ctor":"Float64Array","array":[74,0,0,0,0,0,1,1,1,1]}},{"__type__":"cc.Node","_name":"zhi","_parent":{"__id__":14},"_active":false,"_components":[{"__type__":"cc.Sprite","node":{"__id__":15},"_spriteFrame":{"__uuid__":"qzmjmj42-7085-406c-8f01-d33a4cff08b8"}}],"_prefab":{"__type__":"cc.PrefabInfo","root":{"__id__":1},"asset":{"__uuid__":"qzmjmj6b-600a-486b-9d18-fd036146c714"},"fileId":"d4651PusI5Gj796nvJh0B9C"},"_contentSize":{"__type__":"cc.Size","width":34,"height":25},"_trs":{"__type__":"TypedArray","ctor":"Float64Array","array":[0.1,-31.9,0,0,0,0,1,1.2,1.2,1]}},{"__type__":"cc.Node","_name":"da","_parent":{"__id__":14},"_active":false,"_components":[{"__type__":"cc.Sprite","node":{"__id__":16},"_sizeMode":0}],"_prefab":{"__type__":"cc.PrefabInfo","root":{"__id__":1},"asset":{"__uuid__":"qzmjmj6b-600a-486b-9d18-fd036146c714"},"fileId":"58c34Iz/WZC2bA6VvyI2Ma0"},"_contentSize":{"__type__":"cc.Size","width":53,"height":59},"_trs":{"__type__":"TypedArray","ctor":"Float64Array","array":[12.899999999999999,33.4,0,0,0,0,1,0.9,0.9,1]}},{"__type__":"cc.Node","_name":"card04","_parent":{"__id__":7},"_children":[{"__id__":18},{"__id__":19}],"_components":[{"__type__":"cc.Sprite","node":{"__id__":17},"_spriteFrame":{"__uuid__":"qzmjmj6f-dcb7-4054-b93b-4a68a7e179f9"}}],"_prefab":{"__type__":"cc.PrefabInfo","root":{"__id__":1},"asset":{"__uuid__":"qzmjmj6b-600a-486b-9d18-fd036146c714"},"fileId":"41f2do0UidIGpniQXlZQOCE"},"_contentSize":{"__type__":"cc.Size","width":73,"height":104},"_trs":{"__type__":"TypedArray","ctor":"Float64Array","array":[3.2,17.1,0,0,0,0,1,1,1,1]}},{"__type__":"cc.Node","_name":"zhi","_parent":{"__id__":17},"_active":false,"_components":[{"__type__":"cc.Sprite","node":{"__id__":18},"_spriteFrame":{"__uuid__":"qzmjmj42-7085-406c-8f01-d33a4cff08b8"}}],"_prefab":{"__type__":"cc.PrefabInfo","root":{"__id__":1},"asset":{"__uuid__":"qzmjmj6b-600a-486b-9d18-fd036146c714"},"fileId":"f9213DG8aRIB6Yv3U0Bv8C6"},"_contentSize":{"__type__":"cc.Size","width":34,"height":25},"_trs":{"__type__":"TypedArray","ctor":"Float64Array","array":[0.1,-31.9,0,0,0,0,1,1.2,1.2,1]}},{"__type__":"cc.Node","_name":"da","_parent":{"__id__":17},"_active":false,"_components":[{"__type__":"cc.Sprite","node":{"__id__":19},"_sizeMode":0}],"_prefab":{"__type__":"cc.PrefabInfo","root":{"__id__":1},"asset":{"__uuid__":"qzmjmj6b-600a-486b-9d18-fd036146c714"},"fileId":"8d8eehyvC9GZ6/HG67bmLyq"},"_contentSize":{"__type__":"cc.Size","width":53,"height":59},"_trs":{"__type__":"TypedArray","ctor":"Float64Array","array":[13.899999999999999,33.4,0,0,0,0,1,0.9,0.9,1]}}],{"__type__":"cc.SpriteFrame","content":{"name":"hh_face_dao_05","texture":"qzmjmj78-eac0-4ecf-93dd-f4bdd9546ffe","rect":[0,1,73,104],"offset":[0,-0.5],"originalSize":[73,105],"capInsets":[0,0,0,0]}},{"__type__":"cc.SpriteFrame","content":{"name":"back_top_2d","texture":"qzmjmj27-3a3e-425b-8008-b2a994a0daf7","rect":[0,0,102,150],"offset":[0,0],"originalSize":[102,150],"capInsets":[0,0,0,0]}},{"__type__":"cc.SpriteFrame","content":{"name":"hh_face_dao_07","texture":"qzmjmj5a-212a-4946-8c91-0b37ff593075","rect":[0,1,73,104],"offset":[0,-0.5],"originalSize":[73,105],"capInsets":[0,0,0,0]}},{"__type__":"cc.SpriteFrame","content":{"name":"hh_face_dao_02","texture":"qzmjmj15-745f-4b26-bd67-78ae3a53f0df","rect":[0,1,73,104],"offset":[0,-0.5],"originalSize":[73,105],"capInsets":[0,0,0,0]}},{"__type__":"cc.SpriteFrame","content":{"name":"hh_face_dao_06","texture":"qzmjmj1f-b67b-4078-80b1-14b1b6b3e104","rect":[0,1,73,104],"offset":[0,-0.5],"originalSize":[73,105],"capInsets":[0,0,0,0]}}]