[{"__type__":"cc.SpriteFrame","content":{"name":"ani_dzd_02","texture":"qzmjmjef-4879-4e1a-a3da-62682307932f","rect":[134,124,761,196],"offset":[0.5,-56],"originalSize":[1028,332],"capInsets":[0,0,0,0]}},{"__type__":"cc.SpriteFrame","content":{"name":"ani_dzd_07","texture":"qzmjmjb6-b43e-4764-80a4-e5875e71f397","rect":[4,8,1021,324],"offset":[0.5,-4],"originalSize":[1028,332],"capInsets":[0,0,0,0]}},{"__type__":"cc.SpriteFrame","content":{"name":"ani_dzd_03","texture":"qzmjmj3f-01c1-4c9d-a746-a791e6ea7c59","rect":[11,109,1007,223],"offset":[0.5,-54.5],"originalSize":[1028,332],"capInsets":[0,0,0,0]}},{"__type__":"cc.SpriteFrame","content":{"name":"ani_dzd_06","texture":"qzmjmje0-f3bf-4e06-bc0f-ed6e03a37ba4","rect":[4,32,1021,300],"offset":[0.5,-16],"originalSize":[1028,332],"capInsets":[0,0,0,0]}},{"__type__":"cc.SpriteFrame","content":{"name":"ani_dzd_09","texture":"qzmjmjc2-eb59-4177-a101-28aaf33c3d1d","rect":[0,41,1028,291],"offset":[0,-20.5],"originalSize":[1028,332],"capInsets":[0,0,0,0]}},{"__type__":"cc.SpriteFrame","content":{"name":"ani_dzd_08","texture":"qzmjmjf4-6cec-4646-bf0e-d1f6e16dfead","rect":[4,0,1021,332],"offset":[0.5,0],"originalSize":[1028,332],"capInsets":[0,0,0,0]}},{"__type__":"cc.SpriteFrame","content":{"name":"ani_dzd_04","texture":"qzmjmjb9-3d00-450c-858f-9f90bd160fbf","rect":[4,78,1020,254],"offset":[0,-39],"originalSize":[1028,332],"capInsets":[0,0,0,0]}},{"__type__":"cc.AnimationClip","_name":"dazhadanAction","_duration":0.6833333333333333,"curveData":{"comps":{"cc.Sprite":{"spriteFrame":[{"frame":0,"value":{"__uuid__":"qzmjmje8-43f1-441c-95ca-51ac14ce2791"}},{"frame":0.08333333333333333,"value":{"__uuid__":"qzmjmj0e-4b28-4f09-8f25-bdf8365a8426"}},{"frame":0.16666666666666666,"value":{"__uuid__":"qzmjmj4b-48c3-4b6e-ada4-8f2f2bfd96be"}},{"frame":0.25,"value":{"__uuid__":"qzmjmj9a-5201-4d20-9017-4ae37fc12e9f"}},{"frame":0.3333333333333333,"value":{"__uuid__":"qzmjmjdc-88d1-4ba0-8713-b859cf547981"}},{"frame":0.4166666666666667,"value":{"__uuid__":"qzmjmj74-25ed-446f-879a-63cfc191c8fd"}},{"frame":0.5,"value":{"__uuid__":"qzmjmj49-91ea-404a-a2ec-df757a2a4805"}},{"frame":0.5833333333333334,"value":{"__uuid__":"qzmjmj94-daff-4a63-9eff-80cd00d4e32e"}},{"frame":0.6666666666666666,"value":{"__uuid__":"qzmjmj88-ed04-4016-b42c-55f57c2a39b5"}}]}}}},{"__type__":"cc.SpriteFrame","content":{"name":"ani_dzd_05","texture":"qzmjmj5b-44e7-4b5a-a9fd-ac387202cdff","rect":[4,41,1020,291],"offset":[0,-20.5],"originalSize":[1028,332],"capInsets":[0,0,0,0]}},{"__type__":"cc.SpriteFrame","content":{"name":"ani_dzd_01","texture":"qzmjmjd2-5676-4c3e-815b-7aae13263a40","rect":[267,144,495,160],"offset":[0.5,-58],"originalSize":[1028,332],"capInsets":[0,0,0,0]}}]