[{"__type__":"cc.SpriteFrame","content":{"name":"shisanyao_ani1","texture":"129118250","rect":[660,133,118,51],"offset":[-49,-22.5],"originalSize":[454,242],"rotated":1,"capInsets":[0,0,0,0]}},[{"__type__":"cc.Prefab","_name":"shisanyao","data":{"__id__":1}},{"__type__":"cc.Node","_name":"shisanyao","_components":[{"__type__":"cc.Animation","node":{"__id__":1},"_defaultClip":{"__uuid__":"qzmjmj99-9b14-4e59-9a3d-924bf2c63328"},"_clips":[{"__uuid__":"qzmjmj99-9b14-4e59-9a3d-924bf2c63328"}]},{"__type__":"cc.Sprite","node":{"__id__":1},"_spriteFrame":{"__uuid__":"qzmjmjaf-1068-4271-bd20-8970f13c15f2"},"_sizeMode":2,"_isTrimmedMode":false},{"__type__":"qzmjmja3-f7f6-43f3-bc26-19a21c44bee8","node":{"__id__":1}}],"_prefab":{"__type__":"cc.PrefabInfo","root":{"__id__":1},"asset":{"__uuid__":"qzmjmje6-7d93-44c5-a1b2-06cc91a3ffb3"},"fileId":"839a93tiRtCaJQdgRdAQe0S"},"_contentSize":{"__type__":"cc.Size","width":454,"height":242},"_trs":{"__type__":"TypedArray","ctor":"Float64Array","array":[0,0,0,0,0,0,1,1,1,1]}}]]