[[{"__type__":"cc.Prefab","_name":"beidongda","data":{"__id__":1}},{"__type__":"cc.Node","_name":"beidongda","_components":[{"__type__":"cc.Sprite","node":{"__id__":1},"_spriteFrame":{"__uuid__":"qzmjmj5a-8b99-45a7-ac92-1ea0cb37fbf4"},"_sizeMode":2,"_isTrimmedMode":false},{"__type__":"cc.Animation","node":{"__id__":1},"_defaultClip":{"__uuid__":"qzmjmj99-f145-46d5-a25f-2fc9f879a945"},"_clips":[{"__uuid__":"qzmjmj99-f145-46d5-a25f-2fc9f879a945"}]},{"__type__":"qzmjmja3-f7f6-43f3-bc26-19a21c44bee8","node":{"__id__":1}}],"_prefab":{"__type__":"cc.PrefabInfo","root":{"__id__":1},"asset":{"__uuid__":"qzmjmj51-65b1-41e8-a7d7-db0ac9e673e3"},"fileId":"d2affoCuKpIHr3YB+tpOfh0"},"_contentSize":{"__type__":"cc.Size","width":953,"height":395},"_trs":{"__type__":"TypedArray","ctor":"Float64Array","array":[0,0,0,0,0,0,1,0.5,0.5,1]}}],{"__type__":"cc.SpriteFrame","content":{"name":"ani_01","texture":"qzmjmj41-93ec-462a-a279-7b38fe3eea7e","rect":[36,19,874,350],"offset":[-3.5,3.5],"originalSize":[953,395],"capInsets":[0,0,0,0]}}]