[{"__type__":"cc.SpriteFrame","content":{"name":"number_an_0","texture":"qzmjmj47-6adc-4300-b7c3-227ca6bd14be","rect":[1,2,228,89],"offset":[-13,81.5],"originalSize":[256,256],"capInsets":[0,0,0,0]}},{"__type__":"cc.BitmapFont","_name":"number_an","spriteFrame":{"__uuid__":"qzmjmj63-af90-4fa3-94ef-9dfdc6234929"},"fontSize":32,"_fntConfig":{"commonHeight":32,"fontSize":32,"atlasName":"number_an_0.png","fontDefDictionary":{"48":{"rect":{"x":0,"y":0,"width":32,"height":46},"xOffset":0,"yOffset":0,"xAdvance":32},"49":{"rect":{"x":33,"y":0,"width":32,"height":46},"xOffset":0,"yOffset":0,"xAdvance":32},"50":{"rect":{"x":66,"y":0,"width":32,"height":46},"xOffset":0,"yOffset":0,"xAdvance":32},"51":{"rect":{"x":99,"y":0,"width":32,"height":46},"xOffset":0,"yOffset":0,"xAdvance":32},"52":{"rect":{"x":132,"y":0,"width":32,"height":46},"xOffset":0,"yOffset":0,"xAdvance":32},"53":{"rect":{"x":165,"y":0,"width":32,"height":46},"xOffset":0,"yOffset":0,"xAdvance":32},"54":{"rect":{"x":198,"y":0,"width":32,"height":46},"xOffset":0,"yOffset":0,"xAdvance":32},"55":{"rect":{"x":0,"y":47,"width":32,"height":46},"xOffset":0,"yOffset":0,"xAdvance":32},"56":{"rect":{"x":33,"y":47,"width":32,"height":46},"xOffset":0,"yOffset":0,"xAdvance":32},"57":{"rect":{"x":66,"y":47,"width":32,"height":46},"xOffset":0,"yOffset":0,"xAdvance":32}},"kerningDict":{}}}]