[{"__type__":"cc.SpriteFrame","content":{"name":"bg_diamond1_1","texture":"d4VcLZrUZO4L03Ff+dP23t","rect":[0,0,82,92],"offset":[0,0],"originalSize":[82,92],"capInsets":[0,0,0,0]}},{"__type__":"cc.SpriteFrame","content":{"name":"btn_bg_green","texture":"0bUGAyvIJNcYEYlxTSUu6y","rect":[0,1,254,105],"offset":[0,0],"originalSize":[254,107],"capInsets":[0,0,0,0]}},{"__type__":"cc.SpriteFrame","content":{"name":"img_fsdi","texture":"51rpq4fwRN5Jh4B+3Qf5Bp","rect":[0,0,108,29],"offset":[0,0],"originalSize":[108,29],"capInsets":[0,0,0,0]}},{"__type__":"cc.SpriteFrame","content":{"name":"default_btn_disabled","texture":"71VhFCTINJM6/Ky3oX9nBT","rect":[0,0,40,40],"offset":[0,0],"originalSize":[40,40],"capInsets":[12,12,12,12]}},{"__type__":"cc.SpriteFrame","content":{"name":"bg_diamond1_2","texture":"beEBKbO0BNJ4zpKLkOq2so","rect":[42,78,47,53],"offset":[11.5,-30.5],"originalSize":[108,148],"capInsets":[0,0,0,0]}},{"__type__":"cc.SpriteFrame","content":{"name":"poker_back2","texture":"d59fVfjBhKrKnBh3HMjpru","rect":[0,0,356,499],"offset":[0,0],"originalSize":[356,499],"capInsets":[0,0,0,0]}},{"__type__":"cc.SpriteFrame","content":{"name":"bg_club1_2","texture":"d2EQKEKhtPy6lGdJha0oaj","rect":[40,78,50,53],"offset":[11,-30.5],"originalSize":[108,148],"capInsets":[0,0,0,0]}},{"__type__":"cc.SpriteFrame","content":{"name":"bg_poker","texture":"dad5REbZNCwKOHcwDHBQaX","rect":[0,0,191,263],"offset":[0,0],"originalSize":[191,263],"capInsets":[0,0,0,0]}},{"__type__":"cc.SpriteFrame","content":{"name":"bg_club1_1","texture":"072Fd50SBD0I0oWyd2Hj6V","rect":[0,0,75,85],"offset":[0,0],"originalSize":[75,85],"capInsets":[0,0,0,0]}},{"__type__":"cc.SpriteFrame","content":{"name":"black_2","texture":"0f4uyjNL5BFqDG3HT7aFM2","rect":[0,0,35,60],"offset":[0,0],"originalSize":[35,60],"capInsets":[0,0,0,0]}},{"__type__":"cc.SpriteFrame","content":{"name":"type84","texture":"3dpoQPvoVODpSYnqO3TTtH","rect":[1,1,247,88],"offset":[0,0],"originalSize":[249,90],"capInsets":[0,0,0,0]}},[{"__type__":"cc.Prefab","_name":"UILSDunCards","data":{"__id__":1}},{"__type__":"cc.Node","_name":"UILSDunCards","_children":[{"__id__":2},{"__id__":9},{"__id__":16},{"__id__":24},{"__id__":31},{"__id__":38},{"__id__":45},{"__id__":52},{"__id__":60},{"__id__":67},{"__id__":74},{"__id__":81},{"__id__":88},{"__id__":96},{"__id__":98},{"__id__":101}],"_components":[{"__type__":"b9ad3uTKEtDrp7dMlGYdD9F","node":{"__id__":1}}],"_prefab":{"__type__":"cc.PrefabInfo","root":{"__id__":1},"asset":{"__uuid__":"a5x4dAhVhB3p7q7b6/XNDO"},"fileId":"8fqRKc/DFMhJ63xwKkoFtt"},"_contentSize":{"__type__":"cc.Size","width":420,"height":350},"_trs":{"__type__":"TypedArray","ctor":"Float64Array","array":[0,0,0,0,0,0,1,1,1,1]}},{"__type__":"cc.Node","_name":"dun_card1","_parent":{"__id__":1},"_children":[{"__id__":3},{"__id__":4},{"__id__":5},{"__id__":6},{"__id__":7},{"__id__":8}],"_prefab":{"__type__":"cc.PrefabInfo","root":{"__id__":1},"asset":{"__uuid__":"a5x4dAhVhB3p7q7b6/XNDO"},"fileId":"41ri9tPPBD0Ig091kwbQud"},"_contentSize":{"__type__":"cc.Size","width":108,"height":148},"_trs":{"__type__":"TypedArray","ctor":"Float64Array","array":[-45,80,0,0,0,0.13052619222005157,0.9914448613738104,1,1,1]},"_eulerAngles":{"__type__":"cc.Vec3","z":15}},{"__type__":"cc.Node","_name":"bg_poker","_parent":{"__id__":2},"_components":[{"__type__":"cc.Sprite","node":{"__id__":3},"_materials":[{"__uuid__":"ecpdLyjvZBwrvm+cedCcQy"}],"_spriteFrame":{"__uuid__":"597aTGNN1Fgq6nUj8Z1n0M"},"_sizeMode":2,"_isTrimmedMode":false}],"_prefab":{"__type__":"cc.PrefabInfo","root":{"__id__":1},"asset":{"__uuid__":"a5x4dAhVhB3p7q7b6/XNDO"},"fileId":"74sl5i4hJDpLw6EUF9Y4Z+"},"_contentSize":{"__type__":"cc.Size","width":108,"height":148},"_trs":{"__type__":"TypedArray","ctor":"Float64Array","array":[0,0,0,0,0,0,1,1,1,1]}},{"__type__":"cc.Node","_name":"icon_mapai","_parent":{"__id__":2},"_active":false,"_components":[{"__type__":"cc.Sprite","node":{"__id__":4},"_materials":[{"__uuid__":"ecpdLyjvZBwrvm+cedCcQy"}],"_spriteFrame":{"__uuid__":"f4eAmSm/JDVJhWmR2+4RqT"},"_sizeMode":0}],"_prefab":{"__type__":"cc.PrefabInfo","root":{"__id__":1},"asset":{"__uuid__":"a5x4dAhVhB3p7q7b6/XNDO"},"fileId":"baur2n86lOtreSU/TBQRyH"},"_contentSize":{"__type__":"cc.Size","width":108,"height":148},"_trs":{"__type__":"TypedArray","ctor":"Float64Array","array":[-1.4210854715202004e-14,0,0,0,0,0,1,1,1,1]}},{"__type__":"cc.Node","_name":"num","_parent":{"__id__":2},"_components":[{"__type__":"cc.Sprite","node":{"__id__":5},"_materials":[{"__uuid__":"ecpdLyjvZBwrvm+cedCcQy"}],"_spriteFrame":{"__uuid__":"75AHkSgX1JpaSiTWWa43ft"},"_sizeMode":0,"_isTrimmedMode":false}],"_prefab":{"__type__":"cc.PrefabInfo","root":{"__id__":1},"asset":{"__uuid__":"a5x4dAhVhB3p7q7b6/XNDO"},"fileId":"cdRUOzRulEy4xiRgh6xiL1"},"_contentSize":{"__type__":"cc.Size","width":22,"height":36},"_trs":{"__type__":"TypedArray","ctor":"Float64Array","array":[-33,46.774,0,0,0,0,1,1,1,1]}},{"__type__":"cc.Node","_name":"icon","_parent":{"__id__":2},"_components":[{"__type__":"cc.Sprite","node":{"__id__":6},"_materials":[{"__uuid__":"ecpdLyjvZBwrvm+cedCcQy"}],"_spriteFrame":{"__uuid__":"1fPO5qNvxElZh1xgant31F"},"_sizeMode":2,"_isTrimmedMode":false}],"_prefab":{"__type__":"cc.PrefabInfo","root":{"__id__":1},"asset":{"__uuid__":"a5x4dAhVhB3p7q7b6/XNDO"},"fileId":"35UGAFh+dLWLvi9PZtwhON"},"_contentSize":{"__type__":"cc.Size","width":82,"height":92},"_trs":{"__type__":"TypedArray","ctor":"Float64Array","array":[18,-25,0,0,0,0,1,1,1,1]}},{"__type__":"cc.Node","_name":"icon_1","_parent":{"__id__":2},"_components":[{"__type__":"cc.Sprite","node":{"__id__":7},"_materials":[{"__uuid__":"ecpdLyjvZBwrvm+cedCcQy"}],"_spriteFrame":{"__uuid__":"d4Wxh8tpxHBrfX4+El4+FZ"},"_sizeMode":2,"_isTrimmedMode":false}],"_prefab":{"__type__":"cc.PrefabInfo","root":{"__id__":1},"asset":{"__uuid__":"a5x4dAhVhB3p7q7b6/XNDO"},"fileId":"e3oxoGlpNM15U/UOyIRB7J"},"_contentSize":{"__type__":"cc.Size","width":108,"height":148},"_trs":{"__type__":"TypedArray","ctor":"Float64Array","array":[-38,26,0,0,0,0,1,1,1,1]}},{"__type__":"cc.Node","_name":"poker_back","_parent":{"__id__":2},"_components":[{"__type__":"cc.Sprite","node":{"__id__":8},"_materials":[{"__uuid__":"ecpdLyjvZBwrvm+cedCcQy"}],"_spriteFrame":{"__uuid__":"53cJpJX2pDrIjEDBc19oEm"},"_sizeMode":2}],"_prefab":{"__type__":"cc.PrefabInfo","root":{"__id__":1},"asset":{"__uuid__":"a5x4dAhVhB3p7q7b6/XNDO"},"fileId":"87v2gzcm9PpYx+EMhgjK7Y"},"_contentSize":{"__type__":"cc.Size","width":108,"height":148},"_trs":{"__type__":"TypedArray","ctor":"Float64Array","array":[0,0,0,0,0,0,1,1,1,1]}},{"__type__":"cc.Node","_name":"dun_card2","_parent":{"__id__":1},"_children":[{"__id__":10},{"__id__":11},{"__id__":12},{"__id__":13},{"__id__":14},{"__id__":15}],"_prefab":{"__type__":"cc.PrefabInfo","root":{"__id__":1},"asset":{"__uuid__":"a5x4dAhVhB3p7q7b6/XNDO"},"fileId":"6dtkCZ/HxMfrRKw9wLX9Yg"},"_contentSize":{"__type__":"cc.Size","width":108,"height":148},"_trs":{"__type__":"TypedArray","ctor":"Float64Array","array":[2,80,0,0,0,0,1,1,1,1]}},{"__type__":"cc.Node","_name":"bg_poker","_parent":{"__id__":9},"_components":[{"__type__":"cc.Sprite","node":{"__id__":10},"_materials":[{"__uuid__":"ecpdLyjvZBwrvm+cedCcQy"}],"_spriteFrame":{"__uuid__":"597aTGNN1Fgq6nUj8Z1n0M"},"_sizeMode":2,"_isTrimmedMode":false}],"_prefab":{"__type__":"cc.PrefabInfo","root":{"__id__":1},"asset":{"__uuid__":"a5x4dAhVhB3p7q7b6/XNDO"},"fileId":"2eUgivk8pIfZ7jmplgHoq2"},"_contentSize":{"__type__":"cc.Size","width":108,"height":148},"_trs":{"__type__":"TypedArray","ctor":"Float64Array","array":[0,0,0,0,0,0,1,1,1,1]}},{"__type__":"cc.Node","_name":"icon_mapai","_parent":{"__id__":9},"_active":false,"_components":[{"__type__":"cc.Sprite","node":{"__id__":11},"_materials":[{"__uuid__":"ecpdLyjvZBwrvm+cedCcQy"}],"_spriteFrame":{"__uuid__":"f4eAmSm/JDVJhWmR2+4RqT"},"_sizeMode":0}],"_prefab":{"__type__":"cc.PrefabInfo","root":{"__id__":1},"asset":{"__uuid__":"a5x4dAhVhB3p7q7b6/XNDO"},"fileId":"5d9a6VLNFJxpOcijxNA5kR"},"_contentSize":{"__type__":"cc.Size","width":108,"height":148},"_trs":{"__type__":"TypedArray","ctor":"Float64Array","array":[0,0,0,0,0,0,1,1,1,1]}},{"__type__":"cc.Node","_name":"num","_parent":{"__id__":9},"_components":[{"__type__":"cc.Sprite","node":{"__id__":12},"_materials":[{"__uuid__":"ecpdLyjvZBwrvm+cedCcQy"}],"_spriteFrame":{"__uuid__":"75AHkSgX1JpaSiTWWa43ft"},"_sizeMode":0,"_isTrimmedMode":false}],"_prefab":{"__type__":"cc.PrefabInfo","root":{"__id__":1},"asset":{"__uuid__":"a5x4dAhVhB3p7q7b6/XNDO"},"fileId":"b5a20IWoBLs68A90JufyaD"},"_contentSize":{"__type__":"cc.Size","width":22,"height":36},"_trs":{"__type__":"TypedArray","ctor":"Float64Array","array":[-33,46.774,0,0,0,0,1,1,1,1]}},{"__type__":"cc.Node","_name":"icon","_parent":{"__id__":9},"_components":[{"__type__":"cc.Sprite","node":{"__id__":13},"_materials":[{"__uuid__":"ecpdLyjvZBwrvm+cedCcQy"}],"_spriteFrame":{"__uuid__":"61p9/3XYFDMZ3TK4+kAV2+"},"_sizeMode":0,"_isTrimmedMode":false}],"_prefab":{"__type__":"cc.PrefabInfo","root":{"__id__":1},"asset":{"__uuid__":"a5x4dAhVhB3p7q7b6/XNDO"},"fileId":"cfQdYuQy5P353XdMoKzymL"},"_contentSize":{"__type__":"cc.Size","width":54,"height":74},"_trs":{"__type__":"TypedArray","ctor":"Float64Array","array":[18,-25,0,0,0,0,1,1,1,1]}},{"__type__":"cc.Node","_name":"icon_1","_parent":{"__id__":9},"_components":[{"__type__":"cc.Sprite","node":{"__id__":14},"_materials":[{"__uuid__":"ecpdLyjvZBwrvm+cedCcQy"}],"_spriteFrame":{"__uuid__":"56tqfFv81HRYATPz9wcUJY"},"_sizeMode":0,"_isTrimmedMode":false}],"_prefab":{"__type__":"cc.PrefabInfo","root":{"__id__":1},"asset":{"__uuid__":"a5x4dAhVhB3p7q7b6/XNDO"},"fileId":"56qtdkI0ZLtLXuDwsZ3Vjs"},"_contentSize":{"__type__":"cc.Size","width":54,"height":74},"_trs":{"__type__":"TypedArray","ctor":"Float64Array","array":[-38,26,0,0,0,0,1,1,1,1]}},{"__type__":"cc.Node","_name":"poker_back","_parent":{"__id__":9},"_components":[{"__type__":"cc.Sprite","node":{"__id__":15},"_materials":[{"__uuid__":"ecpdLyjvZBwrvm+cedCcQy"}],"_spriteFrame":{"__uuid__":"53cJpJX2pDrIjEDBc19oEm"},"_sizeMode":2}],"_prefab":{"__type__":"cc.PrefabInfo","root":{"__id__":1},"asset":{"__uuid__":"a5x4dAhVhB3p7q7b6/XNDO"},"fileId":"2eFio8e6hEt7Q5mSspG7d+"},"_contentSize":{"__type__":"cc.Size","width":108,"height":148},"_trs":{"__type__":"TypedArray","ctor":"Float64Array","array":[0,0,0,0,0,0,1,1,1,1]}},{"__type__":"cc.Node","_name":"dun_card3","_parent":{"__id__":1},"_children":[{"__id__":17},{"__id__":18},{"__id__":19},{"__id__":20},{"__id__":21},{"__id__":22},{"__id__":23}],"_prefab":{"__type__":"cc.PrefabInfo","root":{"__id__":1},"asset":{"__uuid__":"a5x4dAhVhB3p7q7b6/XNDO"},"fileId":"c8K3ATVixLJJWTwprCPd3A"},"_contentSize":{"__type__":"cc.Size","width":108,"height":148},"_trs":{"__type__":"TypedArray","ctor":"Float64Array","array":[49,80,0,0,0,-0.13052619222005157,0.9914448613738104,1,1,1]},"_eulerAngles":{"__type__":"cc.Vec3","z":-15}},{"__type__":"cc.Node","_name":"bg_poker","_parent":{"__id__":16},"_components":[{"__type__":"cc.Sprite","node":{"__id__":17},"_materials":[{"__uuid__":"ecpdLyjvZBwrvm+cedCcQy"}],"_spriteFrame":{"__uuid__":"597aTGNN1Fgq6nUj8Z1n0M"},"_sizeMode":2,"_isTrimmedMode":false}],"_prefab":{"__type__":"cc.PrefabInfo","root":{"__id__":1},"asset":{"__uuid__":"a5x4dAhVhB3p7q7b6/XNDO"},"fileId":"d97ujCiyhBjKnWJVNdAVj+"},"_contentSize":{"__type__":"cc.Size","width":108,"height":148},"_trs":{"__type__":"TypedArray","ctor":"Float64Array","array":[0,0,0,0,0,0,1,1,1,1]}},{"__type__":"cc.Node","_name":"icon_mapai","_parent":{"__id__":16},"_active":false,"_components":[{"__type__":"cc.Sprite","node":{"__id__":18},"_materials":[{"__uuid__":"ecpdLyjvZBwrvm+cedCcQy"}],"_spriteFrame":{"__uuid__":"f4eAmSm/JDVJhWmR2+4RqT"},"_sizeMode":0}],"_prefab":{"__type__":"cc.PrefabInfo","root":{"__id__":1},"asset":{"__uuid__":"a5x4dAhVhB3p7q7b6/XNDO"},"fileId":"21ZwKvVgNKSLKBk0uaRjKk"},"_contentSize":{"__type__":"cc.Size","width":108,"height":148},"_trs":{"__type__":"TypedArray","ctor":"Float64Array","array":[-7.105427357601002e-15,0,0,0,0,0,1,1,1,1]}},{"__type__":"cc.Node","_name":"num","_parent":{"__id__":16},"_components":[{"__type__":"cc.Sprite","node":{"__id__":19},"_materials":[{"__uuid__":"ecpdLyjvZBwrvm+cedCcQy"}],"_spriteFrame":{"__uuid__":"75AHkSgX1JpaSiTWWa43ft"},"_sizeMode":0,"_isTrimmedMode":false}],"_prefab":{"__type__":"cc.PrefabInfo","root":{"__id__":1},"asset":{"__uuid__":"a5x4dAhVhB3p7q7b6/XNDO"},"fileId":"bcJxEVP8hCp5jzS/7odqDL"},"_contentSize":{"__type__":"cc.Size","width":22,"height":36},"_trs":{"__type__":"TypedArray","ctor":"Float64Array","array":[-33,46.774,0,0,0,0,1,1,1,1]}},{"__type__":"cc.Node","_name":"icon","_parent":{"__id__":16},"_components":[{"__type__":"cc.Sprite","node":{"__id__":20},"_materials":[{"__uuid__":"ecpdLyjvZBwrvm+cedCcQy"}],"_spriteFrame":{"__uuid__":"61p9/3XYFDMZ3TK4+kAV2+"},"_sizeMode":0,"_isTrimmedMode":false}],"_prefab":{"__type__":"cc.PrefabInfo","root":{"__id__":1},"asset":{"__uuid__":"a5x4dAhVhB3p7q7b6/XNDO"},"fileId":"a6dfkyLSNL948hIoZsdV7C"},"_contentSize":{"__type__":"cc.Size","width":54,"height":74},"_trs":{"__type__":"TypedArray","ctor":"Float64Array","array":[18,-25,0,0,0,0,1,1,1,1]}},{"__type__":"cc.Node","_name":"icon_1","_parent":{"__id__":16},"_components":[{"__type__":"cc.Sprite","node":{"__id__":21},"_materials":[{"__uuid__":"ecpdLyjvZBwrvm+cedCcQy"}],"_spriteFrame":{"__uuid__":"56tqfFv81HRYATPz9wcUJY"},"_sizeMode":0,"_isTrimmedMode":false}],"_prefab":{"__type__":"cc.PrefabInfo","root":{"__id__":1},"asset":{"__uuid__":"a5x4dAhVhB3p7q7b6/XNDO"},"fileId":"f6ZsB7I7dOOa578nksix9U"},"_contentSize":{"__type__":"cc.Size","width":54,"height":74},"_trs":{"__type__":"TypedArray","ctor":"Float64Array","array":[-38,26,0,0,0,0,1,1,1,1]}},{"__type__":"cc.Node","_name":"poker_back","_parent":{"__id__":16},"_components":[{"__type__":"cc.Sprite","node":{"__id__":22},"_materials":[{"__uuid__":"ecpdLyjvZBwrvm+cedCcQy"}],"_spriteFrame":{"__uuid__":"53cJpJX2pDrIjEDBc19oEm"},"_sizeMode":2}],"_prefab":{"__type__":"cc.PrefabInfo","root":{"__id__":1},"asset":{"__uuid__":"a5x4dAhVhB3p7q7b6/XNDO"},"fileId":"aeMJTVQIBKTabBqzw7Pv3Q"},"_contentSize":{"__type__":"cc.Size","width":108,"height":148},"_trs":{"__type__":"TypedArray","ctor":"Float64Array","array":[0,0,0,0,0,0,1,1,1,1]}},{"__type__":"cc.Node","_name":"tag","_parent":{"__id__":16},"_active":false,"_components":[{"__type__":"cc.Sprite","node":{"__id__":23},"_materials":[{"__uuid__":"ecpdLyjvZBwrvm+cedCcQy"}],"_spriteFrame":{"__uuid__":"d1n+ks+7pDa4p4i4sZMMsj"}}],"_prefab":{"__type__":"cc.PrefabInfo","root":{"__id__":1},"asset":{"__uuid__":"a5x4dAhVhB3p7q7b6/XNDO"},"fileId":"acijj+hyFFLJg11uNEV7K5"},"_contentSize":{"__type__":"cc.Size","width":40,"height":50},"_trs":{"__type__":"TypedArray","ctor":"Float64Array","array":[30,44,0,0,0,0,1,1,1,1]}},{"__type__":"cc.Node","_name":"dun_card4","_parent":{"__id__":1},"_children":[{"__id__":25},{"__id__":26},{"__id__":27},{"__id__":28},{"__id__":29},{"__id__":30}],"_prefab":{"__type__":"cc.PrefabInfo","root":{"__id__":1},"asset":{"__uuid__":"a5x4dAhVhB3p7q7b6/XNDO"},"fileId":"3bWx6sYFZC+5KLCOvZuKpp"},"_contentSize":{"__type__":"cc.Size","width":108,"height":148},"_trs":{"__type__":"TypedArray","ctor":"Float64Array","array":[-92,5,0,0,0,0.15643446504023087,0.9876883405951378,1,1,1]},"_eulerAngles":{"__type__":"cc.Vec3","z":18}},{"__type__":"cc.Node","_name":"bg_poker","_parent":{"__id__":24},"_components":[{"__type__":"cc.Sprite","node":{"__id__":25},"_materials":[{"__uuid__":"ecpdLyjvZBwrvm+cedCcQy"}],"_spriteFrame":{"__uuid__":"597aTGNN1Fgq6nUj8Z1n0M"},"_sizeMode":2,"_isTrimmedMode":false}],"_prefab":{"__type__":"cc.PrefabInfo","root":{"__id__":1},"asset":{"__uuid__":"a5x4dAhVhB3p7q7b6/XNDO"},"fileId":"954GuFcWVBy7TR1yAuRIOZ"},"_contentSize":{"__type__":"cc.Size","width":108,"height":148},"_trs":{"__type__":"TypedArray","ctor":"Float64Array","array":[0,0,0,0,0,0,1,1,1,1]}},{"__type__":"cc.Node","_name":"icon_mapai","_parent":{"__id__":24},"_active":false,"_components":[{"__type__":"cc.Sprite","node":{"__id__":26},"_materials":[{"__uuid__":"ecpdLyjvZBwrvm+cedCcQy"}],"_spriteFrame":{"__uuid__":"f4eAmSm/JDVJhWmR2+4RqT"},"_sizeMode":0}],"_prefab":{"__type__":"cc.PrefabInfo","root":{"__id__":1},"asset":{"__uuid__":"a5x4dAhVhB3p7q7b6/XNDO"},"fileId":"62J6tAP6ZObr5EqyxYH19h"},"_contentSize":{"__type__":"cc.Size","width":108,"height":148},"_trs":{"__type__":"TypedArray","ctor":"Float64Array","array":[-1.4210854715202004e-14,0,0,0,0,0,1,1,1,1]}},{"__type__":"cc.Node","_name":"num","_parent":{"__id__":24},"_components":[{"__type__":"cc.Sprite","node":{"__id__":27},"_materials":[{"__uuid__":"ecpdLyjvZBwrvm+cedCcQy"}],"_spriteFrame":{"__uuid__":"75AHkSgX1JpaSiTWWa43ft"},"_sizeMode":0,"_isTrimmedMode":false}],"_prefab":{"__type__":"cc.PrefabInfo","root":{"__id__":1},"asset":{"__uuid__":"a5x4dAhVhB3p7q7b6/XNDO"},"fileId":"4akQOWl0NEBKQflzI9n6vJ"},"_contentSize":{"__type__":"cc.Size","width":22,"height":36},"_trs":{"__type__":"TypedArray","ctor":"Float64Array","array":[-33,46.774,0,0,0,0,1,1,1,1]}},{"__type__":"cc.Node","_name":"icon","_parent":{"__id__":24},"_components":[{"__type__":"cc.Sprite","node":{"__id__":28},"_materials":[{"__uuid__":"ecpdLyjvZBwrvm+cedCcQy"}],"_spriteFrame":{"__uuid__":"61p9/3XYFDMZ3TK4+kAV2+"},"_sizeMode":0,"_isTrimmedMode":false}],"_prefab":{"__type__":"cc.PrefabInfo","root":{"__id__":1},"asset":{"__uuid__":"a5x4dAhVhB3p7q7b6/XNDO"},"fileId":"6eb0AS+BVP2KVFsHSE5SqR"},"_contentSize":{"__type__":"cc.Size","width":54,"height":74},"_trs":{"__type__":"TypedArray","ctor":"Float64Array","array":[18,-25,0,0,0,0,1,1,1,1]}},{"__type__":"cc.Node","_name":"icon_1","_parent":{"__id__":24},"_components":[{"__type__":"cc.Sprite","node":{"__id__":29},"_materials":[{"__uuid__":"ecpdLyjvZBwrvm+cedCcQy"}],"_spriteFrame":{"__uuid__":"56tqfFv81HRYATPz9wcUJY"},"_sizeMode":0,"_isTrimmedMode":false}],"_prefab":{"__type__":"cc.PrefabInfo","root":{"__id__":1},"asset":{"__uuid__":"a5x4dAhVhB3p7q7b6/XNDO"},"fileId":"aa1YNI9+VNBpEXkscmUie6"},"_contentSize":{"__type__":"cc.Size","width":54,"height":74},"_trs":{"__type__":"TypedArray","ctor":"Float64Array","array":[-38,26,0,0,0,0,1,1,1,1]}},{"__type__":"cc.Node","_name":"poker_back","_parent":{"__id__":24},"_components":[{"__type__":"cc.Sprite","node":{"__id__":30},"_materials":[{"__uuid__":"ecpdLyjvZBwrvm+cedCcQy"}],"_spriteFrame":{"__uuid__":"53cJpJX2pDrIjEDBc19oEm"},"_sizeMode":2}],"_prefab":{"__type__":"cc.PrefabInfo","root":{"__id__":1},"asset":{"__uuid__":"a5x4dAhVhB3p7q7b6/XNDO"},"fileId":"c44KYbLuVM+LjRNWgU/FBy"},"_contentSize":{"__type__":"cc.Size","width":108,"height":148},"_trs":{"__type__":"TypedArray","ctor":"Float64Array","array":[0,0,0,0,0,0,1,1,1,1]}},{"__type__":"cc.Node","_name":"dun_card5","_parent":{"__id__":1},"_children":[{"__id__":32},{"__id__":33},{"__id__":34},{"__id__":35},{"__id__":36},{"__id__":37}],"_prefab":{"__type__":"cc.PrefabInfo","root":{"__id__":1},"asset":{"__uuid__":"a5x4dAhVhB3p7q7b6/XNDO"},"fileId":"18DDUpN6dHUqnl6Q/QFIGD"},"_contentSize":{"__type__":"cc.Size","width":108,"height":148},"_trs":{"__type__":"TypedArray","ctor":"Float64Array","array":[-45,5,0,0,0,0.13052619222005157,0.9914448613738104,1,1,1]},"_eulerAngles":{"__type__":"cc.Vec3","z":15}},{"__type__":"cc.Node","_name":"bg_poker","_parent":{"__id__":31},"_components":[{"__type__":"cc.Sprite","node":{"__id__":32},"_materials":[{"__uuid__":"ecpdLyjvZBwrvm+cedCcQy"}],"_spriteFrame":{"__uuid__":"597aTGNN1Fgq6nUj8Z1n0M"},"_sizeMode":2,"_isTrimmedMode":false}],"_prefab":{"__type__":"cc.PrefabInfo","root":{"__id__":1},"asset":{"__uuid__":"a5x4dAhVhB3p7q7b6/XNDO"},"fileId":"73WA6hfI9FbINi1+m4vRDa"},"_contentSize":{"__type__":"cc.Size","width":108,"height":148},"_trs":{"__type__":"TypedArray","ctor":"Float64Array","array":[0,0,0,0,0,0,1,1,1,1]}},{"__type__":"cc.Node","_name":"icon_mapai","_parent":{"__id__":31},"_active":false,"_components":[{"__type__":"cc.Sprite","node":{"__id__":33},"_materials":[{"__uuid__":"ecpdLyjvZBwrvm+cedCcQy"}],"_spriteFrame":{"__uuid__":"f4eAmSm/JDVJhWmR2+4RqT"},"_sizeMode":0}],"_prefab":{"__type__":"cc.PrefabInfo","root":{"__id__":1},"asset":{"__uuid__":"a5x4dAhVhB3p7q7b6/XNDO"},"fileId":"766P/Z22NO6Y16MEu1IPck"},"_contentSize":{"__type__":"cc.Size","width":108,"height":148},"_trs":{"__type__":"TypedArray","ctor":"Float64Array","array":[-1.4210854715202004e-14,0,0,0,0,0,1,1,1,1]}},{"__type__":"cc.Node","_name":"num","_parent":{"__id__":31},"_components":[{"__type__":"cc.Sprite","node":{"__id__":34},"_materials":[{"__uuid__":"ecpdLyjvZBwrvm+cedCcQy"}],"_spriteFrame":{"__uuid__":"75AHkSgX1JpaSiTWWa43ft"},"_sizeMode":0,"_isTrimmedMode":false}],"_prefab":{"__type__":"cc.PrefabInfo","root":{"__id__":1},"asset":{"__uuid__":"a5x4dAhVhB3p7q7b6/XNDO"},"fileId":"66ID4tGkRGbrLD5LgHRG2g"},"_contentSize":{"__type__":"cc.Size","width":22,"height":36},"_trs":{"__type__":"TypedArray","ctor":"Float64Array","array":[-33,46.774,0,0,0,0,1,1,1,1]}},{"__type__":"cc.Node","_name":"icon","_parent":{"__id__":31},"_components":[{"__type__":"cc.Sprite","node":{"__id__":35},"_materials":[{"__uuid__":"ecpdLyjvZBwrvm+cedCcQy"}],"_spriteFrame":{"__uuid__":"61p9/3XYFDMZ3TK4+kAV2+"},"_sizeMode":0,"_isTrimmedMode":false}],"_prefab":{"__type__":"cc.PrefabInfo","root":{"__id__":1},"asset":{"__uuid__":"a5x4dAhVhB3p7q7b6/XNDO"},"fileId":"1cqK+RCv9IaZ4+32X8AGpg"},"_contentSize":{"__type__":"cc.Size","width":54,"height":74},"_trs":{"__type__":"TypedArray","ctor":"Float64Array","array":[18,-25,0,0,0,0,1,1,1,1]}},{"__type__":"cc.Node","_name":"icon_1","_parent":{"__id__":31},"_components":[{"__type__":"cc.Sprite","node":{"__id__":36},"_materials":[{"__uuid__":"ecpdLyjvZBwrvm+cedCcQy"}],"_spriteFrame":{"__uuid__":"56tqfFv81HRYATPz9wcUJY"},"_sizeMode":0,"_isTrimmedMode":false}],"_prefab":{"__type__":"cc.PrefabInfo","root":{"__id__":1},"asset":{"__uuid__":"a5x4dAhVhB3p7q7b6/XNDO"},"fileId":"a54kEi4a9E1oonhrns5tyY"},"_contentSize":{"__type__":"cc.Size","width":54,"height":74},"_trs":{"__type__":"TypedArray","ctor":"Float64Array","array":[-38,26,0,0,0,0,1,1,1,1]}},{"__type__":"cc.Node","_name":"poker_back","_parent":{"__id__":31},"_components":[{"__type__":"cc.Sprite","node":{"__id__":37},"_materials":[{"__uuid__":"ecpdLyjvZBwrvm+cedCcQy"}],"_spriteFrame":{"__uuid__":"53cJpJX2pDrIjEDBc19oEm"},"_sizeMode":2}],"_prefab":{"__type__":"cc.PrefabInfo","root":{"__id__":1},"asset":{"__uuid__":"a5x4dAhVhB3p7q7b6/XNDO"},"fileId":"f9zDU8dldMuIhRrKLJ8MA9"},"_contentSize":{"__type__":"cc.Size","width":108,"height":148},"_trs":{"__type__":"TypedArray","ctor":"Float64Array","array":[0,0,0,0,0,0,1,1,1,1]}},{"__type__":"cc.Node","_name":"dun_card6","_parent":{"__id__":1},"_children":[{"__id__":39},{"__id__":40},{"__id__":41},{"__id__":42},{"__id__":43},{"__id__":44}],"_prefab":{"__type__":"cc.PrefabInfo","root":{"__id__":1},"asset":{"__uuid__":"a5x4dAhVhB3p7q7b6/XNDO"},"fileId":"ffu5fEb9lMHr8yBbZEmCGi"},"_contentSize":{"__type__":"cc.Size","width":108,"height":148},"_trs":{"__type__":"TypedArray","ctor":"Float64Array","array":[2,5,0,0,0,0,1,1,1,1]}},{"__type__":"cc.Node","_name":"bg_poker","_parent":{"__id__":38},"_components":[{"__type__":"cc.Sprite","node":{"__id__":39},"_materials":[{"__uuid__":"ecpdLyjvZBwrvm+cedCcQy"}],"_spriteFrame":{"__uuid__":"597aTGNN1Fgq6nUj8Z1n0M"},"_sizeMode":2,"_isTrimmedMode":false}],"_prefab":{"__type__":"cc.PrefabInfo","root":{"__id__":1},"asset":{"__uuid__":"a5x4dAhVhB3p7q7b6/XNDO"},"fileId":"035YTJc8FH0YkPuWHod+F8"},"_contentSize":{"__type__":"cc.Size","width":108,"height":148},"_trs":{"__type__":"TypedArray","ctor":"Float64Array","array":[0,0,0,0,0,0,1,1,1,1]}},{"__type__":"cc.Node","_name":"icon_mapai","_parent":{"__id__":38},"_active":false,"_components":[{"__type__":"cc.Sprite","node":{"__id__":40},"_materials":[{"__uuid__":"ecpdLyjvZBwrvm+cedCcQy"}],"_spriteFrame":{"__uuid__":"f4eAmSm/JDVJhWmR2+4RqT"},"_sizeMode":0}],"_prefab":{"__type__":"cc.PrefabInfo","root":{"__id__":1},"asset":{"__uuid__":"a5x4dAhVhB3p7q7b6/XNDO"},"fileId":"b023O59+ZN4IgkRzo7usAS"},"_contentSize":{"__type__":"cc.Size","width":108,"height":148},"_trs":{"__type__":"TypedArray","ctor":"Float64Array","array":[0,0,0,0,0,0,1,1,1,1]}},{"__type__":"cc.Node","_name":"num","_parent":{"__id__":38},"_components":[{"__type__":"cc.Sprite","node":{"__id__":41},"_materials":[{"__uuid__":"ecpdLyjvZBwrvm+cedCcQy"}],"_spriteFrame":{"__uuid__":"75AHkSgX1JpaSiTWWa43ft"},"_sizeMode":0,"_isTrimmedMode":false}],"_prefab":{"__type__":"cc.PrefabInfo","root":{"__id__":1},"asset":{"__uuid__":"a5x4dAhVhB3p7q7b6/XNDO"},"fileId":"19aupiG4pJ14kh6pro0E0g"},"_contentSize":{"__type__":"cc.Size","width":22,"height":36},"_trs":{"__type__":"TypedArray","ctor":"Float64Array","array":[-33,46.774,0,0,0,0,1,1,1,1]}},{"__type__":"cc.Node","_name":"icon","_parent":{"__id__":38},"_components":[{"__type__":"cc.Sprite","node":{"__id__":42},"_materials":[{"__uuid__":"ecpdLyjvZBwrvm+cedCcQy"}],"_spriteFrame":{"__uuid__":"61p9/3XYFDMZ3TK4+kAV2+"},"_sizeMode":0,"_isTrimmedMode":false}],"_prefab":{"__type__":"cc.PrefabInfo","root":{"__id__":1},"asset":{"__uuid__":"a5x4dAhVhB3p7q7b6/XNDO"},"fileId":"991qhdeD1KpJJBrotG/PY9"},"_contentSize":{"__type__":"cc.Size","width":54,"height":74},"_trs":{"__type__":"TypedArray","ctor":"Float64Array","array":[18,-25,0,0,0,0,1,1,1,1]}},{"__type__":"cc.Node","_name":"icon_1","_parent":{"__id__":38},"_components":[{"__type__":"cc.Sprite","node":{"__id__":43},"_materials":[{"__uuid__":"ecpdLyjvZBwrvm+cedCcQy"}],"_spriteFrame":{"__uuid__":"56tqfFv81HRYATPz9wcUJY"},"_sizeMode":0,"_isTrimmedMode":false}],"_prefab":{"__type__":"cc.PrefabInfo","root":{"__id__":1},"asset":{"__uuid__":"a5x4dAhVhB3p7q7b6/XNDO"},"fileId":"52BMS7vFVKjqYcYgWpZoLR"},"_contentSize":{"__type__":"cc.Size","width":54,"height":74},"_trs":{"__type__":"TypedArray","ctor":"Float64Array","array":[-38,26,0,0,0,0,1,1,1,1]}},{"__type__":"cc.Node","_name":"poker_back","_parent":{"__id__":38},"_components":[{"__type__":"cc.Sprite","node":{"__id__":44},"_materials":[{"__uuid__":"ecpdLyjvZBwrvm+cedCcQy"}],"_spriteFrame":{"__uuid__":"53cJpJX2pDrIjEDBc19oEm"}}],"_prefab":{"__type__":"cc.PrefabInfo","root":{"__id__":1},"asset":{"__uuid__":"a5x4dAhVhB3p7q7b6/XNDO"},"fileId":"4dVBe9YnFP/6WIvXgfPZ3i"},"_contentSize":{"__type__":"cc.Size","width":106,"height":146},"_trs":{"__type__":"TypedArray","ctor":"Float64Array","array":[0,0,0,0,0,0,1,1,1,1]}},{"__type__":"cc.Node","_name":"dun_card7","_parent":{"__id__":1},"_children":[{"__id__":46},{"__id__":47},{"__id__":48},{"__id__":49},{"__id__":50},{"__id__":51}],"_prefab":{"__type__":"cc.PrefabInfo","root":{"__id__":1},"asset":{"__uuid__":"a5x4dAhVhB3p7q7b6/XNDO"},"fileId":"18AGALqtpOuJXqk0AU2R44"},"_contentSize":{"__type__":"cc.Size","width":108,"height":148},"_trs":{"__type__":"TypedArray","ctor":"Float64Array","array":[49,5,0,0,0,-0.13052619222005157,0.9914448613738104,1,1,1]},"_eulerAngles":{"__type__":"cc.Vec3","z":-15}},{"__type__":"cc.Node","_name":"bg_poker","_parent":{"__id__":45},"_components":[{"__type__":"cc.Sprite","node":{"__id__":46},"_materials":[{"__uuid__":"ecpdLyjvZBwrvm+cedCcQy"}],"_spriteFrame":{"__uuid__":"597aTGNN1Fgq6nUj8Z1n0M"},"_sizeMode":2,"_isTrimmedMode":false}],"_prefab":{"__type__":"cc.PrefabInfo","root":{"__id__":1},"asset":{"__uuid__":"a5x4dAhVhB3p7q7b6/XNDO"},"fileId":"452JySklZISZOxPpaLvo28"},"_contentSize":{"__type__":"cc.Size","width":108,"height":148},"_trs":{"__type__":"TypedArray","ctor":"Float64Array","array":[0,0,0,0,0,0,1,1,1,1]}},{"__type__":"cc.Node","_name":"icon_mapai","_parent":{"__id__":45},"_active":false,"_components":[{"__type__":"cc.Sprite","node":{"__id__":47},"_materials":[{"__uuid__":"ecpdLyjvZBwrvm+cedCcQy"}],"_spriteFrame":{"__uuid__":"f4eAmSm/JDVJhWmR2+4RqT"},"_sizeMode":0}],"_prefab":{"__type__":"cc.PrefabInfo","root":{"__id__":1},"asset":{"__uuid__":"a5x4dAhVhB3p7q7b6/XNDO"},"fileId":"5aYOIWbWdMb44ruM1/YbFQ"},"_contentSize":{"__type__":"cc.Size","width":108,"height":148},"_trs":{"__type__":"TypedArray","ctor":"Float64Array","array":[-7.105427357601002e-15,0,0,0,0,0,1,1,1,1]}},{"__type__":"cc.Node","_name":"num","_parent":{"__id__":45},"_components":[{"__type__":"cc.Sprite","node":{"__id__":48},"_materials":[{"__uuid__":"ecpdLyjvZBwrvm+cedCcQy"}],"_spriteFrame":{"__uuid__":"75AHkSgX1JpaSiTWWa43ft"},"_sizeMode":0,"_isTrimmedMode":false}],"_prefab":{"__type__":"cc.PrefabInfo","root":{"__id__":1},"asset":{"__uuid__":"a5x4dAhVhB3p7q7b6/XNDO"},"fileId":"18+FaXrZNMQ7YBcBx/ICkQ"},"_contentSize":{"__type__":"cc.Size","width":22,"height":36},"_trs":{"__type__":"TypedArray","ctor":"Float64Array","array":[-33,46.774,0,0,0,0,1,1,1,1]}},{"__type__":"cc.Node","_name":"icon","_parent":{"__id__":45},"_components":[{"__type__":"cc.Sprite","node":{"__id__":49},"_materials":[{"__uuid__":"ecpdLyjvZBwrvm+cedCcQy"}],"_spriteFrame":{"__uuid__":"61p9/3XYFDMZ3TK4+kAV2+"},"_sizeMode":0,"_isTrimmedMode":false}],"_prefab":{"__type__":"cc.PrefabInfo","root":{"__id__":1},"asset":{"__uuid__":"a5x4dAhVhB3p7q7b6/XNDO"},"fileId":"80lnj+AhJJBJVcOOXz5h3I"},"_contentSize":{"__type__":"cc.Size","width":54,"height":74},"_trs":{"__type__":"TypedArray","ctor":"Float64Array","array":[18,-25,0,0,0,0,1,1,1,1]}},{"__type__":"cc.Node","_name":"icon_1","_parent":{"__id__":45},"_components":[{"__type__":"cc.Sprite","node":{"__id__":50},"_materials":[{"__uuid__":"ecpdLyjvZBwrvm+cedCcQy"}],"_spriteFrame":{"__uuid__":"56tqfFv81HRYATPz9wcUJY"},"_sizeMode":0,"_isTrimmedMode":false}],"_prefab":{"__type__":"cc.PrefabInfo","root":{"__id__":1},"asset":{"__uuid__":"a5x4dAhVhB3p7q7b6/XNDO"},"fileId":"215GmjKrlBXq8LfkY5Lbx1"},"_contentSize":{"__type__":"cc.Size","width":54,"height":74},"_trs":{"__type__":"TypedArray","ctor":"Float64Array","array":[-38,26,0,0,0,0,1,1,1,1]}},{"__type__":"cc.Node","_name":"poker_back","_parent":{"__id__":45},"_components":[{"__type__":"cc.Sprite","node":{"__id__":51},"_materials":[{"__uuid__":"ecpdLyjvZBwrvm+cedCcQy"}],"_spriteFrame":{"__uuid__":"53cJpJX2pDrIjEDBc19oEm"},"_sizeMode":2}],"_prefab":{"__type__":"cc.PrefabInfo","root":{"__id__":1},"asset":{"__uuid__":"a5x4dAhVhB3p7q7b6/XNDO"},"fileId":"e9dCZHhkhMMLsSS/E30NIy"},"_contentSize":{"__type__":"cc.Size","width":108,"height":148},"_trs":{"__type__":"TypedArray","ctor":"Float64Array","array":[0,0,0,0,0,0,1,1,1,1]}},{"__type__":"cc.Node","_name":"dun_card8","_parent":{"__id__":1},"_children":[{"__id__":53},{"__id__":54},{"__id__":55},{"__id__":56},{"__id__":57},{"__id__":58},{"__id__":59}],"_prefab":{"__type__":"cc.PrefabInfo","root":{"__id__":1},"asset":{"__uuid__":"a5x4dAhVhB3p7q7b6/XNDO"},"fileId":"9bobeMhZlATKLrfeyymq5O"},"_contentSize":{"__type__":"cc.Size","width":108,"height":148},"_trs":{"__type__":"TypedArray","ctor":"Float64Array","array":[96,5,0,0,0,-0.15643446504023087,0.9876883405951378,1,1,1]},"_eulerAngles":{"__type__":"cc.Vec3","z":-18}},{"__type__":"cc.Node","_name":"bg_poker","_parent":{"__id__":52},"_components":[{"__type__":"cc.Sprite","node":{"__id__":53},"_materials":[{"__uuid__":"ecpdLyjvZBwrvm+cedCcQy"}],"_spriteFrame":{"__uuid__":"597aTGNN1Fgq6nUj8Z1n0M"},"_sizeMode":2,"_isTrimmedMode":false}],"_prefab":{"__type__":"cc.PrefabInfo","root":{"__id__":1},"asset":{"__uuid__":"a5x4dAhVhB3p7q7b6/XNDO"},"fileId":"e8AbAjsMpPTqMQx47H+ED8"},"_contentSize":{"__type__":"cc.Size","width":108,"height":148},"_trs":{"__type__":"TypedArray","ctor":"Float64Array","array":[0,0,0,0,0,0,1,1,1,1]}},{"__type__":"cc.Node","_name":"icon_mapai","_parent":{"__id__":52},"_active":false,"_components":[{"__type__":"cc.Sprite","node":{"__id__":54},"_materials":[{"__uuid__":"ecpdLyjvZBwrvm+cedCcQy"}],"_spriteFrame":{"__uuid__":"f4eAmSm/JDVJhWmR2+4RqT"},"_sizeMode":0}],"_prefab":{"__type__":"cc.PrefabInfo","root":{"__id__":1},"asset":{"__uuid__":"a5x4dAhVhB3p7q7b6/XNDO"},"fileId":"edVT3XSY5DoqgHj4HsR1ji"},"_contentSize":{"__type__":"cc.Size","width":108,"height":148},"_trs":{"__type__":"TypedArray","ctor":"Float64Array","array":[0,0,0,0,0,0,1,1,1,1]}},{"__type__":"cc.Node","_name":"num","_parent":{"__id__":52},"_components":[{"__type__":"cc.Sprite","node":{"__id__":55},"_materials":[{"__uuid__":"ecpdLyjvZBwrvm+cedCcQy"}],"_spriteFrame":{"__uuid__":"75AHkSgX1JpaSiTWWa43ft"},"_sizeMode":0,"_isTrimmedMode":false}],"_prefab":{"__type__":"cc.PrefabInfo","root":{"__id__":1},"asset":{"__uuid__":"a5x4dAhVhB3p7q7b6/XNDO"},"fileId":"a70Y8QeLdMgqf/2/as2WTP"},"_contentSize":{"__type__":"cc.Size","width":22,"height":36},"_trs":{"__type__":"TypedArray","ctor":"Float64Array","array":[-33,46.774,0,0,0,0,1,1,1,1]}},{"__type__":"cc.Node","_name":"icon","_parent":{"__id__":52},"_components":[{"__type__":"cc.Sprite","node":{"__id__":56},"_materials":[{"__uuid__":"ecpdLyjvZBwrvm+cedCcQy"}],"_spriteFrame":{"__uuid__":"61p9/3XYFDMZ3TK4+kAV2+"},"_sizeMode":0,"_isTrimmedMode":false}],"_prefab":{"__type__":"cc.PrefabInfo","root":{"__id__":1},"asset":{"__uuid__":"a5x4dAhVhB3p7q7b6/XNDO"},"fileId":"9d0VxaZRtBMbiynj6giORl"},"_contentSize":{"__type__":"cc.Size","width":54,"height":74},"_trs":{"__type__":"TypedArray","ctor":"Float64Array","array":[18,-25,0,0,0,0,1,1,1,1]}},{"__type__":"cc.Node","_name":"icon_1","_parent":{"__id__":52},"_components":[{"__type__":"cc.Sprite","node":{"__id__":57},"_materials":[{"__uuid__":"ecpdLyjvZBwrvm+cedCcQy"}],"_spriteFrame":{"__uuid__":"56tqfFv81HRYATPz9wcUJY"},"_sizeMode":0,"_isTrimmedMode":false}],"_prefab":{"__type__":"cc.PrefabInfo","root":{"__id__":1},"asset":{"__uuid__":"a5x4dAhVhB3p7q7b6/XNDO"},"fileId":"ddVOlYktlMFbvvW3PkN3cS"},"_contentSize":{"__type__":"cc.Size","width":54,"height":74},"_trs":{"__type__":"TypedArray","ctor":"Float64Array","array":[-38,26,0,0,0,0,1,1,1,1]}},{"__type__":"cc.Node","_name":"poker_back","_parent":{"__id__":52},"_components":[{"__type__":"cc.Sprite","node":{"__id__":58},"_materials":[{"__uuid__":"ecpdLyjvZBwrvm+cedCcQy"}],"_spriteFrame":{"__uuid__":"53cJpJX2pDrIjEDBc19oEm"},"_sizeMode":2}],"_prefab":{"__type__":"cc.PrefabInfo","root":{"__id__":1},"asset":{"__uuid__":"a5x4dAhVhB3p7q7b6/XNDO"},"fileId":"7b2yRWlSZFcaNRAhiQ4Jbp"},"_contentSize":{"__type__":"cc.Size","width":108,"height":148},"_trs":{"__type__":"TypedArray","ctor":"Float64Array","array":[0,0,0,0,0,0,1,1,1,1]}},{"__type__":"cc.Node","_name":"tag","_parent":{"__id__":52},"_active":false,"_components":[{"__type__":"cc.Sprite","node":{"__id__":59},"_materials":[{"__uuid__":"ecpdLyjvZBwrvm+cedCcQy"}],"_spriteFrame":{"__uuid__":"d1n+ks+7pDa4p4i4sZMMsj"}}],"_prefab":{"__type__":"cc.PrefabInfo","root":{"__id__":1},"asset":{"__uuid__":"a5x4dAhVhB3p7q7b6/XNDO"},"fileId":"b3hlbY2GpPtZ7h3zqmNS5R"},"_contentSize":{"__type__":"cc.Size","width":40,"height":50},"_trs":{"__type__":"TypedArray","ctor":"Float64Array","array":[30,44,0,0,0,0,1,1,1,1]}},{"__type__":"cc.Node","_name":"dun_card9","_parent":{"__id__":1},"_children":[{"__id__":61},{"__id__":62},{"__id__":63},{"__id__":64},{"__id__":65},{"__id__":66}],"_prefab":{"__type__":"cc.PrefabInfo","root":{"__id__":1},"asset":{"__uuid__":"a5x4dAhVhB3p7q7b6/XNDO"},"fileId":"c76L5yl4FN8b5+T7Rn7PoL"},"_contentSize":{"__type__":"cc.Size","width":108,"height":148},"_trs":{"__type__":"TypedArray","ctor":"Float64Array","array":[-92,-80,0,0,0,0.18223552549214747,0.9832549075639546,1,1,1]},"_eulerAngles":{"__type__":"cc.Vec3","z":21}},{"__type__":"cc.Node","_name":"bg_poker","_parent":{"__id__":60},"_components":[{"__type__":"cc.Sprite","node":{"__id__":61},"_materials":[{"__uuid__":"ecpdLyjvZBwrvm+cedCcQy"}],"_spriteFrame":{"__uuid__":"597aTGNN1Fgq6nUj8Z1n0M"},"_sizeMode":2,"_isTrimmedMode":false}],"_prefab":{"__type__":"cc.PrefabInfo","root":{"__id__":1},"asset":{"__uuid__":"a5x4dAhVhB3p7q7b6/XNDO"},"fileId":"07DfscerVEgqO7eu/EVXfS"},"_contentSize":{"__type__":"cc.Size","width":108,"height":148},"_trs":{"__type__":"TypedArray","ctor":"Float64Array","array":[0,0,0,0,0,0,1,1,1,1]}},{"__type__":"cc.Node","_name":"icon_mapai","_parent":{"__id__":60},"_active":false,"_components":[{"__type__":"cc.Sprite","node":{"__id__":62},"_materials":[{"__uuid__":"ecpdLyjvZBwrvm+cedCcQy"}],"_spriteFrame":{"__uuid__":"f4eAmSm/JDVJhWmR2+4RqT"},"_sizeMode":0}],"_prefab":{"__type__":"cc.PrefabInfo","root":{"__id__":1},"asset":{"__uuid__":"a5x4dAhVhB3p7q7b6/XNDO"},"fileId":"20+gKbdBxJBpWwIQp+f9Yr"},"_contentSize":{"__type__":"cc.Size","width":108,"height":148},"_trs":{"__type__":"TypedArray","ctor":"Float64Array","array":[-1.4210854715202004e-14,0,0,0,0,0,1,1,1,1]}},{"__type__":"cc.Node","_name":"num","_parent":{"__id__":60},"_components":[{"__type__":"cc.Sprite","node":{"__id__":63},"_materials":[{"__uuid__":"ecpdLyjvZBwrvm+cedCcQy"}],"_spriteFrame":{"__uuid__":"75AHkSgX1JpaSiTWWa43ft"},"_sizeMode":0,"_isTrimmedMode":false}],"_prefab":{"__type__":"cc.PrefabInfo","root":{"__id__":1},"asset":{"__uuid__":"a5x4dAhVhB3p7q7b6/XNDO"},"fileId":"f8Z4F2DWBFh5Py+KXXu3tZ"},"_contentSize":{"__type__":"cc.Size","width":22,"height":36},"_trs":{"__type__":"TypedArray","ctor":"Float64Array","array":[-33,46.774,0,0,0,0,1,1,1,1]}},{"__type__":"cc.Node","_name":"icon","_parent":{"__id__":60},"_components":[{"__type__":"cc.Sprite","node":{"__id__":64},"_materials":[{"__uuid__":"ecpdLyjvZBwrvm+cedCcQy"}],"_spriteFrame":{"__uuid__":"61p9/3XYFDMZ3TK4+kAV2+"},"_sizeMode":0,"_isTrimmedMode":false}],"_prefab":{"__type__":"cc.PrefabInfo","root":{"__id__":1},"asset":{"__uuid__":"a5x4dAhVhB3p7q7b6/XNDO"},"fileId":"66ekxX6w5J2oC82jp/cOjJ"},"_contentSize":{"__type__":"cc.Size","width":54,"height":74},"_trs":{"__type__":"TypedArray","ctor":"Float64Array","array":[18,-25,0,0,0,0,1,1,1,1]}},{"__type__":"cc.Node","_name":"icon_1","_parent":{"__id__":60},"_components":[{"__type__":"cc.Sprite","node":{"__id__":65},"_materials":[{"__uuid__":"ecpdLyjvZBwrvm+cedCcQy"}],"_spriteFrame":{"__uuid__":"56tqfFv81HRYATPz9wcUJY"},"_sizeMode":0,"_isTrimmedMode":false}],"_prefab":{"__type__":"cc.PrefabInfo","root":{"__id__":1},"asset":{"__uuid__":"a5x4dAhVhB3p7q7b6/XNDO"},"fileId":"65WaGUyXBDLY4rFVAGFIPm"},"_contentSize":{"__type__":"cc.Size","width":54,"height":74},"_trs":{"__type__":"TypedArray","ctor":"Float64Array","array":[-38,26,0,0,0,0,1,1,1,1]}},{"__type__":"cc.Node","_name":"poker_back","_parent":{"__id__":60},"_components":[{"__type__":"cc.Sprite","node":{"__id__":66},"_materials":[{"__uuid__":"ecpdLyjvZBwrvm+cedCcQy"}],"_spriteFrame":{"__uuid__":"53cJpJX2pDrIjEDBc19oEm"}}],"_prefab":{"__type__":"cc.PrefabInfo","root":{"__id__":1},"asset":{"__uuid__":"a5x4dAhVhB3p7q7b6/XNDO"},"fileId":"4eGuy1prJGB5olnq3T3HoK"},"_contentSize":{"__type__":"cc.Size","width":106,"height":146},"_trs":{"__type__":"TypedArray","ctor":"Float64Array","array":[0,0,0,0,0,0,1,1,1,1]}},{"__type__":"cc.Node","_name":"dun_card10","_parent":{"__id__":1},"_children":[{"__id__":68},{"__id__":69},{"__id__":70},{"__id__":71},{"__id__":72},{"__id__":73}],"_prefab":{"__type__":"cc.PrefabInfo","root":{"__id__":1},"asset":{"__uuid__":"a5x4dAhVhB3p7q7b6/XNDO"},"fileId":"78eqyvpXJB/JqsN0qiDSWL"},"_contentSize":{"__type__":"cc.Size","width":108,"height":148},"_trs":{"__type__":"TypedArray","ctor":"Float64Array","array":[-45,-80,0,0,0,0.15643446504023087,0.9876883405951378,1,1,1]},"_eulerAngles":{"__type__":"cc.Vec3","z":18}},{"__type__":"cc.Node","_name":"bg_poker","_parent":{"__id__":67},"_components":[{"__type__":"cc.Sprite","node":{"__id__":68},"_materials":[{"__uuid__":"ecpdLyjvZBwrvm+cedCcQy"}],"_spriteFrame":{"__uuid__":"597aTGNN1Fgq6nUj8Z1n0M"},"_isTrimmedMode":false}],"_prefab":{"__type__":"cc.PrefabInfo","root":{"__id__":1},"asset":{"__uuid__":"a5x4dAhVhB3p7q7b6/XNDO"},"fileId":"a0CJgCqSVHYIZjOROSgf5U"},"_contentSize":{"__type__":"cc.Size","width":108,"height":148},"_trs":{"__type__":"TypedArray","ctor":"Float64Array","array":[0,0,0,0,0,0,1,1,1,1]}},{"__type__":"cc.Node","_name":"num","_parent":{"__id__":67},"_components":[{"__type__":"cc.Sprite","node":{"__id__":69},"_materials":[{"__uuid__":"ecpdLyjvZBwrvm+cedCcQy"}],"_spriteFrame":{"__uuid__":"75AHkSgX1JpaSiTWWa43ft"},"_sizeMode":0,"_isTrimmedMode":false}],"_prefab":{"__type__":"cc.PrefabInfo","root":{"__id__":1},"asset":{"__uuid__":"a5x4dAhVhB3p7q7b6/XNDO"},"fileId":"d1l+RbVUxAfrpU3W+D3db/"},"_contentSize":{"__type__":"cc.Size","width":22,"height":36},"_trs":{"__type__":"TypedArray","ctor":"Float64Array","array":[-33,46.774,0,0,0,0,1,1,1,1]}},{"__type__":"cc.Node","_name":"icon","_parent":{"__id__":67},"_components":[{"__type__":"cc.Sprite","node":{"__id__":70},"_materials":[{"__uuid__":"ecpdLyjvZBwrvm+cedCcQy"}],"_spriteFrame":{"__uuid__":"61p9/3XYFDMZ3TK4+kAV2+"},"_sizeMode":0,"_isTrimmedMode":false}],"_prefab":{"__type__":"cc.PrefabInfo","root":{"__id__":1},"asset":{"__uuid__":"a5x4dAhVhB3p7q7b6/XNDO"},"fileId":"559GuC/0dAg6vs23JuKaHt"},"_contentSize":{"__type__":"cc.Size","width":54,"height":74},"_trs":{"__type__":"TypedArray","ctor":"Float64Array","array":[18,-25,0,0,0,0,1,1,1,1]}},{"__type__":"cc.Node","_name":"icon_1","_parent":{"__id__":67},"_components":[{"__type__":"cc.Sprite","node":{"__id__":71},"_materials":[{"__uuid__":"ecpdLyjvZBwrvm+cedCcQy"}],"_spriteFrame":{"__uuid__":"56tqfFv81HRYATPz9wcUJY"},"_sizeMode":0,"_isTrimmedMode":false}],"_prefab":{"__type__":"cc.PrefabInfo","root":{"__id__":1},"asset":{"__uuid__":"a5x4dAhVhB3p7q7b6/XNDO"},"fileId":"eavW+MNMZP9bj7fuDQRXMP"},"_contentSize":{"__type__":"cc.Size","width":54,"height":74},"_trs":{"__type__":"TypedArray","ctor":"Float64Array","array":[-38,26,0,0,0,0,1,1,1,1]}},{"__type__":"cc.Node","_name":"poker_back","_parent":{"__id__":67},"_components":[{"__type__":"cc.Sprite","node":{"__id__":72},"_materials":[{"__uuid__":"ecpdLyjvZBwrvm+cedCcQy"}],"_spriteFrame":{"__uuid__":"53cJpJX2pDrIjEDBc19oEm"},"_sizeMode":2}],"_prefab":{"__type__":"cc.PrefabInfo","root":{"__id__":1},"asset":{"__uuid__":"a5x4dAhVhB3p7q7b6/XNDO"},"fileId":"33A6yXjS5LTYq70J/KPJeX"},"_contentSize":{"__type__":"cc.Size","width":108,"height":148},"_trs":{"__type__":"TypedArray","ctor":"Float64Array","array":[0,0,0,0,0,0,1,1,1,1]}},{"__type__":"cc.Node","_name":"icon_mapai","_parent":{"__id__":67},"_active":false,"_components":[{"__type__":"cc.Sprite","node":{"__id__":73},"_materials":[{"__uuid__":"ecpdLyjvZBwrvm+cedCcQy"}],"_spriteFrame":{"__uuid__":"f4eAmSm/JDVJhWmR2+4RqT"},"_sizeMode":0}],"_prefab":{"__type__":"cc.PrefabInfo","root":{"__id__":1},"asset":{"__uuid__":"a5x4dAhVhB3p7q7b6/XNDO"},"fileId":"dbqnXu8uFKP7cVF1N3iT2p"},"_contentSize":{"__type__":"cc.Size","width":108,"height":148},"_trs":{"__type__":"TypedArray","ctor":"Float64Array","array":[-1.4210854715202004e-14,0,0,0,0,0,1,1,1,1]}},{"__type__":"cc.Node","_name":"dun_card11","_parent":{"__id__":1},"_children":[{"__id__":75},{"__id__":76},{"__id__":77},{"__id__":78},{"__id__":79},{"__id__":80}],"_prefab":{"__type__":"cc.PrefabInfo","root":{"__id__":1},"asset":{"__uuid__":"a5x4dAhVhB3p7q7b6/XNDO"},"fileId":"38cVPXD6BD0q/UYg6LY5no"},"_contentSize":{"__type__":"cc.Size","width":108,"height":148},"_trs":{"__type__":"TypedArray","ctor":"Float64Array","array":[2,-80,0,0,0,0,1,1,1,1]}},{"__type__":"cc.Node","_name":"bg_poker","_parent":{"__id__":74},"_components":[{"__type__":"cc.Sprite","node":{"__id__":75},"_materials":[{"__uuid__":"ecpdLyjvZBwrvm+cedCcQy"}],"_spriteFrame":{"__uuid__":"597aTGNN1Fgq6nUj8Z1n0M"},"_isTrimmedMode":false}],"_prefab":{"__type__":"cc.PrefabInfo","root":{"__id__":1},"asset":{"__uuid__":"a5x4dAhVhB3p7q7b6/XNDO"},"fileId":"ba7U+/NpBL8ZRP4dNNFOn1"},"_contentSize":{"__type__":"cc.Size","width":108,"height":148},"_trs":{"__type__":"TypedArray","ctor":"Float64Array","array":[0,0,0,0,0,0,1,1,1,1]}},{"__type__":"cc.Node","_name":"icon_mapai","_parent":{"__id__":74},"_active":false,"_components":[{"__type__":"cc.Sprite","node":{"__id__":76},"_materials":[{"__uuid__":"ecpdLyjvZBwrvm+cedCcQy"}],"_spriteFrame":{"__uuid__":"f4eAmSm/JDVJhWmR2+4RqT"},"_sizeMode":0}],"_prefab":{"__type__":"cc.PrefabInfo","root":{"__id__":1},"asset":{"__uuid__":"a5x4dAhVhB3p7q7b6/XNDO"},"fileId":"59NUQ5VTNP9KH6DQy6PC0H"},"_contentSize":{"__type__":"cc.Size","width":108,"height":148},"_trs":{"__type__":"TypedArray","ctor":"Float64Array","array":[0,0,0,0,0,0,1,1,1,1]}},{"__type__":"cc.Node","_name":"num","_parent":{"__id__":74},"_components":[{"__type__":"cc.Sprite","node":{"__id__":77},"_materials":[{"__uuid__":"ecpdLyjvZBwrvm+cedCcQy"}],"_spriteFrame":{"__uuid__":"75AHkSgX1JpaSiTWWa43ft"},"_sizeMode":0,"_isTrimmedMode":false}],"_prefab":{"__type__":"cc.PrefabInfo","root":{"__id__":1},"asset":{"__uuid__":"a5x4dAhVhB3p7q7b6/XNDO"},"fileId":"16q5vB26JMoKYXLzaugGIu"},"_contentSize":{"__type__":"cc.Size","width":22,"height":36},"_trs":{"__type__":"TypedArray","ctor":"Float64Array","array":[-33,46.774,0,0,0,0,1,1,1,1]}},{"__type__":"cc.Node","_name":"icon","_parent":{"__id__":74},"_components":[{"__type__":"cc.Sprite","node":{"__id__":78},"_materials":[{"__uuid__":"ecpdLyjvZBwrvm+cedCcQy"}],"_spriteFrame":{"__uuid__":"61p9/3XYFDMZ3TK4+kAV2+"},"_sizeMode":0,"_isTrimmedMode":false}],"_prefab":{"__type__":"cc.PrefabInfo","root":{"__id__":1},"asset":{"__uuid__":"a5x4dAhVhB3p7q7b6/XNDO"},"fileId":"cbAls18DxNwIsC5z03qQkU"},"_contentSize":{"__type__":"cc.Size","width":54,"height":74},"_trs":{"__type__":"TypedArray","ctor":"Float64Array","array":[18,-25,0,0,0,0,1,1,1,1]}},{"__type__":"cc.Node","_name":"icon_1","_parent":{"__id__":74},"_components":[{"__type__":"cc.Sprite","node":{"__id__":79},"_materials":[{"__uuid__":"ecpdLyjvZBwrvm+cedCcQy"}],"_spriteFrame":{"__uuid__":"56tqfFv81HRYATPz9wcUJY"},"_sizeMode":0,"_isTrimmedMode":false}],"_prefab":{"__type__":"cc.PrefabInfo","root":{"__id__":1},"asset":{"__uuid__":"a5x4dAhVhB3p7q7b6/XNDO"},"fileId":"beBQykt95EaZ61A5hh8k1C"},"_contentSize":{"__type__":"cc.Size","width":54,"height":74},"_trs":{"__type__":"TypedArray","ctor":"Float64Array","array":[-38,26,0,0,0,0,1,1,1,1]}},{"__type__":"cc.Node","_name":"poker_back","_parent":{"__id__":74},"_components":[{"__type__":"cc.Sprite","node":{"__id__":80},"_materials":[{"__uuid__":"ecpdLyjvZBwrvm+cedCcQy"}],"_spriteFrame":{"__uuid__":"53cJpJX2pDrIjEDBc19oEm"}}],"_prefab":{"__type__":"cc.PrefabInfo","root":{"__id__":1},"asset":{"__uuid__":"a5x4dAhVhB3p7q7b6/XNDO"},"fileId":"b5GxCyXTtE3LwgBO1jHSGt"},"_contentSize":{"__type__":"cc.Size","width":106,"height":146},"_trs":{"__type__":"TypedArray","ctor":"Float64Array","array":[0,0,0,0,0,0,1,1,1,1]}},{"__type__":"cc.Node","_name":"dun_card12","_parent":{"__id__":1},"_children":[{"__id__":82},{"__id__":83},{"__id__":84},{"__id__":85},{"__id__":86},{"__id__":87}],"_prefab":{"__type__":"cc.PrefabInfo","root":{"__id__":1},"asset":{"__uuid__":"a5x4dAhVhB3p7q7b6/XNDO"},"fileId":"14G8QugwdKUpOS7l0p3uHg"},"_contentSize":{"__type__":"cc.Size","width":108,"height":148},"_trs":{"__type__":"TypedArray","ctor":"Float64Array","array":[49,-80,0,0,0,-0.15643446504023087,0.9876883405951378,1,1,1]},"_eulerAngles":{"__type__":"cc.Vec3","z":-18}},{"__type__":"cc.Node","_name":"bg_poker","_parent":{"__id__":81},"_components":[{"__type__":"cc.Sprite","node":{"__id__":82},"_materials":[{"__uuid__":"ecpdLyjvZBwrvm+cedCcQy"}],"_spriteFrame":{"__uuid__":"597aTGNN1Fgq6nUj8Z1n0M"},"_sizeMode":2,"_isTrimmedMode":false}],"_prefab":{"__type__":"cc.PrefabInfo","root":{"__id__":1},"asset":{"__uuid__":"a5x4dAhVhB3p7q7b6/XNDO"},"fileId":"d27HatULxOfauQLKVJNsVh"},"_contentSize":{"__type__":"cc.Size","width":108,"height":148},"_trs":{"__type__":"TypedArray","ctor":"Float64Array","array":[0,0,0,0,0,0,1,1,1,1]}},{"__type__":"cc.Node","_name":"icon_mapai","_parent":{"__id__":81},"_active":false,"_components":[{"__type__":"cc.Sprite","node":{"__id__":83},"_materials":[{"__uuid__":"ecpdLyjvZBwrvm+cedCcQy"}],"_spriteFrame":{"__uuid__":"f4eAmSm/JDVJhWmR2+4RqT"},"_sizeMode":0}],"_prefab":{"__type__":"cc.PrefabInfo","root":{"__id__":1},"asset":{"__uuid__":"a5x4dAhVhB3p7q7b6/XNDO"},"fileId":"dbvACW1elK9o9goNF4DY0E"},"_contentSize":{"__type__":"cc.Size","width":108,"height":148},"_trs":{"__type__":"TypedArray","ctor":"Float64Array","array":[-7.105427357601002e-15,0,0,0,0,0,1,1,1,1]}},{"__type__":"cc.Node","_name":"num","_parent":{"__id__":81},"_components":[{"__type__":"cc.Sprite","node":{"__id__":84},"_materials":[{"__uuid__":"ecpdLyjvZBwrvm+cedCcQy"}],"_spriteFrame":{"__uuid__":"75AHkSgX1JpaSiTWWa43ft"},"_sizeMode":0,"_isTrimmedMode":false}],"_prefab":{"__type__":"cc.PrefabInfo","root":{"__id__":1},"asset":{"__uuid__":"a5x4dAhVhB3p7q7b6/XNDO"},"fileId":"12+Md7CvtAh4vKApX+XOT0"},"_contentSize":{"__type__":"cc.Size","width":22,"height":36},"_trs":{"__type__":"TypedArray","ctor":"Float64Array","array":[-33,46.774,0,0,0,0,1,1,1,1]}},{"__type__":"cc.Node","_name":"icon","_parent":{"__id__":81},"_components":[{"__type__":"cc.Sprite","node":{"__id__":85},"_materials":[{"__uuid__":"ecpdLyjvZBwrvm+cedCcQy"}],"_spriteFrame":{"__uuid__":"61p9/3XYFDMZ3TK4+kAV2+"},"_sizeMode":0,"_isTrimmedMode":false}],"_prefab":{"__type__":"cc.PrefabInfo","root":{"__id__":1},"asset":{"__uuid__":"a5x4dAhVhB3p7q7b6/XNDO"},"fileId":"bb7b3CZXhMSJyvlqpI85/h"},"_contentSize":{"__type__":"cc.Size","width":54,"height":74},"_trs":{"__type__":"TypedArray","ctor":"Float64Array","array":[18,-25,0,0,0,0,1,1,1,1]}},{"__type__":"cc.Node","_name":"icon_1","_parent":{"__id__":81},"_components":[{"__type__":"cc.Sprite","node":{"__id__":86},"_materials":[{"__uuid__":"ecpdLyjvZBwrvm+cedCcQy"}],"_spriteFrame":{"__uuid__":"56tqfFv81HRYATPz9wcUJY"},"_sizeMode":0,"_isTrimmedMode":false}],"_prefab":{"__type__":"cc.PrefabInfo","root":{"__id__":1},"asset":{"__uuid__":"a5x4dAhVhB3p7q7b6/XNDO"},"fileId":"a3UbFfOOhMdb8vZhNTx2Gh"},"_contentSize":{"__type__":"cc.Size","width":54,"height":74},"_trs":{"__type__":"TypedArray","ctor":"Float64Array","array":[-38,26,0,0,0,0,1,1,1,1]}},{"__type__":"cc.Node","_name":"poker_back","_parent":{"__id__":81},"_components":[{"__type__":"cc.Sprite","node":{"__id__":87},"_materials":[{"__uuid__":"ecpdLyjvZBwrvm+cedCcQy"}],"_spriteFrame":{"__uuid__":"53cJpJX2pDrIjEDBc19oEm"}}],"_prefab":{"__type__":"cc.PrefabInfo","root":{"__id__":1},"asset":{"__uuid__":"a5x4dAhVhB3p7q7b6/XNDO"},"fileId":"9aRMS797BAI4eQyv/g0jrO"},"_contentSize":{"__type__":"cc.Size","width":106,"height":146},"_trs":{"__type__":"TypedArray","ctor":"Float64Array","array":[0,0,0,0,0,0,1,1,1,1]}},{"__type__":"cc.Node","_name":"dun_card13","_parent":{"__id__":1},"_children":[{"__id__":89},{"__id__":90},{"__id__":91},{"__id__":92},{"__id__":93},{"__id__":94},{"__id__":95}],"_prefab":{"__type__":"cc.PrefabInfo","root":{"__id__":1},"asset":{"__uuid__":"a5x4dAhVhB3p7q7b6/XNDO"},"fileId":"9eMcrCN3RL/oIGaULskI8I"},"_contentSize":{"__type__":"cc.Size","width":108,"height":148},"_trs":{"__type__":"TypedArray","ctor":"Float64Array","array":[103.728,-80,0,0,0,-0.18223552549214747,0.9832549075639546,1,1,1]},"_eulerAngles":{"__type__":"cc.Vec3","z":-21}},{"__type__":"cc.Node","_name":"bg_poker","_parent":{"__id__":88},"_components":[{"__type__":"cc.Sprite","node":{"__id__":89},"_materials":[{"__uuid__":"ecpdLyjvZBwrvm+cedCcQy"}],"_spriteFrame":{"__uuid__":"597aTGNN1Fgq6nUj8Z1n0M"},"_sizeMode":2,"_isTrimmedMode":false}],"_prefab":{"__type__":"cc.PrefabInfo","root":{"__id__":1},"asset":{"__uuid__":"a5x4dAhVhB3p7q7b6/XNDO"},"fileId":"1cDbUYf6FH+7FwHOfR+p/a"},"_contentSize":{"__type__":"cc.Size","width":108,"height":148},"_trs":{"__type__":"TypedArray","ctor":"Float64Array","array":[0,0,0,0,0,0,1,1,1,1]}},{"__type__":"cc.Node","_name":"icon_mapai","_parent":{"__id__":88},"_active":false,"_components":[{"__type__":"cc.Sprite","node":{"__id__":90},"_materials":[{"__uuid__":"ecpdLyjvZBwrvm+cedCcQy"}],"_spriteFrame":{"__uuid__":"f4eAmSm/JDVJhWmR2+4RqT"},"_sizeMode":0}],"_prefab":{"__type__":"cc.PrefabInfo","root":{"__id__":1},"asset":{"__uuid__":"a5x4dAhVhB3p7q7b6/XNDO"},"fileId":"56Irgpd95HMpJpnPrJNR6R"},"_contentSize":{"__type__":"cc.Size","width":108,"height":148},"_trs":{"__type__":"TypedArray","ctor":"Float64Array","array":[0,0,0,0,0,0,1,1,1,1]}},{"__type__":"cc.Node","_name":"num","_parent":{"__id__":88},"_components":[{"__type__":"cc.Sprite","node":{"__id__":91},"_materials":[{"__uuid__":"ecpdLyjvZBwrvm+cedCcQy"}],"_spriteFrame":{"__uuid__":"75AHkSgX1JpaSiTWWa43ft"},"_sizeMode":0,"_isTrimmedMode":false}],"_prefab":{"__type__":"cc.PrefabInfo","root":{"__id__":1},"asset":{"__uuid__":"a5x4dAhVhB3p7q7b6/XNDO"},"fileId":"03EjwFHvtG6KkBd0hj2cTa"},"_contentSize":{"__type__":"cc.Size","width":22,"height":36},"_trs":{"__type__":"TypedArray","ctor":"Float64Array","array":[-33,46.774,0,0,0,0,1,1,1,1]}},{"__type__":"cc.Node","_name":"icon_1","_parent":{"__id__":88},"_components":[{"__type__":"cc.Sprite","node":{"__id__":92},"_materials":[{"__uuid__":"ecpdLyjvZBwrvm+cedCcQy"}],"_spriteFrame":{"__uuid__":"3bQZxgOyhBDLpMgXZZS25d"},"_sizeMode":0,"_isTrimmedMode":false}],"_prefab":{"__type__":"cc.PrefabInfo","root":{"__id__":1},"asset":{"__uuid__":"a5x4dAhVhB3p7q7b6/XNDO"},"fileId":"4a8vQLvelFOo13rKTLku67"},"_contentSize":{"__type__":"cc.Size","width":54,"height":74},"_trs":{"__type__":"TypedArray","ctor":"Float64Array","array":[-38,26,0,0,0,0,1,1,1,1]}},{"__type__":"cc.Node","_name":"icon","_parent":{"__id__":88},"_components":[{"__type__":"cc.Sprite","node":{"__id__":93},"_materials":[{"__uuid__":"ecpdLyjvZBwrvm+cedCcQy"}],"_spriteFrame":{"__uuid__":"1fPO5qNvxElZh1xgant31F"},"_sizeMode":0,"_isTrimmedMode":false}],"_prefab":{"__type__":"cc.PrefabInfo","root":{"__id__":1},"asset":{"__uuid__":"a5x4dAhVhB3p7q7b6/XNDO"},"fileId":"f3ahOTCKRFKY538yczUtrz"},"_contentSize":{"__type__":"cc.Size","width":54,"height":74},"_trs":{"__type__":"TypedArray","ctor":"Float64Array","array":[18,-25,0,0,0,0,1,1,1,1]}},{"__type__":"cc.Node","_name":"poker_back","_parent":{"__id__":88},"_components":[{"__type__":"cc.Sprite","node":{"__id__":94},"_materials":[{"__uuid__":"ecpdLyjvZBwrvm+cedCcQy"}],"_spriteFrame":{"__uuid__":"53cJpJX2pDrIjEDBc19oEm"},"_sizeMode":2}],"_prefab":{"__type__":"cc.PrefabInfo","root":{"__id__":1},"asset":{"__uuid__":"a5x4dAhVhB3p7q7b6/XNDO"},"fileId":"8b+MVXqWVM+5yAgmwbwsc0"},"_contentSize":{"__type__":"cc.Size","width":108,"height":148},"_trs":{"__type__":"TypedArray","ctor":"Float64Array","array":[0,0,0,0,0,0,1,1,1,1]}},{"__type__":"cc.Node","_name":"tag","_parent":{"__id__":88},"_active":false,"_components":[{"__type__":"cc.Sprite","node":{"__id__":95},"_materials":[{"__uuid__":"ecpdLyjvZBwrvm+cedCcQy"}],"_spriteFrame":{"__uuid__":"d1n+ks+7pDa4p4i4sZMMsj"}}],"_prefab":{"__type__":"cc.PrefabInfo","root":{"__id__":1},"asset":{"__uuid__":"a5x4dAhVhB3p7q7b6/XNDO"},"fileId":"b60pSeH0NMWZjfEBZRkXhw"},"_contentSize":{"__type__":"cc.Size","width":40,"height":50},"_trs":{"__type__":"TypedArray","ctor":"Float64Array","array":[30,44,0,0,0,0,1,1,1,1]}},{"__type__":"cc.Node","_name":"img_special","_parent":{"__id__":1},"_children":[{"__id__":97}],"_components":[{"__type__":"cc.Sprite","node":{"__id__":96},"_materials":[{"__uuid__":"ecpdLyjvZBwrvm+cedCcQy"}],"_type":1,"_sizeMode":0},{"__type__":"cc.Layout","node":{"__id__":96},"_layoutSize":{"__type__":"cc.Size","width":287,"height":108},"_resize":1,"_N$paddingLeft":20,"_N$paddingRight":20,"_N$paddingTop":20}],"_prefab":{"__type__":"cc.PrefabInfo","root":{"__id__":1},"asset":{"__uuid__":"a5x4dAhVhB3p7q7b6/XNDO"},"fileId":"a1XEw9sBJEuonHtAn82ymX"},"_contentSize":{"__type__":"cc.Size","width":287,"height":108},"_anchorPoint":{"__type__":"cc.Vec2","x":0.5,"y":0.41},"_trs":{"__type__":"TypedArray","ctor":"Float64Array","array":[0,0,0,0,0,0,1,1,1,1]}},{"__type__":"cc.Node","_name":"special","_parent":{"__id__":96},"_components":[{"__type__":"cc.Sprite","node":{"__id__":97},"_materials":[{"__uuid__":"ecpdLyjvZBwrvm+cedCcQy"}],"_spriteFrame":{"__uuid__":"7eytkUybhKKZ7h6h0zBQSt"}}],"_prefab":{"__type__":"cc.PrefabInfo","root":{"__id__":1},"asset":{"__uuid__":"a5x4dAhVhB3p7q7b6/XNDO"},"fileId":"7eLpQMnaJNWqYi/D+vJR6n"},"_contentSize":{"__type__":"cc.Size","width":247,"height":88},"_trs":{"__type__":"TypedArray","ctor":"Float64Array","array":[0,0,0,0,0,0,1,1,1,1]}},{"__type__":"cc.Node","_name":"show","_parent":{"__id__":1},"_children":[{"__id__":99}],"_components":[{"__type__":"cc.Button","node":{"__id__":98},"_normalMaterial":{"__uuid__":"ecpdLyjvZBwrvm+cedCcQy"},"clickEvents":[{"__type__":"cc.ClickEvent","target":{"__id__":1},"_componentId":"b9ad3uTKEtDrp7dMlGYdD9F","handler":"touch"}],"_N$transition":2,"transition":2,"_N$normalColor":{"__type__":"cc.Color","r":230,"g":230,"b":230},"_N$pressedColor":{"__type__":"cc.Color","r":200,"g":200,"b":200},"pressedColor":{"__type__":"cc.Color","r":200,"g":200,"b":200},"_N$disabledColor":{"__type__":"cc.Color","r":120,"g":120,"b":120,"a":200},"_N$normalSprite":{"__uuid__":"29Cnwkcs9HjK02S7KZjxYg"},"_N$target":{"__id__":99}}],"_prefab":{"__type__":"cc.PrefabInfo","root":{"__id__":1},"asset":{"__uuid__":"a5x4dAhVhB3p7q7b6/XNDO"},"fileId":"c8FldVoDdPyYBWAzIY81bQ"},"_contentSize":{"__type__":"cc.Size","width":150,"height":60},"_trs":{"__type__":"TypedArray","ctor":"Float64Array","array":[0,-67.414,0,0,0,0,1,1,1,1]}},{"__type__":"cc.Node","_name":"Background","_objFlags":512,"_parent":{"__id__":98},"_children":[{"__id__":100}],"_components":[{"__type__":"cc.Sprite","node":{"__id__":99},"_materials":[{"__uuid__":"ecpdLyjvZBwrvm+cedCcQy"}],"_spriteFrame":{"__uuid__":"29Cnwkcs9HjK02S7KZjxYg"},"_type":1,"_sizeMode":0},{"__type__":"cc.Widget","node":{"__id__":99},"alignMode":0,"_alignFlags":45,"_originalWidth":100,"_originalHeight":40}],"_prefab":{"__type__":"cc.PrefabInfo","root":{"__id__":1},"asset":{"__uuid__":"a5x4dAhVhB3p7q7b6/XNDO"},"fileId":"10aj+HjSNLGb6pPMKRj4DX"},"_contentSize":{"__type__":"cc.Size","width":150,"height":60},"_trs":{"__type__":"TypedArray","ctor":"Float64Array","array":[0,0,0,0,0,0,1,1,1,1]}},{"__type__":"cc.Node","_name":"Label","_objFlags":512,"_parent":{"__id__":99},"_components":[{"__type__":"cc.Label","node":{"__id__":100},"_materials":[{"__uuid__":"ecpdLyjvZBwrvm+cedCcQy"}],"_useOriginalSize":false,"_string":"查看","_N$string":"查看","_enableWrapText":false,"_N$horizontalAlign":1,"_N$verticalAlign":1,"_N$overflow":1}],"_prefab":{"__type__":"cc.PrefabInfo","root":{"__id__":1},"asset":{"__uuid__":"a5x4dAhVhB3p7q7b6/XNDO"},"fileId":"25rza3kE1D8ac32J+HR7FJ"},"_contentSize":{"__type__":"cc.Size","width":150,"height":60},"_trs":{"__type__":"TypedArray","ctor":"Float64Array","array":[0,0,0,0,0,0,1,1,1,1]}},{"__type__":"cc.Node","_name":"reset","_parent":{"__id__":1},"_children":[{"__id__":102}],"_components":[{"__type__":"cc.Button","node":{"__id__":101},"_normalMaterial":{"__uuid__":"ecpdLyjvZBwrvm+cedCcQy"},"clickEvents":[{"__type__":"cc.ClickEvent","target":{"__id__":1},"_componentId":"b9ad3uTKEtDrp7dMlGYdD9F","handler":"reset"}],"_N$transition":3,"transition":3,"_N$normalColor":{"__type__":"cc.Color","r":230,"g":230,"b":230},"_N$pressedColor":{"__type__":"cc.Color","r":200,"g":200,"b":200},"pressedColor":{"__type__":"cc.Color","r":200,"g":200,"b":200},"_N$disabledColor":{"__type__":"cc.Color","r":120,"g":120,"b":120,"a":200},"_N$normalSprite":{"__uuid__":"27SrLTebFDU6m8+JdZfnP/"},"_N$disabledSprite":{"__uuid__":"29FYIk+N1GYaeWH/q1NxQO"},"_N$target":{"__id__":102}}],"_prefab":{"__type__":"cc.PrefabInfo","root":{"__id__":1},"asset":{"__uuid__":"a5x4dAhVhB3p7q7b6/XNDO"},"fileId":"85+bDY5YZLj74PaywD1qBU"},"_contentSize":{"__type__":"cc.Size","width":150,"height":60},"_trs":{"__type__":"TypedArray","ctor":"Float64Array","array":[0,-126.553,0,0,0,0,1,1,1,1]}},{"__type__":"cc.Node","_name":"Background","_objFlags":512,"_parent":{"__id__":101},"_children":[{"__id__":103}],"_components":[{"__type__":"cc.Sprite","node":{"__id__":102},"_materials":[{"__uuid__":"ecpdLyjvZBwrvm+cedCcQy"}],"_spriteFrame":{"__uuid__":"27SrLTebFDU6m8+JdZfnP/"},"_type":1,"_sizeMode":0},{"__type__":"cc.Widget","node":{"__id__":102},"alignMode":0,"_alignFlags":45,"_originalWidth":100,"_originalHeight":40}],"_prefab":{"__type__":"cc.PrefabInfo","root":{"__id__":1},"asset":{"__uuid__":"a5x4dAhVhB3p7q7b6/XNDO"},"fileId":"66/H931x1KOJiS9A6Pv9Gi"},"_contentSize":{"__type__":"cc.Size","width":150,"height":60},"_trs":{"__type__":"TypedArray","ctor":"Float64Array","array":[0,0,0,0,0,0,1,1,1,1]}},{"__type__":"cc.Node","_name":"Label","_objFlags":512,"_parent":{"__id__":102},"_components":[{"__type__":"cc.Label","node":{"__id__":103},"_materials":[{"__uuid__":"ecpdLyjvZBwrvm+cedCcQy"}],"_useOriginalSize":false,"_string":"重新摆牌","_N$string":"重新摆牌","_fontSize":30,"_enableWrapText":false,"_N$horizontalAlign":1,"_N$verticalAlign":1}],"_prefab":{"__type__":"cc.PrefabInfo","root":{"__id__":1},"asset":{"__uuid__":"a5x4dAhVhB3p7q7b6/XNDO"},"fileId":"63he8yn9BEeb1IKwO7Myzj"},"_contentSize":{"__type__":"cc.Size","width":120,"height":50.4},"_trs":{"__type__":"TypedArray","ctor":"Float64Array","array":[0,0,0,0,0,0,1,1,1,1]}}],{"__type__":"cc.SpriteFrame","content":{"name":"cardType_0","texture":"aee4A4fgBL15ut2C3RAqUW","rect":[0,5,40,50],"offset":[-3,-2.5],"originalSize":[46,55],"capInsets":[0,0,0,0]}},{"__type__":"cc.SpriteFrame","content":{"name":"bg_spade1_2","texture":"97YOUmqXdIK6a0wmnC/RPk","rect":[39,78,52,53],"offset":[11,-30.5],"originalSize":[108,148],"capInsets":[0,0,0,0]}},{"__type__":"cc.SpriteFrame","content":{"name":"bg_mapai","texture":"d5BYzkyIlPXpAjAVQwBAvX","rect":[0,0,191,263],"offset":[0,0],"originalSize":[191,263],"capInsets":[0,0,0,0]}}]