[{"__type__":"cc.Prefab","_name":"92","data":{"__id__":1}},{"__type__":"cc.Node","_name":"92","_components":[{"__type__":"sp.Skeleton","node":{"__id__":1},"_materials":[{"__uuid__":"7a/QZLET9IDreTiBfRn2PD"}],"defaultAnimation":"animation","_preCacheMode":0,"loop":false,"premultipliedAlpha":false,"_animationName":"animation","_playTimes":1,"_N$skeletonData":{"__uuid__":"c8ent/ByNAOaLwYEzdZ2iI"}}],"_prefab":{"__type__":"cc.PrefabInfo","root":{"__id__":1},"asset":{"__uuid__":"34fQmOXulASaQgx53ZC5+C"},"fileId":"3906V8QnJIbbc9iWIUna0b"},"_trs":{"__type__":"TypedArray","ctor":"Float64Array","array":[0,0,0,0,0,0,1,1,1,1]}}]