[{"__type__":"cc.SpriteFrame","content":{"name":"ani_zj_02","texture":"fjssz9e4-46ca-4ef5-b607-635fb5e87291","rect":[0,0,117,114],"offset":[0,0],"originalSize":[117,114],"capInsets":[0,0,0,0]}},{"__type__":"cc.SpriteFrame","content":{"name":"ani_zj_10","texture":"fjssz06c-cec6-4561-a86d-23f9792d6b4a","rect":[0,0,117,123],"offset":[0,0],"originalSize":[117,123],"capInsets":[0,0,0,0]}},{"__type__":"cc.SpriteFrame","content":{"name":"ani_zj_07","texture":"fjsszdb9-b9be-402f-ac16-15b9f32fd133","rect":[2,0,128,126],"offset":[1,0],"originalSize":[130,126],"capInsets":[0,0,0,0]}},{"__type__":"cc.SpriteFrame","content":{"name":"ani_zj_01","texture":"fjssz79b-63b8-4260-bdd3-bf6f109f5aac","rect":[0,0,103,112],"offset":[0,0],"originalSize":[103,112],"capInsets":[0,0,0,0]}},{"__type__":"cc.SpriteFrame","content":{"name":"ani_zj","texture":"fjssz1f3-b9c7-488e-aa92-76844ee6ad51","rect":[0,0,103,74],"offset":[0,0],"originalSize":[103,74],"capInsets":[0,0,0,0]}},{"__type__":"cc.SpriteFrame","content":{"name":"ani_zj_03","texture":"fjssz8f1-4ecb-4545-9f31-0deb8d2b6925","rect":[0,0,119,122],"offset":[0,0],"originalSize":[119,122],"capInsets":[0,0,0,0]}},{"__type__":"cc.SpriteFrame","content":{"name":"ani_zj_08","texture":"fjssz903-8f7b-43c3-b6ab-804df401dffd","rect":[0,0,114,120],"offset":[0,0],"originalSize":[114,120],"capInsets":[0,0,0,0]}},{"__type__":"cc.SpriteFrame","content":{"name":"ani_zj_04","texture":"fjssz379-a2b3-43e1-82f9-90febadc47ee","rect":[0,0,114,119],"offset":[0,0],"originalSize":[114,119],"capInsets":[0,0,0,0]}},{"__type__":"cc.SpriteFrame","content":{"name":"ani_zj_11","texture":"fjssz6de-cc01-4757-a4e0-2b55029ddbec","rect":[0,0,74,29],"offset":[0,0],"originalSize":[74,29],"capInsets":[0,0,0,0]}},{"__type__":"cc.SpriteFrame","content":{"name":"ani_zj_06","texture":"fjssz7bd-f274-4905-ac64-1f8352e3803c","rect":[0,0,114,120],"offset":[0,0],"originalSize":[114,120],"capInsets":[0,0,0,0]}},{"__type__":"cc.SpriteFrame","content":{"name":"ani_zj_05","texture":"fjssz82f-5735-45cd-aaed-b4770115e6e9","rect":[0,0,161,132],"offset":[0,0],"originalSize":[161,132],"capInsets":[0,0,0,0]}},{"__type__":"cc.AnimationClip","_name":"zhuajiAni","_duration":0.2,"speed":0.1,"curveData":{"comps":{"cc.Sprite":{"spriteFrame":[{"frame":0,"value":{"__uuid__":"fjssz580-65f6-4663-adb3-454444d8e66c"}},{"frame":0.016666666666666666,"value":{"__uuid__":"fjssz55d-ac30-440e-a71e-7cfca7634c4a"}},{"frame":0.03333333333333333,"value":{"__uuid__":"fjssz032-b886-4c36-97dc-c6dbafd15dce"}},{"frame":0.05,"value":{"__uuid__":"fjssz686-4ecc-4ba9-bbbf-c3e8bb04344f"}},{"frame":0.06666666666666667,"value":{"__uuid__":"fjssz926-8ac4-4dd0-adc5-a47895caa218"}},{"frame":0.08333333333333333,"value":{"__uuid__":"fjsszd12-d70b-4f2d-8147-749772231d82"}},{"frame":0.1,"value":{"__uuid__":"fjsszb66-cebe-4ded-bcec-9e6065a9ee19"}},{"frame":0.11666666666666667,"value":{"__uuid__":"fjssz4d3-d64a-4791-a171-e5dea45dcf10"}},{"frame":0.13333333333333333,"value":{"__uuid__":"fjssz714-7303-408c-8259-59841e83c3e9"}},{"frame":0.15,"value":{"__uuid__":"fjsszed6-0700-43d8-8533-bf91f6ba4af9"}},{"frame":0.16666666666666666,"value":{"__uuid__":"fjssz3d2-c2ea-4966-9ef6-1bc936e17038"}},{"frame":0.18333333333333332,"value":{"__uuid__":"fjssza80-ad73-4a09-841e-322a31ad9557"}}]}}}},{"__type__":"cc.SpriteFrame","content":{"name":"ani_zj_09","texture":"fjssz8e0-85e9-4d99-9a13-3c318abe3755","rect":[0,0,119,122],"offset":[0,0],"originalSize":[119,122],"capInsets":[0,0,0,0]}}]