[{"__type__":"cc.BitmapFont","_name":"win","spriteFrame":{"__uuid__":"5cixxdZXhDKa2BCmSwrf1a"},"fontSize":1,"_fntConfig":{"commonHeight":42,"fontSize":1,"atlasName":"win.png","fontDefDictionary":{"32":{"rect":{"x":0,"y":0,"width":0,"height":0},"xOffset":0,"yOffset":0,"xAdvance":30},"40":{"rect":{"x":0,"y":0,"width":30,"height":42},"xOffset":0,"yOffset":0,"xAdvance":30},"41":{"rect":{"x":0,"y":42,"width":30,"height":42},"xOffset":0,"yOffset":0,"xAdvance":30},"43":{"rect":{"x":30,"y":0,"width":30,"height":42},"xOffset":0,"yOffset":0,"xAdvance":30},"48":{"rect":{"x":0,"y":84,"width":30,"height":42},"xOffset":0,"yOffset":0,"xAdvance":30},"49":{"rect":{"x":30,"y":42,"width":30,"height":42},"xOffset":0,"yOffset":0,"xAdvance":30},"50":{"rect":{"x":60,"y":0,"width":30,"height":42},"xOffset":0,"yOffset":0,"xAdvance":30},"51":{"rect":{"x":30,"y":84,"width":30,"height":42},"xOffset":0,"yOffset":0,"xAdvance":30},"52":{"rect":{"x":60,"y":42,"width":30,"height":42},"xOffset":0,"yOffset":0,"xAdvance":30},"53":{"rect":{"x":90,"y":0,"width":30,"height":42},"xOffset":0,"yOffset":0,"xAdvance":30},"54":{"rect":{"x":60,"y":84,"width":30,"height":42},"xOffset":0,"yOffset":0,"xAdvance":30},"55":{"rect":{"x":90,"y":42,"width":30,"height":42},"xOffset":0,"yOffset":0,"xAdvance":30},"56":{"rect":{"x":120,"y":0,"width":30,"height":42},"xOffset":0,"yOffset":0,"xAdvance":30},"57":{"rect":{"x":90,"y":84,"width":30,"height":42},"xOffset":0,"yOffset":0,"xAdvance":30}},"kerningDict":{}}},{"__type__":"cc.SpriteFrame","content":{"name":"win","texture":"02mGSFGmpIXL+cxh1COCFA","rect":[0,0,149,126],"offset":[-53.5,1],"originalSize":[256,128],"capInsets":[0,0,0,0]}}]