[{"__type__":"cc.SpriteFrame","content":{"name":"bg_poker","texture":"dad5REbZNCwKOHcwDHBQaX","rect":[0,0,191,263],"offset":[0,0],"originalSize":[191,263],"capInsets":[0,0,0,0]}},{"__type__":"cc.SpriteFrame","content":{"name":"bg_heart1_1","texture":"07HhQ9KUxFuqTtCVD8qkgg","rect":[0,0,84,77],"offset":[0,0],"originalSize":[84,77],"capInsets":[0,0,0,0]}},{"__type__":"cc.SpriteFrame","content":{"name":"black_3","texture":"c4EFEtBURNXph89zt7ZoJ5","rect":[2,1,35,60],"offset":[-0.5,0],"originalSize":[40,62],"capInsets":[0,0,0,0]}},{"__type__":"cc.SpriteFrame","content":{"name":"poker_back1","texture":"b1EI5g5LtKBoFZSHZBLwV1","rect":[0,0,356,499],"offset":[0,0],"originalSize":[356,499],"capInsets":[0,0,0,0]}},{"__type__":"cc.SpriteFrame","content":{"name":"bg_spade1_2","texture":"97YOUmqXdIK6a0wmnC/RPk","rect":[39,78,52,53],"offset":[11,-30.5],"originalSize":[108,148],"capInsets":[0,0,0,0]}},{"__type__":"cc.SpriteFrame","content":{"name":"bg_mapai","texture":"d5BYzkyIlPXpAjAVQwBAvX","rect":[0,0,191,263],"offset":[0,0],"originalSize":[191,263],"capInsets":[0,0,0,0]}},[{"__type__":"cc.Prefab","_name":"cardPrefab","data":{"__id__":1}},{"__type__":"cc.Node","_name":"cardPrefab","_children":[{"__id__":2},{"__id__":3},{"__id__":4},{"__id__":5},{"__id__":6},{"__id__":7},{"__id__":8},{"__id__":9},{"__id__":10}],"_prefab":{"__type__":"cc.PrefabInfo","root":{"__id__":1},"asset":{"__uuid__":"fjssz85f-dcc0-44ff-bd2c-ca1faabe74c8"},"fileId":"f19a25l5FZHypcKC44KgfQI"},"_contentSize":{"__type__":"cc.Size","width":108,"height":148},"_trs":{"__type__":"TypedArray","ctor":"Float64Array","array":[0,0,0,0,0,0,1,1,1,1]}},{"__type__":"cc.Node","_name":"bg_poker","_parent":{"__id__":1},"_components":[{"__type__":"cc.Sprite","node":{"__id__":2},"_materials":[{"__uuid__":"ecpdLyjvZBwrvm+cedCcQy"}],"_spriteFrame":{"__uuid__":"597aTGNN1Fgq6nUj8Z1n0M"},"_sizeMode":0,"_isTrimmedMode":false}],"_prefab":{"__type__":"cc.PrefabInfo","root":{"__id__":1},"asset":{"__uuid__":"fjssz85f-dcc0-44ff-bd2c-ca1faabe74c8"},"fileId":"1923aSWDT1ItIi9ZOlbtsES"},"_contentSize":{"__type__":"cc.Size","width":108,"height":148},"_trs":{"__type__":"TypedArray","ctor":"Float64Array","array":[0,0,0,0,0,0,1,1,1,1]}},{"__type__":"cc.Node","_name":"icon_mapai","_parent":{"__id__":1},"_active":false,"_components":[{"__type__":"cc.Sprite","node":{"__id__":3},"_materials":[{"__uuid__":"ecpdLyjvZBwrvm+cedCcQy"}],"_spriteFrame":{"__uuid__":"f4eAmSm/JDVJhWmR2+4RqT"},"_sizeMode":0}],"_prefab":{"__type__":"cc.PrefabInfo","root":{"__id__":1},"asset":{"__uuid__":"fjssz85f-dcc0-44ff-bd2c-ca1faabe74c8"},"fileId":"e83ny5XYJBKJ3Ijh/DfXYu"},"_contentSize":{"__type__":"cc.Size","width":108,"height":149},"_trs":{"__type__":"TypedArray","ctor":"Float64Array","array":[0,0,0,0,0,0,1,1,1,1]}},{"__type__":"cc.Node","_name":"num","_parent":{"__id__":1},"_components":[{"__type__":"cc.Sprite","node":{"__id__":4},"_materials":[{"__uuid__":"ecpdLyjvZBwrvm+cedCcQy"}],"_spriteFrame":{"__uuid__":"84nHwuqZRKUpY1ROnbL39P"},"_sizeMode":0,"_isTrimmedMode":false}],"_prefab":{"__type__":"cc.PrefabInfo","root":{"__id__":1},"asset":{"__uuid__":"fjssz85f-dcc0-44ff-bd2c-ca1faabe74c8"},"fileId":"2d09elrZedCFbiQiA7Vvh9Q"},"_contentSize":{"__type__":"cc.Size","width":22,"height":36},"_trs":{"__type__":"TypedArray","ctor":"Float64Array","array":[-33.1,47.319,0,0,0,0,1,1,1,1]}},{"__type__":"cc.Node","_name":"icon","_parent":{"__id__":1},"_components":[{"__type__":"cc.Sprite","node":{"__id__":5},"_materials":[{"__uuid__":"ecpdLyjvZBwrvm+cedCcQy"}],"_spriteFrame":{"__uuid__":"6aJ1Y2NHxHS4sLpEg3QnmE"},"_sizeMode":2,"_isTrimmedMode":false}],"_prefab":{"__type__":"cc.PrefabInfo","root":{"__id__":1},"asset":{"__uuid__":"fjssz85f-dcc0-44ff-bd2c-ca1faabe74c8"},"fileId":"aa097iTFohD7Lkr8CVskkcN"},"_contentSize":{"__type__":"cc.Size","width":84,"height":77},"_trs":{"__type__":"TypedArray","ctor":"Float64Array","array":[20.641,-26.105,0,0,0,0,1,1,1,1]}},{"__type__":"cc.Node","_name":"icon_1","_parent":{"__id__":1},"_components":[{"__type__":"cc.Sprite","node":{"__id__":6},"_materials":[{"__uuid__":"ecpdLyjvZBwrvm+cedCcQy"}],"_spriteFrame":{"__uuid__":"d4Wxh8tpxHBrfX4+El4+FZ"},"_sizeMode":2,"_isTrimmedMode":false}],"_prefab":{"__type__":"cc.PrefabInfo","root":{"__id__":1},"asset":{"__uuid__":"fjssz85f-dcc0-44ff-bd2c-ca1faabe74c8"},"fileId":"77d23aCpvBEeb0wn7g2f4j3"},"_contentSize":{"__type__":"cc.Size","width":108,"height":148},"_trs":{"__type__":"TypedArray","ctor":"Float64Array","array":[-40.676,29.307,0,0,0,0,1,1,1,1]}},{"__type__":"cc.Node","_name":"icon_2","_parent":{"__id__":1},"_active":false,"_components":[{"__type__":"cc.Sprite","node":{"__id__":7},"_sizeMode":2,"_isTrimmedMode":false}],"_prefab":{"__type__":"cc.PrefabInfo","root":{"__id__":1},"asset":{"__uuid__":"fjssz85f-dcc0-44ff-bd2c-ca1faabe74c8"},"fileId":"62529X1hGFEMYcj2d7mlX/V"},"_contentSize":{"__type__":"cc.Size","width":74,"height":74},"_trs":{"__type__":"TypedArray","ctor":"Float64Array","array":[27.9,55.2,0,0,0,0,1,1,1,1]}},{"__type__":"cc.Node","_name":"icon_3","_parent":{"__id__":1},"_active":false,"_components":[{"__type__":"cc.Sprite","node":{"__id__":8},"_sizeMode":2,"_isTrimmedMode":false}],"_prefab":{"__type__":"cc.PrefabInfo","root":{"__id__":1},"asset":{"__uuid__":"fjssz85f-dcc0-44ff-bd2c-ca1faabe74c8"},"fileId":"63e86N7u95MK6S94wPgPIJU"},"_contentSize":{"__type__":"cc.Size","width":35,"height":35},"_trs":{"__type__":"TypedArray","ctor":"Float64Array","array":[-42,-24,0,0,0,0,1,1,1,1]}},{"__type__":"cc.Node","_name":"poker_back","_parent":{"__id__":1},"_active":false,"_components":[{"__type__":"cc.Sprite","node":{"__id__":9},"_materials":[{"__uuid__":"ecpdLyjvZBwrvm+cedCcQy"}],"_spriteFrame":{"__uuid__":"d3eAKGWeZAb4lcvLOpDLqQ"},"_sizeMode":2}],"_prefab":{"__type__":"cc.PrefabInfo","root":{"__id__":1},"asset":{"__uuid__":"fjssz85f-dcc0-44ff-bd2c-ca1faabe74c8"},"fileId":"df449AyhvxCs69ROVoIzbq4"},"_contentSize":{"__type__":"cc.Size","width":108,"height":148},"_trs":{"__type__":"TypedArray","ctor":"Float64Array","array":[0,0,0,0,0,0,1,1,1,1]}},{"__type__":"cc.Node","_name":"bg_black","_parent":{"__id__":1},"_active":false,"_components":[{"__type__":"cc.Sprite","node":{"__id__":10},"_type":1,"_sizeMode":0}],"_prefab":{"__type__":"cc.PrefabInfo","root":{"__id__":1},"asset":{"__uuid__":"fjssz85f-dcc0-44ff-bd2c-ca1faabe74c8"},"fileId":"2ea59zJQNhATolYjKjqfSR4"},"_contentSize":{"__type__":"cc.Size","width":134,"height":185},"_trs":{"__type__":"TypedArray","ctor":"Float64Array","array":[0,0,0,0,0,0,1,1,1,1]}}]]