[{"__type__":"cc.SpriteFrame","content":{"name":"default_btn_disabled","texture":"71VhFCTINJM6/Ky3oX9nBT","rect":[0,0,40,40],"offset":[0,0],"originalSize":[40,40],"capInsets":[12,12,12,12]}},{"__type__":"cc.SpriteFrame","content":{"name":"default_btn_pressed","texture":"b4P/PCArtIdIH38t6mlw8Y","rect":[0,0,40,40],"offset":[0,0],"originalSize":[40,40],"capInsets":[12,12,12,12]}},[{"__type__":"cc.Prefab","_name":"fjssz_UICreatRoom","data":{"__id__":1}},{"__type__":"cc.Node","_name":"fjssz_UICreatRoom","_children":[{"__id__":2},{"__id__":3},{"__id__":5}],"_components":[{"__type__":"cc.Widget","node":{"__id__":1},"alignMode":0,"_alignFlags":45,"_originalWidth":1360,"_originalHeight":760},{"__type__":"cc.Button","node":{"__id__":1},"clickEvents":[{"__type__":"cc.ClickEvent","target":{"__id__":1},"_componentId":"fjssz50b-a8bd-485c-a0d1-84ba912bffda","handler":"OnClick_Form"}],"_N$normalColor":{"__type__":"cc.Color","r":214,"g":214,"b":214},"_N$target":{"__id__":1}},{"__type__":"fjssz50b-a8bd-485c-a0d1-84ba912bffda","node":{"__id__":1},"JS_Name":"sss_BaseComponent","ZorderLv":7,"prefab_Toggles":{"__uuid__":"fjsszc33-e520-41c6-bb85-1e98e75a9494"}}],"_prefab":{"__type__":"cc.PrefabInfo","root":{"__id__":1},"asset":{"__uuid__":"fjssz2de-d662-472e-a676-0a98f75e468f"},"fileId":"51b2aF5k4BJkZtq5of0hvTT"},"_contentSize":{"__type__":"cc.Size","width":1360,"height":760},"_trs":{"__type__":"TypedArray","ctor":"Float64Array","array":[680,380,0,0,0,0,1,1,1,1]}},{"__type__":"cc.Node","_name":"bg","_parent":{"__id__":1},"_components":[{"__type__":"cc.Sprite","node":{"__id__":2},"_spriteFrame":{"__uuid__":"fjsszc4a-7ec3-4f16-ad84-ed3352de19b0"},"_type":1}],"_prefab":{"__type__":"cc.PrefabInfo","root":{"__id__":1},"asset":{"__uuid__":"fjssz2de-d662-472e-a676-0a98f75e468f"},"fileId":"469f01qLrFKw5HB+tFS/Y/F"},"_contentSize":{"__type__":"cc.Size","width":1750,"height":800},"_trs":{"__type__":"TypedArray","ctor":"Float64Array","array":[0,0,0,0,0,0,1,1,1,1]}},{"__type__":"cc.Node","_name":"img_title","_parent":{"__id__":1},"_children":[{"__id__":4}],"_components":[{"__type__":"cc.Sprite","node":{"__id__":3},"_spriteFrame":{"__uuid__":"fjssze1d-8075-40e7-9db5-707b61d6c5d4"}},{"__type__":"cc.Widget","node":{"__id__":3},"_alignFlags":1,"_left":216,"_right":994,"_originalWidth":150}],"_prefab":{"__type__":"cc.PrefabInfo","root":{"__id__":1},"asset":{"__uuid__":"fjssz2de-d662-472e-a676-0a98f75e468f"},"fileId":"789ZpbWS9CA6sR+xm9KjZC"},"_contentSize":{"__type__":"cc.Size","width":411,"height":82},"_trs":{"__type__":"TypedArray","ctor":"Float64Array","array":[0,339,0,0,0,0,1,1,1,1]}},{"__type__":"cc.Node","_name":"New Label","_parent":{"__id__":3},"_components":[{"__type__":"cc.Label","node":{"__id__":4},"_useOriginalSize":false,"_string":"福建十三水","_N$string":"福建十三水","_N$file":{"__uuid__":"fjssz345-cbe0-4203-a8ca-8141b2e63f4f"},"_isSystemFontUsed":false,"_N$horizontalAlign":1,"_N$verticalAlign":1}],"_prefab":{"__type__":"cc.PrefabInfo","root":{"__id__":1},"asset":{"__uuid__":"fjssz2de-d662-472e-a676-0a98f75e468f"},"fileId":"c6cwgKU7lA0pn5WlaTzXLx"},"_contentSize":{"__type__":"cc.Size","width":200,"height":40},"_trs":{"__type__":"TypedArray","ctor":"Float64Array","array":[0,0,0,0,0,0,1,1.5,1.5,1]}},{"__type__":"cc.Node","_name":"sp_room","_parent":{"__id__":1},"_children":[{"__id__":6}],"_components":[{"__type__":"cc.Sprite","node":{"__id__":5},"_spriteFrame":{"__uuid__":"fjsszccc-aad3-439f-9786-00229f5d3abf"},"_type":1,"_sizeMode":0}],"_prefab":{"__type__":"cc.PrefabInfo","root":{"__id__":1},"asset":{"__uuid__":"fjssz2de-d662-472e-a676-0a98f75e468f"},"fileId":"9add9yWyjJCvIPbn9nKiEyV"},"_contentSize":{"__type__":"cc.Size","width":1190,"height":548},"_trs":{"__type__":"TypedArray","ctor":"Float64Array","array":[0,16,0,0,0,0,1,1,1,1]}},{"__type__":"cc.Node","_name":"rightFrame","_parent":{"__id__":5},"_children":[{"__id__":7},{"__id__":8},{"__id__":9},{"__id__":10},{"__id__":11},{"__id__":19}],"_prefab":{"__type__":"cc.PrefabInfo","root":{"__id__":1},"asset":{"__uuid__":"fjssz2de-d662-472e-a676-0a98f75e468f"},"fileId":"ce9dboBsNtG56xVTR75PPm9"},"_contentSize":{"__type__":"cc.Size","width":1200,"height":520},"_anchorPoint":{"__type__":"cc.Vec2","x":0.5,"y":1},"_trs":{"__type__":"TypedArray","ctor":"Float64Array","array":[0,259,0,0,0,0,1,1,1,1]}},{"__type__":"cc.Node","_name":"bg","_parent":{"__id__":6},"_components":[{"__type__":"cc.Sprite","node":{"__id__":7},"_spriteFrame":{"__uuid__":"fjsszf5a-7228-4bd3-83ca-0f825151343f"},"_type":1,"_sizeMode":0},{"__type__":"cc.Widget","node":{"__id__":7},"_alignFlags":45,"_left":17,"_right":17,"_originalWidth":1012,"_originalHeight":571}],"_prefab":{"__type__":"cc.PrefabInfo","root":{"__id__":1},"asset":{"__uuid__":"fjssz2de-d662-472e-a676-0a98f75e468f"},"fileId":"5e59bNGstpDzLiq2kgpyVHf"},"_contentSize":{"__type__":"cc.Size","width":1166,"height":520},"_anchorPoint":{"__type__":"cc.Vec2","x":0.5,"y":1},"_trs":{"__type__":"TypedArray","ctor":"Float64Array","array":[0,0,0,0,0,0,1,1,1,1]}},{"__type__":"cc.Node","_name":"btn_create","_parent":{"__id__":6},"_components":[{"__type__":"cc.Sprite","node":{"__id__":8},"_spriteFrame":{"__uuid__":"fjsszaf0-e57b-4b94-81ae-7b4c9331a1a9"},"_type":1},{"__type__":"cc.Button","node":{"__id__":8},"zoomScale":0.9,"clickEvents":[{"__type__":"cc.ClickEvent","target":{"__id__":1},"_componentId":"fjssz50b-a8bd-485c-a0d1-84ba912bffda","handler":"OnClick_BtnWnd"}],"_N$transition":3,"transition":3,"_N$pressedColor":{"__type__":"cc.Color","r":255,"g":255,"b":255},"pressedColor":{"__type__":"cc.Color","r":255,"g":255,"b":255},"_N$disabledColor":{"__type__":"cc.Color","r":255,"g":255,"b":255},"_N$pressedSprite":{"__uuid__":"e97GVMl6JHh5Ml5qEDdSGa"},"pressedSprite":{"__uuid__":"e97GVMl6JHh5Ml5qEDdSGa"},"_N$hoverSprite":{"__uuid__":"e97GVMl6JHh5Ml5qEDdSGa"},"hoverSprite":{"__uuid__":"e97GVMl6JHh5Ml5qEDdSGa"},"_N$disabledSprite":{"__uuid__":"29FYIk+N1GYaeWH/q1NxQO"},"_N$target":{"__id__":8}}],"_prefab":{"__type__":"cc.PrefabInfo","root":{"__id__":1},"asset":{"__uuid__":"fjssz2de-d662-472e-a676-0a98f75e468f"},"fileId":"7f4a04WPD1JUKckqrChuObs"},"_contentSize":{"__type__":"cc.Size","width":223,"height":80},"_trs":{"__type__":"TypedArray","ctor":"Float64Array","array":[0,-584,0,0,0,0,1,1,1,1]}},{"__type__":"cc.Node","_name":"btn_save","_parent":{"__id__":6},"_active":false,"_components":[{"__type__":"cc.Sprite","node":{"__id__":9},"_spriteFrame":{"__uuid__":"fjsszaf0-e57b-4b94-81ae-7b4c9331a1a9"},"_type":1,"_sizeMode":2},{"__type__":"cc.Button","node":{"__id__":9},"zoomScale":0.9,"clickEvents":[{"__type__":"cc.ClickEvent","target":{"__id__":1},"_componentId":"fjssz50b-a8bd-485c-a0d1-84ba912bffda","handler":"OnClick_BtnWnd"}],"_N$transition":3,"transition":3,"_N$pressedColor":{"__type__":"cc.Color","r":255,"g":255,"b":255},"pressedColor":{"__type__":"cc.Color","r":255,"g":255,"b":255},"_N$disabledColor":{"__type__":"cc.Color","r":255,"g":255,"b":255},"_N$pressedSprite":{"__uuid__":"e97GVMl6JHh5Ml5qEDdSGa"},"pressedSprite":{"__uuid__":"e97GVMl6JHh5Ml5qEDdSGa"},"_N$hoverSprite":{"__uuid__":"e97GVMl6JHh5Ml5qEDdSGa"},"hoverSprite":{"__uuid__":"e97GVMl6JHh5Ml5qEDdSGa"},"_N$disabledSprite":{"__uuid__":"29FYIk+N1GYaeWH/q1NxQO"},"_N$target":{"__id__":9}}],"_prefab":{"__type__":"cc.PrefabInfo","root":{"__id__":1},"asset":{"__uuid__":"fjssz2de-d662-472e-a676-0a98f75e468f"},"fileId":"862c7KdBXJIhKzsigIRbOXW"},"_contentSize":{"__type__":"cc.Size","width":223,"height":80},"_trs":{"__type__":"TypedArray","ctor":"Float64Array","array":[0,-595,0,0,0,0,1,1,1,1]}},{"__type__":"cc.Node","_name":"tip","_parent":{"__id__":6},"_components":[{"__type__":"cc.Label","node":{"__id__":10},"_useOriginalSize":false,"_string":"注:房卡在开始游戏后第一局结束后扣除，提前解散不扣房卡。","_N$string":"注:房卡在开始游戏后第一局结束后扣除，提前解散不扣房卡。","_fontSize":24,"_lineHeight":24,"_N$horizontalAlign":1,"_N$verticalAlign":1}],"_prefab":{"__type__":"cc.PrefabInfo","root":{"__id__":1},"asset":{"__uuid__":"fjssz2de-d662-472e-a676-0a98f75e468f"},"fileId":"2fce8nDXExDGZdsp5HObWKB"},"_color":{"__type__":"cc.Color","r":193,"g":157,"b":101},"_contentSize":{"__type__":"cc.Size","width":654.67,"height":24},"_trs":{"__type__":"TypedArray","ctor":"Float64Array","array":[0,-642,0,0,0,0,1,1,1,1]}},{"__type__":"cc.Node","_name":"mark","_parent":{"__id__":6},"_children":[{"__id__":12},{"__id__":17},{"__id__":18}],"_components":[{"__type__":"cc.Mask","node":{"__id__":11},"_N$alphaThreshold":1},{"__id__":16}],"_prefab":{"__type__":"cc.PrefabInfo","root":{"__id__":1},"asset":{"__uuid__":"fjssz2de-d662-472e-a676-0a98f75e468f"},"fileId":"d3190K4RcdHlK8lKtYb61UR"},"_contentSize":{"__type__":"cc.Size","width":1100,"height":510},"_anchorPoint":{"__type__":"cc.Vec2","x":0.5,"y":1},"_trs":{"__type__":"TypedArray","ctor":"Float64Array","array":[28,-5,0,0,0,0,1,1,1,1]}},{"__type__":"cc.Node","_name":"scrollBar","_parent":{"__id__":11},"_children":[{"__id__":13}],"_components":[{"__id__":15},{"__type__":"cc.Widget","node":{"__id__":12},"alignMode":0,"_alignFlags":37,"_left":350.07654921020657,"_top":20,"_bottom":20,"_originalHeight":237},{"__type__":"cc.Sprite","node":{"__id__":12},"_spriteFrame":{"__uuid__":"fjssz98c-84f5-4931-862e-e22db2bcd315"},"_type":1,"_sizeMode":0}],"_prefab":{"__type__":"cc.PrefabInfo","root":{"__id__":1},"asset":{"__uuid__":"fjssz2de-d662-472e-a676-0a98f75e468f"},"fileId":"9720dOYfNxDo6GlDf0QWrJS"},"_color":{"__type__":"cc.Color","r":238,"g":217,"b":227},"_contentSize":{"__type__":"cc.Size","width":12,"height":470},"_anchorPoint":{"__type__":"cc.Vec2","x":1,"y":0.5},"_trs":{"__type__":"TypedArray","ctor":"Float64Array","array":[550,-255,0,0,0,0,1,1,1,1]}},{"__type__":"cc.Node","_name":"bar","_parent":{"__id__":12},"_components":[{"__id__":14}],"_prefab":{"__type__":"cc.PrefabInfo","root":{"__id__":1},"asset":{"__uuid__":"fjssz2de-d662-472e-a676-0a98f75e468f"},"fileId":"f7616MimTNH5qOUg0gVtXMg"},"_color":{"__type__":"cc.Color","r":236,"g":241,"b":245},"_contentSize":{"__type__":"cc.Size","width":10,"height":30},"_anchorPoint":{"__type__":"cc.Vec2","x":1},"_trs":{"__type__":"TypedArray","ctor":"Float64Array","array":[-1,0,0,0,0,0,1,1,1,1]}},{"__type__":"cc.Sprite","node":{"__id__":13},"_spriteFrame":{"__uuid__":"fjsszea9-3d09-4fa3-8616-060e1dfd83a6"},"_type":1,"_sizeMode":0},{"__type__":"cc.Scrollbar","node":{"__id__":12},"_scrollView":{"__id__":16},"enableAutoHide":false,"_N$handle":{"__id__":14},"_N$direction":1},{"__type__":"cc.ScrollView","node":{"__id__":11},"horizontal":false,"scrollEvents":[{"__type__":"cc.ClickEvent","target":{"__id__":1},"_componentId":"fjssz50b-a8bd-485c-a0d1-84ba912bffda","handler":"OnScrollEnded"}],"_N$content":{"__id__":17},"content":{"__id__":17},"_N$verticalScrollBar":{"__id__":15}},{"__type__":"cc.Node","_name":"layout","_parent":{"__id__":11},"_components":[{"__type__":"cc.Layout","node":{"__id__":17},"_layoutSize":{"__type__":"cc.Size","width":1000,"height":50},"_resize":1,"_N$layoutType":2,"_N$paddingTop":10,"_N$spacingY":5}],"_prefab":{"__type__":"cc.PrefabInfo","root":{"__id__":1},"asset":{"__uuid__":"fjssz2de-d662-472e-a676-0a98f75e468f"},"fileId":"da826WHy8NKTaRxRpClodb1"},"_color":{"__type__":"cc.Color","r":167,"g":167,"b":167},"_contentSize":{"__type__":"cc.Size","width":1000,"height":50},"_anchorPoint":{"__type__":"cc.Vec2","y":1},"_trs":{"__type__":"TypedArray","ctor":"Float64Array","array":[-511,-4,0,0,0,0,1,1,1,1]}},{"__type__":"cc.Node","_name":"line","_parent":{"__id__":11},"_active":false,"_components":[{"__type__":"cc.Sprite","node":{"__id__":18},"_spriteFrame":{"__uuid__":"fjssz7a4-7af5-49ed-9919-1ab1ed31c14e"}}],"_prefab":{"__type__":"cc.PrefabInfo","root":{"__id__":1},"asset":{"__uuid__":"fjssz2de-d662-472e-a676-0a98f75e468f"},"fileId":"54a41XMtl1Gko6uSEdBKuT1"},"_contentSize":{"__type__":"cc.Size","width":1210,"height":2},"_anchorPoint":{"__type__":"cc.Vec2","y":0.5},"_trs":{"__type__":"TypedArray","ctor":"Float64Array","array":[0,0,0,0,0,0,1,1,1,1]}},{"__type__":"cc.Node","_name":"scrollTip","_parent":{"__id__":6},"_children":[{"__id__":20},{"__id__":21}],"_active":false,"_prefab":{"__type__":"cc.PrefabInfo","root":{"__id__":1},"asset":{"__uuid__":"fjssz2de-d662-472e-a676-0a98f75e468f"},"fileId":"0czO5erYFGVa9fClrlX71j"},"_trs":{"__type__":"TypedArray","ctor":"Float64Array","array":[422,-466,0,0,0,0,1,1,1,1]}},{"__type__":"cc.Node","_name":"img_xx","_parent":{"__id__":19},"_components":[{"__type__":"cc.Sprite","node":{"__id__":20},"_spriteFrame":{"__uuid__":"fjssz567-bdc9-495a-9076-52f7e30d00ca"}}],"_prefab":{"__type__":"cc.PrefabInfo","root":{"__id__":1},"asset":{"__uuid__":"fjssz2de-d662-472e-a676-0a98f75e468f"},"fileId":"e7yvZo6flBRZcJRYdziW0Z"},"_contentSize":{"__type__":"cc.Size","width":53,"height":73},"_trs":{"__type__":"TypedArray","ctor":"Float64Array","array":[0,0,0,0,0,0,1,1,1,1]}},{"__type__":"cc.Node","_name":"img_xxhd","_parent":{"__id__":19},"_components":[{"__type__":"cc.Sprite","node":{"__id__":21},"_spriteFrame":{"__uuid__":"fjsszeac-a906-4c3e-8863-f6f94f81e644"}}],"_prefab":{"__type__":"cc.PrefabInfo","root":{"__id__":1},"asset":{"__uuid__":"fjssz2de-d662-472e-a676-0a98f75e468f"},"fileId":"36JaddpOpNSqBxKTg928ix"},"_contentSize":{"__type__":"cc.Size","width":89,"height":24},"_trs":{"__type__":"TypedArray","ctor":"Float64Array","array":[73,-18,0,0,0,0,1,1,1,1]}}],{"__type__":"cc.SpriteFrame","content":{"name":"img_xx","texture":"fjssz2f1-c89b-40c3-96fa-e885b0963d2e","rect":[0,0,53,73],"offset":[0,0],"originalSize":[53,73],"capInsets":[0,0,0,0]}},{"__type__":"cc.SpriteFrame","content":{"name":"img_underline","texture":"fjsszad3-1071-4f91-b341-e907b408dfd0","rect":[0,0,1210,2],"offset":[0,0],"originalSize":[1210,2],"capInsets":[0,0,0,0]}},{"__type__":"cc.SpriteFrame","content":{"name":"img_scrollbar_down","texture":"fjssz1c3-20a5-4084-8b4b-9f8585a5b7f3","rect":[0,0,14,33],"offset":[0,0],"originalSize":[14,33],"capInsets":[5,14,5,14]}},{"__type__":"cc.SpriteFrame","content":{"name":"btn_cjfj","texture":"fjssza44-a4d5-46e1-8707-25844cee0356","rect":[0,0,223,80],"offset":[0,0],"originalSize":[223,80],"capInsets":[0,0,0,0]}},{"__type__":"cc.SpriteFrame","content":{"name":"bg01_sy","texture":"fjssz90d-2a57-4a26-b096-1a8c9ec8c7fb","rect":[0,0,1560,720],"offset":[0,0],"originalSize":[1560,720],"capInsets":[0,0,0,0]}},{"__type__":"cc.SpriteFrame","content":{"name":"img_white","texture":"fjssz782-16b5-4650-9ed6-0e2a64855e60","rect":[3,3,150,150],"offset":[1,-1],"originalSize":[154,154],"capInsets":[20,20,20,20]}},{"__type__":"cc.SpriteFrame","content":{"name":"img_symid_up","texture":"fjsszb6d-d5b9-433c-986f-634f52e4a3aa","rect":[1,0,411,82],"offset":[0,0],"originalSize":[413,82],"capInsets":[0,0,0,0]}},{"__type__":"cc.SpriteFrame","content":{"name":"img_scrollbar_up","texture":"fjssz4a7-39b4-40f2-8b65-4a32c52b26a3","rect":[0,0,8,152],"offset":[0,0],"originalSize":[8,152],"capInsets":[3,8,3,8]}},{"__type__":"cc.SpriteFrame","content":{"name":"img_xxhd","texture":"fjssz6bb-b024-405a-a50d-fa2950e32d1b","rect":[0,0,89,24],"offset":[0,0],"originalSize":[89,24],"capInsets":[0,0,0,0]}},{"__type__":"cc.SpriteFrame","content":{"name":"img_yel","texture":"fjsszf74-b753-4a30-bf25-2008a56be4de","rect":[0,0,154,154],"offset":[0,0],"originalSize":[154,154],"capInsets":[20,20,20,20]}}]