[{"__type__":"cc.SpriteFrame","content":{"name":"ani_mjxp_22","texture":"lznnbce5-eb0a-4b3d-a778-57f9fd8e3c4d","rect":[0,0,520,140],"offset":[0,0],"originalSize":[520,140],"capInsets":[0,0,0,0]}},{"__type__":"cc.SpriteFrame","content":{"name":"ani_mjxp_18","texture":"lznna85f-6b4b-4253-9788-2a96237c0a7a","rect":[20,0,500,140],"offset":[10,0],"originalSize":[520,140],"capInsets":[0,0,0,0]}},{"__type__":"cc.SpriteFrame","content":{"name":"ani_mjxp_09","texture":"lznn1eff-1781-4b63-9662-3dad2190ca05","rect":[0,0,510,140],"offset":[-5,0],"originalSize":[520,140],"capInsets":[0,0,0,0]}},{"__type__":"cc.SpriteFrame","content":{"name":"ani_mjxp_26","texture":"lznnee50-4b32-4993-8267-28f1923bfae8","rect":[0,0,520,140],"offset":[0,0],"originalSize":[520,140],"capInsets":[0,0,0,0]}},{"__type__":"cc.SpriteFrame","content":{"name":"ani_mjxp_30","texture":"lznn710d-becd-4f4c-998b-dd45ff75d7bf","rect":[0,70,520,70],"offset":[0,-35],"originalSize":[520,140],"capInsets":[0,0,0,0]}},{"__type__":"cc.SpriteFrame","content":{"name":"ani_mjxp_01","texture":"lznn237f-16ad-4f48-af04-04de697440c4","rect":[0,70,520,70],"offset":[0,-35],"originalSize":[520,140],"capInsets":[0,0,0,0]}},{"__type__":"cc.SpriteFrame","content":{"name":"ani_mjxp_16","texture":"lznna971-ee7b-4070-aa23-2d8f023cad03","rect":[30,0,490,140],"offset":[15,0],"originalSize":[520,140],"capInsets":[0,0,0,0]}},{"__type__":"cc.SpriteFrame","content":{"name":"ani_mjxp_02","texture":"lznn7630-6506-49e0-9bda-83ea33835cc5","rect":[0,60,520,80],"offset":[0,-30],"originalSize":[520,140],"capInsets":[0,0,0,0]}},{"__type__":"cc.SpriteFrame","content":{"name":"ani_mjxp_28","texture":"lznnd04b-5b7f-48a8-8420-b261e1ae8620","rect":[0,20,520,120],"offset":[0,-10],"originalSize":[520,140],"capInsets":[0,0,0,0]}},{"__type__":"cc.SpriteFrame","content":{"name":"ani_mjxp_21","texture":"lznn2cfb-01aa-4330-97a6-afc505cd9069","rect":[0,0,520,140],"offset":[0,0],"originalSize":[520,140],"capInsets":[0,0,0,0]}},{"__type__":"cc.SpriteFrame","content":{"name":"ani_mjxp_11","texture":"lznn6563-7378-4429-9a48-97f941d7f2bc","rect":[0,0,490,140],"offset":[-15,0],"originalSize":[520,140],"capInsets":[0,0,0,0]}},{"__type__":"cc.SpriteFrame","content":{"name":"ani_mjxp_19","texture":"lznn01c5-3ee7-44b6-8037-643013e125d5","rect":[10,0,510,140],"offset":[5,0],"originalSize":[520,140],"capInsets":[0,0,0,0]}},{"__type__":"cc.SpriteFrame","content":{"name":"ani_mjxp_04","texture":"lznn6667-bc87-4e88-9074-3e4851cdadd2","rect":[0,40,520,100],"offset":[0,-20],"originalSize":[520,140],"capInsets":[0,0,0,0]}},{"__type__":"cc.SpriteFrame","content":{"name":"ani_mjxp_17","texture":"lznn3a65-8ebe-4fd4-b633-8444f6e19e99","rect":[30,0,490,140],"offset":[15,0],"originalSize":[520,140],"capInsets":[0,0,0,0]}},{"__type__":"cc.SpriteFrame","content":{"name":"ani_mjxp_12","texture":"lznn08ce-21bf-4f2a-ab8b-53fc264973d7","rect":[0,0,480,140],"offset":[-20,0],"originalSize":[520,140],"capInsets":[0,0,0,0]}},{"__type__":"cc.SpriteFrame","content":{"name":"ani_mjxp_27","texture":"lznnfd58-83d4-4563-ad7f-63944fcb6de1","rect":[0,0,520,140],"offset":[0,0],"originalSize":[520,140],"capInsets":[0,0,0,0]}},{"__type__":"cc.SpriteFrame","content":{"name":"ani_mjxp_14","texture":"lznn9ff8-7b06-4b6b-90aa-adb144c36519","rect":[10,0,490,140],"offset":[-5,0],"originalSize":[520,140],"capInsets":[0,0,0,0]}},{"__type__":"cc.SpriteFrame","content":{"name":"ani_mjxp_23","texture":"lznn1d75-0906-49ab-a623-8122ce0cc989","rect":[0,0,520,140],"offset":[0,0],"originalSize":[520,140],"capInsets":[0,0,0,0]}},{"__type__":"cc.SpriteFrame","content":{"name":"ani_mjxp_06","texture":"lznn93a7-14c2-411e-8548-88d71db54807","rect":[0,20,520,120],"offset":[0,-10],"originalSize":[520,140],"capInsets":[0,0,0,0]}},{"__type__":"cc.SpriteFrame","content":{"name":"ani_mjxp_15","texture":"lznn280d-928d-4a40-9215-411159b07747","rect":[20,0,490,140],"offset":[5,0],"originalSize":[520,140],"capInsets":[0,0,0,0]}},{"__type__":"cc.SpriteFrame","content":{"name":"ani_mjxp_05","texture":"lznn2789-3928-486a-bb29-f30442f928c9","rect":[0,30,520,110],"offset":[0,-15],"originalSize":[520,140],"capInsets":[0,0,0,0]}},{"__type__":"cc.SpriteFrame","content":{"name":"ani_mjxp_10","texture":"lznnff1d-93a6-44c6-94eb-979f6a75d124","rect":[0,0,500,140],"offset":[-10,0],"originalSize":[520,140],"capInsets":[0,0,0,0]}},{"__type__":"cc.SpriteFrame","content":{"name":"ani_mjxp_03","texture":"lznn6a0a-bd97-4cf1-a2dd-ab8044cc5234","rect":[0,50,520,90],"offset":[0,-25],"originalSize":[520,140],"capInsets":[0,0,0,0]}},{"__type__":"cc.SpriteFrame","content":{"name":"ani_mjxp_08","texture":"lznn493e-8aa5-46d5-9964-5f76e1039533","rect":[0,0,520,140],"offset":[0,0],"originalSize":[520,140],"capInsets":[0,0,0,0]}},{"__type__":"cc.SpriteFrame","content":{"name":"ani_mjxp_07","texture":"lznn8c36-e8e0-445c-850c-22930b672340","rect":[0,10,520,130],"offset":[0,-5],"originalSize":[520,140],"capInsets":[0,0,0,0]}},{"__type__":"cc.SpriteFrame","content":{"name":"ani_mjxp_29","texture":"lznnc790-d154-49a3-9eed-2d0e80d71929","rect":[0,40,520,100],"offset":[0,-20],"originalSize":[520,140],"capInsets":[0,0,0,0]}},{"__type__":"cc.SpriteFrame","content":{"name":"ani_mjxp_24","texture":"lznn4e34-5951-41a6-a4c7-aac3c3818929","rect":[0,0,520,140],"offset":[0,0],"originalSize":[520,140],"capInsets":[0,0,0,0]}},{"__type__":"cc.AnimationClip","_name":"xipaiAction","_duration":1.4833333333333334,"curveData":{"comps":{"cc.Sprite":{"spriteFrame":[{"frame":0,"value":{"__uuid__":"lznn3ba8-5b4c-49d3-9bba-c6bc9bf48a97"}},{"frame":0.05,"value":{"__uuid__":"lznn4c88-8f73-4216-a512-c799ce4b2bd7"}},{"frame":0.1,"value":{"__uuid__":"lznnbbbf-7d16-4ecb-8df4-51267538e092"}},{"frame":0.15,"value":{"__uuid__":"lznn6f29-87ba-4aad-8445-58b01610433a"}},{"frame":0.2,"value":{"__uuid__":"lznn9cb9-56ad-426f-9e55-6814de102a20"}},{"frame":0.25,"value":{"__uuid__":"lznn8b7f-5f03-4a03-b983-5129b2f2290a"}},{"frame":0.3,"value":{"__uuid__":"lznnd1f2-6540-4232-9a6f-6c8e2e2456e1"}},{"frame":0.35,"value":{"__uuid__":"lznnc9fc-0435-49d5-b2c6-3db002e77bdb"}},{"frame":0.4,"value":{"__uuid__":"lznn1d65-bb50-489c-bf07-92a0a0e78cc8"}},{"frame":0.45,"value":{"__uuid__":"lznn9d07-530e-4e06-b483-680119b9af00"}},{"frame":0.5,"value":{"__uuid__":"lznn5ece-9ab6-48c9-bdee-fb2b8e27103b"}},{"frame":0.55,"value":{"__uuid__":"lznn73bb-1c14-4a33-bfb0-278ab1248d21"}},{"frame":0.6166666666666667,"value":{"__uuid__":"lznneb9f-2d25-48ff-8ac1-fd1bcd8702a6"}},{"frame":0.6666666666666666,"value":{"__uuid__":"lznn7f3d-2a0b-4ae7-b2d9-e0b79aef1cec"}},{"frame":0.7166666666666667,"value":{"__uuid__":"lznn92b3-652a-41ad-8139-01a61dad3a9e"}},{"frame":0.7666666666666667,"value":{"__uuid__":"lznn421a-6da6-43a3-a5cc-0025f56a4f05"}},{"frame":0.8166666666666667,"value":{"__uuid__":"lznn72b3-0839-4db9-9e96-c540a5db8f42"}},{"frame":0.8666666666666667,"value":{"__uuid__":"lznn10d2-1032-44ca-b778-e48d045259b7"}},{"frame":0.9166666666666666,"value":{"__uuid__":"lznn65d2-f4f5-4f51-8657-40311664ac25"}},{"frame":0.9666666666666667,"value":{"__uuid__":"lznnec9b-a409-4268-94fc-beb05fc77a70"}},{"frame":1.0166666666666666,"value":{"__uuid__":"lznn5cc7-1bd0-464c-8539-932c9a34d4f4"}},{"frame":1.0666666666666667,"value":{"__uuid__":"lznn0f11-83ad-491a-94b2-fd307c6e20d1"}},{"frame":1.1166666666666667,"value":{"__uuid__":"lznn86fa-28c9-48f5-b2f4-5e1c8b6f4b4a"}},{"frame":1.1666666666666667,"value":{"__uuid__":"lznne249-a1aa-481d-bc1b-b9ec4ac2182a"}},{"frame":1.2166666666666666,"value":{"__uuid__":"lznnfb10-2c09-457c-87ee-e9ed455b4ef6"}},{"frame":1.2666666666666666,"value":{"__uuid__":"lznn27d9-52a6-4dac-8627-ec7d7c6230d0"}},{"frame":1.3166666666666667,"value":{"__uuid__":"lznn74e3-0212-4f10-af57-815033bbae92"}},{"frame":1.3666666666666667,"value":{"__uuid__":"lznn5c0b-6e47-4c24-8f03-a3d00dad2b98"}},{"frame":1.4166666666666667,"value":{"__uuid__":"lznnd9b8-88c1-450b-af21-b39df9dce90b"}},{"frame":1.4666666666666666,"value":{"__uuid__":"lznn294a-df74-4755-a7f9-35a6fc9558ae"}}]}}}},{"__type__":"cc.SpriteFrame","content":{"name":"ani_mjxp_13","texture":"lznn8fde-1627-46d9-8755-5a7b8953a18f","rect":[0,0,490,140],"offset":[-15,0],"originalSize":[520,140],"capInsets":[0,0,0,0]}},{"__type__":"cc.SpriteFrame","content":{"name":"ani_mjxp_20","texture":"lznn1757-9882-44e8-a352-322c04ba9c5d","rect":[0,0,520,140],"offset":[0,0],"originalSize":[520,140],"capInsets":[0,0,0,0]}},{"__type__":"cc.SpriteFrame","content":{"name":"ani_mjxp_25","texture":"lznndf63-5066-4106-ac92-8fce9ab621bb","rect":[0,0,520,140],"offset":[0,0],"originalSize":[520,140],"capInsets":[0,0,0,0]}}]