[{"__type__":"cc.SpriteFrame","content":{"name":"ani_zd_03","texture":"lznnbb61-998f-4356-b44c-3a6f62e30800","rect":[1,0,23,24],"offset":[0.5,0],"originalSize":[24,24],"capInsets":[0,0,0,0]}},{"__type__":"cc.AnimationClip","_name":"zhadanAni","_duration":0.15,"speed":0.1,"curveData":{"comps":{"cc.Sprite":{"spriteFrame":[{"frame":0,"value":{"__uuid__":"lznn4a91-ae2e-4995-a21d-784e3a4c8304"}},{"frame":0.016666666666666666,"value":{"__uuid__":"lznnf7d5-5147-44c2-8187-cf8e3e552ab0"}},{"frame":0.03333333333333333,"value":{"__uuid__":"lznn3d2d-847f-45b5-86fb-2d0564e66c3c"}},{"frame":0.05,"value":{"__uuid__":"lznn7053-21fa-4a07-aea8-b8dc713e3589"}},{"frame":0.06666666666666667,"value":{"__uuid__":"lznn4938-a7f4-4151-b4d1-000815770e0f"}},{"frame":0.08333333333333333,"value":{"__uuid__":"lznne094-86c7-444e-8587-0f784cf32bc9"}},{"frame":0.1,"value":{"__uuid__":"lznn8e04-9a9f-4e8b-aac9-a2db75d401ff"}},{"frame":0.11666666666666667,"value":{"__uuid__":"lznn8849-d9c1-4946-b347-c0a48e44321b"}},{"frame":0.13333333333333333,"value":{"__uuid__":"lznnfbac-0bbb-4e9f-b64f-24c9ca2dc0f5"}}]}}}},{"__type__":"cc.SpriteFrame","content":{"name":"ani_zd_05","texture":"lznndb90-d40b-44a9-885d-66f6d5399191","rect":[2,0,72,77],"offset":[0.5,0],"originalSize":[75,77],"capInsets":[0,0,0,0]}},{"__type__":"cc.SpriteFrame","content":{"name":"ani_zd_01","texture":"lznn30ba-00c0-4257-9305-77a201bfaf09","rect":[0,0,88,56],"offset":[-2.5,0],"originalSize":[93,56],"capInsets":[0,0,0,0]}},{"__type__":"cc.SpriteFrame","content":{"name":"ani_zd_04","texture":"lznned3d-b727-4a2d-8ea6-5d0cb67415b0","rect":[0,1,49,53],"offset":[-1,-0.5],"originalSize":[51,54],"capInsets":[0,0,0,0]}},{"__type__":"cc.SpriteFrame","content":{"name":"ani_zd_08","texture":"lznn25f8-0dfe-498f-a2ce-842b28564047","rect":[0,1,137,140],"offset":[-0.5,-0.5],"originalSize":[138,141],"capInsets":[0,0,0,0]}},{"__type__":"cc.SpriteFrame","content":{"name":"ani_zd_07","texture":"lznn566d-a75b-4b4f-b9b5-6a2e0de80d0a","rect":[0,0,124,119],"offset":[0,0],"originalSize":[124,119],"capInsets":[0,0,0,0]}},{"__type__":"cc.SpriteFrame","content":{"name":"ani_zd_06","texture":"lznnff64-12c3-4343-9d3d-6eb3bede0196","rect":[1,1,111,109],"offset":[0.5,-0.5],"originalSize":[112,110],"capInsets":[0,0,0,0]}},{"__type__":"cc.SpriteFrame","content":{"name":"ani_zd_02","texture":"lznn7e12-3e81-44ce-8ec7-f1bf19958a40","rect":[0,0,7,6],"offset":[0,0],"originalSize":[7,6],"capInsets":[0,0,0,0]}},{"__type__":"cc.SpriteFrame","content":{"name":"ani_zd_09","texture":"lznn6021-6366-4e70-bfca-e9f413192878","rect":[0,0,105,119],"offset":[0,0],"originalSize":[105,119],"capInsets":[0,0,0,0]}}]