[{"__type__":"cc.SpriteFrame","content":{"name":"hu_ani6","texture":"lznn9fef-488a-493d-ae26-fa7127e4e6cf","rect":[0,0,570,258],"offset":[0,0],"originalSize":[570,258],"capInsets":[0,0,0,0]}},{"__type__":"cc.AnimationClip","_name":"huAction","_duration":1.1833333333333333,"curveData":{"comps":{"cc.Sprite":{"spriteFrame":[{"frame":0,"value":{"__uuid__":"lznn7604-a6ad-4055-b88f-ee10a3b795f7"}},{"frame":0.16666666666666666,"value":{"__uuid__":"lznn378e-cfae-4fcf-92d4-382779f15bf2"}},{"frame":0.3333333333333333,"value":{"__uuid__":"lznn94e5-4682-4152-951c-7815ac85c3c2"}},{"frame":0.5,"value":{"__uuid__":"lznn84e6-5ee0-46a6-ad2c-355c334aa4a2"}},{"frame":0.6666666666666666,"value":{"__uuid__":"lznn9168-e31f-4fea-9713-606617ffc20c"}},{"frame":0.8333333333333334,"value":{"__uuid__":"lznn0f3c-921a-41e1-9f26-5d9f188c78d4"}},{"frame":1,"value":{"__uuid__":"lznnb9d6-b90a-40f6-9c75-5224da1887be"}},{"frame":1.1666666666666667,"value":{"__uuid__":"lznned85-a75c-4154-a06d-64db0f309434"}}]}}}},{"__type__":"cc.SpriteFrame","content":{"name":"hu_ani2","texture":"lznnb9df-900f-4af1-b1f6-ce178e08064a","rect":[0,1,569,221],"offset":[-0.5,17.5],"originalSize":[570,258],"capInsets":[0,0,0,0]}},{"__type__":"cc.SpriteFrame","content":{"name":"hu_ani1","texture":"lznn5bb7-73d2-44b6-9364-4b7c6867e825","rect":[0,0,570,222],"offset":[0,18],"originalSize":[570,258],"capInsets":[0,0,0,0]}},{"__type__":"cc.SpriteFrame","content":{"name":"hu_ani4","texture":"lznn9fe4-0caf-495d-b77e-f698c94fcc61","rect":[0,0,569,240],"offset":[-0.5,9],"originalSize":[570,258],"capInsets":[0,0,0,0]}},{"__type__":"cc.SpriteFrame","content":{"name":"hu_ani5","texture":"lznnfefc-f5b3-4b10-8825-fb4fbdf0ab8d","rect":[0,1,570,239],"offset":[0,8.5],"originalSize":[570,258],"capInsets":[0,0,0,0]}},{"__type__":"cc.SpriteFrame","content":{"name":"hu_ani3","texture":"lznn3caf-d8c0-470b-bceb-192aaa6f2768","rect":[0,1,569,221],"offset":[-0.5,17.5],"originalSize":[570,258],"capInsets":[0,0,0,0]}},{"__type__":"cc.SpriteFrame","content":{"name":"hu_ani7","texture":"lznn2f50-c495-4c4b-b4eb-fc67595efbba","rect":[0,0,570,222],"offset":[0,18],"originalSize":[570,258],"capInsets":[0,0,0,0]}},{"__type__":"cc.SpriteFrame","content":{"name":"hu_ani8","texture":"lznn0893-4785-4bf7-9b72-35c77a67c4f5","rect":[0,0,570,222],"offset":[0,18],"originalSize":[570,258],"capInsets":[0,0,0,0]}}]