[{"__type__":"cc.BitmapFont","_name":"lb_btn_game_green","spriteFrame":{"__uuid__":"qzmjmjee-da40-4fd0-a3ee-500b74bb374a"},"fontSize":1,"_fntConfig":{"commonHeight":54,"fontSize":1,"atlasName":"lb_btn_game_green.png","fontDefDictionary":{"32":{"rect":{"x":0,"y":0,"width":0,"height":0},"xOffset":0,"yOffset":0,"xAdvance":51},"20139":{"rect":{"x":0,"y":0,"width":51,"height":54},"xOffset":0,"yOffset":0,"xAdvance":51},"20986":{"rect":{"x":0,"y":54,"width":51,"height":54},"xOffset":0,"yOffset":0,"xAdvance":51},"20998":{"rect":{"x":51,"y":0,"width":51,"height":54},"xOffset":0,"yOffset":0,"xAdvance":51},"21451":{"rect":{"x":0,"y":108,"width":51,"height":54},"xOffset":0,"yOffset":0,"xAdvance":51},"22823":{"rect":{"x":51,"y":54,"width":51,"height":54},"xOffset":0,"yOffset":0,"xAdvance":51},"22909":{"rect":{"x":102,"y":0,"width":51,"height":54},"xOffset":0,"yOffset":0,"xAdvance":51},"23478":{"rect":{"x":0,"y":162,"width":51,"height":54},"xOffset":0,"yOffset":0,"xAdvance":51},"23616":{"rect":{"x":51,"y":108,"width":51,"height":54},"xOffset":0,"yOffset":0,"xAdvance":51},"24179":{"rect":{"x":102,"y":54,"width":51,"height":54},"xOffset":0,"yOffset":0,"xAdvance":51},"25105":{"rect":{"x":153,"y":0,"width":51,"height":54},"xOffset":0,"yOffset":0,"xAdvance":51},"25151":{"rect":{"x":51,"y":162,"width":51,"height":54},"xOffset":0,"yOffset":0,"xAdvance":51},"25509":{"rect":{"x":102,"y":108,"width":51,"height":54},"xOffset":0,"yOffset":0,"xAdvance":51},"25552":{"rect":{"x":153,"y":54,"width":51,"height":54},"xOffset":0,"yOffset":0,"xAdvance":51},"26469":{"rect":{"x":204,"y":0,"width":51,"height":54},"xOffset":0,"yOffset":0,"xAdvance":51},"31034":{"rect":{"x":102,"y":162,"width":51,"height":54},"xOffset":0,"yOffset":0,"xAdvance":51},"31169":{"rect":{"x":153,"y":108,"width":51,"height":54},"xOffset":0,"yOffset":0,"xAdvance":51},"31192":{"rect":{"x":204,"y":54,"width":51,"height":54},"xOffset":0,"yOffset":0,"xAdvance":51},"32487":{"rect":{"x":255,"y":0,"width":51,"height":54},"xOffset":0,"yOffset":0,"xAdvance":51},"32493":{"rect":{"x":153,"y":162,"width":51,"height":54},"xOffset":0,"yOffset":0,"xAdvance":51},"35831":{"rect":{"x":204,"y":108,"width":51,"height":54},"xOffset":0,"yOffset":0,"xAdvance":51},"36194":{"rect":{"x":255,"y":54,"width":51,"height":54},"xOffset":0,"yOffset":0,"xAdvance":51},"36864":{"rect":{"x":306,"y":0,"width":51,"height":54},"xOffset":0,"yOffset":0,"xAdvance":51},"36992":{"rect":{"x":204,"y":162,"width":51,"height":54},"xOffset":0,"yOffset":0,"xAdvance":51},"38142":{"rect":{"x":255,"y":108,"width":51,"height":54},"xOffset":0,"yOffset":0,"xAdvance":51},"38388":{"rect":{"x":306,"y":54,"width":51,"height":54},"xOffset":0,"yOffset":0,"xAdvance":51}},"kerningDict":{}}},{"__type__":"cc.SpriteFrame","content":{"name":"lb_btn_game_green","texture":"qzmjmj67-c295-4e9b-80af-bcffbd11d867","rect":[3,5,350,206],"offset":[-78,20],"originalSize":[512,256],"capInsets":[0,0,0,0]}}]