[{"__type__":"cc.SpriteFrame","content":{"name":"ani_jd_04","texture":"qzmjmjf2-53cf-4037-bf06-2fed75475464","rect":[0,0,282,170],"offset":[0,0],"originalSize":[282,170],"capInsets":[0,0,0,0]}},{"__type__":"cc.SpriteFrame","content":{"name":"ani_jd_03","texture":"qzmjmjed-10df-4bde-8c9b-99cd5cc42ad3","rect":[0,0,209,126],"offset":[0,0],"originalSize":[209,126],"capInsets":[0,0,0,0]}},{"__type__":"cc.SpriteFrame","content":{"name":"ani_jd_01","texture":"qzmjmj98-1074-4b11-beb8-d092f26e7306","rect":[0,0,51,67],"offset":[0,0],"originalSize":[51,67],"capInsets":[0,0,0,0]}},{"__type__":"cc.SpriteFrame","content":{"name":"ani_jd_02","texture":"qzmjmj7d-9d03-4d5f-9930-8284b7b204cb","rect":[0,0,74,78],"offset":[0,0],"originalSize":[74,78],"capInsets":[0,0,0,0]}},{"__type__":"cc.AnimationClip","_name":"jidanAni","_duration":0.06666666666666667,"speed":0.1,"curveData":{"comps":{"cc.Sprite":{"spriteFrame":[{"frame":0,"value":{"__uuid__":"qzmjmj71-7ae2-4bdb-9a74-a6b113e51e37"}},{"frame":0.016666666666666666,"value":{"__uuid__":"qzmjmj88-aca4-4366-aa3a-120c7eb1a738"}},{"frame":0.03333333333333333,"value":{"__uuid__":"qzmjmj69-83b0-441b-a6dc-08dab714b7b0"}},{"frame":0.05,"value":{"__uuid__":"qzmjmj07-c592-41b3-8461-279e8ff748e8"}}]}}}}]