[{"__type__":"cc.SpriteFrame","content":{"name":"lb_qgh","texture":"qzmjmjb1-34cb-43d0-afb3-dfebdb3c2427","rect":[0,0,116,40],"offset":[0,0],"originalSize":[116,40],"capInsets":[0,0,0,0]}},{"__type__":"cc.SpriteFrame","content":{"name":"lb_sjd","texture":"qzmjmj90-1f70-4b37-a669-9dafc42b9e2e","rect":[0,0,115,40],"offset":[0,0],"originalSize":[115,40],"capInsets":[0,0,0,0]}},{"__type__":"cc.SpriteFrame","content":{"name":"bg","texture":"qzmjmj36-8a0c-4d92-8561-c45e53fa19cc","rect":[0,0,21,63],"offset":[0,0],"originalSize":[21,63],"capInsets":[0,0,0,0]}},{"__type__":"cc.SpriteFrame","content":{"name":"btn_yellow01","texture":"qzmjmje0-8f42-44c9-abf3-3456bfd6e3ab","rect":[0,0,223,80],"offset":[0,0],"originalSize":[223,80],"capInsets":[0,0,0,0]}},{"__type__":"cc.SpriteFrame","content":{"name":"lb_lj","texture":"qzmjmj11-da79-4406-b628-885e3d69dae9","rect":[0,0,78,39],"offset":[0,0],"originalSize":[78,39],"capInsets":[0,0,0,0]}},{"__type__":"cc.SpriteFrame","content":{"name":"lb_wj","texture":"qzmjmjeb-1a40-488d-81d5-50f33a3ccd0d","rect":[0,0,79,38],"offset":[0,0],"originalSize":[79,38],"capInsets":[0,0,0,0]}},{"__type__":"cc.SpriteFrame","content":{"name":"lb_ph","texture":"qzmjmj1e-157e-4095-a30b-d81076c17093","rect":[0,0,77,40],"offset":[0,0],"originalSize":[77,40],"capInsets":[0,0,0,0]}},{"__type__":"cc.SpriteFrame","content":{"name":"btn_green01","texture":"qzmjmjb0-52b9-4b0f-9af1-74c5ebdafff1","rect":[0,0,206,74],"offset":[0,0],"originalSize":[206,74],"capInsets":[0,0,0,0]}},{"__type__":"cc.SpriteFrame","content":{"name":"lb_sy","texture":"qzmjmj9c-a653-44cf-a5d4-d5ba4ef39133","rect":[0,0,79,40],"offset":[0,0],"originalSize":[79,40],"capInsets":[0,0,0,0]}},{"__type__":"cc.SpriteFrame","content":{"name":"lb_zm","texture":"qzmjmj34-bb4a-4331-a482-583f455e9aea","rect":[0,0,75,40],"offset":[0,0],"originalSize":[75,40],"capInsets":[0,0,0,0]}},{"__type__":"cc.SpriteFrame","content":{"name":"lb_ssy","texture":"qzmjmjf2-6a6a-4cc2-9f56-b35930cc5071","rect":[0,0,116,39],"offset":[0,0],"originalSize":[116,39],"capInsets":[0,0,0,0]}},{"__type__":"cc.SpriteFrame","content":{"name":"lb_th","texture":"qzmjmj3c-bfda-4188-a4c3-70b9ff5667e4","rect":[0,0,77,40],"offset":[0,0],"originalSize":[77,40],"capInsets":[0,0,0,0]}},{"__type__":"cc.SpriteFrame","content":{"name":"lb_dd","texture":"qzmjmj2c-d5ce-476b-8563-2402e4eed822","rect":[0,0,78,40],"offset":[0,0],"originalSize":[78,40],"capInsets":[0,0,0,0]}},{"__type__":"cc.SpriteFrame","content":{"name":"lb_dy","texture":"qzmjmj31-a732-4f9d-b7fd-20a766381fae","rect":[0,0,79,40],"offset":[0,0],"originalSize":[79,40],"capInsets":[0,0,0,0]}},{"__type__":"cc.SpriteFrame","content":{"name":"img_fk","texture":"qzmjmj3e-8530-492d-90d7-d67c8bf4be0f","rect":[0,0,58,66],"offset":[0,0],"originalSize":[58,66],"capInsets":[0,0,0,0]}},{"__type__":"cc.SpriteFrame","content":{"name":"lb_sijd","texture":"qzmjmj12-ee27-4f26-8720-f14999ec1181","rect":[0,0,114,40],"offset":[0,0],"originalSize":[114,40],"capInsets":[0,0,0,0]}},{"__type__":"cc.SpriteFrame","content":{"name":"lb_shz","texture":"qzmjmj91-ac5b-409c-8ac0-62a329d7c2e6","rect":[0,1,114,39],"offset":[0,-0.5],"originalSize":[114,40],"capInsets":[0,0,0,0]}},{"__type__":"cc.SpriteFrame","content":{"name":"bg_title","texture":"qzmjmje5-5a3d-4737-b994-cf41e5ee7655","rect":[1,0,473,87],"offset":[0,0],"originalSize":[475,87],"capInsets":[0,0,0,0]}},{"__type__":"cc.SpriteFrame","content":{"name":"lb_dp","texture":"qzmjmje3-9c41-416a-a6af-4cf0af81278c","rect":[0,0,78,39],"offset":[0,0],"originalSize":[78,39],"capInsets":[0,0,0,0]}},{"__type__":"cc.SpriteFrame","content":{"name":"bg_02","texture":"qzmjmj76-0f5c-4d84-842b-a77df07a590f","rect":[0,0,1306,698],"offset":[0,0],"originalSize":[1306,698],"capInsets":[0,0,0,0]}},{"__type__":"cc.SpriteFrame","content":{"name":"lb_qj","texture":"qzmjmjd3-14d1-4f21-82cc-a95ee4b9e994","rect":[0,0,79,39],"offset":[0,0],"originalSize":[79,39],"capInsets":[0,0,0,0]}},{"__type__":"cc.SpriteFrame","content":{"name":"lb_mjpx_jp","texture":"qzmjmj18-1c58-4040-9089-d0f79adeafb1","rect":[1,1,79,39],"offset":[0,0],"originalSize":[81,41],"capInsets":[0,0,0,0]}},[{"__type__":"cc.Prefab","_name":"qzmj_UIMJWinLost","data":{"__id__":1}},{"__type__":"cc.Node","_name":"qzmj_UIMJWinLost","_children":[{"__id__":2},{"__id__":6},{"__id__":7},{"__id__":11},{"__id__":24},{"__id__":25}],"_components":[{"__type__":"cc.Widget","node":{"__id__":1},"alignMode":0,"_alignFlags":45},{"__type__":"cc.Button","node":{"__id__":1},"_N$normalColor":{"__type__":"cc.Color","r":214,"g":214,"b":214},"_N$target":{"__id__":1}},{"__type__":"cc.Sprite","node":{"__id__":1},"_spriteFrame":{"__uuid__":"qzmjmj1f-3e0b-4b1d-ae52-c52ad188bba9"},"_sizeMode":0},{"__type__":"qzmjmjab-80e1-4244-ad13-bad1319ed7ae","node":{"__id__":1},"JS_Name":"xymj_BaseComponent","btn_goon":{"__id__":18},"btn_jixu":{"__id__":20},"btn_exit":{"__id__":22},"btn_xipai":{"__id__":14},"roomID":{"__id__":10},"jushu":{"__id__":8},"endTime":{"__id__":9},"Players":{"__id__":6},"winlost_child16":{"__uuid__":"qzmj8caf-3e2c-4286-9ddc-c95f012cc95a"},"btn_sharemore":{"__id__":12},"lb_huifang":{"__id__":26},"huLbIcon":[{"__uuid__":"qzmjmj7b-a368-4f3f-9c9a-42a5fc7c3af7"},{"__uuid__":"qzmjmj9c-a3fc-48ee-91ee-61840fccb035"},{"__uuid__":"qzmjmj81-e1cc-47c4-bbd6-d5a9d03d44b4"},{"__uuid__":"qzmjmjf4-61da-4236-b34d-c5197cf98bcf"},{"__uuid__":"qzmjmj34-422c-43e5-b2a0-7ee006cbfd65"},{"__uuid__":"qzmjmj45-717b-4e74-ab42-6213ddd3b728"},{"__uuid__":"qzmjmj17-1993-4fa3-b491-f143552af382"},{"__uuid__":"qzmjmja5-fc75-4cd1-b1e8-ac630ae44727"},{"__uuid__":"qzmjmjea-baae-4e2b-8e72-360a36eb6d40"},{"__uuid__":"qzmjmj8b-52b8-40f0-8d92-bb4fa453efa4"},{"__uuid__":"qzmjmj1d-fe2c-4021-ae16-1838aea8d4be"},{"__uuid__":"qzmjmjf9-76cd-41f1-abaa-38dfcf5e0a38"},{"__uuid__":"qzmjmj75-39cb-403f-a86b-83e6af84e3e9"},{"__uuid__":"qzmjmj66-a5ba-4ed8-a88d-70d3770ccafd"},{"__uuid__":"qzmjmj79-dd3f-4cc9-8529-a6a9043da531"},{"__uuid__":"qzmjmj39-09b3-45ad-9342-6ee0dcb25641"},{"__uuid__":"qzmjmj6c-c716-43fc-9aec-81101c4c4da1"},{"__uuid__":"qzmjmjb4-724d-4def-92d3-ad99d13a8ed9"},{"__uuid__":"qzmjmj8e-c31e-42c0-b53e-1c3e423cd565"}]},{"__type__":"cc.BlockInputEvents","node":{"__id__":1}}],"_prefab":{"__type__":"cc.PrefabInfo","root":{"__id__":1},"asset":{"__uuid__":"qzmjmjb8-8368-4e1a-9d9e-adf28b87a54d"},"fileId":"a9bc75edztANqqC2ZNN3+Kp"},"_contentSize":{"__type__":"cc.Size","width":1360,"height":760},"_trs":{"__type__":"TypedArray","ctor":"Float64Array","array":[680,380,0,0,0,0,1,1,1,1]}},{"__type__":"cc.Node","_name":"bg","_parent":{"__id__":1},"_children":[{"__id__":3},{"__id__":5}],"_components":[{"__type__":"cc.Sprite","node":{"__id__":2},"_spriteFrame":{"__uuid__":"qzmjmja5-887a-4540-96a0-bf6387f5c8cf"},"_type":1,"_sizeMode":0}],"_prefab":{"__type__":"cc.PrefabInfo","root":{"__id__":1},"asset":{"__uuid__":"qzmjmjb8-8368-4e1a-9d9e-adf28b87a54d"},"fileId":"c970aIkNkxEJqbPJDXO1QjV"},"_contentSize":{"__type__":"cc.Size","width":1360,"height":698},"_trs":{"__type__":"TypedArray","ctor":"Float64Array","array":[0,-21,0,0,0,0,1,1,1,1]}},{"__type__":"cc.Node","_name":"bg_title","_parent":{"__id__":2},"_children":[{"__id__":4}],"_components":[{"__type__":"cc.Sprite","node":{"__id__":3},"_spriteFrame":{"__uuid__":"qzmjmj92-6868-4f87-af04-8f2f2a593e71"}}],"_prefab":{"__type__":"cc.PrefabInfo","root":{"__id__":1},"asset":{"__uuid__":"qzmjmjb8-8368-4e1a-9d9e-adf28b87a54d"},"fileId":"8dc921lcetAQKP7tDrVTVkB"},"_contentSize":{"__type__":"cc.Size","width":473,"height":87},"_trs":{"__type__":"TypedArray","ctor":"Float64Array","array":[0,343,0,0,0,0,1,1,1,1]}},{"__type__":"cc.Node","_name":"title_result","_parent":{"__id__":3},"_components":[{"__type__":"cc.Sprite","node":{"__id__":4},"_spriteFrame":{"__uuid__":"qzmjmje9-497a-496e-add3-387c75519f86"}}],"_prefab":{"__type__":"cc.PrefabInfo","root":{"__id__":1},"asset":{"__uuid__":"qzmjmjb8-8368-4e1a-9d9e-adf28b87a54d"},"fileId":"ef865u+Wa9DjY/Gy77j4yz5"},"_contentSize":{"__type__":"cc.Size","width":191,"height":59},"_trs":{"__type__":"TypedArray","ctor":"Float64Array","array":[0,0,0,0,0,0,1,1,1,1]}},{"__type__":"cc.Node","_name":"New Sprite","_parent":{"__id__":2},"_components":[{"__type__":"cc.Sprite","node":{"__id__":5},"_spriteFrame":{"__uuid__":"qzmjmjc7-9f7a-45b7-8107-a177136e785f"},"_sizeMode":0}],"_prefab":{"__type__":"cc.PrefabInfo","root":{"__id__":1},"asset":{"__uuid__":"qzmjmjb8-8368-4e1a-9d9e-adf28b87a54d"},"fileId":"937b9eMESBGqJUqwVeBbHMw"},"_contentSize":{"__type__":"cc.Size","width":800,"height":38},"_trs":{"__type__":"TypedArray","ctor":"Float64Array","array":[-226,253,0,0,0,0,1,1,1,1]}},{"__type__":"cc.Node","_name":"Players","_parent":{"__id__":1},"_components":[{"__type__":"cc.Layout","node":{"__id__":6},"_layoutSize":{"__type__":"cc.Size","width":1280,"height":100},"_resize":1,"_N$layoutType":2,"_N$spacingY":5}],"_prefab":{"__type__":"cc.PrefabInfo","root":{"__id__":1},"asset":{"__uuid__":"qzmjmjb8-8368-4e1a-9d9e-adf28b87a54d"},"fileId":"6b6ecrDFHRNn5PaQj8Wr561"},"_contentSize":{"__type__":"cc.Size","width":1280,"height":100},"_anchorPoint":{"__type__":"cc.Vec2","x":0.5,"y":1},"_trs":{"__type__":"TypedArray","ctor":"Float64Array","array":[0,188,0,0,0,0,1,1,1,1]}},{"__type__":"cc.Node","_name":"room_info","_parent":{"__id__":1},"_children":[{"__id__":8},{"__id__":9},{"__id__":10}],"_prefab":{"__type__":"cc.PrefabInfo","root":{"__id__":1},"asset":{"__uuid__":"qzmjmjb8-8368-4e1a-9d9e-adf28b87a54d"},"fileId":"a2d097o0PJGmZLT3dSo/to6"},"_trs":{"__type__":"TypedArray","ctor":"Float64Array","array":[0,31,0,0,0,0,1,1,1,1]}},{"__type__":"cc.Node","_name":"jushu","_parent":{"__id__":7},"_components":[{"__type__":"cc.Label","node":{"__id__":8},"_useOriginalSize":false,"_string":"局数:8","_N$string":"局数:8","_fontSize":30,"_lineHeight":30,"_N$file":{"__uuid__":"qzmjmj1e-650d-4484-9e24-10ffc791e225"},"_isSystemFontUsed":false,"_N$horizontalAlign":1,"_N$verticalAlign":1}],"_prefab":{"__type__":"cc.PrefabInfo","root":{"__id__":1},"asset":{"__uuid__":"qzmjmjb8-8368-4e1a-9d9e-adf28b87a54d"},"fileId":"13467qnhWNAWrBOrw2bthtk"},"_color":{"__type__":"cc.Color","r":105,"g":62,"b":62},"_contentSize":{"__type__":"cc.Size","width":85.08,"height":30},"_trs":{"__type__":"TypedArray","ctor":"Float64Array","array":[-256,200,0,0,0,0,1,1,1,1]}},{"__type__":"cc.Node","_name":"endTime","_parent":{"__id__":7},"_components":[{"__type__":"cc.Label","node":{"__id__":9},"_useOriginalSize":false,"_string":"2017-5-30 15:30","_N$string":"2017-5-30 15:30","_fontSize":30,"_lineHeight":30,"_N$file":{"__uuid__":"qzmjmj1e-650d-4484-9e24-10ffc791e225"},"_isSystemFontUsed":false,"_N$horizontalAlign":1,"_N$verticalAlign":1}],"_prefab":{"__type__":"cc.PrefabInfo","root":{"__id__":1},"asset":{"__uuid__":"qzmjmjb8-8368-4e1a-9d9e-adf28b87a54d"},"fileId":"24ce0DBE/pBWKIe1QEJT3eX"},"_color":{"__type__":"cc.Color","r":105,"g":62,"b":62},"_contentSize":{"__type__":"cc.Size","width":226.76,"height":30},"_anchorPoint":{"__type__":"cc.Vec2","x":1,"y":0.5},"_trs":{"__type__":"TypedArray","ctor":"Float64Array","array":[165,200,0,0,0,0,1,1,1,1]}},{"__type__":"cc.Node","_name":"roomID","_parent":{"__id__":7},"_components":[{"__type__":"cc.Label","node":{"__id__":10},"_useOriginalSize":false,"_string":"房间号:123456","_N$string":"房间号:123456","_fontSize":30,"_lineHeight":30,"_N$file":{"__uuid__":"qzmjmj1e-650d-4484-9e24-10ffc791e225"},"_isSystemFontUsed":false,"_N$horizontalAlign":1,"_N$verticalAlign":1}],"_prefab":{"__type__":"cc.PrefabInfo","root":{"__id__":1},"asset":{"__uuid__":"qzmjmjb8-8368-4e1a-9d9e-adf28b87a54d"},"fileId":"2d6c8zYBFZF0J6tlgWCSemk"},"_color":{"__type__":"cc.Color","r":105,"g":62,"b":62},"_contentSize":{"__type__":"cc.Size","width":194.53,"height":30},"_trs":{"__type__":"TypedArray","ctor":"Float64Array","array":[-504,200,0,0,0,0,1,1,1,1]}},{"__type__":"cc.Node","_name":"btn_list","_parent":{"__id__":1},"_children":[{"__id__":12},{"__id__":14},{"__id__":18},{"__id__":20},{"__id__":22}],"_components":[{"__type__":"cc.Layout","node":{"__id__":11},"_layoutSize":{"__type__":"cc.Size","width":1158,"height":100},"_resize":1,"_N$layoutType":1,"_N$spacingX":100}],"_prefab":{"__type__":"cc.PrefabInfo","root":{"__id__":1},"asset":{"__uuid__":"qzmjmjb8-8368-4e1a-9d9e-adf28b87a54d"},"fileId":"424d57MBGhOPZkUHq1sIYpc"},"_contentSize":{"__type__":"cc.Size","width":1158,"height":100},"_trs":{"__type__":"TypedArray","ctor":"Float64Array","array":[0,-301,0,0,0,0,1,1,1,1]}},{"__type__":"cc.Node","_name":"btn_sharemore","_parent":{"__id__":11},"_children":[{"__id__":13}],"_components":[{"__type__":"cc.Sprite","node":{"__id__":12},"_spriteFrame":{"__uuid__":"qzmjmj4e-6edc-497e-940f-b01c6afa7300"}},{"__type__":"cc.Button","node":{"__id__":12},"clickEvents":[{"__type__":"cc.ClickEvent","target":{"__id__":1},"_componentId":"qzmjmjab-80e1-4244-ad13-bad1319ed7ae","handler":"OnClick_BtnWnd"}],"_N$transition":3,"transition":3,"_N$normalColor":{"__type__":"cc.Color","r":214,"g":214,"b":214},"_N$target":{"__id__":12}}],"_prefab":{"__type__":"cc.PrefabInfo","root":{"__id__":1},"asset":{"__uuid__":"qzmjmjb8-8368-4e1a-9d9e-adf28b87a54d"},"fileId":"e0bb2ZK9c5BF7TFx11Z+f/P"},"_contentSize":{"__type__":"cc.Size","width":206,"height":74},"_trs":{"__type__":"TypedArray","ctor":"Float64Array","array":[-476,0,0,0,0,0,1,1,1,1]}},{"__type__":"cc.Node","_name":"lb","_parent":{"__id__":12},"_components":[{"__type__":"cc.Label","node":{"__id__":13},"_useOriginalSize":false,"_string":"分享","_N$string":"分享","_fontSize":36,"_lineHeight":38,"_N$file":{"__uuid__":"qzmjmj1e-650d-4484-9e24-10ffc791e225"},"_isSystemFontUsed":false,"_N$horizontalAlign":1,"_N$verticalAlign":1},{"__type__":"cc.LabelOutline","node":{"__id__":13},"_color":{"__type__":"cc.Color","r":51,"g":75,"b":8},"_width":2}],"_prefab":{"__type__":"cc.PrefabInfo","root":{"__id__":1},"asset":{"__uuid__":"qzmjmjb8-8368-4e1a-9d9e-adf28b87a54d"},"fileId":"021c1/52RpGVYFOehMcS7o1"},"_contentSize":{"__type__":"cc.Size","width":76,"height":38},"_trs":{"__type__":"TypedArray","ctor":"Float64Array","array":[-1.6,2,0,0,0,0,1,1,1,1]}},{"__type__":"cc.Node","_name":"btn_xipai","_parent":{"__id__":11},"_children":[{"__id__":15},{"__id__":16},{"__id__":17}],"_active":false,"_components":[{"__type__":"cc.Sprite","node":{"__id__":14},"_spriteFrame":{"__uuid__":"qzmjmj4e-6edc-497e-940f-b01c6afa7300"}},{"__type__":"cc.Button","node":{"__id__":14},"clickEvents":[{"__type__":"cc.ClickEvent","target":{"__id__":1},"_componentId":"qzmjmjab-80e1-4244-ad13-bad1319ed7ae","handler":"OnClick_BtnWnd"}],"_N$transition":3,"transition":3,"_N$pressedColor":{"__type__":"cc.Color","r":255,"g":255,"b":255},"pressedColor":{"__type__":"cc.Color","r":255,"g":255,"b":255},"_N$disabledColor":{"__type__":"cc.Color","r":255,"g":255,"b":255},"_N$target":{"__id__":14}}],"_prefab":{"__type__":"cc.PrefabInfo","root":{"__id__":1},"asset":{"__uuid__":"qzmjmjb8-8368-4e1a-9d9e-adf28b87a54d"},"fileId":"500b7PjLmxODrhU6ptdq1Le"},"_contentSize":{"__type__":"cc.Size","width":206,"height":74},"_trs":{"__type__":"TypedArray","ctor":"Float64Array","array":[-323,0,0,0,0,0,1,1,1,1]}},{"__type__":"cc.Node","_name":"icon","_parent":{"__id__":14},"_components":[{"__type__":"cc.Label","node":{"__id__":15},"_useOriginalSize":false,"_string":"洗牌","_N$string":"洗牌","_fontSize":36,"_lineHeight":38,"_N$file":{"__uuid__":"qzmjmj1e-650d-4484-9e24-10ffc791e225"},"_isSystemFontUsed":false,"_N$horizontalAlign":1,"_N$verticalAlign":1},{"__type__":"cc.LabelOutline","node":{"__id__":15},"_color":{"__type__":"cc.Color","r":51,"g":75,"b":8},"_width":2}],"_prefab":{"__type__":"cc.PrefabInfo","root":{"__id__":1},"asset":{"__uuid__":"qzmjmjb8-8368-4e1a-9d9e-adf28b87a54d"},"fileId":"2d214RkkmFMQ7j2D9M421GA"},"_contentSize":{"__type__":"cc.Size","width":76,"height":38},"_trs":{"__type__":"TypedArray","ctor":"Float64Array","array":[-34.8,2,0,0,0,0,1,1,1,1]}},{"__type__":"cc.Node","_name":"New Sprite","_parent":{"__id__":14},"_components":[{"__type__":"cc.Sprite","node":{"__id__":16},"_spriteFrame":{"__uuid__":"qzmjmj84-3468-47cf-915a-7ca532b981ad"}}],"_prefab":{"__type__":"cc.PrefabInfo","root":{"__id__":1},"asset":{"__uuid__":"qzmjmjb8-8368-4e1a-9d9e-adf28b87a54d"},"fileId":"6d08e1yU1pAf5PywZRw17d1"},"_contentSize":{"__type__":"cc.Size","width":58,"height":66},"_trs":{"__type__":"TypedArray","ctor":"Float64Array","array":[23.9,2.2,0,0,0,0,1,0.8,0.8,1]}},{"__type__":"cc.Node","_name":"icon","_parent":{"__id__":14},"_components":[{"__type__":"cc.Label","node":{"__id__":17},"_useOriginalSize":false,"_string":"-1","_N$string":"-1","_fontSize":36,"_lineHeight":38,"_N$file":{"__uuid__":"qzmjmj1e-650d-4484-9e24-10ffc791e225"},"_isSystemFontUsed":false,"_N$horizontalAlign":1,"_N$verticalAlign":1},{"__type__":"cc.LabelOutline","node":{"__id__":17},"_color":{"__type__":"cc.Color","r":51,"g":75,"b":8},"_width":2}],"_prefab":{"__type__":"cc.PrefabInfo","root":{"__id__":1},"asset":{"__uuid__":"qzmjmjb8-8368-4e1a-9d9e-adf28b87a54d"},"fileId":"f3323zWtP9C9IRVFhJIfzsO"},"_contentSize":{"__type__":"cc.Size","width":38.73,"height":38},"_trs":{"__type__":"TypedArray","ctor":"Float64Array","array":[64.2,3,0,0,0,0,1,1,1,1]}},{"__type__":"cc.Node","_name":"btn_goon","_parent":{"__id__":11},"_children":[{"__id__":19}],"_components":[{"__type__":"cc.Sprite","node":{"__id__":18},"_spriteFrame":{"__uuid__":"qzmjmj2a-b403-4fc5-912e-acee0cf1daa0"}},{"__type__":"cc.Button","node":{"__id__":18},"clickEvents":[{"__type__":"cc.ClickEvent","target":{"__id__":1},"_componentId":"qzmjmjab-80e1-4244-ad13-bad1319ed7ae","handler":"OnClick_BtnWnd"}],"_N$transition":3,"transition":3,"_N$pressedColor":{"__type__":"cc.Color","r":255,"g":255,"b":255},"pressedColor":{"__type__":"cc.Color","r":255,"g":255,"b":255},"_N$disabledColor":{"__type__":"cc.Color","r":255,"g":255,"b":255},"_N$target":{"__id__":18}}],"_prefab":{"__type__":"cc.PrefabInfo","root":{"__id__":1},"asset":{"__uuid__":"qzmjmjb8-8368-4e1a-9d9e-adf28b87a54d"},"fileId":"71507ruxLRDELeyu3KXxIhl"},"_contentSize":{"__type__":"cc.Size","width":223,"height":80},"_trs":{"__type__":"TypedArray","ctor":"Float64Array","array":[-161.5,0,0,0,0,0,1,1,1,1]}},{"__type__":"cc.Node","_name":"icon","_parent":{"__id__":18},"_components":[{"__type__":"cc.Label","node":{"__id__":19},"_useOriginalSize":false,"_string":"继续","_N$string":"继续","_fontSize":36,"_lineHeight":38,"_N$file":{"__uuid__":"qzmjmj1e-650d-4484-9e24-10ffc791e225"},"_isSystemFontUsed":false,"_N$horizontalAlign":1,"_N$verticalAlign":1},{"__type__":"cc.LabelOutline","node":{"__id__":19},"_color":{"__type__":"cc.Color","r":150,"g":92,"b":16},"_width":2}],"_prefab":{"__type__":"cc.PrefabInfo","root":{"__id__":1},"asset":{"__uuid__":"qzmjmjb8-8368-4e1a-9d9e-adf28b87a54d"},"fileId":"45336O4ippJXonVEcbcYw4H"},"_contentSize":{"__type__":"cc.Size","width":76,"height":38},"_trs":{"__type__":"TypedArray","ctor":"Float64Array","array":[-0.8,0.8,0,0,0,0,1,1,1,1]}},{"__type__":"cc.Node","_name":"btn_jixu","_parent":{"__id__":11},"_children":[{"__id__":21}],"_components":[{"__type__":"cc.Sprite","node":{"__id__":20},"_spriteFrame":{"__uuid__":"qzmjmj4e-6edc-497e-940f-b01c6afa7300"}},{"__type__":"cc.Button","node":{"__id__":20},"clickEvents":[{"__type__":"cc.ClickEvent","target":{"__id__":1},"_componentId":"qzmjmjab-80e1-4244-ad13-bad1319ed7ae","handler":"OnClick_BtnWnd"}],"_N$transition":3,"transition":3,"_N$pressedColor":{"__type__":"cc.Color","r":255,"g":255,"b":255},"pressedColor":{"__type__":"cc.Color","r":255,"g":255,"b":255},"_N$disabledColor":{"__type__":"cc.Color","r":255,"g":255,"b":255},"_N$target":{"__id__":20}}],"_prefab":{"__type__":"cc.PrefabInfo","root":{"__id__":1},"asset":{"__uuid__":"qzmjmjb8-8368-4e1a-9d9e-adf28b87a54d"},"fileId":"aba504NrnhNbohswELvhC+7"},"_contentSize":{"__type__":"cc.Size","width":206,"height":74},"_trs":{"__type__":"TypedArray","ctor":"Float64Array","array":[153,0,0,0,0,0,1,1,1,1]}},{"__type__":"cc.Node","_name":"icon","_parent":{"__id__":20},"_components":[{"__type__":"cc.Label","node":{"__id__":21},"_useOriginalSize":false,"_string":"继续","_N$string":"继续","_fontSize":36,"_lineHeight":38,"_N$file":{"__uuid__":"qzmjmj1e-650d-4484-9e24-10ffc791e225"},"_isSystemFontUsed":false,"_N$horizontalAlign":1,"_N$verticalAlign":1},{"__type__":"cc.LabelOutline","node":{"__id__":21},"_color":{"__type__":"cc.Color","r":51,"g":75,"b":8},"_width":2}],"_prefab":{"__type__":"cc.PrefabInfo","root":{"__id__":1},"asset":{"__uuid__":"qzmjmjb8-8368-4e1a-9d9e-adf28b87a54d"},"fileId":"6ae4exWO5RI4qNUyMxQfWDv"},"_contentSize":{"__type__":"cc.Size","width":76,"height":38},"_trs":{"__type__":"TypedArray","ctor":"Float64Array","array":[0,1.8,0,0,0,0,1,1,1,1]}},{"__type__":"cc.Node","_name":"btn_exit","_parent":{"__id__":11},"_children":[{"__id__":23}],"_components":[{"__type__":"cc.Sprite","node":{"__id__":22},"_spriteFrame":{"__uuid__":"qzmjmj2a-b403-4fc5-912e-acee0cf1daa0"}},{"__type__":"cc.Button","node":{"__id__":22},"clickEvents":[{"__type__":"cc.ClickEvent","target":{"__id__":1},"_componentId":"qzmjmjab-80e1-4244-ad13-bad1319ed7ae","handler":"OnClick_BtnWnd"}],"_N$transition":3,"transition":3,"_N$pressedColor":{"__type__":"cc.Color","r":255,"g":255,"b":255},"pressedColor":{"__type__":"cc.Color","r":255,"g":255,"b":255},"_N$disabledColor":{"__type__":"cc.Color","r":255,"g":255,"b":255},"_N$target":{"__id__":22}}],"_prefab":{"__type__":"cc.PrefabInfo","root":{"__id__":1},"asset":{"__uuid__":"qzmjmjb8-8368-4e1a-9d9e-adf28b87a54d"},"fileId":"e00901/wGFGtIX2KZ4oaP2/"},"_contentSize":{"__type__":"cc.Size","width":223,"height":80},"_trs":{"__type__":"TypedArray","ctor":"Float64Array","array":[467.5,0,0,0,0,0,1,1,1,1]}},{"__type__":"cc.Node","_name":"icon","_parent":{"__id__":22},"_components":[{"__type__":"cc.Label","node":{"__id__":23},"_useOriginalSize":false,"_string":"总成绩","_N$string":"总成绩","_fontSize":36,"_lineHeight":38,"_N$file":{"__uuid__":"qzmjmj1e-650d-4484-9e24-10ffc791e225"},"_isSystemFontUsed":false,"_N$horizontalAlign":1,"_N$verticalAlign":1},{"__type__":"cc.LabelOutline","node":{"__id__":23},"_color":{"__type__":"cc.Color","r":150,"g":92,"b":16},"_width":2}],"_prefab":{"__type__":"cc.PrefabInfo","root":{"__id__":1},"asset":{"__uuid__":"qzmjmjb8-8368-4e1a-9d9e-adf28b87a54d"},"fileId":"9200foX/sZNfL0EwzsiRX1q"},"_contentSize":{"__type__":"cc.Size","width":112,"height":38},"_trs":{"__type__":"TypedArray","ctor":"Float64Array","array":[-0.8,0.8,0,0,0,0,1,1,1,1]}},{"__type__":"cc.Node","_name":"tip_huifang","_parent":{"__id__":1},"_components":[{"__type__":"cc.Label","node":{"__id__":24},"_useOriginalSize":false,"_string":"回放码：","_N$string":"回放码：","_lineHeight":42,"_N$file":{"__uuid__":"qzmjmj1e-650d-4484-9e24-10ffc791e225"},"_isSystemFontUsed":false,"_N$horizontalAlign":1,"_N$verticalAlign":1},{"__type__":"cc.LabelOutline","node":{"__id__":24},"_color":{"__type__":"cc.Color","r":101,"g":33,"b":14}}],"_prefab":{"__type__":"cc.PrefabInfo","root":{"__id__":1},"asset":{"__uuid__":"qzmjmjb8-8368-4e1a-9d9e-adf28b87a54d"},"fileId":"36b709TZDFBmpVHtvMy8zV6"},"_color":{"__type__":"cc.Color","r":101,"g":33,"b":14},"_contentSize":{"__type__":"cc.Size","width":162,"height":42},"_anchorPoint":{"__type__":"cc.Vec2","y":0.5},"_trs":{"__type__":"TypedArray","ctor":"Float64Array","array":[226.8,230.3,0,0,0,0,1,1,1,1]}},{"__type__":"cc.Node","_name":"lb_huifang","_parent":{"__id__":1},"_components":[{"__id__":26}],"_prefab":{"__type__":"cc.PrefabInfo","root":{"__id__":1},"asset":{"__uuid__":"qzmjmjb8-8368-4e1a-9d9e-adf28b87a54d"},"fileId":"d0580MslgBO35N/LzeHExkc"},"_contentSize":{"__type__":"cc.Size","width":213.75,"height":51.56},"_anchorPoint":{"__type__":"cc.Vec2","y":0.5},"_trs":{"__type__":"TypedArray","ctor":"Float64Array","array":[394,231,0,0,0,0,1,1,1,1]}},{"__type__":"cc.Label","node":{"__id__":25},"_useOriginalSize":false,"_string":"000000","_N$string":"000000","_fontSize":30,"_lineHeight":55,"_N$file":{"__uuid__":"qzmjmj6d-1667-4159-abe5-ac7e9a647c40"},"_isSystemFontUsed":false,"_N$horizontalAlign":1,"_N$verticalAlign":1}],{"__type__":"cc.SpriteFrame","content":{"name":"bg_fjxx","texture":"qzmjmj1e-4ff2-4bf0-b43d-4a08ad97d035","rect":[0,0,975,38],"offset":[0,0],"originalSize":[975,38],"capInsets":[0,0,0,0]}},{"__type__":"cc.SpriteFrame","content":{"name":"title_zjxq","texture":"qzmjmj31-439a-47ef-a483-c86aad667a63","rect":[0,0,191,59],"offset":[0,0.5],"originalSize":[191,60],"capInsets":[0,0,0,0]}},{"__type__":"cc.SpriteFrame","content":{"name":"lb_sany","texture":"qzmjmj15-84ba-4d2b-9d14-10b694bd6e09","rect":[0,0,78,40],"offset":[0,0],"originalSize":[78,40],"capInsets":[0,0,0,0]}},{"__type__":"cc.SpriteFrame","content":{"name":"lb_hu","texture":"qzmjmje3-5adf-48f5-b867-3164a483c091","rect":[0,0,39,40],"offset":[0,0],"originalSize":[39,40],"capInsets":[0,0,0,0]}},{"__type__":"cc.SpriteFrame","content":{"name":"lb_sjy","texture":"qzmjmj7a-433d-41dc-a113-33334fb7285e","rect":[0,0,116,40],"offset":[0,0],"originalSize":[116,40],"capInsets":[0,0,0,0]}}]