[{"__type__":"cc.SpriteFrame","content":{"name":"default_btn_disabled","texture":"71VhFCTINJM6/Ky3oX9nBT","rect":[0,0,40,40],"offset":[0,0],"originalSize":[40,40],"capInsets":[12,12,12,12]}},{"__type__":"cc.SpriteFrame","content":{"name":"img_wwb2","texture":"a7cfE/59hOradXUEr/4ufP","rect":[5,4,140,94],"offset":[0,1],"originalSize":[150,104],"capInsets":[0,0,0,0]}},{"__type__":"cc.SpriteFrame","content":{"name":"default_btn_pressed","texture":"b4P/PCArtIdIH38t6mlw8Y","rect":[0,0,40,40],"offset":[0,0],"originalSize":[40,40],"capInsets":[12,12,12,12]}},{"__type__":"cc.SpriteFrame","content":{"name":"default_btn_normal","texture":"e8Ueib+qJEhL6mXAHdnwbi","rect":[0,0,40,40],"offset":[0,0],"originalSize":[40,40],"capInsets":[12,12,12,12]}},{"__type__":"cc.SpriteFrame","content":{"name":"btn_close","texture":"qzmjmj22-4193-4d6e-968d-ec3ef372c92d","rect":[0,0,79,80],"offset":[0,0],"originalSize":[79,80],"capInsets":[0,0,0,0]}},{"__type__":"cc.SpriteFrame","content":{"name":"slide_03","texture":"qzmjmj8d-5d53-4f49-8a3e-158a8124c5ae","rect":[3,2,377,32],"offset":[0,0.5],"originalSize":[383,37],"capInsets":[0,0,0,0]}},[{"__type__":"cc.Prefab","_name":"qzmj_UISetting02","data":{"__id__":1}},{"__type__":"cc.Node","_name":"xymj_UISetting02","_children":[{"__id__":2},{"__id__":3},{"__id__":67},{"__id__":68}],"_components":[{"__type__":"cc.Widget","node":{"__id__":1},"alignMode":0,"_alignFlags":45},{"__type__":"qzmjmj37-93a6-43c0-8a9f-c0486c017734","node":{"__id__":1},"JS_Name":"pxzzmj_BaseComponent","ZorderLv":8,"xuanze":{"__uuid__":"qzmjmje9-085e-4f86-a068-7a1d1df73240"},"xuanze1":{"__uuid__":"qzmjmj31-c560-43ad-9e15-7526be7590a5"}},{"__type__":"cc.Button","node":{"__id__":1},"_N$normalColor":{"__type__":"cc.Color","r":214,"g":214,"b":214}}],"_prefab":{"__type__":"cc.PrefabInfo","root":{"__id__":1},"asset":{"__uuid__":"qzmjmj18-6694-4eeb-a8f8-bf3dc8f4c689"},"fileId":"44voIQppFCYrTk4Sv18fhd"},"_contentSize":{"__type__":"cc.Size","width":1360,"height":760},"_trs":{"__type__":"TypedArray","ctor":"Float64Array","array":[680,380,0,0,0,0,1,1,1,1]}},{"__type__":"cc.Node","_name":"bg01","_parent":{"__id__":1},"_components":[{"__type__":"cc.Sprite","node":{"__id__":2},"_materials":[{"__uuid__":"ecpdLyjvZBwrvm+cedCcQy"}],"_spriteFrame":{"__uuid__":"qzmjmj1f-3e0b-4b1d-ae52-c52ad188bba9"},"_type":1,"_sizeMode":0},{"__type__":"cc.Widget","node":{"__id__":2},"alignMode":0,"_alignFlags":45,"_originalWidth":1360,"_originalHeight":1020}],"_prefab":{"__type__":"cc.PrefabInfo","root":{"__id__":1},"asset":{"__uuid__":"qzmjmj18-6694-4eeb-a8f8-bf3dc8f4c689"},"fileId":"63SLFoOrhKlZcN+hH7fE0u"},"_contentSize":{"__type__":"cc.Size","width":1360,"height":760},"_trs":{"__type__":"TypedArray","ctor":"Float64Array","array":[0,0,0,0,0,0,1,1,1,1]}},{"__type__":"cc.Node","_name":"sp_setting","_parent":{"__id__":1},"_children":[{"__id__":4},{"__id__":6},{"__id__":16},{"__id__":26},{"__id__":28},{"__id__":29},{"__id__":30},{"__id__":35},{"__id__":52},{"__id__":60}],"_components":[{"__type__":"cc.Sprite","node":{"__id__":3},"_materials":[{"__uuid__":"ecpdLyjvZBwrvm+cedCcQy"}],"_spriteFrame":{"__uuid__":"qzmjmja5-887a-4540-96a0-bf6387f5c8cf"},"_sizeMode":0}],"_prefab":{"__type__":"cc.PrefabInfo","root":{"__id__":1},"asset":{"__uuid__":"qzmjmj18-6694-4eeb-a8f8-bf3dc8f4c689"},"fileId":"e5Zpbwn0NDzKTv/zO3GFyt"},"_contentSize":{"__type__":"cc.Size","width":860,"height":480},"_trs":{"__type__":"TypedArray","ctor":"Float64Array","array":[0,3,0,0,0,0,1,1,1,1]}},{"__type__":"cc.Node","_name":"bg_shezhi","_parent":{"__id__":3},"_children":[{"__id__":5}],"_components":[{"__type__":"cc.Sprite","node":{"__id__":4},"_materials":[{"__uuid__":"ecpdLyjvZBwrvm+cedCcQy"}],"_spriteFrame":{"__uuid__":"qzmjmj67-a77f-4e0d-b8a8-dcad6d58d3c6"}}],"_prefab":{"__type__":"cc.PrefabInfo","root":{"__id__":1},"asset":{"__uuid__":"qzmjmj18-6694-4eeb-a8f8-bf3dc8f4c689"},"fileId":"a84gYskyJKv6zh/CdjWACZ"},"_contentSize":{"__type__":"cc.Size","width":473,"height":87},"_trs":{"__type__":"TypedArray","ctor":"Float64Array","array":[0,235,0,0,0,0,1,1,1,1]}},{"__type__":"cc.Node","_name":"shezhi","_parent":{"__id__":4},"_components":[{"__type__":"cc.Sprite","node":{"__id__":5},"_materials":[{"__uuid__":"ecpdLyjvZBwrvm+cedCcQy"}],"_spriteFrame":{"__uuid__":"qzmjmjfb-7ae7-4571-bc26-e4f7c1c66211"}}],"_prefab":{"__type__":"cc.PrefabInfo","root":{"__id__":1},"asset":{"__uuid__":"qzmjmj18-6694-4eeb-a8f8-bf3dc8f4c689"},"fileId":"76u2bWsxdBoqjRL/eb4t7J"},"_contentSize":{"__type__":"cc.Size","width":168,"height":43},"_trs":{"__type__":"TypedArray","ctor":"Float64Array","array":[0,2,0,0,0,0,1,1,1,1]}},{"__type__":"cc.Node","_name":"sp_yinyue","_parent":{"__id__":3},"_children":[{"__id__":7},{"__id__":9}],"_components":[{"__type__":"cc.Label","node":{"__id__":6},"_materials":[{"__uuid__":"ecpdLyjvZBwrvm+cedCcQy"}],"_useOriginalSize":false,"_string":"音乐","_N$string":"音乐","_fontSize":38,"_lineHeight":45,"_N$file":{"__uuid__":"qzmjmj1e-650d-4484-9e24-10ffc791e225"},"_isSystemFontUsed":false}],"_prefab":{"__type__":"cc.PrefabInfo","root":{"__id__":1},"asset":{"__uuid__":"qzmjmj18-6694-4eeb-a8f8-bf3dc8f4c689"},"fileId":"2dWCDHzExDNaTls3ZRVG7i"},"_color":{"__type__":"cc.Color","r":144,"g":86,"b":37},"_contentSize":{"__type__":"cc.Size","width":76,"height":56.7},"_trs":{"__type__":"TypedArray","ctor":"Float64Array","array":[-326,147,0,0,0,0,1,1,1,1]}},{"__type__":"cc.Node","_name":"btn_toggle1","_parent":{"__id__":6},"_children":[{"__id__":8}],"_components":[{"__type__":"cc.Sprite","node":{"__id__":7},"_materials":[{"__uuid__":"ecpdLyjvZBwrvm+cedCcQy"}],"_spriteFrame":{"__uuid__":"qzmjmje9-085e-4f86-a068-7a1d1df73240"},"_type":1},{"__type__":"cc.Button","node":{"__id__":7},"clickEvents":[{"__type__":"cc.ClickEvent","target":{"__id__":1},"_componentId":"qzmjmj37-93a6-43c0-8a9f-c0486c017734","handler":"OnClick_BtnWnd"}],"_N$transition":3,"transition":3,"_N$pressedColor":{"__type__":"cc.Color","r":255,"g":255,"b":255},"pressedColor":{"__type__":"cc.Color","r":255,"g":255,"b":255},"_N$disabledColor":{"__type__":"cc.Color","r":255,"g":255,"b":255},"_N$normalSprite":{"__uuid__":"qzmjmje9-085e-4f86-a068-7a1d1df73240"},"_N$pressedSprite":{"__uuid__":"e97GVMl6JHh5Ml5qEDdSGa"},"pressedSprite":{"__uuid__":"e97GVMl6JHh5Ml5qEDdSGa"},"_N$hoverSprite":{"__uuid__":"f0BIwQ8D5Ml7nTNQbh1YlS"},"hoverSprite":{"__uuid__":"f0BIwQ8D5Ml7nTNQbh1YlS"},"_N$disabledSprite":{"__uuid__":"29FYIk+N1GYaeWH/q1NxQO"},"_N$target":{"__id__":7}}],"_prefab":{"__type__":"cc.PrefabInfo","root":{"__id__":1},"asset":{"__uuid__":"qzmjmj18-6694-4eeb-a8f8-bf3dc8f4c689"},"fileId":"670jNMCkpN8YYypf9cwKOo"},"_contentSize":{"__type__":"cc.Size","width":51,"height":51},"_trs":{"__type__":"TypedArray","ctor":"Float64Array","array":[68,0,0,0,0,0,1,1,1,1]}},{"__type__":"cc.Node","_name":"img_dxk02","_parent":{"__id__":7},"_components":[{"__type__":"cc.Sprite","node":{"__id__":8},"_materials":[{"__uuid__":"ecpdLyjvZBwrvm+cedCcQy"}],"_spriteFrame":{"__uuid__":"qzmjmj31-c560-43ad-9e15-7526be7590a5"}}],"_prefab":{"__type__":"cc.PrefabInfo","root":{"__id__":1},"asset":{"__uuid__":"qzmjmj18-6694-4eeb-a8f8-bf3dc8f4c689"},"fileId":"75VYO04T1BBqoNWz7eejnr"},"_contentSize":{"__type__":"cc.Size","width":38,"height":39},"_trs":{"__type__":"TypedArray","ctor":"Float64Array","array":[0,0,0,0,0,0,1,1,1,1]}},{"__type__":"cc.Node","_name":"sd_yinyue","_parent":{"__id__":6},"_children":[{"__id__":10},{"__id__":14}],"_components":[{"__type__":"cc.Slider","node":{"__id__":9},"slideEvents":[{"__type__":"cc.ClickEvent","target":{"__id__":9},"_componentId":"qzmjmjce-fdbc-4f1d-9028-98835ffe4db5","handler":"OnSliderEvent"}],"_N$handle":{"__id__":15},"_N$progress":0},{"__type__":"qzmjmjce-fdbc-4f1d-9028-98835ffe4db5","node":{"__id__":9},"JS_Name":"pxzzmj_BaseComponent","EventNode":{"__id__":1},"ProgressBar":{"__id__":13}}],"_prefab":{"__type__":"cc.PrefabInfo","root":{"__id__":1},"asset":{"__uuid__":"qzmjmj18-6694-4eeb-a8f8-bf3dc8f4c689"},"fileId":"54RYay6G1Po52AkljvhwVc"},"_contentSize":{"__type__":"cc.Size","width":263,"height":50},"_trs":{"__type__":"TypedArray","ctor":"Float64Array","array":[270,0,0,0,0,0,1,1,1,1]}},{"__type__":"cc.Node","_name":"pb_yinyue","_parent":{"__id__":9},"_children":[{"__id__":11}],"_components":[{"__type__":"cc.Sprite","node":{"__id__":10},"_materials":[{"__uuid__":"ecpdLyjvZBwrvm+cedCcQy"}],"_spriteFrame":{"__uuid__":"qzmjmj11-6f91-4e56-94b1-8fd4611c2c62"},"_sizeMode":0},{"__id__":13}],"_prefab":{"__type__":"cc.PrefabInfo","root":{"__id__":1},"asset":{"__uuid__":"qzmjmj18-6694-4eeb-a8f8-bf3dc8f4c689"},"fileId":"6dF3JdFRxMYr1nPAqUiFq8"},"_contentSize":{"__type__":"cc.Size","width":300,"height":35},"_trs":{"__type__":"TypedArray","ctor":"Float64Array","array":[0,0,0,0,0,0,1,1,1,1]}},{"__type__":"cc.Node","_name":"bar","_parent":{"__id__":10},"_components":[{"__id__":12}],"_prefab":{"__type__":"cc.PrefabInfo","root":{"__id__":1},"asset":{"__uuid__":"qzmjmj18-6694-4eeb-a8f8-bf3dc8f4c689"},"fileId":"5cWo1G1xBL54vllwgV9Njo"},"_contentSize":{"__type__":"cc.Size","height":35},"_anchorPoint":{"__type__":"cc.Vec2","y":0.5},"_trs":{"__type__":"TypedArray","ctor":"Float64Array","array":[-150,-1,0,0,0,0,1,1,1,1]}},{"__type__":"cc.Sprite","node":{"__id__":11},"_materials":[{"__uuid__":"ecpdLyjvZBwrvm+cedCcQy"}],"_spriteFrame":{"__uuid__":"qzmjmjf7-8c63-44d0-b504-7039dcaa9b1a"},"_type":1,"_sizeMode":0},{"__type__":"cc.ProgressBar","node":{"__id__":10},"_N$totalLength":263,"_N$barSprite":{"__id__":12},"_N$progress":0},{"__type__":"cc.Node","_name":"Handle","_parent":{"__id__":9},"_components":[{"__type__":"cc.Sprite","node":{"__id__":14},"_materials":[{"__uuid__":"ecpdLyjvZBwrvm+cedCcQy"}],"_spriteFrame":{"__uuid__":"qzmjmj21-e8f5-40d6-8d7e-7b2d7ae66e98"},"_sizeMode":2},{"__id__":15}],"_prefab":{"__type__":"cc.PrefabInfo","root":{"__id__":1},"asset":{"__uuid__":"qzmjmj18-6694-4eeb-a8f8-bf3dc8f4c689"},"fileId":"069FlmUEhFZIGAuLLa3gC8"},"_contentSize":{"__type__":"cc.Size","width":73,"height":45},"_trs":{"__type__":"TypedArray","ctor":"Float64Array","array":[-131.5,0,0,0,0,0,1,1,1,1]}},{"__type__":"cc.Button","node":{"__id__":14},"zoomScale":0.9,"_N$enableAutoGrayEffect":true,"_N$transition":3,"transition":3,"_N$pressedColor":{"__type__":"cc.Color","r":255,"g":255,"b":255},"pressedColor":{"__type__":"cc.Color","r":255,"g":255,"b":255},"_N$disabledColor":{"__type__":"cc.Color","r":255,"g":255,"b":255},"_N$pressedSprite":{"__uuid__":"e97GVMl6JHh5Ml5qEDdSGa"},"pressedSprite":{"__uuid__":"e97GVMl6JHh5Ml5qEDdSGa"},"_N$hoverSprite":{"__uuid__":"e97GVMl6JHh5Ml5qEDdSGa"},"hoverSprite":{"__uuid__":"e97GVMl6JHh5Ml5qEDdSGa"},"_N$disabledSprite":{"__uuid__":"29FYIk+N1GYaeWH/q1NxQO"},"_N$target":{"__id__":14}},{"__type__":"cc.Node","_name":"sp_yinxiao","_parent":{"__id__":3},"_children":[{"__id__":17},{"__id__":19}],"_components":[{"__type__":"cc.Label","node":{"__id__":16},"_materials":[{"__uuid__":"ecpdLyjvZBwrvm+cedCcQy"}],"_useOriginalSize":false,"_string":"音效","_N$string":"音效","_fontSize":38,"_lineHeight":45,"_N$file":{"__uuid__":"qzmjmj1e-650d-4484-9e24-10ffc791e225"},"_isSystemFontUsed":false}],"_prefab":{"__type__":"cc.PrefabInfo","root":{"__id__":1},"asset":{"__uuid__":"qzmjmj18-6694-4eeb-a8f8-bf3dc8f4c689"},"fileId":"fbqnp3zEtFBbWS2DS9b8rh"},"_color":{"__type__":"cc.Color","r":144,"g":86,"b":37},"_contentSize":{"__type__":"cc.Size","width":76,"height":56.7},"_trs":{"__type__":"TypedArray","ctor":"Float64Array","array":[-326,83,0,0,0,0,1,1,1,1]}},{"__type__":"cc.Node","_name":"btn_toggle2","_parent":{"__id__":16},"_children":[{"__id__":18}],"_components":[{"__type__":"cc.Sprite","node":{"__id__":17},"_materials":[{"__uuid__":"ecpdLyjvZBwrvm+cedCcQy"}],"_spriteFrame":{"__uuid__":"qzmjmje9-085e-4f86-a068-7a1d1df73240"},"_type":1},{"__type__":"cc.Button","node":{"__id__":17},"clickEvents":[{"__type__":"cc.ClickEvent","target":{"__id__":1},"_componentId":"qzmjmj37-93a6-43c0-8a9f-c0486c017734","handler":"OnClick_BtnWnd"}],"_N$transition":3,"transition":3,"_N$pressedColor":{"__type__":"cc.Color","r":255,"g":255,"b":255},"pressedColor":{"__type__":"cc.Color","r":255,"g":255,"b":255},"_N$disabledColor":{"__type__":"cc.Color","r":255,"g":255,"b":255},"_N$normalSprite":{"__uuid__":"qzmjmje9-085e-4f86-a068-7a1d1df73240"},"_N$pressedSprite":{"__uuid__":"e97GVMl6JHh5Ml5qEDdSGa"},"pressedSprite":{"__uuid__":"e97GVMl6JHh5Ml5qEDdSGa"},"_N$hoverSprite":{"__uuid__":"f0BIwQ8D5Ml7nTNQbh1YlS"},"hoverSprite":{"__uuid__":"f0BIwQ8D5Ml7nTNQbh1YlS"},"_N$disabledSprite":{"__uuid__":"29FYIk+N1GYaeWH/q1NxQO"},"_N$target":{"__id__":17}}],"_prefab":{"__type__":"cc.PrefabInfo","root":{"__id__":1},"asset":{"__uuid__":"qzmjmj18-6694-4eeb-a8f8-bf3dc8f4c689"},"fileId":"33X0P20RxHKJHq19GpLjWc"},"_contentSize":{"__type__":"cc.Size","width":51,"height":51},"_trs":{"__type__":"TypedArray","ctor":"Float64Array","array":[68,0,0,0,0,0,1,1,1,1]}},{"__type__":"cc.Node","_name":"img_dxk02","_parent":{"__id__":17},"_components":[{"__type__":"cc.Sprite","node":{"__id__":18},"_materials":[{"__uuid__":"ecpdLyjvZBwrvm+cedCcQy"}],"_spriteFrame":{"__uuid__":"qzmjmj31-c560-43ad-9e15-7526be7590a5"}}],"_prefab":{"__type__":"cc.PrefabInfo","root":{"__id__":1},"asset":{"__uuid__":"qzmjmj18-6694-4eeb-a8f8-bf3dc8f4c689"},"fileId":"28769bR9NEiImhFfudt1Ad"},"_contentSize":{"__type__":"cc.Size","width":38,"height":39},"_trs":{"__type__":"TypedArray","ctor":"Float64Array","array":[0,0,0,0,0,0,1,1,1,1]}},{"__type__":"cc.Node","_name":"sd_yinxiao","_parent":{"__id__":16},"_children":[{"__id__":20},{"__id__":24}],"_components":[{"__type__":"cc.Slider","node":{"__id__":19},"slideEvents":[{"__type__":"cc.ClickEvent","target":{"__id__":19},"_componentId":"qzmjmjce-fdbc-4f1d-9028-98835ffe4db5","handler":"OnSliderEvent"}],"_N$handle":{"__id__":25},"_N$progress":0},{"__type__":"qzmjmjce-fdbc-4f1d-9028-98835ffe4db5","node":{"__id__":19},"JS_Name":"pxzzmj_BaseComponent","EventNode":{"__id__":1},"ProgressBar":{"__id__":23}}],"_prefab":{"__type__":"cc.PrefabInfo","root":{"__id__":1},"asset":{"__uuid__":"qzmjmj18-6694-4eeb-a8f8-bf3dc8f4c689"},"fileId":"95lXE2EHhAQrGStv9BE/5i"},"_contentSize":{"__type__":"cc.Size","width":263,"height":50},"_trs":{"__type__":"TypedArray","ctor":"Float64Array","array":[270,0,0,0,0,0,1,1,1,1]}},{"__type__":"cc.Node","_name":"pb_yinxiao","_parent":{"__id__":19},"_children":[{"__id__":21}],"_components":[{"__type__":"cc.Sprite","node":{"__id__":20},"_materials":[{"__uuid__":"ecpdLyjvZBwrvm+cedCcQy"}],"_spriteFrame":{"__uuid__":"qzmjmj11-6f91-4e56-94b1-8fd4611c2c62"},"_sizeMode":0},{"__id__":23}],"_prefab":{"__type__":"cc.PrefabInfo","root":{"__id__":1},"asset":{"__uuid__":"qzmjmj18-6694-4eeb-a8f8-bf3dc8f4c689"},"fileId":"48hC8QiApEiqtlWw4T3aDk"},"_contentSize":{"__type__":"cc.Size","width":300,"height":35},"_trs":{"__type__":"TypedArray","ctor":"Float64Array","array":[0,0,0,0,0,0,1,1,1,1]}},{"__type__":"cc.Node","_name":"bar","_parent":{"__id__":20},"_components":[{"__id__":22}],"_prefab":{"__type__":"cc.PrefabInfo","root":{"__id__":1},"asset":{"__uuid__":"qzmjmj18-6694-4eeb-a8f8-bf3dc8f4c689"},"fileId":"22XDQ4BCBNfpKLg+UPu1ST"},"_contentSize":{"__type__":"cc.Size","height":35},"_anchorPoint":{"__type__":"cc.Vec2","y":0.5},"_trs":{"__type__":"TypedArray","ctor":"Float64Array","array":[-150,-1,0,0,0,0,1,1,1,1]}},{"__type__":"cc.Sprite","node":{"__id__":21},"_materials":[{"__uuid__":"ecpdLyjvZBwrvm+cedCcQy"}],"_spriteFrame":{"__uuid__":"qzmjmjf7-8c63-44d0-b504-7039dcaa9b1a"},"_type":1,"_sizeMode":0},{"__type__":"cc.ProgressBar","node":{"__id__":20},"_N$totalLength":263,"_N$barSprite":{"__id__":22},"_N$progress":0},{"__type__":"cc.Node","_name":"Handle","_parent":{"__id__":19},"_components":[{"__type__":"cc.Sprite","node":{"__id__":24},"_materials":[{"__uuid__":"ecpdLyjvZBwrvm+cedCcQy"}],"_spriteFrame":{"__uuid__":"qzmjmj21-e8f5-40d6-8d7e-7b2d7ae66e98"},"_sizeMode":2},{"__id__":25}],"_prefab":{"__type__":"cc.PrefabInfo","root":{"__id__":1},"asset":{"__uuid__":"qzmjmj18-6694-4eeb-a8f8-bf3dc8f4c689"},"fileId":"8fpiuEVPxMYaWRC3Pt4BDi"},"_contentSize":{"__type__":"cc.Size","width":73,"height":45},"_trs":{"__type__":"TypedArray","ctor":"Float64Array","array":[-131.5,0,0,0,0,0,1,1,1,1]}},{"__type__":"cc.Button","node":{"__id__":24},"zoomScale":0.9,"_N$enableAutoGrayEffect":true,"_N$transition":3,"transition":3,"_N$pressedColor":{"__type__":"cc.Color","r":255,"g":255,"b":255},"pressedColor":{"__type__":"cc.Color","r":255,"g":255,"b":255},"_N$disabledColor":{"__type__":"cc.Color","r":255,"g":255,"b":255},"_N$pressedSprite":{"__uuid__":"e97GVMl6JHh5Ml5qEDdSGa"},"pressedSprite":{"__uuid__":"e97GVMl6JHh5Ml5qEDdSGa"},"_N$hoverSprite":{"__uuid__":"e97GVMl6JHh5Ml5qEDdSGa"},"hoverSprite":{"__uuid__":"e97GVMl6JHh5Ml5qEDdSGa"},"_N$disabledSprite":{"__uuid__":"29FYIk+N1GYaeWH/q1NxQO"},"_N$target":{"__id__":24}},{"__type__":"cc.Node","_name":"btn_tuichu","_parent":{"__id__":3},"_children":[{"__id__":27}],"_active":false,"_components":[{"__type__":"cc.Sprite","node":{"__id__":26},"_spriteFrame":{"__uuid__":"qzmjmja7-5460-48e5-a321-63ffd780b647"}},{"__type__":"cc.Button","node":{"__id__":26},"zoomScale":0.9,"clickEvents":[{"__type__":"cc.ClickEvent","target":{"__id__":1},"handler":"OnClick_BtnWnd"}],"_N$transition":3,"transition":3,"_N$normalColor":{"__type__":"cc.Color","r":214,"g":214,"b":214},"_N$target":{"__id__":26}}],"_prefab":{"__type__":"cc.PrefabInfo","root":{"__id__":1},"asset":{"__uuid__":"qzmjmj18-6694-4eeb-a8f8-bf3dc8f4c689"},"fileId":"b5MKJYS7VIsqJvIt7qMWRL"},"_contentSize":{"__type__":"cc.Size","width":258,"height":94},"_trs":{"__type__":"TypedArray","ctor":"Float64Array","array":[331,-130,0,0,0,0,1,1,1,1]}},{"__type__":"cc.Node","_name":"sp_change","_parent":{"__id__":26},"_components":[{"__type__":"cc.Sprite","node":{"__id__":27},"_spriteFrame":{"__uuid__":"qzmjmj51-7121-48bc-80ed-97b011edd5d6"}}],"_prefab":{"__type__":"cc.PrefabInfo","root":{"__id__":1},"asset":{"__uuid__":"qzmjmj18-6694-4eeb-a8f8-bf3dc8f4c689"},"fileId":"e0iRL7B5lJ+Kol4w5N3jcm"},"_contentSize":{"__type__":"cc.Size","width":234,"height":53},"_trs":{"__type__":"TypedArray","ctor":"Float64Array","array":[0,0,0,0,0,0,1,1,1,1]}},{"__type__":"cc.Node","_name":"lb_name","_parent":{"__id__":3},"_active":false,"_components":[{"__type__":"cc.Label","node":{"__id__":28},"_useOriginalSize":false,"_string":"名字最长七个字","_N$string":"名字最长七个字","_N$horizontalAlign":1,"_N$verticalAlign":1}],"_prefab":{"__type__":"cc.PrefabInfo","root":{"__id__":1},"asset":{"__uuid__":"qzmjmj18-6694-4eeb-a8f8-bf3dc8f4c689"},"fileId":"20mh+DavJOJLMYQknBMIcO"},"_color":{"__type__":"cc.Color","r":129,"g":93,"b":55},"_contentSize":{"__type__":"cc.Size","width":280,"height":40},"_trs":{"__type__":"TypedArray","ctor":"Float64Array","array":[334,50,0,0,0,0,1,1,1,1]}},{"__type__":"cc.Node","_name":"lb_info","_parent":{"__id__":3},"_active":false,"_components":[{"__type__":"cc.Label","node":{"__id__":29},"_useOriginalSize":false,"_string":"您已登录微信","_N$string":"您已登录微信","_fontSize":35,"_lineHeight":35,"_N$horizontalAlign":1,"_N$verticalAlign":1}],"_prefab":{"__type__":"cc.PrefabInfo","root":{"__id__":1},"asset":{"__uuid__":"qzmjmj18-6694-4eeb-a8f8-bf3dc8f4c689"},"fileId":"9epK2eYJhAHYZMHHksvVR/"},"_color":{"__type__":"cc.Color","r":129,"g":93,"b":55},"_contentSize":{"__type__":"cc.Size","width":210,"height":35},"_trs":{"__type__":"TypedArray","ctor":"Float64Array","array":[327,-40,0,0,0,0,1,1,1,1]}},{"__type__":"cc.Node","_name":"sp_yuyin","_parent":{"__id__":3},"_children":[{"__id__":31}],"_components":[{"__type__":"cc.Label","node":{"__id__":30},"_materials":[{"__uuid__":"ecpdLyjvZBwrvm+cedCcQy"}],"_useOriginalSize":false,"_string":"语音聊天","_N$string":"语音聊天","_fontSize":38,"_lineHeight":45,"_N$file":{"__uuid__":"qzmjmj1e-650d-4484-9e24-10ffc791e225"},"_isSystemFontUsed":false}],"_prefab":{"__type__":"cc.PrefabInfo","root":{"__id__":1},"asset":{"__uuid__":"qzmjmj18-6694-4eeb-a8f8-bf3dc8f4c689"},"fileId":"9dml9JivlJQZFjn8x9dBOE"},"_color":{"__type__":"cc.Color","r":144,"g":86,"b":37},"_contentSize":{"__type__":"cc.Size","width":152,"height":56.7},"_trs":{"__type__":"TypedArray","ctor":"Float64Array","array":[-286.3,17,0,0,0,0,1,1,1,1]}},{"__type__":"cc.Node","_name":"Toggle4","_parent":{"__id__":30},"_children":[{"__id__":32}],"_components":[{"__type__":"cc.Toggle","node":{"__id__":31},"_N$transition":3,"transition":3,"_N$normalColor":{"__type__":"cc.Color","r":214,"g":214,"b":214},"_N$target":{"__id__":32},"checkMark":{"__id__":34},"checkEvents":[{"__type__":"cc.ClickEvent","target":{"__id__":1},"_componentId":"qzmjmA3k6ZDwIqfwEhsAXc0","handler":"OnClick_Toggle"}]}],"_prefab":{"__type__":"cc.PrefabInfo","root":{"__id__":1},"asset":{"__uuid__":"qzmjmj18-6694-4eeb-a8f8-bf3dc8f4c689"},"fileId":"1foDdPyPlNx6kC2wt6v94G"},"_contentSize":{"__type__":"cc.Size","width":70,"height":70},"_trs":{"__type__":"TypedArray","ctor":"Float64Array","array":[130,1,0,0,0,0,1,1,1,1]}},{"__type__":"cc.Node","_name":"Background","_parent":{"__id__":31},"_children":[{"__id__":33}],"_components":[{"__type__":"cc.Sprite","node":{"__id__":32},"_materials":[{"__uuid__":"ecpdLyjvZBwrvm+cedCcQy"}],"_spriteFrame":{"__uuid__":"qzmjmje9-085e-4f86-a068-7a1d1df73240"},"_sizeMode":2}],"_prefab":{"__type__":"cc.PrefabInfo","root":{"__id__":1},"asset":{"__uuid__":"qzmjmj18-6694-4eeb-a8f8-bf3dc8f4c689"},"fileId":"e20jI5UchEL6SiJC7CW+Sa"},"_contentSize":{"__type__":"cc.Size","width":51,"height":51},"_trs":{"__type__":"TypedArray","ctor":"Float64Array","array":[0,0,0,0,0,0,1,1,1,1]}},{"__type__":"cc.Node","_name":"checkmark","_parent":{"__id__":32},"_components":[{"__id__":34}],"_prefab":{"__type__":"cc.PrefabInfo","root":{"__id__":1},"asset":{"__uuid__":"qzmjmj18-6694-4eeb-a8f8-bf3dc8f4c689"},"fileId":"8apBlm0iNA0bLeg7sXIVS5"},"_contentSize":{"__type__":"cc.Size","width":38,"height":39},"_trs":{"__type__":"TypedArray","ctor":"Float64Array","array":[0,0,0,0,0,0,1,1,1,1]}},{"__type__":"cc.Sprite","node":{"__id__":33},"_materials":[{"__uuid__":"ecpdLyjvZBwrvm+cedCcQy"}],"_spriteFrame":{"__uuid__":"qzmjmj31-c560-43ad-9e15-7526be7590a5"},"_sizeMode":2,"_isTrimmedMode":false},{"__type__":"cc.Node","_name":"sp_selecmusic","_parent":{"__id__":3},"_children":[{"__id__":36},{"__id__":37},{"__id__":42},{"__id__":47}],"_components":[{"__type__":"cc.ToggleContainer","node":{"__id__":35}}],"_prefab":{"__type__":"cc.PrefabInfo","root":{"__id__":1},"asset":{"__uuid__":"qzmjmj18-6694-4eeb-a8f8-bf3dc8f4c689"},"fileId":"1alA+KoblNgIgAt+xe1j+j"},"_contentSize":{"__type__":"cc.Size","width":500,"height":61},"_trs":{"__type__":"TypedArray","ctor":"Float64Array","array":[-106,-115,0,0,0,0,1,1,1,1]}},{"__type__":"cc.Node","_name":"musicselect","_parent":{"__id__":35},"_components":[{"__type__":"cc.Label","node":{"__id__":36},"_materials":[{"__uuid__":"ecpdLyjvZBwrvm+cedCcQy"}],"_useOriginalSize":false,"_string":"音乐选择","_N$string":"音乐选择","_fontSize":38,"_lineHeight":45,"_N$file":{"__uuid__":"qzmjmj1e-650d-4484-9e24-10ffc791e225"},"_isSystemFontUsed":false,"_N$horizontalAlign":1,"_N$verticalAlign":1}],"_prefab":{"__type__":"cc.PrefabInfo","root":{"__id__":1},"asset":{"__uuid__":"qzmjmj18-6694-4eeb-a8f8-bf3dc8f4c689"},"fileId":"99SDDJPfNPAqtsAmyB8P0G"},"_color":{"__type__":"cc.Color","r":144,"g":86,"b":37},"_contentSize":{"__type__":"cc.Size","width":152,"height":56.7},"_trs":{"__type__":"TypedArray","ctor":"Float64Array","array":[-178.2,0,0,0,0,0,1,1,1,1]}},{"__type__":"cc.Node","_name":"Toggle21","_parent":{"__id__":35},"_children":[{"__id__":38},{"__id__":39}],"_components":[{"__type__":"cc.Toggle","node":{"__id__":37},"_N$transition":3,"transition":3,"_N$normalColor":{"__type__":"cc.Color","r":214,"g":214,"b":214},"_N$target":{"__id__":37},"checkMark":{"__id__":41},"checkEvents":[{"__type__":"cc.ClickEvent","target":{"__id__":1},"_componentId":"qzmjmj37-93a6-43c0-8a9f-c0486c017734","handler":"OnClick_Toggle"}]}],"_prefab":{"__type__":"cc.PrefabInfo","root":{"__id__":1},"asset":{"__uuid__":"qzmjmj18-6694-4eeb-a8f8-bf3dc8f4c689"},"fileId":"2ehUgAFaZCxa1PNmc9WquU"},"_contentSize":{"__type__":"cc.Size","width":50,"height":50},"_trs":{"__type__":"TypedArray","ctor":"Float64Array","array":[-47,3,0,0,0,0,1,1,1,1]}},{"__type__":"cc.Node","_name":"yinyue1","_parent":{"__id__":37},"_components":[{"__type__":"cc.Label","node":{"__id__":38},"_materials":[{"__uuid__":"ecpdLyjvZBwrvm+cedCcQy"}],"_useOriginalSize":false,"_string":"古典","_N$string":"古典","_fontSize":30,"_lineHeight":30,"_N$file":{"__uuid__":"qzmjmj1e-650d-4484-9e24-10ffc791e225"},"_isSystemFontUsed":false,"_N$horizontalAlign":1,"_N$verticalAlign":1}],"_prefab":{"__type__":"cc.PrefabInfo","root":{"__id__":1},"asset":{"__uuid__":"qzmjmj18-6694-4eeb-a8f8-bf3dc8f4c689"},"fileId":"35Pjvhi2xPPYtqehiGUhmS"},"_color":{"__type__":"cc.Color","r":144,"g":86,"b":37},"_contentSize":{"__type__":"cc.Size","width":60,"height":37.8},"_trs":{"__type__":"TypedArray","ctor":"Float64Array","array":[70,0,0,0,0,0,1,1,1,1]}},{"__type__":"cc.Node","_name":"Background","_parent":{"__id__":37},"_children":[{"__id__":40}],"_components":[{"__type__":"cc.Sprite","node":{"__id__":39},"_materials":[{"__uuid__":"ecpdLyjvZBwrvm+cedCcQy"}],"_spriteFrame":{"__uuid__":"qzmjmje9-085e-4f86-a068-7a1d1df73240"},"_sizeMode":2,"_isTrimmedMode":false}],"_prefab":{"__type__":"cc.PrefabInfo","root":{"__id__":1},"asset":{"__uuid__":"qzmjmj18-6694-4eeb-a8f8-bf3dc8f4c689"},"fileId":"d0AJVvvLZNxpc1wxm9gaRb"},"_contentSize":{"__type__":"cc.Size","width":51,"height":51},"_trs":{"__type__":"TypedArray","ctor":"Float64Array","array":[0,0,0,0,0,0,1,1,1,1]}},{"__type__":"cc.Node","_name":"checkmark","_parent":{"__id__":39},"_components":[{"__id__":41}],"_prefab":{"__type__":"cc.PrefabInfo","root":{"__id__":1},"asset":{"__uuid__":"qzmjmj18-6694-4eeb-a8f8-bf3dc8f4c689"},"fileId":"68wNGYKWFIWarscqWTIg62"},"_contentSize":{"__type__":"cc.Size","width":38,"height":39},"_trs":{"__type__":"TypedArray","ctor":"Float64Array","array":[0,0,0,0,0,0,1,1,1,1]}},{"__type__":"cc.Sprite","node":{"__id__":40},"_materials":[{"__uuid__":"ecpdLyjvZBwrvm+cedCcQy"}],"_spriteFrame":{"__uuid__":"qzmjmj31-c560-43ad-9e15-7526be7590a5"},"_sizeMode":2,"_isTrimmedMode":false},{"__type__":"cc.Node","_name":"Toggle22","_parent":{"__id__":35},"_children":[{"__id__":43},{"__id__":44}],"_components":[{"__type__":"cc.Toggle","node":{"__id__":42},"_N$transition":3,"transition":3,"_N$normalColor":{"__type__":"cc.Color","r":214,"g":214,"b":214},"_N$target":{"__id__":42},"_N$isChecked":false,"checkMark":{"__id__":46},"checkEvents":[{"__type__":"cc.ClickEvent","target":{"__id__":1},"_componentId":"qzmjmj37-93a6-43c0-8a9f-c0486c017734","handler":"OnClick_Toggle"}]}],"_prefab":{"__type__":"cc.PrefabInfo","root":{"__id__":1},"asset":{"__uuid__":"qzmjmj18-6694-4eeb-a8f8-bf3dc8f4c689"},"fileId":"1bapB0VglG0LPE4evBDsKo"},"_contentSize":{"__type__":"cc.Size","width":50,"height":50},"_trs":{"__type__":"TypedArray","ctor":"Float64Array","array":[112,3,0,0,0,0,1,1,1,1]}},{"__type__":"cc.Node","_name":"yinyue2","_parent":{"__id__":42},"_components":[{"__type__":"cc.Label","node":{"__id__":43},"_materials":[{"__uuid__":"ecpdLyjvZBwrvm+cedCcQy"}],"_useOriginalSize":false,"_string":"欢乐","_N$string":"欢乐","_fontSize":30,"_lineHeight":30,"_N$file":{"__uuid__":"qzmjmj1e-650d-4484-9e24-10ffc791e225"},"_isSystemFontUsed":false,"_N$horizontalAlign":1,"_N$verticalAlign":1}],"_prefab":{"__type__":"cc.PrefabInfo","root":{"__id__":1},"asset":{"__uuid__":"qzmjmj18-6694-4eeb-a8f8-bf3dc8f4c689"},"fileId":"6dGcoK3+FOwL+c3xcTyvgy"},"_color":{"__type__":"cc.Color","r":144,"g":86,"b":37},"_contentSize":{"__type__":"cc.Size","width":60,"height":37.8},"_trs":{"__type__":"TypedArray","ctor":"Float64Array","array":[70,0,0,0,0,0,1,1,1,1]}},{"__type__":"cc.Node","_name":"Background","_parent":{"__id__":42},"_children":[{"__id__":45}],"_components":[{"__type__":"cc.Sprite","node":{"__id__":44},"_materials":[{"__uuid__":"ecpdLyjvZBwrvm+cedCcQy"}],"_spriteFrame":{"__uuid__":"qzmjmje9-085e-4f86-a068-7a1d1df73240"},"_sizeMode":2,"_isTrimmedMode":false}],"_prefab":{"__type__":"cc.PrefabInfo","root":{"__id__":1},"asset":{"__uuid__":"qzmjmj18-6694-4eeb-a8f8-bf3dc8f4c689"},"fileId":"03oD4ROtVAC7jYCy1xUdzX"},"_contentSize":{"__type__":"cc.Size","width":51,"height":51},"_trs":{"__type__":"TypedArray","ctor":"Float64Array","array":[0,0,0,0,0,0,1,1,1,1]}},{"__type__":"cc.Node","_name":"checkmark","_parent":{"__id__":44},"_active":false,"_components":[{"__id__":46}],"_prefab":{"__type__":"cc.PrefabInfo","root":{"__id__":1},"asset":{"__uuid__":"qzmjmj18-6694-4eeb-a8f8-bf3dc8f4c689"},"fileId":"99n6cWKBBCJJtEeipbs1Rs"},"_contentSize":{"__type__":"cc.Size","width":38,"height":39},"_trs":{"__type__":"TypedArray","ctor":"Float64Array","array":[0,0,0,0,0,0,1,1,1,1]}},{"__type__":"cc.Sprite","node":{"__id__":45},"_spriteFrame":{"__uuid__":"qzmjmj31-c560-43ad-9e15-7526be7590a5"},"_sizeMode":2,"_isTrimmedMode":false},{"__type__":"cc.Node","_name":"Toggle23","_parent":{"__id__":35},"_children":[{"__id__":48},{"__id__":49}],"_components":[{"__type__":"cc.Toggle","node":{"__id__":47},"_N$transition":3,"transition":3,"_N$normalColor":{"__type__":"cc.Color","r":214,"g":214,"b":214},"_N$target":{"__id__":47},"_N$isChecked":false,"checkMark":{"__id__":51},"checkEvents":[{"__type__":"cc.ClickEvent","target":{"__id__":1},"_componentId":"qzmjmj37-93a6-43c0-8a9f-c0486c017734","handler":"OnClick_Toggle"}]}],"_prefab":{"__type__":"cc.PrefabInfo","root":{"__id__":1},"asset":{"__uuid__":"qzmjmj18-6694-4eeb-a8f8-bf3dc8f4c689"},"fileId":"e4oQwV/FlMlJWy3Ta08F5r"},"_contentSize":{"__type__":"cc.Size","width":50,"height":50},"_trs":{"__type__":"TypedArray","ctor":"Float64Array","array":[271,3,0,0,0,0,1,1,1,1]}},{"__type__":"cc.Node","_name":"yinyue3","_parent":{"__id__":47},"_components":[{"__type__":"cc.Label","node":{"__id__":48},"_materials":[{"__uuid__":"ecpdLyjvZBwrvm+cedCcQy"}],"_useOriginalSize":false,"_string":"现代","_N$string":"现代","_fontSize":30,"_lineHeight":30,"_N$file":{"__uuid__":"qzmjmj1e-650d-4484-9e24-10ffc791e225"},"_isSystemFontUsed":false,"_N$horizontalAlign":1,"_N$verticalAlign":1}],"_prefab":{"__type__":"cc.PrefabInfo","root":{"__id__":1},"asset":{"__uuid__":"qzmjmj18-6694-4eeb-a8f8-bf3dc8f4c689"},"fileId":"5fwo4MNDdAarrNveNzroFb"},"_color":{"__type__":"cc.Color","r":144,"g":86,"b":37},"_contentSize":{"__type__":"cc.Size","width":60,"height":37.8},"_trs":{"__type__":"TypedArray","ctor":"Float64Array","array":[70,0,0,0,0,0,1,1,1,1]}},{"__type__":"cc.Node","_name":"Background","_parent":{"__id__":47},"_children":[{"__id__":50}],"_components":[{"__type__":"cc.Sprite","node":{"__id__":49},"_materials":[{"__uuid__":"ecpdLyjvZBwrvm+cedCcQy"}],"_spriteFrame":{"__uuid__":"qzmjmje9-085e-4f86-a068-7a1d1df73240"},"_sizeMode":2,"_isTrimmedMode":false}],"_prefab":{"__type__":"cc.PrefabInfo","root":{"__id__":1},"asset":{"__uuid__":"qzmjmj18-6694-4eeb-a8f8-bf3dc8f4c689"},"fileId":"2585gZczBFiLnmpgALKKk9"},"_contentSize":{"__type__":"cc.Size","width":51,"height":51},"_trs":{"__type__":"TypedArray","ctor":"Float64Array","array":[0,0,0,0,0,0,1,1,1,1]}},{"__type__":"cc.Node","_name":"checkmark","_parent":{"__id__":49},"_active":false,"_components":[{"__id__":51}],"_prefab":{"__type__":"cc.PrefabInfo","root":{"__id__":1},"asset":{"__uuid__":"qzmjmj18-6694-4eeb-a8f8-bf3dc8f4c689"},"fileId":"81ekCXSfdN05LRdsMTJDm3"},"_contentSize":{"__type__":"cc.Size","width":38,"height":39},"_trs":{"__type__":"TypedArray","ctor":"Float64Array","array":[0,0,0,0,0,0,1,1,1,1]}},{"__type__":"cc.Sprite","node":{"__id__":50},"_spriteFrame":{"__uuid__":"qzmjmj31-c560-43ad-9e15-7526be7590a5"},"_sizeMode":2,"_isTrimmedMode":false},{"__type__":"cc.Node","_name":"sp_language","_parent":{"__id__":3},"_children":[{"__id__":53},{"__id__":54},{"__id__":57}],"_components":[{"__type__":"cc.Sprite","node":{"__id__":52},"_isTrimmedMode":false},{"__type__":"cc.ToggleGroup","node":{"__id__":52}}],"_prefab":{"__type__":"cc.PrefabInfo","root":{"__id__":1},"asset":{"__uuid__":"qzmjmj18-6694-4eeb-a8f8-bf3dc8f4c689"},"fileId":"19sUs4AkVBVZczd1lafY17"},"_contentSize":{"__type__":"cc.Size","width":500,"height":60},"_trs":{"__type__":"TypedArray","ctor":"Float64Array","array":[-108,-46,0,0,0,0,1,1,1,1]}},{"__type__":"cc.Node","_name":"musicselect","_parent":{"__id__":52},"_components":[{"__type__":"cc.Label","node":{"__id__":53},"_materials":[{"__uuid__":"ecpdLyjvZBwrvm+cedCcQy"}],"_useOriginalSize":false,"_string":"游戏音乐","_N$string":"游戏音乐","_fontSize":38,"_lineHeight":45,"_N$file":{"__uuid__":"qzmjmj1e-650d-4484-9e24-10ffc791e225"},"_isSystemFontUsed":false,"_N$horizontalAlign":1,"_N$verticalAlign":1}],"_prefab":{"__type__":"cc.PrefabInfo","root":{"__id__":1},"asset":{"__uuid__":"qzmjmj18-6694-4eeb-a8f8-bf3dc8f4c689"},"fileId":"0cYYB15ABD0ogBTVaKkZZ1"},"_color":{"__type__":"cc.Color","r":144,"g":86,"b":37},"_contentSize":{"__type__":"cc.Size","width":152,"height":56.7},"_trs":{"__type__":"TypedArray","ctor":"Float64Array","array":[-178.2,0,0,0,0,0,1,1,1,1]}},{"__type__":"cc.Node","_name":"btn_putong","_parent":{"__id__":52},"_children":[{"__id__":55},{"__id__":56}],"_components":[{"__type__":"cc.Button","node":{"__id__":54},"clickEvents":[{"__type__":"cc.ClickEvent","target":{"__id__":1},"_componentId":"qzmjmj37-93a6-43c0-8a9f-c0486c017734","handler":"OnClick_BtnWnd"}],"_N$transition":3,"transition":3,"_N$normalColor":{"__type__":"cc.Color","r":214,"g":214,"b":214},"_N$target":{"__id__":54}},{"__type__":"cc.Sprite","node":{"__id__":54},"_materials":[{"__uuid__":"ecpdLyjvZBwrvm+cedCcQy"}],"_spriteFrame":{"__uuid__":"qzmjmje9-085e-4f86-a068-7a1d1df73240"}}],"_prefab":{"__type__":"cc.PrefabInfo","root":{"__id__":1},"asset":{"__uuid__":"qzmjmj18-6694-4eeb-a8f8-bf3dc8f4c689"},"fileId":"d2jZ9ySohNlJOQ/gnknFTG"},"_contentSize":{"__type__":"cc.Size","width":51,"height":51},"_trs":{"__type__":"TypedArray","ctor":"Float64Array","array":[114,0,0,0,0,0,1,1,1,1]}},{"__type__":"cc.Node","_name":"xuanze","_parent":{"__id__":54},"_components":[{"__type__":"cc.Sprite","node":{"__id__":55},"_materials":[{"__uuid__":"ecpdLyjvZBwrvm+cedCcQy"}],"_spriteFrame":{"__uuid__":"qzmjmj31-c560-43ad-9e15-7526be7590a5"}}],"_prefab":{"__type__":"cc.PrefabInfo","root":{"__id__":1},"asset":{"__uuid__":"qzmjmj18-6694-4eeb-a8f8-bf3dc8f4c689"},"fileId":"f9nd1Xm55DpZJxVyS+TpmI"},"_contentSize":{"__type__":"cc.Size","width":38,"height":39},"_trs":{"__type__":"TypedArray","ctor":"Float64Array","array":[0,0,0,0,0,0,1,1,1,1]}},{"__type__":"cc.Node","_name":"lb","_parent":{"__id__":54},"_components":[{"__type__":"cc.Label","node":{"__id__":56},"_materials":[{"__uuid__":"ecpdLyjvZBwrvm+cedCcQy"}],"_useOriginalSize":false,"_string":"普通话","_N$string":"普通话","_fontSize":30,"_lineHeight":34,"_N$file":{"__uuid__":"qzmjmj1e-650d-4484-9e24-10ffc791e225"},"_isSystemFontUsed":false,"_N$horizontalAlign":1,"_N$verticalAlign":1}],"_prefab":{"__type__":"cc.PrefabInfo","root":{"__id__":1},"asset":{"__uuid__":"qzmjmj18-6694-4eeb-a8f8-bf3dc8f4c689"},"fileId":"30S8NYwuhL06RlHZn1PyAg"},"_color":{"__type__":"cc.Color","r":144,"g":86,"b":37},"_contentSize":{"__type__":"cc.Size","width":90,"height":42.84},"_anchorPoint":{"__type__":"cc.Vec2","y":0.5},"_trs":{"__type__":"TypedArray","ctor":"Float64Array","array":[43,0,0,0,0,0,1,1,1,1]}},{"__type__":"cc.Node","_name":"btn_fangyan","_parent":{"__id__":52},"_children":[{"__id__":58},{"__id__":59}],"_components":[{"__type__":"cc.Button","node":{"__id__":57},"clickEvents":[{"__type__":"cc.ClickEvent","target":{"__id__":1},"_componentId":"qzmjmj37-93a6-43c0-8a9f-c0486c017734","handler":"OnClick_BtnWnd"}],"_N$transition":3,"transition":3,"_N$normalColor":{"__type__":"cc.Color","r":214,"g":214,"b":214},"_N$target":{"__id__":57}},{"__type__":"cc.Sprite","node":{"__id__":57},"_materials":[{"__uuid__":"ecpdLyjvZBwrvm+cedCcQy"}],"_spriteFrame":{"__uuid__":"qzmjmje9-085e-4f86-a068-7a1d1df73240"}}],"_prefab":{"__type__":"cc.PrefabInfo","root":{"__id__":1},"asset":{"__uuid__":"qzmjmj18-6694-4eeb-a8f8-bf3dc8f4c689"},"fileId":"6dbsoWshVIpoq6AR5M2duc"},"_contentSize":{"__type__":"cc.Size","width":51,"height":51},"_trs":{"__type__":"TypedArray","ctor":"Float64Array","array":[-47,0,0,0,0,0,1,1,1,1]}},{"__type__":"cc.Node","_name":"xuanze","_parent":{"__id__":57},"_components":[{"__type__":"cc.Sprite","node":{"__id__":58},"_materials":[{"__uuid__":"ecpdLyjvZBwrvm+cedCcQy"}],"_spriteFrame":{"__uuid__":"qzmjmje9-085e-4f86-a068-7a1d1df73240"}}],"_prefab":{"__type__":"cc.PrefabInfo","root":{"__id__":1},"asset":{"__uuid__":"qzmjmj18-6694-4eeb-a8f8-bf3dc8f4c689"},"fileId":"76pYySBc9KrIjNPwOfbThQ"},"_contentSize":{"__type__":"cc.Size","width":51,"height":51},"_trs":{"__type__":"TypedArray","ctor":"Float64Array","array":[0,0,0,0,0,0,1,1,1,1]}},{"__type__":"cc.Node","_name":"lb","_parent":{"__id__":57},"_components":[{"__type__":"cc.Label","node":{"__id__":59},"_materials":[{"__uuid__":"ecpdLyjvZBwrvm+cedCcQy"}],"_useOriginalSize":false,"_string":"方言","_N$string":"方言","_fontSize":30,"_lineHeight":34,"_N$file":{"__uuid__":"qzmjmj1e-650d-4484-9e24-10ffc791e225"},"_isSystemFontUsed":false,"_N$horizontalAlign":1,"_N$verticalAlign":1}],"_prefab":{"__type__":"cc.PrefabInfo","root":{"__id__":1},"asset":{"__uuid__":"qzmjmj18-6694-4eeb-a8f8-bf3dc8f4c689"},"fileId":"32kerltR9KPIihw66fAZLK"},"_color":{"__type__":"cc.Color","r":144,"g":86,"b":37},"_contentSize":{"__type__":"cc.Size","width":60,"height":42.84},"_anchorPoint":{"__type__":"cc.Vec2","y":0.5},"_trs":{"__type__":"TypedArray","ctor":"Float64Array","array":[43,0,0,0,0,0,1,1,1,1]}},{"__type__":"cc.Node","_name":"sp_scene","_parent":{"__id__":3},"_children":[{"__id__":61},{"__id__":63},{"__id__":65}],"_prefab":{"__type__":"cc.PrefabInfo","root":{"__id__":1},"asset":{"__uuid__":"qzmjmj18-6694-4eeb-a8f8-bf3dc8f4c689"},"fileId":"dcdd0GYvdP6qYfDOv7xRFt"},"_trs":{"__type__":"TypedArray","ctor":"Float64Array","array":[0,0,0,0,0,0,1,0.8,0.8,1]}},{"__type__":"cc.Node","_name":"btn_3d","_parent":{"__id__":60},"_children":[{"__id__":62}],"_active":false,"_components":[{"__type__":"cc.Sprite","node":{"__id__":61},"_materials":[{"__uuid__":"ecpdLyjvZBwrvm+cedCcQy"}],"_spriteFrame":{"__uuid__":"qzmjmjc5-93fc-4956-bd96-3dcb4771d198"}},{"__type__":"cc.Button","node":{"__id__":61},"clickEvents":[{"__type__":"cc.ClickEvent","target":{"__id__":1},"_componentId":"qzmjmj37-93a6-43c0-8a9f-c0486c017734","handler":"OnClick_BtnWnd"}],"_N$transition":3,"transition":3,"_N$normalColor":{"__type__":"cc.Color","r":214,"g":214,"b":214},"_N$target":{"__id__":61}}],"_prefab":{"__type__":"cc.PrefabInfo","root":{"__id__":1},"asset":{"__uuid__":"qzmjmj18-6694-4eeb-a8f8-bf3dc8f4c689"},"fileId":"e2r/9VY3ZKjrnx7j9Hw+U0"},"_contentSize":{"__type__":"cc.Size","width":150,"height":104},"_trs":{"__type__":"TypedArray","ctor":"Float64Array","array":[364,180,0,0,0,0,1,1,1,1]}},{"__type__":"cc.Node","_name":"check","_parent":{"__id__":61},"_components":[{"__type__":"cc.Sprite","node":{"__id__":62},"_materials":[{"__uuid__":"ecpdLyjvZBwrvm+cedCcQy"}],"_spriteFrame":{"__uuid__":"qzmjmja1-1734-4b1e-9bcf-453afb0edee1"}}],"_prefab":{"__type__":"cc.PrefabInfo","root":{"__id__":1},"asset":{"__uuid__":"qzmjmj18-6694-4eeb-a8f8-bf3dc8f4c689"},"fileId":"5bja+/UCVKP6OeLqsFHyJr"},"_contentSize":{"__type__":"cc.Size","width":152,"height":106},"_trs":{"__type__":"TypedArray","ctor":"Float64Array","array":[0,0,0,0,0,0,1,1,1,1]}},{"__type__":"cc.Node","_name":"btn_2d","_parent":{"__id__":60},"_children":[{"__id__":64}],"_active":false,"_components":[{"__type__":"cc.Sprite","node":{"__id__":63},"_materials":[{"__uuid__":"ecpdLyjvZBwrvm+cedCcQy"}],"_spriteFrame":{"__uuid__":"qzmjmjae-797e-4db5-b128-a0da82a8506a"}},{"__type__":"cc.Button","node":{"__id__":63},"clickEvents":[{"__type__":"cc.ClickEvent","target":{"__id__":1},"_componentId":"qzmjmj37-93a6-43c0-8a9f-c0486c017734","handler":"OnClick_BtnWnd"}],"_N$transition":3,"transition":3,"_N$normalColor":{"__type__":"cc.Color","r":214,"g":214,"b":214},"_N$target":{"__id__":63}}],"_prefab":{"__type__":"cc.PrefabInfo","root":{"__id__":1},"asset":{"__uuid__":"qzmjmj18-6694-4eeb-a8f8-bf3dc8f4c689"},"fileId":"98aVrY0iFF6IfuhDuF3TrV"},"_contentSize":{"__type__":"cc.Size","width":150,"height":104},"_trs":{"__type__":"TypedArray","ctor":"Float64Array","array":[364,60,0,0,0,0,1,1,1,1]}},{"__type__":"cc.Node","_name":"check","_parent":{"__id__":63},"_components":[{"__type__":"cc.Sprite","node":{"__id__":64},"_materials":[{"__uuid__":"ecpdLyjvZBwrvm+cedCcQy"}],"_spriteFrame":{"__uuid__":"qzmjmja1-1734-4b1e-9bcf-453afb0edee1"}}],"_prefab":{"__type__":"cc.PrefabInfo","root":{"__id__":1},"asset":{"__uuid__":"qzmjmj18-6694-4eeb-a8f8-bf3dc8f4c689"},"fileId":"acJNozje1GYYm9UDpcsxql"},"_contentSize":{"__type__":"cc.Size","width":152,"height":106},"_trs":{"__type__":"TypedArray","ctor":"Float64Array","array":[0,0,0,0,0,0,1,1,1,1]}},{"__type__":"cc.Node","_name":"btn_WB","_parent":{"__id__":60},"_children":[{"__id__":66}],"_active":false,"_components":[{"__type__":"cc.Sprite","node":{"__id__":65},"_materials":[{"__uuid__":"ecpdLyjvZBwrvm+cedCcQy"}],"_spriteFrame":{"__uuid__":"95seZxgBhHWJKIHFM+fbuS"}},{"__type__":"cc.Button","node":{"__id__":65},"clickEvents":[{"__type__":"cc.ClickEvent","target":{"__id__":1},"_componentId":"qzmjmj37-93a6-43c0-8a9f-c0486c017734","handler":"OnClick_BtnWnd"}],"_N$transition":3,"transition":3,"_N$normalColor":{"__type__":"cc.Color","r":214,"g":214,"b":214},"_N$target":{"__id__":65}}],"_prefab":{"__type__":"cc.PrefabInfo","root":{"__id__":1},"asset":{"__uuid__":"qzmjmj18-6694-4eeb-a8f8-bf3dc8f4c689"},"fileId":"dex4JtH+dJVJMsFj/4dt6h"},"_contentSize":{"__type__":"cc.Size","width":140,"height":94},"_trs":{"__type__":"TypedArray","ctor":"Float64Array","array":[364,51.778,0,0,0,0,1,1,1,1]}},{"__type__":"cc.Node","_name":"check","_parent":{"__id__":65},"_components":[{"__type__":"cc.Sprite","node":{"__id__":66},"_materials":[{"__uuid__":"ecpdLyjvZBwrvm+cedCcQy"}],"_spriteFrame":{"__uuid__":"qzmjmja1-1734-4b1e-9bcf-453afb0edee1"}}],"_prefab":{"__type__":"cc.PrefabInfo","root":{"__id__":1},"asset":{"__uuid__":"qzmjmj18-6694-4eeb-a8f8-bf3dc8f4c689"},"fileId":"28mVFPG7hPGIy1s3nzNiAm"},"_contentSize":{"__type__":"cc.Size","width":152,"height":106},"_trs":{"__type__":"TypedArray","ctor":"Float64Array","array":[0,0,0,0,0,0,1,1,1,1]}},{"__type__":"cc.Node","_name":"btn_close","_parent":{"__id__":1},"_components":[{"__type__":"cc.Button","node":{"__id__":67},"zoomScale":0.9,"clickEvents":[{"__type__":"cc.ClickEvent","target":{"__id__":1},"_componentId":"qzmjmj37-93a6-43c0-8a9f-c0486c017734","handler":"OnClick_Close"}],"_N$transition":3,"transition":3,"_N$pressedColor":{"__type__":"cc.Color","r":255,"g":255,"b":255},"pressedColor":{"__type__":"cc.Color","r":255,"g":255,"b":255},"_N$disabledColor":{"__type__":"cc.Color","r":255,"g":255,"b":255},"_N$pressedSprite":{"__uuid__":"e97GVMl6JHh5Ml5qEDdSGa"},"pressedSprite":{"__uuid__":"e97GVMl6JHh5Ml5qEDdSGa"},"_N$hoverSprite":{"__uuid__":"e97GVMl6JHh5Ml5qEDdSGa"},"hoverSprite":{"__uuid__":"e97GVMl6JHh5Ml5qEDdSGa"},"_N$disabledSprite":{"__uuid__":"29FYIk+N1GYaeWH/q1NxQO"},"_N$target":{"__id__":67}},{"__type__":"cc.Sprite","node":{"__id__":67},"_materials":[{"__uuid__":"ecpdLyjvZBwrvm+cedCcQy"}],"_spriteFrame":{"__uuid__":"qzmjmj0a-09cb-4f8d-a5ba-e45067866d94"}}],"_prefab":{"__type__":"cc.PrefabInfo","root":{"__id__":1},"asset":{"__uuid__":"qzmjmj18-6694-4eeb-a8f8-bf3dc8f4c689"},"fileId":"fdtCL70e9IAJIKwi/50gpY"},"_contentSize":{"__type__":"cc.Size","width":79,"height":80},"_trs":{"__type__":"TypedArray","ctor":"Float64Array","array":[433,248,0,0,0,0,1,1,1,1]}},{"__type__":"cc.Node","_name":"btn_jiesan","_parent":{"__id__":1},"_children":[{"__id__":69}],"_components":[{"__type__":"cc.Button","node":{"__id__":68},"clickEvents":[{"__type__":"cc.ClickEvent","target":{"__id__":1},"_componentId":"qzmjmj37-93a6-43c0-8a9f-c0486c017734","handler":"OnClick_BtnWnd"}],"_N$transition":3,"transition":3,"_N$normalColor":{"__type__":"cc.Color","r":230,"g":230,"b":230},"_N$pressedColor":{"__type__":"cc.Color","r":200,"g":200,"b":200},"pressedColor":{"__type__":"cc.Color","r":200,"g":200,"b":200},"_N$disabledColor":{"__type__":"cc.Color","r":120,"g":120,"b":120,"a":200},"_N$normalSprite":{"__uuid__":"f0BIwQ8D5Ml7nTNQbh1YlS"},"_N$pressedSprite":{"__uuid__":"e97GVMl6JHh5Ml5qEDdSGa"},"pressedSprite":{"__uuid__":"e97GVMl6JHh5Ml5qEDdSGa"},"_N$hoverSprite":{"__uuid__":"f0BIwQ8D5Ml7nTNQbh1YlS"},"hoverSprite":{"__uuid__":"f0BIwQ8D5Ml7nTNQbh1YlS"},"_N$disabledSprite":{"__uuid__":"29FYIk+N1GYaeWH/q1NxQO"},"_N$target":{"__id__":68}},{"__type__":"cc.Sprite","node":{"__id__":68},"_materials":[{"__uuid__":"ecpdLyjvZBwrvm+cedCcQy"}],"_spriteFrame":{"__uuid__":"qzmjmj2a-b403-4fc5-912e-acee0cf1daa0"}}],"_prefab":{"__type__":"cc.PrefabInfo","root":{"__id__":1},"asset":{"__uuid__":"qzmjmj18-6694-4eeb-a8f8-bf3dc8f4c689"},"fileId":"11Lwmk/21JfIkNNUPYR718"},"_contentSize":{"__type__":"cc.Size","width":223,"height":80},"_trs":{"__type__":"TypedArray","ctor":"Float64Array","array":[-20,-184,0,0,0,0,1,1,1,1]}},{"__type__":"cc.Node","_name":"New Label","_parent":{"__id__":68},"_components":[{"__type__":"cc.Label","node":{"__id__":69},"_materials":[{"__uuid__":"ecpdLyjvZBwrvm+cedCcQy"}],"_useOriginalSize":false,"_string":"解散房间","_N$string":"解散房间","_N$file":{"__uuid__":"qzmjmj1e-650d-4484-9e24-10ffc791e225"},"_isSystemFontUsed":false,"_N$horizontalAlign":1,"_N$verticalAlign":1},{"__type__":"cc.LabelOutline","node":{"__id__":69},"_color":{"__type__":"cc.Color","r":103,"b":1},"_width":2}],"_prefab":{"__type__":"cc.PrefabInfo","root":{"__id__":1},"asset":{"__uuid__":"qzmjmj18-6694-4eeb-a8f8-bf3dc8f4c689"},"fileId":"2c7GKvjahEj7QEsqzXfukp"},"_contentSize":{"__type__":"cc.Size","width":164,"height":54.4},"_trs":{"__type__":"TypedArray","ctor":"Float64Array","array":[0,3,0,0,0,0,1,1,1,1]}}],{"__type__":"cc.SpriteFrame","content":{"name":"bg","texture":"qzmjmj36-8a0c-4d92-8561-c45e53fa19cc","rect":[0,0,21,63],"offset":[0,0],"originalSize":[21,63],"capInsets":[0,0,0,0]}},{"__type__":"cc.SpriteFrame","content":{"name":"slide_01","texture":"qzmjmj56-c384-418d-acde-db7fdea1ae89","rect":[1,0,72,45],"offset":[0.5,0],"originalSize":[73,45],"capInsets":[0,0,0,0]}},{"__type__":"cc.SpriteFrame","content":{"name":"btn_yellow01","texture":"qzmjmje0-8f42-44c9-abf3-3456bfd6e3ab","rect":[0,0,223,80],"offset":[0,0],"originalSize":[223,80],"capInsets":[0,0,0,0]}},{"__type__":"cc.SpriteFrame","content":{"name":"xuanze1","texture":"qzmjmj9c-2496-4927-94cd-e196edd997fd","rect":[0,0,38,39],"offset":[0,0],"originalSize":[38,39],"capInsets":[0,0,0,0]}},{"__type__":"cc.SpriteFrame","content":{"name":"btn_bg1weixin","texture":"qzmjmj7e-ccae-4929-a2b2-599f4b89be70","rect":[0,0,234,53],"offset":[0,0],"originalSize":[234,53],"capInsets":[0,0,0,0]}},{"__type__":"cc.SpriteFrame","content":{"name":"bg_title","texture":"qzmjmjbd-8c67-402f-9c2b-f5b6999e3133","rect":[1,0,473,87],"offset":[0,0],"originalSize":[475,87],"capInsets":[0,0,0,0]}},{"__type__":"cc.SpriteFrame","content":{"name":"img_dz","texture":"qzmjmj19-3356-4a97-a1ff-b4120f3ac812","rect":[0,0,152,106],"offset":[0,0],"originalSize":[152,106],"capInsets":[0,0,0,0]}},{"__type__":"cc.SpriteFrame","content":{"name":"bg_02","texture":"qzmjmj76-0f5c-4d84-842b-a77df07a590f","rect":[0,0,1306,698],"offset":[0,0],"originalSize":[1306,698],"capInsets":[0,0,0,0]}},{"__type__":"cc.SpriteFrame","content":{"name":"btn_bg1off","texture":"qzmjmj55-bc7b-4e4b-9e6c-fd8319abf5ef","rect":[0,0,258,94],"offset":[0,0],"originalSize":[258,94],"capInsets":[0,0,0,0]}},{"__type__":"cc.SpriteFrame","content":{"name":"img_2D","texture":"qzmjmj5b-8a24-4f52-b872-1f777f7e401f","rect":[0,0,150,104],"offset":[0,0],"originalSize":[150,104],"capInsets":[0,0,0,0]}},{"__type__":"cc.SpriteFrame","content":{"name":"img_3D","texture":"qzmjmj30-6267-4427-ba0a-15157b1095a5","rect":[0,0,150,104],"offset":[0,0],"originalSize":[150,104],"capInsets":[0,0,0,0]}},{"__type__":"cc.SpriteFrame","content":{"name":"xuanze","texture":"qzmjmj8b-723e-4dfb-af99-12d2e6c410bb","rect":[0,0,51,51],"offset":[0,0],"originalSize":[51,51],"capInsets":[0,0,0,0]}},{"__type__":"cc.SpriteFrame","content":{"name":"slide_02","texture":"qzmjmj9b-b6be-4a9a-88a4-6337fce5e7fd","rect":[5,4,373,26],"offset":[0,1.5],"originalSize":[383,37],"capInsets":[20,0,20,0]}},{"__type__":"cc.SpriteFrame","content":{"name":"title_set","texture":"qzmjmj76-f413-4a8d-aeba-449eace2cff5","rect":[0,0,168,43],"offset":[0,0.5],"originalSize":[168,44],"capInsets":[0,0,0,0]}}]