[{"__type__":"cc.SpriteFrame","content":{"name":"01","texture":"typdkcee-7cc5-466b-8f80-713e3b2e38a2","rect":[71,63,106,100],"offset":[0,0],"originalSize":[248,226],"capInsets":[0,0,0,0]}},{"__type__":"cc.SpriteFrame","content":{"name":"07","texture":"typdk79d-97b9-4ecf-80d9-45f965657706","rect":[2,4,244,219],"offset":[0,-0.5],"originalSize":[248,226],"capInsets":[0,0,0,0]}},{"__type__":"cc.SpriteFrame","content":{"name":"03","texture":"typdke33-e600-45c9-a61f-ce4f3e77e34b","rect":[15,15,216,197],"offset":[-1,-0.5],"originalSize":[248,226],"capInsets":[0,0,0,0]}},{"__type__":"cc.SpriteFrame","content":{"name":"09","texture":"typdk69a-396b-4a1c-84b8-52ebefaf0730","rect":[4,11,240,204],"offset":[0,0],"originalSize":[248,226],"capInsets":[0,0,0,0]}},{"__type__":"cc.AnimationClip","_name":"zhadan","_duration":0.7666666666666667,"curveData":{"comps":{"cc.Sprite":{"spriteFrame":[{"frame":0,"value":{"__uuid__":"typdk165-297e-4f99-90d2-cc3e8f022fbd"}},{"frame":0.08333333333333333,"value":{"__uuid__":"typdkaeb-3fd0-4817-b9bf-7e8e3361c9bf"}},{"frame":0.16666666666666666,"value":{"__uuid__":"typdk673-e5d8-49b5-8a6b-238ce6fdb981"}},{"frame":0.25,"value":{"__uuid__":"typdkfeb-5c43-44d6-8039-864b39390882"}},{"frame":0.3333333333333333,"value":{"__uuid__":"typdka43-794e-42bd-8b0c-eff3655e5e9f"}},{"frame":0.4166666666666667,"value":{"__uuid__":"typdkbe7-df62-4ac0-947d-f972b49b7d52"}},{"frame":0.5,"value":{"__uuid__":"typdk466-07fa-43ce-ad84-b0deacb6d91e"}},{"frame":0.5833333333333334,"value":{"__uuid__":"typdkb04-ecfa-4e4c-83fa-3db7f2191e60"}},{"frame":0.6666666666666666,"value":{"__uuid__":"typdk876-9297-4234-bd64-9bfe8262641b"}},{"frame":0.75,"value":{"__uuid__":"typdkccf-f84f-4552-a5b3-6a0c0831f25d"}}]}}}},{"__type__":"cc.SpriteFrame","content":{"name":"05","texture":"typdk2e3-38df-494e-bed8-01f5f8be646f","rect":[2,8,243,204],"offset":[-0.5,3],"originalSize":[248,226],"capInsets":[0,0,0,0]}},{"__type__":"cc.SpriteFrame","content":{"name":"02","texture":"typdk2cf-fcd9-4448-8c95-11db4239aaf2","rect":[8,14,231,199],"offset":[-0.5,-0.5],"originalSize":[248,226],"capInsets":[0,0,0,0]}},{"__type__":"cc.SpriteFrame","content":{"name":"08","texture":"typdk516-091d-4d22-9f39-458c3046c669","rect":[3,0,243,226],"offset":[0.5,0],"originalSize":[248,226],"capInsets":[0,0,0,0]}},{"__type__":"cc.SpriteFrame","content":{"name":"06","texture":"typdk6b7-eea0-4f49-a97f-15bd1c1842ce","rect":[0,0,248,226],"offset":[0,0],"originalSize":[248,226],"capInsets":[0,0,0,0]}},{"__type__":"cc.SpriteFrame","content":{"name":"10","texture":"typdk0b7-fc1f-449c-8aa2-dd6e29a15bcc","rect":[4,12,240,203],"offset":[0,-0.5],"originalSize":[248,226],"capInsets":[0,0,0,0]}},{"__type__":"cc.SpriteFrame","content":{"name":"04","texture":"typdka97-647b-49c6-90ca-1d36b3aa1717","rect":[14,10,220,210],"offset":[0,-2],"originalSize":[248,226],"capInsets":[0,0,0,0]}}]