[{"__type__":"cc.SpriteFrame","content":{"name":"ani_button_04","texture":"dcBF2hc5tM5q847SeOZMaF","rect":[0,0,380,124],"offset":[0,0],"originalSize":[380,124],"capInsets":[0,0,0,0]}},{"__type__":"cc.SpriteFrame","content":{"name":"ani_button_08","texture":"9eAyCS+XVLGba3+fkLKqeJ","rect":[0,0,380,124],"offset":[0,0],"originalSize":[380,124],"capInsets":[0,0,0,0]}},{"__type__":"cc.SpriteFrame","content":{"name":"ani_button_03","texture":"7bO3UoAnJN+4UyXVX6gPEr","rect":[0,0,380,124],"offset":[0,0],"originalSize":[380,124],"capInsets":[0,0,0,0]}},{"__type__":"cc.SpriteFrame","content":{"name":"ani_button_05","texture":"bcDrsSIIdPxapDLKaJCxU+","rect":[0,0,380,124],"offset":[0,0],"originalSize":[380,124],"capInsets":[0,0,0,0]}},{"__type__":"cc.AnimationClip","_name":"createRoomBtnAnimation","_duration":0.05,"sample":1000,"speed":0.02,"wrapMode":2,"curveData":{"comps":{"cc.Sprite":{"spriteFrame":[{"frame":0.04,"value":{"__uuid__":"c7dnORteFBGKsURoGXiQEZ"}},{"frame":0.041,"value":{"__uuid__":"92VuVxcGxAYYM4m3Rs6kd0"}},{"frame":0.042,"value":{"__uuid__":"7eSERvz8pNvIxGEK1lmyrN"}},{"frame":0.043,"value":{"__uuid__":"41sWfV8z5AeL7TVbK7zlaD"}},{"frame":0.044,"value":{"__uuid__":"14fYM0AYhINrbZG/aIxmw+"}},{"frame":0.045,"value":{"__uuid__":"4829HPJHRO2LjCp+jVNA19"}},{"frame":0.046,"value":{"__uuid__":"b1UH3GdCtJA6Dc/yJDLR7a"}},{"frame":0.047,"value":{"__uuid__":"f7TLk4T7dJW4I78F15UMWO"}},{"frame":0.048,"value":{"__uuid__":"3f5LWUANJBoqKtuFV5iHVW"}},{"frame":0.049,"value":{"__uuid__":"dbNziGyD5EHbMrYcowtxCF"}}]}}},"events":[{"frame":0,"func":"","params":[]}]},{"__type__":"cc.SpriteFrame","content":{"name":"ani_button_02","texture":"84kAjfW8xGmZ47poNtXx7W","rect":[0,0,380,124],"offset":[0,0],"originalSize":[380,124],"capInsets":[0,0,0,0]}},{"__type__":"cc.SpriteFrame","content":{"name":"ani_button_01","texture":"e38o8EALpM06ptvoak/p0U","rect":[0,0,380,124],"offset":[0,0],"originalSize":[380,124],"capInsets":[0,0,0,0]}},{"__type__":"cc.SpriteFrame","content":{"name":"ani_button_06","texture":"f7WykPbTNKeZJ/gGowLnq/","rect":[0,0,380,124],"offset":[0,0],"originalSize":[380,124],"capInsets":[0,0,0,0]}},{"__type__":"cc.SpriteFrame","content":{"name":"ani_button_00","texture":"13ZNnAfttJrbhViQeeKiE/","rect":[0,0,380,124],"offset":[0,0],"originalSize":[380,124],"capInsets":[0,0,0,0]}},{"__type__":"cc.SpriteFrame","content":{"name":"ani_button_09","texture":"6drrMB+MhGgLZ1I9fg0t9O","rect":[0,0,380,124],"offset":[0,0],"originalSize":[380,124],"capInsets":[0,0,0,0]}},{"__type__":"cc.SpriteFrame","content":{"name":"ani_button_07","texture":"f2kPVfm3lNIIxelgZsFVV9","rect":[0,0,380,124],"offset":[0,0],"originalSize":[380,124],"capInsets":[0,0,0,0]}}]