[[{"__type__":"cc.Prefab","_name":"img_bjl_cd","data":{"__id__":1}},{"__type__":"cc.Node","_name":"img_bjl_cd","_children":[{"__id__":2},{"__id__":3},{"__id__":4},{"__id__":5}],"_components":[{"__type__":"cc.Sprite","node":{"__id__":1},"_materials":[{"__uuid__":"ecpdLyjvZBwrvm+cedCcQy"}],"_spriteFrame":{"__uuid__":"c7ZDvClmZPIZ7RZ7IEEgXU"},"_type":1,"_sizeMode":0}],"_prefab":{"__type__":"cc.PrefabInfo","root":{"__id__":1},"asset":{"__id__":0},"fileId":"e3/wiNtYVGk6qmkujcgPQ1"},"_contentSize":{"__type__":"cc.Size","width":1230,"height":30},"_trs":{"__type__":"TypedArray","ctor":"Float64Array","array":[0,251.52999999999997,0,0,0,0,1,1,1,1]}},{"__type__":"cc.Node","_name":"taoshangfen","_parent":{"__id__":1},"_components":[{"__type__":"cc.Label","node":{"__id__":2},"_materials":[{"__uuid__":"ecpdLyjvZBwrvm+cedCcQy"}],"_useOriginalSize":false,"_string":"赏分","_N$string":"赏分","_fontSize":26,"_lineHeight":26,"_N$file":{"__uuid__":"5f5wQekV1CGpJW2meZozWn"},"_isSystemFontUsed":false,"_N$horizontalAlign":1,"_N$verticalAlign":1}],"_prefab":{"__type__":"cc.PrefabInfo","root":{"__id__":1},"asset":{"__id__":0},"fileId":"beJWvw+bBMx5/D5d9V1803"},"_color":{"__type__":"cc.Color","r":115,"g":92,"b":66},"_contentSize":{"__type__":"cc.Size","width":52,"height":32.76},"_trs":{"__type__":"TypedArray","ctor":"Float64Array","array":[155,0,0,0,0,0,1,1,1,1]}},{"__type__":"cc.Node","_name":"shuying","_parent":{"__id__":1},"_components":[{"__type__":"cc.Label","node":{"__id__":3},"_materials":[{"__uuid__":"ecpdLyjvZBwrvm+cedCcQy"}],"_useOriginalSize":false,"_string":"得分","_N$string":"得分","_fontSize":26,"_lineHeight":26,"_N$file":{"__uuid__":"5f5wQekV1CGpJW2meZozWn"},"_isSystemFontUsed":false,"_N$horizontalAlign":1,"_N$verticalAlign":1}],"_prefab":{"__type__":"cc.PrefabInfo","root":{"__id__":1},"asset":{"__id__":0},"fileId":"0eDgGIX4pErpz8ab3Ewe2H"},"_color":{"__type__":"cc.Color","r":115,"g":92,"b":66},"_contentSize":{"__type__":"cc.Size","width":52,"height":32.76},"_trs":{"__type__":"TypedArray","ctor":"Float64Array","array":[283.694,0,0,0,0,0,1,1,1,1]}},{"__type__":"cc.Node","_name":"point","_parent":{"__id__":1},"_components":[{"__type__":"cc.Label","node":{"__id__":4},"_materials":[{"__uuid__":"ecpdLyjvZBwrvm+cedCcQy"}],"_useOriginalSize":false,"_string":"总得分","_N$string":"总得分","_fontSize":26,"_lineHeight":26,"_N$file":{"__uuid__":"5f5wQekV1CGpJW2meZozWn"},"_isSystemFontUsed":false,"_N$horizontalAlign":1,"_N$verticalAlign":1}],"_prefab":{"__type__":"cc.PrefabInfo","root":{"__id__":1},"asset":{"__id__":0},"fileId":"9b5/jHv11OI71A8YRHAroq"},"_color":{"__type__":"cc.Color","r":115,"g":92,"b":66},"_contentSize":{"__type__":"cc.Size","width":78,"height":32.76},"_trs":{"__type__":"TypedArray","ctor":"Float64Array","array":[411.002,0,0,0,0,0,1,1,1,1]}},{"__type__":"cc.Node","_name":"sportpoint","_parent":{"__id__":1},"_components":[{"__type__":"cc.Label","node":{"__id__":5},"_materials":[{"__uuid__":"ecpdLyjvZBwrvm+cedCcQy"}],"_useOriginalSize":false,"_string":"比赛分","_N$string":"比赛分","_fontSize":26,"_lineHeight":26,"_N$file":{"__uuid__":"5f5wQekV1CGpJW2meZozWn"},"_isSystemFontUsed":false,"_N$horizontalAlign":1,"_N$verticalAlign":1}],"_prefab":{"__type__":"cc.PrefabInfo","root":{"__id__":1},"asset":{"__id__":0},"fileId":"7ayXx/1qlOybGaLxFX1kqW"},"_color":{"__type__":"cc.Color","r":115,"g":92,"b":66},"_contentSize":{"__type__":"cc.Size","width":78,"height":32.76},"_trs":{"__type__":"TypedArray","ctor":"Float64Array","array":[539.773,0,0,0,0,0,1,1,1,1]}}],{"__type__":"cc.SpriteFrame","content":{"name":"img_bjl_cd","texture":"7cnyOwH4xO36QaqwM7H3M3","rect":[0,0,50,50],"offset":[0,0],"originalSize":[50,50],"capInsets":[20,20,20,20]}}]