[{"__type__":"cc.SpriteFrame","content":{"name":"tianhu_ani7","texture":"qzmjmj93-d6e1-4b99-9d30-1aa8413eb05d","rect":[5,4,253,253],"offset":[-5.5,4],"originalSize":[274,269],"capInsets":[0,0,0,0]}},{"__type__":"cc.SpriteFrame","content":{"name":"tianhu_ani5","texture":"qzmjmje5-b4cc-483a-bb7a-20f114abaf3e","rect":[3,2,258,259],"offset":[-5,3],"originalSize":[274,269],"capInsets":[0,0,0,0]}},{"__type__":"cc.SpriteFrame","content":{"name":"tianhu_ani6","texture":"qzmjmj74-15d8-4e88-bf10-6cb6c4d097b4","rect":[4,4,257,254],"offset":[-4.5,3.5],"originalSize":[274,269],"capInsets":[0,0,0,0]}},{"__type__":"cc.SpriteFrame","content":{"name":"tianhu_ani3","texture":"qzmjmjce-a2d8-464f-9ad0-1e7b92a46e94","rect":[0,0,274,261],"offset":[0,4],"originalSize":[274,269],"capInsets":[0,0,0,0]}},{"__type__":"cc.SpriteFrame","content":{"name":"tianhu_ani4","texture":"qzmjmje2-f827-4f54-be3e-a4b13f29dd77","rect":[0,0,267,261],"offset":[-3.5,4],"originalSize":[274,269],"capInsets":[0,0,0,0]}},{"__type__":"cc.AnimationClip","_name":"tianhuAction","_duration":1.1833333333333333,"curveData":{"comps":{"cc.Sprite":{"spriteFrame":[{"frame":0,"value":{"__uuid__":"qzmjmjd4-62e3-4cf0-9898-deab4fc5c41c"}},{"frame":0.3333333333333333,"value":{"__uuid__":"qzmjmjc0-8e32-47b5-b8f8-bb5fe603343d"}},{"frame":0.5,"value":{"__uuid__":"qzmjmj91-4f59-42e6-8f51-b2e66abd61e9"}},{"frame":0.6666666666666666,"value":{"__uuid__":"qzmjmjb1-550b-460d-a442-026a91d3aba2"}},{"frame":0.8333333333333334,"value":{"__uuid__":"qzmjmj60-e791-4b20-bcc7-98fd69ace28e"}},{"frame":1,"value":{"__uuid__":"qzmjmj80-bed5-4a39-b77a-59eff7fa5e98"}},{"frame":1.1666666666666667,"value":{"__uuid__":"qzmjmj1f-fcfe-420a-a9ee-f574e9953cd8"}}]}}}},{"__type__":"cc.SpriteFrame","content":{"name":"tianhu_ani2","texture":"qzmjmj11-f580-4c45-8e93-0c1b87987e2c","rect":[2,1,259,260],"offset":[-5.5,3.5],"originalSize":[274,269],"capInsets":[0,0,0,0]}},{"__type__":"cc.SpriteFrame","content":{"name":"tianhu_ani1","texture":"qzmjmj19-4e77-44e8-a141-07270347a8cb","rect":[2,1,259,256],"offset":[-5.5,5.5],"originalSize":[274,269],"capInsets":[0,0,0,0]}}]