[[{"__type__":"cc.Prefab","_name":"sanyou","data":{"__id__":1}},{"__type__":"cc.Node","_name":"sanyou","_components":[{"__type__":"cc.Sprite","node":{"__id__":1},"_spriteFrame":{"__uuid__":"qzmjmjff-9fb9-4fb1-a1e2-5ed3d4c7b66f"},"_sizeMode":2,"_isTrimmedMode":false},{"__type__":"cc.Animation","node":{"__id__":1},"_defaultClip":{"__uuid__":"qzmjmjf4-b456-403c-871e-e42a049c0115"},"_clips":[{"__uuid__":"qzmjmjf4-b456-403c-871e-e42a049c0115"}]},{"__type__":"qzmjmja3-f7f6-43f3-bc26-19a21c44bee8","node":{"__id__":1}}],"_prefab":{"__type__":"cc.PrefabInfo","root":{"__id__":1},"asset":{"__uuid__":"qzmjmje5-f0ac-4a7d-bccf-7452042aba89"},"fileId":"8eaebiYdUZC2oHxZ0z459gj"},"_contentSize":{"__type__":"cc.Size","width":469,"height":279},"_trs":{"__type__":"TypedArray","ctor":"Float64Array","array":[0,0,0,0,0,0,1,1,1,1]}}],{"__type__":"cc.SpriteFrame","content":{"name":"sanyou_ani1","texture":"19c988cb6","rect":[533,452,275,159],"offset":[18,-10],"originalSize":[469,279],"capInsets":[0,0,0,0]}}]