[[{"__type__":"cc.Prefab","_name":"pdk_UIInvitation","data":{"__id__":1}},{"__type__":"cc.Node","_name":"pdk_UIInvitation","_children":[{"__id__":2},{"__id__":4}],"_components":[{"__type__":"cc.Widget","node":{"__id__":1},"_alignFlags":45,"_left":-100,"_right":-100},{"__type__":"106c3zzFuJBBrf46vlt6LuB","node":{"__id__":1}}],"_prefab":{"__type__":"cc.PrefabInfo","root":{"__id__":1},"asset":{"__uuid__":"08TYyad/lEMpALGNlQSJNp"},"fileId":"42D4O4+tNO6Kg1hEXVvBCy"},"_contentSize":{"__type__":"cc.Size","width":1560,"height":760},"_trs":{"__type__":"TypedArray","ctor":"Float64Array","array":[680,380,0,0,0,0,1,1,1,1]}},{"__type__":"cc.Node","_name":"btn_invitationOnline","_parent":{"__id__":1},"_children":[{"__id__":3}],"_components":[{"__type__":"cc.Sprite","node":{"__id__":2},"_materials":[{"__uuid__":"ecpdLyjvZBwrvm+cedCcQy"}],"_spriteFrame":{"__uuid__":"typdk884-2e96-4cde-a129-9cdf6ce1af3a"},"_type":1,"_sizeMode":2},{"__type__":"cc.Button","node":{"__id__":2},"zoomScale":0.9,"clickEvents":[{"__type__":"cc.ClickEvent","target":{"__id__":1},"_componentId":"106c3zzFuJBBrf46vlt6LuB","handler":"OnClick_BtnWnd"}],"_N$transition":3,"transition":3,"_N$pressedColor":{"__type__":"cc.Color","r":255,"g":255,"b":255},"pressedColor":{"__type__":"cc.Color","r":255,"g":255,"b":255},"_N$disabledColor":{"__type__":"cc.Color","r":255,"g":255,"b":255},"_N$pressedSprite":{"__uuid__":"e97GVMl6JHh5Ml5qEDdSGa"},"pressedSprite":{"__uuid__":"e97GVMl6JHh5Ml5qEDdSGa"},"_N$hoverSprite":{"__uuid__":"e97GVMl6JHh5Ml5qEDdSGa"},"hoverSprite":{"__uuid__":"e97GVMl6JHh5Ml5qEDdSGa"},"_N$disabledSprite":{"__uuid__":"29FYIk+N1GYaeWH/q1NxQO"},"_N$target":{"__id__":2}}],"_prefab":{"__type__":"cc.PrefabInfo","root":{"__id__":1},"asset":{"__uuid__":"08TYyad/lEMpALGNlQSJNp"},"fileId":"a4Cq7JiD5On6AM7qPf0PFi"},"_contentSize":{"__type__":"cc.Size","width":236,"height":94},"_trs":{"__type__":"TypedArray","ctor":"Float64Array","array":[0,85,0,0,0,0,1,1,1,1]}},{"__type__":"cc.Node","_name":"New Label","_parent":{"__id__":2},"_components":[{"__type__":"cc.Label","node":{"__id__":3},"_materials":[{"__uuid__":"ecpdLyjvZBwrvm+cedCcQy"}],"_useOriginalSize":false,"_string":"邀请在线好友","_N$string":"邀请在线好友","_fontSize":30,"_lineHeight":45,"_N$file":{"__uuid__":"typdk345-cbe0-4203-a8ca-8141b2e63f4f"},"_isSystemFontUsed":false,"_N$horizontalAlign":1,"_N$verticalAlign":1},{"__type__":"cc.LabelOutline","node":{"__id__":3},"_color":{"__type__":"cc.Color","r":127,"g":64,"b":8},"_width":2}],"_prefab":{"__type__":"cc.PrefabInfo","root":{"__id__":1},"asset":{"__uuid__":"08TYyad/lEMpALGNlQSJNp"},"fileId":"71BIwNuaxJn4SBHh6s255y"},"_contentSize":{"__type__":"cc.Size","width":184,"height":60.7},"_trs":{"__type__":"TypedArray","ctor":"Float64Array","array":[0,5,0,0,0,0,1,1,1,1]}},{"__type__":"cc.Node","_name":"invitationNode","_parent":{"__id__":1},"_children":[{"__id__":5},{"__id__":6},{"__id__":7},{"__id__":26}],"_components":[{"__type__":"cc.Widget","node":{"__id__":4},"_alignFlags":45,"_originalWidth":960,"_originalHeight":640}],"_prefab":{"__type__":"cc.PrefabInfo","root":{"__id__":1},"asset":{"__uuid__":"08TYyad/lEMpALGNlQSJNp"},"fileId":"61wY6yVZ1MCqSyAlcb9MfT"},"_contentSize":{"__type__":"cc.Size","width":1560,"height":760},"_trs":{"__type__":"TypedArray","ctor":"Float64Array","array":[0,0,0,0,0,0,1,1,1,1]}},{"__type__":"cc.Node","_name":"bg","_parent":{"__id__":4},"_components":[{"__type__":"cc.Sprite","node":{"__id__":5},"_materials":[{"__uuid__":"ecpdLyjvZBwrvm+cedCcQy"}],"_spriteFrame":{"__uuid__":"a2MjXRFdtLlYQ5ouAFv/+R"},"_sizeMode":0},{"__type__":"cc.Widget","node":{"__id__":5},"_alignFlags":45,"_originalWidth":100,"_originalHeight":100},{"__type__":"cc.Button","node":{"__id__":5},"_N$target":{"__id__":5}}],"_prefab":{"__type__":"cc.PrefabInfo","root":{"__id__":1},"asset":{"__uuid__":"08TYyad/lEMpALGNlQSJNp"},"fileId":"9085FDlkFJ7Zsw8om8ETWK"},"_opacity":200,"_color":{"__type__":"cc.Color"},"_contentSize":{"__type__":"cc.Size","width":1560,"height":760},"_trs":{"__type__":"TypedArray","ctor":"Float64Array","array":[0,0,0,0,0,0,1,1,1,1]}},{"__type__":"cc.Node","_name":"title","_parent":{"__id__":4},"_components":[{"__type__":"cc.Label","node":{"__id__":6},"_materials":[{"__uuid__":"ecpdLyjvZBwrvm+cedCcQy"}],"_useOriginalSize":false,"_string":"邀请在线玩家","_N$string":"邀请在线玩家","_N$file":{"__uuid__":"typdk345-cbe0-4203-a8ca-8141b2e63f4f"},"_isSystemFontUsed":false,"_N$horizontalAlign":1,"_N$verticalAlign":1}],"_prefab":{"__type__":"cc.PrefabInfo","root":{"__id__":1},"asset":{"__uuid__":"08TYyad/lEMpALGNlQSJNp"},"fileId":"26TiM3idZE4LIvn3oI8UwC"},"_color":{"__type__":"cc.Color","r":231,"g":163,"b":45},"_contentSize":{"__type__":"cc.Size","width":240,"height":50.4},"_trs":{"__type__":"TypedArray","ctor":"Float64Array","array":[0,214.596,0,0,0,0,1,1,1,1]}},{"__type__":"cc.Node","_name":"img_bjl","_parent":{"__id__":4},"_children":[{"__id__":8},{"__id__":9},{"__id__":11},{"__id__":19}],"_components":[{"__type__":"cc.Sprite","node":{"__id__":7},"_materials":[{"__uuid__":"ecpdLyjvZBwrvm+cedCcQy"}],"_spriteFrame":{"__uuid__":"f1G9CJhkJC5548r6u5RIXl"},"_type":1,"_sizeMode":0}],"_prefab":{"__type__":"cc.PrefabInfo","root":{"__id__":1},"asset":{"__uuid__":"08TYyad/lEMpALGNlQSJNp"},"fileId":"65GHLJquNGxqQ/s/XUCuEp"},"_contentSize":{"__type__":"cc.Size","width":1100,"height":520},"_trs":{"__type__":"TypedArray","ctor":"Float64Array","array":[0,0,0,0,0,0,1,1,1,1]}},{"__type__":"cc.Node","_name":"img_mask","_parent":{"__id__":7},"_components":[{"__type__":"cc.Sprite","node":{"__id__":8},"_materials":[{"__uuid__":"ecpdLyjvZBwrvm+cedCcQy"}],"_spriteFrame":{"__uuid__":"b3NNSA5hpGfYSAu7ESLoqq"},"_sizeMode":0}],"_prefab":{"__type__":"cc.PrefabInfo","root":{"__id__":1},"asset":{"__uuid__":"08TYyad/lEMpALGNlQSJNp"},"fileId":"e7ia1UDLBE/7Xkue1Nwn6d"},"_opacity":150,"_contentSize":{"__type__":"cc.Size","width":1050,"height":400},"_trs":{"__type__":"TypedArray","ctor":"Float64Array","array":[0,-27.741,0,0,0,0,1,1,1,1]}},{"__type__":"cc.Node","_name":"btn_reGet","_parent":{"__id__":7},"_children":[{"__id__":10}],"_components":[{"__type__":"cc.Button","node":{"__id__":9},"clickEvents":[{"__type__":"cc.ClickEvent","target":{"__id__":1},"_componentId":"106c3zzFuJBBrf46vlt6LuB","handler":"OnClick_BtnWnd"}],"_N$transition":3,"transition":3,"_N$normalColor":{"__type__":"cc.Color","r":230,"g":230,"b":230},"_N$pressedColor":{"__type__":"cc.Color","r":200,"g":200,"b":200},"pressedColor":{"__type__":"cc.Color","r":200,"g":200,"b":200},"_N$disabledColor":{"__type__":"cc.Color","r":120,"g":120,"b":120,"a":200},"_N$normalSprite":{"__uuid__":"f0BIwQ8D5Ml7nTNQbh1YlS"},"_N$pressedSprite":{"__uuid__":"e97GVMl6JHh5Ml5qEDdSGa"},"pressedSprite":{"__uuid__":"e97GVMl6JHh5Ml5qEDdSGa"},"_N$hoverSprite":{"__uuid__":"f0BIwQ8D5Ml7nTNQbh1YlS"},"hoverSprite":{"__uuid__":"f0BIwQ8D5Ml7nTNQbh1YlS"},"_N$disabledSprite":{"__uuid__":"29FYIk+N1GYaeWH/q1NxQO"},"_N$target":{"__id__":9}},{"__type__":"cc.Sprite","node":{"__id__":9},"_materials":[{"__uuid__":"ecpdLyjvZBwrvm+cedCcQy"}],"_spriteFrame":{"__uuid__":"77Xw8V4lNEQ5VR4/GW56F0"}}],"_prefab":{"__type__":"cc.PrefabInfo","root":{"__id__":1},"asset":{"__uuid__":"08TYyad/lEMpALGNlQSJNp"},"fileId":"985FR7ZdNML75t26WIPgl+"},"_contentSize":{"__type__":"cc.Size","width":157,"height":60},"_trs":{"__type__":"TypedArray","ctor":"Float64Array","array":[348.41,218.811,0,0,0,0,1,1,1,1]}},{"__type__":"cc.Node","_name":"lb","_parent":{"__id__":9},"_components":[{"__type__":"cc.Label","node":{"__id__":10},"_materials":[{"__uuid__":"ecpdLyjvZBwrvm+cedCcQy"}],"_useOriginalSize":false,"_string":"刷新","_N$string":"刷新","_fontSize":34,"_lineHeight":38,"_N$file":{"__uuid__":"typdk345-cbe0-4203-a8ca-8141b2e63f4f"},"_isSystemFontUsed":false,"_N$horizontalAlign":1,"_N$verticalAlign":1},{"__type__":"cc.LabelOutline","node":{"__id__":10},"_color":{"__type__":"cc.Color","r":147,"g":79,"b":37},"_width":2}],"_prefab":{"__type__":"cc.PrefabInfo","root":{"__id__":1},"asset":{"__uuid__":"08TYyad/lEMpALGNlQSJNp"},"fileId":"96jKDwFmBE+4+2uW8gTP1t"},"_contentSize":{"__type__":"cc.Size","width":72,"height":51.88},"_trs":{"__type__":"TypedArray","ctor":"Float64Array","array":[0,1.166,0,0,0,0,1,1,1,1]}},{"__type__":"cc.Node","_name":"demo","_parent":{"__id__":7},"_children":[{"__id__":12},{"__id__":13},{"__id__":14},{"__id__":15},{"__id__":16},{"__id__":17},{"__id__":18}],"_active":false,"_prefab":{"__type__":"cc.PrefabInfo","root":{"__id__":1},"asset":{"__uuid__":"08TYyad/lEMpALGNlQSJNp"},"fileId":"e67ZzaoOVD6KkOLTSPkKk5"},"_contentSize":{"__type__":"cc.Size","width":350,"height":90},"_trs":{"__type__":"TypedArray","ctor":"Float64Array","array":[-350,119.167,0,0,0,0,1,1,1,1]}},{"__type__":"cc.Node","_name":"img_bjl_wj","_parent":{"__id__":11},"_components":[{"__type__":"cc.Sprite","node":{"__id__":12},"_materials":[{"__uuid__":"ecpdLyjvZBwrvm+cedCcQy"}],"_spriteFrame":{"__uuid__":"71/7gxiWtB5IeOj4srcmBS"}}],"_prefab":{"__type__":"cc.PrefabInfo","root":{"__id__":1},"asset":{"__uuid__":"08TYyad/lEMpALGNlQSJNp"},"fileId":"bcLfF6yXZFdo2AsMMWuG1p"},"_contentSize":{"__type__":"cc.Size","width":330,"height":86},"_trs":{"__type__":"TypedArray","ctor":"Float64Array","array":[0,0,0,0,0,0,1,1,1,1]}},{"__type__":"cc.Node","_name":"img_tx01","_parent":{"__id__":11},"_components":[{"__type__":"cc.Sprite","node":{"__id__":13},"_materials":[{"__uuid__":"ecpdLyjvZBwrvm+cedCcQy"}],"_spriteFrame":{"__uuid__":"7euVI1usVBC7MHiq5NLMHA"}}],"_prefab":{"__type__":"cc.PrefabInfo","root":{"__id__":1},"asset":{"__uuid__":"08TYyad/lEMpALGNlQSJNp"},"fileId":"7duozrWLlEobf4hvJNEQr+"},"_contentSize":{"__type__":"cc.Size","width":70,"height":73},"_trs":{"__type__":"TypedArray","ctor":"Float64Array","array":[-120,0,0,0,0,0,1,1,1,1]}},{"__type__":"cc.Node","_name":"head","_parent":{"__id__":11},"_components":[{"__type__":"cc.Sprite","node":{"__id__":14},"_materials":[{"__uuid__":"ecpdLyjvZBwrvm+cedCcQy"}],"_spriteFrame":{"__uuid__":"typdkbd4-6d8e-4361-aae8-91caca6f2355"},"_sizeMode":0},{"__type__":"typdk551-cdf7-4ff7-b9d1-ff119733cfed","node":{"__id__":14}}],"_prefab":{"__type__":"cc.PrefabInfo","root":{"__id__":1},"asset":{"__uuid__":"08TYyad/lEMpALGNlQSJNp"},"fileId":"158ARjJIROqKiCONladYNY"},"_contentSize":{"__type__":"cc.Size","width":70,"height":70},"_trs":{"__type__":"TypedArray","ctor":"Float64Array","array":[-120,0,0,0,0,0,1,1,1,1]}},{"__type__":"cc.Node","_name":"lb_name","_parent":{"__id__":11},"_components":[{"__type__":"cc.Label","node":{"__id__":15},"_materials":[{"__uuid__":"ecpdLyjvZBwrvm+cedCcQy"}],"_useOriginalSize":false,"_string":"玩家昵称...","_N$string":"玩家昵称...","_fontSize":20,"_lineHeight":22,"_N$file":{"__uuid__":"typdk345-cbe0-4203-a8ca-8141b2e63f4f"},"_isSystemFontUsed":false,"_N$horizontalAlign":1,"_N$verticalAlign":1}],"_prefab":{"__type__":"cc.PrefabInfo","root":{"__id__":1},"asset":{"__uuid__":"08TYyad/lEMpALGNlQSJNp"},"fileId":"58KUanj+tKRbVeyQ+eu4+Z"},"_color":{"__type__":"cc.Color","r":162,"g":89,"b":50},"_contentSize":{"__type__":"cc.Size","width":95.94,"height":27.72},"_anchorPoint":{"__type__":"cc.Vec2","y":0.5},"_trs":{"__type__":"TypedArray","ctor":"Float64Array","array":[-74.936,25.336,0,0,0,0,1,1,1,1]}},{"__type__":"cc.Node","_name":"lb_id","_parent":{"__id__":11},"_components":[{"__type__":"cc.Label","node":{"__id__":16},"_materials":[{"__uuid__":"ecpdLyjvZBwrvm+cedCcQy"}],"_useOriginalSize":false,"_string":"123456","_N$string":"123456","_fontSize":20,"_lineHeight":22,"_N$file":{"__uuid__":"typdk345-cbe0-4203-a8ca-8141b2e63f4f"},"_isSystemFontUsed":false,"_N$horizontalAlign":1,"_N$verticalAlign":1}],"_prefab":{"__type__":"cc.PrefabInfo","root":{"__id__":1},"asset":{"__uuid__":"08TYyad/lEMpALGNlQSJNp"},"fileId":"ebUzn/759PWZuhQoqYvK7s"},"_color":{"__type__":"cc.Color","r":162,"g":89,"b":50},"_contentSize":{"__type__":"cc.Size","width":64.38,"height":27.72},"_anchorPoint":{"__type__":"cc.Vec2","y":0.5},"_trs":{"__type__":"TypedArray","ctor":"Float64Array","array":[-75.976,-0.040000000000000036,0,0,0,0,1,1,1,1]}},{"__type__":"cc.Node","_name":"lb_zaixian","_parent":{"__id__":11},"_components":[{"__type__":"cc.Label","node":{"__id__":17},"_materials":[{"__uuid__":"ecpdLyjvZBwrvm+cedCcQy"}],"_useOriginalSize":false,"_string":"在线","_N$string":"在线","_fontSize":20,"_lineHeight":22,"_N$file":{"__uuid__":"typdk345-cbe0-4203-a8ca-8141b2e63f4f"},"_isSystemFontUsed":false,"_N$horizontalAlign":1,"_N$verticalAlign":1}],"_prefab":{"__type__":"cc.PrefabInfo","root":{"__id__":1},"asset":{"__uuid__":"08TYyad/lEMpALGNlQSJNp"},"fileId":"06AH3+yhJN44uXfPy8oFdv"},"_color":{"__type__":"cc.Color","r":220,"g":101,"b":5},"_contentSize":{"__type__":"cc.Size","width":40,"height":27.72},"_anchorPoint":{"__type__":"cc.Vec2","y":0.5},"_trs":{"__type__":"TypedArray","ctor":"Float64Array","array":[-75.976,-24.855,0,0,0,0,1,1,1,1]}},{"__type__":"cc.Node","_name":"btn_invitation","_parent":{"__id__":11},"_components":[{"__type__":"cc.Sprite","node":{"__id__":18},"_materials":[{"__uuid__":"ecpdLyjvZBwrvm+cedCcQy"}],"_spriteFrame":{"__uuid__":"47BLjrOBlHPJLwPSNBSW7o"}},{"__type__":"cc.Button","node":{"__id__":18},"_normalMaterial":{"__uuid__":"ecpdLyjvZBwrvm+cedCcQy"},"_grayMaterial":{"__uuid__":"3ae7efMv1CLq2ilvUY/tQi"},"clickEvents":[{"__type__":"cc.ClickEvent","target":{"__id__":1},"_componentId":"106c3zzFuJBBrf46vlt6LuB","handler":"OnClick_BtnWnd"}],"_N$enableAutoGrayEffect":true,"_N$transition":3,"transition":3,"_N$target":{"__id__":18}}],"_prefab":{"__type__":"cc.PrefabInfo","root":{"__id__":1},"asset":{"__uuid__":"08TYyad/lEMpALGNlQSJNp"},"fileId":"65T1vbktpJbba7Yle0gR2+"},"_contentSize":{"__type__":"cc.Size","width":85,"height":38},"_trs":{"__type__":"TypedArray","ctor":"Float64Array","array":[108,0,0,0,0,0,1,1,1,1]}},{"__type__":"cc.Node","_name":"scrollview","_parent":{"__id__":7},"_children":[{"__id__":20},{"__id__":21}],"_components":[{"__type__":"cc.Mask","node":{"__id__":19},"_materials":[{"__uuid__":"ecpdLyjvZBwrvm+cedCcQy"}]},{"__id__":25}],"_prefab":{"__type__":"cc.PrefabInfo","root":{"__id__":1},"asset":{"__uuid__":"08TYyad/lEMpALGNlQSJNp"},"fileId":"9ad+hqIlZHcKZCLrfHloWD"},"_contentSize":{"__type__":"cc.Size","width":1050,"height":400},"_trs":{"__type__":"TypedArray","ctor":"Float64Array","array":[0,-35.833,0,0,0,0,1,1,1,1]}},{"__type__":"cc.Node","_name":"userLayout","_parent":{"__id__":19},"_components":[{"__type__":"cc.Layout","node":{"__id__":20},"_layoutSize":{"__type__":"cc.Size","width":1050},"_resize":1,"_N$layoutType":3,"_N$spacingY":8}],"_prefab":{"__type__":"cc.PrefabInfo","root":{"__id__":1},"asset":{"__uuid__":"08TYyad/lEMpALGNlQSJNp"},"fileId":"4451xrvwlBgZR9ZigmTkdk"},"_contentSize":{"__type__":"cc.Size","width":1050},"_anchorPoint":{"__type__":"cc.Vec2","x":0.5,"y":1},"_trs":{"__type__":"TypedArray","ctor":"Float64Array","array":[0,200,0,0,0,0,1,1,1,1]}},{"__type__":"cc.Node","_name":"scrollBar","_parent":{"__id__":19},"_children":[{"__id__":22}],"_components":[{"__id__":24},{"__type__":"cc.Widget","node":{"__id__":21},"alignMode":0,"_alignFlags":37,"_left":350.07654921020657,"_originalHeight":237},{"__type__":"cc.Sprite","node":{"__id__":21},"_materials":[{"__uuid__":"ecpdLyjvZBwrvm+cedCcQy"}],"_spriteFrame":{"__uuid__":"5f5dyqtRNNxaFmVzYns6FZ"},"_type":1,"_sizeMode":0}],"_prefab":{"__type__":"cc.PrefabInfo","root":{"__id__":1},"asset":{"__uuid__":"08TYyad/lEMpALGNlQSJNp"},"fileId":"7elUAa1QpIKrsMJoGQZbRF"},"_contentSize":{"__type__":"cc.Size","width":12,"height":400},"_anchorPoint":{"__type__":"cc.Vec2","x":1,"y":0.5},"_trs":{"__type__":"TypedArray","ctor":"Float64Array","array":[525,0,0,0,0,0,1,1,1,1]}},{"__type__":"cc.Node","_name":"bar","_parent":{"__id__":21},"_components":[{"__id__":23}],"_prefab":{"__type__":"cc.PrefabInfo","root":{"__id__":1},"asset":{"__uuid__":"08TYyad/lEMpALGNlQSJNp"},"fileId":"29f6dn9C1LwIcuEAqpdS9p"},"_contentSize":{"__type__":"cc.Size","width":10,"height":30},"_anchorPoint":{"__type__":"cc.Vec2","x":1},"_trs":{"__type__":"TypedArray","ctor":"Float64Array","array":[-1,0,0,0,0,0,1,1,1,1]}},{"__type__":"cc.Sprite","node":{"__id__":22},"_materials":[{"__uuid__":"ecpdLyjvZBwrvm+cedCcQy"}],"_spriteFrame":{"__uuid__":"5cO7kybDxGj4ipyMYdRYZB"},"_type":1,"_sizeMode":0},{"__type__":"cc.Scrollbar","node":{"__id__":21},"_scrollView":{"__id__":25},"enableAutoHide":false,"_N$handle":{"__id__":23},"_N$direction":1},{"__type__":"cc.ScrollView","node":{"__id__":19},"horizontal":false,"_N$content":{"__id__":20},"content":{"__id__":20},"_N$verticalScrollBar":{"__id__":24}},{"__type__":"cc.Node","_name":"btn_close","_parent":{"__id__":4},"_components":[{"__type__":"cc.Sprite","node":{"__id__":26},"_materials":[{"__uuid__":"ecpdLyjvZBwrvm+cedCcQy"}],"_spriteFrame":{"__uuid__":"typdked7-f3a2-49f2-bdae-92ddc74dd698"}},{"__type__":"cc.Button","node":{"__id__":26},"_normalMaterial":{"__uuid__":"ecpdLyjvZBwrvm+cedCcQy"},"clickEvents":[{"__type__":"cc.ClickEvent","target":{"__id__":1},"_componentId":"106c3zzFuJBBrf46vlt6LuB","handler":"OnClick_BtnWnd"}],"_N$transition":3,"transition":3,"_N$target":{"__id__":26}}],"_prefab":{"__type__":"cc.PrefabInfo","root":{"__id__":1},"asset":{"__uuid__":"08TYyad/lEMpALGNlQSJNp"},"fileId":"79KTlFtoRA3q2bO+4J2sbr"},"_contentSize":{"__type__":"cc.Size","width":79,"height":80},"_trs":{"__type__":"TypedArray","ctor":"Float64Array","array":[544.886,256.649,0,0,0,0,1,1,1,1]}}],{"__type__":"cc.SpriteFrame","content":{"name":"default_btn_disabled","texture":"71VhFCTINJM6/Ky3oX9nBT","rect":[0,0,40,40],"offset":[0,0],"originalSize":[40,40],"capInsets":[12,12,12,12]}},{"__type__":"cc.SpriteFrame","content":{"name":"btn_yq01","texture":"150o5claNDgqrKL+WzgPxT","rect":[0,0,85,38],"offset":[0,0],"originalSize":[85,38],"capInsets":[0,0,0,0]}},{"__type__":"cc.SpriteFrame","content":{"name":"default_scrollbar_vertical","texture":"d608qFRoFHwbXd0Dap056i","rect":[0,0,15,30],"offset":[0,0],"originalSize":[15,30],"capInsets":[4,10,4,10]}},{"__type__":"cc.SpriteFrame","content":{"name":"default_scrollbar_vertical_bg","texture":"61cyPdEfRN047sDK9rO0W5","rect":[0,0,15,30],"offset":[0,0],"originalSize":[15,30],"capInsets":[4,10,4,10]}},{"__type__":"cc.SpriteFrame","content":{"name":"img_bjl_wj","texture":"37FwC31D9PGreZ/XrtHMzr","rect":[0,0,330,86],"offset":[0,0],"originalSize":[330,86],"capInsets":[0,0,0,0]}},{"__type__":"cc.SpriteFrame","content":{"name":"img_tcfj","texture":"93CpJt1kNPfq2KhGmGG7ww","rect":[0,0,157,60],"offset":[0,0],"originalSize":[157,60],"capInsets":[0,0,0,0]}},{"__type__":"cc.SpriteFrame","content":{"name":"img_tx01","texture":"65IeC+x0RDlLNXUfZcjmyZ","rect":[0,0,70,73],"offset":[0,0],"originalSize":[70,73],"capInsets":[0,0,0,0]}},{"__type__":"cc.SpriteFrame","content":{"name":"default_sprite_splash","texture":"02delMVqdBD70a/HSD99FK","rect":[0,0,2,2],"offset":[0,0],"originalSize":[2,2],"capInsets":[0,0,0,0]}},{"__type__":"cc.SpriteFrame","content":{"name":"img_mask","texture":"fayr74o+xKgogZLDJ3ui4M","rect":[0,0,60,60],"offset":[0,0],"originalSize":[60,60],"capInsets":[0,0,0,0]}},{"__type__":"cc.SpriteFrame","content":{"name":"default_btn_pressed","texture":"b4P/PCArtIdIH38t6mlw8Y","rect":[0,0,40,40],"offset":[0,0],"originalSize":[40,40],"capInsets":[12,12,12,12]}},{"__type__":"cc.SpriteFrame","content":{"name":"default_btn_normal","texture":"e8Ueib+qJEhL6mXAHdnwbi","rect":[0,0,40,40],"offset":[0,0],"originalSize":[40,40],"capInsets":[12,12,12,12]}},{"__type__":"cc.SpriteFrame","content":{"name":"img_bjl","texture":"bfPx0JjhpPw5d1GZj7LOmi","rect":[0,0,370,520],"offset":[0,0],"originalSize":[370,520],"capInsets":[162,120,154,130]}},{"__type__":"cc.SpriteFrame","content":{"name":"btn_yellow","texture":"typdk336-bd59-49be-bbfd-b9c7d2187939","rect":[0,0,236,94],"offset":[0,0],"originalSize":[236,94],"capInsets":[0,0,0,0]}},{"__type__":"cc.SpriteFrame","content":{"name":"morentouxiang","texture":"typdk652-0393-4ea1-84d8-1bdd3044f177","rect":[0,0,60,60],"offset":[0,0],"originalSize":[60,60],"capInsets":[0,0,0,0]}},{"__type__":"cc.SpriteFrame","content":{"name":"btn_close","texture":"typdk435-32f0-46cf-9b76-ae84a1baec20","rect":[0,0,79,80],"offset":[0,0],"originalSize":[79,80],"capInsets":[0,0,0,0]}}]