[[{"__type__":"cc.Prefab","_name":"qzmj_UIMJWBHuPai","data":{"__id__":1}},{"__type__":"cc.Node","_name":"qzmj_UIMJWBHuPai","_children":[{"__id__":2},{"__id__":5}],"_components":[{"__type__":"5de23mtu4VJNbTCZwl/cOwG","node":{"__id__":1},"kehuPrefab":{"__uuid__":"f9gVpjij9Cy56xgdsJBDY5"},"layout":{"__id__":4}},{"__type__":"cc.Widget","node":{"__id__":1},"alignMode":0,"_alignFlags":4,"_bottom":208.42700000000002}],"_prefab":{"__type__":"cc.PrefabInfo","root":{"__id__":1},"asset":{"__uuid__":"21rvnalDtA9b1pJ76aLDjH"},"fileId":"e005B1gk5LiakaXzETTOLS"},"_contentSize":{"__type__":"cc.Size","width":176,"height":128},"_trs":{"__type__":"TypedArray","ctor":"Float64Array","array":[-478.514,253.22700000000003,0,0,0,0,1,0.7,0.7,1]}},{"__type__":"cc.Node","_name":"huscrollview","_parent":{"__id__":1},"_children":[{"__id__":3}],"_components":[{"__type__":"cc.ScrollView","node":{"__id__":2},"vertical":false,"brake":0.75,"bounceDuration":0.23,"_N$content":{"__id__":4},"content":{"__id__":4},"_N$horizontalScrollBar":null,"_N$verticalScrollBar":null},{"__type__":"cc.Sprite","node":{"__id__":2},"_materials":[{"__uuid__":"ecpdLyjvZBwrvm+cedCcQy"}],"_spriteFrame":{"__uuid__":"64eohnSRRIaL4BMrW2O5vZ"},"_type":1,"_sizeMode":0}],"_prefab":{"__type__":"cc.PrefabInfo","root":{"__id__":1},"asset":{"__uuid__":"21rvnalDtA9b1pJ76aLDjH"},"fileId":"09n/c9vahIWZiAijEaJ2vG"},"_contentSize":{"__type__":"cc.Size","width":1000,"height":156},"_anchorPoint":{"__type__":"cc.Vec2","y":0.5},"_trs":{"__type__":"TypedArray","ctor":"Float64Array","array":[0,0,0,0,0,0,1,1,1,1]}},{"__type__":"cc.Node","_name":"view","_parent":{"__id__":2},"_children":[{"__id__":4}],"_components":[{"__type__":"cc.Mask","node":{"__id__":3},"_materials":[{"__uuid__":"ecpdLyjvZBwrvm+cedCcQy"}],"_N$alphaThreshold":0}],"_prefab":{"__type__":"cc.PrefabInfo","root":{"__id__":1},"asset":{"__uuid__":"21rvnalDtA9b1pJ76aLDjH"},"fileId":"da0dlHxU9OrJnHd2ql8R2Z"},"_contentSize":{"__type__":"cc.Size","width":1000,"height":188},"_anchorPoint":{"__type__":"cc.Vec2","y":0.5},"_trs":{"__type__":"TypedArray","ctor":"Float64Array","array":[0,0,0,0,0,0,1,1,1,1]}},{"__type__":"cc.Node","_name":"layout","_parent":{"__id__":3},"_components":[{"__type__":"cc.Sprite","node":{"__id__":4},"_enabled":false,"_materials":[{"__uuid__":"ecpdLyjvZBwrvm+cedCcQy"}],"_spriteFrame":{"__uuid__":"64eohnSRRIaL4BMrW2O5vZ"},"_type":1,"_sizeMode":0},{"__type__":"cc.Layout","node":{"__id__":4},"_layoutSize":{"__type__":"cc.Size","width":349,"height":156},"_resize":1,"_N$layoutType":1,"_N$paddingLeft":200,"_N$paddingRight":65,"_N$spacingX":65}],"_prefab":{"__type__":"cc.PrefabInfo","root":{"__id__":1},"asset":{"__uuid__":"21rvnalDtA9b1pJ76aLDjH"},"fileId":"b3MDoqSDFJEay4SPBVsx5e"},"_contentSize":{"__type__":"cc.Size","width":349,"height":156},"_anchorPoint":{"__type__":"cc.Vec2","y":0.5},"_trs":{"__type__":"TypedArray","ctor":"Float64Array","array":[0,0,0,0,0,0,1,1,1,1]}},{"__type__":"cc.Node","_name":"New Sprite","_parent":{"__id__":1},"_components":[{"__type__":"cc.Sprite","node":{"__id__":5},"_materials":[{"__uuid__":"ecpdLyjvZBwrvm+cedCcQy"}],"_spriteFrame":{"__uuid__":"e1yKDQPhNLm4zQJ8r7dnlH"}}],"_prefab":{"__type__":"cc.PrefabInfo","root":{"__id__":1},"asset":{"__uuid__":"21rvnalDtA9b1pJ76aLDjH"},"fileId":"10qN489c1D7aAL+7L0zFba"},"_contentSize":{"__type__":"cc.Size","width":117,"height":111},"_trs":{"__type__":"TypedArray","ctor":"Float64Array","array":[92.642,0.352,0,0,0,0,1,1,1,1]}}],{"__type__":"cc.SpriteFrame","content":{"name":"img_hudi2","texture":"6ehOWum/5P0KsANMF+hVJ3","rect":[0,0,306,156],"offset":[0,0],"originalSize":[306,156],"capInsets":[100,50,100,50]}},{"__type__":"cc.SpriteFrame","content":{"name":"img_hu","texture":"baLPjl1mhPVbpBWmIsSnPI","rect":[18,0,117,111],"offset":[9,0],"originalSize":[135,111],"capInsets":[0,0,0,0]}}]