[[{"__type__":"cc.Prefab","_name":"UIQZMJWBCard02","data":{"__id__":1}},{"__type__":"cc.Node","_name":"UIQZMJWBCard02","_children":[{"__id__":2},{"__id__":5}],"_components":[{"__type__":"7bf0aK3ReFHRZ3qjpaKbcqm","node":{"__id__":1},"sp_in":{"__id__":3},"card":{"__id__":2},"downcard":{"__id__":5},"BackCardSpriteFrame":{"__uuid__":"qzmjmj57-beb7-427a-9b9b-505065db4072"}}],"_prefab":{"__type__":"cc.PrefabInfo","root":{"__id__":1},"asset":{"__uuid__":"45DH1M15RLc5zt7uBThJgQ"},"fileId":"989NiY/+tPgKxaFnZHzeXu"},"_trs":{"__type__":"TypedArray","ctor":"Float64Array","array":[0,0,0,0,0,0,1,1,1,1]}},{"__type__":"cc.Node","_name":"card","_parent":{"__id__":1},"_children":[{"__id__":3},{"__id__":4}],"_components":[{"__type__":"cc.Layout","node":{"__id__":2},"_layoutSize":{"__type__":"cc.Size","width":194,"height":516},"_N$spacingY":-36,"_N$horizontalDirection":1}],"_prefab":{"__type__":"cc.PrefabInfo","root":{"__id__":1},"asset":{"__uuid__":"45DH1M15RLc5zt7uBThJgQ"},"fileId":"c4WUkMi/5CPrDdH/TMcqXZ"},"_contentSize":{"__type__":"cc.Size","width":194,"height":516},"_anchorPoint":{"__type__":"cc.Vec2","x":0.19},"_trs":{"__type__":"TypedArray","ctor":"Float64Array","array":[0,-258,0,0,0,0,1,1,1,1]}},{"__type__":"cc.Node","_name":"sp_in","_parent":{"__id__":2},"_components":[{"__type__":"cc.Sprite","node":{"__id__":3},"_materials":[{"__uuid__":"ecpdLyjvZBwrvm+cedCcQy"}],"_spriteFrame":{"__uuid__":"qzmjmj57-beb7-427a-9b9b-505065db4072"}}],"_prefab":{"__type__":"cc.PrefabInfo","root":{"__id__":1},"asset":{"__uuid__":"45DH1M15RLc5zt7uBThJgQ"},"fileId":"faFfQzkBZFo41qw1Vfn0+a"},"_contentSize":{"__type__":"cc.Size","width":54,"height":68},"_trs":{"__type__":"TypedArray","ctor":"Float64Array","array":[-10,482,0,0,0,0,1,1,1,1]}},{"__type__":"cc.Node","_name":"empty","_parent":{"__id__":2},"_components":[{"__type__":"cc.Sprite","node":{"__id__":4}}],"_prefab":{"__type__":"cc.PrefabInfo","root":{"__id__":1},"asset":{"__uuid__":"45DH1M15RLc5zt7uBThJgQ"},"fileId":"c2+GPfalVGJa/mE0Axe5VA"},"_contentSize":{"__type__":"cc.Size","width":54,"height":68},"_trs":{"__type__":"TypedArray","ctor":"Float64Array","array":[0,450,0,0,0,0,1,1,1,1]}},{"__type__":"cc.Node","_name":"downcard","_parent":{"__id__":1},"_children":[{"__id__":6}],"_components":[{"__type__":"cc.Layout","node":{"__id__":5},"_layoutSize":{"__type__":"cc.Size","width":155.71,"height":330.34},"_N$layoutType":2,"_N$spacingY":5,"_N$verticalDirection":0},{"__type__":"qzmjmj4b-140d-4a29-af82-be69e76160e8","node":{"__id__":5},"JS_Name":"xymj_BaseComponent"}],"_prefab":{"__type__":"cc.PrefabInfo","root":{"__id__":1},"asset":{"__uuid__":"45DH1M15RLc5zt7uBThJgQ"},"fileId":"24pNxlZ0dJtKLbn3+adu/E"},"_contentSize":{"__type__":"cc.Size","width":155.71,"height":330.34},"_anchorPoint":{"__type__":"cc.Vec2","x":0.21,"y":0.99},"_trs":{"__type__":"TypedArray","ctor":"Float64Array","array":[117,21,0,0,0,0,1,0.8,0.8,1]}},{"__type__":"cc.Node","_name":"down01","_parent":{"__id__":5},"_children":[{"__id__":7},{"__id__":9},{"__id__":11},{"__id__":13}],"_prefab":{"__type__":"cc.PrefabInfo","root":{"__id__":1},"asset":{"__uuid__":"45DH1M15RLc5zt7uBThJgQ"},"fileId":"9esYL4unVDUrpBagzz/rWN"},"_contentSize":{"__type__":"cc.Size","width":80,"height":100},"_trs":{"__type__":"TypedArray","ctor":"Float64Array","array":[0,-277.03659999999996,0,0,0,0,1,1,1,1]}},{"__type__":"cc.Node","_name":"card03","_parent":{"__id__":6},"_children":[{"__id__":8}],"_components":[{"__type__":"cc.Sprite","node":{"__id__":7},"_materials":[{"__uuid__":"ecpdLyjvZBwrvm+cedCcQy"}],"_spriteFrame":{"__uuid__":"qzmjmj67-836c-4e15-8d3b-e5675fb134e4"}}],"_prefab":{"__type__":"cc.PrefabInfo","root":{"__id__":1},"asset":{"__uuid__":"45DH1M15RLc5zt7uBThJgQ"},"fileId":"8aeaEQWlROS5nVBNid0EqV"},"_contentSize":{"__type__":"cc.Size","width":70,"height":49},"_trs":{"__type__":"TypedArray","ctor":"Float64Array","array":[0,27.5,0,0,0,0,1,1,1,1]}},{"__type__":"cc.Node","_name":"zhi","_parent":{"__id__":7},"_active":false,"_components":[{"__type__":"cc.Sprite","node":{"__id__":8},"_spriteFrame":{"__uuid__":"qzmjmj42-7085-406c-8f01-d33a4cff08b8"}}],"_prefab":{"__type__":"cc.PrefabInfo","root":{"__id__":1},"asset":{"__uuid__":"45DH1M15RLc5zt7uBThJgQ"},"fileId":"9dhLty4/FMcJN8YkN/XDPw"},"_contentSize":{"__type__":"cc.Size","width":34,"height":25},"_trs":{"__type__":"TypedArray","ctor":"Float64Array","array":[15,8,0,0,0,0,1,0.7,0.7,1]}},{"__type__":"cc.Node","_name":"card02","_parent":{"__id__":6},"_children":[{"__id__":10}],"_components":[{"__type__":"cc.Sprite","node":{"__id__":9},"_materials":[{"__uuid__":"ecpdLyjvZBwrvm+cedCcQy"}],"_spriteFrame":{"__uuid__":"qzmjmj67-836c-4e15-8d3b-e5675fb134e4"}}],"_prefab":{"__type__":"cc.PrefabInfo","root":{"__id__":1},"asset":{"__uuid__":"45DH1M15RLc5zt7uBThJgQ"},"fileId":"0e2+Rf8mRGsZx/XyC0Ax9h"},"_contentSize":{"__type__":"cc.Size","width":70,"height":49},"_trs":{"__type__":"TypedArray","ctor":"Float64Array","array":[8,-2.5,0,0,0,0,1,1,1,1]}},{"__type__":"cc.Node","_name":"zhi","_parent":{"__id__":9},"_active":false,"_components":[{"__type__":"cc.Sprite","node":{"__id__":10},"_spriteFrame":{"__uuid__":"qzmjmj42-7085-406c-8f01-d33a4cff08b8"}}],"_prefab":{"__type__":"cc.PrefabInfo","root":{"__id__":1},"asset":{"__uuid__":"45DH1M15RLc5zt7uBThJgQ"},"fileId":"4d39hfdkNFKrHGXmGJHgPV"},"_contentSize":{"__type__":"cc.Size","width":34,"height":25},"_trs":{"__type__":"TypedArray","ctor":"Float64Array","array":[15,8,0,0,0,0,1,0.7,0.7,1]}},{"__type__":"cc.Node","_name":"card01","_parent":{"__id__":6},"_children":[{"__id__":12}],"_components":[{"__type__":"cc.Sprite","node":{"__id__":11},"_materials":[{"__uuid__":"ecpdLyjvZBwrvm+cedCcQy"}],"_spriteFrame":{"__uuid__":"qzmjmj67-836c-4e15-8d3b-e5675fb134e4"}}],"_prefab":{"__type__":"cc.PrefabInfo","root":{"__id__":1},"asset":{"__uuid__":"45DH1M15RLc5zt7uBThJgQ"},"fileId":"0ab9IwxodJ461PqsmI8o1C"},"_contentSize":{"__type__":"cc.Size","width":70,"height":49},"_trs":{"__type__":"TypedArray","ctor":"Float64Array","array":[16,-33.5,0,0,0,0,1,1,1,1]}},{"__type__":"cc.Node","_name":"zhi","_parent":{"__id__":11},"_active":false,"_components":[{"__type__":"cc.Sprite","node":{"__id__":12},"_spriteFrame":{"__uuid__":"qzmjmj42-7085-406c-8f01-d33a4cff08b8"}}],"_prefab":{"__type__":"cc.PrefabInfo","root":{"__id__":1},"asset":{"__uuid__":"45DH1M15RLc5zt7uBThJgQ"},"fileId":"aaYhlWsN9ASKPTeHWITxnk"},"_contentSize":{"__type__":"cc.Size","width":34,"height":25},"_trs":{"__type__":"TypedArray","ctor":"Float64Array","array":[15,8,0,0,0,0,1,0.7,0.7,1]}},{"__type__":"cc.Node","_name":"card04","_parent":{"__id__":6},"_children":[{"__id__":14}],"_components":[{"__type__":"cc.Sprite","node":{"__id__":13},"_materials":[{"__uuid__":"ecpdLyjvZBwrvm+cedCcQy"}],"_spriteFrame":{"__uuid__":"qzmjmj67-836c-4e15-8d3b-e5675fb134e4"}}],"_prefab":{"__type__":"cc.PrefabInfo","root":{"__id__":1},"asset":{"__uuid__":"45DH1M15RLc5zt7uBThJgQ"},"fileId":"80dNtHdsxJiZPymPH/uhlT"},"_contentSize":{"__type__":"cc.Size","width":70,"height":49},"_trs":{"__type__":"TypedArray","ctor":"Float64Array","array":[16.1,10.700000000000003,0,0,0,0,1,1,1,1]}},{"__type__":"cc.Node","_name":"zhi","_parent":{"__id__":13},"_active":false,"_components":[{"__type__":"cc.Sprite","node":{"__id__":14},"_spriteFrame":{"__uuid__":"qzmjmj42-7085-406c-8f01-d33a4cff08b8"}}],"_prefab":{"__type__":"cc.PrefabInfo","root":{"__id__":1},"asset":{"__uuid__":"45DH1M15RLc5zt7uBThJgQ"},"fileId":"e9by8wiQ5BG7Yr/gw+0CTr"},"_contentSize":{"__type__":"cc.Size","width":34,"height":25},"_trs":{"__type__":"TypedArray","ctor":"Float64Array","array":[15,8,0,0,0,0,1,0.7,0.7,1]}}],{"__type__":"cc.SpriteFrame","content":{"name":"icon_jt","texture":"qzmjmj8e-0829-444d-8630-ea2a3c8344df","rect":[1,0,49,51],"offset":[0.5,0],"originalSize":[50,51],"capInsets":[0,0,0,0]}},{"__type__":"cc.SpriteFrame","content":{"name":"pai3","texture":"qzmjmj9d-0a4f-421a-90d0-29738bb61cf7","rect":[0,0,54,68],"offset":[0,0],"originalSize":[54,68],"capInsets":[0,0,0,0]}},{"__type__":"cc.SpriteFrame","content":{"name":"hh_face_suit_y_24","texture":"qzmjmj3e-f037-422c-9055-985f5c61f7b2","rect":[0,0,70,49],"offset":[0,0],"originalSize":[70,49],"capInsets":[0,0,0,0]}}]