[{"__type__":"cc.SpriteFrame","content":{"name":"liujindao_ani7","texture":"1d9d8305b","rect":[306,289,283,206],"offset":[-0.5,0.5],"originalSize":[320,219],"rotated":1,"capInsets":[0,0,0,0]}},{"__type__":"cc.SpriteFrame","content":{"name":"liujindao_ani6","texture":"1d9d8305b","rect":[2,409,283,206],"offset":[-0.5,0.5],"originalSize":[320,219],"capInsets":[0,0,0,0]}},{"__type__":"cc.SpriteFrame","content":{"name":"liujindao_ani3","texture":"1d9d8305b","rect":[289,576,283,206],"offset":[-0.5,0.5],"originalSize":[320,219],"rotated":1,"capInsets":[0,0,0,0]}},{"__type__":"cc.SpriteFrame","content":{"name":"liujindao_ani2","texture":"1d9d8305b","rect":[2,190,300,215],"offset":[0,0],"originalSize":[320,219],"capInsets":[0,0,0,0]}},{"__type__":"cc.SpriteFrame","content":{"name":"liujindao_ani4","texture":"1d9d8305b","rect":[322,2,283,184],"offset":[-0.5,0.5],"originalSize":[320,219],"rotated":1,"capInsets":[0,0,0,0]}},{"__type__":"cc.SpriteFrame","content":{"name":"liujindao_ani8","texture":"1d9d8305b","rect":[2,619,283,202],"offset":[-0.5,0.5],"originalSize":[320,219],"capInsets":[0,0,0,0]}},{"__type__":"cc.SpriteFrame","content":{"name":"liujindao_ani1","texture":"1d9d8305b","rect":[2,2,316,184],"offset":[0,0.5],"originalSize":[320,219],"capInsets":[0,0,0,0]}},{"__type__":"cc.AnimationClip","_name":"liujindaoAction","_duration":1.18,"curveData":{"comps":{"cc.Sprite":{"spriteFrame":[{"frame":0,"value":{"__uuid__":"qzmjmjb4-4826-4888-b1f1-32de86e78169"}},{"frame":0.16666666666666666,"value":{"__uuid__":"qzmjmj5f-b47c-483b-ae16-77e6f8d27c76"}},{"frame":0.3333333333333333,"value":{"__uuid__":"qzmjmj40-0fe5-479c-8d77-c5701a7225fa"}},{"frame":0.5,"value":{"__uuid__":"qzmjmj6a-6b69-4395-96a4-52107dc1b0ba"}},{"frame":0.6666666666666666,"value":{"__uuid__":"qzmjmjee-af20-4138-a54a-4c27b449f4a4"}},{"frame":0.8333333333333334,"value":{"__uuid__":"qzmjmj20-2cdb-4681-92f3-b8ae2e143e0c"}},{"frame":1,"value":{"__uuid__":"qzmjmj1e-32c1-4c1a-8f58-588291f15644"}},{"frame":1.1666666666666667,"value":{"__uuid__":"qzmjmj89-9cbc-42c7-85e9-f41fe4ddc14d"}}]}}}},{"__type__":"cc.SpriteFrame","content":{"name":"liujindao_ani5","texture":"1d9d8305b","rect":[2,825,283,184],"offset":[-0.5,0.5],"originalSize":[320,219],"capInsets":[0,0,0,0]}}]