[[{"__type__":"cc.Prefab","_name":"backgroundLayer","data":{"__id__":1}},{"__type__":"cc.Node","_name":"backgroundLayer","_children":[{"__id__":2}],"_components":[{"__type__":"cc.Widget","node":{"__id__":1},"alignMode":0,"_alignFlags":45},{"__type__":"fjsszf95-2f01-42cd-874c-35cc39c72aae","node":{"__id__":1}}],"_prefab":{"__type__":"cc.PrefabInfo","root":{"__id__":1},"asset":{"__uuid__":"fjsszb36-244f-49e5-b386-59da3bb1b28b"},"fileId":"d0050WMwj1JTId4FIrwCEz2"},"_contentSize":{"__type__":"cc.Size","width":1360,"height":760},"_trs":{"__type__":"TypedArray","ctor":"Float64Array","array":[680,380,0,0,0,0,1,1,1,1]},"_zIndex":0},{"__type__":"cc.Node","_name":"bgImage","_parent":{"__id__":1},"_children":[{"__id__":3}],"_components":[{"__type__":"cc.Sprite","node":{"__id__":2},"_spriteFrame":{"__uuid__":"fjsszc4a-7ec3-4f16-ad84-ed3352de19b0"},"_sizeMode":2,"_isTrimmedMode":false},{"__type__":"cc.Widget","node":{"__id__":2},"alignMode":0,"_alignFlags":18,"_originalWidth":760,"_originalHeight":1360}],"_prefab":{"__type__":"cc.PrefabInfo","root":{"__id__":1},"asset":{"__uuid__":"fjsszb36-244f-49e5-b386-59da3bb1b28b"},"fileId":"4fb46mMj6JD5Z3usZbaR3MU"},"_contentSize":{"__type__":"cc.Size","width":1750,"height":800},"_trs":{"__type__":"TypedArray","ctor":"Float64Array","array":[0,0,0,0,0,0,1,1,1,1]},"_zIndex":0},{"__type__":"cc.Node","_name":"logo","_parent":{"__id__":2},"_components":[{"__type__":"cc.Sprite","node":{"__id__":3}},{"__type__":"cc.Widget","node":{"__id__":3},"alignMode":0,"_alignFlags":17,"_top":161.49999999999966,"_horizontalCenter":50}],"_prefab":{"__type__":"cc.PrefabInfo","root":{"__id__":1},"asset":{"__uuid__":"fjsszb36-244f-49e5-b386-59da3bb1b28b"},"fileId":"3a726BZTLBFlrB7gQASCFuf"},"_contentSize":{"__type__":"cc.Size","width":701,"height":268},"_trs":{"__type__":"TypedArray","ctor":"Float64Array","array":[50,104.50000000000034,0,0,0,0,1,1,1,1]},"_zIndex":0}],{"__type__":"cc.SpriteFrame","content":{"name":"bg01_sy","texture":"fjssz90d-2a57-4a26-b096-1a8c9ec8c7fb","rect":[0,0,1560,720],"offset":[0,0],"originalSize":[1560,720],"capInsets":[0,0,0,0]}}]