[{"__type__":"cc.SpriteFrame","content":{"name":"btn_gps","texture":"fjssz569-39a4-46ae-b214-d2d986120d38","rect":[0,0,100,100],"offset":[0,0],"originalSize":[100,100],"capInsets":[0,0,0,0]}},{"__type__":"cc.SpriteFrame","content":{"name":"duiju","texture":"fjssz473-c36d-4f11-99aa-926dcd66b266","rect":[0,0,53,53],"offset":[0,0],"originalSize":[53,53],"capInsets":[0,0,0,0]}},[{"__type__":"cc.Prefab","_name":"UIFJSSZ_Mark","data":{"__id__":1}},{"__type__":"cc.Node","_name":"UIFJSSZ_Mark","_children":[{"__id__":2},{"__id__":3},{"__id__":4},{"__id__":5},{"__id__":6},{"__id__":7},{"__id__":8}],"_components":[{"__type__":"cc.Sprite","node":{"__id__":1}},{"__type__":"cc.Widget","node":{"__id__":1},"alignMode":0,"_alignFlags":33,"_right":31,"_top":27},{"__type__":"fjssz8cc-b0eb-4c94-88c7-0c1d9c9550b6","node":{"__id__":1}}],"_prefab":{"__type__":"cc.PrefabInfo","root":{"__id__":1},"asset":{"__uuid__":"fjssz690-e013-4395-9c83-40304ea46c89"},"fileId":"63170AHNUBIWIdbAfpR5fJ+"},"_contentSize":{"__type__":"cc.Size","width":199,"height":83},"_trs":{"__type__":"TypedArray","ctor":"Float64Array","array":[1229.5,691.5,0,0,0,0,1,1,1,1]}},{"__type__":"cc.Node","_name":"duiju","_parent":{"__id__":1},"_active":false,"_components":[{"__type__":"cc.Sprite","node":{"__id__":2},"_spriteFrame":{"__uuid__":"fjssz680-a749-4afe-8b85-90405c5cbfb9"}}],"_prefab":{"__type__":"cc.PrefabInfo","root":{"__id__":1},"asset":{"__uuid__":"fjssz690-e013-4395-9c83-40304ea46c89"},"fileId":"de61dEum5dKg7VX9GxX5VRP"},"_contentSize":{"__type__":"cc.Size","width":53,"height":53},"_trs":{"__type__":"TypedArray","ctor":"Float64Array","array":[-59,6,0,0,0,0,1,1,1,1]}},{"__type__":"cc.Node","_name":"lb_jushu","_parent":{"__id__":1},"_active":false,"_components":[{"__type__":"cc.Label","node":{"__id__":3},"_useOriginalSize":false,"_string":"对局：12/16","_N$string":"对局：12/16","_fontSize":18,"_lineHeight":21,"_enableWrapText":false,"_N$file":{"__uuid__":"fjssz345-cbe0-4203-a8ca-8141b2e63f4f"},"_isSystemFontUsed":false,"_N$horizontalAlign":1,"_N$verticalAlign":1,"_N$overflow":2}],"_prefab":{"__type__":"cc.PrefabInfo","root":{"__id__":1},"asset":{"__uuid__":"fjssz690-e013-4395-9c83-40304ea46c89"},"fileId":"bae5eFPtxNANqxlrUmOExuI"},"_color":{"__type__":"cc.Color","r":224,"g":206,"b":194},"_contentSize":{"__type__":"cc.Size","width":105.63,"height":40},"_trs":{"__type__":"TypedArray","ctor":"Float64Array","array":[24,18,0,0,0,0,1,1,1,1]}},{"__type__":"cc.Node","_name":"lb_tip","_parent":{"__id__":1},"_active":false,"_components":[{"__type__":"cc.Label","node":{"__id__":4},"_useOriginalSize":false,"_string":"点击查看记录","_N$string":"点击查看记录","_fontSize":18,"_lineHeight":21,"_enableWrapText":false,"_N$file":{"__uuid__":"fjssz345-cbe0-4203-a8ca-8141b2e63f4f"},"_isSystemFontUsed":false,"_N$horizontalAlign":1,"_N$verticalAlign":1,"_N$overflow":2}],"_prefab":{"__type__":"cc.PrefabInfo","root":{"__id__":1},"asset":{"__uuid__":"fjssz690-e013-4395-9c83-40304ea46c89"},"fileId":"83f06b2X8dGgasPOB62h9XS"},"_color":{"__type__":"cc.Color","r":224,"g":206,"b":194},"_contentSize":{"__type__":"cc.Size","width":120,"height":40},"_trs":{"__type__":"TypedArray","ctor":"Float64Array","array":[31,-8,0,0,0,0,1,1,1,1]}},{"__type__":"cc.Node","_name":"lb_roomkey","_parent":{"__id__":1},"_active":false,"_components":[{"__type__":"cc.Label","node":{"__id__":5},"_useOriginalSize":false,"_string":"房间号:666666","_N$string":"房间号:666666","_fontSize":25,"_lineHeight":21,"_enableWrapText":false,"_N$file":{"__uuid__":"fjssz345-cbe0-4203-a8ca-8141b2e63f4f"},"_isSystemFontUsed":false,"_N$horizontalAlign":1,"_N$verticalAlign":1,"_N$overflow":2}],"_prefab":{"__type__":"cc.PrefabInfo","root":{"__id__":1},"asset":{"__uuid__":"fjssz690-e013-4395-9c83-40304ea46c89"},"fileId":"4e20cdbVEdOjZJYtBtlij1G"},"_color":{"__type__":"cc.Color","r":224,"g":206,"b":194},"_contentSize":{"__type__":"cc.Size","width":160,"height":45},"_trs":{"__type__":"TypedArray","ctor":"Float64Array","array":[2,64,0,0,0,0,1,1,1,1]}},{"__type__":"cc.Node","_name":"btn_gps","_parent":{"__id__":1},"_components":[{"__type__":"cc.Sprite","node":{"__id__":6},"_materials":[{"__uuid__":"ecpdLyjvZBwrvm+cedCcQy"}],"_spriteFrame":{"__uuid__":"fjssz536-eef2-479b-b945-7c0e9fe09276"}},{"__type__":"cc.Button","node":{"__id__":6},"zoomScale":0.9,"clickEvents":[{"__type__":"cc.ClickEvent","target":{"__id__":1},"_componentId":"fjsszjMsOtMlIjHDB2clVC2","handler":"OnClick_BtnWnd"}],"_N$transition":3,"transition":3,"_N$normalColor":{"__type__":"cc.Color","r":214,"g":214,"b":214},"_N$target":{"__id__":6}}],"_prefab":{"__type__":"cc.PrefabInfo","root":{"__id__":1},"asset":{"__uuid__":"fjssz690-e013-4395-9c83-40304ea46c89"},"fileId":"03177LOoqdAXozhdq5a0DDT"},"_contentSize":{"__type__":"cc.Size","width":100,"height":100},"_trs":{"__type__":"TypedArray","ctor":"Float64Array","array":[56,-89,0,0,0,0,1,1,1,1]}},{"__type__":"cc.Node","_name":"btn_record","_parent":{"__id__":1},"_components":[{"__type__":"cc.Sprite","node":{"__id__":7},"_materials":[{"__uuid__":"ecpdLyjvZBwrvm+cedCcQy"}],"_spriteFrame":{"__uuid__":"fjsszafa-2e24-4fc0-afab-938ebb515ab8"}},{"__type__":"cc.Button","node":{"__id__":7},"zoomScale":0.9,"clickEvents":[{"__type__":"cc.ClickEvent","target":{"__id__":1},"_componentId":"fjsszjMsOtMlIjHDB2clVC2","handler":"OnClick_BtnWnd"}],"_N$transition":3,"transition":3,"_N$normalColor":{"__type__":"cc.Color","r":214,"g":214,"b":214},"_N$target":{"__id__":7}}],"_prefab":{"__type__":"cc.PrefabInfo","root":{"__id__":1},"asset":{"__uuid__":"fjssz690-e013-4395-9c83-40304ea46c89"},"fileId":"2f2c45gfiJO7auly+8Bas6+"},"_contentSize":{"__type__":"cc.Size","width":100,"height":100},"_trs":{"__type__":"TypedArray","ctor":"Float64Array","array":[-45,0,0,0,0,0,1,1,1,1]}},{"__type__":"cc.Node","_name":"btn_help","_parent":{"__id__":1},"_components":[{"__type__":"cc.Sprite","node":{"__id__":8},"_materials":[{"__uuid__":"ecpdLyjvZBwrvm+cedCcQy"}],"_spriteFrame":{"__uuid__":"fjssza27-016c-4fbc-a507-312ae257d18b"},"_isTrimmedMode":false},{"__type__":"cc.Button","node":{"__id__":8},"zoomScale":0.9,"clickEvents":[{"__type__":"cc.ClickEvent","target":{"__id__":1},"_componentId":"fjsszjMsOtMlIjHDB2clVC2","handler":"OnClick_BtnWnd"}],"_N$transition":3,"transition":3,"_N$normalColor":{"__type__":"cc.Color","r":214,"g":214,"b":214},"_N$target":{"__id__":8}}],"_prefab":{"__type__":"cc.PrefabInfo","root":{"__id__":1},"asset":{"__uuid__":"fjssz690-e013-4395-9c83-40304ea46c89"},"fileId":"d6b62pw+FpNf7LpgZd+a9i8"},"_contentSize":{"__type__":"cc.Size","width":100,"height":100},"_trs":{"__type__":"TypedArray","ctor":"Float64Array","array":[56,0,0,0,0,0,1,1,1,1]}}],{"__type__":"cc.SpriteFrame","content":{"name":"btn_help","texture":"fjsszc04-4ed4-4aaa-9630-7823c971fc14","rect":[0,0,100,100],"offset":[0,0],"originalSize":[100,100],"capInsets":[0,0,0,0]}},{"__type__":"cc.SpriteFrame","content":{"name":"btn_record","texture":"fjssze38-3028-491a-8578-54a4e87ecf8e","rect":[0,0,100,100],"offset":[0,0],"originalSize":[100,100],"capInsets":[0,0,0,0]}}]