[{"__type__":"cc.SpriteFrame","content":{"name":"default_btn_disabled","texture":"71VhFCTINJM6/Ky3oX9nBT","rect":[0,0,40,40],"offset":[0,0],"originalSize":[40,40],"capInsets":[12,12,12,12]}},[{"__type__":"cc.Prefab","_name":"fjssz_Share","data":{"__id__":1}},{"__type__":"cc.Node","_name":"fjssz_Share","_children":[{"__id__":2},{"__id__":9}],"_components":[{"__type__":"cc.Widget","node":{"__id__":1},"alignMode":0,"_alignFlags":45,"_originalWidth":750,"_originalHeight":1360},{"__type__":"cc.Button","node":{"__id__":1},"_N$normalColor":{"__type__":"cc.Color","r":214,"g":214,"b":214},"_N$target":{"__id__":1}},{"__type__":"cc.Sprite","node":{"__id__":1},"_spriteFrame":{"__uuid__":"fjsszd1f-3e0b-4b1d-ae52-c52ad188bba9"},"_sizeMode":0},{"__type__":"edfdfh4tBRP97WQ5YLd0K+Z","node":{"__id__":1}}],"_prefab":{"__type__":"cc.PrefabInfo","root":{"__id__":1},"asset":{"__uuid__":"58NqkgZAJLsKxhJgYjU8tJ"},"fileId":"8djiv2BgtKFZU4YYYuXWJ6"},"_contentSize":{"__type__":"cc.Size","width":1360,"height":760},"_trs":{"__type__":"TypedArray","ctor":"Float64Array","array":[680,380,0,0,0,0,1,1,1,1]}},{"__type__":"cc.Node","_name":"bg","_parent":{"__id__":1},"_children":[{"__id__":3},{"__id__":5},{"__id__":7}],"_components":[{"__type__":"cc.Sprite","node":{"__id__":2},"_spriteFrame":{"__uuid__":"fjsszf65-e44d-4efe-bf9c-5465685b5e97"},"_type":1}],"_prefab":{"__type__":"cc.PrefabInfo","root":{"__id__":1},"asset":{"__uuid__":"58NqkgZAJLsKxhJgYjU8tJ"},"fileId":"96GVRWhW9CnZD5wUC7ujmH"},"_contentSize":{"__type__":"cc.Size","width":699,"height":478},"_trs":{"__type__":"TypedArray","ctor":"Float64Array","array":[0,-20,0,0,0,0,1,1,1,1]}},{"__type__":"cc.Node","_name":"btn_wx","_parent":{"__id__":2},"_children":[{"__id__":4}],"_components":[{"__type__":"cc.Button","node":{"__id__":3},"zoomScale":0.9,"clickEvents":[{"__type__":"cc.ClickEvent","target":{"__id__":1},"_componentId":"edfdfh4tBRP97WQ5YLd0K+Z","handler":"OnClick_BtnWnd"}],"_N$transition":3,"transition":3,"_N$pressedColor":{"__type__":"cc.Color","r":255,"g":255,"b":255},"pressedColor":{"__type__":"cc.Color","r":255,"g":255,"b":255},"_N$disabledColor":{"__type__":"cc.Color","r":255,"g":255,"b":255},"_N$pressedSprite":{"__uuid__":"e97GVMl6JHh5Ml5qEDdSGa"},"pressedSprite":{"__uuid__":"e97GVMl6JHh5Ml5qEDdSGa"},"_N$hoverSprite":{"__uuid__":"e97GVMl6JHh5Ml5qEDdSGa"},"hoverSprite":{"__uuid__":"e97GVMl6JHh5Ml5qEDdSGa"},"_N$disabledSprite":{"__uuid__":"29FYIk+N1GYaeWH/q1NxQO"},"_N$target":{"__id__":3}},{"__type__":"cc.Sprite","node":{"__id__":3},"_spriteFrame":{"__uuid__":"fjsszd3f-b441-4473-8b22-5e642fbc1a6f"},"_sizeMode":0}],"_prefab":{"__type__":"cc.PrefabInfo","root":{"__id__":1},"asset":{"__uuid__":"58NqkgZAJLsKxhJgYjU8tJ"},"fileId":"960Z3cMCNAUaBJ25MfmGED"},"_contentSize":{"__type__":"cc.Size","width":144,"height":145},"_trs":{"__type__":"TypedArray","ctor":"Float64Array","array":[-215,30,0,0,0,0,1,1,1,1]}},{"__type__":"cc.Node","_name":"label","_parent":{"__id__":3},"_components":[{"__type__":"cc.Label","node":{"__id__":4},"_useOriginalSize":false,"_string":"微信","_N$string":"微信","_fontSize":34,"_lineHeight":34,"_N$file":{"__uuid__":"fjssz345-cbe0-4203-a8ca-8141b2e63f4f"},"_isSystemFontUsed":false,"_N$horizontalAlign":1,"_N$verticalAlign":1}],"_prefab":{"__type__":"cc.PrefabInfo","root":{"__id__":1},"asset":{"__uuid__":"58NqkgZAJLsKxhJgYjU8tJ"},"fileId":"a16nxmIcREt4l066G2Gt7Q"},"_color":{"__type__":"cc.Color","r":144,"g":86,"b":37},"_contentSize":{"__type__":"cc.Size","width":68,"height":34},"_trs":{"__type__":"TypedArray","ctor":"Float64Array","array":[0,-120,0,0,0,0,1,1,1,1]}},{"__type__":"cc.Node","_name":"btn_dd","_parent":{"__id__":2},"_children":[{"__id__":6}],"_components":[{"__type__":"cc.Button","node":{"__id__":5},"zoomScale":0.9,"clickEvents":[{"__type__":"cc.ClickEvent","target":{"__id__":1},"_componentId":"edfdfh4tBRP97WQ5YLd0K+Z","handler":"OnClick_BtnWnd"}],"_N$transition":3,"transition":3,"_N$pressedColor":{"__type__":"cc.Color","r":255,"g":255,"b":255},"pressedColor":{"__type__":"cc.Color","r":255,"g":255,"b":255},"_N$disabledColor":{"__type__":"cc.Color","r":255,"g":255,"b":255},"_N$pressedSprite":{"__uuid__":"e97GVMl6JHh5Ml5qEDdSGa"},"pressedSprite":{"__uuid__":"e97GVMl6JHh5Ml5qEDdSGa"},"_N$hoverSprite":{"__uuid__":"e97GVMl6JHh5Ml5qEDdSGa"},"hoverSprite":{"__uuid__":"e97GVMl6JHh5Ml5qEDdSGa"},"_N$disabledSprite":{"__uuid__":"29FYIk+N1GYaeWH/q1NxQO"},"_N$target":{"__id__":5}},{"__type__":"cc.Sprite","node":{"__id__":5},"_spriteFrame":{"__uuid__":"fjsszcd7-792e-4a84-a4a9-0f44daebe312"}}],"_prefab":{"__type__":"cc.PrefabInfo","root":{"__id__":1},"asset":{"__uuid__":"58NqkgZAJLsKxhJgYjU8tJ"},"fileId":"fefDce4+JDPL7Iiksw+owj"},"_contentSize":{"__type__":"cc.Size","width":144,"height":145},"_trs":{"__type__":"TypedArray","ctor":"Float64Array","array":[0,30,0,0,0,0,1,1,1,1]}},{"__type__":"cc.Node","_name":"label","_parent":{"__id__":5},"_components":[{"__type__":"cc.Label","node":{"__id__":6},"_useOriginalSize":false,"_string":"钉钉","_N$string":"钉钉","_fontSize":34,"_lineHeight":34,"_N$file":{"__uuid__":"fjssz345-cbe0-4203-a8ca-8141b2e63f4f"},"_isSystemFontUsed":false,"_N$horizontalAlign":1,"_N$verticalAlign":1}],"_prefab":{"__type__":"cc.PrefabInfo","root":{"__id__":1},"asset":{"__uuid__":"58NqkgZAJLsKxhJgYjU8tJ"},"fileId":"67/aBSI9hE8qMOtIe0xvxI"},"_color":{"__type__":"cc.Color","r":144,"g":86,"b":37},"_contentSize":{"__type__":"cc.Size","width":68,"height":34},"_trs":{"__type__":"TypedArray","ctor":"Float64Array","array":[0,-120,0,0,0,0,1,1,1,1]}},{"__type__":"cc.Node","_name":"btn_mw","_parent":{"__id__":2},"_children":[{"__id__":8}],"_components":[{"__type__":"cc.Button","node":{"__id__":7},"zoomScale":0.9,"clickEvents":[{"__type__":"cc.ClickEvent","target":{"__id__":1},"_componentId":"edfdfh4tBRP97WQ5YLd0K+Z","handler":"OnClick_BtnWnd"}],"_N$transition":3,"transition":3,"_N$pressedColor":{"__type__":"cc.Color","r":255,"g":255,"b":255},"pressedColor":{"__type__":"cc.Color","r":255,"g":255,"b":255},"_N$disabledColor":{"__type__":"cc.Color","r":255,"g":255,"b":255},"_N$pressedSprite":{"__uuid__":"e97GVMl6JHh5Ml5qEDdSGa"},"pressedSprite":{"__uuid__":"e97GVMl6JHh5Ml5qEDdSGa"},"_N$hoverSprite":{"__uuid__":"e97GVMl6JHh5Ml5qEDdSGa"},"hoverSprite":{"__uuid__":"e97GVMl6JHh5Ml5qEDdSGa"},"_N$disabledSprite":{"__uuid__":"29FYIk+N1GYaeWH/q1NxQO"},"_N$target":{"__id__":7}},{"__type__":"cc.Sprite","node":{"__id__":7},"_spriteFrame":{"__uuid__":"f68NvS49JHH4wmnGLfJhI1"},"_sizeMode":0}],"_prefab":{"__type__":"cc.PrefabInfo","root":{"__id__":1},"asset":{"__uuid__":"58NqkgZAJLsKxhJgYjU8tJ"},"fileId":"45uLjheXxKiYgUdt/nwQo+"},"_contentSize":{"__type__":"cc.Size","width":144,"height":145},"_trs":{"__type__":"TypedArray","ctor":"Float64Array","array":[215,30,0,0,0,0,1,1,1,1]}},{"__type__":"cc.Node","_name":"label","_parent":{"__id__":7},"_components":[{"__type__":"cc.Label","node":{"__id__":8},"_useOriginalSize":false,"_string":"默往","_N$string":"默往","_fontSize":34,"_lineHeight":34,"_N$file":{"__uuid__":"fjssz345-cbe0-4203-a8ca-8141b2e63f4f"},"_isSystemFontUsed":false,"_N$horizontalAlign":1,"_N$verticalAlign":1}],"_prefab":{"__type__":"cc.PrefabInfo","root":{"__id__":1},"asset":{"__uuid__":"58NqkgZAJLsKxhJgYjU8tJ"},"fileId":"f0w5f+TjlAS7rvzRfb3MTq"},"_color":{"__type__":"cc.Color","r":144,"g":86,"b":37},"_contentSize":{"__type__":"cc.Size","width":68,"height":34},"_trs":{"__type__":"TypedArray","ctor":"Float64Array","array":[0,-120,0,0,0,0,1,1,1,1]}},{"__type__":"cc.Node","_name":"btn_close","_parent":{"__id__":1},"_components":[{"__type__":"cc.Sprite","node":{"__id__":9},"_spriteFrame":{"__uuid__":"fjssza0a-09cb-4f8d-a5ba-e45067866d94"},"_sizeMode":0},{"__type__":"cc.Button","node":{"__id__":9},"clickEvents":[{"__type__":"cc.ClickEvent","target":{"__id__":1},"_componentId":"edfdfh4tBRP97WQ5YLd0K+Z","handler":"CloseForm"}],"_N$transition":3,"transition":3,"_N$normalColor":{"__type__":"cc.Color","r":214,"g":214,"b":214},"_N$target":{"__id__":9}}],"_prefab":{"__type__":"cc.PrefabInfo","root":{"__id__":1},"asset":{"__uuid__":"58NqkgZAJLsKxhJgYjU8tJ"},"fileId":"a15/6D/lpL45t4B4znCi+8"},"_contentSize":{"__type__":"cc.Size","width":80,"height":80},"_trs":{"__type__":"TypedArray","ctor":"Float64Array","array":[343,209,0,0,0,0,1,1,1,1]}}],{"__type__":"cc.SpriteFrame","content":{"name":"default_btn_pressed","texture":"b4P/PCArtIdIH38t6mlw8Y","rect":[0,0,40,40],"offset":[0,0],"originalSize":[40,40],"capInsets":[12,12,12,12]}},{"__type__":"cc.SpriteFrame","content":{"name":"btn_mw","texture":"4bs/57XHhGoqIQuvisoelj","rect":[0,0,144,145],"offset":[0,0],"originalSize":[144,145],"capInsets":[0,0,0,0]}},{"__type__":"cc.SpriteFrame","content":{"name":"btn_close","texture":"fjssz622-4193-4d6e-968d-ec3ef372c92d","rect":[0,0,79,80],"offset":[0,0],"originalSize":[79,80],"capInsets":[0,0,0,0]}},{"__type__":"cc.SpriteFrame","content":{"name":"btn_dd","texture":"fjsszd62-ae77-43c7-bf63-be7e39d6ff77","rect":[0,0,144,145],"offset":[0,0],"originalSize":[144,145],"capInsets":[0,0,0,0]}},{"__type__":"cc.SpriteFrame","content":{"name":"bg","texture":"fjssz036-8a0c-4d92-8561-c45e53fa19cc","rect":[0,0,21,63],"offset":[0,0],"originalSize":[21,63],"capInsets":[0,0,0,0]}},{"__type__":"cc.SpriteFrame","content":{"name":"btn_wx","texture":"fjsszbce-e423-42a2-a9d5-aa0e4ae8f182","rect":[0,0,171,172],"offset":[0,0],"originalSize":[171,172],"capInsets":[0,0,0,0]}},{"__type__":"cc.SpriteFrame","content":{"name":"bg_04","texture":"fjssz818-3d3b-4937-9d06-2315f641aedc","rect":[0,0,699,478],"offset":[0,0],"originalSize":[699,478],"capInsets":[0,0,0,0]}}]