[{"__type__":"cc.SpriteFrame","content":{"name":"img_pc","texture":"16abU+WJBGC5Xy7ud8fmuG","rect":[0,0,87,80],"offset":[0,0.5],"originalSize":[87,81],"capInsets":[0,0,0,0]}},{"__type__":"cc.SpriteFrame","content":{"name":"img_fz","texture":"55Jdp1vitLkpYi+0vAceGv","rect":[0,0,35,35],"offset":[0,0],"originalSize":[35,35],"capInsets":[0,0,0,0]}},[{"__type__":"cc.Prefab","_name":"lsResultDetail","data":{"__id__":1}},{"__type__":"cc.Node","_name":"lsResultDetail","_children":[{"__id__":2},{"__id__":4},{"__id__":5},{"__id__":6},{"__id__":7},{"__id__":8},{"__id__":9},{"__id__":10},{"__id__":13},{"__id__":14},{"__id__":15},{"__id__":16},{"__id__":17},{"__id__":18}],"_components":[{"__type__":"cc.Sprite","node":{"__id__":1},"_materials":[{"__uuid__":"ecpdLyjvZBwrvm+cedCcQy"}],"_spriteFrame":{"__uuid__":"4cLDMcCB9FFICt96a+RBHN"}}],"_prefab":{"__type__":"cc.PrefabInfo","root":{"__id__":1},"asset":{"__uuid__":"45N5kSKg9G8Ix+Dp8KRxYo"},"fileId":"921zQB1AlB/p19Fbm4Lr27"},"_contentSize":{"__type__":"cc.Size","width":162,"height":439},"_trs":{"__type__":"TypedArray","ctor":"Float64Array","array":[-10.392,-10.406,0,0,0,0,1,1,1,1]}},{"__type__":"cc.Node","_name":"head","_parent":{"__id__":1},"_children":[{"__id__":3}],"_components":[{"__type__":"cc.Sprite","node":{"__id__":2},"_materials":[{"__uuid__":"ecpdLyjvZBwrvm+cedCcQy"}],"_spriteFrame":{"__uuid__":"fjsszbd4-6d8e-4361-aae8-91caca6f2355"},"_sizeMode":0},{"__type__":"fjssz551-cdf7-4ff7-b9d1-ff119733cfed","node":{"__id__":2}}],"_prefab":{"__type__":"cc.PrefabInfo","root":{"__id__":1},"asset":{"__uuid__":"45N5kSKg9G8Ix+Dp8KRxYo"},"fileId":"03TccAz1pHV4xJMlUTL51y"},"_contentSize":{"__type__":"cc.Size","width":88,"height":82},"_trs":{"__type__":"TypedArray","ctor":"Float64Array","array":[0,160,0,0,0,0,1,1,1,1]}},{"__type__":"cc.Node","_name":"img_txk","_parent":{"__id__":2},"_components":[{"__type__":"cc.Sprite","node":{"__id__":3},"_materials":[{"__uuid__":"ecpdLyjvZBwrvm+cedCcQy"}],"_spriteFrame":{"__uuid__":"f2ZQ27j0pFl4TgBggDMagG"}}],"_prefab":{"__type__":"cc.PrefabInfo","root":{"__id__":1},"asset":{"__uuid__":"45N5kSKg9G8Ix+Dp8KRxYo"},"fileId":"947Pqd+2FHGpXFS4rcM2tK"},"_contentSize":{"__type__":"cc.Size","width":88,"height":88},"_trs":{"__type__":"TypedArray","ctor":"Float64Array","array":[0,0,0,0,0,0,1,1,1,1]}},{"__type__":"cc.Node","_name":"img_fz","_parent":{"__id__":1},"_components":[{"__type__":"cc.Sprite","node":{"__id__":4},"_materials":[{"__uuid__":"ecpdLyjvZBwrvm+cedCcQy"}],"_spriteFrame":{"__uuid__":"27xJQpgf5ApLBGTVuXC1rq"}}],"_prefab":{"__type__":"cc.PrefabInfo","root":{"__id__":1},"asset":{"__uuid__":"45N5kSKg9G8Ix+Dp8KRxYo"},"fileId":"9bI2CrSMdHMal3im1r8rON"},"_contentSize":{"__type__":"cc.Size","width":27,"height":34},"_trs":{"__type__":"TypedArray","ctor":"Float64Array","array":[-43.368,196.685,0,0,0,0,1,0.8,0.8,1]}},{"__type__":"cc.Node","_name":"name","_parent":{"__id__":1},"_components":[{"__type__":"cc.Label","node":{"__id__":5},"_materials":[{"__uuid__":"ecpdLyjvZBwrvm+cedCcQy"}],"_useOriginalSize":false,"_string":"丸子一条","_N$string":"丸子一条","_fontSize":20,"_lineHeight":20,"_N$horizontalAlign":1,"_N$verticalAlign":1}],"_prefab":{"__type__":"cc.PrefabInfo","root":{"__id__":1},"asset":{"__uuid__":"45N5kSKg9G8Ix+Dp8KRxYo"},"fileId":"b4Lkm3W9ZJRK7rLGvNqrJE"},"_color":{"__type__":"cc.Color","r":255,"g":255},"_contentSize":{"__type__":"cc.Size","width":80,"height":25.2},"_anchorPoint":{"__type__":"cc.Vec2","y":0.5},"_trs":{"__type__":"TypedArray","ctor":"Float64Array","array":[-37.525,62.489,0,0,0,0,1,1,1,1]}},{"__type__":"cc.Node","_name":"id","_parent":{"__id__":1},"_components":[{"__type__":"cc.Label","node":{"__id__":6},"_materials":[{"__uuid__":"ecpdLyjvZBwrvm+cedCcQy"}],"_useOriginalSize":false,"_string":"879245","_N$string":"879245","_fontSize":20,"_lineHeight":20,"_N$horizontalAlign":1,"_N$verticalAlign":1}],"_prefab":{"__type__":"cc.PrefabInfo","root":{"__id__":1},"asset":{"__uuid__":"45N5kSKg9G8Ix+Dp8KRxYo"},"fileId":"13iPuFcbNL14xRNKMWPzfI"},"_color":{"__type__":"cc.Color","r":255,"g":255},"_contentSize":{"__type__":"cc.Size","width":66.74,"height":25.2},"_anchorPoint":{"__type__":"cc.Vec2","y":0.5},"_trs":{"__type__":"TypedArray","ctor":"Float64Array","array":[-40.696,29.797,0,0,0,0,1,1,1,1]}},{"__type__":"cc.Node","_name":"img_zf","_parent":{"__id__":1},"_components":[{"__type__":"cc.Sprite","node":{"__id__":7},"_materials":[{"__uuid__":"ecpdLyjvZBwrvm+cedCcQy"}],"_spriteFrame":{"__uuid__":"b5cTcwC9NICIOJnyniuwql"}}],"_prefab":{"__type__":"cc.PrefabInfo","root":{"__id__":1},"asset":{"__uuid__":"45N5kSKg9G8Ix+Dp8KRxYo"},"fileId":"e9bRU+s7hJaafVHfSI2ZVA"},"_contentSize":{"__type__":"cc.Size","width":57,"height":29},"_trs":{"__type__":"TypedArray","ctor":"Float64Array","array":[-41.61,-158.726,0,0,0,0,1,1,1,1]}},{"__type__":"cc.Node","_name":"score_win","_parent":{"__id__":1},"_components":[{"__type__":"cc.Label","node":{"__id__":8},"_materials":[{"__uuid__":"ecpdLyjvZBwrvm+cedCcQy"}],"_useOriginalSize":false,"_string":"-20","_N$string":"-20","_fontSize":1,"_lineHeight":28,"_N$file":{"__uuid__":"2eAJ/GC4dAK5nwiSL2zbWK"},"_isSystemFontUsed":false,"_N$horizontalAlign":1}],"_prefab":{"__type__":"cc.PrefabInfo","root":{"__id__":1},"asset":{"__uuid__":"45N5kSKg9G8Ix+Dp8KRxYo"},"fileId":"d4ntq2G+tPt4ADSD8lshdz"},"_contentSize":{"__type__":"cc.Size","width":60,"height":28},"_anchorPoint":{"__type__":"cc.Vec2","x":1,"y":0.5},"_trs":{"__type__":"TypedArray","ctor":"Float64Array","array":[74.717,-192.199,0,0,0,0,1,0.71,0.71,1]}},{"__type__":"cc.Node","_name":"score_lose","_parent":{"__id__":1},"_components":[{"__type__":"cc.Label","node":{"__id__":9},"_materials":[{"__uuid__":"ecpdLyjvZBwrvm+cedCcQy"}],"_useOriginalSize":false,"_string":"-20","_N$string":"-20","_fontSize":1,"_lineHeight":28,"_N$file":{"__uuid__":"ac1kEwdPxN15j6ciD8Imvf"},"_isSystemFontUsed":false,"_N$horizontalAlign":1}],"_prefab":{"__type__":"cc.PrefabInfo","root":{"__id__":1},"asset":{"__uuid__":"45N5kSKg9G8Ix+Dp8KRxYo"},"fileId":"16LYQlKStKvIYJNjvoaqeW"},"_contentSize":{"__type__":"cc.Size","width":90,"height":28},"_anchorPoint":{"__type__":"cc.Vec2","x":1,"y":0.5},"_trs":{"__type__":"TypedArray","ctor":"Float64Array","array":[74.717,-192.199,0,0,0,0,1,0.71,0.71,1]}},{"__type__":"cc.Node","_name":"img_bsf","_parent":{"__id__":1},"_children":[{"__id__":11},{"__id__":12}],"_components":[{"__type__":"cc.Sprite","node":{"__id__":10},"_materials":[{"__uuid__":"ecpdLyjvZBwrvm+cedCcQy"}],"_spriteFrame":{"__uuid__":"62Tyan61FGsqVMNTgCua7j"}}],"_prefab":{"__type__":"cc.PrefabInfo","root":{"__id__":1},"asset":{"__uuid__":"45N5kSKg9G8Ix+Dp8KRxYo"},"fileId":"3busN58HRLrYXLsIiUlTCb"},"_contentSize":{"__type__":"cc.Size","width":82,"height":29},"_trs":{"__type__":"TypedArray","ctor":"Float64Array","array":[-33.86,-160.524,0,0,0,0,1,1,1,1]}},{"__type__":"cc.Node","_name":"lb_sportsPoint_win","_parent":{"__id__":10},"_components":[{"__type__":"cc.Label","node":{"__id__":11},"_materials":[{"__uuid__":"ecpdLyjvZBwrvm+cedCcQy"}],"_useOriginalSize":false,"_string":"+10.00","_N$string":"+10.00","_fontSize":45,"_lineHeight":45,"_N$horizontalAlign":2,"_N$verticalAlign":1},{"__type__":"cc.LabelOutline","node":{"__id__":11},"_color":{"__type__":"cc.Color","r":119,"g":22,"b":22}}],"_prefab":{"__type__":"cc.PrefabInfo","root":{"__id__":1},"asset":{"__uuid__":"45N5kSKg9G8Ix+Dp8KRxYo"},"fileId":"11fdFfYjtLWJNHtd1Q6Z8T"},"_color":{"__type__":"cc.Color","r":111,"g":248,"b":3},"_contentSize":{"__type__":"cc.Size","width":140.89,"height":58.7},"_anchorPoint":{"__type__":"cc.Vec2","x":1,"y":0.5},"_trs":{"__type__":"TypedArray","ctor":"Float64Array","array":[111.104,-30.607,0,0,0,0,1,0.71,0.71,1]}},{"__type__":"cc.Node","_name":"lb_sportsPoint_lose","_parent":{"__id__":10},"_components":[{"__type__":"cc.Label","node":{"__id__":12},"_materials":[{"__uuid__":"ecpdLyjvZBwrvm+cedCcQy"}],"_useOriginalSize":false,"_string":"-10","_N$string":"-10","_fontSize":45,"_lineHeight":45,"_N$horizontalAlign":2,"_N$verticalAlign":1},{"__type__":"cc.LabelOutline","node":{"__id__":12},"_color":{"__type__":"cc.Color","r":15}}],"_prefab":{"__type__":"cc.PrefabInfo","root":{"__id__":1},"asset":{"__uuid__":"45N5kSKg9G8Ix+Dp8KRxYo"},"fileId":"3d2O9UmAlP07T/kIuBbxJz"},"_color":{"__type__":"cc.Color","r":248,"g":5,"b":5},"_contentSize":{"__type__":"cc.Size","width":67.04,"height":58.7},"_anchorPoint":{"__type__":"cc.Vec2","x":1,"y":0.5},"_trs":{"__type__":"TypedArray","ctor":"Float64Array","array":[111.104,-30.607,0,0,0,0,1,0.71,0.71,1]}},{"__type__":"cc.Node","_name":"lb_shu","_parent":{"__id__":1},"_components":[{"__type__":"cc.Label","node":{"__id__":13},"_materials":[{"__uuid__":"ecpdLyjvZBwrvm+cedCcQy"}],"_useOriginalSize":false,"_string":"输次数：","_N$string":"输次数：","_fontSize":20,"_lineHeight":20,"_N$horizontalAlign":1,"_N$verticalAlign":1}],"_prefab":{"__type__":"cc.PrefabInfo","root":{"__id__":1},"asset":{"__uuid__":"45N5kSKg9G8Ix+Dp8KRxYo"},"fileId":"47uf4/0oJFn6rjEmaazyBv"},"_color":{"__type__":"cc.Color","r":255,"g":255},"_contentSize":{"__type__":"cc.Size","width":80,"height":25.2},"_anchorPoint":{"__type__":"cc.Vec2","y":0.5},"_trs":{"__type__":"TypedArray","ctor":"Float64Array","array":[-54.151,-10.406,0,0,0,0,1,1,1,1]}},{"__type__":"cc.Node","_name":"lb_win","_parent":{"__id__":1},"_components":[{"__type__":"cc.Label","node":{"__id__":14},"_materials":[{"__uuid__":"ecpdLyjvZBwrvm+cedCcQy"}],"_useOriginalSize":false,"_string":"赢次数：","_N$string":"赢次数：","_fontSize":20,"_lineHeight":20,"_N$horizontalAlign":1,"_N$verticalAlign":1}],"_prefab":{"__type__":"cc.PrefabInfo","root":{"__id__":1},"asset":{"__uuid__":"45N5kSKg9G8Ix+Dp8KRxYo"},"fileId":"28xuUzmalDGphOJb9o4MC5"},"_color":{"__type__":"cc.Color","r":255,"g":255},"_contentSize":{"__type__":"cc.Size","width":80,"height":25.2},"_anchorPoint":{"__type__":"cc.Vec2","y":0.5},"_trs":{"__type__":"TypedArray","ctor":"Float64Array","array":[-54.151,-42.406,0,0,0,0,1,1,1,1]}},{"__type__":"cc.Node","_name":"win","_parent":{"__id__":1},"_components":[{"__type__":"cc.Label","node":{"__id__":15},"_materials":[{"__uuid__":"ecpdLyjvZBwrvm+cedCcQy"}],"_useOriginalSize":false,"_string":"0","_N$string":"0","_fontSize":20,"_lineHeight":20,"_N$horizontalAlign":1,"_N$verticalAlign":1}],"_prefab":{"__type__":"cc.PrefabInfo","root":{"__id__":1},"asset":{"__uuid__":"45N5kSKg9G8Ix+Dp8KRxYo"},"fileId":"adW+r+DIFDl4q2amjalApR"},"_contentSize":{"__type__":"cc.Size","width":11.12,"height":25.2},"_anchorPoint":{"__type__":"cc.Vec2","y":0.5},"_trs":{"__type__":"TypedArray","ctor":"Float64Array","array":[19.849,-42.406,0,0,0,0,1,1,1,1]}},{"__type__":"cc.Node","_name":"lose","_parent":{"__id__":1},"_components":[{"__type__":"cc.Label","node":{"__id__":16},"_materials":[{"__uuid__":"ecpdLyjvZBwrvm+cedCcQy"}],"_useOriginalSize":false,"_string":"0","_N$string":"0","_fontSize":20,"_lineHeight":20,"_N$horizontalAlign":1,"_N$verticalAlign":1}],"_prefab":{"__type__":"cc.PrefabInfo","root":{"__id__":1},"asset":{"__uuid__":"45N5kSKg9G8Ix+Dp8KRxYo"},"fileId":"74S/YQDu5PZrzwIddrU+W8"},"_contentSize":{"__type__":"cc.Size","width":11.12,"height":25.2},"_anchorPoint":{"__type__":"cc.Vec2","y":0.5},"_trs":{"__type__":"TypedArray","ctor":"Float64Array","array":[19.849,-10.406,0,0,0,0,1,1,1,1]}},{"__type__":"cc.Node","_name":"big","_parent":{"__id__":1},"_components":[{"__type__":"cc.Sprite","node":{"__id__":17},"_materials":[{"__uuid__":"ecpdLyjvZBwrvm+cedCcQy"}],"_spriteFrame":{"__uuid__":"b9vN1tupRAOoLwqHuppUtq"}}],"_prefab":{"__type__":"cc.PrefabInfo","root":{"__id__":1},"asset":{"__uuid__":"45N5kSKg9G8Ix+Dp8KRxYo"},"fileId":"beNcIDUb9KlahInN274FDY"},"_contentSize":{"__type__":"cc.Size","width":121,"height":122},"_trs":{"__type__":"TypedArray","ctor":"Float64Array","array":[-25,163,0,0,0,0,1,1,1,1]}},{"__type__":"cc.Node","_name":"pc","_parent":{"__id__":1},"_components":[{"__type__":"cc.Sprite","node":{"__id__":18},"_materials":[{"__uuid__":"ecpdLyjvZBwrvm+cedCcQy"}],"_spriteFrame":{"__uuid__":"19GZ1YJMpPhrC7JqsRwYUi"}}],"_prefab":{"__type__":"cc.PrefabInfo","root":{"__id__":1},"asset":{"__uuid__":"45N5kSKg9G8Ix+Dp8KRxYo"},"fileId":"f5Iw/NjpZCrL9NcNtNMTo0"},"_contentSize":{"__type__":"cc.Size","width":87,"height":80},"_trs":{"__type__":"TypedArray","ctor":"Float64Array","array":[0,160,0,0,0,0,1,1,1,1]}}],{"__type__":"cc.SpriteFrame","content":{"name":"img_mask","texture":"91QMjaLsxN14bQfy6uMb25","rect":[0,0,162,439],"offset":[0,0],"originalSize":[162,439],"capInsets":[0,0,0,0]}},{"__type__":"cc.SpriteFrame","content":{"name":"img_bsf","texture":"34ecRgx9RLZIwpSUB/J2+9","rect":[0,0,82,29],"offset":[0,0],"originalSize":[82,29],"capInsets":[0,0,0,0]}},{"__type__":"cc.SpriteFrame","content":{"name":"img_zf","texture":"73Lm9JEKNPR4d6k0yLsZRn","rect":[0,0,57,29],"offset":[0,0],"originalSize":[57,29],"capInsets":[0,0,0,0]}},{"__type__":"cc.SpriteFrame","content":{"name":"icon_dyj","texture":"e8OPu6WaJDKYNSjFvKKLht","rect":[0,0,121,122],"offset":[0,0],"originalSize":[121,122],"capInsets":[0,0,0,0]}},{"__type__":"cc.SpriteFrame","content":{"name":"img_tx","texture":"51ZtFmXFNPzYP84sRDgWX0","rect":[0,0,88,88],"offset":[0,0],"originalSize":[88,88],"capInsets":[0,0,0,0]}},{"__type__":"cc.SpriteFrame","content":{"name":"morentouxiang","texture":"fjssz652-0393-4ea1-84d8-1bdd3044f177","rect":[0,0,96,96],"offset":[0,0],"originalSize":[96,96],"capInsets":[0,0,0,0]}}]