{"__type__":"sp.SkeletonData","_name":"sp_effect_ytl","_skeletonJson":{"skeleton":{"hash":"WwDuys8tgjSok11wPjussusxO1Y","spine":"3.6.53","width":0,"height":0,"images":"./sp_effect_ytl_ReversePic/"},"bones":[{"name":"root"},{"name":"LP","parent":"root","x":42.83,"y":88.21},{"name":"1","parent":"LP"},{"name":"9","parent":"LP"},{"name":"2","parent":"9","rotation":32.21,"x":85.93,"y":71.18},{"name":"3","parent":"LP","y":126.73},{"name":"4","parent":"9","rotation":35.8,"x":137.14,"y":114.58},{"name":"5","parent":"9","rotation":30.03,"x":144.96,"y":77.25},{"name":"6","parent":"9","rotation":14.3,"x":138.01,"y":7.81},{"name":"7","parent":"9","rotation":-2.75,"x":128.46,"y":-26.04},{"name":"8","parent":"9","rotation":-25.71,"x":92.88,"y":-85.06},{"name":"10","parent":"LP"},{"name":"11","parent":"10","rotation":32.21,"x":85.93,"y":71.18},{"name":"12","parent":"10","rotation":35.8,"x":137.14,"y":114.58},{"name":"13","parent":"10","rotation":30.03,"x":144.96,"y":77.25},{"name":"14","parent":"10","rotation":14.3,"x":138.01,"y":7.81},{"name":"15","parent":"10","rotation":-2.75,"x":128.46,"y":-26.04},{"name":"16","parent":"10","rotation":-25.71,"x":92.88,"y":-85.06},{"name":"17","parent":"LP"},{"name":"18","parent":"17","rotation":32.21,"x":85.93,"y":71.18},{"name":"19","parent":"17","rotation":35.8,"x":137.14,"y":114.58},{"name":"20","parent":"17","rotation":30.03,"x":144.96,"y":77.25},{"name":"21","parent":"17","rotation":14.3,"x":138.01,"y":7.81},{"name":"22","parent":"17","rotation":-2.75,"x":128.46,"y":-26.04},{"name":"23","parent":"17","rotation":-25.71,"x":92.88,"y":-85.06},{"name":"24","parent":"LP","scaleX":-1},{"name":"25","parent":"24","rotation":35.8,"x":137.14,"y":114.58},{"name":"26","parent":"24","rotation":30.03,"x":144.96,"y":77.25},{"name":"27","parent":"24","rotation":14.3,"x":138.01,"y":7.81},{"name":"28","parent":"24","rotation":-2.75,"x":128.46,"y":-26.04},{"name":"29","parent":"24","rotation":-25.71,"x":92.88,"y":-85.06},{"name":"30","parent":"24","rotation":32.21,"x":85.93,"y":71.18},{"name":"31","parent":"LP"},{"name":"ren","parent":"root","x":187.56,"y":114.8},{"name":"Long","parent":"ren","x":-177.69,"y":-58.77,"scaleX":1.12,"scaleY":1.12},{"name":"base","parent":"root","x":64.11,"y":-85.74},{"name":"fire","parent":"Long","x":-8.81,"y":-50.03},{"name":"fire2","parent":"Long","x":-8.81,"y":-50.03},{"name":"fire3","parent":"Long","x":-8.81,"y":-50.03},{"name":"fire4","parent":"Long","x":-8.81,"y":-50.03},{"name":"fire5","parent":"Long","x":-8.81,"y":-50.03},{"name":"fire6","parent":"Long","x":-8.81,"y":-50.03},{"name":"fire7","parent":"Long","x":-8.81,"y":-50.03},{"name":"fire8","parent":"Long","x":-8.81,"y":-50.03},{"name":"fire9","parent":"Long","x":-8.81,"y":-50.03},{"name":"fire10","parent":"Long","x":-8.81,"y":-50.03},{"name":"fire11","parent":"Long","x":-8.81,"y":-50.03},{"name":"long","parent":"Long","scaleX":1.12,"scaleY":1.12},{"name":"long2","parent":"Long","scaleX":1.12,"scaleY":1.12},{"name":"point2","parent":"root"},{"name":"point3","parent":"root"},{"name":"point4","parent":"root"},{"name":"ren2","parent":"long2","x":141.65,"y":46.85},{"name":"ren3","parent":"ren","x":-137.73,"y":-97.51},{"name":"ren4","parent":"root","x":187.56,"y":114.8},{"name":"ren5","parent":"root","x":187.56,"y":114.8},{"name":"sg","parent":"root","scaleX":2,"scaleY":2},{"name":"sg2","parent":"root","scaleX":2,"scaleY":2},{"name":"zi","parent":"root","x":25.85,"y":95.41},{"name":"zi2","parent":"root","x":25.85,"y":95.41}],"slots":[{"name":"long","bone":"long"},{"name":"ren","bone":"ren3"},{"name":"ren4","bone":"ren4","blend":"additive"},{"name":"ren5","bone":"ren5","blend":"additive"},{"name":"ren2","bone":"ren2","blend":"additive"},{"name":"long3","bone":"long"},{"name":"long2","bone":"long2","blend":"additive"},{"name":"fire/fire7","bone":"fire7","blend":"additive"},{"name":"4","bone":"4"},{"name":"14","bone":"16"},{"name":"13","bone":"15"},{"name":"8","bone":"8"},{"name":"20","bone":"23","blend":"additive"},{"name":"7","bone":"7"},{"name":"6","bone":"6"},{"name":"12","bone":"14"},{"name":"5","bone":"5"},{"name":"11","bone":"13"},{"name":"10","bone":"12"},{"name":"3","bone":"3"},{"name":"2","bone":"2"},{"name":"9","bone":"11"},{"name":"1","bone":"1"},{"name":"27","bone":"31","blend":"additive"},{"name":"base1","bone":"base"},{"name":"zi","bone":"zi"},{"name":"21","bone":"25","blend":"additive"},{"name":"16","bone":"19","blend":"additive"},{"name":"19","bone":"22","blend":"additive"},{"name":"18","bone":"21","blend":"additive"},{"name":"17","bone":"20","blend":"additive"},{"name":"15","bone":"18","blend":"additive"},{"name":"25","bone":"29","blend":"additive"},{"name":"24","bone":"28","blend":"additive"},{"name":"23","bone":"27","blend":"additive"},{"name":"22","bone":"26","blend":"additive"},{"name":"26","bone":"30","blend":"additive"},{"name":"zi2","bone":"zi2","blend":"additive"},{"name":"sg/sg","bone":"sg","blend":"additive"},{"name":"point2","bone":"point2","blend":"additive"},{"name":"point3","bone":"point3","blend":"additive"},{"name":"point4","bone":"point4","blend":"additive"},{"name":"fire/fire","bone":"fire","blend":"additive"},{"name":"fire/fire2","bone":"fire2","blend":"additive"},{"name":"fire/fire3","bone":"fire3","blend":"additive"},{"name":"fire/fire4","bone":"fire4","blend":"additive"},{"name":"fire/fire10","bone":"fire10","blend":"additive"},{"name":"fire/fire5","bone":"fire5","blend":"additive"},{"name":"fire/fire6","bone":"fire6","blend":"additive"},{"name":"fire/fire8","bone":"fire8","blend":"additive"},{"name":"fire/fire11","bone":"fire11","blend":"additive"},{"name":"fire/fire9","bone":"fire9","blend":"additive"},{"name":"sg2/sg2","bone":"sg2","blend":"additive"}],"skins":{"default":{"1":{"1":{"x":1.19,"y":-28.98,"width":259,"height":393}},"2":{"2":{"x":-13.08,"y":-63.46,"rotation":-32.21,"width":126,"height":366}},"3":{"3":{"x":2.19,"y":33.29,"width":209,"height":153}},"4":{"4":{"x":39.63,"y":20.66,"rotation":-35.8,"width":61,"height":80}},"5":{"5":{"x":46.87,"y":28.66,"rotation":-30.03,"width":109,"height":158}},"6":{"6":{"x":59.11,"y":14.56,"rotation":-14.3,"width":98,"height":144}},"7":{"7":{"x":55.73,"y":11.75,"rotation":2.75,"width":152,"height":105}},"8":{"8":{"x":33.2,"y":-9.45,"rotation":25.71,"width":120,"height":95}},"9":{"2":{"x":-13.08,"y":-63.46,"rotation":-32.21,"width":126,"height":366}},"10":{"4":{"x":39.63,"y":20.66,"rotation":-35.8,"width":61,"height":80}},"11":{"5":{"x":46.87,"y":28.66,"rotation":-30.03,"width":109,"height":158}},"12":{"6":{"x":59.11,"y":14.56,"rotation":-14.3,"width":98,"height":144}},"13":{"7":{"x":55.73,"y":11.75,"rotation":2.75,"width":152,"height":105}},"14":{"8":{"x":33.2,"y":-9.45,"rotation":25.71,"width":120,"height":95}},"15":{"2_1":{"x":-13.08,"y":-63.46,"scaleX":2,"scaleY":2,"rotation":-32.21,"width":126,"height":366}},"16":{"4_1":{"x":39.63,"y":20.66,"scaleX":2,"scaleY":2,"rotation":-35.8,"width":61,"height":80}},"17":{"5_1":{"x":46.87,"y":28.66,"scaleX":2,"scaleY":2,"rotation":-30.03,"width":109,"height":158}},"18":{"6_1":{"x":59.11,"y":14.56,"scaleX":2,"scaleY":2,"rotation":-14.3,"width":98,"height":144}},"19":{"7_1":{"x":55.73,"y":11.75,"scaleX":2,"scaleY":2,"rotation":2.75,"width":152,"height":105}},"20":{"8_1":{"x":33.2,"y":-9.45,"scaleX":2,"scaleY":2,"rotation":25.71,"width":120,"height":95}},"21":{"4_1":{"x":39.63,"y":20.66,"scaleX":2,"scaleY":2,"rotation":-35.8,"width":61,"height":80}},"22":{"5_1":{"x":46.87,"y":28.66,"scaleX":2,"scaleY":2,"rotation":-30.03,"width":109,"height":158}},"23":{"6_1":{"x":59.11,"y":14.56,"scaleX":2,"scaleY":2,"rotation":-14.3,"width":98,"height":144}},"24":{"7_1":{"x":55.73,"y":11.75,"scaleX":2,"scaleY":2,"rotation":2.75,"width":152,"height":105}},"25":{"8_1":{"x":33.2,"y":-9.45,"scaleX":2,"scaleY":2,"rotation":25.71,"width":120,"height":95}},"26":{"2_1":{"x":-13.08,"y":-63.46,"scaleX":2,"scaleY":2,"rotation":-32.21,"width":126,"height":366}},"27":{"1_1":{"x":1.19,"y":-28.98,"scaleX":2,"scaleY":2,"width":259,"height":393}},"base1":{"base1":{"x":0.5,"width":677,"height":136}},"fire/fire":{"fire/fire_00000":{"x":0.5,"y":82.86,"width":129,"height":186},"fire/fire_00003":{"x":0.5,"y":82.86,"width":129,"height":186},"fire/fire_00006":{"x":0.5,"y":82.86,"width":129,"height":186},"fire/fire_00009":{"x":0.5,"y":82.86,"width":129,"height":186},"fire/fire_00012":{"x":0.5,"y":82.86,"width":129,"height":186},"fire/fire_00015":{"x":0.5,"y":82.86,"width":129,"height":186},"fire/fire_00018":{"x":0.5,"y":82.86,"width":129,"height":186},"fire/fire_00021":{"x":0.5,"y":82.86,"width":129,"height":186},"fire/fire_00024":{"x":0.5,"y":82.86,"width":129,"height":186},"fire/fire_00027":{"x":0.5,"y":82.86,"width":129,"height":186}},"fire/fire10":{"fire/fire_00000":{"x":0.5,"y":82.86,"width":129,"height":186},"fire/fire_00003":{"x":0.5,"y":82.86,"width":129,"height":186},"fire/fire_00006":{"x":0.5,"y":82.86,"width":129,"height":186},"fire/fire_00009":{"x":0.5,"y":82.86,"width":129,"height":186},"fire/fire_00012":{"x":0.5,"y":82.86,"width":129,"height":186},"fire/fire_00015":{"x":0.5,"y":82.86,"width":129,"height":186},"fire/fire_00018":{"x":0.5,"y":82.86,"width":129,"height":186},"fire/fire_00021":{"x":0.5,"y":82.86,"width":129,"height":186},"fire/fire_00024":{"x":0.5,"y":82.86,"width":129,"height":186},"fire/fire_00027":{"x":0.5,"y":82.86,"width":129,"height":186}},"fire/fire11":{"fire/fire_00000":{"x":0.5,"y":82.86,"width":129,"height":186},"fire/fire_00003":{"x":0.5,"y":82.86,"width":129,"height":186},"fire/fire_00006":{"x":0.5,"y":82.86,"width":129,"height":186},"fire/fire_00009":{"x":0.5,"y":82.86,"width":129,"height":186},"fire/fire_00012":{"x":0.5,"y":82.86,"width":129,"height":186},"fire/fire_00015":{"x":0.5,"y":82.86,"width":129,"height":186},"fire/fire_00018":{"x":0.5,"y":82.86,"width":129,"height":186},"fire/fire_00021":{"x":0.5,"y":82.86,"width":129,"height":186},"fire/fire_00024":{"x":0.5,"y":82.86,"width":129,"height":186},"fire/fire_00027":{"x":0.5,"y":82.86,"width":129,"height":186}},"fire/fire2":{"fire/fire_00000":{"x":0.5,"y":82.86,"width":129,"height":186},"fire/fire_00003":{"x":0.5,"y":82.86,"width":129,"height":186},"fire/fire_00006":{"x":0.5,"y":82.86,"width":129,"height":186},"fire/fire_00009":{"x":0.5,"y":82.86,"width":129,"height":186},"fire/fire_00012":{"x":0.5,"y":82.86,"width":129,"height":186},"fire/fire_00015":{"x":0.5,"y":82.86,"width":129,"height":186},"fire/fire_00018":{"x":0.5,"y":82.86,"width":129,"height":186},"fire/fire_00021":{"x":0.5,"y":82.86,"width":129,"height":186},"fire/fire_00024":{"x":0.5,"y":82.86,"width":129,"height":186},"fire/fire_00027":{"x":0.5,"y":82.86,"width":129,"height":186}},"fire/fire3":{"fire/fire_00000":{"x":0.5,"y":82.86,"width":129,"height":186},"fire/fire_00003":{"x":0.5,"y":82.86,"width":129,"height":186},"fire/fire_00006":{"x":0.5,"y":82.86,"width":129,"height":186},"fire/fire_00009":{"x":0.5,"y":82.86,"width":129,"height":186},"fire/fire_00012":{"x":0.5,"y":82.86,"width":129,"height":186},"fire/fire_00015":{"x":0.5,"y":82.86,"width":129,"height":186},"fire/fire_00018":{"x":0.5,"y":82.86,"width":129,"height":186},"fire/fire_00021":{"x":0.5,"y":82.86,"width":129,"height":186},"fire/fire_00024":{"x":0.5,"y":82.86,"width":129,"height":186},"fire/fire_00027":{"x":0.5,"y":82.86,"width":129,"height":186}},"fire/fire4":{"fire/fire_00000":{"x":0.5,"y":82.86,"width":129,"height":186},"fire/fire_00003":{"x":0.5,"y":82.86,"width":129,"height":186},"fire/fire_00006":{"x":0.5,"y":82.86,"width":129,"height":186},"fire/fire_00009":{"x":0.5,"y":82.86,"width":129,"height":186},"fire/fire_00012":{"x":0.5,"y":82.86,"width":129,"height":186},"fire/fire_00015":{"x":0.5,"y":82.86,"width":129,"height":186},"fire/fire_00018":{"x":0.5,"y":82.86,"width":129,"height":186},"fire/fire_00021":{"x":0.5,"y":82.86,"width":129,"height":186},"fire/fire_00024":{"x":0.5,"y":82.86,"width":129,"height":186},"fire/fire_00027":{"x":0.5,"y":82.86,"width":129,"height":186}},"fire/fire5":{"fire/fire_00000":{"x":0.5,"y":82.86,"width":129,"height":186},"fire/fire_00003":{"x":0.5,"y":82.86,"width":129,"height":186},"fire/fire_00006":{"x":0.5,"y":82.86,"width":129,"height":186},"fire/fire_00009":{"x":0.5,"y":82.86,"width":129,"height":186},"fire/fire_00012":{"x":0.5,"y":82.86,"width":129,"height":186},"fire/fire_00015":{"x":0.5,"y":82.86,"width":129,"height":186},"fire/fire_00018":{"x":0.5,"y":82.86,"width":129,"height":186},"fire/fire_00021":{"x":0.5,"y":82.86,"width":129,"height":186},"fire/fire_00024":{"x":0.5,"y":82.86,"width":129,"height":186},"fire/fire_00027":{"x":0.5,"y":82.86,"width":129,"height":186}},"fire/fire6":{"fire/fire_00000":{"x":0.5,"y":82.86,"width":129,"height":186},"fire/fire_00003":{"x":0.5,"y":82.86,"width":129,"height":186},"fire/fire_00006":{"x":0.5,"y":82.86,"width":129,"height":186},"fire/fire_00009":{"x":0.5,"y":82.86,"width":129,"height":186},"fire/fire_00012":{"x":0.5,"y":82.86,"width":129,"height":186},"fire/fire_00015":{"x":0.5,"y":82.86,"width":129,"height":186},"fire/fire_00018":{"x":0.5,"y":82.86,"width":129,"height":186},"fire/fire_00021":{"x":0.5,"y":82.86,"width":129,"height":186},"fire/fire_00024":{"x":0.5,"y":82.86,"width":129,"height":186},"fire/fire_00027":{"x":0.5,"y":82.86,"width":129,"height":186}},"fire/fire7":{"fire/fire_00000":{"x":0.5,"y":82.86,"width":129,"height":186},"fire/fire_00003":{"x":0.5,"y":82.86,"width":129,"height":186},"fire/fire_00006":{"x":0.5,"y":82.86,"width":129,"height":186},"fire/fire_00009":{"x":0.5,"y":82.86,"width":129,"height":186},"fire/fire_00012":{"x":0.5,"y":82.86,"width":129,"height":186},"fire/fire_00015":{"x":0.5,"y":82.86,"width":129,"height":186},"fire/fire_00018":{"x":0.5,"y":82.86,"width":129,"height":186},"fire/fire_00021":{"x":0.5,"y":82.86,"width":129,"height":186},"fire/fire_00024":{"x":0.5,"y":82.86,"width":129,"height":186},"fire/fire_00027":{"x":0.5,"y":82.86,"width":129,"height":186}},"fire/fire8":{"fire/fire_00000":{"x":0.5,"y":82.86,"width":129,"height":186},"fire/fire_00003":{"x":0.5,"y":82.86,"width":129,"height":186},"fire/fire_00006":{"x":0.5,"y":82.86,"width":129,"height":186},"fire/fire_00009":{"x":0.5,"y":82.86,"width":129,"height":186},"fire/fire_00012":{"x":0.5,"y":82.86,"width":129,"height":186},"fire/fire_00015":{"x":0.5,"y":82.86,"width":129,"height":186},"fire/fire_00018":{"x":0.5,"y":82.86,"width":129,"height":186},"fire/fire_00021":{"x":0.5,"y":82.86,"width":129,"height":186},"fire/fire_00024":{"x":0.5,"y":82.86,"width":129,"height":186},"fire/fire_00027":{"x":0.5,"y":82.86,"width":129,"height":186}},"fire/fire9":{"fire/fire_00000":{"x":0.5,"y":82.86,"width":129,"height":186},"fire/fire_00003":{"x":0.5,"y":82.86,"width":129,"height":186},"fire/fire_00006":{"x":0.5,"y":82.86,"width":129,"height":186},"fire/fire_00009":{"x":0.5,"y":82.86,"width":129,"height":186},"fire/fire_00012":{"x":0.5,"y":82.86,"width":129,"height":186},"fire/fire_00015":{"x":0.5,"y":82.86,"width":129,"height":186},"fire/fire_00018":{"x":0.5,"y":82.86,"width":129,"height":186},"fire/fire_00021":{"x":0.5,"y":82.86,"width":129,"height":186},"fire/fire_00024":{"x":0.5,"y":82.86,"width":129,"height":186},"fire/fire_00027":{"x":0.5,"y":82.86,"width":129,"height":186}},"long":{"long":{"x":-17.22,"y":-34.49,"width":821,"height":476}},"long2":{"long":{"x":-17.22,"y":-34.49,"width":821,"height":476}},"long3":{"longtou":{"x":-214.75,"y":-57.03,"width":424,"height":431}},"point2":{"point":{"rotation":-28.76,"width":100,"height":100}},"point3":{"point":{"rotation":-28.76,"width":100,"height":100}},"point4":{"point":{"rotation":-28.76,"width":100,"height":100}},"ren":{"ren":{"x":137.73,"y":97.51,"width":728,"height":570}},"ren2":{"ren":{"width":728,"height":570}},"ren4":{"ren":{"width":728,"height":570}},"ren5":{"ren":{"width":728,"height":570}},"sg/sg":{"sg/sg_00000":{"width":214,"height":96},"sg/sg_00002":{"width":214,"height":96},"sg/sg_00004":{"width":214,"height":96},"sg/sg_00006":{"width":214,"height":96},"sg/sg_00008":{"width":214,"height":96},"sg/sg_00010":{"width":214,"height":96},"sg/sg_00012":{"width":214,"height":96},"sg/sg_00014":{"width":214,"height":96},"sg/sg_00016":{"width":214,"height":96},"sg/sg_00018":{"width":214,"height":96},"sg/sg_00020":{"width":214,"height":96}},"sg2/sg2":{"sg2/sg2_00000":{"x":0.25,"width":277,"height":98},"sg2/sg2_00002":{"x":0.25,"width":277,"height":98},"sg2/sg2_00004":{"x":0.25,"width":277,"height":98},"sg2/sg2_00006":{"x":0.25,"width":277,"height":98},"sg2/sg2_00008":{"x":0.25,"width":277,"height":98},"sg2/sg2_00010":{"x":0.25,"width":277,"height":98},"sg2/sg2_00012":{"x":0.25,"width":277,"height":98},"sg2/sg2_00014":{"x":0.25,"width":277,"height":98},"sg2/sg2_00016":{"x":0.25,"width":277,"height":98},"sg2/sg2_00018":{"x":0.25,"width":277,"height":98},"sg2/sg2_00020":{"x":0.25,"width":277,"height":98}},"zi":{"zi":{"x":0.5,"width":379,"height":140},"zi2":{"x":0.5,"width":501,"height":140}},"zi2":{"zi":{"x":0.5,"width":379,"height":140},"zi2":{"x":0.5,"width":501,"height":140}}}},"animations":{"ytl":{"slots":{"1":{"color":[{"time":0,"color":"ffffff00"},{"time":0.3333,"color":"ffffffff"}],"attachment":[{"time":0,"name":"1"}]},"2":{"color":[{"time":0.5333,"color":"ffffff22"},{"time":0.6667,"color":"ffffffff"}],"attachment":[{"time":0.5333,"name":"2"}]},"3":{"color":[{"time":0.9333,"color":"ffffff80"},{"time":1.0667,"color":"ffffffff"}],"attachment":[{"time":0.9333,"name":"3"}]},"4":{"color":[{"time":0.8,"color":"ffffff6c"},{"time":0.9333,"color":"ffffffff"}],"attachment":[{"time":0.8,"name":"4"}]},"5":{"color":[{"time":0.8667,"color":"ffffff6f"},{"time":1,"color":"ffffffff"}],"attachment":[{"time":0.8667,"name":"5"}]},"6":{"color":[{"time":0.8,"color":"ffffff71"},{"time":0.9333,"color":"ffffffff"}],"attachment":[{"time":0.8,"name":"6"}]},"7":{"color":[{"time":0.7333,"color":"ffffff60"},{"time":0.8667,"color":"ffffffff"}],"attachment":[{"time":0.7333,"name":"7"}]},"8":{"color":[{"time":0.6667,"color":"ffffff74"},{"time":0.8,"color":"ffffffff"}],"attachment":[{"time":0.6667,"name":"8"}]},"9":{"color":[{"time":0.5333,"color":"ffffff22"},{"time":0.6667,"color":"ffffffff"}],"attachment":[{"time":0.5333,"name":"2"}]},"10":{"color":[{"time":0.8,"color":"ffffff6c"},{"time":0.9333,"color":"ffffffff"}],"attachment":[{"time":0.8,"name":"4"}]},"11":{"color":[{"time":0.8667,"color":"ffffff6f"},{"time":1,"color":"ffffffff"}],"attachment":[{"time":0.8667,"name":"5"}]},"12":{"color":[{"time":0.8,"color":"ffffff71"},{"time":0.9333,"color":"ffffffff"}],"attachment":[{"time":0.8,"name":"6"}]},"13":{"color":[{"time":0.7333,"color":"ffffff60"},{"time":0.8667,"color":"ffffffff"}],"attachment":[{"time":0.7333,"name":"7"}]},"14":{"color":[{"time":0.6667,"color":"ffffff74"},{"time":0.8,"color":"ffffffff"}],"attachment":[{"time":0.6667,"name":"8"}]},"15":{"color":[{"time":0.5333,"color":"ffbe4aff"},{"time":0.6667,"color":"ffb32dff"},{"time":0.9667,"color":"ffbd4900"}],"attachment":[{"time":0.5333,"name":"2_1"}]},"16":{"color":[{"time":0.8,"color":"ff4f00ff","curve":"stepped"},{"time":0.9333,"color":"ff4f00ff"},{"time":1.2,"color":"ff3d0000"}],"attachment":[{"time":0.8,"name":"4_1"}]},"17":{"color":[{"time":0.8667,"color":"ff6a00ff","curve":"stepped"},{"time":1,"color":"ff6a00ff"},{"time":1.2333,"color":"ff6a0000"}],"attachment":[{"time":0.8667,"name":"5_1"}]},"18":{"color":[{"time":0.8,"color":"ff6900ff","curve":"stepped"},{"time":0.9333,"color":"ff6900ff"},{"time":1.2,"color":"ff680000"}],"attachment":[{"time":0.8,"name":"6_1"}]},"19":{"color":[{"time":0.7333,"color":"ff6900ff","curve":"stepped"},{"time":0.8667,"color":"ff6900ff"},{"time":1.1333,"color":"ff680000"}],"attachment":[{"time":0.7333,"name":"7_1"}]},"20":{"color":[{"time":0.6667,"color":"ff6900ff","curve":"stepped"},{"time":0.8,"color":"ff6900ff"},{"time":1.0667,"color":"ff680000"}],"attachment":[{"time":0.6667,"name":"8_1"}]},"21":{"color":[{"time":0.8,"color":"ff4f00ff","curve":"stepped"},{"time":0.9333,"color":"ff4f00ff"},{"time":1.2,"color":"ff3d0000"}],"attachment":[{"time":0.8,"name":"4_1"}]},"22":{"color":[{"time":0.8667,"color":"ff6a00ff","curve":"stepped"},{"time":1,"color":"ff6a00ff"},{"time":1.2333,"color":"ff6a0000"}],"attachment":[{"time":0.8667,"name":"5_1"}]},"23":{"color":[{"time":0.8,"color":"ff6900ff","curve":"stepped"},{"time":0.9333,"color":"ff6900ff"},{"time":1.2,"color":"ff680000"}],"attachment":[{"time":0.8,"name":"6_1"}]},"24":{"color":[{"time":0.7333,"color":"ff6900ff","curve":"stepped"},{"time":0.8667,"color":"ff6900ff"},{"time":1.1333,"color":"ff680000"}],"attachment":[{"time":0.7333,"name":"7_1"}]},"25":{"color":[{"time":0.6667,"color":"ff6900ff","curve":"stepped"},{"time":0.8,"color":"ff6900ff"},{"time":1.0667,"color":"ff680000"}],"attachment":[{"time":0.6667,"name":"8_1"}]},"26":{"color":[{"time":0.5333,"color":"ffbe4aff"},{"time":0.6667,"color":"ffb32dff"},{"time":0.9667,"color":"ffbd4900"}],"attachment":[{"time":0.5333,"name":"2_1"}]},"27":{"color":[{"time":0.4667,"color":"ffa94aff","curve":"stepped"},{"time":0.5333,"color":"ffa94aff"},{"time":0.8,"color":"ffa94900"}],"attachment":[{"time":0.4667,"name":"1_1"}]},"fire/fire":{"attachment":[{"time":0.4667,"name":"fire/fire_00000"},{"time":0.5667,"name":"fire/fire_00003"},{"time":0.6667,"name":"fire/fire_00006"},{"time":0.7667,"name":"fire/fire_00009"},{"time":0.8667,"name":"fire/fire_00012"},{"time":0.9667,"name":"fire/fire_00015"},{"time":1.0667,"name":"fire/fire_00018"},{"time":1.1667,"name":"fire/fire_00021"},{"time":1.2667,"name":"fire/fire_00024"},{"time":1.3667,"name":"fire/fire_00027"},{"time":1.4667,"name":"fire/fire_00000"},{"time":1.5667,"name":"fire/fire_00003"},{"time":1.6667,"name":"fire/fire_00006"},{"time":1.7667,"name":"fire/fire_00009"},{"time":1.8667,"name":"fire/fire_00012"},{"time":1.9667,"name":"fire/fire_00015"},{"time":2.0667,"name":"fire/fire_00018"},{"time":2.1667,"name":"fire/fire_00021"},{"time":2.2667,"name":"fire/fire_00024"},{"time":2.3667,"name":"fire/fire_00027"},{"time":2.4667,"name":"fire/fire_00000"},{"time":2.5667,"name":"fire/fire_00003"},{"time":2.6667,"name":"fire/fire_00006"},{"time":2.7667,"name":"fire/fire_00009"}]},"fire/fire2":{"attachment":[{"time":0.4667,"name":"fire/fire_00000"},{"time":0.5667,"name":"fire/fire_00003"},{"time":0.6667,"name":"fire/fire_00006"},{"time":0.7667,"name":"fire/fire_00009"},{"time":0.8667,"name":"fire/fire_00012"},{"time":0.9667,"name":"fire/fire_00015"},{"time":1.0667,"name":"fire/fire_00018"},{"time":1.1667,"name":"fire/fire_00021"},{"time":1.2667,"name":"fire/fire_00024"},{"time":1.3667,"name":"fire/fire_00027"},{"time":1.4667,"name":"fire/fire_00000"},{"time":1.5667,"name":"fire/fire_00003"},{"time":1.6667,"name":"fire/fire_00006"},{"time":1.7667,"name":"fire/fire_00009"},{"time":1.8667,"name":"fire/fire_00012"},{"time":1.9667,"name":"fire/fire_00015"},{"time":2.0667,"name":"fire/fire_00018"},{"time":2.1667,"name":"fire/fire_00021"},{"time":2.2667,"name":"fire/fire_00024"},{"time":2.3667,"name":"fire/fire_00027"},{"time":2.4667,"name":"fire/fire_00000"},{"time":2.5667,"name":"fire/fire_00003"},{"time":2.6667,"name":"fire/fire_00006"},{"time":2.7667,"name":"fire/fire_00009"}]},"fire/fire3":{"attachment":[{"time":0.4667,"name":"fire/fire_00000"},{"time":0.5667,"name":"fire/fire_00003"},{"time":0.6667,"name":"fire/fire_00006"},{"time":0.7667,"name":"fire/fire_00009"},{"time":0.8667,"name":"fire/fire_00012"},{"time":0.9667,"name":"fire/fire_00015"},{"time":1.0667,"name":"fire/fire_00018"},{"time":1.1667,"name":"fire/fire_00021"},{"time":1.2667,"name":"fire/fire_00024"},{"time":1.3667,"name":"fire/fire_00027"},{"time":1.4667,"name":"fire/fire_00000"},{"time":1.5667,"name":"fire/fire_00003"},{"time":1.6667,"name":"fire/fire_00006"},{"time":1.7667,"name":"fire/fire_00009"},{"time":1.8667,"name":"fire/fire_00012"},{"time":1.9667,"name":"fire/fire_00015"},{"time":2.0667,"name":"fire/fire_00018"},{"time":2.1667,"name":"fire/fire_00021"},{"time":2.2667,"name":"fire/fire_00024"},{"time":2.3667,"name":"fire/fire_00027"},{"time":2.4667,"name":"fire/fire_00000"},{"time":2.5667,"name":"fire/fire_00003"},{"time":2.6667,"name":"fire/fire_00006"},{"time":2.7667,"name":"fire/fire_00009"}]},"fire/fire4":{"attachment":[{"time":0.4667,"name":"fire/fire_00000"},{"time":0.5667,"name":"fire/fire_00003"},{"time":0.6667,"name":"fire/fire_00006"},{"time":0.7667,"name":"fire/fire_00009"},{"time":0.8667,"name":"fire/fire_00012"},{"time":0.9667,"name":"fire/fire_00015"},{"time":1.0667,"name":"fire/fire_00018"},{"time":1.1667,"name":"fire/fire_00021"},{"time":1.2667,"name":"fire/fire_00024"},{"time":1.3667,"name":"fire/fire_00027"},{"time":1.4667,"name":"fire/fire_00000"},{"time":1.5667,"name":"fire/fire_00003"},{"time":1.6667,"name":"fire/fire_00006"},{"time":1.7667,"name":"fire/fire_00009"},{"time":1.8667,"name":"fire/fire_00012"},{"time":1.9667,"name":"fire/fire_00015"},{"time":2.0667,"name":"fire/fire_00018"},{"time":2.1667,"name":"fire/fire_00021"},{"time":2.2667,"name":"fire/fire_00024"},{"time":2.3667,"name":"fire/fire_00027"},{"time":2.4667,"name":"fire/fire_00000"},{"time":2.5667,"name":"fire/fire_00003"},{"time":2.6667,"name":"fire/fire_00006"},{"time":2.7667,"name":"fire/fire_00009"}]},"fire/fire5":{"attachment":[{"time":0.4667,"name":"fire/fire_00000"},{"time":0.5667,"name":"fire/fire_00003"},{"time":0.6667,"name":"fire/fire_00006"},{"time":0.7667,"name":"fire/fire_00009"},{"time":0.8667,"name":"fire/fire_00012"},{"time":0.9667,"name":"fire/fire_00015"},{"time":1.0667,"name":"fire/fire_00018"},{"time":1.1667,"name":"fire/fire_00021"},{"time":1.2667,"name":"fire/fire_00024"},{"time":1.3667,"name":"fire/fire_00027"},{"time":1.4667,"name":"fire/fire_00000"},{"time":1.5667,"name":"fire/fire_00003"},{"time":1.6667,"name":"fire/fire_00006"},{"time":1.7667,"name":"fire/fire_00009"},{"time":1.8667,"name":"fire/fire_00012"},{"time":1.9667,"name":"fire/fire_00015"},{"time":2.0667,"name":"fire/fire_00018"},{"time":2.1667,"name":"fire/fire_00021"},{"time":2.2667,"name":"fire/fire_00024"},{"time":2.3667,"name":"fire/fire_00027"},{"time":2.4667,"name":"fire/fire_00000"},{"time":2.5667,"name":"fire/fire_00003"},{"time":2.6667,"name":"fire/fire_00006"},{"time":2.7667,"name":"fire/fire_00009"}]},"fire/fire6":{"attachment":[{"time":0.4667,"name":"fire/fire_00012"},{"time":0.5667,"name":"fire/fire_00015"},{"time":0.6667,"name":"fire/fire_00018"},{"time":0.7667,"name":"fire/fire_00021"},{"time":0.8667,"name":"fire/fire_00024"},{"time":0.9667,"name":"fire/fire_00027"},{"time":1.0667,"name":"fire/fire_00000"},{"time":1.1667,"name":"fire/fire_00003"},{"time":1.2667,"name":"fire/fire_00006"},{"time":1.3667,"name":"fire/fire_00009"},{"time":1.4667,"name":"fire/fire_00012"},{"time":1.5667,"name":"fire/fire_00015"},{"time":1.6667,"name":"fire/fire_00018"},{"time":1.7667,"name":"fire/fire_00021"},{"time":1.8667,"name":"fire/fire_00024"},{"time":1.9667,"name":"fire/fire_00027"},{"time":2.0667,"name":"fire/fire_00000"},{"time":2.1667,"name":"fire/fire_00003"},{"time":2.2667,"name":"fire/fire_00006"},{"time":2.3667,"name":"fire/fire_00009"},{"time":2.4667,"name":"fire/fire_00012"},{"time":2.5667,"name":"fire/fire_00015"},{"time":2.6667,"name":"fire/fire_00018"},{"time":2.7667,"name":"fire/fire_00021"}]},"fire/fire7":{"attachment":[{"time":0.4667,"name":"fire/fire_00012"},{"time":0.5667,"name":"fire/fire_00015"},{"time":0.6667,"name":"fire/fire_00018"},{"time":0.7667,"name":"fire/fire_00021"},{"time":0.8667,"name":"fire/fire_00024"},{"time":0.9667,"name":"fire/fire_00027"},{"time":1.0667,"name":"fire/fire_00000"},{"time":1.1667,"name":"fire/fire_00003"},{"time":1.2667,"name":"fire/fire_00006"},{"time":1.3667,"name":"fire/fire_00009"},{"time":1.4667,"name":"fire/fire_00012"},{"time":1.5667,"name":"fire/fire_00015"},{"time":1.6667,"name":"fire/fire_00018"},{"time":1.7667,"name":"fire/fire_00021"},{"time":1.8667,"name":"fire/fire_00024"},{"time":1.9667,"name":"fire/fire_00027"},{"time":2.0667,"name":"fire/fire_00000"},{"time":2.1667,"name":"fire/fire_00003"},{"time":2.2667,"name":"fire/fire_00006"},{"time":2.3667,"name":"fire/fire_00009"},{"time":2.4667,"name":"fire/fire_00012"},{"time":2.5667,"name":"fire/fire_00015"},{"time":2.6667,"name":"fire/fire_00018"},{"time":2.7667,"name":"fire/fire_00021"}]},"fire/fire8":{"attachment":[{"time":0.4667,"name":"fire/fire_00012"},{"time":0.5667,"name":"fire/fire_00015"},{"time":0.6667,"name":"fire/fire_00018"},{"time":0.7667,"name":"fire/fire_00021"},{"time":0.8667,"name":"fire/fire_00024"},{"time":0.9667,"name":"fire/fire_00027"},{"time":1.0667,"name":"fire/fire_00000"},{"time":1.1667,"name":"fire/fire_00003"},{"time":1.2667,"name":"fire/fire_00006"},{"time":1.3667,"name":"fire/fire_00009"},{"time":1.4667,"name":"fire/fire_00012"},{"time":1.5667,"name":"fire/fire_00015"},{"time":1.6667,"name":"fire/fire_00018"},{"time":1.7667,"name":"fire/fire_00021"},{"time":1.8667,"name":"fire/fire_00024"},{"time":1.9667,"name":"fire/fire_00027"},{"time":2.0667,"name":"fire/fire_00000"},{"time":2.1667,"name":"fire/fire_00003"},{"time":2.2667,"name":"fire/fire_00006"},{"time":2.3667,"name":"fire/fire_00009"},{"time":2.4667,"name":"fire/fire_00012"},{"time":2.5667,"name":"fire/fire_00015"},{"time":2.6667,"name":"fire/fire_00018"},{"time":2.7667,"name":"fire/fire_00021"}]},"fire/fire9":{"attachment":[{"time":0.4667,"name":"fire/fire_00012"},{"time":0.5667,"name":"fire/fire_00015"},{"time":0.6667,"name":"fire/fire_00018"},{"time":0.7667,"name":"fire/fire_00021"},{"time":0.8667,"name":"fire/fire_00024"},{"time":0.9667,"name":"fire/fire_00027"},{"time":1.0667,"name":"fire/fire_00000"},{"time":1.1667,"name":"fire/fire_00003"},{"time":1.2667,"name":"fire/fire_00006"},{"time":1.3667,"name":"fire/fire_00009"},{"time":1.4667,"name":"fire/fire_00012"},{"time":1.5667,"name":"fire/fire_00015"},{"time":1.6667,"name":"fire/fire_00018"},{"time":1.7667,"name":"fire/fire_00021"},{"time":1.8667,"name":"fire/fire_00024"},{"time":1.9667,"name":"fire/fire_00027"},{"time":2.0667,"name":"fire/fire_00000"},{"time":2.1667,"name":"fire/fire_00003"},{"time":2.2667,"name":"fire/fire_00006"},{"time":2.3667,"name":"fire/fire_00009"},{"time":2.4667,"name":"fire/fire_00012"},{"time":2.5667,"name":"fire/fire_00015"},{"time":2.6667,"name":"fire/fire_00018"},{"time":2.7667,"name":"fire/fire_00021"}]},"fire/fire10":{"attachment":[{"time":0.4667,"name":"fire/fire_00000"},{"time":0.5667,"name":"fire/fire_00003"},{"time":0.6667,"name":"fire/fire_00006"},{"time":0.7667,"name":"fire/fire_00009"},{"time":0.8667,"name":"fire/fire_00012"},{"time":0.9667,"name":"fire/fire_00015"},{"time":1.0667,"name":"fire/fire_00018"},{"time":1.1667,"name":"fire/fire_00021"},{"time":1.2667,"name":"fire/fire_00024"},{"time":1.3667,"name":"fire/fire_00027"},{"time":1.4667,"name":"fire/fire_00000"},{"time":1.5667,"name":"fire/fire_00003"},{"time":1.6667,"name":"fire/fire_00006"},{"time":1.7667,"name":"fire/fire_00009"},{"time":1.8667,"name":"fire/fire_00012"},{"time":1.9667,"name":"fire/fire_00015"},{"time":2.0667,"name":"fire/fire_00018"},{"time":2.1667,"name":"fire/fire_00021"},{"time":2.2667,"name":"fire/fire_00024"},{"time":2.3667,"name":"fire/fire_00027"},{"time":2.4667,"name":"fire/fire_00000"},{"time":2.5667,"name":"fire/fire_00003"},{"time":2.6667,"name":"fire/fire_00006"},{"time":2.7667,"name":"fire/fire_00009"}]},"fire/fire11":{"attachment":[{"time":0.4667,"name":"fire/fire_00012"},{"time":0.5667,"name":"fire/fire_00015"},{"time":0.6667,"name":"fire/fire_00018"},{"time":0.7667,"name":"fire/fire_00021"},{"time":0.8667,"name":"fire/fire_00024"},{"time":0.9667,"name":"fire/fire_00027"},{"time":1.0667,"name":"fire/fire_00000"},{"time":1.1667,"name":"fire/fire_00003"},{"time":1.2667,"name":"fire/fire_00006"},{"time":1.3667,"name":"fire/fire_00009"},{"time":1.4667,"name":"fire/fire_00012"},{"time":1.5667,"name":"fire/fire_00015"},{"time":1.6667,"name":"fire/fire_00018"},{"time":1.7667,"name":"fire/fire_00021"},{"time":1.8667,"name":"fire/fire_00024"},{"time":1.9667,"name":"fire/fire_00027"},{"time":2.0667,"name":"fire/fire_00000"},{"time":2.1667,"name":"fire/fire_00003"},{"time":2.2667,"name":"fire/fire_00006"},{"time":2.3667,"name":"fire/fire_00009"},{"time":2.4667,"name":"fire/fire_00012"},{"time":2.5667,"name":"fire/fire_00015"},{"time":2.6667,"name":"fire/fire_00018"},{"time":2.7667,"name":"fire/fire_00021"}]},"long":{"color":[{"time":0,"color":"ffffff74"},{"time":0.2,"color":"ffffffff"}],"attachment":[{"time":0,"name":"long"}]},"long2":{"color":[{"time":0.4,"color":"ffffff7e"},{"time":0.5333,"color":"ffffffff"},{"time":1.0667,"color":"ffffff00"}],"attachment":[{"time":0.4,"name":"long"}]},"long3":{"color":[{"time":0,"color":"ffffff74"},{"time":0.2,"color":"ffffffff"}]},"point2":{"attachment":[{"time":1.4,"name":"point"}]},"point3":{"attachment":[{"time":1.0667,"name":"point"}]},"point4":{"attachment":[{"time":1.2333,"name":"point"}]},"sg/sg":{"attachment":[{"time":0.9,"name":"sg/sg_00000"},{"time":1,"name":"sg/sg_00002"},{"time":1.1,"name":"sg/sg_00004"},{"time":1.2,"name":"sg/sg_00006"},{"time":1.3,"name":"sg/sg_00008"},{"time":1.4,"name":"sg/sg_00010"},{"time":1.5,"name":"sg/sg_00012"},{"time":1.6,"name":"sg/sg_00014"},{"time":1.7,"name":"sg/sg_00016"},{"time":1.8,"name":"sg/sg_00018"},{"time":1.9,"name":"sg/sg_00020"},{"time":2,"name":null}]},"zi":{"color":[{"time":0.3333,"color":"ffffff19"},{"time":0.4,"color":"ffffffb6"},{"time":0.4667,"color":"ffffffff"}],"attachment":[{"time":0.3333,"name":"zi"}]},"zi2":{"color":[{"time":0.5333,"color":"ffffffff"},{"time":0.8,"color":"ffffff00"}],"attachment":[{"time":0.4667,"name":"zi"}]}},"bones":{"1":{"rotate":[{"time":0,"angle":0},{"time":0.1333,"angle":-120},{"time":0.2333,"angle":120},{"time":0.3333,"angle":0}],"translate":[{"time":0,"x":0,"y":-469.41,"curve":[0,0.18,0.75,1]},{"time":0.3333,"x":0,"y":0}],"scale":[{"time":0,"x":0.541,"y":0.541,"curve":[0.25,0,1,0.82]},{"time":0.3333,"x":1,"y":1}]},"2":{"rotate":[{"time":0.5333,"angle":-15.29,"curve":[0,0.19,0.75,1]},{"time":0.6667,"angle":0}],"scale":[{"time":0.5333,"x":0.885,"y":0.885},{"time":0.6667,"x":1,"y":1}]},"3":{"translate":[{"time":0.9333,"x":0,"y":-20,"curve":[0,0.2,0.75,1]},{"time":1.0667,"x":0,"y":0}]},"4":{"scale":[{"time":0.8,"x":0.815,"y":0.815,"curve":[0,0.18,0.75,1]},{"time":0.9333,"x":1,"y":1}]},"5":{"scale":[{"time":0.8667,"x":0.815,"y":0.815,"curve":[0,0.18,0.75,1]},{"time":1,"x":1,"y":1}]},"6":{"scale":[{"time":0.8,"x":0.815,"y":0.815,"curve":[0,0.18,0.75,1]},{"time":0.9333,"x":1,"y":1}]},"7":{"scale":[{"time":0.7333,"x":0.815,"y":0.815,"curve":[0,0.18,0.75,1]},{"time":0.8667,"x":1,"y":1}]},"8":{"scale":[{"time":0.6667,"x":0.815,"y":0.815,"curve":[0,0.18,0.75,1]},{"time":0.8,"x":1,"y":1}]},"10":{"translate":[{"time":0,"x":1.94,"y":0}],"scale":[{"time":0,"x":-1,"y":1}]},"11":{"rotate":[{"time":0.5333,"angle":-15.29,"curve":[0,0.19,0.75,1]},{"time":0.6667,"angle":0}],"scale":[{"time":0.5333,"x":0.885,"y":0.885},{"time":0.6667,"x":1,"y":1}]},"12":{"scale":[{"time":0.8,"x":0.815,"y":0.815,"curve":[0,0.18,0.75,1]},{"time":0.9333,"x":1,"y":1}]},"13":{"scale":[{"time":0.8667,"x":0.815,"y":0.815,"curve":[0,0.18,0.75,1]},{"time":1,"x":1,"y":1}]},"14":{"scale":[{"time":0.8,"x":0.815,"y":0.815,"curve":[0,0.18,0.75,1]},{"time":0.9333,"x":1,"y":1}]},"15":{"scale":[{"time":0.7333,"x":0.815,"y":0.815,"curve":[0,0.18,0.75,1]},{"time":0.8667,"x":1,"y":1}]},"16":{"scale":[{"time":0.6667,"x":0.815,"y":0.815,"curve":[0,0.18,0.75,1]},{"time":0.8,"x":1,"y":1}]},"18":{"rotate":[{"time":0.5333,"angle":-15.29,"curve":[0,0.19,0.75,1]},{"time":0.6667,"angle":0},{"time":0.9667,"angle":2.4}],"scale":[{"time":0.5333,"x":0.885,"y":0.885},{"time":0.6667,"x":1.08,"y":1.08},{"time":0.9667,"x":1.14,"y":1.14}]},"19":{"scale":[{"time":0.8,"x":0.815,"y":0.815,"curve":[0,0.18,0.75,1]},{"time":0.9333,"x":1.1,"y":1.1},{"time":1.2,"x":1.16,"y":1.16}]},"20":{"scale":[{"time":0.8667,"x":0.815,"y":0.815,"curve":[0,0.18,0.75,1]},{"time":1,"x":1.1,"y":1.1},{"time":1.2333,"x":1.16,"y":1.16}]},"21":{"scale":[{"time":0.8,"x":0.815,"y":0.815,"curve":[0,0.18,0.75,1]},{"time":0.9333,"x":1.1,"y":1.1},{"time":1.2,"x":1.16,"y":1.16}]},"22":{"scale":[{"time":0.7333,"x":0.815,"y":0.815,"curve":[0,0.18,0.75,1]},{"time":0.8667,"x":1.1,"y":1.1},{"time":1.1333,"x":1.16,"y":1.16}]},"23":{"scale":[{"time":0.6667,"x":0.815,"y":0.815,"curve":[0,0.18,0.75,1]},{"time":0.8,"x":1.1,"y":1.1},{"time":1.0667,"x":1.16,"y":1.16}]},"24":{"translate":[{"time":0,"x":1.94,"y":0}]},"25":{"scale":[{"time":0.8,"x":0.815,"y":0.815,"curve":[0,0.18,0.75,1]},{"time":0.9333,"x":1.1,"y":1.1},{"time":1.2,"x":1.16,"y":1.16}]},"26":{"scale":[{"time":0.8667,"x":0.815,"y":0.815,"curve":[0,0.18,0.75,1]},{"time":1,"x":1.1,"y":1.1},{"time":1.2333,"x":1.16,"y":1.16}]},"27":{"scale":[{"time":0.8,"x":0.815,"y":0.815,"curve":[0,0.18,0.75,1]},{"time":0.9333,"x":1.1,"y":1.1},{"time":1.2,"x":1.16,"y":1.16}]},"28":{"scale":[{"time":0.7333,"x":0.815,"y":0.815,"curve":[0,0.18,0.75,1]},{"time":0.8667,"x":1.1,"y":1.1},{"time":1.1333,"x":1.16,"y":1.16}]},"29":{"scale":[{"time":0.6667,"x":0.815,"y":0.815,"curve":[0,0.18,0.75,1]},{"time":0.8,"x":1.1,"y":1.1},{"time":1.0667,"x":1.16,"y":1.16}]},"30":{"rotate":[{"time":0.5333,"angle":-15.29,"curve":[0,0.19,0.75,1]},{"time":0.6667,"angle":0},{"time":0.9667,"angle":2.4}],"scale":[{"time":0.5333,"x":0.885,"y":0.885},{"time":0.6667,"x":1.08,"y":1.08},{"time":0.9667,"x":1.16,"y":1.16}]},"31":{"scale":[{"time":0.4667,"x":1,"y":1},{"time":0.5333,"x":1.112,"y":1.112},{"time":0.8,"x":1.17,"y":1.17}]},"fire":{"rotate":[{"time":0.4667,"angle":52.27}],"translate":[{"time":0.4667,"x":-252.62,"y":-72.3}],"scale":[{"time":0.4667,"x":0.845,"y":1.751}]},"fire2":{"rotate":[{"time":0.4667,"angle":78.7}],"translate":[{"time":0.4667,"x":-216.21,"y":-129.35}],"scale":[{"time":0.4667,"x":1.214,"y":1.376}]},"fire3":{"rotate":[{"time":0.4667,"angle":68.42}],"translate":[{"time":0.4667,"x":-238.37,"y":-93.34}],"scale":[{"time":0.4667,"x":0.73,"y":2.176}]},"fire4":{"rotate":[{"time":0.4667,"angle":-10.11}],"translate":[{"time":0.4667,"x":-282.25,"y":108.8}],"scale":[{"time":0.4667,"x":0.741,"y":1.644}]},"fire5":{"rotate":[{"time":0.4667,"angle":-23.25}],"translate":[{"time":0.4667,"x":-257.18,"y":137.01}],"scale":[{"time":0.4667,"x":0.926,"y":1.644}]},"fire6":{"rotate":[{"time":0.4667,"angle":-23.25}],"translate":[{"time":0.4667,"x":-202.33,"y":169.91}],"scale":[{"time":0.4667,"x":0.926,"y":0.888}]},"fire7":{"rotate":[{"time":0.4667,"angle":-77.85}],"translate":[{"time":0.4667,"x":-177.99,"y":176.68}],"scale":[{"time":0.4667,"x":1.203,"y":1.028}]},"fire8":{"rotate":[{"time":0.4667,"angle":-38.45}],"translate":[{"time":0.4667,"x":-107.37,"y":-89.33}],"scale":[{"time":0.4667,"x":1.131,"y":1.172}]},"fire9":{"rotate":[{"time":0.4667,"angle":-5.89}],"translate":[{"time":0.4667,"x":-108.55,"y":-62.26}],"scale":[{"time":0.4667,"x":0.934,"y":1.294}]},"fire10":{"rotate":[{"time":0.4667,"angle":-0.94}],"translate":[{"time":0.4667,"x":-280.72,"y":69.27}],"scale":[{"time":0.4667,"x":0.54,"y":0.937}]},"fire11":{"rotate":[{"time":0.4667,"angle":-129}],"translate":[{"time":0.4667,"x":336.13,"y":170.24}],"scale":[{"time":0.4667,"x":1.131,"y":1.421}]},"long":{"translate":[{"time":0,"x":770.72,"y":585.6,"curve":[0,0.19,0.75,1]},{"time":0.2,"x":-49.62,"y":-19.78},{"time":0.2667,"x":-28.86,"y":-11.47}]},"long2":{"scale":[{"time":0.4,"x":1,"y":1},{"time":0.5333,"x":1.349,"y":1.349},{"time":1.0667,"x":1.468,"y":1.468}]},"point2":{"rotate":[{"time":1.4,"angle":0},{"time":2.7333,"angle":-70.78}],"translate":[{"time":1.4,"x":45.51,"y":221.38}],"scale":[{"time":1.4,"x":0,"y":0,"curve":[0,0.28,0.75,1]},{"time":2.0667,"x":3.207,"y":3.207,"curve":[0.25,0,1,0.75]},{"time":2.7333,"x":0,"y":0}]},"point3":{"rotate":[{"time":1.0667,"angle":0},{"time":1.7333,"angle":-70.78}],"translate":[{"time":1.0667,"x":-148.8,"y":220.8}],"scale":[{"time":1.0667,"x":0,"y":0,"curve":[0,0.28,0.75,1]},{"time":1.4,"x":1.354,"y":1.354,"curve":[0.25,0,1,0.75]},{"time":1.7333,"x":0,"y":0}]},"point4":{"rotate":[{"time":1.2333,"angle":0},{"time":1.9,"angle":-70.78}],"translate":[{"time":1.2333,"x":241.75,"y":221.34}],"scale":[{"time":1.2333,"x":0,"y":0,"curve":[0,0.28,0.75,1]},{"time":1.5667,"x":1.354,"y":1.354,"curve":[0.25,0,1,0.75]},{"time":1.9,"x":0,"y":0}]},"sg":{"translate":[{"time":0.9,"x":29.27,"y":108.92}]},"zi":{"scale":[{"time":0.3333,"x":3,"y":3},{"time":0.4,"x":2.5,"y":2.5},{"time":0.4667,"x":0.9,"y":0.9},{"time":0.6,"x":1,"y":1}]},"zi2":{"scale":[{"time":0.4667,"x":0.9,"y":0.9},{"time":0.5333,"x":1.2,"y":1.2},{"time":0.8,"x":1.4,"y":1.4}]}}},"zzql":{"slots":{"1":{"color":[{"time":0,"color":"ffffff00"},{"time":0.2667,"color":"ffffffff"}],"attachment":[{"time":0,"name":"1"}]},"2":{"color":[{"time":0.5333,"color":"ffffff22"},{"time":0.6667,"color":"ffffffff"}],"attachment":[{"time":0.5333,"name":"2"}]},"3":{"color":[{"time":0.9333,"color":"ffffff80"},{"time":1.0667,"color":"ffffffff"}]},"4":{"color":[{"time":0.8,"color":"ffffff6c"},{"time":0.9333,"color":"ffffffff"}],"attachment":[{"time":0.8,"name":"4"}]},"5":{"color":[{"time":0.8667,"color":"ffffff6f"},{"time":1,"color":"ffffffff"}],"attachment":[{"time":0.8667,"name":"5"}]},"6":{"color":[{"time":0.8,"color":"ffffff71"},{"time":0.9333,"color":"ffffffff"}],"attachment":[{"time":0.8,"name":"6"}]},"7":{"color":[{"time":0.7333,"color":"ffffff60"},{"time":0.8667,"color":"ffffffff"}],"attachment":[{"time":0.7333,"name":"7"}]},"8":{"color":[{"time":0.6667,"color":"ffffff74"},{"time":0.8,"color":"ffffffff"}],"attachment":[{"time":0.6667,"name":"8"}]},"9":{"color":[{"time":0.5333,"color":"ffffff22"},{"time":0.6667,"color":"ffffffff"}],"attachment":[{"time":0.5333,"name":"2"}]},"10":{"color":[{"time":0.8,"color":"ffffff6c"},{"time":0.9333,"color":"ffffffff"}],"attachment":[{"time":0.8,"name":"4"}]},"11":{"color":[{"time":0.8667,"color":"ffffff6f"},{"time":1,"color":"ffffffff"}],"attachment":[{"time":0.8667,"name":"5"}]},"12":{"color":[{"time":0.8,"color":"ffffff71"},{"time":0.9333,"color":"ffffffff"}],"attachment":[{"time":0.8,"name":"6"}]},"13":{"color":[{"time":0.7333,"color":"ffffff60"},{"time":0.8667,"color":"ffffffff"}],"attachment":[{"time":0.7333,"name":"7"}]},"14":{"color":[{"time":0.6667,"color":"ffffff74"},{"time":0.8,"color":"ffffffff"}],"attachment":[{"time":0.6667,"name":"8"}]},"15":{"color":[{"time":0.5333,"color":"ffbe4aff"},{"time":0.6667,"color":"ffb32dff"},{"time":0.9667,"color":"ffbd4900"}],"attachment":[{"time":0.5333,"name":"2_1"}]},"16":{"color":[{"time":0.8,"color":"ff4f00ff","curve":"stepped"},{"time":0.9333,"color":"ff4f00ff"},{"time":1.2,"color":"ff3d0000"}],"attachment":[{"time":0.8,"name":"4_1"}]},"17":{"color":[{"time":0.8667,"color":"ff6a00ff","curve":"stepped"},{"time":1,"color":"ff6a00ff"},{"time":1.2333,"color":"ff6a0000"}],"attachment":[{"time":0.8667,"name":"5_1"}]},"18":{"color":[{"time":0.8,"color":"ff6900ff","curve":"stepped"},{"time":0.9333,"color":"ff6900ff"},{"time":1.2,"color":"ff680000"}],"attachment":[{"time":0.8,"name":"6_1"}]},"19":{"color":[{"time":0.7333,"color":"ff6900ff","curve":"stepped"},{"time":0.8667,"color":"ff6900ff"},{"time":1.1333,"color":"ff680000"}],"attachment":[{"time":0.7333,"name":"7_1"}]},"20":{"color":[{"time":0.6667,"color":"ff6900ff","curve":"stepped"},{"time":0.8,"color":"ff6900ff"},{"time":1.0667,"color":"ff680000"}],"attachment":[{"time":0.6667,"name":"8_1"}]},"21":{"color":[{"time":0.8,"color":"ff4f00ff","curve":"stepped"},{"time":0.9333,"color":"ff4f00ff"},{"time":1.2,"color":"ff3d0000"}],"attachment":[{"time":0.8,"name":"4_1"}]},"22":{"color":[{"time":0.8667,"color":"ff6a00ff","curve":"stepped"},{"time":1,"color":"ff6a00ff"},{"time":1.2333,"color":"ff6a0000"}],"attachment":[{"time":0.8667,"name":"5_1"}]},"23":{"color":[{"time":0.8,"color":"ff6900ff","curve":"stepped"},{"time":0.9333,"color":"ff6900ff"},{"time":1.2,"color":"ff680000"}],"attachment":[{"time":0.8,"name":"6_1"}]},"24":{"color":[{"time":0.7333,"color":"ff6900ff","curve":"stepped"},{"time":0.8667,"color":"ff6900ff"},{"time":1.1333,"color":"ff680000"}],"attachment":[{"time":0.7333,"name":"7_1"}]},"25":{"color":[{"time":0.6667,"color":"ff6900ff","curve":"stepped"},{"time":0.8,"color":"ff6900ff"},{"time":1.0667,"color":"ff680000"}],"attachment":[{"time":0.6667,"name":"8_1"}]},"26":{"color":[{"time":0.5333,"color":"ffbe4aff"},{"time":0.6667,"color":"ffb32dff"},{"time":0.9667,"color":"ffbd4900"}],"attachment":[{"time":0.5333,"name":"2_1"}]},"27":{"color":[{"time":0.4667,"color":"ffa94aff","curve":"stepped"},{"time":0.5333,"color":"ffa94aff"},{"time":0.8,"color":"ffa94900"}],"attachment":[{"time":0.4667,"name":"1_1"}]},"base1":{"color":[{"time":0.1667,"color":"ffffff00"},{"time":0.4333,"color":"ffffffff"}],"attachment":[{"time":0.1667,"name":"base1"}]},"fire/fire":{"attachment":[{"time":0.4667,"name":"fire/fire_00000"},{"time":0.5667,"name":"fire/fire_00003"},{"time":0.6667,"name":"fire/fire_00006"},{"time":0.7667,"name":"fire/fire_00009"},{"time":0.8667,"name":"fire/fire_00012"},{"time":0.9667,"name":"fire/fire_00015"},{"time":1.0667,"name":"fire/fire_00018"},{"time":1.1667,"name":"fire/fire_00021"},{"time":1.2667,"name":"fire/fire_00024"},{"time":1.3667,"name":"fire/fire_00027"},{"time":1.4667,"name":"fire/fire_00000"},{"time":1.5667,"name":"fire/fire_00003"},{"time":1.6667,"name":"fire/fire_00006"},{"time":1.7667,"name":"fire/fire_00009"},{"time":1.8667,"name":"fire/fire_00012"},{"time":1.9667,"name":"fire/fire_00015"},{"time":2.0667,"name":"fire/fire_00018"},{"time":2.1667,"name":"fire/fire_00021"},{"time":2.2667,"name":"fire/fire_00024"},{"time":2.3667,"name":"fire/fire_00027"},{"time":2.4667,"name":"fire/fire_00000"},{"time":2.5667,"name":"fire/fire_00003"},{"time":2.6667,"name":"fire/fire_00006"},{"time":2.7667,"name":"fire/fire_00009"}]},"fire/fire2":{"attachment":[{"time":0.4667,"name":"fire/fire_00000"},{"time":0.5667,"name":"fire/fire_00003"},{"time":0.6667,"name":"fire/fire_00006"},{"time":0.7667,"name":"fire/fire_00009"},{"time":0.8667,"name":"fire/fire_00012"},{"time":0.9667,"name":"fire/fire_00015"},{"time":1.0667,"name":"fire/fire_00018"},{"time":1.1667,"name":"fire/fire_00021"},{"time":1.2667,"name":"fire/fire_00024"},{"time":1.3667,"name":"fire/fire_00027"},{"time":1.4667,"name":"fire/fire_00000"},{"time":1.5667,"name":"fire/fire_00003"},{"time":1.6667,"name":"fire/fire_00006"},{"time":1.7667,"name":"fire/fire_00009"},{"time":1.8667,"name":"fire/fire_00012"},{"time":1.9667,"name":"fire/fire_00015"},{"time":2.0667,"name":"fire/fire_00018"},{"time":2.1667,"name":"fire/fire_00021"},{"time":2.2667,"name":"fire/fire_00024"},{"time":2.3667,"name":"fire/fire_00027"},{"time":2.4667,"name":"fire/fire_00000"},{"time":2.5667,"name":"fire/fire_00003"},{"time":2.6667,"name":"fire/fire_00006"},{"time":2.7667,"name":"fire/fire_00009"}]},"fire/fire3":{"attachment":[{"time":0.4667,"name":"fire/fire_00000"},{"time":0.5667,"name":"fire/fire_00003"},{"time":0.6667,"name":"fire/fire_00006"},{"time":0.7667,"name":"fire/fire_00009"},{"time":0.8667,"name":"fire/fire_00012"},{"time":0.9667,"name":"fire/fire_00015"},{"time":1.0667,"name":"fire/fire_00018"},{"time":1.1667,"name":"fire/fire_00021"},{"time":1.2667,"name":"fire/fire_00024"},{"time":1.3667,"name":"fire/fire_00027"},{"time":1.4667,"name":"fire/fire_00000"},{"time":1.5667,"name":"fire/fire_00003"},{"time":1.6667,"name":"fire/fire_00006"},{"time":1.7667,"name":"fire/fire_00009"},{"time":1.8667,"name":"fire/fire_00012"},{"time":1.9667,"name":"fire/fire_00015"},{"time":2.0667,"name":"fire/fire_00018"},{"time":2.1667,"name":"fire/fire_00021"},{"time":2.2667,"name":"fire/fire_00024"},{"time":2.3667,"name":"fire/fire_00027"},{"time":2.4667,"name":"fire/fire_00000"},{"time":2.5667,"name":"fire/fire_00003"},{"time":2.6667,"name":"fire/fire_00006"},{"time":2.7667,"name":"fire/fire_00009"}]},"fire/fire4":{"attachment":[{"time":0.4667,"name":"fire/fire_00000"},{"time":0.5667,"name":"fire/fire_00003"},{"time":0.6667,"name":"fire/fire_00006"},{"time":0.7667,"name":"fire/fire_00009"},{"time":0.8667,"name":"fire/fire_00012"},{"time":0.9667,"name":"fire/fire_00015"},{"time":1.0667,"name":"fire/fire_00018"},{"time":1.1667,"name":"fire/fire_00021"},{"time":1.2667,"name":"fire/fire_00024"},{"time":1.3667,"name":"fire/fire_00027"},{"time":1.4667,"name":"fire/fire_00000"},{"time":1.5667,"name":"fire/fire_00003"},{"time":1.6667,"name":"fire/fire_00006"},{"time":1.7667,"name":"fire/fire_00009"},{"time":1.8667,"name":"fire/fire_00012"},{"time":1.9667,"name":"fire/fire_00015"},{"time":2.0667,"name":"fire/fire_00018"},{"time":2.1667,"name":"fire/fire_00021"},{"time":2.2667,"name":"fire/fire_00024"},{"time":2.3667,"name":"fire/fire_00027"},{"time":2.4667,"name":"fire/fire_00000"},{"time":2.5667,"name":"fire/fire_00003"},{"time":2.6667,"name":"fire/fire_00006"},{"time":2.7667,"name":"fire/fire_00009"}]},"fire/fire5":{"attachment":[{"time":0.4667,"name":"fire/fire_00000"},{"time":0.5667,"name":"fire/fire_00003"},{"time":0.6667,"name":"fire/fire_00006"},{"time":0.7667,"name":"fire/fire_00009"},{"time":0.8667,"name":"fire/fire_00012"},{"time":0.9667,"name":"fire/fire_00015"},{"time":1.0667,"name":"fire/fire_00018"},{"time":1.1667,"name":"fire/fire_00021"},{"time":1.2667,"name":"fire/fire_00024"},{"time":1.3667,"name":"fire/fire_00027"},{"time":1.4667,"name":"fire/fire_00000"},{"time":1.5667,"name":"fire/fire_00003"},{"time":1.6667,"name":"fire/fire_00006"},{"time":1.7667,"name":"fire/fire_00009"},{"time":1.8667,"name":"fire/fire_00012"},{"time":1.9667,"name":"fire/fire_00015"},{"time":2.0667,"name":"fire/fire_00018"},{"time":2.1667,"name":"fire/fire_00021"},{"time":2.2667,"name":"fire/fire_00024"},{"time":2.3667,"name":"fire/fire_00027"},{"time":2.4667,"name":"fire/fire_00000"},{"time":2.5667,"name":"fire/fire_00003"},{"time":2.6667,"name":"fire/fire_00006"},{"time":2.7667,"name":"fire/fire_00009"}]},"fire/fire6":{"attachment":[{"time":0.4667,"name":"fire/fire_00012"},{"time":0.5667,"name":"fire/fire_00015"},{"time":0.6667,"name":"fire/fire_00018"},{"time":0.7667,"name":"fire/fire_00021"},{"time":0.8667,"name":"fire/fire_00024"},{"time":0.9667,"name":"fire/fire_00027"},{"time":1.0667,"name":"fire/fire_00000"},{"time":1.1667,"name":"fire/fire_00003"},{"time":1.2667,"name":"fire/fire_00006"},{"time":1.3667,"name":"fire/fire_00009"},{"time":1.4667,"name":"fire/fire_00012"},{"time":1.5667,"name":"fire/fire_00015"},{"time":1.6667,"name":"fire/fire_00018"},{"time":1.7667,"name":"fire/fire_00021"},{"time":1.8667,"name":"fire/fire_00024"},{"time":1.9667,"name":"fire/fire_00027"},{"time":2.0667,"name":"fire/fire_00000"},{"time":2.1667,"name":"fire/fire_00003"},{"time":2.2667,"name":"fire/fire_00006"},{"time":2.3667,"name":"fire/fire_00009"},{"time":2.4667,"name":"fire/fire_00012"},{"time":2.5667,"name":"fire/fire_00015"},{"time":2.6667,"name":"fire/fire_00018"},{"time":2.7667,"name":"fire/fire_00021"}]},"fire/fire7":{"attachment":[{"time":0.4667,"name":"fire/fire_00012"},{"time":0.5667,"name":"fire/fire_00015"},{"time":0.6667,"name":"fire/fire_00018"},{"time":0.7667,"name":"fire/fire_00021"},{"time":0.8667,"name":"fire/fire_00024"},{"time":0.9667,"name":"fire/fire_00027"},{"time":1.0667,"name":"fire/fire_00000"},{"time":1.1667,"name":"fire/fire_00003"},{"time":1.2667,"name":"fire/fire_00006"},{"time":1.3667,"name":"fire/fire_00009"},{"time":1.4667,"name":"fire/fire_00012"},{"time":1.5667,"name":"fire/fire_00015"},{"time":1.6667,"name":"fire/fire_00018"},{"time":1.7667,"name":"fire/fire_00021"},{"time":1.8667,"name":"fire/fire_00024"},{"time":1.9667,"name":"fire/fire_00027"},{"time":2.0667,"name":"fire/fire_00000"},{"time":2.1667,"name":"fire/fire_00003"},{"time":2.2667,"name":"fire/fire_00006"},{"time":2.3667,"name":"fire/fire_00009"},{"time":2.4667,"name":"fire/fire_00012"},{"time":2.5667,"name":"fire/fire_00015"},{"time":2.6667,"name":"fire/fire_00018"},{"time":2.7667,"name":"fire/fire_00021"}]},"fire/fire8":{"attachment":[{"time":0.4667,"name":"fire/fire_00012"},{"time":0.5667,"name":"fire/fire_00015"},{"time":0.6667,"name":"fire/fire_00018"},{"time":0.7667,"name":"fire/fire_00021"},{"time":0.8667,"name":"fire/fire_00024"},{"time":0.9667,"name":"fire/fire_00027"},{"time":1.0667,"name":"fire/fire_00000"},{"time":1.1667,"name":"fire/fire_00003"},{"time":1.2667,"name":"fire/fire_00006"},{"time":1.3667,"name":"fire/fire_00009"},{"time":1.4667,"name":"fire/fire_00012"},{"time":1.5667,"name":"fire/fire_00015"},{"time":1.6667,"name":"fire/fire_00018"},{"time":1.7667,"name":"fire/fire_00021"},{"time":1.8667,"name":"fire/fire_00024"},{"time":1.9667,"name":"fire/fire_00027"},{"time":2.0667,"name":"fire/fire_00000"},{"time":2.1667,"name":"fire/fire_00003"},{"time":2.2667,"name":"fire/fire_00006"},{"time":2.3667,"name":"fire/fire_00009"},{"time":2.4667,"name":"fire/fire_00012"},{"time":2.5667,"name":"fire/fire_00015"},{"time":2.6667,"name":"fire/fire_00018"},{"time":2.7667,"name":"fire/fire_00021"}]},"fire/fire9":{"attachment":[{"time":0.4667,"name":"fire/fire_00012"},{"time":0.5667,"name":"fire/fire_00015"},{"time":0.6667,"name":"fire/fire_00018"},{"time":0.7667,"name":"fire/fire_00021"},{"time":0.8667,"name":"fire/fire_00024"},{"time":0.9667,"name":"fire/fire_00027"},{"time":1.0667,"name":"fire/fire_00000"},{"time":1.1667,"name":"fire/fire_00003"},{"time":1.2667,"name":"fire/fire_00006"},{"time":1.3667,"name":"fire/fire_00009"},{"time":1.4667,"name":"fire/fire_00012"},{"time":1.5667,"name":"fire/fire_00015"},{"time":1.6667,"name":"fire/fire_00018"},{"time":1.7667,"name":"fire/fire_00021"},{"time":1.8667,"name":"fire/fire_00024"},{"time":1.9667,"name":"fire/fire_00027"},{"time":2.0667,"name":"fire/fire_00000"},{"time":2.1667,"name":"fire/fire_00003"},{"time":2.2667,"name":"fire/fire_00006"},{"time":2.3667,"name":"fire/fire_00009"},{"time":2.4667,"name":"fire/fire_00012"},{"time":2.5667,"name":"fire/fire_00015"},{"time":2.6667,"name":"fire/fire_00018"},{"time":2.7667,"name":"fire/fire_00021"}]},"fire/fire10":{"attachment":[{"time":0.4667,"name":"fire/fire_00000"},{"time":0.5667,"name":"fire/fire_00003"},{"time":0.6667,"name":"fire/fire_00006"},{"time":0.7667,"name":"fire/fire_00009"},{"time":0.8667,"name":"fire/fire_00012"},{"time":0.9667,"name":"fire/fire_00015"},{"time":1.0667,"name":"fire/fire_00018"},{"time":1.1667,"name":"fire/fire_00021"},{"time":1.2667,"name":"fire/fire_00024"},{"time":1.3667,"name":"fire/fire_00027"},{"time":1.4667,"name":"fire/fire_00000"},{"time":1.5667,"name":"fire/fire_00003"},{"time":1.6667,"name":"fire/fire_00006"},{"time":1.7667,"name":"fire/fire_00009"},{"time":1.8667,"name":"fire/fire_00012"},{"time":1.9667,"name":"fire/fire_00015"},{"time":2.0667,"name":"fire/fire_00018"},{"time":2.1667,"name":"fire/fire_00021"},{"time":2.2667,"name":"fire/fire_00024"},{"time":2.3667,"name":"fire/fire_00027"},{"time":2.4667,"name":"fire/fire_00000"},{"time":2.5667,"name":"fire/fire_00003"},{"time":2.6667,"name":"fire/fire_00006"},{"time":2.7667,"name":"fire/fire_00009"}]},"fire/fire11":{"attachment":[{"time":0.4667,"name":"fire/fire_00012"},{"time":0.5667,"name":"fire/fire_00015"},{"time":0.6667,"name":"fire/fire_00018"},{"time":0.7667,"name":"fire/fire_00021"},{"time":0.8667,"name":"fire/fire_00024"},{"time":0.9667,"name":"fire/fire_00027"},{"time":1.0667,"name":"fire/fire_00000"},{"time":1.1667,"name":"fire/fire_00003"},{"time":1.2667,"name":"fire/fire_00006"},{"time":1.3667,"name":"fire/fire_00009"},{"time":1.4667,"name":"fire/fire_00012"},{"time":1.5667,"name":"fire/fire_00015"},{"time":1.6667,"name":"fire/fire_00018"},{"time":1.7667,"name":"fire/fire_00021"},{"time":1.8667,"name":"fire/fire_00024"},{"time":1.9667,"name":"fire/fire_00027"},{"time":2.0667,"name":"fire/fire_00000"},{"time":2.1667,"name":"fire/fire_00003"},{"time":2.2667,"name":"fire/fire_00006"},{"time":2.3667,"name":"fire/fire_00009"},{"time":2.4667,"name":"fire/fire_00012"},{"time":2.5667,"name":"fire/fire_00015"},{"time":2.6667,"name":"fire/fire_00018"},{"time":2.7667,"name":"fire/fire_00021"}]},"long":{"color":[{"time":0,"color":"ffffff36"},{"time":0.0667,"color":"ffffffff"}],"attachment":[{"time":0,"name":"long"}]},"long2":{"color":[{"time":0.3667,"color":"ffffff7e"},{"time":0.5,"color":"ffffffff"},{"time":1.0333,"color":"ffffff00"}],"attachment":[{"time":0.3667,"name":"long"}]},"long3":{"color":[{"time":0,"color":"ffffff36"},{"time":0.0667,"color":"ffffffff"}],"attachment":[{"time":0,"name":"longtou"}]},"point2":{"attachment":[{"time":1.4,"name":"point"}]},"point3":{"attachment":[{"time":1.0667,"name":"point"}]},"point4":{"attachment":[{"time":1.2333,"name":"point"}]},"ren":{"color":[{"time":0,"color":"ffffff78"},{"time":0.0667,"color":"ffffffff"}],"attachment":[{"time":0,"name":"ren"}]},"ren2":{"color":[{"time":0.4667,"color":"ffffffa2"},{"time":0.6,"color":"ffffffff"},{"time":1.1333,"color":"ffffff00"}],"attachment":[{"time":0.4667,"name":"ren"}]},"ren4":{"color":[{"time":0.0333,"color":"ffffff3d"},{"time":0.2667,"color":"ffffffff"},{"time":0.5,"color":"ffffff00"}],"attachment":[{"time":0.0333,"name":"ren"}]},"ren5":{"color":[{"time":0.0667,"color":"ffffff1a"},{"time":0.2,"color":"ffffff53"},{"time":0.4,"color":"ffffff00"}],"attachment":[{"time":0.0667,"name":"ren"}]},"sg2/sg2":{"attachment":[{"time":1.1,"name":"sg2/sg2_00000"},{"time":1.2,"name":"sg2/sg2_00002"},{"time":1.3,"name":"sg2/sg2_00004"},{"time":1.4,"name":"sg2/sg2_00006"},{"time":1.5,"name":"sg2/sg2_00008"},{"time":1.6,"name":"sg2/sg2_00010"},{"time":1.7,"name":"sg2/sg2_00012"},{"time":1.8,"name":"sg2/sg2_00014"},{"time":1.9,"name":"sg2/sg2_00016"},{"time":2,"name":"sg2/sg2_00018"},{"time":2.1,"name":"sg2/sg2_00020"},{"time":2.1667,"name":null}]},"zi":{"color":[{"time":0.2667,"color":"ffffff19"},{"time":0.4,"color":"ffffffb6"},{"time":0.4667,"color":"ffffffff"}],"attachment":[{"time":0.2667,"name":"zi2"}]},"zi2":{"color":[{"time":0.5333,"color":"ffffffff"},{"time":0.8,"color":"ffffff00"}],"attachment":[{"time":0.4667,"name":"zi2"}]}},"bones":{"1":{"scale":[{"time":0,"x":0.541,"y":0.541},{"time":0.2667,"x":1,"y":1}]},"2":{"rotate":[{"time":0.5333,"angle":-15.29,"curve":[0,0.19,0.75,1]},{"time":0.6667,"angle":0}],"scale":[{"time":0.5333,"x":0.885,"y":0.885},{"time":0.6667,"x":1,"y":1}]},"3":{"translate":[{"time":0.9333,"x":0,"y":-20,"curve":[0,0.2,0.75,1]},{"time":1.0667,"x":0,"y":0}]},"4":{"scale":[{"time":0.8,"x":0.815,"y":0.815,"curve":[0,0.18,0.75,1]},{"time":0.9333,"x":1,"y":1}]},"5":{"scale":[{"time":0.8667,"x":0.815,"y":0.815,"curve":[0,0.18,0.75,1]},{"time":1,"x":1,"y":1}]},"6":{"scale":[{"time":0.8,"x":0.815,"y":0.815,"curve":[0,0.18,0.75,1]},{"time":0.9333,"x":1,"y":1}]},"7":{"scale":[{"time":0.7333,"x":0.815,"y":0.815,"curve":[0,0.18,0.75,1]},{"time":0.8667,"x":1,"y":1}]},"8":{"scale":[{"time":0.6667,"x":0.815,"y":0.815,"curve":[0,0.18,0.75,1]},{"time":0.8,"x":1,"y":1}]},"10":{"translate":[{"time":0,"x":1.94,"y":0}],"scale":[{"time":0,"x":-1,"y":1}]},"11":{"rotate":[{"time":0.5333,"angle":-15.29,"curve":[0,0.19,0.75,1]},{"time":0.6667,"angle":0}],"scale":[{"time":0.5333,"x":0.885,"y":0.885},{"time":0.6667,"x":1,"y":1}]},"12":{"scale":[{"time":0.8,"x":0.815,"y":0.815,"curve":[0,0.18,0.75,1]},{"time":0.9333,"x":1,"y":1}]},"13":{"scale":[{"time":0.8667,"x":0.815,"y":0.815,"curve":[0,0.18,0.75,1]},{"time":1,"x":1,"y":1}]},"14":{"scale":[{"time":0.8,"x":0.815,"y":0.815,"curve":[0,0.18,0.75,1]},{"time":0.9333,"x":1,"y":1}]},"15":{"scale":[{"time":0.7333,"x":0.815,"y":0.815,"curve":[0,0.18,0.75,1]},{"time":0.8667,"x":1,"y":1}]},"16":{"scale":[{"time":0.6667,"x":0.815,"y":0.815,"curve":[0,0.18,0.75,1]},{"time":0.8,"x":1,"y":1}]},"18":{"rotate":[{"time":0.5333,"angle":-15.29,"curve":[0,0.19,0.75,1]},{"time":0.6667,"angle":0},{"time":0.9667,"angle":2.4}],"scale":[{"time":0.5333,"x":0.885,"y":0.885},{"time":0.6667,"x":1.08,"y":1.08},{"time":0.9667,"x":1.14,"y":1.14}]},"19":{"scale":[{"time":0.8,"x":0.815,"y":0.815,"curve":[0,0.18,0.75,1]},{"time":0.9333,"x":1.1,"y":1.1},{"time":1.2,"x":1.16,"y":1.16}]},"20":{"scale":[{"time":0.8667,"x":0.815,"y":0.815,"curve":[0,0.18,0.75,1]},{"time":1,"x":1.1,"y":1.1},{"time":1.2333,"x":1.16,"y":1.16}]},"21":{"scale":[{"time":0.8,"x":0.815,"y":0.815,"curve":[0,0.18,0.75,1]},{"time":0.9333,"x":1.1,"y":1.1},{"time":1.2,"x":1.16,"y":1.16}]},"22":{"scale":[{"time":0.7333,"x":0.815,"y":0.815,"curve":[0,0.18,0.75,1]},{"time":0.8667,"x":1.1,"y":1.1},{"time":1.1333,"x":1.16,"y":1.16}]},"23":{"scale":[{"time":0.6667,"x":0.815,"y":0.815,"curve":[0,0.18,0.75,1]},{"time":0.8,"x":1.1,"y":1.1},{"time":1.0667,"x":1.16,"y":1.16}]},"24":{"translate":[{"time":0,"x":1.94,"y":0}]},"25":{"scale":[{"time":0.8,"x":0.815,"y":0.815,"curve":[0,0.18,0.75,1]},{"time":0.9333,"x":1.1,"y":1.1},{"time":1.2,"x":1.16,"y":1.16}]},"26":{"scale":[{"time":0.8667,"x":0.815,"y":0.815,"curve":[0,0.18,0.75,1]},{"time":1,"x":1.1,"y":1.1},{"time":1.2333,"x":1.16,"y":1.16}]},"27":{"scale":[{"time":0.8,"x":0.815,"y":0.815,"curve":[0,0.18,0.75,1]},{"time":0.9333,"x":1.1,"y":1.1},{"time":1.2,"x":1.16,"y":1.16}]},"28":{"scale":[{"time":0.7333,"x":0.815,"y":0.815,"curve":[0,0.18,0.75,1]},{"time":0.8667,"x":1.1,"y":1.1},{"time":1.1333,"x":1.16,"y":1.16}]},"29":{"scale":[{"time":0.6667,"x":0.815,"y":0.815,"curve":[0,0.18,0.75,1]},{"time":0.8,"x":1.1,"y":1.1},{"time":1.0667,"x":1.16,"y":1.16}]},"30":{"rotate":[{"time":0.5333,"angle":-15.29,"curve":[0,0.19,0.75,1]},{"time":0.6667,"angle":0},{"time":0.9667,"angle":2.4}],"scale":[{"time":0.5333,"x":0.885,"y":0.885},{"time":0.6667,"x":1.08,"y":1.08},{"time":0.9667,"x":1.16,"y":1.16}]},"31":{"scale":[{"time":0.4667,"x":1,"y":1},{"time":0.5333,"x":1.112,"y":1.112},{"time":0.8,"x":1.17,"y":1.17}]},"fire":{"rotate":[{"time":0.4667,"angle":52.27}],"translate":[{"time":0.4667,"x":-252.62,"y":-72.3}],"scale":[{"time":0.4667,"x":0.845,"y":1.751}]},"fire2":{"rotate":[{"time":0.4667,"angle":78.7}],"translate":[{"time":0.4667,"x":-216.21,"y":-129.35}],"scale":[{"time":0.4667,"x":1.214,"y":1.376}]},"fire3":{"rotate":[{"time":0.4667,"angle":68.42}],"translate":[{"time":0.4667,"x":-238.37,"y":-93.34}],"scale":[{"time":0.4667,"x":0.73,"y":2.176}]},"fire4":{"rotate":[{"time":0.4667,"angle":-10.11}],"translate":[{"time":0.4667,"x":-282.25,"y":108.8}],"scale":[{"time":0.4667,"x":0.741,"y":1.644}]},"fire5":{"rotate":[{"time":0.4667,"angle":-23.25}],"translate":[{"time":0.4667,"x":-257.18,"y":137.01}],"scale":[{"time":0.4667,"x":0.926,"y":1.644}]},"fire6":{"rotate":[{"time":0.4667,"angle":-23.25}],"translate":[{"time":0.4667,"x":-202.33,"y":169.91}],"scale":[{"time":0.4667,"x":0.926,"y":0.888}]},"fire7":{"rotate":[{"time":0.4667,"angle":-77.85}],"translate":[{"time":0.4667,"x":-177.99,"y":176.68}],"scale":[{"time":0.4667,"x":1.203,"y":1.028}]},"fire8":{"rotate":[{"time":0.4667,"angle":-38.45}],"translate":[{"time":0.4667,"x":-107.37,"y":-89.33}],"scale":[{"time":0.4667,"x":1.131,"y":1.172}]},"fire9":{"rotate":[{"time":0.4667,"angle":-5.89}],"translate":[{"time":0.4667,"x":-108.55,"y":-62.26}],"scale":[{"time":0.4667,"x":0.934,"y":1.294}]},"fire10":{"rotate":[{"time":0.4667,"angle":-0.94}],"translate":[{"time":0.4667,"x":-280.72,"y":69.27}],"scale":[{"time":0.4667,"x":0.54,"y":0.937}]},"fire11":{"rotate":[{"time":0.4667,"angle":-129}],"translate":[{"time":0.4667,"x":336.13,"y":170.24}],"scale":[{"time":0.4667,"x":1.131,"y":1.421}]},"long":{"rotate":[{"time":0.4667,"angle":0,"curve":[0.25,0,0.75,1]},{"time":1.0333,"angle":1.2,"curve":[0.25,0,0.75,1]},{"time":1.6,"angle":0,"curve":[0.25,0,0.75,1]},{"time":2.1667,"angle":1.2,"curve":[0.25,0,0.75,1]},{"time":2.7333,"angle":0}],"translate":[{"time":0,"x":-28.86,"y":-11.47,"curve":"stepped"},{"time":0.4667,"x":-28.86,"y":-11.47,"curve":[0.25,0,0.75,1]},{"time":1.0333,"x":-31.77,"y":-11.47,"curve":[0.25,0,0.75,1]},{"time":1.6,"x":-28.86,"y":-11.47,"curve":[0.25,0,0.75,1]},{"time":2.1667,"x":-31.77,"y":-11.47,"curve":[0.25,0,0.75,1]},{"time":2.7333,"x":-28.84,"y":-11.47}]},"long2":{"scale":[{"time":0.3667,"x":1,"y":1},{"time":0.5,"x":1.349,"y":1.349},{"time":1.0333,"x":1.468,"y":1.468}]},"point2":{"rotate":[{"time":1.4,"angle":0},{"time":2.7333,"angle":-70.78}],"translate":[{"time":1.4,"x":45.51,"y":23.24}],"scale":[{"time":1.4,"x":0,"y":0,"curve":[0,0.28,0.75,1]},{"time":2.0667,"x":3.207,"y":3.207,"curve":[0.25,0,1,0.75]},{"time":2.7333,"x":0,"y":0}]},"point3":{"rotate":[{"time":1.0667,"angle":0},{"time":1.7333,"angle":-70.78}],"translate":[{"time":1.0667,"x":-140.21,"y":-139}],"scale":[{"time":1.0667,"x":0,"y":0,"curve":[0,0.28,0.75,1]},{"time":1.4,"x":1.354,"y":1.354,"curve":[0.25,0,1,0.75]},{"time":1.7333,"x":0,"y":0}]},"point4":{"rotate":[{"time":1.2333,"angle":0},{"time":1.9,"angle":-70.78}],"translate":[{"time":1.2333,"x":230.7,"y":-117.59}],"scale":[{"time":1.2333,"x":0,"y":0,"curve":[0,0.28,0.75,1]},{"time":1.5667,"x":1.354,"y":1.354,"curve":[0.25,0,1,0.75]},{"time":1.9,"x":0,"y":0}]},"ren3":{"rotate":[{"time":0.4667,"angle":0,"curve":[0.25,0,0.75,1]},{"time":1.0333,"angle":-1.2,"curve":[0.25,0,0.75,1]},{"time":1.6,"angle":0,"curve":[0.25,0,0.75,1]},{"time":2.1667,"angle":-1.2,"curve":[0.25,0,0.75,1]},{"time":2.7333,"angle":0}],"translate":[{"time":0.4667,"x":0,"y":0,"curve":[0.25,0,0.75,1]},{"time":1.0333,"x":1.98,"y":0,"curve":[0.25,0,0.75,1]},{"time":1.6,"x":0,"y":0,"curve":[0.25,0,0.75,1]},{"time":2.1667,"x":1.98,"y":0,"curve":[0.25,0,0.75,1]},{"time":2.7333,"x":0,"y":0}]},"ren2":{"translate":[{"time":0.4667,"x":50.59,"y":-21.33}],"scale":[{"time":0.4667,"x":1.082,"y":1.082}]},"ren4":{"translate":[{"time":0.0333,"x":814.47,"y":0,"curve":[0,0.39,0.75,1]},{"time":0.2667,"x":0,"y":0}]},"ren5":{"translate":[{"time":0.0667,"x":814.47,"y":0,"curve":[0,0.39,0.75,1]},{"time":0.4,"x":0,"y":0}]},"sg2":{"translate":[{"time":1.1,"x":75.19,"y":-73.07}]},"zi":{"translate":[{"time":0.2667,"x":47.47,"y":-178.32}],"scale":[{"time":0.2667,"x":3,"y":3},{"time":0.4,"x":2.5,"y":2.5},{"time":0.4667,"x":0.9,"y":0.9},{"time":0.6,"x":1,"y":1}]},"zi2":{"translate":[{"time":0.4667,"x":47.47,"y":-178.32}],"scale":[{"time":0.4667,"x":0.9,"y":0.9},{"time":0.5333,"x":1.2,"y":1.424},{"time":0.8,"x":1.4,"y":1.661}]},"LP":{"translate":[{"time":0,"x":15.23,"y":-153.27}],"scale":[{"time":0,"x":0.6,"y":0.6}]},"Long":{"translate":[{"time":0,"x":-5.43,"y":44.48}],"scale":[{"time":0,"x":0.607,"y":0.607}]},"ren":{"translate":[{"time":0,"x":814.47,"y":0,"curve":[0,0.2,0.75,1]},{"time":0.1333,"x":-10.77,"y":0,"curve":[0,0.19,0.75,1]},{"time":0.2667,"x":0,"y":0}],"scale":[{"time":0.4667,"x":1,"y":1,"curve":[0.25,0,0.75,1]},{"time":1.0333,"x":1.01,"y":1.01,"curve":[0.25,0,0.75,1]},{"time":1.6,"x":1,"y":1,"curve":[0.25,0,0.75,1]},{"time":2.1667,"x":1.01,"y":1.01,"curve":[0.25,0,0.75,1]},{"time":2.7333,"x":1,"y":1}]}}}}},"_atlasText":"\nsp_effect_ytl.png\nsize: 1646,1646\nformat: RGBA8888\nfilter: Linear,Linear\nrepeat: none\n1\n  rotate: false\n  xy: 1158, 1251\n  size: 259, 393\n  orig: 259, 393\n  offset: 0, 0\n  index: -1\n1_1\n  rotate: true\n  xy: 732, 952\n  size: 259, 393\n  orig: 259, 393\n  offset: 0, 0\n  index: -1\n2\n  rotate: false\n  xy: 618, 584\n  size: 126, 366\n  orig: 126, 366\n  offset: 0, 0\n  index: -1\n2_1\n  rotate: false\n  xy: 746, 584\n  size: 126, 366\n  orig: 126, 366\n  offset: 0, 0\n  index: -1\n3\n  rotate: false\n  xy: 618, 429\n  size: 209, 153\n  orig: 209, 153\n  offset: 0, 0\n  index: -1\n4\n  rotate: false\n  xy: 1561, 1564\n  size: 61, 80\n  orig: 61, 80\n  offset: 0, 0\n  index: -1\n4_1\n  rotate: false\n  xy: 1546, 210\n  size: 61, 80\n  orig: 61, 80\n  offset: 0, 0\n  index: -1\n5\n  rotate: false\n  xy: 668, 269\n  size: 109, 158\n  orig: 109, 158\n  offset: 0, 0\n  index: -1\n5_1\n  rotate: true\n  xy: 936, 46\n  size: 109, 158\n  orig: 109, 158\n  offset: 0, 0\n  index: -1\n6\n  rotate: false\n  xy: 1429, 292\n  size: 98, 144\n  orig: 98, 144\n  offset: 0, 0\n  index: -1\n6_1\n  rotate: false\n  xy: 1529, 292\n  size: 98, 144\n  orig: 98, 144\n  offset: 0, 0\n  index: -1\n7\n  rotate: false\n  xy: 1206, 414\n  size: 152, 105\n  orig: 152, 105\n  offset: 0, 0\n  index: -1\n7_1\n  rotate: true\n  xy: 1322, 260\n  size: 152, 105\n  orig: 152, 105\n  offset: 0, 0\n  index: -1\n8\n  rotate: true\n  xy: 618, 952\n  size: 120, 95\n  orig: 120, 95\n  offset: 0, 0\n  index: -1\n8_1\n  rotate: false\n  xy: 1322, 163\n  size: 120, 95\n  orig: 120, 95\n  offset: 0, 0\n  index: -1\nbase1\n  rotate: true\n  xy: 480, 395\n  size: 677, 136\n  orig: 677, 136\n  offset: 0, 0\n  index: -1\nfire/fire_00000\n  rotate: true\n  xy: 480, 264\n  size: 129, 186\n  orig: 129, 186\n  offset: 0, 0\n  index: -1\nfire/fire_00003\n  rotate: true\n  xy: 505, 133\n  size: 129, 186\n  orig: 129, 186\n  offset: 0, 0\n  index: -1\nfire/fire_00006\n  rotate: true\n  xy: 560, 2\n  size: 129, 186\n  orig: 129, 186\n  offset: 0, 0\n  index: -1\nfire/fire_00009\n  rotate: false\n  xy: 1437, 1077\n  size: 129, 186\n  orig: 129, 186\n  offset: 0, 0\n  index: -1\nfire/fire_00012\n  rotate: false\n  xy: 1093, 169\n  size: 129, 186\n  orig: 129, 186\n  offset: 0, 0\n  index: -1\nfire/fire_00015\n  rotate: true\n  xy: 748, 46\n  size: 129, 186\n  orig: 129, 186\n  offset: 0, 0\n  index: -1\nfire/fire_00018\n  rotate: true\n  xy: 1096, 38\n  size: 129, 186\n  orig: 129, 186\n  offset: 0, 0\n  index: -1\nfire/fire_00021\n  rotate: false\n  xy: 1372, 765\n  size: 129, 186\n  orig: 129, 186\n  offset: 0, 0\n  index: -1\nfire/fire_00024\n  rotate: false\n  xy: 1503, 765\n  size: 129, 186\n  orig: 129, 186\n  offset: 0, 0\n  index: -1\nfire/fire_00027\n  rotate: true\n  xy: 1372, 536\n  size: 129, 186\n  orig: 129, 186\n  offset: 0, 0\n  index: -1\nlong\n  rotate: true\n  xy: 2, 251\n  size: 821, 476\n  orig: 821, 476\n  offset: 0, 0\n  index: -1\nlongtou\n  rotate: false\n  xy: 732, 1213\n  size: 424, 431\n  orig: 424, 431\n  offset: 0, 0\n  index: -1\npoint\n  rotate: false\n  xy: 1444, 190\n  size: 100, 100\n  orig: 100, 100\n  offset: 0, 0\n  index: -1\nren\n  rotate: false\n  xy: 2, 1074\n  size: 728, 570\n  orig: 728, 570\n  offset: 0, 0\n  index: -1\nsg/sg_00000\n  rotate: false\n  xy: 1127, 953\n  size: 214, 96\n  orig: 214, 96\n  offset: 0, 0\n  index: -1\nsg/sg_00002\n  rotate: true\n  xy: 1274, 737\n  size: 214, 96\n  orig: 214, 96\n  offset: 0, 0\n  index: -1\nsg/sg_00004\n  rotate: true\n  xy: 1108, 357\n  size: 214, 96\n  orig: 214, 96\n  offset: 0, 0\n  index: -1\nsg/sg_00006\n  rotate: false\n  xy: 779, 275\n  size: 214, 96\n  orig: 214, 96\n  offset: 0, 0\n  index: -1\nsg/sg_00008\n  rotate: false\n  xy: 779, 177\n  size: 214, 96\n  orig: 214, 96\n  offset: 0, 0\n  index: -1\nsg/sg_00010\n  rotate: true\n  xy: 995, 157\n  size: 214, 96\n  orig: 214, 96\n  offset: 0, 0\n  index: -1\nsg/sg_00012\n  rotate: false\n  xy: 1343, 953\n  size: 214, 96\n  orig: 214, 96\n  offset: 0, 0\n  index: -1\nsg/sg_00014\n  rotate: false\n  xy: 1372, 667\n  size: 214, 96\n  orig: 214, 96\n  offset: 0, 0\n  index: -1\nsg/sg_00016\n  rotate: true\n  xy: 1274, 521\n  size: 214, 96\n  orig: 214, 96\n  offset: 0, 0\n  index: -1\nsg/sg_00018\n  rotate: false\n  xy: 1372, 438\n  size: 214, 96\n  orig: 214, 96\n  offset: 0, 0\n  index: -1\nsg/sg_00020\n  rotate: true\n  xy: 1224, 198\n  size: 214, 96\n  orig: 214, 96\n  offset: 0, 0\n  index: -1\nsg2/sg2_00000\n  rotate: false\n  xy: 2, 9\n  size: 277, 98\n  orig: 277, 98\n  offset: 0, 0\n  index: -1\nsg2/sg2_00002\n  rotate: true\n  xy: 874, 673\n  size: 277, 98\n  orig: 277, 98\n  offset: 0, 0\n  index: -1\nsg2/sg2_00004\n  rotate: true\n  xy: 974, 673\n  size: 277, 98\n  orig: 277, 98\n  offset: 0, 0\n  index: -1\nsg2/sg2_00006\n  rotate: true\n  xy: 1074, 673\n  size: 277, 98\n  orig: 277, 98\n  offset: 0, 0\n  index: -1\nsg2/sg2_00008\n  rotate: false\n  xy: 874, 573\n  size: 277, 98\n  orig: 277, 98\n  offset: 0, 0\n  index: -1\nsg2/sg2_00010\n  rotate: false\n  xy: 829, 473\n  size: 277, 98\n  orig: 277, 98\n  offset: 0, 0\n  index: -1\nsg2/sg2_00012\n  rotate: false\n  xy: 281, 9\n  size: 277, 98\n  orig: 277, 98\n  offset: 0, 0\n  index: -1\nsg2/sg2_00014\n  rotate: false\n  xy: 829, 373\n  size: 277, 98\n  orig: 277, 98\n  offset: 0, 0\n  index: -1\nsg2/sg2_00016\n  rotate: false\n  xy: 1158, 1151\n  size: 277, 98\n  orig: 277, 98\n  offset: 0, 0\n  index: -1\nsg2/sg2_00018\n  rotate: false\n  xy: 1127, 1051\n  size: 277, 98\n  orig: 277, 98\n  offset: 0, 0\n  index: -1\nsg2/sg2_00020\n  rotate: true\n  xy: 1174, 674\n  size: 277, 98\n  orig: 277, 98\n  offset: 0, 0\n  index: -1\nzi\n  rotate: true\n  xy: 1419, 1265\n  size: 379, 140\n  orig: 379, 140\n  offset: 0, 0\n  index: -1\nzi2\n  rotate: false\n  xy: 2, 109\n  size: 501, 140\n  orig: 501, 140\n  offset: 0, 0\n  index: -1\n","textures":[{"__uuid__":"0fsABGV85LAatY8dX2T3jJ"}],"textureNames":["sp_effect_ytl.png"]}