[{"__type__":"cc.SpriteFrame","content":{"name":"chi_ani1","texture":"qzmjmj73-1fa8-4251-9378-e3961a4a75a0","rect":[34,16,204,180],"offset":[8,4],"originalSize":[256,220],"capInsets":[0,0,0,0]}},[{"__type__":"cc.Prefab","_name":"chi","data":{"__id__":1}},{"__type__":"cc.Node","_name":"chi","_components":[{"__type__":"cc.Sprite","node":{"__id__":1},"_spriteFrame":{"__uuid__":"qzmjmj3f-4dd9-4bf7-becf-034fc72ce71e"},"_sizeMode":2,"_isTrimmedMode":false},{"__type__":"cc.Animation","node":{"__id__":1},"_defaultClip":{"__uuid__":"qzmjmjf9-32e5-4672-92b6-4a65dcaeb944"},"_clips":[{"__uuid__":"qzmjmjf9-32e5-4672-92b6-4a65dcaeb944"}]},{"__type__":"qzmjmja3-f7f6-43f3-bc26-19a21c44bee8","node":{"__id__":1}}],"_prefab":{"__type__":"cc.PrefabInfo","root":{"__id__":1},"asset":{"__uuid__":"qzmjmj4e-45c6-4767-baed-a89a4714d7b9"},"fileId":"0004amy/0dAq73bQ016T1ol"},"_contentSize":{"__type__":"cc.Size","width":256,"height":220},"_trs":{"__type__":"TypedArray","ctor":"Float64Array","array":[0,0,0,0,0,0,1,1,1,1]}}]]