[{"__type__":"cc.BitmapFont","_name":"lb_sz-export","spriteFrame":{"__uuid__":"qzmjf483-e438-4912-91fe-c8aadadb18b6"},"fontSize":1,"_fntConfig":{"commonHeight":32,"fontSize":1,"atlasName":"lb_sz-export.png","fontDefDictionary":{"32":{"rect":{"x":0,"y":0,"width":0,"height":0},"xOffset":0,"yOffset":0,"xAdvance":29},"48":{"rect":{"x":0,"y":0,"width":29,"height":32},"xOffset":0,"yOffset":0,"xAdvance":29},"49":{"rect":{"x":0,"y":32,"width":29,"height":32},"xOffset":0,"yOffset":0,"xAdvance":29},"50":{"rect":{"x":29,"y":0,"width":29,"height":32},"xOffset":0,"yOffset":0,"xAdvance":29},"51":{"rect":{"x":0,"y":64,"width":29,"height":32},"xOffset":0,"yOffset":0,"xAdvance":29},"52":{"rect":{"x":0,"y":96,"width":29,"height":32},"xOffset":0,"yOffset":0,"xAdvance":29},"53":{"rect":{"x":29,"y":32,"width":29,"height":32},"xOffset":0,"yOffset":0,"xAdvance":29},"54":{"rect":{"x":58,"y":0,"width":29,"height":32},"xOffset":0,"yOffset":0,"xAdvance":29},"55":{"rect":{"x":29,"y":64,"width":29,"height":32},"xOffset":0,"yOffset":0,"xAdvance":29},"56":{"rect":{"x":29,"y":96,"width":29,"height":32},"xOffset":0,"yOffset":0,"xAdvance":29},"57":{"rect":{"x":58,"y":32,"width":29,"height":32},"xOffset":0,"yOffset":0,"xAdvance":29},"19978":{"rect":{"x":87,"y":0,"width":29,"height":32},"xOffset":0,"yOffset":0,"xAdvance":29},"19981":{"rect":{"x":58,"y":64,"width":29,"height":32},"xOffset":0,"yOffset":0,"xAdvance":29},"25554":{"rect":{"x":58,"y":96,"width":29,"height":32},"xOffset":0,"yOffset":0,"xAdvance":29},"25645":{"rect":{"x":87,"y":32,"width":29,"height":32},"xOffset":0,"yOffset":0,"xAdvance":29},"27700":{"rect":{"x":116,"y":0,"width":29,"height":32},"xOffset":0,"yOffset":0,"xAdvance":29},"28779":{"rect":{"x":87,"y":64,"width":29,"height":32},"xOffset":0,"yOffset":0,"xAdvance":29},"30721":{"rect":{"x":87,"y":96,"width":29,"height":32},"xOffset":0,"yOffset":0,"xAdvance":29},"39128":{"rect":{"x":116,"y":32,"width":29,"height":32},"xOffset":0,"yOffset":0,"xAdvance":29}},"kerningDict":{}}},{"__type__":"cc.SpriteFrame","content":{"name":"lb_sz-export","texture":"qzmj830e-c9de-4057-9269-1990e30ef0ba","rect":[6,1,138,126],"offset":[-53,0],"originalSize":[256,128],"capInsets":[0,0,0,0]}}]