[{"__type__":"cc.SpriteFrame","content":{"name":"shuangyou_ani8","texture":"11c7d5195","rect":[187,691,264,203],"offset":[-15,15.5],"originalSize":[460,276],"rotated":1,"capInsets":[0,0,0,0]}},{"__type__":"cc.SpriteFrame","content":{"name":"shuangyou_ani6","texture":"11c7d5195","rect":[2,2,451,222],"offset":[4.5,25],"originalSize":[460,276],"capInsets":[0,0,0,0]}},{"__type__":"cc.SpriteFrame","content":{"name":"shuangyou_ani4","texture":"11c7d5195","rect":[428,367,399,243],"offset":[-1.5,12.5],"originalSize":[460,276],"rotated":1,"capInsets":[0,0,0,0]}},{"__type__":"cc.AnimationClip","_name":"shuangyouAction","_duration":1.18,"curveData":{"comps":{"cc.Sprite":{"spriteFrame":[{"frame":0,"value":{"__uuid__":"qzmjmj97-ecaa-45e5-9d22-764b3caa1ff5"}},{"frame":0.16666666666666666,"value":{"__uuid__":"qzmjmjdc-ead6-4d41-ac44-a0f4bcd07b6b"}},{"frame":0.3333333333333333,"value":{"__uuid__":"qzmjmjc3-fb8d-4622-ae45-e1548b10fdd8"}},{"frame":0.5,"value":{"__uuid__":"qzmjmj22-b3c1-474e-b1d5-17350327bd20"}},{"frame":0.6666666666666666,"value":{"__uuid__":"qzmjmjf2-eb44-4e00-a281-b17e14eb1816"}},{"frame":0.8333333333333334,"value":{"__uuid__":"qzmjmj1a-a391-4943-b187-93a68b477291"}},{"frame":1,"value":{"__uuid__":"qzmjmjc2-c51c-4e0b-9880-a94f6624444f"}},{"frame":1.1666666666666667,"value":{"__uuid__":"qzmjmj05-1be1-4bfe-8c13-ecadf732c799"}}]}}}},{"__type__":"cc.SpriteFrame","content":{"name":"shuangyou_ani1","texture":"11c7d5195","rect":[2,770,251,181],"offset":[-13.5,-46.5],"originalSize":[460,276],"rotated":1,"capInsets":[0,0,0,0]}},{"__type__":"cc.SpriteFrame","content":{"name":"shuangyou_ani7","texture":"11c7d5195","rect":[2,456,418,231],"offset":[-6,18.5],"originalSize":[460,276],"capInsets":[0,0,0,0]}},{"__type__":"cc.SpriteFrame","content":{"name":"shuangyou_ani3","texture":"11c7d5195","rect":[457,2,361,218],"offset":[-2.5,13],"originalSize":[460,276],"rotated":1,"capInsets":[0,0,0,0]}},{"__type__":"cc.SpriteFrame","content":{"name":"shuangyou_ani2","texture":"11c7d5195","rect":[394,770,275,165],"offset":[-13.5,-3.5],"originalSize":[460,276],"capInsets":[0,0,0,0]}},{"__type__":"cc.SpriteFrame","content":{"name":"shuangyou_ani5","texture":"11c7d5195","rect":[2,228,422,224],"offset":[0,26],"originalSize":[460,276],"capInsets":[0,0,0,0]}}]