[{"__type__":"cc.SpriteFrame","content":{"name":"ani_jinlong_09","texture":"qzmjmj2a-280f-4a0f-8ed1-ba49c8ba6689","rect":[5,42,1019,290],"offset":[0.5,-21],"originalSize":[1028,332],"capInsets":[0,0,0,0]}},[{"__type__":"cc.Prefab","_name":"jinlong","data":{"__id__":1}},{"__type__":"cc.Node","_name":"jinlong","_components":[{"__type__":"cc.Sprite","node":{"__id__":1},"_spriteFrame":{"__uuid__":"qzmjmj43-9d9d-4629-9f4e-97e007529a40"},"_sizeMode":2,"_isTrimmedMode":false},{"__type__":"cc.Animation","node":{"__id__":1},"_defaultClip":{"__uuid__":"qzmjmj88-5bd0-4891-a91d-c1884e47672d"},"_clips":[{"__uuid__":"qzmjmj88-5bd0-4891-a91d-c1884e47672d"}]},{"__type__":"qzmjmja3-f7f6-43f3-bc26-19a21c44bee8","node":{"__id__":1}}],"_prefab":{"__type__":"cc.PrefabInfo","root":{"__id__":1},"asset":{"__uuid__":"qzmjmj7b-b533-4d75-b263-8c60f80946e2"},"fileId":"8ed03tC/YxFfZ+Aw+19VJ8K"},"_contentSize":{"__type__":"cc.Size","width":338,"height":148},"_trs":{"__type__":"TypedArray","ctor":"Float64Array","array":[0,0,0,0,0,0,1,1,1,1]}}]]