[{"__type__":"cc.SpriteFrame","content":{"name":"buhua1","texture":"qzmjmjf0-dcdf-42f4-9988-1d30ffe49a09","rect":[22,51,256,128],"offset":[-65,-10],"originalSize":[430,210],"capInsets":[0,0,0,0]}},[{"__type__":"cc.Prefab","_name":"buhua","data":{"__id__":1}},{"__type__":"cc.Node","_name":"buhua","_components":[{"__type__":"cc.Sprite","node":{"__id__":1},"_spriteFrame":{"__uuid__":"qzmjmj90-ef84-483b-8548-1afa9d8b433a"},"_sizeMode":2,"_isTrimmedMode":false},{"__type__":"cc.Animation","node":{"__id__":1},"_defaultClip":{"__uuid__":"qzmjmjdc-688b-4343-8cf7-e2ec9bfe0f32"},"_clips":[{"__uuid__":"qzmjmjdc-688b-4343-8cf7-e2ec9bfe0f32"}]},{"__type__":"qzmjmja3-f7f6-43f3-bc26-19a21c44bee8","node":{"__id__":1}}],"_prefab":{"__type__":"cc.PrefabInfo","root":{"__id__":1},"asset":{"__uuid__":"qzmjmjf3-7807-4f81-bd58-cabeff31c4c8"},"fileId":"9f2f1NQnJtJrJHxEvCkXvy1"},"_contentSize":{"__type__":"cc.Size","width":430,"height":210},"_trs":{"__type__":"TypedArray","ctor":"Float64Array","array":[0,0,0,0,0,0,1,1,1,1]}}]]