[{"__type__":"cc.SceneAsset","_name":"pdkLoginScene","scene":{"__id__":1},"asyncLoadAssets":null},{"__type__":"cc.Scene","_name":"New Node","_children":[{"__id__":2}],"_anchorPoint":{"__type__":"cc.Vec2"},"_trs":{"__type__":"TypedArray","ctor":"Float64Array","array":[0,0,0,0,0,0,1,0.618421052631579,0.618421052631579,1]},"autoReleaseAssets":false},{"__type__":"cc.Node","_name":"Canvas","_parent":{"__id__":1},"_children":[{"__id__":3}],"_components":[{"__type__":"cc.Canvas","node":{"__id__":2},"_designResolution":{"__type__":"cc.Size","width":1360,"height":760}},{"__type__":"typdkef2-c491-486c-a8d2-a38df8522004","node":{"__id__":2},"BackgroundLayer":{"__uuid__":"typdkb36-244f-49e5-b386-59da3bb1b28b"},"SceneEffectLayer":{"__uuid__":"typdk131-6e06-4e13-b621-f234210422a5"},"UILayer":{"__uuid__":"typdk246-0e75-4a78-a416-d94cc5d2a8a7"},"TopLayer":{"__uuid__":"typdkd6b-b560-49b2-9929-bb3017b9c5c8"}}],"_contentSize":{"__type__":"cc.Size","width":1360,"height":760},"_trs":{"__type__":"TypedArray","ctor":"Float64Array","array":[680,380,0,0,0,0,1,1,1,1]},"_id":"ff856fJRWtA96rHJcP7u60m"},{"__type__":"cc.Node","_name":"Main Camera","_parent":{"__id__":2},"_components":[{"__type__":"cc.Camera","node":{"__id__":3},"_clearFlags":7,"_depth":-1}],"_trs":{"__type__":"TypedArray","ctor":"Float64Array","array":[0,0,0,0,0,0,1,1,1,1]}}]