{"__type__":"cc.AnimationClip","_name":"faPai","_duration":1.0833333333333333,"speed":3,"curveData":{"paths":{"card1":{"props":{"active":[{"frame":0,"value":false},{"frame":0.08333333333333333,"value":true}]}},"card2":{"props":{"active":[{"frame":0,"value":false},{"frame":0.16666666666666666,"value":true}]}},"card3":{"props":{"active":[{"frame":0,"value":false},{"frame":0.25,"value":true}]}},"card4":{"props":{"active":[{"frame":0,"value":false},{"frame":0.3333333333333333,"value":true}]}},"card5":{"props":{"active":[{"frame":0,"value":false},{"frame":0.4166666666666667,"value":true}]}},"card6":{"props":{"active":[{"frame":0,"value":false},{"frame":0.5,"value":true}]}},"card7":{"props":{"active":[{"frame":0,"value":false},{"frame":0.5833333333333334,"value":true}]}},"card8":{"props":{"active":[{"frame":0,"value":false},{"frame":0.6666666666666666,"value":true}]}},"card9":{"props":{"active":[{"frame":0,"value":false},{"frame":0.75,"value":true}]}},"card10":{"props":{"active":[{"frame":0,"value":false},{"frame":0.8333333333333334,"value":true}]}},"card11":{"props":{"active":[{"frame":0,"value":false},{"frame":0.9166666666666666,"value":true}]}},"card12":{"props":{"active":[{"frame":0,"value":false},{"frame":1,"value":true}]}},"card13":{"props":{"active":[{"frame":0,"value":false},{"frame":1.0833333333333333,"value":true}]}}}}}