[{"__type__":"cc.Prefab","_name":"87","data":{"__id__":1}},{"__type__":"cc.Node","_name":"87","_components":[{"__type__":"sp.Skeleton","node":{"__id__":1},"_materials":[{"__uuid__":"7a/QZLET9IDreTiBfRn2PD"}],"defaultAnimation":"animation","_preCacheMode":0,"loop":false,"premultipliedAlpha":false,"_animationName":"animation","_playTimes":1,"_N$skeletonData":{"__uuid__":"50IuVAtIxFpKXHqt+BLM2m"}}],"_prefab":{"__type__":"cc.PrefabInfo","root":{"__id__":1},"asset":{"__uuid__":"c5uwubS81HNaIcgD2aY2xd"},"fileId":"c5etKr4BBM5JrkkgscF9J8"},"_trs":{"__type__":"TypedArray","ctor":"Float64Array","array":[0,0,0,0,0,0,1,1,1,1]}}]