{"__type__":"sp.SkeletonData","_name":"sp_effect_stcs","_skeletonJson":{"skeleton":{"hash":"TMwamMzmhzzuPdTHA9JajkGj4Hw","spine":"3.6.53","width":0,"height":0,"images":"./sp_effect_stcs_ReversePic/"},"bones":[{"name":"root"},{"name":"JB","parent":"root"},{"name":"JB2","parent":"root"},{"name":"Jb","parent":"JB"},{"name":"Jb2","parent":"JB"},{"name":"Jb3","parent":"JB"},{"name":"Jb4","parent":"JB"},{"name":"Jb5","parent":"JB"},{"name":"Jb6","parent":"JB2"},{"name":"Jb7","parent":"JB2"},{"name":"Jb8","parent":"JB2"},{"name":"Jb9","parent":"JB2"},{"name":"Jb10","parent":"JB2"},{"name":"base","parent":"root","x":171.72,"y":35.14},{"name":"base2","parent":"root","x":-109.66,"y":36.75},{"name":"jibi","parent":"Jb"},{"name":"jibi2","parent":"Jb2"},{"name":"jibi3","parent":"Jb3"},{"name":"jibi4","parent":"Jb4"},{"name":"jibi5","parent":"Jb5"},{"name":"jibi6","parent":"Jb6"},{"name":"jibi7","parent":"Jb7"},{"name":"jibi8","parent":"Jb8"},{"name":"jibi9","parent":"Jb9"},{"name":"jibi10","parent":"Jb10"},{"name":"light","parent":"root","x":37.34,"y":78.74},{"name":"light2","parent":"root","x":24.89,"y":211.67},{"name":"niu","parent":"root","x":-148.41,"y":54.26},{"name":"niu2","parent":"root","x":234.23,"y":52.41,"scaleX":-1},{"name":"niu3","parent":"root","x":-148.41,"y":54.26},{"name":"niu4","parent":"root","x":234.23,"y":52.41,"scaleX":-1},{"name":"ray","parent":"root","rotation":41.84,"x":11.24,"y":63.18},{"name":"ray2","parent":"root","rotation":41.84,"x":11.24,"y":63.18},{"name":"ray3","parent":"root","rotation":41.84,"x":11.24,"y":87.86},{"name":"ray4","parent":"root","rotation":41.84,"x":11.24,"y":30.27},{"name":"sd","parent":"root"},{"name":"sd2","parent":"root"},{"name":"sd3","parent":"root"},{"name":"sd4","parent":"root"},{"name":"sd5","parent":"root"},{"name":"sd6","parent":"root"},{"name":"sd7","parent":"root"},{"name":"sd8","parent":"root"},{"name":"sd9","parent":"root"},{"name":"sd10","parent":"root"},{"name":"sd11","parent":"root"},{"name":"sd12","parent":"root"},{"name":"zi2","parent":"root","x":37.36,"y":-12.41},{"name":"zi3","parent":"root","x":156.03,"y":-12.41},{"name":"zi4","parent":"root","x":-73.13,"y":-12.41},{"name":"zi5","parent":"zi2","x":118.67},{"name":"zi6","parent":"zi2","x":-110.48}],"slots":[{"name":"light","bone":"light"},{"name":"base4","bone":"base2"},{"name":"base3","bone":"base"},{"name":"ray","bone":"ray","blend":"additive"},{"name":"light2","bone":"light2"},{"name":"niu","bone":"niu"},{"name":"niu3","bone":"niu3","blend":"additive"},{"name":"niu2","bone":"niu2"},{"name":"niu4","bone":"niu4","blend":"additive"},{"name":"jinbi1","bone":"jibi"},{"name":"jinbi6","bone":"jibi6"},{"name":"jinbi3","bone":"jibi3"},{"name":"jinbi8","bone":"jibi8"},{"name":"jinbi4","bone":"jibi4"},{"name":"jinbi9","bone":"jibi9"},{"name":"jinbi2","bone":"jibi2"},{"name":"jinbi7","bone":"jibi7"},{"name":"jinbi5","bone":"jibi5"},{"name":"jinbi10","bone":"jibi10"},{"name":"zi6","bone":"zi4"},{"name":"zi8","bone":"zi6","blend":"additive"},{"name":"zi5","bone":"zi3"},{"name":"zi7","bone":"zi5","blend":"additive"},{"name":"ray2","bone":"ray2","blend":"additive"},{"name":"ray3","bone":"ray3","blend":"additive"},{"name":"ray4","bone":"ray4","blend":"additive"},{"name":"sd/sd","bone":"sd","blend":"additive"},{"name":"sd/sd6","bone":"sd6","blend":"additive"},{"name":"sd/sd7","bone":"sd7","blend":"additive"},{"name":"sd/sd8","bone":"sd8","blend":"additive"},{"name":"sd/sd9","bone":"sd9","blend":"additive"},{"name":"sd/sd10","bone":"sd10","blend":"additive"},{"name":"sd/sd11","bone":"sd11","blend":"additive"},{"name":"sd/sd12","bone":"sd12","blend":"additive"},{"name":"sd/sd3","bone":"sd3","blend":"additive"},{"name":"sd/sd4","bone":"sd4","blend":"additive"},{"name":"sd/sd2","bone":"sd2","blend":"additive"},{"name":"sd/sd5","bone":"sd5","blend":"additive"}],"skins":{"default":{"base3":{"base3":{"x":0.5,"scaleX":2,"scaleY":2,"width":274,"height":121}},"base4":{"base4":{"x":0.5,"scaleX":2,"scaleY":2,"width":214,"height":120}},"jinbi1":{"jinbi1":{"width":66,"height":64}},"jinbi10":{"jinbi1":{"width":66,"height":64}},"jinbi2":{"jinbi1":{"width":66,"height":64}},"jinbi3":{"jinbi1":{"width":66,"height":64}},"jinbi4":{"jinbi2":{"width":46,"height":39}},"jinbi5":{"jinbi1":{"width":66,"height":64}},"jinbi6":{"jinbi1":{"width":66,"height":64}},"jinbi7":{"jinbi1":{"width":66,"height":64}},"jinbi8":{"jinbi1":{"width":66,"height":64}},"jinbi9":{"jinbi2":{"width":46,"height":39}},"light":{"light":{"y":0.5,"scaleX":2,"scaleY":2,"width":235,"height":238}},"light2":{"light2":{"y":0.5,"width":454,"height":105}},"niu":{"niu":{"x":0.5,"width":364,"height":240}},"niu2":{"niu":{"x":0.5,"width":364,"height":240}},"niu3":{"niu":{"x":0.5,"width":364,"height":240}},"niu4":{"niu":{"x":0.5,"width":364,"height":240}},"ray":{"ray":{"x":37.01,"y":11.17,"width":398,"height":140}},"ray2":{"ray":{"x":37.01,"y":11.17,"width":398,"height":140}},"ray3":{"ray":{"x":37.01,"y":11.17,"width":398,"height":140}},"ray4":{"ray":{"x":37.01,"y":11.17,"width":398,"height":140}},"sd/sd":{"sd/sd_00005":{"y":0.5,"width":104,"height":222},"sd/sd_00006":{"y":0.5,"width":104,"height":222},"sd/sd_00007":{"y":0.5,"width":104,"height":222},"sd/sd_00008":{"y":0.5,"width":104,"height":222},"sd/sd_00009":{"y":0.5,"width":104,"height":222},"sd/sd_00010":{"y":0.5,"width":104,"height":222}},"sd/sd10":{"sd/sd_00005":{"y":0.5,"width":104,"height":222},"sd/sd_00006":{"y":0.5,"width":104,"height":222},"sd/sd_00007":{"y":0.5,"width":104,"height":222},"sd/sd_00008":{"y":0.5,"width":104,"height":222},"sd/sd_00009":{"y":0.5,"width":104,"height":222},"sd/sd_00010":{"y":0.5,"width":104,"height":222}},"sd/sd11":{"sd/sd_00005":{"y":0.5,"width":104,"height":222},"sd/sd_00006":{"y":0.5,"width":104,"height":222},"sd/sd_00007":{"y":0.5,"width":104,"height":222},"sd/sd_00008":{"y":0.5,"width":104,"height":222},"sd/sd_00009":{"y":0.5,"width":104,"height":222},"sd/sd_00010":{"y":0.5,"width":104,"height":222}},"sd/sd12":{"sd/sd_00005":{"y":0.5,"width":104,"height":222},"sd/sd_00006":{"y":0.5,"width":104,"height":222},"sd/sd_00007":{"y":0.5,"width":104,"height":222},"sd/sd_00008":{"y":0.5,"width":104,"height":222},"sd/sd_00009":{"y":0.5,"width":104,"height":222},"sd/sd_00010":{"y":0.5,"width":104,"height":222}},"sd/sd2":{"sd/sd_00005":{"y":0.5,"width":104,"height":222},"sd/sd_00006":{"y":0.5,"width":104,"height":222},"sd/sd_00007":{"y":0.5,"width":104,"height":222},"sd/sd_00008":{"y":0.5,"width":104,"height":222},"sd/sd_00009":{"y":0.5,"width":104,"height":222},"sd/sd_00010":{"y":0.5,"width":104,"height":222}},"sd/sd3":{"sd/sd_00005":{"y":0.5,"width":104,"height":222},"sd/sd_00006":{"y":0.5,"width":104,"height":222},"sd/sd_00007":{"y":0.5,"width":104,"height":222},"sd/sd_00008":{"y":0.5,"width":104,"height":222},"sd/sd_00009":{"y":0.5,"width":104,"height":222},"sd/sd_00010":{"y":0.5,"width":104,"height":222}},"sd/sd4":{"sd/sd_00005":{"y":0.5,"width":104,"height":222},"sd/sd_00006":{"y":0.5,"width":104,"height":222},"sd/sd_00007":{"y":0.5,"width":104,"height":222},"sd/sd_00008":{"y":0.5,"width":104,"height":222},"sd/sd_00009":{"y":0.5,"width":104,"height":222},"sd/sd_00010":{"y":0.5,"width":104,"height":222}},"sd/sd5":{"sd/sd_00005":{"y":0.5,"width":104,"height":222},"sd/sd_00006":{"y":0.5,"width":104,"height":222},"sd/sd_00007":{"y":0.5,"width":104,"height":222},"sd/sd_00008":{"y":0.5,"width":104,"height":222},"sd/sd_00009":{"y":0.5,"width":104,"height":222},"sd/sd_00010":{"y":0.5,"width":104,"height":222}},"sd/sd6":{"sd/sd_00005":{"y":0.5,"width":104,"height":222},"sd/sd_00006":{"y":0.5,"width":104,"height":222},"sd/sd_00007":{"y":0.5,"width":104,"height":222},"sd/sd_00008":{"y":0.5,"width":104,"height":222},"sd/sd_00009":{"y":0.5,"width":104,"height":222},"sd/sd_00010":{"y":0.5,"width":104,"height":222}},"sd/sd7":{"sd/sd_00005":{"y":0.5,"width":104,"height":222},"sd/sd_00006":{"y":0.5,"width":104,"height":222},"sd/sd_00007":{"y":0.5,"width":104,"height":222},"sd/sd_00008":{"y":0.5,"width":104,"height":222},"sd/sd_00009":{"y":0.5,"width":104,"height":222},"sd/sd_00010":{"y":0.5,"width":104,"height":222}},"sd/sd8":{"sd/sd_00005":{"y":0.5,"width":104,"height":222},"sd/sd_00006":{"y":0.5,"width":104,"height":222},"sd/sd_00007":{"y":0.5,"width":104,"height":222},"sd/sd_00008":{"y":0.5,"width":104,"height":222},"sd/sd_00009":{"y":0.5,"width":104,"height":222},"sd/sd_00010":{"y":0.5,"width":104,"height":222}},"sd/sd9":{"sd/sd_00005":{"y":0.5,"width":104,"height":222},"sd/sd_00006":{"y":0.5,"width":104,"height":222},"sd/sd_00007":{"y":0.5,"width":104,"height":222},"sd/sd_00008":{"y":0.5,"width":104,"height":222},"sd/sd_00009":{"y":0.5,"width":104,"height":222},"sd/sd_00010":{"y":0.5,"width":104,"height":222}},"zi5":{"zi4":{"y":0.5,"width":215,"height":107}},"zi6":{"zi5":{"y":0.5,"width":219,"height":109}},"zi7":{"zi4":{"y":0.5,"width":215,"height":107}},"zi8":{"zi5":{"y":0.5,"width":219,"height":109}}}},"animations":{"animation":{"slots":{"base3":{"attachment":[{"time":0.0333,"name":"base3"}]},"base4":{"attachment":[{"time":0.0333,"name":"base4"}]},"jinbi1":{"color":[{"time":0.8,"color":"ffffffff"},{"time":1.1333,"color":"ffffff00"}],"attachment":[{"time":0.2667,"name":"jinbi1"}]},"jinbi2":{"color":[{"time":0.6333,"color":"ffffffff"},{"time":0.8333,"color":"ffffff00"}],"attachment":[{"time":0.3,"name":"jinbi1"}]},"jinbi3":{"color":[{"time":0.5333,"color":"ffffffff"},{"time":0.8,"color":"ffffff00"}],"attachment":[{"time":0.3333,"name":"jinbi1"}]},"jinbi4":{"color":[{"time":0.6,"color":"ffffffff"},{"time":0.8,"color":"ffffff00"}],"attachment":[{"time":0.2667,"name":"jinbi2"}]},"jinbi5":{"color":[{"time":1.0667,"color":"ffffffff"},{"time":1.3667,"color":"ffffff00"}],"attachment":[{"time":0.3667,"name":"jinbi1"}]},"jinbi6":{"color":[{"time":0.7667,"color":"ffffffff"},{"time":1.1,"color":"ffffff00"}],"attachment":[{"time":0.2667,"name":"jinbi1"}]},"jinbi7":{"color":[{"time":0.7,"color":"ffffffff"},{"time":1.0333,"color":"ffffff00"}],"attachment":[{"time":0.3667,"name":"jinbi1"}]},"jinbi8":{"color":[{"time":0.5333,"color":"ffffffff"},{"time":0.8,"color":"ffffff00"}],"attachment":[{"time":0.3333,"name":"jinbi1"}]},"jinbi9":{"color":[{"time":0.6,"color":"ffffffff"},{"time":0.8,"color":"ffffff00"}],"attachment":[{"time":0.2667,"name":"jinbi2"}]},"jinbi10":{"color":[{"time":0.8333,"color":"ffffffff"},{"time":1.1667,"color":"ffffff00"}],"attachment":[{"time":0.3,"name":"jinbi1"}]},"light":{"color":[{"time":0,"color":"ffffff56"},{"time":0.2,"color":"ffffffff"}],"attachment":[{"time":0,"name":"light"}]},"light2":{"color":[{"time":0.2667,"color":"ffffff00"},{"time":0.4333,"color":"ffffffff"}],"attachment":[{"time":0.2667,"name":"light2"}]},"niu":{"attachment":[{"time":0.0667,"name":"niu"}]},"niu2":{"attachment":[{"time":0.0667,"name":"niu"}]},"niu3":{"color":[{"time":0.2,"color":"ffffff85"},{"time":0.2667,"color":"ffffffff"},{"time":0.4,"color":"ffffff00"}],"attachment":[{"time":0.1,"name":"niu"}]},"niu4":{"color":[{"time":0.2,"color":"ffffff85"},{"time":0.2667,"color":"ffffffff"},{"time":0.4,"color":"ffffff00"}],"attachment":[{"time":0.1,"name":"niu"}]},"ray":{"color":[{"time":0.4,"color":"ffffffff"},{"time":0.9667,"color":"ffffff00"}],"attachment":[{"time":0.2667,"name":"ray"}]},"ray2":{"color":[{"time":0.3333,"color":"ffffffff"},{"time":0.6,"color":"ffffff00"}],"attachment":[{"time":0.2667,"name":"ray"}]},"ray3":{"attachment":[{"time":0.6333,"name":"ray"}]},"ray4":{"attachment":[{"time":0.8,"name":"ray"}]},"sd/sd":{"attachment":[{"time":0.3,"name":"sd/sd_00005"},{"time":0.3667,"name":"sd/sd_00006"},{"time":0.4333,"name":"sd/sd_00007"},{"time":0.5,"name":"sd/sd_00008"},{"time":0.5667,"name":"sd/sd_00009"},{"time":0.6333,"name":"sd/sd_00010"},{"time":0.7,"name":null}]},"sd/sd2":{"attachment":[{"time":0.3667,"name":"sd/sd_00005"},{"time":0.4333,"name":"sd/sd_00006"},{"time":0.5,"name":"sd/sd_00007"},{"time":0.5667,"name":"sd/sd_00008"},{"time":0.6333,"name":"sd/sd_00009"},{"time":0.7,"name":"sd/sd_00010"},{"time":0.7667,"name":null}]},"sd/sd3":{"attachment":[{"time":0.4333,"name":"sd/sd_00005"},{"time":0.5,"name":"sd/sd_00006"},{"time":0.5667,"name":"sd/sd_00007"},{"time":0.6333,"name":"sd/sd_00008"},{"time":0.7,"name":"sd/sd_00009"},{"time":0.7667,"name":"sd/sd_00010"},{"time":0.8333,"name":null}]},"sd/sd4":{"attachment":[{"time":0.4333,"name":"sd/sd_00005"},{"time":0.5,"name":"sd/sd_00006"},{"time":0.5667,"name":"sd/sd_00007"},{"time":0.6333,"name":"sd/sd_00008"},{"time":0.7,"name":"sd/sd_00009"},{"time":0.7667,"name":"sd/sd_00010"},{"time":0.8333,"name":null}]},"sd/sd5":{"attachment":[{"time":0.7,"name":"sd/sd_00005"},{"time":0.7667,"name":"sd/sd_00006"},{"time":0.8333,"name":"sd/sd_00007"},{"time":0.9,"name":"sd/sd_00008"},{"time":0.9667,"name":"sd/sd_00009"},{"time":1.0333,"name":"sd/sd_00010"},{"time":1.1,"name":null}]},"sd/sd6":{"attachment":[{"time":0.9333,"name":"sd/sd_00005"},{"time":1,"name":"sd/sd_00006"},{"time":1.0667,"name":"sd/sd_00007"},{"time":1.1333,"name":"sd/sd_00008"},{"time":1.2,"name":"sd/sd_00009"},{"time":1.2667,"name":"sd/sd_00010"},{"time":1.3333,"name":null}]},"sd/sd7":{"attachment":[{"time":1.1667,"name":"sd/sd_00005"},{"time":1.2333,"name":"sd/sd_00006"},{"time":1.3,"name":"sd/sd_00007"},{"time":1.3667,"name":"sd/sd_00008"},{"time":1.4333,"name":"sd/sd_00009"},{"time":1.5,"name":"sd/sd_00010"},{"time":1.5667,"name":null}]},"sd/sd8":{"attachment":[{"time":1.1333,"name":"sd/sd_00005"},{"time":1.2,"name":"sd/sd_00006"},{"time":1.2667,"name":"sd/sd_00007"},{"time":1.3333,"name":"sd/sd_00008"},{"time":1.4,"name":"sd/sd_00009"},{"time":1.4667,"name":"sd/sd_00010"},{"time":1.5333,"name":null}]},"sd/sd9":{"attachment":[{"time":1.3,"name":"sd/sd_00005"},{"time":1.3667,"name":"sd/sd_00006"},{"time":1.4333,"name":"sd/sd_00007"},{"time":1.5,"name":"sd/sd_00008"},{"time":1.5667,"name":"sd/sd_00009"},{"time":1.6333,"name":"sd/sd_00010"},{"time":1.7,"name":null}]},"sd/sd10":{"attachment":[{"time":1.3,"name":"sd/sd_00005"},{"time":1.3667,"name":"sd/sd_00006"},{"time":1.4333,"name":"sd/sd_00007"},{"time":1.5,"name":"sd/sd_00008"},{"time":1.5667,"name":"sd/sd_00009"},{"time":1.6333,"name":"sd/sd_00010"},{"time":1.7,"name":null}]},"sd/sd11":{"attachment":[{"time":1.7,"name":"sd/sd_00005"},{"time":1.7667,"name":"sd/sd_00006"},{"time":1.8333,"name":"sd/sd_00007"},{"time":1.9,"name":"sd/sd_00008"},{"time":1.9667,"name":"sd/sd_00009"},{"time":2.0333,"name":"sd/sd_00010"},{"time":2.1,"name":null}]},"sd/sd12":{"attachment":[{"time":1.8,"name":"sd/sd_00005"},{"time":1.8667,"name":"sd/sd_00006"},{"time":1.9333,"name":"sd/sd_00007"},{"time":2,"name":"sd/sd_00008"},{"time":2.0667,"name":"sd/sd_00009"},{"time":2.1333,"name":"sd/sd_00010"},{"time":2.2,"name":null}]},"zi5":{"attachment":[{"time":0.1,"name":"zi4"}]},"zi6":{"attachment":[{"time":0.1,"name":"zi5"}]},"zi7":{"color":[{"time":0.3667,"color":"ffffffff"},{"time":0.8333,"color":"ffffff00"}],"attachment":[{"time":0.2667,"name":"zi4"}]},"zi8":{"color":[{"time":0.3667,"color":"ffffffff"},{"time":0.8333,"color":"ffffff00"}],"attachment":[{"time":0.2667,"name":"zi5"}]}},"bones":{"base":{"translate":[{"time":0.0333,"x":798.34,"y":0,"curve":[0,0.21,0.75,1]},{"time":0.2,"x":-7,"y":0},{"time":0.3,"x":0,"y":0}]},"base2":{"translate":[{"time":0.0333,"x":-800.12,"y":0,"curve":[0,0.19,0.75,1]},{"time":0.2,"x":7,"y":0},{"time":0.3,"x":0,"y":0}]},"jibi":{"rotate":[{"time":0.2667,"angle":0},{"time":0.4333,"angle":180},{"time":0.6,"angle":0},{"time":0.7667,"angle":180},{"time":0.9333,"angle":0},{"time":1.1333,"angle":-101.75}],"translate":[{"time":0.2667,"x":0,"y":0,"curve":[0,0.19,0.205,0.99]},{"time":0.6,"x":0,"y":240.42,"curve":[0.25,0,1,0.2]},{"time":1.1333,"x":0,"y":-62.03}]},"jibi2":{"rotate":[{"time":0.3,"angle":0},{"time":0.4667,"angle":170},{"time":0.6333,"angle":-20},{"time":0.8,"angle":150},{"time":0.9667,"angle":-30}],"translate":[{"time":0.3,"x":0,"y":0,"curve":[0,0.19,0.205,0.99]},{"time":0.6333,"x":0,"y":318.94,"curve":[0.25,0,1,0.2]},{"time":0.9667,"x":0,"y":0}],"scale":[{"time":0.3,"x":0.896,"y":0.896}]},"jibi3":{"rotate":[{"time":0.3333,"angle":0},{"time":0.5,"angle":180},{"time":0.6667,"angle":0},{"time":0.8333,"angle":180},{"time":1,"angle":0}],"translate":[{"time":0.3333,"x":0,"y":0,"curve":[0,0.19,0.205,0.99]},{"time":0.6667,"x":0,"y":180.42,"curve":[0.25,0,1,0.2]},{"time":1,"x":0,"y":0}],"scale":[{"time":0.3333,"x":0.669,"y":0.669}]},"jibi4":{"rotate":[{"time":0.2667,"angle":0},{"time":0.5333,"angle":180},{"time":0.8,"angle":0}],"translate":[{"time":0.2667,"x":0,"y":0,"curve":[0,0.19,0.205,0.99]},{"time":0.6,"x":0,"y":180.42,"curve":[0.25,0,1,0.2]},{"time":0.9333,"x":0,"y":0}],"scale":[{"time":0.2667,"x":1.243,"y":1.243}]},"jibi5":{"rotate":[{"time":0.3667,"angle":0},{"time":0.7667,"angle":170},{"time":1.1667,"angle":-20},{"time":1.3667,"angle":58.6}],"translate":[{"time":0.3667,"x":0,"y":0,"curve":[0,0.19,0.205,0.99]},{"time":0.7667,"x":0,"y":269.03,"curve":[0.25,0,1,0.2]},{"time":1.3667,"x":0,"y":-68.15}],"scale":[{"time":0.3667,"x":1.26,"y":1.26}]},"jibi6":{"rotate":[{"time":0.2667,"angle":0},{"time":0.4333,"angle":180},{"time":0.6,"angle":0},{"time":0.7667,"angle":180},{"time":0.9333,"angle":0},{"time":1.1,"angle":-51.05}],"translate":[{"time":0.2667,"x":0,"y":0,"curve":[0,0.19,0.205,0.99]},{"time":0.6,"x":0,"y":268.83,"curve":[0.25,0,1,0.2]},{"time":1.1,"x":0,"y":-47.35}]},"jibi7":{"rotate":[{"time":0.3667,"angle":0},{"time":0.7,"angle":170},{"time":1.0333,"angle":-20}],"translate":[{"time":0.3667,"x":0,"y":0,"curve":[0,0.19,0.205,0.99]},{"time":0.7,"x":0,"y":324.84,"curve":[0.25,0,1,0.2]},{"time":1.0333,"x":0,"y":0}],"scale":[{"time":0.3667,"x":1.681,"y":1.681}]},"jibi8":{"rotate":[{"time":0.3333,"angle":0},{"time":0.5,"angle":180},{"time":0.6667,"angle":0},{"time":0.8333,"angle":180},{"time":1,"angle":0}],"translate":[{"time":0.3333,"x":0,"y":0,"curve":[0,0.19,0.205,0.99]},{"time":0.6667,"x":0,"y":180.42,"curve":[0.25,0,1,0.2]},{"time":1,"x":0,"y":0}],"scale":[{"time":0.3333,"x":0.669,"y":0.669}]},"jibi9":{"rotate":[{"time":0.2667,"angle":0},{"time":0.5333,"angle":180},{"time":0.8,"angle":0}],"translate":[{"time":0.2667,"x":0,"y":0,"curve":[0,0.19,0.205,0.99]},{"time":0.6,"x":0,"y":180.42,"curve":[0.25,0,1,0.2]},{"time":0.9333,"x":0,"y":0}],"scale":[{"time":0.2667,"x":2.625,"y":2.625}]},"jibi10":{"rotate":[{"time":0.3,"angle":0},{"time":0.6333,"angle":170},{"time":0.9667,"angle":-20},{"time":1.1667,"angle":70.43}],"translate":[{"time":0.3,"x":0,"y":0,"curve":[0,0.19,0.205,0.99]},{"time":0.6333,"x":0,"y":260.73,"curve":[0.25,0,1,0.2]},{"time":1.1667,"x":0,"y":-58.69}],"scale":[{"time":0.3,"x":1.404,"y":1.404}]},"light":{"scale":[{"time":0,"x":0.73,"y":0.73},{"time":0.2,"x":1,"y":1}]},"light2":{"translate":[{"time":0.2667,"x":0,"y":-4.06}]},"niu":{"translate":[{"time":0.0667,"x":-800.12,"y":0,"curve":[0,0.19,0.75,1]},{"time":0.2333,"x":7,"y":0},{"time":0.3333,"x":0,"y":0}]},"niu2":{"translate":[{"time":0.0667,"x":798.34,"y":0,"curve":[0,0.21,0.75,1]},{"time":0.2333,"x":-7,"y":0},{"time":0.3333,"x":0,"y":0}]},"niu3":{"translate":[{"time":0.1,"x":-800.12,"y":0,"curve":[0,0.19,0.75,1]},{"time":0.2667,"x":7,"y":0},{"time":0.3667,"x":0,"y":0}]},"niu4":{"translate":[{"time":0.1,"x":798.34,"y":0,"curve":[0,0.21,0.75,1]},{"time":0.2667,"x":-7,"y":0},{"time":0.3667,"x":0,"y":0}]},"ray":{"scale":[{"time":0.2667,"x":1,"y":1},{"time":0.4,"x":3.189,"y":3.189},{"time":0.9667,"x":4.399,"y":4.399}]},"ray2":{"scale":[{"time":0.2667,"x":1,"y":1},{"time":0.3333,"x":3.152,"y":9.737},{"time":0.6,"x":3.936,"y":12.16}]},"ray3":{"rotate":[{"time":0.6333,"angle":-41.84}],"translate":[{"time":0.6333,"x":-295.28,"y":-162.91},{"time":1.6333,"x":173.09,"y":-162.91}],"scale":[{"time":0.6333,"x":0,"y":0,"curve":[0,0.19,0.75,1]},{"time":1.1333,"x":2.51,"y":1,"curve":[0.25,0,1,0.81]},{"time":1.6333,"x":0,"y":0}]},"ray4":{"rotate":[{"time":0.8,"angle":-41.84}],"translate":[{"time":0.8,"x":334.65,"y":120.49},{"time":1.8,"x":-125.24,"y":120.49}],"scale":[{"time":0.8,"x":0,"y":0,"curve":[0,0.19,0.75,1]},{"time":1.3,"x":2.51,"y":1,"curve":[0.25,0,1,0.81]},{"time":1.8,"x":0,"y":0}]},"sd":{"rotate":[{"time":0.3,"angle":-46.8}],"translate":[{"time":0.3,"x":-75.4,"y":-16.11}],"scale":[{"time":0.3,"x":1.212,"y":2.579}]},"sd2":{"rotate":[{"time":0.3667,"angle":132.55}],"translate":[{"time":0.3667,"x":48.75,"y":162.9}],"scale":[{"time":0.3667,"x":2.39,"y":2.707}]},"sd3":{"rotate":[{"time":0.4333,"angle":-111.07}],"translate":[{"time":0.4333,"x":-115.45,"y":158.84}],"scale":[{"time":0.4333,"x":1.067,"y":1.56}]},"sd4":{"rotate":[{"time":0.4333,"angle":94.13}],"translate":[{"time":0.4333,"x":208.78,"y":105.78}],"scale":[{"time":0.4333,"x":3.488,"y":1.72}]},"sd5":{"rotate":[{"time":0.7,"angle":132.55}],"translate":[{"time":0.7,"x":-32.71,"y":11.87}],"scale":[{"time":0.7,"x":1.069,"y":2.707}]},"sd6":{"rotate":[{"time":0.9333,"angle":-130.13}],"translate":[{"time":0.9333,"x":-112.73,"y":167.17}],"scale":[{"time":0.9333,"x":1.212,"y":1.041}]},"sd7":{"rotate":[{"time":1.1667,"angle":-50.16}],"translate":[{"time":1.1667,"x":-312.98,"y":22.93}],"scale":[{"time":1.1667,"x":-1.21,"y":1.041}]},"sd8":{"rotate":[{"time":1.1333,"angle":90.59}],"translate":[{"time":1.1333,"x":7.76,"y":-82.29}],"scale":[{"time":1.1333,"x":-0.988,"y":2.513}]},"sd9":{"rotate":[{"time":1.3,"angle":-92.1}],"translate":[{"time":1.3,"x":174.06,"y":153.59}],"scale":[{"time":1.3,"x":-1.609,"y":2.513}]},"sd10":{"rotate":[{"time":1.3,"angle":71.82}],"translate":[{"time":1.3,"x":348.85,"y":14.44}],"scale":[{"time":1.3,"x":1.61,"y":1.028}]},"sd11":{"rotate":[{"time":1.7,"angle":-91.5}],"translate":[{"time":1.7,"x":-107.03,"y":-75.97}],"scale":[{"time":1.7,"x":0.653,"y":1.124}]},"sd12":{"rotate":[{"time":1.8,"angle":85.08}],"translate":[{"time":1.8,"x":259.86,"y":-34.64}],"scale":[{"time":1.8,"x":0.653,"y":1.124}]},"zi3":{"translate":[{"time":0.1,"x":612.41,"y":0,"curve":[0,0.17,0.75,1]},{"time":0.2667,"x":-10,"y":0},{"time":0.3667,"x":0,"y":0}]},"zi4":{"translate":[{"time":0.1,"x":-699.62,"y":0,"curve":[0,0.19,0.75,1]},{"time":0.2667,"x":10,"y":0},{"time":0.3667,"x":0,"y":0}]},"Jb":{"translate":[{"time":0.2667,"x":0,"y":124.71},{"time":1.1333,"x":516.36,"y":124.71}]},"Jb2":{"translate":[{"time":0.3,"x":0,"y":63.39},{"time":0.9667,"x":-353.61,"y":63.39}]},"Jb3":{"translate":[{"time":0.3333,"x":0,"y":64.71},{"time":1,"x":496.36,"y":64.71}]},"Jb4":{"translate":[{"time":0.2667,"x":31.9,"y":96.61},{"time":0.9333,"x":134.8,"y":96.61}]},"Jb5":{"translate":[{"time":0.3667,"x":-33.86,"y":87.85},{"time":1.3667,"x":-106.83,"y":87.85}]},"Jb6":{"translate":[{"time":0.2667,"x":0,"y":124.71},{"time":1.1,"x":518.85,"y":124.71}]},"Jb7":{"translate":[{"time":0.3667,"x":0,"y":63.39},{"time":1.0333,"x":-533.22,"y":63.39}]},"Jb8":{"translate":[{"time":0.3333,"x":0,"y":64.71},{"time":1,"x":496.36,"y":64.71}]},"Jb9":{"translate":[{"time":0.2667,"x":0,"y":64.71},{"time":0.9333,"x":93.59,"y":64.71}]},"Jb10":{"translate":[{"time":0.3,"x":-33.86,"y":87.85},{"time":1.1667,"x":-95.93,"y":87.85}]},"JB2":{"translate":[{"time":0,"x":34.09,"y":-44.48}],"scale":[{"time":0,"x":-0.992,"y":0.987}]},"JB":{"translate":[{"time":0,"x":82.7,"y":-70.04}],"scale":[{"time":0,"x":1.131,"y":1.131}]},"zi2":{"scale":[{"time":0.2667,"x":1,"y":1},{"time":0.3667,"x":1.198,"y":1.198},{"time":0.8333,"x":1.322,"y":1.322}]}}}}},"_atlasText":"\nsp_effect_stcs.png\nsize: 768,766\nformat: RGBA8888\nfilter: Linear,Linear\nrepeat: none\nbase3\n  rotate: false\n  xy: 458, 643\n  size: 274, 121\n  orig: 274, 121\n  offset: 0, 0\n  index: -1\nbase4\n  rotate: true\n  xy: 242, 301\n  size: 214, 120\n  orig: 214, 120\n  offset: 0, 0\n  index: -1\njinbi1\n  rotate: true\n  xy: 320, 9\n  size: 66, 64\n  orig: 66, 64\n  offset: 0, 0\n  index: -1\njinbi2\n  rotate: true\n  xy: 2, 8\n  size: 46, 39\n  orig: 46, 39\n  offset: 0, 0\n  index: -1\nlight\n  rotate: true\n  xy: 2, 280\n  size: 235, 238\n  orig: 235, 238\n  offset: 0, 0\n  index: -1\nlight2\n  rotate: false\n  xy: 2, 659\n  size: 454, 105\n  orig: 454, 105\n  offset: 0, 0\n  index: -1\nniu\n  rotate: false\n  xy: 402, 401\n  size: 364, 240\n  orig: 364, 240\n  offset: 0, 0\n  index: -1\nray\n  rotate: false\n  xy: 2, 517\n  size: 398, 140\n  orig: 398, 140\n  offset: 0, 0\n  index: -1\nsd/sd_00005\n  rotate: false\n  xy: 2, 56\n  size: 104, 222\n  orig: 104, 222\n  offset: 0, 0\n  index: -1\nsd/sd_00006\n  rotate: false\n  xy: 108, 56\n  size: 104, 222\n  orig: 104, 222\n  offset: 0, 0\n  index: -1\nsd/sd_00007\n  rotate: false\n  xy: 214, 56\n  size: 104, 222\n  orig: 104, 222\n  offset: 0, 0\n  index: -1\nsd/sd_00008\n  rotate: false\n  xy: 320, 77\n  size: 104, 222\n  orig: 104, 222\n  offset: 0, 0\n  index: -1\nsd/sd_00009\n  rotate: true\n  xy: 426, 295\n  size: 104, 222\n  orig: 104, 222\n  offset: 0, 0\n  index: -1\nsd/sd_00010\n  rotate: true\n  xy: 426, 189\n  size: 104, 222\n  orig: 104, 222\n  offset: 0, 0\n  index: -1\nzi4\n  rotate: false\n  xy: 426, 80\n  size: 215, 107\n  orig: 215, 107\n  offset: 0, 0\n  index: -1\nzi5\n  rotate: true\n  xy: 650, 180\n  size: 219, 109\n  orig: 219, 109\n  offset: 0, 0\n  index: -1\n","textures":[{"__uuid__":"362iBjpKVGV7DR63wsfbDy"}],"textureNames":["sp_effect_stcs.png"]}