[{"__type__":"cc.SpriteFrame","content":{"name":"fangzhu","texture":"typdkc49-d06c-47de-9de0-b1427c5562be","rect":[0,0,34,35],"offset":[0,0],"originalSize":[34,35],"capInsets":[0,0,0,0]}},{"__type__":"cc.SpriteFrame","content":{"name":"zhuangjia","texture":"typdk11f-6697-4bf6-8ba4-6f9badaa52f6","rect":[0,0,48,48],"offset":[0,0],"originalSize":[48,48],"capInsets":[0,0,0,0]}},{"__type__":"cc.SpriteFrame","content":{"name":"icon_win","texture":"typdkb8f-96f8-4c38-a0bb-4259092a605b","rect":[0,0,50,92],"offset":[0,0],"originalSize":[50,92],"capInsets":[0,0,0,0]}},{"__type__":"cc.SpriteFrame","content":{"name":"personal_male","texture":"typdk4c4-f6fe-4710-8c70-f60ed20248a3","rect":[0,0,24,24],"offset":[0,0],"originalSize":[24,24],"capInsets":[0,0,0,0]}},[{"__type__":"cc.Prefab","_name":"recordPDKPrefab","data":{"__id__":1}},{"__type__":"cc.Node","_name":"recordPDKPrefab","_children":[{"__id__":2},{"__id__":10},{"__id__":11},{"__id__":12},{"__id__":13},{"__id__":14},{"__id__":15},{"__id__":16}],"_components":[{"__type__":"cc.Sprite","node":{"__id__":1},"_spriteFrame":{"__uuid__":"typdkd27-7737-4cb8-a051-15460fcfba43"},"_type":1,"_sizeMode":0}],"_prefab":{"__type__":"cc.PrefabInfo","root":{"__id__":1},"asset":{"__uuid__":"typdk8e6-18b1-4a9c-b2ea-d8ca6f70a0dc"},"fileId":"005059qZI9Jk7fX5oWojE1e"},"_contentSize":{"__type__":"cc.Size","width":1280,"height":95},"_anchorPoint":{"__type__":"cc.Vec2","x":0.5,"y":1},"_trs":{"__type__":"TypedArray","ctor":"Float64Array","array":[0,0,0,0,0,0,1,1,1,1]}},{"__type__":"cc.Node","_name":"user_info","_parent":{"__id__":1},"_children":[{"__id__":3},{"__id__":4},{"__id__":5},{"__id__":6},{"__id__":7},{"__id__":8},{"__id__":9}],"_prefab":{"__type__":"cc.PrefabInfo","root":{"__id__":1},"asset":{"__uuid__":"typdk8e6-18b1-4a9c-b2ea-d8ca6f70a0dc"},"fileId":"fe7begFf0RAP6GGdhh6a5+U"},"_trs":{"__type__":"TypedArray","ctor":"Float64Array","array":[-496,-91,0,0,0,0,1,1,1,1]}},{"__type__":"cc.Node","_name":"head_img","_parent":{"__id__":2},"_components":[{"__type__":"cc.Sprite","node":{"__id__":3},"_spriteFrame":{"__uuid__":"typdkbd4-6d8e-4361-aae8-91caca6f2355"},"_sizeMode":0,"_isTrimmedMode":false},{"__type__":"typdk551-cdf7-4ff7-b9d1-ff119733cfed","node":{"__id__":3}}],"_prefab":{"__type__":"cc.PrefabInfo","root":{"__id__":1},"asset":{"__uuid__":"typdk8e6-18b1-4a9c-b2ea-d8ca6f70a0dc"},"fileId":"1705bmK0IdKLIWn1nTPChla"},"_contentSize":{"__type__":"cc.Size","width":60,"height":60},"_trs":{"__type__":"TypedArray","ctor":"Float64Array","array":[-67,43,0,0,0,0,1,1,1,1]}},{"__type__":"cc.Node","_name":"lable_name","_parent":{"__id__":2},"_components":[{"__type__":"cc.Label","node":{"__id__":4},"_useOriginalSize":false,"_string":"丸子科丸丸","_N$string":"丸子科丸丸","_fontSize":18,"_lineHeight":20,"_enableWrapText":false,"_N$file":{"__uuid__":"typdk345-cbe0-4203-a8ca-8141b2e63f4f"},"_isSystemFontUsed":false,"_N$verticalAlign":1}],"_prefab":{"__type__":"cc.PrefabInfo","root":{"__id__":1},"asset":{"__uuid__":"typdk8e6-18b1-4a9c-b2ea-d8ca6f70a0dc"},"fileId":"39941WyzYxHJ4zGK+devlFl"},"_color":{"__type__":"cc.Color","r":92,"g":129,"b":61},"_contentSize":{"__type__":"cc.Size","width":90,"height":20},"_anchorPoint":{"__type__":"cc.Vec2","y":0.5},"_trs":{"__type__":"TypedArray","ctor":"Float64Array","array":[5.600000000000001,58.4,0,0,0,0,1,1,1,1]}},{"__type__":"cc.Node","_name":"idbg","_parent":{"__id__":2},"_components":[{"__type__":"cc.Sprite","node":{"__id__":5},"_spriteFrame":{"__uuid__":"typdkea7-9c80-46e0-a129-cda93077c8a5"},"_sizeMode":0}],"_prefab":{"__type__":"cc.PrefabInfo","root":{"__id__":1},"asset":{"__uuid__":"typdk8e6-18b1-4a9c-b2ea-d8ca6f70a0dc"},"fileId":"aab49tueLFDRaeSyEewU+1U"},"_contentSize":{"__type__":"cc.Size","width":24,"height":24},"_trs":{"__type__":"TypedArray","ctor":"Float64Array","array":[-12.5,27.2,0,0,0,0,1,1,1,1]}},{"__type__":"cc.Node","_name":"label_id","_parent":{"__id__":2},"_components":[{"__type__":"cc.Label","node":{"__id__":6},"_useOriginalSize":false,"_string":"1422222","_N$string":"1422222","_fontSize":20,"_lineHeight":20,"_N$file":{"__uuid__":"typdk345-cbe0-4203-a8ca-8141b2e63f4f"},"_isSystemFontUsed":false,"_N$verticalAlign":1}],"_prefab":{"__type__":"cc.PrefabInfo","root":{"__id__":1},"asset":{"__uuid__":"typdk8e6-18b1-4a9c-b2ea-d8ca6f70a0dc"},"fileId":"f4124ThB/5G4q3JuOxGjS36"},"_color":{"__type__":"cc.Color","r":92,"g":129,"b":61},"_contentSize":{"__type__":"cc.Size","width":75.78,"height":20},"_anchorPoint":{"__type__":"cc.Vec2","y":0.5},"_trs":{"__type__":"TypedArray","ctor":"Float64Array","array":[2.5,27.2,0,0,0,0,1,1,1,1]}},{"__type__":"cc.Node","_name":"sex","_parent":{"__id__":2},"_components":[{"__type__":"cc.Sprite","node":{"__id__":7},"_spriteFrame":{"__uuid__":"typdk56a-3d89-43d8-a2e7-3ae017165070"},"_sizeMode":0}],"_prefab":{"__type__":"cc.PrefabInfo","root":{"__id__":1},"asset":{"__uuid__":"typdk8e6-18b1-4a9c-b2ea-d8ca6f70a0dc"},"fileId":"45eafg1ktdI94oJKe1mQ+hb"},"_contentSize":{"__type__":"cc.Size","width":24,"height":24},"_trs":{"__type__":"TypedArray","ctor":"Float64Array","array":[-12.4,58.4,0,0,0,0,1,1,1,1]}},{"__type__":"cc.Node","_name":"fangzhu","_parent":{"__id__":2},"_active":false,"_components":[{"__type__":"cc.Sprite","node":{"__id__":8},"_spriteFrame":{"__uuid__":"typdk046-20bb-48ac-a1a1-d001cb195e16"}}],"_prefab":{"__type__":"cc.PrefabInfo","root":{"__id__":1},"asset":{"__uuid__":"typdk8e6-18b1-4a9c-b2ea-d8ca6f70a0dc"},"fileId":"54494OqRAlIC4A8/VVczenQ"},"_contentSize":{"__type__":"cc.Size","width":34,"height":35},"_trs":{"__type__":"TypedArray","ctor":"Float64Array","array":[-54,30,0,0,0,0,1,1,1,1]}},{"__type__":"cc.Node","_name":"zhuangjia","_parent":{"__id__":2},"_active":false,"_components":[{"__type__":"cc.Sprite","node":{"__id__":9},"_spriteFrame":{"__uuid__":"typdk19c-886a-4448-bf05-541e441146db"}}],"_prefab":{"__type__":"cc.PrefabInfo","root":{"__id__":1},"asset":{"__uuid__":"typdk8e6-18b1-4a9c-b2ea-d8ca6f70a0dc"},"fileId":"60897XJodBJNIJbmNr+HhYs"},"_contentSize":{"__type__":"cc.Size","width":48,"height":48},"_trs":{"__type__":"TypedArray","ctor":"Float64Array","array":[-93,68,0,0,0,0,1,0.5,0.5,1]}},{"__type__":"cc.Node","_name":"lb_lose_num","_parent":{"__id__":1},"_components":[{"__type__":"cc.Label","node":{"__id__":10},"_useOriginalSize":false,"_string":"-1000","_N$string":"-1000","_fontSize":35,"_N$file":{"__uuid__":"typdka1e-eafc-4716-9391-b60da2525eb4"},"_isSystemFontUsed":false,"_N$horizontalAlign":1,"_N$verticalAlign":1}],"_prefab":{"__type__":"cc.PrefabInfo","root":{"__id__":1},"asset":{"__uuid__":"typdk8e6-18b1-4a9c-b2ea-d8ca6f70a0dc"},"fileId":"68846PTrr9FWq/owQwdWVFQ"},"_contentSize":{"__type__":"cc.Size","width":114.84,"height":43.75},"_trs":{"__type__":"TypedArray","ctor":"Float64Array","array":[485,-48,0,0,0,0,1,1,1,1]}},{"__type__":"cc.Node","_name":"lb_win_num","_parent":{"__id__":1},"_components":[{"__type__":"cc.Label","node":{"__id__":11},"_useOriginalSize":false,"_string":"+1000","_N$string":"+1000","_fontSize":35,"_N$file":{"__uuid__":"typdka28-afe5-4c89-8721-8f2b3ac7ab13"},"_isSystemFontUsed":false,"_N$horizontalAlign":1,"_N$verticalAlign":1}],"_prefab":{"__type__":"cc.PrefabInfo","root":{"__id__":1},"asset":{"__uuid__":"typdk8e6-18b1-4a9c-b2ea-d8ca6f70a0dc"},"fileId":"12f7eqB259Ho64jz7hudb3K"},"_contentSize":{"__type__":"cc.Size","width":114.84,"height":43.75},"_trs":{"__type__":"TypedArray","ctor":"Float64Array","array":[485,-41,0,0,0,0,1,1,1,1]}},{"__type__":"cc.Node","_name":"lb_beiShu","_parent":{"__id__":1},"_components":[{"__type__":"cc.Label","node":{"__id__":12},"_useOriginalSize":false,"_string":"10","_N$string":"10","_fontSize":30,"_N$file":{"__uuid__":"typdk345-cbe0-4203-a8ca-8141b2e63f4f"},"_isSystemFontUsed":false,"_N$horizontalAlign":1,"_N$verticalAlign":1}],"_prefab":{"__type__":"cc.PrefabInfo","root":{"__id__":1},"asset":{"__uuid__":"typdk8e6-18b1-4a9c-b2ea-d8ca6f70a0dc"},"fileId":"d67d360nEBMzKOgsVcgTHQo"},"_color":{"__type__":"cc.Color","r":92,"g":129,"b":61},"_contentSize":{"__type__":"cc.Size","width":28.13,"height":40},"_trs":{"__type__":"TypedArray","ctor":"Float64Array","array":[-277,-48,0,0,0,0,1,1,1,1]}},{"__type__":"cc.Node","_name":"icon_win","_parent":{"__id__":1},"_components":[{"__type__":"cc.Sprite","node":{"__id__":13},"_spriteFrame":{"__uuid__":"typdk1bb-beb8-4986-b3a7-38d160ccba6a"}}],"_prefab":{"__type__":"cc.PrefabInfo","root":{"__id__":1},"asset":{"__uuid__":"typdk8e6-18b1-4a9c-b2ea-d8ca6f70a0dc"},"fileId":"e005awGXxNL2r8nLigSkM1b"},"_contentSize":{"__type__":"cc.Size","width":50,"height":92},"_trs":{"__type__":"TypedArray","ctor":"Float64Array","array":[575,-48,0,0,0,0,1,1,1,1]}},{"__type__":"cc.Node","_name":"New Label","_parent":{"__id__":1},"_components":[{"__type__":"cc.Label","node":{"__id__":14},"_useOriginalSize":false,"_string":"倍数:","_N$string":"倍数:","_fontSize":30,"_lineHeight":35,"_N$file":{"__uuid__":"typdk345-cbe0-4203-a8ca-8141b2e63f4f"},"_isSystemFontUsed":false,"_N$horizontalAlign":1,"_N$verticalAlign":1}],"_prefab":{"__type__":"cc.PrefabInfo","root":{"__id__":1},"asset":{"__uuid__":"typdk8e6-18b1-4a9c-b2ea-d8ca6f70a0dc"},"fileId":"79478R3hlZEMLvQ7qLv6NNp"},"_color":{"__type__":"cc.Color","r":92,"g":129,"b":61},"_contentSize":{"__type__":"cc.Size","width":67.97,"height":35},"_trs":{"__type__":"TypedArray","ctor":"Float64Array","array":[-335,-48,0,0,0,0,1,1,1,1]}},{"__type__":"cc.Node","_name":"New Label","_parent":{"__id__":1},"_components":[{"__type__":"cc.Label","node":{"__id__":15},"_useOriginalSize":false,"_string":"总分数:","_N$string":"总分数:","_fontSize":30,"_lineHeight":35,"_N$file":{"__uuid__":"typdk345-cbe0-4203-a8ca-8141b2e63f4f"},"_isSystemFontUsed":false,"_N$horizontalAlign":1,"_N$verticalAlign":1}],"_prefab":{"__type__":"cc.PrefabInfo","root":{"__id__":1},"asset":{"__uuid__":"typdk8e6-18b1-4a9c-b2ea-d8ca6f70a0dc"},"fileId":"7884fneGodNZJuBCv6JAPat"},"_color":{"__type__":"cc.Color","r":92,"g":129,"b":61},"_contentSize":{"__type__":"cc.Size","width":97.97,"height":35},"_trs":{"__type__":"TypedArray","ctor":"Float64Array","array":[377,-48,0,0,0,0,1,1,1,1]}},{"__type__":"cc.Node","_name":"cardList","_parent":{"__id__":1},"_children":[{"__id__":17},{"__id__":18},{"__id__":19}],"_components":[{"__type__":"cc.Layout","node":{"__id__":16},"_layoutSize":{"__type__":"cc.Size","width":508.27,"height":95},"_resize":1,"_N$layoutType":1,"_N$spacingX":20}],"_prefab":{"__type__":"cc.PrefabInfo","root":{"__id__":1},"asset":{"__uuid__":"typdk8e6-18b1-4a9c-b2ea-d8ca6f70a0dc"},"fileId":"34b7eJG6VZH1IaO12RoHjdQ"},"_contentSize":{"__type__":"cc.Size","width":508.27,"height":95},"_trs":{"__type__":"TypedArray","ctor":"Float64Array","array":[26,-48,0,0,0,0,1,1,1,1]}},{"__type__":"cc.Node","_name":"lb_cardNum1","_parent":{"__id__":16},"_components":[{"__type__":"cc.Label","node":{"__id__":17},"_useOriginalSize":false,"_string":"剩余牌数:10","_N$string":"剩余牌数:10","_fontSize":30,"_N$file":{"__uuid__":"typdk345-cbe0-4203-a8ca-8141b2e63f4f"},"_isSystemFontUsed":false,"_N$horizontalAlign":1,"_N$verticalAlign":1}],"_prefab":{"__type__":"cc.PrefabInfo","root":{"__id__":1},"asset":{"__uuid__":"typdk8e6-18b1-4a9c-b2ea-d8ca6f70a0dc"},"fileId":"4d5faDZ+wFFh4Wf1KrrxQdj"},"_color":{"__type__":"cc.Color","r":92,"g":129,"b":61},"_contentSize":{"__type__":"cc.Size","width":156.09,"height":40},"_trs":{"__type__":"TypedArray","ctor":"Float64Array","array":[-176.08999999999997,0,0,0,0,0,1,1,1,1]}},{"__type__":"cc.Node","_name":"lb_cardNum2","_parent":{"__id__":16},"_components":[{"__type__":"cc.Label","node":{"__id__":18},"_useOriginalSize":false,"_string":"剩余牌数:10","_N$string":"剩余牌数:10","_fontSize":30,"_N$file":{"__uuid__":"typdk345-cbe0-4203-a8ca-8141b2e63f4f"},"_isSystemFontUsed":false,"_N$horizontalAlign":1,"_N$verticalAlign":1}],"_prefab":{"__type__":"cc.PrefabInfo","root":{"__id__":1},"asset":{"__uuid__":"typdk8e6-18b1-4a9c-b2ea-d8ca6f70a0dc"},"fileId":"14dacbEyNdAVLZD1OEa3k0D"},"_color":{"__type__":"cc.Color","r":92,"g":129,"b":61},"_contentSize":{"__type__":"cc.Size","width":156.09,"height":40},"_trs":{"__type__":"TypedArray","ctor":"Float64Array","array":[2.842170943040401e-14,0,0,0,0,0,1,1,1,1]}},{"__type__":"cc.Node","_name":"lb_cardNum3","_parent":{"__id__":16},"_components":[{"__type__":"cc.Label","node":{"__id__":19},"_useOriginalSize":false,"_string":"剩余牌数:10","_N$string":"剩余牌数:10","_fontSize":30,"_N$file":{"__uuid__":"typdk345-cbe0-4203-a8ca-8141b2e63f4f"},"_isSystemFontUsed":false,"_N$horizontalAlign":1,"_N$verticalAlign":1}],"_prefab":{"__type__":"cc.PrefabInfo","root":{"__id__":1},"asset":{"__uuid__":"typdk8e6-18b1-4a9c-b2ea-d8ca6f70a0dc"},"fileId":"e70d3Cl6kVHbKIE0FhuajRU"},"_color":{"__type__":"cc.Color","r":92,"g":129,"b":61},"_contentSize":{"__type__":"cc.Size","width":156.09,"height":40},"_trs":{"__type__":"TypedArray","ctor":"Float64Array","array":[176.09000000000003,0,0,0,0,0,1,1,1,1]}}],{"__type__":"cc.SpriteFrame","content":{"name":"morentouxiang","texture":"typdk652-0393-4ea1-84d8-1bdd3044f177","rect":[0,0,60,60],"offset":[0,0],"originalSize":[60,60],"capInsets":[0,0,0,0]}},{"__type__":"cc.SpriteFrame","content":{"name":"bg_popup3","texture":"typdk558-5506-4919-9e47-2c5e0e8e57b1","rect":[0,0,25,24],"offset":[0,0],"originalSize":[25,24],"capInsets":[11,11,11,11]}},{"__type__":"cc.SpriteFrame","content":{"name":"personal_id","texture":"typdk3de-65b1-4ebb-ae32-a0235645a28b","rect":[0,0,31,31],"offset":[0,0],"originalSize":[31,31],"capInsets":[0,0,0,0]}}]