[{"__type__":"cc.SpriteFrame","content":{"name":"default_btn_disabled","texture":"71VhFCTINJM6/Ky3oX9nBT","rect":[0,0,40,40],"offset":[0,0],"originalSize":[40,40],"capInsets":[12,12,12,12]}},{"__type__":"cc.SpriteFrame","content":{"name":"default_btn_pressed","texture":"b4P/PCArtIdIH38t6mlw8Y","rect":[0,0,40,40],"offset":[0,0],"originalSize":[40,40],"capInsets":[12,12,12,12]}},{"__type__":"cc.SpriteFrame","content":{"name":"default_btn_normal","texture":"e8Ueib+qJEhL6mXAHdnwbi","rect":[0,0,40,40],"offset":[0,0],"originalSize":[40,40],"capInsets":[12,12,12,12]}},[{"__type__":"cc.Prefab","_name":"pdk_UITop","data":{"__id__":1}},{"__type__":"cc.Node","_name":"pdk_UITop","_children":[{"__id__":2}],"_components":[{"__type__":"cc.Widget","node":{"__id__":1},"_alignFlags":45,"_originalWidth":960,"_originalHeight":640},{"__type__":"typdkb8a-4875-4198-a2b5-bcdeee599c01","node":{"__id__":1},"JS_Name":"sss_BaseComponent","ZorderLv":8,"lb_heroName":{"__id__":24},"lb_heroID":{"__id__":22},"node_head":{"__id__":20},"rightTop":{"__id__":4}}],"_prefab":{"__type__":"cc.PrefabInfo","root":{"__id__":1},"asset":{"__uuid__":"typdk1cf-5329-4276-adb0-7b9822fbe74c"},"fileId":"faZiv/5wNKuYayRS+JIsW3"},"_contentSize":{"__type__":"cc.Size","width":1360,"height":760},"_trs":{"__type__":"TypedArray","ctor":"Float64Array","array":[680,380,0,0,0,0,1,1,1,1]}},{"__type__":"cc.Node","_name":"img_syright_up","_parent":{"__id__":1},"_children":[{"__id__":3}],"_components":[{"__type__":"cc.Sprite","node":{"__id__":2},"_spriteFrame":{"__uuid__":"typdk2ee-3ba5-470f-8199-b58ab7c794e8"}},{"__type__":"cc.Widget","node":{"__id__":2},"_alignFlags":41,"_originalWidth":1360}],"_prefab":{"__type__":"cc.PrefabInfo","root":{"__id__":1},"asset":{"__uuid__":"typdk1cf-5329-4276-adb0-7b9822fbe74c"},"fileId":"1brM0P6ahI+q8urF193ikP"},"_contentSize":{"__type__":"cc.Size","width":1360,"height":80},"_trs":{"__type__":"TypedArray","ctor":"Float64Array","array":[0,340,0,0,0,0,1,1,1,1]}},{"__type__":"cc.Node","_name":"bgcreate","_parent":{"__id__":2},"_children":[{"__id__":4},{"__id__":17},{"__id__":18}],"_components":[{"__type__":"cc.Widget","node":{"__id__":3},"_alignFlags":40,"_left":680,"_right":680,"_top":720}],"_prefab":{"__type__":"cc.PrefabInfo","root":{"__id__":1},"asset":{"__uuid__":"typdk1cf-5329-4276-adb0-7b9822fbe74c"},"fileId":"71v5GvXpJE9JpkTPOTgVjh"},"_trs":{"__type__":"TypedArray","ctor":"Float64Array","array":[0,-340,0,0,0,0,1,1,1,1]}},{"__type__":"cc.Node","_name":"rightTop","_parent":{"__id__":3},"_children":[{"__id__":5},{"__id__":9},{"__id__":13}],"_components":[{"__type__":"cc.Widget","node":{"__id__":4},"_alignFlags":33,"_right":-659,"_top":-399},{"__type__":"cc.Layout","node":{"__id__":4},"_layoutSize":{"__type__":"cc.Size","width":450,"height":50},"_resize":1,"_N$layoutType":1,"_N$spacingX":50}],"_prefab":{"__type__":"cc.PrefabInfo","root":{"__id__":1},"asset":{"__uuid__":"typdk1cf-5329-4276-adb0-7b9822fbe74c"},"fileId":"3eKosQE6FPvavIMSV32PO9"},"_contentSize":{"__type__":"cc.Size","width":450,"height":50},"_trs":{"__type__":"TypedArray","ctor":"Float64Array","array":[434,374,0,0,0,0,1,1,1,1]}},{"__type__":"cc.Node","_name":"fangka","_parent":{"__id__":4},"_children":[{"__id__":6},{"__id__":7},{"__id__":8}],"_components":[{"__type__":"cc.Sprite","node":{"__id__":5},"_spriteFrame":{"__uuid__":"typdk67e-a496-4292-9c01-e38d3e67a2a1"},"_type":1,"_sizeMode":0,"_isTrimmedMode":false}],"_prefab":{"__type__":"cc.PrefabInfo","root":{"__id__":1},"asset":{"__uuid__":"typdk1cf-5329-4276-adb0-7b9822fbe74c"},"fileId":"f2vQ67hlNKeZ2rHJShoNF7"},"_contentSize":{"__type__":"cc.Size","width":200,"height":47},"_anchorPoint":{"__type__":"cc.Vec2","y":0.5},"_trs":{"__type__":"TypedArray","ctor":"Float64Array","array":[-225,-38,0,0,0,0,1,1,1,1]}},{"__type__":"cc.Node","_name":"icon_card","_parent":{"__id__":5},"_active":false,"_components":[{"__type__":"cc.Sprite","node":{"__id__":6}}],"_prefab":{"__type__":"cc.PrefabInfo","root":{"__id__":1},"asset":{"__uuid__":"typdk1cf-5329-4276-adb0-7b9822fbe74c"},"fileId":"d59OLxnPZEiqQEBzQZWtNU"},"_contentSize":{"__type__":"cc.Size","width":58,"height":66},"_trs":{"__type__":"TypedArray","ctor":"Float64Array","array":[26,0,0,0,0,0,1,1,1,1]}},{"__type__":"cc.Node","_name":"btn_addRoomCard","_parent":{"__id__":5},"_components":[{"__type__":"cc.Sprite","node":{"__id__":7},"_spriteFrame":{"__uuid__":"typdkeb2-0617-4e43-aac6-74a31ed309d7"}},{"__type__":"cc.Button","node":{"__id__":7},"zoomScale":0.9,"clickEvents":[{"__type__":"cc.ClickEvent","target":{"__id__":1},"_componentId":"b394dDr3aRA8KeuJfvbE9nT","handler":"OnClick_BtnWnd"}],"_N$transition":3,"transition":3,"_N$normalColor":{"__type__":"cc.Color","r":214,"g":214,"b":214},"_N$target":{"__id__":7}}],"_prefab":{"__type__":"cc.PrefabInfo","root":{"__id__":1},"asset":{"__uuid__":"typdk1cf-5329-4276-adb0-7b9822fbe74c"},"fileId":"aaUWJQbYJKnZy4JooIU7a8"},"_contentSize":{"__type__":"cc.Size","width":55,"height":55},"_trs":{"__type__":"TypedArray","ctor":"Float64Array","array":[10.7,0,0,0,0,0,1,1,1,1]}},{"__type__":"cc.Node","_name":"label","_parent":{"__id__":5},"_components":[{"__type__":"cc.Label","node":{"__id__":8},"_useOriginalSize":false,"_string":"0","_N$string":"0","_fontSize":28,"_lineHeight":30,"_N$horizontalAlign":1,"_N$verticalAlign":1}],"_prefab":{"__type__":"cc.PrefabInfo","root":{"__id__":1},"asset":{"__uuid__":"typdk1cf-5329-4276-adb0-7b9822fbe74c"},"fileId":"06Bx3zVAxKY7kv1p8Co40g"},"_color":{"__type__":"cc.Color","r":242,"g":255,"b":243},"_contentSize":{"__type__":"cc.Size","width":15.57,"height":30},"_anchorPoint":{"__type__":"cc.Vec2","y":0.5},"_trs":{"__type__":"TypedArray","ctor":"Float64Array","array":[66.5,0,0,0,0,0,1,1,1,1]}},{"__type__":"cc.Node","_name":"quanka","_parent":{"__id__":4},"_children":[{"__id__":10},{"__id__":11},{"__id__":12}],"_active":false,"_components":[{"__type__":"cc.Sprite","node":{"__id__":9},"_spriteFrame":{"__uuid__":"typdk67e-a496-4292-9c01-e38d3e67a2a1"},"_type":1,"_sizeMode":0,"_isTrimmedMode":false}],"_prefab":{"__type__":"cc.PrefabInfo","root":{"__id__":1},"asset":{"__uuid__":"typdk1cf-5329-4276-adb0-7b9822fbe74c"},"fileId":"472bZPJX9MgbA780TLdqM/"},"_contentSize":{"__type__":"cc.Size","width":200,"height":47},"_anchorPoint":{"__type__":"cc.Vec2","y":0.5},"_trs":{"__type__":"TypedArray","ctor":"Float64Array","array":[-100,-38.3,0,0,0,0,1,1,1,1]}},{"__type__":"cc.Node","_name":"icon_card","_parent":{"__id__":9},"_active":false,"_components":[{"__type__":"cc.Sprite","node":{"__id__":10}}],"_prefab":{"__type__":"cc.PrefabInfo","root":{"__id__":1},"asset":{"__uuid__":"typdk1cf-5329-4276-adb0-7b9822fbe74c"},"fileId":"acP+gfKBVMHKKVMHPafdi0"},"_contentSize":{"__type__":"cc.Size","width":56,"height":46},"_trs":{"__type__":"TypedArray","ctor":"Float64Array","array":[27,0,0,0,0,0,1,1,1,1]}},{"__type__":"cc.Node","_name":"btn_addQuanCard","_parent":{"__id__":9},"_components":[{"__type__":"cc.Sprite","node":{"__id__":11},"_spriteFrame":{"__uuid__":"typdkcd1-652b-4593-aaad-9a3043117310"}},{"__type__":"cc.Button","node":{"__id__":11},"zoomScale":0.9,"clickEvents":[{"__type__":"cc.ClickEvent","target":{"__id__":1},"_componentId":"b394dDr3aRA8KeuJfvbE9nT","handler":"OnClick_BtnWnd"}],"_N$transition":3,"transition":3,"_N$normalColor":{"__type__":"cc.Color","r":214,"g":214,"b":214},"_N$target":{"__id__":11}}],"_prefab":{"__type__":"cc.PrefabInfo","root":{"__id__":1},"asset":{"__uuid__":"typdk1cf-5329-4276-adb0-7b9822fbe74c"},"fileId":"c1XRDI+P1Hz7f+utXf0/xo"},"_contentSize":{"__type__":"cc.Size","width":63,"height":51},"_trs":{"__type__":"TypedArray","ctor":"Float64Array","array":[11.3,0,0,0,0,0,1,1,1,1]}},{"__type__":"cc.Node","_name":"label","_parent":{"__id__":9},"_components":[{"__type__":"cc.Label","node":{"__id__":12},"_useOriginalSize":false,"_string":"0","_N$string":"0","_fontSize":28,"_lineHeight":30,"_N$horizontalAlign":1,"_N$verticalAlign":1}],"_prefab":{"__type__":"cc.PrefabInfo","root":{"__id__":1},"asset":{"__uuid__":"typdk1cf-5329-4276-adb0-7b9822fbe74c"},"fileId":"9737YTeFND4qGVvRbmIpB/"},"_color":{"__type__":"cc.Color","r":242,"g":255,"b":243},"_contentSize":{"__type__":"cc.Size","width":15.57,"height":30},"_anchorPoint":{"__type__":"cc.Vec2","y":0.5},"_trs":{"__type__":"TypedArray","ctor":"Float64Array","array":[63.4,0,0,0,0,0,1,1,1,1]}},{"__type__":"cc.Node","_name":"ledou","_parent":{"__id__":4},"_children":[{"__id__":14},{"__id__":15},{"__id__":16}],"_components":[{"__type__":"cc.Sprite","node":{"__id__":13},"_spriteFrame":{"__uuid__":"typdk67e-a496-4292-9c01-e38d3e67a2a1"},"_type":1,"_sizeMode":0,"_isTrimmedMode":false}],"_prefab":{"__type__":"cc.PrefabInfo","root":{"__id__":1},"asset":{"__uuid__":"typdk1cf-5329-4276-adb0-7b9822fbe74c"},"fileId":"c3ZHLik09AWYBzf3xqzSDI"},"_contentSize":{"__type__":"cc.Size","width":200,"height":47},"_anchorPoint":{"__type__":"cc.Vec2","y":0.5},"_trs":{"__type__":"TypedArray","ctor":"Float64Array","array":[25,-38,0,0,0,0,1,1,1,1]}},{"__type__":"cc.Node","_name":"icon_card","_parent":{"__id__":13},"_active":false,"_components":[{"__type__":"cc.Sprite","node":{"__id__":14}}],"_prefab":{"__type__":"cc.PrefabInfo","root":{"__id__":1},"asset":{"__uuid__":"typdk1cf-5329-4276-adb0-7b9822fbe74c"},"fileId":"59yCN/1AFJ9Y2YiD63b7tD"},"_contentSize":{"__type__":"cc.Size","width":54,"height":49},"_trs":{"__type__":"TypedArray","ctor":"Float64Array","array":[27,0,0,0,0,0,1,1,1,1]}},{"__type__":"cc.Node","_name":"btn_addGold","_parent":{"__id__":13},"_components":[{"__type__":"cc.Sprite","node":{"__id__":15},"_spriteFrame":{"__uuid__":"typdkd36-367e-4de8-9bbe-cc2fada343dc"}},{"__type__":"cc.Button","node":{"__id__":15},"zoomScale":0.9,"clickEvents":[{"__type__":"cc.ClickEvent","_componentId":"c7fb0nMNvZJ4bnfUVrYPGku","handler":"OnClick_BtnWnd"}],"_N$transition":3,"transition":3,"_N$normalColor":{"__type__":"cc.Color","r":214,"g":214,"b":214},"_N$target":{"__id__":15}}],"_prefab":{"__type__":"cc.PrefabInfo","root":{"__id__":1},"asset":{"__uuid__":"typdk1cf-5329-4276-adb0-7b9822fbe74c"},"fileId":"67E0pTRhtMRYKzs8YtfaEO"},"_contentSize":{"__type__":"cc.Size","width":55,"height":46},"_trs":{"__type__":"TypedArray","ctor":"Float64Array","array":[15.1,0,0,0,0,0,1,1,1,1]}},{"__type__":"cc.Node","_name":"label","_parent":{"__id__":13},"_components":[{"__type__":"cc.Label","node":{"__id__":16},"_useOriginalSize":false,"_string":"0","_N$string":"0","_fontSize":28,"_lineHeight":30,"_N$horizontalAlign":1,"_N$verticalAlign":1}],"_prefab":{"__type__":"cc.PrefabInfo","root":{"__id__":1},"asset":{"__uuid__":"typdk1cf-5329-4276-adb0-7b9822fbe74c"},"fileId":"cbvhQph4hNH7SmIGPx4Qej"},"_color":{"__type__":"cc.Color","r":242,"g":255,"b":243},"_contentSize":{"__type__":"cc.Size","width":15.57,"height":30},"_anchorPoint":{"__type__":"cc.Vec2","y":0.5},"_trs":{"__type__":"TypedArray","ctor":"Float64Array","array":[63.4,0,0,0,0,0,1,1,1,1]}},{"__type__":"cc.Node","_name":"btn_close","_parent":{"__id__":3},"_components":[{"__type__":"cc.Sprite","node":{"__id__":17},"_spriteFrame":{"__uuid__":"typdk55a-d14a-4364-a8a2-4ac7af38d0ca"}},{"__type__":"cc.Button","node":{"__id__":17},"clickEvents":[{"__type__":"cc.ClickEvent","target":{"__id__":1},"_componentId":"typdkb8a-4875-4198-a2b5-bcdeee599c01","handler":"OnClick_BtnWnd"}],"_N$transition":3,"transition":3,"_N$pressedColor":{"__type__":"cc.Color","r":255,"g":255,"b":255},"pressedColor":{"__type__":"cc.Color","r":255,"g":255,"b":255},"_N$disabledColor":{"__type__":"cc.Color","r":255,"g":255,"b":255},"_N$pressedSprite":{"__uuid__":"e97GVMl6JHh5Ml5qEDdSGa"},"pressedSprite":{"__uuid__":"e97GVMl6JHh5Ml5qEDdSGa"},"_N$hoverSprite":{"__uuid__":"f0BIwQ8D5Ml7nTNQbh1YlS"},"hoverSprite":{"__uuid__":"f0BIwQ8D5Ml7nTNQbh1YlS"},"_N$disabledSprite":{"__uuid__":"29FYIk+N1GYaeWH/q1NxQO"},"_N$target":{"__id__":17}},{"__type__":"cc.Widget","node":{"__id__":17},"_alignFlags":9,"_left":-656,"_top":-377}],"_prefab":{"__type__":"cc.PrefabInfo","root":{"__id__":1},"asset":{"__uuid__":"typdk1cf-5329-4276-adb0-7b9822fbe74c"},"fileId":"00UVT8qdhCU7169AzqGORz"},"_contentSize":{"__type__":"cc.Size","width":68,"height":68},"_trs":{"__type__":"TypedArray","ctor":"Float64Array","array":[-622,343,0,0,0,0,1,1,1,1]}},{"__type__":"cc.Node","_name":"userinfo","_parent":{"__id__":3},"_children":[{"__id__":19},{"__id__":20},{"__id__":21},{"__id__":23}],"_components":[{"__type__":"cc.Widget","node":{"__id__":18},"_alignFlags":9,"_left":-530,"_top":-340}],"_prefab":{"__type__":"cc.PrefabInfo","root":{"__id__":1},"asset":{"__uuid__":"typdk1cf-5329-4276-adb0-7b9822fbe74c"},"fileId":"63YHaB5mNAUIQQX8ThRRsW"},"_trs":{"__type__":"TypedArray","ctor":"Float64Array","array":[-530,340,0,0,0,0,1,1,1,1]}},{"__type__":"cc.Node","_name":"img_hp_down","_parent":{"__id__":18},"_components":[{"__type__":"cc.Sprite","node":{"__id__":19},"_spriteFrame":{"__uuid__":"typdke31-460f-4cc5-ace0-ee75e08335bf"}}],"_prefab":{"__type__":"cc.PrefabInfo","root":{"__id__":1},"asset":{"__uuid__":"typdk1cf-5329-4276-adb0-7b9822fbe74c"},"fileId":"a6epSpzPpFmq7cw4qNmI1t"},"_contentSize":{"__type__":"cc.Size","width":68,"height":68},"_trs":{"__type__":"TypedArray","ctor":"Float64Array","array":[0,0,0,0,0,0,1,1,1,1]}},{"__type__":"cc.Node","_name":"btn_head","_parent":{"__id__":18},"_components":[{"__type__":"cc.Sprite","node":{"__id__":20},"_spriteFrame":{"__uuid__":"typdkbd4-6d8e-4361-aae8-91caca6f2355"},"_sizeMode":0},{"__type__":"cc.Button","node":{"__id__":20},"zoomScale":0.9,"clickEvents":[{"__type__":"cc.ClickEvent","target":{"__id__":1},"_componentId":"typdkuKSHVBmKK1vN7uWZwB","handler":"OnClick_BtnWnd"}],"_N$transition":3,"transition":3,"_N$normalColor":{"__type__":"cc.Color","r":214,"g":214,"b":214},"_N$target":{"__id__":20}},{"__type__":"typdk551-cdf7-4ff7-b9d1-ff119733cfed","node":{"__id__":20},"JS_Name":"sss_BaseComponent"}],"_prefab":{"__type__":"cc.PrefabInfo","root":{"__id__":1},"asset":{"__uuid__":"typdk1cf-5329-4276-adb0-7b9822fbe74c"},"fileId":"62PtWwJv9HfrIW4F5MWjOy"},"_contentSize":{"__type__":"cc.Size","width":60,"height":60},"_trs":{"__type__":"TypedArray","ctor":"Float64Array","array":[0,0,0,0,0,0,1,1,1,1]}},{"__type__":"cc.Node","_name":"label_id","_parent":{"__id__":18},"_components":[{"__id__":22},{"__type__":"cc.LabelOutline","node":{"__id__":21},"_color":{"__type__":"cc.Color","r":90,"g":105,"b":118},"_width":2}],"_prefab":{"__type__":"cc.PrefabInfo","root":{"__id__":1},"asset":{"__uuid__":"typdk1cf-5329-4276-adb0-7b9822fbe74c"},"fileId":"b4PPkB/WVNMaIPed2x7P/+"},"_color":{"__type__":"cc.Color","r":233,"g":224,"b":224},"_contentSize":{"__type__":"cc.Size","width":21.8,"height":34},"_anchorPoint":{"__type__":"cc.Vec2","y":0.5},"_trs":{"__type__":"TypedArray","ctor":"Float64Array","array":[47.8,-21.6,0,0,0,0,1,1,1,1]}},{"__type__":"cc.Label","node":{"__id__":21},"_useOriginalSize":false,"_string":"0","_N$string":"0","_fontSize":32,"_lineHeight":34,"_N$verticalAlign":1},{"__type__":"cc.Node","_name":"label_name","_parent":{"__id__":18},"_components":[{"__id__":24},{"__type__":"cc.LabelOutline","node":{"__id__":23},"_color":{"__type__":"cc.Color","r":90,"g":105,"b":118},"_width":2}],"_prefab":{"__type__":"cc.PrefabInfo","root":{"__id__":1},"asset":{"__uuid__":"typdk1cf-5329-4276-adb0-7b9822fbe74c"},"fileId":"58PPdvXYpIIpMz1ZYQa107"},"_color":{"__type__":"cc.Color","r":233,"g":224,"b":224},"_contentSize":{"__type__":"cc.Size","width":228,"height":34},"_anchorPoint":{"__type__":"cc.Vec2","y":0.5},"_trs":{"__type__":"TypedArray","ctor":"Float64Array","array":[43.1,19.7,0,0,0,0,1,1,1,1]}},{"__type__":"cc.Label","node":{"__id__":23},"_useOriginalSize":false,"_string":"七个字的名字啊","_N$string":"七个字的名字啊","_fontSize":32,"_lineHeight":34,"_N$verticalAlign":1,"_N$overflow":2}],{"__type__":"cc.SpriteFrame","content":{"name":"img_syright_up","texture":"typdkf96-ec7a-4b8d-b393-9344e725ad89","rect":[0,0,1360,80],"offset":[0,0],"originalSize":[1360,80],"capInsets":[508,0,508,0]}},{"__type__":"cc.SpriteFrame","content":{"name":"btn_return","texture":"typdkcdb-7b7b-443b-8ab6-0f42691360db","rect":[0,0,68,68],"offset":[0,0],"originalSize":[68,68],"capInsets":[0,0,0,0]}},{"__type__":"cc.SpriteFrame","content":{"name":"img_szup","texture":"typdk652-ee0b-4a9b-b64c-1df3c5f1dfd4","rect":[0,0,61,41],"offset":[0,0],"originalSize":[61,41],"capInsets":[18,18,18,18]}},{"__type__":"cc.SpriteFrame","content":{"name":"morentouxiang","texture":"typdk652-0393-4ea1-84d8-1bdd3044f177","rect":[0,0,60,60],"offset":[0,0],"originalSize":[60,60],"capInsets":[0,0,0,0]}},{"__type__":"cc.SpriteFrame","content":{"name":"btn_qk","texture":"typdk422-0963-4a99-aed4-acf947d85fae","rect":[1,0,63,51],"offset":[0.5,0],"originalSize":[64,51],"capInsets":[0,0,0,0]}},{"__type__":"cc.SpriteFrame","content":{"name":"icon_dou","texture":"typdk09a-fc30-4fcd-af34-8caae1c1688b","rect":[0,6,55,46],"offset":[0,-3],"originalSize":[55,52],"capInsets":[0,0,0,0]}},{"__type__":"cc.SpriteFrame","content":{"name":"img_hp_down","texture":"typdkd2a-ada3-4417-baf6-f05a843de7b4","rect":[0,0,68,68],"offset":[0,0],"originalSize":[68,68],"capInsets":[0,0,0,0]}},{"__type__":"cc.SpriteFrame","content":{"name":"btn_zs","texture":"typdk9d7-83ab-4d7a-91f6-b98d732eb639","rect":[1,1,55,55],"offset":[0.5,-0.5],"originalSize":[56,56],"capInsets":[0,0,0,0]}}]