[{"__type__":"cc.SpriteFrame","content":{"name":"04","texture":"6fo2AWL0JMrq7kT+zr7fsX","rect":[63,0,255,148],"offset":[12,2],"originalSize":[357,152],"capInsets":[0,0,0,0]}},{"__type__":"cc.SpriteFrame","content":{"name":"03","texture":"29sXT9ehFB9bZh1Sj2QL1/","rect":[63,0,255,149],"offset":[12,1.5],"originalSize":[357,152],"capInsets":[0,0,0,0]}},{"__type__":"cc.SpriteFrame","content":{"name":"01","texture":"5dRJaBQz9DkrlNd7Zm/7p4","rect":[23,0,256,151],"offset":[-27.5,0.5],"originalSize":[357,152],"capInsets":[0,0,0,0]}},{"__type__":"cc.AnimationClip","_name":"card_type10","_duration":0.15,"speed":0.33,"curveData":{"comps":{"cc.Sprite":{"spriteFrame":[{"frame":0,"value":{"__uuid__":"4aIiIbJyhE1bZ/G232q5kK"}},{"frame":0.016666666666666666,"value":{"__uuid__":"92HAeYU9NB1YGkfYfzM2qt"}},{"frame":0.03333333333333333,"value":{"__uuid__":"33bexXErRFiKTJOUEF+eJK"}},{"frame":0.05,"value":{"__uuid__":"12cS2xE3RBq4wlcTqAFmoC"}},{"frame":0.06666666666666667,"value":{"__uuid__":"72JmXznyFBEauesZWhY2Vd"}},{"frame":0.08333333333333333,"value":{"__uuid__":"a0CmhsPzxGa6yF82/QGTbF"}},{"frame":0.1,"value":{"__uuid__":"9bb7a+FeNCE6/R5/75Mw5J"}},{"frame":0.11666666666666667,"value":{"__uuid__":"94bwXcjnRCgZ1aeyNKFrzO"}},{"frame":0.13333333333333333,"value":null}]}}}},{"__type__":"cc.SpriteFrame","content":{"name":"05","texture":"4a7dlQIo1LOb6TkHF6yZIw","rect":[49,0,255,148],"offset":[-2,2],"originalSize":[357,152],"capInsets":[0,0,0,0]}},{"__type__":"cc.SpriteFrame","content":{"name":"02","texture":"7dm+FO5FBPVZJoj5ZIBkrL","rect":[43,0,255,149],"offset":[-8,1.5],"originalSize":[357,152],"capInsets":[0,0,0,0]}},{"__type__":"cc.SpriteFrame","content":{"name":"08","texture":"048UVRgQlNwo6p/iJPAT9l","rect":[11,1,325,143],"offset":[-5,3.5],"originalSize":[357,152],"capInsets":[0,0,0,0]}},{"__type__":"cc.SpriteFrame","content":{"name":"07","texture":"8euuc4v8xFLZad1g/H7ORD","rect":[31,0,286,150],"offset":[-4.5,1],"originalSize":[357,152],"capInsets":[0,0,0,0]}},{"__type__":"cc.SpriteFrame","content":{"name":"06","texture":"b0dGOOLStG6IysW+IWj9UA","rect":[33,0,263,149],"offset":[-14,1.5],"originalSize":[357,152],"capInsets":[0,0,0,0]}}]