[{"__type__":"cc.SpriteFrame","content":{"name":"lb_game_zs","texture":"07ZNYzQ6lKEaLJw1gv43KB","rect":[0,0,107,99],"offset":[-10.5,14.5],"originalSize":[128,128],"capInsets":[0,0,0,0]}},{"__type__":"cc.BitmapFont","_name":"lb_game_zs","spriteFrame":{"__uuid__":"51hBwSYTxECr9AiQKPhRKy"},"fontSize":1,"_fntConfig":{"commonHeight":33,"fontSize":1,"atlasName":"lb_game_zs.png","fontDefDictionary":{"32":{"rect":{"x":0,"y":0,"width":0,"height":0},"xOffset":0,"yOffset":0,"xAdvance":27},"43":{"rect":{"x":23,"y":0,"width":27,"height":33},"xOffset":0,"yOffset":0,"xAdvance":27},"45":{"rect":{"x":0,"y":33,"width":27,"height":33},"xOffset":0,"yOffset":0,"xAdvance":27},"48":{"rect":{"x":50,"y":0,"width":27,"height":33},"xOffset":0,"yOffset":0,"xAdvance":27},"49":{"rect":{"x":0,"y":0,"width":23,"height":33},"xOffset":0,"yOffset":0,"xAdvance":23},"50":{"rect":{"x":0,"y":66,"width":27,"height":33},"xOffset":0,"yOffset":0,"xAdvance":27},"51":{"rect":{"x":27,"y":33,"width":27,"height":33},"xOffset":0,"yOffset":0,"xAdvance":27},"52":{"rect":{"x":77,"y":0,"width":27,"height":33},"xOffset":0,"yOffset":0,"xAdvance":27},"53":{"rect":{"x":27,"y":66,"width":27,"height":33},"xOffset":0,"yOffset":0,"xAdvance":27},"54":{"rect":{"x":54,"y":33,"width":27,"height":33},"xOffset":0,"yOffset":0,"xAdvance":27},"55":{"rect":{"x":54,"y":66,"width":27,"height":33},"xOffset":0,"yOffset":0,"xAdvance":27},"56":{"rect":{"x":81,"y":33,"width":27,"height":33},"xOffset":0,"yOffset":0,"xAdvance":27},"57":{"rect":{"x":81,"y":66,"width":27,"height":33},"xOffset":0,"yOffset":0,"xAdvance":27}},"kerningDict":{}}}]