[{"__type__":"cc.SpriteFrame","content":{"name":"ani_xh_01","texture":"typdk6a5-70a5-4a30-9ad8-4e2cb1d1257c","rect":[0,0,51,53],"offset":[0,0],"originalSize":[51,53],"capInsets":[0,0,0,0]}},[{"__type__":"cc.Prefab","_name":"xianhuaPrefab","data":{"__id__":1}},{"__type__":"cc.Node","_name":"xianhuaPrefab","_components":[{"__type__":"cc.Sprite","node":{"__id__":1},"_spriteFrame":{"__uuid__":"typdk025-14ca-476e-9a34-2cbf1ad0e579"}},{"__type__":"cc.Animation","node":{"__id__":1},"_defaultClip":{"__uuid__":"typdkd92-e17d-4245-8bdf-63335d010215"},"_clips":[{"__uuid__":"typdkd92-e17d-4245-8bdf-63335d010215"}]}],"_prefab":{"__type__":"cc.PrefabInfo","root":{"__id__":1},"asset":{"__uuid__":"typdk961-dad4-4b12-9f98-17647a12b71e"},"fileId":"37KM3NRDFLZJ5SMRChhu/+"},"_contentSize":{"__type__":"cc.Size","width":51,"height":53},"_trs":{"__type__":"TypedArray","ctor":"Float64Array","array":[0,0,0,0,0,0,1,1,1,1]}}]]