[[{"__type__":"cc.Prefab","_name":"pdk_XiuXUIPublicHead","data":{"__id__":1}},{"__type__":"cc.Node","_name":"pdk_XiuXUIPublicHead","_children":[{"__id__":2},{"__id__":25},{"__id__":27},{"__id__":28},{"__id__":29},{"__id__":34},{"__id__":35},{"__id__":40},{"__id__":41},{"__type__":"cc.Node","_name":"otherNode","_parent":{"__id__":1},"_prefab":{"__type__":"cc.PrefabInfo","root":{"__id__":1},"asset":{"__uuid__":"1aPNj1LDFIPqiD6UzqtBpA"},"fileId":"5daQLZwFZKWahw6U1DyCga"},"_trs":{"__type__":"TypedArray","ctor":"Float64Array","array":[0,0,0,0,0,0,1,1,1,1]}},{"__id__":42},{"__id__":43}],"_components":[{"__type__":"f451a6iS5BOZoL9szN9+pEu","node":{"__id__":1},"touxiang":{"__id__":2},"sp_chatdi_left":{"__id__":28},"sp_chatdi_right":{"__id__":34},"sp_chatdi_leftBottom":{"__id__":42},"sp_chatdi_rightBottom":{"__id__":43},"sp_audio_left":{"__id__":29},"sp_audio_right":{"__id__":35},"sp_lixian":{"__id__":18},"sp_likai":{"__id__":16},"btn_out":{"__id__":25},"zhuangjia":{"__id__":21},"fangzhu":{"__id__":22},"lb_name":{"__id__":7},"lb_jifen":{"__id__":11},"btn_head":{"__id__":3},"icon_auto":{"__id__":40},"face_ani":{"__id__":41},"icon_ready":{"__id__":27},"bg_box":{"__id__":20}}],"_prefab":{"__type__":"cc.PrefabInfo","root":{"__id__":1},"asset":{"__uuid__":"1aPNj1LDFIPqiD6UzqtBpA"},"fileId":"e4iJGEPTJO+oLp3oqc7vKm"},"_trs":{"__type__":"TypedArray","ctor":"Float64Array","array":[0,0,0,0,0,0,1,1,1,1]}},{"__type__":"cc.Node","_name":"touxiang","_parent":{"__id__":1},"_children":[{"__id__":3},{"__id__":4},{"__id__":15},{"__id__":16},{"__id__":18},{"__id__":20},{"__id__":21},{"__id__":22},{"__id__":23}],"_components":[{"__type__":"cc.Widget","node":{"__id__":2},"alignMode":0,"_alignFlags":9,"_left":-49,"_top":-49,"_bottom":177,"_originalHeight":73}],"_prefab":{"__type__":"cc.PrefabInfo","root":{"__id__":1},"asset":{"__uuid__":"1aPNj1LDFIPqiD6UzqtBpA"},"fileId":"40tmjANwpC9a69YiJChJQx"},"_contentSize":{"__type__":"cc.Size","width":98,"height":98},"_trs":{"__type__":"TypedArray","ctor":"Float64Array","array":[0,0,0,0,0,0,1,1,1,1]}},{"__type__":"cc.Node","_name":"btn_head","_parent":{"__id__":2},"_components":[{"__type__":"cc.Sprite","node":{"__id__":3},"_materials":[{"__uuid__":"ecpdLyjvZBwrvm+cedCcQy"}],"_spriteFrame":{"__uuid__":"typdkbd4-6d8e-4361-aae8-91caca6f2355"},"_sizeMode":0,"_isTrimmedMode":false},{"__type__":"cc.Button","node":{"__id__":3},"zoomScale":0.9,"clickEvents":[{"__type__":"cc.ClickEvent","target":{"__id__":1},"_componentId":"f451a6iS5BOZoL9szN9+pEu","handler":"OnClick_BtnWnd"}],"_N$transition":3,"transition":3,"_N$normalColor":{"__type__":"cc.Color","r":214,"g":214,"b":214},"_N$target":{"__id__":3}},{"__type__":"typdk551-cdf7-4ff7-b9d1-ff119733cfed","node":{"__id__":3},"JS_Name":"sss_BaseComponent"}],"_prefab":{"__type__":"cc.PrefabInfo","root":{"__id__":1},"asset":{"__uuid__":"1aPNj1LDFIPqiD6UzqtBpA"},"fileId":"a9udyX/q1FSqG1WwiSDNiM"},"_contentSize":{"__type__":"cc.Size","width":100,"height":100},"_trs":{"__type__":"TypedArray","ctor":"Float64Array","array":[0,0,0,0,0,0,1,1,1,1]}},{"__type__":"cc.Node","_name":"sp_info","_parent":{"__id__":2},"_children":[{"__id__":5},{"__id__":6},{"__id__":8},{"__id__":9},{"__id__":12}],"_components":[{"__type__":"cc.Sprite","node":{"__id__":4},"_materials":[{"__uuid__":"ecpdLyjvZBwrvm+cedCcQy"}],"_spriteFrame":{"__uuid__":"4bGxaYoF1BPYOFm3uLmfAp"},"_type":1,"_sizeMode":2}],"_prefab":{"__type__":"cc.PrefabInfo","root":{"__id__":1},"asset":{"__uuid__":"1aPNj1LDFIPqiD6UzqtBpA"},"fileId":"71F08OOmZHeJqQi2pqwVJj"},"_contentSize":{"__type__":"cc.Size","width":109,"height":109},"_trs":{"__type__":"TypedArray","ctor":"Float64Array","array":[0,0,0,0,0,0,1,1,1,1]}},{"__type__":"cc.Node","_name":"bg_name","_parent":{"__id__":4},"_components":[{"__type__":"cc.Sprite","node":{"__id__":5},"_materials":[{"__uuid__":"ecpdLyjvZBwrvm+cedCcQy"}],"_spriteFrame":{"__uuid__":"995VXcTm5DA5RHO7ZmWwQb"}}],"_prefab":{"__type__":"cc.PrefabInfo","root":{"__id__":1},"asset":{"__uuid__":"1aPNj1LDFIPqiD6UzqtBpA"},"fileId":"6bvwcumaZLIKA4jnXi8Lq9"},"_contentSize":{"__type__":"cc.Size","width":94,"height":24},"_trs":{"__type__":"TypedArray","ctor":"Float64Array","array":[0,-36,0,0,0,0,1,1,1,1]}},{"__type__":"cc.Node","_name":"lb_name","_parent":{"__id__":4},"_components":[{"__id__":7}],"_prefab":{"__type__":"cc.PrefabInfo","root":{"__id__":1},"asset":{"__uuid__":"1aPNj1LDFIPqiD6UzqtBpA"},"fileId":"afHySpzK1FLYJR9PGtubfi"},"_contentSize":{"__type__":"cc.Size","width":36,"height":32.76},"_trs":{"__type__":"TypedArray","ctor":"Float64Array","array":[0,-36,0,0,0,0,1,1,1,1]}},{"__type__":"cc.Label","node":{"__id__":6},"_materials":[{"__uuid__":"ecpdLyjvZBwrvm+cedCcQy"}],"_useOriginalSize":false,"_string":"昵称","_N$string":"昵称","_fontSize":18,"_lineHeight":26,"_N$file":{"__uuid__":"typdk345-cbe0-4203-a8ca-8141b2e63f4f"},"_isSystemFontUsed":false,"_N$horizontalAlign":1,"_N$verticalAlign":1},{"__type__":"cc.Node","_name":"img_jb","_parent":{"__id__":4},"_active":false,"_components":[{"__type__":"cc.Sprite","node":{"__id__":8},"_materials":[{"__uuid__":"ecpdLyjvZBwrvm+cedCcQy"}],"_spriteFrame":{"__uuid__":"typdk467-099b-4d45-9f11-66b941b2e99c"}}],"_prefab":{"__type__":"cc.PrefabInfo","root":{"__id__":1},"asset":{"__uuid__":"1aPNj1LDFIPqiD6UzqtBpA"},"fileId":"d18FwY2tNM0ZFMOzTht2Wx"},"_contentSize":{"__type__":"cc.Size","width":26,"height":28},"_trs":{"__type__":"TypedArray","ctor":"Float64Array","array":[-32.396,-64.048,0,0,0,0,1,1,1,1]}},{"__type__":"cc.Node","_name":"bg_jifen","_parent":{"__id__":4},"_children":[{"__id__":10}],"_components":[{"__type__":"cc.Sprite","node":{"__id__":9},"_materials":[{"__uuid__":"ecpdLyjvZBwrvm+cedCcQy"}],"_spriteFrame":{"__uuid__":"d3ubf57gZCCIINoh0YxjGs"}}],"_prefab":{"__type__":"cc.PrefabInfo","root":{"__id__":1},"asset":{"__uuid__":"1aPNj1LDFIPqiD6UzqtBpA"},"fileId":"5bmsratj5GD59d0ZdsmW62"},"_contentSize":{"__type__":"cc.Size","width":100,"height":28},"_trs":{"__type__":"TypedArray","ctor":"Float64Array","array":[0,-72,0,0,0,0,1,1,1,1]}},{"__type__":"cc.Node","_name":"lb_jifen","_parent":{"__id__":9},"_components":[{"__id__":11}],"_prefab":{"__type__":"cc.PrefabInfo","root":{"__id__":1},"asset":{"__uuid__":"1aPNj1LDFIPqiD6UzqtBpA"},"fileId":"24iJK/A3BMsa9P0b6CTCAn"},"_contentSize":{"__type__":"cc.Size","width":100,"height":27.72},"_trs":{"__type__":"TypedArray","ctor":"Float64Array","array":[0,-0.484,0,0,0,0,1,1,1,1]}},{"__type__":"cc.Label","node":{"__id__":10},"_materials":[{"__uuid__":"ecpdLyjvZBwrvm+cedCcQy"}],"_useOriginalSize":false,"_string":"100","_N$string":"100","_fontSize":22,"_lineHeight":22,"_enableWrapText":false,"_N$file":{"__uuid__":"typdk345-cbe0-4203-a8ca-8141b2e63f4f"},"_isSystemFontUsed":false,"_N$horizontalAlign":1,"_N$verticalAlign":1,"_N$overflow":2},{"__type__":"cc.Node","_name":"bg_SportsPoint","_parent":{"__id__":4},"_children":[{"__id__":13}],"_components":[{"__type__":"cc.Sprite","node":{"__id__":12},"_materials":[{"__uuid__":"ecpdLyjvZBwrvm+cedCcQy"}],"_spriteFrame":{"__uuid__":"1dPQdCvO1JtLmgmqTKp8Ko"}}],"_prefab":{"__type__":"cc.PrefabInfo","root":{"__id__":1},"asset":{"__uuid__":"1aPNj1LDFIPqiD6UzqtBpA"},"fileId":"efQBSaNX9GVKScphmuux9l"},"_contentSize":{"__type__":"cc.Size","width":100,"height":28},"_trs":{"__type__":"TypedArray","ctor":"Float64Array","array":[0,-105,0,0,0,0,1,1,1,1]}},{"__type__":"cc.Node","_name":"lb_SportsPoint","_parent":{"__id__":12},"_children":[{"__id__":14}],"_components":[{"__type__":"cc.Label","node":{"__id__":13},"_materials":[{"__uuid__":"ecpdLyjvZBwrvm+cedCcQy"}],"_useOriginalSize":false,"_string":"100","_N$string":"100","_fontSize":20,"_lineHeight":24,"_enableWrapText":false,"_N$file":{"__uuid__":"typdk345-cbe0-4203-a8ca-8141b2e63f4f"},"_isSystemFontUsed":false,"_N$horizontalAlign":1,"_N$verticalAlign":1}],"_prefab":{"__type__":"cc.PrefabInfo","root":{"__id__":1},"asset":{"__uuid__":"1aPNj1LDFIPqiD6UzqtBpA"},"fileId":"69Qj0Vy41NEI+sHLs+olBu"},"_contentSize":{"__type__":"cc.Size","width":30.16,"height":30.24},"_anchorPoint":{"__type__":"cc.Vec2","y":0.5},"_trs":{"__type__":"TypedArray","ctor":"Float64Array","array":[14,0,0,0,0,0,1,1,1,1]}},{"__type__":"cc.Node","_name":"lb_zi","_parent":{"__id__":13},"_components":[{"__type__":"cc.Label","node":{"__id__":14},"_materials":[{"__uuid__":"ecpdLyjvZBwrvm+cedCcQy"}],"_useOriginalSize":false,"_string":"比赛分","_N$string":"比赛分","_fontSize":18,"_lineHeight":24,"_enableWrapText":false,"_N$file":{"__uuid__":"typdk345-cbe0-4203-a8ca-8141b2e63f4f"},"_isSystemFontUsed":false,"_N$horizontalAlign":1,"_N$verticalAlign":1}],"_prefab":{"__type__":"cc.PrefabInfo","root":{"__id__":1},"asset":{"__uuid__":"1aPNj1LDFIPqiD6UzqtBpA"},"fileId":"e4yQyVxRZM+4sMdm4V5cxS"},"_contentSize":{"__type__":"cc.Size","width":54,"height":30.24},"_trs":{"__type__":"TypedArray","ctor":"Float64Array","array":[-32.208,0,0,0,0,0,1,1,1,1]}},{"__type__":"cc.Node","_name":"btn_headkuang","_parent":{"__id__":2},"_active":false,"_components":[{"__type__":"cc.Sprite","node":{"__id__":15},"_sizeMode":2,"_isTrimmedMode":false},{"__type__":"cc.Widget","node":{"__id__":15},"alignMode":0,"_alignFlags":18,"_top":27}],"_prefab":{"__type__":"cc.PrefabInfo","root":{"__id__":1},"asset":{"__uuid__":"1aPNj1LDFIPqiD6UzqtBpA"},"fileId":"efBf05p65HWag8vI4Ine1l"},"_contentSize":{"__type__":"cc.Size","width":62,"height":62},"_trs":{"__type__":"TypedArray","ctor":"Float64Array","array":[0,0,0,0,0,0,1,1,1,1]}},{"__type__":"cc.Node","_name":"sp_likai","_parent":{"__id__":2},"_children":[{"__id__":17}],"_active":false,"_components":[{"__type__":"cc.Sprite","node":{"__id__":16},"_materials":[{"__uuid__":"ecpdLyjvZBwrvm+cedCcQy"}],"_spriteFrame":{"__uuid__":"typdk848-ef3d-4bf7-a1e5-72faae17c63c"},"_sizeMode":0}],"_prefab":{"__type__":"cc.PrefabInfo","root":{"__id__":1},"asset":{"__uuid__":"1aPNj1LDFIPqiD6UzqtBpA"},"fileId":"8f2qBQo6VLg7rI8IBg68ic"},"_contentSize":{"__type__":"cc.Size","width":100,"height":100},"_trs":{"__type__":"TypedArray","ctor":"Float64Array","array":[0,0,0,0,0,0,1,1,1,1]}},{"__type__":"cc.Node","_name":"icon","_parent":{"__id__":16},"_components":[{"__type__":"cc.Sprite","node":{"__id__":17},"_materials":[{"__uuid__":"ecpdLyjvZBwrvm+cedCcQy"}],"_spriteFrame":{"__uuid__":"typdkc6a-a7c7-49fd-9381-ad6cc3ff3deb"},"_sizeMode":0}],"_prefab":{"__type__":"cc.PrefabInfo","root":{"__id__":1},"asset":{"__uuid__":"1aPNj1LDFIPqiD6UzqtBpA"},"fileId":"4cQtRM1J5EM4653y6M70hx"},"_contentSize":{"__type__":"cc.Size","width":66,"height":24},"_trs":{"__type__":"TypedArray","ctor":"Float64Array","array":[0,0,0,0,0,0,1,0.8,0.8,1]}},{"__type__":"cc.Node","_name":"sp_lixian","_parent":{"__id__":2},"_children":[{"__id__":19}],"_active":false,"_components":[{"__type__":"cc.Sprite","node":{"__id__":18},"_materials":[{"__uuid__":"ecpdLyjvZBwrvm+cedCcQy"}],"_spriteFrame":{"__uuid__":"typdk848-ef3d-4bf7-a1e5-72faae17c63c"},"_sizeMode":0}],"_prefab":{"__type__":"cc.PrefabInfo","root":{"__id__":1},"asset":{"__uuid__":"1aPNj1LDFIPqiD6UzqtBpA"},"fileId":"43lWe/23dJCYKGl8UrP7CI"},"_contentSize":{"__type__":"cc.Size","width":100,"height":100},"_trs":{"__type__":"TypedArray","ctor":"Float64Array","array":[0,0,0,0,0,0,1,1,1,1]}},{"__type__":"cc.Node","_name":"icon","_parent":{"__id__":18},"_components":[{"__type__":"cc.Sprite","node":{"__id__":19},"_materials":[{"__uuid__":"ecpdLyjvZBwrvm+cedCcQy"}],"_spriteFrame":{"__uuid__":"typdk327-6ff5-40a1-8849-8383fa79f622"},"_sizeMode":0}],"_prefab":{"__type__":"cc.PrefabInfo","root":{"__id__":1},"asset":{"__uuid__":"1aPNj1LDFIPqiD6UzqtBpA"},"fileId":"abLBXmN6tJcLLw17jaraUB"},"_contentSize":{"__type__":"cc.Size","width":66,"height":24},"_trs":{"__type__":"TypedArray","ctor":"Float64Array","array":[0,0,0,0,0,0,1,0.8,0.8,1]}},{"__type__":"cc.Node","_name":"bg_box","_parent":{"__id__":2},"_components":[{"__type__":"cc.Sprite","node":{"__id__":20},"_materials":[{"__uuid__":"ecpdLyjvZBwrvm+cedCcQy"}]}],"_prefab":{"__type__":"cc.PrefabInfo","root":{"__id__":1},"asset":{"__uuid__":"1aPNj1LDFIPqiD6UzqtBpA"},"fileId":"0eWUpB8xJMDKyC0ByG1GRX"},"_contentSize":{"__type__":"cc.Size","width":96,"height":96},"_trs":{"__type__":"TypedArray","ctor":"Float64Array","array":[0,0,0,0,0,0,1,1,1,1]}},{"__type__":"cc.Node","_name":"zhuangjia","_parent":{"__id__":2},"_components":[{"__type__":"cc.Sprite","node":{"__id__":21},"_materials":[{"__uuid__":"ecpdLyjvZBwrvm+cedCcQy"}],"_spriteFrame":{"__uuid__":"ccJe240VtDPq7C9EvejwNx"}}],"_prefab":{"__type__":"cc.PrefabInfo","root":{"__id__":1},"asset":{"__uuid__":"1aPNj1LDFIPqiD6UzqtBpA"},"fileId":"3dVxMoJM5N9ZRV+CyIXUbm"},"_contentSize":{"__type__":"cc.Size","width":48,"height":48},"_trs":{"__type__":"TypedArray","ctor":"Float64Array","array":[-40.532,39.606,0,0,0,0,1,0.8,0.8,1]}},{"__type__":"cc.Node","_name":"fangzhu","_parent":{"__id__":2},"_components":[{"__type__":"cc.Sprite","node":{"__id__":22},"_materials":[{"__uuid__":"ecpdLyjvZBwrvm+cedCcQy"}],"_spriteFrame":{"__uuid__":"447kkXpoFNzLyvJ8qOH6lw"}}],"_prefab":{"__type__":"cc.PrefabInfo","root":{"__id__":1},"asset":{"__uuid__":"1aPNj1LDFIPqiD6UzqtBpA"},"fileId":"7cRkjAWbZCpIHJD1h7h32b"},"_contentSize":{"__type__":"cc.Size","width":29,"height":43},"_trs":{"__type__":"TypedArray","ctor":"Float64Array","array":[37,32,0,0,0,0,1,1,1,1]}},{"__type__":"cc.Node","_name":"useTimeNode","_parent":{"__id__":2},"_children":[{"__id__":24}],"_components":[{"__type__":"cc.Sprite","node":{"__id__":23},"_materials":[{"__uuid__":"ecpdLyjvZBwrvm+cedCcQy"}],"_spriteFrame":{"__uuid__":"6aRH6qEyZC7YwmzLRind3g"}}],"_prefab":{"__type__":"cc.PrefabInfo","root":{"__id__":1},"asset":{"__uuid__":"1aPNj1LDFIPqiD6UzqtBpA"},"fileId":"cdNA3H2d5BP6JBNe4sVxIg"},"_contentSize":{"__type__":"cc.Size","width":19,"height":18},"_trs":{"__type__":"TypedArray","ctor":"Float64Array","array":[-22,69,0,0,0,0,1,1,1,1]}},{"__type__":"cc.Node","_name":"lb_useTime","_parent":{"__id__":23},"_components":[{"__type__":"cc.Label","node":{"__id__":24},"_materials":[{"__uuid__":"ecpdLyjvZBwrvm+cedCcQy"},null],"_useOriginalSize":false,"_string":"180s","_N$string":"180s","_fontSize":25,"_lineHeight":25,"_N$horizontalAlign":1,"_N$verticalAlign":1},{"__type__":"cc.LabelOutline","node":{"__id__":24},"_color":{"__type__":"cc.Color","r":101,"g":101,"b":101},"_width":2}],"_prefab":{"__type__":"cc.PrefabInfo","root":{"__id__":1},"asset":{"__uuid__":"1aPNj1LDFIPqiD6UzqtBpA"},"fileId":"9bfL0GIXVDDbUnCs2mmMUf"},"_color":{"__type__":"cc.Color","g":230,"b":181},"_contentSize":{"__type__":"cc.Size","width":58.21,"height":35.5},"_anchorPoint":{"__type__":"cc.Vec2","y":0.5},"_trs":{"__type__":"TypedArray","ctor":"Float64Array","array":[10,0,0,0,0,0,1,1,1,1]}},{"__type__":"cc.Node","_name":"btn_out","_parent":{"__id__":1},"_children":[{"__id__":26}],"_active":false,"_components":[{"__type__":"cc.Sprite","node":{"__id__":25},"_materials":[{"__uuid__":"ecpdLyjvZBwrvm+cedCcQy"}],"_spriteFrame":{"__uuid__":"typdk8b2-6716-419b-9561-950bca95e809"},"_type":1,"_sizeMode":0},{"__type__":"cc.Button","node":{"__id__":25},"zoomScale":0.9,"clickEvents":[{"__type__":"cc.ClickEvent","target":{"__id__":1},"_componentId":"f451a6iS5BOZoL9szN9+pEu","handler":"OnClick_BtnWnd"}],"_N$transition":3,"transition":3,"_N$pressedColor":{"__type__":"cc.Color","r":255,"g":255,"b":255},"pressedColor":{"__type__":"cc.Color","r":255,"g":255,"b":255},"_N$disabledColor":{"__type__":"cc.Color","r":255,"g":255,"b":255},"_N$pressedSprite":{"__uuid__":"e97GVMl6JHh5Ml5qEDdSGa"},"pressedSprite":{"__uuid__":"e97GVMl6JHh5Ml5qEDdSGa"},"_N$hoverSprite":{"__uuid__":"e97GVMl6JHh5Ml5qEDdSGa"},"hoverSprite":{"__uuid__":"e97GVMl6JHh5Ml5qEDdSGa"},"_N$disabledSprite":{"__uuid__":"29FYIk+N1GYaeWH/q1NxQO"},"_N$target":{"__id__":25}},{"__type__":"cc.Widget","node":{"__id__":25},"alignMode":0,"_alignFlags":33,"_right":-51,"_top":90.335}],"_prefab":{"__type__":"cc.PrefabInfo","root":{"__id__":1},"asset":{"__uuid__":"1aPNj1LDFIPqiD6UzqtBpA"},"fileId":"6c/dklH5xGoJZDnnW8mQQk"},"_contentSize":{"__type__":"cc.Size","width":102,"height":40},"_trs":{"__type__":"TypedArray","ctor":"Float64Array","array":[0,-110.335,0,0,0,0,1,1,1,1]}},{"__type__":"cc.Node","_name":"Label","_parent":{"__id__":25},"_components":[{"__type__":"cc.Label","node":{"__id__":26},"_materials":[{"__uuid__":"ecpdLyjvZBwrvm+cedCcQy"}],"_useOriginalSize":false,"_string":"请出包间","_N$string":"请出包间","_fontSize":20,"_lineHeight":24,"_enableWrapText":false,"_N$file":{"__uuid__":"typdk345-cbe0-4203-a8ca-8141b2e63f4f"},"_isSystemFontUsed":false,"_N$horizontalAlign":1,"_N$verticalAlign":1,"_N$overflow":1}],"_prefab":{"__type__":"cc.PrefabInfo","root":{"__id__":1},"asset":{"__uuid__":"1aPNj1LDFIPqiD6UzqtBpA"},"fileId":"27EBP6JtpPeKdN8tNl6Dx9"},"_color":{"__type__":"cc.Color","r":124,"g":41,"b":1},"_contentSize":{"__type__":"cc.Size","width":100,"height":40},"_trs":{"__type__":"TypedArray","ctor":"Float64Array","array":[0,0,0,0,0,0,1,1,1,1]}},{"__type__":"cc.Node","_name":"icon_ready","_parent":{"__id__":1},"_components":[{"__type__":"cc.Sprite","node":{"__id__":27},"_materials":[{"__uuid__":"ecpdLyjvZBwrvm+cedCcQy"}],"_spriteFrame":{"__uuid__":"92+siEKnxE8aOHapvBnDsl"}}],"_prefab":{"__type__":"cc.PrefabInfo","root":{"__id__":1},"asset":{"__uuid__":"1aPNj1LDFIPqiD6UzqtBpA"},"fileId":"940gVWr8tB/b8FSYvHnYt2"},"_contentSize":{"__type__":"cc.Size","width":137,"height":73},"_trs":{"__type__":"TypedArray","ctor":"Float64Array","array":[145,0,0,0,0,0,1,1,1,1]}},{"__type__":"cc.Node","_name":"sp_chatdi_left","_parent":{"__id__":1},"_active":false,"_components":[{"__type__":"cc.Sprite","node":{"__id__":28},"_materials":[{"__uuid__":"ecpdLyjvZBwrvm+cedCcQy"}],"_spriteFrame":{"__uuid__":"typdk912-a3fe-47e6-b19c-3fee6bbfe5ca"},"_type":1,"_sizeMode":0},{"__type__":"cc.Layout","node":{"__id__":28},"_layoutSize":{"__type__":"cc.Size","width":380,"height":100},"_N$paddingLeft":22,"_N$paddingRight":5}],"_prefab":{"__type__":"cc.PrefabInfo","root":{"__id__":1},"asset":{"__uuid__":"1aPNj1LDFIPqiD6UzqtBpA"},"fileId":"d45dgmcyxGBrmQzOsXGh2X"},"_contentSize":{"__type__":"cc.Size","width":380,"height":100},"_anchorPoint":{"__type__":"cc.Vec2","y":0.5},"_trs":{"__type__":"TypedArray","ctor":"Float64Array","array":[-50,0,0,0,0,-1,6.123233995736766e-17,1,1,1]},"_eulerAngles":{"__type__":"cc.Vec3","z":-180}},{"__type__":"cc.Node","_name":"sp_audio_left","_parent":{"__id__":1},"_children":[{"__id__":30},{"__id__":31},{"__id__":32},{"__id__":33}],"_active":false,"_components":[{"__type__":"cc.Sprite","node":{"__id__":29},"_materials":[{"__uuid__":"ecpdLyjvZBwrvm+cedCcQy"}],"_spriteFrame":{"__uuid__":"typdk164-ace8-40d3-8f22-4991c0f9cfeb"}},{"__type__":"cc.Animation","node":{"__id__":29},"_clips":[{"__uuid__":"typdk872-18f6-478f-9528-8c5cdd75bb29"}]}],"_prefab":{"__type__":"cc.PrefabInfo","root":{"__id__":1},"asset":{"__uuid__":"1aPNj1LDFIPqiD6UzqtBpA"},"fileId":"fbJAXgjPtDxoBwwdZrdiHH"},"_contentSize":{"__type__":"cc.Size","width":160,"height":95},"_trs":{"__type__":"TypedArray","ctor":"Float64Array","array":[-130,0,0,0,0,0,1,1,-1,1]}},{"__type__":"cc.Node","_name":"icon_chat_huatong","_parent":{"__id__":29},"_components":[{"__type__":"cc.Sprite","node":{"__id__":30},"_materials":[{"__uuid__":"ecpdLyjvZBwrvm+cedCcQy"}],"_spriteFrame":{"__uuid__":"typdk5f1-ea3b-4e13-ba50-775ad6a108fc"}}],"_prefab":{"__type__":"cc.PrefabInfo","root":{"__id__":1},"asset":{"__uuid__":"1aPNj1LDFIPqiD6UzqtBpA"},"fileId":"c5OmjF4gNJppt2u2UrnAHR"},"_contentSize":{"__type__":"cc.Size","width":22,"height":26},"_trs":{"__type__":"TypedArray","ctor":"Float64Array","array":[4.800000000000001,-0.9,0,0,0,0,1,-1,1,1]}},{"__type__":"cc.Node","_name":"icon_chat_huatong3","_parent":{"__id__":29},"_components":[{"__type__":"cc.Sprite","node":{"__id__":31},"_materials":[{"__uuid__":"ecpdLyjvZBwrvm+cedCcQy"}],"_spriteFrame":{"__uuid__":"typdk074-466d-41ff-8601-1ae737c8b4ae"}}],"_prefab":{"__type__":"cc.PrefabInfo","root":{"__id__":1},"asset":{"__uuid__":"1aPNj1LDFIPqiD6UzqtBpA"},"fileId":"82ylrz5/BBSYAwkN6KGIbr"},"_contentSize":{"__type__":"cc.Size","width":7,"height":26},"_trs":{"__type__":"TypedArray","ctor":"Float64Array","array":[-27.1,-0.9,0,0,0,0,1,-1,1,1]}},{"__type__":"cc.Node","_name":"icon_chat_huatong2","_parent":{"__id__":29},"_components":[{"__type__":"cc.Sprite","node":{"__id__":32},"_materials":[{"__uuid__":"ecpdLyjvZBwrvm+cedCcQy"}],"_spriteFrame":{"__uuid__":"typdk41d-696c-42e9-820d-36509396bfad"}}],"_prefab":{"__type__":"cc.PrefabInfo","root":{"__id__":1},"asset":{"__uuid__":"1aPNj1LDFIPqiD6UzqtBpA"},"fileId":"fd4BVSm/hLX54WSbAY+OhP"},"_contentSize":{"__type__":"cc.Size","width":7,"height":22},"_trs":{"__type__":"TypedArray","ctor":"Float64Array","array":[-19.6,-0.9,0,0,0,0,1,-1,1,1]}},{"__type__":"cc.Node","_name":"icon_chat_huatong1","_parent":{"__id__":29},"_components":[{"__type__":"cc.Sprite","node":{"__id__":33},"_materials":[{"__uuid__":"ecpdLyjvZBwrvm+cedCcQy"}],"_spriteFrame":{"__uuid__":"typdkfa1-ba3b-4140-a1f1-f75aa167d8f3"}}],"_prefab":{"__type__":"cc.PrefabInfo","root":{"__id__":1},"asset":{"__uuid__":"1aPNj1LDFIPqiD6UzqtBpA"},"fileId":"19gTZtwYtC9Jb7V6505Znq"},"_contentSize":{"__type__":"cc.Size","width":4,"height":12},"_trs":{"__type__":"TypedArray","ctor":"Float64Array","array":[-11.700000000000003,-0.9,0,0,0,0,1,-1,1,1]}},{"__type__":"cc.Node","_name":"sp_chatdi_right","_parent":{"__id__":1},"_active":false,"_components":[{"__type__":"cc.Sprite","node":{"__id__":34},"_materials":[{"__uuid__":"ecpdLyjvZBwrvm+cedCcQy"}],"_spriteFrame":{"__uuid__":"typdk912-a3fe-47e6-b19c-3fee6bbfe5ca"},"_type":1,"_sizeMode":0},{"__type__":"cc.Layout","node":{"__id__":34},"_layoutSize":{"__type__":"cc.Size","width":370,"height":100},"_N$paddingLeft":22}],"_prefab":{"__type__":"cc.PrefabInfo","root":{"__id__":1},"asset":{"__uuid__":"1aPNj1LDFIPqiD6UzqtBpA"},"fileId":"b2q8dIQYtGOrp0lwxhb5fS"},"_contentSize":{"__type__":"cc.Size","width":370,"height":100},"_anchorPoint":{"__type__":"cc.Vec2","y":0.5},"_trs":{"__type__":"TypedArray","ctor":"Float64Array","array":[50,0,0,0,0,0,1,1,1,1]}},{"__type__":"cc.Node","_name":"sp_audio_right","_parent":{"__id__":1},"_children":[{"__id__":36},{"__id__":37},{"__id__":38},{"__id__":39}],"_active":false,"_components":[{"__type__":"cc.Sprite","node":{"__id__":35},"_materials":[{"__uuid__":"ecpdLyjvZBwrvm+cedCcQy"}],"_spriteFrame":{"__uuid__":"typdk164-ace8-40d3-8f22-4991c0f9cfeb"}},{"__type__":"cc.Animation","node":{"__id__":35},"_clips":[{"__uuid__":"typdk872-18f6-478f-9528-8c5cdd75bb29"}]}],"_prefab":{"__type__":"cc.PrefabInfo","root":{"__id__":1},"asset":{"__uuid__":"1aPNj1LDFIPqiD6UzqtBpA"},"fileId":"d2tnDxwStC+K80pc/Y4OE5"},"_contentSize":{"__type__":"cc.Size","width":160,"height":95},"_trs":{"__type__":"TypedArray","ctor":"Float64Array","array":[130,0,0,0,0,0,1,-1,1,1]}},{"__type__":"cc.Node","_name":"icon_chat_huatong","_parent":{"__id__":35},"_components":[{"__type__":"cc.Sprite","node":{"__id__":36},"_materials":[{"__uuid__":"ecpdLyjvZBwrvm+cedCcQy"}],"_spriteFrame":{"__uuid__":"typdk5f1-ea3b-4e13-ba50-775ad6a108fc"}}],"_prefab":{"__type__":"cc.PrefabInfo","root":{"__id__":1},"asset":{"__uuid__":"1aPNj1LDFIPqiD6UzqtBpA"},"fileId":"0firvPwFNEiIaHzlPfJ8lH"},"_contentSize":{"__type__":"cc.Size","width":22,"height":26},"_trs":{"__type__":"TypedArray","ctor":"Float64Array","array":[15,-3,0,0,0,0,1,-1,1,1]}},{"__type__":"cc.Node","_name":"icon_chat_huatong1","_parent":{"__id__":35},"_components":[{"__type__":"cc.Sprite","node":{"__id__":37},"_materials":[{"__uuid__":"ecpdLyjvZBwrvm+cedCcQy"}],"_spriteFrame":{"__uuid__":"typdkfa1-ba3b-4140-a1f1-f75aa167d8f3"}}],"_prefab":{"__type__":"cc.PrefabInfo","root":{"__id__":1},"asset":{"__uuid__":"1aPNj1LDFIPqiD6UzqtBpA"},"fileId":"92s+b7ZJ9KnY+YBm1PevZh"},"_contentSize":{"__type__":"cc.Size","width":4,"height":12},"_trs":{"__type__":"TypedArray","ctor":"Float64Array","array":[-7.4,-3,0,0,0,0,1,-1,1,1]}},{"__type__":"cc.Node","_name":"icon_chat_huatong2","_parent":{"__id__":35},"_components":[{"__type__":"cc.Sprite","node":{"__id__":38},"_materials":[{"__uuid__":"ecpdLyjvZBwrvm+cedCcQy"}],"_spriteFrame":{"__uuid__":"typdk41d-696c-42e9-820d-36509396bfad"}}],"_prefab":{"__type__":"cc.PrefabInfo","root":{"__id__":1},"asset":{"__uuid__":"1aPNj1LDFIPqiD6UzqtBpA"},"fileId":"89MQBq2JZM9pydhIPf+4eW"},"_contentSize":{"__type__":"cc.Size","width":7,"height":22},"_trs":{"__type__":"TypedArray","ctor":"Float64Array","array":[-14,-3,0,0,0,0,1,-1,1,1]}},{"__type__":"cc.Node","_name":"icon_chat_huatong3","_parent":{"__id__":35},"_components":[{"__type__":"cc.Sprite","node":{"__id__":39},"_materials":[{"__uuid__":"ecpdLyjvZBwrvm+cedCcQy"}],"_spriteFrame":{"__uuid__":"typdk074-466d-41ff-8601-1ae737c8b4ae"}}],"_prefab":{"__type__":"cc.PrefabInfo","root":{"__id__":1},"asset":{"__uuid__":"1aPNj1LDFIPqiD6UzqtBpA"},"fileId":"e8cAIfzwVHYoZMtcmn/0f6"},"_contentSize":{"__type__":"cc.Size","width":7,"height":26},"_trs":{"__type__":"TypedArray","ctor":"Float64Array","array":[-19,-3,0,0,0,0,1,-1,1,1]}},{"__type__":"cc.Node","_name":"icon_auto","_parent":{"__id__":1},"_active":false,"_components":[{"__type__":"cc.Sprite","node":{"__id__":40},"_materials":[{"__uuid__":"ecpdLyjvZBwrvm+cedCcQy"}],"_spriteFrame":{"__uuid__":"ceLTxvocNAkp3W8CAmYYrE"}}],"_prefab":{"__type__":"cc.PrefabInfo","root":{"__id__":1},"asset":{"__uuid__":"1aPNj1LDFIPqiD6UzqtBpA"},"fileId":"39yFN8OtpK8KAURxFjoUcI"},"_contentSize":{"__type__":"cc.Size","width":101,"height":101},"_trs":{"__type__":"TypedArray","ctor":"Float64Array","array":[0,2,0,0,0,0,1,1,1,1]}},{"__type__":"cc.Node","_name":"face_ani","_parent":{"__id__":1},"_components":[{"__type__":"cc.Sprite","node":{"__id__":41}},{"__type__":"cc.Animation","node":{"__id__":41},"_clips":[{"__uuid__":"typdk7c1-22c3-4c1b-8be1-2baf1d0bf714"},{"__uuid__":"typdk26a-e40e-4da0-a6e0-aefb58d6be8a"},{"__uuid__":"typdke0d-7a33-4f7e-8825-5bcb21611f8b"},{"__uuid__":"typdk8c2-5fc0-488d-ba36-a162971af284"},{"__uuid__":"typdk976-c0e0-4392-b6d0-224175e4da88"},{"__uuid__":"typdk2a2-9526-4afc-a5f6-8d6a6ddbc1d5"},{"__uuid__":"typdk3b4-f7b7-4366-9de5-0df256b8e72e"},{"__uuid__":"typdk25d-1596-4fa4-8c65-2eebe52086a0"},{"__uuid__":"typdk95c-4aec-4938-b153-ba03e346bb87"},{"__uuid__":"typdk310-3f56-46fa-8b6a-982da78b0fb4"},{"__uuid__":"typdkf40-1021-4fa8-b989-5abe1a6b47d3"},{"__uuid__":"typdkbb4-50a7-485b-a94f-8f1c3d6b5f38"}]}],"_prefab":{"__type__":"cc.PrefabInfo","root":{"__id__":1},"asset":{"__uuid__":"1aPNj1LDFIPqiD6UzqtBpA"},"fileId":"0dObtClmxIm4DbhBrhLmow"},"_contentSize":{"__type__":"cc.Size","width":82,"height":80},"_trs":{"__type__":"TypedArray","ctor":"Float64Array","array":[0,0,0,0,0,0,1,1.4,1.4,1]}},{"__type__":"cc.Node","_name":"sp_chatdi_leftBottom","_parent":{"__id__":1},"_active":false,"_components":[{"__type__":"cc.Sprite","node":{"__id__":42},"_spriteFrame":{"__uuid__":"typdk912-a3fe-47e6-b19c-3fee6bbfe5ca"},"_type":1,"_sizeMode":0},{"__type__":"cc.Layout","node":{"__id__":42},"_layoutSize":{"__type__":"cc.Size","width":380,"height":100},"_N$paddingLeft":22,"_N$paddingRight":5}],"_prefab":{"__type__":"cc.PrefabInfo","root":{"__id__":1},"asset":{"__uuid__":"1aPNj1LDFIPqiD6UzqtBpA"},"fileId":"14GjmVbFNKZaWonxjXkNBX"},"_contentSize":{"__type__":"cc.Size","width":380,"height":100},"_anchorPoint":{"__type__":"cc.Vec2","y":0.5},"_trs":{"__type__":"TypedArray","ctor":"Float64Array","array":[60,-90,0,0,0,-1,6.123233995736766e-17,1,1,1]},"_eulerAngles":{"__type__":"cc.Vec3","z":-180}},{"__type__":"cc.Node","_name":"sp_chatdi_rightBottom","_parent":{"__id__":1},"_active":false,"_components":[{"__type__":"cc.Sprite","node":{"__id__":43},"_spriteFrame":{"__uuid__":"typdk912-a3fe-47e6-b19c-3fee6bbfe5ca"},"_type":1,"_sizeMode":0},{"__type__":"cc.Layout","node":{"__id__":43},"_layoutSize":{"__type__":"cc.Size","width":370,"height":100},"_N$paddingLeft":22}],"_prefab":{"__type__":"cc.PrefabInfo","root":{"__id__":1},"asset":{"__uuid__":"1aPNj1LDFIPqiD6UzqtBpA"},"fileId":"45qy4BrUlOqbvOVxWtImO/"},"_contentSize":{"__type__":"cc.Size","width":370,"height":100},"_anchorPoint":{"__type__":"cc.Vec2","y":0.5},"_trs":{"__type__":"TypedArray","ctor":"Float64Array","array":[-60,-90,0,0,0,0,1,1,1,1]}}],{"__type__":"cc.SpriteFrame","content":{"name":"img_bsf2","texture":"fbu0th6QVAWq376mO7sC3c","rect":[0,0,100,28],"offset":[0,0],"originalSize":[100,28],"capInsets":[0,0,0,0]}},{"__type__":"cc.SpriteFrame","content":{"name":"default_btn_disabled","texture":"71VhFCTINJM6/Ky3oX9nBT","rect":[0,0,40,40],"offset":[0,0],"originalSize":[40,40],"capInsets":[12,12,12,12]}},{"__type__":"cc.SpriteFrame","content":{"name":"img_fz","texture":"b3O7LTbKZJxKGhX/eidLau","rect":[2,2,29,43],"offset":[0,0.5],"originalSize":[33,48],"capInsets":[0,0,0,0]}},{"__type__":"cc.SpriteFrame","content":{"name":"img_tx","texture":"62mD5AWLxOwrbr8oyWw5v9","rect":[0,1,109,108],"offset":[0,-0.5],"originalSize":[109,109],"capInsets":[0,0,0,0]}},{"__type__":"cc.SpriteFrame","content":{"name":"img_djs (2)","texture":"fdkrwa0VJDca3JKm/NZsuo","rect":[0,0,19,18],"offset":[0,0],"originalSize":[19,18],"capInsets":[0,0,0,0]}},{"__type__":"cc.SpriteFrame","content":{"name":"img_zb","texture":"d8EPhN1VxCOoMT9tN4Vfii","rect":[0,0,137,73],"offset":[0,0],"originalSize":[137,73],"capInsets":[0,0,0,0]}},{"__type__":"cc.SpriteFrame","content":{"name":"img_ncdi","texture":"69JLCsFPhBvLW5r94plakE","rect":[0,0,94,24],"offset":[0,0],"originalSize":[94,24],"capInsets":[0,0,0,0]}},{"__type__":"cc.SpriteFrame","content":{"name":"img_zhuang","texture":"81NQb+j4xMlb1hbE37Vt45","rect":[0,1,48,48],"offset":[-0.5,0],"originalSize":[49,50],"capInsets":[0,0,0,0]}},{"__type__":"cc.SpriteFrame","content":{"name":"img_tuoguan","texture":"32HEJctW5Gy4h9KOJKkkQb","rect":[0,0,101,101],"offset":[0,0],"originalSize":[101,101],"capInsets":[0,0,0,0]}},{"__type__":"cc.SpriteFrame","content":{"name":"img_bsf1","texture":"73Xjh3rMdM6KL8VWLVi2Do","rect":[0,0,100,28],"offset":[0,0],"originalSize":[100,28],"capInsets":[0,0,0,0]}},{"__type__":"cc.SpriteFrame","content":{"name":"default_btn_pressed","texture":"b4P/PCArtIdIH38t6mlw8Y","rect":[0,0,40,40],"offset":[0,0],"originalSize":[40,40],"capInsets":[12,12,12,12]}},{"__type__":"cc.SpriteFrame","content":{"name":"icon_chat_huatong3","texture":"typdka14-28af-4529-9d5c-e8142bdc05fc","rect":[0,0,7,26],"offset":[0,0],"originalSize":[7,26],"capInsets":[0,0,0,0]}},{"__type__":"cc.SpriteFrame","content":{"name":"bg_chat_you","texture":"typdkbcd-2bbe-4d65-8b64-dc1a24c2a72d","rect":[0,0,160,95],"offset":[0,0],"originalSize":[160,95],"capInsets":[44,0,56,0]}},{"__type__":"cc.SpriteFrame","content":{"name":"lixianzhong","texture":"typdk131-f6c7-4842-ba7b-401a5350b2d6","rect":[0,0,66,24],"offset":[0,0],"originalSize":[66,24],"capInsets":[0,0,0,0]}},{"__type__":"cc.SpriteFrame","content":{"name":"icon_chat_huatong2","texture":"typdk81d-6ea8-4f53-bae8-06b4dd16895d","rect":[0,0,7,22],"offset":[-0.5,0],"originalSize":[8,22],"capInsets":[0,0,0,0]}},{"__type__":"cc.SpriteFrame","content":{"name":"img_jb","texture":"typdk8fe-38d1-4227-bdc8-34077a33a795","rect":[0,0,26,28],"offset":[0,0],"originalSize":[26,28],"capInsets":[0,0,0,0]}},{"__type__":"cc.SpriteFrame","content":{"name":"icon_chat_huatong","texture":"typdk495-2a95-40c4-b79a-964c769094ef","rect":[0,0,22,26],"offset":[0,0],"originalSize":[22,26],"capInsets":[0,0,0,0]}},{"__type__":"cc.SpriteFrame","content":{"name":"img_tx02","texture":"typdk5c1-06df-4195-8f44-804a3755eafe","rect":[0,0,86,86],"offset":[0,0],"originalSize":[86,86],"capInsets":[0,0,0,0]}},{"__type__":"cc.SpriteFrame","content":{"name":"btn_yellow1","texture":"typdkd7b-1853-48ac-b438-52e339ef4811","rect":[0,0,243,77],"offset":[-0.5,0.5],"originalSize":[244,78],"capInsets":[0,0,0,0]}},{"__type__":"cc.SpriteFrame","content":{"name":"bg_chat_zuobg_g","texture":"typdk2a0-8660-4be8-83af-4c2844601ac5","rect":[0,0,160,95],"offset":[0,0],"originalSize":[160,95],"capInsets":[66,0,39,0]}},{"__type__":"cc.SpriteFrame","content":{"name":"morentouxiang","texture":"typdk652-0393-4ea1-84d8-1bdd3044f177","rect":[0,0,60,60],"offset":[0,0],"originalSize":[60,60],"capInsets":[0,0,0,0]}},{"__type__":"cc.SpriteFrame","content":{"name":"likaizhong","texture":"typdkec7-9f6f-45fb-a7b4-d322151fa8b7","rect":[0,0,66,24],"offset":[0,0],"originalSize":[66,24],"capInsets":[0,0,0,0]}},{"__type__":"cc.SpriteFrame","content":{"name":"icon_chat_huatong1","texture":"typdk383-b964-49e4-81bf-472198d91100","rect":[0,2,4,12],"offset":[-1,-1],"originalSize":[6,14],"capInsets":[0,0,0,0]}}]