[{"__type__":"cc.SpriteFrame","content":{"name":"img_t_zlz","texture":"8fPH+fvpVDJaDxaljSfV2s","rect":[0,0,82,26],"offset":[0,0],"originalSize":[82,26],"capInsets":[0,0,0,0]}},{"__type__":"cc.SpriteFrame","content":{"name":"img_zhuang","texture":"5e75vf3gpHCIsqbnywHtUF","rect":[0,0,108,105],"offset":[0,0],"originalSize":[108,105],"capInsets":[0,0,0,0]}},{"__type__":"cc.SpriteFrame","content":{"name":"img_fz","texture":"55Jdp1vitLkpYi+0vAceGv","rect":[0,0,35,35],"offset":[0,0],"originalSize":[35,35],"capInsets":[0,0,0,0]}},{"__type__":"cc.SpriteFrame","content":{"name":"img_fsdi","texture":"51rpq4fwRN5Jh4B+3Qf5Bp","rect":[0,0,108,29],"offset":[0,0],"originalSize":[108,29],"capInsets":[0,0,0,0]}},{"__type__":"cc.SpriteFrame","content":{"name":"default_btn_disabled","texture":"71VhFCTINJM6/Ky3oX9nBT","rect":[0,0,40,40],"offset":[0,0],"originalSize":[40,40],"capInsets":[12,12,12,12]}},{"__type__":"cc.SpriteFrame","content":{"name":"btn_qingli","texture":"28976Ych5Ibpv/4GSuJNUp","rect":[0,0,74,29],"offset":[0,0],"originalSize":[74,29],"capInsets":[0,0,0,0]}},{"__type__":"cc.SpriteFrame","content":{"name":"img_txk02","texture":"d6OuIlmQtBNa7sIFynbn34","rect":[0,0,108,147],"offset":[0,0],"originalSize":[108,147],"capInsets":[0,0,0,0]}},{"__type__":"cc.SpriteFrame","content":{"name":"img_buqiang","texture":"f3YKKH/olNyY47v9I+alJu","rect":[0,0,58,29],"offset":[0,0],"originalSize":[58,29],"capInsets":[0,0,0,0]}},{"__type__":"cc.SpriteFrame","content":{"name":"playerInfo_bg","texture":"b9oh/QaK5Pr44gN+fvxRwn","rect":[1,0,113,154],"offset":[0,0.5],"originalSize":[115,155],"capInsets":[0,0,0,0]}},{"__type__":"cc.SpriteFrame","content":{"name":"btn_huanzuo","texture":"9d7gYkkzJGEbDpe14Bjl6N","rect":[0,0,108,147],"offset":[0,0],"originalSize":[108,147],"capInsets":[0,0,0,0]}},[{"__type__":"cc.Prefab","_name":"UILSHead","data":{"__id__":1}},{"__type__":"cc.Node","_name":"UIFJSSZHead","_children":[{"__id__":2},{"__id__":21},{"__id__":22},{"__id__":23},{"__id__":24},{"__id__":29},{"__id__":30},{"__id__":35},{"__id__":36},{"__type__":"cc.Node","_name":"otherNode","_parent":{"__id__":1},"_prefab":{"__type__":"cc.PrefabInfo","root":{"__id__":1},"asset":{"__uuid__":"7aBv0pRlNOzoKuLxN9I0R1"},"fileId":"fdb412jwnVNcJfbT+Ybywwe"},"_trs":{"__type__":"TypedArray","ctor":"Float64Array","array":[0,0,0,0,0,0,1,1,1,1]}},{"__id__":37},{"__id__":38}],"_components":[{"__type__":"5c443St05xNtqhbq5VPmd3i","node":{"__id__":1},"lb_font":{"__uuid__":"fjssz345-cbe0-4203-a8ca-8141b2e63f4f"},"sp_head":[{"__uuid__":"fjsszefd-9886-42ee-9d03-76ae516b4320"},{"__uuid__":"32G8ICmaJPG72We+M1rz4z"},{"__uuid__":"73pGesnPFMcZsGNncX9nsv"}],"sp_playState":[{"__uuid__":"0e5VjtREFKrpoEDI188ifg"},{"__uuid__":"b2xUEs1R9JYYLhfvjgM9c4"},{"__uuid__":"91r17h0fFC9YA7UQwd/RXa"},{"__uuid__":"42is7UqnxE5LMovxqDXpIu"}]}],"_prefab":{"__type__":"cc.PrefabInfo","root":{"__id__":1},"asset":{"__uuid__":"7aBv0pRlNOzoKuLxN9I0R1"},"fileId":"aa7d4syXfxKr7NpppigG29O"},"_trs":{"__type__":"TypedArray","ctor":"Float64Array","array":[0,0,0,0,0,0,1,1,1,1]}},{"__type__":"cc.Node","_name":"touxiang","_parent":{"__id__":1},"_children":[{"__id__":3},{"__id__":10},{"__id__":11},{"__id__":12},{"__id__":13},{"__id__":15},{"__id__":17},{"__id__":18},{"__id__":19},{"__id__":20}],"_components":[{"__type__":"cc.Widget","node":{"__id__":2},"alignMode":0,"_alignFlags":9,"_left":-36.5,"_top":-36.5,"_bottom":177,"_originalHeight":73}],"_prefab":{"__type__":"cc.PrefabInfo","root":{"__id__":1},"asset":{"__uuid__":"7aBv0pRlNOzoKuLxN9I0R1"},"fileId":"4ef5e9yAT9P+aG277d3CEgm"},"_contentSize":{"__type__":"cc.Size","width":73,"height":73},"_trs":{"__type__":"TypedArray","ctor":"Float64Array","array":[0,0,0,0,0,0,1,1,1,1]}},{"__type__":"cc.Node","_name":"sp_info","_parent":{"__id__":2},"_children":[{"__id__":4},{"__id__":5},{"__id__":6},{"__id__":7},{"__id__":8}],"_components":[{"__type__":"cc.Sprite","node":{"__id__":3},"_materials":[{"__uuid__":"ecpdLyjvZBwrvm+cedCcQy"}],"_spriteFrame":{"__uuid__":"44n6bQM/tG7ahEvcIV/uod"}}],"_prefab":{"__type__":"cc.PrefabInfo","root":{"__id__":1},"asset":{"__uuid__":"7aBv0pRlNOzoKuLxN9I0R1"},"fileId":"a2d345fIgJJUbJ07l3FMjyV"},"_contentSize":{"__type__":"cc.Size","width":113,"height":154},"_trs":{"__type__":"TypedArray","ctor":"Float64Array","array":[0,0,0,0,0,0,1,1,1,1]}},{"__type__":"cc.Node","_name":"img_fsdi","_parent":{"__id__":3},"_components":[{"__type__":"cc.Sprite","node":{"__id__":4},"_materials":[{"__uuid__":"ecpdLyjvZBwrvm+cedCcQy"}],"_spriteFrame":{"__uuid__":"29Cnwkcs9HjK02S7KZjxYg"}}],"_prefab":{"__type__":"cc.PrefabInfo","root":{"__id__":1},"asset":{"__uuid__":"7aBv0pRlNOzoKuLxN9I0R1"},"fileId":"9cQNUT06RHWZsDG3cLZc2V"},"_contentSize":{"__type__":"cc.Size","width":87,"height":25},"_trs":{"__type__":"TypedArray","ctor":"Float64Array","array":[-2,-56.857,0,0,0,0,1,1,1,1]}},{"__type__":"cc.Node","_name":"lb_name","_parent":{"__id__":3},"_components":[{"__type__":"cc.Label","node":{"__id__":5},"_materials":[{"__uuid__":"ecpdLyjvZBwrvm+cedCcQy"}],"_useOriginalSize":false,"_string":"游客_12345","_N$string":"游客_12345","_fontSize":16,"_lineHeight":16,"_N$file":{"__uuid__":"fjssz345-cbe0-4203-a8ca-8141b2e63f4f"},"_isSystemFontUsed":false,"_N$horizontalAlign":1,"_N$verticalAlign":1}],"_prefab":{"__type__":"cc.PrefabInfo","root":{"__id__":1},"asset":{"__uuid__":"7aBv0pRlNOzoKuLxN9I0R1"},"fileId":"c7q63JlE1IfYDrYvzHqgxm"},"_contentSize":{"__type__":"cc.Size","width":82.38,"height":20.16},"_trs":{"__type__":"TypedArray","ctor":"Float64Array","array":[-0.2,-30.654,0,0,0,0,1,1,1,1]}},{"__type__":"cc.Node","_name":"lb_jifen","_parent":{"__id__":3},"_components":[{"__type__":"cc.Label","node":{"__id__":6},"_materials":[{"__uuid__":"ecpdLyjvZBwrvm+cedCcQy"}],"_useOriginalSize":false,"_string":"100","_N$string":"100","_fontSize":20,"_lineHeight":20,"_enableWrapText":false,"_N$horizontalAlign":1,"_N$verticalAlign":1,"_N$overflow":2}],"_prefab":{"__type__":"cc.PrefabInfo","root":{"__id__":1},"asset":{"__uuid__":"7aBv0pRlNOzoKuLxN9I0R1"},"fileId":"93013mnsz5G2JSflrk0KhIs"},"_contentSize":{"__type__":"cc.Size","width":100,"height":20},"_trs":{"__type__":"TypedArray","ctor":"Float64Array","array":[-0.9,-57.006,0,0,0,0,1,1,1,1]}},{"__type__":"cc.Node","_name":"lb_id","_parent":{"__id__":3},"_active":false,"_components":[{"__type__":"cc.Label","node":{"__id__":7},"_enabled":false,"_materials":[{"__uuid__":"ecpdLyjvZBwrvm+cedCcQy"}],"_useOriginalSize":false,"_string":"ID:872635","_N$string":"ID:872635","_fontSize":18,"_lineHeight":18,"_N$file":{"__uuid__":"fjssz345-cbe0-4203-a8ca-8141b2e63f4f"},"_isSystemFontUsed":false,"_N$horizontalAlign":1,"_N$verticalAlign":1}],"_prefab":{"__type__":"cc.PrefabInfo","root":{"__id__":1},"asset":{"__uuid__":"7aBv0pRlNOzoKuLxN9I0R1"},"fileId":"2bGW+alYxDN5QQ0pQ62f+a"},"_contentSize":{"__type__":"cc.Size","width":81.98,"height":22.68},"_trs":{"__type__":"TypedArray","ctor":"Float64Array","array":[-0.5,-85.3,0,0,0,0,1,1,1,1]}},{"__type__":"cc.Node","_name":"lb_SportsPoint","_parent":{"__id__":3},"_children":[{"__id__":9}],"_components":[{"__type__":"cc.Label","node":{"__id__":8},"_materials":[{"__uuid__":"ecpdLyjvZBwrvm+cedCcQy"}],"_useOriginalSize":false,"_string":"0","_N$string":"0","_fontSize":20,"_lineHeight":20,"_spacingX":-3,"_N$horizontalAlign":1,"_N$verticalAlign":1}],"_prefab":{"__type__":"cc.PrefabInfo","root":{"__id__":1},"asset":{"__uuid__":"7aBv0pRlNOzoKuLxN9I0R1"},"fileId":"fboaP6ogRM17dXe3MayExZ"},"_color":{"__type__":"cc.Color","r":193,"g":205,"b":164},"_contentSize":{"__type__":"cc.Size","width":11.12,"height":25.2},"_anchorPoint":{"__type__":"cc.Vec2","y":0.5},"_trs":{"__type__":"TypedArray","ctor":"Float64Array","array":[13.238,-86.266,0,0,0,0,1,1,1,1]}},{"__type__":"cc.Node","_name":"lb_zi","_parent":{"__id__":8},"_components":[{"__type__":"cc.Label","node":{"__id__":9},"_materials":[{"__uuid__":"ecpdLyjvZBwrvm+cedCcQy"}],"_useOriginalSize":false,"_string":"比赛分:","_N$string":"比赛分:","_fontSize":16,"_lineHeight":16,"_spacingX":-4,"_N$horizontalAlign":1}],"_prefab":{"__type__":"cc.PrefabInfo","root":{"__id__":1},"asset":{"__uuid__":"7aBv0pRlNOzoKuLxN9I0R1"},"fileId":"75/a//2OFGEZfSHW5zcTKD"},"_color":{"__type__":"cc.Color","r":193,"g":205,"b":164},"_contentSize":{"__type__":"cc.Size","width":52.45,"height":20.16},"_anchorPoint":{"__type__":"cc.Vec2","y":0.5},"_trs":{"__type__":"TypedArray","ctor":"Float64Array","array":[-53.7,0,0,0,0,0,1,1,1,1]}},{"__type__":"cc.Node","_name":"btn_head","_parent":{"__id__":2},"_components":[{"__type__":"cc.Sprite","node":{"__id__":10},"_materials":[{"__uuid__":"ecpdLyjvZBwrvm+cedCcQy"}],"_spriteFrame":{"__uuid__":"fjsszbd4-6d8e-4361-aae8-91caca6f2355"},"_sizeMode":0,"_isTrimmedMode":false},{"__type__":"cc.Button","node":{"__id__":10},"zoomScale":0.9,"clickEvents":[{"__type__":"cc.ClickEvent","target":{"__id__":1},"_componentId":"5c443St05xNtqhbq5VPmd3i","handler":"OnClick_BtnWnd"}],"_N$transition":3,"transition":3,"_N$normalColor":{"__type__":"cc.Color","r":214,"g":214,"b":214},"_N$target":{"__id__":10}},{"__type__":"fjssz551-cdf7-4ff7-b9d1-ff119733cfed","node":{"__id__":10},"JS_Name":"sss_BaseComponent"}],"_prefab":{"__type__":"cc.PrefabInfo","root":{"__id__":1},"asset":{"__uuid__":"7aBv0pRlNOzoKuLxN9I0R1"},"fileId":"0f3fapgG3hM64s/ld2RUzz0"},"_contentSize":{"__type__":"cc.Size","width":82,"height":82},"_trs":{"__type__":"TypedArray","ctor":"Float64Array","array":[0,30.325,0,0,0,0,1,1,1,1]}},{"__type__":"cc.Node","_name":"btn_headkuang","_parent":{"__id__":2},"_components":[{"__type__":"cc.Sprite","node":{"__id__":11},"_sizeMode":2,"_isTrimmedMode":false},{"__type__":"cc.Widget","node":{"__id__":11},"alignMode":0,"_alignFlags":18,"_top":27,"_verticalCenter":32.325}],"_prefab":{"__type__":"cc.PrefabInfo","root":{"__id__":1},"asset":{"__uuid__":"7aBv0pRlNOzoKuLxN9I0R1"},"fileId":"04177sSRDRGzLtnq435Z/pO"},"_contentSize":{"__type__":"cc.Size","width":62,"height":62},"_trs":{"__type__":"TypedArray","ctor":"Float64Array","array":[0,32.325,0,0,0,0,1,1,1,1]}},{"__type__":"cc.Node","_name":"sp_state","_parent":{"__id__":2},"_components":[{"__type__":"cc.Sprite","node":{"__id__":12},"_materials":[{"__uuid__":"ecpdLyjvZBwrvm+cedCcQy"}],"_spriteFrame":{"__uuid__":"0e5VjtREFKrpoEDI188ifg"}}],"_prefab":{"__type__":"cc.PrefabInfo","root":{"__id__":1},"asset":{"__uuid__":"7aBv0pRlNOzoKuLxN9I0R1"},"fileId":"f0a73hgo9C6K0k9E83U56V"},"_contentSize":{"__type__":"cc.Size","width":82,"height":26},"_trs":{"__type__":"TypedArray","ctor":"Float64Array","array":[0,34.325,0,0,0,0,1,1,1,1]}},{"__type__":"cc.Node","_name":"sp_likai","_parent":{"__id__":2},"_children":[{"__id__":14}],"_active":false,"_components":[{"__type__":"cc.Sprite","node":{"__id__":13},"_materials":[{"__uuid__":"ecpdLyjvZBwrvm+cedCcQy"}],"_spriteFrame":{"__uuid__":"fjssz255-c33e-462e-b57e-85ba02e19566"},"_sizeMode":0}],"_prefab":{"__type__":"cc.PrefabInfo","root":{"__id__":1},"asset":{"__uuid__":"7aBv0pRlNOzoKuLxN9I0R1"},"fileId":"b8e3TKt59PbYH+FsazZYIK"},"_contentSize":{"__type__":"cc.Size","width":82,"height":82},"_trs":{"__type__":"TypedArray","ctor":"Float64Array","array":[0,27.325,0,0,0,0,1,1,1,1]}},{"__type__":"cc.Node","_name":"icon","_parent":{"__id__":13},"_components":[{"__type__":"cc.Sprite","node":{"__id__":14},"_materials":[{"__uuid__":"ecpdLyjvZBwrvm+cedCcQy"}],"_spriteFrame":{"__uuid__":"fjsszad8-bf29-4f65-867d-39aa256ed811"},"_sizeMode":0}],"_prefab":{"__type__":"cc.PrefabInfo","root":{"__id__":1},"asset":{"__uuid__":"7aBv0pRlNOzoKuLxN9I0R1"},"fileId":"eacCd3n+1KHa1pJvWXq2VH"},"_contentSize":{"__type__":"cc.Size","width":66,"height":24},"_trs":{"__type__":"TypedArray","ctor":"Float64Array","array":[0,0,0,0,0,0,1,0.8,0.8,1]}},{"__type__":"cc.Node","_name":"sp_lixian","_parent":{"__id__":2},"_children":[{"__id__":16}],"_active":false,"_components":[{"__type__":"cc.Sprite","node":{"__id__":15},"_materials":[{"__uuid__":"ecpdLyjvZBwrvm+cedCcQy"}],"_spriteFrame":{"__uuid__":"fjssz255-c33e-462e-b57e-85ba02e19566"},"_sizeMode":0}],"_prefab":{"__type__":"cc.PrefabInfo","root":{"__id__":1},"asset":{"__uuid__":"7aBv0pRlNOzoKuLxN9I0R1"},"fileId":"18bf7d+UX1PurQlWMVufj4p"},"_contentSize":{"__type__":"cc.Size","width":82,"height":82},"_trs":{"__type__":"TypedArray","ctor":"Float64Array","array":[0,27.325,0,0,0,0,1,1,1,1]}},{"__type__":"cc.Node","_name":"icon","_parent":{"__id__":15},"_components":[{"__type__":"cc.Sprite","node":{"__id__":16},"_materials":[{"__uuid__":"ecpdLyjvZBwrvm+cedCcQy"}],"_spriteFrame":{"__uuid__":"fjssz327-6ff5-40a1-8849-8383fa79f622"},"_sizeMode":0}],"_prefab":{"__type__":"cc.PrefabInfo","root":{"__id__":1},"asset":{"__uuid__":"7aBv0pRlNOzoKuLxN9I0R1"},"fileId":"4d498wOKopEN66jNq/nyoFq"},"_contentSize":{"__type__":"cc.Size","width":66,"height":24},"_trs":{"__type__":"TypedArray","ctor":"Float64Array","array":[0,0,0,0,0,0,1,0.8,0.8,1]}},{"__type__":"cc.Node","_name":"sp_xiangkuang","_parent":{"__id__":2},"_components":[{"__type__":"cc.Sprite","node":{"__id__":17},"_enabled":false}],"_prefab":{"__type__":"cc.PrefabInfo","root":{"__id__":1},"asset":{"__uuid__":"7aBv0pRlNOzoKuLxN9I0R1"},"fileId":"eepwSxo51EH5Q2qD9Tqd/m"},"_contentSize":{"__type__":"cc.Size","width":108,"height":147},"_trs":{"__type__":"TypedArray","ctor":"Float64Array","array":[0,24.325,0,0,0,0,1,1,1,1]}},{"__type__":"cc.Node","_name":"bg_box","_parent":{"__id__":2},"_active":false,"_components":[{"__type__":"cc.Sprite","node":{"__id__":18},"_materials":[{"__uuid__":"ecpdLyjvZBwrvm+cedCcQy"}],"_spriteFrame":{"__uuid__":"f2ZQ27j0pFl4TgBggDMagG"}}],"_prefab":{"__type__":"cc.PrefabInfo","root":{"__id__":1},"asset":{"__uuid__":"7aBv0pRlNOzoKuLxN9I0R1"},"fileId":"2d978eiOWxD+LCl1toZdmxI"},"_contentSize":{"__type__":"cc.Size","width":88,"height":88},"_trs":{"__type__":"TypedArray","ctor":"Float64Array","array":[-1,27.332,0,0,0,0,1,1,1,1]}},{"__type__":"cc.Node","_name":"zhuangjia","_parent":{"__id__":2},"_components":[{"__type__":"cc.Sprite","node":{"__id__":19},"_materials":[{"__uuid__":"ecpdLyjvZBwrvm+cedCcQy"}],"_spriteFrame":{"__uuid__":"26Qb63pWxBA735V1ywfVsN"}}],"_prefab":{"__type__":"cc.PrefabInfo","root":{"__id__":1},"asset":{"__uuid__":"7aBv0pRlNOzoKuLxN9I0R1"},"fileId":"6b471aMPeNFCIxAoraMzqW+"},"_contentSize":{"__type__":"cc.Size","width":27,"height":34},"_trs":{"__type__":"TypedArray","ctor":"Float64Array","array":[-30.938,54.411,0,0,0,0,1,0.75,0.75,1]}},{"__type__":"cc.Node","_name":"fangzhu","_parent":{"__id__":2},"_components":[{"__type__":"cc.Sprite","node":{"__id__":20},"_materials":[{"__uuid__":"ecpdLyjvZBwrvm+cedCcQy"}],"_spriteFrame":{"__uuid__":"27xJQpgf5ApLBGTVuXC1rq"}}],"_prefab":{"__type__":"cc.PrefabInfo","root":{"__id__":1},"asset":{"__uuid__":"7aBv0pRlNOzoKuLxN9I0R1"},"fileId":"b3761MG1XtEJbdW7GBdCKiS"},"_contentSize":{"__type__":"cc.Size","width":27,"height":34},"_trs":{"__type__":"TypedArray","ctor":"Float64Array","array":[29.042,54.732,0,0,0,0,1,0.75,0.75,1]}},{"__type__":"cc.Node","_name":"btn_out","_parent":{"__id__":1},"_components":[{"__type__":"cc.Sprite","node":{"__id__":21},"_materials":[{"__uuid__":"ecpdLyjvZBwrvm+cedCcQy"}],"_spriteFrame":{"__uuid__":"2e4bHSsjNBi44rj9s78iXk"}},{"__type__":"cc.Button","node":{"__id__":21},"zoomScale":0.9,"clickEvents":[{"__type__":"cc.ClickEvent","target":{"__id__":1},"_componentId":"5c443St05xNtqhbq5VPmd3i","handler":"OnClick_BtnWnd"}],"_N$transition":3,"transition":3,"_N$pressedColor":{"__type__":"cc.Color","r":255,"g":255,"b":255},"pressedColor":{"__type__":"cc.Color","r":255,"g":255,"b":255},"_N$disabledColor":{"__type__":"cc.Color","r":255,"g":255,"b":255},"_N$pressedSprite":{"__uuid__":"e97GVMl6JHh5Ml5qEDdSGa"},"pressedSprite":{"__uuid__":"e97GVMl6JHh5Ml5qEDdSGa"},"_N$hoverSprite":{"__uuid__":"e97GVMl6JHh5Ml5qEDdSGa"},"hoverSprite":{"__uuid__":"e97GVMl6JHh5Ml5qEDdSGa"},"_N$disabledSprite":{"__uuid__":"29FYIk+N1GYaeWH/q1NxQO"},"_N$target":{"__id__":21}},{"__type__":"cc.Widget","node":{"__id__":21},"alignMode":0,"_alignFlags":33,"_right":-36,"_top":-106.455}],"_prefab":{"__type__":"cc.PrefabInfo","root":{"__id__":1},"asset":{"__uuid__":"7aBv0pRlNOzoKuLxN9I0R1"},"fileId":"f2bd86tiLVHkpWYFylM4dFL"},"_contentSize":{"__type__":"cc.Size","width":74,"height":29},"_trs":{"__type__":"TypedArray","ctor":"Float64Array","array":[-1,91.955,0,0,0,0,1,1,1,1]}},{"__type__":"cc.Node","_name":"icon_ready","_parent":{"__id__":1},"_components":[{"__type__":"cc.Sprite","node":{"__id__":22},"_materials":[{"__uuid__":"ecpdLyjvZBwrvm+cedCcQy"}],"_spriteFrame":{"__uuid__":"fjssz996-e86e-4147-8409-fda1a2e5ca68"}}],"_prefab":{"__type__":"cc.PrefabInfo","root":{"__id__":1},"asset":{"__uuid__":"7aBv0pRlNOzoKuLxN9I0R1"},"fileId":"571478Ho5VIb5w95Zs7LdUs"},"_contentSize":{"__type__":"cc.Size","width":71,"height":26},"_trs":{"__type__":"TypedArray","ctor":"Float64Array","array":[0,0,0,0,0,0,1,1,1,1]}},{"__type__":"cc.Node","_name":"sp_chatdi_left","_parent":{"__id__":1},"_active":false,"_components":[{"__type__":"cc.Sprite","node":{"__id__":23},"_spriteFrame":{"__uuid__":"fjssz912-a3fe-47e6-b19c-3fee6bbfe5ca"},"_type":1,"_sizeMode":0},{"__type__":"cc.Layout","node":{"__id__":23},"_layoutSize":{"__type__":"cc.Size","width":380,"height":100},"_N$paddingLeft":22,"_N$paddingRight":5}],"_prefab":{"__type__":"cc.PrefabInfo","root":{"__id__":1},"asset":{"__uuid__":"7aBv0pRlNOzoKuLxN9I0R1"},"fileId":"d8b5fVH+dlFOrIPAn/auXKk"},"_contentSize":{"__type__":"cc.Size","width":380,"height":100},"_anchorPoint":{"__type__":"cc.Vec2","y":0.5},"_trs":{"__type__":"TypedArray","ctor":"Float64Array","array":[-50,0,0,0,0,-1,6.123233995736766e-17,1,1,1]},"_eulerAngles":{"__type__":"cc.Vec3","z":-180}},{"__type__":"cc.Node","_name":"sp_audio_left","_parent":{"__id__":1},"_children":[{"__id__":25},{"__id__":26},{"__id__":27},{"__id__":28}],"_active":false,"_components":[{"__type__":"cc.Sprite","node":{"__id__":24},"_spriteFrame":{"__uuid__":"fjssz164-ace8-40d3-8f22-4991c0f9cfeb"}},{"__type__":"cc.Animation","node":{"__id__":24},"_clips":[{"__uuid__":"fjssz872-18f6-478f-9528-8c5cdd75bb29"}]}],"_prefab":{"__type__":"cc.PrefabInfo","root":{"__id__":1},"asset":{"__uuid__":"7aBv0pRlNOzoKuLxN9I0R1"},"fileId":"fd3599z1klI/7QOM7mc3P1C"},"_contentSize":{"__type__":"cc.Size","width":160,"height":95},"_trs":{"__type__":"TypedArray","ctor":"Float64Array","array":[-130,0,0,0,0,0,1,1,-1,1]}},{"__type__":"cc.Node","_name":"icon_chat_huatong","_parent":{"__id__":24},"_components":[{"__type__":"cc.Sprite","node":{"__id__":25},"_spriteFrame":{"__uuid__":"fjssz5f1-ea3b-4e13-ba50-775ad6a108fc"}}],"_prefab":{"__type__":"cc.PrefabInfo","root":{"__id__":1},"asset":{"__uuid__":"7aBv0pRlNOzoKuLxN9I0R1"},"fileId":"57c36VjWA5Ly5mWCzEUPex0"},"_contentSize":{"__type__":"cc.Size","width":22,"height":26},"_trs":{"__type__":"TypedArray","ctor":"Float64Array","array":[4.800000000000001,-0.9,0,0,0,0,1,-1,1,1]}},{"__type__":"cc.Node","_name":"icon_chat_huatong3","_parent":{"__id__":24},"_components":[{"__type__":"cc.Sprite","node":{"__id__":26},"_spriteFrame":{"__uuid__":"fjssz074-466d-41ff-8601-1ae737c8b4ae"}}],"_prefab":{"__type__":"cc.PrefabInfo","root":{"__id__":1},"asset":{"__uuid__":"7aBv0pRlNOzoKuLxN9I0R1"},"fileId":"7d110eMbcJOkIFo1+zO39B2"},"_contentSize":{"__type__":"cc.Size","width":7,"height":26},"_trs":{"__type__":"TypedArray","ctor":"Float64Array","array":[-27.1,-0.9,0,0,0,0,1,-1,1,1]}},{"__type__":"cc.Node","_name":"icon_chat_huatong2","_parent":{"__id__":24},"_components":[{"__type__":"cc.Sprite","node":{"__id__":27},"_spriteFrame":{"__uuid__":"fjssz41d-696c-42e9-820d-36509396bfad"}}],"_prefab":{"__type__":"cc.PrefabInfo","root":{"__id__":1},"asset":{"__uuid__":"7aBv0pRlNOzoKuLxN9I0R1"},"fileId":"0e1cdYwf05Ii6Ptz69c4gES"},"_contentSize":{"__type__":"cc.Size","width":7,"height":22},"_trs":{"__type__":"TypedArray","ctor":"Float64Array","array":[-19.6,-0.9,0,0,0,0,1,-1,1,1]}},{"__type__":"cc.Node","_name":"icon_chat_huatong1","_parent":{"__id__":24},"_components":[{"__type__":"cc.Sprite","node":{"__id__":28},"_spriteFrame":{"__uuid__":"fjsszfa1-ba3b-4140-a1f1-f75aa167d8f3"}}],"_prefab":{"__type__":"cc.PrefabInfo","root":{"__id__":1},"asset":{"__uuid__":"7aBv0pRlNOzoKuLxN9I0R1"},"fileId":"00048BxpYNJ0p72tT/m6WD4"},"_contentSize":{"__type__":"cc.Size","width":4,"height":12},"_trs":{"__type__":"TypedArray","ctor":"Float64Array","array":[-11.700000000000003,-0.9,0,0,0,0,1,-1,1,1]}},{"__type__":"cc.Node","_name":"sp_chatdi_right","_parent":{"__id__":1},"_active":false,"_components":[{"__type__":"cc.Sprite","node":{"__id__":29},"_spriteFrame":{"__uuid__":"fjssz912-a3fe-47e6-b19c-3fee6bbfe5ca"},"_type":1,"_sizeMode":0},{"__type__":"cc.Layout","node":{"__id__":29},"_layoutSize":{"__type__":"cc.Size","width":370,"height":100},"_N$paddingLeft":22}],"_prefab":{"__type__":"cc.PrefabInfo","root":{"__id__":1},"asset":{"__uuid__":"7aBv0pRlNOzoKuLxN9I0R1"},"fileId":"08c06qna/NDILKsi6gqNgRN"},"_contentSize":{"__type__":"cc.Size","width":370,"height":100},"_anchorPoint":{"__type__":"cc.Vec2","y":0.5},"_trs":{"__type__":"TypedArray","ctor":"Float64Array","array":[50,0,0,0,0,0,1,1,1,1]}},{"__type__":"cc.Node","_name":"sp_audio_right","_parent":{"__id__":1},"_children":[{"__id__":31},{"__id__":32},{"__id__":33},{"__id__":34}],"_active":false,"_components":[{"__type__":"cc.Sprite","node":{"__id__":30},"_spriteFrame":{"__uuid__":"fjssz164-ace8-40d3-8f22-4991c0f9cfeb"}},{"__type__":"cc.Animation","node":{"__id__":30},"_clips":[{"__uuid__":"fjssz872-18f6-478f-9528-8c5cdd75bb29"}]}],"_prefab":{"__type__":"cc.PrefabInfo","root":{"__id__":1},"asset":{"__uuid__":"7aBv0pRlNOzoKuLxN9I0R1"},"fileId":"3039eey3uxPvYJ4b7Psftm+"},"_contentSize":{"__type__":"cc.Size","width":160,"height":95},"_trs":{"__type__":"TypedArray","ctor":"Float64Array","array":[130,0,0,0,0,0,1,-1,1,1]}},{"__type__":"cc.Node","_name":"icon_chat_huatong","_parent":{"__id__":30},"_components":[{"__type__":"cc.Sprite","node":{"__id__":31},"_spriteFrame":{"__uuid__":"fjssz5f1-ea3b-4e13-ba50-775ad6a108fc"}}],"_prefab":{"__type__":"cc.PrefabInfo","root":{"__id__":1},"asset":{"__uuid__":"7aBv0pRlNOzoKuLxN9I0R1"},"fileId":"0ea40QSpmFGvJ9X8MANw+E6"},"_contentSize":{"__type__":"cc.Size","width":22,"height":26},"_trs":{"__type__":"TypedArray","ctor":"Float64Array","array":[15,-3,0,0,0,0,1,-1,1,1]}},{"__type__":"cc.Node","_name":"icon_chat_huatong1","_parent":{"__id__":30},"_components":[{"__type__":"cc.Sprite","node":{"__id__":32},"_spriteFrame":{"__uuid__":"fjsszfa1-ba3b-4140-a1f1-f75aa167d8f3"}}],"_prefab":{"__type__":"cc.PrefabInfo","root":{"__id__":1},"asset":{"__uuid__":"7aBv0pRlNOzoKuLxN9I0R1"},"fileId":"ac047DgFChBS5EePCTYyNNm"},"_contentSize":{"__type__":"cc.Size","width":4,"height":12},"_trs":{"__type__":"TypedArray","ctor":"Float64Array","array":[-7.4,-3,0,0,0,0,1,-1,1,1]}},{"__type__":"cc.Node","_name":"icon_chat_huatong2","_parent":{"__id__":30},"_components":[{"__type__":"cc.Sprite","node":{"__id__":33},"_spriteFrame":{"__uuid__":"fjssz41d-696c-42e9-820d-36509396bfad"}}],"_prefab":{"__type__":"cc.PrefabInfo","root":{"__id__":1},"asset":{"__uuid__":"7aBv0pRlNOzoKuLxN9I0R1"},"fileId":"444c2M49WZA06UqQW36C+Eb"},"_contentSize":{"__type__":"cc.Size","width":7,"height":22},"_trs":{"__type__":"TypedArray","ctor":"Float64Array","array":[-14,-3,0,0,0,0,1,-1,1,1]}},{"__type__":"cc.Node","_name":"icon_chat_huatong3","_parent":{"__id__":30},"_components":[{"__type__":"cc.Sprite","node":{"__id__":34},"_spriteFrame":{"__uuid__":"fjssz074-466d-41ff-8601-1ae737c8b4ae"}}],"_prefab":{"__type__":"cc.PrefabInfo","root":{"__id__":1},"asset":{"__uuid__":"7aBv0pRlNOzoKuLxN9I0R1"},"fileId":"8d504pI78ZJjo7RFZWEAksF"},"_contentSize":{"__type__":"cc.Size","width":7,"height":26},"_trs":{"__type__":"TypedArray","ctor":"Float64Array","array":[-19,-3,0,0,0,0,1,-1,1,1]}},{"__type__":"cc.Node","_name":"icon_auto","_parent":{"__id__":1},"_components":[{"__type__":"cc.Sprite","node":{"__id__":35},"_materials":[{"__uuid__":"ecpdLyjvZBwrvm+cedCcQy"}],"_spriteFrame":{"__uuid__":"8aoJ01hHxBcaXhSJ/skxv3"}}],"_prefab":{"__type__":"cc.PrefabInfo","root":{"__id__":1},"asset":{"__uuid__":"7aBv0pRlNOzoKuLxN9I0R1"},"fileId":"764f6SmUmRLvqBayWEGR3if"},"_contentSize":{"__type__":"cc.Size","width":80,"height":77},"_trs":{"__type__":"TypedArray","ctor":"Float64Array","array":[76.9,-45,0,0,0,0,1,0.5,0.5,1]}},{"__type__":"cc.Node","_name":"face_ani","_parent":{"__id__":1},"_components":[{"__type__":"cc.Sprite","node":{"__id__":36}},{"__type__":"cc.Animation","node":{"__id__":36},"_clips":[{"__uuid__":"fjssz7c1-22c3-4c1b-8be1-2baf1d0bf714"},{"__uuid__":"fjssz26a-e40e-4da0-a6e0-aefb58d6be8a"},{"__uuid__":"fjssze0d-7a33-4f7e-8825-5bcb21611f8b"},{"__uuid__":"fjssz8c2-5fc0-488d-ba36-a162971af284"},{"__uuid__":"fjssz976-c0e0-4392-b6d0-224175e4da88"},{"__uuid__":"fjssz2a2-9526-4afc-a5f6-8d6a6ddbc1d5"},{"__uuid__":"fjssz3b4-f7b7-4366-9de5-0df256b8e72e"},{"__uuid__":"fjssz25d-1596-4fa4-8c65-2eebe52086a0"},{"__uuid__":"fjssz95c-4aec-4938-b153-ba03e346bb87"},{"__uuid__":"fjssz310-3f56-46fa-8b6a-982da78b0fb4"},{"__uuid__":"fjsszf40-1021-4fa8-b989-5abe1a6b47d3"},{"__uuid__":"fjsszbb4-50a7-485b-a94f-8f1c3d6b5f38"}]}],"_prefab":{"__type__":"cc.PrefabInfo","root":{"__id__":1},"asset":{"__uuid__":"7aBv0pRlNOzoKuLxN9I0R1"},"fileId":"43344S/GrxEN6a71tKEMsko"},"_contentSize":{"__type__":"cc.Size","width":82,"height":80},"_trs":{"__type__":"TypedArray","ctor":"Float64Array","array":[0,0,0,0,0,0,1,1.4,1.4,1]}},{"__type__":"cc.Node","_name":"sp_chatdi_leftBottom","_parent":{"__id__":1},"_active":false,"_components":[{"__type__":"cc.Sprite","node":{"__id__":37},"_spriteFrame":{"__uuid__":"fjssz912-a3fe-47e6-b19c-3fee6bbfe5ca"},"_type":1,"_sizeMode":0},{"__type__":"cc.Layout","node":{"__id__":37},"_layoutSize":{"__type__":"cc.Size","width":380,"height":100},"_N$paddingLeft":22,"_N$paddingRight":5}],"_prefab":{"__type__":"cc.PrefabInfo","root":{"__id__":1},"asset":{"__uuid__":"7aBv0pRlNOzoKuLxN9I0R1"},"fileId":"85e59EpdQRMu6nHuQD6H+9g"},"_contentSize":{"__type__":"cc.Size","width":380,"height":100},"_anchorPoint":{"__type__":"cc.Vec2","y":0.5},"_trs":{"__type__":"TypedArray","ctor":"Float64Array","array":[60,-90,0,0,0,-1,6.123233995736766e-17,1,1,1]},"_eulerAngles":{"__type__":"cc.Vec3","z":-180}},{"__type__":"cc.Node","_name":"sp_chatdi_rightBottom","_parent":{"__id__":1},"_active":false,"_components":[{"__type__":"cc.Sprite","node":{"__id__":38},"_spriteFrame":{"__uuid__":"fjssz912-a3fe-47e6-b19c-3fee6bbfe5ca"},"_type":1,"_sizeMode":0},{"__type__":"cc.Layout","node":{"__id__":38},"_layoutSize":{"__type__":"cc.Size","width":370,"height":100},"_N$paddingLeft":22}],"_prefab":{"__type__":"cc.PrefabInfo","root":{"__id__":1},"asset":{"__uuid__":"7aBv0pRlNOzoKuLxN9I0R1"},"fileId":"2daa02Frv9BP5yAdLyJklLZ"},"_contentSize":{"__type__":"cc.Size","width":370,"height":100},"_anchorPoint":{"__type__":"cc.Vec2","y":0.5},"_trs":{"__type__":"TypedArray","ctor":"Float64Array","array":[-60,-90,0,0,0,0,1,1,1,1]}}],{"__type__":"cc.SpriteFrame","content":{"name":"trusteeship","texture":"e72DrJMJtDYILxto6+kVcU","rect":[0,0,80,77],"offset":[0,0],"originalSize":[80,77],"capInsets":[0,0,0,0]}},{"__type__":"cc.SpriteFrame","content":{"name":"img_qiangzhuang","texture":"f9qpQ0UaxBm6hkBOz3kyZx","rect":[0,0,58,29],"offset":[0,0],"originalSize":[58,29],"capInsets":[0,0,0,0]}},{"__type__":"cc.SpriteFrame","content":{"name":"img_bpz","texture":"58O69QfF1Py6gRP2Vabg/B","rect":[0,0,81,26],"offset":[0,0],"originalSize":[81,26],"capInsets":[0,0,0,0]}},{"__type__":"cc.SpriteFrame","content":{"name":"default_btn_pressed","texture":"b4P/PCArtIdIH38t6mlw8Y","rect":[0,0,40,40],"offset":[0,0],"originalSize":[40,40],"capInsets":[12,12,12,12]}},{"__type__":"cc.SpriteFrame","content":{"name":"img_tx","texture":"51ZtFmXFNPzYP84sRDgWX0","rect":[0,0,88,88],"offset":[0,0],"originalSize":[88,88],"capInsets":[0,0,0,0]}},{"__type__":"cc.SpriteFrame","content":{"name":"icon_chat_huatong3","texture":"fjssza14-28af-4529-9d5c-e8142bdc05fc","rect":[0,0,7,26],"offset":[0,0],"originalSize":[7,26],"capInsets":[0,0,0,0]}},{"__type__":"cc.SpriteFrame","content":{"name":"bg_chat_you","texture":"fjsszbcd-2bbe-4d65-8b64-dc1a24c2a72d","rect":[0,0,160,95],"offset":[0,0],"originalSize":[160,95],"capInsets":[44,0,56,0]}},{"__type__":"cc.SpriteFrame","content":{"name":"touxiang","texture":"fjsszd71-7012-4036-aa30-73a03c96084f","rect":[0,0,73,73],"offset":[0,0],"originalSize":[73,73],"capInsets":[0,0,0,0]}},{"__type__":"cc.SpriteFrame","content":{"name":"lixianzhong","texture":"fjssz131-f6c7-4842-ba7b-401a5350b2d6","rect":[0,0,66,24],"offset":[0,0],"originalSize":[66,24],"capInsets":[0,0,0,0]}},{"__type__":"cc.SpriteFrame","content":{"name":"icon_chat_huatong2","texture":"fjssz81d-6ea8-4f53-bae8-06b4dd16895d","rect":[0,0,7,22],"offset":[-0.5,0],"originalSize":[8,22],"capInsets":[0,0,0,0]}},{"__type__":"cc.SpriteFrame","content":{"name":"icon_chat_huatong","texture":"fjssz495-2a95-40c4-b79a-964c769094ef","rect":[0,0,22,26],"offset":[0,0],"originalSize":[22,26],"capInsets":[0,0,0,0]}},{"__type__":"cc.SpriteFrame","content":{"name":"bg_chat_zuobg_g","texture":"fjssz2a0-8660-4be8-83af-4c2844601ac5","rect":[0,0,160,95],"offset":[0,0],"originalSize":[160,95],"capInsets":[66,0,39,0]}},{"__type__":"cc.SpriteFrame","content":{"name":"img_zb","texture":"fjssz56b-abbc-448f-946e-fbe3f9ccb0ef","rect":[0,0,71,26],"offset":[0,0],"originalSize":[71,26],"capInsets":[0,0,0,0]}},{"__type__":"cc.SpriteFrame","content":{"name":"likaizhong","texture":"fjssz115-c90b-4780-8412-c1990a8623bd","rect":[0,0,66,24],"offset":[0,0],"originalSize":[66,24],"capInsets":[0,0,0,0]}},{"__type__":"cc.SpriteFrame","content":{"name":"morentouxiang","texture":"fjssz652-0393-4ea1-84d8-1bdd3044f177","rect":[0,0,96,96],"offset":[0,0],"originalSize":[96,96],"capInsets":[0,0,0,0]}},{"__type__":"cc.SpriteFrame","content":{"name":"img_txk01","texture":"fjsszace-afa9-4c0f-bcf5-ba2bbd692f7d","rect":[0,0,108,147],"offset":[0,0],"originalSize":[108,147],"capInsets":[0,0,0,0]}},{"__type__":"cc.SpriteFrame","content":{"name":"icon_chat_huatong1","texture":"fjssz383-b964-49e4-81bf-472198d91100","rect":[0,2,4,12],"offset":[-1,-1],"originalSize":[6,14],"capInsets":[0,0,0,0]}}]