[{"__type__":"cc.SpriteFrame","content":{"name":"ani_03","texture":"fjsszc3a-d5b4-42c1-9c11-06980160809d","rect":[0,7,190,166],"offset":[0,-3],"originalSize":[190,174],"capInsets":[0,0,0,0]}},{"__type__":"cc.SpriteFrame","content":{"name":"ani_01","texture":"fjssz6cb-3e93-4e1e-b80f-9ced3ce57028","rect":[0,6,189,167],"offset":[-0.5,-2.5],"originalSize":[190,174],"capInsets":[0,0,0,0]}},{"__type__":"cc.SpriteFrame","content":{"name":"ani_05","texture":"fjssz545-b2ca-4d23-a6d7-b5acc88ae79e","rect":[0,7,190,166],"offset":[0,-3],"originalSize":[190,174],"capInsets":[0,0,0,0]}},{"__type__":"cc.SpriteFrame","content":{"name":"ani_11","texture":"fjssz32d-45bd-4e02-8a23-da44b458d39a","rect":[0,5,190,168],"offset":[0,-2],"originalSize":[190,174],"capInsets":[0,0,0,0]}},{"__type__":"cc.SpriteFrame","content":{"name":"ani_08","texture":"fjsszb7e-94a4-4d63-b196-33a8fb7c2c2e","rect":[0,6,190,167],"offset":[0,-2.5],"originalSize":[190,174],"capInsets":[0,0,0,0]}},{"__type__":"cc.SpriteFrame","content":{"name":"ani_10","texture":"fjsszdff-e689-496c-aa46-7830ba8663b7","rect":[0,4,189,169],"offset":[-0.5,-1.5],"originalSize":[190,174],"capInsets":[0,0,0,0]}},{"__type__":"cc.SpriteFrame","content":{"name":"ani_02","texture":"fjssz85a-78a6-4292-8c97-b0d96babcb6f","rect":[0,7,190,166],"offset":[0,-3],"originalSize":[190,174],"capInsets":[0,0,0,0]}},{"__type__":"cc.SpriteFrame","content":{"name":"ani_13","texture":"fjssz3e2-9501-4c4a-b3ab-2548898c1eb8","rect":[0,6,190,167],"offset":[0,-2.5],"originalSize":[190,174],"capInsets":[0,0,0,0]}},{"__type__":"cc.AnimationClip","_name":"WaitFormAction","_duration":0.6166666666666667,"wrapMode":2,"curveData":{"comps":{"cc.Sprite":{"spriteFrame":[{"frame":0,"value":{"__uuid__":"fjssz26c-e202-4083-b4bc-bebda1dcdbe5"}},{"frame":0.05,"value":{"__uuid__":"fjssz693-e1c5-4870-89c2-23fd2781bcc6"}},{"frame":0.1,"value":{"__uuid__":"fjssz075-0ed3-4ca6-8e59-9bfcb43e1e04"}},{"frame":0.15,"value":{"__uuid__":"fjssz915-1b20-4f60-8a0c-f2602c4a2e68"}},{"frame":0.2,"value":{"__uuid__":"fjssz37c-caec-4e38-82ff-afb42cc87faa"}},{"frame":0.25,"value":{"__uuid__":"fjsszb96-d5f7-4048-aa4b-6ee6d2fcceff"}},{"frame":0.3,"value":{"__uuid__":"fjssza7e-8d3c-4ab1-933f-dace4b1c95b9"}},{"frame":0.35,"value":{"__uuid__":"fjssz654-69d5-43ae-b37a-3554a534553c"}},{"frame":0.4,"value":{"__uuid__":"fjssz8ab-6a20-4b21-b8e9-2c4c2c5a96e7"}},{"frame":0.45,"value":{"__uuid__":"fjssz67f-86f7-49cd-88dd-ac55b1d5ef89"}},{"frame":0.5,"value":{"__uuid__":"fjssz503-20d4-4171-bf9e-59d06a9c01f0"}},{"frame":0.55,"value":{"__uuid__":"fjssz8e1-07e9-4f1c-8458-ff7ea57d67cd"}},{"frame":0.6,"value":{"__uuid__":"fjssz7b7-2479-485b-8a47-fb86eba095d4"}}]}}}},{"__type__":"cc.SpriteFrame","content":{"name":"ani_09","texture":"fjssz0e4-c903-4ab3-ba66-0460eb35a16f","rect":[0,7,190,166],"offset":[0,-3],"originalSize":[190,174],"capInsets":[0,0,0,0]}},{"__type__":"cc.SpriteFrame","content":{"name":"ani_12","texture":"fjssz7fc-c5b2-4f17-b930-d726a61901c9","rect":[0,6,190,167],"offset":[0,-2.5],"originalSize":[190,174],"capInsets":[0,0,0,0]}},{"__type__":"cc.SpriteFrame","content":{"name":"ani_04","texture":"fjssz0a9-836f-4a38-9a45-bc2ef0f20664","rect":[0,7,190,166],"offset":[0,-3],"originalSize":[190,174],"capInsets":[0,0,0,0]}},{"__type__":"cc.SpriteFrame","content":{"name":"ani_07","texture":"fjssz8cc-7f50-4f8d-bb5e-8ae9a91be63b","rect":[1,7,188,166],"offset":[0,-3],"originalSize":[190,174],"capInsets":[0,0,0,0]}},{"__type__":"cc.SpriteFrame","content":{"name":"ani_06","texture":"fjsszeb6-b375-4402-96c3-8a0e0746ecd5","rect":[0,7,190,166],"offset":[0,-3],"originalSize":[190,174],"capInsets":[0,0,0,0]}}]