[[{"__type__":"cc.Prefab","_name":"daduipeng","data":{"__id__":1}},{"__type__":"cc.Node","_name":"dasanyuan","_components":[{"__type__":"cc.Sprite","node":{"__id__":1},"_spriteFrame":{"__uuid__":"qzmjmj46-97fc-45ba-90c1-97850a80212d"},"_sizeMode":2,"_isTrimmedMode":false},{"__type__":"cc.Animation","node":{"__id__":1},"_defaultClip":{"__uuid__":"qzmjmj20-2d20-4c95-a167-3d967537cb7b"},"_clips":[{"__uuid__":"qzmjmj20-2d20-4c95-a167-3d967537cb7b"}]},{"__type__":"qzmjmja3-f7f6-43f3-bc26-19a21c44bee8","node":{"__id__":1}}],"_prefab":{"__type__":"cc.PrefabInfo","root":{"__id__":1},"asset":{"__uuid__":"qzmjmj3a-497b-4af4-a48c-6d0cc769fc19"},"fileId":"75b63SQahZGX7s5467o/Z64"},"_contentSize":{"__type__":"cc.Size","width":1028,"height":332},"_trs":{"__type__":"TypedArray","ctor":"Float64Array","array":[0,0,0,0,0,0,1,1,1,1]}}],{"__type__":"cc.SpriteFrame","content":{"name":"ani_ddp_09","texture":"qzmjmj08-9ae8-4dc3-a88e-77bb9feb4ee4","rect":[0,41,1028,291],"offset":[0,-20.5],"originalSize":[1028,332],"capInsets":[0,0,0,0]}}]