[[{"__type__":"cc.Prefab","_name":"UIQZMJWBCard03","data":{"__id__":1}},{"__type__":"cc.Node","_name":"UIQZMJWBCard03","_children":[{"__id__":2},{"__id__":5}],"_components":[{"__type__":"0d538aalwFJKblpT13SbQB7","node":{"__id__":1},"sp_in":{"__id__":3},"card":{"__id__":2},"downcard":{"__id__":5},"BackCardSpriteFrame":{"__uuid__":"qzmjmjd1-8811-4605-be33-0a1749423f4d"}}],"_prefab":{"__type__":"cc.PrefabInfo","root":{"__id__":1},"asset":{"__uuid__":"05+BlGWIJGbpC1YtKauKHR"},"fileId":"2cfCdwX8BKoKlSro7uNMA+"},"_trs":{"__type__":"TypedArray","ctor":"Float64Array","array":[0,0,0,0,0,0,1,1,1,1]}},{"__type__":"cc.Node","_name":"card","_parent":{"__id__":1},"_children":[{"__id__":3},{"__id__":4}],"_components":[{"__type__":"cc.Layout","node":{"__id__":2},"_layoutSize":{"__type__":"cc.Size","width":540,"height":49},"_N$layoutType":1,"_N$paddingLeft":10,"_N$spacingX":5.5,"_N$spacingY":5.5}],"_prefab":{"__type__":"cc.PrefabInfo","root":{"__id__":1},"asset":{"__uuid__":"05+BlGWIJGbpC1YtKauKHR"},"fileId":"35/+igl2ZLDpF1wCay4HeW"},"_contentSize":{"__type__":"cc.Size","width":540,"height":49},"_anchorPoint":{"__type__":"cc.Vec2","y":0.5},"_trs":{"__type__":"TypedArray","ctor":"Float64Array","array":[-331,0,0,0,0,0,1,1,1,1]}},{"__type__":"cc.Node","_name":"sp_in","_parent":{"__id__":2},"_components":[{"__type__":"cc.Sprite","node":{"__id__":3},"_materials":[{"__uuid__":"ecpdLyjvZBwrvm+cedCcQy"}],"_spriteFrame":{"__uuid__":"qzmjmjd1-8811-4605-be33-0a1749423f4d"},"_sizeMode":0}],"_prefab":{"__type__":"cc.PrefabInfo","root":{"__id__":1},"asset":{"__uuid__":"05+BlGWIJGbpC1YtKauKHR"},"fileId":"70oCitPwpAmbWeaOTIaZU5"},"_contentSize":{"__type__":"cc.Size","width":30,"height":45},"_trs":{"__type__":"TypedArray","ctor":"Float64Array","array":[25,2,0,0,0,0,1,1.2,1.2,1]}},{"__type__":"cc.Node","_name":"empty","_parent":{"__id__":2},"_components":[{"__type__":"cc.Sprite","node":{"__id__":4}}],"_prefab":{"__type__":"cc.PrefabInfo","root":{"__id__":1},"asset":{"__uuid__":"05+BlGWIJGbpC1YtKauKHR"},"fileId":"d2DrN2x4ZDjIqT4mfE2mBx"},"_contentSize":{"__type__":"cc.Size","width":33,"height":49},"_trs":{"__type__":"TypedArray","ctor":"Float64Array","array":[62,0,0,0,0,0,1,1.2,1.2,1]}},{"__type__":"cc.Node","_name":"downcard","_parent":{"__id__":1},"_children":[{"__id__":6}],"_components":[{"__type__":"cc.Layout","node":{"__id__":5},"_layoutSize":{"__type__":"cc.Size","width":245,"height":160},"_resize":1,"_N$layoutType":1,"_N$spacingX":-95,"_N$horizontalDirection":1},{"__type__":"qzmjmj4b-140d-4a29-af82-be69e76160e8","node":{"__id__":5},"JS_Name":"xymj_BaseComponent"}],"_prefab":{"__type__":"cc.PrefabInfo","root":{"__id__":1},"asset":{"__uuid__":"05+BlGWIJGbpC1YtKauKHR"},"fileId":"9cZ0ByP8tJBpIZ3c6Yrca9"},"_contentSize":{"__type__":"cc.Size","width":245,"height":160},"_anchorPoint":{"__type__":"cc.Vec2","x":1,"y":0.5},"_trs":{"__type__":"TypedArray","ctor":"Float64Array","array":[327,37,0,0,0,0,1,0.7,0.7,1]}},{"__type__":"cc.Node","_name":"down01","_parent":{"__id__":5},"_children":[{"__id__":7},{"__id__":9},{"__id__":11},{"__id__":13}],"_prefab":{"__type__":"cc.PrefabInfo","root":{"__id__":1},"asset":{"__uuid__":"05+BlGWIJGbpC1YtKauKHR"},"fileId":"fadIjpfY5BMasu+l5kslri"},"_contentSize":{"__type__":"cc.Size","width":245,"height":118},"_trs":{"__type__":"TypedArray","ctor":"Float64Array","array":[-122.5,-48.7,0,0,0,0,1,1,1,1]}},{"__type__":"cc.Node","_name":"card03","_parent":{"__id__":6},"_children":[{"__id__":8}],"_components":[{"__type__":"cc.Sprite","node":{"__id__":7},"_materials":[{"__uuid__":"ecpdLyjvZBwrvm+cedCcQy"}],"_spriteFrame":{"__uuid__":"qzmjmj7d-d077-4e42-ac80-228ec758c4f0"}}],"_prefab":{"__type__":"cc.PrefabInfo","root":{"__id__":1},"asset":{"__uuid__":"05+BlGWIJGbpC1YtKauKHR"},"fileId":"ee/QY4ojtJiKobpo1nvqbV"},"_contentSize":{"__type__":"cc.Size","width":47,"height":76},"_trs":{"__type__":"TypedArray","ctor":"Float64Array","array":[14,0,0,0,0,0,1,1,1,1]}},{"__type__":"cc.Node","_name":"zhi","_parent":{"__id__":7},"_active":false,"_components":[{"__type__":"cc.Sprite","node":{"__id__":8},"_spriteFrame":{"__uuid__":"qzmjmj42-7085-406c-8f01-d33a4cff08b8"}}],"_prefab":{"__type__":"cc.PrefabInfo","root":{"__id__":1},"asset":{"__uuid__":"05+BlGWIJGbpC1YtKauKHR"},"fileId":"797i8uXVVKXbNhucxac/gp"},"_contentSize":{"__type__":"cc.Size","width":34,"height":25},"_trs":{"__type__":"TypedArray","ctor":"Float64Array","array":[0.1,-9.9,0,0,0,0,1,0.8,0.8,1]}},{"__type__":"cc.Node","_name":"card02","_parent":{"__id__":6},"_children":[{"__id__":10}],"_components":[{"__type__":"cc.Sprite","node":{"__id__":9},"_materials":[{"__uuid__":"ecpdLyjvZBwrvm+cedCcQy"}],"_spriteFrame":{"__uuid__":"qzmjmj7d-d077-4e42-ac80-228ec758c4f0"}}],"_prefab":{"__type__":"cc.PrefabInfo","root":{"__id__":1},"asset":{"__uuid__":"05+BlGWIJGbpC1YtKauKHR"},"fileId":"9a8E0asHNLh6EpDIyIDHKt"},"_contentSize":{"__type__":"cc.Size","width":47,"height":76},"_trs":{"__type__":"TypedArray","ctor":"Float64Array","array":[60,0,0,0,0,0,1,1,1,1]}},{"__type__":"cc.Node","_name":"zhi","_parent":{"__id__":9},"_active":false,"_components":[{"__type__":"cc.Sprite","node":{"__id__":10},"_spriteFrame":{"__uuid__":"qzmjmj42-7085-406c-8f01-d33a4cff08b8"}}],"_prefab":{"__type__":"cc.PrefabInfo","root":{"__id__":1},"asset":{"__uuid__":"05+BlGWIJGbpC1YtKauKHR"},"fileId":"afbPLD2ztBIqv+jv4o7k4N"},"_contentSize":{"__type__":"cc.Size","width":41,"height":32},"_trs":{"__type__":"TypedArray","ctor":"Float64Array","array":[0.1,-9.9,0,0,0,0,1,0.8,0.8,1]}},{"__type__":"cc.Node","_name":"card01","_parent":{"__id__":6},"_children":[{"__id__":12}],"_components":[{"__type__":"cc.Sprite","node":{"__id__":11},"_materials":[{"__uuid__":"ecpdLyjvZBwrvm+cedCcQy"}],"_spriteFrame":{"__uuid__":"qzmjmj7d-d077-4e42-ac80-228ec758c4f0"}}],"_prefab":{"__type__":"cc.PrefabInfo","root":{"__id__":1},"asset":{"__uuid__":"05+BlGWIJGbpC1YtKauKHR"},"fileId":"62tpaATaVKyrXaliBoCO0q"},"_contentSize":{"__type__":"cc.Size","width":47,"height":76},"_trs":{"__type__":"TypedArray","ctor":"Float64Array","array":[106.3,0,0,0,0,0,1,1,1,1]}},{"__type__":"cc.Node","_name":"zhi","_parent":{"__id__":11},"_active":false,"_components":[{"__type__":"cc.Sprite","node":{"__id__":12},"_spriteFrame":{"__uuid__":"qzmjmj42-7085-406c-8f01-d33a4cff08b8"}}],"_prefab":{"__type__":"cc.PrefabInfo","root":{"__id__":1},"asset":{"__uuid__":"05+BlGWIJGbpC1YtKauKHR"},"fileId":"8b4QF0mjlKwrGYxIJIerGm"},"_contentSize":{"__type__":"cc.Size","width":41,"height":32},"_trs":{"__type__":"TypedArray","ctor":"Float64Array","array":[0.1,-9.9,0,0,0,0,1,0.8,0.8,1]}},{"__type__":"cc.Node","_name":"card04","_parent":{"__id__":6},"_children":[{"__id__":14}],"_components":[{"__type__":"cc.Sprite","node":{"__id__":13},"_materials":[{"__uuid__":"ecpdLyjvZBwrvm+cedCcQy"}],"_spriteFrame":{"__uuid__":"qzmjmj7d-d077-4e42-ac80-228ec758c4f0"}}],"_prefab":{"__type__":"cc.PrefabInfo","root":{"__id__":1},"asset":{"__uuid__":"05+BlGWIJGbpC1YtKauKHR"},"fileId":"958Fjwg6BOcL9w+AupQ35X"},"_contentSize":{"__type__":"cc.Size","width":47,"height":76},"_trs":{"__type__":"TypedArray","ctor":"Float64Array","array":[60,17.5,0,0,0,0,1,1,1,1]}},{"__type__":"cc.Node","_name":"zhi","_parent":{"__id__":13},"_active":false,"_components":[{"__type__":"cc.Sprite","node":{"__id__":14},"_spriteFrame":{"__uuid__":"qzmjmj42-7085-406c-8f01-d33a4cff08b8"}}],"_prefab":{"__type__":"cc.PrefabInfo","root":{"__id__":1},"asset":{"__uuid__":"05+BlGWIJGbpC1YtKauKHR"},"fileId":"44jNqVveNNKKu2VfTC0zs4"},"_contentSize":{"__type__":"cc.Size","width":41,"height":32},"_trs":{"__type__":"TypedArray","ctor":"Float64Array","array":[0.1,-9.9,0,0,0,0,1,0.8,0.8,1]}}],{"__type__":"cc.SpriteFrame","content":{"name":"icon_jt","texture":"qzmjmj8e-0829-444d-8630-ea2a3c8344df","rect":[1,0,49,51],"offset":[0.5,0],"originalSize":[50,51],"capInsets":[0,0,0,0]}},{"__type__":"cc.SpriteFrame","content":{"name":"hh_face_dao_24","texture":"qzmjmj84-3629-4500-9bbb-d3ddc183f2dc","rect":[0,0,47,76],"offset":[0,0],"originalSize":[47,76],"capInsets":[0,0,0,0]}},{"__type__":"cc.SpriteFrame","content":{"name":"pai4","texture":"qzmjmj45-6e4c-4b11-8388-b6119b1a1a40","rect":[0,0,30,45],"offset":[0,0],"originalSize":[30,45],"capInsets":[0,0,0,0]}}]