[{"__type__":"cc.SpriteFrame","content":{"name":"wujindao_ani8","texture":"19bc4680a","rect":[2,410,283,202],"offset":[-0.5,0],"originalSize":[320,220],"capInsets":[0,0,0,0]}},{"__type__":"cc.SpriteFrame","content":{"name":"wujindao_ani7","texture":"19bc4680a","rect":[289,576,282,207],"offset":[0,0.5],"originalSize":[320,220],"rotated":1,"capInsets":[0,0,0,0]}},{"__type__":"cc.SpriteFrame","content":{"name":"wujindao_ani5","texture":"19bc4680a","rect":[2,827,282,186],"offset":[0,0],"originalSize":[320,220],"capInsets":[0,0,0,0]}},{"__type__":"cc.SpriteFrame","content":{"name":"wujindao_ani3","texture":"19bc4680a","rect":[2,616,282,207],"offset":[0,0.5],"originalSize":[320,220],"capInsets":[0,0,0,0]}},{"__type__":"cc.SpriteFrame","content":{"name":"wujindao_ani1","texture":"19bc4680a","rect":[2,2,316,186],"offset":[1,0],"originalSize":[320,220],"capInsets":[0,0,0,0]}},{"__type__":"cc.SpriteFrame","content":{"name":"wujindao_ani4","texture":"19bc4680a","rect":[322,2,283,186],"offset":[-0.5,0],"originalSize":[320,220],"rotated":1,"capInsets":[0,0,0,0]}},{"__type__":"cc.SpriteFrame","content":{"name":"wujindao_ani2","texture":"19bc4680a","rect":[2,192,301,214],"offset":[0.5,0],"originalSize":[320,220],"capInsets":[0,0,0,0]}},{"__type__":"cc.AnimationClip","_name":"wujindaoAction","_duration":1.18,"curveData":{"comps":{"cc.Sprite":{"spriteFrame":[{"frame":0,"value":{"__uuid__":"qzmjmj9d-ce19-4466-a61f-da1480d97ae5"}},{"frame":0.16666666666666666,"value":{"__uuid__":"qzmjmjb8-e793-40aa-bf06-6a5b040518d5"}},{"frame":0.3333333333333333,"value":{"__uuid__":"qzmjmj5b-8727-4917-8fcd-733e3b424f47"}},{"frame":0.5,"value":{"__uuid__":"qzmjmjb0-23dc-4462-81a0-45401b9f7b5c"}},{"frame":0.6666666666666666,"value":{"__uuid__":"qzmjmj3b-785c-4bd5-93b4-ade1365ea1f9"}},{"frame":0.8333333333333334,"value":{"__uuid__":"qzmjmjf1-b9b3-41a5-890e-4d75de2f91e4"}},{"frame":1,"value":{"__uuid__":"qzmjmj2f-f864-48e8-b368-cb33f438fee0"}},{"frame":1.1666666666666667,"value":{"__uuid__":"qzmjmj13-f1e0-4f7f-a1fb-9c93d925759e"}}]}}}},{"__type__":"cc.SpriteFrame","content":{"name":"wujindao_ani6","texture":"19bc4680a","rect":[307,289,283,207],"offset":[-0.5,0.5],"originalSize":[320,220],"rotated":1,"capInsets":[0,0,0,0]}}]