[{"__type__":"cc.SpriteFrame","content":{"name":"ani_jd_03","texture":"typdk7fa-0738-41f3-a6a2-31eba9860411","rect":[0,0,209,126],"offset":[0,0],"originalSize":[209,126],"capInsets":[0,0,0,0]}},{"__type__":"cc.SpriteFrame","content":{"name":"ani_jd_02","texture":"typdka53-6eb7-4ee1-8816-194d4502aa07","rect":[0,0,74,78],"offset":[0,0],"originalSize":[74,78],"capInsets":[0,0,0,0]}},{"__type__":"cc.AnimationClip","_name":"jidanAni","_duration":0.06666666666666667,"speed":0.1,"curveData":{"comps":{"cc.Sprite":{"spriteFrame":[{"frame":0,"value":{"__uuid__":"typdkb7b-7c69-4ea0-a212-11f0b7c61ebb"}},{"frame":0.016666666666666666,"value":{"__uuid__":"typdk107-04c5-4899-b0e7-f5b996122900"}},{"frame":0.03333333333333333,"value":{"__uuid__":"typdk02d-fabe-4227-a957-3f5292f6db17"}},{"frame":0.05,"value":{"__uuid__":"typdk8ca-a823-4ba4-bfb2-8c46df2bd0df"}}]}}}},{"__type__":"cc.SpriteFrame","content":{"name":"ani_jd_04","texture":"typdkb44-49c1-485e-b588-11c2afa6214c","rect":[0,0,282,170],"offset":[0,0],"originalSize":[282,170],"capInsets":[0,0,0,0]}},{"__type__":"cc.SpriteFrame","content":{"name":"ani_jd_01","texture":"typdk79c-0a8d-4e23-a92e-73c1e8097b9a","rect":[0,0,51,67],"offset":[0,0],"originalSize":[51,67],"capInsets":[0,0,0,0]}}]