[{"__type__":"cc.SpriteFrame","content":{"name":"ani_zd_01","texture":"typdk2c0-2801-4693-a32b-700fe37f29fa","rect":[0,0,88,56],"offset":[-2.5,0],"originalSize":[93,56],"capInsets":[0,0,0,0]}},{"__type__":"cc.SpriteFrame","content":{"name":"ani_zd_06","texture":"typdk278-266b-4fe0-8c6d-5efd34bdc9a0","rect":[1,1,111,109],"offset":[0.5,-0.5],"originalSize":[112,110],"capInsets":[0,0,0,0]}},{"__type__":"cc.SpriteFrame","content":{"name":"ani_zd_08","texture":"typdkb21-8469-4836-86fe-eec431405c1e","rect":[0,1,137,140],"offset":[-0.5,-0.5],"originalSize":[138,141],"capInsets":[0,0,0,0]}},{"__type__":"cc.SpriteFrame","content":{"name":"ani_zd_05","texture":"typdk2f2-3919-4471-a814-564422534e93","rect":[2,0,72,77],"offset":[0.5,0],"originalSize":[75,77],"capInsets":[0,0,0,0]}},{"__type__":"cc.SpriteFrame","content":{"name":"ani_zd_07","texture":"typdk051-889f-48a2-acc2-cc01b8c3c1a1","rect":[0,0,124,119],"offset":[0,0],"originalSize":[124,119],"capInsets":[0,0,0,0]}},{"__type__":"cc.SpriteFrame","content":{"name":"ani_zd_04","texture":"typdk895-597e-4284-83c6-ce857da705db","rect":[0,1,49,53],"offset":[-1,-0.5],"originalSize":[51,54],"capInsets":[0,0,0,0]}},{"__type__":"cc.AnimationClip","_name":"zhadanAni","_duration":0.15,"speed":0.1,"curveData":{"comps":{"cc.Sprite":{"spriteFrame":[{"frame":0,"value":{"__uuid__":"typdk031-8178-4b41-a19d-8c7a95c14c65"}},{"frame":0.016666666666666666,"value":{"__uuid__":"typdkbb5-4ab0-492d-86ae-d0c5be9adda5"}},{"frame":0.03333333333333333,"value":{"__uuid__":"typdkddd-4c13-4468-806d-a414e24ec2cb"}},{"frame":0.05,"value":{"__uuid__":"typdk904-1a40-4036-aea7-39843bf687f2"}},{"frame":0.06666666666666667,"value":{"__uuid__":"typdk77d-3e41-43ef-b71e-d03876b192b6"}},{"frame":0.08333333333333333,"value":{"__uuid__":"typdk4a2-8e78-4e2a-868c-81eca4f77ad1"}},{"frame":0.1,"value":{"__uuid__":"typdk884-2022-458f-896b-a7faa0e57e8a"}},{"frame":0.11666666666666667,"value":{"__uuid__":"typdk712-d494-41d9-8789-bffdfa8a5985"}},{"frame":0.13333333333333333,"value":{"__uuid__":"typdked1-6099-497a-9b65-98e565700948"}}]}}}},{"__type__":"cc.SpriteFrame","content":{"name":"ani_zd_02","texture":"typdka05-bb8a-4132-97b9-9f0bb303c325","rect":[0,0,7,6],"offset":[0,0],"originalSize":[7,6],"capInsets":[0,0,0,0]}},{"__type__":"cc.SpriteFrame","content":{"name":"ani_zd_03","texture":"typdk919-a104-4e7b-8bcf-a527c34d5826","rect":[1,0,23,24],"offset":[0.5,0],"originalSize":[24,24],"capInsets":[0,0,0,0]}},{"__type__":"cc.SpriteFrame","content":{"name":"ani_zd_09","texture":"typdk302-c7fa-4ce4-9b66-1453edd39a84","rect":[0,0,105,119],"offset":[0,0],"originalSize":[105,119],"capInsets":[0,0,0,0]}}]