[{"__type__":"cc.SpriteFrame","content":{"name":"logo_pdk","texture":"49xEf8hYJNTrS9y32BNrJH","rect":[0,0,225,75],"offset":[0,0],"originalSize":[225,75],"capInsets":[0,0,0,0]}},{"__type__":"cc.SpriteFrame","content":{"name":"default_sprite_splash","texture":"02delMVqdBD70a/HSD99FK","rect":[0,0,2,2],"offset":[0,0],"originalSize":[2,2],"capInsets":[0,0,0,0]}},{"__type__":"cc.SpriteFrame","content":{"name":"img_white_down","texture":"hzmj0862-8534-46d3-8bb5-0cf7bb76d98c","rect":[0,0,806,163],"offset":[0,0],"originalSize":[806,163],"capInsets":[0,98,0,45]}},{"__type__":"cc.SpriteFrame","content":{"name":"btn_blue","texture":"hzmj5843-06fc-4ccf-b6d9-dcb4d2d45810","rect":[0,0,196,63],"offset":[0,0],"originalSize":[196,63],"capInsets":[0,0,0,0]}},{"__type__":"cc.SpriteFrame","content":{"name":"btn_close","texture":"hzmjb622-4193-4d6e-968d-ec3ef372c92d","rect":[0,0,79,80],"offset":[0,0],"originalSize":[79,80],"capInsets":[0,0,0,0]}},{"__type__":"cc.SpriteFrame","content":{"name":"img_up_title","texture":"hzmj3403-d2ee-4df5-9691-c266f03165e2","rect":[0,0,425,90],"offset":[0,0],"originalSize":[425,90],"capInsets":[0,0,0,0]}},{"__type__":"cc.SpriteFrame","content":{"name":"img_ts","texture":"hzmjd488-bf7e-4c55-95d5-60e3901e06b1","rect":[0,0,109,54],"offset":[0,0],"originalSize":[109,54],"capInsets":[0,0,0,0]}},{"__type__":"cc.SpriteFrame","content":{"name":"lb_btn_bc","texture":"typdk086-971e-4b09-9d0b-ad3ef9e405f8","rect":[0,0,111,51],"offset":[0,0],"originalSize":[111,51],"capInsets":[0,0,0,0]}},{"__type__":"cc.SpriteFrame","content":{"name":"bg_table","texture":"typdka14-69ec-44a3-9366-b9271d196d9d","rect":[0,0,1600,800],"offset":[0,0],"originalSize":[1600,800],"capInsets":[0,0,0,0]}},{"__type__":"cc.SpriteFrame","content":{"name":"poker_back1","texture":"typdk17e-66fd-4943-bb7c-b50867333e6e","rect":[1,1,131,182],"offset":[-0.5,0.5],"originalSize":[134,185],"capInsets":[0,0,0,0]}},{"__type__":"cc.SpriteFrame","content":{"name":"icon_tips","texture":"typdkc7d-4bff-47e6-bbe5-07b431f71e03","rect":[0,0,232,25],"offset":[0,0],"originalSize":[232,25],"capInsets":[0,0,0,0]}},{"__type__":"cc.SpriteFrame","content":{"name":"bg_poker","texture":"typdk692-3009-4c67-a502-6001a6392bde","rect":[0,0,134,185],"offset":[0,0],"originalSize":[134,185],"capInsets":[0,0,0,0]}},{"__type__":"cc.SpriteFrame","content":{"name":"btn_yy","texture":"typdkcbd-b29d-4af5-8127-58fdd7238eff","rect":[0,0,74,74],"offset":[0,0],"originalSize":[74,74],"capInsets":[0,0,0,0]}},{"__type__":"cc.SpriteFrame","content":{"name":"btn_green","texture":"typdke07-a34b-4afa-9020-49ef24701520","rect":[0,0,243,77],"offset":[-0.5,0.5],"originalSize":[244,78],"capInsets":[0,0,0,0]}},{"__type__":"cc.SpriteFrame","content":{"name":"lb_btn_ts","texture":"typdkc4b-bcaa-4e1e-b72c-5b9c3a68a700","rect":[0,0,112,51],"offset":[0,0],"originalSize":[112,51],"capInsets":[0,0,0,0]}},{"__type__":"cc.SpriteFrame","content":{"name":"lb_btn_star","texture":"typdk6db-86e2-4a7a-8052-618a7ddf308d","rect":[0,0,182,47],"offset":[0,0],"originalSize":[182,47],"capInsets":[0,0,0,0]}},{"__type__":"cc.SpriteFrame","content":{"name":"btn_sx","texture":"typdkf35-c6b2-44d3-9330-191ec989761f","rect":[1,4,81,82],"offset":[0,-2],"originalSize":[83,86],"capInsets":[0,0,0,0]}},{"__type__":"cc.SpriteFrame","content":{"name":"lb_btn_cp","texture":"typdk593-9d10-4287-8a7b-b4f124cef6d6","rect":[0,0,111,52],"offset":[0,0],"originalSize":[111,52],"capInsets":[0,0,0,0]}},[{"__type__":"cc.Prefab","_name":"UIPDK_Play","data":{"__id__":1}},{"__type__":"cc.Node","_name":"UIPDK_Play","_children":[{"__id__":2},{"__id__":4},{"__id__":5},{"__id__":7},{"__id__":8},{"__id__":21},{"__id__":34},{"__id__":47},{"__id__":53},{"__id__":56},{"__id__":58},{"__id__":60},{"__id__":62},{"__id__":63},{"__id__":64},{"__id__":65},{"__id__":66},{"__id__":67},{"__id__":68},{"__id__":69},{"__id__":70},{"__id__":71},{"__id__":72},{"__id__":73},{"__id__":74},{"__id__":75},{"__id__":82},{"__id__":91},{"__id__":93},{"__id__":95},{"__id__":97},{"__id__":98},{"__id__":99},{"__id__":100},{"__id__":101},{"__id__":102},{"__id__":108},{"__id__":109},{"__id__":113},{"__id__":114},{"__id__":115},{"__id__":116},{"__id__":117},{"__id__":127}],"_components":[{"__type__":"cc.Widget","node":{"__id__":1},"alignMode":0,"_alignFlags":45},{"__type__":"typdk7dd-440f-4f82-a44c-6536a3bc0136","node":{"__id__":1},"btn_ready":{"__id__":58},"btn_weixin":{"__id__":53},"btn_cancel":{"__id__":56},"btn_go":{"__id__":60},"handCards":{"__id__":62},"allCards":{"__id__":63},"gameBtn":{"__id__":75},"btn_tip":{"__id__":78},"btn_pass":{"__id__":76},"btn_outCard":{"__id__":80},"gameMultiple":{"__id__":82},"btn_robDoor":{"__id__":91},"btn_notRobDoor":{"__id__":93},"btn_openCard":{"__id__":95},"boom_Ani":{"__id__":97},"lianDui_Ani":{"__id__":99},"plane_Ani":{"__id__":98},"dragon_Ani":{"__id__":100},"labelRoomId":{"__id__":105},"labeiWanfa":{"__id__":6},"lb_jushu":{"__id__":107},"roomInfo":{"__id__":102},"headPrefab":{"__uuid__":"typdkc75-9cba-4891-9e73-be8382628c1b"},"cardPrefab":{"__uuid__":"typdk85f-dcc0-44ff-bd2c-ca1faabe74c8"},"bsPrefab":{"__uuid__":"typdkabf-82fd-4131-bb48-cb6b1b3aa461"},"giftPrefabs":[{"__uuid__":"typdk879-fa50-4fb7-be09-8c679149491a"},{"__uuid__":"typdk8de-a839-4eef-b6e3-6bcfdd109238"},{"__uuid__":"typdkc1d-5c7c-4078-b2c2-2b3c5b9d6baf"},{"__uuid__":"typdkd67-50c3-47cd-83de-d1db00b5ae98"},{"__uuid__":"typdk961-dad4-4b12-9f98-17647a12b71e"},{"__uuid__":"typdk472-ab65-4a42-91b9-c72341c0a38a"},{"__uuid__":"typdk668-0c6a-4d38-98bf-35586577c5da"}],"giftNode":{"__id__":108},"btn_voice":{"__id__":115},"btn_chat":{"__id__":113},"btn_change":{"__id__":116},"gameBg":[{"__uuid__":"typdk058-2c7b-4171-b4f4-19339c52e5f4"},{"__uuid__":"typdka09-e0ce-403e-b678-acb5fb7f19db"}],"logoNode":{"__id__":4},"BgNode":{"__id__":2},"UIInvitation":{"__uuid__":"08TYyad/lEMpALGNlQSJNp"},"resVersion":{"__id__":128}}],"_prefab":{"__type__":"cc.PrefabInfo","root":{"__id__":1},"asset":{"__uuid__":"typdk54b-f809-48f7-9343-08d9f9293732"},"fileId":"20f3eWWByJCo4r06x9kf0uQ"},"_opacity":253,"_contentSize":{"__type__":"cc.Size","width":1360,"height":760},"_trs":{"__type__":"TypedArray","ctor":"Float64Array","array":[680,380,0,0,0,0,1,1,1,1]}},{"__type__":"cc.Node","_name":"bg_table","_parent":{"__id__":1},"_children":[{"__id__":3}],"_components":[{"__type__":"cc.Sprite","node":{"__id__":2},"_materials":[{"__uuid__":"ecpdLyjvZBwrvm+cedCcQy"}],"_spriteFrame":{"__uuid__":"typdk058-2c7b-4171-b4f4-19339c52e5f4"},"_sizeMode":0}],"_prefab":{"__type__":"cc.PrefabInfo","root":{"__id__":1},"asset":{"__uuid__":"typdk54b-f809-48f7-9343-08d9f9293732"},"fileId":"3770aBUd55DDq1pfsyjM3UD"},"_contentSize":{"__type__":"cc.Size","width":1750,"height":800},"_trs":{"__type__":"TypedArray","ctor":"Float64Array","array":[0,0,0,0,0,0,1,1,1,1]}},{"__type__":"cc.Node","_name":"touming","_parent":{"__id__":2},"_components":[{"__type__":"cc.Widget","node":{"__id__":3},"_alignFlags":45,"_bottom":300},{"__type__":"cc.Button","node":{"__id__":3},"clickEvents":[{"__type__":"cc.ClickEvent","target":{"__id__":1},"_componentId":"typdk7dd-440f-4f82-a44c-6536a3bc0136","handler":"OnClick_BtnWnd"}]}],"_prefab":{"__type__":"cc.PrefabInfo","root":{"__id__":1},"asset":{"__uuid__":"typdk54b-f809-48f7-9343-08d9f9293732"},"fileId":"beTWMPCgJLTZw53wL6QYFk"},"_contentSize":{"__type__":"cc.Size","width":1750,"height":500},"_trs":{"__type__":"TypedArray","ctor":"Float64Array","array":[0,150,0,0,0,0,1,1,1,1]}},{"__type__":"cc.Node","_name":"bg_logo","_parent":{"__id__":1},"_components":[{"__type__":"cc.Sprite","node":{"__id__":4},"_materials":[{"__uuid__":"ecpdLyjvZBwrvm+cedCcQy"}],"_spriteFrame":{"__uuid__":"2db4wzpEZBP5qVdAyMhTju"}}],"_prefab":{"__type__":"cc.PrefabInfo","root":{"__id__":1},"asset":{"__uuid__":"typdk54b-f809-48f7-9343-08d9f9293732"},"fileId":"25b93KhA75IqY0ZOV7mBHNu"},"_contentSize":{"__type__":"cc.Size","width":225,"height":75},"_trs":{"__type__":"TypedArray","ctor":"Float64Array","array":[0,95.219,0,0,0,0,1,1,1,1]}},{"__type__":"cc.Node","_name":"labeiWanfa","_parent":{"__id__":1},"_components":[{"__id__":6}],"_prefab":{"__type__":"cc.PrefabInfo","root":{"__id__":1},"asset":{"__uuid__":"typdk54b-f809-48f7-9343-08d9f9293732"},"fileId":"24bb8xeAvBHRYwBlhdXJlCx"},"_color":{"__type__":"cc.Color","r":40,"g":82,"b":109},"_contentSize":{"__type__":"cc.Size","width":1200,"height":100},"_anchorPoint":{"__type__":"cc.Vec2","x":0.5,"y":1},"_trs":{"__type__":"TypedArray","ctor":"Float64Array","array":[0,28.829,0,0,0,0,1,1,1,1]}},{"__type__":"cc.Label","node":{"__id__":5},"_materials":[{"__uuid__":"ecpdLyjvZBwrvm+cedCcQy"}],"_useOriginalSize":false,"_string":"玩法","_N$string":"玩法","_fontSize":26,"_lineHeight":28,"_N$horizontalAlign":1,"_N$overflow":1},{"__type__":"cc.Node","_name":"bg_tips","_parent":{"__id__":1},"_active":false,"_components":[{"__type__":"cc.Sprite","node":{"__id__":7},"_spriteFrame":{"__uuid__":"typdk1f1-94c1-4931-b6ef-7df1233a887c"}}],"_prefab":{"__type__":"cc.PrefabInfo","root":{"__id__":1},"asset":{"__uuid__":"typdk54b-f809-48f7-9343-08d9f9293732"},"fileId":"0800cVU4hBJWJqHEteua4OJ"},"_contentSize":{"__type__":"cc.Size","width":232,"height":25},"_trs":{"__type__":"TypedArray","ctor":"Float64Array","array":[0,12,0,0,0,0,1,1,1,1]}},{"__type__":"cc.Node","_name":"sp_seat02","_parent":{"__id__":1},"_children":[{"__id__":9},{"__id__":10},{"__id__":16},{"__id__":18},{"__id__":19},{"__type__":"cc.Node","_name":"head","_parent":{"__id__":8},"_prefab":{"__type__":"cc.PrefabInfo","root":{"__id__":1},"asset":{"__uuid__":"typdk54b-f809-48f7-9343-08d9f9293732"},"fileId":"6c4dbZ2WSFJe6kBVoPNCCeo"},"_trs":{"__type__":"TypedArray","ctor":"Float64Array","array":[-149,0,0,0,0,0,1,1,1,1]}},{"__id__":20}],"_components":[{"__type__":"cc.Widget","node":{"__id__":8},"alignMode":0,"_alignFlags":8,"_left":55}],"_prefab":{"__type__":"cc.PrefabInfo","root":{"__id__":1},"asset":{"__uuid__":"typdk54b-f809-48f7-9343-08d9f9293732"},"fileId":"bbbdbvkrhNLnriKUNSeeJ0m"},"_contentSize":{"__type__":"cc.Size","width":400,"height":250},"_trs":{"__type__":"TypedArray","ctor":"Float64Array","array":[-425,150,0,0,0,0,1,1,1,1]}},{"__type__":"cc.Node","_name":"cardNum","_parent":{"__id__":8},"_active":false,"_components":[{"__type__":"cc.Label","node":{"__id__":9},"_useOriginalSize":false,"_string":"10张","_N$string":"10张","_fontSize":50,"_lineHeight":50,"_N$file":{"__uuid__":"typdk345-cbe0-4203-a8ca-8141b2e63f4f"},"_isSystemFontUsed":false,"_N$horizontalAlign":1,"_N$verticalAlign":1}],"_prefab":{"__type__":"cc.PrefabInfo","root":{"__id__":1},"asset":{"__uuid__":"typdk54b-f809-48f7-9343-08d9f9293732"},"fileId":"1f1e00HdVJGSYI8QZgy+kbm"},"_contentSize":{"__type__":"cc.Size","width":77.5,"height":40},"_anchorPoint":{"__type__":"cc.Vec2","y":0.5},"_trs":{"__type__":"TypedArray","ctor":"Float64Array","array":[-155,-93,0,0,0,0,1,0.5,0.5,1]}},{"__type__":"cc.Node","_name":"card","_parent":{"__id__":8},"_children":[{"__id__":11},{"__id__":12},{"__id__":13},{"__id__":14},{"__id__":15}],"_active":false,"_prefab":{"__type__":"cc.PrefabInfo","root":{"__id__":1},"asset":{"__uuid__":"typdk54b-f809-48f7-9343-08d9f9293732"},"fileId":"2a7cfkLNkdCn5oSjbJMJ1Ez"},"_contentSize":{"__type__":"cc.Size","width":112,"height":156},"_trs":{"__type__":"TypedArray","ctor":"Float64Array","array":[-169,-92,0,0,0,0,1,0.2,0.2,1]}},{"__type__":"cc.Node","_name":"bg_poker","_parent":{"__id__":10},"_components":[{"__type__":"cc.Sprite","node":{"__id__":11},"_spriteFrame":{"__uuid__":"typdk22a-1d23-4f06-9f4c-44e74053f173"},"_sizeMode":2,"_isTrimmedMode":false}],"_prefab":{"__type__":"cc.PrefabInfo","root":{"__id__":1},"asset":{"__uuid__":"typdk54b-f809-48f7-9343-08d9f9293732"},"fileId":"7e737KHbyhOK6gQTSodKoCc"},"_contentSize":{"__type__":"cc.Size","width":134,"height":185},"_trs":{"__type__":"TypedArray","ctor":"Float64Array","array":[0,0,0,0,0,0,1,1,1,1]}},{"__type__":"cc.Node","_name":"num","_parent":{"__id__":10},"_components":[{"__type__":"cc.Sprite","node":{"__id__":12},"_spriteFrame":{"__uuid__":"typdkcba-e12f-4c65-9213-c8296c2d07e7"},"_sizeMode":2,"_isTrimmedMode":false}],"_prefab":{"__type__":"cc.PrefabInfo","root":{"__id__":1},"asset":{"__uuid__":"typdk54b-f809-48f7-9343-08d9f9293732"},"fileId":"2b435U8iLFHL6TwXrUdXnBr"},"_contentSize":{"__type__":"cc.Size","width":36,"height":45},"_trs":{"__type__":"TypedArray","ctor":"Float64Array","array":[-41,60,0,0,0,0,1,1,1,1]}},{"__type__":"cc.Node","_name":"icon","_parent":{"__id__":10},"_components":[{"__type__":"cc.Sprite","node":{"__id__":13},"_spriteFrame":{"__uuid__":"typdkf0d-f1f0-4a08-8a86-d9977e951850"},"_sizeMode":2,"_isTrimmedMode":false}],"_prefab":{"__type__":"cc.PrefabInfo","root":{"__id__":1},"asset":{"__uuid__":"typdk54b-f809-48f7-9343-08d9f9293732"},"fileId":"97f43CcI0JB978COt1APsGV"},"_contentSize":{"__type__":"cc.Size","width":134,"height":185},"_trs":{"__type__":"TypedArray","ctor":"Float64Array","array":[0,0,0,0,0,0,1,1,1,1]}},{"__type__":"cc.Node","_name":"icon_1","_parent":{"__id__":10},"_components":[{"__type__":"cc.Sprite","node":{"__id__":14},"_spriteFrame":{"__uuid__":"typdk8e8-98ff-49a9-829e-191a911ad76e"},"_sizeMode":2,"_isTrimmedMode":false}],"_prefab":{"__type__":"cc.PrefabInfo","root":{"__id__":1},"asset":{"__uuid__":"typdk54b-f809-48f7-9343-08d9f9293732"},"fileId":"5ac97xu3aRJSr+ULcSILe8u"},"_contentSize":{"__type__":"cc.Size","width":134,"height":185},"_trs":{"__type__":"TypedArray","ctor":"Float64Array","array":[0,0,0,0,0,0,1,1,1,1]}},{"__type__":"cc.Node","_name":"poker_back","_parent":{"__id__":10},"_components":[{"__type__":"cc.Sprite","node":{"__id__":15},"_spriteFrame":{"__uuid__":"typdk05e-42d0-4e49-b55e-ff22efb335c9"}}],"_prefab":{"__type__":"cc.PrefabInfo","root":{"__id__":1},"asset":{"__uuid__":"typdk54b-f809-48f7-9343-08d9f9293732"},"fileId":"5662ePVmotK867veRpevSfh"},"_contentSize":{"__type__":"cc.Size","width":131,"height":182},"_trs":{"__type__":"TypedArray","ctor":"Float64Array","array":[0,0,0,0,0,0,1,1,1,1]}},{"__type__":"cc.Node","_name":"clock","_parent":{"__id__":8},"_children":[{"__id__":17}],"_active":false,"_components":[{"__type__":"cc.Sprite","node":{"__id__":16},"_spriteFrame":{"__uuid__":"typdkdb9-9be0-4296-848b-d9f8b62d9162"}}],"_prefab":{"__type__":"cc.PrefabInfo","root":{"__id__":1},"asset":{"__uuid__":"typdk54b-f809-48f7-9343-08d9f9293732"},"fileId":"72840QBQkJL+4V+otlsaGi2"},"_contentSize":{"__type__":"cc.Size","width":74,"height":79},"_trs":{"__type__":"TypedArray","ctor":"Float64Array","array":[-59,-21,0,0,0,0,1,1,1,1]}},{"__type__":"cc.Node","_name":"num","_parent":{"__id__":16},"_components":[{"__type__":"cc.Label","node":{"__id__":17},"_useOriginalSize":false,"_string":"300","_N$string":"300","_N$file":{"__uuid__":"typdk345-cbe0-4203-a8ca-8141b2e63f4f"},"_isSystemFontUsed":false,"_N$horizontalAlign":1,"_N$verticalAlign":1,"_N$overflow":2}],"_prefab":{"__type__":"cc.PrefabInfo","root":{"__id__":1},"asset":{"__uuid__":"typdk54b-f809-48f7-9343-08d9f9293732"},"fileId":"65f78kTT69Ds7kc3oeRJDoI"},"_color":{"__type__":"cc.Color"},"_contentSize":{"__type__":"cc.Size","width":45.63,"height":40},"_trs":{"__type__":"TypedArray","ctor":"Float64Array","array":[0,0,0,0,0,0,1,1,1,1]}},{"__type__":"cc.Node","_name":"pass","_parent":{"__id__":8},"_active":false,"_components":[{"__type__":"cc.Sprite","node":{"__id__":18},"_spriteFrame":{"__uuid__":"typdk739-6d88-4ccf-8e3a-8c9cbba63bd3"}}],"_prefab":{"__type__":"cc.PrefabInfo","root":{"__id__":1},"asset":{"__uuid__":"typdk54b-f809-48f7-9343-08d9f9293732"},"fileId":"527a8E+TG9AzbgIUo9j4hrg"},"_contentSize":{"__type__":"cc.Size","width":103,"height":50},"_trs":{"__type__":"TypedArray","ctor":"Float64Array","array":[50,-35,0,0,0,0,1,1,1,1]}},{"__type__":"cc.Node","_name":"warning","_parent":{"__id__":8},"_components":[{"__type__":"cc.Animation","node":{"__id__":19},"_clips":[{"__uuid__":"typdk546-3e37-4430-a113-969643a535df"}]},{"__type__":"cc.Sprite","node":{"__id__":19}}],"_prefab":{"__type__":"cc.PrefabInfo","root":{"__id__":1},"asset":{"__uuid__":"typdk54b-f809-48f7-9343-08d9f9293732"},"fileId":"8d636on0lFKFL5mL65VDz9F"},"_trs":{"__type__":"TypedArray","ctor":"Float64Array","array":[-72,50,0,0,0,0,1,1,1,1]}},{"__type__":"cc.Node","_name":"ShutDow_Ani","_parent":{"__id__":8},"_components":[{"__type__":"cc.Animation","node":{"__id__":20},"_clips":[{"__uuid__":"typdk7fb-c189-4b24-ac9e-4759d38bed2e"}]},{"__type__":"cc.Sprite","node":{"__id__":20}}],"_prefab":{"__type__":"cc.PrefabInfo","root":{"__id__":1},"asset":{"__uuid__":"typdk54b-f809-48f7-9343-08d9f9293732"},"fileId":"b6badxXflJBOJtrZn1I/n4J"},"_trs":{"__type__":"TypedArray","ctor":"Float64Array","array":[-149,0,0,0,0,0,1,1,1,1]}},{"__type__":"cc.Node","_name":"sp_seat01","_parent":{"__id__":1},"_children":[{"__id__":22},{"__id__":23},{"__id__":29},{"__id__":31},{"__id__":32},{"__type__":"cc.Node","_name":"head","_parent":{"__id__":21},"_prefab":{"__type__":"cc.PrefabInfo","root":{"__id__":1},"asset":{"__uuid__":"typdk54b-f809-48f7-9343-08d9f9293732"},"fileId":"d930989CoBOIpEH9XEPDBhB"},"_trs":{"__type__":"TypedArray","ctor":"Float64Array","array":[-149,-10,0,0,0,0,1,1,1,1]}},{"__id__":33}],"_components":[{"__type__":"cc.Widget","node":{"__id__":21},"alignMode":0,"_alignFlags":1,"_top":-45}],"_prefab":{"__type__":"cc.PrefabInfo","root":{"__id__":1},"asset":{"__uuid__":"typdk54b-f809-48f7-9343-08d9f9293732"},"fileId":"3d744IAwGFPuLDlTapSNQkt"},"_contentSize":{"__type__":"cc.Size","width":400,"height":250},"_trs":{"__type__":"TypedArray","ctor":"Float64Array","array":[35,300,0,0,0,0,1,1,1,1]}},{"__type__":"cc.Node","_name":"cardNum","_parent":{"__id__":21},"_active":false,"_components":[{"__type__":"cc.Label","node":{"__id__":22},"_materials":[{"__uuid__":"ecpdLyjvZBwrvm+cedCcQy"}],"_useOriginalSize":false,"_string":"10张","_N$string":"10张","_fontSize":50,"_lineHeight":50,"_N$file":{"__uuid__":"typdk345-cbe0-4203-a8ca-8141b2e63f4f"},"_isSystemFontUsed":false,"_N$horizontalAlign":1,"_N$verticalAlign":1}],"_prefab":{"__type__":"cc.PrefabInfo","root":{"__id__":1},"asset":{"__uuid__":"typdk54b-f809-48f7-9343-08d9f9293732"},"fileId":"5b0f6RsUBBDvI70KbKAISDN"},"_contentSize":{"__type__":"cc.Size","width":96.88,"height":63},"_anchorPoint":{"__type__":"cc.Vec2","y":0.5},"_trs":{"__type__":"TypedArray","ctor":"Float64Array","array":[-66,-25,0,0,0,0,1,0.5,0.5,1]}},{"__type__":"cc.Node","_name":"card","_parent":{"__id__":21},"_children":[{"__id__":24},{"__id__":25},{"__id__":26},{"__id__":27},{"__id__":28}],"_active":false,"_prefab":{"__type__":"cc.PrefabInfo","root":{"__id__":1},"asset":{"__uuid__":"typdk54b-f809-48f7-9343-08d9f9293732"},"fileId":"b6a3dNqWstL5pWLyl0N8eS8"},"_contentSize":{"__type__":"cc.Size","width":112,"height":156},"_trs":{"__type__":"TypedArray","ctor":"Float64Array","array":[-79,-24,0,0,0,0,1,0.2,0.2,1]}},{"__type__":"cc.Node","_name":"bg_poker","_parent":{"__id__":23},"_components":[{"__type__":"cc.Sprite","node":{"__id__":24},"_materials":[{"__uuid__":"ecpdLyjvZBwrvm+cedCcQy"}],"_spriteFrame":{"__uuid__":"typdk22a-1d23-4f06-9f4c-44e74053f173"},"_sizeMode":2,"_isTrimmedMode":false}],"_prefab":{"__type__":"cc.PrefabInfo","root":{"__id__":1},"asset":{"__uuid__":"typdk54b-f809-48f7-9343-08d9f9293732"},"fileId":"e2ed0aZiQNM6aGLLZC9asZI"},"_contentSize":{"__type__":"cc.Size","width":134,"height":185},"_trs":{"__type__":"TypedArray","ctor":"Float64Array","array":[0,0,0,0,0,0,1,1,1,1]}},{"__type__":"cc.Node","_name":"num","_parent":{"__id__":23},"_components":[{"__type__":"cc.Sprite","node":{"__id__":25},"_materials":[{"__uuid__":"ecpdLyjvZBwrvm+cedCcQy"}],"_spriteFrame":{"__uuid__":"typdkcba-e12f-4c65-9213-c8296c2d07e7"},"_sizeMode":2,"_isTrimmedMode":false}],"_prefab":{"__type__":"cc.PrefabInfo","root":{"__id__":1},"asset":{"__uuid__":"typdk54b-f809-48f7-9343-08d9f9293732"},"fileId":"6b6ecs8uOFA7ItQjN9y1pxK"},"_contentSize":{"__type__":"cc.Size","width":36,"height":45},"_trs":{"__type__":"TypedArray","ctor":"Float64Array","array":[-41,60,0,0,0,0,1,1,1,1]}},{"__type__":"cc.Node","_name":"icon","_parent":{"__id__":23},"_components":[{"__type__":"cc.Sprite","node":{"__id__":26},"_materials":[{"__uuid__":"ecpdLyjvZBwrvm+cedCcQy"}],"_spriteFrame":{"__uuid__":"typdkf0d-f1f0-4a08-8a86-d9977e951850"},"_sizeMode":2,"_isTrimmedMode":false}],"_prefab":{"__type__":"cc.PrefabInfo","root":{"__id__":1},"asset":{"__uuid__":"typdk54b-f809-48f7-9343-08d9f9293732"},"fileId":"ce7f6ASckFJVr9tcz0JK2Bo"},"_contentSize":{"__type__":"cc.Size","width":134,"height":185},"_trs":{"__type__":"TypedArray","ctor":"Float64Array","array":[0,0,0,0,0,0,1,1,1,1]}},{"__type__":"cc.Node","_name":"icon_1","_parent":{"__id__":23},"_components":[{"__type__":"cc.Sprite","node":{"__id__":27},"_materials":[{"__uuid__":"ecpdLyjvZBwrvm+cedCcQy"}],"_spriteFrame":{"__uuid__":"typdk8e8-98ff-49a9-829e-191a911ad76e"},"_sizeMode":2,"_isTrimmedMode":false}],"_prefab":{"__type__":"cc.PrefabInfo","root":{"__id__":1},"asset":{"__uuid__":"typdk54b-f809-48f7-9343-08d9f9293732"},"fileId":"cca6031GHtGoZSFkgRT+JwG"},"_contentSize":{"__type__":"cc.Size","width":134,"height":185},"_trs":{"__type__":"TypedArray","ctor":"Float64Array","array":[0,0,0,0,0,0,1,1,1,1]}},{"__type__":"cc.Node","_name":"poker_back","_parent":{"__id__":23},"_components":[{"__type__":"cc.Sprite","node":{"__id__":28},"_materials":[{"__uuid__":"ecpdLyjvZBwrvm+cedCcQy"}],"_spriteFrame":{"__uuid__":"typdk05e-42d0-4e49-b55e-ff22efb335c9"}}],"_prefab":{"__type__":"cc.PrefabInfo","root":{"__id__":1},"asset":{"__uuid__":"typdk54b-f809-48f7-9343-08d9f9293732"},"fileId":"aae40x8Ca5PopMd3xnnaAbu"},"_contentSize":{"__type__":"cc.Size","width":131,"height":182},"_trs":{"__type__":"TypedArray","ctor":"Float64Array","array":[0,0,0,0,0,0,1,1,1,1]}},{"__type__":"cc.Node","_name":"clock","_parent":{"__id__":21},"_children":[{"__id__":30}],"_active":false,"_components":[{"__type__":"cc.Sprite","node":{"__id__":29},"_materials":[{"__uuid__":"ecpdLyjvZBwrvm+cedCcQy"}],"_spriteFrame":{"__uuid__":"typdkdb9-9be0-4296-848b-d9f8b62d9162"}}],"_prefab":{"__type__":"cc.PrefabInfo","root":{"__id__":1},"asset":{"__uuid__":"typdk54b-f809-48f7-9343-08d9f9293732"},"fileId":"c27f2Iud5pJ05tYqTA3cLrY"},"_contentSize":{"__type__":"cc.Size","width":74,"height":79},"_trs":{"__type__":"TypedArray","ctor":"Float64Array","array":[24.938000000000002,-20.04,0,0,0,0,1,1,1,1]}},{"__type__":"cc.Node","_name":"num","_parent":{"__id__":29},"_components":[{"__type__":"cc.Label","node":{"__id__":30},"_materials":[{"__uuid__":"ecpdLyjvZBwrvm+cedCcQy"}],"_useOriginalSize":false,"_string":"300","_N$string":"300","_N$file":{"__uuid__":"typdk345-cbe0-4203-a8ca-8141b2e63f4f"},"_isSystemFontUsed":false,"_N$horizontalAlign":1,"_N$verticalAlign":1,"_N$overflow":2}],"_prefab":{"__type__":"cc.PrefabInfo","root":{"__id__":1},"asset":{"__uuid__":"typdk54b-f809-48f7-9343-08d9f9293732"},"fileId":"8be36btu4JDKYjImA4f9/js"},"_color":{"__type__":"cc.Color"},"_contentSize":{"__type__":"cc.Size","width":45.63,"height":40},"_trs":{"__type__":"TypedArray","ctor":"Float64Array","array":[0,0,0,0,0,0,1,1,1,1]}},{"__type__":"cc.Node","_name":"pass","_parent":{"__id__":21},"_active":false,"_components":[{"__type__":"cc.Sprite","node":{"__id__":31},"_spriteFrame":{"__uuid__":"typdk739-6d88-4ccf-8e3a-8c9cbba63bd3"}}],"_prefab":{"__type__":"cc.PrefabInfo","root":{"__id__":1},"asset":{"__uuid__":"typdk54b-f809-48f7-9343-08d9f9293732"},"fileId":"478fcfw6JJGuoTxdGqrxOqP"},"_contentSize":{"__type__":"cc.Size","width":103,"height":50},"_trs":{"__type__":"TypedArray","ctor":"Float64Array","array":[-40,-110,0,0,0,0,1,1,1,1]}},{"__type__":"cc.Node","_name":"warning","_parent":{"__id__":21},"_components":[{"__type__":"cc.Animation","node":{"__id__":32},"_clips":[{"__uuid__":"typdk546-3e37-4430-a113-969643a535df"}]},{"__type__":"cc.Sprite","node":{"__id__":32}}],"_prefab":{"__type__":"cc.PrefabInfo","root":{"__id__":1},"asset":{"__uuid__":"typdk54b-f809-48f7-9343-08d9f9293732"},"fileId":"423d8kZpGRGTqbFTXQG7P2s"},"_trs":{"__type__":"TypedArray","ctor":"Float64Array","array":[-245,-51,0,0,0,0,1,1,1,1]}},{"__type__":"cc.Node","_name":"ShutDow_Ani","_parent":{"__id__":21},"_components":[{"__type__":"cc.Animation","node":{"__id__":33},"_clips":[{"__uuid__":"typdk7fb-c189-4b24-ac9e-4759d38bed2e"}]},{"__type__":"cc.Sprite","node":{"__id__":33}}],"_prefab":{"__type__":"cc.PrefabInfo","root":{"__id__":1},"asset":{"__uuid__":"typdk54b-f809-48f7-9343-08d9f9293732"},"fileId":"7f9d0espnlPormeW0hDBLWG"},"_trs":{"__type__":"TypedArray","ctor":"Float64Array","array":[-149,-10,0,0,0,0,1,1,1,1]}},{"__type__":"cc.Node","_name":"sp_seat03","_parent":{"__id__":1},"_children":[{"__id__":35},{"__id__":36},{"__id__":42},{"__id__":44},{"__id__":45},{"__type__":"cc.Node","_name":"head","_parent":{"__id__":34},"_prefab":{"__type__":"cc.PrefabInfo","root":{"__id__":1},"asset":{"__uuid__":"typdk54b-f809-48f7-9343-08d9f9293732"},"fileId":"28ae0x/rXVAMbu/h/9uc6ta"},"_trs":{"__type__":"TypedArray","ctor":"Float64Array","array":[130,0,0,0,0,0,1,1,1,1]}},{"__id__":46}],"_components":[{"__type__":"cc.Widget","node":{"__id__":34},"alignMode":0,"_alignFlags":32,"_right":71}],"_prefab":{"__type__":"cc.PrefabInfo","root":{"__id__":1},"asset":{"__uuid__":"typdk54b-f809-48f7-9343-08d9f9293732"},"fileId":"6d506sbtDpKVIdwWCXLQKPi"},"_contentSize":{"__type__":"cc.Size","width":400,"height":250},"_trs":{"__type__":"TypedArray","ctor":"Float64Array","array":[409,152,0,0,0,0,1,1,1,1]}},{"__type__":"cc.Node","_name":"cardNum","_parent":{"__id__":34},"_active":false,"_components":[{"__type__":"cc.Label","node":{"__id__":35},"_useOriginalSize":false,"_string":"10张","_N$string":"10张","_fontSize":50,"_lineHeight":50,"_N$file":{"__uuid__":"typdk345-cbe0-4203-a8ca-8141b2e63f4f"},"_isSystemFontUsed":false,"_N$horizontalAlign":1,"_N$verticalAlign":1}],"_prefab":{"__type__":"cc.PrefabInfo","root":{"__id__":1},"asset":{"__uuid__":"typdk54b-f809-48f7-9343-08d9f9293732"},"fileId":"4f684gSOqZKf7H7x6rVHDEE"},"_contentSize":{"__type__":"cc.Size","width":77.5,"height":40},"_anchorPoint":{"__type__":"cc.Vec2","y":0.5},"_trs":{"__type__":"TypedArray","ctor":"Float64Array","array":[123,-98,0,0,0,0,1,0.5,0.5,1]}},{"__type__":"cc.Node","_name":"card","_parent":{"__id__":34},"_children":[{"__id__":37},{"__id__":38},{"__id__":39},{"__id__":40},{"__id__":41}],"_active":false,"_prefab":{"__type__":"cc.PrefabInfo","root":{"__id__":1},"asset":{"__uuid__":"typdk54b-f809-48f7-9343-08d9f9293732"},"fileId":"60682fZJfFGgJissX7lEga4"},"_contentSize":{"__type__":"cc.Size","width":112,"height":156},"_trs":{"__type__":"TypedArray","ctor":"Float64Array","array":[109,-100,0,0,0,0,1,0.2,0.2,1]}},{"__type__":"cc.Node","_name":"bg_poker","_parent":{"__id__":36},"_components":[{"__type__":"cc.Sprite","node":{"__id__":37},"_spriteFrame":{"__uuid__":"typdk22a-1d23-4f06-9f4c-44e74053f173"},"_sizeMode":2,"_isTrimmedMode":false}],"_prefab":{"__type__":"cc.PrefabInfo","root":{"__id__":1},"asset":{"__uuid__":"typdk54b-f809-48f7-9343-08d9f9293732"},"fileId":"c6eabdN2WRA6KJDfZwR0Gco"},"_contentSize":{"__type__":"cc.Size","width":134,"height":185},"_trs":{"__type__":"TypedArray","ctor":"Float64Array","array":[0,0,0,0,0,0,1,1,1,1]}},{"__type__":"cc.Node","_name":"num","_parent":{"__id__":36},"_components":[{"__type__":"cc.Sprite","node":{"__id__":38},"_spriteFrame":{"__uuid__":"typdkcba-e12f-4c65-9213-c8296c2d07e7"},"_sizeMode":2,"_isTrimmedMode":false}],"_prefab":{"__type__":"cc.PrefabInfo","root":{"__id__":1},"asset":{"__uuid__":"typdk54b-f809-48f7-9343-08d9f9293732"},"fileId":"fe701MzC55Amoy2iBW6Axfj"},"_contentSize":{"__type__":"cc.Size","width":36,"height":45},"_trs":{"__type__":"TypedArray","ctor":"Float64Array","array":[-41,60,0,0,0,0,1,1,1,1]}},{"__type__":"cc.Node","_name":"icon","_parent":{"__id__":36},"_components":[{"__type__":"cc.Sprite","node":{"__id__":39},"_spriteFrame":{"__uuid__":"typdkf0d-f1f0-4a08-8a86-d9977e951850"},"_sizeMode":2,"_isTrimmedMode":false}],"_prefab":{"__type__":"cc.PrefabInfo","root":{"__id__":1},"asset":{"__uuid__":"typdk54b-f809-48f7-9343-08d9f9293732"},"fileId":"52c81sGFW5BMKoGWv1bHodN"},"_contentSize":{"__type__":"cc.Size","width":134,"height":185},"_trs":{"__type__":"TypedArray","ctor":"Float64Array","array":[0,0,0,0,0,0,1,1,1,1]}},{"__type__":"cc.Node","_name":"icon_1","_parent":{"__id__":36},"_components":[{"__type__":"cc.Sprite","node":{"__id__":40},"_spriteFrame":{"__uuid__":"typdk8e8-98ff-49a9-829e-191a911ad76e"},"_sizeMode":2,"_isTrimmedMode":false}],"_prefab":{"__type__":"cc.PrefabInfo","root":{"__id__":1},"asset":{"__uuid__":"typdk54b-f809-48f7-9343-08d9f9293732"},"fileId":"1ed87+KQ/BFIoUdXT9Ej2nm"},"_contentSize":{"__type__":"cc.Size","width":134,"height":185},"_trs":{"__type__":"TypedArray","ctor":"Float64Array","array":[0,0,0,0,0,0,1,1,1,1]}},{"__type__":"cc.Node","_name":"poker_back","_parent":{"__id__":36},"_components":[{"__type__":"cc.Sprite","node":{"__id__":41},"_spriteFrame":{"__uuid__":"typdk05e-42d0-4e49-b55e-ff22efb335c9"}}],"_prefab":{"__type__":"cc.PrefabInfo","root":{"__id__":1},"asset":{"__uuid__":"typdk54b-f809-48f7-9343-08d9f9293732"},"fileId":"3a58b26xuFM34VhgRrYYpMS"},"_contentSize":{"__type__":"cc.Size","width":131,"height":182},"_trs":{"__type__":"TypedArray","ctor":"Float64Array","array":[0,0,0,0,0,0,1,1,1,1]}},{"__type__":"cc.Node","_name":"clock","_parent":{"__id__":34},"_children":[{"__id__":43}],"_active":false,"_components":[{"__type__":"cc.Sprite","node":{"__id__":42},"_spriteFrame":{"__uuid__":"typdkdb9-9be0-4296-848b-d9f8b62d9162"}}],"_prefab":{"__type__":"cc.PrefabInfo","root":{"__id__":1},"asset":{"__uuid__":"typdk54b-f809-48f7-9343-08d9f9293732"},"fileId":"79c06INRUdD3LOb7lUaCNpX"},"_contentSize":{"__type__":"cc.Size","width":74,"height":79},"_trs":{"__type__":"TypedArray","ctor":"Float64Array","array":[42.5,-21,0,0,0,0,1,1,1,1]}},{"__type__":"cc.Node","_name":"num","_parent":{"__id__":42},"_components":[{"__type__":"cc.Label","node":{"__id__":43},"_useOriginalSize":false,"_string":"300","_N$string":"300","_N$file":{"__uuid__":"typdk345-cbe0-4203-a8ca-8141b2e63f4f"},"_isSystemFontUsed":false,"_N$horizontalAlign":1,"_N$verticalAlign":1,"_N$overflow":2}],"_prefab":{"__type__":"cc.PrefabInfo","root":{"__id__":1},"asset":{"__uuid__":"typdk54b-f809-48f7-9343-08d9f9293732"},"fileId":"de974xMR7lM26MYo57k9lJL"},"_color":{"__type__":"cc.Color"},"_contentSize":{"__type__":"cc.Size","width":45.63,"height":40},"_trs":{"__type__":"TypedArray","ctor":"Float64Array","array":[0,0,0,0,0,0,1,1,1,1]}},{"__type__":"cc.Node","_name":"pass","_parent":{"__id__":34},"_active":false,"_components":[{"__type__":"cc.Sprite","node":{"__id__":44},"_spriteFrame":{"__uuid__":"typdk739-6d88-4ccf-8e3a-8c9cbba63bd3"}}],"_prefab":{"__type__":"cc.PrefabInfo","root":{"__id__":1},"asset":{"__uuid__":"typdk54b-f809-48f7-9343-08d9f9293732"},"fileId":"c2fd6FfQHtO1LEpKu8CLFui"},"_contentSize":{"__type__":"cc.Size","width":103,"height":50},"_trs":{"__type__":"TypedArray","ctor":"Float64Array","array":[-68,-35,0,0,0,0,1,1,1,1]}},{"__type__":"cc.Node","_name":"warning","_parent":{"__id__":34},"_components":[{"__type__":"cc.Animation","node":{"__id__":45},"_clips":[{"__uuid__":"typdk546-3e37-4430-a113-969643a535df"}]},{"__type__":"cc.Sprite","node":{"__id__":45}}],"_prefab":{"__type__":"cc.PrefabInfo","root":{"__id__":1},"asset":{"__uuid__":"typdk54b-f809-48f7-9343-08d9f9293732"},"fileId":"87cb7TNV89Bt6Y2k+x8rWmW"},"_contentSize":{"__type__":"cc.Size","width":45,"height":50},"_trs":{"__type__":"TypedArray","ctor":"Float64Array","array":[52.1,50,0,0,0,0,1,1,1,1]}},{"__type__":"cc.Node","_name":"ShutDow_Ani","_parent":{"__id__":34},"_components":[{"__type__":"cc.Animation","node":{"__id__":46},"_clips":[{"__uuid__":"typdk7fb-c189-4b24-ac9e-4759d38bed2e"}]},{"__type__":"cc.Sprite","node":{"__id__":46}}],"_prefab":{"__type__":"cc.PrefabInfo","root":{"__id__":1},"asset":{"__uuid__":"typdk54b-f809-48f7-9343-08d9f9293732"},"fileId":"d13f3ZKmDNKG5eMP+t2D/YK"},"_trs":{"__type__":"TypedArray","ctor":"Float64Array","array":[130,0,0,0,0,0,1,1,1,1]}},{"__type__":"cc.Node","_name":"sp_seat00","_parent":{"__id__":1},"_children":[{"__id__":48},{"__id__":49},{"__id__":51},{"__id__":52}],"_components":[{"__type__":"cc.Widget","node":{"__id__":47},"alignMode":0,"_alignFlags":45,"_originalWidth":400,"_originalHeight":250}],"_prefab":{"__type__":"cc.PrefabInfo","root":{"__id__":1},"asset":{"__uuid__":"typdk54b-f809-48f7-9343-08d9f9293732"},"fileId":"c04baiH4udEX575iH8YiobI"},"_contentSize":{"__type__":"cc.Size","width":1360,"height":760},"_trs":{"__type__":"TypedArray","ctor":"Float64Array","array":[0,0,0,0,0,0,1,1,1,1]}},{"__type__":"cc.Node","_name":"head","_parent":{"__id__":47},"_components":[{"__type__":"cc.Widget","node":{"__id__":48},"_alignFlags":12,"_left":105,"_bottom":330}],"_prefab":{"__type__":"cc.PrefabInfo","root":{"__id__":1},"asset":{"__uuid__":"typdk54b-f809-48f7-9343-08d9f9293732"},"fileId":"502c5wmBEBMIa8qFgPUduw5"},"_trs":{"__type__":"TypedArray","ctor":"Float64Array","array":[-575,-50,0,0,0,0,1,1,1,1]}},{"__type__":"cc.Node","_name":"clock","_parent":{"__id__":47},"_children":[{"__id__":50}],"_active":false,"_components":[{"__type__":"cc.Sprite","node":{"__id__":49},"_materials":[{"__uuid__":"ecpdLyjvZBwrvm+cedCcQy"}],"_spriteFrame":{"__uuid__":"typdkdb9-9be0-4296-848b-d9f8b62d9162"}},{"__type__":"cc.Widget","node":{"__id__":49},"_alignFlags":21,"_left":643,"_right":643,"_top":230.5,"_bottom":450.5,"_originalWidth":74,"_originalHeight":79}],"_prefab":{"__type__":"cc.PrefabInfo","root":{"__id__":1},"asset":{"__uuid__":"typdk54b-f809-48f7-9343-08d9f9293732"},"fileId":"782baPxLOlOW5PC/ZeKBA0v"},"_contentSize":{"__type__":"cc.Size","width":74,"height":79},"_trs":{"__type__":"TypedArray","ctor":"Float64Array","array":[0,110,0,0,0,0,1,1,1,1]}},{"__type__":"cc.Node","_name":"num","_parent":{"__id__":49},"_components":[{"__type__":"cc.Label","node":{"__id__":50},"_materials":[{"__uuid__":"ecpdLyjvZBwrvm+cedCcQy"}],"_useOriginalSize":false,"_string":"300","_N$string":"300","_N$file":{"__uuid__":"typdk345-cbe0-4203-a8ca-8141b2e63f4f"},"_isSystemFontUsed":false,"_N$horizontalAlign":1,"_N$verticalAlign":1,"_N$overflow":2}],"_prefab":{"__type__":"cc.PrefabInfo","root":{"__id__":1},"asset":{"__uuid__":"typdk54b-f809-48f7-9343-08d9f9293732"},"fileId":"ea3a5Yt6DRPgpFD0KWqAGTB"},"_color":{"__type__":"cc.Color"},"_contentSize":{"__type__":"cc.Size","width":45.63,"height":40},"_trs":{"__type__":"TypedArray","ctor":"Float64Array","array":[0,0,0,0,0,0,1,1,1,1]}},{"__type__":"cc.Node","_name":"pass","_parent":{"__id__":47},"_active":false,"_components":[{"__type__":"cc.Sprite","node":{"__id__":51},"_spriteFrame":{"__uuid__":"typdk739-6d88-4ccf-8e3a-8c9cbba63bd3"}}],"_prefab":{"__type__":"cc.PrefabInfo","root":{"__id__":1},"asset":{"__uuid__":"typdk54b-f809-48f7-9343-08d9f9293732"},"fileId":"41c63lf4oJLZLBzm3t8JpUn"},"_contentSize":{"__type__":"cc.Size","width":103,"height":50},"_trs":{"__type__":"TypedArray","ctor":"Float64Array","array":[0,0,0,0,0,0,1,1,1,1]}},{"__type__":"cc.Node","_name":"ShutDow_Ani","_parent":{"__id__":47},"_components":[{"__type__":"cc.Animation","node":{"__id__":52},"_clips":[{"__uuid__":"typdk7fb-c189-4b24-ac9e-4759d38bed2e"}]},{"__type__":"cc.Sprite","node":{"__id__":52}}],"_prefab":{"__type__":"cc.PrefabInfo","root":{"__id__":1},"asset":{"__uuid__":"typdk54b-f809-48f7-9343-08d9f9293732"},"fileId":"910fcnnqt9Bo47jWoJBLLjT"},"_trs":{"__type__":"TypedArray","ctor":"Float64Array","array":[-149,10,0,0,0,0,1,1,1,1]}},{"__type__":"cc.Node","_name":"btn_weixin","_parent":{"__id__":1},"_children":[{"__id__":54},{"__id__":55}],"_components":[{"__type__":"cc.Sprite","node":{"__id__":53},"_materials":[{"__uuid__":"ecpdLyjvZBwrvm+cedCcQy"}],"_spriteFrame":{"__uuid__":"typdkca6-6f8d-4abd-9a5b-9b338f3613cb"},"_type":1,"_sizeMode":2},{"__type__":"cc.Button","node":{"__id__":53},"zoomScale":0.9,"clickEvents":[{"__type__":"cc.ClickEvent","target":{"__id__":1},"_componentId":"typdk7dd-440f-4f82-a44c-6536a3bc0136","handler":"OnClick_BtnWnd"}],"_N$transition":3,"transition":3,"_N$pressedColor":{"__type__":"cc.Color","r":255,"g":255,"b":255},"pressedColor":{"__type__":"cc.Color","r":255,"g":255,"b":255},"_N$disabledColor":{"__type__":"cc.Color","r":255,"g":255,"b":255},"_N$target":{"__id__":53}}],"_prefab":{"__type__":"cc.PrefabInfo","root":{"__id__":1},"asset":{"__uuid__":"typdk54b-f809-48f7-9343-08d9f9293732"},"fileId":"bd70abfl1BI/JVafln8/NVR"},"_contentSize":{"__type__":"cc.Size","width":236,"height":94},"_trs":{"__type__":"TypedArray","ctor":"Float64Array","array":[0,-63,0,0,0,0,1,1,1,1]}},{"__type__":"cc.Node","_name":"icon","_parent":{"__id__":53},"_active":false,"_components":[{"__type__":"cc.Sprite","node":{"__id__":54},"_spriteFrame":{"__uuid__":"typdkbab-e07e-4668-8681-548ccffa3e0d"}}],"_prefab":{"__type__":"cc.PrefabInfo","root":{"__id__":1},"asset":{"__uuid__":"typdk54b-f809-48f7-9343-08d9f9293732"},"fileId":"9c2d8/8+8hLpoTeRxzS5NOf"},"_contentSize":{"__type__":"cc.Size","width":110,"height":89},"_trs":{"__type__":"TypedArray","ctor":"Float64Array","array":[-126.5,2.9,0,0,0,0,1,1,1,1]}},{"__type__":"cc.Node","_name":"lb_btn_yqhy","_parent":{"__id__":53},"_components":[{"__type__":"cc.Sprite","node":{"__id__":55},"_materials":[{"__uuid__":"ecpdLyjvZBwrvm+cedCcQy"}],"_spriteFrame":{"__uuid__":"typdk862-8100-4455-b9a0-660f48886bee"}}],"_prefab":{"__type__":"cc.PrefabInfo","root":{"__id__":1},"asset":{"__uuid__":"typdk54b-f809-48f7-9343-08d9f9293732"},"fileId":"3c3cetfsqRN6LnimwwH+GrZ"},"_contentSize":{"__type__":"cc.Size","width":183,"height":47},"_trs":{"__type__":"TypedArray","ctor":"Float64Array","array":[0,6,0,0,0,0,1,1,1,1]}},{"__type__":"cc.Node","_name":"btn_cancel","_parent":{"__id__":1},"_children":[{"__id__":57}],"_components":[{"__type__":"cc.Sprite","node":{"__id__":56},"_materials":[{"__uuid__":"ecpdLyjvZBwrvm+cedCcQy"}],"_spriteFrame":{"__uuid__":"typdkcc0-1687-46a7-99be-776d2082877d"},"_type":1,"_sizeMode":2},{"__type__":"cc.Button","node":{"__id__":56},"zoomScale":0.9,"clickEvents":[{"__type__":"cc.ClickEvent","target":{"__id__":1},"_componentId":"typdk7dd-440f-4f82-a44c-6536a3bc0136","handler":"OnClick_BtnWnd"}],"_N$transition":3,"transition":3,"_N$pressedColor":{"__type__":"cc.Color","r":255,"g":255,"b":255},"pressedColor":{"__type__":"cc.Color","r":255,"g":255,"b":255},"_N$disabledColor":{"__type__":"cc.Color","r":255,"g":255,"b":255},"_N$target":{"__id__":56}}],"_prefab":{"__type__":"cc.PrefabInfo","root":{"__id__":1},"asset":{"__uuid__":"typdk54b-f809-48f7-9343-08d9f9293732"},"fileId":"b1e30AKPMhCxYJLFi2uTitc"},"_contentSize":{"__type__":"cc.Size","width":236,"height":94},"_trs":{"__type__":"TypedArray","ctor":"Float64Array","array":[2,-179,0,0,0,0,1,1,1,1]}},{"__type__":"cc.Node","_name":"lb_btn_qx","_parent":{"__id__":56},"_components":[{"__type__":"cc.Sprite","node":{"__id__":57},"_materials":[{"__uuid__":"ecpdLyjvZBwrvm+cedCcQy"}],"_spriteFrame":{"__uuid__":"typdk9df-3021-4a49-8e4f-1805c15a3e95"}}],"_prefab":{"__type__":"cc.PrefabInfo","root":{"__id__":1},"asset":{"__uuid__":"typdk54b-f809-48f7-9343-08d9f9293732"},"fileId":"8adf0lc2BJAb6D9pirQ3SQy"},"_contentSize":{"__type__":"cc.Size","width":98,"height":44},"_trs":{"__type__":"TypedArray","ctor":"Float64Array","array":[0,6,0,0,0,0,1,1,1,1]}},{"__type__":"cc.Node","_name":"btn_ready","_parent":{"__id__":1},"_children":[{"__id__":59}],"_components":[{"__type__":"cc.Sprite","node":{"__id__":58},"_materials":[{"__uuid__":"ecpdLyjvZBwrvm+cedCcQy"}],"_spriteFrame":{"__uuid__":"typdk884-2e96-4cde-a129-9cdf6ce1af3a"},"_type":1,"_sizeMode":2},{"__type__":"cc.Button","node":{"__id__":58},"zoomScale":0.9,"clickEvents":[{"__type__":"cc.ClickEvent","target":{"__id__":1},"_componentId":"typdk7dd-440f-4f82-a44c-6536a3bc0136","handler":"OnClick_BtnWnd"}],"_N$transition":3,"transition":3,"_N$pressedColor":{"__type__":"cc.Color","r":255,"g":255,"b":255},"pressedColor":{"__type__":"cc.Color","r":255,"g":255,"b":255},"_N$disabledColor":{"__type__":"cc.Color","r":255,"g":255,"b":255},"_N$target":{"__id__":58}}],"_prefab":{"__type__":"cc.PrefabInfo","root":{"__id__":1},"asset":{"__uuid__":"typdk54b-f809-48f7-9343-08d9f9293732"},"fileId":"cc16cOP1PxFr6YsSu+v8MPi"},"_contentSize":{"__type__":"cc.Size","width":236,"height":94},"_trs":{"__type__":"TypedArray","ctor":"Float64Array","array":[2,-179,0,0,0,0,1,1,1,1]}},{"__type__":"cc.Node","_name":"lb_btn_ready","_parent":{"__id__":58},"_components":[{"__type__":"cc.Sprite","node":{"__id__":59},"_materials":[{"__uuid__":"ecpdLyjvZBwrvm+cedCcQy"}],"_spriteFrame":{"__uuid__":"typdk551-fd59-4b70-ab2f-7eab4bac2564"}}],"_prefab":{"__type__":"cc.PrefabInfo","root":{"__id__":1},"asset":{"__uuid__":"typdk54b-f809-48f7-9343-08d9f9293732"},"fileId":"7b79eFgAkNAGYVWxftIyy7F"},"_contentSize":{"__type__":"cc.Size","width":113,"height":53},"_trs":{"__type__":"TypedArray","ctor":"Float64Array","array":[0,6,0,0,0,0,1,1,1,1]}},{"__type__":"cc.Node","_name":"btn_go","_parent":{"__id__":1},"_children":[{"__id__":61}],"_components":[{"__type__":"cc.Sprite","node":{"__id__":60},"_materials":[{"__uuid__":"ecpdLyjvZBwrvm+cedCcQy"}],"_spriteFrame":{"__uuid__":"typdk884-2e96-4cde-a129-9cdf6ce1af3a"},"_type":1,"_sizeMode":2},{"__type__":"cc.Button","node":{"__id__":60},"zoomScale":0.9,"clickEvents":[{"__type__":"cc.ClickEvent","target":{"__id__":1},"_componentId":"typdk7dd-440f-4f82-a44c-6536a3bc0136","handler":"OnClick_BtnWnd"}],"_N$transition":3,"transition":3,"_N$pressedColor":{"__type__":"cc.Color","r":255,"g":255,"b":255},"pressedColor":{"__type__":"cc.Color","r":255,"g":255,"b":255},"_N$disabledColor":{"__type__":"cc.Color","r":255,"g":255,"b":255},"_N$target":{"__id__":60}}],"_prefab":{"__type__":"cc.PrefabInfo","root":{"__id__":1},"asset":{"__uuid__":"typdk54b-f809-48f7-9343-08d9f9293732"},"fileId":"2b664H2wyFFgLHCn8g2jQdQ"},"_contentSize":{"__type__":"cc.Size","width":236,"height":94},"_trs":{"__type__":"TypedArray","ctor":"Float64Array","array":[2,-179,0,0,0,0,1,1,1,1]}},{"__type__":"cc.Node","_name":"lb_btn_star","_parent":{"__id__":60},"_components":[{"__type__":"cc.Sprite","node":{"__id__":61},"_materials":[{"__uuid__":"ecpdLyjvZBwrvm+cedCcQy"}],"_spriteFrame":{"__uuid__":"typdk4a5-8ad7-4563-ae55-100362234f8c"}}],"_prefab":{"__type__":"cc.PrefabInfo","root":{"__id__":1},"asset":{"__uuid__":"typdk54b-f809-48f7-9343-08d9f9293732"},"fileId":"c0ef67tZM1NmYBi3WiKTKL2"},"_contentSize":{"__type__":"cc.Size","width":182,"height":47},"_trs":{"__type__":"TypedArray","ctor":"Float64Array","array":[0,6,0,0,0,0,1,1,1,1]}},{"__type__":"cc.Node","_name":"handCards","_parent":{"__id__":1},"_components":[{"__type__":"cc.Layout","node":{"__id__":62},"_layoutSize":{"__type__":"cc.Size","width":112,"height":156},"_resize":1,"_N$layoutType":1,"_N$spacingX":-100}],"_prefab":{"__type__":"cc.PrefabInfo","root":{"__id__":1},"asset":{"__uuid__":"typdk54b-f809-48f7-9343-08d9f9293732"},"fileId":"70641q3VxNGEYWbeUencvSk"},"_contentSize":{"__type__":"cc.Size","width":134,"height":185},"_trs":{"__type__":"TypedArray","ctor":"Float64Array","array":[0,-255,0,0,0,0,1,1.4,1.4,1]}},{"__type__":"cc.Node","_name":"allCards","_parent":{"__id__":1},"_components":[{"__type__":"cc.Layout","node":{"__id__":63},"_enabled":false,"_layoutSize":{"__type__":"cc.Size","width":1150,"height":225},"_N$layoutType":3,"_N$spacingX":-90,"_N$spacingY":-90}],"_prefab":{"__type__":"cc.PrefabInfo","root":{"__id__":1},"asset":{"__uuid__":"typdk54b-f809-48f7-9343-08d9f9293732"},"fileId":"5601dG1r0xBIYngkutEOScp"},"_contentSize":{"__type__":"cc.Size","width":1150,"height":225},"_trs":{"__type__":"TypedArray","ctor":"Float64Array","array":[0,50,0,0,0,0,1,0.8,0.8,1]}},{"__type__":"cc.Node","_name":"outCardList0","_parent":{"__id__":1},"_active":false,"_components":[{"__type__":"cc.Layout","node":{"__id__":64},"_layoutSize":{"__type__":"cc.Size","width":68,"height":156},"_resize":1,"_N$layoutType":1,"_N$spacingX":-68}],"_prefab":{"__type__":"cc.PrefabInfo","root":{"__id__":1},"asset":{"__uuid__":"typdk54b-f809-48f7-9343-08d9f9293732"},"fileId":"2ad52st+YdNz7e8h9D+tXA2"},"_contentSize":{"__type__":"cc.Size","width":68,"height":156},"_trs":{"__type__":"TypedArray","ctor":"Float64Array","array":[0,20,0,0,0,0,1,0.6,0.6,1]}},{"__type__":"cc.Node","_name":"outCardList3","_parent":{"__id__":1},"_active":false,"_components":[{"__type__":"cc.Layout","node":{"__id__":65},"_layoutSize":{"__type__":"cc.Size","width":672,"height":156},"_resize":1,"_N$layoutType":3,"_N$spacingX":-70,"_N$spacingY":-70}],"_prefab":{"__type__":"cc.PrefabInfo","root":{"__id__":1},"asset":{"__uuid__":"typdk54b-f809-48f7-9343-08d9f9293732"},"fileId":"a5694xOMaJLIqoKwP5ScvVt"},"_contentSize":{"__type__":"cc.Size","width":672,"height":156},"_trs":{"__type__":"TypedArray","ctor":"Float64Array","array":[575,64,0,0,0,0,1,0.6,0.6,1]}},{"__type__":"cc.Node","_name":"outCardList1","_parent":{"__id__":1},"_active":false,"_components":[{"__type__":"cc.Layout","node":{"__id__":66},"_layoutSize":{"__type__":"cc.Size","width":1124,"height":156},"_resize":1,"_N$layoutType":1,"_N$startAxis":1,"_N$spacingX":-68}],"_prefab":{"__type__":"cc.PrefabInfo","root":{"__id__":1},"asset":{"__uuid__":"typdk54b-f809-48f7-9343-08d9f9293732"},"fileId":"d0952RjWJVNsp+9n1IZdEvy"},"_contentSize":{"__type__":"cc.Size","width":1124,"height":156},"_trs":{"__type__":"TypedArray","ctor":"Float64Array","array":[0,180,0,0,0,0,1,0.6,0.6,1]}},{"__type__":"cc.Node","_name":"outCardList2","_parent":{"__id__":1},"_active":false,"_components":[{"__type__":"cc.Layout","node":{"__id__":67},"_layoutSize":{"__type__":"cc.Size","width":672,"height":156},"_resize":1,"_N$layoutType":3,"_N$spacingX":-70,"_N$spacingY":-70}],"_prefab":{"__type__":"cc.PrefabInfo","root":{"__id__":1},"asset":{"__uuid__":"typdk54b-f809-48f7-9343-08d9f9293732"},"fileId":"b30abTEZ35Dba9FggPqaGbn"},"_contentSize":{"__type__":"cc.Size","width":672,"height":156},"_trs":{"__type__":"TypedArray","ctor":"Float64Array","array":[-280,64,0,0,0,0,1,0.6,0.6,1]}},{"__type__":"cc.Node","_name":"openCardList3","_parent":{"__id__":1},"_active":false,"_components":[{"__type__":"cc.Layout","node":{"__id__":68},"_layoutSize":{"__type__":"cc.Size","width":672,"height":242},"_resize":1,"_N$layoutType":3,"_N$spacingX":-70,"_N$spacingY":-70}],"_prefab":{"__type__":"cc.PrefabInfo","root":{"__id__":1},"asset":{"__uuid__":"typdk54b-f809-48f7-9343-08d9f9293732"},"fileId":"aa151qRojdORaJR6p7nXCIv"},"_contentSize":{"__type__":"cc.Size","width":672,"height":242},"_trs":{"__type__":"TypedArray","ctor":"Float64Array","array":[417,215,0,0,0,0,1,0.4,0.4,1]}},{"__type__":"cc.Node","_name":"openCardList1","_parent":{"__id__":1},"_active":false,"_components":[{"__type__":"cc.Layout","node":{"__id__":69},"_layoutSize":{"__type__":"cc.Size","width":672,"height":242},"_resize":1,"_N$layoutType":3,"_N$spacingX":-70,"_N$spacingY":-70}],"_prefab":{"__type__":"cc.PrefabInfo","root":{"__id__":1},"asset":{"__uuid__":"typdk54b-f809-48f7-9343-08d9f9293732"},"fileId":"8dd59NXhDhJaLx6+GVdi3EM"},"_contentSize":{"__type__":"cc.Size","width":672,"height":242},"_trs":{"__type__":"TypedArray","ctor":"Float64Array","array":[170,298,0,0,0,0,1,0.4,0.4,1]}},{"__type__":"cc.Node","_name":"openCardList2","_parent":{"__id__":1},"_active":false,"_components":[{"__type__":"cc.Layout","node":{"__id__":70},"_layoutSize":{"__type__":"cc.Size","width":672,"height":242},"_resize":1,"_N$layoutType":3,"_N$spacingX":-70,"_N$spacingY":-70}],"_prefab":{"__type__":"cc.PrefabInfo","root":{"__id__":1},"asset":{"__uuid__":"typdk54b-f809-48f7-9343-08d9f9293732"},"fileId":"f5fbbCbCcBDqK9gCFiiRSgy"},"_contentSize":{"__type__":"cc.Size","width":672,"height":242},"_trs":{"__type__":"TypedArray","ctor":"Float64Array","array":[-422,215,0,0,0,0,1,0.4,0.4,1]}},{"__type__":"cc.Node","_name":"outCardList1_cardType","_parent":{"__id__":1},"_components":[{"__type__":"cc.Sprite","node":{"__id__":71}},{"__type__":"cc.Animation","node":{"__id__":71},"_clips":[{"__uuid__":"typdk8cf-026b-46fb-b98d-2666bc64e0fb"},{"__uuid__":"typdkbbd-1da5-45f7-835e-3f795f097ab7"},{"__uuid__":"typdkb66-fcc4-4693-b1f5-f4216c5f05d5"},{"__uuid__":"typdke2c-aff8-4c3d-9ecf-adaa4258c7d7"},{"__uuid__":"d87YPU//ZLj6gTUZfTVciL"},{"__uuid__":"44hu97RFRFYYs2/qQSGu0B"},{"__uuid__":"66kZmndqdHv630TA+LOsX4"},{"__uuid__":"typdk284-5e1f-4863-905b-98cd58378f56"},{"__uuid__":"typdk6d7-181c-4679-a5f5-78c0148a3b8c"}]}],"_prefab":{"__type__":"cc.PrefabInfo","root":{"__id__":1},"asset":{"__uuid__":"typdk54b-f809-48f7-9343-08d9f9293732"},"fileId":"43E8H/lJdJX7erzn5NlXzw"},"_contentSize":{"__type__":"cc.Size","width":1124,"height":156},"_trs":{"__type__":"TypedArray","ctor":"Float64Array","array":[0,155,0,0,0,0,1,1,1,1]}},{"__type__":"cc.Node","_name":"outCardList2_cardType","_parent":{"__id__":1},"_components":[{"__type__":"cc.Sprite","node":{"__id__":72}},{"__type__":"cc.Animation","node":{"__id__":72},"_clips":[{"__uuid__":"typdk8cf-026b-46fb-b98d-2666bc64e0fb"},{"__uuid__":"typdkbbd-1da5-45f7-835e-3f795f097ab7"},{"__uuid__":"typdkb66-fcc4-4693-b1f5-f4216c5f05d5"},{"__uuid__":"typdke2c-aff8-4c3d-9ecf-adaa4258c7d7"},{"__uuid__":"d87YPU//ZLj6gTUZfTVciL"},{"__uuid__":"44hu97RFRFYYs2/qQSGu0B"},{"__uuid__":"66kZmndqdHv630TA+LOsX4"},{"__uuid__":"typdk284-5e1f-4863-905b-98cd58378f56"},{"__uuid__":"typdk6d7-181c-4679-a5f5-78c0148a3b8c"}]}],"_prefab":{"__type__":"cc.PrefabInfo","root":{"__id__":1},"asset":{"__uuid__":"typdk54b-f809-48f7-9343-08d9f9293732"},"fileId":"f086mASmdB7I17/5qQIyOd"},"_contentSize":{"__type__":"cc.Size","width":672,"height":156},"_trs":{"__type__":"TypedArray","ctor":"Float64Array","array":[-280,39,0,0,0,0,1,1,1,1]}},{"__type__":"cc.Node","_name":"outCardList3_cardType","_parent":{"__id__":1},"_components":[{"__type__":"cc.Sprite","node":{"__id__":73}},{"__type__":"cc.Animation","node":{"__id__":73},"_clips":[{"__uuid__":"typdk8cf-026b-46fb-b98d-2666bc64e0fb"},{"__uuid__":"typdkbbd-1da5-45f7-835e-3f795f097ab7"},{"__uuid__":"typdkb66-fcc4-4693-b1f5-f4216c5f05d5"},{"__uuid__":"typdke2c-aff8-4c3d-9ecf-adaa4258c7d7"},{"__uuid__":"d87YPU//ZLj6gTUZfTVciL"},{"__uuid__":"44hu97RFRFYYs2/qQSGu0B"},{"__uuid__":"66kZmndqdHv630TA+LOsX4"},{"__uuid__":"typdk284-5e1f-4863-905b-98cd58378f56"},{"__uuid__":"typdk6d7-181c-4679-a5f5-78c0148a3b8c"}]}],"_prefab":{"__type__":"cc.PrefabInfo","root":{"__id__":1},"asset":{"__uuid__":"typdk54b-f809-48f7-9343-08d9f9293732"},"fileId":"c3PVEEbThKfJJC/fZxhNgN"},"_contentSize":{"__type__":"cc.Size","width":672,"height":156},"_trs":{"__type__":"TypedArray","ctor":"Float64Array","array":[575,39,0,0,0,0,1,1,1,1]}},{"__type__":"cc.Node","_name":"outCardList0_cardType","_parent":{"__id__":1},"_components":[{"__type__":"cc.Sprite","node":{"__id__":74},"_materials":[{"__uuid__":"ecpdLyjvZBwrvm+cedCcQy"}],"_sizeMode":2,"_isTrimmedMode":false},{"__type__":"cc.Animation","node":{"__id__":74},"_clips":[{"__uuid__":"typdk8cf-026b-46fb-b98d-2666bc64e0fb"},{"__uuid__":"typdkbbd-1da5-45f7-835e-3f795f097ab7"},{"__uuid__":"typdkb66-fcc4-4693-b1f5-f4216c5f05d5"},{"__uuid__":"typdke2c-aff8-4c3d-9ecf-adaa4258c7d7"},{"__uuid__":"d87YPU//ZLj6gTUZfTVciL"},{"__uuid__":"44hu97RFRFYYs2/qQSGu0B"},{"__uuid__":"66kZmndqdHv630TA+LOsX4"},{"__uuid__":"typdk284-5e1f-4863-905b-98cd58378f56"},{"__uuid__":"typdk6d7-181c-4679-a5f5-78c0148a3b8c"}]}],"_prefab":{"__type__":"cc.PrefabInfo","root":{"__id__":1},"asset":{"__uuid__":"typdk54b-f809-48f7-9343-08d9f9293732"},"fileId":"a0D9+oKztOOZX8vEUUvEce"},"_contentSize":{"__type__":"cc.Size","width":357,"height":152},"_trs":{"__type__":"TypedArray","ctor":"Float64Array","array":[0,-70,0,0,0,0,1,1,1,1]}},{"__type__":"cc.Node","_name":"gameBtn","_parent":{"__id__":1},"_children":[{"__id__":76},{"__id__":78},{"__id__":80}],"_active":false,"_prefab":{"__type__":"cc.PrefabInfo","root":{"__id__":1},"asset":{"__uuid__":"typdk54b-f809-48f7-9343-08d9f9293732"},"fileId":"70c84FwxapM0bdKFuUr01GP"},"_trs":{"__type__":"TypedArray","ctor":"Float64Array","array":[0,-40,0,0,0,0,1,1,1,1]}},{"__type__":"cc.Node","_name":"btn_pass","_parent":{"__id__":75},"_children":[{"__id__":77}],"_components":[{"__type__":"cc.Sprite","node":{"__id__":76},"_materials":[{"__uuid__":"ecpdLyjvZBwrvm+cedCcQy"}],"_spriteFrame":{"__uuid__":"typdkcc0-1687-46a7-99be-776d2082877d"},"_type":1,"_sizeMode":2},{"__type__":"cc.Button","node":{"__id__":76},"zoomScale":0.9,"clickEvents":[{"__type__":"cc.ClickEvent","target":{"__id__":1},"_componentId":"typdk7dd-440f-4f82-a44c-6536a3bc0136","handler":"OnClick_BtnWnd"}],"_N$transition":3,"transition":3,"_N$pressedColor":{"__type__":"cc.Color","r":255,"g":255,"b":255},"pressedColor":{"__type__":"cc.Color","r":255,"g":255,"b":255},"_N$disabledColor":{"__type__":"cc.Color","r":255,"g":255,"b":255},"_N$target":{"__id__":76}}],"_prefab":{"__type__":"cc.PrefabInfo","root":{"__id__":1},"asset":{"__uuid__":"typdk54b-f809-48f7-9343-08d9f9293732"},"fileId":"c01ec9q5OhMRalNlp+eL+EM"},"_contentSize":{"__type__":"cc.Size","width":236,"height":94},"_trs":{"__type__":"TypedArray","ctor":"Float64Array","array":[-230,0,0,0,0,0,1,0.9,0.9,1]}},{"__type__":"cc.Node","_name":"lb_btn_bc","_parent":{"__id__":76},"_components":[{"__type__":"cc.Sprite","node":{"__id__":77},"_materials":[{"__uuid__":"ecpdLyjvZBwrvm+cedCcQy"}],"_spriteFrame":{"__uuid__":"typdk048-d339-45ac-882c-4b0e1152310c"}}],"_prefab":{"__type__":"cc.PrefabInfo","root":{"__id__":1},"asset":{"__uuid__":"typdk54b-f809-48f7-9343-08d9f9293732"},"fileId":"fdaf5DK0zhAi5jw0sHR1hI4"},"_contentSize":{"__type__":"cc.Size","width":111,"height":51},"_trs":{"__type__":"TypedArray","ctor":"Float64Array","array":[0,6,0,0,0,0,1,1,1,1]}},{"__type__":"cc.Node","_name":"btn_tip","_parent":{"__id__":75},"_children":[{"__id__":79}],"_components":[{"__type__":"cc.Sprite","node":{"__id__":78},"_materials":[{"__uuid__":"ecpdLyjvZBwrvm+cedCcQy"}],"_spriteFrame":{"__uuid__":"typdkca6-6f8d-4abd-9a5b-9b338f3613cb"},"_type":1,"_sizeMode":2},{"__type__":"cc.Button","node":{"__id__":78},"zoomScale":0.9,"clickEvents":[{"__type__":"cc.ClickEvent","target":{"__id__":1},"_componentId":"typdk7dd-440f-4f82-a44c-6536a3bc0136","handler":"OnClick_BtnWnd"}],"_N$transition":3,"transition":3,"_N$pressedColor":{"__type__":"cc.Color","r":255,"g":255,"b":255},"pressedColor":{"__type__":"cc.Color","r":255,"g":255,"b":255},"_N$disabledColor":{"__type__":"cc.Color","r":255,"g":255,"b":255},"_N$target":{"__id__":78}}],"_prefab":{"__type__":"cc.PrefabInfo","root":{"__id__":1},"asset":{"__uuid__":"typdk54b-f809-48f7-9343-08d9f9293732"},"fileId":"2eea26t90tMUp2VGrkTq6i1"},"_contentSize":{"__type__":"cc.Size","width":236,"height":94},"_trs":{"__type__":"TypedArray","ctor":"Float64Array","array":[0,0,0,0,0,0,1,0.9,0.9,1]}},{"__type__":"cc.Node","_name":"lb_btn_ts","_parent":{"__id__":78},"_components":[{"__type__":"cc.Sprite","node":{"__id__":79},"_materials":[{"__uuid__":"ecpdLyjvZBwrvm+cedCcQy"}],"_spriteFrame":{"__uuid__":"typdk3ee-a9ea-417b-a06f-63cef7020e4c"}}],"_prefab":{"__type__":"cc.PrefabInfo","root":{"__id__":1},"asset":{"__uuid__":"typdk54b-f809-48f7-9343-08d9f9293732"},"fileId":"e0ecdJjIhFJUbPdfHBTjTOS"},"_contentSize":{"__type__":"cc.Size","width":112,"height":51},"_trs":{"__type__":"TypedArray","ctor":"Float64Array","array":[0,6,0,0,0,0,1,1,1,1]}},{"__type__":"cc.Node","_name":"btn_outCard","_parent":{"__id__":75},"_children":[{"__id__":81}],"_components":[{"__type__":"cc.Sprite","node":{"__id__":80},"_materials":[{"__uuid__":"ecpdLyjvZBwrvm+cedCcQy"}],"_spriteFrame":{"__uuid__":"typdk884-2e96-4cde-a129-9cdf6ce1af3a"},"_type":1,"_sizeMode":2},{"__type__":"cc.Button","node":{"__id__":80},"_normalMaterial":{"__uuid__":"ecpdLyjvZBwrvm+cedCcQy"},"_grayMaterial":{"__uuid__":"3ae7efMv1CLq2ilvUY/tQi"},"zoomScale":0.9,"clickEvents":[{"__type__":"cc.ClickEvent","target":{"__id__":1},"_componentId":"typdk7dd-440f-4f82-a44c-6536a3bc0136","handler":"OnClick_BtnWnd"}],"_N$enableAutoGrayEffect":true,"_N$transition":3,"transition":3,"_N$pressedColor":{"__type__":"cc.Color","r":255,"g":255,"b":255},"pressedColor":{"__type__":"cc.Color","r":255,"g":255,"b":255},"_N$disabledColor":{"__type__":"cc.Color","r":255,"g":255,"b":255},"_N$target":{"__id__":80}}],"_prefab":{"__type__":"cc.PrefabInfo","root":{"__id__":1},"asset":{"__uuid__":"typdk54b-f809-48f7-9343-08d9f9293732"},"fileId":"73d65vkyNxH9J5dSnOhCJzl"},"_contentSize":{"__type__":"cc.Size","width":236,"height":94},"_trs":{"__type__":"TypedArray","ctor":"Float64Array","array":[230,0,0,0,0,0,1,0.9,0.9,1]}},{"__type__":"cc.Node","_name":"lb_btn_cp","_parent":{"__id__":80},"_components":[{"__type__":"cc.Sprite","node":{"__id__":81},"_materials":[{"__uuid__":"ecpdLyjvZBwrvm+cedCcQy"}],"_spriteFrame":{"__uuid__":"typdk4c8-58c5-460e-87c0-dfb06751eb8c"}}],"_prefab":{"__type__":"cc.PrefabInfo","root":{"__id__":1},"asset":{"__uuid__":"typdk54b-f809-48f7-9343-08d9f9293732"},"fileId":"f8c62L8LZhLiJpI8OnL7xl8"},"_contentSize":{"__type__":"cc.Size","width":111,"height":52},"_trs":{"__type__":"TypedArray","ctor":"Float64Array","array":[0,6,0,0,0,0,1,1,1,1]}},{"__type__":"cc.Node","_name":"gameMultiple","_parent":{"__id__":1},"_children":[{"__id__":83},{"__id__":85},{"__id__":87},{"__id__":89}],"_active":false,"_prefab":{"__type__":"cc.PrefabInfo","root":{"__id__":1},"asset":{"__uuid__":"typdk54b-f809-48f7-9343-08d9f9293732"},"fileId":"be64ao23n1C1JLX4kxAHG8a"},"_trs":{"__type__":"TypedArray","ctor":"Float64Array","array":[-75,-125,0,0,0,0,1,1,1,1]}},{"__type__":"cc.Node","_name":"btn_1","_parent":{"__id__":82},"_children":[{"__id__":84}],"_components":[{"__type__":"cc.Sprite","node":{"__id__":83},"_spriteFrame":{"__uuid__":"typdk348-5a6d-4829-b622-4d6faff1a7f4"},"_type":1,"_sizeMode":2},{"__type__":"cc.Button","node":{"__id__":83},"zoomScale":0.9,"clickEvents":[{"__type__":"cc.ClickEvent","target":{"__id__":1},"_componentId":"typdk7dd-440f-4f82-a44c-6536a3bc0136","handler":"OnClick_BtnWnd"}],"_N$transition":3,"transition":3,"_N$pressedColor":{"__type__":"cc.Color","r":255,"g":255,"b":255},"pressedColor":{"__type__":"cc.Color","r":255,"g":255,"b":255},"_N$disabledColor":{"__type__":"cc.Color","r":255,"g":255,"b":255},"_N$target":{"__id__":83}}],"_prefab":{"__type__":"cc.PrefabInfo","root":{"__id__":1},"asset":{"__uuid__":"typdk54b-f809-48f7-9343-08d9f9293732"},"fileId":"c84a7raUOlLvpBxtb8cx5CG"},"_contentSize":{"__type__":"cc.Size","width":244,"height":78},"_trs":{"__type__":"TypedArray","ctor":"Float64Array","array":[-260,0,0,0,0,0,1,0.7,0.7,1]}},{"__type__":"cc.Node","_name":"icon","_parent":{"__id__":83},"_components":[{"__type__":"cc.Label","node":{"__id__":84},"_useOriginalSize":false,"_string":"不加倍","_N$string":"不加倍","_lineHeight":48,"_N$file":{"__uuid__":"typdk345-cbe0-4203-a8ca-8141b2e63f4f"},"_isSystemFontUsed":false}],"_prefab":{"__type__":"cc.PrefabInfo","root":{"__id__":1},"asset":{"__uuid__":"typdk54b-f809-48f7-9343-08d9f9293732"},"fileId":"8acc4B0zV9NLqJGpWES8FiP"},"_color":{"__type__":"cc.Color","r":82,"g":107},"_contentSize":{"__type__":"cc.Size","width":120,"height":48},"_trs":{"__type__":"TypedArray","ctor":"Float64Array","array":[0,0,0,0,0,0,1,1,1,1]}},{"__type__":"cc.Node","_name":"btn_2","_parent":{"__id__":82},"_children":[{"__id__":86}],"_components":[{"__type__":"cc.Sprite","node":{"__id__":85},"_spriteFrame":{"__uuid__":"typdk8b2-6716-419b-9561-950bca95e809"},"_type":1,"_sizeMode":2},{"__type__":"cc.Button","node":{"__id__":85},"zoomScale":0.9,"clickEvents":[{"__type__":"cc.ClickEvent","target":{"__id__":1},"_componentId":"typdk7dd-440f-4f82-a44c-6536a3bc0136","handler":"OnClick_BtnWnd"}],"_N$transition":3,"transition":3,"_N$pressedColor":{"__type__":"cc.Color","r":255,"g":255,"b":255},"pressedColor":{"__type__":"cc.Color","r":255,"g":255,"b":255},"_N$disabledColor":{"__type__":"cc.Color","r":255,"g":255,"b":255},"_N$target":{"__id__":85}}],"_prefab":{"__type__":"cc.PrefabInfo","root":{"__id__":1},"asset":{"__uuid__":"typdk54b-f809-48f7-9343-08d9f9293732"},"fileId":"ad4b45BH6pKPoyrMrQqCI8h"},"_contentSize":{"__type__":"cc.Size","width":244,"height":78},"_trs":{"__type__":"TypedArray","ctor":"Float64Array","array":[-80,0,0,0,0,0,1,0.7,0.7,1]}},{"__type__":"cc.Node","_name":"icon","_parent":{"__id__":85},"_components":[{"__type__":"cc.Label","node":{"__id__":86},"_useOriginalSize":false,"_string":"1倍","_N$string":"1倍","_lineHeight":48,"_N$file":{"__uuid__":"typdk345-cbe0-4203-a8ca-8141b2e63f4f"},"_isSystemFontUsed":false}],"_prefab":{"__type__":"cc.PrefabInfo","root":{"__id__":1},"asset":{"__uuid__":"typdk54b-f809-48f7-9343-08d9f9293732"},"fileId":"ade4druZb5HVpMsA7B36CtQ"},"_color":{"__type__":"cc.Color","r":135,"g":84,"b":34},"_contentSize":{"__type__":"cc.Size","width":54.69,"height":48},"_trs":{"__type__":"TypedArray","ctor":"Float64Array","array":[0,0,0,0,0,0,1,1,1,1]}},{"__type__":"cc.Node","_name":"btn_3","_parent":{"__id__":82},"_children":[{"__id__":88}],"_components":[{"__type__":"cc.Sprite","node":{"__id__":87},"_spriteFrame":{"__uuid__":"typdk8b2-6716-419b-9561-950bca95e809"},"_type":1,"_sizeMode":2},{"__type__":"cc.Button","node":{"__id__":87},"zoomScale":0.9,"clickEvents":[{"__type__":"cc.ClickEvent","target":{"__id__":1},"_componentId":"typdk7dd-440f-4f82-a44c-6536a3bc0136","handler":"OnClick_BtnWnd"}],"_N$transition":3,"transition":3,"_N$pressedColor":{"__type__":"cc.Color","r":255,"g":255,"b":255},"pressedColor":{"__type__":"cc.Color","r":255,"g":255,"b":255},"_N$disabledColor":{"__type__":"cc.Color","r":255,"g":255,"b":255},"_N$target":{"__id__":87}}],"_prefab":{"__type__":"cc.PrefabInfo","root":{"__id__":1},"asset":{"__uuid__":"typdk54b-f809-48f7-9343-08d9f9293732"},"fileId":"57ef5ZwHBhN848VN7KKtVjE"},"_contentSize":{"__type__":"cc.Size","width":244,"height":78},"_trs":{"__type__":"TypedArray","ctor":"Float64Array","array":[99,0,0,0,0,0,1,0.7,0.7,1]}},{"__type__":"cc.Node","_name":"icon","_parent":{"__id__":87},"_components":[{"__type__":"cc.Label","node":{"__id__":88},"_useOriginalSize":false,"_string":"2倍","_N$string":"2倍","_lineHeight":48,"_N$file":{"__uuid__":"typdk345-cbe0-4203-a8ca-8141b2e63f4f"},"_isSystemFontUsed":false}],"_prefab":{"__type__":"cc.PrefabInfo","root":{"__id__":1},"asset":{"__uuid__":"typdk54b-f809-48f7-9343-08d9f9293732"},"fileId":"be1edlNDZlJka9m1qmqQ15b"},"_color":{"__type__":"cc.Color","r":135,"g":84,"b":34},"_contentSize":{"__type__":"cc.Size","width":62.81,"height":48},"_trs":{"__type__":"TypedArray","ctor":"Float64Array","array":[0,0,0,0,0,0,1,1,1,1]}},{"__type__":"cc.Node","_name":"btn_5","_parent":{"__id__":82},"_children":[{"__id__":90}],"_components":[{"__type__":"cc.Sprite","node":{"__id__":89},"_spriteFrame":{"__uuid__":"typdk8b2-6716-419b-9561-950bca95e809"},"_type":1,"_sizeMode":2},{"__type__":"cc.Button","node":{"__id__":89},"zoomScale":0.9,"clickEvents":[{"__type__":"cc.ClickEvent","target":{"__id__":1},"_componentId":"typdk7dd-440f-4f82-a44c-6536a3bc0136","handler":"OnClick_BtnWnd"}],"_N$transition":3,"transition":3,"_N$pressedColor":{"__type__":"cc.Color","r":255,"g":255,"b":255},"pressedColor":{"__type__":"cc.Color","r":255,"g":255,"b":255},"_N$disabledColor":{"__type__":"cc.Color","r":255,"g":255,"b":255},"_N$target":{"__id__":89}}],"_prefab":{"__type__":"cc.PrefabInfo","root":{"__id__":1},"asset":{"__uuid__":"typdk54b-f809-48f7-9343-08d9f9293732"},"fileId":"c21e1aYSKhG4rw26/T7dXW6"},"_contentSize":{"__type__":"cc.Size","width":244,"height":78},"_trs":{"__type__":"TypedArray","ctor":"Float64Array","array":[279,0,0,0,0,0,1,0.7,0.7,1]}},{"__type__":"cc.Node","_name":"icon","_parent":{"__id__":89},"_components":[{"__type__":"cc.Label","node":{"__id__":90},"_useOriginalSize":false,"_string":"5倍","_N$string":"5倍","_lineHeight":48,"_N$file":{"__uuid__":"typdk345-cbe0-4203-a8ca-8141b2e63f4f"},"_isSystemFontUsed":false}],"_prefab":{"__type__":"cc.PrefabInfo","root":{"__id__":1},"asset":{"__uuid__":"typdk54b-f809-48f7-9343-08d9f9293732"},"fileId":"c9dc1qH8pVBwqM2EAcVzdYS"},"_color":{"__type__":"cc.Color","r":135,"g":84,"b":34},"_contentSize":{"__type__":"cc.Size","width":62.81,"height":48},"_trs":{"__type__":"TypedArray","ctor":"Float64Array","array":[0,0,0,0,0,0,1,1,1,1]}},{"__type__":"cc.Node","_name":"btn_robDoor","_parent":{"__id__":1},"_children":[{"__id__":92}],"_active":false,"_components":[{"__type__":"cc.Sprite","node":{"__id__":91},"_spriteFrame":{"__uuid__":"typdk348-5a6d-4829-b622-4d6faff1a7f4"},"_type":1,"_sizeMode":2},{"__type__":"cc.Button","node":{"__id__":91},"zoomScale":0.9,"clickEvents":[{"__type__":"cc.ClickEvent","target":{"__id__":1},"_componentId":"typdk7dd-440f-4f82-a44c-6536a3bc0136","handler":"OnClick_BtnWnd"}],"_N$transition":3,"transition":3,"_N$pressedColor":{"__type__":"cc.Color","r":255,"g":255,"b":255},"pressedColor":{"__type__":"cc.Color","r":255,"g":255,"b":255},"_N$disabledColor":{"__type__":"cc.Color","r":255,"g":255,"b":255},"_N$target":{"__id__":91}}],"_prefab":{"__type__":"cc.PrefabInfo","root":{"__id__":1},"asset":{"__uuid__":"typdk54b-f809-48f7-9343-08d9f9293732"},"fileId":"d481a5BUlJL8rc2CoyJ9ISU"},"_contentSize":{"__type__":"cc.Size","width":244,"height":78},"_trs":{"__type__":"TypedArray","ctor":"Float64Array","array":[90,-125,0,0,0,0,1,0.7,0.7,1]}},{"__type__":"cc.Node","_name":"icon","_parent":{"__id__":91},"_components":[{"__type__":"cc.Label","node":{"__id__":92},"_useOriginalSize":false,"_string":"抢关门","_N$string":"抢关门","_lineHeight":48,"_N$file":{"__uuid__":"typdk345-cbe0-4203-a8ca-8141b2e63f4f"},"_isSystemFontUsed":false}],"_prefab":{"__type__":"cc.PrefabInfo","root":{"__id__":1},"asset":{"__uuid__":"typdk54b-f809-48f7-9343-08d9f9293732"},"fileId":"0c032VNPGpDG4T9q3Ve4fyt"},"_color":{"__type__":"cc.Color","r":82,"g":107},"_contentSize":{"__type__":"cc.Size","width":120,"height":48},"_trs":{"__type__":"TypedArray","ctor":"Float64Array","array":[0,0,0,0,0,0,1,1,1,1]}},{"__type__":"cc.Node","_name":"btn_notRobDoor","_parent":{"__id__":1},"_children":[{"__id__":94}],"_active":false,"_components":[{"__type__":"cc.Sprite","node":{"__id__":93},"_spriteFrame":{"__uuid__":"typdk8b2-6716-419b-9561-950bca95e809"},"_type":1,"_sizeMode":2},{"__type__":"cc.Button","node":{"__id__":93},"zoomScale":0.9,"clickEvents":[{"__type__":"cc.ClickEvent","target":{"__id__":1},"_componentId":"typdk7dd-440f-4f82-a44c-6536a3bc0136","handler":"OnClick_BtnWnd"}],"_N$transition":3,"transition":3,"_N$pressedColor":{"__type__":"cc.Color","r":255,"g":255,"b":255},"pressedColor":{"__type__":"cc.Color","r":255,"g":255,"b":255},"_N$disabledColor":{"__type__":"cc.Color","r":255,"g":255,"b":255},"_N$target":{"__id__":93}}],"_prefab":{"__type__":"cc.PrefabInfo","root":{"__id__":1},"asset":{"__uuid__":"typdk54b-f809-48f7-9343-08d9f9293732"},"fileId":"3fd8d0l151Ks4lP94PdyFzV"},"_contentSize":{"__type__":"cc.Size","width":244,"height":78},"_trs":{"__type__":"TypedArray","ctor":"Float64Array","array":[-90,-125,0,0,0,0,1,0.7,0.7,1]}},{"__type__":"cc.Node","_name":"icon","_parent":{"__id__":93},"_components":[{"__type__":"cc.Label","node":{"__id__":94},"_useOriginalSize":false,"_string":"不抢","_N$string":"不抢","_lineHeight":48,"_N$file":{"__uuid__":"typdk345-cbe0-4203-a8ca-8141b2e63f4f"},"_isSystemFontUsed":false}],"_prefab":{"__type__":"cc.PrefabInfo","root":{"__id__":1},"asset":{"__uuid__":"typdk54b-f809-48f7-9343-08d9f9293732"},"fileId":"c147bxUU3xMfZal/3/PVMVT"},"_color":{"__type__":"cc.Color","r":135,"g":84,"b":34},"_contentSize":{"__type__":"cc.Size","width":80,"height":48},"_trs":{"__type__":"TypedArray","ctor":"Float64Array","array":[0,0,0,0,0,0,1,1,1,1]}},{"__type__":"cc.Node","_name":"btn_openCard","_parent":{"__id__":1},"_children":[{"__id__":96}],"_active":false,"_components":[{"__type__":"cc.Sprite","node":{"__id__":95},"_spriteFrame":{"__uuid__":"typdk8b2-6716-419b-9561-950bca95e809"},"_type":1,"_sizeMode":2},{"__type__":"cc.Button","node":{"__id__":95},"zoomScale":0.9,"clickEvents":[{"__type__":"cc.ClickEvent","target":{"__id__":1},"_componentId":"typdk7dd-440f-4f82-a44c-6536a3bc0136","handler":"OnClick_BtnWnd"}],"_N$transition":3,"transition":3,"_N$pressedColor":{"__type__":"cc.Color","r":255,"g":255,"b":255},"pressedColor":{"__type__":"cc.Color","r":255,"g":255,"b":255},"_N$disabledColor":{"__type__":"cc.Color","r":255,"g":255,"b":255},"_N$target":{"__id__":95}}],"_prefab":{"__type__":"cc.PrefabInfo","root":{"__id__":1},"asset":{"__uuid__":"typdk54b-f809-48f7-9343-08d9f9293732"},"fileId":"24a69xnEA1I072Xc1/aypd7"},"_contentSize":{"__type__":"cc.Size","width":244,"height":78},"_trs":{"__type__":"TypedArray","ctor":"Float64Array","array":[24,-125,0,0,0,0,1,0.7,0.7,1]}},{"__type__":"cc.Node","_name":"icon","_parent":{"__id__":95},"_components":[{"__type__":"cc.Label","node":{"__id__":96},"_useOriginalSize":false,"_string":"明牌","_N$string":"明牌","_lineHeight":48,"_N$file":{"__uuid__":"typdk345-cbe0-4203-a8ca-8141b2e63f4f"},"_isSystemFontUsed":false}],"_prefab":{"__type__":"cc.PrefabInfo","root":{"__id__":1},"asset":{"__uuid__":"typdk54b-f809-48f7-9343-08d9f9293732"},"fileId":"3ae12DCYPhAg7WrKrKsqJCc"},"_color":{"__type__":"cc.Color","r":135,"g":84,"b":34},"_contentSize":{"__type__":"cc.Size","width":80,"height":48},"_trs":{"__type__":"TypedArray","ctor":"Float64Array","array":[0,0,0,0,0,0,1,1,1,1]}},{"__type__":"cc.Node","_name":"boom_Ani","_parent":{"__id__":1},"_components":[{"__type__":"cc.Animation","node":{"__id__":97},"_clips":[{"__uuid__":"typdka3a-ab1b-4ce5-bd7e-2c02d265a951"}]},{"__type__":"cc.Sprite","node":{"__id__":97}}],"_prefab":{"__type__":"cc.PrefabInfo","root":{"__id__":1},"asset":{"__uuid__":"typdk54b-f809-48f7-9343-08d9f9293732"},"fileId":"b42bbyNjShM8baANahnkVRR"},"_trs":{"__type__":"TypedArray","ctor":"Float64Array","array":[0,0,0,0,0,0,1,1,1,1]}},{"__type__":"cc.Node","_name":"plane_Ani","_parent":{"__id__":1},"_components":[{"__type__":"cc.Animation","node":{"__id__":98},"_clips":[{"__uuid__":"typdk607-ff36-419b-8d60-3bfe2f56c651"}]},{"__type__":"cc.Sprite","node":{"__id__":98}}],"_prefab":{"__type__":"cc.PrefabInfo","root":{"__id__":1},"asset":{"__uuid__":"typdk54b-f809-48f7-9343-08d9f9293732"},"fileId":"2703aJSZRNL9rpc6p4HBoK5"},"_trs":{"__type__":"TypedArray","ctor":"Float64Array","array":[0,0,0,0,0,0,1,1,1,1]}},{"__type__":"cc.Node","_name":"lianDui_Ani","_parent":{"__id__":1},"_components":[{"__type__":"cc.Animation","node":{"__id__":99},"_clips":[{"__uuid__":"typdke62-1e69-4508-9c6a-29f12260657f"}]},{"__type__":"cc.Sprite","node":{"__id__":99}}],"_prefab":{"__type__":"cc.PrefabInfo","root":{"__id__":1},"asset":{"__uuid__":"typdk54b-f809-48f7-9343-08d9f9293732"},"fileId":"d1lv0Zq39H3aSWY1/4lCos"},"_trs":{"__type__":"TypedArray","ctor":"Float64Array","array":[0,0,0,0,0,0,1,1,1,1]}},{"__type__":"cc.Node","_name":"dragon_Ani","_parent":{"__id__":1},"_components":[{"__type__":"cc.Animation","node":{"__id__":100},"_clips":[{"__uuid__":"typdkb63-4af8-4799-946c-30048ed3ba60"}]},{"__type__":"cc.Sprite","node":{"__id__":100}}],"_prefab":{"__type__":"cc.PrefabInfo","root":{"__id__":1},"asset":{"__uuid__":"typdk54b-f809-48f7-9343-08d9f9293732"},"fileId":"56114V+2UxJEIc6X9EIAGlX"},"_trs":{"__type__":"TypedArray","ctor":"Float64Array","array":[0,0,0,0,0,0,1,1,1,1]}},{"__type__":"cc.Node","_name":"ShutDow_Ani","_parent":{"__id__":1},"_components":[{"__type__":"cc.Animation","node":{"__id__":101},"_clips":[{"__uuid__":"typdka3a-ab1b-4ce5-bd7e-2c02d265a951"}]},{"__type__":"cc.Sprite","node":{"__id__":101}}],"_prefab":{"__type__":"cc.PrefabInfo","root":{"__id__":1},"asset":{"__uuid__":"typdk54b-f809-48f7-9343-08d9f9293732"},"fileId":"873fd4xeVBHvKrqQJRl8B4i"},"_trs":{"__type__":"TypedArray","ctor":"Float64Array","array":[-149,10,0,0,0,0,1,1,1,1]}},{"__type__":"cc.Node","_name":"roomInfo","_parent":{"__id__":1},"_children":[{"__id__":103},{"__id__":106}],"_components":[{"__type__":"cc.Widget","node":{"__id__":102},"alignMode":0,"_alignFlags":9,"_left":-43.700000000000045,"_top":5.600000000000023}],"_prefab":{"__type__":"cc.PrefabInfo","root":{"__id__":1},"asset":{"__uuid__":"typdk54b-f809-48f7-9343-08d9f9293732"},"fileId":"e8c9ahdpYtAIpy4sdA6VSAQ"},"_trs":{"__type__":"TypedArray","ctor":"Float64Array","array":[-723.7,374.4,0,0,0,0,1,1,1,1]}},{"__type__":"cc.Node","_name":"imgRoomIdDi","_parent":{"__id__":102},"_children":[{"__id__":104}],"_components":[{"__type__":"cc.Sprite","node":{"__id__":103},"_materials":[{"__uuid__":"ecpdLyjvZBwrvm+cedCcQy"}],"_spriteFrame":{"__uuid__":"typdk910-aec7-4195-841b-9469f6f92552"}}],"_prefab":{"__type__":"cc.PrefabInfo","root":{"__id__":1},"asset":{"__uuid__":"typdk54b-f809-48f7-9343-08d9f9293732"},"fileId":"22e3aqBlwRMWKV4pTgQGbg6"},"_contentSize":{"__type__":"cc.Size","width":347,"height":69},"_trs":{"__type__":"TypedArray","ctor":"Float64Array","array":[184,-30,0,0,0,0,1,1,1,1]}},{"__type__":"cc.Node","_name":"labelRoomId","_parent":{"__id__":103},"_components":[{"__id__":105}],"_prefab":{"__type__":"cc.PrefabInfo","root":{"__id__":1},"asset":{"__uuid__":"typdk54b-f809-48f7-9343-08d9f9293732"},"fileId":"80621DUsZpNA48+p3fw34ta"},"_contentSize":{"__type__":"cc.Size","width":248.13,"height":50.4},"_trs":{"__type__":"TypedArray","ctor":"Float64Array","array":[0,0,0,0,0,0,1,1,1,1]}},{"__type__":"cc.Label","node":{"__id__":104},"_materials":[{"__uuid__":"ecpdLyjvZBwrvm+cedCcQy"}],"_useOriginalSize":false,"_string":"房间号：1235679","_N$string":"房间号：1235679","_fontSize":32,"_N$file":{"__uuid__":"typdk345-cbe0-4203-a8ca-8141b2e63f4f"},"_isSystemFontUsed":false,"_N$horizontalAlign":1,"_N$verticalAlign":1},{"__type__":"cc.Node","_name":"lb_jushu","_parent":{"__id__":102},"_components":[{"__id__":107}],"_prefab":{"__type__":"cc.PrefabInfo","root":{"__id__":1},"asset":{"__uuid__":"typdk54b-f809-48f7-9343-08d9f9293732"},"fileId":"4f3c8q+WpJI7YdvHJlY0GXB"},"_contentSize":{"__type__":"cc.Size","width":136.41,"height":50.4},"_anchorPoint":{"__type__":"cc.Vec2","y":0.5},"_trs":{"__type__":"TypedArray","ctor":"Float64Array","array":[66,-79,0,0,0,0,1,1,1,1]}},{"__type__":"cc.Label","node":{"__id__":106},"_materials":[{"__uuid__":"ecpdLyjvZBwrvm+cedCcQy"}],"_useOriginalSize":false,"_string":"局数：0/4","_N$string":"局数：0/4","_fontSize":30,"_N$file":{"__uuid__":"typdk345-cbe0-4203-a8ca-8141b2e63f4f"},"_isSystemFontUsed":false,"_N$verticalAlign":1},{"__type__":"cc.Node","_name":"giftNode","_parent":{"__id__":1},"_prefab":{"__type__":"cc.PrefabInfo","root":{"__id__":1},"asset":{"__uuid__":"typdk54b-f809-48f7-9343-08d9f9293732"},"fileId":"ffIxtoVKNHirz1F6tJid0g"},"_trs":{"__type__":"TypedArray","ctor":"Float64Array","array":[0,0,0,0,0,0,1,1,1,1]}},{"__type__":"cc.Node","_name":"btn_rightTop","_parent":{"__id__":1},"_children":[{"__id__":110},{"__id__":111},{"__id__":112}],"_components":[{"__type__":"cc.Layout","node":{"__id__":109},"_layoutSize":{"__type__":"cc.Size","width":252,"height":80},"_resize":1,"_N$layoutType":1,"_N$spacingX":15},{"__type__":"cc.Widget","node":{"__id__":109},"_alignFlags":33,"_right":20,"_top":20}],"_prefab":{"__type__":"cc.PrefabInfo","root":{"__id__":1},"asset":{"__uuid__":"typdk54b-f809-48f7-9343-08d9f9293732"},"fileId":"cfgWr4TQJM36ul2LWFgYyV"},"_contentSize":{"__type__":"cc.Size","width":252,"height":80},"_anchorPoint":{"__type__":"cc.Vec2","x":1,"y":0.5},"_trs":{"__type__":"TypedArray","ctor":"Float64Array","array":[660,320,0,0,0,0,1,1,1,1]}},{"__type__":"cc.Node","_name":"btn_exit","_parent":{"__id__":109},"_components":[{"__type__":"cc.Sprite","node":{"__id__":110},"_materials":[{"__uuid__":"ecpdLyjvZBwrvm+cedCcQy"}],"_spriteFrame":{"__uuid__":"typdk834-34a4-4c9f-84b6-2ac981ae4d1d"}},{"__type__":"cc.Button","node":{"__id__":110},"clickEvents":[{"__type__":"cc.ClickEvent","target":{"__id__":1},"_componentId":"typdk7dd-440f-4f82-a44c-6536a3bc0136","handler":"OnClick_BtnWnd"}],"_N$normalColor":{"__type__":"cc.Color","r":214,"g":214,"b":214},"_N$target":{"__id__":110}}],"_prefab":{"__type__":"cc.PrefabInfo","root":{"__id__":1},"asset":{"__uuid__":"typdk54b-f809-48f7-9343-08d9f9293732"},"fileId":"c1W4xnQmpMlpihV9mKC3g3"},"_contentSize":{"__type__":"cc.Size","width":74,"height":74},"_trs":{"__type__":"TypedArray","ctor":"Float64Array","array":[-215,0,0,0,0,0,1,1,1,1]}},{"__type__":"cc.Node","_name":"btn_shuaxin","_parent":{"__id__":109},"_components":[{"__type__":"cc.Sprite","node":{"__id__":111},"_materials":[{"__uuid__":"ecpdLyjvZBwrvm+cedCcQy"}],"_spriteFrame":{"__uuid__":"typdk4a8-89a9-4e15-8924-6cada7812b30"}},{"__type__":"cc.Button","node":{"__id__":111},"clickEvents":[{"__type__":"cc.ClickEvent","target":{"__id__":1},"_componentId":"typdk7dd-440f-4f82-a44c-6536a3bc0136","handler":"OnClick_BtnWnd"}],"_N$normalColor":{"__type__":"cc.Color","r":214,"g":214,"b":214},"_N$target":{"__id__":111}}],"_prefab":{"__type__":"cc.PrefabInfo","root":{"__id__":1},"asset":{"__uuid__":"typdk54b-f809-48f7-9343-08d9f9293732"},"fileId":"40hD4oidBE0oZN/dHetm9P"},"_contentSize":{"__type__":"cc.Size","width":74,"height":74},"_trs":{"__type__":"TypedArray","ctor":"Float64Array","array":[-126,0,0,0,0,0,1,1,1,1]}},{"__type__":"cc.Node","_name":"btn_setting","_parent":{"__id__":109},"_components":[{"__type__":"cc.Sprite","node":{"__id__":112},"_materials":[{"__uuid__":"ecpdLyjvZBwrvm+cedCcQy"}],"_spriteFrame":{"__uuid__":"typdka97-52a7-4c27-8dd6-253f56794962"}},{"__type__":"cc.Button","node":{"__id__":112},"clickEvents":[{"__type__":"cc.ClickEvent","target":{"__id__":1},"_componentId":"typdk7dd-440f-4f82-a44c-6536a3bc0136","handler":"OnClick_BtnWnd"}],"_N$normalColor":{"__type__":"cc.Color","r":214,"g":214,"b":214},"_N$target":{"__id__":112}}],"_prefab":{"__type__":"cc.PrefabInfo","root":{"__id__":1},"asset":{"__uuid__":"typdk54b-f809-48f7-9343-08d9f9293732"},"fileId":"22YbTlA/FNSIswNzP67Vey"},"_contentSize":{"__type__":"cc.Size","width":74,"height":74},"_trs":{"__type__":"TypedArray","ctor":"Float64Array","array":[-37,0,0,0,0,0,1,1,1,1]}},{"__type__":"cc.Node","_name":"btn_chat","_parent":{"__id__":1},"_components":[{"__type__":"cc.Sprite","node":{"__id__":113},"_materials":[{"__uuid__":"ecpdLyjvZBwrvm+cedCcQy"}],"_spriteFrame":{"__uuid__":"typdkc51-d7e8-4855-b6f5-83112cb2b96c"}},{"__type__":"cc.Button","node":{"__id__":113},"clickEvents":[{"__type__":"cc.ClickEvent","target":{"__id__":1},"_componentId":"typdk7dd-440f-4f82-a44c-6536a3bc0136","handler":"OnClick_BtnWnd"}],"_N$normalColor":{"__type__":"cc.Color","r":214,"g":214,"b":214},"_N$target":{"__id__":113}},{"__type__":"cc.Widget","node":{"__id__":113},"_alignFlags":32,"_right":20,"_top":20}],"_prefab":{"__type__":"cc.PrefabInfo","root":{"__id__":1},"asset":{"__uuid__":"typdk54b-f809-48f7-9343-08d9f9293732"},"fileId":"5fPt++LDxCwJTmd/02kqP4"},"_contentSize":{"__type__":"cc.Size","width":74,"height":74},"_trs":{"__type__":"TypedArray","ctor":"Float64Array","array":[623,-66,0,0,0,0,1,1,1,1]}},{"__type__":"cc.Node","_name":"btn_gps","_parent":{"__id__":1},"_components":[{"__type__":"cc.Sprite","node":{"__id__":114},"_materials":[{"__uuid__":"ecpdLyjvZBwrvm+cedCcQy"}],"_spriteFrame":{"__uuid__":"typdkb57-23ad-4d2d-8022-0b88b9c8b00a"}},{"__type__":"cc.Button","node":{"__id__":114},"clickEvents":[{"__type__":"cc.ClickEvent","target":{"__id__":1},"_componentId":"typdk7dd-440f-4f82-a44c-6536a3bc0136","handler":"OnClick_BtnWnd"}],"_N$normalColor":{"__type__":"cc.Color","r":214,"g":214,"b":214},"_N$target":{"__id__":114}},{"__type__":"cc.Widget","node":{"__id__":114},"_alignFlags":33,"_right":20,"_top":128}],"_prefab":{"__type__":"cc.PrefabInfo","root":{"__id__":1},"asset":{"__uuid__":"typdk54b-f809-48f7-9343-08d9f9293732"},"fileId":"56Zu/ehXxKxquhfuxortEi"},"_contentSize":{"__type__":"cc.Size","width":74,"height":74},"_trs":{"__type__":"TypedArray","ctor":"Float64Array","array":[623,215,0,0,0,0,1,1,1,1]}},{"__type__":"cc.Node","_name":"btn_voice","_parent":{"__id__":1},"_components":[{"__type__":"cc.Sprite","node":{"__id__":115},"_materials":[{"__uuid__":"ecpdLyjvZBwrvm+cedCcQy"}],"_spriteFrame":{"__uuid__":"typdk331-80c9-4eac-98d8-f4e0cb0476f0"}},{"__type__":"cc.Button","node":{"__id__":115},"clickEvents":[{"__type__":"cc.ClickEvent","target":{"__id__":1},"_componentId":"typdk7dd-440f-4f82-a44c-6536a3bc0136","handler":"OnClick_BtnWnd"}],"_N$normalColor":{"__type__":"cc.Color","r":214,"g":214,"b":214},"_N$target":{"__id__":115}},{"__type__":"cc.Widget","node":{"__id__":115},"_alignFlags":32,"_right":20,"_top":20}],"_prefab":{"__type__":"cc.PrefabInfo","root":{"__id__":1},"asset":{"__uuid__":"typdk54b-f809-48f7-9343-08d9f9293732"},"fileId":"0ad4FuoZVOsJAICuKdQwgl"},"_contentSize":{"__type__":"cc.Size","width":74,"height":74},"_trs":{"__type__":"TypedArray","ctor":"Float64Array","array":[623,-152,0,0,0,0,1,1,1,1]}},{"__type__":"cc.Node","_name":"btn_change","_parent":{"__id__":1},"_components":[{"__type__":"cc.Sprite","node":{"__id__":116},"_materials":[{"__uuid__":"ecpdLyjvZBwrvm+cedCcQy"}],"_spriteFrame":{"__uuid__":"typdkb35-6704-4087-a467-3e0cd7bdd9ea"}},{"__type__":"cc.Button","node":{"__id__":116},"clickEvents":[{"__type__":"cc.ClickEvent","target":{"__id__":1},"_componentId":"typdk7dd-440f-4f82-a44c-6536a3bc0136","handler":"OnClick_BtnWnd"}],"_N$normalColor":{"__type__":"cc.Color","r":214,"g":214,"b":214},"_N$target":{"__id__":116}},{"__type__":"cc.Widget","node":{"__id__":116},"_alignFlags":9,"_left":323.804,"_right":879.196,"_top":8.37700000000001}],"_prefab":{"__type__":"cc.PrefabInfo","root":{"__id__":1},"asset":{"__uuid__":"typdk54b-f809-48f7-9343-08d9f9293732"},"fileId":"a9DgIr9YdEnYELWt4tSY8Q"},"_contentSize":{"__type__":"cc.Size","width":157,"height":63},"_trs":{"__type__":"TypedArray","ctor":"Float64Array","array":[-277.696,340.123,0,0,0,0,1,1,1,1]}},{"__type__":"cc.Node","_name":"tip_exit_node","_parent":{"__id__":1},"_children":[{"__id__":118},{"__id__":119},{"__id__":122},{"__id__":124},{"__id__":126}],"_prefab":{"__type__":"cc.PrefabInfo","root":{"__id__":1},"asset":{"__uuid__":"typdk54b-f809-48f7-9343-08d9f9293732"},"fileId":"cd7Nu7uD5CTIZA/Ire/jQF"},"_contentSize":{"__type__":"cc.Size","width":500,"height":240},"_trs":{"__type__":"TypedArray","ctor":"Float64Array","array":[0,0,0,0,0,0,1,1,1,1]}},{"__type__":"cc.Node","_name":"black","_parent":{"__id__":117},"_components":[{"__type__":"cc.Sprite","node":{"__id__":118},"_materials":[{"__uuid__":"ecpdLyjvZBwrvm+cedCcQy"}],"_spriteFrame":{"__uuid__":"a2MjXRFdtLlYQ5ouAFv/+R"},"_sizeMode":0},{"__type__":"cc.Button","node":{"__id__":118}}],"_prefab":{"__type__":"cc.PrefabInfo","root":{"__id__":1},"asset":{"__uuid__":"typdk54b-f809-48f7-9343-08d9f9293732"},"fileId":"3agaW0M1RJCr2wWQCBU9QO"},"_opacity":150,"_color":{"__type__":"cc.Color","r":3,"g":3,"b":3},"_contentSize":{"__type__":"cc.Size","width":1750,"height":800},"_trs":{"__type__":"TypedArray","ctor":"Float64Array","array":[0,0,0,0,0,0,1,1,1,1]}},{"__type__":"cc.Node","_name":"bg","_parent":{"__id__":117},"_children":[{"__id__":120}],"_components":[{"__type__":"cc.Sprite","node":{"__id__":119},"_materials":[{"__uuid__":"ecpdLyjvZBwrvm+cedCcQy"}],"_spriteFrame":{"__uuid__":"hzmj63ea-ee30-4f8c-8cd1-77aa6906db37"},"_type":1,"_sizeMode":0}],"_prefab":{"__type__":"cc.PrefabInfo","root":{"__id__":1},"asset":{"__uuid__":"typdk54b-f809-48f7-9343-08d9f9293732"},"fileId":"71DTYG8OFFhYvR+WxyedAr"},"_contentSize":{"__type__":"cc.Size","width":500,"height":240},"_trs":{"__type__":"TypedArray","ctor":"Float64Array","array":[0,0,0,0,0,0,1,1,1,1]}},{"__type__":"cc.Node","_name":"title","_parent":{"__id__":119},"_children":[{"__id__":121}],"_components":[{"__type__":"cc.Sprite","node":{"__id__":120},"_materials":[{"__uuid__":"ecpdLyjvZBwrvm+cedCcQy"}],"_spriteFrame":{"__uuid__":"hzmjf532-d02e-4504-afe7-204012ef11e7"},"_type":1,"_sizeMode":0}],"_prefab":{"__type__":"cc.PrefabInfo","root":{"__id__":1},"asset":{"__uuid__":"typdk54b-f809-48f7-9343-08d9f9293732"},"fileId":"8eLH2NbXZCGpmMUICYLhnN"},"_contentSize":{"__type__":"cc.Size","width":425,"height":90},"_trs":{"__type__":"TypedArray","ctor":"Float64Array","array":[0,82.222,0,0,0,0,1,0.9,0.9,1]}},{"__type__":"cc.Node","_name":"New Sprite","_parent":{"__id__":120},"_components":[{"__type__":"cc.Sprite","node":{"__id__":121},"_materials":[{"__uuid__":"ecpdLyjvZBwrvm+cedCcQy"}],"_spriteFrame":{"__uuid__":"hzmjfe85-0b9c-487e-bf47-c98c8c842ea9"}}],"_prefab":{"__type__":"cc.PrefabInfo","root":{"__id__":1},"asset":{"__uuid__":"typdk54b-f809-48f7-9343-08d9f9293732"},"fileId":"52Ob9idfhDELcTopzbNXSO"},"_contentSize":{"__type__":"cc.Size","width":109,"height":54},"_trs":{"__type__":"TypedArray","ctor":"Float64Array","array":[0,2,0,0,0,0,1,1,1,1]}},{"__type__":"cc.Node","_name":"btn_exit_room","_parent":{"__id__":117},"_children":[{"__id__":123}],"_components":[{"__type__":"cc.Sprite","node":{"__id__":122},"_materials":[{"__uuid__":"ecpdLyjvZBwrvm+cedCcQy"}],"_spriteFrame":{"__uuid__":"hzmj7387-470d-492f-9630-3f463ff0a0a9"}},{"__type__":"cc.Button","node":{"__id__":122},"clickEvents":[{"__type__":"cc.ClickEvent","target":{"__id__":1},"_componentId":"typdk7dd-440f-4f82-a44c-6536a3bc0136","handler":"OnClick_BtnWnd"}]}],"_prefab":{"__type__":"cc.PrefabInfo","root":{"__id__":1},"asset":{"__uuid__":"typdk54b-f809-48f7-9343-08d9f9293732"},"fileId":"4fsLIjD15GTaOPMRMYMsXo"},"_contentSize":{"__type__":"cc.Size","width":196,"height":63},"_trs":{"__type__":"TypedArray","ctor":"Float64Array","array":[120,-35.162,0,0,0,0,1,1,1,1]}},{"__type__":"cc.Node","_name":"lb","_parent":{"__id__":122},"_components":[{"__type__":"cc.Label","node":{"__id__":123},"_materials":[{"__uuid__":"ecpdLyjvZBwrvm+cedCcQy"}],"_useOriginalSize":false,"_string":"退出房间","_N$string":"退出房间","_fontSize":35,"_lineHeight":38,"_N$file":{"__uuid__":"hzmj373b-ebaf-4e57-9974-1fdd6b1b601d"},"_isSystemFontUsed":false,"_N$horizontalAlign":1,"_N$verticalAlign":1},{"__type__":"cc.LabelOutline","node":{"__id__":123},"_color":{"__type__":"cc.Color","r":19,"g":14,"b":134}}],"_prefab":{"__type__":"cc.PrefabInfo","root":{"__id__":1},"asset":{"__uuid__":"typdk54b-f809-48f7-9343-08d9f9293732"},"fileId":"19ituQbPVFEokkGjHtwJhw"},"_contentSize":{"__type__":"cc.Size","width":142,"height":49.88},"_trs":{"__type__":"TypedArray","ctor":"Float64Array","array":[0,0,0,0,0,0,1,1,1,1]}},{"__type__":"cc.Node","_name":"btn_go_hall","_parent":{"__id__":117},"_children":[{"__id__":125}],"_components":[{"__type__":"cc.Sprite","node":{"__id__":124},"_materials":[{"__uuid__":"ecpdLyjvZBwrvm+cedCcQy"}],"_spriteFrame":{"__uuid__":"hzmj7387-470d-492f-9630-3f463ff0a0a9"}},{"__type__":"cc.Button","node":{"__id__":124},"clickEvents":[{"__type__":"cc.ClickEvent","target":{"__id__":1},"_componentId":"typdk7dd-440f-4f82-a44c-6536a3bc0136","handler":"OnClick_BtnWnd"}]}],"_prefab":{"__type__":"cc.PrefabInfo","root":{"__id__":1},"asset":{"__uuid__":"typdk54b-f809-48f7-9343-08d9f9293732"},"fileId":"79ZtwBoTNNzY/EiHMbzrcm"},"_contentSize":{"__type__":"cc.Size","width":196,"height":63},"_trs":{"__type__":"TypedArray","ctor":"Float64Array","array":[-120,-35.162,0,0,0,0,1,1,1,1]}},{"__type__":"cc.Node","_name":"lb","_parent":{"__id__":124},"_components":[{"__type__":"cc.Label","node":{"__id__":125},"_materials":[{"__uuid__":"ecpdLyjvZBwrvm+cedCcQy"}],"_useOriginalSize":false,"_string":"查看大厅","_N$string":"查看大厅","_fontSize":35,"_lineHeight":38,"_N$file":{"__uuid__":"hzmj373b-ebaf-4e57-9974-1fdd6b1b601d"},"_isSystemFontUsed":false,"_N$horizontalAlign":1,"_N$verticalAlign":1},{"__type__":"cc.LabelOutline","node":{"__id__":125},"_color":{"__type__":"cc.Color","r":19,"g":14,"b":134}}],"_prefab":{"__type__":"cc.PrefabInfo","root":{"__id__":1},"asset":{"__uuid__":"typdk54b-f809-48f7-9343-08d9f9293732"},"fileId":"06LiOxqwlKgqBZXUyvRTu/"},"_contentSize":{"__type__":"cc.Size","width":142,"height":49.88},"_trs":{"__type__":"TypedArray","ctor":"Float64Array","array":[0,0,0,0,0,0,1,1,1,1]}},{"__type__":"cc.Node","_name":"btn_close_tip","_parent":{"__id__":117},"_components":[{"__type__":"cc.Sprite","node":{"__id__":126},"_materials":[{"__uuid__":"ecpdLyjvZBwrvm+cedCcQy"}],"_spriteFrame":{"__uuid__":"hzmjea0a-09cb-4f8d-a5ba-e45067866d94"}},{"__type__":"cc.Button","node":{"__id__":126},"clickEvents":[{"__type__":"cc.ClickEvent","target":{"__id__":1},"_componentId":"typdk7dd-440f-4f82-a44c-6536a3bc0136","handler":"OnClick_BtnWnd"}]}],"_prefab":{"__type__":"cc.PrefabInfo","root":{"__id__":1},"asset":{"__uuid__":"typdk54b-f809-48f7-9343-08d9f9293732"},"fileId":"c2cPRqH/BBHpa5iy9nO3C9"},"_contentSize":{"__type__":"cc.Size","width":79,"height":80},"_trs":{"__type__":"TypedArray","ctor":"Float64Array","array":[245.948,88.368,0,0,0,0,1,1,1,1]}},{"__type__":"cc.Node","_name":"resVersion","_parent":{"__id__":1},"_components":[{"__id__":128},{"__type__":"cc.Widget","node":{"__id__":127},"_alignFlags":36,"_right":15,"_bottom":15}],"_prefab":{"__type__":"cc.PrefabInfo","root":{"__id__":1},"asset":{"__uuid__":"typdk54b-f809-48f7-9343-08d9f9293732"},"fileId":"0fJJ7fLV1IYJ8jwXWEux4V"},"_contentSize":{"__type__":"cc.Size","width":66.09,"height":25.2},"_anchorPoint":{"__type__":"cc.Vec2","x":1},"_trs":{"__type__":"TypedArray","ctor":"Float64Array","array":[665,-365,0,0,0,0,1,1,1,1]}},{"__type__":"cc.Label","node":{"__id__":127},"_materials":[{"__uuid__":"ecpdLyjvZBwrvm+cedCcQy"}],"_useOriginalSize":false,"_string":"1.0.0.1.1","_N$string":"1.0.0.1.1","_fontSize":20,"_lineHeight":20,"_N$file":{"__uuid__":"typdk345-cbe0-4203-a8ca-8141b2e63f4f"},"_isSystemFontUsed":false,"_N$horizontalAlign":1,"_N$verticalAlign":1}],{"__type__":"cc.SpriteFrame","content":{"name":"lb_btn_ready","texture":"typdk82a-c769-4731-b3b8-b2d818e5c220","rect":[0,0,113,53],"offset":[0,0],"originalSize":[113,53],"capInsets":[0,0,0,0]}},{"__type__":"cc.SpriteFrame","content":{"name":"icon_buchu","texture":"typdk155-f7b6-4c93-a439-2623312d4b82","rect":[0,0,103,50],"offset":[0,0],"originalSize":[103,50],"capInsets":[0,0,0,0]}},{"__type__":"cc.SpriteFrame","content":{"name":"btn_fh","texture":"typdkd8d-b72b-4f27-85b4-68b97d3fcdc0","rect":[0,0,74,74],"offset":[0,0],"originalSize":[74,74],"capInsets":[0,0,0,0]}},{"__type__":"cc.SpriteFrame","content":{"name":"lb_btn_yqhy","texture":"typdk557-80b1-4276-abed-c51c4345dde1","rect":[0,0,183,47],"offset":[0,0],"originalSize":[183,47],"capInsets":[0,0,0,0]}},{"__type__":"cc.SpriteFrame","content":{"name":"btn_yellow","texture":"typdk336-bd59-49be-bbfd-b9c7d2187939","rect":[0,0,236,94],"offset":[0,0],"originalSize":[236,94],"capInsets":[0,0,0,0]}},{"__type__":"cc.SpriteFrame","content":{"name":"btn_yellow1","texture":"typdkd7b-1853-48ac-b438-52e339ef4811","rect":[0,0,243,77],"offset":[-0.5,0.5],"originalSize":[244,78],"capInsets":[0,0,0,0]}},{"__type__":"cc.SpriteFrame","content":{"name":"bg_spade1_2","texture":"typdk7b1-27c5-4c01-a600-a1356f287208","rect":[44,83,76,84],"offset":[15,-32.5],"originalSize":[134,185],"capInsets":[0,0,0,0]}},{"__type__":"cc.SpriteFrame","content":{"name":"img_fjh_bg","texture":"typdkfd0-2a60-45de-b79a-eff665f7ec92","rect":[0,0,347,69],"offset":[0,0],"originalSize":[347,69],"capInsets":[0,0,0,0]}},{"__type__":"cc.SpriteFrame","content":{"name":"lb_btn_qx","texture":"typdk4bf-9469-471c-bb13-9ce066e8b83b","rect":[0,0,98,44],"offset":[0,0],"originalSize":[98,44],"capInsets":[0,0,0,0]}},{"__type__":"cc.SpriteFrame","content":{"name":"bg","texture":"typdkb63-6440-4c11-b6b1-c39738346413","rect":[0,0,1750,800],"offset":[0,0],"originalSize":[1750,800],"capInsets":[0,0,0,0]}},{"__type__":"cc.SpriteFrame","content":{"name":"btn_sz","texture":"typdk428-d4d0-4564-9ab4-ec4ee585bdeb","rect":[0,0,74,74],"offset":[0,0],"originalSize":[74,74],"capInsets":[0,0,0,0]}},{"__type__":"cc.SpriteFrame","content":{"name":"btn_qhrs","texture":"typdkae4-cc9f-42d5-a990-bd4f12971d96","rect":[0,0,157,63],"offset":[0,0],"originalSize":[157,63],"capInsets":[0,0,0,0]}},{"__type__":"cc.SpriteFrame","content":{"name":"btn_gps","texture":"typdk1cd-fbf3-4ba0-9ee8-4f75214abd9b","rect":[0,0,74,74],"offset":[0,0],"originalSize":[74,74],"capInsets":[0,0,0,0]}},{"__type__":"cc.SpriteFrame","content":{"name":"icon_weixin1","texture":"typdkb27-2f4f-4752-b8d1-34d0d980a1a0","rect":[0,0,110,89],"offset":[0,0.5],"originalSize":[110,90],"capInsets":[0,0,0,0]}},{"__type__":"cc.SpriteFrame","content":{"name":"btn_xx","texture":"typdkc1c-1592-4ee1-b631-1592f947163f","rect":[0,0,74,74],"offset":[0,0],"originalSize":[74,74],"capInsets":[0,0,0,0]}},{"__type__":"cc.SpriteFrame","content":{"name":"btn_green","texture":"typdk482-865c-4253-b3ca-1e0b282b7d33","rect":[0,0,236,94],"offset":[0,0],"originalSize":[236,94],"capInsets":[0,0,0,0]}},{"__type__":"cc.SpriteFrame","content":{"name":"black_3","texture":"typdk6e4-6195-4368-a8f7-adaa6a83e86f","rect":[4,1,27,42],"offset":[-0.5,0.5],"originalSize":[36,45],"capInsets":[0,0,0,0]}},{"__type__":"cc.SpriteFrame","content":{"name":"btn_blue","texture":"typdkaa7-92c8-4695-b1b6-50192cfcac32","rect":[0,0,236,94],"offset":[0,0],"originalSize":[236,94],"capInsets":[0,0,0,0]}},{"__type__":"cc.SpriteFrame","content":{"name":"lord_clock_bg","texture":"typdka28-178d-455e-8e75-bbdb871dcd80","rect":[0,0,74,79],"offset":[0,0.5],"originalSize":[74,80],"capInsets":[0,0,0,0]}},{"__type__":"cc.SpriteFrame","content":{"name":"bg_spade1_1","texture":"typdk79b-d320-4ae0-8556-a655f966a15d","rect":[11,59,28,32],"offset":[-42,17.5],"originalSize":[134,185],"capInsets":[0,0,0,0]}}]