[{"__type__":"cc.SpriteFrame","content":{"name":"game_loading_08","texture":"1628f5921","rect":[114,110,49,51],"offset":[-0.5,0],"originalSize":[50,51],"capInsets":[0,0,0,0]}},{"__type__":"cc.SpriteFrame","content":{"name":"game_loading_14","texture":"1628f5921","rect":[143,2,49,51],"offset":[0.5,0],"originalSize":[50,51],"rotated":1,"capInsets":[0,0,0,0]}},{"__type__":"cc.SpriteFrame","content":{"name":"game_loading_10","texture":"1628f5921","rect":[143,55,49,51],"offset":[-0.5,0],"originalSize":[50,51],"rotated":1,"capInsets":[0,0,0,0]}},{"__type__":"cc.SpriteFrame","content":{"name":"game_loading_06","texture":"1628f5921","rect":[114,165,49,51],"offset":[0.5,0],"originalSize":[50,51],"capInsets":[0,0,0,0]}},{"__type__":"cc.SpriteFrame","content":{"name":"game_loading_07","texture":"1628f5921","rect":[198,2,48,51],"offset":[0,0],"originalSize":[50,51],"capInsets":[0,0,0,0]}},{"__type__":"cc.SpriteFrame","content":{"name":"game_loading_13","texture":"1628f5921","rect":[114,220,49,51],"offset":[-0.5,0],"originalSize":[50,51],"rotated":1,"capInsets":[0,0,0,0]}},{"__type__":"cc.SpriteFrame","content":{"name":"game_loading_11","texture":"1628f5921","rect":[88,2,50,51],"offset":[0,0],"originalSize":[50,51],"rotated":1,"capInsets":[0,0,0,0]}},{"__type__":"cc.SpriteFrame","content":{"name":"game_loading_12","texture":"1628f5921","rect":[169,216,48,51],"offset":[0,0],"originalSize":[50,51],"capInsets":[0,0,0,0]}},{"__type__":"cc.AnimationClip","_name":"WaitNetAction","_duration":1.0166666666666666,"wrapMode":2,"curveData":{"props":{},"comps":{"cc.Sprite":{}},"paths":{"1":{"props":{},"comps":{"cc.Sprite":{"spriteFrame":[{"frame":0,"value":{"__uuid__":"typdk5cc-c5b9-4b78-b4b3-e779564a2480"}},{"frame":0.06666666666666667,"value":{"__uuid__":"typdkbf0-3a2e-45ad-aee8-1ed2af1713b8"}},{"frame":0.13333333333333333,"value":{"__uuid__":"typdk089-aa4b-4f16-95b1-5b51909a856d"}},{"frame":0.2,"value":{"__uuid__":"typdkadc-37f2-4a17-8bf5-3e982eb3cc6e"}},{"frame":0.26666666666666666,"value":{"__uuid__":"typdkf96-9754-45b6-b294-46909b40d8f8"}},{"frame":0.3333333333333333,"value":{"__uuid__":"typdk14d-80ec-4cf5-9bb7-5b26c308eb5b"}},{"frame":0.4,"value":{"__uuid__":"typdk1ff-a3fc-419c-8389-e477259523a5"}},{"frame":0.4666666666666667,"value":{"__uuid__":"typdk089-aa4b-4f16-95b1-5b51909a856d"}},{"frame":0.5333333333333333,"value":{"__uuid__":"typdkd2c-359d-4739-8165-a2c2c618d291"}},{"frame":0.6,"value":{"__uuid__":"typdk142-2835-4bd2-a641-a19713b9b3b5"}},{"frame":0.6666666666666666,"value":{"__uuid__":"typdk3e5-6412-4210-8fdd-587449c63d57"}},{"frame":0.7333333333333333,"value":{"__uuid__":"typdk4fe-a2ce-48b8-8cb8-422c8c5d68f0"}},{"frame":0.8,"value":{"__uuid__":"typdk222-b03d-4e81-bc90-420e9a920e09"}},{"frame":0.8666666666666667,"value":{"__uuid__":"typdk0ee-7b2b-4caa-bec1-03c889cf0a4d"}},{"frame":0.9333333333333333,"value":{"__uuid__":"typdk556-3656-4429-97c3-ca3fbcb5d530"}},{"frame":1,"value":{"__uuid__":"typdkd0e-6d78-4ca3-b9fd-a221ed9eb3e0"}}]}}},"2":{"props":{"angle":[{"frame":0,"value":0},{"frame":0,"value":-0.24479999992007606},{"frame":1,"value":-360}]}},"3":{"props":{"angle":[{"frame":0,"value":-360},{"frame":1,"value":0}]}}}}},{"__type__":"cc.SpriteFrame","content":{"name":"game_loading_15","texture":"1628f5921","rect":[169,271,48,51],"offset":[0,0],"originalSize":[50,51],"rotated":1,"capInsets":[0,0,0,0]}},{"__type__":"cc.SpriteFrame","content":{"name":"game_loading_01","texture":"1628f5921","rect":[2,257,49,51],"offset":[0.5,0],"originalSize":[50,51],"rotated":1,"capInsets":[0,0,0,0]}},{"__type__":"cc.SpriteFrame","content":{"name":"game_loading_04","texture":"1628f5921","rect":[57,257,49,51],"offset":[0.5,0],"originalSize":[50,51],"capInsets":[0,0,0,0]}},{"__type__":"cc.SpriteFrame","content":{"name":"game_loading_02","texture":"1628f5921","rect":[110,273,48,51],"offset":[0,0],"originalSize":[50,51],"rotated":1,"capInsets":[0,0,0,0]}},{"__type__":"cc.SpriteFrame","content":{"name":"game_loading_16","texture":"1628f5921","rect":[88,56,50,51],"offset":[0,0],"originalSize":[50,51],"rotated":1,"capInsets":[0,0,0,0]}},{"__type__":"cc.SpriteFrame","content":{"name":"game_loading_09","texture":"1628f5921","rect":[167,108,49,51],"offset":[0.5,0],"originalSize":[50,51],"capInsets":[0,0,0,0]}},{"__type__":"cc.SpriteFrame","content":{"name":"game_loading_05","texture":"1628f5921","rect":[167,163,49,51],"offset":[-0.5,0],"originalSize":[50,51],"rotated":1,"capInsets":[0,0,0,0]}}]