[{"__type__":"cc.SpriteFrame","content":{"name":"default_btn_disabled","texture":"71VhFCTINJM6/Ky3oX9nBT","rect":[0,0,40,40],"offset":[0,0],"originalSize":[40,40],"capInsets":[12,12,12,12]}},{"__type__":"cc.SpriteFrame","content":{"name":"img_bb","texture":"01uI93L9tH3KAqIHXUGY75","rect":[0,0,228,104],"offset":[0,0],"originalSize":[228,104],"capInsets":[0,0,0,0]}},{"__type__":"cc.SpriteFrame","content":{"name":"img_LY","texture":"2533NiI0lMroyDRyZX0KxH","rect":[0,0,150,104],"offset":[0,0],"originalSize":[150,104],"capInsets":[0,0,0,0]}},{"__type__":"cc.SpriteFrame","content":{"name":"default_btn_pressed","texture":"b4P/PCArtIdIH38t6mlw8Y","rect":[0,0,40,40],"offset":[0,0],"originalSize":[40,40],"capInsets":[12,12,12,12]}},{"__type__":"cc.SpriteFrame","content":{"name":"default_btn_normal","texture":"e8Ueib+qJEhL6mXAHdnwbi","rect":[0,0,40,40],"offset":[0,0],"originalSize":[40,40],"capInsets":[12,12,12,12]}},{"__type__":"cc.SpriteFrame","content":{"name":"bg_02","texture":"typdkb76-0f5c-4d84-842b-a77df07a590f","rect":[0,0,1306,698],"offset":[0,0],"originalSize":[1306,698],"capInsets":[0,0,0,0]}},{"__type__":"cc.SpriteFrame","content":{"name":"btn_select","texture":"typdk30f-9b01-4fb6-81f0-ea0cf6c58054","rect":[0,0,60,60],"offset":[0,0],"originalSize":[60,60],"capInsets":[0,0,0,0]}},[{"__type__":"cc.Prefab","_name":"pdk_UISetting02","data":{"__id__":1}},{"__type__":"cc.Node","_name":"pdk_UISetting02","_children":[{"__id__":2},{"__id__":3},{"__id__":90}],"_components":[{"__type__":"cc.Widget","node":{"__id__":1},"alignMode":0,"_alignFlags":45},{"__type__":"cc.Button","node":{"__id__":1},"_N$normalColor":{"__type__":"cc.Color","r":214,"g":214,"b":214},"_N$target":{"__id__":1}},{"__type__":"typdk6eb-cbb3-43dc-87f8-1c2f1ecbba30","node":{"__id__":1},"ZorderLv":7,"xuanze":{"__uuid__":"typdkc16-8cdd-496b-a667-2725d50f2409"},"xuanze1":{"__uuid__":"typdk1b4-f1f4-478e-94c5-109e1ac7559e"},"sd_yinyue":{"__id__":9},"sd_yinxiao":{"__id__":19},"sp_selecmusic":{"__id__":32},"img_toggle1":{"__id__":8},"img_toggle2":{"__id__":18},"toggle4":{"__id__":31},"sceneChangeNode":{"__id__":81},"fangYanXuanZe":{"__id__":57},"puTongXuanZe":{"__id__":53}}],"_prefab":{"__type__":"cc.PrefabInfo","root":{"__id__":1},"asset":{"__uuid__":"typdk3c2-62b6-48f9-ab28-fa03d64c3e5c"},"fileId":"84118wjrIJKjqvXnhIkyMCA"},"_contentSize":{"__type__":"cc.Size","width":1360,"height":760},"_trs":{"__type__":"TypedArray","ctor":"Float64Array","array":[680,380,0,0,0,0,1,1,1,1]}},{"__type__":"cc.Node","_name":"bg01","_parent":{"__id__":1},"_components":[{"__type__":"cc.Sprite","node":{"__id__":2},"_materials":[{"__uuid__":"ecpdLyjvZBwrvm+cedCcQy"}],"_spriteFrame":{"__uuid__":"typdkd1f-3e0b-4b1d-ae52-c52ad188bba9"},"_type":1,"_sizeMode":0},{"__type__":"cc.Widget","node":{"__id__":2},"alignMode":0,"_alignFlags":45,"_originalWidth":1360,"_originalHeight":1020}],"_prefab":{"__type__":"cc.PrefabInfo","root":{"__id__":1},"asset":{"__uuid__":"typdk3c2-62b6-48f9-ab28-fa03d64c3e5c"},"fileId":"ae5d7iaPEZL0obssq1J5Ipj"},"_contentSize":{"__type__":"cc.Size","width":1360,"height":760},"_trs":{"__type__":"TypedArray","ctor":"Float64Array","array":[0,0,0,0,0,0,1,1,1,1]}},{"__type__":"cc.Node","_name":"sp_setting","_parent":{"__id__":1},"_children":[{"__id__":4},{"__id__":6},{"__id__":16},{"__id__":26},{"__id__":32},{"__id__":49},{"__id__":59},{"__id__":81}],"_components":[{"__type__":"cc.Sprite","node":{"__id__":3},"_materials":[{"__uuid__":"ecpdLyjvZBwrvm+cedCcQy"}],"_spriteFrame":{"__uuid__":"typdk1a5-887a-4540-96a0-bf6387f5c8cf"},"_sizeMode":0}],"_prefab":{"__type__":"cc.PrefabInfo","root":{"__id__":1},"asset":{"__uuid__":"typdk3c2-62b6-48f9-ab28-fa03d64c3e5c"},"fileId":"318e2jbDK9EU6l9Ga2lEDi9"},"_contentSize":{"__type__":"cc.Size","width":860,"height":480},"_trs":{"__type__":"TypedArray","ctor":"Float64Array","array":[0,3,0,0,0,0,1,1,1,1]}},{"__type__":"cc.Node","_name":"bg_shezhi","_parent":{"__id__":3},"_children":[{"__id__":5}],"_components":[{"__type__":"cc.Sprite","node":{"__id__":4},"_materials":[{"__uuid__":"ecpdLyjvZBwrvm+cedCcQy"}],"_spriteFrame":{"__uuid__":"typdkcae-6d95-4179-b060-db97a3ca2a21"}}],"_prefab":{"__type__":"cc.PrefabInfo","root":{"__id__":1},"asset":{"__uuid__":"typdk3c2-62b6-48f9-ab28-fa03d64c3e5c"},"fileId":"5a888Danu1JfqAdjASuyYr7"},"_contentSize":{"__type__":"cc.Size","width":473,"height":87},"_trs":{"__type__":"TypedArray","ctor":"Float64Array","array":[0,235,0,0,0,0,1,1,1,1]}},{"__type__":"cc.Node","_name":"shezhi","_parent":{"__id__":4},"_components":[{"__type__":"cc.Sprite","node":{"__id__":5},"_materials":[{"__uuid__":"ecpdLyjvZBwrvm+cedCcQy"}],"_spriteFrame":{"__uuid__":"typdk9fb-7ae7-4571-bc26-e4f7c1c66211"}}],"_prefab":{"__type__":"cc.PrefabInfo","root":{"__id__":1},"asset":{"__uuid__":"typdk3c2-62b6-48f9-ab28-fa03d64c3e5c"},"fileId":"ead1eKeD8ZP6Iu6C9AOu9Bw"},"_contentSize":{"__type__":"cc.Size","width":168,"height":43},"_trs":{"__type__":"TypedArray","ctor":"Float64Array","array":[0,2,0,0,0,0,1,1,1,1]}},{"__type__":"cc.Node","_name":"sp_yinyue","_parent":{"__id__":3},"_children":[{"__id__":7},{"__id__":9}],"_components":[{"__type__":"cc.Label","node":{"__id__":6},"_materials":[{"__uuid__":"ecpdLyjvZBwrvm+cedCcQy"}],"_useOriginalSize":false,"_string":"音乐","_N$string":"音乐","_fontSize":38,"_lineHeight":45,"_N$file":{"__uuid__":"typdk345-cbe0-4203-a8ca-8141b2e63f4f"},"_isSystemFontUsed":false}],"_prefab":{"__type__":"cc.PrefabInfo","root":{"__id__":1},"asset":{"__uuid__":"typdk3c2-62b6-48f9-ab28-fa03d64c3e5c"},"fileId":"3321c9Xds9MO7R51iJNqyBc"},"_color":{"__type__":"cc.Color","r":144,"g":86,"b":37},"_contentSize":{"__type__":"cc.Size","width":76,"height":56.7},"_trs":{"__type__":"TypedArray","ctor":"Float64Array","array":[-326,147,0,0,0,0,1,1,1,1]}},{"__type__":"cc.Node","_name":"btn_toggle1","_parent":{"__id__":6},"_children":[{"__id__":8}],"_components":[{"__type__":"cc.Sprite","node":{"__id__":7},"_materials":[{"__uuid__":"ecpdLyjvZBwrvm+cedCcQy"}],"_spriteFrame":{"__uuid__":"typdk7e9-085e-4f86-a068-7a1d1df73240"},"_type":1},{"__type__":"cc.Button","node":{"__id__":7},"clickEvents":[{"__type__":"cc.ClickEvent","target":{"__id__":1},"_componentId":"typdk6eb-cbb3-43dc-87f8-1c2f1ecbba30","handler":"OnClick_BtnWnd"}],"_N$transition":3,"transition":3,"_N$pressedColor":{"__type__":"cc.Color","r":255,"g":255,"b":255},"pressedColor":{"__type__":"cc.Color","r":255,"g":255,"b":255},"_N$disabledColor":{"__type__":"cc.Color","r":255,"g":255,"b":255},"_N$pressedSprite":{"__uuid__":"e97GVMl6JHh5Ml5qEDdSGa"},"pressedSprite":{"__uuid__":"e97GVMl6JHh5Ml5qEDdSGa"},"_N$hoverSprite":{"__uuid__":"f0BIwQ8D5Ml7nTNQbh1YlS"},"hoverSprite":{"__uuid__":"f0BIwQ8D5Ml7nTNQbh1YlS"},"_N$disabledSprite":{"__uuid__":"29FYIk+N1GYaeWH/q1NxQO"},"_N$target":{"__id__":7}}],"_prefab":{"__type__":"cc.PrefabInfo","root":{"__id__":1},"asset":{"__uuid__":"typdk3c2-62b6-48f9-ab28-fa03d64c3e5c"},"fileId":"94E6N7MllNEbALh/H8Rt/0"},"_contentSize":{"__type__":"cc.Size","width":51,"height":51},"_trs":{"__type__":"TypedArray","ctor":"Float64Array","array":[68,0,0,0,0,0,1,1,1,1]}},{"__type__":"cc.Node","_name":"img_dxk02","_parent":{"__id__":7},"_components":[{"__type__":"cc.Sprite","node":{"__id__":8},"_materials":[{"__uuid__":"ecpdLyjvZBwrvm+cedCcQy"}],"_spriteFrame":{"__uuid__":"typdke31-c560-43ad-9e15-7526be7590a5"}}],"_prefab":{"__type__":"cc.PrefabInfo","root":{"__id__":1},"asset":{"__uuid__":"typdk3c2-62b6-48f9-ab28-fa03d64c3e5c"},"fileId":"f32Uiaj5VFs7WkeaAWO2YZ"},"_contentSize":{"__type__":"cc.Size","width":38,"height":39},"_trs":{"__type__":"TypedArray","ctor":"Float64Array","array":[0,0,0,0,0,0,1,1,1,1]}},{"__type__":"cc.Node","_name":"sd_yinyue","_parent":{"__id__":6},"_children":[{"__id__":10},{"__id__":14}],"_components":[{"__type__":"cc.Slider","node":{"__id__":9},"slideEvents":[{"__type__":"cc.ClickEvent","target":{"__id__":9},"_componentId":"typdkffb-f4c3-4afd-9411-97f23673335f","handler":"OnSliderEvent"}],"_N$handle":{"__id__":15},"_N$progress":0},{"__type__":"typdkffb-f4c3-4afd-9411-97f23673335f","node":{"__id__":9},"JS_Name":"sss_BaseComponent","EventNode":{"__id__":1},"ProgressBar":{"__id__":13}}],"_prefab":{"__type__":"cc.PrefabInfo","root":{"__id__":1},"asset":{"__uuid__":"typdk3c2-62b6-48f9-ab28-fa03d64c3e5c"},"fileId":"4605fr5qF1OhZxcyjx9Ldqg"},"_contentSize":{"__type__":"cc.Size","width":263,"height":50},"_trs":{"__type__":"TypedArray","ctor":"Float64Array","array":[270,0,0,0,0,0,1,1,1,1]}},{"__type__":"cc.Node","_name":"pb_yinyue","_parent":{"__id__":9},"_children":[{"__id__":11}],"_components":[{"__type__":"cc.Sprite","node":{"__id__":10},"_materials":[{"__uuid__":"ecpdLyjvZBwrvm+cedCcQy"}],"_spriteFrame":{"__uuid__":"typdkf11-6f91-4e56-94b1-8fd4611c2c62"},"_sizeMode":0},{"__id__":13}],"_prefab":{"__type__":"cc.PrefabInfo","root":{"__id__":1},"asset":{"__uuid__":"typdk3c2-62b6-48f9-ab28-fa03d64c3e5c"},"fileId":"ca01eoi1pVDi7YOBS8kpqqt"},"_contentSize":{"__type__":"cc.Size","width":300,"height":35},"_trs":{"__type__":"TypedArray","ctor":"Float64Array","array":[0,0,0,0,0,0,1,1,1,1]}},{"__type__":"cc.Node","_name":"bar","_parent":{"__id__":10},"_components":[{"__id__":12}],"_prefab":{"__type__":"cc.PrefabInfo","root":{"__id__":1},"asset":{"__uuid__":"typdk3c2-62b6-48f9-ab28-fa03d64c3e5c"},"fileId":"ddef05YCgNKua3+UpPupuAM"},"_contentSize":{"__type__":"cc.Size","height":35},"_anchorPoint":{"__type__":"cc.Vec2","y":0.5},"_trs":{"__type__":"TypedArray","ctor":"Float64Array","array":[-150,-1,0,0,0,0,1,1,1,1]}},{"__type__":"cc.Sprite","node":{"__id__":11},"_materials":[{"__uuid__":"ecpdLyjvZBwrvm+cedCcQy"}],"_spriteFrame":{"__uuid__":"typdkcf7-8c63-44d0-b504-7039dcaa9b1a"},"_type":1,"_sizeMode":0},{"__type__":"cc.ProgressBar","node":{"__id__":10},"_N$totalLength":263,"_N$barSprite":{"__id__":12},"_N$progress":0},{"__type__":"cc.Node","_name":"Handle","_parent":{"__id__":9},"_components":[{"__type__":"cc.Sprite","node":{"__id__":14},"_materials":[{"__uuid__":"ecpdLyjvZBwrvm+cedCcQy"}],"_spriteFrame":{"__uuid__":"typdk821-e8f5-40d6-8d7e-7b2d7ae66e98"},"_sizeMode":2},{"__id__":15}],"_prefab":{"__type__":"cc.PrefabInfo","root":{"__id__":1},"asset":{"__uuid__":"typdk3c2-62b6-48f9-ab28-fa03d64c3e5c"},"fileId":"c49ea3TPTJKGq381nbhRhNz"},"_contentSize":{"__type__":"cc.Size","width":73,"height":45},"_trs":{"__type__":"TypedArray","ctor":"Float64Array","array":[-131.5,0,0,0,0,0,1,1,1,1]}},{"__type__":"cc.Button","node":{"__id__":14},"zoomScale":0.9,"_N$enableAutoGrayEffect":true,"_N$transition":3,"transition":3,"_N$pressedColor":{"__type__":"cc.Color","r":255,"g":255,"b":255},"pressedColor":{"__type__":"cc.Color","r":255,"g":255,"b":255},"_N$disabledColor":{"__type__":"cc.Color","r":255,"g":255,"b":255},"_N$pressedSprite":{"__uuid__":"e97GVMl6JHh5Ml5qEDdSGa"},"pressedSprite":{"__uuid__":"e97GVMl6JHh5Ml5qEDdSGa"},"_N$hoverSprite":{"__uuid__":"e97GVMl6JHh5Ml5qEDdSGa"},"hoverSprite":{"__uuid__":"e97GVMl6JHh5Ml5qEDdSGa"},"_N$disabledSprite":{"__uuid__":"29FYIk+N1GYaeWH/q1NxQO"},"_N$target":{"__id__":14}},{"__type__":"cc.Node","_name":"sp_yinxiao","_parent":{"__id__":3},"_children":[{"__id__":17},{"__id__":19}],"_components":[{"__type__":"cc.Label","node":{"__id__":16},"_materials":[{"__uuid__":"ecpdLyjvZBwrvm+cedCcQy"}],"_useOriginalSize":false,"_string":"音效","_N$string":"音效","_fontSize":38,"_lineHeight":45,"_N$file":{"__uuid__":"typdk345-cbe0-4203-a8ca-8141b2e63f4f"},"_isSystemFontUsed":false}],"_prefab":{"__type__":"cc.PrefabInfo","root":{"__id__":1},"asset":{"__uuid__":"typdk3c2-62b6-48f9-ab28-fa03d64c3e5c"},"fileId":"3be4dw21k9ByZgHfkBgpZio"},"_color":{"__type__":"cc.Color","r":144,"g":86,"b":37},"_contentSize":{"__type__":"cc.Size","width":76,"height":56.7},"_trs":{"__type__":"TypedArray","ctor":"Float64Array","array":[-326,74,0,0,0,0,1,1,1,1]}},{"__type__":"cc.Node","_name":"btn_toggle2","_parent":{"__id__":16},"_children":[{"__id__":18}],"_components":[{"__type__":"cc.Sprite","node":{"__id__":17},"_materials":[{"__uuid__":"ecpdLyjvZBwrvm+cedCcQy"}],"_spriteFrame":{"__uuid__":"typdk7e9-085e-4f86-a068-7a1d1df73240"},"_type":1},{"__type__":"cc.Button","node":{"__id__":17},"clickEvents":[{"__type__":"cc.ClickEvent","target":{"__id__":1},"_componentId":"typdk6eb-cbb3-43dc-87f8-1c2f1ecbba30","handler":"OnClick_BtnWnd"}],"_N$transition":3,"transition":3,"_N$pressedColor":{"__type__":"cc.Color","r":255,"g":255,"b":255},"pressedColor":{"__type__":"cc.Color","r":255,"g":255,"b":255},"_N$disabledColor":{"__type__":"cc.Color","r":255,"g":255,"b":255},"_N$pressedSprite":{"__uuid__":"e97GVMl6JHh5Ml5qEDdSGa"},"pressedSprite":{"__uuid__":"e97GVMl6JHh5Ml5qEDdSGa"},"_N$hoverSprite":{"__uuid__":"f0BIwQ8D5Ml7nTNQbh1YlS"},"hoverSprite":{"__uuid__":"f0BIwQ8D5Ml7nTNQbh1YlS"},"_N$disabledSprite":{"__uuid__":"29FYIk+N1GYaeWH/q1NxQO"},"_N$target":{"__id__":17}}],"_prefab":{"__type__":"cc.PrefabInfo","root":{"__id__":1},"asset":{"__uuid__":"typdk3c2-62b6-48f9-ab28-fa03d64c3e5c"},"fileId":"1eKnoBvWZMxbC4ZvGo+JCv"},"_contentSize":{"__type__":"cc.Size","width":51,"height":51},"_trs":{"__type__":"TypedArray","ctor":"Float64Array","array":[68,0,0,0,0,0,1,1,1,1]}},{"__type__":"cc.Node","_name":"img_dxk02","_parent":{"__id__":17},"_components":[{"__type__":"cc.Sprite","node":{"__id__":18},"_materials":[{"__uuid__":"ecpdLyjvZBwrvm+cedCcQy"}],"_spriteFrame":{"__uuid__":"typdke31-c560-43ad-9e15-7526be7590a5"}}],"_prefab":{"__type__":"cc.PrefabInfo","root":{"__id__":1},"asset":{"__uuid__":"typdk3c2-62b6-48f9-ab28-fa03d64c3e5c"},"fileId":"d8jntCnRlGUpZzCg8zZS9E"},"_contentSize":{"__type__":"cc.Size","width":38,"height":39},"_trs":{"__type__":"TypedArray","ctor":"Float64Array","array":[0,0,0,0,0,0,1,1,1,1]}},{"__type__":"cc.Node","_name":"sd_yinxiao","_parent":{"__id__":16},"_children":[{"__id__":20},{"__id__":24}],"_components":[{"__type__":"cc.Slider","node":{"__id__":19},"slideEvents":[{"__type__":"cc.ClickEvent","target":{"__id__":19},"_componentId":"typdkffb-f4c3-4afd-9411-97f23673335f","handler":"OnSliderEvent"}],"_N$handle":{"__id__":25},"_N$progress":0},{"__type__":"typdkffb-f4c3-4afd-9411-97f23673335f","node":{"__id__":19},"JS_Name":"sss_BaseComponent","EventNode":{"__id__":1},"ProgressBar":{"__id__":23}}],"_prefab":{"__type__":"cc.PrefabInfo","root":{"__id__":1},"asset":{"__uuid__":"typdk3c2-62b6-48f9-ab28-fa03d64c3e5c"},"fileId":"c549dlwFWRK0aCmzEv01A5Y"},"_contentSize":{"__type__":"cc.Size","width":263,"height":50},"_trs":{"__type__":"TypedArray","ctor":"Float64Array","array":[270,0,0,0,0,0,1,1,1,1]}},{"__type__":"cc.Node","_name":"pb_yinxiao","_parent":{"__id__":19},"_children":[{"__id__":21}],"_components":[{"__type__":"cc.Sprite","node":{"__id__":20},"_materials":[{"__uuid__":"ecpdLyjvZBwrvm+cedCcQy"}],"_spriteFrame":{"__uuid__":"typdkf11-6f91-4e56-94b1-8fd4611c2c62"},"_sizeMode":0},{"__id__":23}],"_prefab":{"__type__":"cc.PrefabInfo","root":{"__id__":1},"asset":{"__uuid__":"typdk3c2-62b6-48f9-ab28-fa03d64c3e5c"},"fileId":"cc467K962FGU61QkDt8W1p2"},"_contentSize":{"__type__":"cc.Size","width":300,"height":35},"_trs":{"__type__":"TypedArray","ctor":"Float64Array","array":[0,0,0,0,0,0,1,1,1,1]}},{"__type__":"cc.Node","_name":"bar","_parent":{"__id__":20},"_components":[{"__id__":22}],"_prefab":{"__type__":"cc.PrefabInfo","root":{"__id__":1},"asset":{"__uuid__":"typdk3c2-62b6-48f9-ab28-fa03d64c3e5c"},"fileId":"315d0tEsKRACJETPcv8R5vT"},"_contentSize":{"__type__":"cc.Size","height":35},"_anchorPoint":{"__type__":"cc.Vec2","y":0.5},"_trs":{"__type__":"TypedArray","ctor":"Float64Array","array":[-150,-1,0,0,0,0,1,1,1,1]}},{"__type__":"cc.Sprite","node":{"__id__":21},"_materials":[{"__uuid__":"ecpdLyjvZBwrvm+cedCcQy"}],"_spriteFrame":{"__uuid__":"typdkcf7-8c63-44d0-b504-7039dcaa9b1a"},"_type":1,"_sizeMode":0},{"__type__":"cc.ProgressBar","node":{"__id__":20},"_N$totalLength":263,"_N$barSprite":{"__id__":22},"_N$progress":0},{"__type__":"cc.Node","_name":"Handle","_parent":{"__id__":19},"_components":[{"__type__":"cc.Sprite","node":{"__id__":24},"_materials":[{"__uuid__":"ecpdLyjvZBwrvm+cedCcQy"}],"_spriteFrame":{"__uuid__":"typdk821-e8f5-40d6-8d7e-7b2d7ae66e98"},"_sizeMode":2},{"__id__":25}],"_prefab":{"__type__":"cc.PrefabInfo","root":{"__id__":1},"asset":{"__uuid__":"typdk3c2-62b6-48f9-ab28-fa03d64c3e5c"},"fileId":"b0c3fmQdt9OYYh4SFRLiaWt"},"_contentSize":{"__type__":"cc.Size","width":73,"height":45},"_trs":{"__type__":"TypedArray","ctor":"Float64Array","array":[-131.5,0,0,0,0,0,1,1,1,1]}},{"__type__":"cc.Button","node":{"__id__":24},"zoomScale":0.9,"_N$enableAutoGrayEffect":true,"_N$transition":3,"transition":3,"_N$pressedColor":{"__type__":"cc.Color","r":255,"g":255,"b":255},"pressedColor":{"__type__":"cc.Color","r":255,"g":255,"b":255},"_N$disabledColor":{"__type__":"cc.Color","r":255,"g":255,"b":255},"_N$pressedSprite":{"__uuid__":"e97GVMl6JHh5Ml5qEDdSGa"},"pressedSprite":{"__uuid__":"e97GVMl6JHh5Ml5qEDdSGa"},"_N$hoverSprite":{"__uuid__":"e97GVMl6JHh5Ml5qEDdSGa"},"hoverSprite":{"__uuid__":"e97GVMl6JHh5Ml5qEDdSGa"},"_N$disabledSprite":{"__uuid__":"29FYIk+N1GYaeWH/q1NxQO"},"_N$target":{"__id__":24}},{"__type__":"cc.Node","_name":"sp_yuyin","_parent":{"__id__":3},"_children":[{"__id__":27}],"_components":[{"__type__":"cc.Label","node":{"__id__":26},"_materials":[{"__uuid__":"ecpdLyjvZBwrvm+cedCcQy"}],"_useOriginalSize":false,"_string":"语音聊天","_N$string":"语音聊天","_fontSize":38,"_lineHeight":45,"_N$file":{"__uuid__":"typdk345-cbe0-4203-a8ca-8141b2e63f4f"},"_isSystemFontUsed":false}],"_prefab":{"__type__":"cc.PrefabInfo","root":{"__id__":1},"asset":{"__uuid__":"typdk3c2-62b6-48f9-ab28-fa03d64c3e5c"},"fileId":"debb0rQX/dKRZHr9ozBVAqG"},"_color":{"__type__":"cc.Color","r":144,"g":86,"b":37},"_contentSize":{"__type__":"cc.Size","width":152,"height":56.7},"_trs":{"__type__":"TypedArray","ctor":"Float64Array","array":[-286.3,5,0,0,0,0,1,1,1,1]}},{"__type__":"cc.Node","_name":"Toggle4","_parent":{"__id__":26},"_children":[{"__id__":28}],"_components":[{"__id__":31}],"_prefab":{"__type__":"cc.PrefabInfo","root":{"__id__":1},"asset":{"__uuid__":"typdk3c2-62b6-48f9-ab28-fa03d64c3e5c"},"fileId":"c77a2EJYv5DkLK+0virXZtL"},"_contentSize":{"__type__":"cc.Size","width":70,"height":70},"_trs":{"__type__":"TypedArray","ctor":"Float64Array","array":[130,1,0,0,0,0,1,1,1,1]}},{"__type__":"cc.Node","_name":"Background","_parent":{"__id__":27},"_children":[{"__id__":29}],"_components":[{"__type__":"cc.Sprite","node":{"__id__":28},"_materials":[{"__uuid__":"ecpdLyjvZBwrvm+cedCcQy"}],"_spriteFrame":{"__uuid__":"typdk7e9-085e-4f86-a068-7a1d1df73240"},"_sizeMode":2}],"_prefab":{"__type__":"cc.PrefabInfo","root":{"__id__":1},"asset":{"__uuid__":"typdk3c2-62b6-48f9-ab28-fa03d64c3e5c"},"fileId":"756c7Qm/aBGtZVAdu4EwZ3Z"},"_contentSize":{"__type__":"cc.Size","width":51,"height":51},"_trs":{"__type__":"TypedArray","ctor":"Float64Array","array":[0,0,0,0,0,0,1,1,1,1]}},{"__type__":"cc.Node","_name":"checkmark","_parent":{"__id__":28},"_components":[{"__id__":30}],"_prefab":{"__type__":"cc.PrefabInfo","root":{"__id__":1},"asset":{"__uuid__":"typdk3c2-62b6-48f9-ab28-fa03d64c3e5c"},"fileId":"7a5904ML6VA0ooECHv2neDd"},"_contentSize":{"__type__":"cc.Size","width":38,"height":39},"_trs":{"__type__":"TypedArray","ctor":"Float64Array","array":[0,0,0,0,0,0,1,1,1,1]}},{"__type__":"cc.Sprite","node":{"__id__":29},"_materials":[{"__uuid__":"ecpdLyjvZBwrvm+cedCcQy"}],"_spriteFrame":{"__uuid__":"typdke31-c560-43ad-9e15-7526be7590a5"},"_sizeMode":2,"_isTrimmedMode":false},{"__type__":"cc.Toggle","node":{"__id__":27},"_N$transition":3,"transition":3,"_N$normalColor":{"__type__":"cc.Color","r":214,"g":214,"b":214},"_N$target":{"__id__":28},"checkMark":{"__id__":30},"checkEvents":[{"__type__":"cc.ClickEvent","target":{"__id__":1},"_componentId":"typdk6eb-cbb3-43dc-87f8-1c2f1ecbba30","handler":"OnClick_Toggle"}]},{"__type__":"cc.Node","_name":"sp_selecmusic","_parent":{"__id__":3},"_children":[{"__id__":33},{"__id__":34},{"__id__":39},{"__id__":44}],"_components":[{"__type__":"cc.ToggleContainer","node":{"__id__":32}}],"_prefab":{"__type__":"cc.PrefabInfo","root":{"__id__":1},"asset":{"__uuid__":"typdk3c2-62b6-48f9-ab28-fa03d64c3e5c"},"fileId":"dfFUnLuoJKq7WtZ3LyD4g5"},"_contentSize":{"__type__":"cc.Size","width":500,"height":61},"_trs":{"__type__":"TypedArray","ctor":"Float64Array","array":[-106,-150,0,0,0,0,1,1,1,1]}},{"__type__":"cc.Node","_name":"musicselect","_parent":{"__id__":32},"_components":[{"__type__":"cc.Label","node":{"__id__":33},"_materials":[{"__uuid__":"ecpdLyjvZBwrvm+cedCcQy"}],"_useOriginalSize":false,"_string":"音乐选择","_N$string":"音乐选择","_fontSize":38,"_lineHeight":45,"_N$file":{"__uuid__":"typdk345-cbe0-4203-a8ca-8141b2e63f4f"},"_isSystemFontUsed":false,"_N$horizontalAlign":1,"_N$verticalAlign":1}],"_prefab":{"__type__":"cc.PrefabInfo","root":{"__id__":1},"asset":{"__uuid__":"typdk3c2-62b6-48f9-ab28-fa03d64c3e5c"},"fileId":"5dXBXzz0dCM5jWd3CmPA2G"},"_color":{"__type__":"cc.Color","r":144,"g":86,"b":37},"_contentSize":{"__type__":"cc.Size","width":152,"height":56.7},"_trs":{"__type__":"TypedArray","ctor":"Float64Array","array":[-178.2,0,0,0,0,0,1,1,1,1]}},{"__type__":"cc.Node","_name":"Toggle21","_parent":{"__id__":32},"_children":[{"__id__":35},{"__id__":36}],"_components":[{"__type__":"cc.Toggle","node":{"__id__":34},"_N$transition":3,"transition":3,"_N$normalColor":{"__type__":"cc.Color","r":214,"g":214,"b":214},"_N$target":{"__id__":34},"checkMark":{"__id__":38},"checkEvents":[{"__type__":"cc.ClickEvent","target":{"__id__":1},"_componentId":"typdk6eb-cbb3-43dc-87f8-1c2f1ecbba30","handler":"OnClick_Toggle"}]}],"_prefab":{"__type__":"cc.PrefabInfo","root":{"__id__":1},"asset":{"__uuid__":"typdk3c2-62b6-48f9-ab28-fa03d64c3e5c"},"fileId":"0cPEDK5ANHAZ+rlc86hXPj"},"_contentSize":{"__type__":"cc.Size","width":50,"height":50},"_trs":{"__type__":"TypedArray","ctor":"Float64Array","array":[-47,3,0,0,0,0,1,1,1,1]}},{"__type__":"cc.Node","_name":"yinyue1","_parent":{"__id__":34},"_components":[{"__type__":"cc.Label","node":{"__id__":35},"_materials":[{"__uuid__":"ecpdLyjvZBwrvm+cedCcQy"}],"_useOriginalSize":false,"_string":"古典","_N$string":"古典","_fontSize":30,"_lineHeight":30,"_N$file":{"__uuid__":"typdk345-cbe0-4203-a8ca-8141b2e63f4f"},"_isSystemFontUsed":false,"_N$horizontalAlign":1,"_N$verticalAlign":1}],"_prefab":{"__type__":"cc.PrefabInfo","root":{"__id__":1},"asset":{"__uuid__":"typdk3c2-62b6-48f9-ab28-fa03d64c3e5c"},"fileId":"8bPxrArs9G8L++2LW1Hy6D"},"_color":{"__type__":"cc.Color","r":144,"g":86,"b":37},"_contentSize":{"__type__":"cc.Size","width":60,"height":37.8},"_trs":{"__type__":"TypedArray","ctor":"Float64Array","array":[70,0,0,0,0,0,1,1,1,1]}},{"__type__":"cc.Node","_name":"Background","_parent":{"__id__":34},"_children":[{"__id__":37}],"_components":[{"__type__":"cc.Sprite","node":{"__id__":36},"_materials":[{"__uuid__":"ecpdLyjvZBwrvm+cedCcQy"}],"_spriteFrame":{"__uuid__":"typdk7e9-085e-4f86-a068-7a1d1df73240"},"_sizeMode":2,"_isTrimmedMode":false}],"_prefab":{"__type__":"cc.PrefabInfo","root":{"__id__":1},"asset":{"__uuid__":"typdk3c2-62b6-48f9-ab28-fa03d64c3e5c"},"fileId":"62no7fuhVJG5g9Z0rR2PD6"},"_contentSize":{"__type__":"cc.Size","width":51,"height":51},"_trs":{"__type__":"TypedArray","ctor":"Float64Array","array":[0,0,0,0,0,0,1,1,1,1]}},{"__type__":"cc.Node","_name":"checkmark","_parent":{"__id__":36},"_components":[{"__id__":38}],"_prefab":{"__type__":"cc.PrefabInfo","root":{"__id__":1},"asset":{"__uuid__":"typdk3c2-62b6-48f9-ab28-fa03d64c3e5c"},"fileId":"f7HhrXS9lKVZ5rmSUIRkcC"},"_contentSize":{"__type__":"cc.Size","width":38,"height":39},"_trs":{"__type__":"TypedArray","ctor":"Float64Array","array":[0,0,0,0,0,0,1,1,1,1]}},{"__type__":"cc.Sprite","node":{"__id__":37},"_materials":[{"__uuid__":"ecpdLyjvZBwrvm+cedCcQy"}],"_spriteFrame":{"__uuid__":"typdke31-c560-43ad-9e15-7526be7590a5"},"_sizeMode":2,"_isTrimmedMode":false},{"__type__":"cc.Node","_name":"Toggle22","_parent":{"__id__":32},"_children":[{"__id__":40},{"__id__":41}],"_active":false,"_components":[{"__type__":"cc.Toggle","node":{"__id__":39},"_N$transition":3,"transition":3,"_N$normalColor":{"__type__":"cc.Color","r":214,"g":214,"b":214},"_N$target":{"__id__":39},"_N$isChecked":false,"checkMark":{"__id__":43},"checkEvents":[{"__type__":"cc.ClickEvent","target":{"__id__":1},"_componentId":"typdk6eb-cbb3-43dc-87f8-1c2f1ecbba30","handler":"OnClick_Toggle"}]}],"_prefab":{"__type__":"cc.PrefabInfo","root":{"__id__":1},"asset":{"__uuid__":"typdk3c2-62b6-48f9-ab28-fa03d64c3e5c"},"fileId":"f4vfc2z+pMOJBFdwFOGy9r"},"_contentSize":{"__type__":"cc.Size","width":50,"height":50},"_trs":{"__type__":"TypedArray","ctor":"Float64Array","array":[112,3,0,0,0,0,1,1,1,1]}},{"__type__":"cc.Node","_name":"yinyue2","_parent":{"__id__":39},"_components":[{"__type__":"cc.Label","node":{"__id__":40},"_materials":[{"__uuid__":"ecpdLyjvZBwrvm+cedCcQy"}],"_useOriginalSize":false,"_string":"欢乐","_N$string":"欢乐","_fontSize":30,"_lineHeight":30,"_N$file":{"__uuid__":"typdk345-cbe0-4203-a8ca-8141b2e63f4f"},"_isSystemFontUsed":false,"_N$horizontalAlign":1,"_N$verticalAlign":1}],"_prefab":{"__type__":"cc.PrefabInfo","root":{"__id__":1},"asset":{"__uuid__":"typdk3c2-62b6-48f9-ab28-fa03d64c3e5c"},"fileId":"01J9t9sZJKarRPZXZVy83M"},"_color":{"__type__":"cc.Color","r":144,"g":86,"b":37},"_contentSize":{"__type__":"cc.Size","width":60,"height":37.8},"_trs":{"__type__":"TypedArray","ctor":"Float64Array","array":[70,0,0,0,0,0,1,1,1,1]}},{"__type__":"cc.Node","_name":"Background","_parent":{"__id__":39},"_children":[{"__id__":42}],"_components":[{"__type__":"cc.Sprite","node":{"__id__":41},"_materials":[{"__uuid__":"ecpdLyjvZBwrvm+cedCcQy"}],"_spriteFrame":{"__uuid__":"typdk7e9-085e-4f86-a068-7a1d1df73240"},"_sizeMode":2,"_isTrimmedMode":false}],"_prefab":{"__type__":"cc.PrefabInfo","root":{"__id__":1},"asset":{"__uuid__":"typdk3c2-62b6-48f9-ab28-fa03d64c3e5c"},"fileId":"90PYdlsJtDEYeWGaaAtwlK"},"_contentSize":{"__type__":"cc.Size","width":51,"height":51},"_trs":{"__type__":"TypedArray","ctor":"Float64Array","array":[0,0,0,0,0,0,1,1,1,1]}},{"__type__":"cc.Node","_name":"checkmark","_parent":{"__id__":41},"_active":false,"_components":[{"__id__":43}],"_prefab":{"__type__":"cc.PrefabInfo","root":{"__id__":1},"asset":{"__uuid__":"typdk3c2-62b6-48f9-ab28-fa03d64c3e5c"},"fileId":"3fU+J1JCxDPoFidCUXYxs5"},"_contentSize":{"__type__":"cc.Size","width":38,"height":39},"_trs":{"__type__":"TypedArray","ctor":"Float64Array","array":[0,0,0,0,0,0,1,1,1,1]}},{"__type__":"cc.Sprite","node":{"__id__":42},"_spriteFrame":{"__uuid__":"typdke31-c560-43ad-9e15-7526be7590a5"},"_sizeMode":2,"_isTrimmedMode":false},{"__type__":"cc.Node","_name":"Toggle23","_parent":{"__id__":32},"_children":[{"__id__":45},{"__id__":46}],"_active":false,"_components":[{"__type__":"cc.Toggle","node":{"__id__":44},"_N$transition":3,"transition":3,"_N$normalColor":{"__type__":"cc.Color","r":214,"g":214,"b":214},"_N$target":{"__id__":44},"_N$isChecked":false,"checkMark":{"__id__":48},"checkEvents":[{"__type__":"cc.ClickEvent","target":{"__id__":1},"_componentId":"typdk6eb-cbb3-43dc-87f8-1c2f1ecbba30","handler":"OnClick_Toggle"}]}],"_prefab":{"__type__":"cc.PrefabInfo","root":{"__id__":1},"asset":{"__uuid__":"typdk3c2-62b6-48f9-ab28-fa03d64c3e5c"},"fileId":"f7MRKwnLZNEZrJ4jN+eggj"},"_contentSize":{"__type__":"cc.Size","width":50,"height":50},"_trs":{"__type__":"TypedArray","ctor":"Float64Array","array":[271,3,0,0,0,0,1,1,1,1]}},{"__type__":"cc.Node","_name":"yinyue3","_parent":{"__id__":44},"_components":[{"__type__":"cc.Label","node":{"__id__":45},"_materials":[{"__uuid__":"ecpdLyjvZBwrvm+cedCcQy"}],"_useOriginalSize":false,"_string":"现代","_N$string":"现代","_fontSize":30,"_lineHeight":30,"_N$file":{"__uuid__":"typdk345-cbe0-4203-a8ca-8141b2e63f4f"},"_isSystemFontUsed":false,"_N$horizontalAlign":1,"_N$verticalAlign":1}],"_prefab":{"__type__":"cc.PrefabInfo","root":{"__id__":1},"asset":{"__uuid__":"typdk3c2-62b6-48f9-ab28-fa03d64c3e5c"},"fileId":"fd4RPsNGRJwrEbAq64tT41"},"_color":{"__type__":"cc.Color","r":144,"g":86,"b":37},"_contentSize":{"__type__":"cc.Size","width":60,"height":37.8},"_trs":{"__type__":"TypedArray","ctor":"Float64Array","array":[70,0,0,0,0,0,1,1,1,1]}},{"__type__":"cc.Node","_name":"Background","_parent":{"__id__":44},"_children":[{"__id__":47}],"_components":[{"__type__":"cc.Sprite","node":{"__id__":46},"_materials":[{"__uuid__":"ecpdLyjvZBwrvm+cedCcQy"}],"_spriteFrame":{"__uuid__":"typdk7e9-085e-4f86-a068-7a1d1df73240"},"_sizeMode":2,"_isTrimmedMode":false}],"_prefab":{"__type__":"cc.PrefabInfo","root":{"__id__":1},"asset":{"__uuid__":"typdk3c2-62b6-48f9-ab28-fa03d64c3e5c"},"fileId":"b1H2relwdBnrC+vXdpCT4V"},"_contentSize":{"__type__":"cc.Size","width":51,"height":51},"_trs":{"__type__":"TypedArray","ctor":"Float64Array","array":[0,0,0,0,0,0,1,1,1,1]}},{"__type__":"cc.Node","_name":"checkmark","_parent":{"__id__":46},"_active":false,"_components":[{"__id__":48}],"_prefab":{"__type__":"cc.PrefabInfo","root":{"__id__":1},"asset":{"__uuid__":"typdk3c2-62b6-48f9-ab28-fa03d64c3e5c"},"fileId":"a08nty0fJGkrJbIuR6+K44"},"_contentSize":{"__type__":"cc.Size","width":38,"height":39},"_trs":{"__type__":"TypedArray","ctor":"Float64Array","array":[0,0,0,0,0,0,1,1,1,1]}},{"__type__":"cc.Sprite","node":{"__id__":47},"_spriteFrame":{"__uuid__":"typdke31-c560-43ad-9e15-7526be7590a5"},"_sizeMode":2,"_isTrimmedMode":false},{"__type__":"cc.Node","_name":"sp_language","_parent":{"__id__":3},"_children":[{"__id__":50},{"__id__":51},{"__id__":55}],"_active":false,"_components":[{"__type__":"cc.Sprite","node":{"__id__":49},"_isTrimmedMode":false},{"__type__":"cc.ToggleGroup","node":{"__id__":49}}],"_prefab":{"__type__":"cc.PrefabInfo","root":{"__id__":1},"asset":{"__uuid__":"typdk3c2-62b6-48f9-ab28-fa03d64c3e5c"},"fileId":"da505+cJcxLnYdWsfdSAg1o"},"_contentSize":{"__type__":"cc.Size","width":500,"height":60},"_trs":{"__type__":"TypedArray","ctor":"Float64Array","array":[-108,-64,0,0,0,0,1,1,1,1]}},{"__type__":"cc.Node","_name":"musicselect","_parent":{"__id__":49},"_components":[{"__type__":"cc.Label","node":{"__id__":50},"_useOriginalSize":false,"_string":"游戏音乐","_N$string":"游戏音乐","_fontSize":38,"_lineHeight":45,"_N$file":{"__uuid__":"typdk345-cbe0-4203-a8ca-8141b2e63f4f"},"_isSystemFontUsed":false,"_N$horizontalAlign":1,"_N$verticalAlign":1}],"_prefab":{"__type__":"cc.PrefabInfo","root":{"__id__":1},"asset":{"__uuid__":"typdk3c2-62b6-48f9-ab28-fa03d64c3e5c"},"fileId":"ae8fcJSyJNA3KCn9VYRq6GL"},"_color":{"__type__":"cc.Color","r":144,"g":86,"b":37},"_contentSize":{"__type__":"cc.Size","width":152,"height":45},"_trs":{"__type__":"TypedArray","ctor":"Float64Array","array":[-178.2,0,0,0,0,0,1,1,1,1]}},{"__type__":"cc.Node","_name":"btn_putong","_parent":{"__id__":49},"_children":[{"__id__":52},{"__id__":54}],"_components":[{"__type__":"cc.Button","node":{"__id__":51},"clickEvents":[{"__type__":"cc.ClickEvent","target":{"__id__":1},"_componentId":"typdk6eb-cbb3-43dc-87f8-1c2f1ecbba30","handler":"OnClick_BtnWnd"}],"_N$transition":3,"transition":3,"_N$normalColor":{"__type__":"cc.Color","r":214,"g":214,"b":214},"_N$target":{"__id__":51}},{"__type__":"cc.Sprite","node":{"__id__":51},"_spriteFrame":{"__uuid__":"typdk7e9-085e-4f86-a068-7a1d1df73240"}}],"_prefab":{"__type__":"cc.PrefabInfo","root":{"__id__":1},"asset":{"__uuid__":"typdk3c2-62b6-48f9-ab28-fa03d64c3e5c"},"fileId":"74943Timm1C/a0fZwXUQay4"},"_contentSize":{"__type__":"cc.Size","width":51,"height":51},"_trs":{"__type__":"TypedArray","ctor":"Float64Array","array":[-45,0,0,0,0,0,1,1,1,1]}},{"__type__":"cc.Node","_name":"xuanze","_parent":{"__id__":51},"_components":[{"__id__":53}],"_prefab":{"__type__":"cc.PrefabInfo","root":{"__id__":1},"asset":{"__uuid__":"typdk3c2-62b6-48f9-ab28-fa03d64c3e5c"},"fileId":"c66b3O/ZLxPCZl1friUmlow"},"_contentSize":{"__type__":"cc.Size","width":38,"height":39},"_trs":{"__type__":"TypedArray","ctor":"Float64Array","array":[0,0,0,0,0,0,1,1,1,1]}},{"__type__":"cc.Sprite","node":{"__id__":52},"_spriteFrame":{"__uuid__":"typdke31-c560-43ad-9e15-7526be7590a5"}},{"__type__":"cc.Node","_name":"lb","_parent":{"__id__":51},"_components":[{"__type__":"cc.Label","node":{"__id__":54},"_useOriginalSize":false,"_string":"普通话","_N$string":"普通话","_fontSize":30,"_lineHeight":34,"_N$file":{"__uuid__":"typdk345-cbe0-4203-a8ca-8141b2e63f4f"},"_isSystemFontUsed":false,"_N$horizontalAlign":1,"_N$verticalAlign":1}],"_prefab":{"__type__":"cc.PrefabInfo","root":{"__id__":1},"asset":{"__uuid__":"typdk3c2-62b6-48f9-ab28-fa03d64c3e5c"},"fileId":"2e790yrxEVHibXUaiohP8QB"},"_color":{"__type__":"cc.Color","r":144,"g":86,"b":37},"_contentSize":{"__type__":"cc.Size","width":90,"height":34},"_anchorPoint":{"__type__":"cc.Vec2","y":0.5},"_trs":{"__type__":"TypedArray","ctor":"Float64Array","array":[43,0,0,0,0,0,1,1,1,1]}},{"__type__":"cc.Node","_name":"btn_fangyan","_parent":{"__id__":49},"_children":[{"__id__":56},{"__id__":58}],"_active":false,"_components":[{"__type__":"cc.Button","node":{"__id__":55},"clickEvents":[{"__type__":"cc.ClickEvent","target":{"__id__":1},"_componentId":"typdk6eb-cbb3-43dc-87f8-1c2f1ecbba30","handler":"OnClick_BtnWnd"}],"_N$transition":3,"transition":3,"_N$normalColor":{"__type__":"cc.Color","r":214,"g":214,"b":214},"_N$target":{"__id__":55}},{"__type__":"cc.Sprite","node":{"__id__":55},"_spriteFrame":{"__uuid__":"typdk7e9-085e-4f86-a068-7a1d1df73240"}}],"_prefab":{"__type__":"cc.PrefabInfo","root":{"__id__":1},"asset":{"__uuid__":"typdk3c2-62b6-48f9-ab28-fa03d64c3e5c"},"fileId":"0eaab7QnZtKeIY/3RoCw17W"},"_contentSize":{"__type__":"cc.Size","width":51,"height":51},"_trs":{"__type__":"TypedArray","ctor":"Float64Array","array":[-47,0,0,0,0,0,1,1,1,1]}},{"__type__":"cc.Node","_name":"xuanze","_parent":{"__id__":55},"_components":[{"__id__":57}],"_prefab":{"__type__":"cc.PrefabInfo","root":{"__id__":1},"asset":{"__uuid__":"typdk3c2-62b6-48f9-ab28-fa03d64c3e5c"},"fileId":"d3007Y3RONDe78Ftt95lEAf"},"_contentSize":{"__type__":"cc.Size","width":38,"height":39},"_trs":{"__type__":"TypedArray","ctor":"Float64Array","array":[0,0,0,0,0,0,1,1,1,1]}},{"__type__":"cc.Sprite","node":{"__id__":56},"_spriteFrame":{"__uuid__":"typdke31-c560-43ad-9e15-7526be7590a5"}},{"__type__":"cc.Node","_name":"lb","_parent":{"__id__":55},"_components":[{"__type__":"cc.Label","node":{"__id__":58},"_useOriginalSize":false,"_string":"方言","_N$string":"方言","_fontSize":30,"_lineHeight":34,"_N$file":{"__uuid__":"typdk345-cbe0-4203-a8ca-8141b2e63f4f"},"_isSystemFontUsed":false,"_N$horizontalAlign":1,"_N$verticalAlign":1}],"_prefab":{"__type__":"cc.PrefabInfo","root":{"__id__":1},"asset":{"__uuid__":"typdk3c2-62b6-48f9-ab28-fa03d64c3e5c"},"fileId":"947f2/UcCVOpLH1vixy65AV"},"_color":{"__type__":"cc.Color","r":144,"g":86,"b":37},"_contentSize":{"__type__":"cc.Size","width":60,"height":34},"_anchorPoint":{"__type__":"cc.Vec2","y":0.5},"_trs":{"__type__":"TypedArray","ctor":"Float64Array","array":[43,0,0,0,0,0,1,1,1,1]}},{"__type__":"cc.Node","_name":"sp_selecCardScale","_parent":{"__id__":3},"_children":[{"__id__":60},{"__id__":61},{"__id__":66},{"__id__":71},{"__id__":76}],"_active":false,"_components":[{"__type__":"cc.ToggleContainer","node":{"__id__":59}}],"_prefab":{"__type__":"cc.PrefabInfo","root":{"__id__":1},"asset":{"__uuid__":"typdk3c2-62b6-48f9-ab28-fa03d64c3e5c"},"fileId":"6aIK/UgL5MTL803NMXHcJc"},"_contentSize":{"__type__":"cc.Size","width":500,"height":61},"_trs":{"__type__":"TypedArray","ctor":"Float64Array","array":[-106,-69,0,0,0,0,1,1,1,1]}},{"__type__":"cc.Node","_name":"musicselect","_parent":{"__id__":59},"_components":[{"__type__":"cc.Label","node":{"__id__":60},"_materials":[{"__uuid__":"ecpdLyjvZBwrvm+cedCcQy"}],"_useOriginalSize":false,"_string":"手牌大小","_N$string":"手牌大小","_fontSize":38,"_lineHeight":45,"_N$file":{"__uuid__":"typdk345-cbe0-4203-a8ca-8141b2e63f4f"},"_isSystemFontUsed":false,"_N$horizontalAlign":1,"_N$verticalAlign":1}],"_prefab":{"__type__":"cc.PrefabInfo","root":{"__id__":1},"asset":{"__uuid__":"typdk3c2-62b6-48f9-ab28-fa03d64c3e5c"},"fileId":"d8vz/PRmlLL7Ytab7tKr2U"},"_color":{"__type__":"cc.Color","r":144,"g":86,"b":37},"_contentSize":{"__type__":"cc.Size","width":152,"height":56.7},"_trs":{"__type__":"TypedArray","ctor":"Float64Array","array":[-178.2,0,0,0,0,0,1,1,1,1]}},{"__type__":"cc.Node","_name":"Toggle31","_parent":{"__id__":59},"_children":[{"__id__":62},{"__id__":63}],"_components":[{"__type__":"cc.Toggle","node":{"__id__":61},"_N$transition":3,"transition":3,"_N$normalColor":{"__type__":"cc.Color","r":214,"g":214,"b":214},"_N$target":{"__id__":61},"_N$isChecked":false,"checkMark":{"__id__":65},"checkEvents":[{"__type__":"cc.ClickEvent","target":{"__id__":1},"_componentId":"typdk6eb-cbb3-43dc-87f8-1c2f1ecbba30","handler":"OnClick_Toggle"}]}],"_prefab":{"__type__":"cc.PrefabInfo","root":{"__id__":1},"asset":{"__uuid__":"typdk3c2-62b6-48f9-ab28-fa03d64c3e5c"},"fileId":"d1WNZdY0BDH5aKyBlmuIOb"},"_contentSize":{"__type__":"cc.Size","width":50,"height":50},"_trs":{"__type__":"TypedArray","ctor":"Float64Array","array":[-47,3,0,0,0,0,1,1,1,1]}},{"__type__":"cc.Node","_name":"yinyue1","_parent":{"__id__":61},"_components":[{"__type__":"cc.Label","node":{"__id__":62},"_materials":[{"__uuid__":"ecpdLyjvZBwrvm+cedCcQy"}],"_useOriginalSize":false,"_string":"1.2倍","_N$string":"1.2倍","_fontSize":30,"_lineHeight":30,"_N$file":{"__uuid__":"typdk345-cbe0-4203-a8ca-8141b2e63f4f"},"_isSystemFontUsed":false,"_N$horizontalAlign":1,"_N$verticalAlign":1}],"_prefab":{"__type__":"cc.PrefabInfo","root":{"__id__":1},"asset":{"__uuid__":"typdk3c2-62b6-48f9-ab28-fa03d64c3e5c"},"fileId":"01ulxYf5JMYo4T8xEFhhnP"},"_color":{"__type__":"cc.Color","r":144,"g":86,"b":37},"_contentSize":{"__type__":"cc.Size","width":66.09,"height":37.8},"_trs":{"__type__":"TypedArray","ctor":"Float64Array","array":[70,0,0,0,0,0,1,1,1,1]}},{"__type__":"cc.Node","_name":"Background","_parent":{"__id__":61},"_children":[{"__id__":64}],"_components":[{"__type__":"cc.Sprite","node":{"__id__":63},"_materials":[{"__uuid__":"ecpdLyjvZBwrvm+cedCcQy"}],"_spriteFrame":{"__uuid__":"typdk7e9-085e-4f86-a068-7a1d1df73240"},"_sizeMode":2,"_isTrimmedMode":false}],"_prefab":{"__type__":"cc.PrefabInfo","root":{"__id__":1},"asset":{"__uuid__":"typdk3c2-62b6-48f9-ab28-fa03d64c3e5c"},"fileId":"71SgjgX4VIeqKF6tf+Iln2"},"_contentSize":{"__type__":"cc.Size","width":51,"height":51},"_trs":{"__type__":"TypedArray","ctor":"Float64Array","array":[0,0,0,0,0,0,1,1,1,1]}},{"__type__":"cc.Node","_name":"checkmark","_parent":{"__id__":63},"_active":false,"_components":[{"__id__":65}],"_prefab":{"__type__":"cc.PrefabInfo","root":{"__id__":1},"asset":{"__uuid__":"typdk3c2-62b6-48f9-ab28-fa03d64c3e5c"},"fileId":"17xN2+xv1Kvaurmk1vzNAo"},"_contentSize":{"__type__":"cc.Size","width":38,"height":39},"_trs":{"__type__":"TypedArray","ctor":"Float64Array","array":[0,0,0,0,0,0,1,1,1,1]}},{"__type__":"cc.Sprite","node":{"__id__":64},"_spriteFrame":{"__uuid__":"typdke31-c560-43ad-9e15-7526be7590a5"},"_sizeMode":2,"_isTrimmedMode":false},{"__type__":"cc.Node","_name":"Toggle32","_parent":{"__id__":59},"_children":[{"__id__":67},{"__id__":68}],"_components":[{"__type__":"cc.Toggle","node":{"__id__":66},"_N$transition":3,"transition":3,"_N$normalColor":{"__type__":"cc.Color","r":214,"g":214,"b":214},"_N$target":{"__id__":66},"_N$isChecked":false,"checkMark":{"__id__":70},"checkEvents":[{"__type__":"cc.ClickEvent","target":{"__id__":1},"_componentId":"typdk6eb-cbb3-43dc-87f8-1c2f1ecbba30","handler":"OnClick_Toggle"}]}],"_prefab":{"__type__":"cc.PrefabInfo","root":{"__id__":1},"asset":{"__uuid__":"typdk3c2-62b6-48f9-ab28-fa03d64c3e5c"},"fileId":"609AdDx/9PVKEDoA+nzWbt"},"_contentSize":{"__type__":"cc.Size","width":50,"height":50},"_trs":{"__type__":"TypedArray","ctor":"Float64Array","array":[86,3,0,0,0,0,1,1,1,1]}},{"__type__":"cc.Node","_name":"yinyue2","_parent":{"__id__":66},"_components":[{"__type__":"cc.Label","node":{"__id__":67},"_materials":[{"__uuid__":"ecpdLyjvZBwrvm+cedCcQy"}],"_useOriginalSize":false,"_string":"1.3倍","_N$string":"1.3倍","_fontSize":30,"_lineHeight":30,"_N$file":{"__uuid__":"typdk345-cbe0-4203-a8ca-8141b2e63f4f"},"_isSystemFontUsed":false,"_N$horizontalAlign":1,"_N$verticalAlign":1}],"_prefab":{"__type__":"cc.PrefabInfo","root":{"__id__":1},"asset":{"__uuid__":"typdk3c2-62b6-48f9-ab28-fa03d64c3e5c"},"fileId":"74c9OMWpBCd42muO2RYvqx"},"_color":{"__type__":"cc.Color","r":144,"g":86,"b":37},"_contentSize":{"__type__":"cc.Size","width":66.09,"height":37.8},"_trs":{"__type__":"TypedArray","ctor":"Float64Array","array":[70,0,0,0,0,0,1,1,1,1]}},{"__type__":"cc.Node","_name":"Background","_parent":{"__id__":66},"_children":[{"__id__":69}],"_components":[{"__type__":"cc.Sprite","node":{"__id__":68},"_materials":[{"__uuid__":"ecpdLyjvZBwrvm+cedCcQy"}],"_spriteFrame":{"__uuid__":"typdk7e9-085e-4f86-a068-7a1d1df73240"},"_sizeMode":2,"_isTrimmedMode":false}],"_prefab":{"__type__":"cc.PrefabInfo","root":{"__id__":1},"asset":{"__uuid__":"typdk3c2-62b6-48f9-ab28-fa03d64c3e5c"},"fileId":"1f5c9QCvJIFZD7/oRfAuSG"},"_contentSize":{"__type__":"cc.Size","width":51,"height":51},"_trs":{"__type__":"TypedArray","ctor":"Float64Array","array":[0,0,0,0,0,0,1,1,1,1]}},{"__type__":"cc.Node","_name":"checkmark","_parent":{"__id__":68},"_active":false,"_components":[{"__id__":70}],"_prefab":{"__type__":"cc.PrefabInfo","root":{"__id__":1},"asset":{"__uuid__":"typdk3c2-62b6-48f9-ab28-fa03d64c3e5c"},"fileId":"c7661Ghq5EU57wlkLY5Ccw"},"_contentSize":{"__type__":"cc.Size","width":38,"height":39},"_trs":{"__type__":"TypedArray","ctor":"Float64Array","array":[0,0,0,0,0,0,1,1,1,1]}},{"__type__":"cc.Sprite","node":{"__id__":69},"_spriteFrame":{"__uuid__":"typdke31-c560-43ad-9e15-7526be7590a5"},"_sizeMode":2,"_isTrimmedMode":false},{"__type__":"cc.Node","_name":"Toggle33","_parent":{"__id__":59},"_children":[{"__id__":72},{"__id__":73}],"_components":[{"__type__":"cc.Toggle","node":{"__id__":71},"_N$transition":3,"transition":3,"_N$normalColor":{"__type__":"cc.Color","r":214,"g":214,"b":214},"_N$target":{"__id__":71},"checkMark":{"__id__":75},"checkEvents":[{"__type__":"cc.ClickEvent","target":{"__id__":1},"_componentId":"typdk6eb-cbb3-43dc-87f8-1c2f1ecbba30","handler":"OnClick_Toggle"}]}],"_prefab":{"__type__":"cc.PrefabInfo","root":{"__id__":1},"asset":{"__uuid__":"typdk3c2-62b6-48f9-ab28-fa03d64c3e5c"},"fileId":"e80pJf6xRFl5IgVM3QheX2"},"_contentSize":{"__type__":"cc.Size","width":50,"height":50},"_trs":{"__type__":"TypedArray","ctor":"Float64Array","array":[221,3,0,0,0,0,1,1,1,1]}},{"__type__":"cc.Node","_name":"yinyue3","_parent":{"__id__":71},"_components":[{"__type__":"cc.Label","node":{"__id__":72},"_materials":[{"__uuid__":"ecpdLyjvZBwrvm+cedCcQy"}],"_useOriginalSize":false,"_string":"1.4倍","_N$string":"1.4倍","_fontSize":30,"_lineHeight":30,"_N$file":{"__uuid__":"typdk345-cbe0-4203-a8ca-8141b2e63f4f"},"_isSystemFontUsed":false,"_N$horizontalAlign":1,"_N$verticalAlign":1}],"_prefab":{"__type__":"cc.PrefabInfo","root":{"__id__":1},"asset":{"__uuid__":"typdk3c2-62b6-48f9-ab28-fa03d64c3e5c"},"fileId":"b3JIdnRypGWq4QQkqj4KRN"},"_color":{"__type__":"cc.Color","r":144,"g":86,"b":37},"_contentSize":{"__type__":"cc.Size","width":66.09,"height":37.8},"_trs":{"__type__":"TypedArray","ctor":"Float64Array","array":[70,0,0,0,0,0,1,1,1,1]}},{"__type__":"cc.Node","_name":"Background","_parent":{"__id__":71},"_children":[{"__id__":74}],"_components":[{"__type__":"cc.Sprite","node":{"__id__":73},"_materials":[{"__uuid__":"ecpdLyjvZBwrvm+cedCcQy"}],"_spriteFrame":{"__uuid__":"typdk7e9-085e-4f86-a068-7a1d1df73240"},"_sizeMode":2,"_isTrimmedMode":false}],"_prefab":{"__type__":"cc.PrefabInfo","root":{"__id__":1},"asset":{"__uuid__":"typdk3c2-62b6-48f9-ab28-fa03d64c3e5c"},"fileId":"15ISE9EoJEOapBp69oaM8a"},"_contentSize":{"__type__":"cc.Size","width":51,"height":51},"_trs":{"__type__":"TypedArray","ctor":"Float64Array","array":[0,0,0,0,0,0,1,1,1,1]}},{"__type__":"cc.Node","_name":"checkmark","_parent":{"__id__":73},"_components":[{"__id__":75}],"_prefab":{"__type__":"cc.PrefabInfo","root":{"__id__":1},"asset":{"__uuid__":"typdk3c2-62b6-48f9-ab28-fa03d64c3e5c"},"fileId":"0afO42IPFCaYeYqssdhEcP"},"_contentSize":{"__type__":"cc.Size","width":38,"height":39},"_trs":{"__type__":"TypedArray","ctor":"Float64Array","array":[0,0,0,0,0,0,1,1,1,1]}},{"__type__":"cc.Sprite","node":{"__id__":74},"_materials":[{"__uuid__":"ecpdLyjvZBwrvm+cedCcQy"}],"_spriteFrame":{"__uuid__":"typdke31-c560-43ad-9e15-7526be7590a5"},"_sizeMode":2,"_isTrimmedMode":false},{"__type__":"cc.Node","_name":"Toggle34","_parent":{"__id__":59},"_children":[{"__id__":77},{"__id__":78}],"_active":false,"_components":[{"__type__":"cc.Toggle","node":{"__id__":76},"_N$transition":3,"transition":3,"_N$normalColor":{"__type__":"cc.Color","r":214,"g":214,"b":214},"_N$target":{"__id__":76},"_N$isChecked":false,"checkMark":{"__id__":80},"checkEvents":[{"__type__":"cc.ClickEvent","target":{"__id__":1},"_componentId":"typdk6eb-cbb3-43dc-87f8-1c2f1ecbba30","handler":"OnClick_Toggle"}]}],"_prefab":{"__type__":"cc.PrefabInfo","root":{"__id__":1},"asset":{"__uuid__":"typdk3c2-62b6-48f9-ab28-fa03d64c3e5c"},"fileId":"a50m+yvYdCBpvwfCkakw6l"},"_contentSize":{"__type__":"cc.Size","width":50,"height":50},"_trs":{"__type__":"TypedArray","ctor":"Float64Array","array":[357,3,0,0,0,0,1,1,1,1]}},{"__type__":"cc.Node","_name":"yinyue3","_parent":{"__id__":76},"_components":[{"__type__":"cc.Label","node":{"__id__":77},"_useOriginalSize":false,"_string":"1.5倍","_N$string":"1.5倍","_fontSize":30,"_lineHeight":30,"_N$file":{"__uuid__":"typdk345-cbe0-4203-a8ca-8141b2e63f4f"},"_isSystemFontUsed":false,"_N$horizontalAlign":1,"_N$verticalAlign":1}],"_prefab":{"__type__":"cc.PrefabInfo","root":{"__id__":1},"asset":{"__uuid__":"typdk3c2-62b6-48f9-ab28-fa03d64c3e5c"},"fileId":"00+fNSmV1FgKAJm4kPmoFj"},"_color":{"__type__":"cc.Color","r":144,"g":86,"b":37},"_contentSize":{"__type__":"cc.Size","width":66.09,"height":30},"_trs":{"__type__":"TypedArray","ctor":"Float64Array","array":[70,0,0,0,0,0,1,1,1,1]}},{"__type__":"cc.Node","_name":"Background","_parent":{"__id__":76},"_children":[{"__id__":79}],"_components":[{"__type__":"cc.Sprite","node":{"__id__":78},"_spriteFrame":{"__uuid__":"typdk7e9-085e-4f86-a068-7a1d1df73240"},"_sizeMode":2,"_isTrimmedMode":false}],"_prefab":{"__type__":"cc.PrefabInfo","root":{"__id__":1},"asset":{"__uuid__":"typdk3c2-62b6-48f9-ab28-fa03d64c3e5c"},"fileId":"10E9bfwIBFGJ1uP9Cv3tiN"},"_contentSize":{"__type__":"cc.Size","width":51,"height":51},"_trs":{"__type__":"TypedArray","ctor":"Float64Array","array":[0,0,0,0,0,0,1,1,1,1]}},{"__type__":"cc.Node","_name":"checkmark","_parent":{"__id__":78},"_active":false,"_components":[{"__id__":80}],"_prefab":{"__type__":"cc.PrefabInfo","root":{"__id__":1},"asset":{"__uuid__":"typdk3c2-62b6-48f9-ab28-fa03d64c3e5c"},"fileId":"b2hRlXc4dCGZHnPwr9wxiV"},"_contentSize":{"__type__":"cc.Size","width":38,"height":39},"_trs":{"__type__":"TypedArray","ctor":"Float64Array","array":[0,0,0,0,0,0,1,1,1,1]}},{"__type__":"cc.Sprite","node":{"__id__":79},"_spriteFrame":{"__uuid__":"typdke31-c560-43ad-9e15-7526be7590a5"},"_sizeMode":2,"_isTrimmedMode":false},{"__type__":"cc.Node","_name":"sp_scene","_parent":{"__id__":3},"_children":[{"__id__":82},{"__id__":84},{"__id__":86},{"__id__":88}],"_components":[{"__type__":"cc.Layout","node":{"__id__":81},"_layoutSize":{"__type__":"cc.Size","width":300,"height":238},"_resize":1,"_N$layoutType":2,"_N$spacingY":30}],"_prefab":{"__type__":"cc.PrefabInfo","root":{"__id__":1},"asset":{"__uuid__":"typdk3c2-62b6-48f9-ab28-fa03d64c3e5c"},"fileId":"c4AFz+ubZM7YprLmTFXu9j"},"_contentSize":{"__type__":"cc.Size","width":300,"height":238},"_anchorPoint":{"__type__":"cc.Vec2","x":0.5,"y":1},"_trs":{"__type__":"TypedArray","ctor":"Float64Array","array":[305.789,188.95,0,0,0,0,1,0.8,0.8,1]}},{"__type__":"cc.Node","_name":"btn_bg1","_parent":{"__id__":81},"_children":[{"__id__":83}],"_active":false,"_components":[{"__type__":"cc.Sprite","node":{"__id__":82},"_materials":[{"__uuid__":"ecpdLyjvZBwrvm+cedCcQy"}],"_spriteFrame":{"__uuid__":"typdkcd7-2daa-49ef-a874-954e4db121ea"}},{"__type__":"cc.Button","node":{"__id__":82},"clickEvents":[{"__type__":"cc.ClickEvent","target":{"__id__":1},"_componentId":"typdk6eb-cbb3-43dc-87f8-1c2f1ecbba30","handler":"OnClick_BtnWnd"}],"_N$target":{"__id__":82}}],"_prefab":{"__type__":"cc.PrefabInfo","root":{"__id__":1},"asset":{"__uuid__":"typdk3c2-62b6-48f9-ab28-fa03d64c3e5c"},"fileId":"c3sb7LOERCYLLA8zK2GCJi"},"_contentSize":{"__type__":"cc.Size","width":150,"height":104},"_trs":{"__type__":"TypedArray","ctor":"Float64Array","array":[0,-52,0,0,0,0,1,1,1,1]}},{"__type__":"cc.Node","_name":"check","_parent":{"__id__":82},"_components":[{"__type__":"cc.Sprite","node":{"__id__":83},"_materials":[{"__uuid__":"ecpdLyjvZBwrvm+cedCcQy"}],"_spriteFrame":{"__uuid__":"typdkaf9-33be-493b-918d-6a86a7d6ade7"}}],"_prefab":{"__type__":"cc.PrefabInfo","root":{"__id__":1},"asset":{"__uuid__":"typdk3c2-62b6-48f9-ab28-fa03d64c3e5c"},"fileId":"149Wsx/MxC642O4knu5xMF"},"_contentSize":{"__type__":"cc.Size","width":152,"height":106},"_trs":{"__type__":"TypedArray","ctor":"Float64Array","array":[0,0,0,0,0,0,1,1,1,1]}},{"__type__":"cc.Node","_name":"btn_bg2","_parent":{"__id__":81},"_children":[{"__id__":85}],"_active":false,"_components":[{"__type__":"cc.Sprite","node":{"__id__":84},"_materials":[{"__uuid__":"ecpdLyjvZBwrvm+cedCcQy"}],"_spriteFrame":{"__uuid__":"typdk4f1-3ce9-411e-b639-b8c4ebcbdd68"}},{"__type__":"cc.Button","node":{"__id__":84},"clickEvents":[{"__type__":"cc.ClickEvent","target":{"__id__":1},"_componentId":"typdk6eb-cbb3-43dc-87f8-1c2f1ecbba30","handler":"OnClick_BtnWnd"}],"_N$target":{"__id__":84}}],"_prefab":{"__type__":"cc.PrefabInfo","root":{"__id__":1},"asset":{"__uuid__":"typdk3c2-62b6-48f9-ab28-fa03d64c3e5c"},"fileId":"31VW8TGQtIVY9tFs0JI3QR"},"_contentSize":{"__type__":"cc.Size","width":150,"height":104},"_trs":{"__type__":"TypedArray","ctor":"Float64Array","array":[0,-186,0,0,0,0,1,1,1,1]}},{"__type__":"cc.Node","_name":"check","_parent":{"__id__":84},"_components":[{"__type__":"cc.Sprite","node":{"__id__":85},"_materials":[{"__uuid__":"ecpdLyjvZBwrvm+cedCcQy"}],"_spriteFrame":{"__uuid__":"typdkaf9-33be-493b-918d-6a86a7d6ade7"}}],"_prefab":{"__type__":"cc.PrefabInfo","root":{"__id__":1},"asset":{"__uuid__":"typdk3c2-62b6-48f9-ab28-fa03d64c3e5c"},"fileId":"a1SrBPKC1LC5oW39jLeBHM"},"_contentSize":{"__type__":"cc.Size","width":152,"height":106},"_trs":{"__type__":"TypedArray","ctor":"Float64Array","array":[0,0,0,0,0,0,1,1,1,1]}},{"__type__":"cc.Node","_name":"btn_bg3","_parent":{"__id__":81},"_children":[{"__id__":87}],"_components":[{"__type__":"cc.Sprite","node":{"__id__":86},"_materials":[{"__uuid__":"ecpdLyjvZBwrvm+cedCcQy"}],"_spriteFrame":{"__uuid__":"aaA8AMWY9FlrDMEJgbm95l"}},{"__type__":"cc.Button","node":{"__id__":86},"clickEvents":[{"__type__":"cc.ClickEvent","target":{"__id__":1},"_componentId":"typdk6eb-cbb3-43dc-87f8-1c2f1ecbba30","handler":"OnClick_BtnWnd"}],"_N$target":{"__id__":86}}],"_prefab":{"__type__":"cc.PrefabInfo","root":{"__id__":1},"asset":{"__uuid__":"typdk3c2-62b6-48f9-ab28-fa03d64c3e5c"},"fileId":"5a7Qj9Y5NIO6TTkY6IcWmq"},"_contentSize":{"__type__":"cc.Size","width":150,"height":104},"_trs":{"__type__":"TypedArray","ctor":"Float64Array","array":[0,-52,0,0,0,0,1,1,1,1]}},{"__type__":"cc.Node","_name":"check","_parent":{"__id__":86},"_components":[{"__type__":"cc.Sprite","node":{"__id__":87},"_materials":[{"__uuid__":"ecpdLyjvZBwrvm+cedCcQy"}],"_spriteFrame":{"__uuid__":"typdkaf9-33be-493b-918d-6a86a7d6ade7"}}],"_prefab":{"__type__":"cc.PrefabInfo","root":{"__id__":1},"asset":{"__uuid__":"typdk3c2-62b6-48f9-ab28-fa03d64c3e5c"},"fileId":"77y3b1t3pBnajWXN4TO/9R"},"_contentSize":{"__type__":"cc.Size","width":152,"height":106},"_trs":{"__type__":"TypedArray","ctor":"Float64Array","array":[0,0,0,0,0,0,1,1,1,1]}},{"__type__":"cc.Node","_name":"btn_bg4","_parent":{"__id__":81},"_children":[{"__id__":89}],"_components":[{"__type__":"cc.Sprite","node":{"__id__":88},"_materials":[{"__uuid__":"ecpdLyjvZBwrvm+cedCcQy"}],"_spriteFrame":{"__uuid__":"995A2zY4dD0I+5iKyKEen3"}},{"__type__":"cc.Button","node":{"__id__":88},"clickEvents":[{"__type__":"cc.ClickEvent","target":{"__id__":1},"_componentId":"typdk6eb-cbb3-43dc-87f8-1c2f1ecbba30","handler":"OnClick_BtnWnd"}],"_N$target":{"__id__":88}}],"_prefab":{"__type__":"cc.PrefabInfo","root":{"__id__":1},"asset":{"__uuid__":"typdk3c2-62b6-48f9-ab28-fa03d64c3e5c"},"fileId":"96Qqb70k1DBoZSCnDFcRus"},"_contentSize":{"__type__":"cc.Size","width":150,"height":104},"_trs":{"__type__":"TypedArray","ctor":"Float64Array","array":[0,-186,0,0,0,0,1,1,1,1]}},{"__type__":"cc.Node","_name":"check","_parent":{"__id__":88},"_components":[{"__type__":"cc.Sprite","node":{"__id__":89},"_materials":[{"__uuid__":"ecpdLyjvZBwrvm+cedCcQy"}],"_spriteFrame":{"__uuid__":"typdkaf9-33be-493b-918d-6a86a7d6ade7"}}],"_prefab":{"__type__":"cc.PrefabInfo","root":{"__id__":1},"asset":{"__uuid__":"typdk3c2-62b6-48f9-ab28-fa03d64c3e5c"},"fileId":"5fykp1BL9M76CajMnudikK"},"_contentSize":{"__type__":"cc.Size","width":152,"height":106},"_trs":{"__type__":"TypedArray","ctor":"Float64Array","array":[0,0,0,0,0,0,1,1,1,1]}},{"__type__":"cc.Node","_name":"btn_close","_parent":{"__id__":1},"_components":[{"__type__":"cc.Button","node":{"__id__":90},"zoomScale":0.9,"clickEvents":[{"__type__":"cc.ClickEvent","target":{"__id__":1},"_componentId":"typdk6eb-cbb3-43dc-87f8-1c2f1ecbba30","handler":"OnClick_Close"}],"_N$transition":3,"transition":3,"_N$pressedColor":{"__type__":"cc.Color","r":255,"g":255,"b":255},"pressedColor":{"__type__":"cc.Color","r":255,"g":255,"b":255},"_N$disabledColor":{"__type__":"cc.Color","r":255,"g":255,"b":255},"_N$pressedSprite":{"__uuid__":"e97GVMl6JHh5Ml5qEDdSGa"},"pressedSprite":{"__uuid__":"e97GVMl6JHh5Ml5qEDdSGa"},"_N$hoverSprite":{"__uuid__":"e97GVMl6JHh5Ml5qEDdSGa"},"hoverSprite":{"__uuid__":"e97GVMl6JHh5Ml5qEDdSGa"},"_N$disabledSprite":{"__uuid__":"29FYIk+N1GYaeWH/q1NxQO"},"_N$target":{"__id__":90}},{"__type__":"cc.Sprite","node":{"__id__":90},"_materials":[{"__uuid__":"ecpdLyjvZBwrvm+cedCcQy"}],"_spriteFrame":{"__uuid__":"typdked7-f3a2-49f2-bdae-92ddc74dd698"}}],"_prefab":{"__type__":"cc.PrefabInfo","root":{"__id__":1},"asset":{"__uuid__":"typdk3c2-62b6-48f9-ab28-fa03d64c3e5c"},"fileId":"f0fa4EPXyxGfoRbDPAiAIGe"},"_contentSize":{"__type__":"cc.Size","width":79,"height":80},"_trs":{"__type__":"TypedArray","ctor":"Float64Array","array":[433,248,0,0,0,0,1,1,1,1]}}],{"__type__":"cc.SpriteFrame","content":{"name":"img_2D","texture":"typdk7e7-dea8-4a74-b308-f3fe2cc838fc","rect":[0,0,150,104],"offset":[0,0],"originalSize":[150,104],"capInsets":[0,0,0,0]}},{"__type__":"cc.SpriteFrame","content":{"name":"img_dxk01","texture":"typdk08b-723e-4dfb-af99-12d2e6c410bb","rect":[0,0,51,51],"offset":[0,0],"originalSize":[51,51],"capInsets":[0,0,0,0]}},{"__type__":"cc.SpriteFrame","content":{"name":"slide_01","texture":"typdka56-c384-418d-acde-db7fdea1ae89","rect":[1,0,72,45],"offset":[0.5,0],"originalSize":[73,45],"capInsets":[0,0,0,0]}},{"__type__":"cc.SpriteFrame","content":{"name":"title_set","texture":"typdk476-f413-4a8d-aeba-449eace2cff5","rect":[0,0,168,43],"offset":[0,0.5],"originalSize":[168,44],"capInsets":[0,0,0,0]}},{"__type__":"cc.SpriteFrame","content":{"name":"img_dz","texture":"typdk31c-160e-4406-b0a5-93972e3e65c6","rect":[0,0,152,106],"offset":[0,0],"originalSize":[152,106],"capInsets":[0,0,0,0]}},{"__type__":"cc.SpriteFrame","content":{"name":"icon_selectBg","texture":"typdka7e-8ad7-440c-b8e8-629d6b71ab0d","rect":[0,0,60,60],"offset":[0,0],"originalSize":[60,60],"capInsets":[0,0,0,0]}},{"__type__":"cc.SpriteFrame","content":{"name":"bg_title","texture":"typdk44d-7511-4e17-9980-14de89fbcf7e","rect":[1,0,473,87],"offset":[0,0],"originalSize":[475,87],"capInsets":[0,0,0,0]}},{"__type__":"cc.SpriteFrame","content":{"name":"img_bz","texture":"typdka68-25c5-4015-ba2f-005e33b9faba","rect":[0,0,150,104],"offset":[0,0],"originalSize":[150,104],"capInsets":[0,0,0,0]}},{"__type__":"cc.SpriteFrame","content":{"name":"slide_02","texture":"typdk29b-b6be-4a9a-88a4-6337fce5e7fd","rect":[5,4,373,26],"offset":[0,1.5],"originalSize":[383,37],"capInsets":[0,0,0,0]}},{"__type__":"cc.SpriteFrame","content":{"name":"bg","texture":"typdk036-8a0c-4d92-8561-c45e53fa19cc","rect":[0,0,21,63],"offset":[0,0],"originalSize":[21,63],"capInsets":[0,0,0,0]}},{"__type__":"cc.SpriteFrame","content":{"name":"img_dxk02","texture":"typdk09c-2496-4927-94cd-e196edd997fd","rect":[0,0,38,39],"offset":[0,0],"originalSize":[38,39],"capInsets":[0,0,0,0]}},{"__type__":"cc.SpriteFrame","content":{"name":"btn_close","texture":"typdk435-32f0-46cf-9b76-ae84a1baec20","rect":[0,0,79,80],"offset":[0,0],"originalSize":[79,80],"capInsets":[0,0,0,0]}},{"__type__":"cc.SpriteFrame","content":{"name":"slide_03","texture":"typdk38d-5d53-4f49-8a3e-158a8124c5ae","rect":[3,2,377,32],"offset":[0,0.5],"originalSize":[383,37],"capInsets":[0,0,0,0]}}]