[{"__type__":"cc.SpriteFrame","content":{"name":"img_jujue","texture":"a4ktoimylGt412PdULvGD0","rect":[0,0,99,62],"offset":[0,0],"originalSize":[99,62],"capInsets":[0,0,0,0]}},{"__type__":"cc.SpriteFrame","content":{"name":"img_wcz","texture":"48CXz2EWlCIrsAiU/XL1oI","rect":[0,0,119,66],"offset":[0,0],"originalSize":[119,66],"capInsets":[0,0,0,0]}},{"__type__":"cc.SpriteFrame","content":{"name":"img_tongyi","texture":"c5n7OGBo1L8aKcRTP/Todd","rect":[0,0,99,62],"offset":[0,0],"originalSize":[99,62],"capInsets":[0,0,0,0]}},{"__type__":"cc.SpriteFrame","content":{"name":"default_btn_disabled","texture":"71VhFCTINJM6/Ky3oX9nBT","rect":[0,0,40,40],"offset":[0,0],"originalSize":[40,40],"capInsets":[12,12,12,12]}},{"__type__":"cc.SpriteFrame","content":{"name":"img_fqjs","texture":"21PVMznHRIUqnP7VtAwlgA","rect":[0,0,119,66],"offset":[0,0],"originalSize":[119,66],"capInsets":[0,0,0,0]}},{"__type__":"cc.SpriteFrame","content":{"name":"default_btn_pressed","texture":"b4P/PCArtIdIH38t6mlw8Y","rect":[0,0,40,40],"offset":[0,0],"originalSize":[40,40],"capInsets":[12,12,12,12]}},{"__type__":"cc.SpriteFrame","content":{"name":"bg_02","texture":"typdkb76-0f5c-4d84-842b-a77df07a590f","rect":[0,0,1306,698],"offset":[0,0],"originalSize":[1306,698],"capInsets":[0,0,0,0]}},{"__type__":"cc.SpriteFrame","content":{"name":"btn_dd","texture":"typdk254-0494-438c-bca3-4bd2690fa675","rect":[0,0,144,145],"offset":[0,0],"originalSize":[144,145],"capInsets":[0,0,0,0]}},{"__type__":"cc.SpriteFrame","content":{"name":"btn_green","texture":"typdke07-a34b-4afa-9020-49ef24701520","rect":[0,0,243,77],"offset":[-0.5,0.5],"originalSize":[244,78],"capInsets":[0,0,0,0]}},{"__type__":"cc.SpriteFrame","content":{"name":"btn_fhdt","texture":"typdk153-ac8e-42fb-89ad-478f1343e19e","rect":[2,0,232,75],"offset":[0,0],"originalSize":[236,75],"capInsets":[0,0,0,0]}},{"__type__":"cc.SpriteFrame","content":{"name":"bar","texture":"typdkc42-c76d-4829-939d-bd9161e2ed15","rect":[0,0,12,12],"offset":[0,0],"originalSize":[12,12],"capInsets":[5,5,5,5]}},{"__type__":"cc.SpriteFrame","content":{"name":"btn_xl","texture":"typdk9e4-45bd-4c73-b57f-6ef339b94e30","rect":[0,0,144,145],"offset":[0,0],"originalSize":[144,145],"capInsets":[0,0,0,0]}},{"__type__":"cc.SpriteFrame","content":{"name":"btn_detailed_into","texture":"typdkc4a-bdd5-4480-8d12-e57dd93a0874","rect":[0,0,52,54],"offset":[0,0],"originalSize":[52,54],"capInsets":[0,0,0,0]}},{"__type__":"cc.SpriteFrame","content":{"name":"img_tc02","texture":"typdkc12-a532-4446-9d1f-f9dbf81cb4ee","rect":[0,0,306,128],"offset":[0,0],"originalSize":[306,128],"capInsets":[0,0,0,0]}},{"__type__":"cc.SpriteFrame","content":{"name":"btn_wx","texture":"typdka51-15fd-469d-8a47-6ff7ca5f6041","rect":[0,0,171,172],"offset":[0,0],"originalSize":[171,172],"capInsets":[0,0,0,0]}},{"__type__":"cc.SpriteFrame","content":{"name":"img_tc01","texture":"typdk10b-b3b8-4029-ae46-4bf9882634d9","rect":[0,0,29,21],"offset":[0,0],"originalSize":[29,21],"capInsets":[0,0,0,0]}},{"__type__":"cc.SpriteFrame","content":{"name":"btn_fx","texture":"typdk1dc-0148-4f05-9ddd-cfd6e844bc67","rect":[2,0,232,75],"offset":[0,0],"originalSize":[236,75],"capInsets":[0,0,0,0]}},{"__type__":"cc.SpriteFrame","content":{"name":"btn_green00","texture":"typdke60-b43a-4062-8e61-df40b10a02ef","rect":[0,0,223,80],"offset":[0,0],"originalSize":[223,80],"capInsets":[0,0,0,0]}},{"__type__":"cc.SpriteFrame","content":{"name":"img_mj","texture":"typdk0fd-7544-41bf-9718-9a0404c8b74a","rect":[1,1,373,199],"offset":[0.5,0],"originalSize":[374,201],"capInsets":[0,0,0,0]}},{"__type__":"cc.SpriteFrame","content":{"name":"bg_bar","texture":"typdka88-bedb-42bd-89a4-0c98f4ed9728","rect":[0,0,12,12],"offset":[0,0],"originalSize":[12,12],"capInsets":[5,5,5,5]}},{"__type__":"cc.SpriteFrame","content":{"name":"btn_yellow01","texture":"typdkb0d-1deb-43b1-9bff-c64bd7569563","rect":[0,0,223,80],"offset":[0,0],"originalSize":[223,80],"capInsets":[0,0,0,0]}},{"__type__":"cc.SpriteFrame","content":{"name":"img_bt","texture":"typdk8aa-a8f3-4a2c-95ed-c166a0505007","rect":[0,0,560,101],"offset":[-0.5,0],"originalSize":[561,101],"capInsets":[0,0,0,0]}},[{"__type__":"cc.Prefab","_name":"pdk_UILPPublic_Record","data":{"__id__":1}},{"__type__":"cc.Node","_name":"pdk_UILPPublic_Record","_children":[{"__id__":2},{"__id__":3},{"__id__":4},{"__id__":5},{"__id__":7},{"__id__":16},{"__id__":45}],"_components":[{"__type__":"cc.Button","node":{"__id__":1},"_N$normalColor":{"__type__":"cc.Color","r":214,"g":214,"b":214},"_N$target":{"__id__":1}},{"__type__":"cc.Widget","node":{"__id__":1},"alignMode":0,"_alignFlags":45,"_originalWidth":1360,"_originalHeight":760},{"__type__":"typdk639-a9c2-4223-9b4c-d1fcc2f38d31","node":{"__id__":1},"ZorderLv":7,"room_Id":{"__id__":9},"end_Time":{"__id__":13},"lb_jushu":{"__id__":11},"lb_room_info":{"__id__":15},"fristLayout":{"__id__":25},"continueBtnNode":{"__id__":31},"exitRoomBtnNode":{"__id__":39},"exitBtnNode":{"__id__":41},"goSecondBtnNode":{"__id__":17},"wolaikaijuBtnNode":{"__id__":33},"pingfenkaijuBtnNode":{"__id__":35},"dayingjiakaijuBtnNode":{"__id__":37},"btn_sharemore":{"__id__":27},"sharemore":{"__id__":45},"icon_dissolveSpr":[{"__uuid__":"27ywU9JohOgYDYmcjH/2tb"},{"__uuid__":"29Caq58ctFUIQZRwgkOe4L"},{"__uuid__":"24kZeklsJG14zQtz2Wq0jW"},{"__uuid__":"d2KUt3zDVDNJSSUp3E+F/e"}],"prefab1":{"__uuid__":"typdk185-f794-42dd-85e7-19262f433e4c"}}],"_prefab":{"__type__":"cc.PrefabInfo","root":{"__id__":1},"asset":{"__uuid__":"typdke28-23c6-498c-bc31-58a61fc4a6c6"},"fileId":"84da2DTHWBGip8w/e0oIW77"},"_contentSize":{"__type__":"cc.Size","width":1360,"height":760},"_trs":{"__type__":"TypedArray","ctor":"Float64Array","array":[680,380,0,0,0,0,1,1,1,1]}},{"__type__":"cc.Node","_name":"bg_mengban","_parent":{"__id__":1},"_components":[{"__type__":"cc.Sprite","node":{"__id__":2},"_materials":[{"__uuid__":"ecpdLyjvZBwrvm+cedCcQy"}],"_spriteFrame":{"__uuid__":"typdke49-3dd7-4c59-ab68-32d618563ad6"},"_type":1,"_sizeMode":0},{"__type__":"cc.Widget","node":{"__id__":2},"_alignFlags":45,"_originalWidth":1750,"_originalHeight":800}],"_prefab":{"__type__":"cc.PrefabInfo","root":{"__id__":1},"asset":{"__uuid__":"typdke28-23c6-498c-bc31-58a61fc4a6c6"},"fileId":"ced57r327hGubame7krmyU+"},"_contentSize":{"__type__":"cc.Size","width":1360,"height":760},"_trs":{"__type__":"TypedArray","ctor":"Float64Array","array":[0,0,0,0,0,0,1,1,1,1]}},{"__type__":"cc.Node","_name":"bg","_parent":{"__id__":1},"_active":false,"_components":[{"__type__":"cc.Sprite","node":{"__id__":3},"_materials":[{"__uuid__":"ecpdLyjvZBwrvm+cedCcQy"}],"_spriteFrame":{"__uuid__":"typdk1a5-887a-4540-96a0-bf6387f5c8cf"},"_type":1,"_sizeMode":0},{"__type__":"cc.Widget","node":{"__id__":3},"alignMode":0,"_alignFlags":45,"_left":85,"_right":85,"_top":59,"_bottom":21,"_originalWidth":631,"_originalHeight":369}],"_prefab":{"__type__":"cc.PrefabInfo","root":{"__id__":1},"asset":{"__uuid__":"typdke28-23c6-498c-bc31-58a61fc4a6c6"},"fileId":"33ef6S72JxFb5AlmZlNj8Hf"},"_contentSize":{"__type__":"cc.Size","width":1190,"height":680},"_trs":{"__type__":"TypedArray","ctor":"Float64Array","array":[0,-19,0,0,0,0,1,1,1,1]}},{"__type__":"cc.Node","_name":"img_mj","_parent":{"__id__":1},"_components":[{"__type__":"cc.Sprite","node":{"__id__":4},"_materials":[{"__uuid__":"ecpdLyjvZBwrvm+cedCcQy"}],"_spriteFrame":{"__uuid__":"typdkbcd-c234-4f79-b6b4-8daa15ceaad4"}},{"__type__":"cc.Widget","node":{"__id__":4},"_alignFlags":12,"_left":0.7440000000000282,"_bottom":-4.370999999999981}],"_prefab":{"__type__":"cc.PrefabInfo","root":{"__id__":1},"asset":{"__uuid__":"typdke28-23c6-498c-bc31-58a61fc4a6c6"},"fileId":"43wcfc4/pKXIFkSLc/QVoF"},"_contentSize":{"__type__":"cc.Size","width":373,"height":199},"_trs":{"__type__":"TypedArray","ctor":"Float64Array","array":[-492.756,-284.871,0,0,0,0,1,1,1,1]}},{"__type__":"cc.Node","_name":"bg_title","_parent":{"__id__":1},"_children":[{"__id__":6}],"_components":[{"__type__":"cc.Sprite","node":{"__id__":5},"_materials":[{"__uuid__":"ecpdLyjvZBwrvm+cedCcQy"}]}],"_prefab":{"__type__":"cc.PrefabInfo","root":{"__id__":1},"asset":{"__uuid__":"typdke28-23c6-498c-bc31-58a61fc4a6c6"},"fileId":"18814yvwmVCgL3udR6YR+Tm"},"_contentSize":{"__type__":"cc.Size","width":473,"height":87},"_trs":{"__type__":"TypedArray","ctor":"Float64Array","array":[0,317,0,0,0,0,1,1,1,1]}},{"__type__":"cc.Node","_name":"sp_jiesuan","_parent":{"__id__":5},"_components":[{"__type__":"cc.Sprite","node":{"__id__":6},"_materials":[{"__uuid__":"ecpdLyjvZBwrvm+cedCcQy"}],"_spriteFrame":{"__uuid__":"typdkda1-869d-4ba8-ae31-0b6dca665a19"},"_sizeMode":2}],"_prefab":{"__type__":"cc.PrefabInfo","root":{"__id__":1},"asset":{"__uuid__":"typdke28-23c6-498c-bc31-58a61fc4a6c6"},"fileId":"14652QhzPpOlLOU9utUUUPZ"},"_contentSize":{"__type__":"cc.Size","width":561,"height":101},"_trs":{"__type__":"TypedArray","ctor":"Float64Array","array":[0,13,0,0,0,0,1,1,1,1]}},{"__type__":"cc.Node","_name":"RoomInfo","_parent":{"__id__":1},"_children":[{"__id__":8},{"__id__":10},{"__id__":12},{"__id__":14}],"_prefab":{"__type__":"cc.PrefabInfo","root":{"__id__":1},"asset":{"__uuid__":"typdke28-23c6-498c-bc31-58a61fc4a6c6"},"fileId":"5ba72h8XtdPQ5J3U493JJxs"},"_trs":{"__type__":"TypedArray","ctor":"Float64Array","array":[0,220,0,0,0,0,1,1,1,1]}},{"__type__":"cc.Node","_name":"roomID","_parent":{"__id__":7},"_components":[{"__id__":9}],"_prefab":{"__type__":"cc.PrefabInfo","root":{"__id__":1},"asset":{"__uuid__":"typdke28-23c6-498c-bc31-58a61fc4a6c6"},"fileId":"f77f4TZrHZCApIOM27KEFRW"},"_contentSize":{"__type__":"cc.Size","width":142.66,"height":30.24},"_anchorPoint":{"__type__":"cc.Vec2","y":0.5},"_trs":{"__type__":"TypedArray","ctor":"Float64Array","array":[-527.401,139.845,0,0,0,0,1,1,1,1]}},{"__type__":"cc.Label","node":{"__id__":8},"_materials":[{"__uuid__":"ecpdLyjvZBwrvm+cedCcQy"}],"_useOriginalSize":false,"_string":"房间号:123456","_N$string":"房间号:123456","_fontSize":22,"_lineHeight":24,"_N$file":{"__uuid__":"typdk345-cbe0-4203-a8ca-8141b2e63f4f"},"_isSystemFontUsed":false,"_N$verticalAlign":1},{"__type__":"cc.Node","_name":"jushu","_parent":{"__id__":7},"_components":[{"__id__":11}],"_prefab":{"__type__":"cc.PrefabInfo","root":{"__id__":1},"asset":{"__uuid__":"typdke28-23c6-498c-bc31-58a61fc4a6c6"},"fileId":"a7d61uIgDBFU5309eD+GCbn"},"_contentSize":{"__type__":"cc.Size","width":62.39,"height":30.24},"_anchorPoint":{"__type__":"cc.Vec2","y":0.5},"_trs":{"__type__":"TypedArray","ctor":"Float64Array","array":[-527.401,106.845,0,0,0,0,1,1,1,1]}},{"__type__":"cc.Label","node":{"__id__":10},"_materials":[{"__uuid__":"ecpdLyjvZBwrvm+cedCcQy"}],"_useOriginalSize":false,"_string":"局数:8","_N$string":"局数:8","_fontSize":22,"_lineHeight":24,"_N$file":{"__uuid__":"typdk345-cbe0-4203-a8ca-8141b2e63f4f"},"_isSystemFontUsed":false,"_N$verticalAlign":1},{"__type__":"cc.Node","_name":"endTime","_parent":{"__id__":7},"_components":[{"__id__":13}],"_prefab":{"__type__":"cc.PrefabInfo","root":{"__id__":1},"asset":{"__uuid__":"typdke28-23c6-498c-bc31-58a61fc4a6c6"},"fileId":"983f6qdVBBAs6zzXg/Ktd+A"},"_contentSize":{"__type__":"cc.Size","width":166.29,"height":30.24},"_anchorPoint":{"__type__":"cc.Vec2","y":0.5},"_trs":{"__type__":"TypedArray","ctor":"Float64Array","array":[-527.401,73.845,0,0,0,0,1,1,1,1]}},{"__type__":"cc.Label","node":{"__id__":12},"_materials":[{"__uuid__":"ecpdLyjvZBwrvm+cedCcQy"}],"_useOriginalSize":false,"_string":"2017-5-30 15:30","_N$string":"2017-5-30 15:30","_fontSize":22,"_lineHeight":24,"_N$file":{"__uuid__":"typdk345-cbe0-4203-a8ca-8141b2e63f4f"},"_isSystemFontUsed":false,"_N$verticalAlign":1},{"__type__":"cc.Node","_name":"room_info","_parent":{"__id__":7},"_components":[{"__id__":15}],"_prefab":{"__type__":"cc.PrefabInfo","root":{"__id__":1},"asset":{"__uuid__":"typdke28-23c6-498c-bc31-58a61fc4a6c6"},"fileId":"3fF47gDmFP94HG8o9zrwdl"},"_contentSize":{"__type__":"cc.Size","width":320,"height":88},"_anchorPoint":{"__type__":"cc.Vec2","y":1},"_trs":{"__type__":"TypedArray","ctor":"Float64Array","array":[315.291,154.845,0,0,0,0,1,1,1,1]}},{"__type__":"cc.Label","node":{"__id__":14},"_materials":[{"__uuid__":"ecpdLyjvZBwrvm+cedCcQy"}],"_useOriginalSize":false,"_string":"房间规则","_N$string":"房间规则","_fontSize":20,"_lineHeight":22,"_N$file":{"__uuid__":"typdk345-cbe0-4203-a8ca-8141b2e63f4f"},"_isSystemFontUsed":false,"_N$overflow":1},{"__type__":"cc.Node","_name":"fristFrame","_parent":{"__id__":1},"_children":[{"__id__":17},{"__id__":19},{"__id__":26}],"_prefab":{"__type__":"cc.PrefabInfo","root":{"__id__":1},"asset":{"__uuid__":"typdke28-23c6-498c-bc31-58a61fc4a6c6"},"fileId":"2c002thpEVN4ZRDbQxYOrbV"},"_contentSize":{"__type__":"cc.Size","width":1360,"height":760},"_trs":{"__type__":"TypedArray","ctor":"Float64Array","array":[0,0,0,0,0,0,1,1,1,1]}},{"__type__":"cc.Node","_name":"btn_goScend","_parent":{"__id__":16},"_children":[{"__id__":18}],"_active":false,"_components":[{"__type__":"cc.Sprite","node":{"__id__":17},"_spriteFrame":{"__uuid__":"typdk71c-8ec4-48fb-a12a-09dd50bd3dac"}},{"__type__":"cc.Button","node":{"__id__":17},"zoomScale":0.9,"clickEvents":[{"__type__":"cc.ClickEvent","target":{"__id__":1},"_componentId":"typdk639-a9c2-4223-9b4c-d1fcc2f38d31","handler":"OnClick_BtnWnd"}],"_N$transition":3,"transition":3,"_N$normalColor":{"__type__":"cc.Color","r":214,"g":214,"b":214},"_N$target":{"__id__":17}}],"_prefab":{"__type__":"cc.PrefabInfo","root":{"__id__":1},"asset":{"__uuid__":"typdke28-23c6-498c-bc31-58a61fc4a6c6"},"fileId":"b5e46yCPo1E/L3qM/bwZJSD"},"_contentSize":{"__type__":"cc.Size","width":52,"height":54},"_trs":{"__type__":"TypedArray","ctor":"Float64Array","array":[520,220,0,0,0,0,1,1,1,1]}},{"__type__":"cc.Node","_name":"label","_parent":{"__id__":17},"_components":[{"__type__":"cc.Label","node":{"__id__":18},"_useOriginalSize":false,"_string":"详细","_N$string":"详细","_fontSize":30,"_lineHeight":30,"_N$file":{"__uuid__":"typdk345-cbe0-4203-a8ca-8141b2e63f4f"},"_isSystemFontUsed":false,"_N$horizontalAlign":1,"_N$verticalAlign":1}],"_prefab":{"__type__":"cc.PrefabInfo","root":{"__id__":1},"asset":{"__uuid__":"typdke28-23c6-498c-bc31-58a61fc4a6c6"},"fileId":"3a6d5FWtYJE3K8HEQ4WQ1p1"},"_color":{"__type__":"cc.Color","r":138,"g":55},"_contentSize":{"__type__":"cc.Size","width":60,"height":30},"_trs":{"__type__":"TypedArray","ctor":"Float64Array","array":[-62,0,0,0,0,0,1,1,1,1]}},{"__type__":"cc.Node","_name":"ScrollView","_parent":{"__id__":16},"_children":[{"__id__":20},{"__id__":25}],"_components":[{"__id__":24},{"__type__":"cc.Mask","node":{"__id__":19},"_materials":[{"__uuid__":"ecpdLyjvZBwrvm+cedCcQy"}],"_N$alphaThreshold":1}],"_prefab":{"__type__":"cc.PrefabInfo","root":{"__id__":1},"asset":{"__uuid__":"typdke28-23c6-498c-bc31-58a61fc4a6c6"},"fileId":"239f1xUfatDwZEryRXIdgnm"},"_contentSize":{"__type__":"cc.Size","width":1150,"height":420},"_anchorPoint":{"__type__":"cc.Vec2","x":0.5,"y":1},"_trs":{"__type__":"TypedArray","ctor":"Float64Array","array":[0,212.369,0,0,0,0,1,1,1,1]}},{"__type__":"cc.Node","_name":"scrollBar","_parent":{"__id__":19},"_children":[{"__id__":21}],"_active":false,"_components":[{"__id__":23},{"__type__":"cc.Widget","node":{"__id__":20},"alignMode":0,"_alignFlags":37,"_left":350.07654921020657,"_originalHeight":237},{"__type__":"cc.Sprite","node":{"__id__":20},"_spriteFrame":{"__uuid__":"typdkbe8-0b9f-452d-baa0-2c3624f09be2"},"_type":1,"_sizeMode":0}],"_prefab":{"__type__":"cc.PrefabInfo","root":{"__id__":1},"asset":{"__uuid__":"typdke28-23c6-498c-bc31-58a61fc4a6c6"},"fileId":"9996aUXdnhCaq1JnbpvEg5/"},"_color":{"__type__":"cc.Color","r":238,"g":217,"b":227},"_contentSize":{"__type__":"cc.Size","width":12,"height":420},"_anchorPoint":{"__type__":"cc.Vec2","x":1,"y":0.5},"_trs":{"__type__":"TypedArray","ctor":"Float64Array","array":[575,-210,0,0,0,0,1,1,1,1]}},{"__type__":"cc.Node","_name":"bar","_parent":{"__id__":20},"_components":[{"__id__":22}],"_prefab":{"__type__":"cc.PrefabInfo","root":{"__id__":1},"asset":{"__uuid__":"typdke28-23c6-498c-bc31-58a61fc4a6c6"},"fileId":"237bbgBJ8hE87r0wGEJ7Il+"},"_color":{"__type__":"cc.Color","r":236,"g":241,"b":245},"_contentSize":{"__type__":"cc.Size","width":10,"height":30},"_anchorPoint":{"__type__":"cc.Vec2","x":1},"_trs":{"__type__":"TypedArray","ctor":"Float64Array","array":[-1,0,0,0,0,0,1,1,1,1]}},{"__type__":"cc.Sprite","node":{"__id__":21},"_spriteFrame":{"__uuid__":"typdk55c-24ce-4602-a289-8e22052604d0"},"_type":1,"_sizeMode":0},{"__type__":"cc.Scrollbar","node":{"__id__":20},"_scrollView":{"__id__":24},"_N$handle":{"__id__":22},"_N$direction":1},{"__type__":"cc.ScrollView","node":{"__id__":19},"horizontal":false,"elastic":false,"_N$content":{"__id__":25},"content":{"__id__":25},"_N$verticalScrollBar":{"__id__":23}},{"__type__":"cc.Node","_name":"layout","_parent":{"__id__":19},"_components":[{"__type__":"cc.Layout","node":{"__id__":25},"_layoutSize":{"__type__":"cc.Size","width":400,"height":400},"_resize":1,"_N$layoutType":1,"_N$paddingLeft":20,"_N$paddingRight":20,"_N$paddingTop":35,"_N$spacingX":10,"_N$spacingY":10}],"_prefab":{"__type__":"cc.PrefabInfo","root":{"__id__":1},"asset":{"__uuid__":"typdke28-23c6-498c-bc31-58a61fc4a6c6"},"fileId":"52432oyeWVKHrWE2xbmjs78"},"_color":{"__type__":"cc.Color","r":167,"g":167,"b":167},"_contentSize":{"__type__":"cc.Size","width":400,"height":400},"_trs":{"__type__":"TypedArray","ctor":"Float64Array","array":[0,-191.06,0,0,0,0,1,1,1,1]}},{"__type__":"cc.Node","_name":"btn_lists","_parent":{"__id__":16},"_children":[{"__id__":27},{"__id__":29},{"__id__":31},{"__id__":33},{"__id__":35},{"__id__":37},{"__id__":39},{"__id__":41},{"__id__":43}],"_components":[{"__type__":"cc.Layout","node":{"__id__":26},"_layoutSize":{"__type__":"cc.Size","width":1000,"height":200},"_resize":1,"_N$layoutType":1,"_N$spacingX":30}],"_prefab":{"__type__":"cc.PrefabInfo","root":{"__id__":1},"asset":{"__uuid__":"typdke28-23c6-498c-bc31-58a61fc4a6c6"},"fileId":"b0038OyM3pIj7C2dCjrRwRb"},"_contentSize":{"__type__":"cc.Size","width":1000,"height":200},"_trs":{"__type__":"TypedArray","ctor":"Float64Array","array":[0,-37,0,0,0,0,1,1,1,1]}},{"__type__":"cc.Node","_name":"btn_sharelink","_parent":{"__id__":26},"_children":[{"__id__":28}],"_components":[{"__type__":"cc.Sprite","node":{"__id__":27},"_materials":[{"__uuid__":"ecpdLyjvZBwrvm+cedCcQy"}],"_spriteFrame":{"__uuid__":"typdkb94-98ea-41cd-b7d4-5bd97e4041c8"}},{"__type__":"cc.Button","node":{"__id__":27},"zoomScale":0.9,"clickEvents":[{"__type__":"cc.ClickEvent","target":{"__id__":1},"_componentId":"typdk639-a9c2-4223-9b4c-d1fcc2f38d31","handler":"OnClick_BtnWnd"}],"_N$transition":3,"transition":3,"_N$normalColor":{"__type__":"cc.Color","r":214,"g":214,"b":214},"_N$target":{"__id__":27}}],"_prefab":{"__type__":"cc.PrefabInfo","root":{"__id__":1},"asset":{"__uuid__":"typdke28-23c6-498c-bc31-58a61fc4a6c6"},"fileId":"49eaaMYpehPD5b8des4eLVO"},"_contentSize":{"__type__":"cc.Size","width":223,"height":80},"_trs":{"__type__":"TypedArray","ctor":"Float64Array","array":[-388.5,-245,0,0,0,0,1,1,1,1]}},{"__type__":"cc.Node","_name":"label","_parent":{"__id__":27},"_components":[{"__type__":"cc.Label","node":{"__id__":28},"_materials":[{"__uuid__":"ecpdLyjvZBwrvm+cedCcQy"}],"_useOriginalSize":false,"_string":"分享链接","_N$string":"分享链接","_fontSize":38,"_N$file":{"__uuid__":"typdk345-cbe0-4203-a8ca-8141b2e63f4f"},"_isSystemFontUsed":false,"_N$horizontalAlign":1,"_N$verticalAlign":1},{"__type__":"cc.LabelOutline","node":{"__id__":28},"_color":{"__type__":"cc.Color","r":43,"g":75,"b":8},"_width":2}],"_prefab":{"__type__":"cc.PrefabInfo","root":{"__id__":1},"asset":{"__uuid__":"typdke28-23c6-498c-bc31-58a61fc4a6c6"},"fileId":"77f77BzPa1CCJVZ/OgGuyUz"},"_contentSize":{"__type__":"cc.Size","width":156,"height":54.4},"_trs":{"__type__":"TypedArray","ctor":"Float64Array","array":[0,2,0,0,0,0,1,1,1,1]}},{"__type__":"cc.Node","_name":"btn_sharemore","_parent":{"__id__":26},"_children":[{"__id__":30}],"_components":[{"__type__":"cc.Sprite","node":{"__id__":29},"_materials":[{"__uuid__":"ecpdLyjvZBwrvm+cedCcQy"}],"_spriteFrame":{"__uuid__":"typdkb16-c349-433b-9903-0d225f18c9bc"}},{"__type__":"cc.Button","node":{"__id__":29},"zoomScale":0.9,"clickEvents":[{"__type__":"cc.ClickEvent","target":{"__id__":1},"_componentId":"typdk639-a9c2-4223-9b4c-d1fcc2f38d31","handler":"OnClick_BtnWnd"}],"_N$transition":3,"transition":3,"_N$normalColor":{"__type__":"cc.Color","r":214,"g":214,"b":214},"_N$target":{"__id__":29}}],"_prefab":{"__type__":"cc.PrefabInfo","root":{"__id__":1},"asset":{"__uuid__":"typdke28-23c6-498c-bc31-58a61fc4a6c6"},"fileId":"13202FmgjVOnrTF+mrqgJIe"},"_contentSize":{"__type__":"cc.Size","width":232,"height":75},"_trs":{"__type__":"TypedArray","ctor":"Float64Array","array":[-131,-245,0,0,0,0,1,1,1,1]}},{"__type__":"cc.Node","_name":"label","_parent":{"__id__":29},"_active":false,"_components":[{"__type__":"cc.Label","node":{"__id__":30},"_materials":[{"__uuid__":"ecpdLyjvZBwrvm+cedCcQy"}],"_useOriginalSize":false,"_string":"分享图片","_N$string":"分享图片","_fontSize":38,"_N$file":{"__uuid__":"typdk345-cbe0-4203-a8ca-8141b2e63f4f"},"_isSystemFontUsed":false,"_N$horizontalAlign":1,"_N$verticalAlign":1},{"__type__":"cc.LabelOutline","node":{"__id__":30},"_color":{"__type__":"cc.Color","r":43,"g":75,"b":8},"_width":2}],"_prefab":{"__type__":"cc.PrefabInfo","root":{"__id__":1},"asset":{"__uuid__":"typdke28-23c6-498c-bc31-58a61fc4a6c6"},"fileId":"841523/dxdN47MDaS+E4QR9"},"_contentSize":{"__type__":"cc.Size","width":156,"height":54.4},"_trs":{"__type__":"TypedArray","ctor":"Float64Array","array":[0,0,0,0,0,0,1,1,1,1]}},{"__type__":"cc.Node","_name":"btn_continueGoldRoom","_parent":{"__id__":26},"_children":[{"__id__":32}],"_active":false,"_components":[{"__type__":"cc.Sprite","node":{"__id__":31},"_spriteFrame":{"__uuid__":"typdkb94-98ea-41cd-b7d4-5bd97e4041c8"}},{"__type__":"cc.Button","node":{"__id__":31},"zoomScale":0.9,"clickEvents":[{"__type__":"cc.ClickEvent","target":{"__id__":1},"_componentId":"typdk639-a9c2-4223-9b4c-d1fcc2f38d31","handler":"OnClick_BtnWnd"}],"_N$transition":3,"transition":3,"_N$normalColor":{"__type__":"cc.Color","r":214,"g":214,"b":214},"_N$target":{"__id__":31}}],"_prefab":{"__type__":"cc.PrefabInfo","root":{"__id__":1},"asset":{"__uuid__":"typdke28-23c6-498c-bc31-58a61fc4a6c6"},"fileId":"0f6e2W2cjZIhbSlQ+s3kX1x"},"_contentSize":{"__type__":"cc.Size","width":223,"height":80},"_trs":{"__type__":"TypedArray","ctor":"Float64Array","array":[0,-245,0,0,0,0,1,1,1,1]}},{"__type__":"cc.Node","_name":"label","_parent":{"__id__":31},"_components":[{"__type__":"cc.Label","node":{"__id__":32},"_useOriginalSize":false,"_string":"继    续","_N$string":"继    续","_fontSize":38,"_N$file":{"__uuid__":"typdk345-cbe0-4203-a8ca-8141b2e63f4f"},"_isSystemFontUsed":false,"_N$horizontalAlign":1,"_N$verticalAlign":1},{"__type__":"cc.LabelOutline","node":{"__id__":32},"_color":{"__type__":"cc.Color","r":43,"g":75,"b":8},"_width":2}],"_prefab":{"__type__":"cc.PrefabInfo","root":{"__id__":1},"asset":{"__uuid__":"typdke28-23c6-498c-bc31-58a61fc4a6c6"},"fileId":"80f8dsXhPFJEqeloFJf48W2"},"_contentSize":{"__type__":"cc.Size","width":120.38,"height":40},"_trs":{"__type__":"TypedArray","ctor":"Float64Array","array":[0,0,0,0,0,0,1,1,1,1]}},{"__type__":"cc.Node","_name":"btn_wolaikaiju","_parent":{"__id__":26},"_children":[{"__id__":34}],"_active":false,"_components":[{"__type__":"cc.Sprite","node":{"__id__":33},"_spriteFrame":{"__uuid__":"typdk348-5a6d-4829-b622-4d6faff1a7f4"},"_sizeMode":0},{"__type__":"cc.Button","node":{"__id__":33},"clickEvents":[{"__type__":"cc.ClickEvent","target":{"__id__":1},"_componentId":"typdk639-a9c2-4223-9b4c-d1fcc2f38d31","handler":"OnClick_BtnWnd"}],"_N$transition":3,"transition":3,"_N$normalColor":{"__type__":"cc.Color","r":214,"g":214,"b":214},"_N$target":{"__id__":33}}],"_prefab":{"__type__":"cc.PrefabInfo","root":{"__id__":1},"asset":{"__uuid__":"typdke28-23c6-498c-bc31-58a61fc4a6c6"},"fileId":"fb4dfLB38lH1Y2lRf94MRFs"},"_contentSize":{"__type__":"cc.Size","width":200,"height":80},"_trs":{"__type__":"TypedArray","ctor":"Float64Array","array":[-235,-245,0,0,0,0,1,1,1,1]}},{"__type__":"cc.Node","_name":"icon","_parent":{"__id__":33},"_components":[{"__type__":"cc.Label","node":{"__id__":34},"_useOriginalSize":false,"_string":"我来续局","_N$string":"我来续局","_fontSize":36,"_N$file":{"__uuid__":"typdk345-cbe0-4203-a8ca-8141b2e63f4f"},"_isSystemFontUsed":false,"_N$horizontalAlign":1,"_N$verticalAlign":1}],"_prefab":{"__type__":"cc.PrefabInfo","root":{"__id__":1},"asset":{"__uuid__":"typdke28-23c6-498c-bc31-58a61fc4a6c6"},"fileId":"8d64b6hB3dJ/a1vqvKTimwu"},"_color":{"__type__":"cc.Color","r":82,"g":107},"_contentSize":{"__type__":"cc.Size","width":144,"height":40},"_trs":{"__type__":"TypedArray","ctor":"Float64Array","array":[0.6,1.8,0,0,0,0,1,1,1,1]}},{"__type__":"cc.Node","_name":"btn_pingfenkaiju","_parent":{"__id__":26},"_children":[{"__id__":36}],"_active":false,"_components":[{"__type__":"cc.Sprite","node":{"__id__":35},"_spriteFrame":{"__uuid__":"typdk348-5a6d-4829-b622-4d6faff1a7f4"},"_sizeMode":0},{"__type__":"cc.Button","node":{"__id__":35},"clickEvents":[{"__type__":"cc.ClickEvent","target":{"__id__":1},"_componentId":"typdk639-a9c2-4223-9b4c-d1fcc2f38d31","handler":"OnClick_BtnWnd"}],"_N$transition":3,"transition":3,"_N$normalColor":{"__type__":"cc.Color","r":214,"g":214,"b":214},"_N$target":{"__id__":35}}],"_prefab":{"__type__":"cc.PrefabInfo","root":{"__id__":1},"asset":{"__uuid__":"typdke28-23c6-498c-bc31-58a61fc4a6c6"},"fileId":"fa0687Nu/BEkrQUDzwQqMAL"},"_contentSize":{"__type__":"cc.Size","width":200,"height":80},"_trs":{"__type__":"TypedArray","ctor":"Float64Array","array":[115,-245,0,0,0,0,1,1,1,1]}},{"__type__":"cc.Node","_name":"icon","_parent":{"__id__":35},"_components":[{"__type__":"cc.Label","node":{"__id__":36},"_useOriginalSize":false,"_string":"平分续局","_N$string":"平分续局","_fontSize":36,"_N$file":{"__uuid__":"typdk345-cbe0-4203-a8ca-8141b2e63f4f"},"_isSystemFontUsed":false,"_N$horizontalAlign":1,"_N$verticalAlign":1}],"_prefab":{"__type__":"cc.PrefabInfo","root":{"__id__":1},"asset":{"__uuid__":"typdke28-23c6-498c-bc31-58a61fc4a6c6"},"fileId":"25fb0vxq0dLgoB45iOiXgef"},"_color":{"__type__":"cc.Color","r":82,"g":107},"_contentSize":{"__type__":"cc.Size","width":144,"height":40},"_trs":{"__type__":"TypedArray","ctor":"Float64Array","array":[0.6,1.8,0,0,0,0,1,1,1,1]}},{"__type__":"cc.Node","_name":"btn_dayingjiakaiju","_parent":{"__id__":26},"_children":[{"__id__":38}],"_active":false,"_components":[{"__type__":"cc.Sprite","node":{"__id__":37},"_spriteFrame":{"__uuid__":"typdk348-5a6d-4829-b622-4d6faff1a7f4"},"_sizeMode":0},{"__type__":"cc.Button","node":{"__id__":37},"clickEvents":[{"__type__":"cc.ClickEvent","target":{"__id__":1},"_componentId":"typdk639-a9c2-4223-9b4c-d1fcc2f38d31","handler":"OnClick_BtnWnd"}],"_N$transition":3,"transition":3,"_N$normalColor":{"__type__":"cc.Color","r":214,"g":214,"b":214},"_N$target":{"__id__":37}}],"_prefab":{"__type__":"cc.PrefabInfo","root":{"__id__":1},"asset":{"__uuid__":"typdke28-23c6-498c-bc31-58a61fc4a6c6"},"fileId":"00334H+RrtP9J4AxJh3Hpbd"},"_contentSize":{"__type__":"cc.Size","width":210,"height":80},"_trs":{"__type__":"TypedArray","ctor":"Float64Array","array":[126.5,-245,0,0,0,0,1,1,1,1]}},{"__type__":"cc.Node","_name":"icon","_parent":{"__id__":37},"_components":[{"__type__":"cc.Label","node":{"__id__":38},"_useOriginalSize":false,"_string":"大赢家续局","_N$string":"大赢家续局","_fontSize":36,"_N$file":{"__uuid__":"typdk345-cbe0-4203-a8ca-8141b2e63f4f"},"_isSystemFontUsed":false,"_N$horizontalAlign":1,"_N$verticalAlign":1}],"_prefab":{"__type__":"cc.PrefabInfo","root":{"__id__":1},"asset":{"__uuid__":"typdke28-23c6-498c-bc31-58a61fc4a6c6"},"fileId":"35c51RoxdJKrL4Cya3Rp06D"},"_color":{"__type__":"cc.Color","r":82,"g":107},"_contentSize":{"__type__":"cc.Size","width":180,"height":40},"_trs":{"__type__":"TypedArray","ctor":"Float64Array","array":[0.6,1.8,0,0,0,0,1,1,1,1]}},{"__type__":"cc.Node","_name":"btn_exitRoom","_parent":{"__id__":26},"_children":[{"__id__":40}],"_components":[{"__type__":"cc.Sprite","node":{"__id__":39},"_materials":[{"__uuid__":"ecpdLyjvZBwrvm+cedCcQy"}],"_spriteFrame":{"__uuid__":"typdk418-0f0c-492c-8d42-3b3323413498"}},{"__type__":"cc.Button","node":{"__id__":39},"zoomScale":0.9,"clickEvents":[{"__type__":"cc.ClickEvent","target":{"__id__":1},"_componentId":"typdk639-a9c2-4223-9b4c-d1fcc2f38d31","handler":"OnClick_BtnWnd"}],"_N$transition":3,"transition":3,"_N$normalColor":{"__type__":"cc.Color","r":214,"g":214,"b":214},"_N$target":{"__id__":39}}],"_prefab":{"__type__":"cc.PrefabInfo","root":{"__id__":1},"asset":{"__uuid__":"typdke28-23c6-498c-bc31-58a61fc4a6c6"},"fileId":"1eb57eRCr1HvLmxiRlDz+Hh"},"_contentSize":{"__type__":"cc.Size","width":232,"height":75},"_trs":{"__type__":"TypedArray","ctor":"Float64Array","array":[131,-245,0,0,0,0,1,1,1,1]}},{"__type__":"cc.Node","_name":"label","_parent":{"__id__":39},"_active":false,"_components":[{"__type__":"cc.Label","node":{"__id__":40},"_materials":[{"__uuid__":"ecpdLyjvZBwrvm+cedCcQy"}],"_useOriginalSize":false,"_string":"返回大厅","_N$string":"返回大厅","_fontSize":38,"_N$file":{"__uuid__":"typdk345-cbe0-4203-a8ca-8141b2e63f4f"},"_isSystemFontUsed":false,"_N$horizontalAlign":1,"_N$verticalAlign":1},{"__type__":"cc.LabelOutline","node":{"__id__":40},"_color":{"__type__":"cc.Color","r":122,"g":87,"b":15},"_width":2}],"_prefab":{"__type__":"cc.PrefabInfo","root":{"__id__":1},"asset":{"__uuid__":"typdke28-23c6-498c-bc31-58a61fc4a6c6"},"fileId":"70e1cc+ENxPo7SDyPP3PWsw"},"_contentSize":{"__type__":"cc.Size","width":156,"height":54.4},"_trs":{"__type__":"TypedArray","ctor":"Float64Array","array":[0,0,0,0,0,0,1,1,1,1]}},{"__type__":"cc.Node","_name":"btn_exit","_parent":{"__id__":26},"_children":[{"__id__":42}],"_active":false,"_components":[{"__type__":"cc.Sprite","node":{"__id__":41},"_spriteFrame":{"__uuid__":"typdkd85-5590-4443-8358-f73b2f924f7d"}},{"__type__":"cc.Button","node":{"__id__":41},"zoomScale":0.9,"clickEvents":[{"__type__":"cc.ClickEvent","target":{"__id__":1},"_componentId":"typdk639-a9c2-4223-9b4c-d1fcc2f38d31","handler":"OnClick_BtnWnd"}],"_N$transition":3,"transition":3,"_N$normalColor":{"__type__":"cc.Color","r":214,"g":214,"b":214},"_N$target":{"__id__":41}}],"_prefab":{"__type__":"cc.PrefabInfo","root":{"__id__":1},"asset":{"__uuid__":"typdke28-23c6-498c-bc31-58a61fc4a6c6"},"fileId":"83d72+chsRLm6xESfdDjtRE"},"_contentSize":{"__type__":"cc.Size","width":223,"height":80},"_trs":{"__type__":"TypedArray","ctor":"Float64Array","array":[379.5,-245,0,0,0,0,1,1,1,1]}},{"__type__":"cc.Node","_name":"label","_parent":{"__id__":41},"_components":[{"__type__":"cc.Label","node":{"__id__":42},"_useOriginalSize":false,"_string":"离    开","_N$string":"离    开","_fontSize":38,"_N$file":{"__uuid__":"typdk345-cbe0-4203-a8ca-8141b2e63f4f"},"_isSystemFontUsed":false,"_N$horizontalAlign":1,"_N$verticalAlign":1},{"__type__":"cc.LabelOutline","node":{"__id__":42},"_color":{"__type__":"cc.Color","r":122,"g":87,"b":15},"_width":2}],"_prefab":{"__type__":"cc.PrefabInfo","root":{"__id__":1},"asset":{"__uuid__":"typdke28-23c6-498c-bc31-58a61fc4a6c6"},"fileId":"0cf71yOSIBFoLnlPmmIW/n7"},"_contentSize":{"__type__":"cc.Size","width":120.38,"height":40},"_trs":{"__type__":"TypedArray","ctor":"Float64Array","array":[0,0,0,0,0,0,1,1,1,1]}},{"__type__":"cc.Node","_name":"btn_continue","_parent":{"__id__":26},"_children":[{"__id__":44}],"_components":[{"__type__":"cc.Sprite","node":{"__id__":43},"_materials":[{"__uuid__":"ecpdLyjvZBwrvm+cedCcQy"}],"_spriteFrame":{"__uuid__":"typdkd85-5590-4443-8358-f73b2f924f7d"}},{"__type__":"cc.Button","node":{"__id__":43},"zoomScale":0.9,"clickEvents":[{"__type__":"cc.ClickEvent","target":{"__id__":1},"_componentId":"typdk639-a9c2-4223-9b4c-d1fcc2f38d31","handler":"OnClick_BtnWnd"}],"_N$transition":3,"transition":3,"_N$normalColor":{"__type__":"cc.Color","r":214,"g":214,"b":214},"_N$target":{"__id__":43}}],"_prefab":{"__type__":"cc.PrefabInfo","root":{"__id__":1},"asset":{"__uuid__":"typdke28-23c6-498c-bc31-58a61fc4a6c6"},"fileId":"9fa+du5V9E5J7EntgHlEbR"},"_contentSize":{"__type__":"cc.Size","width":223,"height":80},"_trs":{"__type__":"TypedArray","ctor":"Float64Array","array":[388.5,-245,0,0,0,0,1,1,1,1]}},{"__type__":"cc.Node","_name":"label","_parent":{"__id__":43},"_components":[{"__type__":"cc.Label","node":{"__id__":44},"_materials":[{"__uuid__":"ecpdLyjvZBwrvm+cedCcQy"}],"_useOriginalSize":false,"_string":"继续游戏","_N$string":"继续游戏","_fontSize":38,"_N$file":{"__uuid__":"typdk345-cbe0-4203-a8ca-8141b2e63f4f"},"_isSystemFontUsed":false,"_N$horizontalAlign":1,"_N$verticalAlign":1},{"__type__":"cc.LabelOutline","node":{"__id__":44},"_color":{"__type__":"cc.Color","r":122,"g":87,"b":15},"_width":2}],"_prefab":{"__type__":"cc.PrefabInfo","root":{"__id__":1},"asset":{"__uuid__":"typdke28-23c6-498c-bc31-58a61fc4a6c6"},"fileId":"d8AeWJiQROTIShyIyjl1u3"},"_contentSize":{"__type__":"cc.Size","width":156,"height":54.4},"_trs":{"__type__":"TypedArray","ctor":"Float64Array","array":[0,2,0,0,0,0,1,1,1,1]}},{"__type__":"cc.Node","_name":"sharemore","_parent":{"__id__":1},"_children":[{"__id__":46},{"__id__":55}],"_active":false,"_components":[{"__type__":"cc.Widget","node":{"__id__":45},"alignMode":0,"_alignFlags":45,"_left":3,"_right":-3,"_originalWidth":750,"_originalHeight":1360},{"__type__":"cc.Button","node":{"__id__":45},"_N$normalColor":{"__type__":"cc.Color","r":214,"g":214,"b":214},"_N$target":{"__id__":45}}],"_prefab":{"__type__":"cc.PrefabInfo","root":{"__id__":1},"asset":{"__uuid__":"typdke28-23c6-498c-bc31-58a61fc4a6c6"},"fileId":"02f30kKkpdIWqukDxPn0Fap"},"_contentSize":{"__type__":"cc.Size","width":1360,"height":760},"_trs":{"__type__":"TypedArray","ctor":"Float64Array","array":[3,0,0,0,0,0,1,1,1,1]}},{"__type__":"cc.Node","_name":"bg","_parent":{"__id__":45},"_children":[{"__id__":47},{"__id__":48},{"__id__":49},{"__id__":51},{"__id__":53}],"_components":[{"__type__":"cc.Sprite","node":{"__id__":46},"_materials":[{"__uuid__":"ecpdLyjvZBwrvm+cedCcQy"}],"_spriteFrame":{"__uuid__":"typdk8b7-5408-4726-81b6-26bcab3285bf"},"_type":1,"_sizeMode":0}],"_prefab":{"__type__":"cc.PrefabInfo","root":{"__id__":1},"asset":{"__uuid__":"typdke28-23c6-498c-bc31-58a61fc4a6c6"},"fileId":"c29b6K3hb9J5qIpiuPpCI9c"},"_contentSize":{"__type__":"cc.Size","width":650,"height":330},"_trs":{"__type__":"TypedArray","ctor":"Float64Array","array":[0,-20,0,0,0,0,1,1,1,1]}},{"__type__":"cc.Node","_name":"img_tc01","_parent":{"__id__":46},"_components":[{"__type__":"cc.Sprite","node":{"__id__":47},"_materials":[{"__uuid__":"ecpdLyjvZBwrvm+cedCcQy"}],"_spriteFrame":{"__uuid__":"typdk983-3de3-43e3-8010-c60498b5adaf"}}],"_prefab":{"__type__":"cc.PrefabInfo","root":{"__id__":1},"asset":{"__uuid__":"typdke28-23c6-498c-bc31-58a61fc4a6c6"},"fileId":"171uAGnudAianPr2QiLQU0"},"_contentSize":{"__type__":"cc.Size","width":29,"height":21},"_trs":{"__type__":"TypedArray","ctor":"Float64Array","array":[-108.904,-195.857,0,0,0,0,1,3,3,1]}},{"__type__":"cc.Node","_name":"New Sprite(Splash)","_parent":{"__id__":46},"_components":[{"__type__":"cc.Sprite","node":{"__id__":48},"_materials":[{"__uuid__":"ecpdLyjvZBwrvm+cedCcQy"}],"_sizeMode":0}],"_prefab":{"__type__":"cc.PrefabInfo","root":{"__id__":1},"asset":{"__uuid__":"typdke28-23c6-498c-bc31-58a61fc4a6c6"},"fileId":"98599nVimJFWo/milGzLH+v"},"_contentSize":{"__type__":"cc.Size","width":600,"height":300},"_trs":{"__type__":"TypedArray","ctor":"Float64Array","array":[0,0,0,0,0,0,1,1,1,1]}},{"__type__":"cc.Node","_name":"btn_share","_parent":{"__id__":46},"_children":[{"__id__":50}],"_components":[{"__type__":"cc.Button","node":{"__id__":49},"zoomScale":0.9,"clickEvents":[{"__type__":"cc.ClickEvent","target":{"__id__":1},"_componentId":"typdk639-a9c2-4223-9b4c-d1fcc2f38d31","handler":"OnClick_BtnWnd"}],"_N$transition":3,"transition":3,"_N$pressedColor":{"__type__":"cc.Color","r":255,"g":255,"b":255},"pressedColor":{"__type__":"cc.Color","r":255,"g":255,"b":255},"_N$disabledColor":{"__type__":"cc.Color","r":255,"g":255,"b":255},"_N$pressedSprite":{"__uuid__":"e97GVMl6JHh5Ml5qEDdSGa"},"pressedSprite":{"__uuid__":"e97GVMl6JHh5Ml5qEDdSGa"},"_N$hoverSprite":{"__uuid__":"e97GVMl6JHh5Ml5qEDdSGa"},"hoverSprite":{"__uuid__":"e97GVMl6JHh5Ml5qEDdSGa"},"_N$disabledSprite":{"__uuid__":"29FYIk+N1GYaeWH/q1NxQO"},"_N$target":{"__id__":49}},{"__type__":"cc.Sprite","node":{"__id__":49},"_materials":[{"__uuid__":"ecpdLyjvZBwrvm+cedCcQy"}],"_spriteFrame":{"__uuid__":"typdk931-daed-4b2b-9228-421a65d3005e"}}],"_prefab":{"__type__":"cc.PrefabInfo","root":{"__id__":1},"asset":{"__uuid__":"typdke28-23c6-498c-bc31-58a61fc4a6c6"},"fileId":"98b5ab/JPtMmIt5O7SdXDyo"},"_contentSize":{"__type__":"cc.Size","width":171,"height":172},"_trs":{"__type__":"TypedArray","ctor":"Float64Array","array":[-200,30,0,0,0,0,1,1,1,1]}},{"__type__":"cc.Node","_name":"label","_parent":{"__id__":49},"_components":[{"__type__":"cc.Label","node":{"__id__":50},"_materials":[{"__uuid__":"ecpdLyjvZBwrvm+cedCcQy"}],"_useOriginalSize":false,"_string":"微信","_N$string":"微信","_fontSize":38,"_lineHeight":38,"_N$file":{"__uuid__":"typdk345-cbe0-4203-a8ca-8141b2e63f4f"},"_isSystemFontUsed":false,"_N$horizontalAlign":1,"_N$verticalAlign":1}],"_prefab":{"__type__":"cc.PrefabInfo","root":{"__id__":1},"asset":{"__uuid__":"typdke28-23c6-498c-bc31-58a61fc4a6c6"},"fileId":"cab91yDf91BPI57qOu8vGQ9"},"_contentSize":{"__type__":"cc.Size","width":76,"height":47.88},"_trs":{"__type__":"TypedArray","ctor":"Float64Array","array":[0,-123,0,0,0,0,1,1,1,1]}},{"__type__":"cc.Node","_name":"btn_ddshare","_parent":{"__id__":46},"_children":[{"__id__":52}],"_components":[{"__type__":"cc.Button","node":{"__id__":51},"zoomScale":0.9,"clickEvents":[{"__type__":"cc.ClickEvent","target":{"__id__":1},"_componentId":"typdk639-a9c2-4223-9b4c-d1fcc2f38d31","handler":"OnClick_BtnWnd"}],"_N$transition":3,"transition":3,"_N$pressedColor":{"__type__":"cc.Color","r":255,"g":255,"b":255},"pressedColor":{"__type__":"cc.Color","r":255,"g":255,"b":255},"_N$disabledColor":{"__type__":"cc.Color","r":255,"g":255,"b":255},"_N$pressedSprite":{"__uuid__":"e97GVMl6JHh5Ml5qEDdSGa"},"pressedSprite":{"__uuid__":"e97GVMl6JHh5Ml5qEDdSGa"},"_N$hoverSprite":{"__uuid__":"e97GVMl6JHh5Ml5qEDdSGa"},"hoverSprite":{"__uuid__":"e97GVMl6JHh5Ml5qEDdSGa"},"_N$disabledSprite":{"__uuid__":"29FYIk+N1GYaeWH/q1NxQO"},"_N$target":{"__id__":51}},{"__type__":"cc.Sprite","node":{"__id__":51},"_materials":[{"__uuid__":"ecpdLyjvZBwrvm+cedCcQy"}],"_spriteFrame":{"__uuid__":"typdk32c-2ab0-4e59-8356-d070cfd3d4cb"},"_sizeMode":0}],"_prefab":{"__type__":"cc.PrefabInfo","root":{"__id__":1},"asset":{"__uuid__":"typdke28-23c6-498c-bc31-58a61fc4a6c6"},"fileId":"5ad768p4E1KlLt8/+bqGc4a"},"_contentSize":{"__type__":"cc.Size","width":171,"height":171},"_trs":{"__type__":"TypedArray","ctor":"Float64Array","array":[0,30,0,0,0,0,1,1,1,1]}},{"__type__":"cc.Node","_name":"label","_parent":{"__id__":51},"_components":[{"__type__":"cc.Label","node":{"__id__":52},"_materials":[{"__uuid__":"ecpdLyjvZBwrvm+cedCcQy"}],"_useOriginalSize":false,"_string":"钉钉","_N$string":"钉钉","_fontSize":38,"_lineHeight":38,"_N$file":{"__uuid__":"typdk345-cbe0-4203-a8ca-8141b2e63f4f"},"_isSystemFontUsed":false,"_N$horizontalAlign":1,"_N$verticalAlign":1}],"_prefab":{"__type__":"cc.PrefabInfo","root":{"__id__":1},"asset":{"__uuid__":"typdke28-23c6-498c-bc31-58a61fc4a6c6"},"fileId":"d4826ryocpPWpbAxSyhlXwV"},"_contentSize":{"__type__":"cc.Size","width":76,"height":47.88},"_trs":{"__type__":"TypedArray","ctor":"Float64Array","array":[0,-123,0,0,0,0,1,1,1,1]}},{"__type__":"cc.Node","_name":"btn_xlshare","_parent":{"__id__":46},"_children":[{"__id__":54}],"_components":[{"__type__":"cc.Button","node":{"__id__":53},"zoomScale":0.9,"clickEvents":[{"__type__":"cc.ClickEvent","target":{"__id__":1},"_componentId":"typdk639-a9c2-4223-9b4c-d1fcc2f38d31","handler":"OnClick_BtnWnd"}],"_N$transition":3,"transition":3,"_N$pressedColor":{"__type__":"cc.Color","r":255,"g":255,"b":255},"pressedColor":{"__type__":"cc.Color","r":255,"g":255,"b":255},"_N$disabledColor":{"__type__":"cc.Color","r":255,"g":255,"b":255},"_N$pressedSprite":{"__uuid__":"e97GVMl6JHh5Ml5qEDdSGa"},"pressedSprite":{"__uuid__":"e97GVMl6JHh5Ml5qEDdSGa"},"_N$hoverSprite":{"__uuid__":"e97GVMl6JHh5Ml5qEDdSGa"},"hoverSprite":{"__uuid__":"e97GVMl6JHh5Ml5qEDdSGa"},"_N$disabledSprite":{"__uuid__":"29FYIk+N1GYaeWH/q1NxQO"},"_N$target":{"__id__":53}},{"__type__":"cc.Sprite","node":{"__id__":53},"_materials":[{"__uuid__":"ecpdLyjvZBwrvm+cedCcQy"}],"_spriteFrame":{"__uuid__":"typdk66c-076c-435e-a551-fbbf454b4187"},"_sizeMode":0}],"_prefab":{"__type__":"cc.PrefabInfo","root":{"__id__":1},"asset":{"__uuid__":"typdke28-23c6-498c-bc31-58a61fc4a6c6"},"fileId":"54eb1h2s1lJY58Q9JU3bOJM"},"_contentSize":{"__type__":"cc.Size","width":171,"height":171},"_trs":{"__type__":"TypedArray","ctor":"Float64Array","array":[200,30.000000000000057,0,0,0,0,1,1,1,1]}},{"__type__":"cc.Node","_name":"label","_parent":{"__id__":53},"_components":[{"__type__":"cc.Label","node":{"__id__":54},"_materials":[{"__uuid__":"ecpdLyjvZBwrvm+cedCcQy"}],"_useOriginalSize":false,"_string":"闲聊","_N$string":"闲聊","_fontSize":38,"_lineHeight":38,"_N$file":{"__uuid__":"typdk345-cbe0-4203-a8ca-8141b2e63f4f"},"_isSystemFontUsed":false,"_N$horizontalAlign":1,"_N$verticalAlign":1}],"_prefab":{"__type__":"cc.PrefabInfo","root":{"__id__":1},"asset":{"__uuid__":"typdke28-23c6-498c-bc31-58a61fc4a6c6"},"fileId":"65cddmnwgNHfo16hv/wG32l"},"_contentSize":{"__type__":"cc.Size","width":76,"height":47.88},"_trs":{"__type__":"TypedArray","ctor":"Float64Array","array":[0,-123,0,0,0,0,1,1,1,1]}},{"__type__":"cc.Node","_name":"btn_closeshare","_parent":{"__id__":45},"_components":[{"__type__":"cc.Sprite","node":{"__id__":55},"_materials":[{"__uuid__":"ecpdLyjvZBwrvm+cedCcQy"}],"_spriteFrame":{"__uuid__":"typdked7-f3a2-49f2-bdae-92ddc74dd698"},"_sizeMode":0},{"__type__":"cc.Button","node":{"__id__":55},"clickEvents":[{"__type__":"cc.ClickEvent","target":{"__id__":1},"_componentId":"typdk639-a9c2-4223-9b4c-d1fcc2f38d31","handler":"OnClick_BtnWnd"}],"_N$transition":3,"transition":3,"_N$normalColor":{"__type__":"cc.Color","r":214,"g":214,"b":214},"_N$target":{"__id__":55}}],"_prefab":{"__type__":"cc.PrefabInfo","root":{"__id__":1},"asset":{"__uuid__":"typdke28-23c6-498c-bc31-58a61fc4a6c6"},"fileId":"588a7TITrZO2rmaOhr+7om/"},"_contentSize":{"__type__":"cc.Size","width":80,"height":80},"_trs":{"__type__":"TypedArray","ctor":"Float64Array","array":[320,130,0,0,0,0,1,1,1,1]}}],{"__type__":"cc.SpriteFrame","content":{"name":"bg","texture":"typdk906-262b-442d-8405-b1ebf7dd583d","rect":[0,0,1750,800],"offset":[0,0],"originalSize":[1750,800],"capInsets":[0,0,0,0]}},{"__type__":"cc.SpriteFrame","content":{"name":"btn_close","texture":"typdk435-32f0-46cf-9b76-ae84a1baec20","rect":[0,0,79,80],"offset":[0,0],"originalSize":[79,80],"capInsets":[0,0,0,0]}}]