[{"__type__":"cc.SpriteFrame","content":{"name":"ani_xzd_09","texture":"qzmjmjfe-3147-45e8-8706-19df1bfec9db","rect":[4,41,1021,291],"offset":[0.5,-20.5],"originalSize":[1028,332],"capInsets":[0,0,0,0]}},[{"__type__":"cc.Prefab","_name":"xiaozhadan","data":{"__id__":1}},{"__type__":"cc.Node","_name":"xiaozhadan","_components":[{"__type__":"cc.Sprite","node":{"__id__":1},"_spriteFrame":{"__uuid__":"qzmjmj35-5fc8-48a0-b39c-aa866ebbb8f7"},"_sizeMode":2,"_isTrimmedMode":false},{"__type__":"cc.Animation","node":{"__id__":1},"_defaultClip":{"__uuid__":"qzmjmj93-35cb-4373-b396-3daa485756f1"},"_clips":[{"__uuid__":"qzmjmj93-35cb-4373-b396-3daa485756f1"}]},{"__type__":"qzmjmja3-f7f6-43f3-bc26-19a21c44bee8","node":{"__id__":1}}],"_prefab":{"__type__":"cc.PrefabInfo","root":{"__id__":1},"asset":{"__uuid__":"qzmjmjc1-fad4-4425-9f84-cfd584674c16"},"fileId":"9aa45N2MlJPdLYvJqRawP1/"},"_contentSize":{"__type__":"cc.Size","width":1028,"height":332},"_trs":{"__type__":"TypedArray","ctor":"Float64Array","array":[0,0,0,0,0,0,1,1,1,1]}}]]