[{"__type__":"cc.SpriteFrame","content":{"name":"liuju_ani2","texture":"qzmjmj3c-ea21-436e-b1f9-8aed87f85683","rect":[60,36,305,125],"offset":[-19.5,-16.5],"originalSize":[464,164],"capInsets":[0,0,0,0]}},{"__type__":"cc.SpriteFrame","content":{"name":"liuju_ani3","texture":"qzmjmj7c-89fd-4018-b33e-f77d28d90e47","rect":[39,36,345,125],"offset":[-20.5,-16.5],"originalSize":[464,164],"capInsets":[0,0,0,0]}},{"__type__":"cc.SpriteFrame","content":{"name":"liuju_ani4","texture":"qzmjmj77-2ebb-406d-a4de-7edd424cb035","rect":[23,28,401,133],"offset":[-8.5,-12.5],"originalSize":[464,164],"capInsets":[0,0,0,0]}},{"__type__":"cc.SpriteFrame","content":{"name":"liuju_ani6","texture":"qzmjmj6a-351e-44df-af02-8f27459c239b","rect":[0,0,464,161],"offset":[0,1.5],"originalSize":[464,164],"capInsets":[0,0,0,0]}},{"__type__":"cc.SpriteFrame","content":{"name":"liuju_ani5","texture":"qzmjmj5d-b885-481d-aca6-6dc01e0f81d3","rect":[16,14,419,147],"offset":[-6.5,-5.5],"originalSize":[464,164],"capInsets":[0,0,0,0]}},{"__type__":"cc.SpriteFrame","content":{"name":"liuju_ani1","texture":"qzmjmj0d-ff1b-4078-b97f-18101d1f239f","rect":[80,36,259,125],"offset":[-22.5,-16.5],"originalSize":[464,164],"capInsets":[0,0,0,0]}},{"__type__":"cc.AnimationClip","_name":"liujuAction","_duration":1.0166666666666666,"curveData":{"comps":{"cc.Sprite":{"spriteFrame":[{"frame":0,"value":{"__uuid__":"qzmjmja3-fc29-4881-993a-5434b01e67d6"}},{"frame":0.16666666666666666,"value":{"__uuid__":"qzmjmj09-b682-4d43-b058-3314971f22bf"}},{"frame":0.3333333333333333,"value":{"__uuid__":"qzmjmj58-ed44-4cd3-b4dd-57ff5a1989c2"}},{"frame":0.5,"value":{"__uuid__":"qzmjmj5a-473d-4784-9983-2978b2535044"}},{"frame":0.6666666666666666,"value":{"__uuid__":"qzmjmj8e-e2e2-4bc3-9d25-f904b9cc9521"}},{"frame":1,"value":{"__uuid__":"qzmjmj89-efa8-42ff-baf3-6e5f12de8bcb"}}]}}}}]