[{"__type__":"cc.SpriteFrame","content":{"name":"hh_face_z_02","texture":"qzmjmj4a-9b4a-45bc-963f-5a3700279a85","rect":[0,0,98,84],"offset":[0,0],"originalSize":[98,84],"capInsets":[0,0,0,0]}},[{"__type__":"cc.Prefab","_name":"UIQZMJ2DCard04","data":{"__id__":1}},{"__type__":"cc.Node","_name":"UIQZMJ2DCard04","_children":[{"__id__":2},{"__id__":3}],"_components":[{"__type__":"cc.Layout","node":{"__id__":1},"_layoutSize":{"__type__":"cc.Size","width":60,"height":478},"_resize":1,"_N$layoutType":2,"_N$spacingY":-20,"_N$verticalDirection":0},{"__type__":"qzmjmj4f-ac33-47a4-99be-e2516845f896","node":{"__id__":1},"JS_Name":"xymj_BaseComponent","sp_in":{"__uuid__":"qzmjmjca-e0de-4d6e-bf4b-90cf73a191e7"},"empty":{"__uuid__":"qzmjmjbb-6f3c-438c-8d39-8df63a516524"},"card":{"__id__":2},"downcard":{"__id__":3},"BackCardSpriteFrame":{"__uuid__":"qzmjmjb8-1afa-4327-8677-06f2446e30ae"}}],"_prefab":{"__type__":"cc.PrefabInfo","root":{"__id__":1},"asset":{"__uuid__":"qzmjmj47-80e0-4f91-a58d-bcba355b820b"},"fileId":"282291GHWVJlJ6mpwvVOjju"},"_contentSize":{"__type__":"cc.Size","width":60,"height":478},"_trs":{"__type__":"TypedArray","ctor":"Float64Array","array":[45,40,0,0,0,0,1,1,1,1]}},{"__type__":"cc.Node","_name":"card","_parent":{"__id__":1},"_components":[{"__type__":"cc.Layout","node":{"__id__":2},"_layoutSize":{"__type__":"cc.Size","width":30,"height":335},"_resize":1,"_N$layoutType":2,"_N$spacingY":-45,"_N$horizontalDirection":1}],"_prefab":{"__type__":"cc.PrefabInfo","root":{"__id__":1},"asset":{"__uuid__":"qzmjmj47-80e0-4f91-a58d-bcba355b820b"},"fileId":"5b9ab98R+tFTYSv3qv+PA1s"},"_contentSize":{"__type__":"cc.Size","width":30,"height":335},"_anchorPoint":{"__type__":"cc.Vec2","x":0.5},"_trs":{"__type__":"TypedArray","ctor":"Float64Array","array":[16,-239,0,0,0,0,1,1,1,1]}},{"__type__":"cc.Node","_name":"downcard","_parent":{"__id__":1},"_children":[{"__id__":4}],"_components":[{"__type__":"cc.Layout","node":{"__id__":3},"_layoutSize":{"__type__":"cc.Size","width":65,"height":163},"_resize":1,"_N$layoutType":2,"_N$spacingY":-30,"_N$verticalDirection":0},{"__type__":"qzmjmj4b-140d-4a29-af82-be69e76160e8","node":{"__id__":3},"JS_Name":"xymj_BaseComponent"}],"_prefab":{"__type__":"cc.PrefabInfo","root":{"__id__":1},"asset":{"__uuid__":"qzmjmj47-80e0-4f91-a58d-bcba355b820b"},"fileId":"a62eb5Jv01PFb/D+AvYEWir"},"_contentSize":{"__type__":"cc.Size","width":65,"height":163},"_anchorPoint":{"__type__":"cc.Vec2","x":0.5,"y":1},"_trs":{"__type__":"TypedArray","ctor":"Float64Array","array":[-30,239,0,0,0,0,1,1,1,1]}},{"__type__":"cc.Node","_name":"down01","_parent":{"__id__":3},"_children":[{"__id__":5},{"__id__":8},{"__id__":11},{"__id__":14}],"_prefab":{"__type__":"cc.PrefabInfo","root":{"__id__":1},"asset":{"__uuid__":"qzmjmj47-80e0-4f91-a58d-bcba355b820b"},"fileId":"96c5dZqj0dKdaH/PDP7m07H"},"_contentSize":{"__type__":"cc.Size","width":92,"height":163},"_trs":{"__type__":"TypedArray","ctor":"Float64Array","array":[0,-81.5,0,0,0,0,1,0.6,0.6,1]}},{"__type__":"cc.Node","_name":"card03","_parent":{"__id__":4},"_children":[{"__id__":6},{"__id__":7}],"_components":[{"__type__":"cc.Sprite","node":{"__id__":5},"_spriteFrame":{"__uuid__":"qzmjmj15-267b-4e53-b2da-e1d1be5ddcca"}}],"_prefab":{"__type__":"cc.PrefabInfo","root":{"__id__":1},"asset":{"__uuid__":"qzmjmj47-80e0-4f91-a58d-bcba355b820b"},"fileId":"bfc68nB941PRqhCLFNQjaCf"},"_contentSize":{"__type__":"cc.Size","width":98,"height":84},"_trs":{"__type__":"TypedArray","ctor":"Float64Array","array":[-2,79.5,0,0,0,0,1,1,1,1]}},{"__type__":"cc.Node","_name":"zhi","_parent":{"__id__":5},"_active":false,"_components":[{"__type__":"cc.Sprite","node":{"__id__":6}}],"_prefab":{"__type__":"cc.PrefabInfo","root":{"__id__":1},"asset":{"__uuid__":"qzmjmj47-80e0-4f91-a58d-bcba355b820b"},"fileId":"52609AeAmdBdqbwnHpIHQGZ"},"_contentSize":{"__type__":"cc.Size","width":27,"height":27},"_trs":{"__type__":"TypedArray","ctor":"Float64Array","array":[-25.9,8,0,0,0,0,1,1,-1,1]}},{"__type__":"cc.Node","_name":"da","_parent":{"__id__":5},"_active":false,"_components":[{"__type__":"cc.Sprite","node":{"__id__":7},"_sizeMode":0}],"_prefab":{"__type__":"cc.PrefabInfo","root":{"__id__":1},"asset":{"__uuid__":"qzmjmj47-80e0-4f91-a58d-bcba355b820b"},"fileId":"33aecGjp1xHjr1pPDgCFMrk"},"_contentSize":{"__type__":"cc.Size","width":53,"height":59},"_trs":{"__type__":"TypedArray","ctor":"Float64Array","array":[24.21,0.21999999999999886,0,0,0,0,1,-0.5,-0.5,1]},"_eulerAngles":{"__type__":"cc.Vec3","z":90}},{"__type__":"cc.Node","_name":"card02","_parent":{"__id__":4},"_children":[{"__id__":9},{"__id__":10}],"_components":[{"__type__":"cc.Sprite","node":{"__id__":8},"_spriteFrame":{"__uuid__":"qzmjmjaa-1f49-401a-a683-0a7b6013617e"}}],"_prefab":{"__type__":"cc.PrefabInfo","root":{"__id__":1},"asset":{"__uuid__":"qzmjmj47-80e0-4f91-a58d-bcba355b820b"},"fileId":"f042fG3pK9PKJb3W4M2ynA+"},"_contentSize":{"__type__":"cc.Size","width":98,"height":84},"_trs":{"__type__":"TypedArray","ctor":"Float64Array","array":[-2,16.5,0,0,0,0,1,1,1,1]}},{"__type__":"cc.Node","_name":"zhi","_parent":{"__id__":8},"_active":false,"_components":[{"__type__":"cc.Sprite","node":{"__id__":9}}],"_prefab":{"__type__":"cc.PrefabInfo","root":{"__id__":1},"asset":{"__uuid__":"qzmjmj47-80e0-4f91-a58d-bcba355b820b"},"fileId":"4072bQKE5hInq0E5tMhjnNq"},"_contentSize":{"__type__":"cc.Size","width":27,"height":27},"_trs":{"__type__":"TypedArray","ctor":"Float64Array","array":[-25.9,8,0,0,0,0,1,1,-1,1]}},{"__type__":"cc.Node","_name":"da","_parent":{"__id__":8},"_active":false,"_components":[{"__type__":"cc.Sprite","node":{"__id__":10},"_sizeMode":0}],"_prefab":{"__type__":"cc.PrefabInfo","root":{"__id__":1},"asset":{"__uuid__":"qzmjmj47-80e0-4f91-a58d-bcba355b820b"},"fileId":"52fb9hfBCtFT4KitLJC5+7w"},"_contentSize":{"__type__":"cc.Size","width":53,"height":59},"_trs":{"__type__":"TypedArray","ctor":"Float64Array","array":[24.21,0.6099999999999994,0,0,0,0,1,-0.5,-0.5,1]},"_eulerAngles":{"__type__":"cc.Vec3","z":90}},{"__type__":"cc.Node","_name":"card01","_parent":{"__id__":4},"_children":[{"__id__":12},{"__id__":13}],"_components":[{"__type__":"cc.Sprite","node":{"__id__":11},"_spriteFrame":{"__uuid__":"qzmjmj58-2a2b-425d-8783-5495c99a9dc9"}}],"_prefab":{"__type__":"cc.PrefabInfo","root":{"__id__":1},"asset":{"__uuid__":"qzmjmj47-80e0-4f91-a58d-bcba355b820b"},"fileId":"6bfc6jA7EBMNphpsZHRmcPi"},"_contentSize":{"__type__":"cc.Size","width":98,"height":84},"_trs":{"__type__":"TypedArray","ctor":"Float64Array","array":[-2,-46.5,0,0,0,0,1,1,1,1]}},{"__type__":"cc.Node","_name":"zhi","_parent":{"__id__":11},"_active":false,"_components":[{"__type__":"cc.Sprite","node":{"__id__":12}}],"_prefab":{"__type__":"cc.PrefabInfo","root":{"__id__":1},"asset":{"__uuid__":"qzmjmj47-80e0-4f91-a58d-bcba355b820b"},"fileId":"c87227DkM1EXYf08Jncx+/T"},"_contentSize":{"__type__":"cc.Size","width":27,"height":27},"_trs":{"__type__":"TypedArray","ctor":"Float64Array","array":[-25.9,8,0,0,0,0,1,1,-1,1]}},{"__type__":"cc.Node","_name":"da","_parent":{"__id__":11},"_active":false,"_components":[{"__type__":"cc.Sprite","node":{"__id__":13},"_sizeMode":0}],"_prefab":{"__type__":"cc.PrefabInfo","root":{"__id__":1},"asset":{"__uuid__":"qzmjmj47-80e0-4f91-a58d-bcba355b820b"},"fileId":"2ef86Gw2m9HxKXudMEjczdZ"},"_contentSize":{"__type__":"cc.Size","width":53,"height":59},"_trs":{"__type__":"TypedArray","ctor":"Float64Array","array":[24.6,1.9100000000000001,0,0,0,0,1,-0.5,-0.5,1]},"_eulerAngles":{"__type__":"cc.Vec3","z":90}},{"__type__":"cc.Node","_name":"card04","_parent":{"__id__":4},"_children":[{"__id__":15},{"__id__":16}],"_components":[{"__type__":"cc.Sprite","node":{"__id__":14},"_spriteFrame":{"__uuid__":"qzmjmj15-267b-4e53-b2da-e1d1be5ddcca"}}],"_prefab":{"__type__":"cc.PrefabInfo","root":{"__id__":1},"asset":{"__uuid__":"qzmjmj47-80e0-4f91-a58d-bcba355b820b"},"fileId":"a9104bwMZNBcKFF86O4WBbb"},"_contentSize":{"__type__":"cc.Size","width":98,"height":84},"_trs":{"__type__":"TypedArray","ctor":"Float64Array","array":[-2,36.69999999999999,0,0,0,0,1,1,1,1]}},{"__type__":"cc.Node","_name":"zhi","_parent":{"__id__":14},"_active":false,"_components":[{"__type__":"cc.Sprite","node":{"__id__":15}}],"_prefab":{"__type__":"cc.PrefabInfo","root":{"__id__":1},"asset":{"__uuid__":"qzmjmj47-80e0-4f91-a58d-bcba355b820b"},"fileId":"abec1gwuPdBRaHjoIiHOgpK"},"_contentSize":{"__type__":"cc.Size","width":27,"height":27},"_trs":{"__type__":"TypedArray","ctor":"Float64Array","array":[-26.9,8,0,0,0,0,1,1,-1,1]}},{"__type__":"cc.Node","_name":"da","_parent":{"__id__":14},"_active":false,"_components":[{"__type__":"cc.Sprite","node":{"__id__":16},"_sizeMode":0}],"_prefab":{"__type__":"cc.PrefabInfo","root":{"__id__":1},"asset":{"__uuid__":"qzmjmj47-80e0-4f91-a58d-bcba355b820b"},"fileId":"cdc72dAwyxI9oWQoxBX8Kd+"},"_contentSize":{"__type__":"cc.Size","width":53,"height":59},"_trs":{"__type__":"TypedArray","ctor":"Float64Array","array":[24.52,1.9100000000000001,0,0,0,0,1,-0.5,-0.5,1]},"_eulerAngles":{"__type__":"cc.Vec3","z":90}}],{"__type__":"cc.SpriteFrame","content":{"name":"hh_face_z_06","texture":"qzmjmjd8-deda-41c2-b2a1-f20e659f3ba5","rect":[0,0,98,84],"offset":[0,0],"originalSize":[98,84],"capInsets":[0,0,0,0]}},{"__type__":"cc.SpriteFrame","content":{"name":"hh_face_z_03","texture":"qzmjmj63-6762-4f06-b01c-caf4d39ca6af","rect":[0,0,98,84],"offset":[0,0],"originalSize":[98,84],"capInsets":[0,0,0,0]}},{"__type__":"cc.SpriteFrame","content":{"name":"back_left_2d","texture":"qzmjmjea-383b-45e5-9f11-e0e430d749ec","rect":[0,0,49,122],"offset":[0,0],"originalSize":[49,122],"capInsets":[0,0,0,0]}}]