[{"__type__":"cc.BitmapFont","_name":"win_num_font","spriteFrame":{"__uuid__":"qzmjmj5d-82cf-4a7f-8904-dd95e7a3f77d"},"fontSize":32,"_fntConfig":{"commonHeight":80,"fontSize":32,"atlasName":"win_num_font.png","fontDefDictionary":{"9":{"rect":{"x":0,"y":0,"width":0,"height":0},"xOffset":0,"yOffset":0,"xAdvance":208},"32":{"rect":{"x":0,"y":0,"width":0,"height":0},"xOffset":0,"yOffset":0,"xAdvance":26},"43":{"rect":{"x":0,"y":71,"width":25,"height":25},"xOffset":0,"yOffset":55,"xAdvance":26},"46":{"rect":{"x":0,"y":104,"width":11,"height":11},"xOffset":0,"yOffset":69,"xAdvance":12},"48":{"rect":{"x":65,"y":0,"width":23,"height":32},"xOffset":0,"yOffset":48,"xAdvance":24},"49":{"rect":{"x":89,"y":0,"width":15,"height":32},"xOffset":0,"yOffset":48,"xAdvance":16},"50":{"rect":{"x":74,"y":33,"width":23,"height":32},"xOffset":0,"yOffset":48,"xAdvance":24},"51":{"rect":{"x":50,"y":33,"width":23,"height":32},"xOffset":0,"yOffset":48,"xAdvance":24},"52":{"rect":{"x":0,"y":38,"width":25,"height":32},"xOffset":0,"yOffset":48,"xAdvance":26},"53":{"rect":{"x":41,"y":0,"width":23,"height":32},"xOffset":0,"yOffset":48,"xAdvance":24},"54":{"rect":{"x":26,"y":71,"width":23,"height":32},"xOffset":0,"yOffset":48,"xAdvance":24},"55":{"rect":{"x":74,"y":66,"width":22,"height":32},"xOffset":0,"yOffset":48,"xAdvance":23},"56":{"rect":{"x":26,"y":38,"width":23,"height":32},"xOffset":0,"yOffset":48,"xAdvance":24},"57":{"rect":{"x":50,"y":66,"width":23,"height":32},"xOffset":0,"yOffset":48,"xAdvance":24},"19975":{"rect":{"x":0,"y":0,"width":40,"height":37},"xOffset":0,"yOffset":46,"xAdvance":41}},"kerningDict":{}}},{"__type__":"cc.SpriteFrame","content":{"name":"win_num_font","texture":"qzmjmjf9-ebc2-4069-b0af-f87ba9336bc6","rect":[0,0,104,115],"offset":[-12,6.5],"originalSize":[128,128],"capInsets":[0,0,0,0]}}]