[{"__type__":"cc.SpriteFrame","content":{"name":"qidui_ani3","texture":"qzmjmja9-b52c-463f-a96f-b85d1576da43","rect":[0,16,367,144],"offset":[0,-4.5],"originalSize":[367,167],"capInsets":[0,0,0,0]}},{"__type__":"cc.SpriteFrame","content":{"name":"qidui_ani5","texture":"qzmjmj60-14ff-4e58-8429-65969bd559fe","rect":[0,8,367,138],"offset":[0,6.5],"originalSize":[367,167],"capInsets":[0,0,0,0]}},{"__type__":"cc.SpriteFrame","content":{"name":"qidui_ani2","texture":"qzmjmje0-9d34-4578-bcb0-dd349314196f","rect":[0,23,367,107],"offset":[0,7],"originalSize":[367,167],"capInsets":[0,0,0,0]}},{"__type__":"cc.SpriteFrame","content":{"name":"qidui_ani8","texture":"qzmjmj29-fe39-400a-a40c-01c78cb63f29","rect":[0,0,367,167],"offset":[0,0],"originalSize":[367,167],"capInsets":[0,0,0,0]}},{"__type__":"cc.SpriteFrame","content":{"name":"qidui_ani4","texture":"qzmjmj65-2208-4e04-869b-e79a54a98960","rect":[0,3,367,164],"offset":[0,-1.5],"originalSize":[367,167],"capInsets":[0,0,0,0]}},{"__type__":"cc.SpriteFrame","content":{"name":"qidui_ani1","texture":"qzmjmj51-4ccb-4035-8339-b4035b56ec3f","rect":[0,23,367,107],"offset":[0,7],"originalSize":[367,167],"capInsets":[0,0,0,0]}},{"__type__":"cc.AnimationClip","_name":"duiduihuAction","_duration":0.1,"speed":0.15,"curveData":{"comps":{"cc.Sprite":{"spriteFrame":[{"frame":-0.03333333333333333,"value":{"__uuid__":"qzmjmj7d-19da-4df3-b302-db97bf02f3f8"}},{"frame":-0.016666666666666666,"value":{"__uuid__":"qzmjmj1d-df29-4b77-95f7-d0373685e0a9"}},{"frame":0,"value":{"__uuid__":"qzmjmj16-e064-4c0a-b3b8-9420da8e1a68"}},{"frame":0.016666666666666666,"value":{"__uuid__":"qzmjmj77-3f76-489f-9616-fff484661fc5"}},{"frame":0.03333333333333333,"value":{"__uuid__":"qzmjmj1b-6668-4619-8494-1c1c61719181"}},{"frame":0.05,"value":{"__uuid__":"qzmjmjeb-61fb-47e1-a443-54f5d26881ea"}},{"frame":0.06666666666666667,"value":{"__uuid__":"qzmjmjbd-f13d-4f22-a895-1b2e1e5a4272"}},{"frame":0.08333333333333333,"value":{"__uuid__":"qzmjmj74-daa8-44c3-819a-27a80dbde1b9"}}]}}}},{"__type__":"cc.SpriteFrame","content":{"name":"qidui_ani7","texture":"qzmjmj31-96b9-4885-81e8-42d462ca7ebc","rect":[0,0,367,139],"offset":[0,14],"originalSize":[367,167],"capInsets":[0,0,0,0]}},{"__type__":"cc.SpriteFrame","content":{"name":"qidui_ani6","texture":"qzmjmj8e-6ca1-48f3-9ea6-3768a85e91c2","rect":[0,9,367,136],"offset":[0,6.5],"originalSize":[367,167],"capInsets":[0,0,0,0]}}]