[{"__type__":"cc.SpriteFrame","content":{"name":"lb_sy","texture":"typdk571-0719-496f-94ed-0b8fdfeffb7a","rect":[2,2,108,104],"offset":[-8,10],"originalSize":[128,128],"capInsets":[0,0,0,0]}},{"__type__":"cc.BitmapFont","_name":"lb_sy","spriteFrame":{"__uuid__":"typdka49-b404-4ca5-b967-e5e79095c6ae"},"fontSize":1,"_fntConfig":{"commonHeight":36,"fontSize":1,"atlasName":"lb_sy.png","fontDefDictionary":{"32":{"rect":{"x":0,"y":0,"width":0,"height":0},"xOffset":0,"yOffset":0,"xAdvance":28},"48":{"rect":{"x":0,"y":0,"width":28,"height":36},"xOffset":0,"yOffset":0,"xAdvance":28},"49":{"rect":{"x":0,"y":36,"width":28,"height":36},"xOffset":0,"yOffset":0,"xAdvance":28},"50":{"rect":{"x":28,"y":0,"width":28,"height":36},"xOffset":0,"yOffset":0,"xAdvance":28},"51":{"rect":{"x":0,"y":72,"width":28,"height":36},"xOffset":0,"yOffset":0,"xAdvance":28},"52":{"rect":{"x":28,"y":36,"width":28,"height":36},"xOffset":0,"yOffset":0,"xAdvance":28},"53":{"rect":{"x":56,"y":0,"width":28,"height":36},"xOffset":0,"yOffset":0,"xAdvance":28},"54":{"rect":{"x":28,"y":72,"width":28,"height":36},"xOffset":0,"yOffset":0,"xAdvance":28},"55":{"rect":{"x":56,"y":36,"width":28,"height":36},"xOffset":0,"yOffset":0,"xAdvance":28},"56":{"rect":{"x":84,"y":0,"width":28,"height":36},"xOffset":0,"yOffset":0,"xAdvance":28},"57":{"rect":{"x":56,"y":72,"width":28,"height":36},"xOffset":0,"yOffset":0,"xAdvance":28}},"kerningDict":{}}}]