[{"__type__":"cc.SpriteFrame","content":{"name":"default_btn_disabled","texture":"71VhFCTINJM6/Ky3oX9nBT","rect":[0,0,40,40],"offset":[0,0],"originalSize":[40,40],"capInsets":[12,12,12,12]}},{"__type__":"cc.SpriteFrame","content":{"name":"img_djs2","texture":"5e57M1qbdK8qwicQ21nfOi","rect":[0,0,17,16],"offset":[0,0],"originalSize":[17,16],"capInsets":[0,0,0,0]}},{"__type__":"cc.SpriteFrame","content":{"name":"trusteeship","texture":"e6Y1fg5TVDxaWQWcBwSmEf","rect":[0,0,80,77],"offset":[0,0],"originalSize":[80,77],"capInsets":[0,0,0,0]}},{"__type__":"cc.SpriteFrame","content":{"name":"default_btn_pressed","texture":"b4P/PCArtIdIH38t6mlw8Y","rect":[0,0,40,40],"offset":[0,0],"originalSize":[40,40],"capInsets":[12,12,12,12]}},{"__type__":"cc.SpriteFrame","content":{"name":"fangzhu","texture":"typdkc49-d06c-47de-9de0-b1427c5562be","rect":[0,0,34,35],"offset":[0,0],"originalSize":[34,35],"capInsets":[0,0,0,0]}},{"__type__":"cc.SpriteFrame","content":{"name":"icon_chat_huatong3","texture":"typdka14-28af-4529-9d5c-e8142bdc05fc","rect":[0,0,7,26],"offset":[0,0],"originalSize":[7,26],"capInsets":[0,0,0,0]}},{"__type__":"cc.SpriteFrame","content":{"name":"bg_chat_you","texture":"typdkbcd-2bbe-4d65-8b64-dc1a24c2a72d","rect":[0,0,160,95],"offset":[0,0],"originalSize":[160,95],"capInsets":[44,0,56,0]}},{"__type__":"cc.SpriteFrame","content":{"name":"zhuangjia","texture":"typdk11f-6697-4bf6-8ba4-6f9badaa52f6","rect":[0,0,48,48],"offset":[0,0],"originalSize":[48,48],"capInsets":[0,0,0,0]}},{"__type__":"cc.SpriteFrame","content":{"name":"touxiang","texture":"typdkd71-7012-4036-aa30-73a03c96084f","rect":[0,0,73,73],"offset":[0,0],"originalSize":[73,73],"capInsets":[0,0,0,0]}},{"__type__":"cc.SpriteFrame","content":{"name":"lixianzhong","texture":"typdk131-f6c7-4842-ba7b-401a5350b2d6","rect":[0,0,66,24],"offset":[0,0],"originalSize":[66,24],"capInsets":[0,0,0,0]}},{"__type__":"cc.SpriteFrame","content":{"name":"icon_chat_huatong2","texture":"typdk81d-6ea8-4f53-bae8-06b4dd16895d","rect":[0,0,7,22],"offset":[-0.5,0],"originalSize":[8,22],"capInsets":[0,0,0,0]}},{"__type__":"cc.SpriteFrame","content":{"name":"icon_chat_huatong","texture":"typdk495-2a95-40c4-b79a-964c769094ef","rect":[0,0,22,26],"offset":[0,0],"originalSize":[22,26],"capInsets":[0,0,0,0]}},{"__type__":"cc.SpriteFrame","content":{"name":"btn_yellow1","texture":"typdkd7b-1853-48ac-b438-52e339ef4811","rect":[0,0,243,77],"offset":[-0.5,0.5],"originalSize":[244,78],"capInsets":[0,0,0,0]}},{"__type__":"cc.SpriteFrame","content":{"name":"bg_chat_zuobg_g","texture":"typdk2a0-8660-4be8-83af-4c2844601ac5","rect":[0,0,160,95],"offset":[0,0],"originalSize":[160,95],"capInsets":[66,0,39,0]}},{"__type__":"cc.SpriteFrame","content":{"name":"icon_ready","texture":"typdk56b-abbc-448f-946e-fbe3f9ccb0ef","rect":[0,0,57,74],"offset":[-0.5,0],"originalSize":[58,74],"capInsets":[0,0,0,0]}},{"__type__":"cc.SpriteFrame","content":{"name":"morentouxiang","texture":"typdk652-0393-4ea1-84d8-1bdd3044f177","rect":[0,0,60,60],"offset":[0,0],"originalSize":[60,60],"capInsets":[0,0,0,0]}},{"__type__":"cc.SpriteFrame","content":{"name":"likaizhong","texture":"typdkec7-9f6f-45fb-a7b4-d322151fa8b7","rect":[0,0,66,24],"offset":[0,0],"originalSize":[66,24],"capInsets":[0,0,0,0]}},[{"__type__":"cc.Prefab","_name":"pdk_UIPublicHead","data":{"__id__":1}},{"__type__":"cc.Node","_name":"pdk_UIPublicHead","_children":[{"__id__":2},{"__id__":21},{"__id__":23},{"__id__":24},{"__id__":25},{"__id__":30},{"__id__":31},{"__id__":36},{"__id__":37},{"__type__":"cc.Node","_name":"otherNode","_parent":{"__id__":1},"_prefab":{"__type__":"cc.PrefabInfo","root":{"__id__":1},"asset":{"__uuid__":"typdkc75-9cba-4891-9e73-be8382628c1b"},"fileId":"fdb412jwnVNcJfbT+Ybywwe"},"_trs":{"__type__":"TypedArray","ctor":"Float64Array","array":[0,0,0,0,0,0,1,1,1,1]}},{"__id__":38},{"__id__":39}],"_components":[{"__type__":"typdk8e8-ae4f-430f-8729-6c149939f3e8","node":{"__id__":1},"ZorderLv":7,"touxiang":{"__id__":2},"sp_chatdi_left":{"__id__":24},"sp_chatdi_right":{"__id__":30},"sp_chatdi_leftBottom":{"__id__":38},"sp_chatdi_rightBottom":{"__id__":39},"sp_audio_left":{"__id__":25},"sp_audio_right":{"__id__":31},"sp_lixian":{"__id__":14},"sp_likai":{"__id__":12},"btn_out":{"__id__":21},"zhuangjia":{"__id__":17},"fangzhu":{"__id__":18},"lb_name":{"__id__":5},"lb_jifen":{"__id__":7},"btn_head":{"__id__":10},"icon_auto":{"__id__":36},"face_ani":{"__id__":37},"icon_ready":{"__id__":23},"bg_box":{"__id__":16}}],"_prefab":{"__type__":"cc.PrefabInfo","root":{"__id__":1},"asset":{"__uuid__":"typdkc75-9cba-4891-9e73-be8382628c1b"},"fileId":"aa7d4syXfxKr7NpppigG29O"},"_trs":{"__type__":"TypedArray","ctor":"Float64Array","array":[0,0,0,0,0,0,1,1,1,1]}},{"__type__":"cc.Node","_name":"touxiang","_parent":{"__id__":1},"_children":[{"__id__":3},{"__id__":10},{"__id__":11},{"__id__":12},{"__id__":14},{"__id__":16},{"__id__":17},{"__id__":18},{"__id__":19}],"_components":[{"__type__":"cc.Widget","node":{"__id__":2},"alignMode":0,"_alignFlags":9,"_left":-36.5,"_top":-36.5,"_bottom":177,"_originalHeight":73}],"_prefab":{"__type__":"cc.PrefabInfo","root":{"__id__":1},"asset":{"__uuid__":"typdkc75-9cba-4891-9e73-be8382628c1b"},"fileId":"4ef5e9yAT9P+aG277d3CEgm"},"_contentSize":{"__type__":"cc.Size","width":73,"height":73},"_trs":{"__type__":"TypedArray","ctor":"Float64Array","array":[0,0,0,0,0,0,1,1,1,1]}},{"__type__":"cc.Node","_name":"sp_info","_parent":{"__id__":2},"_children":[{"__id__":4},{"__id__":6},{"__id__":8}],"_components":[{"__type__":"cc.Sprite","node":{"__id__":3},"_materials":[{"__uuid__":"ecpdLyjvZBwrvm+cedCcQy"}],"_spriteFrame":{"__uuid__":"typdkefd-9886-42ee-9d03-76ae516b4320"},"_type":1,"_sizeMode":2}],"_prefab":{"__type__":"cc.PrefabInfo","root":{"__id__":1},"asset":{"__uuid__":"typdkc75-9cba-4891-9e73-be8382628c1b"},"fileId":"a2d345fIgJJUbJ07l3FMjyV"},"_contentSize":{"__type__":"cc.Size","width":80,"height":107},"_trs":{"__type__":"TypedArray","ctor":"Float64Array","array":[0,0,0,0,0,0,1,1,1,1]}},{"__type__":"cc.Node","_name":"lb_name","_parent":{"__id__":3},"_components":[{"__id__":5}],"_prefab":{"__type__":"cc.PrefabInfo","root":{"__id__":1},"asset":{"__uuid__":"typdkc75-9cba-4891-9e73-be8382628c1b"},"fileId":"9ff3fwEjwJAy4CIUo37FrGd"},"_contentSize":{"__type__":"cc.Size","width":32,"height":22.68},"_trs":{"__type__":"TypedArray","ctor":"Float64Array","array":[1.5,41.9,0,0,0,0,1,1,1,1]}},{"__type__":"cc.Label","node":{"__id__":4},"_materials":[{"__uuid__":"ecpdLyjvZBwrvm+cedCcQy"}],"_useOriginalSize":false,"_string":"玩家","_N$string":"玩家","_fontSize":16,"_lineHeight":18,"_N$file":{"__uuid__":"typdk345-cbe0-4203-a8ca-8141b2e63f4f"},"_isSystemFontUsed":false,"_N$horizontalAlign":1,"_N$verticalAlign":1},{"__type__":"cc.Node","_name":"lb_jifen","_parent":{"__id__":3},"_components":[{"__id__":7}],"_prefab":{"__type__":"cc.PrefabInfo","root":{"__id__":1},"asset":{"__uuid__":"typdkc75-9cba-4891-9e73-be8382628c1b"},"fileId":"93013mnsz5G2JSflrk0KhIs"},"_color":{"__type__":"cc.Color","r":255,"g":228},"_contentSize":{"__type__":"cc.Size","width":100,"height":20},"_trs":{"__type__":"TypedArray","ctor":"Float64Array","array":[-0.9,-43.7,0,0,0,0,1,1,1,1]}},{"__type__":"cc.Label","node":{"__id__":6},"_materials":[{"__uuid__":"ecpdLyjvZBwrvm+cedCcQy"}],"_useOriginalSize":false,"_string":"100","_N$string":"100","_fontSize":24,"_lineHeight":24,"_enableWrapText":false,"_N$file":{"__uuid__":"typdk345-cbe0-4203-a8ca-8141b2e63f4f"},"_isSystemFontUsed":false,"_N$horizontalAlign":1,"_N$verticalAlign":1,"_N$overflow":2},{"__type__":"cc.Node","_name":"lb_SportsPoint","_parent":{"__id__":3},"_children":[{"__id__":9}],"_active":false,"_components":[{"__type__":"cc.Label","node":{"__id__":8},"_useOriginalSize":false,"_string":"100","_N$string":"100","_fontSize":24,"_lineHeight":24,"_enableWrapText":false,"_N$file":{"__uuid__":"typdk345-cbe0-4203-a8ca-8141b2e63f4f"},"_isSystemFontUsed":false,"_N$horizontalAlign":1,"_N$verticalAlign":1}],"_prefab":{"__type__":"cc.PrefabInfo","root":{"__id__":1},"asset":{"__uuid__":"typdkc75-9cba-4891-9e73-be8382628c1b"},"fileId":"85K8CgobpDD4WPJT/K1zkC"},"_color":{"__type__":"cc.Color","r":255,"g":228},"_contentSize":{"__type__":"cc.Size","width":36.19,"height":24},"_anchorPoint":{"__type__":"cc.Vec2","y":0.5},"_trs":{"__type__":"TypedArray","ctor":"Float64Array","array":[-19,-68,0,0,0,0,1,1,1,1]}},{"__type__":"cc.Node","_name":"lb_zi","_parent":{"__id__":8},"_components":[{"__type__":"cc.Label","node":{"__id__":9},"_useOriginalSize":false,"_string":"赛","_N$string":"赛","_fontSize":24,"_lineHeight":24,"_enableWrapText":false,"_N$file":{"__uuid__":"typdk345-cbe0-4203-a8ca-8141b2e63f4f"},"_isSystemFontUsed":false,"_N$horizontalAlign":1,"_N$verticalAlign":1}],"_prefab":{"__type__":"cc.PrefabInfo","root":{"__id__":1},"asset":{"__uuid__":"typdkc75-9cba-4891-9e73-be8382628c1b"},"fileId":"88/roymv1Ni6BJfc4PP2v4"},"_color":{"__type__":"cc.Color","r":255,"g":228},"_contentSize":{"__type__":"cc.Size","width":24,"height":24},"_trs":{"__type__":"TypedArray","ctor":"Float64Array","array":[-23,0,0,0,0,0,1,1,1,1]}},{"__type__":"cc.Node","_name":"btn_head","_parent":{"__id__":2},"_components":[{"__type__":"cc.Sprite","node":{"__id__":10},"_materials":[{"__uuid__":"ecpdLyjvZBwrvm+cedCcQy"}],"_spriteFrame":{"__uuid__":"typdkbd4-6d8e-4361-aae8-91caca6f2355"},"_sizeMode":0,"_isTrimmedMode":false},{"__type__":"cc.Button","node":{"__id__":10},"zoomScale":0.9,"clickEvents":[{"__type__":"cc.ClickEvent","target":{"__id__":1},"_componentId":"typdk8e8-ae4f-430f-8729-6c149939f3e8","handler":"OnClick_BtnWnd"}],"_N$transition":3,"transition":3,"_N$normalColor":{"__type__":"cc.Color","r":214,"g":214,"b":214},"_N$target":{"__id__":10}},{"__type__":"typdk551-cdf7-4ff7-b9d1-ff119733cfed","node":{"__id__":10},"JS_Name":"sss_BaseComponent"}],"_prefab":{"__type__":"cc.PrefabInfo","root":{"__id__":1},"asset":{"__uuid__":"typdkc75-9cba-4891-9e73-be8382628c1b"},"fileId":"0f3fapgG3hM64s/ld2RUzz0"},"_contentSize":{"__type__":"cc.Size","width":60,"height":60},"_trs":{"__type__":"TypedArray","ctor":"Float64Array","array":[0,0,0,0,0,0,1,1,1,1]}},{"__type__":"cc.Node","_name":"btn_headkuang","_parent":{"__id__":2},"_components":[{"__type__":"cc.Sprite","node":{"__id__":11},"_sizeMode":2,"_isTrimmedMode":false},{"__type__":"cc.Widget","node":{"__id__":11},"alignMode":0,"_alignFlags":18,"_top":27}],"_prefab":{"__type__":"cc.PrefabInfo","root":{"__id__":1},"asset":{"__uuid__":"typdkc75-9cba-4891-9e73-be8382628c1b"},"fileId":"04177sSRDRGzLtnq435Z/pO"},"_contentSize":{"__type__":"cc.Size","width":62,"height":62},"_trs":{"__type__":"TypedArray","ctor":"Float64Array","array":[0,0,0,0,0,0,1,1,1,1]}},{"__type__":"cc.Node","_name":"sp_likai","_parent":{"__id__":2},"_children":[{"__id__":13}],"_components":[{"__type__":"cc.Sprite","node":{"__id__":12},"_materials":[{"__uuid__":"ecpdLyjvZBwrvm+cedCcQy"}],"_spriteFrame":{"__uuid__":"typdk255-c33e-462e-b57e-85ba02e19566"},"_sizeMode":0}],"_prefab":{"__type__":"cc.PrefabInfo","root":{"__id__":1},"asset":{"__uuid__":"typdkc75-9cba-4891-9e73-be8382628c1b"},"fileId":"caMmnD3+NEUqid8LMNI1nQ"},"_contentSize":{"__type__":"cc.Size","width":60,"height":60},"_trs":{"__type__":"TypedArray","ctor":"Float64Array","array":[0,0,0,0,0,0,1,1,1,1]}},{"__type__":"cc.Node","_name":"icon","_parent":{"__id__":12},"_components":[{"__type__":"cc.Sprite","node":{"__id__":13},"_materials":[{"__uuid__":"ecpdLyjvZBwrvm+cedCcQy"}],"_spriteFrame":{"__uuid__":"typdkc6a-a7c7-49fd-9381-ad6cc3ff3deb"},"_sizeMode":0}],"_prefab":{"__type__":"cc.PrefabInfo","root":{"__id__":1},"asset":{"__uuid__":"typdkc75-9cba-4891-9e73-be8382628c1b"},"fileId":"18M2DCLj5HUJf8TeLiKjRA"},"_contentSize":{"__type__":"cc.Size","width":66,"height":24},"_trs":{"__type__":"TypedArray","ctor":"Float64Array","array":[0,0,0,0,0,0,1,0.8,0.8,1]}},{"__type__":"cc.Node","_name":"sp_lixian","_parent":{"__id__":2},"_children":[{"__id__":15}],"_components":[{"__type__":"cc.Sprite","node":{"__id__":14},"_materials":[{"__uuid__":"ecpdLyjvZBwrvm+cedCcQy"}],"_spriteFrame":{"__uuid__":"typdk255-c33e-462e-b57e-85ba02e19566"},"_sizeMode":0}],"_prefab":{"__type__":"cc.PrefabInfo","root":{"__id__":1},"asset":{"__uuid__":"typdkc75-9cba-4891-9e73-be8382628c1b"},"fileId":"18bf7d+UX1PurQlWMVufj4p"},"_contentSize":{"__type__":"cc.Size","width":60,"height":60},"_trs":{"__type__":"TypedArray","ctor":"Float64Array","array":[0,0,0,0,0,0,1,1,1,1]}},{"__type__":"cc.Node","_name":"icon","_parent":{"__id__":14},"_components":[{"__type__":"cc.Sprite","node":{"__id__":15},"_materials":[{"__uuid__":"ecpdLyjvZBwrvm+cedCcQy"}],"_spriteFrame":{"__uuid__":"typdk327-6ff5-40a1-8849-8383fa79f622"},"_sizeMode":0}],"_prefab":{"__type__":"cc.PrefabInfo","root":{"__id__":1},"asset":{"__uuid__":"typdkc75-9cba-4891-9e73-be8382628c1b"},"fileId":"4d498wOKopEN66jNq/nyoFq"},"_contentSize":{"__type__":"cc.Size","width":66,"height":24},"_trs":{"__type__":"TypedArray","ctor":"Float64Array","array":[0,0,0,0,0,0,1,0.8,0.8,1]}},{"__type__":"cc.Node","_name":"bg_box","_parent":{"__id__":2},"_components":[{"__type__":"cc.Sprite","node":{"__id__":16},"_materials":[{"__uuid__":"ecpdLyjvZBwrvm+cedCcQy"}],"_spriteFrame":{"__uuid__":"typdke3d-aa9b-4006-af8a-dce4981270a4"},"_sizeMode":0}],"_prefab":{"__type__":"cc.PrefabInfo","root":{"__id__":1},"asset":{"__uuid__":"typdkc75-9cba-4891-9e73-be8382628c1b"},"fileId":"2d978eiOWxD+LCl1toZdmxI"},"_contentSize":{"__type__":"cc.Size","width":62,"height":62},"_trs":{"__type__":"TypedArray","ctor":"Float64Array","array":[0,0,0,0,0,0,1,1,1,1]}},{"__type__":"cc.Node","_name":"zhuangjia","_parent":{"__id__":2},"_components":[{"__type__":"cc.Sprite","node":{"__id__":17},"_materials":[{"__uuid__":"ecpdLyjvZBwrvm+cedCcQy"}],"_spriteFrame":{"__uuid__":"typdk19c-886a-4448-bf05-541e441146db"}}],"_prefab":{"__type__":"cc.PrefabInfo","root":{"__id__":1},"asset":{"__uuid__":"typdkc75-9cba-4891-9e73-be8382628c1b"},"fileId":"6b471aMPeNFCIxAoraMzqW+"},"_contentSize":{"__type__":"cc.Size","width":48,"height":48},"_trs":{"__type__":"TypedArray","ctor":"Float64Array","array":[-29.5,29.5,0,0,0,0,1,0.8,0.8,1]}},{"__type__":"cc.Node","_name":"fangzhu","_parent":{"__id__":2},"_components":[{"__type__":"cc.Sprite","node":{"__id__":18},"_materials":[{"__uuid__":"ecpdLyjvZBwrvm+cedCcQy"}],"_spriteFrame":{"__uuid__":"typdk046-20bb-48ac-a1a1-d001cb195e16"}}],"_prefab":{"__type__":"cc.PrefabInfo","root":{"__id__":1},"asset":{"__uuid__":"typdkc75-9cba-4891-9e73-be8382628c1b"},"fileId":"b3761MG1XtEJbdW7GBdCKiS"},"_contentSize":{"__type__":"cc.Size","width":34,"height":35},"_trs":{"__type__":"TypedArray","ctor":"Float64Array","array":[13.4,-12.5,0,0,0,0,1,1,1,1]}},{"__type__":"cc.Node","_name":"useTimeNode","_parent":{"__id__":2},"_children":[{"__id__":20}],"_components":[{"__type__":"cc.Sprite","node":{"__id__":19},"_materials":[{"__uuid__":"ecpdLyjvZBwrvm+cedCcQy"}],"_spriteFrame":{"__uuid__":"37SCldw95GD7SpvzdPhn7F"}}],"_prefab":{"__type__":"cc.PrefabInfo","root":{"__id__":1},"asset":{"__uuid__":"typdkc75-9cba-4891-9e73-be8382628c1b"},"fileId":"15aj+uhQ1CubrPNpg3Y8CR"},"_contentSize":{"__type__":"cc.Size","width":17,"height":16},"_trs":{"__type__":"TypedArray","ctor":"Float64Array","array":[-22,65,0,0,0,0,1,1,1,1]}},{"__type__":"cc.Node","_name":"lb_useTime","_parent":{"__id__":19},"_components":[{"__type__":"cc.Label","node":{"__id__":20},"_materials":[{"__uuid__":"ecpdLyjvZBwrvm+cedCcQy"}],"_useOriginalSize":false,"_string":"180s","_N$string":"180s","_fontSize":20,"_lineHeight":20,"_N$horizontalAlign":1,"_N$verticalAlign":1}],"_prefab":{"__type__":"cc.PrefabInfo","root":{"__id__":1},"asset":{"__uuid__":"typdkc75-9cba-4891-9e73-be8382628c1b"},"fileId":"1a6eq72k9LIJF+pfbJj2dC"},"_color":{"__type__":"cc.Color","g":230,"b":181},"_contentSize":{"__type__":"cc.Size","width":43.37,"height":25.2},"_anchorPoint":{"__type__":"cc.Vec2","y":0.5},"_trs":{"__type__":"TypedArray","ctor":"Float64Array","array":[10,0,0,0,0,0,1,1,1,1]}},{"__type__":"cc.Node","_name":"btn_out","_parent":{"__id__":1},"_children":[{"__id__":22}],"_active":false,"_components":[{"__type__":"cc.Sprite","node":{"__id__":21},"_spriteFrame":{"__uuid__":"typdk8b2-6716-419b-9561-950bca95e809"},"_type":1,"_sizeMode":0},{"__type__":"cc.Button","node":{"__id__":21},"zoomScale":0.9,"clickEvents":[{"__type__":"cc.ClickEvent","target":{"__id__":1},"_componentId":"typdk8e8-ae4f-430f-8729-6c149939f3e8","handler":"OnClick_BtnWnd"}],"_N$transition":3,"transition":3,"_N$pressedColor":{"__type__":"cc.Color","r":255,"g":255,"b":255},"pressedColor":{"__type__":"cc.Color","r":255,"g":255,"b":255},"_N$disabledColor":{"__type__":"cc.Color","r":255,"g":255,"b":255},"_N$pressedSprite":{"__uuid__":"e97GVMl6JHh5Ml5qEDdSGa"},"pressedSprite":{"__uuid__":"e97GVMl6JHh5Ml5qEDdSGa"},"_N$hoverSprite":{"__uuid__":"e97GVMl6JHh5Ml5qEDdSGa"},"hoverSprite":{"__uuid__":"e97GVMl6JHh5Ml5qEDdSGa"},"_N$disabledSprite":{"__uuid__":"29FYIk+N1GYaeWH/q1NxQO"},"_N$target":{"__id__":21}},{"__type__":"cc.Widget","node":{"__id__":21},"alignMode":0,"_alignFlags":33,"_right":-51,"_top":60}],"_prefab":{"__type__":"cc.PrefabInfo","root":{"__id__":1},"asset":{"__uuid__":"typdkc75-9cba-4891-9e73-be8382628c1b"},"fileId":"f2bd86tiLVHkpWYFylM4dFL"},"_contentSize":{"__type__":"cc.Size","width":102,"height":40},"_trs":{"__type__":"TypedArray","ctor":"Float64Array","array":[0,-80,0,0,0,0,1,1,1,1]}},{"__type__":"cc.Node","_name":"Label","_parent":{"__id__":21},"_components":[{"__type__":"cc.Label","node":{"__id__":22},"_useOriginalSize":false,"_string":"请出包间","_N$string":"请出包间","_fontSize":20,"_lineHeight":24,"_enableWrapText":false,"_N$file":{"__uuid__":"typdk345-cbe0-4203-a8ca-8141b2e63f4f"},"_isSystemFontUsed":false,"_N$horizontalAlign":1,"_N$verticalAlign":1,"_N$overflow":1}],"_prefab":{"__type__":"cc.PrefabInfo","root":{"__id__":1},"asset":{"__uuid__":"typdkc75-9cba-4891-9e73-be8382628c1b"},"fileId":"a5cccaR6hpEFbiSe/Kxy/0b"},"_color":{"__type__":"cc.Color","r":124,"g":41,"b":1},"_contentSize":{"__type__":"cc.Size","width":100,"height":40},"_trs":{"__type__":"TypedArray","ctor":"Float64Array","array":[0,0,0,0,0,0,1,1,1,1]}},{"__type__":"cc.Node","_name":"icon_ready","_parent":{"__id__":1},"_components":[{"__type__":"cc.Sprite","node":{"__id__":23},"_materials":[{"__uuid__":"ecpdLyjvZBwrvm+cedCcQy"}],"_spriteFrame":{"__uuid__":"typdk996-e86e-4147-8409-fda1a2e5ca68"}}],"_prefab":{"__type__":"cc.PrefabInfo","root":{"__id__":1},"asset":{"__uuid__":"typdkc75-9cba-4891-9e73-be8382628c1b"},"fileId":"571478Ho5VIb5w95Zs7LdUs"},"_contentSize":{"__type__":"cc.Size","width":57,"height":74},"_trs":{"__type__":"TypedArray","ctor":"Float64Array","array":[99,-2,0,0,0,0,1,1,1,1]}},{"__type__":"cc.Node","_name":"sp_chatdi_left","_parent":{"__id__":1},"_components":[{"__type__":"cc.Sprite","node":{"__id__":24},"_materials":[{"__uuid__":"ecpdLyjvZBwrvm+cedCcQy"}],"_spriteFrame":{"__uuid__":"typdk912-a3fe-47e6-b19c-3fee6bbfe5ca"},"_type":1,"_sizeMode":0},{"__type__":"cc.Layout","node":{"__id__":24},"_layoutSize":{"__type__":"cc.Size","width":380,"height":100},"_N$paddingLeft":22,"_N$paddingRight":5}],"_prefab":{"__type__":"cc.PrefabInfo","root":{"__id__":1},"asset":{"__uuid__":"typdkc75-9cba-4891-9e73-be8382628c1b"},"fileId":"d8b5fVH+dlFOrIPAn/auXKk"},"_contentSize":{"__type__":"cc.Size","width":380,"height":100},"_anchorPoint":{"__type__":"cc.Vec2","y":0.5},"_trs":{"__type__":"TypedArray","ctor":"Float64Array","array":[-50,0,0,0,0,-1,6.123233995736766e-17,1,1,1]},"_eulerAngles":{"__type__":"cc.Vec3","z":-180}},{"__type__":"cc.Node","_name":"sp_audio_left","_parent":{"__id__":1},"_children":[{"__id__":26},{"__id__":27},{"__id__":28},{"__id__":29}],"_components":[{"__type__":"cc.Sprite","node":{"__id__":25},"_materials":[{"__uuid__":"ecpdLyjvZBwrvm+cedCcQy"}],"_spriteFrame":{"__uuid__":"typdk164-ace8-40d3-8f22-4991c0f9cfeb"}},{"__type__":"cc.Animation","node":{"__id__":25},"_clips":[{"__uuid__":"typdk872-18f6-478f-9528-8c5cdd75bb29"}]}],"_prefab":{"__type__":"cc.PrefabInfo","root":{"__id__":1},"asset":{"__uuid__":"typdkc75-9cba-4891-9e73-be8382628c1b"},"fileId":"fd3599z1klI/7QOM7mc3P1C"},"_contentSize":{"__type__":"cc.Size","width":160,"height":95},"_trs":{"__type__":"TypedArray","ctor":"Float64Array","array":[-130,0,0,0,0,0,1,1,-1,1]}},{"__type__":"cc.Node","_name":"icon_chat_huatong","_parent":{"__id__":25},"_components":[{"__type__":"cc.Sprite","node":{"__id__":26},"_materials":[{"__uuid__":"ecpdLyjvZBwrvm+cedCcQy"}],"_spriteFrame":{"__uuid__":"typdk5f1-ea3b-4e13-ba50-775ad6a108fc"}}],"_prefab":{"__type__":"cc.PrefabInfo","root":{"__id__":1},"asset":{"__uuid__":"typdkc75-9cba-4891-9e73-be8382628c1b"},"fileId":"57c36VjWA5Ly5mWCzEUPex0"},"_contentSize":{"__type__":"cc.Size","width":22,"height":26},"_trs":{"__type__":"TypedArray","ctor":"Float64Array","array":[4.800000000000001,-0.9,0,0,0,0,1,-1,1,1]}},{"__type__":"cc.Node","_name":"icon_chat_huatong3","_parent":{"__id__":25},"_components":[{"__type__":"cc.Sprite","node":{"__id__":27},"_materials":[{"__uuid__":"ecpdLyjvZBwrvm+cedCcQy"}],"_spriteFrame":{"__uuid__":"typdk074-466d-41ff-8601-1ae737c8b4ae"}}],"_prefab":{"__type__":"cc.PrefabInfo","root":{"__id__":1},"asset":{"__uuid__":"typdkc75-9cba-4891-9e73-be8382628c1b"},"fileId":"7d110eMbcJOkIFo1+zO39B2"},"_contentSize":{"__type__":"cc.Size","width":7,"height":26},"_trs":{"__type__":"TypedArray","ctor":"Float64Array","array":[-27.1,-0.9,0,0,0,0,1,-1,1,1]}},{"__type__":"cc.Node","_name":"icon_chat_huatong2","_parent":{"__id__":25},"_components":[{"__type__":"cc.Sprite","node":{"__id__":28},"_materials":[{"__uuid__":"ecpdLyjvZBwrvm+cedCcQy"}],"_spriteFrame":{"__uuid__":"typdk41d-696c-42e9-820d-36509396bfad"}}],"_prefab":{"__type__":"cc.PrefabInfo","root":{"__id__":1},"asset":{"__uuid__":"typdkc75-9cba-4891-9e73-be8382628c1b"},"fileId":"0e1cdYwf05Ii6Ptz69c4gES"},"_contentSize":{"__type__":"cc.Size","width":7,"height":22},"_trs":{"__type__":"TypedArray","ctor":"Float64Array","array":[-19.6,-0.9,0,0,0,0,1,-1,1,1]}},{"__type__":"cc.Node","_name":"icon_chat_huatong1","_parent":{"__id__":25},"_components":[{"__type__":"cc.Sprite","node":{"__id__":29},"_materials":[{"__uuid__":"ecpdLyjvZBwrvm+cedCcQy"}],"_spriteFrame":{"__uuid__":"typdkfa1-ba3b-4140-a1f1-f75aa167d8f3"}}],"_prefab":{"__type__":"cc.PrefabInfo","root":{"__id__":1},"asset":{"__uuid__":"typdkc75-9cba-4891-9e73-be8382628c1b"},"fileId":"00048BxpYNJ0p72tT/m6WD4"},"_contentSize":{"__type__":"cc.Size","width":4,"height":12},"_trs":{"__type__":"TypedArray","ctor":"Float64Array","array":[-11.700000000000003,-0.9,0,0,0,0,1,-1,1,1]}},{"__type__":"cc.Node","_name":"sp_chatdi_right","_parent":{"__id__":1},"_components":[{"__type__":"cc.Sprite","node":{"__id__":30},"_materials":[{"__uuid__":"ecpdLyjvZBwrvm+cedCcQy"}],"_spriteFrame":{"__uuid__":"typdk912-a3fe-47e6-b19c-3fee6bbfe5ca"},"_type":1,"_sizeMode":0},{"__type__":"cc.Layout","node":{"__id__":30},"_layoutSize":{"__type__":"cc.Size","width":370,"height":100},"_N$paddingLeft":22}],"_prefab":{"__type__":"cc.PrefabInfo","root":{"__id__":1},"asset":{"__uuid__":"typdkc75-9cba-4891-9e73-be8382628c1b"},"fileId":"08c06qna/NDILKsi6gqNgRN"},"_contentSize":{"__type__":"cc.Size","width":370,"height":100},"_anchorPoint":{"__type__":"cc.Vec2","y":0.5},"_trs":{"__type__":"TypedArray","ctor":"Float64Array","array":[50,0,0,0,0,0,1,1,1,1]}},{"__type__":"cc.Node","_name":"sp_audio_right","_parent":{"__id__":1},"_children":[{"__id__":32},{"__id__":33},{"__id__":34},{"__id__":35}],"_components":[{"__type__":"cc.Sprite","node":{"__id__":31},"_materials":[{"__uuid__":"ecpdLyjvZBwrvm+cedCcQy"}],"_spriteFrame":{"__uuid__":"typdk164-ace8-40d3-8f22-4991c0f9cfeb"}},{"__type__":"cc.Animation","node":{"__id__":31},"_clips":[{"__uuid__":"typdk872-18f6-478f-9528-8c5cdd75bb29"}]}],"_prefab":{"__type__":"cc.PrefabInfo","root":{"__id__":1},"asset":{"__uuid__":"typdkc75-9cba-4891-9e73-be8382628c1b"},"fileId":"3039eey3uxPvYJ4b7Psftm+"},"_contentSize":{"__type__":"cc.Size","width":160,"height":95},"_trs":{"__type__":"TypedArray","ctor":"Float64Array","array":[130,0,0,0,0,0,1,-1,1,1]}},{"__type__":"cc.Node","_name":"icon_chat_huatong","_parent":{"__id__":31},"_components":[{"__type__":"cc.Sprite","node":{"__id__":32},"_materials":[{"__uuid__":"ecpdLyjvZBwrvm+cedCcQy"}],"_spriteFrame":{"__uuid__":"typdk5f1-ea3b-4e13-ba50-775ad6a108fc"}}],"_prefab":{"__type__":"cc.PrefabInfo","root":{"__id__":1},"asset":{"__uuid__":"typdkc75-9cba-4891-9e73-be8382628c1b"},"fileId":"0ea40QSpmFGvJ9X8MANw+E6"},"_contentSize":{"__type__":"cc.Size","width":22,"height":26},"_trs":{"__type__":"TypedArray","ctor":"Float64Array","array":[15,-3,0,0,0,0,1,-1,1,1]}},{"__type__":"cc.Node","_name":"icon_chat_huatong1","_parent":{"__id__":31},"_components":[{"__type__":"cc.Sprite","node":{"__id__":33},"_materials":[{"__uuid__":"ecpdLyjvZBwrvm+cedCcQy"}],"_spriteFrame":{"__uuid__":"typdkfa1-ba3b-4140-a1f1-f75aa167d8f3"}}],"_prefab":{"__type__":"cc.PrefabInfo","root":{"__id__":1},"asset":{"__uuid__":"typdkc75-9cba-4891-9e73-be8382628c1b"},"fileId":"ac047DgFChBS5EePCTYyNNm"},"_contentSize":{"__type__":"cc.Size","width":4,"height":12},"_trs":{"__type__":"TypedArray","ctor":"Float64Array","array":[-7.4,-3,0,0,0,0,1,-1,1,1]}},{"__type__":"cc.Node","_name":"icon_chat_huatong2","_parent":{"__id__":31},"_components":[{"__type__":"cc.Sprite","node":{"__id__":34},"_materials":[{"__uuid__":"ecpdLyjvZBwrvm+cedCcQy"}],"_spriteFrame":{"__uuid__":"typdk41d-696c-42e9-820d-36509396bfad"}}],"_prefab":{"__type__":"cc.PrefabInfo","root":{"__id__":1},"asset":{"__uuid__":"typdkc75-9cba-4891-9e73-be8382628c1b"},"fileId":"444c2M49WZA06UqQW36C+Eb"},"_contentSize":{"__type__":"cc.Size","width":7,"height":22},"_trs":{"__type__":"TypedArray","ctor":"Float64Array","array":[-14,-3,0,0,0,0,1,-1,1,1]}},{"__type__":"cc.Node","_name":"icon_chat_huatong3","_parent":{"__id__":31},"_components":[{"__type__":"cc.Sprite","node":{"__id__":35},"_materials":[{"__uuid__":"ecpdLyjvZBwrvm+cedCcQy"}],"_spriteFrame":{"__uuid__":"typdk074-466d-41ff-8601-1ae737c8b4ae"}}],"_prefab":{"__type__":"cc.PrefabInfo","root":{"__id__":1},"asset":{"__uuid__":"typdkc75-9cba-4891-9e73-be8382628c1b"},"fileId":"8d504pI78ZJjo7RFZWEAksF"},"_contentSize":{"__type__":"cc.Size","width":7,"height":26},"_trs":{"__type__":"TypedArray","ctor":"Float64Array","array":[-19,-3,0,0,0,0,1,-1,1,1]}},{"__type__":"cc.Node","_name":"icon_auto","_parent":{"__id__":1},"_active":false,"_components":[{"__type__":"cc.Sprite","node":{"__id__":36},"_materials":[{"__uuid__":"ecpdLyjvZBwrvm+cedCcQy"}],"_spriteFrame":{"__uuid__":"72OQCpI+FBM7NKmvcdDxxH"}}],"_prefab":{"__type__":"cc.PrefabInfo","root":{"__id__":1},"asset":{"__uuid__":"typdkc75-9cba-4891-9e73-be8382628c1b"},"fileId":"764f6SmUmRLvqBayWEGR3if"},"_contentSize":{"__type__":"cc.Size","width":80,"height":77},"_trs":{"__type__":"TypedArray","ctor":"Float64Array","array":[76,-45,0,0,0,0,1,0.7,0.7,1]}},{"__type__":"cc.Node","_name":"face_ani","_parent":{"__id__":1},"_components":[{"__type__":"cc.Sprite","node":{"__id__":37}},{"__type__":"cc.Animation","node":{"__id__":37},"_clips":[{"__uuid__":"typdk7c1-22c3-4c1b-8be1-2baf1d0bf714"},{"__uuid__":"typdk26a-e40e-4da0-a6e0-aefb58d6be8a"},{"__uuid__":"typdke0d-7a33-4f7e-8825-5bcb21611f8b"},{"__uuid__":"typdk8c2-5fc0-488d-ba36-a162971af284"},{"__uuid__":"typdk976-c0e0-4392-b6d0-224175e4da88"},{"__uuid__":"typdk2a2-9526-4afc-a5f6-8d6a6ddbc1d5"},{"__uuid__":"typdk3b4-f7b7-4366-9de5-0df256b8e72e"},{"__uuid__":"typdk25d-1596-4fa4-8c65-2eebe52086a0"},{"__uuid__":"typdk95c-4aec-4938-b153-ba03e346bb87"},{"__uuid__":"typdk310-3f56-46fa-8b6a-982da78b0fb4"},{"__uuid__":"typdkf40-1021-4fa8-b989-5abe1a6b47d3"},{"__uuid__":"typdkbb4-50a7-485b-a94f-8f1c3d6b5f38"}]}],"_prefab":{"__type__":"cc.PrefabInfo","root":{"__id__":1},"asset":{"__uuid__":"typdkc75-9cba-4891-9e73-be8382628c1b"},"fileId":"43344S/GrxEN6a71tKEMsko"},"_contentSize":{"__type__":"cc.Size","width":82,"height":80},"_trs":{"__type__":"TypedArray","ctor":"Float64Array","array":[0,0,0,0,0,0,1,1.4,1.4,1]}},{"__type__":"cc.Node","_name":"sp_chatdi_leftBottom","_parent":{"__id__":1},"_active":false,"_components":[{"__type__":"cc.Sprite","node":{"__id__":38},"_spriteFrame":{"__uuid__":"typdk912-a3fe-47e6-b19c-3fee6bbfe5ca"},"_type":1,"_sizeMode":0},{"__type__":"cc.Layout","node":{"__id__":38},"_layoutSize":{"__type__":"cc.Size","width":380,"height":100},"_N$paddingLeft":22,"_N$paddingRight":5}],"_prefab":{"__type__":"cc.PrefabInfo","root":{"__id__":1},"asset":{"__uuid__":"typdkc75-9cba-4891-9e73-be8382628c1b"},"fileId":"85e59EpdQRMu6nHuQD6H+9g"},"_contentSize":{"__type__":"cc.Size","width":380,"height":100},"_anchorPoint":{"__type__":"cc.Vec2","y":0.5},"_trs":{"__type__":"TypedArray","ctor":"Float64Array","array":[60,-90,0,0,0,-1,6.123233995736766e-17,1,1,1]},"_eulerAngles":{"__type__":"cc.Vec3","z":-180}},{"__type__":"cc.Node","_name":"sp_chatdi_rightBottom","_parent":{"__id__":1},"_active":false,"_components":[{"__type__":"cc.Sprite","node":{"__id__":39},"_spriteFrame":{"__uuid__":"typdk912-a3fe-47e6-b19c-3fee6bbfe5ca"},"_type":1,"_sizeMode":0},{"__type__":"cc.Layout","node":{"__id__":39},"_layoutSize":{"__type__":"cc.Size","width":370,"height":100},"_N$paddingLeft":22}],"_prefab":{"__type__":"cc.PrefabInfo","root":{"__id__":1},"asset":{"__uuid__":"typdkc75-9cba-4891-9e73-be8382628c1b"},"fileId":"2daa02Frv9BP5yAdLyJklLZ"},"_contentSize":{"__type__":"cc.Size","width":370,"height":100},"_anchorPoint":{"__type__":"cc.Vec2","y":0.5},"_trs":{"__type__":"TypedArray","ctor":"Float64Array","array":[-60,-90,0,0,0,0,1,1,1,1]}}],{"__type__":"cc.SpriteFrame","content":{"name":"bg_box","texture":"typdkc68-5b27-415f-b6f3-58131ebef027","rect":[0,0,74,77],"offset":[0,0],"originalSize":[74,77],"capInsets":[0,0,0,0]}},{"__type__":"cc.SpriteFrame","content":{"name":"headbg","texture":"typdkace-afa9-4c0f-bcf5-ba2bbd692f7d","rect":[0,0,80,107],"offset":[0,0],"originalSize":[80,107],"capInsets":[0,0,0,0]}},{"__type__":"cc.SpriteFrame","content":{"name":"icon_chat_huatong1","texture":"typdk383-b964-49e4-81bf-472198d91100","rect":[0,2,4,12],"offset":[-1,-1],"originalSize":[6,14],"capInsets":[0,0,0,0]}}]