[{"__type__":"cc.SpriteFrame","content":{"name":"img_hu","texture":"88dpla55xEnYBvusDul2qq","rect":[0,0,25,27],"offset":[0,0],"originalSize":[25,27],"capInsets":[0,0,0,0]}},{"__type__":"cc.SpriteFrame","content":{"name":"bg_poker","texture":"c8CC+IqbJB87sYUNbGgOy/","rect":[0,0,87,97],"offset":[0,0],"originalSize":[87,97],"capInsets":[0,0,0,0]}},{"__type__":"cc.SpriteFrame","content":{"name":"img_zhuang","texture":"eeIYIc/8lFurqqiexaFhDP","rect":[0,0,31,31],"offset":[0,0],"originalSize":[31,31],"capInsets":[0,0,0,0]}},[{"__type__":"cc.Prefab","_name":"xpphz_winlost_child","data":{"__id__":1}},{"__type__":"cc.Node","_name":"xpphz_winlost_child","_children":[{"__id__":2},{"__id__":7},{"__id__":8},{"__id__":9},{"__id__":10},{"__id__":11},{"__id__":12},{"__id__":32},{"__id__":33},{"__id__":34},{"__id__":35},{"__id__":39}],"_components":[{"__type__":"cc.Sprite","node":{"__id__":1},"_materials":[{"__uuid__":"ecpdLyjvZBwrvm+cedCcQy"}],"_spriteFrame":{"__uuid__":"4fi7aQRSpFn6b1ZZhTPwm7"},"_type":1,"_sizeMode":0},{"__type__":"ba064TIggtOXoJKGS1ruYYn","node":{"__id__":1}}],"_prefab":{"__type__":"cc.PrefabInfo","root":{"__id__":1},"asset":{"__uuid__":"41OTXag3NGsaQQKuUCNPGY"},"fileId":"63pxgAAtREIIrIADgbxIpT"},"_contentSize":{"__type__":"cc.Size","width":1250,"height":178},"_anchorPoint":{"__type__":"cc.Vec2","x":0.5,"y":1},"_trs":{"__type__":"TypedArray","ctor":"Float64Array","array":[0,0,0,0,0,0,1,1,1,1]}},{"__type__":"cc.Node","_name":"userinfo","_parent":{"__id__":1},"_children":[{"__id__":3},{"__id__":4},{"__id__":5},{"__id__":6}],"_components":[{"__type__":"cc.Sprite","node":{"__id__":2},"_materials":[{"__uuid__":"ecpdLyjvZBwrvm+cedCcQy"}]}],"_prefab":{"__type__":"cc.PrefabInfo","root":{"__id__":1},"asset":{"__uuid__":"41OTXag3NGsaQQKuUCNPGY"},"fileId":"8dKv8mR6BNw61vWP4yEPL+"},"_contentSize":{"__type__":"cc.Size","width":82,"height":82},"_trs":{"__type__":"TypedArray","ctor":"Float64Array","array":[-534.614,-64.771,0,0,0,0,1,1,1,1]}},{"__type__":"cc.Node","_name":"touxiang","_parent":{"__id__":2},"_components":[{"__type__":"cc.Sprite","node":{"__id__":3},"_materials":[{"__uuid__":"ecpdLyjvZBwrvm+cedCcQy"}],"_spriteFrame":{"__uuid__":"ffgj8NNfFM2oetc1J9lEgn"},"_sizeMode":0},{"__type__":"f42b8ZzNWFKKI/QT/n8cR1+","node":{"__id__":3}}],"_prefab":{"__type__":"cc.PrefabInfo","root":{"__id__":1},"asset":{"__uuid__":"41OTXag3NGsaQQKuUCNPGY"},"fileId":"47ciwjR3RCa7yvHlt05fMS"},"_contentSize":{"__type__":"cc.Size","width":78,"height":78},"_trs":{"__type__":"TypedArray","ctor":"Float64Array","array":[0,0,0,0,0,0,1,1,1,1]}},{"__type__":"cc.Node","_name":"tip_zhuang","_parent":{"__id__":2},"_components":[{"__type__":"cc.Sprite","node":{"__id__":4},"_materials":[{"__uuid__":"ecpdLyjvZBwrvm+cedCcQy"}],"_spriteFrame":{"__uuid__":"34OoJIquFLeJfYBhBwAb0M"}}],"_prefab":{"__type__":"cc.PrefabInfo","root":{"__id__":1},"asset":{"__uuid__":"41OTXag3NGsaQQKuUCNPGY"},"fileId":"e4XmXE+GhBLppOXmRAHO13"},"_contentSize":{"__type__":"cc.Size","width":31,"height":31},"_trs":{"__type__":"TypedArray","ctor":"Float64Array","array":[-36.23,35.263,0,0,0,0,1,1,1,1]}},{"__type__":"cc.Node","_name":"lb_name","_parent":{"__id__":2},"_components":[{"__type__":"cc.Label","node":{"__id__":5},"_materials":[{"__uuid__":"ecpdLyjvZBwrvm+cedCcQy"}],"_useOriginalSize":false,"_string":"玩家姓名","_N$string":"玩家姓名","_fontSize":22,"_lineHeight":22,"_N$file":{"__uuid__":"5f5wQekV1CGpJW2meZozWn"},"_isSystemFontUsed":false,"_N$horizontalAlign":1,"_N$verticalAlign":1}],"_prefab":{"__type__":"cc.PrefabInfo","root":{"__id__":1},"asset":{"__uuid__":"41OTXag3NGsaQQKuUCNPGY"},"fileId":"c4ZHI2OIVBW60X2Rb0YMBA"},"_color":{"__type__":"cc.Color","r":124,"g":71,"b":29},"_contentSize":{"__type__":"cc.Size","width":88,"height":27.72},"_trs":{"__type__":"TypedArray","ctor":"Float64Array","array":[0,-57.062,0,0,0,0,1,1,1,1]}},{"__type__":"cc.Node","_name":"lb_id","_parent":{"__id__":2},"_components":[{"__type__":"cc.Label","node":{"__id__":6},"_materials":[{"__uuid__":"ecpdLyjvZBwrvm+cedCcQy"}],"_useOriginalSize":false,"_string":"888888","_N$string":"888888","_fontSize":22,"_lineHeight":22,"_N$file":{"__uuid__":"5f5wQekV1CGpJW2meZozWn"},"_isSystemFontUsed":false,"_N$horizontalAlign":1,"_N$verticalAlign":1}],"_prefab":{"__type__":"cc.PrefabInfo","root":{"__id__":1},"asset":{"__uuid__":"41OTXag3NGsaQQKuUCNPGY"},"fileId":"cbddgIJ45LmZ1OFS6G+MTD"},"_color":{"__type__":"cc.Color","r":124,"g":71,"b":29},"_contentSize":{"__type__":"cc.Size","width":75.28,"height":27.72},"_trs":{"__type__":"TypedArray","ctor":"Float64Array","array":[0,-81.593,0,0,0,0,1,1,1,1]}},{"__type__":"cc.Node","_name":"lb_sportsPoint","_parent":{"__id__":1},"_components":[{"__type__":"cc.Label","node":{"__id__":7},"_materials":[{"__uuid__":"ecpdLyjvZBwrvm+cedCcQy"}],"_useOriginalSize":false,"_string":"比赛分:9999","_N$string":"比赛分:9999","_fontSize":30,"_lineHeight":30,"_N$file":{"__uuid__":"5f5wQekV1CGpJW2meZozWn"},"_isSystemFontUsed":false,"_N$horizontalAlign":1,"_N$verticalAlign":1}],"_prefab":{"__type__":"cc.PrefabInfo","root":{"__id__":1},"asset":{"__uuid__":"41OTXag3NGsaQQKuUCNPGY"},"fileId":"0dInoiKs1EaqyfRqYJFbVc"},"_color":{"__type__":"cc.Color","r":124,"g":71,"b":29},"_contentSize":{"__type__":"cc.Size","width":166.41,"height":37.8},"_anchorPoint":{"__type__":"cc.Vec2","x":1,"y":0.5},"_trs":{"__type__":"TypedArray","ctor":"Float64Array","array":[612.53,-136.728,0,0,0,0,1,1,1,1]}},{"__type__":"cc.Node","_name":"lb_winpoint","_parent":{"__id__":1},"_components":[{"__type__":"cc.Label","node":{"__id__":8},"_materials":[{"__uuid__":"ecpdLyjvZBwrvm+cedCcQy"}],"_useOriginalSize":false,"_string":"+12","_N$string":"+12","_fontSize":1,"_lineHeight":50,"_N$file":{"__uuid__":"72IVOMk1hKZ49cj8VmMTmu"},"_isSystemFontUsed":false,"_N$horizontalAlign":1}],"_prefab":{"__type__":"cc.PrefabInfo","root":{"__id__":1},"asset":{"__uuid__":"41OTXag3NGsaQQKuUCNPGY"},"fileId":"2flVpbRsJGmIEAAAa7znze"},"_contentSize":{"__type__":"cc.Size","width":87,"height":50},"_trs":{"__type__":"TypedArray","ctor":"Float64Array","array":[525.155,-79.022,0,0,0,0,1,1,1,1]}},{"__type__":"cc.Node","_name":"lb_lostpoint","_parent":{"__id__":1},"_components":[{"__type__":"cc.Label","node":{"__id__":9},"_materials":[{"__uuid__":"ecpdLyjvZBwrvm+cedCcQy"}],"_useOriginalSize":false,"_string":"-12","_N$string":"-12","_fontSize":32,"_lineHeight":50,"_N$file":{"__uuid__":"59kzsyiIFGS5Deoo4o1bsG"},"_isSystemFontUsed":false,"_N$horizontalAlign":1}],"_prefab":{"__type__":"cc.PrefabInfo","root":{"__id__":1},"asset":{"__uuid__":"41OTXag3NGsaQQKuUCNPGY"},"fileId":"7db6EftFtAwZ+GEBU9zzEw"},"_contentSize":{"__type__":"cc.Size","width":87,"height":50},"_trs":{"__type__":"TypedArray","ctor":"Float64Array","array":[525.155,-79.022,0,0,0,0,1,1,1,1]}},{"__type__":"cc.Node","_name":"layoutyou","_parent":{"__id__":1},"_components":[{"__type__":"cc.Layout","node":{"__id__":10},"_layoutSize":{"__type__":"cc.Size","width":-22,"height":160},"_resize":1,"_N$layoutType":1,"_N$spacingX":15}],"_prefab":{"__type__":"cc.PrefabInfo","root":{"__id__":1},"asset":{"__uuid__":"41OTXag3NGsaQQKuUCNPGY"},"fileId":"31/TjHY19CzL+LZe6GR59Q"},"_contentSize":{"__type__":"cc.Size","width":-22,"height":160},"_anchorPoint":{"__type__":"cc.Vec2","y":0.5},"_trs":{"__type__":"TypedArray","ctor":"Float64Array","array":[-474.121,-109.926,0,0,0,0,1,1,1,1]}},{"__type__":"cc.Node","_name":"layout_huinfo","_parent":{"__id__":1},"_components":[{"__type__":"cc.Layout","node":{"__id__":11},"_layoutSize":{"__type__":"cc.Size","width":400,"height":70.56},"_resize":1,"_N$layoutType":3}],"_prefab":{"__type__":"cc.PrefabInfo","root":{"__id__":1},"asset":{"__uuid__":"41OTXag3NGsaQQKuUCNPGY"},"fileId":"32IdRlBEJPXb0EK917IfjL"},"_contentSize":{"__type__":"cc.Size","width":400,"height":70.56},"_anchorPoint":{"__type__":"cc.Vec2","x":0.5,"y":1},"_trs":{"__type__":"TypedArray","ctor":"Float64Array","array":[243.964,-6.139,0,0,0,0,1,1,1,1]}},{"__type__":"cc.Node","_name":"demo_you","_parent":{"__id__":1},"_children":[{"__id__":13},{"__id__":31}],"_active":false,"_prefab":{"__type__":"cc.PrefabInfo","root":{"__id__":1},"asset":{"__uuid__":"41OTXag3NGsaQQKuUCNPGY"},"fileId":"a9FZo8NI5AcLv6rb96cPAQ"},"_contentSize":{"__type__":"cc.Size","width":35,"height":170},"_trs":{"__type__":"TypedArray","ctor":"Float64Array","array":[0,0,0,0,0,0,1,1,1,1]}},{"__type__":"cc.Node","_name":"layoutpai","_parent":{"__id__":12},"_children":[{"__id__":14},{"__id__":18},{"__id__":22},{"__id__":26},{"__id__":30}],"_components":[{"__type__":"cc.Layout","node":{"__id__":13},"_layoutSize":{"__type__":"cc.Size","width":35,"height":135.95999999999998},"_resize":1,"_N$layoutType":2,"_N$paddingTop":-30,"_N$spacingY":-70}],"_prefab":{"__type__":"cc.PrefabInfo","root":{"__id__":1},"asset":{"__uuid__":"41OTXag3NGsaQQKuUCNPGY"},"fileId":"4c5A7tmadFEo6fgB6ZL/mt"},"_contentSize":{"__type__":"cc.Size","width":35,"height":135.95999999999998},"_anchorPoint":{"__type__":"cc.Vec2","x":0.5,"y":1},"_trs":{"__type__":"TypedArray","ctor":"Float64Array","array":[0,75.121,0,0,0,0,1,1,1,1]}},{"__type__":"cc.Node","_name":"card1","_parent":{"__id__":13},"_children":[{"__id__":15},{"__id__":16},{"__id__":17}],"_components":[{"__type__":"cc.Sprite","node":{"__id__":14},"_materials":[{"__uuid__":"ecpdLyjvZBwrvm+cedCcQy"}],"_spriteFrame":{"__uuid__":"0f2Gn4xDdDVbiWnQKjXraz"}}],"_prefab":{"__type__":"cc.PrefabInfo","root":{"__id__":1},"asset":{"__uuid__":"41OTXag3NGsaQQKuUCNPGY"},"fileId":"8bBBi33OdEZahsu/9ISpTA"},"_contentSize":{"__type__":"cc.Size","width":87,"height":97},"_trs":{"__type__":"TypedArray","ctor":"Float64Array","array":[0,-18.5,0,0,0,0,1,0.3,0.3,1]}},{"__type__":"cc.Node","_name":"dian","_parent":{"__id__":14},"_components":[{"__type__":"cc.Sprite","node":{"__id__":15},"_materials":[{"__uuid__":"ecpdLyjvZBwrvm+cedCcQy"}],"_isTrimmedMode":false}],"_prefab":{"__type__":"cc.PrefabInfo","root":{"__id__":1},"asset":{"__uuid__":"41OTXag3NGsaQQKuUCNPGY"},"fileId":"b1Mh8uEdtBwZfU1cjTN7vr"},"_contentSize":{"__type__":"cc.Size","width":87,"height":97},"_trs":{"__type__":"TypedArray","ctor":"Float64Array","array":[0,0,0,0,0,0,1,1,1,1]}},{"__type__":"cc.Node","_name":"hua","_parent":{"__id__":14},"_components":[{"__type__":"cc.Sprite","node":{"__id__":16},"_materials":[{"__uuid__":"ecpdLyjvZBwrvm+cedCcQy"}],"_sizeMode":2,"_isTrimmedMode":false}],"_prefab":{"__type__":"cc.PrefabInfo","root":{"__id__":1},"asset":{"__uuid__":"41OTXag3NGsaQQKuUCNPGY"},"fileId":"66ecEgQsFCOL97r48pnKUb"},"_contentSize":{"__type__":"cc.Size","width":87,"height":97},"_trs":{"__type__":"TypedArray","ctor":"Float64Array","array":[0,0,0,0,0,0,1,1,1,1]}},{"__type__":"cc.Node","_name":"tip_hu","_parent":{"__id__":14},"_active":false,"_components":[{"__type__":"cc.Sprite","node":{"__id__":17},"_materials":[{"__uuid__":"ecpdLyjvZBwrvm+cedCcQy"}],"_spriteFrame":{"__uuid__":"014+2PNjNIo6rFp2uOY9kP"}}],"_prefab":{"__type__":"cc.PrefabInfo","root":{"__id__":1},"asset":{"__uuid__":"41OTXag3NGsaQQKuUCNPGY"},"fileId":"63ufkHgkBIDo40QDZkdnJW"},"_contentSize":{"__type__":"cc.Size","width":25,"height":27},"_trs":{"__type__":"TypedArray","ctor":"Float64Array","array":[33.223,-30.008,0,0,0,0,1,1,1,1]}},{"__type__":"cc.Node","_name":"card2","_parent":{"__id__":13},"_children":[{"__id__":19},{"__id__":20},{"__id__":21}],"_components":[{"__type__":"cc.Sprite","node":{"__id__":18},"_materials":[{"__uuid__":"ecpdLyjvZBwrvm+cedCcQy"}],"_spriteFrame":{"__uuid__":"0f2Gn4xDdDVbiWnQKjXraz"}}],"_prefab":{"__type__":"cc.PrefabInfo","root":{"__id__":1},"asset":{"__uuid__":"41OTXag3NGsaQQKuUCNPGY"},"fileId":"75hDyv90lAMbG8LbgZX5Lg"},"_contentSize":{"__type__":"cc.Size","width":87,"height":97},"_trs":{"__type__":"TypedArray","ctor":"Float64Array","array":[0,-45.5,0,0,0,0,1,0.3,0.3,1]}},{"__type__":"cc.Node","_name":"dian","_parent":{"__id__":18},"_components":[{"__type__":"cc.Sprite","node":{"__id__":19},"_materials":[{"__uuid__":"ecpdLyjvZBwrvm+cedCcQy"}],"_isTrimmedMode":false}],"_prefab":{"__type__":"cc.PrefabInfo","root":{"__id__":1},"asset":{"__uuid__":"41OTXag3NGsaQQKuUCNPGY"},"fileId":"f4zQ3SpctNa5+DIdWpsd66"},"_contentSize":{"__type__":"cc.Size","width":87,"height":97},"_trs":{"__type__":"TypedArray","ctor":"Float64Array","array":[0,0,0,0,0,0,1,1,1,1]}},{"__type__":"cc.Node","_name":"hua","_parent":{"__id__":18},"_components":[{"__type__":"cc.Sprite","node":{"__id__":20},"_materials":[{"__uuid__":"ecpdLyjvZBwrvm+cedCcQy"}],"_sizeMode":2,"_isTrimmedMode":false}],"_prefab":{"__type__":"cc.PrefabInfo","root":{"__id__":1},"asset":{"__uuid__":"41OTXag3NGsaQQKuUCNPGY"},"fileId":"d3yLwu5c1IAL6PFMvfcK7Y"},"_contentSize":{"__type__":"cc.Size","width":87,"height":97},"_trs":{"__type__":"TypedArray","ctor":"Float64Array","array":[0,0,0,0,0,0,1,1,1,1]}},{"__type__":"cc.Node","_name":"tip_hu","_parent":{"__id__":18},"_active":false,"_components":[{"__type__":"cc.Sprite","node":{"__id__":21},"_materials":[{"__uuid__":"ecpdLyjvZBwrvm+cedCcQy"}],"_spriteFrame":{"__uuid__":"014+2PNjNIo6rFp2uOY9kP"}}],"_prefab":{"__type__":"cc.PrefabInfo","root":{"__id__":1},"asset":{"__uuid__":"41OTXag3NGsaQQKuUCNPGY"},"fileId":"e3+AsZvYhNbqD2fubFLSAK"},"_contentSize":{"__type__":"cc.Size","width":25,"height":27},"_trs":{"__type__":"TypedArray","ctor":"Float64Array","array":[33.223,-30.008,0,0,0,0,1,1,1,1]}},{"__type__":"cc.Node","_name":"card3","_parent":{"__id__":13},"_children":[{"__id__":23},{"__id__":24},{"__id__":25}],"_components":[{"__type__":"cc.Sprite","node":{"__id__":22},"_materials":[{"__uuid__":"ecpdLyjvZBwrvm+cedCcQy"}],"_spriteFrame":{"__uuid__":"0f2Gn4xDdDVbiWnQKjXraz"}}],"_prefab":{"__type__":"cc.PrefabInfo","root":{"__id__":1},"asset":{"__uuid__":"41OTXag3NGsaQQKuUCNPGY"},"fileId":"4351ezfdJCSoLlegGt3SYw"},"_contentSize":{"__type__":"cc.Size","width":87,"height":97},"_trs":{"__type__":"TypedArray","ctor":"Float64Array","array":[0,-72.5,0,0,0,0,1,0.3,0.3,1]}},{"__type__":"cc.Node","_name":"dian","_parent":{"__id__":22},"_components":[{"__type__":"cc.Sprite","node":{"__id__":23},"_materials":[{"__uuid__":"ecpdLyjvZBwrvm+cedCcQy"}],"_isTrimmedMode":false}],"_prefab":{"__type__":"cc.PrefabInfo","root":{"__id__":1},"asset":{"__uuid__":"41OTXag3NGsaQQKuUCNPGY"},"fileId":"29tCv0vmFDe7rISoMviG5g"},"_contentSize":{"__type__":"cc.Size","width":87,"height":97},"_trs":{"__type__":"TypedArray","ctor":"Float64Array","array":[0,0,0,0,0,0,1,1,1,1]}},{"__type__":"cc.Node","_name":"hua","_parent":{"__id__":22},"_components":[{"__type__":"cc.Sprite","node":{"__id__":24},"_materials":[{"__uuid__":"ecpdLyjvZBwrvm+cedCcQy"}],"_sizeMode":2,"_isTrimmedMode":false}],"_prefab":{"__type__":"cc.PrefabInfo","root":{"__id__":1},"asset":{"__uuid__":"41OTXag3NGsaQQKuUCNPGY"},"fileId":"4aBJTx2nZAQItlR1MGfI7+"},"_contentSize":{"__type__":"cc.Size","width":87,"height":97},"_trs":{"__type__":"TypedArray","ctor":"Float64Array","array":[0,0,0,0,0,0,1,1,1,1]}},{"__type__":"cc.Node","_name":"tip_hu","_parent":{"__id__":22},"_active":false,"_components":[{"__type__":"cc.Sprite","node":{"__id__":25},"_materials":[{"__uuid__":"ecpdLyjvZBwrvm+cedCcQy"}],"_spriteFrame":{"__uuid__":"014+2PNjNIo6rFp2uOY9kP"}}],"_prefab":{"__type__":"cc.PrefabInfo","root":{"__id__":1},"asset":{"__uuid__":"41OTXag3NGsaQQKuUCNPGY"},"fileId":"eanYfzxdFIq43E8Ms6vzpx"},"_contentSize":{"__type__":"cc.Size","width":25,"height":27},"_trs":{"__type__":"TypedArray","ctor":"Float64Array","array":[33.223,-30.008,0,0,0,0,1,1,1,1]}},{"__type__":"cc.Node","_name":"card4","_parent":{"__id__":13},"_children":[{"__id__":27},{"__id__":28},{"__id__":29}],"_components":[{"__type__":"cc.Sprite","node":{"__id__":26},"_materials":[{"__uuid__":"ecpdLyjvZBwrvm+cedCcQy"}],"_spriteFrame":{"__uuid__":"0f2Gn4xDdDVbiWnQKjXraz"}}],"_prefab":{"__type__":"cc.PrefabInfo","root":{"__id__":1},"asset":{"__uuid__":"41OTXag3NGsaQQKuUCNPGY"},"fileId":"33/oSYXEtKm5Q72qwWpD5E"},"_contentSize":{"__type__":"cc.Size","width":87,"height":97},"_trs":{"__type__":"TypedArray","ctor":"Float64Array","array":[0,-99.5,0,0,0,0,1,0.3,0.3,1]}},{"__type__":"cc.Node","_name":"dian","_parent":{"__id__":26},"_components":[{"__type__":"cc.Sprite","node":{"__id__":27},"_materials":[{"__uuid__":"ecpdLyjvZBwrvm+cedCcQy"}],"_isTrimmedMode":false}],"_prefab":{"__type__":"cc.PrefabInfo","root":{"__id__":1},"asset":{"__uuid__":"41OTXag3NGsaQQKuUCNPGY"},"fileId":"83MHHTv7FAmq+0ExUIfTdg"},"_contentSize":{"__type__":"cc.Size","width":87,"height":97},"_trs":{"__type__":"TypedArray","ctor":"Float64Array","array":[0,0,0,0,0,0,1,1,1,1]}},{"__type__":"cc.Node","_name":"hua","_parent":{"__id__":26},"_components":[{"__type__":"cc.Sprite","node":{"__id__":28},"_materials":[{"__uuid__":"ecpdLyjvZBwrvm+cedCcQy"}],"_sizeMode":2,"_isTrimmedMode":false}],"_prefab":{"__type__":"cc.PrefabInfo","root":{"__id__":1},"asset":{"__uuid__":"41OTXag3NGsaQQKuUCNPGY"},"fileId":"c0U84+WQ1FEpHauQmyJ5B3"},"_contentSize":{"__type__":"cc.Size","width":87,"height":97},"_trs":{"__type__":"TypedArray","ctor":"Float64Array","array":[0,0,0,0,0,0,1,1,1,1]}},{"__type__":"cc.Node","_name":"tip_hu","_parent":{"__id__":26},"_active":false,"_components":[{"__type__":"cc.Sprite","node":{"__id__":29},"_materials":[{"__uuid__":"ecpdLyjvZBwrvm+cedCcQy"}],"_spriteFrame":{"__uuid__":"014+2PNjNIo6rFp2uOY9kP"}}],"_prefab":{"__type__":"cc.PrefabInfo","root":{"__id__":1},"asset":{"__uuid__":"41OTXag3NGsaQQKuUCNPGY"},"fileId":"fbrcOJXQ5PY6C189vEJR7j"},"_contentSize":{"__type__":"cc.Size","width":25,"height":27},"_trs":{"__type__":"TypedArray","ctor":"Float64Array","array":[33.223,-30.008,0,0,0,0,1,1,1,1]}},{"__type__":"cc.Node","_name":"lb_you","_parent":{"__id__":13},"_components":[{"__type__":"cc.Label","node":{"__id__":30},"_materials":[{"__uuid__":"ecpdLyjvZBwrvm+cedCcQy"}],"_useOriginalSize":false,"_string":"8","_N$string":"8","_fontSize":24,"_lineHeight":46,"_N$file":{"__uuid__":"5f5wQekV1CGpJW2meZozWn"},"_isSystemFontUsed":false,"_N$horizontalAlign":1,"_N$verticalAlign":2}],"_prefab":{"__type__":"cc.PrefabInfo","root":{"__id__":1},"asset":{"__uuid__":"41OTXag3NGsaQQKuUCNPGY"},"fileId":"1al+GU6/pLbJCPriJ/JYCp"},"_color":{"__type__":"cc.Color","r":247,"g":2,"b":2},"_contentSize":{"__type__":"cc.Size","width":13.69,"height":57.96},"_trs":{"__type__":"TypedArray","ctor":"Float64Array","array":[0,-106.97999999999999,0,0,0,0,1,1,1,1]}},{"__type__":"cc.Node","_name":"lb_optype","_parent":{"__id__":12},"_components":[{"__type__":"cc.Label","node":{"__id__":31},"_materials":[{"__uuid__":"ecpdLyjvZBwrvm+cedCcQy"}],"_useOriginalSize":false,"_string":"碰","_N$string":"碰","_fontSize":24,"_lineHeight":26,"_N$file":{"__uuid__":"5f5wQekV1CGpJW2meZozWn"},"_isSystemFontUsed":false,"_N$horizontalAlign":1,"_N$verticalAlign":1},{"__type__":"cc.LabelOutline","node":{"__id__":31},"_color":{"__type__":"cc.Color","r":160,"g":41,"b":5},"_width":2}],"_prefab":{"__type__":"cc.PrefabInfo","root":{"__id__":1},"asset":{"__uuid__":"41OTXag3NGsaQQKuUCNPGY"},"fileId":"48rsbUSEBH3bAJa+P0+Pt4"},"_color":{"__type__":"cc.Color","r":252,"g":251,"b":250},"_contentSize":{"__type__":"cc.Size","width":28,"height":36.76},"_trs":{"__type__":"TypedArray","ctor":"Float64Array","array":[0,84.922,0,0,0,0,1,1,1,1]}},{"__type__":"cc.Node","_name":"showcard","_parent":{"__id__":1},"_children":[{"__type__":"cc.Node","_name":"sp_in","_parent":{"__id__":32},"_prefab":{"__type__":"cc.PrefabInfo","root":{"__id__":1},"asset":{"__uuid__":"41OTXag3NGsaQQKuUCNPGY"},"fileId":"4fE78ZpYJN3LLgY3VBDJvI"},"_trs":{"__type__":"TypedArray","ctor":"Float64Array","array":[0,0,0,0,0,0,1,1,1,1]}}],"_active":false,"_prefab":{"__type__":"cc.PrefabInfo","root":{"__id__":1},"asset":{"__uuid__":"41OTXag3NGsaQQKuUCNPGY"},"fileId":"c7lH9JlUdLAKBTDsujGD6E"},"_trs":{"__type__":"TypedArray","ctor":"Float64Array","array":[0,0,0,0,0,0,1,1,1,1]}},{"__type__":"cc.Node","_name":"downcard","_parent":{"__id__":1},"_children":[{"__type__":"cc.Node","_name":"down01","_parent":{"__id__":33},"_prefab":{"__type__":"cc.PrefabInfo","root":{"__id__":1},"asset":{"__uuid__":"41OTXag3NGsaQQKuUCNPGY"},"fileId":"198cUaDfhKKoPbMSOdB4ua"},"_trs":{"__type__":"TypedArray","ctor":"Float64Array","array":[0,0,0,0,0,0,1,1,1,1]}}],"_active":false,"_prefab":{"__type__":"cc.PrefabInfo","root":{"__id__":1},"asset":{"__uuid__":"41OTXag3NGsaQQKuUCNPGY"},"fileId":"71lLls769AuaKji2zWiPGb"},"_trs":{"__type__":"TypedArray","ctor":"Float64Array","array":[0,0,0,0,0,0,1,1,1,1]}},{"__type__":"cc.Node","_name":"huacard","_parent":{"__id__":1},"_children":[{"__type__":"cc.Node","_name":"card01","_parent":{"__id__":34},"_prefab":{"__type__":"cc.PrefabInfo","root":{"__id__":1},"asset":{"__uuid__":"41OTXag3NGsaQQKuUCNPGY"},"fileId":"48FapYXEtDCoFDkqLMNd5/"},"_trs":{"__type__":"TypedArray","ctor":"Float64Array","array":[0,0,0,0,0,0,1,1,1,1]}}],"_active":false,"_prefab":{"__type__":"cc.PrefabInfo","root":{"__id__":1},"asset":{"__uuid__":"41OTXag3NGsaQQKuUCNPGY"},"fileId":"31dPLYb5xGXrST9oB2AWss"},"_trs":{"__type__":"TypedArray","ctor":"Float64Array","array":[0,0,0,0,0,0,1,1,1,1]}},{"__type__":"cc.Node","_name":"demo_pai","_parent":{"__id__":1},"_children":[{"__id__":36},{"__id__":37},{"__id__":38}],"_active":false,"_components":[{"__type__":"cc.Sprite","node":{"__id__":35},"_materials":[{"__uuid__":"ecpdLyjvZBwrvm+cedCcQy"}],"_spriteFrame":{"__uuid__":"0f2Gn4xDdDVbiWnQKjXraz"}}],"_prefab":{"__type__":"cc.PrefabInfo","root":{"__id__":1},"asset":{"__uuid__":"41OTXag3NGsaQQKuUCNPGY"},"fileId":"aa+bfZbp5F8JhejdmTkwvJ"},"_contentSize":{"__type__":"cc.Size","width":87,"height":97},"_trs":{"__type__":"TypedArray","ctor":"Float64Array","array":[0,-18.499999999999993,0,0,0,0,1,0.45,0.45,1]}},{"__type__":"cc.Node","_name":"dian","_parent":{"__id__":35},"_components":[{"__type__":"cc.Sprite","node":{"__id__":36},"_materials":[{"__uuid__":"ecpdLyjvZBwrvm+cedCcQy"}],"_isTrimmedMode":false}],"_prefab":{"__type__":"cc.PrefabInfo","root":{"__id__":1},"asset":{"__uuid__":"41OTXag3NGsaQQKuUCNPGY"},"fileId":"06ssCYKkpM0rKiDJW7pUAv"},"_contentSize":{"__type__":"cc.Size","width":87,"height":97},"_trs":{"__type__":"TypedArray","ctor":"Float64Array","array":[0,0,0,0,0,0,1,1,1,1]}},{"__type__":"cc.Node","_name":"hua","_parent":{"__id__":35},"_components":[{"__type__":"cc.Sprite","node":{"__id__":37},"_materials":[{"__uuid__":"ecpdLyjvZBwrvm+cedCcQy"}],"_sizeMode":2,"_isTrimmedMode":false}],"_prefab":{"__type__":"cc.PrefabInfo","root":{"__id__":1},"asset":{"__uuid__":"41OTXag3NGsaQQKuUCNPGY"},"fileId":"a4hX0/ZVVNWJnVW/xgdFmE"},"_contentSize":{"__type__":"cc.Size","width":87,"height":97},"_trs":{"__type__":"TypedArray","ctor":"Float64Array","array":[0,0,0,0,0,0,1,1,1,1]}},{"__type__":"cc.Node","_name":"tip_hu","_parent":{"__id__":35},"_active":false,"_components":[{"__type__":"cc.Sprite","node":{"__id__":38},"_materials":[{"__uuid__":"ecpdLyjvZBwrvm+cedCcQy"}],"_spriteFrame":{"__uuid__":"014+2PNjNIo6rFp2uOY9kP"}}],"_prefab":{"__type__":"cc.PrefabInfo","root":{"__id__":1},"asset":{"__uuid__":"41OTXag3NGsaQQKuUCNPGY"},"fileId":"569qZDinxP17VlZoaAB2ci"},"_contentSize":{"__type__":"cc.Size","width":25,"height":27},"_trs":{"__type__":"TypedArray","ctor":"Float64Array","array":[32.532,-31.086,0,0,0,0,1,1,1,1]}},{"__type__":"cc.Node","_name":"demo_huinfo","_parent":{"__id__":1},"_active":false,"_components":[{"__type__":"cc.Label","node":{"__id__":39},"_materials":[{"__uuid__":"ecpdLyjvZBwrvm+cedCcQy"}],"_useOriginalSize":false,"_string":"Label","_N$string":"Label","_fontSize":28,"_lineHeight":28,"_N$file":{"__uuid__":"5f5wQekV1CGpJW2meZozWn"},"_isSystemFontUsed":false,"_N$horizontalAlign":1,"_N$verticalAlign":1,"_N$overflow":2}],"_prefab":{"__type__":"cc.PrefabInfo","root":{"__id__":1},"asset":{"__uuid__":"41OTXag3NGsaQQKuUCNPGY"},"fileId":"95865eN81GPpZgoAv/Ky24"},"_color":{"__type__":"cc.Color","r":167,"g":35,"b":1},"_contentSize":{"__type__":"cc.Size","width":200,"height":35.28},"_trs":{"__type__":"TypedArray","ctor":"Float64Array","array":[0,0,0,0,0,0,1,1,1,1]}}],{"__type__":"cc.SpriteFrame","content":{"name":"img_yel_down02","texture":"afkKNIIFdA5pXQl09RYRAP","rect":[0,0,151,101],"offset":[0,0],"originalSize":[151,101],"capInsets":[20,20,20,20]}},{"__type__":"cc.SpriteFrame","content":{"name":"morentouxiang","texture":"25+2wviU5PjJqwhxYK4pp9","rect":[0,0,60,60],"offset":[0,0],"originalSize":[60,60],"capInsets":[0,0,0,0]}}]