[{"__type__":"cc.SpriteFrame","content":{"name":"ani_shop_line_01","texture":"73nRTy7Q5KSYA98mgZSS1p","rect":[127,130,1,1],"offset":[63.5,-65],"originalSize":[128,131],"capInsets":[0,0,0,0]}},{"__type__":"cc.SpriteFrame","content":{"name":"ani_shop_line_03","texture":"d2NixZIPFPg7rWydYH4IoR","rect":[10,10,108,111],"offset":[0,0],"originalSize":[128,131],"capInsets":[0,0,0,0]}},{"__type__":"cc.SpriteFrame","content":{"name":"ani_shop_line_02","texture":"2cxuY0slFFAbolJPBZ4MV7","rect":[16,16,96,99],"offset":[0,0],"originalSize":[128,131],"capInsets":[0,0,0,0]}},{"__type__":"cc.AnimationClip","_name":"shopLineAnimation","_duration":0.07,"sample":300,"speed":0.03,"wrapMode":2,"curveData":{"comps":{"cc.Sprite":{"spriteFrame":[{"frame":0.056666666666666664,"value":{"__uuid__":"43aevviXpMYYC1M2YTT8gE"}},{"frame":0.06,"value":{"__uuid__":"a4DXQoW2dFE4p175XTaax7"}},{"frame":0.06333333333333334,"value":{"__uuid__":"54jdN4KJNNC7K5eGLjIaXu"}},{"frame":0.06666666666666667,"value":{"__uuid__":"e7n8lfoSxFuZMJ6uVq40hf"}}]}}}},{"__type__":"cc.SpriteFrame","content":{"name":"ani_shop_line_04","texture":"3bgsharp1HorwP7I98MjrY","rect":[0,0,128,131],"offset":[0,0],"originalSize":[128,131],"capInsets":[0,0,0,0]}}]