[[{"__type__":"cc.SceneAsset","_name":"mainScene","scene":{"__id__":1},"asyncLoadAssets":null},{"__type__":"cc.Scene","_name":"New Node","_children":[{"__id__":2},{"__id__":8}],"_active":false,"_anchorPoint":{"__type__":"cc.Vec2"},"_trs":{"__type__":"TypedArray","ctor":"Float64Array","array":[0,0,0,0,0,0,1,1,1,1]},"autoReleaseAssets":false},{"__type__":"cc.Node","_name":"Client","_parent":{"__id__":1},"_children":[{"__id__":3},{"__id__":5}],"_components":[{"__type__":"cc.Widget","node":{"__id__":2},"alignMode":0,"_alignFlags":42,"_originalWidth":1600},{"__type__":"cee882Bbb9DLYdRBRaHI6uy","node":{"__id__":2}}],"_contentSize":{"__type__":"cc.Size","width":1360,"height":800},"_trs":{"__type__":"TypedArray","ctor":"Float64Array","array":[680,380,0,0,0,0,1,1,1,1]},"_id":"28bf0s475F9KrOomZFyEYQ"},{"__type__":"cc.Node","_name":"globalEffect","_parent":{"__id__":2},"_children":[{"__id__":4}],"_active":false,"_trs":{"__type__":"TypedArray","ctor":"Float64Array","array":[0,0,0,0,0,0,1,1,1,1]}},{"__type__":"cc.Node","_parent":{"__id__":3},"_id":"3cOstLY0VKLJnJ+MTiitmv","_prefab":{"__type__":"cc.PrefabInfo","root":{"__id__":4},"asset":{"__uuid__":"06LOaQTb5Mg57aiFH1lljb"},"fileId":"aafe8rMx/5LyJoRBZJPk0MY","sync":true},"_name":"WaitNet","_trs":{"__type__":"TypedArray","ctor":"Float64Array","array":[0,0,0,0,0,0,1,1,1,1]}},{"__type__":"cc.Node","_name":"msgTip","_parent":{"__id__":2},"_children":[{"__id__":6}],"_active":false,"_prefab":{"__type__":"cc.PrefabInfo","root":{"__id__":5},"asset":{"__uuid__":"8eQ/CxAo9HkIZcOArPEgZ2"},"fileId":"2d1723MgIdLFb/QiDS4DlEB"},"_contentSize":{"__type__":"cc.Size","width":620,"height":140},"_trs":{"__type__":"TypedArray","ctor":"Float64Array","array":[0,0,0,0,0,0,1,1,1,1]}},{"__type__":"cc.Node","_name":"sp_info","_parent":{"__id__":5},"_children":[{"__id__":7}],"_components":[{"__type__":"cc.Sprite","node":{"__id__":6},"_spriteFrame":{"__uuid__":"b4CBYq7ApAy7GpiZ8pFCtN"},"_type":1,"_sizeMode":0,"_isTrimmedMode":false},{"__type__":"cc.Widget","node":{"__id__":6},"_wasAlignOnce":{},"isAlignOnce":{},"_alignFlags":12,"_top":469,"_bottom":6},{"__type__":"cc.Layout","node":{"__id__":6},"_layoutSize":{"__type__":"cc.Size","width":620,"height":128},"_resize":1,"_N$layoutType":2,"_N$paddingLeft":10,"_N$paddingRight":10,"_N$paddingTop":10,"_N$paddingBottom":10,"_N$spacingX":10}],"_prefab":{"__type__":"cc.PrefabInfo","root":{"__id__":5},"asset":{"__uuid__":"8eQ/CxAo9HkIZcOArPEgZ2"},"fileId":"53ac6w8BXhJ3JC9j2dc9Enh"},"_contentSize":{"__type__":"cc.Size","width":620,"height":128},"_anchorPoint":{"__type__":"cc.Vec2","y":0.5},"_trs":{"__type__":"TypedArray","ctor":"Float64Array","array":[-310,0,0,0,0,0,1,1,1,1]}},{"__type__":"cc.Node","_name":"lb_info","_parent":{"__id__":6},"_components":[{"__type__":"cc.Label","node":{"__id__":7},"_useOriginalSize":false,"_string":"手牌中有4张红中时立即胡牌，且牌墙中未摸起的牌都为奖码，其中有1、5、9的牌都为中码。","_N$string":"手牌中有4张红中时立即胡牌，且牌墙中未摸起的牌都为奖码，其中有1、5、9的牌都为中码。","_fontSize":30,"_lineHeight":36,"_N$horizontalAlign":1,"_N$verticalAlign":1,"_N$overflow":3}],"_prefab":{"__type__":"cc.PrefabInfo","root":{"__id__":5},"asset":{"__uuid__":"8eQ/CxAo9HkIZcOArPEgZ2"},"fileId":"171b0GVSPhCwIx14xso0e3w"},"_contentSize":{"__type__":"cc.Size","width":600,"height":108},"_trs":{"__type__":"TypedArray","ctor":"Float64Array","array":[310,0,0,0,0,0,1,1,1,1]}},{"__type__":"cc.Node","_name":"Canvas","_parent":{"__id__":1},"_children":[{"__id__":9}],"_components":[{"__type__":"cc.Canvas","node":{"__id__":8},"_designResolution":{"__type__":"cc.Size","width":1360,"height":760}},{"__type__":"5ad432YcAZD9b/8KxZxewOT","node":{"__id__":8},"BackgroundLayer":{"__uuid__":"1edOHKnbNDzLHciWV/oCOv"},"UILayer":{"__uuid__":"cfvxJGDnVKeKQW2UzF0qin"},"TopLayer":{"__uuid__":"ceqo1rtWBJspkpuzAXucXI"}},{"__type__":"cc.Widget","node":{"__id__":8},"_alignFlags":40,"_originalWidth":1360}],"_contentSize":{"__type__":"cc.Size","width":1360,"height":760},"_trs":{"__type__":"TypedArray","ctor":"Float64Array","array":[680,380,0,0,0,0,1,1,1,1]},"_id":"cfee1ri9pVAz4mknzwaCljn"},{"__type__":"cc.Node","_name":"Main Camera","_parent":{"__id__":8},"_components":[{"__type__":"cc.Camera","node":{"__id__":9},"_clearFlags":7,"_depth":-1}],"_trs":{"__type__":"TypedArray","ctor":"Float64Array","array":[0,0,465.05564183224357,0,0,0,1,1,1,1]}}],{"__type__":"cc.SpriteFrame","content":{"name":"paipinzhi","texture":"1e4265db7","rect":[2,2,27,27],"offset":[0,0],"originalSize":[27,27],"capInsets":[12,10,12,10]}}]