[{"__type__":"cc.SpriteFrame","content":{"name":"btn_short_gre","texture":"d9o0CDUqlMTYXbnDOrVFIp","rect":[0,0,223,80],"offset":[0,0],"originalSize":[223,80],"capInsets":[0,0,0,0]}},{"__type__":"cc.SpriteFrame","content":{"name":"btn_up01","texture":"c1HDP8I55Kb4JXk7D5OI8e","rect":[0,0,31,43],"offset":[0,0],"originalSize":[31,43],"capInsets":[0,0,0,0]}},{"__type__":"cc.SpriteFrame","content":{"name":"img_text_input","texture":"88+/HUTYZJNIcxTTGvuYyT","rect":[0,0,50,53],"offset":[0,0],"originalSize":[50,53],"capInsets":[10,10,10,10]}},{"__type__":"cc.SpriteFrame","content":{"name":"img_zdown","texture":"f6w3j6F8lGArPsbAtWN43W","rect":[0,0,150,38],"offset":[0,0],"originalSize":[150,38],"capInsets":[20,0,20,0]}},{"__type__":"cc.SpriteFrame","content":{"name":"bg_bj01","texture":"397mId04JB67Cg2okLrmyZ","rect":[0,0,1560,720],"offset":[0,0],"originalSize":[1560,720],"capInsets":[0,0,0,0]}},{"__type__":"cc.SpriteFrame","content":{"name":"btn_green","texture":"65jvX4TYFFG6wc85AH3ulM","rect":[0,0,128,49],"offset":[0,0],"originalSize":[128,49],"capInsets":[0,0,0,0]}},{"__type__":"cc.SpriteFrame","content":{"name":"img_symid_up","texture":"23C1+QyjtGVZ9OQLT/+Okz","rect":[1,0,411,82],"offset":[0,0],"originalSize":[413,82],"capInsets":[0,0,0,0]}},{"__type__":"cc.SpriteFrame","content":{"name":"img_ts_dt01","texture":"f4ZoP5jC1Imaoah/X9JSp+","rect":[0,0,1306,667],"offset":[0,0],"originalSize":[1306,667],"capInsets":[0,0,0,0]}},[{"__type__":"cc.Prefab","_name":"UIRecordAllResult_jdzts","data":{"__id__":1}},{"__type__":"cc.Node","_name":"UIRecordAllResult_jdzts","_children":[{"__id__":2},{"__id__":3},{"__id__":5},{"__id__":14},{"__id__":15},{"__id__":20},{"__id__":22},{"__id__":24},{"__id__":26},{"__id__":28},{"__id__":29},{"__id__":37}],"_components":[{"__type__":"cc.Widget","node":{"__id__":1},"alignMode":0,"_alignFlags":45},{"__type__":"cc.Button","node":{"__id__":1},"_N$normalColor":{"__type__":"cc.Color","r":214,"g":214,"b":214},"_N$target":{"__id__":1}},{"__type__":"a159cGzg6xPHpsvEsbTHOt+","node":{"__id__":1},"ZorderLv":8,"roomID":{"__id__":18},"jushu":{"__id__":16},"endTime":{"__id__":17},"players":{"__id__":14},"cardPrefab":{"__uuid__":"71BkRPz6hCtKgVqkk/OEWV"},"page_search":{"__id__":45}}],"_prefab":{"__type__":"cc.PrefabInfo","root":{"__id__":1},"asset":{"__uuid__":"94r0KqiU1A26IcF5GNiI6W"},"fileId":"deeo/e9uBPMak4x1lKjE2X"},"_contentSize":{"__type__":"cc.Size","width":1360,"height":760},"_trs":{"__type__":"TypedArray","ctor":"Float64Array","array":[680,380,0,0,0,0,1,1,1,1]}},{"__type__":"cc.Node","_name":"bg01","_parent":{"__id__":1},"_components":[{"__type__":"cc.Sprite","node":{"__id__":2},"_materials":[{"__uuid__":"ecpdLyjvZBwrvm+cedCcQy"}],"_spriteFrame":{"__uuid__":"44oMWTaclJBKkBYUGHW71y"},"_sizeMode":0}],"_prefab":{"__type__":"cc.PrefabInfo","root":{"__id__":1},"asset":{"__uuid__":"94r0KqiU1A26IcF5GNiI6W"},"fileId":"ecWJahiEdH8rS4c9yXrp/D"},"_contentSize":{"__type__":"cc.Size","width":1750,"height":800},"_trs":{"__type__":"TypedArray","ctor":"Float64Array","array":[0,0,0,0,0,0,1,1,1,1]}},{"__type__":"cc.Node","_name":"bg_title","_parent":{"__id__":1},"_children":[{"__id__":4}],"_components":[{"__type__":"cc.Sprite","node":{"__id__":3},"_materials":[{"__uuid__":"ecpdLyjvZBwrvm+cedCcQy"}],"_spriteFrame":{"__uuid__":"581jQF2pRDU42CVnbdrYra"}},{"__type__":"cc.Widget","node":{"__id__":3},"_alignFlags":1}],"_prefab":{"__type__":"cc.PrefabInfo","root":{"__id__":1},"asset":{"__uuid__":"94r0KqiU1A26IcF5GNiI6W"},"fileId":"25bAyu/KBPsKCf4JEniW5g"},"_contentSize":{"__type__":"cc.Size","width":411,"height":82},"_trs":{"__type__":"TypedArray","ctor":"Float64Array","array":[0,339,0,0,0,0,1,1,1,1]}},{"__type__":"cc.Node","_name":"title_result","_parent":{"__id__":3},"_components":[{"__type__":"cc.Label","node":{"__id__":4},"_materials":[{"__uuid__":"ecpdLyjvZBwrvm+cedCcQy"}],"_string":"更多-战绩","_N$string":"更多-战绩","_fontSize":1,"_lineHeight":1,"_N$file":{"__uuid__":"dfQWsosahDfbsfQh+M8v0l"},"_isSystemFontUsed":false}],"_prefab":{"__type__":"cc.PrefabInfo","root":{"__id__":1},"asset":{"__uuid__":"94r0KqiU1A26IcF5GNiI6W"},"fileId":"faHy/YXCVK1ZVVQr7Mgtg4"},"_contentSize":{"__type__":"cc.Size","width":245,"height":1},"_trs":{"__type__":"TypedArray","ctor":"Float64Array","array":[0,26,0,0,0,0,1,1,1,1]}},{"__type__":"cc.Node","_name":"bg","_parent":{"__id__":1},"_children":[{"__id__":6},{"__id__":13}],"_components":[{"__type__":"cc.Sprite","node":{"__id__":5},"_materials":[{"__uuid__":"ecpdLyjvZBwrvm+cedCcQy"}],"_spriteFrame":{"__uuid__":"597IyX5elD6q5v1Quk5lUg"},"_type":1}],"_prefab":{"__type__":"cc.PrefabInfo","root":{"__id__":1},"asset":{"__uuid__":"94r0KqiU1A26IcF5GNiI6W"},"fileId":"53zeiN2JVEaY3QRhO+uHwp"},"_contentSize":{"__type__":"cc.Size","width":1306,"height":667},"_trs":{"__type__":"TypedArray","ctor":"Float64Array","array":[0,-46,0,0,0,0,1,1,1,1]}},{"__type__":"cc.Node","_name":"img_bjl_cd","_parent":{"__id__":5},"_children":[{"__id__":7},{"__id__":8},{"__id__":9},{"__id__":10},{"__id__":11},{"__id__":12}],"_components":[{"__type__":"cc.Sprite","node":{"__id__":6},"_materials":[{"__uuid__":"ecpdLyjvZBwrvm+cedCcQy"}],"_spriteFrame":{"__uuid__":"c7ZDvClmZPIZ7RZ7IEEgXU"},"_type":1,"_sizeMode":0}],"_prefab":{"__type__":"cc.PrefabInfo","root":{"__id__":1},"asset":{"__uuid__":"94r0KqiU1A26IcF5GNiI6W"},"fileId":"e95o/J5IRDzZfYyml+SldB"},"_contentSize":{"__type__":"cc.Size","width":1230,"height":30},"_trs":{"__type__":"TypedArray","ctor":"Float64Array","array":[0,251.52999999999997,0,0,0,0,1,1,1,1]}},{"__type__":"cc.Node","_name":"taoshangpai","_parent":{"__id__":6},"_components":[{"__type__":"cc.Label","node":{"__id__":7},"_materials":[{"__uuid__":"ecpdLyjvZBwrvm+cedCcQy"}],"_useOriginalSize":false,"_string":"讨赏牌","_N$string":"讨赏牌","_fontSize":26,"_lineHeight":26,"_N$file":{"__uuid__":"5f5wQekV1CGpJW2meZozWn"},"_isSystemFontUsed":false,"_N$horizontalAlign":1,"_N$verticalAlign":1}],"_prefab":{"__type__":"cc.PrefabInfo","root":{"__id__":1},"asset":{"__uuid__":"94r0KqiU1A26IcF5GNiI6W"},"fileId":"9fBL3hBitKI7a7ksWBUZmx"},"_color":{"__type__":"cc.Color","r":115,"g":92,"b":66},"_contentSize":{"__type__":"cc.Size","width":78,"height":32.76},"_trs":{"__type__":"TypedArray","ctor":"Float64Array","array":[-402.859,0,0,0,0,0,1,1,1,1]}},{"__type__":"cc.Node","_name":"shangfen","_parent":{"__id__":6},"_components":[{"__type__":"cc.Label","node":{"__id__":8},"_materials":[{"__uuid__":"ecpdLyjvZBwrvm+cedCcQy"}],"_useOriginalSize":false,"_string":"赏","_N$string":"赏","_fontSize":26,"_lineHeight":26,"_N$file":{"__uuid__":"5f5wQekV1CGpJW2meZozWn"},"_isSystemFontUsed":false,"_N$horizontalAlign":1,"_N$verticalAlign":1}],"_prefab":{"__type__":"cc.PrefabInfo","root":{"__id__":1},"asset":{"__uuid__":"94r0KqiU1A26IcF5GNiI6W"},"fileId":"14LaMtwRlBZ7GLNg8o0a3W"},"_color":{"__type__":"cc.Color","r":115,"g":92,"b":66},"_contentSize":{"__type__":"cc.Size","width":26,"height":32.76},"_trs":{"__type__":"TypedArray","ctor":"Float64Array","array":[30,0,0,0,0,0,1,1,1,1]}},{"__type__":"cc.Node","_name":"taoshangfen","_parent":{"__id__":6},"_components":[{"__type__":"cc.Label","node":{"__id__":9},"_materials":[{"__uuid__":"ecpdLyjvZBwrvm+cedCcQy"}],"_useOriginalSize":false,"_string":"讨赏分","_N$string":"讨赏分","_fontSize":26,"_lineHeight":26,"_N$file":{"__uuid__":"5f5wQekV1CGpJW2meZozWn"},"_isSystemFontUsed":false,"_N$horizontalAlign":1,"_N$verticalAlign":1}],"_prefab":{"__type__":"cc.PrefabInfo","root":{"__id__":1},"asset":{"__uuid__":"94r0KqiU1A26IcF5GNiI6W"},"fileId":"eeDAm+LTFAcaygDpWnE5wb"},"_color":{"__type__":"cc.Color","r":115,"g":92,"b":66},"_contentSize":{"__type__":"cc.Size","width":78,"height":32.76},"_trs":{"__type__":"TypedArray","ctor":"Float64Array","array":[155,0,0,0,0,0,1,1,1,1]}},{"__type__":"cc.Node","_name":"shuying","_parent":{"__id__":6},"_components":[{"__type__":"cc.Label","node":{"__id__":10},"_materials":[{"__uuid__":"ecpdLyjvZBwrvm+cedCcQy"}],"_useOriginalSize":false,"_string":"得分","_N$string":"得分","_fontSize":26,"_lineHeight":26,"_N$file":{"__uuid__":"5f5wQekV1CGpJW2meZozWn"},"_isSystemFontUsed":false,"_N$horizontalAlign":1,"_N$verticalAlign":1}],"_prefab":{"__type__":"cc.PrefabInfo","root":{"__id__":1},"asset":{"__uuid__":"94r0KqiU1A26IcF5GNiI6W"},"fileId":"4aP/iI/VFD9qan5QAV7DU3"},"_color":{"__type__":"cc.Color","r":115,"g":92,"b":66},"_contentSize":{"__type__":"cc.Size","width":52,"height":32.76},"_trs":{"__type__":"TypedArray","ctor":"Float64Array","array":[283.694,0,0,0,0,0,1,1,1,1]}},{"__type__":"cc.Node","_name":"point","_parent":{"__id__":6},"_components":[{"__type__":"cc.Label","node":{"__id__":11},"_materials":[{"__uuid__":"ecpdLyjvZBwrvm+cedCcQy"}],"_useOriginalSize":false,"_string":"总得分","_N$string":"总得分","_fontSize":26,"_lineHeight":26,"_N$file":{"__uuid__":"5f5wQekV1CGpJW2meZozWn"},"_isSystemFontUsed":false,"_N$horizontalAlign":1,"_N$verticalAlign":1}],"_prefab":{"__type__":"cc.PrefabInfo","root":{"__id__":1},"asset":{"__uuid__":"94r0KqiU1A26IcF5GNiI6W"},"fileId":"57KkVCJj1GHqz8qo5PJqBM"},"_color":{"__type__":"cc.Color","r":115,"g":92,"b":66},"_contentSize":{"__type__":"cc.Size","width":78,"height":32.76},"_trs":{"__type__":"TypedArray","ctor":"Float64Array","array":[411.002,0,0,0,0,0,1,1,1,1]}},{"__type__":"cc.Node","_name":"sportpoint","_parent":{"__id__":6},"_components":[{"__type__":"cc.Label","node":{"__id__":12},"_materials":[{"__uuid__":"ecpdLyjvZBwrvm+cedCcQy"}],"_useOriginalSize":false,"_string":"比赛分","_N$string":"比赛分","_fontSize":26,"_lineHeight":26,"_N$file":{"__uuid__":"5f5wQekV1CGpJW2meZozWn"},"_isSystemFontUsed":false,"_N$horizontalAlign":1,"_N$verticalAlign":1}],"_prefab":{"__type__":"cc.PrefabInfo","root":{"__id__":1},"asset":{"__uuid__":"94r0KqiU1A26IcF5GNiI6W"},"fileId":"e0hXhwklRF/bkVagV9wWl0"},"_color":{"__type__":"cc.Color","r":115,"g":92,"b":66},"_contentSize":{"__type__":"cc.Size","width":78,"height":32.76},"_trs":{"__type__":"TypedArray","ctor":"Float64Array","array":[539.773,0,0,0,0,0,1,1,1,1]}},{"__type__":"cc.Node","_name":"New Sprite","_parent":{"__id__":5},"_components":[{"__type__":"cc.Sprite","node":{"__id__":13},"_materials":[{"__uuid__":"ecpdLyjvZBwrvm+cedCcQy"}],"_spriteFrame":{"__uuid__":"34IEh+IqZASofzzo7zwiB7"},"_type":1,"_sizeMode":0}],"_prefab":{"__type__":"cc.PrefabInfo","root":{"__id__":1},"asset":{"__uuid__":"94r0KqiU1A26IcF5GNiI6W"},"fileId":"93B+gluvBLypNEVq8R04D6"},"_contentSize":{"__type__":"cc.Size","width":975,"height":38},"_trs":{"__type__":"TypedArray","ctor":"Float64Array","array":[0,293.993,0,0,0,0,1,1,1,1]}},{"__type__":"cc.Node","_name":"players","_parent":{"__id__":1},"_components":[{"__type__":"cc.Layout","node":{"__id__":14},"_layoutSize":{"__type__":"cc.Size","width":1280,"height":100},"_resize":1,"_N$layoutType":2,"_N$spacingY":5}],"_prefab":{"__type__":"cc.PrefabInfo","root":{"__id__":1},"asset":{"__uuid__":"94r0KqiU1A26IcF5GNiI6W"},"fileId":"edgWfjj19PeoIXDwmoUJG9"},"_contentSize":{"__type__":"cc.Size","width":1280,"height":100},"_anchorPoint":{"__type__":"cc.Vec2","x":0.5,"y":1},"_trs":{"__type__":"TypedArray","ctor":"Float64Array","array":[0,181.537,0,0,0,0,1,1,1,1]}},{"__type__":"cc.Node","_name":"room_info","_parent":{"__id__":1},"_children":[{"__id__":16},{"__id__":17},{"__id__":18},{"__id__":19}],"_prefab":{"__type__":"cc.PrefabInfo","root":{"__id__":1},"asset":{"__uuid__":"94r0KqiU1A26IcF5GNiI6W"},"fileId":"fbZBh3c4hG1a6k11Ziwjcp"},"_trs":{"__type__":"TypedArray","ctor":"Float64Array","array":[0,48.548,0,0,0,0,1,1,1,1]}},{"__type__":"cc.Node","_name":"jushu","_parent":{"__id__":15},"_components":[{"__type__":"cc.Label","node":{"__id__":16},"_materials":[{"__uuid__":"ecpdLyjvZBwrvm+cedCcQy"}],"_useOriginalSize":false,"_string":"局数:8","_N$string":"局数:8","_fontSize":30,"_N$file":{"__uuid__":"5f5wQekV1CGpJW2meZozWn"},"_isSystemFontUsed":false,"_N$horizontalAlign":1,"_N$verticalAlign":1}],"_prefab":{"__type__":"cc.PrefabInfo","root":{"__id__":1},"asset":{"__uuid__":"94r0KqiU1A26IcF5GNiI6W"},"fileId":"e99NzPHAxCE7+7IrYbHuBP"},"_color":{"__type__":"cc.Color","r":253,"g":249,"b":213},"_contentSize":{"__type__":"cc.Size","width":85.08,"height":50.4},"_trs":{"__type__":"TypedArray","ctor":"Float64Array","array":[-367,200,0,0,0,0,1,1,1,1]}},{"__type__":"cc.Node","_name":"endTime","_parent":{"__id__":15},"_components":[{"__type__":"cc.Label","node":{"__id__":17},"_materials":[{"__uuid__":"ecpdLyjvZBwrvm+cedCcQy"}],"_useOriginalSize":false,"_string":"2017-5-30 15:30","_N$string":"2017-5-30 15:30","_fontSize":30,"_N$file":{"__uuid__":"5f5wQekV1CGpJW2meZozWn"},"_isSystemFontUsed":false,"_N$horizontalAlign":1,"_N$verticalAlign":1}],"_prefab":{"__type__":"cc.PrefabInfo","root":{"__id__":1},"asset":{"__uuid__":"94r0KqiU1A26IcF5GNiI6W"},"fileId":"a0LwhJKNNCBYCDp/npRF3k"},"_color":{"__type__":"cc.Color","r":253,"g":249,"b":213},"_contentSize":{"__type__":"cc.Size","width":226.76,"height":50.4},"_trs":{"__type__":"TypedArray","ctor":"Float64Array","array":[85,200,0,0,0,0,1,1,1,1]}},{"__type__":"cc.Node","_name":"roomID","_parent":{"__id__":15},"_active":false,"_components":[{"__type__":"cc.Label","node":{"__id__":18},"_useOriginalSize":false,"_string":"房间号:123456","_N$string":"房间号:123456","_fontSize":30,"_N$file":{"__uuid__":"5f5wQekV1CGpJW2meZozWn"},"_isSystemFontUsed":false,"_N$horizontalAlign":1,"_N$verticalAlign":1}],"_prefab":{"__type__":"cc.PrefabInfo","root":{"__id__":1},"asset":{"__uuid__":"94r0KqiU1A26IcF5GNiI6W"},"fileId":"aam6UFNLxI/pH19ahQKXlt"},"_color":{"__type__":"cc.Color","r":253,"g":249,"b":213},"_contentSize":{"__type__":"cc.Size","width":194.53,"height":40},"_trs":{"__type__":"TypedArray","ctor":"Float64Array","array":[-336.8,200,0,0,0,0,1,1,1,1]}},{"__type__":"cc.Node","_name":"backCode","_parent":{"__id__":15},"_components":[{"__type__":"cc.Label","node":{"__id__":19},"_materials":[{"__uuid__":"ecpdLyjvZBwrvm+cedCcQy"}],"_useOriginalSize":false,"_string":"回放码:1234567","_N$string":"回放码:1234567","_fontSize":30,"_N$file":{"__uuid__":"5f5wQekV1CGpJW2meZozWn"},"_isSystemFontUsed":false,"_N$horizontalAlign":1,"_N$verticalAlign":1}],"_prefab":{"__type__":"cc.PrefabInfo","root":{"__id__":1},"asset":{"__uuid__":"94r0KqiU1A26IcF5GNiI6W"},"fileId":"afsIcOvRRPU5neZ1F0kczh"},"_color":{"__type__":"cc.Color","r":253,"g":249,"b":213},"_contentSize":{"__type__":"cc.Size","width":210.59,"height":50.4},"_trs":{"__type__":"TypedArray","ctor":"Float64Array","array":[344,200,0,0,0,0,1,1,1,1]}},{"__type__":"cc.Node","_name":"btn_share","_parent":{"__id__":1},"_children":[{"__id__":21}],"_components":[{"__type__":"cc.Sprite","node":{"__id__":20},"_materials":[{"__uuid__":"ecpdLyjvZBwrvm+cedCcQy"}],"_spriteFrame":{"__uuid__":"02TJxpH5VJ9oqIH3281Z3Y"}},{"__type__":"cc.Button","node":{"__id__":20},"clickEvents":[{"__type__":"cc.ClickEvent","target":{"__id__":1},"_componentId":"a159cGzg6xPHpsvEsbTHOt+","handler":"OnClick_BtnWnd"}],"_N$transition":3,"transition":3,"_N$normalColor":{"__type__":"cc.Color","r":214,"g":214,"b":214},"_N$target":{"__id__":20}}],"_prefab":{"__type__":"cc.PrefabInfo","root":{"__id__":1},"asset":{"__uuid__":"94r0KqiU1A26IcF5GNiI6W"},"fileId":"202O4wW61G1Jiv5UXrzo0e"},"_contentSize":{"__type__":"cc.Size","width":223,"height":80},"_trs":{"__type__":"TypedArray","ctor":"Float64Array","array":[-469,-313,0,0,0,0,1,1,1,1]}},{"__type__":"cc.Node","_name":"lb_share","_parent":{"__id__":20},"_components":[{"__type__":"cc.Label","node":{"__id__":21},"_materials":[{"__uuid__":"ecpdLyjvZBwrvm+cedCcQy"}],"_useOriginalSize":false,"_string":"分 享","_N$string":"分 享","_lineHeight":45,"_N$file":{"__uuid__":"5f5wQekV1CGpJW2meZozWn"},"_isSystemFontUsed":false,"_N$horizontalAlign":1,"_N$verticalAlign":1},{"__type__":"cc.LabelOutline","node":{"__id__":21},"_color":{"__type__":"cc.Color","g":72,"b":7},"_width":2}],"_prefab":{"__type__":"cc.PrefabInfo","root":{"__id__":1},"asset":{"__uuid__":"94r0KqiU1A26IcF5GNiI6W"},"fileId":"3b+++65B1I5JZN4gKJGXym"},"_contentSize":{"__type__":"cc.Size","width":94.63,"height":60.7},"_trs":{"__type__":"TypedArray","ctor":"Float64Array","array":[0,5,0,0,0,0,1,1,1,1]}},{"__type__":"cc.Node","_name":"btn_replay","_parent":{"__id__":1},"_children":[{"__id__":23}],"_components":[{"__type__":"cc.Sprite","node":{"__id__":22},"_materials":[{"__uuid__":"ecpdLyjvZBwrvm+cedCcQy"}],"_spriteFrame":{"__uuid__":"4dfZzLdPxMHIH8HzdecOfs"}},{"__type__":"cc.Button","node":{"__id__":22},"clickEvents":[{"__type__":"cc.ClickEvent","target":{"__id__":1},"_componentId":"a159cGzg6xPHpsvEsbTHOt+","handler":"OnClick_BtnWnd"}],"_N$transition":3,"transition":3,"_N$normalColor":{"__type__":"cc.Color","r":214,"g":214,"b":214},"_N$target":{"__id__":22}}],"_prefab":{"__type__":"cc.PrefabInfo","root":{"__id__":1},"asset":{"__uuid__":"94r0KqiU1A26IcF5GNiI6W"},"fileId":"92vROtJZlHfIO9Ar/XKMFH"},"_contentSize":{"__type__":"cc.Size","width":128,"height":49},"_trs":{"__type__":"TypedArray","ctor":"Float64Array","array":[561.1,246.103,0,0,0,0,1,1,1,1]}},{"__type__":"cc.Node","_name":"lb_replay","_parent":{"__id__":22},"_components":[{"__type__":"cc.Label","node":{"__id__":23},"_materials":[{"__uuid__":"ecpdLyjvZBwrvm+cedCcQy"}],"_useOriginalSize":false,"_string":"查看回放","_N$string":"查看回放","_fontSize":26,"_lineHeight":30,"_N$file":{"__uuid__":"5f5wQekV1CGpJW2meZozWn"},"_isSystemFontUsed":false,"_N$horizontalAlign":1,"_N$verticalAlign":1},{"__type__":"cc.LabelOutline","node":{"__id__":23},"_color":{"__type__":"cc.Color","g":72,"b":7}}],"_prefab":{"__type__":"cc.PrefabInfo","root":{"__id__":1},"asset":{"__uuid__":"94r0KqiU1A26IcF5GNiI6W"},"fileId":"61WdmoxcRN+4uoOTV+3Z2U"},"_contentSize":{"__type__":"cc.Size","width":106,"height":39.8},"_trs":{"__type__":"TypedArray","ctor":"Float64Array","array":[0,1.7,0,0,0,0,1,1,1,1]}},{"__type__":"cc.Node","_name":"btn_last","_parent":{"__id__":1},"_children":[{"__id__":25}],"_components":[{"__type__":"cc.Button","node":{"__id__":24},"clickEvents":[{"__type__":"cc.ClickEvent","target":{"__id__":1},"_componentId":"a159cGzg6xPHpsvEsbTHOt+","handler":"OnClick_BtnWnd"}],"_N$transition":3,"transition":3,"_N$normalColor":{"__type__":"cc.Color","r":214,"g":214,"b":214},"_N$target":{"__id__":24}}],"_prefab":{"__type__":"cc.PrefabInfo","root":{"__id__":1},"asset":{"__uuid__":"94r0KqiU1A26IcF5GNiI6W"},"fileId":"17Gr3E9elCFpkMgjfEqKfv"},"_contentSize":{"__type__":"cc.Size","width":60,"height":60},"_trs":{"__type__":"TypedArray","ctor":"Float64Array","array":[-102,-313,0,0,0,0,1,1,1,1]}},{"__type__":"cc.Node","_name":"New Sprite","_parent":{"__id__":24},"_components":[{"__type__":"cc.Sprite","node":{"__id__":25},"_materials":[{"__uuid__":"ecpdLyjvZBwrvm+cedCcQy"}],"_spriteFrame":{"__uuid__":"05UnV1p3xA17mLF3BUeiWa"}}],"_prefab":{"__type__":"cc.PrefabInfo","root":{"__id__":1},"asset":{"__uuid__":"94r0KqiU1A26IcF5GNiI6W"},"fileId":"5a+r/G6aZBXqAmd1L4maop"},"_contentSize":{"__type__":"cc.Size","width":31,"height":43},"_trs":{"__type__":"TypedArray","ctor":"Float64Array","array":[0,0,0,0,0,0,1,1,1,1]}},{"__type__":"cc.Node","_name":"btn_next","_parent":{"__id__":1},"_children":[{"__id__":27}],"_components":[{"__type__":"cc.Button","node":{"__id__":26},"clickEvents":[{"__type__":"cc.ClickEvent","target":{"__id__":1},"_componentId":"a159cGzg6xPHpsvEsbTHOt+","handler":"OnClick_BtnWnd"}],"_N$transition":3,"transition":3,"_N$normalColor":{"__type__":"cc.Color","r":214,"g":214,"b":214},"_N$target":{"__id__":26}}],"_prefab":{"__type__":"cc.PrefabInfo","root":{"__id__":1},"asset":{"__uuid__":"94r0KqiU1A26IcF5GNiI6W"},"fileId":"d3cjRim99K87DvDOeG5Sbv"},"_contentSize":{"__type__":"cc.Size","width":60,"height":60},"_trs":{"__type__":"TypedArray","ctor":"Float64Array","array":[151,-313,0,0,0,0,1,-1,-1,1]}},{"__type__":"cc.Node","_name":"New Sprite","_parent":{"__id__":26},"_components":[{"__type__":"cc.Sprite","node":{"__id__":27},"_materials":[{"__uuid__":"ecpdLyjvZBwrvm+cedCcQy"}],"_spriteFrame":{"__uuid__":"05UnV1p3xA17mLF3BUeiWa"}}],"_prefab":{"__type__":"cc.PrefabInfo","root":{"__id__":1},"asset":{"__uuid__":"94r0KqiU1A26IcF5GNiI6W"},"fileId":"a0wvYyWMpJMZixzT2n1r/o"},"_contentSize":{"__type__":"cc.Size","width":31,"height":43},"_trs":{"__type__":"TypedArray","ctor":"Float64Array","array":[0,0,0,0,0,0,1,1,1,1]}},{"__type__":"cc.Node","_name":"btn_search","_parent":{"__id__":1},"_components":[{"__type__":"cc.Sprite","node":{"__id__":28},"_materials":[{"__uuid__":"ecpdLyjvZBwrvm+cedCcQy"}],"_spriteFrame":{"__uuid__":"b3iUxGEs1J9J8SbFp1xH33"}},{"__type__":"cc.Button","node":{"__id__":28},"clickEvents":[{"__type__":"cc.ClickEvent","target":{"__id__":1},"_componentId":"a159cGzg6xPHpsvEsbTHOt+","handler":"OnClick_BtnWnd"}],"_N$transition":3,"transition":3,"_N$normalColor":{"__type__":"cc.Color","r":214,"g":214,"b":214},"_N$target":{"__id__":28}}],"_prefab":{"__type__":"cc.PrefabInfo","root":{"__id__":1},"asset":{"__uuid__":"94r0KqiU1A26IcF5GNiI6W"},"fileId":"431OPWSMBDgoJfZZrc+a9L"},"_contentSize":{"__type__":"cc.Size","width":122,"height":59},"_trs":{"__type__":"TypedArray","ctor":"Float64Array","array":[541,-313,0,0,0,0,1,1,1,1]}},{"__type__":"cc.Node","_name":"page","_parent":{"__id__":1},"_children":[{"__id__":30}],"_components":[{"__type__":"cc.Sprite","node":{"__id__":29},"_materials":[{"__uuid__":"ecpdLyjvZBwrvm+cedCcQy"}],"_spriteFrame":{"__uuid__":"2aM5A97lNMm7XG9q+cvxLn"},"_type":1,"_sizeMode":0}],"_prefab":{"__type__":"cc.PrefabInfo","root":{"__id__":1},"asset":{"__uuid__":"94r0KqiU1A26IcF5GNiI6W"},"fileId":"63AKZ/6kFO968wEly4bO/q"},"_contentSize":{"__type__":"cc.Size","width":172,"height":53},"_trs":{"__type__":"TypedArray","ctor":"Float64Array","array":[25,-313,0,0,0,0,1,1,1,1]}},{"__type__":"cc.Node","_name":"editbox_page","_parent":{"__id__":29},"_children":[{"__id__":31},{"__id__":33},{"__id__":35}],"_components":[{"__type__":"cc.EditBox","node":{"__id__":30},"_useOriginalSize":false,"_string":"1/28","maxLength":60,"_tabIndex":10,"_N$textLabel":{"__id__":34},"_N$placeholderLabel":{"__id__":36},"_N$background":{"__id__":32},"_N$inputMode":4}],"_prefab":{"__type__":"cc.PrefabInfo","root":{"__id__":1},"asset":{"__uuid__":"94r0KqiU1A26IcF5GNiI6W"},"fileId":"627+WfQQxBnoGl1o4np1ut"},"_color":{"__type__":"cc.Color","r":210,"g":103},"_contentSize":{"__type__":"cc.Size","width":80,"height":40},"_trs":{"__type__":"TypedArray","ctor":"Float64Array","array":[12.6,0.7,0,0,0,0,1,1,1,1]}},{"__type__":"cc.Node","_name":"BACKGROUND_SPRITE","_parent":{"__id__":30},"_components":[{"__id__":32}],"_prefab":{"__type__":"cc.PrefabInfo","root":{"__id__":1},"asset":{"__uuid__":"94r0KqiU1A26IcF5GNiI6W"},"fileId":"a9jj/Rs2pBea2QxlBCHKNQ"},"_contentSize":{"__type__":"cc.Size","width":80,"height":40},"_trs":{"__type__":"TypedArray","ctor":"Float64Array","array":[0,0,0,0,0,0,1,1,1,1]}},{"__type__":"cc.Sprite","node":{"__id__":31},"_type":1},{"__type__":"cc.Node","_name":"TEXT_LABEL","_parent":{"__id__":30},"_components":[{"__id__":34}],"_prefab":{"__type__":"cc.PrefabInfo","root":{"__id__":1},"asset":{"__uuid__":"94r0KqiU1A26IcF5GNiI6W"},"fileId":"9c6buq0J5N8JLPYhHh/umc"},"_color":{"__type__":"cc.Color","r":210,"g":103},"_contentSize":{"__type__":"cc.Size","width":78,"height":40},"_anchorPoint":{"__type__":"cc.Vec2","y":1},"_trs":{"__type__":"TypedArray","ctor":"Float64Array","array":[-38,20,0,0,0,0,1,1,1,1]}},{"__type__":"cc.Label","node":{"__id__":33},"_materials":[{"__uuid__":"ecpdLyjvZBwrvm+cedCcQy"}],"_string":"1/28","_N$string":"1/28","_fontSize":32,"_lineHeight":32,"_enableWrapText":false,"_N$file":{"__uuid__":"5f5wQekV1CGpJW2meZozWn"},"_isSystemFontUsed":false,"_N$verticalAlign":1,"_N$overflow":1},{"__type__":"cc.Node","_name":"PLACEHOLDER_LABEL","_parent":{"__id__":30},"_active":false,"_components":[{"__id__":36}],"_prefab":{"__type__":"cc.PrefabInfo","root":{"__id__":1},"asset":{"__uuid__":"94r0KqiU1A26IcF5GNiI6W"},"fileId":"8bhhHl+RVPKKsdADAbQZTr"},"_color":{"__type__":"cc.Color","r":210,"g":103},"_contentSize":{"__type__":"cc.Size","width":78,"height":40},"_anchorPoint":{"__type__":"cc.Vec2","y":1},"_trs":{"__type__":"TypedArray","ctor":"Float64Array","array":[-38,20,0,0,0,0,1,1,1,1]}},{"__type__":"cc.Label","node":{"__id__":35},"_string":"  ","_N$string":"  ","_fontSize":32,"_enableWrapText":false,"_N$file":{"__uuid__":"5f5wQekV1CGpJW2meZozWn"},"_isSystemFontUsed":false,"_N$verticalAlign":1,"_N$overflow":1},{"__type__":"cc.Node","_name":"page2","_parent":{"__id__":1},"_children":[{"__id__":38}],"_components":[{"__type__":"cc.Sprite","node":{"__id__":37},"_materials":[{"__uuid__":"ecpdLyjvZBwrvm+cedCcQy"}],"_spriteFrame":{"__uuid__":"2aM5A97lNMm7XG9q+cvxLn"},"_type":1,"_sizeMode":0}],"_prefab":{"__type__":"cc.PrefabInfo","root":{"__id__":1},"asset":{"__uuid__":"94r0KqiU1A26IcF5GNiI6W"},"fileId":"adsiMyh4xBHaBF/wdRTj+g"},"_contentSize":{"__type__":"cc.Size","width":132,"height":53},"_trs":{"__type__":"TypedArray","ctor":"Float64Array","array":[371,-313,0,0,0,0,1,1,1,1]}},{"__type__":"cc.Node","_name":"editbox_page","_parent":{"__id__":37},"_children":[{"__id__":39},{"__id__":41},{"__id__":43}],"_components":[{"__id__":45}],"_prefab":{"__type__":"cc.PrefabInfo","root":{"__id__":1},"asset":{"__uuid__":"94r0KqiU1A26IcF5GNiI6W"},"fileId":"fcPo9CtOhD9aTv4a8uhl9k"},"_color":{"__type__":"cc.Color","r":210,"g":103},"_contentSize":{"__type__":"cc.Size","width":80,"height":40},"_trs":{"__type__":"TypedArray","ctor":"Float64Array","array":[20.4,0.5,0,0,0,0,1,1,1,1]}},{"__type__":"cc.Node","_name":"BACKGROUND_SPRITE","_parent":{"__id__":38},"_components":[{"__id__":40}],"_prefab":{"__type__":"cc.PrefabInfo","root":{"__id__":1},"asset":{"__uuid__":"94r0KqiU1A26IcF5GNiI6W"},"fileId":"9bLmFCGGlOaJBrXqwMrGJd"},"_contentSize":{"__type__":"cc.Size","width":80,"height":40},"_trs":{"__type__":"TypedArray","ctor":"Float64Array","array":[0,0,0,0,0,0,1,1,1,1]}},{"__type__":"cc.Sprite","node":{"__id__":39},"_type":1},{"__type__":"cc.Node","_name":"TEXT_LABEL","_parent":{"__id__":38},"_components":[{"__id__":42}],"_prefab":{"__type__":"cc.PrefabInfo","root":{"__id__":1},"asset":{"__uuid__":"94r0KqiU1A26IcF5GNiI6W"},"fileId":"e2H0JdbE1LHIecAdGE89s+"},"_color":{"__type__":"cc.Color","r":210,"g":103},"_contentSize":{"__type__":"cc.Size","width":78,"height":40},"_anchorPoint":{"__type__":"cc.Vec2","y":1},"_trs":{"__type__":"TypedArray","ctor":"Float64Array","array":[-38,20,0,0,0,0,1,1,1,1]}},{"__type__":"cc.Label","node":{"__id__":41},"_materials":[{"__uuid__":"ecpdLyjvZBwrvm+cedCcQy"}],"_string":"28","_N$string":"28","_fontSize":32,"_lineHeight":32,"_enableWrapText":false,"_N$file":{"__uuid__":"5f5wQekV1CGpJW2meZozWn"},"_isSystemFontUsed":false,"_N$verticalAlign":1,"_N$overflow":1},{"__type__":"cc.Node","_name":"PLACEHOLDER_LABEL","_parent":{"__id__":38},"_active":false,"_components":[{"__id__":44}],"_prefab":{"__type__":"cc.PrefabInfo","root":{"__id__":1},"asset":{"__uuid__":"94r0KqiU1A26IcF5GNiI6W"},"fileId":"6d86W4OCdOGpuzmhndgYLX"},"_color":{"__type__":"cc.Color","r":210,"g":103},"_contentSize":{"__type__":"cc.Size","width":78,"height":40},"_anchorPoint":{"__type__":"cc.Vec2","y":1},"_trs":{"__type__":"TypedArray","ctor":"Float64Array","array":[-38,20,0,0,0,0,1,1,1,1]}},{"__type__":"cc.Label","node":{"__id__":43},"_string":"  ","_N$string":"  ","_fontSize":32,"_enableWrapText":false,"_N$file":{"__uuid__":"5f5wQekV1CGpJW2meZozWn"},"_isSystemFontUsed":false,"_N$verticalAlign":1,"_N$overflow":1},{"__type__":"cc.EditBox","node":{"__id__":38},"_useOriginalSize":false,"_string":"28","maxLength":3,"_tabIndex":10,"_N$textLabel":{"__id__":42},"_N$placeholderLabel":{"__id__":44},"_N$background":{"__id__":40},"_N$inputMode":4}],{"__type__":"cc.SpriteFrame","content":{"name":"btn_tz","texture":"fbkXBEiWlA/p6PucOsaOL/","rect":[0,0,122,59],"offset":[0,0],"originalSize":[122,59],"capInsets":[0,0,0,0]}},{"__type__":"cc.SpriteFrame","content":{"name":"img_bjl_cd","texture":"7cnyOwH4xO36QaqwM7H3M3","rect":[0,0,50,50],"offset":[0,0],"originalSize":[50,50],"capInsets":[20,20,20,20]}}]