[{"__type__":"cc.SpriteFrame","content":{"name":"img_touyou","texture":"51QVTp2/RB1oEegC1OvAH0","rect":[0,0,56,30],"offset":[0,0],"originalSize":[56,30],"capInsets":[0,0,0,0]}},{"__type__":"cc.SpriteFrame","content":{"name":"bg_dan","texture":"0dIpFSUQVHC67hBvI+vZup","rect":[0,0,308,252],"offset":[0,0],"originalSize":[308,252],"capInsets":[20,120,20,110]}},{"__type__":"cc.SpriteFrame","content":{"name":"icon_ct","texture":"89dMoCS/JAa4mjgEAaXPFU","rect":[0,0,129,67],"offset":[0,0],"originalSize":[129,67],"capInsets":[0,0,0,0]}},{"__type__":"cc.SpriteFrame","content":{"name":"icon_dzm","texture":"73IJ1Jy5hB4oTD5Y0UA2Kd","rect":[0,0,80,69],"offset":[0,0],"originalSize":[80,69],"capInsets":[0,0,0,0]}},{"__type__":"cc.SpriteFrame","content":{"name":"bg_head","texture":"92mibFlSJIUb7D7wDFGjTY","rect":[0,0,85,85],"offset":[0,0],"originalSize":[85,85],"capInsets":[0,0,0,0]}},{"__type__":"cc.SpriteFrame","content":{"name":"bg_head01","texture":"61E8widLFI6q5dRAbHJxp6","rect":[0,0,79,79],"offset":[0,0],"originalSize":[79,79],"capInsets":[0,0,0,0]}},{"__type__":"cc.SpriteFrame","content":{"name":"icon_fct","texture":"3b5S0vhnNJnoScpmlyWSfE","rect":[0,0,129,67],"offset":[0,0],"originalSize":[129,67],"capInsets":[0,0,0,0]}},[{"__type__":"cc.Prefab","_name":"fcgp_winlost_child","data":{"__id__":1}},{"__type__":"cc.Node","_name":"fcgp_winlost_child","_children":[{"__id__":2},{"__id__":9},{"__id__":10},{"__id__":11},{"__id__":12},{"__id__":13},{"__id__":14},{"__id__":15},{"__id__":16},{"__id__":17},{"__id__":18},{"__id__":19}],"_components":[{"__type__":"cc.Sprite","node":{"__id__":1},"_materials":[{"__uuid__":"ecpdLyjvZBwrvm+cedCcQy"}],"_spriteFrame":{"__uuid__":"2bqGev7VdHe4af8c1lQl9d"},"_type":1,"_sizeMode":0},{"__type__":"56ae07r5FhB4oBE9tILWAU0","node":{"__id__":1},"icon_fct":{"__uuid__":"89jdVTBeBMiZlcPoViWqo8"},"icon_ct":{"__uuid__":"43VZAJIQdIwJ1CckGfJfs5"}}],"_prefab":{"__type__":"cc.PrefabInfo","root":{"__id__":1},"asset":{"__uuid__":"c3ZfTjK8xP8IE96ma3b4Z0"},"fileId":"6cDdI6pBxA9Z4NOAL9rTXL"},"_contentSize":{"__type__":"cc.Size","width":274,"height":396},"_anchorPoint":{"__type__":"cc.Vec2","y":0.5},"_trs":{"__type__":"TypedArray","ctor":"Float64Array","array":[0,-220,0,0,0,0,1,1,1,1]}},{"__type__":"cc.Node","_name":"user_info","_parent":{"__id__":1},"_children":[{"__id__":3},{"__id__":4},{"__id__":6},{"__id__":7},{"__id__":8}],"_prefab":{"__type__":"cc.PrefabInfo","root":{"__id__":1},"asset":{"__uuid__":"c3ZfTjK8xP8IE96ma3b4Z0"},"fileId":"7b3a+X2sdHOK2Ru5gjzToJ"},"_trs":{"__type__":"TypedArray","ctor":"Float64Array","array":[110,120,0,0,0,0,1,1,1,1]}},{"__type__":"cc.Node","_name":"bg_head","_parent":{"__id__":2},"_components":[{"__type__":"cc.Sprite","node":{"__id__":3},"_materials":[{"__uuid__":"ecpdLyjvZBwrvm+cedCcQy"}],"_spriteFrame":{"__uuid__":"6fZHXhFSNJOaHufB8Cy11y"}}],"_prefab":{"__type__":"cc.PrefabInfo","root":{"__id__":1},"asset":{"__uuid__":"c3ZfTjK8xP8IE96ma3b4Z0"},"fileId":"98fh2Q1npMqaiPKOQop4Dw"},"_contentSize":{"__type__":"cc.Size","width":85,"height":85},"_trs":{"__type__":"TypedArray","ctor":"Float64Array","array":[-60.9,29.7,0,0,0,0,1,1,1,1]}},{"__type__":"cc.Node","_name":"mask","_parent":{"__id__":2},"_children":[{"__id__":5}],"_components":[{"__type__":"cc.Mask","node":{"__id__":4},"_materials":[{"__uuid__":"ecpdLyjvZBwrvm+cedCcQy"}],"_spriteFrame":{"__uuid__":"862ZSSkT5Mqrb9LXLGSo/x"},"_type":2}],"_prefab":{"__type__":"cc.PrefabInfo","root":{"__id__":1},"asset":{"__uuid__":"c3ZfTjK8xP8IE96ma3b4Z0"},"fileId":"2ao0tIqURK4YvziMzMn2fW"},"_contentSize":{"__type__":"cc.Size","width":79,"height":79},"_trs":{"__type__":"TypedArray","ctor":"Float64Array","array":[-60.9,29.7,0,0,0,0,1,1,1,1]}},{"__type__":"cc.Node","_name":"head_img","_parent":{"__id__":4},"_components":[{"__type__":"cc.Sprite","node":{"__id__":5},"_materials":[{"__uuid__":"ecpdLyjvZBwrvm+cedCcQy"}],"_spriteFrame":{"__uuid__":"e6JNuRrHVFM4KYnmai3HR+"},"_sizeMode":0,"_isTrimmedMode":false},{"__type__":"f42b8ZzNWFKKI/QT/n8cR1+","node":{"__id__":5}}],"_prefab":{"__type__":"cc.PrefabInfo","root":{"__id__":1},"asset":{"__uuid__":"c3ZfTjK8xP8IE96ma3b4Z0"},"fileId":"ccsrW0FaBCoKLtckbotJ32"},"_contentSize":{"__type__":"cc.Size","width":79,"height":79},"_trs":{"__type__":"TypedArray","ctor":"Float64Array","array":[0,0,0,0,0,0,1,1,1,1]}},{"__type__":"cc.Node","_name":"lable_name","_parent":{"__id__":2},"_components":[{"__type__":"cc.Label","node":{"__id__":6},"_materials":[{"__uuid__":"ecpdLyjvZBwrvm+cedCcQy"}],"_useOriginalSize":false,"_string":"丸子科丸丸","_N$string":"丸子科丸丸","_fontSize":26,"_lineHeight":26,"_enableWrapText":false,"_N$verticalAlign":1,"_N$overflow":2}],"_prefab":{"__type__":"cc.PrefabInfo","root":{"__id__":1},"asset":{"__uuid__":"c3ZfTjK8xP8IE96ma3b4Z0"},"fileId":"f2t10UQ0RCpKHCZxrWKZj5"},"_color":{"__type__":"cc.Color","r":124,"g":62,"b":18},"_contentSize":{"__type__":"cc.Size","width":130,"height":26},"_anchorPoint":{"__type__":"cc.Vec2","y":0.5},"_trs":{"__type__":"TypedArray","ctor":"Float64Array","array":[-1,45,0,0,0,0,1,1,1,1]}},{"__type__":"cc.Node","_name":"label_id","_parent":{"__id__":2},"_components":[{"__type__":"cc.Label","node":{"__id__":7},"_materials":[{"__uuid__":"ecpdLyjvZBwrvm+cedCcQy"}],"_useOriginalSize":false,"_string":"1422222","_N$string":"1422222","_fontSize":26,"_lineHeight":26,"_N$verticalAlign":1}],"_prefab":{"__type__":"cc.PrefabInfo","root":{"__id__":1},"asset":{"__uuid__":"c3ZfTjK8xP8IE96ma3b4Z0"},"fileId":"57rcO1VPhMJqNOCjL7WLux"},"_color":{"__type__":"cc.Color","r":124,"g":62,"b":18},"_contentSize":{"__type__":"cc.Size","width":101.22,"height":32.76},"_anchorPoint":{"__type__":"cc.Vec2","y":0.5},"_trs":{"__type__":"TypedArray","ctor":"Float64Array","array":[1,14,0,0,0,0,1,1,1,1]}},{"__type__":"cc.Node","_name":"icon_dzm","_parent":{"__id__":2},"_active":false,"_components":[{"__type__":"cc.Sprite","node":{"__id__":8},"_materials":[{"__uuid__":"ecpdLyjvZBwrvm+cedCcQy"}],"_spriteFrame":{"__uuid__":"6b5WDlSMROe6s4CkxD9y3O"},"_sizeMode":0}],"_prefab":{"__type__":"cc.PrefabInfo","root":{"__id__":1},"asset":{"__uuid__":"c3ZfTjK8xP8IE96ma3b4Z0"},"fileId":"011p3HKpRJU63heEzGeakV"},"_contentSize":{"__type__":"cc.Size","width":60,"height":45},"_trs":{"__type__":"TypedArray","ctor":"Float64Array","array":[-48.8,59.7,0,0,0,0,1,1,1,1]}},{"__type__":"cc.Node","_name":"lb_lose_num","_parent":{"__id__":1},"_components":[{"__type__":"cc.Label","node":{"__id__":9},"_materials":[{"__uuid__":"ecpdLyjvZBwrvm+cedCcQy"}],"_useOriginalSize":false,"_string":"-1000","_N$string":"-1000","_fontSize":32,"_N$file":{"__uuid__":"59kzsyiIFGS5Deoo4o1bsG"},"_isSystemFontUsed":false,"_N$horizontalAlign":1,"_N$verticalAlign":1}],"_prefab":{"__type__":"cc.PrefabInfo","root":{"__id__":1},"asset":{"__uuid__":"c3ZfTjK8xP8IE96ma3b4Z0"},"fileId":"97ULpBRA1JXK41bpprgwKg"},"_contentSize":{"__type__":"cc.Size","width":145,"height":40},"_anchorPoint":{"__type__":"cc.Vec2","y":0.5},"_trs":{"__type__":"TypedArray","ctor":"Float64Array","array":[117,-130,0,0,0,0,1,0.7,0.7,1]}},{"__type__":"cc.Node","_name":"lb_win_num","_parent":{"__id__":1},"_components":[{"__type__":"cc.Label","node":{"__id__":10},"_materials":[{"__uuid__":"ecpdLyjvZBwrvm+cedCcQy"}],"_useOriginalSize":false,"_string":"+1000","_N$string":"+1000","_fontSize":1,"_lineHeight":1,"_N$file":{"__uuid__":"72IVOMk1hKZ49cj8VmMTmu"},"_isSystemFontUsed":false,"_N$horizontalAlign":1,"_N$verticalAlign":1}],"_prefab":{"__type__":"cc.PrefabInfo","root":{"__id__":1},"asset":{"__uuid__":"c3ZfTjK8xP8IE96ma3b4Z0"},"fileId":"ea0o5rxe5KF68AB2kCr6cp"},"_contentSize":{"__type__":"cc.Size","width":145,"height":1},"_anchorPoint":{"__type__":"cc.Vec2","y":0.5},"_trs":{"__type__":"TypedArray","ctor":"Float64Array","array":[116,-117,0,0,0,0,1,0.7,0.7,1]}},{"__type__":"cc.Node","_name":"lb_shengyu","_parent":{"__id__":1},"_components":[{"__type__":"cc.Label","node":{"__id__":11},"_materials":[{"__uuid__":"ecpdLyjvZBwrvm+cedCcQy"}],"_useOriginalSize":false,"_string":"10","_N$string":"10","_fontSize":24,"_N$file":{"__uuid__":"5f5wQekV1CGpJW2meZozWn"},"_isSystemFontUsed":false,"_N$horizontalAlign":1,"_N$verticalAlign":1}],"_prefab":{"__type__":"cc.PrefabInfo","root":{"__id__":1},"asset":{"__uuid__":"c3ZfTjK8xP8IE96ma3b4Z0"},"fileId":"d4D5K/LIBB9olP13objOHE"},"_color":{"__type__":"cc.Color","r":255,"g":66},"_contentSize":{"__type__":"cc.Size","width":22.5,"height":50.4},"_anchorPoint":{"__type__":"cc.Vec2","y":0.5},"_trs":{"__type__":"TypedArray","ctor":"Float64Array","array":[170,62,0,0,0,0,1,1,1,1]}},{"__type__":"cc.Node","_name":"lb_bombsize","_parent":{"__id__":1},"_components":[{"__type__":"cc.Label","node":{"__id__":12},"_materials":[{"__uuid__":"ecpdLyjvZBwrvm+cedCcQy"}],"_useOriginalSize":false,"_string":"10","_N$string":"10","_fontSize":24,"_N$file":{"__uuid__":"5f5wQekV1CGpJW2meZozWn"},"_isSystemFontUsed":false,"_N$horizontalAlign":1,"_N$verticalAlign":1}],"_prefab":{"__type__":"cc.PrefabInfo","root":{"__id__":1},"asset":{"__uuid__":"c3ZfTjK8xP8IE96ma3b4Z0"},"fileId":"f2hpjl2G1FbY5izwyhDEhL"},"_color":{"__type__":"cc.Color","r":255,"g":66},"_contentSize":{"__type__":"cc.Size","width":22.5,"height":50.4},"_anchorPoint":{"__type__":"cc.Vec2","y":0.5},"_trs":{"__type__":"TypedArray","ctor":"Float64Array","array":[170,18,0,0,0,0,1,1,1,1]}},{"__type__":"cc.Node","_name":"lb_shengyuTitle","_parent":{"__id__":1},"_components":[{"__type__":"cc.Label","node":{"__id__":13},"_materials":[{"__uuid__":"ecpdLyjvZBwrvm+cedCcQy"}],"_useOriginalSize":false,"_string":"剩余牌数：","_N$string":"剩余牌数：","_fontSize":26,"_lineHeight":35,"_N$file":{"__uuid__":"5f5wQekV1CGpJW2meZozWn"},"_isSystemFontUsed":false,"_N$horizontalAlign":1,"_N$verticalAlign":1}],"_prefab":{"__type__":"cc.PrefabInfo","root":{"__id__":1},"asset":{"__uuid__":"c3ZfTjK8xP8IE96ma3b4Z0"},"fileId":"475QI5hCNLf6/Q232C9Ykn"},"_color":{"__type__":"cc.Color","r":119,"g":17,"b":17},"_contentSize":{"__type__":"cc.Size","width":130,"height":44.1},"_anchorPoint":{"__type__":"cc.Vec2","y":0.5},"_trs":{"__type__":"TypedArray","ctor":"Float64Array","array":[20,62,0,0,0,0,1,1,1,1]}},{"__type__":"cc.Node","_name":"lb_bombsizeTitle","_parent":{"__id__":1},"_components":[{"__type__":"cc.Label","node":{"__id__":14},"_materials":[{"__uuid__":"ecpdLyjvZBwrvm+cedCcQy"}],"_useOriginalSize":false,"_string":"炸弹分：","_N$string":"炸弹分：","_fontSize":26,"_lineHeight":35,"_N$file":{"__uuid__":"5f5wQekV1CGpJW2meZozWn"},"_isSystemFontUsed":false,"_N$horizontalAlign":1,"_N$verticalAlign":1}],"_prefab":{"__type__":"cc.PrefabInfo","root":{"__id__":1},"asset":{"__uuid__":"c3ZfTjK8xP8IE96ma3b4Z0"},"fileId":"23qV2Zji5Il5rwQrsWkmXn"},"_color":{"__type__":"cc.Color","r":119,"g":17,"b":17},"_contentSize":{"__type__":"cc.Size","width":104,"height":44.1},"_anchorPoint":{"__type__":"cc.Vec2","y":0.5},"_trs":{"__type__":"TypedArray","ctor":"Float64Array","array":[20,18,0,0,0,0,1,1,1,1]}},{"__type__":"cc.Node","_name":"lb_allScoreTitle","_parent":{"__id__":1},"_components":[{"__type__":"cc.Label","node":{"__id__":15},"_materials":[{"__uuid__":"ecpdLyjvZBwrvm+cedCcQy"}],"_useOriginalSize":false,"_string":"总分数:","_N$string":"总分数:","_fontSize":24,"_lineHeight":35,"_N$file":{"__uuid__":"5f5wQekV1CGpJW2meZozWn"},"_isSystemFontUsed":false,"_N$horizontalAlign":1,"_N$verticalAlign":1}],"_prefab":{"__type__":"cc.PrefabInfo","root":{"__id__":1},"asset":{"__uuid__":"c3ZfTjK8xP8IE96ma3b4Z0"},"fileId":"2bwziJ6+hCI4bK3ghmL53s"},"_color":{"__type__":"cc.Color","r":119,"g":17,"b":17},"_contentSize":{"__type__":"cc.Size","width":78.38,"height":44.1},"_trs":{"__type__":"TypedArray","ctor":"Float64Array","array":[60,-130,0,0,0,0,1,1,1,1]}},{"__type__":"cc.Node","_name":"img_quanguan","_parent":{"__id__":1},"_components":[{"__type__":"cc.Sprite","node":{"__id__":16},"_materials":[{"__uuid__":"ecpdLyjvZBwrvm+cedCcQy"}],"_spriteFrame":{"__uuid__":"deUNaRdadNCIAwba0aMCU8"}}],"_prefab":{"__type__":"cc.PrefabInfo","root":{"__id__":1},"asset":{"__uuid__":"c3ZfTjK8xP8IE96ma3b4Z0"},"fileId":"f6wkIRBNxA5a1GvE4AXETh"},"_contentSize":{"__type__":"cc.Size","width":56,"height":30},"_trs":{"__type__":"TypedArray","ctor":"Float64Array","array":[80,-80,0,0,0,0,1,1,1,1]}},{"__type__":"cc.Node","_name":"img_touyou","_parent":{"__id__":1},"_components":[{"__type__":"cc.Sprite","node":{"__id__":17},"_materials":[{"__uuid__":"ecpdLyjvZBwrvm+cedCcQy"}],"_spriteFrame":{"__uuid__":"186FL2qBFGwqD7BoC7wHdf"}}],"_prefab":{"__type__":"cc.PrefabInfo","root":{"__id__":1},"asset":{"__uuid__":"c3ZfTjK8xP8IE96ma3b4Z0"},"fileId":"ecn3vV8aRK4J7kuEQRQTGH"},"_contentSize":{"__type__":"cc.Size","width":56,"height":30},"_trs":{"__type__":"TypedArray","ctor":"Float64Array","array":[200,-80,0,0,0,0,1,1,1,1]}},{"__type__":"cc.Node","_name":"icon_robClose","_parent":{"__id__":1},"_active":false,"_components":[{"__type__":"cc.Sprite","node":{"__id__":18},"_materials":[{"__uuid__":"ecpdLyjvZBwrvm+cedCcQy"}],"_spriteFrame":{"__uuid__":"43VZAJIQdIwJ1CckGfJfs5"}}],"_prefab":{"__type__":"cc.PrefabInfo","root":{"__id__":1},"asset":{"__uuid__":"c3ZfTjK8xP8IE96ma3b4Z0"},"fileId":"13LgXGhy1H6J5GOOL9p35A"},"_contentSize":{"__type__":"cc.Size","width":129,"height":67},"_trs":{"__type__":"TypedArray","ctor":"Float64Array","array":[139,-68.903,0,0,0,0,1,1,1,1]}},{"__type__":"cc.Node","_name":"lb_sportsPointTitle","_parent":{"__id__":1},"_children":[{"__id__":20}],"_components":[{"__type__":"cc.Label","node":{"__id__":19},"_materials":[{"__uuid__":"ecpdLyjvZBwrvm+cedCcQy"}],"_useOriginalSize":false,"_string":"比赛分:","_N$string":"比赛分:","_fontSize":24,"_lineHeight":35,"_N$file":{"__uuid__":"5f5wQekV1CGpJW2meZozWn"},"_isSystemFontUsed":false,"_N$horizontalAlign":1,"_N$verticalAlign":1}],"_prefab":{"__type__":"cc.PrefabInfo","root":{"__id__":1},"asset":{"__uuid__":"c3ZfTjK8xP8IE96ma3b4Z0"},"fileId":"7eM1dZQP5AjJQEO52TE4Zm"},"_color":{"__type__":"cc.Color","r":119,"g":17,"b":17},"_contentSize":{"__type__":"cc.Size","width":78.38,"height":44.1},"_trs":{"__type__":"TypedArray","ctor":"Float64Array","array":[60,-167,0,0,0,0,1,1,1,1]}},{"__type__":"cc.Node","_name":"lb_sportsPoint","_parent":{"__id__":19},"_components":[{"__type__":"cc.Label","node":{"__id__":20},"_materials":[{"__uuid__":"ecpdLyjvZBwrvm+cedCcQy"}],"_useOriginalSize":false,"_string":"1234","_N$string":"1234","_fontSize":24,"_lineHeight":35,"_N$file":{"__uuid__":"5f5wQekV1CGpJW2meZozWn"},"_isSystemFontUsed":false,"_N$horizontalAlign":1,"_N$verticalAlign":1}],"_prefab":{"__type__":"cc.PrefabInfo","root":{"__id__":1},"asset":{"__uuid__":"c3ZfTjK8xP8IE96ma3b4Z0"},"fileId":"d9PAQHTfFEUohonz3T8hO5"},"_color":{"__type__":"cc.Color","r":255,"g":66},"_contentSize":{"__type__":"cc.Size","width":49.88,"height":44.1},"_anchorPoint":{"__type__":"cc.Vec2","y":0.5},"_trs":{"__type__":"TypedArray","ctor":"Float64Array","array":[59,0,0,0,0,0,1,1,1,1]}}],{"__type__":"cc.SpriteFrame","content":{"name":"img_quanguan","texture":"d4ePO4laJPwpwvn4WSlMgR","rect":[0,0,56,30],"offset":[0,0],"originalSize":[56,30],"capInsets":[0,0,0,0]}},{"__type__":"cc.SpriteFrame","content":{"name":"morentouxiang","texture":"189664600","rect":[181,652,60,60],"offset":[0,0],"originalSize":[60,60],"capInsets":[0,0,0,0]}}]