[[{"__type__":"cc.Prefab","_name":"resultDetail","data":{"__id__":1}},{"__type__":"cc.Node","_name":"resultDetail","_children":[{"__id__":2},{"__id__":4},{"__id__":5},{"__id__":6},{"__id__":7}],"_components":[{"__type__":"cc.Sprite","node":{"__id__":1},"_spriteFrame":{"__uuid__":"c6hAPD+mlMy54VPQC13tRn"},"_type":1,"_sizeMode":0}],"_prefab":{"__type__":"cc.PrefabInfo","root":{"__id__":1},"asset":{"__uuid__":"44lvJHxyhOPLbyzLLaJr5B"},"fileId":"39W/4yO8tHeI5YYqK5wZ+y"},"_contentSize":{"__type__":"cc.Size","width":524,"height":80},"_trs":{"__type__":"TypedArray","ctor":"Float64Array","array":[-288,-40,0,0,0,0,1,1,1,1]}},{"__type__":"cc.Node","_name":"head","_parent":{"__id__":1},"_children":[{"__id__":3}],"_components":[{"__type__":"cc.Sprite","node":{"__id__":2},"_spriteFrame":{"__uuid__":"fjsszbd4-6d8e-4361-aae8-91caca6f2355"},"_sizeMode":0},{"__type__":"fjssz551-cdf7-4ff7-b9d1-ff119733cfed","node":{"__id__":2}}],"_prefab":{"__type__":"cc.PrefabInfo","root":{"__id__":1},"asset":{"__uuid__":"44lvJHxyhOPLbyzLLaJr5B"},"fileId":"8ep7c5GMRKP6ps8QjNdKqf"},"_contentSize":{"__type__":"cc.Size","width":53,"height":53},"_trs":{"__type__":"TypedArray","ctor":"Float64Array","array":[-208,0,0,0,0,0,1,1,1,1]}},{"__type__":"cc.Node","_name":"img_txk","_parent":{"__id__":2},"_components":[{"__type__":"cc.Sprite","node":{"__id__":3},"_spriteFrame":{"__uuid__":"c8BwXYSkBOaKb+HubRP4yl"}}],"_prefab":{"__type__":"cc.PrefabInfo","root":{"__id__":1},"asset":{"__uuid__":"44lvJHxyhOPLbyzLLaJr5B"},"fileId":"35b5/LNepFHpO/IJg54ny7"},"_contentSize":{"__type__":"cc.Size","width":57,"height":57},"_trs":{"__type__":"TypedArray","ctor":"Float64Array","array":[0,0,0,0,0,0,1,1,1,1]}},{"__type__":"cc.Node","_name":"name","_parent":{"__id__":1},"_components":[{"__type__":"cc.Label","node":{"__id__":4},"_useOriginalSize":false,"_string":"丸子一条","_N$string":"丸子一条","_fontSize":28,"_lineHeight":28,"_N$horizontalAlign":1,"_N$verticalAlign":1}],"_prefab":{"__type__":"cc.PrefabInfo","root":{"__id__":1},"asset":{"__uuid__":"44lvJHxyhOPLbyzLLaJr5B"},"fileId":"e5Mj1v6k5CHrOYtiU8BIBE"},"_contentSize":{"__type__":"cc.Size","width":112,"height":28},"_trs":{"__type__":"TypedArray","ctor":"Float64Array","array":[-97,-18.2,0,0,0,0,1,1,1,1]}},{"__type__":"cc.Node","_name":"id","_parent":{"__id__":1},"_components":[{"__type__":"cc.Label","node":{"__id__":5},"_useOriginalSize":false,"_string":"879245","_N$string":"879245","_fontSize":28,"_lineHeight":28,"_N$horizontalAlign":1,"_N$verticalAlign":1}],"_prefab":{"__type__":"cc.PrefabInfo","root":{"__id__":1},"asset":{"__uuid__":"44lvJHxyhOPLbyzLLaJr5B"},"fileId":"23YkRgBm9GJJ2pPbw7WRZg"},"_contentSize":{"__type__":"cc.Size","width":93.43,"height":28},"_trs":{"__type__":"TypedArray","ctor":"Float64Array","array":[-93.3,17.4,0,0,0,0,1,1,1,1]}},{"__type__":"cc.Node","_name":"score","_parent":{"__id__":1},"_components":[{"__type__":"cc.Label","node":{"__id__":6},"_useOriginalSize":false,"_string":"7","_N$string":"7","_fontSize":28,"_lineHeight":28,"_N$horizontalAlign":1,"_N$verticalAlign":1}],"_prefab":{"__type__":"cc.PrefabInfo","root":{"__id__":1},"asset":{"__uuid__":"44lvJHxyhOPLbyzLLaJr5B"},"fileId":"6b6nY5zB1OPJgb0WLI99uk"},"_contentSize":{"__type__":"cc.Size","width":15.57,"height":28},"_trs":{"__type__":"TypedArray","ctor":"Float64Array","array":[41.6,0,0,0,0,0,1,1,1,1]}},{"__type__":"cc.Node","_name":"lb_sportsPoint","_parent":{"__id__":1},"_components":[{"__type__":"cc.Label","node":{"__id__":7},"_useOriginalSize":false,"_string":"7","_N$string":"7","_fontSize":28,"_lineHeight":28,"_N$horizontalAlign":1,"_N$verticalAlign":1}],"_prefab":{"__type__":"cc.PrefabInfo","root":{"__id__":1},"asset":{"__uuid__":"44lvJHxyhOPLbyzLLaJr5B"},"fileId":"0eTpzIQFJMLruYe2jjstKb"},"_contentSize":{"__type__":"cc.Size","width":15.57,"height":28},"_trs":{"__type__":"TypedArray","ctor":"Float64Array","array":[197.7,0,0,0,0,0,1,1,1,1]}}],{"__type__":"cc.SpriteFrame","content":{"name":"img_bjl","texture":"68rLtM/plAtpUCt39bKdaS","rect":[0,0,66,66],"offset":[0,0],"originalSize":[66,66],"capInsets":[20,20,20,20]}},{"__type__":"cc.SpriteFrame","content":{"name":"img_txk","texture":"fbU4pcs0pCe5wSEKFz0lZb","rect":[0,0,57,57],"offset":[0,0],"originalSize":[57,57],"capInsets":[0,0,0,0]}},{"__type__":"cc.SpriteFrame","content":{"name":"morentouxiang","texture":"fjssz652-0393-4ea1-84d8-1bdd3044f177","rect":[0,0,96,96],"offset":[0,0],"originalSize":[96,96],"capInsets":[0,0,0,0]}}]