[{"__type__":"cc.SpriteFrame","content":{"name":"default_btn_disabled","texture":"71VhFCTINJM6/Ky3oX9nBT","rect":[0,0,40,40],"offset":[0,0],"originalSize":[40,40],"capInsets":[12,12,12,12]}},{"__type__":"cc.SpriteFrame","content":{"name":"default_btn_pressed","texture":"b4P/PCArtIdIH38t6mlw8Y","rect":[0,0,40,40],"offset":[0,0],"originalSize":[40,40],"capInsets":[12,12,12,12]}},{"__type__":"cc.SpriteFrame","content":{"name":"default_btn_normal","texture":"e8Ueib+qJEhL6mXAHdnwbi","rect":[0,0,40,40],"offset":[0,0],"originalSize":[40,40],"capInsets":[12,12,12,12]}},{"__type__":"cc.SpriteFrame","content":{"name":"icon_lxc","texture":"fjssz541-57e8-454a-be27-d5b95563aa0a","rect":[1,1,314,485],"offset":[0.5,-0.5],"originalSize":[315,486],"capInsets":[0,0,0,0]}},{"__type__":"cc.SpriteFrame","content":{"name":"icon_bsc","texture":"fjssz759-078d-4be4-a5d7-c48882a3cb68","rect":[0,0,315,486],"offset":[0,0],"originalSize":[315,486],"capInsets":[0,0,0,0]}},{"__type__":"cc.SpriteFrame","content":{"name":"bg01_sy","texture":"fjssz90d-2a57-4a26-b096-1a8c9ec8c7fb","rect":[0,0,1560,720],"offset":[0,0],"originalSize":[1560,720],"capInsets":[0,0,0,0]}},[{"__type__":"cc.Prefab","_name":"fjssz_UIMain","data":{"__id__":1}},{"__type__":"cc.Node","_name":"fjssz_UIMain","_children":[{"__id__":2},{"__id__":3},{"__id__":9},{"__id__":14}],"_components":[{"__type__":"cc.Widget","node":{"__id__":1},"alignMode":0,"_alignFlags":45,"_originalWidth":1360,"_originalHeight":760},{"__type__":"fjssz60c-e8f7-401b-b8b8-b65d6fcdaa11","node":{"__id__":1},"JS_Name":"sss_BaseComponent","resVersion":{"__id__":8}}],"_prefab":{"__type__":"cc.PrefabInfo","root":{"__id__":1},"asset":{"__uuid__":"fjsszc98-be7f-4ecd-bc1b-6ffecb6e0f98"},"fileId":"b1365DcdqNADKh8IIzWpJot"},"_contentSize":{"__type__":"cc.Size","width":1360,"height":760},"_trs":{"__type__":"TypedArray","ctor":"Float64Array","array":[680,380,0,0,0,0,1,1,1,1]}},{"__type__":"cc.Node","_name":"bg","_parent":{"__id__":1},"_components":[{"__type__":"cc.Sprite","node":{"__id__":2},"_spriteFrame":{"__uuid__":"fjsszc4a-7ec3-4f16-ad84-ed3352de19b0"}}],"_prefab":{"__type__":"cc.PrefabInfo","root":{"__id__":1},"asset":{"__uuid__":"fjsszc98-be7f-4ecd-bc1b-6ffecb6e0f98"},"fileId":"a8126/b2eZFAa1dRdmN4AYA"},"_contentSize":{"__type__":"cc.Size","width":1750,"height":800},"_trs":{"__type__":"TypedArray","ctor":"Float64Array","array":[0,0,0,0,0,0,1,1,1,1]}},{"__type__":"cc.Node","_name":"top","_parent":{"__id__":1},"_children":[{"__id__":4},{"__id__":6},{"__id__":7}],"_components":[{"__type__":"cc.Widget","node":{"__id__":3},"_alignFlags":41,"_originalWidth":1360}],"_prefab":{"__type__":"cc.PrefabInfo","root":{"__id__":1},"asset":{"__uuid__":"fjsszc98-be7f-4ecd-bc1b-6ffecb6e0f98"},"fileId":"e6eVN/L/VAS73iUvlZeQUn"},"_contentSize":{"__type__":"cc.Size","width":1360,"height":80},"_anchorPoint":{"__type__":"cc.Vec2","x":0.5,"y":1},"_trs":{"__type__":"TypedArray","ctor":"Float64Array","array":[0,380,0,0,0,0,1,1,1,1]}},{"__type__":"cc.Node","_name":"img_symid_up","_parent":{"__id__":3},"_children":[{"__id__":5}],"_components":[{"__type__":"cc.Sprite","node":{"__id__":4},"_spriteFrame":{"__uuid__":"fjssze1d-8075-40e7-9db5-707b61d6c5d4"}}],"_prefab":{"__type__":"cc.PrefabInfo","root":{"__id__":1},"asset":{"__uuid__":"fjsszc98-be7f-4ecd-bc1b-6ffecb6e0f98"},"fileId":"59havHv3RKwZkyU3+olwiz"},"_contentSize":{"__type__":"cc.Size","width":411,"height":82},"_anchorPoint":{"__type__":"cc.Vec2","x":0.5,"y":1},"_trs":{"__type__":"TypedArray","ctor":"Float64Array","array":[0,0,0,0,0,0,1,1,1,1]}},{"__type__":"cc.Node","_name":"New Label","_parent":{"__id__":4},"_components":[{"__type__":"cc.Label","node":{"__id__":5},"_useOriginalSize":false,"_string":"福建十三水","_N$string":"福建十三水","_fontSize":55,"_lineHeight":55,"_N$file":{"__uuid__":"fjssz345-cbe0-4203-a8ca-8141b2e63f4f"},"_isSystemFontUsed":false,"_N$horizontalAlign":1,"_N$verticalAlign":1}],"_prefab":{"__type__":"cc.PrefabInfo","root":{"__id__":1},"asset":{"__uuid__":"fjsszc98-be7f-4ecd-bc1b-6ffecb6e0f98"},"fileId":"7c7icylPdIBqm/P7Vyt5FJ"},"_contentSize":{"__type__":"cc.Size","width":275,"height":55},"_trs":{"__type__":"TypedArray","ctor":"Float64Array","array":[0,-48,0,0,0,0,1,1,1,1]}},{"__type__":"cc.Node","_name":"lb_tip","_parent":{"__id__":3},"_components":[{"__type__":"cc.Label","node":{"__id__":6},"_useOriginalSize":false,"_string":"文明娱乐 禁止赌博","_N$string":"文明娱乐 禁止赌博","_fontSize":30,"_lineHeight":30,"_N$verticalAlign":1},{"__type__":"cc.Widget","node":{"__id__":6},"_alignFlags":9,"_left":10,"_right":1111.835,"_top":91,"_bottom":-41,"_originalWidth":248.33,"_originalHeight":30}],"_prefab":{"__type__":"cc.PrefabInfo","root":{"__id__":1},"asset":{"__uuid__":"fjsszc98-be7f-4ecd-bc1b-6ffecb6e0f98"},"fileId":"95KhZshvdLWIaJE0pGMqgO"},"_contentSize":{"__type__":"cc.Size","width":248.33,"height":30},"_anchorPoint":{"__type__":"cc.Vec2","y":0.5},"_trs":{"__type__":"TypedArray","ctor":"Float64Array","array":[-670,-106,0,0,0,0,1,1,1,1]}},{"__type__":"cc.Node","_name":"resVersion","_parent":{"__id__":3},"_components":[{"__id__":8},{"__type__":"cc.Widget","node":{"__id__":7},"_alignFlags":9,"_left":10,"_right":1360.4,"_top":129.3,"_bottom":-79.30000000000001}],"_prefab":{"__type__":"cc.PrefabInfo","root":{"__id__":1},"asset":{"__uuid__":"fjsszc98-be7f-4ecd-bc1b-6ffecb6e0f98"},"fileId":"97EtTQ2XlHcoQU20BuGdu3"},"_contentSize":{"__type__":"cc.Size","height":30},"_anchorPoint":{"__type__":"cc.Vec2","y":0.5},"_trs":{"__type__":"TypedArray","ctor":"Float64Array","array":[-670,-144.3,0,0,0,0,1,1,1,1]}},{"__type__":"cc.Label","node":{"__id__":7},"_useOriginalSize":false,"_fontSize":30,"_lineHeight":30,"_N$verticalAlign":1},{"__type__":"cc.Node","_name":"main","_parent":{"__id__":1},"_children":[{"__id__":10},{"__id__":11},{"__id__":12},{"__id__":13}],"_components":[{"__type__":"cc.Sprite","node":{"__id__":9},"_type":1,"_sizeMode":0},{"__type__":"cc.Layout","node":{"__id__":9},"_layoutSize":{"__type__":"cc.Size","width":941,"height":520},"_resize":1,"_N$layoutType":1}],"_prefab":{"__type__":"cc.PrefabInfo","root":{"__id__":1},"asset":{"__uuid__":"fjsszc98-be7f-4ecd-bc1b-6ffecb6e0f98"},"fileId":"a111gBBfNBLKostve98k/z"},"_contentSize":{"__type__":"cc.Size","width":941,"height":520},"_trs":{"__type__":"TypedArray","ctor":"Float64Array","array":[0,-10,0,0,0,0,1,1,1,1]}},{"__type__":"cc.Node","_name":"btn_create","_parent":{"__id__":9},"_components":[{"__type__":"cc.Sprite","node":{"__id__":10},"_spriteFrame":{"__uuid__":"fjssze63-ba21-44f8-a61f-2c1ef552f6cb"},"_type":1},{"__type__":"cc.Button","node":{"__id__":10},"clickEvents":[{"__type__":"cc.ClickEvent","target":{"__id__":1},"_componentId":"fjssz60c-e8f7-401b-b8b8-b65d6fcdaa11","handler":"OnClick_BtnWnd"}],"_N$transition":3,"transition":3,"_N$pressedColor":{"__type__":"cc.Color","r":255,"g":255,"b":255},"pressedColor":{"__type__":"cc.Color","r":255,"g":255,"b":255},"_N$disabledColor":{"__type__":"cc.Color","r":255,"g":255,"b":255},"_N$normalSprite":{"__uuid__":"f0BIwQ8D5Ml7nTNQbh1YlS"},"_N$pressedSprite":{"__uuid__":"e97GVMl6JHh5Ml5qEDdSGa"},"pressedSprite":{"__uuid__":"e97GVMl6JHh5Ml5qEDdSGa"},"_N$hoverSprite":{"__uuid__":"f0BIwQ8D5Ml7nTNQbh1YlS"},"hoverSprite":{"__uuid__":"f0BIwQ8D5Ml7nTNQbh1YlS"},"_N$disabledSprite":{"__uuid__":"29FYIk+N1GYaeWH/q1NxQO"},"_N$target":{"__id__":10}}],"_prefab":{"__type__":"cc.PrefabInfo","root":{"__id__":1},"asset":{"__uuid__":"fjsszc98-be7f-4ecd-bc1b-6ffecb6e0f98"},"fileId":"b0a1IqMGVNHKEi0E9vVBqw"},"_contentSize":{"__type__":"cc.Size","width":315,"height":486},"_trs":{"__type__":"TypedArray","ctor":"Float64Array","array":[-313,0,0,0,0,0,1,1,1,1]}},{"__type__":"cc.Node","_name":"btn_join","_parent":{"__id__":9},"_components":[{"__type__":"cc.Sprite","node":{"__id__":11},"_spriteFrame":{"__uuid__":"fjsszf04-4a72-4038-b81d-21fdb7ded055"},"_type":1},{"__type__":"cc.Button","node":{"__id__":11},"clickEvents":[{"__type__":"cc.ClickEvent","target":{"__id__":1},"_componentId":"fjssz60c-e8f7-401b-b8b8-b65d6fcdaa11","handler":"OnClick_BtnWnd"}],"_N$transition":3,"transition":3,"_N$pressedColor":{"__type__":"cc.Color","r":255,"g":255,"b":255},"pressedColor":{"__type__":"cc.Color","r":255,"g":255,"b":255},"_N$disabledColor":{"__type__":"cc.Color","r":255,"g":255,"b":255},"_N$normalSprite":{"__uuid__":"f0BIwQ8D5Ml7nTNQbh1YlS"},"_N$pressedSprite":{"__uuid__":"e97GVMl6JHh5Ml5qEDdSGa"},"pressedSprite":{"__uuid__":"e97GVMl6JHh5Ml5qEDdSGa"},"_N$hoverSprite":{"__uuid__":"f0BIwQ8D5Ml7nTNQbh1YlS"},"hoverSprite":{"__uuid__":"f0BIwQ8D5Ml7nTNQbh1YlS"},"_N$disabledSprite":{"__uuid__":"29FYIk+N1GYaeWH/q1NxQO"},"_N$target":{"__id__":11}}],"_prefab":{"__type__":"cc.PrefabInfo","root":{"__id__":1},"asset":{"__uuid__":"fjsszc98-be7f-4ecd-bc1b-6ffecb6e0f98"},"fileId":"20frvm8kBIKKtjAKlgyXS2"},"_contentSize":{"__type__":"cc.Size","width":312,"height":481},"_trs":{"__type__":"TypedArray","ctor":"Float64Array","array":[0.5,0,0,0,0,0,1,1,1,1]}},{"__type__":"cc.Node","_name":"btn_lxc","_parent":{"__id__":9},"_components":[{"__type__":"cc.Sprite","node":{"__id__":12},"_spriteFrame":{"__uuid__":"fjssz290-3055-4287-8229-b05171fa662e"},"_type":1},{"__type__":"cc.Button","node":{"__id__":12},"clickEvents":[{"__type__":"cc.ClickEvent","target":{"__id__":1},"_componentId":"fjssz60c-e8f7-401b-b8b8-b65d6fcdaa11","handler":"OnClick_BtnWnd"}],"_N$transition":3,"transition":3,"_N$pressedColor":{"__type__":"cc.Color","r":255,"g":255,"b":255},"pressedColor":{"__type__":"cc.Color","r":255,"g":255,"b":255},"_N$disabledColor":{"__type__":"cc.Color","r":255,"g":255,"b":255},"_N$normalSprite":{"__uuid__":"f0BIwQ8D5Ml7nTNQbh1YlS"},"_N$pressedSprite":{"__uuid__":"e97GVMl6JHh5Ml5qEDdSGa"},"pressedSprite":{"__uuid__":"e97GVMl6JHh5Ml5qEDdSGa"},"_N$hoverSprite":{"__uuid__":"f0BIwQ8D5Ml7nTNQbh1YlS"},"hoverSprite":{"__uuid__":"f0BIwQ8D5Ml7nTNQbh1YlS"},"_N$disabledSprite":{"__uuid__":"29FYIk+N1GYaeWH/q1NxQO"},"_N$target":{"__id__":12}}],"_prefab":{"__type__":"cc.PrefabInfo","root":{"__id__":1},"asset":{"__uuid__":"fjsszc98-be7f-4ecd-bc1b-6ffecb6e0f98"},"fileId":"81haW0BU9FZLFDWOk428IU"},"_contentSize":{"__type__":"cc.Size","width":314,"height":485},"_trs":{"__type__":"TypedArray","ctor":"Float64Array","array":[313.5,0,0,0,0,0,1,1,1,1]}},{"__type__":"cc.Node","_name":"btn_race","_parent":{"__id__":9},"_active":false,"_components":[{"__type__":"cc.Sprite","node":{"__id__":13},"_spriteFrame":{"__uuid__":"fjssza6b-b7a9-4338-b620-a0b29971583f"},"_type":1},{"__type__":"cc.Button","node":{"__id__":13},"clickEvents":[{"__type__":"cc.ClickEvent","target":{"__id__":1},"_componentId":"fjssz60c-e8f7-401b-b8b8-b65d6fcdaa11","handler":"OnClick_BtnWnd"}],"_N$transition":3,"transition":3,"_N$pressedColor":{"__type__":"cc.Color","r":255,"g":255,"b":255},"pressedColor":{"__type__":"cc.Color","r":255,"g":255,"b":255},"_N$disabledColor":{"__type__":"cc.Color","r":255,"g":255,"b":255},"_N$normalSprite":{"__uuid__":"f0BIwQ8D5Ml7nTNQbh1YlS"},"_N$pressedSprite":{"__uuid__":"e97GVMl6JHh5Ml5qEDdSGa"},"pressedSprite":{"__uuid__":"e97GVMl6JHh5Ml5qEDdSGa"},"_N$hoverSprite":{"__uuid__":"f0BIwQ8D5Ml7nTNQbh1YlS"},"hoverSprite":{"__uuid__":"f0BIwQ8D5Ml7nTNQbh1YlS"},"_N$disabledSprite":{"__uuid__":"29FYIk+N1GYaeWH/q1NxQO"},"_N$target":{"__id__":13}}],"_prefab":{"__type__":"cc.PrefabInfo","root":{"__id__":1},"asset":{"__uuid__":"fjsszc98-be7f-4ecd-bc1b-6ffecb6e0f98"},"fileId":"2a05xGH3ZPPpkQnpXViQC3"},"_contentSize":{"__type__":"cc.Size","width":315,"height":486},"_trs":{"__type__":"TypedArray","ctor":"Float64Array","array":[470.5,0,0,0,0,0,1,1,1,1]}},{"__type__":"cc.Node","_name":"btn_video","_parent":{"__id__":1},"_children":[{"__id__":15}],"_components":[{"__type__":"cc.Button","node":{"__id__":14},"clickEvents":[{"__type__":"cc.ClickEvent","target":{"__id__":1},"_componentId":"fjssz60c-e8f7-401b-b8b8-b65d6fcdaa11","handler":"OnClick_BtnWnd"}],"_N$transition":3,"transition":3,"_N$normalColor":{"__type__":"cc.Color","r":230,"g":230,"b":230},"_N$pressedColor":{"__type__":"cc.Color","r":200,"g":200,"b":200},"pressedColor":{"__type__":"cc.Color","r":200,"g":200,"b":200},"_N$disabledColor":{"__type__":"cc.Color","r":120,"g":120,"b":120,"a":200},"_N$normalSprite":{"__uuid__":"f0BIwQ8D5Ml7nTNQbh1YlS"},"_N$pressedSprite":{"__uuid__":"e97GVMl6JHh5Ml5qEDdSGa"},"pressedSprite":{"__uuid__":"e97GVMl6JHh5Ml5qEDdSGa"},"_N$hoverSprite":{"__uuid__":"f0BIwQ8D5Ml7nTNQbh1YlS"},"hoverSprite":{"__uuid__":"f0BIwQ8D5Ml7nTNQbh1YlS"},"_N$disabledSprite":{"__uuid__":"29FYIk+N1GYaeWH/q1NxQO"},"_N$target":{"__id__":15}}],"_prefab":{"__type__":"cc.PrefabInfo","root":{"__id__":1},"asset":{"__uuid__":"fjsszc98-be7f-4ecd-bc1b-6ffecb6e0f98"},"fileId":"d0asXKt+hOYbNKVX/XjRqq"},"_contentSize":{"__type__":"cc.Size","width":200,"height":100},"_trs":{"__type__":"TypedArray","ctor":"Float64Array","array":[572,49,0,0,0,0,1,1,1,1]}},{"__type__":"cc.Node","_name":"Background","_parent":{"__id__":14},"_children":[{"__id__":16}],"_components":[{"__type__":"cc.Sprite","node":{"__id__":15},"_spriteFrame":{"__uuid__":"f0BIwQ8D5Ml7nTNQbh1YlS"},"_type":1,"_sizeMode":0},{"__type__":"cc.Widget","node":{"__id__":15},"alignMode":0,"_alignFlags":45,"_originalWidth":100,"_originalHeight":40}],"_prefab":{"__type__":"cc.PrefabInfo","root":{"__id__":1},"asset":{"__uuid__":"fjsszc98-be7f-4ecd-bc1b-6ffecb6e0f98"},"fileId":"33rR6W/XBPGoVtzmLNP9Na"},"_color":{"__type__":"cc.Color","r":230,"g":230,"b":230},"_contentSize":{"__type__":"cc.Size","width":200,"height":100},"_trs":{"__type__":"TypedArray","ctor":"Float64Array","array":[0,0,0,0,0,0,1,1,1,1]}},{"__type__":"cc.Node","_name":"Label","_parent":{"__id__":15},"_components":[{"__type__":"cc.Label","node":{"__id__":16},"_useOriginalSize":false,"_string":"查看回放","_N$string":"查看回放","_fontSize":20,"_enableWrapText":false,"_N$horizontalAlign":1,"_N$verticalAlign":1,"_N$overflow":1}],"_prefab":{"__type__":"cc.PrefabInfo","root":{"__id__":1},"asset":{"__uuid__":"fjsszc98-be7f-4ecd-bc1b-6ffecb6e0f98"},"fileId":"25mChLVlpLwokfBE1tM/Ba"},"_color":{"__type__":"cc.Color"},"_contentSize":{"__type__":"cc.Size","width":100,"height":40},"_trs":{"__type__":"TypedArray","ctor":"Float64Array","array":[0,0,0,0,0,0,1,1,1,1]}}],{"__type__":"cc.SpriteFrame","content":{"name":"img_symid_up","texture":"fjsszb6d-d5b9-433c-986f-634f52e4a3aa","rect":[1,0,411,82],"offset":[0,0],"originalSize":[413,82],"capInsets":[0,0,0,0]}},{"__type__":"cc.SpriteFrame","content":{"name":"icon_cjfj","texture":"fjssza52-dbb2-4e0d-b343-98478a2c574f","rect":[0,0,315,486],"offset":[0,0],"originalSize":[315,486],"capInsets":[0,0,0,0]}},{"__type__":"cc.SpriteFrame","content":{"name":"icon_cjrfj","texture":"fjssze05-52ad-4d9e-bd3a-0aa4d8c12302","rect":[2,5,312,481],"offset":[0.5,-2.5],"originalSize":[315,486],"capInsets":[0,0,0,0]}}]