[{"__type__":"cc.SpriteFrame","content":{"name":"default_btn_disabled","texture":"71VhFCTINJM6/Ky3oX9nBT","rect":[0,0,40,40],"offset":[0,0],"originalSize":[40,40],"capInsets":[12,12,12,12]}},{"__type__":"cc.SpriteFrame","content":{"name":"default_btn_pressed","texture":"b4P/PCArtIdIH38t6mlw8Y","rect":[0,0,40,40],"offset":[0,0],"originalSize":[40,40],"capInsets":[12,12,12,12]}},{"__type__":"cc.SpriteFrame","content":{"name":"btn_anniu","texture":"fjssz4c0-f080-4fe2-b01e-9a63054b3038","rect":[0,0,191,73],"offset":[0,0],"originalSize":[191,73],"capInsets":[0,0,0,0]}},{"__type__":"cc.SpriteFrame","content":{"name":"img_jrfj","texture":"fjssz77e-430e-448b-ac59-8c8c4fe01199","rect":[0,0,212,54],"offset":[0,0],"originalSize":[212,54],"capInsets":[0,0,0,0]}},{"__type__":"cc.SpriteFrame","content":{"name":"btn_cz","texture":"fjsszb6c-d170-47fd-b57a-fb269e89b69a","rect":[0,0,191,73],"offset":[0,0],"originalSize":[191,73],"capInsets":[0,0,0,0]}},{"__type__":"cc.SpriteFrame","content":{"name":"img_up_title","texture":"fjssz851-d3c7-47f0-8556-0db728ccc3f1","rect":[0,0,425,90],"offset":[0,0],"originalSize":[425,90],"capInsets":[0,0,0,0]}},{"__type__":"cc.SpriteFrame","content":{"name":"bg_input","texture":"fjsszc25-ed37-4b0f-be10-2b7e563faed2","rect":[0,0,593,70],"offset":[0,0],"originalSize":[593,70],"capInsets":[0,0,0,0]}},{"__type__":"cc.SpriteFrame","content":{"name":"btn_close","texture":"fjssz622-4193-4d6e-968d-ec3ef372c92d","rect":[0,0,79,80],"offset":[0,0],"originalSize":[79,80],"capInsets":[0,0,0,0]}},[{"__type__":"cc.Prefab","_name":"fjssz_UIJoin","data":{"__id__":1}},{"__type__":"cc.Node","_name":"fjssz_UIJoin","_children":[{"__id__":2},{"__id__":41},{"__id__":42}],"_components":[{"__type__":"cc.Widget","node":{"__id__":1},"alignMode":0,"_alignFlags":45,"_originalWidth":1360,"_originalHeight":760},{"__type__":"cc.Button","node":{"__id__":1},"clickEvents":[{"__type__":"cc.ClickEvent","target":{"__id__":1},"_componentId":"fjssz792-f1e7-4fbd-8a73-058e9d063782","handler":"OnClick_Form"}],"_N$normalColor":{"__type__":"cc.Color","r":214,"g":214,"b":214},"_N$target":{"__id__":1}},{"__type__":"cc.Sprite","node":{"__id__":1},"_materials":[{"__uuid__":"ecpdLyjvZBwrvm+cedCcQy"}],"_spriteFrame":{"__uuid__":"fjsszd1f-3e0b-4b1d-ae52-c52ad188bba9"},"_sizeMode":0},{"__type__":"fjssz792-f1e7-4fbd-8a73-058e9d063782","node":{"__id__":1},"JS_Name":"sss_BaseComponent","ZorderLv":7,"sp_shurukuang":{"__id__":3}}],"_prefab":{"__type__":"cc.PrefabInfo","root":{"__id__":1},"asset":{"__uuid__":"fjssza4e-9d19-444e-bb8e-28c8e9ab5594"},"fileId":"d8552OGBl1OJbWIeEEovGGj"},"_contentSize":{"__type__":"cc.Size","width":1360,"height":760},"_trs":{"__type__":"TypedArray","ctor":"Float64Array","array":[680,380,0,0,0,0,1,1,1,1]}},{"__type__":"cc.Node","_name":"sp_shuru","_parent":{"__id__":1},"_children":[{"__id__":3},{"__id__":16}],"_components":[{"__type__":"cc.Sprite","node":{"__id__":2},"_materials":[{"__uuid__":"ecpdLyjvZBwrvm+cedCcQy"}],"_spriteFrame":{"__uuid__":"fjsszcca-3809-4202-905e-f10a4a6e16ea"},"_type":1,"_sizeMode":0}],"_prefab":{"__type__":"cc.PrefabInfo","root":{"__id__":1},"asset":{"__uuid__":"fjssza4e-9d19-444e-bb8e-28c8e9ab5594"},"fileId":"078b89OgvRJ16B3H+2omTfg"},"_contentSize":{"__type__":"cc.Size","width":806,"height":664},"_trs":{"__type__":"TypedArray","ctor":"Float64Array","array":[0,-25,0,0,0,0,1,1,1,1]}},{"__type__":"cc.Node","_name":"shurukuang","_parent":{"__id__":2},"_children":[{"__id__":4},{"__id__":6},{"__id__":8},{"__id__":10},{"__id__":12},{"__id__":14}],"_components":[{"__type__":"cc.Layout","node":{"__id__":3},"_layoutSize":{"__type__":"cc.Size","width":600,"height":70},"_resize":1,"_N$layoutType":1,"_N$paddingLeft":150,"_N$paddingRight":150},{"__type__":"cc.Sprite","node":{"__id__":3},"_materials":[{"__uuid__":"ecpdLyjvZBwrvm+cedCcQy"}],"_spriteFrame":{"__uuid__":"fjssz9a3-3706-4185-a345-02c46204f568"},"_sizeMode":0}],"_prefab":{"__type__":"cc.PrefabInfo","root":{"__id__":1},"asset":{"__uuid__":"fjssza4e-9d19-444e-bb8e-28c8e9ab5594"},"fileId":"1809eRfaRJKyaUyBy6DxOqu"},"_contentSize":{"__type__":"cc.Size","width":600,"height":70},"_trs":{"__type__":"TypedArray","ctor":"Float64Array","array":[1,184,0,0,0,0,1,1,1,1]}},{"__type__":"cc.Node","_name":"sp_bg1","_parent":{"__id__":3},"_children":[{"__id__":5}],"_prefab":{"__type__":"cc.PrefabInfo","root":{"__id__":1},"asset":{"__uuid__":"fjssza4e-9d19-444e-bb8e-28c8e9ab5594"},"fileId":"40ec354Ge5NBb2ToiPuxXXU"},"_contentSize":{"__type__":"cc.Size","width":50,"height":70},"_trs":{"__type__":"TypedArray","ctor":"Float64Array","array":[-125,0,0,0,0,0,1,1,1,1]}},{"__type__":"cc.Node","_name":"lb_num","_parent":{"__id__":4},"_components":[{"__type__":"cc.Label","node":{"__id__":5},"_materials":[{"__uuid__":"ecpdLyjvZBwrvm+cedCcQy"}],"_useOriginalSize":false,"_string":"8","_N$string":"8","_fontSize":32,"_lineHeight":90,"_enableWrapText":false,"_N$file":{"__uuid__":"fjssz036-dee9-48ab-93d2-ccd434cd5909"},"_isSystemFontUsed":false,"_N$horizontalAlign":1}],"_prefab":{"__type__":"cc.PrefabInfo","root":{"__id__":1},"asset":{"__uuid__":"fjssza4e-9d19-444e-bb8e-28c8e9ab5594"},"fileId":"e4c4952hk1CbrnA6GWpZfyI"},"_contentSize":{"__type__":"cc.Size","width":27,"height":90},"_trs":{"__type__":"TypedArray","ctor":"Float64Array","array":[0,-24,0,0,0,0,1,1,1,1]}},{"__type__":"cc.Node","_name":"sp_bg2","_parent":{"__id__":3},"_children":[{"__id__":7}],"_prefab":{"__type__":"cc.PrefabInfo","root":{"__id__":1},"asset":{"__uuid__":"fjssza4e-9d19-444e-bb8e-28c8e9ab5594"},"fileId":"118f8SFzX5Dbp467+PFs1fi"},"_contentSize":{"__type__":"cc.Size","width":50,"height":70},"_trs":{"__type__":"TypedArray","ctor":"Float64Array","array":[-75,0,0,0,0,0,1,1,1,1]}},{"__type__":"cc.Node","_name":"lb_num","_parent":{"__id__":6},"_components":[{"__type__":"cc.Label","node":{"__id__":7},"_materials":[{"__uuid__":"ecpdLyjvZBwrvm+cedCcQy"}],"_useOriginalSize":false,"_string":"8","_N$string":"8","_fontSize":32,"_lineHeight":90,"_enableWrapText":false,"_N$file":{"__uuid__":"fjssz036-dee9-48ab-93d2-ccd434cd5909"},"_isSystemFontUsed":false,"_N$horizontalAlign":1}],"_prefab":{"__type__":"cc.PrefabInfo","root":{"__id__":1},"asset":{"__uuid__":"fjssza4e-9d19-444e-bb8e-28c8e9ab5594"},"fileId":"cec79v1lZFA1JcQlUgifYmg"},"_contentSize":{"__type__":"cc.Size","width":27,"height":90},"_trs":{"__type__":"TypedArray","ctor":"Float64Array","array":[0,-24,0,0,0,0,1,1,1,1]}},{"__type__":"cc.Node","_name":"sp_bg3","_parent":{"__id__":3},"_children":[{"__id__":9}],"_prefab":{"__type__":"cc.PrefabInfo","root":{"__id__":1},"asset":{"__uuid__":"fjssza4e-9d19-444e-bb8e-28c8e9ab5594"},"fileId":"7364360AwBDv4bOCFB4Y0Qq"},"_contentSize":{"__type__":"cc.Size","width":50,"height":70},"_trs":{"__type__":"TypedArray","ctor":"Float64Array","array":[-25,0,0,0,0,0,1,1,1,1]}},{"__type__":"cc.Node","_name":"lb_num","_parent":{"__id__":8},"_components":[{"__type__":"cc.Label","node":{"__id__":9},"_materials":[{"__uuid__":"ecpdLyjvZBwrvm+cedCcQy"}],"_useOriginalSize":false,"_string":"8","_N$string":"8","_fontSize":32,"_lineHeight":90,"_enableWrapText":false,"_N$file":{"__uuid__":"fjssz036-dee9-48ab-93d2-ccd434cd5909"},"_isSystemFontUsed":false,"_N$horizontalAlign":1}],"_prefab":{"__type__":"cc.PrefabInfo","root":{"__id__":1},"asset":{"__uuid__":"fjssza4e-9d19-444e-bb8e-28c8e9ab5594"},"fileId":"dbd255+qxRCDrG3+vHAFbYt"},"_contentSize":{"__type__":"cc.Size","width":27,"height":90},"_trs":{"__type__":"TypedArray","ctor":"Float64Array","array":[0,-24,0,0,0,0,1,1,1,1]}},{"__type__":"cc.Node","_name":"sp_bg4","_parent":{"__id__":3},"_children":[{"__id__":11}],"_prefab":{"__type__":"cc.PrefabInfo","root":{"__id__":1},"asset":{"__uuid__":"fjssza4e-9d19-444e-bb8e-28c8e9ab5594"},"fileId":"a5054R8nC1EFLWbkO/2LUG1"},"_contentSize":{"__type__":"cc.Size","width":50,"height":70},"_trs":{"__type__":"TypedArray","ctor":"Float64Array","array":[25,0,0,0,0,0,1,1,1,1]}},{"__type__":"cc.Node","_name":"lb_num","_parent":{"__id__":10},"_components":[{"__type__":"cc.Label","node":{"__id__":11},"_materials":[{"__uuid__":"ecpdLyjvZBwrvm+cedCcQy"}],"_useOriginalSize":false,"_string":"8","_N$string":"8","_fontSize":32,"_lineHeight":90,"_enableWrapText":false,"_N$file":{"__uuid__":"fjssz036-dee9-48ab-93d2-ccd434cd5909"},"_isSystemFontUsed":false,"_N$horizontalAlign":1}],"_prefab":{"__type__":"cc.PrefabInfo","root":{"__id__":1},"asset":{"__uuid__":"fjssza4e-9d19-444e-bb8e-28c8e9ab5594"},"fileId":"c2519T1uMNAuZivqVVW3pCB"},"_contentSize":{"__type__":"cc.Size","width":27,"height":90},"_trs":{"__type__":"TypedArray","ctor":"Float64Array","array":[0,-24,0,0,0,0,1,1,1,1]}},{"__type__":"cc.Node","_name":"sp_bg5","_parent":{"__id__":3},"_children":[{"__id__":13}],"_prefab":{"__type__":"cc.PrefabInfo","root":{"__id__":1},"asset":{"__uuid__":"fjssza4e-9d19-444e-bb8e-28c8e9ab5594"},"fileId":"20188bujttCH4gC0iLwJ6Au"},"_contentSize":{"__type__":"cc.Size","width":50,"height":70},"_trs":{"__type__":"TypedArray","ctor":"Float64Array","array":[75,0,0,0,0,0,1,1,1,1]}},{"__type__":"cc.Node","_name":"lb_num","_parent":{"__id__":12},"_components":[{"__type__":"cc.Label","node":{"__id__":13},"_materials":[{"__uuid__":"ecpdLyjvZBwrvm+cedCcQy"}],"_useOriginalSize":false,"_string":"8","_N$string":"8","_fontSize":32,"_lineHeight":90,"_enableWrapText":false,"_N$file":{"__uuid__":"fjssz036-dee9-48ab-93d2-ccd434cd5909"},"_isSystemFontUsed":false,"_N$horizontalAlign":1}],"_prefab":{"__type__":"cc.PrefabInfo","root":{"__id__":1},"asset":{"__uuid__":"fjssza4e-9d19-444e-bb8e-28c8e9ab5594"},"fileId":"a6afayf2zJGzbO6UGRW/Pk4"},"_contentSize":{"__type__":"cc.Size","width":27,"height":90},"_trs":{"__type__":"TypedArray","ctor":"Float64Array","array":[0,-24,0,0,0,0,1,1,1,1]}},{"__type__":"cc.Node","_name":"sp_bg6","_parent":{"__id__":3},"_children":[{"__id__":15}],"_prefab":{"__type__":"cc.PrefabInfo","root":{"__id__":1},"asset":{"__uuid__":"fjssza4e-9d19-444e-bb8e-28c8e9ab5594"},"fileId":"db183D5/DlPQKtbVNdKjSKY"},"_contentSize":{"__type__":"cc.Size","width":50,"height":70},"_trs":{"__type__":"TypedArray","ctor":"Float64Array","array":[125,0,0,0,0,0,1,1,1,1]}},{"__type__":"cc.Node","_name":"lb_num","_parent":{"__id__":14},"_components":[{"__type__":"cc.Label","node":{"__id__":15},"_materials":[{"__uuid__":"ecpdLyjvZBwrvm+cedCcQy"}],"_useOriginalSize":false,"_string":"8","_N$string":"8","_fontSize":32,"_lineHeight":90,"_enableWrapText":false,"_N$file":{"__uuid__":"fjssz036-dee9-48ab-93d2-ccd434cd5909"},"_isSystemFontUsed":false,"_N$horizontalAlign":1}],"_prefab":{"__type__":"cc.PrefabInfo","root":{"__id__":1},"asset":{"__uuid__":"fjssza4e-9d19-444e-bb8e-28c8e9ab5594"},"fileId":"354a0+URjdPe6GI6kRRUEP9"},"_contentSize":{"__type__":"cc.Size","width":27,"height":90},"_trs":{"__type__":"TypedArray","ctor":"Float64Array","array":[0,-24,0,0,0,0,1,1,1,1]}},{"__type__":"cc.Node","_name":"sp_num","_parent":{"__id__":2},"_children":[{"__id__":17},{"__id__":19},{"__id__":21},{"__id__":23},{"__id__":25},{"__id__":27},{"__id__":29},{"__id__":31},{"__id__":33},{"__id__":35},{"__id__":37},{"__id__":39}],"_components":[{"__type__":"cc.Layout","node":{"__id__":16},"_layoutSize":{"__type__":"cc.Size","width":700,"height":382},"_resize":1,"_N$layoutType":3,"_N$paddingLeft":35,"_N$spacingX":30,"_N$spacingY":30}],"_prefab":{"__type__":"cc.PrefabInfo","root":{"__id__":1},"asset":{"__uuid__":"fjssza4e-9d19-444e-bb8e-28c8e9ab5594"},"fileId":"f7f4a75GxxJBafWI4rfCCHD"},"_contentSize":{"__type__":"cc.Size","width":700,"height":382},"_trs":{"__type__":"TypedArray","ctor":"Float64Array","array":[3,-70,0,0,0,0,1,1,1,1]}},{"__type__":"cc.Node","_name":"btn_num01","_parent":{"__id__":16},"_children":[{"__id__":18}],"_components":[{"__type__":"cc.Button","node":{"__id__":17},"zoomScale":0.9,"clickEvents":[{"__type__":"cc.ClickEvent","target":{"__id__":1},"_componentId":"fjssz792-f1e7-4fbd-8a73-058e9d063782","handler":"OnClick_BtnWnd"}],"_N$transition":3,"transition":3,"_N$pressedColor":{"__type__":"cc.Color","r":255,"g":255,"b":255},"pressedColor":{"__type__":"cc.Color","r":255,"g":255,"b":255},"_N$disabledColor":{"__type__":"cc.Color","r":255,"g":255,"b":255},"_N$target":{"__id__":17}},{"__type__":"cc.Sprite","node":{"__id__":17},"_materials":[{"__uuid__":"ecpdLyjvZBwrvm+cedCcQy"}],"_spriteFrame":{"__uuid__":"fjssz0be-e19f-45eb-a1c1-bddb94806ecf"},"_isTrimmedMode":false}],"_prefab":{"__type__":"cc.PrefabInfo","root":{"__id__":1},"asset":{"__uuid__":"fjssza4e-9d19-444e-bb8e-28c8e9ab5594"},"fileId":"6d494gnul1DdrDr0EDDxYCb"},"_contentSize":{"__type__":"cc.Size","width":191,"height":73},"_trs":{"__type__":"TypedArray","ctor":"Float64Array","array":[-219.5,154.5,0,0,0,0,1,1,1,1]}},{"__type__":"cc.Node","_name":"lb","_parent":{"__id__":17},"_components":[{"__type__":"cc.Label","node":{"__id__":18},"_materials":[{"__uuid__":"ecpdLyjvZBwrvm+cedCcQy"}],"_useOriginalSize":false,"_string":"1","_N$string":"1","_fontSize":1,"_lineHeight":45,"_N$file":{"__uuid__":"fjssz6e0-fa67-4653-9a32-b96603318966"},"_isSystemFontUsed":false,"_N$horizontalAlign":1}],"_prefab":{"__type__":"cc.PrefabInfo","root":{"__id__":1},"asset":{"__uuid__":"fjssza4e-9d19-444e-bb8e-28c8e9ab5594"},"fileId":"43989Hgl1dO5p0JjYpp6QSu"},"_contentSize":{"__type__":"cc.Size","width":32,"height":45},"_trs":{"__type__":"TypedArray","ctor":"Float64Array","array":[0,4.3,0,0,0,0,1,1,1,1]}},{"__type__":"cc.Node","_name":"btn_num02","_parent":{"__id__":16},"_children":[{"__id__":20}],"_components":[{"__type__":"cc.Button","node":{"__id__":19},"zoomScale":0.9,"clickEvents":[{"__type__":"cc.ClickEvent","target":{"__id__":1},"_componentId":"fjssz792-f1e7-4fbd-8a73-058e9d063782","handler":"OnClick_BtnWnd"}],"_N$transition":3,"transition":3,"_N$pressedColor":{"__type__":"cc.Color","r":255,"g":255,"b":255},"pressedColor":{"__type__":"cc.Color","r":255,"g":255,"b":255},"_N$disabledColor":{"__type__":"cc.Color","r":255,"g":255,"b":255},"_N$target":{"__id__":19}},{"__type__":"cc.Sprite","node":{"__id__":19},"_materials":[{"__uuid__":"ecpdLyjvZBwrvm+cedCcQy"}],"_spriteFrame":{"__uuid__":"fjssz0be-e19f-45eb-a1c1-bddb94806ecf"},"_sizeMode":2,"_isTrimmedMode":false}],"_prefab":{"__type__":"cc.PrefabInfo","root":{"__id__":1},"asset":{"__uuid__":"fjssza4e-9d19-444e-bb8e-28c8e9ab5594"},"fileId":"2bed1xop4FKMaP5Z/yR39a8"},"_contentSize":{"__type__":"cc.Size","width":191,"height":73},"_trs":{"__type__":"TypedArray","ctor":"Float64Array","array":[1.5,154.5,0,0,0,0,1,1,1,1]}},{"__type__":"cc.Node","_name":"lb","_parent":{"__id__":19},"_components":[{"__type__":"cc.Label","node":{"__id__":20},"_materials":[{"__uuid__":"ecpdLyjvZBwrvm+cedCcQy"}],"_useOriginalSize":false,"_string":"2","_N$string":"2","_fontSize":1,"_lineHeight":45,"_N$file":{"__uuid__":"fjssz6e0-fa67-4653-9a32-b96603318966"},"_isSystemFontUsed":false,"_N$horizontalAlign":1}],"_prefab":{"__type__":"cc.PrefabInfo","root":{"__id__":1},"asset":{"__uuid__":"fjssza4e-9d19-444e-bb8e-28c8e9ab5594"},"fileId":"c5118hGwSlFIImBz6FXKSze"},"_contentSize":{"__type__":"cc.Size","width":32,"height":45},"_trs":{"__type__":"TypedArray","ctor":"Float64Array","array":[0,4.3,0,0,0,0,1,1,1,1]}},{"__type__":"cc.Node","_name":"btn_num03","_parent":{"__id__":16},"_children":[{"__id__":22}],"_components":[{"__type__":"cc.Button","node":{"__id__":21},"zoomScale":0.9,"clickEvents":[{"__type__":"cc.ClickEvent","target":{"__id__":1},"_componentId":"fjssz792-f1e7-4fbd-8a73-058e9d063782","handler":"OnClick_BtnWnd"}],"_N$transition":3,"transition":3,"_N$pressedColor":{"__type__":"cc.Color","r":255,"g":255,"b":255},"pressedColor":{"__type__":"cc.Color","r":255,"g":255,"b":255},"_N$disabledColor":{"__type__":"cc.Color","r":255,"g":255,"b":255},"_N$target":{"__id__":21}},{"__type__":"cc.Sprite","node":{"__id__":21},"_materials":[{"__uuid__":"ecpdLyjvZBwrvm+cedCcQy"}],"_spriteFrame":{"__uuid__":"fjssz0be-e19f-45eb-a1c1-bddb94806ecf"},"_sizeMode":2,"_isTrimmedMode":false}],"_prefab":{"__type__":"cc.PrefabInfo","root":{"__id__":1},"asset":{"__uuid__":"fjssza4e-9d19-444e-bb8e-28c8e9ab5594"},"fileId":"b8e5dLJGuhOTqhfnwsF5Lgm"},"_contentSize":{"__type__":"cc.Size","width":191,"height":73},"_trs":{"__type__":"TypedArray","ctor":"Float64Array","array":[222.5,154.5,0,0,0,0,1,1,1,1]}},{"__type__":"cc.Node","_name":"lb","_parent":{"__id__":21},"_components":[{"__type__":"cc.Label","node":{"__id__":22},"_materials":[{"__uuid__":"ecpdLyjvZBwrvm+cedCcQy"}],"_useOriginalSize":false,"_string":"3","_N$string":"3","_fontSize":1,"_lineHeight":45,"_N$file":{"__uuid__":"fjssz6e0-fa67-4653-9a32-b96603318966"},"_isSystemFontUsed":false,"_N$horizontalAlign":1}],"_prefab":{"__type__":"cc.PrefabInfo","root":{"__id__":1},"asset":{"__uuid__":"fjssza4e-9d19-444e-bb8e-28c8e9ab5594"},"fileId":"fb856y2cNdFeoNhxZ3k1Wty"},"_contentSize":{"__type__":"cc.Size","width":32,"height":45},"_trs":{"__type__":"TypedArray","ctor":"Float64Array","array":[0,4.3,0,0,0,0,1,1,1,1]}},{"__type__":"cc.Node","_name":"btn_num04","_parent":{"__id__":16},"_children":[{"__id__":24}],"_components":[{"__type__":"cc.Button","node":{"__id__":23},"zoomScale":0.9,"clickEvents":[{"__type__":"cc.ClickEvent","target":{"__id__":1},"_componentId":"fjssz792-f1e7-4fbd-8a73-058e9d063782","handler":"OnClick_BtnWnd"}],"_N$transition":3,"transition":3,"_N$pressedColor":{"__type__":"cc.Color","r":255,"g":255,"b":255},"pressedColor":{"__type__":"cc.Color","r":255,"g":255,"b":255},"_N$disabledColor":{"__type__":"cc.Color","r":255,"g":255,"b":255},"_N$target":{"__id__":23}},{"__type__":"cc.Sprite","node":{"__id__":23},"_materials":[{"__uuid__":"ecpdLyjvZBwrvm+cedCcQy"}],"_spriteFrame":{"__uuid__":"fjssz0be-e19f-45eb-a1c1-bddb94806ecf"},"_sizeMode":2,"_isTrimmedMode":false}],"_prefab":{"__type__":"cc.PrefabInfo","root":{"__id__":1},"asset":{"__uuid__":"fjssza4e-9d19-444e-bb8e-28c8e9ab5594"},"fileId":"f8031y5chVGqauAAt0ZwKu+"},"_contentSize":{"__type__":"cc.Size","width":191,"height":73},"_trs":{"__type__":"TypedArray","ctor":"Float64Array","array":[-219.5,51.5,0,0,0,0,1,1,1,1]}},{"__type__":"cc.Node","_name":"lb","_parent":{"__id__":23},"_components":[{"__type__":"cc.Label","node":{"__id__":24},"_materials":[{"__uuid__":"ecpdLyjvZBwrvm+cedCcQy"}],"_useOriginalSize":false,"_string":"4","_N$string":"4","_fontSize":1,"_lineHeight":45,"_N$file":{"__uuid__":"fjssz6e0-fa67-4653-9a32-b96603318966"},"_isSystemFontUsed":false,"_N$horizontalAlign":1}],"_prefab":{"__type__":"cc.PrefabInfo","root":{"__id__":1},"asset":{"__uuid__":"fjssza4e-9d19-444e-bb8e-28c8e9ab5594"},"fileId":"fb328qFl9pF54hk/i3HsvLz"},"_contentSize":{"__type__":"cc.Size","width":32,"height":45},"_trs":{"__type__":"TypedArray","ctor":"Float64Array","array":[0,4.3,0,0,0,0,1,1,1,1]}},{"__type__":"cc.Node","_name":"btn_num05","_parent":{"__id__":16},"_children":[{"__id__":26}],"_components":[{"__type__":"cc.Button","node":{"__id__":25},"zoomScale":0.9,"clickEvents":[{"__type__":"cc.ClickEvent","target":{"__id__":1},"_componentId":"fjssz792-f1e7-4fbd-8a73-058e9d063782","handler":"OnClick_BtnWnd"}],"_N$transition":3,"transition":3,"_N$pressedColor":{"__type__":"cc.Color","r":255,"g":255,"b":255},"pressedColor":{"__type__":"cc.Color","r":255,"g":255,"b":255},"_N$disabledColor":{"__type__":"cc.Color","r":255,"g":255,"b":255},"_N$target":{"__id__":25}},{"__type__":"cc.Sprite","node":{"__id__":25},"_materials":[{"__uuid__":"ecpdLyjvZBwrvm+cedCcQy"}],"_spriteFrame":{"__uuid__":"fjssz0be-e19f-45eb-a1c1-bddb94806ecf"},"_sizeMode":2,"_isTrimmedMode":false}],"_prefab":{"__type__":"cc.PrefabInfo","root":{"__id__":1},"asset":{"__uuid__":"fjssza4e-9d19-444e-bb8e-28c8e9ab5594"},"fileId":"ae7de4VhslOXKg3qoiGd2BE"},"_contentSize":{"__type__":"cc.Size","width":191,"height":73},"_trs":{"__type__":"TypedArray","ctor":"Float64Array","array":[1.5,51.5,0,0,0,0,1,1,1,1]}},{"__type__":"cc.Node","_name":"lb","_parent":{"__id__":25},"_components":[{"__type__":"cc.Label","node":{"__id__":26},"_materials":[{"__uuid__":"ecpdLyjvZBwrvm+cedCcQy"}],"_useOriginalSize":false,"_string":"5","_N$string":"5","_fontSize":1,"_lineHeight":45,"_N$file":{"__uuid__":"fjssz6e0-fa67-4653-9a32-b96603318966"},"_isSystemFontUsed":false,"_N$horizontalAlign":1}],"_prefab":{"__type__":"cc.PrefabInfo","root":{"__id__":1},"asset":{"__uuid__":"fjssza4e-9d19-444e-bb8e-28c8e9ab5594"},"fileId":"41a9aik7XFGk5nsdzGMjq10"},"_contentSize":{"__type__":"cc.Size","width":32,"height":45},"_trs":{"__type__":"TypedArray","ctor":"Float64Array","array":[0,4.3,0,0,0,0,1,1,1,1]}},{"__type__":"cc.Node","_name":"btn_num06","_parent":{"__id__":16},"_children":[{"__id__":28}],"_components":[{"__type__":"cc.Button","node":{"__id__":27},"zoomScale":0.9,"clickEvents":[{"__type__":"cc.ClickEvent","target":{"__id__":1},"_componentId":"fjssz792-f1e7-4fbd-8a73-058e9d063782","handler":"OnClick_BtnWnd"}],"_N$transition":3,"transition":3,"_N$pressedColor":{"__type__":"cc.Color","r":255,"g":255,"b":255},"pressedColor":{"__type__":"cc.Color","r":255,"g":255,"b":255},"_N$disabledColor":{"__type__":"cc.Color","r":255,"g":255,"b":255},"_N$target":{"__id__":27}},{"__type__":"cc.Sprite","node":{"__id__":27},"_materials":[{"__uuid__":"ecpdLyjvZBwrvm+cedCcQy"}],"_spriteFrame":{"__uuid__":"fjssz0be-e19f-45eb-a1c1-bddb94806ecf"},"_sizeMode":2,"_isTrimmedMode":false}],"_prefab":{"__type__":"cc.PrefabInfo","root":{"__id__":1},"asset":{"__uuid__":"fjssza4e-9d19-444e-bb8e-28c8e9ab5594"},"fileId":"6e3c7VYmaRDaqllSRaHwidj"},"_contentSize":{"__type__":"cc.Size","width":191,"height":73},"_trs":{"__type__":"TypedArray","ctor":"Float64Array","array":[222.5,51.5,0,0,0,0,1,1,1,1]}},{"__type__":"cc.Node","_name":"lb","_parent":{"__id__":27},"_components":[{"__type__":"cc.Label","node":{"__id__":28},"_materials":[{"__uuid__":"ecpdLyjvZBwrvm+cedCcQy"}],"_useOriginalSize":false,"_string":"6","_N$string":"6","_fontSize":1,"_lineHeight":45,"_N$file":{"__uuid__":"fjssz6e0-fa67-4653-9a32-b96603318966"},"_isSystemFontUsed":false,"_N$horizontalAlign":1}],"_prefab":{"__type__":"cc.PrefabInfo","root":{"__id__":1},"asset":{"__uuid__":"fjssza4e-9d19-444e-bb8e-28c8e9ab5594"},"fileId":"4a861/Jh9BIabwg++Ujgseh"},"_contentSize":{"__type__":"cc.Size","width":32,"height":45},"_trs":{"__type__":"TypedArray","ctor":"Float64Array","array":[0,4.3,0,0,0,0,1,1,1,1]}},{"__type__":"cc.Node","_name":"btn_num07","_parent":{"__id__":16},"_children":[{"__id__":30}],"_components":[{"__type__":"cc.Button","node":{"__id__":29},"zoomScale":0.9,"clickEvents":[{"__type__":"cc.ClickEvent","target":{"__id__":1},"_componentId":"fjssz792-f1e7-4fbd-8a73-058e9d063782","handler":"OnClick_BtnWnd"}],"_N$transition":3,"transition":3,"_N$pressedColor":{"__type__":"cc.Color","r":255,"g":255,"b":255},"pressedColor":{"__type__":"cc.Color","r":255,"g":255,"b":255},"_N$disabledColor":{"__type__":"cc.Color","r":255,"g":255,"b":255},"_N$target":{"__id__":29}},{"__type__":"cc.Sprite","node":{"__id__":29},"_materials":[{"__uuid__":"ecpdLyjvZBwrvm+cedCcQy"}],"_spriteFrame":{"__uuid__":"fjssz0be-e19f-45eb-a1c1-bddb94806ecf"},"_sizeMode":2,"_isTrimmedMode":false}],"_prefab":{"__type__":"cc.PrefabInfo","root":{"__id__":1},"asset":{"__uuid__":"fjssza4e-9d19-444e-bb8e-28c8e9ab5594"},"fileId":"7de9d9RfGRK/pKaWeWbNXv0"},"_contentSize":{"__type__":"cc.Size","width":191,"height":73},"_trs":{"__type__":"TypedArray","ctor":"Float64Array","array":[-219.5,-51.5,0,0,0,0,1,1,1,1]}},{"__type__":"cc.Node","_name":"lb","_parent":{"__id__":29},"_components":[{"__type__":"cc.Label","node":{"__id__":30},"_materials":[{"__uuid__":"ecpdLyjvZBwrvm+cedCcQy"}],"_useOriginalSize":false,"_string":"7","_N$string":"7","_fontSize":1,"_lineHeight":45,"_N$file":{"__uuid__":"fjssz6e0-fa67-4653-9a32-b96603318966"},"_isSystemFontUsed":false,"_N$horizontalAlign":1}],"_prefab":{"__type__":"cc.PrefabInfo","root":{"__id__":1},"asset":{"__uuid__":"fjssza4e-9d19-444e-bb8e-28c8e9ab5594"},"fileId":"735a2bGeeBNcKWup64rp7MW"},"_contentSize":{"__type__":"cc.Size","width":32,"height":45},"_trs":{"__type__":"TypedArray","ctor":"Float64Array","array":[0,4.3,0,0,0,0,1,1,1,1]}},{"__type__":"cc.Node","_name":"btn_num08","_parent":{"__id__":16},"_children":[{"__id__":32}],"_components":[{"__type__":"cc.Button","node":{"__id__":31},"zoomScale":0.9,"clickEvents":[{"__type__":"cc.ClickEvent","target":{"__id__":1},"_componentId":"fjssz792-f1e7-4fbd-8a73-058e9d063782","handler":"OnClick_BtnWnd"}],"_N$transition":3,"transition":3,"_N$pressedColor":{"__type__":"cc.Color","r":255,"g":255,"b":255},"pressedColor":{"__type__":"cc.Color","r":255,"g":255,"b":255},"_N$disabledColor":{"__type__":"cc.Color","r":255,"g":255,"b":255},"_N$target":{"__id__":31}},{"__type__":"cc.Sprite","node":{"__id__":31},"_materials":[{"__uuid__":"ecpdLyjvZBwrvm+cedCcQy"}],"_spriteFrame":{"__uuid__":"fjssz0be-e19f-45eb-a1c1-bddb94806ecf"},"_sizeMode":2,"_isTrimmedMode":false}],"_prefab":{"__type__":"cc.PrefabInfo","root":{"__id__":1},"asset":{"__uuid__":"fjssza4e-9d19-444e-bb8e-28c8e9ab5594"},"fileId":"09f69c0PC1KNLBjLvAWsVyU"},"_contentSize":{"__type__":"cc.Size","width":191,"height":73},"_trs":{"__type__":"TypedArray","ctor":"Float64Array","array":[1.5,-51.5,0,0,0,0,1,1,1,1]}},{"__type__":"cc.Node","_name":"lb","_parent":{"__id__":31},"_components":[{"__type__":"cc.Label","node":{"__id__":32},"_materials":[{"__uuid__":"ecpdLyjvZBwrvm+cedCcQy"}],"_useOriginalSize":false,"_string":"8","_N$string":"8","_fontSize":1,"_lineHeight":45,"_N$file":{"__uuid__":"fjssz6e0-fa67-4653-9a32-b96603318966"},"_isSystemFontUsed":false,"_N$horizontalAlign":1}],"_prefab":{"__type__":"cc.PrefabInfo","root":{"__id__":1},"asset":{"__uuid__":"fjssza4e-9d19-444e-bb8e-28c8e9ab5594"},"fileId":"7f07eVJq+hHSr4wy/yiABak"},"_contentSize":{"__type__":"cc.Size","width":32,"height":45},"_trs":{"__type__":"TypedArray","ctor":"Float64Array","array":[0,4.3,0,0,0,0,1,1,1,1]}},{"__type__":"cc.Node","_name":"btn_num09","_parent":{"__id__":16},"_children":[{"__id__":34}],"_components":[{"__type__":"cc.Button","node":{"__id__":33},"zoomScale":0.9,"clickEvents":[{"__type__":"cc.ClickEvent","target":{"__id__":1},"_componentId":"fjssz792-f1e7-4fbd-8a73-058e9d063782","handler":"OnClick_BtnWnd"}],"_N$transition":3,"transition":3,"_N$pressedColor":{"__type__":"cc.Color","r":255,"g":255,"b":255},"pressedColor":{"__type__":"cc.Color","r":255,"g":255,"b":255},"_N$disabledColor":{"__type__":"cc.Color","r":255,"g":255,"b":255},"_N$target":{"__id__":33}},{"__type__":"cc.Sprite","node":{"__id__":33},"_materials":[{"__uuid__":"ecpdLyjvZBwrvm+cedCcQy"}],"_spriteFrame":{"__uuid__":"fjssz0be-e19f-45eb-a1c1-bddb94806ecf"},"_sizeMode":2,"_isTrimmedMode":false}],"_prefab":{"__type__":"cc.PrefabInfo","root":{"__id__":1},"asset":{"__uuid__":"fjssza4e-9d19-444e-bb8e-28c8e9ab5594"},"fileId":"a6c2blmP79LXIyBOdLIGLD7"},"_contentSize":{"__type__":"cc.Size","width":191,"height":73},"_trs":{"__type__":"TypedArray","ctor":"Float64Array","array":[222.5,-51.5,0,0,0,0,1,1,1,1]}},{"__type__":"cc.Node","_name":"lb","_parent":{"__id__":33},"_components":[{"__type__":"cc.Label","node":{"__id__":34},"_materials":[{"__uuid__":"ecpdLyjvZBwrvm+cedCcQy"}],"_useOriginalSize":false,"_string":"9","_N$string":"9","_fontSize":1,"_lineHeight":45,"_N$file":{"__uuid__":"fjssz6e0-fa67-4653-9a32-b96603318966"},"_isSystemFontUsed":false,"_N$horizontalAlign":1}],"_prefab":{"__type__":"cc.PrefabInfo","root":{"__id__":1},"asset":{"__uuid__":"fjssza4e-9d19-444e-bb8e-28c8e9ab5594"},"fileId":"b4aaf8zJ4pPJ6DsZguAFQkQ"},"_contentSize":{"__type__":"cc.Size","width":32,"height":45},"_trs":{"__type__":"TypedArray","ctor":"Float64Array","array":[0,4.3,0,0,0,0,1,1,1,1]}},{"__type__":"cc.Node","_name":"btn_reset","_parent":{"__id__":16},"_children":[{"__id__":36}],"_components":[{"__type__":"cc.Button","node":{"__id__":35},"zoomScale":0.9,"clickEvents":[{"__type__":"cc.ClickEvent","target":{"__id__":1},"_componentId":"fjssz792-f1e7-4fbd-8a73-058e9d063782","handler":"OnClick_BtnWnd"}],"_N$transition":3,"transition":3,"_N$pressedColor":{"__type__":"cc.Color","r":255,"g":255,"b":255},"pressedColor":{"__type__":"cc.Color","r":255,"g":255,"b":255},"_N$disabledColor":{"__type__":"cc.Color","r":255,"g":255,"b":255},"_N$target":{"__id__":35}},{"__type__":"cc.Sprite","node":{"__id__":35},"_materials":[{"__uuid__":"ecpdLyjvZBwrvm+cedCcQy"}],"_spriteFrame":{"__uuid__":"fjssz690-4f3e-4de4-8714-d654a78ab4d7"},"_sizeMode":2,"_isTrimmedMode":false}],"_prefab":{"__type__":"cc.PrefabInfo","root":{"__id__":1},"asset":{"__uuid__":"fjssza4e-9d19-444e-bb8e-28c8e9ab5594"},"fileId":"1f70cgBUK9CkaCcd7z623KO"},"_contentSize":{"__type__":"cc.Size","width":191,"height":73},"_trs":{"__type__":"TypedArray","ctor":"Float64Array","array":[-219.5,-154.5,0,0,0,0,1,1,1,1]}},{"__type__":"cc.Node","_name":"New Sprite","_parent":{"__id__":35},"_components":[{"__type__":"cc.Sprite","node":{"__id__":36}}],"_prefab":{"__type__":"cc.PrefabInfo","root":{"__id__":1},"asset":{"__uuid__":"fjssza4e-9d19-444e-bb8e-28c8e9ab5594"},"fileId":"2feabZdPapFE6pw0KMHkrLe"},"_contentSize":{"__type__":"cc.Size","width":100,"height":44},"_trs":{"__type__":"TypedArray","ctor":"Float64Array","array":[0,0,0,0,0,0,1,1,1,1]}},{"__type__":"cc.Node","_name":"btn_num00","_parent":{"__id__":16},"_children":[{"__id__":38}],"_components":[{"__type__":"cc.Button","node":{"__id__":37},"zoomScale":0.9,"clickEvents":[{"__type__":"cc.ClickEvent","target":{"__id__":1},"_componentId":"fjssz792-f1e7-4fbd-8a73-058e9d063782","handler":"OnClick_BtnWnd"}],"_N$transition":3,"transition":3,"_N$pressedColor":{"__type__":"cc.Color","r":255,"g":255,"b":255},"pressedColor":{"__type__":"cc.Color","r":255,"g":255,"b":255},"_N$disabledColor":{"__type__":"cc.Color","r":255,"g":255,"b":255},"_N$target":{"__id__":37}},{"__type__":"cc.Sprite","node":{"__id__":37},"_materials":[{"__uuid__":"ecpdLyjvZBwrvm+cedCcQy"}],"_spriteFrame":{"__uuid__":"fjssz0be-e19f-45eb-a1c1-bddb94806ecf"},"_sizeMode":2,"_isTrimmedMode":false}],"_prefab":{"__type__":"cc.PrefabInfo","root":{"__id__":1},"asset":{"__uuid__":"fjssza4e-9d19-444e-bb8e-28c8e9ab5594"},"fileId":"18cb4DVvVlPtorVrqHRTZ9d"},"_contentSize":{"__type__":"cc.Size","width":191,"height":73},"_trs":{"__type__":"TypedArray","ctor":"Float64Array","array":[1.5,-154.5,0,0,0,0,1,1,1,1]}},{"__type__":"cc.Node","_name":"lb","_parent":{"__id__":37},"_components":[{"__type__":"cc.Label","node":{"__id__":38},"_materials":[{"__uuid__":"ecpdLyjvZBwrvm+cedCcQy"}],"_useOriginalSize":false,"_string":"0","_N$string":"0","_fontSize":1,"_lineHeight":45,"_N$file":{"__uuid__":"fjssz6e0-fa67-4653-9a32-b96603318966"},"_isSystemFontUsed":false,"_N$horizontalAlign":1}],"_prefab":{"__type__":"cc.PrefabInfo","root":{"__id__":1},"asset":{"__uuid__":"fjssza4e-9d19-444e-bb8e-28c8e9ab5594"},"fileId":"f6295MyZvZGi5CtkrWwn5AB"},"_contentSize":{"__type__":"cc.Size","width":32,"height":45},"_trs":{"__type__":"TypedArray","ctor":"Float64Array","array":[0,4.3,0,0,0,0,1,1,1,1]}},{"__type__":"cc.Node","_name":"btn_clear","_parent":{"__id__":16},"_children":[{"__id__":40}],"_components":[{"__type__":"cc.Button","node":{"__id__":39},"zoomScale":0.9,"clickEvents":[{"__type__":"cc.ClickEvent","target":{"__id__":1},"_componentId":"fjssz792-f1e7-4fbd-8a73-058e9d063782","handler":"OnClick_BtnWnd"}],"_N$transition":3,"transition":3,"_N$pressedColor":{"__type__":"cc.Color","r":255,"g":255,"b":255},"pressedColor":{"__type__":"cc.Color","r":255,"g":255,"b":255},"_N$disabledColor":{"__type__":"cc.Color","r":255,"g":255,"b":255},"_N$target":{"__id__":39}},{"__type__":"cc.Sprite","node":{"__id__":39},"_materials":[{"__uuid__":"ecpdLyjvZBwrvm+cedCcQy"}],"_spriteFrame":{"__uuid__":"fjsszdaf-67fc-454a-83b0-8bde930398a2"},"_sizeMode":2,"_isTrimmedMode":false}],"_prefab":{"__type__":"cc.PrefabInfo","root":{"__id__":1},"asset":{"__uuid__":"fjssza4e-9d19-444e-bb8e-28c8e9ab5594"},"fileId":"63b64E1CGJHJ6MxEqOTI4OE"},"_contentSize":{"__type__":"cc.Size","width":191,"height":73},"_trs":{"__type__":"TypedArray","ctor":"Float64Array","array":[222.5,-154.5,0,0,0,0,1,1,1,1]}},{"__type__":"cc.Node","_name":"New Sprite","_parent":{"__id__":39},"_components":[{"__type__":"cc.Sprite","node":{"__id__":40}}],"_prefab":{"__type__":"cc.PrefabInfo","root":{"__id__":1},"asset":{"__uuid__":"fjssza4e-9d19-444e-bb8e-28c8e9ab5594"},"fileId":"72ff6QCbcZGpIhryK48I/2d"},"_contentSize":{"__type__":"cc.Size","width":102,"height":46},"_trs":{"__type__":"TypedArray","ctor":"Float64Array","array":[0,0,0,0,0,0,1,1,1,1]}},{"__type__":"cc.Node","_name":"btn_close","_parent":{"__id__":1},"_components":[{"__type__":"cc.Button","node":{"__id__":41},"zoomScale":0.9,"clickEvents":[{"__type__":"cc.ClickEvent","target":{"__id__":1},"_componentId":"fjssz792-f1e7-4fbd-8a73-058e9d063782","handler":"OnClick_BtnWnd"}],"_N$transition":3,"transition":3,"_N$pressedColor":{"__type__":"cc.Color","r":255,"g":255,"b":255},"pressedColor":{"__type__":"cc.Color","r":255,"g":255,"b":255},"_N$disabledColor":{"__type__":"cc.Color","r":255,"g":255,"b":255},"_N$pressedSprite":{"__uuid__":"e97GVMl6JHh5Ml5qEDdSGa"},"pressedSprite":{"__uuid__":"e97GVMl6JHh5Ml5qEDdSGa"},"_N$hoverSprite":{"__uuid__":"e97GVMl6JHh5Ml5qEDdSGa"},"hoverSprite":{"__uuid__":"e97GVMl6JHh5Ml5qEDdSGa"},"_N$disabledSprite":{"__uuid__":"29FYIk+N1GYaeWH/q1NxQO"},"_N$target":{"__id__":41}},{"__type__":"cc.Sprite","node":{"__id__":41},"_materials":[{"__uuid__":"ecpdLyjvZBwrvm+cedCcQy"}],"_spriteFrame":{"__uuid__":"fjssza0a-09cb-4f8d-a5ba-e45067866d94"}}],"_prefab":{"__type__":"cc.PrefabInfo","root":{"__id__":1},"asset":{"__uuid__":"fjssza4e-9d19-444e-bb8e-28c8e9ab5594"},"fileId":"b05169GILVPNaoglljE3Wov"},"_contentSize":{"__type__":"cc.Size","width":79,"height":80},"_trs":{"__type__":"TypedArray","ctor":"Float64Array","array":[379,267,0,0,0,0,1,1,1,1]}},{"__type__":"cc.Node","_name":"bg_title","_parent":{"__id__":1},"_children":[{"__id__":43}],"_components":[{"__type__":"cc.Sprite","node":{"__id__":42},"_materials":[{"__uuid__":"ecpdLyjvZBwrvm+cedCcQy"}],"_spriteFrame":{"__uuid__":"fjssz920-ee0d-4e7a-b441-db937b7e8e54"}}],"_prefab":{"__type__":"cc.PrefabInfo","root":{"__id__":1},"asset":{"__uuid__":"fjssza4e-9d19-444e-bb8e-28c8e9ab5594"},"fileId":"beb519fOrhGlKVLPdmUz9ts"},"_contentSize":{"__type__":"cc.Size","width":425,"height":90},"_trs":{"__type__":"TypedArray","ctor":"Float64Array","array":[0,279,0,0,0,0,1,1,1,1]}},{"__type__":"cc.Node","_name":"title_join","_parent":{"__id__":42},"_components":[{"__type__":"cc.Sprite","node":{"__id__":43},"_materials":[{"__uuid__":"ecpdLyjvZBwrvm+cedCcQy"}],"_spriteFrame":{"__uuid__":"fjssz312-54ce-4639-bbf1-ba6a35a36286"}}],"_prefab":{"__type__":"cc.PrefabInfo","root":{"__id__":1},"asset":{"__uuid__":"fjssza4e-9d19-444e-bb8e-28c8e9ab5594"},"fileId":"9ee6bgZw2JJPrl95FFvLoRZ"},"_contentSize":{"__type__":"cc.Size","width":212,"height":54},"_trs":{"__type__":"TypedArray","ctor":"Float64Array","array":[0,2,0,0,0,0,1,1,1,1]}}],{"__type__":"cc.SpriteFrame","content":{"name":"img_white_down","texture":"fjsszacd-4e54-476c-9019-44d7ba8a9850","rect":[0,0,806,163],"offset":[0,0],"originalSize":[806,163],"capInsets":[0,99,0,39]}},{"__type__":"cc.SpriteFrame","content":{"name":"bg","texture":"fjssz036-8a0c-4d92-8561-c45e53fa19cc","rect":[0,0,21,63],"offset":[0,0],"originalSize":[21,63],"capInsets":[0,0,0,0]}},{"__type__":"cc.SpriteFrame","content":{"name":"btn_sc","texture":"fjsszaa5-8c8f-4c7d-b6e6-3b2de5dc6282","rect":[0,0,191,73],"offset":[0,0],"originalSize":[191,73],"capInsets":[0,0,0,0]}}]