[{"__type__":"cc.SpriteFrame","content":{"name":"expression_11_04","texture":"typdkeb1-bcd5-4c22-b9a7-9dd5c50d70d2","rect":[14,48,112,92],"offset":[-7,-6.5],"originalSize":[154,175],"capInsets":[0,0,0,0]}},{"__type__":"cc.SpriteFrame","content":{"name":"expression_11_05","texture":"typdkf21-bd20-4bec-97e0-5e294056a2c7","rect":[14,48,112,92],"offset":[-7,-6.5],"originalSize":[154,175],"capInsets":[0,0,0,0]}},{"__type__":"cc.SpriteFrame","content":{"name":"expression_11_01","texture":"typdk143-d721-4814-990b-14281d8debd3","rect":[14,34,112,106],"offset":[-7,0.5],"originalSize":[154,175],"capInsets":[0,0,0,0]}},{"__type__":"cc.SpriteFrame","content":{"name":"expression_11_07","texture":"typdk45d-ae72-4887-a8b1-61657ece30eb","rect":[14,33,113,107],"offset":[-6.5,1],"originalSize":[154,175],"capInsets":[0,0,0,0]}},{"__type__":"cc.SpriteFrame","content":{"name":"expression_11_02","texture":"typdk8f9-edae-4be2-bffb-dc0914dec1bd","rect":[14,45,113,95],"offset":[-6.5,-5],"originalSize":[154,175],"capInsets":[0,0,0,0]}},{"__type__":"cc.SpriteFrame","content":{"name":"expression_11_03","texture":"typdk21d-ea41-4a79-b4c8-3251c7e283c7","rect":[14,47,113,93],"offset":[-6.5,-6],"originalSize":[154,175],"capInsets":[0,0,0,0]}},{"__type__":"cc.SpriteFrame","content":{"name":"expression_11_08","texture":"typdkb48-64f5-44b3-892f-198a33d6bc5a","rect":[14,33,112,107],"offset":[-7,1],"originalSize":[154,175],"capInsets":[0,0,0,0]}},{"__type__":"cc.SpriteFrame","content":{"name":"expression_11_06","texture":"typdke4f-e853-41e3-b38b-4607c21d6d4e","rect":[14,41,112,99],"offset":[-7,-3],"originalSize":[154,175],"capInsets":[0,0,0,0]}},{"__type__":"cc.AnimationClip","_name":"face11Action","_duration":1.8,"sample":20,"curveData":{"comps":{"cc.Sprite":{"spriteFrame":[{"frame":0,"value":{"__uuid__":"typdk748-9f4b-444c-99b2-105d5fcb642c"}},{"frame":0.25,"value":{"__uuid__":"typdka76-c2fb-4167-a686-a394b3e01af1"}},{"frame":0.5,"value":{"__uuid__":"typdkb9f-e297-405b-b724-1f3cfa97f460"}},{"frame":0.75,"value":{"__uuid__":"typdk270-a2f9-420f-bed8-806433f3e16a"}},{"frame":1,"value":{"__uuid__":"typdk6db-0663-41b6-85be-de6f8968e111"}},{"frame":1.25,"value":{"__uuid__":"typdke54-ea10-4208-acd7-371fc8e945c4"}},{"frame":1.5,"value":{"__uuid__":"typdk84c-0893-469f-bbe1-c8d8df2f623c"}},{"frame":1.75,"value":{"__uuid__":"typdkc2b-63d0-47e4-9724-06ec2042760e"}}]}}}}]