[{"__type__":"cc.SpriteFrame","content":{"name":"poker_back1","texture":"typdk17e-66fd-4943-bb7c-b50867333e6e","rect":[1,1,131,182],"offset":[-0.5,0.5],"originalSize":[134,185],"capInsets":[0,0,0,0]}},[{"__type__":"cc.Prefab","_name":"cardPrefab","data":{"__id__":1}},{"__type__":"cc.Node","_name":"cardLPPrefab","_children":[{"__id__":2},{"__id__":3},{"__id__":4},{"__id__":5},{"__id__":6},{"__id__":7},{"__id__":8},{"__id__":9},{"__id__":10}],"_prefab":{"__type__":"cc.PrefabInfo","root":{"__id__":1},"asset":{"__uuid__":"typdk192-2251-4fa8-915f-0fec808199d3"},"fileId":"f19a25l5FZHypcKC44KgfQI"},"_contentSize":{"__type__":"cc.Size","width":134,"height":185},"_trs":{"__type__":"TypedArray","ctor":"Float64Array","array":[0,0,0,0,0,0,1,1,1,1]}},{"__type__":"cc.Node","_name":"bg_poker","_parent":{"__id__":1},"_components":[{"__type__":"cc.Sprite","node":{"__id__":2},"_materials":[{"__uuid__":"ecpdLyjvZBwrvm+cedCcQy"}],"_spriteFrame":{"__uuid__":"typdk22a-1d23-4f06-9f4c-44e74053f173"},"_sizeMode":2,"_isTrimmedMode":false}],"_prefab":{"__type__":"cc.PrefabInfo","root":{"__id__":1},"asset":{"__uuid__":"typdk192-2251-4fa8-915f-0fec808199d3"},"fileId":"1923aSWDT1ItIi9ZOlbtsES"},"_contentSize":{"__type__":"cc.Size","width":134,"height":185},"_trs":{"__type__":"TypedArray","ctor":"Float64Array","array":[0,0,0,0,0,0,1,1,1,1]}},{"__type__":"cc.Node","_name":"num","_parent":{"__id__":1},"_components":[{"__type__":"cc.Sprite","node":{"__id__":3},"_materials":[{"__uuid__":"ecpdLyjvZBwrvm+cedCcQy"}],"_spriteFrame":{"__uuid__":"typdkcba-e12f-4c65-9213-c8296c2d07e7"},"_sizeMode":2,"_isTrimmedMode":false}],"_prefab":{"__type__":"cc.PrefabInfo","root":{"__id__":1},"asset":{"__uuid__":"typdk192-2251-4fa8-915f-0fec808199d3"},"fileId":"2d09elrZedCFbiQiA7Vvh9Q"},"_contentSize":{"__type__":"cc.Size","width":36,"height":45},"_trs":{"__type__":"TypedArray","ctor":"Float64Array","array":[-41.7,64.1,0,0,0,0,1,1,1,1]}},{"__type__":"cc.Node","_name":"icon","_parent":{"__id__":1},"_components":[{"__type__":"cc.Sprite","node":{"__id__":4},"_materials":[{"__uuid__":"ecpdLyjvZBwrvm+cedCcQy"}],"_spriteFrame":{"__uuid__":"typdkf0d-f1f0-4a08-8a86-d9977e951850"},"_sizeMode":2,"_isTrimmedMode":false}],"_prefab":{"__type__":"cc.PrefabInfo","root":{"__id__":1},"asset":{"__uuid__":"typdk192-2251-4fa8-915f-0fec808199d3"},"fileId":"aa097iTFohD7Lkr8CVskkcN"},"_contentSize":{"__type__":"cc.Size","width":134,"height":185},"_trs":{"__type__":"TypedArray","ctor":"Float64Array","array":[0,0,0,0,0,0,1,1,1,1]}},{"__type__":"cc.Node","_name":"icon_1","_parent":{"__id__":1},"_components":[{"__type__":"cc.Sprite","node":{"__id__":5},"_materials":[{"__uuid__":"ecpdLyjvZBwrvm+cedCcQy"}],"_spriteFrame":{"__uuid__":"typdk8e8-98ff-49a9-829e-191a911ad76e"},"_sizeMode":2,"_isTrimmedMode":false}],"_prefab":{"__type__":"cc.PrefabInfo","root":{"__id__":1},"asset":{"__uuid__":"typdk192-2251-4fa8-915f-0fec808199d3"},"fileId":"77d23aCpvBEeb0wn7g2f4j3"},"_contentSize":{"__type__":"cc.Size","width":134,"height":185},"_trs":{"__type__":"TypedArray","ctor":"Float64Array","array":[0,0,0,0,0,0,1,1,1,1]}},{"__type__":"cc.Node","_name":"icon_2","_parent":{"__id__":1},"_active":false,"_components":[{"__type__":"cc.Sprite","node":{"__id__":6},"_sizeMode":2,"_isTrimmedMode":false}],"_prefab":{"__type__":"cc.PrefabInfo","root":{"__id__":1},"asset":{"__uuid__":"typdk192-2251-4fa8-915f-0fec808199d3"},"fileId":"62529X1hGFEMYcj2d7mlX/V"},"_contentSize":{"__type__":"cc.Size","width":74,"height":74},"_trs":{"__type__":"TypedArray","ctor":"Float64Array","array":[27.9,55.2,0,0,0,0,1,1,1,1]}},{"__type__":"cc.Node","_name":"icon_3","_parent":{"__id__":1},"_active":false,"_components":[{"__type__":"cc.Sprite","node":{"__id__":7},"_spriteFrame":{"__uuid__":"typdk6e1-87a2-4141-97e5-66a5936e20ea"},"_sizeMode":2,"_isTrimmedMode":false}],"_prefab":{"__type__":"cc.PrefabInfo","root":{"__id__":1},"asset":{"__uuid__":"typdk192-2251-4fa8-915f-0fec808199d3"},"fileId":"63e86N7u95MK6S94wPgPIJU"},"_contentSize":{"__type__":"cc.Size","width":35,"height":35},"_trs":{"__type__":"TypedArray","ctor":"Float64Array","array":[-42,-24,0,0,0,0,1,1,1,1]}},{"__type__":"cc.Node","_name":"poker_back","_parent":{"__id__":1},"_active":false,"_components":[{"__type__":"cc.Sprite","node":{"__id__":8},"_spriteFrame":{"__uuid__":"typdk05e-42d0-4e49-b55e-ff22efb335c9"},"_sizeMode":2}],"_prefab":{"__type__":"cc.PrefabInfo","root":{"__id__":1},"asset":{"__uuid__":"typdk192-2251-4fa8-915f-0fec808199d3"},"fileId":"df449AyhvxCs69ROVoIzbq4"},"_contentSize":{"__type__":"cc.Size","width":134,"height":185},"_trs":{"__type__":"TypedArray","ctor":"Float64Array","array":[0,0,0,0,0,0,1,1,1,1]}},{"__type__":"cc.Node","_name":"bg_black","_parent":{"__id__":1},"_active":false,"_components":[{"__type__":"cc.Sprite","node":{"__id__":9},"_spriteFrame":{"__uuid__":"typdkd54-5fc9-49ba-9fd5-906c30f50d25"},"_type":1,"_sizeMode":0}],"_prefab":{"__type__":"cc.PrefabInfo","root":{"__id__":1},"asset":{"__uuid__":"typdk192-2251-4fa8-915f-0fec808199d3"},"fileId":"2ea59zJQNhATolYjKjqfSR4"},"_contentSize":{"__type__":"cc.Size","width":134,"height":185},"_trs":{"__type__":"TypedArray","ctor":"Float64Array","array":[0,0,0,0,0,0,1,1,1,1]}},{"__type__":"cc.Node","_name":"tag","_parent":{"__id__":1},"_active":false,"_components":[{"__type__":"cc.Sprite","node":{"__id__":10},"_materials":[{"__uuid__":"ecpdLyjvZBwrvm+cedCcQy"}],"_spriteFrame":{"__uuid__":"typdk467-099b-4d45-9f11-66b941b2e99c"}}],"_prefab":{"__type__":"cc.PrefabInfo","root":{"__id__":1},"asset":{"__uuid__":"typdk192-2251-4fa8-915f-0fec808199d3"},"fileId":"9as8C99FJEyog4f+xsvYzs"},"_contentSize":{"__type__":"cc.Size","width":36,"height":36},"_trs":{"__type__":"TypedArray","ctor":"Float64Array","array":[-43,-59,0,0,0,0,1,1,1,1]}}],{"__type__":"cc.SpriteFrame","content":{"name":"bg_poker","texture":"typdk692-3009-4c67-a502-6001a6392bde","rect":[0,0,134,185],"offset":[0,0],"originalSize":[134,185],"capInsets":[0,0,0,0]}},{"__type__":"cc.SpriteFrame","content":{"name":"img_jb","texture":"typdk8fe-38d1-4227-bdc8-34077a33a795","rect":[0,0,26,28],"offset":[0,0],"originalSize":[26,28],"capInsets":[0,0,0,0]}},{"__type__":"cc.SpriteFrame","content":{"name":"icon_hb","texture":"typdke2b-8c20-4c1c-aef6-88def0614bec","rect":[2,2,31,31],"offset":[0,0],"originalSize":[35,35],"capInsets":[0,0,0,0]}},{"__type__":"cc.SpriteFrame","content":{"name":"bg_spade1_2","texture":"typdk7b1-27c5-4c01-a600-a1356f287208","rect":[44,83,76,84],"offset":[15,-32.5],"originalSize":[134,185],"capInsets":[0,0,0,0]}},{"__type__":"cc.SpriteFrame","content":{"name":"black_3","texture":"typdk6e4-6195-4368-a8f7-adaa6a83e86f","rect":[4,1,27,42],"offset":[-0.5,0.5],"originalSize":[36,45],"capInsets":[0,0,0,0]}},{"__type__":"cc.SpriteFrame","content":{"name":"bg_black","texture":"typdkc00-ca9b-4f59-b17c-ac2dd8bf5990","rect":[0,0,53,36],"offset":[0,0],"originalSize":[53,36],"capInsets":[25,16,25,16]}},{"__type__":"cc.SpriteFrame","content":{"name":"bg_spade1_1","texture":"typdk79b-d320-4ae0-8556-a655f966a15d","rect":[11,59,28,32],"offset":[-42,17.5],"originalSize":[134,185],"capInsets":[0,0,0,0]}}]