[{"__type__":"cc.SpriteFrame","content":{"name":"lb_game_zs_js","texture":"qzmjmj8d-4b2f-4a09-b3fe-a877f319b9d3","rect":[0,0,115,133],"offset":[-0.5,0.5],"originalSize":[116,134],"capInsets":[0,0,0,0]}},{"__type__":"cc.BitmapFont","_name":"lb_game_zs_js","spriteFrame":{"__uuid__":"qzmjmj5c-91fd-40bf-ad94-732fbf70477d"},"fontSize":32,"_fntConfig":{"commonHeight":47,"fontSize":32,"atlasName":"lb_game_zs_js.png","fontDefDictionary":{"9":{"rect":{"x":0,"y":0,"width":0,"height":0},"xOffset":0,"yOffset":0,"xAdvance":152},"32":{"rect":{"x":0,"y":0,"width":0,"height":0},"xOffset":0,"yOffset":0,"xAdvance":19},"47":{"rect":{"x":92,"y":32,"width":23,"height":31},"xOffset":8,"yOffset":16,"xAdvance":26},"48":{"rect":{"x":29,"y":102,"width":27,"height":31},"xOffset":6,"yOffset":16,"xAdvance":30},"49":{"rect":{"x":93,"y":0,"width":16,"height":31},"xOffset":11,"yOffset":16,"xAdvance":19},"50":{"rect":{"x":77,"y":64,"width":25,"height":31},"xOffset":7,"yOffset":16,"xAdvance":28},"51":{"rect":{"x":40,"y":0,"width":26,"height":31},"xOffset":6,"yOffset":16,"xAdvance":29},"52":{"rect":{"x":0,"y":102,"width":28,"height":31},"xOffset":5,"yOffset":16,"xAdvance":31},"53":{"rect":{"x":84,"y":96,"width":25,"height":31},"xOffset":7,"yOffset":16,"xAdvance":28},"54":{"rect":{"x":66,"y":32,"width":25,"height":31},"xOffset":7,"yOffset":16,"xAdvance":28},"55":{"rect":{"x":57,"y":102,"width":26,"height":31},"xOffset":6,"yOffset":16,"xAdvance":29},"56":{"rect":{"x":67,"y":0,"width":25,"height":31},"xOffset":7,"yOffset":16,"xAdvance":28},"57":{"rect":{"x":40,"y":32,"width":25,"height":31},"xOffset":7,"yOffset":16,"xAdvance":28},"21097":{"rect":{"x":39,"y":69,"width":37,"height":32},"xOffset":1,"yOffset":15,"xAdvance":40},"23616":{"rect":{"x":0,"y":69,"width":38,"height":32},"xOffset":0,"yOffset":15,"xAdvance":41},"24352":{"rect":{"x":0,"y":0,"width":39,"height":33},"xOffset":0,"yOffset":15,"xAdvance":42},"31532":{"rect":{"x":0,"y":34,"width":39,"height":34},"xOffset":0,"yOffset":14,"xAdvance":42}},"kerningDict":{}}}]