[{"__type__":"cc.SpriteFrame","content":{"name":"default_btn_disabled","texture":"71VhFCTINJM6/Ky3oX9nBT","rect":[0,0,40,40],"offset":[0,0],"originalSize":[40,40],"capInsets":[12,12,12,12]}},{"__type__":"cc.SpriteFrame","content":{"name":"default_btn_pressed","texture":"b4P/PCArtIdIH38t6mlw8Y","rect":[0,0,40,40],"offset":[0,0],"originalSize":[40,40],"capInsets":[12,12,12,12]}},{"__type__":"cc.SpriteFrame","content":{"name":"default_btn_normal","texture":"e8Ueib+qJEhL6mXAHdnwbi","rect":[0,0,40,40],"offset":[0,0],"originalSize":[40,40],"capInsets":[12,12,12,12]}},[{"__type__":"cc.Prefab","_name":"qzmj_UIMessage","data":{"__id__":1}},{"__type__":"cc.Node","_name":"xymj_UIMessage","_children":[{"__id__":2},{"__id__":5}],"_components":[{"__type__":"cc.Widget","node":{"__id__":1},"alignMode":0,"_alignFlags":45,"_originalWidth":750,"_originalHeight":1360},{"__type__":"cc.Button","node":{"__id__":1},"_N$normalColor":{"__type__":"cc.Color","r":214,"g":214,"b":214},"_N$target":{"__id__":1}},{"__type__":"cc.Sprite","node":{"__id__":1},"_spriteFrame":{"__uuid__":"qzmjmj1f-3e0b-4b1d-ae52-c52ad188bba9"},"_sizeMode":0},{"__type__":"qzmjmj3d-ac7f-4702-90c1-86118e279f61","node":{"__id__":1},"JS_Name":"pxzzmj_BaseComponent"}],"_prefab":{"__type__":"cc.PrefabInfo","root":{"__id__":1},"asset":{"__uuid__":"qzmjmj0a-a680-469d-9524-d164f571217c"},"fileId":"77olQfZFhOs5qdITRzmFd9"},"_contentSize":{"__type__":"cc.Size","width":1360,"height":760},"_trs":{"__type__":"TypedArray","ctor":"Float64Array","array":[680,380,0,0,0,0,1,1,1,1]}},{"__type__":"cc.Node","_name":"bg_create","_parent":{"__id__":1},"_children":[{"__id__":3}],"_components":[{"__type__":"cc.Sprite","node":{"__id__":2},"_spriteFrame":{"__uuid__":"qzmjmjea-ee30-4f8c-8cd1-77aa6906db37"},"_type":1,"_sizeMode":0}],"_prefab":{"__type__":"cc.PrefabInfo","root":{"__id__":1},"asset":{"__uuid__":"qzmjmj0a-a680-469d-9524-d164f571217c"},"fileId":"d7iA0yOXNJ5q9MwNqUG5X8"},"_contentSize":{"__type__":"cc.Size","width":699,"height":478},"_trs":{"__type__":"TypedArray","ctor":"Float64Array","array":[0,0,0,0,0,0,1,1,1,1]}},{"__type__":"cc.Node","_name":"title","_parent":{"__id__":2},"_children":[{"__id__":4}],"_components":[{"__type__":"cc.Sprite","node":{"__id__":3},"_spriteFrame":{"__uuid__":"qzmjmj32-d02e-4504-afe7-204012ef11e7"}}],"_prefab":{"__type__":"cc.PrefabInfo","root":{"__id__":1},"asset":{"__uuid__":"qzmjmj0a-a680-469d-9524-d164f571217c"},"fileId":"14BYdD1Z1Gq7FEs982edk5"},"_contentSize":{"__type__":"cc.Size","width":425,"height":90},"_trs":{"__type__":"TypedArray","ctor":"Float64Array","array":[0,208,0,0,0,0,1,1,1,1]}},{"__type__":"cc.Node","_name":"New Sprite","_parent":{"__id__":3},"_components":[{"__type__":"cc.Sprite","node":{"__id__":4},"_spriteFrame":{"__uuid__":"qzmjmj85-0b9c-487e-bf47-c98c8c842ea9"}}],"_prefab":{"__type__":"cc.PrefabInfo","root":{"__id__":1},"asset":{"__uuid__":"qzmjmj0a-a680-469d-9524-d164f571217c"},"fileId":"58ZnKU2xdLMr+rs+gpUzyI"},"_contentSize":{"__type__":"cc.Size","width":109,"height":54},"_trs":{"__type__":"TypedArray","ctor":"Float64Array","array":[0,2,0,0,0,0,1,1,1,1]}},{"__type__":"cc.Node","_name":"image01","_parent":{"__id__":1},"_children":[{"__id__":6},{"__id__":7},{"__id__":9}],"_prefab":{"__type__":"cc.PrefabInfo","root":{"__id__":1},"asset":{"__uuid__":"qzmjmj0a-a680-469d-9524-d164f571217c"},"fileId":"3fCy0lUNBDjoW/a3UAmbsm"},"_contentSize":{"__type__":"cc.Size","width":610,"height":400},"_trs":{"__type__":"TypedArray","ctor":"Float64Array","array":[0,-16,0,0,0,0,1,1,1,1]}},{"__type__":"cc.Node","_name":"LabelMessage","_parent":{"__id__":5},"_components":[{"__type__":"cc.Label","node":{"__id__":6},"_useOriginalSize":false,"_string":"系统提示文本","_N$string":"系统提示文本","_fontSize":46,"_lineHeight":46,"_N$file":{"__uuid__":"qzmjmj1e-650d-4484-9e24-10ffc791e225"},"_isSystemFontUsed":false,"_N$horizontalAlign":1,"_N$verticalAlign":1,"_N$overflow":3}],"_prefab":{"__type__":"cc.PrefabInfo","root":{"__id__":1},"asset":{"__uuid__":"qzmjmj0a-a680-469d-9524-d164f571217c"},"fileId":"6cE2kki0hIH65048vv6OHU"},"_color":{"__type__":"cc.Color","r":122,"g":64,"b":15},"_contentSize":{"__type__":"cc.Size","width":560,"height":46},"_trs":{"__type__":"TypedArray","ctor":"Float64Array","array":[-2,30,0,0,0,0,1,1,1,1]}},{"__type__":"cc.Node","_name":"btnCancel","_parent":{"__id__":5},"_children":[{"__id__":8}],"_components":[{"__type__":"cc.Sprite","node":{"__id__":7},"_spriteFrame":{"__uuid__":"qzmjmj94-98ea-41cd-b7d4-5bd97e4041c8"},"_type":1},{"__type__":"cc.Button","node":{"__id__":7},"zoomScale":0.95,"clickEvents":[{"__type__":"cc.ClickEvent","target":{"__id__":1},"_componentId":"qzmjmj3d-ac7f-4702-90c1-86118e279f61","handler":"OnClick_BtnWnd"}],"_N$transition":3,"transition":3,"_N$pressedColor":{"__type__":"cc.Color","r":255,"g":255,"b":255},"pressedColor":{"__type__":"cc.Color","r":255,"g":255,"b":255},"_N$disabledColor":{"__type__":"cc.Color","r":255,"g":255,"b":255},"_N$normalSprite":{"__uuid__":"f0BIwQ8D5Ml7nTNQbh1YlS"},"_N$pressedSprite":{"__uuid__":"e97GVMl6JHh5Ml5qEDdSGa"},"pressedSprite":{"__uuid__":"e97GVMl6JHh5Ml5qEDdSGa"},"_N$hoverSprite":{"__uuid__":"e97GVMl6JHh5Ml5qEDdSGa"},"hoverSprite":{"__uuid__":"e97GVMl6JHh5Ml5qEDdSGa"},"_N$disabledSprite":{"__uuid__":"29FYIk+N1GYaeWH/q1NxQO"},"_N$target":{"__id__":7}}],"_prefab":{"__type__":"cc.PrefabInfo","root":{"__id__":1},"asset":{"__uuid__":"qzmjmj0a-a680-469d-9524-d164f571217c"},"fileId":"a8QuWRkUdP16otNo5ji3LC"},"_contentSize":{"__type__":"cc.Size","width":223,"height":80},"_trs":{"__type__":"TypedArray","ctor":"Float64Array","array":[-150,-150,0,0,0,0,1,1,1,1]}},{"__type__":"cc.Node","_name":"New Sprite","_parent":{"__id__":7},"_components":[{"__type__":"cc.Sprite","node":{"__id__":8},"_spriteFrame":{"__uuid__":"qzmjmjd3-2353-44d3-9be4-74de9f6b4dfb"}}],"_prefab":{"__type__":"cc.PrefabInfo","root":{"__id__":1},"asset":{"__uuid__":"qzmjmj0a-a680-469d-9524-d164f571217c"},"fileId":"16QP627CFIZ6LiankIhNhm"},"_contentSize":{"__type__":"cc.Size","width":99,"height":47},"_trs":{"__type__":"TypedArray","ctor":"Float64Array","array":[0,2,0,0,0,0,1,1,1,1]}},{"__type__":"cc.Node","_name":"btnSure","_parent":{"__id__":5},"_children":[{"__id__":10}],"_components":[{"__type__":"cc.Sprite","node":{"__id__":9},"_spriteFrame":{"__uuid__":"qzmjmj85-5590-4443-8358-f73b2f924f7d"},"_type":1},{"__type__":"cc.Button","node":{"__id__":9},"zoomScale":0.95,"clickEvents":[{"__type__":"cc.ClickEvent","target":{"__id__":1},"_componentId":"qzmjmj3d-ac7f-4702-90c1-86118e279f61","handler":"OnClick_BtnWnd"}],"_N$transition":3,"transition":3,"_N$pressedColor":{"__type__":"cc.Color","r":255,"g":255,"b":255},"pressedColor":{"__type__":"cc.Color","r":255,"g":255,"b":255},"_N$disabledColor":{"__type__":"cc.Color","r":255,"g":255,"b":255},"_N$normalSprite":{"__uuid__":"f0BIwQ8D5Ml7nTNQbh1YlS"},"_N$pressedSprite":{"__uuid__":"e97GVMl6JHh5Ml5qEDdSGa"},"pressedSprite":{"__uuid__":"e97GVMl6JHh5Ml5qEDdSGa"},"_N$hoverSprite":{"__uuid__":"e97GVMl6JHh5Ml5qEDdSGa"},"hoverSprite":{"__uuid__":"e97GVMl6JHh5Ml5qEDdSGa"},"_N$disabledSprite":{"__uuid__":"29FYIk+N1GYaeWH/q1NxQO"},"_N$target":{"__id__":9}}],"_prefab":{"__type__":"cc.PrefabInfo","root":{"__id__":1},"asset":{"__uuid__":"qzmjmj0a-a680-469d-9524-d164f571217c"},"fileId":"0aNARscsdKgIIS/tXUdmVI"},"_contentSize":{"__type__":"cc.Size","width":223,"height":80},"_trs":{"__type__":"TypedArray","ctor":"Float64Array","array":[150,-150,0,0,0,0,1,1,1,1]}},{"__type__":"cc.Node","_name":"New Sprite","_parent":{"__id__":9},"_components":[{"__type__":"cc.Sprite","node":{"__id__":10},"_spriteFrame":{"__uuid__":"qzmjmj91-6436-4628-a0ab-64679afce18b"}}],"_prefab":{"__type__":"cc.PrefabInfo","root":{"__id__":1},"asset":{"__uuid__":"qzmjmj0a-a680-469d-9524-d164f571217c"},"fileId":"17TxVTTNZA/ZXfRT0LDE0i"},"_contentSize":{"__type__":"cc.Size","width":99,"height":47},"_trs":{"__type__":"TypedArray","ctor":"Float64Array","array":[0,2,0,0,0,0,1,1,1,1]}}],{"__type__":"cc.SpriteFrame","content":{"name":"bg","texture":"qzmjmj36-8a0c-4d92-8561-c45e53fa19cc","rect":[0,0,21,63],"offset":[0,0],"originalSize":[21,63],"capInsets":[0,0,0,0]}},{"__type__":"cc.SpriteFrame","content":{"name":"img_up_title","texture":"qzmjmj03-d2ee-4df5-9691-c266f03165e2","rect":[0,0,425,90],"offset":[0,0],"originalSize":[425,90],"capInsets":[0,0,0,0]}},{"__type__":"cc.SpriteFrame","content":{"name":"img_ts","texture":"qzmjmj88-bf7e-4c55-95d5-60e3901e06b1","rect":[0,0,109,54],"offset":[0,0],"originalSize":[109,54],"capInsets":[0,0,0,0]}},{"__type__":"cc.SpriteFrame","content":{"name":"btn_yellow01","texture":"qzmjmj0d-1deb-43b1-9bff-c64bd7569563","rect":[0,0,223,80],"offset":[0,0],"originalSize":[223,80],"capInsets":[0,0,0,0]}},{"__type__":"cc.SpriteFrame","content":{"name":"lb_btn_qd","texture":"qzmjmj2a-5782-4303-8917-c69d8447394d","rect":[0,0,99,47],"offset":[0,0],"originalSize":[99,47],"capInsets":[0,0,0,0]}},{"__type__":"cc.SpriteFrame","content":{"name":"btn_green00","texture":"qzmjmj60-b43a-4062-8e61-df40b10a02ef","rect":[0,0,223,80],"offset":[0,0],"originalSize":[223,80],"capInsets":[0,0,0,0]}},{"__type__":"cc.SpriteFrame","content":{"name":"lb_btn_qx","texture":"qzmjmj4c-bef1-413f-af8b-3784f4cac2e6","rect":[0,0,99,47],"offset":[0,0],"originalSize":[99,47],"capInsets":[0,0,0,0]}},{"__type__":"cc.SpriteFrame","content":{"name":"img_white_down","texture":"qzmjmj62-8534-46d3-8bb5-0cf7bb76d98c","rect":[0,0,806,163],"offset":[0,0],"originalSize":[806,163],"capInsets":[0,98,0,45]}}]