[{"__type__":"cc.SpriteFrame","content":{"name":"icon_electricity_3","texture":"qzmjmj42-f51f-487c-9239-63fece8de11b","rect":[0,0,47,21],"offset":[0,0],"originalSize":[47,21],"capInsets":[0,0,0,0]}},{"__type__":"cc.SpriteFrame","content":{"name":"icon_electricity_2","texture":"qzmjmj76-8132-41bb-aab4-cf143067c8e1","rect":[0,0,47,21],"offset":[0,0],"originalSize":[47,21],"capInsets":[0,0,0,0]}},{"__type__":"cc.SpriteFrame","content":{"name":"icon_charging","texture":"qzmjmj12-6fda-4beb-a643-ab6a5ad37b60","rect":[0,0,47,21],"offset":[-0.5,0.5],"originalSize":[48,22],"capInsets":[0,0,0,0]}},{"__type__":"cc.SpriteFrame","content":{"name":"icon_signal_0","texture":"qzmjmj84-93bf-4741-b5a7-addedbea764e","rect":[0,0,47,16],"offset":[0,0],"originalSize":[47,16],"capInsets":[0,0,0,0]}},{"__type__":"cc.SpriteFrame","content":{"name":"icon_electricity_4","texture":"qzmjmjc5-b37d-41ee-9e69-0c8da3fad53a","rect":[0,0,47,21],"offset":[0,0],"originalSize":[47,21],"capInsets":[0,0,0,0]}},[{"__type__":"cc.Prefab","_name":"qzmj_UIMark","data":{"__id__":1}},{"__type__":"cc.Node","_name":"xymj_UIMark","_children":[{"__id__":2},{"__id__":3},{"__id__":5},{"__id__":6},{"__id__":7},{"__id__":8},{"__id__":12}],"_active":false,"_components":[{"__type__":"cc.Sprite","node":{"__id__":1}},{"__type__":"cc.Widget","node":{"__id__":1},"alignMode":0,"_alignFlags":33,"_right":1022.5,"_top":82},{"__type__":"qzmjmjd6-f74e-47a1-8c12-bcaef2d333c5","node":{"__id__":1},"JS_Name":"xymj_BaseComponent","btn_record":{"__id__":5},"btn_gps":{"__id__":6},"lb_power":{"__id__":4},"bg_power":{"__id__":2},"bg_charging":{"__uuid__":"qzmjmj24-5419-49bc-880c-877296f66998"},"bg_electricity_0":{"__uuid__":"qzmjmj7c-4d3c-4233-899d-495b4818bd85"},"bg_electricity_1":{"__uuid__":"qzmjmjda-28e3-4da2-aded-5318c5a20604"},"bg_electricity_2":{"__uuid__":"qzmjmj16-011c-4e75-a075-6ec533f0404b"},"bg_electricity_3":{"__uuid__":"qzmjmj02-c912-4cef-92e2-cc7917c264dd"},"bg_electricity_4":{"__uuid__":"qzmjmj3b-5a66-4dbd-bd65-054e7949ee37"},"bg_electricity_5":{"__uuid__":"qzmjmjd5-0f4d-4447-9ac7-0b29556ae9a3"},"bg_signal":{"__id__":9},"lb_signal":{"__id__":11},"icon_signal_0":{"__uuid__":"qzmjmj25-01d4-489c-b5ec-c53fcb455c17"},"icon_signal_1":{"__uuid__":"qzmjmjcc-e2ab-4b63-9d79-a26ebe5351e7"},"icon_signal_2":{"__uuid__":"qzmjmja9-1190-4047-8a78-18ab5d9d9ed9"},"icon_signal_3":{"__uuid__":"qzmjmj72-ee86-4fff-85c7-94e8f9eef9df"},"icon_signal_4":{"__uuid__":"qzmjmjbe-da7f-4488-bb61-d2153ee7c46e"},"icon_signal_5":{"__uuid__":"qzmjmj62-7d17-4d76-936f-73a88b69a906"}}],"_prefab":{"__type__":"cc.PrefabInfo","root":{"__id__":1},"asset":{"__uuid__":"qzmjmj50-3933-424b-a41e-64da5b6ff38c"},"fileId":"63170AHNUBIWIdbAfpR5fJ+"},"_contentSize":{"__type__":"cc.Size","width":215,"height":40},"_trs":{"__type__":"TypedArray","ctor":"Float64Array","array":[230,658,0,0,0,0,1,1,1,1]}},{"__type__":"cc.Node","_name":"bg_power","_parent":{"__id__":1},"_components":[{"__type__":"cc.Sprite","node":{"__id__":2}}],"_prefab":{"__type__":"cc.PrefabInfo","root":{"__id__":1},"asset":{"__uuid__":"qzmjmj50-3933-424b-a41e-64da5b6ff38c"},"fileId":"19cb0m4LJVHu77v+vC/NneR"},"_contentSize":{"__type__":"cc.Size","width":47,"height":21},"_trs":{"__type__":"TypedArray","ctor":"Float64Array","array":[47,70,0,0,0,0,1,1,1,1]}},{"__type__":"cc.Node","_name":"lb_power","_parent":{"__id__":1},"_components":[{"__id__":4}],"_prefab":{"__type__":"cc.PrefabInfo","root":{"__id__":1},"asset":{"__uuid__":"qzmjmj50-3933-424b-a41e-64da5b6ff38c"},"fileId":"ce959WtuxNF/KqQGxDij/PH"},"_contentSize":{"__type__":"cc.Size","height":29},"_trs":{"__type__":"TypedArray","ctor":"Float64Array","array":[0,70,0,0,0,0,1,1,1,1]}},{"__type__":"cc.Label","node":{"__id__":3},"_useOriginalSize":false,"_fontSize":20,"_lineHeight":29,"_N$file":{"__uuid__":"qzmjmj1e-650d-4484-9e24-10ffc791e225"},"_isSystemFontUsed":false,"_N$horizontalAlign":1,"_N$verticalAlign":1},{"__type__":"cc.Node","_name":"btn_duiju","_parent":{"__id__":1},"_active":false,"_components":[{"__type__":"cc.Sprite","node":{"__id__":5},"_spriteFrame":{"__uuid__":"qzmjmj68-6f5a-41ae-92c2-6eb9187afad4"}},{"__type__":"cc.Button","node":{"__id__":5},"zoomScale":0.9,"clickEvents":[{"__type__":"cc.ClickEvent","target":{"__id__":1},"_componentId":"qzmjmjd6-f74e-47a1-8c12-bcaef2d333c5","handler":"OnClick_BtnWnd"}],"_N$transition":3,"transition":3,"_N$normalColor":{"__type__":"cc.Color","r":214,"g":214,"b":214},"_N$target":{"__id__":5}}],"_prefab":{"__type__":"cc.PrefabInfo","root":{"__id__":1},"asset":{"__uuid__":"qzmjmj50-3933-424b-a41e-64da5b6ff38c"},"fileId":"9037foecYlBraLnkP0gnBMc"},"_contentSize":{"__type__":"cc.Size","width":115,"height":66},"_trs":{"__type__":"TypedArray","ctor":"Float64Array","array":[-59,6,0,0,0,0,1,1,1,1]}},{"__type__":"cc.Node","_name":"btn_gps","_parent":{"__id__":1},"_active":false,"_components":[{"__type__":"cc.Sprite","node":{"__id__":6},"_spriteFrame":{"__uuid__":"qzmjmjef-74b2-413c-93f5-dc51d92bcb5c"}},{"__type__":"cc.Button","node":{"__id__":6},"zoomScale":0.9,"clickEvents":[{"__type__":"cc.ClickEvent","target":{"__id__":1},"_componentId":"qzmjmjd6-f74e-47a1-8c12-bcaef2d333c5","handler":"OnClick_BtnWnd"}],"_N$transition":3,"transition":3,"_N$normalColor":{"__type__":"cc.Color","r":214,"g":214,"b":214},"_N$target":{"__id__":6}}],"_prefab":{"__type__":"cc.PrefabInfo","root":{"__id__":1},"asset":{"__uuid__":"qzmjmj50-3933-424b-a41e-64da5b6ff38c"},"fileId":"7dcb5Bn12tBzJXJNaGYavhl"},"_contentSize":{"__type__":"cc.Size","width":82,"height":83},"_trs":{"__type__":"TypedArray","ctor":"Float64Array","array":[42,-83,0,0,0,0,1,1,1,1]}},{"__type__":"cc.Node","_name":"btn_help","_parent":{"__id__":1},"_active":false,"_components":[{"__type__":"cc.Sprite","node":{"__id__":7},"_spriteFrame":{"__uuid__":"qzmjmj7f-2b41-4c29-80c3-7389d9d91f58"}},{"__type__":"cc.Button","node":{"__id__":7},"zoomScale":0.9,"clickEvents":[{"__type__":"cc.ClickEvent","target":{"__id__":1},"_componentId":"qzmjmjd6-f74e-47a1-8c12-bcaef2d333c5","handler":"OnClick_BtnWnd"}],"_N$transition":3,"transition":3,"_N$normalColor":{"__type__":"cc.Color","r":214,"g":214,"b":214},"_N$target":{"__id__":7}}],"_prefab":{"__type__":"cc.PrefabInfo","root":{"__id__":1},"asset":{"__uuid__":"qzmjmj50-3933-424b-a41e-64da5b6ff38c"},"fileId":"c1b40g+hRNGFp8sEEq79q4e"},"_contentSize":{"__type__":"cc.Size","width":106,"height":63},"_trs":{"__type__":"TypedArray","ctor":"Float64Array","array":[42,6,0,0,0,0,1,1,1,1]}},{"__type__":"cc.Node","_name":"signal","_parent":{"__id__":1},"_children":[{"__id__":9},{"__id__":10}],"_prefab":{"__type__":"cc.PrefabInfo","root":{"__id__":1},"asset":{"__uuid__":"qzmjmj50-3933-424b-a41e-64da5b6ff38c"},"fileId":"b76c8EKzLJCBYlxZwTWuu9b"},"_trs":{"__type__":"TypedArray","ctor":"Float64Array","array":[-56,70,0,0,0,0,1,1,1,1]}},{"__type__":"cc.Node","_name":"bg_signal","_parent":{"__id__":8},"_components":[{"__type__":"cc.Sprite","node":{"__id__":9},"_spriteFrame":{"__uuid__":"qzmjmj62-7d17-4d76-936f-73a88b69a906"}}],"_prefab":{"__type__":"cc.PrefabInfo","root":{"__id__":1},"asset":{"__uuid__":"qzmjmj50-3933-424b-a41e-64da5b6ff38c"},"fileId":"b1d4aGItahBA7yFmD8N8qc0"},"_contentSize":{"__type__":"cc.Size","width":38,"height":16},"_trs":{"__type__":"TypedArray","ctor":"Float64Array","array":[-41.4,0,0,0,0,0,1,1,1,1]}},{"__type__":"cc.Node","_name":"lb_signal","_parent":{"__id__":8},"_components":[{"__id__":11}],"_prefab":{"__type__":"cc.PrefabInfo","root":{"__id__":1},"asset":{"__uuid__":"qzmjmj50-3933-424b-a41e-64da5b6ff38c"},"fileId":"4709ampPxhEnadTR0ftZ3k1"},"_color":{"__type__":"cc.Color","r":234,"g":49,"b":60},"_contentSize":{"__type__":"cc.Size","width":50,"height":25},"_trs":{"__type__":"TypedArray","ctor":"Float64Array","array":[5.2,0,0,0,0,0,1,1,1,1]}},{"__type__":"cc.Label","node":{"__id__":10},"_useOriginalSize":false,"_string":"100ms","_N$string":"100ms","_fontSize":15,"_lineHeight":15,"_N$file":{"__uuid__":"qzmjmj1e-650d-4484-9e24-10ffc791e225"},"_isSystemFontUsed":false,"_N$verticalAlign":1,"_N$overflow":2},{"__type__":"cc.Node","_name":"bg_xx","_parent":{"__id__":1},"_active":false,"_components":[{"__type__":"cc.Sprite","node":{"__id__":12},"_spriteFrame":{"__uuid__":"qzmjmjee-c4f6-4e90-a7d0-0aba95a6161d"}}],"_prefab":{"__type__":"cc.PrefabInfo","root":{"__id__":1},"asset":{"__uuid__":"qzmjmj50-3933-424b-a41e-64da5b6ff38c"},"fileId":"be9e6AgL/VN8on47KKcwbDB"},"_contentSize":{"__type__":"cc.Size","width":215,"height":40},"_trs":{"__type__":"TypedArray","ctor":"Float64Array","array":[-14.6,68.6,0,0,0,0,1,1,1,1]}}],{"__type__":"cc.SpriteFrame","content":{"name":"icon_signal_5","texture":"qzmjmj95-9210-4a71-bcd8-9e6b449f33bd","rect":[1,0,38,16],"offset":[-3.5,0],"originalSize":[47,16],"capInsets":[0,0,0,0]}},{"__type__":"cc.SpriteFrame","content":{"name":"btn_record","texture":"qzmjmj0f-f183-43c5-85b6-dfb896dcbc76","rect":[1,1,115,66],"offset":[0.5,-0.5],"originalSize":[116,67],"capInsets":[0,0,0,0]}},{"__type__":"cc.SpriteFrame","content":{"name":"icon_signal_3","texture":"qzmjmjf2-bb25-4b16-8473-5e9e849ef166","rect":[1,6,22,10],"offset":[-11.5,-3],"originalSize":[47,16],"capInsets":[0,0,0,0]}},{"__type__":"cc.SpriteFrame","content":{"name":"icon_electricity_0","texture":"qzmjmj4e-c269-402c-bf9f-4390d7d2e4e0","rect":[1,0,47,21],"offset":[0.5,0.5],"originalSize":[48,22],"capInsets":[0,0,0,0]}},{"__type__":"cc.SpriteFrame","content":{"name":"btn_help","texture":"qzmjmj9b-6bd9-44da-986b-4d232e9de111","rect":[1,1,106,63],"offset":[-4,1],"originalSize":[116,67],"capInsets":[0,0,0,0]}},{"__type__":"cc.SpriteFrame","content":{"name":"icon_signal_2","texture":"qzmjmj5a-77fb-4a37-9265-0a4e9cc2d90e","rect":[1,9,14,7],"offset":[-15.5,-4.5],"originalSize":[47,16],"capInsets":[0,0,0,0]}},{"__type__":"cc.SpriteFrame","content":{"name":"icon_signal_4","texture":"qzmjmj15-2a15-49ca-a52d-354352bcf57d","rect":[1,3,30,13],"offset":[-7.5,-1.5],"originalSize":[47,16],"capInsets":[0,0,0,0]}},{"__type__":"cc.SpriteFrame","content":{"name":"icon_signal_1","texture":"qzmjmj75-584a-48d5-bfc6-254fbdc22bde","rect":[1,12,6,4],"offset":[-19.5,-6],"originalSize":[47,16],"capInsets":[0,0,0,0]}},{"__type__":"cc.SpriteFrame","content":{"name":"icon_electricity_5","texture":"qzmjmj9d-1a71-49d8-8f18-1883c97d4c21","rect":[1,0,47,21],"offset":[0.5,0.5],"originalSize":[48,22],"capInsets":[0,0,0,0]}},{"__type__":"cc.SpriteFrame","content":{"name":"icon_electricity_1","texture":"qzmjmjd6-9cb2-46c4-bf8d-efd0586ed520","rect":[0,0,47,21],"offset":[0,0],"originalSize":[47,21],"capInsets":[0,0,0,0]}},{"__type__":"cc.SpriteFrame","content":{"name":"bg_xx","texture":"qzmjmj87-5e6a-4519-bd5e-75aae646e4ee","rect":[0,0,215,40],"offset":[0,0],"originalSize":[215,40],"capInsets":[0,0,0,0]}},{"__type__":"cc.SpriteFrame","content":{"name":"btn_gps","texture":"qzmjmj04-9c75-4a1f-a643-a969c0397e24","rect":[1,2,82,83],"offset":[0,-0.5],"originalSize":[84,86],"capInsets":[0,0,0,0]}}]