[{"__type__":"cc.SpriteFrame","content":{"name":"danyou_ani8","texture":"163960c9b","rect":[294,334,177,210],"offset":[-33,-4.5],"originalSize":[333,333],"capInsets":[0,0,0,0]}},{"__type__":"cc.AnimationClip","_name":"danyouAction","_duration":1.18,"curveData":{"comps":{"cc.Sprite":{"spriteFrame":[{"frame":0,"value":{"__uuid__":"qzmjmj86-07cc-484a-a298-798d9095313b"}},{"frame":0.16666666666666666,"value":{"__uuid__":"qzmjmjf2-4cc4-49c8-b458-12524b7ef36c"}},{"frame":0.3333333333333333,"value":{"__uuid__":"qzmjmj47-19aa-4ac2-90c2-89538f125b6f"}},{"frame":0.5,"value":{"__uuid__":"qzmjmj95-e5f0-4b83-8883-8f4260689b41"}},{"frame":0.6666666666666666,"value":{"__uuid__":"qzmjmj5d-8ae0-491b-92e2-5df4be38cfb7"}},{"frame":0.8333333333333334,"value":{"__uuid__":"qzmjmjed-49f8-4c01-ac09-9209ef1db50a"}},{"frame":1,"value":{"__uuid__":"qzmjmj81-5463-4bd7-867c-d497b5ed0288"}},{"frame":1.1666666666666667,"value":{"__uuid__":"qzmjmj05-0d7a-4f26-83cc-36e8c2b4785f"}}]}}}},{"__type__":"cc.SpriteFrame","content":{"name":"danyou_ani3","texture":"163960c9b","rect":[2,720,254,227],"offset":[-18.5,-15],"originalSize":[333,333],"rotated":1,"capInsets":[0,0,0,0]}},{"__type__":"cc.SpriteFrame","content":{"name":"danyou_ani5","texture":"163960c9b","rect":[2,491,261,225],"offset":[9,3],"originalSize":[333,333],"capInsets":[0,0,0,0]}},{"__type__":"cc.SpriteFrame","content":{"name":"danyou_ani7","texture":"163960c9b","rect":[233,720,253,221],"offset":[5,1],"originalSize":[333,333],"rotated":1,"capInsets":[0,0,0,0]}},{"__type__":"cc.SpriteFrame","content":{"name":"danyou_ani1","texture":"163960c9b","rect":[299,2,177,328],"offset":[-34,2.5],"originalSize":[333,333],"capInsets":[0,0,0,0]}},{"__type__":"cc.SpriteFrame","content":{"name":"danyou_ani4","texture":"163960c9b","rect":[2,2,293,258],"offset":[-18,-16.5],"originalSize":[333,333],"capInsets":[0,0,0,0]}},{"__type__":"cc.SpriteFrame","content":{"name":"danyou_ani6","texture":"163960c9b","rect":[2,264,288,223],"offset":[22.5,2],"originalSize":[333,333],"capInsets":[0,0,0,0]}},{"__type__":"cc.SpriteFrame","content":{"name":"danyou_ani2","texture":"163960c9b","rect":[267,548,177,168],"offset":[-34,-34.5],"originalSize":[333,333],"capInsets":[0,0,0,0]}}]