[{"__type__":"cc.SpriteFrame","content":{"name":"qidui_ani1","texture":"qzmjmj51-4ccb-4035-8339-b4035b56ec3f","rect":[0,23,367,107],"offset":[0,7],"originalSize":[367,167],"capInsets":[0,0,0,0]}},[{"__type__":"cc.Prefab","_name":"duiduihu","data":{"__id__":1}},{"__type__":"cc.Node","_name":"duiduihu","_components":[{"__type__":"cc.Sprite","node":{"__id__":1},"_spriteFrame":{"__uuid__":"qzmjmj7d-19da-4df3-b302-db97bf02f3f8"},"_sizeMode":2,"_isTrimmedMode":false},{"__type__":"cc.Animation","node":{"__id__":1},"_defaultClip":{"__uuid__":"qzmjmja4-6d4c-47c1-842a-ec76033dbb34"},"_clips":[{"__uuid__":"qzmjmja4-6d4c-47c1-842a-ec76033dbb34"}]},{"__type__":"qzmjmja3-f7f6-43f3-bc26-19a21c44bee8","node":{"__id__":1}}],"_prefab":{"__type__":"cc.PrefabInfo","root":{"__id__":1},"asset":{"__uuid__":"qzmjmjbe-18b7-4e45-a6dc-5b78c266296a"},"fileId":"5703fX4E5JMzqevDJIMqB9K"},"_contentSize":{"__type__":"cc.Size","width":367,"height":167},"_trs":{"__type__":"TypedArray","ctor":"Float64Array","array":[0,0,0,0,0,0,1,1,1,1]}}]]