[{"__type__":"cc.SpriteFrame","content":{"name":"10","texture":"17d95338c","rect":[743,625,257,280],"offset":[-94.5,-10],"originalSize":[530,360],"capInsets":[0,0,0,0]}},{"__type__":"cc.SpriteFrame","content":{"name":"13","texture":"17d95338c","rect":[2,548,414,190],"offset":[-3,0],"originalSize":[466,190],"rotated":1,"capInsets":[0,0,0,0]}},{"__type__":"cc.SpriteFrame","content":{"name":"7","texture":"1d2f9df65","rect":[2,392,355,342],"offset":[-85.5,-8],"originalSize":[530,360],"capInsets":[0,0,0,0]}},{"__type__":"cc.SpriteFrame","content":{"name":"4","texture":"17d95338c","rect":[2,195,425,349],"offset":[-43.5,-5.5],"originalSize":[530,360],"capInsets":[0,0,0,0]}},{"__type__":"cc.SpriteFrame","content":{"name":"2","texture":"1d2f9df65","rect":[361,348,333,291],"offset":[76.5,-11.5],"originalSize":[530,360],"rotated":1,"capInsets":[0,0,0,0]}},{"__type__":"cc.SpriteFrame","content":{"name":"9","texture":"1d2f9df65","rect":[361,685,257,280],"offset":[-94.5,-10],"originalSize":[530,360],"capInsets":[0,0,0,0]}},{"__type__":"cc.SpriteFrame","content":{"name":"1","texture":"17d95338c","rect":[743,360,276,261],"offset":[127,-12.5],"originalSize":[530,360],"capInsets":[0,0,0,0]}},{"__type__":"cc.SpriteFrame","content":{"name":"12","texture":"17d95338c","rect":[196,548,414,190],"offset":[-3,0],"originalSize":[466,190],"rotated":1,"capInsets":[0,0,0,0]}},{"__type__":"cc.SpriteFrame","content":{"name":"6","texture":"1d2f9df65","rect":[2,2,386,345],"offset":[-67,-7.5],"originalSize":[530,360],"rotated":1,"capInsets":[0,0,0,0]}},{"__type__":"cc.SpriteFrame","content":{"name":"5","texture":"17d95338c","rect":[390,548,399,349],"offset":[-59.5,-5.5],"originalSize":[530,360],"rotated":1,"capInsets":[0,0,0,0]}},{"__type__":"cc.AnimationClip","_name":"sihongzhongAction","_duration":0.9333333333333333,"curveData":{"paths":{"1":{"comps":{"cc.Sprite":{"spriteFrame":[{"frame":0.08333333333333333,"value":{"__uuid__":"qzmjmjee-2ffb-488f-b706-8c95f60bd887"}},{"frame":0.16666666666666666,"value":{"__uuid__":"qzmjmj92-212c-4e45-8828-ba2f5221f7fa"}},{"frame":0.25,"value":{"__uuid__":"qzmjmj49-514f-42a4-97ab-23f2d05b06c1"}},{"frame":0.75,"value":{"__uuid__":"qzmjmj49-514f-42a4-97ab-23f2d05b06c1"}},{"frame":0.9166666666666666,"value":{"__uuid__":"qzmjmj49-514f-42a4-97ab-23f2d05b06c1"}}]}},"props":{"opacity":[{"frame":0,"value":0},{"frame":0.08333333333333333,"value":255},{"frame":0.9166666666666666,"value":255}]}},"2":{"comps":{"cc.Sprite":{"spriteFrame":[{"frame":0,"value":{"__uuid__":"qzmjmj7d-637c-473f-9026-cf14d05b3602"}},{"frame":0.08333333333333333,"value":{"__uuid__":"qzmjmj6e-6ca4-427b-8917-e1944f7eee60"}},{"frame":0.16666666666666666,"value":{"__uuid__":"qzmjmjd0-2e26-4241-8853-07b3724db0b7"}},{"frame":0.25,"value":{"__uuid__":"qzmjmj55-2a29-46dc-9764-205c2c868819"}},{"frame":0.3333333333333333,"value":{"__uuid__":"qzmjmj9b-8c7f-428d-8915-b4b295540631"}},{"frame":0.4166666666666667,"value":{"__uuid__":"qzmjmj99-009f-4e45-9380-b0c9fff627ea"}},{"frame":0.5,"value":{"__uuid__":"qzmjmj53-e249-41b8-bbc5-21e4a64bb039"}},{"frame":0.5833333333333334,"value":{"__uuid__":"qzmjmjc5-49ff-457b-9b53-608bb9c01316"}},{"frame":0.6666666666666666,"value":{"__uuid__":"qzmjmj70-8030-445d-81d1-0ffda0c3a55d"}},{"frame":0.75,"value":{"__uuid__":"qzmjmj0c-82ce-4c26-8ff2-ba57b753a997"}},{"frame":0.9166666666666666,"value":{"__uuid__":"qzmjmj0c-82ce-4c26-8ff2-ba57b753a997"}}]}}},"3":{"comps":{"cc.Sprite":{"spriteFrame":[{"frame":0,"value":{"__uuid__":"qzmjmj0c-82ce-4c26-8ff2-ba57b753a997"}},{"frame":0.08333333333333333,"value":{"__uuid__":"qzmjmj6e-6ca4-427b-8917-e1944f7eee60"}},{"frame":0.16666666666666666,"value":{"__uuid__":"qzmjmjd0-2e26-4241-8853-07b3724db0b7"}},{"frame":0.25,"value":{"__uuid__":"qzmjmj55-2a29-46dc-9764-205c2c868819"}},{"frame":0.3333333333333333,"value":{"__uuid__":"qzmjmj9b-8c7f-428d-8915-b4b295540631"}},{"frame":0.4166666666666667,"value":{"__uuid__":"qzmjmj99-009f-4e45-9380-b0c9fff627ea"}},{"frame":0.5,"value":{"__uuid__":"qzmjmj53-e249-41b8-bbc5-21e4a64bb039"}},{"frame":0.5833333333333334,"value":{"__uuid__":"qzmjmjc5-49ff-457b-9b53-608bb9c01316"}},{"frame":0.6666666666666666,"value":{"__uuid__":"qzmjmj70-8030-445d-81d1-0ffda0c3a55d"}},{"frame":0.75,"value":{"__uuid__":"qzmjmj0c-82ce-4c26-8ff2-ba57b753a997"}},{"frame":0.9166666666666666,"value":{"__uuid__":"qzmjmj0c-82ce-4c26-8ff2-ba57b753a997"}}]}}}}}},{"__type__":"cc.SpriteFrame","content":{"name":"8","texture":"1d2f9df65","rect":[351,2,327,342],"offset":[-100.5,-8],"originalSize":[530,360],"capInsets":[0,0,0,0]}},{"__type__":"cc.SpriteFrame","content":{"name":"3","texture":"17d95338c","rect":[472,2,439,354],"offset":[-35.5,-3],"originalSize":[530,360],"capInsets":[0,0,0,0]}},{"__type__":"cc.SpriteFrame","content":{"name":"11","texture":"17d95338c","rect":[2,2,466,189],"offset":[0,0.5],"originalSize":[466,190],"capInsets":[0,0,0,0]}}]