[{"__type__":"cc.SpriteFrame","content":{"name":"default_sprite_splash","texture":"02delMVqdBD70a/HSD99FK","rect":[0,0,2,2],"offset":[0,0],"originalSize":[2,2],"capInsets":[0,0,0,0]}},[{"__type__":"cc.Prefab","_name":"qzmj_UIMessage_Drift","data":{"__id__":1}},{"__type__":"cc.Node","_name":"xymj_UIMessage_Drift","_children":[{"__id__":2}],"_components":[{"__type__":"cc.Widget","node":{"__id__":1},"alignMode":0,"_alignFlags":18},{"__type__":"cc.Animation","node":{"__id__":1},"_defaultClip":{"__uuid__":"qzmjmjcc-45b0-4c16-886c-8c71eb1ccfab"},"_clips":[{"__uuid__":"qzmjmjcc-45b0-4c16-886c-8c71eb1ccfab"}]},{"__type__":"qzmjmj6d-e4e0-46d0-93d8-2b864c7aca80","node":{"__id__":1},"JS_Name":"pxzzmj_BaseComponent"}],"_prefab":{"__type__":"cc.PrefabInfo","root":{"__id__":1},"asset":{"__uuid__":"qzmjmj4e-2330-4b45-b4a0-09852e37bfd8"},"fileId":"3d71TemnJL9rgUoZ8O7okx"},"_trs":{"__type__":"TypedArray","ctor":"Float64Array","array":[680,380,0,0,0,0,1,1,1,1]}},{"__type__":"cc.Node","_name":"bg1","_parent":{"__id__":1},"_children":[{"__id__":3},{"__id__":4}],"_prefab":{"__type__":"cc.PrefabInfo","root":{"__id__":1},"asset":{"__uuid__":"qzmjmj4e-2330-4b45-b4a0-09852e37bfd8"},"fileId":"79bJyxXdhGto5syer/7W2J"},"_opacity":200,"_contentSize":{"__type__":"cc.Size","width":650,"height":60},"_trs":{"__type__":"TypedArray","ctor":"Float64Array","array":[0,0,0,0,0,0,1,1,1,1]}},{"__type__":"cc.Node","_name":"New Sprite(Splash)","_parent":{"__id__":2},"_components":[{"__type__":"cc.Sprite","node":{"__id__":3},"_spriteFrame":{"__uuid__":"a2MjXRFdtLlYQ5ouAFv/+R"},"_sizeMode":0}],"_prefab":{"__type__":"cc.PrefabInfo","root":{"__id__":1},"asset":{"__uuid__":"qzmjmj4e-2330-4b45-b4a0-09852e37bfd8"},"fileId":"48z/darShKH5whIzarnfJO"},"_opacity":120,"_color":{"__type__":"cc.Color"},"_contentSize":{"__type__":"cc.Size","width":650,"height":60},"_trs":{"__type__":"TypedArray","ctor":"Float64Array","array":[0,0,0,0,0,0,1,1,1,1]}},{"__type__":"cc.Node","_name":"LabelMessage","_parent":{"__id__":2},"_components":[{"__type__":"cc.Label","node":{"__id__":4},"_useOriginalSize":false,"_string":"悬浮窗口信息","_N$string":"悬浮窗口信息","_fontSize":30,"_lineHeight":30,"_N$file":{"__uuid__":"qzmjmj1e-650d-4484-9e24-10ffc791e225"},"_isSystemFontUsed":false,"_N$horizontalAlign":1,"_N$verticalAlign":1,"_N$overflow":3}],"_prefab":{"__type__":"cc.PrefabInfo","root":{"__id__":1},"asset":{"__uuid__":"qzmjmj4e-2330-4b45-b4a0-09852e37bfd8"},"fileId":"04LrKlBwBOAZ7z49BEB6vC"},"_contentSize":{"__type__":"cc.Size","width":650,"height":30},"_trs":{"__type__":"TypedArray","ctor":"Float64Array","array":[0,-2,0,0,0,0,1,1,1,1]}}]]