[{"__type__":"cc.SpriteFrame","content":{"name":"danyou_ani1","texture":"163960c9b","rect":[299,2,177,328],"offset":[-34,2.5],"originalSize":[333,333],"capInsets":[0,0,0,0]}},[{"__type__":"cc.Prefab","_name":"danyou","data":{"__id__":1}},{"__type__":"cc.Node","_name":"danyou","_components":[{"__type__":"cc.Sprite","node":{"__id__":1},"_spriteFrame":{"__uuid__":"qzmjmj86-07cc-484a-a298-798d9095313b"},"_sizeMode":2,"_isTrimmedMode":false},{"__type__":"cc.Animation","node":{"__id__":1},"_defaultClip":{"__uuid__":"qzmjmj26-76f4-4419-a598-44026c03a19f"},"_clips":[{"__uuid__":"qzmjmj26-76f4-4419-a598-44026c03a19f"}]},{"__type__":"qzmjmja3-f7f6-43f3-bc26-19a21c44bee8","node":{"__id__":1}}],"_prefab":{"__type__":"cc.PrefabInfo","root":{"__id__":1},"asset":{"__uuid__":"qzmjmjae-10c1-4558-b8d1-e0da51ba3bce"},"fileId":"fced7XuaFtHXaQWegF0Lzls"},"_contentSize":{"__type__":"cc.Size","width":333,"height":333},"_trs":{"__type__":"TypedArray","ctor":"Float64Array","array":[0,0,0,0,0,0,1,1,1,1]}}]]