[{"__type__":"cc.SpriteFrame","content":{"name":"icon_jt","texture":"qzmjmj8e-0829-444d-8630-ea2a3c8344df","rect":[1,0,49,51],"offset":[0.5,0],"originalSize":[50,51],"capInsets":[0,0,0,0]}},{"__type__":"cc.SpriteFrame","content":{"name":"pai3","texture":"qzmjmj9d-0a4f-421a-90d0-29738bb61cf7","rect":[0,0,54,68],"offset":[0,0],"originalSize":[54,68],"capInsets":[0,0,0,0]}},{"__type__":"cc.SpriteFrame","content":{"name":"hh_face_suit_y_24","texture":"qzmjmj3e-f037-422c-9055-985f5c61f7b2","rect":[0,0,70,49],"offset":[0,0],"originalSize":[70,49],"capInsets":[0,0,0,0]}},[{"__type__":"cc.Prefab","_name":"UIQZMJCard02","data":{"__id__":1}},{"__type__":"cc.Node","_name":"UIQZMJCard02","_children":[{"__id__":2},{"__id__":5}],"_components":[{"__type__":"qzmjmjec-83db-48b8-918a-82c5e51aeeec","node":{"__id__":1},"JS_Name":"xymj_BaseComponent","sp_in":{"__id__":3},"card":{"__id__":2},"downcard":{"__id__":5},"BackCardSpriteFrame":{"__uuid__":"qzmjmj57-beb7-427a-9b9b-505065db4072"}}],"_prefab":{"__type__":"cc.PrefabInfo","root":{"__id__":1},"asset":{"__uuid__":"qzmjmje5-1d5b-4c6d-bac8-3a893017a6ba"},"fileId":"12b5eKEt1xO2bqb1ye/49W0"},"_trs":{"__type__":"TypedArray","ctor":"Float64Array","array":[0,0,0,0,0,0,1,1,1,1]}},{"__type__":"cc.Node","_name":"card","_parent":{"__id__":1},"_children":[{"__id__":3},{"__id__":4}],"_components":[{"__type__":"cc.Layout","node":{"__id__":2},"_layoutSize":{"__type__":"cc.Size","width":194,"height":516},"_N$spacingY":-36,"_N$horizontalDirection":1}],"_prefab":{"__type__":"cc.PrefabInfo","root":{"__id__":1},"asset":{"__uuid__":"qzmjmje5-1d5b-4c6d-bac8-3a893017a6ba"},"fileId":"4489cjvrPFMB6GgZ0DqJnAL"},"_contentSize":{"__type__":"cc.Size","width":194,"height":516},"_anchorPoint":{"__type__":"cc.Vec2","x":0.19},"_trs":{"__type__":"TypedArray","ctor":"Float64Array","array":[0,-258,0,0,0,0,1,1,1,1]}},{"__type__":"cc.Node","_name":"sp_in","_parent":{"__id__":2},"_components":[{"__type__":"cc.Sprite","node":{"__id__":3},"_spriteFrame":{"__uuid__":"qzmjmj57-beb7-427a-9b9b-505065db4072"}}],"_prefab":{"__type__":"cc.PrefabInfo","root":{"__id__":1},"asset":{"__uuid__":"qzmjmje5-1d5b-4c6d-bac8-3a893017a6ba"},"fileId":"835661W7uRE/I/++0rf9u4p"},"_contentSize":{"__type__":"cc.Size","width":54,"height":68},"_trs":{"__type__":"TypedArray","ctor":"Float64Array","array":[-10,482,0,0,0,0,1,1,1,1]}},{"__type__":"cc.Node","_name":"empty","_parent":{"__id__":2},"_components":[{"__type__":"cc.Sprite","node":{"__id__":4}}],"_prefab":{"__type__":"cc.PrefabInfo","root":{"__id__":1},"asset":{"__uuid__":"qzmjmje5-1d5b-4c6d-bac8-3a893017a6ba"},"fileId":"f5f6bX2OdpBDa8CTHqnJdbS"},"_contentSize":{"__type__":"cc.Size","width":54,"height":68},"_trs":{"__type__":"TypedArray","ctor":"Float64Array","array":[0,450,0,0,0,0,1,1,1,1]}},{"__type__":"cc.Node","_name":"downcard","_parent":{"__id__":1},"_children":[{"__id__":6}],"_components":[{"__type__":"cc.Layout","node":{"__id__":5},"_layoutSize":{"__type__":"cc.Size","width":155.71,"height":330.34},"_N$layoutType":2,"_N$spacingY":5,"_N$verticalDirection":0},{"__type__":"qzmjmj4b-140d-4a29-af82-be69e76160e8","node":{"__id__":5},"JS_Name":"xymj_BaseComponent"}],"_prefab":{"__type__":"cc.PrefabInfo","root":{"__id__":1},"asset":{"__uuid__":"qzmjmje5-1d5b-4c6d-bac8-3a893017a6ba"},"fileId":"9ea39035LRPpI/vsXtjy7HE"},"_contentSize":{"__type__":"cc.Size","width":155.71,"height":330.34},"_anchorPoint":{"__type__":"cc.Vec2","x":0.21,"y":0.99},"_trs":{"__type__":"TypedArray","ctor":"Float64Array","array":[117,21,0,0,0,0,1,0.8,0.8,1]}},{"__type__":"cc.Node","_name":"down01","_parent":{"__id__":5},"_children":[{"__id__":7},{"__id__":9},{"__id__":11},{"__id__":13}],"_prefab":{"__type__":"cc.PrefabInfo","root":{"__id__":1},"asset":{"__uuid__":"qzmjmje5-1d5b-4c6d-bac8-3a893017a6ba"},"fileId":"17a16zzdZhGIaph3IjmafaP"},"_contentSize":{"__type__":"cc.Size","width":80,"height":100},"_trs":{"__type__":"TypedArray","ctor":"Float64Array","array":[0,-277.03659999999996,0,0,0,0,1,1,1,1]}},{"__type__":"cc.Node","_name":"card03","_parent":{"__id__":6},"_children":[{"__id__":8}],"_components":[{"__type__":"cc.Sprite","node":{"__id__":7},"_spriteFrame":{"__uuid__":"qzmjmj67-836c-4e15-8d3b-e5675fb134e4"}}],"_prefab":{"__type__":"cc.PrefabInfo","root":{"__id__":1},"asset":{"__uuid__":"qzmjmje5-1d5b-4c6d-bac8-3a893017a6ba"},"fileId":"5c642w2loRCLYU1uLaUJUM2"},"_contentSize":{"__type__":"cc.Size","width":70,"height":49},"_trs":{"__type__":"TypedArray","ctor":"Float64Array","array":[0,27.5,0,0,0,0,1,1,1,1]}},{"__type__":"cc.Node","_name":"zhi","_parent":{"__id__":7},"_active":false,"_components":[{"__type__":"cc.Sprite","node":{"__id__":8},"_spriteFrame":{"__uuid__":"qzmjmj42-7085-406c-8f01-d33a4cff08b8"}}],"_prefab":{"__type__":"cc.PrefabInfo","root":{"__id__":1},"asset":{"__uuid__":"qzmjmje5-1d5b-4c6d-bac8-3a893017a6ba"},"fileId":"d66dcLkWEZBNZDBmoBZQW2w"},"_contentSize":{"__type__":"cc.Size","width":34,"height":25},"_trs":{"__type__":"TypedArray","ctor":"Float64Array","array":[15,8,0,0,0,0,1,0.7,0.7,1]}},{"__type__":"cc.Node","_name":"card02","_parent":{"__id__":6},"_children":[{"__id__":10}],"_components":[{"__type__":"cc.Sprite","node":{"__id__":9},"_spriteFrame":{"__uuid__":"qzmjmj67-836c-4e15-8d3b-e5675fb134e4"}}],"_prefab":{"__type__":"cc.PrefabInfo","root":{"__id__":1},"asset":{"__uuid__":"qzmjmje5-1d5b-4c6d-bac8-3a893017a6ba"},"fileId":"31c01ZVzGZELKCQC9/ISbr6"},"_contentSize":{"__type__":"cc.Size","width":70,"height":49},"_trs":{"__type__":"TypedArray","ctor":"Float64Array","array":[8,-2.5,0,0,0,0,1,1,1,1]}},{"__type__":"cc.Node","_name":"zhi","_parent":{"__id__":9},"_active":false,"_components":[{"__type__":"cc.Sprite","node":{"__id__":10},"_spriteFrame":{"__uuid__":"qzmjmj42-7085-406c-8f01-d33a4cff08b8"}}],"_prefab":{"__type__":"cc.PrefabInfo","root":{"__id__":1},"asset":{"__uuid__":"qzmjmje5-1d5b-4c6d-bac8-3a893017a6ba"},"fileId":"52d55Imo5pH97OpNq4ujO/m"},"_contentSize":{"__type__":"cc.Size","width":34,"height":25},"_trs":{"__type__":"TypedArray","ctor":"Float64Array","array":[15,8,0,0,0,0,1,0.7,0.7,1]}},{"__type__":"cc.Node","_name":"card01","_parent":{"__id__":6},"_children":[{"__id__":12}],"_components":[{"__type__":"cc.Sprite","node":{"__id__":11},"_spriteFrame":{"__uuid__":"qzmjmj67-836c-4e15-8d3b-e5675fb134e4"}}],"_prefab":{"__type__":"cc.PrefabInfo","root":{"__id__":1},"asset":{"__uuid__":"qzmjmje5-1d5b-4c6d-bac8-3a893017a6ba"},"fileId":"94b33A+r/tPJa0yvr00eufQ"},"_contentSize":{"__type__":"cc.Size","width":70,"height":49},"_trs":{"__type__":"TypedArray","ctor":"Float64Array","array":[16,-33.5,0,0,0,0,1,1,1,1]}},{"__type__":"cc.Node","_name":"zhi","_parent":{"__id__":11},"_active":false,"_components":[{"__type__":"cc.Sprite","node":{"__id__":12},"_spriteFrame":{"__uuid__":"qzmjmj42-7085-406c-8f01-d33a4cff08b8"}}],"_prefab":{"__type__":"cc.PrefabInfo","root":{"__id__":1},"asset":{"__uuid__":"qzmjmje5-1d5b-4c6d-bac8-3a893017a6ba"},"fileId":"8892fgbljhHP5YRMYBg2YBi"},"_contentSize":{"__type__":"cc.Size","width":34,"height":25},"_trs":{"__type__":"TypedArray","ctor":"Float64Array","array":[15,8,0,0,0,0,1,0.7,0.7,1]}},{"__type__":"cc.Node","_name":"card04","_parent":{"__id__":6},"_children":[{"__id__":14}],"_components":[{"__type__":"cc.Sprite","node":{"__id__":13},"_spriteFrame":{"__uuid__":"qzmjmj67-836c-4e15-8d3b-e5675fb134e4"}}],"_prefab":{"__type__":"cc.PrefabInfo","root":{"__id__":1},"asset":{"__uuid__":"qzmjmje5-1d5b-4c6d-bac8-3a893017a6ba"},"fileId":"54508yUY+RGKa7ektdrztUy"},"_contentSize":{"__type__":"cc.Size","width":70,"height":49},"_trs":{"__type__":"TypedArray","ctor":"Float64Array","array":[16.1,10.700000000000003,0,0,0,0,1,1,1,1]}},{"__type__":"cc.Node","_name":"zhi","_parent":{"__id__":13},"_active":false,"_components":[{"__type__":"cc.Sprite","node":{"__id__":14},"_spriteFrame":{"__uuid__":"qzmjmj42-7085-406c-8f01-d33a4cff08b8"}}],"_prefab":{"__type__":"cc.PrefabInfo","root":{"__id__":1},"asset":{"__uuid__":"qzmjmje5-1d5b-4c6d-bac8-3a893017a6ba"},"fileId":"d99d1fIUOZPe7Rby4l8k5tn"},"_contentSize":{"__type__":"cc.Size","width":34,"height":25},"_trs":{"__type__":"TypedArray","ctor":"Float64Array","array":[15,8,0,0,0,0,1,0.7,0.7,1]}}]]