[{"__type__":"cc.SpriteFrame","content":{"name":"hh_face_dao_24","texture":"qzmjmj84-3629-4500-9bbb-d3ddc183f2dc","rect":[0,0,47,76],"offset":[0,0],"originalSize":[47,76],"capInsets":[0,0,0,0]}},[{"__type__":"cc.Prefab","_name":"qzmj_UIMJSharePaiXingMini","data":{"__id__":1}},{"__type__":"cc.Node","_name":"qzmj_UIMJSharePaiXingMini","_children":[{"__id__":2},{"__id__":6},{"__id__":9},{"__id__":10},{"__id__":14}],"_components":[{"__type__":"cc.Widget","node":{"__id__":1},"alignMode":0,"_alignFlags":45},{"__type__":"cc.Button","node":{"__id__":1},"_N$normalColor":{"__type__":"cc.Color","r":214,"g":214,"b":214},"_N$target":{"__id__":1}},{"__type__":"cc.Sprite","node":{"__id__":1},"_sizeMode":0},{"__type__":"qzmjmj14-e2db-4f36-ad7e-389e348fa4f8","node":{"__id__":1},"JS_Name":"xymj_BaseComponent"}],"_prefab":{"__type__":"cc.PrefabInfo","root":{"__id__":1},"asset":{"__uuid__":"qzmjmja4-1fd9-47cd-9e40-7e2e2b9757b9"},"fileId":"928d8K70+pM5JaPIc0V3Xx4"},"_contentSize":{"__type__":"cc.Size","width":1360,"height":760},"_trs":{"__type__":"TypedArray","ctor":"Float64Array","array":[680,380,0,0,0,0,1,1,1,1]}},{"__type__":"cc.Node","_name":"bg","_parent":{"__id__":1},"_children":[{"__id__":3},{"__id__":4},{"__id__":5}],"_components":[{"__type__":"cc.Sprite","node":{"__id__":2}}],"_prefab":{"__type__":"cc.PrefabInfo","root":{"__id__":1},"asset":{"__uuid__":"qzmjmja4-1fd9-47cd-9e40-7e2e2b9757b9"},"fileId":"d3e48EcU5dJ9on95iy/l5CV"},"_contentSize":{"__type__":"cc.Size","width":793,"height":477},"_trs":{"__type__":"TypedArray","ctor":"Float64Array","array":[0,68,0,0,0,0,1,1,1,1]}},{"__type__":"cc.Node","_name":"logo","_parent":{"__id__":2},"_components":[{"__type__":"cc.Sprite","node":{"__id__":3},"_sizeMode":0}],"_prefab":{"__type__":"cc.PrefabInfo","root":{"__id__":1},"asset":{"__uuid__":"qzmjmja4-1fd9-47cd-9e40-7e2e2b9757b9"},"fileId":"8bf82xYQApC35w4hPiUOJig"},"_contentSize":{"__type__":"cc.Size","width":200,"height":80},"_trs":{"__type__":"TypedArray","ctor":"Float64Array","array":[294,188,0,0,0,0,1,1,1,1]}},{"__type__":"cc.Node","_name":"erweima","_parent":{"__id__":2},"_components":[{"__type__":"cc.Sprite","node":{"__id__":4},"_sizeMode":0}],"_prefab":{"__type__":"cc.PrefabInfo","root":{"__id__":1},"asset":{"__uuid__":"qzmjmja4-1fd9-47cd-9e40-7e2e2b9757b9"},"fileId":"aae97z+t9BLhLVzE3d2UB6T"},"_contentSize":{"__type__":"cc.Size","width":80,"height":80},"_trs":{"__type__":"TypedArray","ctor":"Float64Array","array":[323.8,91.2,0,0,0,0,1,1,1,1]}},{"__type__":"cc.Node","_name":"paixing","_parent":{"__id__":2},"_components":[{"__type__":"cc.Sprite","node":{"__id__":5}}],"_prefab":{"__type__":"cc.PrefabInfo","root":{"__id__":1},"asset":{"__uuid__":"qzmjmja4-1fd9-47cd-9e40-7e2e2b9757b9"},"fileId":"8ede4aYJXlOd65ld2gCcPbm"},"_contentSize":{"__type__":"cc.Size","width":118,"height":194},"_trs":{"__type__":"TypedArray","ctor":"Float64Array","array":[2,102,0,0,0,0,1,1,1,1]},"_eulerAngles":{"__type__":"cc.Vec3","z":1}},{"__type__":"cc.Node","_name":"btn_share","_parent":{"__id__":1},"_children":[{"__id__":7},{"__id__":8}],"_components":[{"__type__":"cc.Sprite","node":{"__id__":6},"_sizeMode":0},{"__type__":"cc.Button","node":{"__id__":6},"clickEvents":[{"__type__":"cc.ClickEvent","target":{"__id__":1},"component":"UIMJSharePaiXingMini","handler":"OnClick_BtnWnd"}],"_N$transition":3,"transition":3,"_N$normalColor":{"__type__":"cc.Color","r":214,"g":214,"b":214},"_N$target":{"__id__":6}}],"_prefab":{"__type__":"cc.PrefabInfo","root":{"__id__":1},"asset":{"__uuid__":"qzmjmja4-1fd9-47cd-9e40-7e2e2b9757b9"},"fileId":"bd1e9hW6UhEYb1g+kJ6mkuv"},"_contentSize":{"__type__":"cc.Size","width":200,"height":80},"_trs":{"__type__":"TypedArray","ctor":"Float64Array","array":[0,-243,0,0,0,0,1,1,1,1]}},{"__type__":"cc.Node","_name":"New Label","_parent":{"__id__":6},"_components":[{"__type__":"cc.Label","node":{"__id__":7},"_useOriginalSize":false,"_string":"分享","_N$string":"分享","_fontSize":36,"_lineHeight":36,"_N$file":{"__uuid__":"qzmjmj1e-650d-4484-9e24-10ffc791e225"},"_isSystemFontUsed":false,"_N$horizontalAlign":1,"_N$verticalAlign":1},{"__type__":"cc.LabelOutline","node":{"__id__":7},"_color":{"__type__":"cc.Color","r":77,"g":45,"b":4}}],"_prefab":{"__type__":"cc.PrefabInfo","root":{"__id__":1},"asset":{"__uuid__":"qzmjmja4-1fd9-47cd-9e40-7e2e2b9757b9"},"fileId":"ed312AOrXFGRZfxkcf5ZNGn"},"_contentSize":{"__type__":"cc.Size","width":74,"height":36},"_trs":{"__type__":"TypedArray","ctor":"Float64Array","array":[0,0,0,0,0,0,1,1,1,1]}},{"__type__":"cc.Node","_name":"New Sprite","_parent":{"__id__":6},"_components":[{"__type__":"cc.Sprite","node":{"__id__":8}}],"_prefab":{"__type__":"cc.PrefabInfo","root":{"__id__":1},"asset":{"__uuid__":"qzmjmja4-1fd9-47cd-9e40-7e2e2b9757b9"},"fileId":"f8121hRVsZGo7Z5xDU+9uuB"},"_contentSize":{"__type__":"cc.Size","width":111,"height":51},"_trs":{"__type__":"TypedArray","ctor":"Float64Array","array":[103.2,34.9,0,0,0,0,1,1,1,1]}},{"__type__":"cc.Node","_name":"btn_close","_parent":{"__id__":1},"_components":[{"__type__":"cc.Sprite","node":{"__id__":9}},{"__type__":"cc.Button","node":{"__id__":9},"clickEvents":[{"__type__":"cc.ClickEvent","target":{"__id__":1},"component":"UIMJSharePaiXingMini","handler":"OnClick_BtnWnd"}],"_N$normalColor":{"__type__":"cc.Color","r":214,"g":214,"b":214},"_N$target":{"__id__":9}}],"_prefab":{"__type__":"cc.PrefabInfo","root":{"__id__":1},"asset":{"__uuid__":"qzmjmja4-1fd9-47cd-9e40-7e2e2b9757b9"},"fileId":"029622Y1cBGQoFBG5ePQXbI"},"_contentSize":{"__type__":"cc.Size","width":69,"height":72},"_trs":{"__type__":"TypedArray","ctor":"Float64Array","array":[400,303,0,0,0,0,1,1,1,1]}},{"__type__":"cc.Node","_name":"userinfo","_parent":{"__id__":1},"_children":[{"__id__":11},{"__id__":12},{"__id__":13}],"_prefab":{"__type__":"cc.PrefabInfo","root":{"__id__":1},"asset":{"__uuid__":"qzmjmja4-1fd9-47cd-9e40-7e2e2b9757b9"},"fileId":"879bagv1aBFHa1whRpXPiJL"},"_trs":{"__type__":"TypedArray","ctor":"Float64Array","array":[0,68,0,0,0,0,1,1,1,1]}},{"__type__":"cc.Node","_name":"head_img","_parent":{"__id__":10},"_components":[{"__type__":"cc.Sprite","node":{"__id__":11},"_spriteFrame":{"__uuid__":"qzmjmjd4-6d8e-4361-aae8-91caca6f2355"},"_sizeMode":0,"_isTrimmedMode":false},{"__type__":"qzmjmj73-3561-4a28-8fd0-4ff9fc711d7e","node":{"__id__":11},"JS_Name":"xymj_BaseComponent"}],"_prefab":{"__type__":"cc.PrefabInfo","root":{"__id__":1},"asset":{"__uuid__":"qzmjmja4-1fd9-47cd-9e40-7e2e2b9757b9"},"fileId":"4e09byWHdRHFbpCBkKeVUB+"},"_contentSize":{"__type__":"cc.Size","width":73,"height":73},"_trs":{"__type__":"TypedArray","ctor":"Float64Array","array":[-344,-114,0,0,0,0,1,1,1,1]}},{"__type__":"cc.Node","_name":"name","_parent":{"__id__":10},"_components":[{"__type__":"cc.Label","node":{"__id__":12},"_useOriginalSize":false,"_string":"镇江棋牌","_N$string":"镇江棋牌","_fontSize":26,"_lineHeight":30,"_N$file":{"__uuid__":"qzmjmj1e-650d-4484-9e24-10ffc791e225"},"_isSystemFontUsed":false,"_N$horizontalAlign":1,"_N$verticalAlign":1}],"_prefab":{"__type__":"cc.PrefabInfo","root":{"__id__":1},"asset":{"__uuid__":"qzmjmja4-1fd9-47cd-9e40-7e2e2b9757b9"},"fileId":"1730flx8+1DMKKS7+oPlRNz"},"_contentSize":{"__type__":"cc.Size","width":104,"height":30},"_anchorPoint":{"__type__":"cc.Vec2","y":0.5},"_trs":{"__type__":"TypedArray","ctor":"Float64Array","array":[-298.4,-95,0,0,0,0,1,1,1,1]}},{"__type__":"cc.Node","_name":"huname","_parent":{"__id__":10},"_components":[{"__type__":"cc.Label","node":{"__id__":13},"_useOriginalSize":false,"_string":"游金   +9","_N$string":"游金   +9","_fontSize":26,"_lineHeight":30,"_N$file":{"__uuid__":"qzmjmj1e-650d-4484-9e24-10ffc791e225"},"_isSystemFontUsed":false,"_N$horizontalAlign":1,"_N$verticalAlign":1}],"_prefab":{"__type__":"cc.PrefabInfo","root":{"__id__":1},"asset":{"__uuid__":"qzmjmja4-1fd9-47cd-9e40-7e2e2b9757b9"},"fileId":"4763698DotF6aUBVCuEGqoQ"},"_color":{"__type__":"cc.Color","r":255,"g":248,"b":44},"_contentSize":{"__type__":"cc.Size","width":103.09,"height":30},"_anchorPoint":{"__type__":"cc.Vec2","y":0.5},"_trs":{"__type__":"TypedArray","ctor":"Float64Array","array":[-298.4,-132.4,0,0,0,0,1,1,1,1]}},{"__type__":"cc.Node","_name":"paixing","_parent":{"__id__":1},"_children":[{"__id__":15},{"__id__":21}],"_prefab":{"__type__":"cc.PrefabInfo","root":{"__id__":1},"asset":{"__uuid__":"qzmjmja4-1fd9-47cd-9e40-7e2e2b9757b9"},"fileId":"786f6TjbjlF2qgFJTSwUTPZ"},"_trs":{"__type__":"TypedArray","ctor":"Float64Array","array":[0,-96,0,0,0,0,1,1,1,1]}},{"__type__":"cc.Node","_name":"downcard","_parent":{"__id__":14},"_children":[{"__id__":16}],"_components":[{"__type__":"cc.Layout","node":{"__id__":15},"_layoutSize":{"__type__":"cc.Size","width":245,"height":120},"_resize":1,"_N$layoutType":1,"_N$spacingX":5},{"__type__":"qzmjmj4b-140d-4a29-af82-be69e76160e8","node":{"__id__":15},"JS_Name":"xymj_BaseComponent"}],"_prefab":{"__type__":"cc.PrefabInfo","root":{"__id__":1},"asset":{"__uuid__":"qzmjmja4-1fd9-47cd-9e40-7e2e2b9757b9"},"fileId":"ac11fLAhuFL0Y4CzUKBQ9G+"},"_contentSize":{"__type__":"cc.Size","width":245,"height":120},"_anchorPoint":{"__type__":"cc.Vec2","y":0.5},"_trs":{"__type__":"TypedArray","ctor":"Float64Array","array":[-383,-43,0,0,0,0,1,0.5,0.5,1]}},{"__type__":"cc.Node","_name":"down01","_parent":{"__id__":15},"_children":[{"__id__":17},{"__id__":18},{"__id__":19},{"__id__":20}],"_prefab":{"__type__":"cc.PrefabInfo","root":{"__id__":1},"asset":{"__uuid__":"qzmjmja4-1fd9-47cd-9e40-7e2e2b9757b9"},"fileId":"84b56crhp5DRbEpuNeqtZC7"},"_contentSize":{"__type__":"cc.Size","width":245,"height":118},"_trs":{"__type__":"TypedArray","ctor":"Float64Array","array":[122.5,0,0,0,0,0,1,1,1,1]}},{"__type__":"cc.Node","_name":"card01","_parent":{"__id__":16},"_components":[{"__type__":"cc.Sprite","node":{"__id__":17},"_spriteFrame":{"__uuid__":"qzmjmj7d-d077-4e42-ac80-228ec758c4f0"}}],"_prefab":{"__type__":"cc.PrefabInfo","root":{"__id__":1},"asset":{"__uuid__":"qzmjmja4-1fd9-47cd-9e40-7e2e2b9757b9"},"fileId":"1d25e61ugJEa5MG45PKcRvy"},"_contentSize":{"__type__":"cc.Size","width":47,"height":76},"_trs":{"__type__":"TypedArray","ctor":"Float64Array","array":[-76,0,0,0,0,0,1,1.7,1.7,1]}},{"__type__":"cc.Node","_name":"card02","_parent":{"__id__":16},"_components":[{"__type__":"cc.Sprite","node":{"__id__":18},"_spriteFrame":{"__uuid__":"qzmjmj7d-d077-4e42-ac80-228ec758c4f0"}}],"_prefab":{"__type__":"cc.PrefabInfo","root":{"__id__":1},"asset":{"__uuid__":"qzmjmja4-1fd9-47cd-9e40-7e2e2b9757b9"},"fileId":"f72f6MLSe5AUZ9fxBKCKooW"},"_contentSize":{"__type__":"cc.Size","width":47,"height":76},"_trs":{"__type__":"TypedArray","ctor":"Float64Array","array":[5,0,0,0,0,0,1,1.7,1.7,1]}},{"__type__":"cc.Node","_name":"card03","_parent":{"__id__":16},"_components":[{"__type__":"cc.Sprite","node":{"__id__":19},"_spriteFrame":{"__uuid__":"qzmjmj7d-d077-4e42-ac80-228ec758c4f0"}}],"_prefab":{"__type__":"cc.PrefabInfo","root":{"__id__":1},"asset":{"__uuid__":"qzmjmja4-1fd9-47cd-9e40-7e2e2b9757b9"},"fileId":"493dbz3x7ZBqLhqKQswf4P8"},"_contentSize":{"__type__":"cc.Size","width":47,"height":76},"_trs":{"__type__":"TypedArray","ctor":"Float64Array","array":[86,0,0,0,0,0,1,1.7,1.7,1]}},{"__type__":"cc.Node","_name":"card04","_parent":{"__id__":16},"_components":[{"__type__":"cc.Sprite","node":{"__id__":20},"_spriteFrame":{"__uuid__":"qzmjmj7d-d077-4e42-ac80-228ec758c4f0"}}],"_prefab":{"__type__":"cc.PrefabInfo","root":{"__id__":1},"asset":{"__uuid__":"qzmjmja4-1fd9-47cd-9e40-7e2e2b9757b9"},"fileId":"ce678Ke9shNbYBJR2M6mKZq"},"_contentSize":{"__type__":"cc.Size","width":47,"height":76},"_trs":{"__type__":"TypedArray","ctor":"Float64Array","array":[5,18,0,0,0,0,1,1.7,1.7,1]}},{"__type__":"cc.Node","_name":"showcard","_parent":{"__id__":14},"_children":[{"__id__":22},{"__id__":23}],"_components":[{"__type__":"cc.Layout","node":{"__id__":21},"_layoutSize":{"__type__":"cc.Size","width":1455,"height":120},"_N$layoutType":1,"_N$spacingX":33,"_N$horizontalDirection":1},{"__type__":"qzmjmj8c-5cbd-4026-b214-12ddf5725c3a","node":{"__id__":21},"JS_Name":"xymj_BaseComponent","sp_in":{"__id__":22}}],"_prefab":{"__type__":"cc.PrefabInfo","root":{"__id__":1},"asset":{"__uuid__":"qzmjmja4-1fd9-47cd-9e40-7e2e2b9757b9"},"fileId":"37c4eBJoqxOYYopQ1KEMTO3"},"_contentSize":{"__type__":"cc.Size","width":1455,"height":120},"_anchorPoint":{"__type__":"cc.Vec2","x":1,"y":0.5},"_trs":{"__type__":"TypedArray","ctor":"Float64Array","array":[377,-43,0,0,0,0,1,0.5,0.5,1]}},{"__type__":"cc.Node","_name":"sp_in","_parent":{"__id__":21},"_components":[{"__type__":"cc.Sprite","node":{"__id__":22},"_spriteFrame":{"__uuid__":"qzmjmj7d-d077-4e42-ac80-228ec758c4f0"}}],"_prefab":{"__type__":"cc.PrefabInfo","root":{"__id__":1},"asset":{"__uuid__":"qzmjmja4-1fd9-47cd-9e40-7e2e2b9757b9"},"fileId":"389eaolZPRAjq8S2333pUcX"},"_contentSize":{"__type__":"cc.Size","width":47,"height":76},"_trs":{"__type__":"TypedArray","ctor":"Float64Array","array":[-23.5,2.2,0,0,0,0,1,1.7,1.7,1]}},{"__type__":"cc.Node","_name":"empty","_parent":{"__id__":21},"_components":[{"__type__":"cc.Sprite","node":{"__id__":23}}],"_prefab":{"__type__":"cc.PrefabInfo","root":{"__id__":1},"asset":{"__uuid__":"qzmjmja4-1fd9-47cd-9e40-7e2e2b9757b9"},"fileId":"7518cGPaVJLTLWpwYRaZc6+"},"_contentSize":{"__type__":"cc.Size","width":10,"height":118},"_trs":{"__type__":"TypedArray","ctor":"Float64Array","array":[-85,0,0,0,0,0,1,1,1,1]}}],{"__type__":"cc.SpriteFrame","content":{"name":"morentouxiang","texture":"qzmjmj52-0393-4ea1-84d8-1bdd3044f177","rect":[0,0,60,60],"offset":[0,0],"originalSize":[60,60],"capInsets":[0,0,0,0]}}]