[{"__type__":"cc.AnimationClip","_name":"toudaAction","_duration":0.7666666666666667,"curveData":{"comps":{"cc.Sprite":{"spriteFrame":[{"frame":0,"value":{"__uuid__":"qzmjmj40-5a07-415c-a4bc-af365a8599d8"}},{"frame":0.08333333333333333,"value":{"__uuid__":"qzmjmj39-ac88-4bc9-b775-2026c9e65e26"}},{"frame":0.16666666666666666,"value":{"__uuid__":"qzmjmj31-2f2f-4f15-bc21-b04a6390b90f"}},{"frame":0.25,"value":{"__uuid__":"qzmjmjac-b24d-4e55-a333-4dc579655760"}},{"frame":0.3333333333333333,"value":{"__uuid__":"qzmjmj6a-4499-435f-8c21-d14cad1e089a"}},{"frame":0.4166666666666667,"value":{"__uuid__":"qzmjmj44-982c-49e9-91cf-ac6b33c7027a"}},{"frame":0.5,"value":{"__uuid__":"qzmjmj91-a0d7-4fb2-a5a1-c16618252493"}},{"frame":0.5833333333333334,"value":{"__uuid__":"qzmjmjab-6a8c-422c-b1d3-b4a6629c25b5"}},{"frame":0.6666666666666666,"value":{"__uuid__":"qzmjmj74-fbe4-4133-ac23-113e041dcde4"}},{"frame":0.75,"value":{"__uuid__":"qzmjmjd1-7974-4262-8d6c-ca23126ae9a7"}}]}}}},{"__type__":"cc.SpriteFrame","content":{"name":"ani_03","texture":"qzmjmj57-65e1-4c78-a003-e038e601bfc0","rect":[73,43,525,298],"offset":[0,-4],"originalSize":[671,376],"capInsets":[0,0,0,0]}},{"__type__":"cc.SpriteFrame","content":{"name":"ani_02","texture":"qzmjmj94-1b0f-46bc-a153-dc88a9b2a5e1","rect":[2,2,660,372],"offset":[-3.5,0],"originalSize":[671,376],"capInsets":[0,0,0,0]}},{"__type__":"cc.SpriteFrame","content":{"name":"ani_01","texture":"qzmjmj2c-93c7-4e8c-a4f9-e2031c7a6ede","rect":[41,25,586,328],"offset":[-1.5,-1],"originalSize":[671,376],"capInsets":[0,0,0,0]}},{"__type__":"cc.SpriteFrame","content":{"name":"ani_06","texture":"qzmjmjb1-3551-43bf-952f-f88021aa1dd1","rect":[124,71,423,241],"offset":[0,-3.5],"originalSize":[671,376],"capInsets":[0,0,0,0]}},{"__type__":"cc.SpriteFrame","content":{"name":"ani_05","texture":"qzmjmj1b-f84f-4ceb-bec5-d731eef39ad9","rect":[150,86,371,212],"offset":[0,-4],"originalSize":[671,376],"capInsets":[0,0,0,0]}},{"__type__":"cc.SpriteFrame","content":{"name":"ani_09","texture":"qzmjmjcd-5653-4e53-ae0d-1832eb89c0c0","rect":[67,38,534,301],"offset":[-1.5,-0.5],"originalSize":[671,376],"capInsets":[0,0,0,0]}},{"__type__":"cc.SpriteFrame","content":{"name":"ani_07","texture":"qzmjmj35-8edb-4488-9686-93ef38d84145","rect":[113,66,439,246],"offset":[-3,-1],"originalSize":[671,376],"capInsets":[0,0,0,0]}},{"__type__":"cc.SpriteFrame","content":{"name":"ani_08","texture":"qzmjmj4c-eb7d-4b2b-80df-0b87034b631f","rect":[96,56,475,266],"offset":[-2,-1],"originalSize":[671,376],"capInsets":[0,0,0,0]}},{"__type__":"cc.SpriteFrame","content":{"name":"ani_04","texture":"qzmjmjc2-04d5-4ced-b0ce-7cecd1c40add","rect":[143,82,385,219],"offset":[0,-3.5],"originalSize":[671,376],"capInsets":[0,0,0,0]}},{"__type__":"cc.SpriteFrame","content":{"name":"ani_10","texture":"qzmjmj4e-3d98-4d47-8272-b4a29bf4b9b1","rect":[176,74,301,195],"offset":[-9,16.5],"originalSize":[671,376],"capInsets":[0,0,0,0]}}]