[[{"__type__":"cc.Prefab","_name":"peng","data":{"__id__":1}},{"__type__":"cc.Node","_name":"peng","_components":[{"__type__":"cc.Sprite","node":{"__id__":1},"_spriteFrame":{"__uuid__":"qzmjmj6f-c28f-4226-98f5-a4e9142778f6"},"_sizeMode":2,"_isTrimmedMode":false},{"__type__":"cc.Animation","node":{"__id__":1},"_defaultClip":{"__uuid__":"qzmjmj8e-ea30-44b5-ba98-f7849af64c69"},"_clips":[{"__uuid__":"qzmjmj8e-ea30-44b5-ba98-f7849af64c69"}]},{"__type__":"qzmjmja3-f7f6-43f3-bc26-19a21c44bee8","node":{"__id__":1}}],"_prefab":{"__type__":"cc.PrefabInfo","root":{"__id__":1},"asset":{"__uuid__":"qzmjmj4c-f5d9-4738-9de3-88004c194fe1"},"fileId":"ab53dnmTb9Mlr5ffofH03Ar"},"_contentSize":{"__type__":"cc.Size","width":454,"height":449},"_trs":{"__type__":"TypedArray","ctor":"Float64Array","array":[0,0,0,0,0,0,1,0.5,0.5,1]}}],{"__type__":"cc.SpriteFrame","content":{"name":"ani_01","texture":"1f52da7ea","rect":[2,2,353,301],"offset":[-1.5,-19],"originalSize":[454,449],"capInsets":[0,0,0,0]}}]