[{"__type__":"cc.SpriteFrame","content":{"name":"default_btn_disabled","texture":"71VhFCTINJM6/Ky3oX9nBT","rect":[0,0,40,40],"offset":[0,0],"originalSize":[40,40],"capInsets":[12,12,12,12]}},{"__type__":"cc.SpriteFrame","content":{"name":"default_btn_pressed","texture":"b4P/PCArtIdIH38t6mlw8Y","rect":[0,0,40,40],"offset":[0,0],"originalSize":[40,40],"capInsets":[12,12,12,12]}},{"__type__":"cc.SpriteFrame","content":{"name":"btn_trusteeship","texture":"qzmjmjba-591e-4cc0-ae63-77ba08693105","rect":[0,3,116,55],"offset":[0,3],"originalSize":[116,67],"capInsets":[0,0,0,0]}},{"__type__":"cc.SpriteFrame","content":{"name":"btn_return","texture":"qzmjmj42-3ab3-450d-9115-ef250ea43a15","rect":[4,3,111,57],"offset":[1.5,2],"originalSize":[116,67],"capInsets":[0,0,0,0]}},{"__type__":"cc.SpriteFrame","content":{"name":"btn_setting","texture":"qzmjmj6f-b828-4ffe-8f5f-f1befd8e29d2","rect":[4,0,112,62],"offset":[2,2.5],"originalSize":[116,67],"capInsets":[0,0,0,0]}},{"__type__":"cc.SpriteFrame","content":{"name":"btn_gps","texture":"qzmjmjf6-309f-4adf-8cd8-c9176fb4f913","rect":[1,2,82,83],"offset":[0,-0.5],"originalSize":[84,86],"capInsets":[0,0,0,0]}},{"__type__":"cc.SpriteFrame","content":{"name":"btn_record","texture":"qzmjmj0f-f183-43c5-85b6-dfb896dcbc76","rect":[1,1,115,66],"offset":[0.5,-0.5],"originalSize":[116,67],"capInsets":[0,0,0,0]}},{"__type__":"cc.SpriteFrame","content":{"name":"btn_help","texture":"qzmjmj9b-6bd9-44da-986b-4d232e9de111","rect":[1,1,106,63],"offset":[-4,1],"originalSize":[116,67],"capInsets":[0,0,0,0]}},[{"__type__":"cc.Prefab","_name":"qzmj_UIMore","data":{"__id__":1}},{"__type__":"cc.Node","_name":"xymj_UIMore","_children":[{"__id__":2},{"__id__":8},{"__id__":10},{"__id__":12},{"__id__":13},{"__id__":14},{"__id__":15},{"__id__":21}],"_components":[{"__type__":"cc.Widget","node":{"__id__":1},"alignMode":0,"_alignFlags":37,"_top":-10,"_bottom":10},{"__type__":"qzmjmjfd-78b4-4cd7-9440-ae620c75a8bc","node":{"__id__":1},"JS_Name":"xymj_BaseComponent","gongnengbeijing":{"__id__":13},"btn_autoplay":{"__id__":19},"btn_shezhi":{"__id__":16},"btn_jiesan":{"__id__":20},"btn_record":{"__id__":17},"btn_help":{"__id__":18},"btn_moreshou":{"__id__":14},"btn_information":{"__id__":7},"now_day":{"__id__":9},"now_time":{"__id__":11},"room_data":{"__id__":2},"giftPrefabs":[{"__uuid__":"qzmjmjf1-9446-4574-9193-312e0dc4c6d5"},{"__uuid__":"qzmjmj97-5b71-492a-914b-e20880d2dbb1"},{"__uuid__":"qzmjmj91-fb87-49ce-a07e-53ff9c80516d"},{"__uuid__":"qzmjmjb7-abac-46d5-8c03-e28e343baf22"},{"__uuid__":"qzmjmj4d-c837-44b6-8178-806095e86ea7"},{"__uuid__":"qzmjmja1-93e2-43a9-a8ef-9d1018c57316"},{"__uuid__":"qzmjmje5-96ec-465c-8606-90feefa2c68f"}],"giftNode":{"__id__":21}}],"_prefab":{"__type__":"cc.PrefabInfo","root":{"__id__":1},"asset":{"__uuid__":"qzmjmj8a-6af4-43bb-95d2-3877aa49c8b6"},"fileId":"ccb861JeAlN9qZDs8sV+IiA"},"_contentSize":{"__type__":"cc.Size","width":153,"height":760},"_trs":{"__type__":"TypedArray","ctor":"Float64Array","array":[1283.5,390,0,0,0,0,1,1,1,1]}},{"__type__":"cc.Node","_name":"room_data","_parent":{"__id__":1},"_children":[{"__id__":3},{"__id__":4},{"__id__":5},{"__id__":6},{"__id__":7}],"_components":[{"__type__":"cc.Layout","node":{"__id__":2},"_layoutSize":{"__type__":"cc.Size","width":300,"height":144},"_resize":1,"_N$layoutType":2,"_N$spacingY":5}],"_prefab":{"__type__":"cc.PrefabInfo","root":{"__id__":1},"asset":{"__uuid__":"qzmjmj8a-6af4-43bb-95d2-3877aa49c8b6"},"fileId":"f10e4bNiqdLcKMh9ImP7KQG"},"_contentSize":{"__type__":"cc.Size","width":300,"height":144},"_trs":{"__type__":"TypedArray","ctor":"Float64Array","array":[-1253,265,0,0,0,0,1,1,1,1]}},{"__type__":"cc.Node","_name":"label0","_parent":{"__id__":2},"_components":[{"__type__":"cc.Label","node":{"__id__":3},"_useOriginalSize":false,"_string":"庄位：通比拼十","_N$string":"庄位：通比拼十","_fontSize":20,"_lineHeight":20,"_N$file":{"__uuid__":"qzmjmj1e-650d-4484-9e24-10ffc791e225"},"_isSystemFontUsed":false,"_N$verticalAlign":1}],"_prefab":{"__type__":"cc.PrefabInfo","root":{"__id__":1},"asset":{"__uuid__":"qzmjmj8a-6af4-43bb-95d2-3877aa49c8b6"},"fileId":"eeea3MEf21D5JJpNQ90TM4N"},"_contentSize":{"__type__":"cc.Size","width":140,"height":20},"_anchorPoint":{"__type__":"cc.Vec2","y":0.5},"_trs":{"__type__":"TypedArray","ctor":"Float64Array","array":[65,62,0,0,0,0,1,1,1,1]}},{"__type__":"cc.Node","_name":"label1","_parent":{"__id__":2},"_components":[{"__type__":"cc.Label","node":{"__id__":4},"_useOriginalSize":false,"_string":"庄数：1/8","_N$string":"庄数：1/8","_fontSize":20,"_lineHeight":20,"_N$file":{"__uuid__":"qzmjmj1e-650d-4484-9e24-10ffc791e225"},"_isSystemFontUsed":false,"_N$verticalAlign":1}],"_prefab":{"__type__":"cc.PrefabInfo","root":{"__id__":1},"asset":{"__uuid__":"qzmjmj8a-6af4-43bb-95d2-3877aa49c8b6"},"fileId":"49aa0e45/hLR5HIw+FVbB2k"},"_contentSize":{"__type__":"cc.Size","width":86.88,"height":20},"_anchorPoint":{"__type__":"cc.Vec2","y":0.5},"_trs":{"__type__":"TypedArray","ctor":"Float64Array","array":[65,37,0,0,0,0,1,1,1,1]}},{"__type__":"cc.Node","_name":"label2","_parent":{"__id__":2},"_components":[{"__type__":"cc.Label","node":{"__id__":5},"_useOriginalSize":false,"_string":"房间号：999999","_N$string":"房间号：999999","_fontSize":20,"_lineHeight":20,"_N$file":{"__uuid__":"qzmjmj1e-650d-4484-9e24-10ffc791e225"},"_isSystemFontUsed":false,"_N$verticalAlign":1}],"_prefab":{"__type__":"cc.PrefabInfo","root":{"__id__":1},"asset":{"__uuid__":"qzmjmj8a-6af4-43bb-95d2-3877aa49c8b6"},"fileId":"fb127toMFZFVI84F+6AfSlb"},"_contentSize":{"__type__":"cc.Size","width":148.44,"height":20},"_anchorPoint":{"__type__":"cc.Vec2","y":0.5},"_trs":{"__type__":"TypedArray","ctor":"Float64Array","array":[65,12,0,0,0,0,1,1,1,1]}},{"__type__":"cc.Node","_name":"label3","_parent":{"__id__":2},"_components":[{"__type__":"cc.Label","node":{"__id__":6},"_useOriginalSize":false,"_string":"房间号：999999","_N$string":"房间号：999999","_fontSize":20,"_lineHeight":20,"_N$file":{"__uuid__":"qzmjmj1e-650d-4484-9e24-10ffc791e225"},"_isSystemFontUsed":false,"_N$verticalAlign":1}],"_prefab":{"__type__":"cc.PrefabInfo","root":{"__id__":1},"asset":{"__uuid__":"qzmjmj8a-6af4-43bb-95d2-3877aa49c8b6"},"fileId":"ac4baGDCNFGMZldfReGJCwh"},"_contentSize":{"__type__":"cc.Size","width":148.44,"height":20},"_anchorPoint":{"__type__":"cc.Vec2","y":0.5},"_trs":{"__type__":"TypedArray","ctor":"Float64Array","array":[65,-13,0,0,0,0,1,1,1,1]}},{"__type__":"cc.Node","_name":"btn_information","_parent":{"__id__":2},"_components":[{"__type__":"cc.Sprite","node":{"__id__":7},"_spriteFrame":{"__uuid__":"qzmjmj8a-927c-4492-9f31-7e5f03c4b609"}},{"__type__":"cc.Button","node":{"__id__":7},"zoomScale":0.9,"clickEvents":[{"__type__":"cc.ClickEvent","target":{"__id__":1},"_componentId":"qzmjmjfd-78b4-4cd7-9440-ae620c75a8bc","handler":"OnClick_BtnWnd"}],"_N$transition":3,"transition":3,"_N$normalColor":{"__type__":"cc.Color","r":214,"g":214,"b":214},"_N$target":{"__id__":7}}],"_prefab":{"__type__":"cc.PrefabInfo","root":{"__id__":1},"asset":{"__uuid__":"qzmjmj8a-6af4-43bb-95d2-3877aa49c8b6"},"fileId":"e92caizHJ1LXItl1XJAoWVV"},"_contentSize":{"__type__":"cc.Size","width":44,"height":44},"_trs":{"__type__":"TypedArray","ctor":"Float64Array","array":[81.3,-50,0,0,0,0,1,0.7,0.7,1]},"_eulerAngles":{"__type__":"cc.Vec3","z":-90}},{"__type__":"cc.Node","_name":"nowday","_parent":{"__id__":1},"_components":[{"__id__":9}],"_prefab":{"__type__":"cc.PrefabInfo","root":{"__id__":1},"asset":{"__uuid__":"qzmjmj8a-6af4-43bb-95d2-3877aa49c8b6"},"fileId":"7afd3qjg45P+r/LwwXayKp6"},"_contentSize":{"__type__":"cc.Size","width":53.52,"height":20},"_trs":{"__type__":"TypedArray","ctor":"Float64Array","array":[0.3,246.4,0,0,0,0,1,1,1,1]}},{"__type__":"cc.Label","node":{"__id__":8},"_useOriginalSize":false,"_string":"08-10","_N$string":"08-10","_fontSize":20,"_lineHeight":20,"_N$file":{"__uuid__":"qzmjmj1e-650d-4484-9e24-10ffc791e225"},"_isSystemFontUsed":false,"_N$horizontalAlign":1,"_N$verticalAlign":1},{"__type__":"cc.Node","_name":"nowtime","_parent":{"__id__":1},"_components":[{"__id__":11}],"_prefab":{"__type__":"cc.PrefabInfo","root":{"__id__":1},"asset":{"__uuid__":"qzmjmj8a-6af4-43bb-95d2-3877aa49c8b6"},"fileId":"e5eb4pfP0hKxK62O6vYq3Lw"},"_contentSize":{"__type__":"cc.Size","width":46.88,"height":20},"_trs":{"__type__":"TypedArray","ctor":"Float64Array","array":[0.3,226.2,0,0,0,0,1,1,1,1]}},{"__type__":"cc.Label","node":{"__id__":10},"_useOriginalSize":false,"_string":"15:30","_N$string":"15:30","_fontSize":20,"_lineHeight":20,"_N$file":{"__uuid__":"qzmjmj1e-650d-4484-9e24-10ffc791e225"},"_isSystemFontUsed":false,"_N$horizontalAlign":1,"_N$verticalAlign":1},{"__type__":"cc.Node","_name":"btn_gps","_parent":{"__id__":1},"_components":[{"__type__":"cc.Sprite","node":{"__id__":12},"_spriteFrame":{"__uuid__":"qzmjmj64-5103-486c-9c34-0040d62b0aa1"},"_sizeMode":2},{"__type__":"cc.Button","node":{"__id__":12},"zoomScale":0.9,"clickEvents":[{"__type__":"cc.ClickEvent","target":{"__id__":1},"_componentId":"qzmjmjfd-78b4-4cd7-9440-ae620c75a8bc","handler":"OnClick_BtnWnd"}],"_N$transition":3,"transition":3,"_N$normalColor":{"__type__":"cc.Color","r":214,"g":214,"b":214},"_N$target":{"__id__":12}}],"_prefab":{"__type__":"cc.PrefabInfo","root":{"__id__":1},"asset":{"__uuid__":"qzmjmj8a-6af4-43bb-95d2-3877aa49c8b6"},"fileId":"f110af1/X9NDZGmlvZojKmC"},"_contentSize":{"__type__":"cc.Size","width":84,"height":86},"_trs":{"__type__":"TypedArray","ctor":"Float64Array","array":[0,15.3,0,0,0,0,1,0.8,0.8,1]}},{"__type__":"cc.Node","_name":"gongnengbeijing","_parent":{"__id__":1},"_components":[{"__type__":"cc.Sprite","node":{"__id__":13},"_spriteFrame":{"__uuid__":"qzmjmjd6-c575-4152-9240-ccd60e80fd0d"},"_type":1,"_sizeMode":0},{"__type__":"cc.Widget","node":{"__id__":13},"alignMode":0,"_alignFlags":5,"_top":-38.75,"_bottom":-38.75,"_originalHeight":164},{"__type__":"cc.Button","node":{"__id__":13},"clickEvents":[{"__type__":"cc.ClickEvent","target":{"__id__":1},"handler":"OnClick_BtnWnd"}],"_N$normalColor":{"__type__":"cc.Color","r":214,"g":214,"b":214},"_N$target":{"__id__":13}}],"_prefab":{"__type__":"cc.PrefabInfo","root":{"__id__":1},"asset":{"__uuid__":"qzmjmj8a-6af4-43bb-95d2-3877aa49c8b6"},"fileId":"dfb3fhm/6JAjaats/HIT2CL"},"_contentSize":{"__type__":"cc.Size","width":153,"height":837.5},"_trs":{"__type__":"TypedArray","ctor":"Float64Array","array":[-5,0,0,0,0,0,1,-1,1,1]}},{"__type__":"cc.Node","_name":"btn_moreshou","_parent":{"__id__":1},"_components":[{"__type__":"cc.Sprite","node":{"__id__":14},"_spriteFrame":{"__uuid__":"qzmjmjf1-e180-45f0-a4b9-e6534d2a7a43"},"_sizeMode":0},{"__type__":"cc.Button","node":{"__id__":14},"zoomScale":0.9,"clickEvents":[{"__type__":"cc.ClickEvent","target":{"__id__":1},"_componentId":"qzmjmjfd-78b4-4cd7-9440-ae620c75a8bc","handler":"OnClick_BtnWnd"}],"_N$transition":3,"transition":3,"_N$normalColor":{"__type__":"cc.Color","r":214,"g":214,"b":214},"_N$target":{"__id__":14}}],"_prefab":{"__type__":"cc.PrefabInfo","root":{"__id__":1},"asset":{"__uuid__":"qzmjmj8a-6af4-43bb-95d2-3877aa49c8b6"},"fileId":"3b92ffGA99OCICEnMJAR/Hw"},"_contentSize":{"__type__":"cc.Size","width":79,"height":78},"_trs":{"__type__":"TypedArray","ctor":"Float64Array","array":[0,295.9,0,0,0,0,1,1,1,1]}},{"__type__":"cc.Node","_name":"layout","_parent":{"__id__":1},"_children":[{"__id__":16},{"__id__":17},{"__id__":18},{"__id__":19},{"__id__":20}],"_components":[{"__type__":"cc.Layout","node":{"__id__":15},"_layoutSize":{"__type__":"cc.Size","width":153,"height":233},"_N$layoutType":2,"_N$spacingY":45}],"_prefab":{"__type__":"cc.PrefabInfo","root":{"__id__":1},"asset":{"__uuid__":"qzmjmj8a-6af4-43bb-95d2-3877aa49c8b6"},"fileId":"04a23X2Y51H56GFrpTmYWES"},"_contentSize":{"__type__":"cc.Size","width":153,"height":233},"_anchorPoint":{"__type__":"cc.Vec2","x":0.5,"y":1},"_trs":{"__type__":"TypedArray","ctor":"Float64Array","array":[-24.6,220.6,0,0,0,0,1,1,1,1]}},{"__type__":"cc.Node","_name":"btn_shezhi","_parent":{"__id__":15},"_components":[{"__type__":"cc.Sprite","node":{"__id__":16},"_spriteFrame":{"__uuid__":"qzmjmj5f-e136-4da5-874c-7edc04937781"},"_sizeMode":2},{"__type__":"cc.Button","node":{"__id__":16},"zoomScale":0.9,"clickEvents":[{"__type__":"cc.ClickEvent","target":{"__id__":1},"_componentId":"qzmjmjfd-78b4-4cd7-9440-ae620c75a8bc","handler":"OnClick_BtnWnd"}],"_N$transition":3,"transition":3,"_N$pressedColor":{"__type__":"cc.Color","r":255,"g":255,"b":255},"pressedColor":{"__type__":"cc.Color","r":255,"g":255,"b":255},"_N$disabledColor":{"__type__":"cc.Color","r":255,"g":255,"b":255},"_N$pressedSprite":{"__uuid__":"e97GVMl6JHh5Ml5qEDdSGa"},"pressedSprite":{"__uuid__":"e97GVMl6JHh5Ml5qEDdSGa"},"_N$hoverSprite":{"__uuid__":"e97GVMl6JHh5Ml5qEDdSGa"},"hoverSprite":{"__uuid__":"e97GVMl6JHh5Ml5qEDdSGa"},"_N$disabledSprite":{"__uuid__":"29FYIk+N1GYaeWH/q1NxQO"},"_N$target":{"__id__":16}}],"_prefab":{"__type__":"cc.PrefabInfo","root":{"__id__":1},"asset":{"__uuid__":"qzmjmj8a-6af4-43bb-95d2-3877aa49c8b6"},"fileId":"229c2Khc/BGO5kmgRMssoux"},"_contentSize":{"__type__":"cc.Size","width":116,"height":67},"_trs":{"__type__":"TypedArray","ctor":"Float64Array","array":[0,-33.5,0,0,0,0,1,1,1,1]}},{"__type__":"cc.Node","_name":"btn_record","_parent":{"__id__":15},"_active":false,"_components":[{"__type__":"cc.Sprite","node":{"__id__":17},"_spriteFrame":{"__uuid__":"qzmjmj68-6f5a-41ae-92c2-6eb9187afad4"},"_sizeMode":2},{"__type__":"cc.Button","node":{"__id__":17},"zoomScale":0.9,"clickEvents":[{"__type__":"cc.ClickEvent","target":{"__id__":1},"_componentId":"qzmjmjfd-78b4-4cd7-9440-ae620c75a8bc","handler":"OnClick_BtnWnd"}],"_N$transition":3,"transition":3,"_N$normalColor":{"__type__":"cc.Color","r":214,"g":214,"b":214},"_N$target":{"__id__":17}}],"_prefab":{"__type__":"cc.PrefabInfo","root":{"__id__":1},"asset":{"__uuid__":"qzmjmj8a-6af4-43bb-95d2-3877aa49c8b6"},"fileId":"cbebawzuPNJ2JOV3gB37QYB"},"_contentSize":{"__type__":"cc.Size","width":116,"height":67},"_trs":{"__type__":"TypedArray","ctor":"Float64Array","array":[0,-125.5,0,0,0,0,1,1,1,1]}},{"__type__":"cc.Node","_name":"btn_help","_parent":{"__id__":15},"_active":false,"_components":[{"__type__":"cc.Sprite","node":{"__id__":18},"_spriteFrame":{"__uuid__":"qzmjmj7f-2b41-4c29-80c3-7389d9d91f58"},"_sizeMode":2},{"__type__":"cc.Button","node":{"__id__":18},"zoomScale":0.9,"clickEvents":[{"__type__":"cc.ClickEvent","target":{"__id__":1},"_componentId":"qzmjmjfd-78b4-4cd7-9440-ae620c75a8bc","handler":"OnClick_BtnWnd"}],"_N$transition":3,"transition":3,"_N$normalColor":{"__type__":"cc.Color","r":214,"g":214,"b":214},"_N$target":{"__id__":18}}],"_prefab":{"__type__":"cc.PrefabInfo","root":{"__id__":1},"asset":{"__uuid__":"qzmjmj8a-6af4-43bb-95d2-3877aa49c8b6"},"fileId":"d5a551EbJlLb450NvXzubm0"},"_contentSize":{"__type__":"cc.Size","width":116,"height":67},"_trs":{"__type__":"TypedArray","ctor":"Float64Array","array":[0,-125.5,0,0,0,0,1,1,1,1]}},{"__type__":"cc.Node","_name":"btn_autoPlay","_parent":{"__id__":15},"_components":[{"__type__":"cc.Sprite","node":{"__id__":19},"_spriteFrame":{"__uuid__":"qzmjmj11-db7c-41a3-bdd7-5b0e75107cca"},"_sizeMode":2},{"__type__":"cc.Button","node":{"__id__":19},"zoomScale":0.9,"clickEvents":[{"__type__":"cc.ClickEvent","target":{"__id__":1},"_componentId":"qzmjmjfd-78b4-4cd7-9440-ae620c75a8bc","handler":"OnClick_BtnWnd"}],"_N$transition":3,"transition":3,"_N$normalColor":{"__type__":"cc.Color","r":214,"g":214,"b":214},"_N$target":{"__id__":19}}],"_prefab":{"__type__":"cc.PrefabInfo","root":{"__id__":1},"asset":{"__uuid__":"qzmjmj8a-6af4-43bb-95d2-3877aa49c8b6"},"fileId":"5f018e/3RRHRI8ASJbuwYI2"},"_contentSize":{"__type__":"cc.Size","width":116,"height":67},"_trs":{"__type__":"TypedArray","ctor":"Float64Array","array":[0,-145.5,0,0,0,0,1,1,1,1]}},{"__type__":"cc.Node","_name":"btn_jiesan","_parent":{"__id__":15},"_components":[{"__type__":"cc.Sprite","node":{"__id__":20},"_spriteFrame":{"__uuid__":"qzmjmj4f-d9be-4b10-aa2d-4d2f3e697ac2"},"_sizeMode":2},{"__type__":"cc.Button","node":{"__id__":20},"zoomScale":0.9,"clickEvents":[{"__type__":"cc.ClickEvent","target":{"__id__":1},"_componentId":"qzmjmjfd-78b4-4cd7-9440-ae620c75a8bc","handler":"OnClick_BtnWnd"}],"_N$transition":3,"transition":3,"_N$normalColor":{"__type__":"cc.Color","r":214,"g":214,"b":214},"_N$target":{"__id__":20}}],"_prefab":{"__type__":"cc.PrefabInfo","root":{"__id__":1},"asset":{"__uuid__":"qzmjmj8a-6af4-43bb-95d2-3877aa49c8b6"},"fileId":"b4317AhvZRGD7qvdzexNTli"},"_contentSize":{"__type__":"cc.Size","width":116,"height":67},"_trs":{"__type__":"TypedArray","ctor":"Float64Array","array":[0,-257.5,0,0,0,0,1,1,1,1]}},{"__type__":"cc.Node","_name":"giftNode","_parent":{"__id__":1},"_prefab":{"__type__":"cc.PrefabInfo","root":{"__id__":1},"asset":{"__uuid__":"qzmjmj8a-6af4-43bb-95d2-3877aa49c8b6"},"fileId":"73a10ZZYY5GPqIbswIcIqwI"},"_trs":{"__type__":"TypedArray","ctor":"Float64Array","array":[0,0,0,0,0,0,1,1,1,1]}}],{"__type__":"cc.SpriteFrame","content":{"name":"btn_information_more","texture":"qzmjmj28-59c8-4476-9be5-23b67e943539","rect":[0,0,44,44],"offset":[0,0],"originalSize":[44,44],"capInsets":[0,0,0,0]}},{"__type__":"cc.SpriteFrame","content":{"name":"gongnengbeijing","texture":"qzmjmjfb-bbc8-47c1-be1f-98790b97eb72","rect":[0,0,153,164],"offset":[0,0],"originalSize":[153,164],"capInsets":[0,0,0,0]}},{"__type__":"cc.SpriteFrame","content":{"name":"btn_more","texture":"qzmjmj98-6dd7-498e-89bb-cef4d2750ca2","rect":[0,0,79,78],"offset":[0,0],"originalSize":[79,78],"capInsets":[0,0,0,0]}}]