[{"__type__":"cc.SpriteFrame","content":{"name":"ani_wen_04","texture":"qzmjmj97-042a-4db2-82f6-947beb57b307","rect":[0,0,69,60],"offset":[0,9.5],"originalSize":[69,79],"capInsets":[0,0,0,0]}},{"__type__":"cc.SpriteFrame","content":{"name":"ani_wen_06","texture":"qzmjmj5d-f93f-4e73-b20d-3babc27ea5ad","rect":[3,0,184,154],"offset":[1,1],"originalSize":[188,156],"capInsets":[0,0,0,0]}},{"__type__":"cc.AnimationClip","_name":"xianwenAni","_duration":0.11666666666666667,"speed":0.1,"curveData":{"comps":{"cc.Sprite":{"spriteFrame":[{"frame":0,"value":{"__uuid__":"qzmjmjc0-8ec2-4973-88d3-006645f4fb09"}},{"frame":0.016666666666666666,"value":{"__uuid__":"qzmjmj8d-8f48-49b5-a0a8-7e054e7a9c73"}},{"frame":0.03333333333333333,"value":{"__uuid__":"qzmjmje9-d120-4dfd-9d7d-02ffc10bf8d3"}},{"frame":0.05,"value":{"__uuid__":"qzmjmj1c-532a-4598-81fc-b7123d489220"}},{"frame":0.06666666666666667,"value":{"__uuid__":"qzmjmjd3-a959-4c14-9150-f4296a72433f"}},{"frame":0.08333333333333333,"value":{"__uuid__":"qzmjmj3f-29b2-47a5-aa46-de21673f48ac"}},{"frame":0.1,"value":{"__uuid__":"qzmjmjc8-5ba7-4784-bf15-935b208b4ff9"}}]}}}},{"__type__":"cc.SpriteFrame","content":{"name":"ani_wen_02","texture":"qzmjmj15-e123-404a-8cc0-03a6585df05b","rect":[7,0,95,58],"offset":[3.5,10],"originalSize":[102,78],"capInsets":[0,0,0,0]}},{"__type__":"cc.SpriteFrame","content":{"name":"ani_wen_01","texture":"qzmjmjab-60d4-4890-8bd1-fe7905202e9d","rect":[0,0,115,54],"offset":[-4,11],"originalSize":[123,76],"capInsets":[0,0,0,0]}},{"__type__":"cc.SpriteFrame","content":{"name":"ani_wen_07","texture":"qzmjmj3b-b63d-4278-a71f-90d6c31a93fc","rect":[2,0,185,158],"offset":[0.5,1],"originalSize":[188,160],"capInsets":[0,0,0,0]}},{"__type__":"cc.SpriteFrame","content":{"name":"ani_wen_05","texture":"qzmjmj79-f8d0-41fd-87ae-a9383e0ae18d","rect":[2,1,87,88],"offset":[-0.5,0.5],"originalSize":[92,91],"capInsets":[0,0,0,0]}},{"__type__":"cc.SpriteFrame","content":{"name":"ani_wen_03","texture":"qzmjmj90-385e-408a-b648-657f59069969","rect":[0,0,75,58],"offset":[0,0],"originalSize":[75,58],"capInsets":[0,0,0,0]}}]