[{"__type__":"cc.SpriteFrame","content":{"name":"ani_cjzd_09","texture":"qzmjmj01-7dae-4324-9e7d-cec5e6cb549c","rect":[4,41,1021,291],"offset":[0.5,-20.5],"originalSize":[1028,332],"capInsets":[0,0,0,0]}},{"__type__":"cc.SpriteFrame","content":{"name":"ani_cjzd_01","texture":"qzmjmj91-f35a-4c96-a9cc-ec0c6a9e852c","rect":[210,144,605,160],"offset":[-1.5,-58],"originalSize":[1028,332],"capInsets":[0,0,0,0]}},{"__type__":"cc.SpriteFrame","content":{"name":"ani_cjzd_02","texture":"qzmjmj63-0589-4c7b-a7fe-d41e89a5e987","rect":[134,124,761,196],"offset":[0.5,-56],"originalSize":[1028,332],"capInsets":[0,0,0,0]}},{"__type__":"cc.AnimationClip","_name":"chaojizhadanAction","_duration":0.6833333333333333,"curveData":{"comps":{"cc.Sprite":{"spriteFrame":[{"frame":0,"value":{"__uuid__":"qzmjmj18-19fa-4635-a4b8-d2210f6f6b87"}},{"frame":0.08333333333333333,"value":{"__uuid__":"qzmjmj2b-09ad-4c80-80b8-448840de72e8"}},{"frame":0.16666666666666666,"value":{"__uuid__":"qzmjmj83-11f2-4b97-a896-556c6ed50861"}},{"frame":0.25,"value":{"__uuid__":"qzmjmj79-4cff-49e8-9f14-4646d439670e"}},{"frame":0.3333333333333333,"value":{"__uuid__":"qzmjmj98-da99-4d56-a2b3-fa2438880509"}},{"frame":0.4166666666666667,"value":{"__uuid__":"qzmjmjdd-d855-495e-9938-802b0d029ada"}},{"frame":0.5,"value":{"__uuid__":"qzmjmjf4-e078-4dec-8a08-123466e5463f"}},{"frame":0.5833333333333334,"value":{"__uuid__":"qzmjmjf5-3308-4761-8643-6238b8e98328"}},{"frame":0.6666666666666666,"value":{"__uuid__":"qzmjmj17-9a28-40c7-a869-b9bf0d1bf0dc"}}]}}}},{"__type__":"cc.SpriteFrame","content":{"name":"ani_cjzd_04","texture":"qzmjmja2-de3d-4b16-9f1d-7fd884ad5081","rect":[4,78,1020,254],"offset":[0,-39],"originalSize":[1028,332],"capInsets":[0,0,0,0]}},{"__type__":"cc.SpriteFrame","content":{"name":"ani_cjzd_03","texture":"qzmjmj21-c318-4a5c-bdca-a3ceb1cbc1f0","rect":[11,109,1007,223],"offset":[0.5,-54.5],"originalSize":[1028,332],"capInsets":[0,0,0,0]}},{"__type__":"cc.SpriteFrame","content":{"name":"ani_cjzd_05","texture":"qzmjmj16-1410-467e-bd81-8aa306213509","rect":[4,41,1021,291],"offset":[0.5,-20.5],"originalSize":[1028,332],"capInsets":[0,0,0,0]}},{"__type__":"cc.SpriteFrame","content":{"name":"ani_cjzd_06","texture":"qzmjmjee-997c-4af7-90e4-5afb9ff55800","rect":[4,32,1021,300],"offset":[0.5,-16],"originalSize":[1028,332],"capInsets":[0,0,0,0]}},{"__type__":"cc.SpriteFrame","content":{"name":"ani_cjzd_07","texture":"qzmjmj2a-77a2-4c39-9f65-79d3b2e2f9e2","rect":[4,8,1021,324],"offset":[0.5,-4],"originalSize":[1028,332],"capInsets":[0,0,0,0]}},{"__type__":"cc.SpriteFrame","content":{"name":"ani_cjzd_08","texture":"qzmjmj2e-ea0d-4884-965a-88349a429ad0","rect":[4,0,1021,332],"offset":[0.5,0],"originalSize":[1028,332],"capInsets":[0,0,0,0]}}]