[{"__type__":"cc.SpriteFrame","content":{"name":"3","texture":"196e7595e","rect":[109,2,202,104],"offset":[2.5,0],"originalSize":[297,104],"rotated":1,"capInsets":[0,0,0,0]}},{"__type__":"cc.SpriteFrame","content":{"name":"4","texture":"196e7595e","rect":[2,301,239,103],"offset":[2,-0.5],"originalSize":[297,104],"capInsets":[0,0,0,0]}},{"__type__":"cc.SpriteFrame","content":{"name":"1","texture":"196e7595e","rect":[110,408,175,104],"offset":[3,0],"originalSize":[297,104],"rotated":1,"capInsets":[0,0,0,0]}},{"__type__":"cc.SpriteFrame","content":{"name":"2","texture":"196e7595e","rect":[2,408,184,104],"offset":[2.5,0],"originalSize":[297,104],"rotated":1,"capInsets":[0,0,0,0]}},{"__type__":"cc.SpriteFrame","content":{"name":"5","texture":"196e7595e","rect":[2,2,295,103],"offset":[1,-0.5],"originalSize":[297,104],"rotated":1,"capInsets":[0,0,0,0]}},{"__type__":"cc.AnimationClip","_name":"fenbingAction","_duration":0.6833333333333333,"curveData":{"paths":{"1":{"comps":{"cc.Sprite":{"spriteFrame":[{"frame":0,"value":{"__uuid__":"qzmjmjda-ce1e-4d78-80ef-9688266cb2b9"}},{"frame":0.16666666666666666,"value":{"__uuid__":"qzmjmj1e-d5c8-4cce-a3dc-58524e9debd5"}},{"frame":0.3333333333333333,"value":{"__uuid__":"qzmjmj1e-8f36-40ec-80ec-71c7887ddf5c"}},{"frame":0.5,"value":{"__uuid__":"qzmjmj3f-305f-4553-80cf-22a9d8823300"}},{"frame":0.6666666666666666,"value":{"__uuid__":"qzmjmj27-3957-4ecd-9bd8-863ea59ff196"}}]}}}}}}]