[{"__type__":"cc.SpriteFrame","content":{"name":"default_btn_disabled","texture":"71VhFCTINJM6/Ky3oX9nBT","rect":[0,0,40,40],"offset":[0,0],"originalSize":[40,40],"capInsets":[12,12,12,12]}},{"__type__":"cc.SpriteFrame","content":{"name":"youjin","texture":"75UiKAJwFC0oJVCrceS5bW","rect":[0,0,65,47],"offset":[0,0],"originalSize":[65,47],"capInsets":[0,0,0,0]}},{"__type__":"cc.SpriteFrame","content":{"name":"default_sprite_splash","texture":"02delMVqdBD70a/HSD99FK","rect":[0,0,2,2],"offset":[0,0],"originalSize":[2,2],"capInsets":[0,0,0,0]}},{"__type__":"cc.SpriteFrame","content":{"name":"default_btn_pressed","texture":"b4P/PCArtIdIH38t6mlw8Y","rect":[0,0,40,40],"offset":[0,0],"originalSize":[40,40],"capInsets":[12,12,12,12]}},{"__type__":"cc.SpriteFrame","content":{"name":"btn_sanjin","texture":"qzmjmj23-d764-4977-bc87-443306441ad9","rect":[1,0,201,147],"offset":[-0.5,0.5],"originalSize":[204,148],"capInsets":[0,0,0,0]}},{"__type__":"cc.SpriteFrame","content":{"name":"btn_chi","texture":"qzmjmj3a-97be-401e-9f38-f264fe4cede9","rect":[15,0,172,147],"offset":[-1,0.5],"originalSize":[204,148],"capInsets":[0,0,0,0]}},{"__type__":"cc.SpriteFrame","content":{"name":"btn_hu","texture":"qzmjmj00-892c-40bf-848d-882a828bf3dc","rect":[15,0,172,147],"offset":[-1,0.5],"originalSize":[204,148],"capInsets":[0,0,0,0]}},{"__type__":"cc.SpriteFrame","content":{"name":"icon_jt","texture":"qzmjmj8e-0829-444d-8630-ea2a3c8344df","rect":[1,0,49,51],"offset":[0.5,0],"originalSize":[50,51],"capInsets":[0,0,0,0]}},{"__type__":"cc.SpriteFrame","content":{"name":"btn_ting","texture":"qzmjmjaf-1257-4de1-8076-c2bcdd525383","rect":[15,0,172,147],"offset":[-1,0.5],"originalSize":[204,148],"capInsets":[0,0,0,0]}},[{"__type__":"cc.Prefab","_name":"UIQZMJCard01","data":{"__id__":1}},{"__type__":"cc.Node","_name":"UIQZMJCard01","_children":[{"__id__":2},{"__id__":7},{"__id__":8},{"__id__":18}],"_components":[{"__type__":"qzmjmjac-dccb-4db3-b643-f010c2f1d03f","node":{"__id__":1},"JS_Name":"xymj_BaseComponent","btn_in":{"__id__":2},"card":{"__id__":7},"downcard":{"__id__":8},"sp_tishi":{"__id__":18}}],"_prefab":{"__type__":"cc.PrefabInfo","root":{"__id__":1},"asset":{"__uuid__":"qzmjmj50-5cf3-4f17-ae37-1f9e3bca3bf0"},"fileId":"ff8aauPCDJMRb90S7sb7yzC"},"_contentSize":{"__type__":"cc.Size","width":1360,"height":120},"_trs":{"__type__":"TypedArray","ctor":"Float64Array","array":[0,0,0,0,0,0,1,1,1,1]}},{"__type__":"cc.Node","_name":"btn_in","_parent":{"__id__":1},"_children":[{"__id__":3},{"__id__":4},{"__id__":5},{"__id__":6}],"_prefab":{"__type__":"cc.PrefabInfo","root":{"__id__":1},"asset":{"__uuid__":"qzmjmj50-5cf3-4f17-ae37-1f9e3bca3bf0"},"fileId":"40ab2ArOQFIBr/oVHm7dJ5U"},"_contentSize":{"__type__":"cc.Size","width":84,"height":128},"_trs":{"__type__":"TypedArray","ctor":"Float64Array","array":[545,-30,0,0,0,0,1,1,1,1]}},{"__type__":"cc.Node","_name":"card","_parent":{"__id__":2},"_components":[{"__type__":"cc.Sprite","node":{"__id__":3}},{"__type__":"cc.Animation","node":{"__id__":3},"_clips":[{"__uuid__":"qzmjmjc5-6f3b-4c73-9502-aec8ce78b01b"},{"__uuid__":"qzmjmj18-f3e0-4957-b655-b48559862630"}]},{"__type__":"qzmjmj07-35e6-4d31-b557-06fb0042be9f","node":{"__id__":3},"JS_Name":"xymj_BaseComponent"}],"_prefab":{"__type__":"cc.PrefabInfo","root":{"__id__":1},"asset":{"__uuid__":"qzmjmj50-5cf3-4f17-ae37-1f9e3bca3bf0"},"fileId":"d29de2TB+JKprwjqNmEr//6"},"_contentSize":{"__type__":"cc.Size","width":84,"height":128},"_trs":{"__type__":"TypedArray","ctor":"Float64Array","array":[0,30,0,0,0,0,1,1,1,1]}},{"__type__":"cc.Node","_name":"lock","_parent":{"__id__":2},"_active":false,"_components":[{"__type__":"cc.Sprite","node":{"__id__":4},"_spriteFrame":{"__uuid__":"a2MjXRFdtLlYQ5ouAFv/+R"},"_sizeMode":0}],"_prefab":{"__type__":"cc.PrefabInfo","root":{"__id__":1},"asset":{"__uuid__":"qzmjmj50-5cf3-4f17-ae37-1f9e3bca3bf0"},"fileId":"2de32+zkCJFQ6iL7SvkIMeI"},"_opacity":100,"_color":{"__type__":"cc.Color"},"_contentSize":{"__type__":"cc.Size","width":84,"height":128},"_trs":{"__type__":"TypedArray","ctor":"Float64Array","array":[0,30,0,0,0,0,1,1,1,1]}},{"__type__":"cc.Node","_name":"tip","_parent":{"__id__":2},"_active":false,"_components":[{"__type__":"cc.Sprite","node":{"__id__":5},"_materials":[{"__uuid__":"ecpdLyjvZBwrvm+cedCcQy"}],"_spriteFrame":{"__uuid__":"qzmjmj89-ab0d-444e-bb93-96afafc4d75d"}}],"_prefab":{"__type__":"cc.PrefabInfo","root":{"__id__":1},"asset":{"__uuid__":"qzmjmj50-5cf3-4f17-ae37-1f9e3bca3bf0"},"fileId":"6b133axg3lFmqjVVFGgbzmU"},"_contentSize":{"__type__":"cc.Size","width":42,"height":52},"_trs":{"__type__":"TypedArray","ctor":"Float64Array","array":[0,97.6,0,0,0,0,1,1,1,1]}},{"__type__":"cc.Node","_name":"you","_parent":{"__id__":2},"_active":false,"_components":[{"__type__":"cc.Sprite","node":{"__id__":6},"_materials":[{"__uuid__":"ecpdLyjvZBwrvm+cedCcQy"}],"_spriteFrame":{"__uuid__":"81q8rwMCJFlbdWGKAynVSq"}}],"_prefab":{"__type__":"cc.PrefabInfo","root":{"__id__":1},"asset":{"__uuid__":"qzmjmj50-5cf3-4f17-ae37-1f9e3bca3bf0"},"fileId":"7d9xAPIq5LhIV7dMPqtvg0"},"_contentSize":{"__type__":"cc.Size","width":65,"height":47},"_trs":{"__type__":"TypedArray","ctor":"Float64Array","array":[0,106.484,0,0,0,0,1,1,1,1]}},{"__type__":"cc.Node","_name":"card","_parent":{"__id__":1},"_components":[{"__type__":"cc.Layout","node":{"__id__":7},"_layoutSize":{"__type__":"cc.Size","width":1053,"height":122},"_N$layoutType":1,"_N$spacingX":-1,"_N$horizontalDirection":1},{"__type__":"cc.Layout","node":{"__id__":7},"_layoutSize":{"__type__":"cc.Size","width":1053,"height":122}}],"_prefab":{"__type__":"cc.PrefabInfo","root":{"__id__":1},"asset":{"__uuid__":"qzmjmj50-5cf3-4f17-ae37-1f9e3bca3bf0"},"fileId":"2ee967K7kBFX4jnajDCmvd4"},"_contentSize":{"__type__":"cc.Size","width":1053,"height":122},"_trs":{"__type__":"TypedArray","ctor":"Float64Array","array":[38,0,0,0,0,0,1,0.85,1,1]}},{"__type__":"cc.Node","_name":"downcard","_parent":{"__id__":1},"_children":[{"__id__":9}],"_components":[{"__type__":"cc.Layout","node":{"__id__":8},"_layoutSize":{"__type__":"cc.Size","width":245,"height":120},"_resize":1,"_N$layoutType":1,"_N$spacingX":-40},{"__type__":"qzmjmj4b-140d-4a29-af82-be69e76160e8","node":{"__id__":8},"JS_Name":"xymj_BaseComponent"}],"_prefab":{"__type__":"cc.PrefabInfo","root":{"__id__":1},"asset":{"__uuid__":"qzmjmj50-5cf3-4f17-ae37-1f9e3bca3bf0"},"fileId":"2bc30yW4C9Om5Xytrca0Dhc"},"_contentSize":{"__type__":"cc.Size","width":245,"height":120},"_anchorPoint":{"__type__":"cc.Vec2","y":0.5},"_trs":{"__type__":"TypedArray","ctor":"Float64Array","array":[-620,10,0,0,0,0,1,1,1,1]}},{"__type__":"cc.Node","_name":"down01","_parent":{"__id__":8},"_children":[{"__id__":10},{"__id__":12},{"__id__":14},{"__id__":16}],"_prefab":{"__type__":"cc.PrefabInfo","root":{"__id__":1},"asset":{"__uuid__":"qzmjmj50-5cf3-4f17-ae37-1f9e3bca3bf0"},"fileId":"a55dbM1AhZJCpIe75vFl9mF"},"_contentSize":{"__type__":"cc.Size","width":245,"height":118},"_trs":{"__type__":"TypedArray","ctor":"Float64Array","array":[122.5,0,0,0,0,0,1,1.3,1.3,1]}},{"__type__":"cc.Node","_name":"card01","_parent":{"__id__":9},"_children":[{"__id__":11}],"_components":[{"__type__":"cc.Sprite","node":{"__id__":10},"_materials":[{"__uuid__":"ecpdLyjvZBwrvm+cedCcQy"}],"_spriteFrame":{"__uuid__":"qzmjmj7d-d077-4e42-ac80-228ec758c4f0"}}],"_prefab":{"__type__":"cc.PrefabInfo","root":{"__id__":1},"asset":{"__uuid__":"qzmjmj50-5cf3-4f17-ae37-1f9e3bca3bf0"},"fileId":"99794VEgwRL4LqhWClxfLWj"},"_contentSize":{"__type__":"cc.Size","width":47,"height":76},"_trs":{"__type__":"TypedArray","ctor":"Float64Array","array":[-76,0,0,0,0,0,1,1,1,1]}},{"__type__":"cc.Node","_name":"zhi","_parent":{"__id__":10},"_active":false,"_components":[{"__type__":"cc.Sprite","node":{"__id__":11},"_spriteFrame":{"__uuid__":"qzmjmj42-7085-406c-8f01-d33a4cff08b8"}}],"_prefab":{"__type__":"cc.PrefabInfo","root":{"__id__":1},"asset":{"__uuid__":"qzmjmj50-5cf3-4f17-ae37-1f9e3bca3bf0"},"fileId":"7c51bD9lVdLfp9KI3l/lF8I"},"_contentSize":{"__type__":"cc.Size","width":34,"height":25},"_trs":{"__type__":"TypedArray","ctor":"Float64Array","array":[0.4,-6.8,0,0,0,0,1,0.7,0.7,1]}},{"__type__":"cc.Node","_name":"card02","_parent":{"__id__":9},"_children":[{"__id__":13}],"_components":[{"__type__":"cc.Sprite","node":{"__id__":12},"_materials":[{"__uuid__":"ecpdLyjvZBwrvm+cedCcQy"}],"_spriteFrame":{"__uuid__":"qzmjmj7d-d077-4e42-ac80-228ec758c4f0"}}],"_prefab":{"__type__":"cc.PrefabInfo","root":{"__id__":1},"asset":{"__uuid__":"qzmjmj50-5cf3-4f17-ae37-1f9e3bca3bf0"},"fileId":"fe029mwZPBBf6O6AEpiV8E2"},"_contentSize":{"__type__":"cc.Size","width":47,"height":76},"_trs":{"__type__":"TypedArray","ctor":"Float64Array","array":[-27.9,0,0,0,0,0,1,1,1,1]}},{"__type__":"cc.Node","_name":"zhi","_parent":{"__id__":12},"_active":false,"_components":[{"__type__":"cc.Sprite","node":{"__id__":13},"_spriteFrame":{"__uuid__":"qzmjmj42-7085-406c-8f01-d33a4cff08b8"}}],"_prefab":{"__type__":"cc.PrefabInfo","root":{"__id__":1},"asset":{"__uuid__":"qzmjmj50-5cf3-4f17-ae37-1f9e3bca3bf0"},"fileId":"00156hHvCJFhIGgOKXzNEbI"},"_contentSize":{"__type__":"cc.Size","width":34,"height":25},"_trs":{"__type__":"TypedArray","ctor":"Float64Array","array":[0.4,-6.8,0,0,0,0,1,0.7,0.7,1]}},{"__type__":"cc.Node","_name":"card03","_parent":{"__id__":9},"_children":[{"__id__":15}],"_components":[{"__type__":"cc.Sprite","node":{"__id__":14},"_materials":[{"__uuid__":"ecpdLyjvZBwrvm+cedCcQy"}],"_spriteFrame":{"__uuid__":"qzmjmj7d-d077-4e42-ac80-228ec758c4f0"}}],"_prefab":{"__type__":"cc.PrefabInfo","root":{"__id__":1},"asset":{"__uuid__":"qzmjmj50-5cf3-4f17-ae37-1f9e3bca3bf0"},"fileId":"9b5c1KEnbhMVbG+zvMowiQ/"},"_contentSize":{"__type__":"cc.Size","width":47,"height":76},"_trs":{"__type__":"TypedArray","ctor":"Float64Array","array":[20.3,0.5,0,0,0,0,1,1,1,1]}},{"__type__":"cc.Node","_name":"zhi","_parent":{"__id__":14},"_active":false,"_components":[{"__type__":"cc.Sprite","node":{"__id__":15},"_spriteFrame":{"__uuid__":"qzmjmj42-7085-406c-8f01-d33a4cff08b8"}}],"_prefab":{"__type__":"cc.PrefabInfo","root":{"__id__":1},"asset":{"__uuid__":"qzmjmj50-5cf3-4f17-ae37-1f9e3bca3bf0"},"fileId":"2c791G/wDpDDosElWPOw6jJ"},"_contentSize":{"__type__":"cc.Size","width":34,"height":25},"_trs":{"__type__":"TypedArray","ctor":"Float64Array","array":[0.4,-6.8,0,0,0,0,1,0.7,0.7,1]}},{"__type__":"cc.Node","_name":"card04","_parent":{"__id__":9},"_children":[{"__id__":17}],"_components":[{"__type__":"cc.Sprite","node":{"__id__":16},"_materials":[{"__uuid__":"ecpdLyjvZBwrvm+cedCcQy"}],"_spriteFrame":{"__uuid__":"qzmjmj7d-d077-4e42-ac80-228ec758c4f0"}}],"_prefab":{"__type__":"cc.PrefabInfo","root":{"__id__":1},"asset":{"__uuid__":"qzmjmj50-5cf3-4f17-ae37-1f9e3bca3bf0"},"fileId":"90942uq+M9L7ZowebR44rv8"},"_contentSize":{"__type__":"cc.Size","width":47,"height":76},"_trs":{"__type__":"TypedArray","ctor":"Float64Array","array":[-27.9,18.1,0,0,0,0,1,1,1,1]}},{"__type__":"cc.Node","_name":"zhi","_parent":{"__id__":16},"_components":[{"__type__":"cc.Sprite","node":{"__id__":17},"_materials":[{"__uuid__":"ecpdLyjvZBwrvm+cedCcQy"}],"_spriteFrame":{"__uuid__":"qzmjmj42-7085-406c-8f01-d33a4cff08b8"}}],"_prefab":{"__type__":"cc.PrefabInfo","root":{"__id__":1},"asset":{"__uuid__":"qzmjmj50-5cf3-4f17-ae37-1f9e3bca3bf0"},"fileId":"eaec2JhfbNAiroQBKIJRkVB"},"_contentSize":{"__type__":"cc.Size","width":49,"height":51},"_trs":{"__type__":"TypedArray","ctor":"Float64Array","array":[0.4,-6.8,0,0,0,0,1,0.7,0.7,1]}},{"__type__":"cc.Node","_name":"sp_tishi","_parent":{"__id__":1},"_children":[{"__id__":19},{"__id__":20},{"__id__":21},{"__id__":22},{"__id__":23},{"__id__":24},{"__id__":25},{"__id__":26},{"__id__":27},{"__id__":28},{"__id__":29},{"__id__":30},{"__id__":31},{"__id__":32}],"_components":[{"__type__":"cc.Layout","node":{"__id__":18},"_layoutSize":{"__type__":"cc.Size","width":404,"height":100},"_N$layoutType":1,"_N$spacingX":15,"_N$horizontalDirection":1}],"_prefab":{"__type__":"cc.PrefabInfo","root":{"__id__":1},"asset":{"__uuid__":"qzmjmj50-5cf3-4f17-ae37-1f9e3bca3bf0"},"fileId":"aed29jf991Kna2jlAEQr3MF"},"_contentSize":{"__type__":"cc.Size","width":404,"height":100},"_trs":{"__type__":"TypedArray","ctor":"Float64Array","array":[273,211.594,0,0,0,0,1,1,1,1]}},{"__type__":"cc.Node","_name":"btn_cancel","_parent":{"__id__":18},"_components":[{"__type__":"cc.Sprite","node":{"__id__":19},"_materials":[{"__uuid__":"ecpdLyjvZBwrvm+cedCcQy"}],"_spriteFrame":{"__uuid__":"qzmjmjed-5049-48c8-99b8-d2eab9cba0be"},"_type":1,"_sizeMode":0},{"__type__":"cc.Button","node":{"__id__":19},"zoomScale":0.9,"clickEvents":[{"__type__":"cc.ClickEvent","target":{"__id__":1},"_componentId":"qzmjmjac-dccb-4db3-b643-f010c2f1d03f","handler":"OnClick_BtnWnd"}],"_N$transition":3,"transition":3,"_N$pressedColor":{"__type__":"cc.Color","r":255,"g":255,"b":255},"pressedColor":{"__type__":"cc.Color","r":255,"g":255,"b":255},"_N$disabledColor":{"__type__":"cc.Color","r":255,"g":255,"b":255},"_N$pressedSprite":{"__uuid__":"e97GVMl6JHh5Ml5qEDdSGa"},"pressedSprite":{"__uuid__":"e97GVMl6JHh5Ml5qEDdSGa"},"_N$hoverSprite":{"__uuid__":"e97GVMl6JHh5Ml5qEDdSGa"},"hoverSprite":{"__uuid__":"e97GVMl6JHh5Ml5qEDdSGa"},"_N$disabledSprite":{"__uuid__":"29FYIk+N1GYaeWH/q1NxQO"},"_N$target":{"__id__":19}},{"__type__":"cc.Widget","node":{"__id__":19},"alignMode":0,"_alignFlags":36,"_left":1253.5,"_top":471.5,"_bottom":-24}],"_prefab":{"__type__":"cc.PrefabInfo","root":{"__id__":1},"asset":{"__uuid__":"qzmjmj50-5cf3-4f17-ae37-1f9e3bca3bf0"},"fileId":"16fa9w5ilZPtLidahDnLpMl"},"_contentSize":{"__type__":"cc.Size","width":204,"height":148},"_trs":{"__type__":"TypedArray","ctor":"Float64Array","array":[100,0,0,0,0,0,1,1,1,1]}},{"__type__":"cc.Node","_name":"btn_next","_parent":{"__id__":18},"_components":[{"__type__":"cc.Sprite","node":{"__id__":20},"_materials":[{"__uuid__":"ecpdLyjvZBwrvm+cedCcQy"}],"_spriteFrame":{"__uuid__":"qzmjmja6-4da7-4b9a-909d-80928e02680f"},"_type":1,"_sizeMode":0},{"__type__":"cc.Button","node":{"__id__":20},"zoomScale":0.9,"clickEvents":[{"__type__":"cc.ClickEvent","target":{"__id__":1},"_componentId":"qzmjmjac-dccb-4db3-b643-f010c2f1d03f","handler":"OnClick_BtnWnd"}],"_N$transition":3,"transition":3,"_N$pressedColor":{"__type__":"cc.Color","r":255,"g":255,"b":255},"pressedColor":{"__type__":"cc.Color","r":255,"g":255,"b":255},"_N$disabledColor":{"__type__":"cc.Color","r":255,"g":255,"b":255},"_N$pressedSprite":{"__uuid__":"e97GVMl6JHh5Ml5qEDdSGa"},"pressedSprite":{"__uuid__":"e97GVMl6JHh5Ml5qEDdSGa"},"_N$hoverSprite":{"__uuid__":"e97GVMl6JHh5Ml5qEDdSGa"},"hoverSprite":{"__uuid__":"e97GVMl6JHh5Ml5qEDdSGa"},"_N$disabledSprite":{"__uuid__":"29FYIk+N1GYaeWH/q1NxQO"},"_N$target":{"__id__":20}},{"__type__":"cc.Widget","node":{"__id__":20},"alignMode":0,"_alignFlags":36,"_left":1253.5,"_right":219,"_top":471.5,"_bottom":-24}],"_prefab":{"__type__":"cc.PrefabInfo","root":{"__id__":1},"asset":{"__uuid__":"qzmjmj50-5cf3-4f17-ae37-1f9e3bca3bf0"},"fileId":"f4da3Mq7DZC9J+u3UPOZf8x"},"_contentSize":{"__type__":"cc.Size","width":204,"height":148},"_trs":{"__type__":"TypedArray","ctor":"Float64Array","array":[-119,0,0,0,0,0,1,1,1,1]}},{"__type__":"cc.Node","_name":"btn_chi","_parent":{"__id__":18},"_components":[{"__type__":"cc.Sprite","node":{"__id__":21},"_materials":[{"__uuid__":"ecpdLyjvZBwrvm+cedCcQy"}],"_spriteFrame":{"__uuid__":"qzmjmj15-8fdd-4d83-8aab-5314e3c33142"},"_type":1,"_sizeMode":0},{"__type__":"cc.Button","node":{"__id__":21},"zoomScale":0.9,"clickEvents":[{"__type__":"cc.ClickEvent","target":{"__id__":1},"_componentId":"qzmjmjac-dccb-4db3-b643-f010c2f1d03f","handler":"OnClick_BtnWnd"}],"_N$transition":3,"transition":3,"_N$pressedColor":{"__type__":"cc.Color","r":255,"g":255,"b":255},"pressedColor":{"__type__":"cc.Color","r":255,"g":255,"b":255},"_N$disabledColor":{"__type__":"cc.Color","r":255,"g":255,"b":255},"_N$pressedSprite":{"__uuid__":"e97GVMl6JHh5Ml5qEDdSGa"},"pressedSprite":{"__uuid__":"e97GVMl6JHh5Ml5qEDdSGa"},"_N$hoverSprite":{"__uuid__":"e97GVMl6JHh5Ml5qEDdSGa"},"hoverSprite":{"__uuid__":"e97GVMl6JHh5Ml5qEDdSGa"},"_N$disabledSprite":{"__uuid__":"29FYIk+N1GYaeWH/q1NxQO"},"_N$target":{"__id__":21}},{"__type__":"cc.Widget","node":{"__id__":21},"alignMode":0,"_alignFlags":36,"_left":1253.5,"_right":438,"_top":471.5,"_bottom":-24}],"_prefab":{"__type__":"cc.PrefabInfo","root":{"__id__":1},"asset":{"__uuid__":"qzmjmj50-5cf3-4f17-ae37-1f9e3bca3bf0"},"fileId":"99b39Gc9KhBA4MjKRzBLjb5"},"_contentSize":{"__type__":"cc.Size","width":204,"height":148},"_trs":{"__type__":"TypedArray","ctor":"Float64Array","array":[-338,0,0,0,0,0,1,1,1,1]}},{"__type__":"cc.Node","_name":"btn_pen","_parent":{"__id__":18},"_components":[{"__type__":"cc.Sprite","node":{"__id__":22},"_materials":[{"__uuid__":"ecpdLyjvZBwrvm+cedCcQy"}],"_spriteFrame":{"__uuid__":"qzmjmje4-320a-4270-b85b-674b6b7d6af2"},"_type":1,"_sizeMode":0},{"__type__":"cc.Button","node":{"__id__":22},"zoomScale":0.9,"clickEvents":[{"__type__":"cc.ClickEvent","target":{"__id__":1},"_componentId":"qzmjmjac-dccb-4db3-b643-f010c2f1d03f","handler":"OnClick_BtnWnd"}],"_N$transition":3,"transition":3,"_N$pressedColor":{"__type__":"cc.Color","r":255,"g":255,"b":255},"pressedColor":{"__type__":"cc.Color","r":255,"g":255,"b":255},"_N$disabledColor":{"__type__":"cc.Color","r":255,"g":255,"b":255},"_N$pressedSprite":{"__uuid__":"e97GVMl6JHh5Ml5qEDdSGa"},"pressedSprite":{"__uuid__":"e97GVMl6JHh5Ml5qEDdSGa"},"_N$hoverSprite":{"__uuid__":"e97GVMl6JHh5Ml5qEDdSGa"},"hoverSprite":{"__uuid__":"e97GVMl6JHh5Ml5qEDdSGa"},"_N$disabledSprite":{"__uuid__":"29FYIk+N1GYaeWH/q1NxQO"},"_N$target":{"__id__":22}},{"__type__":"cc.Widget","node":{"__id__":22},"alignMode":0,"_alignFlags":36,"_left":1253.5,"_right":657,"_top":471.5,"_bottom":-24}],"_prefab":{"__type__":"cc.PrefabInfo","root":{"__id__":1},"asset":{"__uuid__":"qzmjmj50-5cf3-4f17-ae37-1f9e3bca3bf0"},"fileId":"1c2c9lCqjVN3ZAzXq5WdhRe"},"_contentSize":{"__type__":"cc.Size","width":204,"height":148},"_trs":{"__type__":"TypedArray","ctor":"Float64Array","array":[-557,0,0,0,0,0,1,1,1,1]}},{"__type__":"cc.Node","_name":"btn_gang","_parent":{"__id__":18},"_components":[{"__type__":"cc.Sprite","node":{"__id__":23},"_materials":[{"__uuid__":"ecpdLyjvZBwrvm+cedCcQy"}],"_spriteFrame":{"__uuid__":"qzmjmjda-12a7-427f-afb7-6c218a9cf83f"},"_type":1,"_sizeMode":0},{"__type__":"cc.Button","node":{"__id__":23},"zoomScale":0.9,"clickEvents":[{"__type__":"cc.ClickEvent","target":{"__id__":1},"_componentId":"qzmjmjac-dccb-4db3-b643-f010c2f1d03f","handler":"OnClick_BtnWnd"}],"_N$transition":3,"transition":3,"_N$pressedColor":{"__type__":"cc.Color","r":255,"g":255,"b":255},"pressedColor":{"__type__":"cc.Color","r":255,"g":255,"b":255},"_N$disabledColor":{"__type__":"cc.Color","r":255,"g":255,"b":255},"_N$pressedSprite":{"__uuid__":"e97GVMl6JHh5Ml5qEDdSGa"},"pressedSprite":{"__uuid__":"e97GVMl6JHh5Ml5qEDdSGa"},"_N$hoverSprite":{"__uuid__":"e97GVMl6JHh5Ml5qEDdSGa"},"hoverSprite":{"__uuid__":"e97GVMl6JHh5Ml5qEDdSGa"},"_N$disabledSprite":{"__uuid__":"29FYIk+N1GYaeWH/q1NxQO"},"_N$target":{"__id__":23}},{"__type__":"cc.Widget","node":{"__id__":23},"alignMode":0,"_alignFlags":36,"_left":1253.5,"_right":876,"_top":471.5,"_bottom":-24}],"_prefab":{"__type__":"cc.PrefabInfo","root":{"__id__":1},"asset":{"__uuid__":"qzmjmj50-5cf3-4f17-ae37-1f9e3bca3bf0"},"fileId":"b89d24el09LQqQiUB+DpSvu"},"_contentSize":{"__type__":"cc.Size","width":204,"height":148},"_trs":{"__type__":"TypedArray","ctor":"Float64Array","array":[-776,0,0,0,0,0,1,1,1,1]}},{"__type__":"cc.Node","_name":"btn_hu","_parent":{"__id__":18},"_components":[{"__type__":"cc.Sprite","node":{"__id__":24},"_materials":[{"__uuid__":"ecpdLyjvZBwrvm+cedCcQy"}],"_spriteFrame":{"__uuid__":"qzmjmj42-2c14-4b14-a132-8493ad501fe6"},"_type":1,"_sizeMode":0},{"__type__":"cc.Button","node":{"__id__":24},"zoomScale":0.9,"clickEvents":[{"__type__":"cc.ClickEvent","target":{"__id__":1},"_componentId":"qzmjmjac-dccb-4db3-b643-f010c2f1d03f","handler":"OnClick_BtnWnd"}],"_N$transition":3,"transition":3,"_N$pressedColor":{"__type__":"cc.Color","r":255,"g":255,"b":255},"pressedColor":{"__type__":"cc.Color","r":255,"g":255,"b":255},"_N$disabledColor":{"__type__":"cc.Color","r":255,"g":255,"b":255},"_N$pressedSprite":{"__uuid__":"e97GVMl6JHh5Ml5qEDdSGa"},"pressedSprite":{"__uuid__":"e97GVMl6JHh5Ml5qEDdSGa"},"_N$hoverSprite":{"__uuid__":"e97GVMl6JHh5Ml5qEDdSGa"},"hoverSprite":{"__uuid__":"e97GVMl6JHh5Ml5qEDdSGa"},"_N$disabledSprite":{"__uuid__":"29FYIk+N1GYaeWH/q1NxQO"},"_N$target":{"__id__":24}},{"__type__":"cc.Widget","node":{"__id__":24},"alignMode":0,"_alignFlags":36,"_left":1253.5,"_right":1095,"_top":471.5,"_bottom":-24}],"_prefab":{"__type__":"cc.PrefabInfo","root":{"__id__":1},"asset":{"__uuid__":"qzmjmj50-5cf3-4f17-ae37-1f9e3bca3bf0"},"fileId":"31144Ux6FVK1633GAgHDC2t"},"_contentSize":{"__type__":"cc.Size","width":204,"height":148},"_trs":{"__type__":"TypedArray","ctor":"Float64Array","array":[-995,0,0,0,0,0,1,1,1,1]}},{"__type__":"cc.Node","_name":"btn_shuangyou","_parent":{"__id__":18},"_components":[{"__type__":"cc.Sprite","node":{"__id__":25},"_materials":[{"__uuid__":"ecpdLyjvZBwrvm+cedCcQy"}],"_spriteFrame":{"__uuid__":"qzmjmjd0-ce76-45df-b16c-c2a92c49a004"},"_type":1,"_sizeMode":0},{"__type__":"cc.Button","node":{"__id__":25},"zoomScale":0.9,"clickEvents":[{"__type__":"cc.ClickEvent","target":{"__id__":1},"_componentId":"qzmjmjac-dccb-4db3-b643-f010c2f1d03f","handler":"OnClick_BtnWnd"}],"_N$transition":3,"transition":3,"_N$pressedColor":{"__type__":"cc.Color","r":255,"g":255,"b":255},"pressedColor":{"__type__":"cc.Color","r":255,"g":255,"b":255},"_N$disabledColor":{"__type__":"cc.Color","r":255,"g":255,"b":255},"_N$pressedSprite":{"__uuid__":"e97GVMl6JHh5Ml5qEDdSGa"},"pressedSprite":{"__uuid__":"e97GVMl6JHh5Ml5qEDdSGa"},"_N$hoverSprite":{"__uuid__":"e97GVMl6JHh5Ml5qEDdSGa"},"hoverSprite":{"__uuid__":"e97GVMl6JHh5Ml5qEDdSGa"},"_N$disabledSprite":{"__uuid__":"29FYIk+N1GYaeWH/q1NxQO"},"_N$target":{"__id__":25}},{"__type__":"cc.Widget","node":{"__id__":25},"alignMode":0,"_alignFlags":36,"_left":1253.5,"_right":1314,"_top":471.5,"_bottom":-19}],"_prefab":{"__type__":"cc.PrefabInfo","root":{"__id__":1},"asset":{"__uuid__":"qzmjmj50-5cf3-4f17-ae37-1f9e3bca3bf0"},"fileId":"b187f/9xX5CmaPMl1sk/Zh8"},"_contentSize":{"__type__":"cc.Size","width":204,"height":148},"_trs":{"__type__":"TypedArray","ctor":"Float64Array","array":[-1214,5,0,0,0,0,1,1,1,1]}},{"__type__":"cc.Node","_name":"btn_sanyou","_parent":{"__id__":18},"_components":[{"__type__":"cc.Sprite","node":{"__id__":26},"_materials":[{"__uuid__":"ecpdLyjvZBwrvm+cedCcQy"}],"_spriteFrame":{"__uuid__":"qzmjmj5e-6643-4151-a56b-d6dbd7685422"},"_type":1,"_sizeMode":0},{"__type__":"cc.Button","node":{"__id__":26},"zoomScale":0.9,"clickEvents":[{"__type__":"cc.ClickEvent","target":{"__id__":1},"_componentId":"qzmjmjac-dccb-4db3-b643-f010c2f1d03f","handler":"OnClick_BtnWnd"}],"_N$transition":3,"transition":3,"_N$pressedColor":{"__type__":"cc.Color","r":255,"g":255,"b":255},"pressedColor":{"__type__":"cc.Color","r":255,"g":255,"b":255},"_N$disabledColor":{"__type__":"cc.Color","r":255,"g":255,"b":255},"_N$pressedSprite":{"__uuid__":"e97GVMl6JHh5Ml5qEDdSGa"},"pressedSprite":{"__uuid__":"e97GVMl6JHh5Ml5qEDdSGa"},"_N$hoverSprite":{"__uuid__":"e97GVMl6JHh5Ml5qEDdSGa"},"hoverSprite":{"__uuid__":"e97GVMl6JHh5Ml5qEDdSGa"},"_N$disabledSprite":{"__uuid__":"29FYIk+N1GYaeWH/q1NxQO"},"_N$target":{"__id__":26}},{"__type__":"cc.Widget","node":{"__id__":26},"alignMode":0,"_alignFlags":36,"_left":1253.5,"_right":1533,"_top":471.5,"_bottom":-19}],"_prefab":{"__type__":"cc.PrefabInfo","root":{"__id__":1},"asset":{"__uuid__":"qzmjmj50-5cf3-4f17-ae37-1f9e3bca3bf0"},"fileId":"fc9748HyBhFa40bUyC8KN3Y"},"_contentSize":{"__type__":"cc.Size","width":204,"height":148},"_trs":{"__type__":"TypedArray","ctor":"Float64Array","array":[-1433,5,0,0,0,0,1,1,1,1]}},{"__type__":"cc.Node","_name":"btn_danyou","_parent":{"__id__":18},"_components":[{"__type__":"cc.Sprite","node":{"__id__":27},"_materials":[{"__uuid__":"ecpdLyjvZBwrvm+cedCcQy"}],"_spriteFrame":{"__uuid__":"qzmjmjf5-fe37-4353-90d9-db165df29862"},"_type":1,"_sizeMode":0},{"__type__":"cc.Button","node":{"__id__":27},"zoomScale":0.9,"clickEvents":[{"__type__":"cc.ClickEvent","target":{"__id__":1},"_componentId":"qzmjmjac-dccb-4db3-b643-f010c2f1d03f","handler":"OnClick_BtnWnd"}],"_N$transition":3,"transition":3,"_N$pressedColor":{"__type__":"cc.Color","r":255,"g":255,"b":255},"pressedColor":{"__type__":"cc.Color","r":255,"g":255,"b":255},"_N$disabledColor":{"__type__":"cc.Color","r":255,"g":255,"b":255},"_N$pressedSprite":{"__uuid__":"e97GVMl6JHh5Ml5qEDdSGa"},"pressedSprite":{"__uuid__":"e97GVMl6JHh5Ml5qEDdSGa"},"_N$hoverSprite":{"__uuid__":"e97GVMl6JHh5Ml5qEDdSGa"},"hoverSprite":{"__uuid__":"e97GVMl6JHh5Ml5qEDdSGa"},"_N$disabledSprite":{"__uuid__":"29FYIk+N1GYaeWH/q1NxQO"},"_N$target":{"__id__":27}},{"__type__":"cc.Widget","node":{"__id__":27},"alignMode":0,"_alignFlags":36,"_left":1253.5,"_right":1752,"_top":471.5,"_bottom":-19}],"_prefab":{"__type__":"cc.PrefabInfo","root":{"__id__":1},"asset":{"__uuid__":"qzmjmj50-5cf3-4f17-ae37-1f9e3bca3bf0"},"fileId":"8bGv417FNA/r0D/ZOeBhFN"},"_contentSize":{"__type__":"cc.Size","width":204,"height":148},"_trs":{"__type__":"TypedArray","ctor":"Float64Array","array":[-1652,5,0,0,0,0,1,1,1,1]}},{"__type__":"cc.Node","_name":"btn_qiangjin","_parent":{"__id__":18},"_components":[{"__type__":"cc.Sprite","node":{"__id__":28},"_materials":[{"__uuid__":"ecpdLyjvZBwrvm+cedCcQy"}],"_spriteFrame":{"__uuid__":"qzmjmje8-bb6f-4b22-b900-c3fad7389a98"},"_type":1,"_sizeMode":0},{"__type__":"cc.Button","node":{"__id__":28},"zoomScale":0.9,"clickEvents":[{"__type__":"cc.ClickEvent","target":{"__id__":1},"_componentId":"qzmjmjac-dccb-4db3-b643-f010c2f1d03f","handler":"OnClick_BtnWnd"}],"_N$transition":3,"transition":3,"_N$pressedColor":{"__type__":"cc.Color","r":255,"g":255,"b":255},"pressedColor":{"__type__":"cc.Color","r":255,"g":255,"b":255},"_N$disabledColor":{"__type__":"cc.Color","r":255,"g":255,"b":255},"_N$pressedSprite":{"__uuid__":"e97GVMl6JHh5Ml5qEDdSGa"},"pressedSprite":{"__uuid__":"e97GVMl6JHh5Ml5qEDdSGa"},"_N$hoverSprite":{"__uuid__":"e97GVMl6JHh5Ml5qEDdSGa"},"hoverSprite":{"__uuid__":"e97GVMl6JHh5Ml5qEDdSGa"},"_N$disabledSprite":{"__uuid__":"29FYIk+N1GYaeWH/q1NxQO"},"_N$target":{"__id__":28}},{"__type__":"cc.Widget","node":{"__id__":28},"alignMode":0,"_alignFlags":36,"_left":1253.5,"_right":1971,"_top":471.5,"_bottom":-19}],"_prefab":{"__type__":"cc.PrefabInfo","root":{"__id__":1},"asset":{"__uuid__":"qzmjmj50-5cf3-4f17-ae37-1f9e3bca3bf0"},"fileId":"2fwnKDiX9PSrX5p3eswvL7"},"_contentSize":{"__type__":"cc.Size","width":204,"height":148},"_trs":{"__type__":"TypedArray","ctor":"Float64Array","array":[-1871,5,0,0,0,0,1,1,1,1]}},{"__type__":"cc.Node","_name":"btn_sanjin","_parent":{"__id__":18},"_components":[{"__type__":"cc.Sprite","node":{"__id__":29},"_materials":[{"__uuid__":"ecpdLyjvZBwrvm+cedCcQy"}],"_spriteFrame":{"__uuid__":"qzmjmj01-5d16-4339-8a1e-a7732188f90b"},"_type":1,"_sizeMode":0},{"__type__":"cc.Button","node":{"__id__":29},"zoomScale":0.9,"clickEvents":[{"__type__":"cc.ClickEvent","target":{"__id__":1},"_componentId":"qzmjmjac-dccb-4db3-b643-f010c2f1d03f","handler":"OnClick_BtnWnd"}],"_N$transition":3,"transition":3,"_N$pressedColor":{"__type__":"cc.Color","r":255,"g":255,"b":255},"pressedColor":{"__type__":"cc.Color","r":255,"g":255,"b":255},"_N$disabledColor":{"__type__":"cc.Color","r":255,"g":255,"b":255},"_N$pressedSprite":{"__uuid__":"e97GVMl6JHh5Ml5qEDdSGa"},"pressedSprite":{"__uuid__":"e97GVMl6JHh5Ml5qEDdSGa"},"_N$hoverSprite":{"__uuid__":"e97GVMl6JHh5Ml5qEDdSGa"},"hoverSprite":{"__uuid__":"e97GVMl6JHh5Ml5qEDdSGa"},"_N$disabledSprite":{"__uuid__":"29FYIk+N1GYaeWH/q1NxQO"},"_N$target":{"__id__":29}},{"__type__":"cc.Widget","node":{"__id__":29},"alignMode":0,"_alignFlags":36,"_left":1253.5,"_right":2190,"_top":471.5,"_bottom":-19}],"_prefab":{"__type__":"cc.PrefabInfo","root":{"__id__":1},"asset":{"__uuid__":"qzmjmj50-5cf3-4f17-ae37-1f9e3bca3bf0"},"fileId":"ffvkrwAwpIjpsQ/J/l/ei2"},"_contentSize":{"__type__":"cc.Size","width":204,"height":148},"_trs":{"__type__":"TypedArray","ctor":"Float64Array","array":[-2090,5,0,0,0,0,1,1,1,1]}},{"__type__":"cc.Node","_name":"btn_sijin","_parent":{"__id__":18},"_components":[{"__type__":"cc.Sprite","node":{"__id__":30},"_materials":[{"__uuid__":"ecpdLyjvZBwrvm+cedCcQy"}],"_spriteFrame":{"__uuid__":"qzmjmja1-a170-4110-97d1-f9db6efaf96a"},"_type":1,"_sizeMode":0},{"__type__":"cc.Button","node":{"__id__":30},"zoomScale":0.9,"clickEvents":[{"__type__":"cc.ClickEvent","target":{"__id__":1},"_componentId":"qzmjmjac-dccb-4db3-b643-f010c2f1d03f","handler":"OnClick_BtnWnd"}],"_N$transition":3,"transition":3,"_N$pressedColor":{"__type__":"cc.Color","r":255,"g":255,"b":255},"pressedColor":{"__type__":"cc.Color","r":255,"g":255,"b":255},"_N$disabledColor":{"__type__":"cc.Color","r":255,"g":255,"b":255},"_N$pressedSprite":{"__uuid__":"e97GVMl6JHh5Ml5qEDdSGa"},"pressedSprite":{"__uuid__":"e97GVMl6JHh5Ml5qEDdSGa"},"_N$hoverSprite":{"__uuid__":"e97GVMl6JHh5Ml5qEDdSGa"},"hoverSprite":{"__uuid__":"e97GVMl6JHh5Ml5qEDdSGa"},"_N$disabledSprite":{"__uuid__":"29FYIk+N1GYaeWH/q1NxQO"},"_N$target":{"__id__":30}},{"__type__":"cc.Widget","node":{"__id__":30},"alignMode":0,"_alignFlags":36,"_left":1253.5,"_right":2409,"_top":471.5,"_bottom":-19}],"_prefab":{"__type__":"cc.PrefabInfo","root":{"__id__":1},"asset":{"__uuid__":"qzmjmj50-5cf3-4f17-ae37-1f9e3bca3bf0"},"fileId":"65bYuKoOJDEYl0MdLP2rsy"},"_contentSize":{"__type__":"cc.Size","width":204,"height":148},"_trs":{"__type__":"TypedArray","ctor":"Float64Array","array":[-2309,5,0,0,0,0,1,1,1,1]}},{"__type__":"cc.Node","_name":"btn_ting111","_parent":{"__id__":18},"_active":false,"_components":[{"__type__":"cc.Sprite","node":{"__id__":31},"_materials":[{"__uuid__":"ecpdLyjvZBwrvm+cedCcQy"}],"_spriteFrame":{"__uuid__":"qzmjmj43-04ef-4c16-a726-91b0a7789051"},"_type":1,"_sizeMode":0},{"__type__":"cc.Button","node":{"__id__":31},"zoomScale":0.9,"clickEvents":[{"__type__":"cc.ClickEvent","target":{"__id__":1},"_componentId":"qzmjmjac-dccb-4db3-b643-f010c2f1d03f","handler":"OnClick_BtnWnd"}],"_N$transition":3,"transition":3,"_N$pressedColor":{"__type__":"cc.Color","r":255,"g":255,"b":255},"pressedColor":{"__type__":"cc.Color","r":255,"g":255,"b":255},"_N$disabledColor":{"__type__":"cc.Color","r":255,"g":255,"b":255},"_N$pressedSprite":{"__uuid__":"e97GVMl6JHh5Ml5qEDdSGa"},"pressedSprite":{"__uuid__":"e97GVMl6JHh5Ml5qEDdSGa"},"_N$hoverSprite":{"__uuid__":"e97GVMl6JHh5Ml5qEDdSGa"},"hoverSprite":{"__uuid__":"e97GVMl6JHh5Ml5qEDdSGa"},"_N$disabledSprite":{"__uuid__":"29FYIk+N1GYaeWH/q1NxQO"},"_N$target":{"__id__":31}},{"__type__":"cc.Widget","node":{"__id__":31},"alignMode":0,"_alignFlags":36,"_left":1253.5,"_right":2409,"_top":471.5,"_bottom":-19}],"_prefab":{"__type__":"cc.PrefabInfo","root":{"__id__":1},"asset":{"__uuid__":"qzmjmj50-5cf3-4f17-ae37-1f9e3bca3bf0"},"fileId":"2dc4czIlrZJao+/UGHiuL7I"},"_contentSize":{"__type__":"cc.Size","width":204,"height":148},"_trs":{"__type__":"TypedArray","ctor":"Float64Array","array":[-2309,5,0,0,0,0,1,1,1,1]}},{"__type__":"cc.Node","_name":"btn_zimo","_parent":{"__id__":18},"_components":[{"__type__":"cc.Sprite","node":{"__id__":32},"_materials":[{"__uuid__":"ecpdLyjvZBwrvm+cedCcQy"}],"_spriteFrame":{"__uuid__":"qzmjmjb6-2ab1-448e-bd17-f4f527ac476d"},"_type":1,"_sizeMode":0},{"__type__":"cc.Button","node":{"__id__":32},"zoomScale":0.9,"clickEvents":[{"__type__":"cc.ClickEvent","target":{"__id__":1},"_componentId":"qzmjmjac-dccb-4db3-b643-f010c2f1d03f","handler":"OnClick_BtnWnd"}],"_N$transition":3,"transition":3,"_N$pressedColor":{"__type__":"cc.Color","r":255,"g":255,"b":255},"pressedColor":{"__type__":"cc.Color","r":255,"g":255,"b":255},"_N$disabledColor":{"__type__":"cc.Color","r":255,"g":255,"b":255},"_N$pressedSprite":{"__uuid__":"e97GVMl6JHh5Ml5qEDdSGa"},"pressedSprite":{"__uuid__":"e97GVMl6JHh5Ml5qEDdSGa"},"_N$hoverSprite":{"__uuid__":"e97GVMl6JHh5Ml5qEDdSGa"},"hoverSprite":{"__uuid__":"e97GVMl6JHh5Ml5qEDdSGa"},"_N$disabledSprite":{"__uuid__":"29FYIk+N1GYaeWH/q1NxQO"},"_N$target":{"__id__":32}},{"__type__":"cc.Widget","node":{"__id__":32},"alignMode":0,"_alignFlags":36,"_left":1253.5,"_right":2628,"_top":471.5,"_bottom":-21.250999999999998}],"_prefab":{"__type__":"cc.PrefabInfo","root":{"__id__":1},"asset":{"__uuid__":"qzmjmj50-5cf3-4f17-ae37-1f9e3bca3bf0"},"fileId":"1fgFKZTuROU6jWpvcGkWOi"},"_contentSize":{"__type__":"cc.Size","width":204,"height":148},"_trs":{"__type__":"TypedArray","ctor":"Float64Array","array":[-2528,2.7489999999999952,0,0,0,0,1,1,1,1]}}],{"__type__":"cc.SpriteFrame","content":{"name":"btn_you_3","texture":"qzmjmjdb-582c-4b8a-88e0-94c3ec27b774","rect":[14,0,176,147],"offset":[0,0.5],"originalSize":[204,148],"capInsets":[0,0,0,0]}},{"__type__":"cc.SpriteFrame","content":{"name":"hh_face_dao_24","texture":"qzmjmj84-3629-4500-9bbb-d3ddc183f2dc","rect":[0,0,47,76],"offset":[0,0],"originalSize":[47,76],"capInsets":[0,0,0,0]}},{"__type__":"cc.SpriteFrame","content":{"name":"icon_ting","texture":"qzmjmjed-3731-4bd9-a0e7-009eed8ecbe0","rect":[0,0,42,52],"offset":[0,0],"originalSize":[42,52],"capInsets":[0,0,0,0]}},{"__type__":"cc.SpriteFrame","content":{"name":"btn_sijin","texture":"qzmjmj14-b9c6-4908-b747-e9f5950b2d23","rect":[3,0,198,147],"offset":[0,0.5],"originalSize":[204,148],"capInsets":[0,0,0,0]}},{"__type__":"cc.SpriteFrame","content":{"name":"btn_guo","texture":"qzmjmj13-8604-4b0a-b6cf-f2395509e4b4","rect":[15,0,172,147],"offset":[-1,0.5],"originalSize":[204,148],"capInsets":[0,0,0,0]}},{"__type__":"cc.SpriteFrame","content":{"name":"btn_zimo","texture":"qzmjmj66-c458-43b8-92dc-63c288e6f668","rect":[12,0,179,147],"offset":[-0.5,0.5],"originalSize":[204,148],"capInsets":[0,0,0,0]}},{"__type__":"cc.SpriteFrame","content":{"name":"btn_you_2","texture":"qzmjmje2-bc6e-480a-8275-945fdc2cf901","rect":[14,0,176,147],"offset":[0,0.5],"originalSize":[204,148],"capInsets":[0,0,0,0]}},{"__type__":"cc.SpriteFrame","content":{"name":"btn_gang","texture":"qzmjmjf5-c349-4b54-aeb3-0012f49081ca","rect":[15,0,172,147],"offset":[-1,0.5],"originalSize":[204,148],"capInsets":[0,0,0,0]}},{"__type__":"cc.SpriteFrame","content":{"name":"btn_peng","texture":"qzmjmjef-7c6a-46d0-b174-1148f06da090","rect":[15,0,172,147],"offset":[-1,0.5],"originalSize":[204,148],"capInsets":[0,0,0,0]}},{"__type__":"cc.SpriteFrame","content":{"name":"btn_qiangjin","texture":"qzmjmj86-4323-435b-b585-1552132181e0","rect":[7,0,190,147],"offset":[0,0.5],"originalSize":[204,148],"capInsets":[0,0,0,0]}},{"__type__":"cc.SpriteFrame","content":{"name":"quxiao","texture":"qzmjmje8-d609-4d9b-be5a-51d6c8932795","rect":[15,0,173,147],"offset":[-0.5,0.5],"originalSize":[204,148],"capInsets":[0,0,0,0]}},{"__type__":"cc.SpriteFrame","content":{"name":"btn_you_1","texture":"qzmjmja1-a9d4-4a51-9fda-d2e8922e9a7d","rect":[7,0,190,147],"offset":[0,0.5],"originalSize":[204,148],"capInsets":[0,0,0,0]}}]