[{"__type__":"cc.SpriteFrame","content":{"name":"ani_01","texture":"qzmjmj0e-f4b5-49ce-a73d-cbe3accfc289","rect":[32,19,599,329],"offset":[1,-1],"originalSize":[661,365],"capInsets":[0,0,0,0]}},[{"__type__":"cc.Prefab","_name":"erda","data":{"__id__":1}},{"__type__":"cc.Node","_name":"erda","_components":[{"__type__":"cc.Sprite","node":{"__id__":1},"_spriteFrame":{"__uuid__":"qzmjmj30-5065-41f5-8a09-c80d367c6fa2"},"_sizeMode":2,"_isTrimmedMode":false},{"__type__":"cc.Animation","node":{"__id__":1},"_defaultClip":{"__uuid__":"qzmjmj72-3bf4-4099-a231-5106de0be1a1"},"_clips":[{"__uuid__":"qzmjmj72-3bf4-4099-a231-5106de0be1a1"}]},{"__type__":"qzmjmja3-f7f6-43f3-bc26-19a21c44bee8","node":{"__id__":1}}],"_prefab":{"__type__":"cc.PrefabInfo","root":{"__id__":1},"asset":{"__uuid__":"qzmjmjbd-aca6-4221-a01a-82e82c330e45"},"fileId":"867a3ygdIhCW5fZHSNq2iko"},"_contentSize":{"__type__":"cc.Size","width":661,"height":365},"_trs":{"__type__":"TypedArray","ctor":"Float64Array","array":[0,0,0,0,0,0,1,0.5,0.5,1]}}]]