[{"__type__":"cc.SpriteFrame","content":{"name":"bg_bj01","texture":"397mId04JB67Cg2okLrmyZ","rect":[0,0,1560,720],"offset":[0,0],"originalSize":[1560,720],"capInsets":[0,0,0,0]}},{"__type__":"cc.SpriteFrame","content":{"name":"img_symid_up","texture":"23C1+QyjtGVZ9OQLT/+Okz","rect":[1,0,411,82],"offset":[0,0],"originalSize":[413,82],"capInsets":[0,0,0,0]}},{"__type__":"cc.SpriteFrame","content":{"name":"img_gdt01","texture":"25FhetfBtE8JvK+aKdzlb+","rect":[0,0,8,178],"offset":[0,0],"originalSize":[8,178],"capInsets":[2,30,2,30]}},{"__type__":"cc.SpriteFrame","content":{"name":"img_gengxin","texture":"18QUALhDBFJ5+a1TKVZu5z","rect":[0,6,72,49],"offset":[0,-0.5],"originalSize":[72,60],"capInsets":[0,0,0,0]}},[{"__type__":"cc.Prefab","_name":"UIMoreGame","data":{"__id__":1}},{"__type__":"cc.Node","_name":"UIMoreGame","_children":[{"__id__":2},{"__id__":3},{"__id__":5},{"__id__":22}],"_components":[{"__type__":"cc.Widget","node":{"__id__":1},"alignMode":0,"_alignFlags":45,"_originalWidth":1360,"_originalHeight":760},{"__type__":"f612aDxDthF0qyMgJzE8022","node":{"__id__":1},"ZorderLv":8,"RightNode":{"__id__":32},"pafabItem":{"__id__":23},"btn_tuijian":{"__id__":7},"btn_majiang":{"__id__":12},"btn_poker":{"__id__":17}}],"_prefab":{"__type__":"cc.PrefabInfo","root":{"__id__":1},"asset":{"__uuid__":"7brvHnsaBGp53hYt8Y70Vv"},"fileId":"5deaeiEETNAJLiClvmO1Bnx"},"_contentSize":{"__type__":"cc.Size","width":1360,"height":760},"_trs":{"__type__":"TypedArray","ctor":"Float64Array","array":[680,380,0,0,0,0,1,1,1,1]}},{"__type__":"cc.Node","_name":"bg","_parent":{"__id__":1},"_components":[{"__type__":"cc.Sprite","node":{"__id__":2},"_materials":[{"__uuid__":"ecpdLyjvZBwrvm+cedCcQy"}],"_spriteFrame":{"__uuid__":"44oMWTaclJBKkBYUGHW71y"}},{"__type__":"cc.Button","node":{"__id__":2},"_N$normalColor":{"__type__":"cc.Color","r":214,"g":214,"b":214},"_N$target":{"__id__":2}}],"_prefab":{"__type__":"cc.PrefabInfo","root":{"__id__":1},"asset":{"__uuid__":"7brvHnsaBGp53hYt8Y70Vv"},"fileId":"481c87GMzROV5td0m3zBuDo"},"_contentSize":{"__type__":"cc.Size","width":1750,"height":800},"_trs":{"__type__":"TypedArray","ctor":"Float64Array","array":[0,0,0,0,0,0,1,1,1,1]}},{"__type__":"cc.Node","_name":"img_wzmj","_parent":{"__id__":1},"_children":[{"__id__":4}],"_components":[{"__type__":"cc.Sprite","node":{"__id__":3},"_materials":[{"__uuid__":"ecpdLyjvZBwrvm+cedCcQy"}],"_spriteFrame":{"__uuid__":"581jQF2pRDU42CVnbdrYra"}},{"__type__":"cc.Widget","node":{"__id__":3},"_alignFlags":1,"_left":474.5}],"_prefab":{"__type__":"cc.PrefabInfo","root":{"__id__":1},"asset":{"__uuid__":"7brvHnsaBGp53hYt8Y70Vv"},"fileId":"c3sZ68RApCSJVct6ZzCebc"},"_contentSize":{"__type__":"cc.Size","width":411,"height":82},"_trs":{"__type__":"TypedArray","ctor":"Float64Array","array":[0,339,0,0,0,0,1,1,1,1]}},{"__type__":"cc.Node","_name":"img_cj_wjmj","_parent":{"__id__":3},"_components":[{"__type__":"cc.Sprite","node":{"__id__":4},"_materials":[{"__uuid__":"ecpdLyjvZBwrvm+cedCcQy"}],"_spriteFrame":{"__uuid__":"afyaDqf6RE7q5yvv7leT0q"}}],"_prefab":{"__type__":"cc.PrefabInfo","root":{"__id__":1},"asset":{"__uuid__":"7brvHnsaBGp53hYt8Y70Vv"},"fileId":"c7+rdXwRNE0ppoJITSykr/"},"_contentSize":{"__type__":"cc.Size","width":193,"height":43},"_trs":{"__type__":"TypedArray","ctor":"Float64Array","array":[0,0,0,0,0,0,1,1,1,1]}},{"__type__":"cc.Node","_name":"left_main","_parent":{"__id__":1},"_children":[{"__id__":6}],"_components":[{"__type__":"cc.Sprite","node":{"__id__":5},"_materials":[{"__uuid__":"ecpdLyjvZBwrvm+cedCcQy"}],"_spriteFrame":{"__uuid__":"8d7OL357RFF6W3qsLrtj4y"},"_type":1,"_sizeMode":0},{"__type__":"cc.Widget","node":{"__id__":5},"alignMode":0,"_alignFlags":8,"_left":20,"_top":101.5}],"_prefab":{"__type__":"cc.PrefabInfo","root":{"__id__":1},"asset":{"__uuid__":"7brvHnsaBGp53hYt8Y70Vv"},"fileId":"13b209GZFNBRbL4mE8zffpy"},"_contentSize":{"__type__":"cc.Size","width":320,"height":641},"_trs":{"__type__":"TypedArray","ctor":"Float64Array","array":[-500,-42,0,0,0,0,1,1,1,1]}},{"__type__":"cc.Node","_name":"layout","_parent":{"__id__":5},"_children":[{"__id__":7},{"__id__":12},{"__id__":17}],"_components":[{"__type__":"cc.Layout","node":{"__id__":6},"_layoutSize":{"__type__":"cc.Size","width":320,"height":314},"_resize":1,"_N$layoutType":2,"_N$paddingTop":10,"_N$spacingY":20}],"_prefab":{"__type__":"cc.PrefabInfo","root":{"__id__":1},"asset":{"__uuid__":"7brvHnsaBGp53hYt8Y70Vv"},"fileId":"419+cKHjFNZ4OsXagfu8Ct"},"_contentSize":{"__type__":"cc.Size","width":320,"height":314},"_anchorPoint":{"__type__":"cc.Vec2","x":0.5,"y":1},"_trs":{"__type__":"TypedArray","ctor":"Float64Array","array":[-5,309,0,0,0,0,1,1,1,1]}},{"__type__":"cc.Node","_name":"btn_tuijian","_parent":{"__id__":6},"_children":[{"__id__":8},{"__id__":9},{"__id__":10}],"_components":[{"__type__":"cc.Button","node":{"__id__":7},"clickEvents":[{"__type__":"cc.ClickEvent","target":{"__id__":1},"_componentId":"f612aDxDthF0qyMgJzE8022","handler":"OnClick_BtnWnd"}],"_N$transition":3,"transition":3,"_N$normalColor":{"__type__":"cc.Color","r":214,"g":214,"b":214},"_N$target":{"__id__":7}}],"_prefab":{"__type__":"cc.PrefabInfo","root":{"__id__":1},"asset":{"__uuid__":"7brvHnsaBGp53hYt8Y70Vv"},"fileId":"56CV5RRXNOL5lpXQ9ZBFMs"},"_contentSize":{"__type__":"cc.Size","width":220,"height":88},"_trs":{"__type__":"TypedArray","ctor":"Float64Array","array":[0,-54,0,0,0,0,1,1,1,1]}},{"__type__":"cc.Node","_name":"btn_game","_parent":{"__id__":7},"_components":[{"__type__":"cc.Sprite","node":{"__id__":8},"_materials":[{"__uuid__":"ecpdLyjvZBwrvm+cedCcQy"}],"_spriteFrame":{"__uuid__":"e2nqXfXU9FFI+Ao1AGkc+b"}}],"_prefab":{"__type__":"cc.PrefabInfo","root":{"__id__":1},"asset":{"__uuid__":"7brvHnsaBGp53hYt8Y70Vv"},"fileId":"49fwt4zfFJ9KdWCD8RmZgp"},"_contentSize":{"__type__":"cc.Size","width":177,"height":89},"_trs":{"__type__":"TypedArray","ctor":"Float64Array","array":[0,0,0,0,0,0,1,1,1,1]}},{"__type__":"cc.Node","_name":"icon_off","_parent":{"__id__":7},"_components":[{"__type__":"cc.Label","node":{"__id__":9},"_materials":[{"__uuid__":"ecpdLyjvZBwrvm+cedCcQy"}],"_useOriginalSize":false,"_string":"推 荐","_N$string":"推 荐","_fontSize":46,"_lineHeight":50,"_N$file":{"__uuid__":"5f5wQekV1CGpJW2meZozWn"},"_isSystemFontUsed":false,"_N$horizontalAlign":1,"_N$verticalAlign":1},{"__type__":"cc.LabelOutline","node":{"__id__":9},"_color":{"__type__":"cc.Color","r":83,"g":38,"b":5},"_width":2}],"_prefab":{"__type__":"cc.PrefabInfo","root":{"__id__":1},"asset":{"__uuid__":"7brvHnsaBGp53hYt8Y70Vv"},"fileId":"16S0GqDk1Pvq6QOee598s1"},"_contentSize":{"__type__":"cc.Size","width":108.22,"height":67},"_trs":{"__type__":"TypedArray","ctor":"Float64Array","array":[0,1,0,0,0,0,1,1,1,1]}},{"__type__":"cc.Node","_name":"icon","_parent":{"__id__":7},"_children":[{"__id__":11}],"_components":[{"__type__":"cc.Sprite","node":{"__id__":10},"_materials":[{"__uuid__":"ecpdLyjvZBwrvm+cedCcQy"}],"_spriteFrame":{"__uuid__":"ddDAeqMcFAK5jH4s0/z+Vb"},"_isTrimmedMode":false}],"_prefab":{"__type__":"cc.PrefabInfo","root":{"__id__":1},"asset":{"__uuid__":"7brvHnsaBGp53hYt8Y70Vv"},"fileId":"9aRa1qFtBCK6/z0DnzQ2Q9"},"_contentSize":{"__type__":"cc.Size","width":210,"height":95},"_trs":{"__type__":"TypedArray","ctor":"Float64Array","array":[12.9,0,0,0,0,0,1,1,1,1]}},{"__type__":"cc.Node","_name":"icon_on","_parent":{"__id__":10},"_components":[{"__type__":"cc.Label","node":{"__id__":11},"_materials":[{"__uuid__":"ecpdLyjvZBwrvm+cedCcQy"}],"_useOriginalSize":false,"_string":"推 荐","_N$string":"推 荐","_fontSize":46,"_lineHeight":50,"_N$file":{"__uuid__":"5f5wQekV1CGpJW2meZozWn"},"_isSystemFontUsed":false,"_N$horizontalAlign":1,"_N$verticalAlign":1},{"__type__":"cc.LabelOutline","node":{"__id__":11},"_color":{"__type__":"cc.Color","r":111,"g":37},"_width":2}],"_prefab":{"__type__":"cc.PrefabInfo","root":{"__id__":1},"asset":{"__uuid__":"7brvHnsaBGp53hYt8Y70Vv"},"fileId":"26FVTRyEBLAKtBwnn6mDna"},"_contentSize":{"__type__":"cc.Size","width":108.22,"height":67},"_trs":{"__type__":"TypedArray","ctor":"Float64Array","array":[0,1,0,0,0,0,1,1,1,1]}},{"__type__":"cc.Node","_name":"btn_majiang","_parent":{"__id__":6},"_children":[{"__id__":13},{"__id__":14},{"__id__":15}],"_components":[{"__type__":"cc.Button","node":{"__id__":12},"clickEvents":[{"__type__":"cc.ClickEvent","target":{"__id__":1},"_componentId":"f612aDxDthF0qyMgJzE8022","handler":"OnClick_BtnWnd"}],"_N$transition":3,"transition":3,"_N$normalColor":{"__type__":"cc.Color","r":214,"g":214,"b":214},"_N$target":{"__id__":12}}],"_prefab":{"__type__":"cc.PrefabInfo","root":{"__id__":1},"asset":{"__uuid__":"7brvHnsaBGp53hYt8Y70Vv"},"fileId":"56//3bTgxFaL1VjS0jlxKq"},"_contentSize":{"__type__":"cc.Size","width":220,"height":88},"_trs":{"__type__":"TypedArray","ctor":"Float64Array","array":[0,-162,0,0,0,0,1,1,1,1]}},{"__type__":"cc.Node","_name":"btn_game","_parent":{"__id__":12},"_components":[{"__type__":"cc.Sprite","node":{"__id__":13},"_materials":[{"__uuid__":"ecpdLyjvZBwrvm+cedCcQy"}],"_spriteFrame":{"__uuid__":"e2nqXfXU9FFI+Ao1AGkc+b"}}],"_prefab":{"__type__":"cc.PrefabInfo","root":{"__id__":1},"asset":{"__uuid__":"7brvHnsaBGp53hYt8Y70Vv"},"fileId":"2bYgujxGZFEJyBJUzo2TZZ"},"_contentSize":{"__type__":"cc.Size","width":177,"height":89},"_trs":{"__type__":"TypedArray","ctor":"Float64Array","array":[0,0,0,0,0,0,1,1,1,1]}},{"__type__":"cc.Node","_name":"icon_off","_parent":{"__id__":12},"_components":[{"__type__":"cc.Label","node":{"__id__":14},"_materials":[{"__uuid__":"ecpdLyjvZBwrvm+cedCcQy"}],"_useOriginalSize":false,"_string":"麻 将","_N$string":"麻 将","_fontSize":46,"_lineHeight":50,"_N$file":{"__uuid__":"5f5wQekV1CGpJW2meZozWn"},"_isSystemFontUsed":false,"_N$horizontalAlign":1,"_N$verticalAlign":1},{"__type__":"cc.LabelOutline","node":{"__id__":14},"_color":{"__type__":"cc.Color","r":83,"g":38,"b":5},"_width":2}],"_prefab":{"__type__":"cc.PrefabInfo","root":{"__id__":1},"asset":{"__uuid__":"7brvHnsaBGp53hYt8Y70Vv"},"fileId":"ccxNQn0DtNIIzOb9K7D+pT"},"_contentSize":{"__type__":"cc.Size","width":108.22,"height":67},"_trs":{"__type__":"TypedArray","ctor":"Float64Array","array":[0,1,0,0,0,0,1,1,1,1]}},{"__type__":"cc.Node","_name":"icon","_parent":{"__id__":12},"_children":[{"__id__":16}],"_active":false,"_components":[{"__type__":"cc.Sprite","node":{"__id__":15},"_spriteFrame":{"__uuid__":"ddDAeqMcFAK5jH4s0/z+Vb"},"_isTrimmedMode":false}],"_prefab":{"__type__":"cc.PrefabInfo","root":{"__id__":1},"asset":{"__uuid__":"7brvHnsaBGp53hYt8Y70Vv"},"fileId":"79C5EsKT5IOalXt0ZQ1MwZ"},"_contentSize":{"__type__":"cc.Size","width":210,"height":95},"_trs":{"__type__":"TypedArray","ctor":"Float64Array","array":[12.9,0,0,0,0,0,1,1,1,1]}},{"__type__":"cc.Node","_name":"icon_on","_parent":{"__id__":15},"_components":[{"__type__":"cc.Label","node":{"__id__":16},"_useOriginalSize":false,"_string":"麻 将","_N$string":"麻 将","_fontSize":46,"_lineHeight":50,"_N$file":{"__uuid__":"5f5wQekV1CGpJW2meZozWn"},"_isSystemFontUsed":false,"_N$horizontalAlign":1,"_N$verticalAlign":1},{"__type__":"cc.LabelOutline","node":{"__id__":16},"_color":{"__type__":"cc.Color","r":111,"g":37},"_width":2}],"_prefab":{"__type__":"cc.PrefabInfo","root":{"__id__":1},"asset":{"__uuid__":"7brvHnsaBGp53hYt8Y70Vv"},"fileId":"4a4ASza11BRozZKOHzjLJz"},"_contentSize":{"__type__":"cc.Size","width":108.22,"height":50},"_trs":{"__type__":"TypedArray","ctor":"Float64Array","array":[0,1,0,0,0,0,1,1,1,1]}},{"__type__":"cc.Node","_name":"btn_poker","_parent":{"__id__":6},"_children":[{"__id__":18},{"__id__":19},{"__id__":20}],"_components":[{"__type__":"cc.Button","node":{"__id__":17},"clickEvents":[{"__type__":"cc.ClickEvent","target":{"__id__":1},"_componentId":"f612aDxDthF0qyMgJzE8022","handler":"OnClick_BtnWnd"}],"_N$transition":3,"transition":3,"_N$normalColor":{"__type__":"cc.Color","r":214,"g":214,"b":214},"_N$target":{"__id__":17}}],"_prefab":{"__type__":"cc.PrefabInfo","root":{"__id__":1},"asset":{"__uuid__":"7brvHnsaBGp53hYt8Y70Vv"},"fileId":"a9d77KOiRP3IPseLQ7EOZU"},"_contentSize":{"__type__":"cc.Size","width":220,"height":88},"_trs":{"__type__":"TypedArray","ctor":"Float64Array","array":[0,-270,0,0,0,0,1,1,1,1]}},{"__type__":"cc.Node","_name":"btn_game","_parent":{"__id__":17},"_components":[{"__type__":"cc.Sprite","node":{"__id__":18},"_materials":[{"__uuid__":"ecpdLyjvZBwrvm+cedCcQy"}],"_spriteFrame":{"__uuid__":"e2nqXfXU9FFI+Ao1AGkc+b"}}],"_prefab":{"__type__":"cc.PrefabInfo","root":{"__id__":1},"asset":{"__uuid__":"7brvHnsaBGp53hYt8Y70Vv"},"fileId":"e04smIhCZGW6QSx2KKh0CK"},"_contentSize":{"__type__":"cc.Size","width":177,"height":89},"_trs":{"__type__":"TypedArray","ctor":"Float64Array","array":[0,0,0,0,0,0,1,1,1,1]}},{"__type__":"cc.Node","_name":"icon_off","_parent":{"__id__":17},"_components":[{"__type__":"cc.Label","node":{"__id__":19},"_materials":[{"__uuid__":"ecpdLyjvZBwrvm+cedCcQy"}],"_useOriginalSize":false,"_string":"扑 克","_N$string":"扑 克","_fontSize":46,"_lineHeight":50,"_N$file":{"__uuid__":"5f5wQekV1CGpJW2meZozWn"},"_isSystemFontUsed":false,"_N$horizontalAlign":1,"_N$verticalAlign":1},{"__type__":"cc.LabelOutline","node":{"__id__":19},"_color":{"__type__":"cc.Color","r":83,"g":38,"b":5},"_width":2}],"_prefab":{"__type__":"cc.PrefabInfo","root":{"__id__":1},"asset":{"__uuid__":"7brvHnsaBGp53hYt8Y70Vv"},"fileId":"32Ir9Xb4xOXKg3B8jpm+w9"},"_contentSize":{"__type__":"cc.Size","width":108.22,"height":67},"_trs":{"__type__":"TypedArray","ctor":"Float64Array","array":[0,1,0,0,0,0,1,1,1,1]}},{"__type__":"cc.Node","_name":"icon","_parent":{"__id__":17},"_children":[{"__id__":21}],"_active":false,"_components":[{"__type__":"cc.Sprite","node":{"__id__":20},"_spriteFrame":{"__uuid__":"ddDAeqMcFAK5jH4s0/z+Vb"},"_isTrimmedMode":false}],"_prefab":{"__type__":"cc.PrefabInfo","root":{"__id__":1},"asset":{"__uuid__":"7brvHnsaBGp53hYt8Y70Vv"},"fileId":"4fFXK5pxRGRZu5hJELmoXK"},"_contentSize":{"__type__":"cc.Size","width":210,"height":95},"_trs":{"__type__":"TypedArray","ctor":"Float64Array","array":[12.9,0,0,0,0,0,1,1,1,1]}},{"__type__":"cc.Node","_name":"icon_on","_parent":{"__id__":20},"_components":[{"__type__":"cc.Label","node":{"__id__":21},"_useOriginalSize":false,"_string":"扑 克","_N$string":"扑 克","_fontSize":46,"_lineHeight":50,"_N$file":{"__uuid__":"5f5wQekV1CGpJW2meZozWn"},"_isSystemFontUsed":false,"_N$horizontalAlign":1,"_N$verticalAlign":1},{"__type__":"cc.LabelOutline","node":{"__id__":21},"_color":{"__type__":"cc.Color","r":111,"g":37},"_width":2}],"_prefab":{"__type__":"cc.PrefabInfo","root":{"__id__":1},"asset":{"__uuid__":"7brvHnsaBGp53hYt8Y70Vv"},"fileId":"bfqOBa/O5PPah34LQ2A5jx"},"_contentSize":{"__type__":"cc.Size","width":108.22,"height":50},"_trs":{"__type__":"TypedArray","ctor":"Float64Array","array":[0,1,0,0,0,0,1,1,1,1]}},{"__type__":"cc.Node","_name":"right_main","_parent":{"__id__":1},"_children":[{"__id__":23},{"__id__":26}],"_components":[{"__type__":"cc.Sprite","node":{"__id__":22},"_materials":[{"__uuid__":"ecpdLyjvZBwrvm+cedCcQy"}],"_spriteFrame":{"__uuid__":"b7x87dINtFoqiuR+QffPcO"},"_type":1,"_sizeMode":0},{"__type__":"cc.Widget","node":{"__id__":22},"alignMode":0,"_alignFlags":32,"_right":20,"_top":154}],"_prefab":{"__type__":"cc.PrefabInfo","root":{"__id__":1},"asset":{"__uuid__":"7brvHnsaBGp53hYt8Y70Vv"},"fileId":"aaed6bzHGxOqKt4KfOVBZ5r"},"_contentSize":{"__type__":"cc.Size","width":994,"height":641},"_anchorPoint":{"__type__":"cc.Vec2","x":1,"y":0.5},"_trs":{"__type__":"TypedArray","ctor":"Float64Array","array":[660,-42,0,0,0,0,1,1,1,1]}},{"__type__":"cc.Node","_name":"btnGame","_parent":{"__id__":22},"_children":[{"__id__":24},{"__id__":25}],"_active":false,"_components":[{"__type__":"cc.Sprite","node":{"__id__":23},"_materials":[{"__uuid__":"ecpdLyjvZBwrvm+cedCcQy"}],"_sizeMode":0},{"__type__":"cc.Button","node":{"__id__":23},"clickEvents":[{"__type__":"cc.ClickEvent","target":{"__id__":1},"_componentId":"f612aDxDthF0qyMgJzE8022","handler":"OnClick_BtnWnd"}],"_N$transition":3,"transition":3,"_N$normalColor":{"__type__":"cc.Color","r":214,"g":214,"b":214}}],"_prefab":{"__type__":"cc.PrefabInfo","root":{"__id__":1},"asset":{"__uuid__":"7brvHnsaBGp53hYt8Y70Vv"},"fileId":"12tmcozIFPUoZpNqB/7Beb"},"_contentSize":{"__type__":"cc.Size","width":153,"height":215},"_trs":{"__type__":"TypedArray","ctor":"Float64Array","array":[-885.5,202.5,0,0,0,0,1,1,1,1]}},{"__type__":"cc.Node","_name":"img_xiazai","_parent":{"__id__":23},"_active":false,"_components":[{"__type__":"cc.Sprite","node":{"__id__":24},"_spriteFrame":{"__uuid__":"82QUXGS9NGSIl2HQvrWhgi"}}],"_prefab":{"__type__":"cc.PrefabInfo","root":{"__id__":1},"asset":{"__uuid__":"7brvHnsaBGp53hYt8Y70Vv"},"fileId":"7b1RG+ceBA3JmEVatKTDhO"},"_contentSize":{"__type__":"cc.Size","width":58,"height":60},"_trs":{"__type__":"TypedArray","ctor":"Float64Array","array":[39,71,0,0,0,0,1,1,1,1]}},{"__type__":"cc.Node","_name":"img_gengxin","_parent":{"__id__":23},"_active":false,"_components":[{"__type__":"cc.Sprite","node":{"__id__":25},"_spriteFrame":{"__uuid__":"70FcPCZ2VBqpRISmp3MInW"}}],"_prefab":{"__type__":"cc.PrefabInfo","root":{"__id__":1},"asset":{"__uuid__":"7brvHnsaBGp53hYt8Y70Vv"},"fileId":"aePvR6CRNA0LMQMgkMKDqi"},"_contentSize":{"__type__":"cc.Size","width":72,"height":49},"_trs":{"__type__":"TypedArray","ctor":"Float64Array","array":[33,73,0,0,0,0,1,1,1,1]}},{"__type__":"cc.Node","_name":"mark","_parent":{"__id__":22},"_children":[{"__id__":27},{"__id__":33}],"_components":[{"__type__":"cc.Sprite","node":{"__id__":26},"_type":1,"_sizeMode":0},{"__id__":31}],"_prefab":{"__type__":"cc.PrefabInfo","root":{"__id__":1},"asset":{"__uuid__":"7brvHnsaBGp53hYt8Y70Vv"},"fileId":"25ATrzlc5KPp2dZpKbmonj"},"_contentSize":{"__type__":"cc.Size","width":990,"height":640},"_trs":{"__type__":"TypedArray","ctor":"Float64Array","array":[-497,0,0,0,0,0,1,1,1,1]}},{"__type__":"cc.Node","_name":"scrollBar","_parent":{"__id__":26},"_children":[{"__id__":28}],"_components":[{"__id__":30},{"__type__":"cc.Widget","node":{"__id__":27},"alignMode":0,"_alignFlags":37,"_left":350.07654921020657,"_originalHeight":237},{"__type__":"cc.Sprite","node":{"__id__":27},"_materials":[{"__uuid__":"ecpdLyjvZBwrvm+cedCcQy"}],"_spriteFrame":{"__uuid__":"b6UcikgfpA/Kh2SmLtXguN"},"_type":1,"_sizeMode":0}],"_prefab":{"__type__":"cc.PrefabInfo","root":{"__id__":1},"asset":{"__uuid__":"7brvHnsaBGp53hYt8Y70Vv"},"fileId":"1fMKZt6fdAZ5hoQuA/X5hn"},"_contentSize":{"__type__":"cc.Size","width":12,"height":640},"_anchorPoint":{"__type__":"cc.Vec2","x":1,"y":0.5},"_trs":{"__type__":"TypedArray","ctor":"Float64Array","array":[495,0,0,0,0,0,1,1,1,1]}},{"__type__":"cc.Node","_name":"bar","_parent":{"__id__":27},"_components":[{"__id__":29}],"_prefab":{"__type__":"cc.PrefabInfo","root":{"__id__":1},"asset":{"__uuid__":"7brvHnsaBGp53hYt8Y70Vv"},"fileId":"2cXF00z9BNa4t7c7ydukCe"},"_contentSize":{"__type__":"cc.Size","width":10,"height":30},"_anchorPoint":{"__type__":"cc.Vec2","x":1},"_trs":{"__type__":"TypedArray","ctor":"Float64Array","array":[-1,0,0,0,0,0,1,1,1,1]}},{"__type__":"cc.Sprite","node":{"__id__":28},"_materials":[{"__uuid__":"ecpdLyjvZBwrvm+cedCcQy"}],"_spriteFrame":{"__uuid__":"68geaVmDxOeqel3V5xug5X"},"_type":1,"_sizeMode":0},{"__type__":"cc.Scrollbar","node":{"__id__":27},"_scrollView":{"__id__":31},"_N$handle":{"__id__":29},"_N$direction":1},{"__type__":"cc.ScrollView","node":{"__id__":26},"horizontal":false,"brake":0.75,"bounceDuration":0.23,"_N$content":{"__id__":32},"content":{"__id__":32},"_N$horizontalScrollBar":null,"_N$verticalScrollBar":{"__id__":30}},{"__type__":"cc.Node","_name":"layout","_parent":{"__id__":33},"_components":[{"__type__":"cc.Layout","node":{"__id__":32},"_layoutSize":{"__type__":"cc.Size","width":980},"_resize":1,"_N$layoutType":3,"_N$cellSize":{"__type__":"cc.Size","width":153,"height":215},"_N$paddingLeft":30,"_N$paddingTop":10,"_N$paddingBottom":10,"_N$spacingX":40,"_N$spacingY":30}],"_prefab":{"__type__":"cc.PrefabInfo","root":{"__id__":1},"asset":{"__uuid__":"7brvHnsaBGp53hYt8Y70Vv"},"fileId":"aegK1wS9NO057D88NrQbOO"},"_contentSize":{"__type__":"cc.Size","width":980},"_anchorPoint":{"__type__":"cc.Vec2","y":1},"_trs":{"__type__":"TypedArray","ctor":"Float64Array","array":[-495,320,0,0,0,0,1,1,1,1]}},{"__type__":"cc.Node","_name":"view","_parent":{"__id__":26},"_children":[{"__id__":32}],"_components":[{"__type__":"cc.Mask","node":{"__id__":33},"_materials":[{"__uuid__":"ecpdLyjvZBwrvm+cedCcQy"}]}],"_prefab":{"__type__":"cc.PrefabInfo","root":{"__id__":1},"asset":{"__uuid__":"7brvHnsaBGp53hYt8Y70Vv"},"fileId":"89IDgHFLlClJ1cW20O1FgV"},"_contentSize":{"__type__":"cc.Size","width":990,"height":640},"_trs":{"__type__":"TypedArray","ctor":"Float64Array","array":[0,0,0,0,0,0,1,1,1,1]}}],{"__type__":"cc.SpriteFrame","content":{"name":"img_xiazai","texture":"5fDEO3iCtAPKGKMXbY5edx","rect":[0,0,58,60],"offset":[0,0],"originalSize":[58,60],"capInsets":[0,0,0,0]}},{"__type__":"cc.SpriteFrame","content":{"name":"left_content","texture":"14a85c1d9","rect":[148,665,36,34],"offset":[0,0],"originalSize":[36,34],"rotated":1,"capInsets":[9,9,9,9]}},{"__type__":"cc.SpriteFrame","content":{"name":"img_t_gdyx","texture":"a4X+slE0RPFb0qINUmbiXf","rect":[0,0,193,43],"offset":[0,0],"originalSize":[193,43],"capInsets":[0,0,0,0]}},{"__type__":"cc.SpriteFrame","content":{"name":"img_gdt02","texture":"a66g31Mj5IRLHMY+/Kw+Ou","rect":[0,0,14,27],"offset":[0,0],"originalSize":[14,27],"capInsets":[5,9,5,9]}},{"__type__":"cc.SpriteFrame","content":{"name":"img_bj_you","texture":"14a85c1d9","rect":[167,954,40,40],"offset":[0,0],"originalSize":[40,40],"capInsets":[10,10,10,10]}},{"__type__":"cc.SpriteFrame","content":{"name":"btn_yxz","texture":"92M/UyA/JLYIoTZZnAJf0M","rect":[0,0,210,95],"offset":[0,0],"originalSize":[210,95],"capInsets":[0,0,0,0]}},{"__type__":"cc.SpriteFrame","content":{"name":"btn_wxz","texture":"91AwDK/GdIeopa1P33pCiG","rect":[0,0,177,89],"offset":[0,0],"originalSize":[177,89],"capInsets":[0,0,0,0]}}]