[{"__type__":"cc.SpriteFrame","content":{"name":"img_srk","texture":"4fF0MdCJxNAZIBzGY6bjxs","rect":[0,0,278,53],"offset":[0,0],"originalSize":[278,53],"capInsets":[0,0,0,0]}},{"__type__":"cc.SpriteFrame","content":{"name":"default_btn_disabled","texture":"71VhFCTINJM6/Ky3oX9nBT","rect":[0,0,40,40],"offset":[0,0],"originalSize":[40,40],"capInsets":[12,12,12,12]}},{"__type__":"cc.SpriteFrame","content":{"name":"btn_short_org","texture":"49+r5mDyBNapD03aKSQGhl","rect":[0,0,223,80],"offset":[0,0],"originalSize":[223,80],"capInsets":[0,0,0,0]}},{"__type__":"cc.SpriteFrame","content":{"name":"img_small_tc","texture":"12uSyfpehFuppcggLjY/Y4","rect":[0,0,699,525],"offset":[0,0],"originalSize":[699,525],"capInsets":[113,119,72,50]}},{"__type__":"cc.SpriteFrame","content":{"name":"img_black_60","texture":"e5dLSpyq9NPZ8mPvfDyGXH","rect":[0,0,100,100],"offset":[0,0],"originalSize":[100,100],"capInsets":[0,0,0,0]}},[{"__type__":"cc.Prefab","_name":"UIClubDiamond","data":{"__id__":1}},{"__type__":"cc.Node","_name":"UIClubDiamond","_children":[{"__id__":2},{"__id__":6},{"__id__":15},{"__id__":24},{"__id__":26}],"_components":[{"__type__":"cc.Widget","node":{"__id__":1},"alignMode":0,"_alignFlags":45,"_left":-100,"_right":-100,"_originalWidth":1750,"_originalHeight":1360},{"__type__":"cc.Sprite","node":{"__id__":1},"_materials":[{"__uuid__":"ecpdLyjvZBwrvm+cedCcQy"}],"_spriteFrame":{"__uuid__":"86Zf39gLpJiYJ0+npxhZ2d"},"_sizeMode":0},{"__type__":"cc.BlockInputEvents","node":{"__id__":1}},{"__type__":"7b156c5ItlBR4hlDsprJF+H","node":{"__id__":1},"ZorderLv":8}],"_prefab":{"__type__":"cc.PrefabInfo","root":{"__id__":1},"asset":{"__uuid__":"d8rRsnvc1B0K39IKpQO5Cg"},"fileId":"73ML48955GoYpGkP8JmmVA"},"_contentSize":{"__type__":"cc.Size","width":1560,"height":760},"_trs":{"__type__":"TypedArray","ctor":"Float64Array","array":[680,380,0,0,0,0,1,1,1,1]}},{"__type__":"cc.Node","_name":"bg_create","_parent":{"__id__":1},"_children":[{"__id__":3},{"__id__":5}],"_components":[{"__type__":"cc.Sprite","node":{"__id__":2},"_materials":[{"__uuid__":"ecpdLyjvZBwrvm+cedCcQy"}],"_spriteFrame":{"__uuid__":"59/TGgayBDOo8yPyrC18uE"}}],"_prefab":{"__type__":"cc.PrefabInfo","root":{"__id__":1},"asset":{"__uuid__":"d8rRsnvc1B0K39IKpQO5Cg"},"fileId":"13NtJrD85MPrWKXyhU8H1y"},"_contentSize":{"__type__":"cc.Size","width":699,"height":525},"_trs":{"__type__":"TypedArray","ctor":"Float64Array","array":[0,0,0,0,0,0,1,1,1,1]}},{"__type__":"cc.Node","_name":"title","_parent":{"__id__":2},"_children":[{"__id__":4}],"_components":[{"__type__":"cc.Sprite","node":{"__id__":3}}],"_prefab":{"__type__":"cc.PrefabInfo","root":{"__id__":1},"asset":{"__uuid__":"d8rRsnvc1B0K39IKpQO5Cg"},"fileId":"86c9WeEVFBaJjM4vv9A6UW"},"_contentSize":{"__type__":"cc.Size","width":473,"height":87},"_trs":{"__type__":"TypedArray","ctor":"Float64Array","array":[0,217,0,0,0,0,1,1,1,1]}},{"__type__":"cc.Node","_name":"New Label","_parent":{"__id__":3},"_components":[{"__type__":"cc.Label","node":{"__id__":4},"_materials":[{"__uuid__":"ecpdLyjvZBwrvm+cedCcQy"}],"_useOriginalSize":false,"_string":"钻石提示","_N$string":"钻石提示","_N$file":{"__uuid__":"5f5wQekV1CGpJW2meZozWn"},"_isSystemFontUsed":false,"_N$horizontalAlign":1,"_N$verticalAlign":1},{"__type__":"cc.LabelOutline","node":{"__id__":4},"_color":{"__type__":"cc.Color","r":253,"g":253,"b":252},"_width":3}],"_prefab":{"__type__":"cc.PrefabInfo","root":{"__id__":1},"asset":{"__uuid__":"d8rRsnvc1B0K39IKpQO5Cg"},"fileId":"b23F8npvFJm69cJn7WVXFJ"},"_color":{"__type__":"cc.Color","r":136,"g":98,"b":49},"_contentSize":{"__type__":"cc.Size","width":166,"height":56.4},"_trs":{"__type__":"TypedArray","ctor":"Float64Array","array":[0,0,0,0,0,0,1,1,1,1]}},{"__type__":"cc.Node","_name":"btn_close","_parent":{"__id__":2},"_components":[{"__type__":"cc.Sprite","node":{"__id__":5},"_materials":[{"__uuid__":"ecpdLyjvZBwrvm+cedCcQy"}],"_spriteFrame":{"__uuid__":"d9ZhflMOxHW7JHl9dya866"}},{"__type__":"cc.Button","node":{"__id__":5},"clickEvents":[{"__type__":"cc.ClickEvent","target":{"__id__":1},"_componentId":"7b156c5ItlBR4hlDsprJF+H","handler":"OnClick_BtnWnd"}],"_N$transition":3,"transition":3,"_N$normalColor":{"__type__":"cc.Color","r":230,"g":230,"b":230},"_N$pressedColor":{"__type__":"cc.Color","r":200,"g":200,"b":200},"pressedColor":{"__type__":"cc.Color","r":200,"g":200,"b":200},"_N$disabledColor":{"__type__":"cc.Color","r":120,"g":120,"b":120,"a":200},"_N$normalSprite":{"__uuid__":"f0BIwQ8D5Ml7nTNQbh1YlS"},"_N$pressedSprite":{"__uuid__":"e97GVMl6JHh5Ml5qEDdSGa"},"pressedSprite":{"__uuid__":"e97GVMl6JHh5Ml5qEDdSGa"},"_N$hoverSprite":{"__uuid__":"f0BIwQ8D5Ml7nTNQbh1YlS"},"hoverSprite":{"__uuid__":"f0BIwQ8D5Ml7nTNQbh1YlS"},"_N$disabledSprite":{"__uuid__":"29FYIk+N1GYaeWH/q1NxQO"},"_N$target":{"__id__":5}}],"_prefab":{"__type__":"cc.PrefabInfo","root":{"__id__":1},"asset":{"__uuid__":"d8rRsnvc1B0K39IKpQO5Cg"},"fileId":"80Kt5vR9xONJAfoWU+Coqh"},"_contentSize":{"__type__":"cc.Size","width":79,"height":80},"_trs":{"__type__":"TypedArray","ctor":"Float64Array","array":[337,209,0,0,0,0,1,1,1,1]}},{"__type__":"cc.Node","_name":"EditBox1","_parent":{"__id__":1},"_children":[{"__id__":7},{"__id__":9},{"__id__":11},{"__id__":13},{"__id__":14}],"_components":[{"__type__":"cc.EditBox","node":{"__id__":6},"_useOriginalSize":false,"maxLength":8,"textChanged":[{"__type__":"cc.ClickEvent","_componentId":"63c483l8RxNmIy8sZvyiz48","handler":"SetIsChange"}],"_N$textLabel":{"__id__":10},"_N$placeholderLabel":{"__id__":12},"_N$background":{"__id__":8},"_N$inputMode":2}],"_prefab":{"__type__":"cc.PrefabInfo","root":{"__id__":1},"asset":{"__uuid__":"d8rRsnvc1B0K39IKpQO5Cg"},"fileId":"544X4FOEFPUaFgJVg7h1bg"},"_contentSize":{"__type__":"cc.Size","width":200,"height":64},"_anchorPoint":{"__type__":"cc.Vec2","y":0.5},"_trs":{"__type__":"TypedArray","ctor":"Float64Array","array":[-117.22,61.944,0,0,0,0,1,1,1,1]}},{"__type__":"cc.Node","_name":"BACKGROUND_SPRITE","_parent":{"__id__":6},"_components":[{"__id__":8}],"_prefab":{"__type__":"cc.PrefabInfo","root":{"__id__":1},"asset":{"__uuid__":"d8rRsnvc1B0K39IKpQO5Cg"},"fileId":"a2zLR2JstNdYKFfi4KzaN/"},"_contentSize":{"__type__":"cc.Size","width":200,"height":64},"_anchorPoint":{"__type__":"cc.Vec2","y":0.5},"_trs":{"__type__":"TypedArray","ctor":"Float64Array","array":[0,0,0,0,0,0,1,1,1,1]}},{"__type__":"cc.Sprite","node":{"__id__":7},"_materials":[{"__uuid__":"ecpdLyjvZBwrvm+cedCcQy"}],"_spriteFrame":{"__uuid__":"1aLT1VVMRM/KGRIWp3Uinq"},"_type":1,"_sizeMode":0},{"__type__":"cc.Node","_name":"TEXT_LABEL","_parent":{"__id__":6},"_active":false,"_components":[{"__id__":10}],"_prefab":{"__type__":"cc.PrefabInfo","root":{"__id__":1},"asset":{"__uuid__":"d8rRsnvc1B0K39IKpQO5Cg"},"fileId":"694XeHIHVNsb0eYlw1rd4h"},"_color":{"__type__":"cc.Color","r":112,"g":93,"b":82},"_contentSize":{"__type__":"cc.Size","width":88.03,"height":50.4},"_anchorPoint":{"__type__":"cc.Vec2","y":0.5},"_trs":{"__type__":"TypedArray","ctor":"Float64Array","array":[0,0,0,0,0,0,1,1,1,1]}},{"__type__":"cc.Label","node":{"__id__":9},"_materials":[{"__uuid__":"ecpdLyjvZBwrvm+cedCcQy"}],"_fontSize":36,"_enableWrapText":false,"_N$file":{"__uuid__":"5f5wQekV1CGpJW2meZozWn"},"_isSystemFontUsed":false,"_N$verticalAlign":1},{"__type__":"cc.Node","_name":"PLACEHOLDER_LABEL","_parent":{"__id__":6},"_components":[{"__id__":12}],"_prefab":{"__type__":"cc.PrefabInfo","root":{"__id__":1},"asset":{"__uuid__":"d8rRsnvc1B0K39IKpQO5Cg"},"fileId":"b2/plH6URANK2WcFoV5G9f"},"_color":{"__type__":"cc.Color","r":167,"g":159,"b":141},"_contentSize":{"__type__":"cc.Size","height":37.8},"_anchorPoint":{"__type__":"cc.Vec2","y":0.5},"_trs":{"__type__":"TypedArray","ctor":"Float64Array","array":[0,0,0,0,0,0,1,1,1,1]}},{"__type__":"cc.Label","node":{"__id__":11},"_materials":[{"__uuid__":"ecpdLyjvZBwrvm+cedCcQy"}],"_fontSize":30,"_lineHeight":30,"_enableWrapText":false,"_N$file":{"__uuid__":"5f5wQekV1CGpJW2meZozWn"},"_isSystemFontUsed":false,"_N$verticalAlign":1},{"__type__":"cc.Node","_name":"tip2","_parent":{"__id__":6},"_components":[{"__type__":"cc.Label","node":{"__id__":13},"_materials":[{"__uuid__":"ecpdLyjvZBwrvm+cedCcQy"}],"_useOriginalSize":false,"_string":"提醒管理员","_N$string":"提醒管理员","_fontSize":30,"_lineHeight":30,"_N$file":{"__uuid__":"5f5wQekV1CGpJW2meZozWn"},"_isSystemFontUsed":false,"_N$horizontalAlign":1,"_N$verticalAlign":1}],"_prefab":{"__type__":"cc.PrefabInfo","root":{"__id__":1},"asset":{"__uuid__":"d8rRsnvc1B0K39IKpQO5Cg"},"fileId":"3fe7mCCzxFXLQ8QAhQTiz1"},"_color":{"__type__":"cc.Color","r":112,"g":93,"b":82},"_contentSize":{"__type__":"cc.Size","width":150,"height":37.8},"_anchorPoint":{"__type__":"cc.Vec2","y":0.5},"_trs":{"__type__":"TypedArray","ctor":"Float64Array","array":[214.706,0,0,0,0,0,1,1,1,1]}},{"__type__":"cc.Node","_name":"tip1","_parent":{"__id__":6},"_components":[{"__type__":"cc.Label","node":{"__id__":14},"_materials":[{"__uuid__":"ecpdLyjvZBwrvm+cedCcQy"}],"_useOriginalSize":false,"_string":"钻石数量低于","_N$string":"钻石数量低于","_fontSize":30,"_lineHeight":30,"_N$file":{"__uuid__":"5f5wQekV1CGpJW2meZozWn"},"_isSystemFontUsed":false,"_N$horizontalAlign":1,"_N$verticalAlign":1}],"_prefab":{"__type__":"cc.PrefabInfo","root":{"__id__":1},"asset":{"__uuid__":"d8rRsnvc1B0K39IKpQO5Cg"},"fileId":"929MV13itN+Z3nWBwefKO0"},"_color":{"__type__":"cc.Color","r":112,"g":93,"b":82},"_contentSize":{"__type__":"cc.Size","width":180,"height":37.8},"_anchorPoint":{"__type__":"cc.Vec2","y":0.5},"_trs":{"__type__":"TypedArray","ctor":"Float64Array","array":[-190.024,0,0,0,0,0,1,1,1,1]}},{"__type__":"cc.Node","_name":"EditBox2","_parent":{"__id__":1},"_children":[{"__id__":16},{"__id__":18},{"__id__":20},{"__id__":22},{"__id__":23}],"_components":[{"__type__":"cc.EditBox","node":{"__id__":15},"_useOriginalSize":false,"maxLength":8,"textChanged":[{"__type__":"cc.ClickEvent","_componentId":"63c483l8RxNmIy8sZvyiz48","handler":"SetIsChange"}],"_N$textLabel":{"__id__":19},"_N$placeholderLabel":{"__id__":21},"_N$background":{"__id__":17},"_N$inputMode":2}],"_prefab":{"__type__":"cc.PrefabInfo","root":{"__id__":1},"asset":{"__uuid__":"d8rRsnvc1B0K39IKpQO5Cg"},"fileId":"42vSWQ5qlBsrjVvzAI0E22"},"_contentSize":{"__type__":"cc.Size","width":200,"height":64},"_anchorPoint":{"__type__":"cc.Vec2","y":0.5},"_trs":{"__type__":"TypedArray","ctor":"Float64Array","array":[-117.22,-41.076,0,0,0,0,1,1,1,1]}},{"__type__":"cc.Node","_name":"BACKGROUND_SPRITE","_parent":{"__id__":15},"_components":[{"__id__":17}],"_prefab":{"__type__":"cc.PrefabInfo","root":{"__id__":1},"asset":{"__uuid__":"d8rRsnvc1B0K39IKpQO5Cg"},"fileId":"6bdlqqzvpJ5JOkrsOz8CkH"},"_contentSize":{"__type__":"cc.Size","width":200,"height":64},"_anchorPoint":{"__type__":"cc.Vec2","y":0.5},"_trs":{"__type__":"TypedArray","ctor":"Float64Array","array":[0,0,0,0,0,0,1,1,1,1]}},{"__type__":"cc.Sprite","node":{"__id__":16},"_materials":[{"__uuid__":"ecpdLyjvZBwrvm+cedCcQy"}],"_spriteFrame":{"__uuid__":"1aLT1VVMRM/KGRIWp3Uinq"},"_type":1,"_sizeMode":0},{"__type__":"cc.Node","_name":"TEXT_LABEL","_parent":{"__id__":15},"_active":false,"_components":[{"__id__":19}],"_prefab":{"__type__":"cc.PrefabInfo","root":{"__id__":1},"asset":{"__uuid__":"d8rRsnvc1B0K39IKpQO5Cg"},"fileId":"fcztzcGwdLJYl3+RlebRVG"},"_color":{"__type__":"cc.Color","r":112,"g":93,"b":82},"_contentSize":{"__type__":"cc.Size","width":88.03,"height":50.4},"_anchorPoint":{"__type__":"cc.Vec2","y":0.5},"_trs":{"__type__":"TypedArray","ctor":"Float64Array","array":[0,0,0,0,0,0,1,1,1,1]}},{"__type__":"cc.Label","node":{"__id__":18},"_materials":[{"__uuid__":"ecpdLyjvZBwrvm+cedCcQy"}],"_fontSize":36,"_enableWrapText":false,"_N$file":{"__uuid__":"5f5wQekV1CGpJW2meZozWn"},"_isSystemFontUsed":false,"_N$verticalAlign":1},{"__type__":"cc.Node","_name":"PLACEHOLDER_LABEL","_parent":{"__id__":15},"_components":[{"__id__":21}],"_prefab":{"__type__":"cc.PrefabInfo","root":{"__id__":1},"asset":{"__uuid__":"d8rRsnvc1B0K39IKpQO5Cg"},"fileId":"d0ICvwMqZGE5OyHDzWTzOv"},"_color":{"__type__":"cc.Color","r":167,"g":159,"b":141},"_contentSize":{"__type__":"cc.Size","height":37.8},"_anchorPoint":{"__type__":"cc.Vec2","y":0.5},"_trs":{"__type__":"TypedArray","ctor":"Float64Array","array":[0,0,0,0,0,0,1,1,1,1]}},{"__type__":"cc.Label","node":{"__id__":20},"_materials":[{"__uuid__":"ecpdLyjvZBwrvm+cedCcQy"}],"_fontSize":30,"_lineHeight":30,"_enableWrapText":false,"_N$file":{"__uuid__":"5f5wQekV1CGpJW2meZozWn"},"_isSystemFontUsed":false,"_N$verticalAlign":1},{"__type__":"cc.Node","_name":"tip2","_parent":{"__id__":15},"_components":[{"__type__":"cc.Label","node":{"__id__":22},"_materials":[{"__uuid__":"ecpdLyjvZBwrvm+cedCcQy"}],"_useOriginalSize":false,"_string":"提醒全体成员","_N$string":"提醒全体成员","_fontSize":30,"_lineHeight":30,"_N$file":{"__uuid__":"5f5wQekV1CGpJW2meZozWn"},"_isSystemFontUsed":false,"_N$horizontalAlign":1,"_N$verticalAlign":1}],"_prefab":{"__type__":"cc.PrefabInfo","root":{"__id__":1},"asset":{"__uuid__":"d8rRsnvc1B0K39IKpQO5Cg"},"fileId":"b8mkl60xpNco3XmP/v0myO"},"_color":{"__type__":"cc.Color","r":112,"g":93,"b":82},"_contentSize":{"__type__":"cc.Size","width":180,"height":37.8},"_anchorPoint":{"__type__":"cc.Vec2","y":0.5},"_trs":{"__type__":"TypedArray","ctor":"Float64Array","array":[214.706,0,0,0,0,0,1,1,1,1]}},{"__type__":"cc.Node","_name":"tip1","_parent":{"__id__":15},"_components":[{"__type__":"cc.Label","node":{"__id__":23},"_materials":[{"__uuid__":"ecpdLyjvZBwrvm+cedCcQy"}],"_useOriginalSize":false,"_string":"钻石数量低于","_N$string":"钻石数量低于","_fontSize":30,"_lineHeight":30,"_N$file":{"__uuid__":"5f5wQekV1CGpJW2meZozWn"},"_isSystemFontUsed":false,"_N$horizontalAlign":1,"_N$verticalAlign":1}],"_prefab":{"__type__":"cc.PrefabInfo","root":{"__id__":1},"asset":{"__uuid__":"d8rRsnvc1B0K39IKpQO5Cg"},"fileId":"bfUIBl5IFNrrCH2UC5tWVP"},"_color":{"__type__":"cc.Color","r":112,"g":93,"b":82},"_contentSize":{"__type__":"cc.Size","width":180,"height":37.8},"_anchorPoint":{"__type__":"cc.Vec2","y":0.5},"_trs":{"__type__":"TypedArray","ctor":"Float64Array","array":[-190.024,0,0,0,0,0,1,1,1,1]}},{"__type__":"cc.Node","_name":"btn_sure","_parent":{"__id__":1},"_children":[{"__id__":25}],"_components":[{"__type__":"cc.Sprite","node":{"__id__":24},"_materials":[{"__uuid__":"ecpdLyjvZBwrvm+cedCcQy"}],"_spriteFrame":{"__uuid__":"29j7k0ZFtHwrNDogU8q1ZL"}},{"__type__":"cc.Button","node":{"__id__":24},"clickEvents":[{"__type__":"cc.ClickEvent","target":{"__id__":1},"_componentId":"7b156c5ItlBR4hlDsprJF+H","handler":"OnClick_BtnWnd"}],"_N$transition":3,"transition":3,"_N$normalColor":{"__type__":"cc.Color","r":214,"g":214,"b":214},"_N$target":{"__id__":24}}],"_prefab":{"__type__":"cc.PrefabInfo","root":{"__id__":1},"asset":{"__uuid__":"d8rRsnvc1B0K39IKpQO5Cg"},"fileId":"53qznSdLlJR5WxmevQ14bH"},"_contentSize":{"__type__":"cc.Size","width":223,"height":80},"_trs":{"__type__":"TypedArray","ctor":"Float64Array","array":[148.165,-183.978,0,0,0,0,1,1,1,1]}},{"__type__":"cc.Node","_name":"label","_parent":{"__id__":24},"_components":[{"__type__":"cc.Label","node":{"__id__":25},"_materials":[{"__uuid__":"ecpdLyjvZBwrvm+cedCcQy"}],"_useOriginalSize":false,"_string":"确 定","_N$string":"确 定","_lineHeight":42,"_N$file":{"__uuid__":"5f5wQekV1CGpJW2meZozWn"},"_isSystemFontUsed":false,"_N$horizontalAlign":1,"_N$verticalAlign":1},{"__type__":"cc.LabelOutline","node":{"__id__":25},"_color":{"__type__":"cc.Color","r":103,"b":1},"_width":2}],"_prefab":{"__type__":"cc.PrefabInfo","root":{"__id__":1},"asset":{"__uuid__":"d8rRsnvc1B0K39IKpQO5Cg"},"fileId":"80By+eHSdCcY/QX+lqvGRc"},"_contentSize":{"__type__":"cc.Size","width":94.63,"height":56.92},"_trs":{"__type__":"TypedArray","ctor":"Float64Array","array":[0,3,0,0,0,0,1,1,1,1]}},{"__type__":"cc.Node","_name":"btn_close","_parent":{"__id__":1},"_children":[{"__id__":27}],"_components":[{"__type__":"cc.Sprite","node":{"__id__":26},"_materials":[{"__uuid__":"ecpdLyjvZBwrvm+cedCcQy"}],"_spriteFrame":{"__uuid__":"29j7k0ZFtHwrNDogU8q1ZL"}},{"__type__":"cc.Button","node":{"__id__":26},"clickEvents":[{"__type__":"cc.ClickEvent","target":{"__id__":1},"_componentId":"7b156c5ItlBR4hlDsprJF+H","handler":"OnClick_BtnWnd"}],"_N$transition":3,"transition":3,"_N$normalColor":{"__type__":"cc.Color","r":214,"g":214,"b":214},"_N$target":{"__id__":26}}],"_prefab":{"__type__":"cc.PrefabInfo","root":{"__id__":1},"asset":{"__uuid__":"d8rRsnvc1B0K39IKpQO5Cg"},"fileId":"11SUB/wEhNOqfgpeNhZqvE"},"_contentSize":{"__type__":"cc.Size","width":223,"height":80},"_trs":{"__type__":"TypedArray","ctor":"Float64Array","array":[-149.389,-183.978,0,0,0,0,1,1,1,1]}},{"__type__":"cc.Node","_name":"label","_parent":{"__id__":26},"_components":[{"__type__":"cc.Label","node":{"__id__":27},"_materials":[{"__uuid__":"ecpdLyjvZBwrvm+cedCcQy"}],"_useOriginalSize":false,"_string":"取消","_N$string":"取消","_lineHeight":42,"_N$file":{"__uuid__":"5f5wQekV1CGpJW2meZozWn"},"_isSystemFontUsed":false,"_N$horizontalAlign":1,"_N$verticalAlign":1},{"__type__":"cc.LabelOutline","node":{"__id__":27},"_color":{"__type__":"cc.Color","r":103,"b":1},"_width":2}],"_prefab":{"__type__":"cc.PrefabInfo","root":{"__id__":1},"asset":{"__uuid__":"d8rRsnvc1B0K39IKpQO5Cg"},"fileId":"afdOgCvx1B+aCQLqefRcae"},"_contentSize":{"__type__":"cc.Size","width":84,"height":56.92},"_trs":{"__type__":"TypedArray","ctor":"Float64Array","array":[0,3,0,0,0,0,1,1,1,1]}}],{"__type__":"cc.SpriteFrame","content":{"name":"btn_close","texture":"adT+cX5aVEFrD91N8Yp4Db","rect":[0,0,79,80],"offset":[0,0],"originalSize":[79,80],"capInsets":[0,0,0,0]}},{"__type__":"cc.SpriteFrame","content":{"name":"default_btn_pressed","texture":"b4P/PCArtIdIH38t6mlw8Y","rect":[0,0,40,40],"offset":[0,0],"originalSize":[40,40],"capInsets":[12,12,12,12]}},{"__type__":"cc.SpriteFrame","content":{"name":"default_btn_normal","texture":"e8Ueib+qJEhL6mXAHdnwbi","rect":[0,0,40,40],"offset":[0,0],"originalSize":[40,40],"capInsets":[12,12,12,12]}}]