[{"__type__":"cc.SpriteFrame","content":{"name":"touxiang","texture":"1dtYXu39lEWY7F/BhMxsaC","rect":[0,0,73,73],"offset":[0,0],"originalSize":[73,73],"capInsets":[0,0,0,0]}},{"__type__":"cc.SpriteFrame","content":{"name":"img_srk","texture":"4fF0MdCJxNAZIBzGY6bjxs","rect":[0,0,278,53],"offset":[0,0],"originalSize":[278,53],"capInsets":[0,0,0,0]}},{"__type__":"cc.SpriteFrame","content":{"name":"icon_tx46_di","texture":"3aM5LgSNRASbR91sVOY9ff","rect":[0,0,70,70],"offset":[0,0],"originalSize":[70,70],"capInsets":[0,0,0,0]}},[{"__type__":"cc.Prefab","_name":"demo_new7","data":{"__id__":1}},{"__type__":"cc.Node","_name":"demo_new7","_children":[{"__id__":2},{"__id__":3},{"__id__":4},{"__id__":61},{"__id__":62},{"__id__":63},{"__id__":64},{"__id__":66},{"__id__":67},{"__id__":69},{"__id__":70}],"_components":[{"__type__":"cc.Button","node":{"__id__":1}}],"_prefab":{"__type__":"cc.PrefabInfo","root":{"__id__":1},"asset":{"__uuid__":"96qAVsGJdPsZOaicA7CaF9"},"fileId":"6bnFh05ipFKI8MVceTmgGz"},"_contentSize":{"__type__":"cc.Size","width":387,"height":255},"_trs":{"__type__":"TypedArray","ctor":"Float64Array","array":[0,0,0,0,0,0,1,1,1,1]}},{"__type__":"cc.Node","_name":"bg","_parent":{"__id__":1},"_components":[{"__type__":"cc.Sprite","node":{"__id__":2},"_materials":[{"__uuid__":"ecpdLyjvZBwrvm+cedCcQy"}],"_spriteFrame":{"__uuid__":"b3tEU3x6FDVo4bJIvOF5qa"}}],"_prefab":{"__type__":"cc.PrefabInfo","root":{"__id__":1},"asset":{"__uuid__":"96qAVsGJdPsZOaicA7CaF9"},"fileId":"9eRu64c1ZM/ryHfD4mxv5h"},"_contentSize":{"__type__":"cc.Size","width":362,"height":244},"_trs":{"__type__":"TypedArray","ctor":"Float64Array","array":[0,0,0,0,0,0,1,1,1,1]}},{"__type__":"cc.Node","_name":"paishu","_parent":{"__id__":1},"_active":false,"_components":[{"__type__":"cc.Label","node":{"__id__":3},"_materials":[{"__uuid__":"ecpdLyjvZBwrvm+cedCcQy"}],"_useOriginalSize":false,"_string":"3牌房","_N$string":"3牌房","_fontSize":20,"_lineHeight":23,"_N$file":{"__uuid__":"5f5wQekV1CGpJW2meZozWn"},"_isSystemFontUsed":false,"_N$horizontalAlign":1,"_N$verticalAlign":1},{"__type__":"cc.LabelOutline","node":{"__id__":3},"_color":{"__type__":"cc.Color","r":51,"g":31,"b":34},"_width":3}],"_prefab":{"__type__":"cc.PrefabInfo","root":{"__id__":1},"asset":{"__uuid__":"96qAVsGJdPsZOaicA7CaF9"},"fileId":"d26aE6rWVAHKo5FtOTiKkG"},"_contentSize":{"__type__":"cc.Size","width":57.41,"height":34.980000000000004},"_position":{"__type__":"cc.Vec3","y":74.1},"_scale":{"__type__":"cc.Vec3","x":1,"y":1,"z":1},"_trs":{"__type__":"TypedArray","ctor":"Float64Array","array":[60.103,23.07,0,0,0,0,1,1,1,1]}},{"__type__":"cc.Node","_name":"head_layout","_parent":{"__id__":1},"_children":[{"__id__":5},{"__id__":13},{"__id__":21},{"__id__":29},{"__id__":37},{"__id__":45},{"__id__":53}],"_prefab":{"__type__":"cc.PrefabInfo","root":{"__id__":1},"asset":{"__uuid__":"96qAVsGJdPsZOaicA7CaF9"},"fileId":"b33wK7fKdPQ6zRrUWSDPkm"},"_contentSize":{"__type__":"cc.Size","width":409,"height":90},"_anchorPoint":{"__type__":"cc.Vec2","y":0.5},"_trs":{"__type__":"TypedArray","ctor":"Float64Array","array":[-117.3,43.8,0,0,0,0,1,1,1,1]}},{"__type__":"cc.Node","_name":"user1","_parent":{"__id__":4},"_children":[{"__id__":6},{"__id__":10},{"__id__":11}],"_prefab":{"__type__":"cc.PrefabInfo","root":{"__id__":1},"asset":{"__uuid__":"96qAVsGJdPsZOaicA7CaF9"},"fileId":"6f6AleDxZFoIJc//Wizupj"},"_trs":{"__type__":"TypedArray","ctor":"Float64Array","array":[14.306,67.649,0,0,0,0,1,1.2,1.2,1]}},{"__type__":"cc.Node","_name":"mask","_parent":{"__id__":5},"_children":[{"__id__":7},{"__id__":8}],"_components":[{"__type__":"cc.Mask","node":{"__id__":6},"_materials":[{"__uuid__":"ecpdLyjvZBwrvm+cedCcQy"}],"_spriteFrame":{"__uuid__":"1ex2+Je61Pu4xHlY2A6DnZ"},"_type":2}],"_prefab":{"__type__":"cc.PrefabInfo","root":{"__id__":1},"asset":{"__uuid__":"96qAVsGJdPsZOaicA7CaF9"},"fileId":"ceIFs2IH5PbqqjU1RWoUDI"},"_contentSize":{"__type__":"cc.Size","width":46,"height":46},"_trs":{"__type__":"TypedArray","ctor":"Float64Array","array":[0,0,0,0,0,0,1,1,1,1]}},{"__type__":"cc.Node","_name":"head","_parent":{"__id__":6},"_components":[{"__type__":"cc.Sprite","node":{"__id__":7},"_materials":[{"__uuid__":"ecpdLyjvZBwrvm+cedCcQy"}],"_spriteFrame":{"__uuid__":"e6JNuRrHVFM4KYnmai3HR+"},"_sizeMode":0,"_isTrimmedMode":false},{"__type__":"f42b8ZzNWFKKI/QT/n8cR1+","node":{"__id__":7}}],"_prefab":{"__type__":"cc.PrefabInfo","root":{"__id__":1},"asset":{"__uuid__":"96qAVsGJdPsZOaicA7CaF9"},"fileId":"a6t0oEGvNIGInUY7clkRE2"},"_contentSize":{"__type__":"cc.Size","width":55,"height":55},"_trs":{"__type__":"TypedArray","ctor":"Float64Array","array":[0,0,0,0,0,0,1,1,1,1]}},{"__type__":"cc.Node","_name":"lixian","_parent":{"__id__":6},"_children":[{"__id__":9}],"_components":[{"__type__":"cc.Sprite","node":{"__id__":8},"_materials":[{"__uuid__":"ecpdLyjvZBwrvm+cedCcQy"}],"_spriteFrame":{"__uuid__":"012IHt40xCG7tUDIieNTX4"}}],"_prefab":{"__type__":"cc.PrefabInfo","root":{"__id__":1},"asset":{"__uuid__":"96qAVsGJdPsZOaicA7CaF9"},"fileId":"25mo1IMSNKxLHa/XRItEHa"},"_contentSize":{"__type__":"cc.Size","width":73,"height":73},"_trs":{"__type__":"TypedArray","ctor":"Float64Array","array":[0,0,0,0,0,0,1,1,1,1]}},{"__type__":"cc.Node","_name":"lixianzhong","_parent":{"__id__":8},"_components":[{"__type__":"cc.Sprite","node":{"__id__":9},"_materials":[{"__uuid__":"ecpdLyjvZBwrvm+cedCcQy"}],"_spriteFrame":{"__uuid__":"a0/fj7ENxHJ4F+Rv6UwWvZ"},"_sizeMode":0}],"_prefab":{"__type__":"cc.PrefabInfo","root":{"__id__":1},"asset":{"__uuid__":"96qAVsGJdPsZOaicA7CaF9"},"fileId":"05GTpS3F1KzbZIAt2AXVN+"},"_contentSize":{"__type__":"cc.Size","width":39,"height":15},"_trs":{"__type__":"TypedArray","ctor":"Float64Array","array":[0,0,0,0,0,0,1,1,1,1]}},{"__type__":"cc.Node","_name":"icon_di","_parent":{"__id__":5},"_components":[{"__type__":"cc.Sprite","node":{"__id__":10},"_materials":[{"__uuid__":"ecpdLyjvZBwrvm+cedCcQy"}],"_spriteFrame":{"__uuid__":"aaHnm48C9HF721LIB8IcdE"},"_sizeMode":0}],"_prefab":{"__type__":"cc.PrefabInfo","root":{"__id__":1},"asset":{"__uuid__":"96qAVsGJdPsZOaicA7CaF9"},"fileId":"1bI/aitDVJ7bkVAlIMHHdo"},"_contentSize":{"__type__":"cc.Size","width":50,"height":50},"_trs":{"__type__":"TypedArray","ctor":"Float64Array","array":[0,0,0,0,0,0,1,1,1,1]}},{"__type__":"cc.Node","_name":"name","_parent":{"__id__":5},"_children":[{"__id__":12}],"_components":[{"__type__":"cc.Sprite","node":{"__id__":11},"_materials":[{"__uuid__":"ecpdLyjvZBwrvm+cedCcQy"}],"_spriteFrame":{"__uuid__":"a90CvZZvxBV4BPQccRmk+E"},"_sizeMode":0}],"_prefab":{"__type__":"cc.PrefabInfo","root":{"__id__":1},"asset":{"__uuid__":"96qAVsGJdPsZOaicA7CaF9"},"fileId":"65xRiy9oFOJJ9q0oTeQept"},"_contentSize":{"__type__":"cc.Size","width":75,"height":26},"_trs":{"__type__":"TypedArray","ctor":"Float64Array","array":[1.344,-35.968,0,0,0,0,1,0.8,0.8,1]}},{"__type__":"cc.Node","_name":"lb","_parent":{"__id__":11},"_components":[{"__type__":"cc.Label","node":{"__id__":12},"_materials":[{"__uuid__":"ecpdLyjvZBwrvm+cedCcQy"}],"_useOriginalSize":false,"_string":"纯属娱乐","_N$string":"纯属娱乐","_fontSize":14,"_lineHeight":20,"_N$file":{"__uuid__":"5f5wQekV1CGpJW2meZozWn"},"_isSystemFontUsed":false,"_N$horizontalAlign":1,"_N$verticalAlign":1}],"_prefab":{"__type__":"cc.PrefabInfo","root":{"__id__":1},"asset":{"__uuid__":"96qAVsGJdPsZOaicA7CaF9"},"fileId":"341Y8cpmNGLr+b15EX2yVH"},"_color":{"__type__":"cc.Color","r":255,"g":239,"b":235},"_contentSize":{"__type__":"cc.Size","width":56,"height":25.2},"_trs":{"__type__":"TypedArray","ctor":"Float64Array","array":[0,0,0,0,0,0,1,1,1,1]}},{"__type__":"cc.Node","_name":"user2","_parent":{"__id__":4},"_children":[{"__id__":14},{"__id__":18},{"__id__":19}],"_prefab":{"__type__":"cc.PrefabInfo","root":{"__id__":1},"asset":{"__uuid__":"96qAVsGJdPsZOaicA7CaF9"},"fileId":"7bfg88nJdGT7Hko0XzUQqu"},"_trs":{"__type__":"TypedArray","ctor":"Float64Array","array":[250.525,-43.787,0,0,0,0,1,1.2,1.2,1]}},{"__type__":"cc.Node","_name":"mask","_parent":{"__id__":13},"_children":[{"__id__":15},{"__id__":16}],"_components":[{"__type__":"cc.Mask","node":{"__id__":14},"_materials":[{"__uuid__":"ecpdLyjvZBwrvm+cedCcQy"}],"_spriteFrame":{"__uuid__":"1ex2+Je61Pu4xHlY2A6DnZ"},"_type":2}],"_prefab":{"__type__":"cc.PrefabInfo","root":{"__id__":1},"asset":{"__uuid__":"96qAVsGJdPsZOaicA7CaF9"},"fileId":"149mCjhiFJ47TeEr45g5LV"},"_contentSize":{"__type__":"cc.Size","width":46,"height":46},"_trs":{"__type__":"TypedArray","ctor":"Float64Array","array":[0,0,0,0,0,0,1,1,1,1]}},{"__type__":"cc.Node","_name":"head","_parent":{"__id__":14},"_components":[{"__type__":"cc.Sprite","node":{"__id__":15},"_materials":[{"__uuid__":"ecpdLyjvZBwrvm+cedCcQy"}],"_spriteFrame":{"__uuid__":"e6JNuRrHVFM4KYnmai3HR+"},"_sizeMode":0,"_isTrimmedMode":false},{"__type__":"f42b8ZzNWFKKI/QT/n8cR1+","node":{"__id__":15}}],"_prefab":{"__type__":"cc.PrefabInfo","root":{"__id__":1},"asset":{"__uuid__":"96qAVsGJdPsZOaicA7CaF9"},"fileId":"deTtsxLIVORbz4AjEOxBXv"},"_contentSize":{"__type__":"cc.Size","width":55,"height":55},"_trs":{"__type__":"TypedArray","ctor":"Float64Array","array":[0,0,0,0,0,0,1,1,1,1]}},{"__type__":"cc.Node","_name":"lixian","_parent":{"__id__":14},"_children":[{"__id__":17}],"_components":[{"__type__":"cc.Sprite","node":{"__id__":16},"_materials":[{"__uuid__":"ecpdLyjvZBwrvm+cedCcQy"}],"_spriteFrame":{"__uuid__":"012IHt40xCG7tUDIieNTX4"}}],"_prefab":{"__type__":"cc.PrefabInfo","root":{"__id__":1},"asset":{"__uuid__":"96qAVsGJdPsZOaicA7CaF9"},"fileId":"acEDmXwYNH8rES5w+rTg/r"},"_contentSize":{"__type__":"cc.Size","width":73,"height":73},"_trs":{"__type__":"TypedArray","ctor":"Float64Array","array":[0,0,0,0,0,0,1,1,1,1]}},{"__type__":"cc.Node","_name":"lixianzhong","_parent":{"__id__":16},"_components":[{"__type__":"cc.Sprite","node":{"__id__":17},"_materials":[{"__uuid__":"ecpdLyjvZBwrvm+cedCcQy"}],"_spriteFrame":{"__uuid__":"a0/fj7ENxHJ4F+Rv6UwWvZ"},"_sizeMode":0}],"_prefab":{"__type__":"cc.PrefabInfo","root":{"__id__":1},"asset":{"__uuid__":"96qAVsGJdPsZOaicA7CaF9"},"fileId":"87GFBXVxRInLps7as9ml8K"},"_contentSize":{"__type__":"cc.Size","width":39,"height":15},"_trs":{"__type__":"TypedArray","ctor":"Float64Array","array":[0,0,0,0,0,0,1,1,1,1]}},{"__type__":"cc.Node","_name":"icon_di","_parent":{"__id__":13},"_components":[{"__type__":"cc.Sprite","node":{"__id__":18},"_materials":[{"__uuid__":"ecpdLyjvZBwrvm+cedCcQy"}],"_spriteFrame":{"__uuid__":"aaHnm48C9HF721LIB8IcdE"},"_sizeMode":0}],"_prefab":{"__type__":"cc.PrefabInfo","root":{"__id__":1},"asset":{"__uuid__":"96qAVsGJdPsZOaicA7CaF9"},"fileId":"56sfPNTllL8Y1vpMiWfmrE"},"_contentSize":{"__type__":"cc.Size","width":50,"height":50},"_trs":{"__type__":"TypedArray","ctor":"Float64Array","array":[0,0,0,0,0,0,1,1,1,1]}},{"__type__":"cc.Node","_name":"name","_parent":{"__id__":13},"_children":[{"__id__":20}],"_components":[{"__type__":"cc.Sprite","node":{"__id__":19},"_materials":[{"__uuid__":"ecpdLyjvZBwrvm+cedCcQy"}],"_spriteFrame":{"__uuid__":"a90CvZZvxBV4BPQccRmk+E"},"_sizeMode":0}],"_prefab":{"__type__":"cc.PrefabInfo","root":{"__id__":1},"asset":{"__uuid__":"96qAVsGJdPsZOaicA7CaF9"},"fileId":"fcYKd3JB1L057R/QcDdE/g"},"_contentSize":{"__type__":"cc.Size","width":75,"height":26},"_trs":{"__type__":"TypedArray","ctor":"Float64Array","array":[0,-40,0,0,0,0,1,1,1,1]}},{"__type__":"cc.Node","_name":"lb","_parent":{"__id__":19},"_components":[{"__type__":"cc.Label","node":{"__id__":20},"_materials":[{"__uuid__":"ecpdLyjvZBwrvm+cedCcQy"}],"_useOriginalSize":false,"_string":"纯属娱乐","_N$string":"纯属娱乐","_fontSize":14,"_lineHeight":20,"_N$file":{"__uuid__":"5f5wQekV1CGpJW2meZozWn"},"_isSystemFontUsed":false,"_N$horizontalAlign":1,"_N$verticalAlign":1}],"_prefab":{"__type__":"cc.PrefabInfo","root":{"__id__":1},"asset":{"__uuid__":"96qAVsGJdPsZOaicA7CaF9"},"fileId":"1bzSkPDvZPaaWYOALZUFy0"},"_contentSize":{"__type__":"cc.Size","width":56,"height":25.2},"_trs":{"__type__":"TypedArray","ctor":"Float64Array","array":[0,0,0,0,0,0,1,1,1,1]}},{"__type__":"cc.Node","_name":"user3","_parent":{"__id__":4},"_children":[{"__id__":22},{"__id__":26},{"__id__":27}],"_prefab":{"__type__":"cc.PrefabInfo","root":{"__id__":1},"asset":{"__uuid__":"96qAVsGJdPsZOaicA7CaF9"},"fileId":"47EO3EEh5ORan2Gy8yONZq"},"_trs":{"__type__":"TypedArray","ctor":"Float64Array","array":[15.9,-42.339,0,0,0,0,1,1.2,1.2,1]}},{"__type__":"cc.Node","_name":"mask","_parent":{"__id__":21},"_children":[{"__id__":23},{"__id__":24}],"_components":[{"__type__":"cc.Mask","node":{"__id__":22},"_materials":[{"__uuid__":"ecpdLyjvZBwrvm+cedCcQy"}],"_spriteFrame":{"__uuid__":"1ex2+Je61Pu4xHlY2A6DnZ"},"_type":2}],"_prefab":{"__type__":"cc.PrefabInfo","root":{"__id__":1},"asset":{"__uuid__":"96qAVsGJdPsZOaicA7CaF9"},"fileId":"91YpdMpu9Lobi6p03uI+gj"},"_contentSize":{"__type__":"cc.Size","width":46,"height":46},"_trs":{"__type__":"TypedArray","ctor":"Float64Array","array":[0,0,0,0,0,0,1,1,1,1]}},{"__type__":"cc.Node","_name":"head","_parent":{"__id__":22},"_components":[{"__type__":"cc.Sprite","node":{"__id__":23},"_materials":[{"__uuid__":"ecpdLyjvZBwrvm+cedCcQy"}],"_spriteFrame":{"__uuid__":"e6JNuRrHVFM4KYnmai3HR+"},"_sizeMode":0,"_isTrimmedMode":false},{"__type__":"f42b8ZzNWFKKI/QT/n8cR1+","node":{"__id__":23}}],"_prefab":{"__type__":"cc.PrefabInfo","root":{"__id__":1},"asset":{"__uuid__":"96qAVsGJdPsZOaicA7CaF9"},"fileId":"51Ehm/ieVFOKvWaw60SY0y"},"_contentSize":{"__type__":"cc.Size","width":55,"height":55},"_trs":{"__type__":"TypedArray","ctor":"Float64Array","array":[0,0,0,0,0,0,1,1,1,1]}},{"__type__":"cc.Node","_name":"lixian","_parent":{"__id__":22},"_children":[{"__id__":25}],"_components":[{"__type__":"cc.Sprite","node":{"__id__":24},"_materials":[{"__uuid__":"ecpdLyjvZBwrvm+cedCcQy"}],"_spriteFrame":{"__uuid__":"012IHt40xCG7tUDIieNTX4"}}],"_prefab":{"__type__":"cc.PrefabInfo","root":{"__id__":1},"asset":{"__uuid__":"96qAVsGJdPsZOaicA7CaF9"},"fileId":"69khpaCbdHWbspx8Xo+WLo"},"_contentSize":{"__type__":"cc.Size","width":73,"height":73},"_trs":{"__type__":"TypedArray","ctor":"Float64Array","array":[0,0,0,0,0,0,1,1,1,1]}},{"__type__":"cc.Node","_name":"lixianzhong","_parent":{"__id__":24},"_components":[{"__type__":"cc.Sprite","node":{"__id__":25},"_materials":[{"__uuid__":"ecpdLyjvZBwrvm+cedCcQy"}],"_spriteFrame":{"__uuid__":"a0/fj7ENxHJ4F+Rv6UwWvZ"},"_sizeMode":0}],"_prefab":{"__type__":"cc.PrefabInfo","root":{"__id__":1},"asset":{"__uuid__":"96qAVsGJdPsZOaicA7CaF9"},"fileId":"c3PE4sVqBFbZXLOZMEuTqg"},"_contentSize":{"__type__":"cc.Size","width":39,"height":15},"_trs":{"__type__":"TypedArray","ctor":"Float64Array","array":[0,0,0,0,0,0,1,1,1,1]}},{"__type__":"cc.Node","_name":"icon_di","_parent":{"__id__":21},"_components":[{"__type__":"cc.Sprite","node":{"__id__":26},"_materials":[{"__uuid__":"ecpdLyjvZBwrvm+cedCcQy"}],"_spriteFrame":{"__uuid__":"aaHnm48C9HF721LIB8IcdE"},"_sizeMode":0}],"_prefab":{"__type__":"cc.PrefabInfo","root":{"__id__":1},"asset":{"__uuid__":"96qAVsGJdPsZOaicA7CaF9"},"fileId":"7dGjggrcNDyoU3Y607ULuv"},"_contentSize":{"__type__":"cc.Size","width":50,"height":50},"_trs":{"__type__":"TypedArray","ctor":"Float64Array","array":[0,0,0,0,0,0,1,1,1,1]}},{"__type__":"cc.Node","_name":"name","_parent":{"__id__":21},"_children":[{"__id__":28}],"_components":[{"__type__":"cc.Sprite","node":{"__id__":27},"_materials":[{"__uuid__":"ecpdLyjvZBwrvm+cedCcQy"}],"_spriteFrame":{"__uuid__":"a90CvZZvxBV4BPQccRmk+E"},"_sizeMode":0}],"_prefab":{"__type__":"cc.PrefabInfo","root":{"__id__":1},"asset":{"__uuid__":"96qAVsGJdPsZOaicA7CaF9"},"fileId":"80vW7yBoJM3IyO+/ddTIfo"},"_contentSize":{"__type__":"cc.Size","width":75,"height":26},"_trs":{"__type__":"TypedArray","ctor":"Float64Array","array":[0,-40,0,0,0,0,1,1,1,1]}},{"__type__":"cc.Node","_name":"lb","_parent":{"__id__":27},"_components":[{"__type__":"cc.Label","node":{"__id__":28},"_materials":[{"__uuid__":"ecpdLyjvZBwrvm+cedCcQy"}],"_useOriginalSize":false,"_string":"纯属娱乐","_N$string":"纯属娱乐","_fontSize":14,"_lineHeight":20,"_N$file":{"__uuid__":"5f5wQekV1CGpJW2meZozWn"},"_isSystemFontUsed":false,"_N$horizontalAlign":1,"_N$verticalAlign":1}],"_prefab":{"__type__":"cc.PrefabInfo","root":{"__id__":1},"asset":{"__uuid__":"96qAVsGJdPsZOaicA7CaF9"},"fileId":"9f2/77HvZD0bvnsCkEnx3f"},"_contentSize":{"__type__":"cc.Size","width":56,"height":25.2},"_trs":{"__type__":"TypedArray","ctor":"Float64Array","array":[0,0,0,0,0,0,1,1,1,1]}},{"__type__":"cc.Node","_name":"user4","_parent":{"__id__":4},"_children":[{"__id__":30},{"__id__":34},{"__id__":35}],"_prefab":{"__type__":"cc.PrefabInfo","root":{"__id__":1},"asset":{"__uuid__":"96qAVsGJdPsZOaicA7CaF9"},"fileId":"e3zwulxWJFlZl7hyJ2IecS"},"_trs":{"__type__":"TypedArray","ctor":"Float64Array","array":[226.037,65.656,0,0,0,0,1,1.2,1.2,1]}},{"__type__":"cc.Node","_name":"mask","_parent":{"__id__":29},"_children":[{"__id__":31},{"__id__":32}],"_components":[{"__type__":"cc.Mask","node":{"__id__":30},"_materials":[{"__uuid__":"ecpdLyjvZBwrvm+cedCcQy"}],"_spriteFrame":{"__uuid__":"1ex2+Je61Pu4xHlY2A6DnZ"},"_type":2}],"_prefab":{"__type__":"cc.PrefabInfo","root":{"__id__":1},"asset":{"__uuid__":"96qAVsGJdPsZOaicA7CaF9"},"fileId":"5dOvzzn7RKrazRsXU54BXV"},"_contentSize":{"__type__":"cc.Size","width":46,"height":46},"_trs":{"__type__":"TypedArray","ctor":"Float64Array","array":[0,0,0,0,0,0,1,1,1,1]}},{"__type__":"cc.Node","_name":"head","_parent":{"__id__":30},"_components":[{"__type__":"cc.Sprite","node":{"__id__":31},"_materials":[{"__uuid__":"ecpdLyjvZBwrvm+cedCcQy"}],"_spriteFrame":{"__uuid__":"e6JNuRrHVFM4KYnmai3HR+"},"_sizeMode":0,"_isTrimmedMode":false},{"__type__":"f42b8ZzNWFKKI/QT/n8cR1+","node":{"__id__":31}}],"_prefab":{"__type__":"cc.PrefabInfo","root":{"__id__":1},"asset":{"__uuid__":"96qAVsGJdPsZOaicA7CaF9"},"fileId":"e0yb3tLCNKEZOm6Zh6w0GY"},"_contentSize":{"__type__":"cc.Size","width":55,"height":55},"_trs":{"__type__":"TypedArray","ctor":"Float64Array","array":[0,0,0,0,0,0,1,1,1,1]}},{"__type__":"cc.Node","_name":"lixian","_parent":{"__id__":30},"_children":[{"__id__":33}],"_components":[{"__type__":"cc.Sprite","node":{"__id__":32},"_materials":[{"__uuid__":"ecpdLyjvZBwrvm+cedCcQy"}],"_spriteFrame":{"__uuid__":"012IHt40xCG7tUDIieNTX4"}}],"_prefab":{"__type__":"cc.PrefabInfo","root":{"__id__":1},"asset":{"__uuid__":"96qAVsGJdPsZOaicA7CaF9"},"fileId":"a2KHLQBHZCvr7NNIbOWPDU"},"_contentSize":{"__type__":"cc.Size","width":73,"height":73},"_trs":{"__type__":"TypedArray","ctor":"Float64Array","array":[0,0,0,0,0,0,1,1,1,1]}},{"__type__":"cc.Node","_name":"lixianzhong","_parent":{"__id__":32},"_components":[{"__type__":"cc.Sprite","node":{"__id__":33},"_materials":[{"__uuid__":"ecpdLyjvZBwrvm+cedCcQy"}],"_spriteFrame":{"__uuid__":"a0/fj7ENxHJ4F+Rv6UwWvZ"},"_sizeMode":0}],"_prefab":{"__type__":"cc.PrefabInfo","root":{"__id__":1},"asset":{"__uuid__":"96qAVsGJdPsZOaicA7CaF9"},"fileId":"15q3rx8c1J15N2551hEccR"},"_contentSize":{"__type__":"cc.Size","width":39,"height":15},"_trs":{"__type__":"TypedArray","ctor":"Float64Array","array":[0,0,0,0,0,0,1,1,1,1]}},{"__type__":"cc.Node","_name":"icon_di","_parent":{"__id__":29},"_components":[{"__type__":"cc.Sprite","node":{"__id__":34},"_materials":[{"__uuid__":"ecpdLyjvZBwrvm+cedCcQy"}],"_spriteFrame":{"__uuid__":"aaHnm48C9HF721LIB8IcdE"},"_sizeMode":0}],"_prefab":{"__type__":"cc.PrefabInfo","root":{"__id__":1},"asset":{"__uuid__":"96qAVsGJdPsZOaicA7CaF9"},"fileId":"36dkYn5GtKbY3DYuICqhwY"},"_contentSize":{"__type__":"cc.Size","width":50,"height":50},"_trs":{"__type__":"TypedArray","ctor":"Float64Array","array":[0,0,0,0,0,0,1,1,1,1]}},{"__type__":"cc.Node","_name":"name","_parent":{"__id__":29},"_children":[{"__id__":36}],"_components":[{"__type__":"cc.Sprite","node":{"__id__":35},"_materials":[{"__uuid__":"ecpdLyjvZBwrvm+cedCcQy"}],"_spriteFrame":{"__uuid__":"a90CvZZvxBV4BPQccRmk+E"},"_sizeMode":0}],"_prefab":{"__type__":"cc.PrefabInfo","root":{"__id__":1},"asset":{"__uuid__":"96qAVsGJdPsZOaicA7CaF9"},"fileId":"98FqXnKF1IzLP2iNOqdSfn"},"_contentSize":{"__type__":"cc.Size","width":75,"height":26},"_trs":{"__type__":"TypedArray","ctor":"Float64Array","array":[0,-40,0,0,0,0,1,1,1,1]}},{"__type__":"cc.Node","_name":"lb","_parent":{"__id__":35},"_components":[{"__type__":"cc.Label","node":{"__id__":36},"_materials":[{"__uuid__":"ecpdLyjvZBwrvm+cedCcQy"}],"_useOriginalSize":false,"_string":"纯属娱乐","_N$string":"纯属娱乐","_fontSize":14,"_lineHeight":20,"_N$file":{"__uuid__":"5f5wQekV1CGpJW2meZozWn"},"_isSystemFontUsed":false,"_N$horizontalAlign":1,"_N$verticalAlign":1}],"_prefab":{"__type__":"cc.PrefabInfo","root":{"__id__":1},"asset":{"__uuid__":"96qAVsGJdPsZOaicA7CaF9"},"fileId":"0bEsR0uVtL8ZsyYLWYhUst"},"_contentSize":{"__type__":"cc.Size","width":56,"height":25.2},"_trs":{"__type__":"TypedArray","ctor":"Float64Array","array":[0,0,0,0,0,0,1,1,1,1]}},{"__type__":"cc.Node","_name":"user5","_parent":{"__id__":4},"_children":[{"__id__":38},{"__id__":42},{"__id__":43}],"_prefab":{"__type__":"cc.PrefabInfo","root":{"__id__":1},"asset":{"__uuid__":"96qAVsGJdPsZOaicA7CaF9"},"fileId":"beSQscMfJLy6QwHV5k0XIu"},"_trs":{"__type__":"TypedArray","ctor":"Float64Array","array":[116.862,77.476,0,0,0,0,1,1.2,1.2,1]}},{"__type__":"cc.Node","_name":"mask","_parent":{"__id__":37},"_children":[{"__id__":39},{"__id__":40}],"_components":[{"__type__":"cc.Mask","node":{"__id__":38},"_materials":[{"__uuid__":"ecpdLyjvZBwrvm+cedCcQy"}],"_spriteFrame":{"__uuid__":"1ex2+Je61Pu4xHlY2A6DnZ"},"_type":2}],"_prefab":{"__type__":"cc.PrefabInfo","root":{"__id__":1},"asset":{"__uuid__":"96qAVsGJdPsZOaicA7CaF9"},"fileId":"fehNJ1Q3tGnY91EQT+VPx5"},"_contentSize":{"__type__":"cc.Size","width":46,"height":46},"_trs":{"__type__":"TypedArray","ctor":"Float64Array","array":[0,0,0,0,0,0,1,1,1,1]}},{"__type__":"cc.Node","_name":"head","_parent":{"__id__":38},"_components":[{"__type__":"cc.Sprite","node":{"__id__":39},"_materials":[{"__uuid__":"ecpdLyjvZBwrvm+cedCcQy"}],"_spriteFrame":{"__uuid__":"e6JNuRrHVFM4KYnmai3HR+"},"_sizeMode":0,"_isTrimmedMode":false},{"__type__":"f42b8ZzNWFKKI/QT/n8cR1+","node":{"__id__":39}}],"_prefab":{"__type__":"cc.PrefabInfo","root":{"__id__":1},"asset":{"__uuid__":"96qAVsGJdPsZOaicA7CaF9"},"fileId":"d1NNsa1CpLuYsOC6+WNHZw"},"_contentSize":{"__type__":"cc.Size","width":55,"height":55},"_trs":{"__type__":"TypedArray","ctor":"Float64Array","array":[0,0,0,0,0,0,1,1,1,1]}},{"__type__":"cc.Node","_name":"lixian","_parent":{"__id__":38},"_children":[{"__id__":41}],"_components":[{"__type__":"cc.Sprite","node":{"__id__":40},"_materials":[{"__uuid__":"ecpdLyjvZBwrvm+cedCcQy"}],"_spriteFrame":{"__uuid__":"012IHt40xCG7tUDIieNTX4"}}],"_prefab":{"__type__":"cc.PrefabInfo","root":{"__id__":1},"asset":{"__uuid__":"96qAVsGJdPsZOaicA7CaF9"},"fileId":"d1B1Yi3CtMz5+ScoW6YR4R"},"_contentSize":{"__type__":"cc.Size","width":73,"height":73},"_trs":{"__type__":"TypedArray","ctor":"Float64Array","array":[0,0,0,0,0,0,1,1,1,1]}},{"__type__":"cc.Node","_name":"lixianzhong","_parent":{"__id__":40},"_components":[{"__type__":"cc.Sprite","node":{"__id__":41},"_materials":[{"__uuid__":"ecpdLyjvZBwrvm+cedCcQy"}],"_spriteFrame":{"__uuid__":"a0/fj7ENxHJ4F+Rv6UwWvZ"},"_sizeMode":0}],"_prefab":{"__type__":"cc.PrefabInfo","root":{"__id__":1},"asset":{"__uuid__":"96qAVsGJdPsZOaicA7CaF9"},"fileId":"7ei3EtF5JN8JPVwMDNaaDZ"},"_contentSize":{"__type__":"cc.Size","width":39,"height":15},"_trs":{"__type__":"TypedArray","ctor":"Float64Array","array":[0,0,0,0,0,0,1,1,1,1]}},{"__type__":"cc.Node","_name":"icon_di","_parent":{"__id__":37},"_components":[{"__type__":"cc.Sprite","node":{"__id__":42},"_materials":[{"__uuid__":"ecpdLyjvZBwrvm+cedCcQy"}],"_spriteFrame":{"__uuid__":"aaHnm48C9HF721LIB8IcdE"},"_sizeMode":0}],"_prefab":{"__type__":"cc.PrefabInfo","root":{"__id__":1},"asset":{"__uuid__":"96qAVsGJdPsZOaicA7CaF9"},"fileId":"abg9tIZjtCn6mhHsA4ZTgR"},"_contentSize":{"__type__":"cc.Size","width":50,"height":50},"_trs":{"__type__":"TypedArray","ctor":"Float64Array","array":[0,0,0,0,0,0,1,1,1,1]}},{"__type__":"cc.Node","_name":"name","_parent":{"__id__":37},"_children":[{"__id__":44}],"_components":[{"__type__":"cc.Sprite","node":{"__id__":43},"_materials":[{"__uuid__":"ecpdLyjvZBwrvm+cedCcQy"}],"_spriteFrame":{"__uuid__":"a90CvZZvxBV4BPQccRmk+E"},"_sizeMode":0}],"_prefab":{"__type__":"cc.PrefabInfo","root":{"__id__":1},"asset":{"__uuid__":"96qAVsGJdPsZOaicA7CaF9"},"fileId":"52/VNX7jhCUY0VkVqKzIuy"},"_contentSize":{"__type__":"cc.Size","width":75,"height":26},"_trs":{"__type__":"TypedArray","ctor":"Float64Array","array":[0,-40,0,0,0,0,1,1,1,1]}},{"__type__":"cc.Node","_name":"lb","_parent":{"__id__":43},"_components":[{"__type__":"cc.Label","node":{"__id__":44},"_materials":[{"__uuid__":"ecpdLyjvZBwrvm+cedCcQy"}],"_useOriginalSize":false,"_string":"纯属娱乐","_N$string":"纯属娱乐","_fontSize":14,"_lineHeight":20,"_N$file":{"__uuid__":"5f5wQekV1CGpJW2meZozWn"},"_isSystemFontUsed":false,"_N$horizontalAlign":1,"_N$verticalAlign":1}],"_prefab":{"__type__":"cc.PrefabInfo","root":{"__id__":1},"asset":{"__uuid__":"96qAVsGJdPsZOaicA7CaF9"},"fileId":"12GGENrn5PFZ55dt+VE4mK"},"_contentSize":{"__type__":"cc.Size","width":56,"height":25.2},"_trs":{"__type__":"TypedArray","ctor":"Float64Array","array":[0,0,0,0,0,0,1,1,1,1]}},{"__type__":"cc.Node","_name":"user6","_parent":{"__id__":4},"_children":[{"__id__":46},{"__id__":50},{"__id__":51}],"_prefab":{"__type__":"cc.PrefabInfo","root":{"__id__":1},"asset":{"__uuid__":"96qAVsGJdPsZOaicA7CaF9"},"fileId":"588dxtfq5PZY/ZrOm626AI"},"_trs":{"__type__":"TypedArray","ctor":"Float64Array","array":[126.947,-50.085,0,0,0,0,1,1.2,1.2,1]}},{"__type__":"cc.Node","_name":"mask","_parent":{"__id__":45},"_children":[{"__id__":47},{"__id__":48}],"_components":[{"__type__":"cc.Mask","node":{"__id__":46},"_materials":[{"__uuid__":"ecpdLyjvZBwrvm+cedCcQy"}],"_spriteFrame":{"__uuid__":"1ex2+Je61Pu4xHlY2A6DnZ"},"_type":2}],"_prefab":{"__type__":"cc.PrefabInfo","root":{"__id__":1},"asset":{"__uuid__":"96qAVsGJdPsZOaicA7CaF9"},"fileId":"95LAaIuTVHJrAEMfqSQIIu"},"_contentSize":{"__type__":"cc.Size","width":46,"height":46},"_trs":{"__type__":"TypedArray","ctor":"Float64Array","array":[0,0,0,0,0,0,1,1,1,1]}},{"__type__":"cc.Node","_name":"head","_parent":{"__id__":46},"_components":[{"__type__":"cc.Sprite","node":{"__id__":47},"_materials":[{"__uuid__":"ecpdLyjvZBwrvm+cedCcQy"}],"_spriteFrame":{"__uuid__":"e6JNuRrHVFM4KYnmai3HR+"},"_sizeMode":0,"_isTrimmedMode":false},{"__type__":"f42b8ZzNWFKKI/QT/n8cR1+","node":{"__id__":47}}],"_prefab":{"__type__":"cc.PrefabInfo","root":{"__id__":1},"asset":{"__uuid__":"96qAVsGJdPsZOaicA7CaF9"},"fileId":"27FllBYqFD3LmB9/ydCs7w"},"_contentSize":{"__type__":"cc.Size","width":55,"height":55},"_trs":{"__type__":"TypedArray","ctor":"Float64Array","array":[0,0,0,0,0,0,1,1,1,1]}},{"__type__":"cc.Node","_name":"lixian","_parent":{"__id__":46},"_children":[{"__id__":49}],"_components":[{"__type__":"cc.Sprite","node":{"__id__":48},"_materials":[{"__uuid__":"ecpdLyjvZBwrvm+cedCcQy"}],"_spriteFrame":{"__uuid__":"012IHt40xCG7tUDIieNTX4"}}],"_prefab":{"__type__":"cc.PrefabInfo","root":{"__id__":1},"asset":{"__uuid__":"96qAVsGJdPsZOaicA7CaF9"},"fileId":"54lagp/vpNN6qBA+n5ooqO"},"_contentSize":{"__type__":"cc.Size","width":73,"height":73},"_trs":{"__type__":"TypedArray","ctor":"Float64Array","array":[0,0,0,0,0,0,1,1,1,1]}},{"__type__":"cc.Node","_name":"lixianzhong","_parent":{"__id__":48},"_components":[{"__type__":"cc.Sprite","node":{"__id__":49},"_materials":[{"__uuid__":"ecpdLyjvZBwrvm+cedCcQy"}],"_spriteFrame":{"__uuid__":"a0/fj7ENxHJ4F+Rv6UwWvZ"},"_sizeMode":0}],"_prefab":{"__type__":"cc.PrefabInfo","root":{"__id__":1},"asset":{"__uuid__":"96qAVsGJdPsZOaicA7CaF9"},"fileId":"6c9MDAwi9D3JVRyWWbYGfS"},"_contentSize":{"__type__":"cc.Size","width":39,"height":15},"_trs":{"__type__":"TypedArray","ctor":"Float64Array","array":[0,0,0,0,0,0,1,1,1,1]}},{"__type__":"cc.Node","_name":"icon_di","_parent":{"__id__":45},"_components":[{"__type__":"cc.Sprite","node":{"__id__":50},"_materials":[{"__uuid__":"ecpdLyjvZBwrvm+cedCcQy"}],"_spriteFrame":{"__uuid__":"aaHnm48C9HF721LIB8IcdE"},"_sizeMode":0}],"_prefab":{"__type__":"cc.PrefabInfo","root":{"__id__":1},"asset":{"__uuid__":"96qAVsGJdPsZOaicA7CaF9"},"fileId":"3fPtBJQNlOB47BDs+17LxB"},"_contentSize":{"__type__":"cc.Size","width":50,"height":50},"_trs":{"__type__":"TypedArray","ctor":"Float64Array","array":[0,0,0,0,0,0,1,1,1,1]}},{"__type__":"cc.Node","_name":"name","_parent":{"__id__":45},"_children":[{"__id__":52}],"_components":[{"__type__":"cc.Sprite","node":{"__id__":51},"_materials":[{"__uuid__":"ecpdLyjvZBwrvm+cedCcQy"}],"_spriteFrame":{"__uuid__":"a90CvZZvxBV4BPQccRmk+E"},"_sizeMode":0}],"_prefab":{"__type__":"cc.PrefabInfo","root":{"__id__":1},"asset":{"__uuid__":"96qAVsGJdPsZOaicA7CaF9"},"fileId":"aer4LSVIpA04Clv6arEDAJ"},"_contentSize":{"__type__":"cc.Size","width":75,"height":26},"_trs":{"__type__":"TypedArray","ctor":"Float64Array","array":[0,-40,0,0,0,0,1,1,1,1]}},{"__type__":"cc.Node","_name":"lb","_parent":{"__id__":51},"_components":[{"__type__":"cc.Label","node":{"__id__":52},"_materials":[{"__uuid__":"ecpdLyjvZBwrvm+cedCcQy"}],"_useOriginalSize":false,"_string":"纯属娱乐","_N$string":"纯属娱乐","_fontSize":14,"_lineHeight":20,"_N$file":{"__uuid__":"5f5wQekV1CGpJW2meZozWn"},"_isSystemFontUsed":false,"_N$horizontalAlign":1,"_N$verticalAlign":1}],"_prefab":{"__type__":"cc.PrefabInfo","root":{"__id__":1},"asset":{"__uuid__":"96qAVsGJdPsZOaicA7CaF9"},"fileId":"718CImMdtIqJ/etg5F8+xx"},"_contentSize":{"__type__":"cc.Size","width":56,"height":25.2},"_trs":{"__type__":"TypedArray","ctor":"Float64Array","array":[0,0,0,0,0,0,1,1,1,1]}},{"__type__":"cc.Node","_name":"user7","_parent":{"__id__":4},"_children":[{"__id__":54},{"__id__":58},{"__id__":59}],"_prefab":{"__type__":"cc.PrefabInfo","root":{"__id__":1},"asset":{"__uuid__":"96qAVsGJdPsZOaicA7CaF9"},"fileId":"18wQMtcF9HUJowQPgeVLjF"},"_trs":{"__type__":"TypedArray","ctor":"Float64Array","array":[-45.057,26.952,0,0,0,0,1,1.2,1.2,1]}},{"__type__":"cc.Node","_name":"mask","_parent":{"__id__":53},"_children":[{"__id__":55},{"__id__":56}],"_components":[{"__type__":"cc.Mask","node":{"__id__":54},"_materials":[{"__uuid__":"ecpdLyjvZBwrvm+cedCcQy"}],"_spriteFrame":{"__uuid__":"1ex2+Je61Pu4xHlY2A6DnZ"},"_type":2}],"_prefab":{"__type__":"cc.PrefabInfo","root":{"__id__":1},"asset":{"__uuid__":"96qAVsGJdPsZOaicA7CaF9"},"fileId":"6fNs96m/1I/Jlsezd5DlUf"},"_contentSize":{"__type__":"cc.Size","width":46,"height":46},"_trs":{"__type__":"TypedArray","ctor":"Float64Array","array":[0,0,0,0,0,0,1,1,1,1]}},{"__type__":"cc.Node","_name":"head","_parent":{"__id__":54},"_components":[{"__type__":"cc.Sprite","node":{"__id__":55},"_materials":[{"__uuid__":"ecpdLyjvZBwrvm+cedCcQy"}],"_spriteFrame":{"__uuid__":"e6JNuRrHVFM4KYnmai3HR+"},"_sizeMode":0,"_isTrimmedMode":false},{"__type__":"f42b8ZzNWFKKI/QT/n8cR1+","node":{"__id__":55}}],"_prefab":{"__type__":"cc.PrefabInfo","root":{"__id__":1},"asset":{"__uuid__":"96qAVsGJdPsZOaicA7CaF9"},"fileId":"faSE2dEGlPTrxX55PZS73G"},"_contentSize":{"__type__":"cc.Size","width":55,"height":55},"_trs":{"__type__":"TypedArray","ctor":"Float64Array","array":[0,0,0,0,0,0,1,1,1,1]}},{"__type__":"cc.Node","_name":"lixian","_parent":{"__id__":54},"_children":[{"__id__":57}],"_components":[{"__type__":"cc.Sprite","node":{"__id__":56},"_materials":[{"__uuid__":"ecpdLyjvZBwrvm+cedCcQy"}],"_spriteFrame":{"__uuid__":"012IHt40xCG7tUDIieNTX4"}}],"_prefab":{"__type__":"cc.PrefabInfo","root":{"__id__":1},"asset":{"__uuid__":"96qAVsGJdPsZOaicA7CaF9"},"fileId":"3adw9oGnNGuZ5VDnWgvcYh"},"_contentSize":{"__type__":"cc.Size","width":73,"height":73},"_trs":{"__type__":"TypedArray","ctor":"Float64Array","array":[0,0,0,0,0,0,1,1,1,1]}},{"__type__":"cc.Node","_name":"lixianzhong","_parent":{"__id__":56},"_components":[{"__type__":"cc.Sprite","node":{"__id__":57},"_materials":[{"__uuid__":"ecpdLyjvZBwrvm+cedCcQy"}],"_spriteFrame":{"__uuid__":"a0/fj7ENxHJ4F+Rv6UwWvZ"},"_sizeMode":0}],"_prefab":{"__type__":"cc.PrefabInfo","root":{"__id__":1},"asset":{"__uuid__":"96qAVsGJdPsZOaicA7CaF9"},"fileId":"17aZN8wPRCoolfv5r/5zs3"},"_contentSize":{"__type__":"cc.Size","width":39,"height":15},"_trs":{"__type__":"TypedArray","ctor":"Float64Array","array":[0,0,0,0,0,0,1,1,1,1]}},{"__type__":"cc.Node","_name":"icon_di","_parent":{"__id__":53},"_components":[{"__type__":"cc.Sprite","node":{"__id__":58},"_materials":[{"__uuid__":"ecpdLyjvZBwrvm+cedCcQy"}],"_spriteFrame":{"__uuid__":"aaHnm48C9HF721LIB8IcdE"},"_sizeMode":0}],"_prefab":{"__type__":"cc.PrefabInfo","root":{"__id__":1},"asset":{"__uuid__":"96qAVsGJdPsZOaicA7CaF9"},"fileId":"e1mA33DzdDTZwOnGutybJJ"},"_contentSize":{"__type__":"cc.Size","width":50,"height":50},"_trs":{"__type__":"TypedArray","ctor":"Float64Array","array":[0,0,0,0,0,0,1,1,1,1]}},{"__type__":"cc.Node","_name":"name","_parent":{"__id__":53},"_children":[{"__id__":60}],"_components":[{"__type__":"cc.Sprite","node":{"__id__":59},"_materials":[{"__uuid__":"ecpdLyjvZBwrvm+cedCcQy"}],"_spriteFrame":{"__uuid__":"a90CvZZvxBV4BPQccRmk+E"},"_sizeMode":0}],"_prefab":{"__type__":"cc.PrefabInfo","root":{"__id__":1},"asset":{"__uuid__":"96qAVsGJdPsZOaicA7CaF9"},"fileId":"f6acEK481PE7Y5Dkf7aeGE"},"_contentSize":{"__type__":"cc.Size","width":75,"height":26},"_trs":{"__type__":"TypedArray","ctor":"Float64Array","array":[1.344,-36.304,0,0,0,0,1,0.8,0.8,1]}},{"__type__":"cc.Node","_name":"lb","_parent":{"__id__":59},"_components":[{"__type__":"cc.Label","node":{"__id__":60},"_materials":[{"__uuid__":"ecpdLyjvZBwrvm+cedCcQy"}],"_useOriginalSize":false,"_string":"纯属娱乐","_N$string":"纯属娱乐","_fontSize":14,"_lineHeight":20,"_N$file":{"__uuid__":"5f5wQekV1CGpJW2meZozWn"},"_isSystemFontUsed":false,"_N$horizontalAlign":1,"_N$verticalAlign":1}],"_prefab":{"__type__":"cc.PrefabInfo","root":{"__id__":1},"asset":{"__uuid__":"96qAVsGJdPsZOaicA7CaF9"},"fileId":"53hHspiwxDl6uJhSx/08hX"},"_contentSize":{"__type__":"cc.Size","width":56,"height":25.2},"_trs":{"__type__":"TypedArray","ctor":"Float64Array","array":[0,0,0,0,0,0,1,1,1,1]}},{"__type__":"cc.Node","_name":"jushu","_parent":{"__id__":1},"_components":[{"__type__":"cc.Label","node":{"__id__":61},"_materials":[{"__uuid__":"ecpdLyjvZBwrvm+cedCcQy"}],"_useOriginalSize":false,"_string":"第0/8局","_N$string":"第0/8局","_fontSize":24,"_lineHeight":23,"_N$file":{"__uuid__":"5f5wQekV1CGpJW2meZozWn"},"_isSystemFontUsed":false,"_N$horizontalAlign":1,"_N$verticalAlign":1},{"__type__":"cc.LabelOutline","node":{"__id__":61},"_color":{"__type__":"cc.Color","r":51,"g":31,"b":34},"_width":3}],"_prefab":{"__type__":"cc.PrefabInfo","root":{"__id__":1},"asset":{"__uuid__":"96qAVsGJdPsZOaicA7CaF9"},"fileId":"5doLiCELJM6L2VCAzdXAiQ"},"_color":{"__type__":"cc.Color","r":255,"g":250,"b":199},"_contentSize":{"__type__":"cc.Size","width":91.13,"height":34.980000000000004},"_trs":{"__type__":"TypedArray","ctor":"Float64Array","array":[0,22.707,0,0,0,0,1,1,1,1]}},{"__type__":"cc.Node","_name":"lb_roomName","_parent":{"__id__":1},"_components":[{"__type__":"cc.Label","node":{"__id__":62},"_materials":[{"__uuid__":"ecpdLyjvZBwrvm+cedCcQy"}],"_useOriginalSize":false,"_string":"镇江麻将","_N$string":"镇江麻将","_fontSize":26,"_lineHeight":30,"_N$file":{"__uuid__":"5f5wQekV1CGpJW2meZozWn"},"_isSystemFontUsed":false,"_N$horizontalAlign":1,"_N$verticalAlign":1},{"__type__":"cc.LabelOutline","node":{"__id__":62},"_color":{"__type__":"cc.Color","r":45,"g":19,"b":14},"_width":2}],"_prefab":{"__type__":"cc.PrefabInfo","root":{"__id__":1},"asset":{"__uuid__":"96qAVsGJdPsZOaicA7CaF9"},"fileId":"5eWouI18ZFip1sFGQF3+HG"},"_color":{"__type__":"cc.Color","r":255,"g":250,"b":199},"_contentSize":{"__type__":"cc.Size","width":108,"height":41.8},"_trs":{"__type__":"TypedArray","ctor":"Float64Array","array":[4.25,-6.866,0,0,0,0,1,1,1,1]}},{"__type__":"cc.Node","_name":"game_name","_parent":{"__id__":1},"_components":[{"__type__":"cc.Label","node":{"__id__":63},"_materials":[{"__uuid__":"ecpdLyjvZBwrvm+cedCcQy"}],"_useOriginalSize":false,"_string":"镇江麻将","_N$string":"镇江麻将","_fontSize":20,"_lineHeight":23,"_N$file":{"__uuid__":"5f5wQekV1CGpJW2meZozWn"},"_isSystemFontUsed":false,"_N$horizontalAlign":1,"_N$verticalAlign":1},{"__type__":"cc.LabelOutline","node":{"__id__":63},"_color":{"__type__":"cc.Color","r":51,"g":31,"b":34},"_width":3}],"_prefab":{"__type__":"cc.PrefabInfo","root":{"__id__":1},"asset":{"__uuid__":"96qAVsGJdPsZOaicA7CaF9"},"fileId":"31EaFW19VGsa586QM4Bvp8"},"_contentSize":{"__type__":"cc.Size","width":86,"height":34.980000000000004},"_trs":{"__type__":"TypedArray","ctor":"Float64Array","array":[0,49.8,0,0,0,0,1,1,1,1]}},{"__type__":"cc.Node","_name":"bg_key","_parent":{"__id__":1},"_children":[{"__id__":65}],"_components":[{"__type__":"cc.Sprite","node":{"__id__":64},"_materials":[{"__uuid__":"ecpdLyjvZBwrvm+cedCcQy"}],"_spriteFrame":{"__uuid__":"1aLT1VVMRM/KGRIWp3Uinq"},"_sizeMode":0}],"_prefab":{"__type__":"cc.PrefabInfo","root":{"__id__":1},"asset":{"__uuid__":"96qAVsGJdPsZOaicA7CaF9"},"fileId":"382qjc8QdHmZuKIRntPPRk"},"_contentSize":{"__type__":"cc.Size","width":40,"height":40},"_trs":{"__type__":"TypedArray","ctor":"Float64Array","array":[0,-40.483,0,0,0,0,1,1,1,1]}},{"__type__":"cc.Node","_name":"key","_parent":{"__id__":64},"_components":[{"__type__":"cc.Label","node":{"__id__":65},"_materials":[{"__uuid__":"ecpdLyjvZBwrvm+cedCcQy"}],"_useOriginalSize":false,"_string":"1","_N$string":"1","_fontSize":27,"_lineHeight":27,"_N$file":{"__uuid__":"5f5wQekV1CGpJW2meZozWn"},"_isSystemFontUsed":false,"_N$horizontalAlign":1,"_N$verticalAlign":1,"_N$overflow":2}],"_prefab":{"__type__":"cc.PrefabInfo","root":{"__id__":1},"asset":{"__uuid__":"96qAVsGJdPsZOaicA7CaF9"},"fileId":"c954v90/pPE4gP11aAZnsr"},"_color":{"__type__":"cc.Color","r":90,"g":18,"b":18},"_contentSize":{"__type__":"cc.Size","width":35,"height":27},"_trs":{"__type__":"TypedArray","ctor":"Float64Array","array":[0,0,0,0,0,0,1,1,1,1]}},{"__type__":"cc.Node","_name":"btn_detail","_parent":{"__id__":1},"_components":[{"__type__":"cc.Sprite","node":{"__id__":66},"_materials":[{"__uuid__":"ecpdLyjvZBwrvm+cedCcQy"}],"_spriteFrame":{"__uuid__":"82G9jFlh1BEIMQeUs5OLHx"}},{"__type__":"cc.Button","node":{"__id__":66},"clickEvents":[null],"_N$transition":3,"transition":3,"_N$normalColor":{"__type__":"cc.Color","r":214,"g":214,"b":214},"_N$target":{"__id__":66}}],"_prefab":{"__type__":"cc.PrefabInfo","root":{"__id__":1},"asset":{"__uuid__":"96qAVsGJdPsZOaicA7CaF9"},"fileId":"3aQLMa2rlJZK2gkv0wjWxV"},"_contentSize":{"__type__":"cc.Size","width":66,"height":36},"_trs":{"__type__":"TypedArray","ctor":"Float64Array","array":[0,-85,0,0,0,0,1,1,1,1]}},{"__type__":"cc.Node","_name":"wanfa","_parent":{"__id__":1},"_children":[{"__id__":68}],"_active":false,"_components":[{"__type__":"cc.Sprite","node":{"__id__":67},"_spriteFrame":{"__uuid__":"3dMNeNCj9NKYp7R2Evm8UV"}}],"_prefab":{"__type__":"cc.PrefabInfo","root":{"__id__":1},"asset":{"__uuid__":"96qAVsGJdPsZOaicA7CaF9"},"fileId":"af1gKwDudA1KFasWetrRQH"},"_contentSize":{"__type__":"cc.Size","width":222,"height":176},"_trs":{"__type__":"TypedArray","ctor":"Float64Array","array":[-34.8,18.6,0,0,0,0,1,1,1,1]}},{"__type__":"cc.Node","_name":"lb_wanfa","_parent":{"__id__":67},"_components":[{"__type__":"cc.Label","node":{"__id__":68},"_useOriginalSize":false,"_string":"玩法","_N$string":"玩法","_fontSize":20,"_lineHeight":30,"_N$file":{"__uuid__":"5f5wQekV1CGpJW2meZozWn"},"_isSystemFontUsed":false,"_N$overflow":3}],"_prefab":{"__type__":"cc.PrefabInfo","root":{"__id__":1},"asset":{"__uuid__":"96qAVsGJdPsZOaicA7CaF9"},"fileId":"17E0WMPU5Hoob73JPpYfY8"},"_color":{"__type__":"cc.Color","r":92,"g":17,"b":17},"_contentSize":{"__type__":"cc.Size","width":195,"height":30},"_anchorPoint":{"__type__":"cc.Vec2","x":0.5,"y":1},"_trs":{"__type__":"TypedArray","ctor":"Float64Array","array":[-1.6,69.6,0,0,0,0,1,1,1,1]}},{"__type__":"cc.Node","_name":"tip_lock","_parent":{"__id__":1},"_active":false,"_components":[{"__type__":"cc.Sprite","node":{"__id__":69},"_materials":[{"__uuid__":"ecpdLyjvZBwrvm+cedCcQy"}],"_spriteFrame":{"__uuid__":"d05/X4TsVBvYSFFDT2kLYG"}}],"_prefab":{"__type__":"cc.PrefabInfo","root":{"__id__":1},"asset":{"__uuid__":"96qAVsGJdPsZOaicA7CaF9"},"fileId":"43LP9IUb5EiI5NXLWQXuNA"},"_contentSize":{"__type__":"cc.Size","width":33,"height":39},"_trs":{"__type__":"TypedArray","ctor":"Float64Array","array":[-51.536,-83.871,0,0,0,0,1,1,1,1]}},{"__type__":"cc.Node","_name":"img_sp","_parent":{"__id__":1},"_children":[{"__id__":71},{"__id__":72}],"_active":false,"_components":[{"__type__":"cc.Sprite","node":{"__id__":70},"_materials":[{"__uuid__":"ecpdLyjvZBwrvm+cedCcQy"}],"_spriteFrame":{"__uuid__":"31GEQk6vBMWYLh58IVlk9U"}}],"_prefab":{"__type__":"cc.PrefabInfo","root":{"__id__":1},"asset":{"__uuid__":"96qAVsGJdPsZOaicA7CaF9"},"fileId":"30qwc3e6tIk4cmJkcpOCZs"},"_contentSize":{"__type__":"cc.Size","width":67,"height":26},"_trs":{"__type__":"TypedArray","ctor":"Float64Array","array":[0,47.093,0,0,0,0,1,1,1,1]}},{"__type__":"cc.Node","_name":"img_sai","_parent":{"__id__":70},"_components":[{"__type__":"cc.Sprite","node":{"__id__":71},"_materials":[{"__uuid__":"ecpdLyjvZBwrvm+cedCcQy"}],"_spriteFrame":{"__uuid__":"65FWF0AJtPxryGewnPzbtB"}}],"_prefab":{"__type__":"cc.PrefabInfo","root":{"__id__":1},"asset":{"__uuid__":"96qAVsGJdPsZOaicA7CaF9"},"fileId":"334CUKfFdGMLx7LosAqDLB"},"_contentSize":{"__type__":"cc.Size","width":17,"height":22},"_trs":{"__type__":"TypedArray","ctor":"Float64Array","array":[-20.271,0,0,0,0,0,1,1,1,1]}},{"__type__":"cc.Node","_name":"lb_spStart","_parent":{"__id__":70},"_components":[{"__type__":"cc.Label","node":{"__id__":72},"_materials":[{"__uuid__":"ecpdLyjvZBwrvm+cedCcQy"}],"_useOriginalSize":false,"_string":"100","_N$string":"100","_fontSize":20,"_lineHeight":22,"_N$file":{"__uuid__":"5f5wQekV1CGpJW2meZozWn"},"_isSystemFontUsed":false,"_N$verticalAlign":1},{"__type__":"cc.LabelOutline","node":{"__id__":72},"_color":{"__type__":"cc.Color"}}],"_prefab":{"__type__":"cc.PrefabInfo","root":{"__id__":1},"asset":{"__uuid__":"96qAVsGJdPsZOaicA7CaF9"},"fileId":"a4mNMTa1hMFpe5OhscUeD4"},"_contentSize":{"__type__":"cc.Size","width":32.16,"height":29.72},"_anchorPoint":{"__type__":"cc.Vec2","y":0.5},"_trs":{"__type__":"TypedArray","ctor":"Float64Array","array":[-6.634,0,0,0,0,0,1,1,1,1]}}],{"__type__":"cc.SpriteFrame","content":{"name":"img_di","texture":"18AL8Ic8REO7R2lD0ALKtq","rect":[0,0,67,26],"offset":[0,0],"originalSize":[67,26],"capInsets":[0,0,0,0]}},{"__type__":"cc.SpriteFrame","content":{"name":"bg_waf_di","texture":"99xc5rsi1NxZhHnFU+TgCK","rect":[0,0,222,176],"offset":[0,0],"originalSize":[222,176],"capInsets":[0,0,0,0]}},{"__type__":"cc.SpriteFrame","content":{"name":"img_sai","texture":"c50IItukNEn7Yqxak0WzZP","rect":[0,0,17,22],"offset":[0,0],"originalSize":[17,22],"capInsets":[0,0,0,0]}},{"__type__":"cc.SpriteFrame","content":{"name":"btn_xq","texture":"c69N1JykRJW4vzrotkn25U","rect":[0,0,95,44],"offset":[0,0],"originalSize":[95,44],"capInsets":[0,0,0,0]}},{"__type__":"cc.SpriteFrame","content":{"name":"lixianzhong","texture":"f2JKq4S3hIkL+5GWwbxyBP","rect":[0,0,66,24],"offset":[0,0],"originalSize":[66,24],"capInsets":[0,0,0,0]}},{"__type__":"cc.SpriteFrame","content":{"name":"icon_txk_di","texture":"86rAZ72a1B1ogDPO1OsXFa","rect":[0,0,94,28],"offset":[0,0],"originalSize":[94,28],"capInsets":[0,0,0,0]}},{"__type__":"cc.SpriteFrame","content":{"name":"icon_tx46","texture":"97pSvVJhJL2Kh9eS+XriZO","rect":[0,0,74,74],"offset":[0,0],"originalSize":[74,74],"capInsets":[0,0,0,0]}},{"__type__":"cc.SpriteFrame","content":{"name":"img_zz0407","texture":"10bPct1EBFKLgcS2l4Qmno","rect":[12,17,362,244],"offset":[-0.5,11],"originalSize":[387,300],"capInsets":[0,0,0,0]}},{"__type__":"cc.SpriteFrame","content":{"name":"img_locked","texture":"46Q0bHWO5A7ZDAltsx/4d4","rect":[0,0,33,39],"offset":[0,0],"originalSize":[33,39],"capInsets":[0,0,0,0]}},{"__type__":"cc.SpriteFrame","content":{"name":"morentouxiang","texture":"189664600","rect":[181,652,60,60],"offset":[0,0],"originalSize":[60,60],"capInsets":[0,0,0,0]}}]