[{"__type__":"cc.SpriteFrame","content":{"name":"btn_yellow_qh_small01","texture":"11qLx7QSlIoKYIDPP4aIkk","rect":[0,0,196,83],"offset":[-13,0],"originalSize":[222,83],"capInsets":[0,0,0,0]}},{"__type__":"cc.SpriteFrame","content":{"name":"default_btn_disabled","texture":"71VhFCTINJM6/Ky3oX9nBT","rect":[0,0,40,40],"offset":[0,0],"originalSize":[40,40],"capInsets":[12,12,12,12]}},{"__type__":"cc.SpriteFrame","content":{"name":"img_small_tc","texture":"12uSyfpehFuppcggLjY/Y4","rect":[0,0,699,525],"offset":[0,0],"originalSize":[699,525],"capInsets":[113,119,72,50]}},{"__type__":"cc.SpriteFrame","content":{"name":"img_black_60","texture":"e5dLSpyq9NPZ8mPvfDyGXH","rect":[0,0,100,100],"offset":[0,0],"originalSize":[100,100],"capInsets":[0,0,0,0]}},[{"__type__":"cc.Prefab","_name":"UIUserBeiZhu","data":{"__id__":1}},{"__type__":"cc.Node","_name":"UIUserBeiZhu","_children":[{"__id__":2},{"__id__":3},{"__id__":5},{"__id__":7},{"__id__":9},{"__id__":11},{"__id__":13},{"__id__":22}],"_components":[{"__type__":"cc.Widget","node":{"__id__":1},"alignMode":0,"_alignFlags":45,"_left":-100,"_right":-100,"_originalWidth":1750,"_originalHeight":760},{"__type__":"cc.Sprite","node":{"__id__":1},"_materials":[{"__uuid__":"ecpdLyjvZBwrvm+cedCcQy"}],"_spriteFrame":{"__uuid__":"86Zf39gLpJiYJ0+npxhZ2d"},"_sizeMode":0},{"__type__":"5d71fLSIJhInaFXKaawIsXk","node":{"__id__":1},"sp_head":{"__id__":6},"label_name":{"__id__":10},"label_id":{"__id__":12},"editBox":{"__id__":21}}],"_prefab":{"__type__":"cc.PrefabInfo","root":{"__id__":1},"asset":{"__uuid__":"b7l6/UGXxP/brLCx6bJTtH"},"fileId":"b7a3zSrgRPbLCUcL7NXOEg"},"_contentSize":{"__type__":"cc.Size","width":1560,"height":760},"_trs":{"__type__":"TypedArray","ctor":"Float64Array","array":[680,380,0,0,0,0,1,1,1,1]}},{"__type__":"cc.Node","_name":"bg_popup_x","_parent":{"__id__":1},"_components":[{"__type__":"cc.Sprite","node":{"__id__":2},"_materials":[{"__uuid__":"ecpdLyjvZBwrvm+cedCcQy"}],"_spriteFrame":{"__uuid__":"59/TGgayBDOo8yPyrC18uE"},"_type":1,"_sizeMode":0}],"_prefab":{"__type__":"cc.PrefabInfo","root":{"__id__":1},"asset":{"__uuid__":"b7l6/UGXxP/brLCx6bJTtH"},"fileId":"4aHdxJwENOnaOIiBAG9jMB"},"_contentSize":{"__type__":"cc.Size","width":699,"height":400},"_trs":{"__type__":"TypedArray","ctor":"Float64Array","array":[0,50,0,0,0,0,1,1,0.8,1]}},{"__type__":"cc.Node","_name":"bg_title","_parent":{"__id__":1},"_children":[{"__id__":4}],"_components":[{"__type__":"cc.Sprite","node":{"__id__":3}}],"_prefab":{"__type__":"cc.PrefabInfo","root":{"__id__":1},"asset":{"__uuid__":"b7l6/UGXxP/brLCx6bJTtH"},"fileId":"1a7z6RqOBNbo0PQbJuAanz"},"_contentSize":{"__type__":"cc.Size","width":473,"height":87},"_trs":{"__type__":"TypedArray","ctor":"Float64Array","array":[3,223,0,0,0,0,1,1,1,1]}},{"__type__":"cc.Node","_name":"title_wjxx","_parent":{"__id__":3},"_components":[{"__type__":"cc.Sprite","node":{"__id__":4},"_materials":[{"__uuid__":"ecpdLyjvZBwrvm+cedCcQy"}],"_spriteFrame":{"__uuid__":"f0UwZ6cwND9JYiG/gD+qe+"}}],"_prefab":{"__type__":"cc.PrefabInfo","root":{"__id__":1},"asset":{"__uuid__":"b7l6/UGXxP/brLCx6bJTtH"},"fileId":"cewTugF35MXZRNClPvqeMh"},"_contentSize":{"__type__":"cc.Size","width":200,"height":50},"_trs":{"__type__":"TypedArray","ctor":"Float64Array","array":[0,-54.325,0,0,0,0,1,1,1,1]}},{"__type__":"cc.Node","_name":"sprite_head","_parent":{"__id__":1},"_components":[{"__id__":6},{"__type__":"f42b8ZzNWFKKI/QT/n8cR1+","node":{"__id__":5}}],"_prefab":{"__type__":"cc.PrefabInfo","root":{"__id__":1},"asset":{"__uuid__":"b7l6/UGXxP/brLCx6bJTtH"},"fileId":"13lbfYFIlI+IubnrA8BLz+"},"_contentSize":{"__type__":"cc.Size","width":124,"height":124},"_trs":{"__type__":"TypedArray","ctor":"Float64Array","array":[-243.648,42.09,0,0,0,0,1,1,1,1]}},{"__type__":"cc.Sprite","node":{"__id__":5},"_materials":[{"__uuid__":"ecpdLyjvZBwrvm+cedCcQy"}],"_spriteFrame":{"__uuid__":"e6JNuRrHVFM4KYnmai3HR+"},"_sizeMode":0},{"__type__":"cc.Node","_name":"btn_close","_parent":{"__id__":1},"_children":[{"__id__":8}],"_components":[{"__type__":"cc.Button","node":{"__id__":7},"zoomScale":0.9,"clickEvents":[{"__type__":"cc.ClickEvent","target":{"__id__":1},"_componentId":"5d71fLSIJhInaFXKaawIsXk","handler":"CloseForm"}],"_N$transition":3,"transition":3,"_N$pressedColor":{"__type__":"cc.Color","r":255,"g":255,"b":255},"pressedColor":{"__type__":"cc.Color","r":255,"g":255,"b":255},"_N$disabledColor":{"__type__":"cc.Color","r":255,"g":255,"b":255},"_N$pressedSprite":{"__uuid__":"e97GVMl6JHh5Ml5qEDdSGa"},"pressedSprite":{"__uuid__":"e97GVMl6JHh5Ml5qEDdSGa"},"_N$hoverSprite":{"__uuid__":"e97GVMl6JHh5Ml5qEDdSGa"},"hoverSprite":{"__uuid__":"e97GVMl6JHh5Ml5qEDdSGa"},"_N$disabledSprite":{"__uuid__":"29FYIk+N1GYaeWH/q1NxQO"},"_N$target":{"__id__":7}}],"_prefab":{"__type__":"cc.PrefabInfo","root":{"__id__":1},"asset":{"__uuid__":"b7l6/UGXxP/brLCx6bJTtH"},"fileId":"8exjt1hJxIToWHSj8/W7Ay"},"_contentSize":{"__type__":"cc.Size","width":100,"height":100},"_trs":{"__type__":"TypedArray","ctor":"Float64Array","array":[330.254,159.691,0,0,0,0,1,1,1,1]}},{"__type__":"cc.Node","_name":"guanbi","_parent":{"__id__":7},"_components":[{"__type__":"cc.Sprite","node":{"__id__":8},"_materials":[{"__uuid__":"ecpdLyjvZBwrvm+cedCcQy"}],"_spriteFrame":{"__uuid__":"d9ZhflMOxHW7JHl9dya866"}}],"_prefab":{"__type__":"cc.PrefabInfo","root":{"__id__":1},"asset":{"__uuid__":"b7l6/UGXxP/brLCx6bJTtH"},"fileId":"6diI7XsRhPorUH/NRo3sJg"},"_contentSize":{"__type__":"cc.Size","width":79,"height":80},"_trs":{"__type__":"TypedArray","ctor":"Float64Array","array":[0,0,0,0,0,0,1,1,1,1]}},{"__type__":"cc.Node","_name":"label_name","_parent":{"__id__":1},"_components":[{"__id__":10}],"_prefab":{"__type__":"cc.PrefabInfo","root":{"__id__":1},"asset":{"__uuid__":"b7l6/UGXxP/brLCx6bJTtH"},"fileId":"98Iqb1DYVMbIaS+sbt6wQc"},"_color":{"__type__":"cc.Color","r":144,"g":86,"b":37},"_contentSize":{"__type__":"cc.Size","width":224,"height":40.32},"_anchorPoint":{"__type__":"cc.Vec2","y":0.5},"_trs":{"__type__":"TypedArray","ctor":"Float64Array","array":[-144.627,91.446,0,0,0,0,1,1,1,1]}},{"__type__":"cc.Label","node":{"__id__":9},"_materials":[{"__uuid__":"ecpdLyjvZBwrvm+cedCcQy"}],"_useOriginalSize":false,"_string":"玩家名字七个字","_N$string":"玩家名字七个字","_fontSize":32,"_lineHeight":32,"_N$file":{"__uuid__":"5f5wQekV1CGpJW2meZozWn"},"_isSystemFontUsed":false,"_N$verticalAlign":1},{"__type__":"cc.Node","_name":"label_ID","_parent":{"__id__":1},"_components":[{"__id__":12}],"_prefab":{"__type__":"cc.PrefabInfo","root":{"__id__":1},"asset":{"__uuid__":"b7l6/UGXxP/brLCx6bJTtH"},"fileId":"05CNo2fjpGOLDbzFQQOsJq"},"_color":{"__type__":"cc.Color","r":144,"g":86,"b":37},"_contentSize":{"__type__":"cc.Size","width":183.38,"height":40.32},"_anchorPoint":{"__type__":"cc.Vec2","y":0.5},"_trs":{"__type__":"TypedArray","ctor":"Float64Array","array":[-141.903,44.714,0,0,0,0,1,1,1,1]}},{"__type__":"cc.Label","node":{"__id__":11},"_materials":[{"__uuid__":"ecpdLyjvZBwrvm+cedCcQy"}],"_useOriginalSize":false,"_string":"ID:88888888","_N$string":"ID:88888888","_fontSize":32,"_lineHeight":32,"_N$file":{"__uuid__":"5f5wQekV1CGpJW2meZozWn"},"_isSystemFontUsed":false,"_N$verticalAlign":1},{"__type__":"cc.Node","_name":"input","_parent":{"__id__":1},"_children":[{"__id__":14}],"_components":[{"__type__":"cc.Sprite","node":{"__id__":13},"_materials":[{"__uuid__":"ecpdLyjvZBwrvm+cedCcQy"}],"_spriteFrame":{"__uuid__":"da7Ry9l65Lo61QtvbsocAs"},"_sizeMode":0}],"_prefab":{"__type__":"cc.PrefabInfo","root":{"__id__":1},"asset":{"__uuid__":"b7l6/UGXxP/brLCx6bJTtH"},"fileId":"feSLxIXA5IxJCSyiKkEG2N"},"_contentSize":{"__type__":"cc.Size","width":250,"height":54},"_trs":{"__type__":"TypedArray","ctor":"Float64Array","array":[-17.591,-17.542,0,0,0,0,1,1,1,1]}},{"__type__":"cc.Node","_name":"EditBox","_parent":{"__id__":13},"_children":[{"__id__":15},{"__id__":17},{"__id__":19}],"_components":[{"__id__":21}],"_prefab":{"__type__":"cc.PrefabInfo","root":{"__id__":1},"asset":{"__uuid__":"b7l6/UGXxP/brLCx6bJTtH"},"fileId":"78GnX4IaFMrI0xSdCB/4e0"},"_color":{"__type__":"cc.Color","r":144,"g":86,"b":37},"_contentSize":{"__type__":"cc.Size","width":250,"height":55},"_anchorPoint":{"__type__":"cc.Vec2","y":0.5},"_trs":{"__type__":"TypedArray","ctor":"Float64Array","array":[-125.31,0,0,0,0,0,1,1,1,1]}},{"__type__":"cc.Node","_name":"BACKGROUND_SPRITE","_parent":{"__id__":14},"_components":[{"__id__":16}],"_prefab":{"__type__":"cc.PrefabInfo","root":{"__id__":1},"asset":{"__uuid__":"b7l6/UGXxP/brLCx6bJTtH"},"fileId":"888T08sFREXbiFTC+IYfzu"},"_contentSize":{"__type__":"cc.Size","width":250,"height":50},"_anchorPoint":{"__type__":"cc.Vec2","y":0.5},"_trs":{"__type__":"TypedArray","ctor":"Float64Array","array":[0,0,0,0,0,0,1,1,1,1]}},{"__type__":"cc.Sprite","node":{"__id__":15},"_type":1},{"__type__":"cc.Node","_name":"TEXT_LABEL","_parent":{"__id__":14},"_active":false,"_components":[{"__id__":18}],"_prefab":{"__type__":"cc.PrefabInfo","root":{"__id__":1},"asset":{"__uuid__":"b7l6/UGXxP/brLCx6bJTtH"},"fileId":"65PJjs0O9GD48v+0zOsMnI"},"_color":{"__type__":"cc.Color","r":159,"g":130,"b":111},"_contentSize":{"__type__":"cc.Size","width":250,"height":27},"_anchorPoint":{"__type__":"cc.Vec2","y":1},"_trs":{"__type__":"TypedArray","ctor":"Float64Array","array":[2,13.5,0,0,0,0,1,1,1,1]}},{"__type__":"cc.Label","node":{"__id__":17},"_materials":[{"__uuid__":"ecpdLyjvZBwrvm+cedCcQy"}],"_fontSize":27,"_lineHeight":27,"_enableWrapText":false,"_N$file":{"__uuid__":"5f5wQekV1CGpJW2meZozWn"},"_isSystemFontUsed":false,"_N$verticalAlign":1,"_N$overflow":1},{"__type__":"cc.Node","_name":"PLACEHOLDER_LABEL","_parent":{"__id__":14},"_components":[{"__id__":20}],"_prefab":{"__type__":"cc.PrefabInfo","root":{"__id__":1},"asset":{"__uuid__":"b7l6/UGXxP/brLCx6bJTtH"},"fileId":"0fHLveC3FBvYGE9zAmiDCA"},"_color":{"__type__":"cc.Color","r":144,"g":86,"b":37},"_contentSize":{"__type__":"cc.Size","width":250,"height":50},"_anchorPoint":{"__type__":"cc.Vec2","y":1},"_trs":{"__type__":"TypedArray","ctor":"Float64Array","array":[11.701,24.583,0,0,0,0,1,1,1,1]}},{"__type__":"cc.Label","node":{"__id__":19},"_materials":[{"__uuid__":"ecpdLyjvZBwrvm+cedCcQy"}],"_string":"备注和标签","_N$string":"备注和标签","_fontSize":27,"_lineHeight":27,"_enableWrapText":false,"_N$file":{"__uuid__":"5f5wQekV1CGpJW2meZozWn"},"_isSystemFontUsed":false,"_N$verticalAlign":1,"_N$overflow":1},{"__type__":"cc.EditBox","node":{"__id__":14},"_useOriginalSize":false,"_N$textLabel":{"__id__":18},"_N$placeholderLabel":{"__id__":20},"_N$background":{"__id__":16},"_N$inputMode":6},{"__type__":"cc.Node","_name":"btn_save","_parent":{"__id__":1},"_children":[{"__id__":23}],"_components":[{"__type__":"cc.Sprite","node":{"__id__":22},"_materials":[{"__uuid__":"ecpdLyjvZBwrvm+cedCcQy"}],"_spriteFrame":{"__uuid__":"20Te/NPg5ABLNz+90w3Ywc"},"_sizeMode":0},{"__type__":"cc.Button","node":{"__id__":22},"clickEvents":[{"__type__":"cc.ClickEvent","target":{"__id__":1},"_componentId":"5d71fLSIJhInaFXKaawIsXk","handler":"OnClick_BtnWnd"}],"_N$transition":3,"transition":3,"_N$normalColor":{"__type__":"cc.Color","r":214,"g":214,"b":214},"_N$target":{"__id__":22}}],"_prefab":{"__type__":"cc.PrefabInfo","root":{"__id__":1},"asset":{"__uuid__":"b7l6/UGXxP/brLCx6bJTtH"},"fileId":"20AmqNwbFA6p0ddS5vJ/I2"},"_contentSize":{"__type__":"cc.Size","width":120,"height":55},"_trs":{"__type__":"TypedArray","ctor":"Float64Array","array":[178.912,-18.177,0,0,0,0,1,1,1,1]}},{"__type__":"cc.Node","_name":"New Label","_parent":{"__id__":22},"_components":[{"__type__":"cc.Label","node":{"__id__":23},"_materials":[{"__uuid__":"ecpdLyjvZBwrvm+cedCcQy"}],"_useOriginalSize":false,"_string":"保存","_N$string":"保存","_fontSize":32,"_lineHeight":35,"_N$file":{"__uuid__":"5f5wQekV1CGpJW2meZozWn"},"_isSystemFontUsed":false,"_N$horizontalAlign":1,"_N$verticalAlign":1},{"__type__":"cc.LabelOutline","node":{"__id__":23},"_color":{"__type__":"cc.Color","r":144,"g":86,"b":37},"_width":2}],"_prefab":{"__type__":"cc.PrefabInfo","root":{"__id__":1},"asset":{"__uuid__":"b7l6/UGXxP/brLCx6bJTtH"},"fileId":"a2aOPQiyNL9aQ83nb63L00"},"_contentSize":{"__type__":"cc.Size","width":68,"height":48.1},"_trs":{"__type__":"TypedArray","ctor":"Float64Array","array":[0,3,0,0,0,0,1,1,1,1]}}],{"__type__":"cc.SpriteFrame","content":{"name":"btn_close","texture":"adT+cX5aVEFrD91N8Yp4Db","rect":[0,0,79,80],"offset":[0,0],"originalSize":[79,80],"capInsets":[0,0,0,0]}},{"__type__":"cc.SpriteFrame","content":{"name":"bg_ss_input","texture":"ca/EeS3yFMBIeT2HPCRGmS","rect":[0,0,401,54],"offset":[0,0],"originalSize":[401,54],"capInsets":[93,14,85,14]}},{"__type__":"cc.SpriteFrame","content":{"name":"morentouxiang","texture":"189664600","rect":[181,652,60,60],"offset":[0,0],"originalSize":[60,60],"capInsets":[0,0,0,0]}},{"__type__":"cc.SpriteFrame","content":{"name":"default_btn_pressed","texture":"b4P/PCArtIdIH38t6mlw8Y","rect":[0,0,40,40],"offset":[0,0],"originalSize":[40,40],"capInsets":[12,12,12,12]}},{"__type__":"cc.SpriteFrame","content":{"name":"img_wjxx","texture":"f9dPYQzktI6IxmEhlNrXfV","rect":[0,0,200,50],"offset":[0,0],"originalSize":[200,50],"capInsets":[0,0,0,0]}}]