[{"__type__":"cc.SpriteFrame","content":{"name":"touxiang","texture":"1dtYXu39lEWY7F/BhMxsaC","rect":[0,0,73,73],"offset":[0,0],"originalSize":[73,73],"capInsets":[0,0,0,0]}},{"__type__":"cc.SpriteFrame","content":{"name":"img_srk","texture":"4fF0MdCJxNAZIBzGY6bjxs","rect":[0,0,278,53],"offset":[0,0],"originalSize":[278,53],"capInsets":[0,0,0,0]}},{"__type__":"cc.SpriteFrame","content":{"name":"icon_tx46_di","texture":"3aM5LgSNRASbR91sVOY9ff","rect":[0,0,70,70],"offset":[0,0],"originalSize":[70,70],"capInsets":[0,0,0,0]}},{"__type__":"cc.SpriteFrame","content":{"name":"img_di","texture":"18AL8Ic8REO7R2lD0ALKtq","rect":[0,0,67,26],"offset":[0,0],"originalSize":[67,26],"capInsets":[0,0,0,0]}},{"__type__":"cc.SpriteFrame","content":{"name":"img_anzi","texture":"1bOPONZaNGEZ8wamglsDdi","rect":[0,0,262,233],"offset":[0,0.5],"originalSize":[262,234],"capInsets":[0,0,0,0]}},{"__type__":"cc.SpriteFrame","content":{"name":"bg_waf_di","texture":"99xc5rsi1NxZhHnFU+TgCK","rect":[0,0,222,176],"offset":[0,0],"originalSize":[222,176],"capInsets":[0,0,0,0]}},{"__type__":"cc.SpriteFrame","content":{"name":"img_sai","texture":"c50IItukNEn7Yqxak0WzZP","rect":[0,0,17,22],"offset":[0,0],"originalSize":[17,22],"capInsets":[0,0,0,0]}},[{"__type__":"cc.Prefab","_name":"demo_new2","data":{"__id__":1}},{"__type__":"cc.Node","_name":"demo_new2","_children":[{"__id__":2},{"__id__":3},{"__id__":4},{"__id__":5},{"__id__":22},{"__id__":23},{"__id__":24},{"__id__":25},{"__id__":27},{"__id__":28},{"__id__":30},{"__id__":31},{"__id__":32}],"_components":[{"__type__":"cc.Button","node":{"__id__":1}}],"_prefab":{"__type__":"cc.PrefabInfo","root":{"__id__":1},"asset":{"__uuid__":"6d6fHVu0VFjInzqi7MGG2W"},"fileId":"3fC3MCDeBHZpzDIms1pmqM"},"_contentSize":{"__type__":"cc.Size","width":324,"height":255},"_trs":{"__type__":"TypedArray","ctor":"Float64Array","array":[0,0,0,0,0,0,1,1,1,1]}},{"__type__":"cc.Node","_name":"chair_5_1","_parent":{"__id__":1},"_components":[{"__type__":"cc.Sprite","node":{"__id__":2},"_materials":[{"__uuid__":"ecpdLyjvZBwrvm+cedCcQy"}],"_spriteFrame":{"__uuid__":"76ycH15IxKZ6SoNWWPvyY+"}}],"_prefab":{"__type__":"cc.PrefabInfo","root":{"__id__":1},"asset":{"__uuid__":"6d6fHVu0VFjInzqi7MGG2W"},"fileId":"c9SmzJMoVPAKWP6GQsU1qR"},"_contentSize":{"__type__":"cc.Size","width":103,"height":141},"_trs":{"__type__":"TypedArray","ctor":"Float64Array","array":[-80.29,46.402,0,0,0,0,1,1,1,1]}},{"__type__":"cc.Node","_name":"bg_table_color","_parent":{"__id__":1},"_components":[{"__type__":"cc.Sprite","node":{"__id__":3},"_materials":[{"__uuid__":"ecpdLyjvZBwrvm+cedCcQy"}],"_spriteFrame":{"__uuid__":"318KzN/bNAtYR2rkE4sYdw"}}],"_prefab":{"__type__":"cc.PrefabInfo","root":{"__id__":1},"asset":{"__uuid__":"6d6fHVu0VFjInzqi7MGG2W"},"fileId":"b2MXrQYjJHXLb1ozmQgcCy"},"_contentSize":{"__type__":"cc.Size","width":262,"height":233},"_trs":{"__type__":"TypedArray","ctor":"Float64Array","array":[0,0,0,0,0,0,1,1,1,1]}},{"__type__":"cc.Node","_name":"chair_5_4","_parent":{"__id__":1},"_components":[{"__type__":"cc.Sprite","node":{"__id__":4},"_materials":[{"__uuid__":"ecpdLyjvZBwrvm+cedCcQy"}],"_spriteFrame":{"__uuid__":"81dnWVYh5IiYAMxJ3EXGt8"}}],"_prefab":{"__type__":"cc.PrefabInfo","root":{"__id__":1},"asset":{"__uuid__":"6d6fHVu0VFjInzqi7MGG2W"},"fileId":"c6iGngAwRFp69XQfSPcz+x"},"_contentSize":{"__type__":"cc.Size","width":116,"height":135},"_trs":{"__type__":"TypedArray","ctor":"Float64Array","array":[93,-40,0,0,0,0,1,-1,1,1]}},{"__type__":"cc.Node","_name":"head_layout","_parent":{"__id__":1},"_children":[{"__id__":6},{"__id__":14}],"_prefab":{"__type__":"cc.PrefabInfo","root":{"__id__":1},"asset":{"__uuid__":"6d6fHVu0VFjInzqi7MGG2W"},"fileId":"2eJcSKfGdNqJLjSt1G07ml"},"_contentSize":{"__type__":"cc.Size","width":409,"height":90},"_anchorPoint":{"__type__":"cc.Vec2","y":0.5},"_trs":{"__type__":"TypedArray","ctor":"Float64Array","array":[-117.3,43.8,0,0,0,0,1,1,1,1]}},{"__type__":"cc.Node","_name":"user1","_parent":{"__id__":5},"_children":[{"__id__":7},{"__id__":11},{"__id__":12}],"_prefab":{"__type__":"cc.PrefabInfo","root":{"__id__":1},"asset":{"__uuid__":"6d6fHVu0VFjInzqi7MGG2W"},"fileId":"fe7kGoQi1K65ri97BWV0nx"},"_trs":{"__type__":"TypedArray","ctor":"Float64Array","array":[11.588,59.659,0,0,0,0,1,1.2,1.2,1]}},{"__type__":"cc.Node","_name":"mask","_parent":{"__id__":6},"_children":[{"__id__":8},{"__id__":9}],"_components":[{"__type__":"cc.Mask","node":{"__id__":7},"_materials":[{"__uuid__":"ecpdLyjvZBwrvm+cedCcQy"}],"_spriteFrame":{"__uuid__":"1ex2+Je61Pu4xHlY2A6DnZ"},"_type":2}],"_prefab":{"__type__":"cc.PrefabInfo","root":{"__id__":1},"asset":{"__uuid__":"6d6fHVu0VFjInzqi7MGG2W"},"fileId":"662YPgCAZOXLVAkTOZAPpb"},"_contentSize":{"__type__":"cc.Size","width":56,"height":56},"_trs":{"__type__":"TypedArray","ctor":"Float64Array","array":[0,0,0,0,0,0,1,1,1,1]}},{"__type__":"cc.Node","_name":"head","_parent":{"__id__":7},"_components":[{"__type__":"cc.Sprite","node":{"__id__":8},"_materials":[{"__uuid__":"ecpdLyjvZBwrvm+cedCcQy"}],"_spriteFrame":{"__uuid__":"e6JNuRrHVFM4KYnmai3HR+"},"_sizeMode":0,"_isTrimmedMode":false},{"__type__":"f42b8ZzNWFKKI/QT/n8cR1+","node":{"__id__":8}}],"_prefab":{"__type__":"cc.PrefabInfo","root":{"__id__":1},"asset":{"__uuid__":"6d6fHVu0VFjInzqi7MGG2W"},"fileId":"81zxRXNIRBsbGAuRiRONh2"},"_contentSize":{"__type__":"cc.Size","width":65,"height":65},"_trs":{"__type__":"TypedArray","ctor":"Float64Array","array":[0,0,0,0,0,0,1,1,1,1]}},{"__type__":"cc.Node","_name":"lixian","_parent":{"__id__":7},"_children":[{"__id__":10}],"_components":[{"__type__":"cc.Sprite","node":{"__id__":9},"_materials":[{"__uuid__":"ecpdLyjvZBwrvm+cedCcQy"}],"_spriteFrame":{"__uuid__":"012IHt40xCG7tUDIieNTX4"}}],"_prefab":{"__type__":"cc.PrefabInfo","root":{"__id__":1},"asset":{"__uuid__":"6d6fHVu0VFjInzqi7MGG2W"},"fileId":"d8eXJc29pC3atDBaJ7NFn9"},"_contentSize":{"__type__":"cc.Size","width":73,"height":73},"_trs":{"__type__":"TypedArray","ctor":"Float64Array","array":[0,0,0,0,0,0,1,1,1,1]}},{"__type__":"cc.Node","_name":"lixianzhong","_parent":{"__id__":9},"_components":[{"__type__":"cc.Sprite","node":{"__id__":10},"_materials":[{"__uuid__":"ecpdLyjvZBwrvm+cedCcQy"}],"_spriteFrame":{"__uuid__":"a0/fj7ENxHJ4F+Rv6UwWvZ"},"_sizeMode":0}],"_prefab":{"__type__":"cc.PrefabInfo","root":{"__id__":1},"asset":{"__uuid__":"6d6fHVu0VFjInzqi7MGG2W"},"fileId":"3el8Uy4qhHbrjcXjffjAH1"},"_contentSize":{"__type__":"cc.Size","width":39,"height":15},"_trs":{"__type__":"TypedArray","ctor":"Float64Array","array":[0,0,0,0,0,0,1,1,1,1]}},{"__type__":"cc.Node","_name":"icon_di","_parent":{"__id__":6},"_components":[{"__type__":"cc.Sprite","node":{"__id__":11},"_materials":[{"__uuid__":"ecpdLyjvZBwrvm+cedCcQy"}],"_spriteFrame":{"__uuid__":"aaHnm48C9HF721LIB8IcdE"},"_sizeMode":0}],"_prefab":{"__type__":"cc.PrefabInfo","root":{"__id__":1},"asset":{"__uuid__":"6d6fHVu0VFjInzqi7MGG2W"},"fileId":"b4DP+0wjRGAZYSafznQEKs"},"_contentSize":{"__type__":"cc.Size","width":60,"height":60},"_trs":{"__type__":"TypedArray","ctor":"Float64Array","array":[0,0,0,0,0,0,1,1,1,1]}},{"__type__":"cc.Node","_name":"name","_parent":{"__id__":6},"_children":[{"__id__":13}],"_components":[{"__type__":"cc.Sprite","node":{"__id__":12},"_materials":[{"__uuid__":"ecpdLyjvZBwrvm+cedCcQy"}],"_spriteFrame":{"__uuid__":"a90CvZZvxBV4BPQccRmk+E"},"_sizeMode":0}],"_prefab":{"__type__":"cc.PrefabInfo","root":{"__id__":1},"asset":{"__uuid__":"6d6fHVu0VFjInzqi7MGG2W"},"fileId":"ba3VQ5rq9PIbfLYBjhSfaL"},"_contentSize":{"__type__":"cc.Size","width":75,"height":26},"_trs":{"__type__":"TypedArray","ctor":"Float64Array","array":[0,-40,0,0,0,0,1,1,1,1]}},{"__type__":"cc.Node","_name":"lb","_parent":{"__id__":12},"_components":[{"__type__":"cc.Label","node":{"__id__":13},"_materials":[{"__uuid__":"ecpdLyjvZBwrvm+cedCcQy"}],"_useOriginalSize":false,"_string":"纯属娱乐","_N$string":"纯属娱乐","_fontSize":14,"_lineHeight":20,"_N$file":{"__uuid__":"5f5wQekV1CGpJW2meZozWn"},"_isSystemFontUsed":false,"_N$horizontalAlign":1,"_N$verticalAlign":1}],"_prefab":{"__type__":"cc.PrefabInfo","root":{"__id__":1},"asset":{"__uuid__":"6d6fHVu0VFjInzqi7MGG2W"},"fileId":"6bPvcbzgdG35bLbOeV3quB"},"_color":{"__type__":"cc.Color","r":255,"g":239,"b":235},"_contentSize":{"__type__":"cc.Size","width":56,"height":25.2},"_trs":{"__type__":"TypedArray","ctor":"Float64Array","array":[0,0,0,0,0,0,1,1,1,1]}},{"__type__":"cc.Node","_name":"user2","_parent":{"__id__":5},"_children":[{"__id__":15},{"__id__":19},{"__id__":20}],"_prefab":{"__type__":"cc.PrefabInfo","root":{"__id__":1},"asset":{"__uuid__":"6d6fHVu0VFjInzqi7MGG2W"},"fileId":"b0nyLSpopN+oSlT5Q++FVz"},"_trs":{"__type__":"TypedArray","ctor":"Float64Array","array":[219.451,-15.687,0,0,0,0,1,1.2,1.2,1]}},{"__type__":"cc.Node","_name":"mask","_parent":{"__id__":14},"_children":[{"__id__":16},{"__id__":17}],"_components":[{"__type__":"cc.Mask","node":{"__id__":15},"_materials":[{"__uuid__":"ecpdLyjvZBwrvm+cedCcQy"}],"_spriteFrame":{"__uuid__":"1ex2+Je61Pu4xHlY2A6DnZ"},"_type":2}],"_prefab":{"__type__":"cc.PrefabInfo","root":{"__id__":1},"asset":{"__uuid__":"6d6fHVu0VFjInzqi7MGG2W"},"fileId":"4b7RSxOAJNbJLePBxSx3ua"},"_contentSize":{"__type__":"cc.Size","width":56,"height":56},"_trs":{"__type__":"TypedArray","ctor":"Float64Array","array":[0,0,0,0,0,0,1,1,1,1]}},{"__type__":"cc.Node","_name":"head","_parent":{"__id__":15},"_components":[{"__type__":"cc.Sprite","node":{"__id__":16},"_materials":[{"__uuid__":"ecpdLyjvZBwrvm+cedCcQy"}],"_spriteFrame":{"__uuid__":"e6JNuRrHVFM4KYnmai3HR+"},"_sizeMode":0,"_isTrimmedMode":false},{"__type__":"f42b8ZzNWFKKI/QT/n8cR1+","node":{"__id__":16}}],"_prefab":{"__type__":"cc.PrefabInfo","root":{"__id__":1},"asset":{"__uuid__":"6d6fHVu0VFjInzqi7MGG2W"},"fileId":"6dkDc3EIdB/LHwl1I8PPpW"},"_contentSize":{"__type__":"cc.Size","width":65,"height":65},"_trs":{"__type__":"TypedArray","ctor":"Float64Array","array":[0,0,0,0,0,0,1,1,1,1]}},{"__type__":"cc.Node","_name":"lixian","_parent":{"__id__":15},"_children":[{"__id__":18}],"_components":[{"__type__":"cc.Sprite","node":{"__id__":17},"_materials":[{"__uuid__":"ecpdLyjvZBwrvm+cedCcQy"}],"_spriteFrame":{"__uuid__":"012IHt40xCG7tUDIieNTX4"}}],"_prefab":{"__type__":"cc.PrefabInfo","root":{"__id__":1},"asset":{"__uuid__":"6d6fHVu0VFjInzqi7MGG2W"},"fileId":"d4YTTxDqtDC5VpSPFqYK81"},"_contentSize":{"__type__":"cc.Size","width":73,"height":73},"_trs":{"__type__":"TypedArray","ctor":"Float64Array","array":[0,0,0,0,0,0,1,1,1,1]}},{"__type__":"cc.Node","_name":"lixianzhong","_parent":{"__id__":17},"_components":[{"__type__":"cc.Sprite","node":{"__id__":18},"_materials":[{"__uuid__":"ecpdLyjvZBwrvm+cedCcQy"}],"_spriteFrame":{"__uuid__":"a0/fj7ENxHJ4F+Rv6UwWvZ"},"_sizeMode":0}],"_prefab":{"__type__":"cc.PrefabInfo","root":{"__id__":1},"asset":{"__uuid__":"6d6fHVu0VFjInzqi7MGG2W"},"fileId":"a1LYfk/6RCF6OEpdfMFcTL"},"_contentSize":{"__type__":"cc.Size","width":39,"height":15},"_trs":{"__type__":"TypedArray","ctor":"Float64Array","array":[0,0,0,0,0,0,1,1,1,1]}},{"__type__":"cc.Node","_name":"icon_di","_parent":{"__id__":14},"_components":[{"__type__":"cc.Sprite","node":{"__id__":19},"_materials":[{"__uuid__":"ecpdLyjvZBwrvm+cedCcQy"}],"_spriteFrame":{"__uuid__":"aaHnm48C9HF721LIB8IcdE"},"_sizeMode":0}],"_prefab":{"__type__":"cc.PrefabInfo","root":{"__id__":1},"asset":{"__uuid__":"6d6fHVu0VFjInzqi7MGG2W"},"fileId":"ff0f4po9BOY6J+d+vTnSnV"},"_contentSize":{"__type__":"cc.Size","width":60,"height":60},"_trs":{"__type__":"TypedArray","ctor":"Float64Array","array":[0,0,0,0,0,0,1,1,1,1]}},{"__type__":"cc.Node","_name":"name","_parent":{"__id__":14},"_children":[{"__id__":21}],"_components":[{"__type__":"cc.Sprite","node":{"__id__":20},"_materials":[{"__uuid__":"ecpdLyjvZBwrvm+cedCcQy"}],"_spriteFrame":{"__uuid__":"a90CvZZvxBV4BPQccRmk+E"},"_sizeMode":0}],"_prefab":{"__type__":"cc.PrefabInfo","root":{"__id__":1},"asset":{"__uuid__":"6d6fHVu0VFjInzqi7MGG2W"},"fileId":"bckctyuFdEHJvDZVGA93V7"},"_contentSize":{"__type__":"cc.Size","width":75,"height":26},"_trs":{"__type__":"TypedArray","ctor":"Float64Array","array":[0,-40,0,0,0,0,1,1,1,1]}},{"__type__":"cc.Node","_name":"lb","_parent":{"__id__":20},"_components":[{"__type__":"cc.Label","node":{"__id__":21},"_materials":[{"__uuid__":"ecpdLyjvZBwrvm+cedCcQy"}],"_useOriginalSize":false,"_string":"纯属娱乐","_N$string":"纯属娱乐","_fontSize":14,"_lineHeight":20,"_N$file":{"__uuid__":"5f5wQekV1CGpJW2meZozWn"},"_isSystemFontUsed":false,"_N$horizontalAlign":1,"_N$verticalAlign":1}],"_prefab":{"__type__":"cc.PrefabInfo","root":{"__id__":1},"asset":{"__uuid__":"6d6fHVu0VFjInzqi7MGG2W"},"fileId":"01gu6b6ZBOKIMjfqpiAWn+"},"_contentSize":{"__type__":"cc.Size","width":56,"height":25.2},"_trs":{"__type__":"TypedArray","ctor":"Float64Array","array":[0,0,0,0,0,0,1,1,1,1]}},{"__type__":"cc.Node","_name":"paishu","_parent":{"__id__":1},"_active":false,"_components":[{"__type__":"cc.Label","node":{"__id__":22},"_materials":[{"__uuid__":"ecpdLyjvZBwrvm+cedCcQy"}],"_useOriginalSize":false,"_string":"3牌房","_N$string":"3牌房","_fontSize":20,"_lineHeight":23,"_N$file":{"__uuid__":"5f5wQekV1CGpJW2meZozWn"},"_isSystemFontUsed":false,"_N$horizontalAlign":1,"_N$verticalAlign":1},{"__type__":"cc.LabelOutline","node":{"__id__":22},"_color":{"__type__":"cc.Color","r":51,"g":31,"b":34},"_width":3}],"_prefab":{"__type__":"cc.PrefabInfo","root":{"__id__":1},"asset":{"__uuid__":"6d6fHVu0VFjInzqi7MGG2W"},"fileId":"baxWv4CDFKhpgC/BH7QgQB"},"_contentSize":{"__type__":"cc.Size","width":57.41,"height":34.980000000000004},"_position":{"__type__":"cc.Vec3","y":74.1},"_scale":{"__type__":"cc.Vec3","x":1,"y":1,"z":1},"_trs":{"__type__":"TypedArray","ctor":"Float64Array","array":[0,27.881,0,0,0,0,1,1,1,1]}},{"__type__":"cc.Node","_name":"jushu","_parent":{"__id__":1},"_components":[{"__type__":"cc.Label","node":{"__id__":23},"_materials":[{"__uuid__":"ecpdLyjvZBwrvm+cedCcQy"}],"_useOriginalSize":false,"_string":"第0/8局","_N$string":"第0/8局","_fontSize":20,"_lineHeight":22,"_N$file":{"__uuid__":"5f5wQekV1CGpJW2meZozWn"},"_isSystemFontUsed":false,"_N$horizontalAlign":1,"_N$verticalAlign":1},{"__type__":"cc.LabelOutline","node":{"__id__":23},"_color":{"__type__":"cc.Color","r":51,"g":31,"b":34}}],"_prefab":{"__type__":"cc.PrefabInfo","root":{"__id__":1},"asset":{"__uuid__":"6d6fHVu0VFjInzqi7MGG2W"},"fileId":"75iLHqDDtH+oDw6gOKMYeN"},"_color":{"__type__":"cc.Color","r":255,"g":250,"b":199},"_contentSize":{"__type__":"cc.Size","width":72.94,"height":29.72},"_trs":{"__type__":"TypedArray","ctor":"Float64Array","array":[0,37.09,0,0,0,0,1,1,1,1]}},{"__type__":"cc.Node","_name":"game_name","_parent":{"__id__":1},"_components":[{"__type__":"cc.Label","node":{"__id__":24},"_materials":[{"__uuid__":"ecpdLyjvZBwrvm+cedCcQy"}],"_useOriginalSize":false,"_string":"镇江麻将","_N$string":"镇江麻将","_fontSize":15,"_lineHeight":26,"_N$file":{"__uuid__":"5f5wQekV1CGpJW2meZozWn"},"_isSystemFontUsed":false,"_N$horizontalAlign":1,"_N$verticalAlign":1},{"__type__":"cc.LabelOutline","node":{"__id__":24},"_color":{"__type__":"cc.Color","r":51,"g":31,"b":34}}],"_prefab":{"__type__":"cc.PrefabInfo","root":{"__id__":1},"asset":{"__uuid__":"6d6fHVu0VFjInzqi7MGG2W"},"fileId":"a9Hs/WLvxPM4tD43iDI9VN"},"_contentSize":{"__type__":"cc.Size","width":62,"height":34.76},"_trs":{"__type__":"TypedArray","ctor":"Float64Array","array":[0,89.267,0,0,0,0,1,1,1,1]}},{"__type__":"cc.Node","_name":"bg_key","_parent":{"__id__":1},"_children":[{"__id__":26}],"_components":[{"__type__":"cc.Sprite","node":{"__id__":25},"_materials":[{"__uuid__":"ecpdLyjvZBwrvm+cedCcQy"}],"_spriteFrame":{"__uuid__":"1aLT1VVMRM/KGRIWp3Uinq"},"_sizeMode":0}],"_prefab":{"__type__":"cc.PrefabInfo","root":{"__id__":1},"asset":{"__uuid__":"6d6fHVu0VFjInzqi7MGG2W"},"fileId":"533cRnTtJPZ6dxPxBQrNaO"},"_contentSize":{"__type__":"cc.Size","width":40,"height":40},"_trs":{"__type__":"TypedArray","ctor":"Float64Array","array":[0,-40.483,0,0,0,0,1,1,1,1]}},{"__type__":"cc.Node","_name":"key","_parent":{"__id__":25},"_components":[{"__type__":"cc.Label","node":{"__id__":26},"_materials":[{"__uuid__":"ecpdLyjvZBwrvm+cedCcQy"}],"_useOriginalSize":false,"_string":"1","_N$string":"1","_fontSize":27,"_lineHeight":27,"_N$file":{"__uuid__":"5f5wQekV1CGpJW2meZozWn"},"_isSystemFontUsed":false,"_N$horizontalAlign":1,"_N$verticalAlign":1,"_N$overflow":2}],"_prefab":{"__type__":"cc.PrefabInfo","root":{"__id__":1},"asset":{"__uuid__":"6d6fHVu0VFjInzqi7MGG2W"},"fileId":"07bhu2jtZKA4Q4KOL7Q6B4"},"_color":{"__type__":"cc.Color","r":90,"g":18,"b":18},"_contentSize":{"__type__":"cc.Size","width":35,"height":27},"_trs":{"__type__":"TypedArray","ctor":"Float64Array","array":[0,0,0,0,0,0,1,1,1,1]}},{"__type__":"cc.Node","_name":"btn_detail","_parent":{"__id__":1},"_components":[{"__type__":"cc.Sprite","node":{"__id__":27},"_materials":[{"__uuid__":"ecpdLyjvZBwrvm+cedCcQy"}],"_spriteFrame":{"__uuid__":"82G9jFlh1BEIMQeUs5OLHx"}},{"__type__":"cc.Button","node":{"__id__":27},"_N$transition":3,"transition":3,"_N$normalColor":{"__type__":"cc.Color","r":214,"g":214,"b":214},"_N$target":{"__id__":27}}],"_prefab":{"__type__":"cc.PrefabInfo","root":{"__id__":1},"asset":{"__uuid__":"6d6fHVu0VFjInzqi7MGG2W"},"fileId":"1cCFGWvJZO566jHG8Nv24x"},"_contentSize":{"__type__":"cc.Size","width":66,"height":36},"_trs":{"__type__":"TypedArray","ctor":"Float64Array","array":[0,-85,0,0,0,0,1,1,1,1]}},{"__type__":"cc.Node","_name":"wanfa","_parent":{"__id__":1},"_children":[{"__id__":29}],"_active":false,"_components":[{"__type__":"cc.Sprite","node":{"__id__":28},"_spriteFrame":{"__uuid__":"3dMNeNCj9NKYp7R2Evm8UV"}}],"_prefab":{"__type__":"cc.PrefabInfo","root":{"__id__":1},"asset":{"__uuid__":"6d6fHVu0VFjInzqi7MGG2W"},"fileId":"4anl4jcftJXpXp1xl4rcGD"},"_contentSize":{"__type__":"cc.Size","width":222,"height":176},"_trs":{"__type__":"TypedArray","ctor":"Float64Array","array":[-34.8,18.6,0,0,0,0,1,1,1,1]}},{"__type__":"cc.Node","_name":"lb_wanfa","_parent":{"__id__":28},"_components":[{"__type__":"cc.Label","node":{"__id__":29},"_useOriginalSize":false,"_string":"玩法","_N$string":"玩法","_fontSize":20,"_lineHeight":30,"_N$file":{"__uuid__":"5f5wQekV1CGpJW2meZozWn"},"_isSystemFontUsed":false,"_N$overflow":3}],"_prefab":{"__type__":"cc.PrefabInfo","root":{"__id__":1},"asset":{"__uuid__":"6d6fHVu0VFjInzqi7MGG2W"},"fileId":"77QGZPg35AZpbhNvBkf1Bp"},"_color":{"__type__":"cc.Color","r":92,"g":17,"b":17},"_contentSize":{"__type__":"cc.Size","width":195,"height":30},"_anchorPoint":{"__type__":"cc.Vec2","x":0.5,"y":1},"_trs":{"__type__":"TypedArray","ctor":"Float64Array","array":[-1.6,69.6,0,0,0,0,1,1,1,1]}},{"__type__":"cc.Node","_name":"lb_roomName","_parent":{"__id__":1},"_components":[{"__type__":"cc.Label","node":{"__id__":30},"_materials":[{"__uuid__":"ecpdLyjvZBwrvm+cedCcQy"}],"_useOriginalSize":false,"_string":"镇江麻将镇江","_N$string":"镇江麻将镇江","_fontSize":26,"_lineHeight":28,"_N$file":{"__uuid__":"5f5wQekV1CGpJW2meZozWn"},"_isSystemFontUsed":false,"_N$horizontalAlign":1,"_N$verticalAlign":1,"_N$overflow":2},{"__type__":"cc.LabelOutline","node":{"__id__":30},"_color":{"__type__":"cc.Color","r":45,"g":19,"b":14}}],"_prefab":{"__type__":"cc.PrefabInfo","root":{"__id__":1},"asset":{"__uuid__":"6d6fHVu0VFjInzqi7MGG2W"},"fileId":"c66iV1YPNDLb5NNV51BtwY"},"_color":{"__type__":"cc.Color","r":255,"g":250,"b":199},"_contentSize":{"__type__":"cc.Size","width":160,"height":37.28},"_trs":{"__type__":"TypedArray","ctor":"Float64Array","array":[0,61.101,0,0,0,0,1,1,1,1]}},{"__type__":"cc.Node","_name":"tip_lock","_parent":{"__id__":1},"_active":false,"_components":[{"__type__":"cc.Sprite","node":{"__id__":31},"_materials":[{"__uuid__":"ecpdLyjvZBwrvm+cedCcQy"}],"_spriteFrame":{"__uuid__":"d05/X4TsVBvYSFFDT2kLYG"}}],"_prefab":{"__type__":"cc.PrefabInfo","root":{"__id__":1},"asset":{"__uuid__":"6d6fHVu0VFjInzqi7MGG2W"},"fileId":"713tyqNQJLea5eOqKMDtrz"},"_contentSize":{"__type__":"cc.Size","width":33,"height":39},"_trs":{"__type__":"TypedArray","ctor":"Float64Array","array":[-51.564,-82.733,0,0,0,0,1,1,1,1]}},{"__type__":"cc.Node","_name":"img_sp","_parent":{"__id__":1},"_children":[{"__id__":33},{"__id__":34}],"_active":false,"_components":[{"__type__":"cc.Sprite","node":{"__id__":32},"_materials":[{"__uuid__":"ecpdLyjvZBwrvm+cedCcQy"}],"_spriteFrame":{"__uuid__":"31GEQk6vBMWYLh58IVlk9U"}}],"_prefab":{"__type__":"cc.PrefabInfo","root":{"__id__":1},"asset":{"__uuid__":"6d6fHVu0VFjInzqi7MGG2W"},"fileId":"cdJMkWcjRApZzE1mlYok/4"},"_contentSize":{"__type__":"cc.Size","width":67,"height":26},"_trs":{"__type__":"TypedArray","ctor":"Float64Array","array":[0,88.582,0,0,0,0,1,1,1,1]}},{"__type__":"cc.Node","_name":"img_sai","_parent":{"__id__":32},"_components":[{"__type__":"cc.Sprite","node":{"__id__":33},"_materials":[{"__uuid__":"ecpdLyjvZBwrvm+cedCcQy"}],"_spriteFrame":{"__uuid__":"65FWF0AJtPxryGewnPzbtB"}}],"_prefab":{"__type__":"cc.PrefabInfo","root":{"__id__":1},"asset":{"__uuid__":"6d6fHVu0VFjInzqi7MGG2W"},"fileId":"15sDqVZK1HJ6a8AjEVIjSE"},"_contentSize":{"__type__":"cc.Size","width":17,"height":22},"_trs":{"__type__":"TypedArray","ctor":"Float64Array","array":[-20.271,0,0,0,0,0,1,1,1,1]}},{"__type__":"cc.Node","_name":"lb_spStart","_parent":{"__id__":32},"_components":[{"__type__":"cc.Label","node":{"__id__":34},"_materials":[{"__uuid__":"ecpdLyjvZBwrvm+cedCcQy"}],"_useOriginalSize":false,"_string":"100","_N$string":"100","_fontSize":20,"_lineHeight":22,"_N$file":{"__uuid__":"5f5wQekV1CGpJW2meZozWn"},"_isSystemFontUsed":false,"_N$verticalAlign":1},{"__type__":"cc.LabelOutline","node":{"__id__":34},"_color":{"__type__":"cc.Color"}}],"_prefab":{"__type__":"cc.PrefabInfo","root":{"__id__":1},"asset":{"__uuid__":"6d6fHVu0VFjInzqi7MGG2W"},"fileId":"7aee7sS8BNOqyGBQhf3r8l"},"_contentSize":{"__type__":"cc.Size","width":32.16,"height":29.72},"_anchorPoint":{"__type__":"cc.Vec2","y":0.5},"_trs":{"__type__":"TypedArray","ctor":"Float64Array","array":[-6.634,0,0,0,0,0,1,1,1,1]}}],{"__type__":"cc.SpriteFrame","content":{"name":"chair_5_1","texture":"1e9aRMzmpMMKDbNtlDqTpY","rect":[9,27,103,141],"offset":[1,-9],"originalSize":[119,177],"capInsets":[0,0,0,0]}},{"__type__":"cc.SpriteFrame","content":{"name":"chair_5_4","texture":"eeI72RGkxClKMvNF9Kou+a","rect":[3,32,116,135],"offset":[1.5,-11],"originalSize":[119,177],"capInsets":[0,0,0,0]}},{"__type__":"cc.SpriteFrame","content":{"name":"btn_xq","texture":"c69N1JykRJW4vzrotkn25U","rect":[0,0,95,44],"offset":[0,0],"originalSize":[95,44],"capInsets":[0,0,0,0]}},{"__type__":"cc.SpriteFrame","content":{"name":"lixianzhong","texture":"f2JKq4S3hIkL+5GWwbxyBP","rect":[0,0,66,24],"offset":[0,0],"originalSize":[66,24],"capInsets":[0,0,0,0]}},{"__type__":"cc.SpriteFrame","content":{"name":"icon_txk_di","texture":"86rAZ72a1B1ogDPO1OsXFa","rect":[0,0,94,28],"offset":[0,0],"originalSize":[94,28],"capInsets":[0,0,0,0]}},{"__type__":"cc.SpriteFrame","content":{"name":"icon_tx46","texture":"97pSvVJhJL2Kh9eS+XriZO","rect":[0,0,74,74],"offset":[0,0],"originalSize":[74,74],"capInsets":[0,0,0,0]}},{"__type__":"cc.SpriteFrame","content":{"name":"img_locked","texture":"46Q0bHWO5A7ZDAltsx/4d4","rect":[0,0,33,39],"offset":[0,0],"originalSize":[33,39],"capInsets":[0,0,0,0]}},{"__type__":"cc.SpriteFrame","content":{"name":"morentouxiang","texture":"189664600","rect":[181,652,60,60],"offset":[0,0],"originalSize":[60,60],"capInsets":[0,0,0,0]}}]