[[{"__type__":"cc.Prefab","_name":"UIChouJiangLog","data":{"__id__":1}},{"__type__":"cc.Node","_name":"UIChouJiangLog","_children":[{"__id__":2},{"__id__":4},{"__id__":5},{"__id__":6},{"__id__":7},{"__id__":8}],"_components":[{"__type__":"cc.Widget","node":{"__id__":1},"alignMode":0,"_alignFlags":45,"_left":-100,"_right":-100,"_originalWidth":1750},{"__type__":"cc.Button","node":{"__id__":1},"_N$normalColor":{"__type__":"cc.Color","r":214,"g":214,"b":214},"_N$target":{"__id__":1}},{"__type__":"06a0b6mVr9EoZzWrZqpdYhR","node":{"__id__":1},"ZorderLv":9,"layoutNode":{"__id__":14},"scrollView":{"__id__":13},"prefab":{"__uuid__":"75ZOqYhQJOoZbbYjb0WWiH"}},{"__type__":"cc.Sprite","node":{"__id__":1},"_materials":[{"__uuid__":"ecpdLyjvZBwrvm+cedCcQy"}],"_spriteFrame":{"__uuid__":"86Zf39gLpJiYJ0+npxhZ2d"},"_sizeMode":0}],"_prefab":{"__type__":"cc.PrefabInfo","root":{"__id__":1},"asset":{"__uuid__":"51wO7LQSlMxKNGWvsMvA8C"},"fileId":"89fe8w4IU1DlK5nNjRLt7qp"},"_contentSize":{"__type__":"cc.Size","width":1560,"height":760},"_trs":{"__type__":"TypedArray","ctor":"Float64Array","array":[680,380,0,0,0,0,1,1,1,1]}},{"__type__":"cc.Node","_name":"bg","_parent":{"__id__":1},"_children":[{"__id__":3}],"_components":[{"__type__":"cc.Sprite","node":{"__id__":2},"_materials":[{"__uuid__":"ecpdLyjvZBwrvm+cedCcQy"}],"_spriteFrame":{"__uuid__":"8dpmteRW9G/LLq8uXEtxQ0"},"_type":1}],"_prefab":{"__type__":"cc.PrefabInfo","root":{"__id__":1},"asset":{"__uuid__":"51wO7LQSlMxKNGWvsMvA8C"},"fileId":"b7284KFY55JYrxKhOZ751Bs"},"_contentSize":{"__type__":"cc.Size","width":984,"height":607},"_trs":{"__type__":"TypedArray","ctor":"Float64Array","array":[0,-3,0,0,0,0,1,1,1,1]}},{"__type__":"cc.Node","_name":"bg_title","_parent":{"__id__":2},"_components":[{"__type__":"cc.Sprite","node":{"__id__":3},"_materials":[{"__uuid__":"ecpdLyjvZBwrvm+cedCcQy"}],"_spriteFrame":{"__uuid__":"82avaoZhdG4pfb1Gtek0YP"}}],"_prefab":{"__type__":"cc.PrefabInfo","root":{"__id__":1},"asset":{"__uuid__":"51wO7LQSlMxKNGWvsMvA8C"},"fileId":"6d534b1t59FM6SJCz5/vjyP"},"_contentSize":{"__type__":"cc.Size","width":198,"height":51},"_trs":{"__type__":"TypedArray","ctor":"Float64Array","array":[0,260,0,0,0,0,1,1,1,1]}},{"__type__":"cc.Node","_name":"btn_close","_parent":{"__id__":1},"_components":[{"__type__":"cc.Sprite","node":{"__id__":4},"_materials":[{"__uuid__":"ecpdLyjvZBwrvm+cedCcQy"}],"_spriteFrame":{"__uuid__":"d9ZhflMOxHW7JHl9dya866"}},{"__type__":"cc.Button","node":{"__id__":4},"clickEvents":[{"__type__":"cc.ClickEvent","target":{"__id__":1},"_componentId":"06a0b6mVr9EoZzWrZqpdYhR","handler":"OnClick_BtnWnd"}],"_N$transition":3,"transition":3,"_N$normalColor":{"__type__":"cc.Color","r":214,"g":214,"b":214},"_N$target":{"__id__":4}}],"_prefab":{"__type__":"cc.PrefabInfo","root":{"__id__":1},"asset":{"__uuid__":"51wO7LQSlMxKNGWvsMvA8C"},"fileId":"8c870ozMSNO+rVJtwoc4P+P"},"_contentSize":{"__type__":"cc.Size","width":79,"height":80},"_trs":{"__type__":"TypedArray","ctor":"Float64Array","array":[480,242,0,0,0,0,1,1,1,1]}},{"__type__":"cc.Node","_name":"tip","_parent":{"__id__":1},"_components":[{"__type__":"cc.Label","node":{"__id__":5},"_materials":[{"__uuid__":"ecpdLyjvZBwrvm+cedCcQy"}],"_useOriginalSize":false,"_string":"注：红包及实物奖品请联系客服领取！","_N$string":"注：红包及实物奖品请联系客服领取！","_fontSize":24,"_lineHeight":24,"_N$file":{"__uuid__":"5f5wQekV1CGpJW2meZozWn"},"_isSystemFontUsed":false,"_N$horizontalAlign":1,"_N$verticalAlign":1}],"_prefab":{"__type__":"cc.PrefabInfo","root":{"__id__":1},"asset":{"__uuid__":"51wO7LQSlMxKNGWvsMvA8C"},"fileId":"7ef58cwcdlItoiv5Qdh2sgX"},"_color":{"__type__":"cc.Color","r":254},"_contentSize":{"__type__":"cc.Size","width":408,"height":30.24},"_trs":{"__type__":"TypedArray","ctor":"Float64Array","array":[0,-258,0,0,0,0,1,1,1,1]}},{"__type__":"cc.Node","_name":"tip_time","_parent":{"__id__":1},"_components":[{"__type__":"cc.Label","node":{"__id__":6},"_materials":[{"__uuid__":"ecpdLyjvZBwrvm+cedCcQy"}],"_useOriginalSize":false,"_string":"时间","_N$string":"时间","_fontSize":28,"_lineHeight":28,"_N$file":{"__uuid__":"5f5wQekV1CGpJW2meZozWn"},"_isSystemFontUsed":false,"_N$horizontalAlign":1,"_N$verticalAlign":1}],"_prefab":{"__type__":"cc.PrefabInfo","root":{"__id__":1},"asset":{"__uuid__":"51wO7LQSlMxKNGWvsMvA8C"},"fileId":"d8b4cXSZB5JwoT4p07jngn2"},"_color":{"__type__":"cc.Color","r":125,"g":2,"b":2},"_contentSize":{"__type__":"cc.Size","width":56,"height":35.28},"_trs":{"__type__":"TypedArray","ctor":"Float64Array","array":[-195,173,0,0,0,0,1,1,1,1]}},{"__type__":"cc.Node","_name":"tip_jiangpin","_parent":{"__id__":1},"_components":[{"__type__":"cc.Label","node":{"__id__":7},"_materials":[{"__uuid__":"ecpdLyjvZBwrvm+cedCcQy"}],"_useOriginalSize":false,"_string":"奖品","_N$string":"奖品","_fontSize":28,"_lineHeight":28,"_N$file":{"__uuid__":"5f5wQekV1CGpJW2meZozWn"},"_isSystemFontUsed":false,"_N$horizontalAlign":1,"_N$verticalAlign":1}],"_prefab":{"__type__":"cc.PrefabInfo","root":{"__id__":1},"asset":{"__uuid__":"51wO7LQSlMxKNGWvsMvA8C"},"fileId":"82860yH/I5Jp7CDI6/BAwvB"},"_color":{"__type__":"cc.Color","r":125,"g":2,"b":2},"_contentSize":{"__type__":"cc.Size","width":56,"height":35.28},"_trs":{"__type__":"TypedArray","ctor":"Float64Array","array":[232,173,0,0,0,0,1,1,1,1]}},{"__type__":"cc.Node","_name":"loglist","_parent":{"__id__":1},"_children":[{"__id__":9},{"__id__":14}],"_components":[{"__type__":"cc.Mask","node":{"__id__":8},"_materials":[{"__uuid__":"ecpdLyjvZBwrvm+cedCcQy"}],"_N$alphaThreshold":1},{"__id__":13}],"_prefab":{"__type__":"cc.PrefabInfo","root":{"__id__":1},"asset":{"__uuid__":"51wO7LQSlMxKNGWvsMvA8C"},"fileId":"547a33d17tIk6il5INak+6t"},"_contentSize":{"__type__":"cc.Size","width":860,"height":350},"_anchorPoint":{"__type__":"cc.Vec2","x":0.5,"y":1},"_trs":{"__type__":"TypedArray","ctor":"Float64Array","array":[0,141,0,0,0,0,1,1,1,1]}},{"__type__":"cc.Node","_name":"scrollBar","_parent":{"__id__":8},"_children":[{"__id__":10}],"_active":false,"_components":[{"__id__":12},{"__type__":"cc.Widget","node":{"__id__":9},"_wasAlignOnce":{},"isAlignOnce":{},"_alignFlags":37,"_left":350.07654921020657,"_originalHeight":237},{"__type__":"cc.Sprite","node":{"__id__":9},"_spriteFrame":{"__uuid__":"5f5dyqtRNNxaFmVzYns6FZ"},"_type":1,"_sizeMode":0}],"_prefab":{"__type__":"cc.PrefabInfo","root":{"__id__":1},"asset":{"__uuid__":"51wO7LQSlMxKNGWvsMvA8C"},"fileId":"58e50THMaFDF4AI+78xlb58"},"_color":{"__type__":"cc.Color","r":238,"g":217,"b":227},"_contentSize":{"__type__":"cc.Size","width":12,"height":300},"_anchorPoint":{"__type__":"cc.Vec2","x":1,"y":0.5},"_trs":{"__type__":"TypedArray","ctor":"Float64Array","array":[430,-150,0,0,0,0,1,1,1,1]}},{"__type__":"cc.Node","_name":"bar","_parent":{"__id__":9},"_components":[{"__id__":11}],"_prefab":{"__type__":"cc.PrefabInfo","root":{"__id__":1},"asset":{"__uuid__":"51wO7LQSlMxKNGWvsMvA8C"},"fileId":"15edaUgWshAyoYu4onSsO1p"},"_color":{"__type__":"cc.Color","r":236,"g":241,"b":245},"_contentSize":{"__type__":"cc.Size","width":10,"height":30},"_anchorPoint":{"__type__":"cc.Vec2","x":1},"_trs":{"__type__":"TypedArray","ctor":"Float64Array","array":[-1,0,0,0,0,0,1,1,1,1]}},{"__type__":"cc.Sprite","node":{"__id__":10},"_spriteFrame":{"__uuid__":"5cO7kybDxGj4ipyMYdRYZB"},"_type":1,"_sizeMode":0},{"__type__":"cc.Scrollbar","node":{"__id__":9},"_scrollView":{"__id__":13},"_N$handle":{"__id__":11},"_N$direction":1},{"__type__":"cc.ScrollView","node":{"__id__":8},"horizontal":false,"_N$content":{"__id__":14},"content":{"__id__":14},"_N$verticalScrollBar":{"__id__":12}},{"__type__":"cc.Node","_name":"content","_parent":{"__id__":8},"_components":[{"__type__":"cc.Layout","node":{"__id__":14},"_layoutSize":{"__type__":"cc.Size","width":850,"height":70},"_resize":1,"_N$layoutType":2,"_N$spacingY":10}],"_prefab":{"__type__":"cc.PrefabInfo","root":{"__id__":1},"asset":{"__uuid__":"51wO7LQSlMxKNGWvsMvA8C"},"fileId":"74782Z5K5JPHKj8BG12bHpj"},"_contentSize":{"__type__":"cc.Size","width":850,"height":70},"_anchorPoint":{"__type__":"cc.Vec2","x":0.5,"y":1},"_trs":{"__type__":"TypedArray","ctor":"Float64Array","array":[0,0,0,0,0,0,1,1,1,1]}}],{"__type__":"cc.SpriteFrame","content":{"name":"default_scrollbar_vertical","texture":"d608qFRoFHwbXd0Dap056i","rect":[0,0,15,30],"offset":[0,0],"originalSize":[15,30],"capInsets":[4,10,4,10]}},{"__type__":"cc.SpriteFrame","content":{"name":"default_scrollbar_vertical_bg","texture":"61cyPdEfRN047sDK9rO0W5","rect":[0,0,15,30],"offset":[0,0],"originalSize":[15,30],"capInsets":[4,10,4,10]}},{"__type__":"cc.SpriteFrame","content":{"name":"img_t_hbjl","texture":"27Y2BJMg1Acb/O1680C2DA","rect":[0,0,198,51],"offset":[0,0],"originalSize":[198,51],"capInsets":[0,0,0,0]}},{"__type__":"cc.SpriteFrame","content":{"name":"img_black_60","texture":"e5dLSpyq9NPZ8mPvfDyGXH","rect":[0,0,100,100],"offset":[0,0],"originalSize":[100,100],"capInsets":[0,0,0,0]}},{"__type__":"cc.SpriteFrame","content":{"name":"img_mid_tc","texture":"4asdMjgIdHFY50gLjCBJEI","rect":[0,0,984,607],"offset":[0,0],"originalSize":[984,607],"capInsets":[0,151,0,48]}},{"__type__":"cc.SpriteFrame","content":{"name":"btn_close","texture":"adT+cX5aVEFrD91N8Yp4Db","rect":[0,0,79,80],"offset":[0,0],"originalSize":[79,80],"capInsets":[0,0,0,0]}}]