[{"__type__":"cc.SpriteFrame","content":{"name":"game_loading_09","texture":"191a021fa","rect":[114,110,49,51],"offset":[0.5,0],"originalSize":[50,51],"capInsets":[0,0,0,0]}},{"__type__":"cc.SpriteFrame","content":{"name":"game_loading_13","texture":"191a021fa","rect":[143,2,49,51],"offset":[-0.5,0],"originalSize":[50,51],"rotated":1,"capInsets":[0,0,0,0]}},{"__type__":"cc.SpriteFrame","content":{"name":"game_loading_04","texture":"191a021fa","rect":[143,55,49,51],"offset":[0.5,0],"originalSize":[50,51],"rotated":1,"capInsets":[0,0,0,0]}},{"__type__":"cc.SpriteFrame","content":{"name":"game_loading_05","texture":"191a021fa","rect":[114,165,49,51],"offset":[-0.5,0],"originalSize":[50,51],"capInsets":[0,0,0,0]}},{"__type__":"cc.SpriteFrame","content":{"name":"game_loading_07","texture":"191a021fa","rect":[198,2,48,51],"offset":[0,0],"originalSize":[50,51],"capInsets":[0,0,0,0]}},{"__type__":"cc.SpriteFrame","content":{"name":"game_loading_10","texture":"191a021fa","rect":[114,220,49,51],"offset":[-0.5,0],"originalSize":[50,51],"rotated":1,"capInsets":[0,0,0,0]}},{"__type__":"cc.SpriteFrame","content":{"name":"game_loading_06","texture":"191a021fa","rect":[2,257,49,51],"offset":[0.5,0],"originalSize":[50,51],"rotated":1,"capInsets":[0,0,0,0]}},{"__type__":"cc.SpriteFrame","content":{"name":"game_loading_11","texture":"191a021fa","rect":[88,2,50,51],"offset":[0,0],"originalSize":[50,51],"rotated":1,"capInsets":[0,0,0,0]}},{"__type__":"cc.SpriteFrame","content":{"name":"game_loading_08","texture":"191a021fa","rect":[57,257,49,51],"offset":[-0.5,0],"originalSize":[50,51],"capInsets":[0,0,0,0]}},{"__type__":"cc.SpriteFrame","content":{"name":"game_loading_15","texture":"191a021fa","rect":[169,216,48,51],"offset":[0,0],"originalSize":[50,51],"capInsets":[0,0,0,0]}},{"__type__":"cc.SpriteFrame","content":{"name":"game_loading_02","texture":"191a021fa","rect":[169,271,48,51],"offset":[0,0],"originalSize":[50,51],"rotated":1,"capInsets":[0,0,0,0]}},{"__type__":"cc.SpriteFrame","content":{"name":"game_loading_14","texture":"191a021fa","rect":[167,108,49,51],"offset":[0.5,0],"originalSize":[50,51],"capInsets":[0,0,0,0]}},{"__type__":"cc.SpriteFrame","content":{"name":"game_loading_01","texture":"191a021fa","rect":[167,163,49,51],"offset":[0.5,0],"originalSize":[50,51],"rotated":1,"capInsets":[0,0,0,0]}},{"__type__":"cc.SpriteFrame","content":{"name":"game_loading_12","texture":"191a021fa","rect":[110,273,48,51],"offset":[0,0],"originalSize":[50,51],"rotated":1,"capInsets":[0,0,0,0]}},{"__type__":"cc.SpriteFrame","content":{"name":"game_loading_16","texture":"191a021fa","rect":[88,56,50,51],"offset":[0,0],"originalSize":[50,51],"rotated":1,"capInsets":[0,0,0,0]}},{"__type__":"cc.AnimationClip","_name":"WaitNetAction","_duration":1.0166666666666666,"wrapMode":2,"curveData":{"props":{},"comps":{"cc.Sprite":{}},"paths":{"1":{"props":{},"comps":{"cc.Sprite":{"spriteFrame":[{"frame":0,"value":{"__uuid__":"d0FaXMxblLeLSz53lWSiSA"}},{"frame":0.06666666666666667,"value":{"__uuid__":"b4YUvwOi5Fra7oHtKvFxO4"}},{"frame":0.13333333333333333,"value":{"__uuid__":"98GkCJqktPFpWxW1GQmoVt"}},{"frame":0.2,"value":{"__uuid__":"63C+rcN/JKF4v1Ppgus8xu"}},{"frame":0.26666666666666666,"value":{"__uuid__":"63tF+Wl1RFtrKURpCbQNj4"}},{"frame":0.3333333333333333,"value":{"__uuid__":"80fgFNgOxM9Zu3WybDCOtb"}},{"frame":0.4,"value":{"__uuid__":"73e7H/o/xBnIOJ5HcllSOl"}},{"frame":0.4666666666666667,"value":{"__uuid__":"98GkCJqktPFpWxW1GQmoVt"}},{"frame":0.5333333333333333,"value":{"__uuid__":"2e7Y0sNZ1HOYFlosLGGNKR"}},{"frame":0.6,"value":{"__uuid__":"74fdFCKDVL0qZBoZcTubO1"}},{"frame":0.6666666666666666,"value":{"__uuid__":"92iQPlZBJCEI/dWHRJxj1X"}},{"frame":0.7333333333333333,"value":{"__uuid__":"d5GiT+os5IuIy4QiyMXWjw"}},{"frame":0.8,"value":{"__uuid__":"31ZwIisD1OgbyQQg6akg4J"}},{"frame":0.8666666666666667,"value":{"__uuid__":"b7T6DueytMqr7BA8iJzwpN"}},{"frame":0.9333333333333333,"value":{"__uuid__":"a8cIVWNlZEKZfDyj+8tdUw"}},{"frame":1,"value":{"__uuid__":"dcWX0ObXhMo7n9oiHtnrPg"}}]}}},"2":{"props":{"angle":[{"frame":0,"value":0},{"frame":0,"value":-0.24479999992007606},{"frame":1,"value":-360}]}},"3":{"props":{"angle":[{"frame":0,"value":-360},{"frame":1,"value":0}]}}}}}]