[{"__type__":"cc.SpriteFrame","content":{"name":"default_btn_disabled","texture":"71VhFCTINJM6/Ky3oX9nBT","rect":[0,0,40,40],"offset":[0,0],"originalSize":[40,40],"capInsets":[12,12,12,12]}},{"__type__":"cc.SpriteFrame","content":{"name":"btn_short_org","texture":"49+r5mDyBNapD03aKSQGhl","rect":[0,0,223,80],"offset":[0,0],"originalSize":[223,80],"capInsets":[0,0,0,0]}},[{"__type__":"cc.Prefab","_name":"UIAdvice","data":{"__id__":1}},{"__type__":"cc.Node","_name":"UIAdvice","_children":[{"__id__":2},{"__id__":3},{"__id__":6},{"__id__":8},{"__id__":25},{"__id__":32},{"__id__":39},{"__id__":40}],"_components":[{"__type__":"cc.Widget","node":{"__id__":1},"alignMode":0,"_alignFlags":45,"_left":-100,"_right":-100},{"__type__":"cc.Button","node":{"__id__":1},"_N$normalColor":{"__type__":"cc.Color","r":214,"g":214,"b":214},"_N$target":{"__id__":1}},{"__type__":"afc98XIM09PObJH3IQ8vuBS","node":{"__id__":1}}],"_prefab":{"__type__":"cc.PrefabInfo","root":{"__id__":1},"asset":{"__uuid__":"6a8KadYvNDV7kUQXCei25l"},"fileId":"cc/68chdBJkZQtdCG/StiC"},"_contentSize":{"__type__":"cc.Size","width":1560,"height":760},"_trs":{"__type__":"TypedArray","ctor":"Float64Array","array":[680,380,0,0,0,0,1,1,1,1]}},{"__type__":"cc.Node","_name":"bg","_parent":{"__id__":1},"_components":[{"__type__":"cc.Sprite","node":{"__id__":2},"_materials":[{"__uuid__":"ecpdLyjvZBwrvm+cedCcQy"}],"_spriteFrame":{"__uuid__":"86Zf39gLpJiYJ0+npxhZ2d"},"_type":1,"_sizeMode":0},{"__type__":"cc.Widget","node":{"__id__":2},"alignMode":0,"_alignFlags":45,"_originalWidth":1750,"_originalHeight":1020}],"_prefab":{"__type__":"cc.PrefabInfo","root":{"__id__":1},"asset":{"__uuid__":"6a8KadYvNDV7kUQXCei25l"},"fileId":"a6GgyV8MVEGriH4fbfwC9K"},"_contentSize":{"__type__":"cc.Size","width":1560,"height":760},"_trs":{"__type__":"TypedArray","ctor":"Float64Array","array":[0,0,0,0,0,0,1,1,1,1]}},{"__type__":"cc.Node","_name":"sp_setting","_parent":{"__id__":1},"_children":[{"__id__":4},{"__id__":5}],"_components":[{"__type__":"cc.Sprite","node":{"__id__":3},"_materials":[{"__uuid__":"ecpdLyjvZBwrvm+cedCcQy"}],"_spriteFrame":{"__uuid__":"6fN+Q8N1RJd5OH83vWCIlg"}}],"_prefab":{"__type__":"cc.PrefabInfo","root":{"__id__":1},"asset":{"__uuid__":"6a8KadYvNDV7kUQXCei25l"},"fileId":"7bniXmedxNdr/DCmvXjwJ/"},"_contentSize":{"__type__":"cc.Size","width":1170,"height":724},"_trs":{"__type__":"TypedArray","ctor":"Float64Array","array":[0,2,0,0,0,0,1,1,1,1]}},{"__type__":"cc.Node","_name":"title","_parent":{"__id__":3},"_components":[{"__type__":"cc.Label","node":{"__id__":4},"_materials":[{"__uuid__":"ecpdLyjvZBwrvm+cedCcQy"}],"_useOriginalSize":false,"_string":"建议反馈","_N$string":"建议反馈","_N$file":{"__uuid__":"5f5wQekV1CGpJW2meZozWn"},"_isSystemFontUsed":false,"_N$horizontalAlign":1,"_N$verticalAlign":1},{"__type__":"cc.LabelOutline","node":{"__id__":4},"_color":{"__type__":"cc.Color","r":117,"g":51,"b":7},"_width":2}],"_prefab":{"__type__":"cc.PrefabInfo","root":{"__id__":1},"asset":{"__uuid__":"6a8KadYvNDV7kUQXCei25l"},"fileId":"05UvOl7+xNB7ih7q01wi73"},"_contentSize":{"__type__":"cc.Size","width":164,"height":54.4},"_trs":{"__type__":"TypedArray","ctor":"Float64Array","array":[0,319.711,0,0,0,0,1,1,1,1]}},{"__type__":"cc.Node","_name":"New Label","_parent":{"__id__":3},"_components":[{"__type__":"cc.Label","node":{"__id__":5},"_materials":[{"__uuid__":"ecpdLyjvZBwrvm+cedCcQy"}],"_useOriginalSize":false,"_string":"欢迎您给我们提出意见和建议，您的建议将帮助我们改进产品和服务","_N$string":"欢迎您给我们提出意见和建议，您的建议将帮助我们改进产品和服务","_fontSize":30,"_lineHeight":30,"_N$file":{"__uuid__":"5f5wQekV1CGpJW2meZozWn"},"_isSystemFontUsed":false,"_N$horizontalAlign":1,"_N$verticalAlign":1}],"_prefab":{"__type__":"cc.PrefabInfo","root":{"__id__":1},"asset":{"__uuid__":"6a8KadYvNDV7kUQXCei25l"},"fileId":"07bkchfnVLwJOys8QUDEvb"},"_color":{"__type__":"cc.Color","r":117,"g":51,"b":7},"_contentSize":{"__type__":"cc.Size","width":900,"height":37.8},"_trs":{"__type__":"TypedArray","ctor":"Float64Array","array":[0,210.959,0,0,0,0,1,1,1,1]}},{"__type__":"cc.Node","_name":"btn_close","_parent":{"__id__":1},"_children":[{"__id__":7}],"_components":[{"__type__":"cc.Button","node":{"__id__":6},"zoomScale":0.9,"clickEvents":[{"__type__":"cc.ClickEvent","target":{"__id__":1},"_componentId":"afc98XIM09PObJH3IQ8vuBS","handler":"OnClick_Close"}],"_N$transition":3,"transition":3,"_N$pressedColor":{"__type__":"cc.Color","r":255,"g":255,"b":255},"pressedColor":{"__type__":"cc.Color","r":255,"g":255,"b":255},"_N$disabledColor":{"__type__":"cc.Color","r":255,"g":255,"b":255},"_N$pressedSprite":{"__uuid__":"e97GVMl6JHh5Ml5qEDdSGa"},"pressedSprite":{"__uuid__":"e97GVMl6JHh5Ml5qEDdSGa"},"_N$hoverSprite":{"__uuid__":"e97GVMl6JHh5Ml5qEDdSGa"},"hoverSprite":{"__uuid__":"e97GVMl6JHh5Ml5qEDdSGa"},"_N$disabledSprite":{"__uuid__":"29FYIk+N1GYaeWH/q1NxQO"},"_N$target":{"__id__":6}}],"_prefab":{"__type__":"cc.PrefabInfo","root":{"__id__":1},"asset":{"__uuid__":"6a8KadYvNDV7kUQXCei25l"},"fileId":"3euThXBiNIsbOgNgvyiDk1"},"_contentSize":{"__type__":"cc.Size","width":80,"height":80},"_trs":{"__type__":"TypedArray","ctor":"Float64Array","array":[559.1,310.9,0,0,0,0,1,1,1,1]}},{"__type__":"cc.Node","_name":"guanbi","_parent":{"__id__":6},"_components":[{"__type__":"cc.Sprite","node":{"__id__":7},"_materials":[{"__uuid__":"ecpdLyjvZBwrvm+cedCcQy"}],"_spriteFrame":{"__uuid__":"d9ZhflMOxHW7JHl9dya866"}}],"_prefab":{"__type__":"cc.PrefabInfo","root":{"__id__":1},"asset":{"__uuid__":"6a8KadYvNDV7kUQXCei25l"},"fileId":"cf0TbrSFRCLIilyJBG6S0v"},"_contentSize":{"__type__":"cc.Size","width":79,"height":80},"_trs":{"__type__":"TypedArray","ctor":"Float64Array","array":[8,-8.1,0,0,0,0,1,1,1,1]}},{"__type__":"cc.Node","_name":"ToggleContainer","_parent":{"__id__":1},"_children":[{"__id__":9},{"__id__":14},{"__id__":19},{"__id__":24}],"_components":[{"__type__":"cc.ToggleContainer","node":{"__id__":8}}],"_prefab":{"__type__":"cc.PrefabInfo","root":{"__id__":1},"asset":{"__uuid__":"6a8KadYvNDV7kUQXCei25l"},"fileId":"f14GN3RalOHopJSgffIV+P"},"_contentSize":{"__type__":"cc.Size","width":221,"height":61},"_trs":{"__type__":"TypedArray","ctor":"Float64Array","array":[0,143.136,0,0,0,0,1,1,1,1]}},{"__type__":"cc.Node","_name":"toggle1","_parent":{"__id__":8},"_children":[{"__id__":10},{"__id__":11},{"__id__":13}],"_components":[{"__type__":"cc.Toggle","node":{"__id__":9},"_N$transition":3,"transition":3,"_N$normalColor":{"__type__":"cc.Color","r":214,"g":214,"b":214},"_N$target":{"__id__":9},"checkMark":{"__id__":12}}],"_prefab":{"__type__":"cc.PrefabInfo","root":{"__id__":1},"asset":{"__uuid__":"6a8KadYvNDV7kUQXCei25l"},"fileId":"3cY3nc4qdARpTIQM3/Utly"},"_contentSize":{"__type__":"cc.Size","width":41,"height":28},"_trs":{"__type__":"TypedArray","ctor":"Float64Array","array":[-304.939,3,0,0,0,0,1,1,1,1]}},{"__type__":"cc.Node","_name":"Background","_parent":{"__id__":9},"_components":[{"__type__":"cc.Sprite","node":{"__id__":10},"_materials":[{"__uuid__":"ecpdLyjvZBwrvm+cedCcQy"}],"_spriteFrame":{"__uuid__":"8bYd+l0D5N/I+Krs+ZAyWN"},"_sizeMode":2,"_isTrimmedMode":false}],"_prefab":{"__type__":"cc.PrefabInfo","root":{"__id__":1},"asset":{"__uuid__":"6a8KadYvNDV7kUQXCei25l"},"fileId":"20/8KexzNIHpY5l4akEWf5"},"_contentSize":{"__type__":"cc.Size","width":46,"height":47},"_trs":{"__type__":"TypedArray","ctor":"Float64Array","array":[0,0,0,0,0,0,1,1,1,1]}},{"__type__":"cc.Node","_name":"checkmark","_parent":{"__id__":9},"_components":[{"__id__":12}],"_prefab":{"__type__":"cc.PrefabInfo","root":{"__id__":1},"asset":{"__uuid__":"6a8KadYvNDV7kUQXCei25l"},"fileId":"3bV9MLvFhOIbp7h/C1AxAt"},"_contentSize":{"__type__":"cc.Size","width":46,"height":47},"_trs":{"__type__":"TypedArray","ctor":"Float64Array","array":[0,0,0,0,0,0,1,1,1,1]}},{"__type__":"cc.Sprite","node":{"__id__":11},"_materials":[{"__uuid__":"ecpdLyjvZBwrvm+cedCcQy"}],"_spriteFrame":{"__uuid__":"efJgDcAu1Nj5cKr4PK8qyM"},"_sizeMode":2,"_isTrimmedMode":false},{"__type__":"cc.Node","_name":"tip","_parent":{"__id__":9},"_components":[{"__type__":"cc.Label","node":{"__id__":13},"_materials":[{"__uuid__":"ecpdLyjvZBwrvm+cedCcQy"}],"_useOriginalSize":false,"_string":"建议","_N$string":"建议","_fontSize":30,"_lineHeight":30,"_N$file":{"__uuid__":"5f5wQekV1CGpJW2meZozWn"},"_isSystemFontUsed":false,"_N$horizontalAlign":1,"_N$verticalAlign":1}],"_prefab":{"__type__":"cc.PrefabInfo","root":{"__id__":1},"asset":{"__uuid__":"6a8KadYvNDV7kUQXCei25l"},"fileId":"6aleKFeIdLk4ZrmsIFoPDC"},"_color":{"__type__":"cc.Color","r":117,"g":51,"b":7},"_contentSize":{"__type__":"cc.Size","width":60,"height":37.8},"_anchorPoint":{"__type__":"cc.Vec2","y":0.5},"_trs":{"__type__":"TypedArray","ctor":"Float64Array","array":[37.96,0,0,0,0,0,1,1,1,1]}},{"__type__":"cc.Node","_name":"toggle2","_parent":{"__id__":8},"_children":[{"__id__":15},{"__id__":16},{"__id__":18}],"_components":[{"__type__":"cc.Toggle","node":{"__id__":14},"_N$transition":3,"transition":3,"_N$normalColor":{"__type__":"cc.Color","r":214,"g":214,"b":214},"_N$target":{"__id__":14},"_N$isChecked":false,"checkMark":{"__id__":17}}],"_prefab":{"__type__":"cc.PrefabInfo","root":{"__id__":1},"asset":{"__uuid__":"6a8KadYvNDV7kUQXCei25l"},"fileId":"63wMSOjnVKq5l2/FO1C4N2"},"_contentSize":{"__type__":"cc.Size","width":42,"height":28},"_trs":{"__type__":"TypedArray","ctor":"Float64Array","array":[-87.782,3,0,0,0,0,1,1,1,1]}},{"__type__":"cc.Node","_name":"Background","_parent":{"__id__":14},"_components":[{"__type__":"cc.Sprite","node":{"__id__":15},"_materials":[{"__uuid__":"ecpdLyjvZBwrvm+cedCcQy"}],"_spriteFrame":{"__uuid__":"8bYd+l0D5N/I+Krs+ZAyWN"},"_sizeMode":2,"_isTrimmedMode":false}],"_prefab":{"__type__":"cc.PrefabInfo","root":{"__id__":1},"asset":{"__uuid__":"6a8KadYvNDV7kUQXCei25l"},"fileId":"31r81nuWFMzKta1mHsc7U9"},"_contentSize":{"__type__":"cc.Size","width":46,"height":47},"_trs":{"__type__":"TypedArray","ctor":"Float64Array","array":[0,0,0,0,0,0,1,1,1,1]}},{"__type__":"cc.Node","_name":"checkmark","_parent":{"__id__":14},"_active":false,"_components":[{"__id__":17}],"_prefab":{"__type__":"cc.PrefabInfo","root":{"__id__":1},"asset":{"__uuid__":"6a8KadYvNDV7kUQXCei25l"},"fileId":"5e8WzzpXtMnZUfD2oqd+C6"},"_contentSize":{"__type__":"cc.Size","width":46,"height":47},"_trs":{"__type__":"TypedArray","ctor":"Float64Array","array":[0,0,0,0,0,0,1,1,1,1]}},{"__type__":"cc.Sprite","node":{"__id__":16},"_materials":[{"__uuid__":"ecpdLyjvZBwrvm+cedCcQy"}],"_spriteFrame":{"__uuid__":"efJgDcAu1Nj5cKr4PK8qyM"},"_sizeMode":2,"_isTrimmedMode":false},{"__type__":"cc.Node","_name":"tip","_parent":{"__id__":14},"_components":[{"__type__":"cc.Label","node":{"__id__":18},"_materials":[{"__uuid__":"ecpdLyjvZBwrvm+cedCcQy"}],"_useOriginalSize":false,"_string":"问题","_N$string":"问题","_fontSize":30,"_lineHeight":30,"_N$file":{"__uuid__":"5f5wQekV1CGpJW2meZozWn"},"_isSystemFontUsed":false,"_N$horizontalAlign":1,"_N$verticalAlign":1}],"_prefab":{"__type__":"cc.PrefabInfo","root":{"__id__":1},"asset":{"__uuid__":"6a8KadYvNDV7kUQXCei25l"},"fileId":"56hFuk2fJItLLVt6sFjjM4"},"_color":{"__type__":"cc.Color","r":117,"g":51,"b":7},"_contentSize":{"__type__":"cc.Size","width":60,"height":37.8},"_anchorPoint":{"__type__":"cc.Vec2","y":0.5},"_trs":{"__type__":"TypedArray","ctor":"Float64Array","array":[37.96,0,0,0,0,0,1,1,1,1]}},{"__type__":"cc.Node","_name":"toggle3","_parent":{"__id__":8},"_children":[{"__id__":20},{"__id__":21},{"__id__":23}],"_components":[{"__type__":"cc.Toggle","node":{"__id__":19},"_N$transition":3,"transition":3,"_N$normalColor":{"__type__":"cc.Color","r":214,"g":214,"b":214},"_N$target":{"__id__":19},"_N$isChecked":false,"checkMark":{"__id__":22}}],"_prefab":{"__type__":"cc.PrefabInfo","root":{"__id__":1},"asset":{"__uuid__":"6a8KadYvNDV7kUQXCei25l"},"fileId":"00jUBTkgxALIrFcAxJ5mus"},"_contentSize":{"__type__":"cc.Size","width":37,"height":28},"_trs":{"__type__":"TypedArray","ctor":"Float64Array","array":[136.543,3,0,0,0,0,1,1,1,1]}},{"__type__":"cc.Node","_name":"Background","_parent":{"__id__":19},"_components":[{"__type__":"cc.Sprite","node":{"__id__":20},"_materials":[{"__uuid__":"ecpdLyjvZBwrvm+cedCcQy"}],"_spriteFrame":{"__uuid__":"8bYd+l0D5N/I+Krs+ZAyWN"},"_sizeMode":2,"_isTrimmedMode":false}],"_prefab":{"__type__":"cc.PrefabInfo","root":{"__id__":1},"asset":{"__uuid__":"6a8KadYvNDV7kUQXCei25l"},"fileId":"13TDx2C5ZP+oJ9ZccN2zZU"},"_contentSize":{"__type__":"cc.Size","width":46,"height":47},"_trs":{"__type__":"TypedArray","ctor":"Float64Array","array":[0,0,0,0,0,0,1,1,1,1]}},{"__type__":"cc.Node","_name":"checkmark","_parent":{"__id__":19},"_active":false,"_components":[{"__id__":22}],"_prefab":{"__type__":"cc.PrefabInfo","root":{"__id__":1},"asset":{"__uuid__":"6a8KadYvNDV7kUQXCei25l"},"fileId":"9aCOPUxQFM9bxvqtatjFiu"},"_contentSize":{"__type__":"cc.Size","width":46,"height":47},"_trs":{"__type__":"TypedArray","ctor":"Float64Array","array":[0,0,0,0,0,0,1,1,1,1]}},{"__type__":"cc.Sprite","node":{"__id__":21},"_materials":[{"__uuid__":"ecpdLyjvZBwrvm+cedCcQy"}],"_spriteFrame":{"__uuid__":"efJgDcAu1Nj5cKr4PK8qyM"},"_sizeMode":2,"_isTrimmedMode":false},{"__type__":"cc.Node","_name":"tip","_parent":{"__id__":19},"_components":[{"__type__":"cc.Label","node":{"__id__":23},"_materials":[{"__uuid__":"ecpdLyjvZBwrvm+cedCcQy"}],"_useOriginalSize":false,"_string":"其他","_N$string":"其他","_fontSize":30,"_lineHeight":30,"_N$file":{"__uuid__":"5f5wQekV1CGpJW2meZozWn"},"_isSystemFontUsed":false,"_N$horizontalAlign":1,"_N$verticalAlign":1}],"_prefab":{"__type__":"cc.PrefabInfo","root":{"__id__":1},"asset":{"__uuid__":"6a8KadYvNDV7kUQXCei25l"},"fileId":"e0tyHpd7dJkIFILoTCh1QQ"},"_color":{"__type__":"cc.Color","r":117,"g":51,"b":7},"_contentSize":{"__type__":"cc.Size","width":60,"height":37.8},"_anchorPoint":{"__type__":"cc.Vec2","y":0.5},"_trs":{"__type__":"TypedArray","ctor":"Float64Array","array":[37.96,0,0,0,0,0,1,1,1,1]}},{"__type__":"cc.Node","_name":"tip","_parent":{"__id__":8},"_components":[{"__type__":"cc.Label","node":{"__id__":24},"_materials":[{"__uuid__":"ecpdLyjvZBwrvm+cedCcQy"}],"_useOriginalSize":false,"_string":"类型:","_N$string":"类型:","_N$file":{"__uuid__":"5f5wQekV1CGpJW2meZozWn"},"_isSystemFontUsed":false,"_N$horizontalAlign":1,"_N$verticalAlign":1}],"_prefab":{"__type__":"cc.PrefabInfo","root":{"__id__":1},"asset":{"__uuid__":"6a8KadYvNDV7kUQXCei25l"},"fileId":"76TuZ4PmFOkL4X1r838Bmb"},"_color":{"__type__":"cc.Color","r":117,"g":51,"b":7},"_contentSize":{"__type__":"cc.Size","width":90.63,"height":50.4},"_trs":{"__type__":"TypedArray","ctor":"Float64Array","array":[-403.341,6.779,0,0,0,0,1,1,1,1]}},{"__type__":"cc.Node","_name":"EditBoxContent","_parent":{"__id__":1},"_children":[{"__id__":26},{"__id__":28},{"__id__":30}],"_components":[{"__type__":"cc.EditBox","node":{"__id__":25},"_useOriginalSize":false,"maxLength":3000,"_N$textLabel":{"__id__":29},"_N$placeholderLabel":{"__id__":31},"_N$background":{"__id__":27}}],"_prefab":{"__type__":"cc.PrefabInfo","root":{"__id__":1},"asset":{"__uuid__":"6a8KadYvNDV7kUQXCei25l"},"fileId":"196rMWRF5EDbWHmv/6HSc3"},"_color":{"__type__":"cc.Color","r":117,"g":51,"b":7},"_contentSize":{"__type__":"cc.Size","width":900,"height":250},"_trs":{"__type__":"TypedArray","ctor":"Float64Array","array":[0,-35.926,0,0,0,0,1,1,1,1]}},{"__type__":"cc.Node","_name":"BACKGROUND_SPRITE","_parent":{"__id__":25},"_components":[{"__id__":27},{"__type__":"cc.Widget","node":{"__id__":26},"alignMode":0,"_alignFlags":45,"_originalWidth":160,"_originalHeight":40}],"_prefab":{"__type__":"cc.PrefabInfo","root":{"__id__":1},"asset":{"__uuid__":"6a8KadYvNDV7kUQXCei25l"},"fileId":"46KrRiMnxBBKsNNVBkfpWP"},"_contentSize":{"__type__":"cc.Size","width":900,"height":250},"_trs":{"__type__":"TypedArray","ctor":"Float64Array","array":[0,0,0,0,0,0,1,1,1,1]}},{"__type__":"cc.Sprite","node":{"__id__":26},"_materials":[{"__uuid__":"ecpdLyjvZBwrvm+cedCcQy"}],"_spriteFrame":{"__uuid__":"da7Ry9l65Lo61QtvbsocAs"},"_type":1,"_sizeMode":0},{"__type__":"cc.Node","_name":"TEXT_LABEL","_parent":{"__id__":25},"_active":false,"_components":[{"__id__":29},{"__type__":"cc.Widget","node":{"__id__":28},"alignMode":0,"_left":11.343999999999994,"_right":8.656000000000006,"_top":16.438999999999993,"_bottom":252.061,"_originalWidth":158,"_originalHeight":40}],"_prefab":{"__type__":"cc.PrefabInfo","root":{"__id__":1},"asset":{"__uuid__":"6a8KadYvNDV7kUQXCei25l"},"fileId":"0apXEPBBZJVagPuIfSq7um"},"_color":{"__type__":"cc.Color","r":77,"g":49,"b":20},"_contentSize":{"__type__":"cc.Size","width":860,"height":40},"_anchorPoint":{"__type__":"cc.Vec2","y":1},"_trs":{"__type__":"TypedArray","ctor":"Float64Array","array":[-438.656,100.683,0,0,0,0,1,1,1,1]}},{"__type__":"cc.Label","node":{"__id__":28},"_materials":[{"__uuid__":"ecpdLyjvZBwrvm+cedCcQy"}],"_fontSize":20,"_lineHeight":25,"_N$file":{"__uuid__":"5f5wQekV1CGpJW2meZozWn"},"_isSystemFontUsed":false,"_N$overflow":3},{"__type__":"cc.Node","_name":"PLACEHOLDER_LABEL","_parent":{"__id__":25},"_components":[{"__id__":31},{"__type__":"cc.Widget","node":{"__id__":30},"alignMode":0,"_left":2,"_right":740,"_bottom":210,"_originalWidth":158,"_originalHeight":40}],"_prefab":{"__type__":"cc.PrefabInfo","root":{"__id__":1},"asset":{"__uuid__":"6a8KadYvNDV7kUQXCei25l"},"fileId":"b13MFPigxCVYRTWjQQQrl3"},"_color":{"__type__":"cc.Color","r":167,"g":127,"b":76},"_contentSize":{"__type__":"cc.Size","width":860,"height":31.5},"_anchorPoint":{"__type__":"cc.Vec2","y":1},"_trs":{"__type__":"TypedArray","ctor":"Float64Array","array":[-438.656,100.683,0,0,0,0,1,1,1,1]}},{"__type__":"cc.Label","node":{"__id__":30},"_materials":[{"__uuid__":"ecpdLyjvZBwrvm+cedCcQy"}],"_string":"点击输入您宝贵的意见或建议","_N$string":"点击输入您宝贵的意见或建议","_fontSize":20,"_lineHeight":25,"_N$file":{"__uuid__":"5f5wQekV1CGpJW2meZozWn"},"_isSystemFontUsed":false,"_N$overflow":3},{"__type__":"cc.Node","_name":"EditBoxPhone","_parent":{"__id__":1},"_children":[{"__id__":33},{"__id__":35},{"__id__":37}],"_components":[{"__type__":"cc.EditBox","node":{"__id__":32},"_useOriginalSize":false,"maxLength":16,"_N$textLabel":{"__id__":36},"_N$placeholderLabel":{"__id__":38},"_N$background":{"__id__":34},"_N$inputMode":6}],"_prefab":{"__type__":"cc.PrefabInfo","root":{"__id__":1},"asset":{"__uuid__":"6a8KadYvNDV7kUQXCei25l"},"fileId":"7fSuEpz61Ohpn5d8sUxeAI"},"_contentSize":{"__type__":"cc.Size","width":420,"height":40},"_trs":{"__type__":"TypedArray","ctor":"Float64Array","array":[241.147,-202.449,0,0,0,0,1,1,1,1]}},{"__type__":"cc.Node","_name":"BACKGROUND_SPRITE","_parent":{"__id__":32},"_components":[{"__id__":34},{"__type__":"cc.Widget","node":{"__id__":33},"alignMode":0,"_alignFlags":45,"_originalWidth":160,"_originalHeight":40}],"_prefab":{"__type__":"cc.PrefabInfo","root":{"__id__":1},"asset":{"__uuid__":"6a8KadYvNDV7kUQXCei25l"},"fileId":"ef6JlW/Q9AraWi7X+rhPeD"},"_contentSize":{"__type__":"cc.Size","width":420,"height":40},"_trs":{"__type__":"TypedArray","ctor":"Float64Array","array":[0,0,0,0,0,0,1,1,1,1]}},{"__type__":"cc.Sprite","node":{"__id__":33},"_materials":[{"__uuid__":"ecpdLyjvZBwrvm+cedCcQy"}],"_spriteFrame":{"__uuid__":"da7Ry9l65Lo61QtvbsocAs"},"_type":1,"_sizeMode":0},{"__type__":"cc.Node","_name":"TEXT_LABEL","_parent":{"__id__":32},"_active":false,"_components":[{"__id__":36},{"__type__":"cc.Widget","node":{"__id__":35},"alignMode":0,"_alignFlags":45,"_left":2,"_originalWidth":158,"_originalHeight":40}],"_prefab":{"__type__":"cc.PrefabInfo","root":{"__id__":1},"asset":{"__uuid__":"6a8KadYvNDV7kUQXCei25l"},"fileId":"afzsH8uCdFEqxsdFOpoRrf"},"_color":{"__type__":"cc.Color","r":77,"g":49,"b":20},"_contentSize":{"__type__":"cc.Size","width":418,"height":40},"_anchorPoint":{"__type__":"cc.Vec2","y":1},"_trs":{"__type__":"TypedArray","ctor":"Float64Array","array":[-208,20,0,0,0,0,1,1,1,1]}},{"__type__":"cc.Label","node":{"__id__":35},"_materials":[{"__uuid__":"ecpdLyjvZBwrvm+cedCcQy"}],"_fontSize":20,"_lineHeight":25,"_enableWrapText":false,"_N$file":{"__uuid__":"5f5wQekV1CGpJW2meZozWn"},"_isSystemFontUsed":false,"_N$verticalAlign":1,"_N$overflow":1},{"__type__":"cc.Node","_name":"PLACEHOLDER_LABEL","_parent":{"__id__":32},"_components":[{"__id__":38},{"__type__":"cc.Widget","node":{"__id__":37},"alignMode":0,"_alignFlags":45,"_left":2,"_originalWidth":158,"_originalHeight":40}],"_prefab":{"__type__":"cc.PrefabInfo","root":{"__id__":1},"asset":{"__uuid__":"6a8KadYvNDV7kUQXCei25l"},"fileId":"66LzZ/tthAWr8/Ab/nf2PQ"},"_color":{"__type__":"cc.Color","r":167,"g":127,"b":76},"_contentSize":{"__type__":"cc.Size","width":418,"height":40},"_anchorPoint":{"__type__":"cc.Vec2","y":1},"_trs":{"__type__":"TypedArray","ctor":"Float64Array","array":[-208,20,0,0,0,0,1,1,1,1]}},{"__type__":"cc.Label","node":{"__id__":37},"_materials":[{"__uuid__":"ecpdLyjvZBwrvm+cedCcQy"}],"_string":"点击输入手机号","_N$string":"点击输入手机号","_fontSize":20,"_lineHeight":25,"_enableWrapText":false,"_N$file":{"__uuid__":"5f5wQekV1CGpJW2meZozWn"},"_isSystemFontUsed":false,"_N$verticalAlign":1,"_N$overflow":1},{"__type__":"cc.Node","_name":"tip","_parent":{"__id__":1},"_components":[{"__type__":"cc.Label","node":{"__id__":39},"_materials":[{"__uuid__":"ecpdLyjvZBwrvm+cedCcQy"}],"_useOriginalSize":false,"_string":"您的手机号码（可选填）:","_N$string":"您的手机号码（可选填）:","_N$file":{"__uuid__":"5f5wQekV1CGpJW2meZozWn"},"_isSystemFontUsed":false,"_N$horizontalAlign":1,"_N$verticalAlign":1}],"_prefab":{"__type__":"cc.PrefabInfo","root":{"__id__":1},"asset":{"__uuid__":"6a8KadYvNDV7kUQXCei25l"},"fileId":"d7OKHTh2dF8I1mqRwW2791"},"_color":{"__type__":"cc.Color","r":117,"g":51,"b":7},"_contentSize":{"__type__":"cc.Size","width":450.63,"height":50.4},"_anchorPoint":{"__type__":"cc.Vec2","y":0.5},"_trs":{"__type__":"TypedArray","ctor":"Float64Array","array":[-451.617,-200.73,0,0,0,0,1,1,1,1]}},{"__type__":"cc.Node","_name":"btn_tijiao","_parent":{"__id__":1},"_children":[{"__id__":41}],"_components":[{"__type__":"cc.Sprite","node":{"__id__":40},"_materials":[{"__uuid__":"ecpdLyjvZBwrvm+cedCcQy"}],"_spriteFrame":{"__uuid__":"29j7k0ZFtHwrNDogU8q1ZL"}},{"__type__":"cc.Button","node":{"__id__":40},"_normalMaterial":{"__uuid__":"ecpdLyjvZBwrvm+cedCcQy"},"clickEvents":[{"__type__":"cc.ClickEvent","target":{"__id__":1},"_componentId":"afc98XIM09PObJH3IQ8vuBS","handler":"OnClick_BtnWnd"}],"_N$transition":3,"transition":3}],"_prefab":{"__type__":"cc.PrefabInfo","root":{"__id__":1},"asset":{"__uuid__":"6a8KadYvNDV7kUQXCei25l"},"fileId":"aeBbfF8jhOsKOlsPEGh9S9"},"_contentSize":{"__type__":"cc.Size","width":223,"height":80},"_trs":{"__type__":"TypedArray","ctor":"Float64Array","array":[0,-282.722,0,0,0,0,1,1,1,1]}},{"__type__":"cc.Node","_name":"lb","_parent":{"__id__":40},"_components":[{"__type__":"cc.Label","node":{"__id__":41},"_materials":[{"__uuid__":"ecpdLyjvZBwrvm+cedCcQy"}],"_useOriginalSize":false,"_string":"提交","_N$string":"提交","_lineHeight":46,"_N$file":{"__uuid__":"5f5wQekV1CGpJW2meZozWn"},"_isSystemFontUsed":false,"_N$horizontalAlign":1,"_N$verticalAlign":1},{"__type__":"cc.LabelOutline","node":{"__id__":41},"_color":{"__type__":"cc.Color","r":134,"g":76,"b":30},"_width":2}],"_prefab":{"__type__":"cc.PrefabInfo","root":{"__id__":1},"asset":{"__uuid__":"6a8KadYvNDV7kUQXCei25l"},"fileId":"b9mswHTO9ErKr12rz+cCjn"},"_contentSize":{"__type__":"cc.Size","width":84,"height":61.96},"_trs":{"__type__":"TypedArray","ctor":"Float64Array","array":[0,3,0,0,0,0,1,1,1,1]}}],{"__type__":"cc.SpriteFrame","content":{"name":"img_max_tc","texture":"a2yiINDRBJV6xa5CQ+b7nO","rect":[0,0,1170,724],"offset":[0,0],"originalSize":[1170,724],"capInsets":[0,0,0,0]}},{"__type__":"cc.SpriteFrame","content":{"name":"img_black_60","texture":"e5dLSpyq9NPZ8mPvfDyGXH","rect":[0,0,100,100],"offset":[0,0],"originalSize":[100,100],"capInsets":[0,0,0,0]}},{"__type__":"cc.SpriteFrame","content":{"name":"btn_check_none","texture":"d3Ec8pQlRMHKbdzuwHi0YC","rect":[0,0,46,47],"offset":[0,0],"originalSize":[46,47],"capInsets":[0,0,0,0]}},{"__type__":"cc.SpriteFrame","content":{"name":"btn_close","texture":"adT+cX5aVEFrD91N8Yp4Db","rect":[0,0,79,80],"offset":[0,0],"originalSize":[79,80],"capInsets":[0,0,0,0]}},{"__type__":"cc.SpriteFrame","content":{"name":"bg_ss_input","texture":"ca/EeS3yFMBIeT2HPCRGmS","rect":[0,0,401,54],"offset":[0,0],"originalSize":[401,54],"capInsets":[93,14,85,14]}},{"__type__":"cc.SpriteFrame","content":{"name":"default_btn_pressed","texture":"b4P/PCArtIdIH38t6mlw8Y","rect":[0,0,40,40],"offset":[0,0],"originalSize":[40,40],"capInsets":[12,12,12,12]}},{"__type__":"cc.SpriteFrame","content":{"name":"btn_check_one","texture":"d6XGdfNedHsYtS1SBBTAmz","rect":[0,0,46,47],"offset":[0,0],"originalSize":[46,47],"capInsets":[0,0,0,0]}}]