[{"__type__":"cc.SpriteFrame","content":{"name":"chi_ani4","texture":"lznnd486-a25b-4726-b68a-cb65a0852667","rect":[0,16,238,199],"offset":[-9,-5.5],"originalSize":[256,220],"capInsets":[0,0,0,0]}},{"__type__":"cc.SpriteFrame","content":{"name":"chi_ani5","texture":"lznnef5a-4bb3-4b15-8203-70f37430f911","rect":[33,16,205,183],"offset":[7.5,2.5],"originalSize":[256,220],"capInsets":[0,0,0,0]}},{"__type__":"cc.SpriteFrame","content":{"name":"chi_ani8","texture":"lznn91f0-e065-4ce5-8557-606762c061ab","rect":[16,0,233,220],"offset":[4.5,0],"originalSize":[256,220],"capInsets":[0,0,0,0]}},{"__type__":"cc.SpriteFrame","content":{"name":"chi_ani7","texture":"lznn230b-030f-4a15-b154-31b39495a595","rect":[16,0,233,220],"offset":[4.5,0],"originalSize":[256,220],"capInsets":[0,0,0,0]}},{"__type__":"cc.SpriteFrame","content":{"name":"chi_ani1","texture":"lznnce73-1fa8-4251-9378-e3961a4a75a0","rect":[34,16,204,180],"offset":[8,4],"originalSize":[256,220],"capInsets":[0,0,0,0]}},{"__type__":"cc.SpriteFrame","content":{"name":"chi_ani6","texture":"lznn30ed-005a-45f9-a934-9be6859c57de","rect":[34,16,204,183],"offset":[8,2.5],"originalSize":[256,220],"capInsets":[0,0,0,0]}},{"__type__":"cc.SpriteFrame","content":{"name":"chi_ani2","texture":"lznn324f-7c9b-488a-ad14-5689413397da","rect":[4,16,252,183],"offset":[2,2.5],"originalSize":[256,220],"capInsets":[0,0,0,0]}},{"__type__":"cc.SpriteFrame","content":{"name":"chi_ani3","texture":"lznn3f91-6476-43fb-aeca-f1541e924300","rect":[4,16,252,181],"offset":[2,3.5],"originalSize":[256,220],"capInsets":[0,0,0,0]}},{"__type__":"cc.AnimationClip","_name":"chiAction","_duration":0.6,"curveData":{"comps":{"cc.Sprite":{"spriteFrame":[{"frame":0,"value":{"__uuid__":"lznnc33f-4dd9-4bf7-becf-034fc72ce71e"}},{"frame":0.08333333333333333,"value":{"__uuid__":"lznne4d7-008f-45a0-9796-62c73992855b"}},{"frame":0.16666666666666666,"value":{"__uuid__":"lznnf58c-3886-4778-b3c1-d09246164b53"}},{"frame":0.25,"value":{"__uuid__":"lznn178f-cc15-45ce-bbd0-a3ff3edb62b8"}},{"frame":0.3333333333333333,"value":{"__uuid__":"lznn29a4-b198-4b35-bb4d-9b8f5645cb69"}},{"frame":0.4166666666666667,"value":{"__uuid__":"lznnd71b-c34c-42dc-880a-206696546545"}},{"frame":0.5,"value":{"__uuid__":"lznn8ab8-48b0-4e2b-aa17-c1be9c139272"}},{"frame":0.5833333333333334,"value":{"__uuid__":"lznn86c1-1bb3-4db4-951a-29d100c620b6"}}]}}}}]