[{"__type__":"cc.SpriteFrame","content":{"name":"default_btn_disabled","texture":"71VhFCTINJM6/Ky3oX9nBT","rect":[0,0,40,40],"offset":[0,0],"originalSize":[40,40],"capInsets":[12,12,12,12]}},[{"__type__":"cc.Prefab","_name":"fjssz_UIMessage03","data":{"__id__":1}},{"__type__":"cc.Node","_name":"fjssz_UIMessage03","_children":[{"__id__":2},{"__id__":12},{"__id__":14},{"__id__":16}],"_components":[{"__type__":"cc.Widget","node":{"__id__":1},"alignMode":0,"_alignFlags":45,"_originalWidth":750,"_originalHeight":1360},{"__type__":"cc.Button","node":{"__id__":1},"_N$normalColor":{"__type__":"cc.Color","r":214,"g":214,"b":214},"_N$target":{"__id__":1}},{"__type__":"cc.Sprite","node":{"__id__":1},"_spriteFrame":{"__uuid__":"fjsszd1f-3e0b-4b1d-ae52-c52ad188bba9"},"_sizeMode":0},{"__type__":"5b062/JZf1MXrD4Yr6iJSPu","node":{"__id__":1}}],"_prefab":{"__type__":"cc.PrefabInfo","root":{"__id__":1},"asset":{"__uuid__":"94o8Hr+5pLSKO0pREPufqw"},"fileId":"8fKIokx4FO07z26LB8w7h9"},"_contentSize":{"__type__":"cc.Size","width":1360,"height":760},"_trs":{"__type__":"TypedArray","ctor":"Float64Array","array":[680,380,0,0,0,0,1,1,1,1]}},{"__type__":"cc.Node","_name":"image01","_parent":{"__id__":1},"_children":[{"__id__":3},{"__id__":4},{"__id__":5},{"__id__":7},{"__id__":9}],"_components":[{"__type__":"cc.Sprite","node":{"__id__":2},"_spriteFrame":{"__uuid__":"fjssz74b-fe70-4320-bb96-a5a0a43c5109"},"_type":1,"_sizeMode":0}],"_prefab":{"__type__":"cc.PrefabInfo","root":{"__id__":1},"asset":{"__uuid__":"94o8Hr+5pLSKO0pREPufqw"},"fileId":"ecEb4/78NECq/kTn5oGd2H"},"_contentSize":{"__type__":"cc.Size","width":818,"height":450},"_anchorPoint":{"__type__":"cc.Vec2","x":0.5,"y":1},"_trs":{"__type__":"TypedArray","ctor":"Float64Array","array":[0,210,0,0,0,0,1,1,1,1]}},{"__type__":"cc.Node","_name":"bg_popup","_parent":{"__id__":2},"_components":[{"__type__":"cc.Sprite","node":{"__id__":3},"_spriteFrame":{"__uuid__":"fjssz255-4fda-47a1-b94c-a0a4e35774ef"},"_type":1,"_sizeMode":0,"_isTrimmedMode":false}],"_prefab":{"__type__":"cc.PrefabInfo","root":{"__id__":1},"asset":{"__uuid__":"94o8Hr+5pLSKO0pREPufqw"},"fileId":"37JHcQ3mJFnpk63+BvW97V"},"_contentSize":{"__type__":"cc.Size","width":790,"height":420},"_trs":{"__type__":"TypedArray","ctor":"Float64Array","array":[0,-222,0,0,0,0,1,1,1,1]}},{"__type__":"cc.Node","_name":"slice_bg_jiesan","_parent":{"__id__":2},"_components":[{"__type__":"cc.Sprite","node":{"__id__":4},"_spriteFrame":{"__uuid__":"fjssz0db-3a0f-491d-9ee6-d319187f5e79"},"_type":1,"_sizeMode":0,"_isTrimmedMode":false}],"_prefab":{"__type__":"cc.PrefabInfo","root":{"__id__":1},"asset":{"__uuid__":"94o8Hr+5pLSKO0pREPufqw"},"fileId":"afMJfVXbZMVr2ULF0MG0In"},"_contentSize":{"__type__":"cc.Size","width":742,"height":245},"_anchorPoint":{"__type__":"cc.Vec2","x":0.5,"y":1},"_trs":{"__type__":"TypedArray","ctor":"Float64Array","array":[0,-85,0,0,0,0,1,1,1,1]}},{"__type__":"cc.Node","_name":"biaotizhuangshi","_parent":{"__id__":2},"_children":[{"__id__":6}],"_components":[{"__type__":"cc.Sprite","node":{"__id__":5},"_spriteFrame":{"__uuid__":"fjssz32e-1092-44fa-af21-c99a86fe6147"}}],"_prefab":{"__type__":"cc.PrefabInfo","root":{"__id__":1},"asset":{"__uuid__":"94o8Hr+5pLSKO0pREPufqw"},"fileId":"acM/SqunhDUoMw4kvqtoq9"},"_contentSize":{"__type__":"cc.Size","width":511,"height":82},"_trs":{"__type__":"TypedArray","ctor":"Float64Array","array":[0,38,0,0,0,0,1,1,1,1]}},{"__type__":"cc.Node","_name":"zi","_parent":{"__id__":5},"_components":[{"__type__":"cc.Sprite","node":{"__id__":6},"_spriteFrame":{"__uuid__":"fjsszc1e-7d24-4049-a795-4491dfd6767f"}}],"_prefab":{"__type__":"cc.PrefabInfo","root":{"__id__":1},"asset":{"__uuid__":"94o8Hr+5pLSKO0pREPufqw"},"fileId":"90e7EDKdRKRqh8lO2QDJjV"},"_contentSize":{"__type__":"cc.Size","width":199,"height":55},"_trs":{"__type__":"TypedArray","ctor":"Float64Array","array":[0,-5,0,0,0,0,1,1,1,1]}},{"__type__":"cc.Node","_name":"LabelMessage","_parent":{"__id__":2},"_children":[{"__id__":8}],"_components":[{"__type__":"cc.Label","node":{"__id__":7},"_useOriginalSize":false,"_string":"玩家昵称七个字发起解散放假房间请求，请等待其他玩家同意！","_N$string":"玩家昵称七个字发起解散放假房间请求，请等待其他玩家同意！","_fontSize":22,"_lineHeight":36,"_N$horizontalAlign":1,"_N$verticalAlign":1,"_N$overflow":3}],"_prefab":{"__type__":"cc.PrefabInfo","root":{"__id__":1},"asset":{"__uuid__":"94o8Hr+5pLSKO0pREPufqw"},"fileId":"776twiWFFHT7tDGM70HT1b"},"_color":{"__type__":"cc.Color","r":127,"g":50,"b":10},"_contentSize":{"__type__":"cc.Size","width":704,"height":36},"_trs":{"__type__":"TypedArray","ctor":"Float64Array","array":[0,-35,0,0,0,0,1,1,1,1]}},{"__type__":"cc.Node","_name":"lb_name","_parent":{"__id__":7},"_active":false,"_components":[{"__type__":"cc.Label","node":{"__id__":8},"_useOriginalSize":false,"_string":"玩家昵称七个字","_N$string":"玩家昵称七个字","_fontSize":22,"_lineHeight":36,"_isSystemFontUsed":false}],"_prefab":{"__type__":"cc.PrefabInfo","root":{"__id__":1},"asset":{"__uuid__":"94o8Hr+5pLSKO0pREPufqw"},"fileId":"25CB4t0VVIprqU6/oi3YAv"},"_color":{"__type__":"cc.Color","r":10,"g":127,"b":18},"_contentSize":{"__type__":"cc.Size","width":154,"height":36},"_trs":{"__type__":"TypedArray","ctor":"Float64Array","array":[-230,-5,0,0,0,0,1,1,1,1]}},{"__type__":"cc.Node","_name":"TimeMessage","_parent":{"__id__":2},"_children":[{"__id__":10},{"__id__":11}],"_components":[{"__type__":"cc.Label","node":{"__id__":9},"_useOriginalSize":false,"_string":"剩余选择默认同意时间：       S","_N$string":"剩余选择默认同意时间：       S","_fontSize":26,"_lineHeight":36,"_N$horizontalAlign":1,"_N$verticalAlign":1,"_N$overflow":3}],"_prefab":{"__type__":"cc.PrefabInfo","root":{"__id__":1},"asset":{"__uuid__":"94o8Hr+5pLSKO0pREPufqw"},"fileId":"a2SNjulqFHVbbSZ/wwIZum"},"_color":{"__type__":"cc.Color","r":127,"g":50,"b":10},"_contentSize":{"__type__":"cc.Size","width":450,"height":36},"_trs":{"__type__":"TypedArray","ctor":"Float64Array","array":[0,-67,0,0,0,0,1,1,1,1]}},{"__type__":"cc.Node","_name":"lb_time","_parent":{"__id__":9},"_components":[{"__type__":"cc.Label","node":{"__id__":10},"_useOriginalSize":false,"_string":"180","_N$string":"180","_fontSize":36,"_lineHeight":50,"_N$horizontalAlign":1,"_N$verticalAlign":1,"_N$overflow":3}],"_prefab":{"__type__":"cc.PrefabInfo","root":{"__id__":1},"asset":{"__uuid__":"94o8Hr+5pLSKO0pREPufqw"},"fileId":"cb7q5RsnpF67SPLKl/ZZ7e"},"_color":{"__type__":"cc.Color","r":10,"g":127,"b":18},"_contentSize":{"__type__":"cc.Size","width":80,"height":50},"_trs":{"__type__":"TypedArray","ctor":"Float64Array","array":[124,0,0,0,0,0,1,1,1,1]}},{"__type__":"cc.Node","_name":"lb_s","_parent":{"__id__":9},"_active":false,"_components":[{"__type__":"cc.Label","node":{"__id__":11},"_useOriginalSize":false,"_string":"S","_N$string":"S","_fontSize":30,"_lineHeight":30,"_isSystemFontUsed":false}],"_prefab":{"__type__":"cc.PrefabInfo","root":{"__id__":1},"asset":{"__uuid__":"94o8Hr+5pLSKO0pREPufqw"},"fileId":"a9bipX6ihAl5mmUBo6huqt"},"_color":{"__type__":"cc.Color","r":10,"g":127,"b":18},"_contentSize":{"__type__":"cc.Size","width":16.68,"height":30},"_trs":{"__type__":"TypedArray","ctor":"Float64Array","array":[162,2,0,0,0,0,1,1,1,1]}},{"__type__":"cc.Node","_name":"btnCancel","_parent":{"__id__":1},"_children":[{"__id__":13}],"_components":[{"__type__":"cc.Sprite","node":{"__id__":12},"_spriteFrame":{"__uuid__":"fjssz77b-df5e-4eed-8319-bbf3e5c2b870"},"_type":1,"_sizeMode":2},{"__type__":"cc.Button","node":{"__id__":12},"zoomScale":0.95,"clickEvents":[{"__type__":"cc.ClickEvent","target":{"__id__":1},"_componentId":"5b062/JZf1MXrD4Yr6iJSPu","handler":"OnClick_BtnWnd"}],"_N$enableAutoGrayEffect":true,"_N$transition":3,"transition":3,"_N$pressedColor":{"__type__":"cc.Color","r":255,"g":255,"b":255},"pressedColor":{"__type__":"cc.Color","r":255,"g":255,"b":255},"_N$disabledColor":{"__type__":"cc.Color","r":255,"g":255,"b":255},"_N$normalSprite":{"__uuid__":"f0BIwQ8D5Ml7nTNQbh1YlS"},"_N$pressedSprite":{"__uuid__":"e97GVMl6JHh5Ml5qEDdSGa"},"pressedSprite":{"__uuid__":"e97GVMl6JHh5Ml5qEDdSGa"},"_N$hoverSprite":{"__uuid__":"e97GVMl6JHh5Ml5qEDdSGa"},"hoverSprite":{"__uuid__":"e97GVMl6JHh5Ml5qEDdSGa"},"_N$disabledSprite":{"__uuid__":"29FYIk+N1GYaeWH/q1NxQO"},"_N$target":{"__id__":12}}],"_prefab":{"__type__":"cc.PrefabInfo","root":{"__id__":1},"asset":{"__uuid__":"94o8Hr+5pLSKO0pREPufqw"},"fileId":"40Nj8XsgRMBpwR3B5fcwi9"},"_contentSize":{"__type__":"cc.Size","width":244,"height":78},"_trs":{"__type__":"TypedArray","ctor":"Float64Array","array":[-160,-175,0,0,0,0,1,1,1,1]}},{"__type__":"cc.Node","_name":"lable","_parent":{"__id__":12},"_components":[{"__type__":"cc.Label","node":{"__id__":13},"_useOriginalSize":false,"_string":"拒 绝","_N$string":"拒 绝","_fontSize":46,"_lineHeight":56,"_N$horizontalAlign":1,"_N$verticalAlign":1}],"_prefab":{"__type__":"cc.PrefabInfo","root":{"__id__":1},"asset":{"__uuid__":"94o8Hr+5pLSKO0pREPufqw"},"fileId":"7eXqtNo1ZOgb+Ze3B+9Sos"},"_color":{"__type__":"cc.Color","r":82,"g":107},"_contentSize":{"__type__":"cc.Size","width":104.78,"height":56},"_trs":{"__type__":"TypedArray","ctor":"Float64Array","array":[0,4,0,0,0,0,1,1,1,1]}},{"__type__":"cc.Node","_name":"btnSure","_parent":{"__id__":1},"_children":[{"__id__":15}],"_components":[{"__type__":"cc.Sprite","node":{"__id__":14},"_spriteFrame":{"__uuid__":"fjssz370-7347-4f35-8f29-be6e912baff3"},"_type":1,"_sizeMode":0},{"__type__":"cc.Button","node":{"__id__":14},"zoomScale":0.95,"clickEvents":[{"__type__":"cc.ClickEvent","target":{"__id__":1},"_componentId":"5b062/JZf1MXrD4Yr6iJSPu","handler":"OnClick_BtnWnd"}],"_N$enableAutoGrayEffect":true,"_N$transition":3,"transition":3,"_N$pressedColor":{"__type__":"cc.Color","r":255,"g":255,"b":255},"pressedColor":{"__type__":"cc.Color","r":255,"g":255,"b":255},"_N$disabledColor":{"__type__":"cc.Color","r":255,"g":255,"b":255},"_N$normalSprite":{"__uuid__":"f0BIwQ8D5Ml7nTNQbh1YlS"},"_N$pressedSprite":{"__uuid__":"e97GVMl6JHh5Ml5qEDdSGa"},"pressedSprite":{"__uuid__":"e97GVMl6JHh5Ml5qEDdSGa"},"_N$hoverSprite":{"__uuid__":"e97GVMl6JHh5Ml5qEDdSGa"},"hoverSprite":{"__uuid__":"e97GVMl6JHh5Ml5qEDdSGa"},"_N$disabledSprite":{"__uuid__":"29FYIk+N1GYaeWH/q1NxQO"},"_N$target":{"__id__":14}}],"_prefab":{"__type__":"cc.PrefabInfo","root":{"__id__":1},"asset":{"__uuid__":"94o8Hr+5pLSKO0pREPufqw"},"fileId":"247zoVJdlBd6lGxww3LyVV"},"_contentSize":{"__type__":"cc.Size","width":246,"height":82},"_trs":{"__type__":"TypedArray","ctor":"Float64Array","array":[160,-175,0,0,0,0,1,1,1,1]}},{"__type__":"cc.Node","_name":"lable","_parent":{"__id__":14},"_components":[{"__type__":"cc.Label","node":{"__id__":15},"_useOriginalSize":false,"_string":"同  意","_N$string":"同  意","_fontSize":46,"_lineHeight":56,"_N$horizontalAlign":1,"_N$verticalAlign":1}],"_prefab":{"__type__":"cc.PrefabInfo","root":{"__id__":1},"asset":{"__uuid__":"94o8Hr+5pLSKO0pREPufqw"},"fileId":"5b84yUT/dM06XIJuwv09uU"},"_color":{"__type__":"cc.Color","r":135,"g":84,"b":34},"_contentSize":{"__type__":"cc.Size","width":117.56,"height":56},"_trs":{"__type__":"TypedArray","ctor":"Float64Array","array":[0,4,0,0,0,0,1,1,1,1]}},{"__type__":"cc.Node","_name":"playerNode","_parent":{"__id__":1},"_children":[{"__id__":17},{"__id__":21},{"__id__":25},{"__id__":29},{"__id__":33},{"__id__":37},{"__id__":41},{"__id__":45},{"__id__":49},{"__id__":53}],"_prefab":{"__type__":"cc.PrefabInfo","root":{"__id__":1},"asset":{"__uuid__":"94o8Hr+5pLSKO0pREPufqw"},"fileId":"c5o8dr+d5PMbck5a4quVJs"},"_trs":{"__type__":"TypedArray","ctor":"Float64Array","array":[0,0,0,0,0,0,1,1,1,1]}},{"__type__":"cc.Node","_name":"item0","_parent":{"__id__":16},"_children":[{"__id__":18},{"__id__":19},{"__id__":20}],"_prefab":{"__type__":"cc.PrefabInfo","root":{"__id__":1},"asset":{"__uuid__":"94o8Hr+5pLSKO0pREPufqw"},"fileId":"1cIT6+GyNNt6hg0z65wDuJ"},"_trs":{"__type__":"TypedArray","ctor":"Float64Array","array":[-255,97,0,0,0,0,1,1,1,1]}},{"__type__":"cc.Node","_name":"name","_parent":{"__id__":17},"_components":[{"__type__":"cc.Label","node":{"__id__":18},"_useOriginalSize":false,"_string":"玩家称号七个字","_N$string":"玩家称号七个字","_fontSize":24,"_enableWrapText":false,"_N$horizontalAlign":1,"_N$verticalAlign":1,"_N$overflow":1}],"_prefab":{"__type__":"cc.PrefabInfo","root":{"__id__":1},"asset":{"__uuid__":"94o8Hr+5pLSKO0pREPufqw"},"fileId":"2eYqtv6KhK07ZPKkmMXTP8"},"_color":{"__type__":"cc.Color","r":122,"g":80,"b":58},"_contentSize":{"__type__":"cc.Size","width":168,"height":40},"_trs":{"__type__":"TypedArray","ctor":"Float64Array","array":[0,0,0,0,0,0,1,1,1,1]}},{"__type__":"cc.Node","_name":"icon_tongyi","_parent":{"__id__":17},"_active":false,"_components":[{"__type__":"cc.Sprite","node":{"__id__":19},"_spriteFrame":{"__uuid__":"fjssz8ff-c9d9-4880-8b04-32d3d36e0d05"}}],"_prefab":{"__type__":"cc.PrefabInfo","root":{"__id__":1},"asset":{"__uuid__":"94o8Hr+5pLSKO0pREPufqw"},"fileId":"35q16tenJFrabLsR0dhsPy"},"_contentSize":{"__type__":"cc.Size","width":79,"height":36},"_trs":{"__type__":"TypedArray","ctor":"Float64Array","array":[150,0,0,0,0,0,1,1,1,1]}},{"__type__":"cc.Node","_name":"icon_jujue","_parent":{"__id__":17},"_active":false,"_components":[{"__type__":"cc.Sprite","node":{"__id__":20},"_spriteFrame":{"__uuid__":"fjssz726-55f8-4771-b4b8-96eb5920a3e3"}}],"_prefab":{"__type__":"cc.PrefabInfo","root":{"__id__":1},"asset":{"__uuid__":"94o8Hr+5pLSKO0pREPufqw"},"fileId":"bcDwHCv49DC5YYHL9K2bt9"},"_contentSize":{"__type__":"cc.Size","width":78,"height":36},"_trs":{"__type__":"TypedArray","ctor":"Float64Array","array":[150,0,0,0,0,0,1,1,1,1]}},{"__type__":"cc.Node","_name":"item1","_parent":{"__id__":16},"_children":[{"__id__":22},{"__id__":23},{"__id__":24}],"_prefab":{"__type__":"cc.PrefabInfo","root":{"__id__":1},"asset":{"__uuid__":"94o8Hr+5pLSKO0pREPufqw"},"fileId":"21a8Aun5JIm7zxEHIUrcfP"},"_trs":{"__type__":"TypedArray","ctor":"Float64Array","array":[150,97,0,0,0,0,1,1,1,1]}},{"__type__":"cc.Node","_name":"name","_parent":{"__id__":21},"_components":[{"__type__":"cc.Label","node":{"__id__":22},"_useOriginalSize":false,"_string":"玩家称号七个字","_N$string":"玩家称号七个字","_fontSize":24,"_enableWrapText":false,"_N$horizontalAlign":1,"_N$verticalAlign":1,"_N$overflow":1}],"_prefab":{"__type__":"cc.PrefabInfo","root":{"__id__":1},"asset":{"__uuid__":"94o8Hr+5pLSKO0pREPufqw"},"fileId":"65L+mKLrdIgr081Wf7MKlx"},"_color":{"__type__":"cc.Color","r":122,"g":80,"b":58},"_contentSize":{"__type__":"cc.Size","width":168,"height":40},"_trs":{"__type__":"TypedArray","ctor":"Float64Array","array":[0,0,0,0,0,0,1,1,1,1]}},{"__type__":"cc.Node","_name":"icon_tongyi","_parent":{"__id__":21},"_active":false,"_components":[{"__type__":"cc.Sprite","node":{"__id__":23},"_spriteFrame":{"__uuid__":"fjssz8ff-c9d9-4880-8b04-32d3d36e0d05"}}],"_prefab":{"__type__":"cc.PrefabInfo","root":{"__id__":1},"asset":{"__uuid__":"94o8Hr+5pLSKO0pREPufqw"},"fileId":"280r2ivCFLmabqeHULvh2C"},"_contentSize":{"__type__":"cc.Size","width":79,"height":36},"_trs":{"__type__":"TypedArray","ctor":"Float64Array","array":[150,0,0,0,0,0,1,1,1,1]}},{"__type__":"cc.Node","_name":"icon_jujue","_parent":{"__id__":21},"_active":false,"_components":[{"__type__":"cc.Sprite","node":{"__id__":24},"_spriteFrame":{"__uuid__":"fjssz726-55f8-4771-b4b8-96eb5920a3e3"}}],"_prefab":{"__type__":"cc.PrefabInfo","root":{"__id__":1},"asset":{"__uuid__":"94o8Hr+5pLSKO0pREPufqw"},"fileId":"5bJm3r0IFAILmVHlV+dQYP"},"_contentSize":{"__type__":"cc.Size","width":78,"height":36},"_trs":{"__type__":"TypedArray","ctor":"Float64Array","array":[150,0,0,0,0,0,1,1,1,1]}},{"__type__":"cc.Node","_name":"item2","_parent":{"__id__":16},"_children":[{"__id__":26},{"__id__":27},{"__id__":28}],"_prefab":{"__type__":"cc.PrefabInfo","root":{"__id__":1},"asset":{"__uuid__":"94o8Hr+5pLSKO0pREPufqw"},"fileId":"58OCpsX0tD2bbpX1uUNzx2"},"_trs":{"__type__":"TypedArray","ctor":"Float64Array","array":[-255,49,0,0,0,0,1,1,1,1]}},{"__type__":"cc.Node","_name":"name","_parent":{"__id__":25},"_components":[{"__type__":"cc.Label","node":{"__id__":26},"_useOriginalSize":false,"_string":"玩家称号七个字","_N$string":"玩家称号七个字","_fontSize":24,"_enableWrapText":false,"_N$horizontalAlign":1,"_N$verticalAlign":1,"_N$overflow":1}],"_prefab":{"__type__":"cc.PrefabInfo","root":{"__id__":1},"asset":{"__uuid__":"94o8Hr+5pLSKO0pREPufqw"},"fileId":"1beIBMCRBOOqYjjqtZ52Hx"},"_color":{"__type__":"cc.Color","r":122,"g":80,"b":58},"_contentSize":{"__type__":"cc.Size","width":168,"height":40},"_trs":{"__type__":"TypedArray","ctor":"Float64Array","array":[0,0,0,0,0,0,1,1,1,1]}},{"__type__":"cc.Node","_name":"icon_tongyi","_parent":{"__id__":25},"_active":false,"_components":[{"__type__":"cc.Sprite","node":{"__id__":27},"_spriteFrame":{"__uuid__":"fjssz8ff-c9d9-4880-8b04-32d3d36e0d05"}}],"_prefab":{"__type__":"cc.PrefabInfo","root":{"__id__":1},"asset":{"__uuid__":"94o8Hr+5pLSKO0pREPufqw"},"fileId":"6dKwe3G05Kmo+LefCQfuaQ"},"_contentSize":{"__type__":"cc.Size","width":79,"height":36},"_trs":{"__type__":"TypedArray","ctor":"Float64Array","array":[150,0,0,0,0,0,1,1,1,1]}},{"__type__":"cc.Node","_name":"icon_jujue","_parent":{"__id__":25},"_active":false,"_components":[{"__type__":"cc.Sprite","node":{"__id__":28},"_spriteFrame":{"__uuid__":"fjssz726-55f8-4771-b4b8-96eb5920a3e3"}}],"_prefab":{"__type__":"cc.PrefabInfo","root":{"__id__":1},"asset":{"__uuid__":"94o8Hr+5pLSKO0pREPufqw"},"fileId":"36GHk8jc1MQaNC6yB84EVj"},"_contentSize":{"__type__":"cc.Size","width":78,"height":36},"_trs":{"__type__":"TypedArray","ctor":"Float64Array","array":[150,0,0,0,0,0,1,1,1,1]}},{"__type__":"cc.Node","_name":"item3","_parent":{"__id__":16},"_children":[{"__id__":30},{"__id__":31},{"__id__":32}],"_prefab":{"__type__":"cc.PrefabInfo","root":{"__id__":1},"asset":{"__uuid__":"94o8Hr+5pLSKO0pREPufqw"},"fileId":"22jCXtfhBOI6tmo931pMGO"},"_trs":{"__type__":"TypedArray","ctor":"Float64Array","array":[150,49,0,0,0,0,1,1,1,1]}},{"__type__":"cc.Node","_name":"name","_parent":{"__id__":29},"_components":[{"__type__":"cc.Label","node":{"__id__":30},"_useOriginalSize":false,"_string":"玩家称号七个字","_N$string":"玩家称号七个字","_fontSize":24,"_enableWrapText":false,"_N$horizontalAlign":1,"_N$verticalAlign":1,"_N$overflow":1}],"_prefab":{"__type__":"cc.PrefabInfo","root":{"__id__":1},"asset":{"__uuid__":"94o8Hr+5pLSKO0pREPufqw"},"fileId":"81vA/WOqhPbqdWzkcNDe6k"},"_color":{"__type__":"cc.Color","r":122,"g":80,"b":58},"_contentSize":{"__type__":"cc.Size","width":168,"height":40},"_trs":{"__type__":"TypedArray","ctor":"Float64Array","array":[0,0,0,0,0,0,1,1,1,1]}},{"__type__":"cc.Node","_name":"icon_tongyi","_parent":{"__id__":29},"_active":false,"_components":[{"__type__":"cc.Sprite","node":{"__id__":31},"_spriteFrame":{"__uuid__":"fjssz8ff-c9d9-4880-8b04-32d3d36e0d05"}}],"_prefab":{"__type__":"cc.PrefabInfo","root":{"__id__":1},"asset":{"__uuid__":"94o8Hr+5pLSKO0pREPufqw"},"fileId":"c2+qrZNHlNwosSZSNWYdet"},"_contentSize":{"__type__":"cc.Size","width":79,"height":36},"_trs":{"__type__":"TypedArray","ctor":"Float64Array","array":[150,0,0,0,0,0,1,1,1,1]}},{"__type__":"cc.Node","_name":"icon_jujue","_parent":{"__id__":29},"_active":false,"_components":[{"__type__":"cc.Sprite","node":{"__id__":32},"_spriteFrame":{"__uuid__":"fjssz726-55f8-4771-b4b8-96eb5920a3e3"}}],"_prefab":{"__type__":"cc.PrefabInfo","root":{"__id__":1},"asset":{"__uuid__":"94o8Hr+5pLSKO0pREPufqw"},"fileId":"9c0F1gLwND/pFj8Zi+bswO"},"_contentSize":{"__type__":"cc.Size","width":78,"height":36},"_trs":{"__type__":"TypedArray","ctor":"Float64Array","array":[150,0,0,0,0,0,1,1,1,1]}},{"__type__":"cc.Node","_name":"item4","_parent":{"__id__":16},"_children":[{"__id__":34},{"__id__":35},{"__id__":36}],"_prefab":{"__type__":"cc.PrefabInfo","root":{"__id__":1},"asset":{"__uuid__":"94o8Hr+5pLSKO0pREPufqw"},"fileId":"d3aYPkSY9H9aEJLZDuVphX"},"_trs":{"__type__":"TypedArray","ctor":"Float64Array","array":[-255,1,0,0,0,0,1,1,1,1]}},{"__type__":"cc.Node","_name":"name","_parent":{"__id__":33},"_components":[{"__type__":"cc.Label","node":{"__id__":34},"_useOriginalSize":false,"_string":"玩家称号七个字","_N$string":"玩家称号七个字","_fontSize":24,"_enableWrapText":false,"_N$horizontalAlign":1,"_N$verticalAlign":1,"_N$overflow":1}],"_prefab":{"__type__":"cc.PrefabInfo","root":{"__id__":1},"asset":{"__uuid__":"94o8Hr+5pLSKO0pREPufqw"},"fileId":"5adaOnSfBKqJ1s2GqklIDb"},"_color":{"__type__":"cc.Color","r":122,"g":80,"b":58},"_contentSize":{"__type__":"cc.Size","width":168,"height":40},"_trs":{"__type__":"TypedArray","ctor":"Float64Array","array":[0,0,0,0,0,0,1,1,1,1]}},{"__type__":"cc.Node","_name":"icon_tongyi","_parent":{"__id__":33},"_active":false,"_components":[{"__type__":"cc.Sprite","node":{"__id__":35},"_spriteFrame":{"__uuid__":"fjssz8ff-c9d9-4880-8b04-32d3d36e0d05"}}],"_prefab":{"__type__":"cc.PrefabInfo","root":{"__id__":1},"asset":{"__uuid__":"94o8Hr+5pLSKO0pREPufqw"},"fileId":"eeU9sFJRdFG4QtkIivVnVu"},"_contentSize":{"__type__":"cc.Size","width":79,"height":36},"_trs":{"__type__":"TypedArray","ctor":"Float64Array","array":[150,0,0,0,0,0,1,1,1,1]}},{"__type__":"cc.Node","_name":"icon_jujue","_parent":{"__id__":33},"_active":false,"_components":[{"__type__":"cc.Sprite","node":{"__id__":36},"_spriteFrame":{"__uuid__":"fjssz726-55f8-4771-b4b8-96eb5920a3e3"}}],"_prefab":{"__type__":"cc.PrefabInfo","root":{"__id__":1},"asset":{"__uuid__":"94o8Hr+5pLSKO0pREPufqw"},"fileId":"37d5xrq0RExZtMwUFPQUQ/"},"_contentSize":{"__type__":"cc.Size","width":78,"height":36},"_trs":{"__type__":"TypedArray","ctor":"Float64Array","array":[150,0,0,0,0,0,1,1,1,1]}},{"__type__":"cc.Node","_name":"item5","_parent":{"__id__":16},"_children":[{"__id__":38},{"__id__":39},{"__id__":40}],"_prefab":{"__type__":"cc.PrefabInfo","root":{"__id__":1},"asset":{"__uuid__":"94o8Hr+5pLSKO0pREPufqw"},"fileId":"48zBbeauVH946Ooe5vZ626"},"_trs":{"__type__":"TypedArray","ctor":"Float64Array","array":[150,1,0,0,0,0,1,1,1,1]}},{"__type__":"cc.Node","_name":"name","_parent":{"__id__":37},"_components":[{"__type__":"cc.Label","node":{"__id__":38},"_useOriginalSize":false,"_string":"玩家称号七个字","_N$string":"玩家称号七个字","_fontSize":24,"_enableWrapText":false,"_N$horizontalAlign":1,"_N$verticalAlign":1,"_N$overflow":1}],"_prefab":{"__type__":"cc.PrefabInfo","root":{"__id__":1},"asset":{"__uuid__":"94o8Hr+5pLSKO0pREPufqw"},"fileId":"9bWd3/z3dArZXKXiSTNRqZ"},"_color":{"__type__":"cc.Color","r":122,"g":80,"b":58},"_contentSize":{"__type__":"cc.Size","width":168,"height":40},"_trs":{"__type__":"TypedArray","ctor":"Float64Array","array":[0,0,0,0,0,0,1,1,1,1]}},{"__type__":"cc.Node","_name":"icon_tongyi","_parent":{"__id__":37},"_active":false,"_components":[{"__type__":"cc.Sprite","node":{"__id__":39},"_spriteFrame":{"__uuid__":"fjssz8ff-c9d9-4880-8b04-32d3d36e0d05"}}],"_prefab":{"__type__":"cc.PrefabInfo","root":{"__id__":1},"asset":{"__uuid__":"94o8Hr+5pLSKO0pREPufqw"},"fileId":"87mLrHt/9Ha4GaZJuG+Wq0"},"_contentSize":{"__type__":"cc.Size","width":79,"height":36},"_trs":{"__type__":"TypedArray","ctor":"Float64Array","array":[150,0,0,0,0,0,1,1,1,1]}},{"__type__":"cc.Node","_name":"icon_jujue","_parent":{"__id__":37},"_active":false,"_components":[{"__type__":"cc.Sprite","node":{"__id__":40},"_spriteFrame":{"__uuid__":"fjssz726-55f8-4771-b4b8-96eb5920a3e3"}}],"_prefab":{"__type__":"cc.PrefabInfo","root":{"__id__":1},"asset":{"__uuid__":"94o8Hr+5pLSKO0pREPufqw"},"fileId":"cbPhkRSK9NK4mswrItyQub"},"_contentSize":{"__type__":"cc.Size","width":78,"height":36},"_trs":{"__type__":"TypedArray","ctor":"Float64Array","array":[150,0,0,0,0,0,1,1,1,1]}},{"__type__":"cc.Node","_name":"item6","_parent":{"__id__":16},"_children":[{"__id__":42},{"__id__":43},{"__id__":44}],"_prefab":{"__type__":"cc.PrefabInfo","root":{"__id__":1},"asset":{"__uuid__":"94o8Hr+5pLSKO0pREPufqw"},"fileId":"baH+4cluxGSphe1XJESsnl"},"_trs":{"__type__":"TypedArray","ctor":"Float64Array","array":[-255,-47,0,0,0,0,1,1,1,1]}},{"__type__":"cc.Node","_name":"name","_parent":{"__id__":41},"_components":[{"__type__":"cc.Label","node":{"__id__":42},"_useOriginalSize":false,"_string":"玩家称号七个字","_N$string":"玩家称号七个字","_fontSize":24,"_enableWrapText":false,"_N$horizontalAlign":1,"_N$verticalAlign":1,"_N$overflow":1}],"_prefab":{"__type__":"cc.PrefabInfo","root":{"__id__":1},"asset":{"__uuid__":"94o8Hr+5pLSKO0pREPufqw"},"fileId":"67rsFCeAFBI4GC5BUZyGki"},"_color":{"__type__":"cc.Color","r":122,"g":80,"b":58},"_contentSize":{"__type__":"cc.Size","width":168,"height":40},"_trs":{"__type__":"TypedArray","ctor":"Float64Array","array":[0,0,0,0,0,0,1,1,1,1]}},{"__type__":"cc.Node","_name":"icon_tongyi","_parent":{"__id__":41},"_active":false,"_components":[{"__type__":"cc.Sprite","node":{"__id__":43},"_spriteFrame":{"__uuid__":"fjssz8ff-c9d9-4880-8b04-32d3d36e0d05"}}],"_prefab":{"__type__":"cc.PrefabInfo","root":{"__id__":1},"asset":{"__uuid__":"94o8Hr+5pLSKO0pREPufqw"},"fileId":"154tkuHpBNx7RBeMZA/vyp"},"_contentSize":{"__type__":"cc.Size","width":79,"height":36},"_trs":{"__type__":"TypedArray","ctor":"Float64Array","array":[150,0,0,0,0,0,1,1,1,1]}},{"__type__":"cc.Node","_name":"icon_jujue","_parent":{"__id__":41},"_active":false,"_components":[{"__type__":"cc.Sprite","node":{"__id__":44},"_spriteFrame":{"__uuid__":"fjssz726-55f8-4771-b4b8-96eb5920a3e3"}}],"_prefab":{"__type__":"cc.PrefabInfo","root":{"__id__":1},"asset":{"__uuid__":"94o8Hr+5pLSKO0pREPufqw"},"fileId":"14ZWUWTbZPHrs1Aw2m1UnD"},"_contentSize":{"__type__":"cc.Size","width":78,"height":36},"_trs":{"__type__":"TypedArray","ctor":"Float64Array","array":[150,0,0,0,0,0,1,1,1,1]}},{"__type__":"cc.Node","_name":"item7","_parent":{"__id__":16},"_children":[{"__id__":46},{"__id__":47},{"__id__":48}],"_prefab":{"__type__":"cc.PrefabInfo","root":{"__id__":1},"asset":{"__uuid__":"94o8Hr+5pLSKO0pREPufqw"},"fileId":"b4ZdxfOopFf7DirCXHCfqe"},"_trs":{"__type__":"TypedArray","ctor":"Float64Array","array":[150,-47,0,0,0,0,1,1,1,1]}},{"__type__":"cc.Node","_name":"name","_parent":{"__id__":45},"_components":[{"__type__":"cc.Label","node":{"__id__":46},"_useOriginalSize":false,"_string":"玩家称号七个字","_N$string":"玩家称号七个字","_fontSize":24,"_enableWrapText":false,"_N$horizontalAlign":1,"_N$verticalAlign":1,"_N$overflow":1}],"_prefab":{"__type__":"cc.PrefabInfo","root":{"__id__":1},"asset":{"__uuid__":"94o8Hr+5pLSKO0pREPufqw"},"fileId":"41Qhw8i2VIGI2iJuLswbDJ"},"_color":{"__type__":"cc.Color","r":122,"g":80,"b":58},"_contentSize":{"__type__":"cc.Size","width":168,"height":40},"_trs":{"__type__":"TypedArray","ctor":"Float64Array","array":[0,0,0,0,0,0,1,1,1,1]}},{"__type__":"cc.Node","_name":"icon_tongyi","_parent":{"__id__":45},"_active":false,"_components":[{"__type__":"cc.Sprite","node":{"__id__":47},"_spriteFrame":{"__uuid__":"fjssz8ff-c9d9-4880-8b04-32d3d36e0d05"}}],"_prefab":{"__type__":"cc.PrefabInfo","root":{"__id__":1},"asset":{"__uuid__":"94o8Hr+5pLSKO0pREPufqw"},"fileId":"a3Dau9iORCII3hVHjmUdvD"},"_contentSize":{"__type__":"cc.Size","width":79,"height":36},"_trs":{"__type__":"TypedArray","ctor":"Float64Array","array":[150,0,0,0,0,0,1,1,1,1]}},{"__type__":"cc.Node","_name":"icon_jujue","_parent":{"__id__":45},"_active":false,"_components":[{"__type__":"cc.Sprite","node":{"__id__":48},"_spriteFrame":{"__uuid__":"fjssz726-55f8-4771-b4b8-96eb5920a3e3"}}],"_prefab":{"__type__":"cc.PrefabInfo","root":{"__id__":1},"asset":{"__uuid__":"94o8Hr+5pLSKO0pREPufqw"},"fileId":"35JEW3u51GibPc8gLAemWZ"},"_contentSize":{"__type__":"cc.Size","width":78,"height":36},"_trs":{"__type__":"TypedArray","ctor":"Float64Array","array":[150,0,0,0,0,0,1,1,1,1]}},{"__type__":"cc.Node","_name":"item8","_parent":{"__id__":16},"_children":[{"__id__":50},{"__id__":51},{"__id__":52}],"_prefab":{"__type__":"cc.PrefabInfo","root":{"__id__":1},"asset":{"__uuid__":"94o8Hr+5pLSKO0pREPufqw"},"fileId":"e63kG4/QFKVo+s/MmZ6MO8"},"_trs":{"__type__":"TypedArray","ctor":"Float64Array","array":[-255,-95,0,0,0,0,1,1,1,1]}},{"__type__":"cc.Node","_name":"name","_parent":{"__id__":49},"_components":[{"__type__":"cc.Label","node":{"__id__":50},"_useOriginalSize":false,"_string":"玩家称号七个字","_N$string":"玩家称号七个字","_fontSize":24,"_enableWrapText":false,"_N$horizontalAlign":1,"_N$verticalAlign":1,"_N$overflow":1}],"_prefab":{"__type__":"cc.PrefabInfo","root":{"__id__":1},"asset":{"__uuid__":"94o8Hr+5pLSKO0pREPufqw"},"fileId":"f1ENnpeRBGrIpVcW+oXPEz"},"_color":{"__type__":"cc.Color","r":122,"g":80,"b":58},"_contentSize":{"__type__":"cc.Size","width":168,"height":40},"_trs":{"__type__":"TypedArray","ctor":"Float64Array","array":[0,0,0,0,0,0,1,1,1,1]}},{"__type__":"cc.Node","_name":"icon_tongyi","_parent":{"__id__":49},"_active":false,"_components":[{"__type__":"cc.Sprite","node":{"__id__":51},"_spriteFrame":{"__uuid__":"fjssz8ff-c9d9-4880-8b04-32d3d36e0d05"}}],"_prefab":{"__type__":"cc.PrefabInfo","root":{"__id__":1},"asset":{"__uuid__":"94o8Hr+5pLSKO0pREPufqw"},"fileId":"fdVmspv+FM2qShK8Zjv80Y"},"_contentSize":{"__type__":"cc.Size","width":79,"height":36},"_trs":{"__type__":"TypedArray","ctor":"Float64Array","array":[150,0,0,0,0,0,1,1,1,1]}},{"__type__":"cc.Node","_name":"icon_jujue","_parent":{"__id__":49},"_active":false,"_components":[{"__type__":"cc.Sprite","node":{"__id__":52},"_spriteFrame":{"__uuid__":"fjssz726-55f8-4771-b4b8-96eb5920a3e3"}}],"_prefab":{"__type__":"cc.PrefabInfo","root":{"__id__":1},"asset":{"__uuid__":"94o8Hr+5pLSKO0pREPufqw"},"fileId":"865UfQIu9OBLXu/GZssBoy"},"_contentSize":{"__type__":"cc.Size","width":78,"height":36},"_trs":{"__type__":"TypedArray","ctor":"Float64Array","array":[150,0,0,0,0,0,1,1,1,1]}},{"__type__":"cc.Node","_name":"item9","_parent":{"__id__":16},"_children":[{"__id__":54},{"__id__":55},{"__id__":56}],"_prefab":{"__type__":"cc.PrefabInfo","root":{"__id__":1},"asset":{"__uuid__":"94o8Hr+5pLSKO0pREPufqw"},"fileId":"365pNAyQ1JIY7LDHQ4kPqc"},"_trs":{"__type__":"TypedArray","ctor":"Float64Array","array":[150,-95,0,0,0,0,1,1,1,1]}},{"__type__":"cc.Node","_name":"name","_parent":{"__id__":53},"_components":[{"__type__":"cc.Label","node":{"__id__":54},"_useOriginalSize":false,"_string":"玩家称号七个字","_N$string":"玩家称号七个字","_fontSize":24,"_enableWrapText":false,"_N$horizontalAlign":1,"_N$verticalAlign":1,"_N$overflow":1}],"_prefab":{"__type__":"cc.PrefabInfo","root":{"__id__":1},"asset":{"__uuid__":"94o8Hr+5pLSKO0pREPufqw"},"fileId":"8az5ftfT5GVrEYMpePpIKm"},"_color":{"__type__":"cc.Color","r":122,"g":80,"b":58},"_contentSize":{"__type__":"cc.Size","width":168,"height":40},"_trs":{"__type__":"TypedArray","ctor":"Float64Array","array":[0,0,0,0,0,0,1,1,1,1]}},{"__type__":"cc.Node","_name":"icon_tongyi","_parent":{"__id__":53},"_active":false,"_components":[{"__type__":"cc.Sprite","node":{"__id__":55},"_spriteFrame":{"__uuid__":"fjssz8ff-c9d9-4880-8b04-32d3d36e0d05"}}],"_prefab":{"__type__":"cc.PrefabInfo","root":{"__id__":1},"asset":{"__uuid__":"94o8Hr+5pLSKO0pREPufqw"},"fileId":"1dr5P0XAhBvJYLdEjZvzD5"},"_contentSize":{"__type__":"cc.Size","width":79,"height":36},"_trs":{"__type__":"TypedArray","ctor":"Float64Array","array":[150,0,0,0,0,0,1,1,1,1]}},{"__type__":"cc.Node","_name":"icon_jujue","_parent":{"__id__":53},"_active":false,"_components":[{"__type__":"cc.Sprite","node":{"__id__":56},"_spriteFrame":{"__uuid__":"fjssz726-55f8-4771-b4b8-96eb5920a3e3"}}],"_prefab":{"__type__":"cc.PrefabInfo","root":{"__id__":1},"asset":{"__uuid__":"94o8Hr+5pLSKO0pREPufqw"},"fileId":"08nqDatJhPx7cBeIFcVcyr"},"_contentSize":{"__type__":"cc.Size","width":78,"height":36},"_trs":{"__type__":"TypedArray","ctor":"Float64Array","array":[150,0,0,0,0,0,1,1,1,1]}}],{"__type__":"cc.SpriteFrame","content":{"name":"default_btn_pressed","texture":"b4P/PCArtIdIH38t6mlw8Y","rect":[0,0,40,40],"offset":[0,0],"originalSize":[40,40],"capInsets":[12,12,12,12]}},{"__type__":"cc.SpriteFrame","content":{"name":"default_btn_normal","texture":"e8Ueib+qJEhL6mXAHdnwbi","rect":[0,0,40,40],"offset":[0,0],"originalSize":[40,40],"capInsets":[12,12,12,12]}},{"__type__":"cc.SpriteFrame","content":{"name":"slice_bg_jiesan","texture":"fjssza9b-9648-4c99-a6e3-4ef0589746fa","rect":[0,0,23,23],"offset":[0,0],"originalSize":[23,23],"capInsets":[8,8,8,8]}},{"__type__":"cc.SpriteFrame","content":{"name":"bg_popup","texture":"fjssz784-03b2-4322-bb22-45fdb67dd4e8","rect":[0,0,29,33],"offset":[0,0],"originalSize":[29,33],"capInsets":[10,10,11,15]}},{"__type__":"cc.SpriteFrame","content":{"name":"bg_title","texture":"fjssz297-3712-402e-a8df-7a77a1f3a904","rect":[0,1,511,82],"offset":[-0.5,0],"originalSize":[512,84],"capInsets":[0,0,0,0]}},{"__type__":"cc.SpriteFrame","content":{"name":"btn_yellow1","texture":"fjssz4be-3812-4f4d-9290-4dc3c1d02ef6","rect":[0,0,243,77],"offset":[-0.5,0.5],"originalSize":[244,78],"capInsets":[0,0,0,0]}},{"__type__":"cc.SpriteFrame","content":{"name":"icon_refuse","texture":"fjssz20a-ad5c-403c-b97f-61fde50172ef","rect":[1,0,78,36],"offset":[0,0],"originalSize":[80,36],"capInsets":[0,0,0,0]}},{"__type__":"cc.SpriteFrame","content":{"name":"bg_box2","texture":"fjsszc4d-4726-47af-a153-92ba9850277b","rect":[3,2,812,404],"offset":[0,0],"originalSize":[818,408],"capInsets":[0,0,0,0]}},{"__type__":"cc.SpriteFrame","content":{"name":"btn_green","texture":"fjssz2a5-b941-45ab-b6d3-c719e4a35d51","rect":[0,0,243,77],"offset":[-0.5,0.5],"originalSize":[244,78],"capInsets":[0,0,0,0]}},{"__type__":"cc.SpriteFrame","content":{"name":"icon_consent","texture":"fjssza2b-30ce-4ee0-b425-7df05ac7a8e7","rect":[0,0,79,36],"offset":[-0.5,0],"originalSize":[80,36],"capInsets":[0,0,0,0]}},{"__type__":"cc.SpriteFrame","content":{"name":"title_qhrs","texture":"fjsszd34-95b9-401f-8a0d-02f5925ba070","rect":[0,0,199,55],"offset":[0,0],"originalSize":[199,55],"capInsets":[0,0,0,0]}},{"__type__":"cc.SpriteFrame","content":{"name":"bg","texture":"fjssz036-8a0c-4d92-8561-c45e53fa19cc","rect":[0,0,21,63],"offset":[0,0],"originalSize":[21,63],"capInsets":[0,0,0,0]}}]