[{"__type__":"cc.SpriteFrame","content":{"name":"yuyin1","texture":"fjssz16d-d74b-4307-833b-148d89b7cad2","rect":[0,0,29,22],"offset":[0,0],"originalSize":[29,22],"capInsets":[0,0,0,0]}},{"__type__":"cc.SpriteFrame","content":{"name":"yuyin4","texture":"fjssz2ed-aaef-402b-9464-fc45256aa7b2","rect":[0,0,68,23],"offset":[-0.5,0],"originalSize":[69,23],"capInsets":[0,0,0,0]}},[{"__type__":"cc.Prefab","_name":"fjssz_UIAudio","data":{"__id__":1}},{"__type__":"cc.Node","_name":"fjssz_UIAudio","_children":[{"__id__":2},{"__id__":3},{"__id__":4},{"__id__":5},{"__id__":6},{"__id__":7}],"_components":[{"__type__":"cc.Animation","node":{"__id__":1},"_clips":[{"__uuid__":"fjssz0c6-6994-486f-9fa4-118b4c8569a7"}]},{"__type__":"fjsszf24-dd84-4917-bff5-80a4f757a3bb","node":{"__id__":1},"JS_Name":"sss_BaseComponent","ZorderLv":7,"lable_time":{"__id__":8}}],"_prefab":{"__type__":"cc.PrefabInfo","root":{"__id__":1},"asset":{"__uuid__":"fjssz2cc-172c-415a-abad-1b311dd1a382"},"fileId":"a423b/SBmpKA7UiajxdYw7g"},"_trs":{"__type__":"TypedArray","ctor":"Float64Array","array":[0,50,0,0,0,0,1,1,1,1]}},{"__type__":"cc.Node","_name":"sprite","_parent":{"__id__":1},"_components":[{"__type__":"cc.Sprite","node":{"__id__":2},"_materials":[{"__uuid__":"ecpdLyjvZBwrvm+cedCcQy"}],"_spriteFrame":{"__uuid__":"fjssz5df-4f33-4a3e-a904-871000517456"}}],"_prefab":{"__type__":"cc.PrefabInfo","root":{"__id__":1},"asset":{"__uuid__":"fjssz2cc-172c-415a-abad-1b311dd1a382"},"fileId":"2c9c4gEaghCZaQGraXrfUxt"},"_contentSize":{"__type__":"cc.Size","width":208,"height":189},"_trs":{"__type__":"TypedArray","ctor":"Float64Array","array":[-7,-2,0,0,0,0,1,1,1,1]}},{"__type__":"cc.Node","_name":"yuyin1","_parent":{"__id__":1},"_components":[{"__type__":"cc.Sprite","node":{"__id__":3},"_materials":[{"__uuid__":"ecpdLyjvZBwrvm+cedCcQy"}],"_spriteFrame":{"__uuid__":"fjssz187-c82d-44e8-9467-94033fd5e66f"}}],"_prefab":{"__type__":"cc.PrefabInfo","root":{"__id__":1},"asset":{"__uuid__":"fjssz2cc-172c-415a-abad-1b311dd1a382"},"fileId":"ce641AKlKNP1bgGMnLcKYfc"},"_contentSize":{"__type__":"cc.Size","width":29,"height":22},"_anchorPoint":{"__type__":"cc.Vec2","y":0.5},"_trs":{"__type__":"TypedArray","ctor":"Float64Array","array":[0,-40,0,0,0,0,1,1,1,1]}},{"__type__":"cc.Node","_name":"yuyin2","_parent":{"__id__":1},"_active":false,"_components":[{"__type__":"cc.Sprite","node":{"__id__":4},"_spriteFrame":{"__uuid__":"fjsszaca-799c-4a78-8ba3-f99a7ff85fc6"}}],"_prefab":{"__type__":"cc.PrefabInfo","root":{"__id__":1},"asset":{"__uuid__":"fjssz2cc-172c-415a-abad-1b311dd1a382"},"fileId":"a75e9OW6pxCU7/tId8msDlC"},"_contentSize":{"__type__":"cc.Size","width":42,"height":23},"_anchorPoint":{"__type__":"cc.Vec2","y":0.5},"_trs":{"__type__":"TypedArray","ctor":"Float64Array","array":[0,-11,0,0,0,0,1,1,1,1]}},{"__type__":"cc.Node","_name":"yuyin3","_parent":{"__id__":1},"_active":false,"_components":[{"__type__":"cc.Sprite","node":{"__id__":5},"_spriteFrame":{"__uuid__":"fjsszd63-cf09-4efa-936c-6351e38134c4"}}],"_prefab":{"__type__":"cc.PrefabInfo","root":{"__id__":1},"asset":{"__uuid__":"fjssz2cc-172c-415a-abad-1b311dd1a382"},"fileId":"e557cyPExBA9KRISVRd1dp2"},"_contentSize":{"__type__":"cc.Size","width":55,"height":24},"_anchorPoint":{"__type__":"cc.Vec2","y":0.5},"_trs":{"__type__":"TypedArray","ctor":"Float64Array","array":[0,19,0,0,0,0,1,1,1,1]}},{"__type__":"cc.Node","_name":"yuyin4","_parent":{"__id__":1},"_active":false,"_components":[{"__type__":"cc.Sprite","node":{"__id__":6},"_spriteFrame":{"__uuid__":"fjssz1ce-fdb2-4bb8-bfc5-596356224c70"}}],"_prefab":{"__type__":"cc.PrefabInfo","root":{"__id__":1},"asset":{"__uuid__":"fjssz2cc-172c-415a-abad-1b311dd1a382"},"fileId":"f8333bC7CZEw6TNoiktnODH"},"_contentSize":{"__type__":"cc.Size","width":68,"height":23},"_anchorPoint":{"__type__":"cc.Vec2","y":0.5},"_trs":{"__type__":"TypedArray","ctor":"Float64Array","array":[0,48,0,0,0,0,1,1,1,1]}},{"__type__":"cc.Node","_name":"lable_time","_parent":{"__id__":1},"_components":[{"__id__":8}],"_prefab":{"__type__":"cc.PrefabInfo","root":{"__id__":1},"asset":{"__uuid__":"fjssz2cc-172c-415a-abad-1b311dd1a382"},"fileId":"41cbezlohhHwoDDgii83t+e"},"_contentSize":{"__type__":"cc.Size","width":146.7,"height":30.24},"_trs":{"__type__":"TypedArray","ctor":"Float64Array","array":[-4,-69,0,0,0,0,1,1,1,1]}},{"__type__":"cc.Label","node":{"__id__":7},"_materials":[{"__uuid__":"ecpdLyjvZBwrvm+cedCcQy"}],"_useOriginalSize":false,"_string":"最长录制60秒","_N$string":"最长录制60秒","_fontSize":24,"_lineHeight":24,"_N$horizontalAlign":1,"_N$verticalAlign":1}],{"__type__":"cc.SpriteFrame","content":{"name":"bg_yuyin","texture":"fjssz4c2-7ea6-4dea-b375-f06cfe98f105","rect":[0,0,208,189],"offset":[0,0],"originalSize":[208,189],"capInsets":[0,0,0,0]}},{"__type__":"cc.SpriteFrame","content":{"name":"yuyin2","texture":"fjssze00-d9bd-4940-9721-5c5130c49d3e","rect":[0,0,42,23],"offset":[0,0],"originalSize":[42,23],"capInsets":[0,0,0,0]}},{"__type__":"cc.SpriteFrame","content":{"name":"yuyin3","texture":"fjssz23a-2fac-400d-bcc0-f8d59ce59366","rect":[0,0,55,24],"offset":[0,0],"originalSize":[55,24],"capInsets":[0,0,0,0]}}]