{"__type__":"sp.SkeletonData","_name":"sp_effect_sehz","_skeletonJson":{"skeleton":{"hash":"hxsf1jcsUVuDDwIIOG+PLIMyHJs","spine":"3.6.53","width":0,"height":0,"images":"./sp_effect_sehz_ReversePic/"},"bones":[{"name":"root"},{"name":"1","parent":"root"},{"name":"Zi","parent":"1","x":17.55,"y":-34.13},{"name":"base","parent":"Zi","x":-8.36,"y":-31.89},{"name":"ren","parent":"1","x":10.69,"y":46.39},{"name":"book","parent":"ren","length":89.38,"rotation":112.06,"x":-147.29,"y":51.83},{"name":"gz","parent":"ren","x":-65.29,"y":213.16},{"name":"hair","parent":"ren","length":60.11,"rotation":-38.35,"x":33.74,"y":208.52},{"name":"hair2","parent":"ren","length":62.24,"rotation":-128.18,"x":-35.91,"y":166.22},{"name":"hua_1","parent":"1","x":214.57,"y":38.01},{"name":"hua_2","parent":"1","x":246.77,"y":-61.09},{"name":"hua_3","parent":"1","x":-153.74,"y":22.13},{"name":"huangguan","parent":"1","x":28.35,"y":63.93},{"name":"pain","parent":"ren","length":57.89,"rotation":55.97,"x":131.97,"y":67.04},{"name":"point","parent":"root"},{"name":"point2","parent":"root"},{"name":"point3","parent":"root"},{"name":"point4","parent":"root"},{"name":"point5","parent":"root"},{"name":"point6","parent":"root"},{"name":"point7","parent":"root"},{"name":"point8","parent":"root"},{"name":"point9","parent":"root"},{"name":"point10","parent":"root"},{"name":"point11","parent":"root"},{"name":"point12","parent":"root"},{"name":"point13","parent":"root"},{"name":"point14","parent":"root"},{"name":"point15","parent":"root"},{"name":"point16","parent":"ren","x":-10.69,"y":-46.39},{"name":"point17","parent":"book","rotation":-112.06,"x":-142.34,"y":-89.7},{"name":"sg","parent":"root","scaleX":2,"scaleY":2},{"name":"ye_1","parent":"1","x":260.2,"y":-44.33},{"name":"ye_2","parent":"1","rotation":14.81,"x":287.23,"y":-35.01,"scaleX":0.793,"scaleY":0.793},{"name":"ye_3","parent":"1","rotation":-4.09,"x":255.17,"y":-65.24,"scaleX":-0.921,"scaleY":0.924},{"name":"ye_4","parent":"1","rotation":-78.83,"x":166.36,"y":33.69,"scaleX":-0.766,"scaleY":0.769},{"name":"ye_5","parent":"1","rotation":63.82,"x":247.38,"y":28.24,"scaleX":0.622,"scaleY":0.621},{"name":"ye_6","parent":"1","rotation":-65.25,"x":-229.98,"y":13.88,"scaleX":-0.704,"scaleY":0.707},{"name":"ye_7","parent":"1","rotation":-37.14,"x":-204.95,"y":-13.93,"scaleX":-1.095,"scaleY":1.1},{"name":"ye_8","parent":"1","rotation":-0.29,"x":-177.14,"y":-25.98,"scaleX":-0.954,"scaleY":0.958},{"name":"ye_9","parent":"1","rotation":55.82,"x":-111.32,"y":32.42,"scaleX":0.577,"scaleY":0.581},{"name":"zi","parent":"root","x":-31.73,"y":-34.13},{"name":"zi2","parent":"root","x":-31.73,"y":-34.13},{"name":"zt_1","parent":"1","x":-195.11,"y":28.81},{"name":"zt_2","parent":"1","x":269.42,"y":51.47}],"slots":[{"name":"zt_1","bone":"zt_1"},{"name":"zt_2","bone":"zt_2"},{"name":"ren","bone":"ren"},{"name":"ye_4","bone":"ye_4"},{"name":"ye_6","bone":"ye_6"},{"name":"ye_5","bone":"ye_5"},{"name":"base","bone":"base"},{"name":"ye_2","bone":"ye_2"},{"name":"ye_1","bone":"ye_1"},{"name":"ye_3","bone":"ye_3"},{"name":"ye_7","bone":"ye_7"},{"name":"ye_8","bone":"ye_8"},{"name":"ye_9","bone":"ye_9"},{"name":"hua_3","bone":"hua_3"},{"name":"huangguan","bone":"huangguan"},{"name":"zi","bone":"zi"},{"name":"sg/sg","bone":"sg","blend":"additive"},{"name":"hua_1","bone":"hua_1"},{"name":"hua_2","bone":"hua_2"},{"name":"gz","bone":"gz"},{"name":"point","bone":"point","blend":"additive"},{"name":"point4","bone":"point4","blend":"additive"},{"name":"point5","bone":"point5","blend":"additive"},{"name":"point6","bone":"point6","blend":"additive"},{"name":"point8","bone":"point8","blend":"additive"},{"name":"point9","bone":"point9","blend":"additive"},{"name":"point10","bone":"point10","blend":"additive"},{"name":"point11","bone":"point11","blend":"additive"},{"name":"point12","bone":"point12","blend":"additive"},{"name":"point13","bone":"point13","blend":"additive"},{"name":"point14","bone":"point14","blend":"additive"},{"name":"point15","bone":"point15","blend":"additive"},{"name":"point16","bone":"point16","blend":"additive"},{"name":"point17","bone":"point17","blend":"additive"},{"name":"point7","bone":"point7","blend":"additive"},{"name":"point2","bone":"point2","blend":"additive"},{"name":"point3","bone":"point3","blend":"additive"},{"name":"zi2","bone":"zi2","blend":"additive"}],"skins":{"default":{"base":{"base":{"y":0.5,"width":534,"height":219}},"gz":{"gz":{"x":-17.21,"y":-40.02,"width":57,"height":84}},"hua_1":{"hua_1":{"x":1.34,"y":23.6,"width":169,"height":172}},"hua_2":{"hua_2":{"x":17.36,"y":25.29,"width":144,"height":137}},"hua_3":{"hua_3":{"x":-23.95,"y":22.76,"width":194,"height":186}},"huangguan":{"huangguan":{"y":15.79,"width":134,"height":108}},"point":{"point":{"width":100,"height":100}},"point10":{"point":{"width":100,"height":100}},"point11":{"point":{"width":100,"height":100}},"point12":{"point":{"width":100,"height":100}},"point13":{"point":{"width":100,"height":100}},"point14":{"point":{"width":100,"height":100}},"point15":{"point":{"width":100,"height":100}},"point16":{"point2":{"width":100,"height":100}},"point17":{"point2":{"width":100,"height":100}},"point2":{"point":{"rotation":-33.98,"width":100,"height":100}},"point3":{"point":{"rotation":-28.88,"width":100,"height":100}},"point4":{"point":{"width":100,"height":100}},"point5":{"point":{"width":100,"height":100}},"point6":{"point":{"width":100,"height":100}},"point7":{"point":{"width":100,"height":100}},"point8":{"point":{"width":100,"height":100}},"point9":{"point":{"width":100,"height":100}},"ren":{"ren":{"type":"mesh","uvs":[0,0.5902,0.14521,0.65292,0.18014,0.83949,0.21189,0.70922,0.23095,0.75747,0.22036,1,0.83111,1,0.75279,0.71887,0.79195,0.63845,0.8163,0.58216,0.88933,0.63684,0.92215,0.73334,0.84593,0.79446,0.84064,0.90704,0.91262,0.95047,1,0.91347,1,0.61432,0.92956,0.51782,0.81312,0.46475,0.72209,0.53552,0.71786,0.63202,0.68822,0.67705,0.64376,0.54034,0.64575,0.4899,0.63318,0.46125,0.64156,0.42092,0.62899,0.3806,0.6667,0.35089,0.66321,0.29359,0.61712,0.26706,0.60664,0.22037,0.65133,0.16201,0.64521,0,0.4629,0,0.35129,0.15373,0.35811,0.25858,0.40496,0.29871,0.353,0.3945,0.34363,0.511,0.35751,0.54721,0.35847,0.57497,0.35511,0.60127,0.35465,0.6361,0.35013,0.65019,0.35084,0.67907,0.31535,0.67183,0.29244,0.70203,0.27027,0.71135,0.26934,0.70479,0.28188,0.6841,0.28636,0.66532,0.3481,0.65896,0.34324,0.63036,0.35081,0.6254,0.35352,0.59229,0.27326,0.34134,0,0.26804,0.61051,0.4068,0.61622,0.39813,0.62249,0.4263,0.61935,0.45013,0.60395,0.44753,0.6088,0.42847,0.62399,0.33032,0.63872,0.34341,0.65164,0.33652,0.64824,0.31757,0.63215,0.30586,0.62013,0.30586,0.6224,0.31861,0.60356,0.47334,0.61092,0.49368,0.62274,0.51367,0.62274,0.48419,0.61382,0.47402,0.62364,0.50215,0.60658,0.35406,0.57104,0.29601,0.38851,0.53749,0.37848,0.56893,0.41798,0.50414,0.45059,0.46508,0.48069,0.46127,0.49448,0.42697,0.48759,0.39553,0.47403,0.32317,0.51518,0.22689,0.42945,0.32567,0.46069,0.37091,0.44372,0.29965,0.41139,0.29962,0.41338,0.29232,0.5521,0.46938,0.58629,0.50175,0.61155,0.53788,0.62443,0.58982,0.55458,0.44228,0.5843,0.40163],"triangles":[38,37,80,39,38,78,9,18,17,19,18,9,10,9,17,10,17,16,8,20,9,11,10,16,11,16,15,12,11,15,14,13,12,15,14,12,67,68,29,28,67,29,66,67,28,66,69,67,27,65,66,64,63,66,65,64,66,27,66,28,26,76,64,64,65,27,26,64,27,58,26,25,25,59,58,60,62,59,25,60,59,24,60,25,60,74,61,24,74,60,73,74,24,73,24,23,75,73,23,76,63,64,20,19,9,33,31,86,31,33,32,86,34,33,31,30,86,35,34,86,91,35,86,77,86,30,77,30,29,36,35,91,90,36,91,89,91,86,85,89,86,77,29,68,69,68,67,77,85,86,89,90,91,87,89,85,87,90,89,66,63,69,69,76,77,69,77,68,76,69,63,88,87,85,84,85,77,97,84,77,88,85,84,76,97,77,58,97,76,57,97,58,59,57,58,96,83,84,62,97,57,62,57,59,97,96,84,96,97,62,61,96,62,61,62,60,81,84,83,84,81,88,88,37,87,82,81,83,92,83,96,92,96,61,82,83,92,70,92,61,74,70,61,71,70,74,71,74,73,93,92,70,93,70,71,71,73,75,90,87,36,88,81,37,87,37,36,81,80,37,72,71,75,78,38,80,72,93,71,94,93,72,23,72,75,22,72,23,94,72,22,79,39,78,40,39,79,95,94,22,21,95,22,44,43,42,7,20,8,21,20,7,47,4,3,46,45,44,7,6,21,21,44,95,80,93,94,82,92,93,93,80,82,80,81,82,80,94,95,79,78,80,95,79,80,41,40,79,79,42,41,95,42,79,44,42,95,4,47,46,46,44,4,44,5,4,44,21,5,6,5,21,58,76,26,0,56,55,55,1,0,1,55,54,53,52,54,54,50,1,52,50,54,50,52,51,1,50,3,50,49,3,49,48,3,47,3,48,2,1,3],"vertices":[1,5,81.09,105.39,1,1,5,30.33,40.26,1,1,5,-39.09,47.77,1,2,5,-2.15,14.06,0.9998,4,-159.51,44.56,0.0002,3,5,-22.16,10.93,0.09548,4,-149.09,27.19,0.904,7,-30.87,-255.65,0.00052,1,4,-154.88,-60.13,1,1,4,179.2,-60.13,1,1,4,136.36,41.08,1,1,13,16.93,-19.71,1,1,13,41.18,-19.41,1,1,13,47.22,-63.53,1,1,13,28.48,-97.85,1,1,13,-13.09,-75.62,1,1,13,-48.3,-95.9,1,1,13,-39.22,-137.28,1,1,13,-1.43,-169.43,1,1,13,87.82,-109.16,1,1,13,95.04,-57.79,1,1,13,75.23,5.69,1,2,4,119.56,107.09,0.992,13,26.25,32.7,0.008,3,4,117.25,72.35,0.86717,7,149.98,-54.97,0.00104,13,-3.83,15.17,0.13179,1,4,101.04,56.14,1,4,5,-34.53,-227.71,0.00002,4,76.72,105.35,0.31777,7,97.72,-54.24,0.49611,13,0.83,67.23,0.18611,3,4,77.81,123.51,0.24534,7,87.3,-39.32,0.63735,13,16.49,76.49,0.1173,4,5,-5.97,-233.04,0.00008,4,70.93,133.83,0.18624,7,75.51,-35.5,0.73456,13,21.19,87.96,0.07911,3,4,75.51,148.34,0.11392,7,70.1,-21.27,0.84242,13,35.79,92.29,0.04366,4,5,21.8,-241.82,0.00002,4,68.64,162.86,0.04368,7,55.7,-14.15,0.94082,13,43.97,106.11,0.01549,1,7,65.24,7.03,1,1,7,50.94,22.02,1,1,7,25.24,13.87,1,1,4,56.41,220.54,1,1,4,80.86,241.55,1,1,4,77.51,299.87,1,1,4,-22.21,299.87,1,1,4,-83.26,244.53,1,1,4,-79.53,206.79,1,2,4,-53.9,192.34,0.832,8,-9.41,-30.29,0.168,1,8,35.27,-31.32,1,1,8,71.4,-9.42,1,4,5,21.99,-81.67,0.02575,4,-79.86,102.88,0.12349,13,-88.85,195.61,0.00003,8,76.95,4.61,0.85073,3,4,-79.33,92.89,0.64699,13,-96.83,189.58,0.00019,8,84.48,11.2,0.35282,1,4,-81.18,83.42,1,1,4,-81.43,70.88,1,1,4,-83.9,65.81,1,1,4,-83.51,55.41,1,1,4,-102.92,58.01,1,1,4,-115.45,47.14,1,3,5,-14.86,-15.25,0.11998,4,-127.58,43.79,0.87809,7,-24.3,-229.28,0.00192,3,5,-12.48,-15.66,0.87225,4,-128.09,46.15,0.11801,7,-26.17,-227.75,0.00973,3,5,-8.15,-24.81,0.95923,4,-121.23,53.6,0.03756,7,-25.41,-217.65,0.00321,3,5,-2.8,-29.62,0.98873,4,-118.78,60.36,0.0103,7,-27.68,-210.83,0.00096,1,5,-13.37,-61.79,1,1,5,-2.82,-63.19,1,1,5,-2.73,-67.7,1,1,5,7.77,-73.55,1,1,5,107.98,-66.79,1,1,5,188.58,61.83,1,1,4,58.53,153.43,1,1,4,61.65,156.55,1,4,5,7.89,-232.35,0.00011,4,65.08,146.41,0.12244,7,63.12,-29.26,0.83067,13,28.34,99.85,0.04678,4,5,0.58,-227.53,0.00023,4,63.37,137.83,0.16511,7,67.1,-37.05,0.76894,13,20.27,96.47,0.06572,1,4,54.94,138.76,1,1,4,57.6,145.63,1,3,4,65.9,180.96,0.79414,7,42.32,-1.66,0.20572,13,57.44,118.51,0.00013,3,4,73.96,176.25,0.001,7,51.56,-0.35,0.99864,13,58.04,109.19,0.00036,1,7,55.57,5.98,1,1,7,49.88,10.18,1,1,7,40.36,8.02,1,2,4,63.8,189.76,0.928,7,35.2,3.94,0.072,2,4,65.04,185.18,0.92812,7,39.02,1.11,0.07188,4,5,-3.92,-216.39,0.00024,4,54.73,129.47,0.792,7,65.51,-48.97,0.18672,13,8.51,98.95,0.02104,1,4,58.76,122.15,1,1,4,65.22,114.95,1,4,5,-11.48,-224.65,0.00023,4,65.22,125.57,0.22586,7,76.16,-45.52,0.67423,13,11.15,88.07,0.09968,4,5,-6.26,-221.5,0.00046,4,60.34,129.23,0.2086,7,70.06,-45.68,0.70544,13,11.45,94.16,0.08551,4,5,-17.66,-222.67,0.00023,4,65.71,119.1,0.25605,7,80.55,-50.29,0.62428,13,6.07,84.05,0.11944,4,5,35.26,-234.05,0.00002,4,56.38,172.41,0.8817,7,40.16,-14.26,0.1174,13,45.03,121.62,0.00088,4,5,61.93,-223.88,0.00003,4,36.94,193.31,0.91429,7,11.94,-9.94,0.0856,13,51.47,149.42,0.00008,3,4,-62.9,106.38,0.9278,13,-76.46,183.51,0.0002,8,63.72,15.77,0.072,3,4,-68.39,95.06,0.8559,13,-88.91,181.73,0.00009,8,76.01,18.46,0.144,3,4,-46.78,118.38,0.88788,13,-57.49,176.87,0.00012,8,44.32,21.03,0.112,3,4,-28.95,132.45,0.92793,13,-35.85,169.96,0.00007,8,22.24,26.35,0.072,3,4,-12.48,133.82,0.91195,13,-25.5,157.08,0.00005,8,10.98,38.45,0.088,3,4,-4.94,146.17,0.87995,13,-11.04,157.74,0.00005,8,-3.39,36.75,0.12,3,4,-8.71,157.49,0.88795,13,-3.77,167.2,0.00005,8,-9.95,26.78,0.112,3,5,72.79,-171.03,0.00444,4,-16.12,183.53,0.99552,13,13.66,187.93,0.00004,1,4,6.38,218.2,1,3,5,81.12,-148.09,0.00599,4,-40.51,182.63,0.99399,13,-0.73,207.63,0.00001,2,4,-23.42,166.35,0.99996,13,-4.66,184.35,0.00004,3,5,86.87,-158.84,0.00187,4,-32.7,192,0.99812,13,11.4,206.41,0.00002,3,5,93.52,-142.46,0.0003,4,-50.39,192.01,0.99554,7,-55.74,-65.15,0.00416,3,5,95.55,-144.45,0.0003,4,-49.3,194.64,0.99554,7,-56.51,-62.41,0.00416,1,4,26.58,130.9,1,1,4,45.28,119.25,1,1,4,59.1,106.24,1,5,5,-47.07,-211.22,0.00002,4,66.15,87.54,0.92327,7,100.48,-74.77,0.05214,13,-19.85,66.02,0.01581,8,-1.24,128.86,0.00877,1,4,27.94,140.65,1,1,4,44.2,155.29,1],"hull":57,"edges":[0,112,0,2,2,4,4,6,6,8,8,10,10,12,12,14,14,16,16,18,18,20,20,22,22,24,24,26,26,28,28,30,30,32,32,34,34,36,36,38,38,40,40,42,42,44,44,46,46,48,48,50,50,52,52,54,54,56,56,58,58,60,60,62,62,64,64,66,66,68,68,70,70,72,72,74,74,76,76,78,78,80,80,82,82,84,84,86,86,88,88,90,90,92,92,94,94,96,96,98,98,100,100,102,102,104,104,106,106,108,108,110,110,112],"width":547,"height":360}},"sg/sg":{"sg/sg_00000":{"x":0.5,"width":261,"height":96},"sg/sg_00002":{"x":0.5,"width":261,"height":96},"sg/sg_00004":{"x":0.5,"width":261,"height":96},"sg/sg_00006":{"x":0.5,"width":261,"height":96},"sg/sg_00008":{"x":0.5,"width":261,"height":96},"sg/sg_00010":{"x":0.5,"width":261,"height":96},"sg/sg_00012":{"x":0.5,"width":261,"height":96},"sg/sg_00014":{"x":0.5,"width":261,"height":96},"sg/sg_00016":{"x":0.5,"width":261,"height":96},"sg/sg_00018":{"x":0.5,"width":261,"height":96},"sg/sg_00020":{"x":0.5,"width":261,"height":96},"sg/sg_00022":{"x":0.5,"width":261,"height":96},"sg/sg_00024":{"x":0.5,"width":261,"height":96}},"ye_1":{"ye_1":{"x":25.04,"y":-39.48,"width":64,"height":84}},"ye_2":{"ye_1":{"x":25.04,"y":-39.48,"width":64,"height":84}},"ye_3":{"ye_1":{"x":25.04,"y":-39.48,"width":64,"height":84}},"ye_4":{"ye_1":{"x":25.04,"y":-39.48,"width":64,"height":84}},"ye_5":{"ye_1":{"x":25.04,"y":-39.48,"width":64,"height":84}},"ye_6":{"ye_1":{"x":25.04,"y":-39.48,"width":64,"height":84}},"ye_7":{"ye_1":{"x":25.04,"y":-39.48,"width":64,"height":84}},"ye_8":{"ye_1":{"x":25.04,"y":-39.48,"width":64,"height":84}},"ye_9":{"ye_1":{"x":25.04,"y":-39.48,"width":64,"height":84}},"zi":{"zi":{"y":0.5,"width":476,"height":137}},"zi2":{"zi":{"y":0.5,"width":476,"height":137}},"zt_1":{"zt_1":{"x":-49.35,"y":52.12,"width":103,"height":130}},"zt_2":{"zt_3":{"x":27.69,"y":39.65,"width":64,"height":92}}}},"animations":{"animation":{"slots":{"base":{"color":[{"time":0,"color":"ffffff7d"},{"time":0.1333,"color":"ffffffff"}],"attachment":[{"time":0,"name":"base"}]},"gz":{"color":[{"time":0,"color":"ffffff26"},{"time":0.2667,"color":"ffffffff"}],"attachment":[{"time":0,"name":"gz"}]},"hua_1":{"color":[{"time":0.3667,"color":"ffffff6f"},{"time":0.5,"color":"ffffffff"}],"attachment":[{"time":0.3667,"name":"hua_1"}]},"hua_2":{"color":[{"time":0.4667,"color":"ffffff78"},{"time":0.6,"color":"ffffffff"}],"attachment":[{"time":0.4667,"name":"hua_2"}]},"hua_3":{"color":[{"time":0.2667,"color":"ffffff80"},{"time":0.4,"color":"ffffffff"}],"attachment":[{"time":0.2667,"name":"hua_3"}]},"huangguan":{"attachment":[{"time":0.2667,"name":"huangguan"}]},"point":{"attachment":[{"time":0.8,"name":"point"}]},"point2":{"attachment":[{"time":1.0333,"name":"point"}]},"point3":{"attachment":[{"time":0.8,"name":"point"}]},"point4":{"attachment":[{"time":1,"name":"point"}]},"point5":{"attachment":[{"time":0.8,"name":"point"}]},"point6":{"attachment":[{"time":1.3333,"name":"point"}]},"point7":{"attachment":[{"time":1.1667,"name":"point"}]},"point8":{"attachment":[{"time":1.6667,"name":"point"}]},"point9":{"attachment":[{"time":1.6667,"name":"point"}]},"point10":{"attachment":[{"time":1.1667,"name":"point"}]},"point11":{"attachment":[{"time":1.1667,"name":"point"}]},"point12":{"attachment":[{"time":1.3333,"name":"point"}]},"point13":{"attachment":[{"time":0.7667,"name":"point"}]},"point14":{"attachment":[{"time":1.2667,"name":"point"}]},"point15":{"attachment":[{"time":1.5,"name":"point"}]},"point16":{"attachment":[{"time":1,"name":"point2"}]},"point17":{"attachment":[{"time":0.5333,"name":"point2"}]},"ren":{"color":[{"time":0,"color":"ffffff24"},{"time":0.2667,"color":"ffffffff"}],"attachment":[{"time":0,"name":"ren"}]},"sg/sg":{"attachment":[{"time":0.2667,"name":"sg/sg_00000"},{"time":0.3667,"name":"sg/sg_00002"},{"time":0.4667,"name":"sg/sg_00004"},{"time":0.5667,"name":"sg/sg_00006"},{"time":0.6667,"name":"sg/sg_00008"},{"time":0.7667,"name":"sg/sg_00010"},{"time":0.8667,"name":"sg/sg_00012"},{"time":0.9667,"name":"sg/sg_00014"},{"time":1.0667,"name":"sg/sg_00016"},{"time":1.1667,"name":"sg/sg_00018"},{"time":1.2667,"name":"sg/sg_00020"},{"time":1.3667,"name":"sg/sg_00022"},{"time":1.4667,"name":"sg/sg_00024"},{"time":1.5667,"name":null}]},"ye_1":{"color":[{"time":0.5,"color":"ffffff74"},{"time":0.6333,"color":"ffffffff"}],"attachment":[{"time":0.5,"name":"ye_1"}]},"ye_2":{"color":[{"time":0.6667,"color":"ffffff7d"},{"time":0.8,"color":"ffffffff"}],"attachment":[{"time":0.6667,"name":"ye_1"}]},"ye_3":{"color":[{"time":0.8333,"color":"ffffff75"},{"time":0.9667,"color":"ffffffff"}],"attachment":[{"time":0.8333,"name":"ye_1"}]},"ye_4":{"color":[{"time":0.6667,"color":"ffffff79"},{"time":0.8,"color":"ffffffff"}],"attachment":[{"time":0.6667,"name":"ye_1"}]},"ye_5":{"color":[{"time":0.5667,"color":"ffffff86"},{"time":0.7,"color":"ffffffff"}],"attachment":[{"time":0.5667,"name":"ye_1"}]},"ye_6":{"color":[{"time":0.4333,"color":"ffffff78"},{"time":0.5667,"color":"ffffffff"}],"attachment":[{"time":0.4333,"name":"ye_1"}]},"ye_7":{"color":[{"time":0.3,"color":"ffffff7d"},{"time":0.4333,"color":"ffffffff"}],"attachment":[{"time":0.3,"name":"ye_1"}]},"ye_8":{"color":[{"time":0.6333,"color":"ffffff79"},{"time":0.7667,"color":"ffffffff"}],"attachment":[{"time":0.6333,"name":"ye_1"}]},"ye_9":{"color":[{"time":0.5,"color":"ffffff7a"},{"time":0.6333,"color":"ffffffff"}],"attachment":[{"time":0.5,"name":"ye_1"}]},"zi":{"color":[{"time":0.0667,"color":"ffffff36"},{"time":0.2,"color":"ffffffe4"},{"time":0.2667,"color":"ffffffff"}],"attachment":[{"time":0.0667,"name":"zi"}]},"zi2":{"color":[{"time":0.3667,"color":"ffffffff"},{"time":0.8,"color":"ffffff00"}],"attachment":[{"time":0.2667,"name":"zi"}]},"zt_1":{"color":[{"time":0.3333,"color":"ffffff00"},{"time":0.8333,"color":"ffffffff"}],"attachment":[{"time":0.3333,"name":"zt_1"}]},"zt_2":{"color":[{"time":0.6667,"color":"ffffff00","curve":[0,0.18,0.75,1]},{"time":1,"color":"ffffffff"}],"attachment":[{"time":0.6667,"name":"zt_3"}]}},"bones":{"gz":{"rotate":[{"time":0.2667,"angle":0,"curve":[0.25,0,0.75,1]},{"time":0.9333,"angle":-11.74,"curve":[0.25,0,0.75,1]},{"time":1.6,"angle":0,"curve":[0.25,0,0.75,1]},{"time":2.2667,"angle":-11.74,"curve":[0.25,0,0.75,1]},{"time":2.9333,"angle":0}]},"hua_1":{"scale":[{"time":0.3667,"x":0.498,"y":0.498,"curve":[0,0.38,0.75,1]},{"time":0.5,"x":1.092,"y":1.092,"curve":[0.25,0,1,0.82]},{"time":0.6333,"x":0.915,"y":0.915},{"time":0.7667,"x":1,"y":1}]},"hua_2":{"scale":[{"time":0.4667,"x":0.432,"y":0.432,"curve":[0,0.39,0.75,1]},{"time":0.6,"x":1.155,"y":1.155,"curve":[0.25,0,1,0.82]},{"time":0.7333,"x":0.986,"y":0.986},{"time":0.8667,"x":1,"y":1}]},"hua_3":{"scale":[{"time":0.2667,"x":0.609,"y":0.609,"curve":[0,0.39,0.75,1]},{"time":0.4,"x":1.134,"y":1.134,"curve":[0.25,0,1,0.81]},{"time":0.5333,"x":0.908,"y":0.908},{"time":0.6667,"x":1,"y":1}]},"huangguan":{"rotate":[{"time":0.2667,"angle":180},{"time":0.5667,"angle":0}],"translate":[{"time":0.2667,"x":0,"y":-19.02,"curve":[0,0.39,0.75,1]},{"time":0.4333,"x":0,"y":50,"curve":[0.25,0,1,0.62]},{"time":0.5667,"x":0,"y":0,"curve":[0,0.29,0.75,1]},{"time":0.6333,"x":0,"y":5,"curve":[0.25,0,1,0.73]},{"time":0.7,"x":0,"y":0}]},"point":{"rotate":[{"time":0.8,"angle":0},{"time":1.8,"angle":-50}],"translate":[{"time":0.8,"x":68.42,"y":94.05}],"scale":[{"time":0.8,"x":0,"y":0,"curve":[0,0.2,0.75,1]},{"time":1.3,"x":0.741,"y":0.741,"curve":[0.25,0,1,0.8]},{"time":1.8,"x":0,"y":0}]},"point2":{"translate":[{"time":1.0333,"x":255.79,"y":-86.29,"curve":[0,0.2,0.75,1]},{"time":2.0333,"x":35.53,"y":-86.29}],"scale":[{"time":1.0333,"x":0,"y":0,"curve":[0,0.2,0.75,1]},{"time":1.5333,"x":6.307,"y":0.97,"curve":[0.25,0,1,0.8]},{"time":2.0333,"x":0,"y":0}]},"point3":{"translate":[{"time":0.8,"x":-190.51,"y":28.6,"curve":[0,0.19,0.75,1]},{"time":1.9333,"x":42.31,"y":27.44}],"scale":[{"time":0.8,"x":0,"y":0,"curve":[0,0.2,0.75,1]},{"time":1.3667,"x":5.994,"y":1.147,"curve":[0.25,0,1,0.8]},{"time":1.9333,"x":0,"y":0}]},"point4":{"rotate":[{"time":1,"angle":0},{"time":2.1333,"angle":-50}],"translate":[{"time":1,"x":-134.28,"y":123.99,"curve":[0,0.2,0.75,1]},{"time":2.1333,"x":-107.31,"y":100.5}],"scale":[{"time":1,"x":0,"y":0,"curve":[0,0.2,0.75,1]},{"time":1.5667,"x":1.157,"y":1.157,"curve":[0.25,0,1,0.8]},{"time":2.1333,"x":0,"y":0}]},"point5":{"rotate":[{"time":0.8,"angle":0},{"time":1.8,"angle":-50}],"translate":[{"time":0.8,"x":-209.06,"y":44.99,"curve":[0,0.2,0.75,1]},{"time":1.8,"x":-224.12,"y":64.7}],"scale":[{"time":0.8,"x":0,"y":0,"curve":[0,0.2,0.75,1]},{"time":1.3,"x":0.898,"y":0.898,"curve":[0.25,0,1,0.8]},{"time":1.8,"x":0,"y":0}]},"point6":{"rotate":[{"time":1.3333,"angle":0},{"time":2.3333,"angle":-50}],"translate":[{"time":1.3333,"x":-245.27,"y":81.19,"curve":[0,0.2,0.75,1]},{"time":2.3333,"x":-262.85,"y":57.97}],"scale":[{"time":1.3333,"x":0,"y":0,"curve":[0,0.2,0.75,1]},{"time":1.8333,"x":0.409,"y":0.409,"curve":[0.25,0,1,0.8]},{"time":2.3333,"x":0,"y":0}]},"point7":{"rotate":[{"time":1.1667,"angle":0},{"time":2.1667,"angle":-50}],"translate":[{"time":1.1667,"x":-143.39,"y":-18.16,"curve":[0,0.2,0.75,1]},{"time":2.1667,"x":-115.5,"y":-13.6}],"scale":[{"time":1.1667,"x":0,"y":0,"curve":[0,0.2,0.75,1]},{"time":1.6667,"x":0.898,"y":0.898,"curve":[0.25,0,1,0.8]},{"time":2.1667,"x":0,"y":0}]},"point8":{"rotate":[{"time":1.6667,"angle":0},{"time":2.7333,"angle":-50}],"translate":[{"time":1.6667,"x":-276.21,"y":-13.39,"curve":[0,0.2,0.75,1]},{"time":2.7333,"x":-303.81,"y":-49.19}],"scale":[{"time":1.6667,"x":0,"y":0,"curve":[0,0.2,0.75,1]},{"time":2.2,"x":1.382,"y":1.382,"curve":[0.25,0,1,0.8]},{"time":2.7333,"x":0,"y":0}]},"point9":{"rotate":[{"time":1.6667,"angle":0},{"time":2.6667,"angle":-50}],"translate":[{"time":1.6667,"x":142.99,"y":52.31}],"scale":[{"time":1.6667,"x":0,"y":0,"curve":[0,0.2,0.75,1]},{"time":2.1667,"x":0.827,"y":0.827,"curve":[0.25,0,1,0.8]},{"time":2.6667,"x":0,"y":0}]},"point10":{"rotate":[{"time":1.1667,"angle":0},{"time":2.3,"angle":-50}],"translate":[{"time":1.1667,"x":239.67,"y":77.67,"curve":[0,0.2,0.75,1]},{"time":2.3,"x":243.39,"y":102.69}],"scale":[{"time":1.1667,"x":0,"y":0,"curve":[0,0.2,0.75,1]},{"time":1.7333,"x":1.189,"y":1.189,"curve":[0.25,0,1,0.8]},{"time":2.3,"x":0,"y":0}]},"point11":{"rotate":[{"time":1.1667,"angle":0},{"time":2.1667,"angle":-50}],"translate":[{"time":1.1667,"x":210.95,"y":-56.98,"curve":[0,0.2,0.75,1]},{"time":2.1667,"x":212.04,"y":-68.28}],"scale":[{"time":1.1667,"x":0,"y":0,"curve":[0,0.2,0.75,1]},{"time":1.6667,"x":0.66,"y":0.66,"curve":[0.25,0,1,0.8]},{"time":2.1667,"x":0,"y":0}]},"point12":{"rotate":[{"time":1.3333,"angle":0},{"time":2.3333,"angle":-50}],"translate":[{"time":1.3333,"x":290.19,"y":44.83,"curve":[0,0.2,0.75,1]},{"time":2.3333,"x":304.86,"y":36.17}],"scale":[{"time":1.3333,"x":0,"y":0,"curve":[0,0.2,0.75,1]},{"time":1.8333,"x":0.54,"y":0.54,"curve":[0.25,0,1,0.8]},{"time":2.3333,"x":0,"y":0}]},"point13":{"rotate":[{"time":0.7667,"angle":0},{"time":1.7667,"angle":-50}],"translate":[{"time":0.7667,"x":320.5,"y":-48.63,"curve":[0,0.2,0.75,1]},{"time":1.7667,"x":326.75,"y":-25.29}],"scale":[{"time":0.7667,"x":0,"y":0,"curve":[0,0.2,0.75,1]},{"time":1.2667,"x":0.898,"y":0.898,"curve":[0.25,0,1,0.8]},{"time":1.7667,"x":0,"y":0}]},"point14":{"rotate":[{"time":1.2667,"angle":0},{"time":2.2667,"angle":30}],"translate":[{"time":1.2667,"x":-89.34,"y":-112.48}],"scale":[{"time":1.2667,"x":0,"y":0,"curve":[0,0.2,0.75,1]},{"time":1.7667,"x":1.696,"y":1.696,"curve":[0.25,0,1,0.8]},{"time":2.2667,"x":0,"y":0}]},"point15":{"rotate":[{"time":1.5,"angle":0},{"time":2.5,"angle":-50}],"translate":[{"time":1.5,"x":296.94,"y":-108.03,"curve":[0,0.2,0.75,1]},{"time":2.5,"x":313.38,"y":-122.71}],"scale":[{"time":1.5,"x":0,"y":0,"curve":[0,0.2,0.75,1]},{"time":2,"x":0.898,"y":0.898,"curve":[0.25,0,1,0.8]},{"time":2.5,"x":0,"y":0}]},"point16":{"translate":[{"time":1,"x":7.16,"y":130.96}],"scale":[{"time":1,"x":0,"y":0,"curve":[0,0.2,0.75,1]},{"time":1.6667,"x":0.551,"y":0.551,"curve":[0.25,0,1,0.8]},{"time":2.3333,"x":0,"y":0}]},"point17":{"rotate":[{"time":0.5333,"angle":0},{"time":2.9333,"angle":-25.39}],"translate":[{"time":0.5333,"x":186.23,"y":63.68}],"scale":[{"time":0.5333,"x":0,"y":0,"curve":[0,0.2,0.75,1]},{"time":1.0667,"x":0.832,"y":0.832,"curve":[0.25,0,1,0.8]},{"time":1.6,"x":0,"y":0,"curve":[0,0.2,0.75,1]},{"time":2.2667,"x":1.505,"y":1.505,"curve":[0.25,0,1,0.8]},{"time":2.9333,"x":0,"y":0}]},"ren":{"scale":[{"time":0,"x":0.737,"y":0.737,"curve":[0,0.2,0.75,1]},{"time":0.2667,"x":1,"y":1,"curve":[0.417,0.01,0.571,1]},{"time":0.9333,"x":0.98,"y":0.98,"curve":[0.417,0.01,0.571,1]},{"time":1.6,"x":1,"y":1,"curve":[0.417,0.01,0.571,1]},{"time":2.2667,"x":0.98,"y":0.98,"curve":[0.417,0.01,0.571,1]},{"time":2.9333,"x":1,"y":1}]},"sg":{"translate":[{"time":0,"x":-31.99,"y":-19.9}]},"ye_1":{"scale":[{"time":0.5,"x":0.597,"y":0.597,"curve":[0,0.22,0.75,1]},{"time":0.6333,"x":1.132,"y":1.132,"curve":[0.25,0,1,0.81]},{"time":0.7667,"x":0.941,"y":0.941},{"time":0.9,"x":1,"y":1}]},"ye_2":{"scale":[{"time":0.6667,"x":0.762,"y":0.762,"curve":[0,0.22,0.75,1]},{"time":0.8,"x":1.188,"y":1.188,"curve":[0.25,0,1,0.81]},{"time":0.9333,"x":0.921,"y":0.921},{"time":1.0667,"x":1,"y":1}]},"ye_3":{"scale":[{"time":0.8333,"x":0.654,"y":0.654,"curve":[0,0.22,0.75,1]},{"time":0.9667,"x":1.099,"y":1.099,"curve":[0.25,0,1,0.81]},{"time":1.1,"x":0.917,"y":0.917},{"time":1.2333,"x":1,"y":1}]},"ye_4":{"scale":[{"time":0.6667,"x":0.654,"y":0.654,"curve":[0,0.22,0.75,1]},{"time":0.8,"x":1.099,"y":1.099,"curve":[0.25,0,1,0.81]},{"time":0.9333,"x":0.917,"y":0.917},{"time":1.0667,"x":1,"y":1}]},"ye_5":{"scale":[{"time":0.5667,"x":0.654,"y":0.654,"curve":[0,0.22,0.75,1]},{"time":0.7,"x":1.099,"y":1.099,"curve":[0.25,0,1,0.81]},{"time":0.8333,"x":0.917,"y":0.917},{"time":0.9667,"x":1,"y":1}]},"ye_6":{"scale":[{"time":0.4333,"x":0.654,"y":0.654,"curve":[0,0.22,0.75,1]},{"time":0.5667,"x":1.099,"y":1.099,"curve":[0.25,0,1,0.81]},{"time":0.7,"x":0.917,"y":0.917},{"time":0.8333,"x":1,"y":1}]},"ye_7":{"scale":[{"time":0.3,"x":0.654,"y":0.654,"curve":[0,0.22,0.75,1]},{"time":0.4333,"x":1.099,"y":1.099,"curve":[0.25,0,1,0.81]},{"time":0.5667,"x":0.917,"y":0.917},{"time":0.7,"x":1,"y":1}]},"ye_8":{"scale":[{"time":0.6333,"x":0.654,"y":0.654,"curve":[0,0.22,0.75,1]},{"time":0.7667,"x":1.099,"y":1.099,"curve":[0.25,0,1,0.81]},{"time":0.9,"x":0.917,"y":0.917},{"time":1.0333,"x":1,"y":1}]},"ye_9":{"scale":[{"time":0.5,"x":0.654,"y":0.654,"curve":[0,0.22,0.75,1]},{"time":0.6333,"x":1.099,"y":1.099,"curve":[0.25,0,1,0.81]},{"time":0.7667,"x":0.917,"y":0.917},{"time":0.9,"x":1,"y":1}]},"zi":{"scale":[{"time":0.0667,"x":3.429,"y":3.429},{"time":0.2,"x":3.157,"y":3.157},{"time":0.2667,"x":0.96,"y":0.96,"curve":[0,0.21,0.75,1]},{"time":0.3667,"x":1.144,"y":1.144,"curve":[0.25,0,1,0.83]},{"time":0.4667,"x":1,"y":1}]},"zi2":{"scale":[{"time":0.2667,"x":0.96,"y":0.96},{"time":0.3667,"x":1.399,"y":1.399,"curve":[0.25,0,1,0.83]},{"time":0.8,"x":1.537,"y":1.537}]},"zt_1":{"scale":[{"time":0.3333,"x":0.741,"y":0.741},{"time":1,"x":1,"y":1}]},"zt_2":{"scale":[{"time":0.6667,"x":0.563,"y":0.563,"curve":[0,0.18,0.75,1]},{"time":1.3333,"x":1,"y":1}]},"Zi":{"scale":[{"time":0,"x":0.72,"y":0.72,"curve":[0,0.19,0.75,1]},{"time":0.2667,"x":1,"y":1}]},"hair":{"rotate":[{"time":0.2667,"angle":0,"curve":[0.25,0,0.75,1]},{"time":0.9333,"angle":2.56,"curve":[0.25,0,0.75,1]},{"time":1.6,"angle":0,"curve":[0.25,0,0.75,1]},{"time":2.2667,"angle":2.56,"curve":[0.25,0,0.75,1]},{"time":2.9333,"angle":0}]},"hair2":{"rotate":[{"time":0.2667,"angle":0,"curve":[0.25,0,0.75,1]},{"time":0.9333,"angle":-2.4,"curve":[0.25,0,0.75,1]},{"time":1.6333,"angle":0,"curve":[0.25,0,0.75,1]},{"time":2.3,"angle":-2.4,"curve":[0.25,0,0.75,1]},{"time":3,"angle":0}]},"pain":{"rotate":[{"time":0.2667,"angle":0,"curve":[0.25,0,0.75,1]},{"time":0.9333,"angle":2.4,"curve":[0.25,0,0.75,1]},{"time":1.6,"angle":0,"curve":[0.25,0,0.75,1]},{"time":2.2667,"angle":2.4,"curve":[0.25,0,0.75,1]},{"time":2.9333,"angle":0}]},"book":{"rotate":[{"time":0,"angle":-3.15,"curve":"stepped"},{"time":0.2667,"angle":-3.15,"curve":[0.317,0.45,0.618,1]},{"time":0.5333,"angle":0,"curve":[0.41,0,0.603,1]},{"time":1.2,"angle":-4.8,"curve":[0.372,0,0.691,0.46]},{"time":1.8667,"angle":0,"curve":[0.378,0,0.622,1]},{"time":2.5333,"angle":-4.8,"curve":[0.384,0.01,0.745,0.62]},{"time":3,"angle":-1.16}]}}}}},"_atlasText":"\nsp_effect_sehz.png\nsize: 991,989\nformat: RGBA8888\nfilter: Linear,Linear\nrepeat: none\nbase\n  rotate: false\n  xy: 2, 406\n  size: 534, 219\n  orig: 534, 219\n  offset: 0, 0\n  index: -1\ngz\n  rotate: true\n  xy: 96, 12\n  size: 57, 84\n  orig: 57, 84\n  offset: 0, 0\n  index: -1\nhua_1\n  rotate: false\n  xy: 551, 627\n  size: 169, 172\n  orig: 169, 172\n  offset: 0, 0\n  index: -1\nhua_2\n  rotate: false\n  xy: 845, 850\n  size: 144, 137\n  orig: 144, 137\n  offset: 0, 0\n  index: -1\nhua_3\n  rotate: false\n  xy: 551, 801\n  size: 194, 186\n  orig: 194, 186\n  offset: 0, 0\n  index: -1\nhuangguan\n  rotate: false\n  xy: 845, 740\n  size: 134, 108\n  orig: 134, 108\n  offset: 0, 0\n  index: -1\npoint\n  rotate: false\n  xy: 822, 229\n  size: 100, 100\n  orig: 100, 100\n  offset: 0, 0\n  index: -1\npoint2\n  rotate: false\n  xy: 822, 127\n  size: 100, 100\n  orig: 100, 100\n  offset: 0, 0\n  index: -1\nren\n  rotate: false\n  xy: 2, 627\n  size: 547, 360\n  orig: 547, 360\n  offset: 0, 0\n  index: -1\nsg/sg_00000\n  rotate: false\n  xy: 2, 169\n  size: 261, 96\n  orig: 261, 96\n  offset: 0, 0\n  index: -1\nsg/sg_00002\n  rotate: false\n  xy: 2, 71\n  size: 261, 96\n  orig: 261, 96\n  offset: 0, 0\n  index: -1\nsg/sg_00004\n  rotate: true\n  xy: 538, 364\n  size: 261, 96\n  orig: 261, 96\n  offset: 0, 0\n  index: -1\nsg/sg_00006\n  rotate: true\n  xy: 636, 364\n  size: 261, 96\n  orig: 261, 96\n  offset: 0, 0\n  index: -1\nsg/sg_00008\n  rotate: false\n  xy: 265, 169\n  size: 261, 96\n  orig: 261, 96\n  offset: 0, 0\n  index: -1\nsg/sg_00010\n  rotate: false\n  xy: 265, 71\n  size: 261, 96\n  orig: 261, 96\n  offset: 0, 0\n  index: -1\nsg/sg_00012\n  rotate: true\n  xy: 747, 726\n  size: 261, 96\n  orig: 261, 96\n  offset: 0, 0\n  index: -1\nsg/sg_00014\n  rotate: true\n  xy: 528, 101\n  size: 261, 96\n  orig: 261, 96\n  offset: 0, 0\n  index: -1\nsg/sg_00016\n  rotate: true\n  xy: 626, 101\n  size: 261, 96\n  orig: 261, 96\n  offset: 0, 0\n  index: -1\nsg/sg_00018\n  rotate: true\n  xy: 724, 101\n  size: 261, 96\n  orig: 261, 96\n  offset: 0, 0\n  index: -1\nsg/sg_00020\n  rotate: false\n  xy: 528, 3\n  size: 261, 96\n  orig: 261, 96\n  offset: 0, 0\n  index: -1\nsg/sg_00022\n  rotate: true\n  xy: 734, 463\n  size: 261, 96\n  orig: 261, 96\n  offset: 0, 0\n  index: -1\nsg/sg_00024\n  rotate: true\n  xy: 832, 463\n  size: 261, 96\n  orig: 261, 96\n  offset: 0, 0\n  index: -1\nye_1\n  rotate: false\n  xy: 734, 377\n  size: 64, 84\n  orig: 64, 84\n  offset: 0, 0\n  index: -1\nzi\n  rotate: false\n  xy: 2, 267\n  size: 476, 137\n  orig: 476, 137\n  offset: 0, 0\n  index: -1\nzt_1\n  rotate: false\n  xy: 822, 331\n  size: 103, 130\n  orig: 103, 130\n  offset: 0, 0\n  index: -1\nzt_3\n  rotate: true\n  xy: 2, 5\n  size: 64, 92\n  orig: 64, 92\n  offset: 0, 0\n  index: -1\n","textures":[{"__uuid__":"84XzVaw25EbLn+ernSUl1u"}],"textureNames":["sp_effect_sehz.png"]}