[{"__type__":"cc.SpriteFrame","content":{"name":"03","texture":"typdkee9-3ee1-4659-91d5-d66c60838830","rect":[58,0,262,152],"offset":[10.5,0],"originalSize":[357,152],"capInsets":[0,0,0,0]}},{"__type__":"cc.SpriteFrame","content":{"name":"05","texture":"typdk485-0bab-418d-8a46-ba423c15f928","rect":[44,0,256,152],"offset":[-6.5,0],"originalSize":[357,152],"capInsets":[0,0,0,0]}},{"__type__":"cc.SpriteFrame","content":{"name":"04","texture":"typdk571-056e-4d50-a273-629b63fd7332","rect":[64,0,256,152],"offset":[13.5,0],"originalSize":[357,152],"capInsets":[0,0,0,0]}},{"__type__":"cc.SpriteFrame","content":{"name":"02","texture":"typdkca4-33bc-4735-9f26-bb7419a214b6","rect":[44,0,256,152],"offset":[-6.5,0],"originalSize":[357,152],"capInsets":[0,0,0,0]}},{"__type__":"cc.SpriteFrame","content":{"name":"07","texture":"typdk9ea-47c7-44fb-a5aa-3b2ae86d5e21","rect":[4,1,290,150],"offset":[-29.5,0],"originalSize":[357,152],"capInsets":[0,0,0,0]}},{"__type__":"cc.SpriteFrame","content":{"name":"01","texture":"typdk0b1-0630-4204-9c45-66ceec3ad7a7","rect":[24,0,256,152],"offset":[-26.5,0],"originalSize":[357,152],"capInsets":[0,0,0,0]}},{"__type__":"cc.AnimationClip","_name":"card_type4","_duration":0.15,"speed":0.33,"curveData":{"comps":{"cc.Sprite":{"spriteFrame":[{"frame":0,"value":{"__uuid__":"typdk694-e4d5-4cc0-82f7-5455387000d0"}},{"frame":0.016666666666666666,"value":{"__uuid__":"typdk414-6937-4a65-b0a1-444898cfa46b"}},{"frame":0.03333333333333333,"value":{"__uuid__":"typdk158-c219-4e9e-be8e-da145370d6d0"}},{"frame":0.05,"value":{"__uuid__":"typdk34f-791e-4464-b90e-82b082b1d615"}},{"frame":0.06666666666666667,"value":{"__uuid__":"typdk2a9-4ef0-46ea-9acb-9f169413ef16"}},{"frame":0.08333333333333333,"value":{"__uuid__":"typdkbc1-6522-46ce-b7ae-f91a1eb858fb"}},{"frame":0.1,"value":{"__uuid__":"typdk596-3f91-48ef-ac3b-fecc5021b7ec"}},{"frame":0.11666666666666667,"value":{"__uuid__":"typdkdb6-ccb8-417c-979e-fe44c93b6652"}},{"frame":0.13333333333333333,"value":null}]}}}},{"__type__":"cc.SpriteFrame","content":{"name":"06","texture":"typdkb1d-03a1-4bd5-b625-88ce47983574","rect":[34,0,256,152],"offset":[-16.5,0],"originalSize":[357,152],"capInsets":[0,0,0,0]}},{"__type__":"cc.SpriteFrame","content":{"name":"08","texture":"typdkd6b-8366-467f-b3fa-03ea9d95d677","rect":[0,3,314,145],"offset":[-21.5,0.5],"originalSize":[357,152],"capInsets":[0,0,0,0]}}]