[{"__type__":"cc.SpriteFrame","content":{"name":"07","texture":"typdka6d-e7f1-4a77-b6b5-cde7cdd8cc25","rect":[4,1,293,150],"offset":[-28,0],"originalSize":[357,152],"capInsets":[0,0,0,0]}},{"__type__":"cc.AnimationClip","_name":"card_type14","_duration":0.15,"speed":0.33,"curveData":{"comps":{"cc.Sprite":{"spriteFrame":[{"frame":0,"value":{"__uuid__":"typdkb48-fe11-4412-9e84-fe90e449f173"}},{"frame":0.016666666666666666,"value":{"__uuid__":"typdkf58-6406-4c45-a509-253231bbc9c3"}},{"frame":0.03333333333333333,"value":{"__uuid__":"typdka39-e179-4760-b9d5-94c5b39720bc"}},{"frame":0.05,"value":{"__uuid__":"typdkc8c-2204-4e6e-b8db-c1464a457fbe"}},{"frame":0.06666666666666667,"value":{"__uuid__":"typdkd5f-5e12-4aa2-8d2c-a9a4290486f0"}},{"frame":0.08333333333333333,"value":{"__uuid__":"typdk7b5-907e-473f-a521-b4d1acdce9ac"}},{"frame":0.1,"value":{"__uuid__":"typdk131-c5e7-4b35-b288-8d2c4a56cd07"}},{"frame":0.11666666666666667,"value":{"__uuid__":"typdk794-33a3-4403-8ec5-cae6176cf895"}},{"frame":0.13333333333333333,"value":null}]}}}},{"__type__":"cc.SpriteFrame","content":{"name":"08","texture":"typdk984-90d0-4412-9982-8c9459dbaa95","rect":[0,3,317,145],"offset":[-20,0.5],"originalSize":[357,152],"capInsets":[0,0,0,0]}},{"__type__":"cc.SpriteFrame","content":{"name":"06","texture":"typdkc49-10e6-4270-9996-48c24fc86739","rect":[34,0,256,152],"offset":[-16.5,0],"originalSize":[357,152],"capInsets":[0,0,0,0]}},{"__type__":"cc.SpriteFrame","content":{"name":"03","texture":"typdk22d-0acc-4e7a-b786-6e32366d8a32","rect":[58,0,262,152],"offset":[10.5,0],"originalSize":[357,152],"capInsets":[0,0,0,0]}},{"__type__":"cc.SpriteFrame","content":{"name":"01","texture":"typdk0df-6682-4254-935e-404a1be2d8d3","rect":[24,0,256,152],"offset":[-26.5,0],"originalSize":[357,152],"capInsets":[0,0,0,0]}},{"__type__":"cc.SpriteFrame","content":{"name":"04","texture":"typdk23e-21f7-4976-b4ef-f3edadea1bfc","rect":[64,0,256,152],"offset":[13.5,0],"originalSize":[357,152],"capInsets":[0,0,0,0]}},{"__type__":"cc.SpriteFrame","content":{"name":"05","texture":"typdk4ee-8262-4cd5-9873-5c3cbc91515d","rect":[44,0,256,152],"offset":[-6.5,0],"originalSize":[357,152],"capInsets":[0,0,0,0]}},{"__type__":"cc.SpriteFrame","content":{"name":"02","texture":"typdk9be-745c-4972-8cce-50a660c3c7bc","rect":[44,0,256,152],"offset":[-6.5,0],"originalSize":[357,152],"capInsets":[0,0,0,0]}}]