[{"__type__":"cc.SpriteFrame","content":{"name":"06","texture":"typdk893-4980-423d-abd8-1b2b3935d000","rect":[34,0,264,152],"offset":[-12.5,0],"originalSize":[357,152],"capInsets":[0,0,0,0]}},{"__type__":"cc.SpriteFrame","content":{"name":"07","texture":"typdk4b2-b90a-4992-96f3-142407bd203a","rect":[4,1,314,150],"offset":[-17.5,0],"originalSize":[357,152],"capInsets":[0,0,0,0]}},{"__type__":"cc.SpriteFrame","content":{"name":"05","texture":"typdk430-d8d2-46bd-9e56-e6e152b2c29b","rect":[44,0,256,152],"offset":[-6.5,0],"originalSize":[357,152],"capInsets":[0,0,0,0]}},{"__type__":"cc.SpriteFrame","content":{"name":"08","texture":"typdk1bc-7ce1-482c-97a4-19cebba68bd8","rect":[0,3,338,145],"offset":[-9.5,0.5],"originalSize":[357,152],"capInsets":[0,0,0,0]}},{"__type__":"cc.SpriteFrame","content":{"name":"03","texture":"typdk505-12e4-40c9-9b27-f18542ebef8d","rect":[58,0,262,152],"offset":[10.5,0],"originalSize":[357,152],"capInsets":[0,0,0,0]}},{"__type__":"cc.AnimationClip","_name":"card_type6","_duration":0.15,"speed":0.33,"curveData":{"comps":{"cc.Sprite":{"spriteFrame":[{"frame":0,"value":{"__uuid__":"typdked3-90ea-411c-a1ef-868e03b54bbb"}},{"frame":0.016666666666666666,"value":{"__uuid__":"typdkf32-dbc5-4a96-a060-bf5cc19ae3e9"}},{"frame":0.03333333333333333,"value":{"__uuid__":"typdk727-e191-4c7b-b0ef-ed2d7f3b1be6"}},{"frame":0.05,"value":{"__uuid__":"typdkb6f-4ff5-4735-a8f4-e377d1e94232"}},{"frame":0.06666666666666667,"value":{"__uuid__":"typdk304-c0b6-4bec-8111-6f19b8ee9d3d"}},{"frame":0.08333333333333333,"value":{"__uuid__":"typdk037-abee-47c9-add9-6e11dc133dbe"}},{"frame":0.1,"value":{"__uuid__":"typdk27b-0aa1-43da-a369-708a889e0b2a"}},{"frame":0.11666666666666667,"value":{"__uuid__":"typdk64b-2eb0-4e5d-805d-bfa496d1d6b5"}},{"frame":0.13333333333333333,"value":null}]}}}},{"__type__":"cc.SpriteFrame","content":{"name":"04","texture":"typdk450-5ef2-4ecd-b353-760936a8646e","rect":[64,0,256,152],"offset":[13.5,0],"originalSize":[357,152],"capInsets":[0,0,0,0]}},{"__type__":"cc.SpriteFrame","content":{"name":"01","texture":"typdk922-0c04-4e87-ad1a-3aed51c93eb1","rect":[24,0,256,152],"offset":[-26.5,0],"originalSize":[357,152],"capInsets":[0,0,0,0]}},{"__type__":"cc.SpriteFrame","content":{"name":"02","texture":"typdk0de-96f6-4b45-a0cf-9ba075ce1545","rect":[44,0,256,152],"offset":[-6.5,0],"originalSize":[357,152],"capInsets":[0,0,0,0]}}]