[{"__type__":"cc.SpriteFrame","content":{"name":"bg_poker","texture":"ccJr2eKqFCha4xiP7V1hU2","rect":[0,0,134,185],"offset":[0,0],"originalSize":[134,185],"capInsets":[0,0,0,0]}},{"__type__":"cc.SpriteFrame","content":{"name":"btn_short_gre","texture":"d9o0CDUqlMTYXbnDOrVFIp","rect":[0,0,223,80],"offset":[0,0],"originalSize":[223,80],"capInsets":[0,0,0,0]}},{"__type__":"cc.SpriteFrame","content":{"name":"btn_up01","texture":"c1HDP8I55Kb4JXk7D5OI8e","rect":[0,0,31,43],"offset":[0,0],"originalSize":[31,43],"capInsets":[0,0,0,0]}},{"__type__":"cc.SpriteFrame","content":{"name":"img_hu","texture":"06UHuSJ21JS4UkQL4wzOIQ","rect":[0,0,39,41],"offset":[0,0],"originalSize":[39,41],"capInsets":[0,0,0,0]}},{"__type__":"cc.SpriteFrame","content":{"name":"bg_spade1_2","texture":"acxV/wVfRHi4XKm8aCNU6U","rect":[44,83,76,84],"offset":[15,-32.5],"originalSize":[134,185],"capInsets":[0,0,0,0]}},{"__type__":"cc.SpriteFrame","content":{"name":"img_text_input","texture":"88+/HUTYZJNIcxTTGvuYyT","rect":[0,0,50,53],"offset":[0,0],"originalSize":[50,53],"capInsets":[10,10,10,10]}},{"__type__":"cc.SpriteFrame","content":{"name":"bg_spade1_1","texture":"73sPXfpXVAYb9kbLAw0hxg","rect":[11,59,28,32],"offset":[-42,17.5],"originalSize":[134,185],"capInsets":[0,0,0,0]}},{"__type__":"cc.SpriteFrame","content":{"name":"img_zdown","texture":"f6w3j6F8lGArPsbAtWN43W","rect":[0,0,150,38],"offset":[0,0],"originalSize":[150,38],"capInsets":[20,0,20,0]}},[{"__type__":"cc.Prefab","_name":"UIRecordAllResult_xsdq","data":{"__id__":1}},{"__type__":"cc.Node","_name":"UIRecordAllResult_xsdq","_children":[{"__id__":2},{"__id__":3},{"__id__":5},{"__id__":7},{"__id__":10},{"__id__":11},{"__id__":16},{"__id__":18},{"__id__":20},{"__id__":22},{"__id__":24},{"__id__":25},{"__id__":33},{"__id__":42},{"__id__":43},{"__id__":50},{"__id__":62},{"__id__":63},{"__id__":66}],"_components":[{"__type__":"cc.Widget","node":{"__id__":1},"alignMode":0,"_alignFlags":45},{"__type__":"cc.Button","node":{"__id__":1},"_N$normalColor":{"__type__":"cc.Color","r":214,"g":214,"b":214},"_N$target":{"__id__":1}},{"__type__":"526e9rHHvVCX5wr68DoKadE","node":{"__id__":1},"roomID":{"__id__":14},"jushu":{"__id__":12},"endTime":{"__id__":13},"MJPlayers":{"__id__":10},"PokerPlayers":{"__id__":9},"page_search":{"__id__":41},"room_Beishu":{"__id__":42},"scoreInfos":{"__id__":66}}],"_prefab":{"__type__":"cc.PrefabInfo","root":{"__id__":1},"asset":{"__uuid__":"42jAMn0n5Ky6T7i6D8hhxZ"},"fileId":"a7803/+hB9B0qtVl2st76BF"},"_contentSize":{"__type__":"cc.Size","width":1360,"height":760},"_trs":{"__type__":"TypedArray","ctor":"Float64Array","array":[680,380,0,0,0,0,1,1,1,1]}},{"__type__":"cc.Node","_name":"bg01","_parent":{"__id__":1},"_components":[{"__type__":"cc.Sprite","node":{"__id__":2},"_materials":[{"__uuid__":"ecpdLyjvZBwrvm+cedCcQy"}],"_spriteFrame":{"__uuid__":"44oMWTaclJBKkBYUGHW71y"},"_sizeMode":0}],"_prefab":{"__type__":"cc.PrefabInfo","root":{"__id__":1},"asset":{"__uuid__":"42jAMn0n5Ky6T7i6D8hhxZ"},"fileId":"74869DydrVIl6tmYuWENsZ/"},"_contentSize":{"__type__":"cc.Size","width":1750,"height":800},"_trs":{"__type__":"TypedArray","ctor":"Float64Array","array":[0,0,0,0,0,0,1,1,1,1]}},{"__type__":"cc.Node","_name":"bg_title","_parent":{"__id__":1},"_children":[{"__id__":4}],"_components":[{"__type__":"cc.Sprite","node":{"__id__":3},"_materials":[{"__uuid__":"ecpdLyjvZBwrvm+cedCcQy"}],"_spriteFrame":{"__uuid__":"581jQF2pRDU42CVnbdrYra"}},{"__type__":"cc.Widget","node":{"__id__":3},"_alignFlags":1}],"_prefab":{"__type__":"cc.PrefabInfo","root":{"__id__":1},"asset":{"__uuid__":"42jAMn0n5Ky6T7i6D8hhxZ"},"fileId":"39On+jF1dKs5yduwfktZW2"},"_contentSize":{"__type__":"cc.Size","width":411,"height":82},"_trs":{"__type__":"TypedArray","ctor":"Float64Array","array":[0,339,0,0,0,0,1,1,1,1]}},{"__type__":"cc.Node","_name":"title_result","_parent":{"__id__":3},"_components":[{"__type__":"cc.Label","node":{"__id__":4},"_materials":[{"__uuid__":"ecpdLyjvZBwrvm+cedCcQy"}],"_string":"更多-战绩","_N$string":"更多-战绩","_fontSize":1,"_lineHeight":1,"_N$file":{"__uuid__":"dfQWsosahDfbsfQh+M8v0l"},"_isSystemFontUsed":false}],"_prefab":{"__type__":"cc.PrefabInfo","root":{"__id__":1},"asset":{"__uuid__":"42jAMn0n5Ky6T7i6D8hhxZ"},"fileId":"9f8er/nCpF76fJ3RvgUJQe"},"_contentSize":{"__type__":"cc.Size","width":245,"height":1},"_trs":{"__type__":"TypedArray","ctor":"Float64Array","array":[0,26,0,0,0,0,1,1,1,1]}},{"__type__":"cc.Node","_name":"bg","_parent":{"__id__":1},"_children":[{"__id__":6}],"_components":[{"__type__":"cc.Sprite","node":{"__id__":5},"_materials":[{"__uuid__":"ecpdLyjvZBwrvm+cedCcQy"}],"_spriteFrame":{"__uuid__":"597IyX5elD6q5v1Quk5lUg"},"_type":1}],"_prefab":{"__type__":"cc.PrefabInfo","root":{"__id__":1},"asset":{"__uuid__":"42jAMn0n5Ky6T7i6D8hhxZ"},"fileId":"a2e236nbrBGAqnbZ08U/uq7"},"_contentSize":{"__type__":"cc.Size","width":1306,"height":667},"_trs":{"__type__":"TypedArray","ctor":"Float64Array","array":[0,-46,0,0,0,0,1,1,1,1]}},{"__type__":"cc.Node","_name":"New Sprite","_parent":{"__id__":5},"_components":[{"__type__":"cc.Sprite","node":{"__id__":6},"_materials":[{"__uuid__":"ecpdLyjvZBwrvm+cedCcQy"}],"_spriteFrame":{"__uuid__":"34IEh+IqZASofzzo7zwiB7"},"_type":1,"_sizeMode":0}],"_prefab":{"__type__":"cc.PrefabInfo","root":{"__id__":1},"asset":{"__uuid__":"42jAMn0n5Ky6T7i6D8hhxZ"},"fileId":"94192PLSzNMcoAI9ndZuhGe"},"_contentSize":{"__type__":"cc.Size","width":975,"height":38},"_trs":{"__type__":"TypedArray","ctor":"Float64Array","array":[0,280,0,0,0,0,1,1,1,1]}},{"__type__":"cc.Node","_name":"PokerScrollView","_parent":{"__id__":1},"_children":[{"__id__":8}],"_components":[{"__type__":"cc.Sprite","node":{"__id__":7},"_type":1,"_sizeMode":0},{"__type__":"cc.ScrollView","node":{"__id__":7},"vertical":false,"brake":0.75,"bounceDuration":0.23,"_N$content":{"__id__":9},"content":{"__id__":9},"_N$horizontalScrollBar":null,"_N$verticalScrollBar":null}],"_prefab":{"__type__":"cc.PrefabInfo","root":{"__id__":1},"asset":{"__uuid__":"42jAMn0n5Ky6T7i6D8hhxZ"},"fileId":"b3WccM+gBIMKPZOkYU6Kw0"},"_contentSize":{"__type__":"cc.Size","width":1280,"height":430},"_trs":{"__type__":"TypedArray","ctor":"Float64Array","array":[9,-51,0,0,0,0,1,1,1,1]}},{"__type__":"cc.Node","_name":"view","_parent":{"__id__":7},"_children":[{"__id__":9}],"_components":[{"__type__":"cc.Mask","node":{"__id__":8},"_materials":[{"__uuid__":"ecpdLyjvZBwrvm+cedCcQy"}]}],"_prefab":{"__type__":"cc.PrefabInfo","root":{"__id__":1},"asset":{"__uuid__":"42jAMn0n5Ky6T7i6D8hhxZ"},"fileId":"8bMjBDLD1FIYGzV92nkmPP"},"_contentSize":{"__type__":"cc.Size","width":1200,"height":430},"_trs":{"__type__":"TypedArray","ctor":"Float64Array","array":[0,0,0,0,0,0,1,1,1,1]}},{"__type__":"cc.Node","_name":"PokerPlayers","_parent":{"__id__":8},"_components":[{"__type__":"cc.Layout","node":{"__id__":9},"_layoutSize":{"__type__":"cc.Size","width":275,"height":430},"_resize":1,"_N$layoutType":1,"_N$spacingX":20,"_N$spacingY":5,"_N$affectedByScale":true}],"_prefab":{"__type__":"cc.PrefabInfo","root":{"__id__":1},"asset":{"__uuid__":"42jAMn0n5Ky6T7i6D8hhxZ"},"fileId":"c3YggEaIpGPZJQF8O/tgkZ"},"_contentSize":{"__type__":"cc.Size","width":275,"height":430},"_anchorPoint":{"__type__":"cc.Vec2","x":0.5,"y":1},"_trs":{"__type__":"TypedArray","ctor":"Float64Array","array":[0,210,0,0,0,0,1,1,1,1]}},{"__type__":"cc.Node","_name":"MJPlayers","_parent":{"__id__":1},"_components":[{"__type__":"cc.Layout","node":{"__id__":10},"_layoutSize":{"__type__":"cc.Size","width":1280,"height":295},"_resize":1,"_N$layoutType":2,"_N$spacingY":5}],"_prefab":{"__type__":"cc.PrefabInfo","root":{"__id__":1},"asset":{"__uuid__":"42jAMn0n5Ky6T7i6D8hhxZ"},"fileId":"5c9be9x4pBCmpaL5RGSmVDj"},"_contentSize":{"__type__":"cc.Size","width":1280,"height":295},"_anchorPoint":{"__type__":"cc.Vec2","x":0.5,"y":1},"_trs":{"__type__":"TypedArray","ctor":"Float64Array","array":[0,196,0,0,0,0,1,1,1,1]}},{"__type__":"cc.Node","_name":"room_info","_parent":{"__id__":1},"_children":[{"__id__":12},{"__id__":13},{"__id__":14},{"__id__":15}],"_prefab":{"__type__":"cc.PrefabInfo","root":{"__id__":1},"asset":{"__uuid__":"42jAMn0n5Ky6T7i6D8hhxZ"},"fileId":"b3ac1QQyIJIrbSMEKQFZWvn"},"_trs":{"__type__":"TypedArray","ctor":"Float64Array","array":[0,33,0,0,0,0,1,1,1,1]}},{"__type__":"cc.Node","_name":"jushu","_parent":{"__id__":11},"_components":[{"__type__":"cc.Label","node":{"__id__":12},"_materials":[{"__uuid__":"ecpdLyjvZBwrvm+cedCcQy"}],"_useOriginalSize":false,"_string":"局数:8","_N$string":"局数:8","_fontSize":30,"_N$file":{"__uuid__":"5f5wQekV1CGpJW2meZozWn"},"_isSystemFontUsed":false,"_N$verticalAlign":1}],"_prefab":{"__type__":"cc.PrefabInfo","root":{"__id__":1},"asset":{"__uuid__":"42jAMn0n5Ky6T7i6D8hhxZ"},"fileId":"a80abmHwAFGGKbZ7dgkOU+D"},"_color":{"__type__":"cc.Color","r":253,"g":249,"b":213},"_contentSize":{"__type__":"cc.Size","width":85.08,"height":50.4},"_anchorPoint":{"__type__":"cc.Vec2","y":0.5},"_trs":{"__type__":"TypedArray","ctor":"Float64Array","array":[-456.817,200,0,0,0,0,1,1,1,1]}},{"__type__":"cc.Node","_name":"endTime","_parent":{"__id__":11},"_components":[{"__type__":"cc.Label","node":{"__id__":13},"_materials":[{"__uuid__":"ecpdLyjvZBwrvm+cedCcQy"}],"_useOriginalSize":false,"_string":"2017-5-30 15:30","_N$string":"2017-5-30 15:30","_fontSize":30,"_N$file":{"__uuid__":"5f5wQekV1CGpJW2meZozWn"},"_isSystemFontUsed":false,"_N$horizontalAlign":1,"_N$verticalAlign":1}],"_prefab":{"__type__":"cc.PrefabInfo","root":{"__id__":1},"asset":{"__uuid__":"42jAMn0n5Ky6T7i6D8hhxZ"},"fileId":"69e0eAUK85PXop53zALDfcc"},"_color":{"__type__":"cc.Color","r":253,"g":249,"b":213},"_contentSize":{"__type__":"cc.Size","width":226.76,"height":50.4},"_trs":{"__type__":"TypedArray","ctor":"Float64Array","array":[85,200,0,0,0,0,1,1,1,1]}},{"__type__":"cc.Node","_name":"roomID","_parent":{"__id__":11},"_active":false,"_components":[{"__type__":"cc.Label","node":{"__id__":14},"_useOriginalSize":false,"_string":"房间号:123456","_N$string":"房间号:123456","_fontSize":30,"_N$file":{"__uuid__":"5f5wQekV1CGpJW2meZozWn"},"_isSystemFontUsed":false,"_N$horizontalAlign":1,"_N$verticalAlign":1}],"_prefab":{"__type__":"cc.PrefabInfo","root":{"__id__":1},"asset":{"__uuid__":"42jAMn0n5Ky6T7i6D8hhxZ"},"fileId":"53aa79VxPFLeoOvK+tTs2zg"},"_color":{"__type__":"cc.Color","r":253,"g":249,"b":213},"_contentSize":{"__type__":"cc.Size","width":194.53,"height":40},"_trs":{"__type__":"TypedArray","ctor":"Float64Array","array":[-336.8,200,0,0,0,0,1,1,1,1]}},{"__type__":"cc.Node","_name":"backCode","_parent":{"__id__":11},"_components":[{"__type__":"cc.Label","node":{"__id__":15},"_materials":[{"__uuid__":"ecpdLyjvZBwrvm+cedCcQy"}],"_useOriginalSize":false,"_string":"回放码:1234567","_N$string":"回放码:1234567","_fontSize":30,"_N$file":{"__uuid__":"5f5wQekV1CGpJW2meZozWn"},"_isSystemFontUsed":false,"_N$horizontalAlign":1,"_N$verticalAlign":1}],"_prefab":{"__type__":"cc.PrefabInfo","root":{"__id__":1},"asset":{"__uuid__":"42jAMn0n5Ky6T7i6D8hhxZ"},"fileId":"b07BvkH2REk7DBRi8XEp1P"},"_color":{"__type__":"cc.Color","r":253,"g":249,"b":213},"_contentSize":{"__type__":"cc.Size","width":210.59,"height":50.4},"_trs":{"__type__":"TypedArray","ctor":"Float64Array","array":[344,200,0,0,0,0,1,1,1,1]}},{"__type__":"cc.Node","_name":"btn_share","_parent":{"__id__":1},"_children":[{"__id__":17}],"_components":[{"__type__":"cc.Sprite","node":{"__id__":16},"_materials":[{"__uuid__":"ecpdLyjvZBwrvm+cedCcQy"}],"_spriteFrame":{"__uuid__":"02TJxpH5VJ9oqIH3281Z3Y"}},{"__type__":"cc.Button","node":{"__id__":16},"clickEvents":[{"__type__":"cc.ClickEvent","target":{"__id__":1},"_componentId":"526e9rHHvVCX5wr68DoKadE","handler":"OnClick_BtnWnd"}],"_N$transition":3,"transition":3,"_N$normalColor":{"__type__":"cc.Color","r":214,"g":214,"b":214},"_N$target":{"__id__":16}}],"_prefab":{"__type__":"cc.PrefabInfo","root":{"__id__":1},"asset":{"__uuid__":"42jAMn0n5Ky6T7i6D8hhxZ"},"fileId":"f64423lQD9E2qSlEWJg0J3S"},"_contentSize":{"__type__":"cc.Size","width":223,"height":80},"_trs":{"__type__":"TypedArray","ctor":"Float64Array","array":[-469,-305,0,0,0,0,1,1,1,1]}},{"__type__":"cc.Node","_name":"lb_share","_parent":{"__id__":16},"_components":[{"__type__":"cc.Label","node":{"__id__":17},"_materials":[{"__uuid__":"ecpdLyjvZBwrvm+cedCcQy"}],"_useOriginalSize":false,"_string":"分 享","_N$string":"分 享","_lineHeight":45,"_N$file":{"__uuid__":"5f5wQekV1CGpJW2meZozWn"},"_isSystemFontUsed":false,"_N$horizontalAlign":1,"_N$verticalAlign":1},{"__type__":"cc.LabelOutline","node":{"__id__":17},"_color":{"__type__":"cc.Color","g":72,"b":7},"_width":2}],"_prefab":{"__type__":"cc.PrefabInfo","root":{"__id__":1},"asset":{"__uuid__":"42jAMn0n5Ky6T7i6D8hhxZ"},"fileId":"94i6Lx3hdHqpU7czPTsAjy"},"_contentSize":{"__type__":"cc.Size","width":94.63,"height":60.7},"_trs":{"__type__":"TypedArray","ctor":"Float64Array","array":[0,5,0,0,0,0,1,1,1,1]}},{"__type__":"cc.Node","_name":"btn_replay","_parent":{"__id__":1},"_children":[{"__id__":19}],"_components":[{"__type__":"cc.Sprite","node":{"__id__":18},"_materials":[{"__uuid__":"ecpdLyjvZBwrvm+cedCcQy"}],"_spriteFrame":{"__uuid__":"4dfZzLdPxMHIH8HzdecOfs"}},{"__type__":"cc.Button","node":{"__id__":18},"clickEvents":[{"__type__":"cc.ClickEvent","target":{"__id__":1},"_componentId":"526e9rHHvVCX5wr68DoKadE","handler":"OnClick_BtnWnd"}],"_N$transition":3,"transition":3,"_N$normalColor":{"__type__":"cc.Color","r":214,"g":214,"b":214},"_N$target":{"__id__":18}}],"_prefab":{"__type__":"cc.PrefabInfo","root":{"__id__":1},"asset":{"__uuid__":"42jAMn0n5Ky6T7i6D8hhxZ"},"fileId":"e68b0YX+Y9Ik4aLIo9XzXgn"},"_contentSize":{"__type__":"cc.Size","width":128,"height":49},"_trs":{"__type__":"TypedArray","ctor":"Float64Array","array":[561.1,231,0,0,0,0,1,1,1,1]}},{"__type__":"cc.Node","_name":"lb_replay","_parent":{"__id__":18},"_components":[{"__type__":"cc.Label","node":{"__id__":19},"_materials":[{"__uuid__":"ecpdLyjvZBwrvm+cedCcQy"}],"_useOriginalSize":false,"_string":"查看回放","_N$string":"查看回放","_fontSize":26,"_lineHeight":30,"_N$file":{"__uuid__":"5f5wQekV1CGpJW2meZozWn"},"_isSystemFontUsed":false,"_N$horizontalAlign":1,"_N$verticalAlign":1},{"__type__":"cc.LabelOutline","node":{"__id__":19},"_color":{"__type__":"cc.Color","g":72,"b":7}}],"_prefab":{"__type__":"cc.PrefabInfo","root":{"__id__":1},"asset":{"__uuid__":"42jAMn0n5Ky6T7i6D8hhxZ"},"fileId":"ebEqeZRu1FyonjHzQck7Mz"},"_contentSize":{"__type__":"cc.Size","width":106,"height":39.8},"_trs":{"__type__":"TypedArray","ctor":"Float64Array","array":[0,1.7,0,0,0,0,1,1,1,1]}},{"__type__":"cc.Node","_name":"btn_last","_parent":{"__id__":1},"_children":[{"__id__":21}],"_components":[{"__type__":"cc.Button","node":{"__id__":20},"clickEvents":[{"__type__":"cc.ClickEvent","target":{"__id__":1},"_componentId":"526e9rHHvVCX5wr68DoKadE","handler":"OnClick_BtnWnd"}],"_N$transition":3,"transition":3,"_N$normalColor":{"__type__":"cc.Color","r":214,"g":214,"b":214},"_N$target":{"__id__":20}}],"_prefab":{"__type__":"cc.PrefabInfo","root":{"__id__":1},"asset":{"__uuid__":"42jAMn0n5Ky6T7i6D8hhxZ"},"fileId":"2ca78+uMJpMmpXtNVTC4Eh0"},"_contentSize":{"__type__":"cc.Size","width":60,"height":60},"_trs":{"__type__":"TypedArray","ctor":"Float64Array","array":[-37.611,-305,0,0,0,0,1,1,1,1]}},{"__type__":"cc.Node","_name":"New Sprite","_parent":{"__id__":20},"_components":[{"__type__":"cc.Sprite","node":{"__id__":21},"_materials":[{"__uuid__":"ecpdLyjvZBwrvm+cedCcQy"}],"_spriteFrame":{"__uuid__":"05UnV1p3xA17mLF3BUeiWa"}}],"_prefab":{"__type__":"cc.PrefabInfo","root":{"__id__":1},"asset":{"__uuid__":"42jAMn0n5Ky6T7i6D8hhxZ"},"fileId":"eeN3hdkllKDZzBOM4hJrwz"},"_contentSize":{"__type__":"cc.Size","width":31,"height":43},"_trs":{"__type__":"TypedArray","ctor":"Float64Array","array":[0,0,0,0,0,0,1,1,1,1]}},{"__type__":"cc.Node","_name":"btn_next","_parent":{"__id__":1},"_children":[{"__id__":23}],"_components":[{"__type__":"cc.Button","node":{"__id__":22},"clickEvents":[{"__type__":"cc.ClickEvent","target":{"__id__":1},"_componentId":"526e9rHHvVCX5wr68DoKadE","handler":"OnClick_BtnWnd"}],"_N$transition":3,"transition":3,"_N$normalColor":{"__type__":"cc.Color","r":214,"g":214,"b":214},"_N$target":{"__id__":22}}],"_prefab":{"__type__":"cc.PrefabInfo","root":{"__id__":1},"asset":{"__uuid__":"42jAMn0n5Ky6T7i6D8hhxZ"},"fileId":"54d0dL9ihNKnaZMCETY6zgD"},"_contentSize":{"__type__":"cc.Size","width":60,"height":60},"_trs":{"__type__":"TypedArray","ctor":"Float64Array","array":[215.389,-305,0,0,0,0,1,-1,-1,1]}},{"__type__":"cc.Node","_name":"New Sprite","_parent":{"__id__":22},"_components":[{"__type__":"cc.Sprite","node":{"__id__":23},"_materials":[{"__uuid__":"ecpdLyjvZBwrvm+cedCcQy"}],"_spriteFrame":{"__uuid__":"05UnV1p3xA17mLF3BUeiWa"}}],"_prefab":{"__type__":"cc.PrefabInfo","root":{"__id__":1},"asset":{"__uuid__":"42jAMn0n5Ky6T7i6D8hhxZ"},"fileId":"aaacNZBWxJ+bbcItFtSiYQ"},"_contentSize":{"__type__":"cc.Size","width":31,"height":43},"_trs":{"__type__":"TypedArray","ctor":"Float64Array","array":[0,0,0,0,0,0,1,1,1,1]}},{"__type__":"cc.Node","_name":"btn_search","_parent":{"__id__":1},"_components":[{"__type__":"cc.Sprite","node":{"__id__":24},"_materials":[{"__uuid__":"ecpdLyjvZBwrvm+cedCcQy"}],"_spriteFrame":{"__uuid__":"b3iUxGEs1J9J8SbFp1xH33"}},{"__type__":"cc.Button","node":{"__id__":24},"clickEvents":[{"__type__":"cc.ClickEvent","target":{"__id__":1},"_componentId":"526e9rHHvVCX5wr68DoKadE","handler":"OnClick_BtnWnd"}],"_N$transition":3,"transition":3,"_N$normalColor":{"__type__":"cc.Color","r":214,"g":214,"b":214},"_N$target":{"__id__":24}}],"_prefab":{"__type__":"cc.PrefabInfo","root":{"__id__":1},"asset":{"__uuid__":"42jAMn0n5Ky6T7i6D8hhxZ"},"fileId":"9052aXhO+ZKVar0mN0btd47"},"_contentSize":{"__type__":"cc.Size","width":122,"height":59},"_trs":{"__type__":"TypedArray","ctor":"Float64Array","array":[541,-305,0,0,0,0,1,1,1,1]}},{"__type__":"cc.Node","_name":"page","_parent":{"__id__":1},"_children":[{"__id__":26}],"_components":[{"__type__":"cc.Sprite","node":{"__id__":25},"_materials":[{"__uuid__":"ecpdLyjvZBwrvm+cedCcQy"}],"_spriteFrame":{"__uuid__":"2aM5A97lNMm7XG9q+cvxLn"},"_type":1,"_sizeMode":0}],"_prefab":{"__type__":"cc.PrefabInfo","root":{"__id__":1},"asset":{"__uuid__":"42jAMn0n5Ky6T7i6D8hhxZ"},"fileId":"4ed73pz6CJE0bj6AZxrQiu2"},"_contentSize":{"__type__":"cc.Size","width":172,"height":53},"_trs":{"__type__":"TypedArray","ctor":"Float64Array","array":[89.389,-305,0,0,0,0,1,1,1,1]}},{"__type__":"cc.Node","_name":"editbox_page","_parent":{"__id__":25},"_children":[{"__id__":27},{"__id__":29},{"__id__":31}],"_components":[{"__type__":"cc.EditBox","node":{"__id__":26},"_useOriginalSize":false,"_string":"1/28","maxLength":60,"_tabIndex":10,"_N$textLabel":{"__id__":30},"_N$placeholderLabel":{"__id__":32},"_N$background":{"__id__":28},"_N$inputMode":4}],"_prefab":{"__type__":"cc.PrefabInfo","root":{"__id__":1},"asset":{"__uuid__":"42jAMn0n5Ky6T7i6D8hhxZ"},"fileId":"ce7b6AwUD5Pfa+SiUfv3PVS"},"_color":{"__type__":"cc.Color","r":210,"g":103},"_contentSize":{"__type__":"cc.Size","width":80,"height":40},"_trs":{"__type__":"TypedArray","ctor":"Float64Array","array":[12.6,0.7,0,0,0,0,1,1,1,1]}},{"__type__":"cc.Node","_name":"BACKGROUND_SPRITE","_parent":{"__id__":26},"_components":[{"__id__":28}],"_prefab":{"__type__":"cc.PrefabInfo","root":{"__id__":1},"asset":{"__uuid__":"42jAMn0n5Ky6T7i6D8hhxZ"},"fileId":"5e6c72M09CRbwLn5S5GJBg"},"_contentSize":{"__type__":"cc.Size","width":80,"height":40},"_trs":{"__type__":"TypedArray","ctor":"Float64Array","array":[0,0,0,0,0,0,1,1,1,1]}},{"__type__":"cc.Sprite","node":{"__id__":27},"_type":1},{"__type__":"cc.Node","_name":"TEXT_LABEL","_parent":{"__id__":26},"_components":[{"__id__":30}],"_prefab":{"__type__":"cc.PrefabInfo","root":{"__id__":1},"asset":{"__uuid__":"42jAMn0n5Ky6T7i6D8hhxZ"},"fileId":"af6coHQdRDMrxGerKy63jZ"},"_color":{"__type__":"cc.Color","r":210,"g":103},"_contentSize":{"__type__":"cc.Size","width":78,"height":40},"_anchorPoint":{"__type__":"cc.Vec2","y":1},"_trs":{"__type__":"TypedArray","ctor":"Float64Array","array":[-38,20,0,0,0,0,1,1,1,1]}},{"__type__":"cc.Label","node":{"__id__":29},"_materials":[{"__uuid__":"ecpdLyjvZBwrvm+cedCcQy"}],"_string":"1/28","_N$string":"1/28","_fontSize":32,"_lineHeight":32,"_enableWrapText":false,"_N$file":{"__uuid__":"5f5wQekV1CGpJW2meZozWn"},"_isSystemFontUsed":false,"_N$verticalAlign":1,"_N$overflow":1},{"__type__":"cc.Node","_name":"PLACEHOLDER_LABEL","_parent":{"__id__":26},"_active":false,"_components":[{"__id__":32}],"_prefab":{"__type__":"cc.PrefabInfo","root":{"__id__":1},"asset":{"__uuid__":"42jAMn0n5Ky6T7i6D8hhxZ"},"fileId":"92gjiuSSRHGJMYsDOu7HiS"},"_color":{"__type__":"cc.Color","r":210,"g":103},"_contentSize":{"__type__":"cc.Size","width":78,"height":40},"_anchorPoint":{"__type__":"cc.Vec2","y":1},"_trs":{"__type__":"TypedArray","ctor":"Float64Array","array":[-38,20,0,0,0,0,1,1,1,1]}},{"__type__":"cc.Label","node":{"__id__":31},"_string":"  ","_N$string":"  ","_fontSize":32,"_enableWrapText":false,"_N$file":{"__uuid__":"5f5wQekV1CGpJW2meZozWn"},"_isSystemFontUsed":false,"_N$verticalAlign":1,"_N$overflow":1},{"__type__":"cc.Node","_name":"page2","_parent":{"__id__":1},"_children":[{"__id__":34}],"_components":[{"__type__":"cc.Sprite","node":{"__id__":33},"_materials":[{"__uuid__":"ecpdLyjvZBwrvm+cedCcQy"}],"_spriteFrame":{"__uuid__":"2aM5A97lNMm7XG9q+cvxLn"},"_type":1,"_sizeMode":0}],"_prefab":{"__type__":"cc.PrefabInfo","root":{"__id__":1},"asset":{"__uuid__":"42jAMn0n5Ky6T7i6D8hhxZ"},"fileId":"39afdgQKodEdZgDVR2P6Np+"},"_contentSize":{"__type__":"cc.Size","width":132,"height":53},"_trs":{"__type__":"TypedArray","ctor":"Float64Array","array":[371,-305,0,0,0,0,1,1,1,1]}},{"__type__":"cc.Node","_name":"editbox_page","_parent":{"__id__":33},"_children":[{"__id__":35},{"__id__":37},{"__id__":39}],"_components":[{"__id__":41}],"_prefab":{"__type__":"cc.PrefabInfo","root":{"__id__":1},"asset":{"__uuid__":"42jAMn0n5Ky6T7i6D8hhxZ"},"fileId":"85f6c3JAexBqp+t21jC+bjr"},"_color":{"__type__":"cc.Color","r":210,"g":103},"_contentSize":{"__type__":"cc.Size","width":80,"height":40},"_trs":{"__type__":"TypedArray","ctor":"Float64Array","array":[20.4,0.5,0,0,0,0,1,1,1,1]}},{"__type__":"cc.Node","_name":"BACKGROUND_SPRITE","_parent":{"__id__":34},"_components":[{"__id__":36}],"_prefab":{"__type__":"cc.PrefabInfo","root":{"__id__":1},"asset":{"__uuid__":"42jAMn0n5Ky6T7i6D8hhxZ"},"fileId":"dbsXAIKgpNbYBaPb3v4WWe"},"_contentSize":{"__type__":"cc.Size","width":80,"height":40},"_trs":{"__type__":"TypedArray","ctor":"Float64Array","array":[0,0,0,0,0,0,1,1,1,1]}},{"__type__":"cc.Sprite","node":{"__id__":35},"_type":1},{"__type__":"cc.Node","_name":"TEXT_LABEL","_parent":{"__id__":34},"_components":[{"__id__":38}],"_prefab":{"__type__":"cc.PrefabInfo","root":{"__id__":1},"asset":{"__uuid__":"42jAMn0n5Ky6T7i6D8hhxZ"},"fileId":"02b6a2lFNDr454g6G/aiZr"},"_color":{"__type__":"cc.Color","r":210,"g":103},"_contentSize":{"__type__":"cc.Size","width":78,"height":40},"_anchorPoint":{"__type__":"cc.Vec2","y":1},"_trs":{"__type__":"TypedArray","ctor":"Float64Array","array":[-38,20,0,0,0,0,1,1,1,1]}},{"__type__":"cc.Label","node":{"__id__":37},"_materials":[{"__uuid__":"ecpdLyjvZBwrvm+cedCcQy"}],"_string":"28","_N$string":"28","_fontSize":32,"_lineHeight":32,"_enableWrapText":false,"_N$file":{"__uuid__":"5f5wQekV1CGpJW2meZozWn"},"_isSystemFontUsed":false,"_N$verticalAlign":1,"_N$overflow":1},{"__type__":"cc.Node","_name":"PLACEHOLDER_LABEL","_parent":{"__id__":34},"_active":false,"_components":[{"__id__":40}],"_prefab":{"__type__":"cc.PrefabInfo","root":{"__id__":1},"asset":{"__uuid__":"42jAMn0n5Ky6T7i6D8hhxZ"},"fileId":"2fdGmwVCtNXr8VGtE328jS"},"_color":{"__type__":"cc.Color","r":210,"g":103},"_contentSize":{"__type__":"cc.Size","width":78,"height":40},"_anchorPoint":{"__type__":"cc.Vec2","y":1},"_trs":{"__type__":"TypedArray","ctor":"Float64Array","array":[-38,20,0,0,0,0,1,1,1,1]}},{"__type__":"cc.Label","node":{"__id__":39},"_string":"  ","_N$string":"  ","_fontSize":32,"_enableWrapText":false,"_N$file":{"__uuid__":"5f5wQekV1CGpJW2meZozWn"},"_isSystemFontUsed":false,"_N$verticalAlign":1,"_N$overflow":1},{"__type__":"cc.EditBox","node":{"__id__":34},"_useOriginalSize":false,"_string":"28","maxLength":3,"_tabIndex":10,"_N$textLabel":{"__id__":38},"_N$placeholderLabel":{"__id__":40},"_N$background":{"__id__":36},"_N$inputMode":4},{"__type__":"cc.Node","_name":"room_Beishu","_parent":{"__id__":1},"_active":false,"_components":[{"__type__":"cc.Label","node":{"__id__":42},"_useOriginalSize":false,"_string":"房间倍数:10","_N$string":"房间倍数:10","_fontSize":30,"_isSystemFontUsed":false,"_N$horizontalAlign":1,"_N$verticalAlign":1}],"_prefab":{"__type__":"cc.PrefabInfo","root":{"__id__":1},"asset":{"__uuid__":"42jAMn0n5Ky6T7i6D8hhxZ"},"fileId":"193bdXpW5xGXIrTShMnp4s2"},"_color":{"__type__":"cc.Color","r":253,"g":249,"b":213},"_contentSize":{"__type__":"cc.Size","width":158.33,"height":40},"_trs":{"__type__":"TypedArray","ctor":"Float64Array","array":[0,231,0,0,0,0,1,1,1,1]}},{"__type__":"cc.Node","_name":"dipaiLayout","_parent":{"__id__":1},"_children":[{"__id__":44}],"_components":[{"__type__":"cc.Layout","node":{"__id__":43},"_layoutSize":{"__type__":"cc.Size","width":95,"height":150},"_resize":1,"_N$layoutType":1,"_N$spacingX":-95}],"_prefab":{"__type__":"cc.PrefabInfo","root":{"__id__":1},"asset":{"__uuid__":"42jAMn0n5Ky6T7i6D8hhxZ"},"fileId":"679ObFFx9Cp7imoSMs+Fed"},"_contentSize":{"__type__":"cc.Size","width":95,"height":150},"_anchorPoint":{"__type__":"cc.Vec2","y":0.5},"_trs":{"__type__":"TypedArray","ctor":"Float64Array","array":[-355.645,-290.588,0,0,0,0,1,0.7,0.7,1]}},{"__type__":"cc.Node","_name":"pyzhw_cardPrefab","_parent":{"__id__":43},"_children":[{"__id__":45},{"__id__":46},{"__id__":47},{"__id__":48},{"__id__":49}],"_active":false,"_prefab":{"__type__":"cc.PrefabInfo","root":{"__id__":1},"asset":{"__uuid__":"42jAMn0n5Ky6T7i6D8hhxZ"},"fileId":"d2E1o60AxN0Z4jcjnhsERI"},"_contentSize":{"__type__":"cc.Size","width":134,"height":185},"_trs":{"__type__":"TypedArray","ctor":"Float64Array","array":[67,0,0,0,0,0,1,1,1,1]}},{"__type__":"cc.Node","_name":"bg_poker","_parent":{"__id__":44},"_components":[{"__type__":"cc.Sprite","node":{"__id__":45},"_materials":[{"__uuid__":"ecpdLyjvZBwrvm+cedCcQy"}],"_spriteFrame":{"__uuid__":"00bHYL//lI95M+zBsJImfw"},"_sizeMode":2,"_isTrimmedMode":false}],"_prefab":{"__type__":"cc.PrefabInfo","root":{"__id__":1},"asset":{"__uuid__":"42jAMn0n5Ky6T7i6D8hhxZ"},"fileId":"18VcL1UtlBVbAUZISixQRA"},"_contentSize":{"__type__":"cc.Size","width":134,"height":185},"_trs":{"__type__":"TypedArray","ctor":"Float64Array","array":[0,0,0,0,0,0,1,1,1,1]}},{"__type__":"cc.Node","_name":"num","_parent":{"__id__":44},"_components":[{"__type__":"cc.Sprite","node":{"__id__":46},"_materials":[{"__uuid__":"ecpdLyjvZBwrvm+cedCcQy"}],"_spriteFrame":{"__uuid__":"e0vJWxcKtC+4EavzuLPumQ"},"_sizeMode":2,"_isTrimmedMode":false}],"_prefab":{"__type__":"cc.PrefabInfo","root":{"__id__":1},"asset":{"__uuid__":"42jAMn0n5Ky6T7i6D8hhxZ"},"fileId":"b9qA0mb0pL+7z5PkOP752n"},"_contentSize":{"__type__":"cc.Size","width":36,"height":45},"_trs":{"__type__":"TypedArray","ctor":"Float64Array","array":[-41.7,64.1,0,0,0,0,1,1,1,1]}},{"__type__":"cc.Node","_name":"icon","_parent":{"__id__":44},"_components":[{"__type__":"cc.Sprite","node":{"__id__":47},"_materials":[{"__uuid__":"ecpdLyjvZBwrvm+cedCcQy"}],"_spriteFrame":{"__uuid__":"30dHDWcz9Hto/OHDvq2O0u"},"_sizeMode":2,"_isTrimmedMode":false}],"_prefab":{"__type__":"cc.PrefabInfo","root":{"__id__":1},"asset":{"__uuid__":"42jAMn0n5Ky6T7i6D8hhxZ"},"fileId":"202XrC9j5Bqrew1v69APo2"},"_contentSize":{"__type__":"cc.Size","width":134,"height":185},"_trs":{"__type__":"TypedArray","ctor":"Float64Array","array":[0,0,0,0,0,0,1,1,1,1]}},{"__type__":"cc.Node","_name":"icon_1","_parent":{"__id__":44},"_components":[{"__type__":"cc.Sprite","node":{"__id__":48},"_materials":[{"__uuid__":"ecpdLyjvZBwrvm+cedCcQy"}],"_spriteFrame":{"__uuid__":"24iBwDLdxP3LEl3J8eTyVP"},"_sizeMode":2,"_isTrimmedMode":false}],"_prefab":{"__type__":"cc.PrefabInfo","root":{"__id__":1},"asset":{"__uuid__":"42jAMn0n5Ky6T7i6D8hhxZ"},"fileId":"e9VwHX3qJIqoyJwdM1oVTv"},"_contentSize":{"__type__":"cc.Size","width":134,"height":185},"_trs":{"__type__":"TypedArray","ctor":"Float64Array","array":[0,0,0,0,0,0,1,1,1,1]}},{"__type__":"cc.Node","_name":"poker_back","_parent":{"__id__":44},"_active":false,"_components":[{"__type__":"cc.Sprite","node":{"__id__":49},"_materials":[{"__uuid__":"ecpdLyjvZBwrvm+cedCcQy"}],"_spriteFrame":{"__uuid__":"7fhb8aVadKgKkU/Zrbw95J"},"_sizeMode":2}],"_prefab":{"__type__":"cc.PrefabInfo","root":{"__id__":1},"asset":{"__uuid__":"42jAMn0n5Ky6T7i6D8hhxZ"},"fileId":"37a+CGPcJCy7wZLhQ4u0TT"},"_contentSize":{"__type__":"cc.Size","width":134,"height":185},"_trs":{"__type__":"TypedArray","ctor":"Float64Array","array":[0,0,0,0,0,0,1,1,1,1]}},{"__type__":"cc.Node","_name":"sp_cardNode","_parent":{"__id__":1},"_children":[{"__id__":51},{"__id__":56}],"_prefab":{"__type__":"cc.PrefabInfo","root":{"__id__":1},"asset":{"__uuid__":"42jAMn0n5Ky6T7i6D8hhxZ"},"fileId":"33EQmzjXFGWYl4q7/LxL77"},"_trs":{"__type__":"TypedArray","ctor":"Float64Array","array":[-310,-305,0,0,0,0,1,1,1,1]}},{"__type__":"cc.Node","_name":"maCardNode","_parent":{"__id__":50},"_children":[{"__id__":52}],"_components":[{"__type__":"cc.Label","node":{"__id__":51},"_materials":[{"__uuid__":"ecpdLyjvZBwrvm+cedCcQy"}],"_useOriginalSize":false,"_string":"码牌","_N$string":"码牌","_fontSize":30,"_lineHeight":32,"_N$file":{"__uuid__":"5f5wQekV1CGpJW2meZozWn"},"_isSystemFontUsed":false,"_N$horizontalAlign":1,"_N$verticalAlign":1}],"_prefab":{"__type__":"cc.PrefabInfo","root":{"__id__":1},"asset":{"__uuid__":"42jAMn0n5Ky6T7i6D8hhxZ"},"fileId":"30rjEqkBhElKHWc3VpzZfn"},"_color":{"__type__":"cc.Color","r":250,"g":196,"b":114},"_contentSize":{"__type__":"cc.Size","width":60,"height":40.32},"_trs":{"__type__":"TypedArray","ctor":"Float64Array","array":[0,0,0,0,0,0,1,1,1,1]}},{"__type__":"cc.Node","_name":"pai","_parent":{"__id__":51},"_children":[{"__id__":53},{"__id__":54},{"__id__":55}],"_components":[{"__type__":"cc.Sprite","node":{"__id__":52},"_materials":[{"__uuid__":"ecpdLyjvZBwrvm+cedCcQy"}],"_spriteFrame":{"__uuid__":"c7qD3SwTxDqKDQG9mYUTRr"},"_sizeMode":0}],"_prefab":{"__type__":"cc.PrefabInfo","root":{"__id__":1},"asset":{"__uuid__":"42jAMn0n5Ky6T7i6D8hhxZ"},"fileId":"edyGEJ0e1EUr6EOmBJ2EQ4"},"_contentSize":{"__type__":"cc.Size","width":43,"height":43},"_trs":{"__type__":"TypedArray","ctor":"Float64Array","array":[60,0,0,0,0,0,1,1,1,1]}},{"__type__":"cc.Node","_name":"dian","_parent":{"__id__":52},"_components":[{"__type__":"cc.Sprite","node":{"__id__":53},"_materials":[{"__uuid__":"ecpdLyjvZBwrvm+cedCcQy"}],"_sizeMode":0,"_isTrimmedMode":false}],"_prefab":{"__type__":"cc.PrefabInfo","root":{"__id__":1},"asset":{"__uuid__":"42jAMn0n5Ky6T7i6D8hhxZ"},"fileId":"dcE64354FGg4J9Oke6HLL1"},"_contentSize":{"__type__":"cc.Size","width":35,"height":37},"_trs":{"__type__":"TypedArray","ctor":"Float64Array","array":[0,0,0,0,0,0,1,1,1,1]}},{"__type__":"cc.Node","_name":"hua","_parent":{"__id__":52},"_components":[{"__type__":"cc.Sprite","node":{"__id__":54},"_materials":[{"__uuid__":"ecpdLyjvZBwrvm+cedCcQy"}],"_sizeMode":2,"_isTrimmedMode":false}],"_prefab":{"__type__":"cc.PrefabInfo","root":{"__id__":1},"asset":{"__uuid__":"42jAMn0n5Ky6T7i6D8hhxZ"},"fileId":"cbdRJIfLJFe61enjTgvTNX"},"_contentSize":{"__type__":"cc.Size","width":35,"height":37},"_trs":{"__type__":"TypedArray","ctor":"Float64Array","array":[0,0,0,0,0,0,1,1,1,1]}},{"__type__":"cc.Node","_name":"tip_hu","_parent":{"__id__":52},"_active":false,"_components":[{"__type__":"cc.Sprite","node":{"__id__":55},"_materials":[{"__uuid__":"ecpdLyjvZBwrvm+cedCcQy"}],"_spriteFrame":{"__uuid__":"17phCz9DBInal6j7Z7peDH"}}],"_prefab":{"__type__":"cc.PrefabInfo","root":{"__id__":1},"asset":{"__uuid__":"42jAMn0n5Ky6T7i6D8hhxZ"},"fileId":"0d3r+5nXpA37jpeOeg2eQY"},"_contentSize":{"__type__":"cc.Size","width":39,"height":41},"_trs":{"__type__":"TypedArray","ctor":"Float64Array","array":[0,0,0,0,0,0,1,1,1,1]}},{"__type__":"cc.Node","_name":"xingCardNode","_parent":{"__id__":50},"_children":[{"__id__":57},{"__id__":61}],"_components":[{"__type__":"cc.Label","node":{"__id__":56},"_materials":[{"__uuid__":"ecpdLyjvZBwrvm+cedCcQy"}],"_useOriginalSize":false,"_string":"醒牌","_N$string":"醒牌","_fontSize":30,"_lineHeight":32,"_N$file":{"__uuid__":"5f5wQekV1CGpJW2meZozWn"},"_isSystemFontUsed":false,"_N$horizontalAlign":1,"_N$verticalAlign":1}],"_prefab":{"__type__":"cc.PrefabInfo","root":{"__id__":1},"asset":{"__uuid__":"42jAMn0n5Ky6T7i6D8hhxZ"},"fileId":"469cQWvKpEQLYJAU0EFwaE"},"_color":{"__type__":"cc.Color","r":250,"g":196,"b":114},"_contentSize":{"__type__":"cc.Size","width":60,"height":40.32},"_trs":{"__type__":"TypedArray","ctor":"Float64Array","array":[119.475,0,0,0,0,0,1,1,1,1]}},{"__type__":"cc.Node","_name":"pai","_parent":{"__id__":56},"_children":[{"__id__":58},{"__id__":59},{"__id__":60}],"_components":[{"__type__":"cc.Sprite","node":{"__id__":57},"_materials":[{"__uuid__":"ecpdLyjvZBwrvm+cedCcQy"}],"_spriteFrame":{"__uuid__":"c7qD3SwTxDqKDQG9mYUTRr"},"_sizeMode":0}],"_prefab":{"__type__":"cc.PrefabInfo","root":{"__id__":1},"asset":{"__uuid__":"42jAMn0n5Ky6T7i6D8hhxZ"},"fileId":"2fFeew3ZhBPpH8k2hoETxP"},"_contentSize":{"__type__":"cc.Size","width":43,"height":43},"_trs":{"__type__":"TypedArray","ctor":"Float64Array","array":[60,0,0,0,0,0,1,1,1,1]}},{"__type__":"cc.Node","_name":"dian","_parent":{"__id__":57},"_components":[{"__type__":"cc.Sprite","node":{"__id__":58},"_materials":[{"__uuid__":"ecpdLyjvZBwrvm+cedCcQy"}],"_sizeMode":0,"_isTrimmedMode":false}],"_prefab":{"__type__":"cc.PrefabInfo","root":{"__id__":1},"asset":{"__uuid__":"42jAMn0n5Ky6T7i6D8hhxZ"},"fileId":"d15uJCyXJIcqF+TXHWbeH0"},"_contentSize":{"__type__":"cc.Size","width":35,"height":37},"_trs":{"__type__":"TypedArray","ctor":"Float64Array","array":[0,0,0,0,0,0,1,1,1,1]}},{"__type__":"cc.Node","_name":"hua","_parent":{"__id__":57},"_components":[{"__type__":"cc.Sprite","node":{"__id__":59},"_materials":[{"__uuid__":"ecpdLyjvZBwrvm+cedCcQy"}],"_sizeMode":2,"_isTrimmedMode":false}],"_prefab":{"__type__":"cc.PrefabInfo","root":{"__id__":1},"asset":{"__uuid__":"42jAMn0n5Ky6T7i6D8hhxZ"},"fileId":"44bm3Ac3FFtr9SFIXC5DZ3"},"_contentSize":{"__type__":"cc.Size","width":35,"height":37},"_trs":{"__type__":"TypedArray","ctor":"Float64Array","array":[0,0,0,0,0,0,1,1,1,1]}},{"__type__":"cc.Node","_name":"tip_hu","_parent":{"__id__":57},"_active":false,"_components":[{"__type__":"cc.Sprite","node":{"__id__":60},"_materials":[{"__uuid__":"ecpdLyjvZBwrvm+cedCcQy"}],"_spriteFrame":{"__uuid__":"17phCz9DBInal6j7Z7peDH"}}],"_prefab":{"__type__":"cc.PrefabInfo","root":{"__id__":1},"asset":{"__uuid__":"42jAMn0n5Ky6T7i6D8hhxZ"},"fileId":"b2yYP92MlEHbGy/m1duL+X"},"_contentSize":{"__type__":"cc.Size","width":39,"height":41},"_trs":{"__type__":"TypedArray","ctor":"Float64Array","array":[0,0,0,0,0,0,1,1,1,1]}},{"__type__":"cc.Node","_name":"num","_parent":{"__id__":56},"_components":[{"__type__":"cc.Label","node":{"__id__":61},"_materials":[{"__uuid__":"ecpdLyjvZBwrvm+cedCcQy"}],"_useOriginalSize":false,"_string":"x2","_N$string":"x2","_fontSize":28,"_lineHeight":28,"_N$file":{"__uuid__":"5f5wQekV1CGpJW2meZozWn"},"_isSystemFontUsed":false,"_N$horizontalAlign":1,"_N$verticalAlign":1}],"_prefab":{"__type__":"cc.PrefabInfo","root":{"__id__":1},"asset":{"__uuid__":"42jAMn0n5Ky6T7i6D8hhxZ"},"fileId":"8eRjU3LAtKjZkfWKlW83KH"},"_color":{"__type__":"cc.Color","r":250,"g":196,"b":114},"_contentSize":{"__type__":"cc.Size","width":29.97,"height":35.28},"_trs":{"__type__":"TypedArray","ctor":"Float64Array","array":[102.666,0,0,0,0,0,1,1,1,1]}},{"__type__":"cc.Node","_name":"px6gtTip","_parent":{"__id__":1},"_components":[{"__type__":"cc.Label","node":{"__id__":62},"_materials":[{"__uuid__":"ecpdLyjvZBwrvm+cedCcQy"}],"_useOriginalSize":false,"_string":"游戏有埋底显示的地方","_N$string":"游戏有埋底显示的地方","_fontSize":20,"_lineHeight":20,"_N$horizontalAlign":1,"_N$verticalAlign":1}],"_prefab":{"__type__":"cc.PrefabInfo","root":{"__id__":1},"asset":{"__uuid__":"42jAMn0n5Ky6T7i6D8hhxZ"},"fileId":"cec3nub0pAgYljVj0/JODb"},"_color":{"__type__":"cc.Color","r":255,"b":255},"_contentSize":{"__type__":"cc.Size","width":200,"height":25.2},"_trs":{"__type__":"TypedArray","ctor":"Float64Array","array":[-247.215,-306.211,0,0,0,0,1,1,1,1]}},{"__type__":"cc.Node","_name":"VerticalScrollView","_parent":{"__id__":1},"_children":[{"__id__":64}],"_components":[{"__type__":"cc.ScrollView","node":{"__id__":63},"horizontal":false,"brake":0.75,"bounceDuration":0.23,"_N$content":{"__id__":65},"content":{"__id__":65},"_N$horizontalScrollBar":null,"_N$verticalScrollBar":null}],"_prefab":{"__type__":"cc.PrefabInfo","root":{"__id__":1},"asset":{"__uuid__":"42jAMn0n5Ky6T7i6D8hhxZ"},"fileId":"51lQqyL5dAvovnCwbJ/Z1X"},"_contentSize":{"__type__":"cc.Size","width":1270,"height":450},"_anchorPoint":{"__type__":"cc.Vec2","x":0.5,"y":1},"_trs":{"__type__":"TypedArray","ctor":"Float64Array","array":[0,196,0,0,0,0,1,1,1,1]}},{"__type__":"cc.Node","_name":"view","_parent":{"__id__":63},"_children":[{"__id__":65}],"_components":[{"__type__":"cc.Mask","node":{"__id__":64},"_materials":[{"__uuid__":"ecpdLyjvZBwrvm+cedCcQy"}],"_N$alphaThreshold":0},{"__type__":"cc.Widget","node":{"__id__":64},"_alignFlags":45,"_originalWidth":240,"_originalHeight":250}],"_prefab":{"__type__":"cc.PrefabInfo","root":{"__id__":1},"asset":{"__uuid__":"42jAMn0n5Ky6T7i6D8hhxZ"},"fileId":"08zqzrGY1IIKDYb/SiViMH"},"_contentSize":{"__type__":"cc.Size","width":1270,"height":450},"_anchorPoint":{"__type__":"cc.Vec2","x":0.5,"y":1},"_trs":{"__type__":"TypedArray","ctor":"Float64Array","array":[0,0,0,0,0,0,1,1,1,1]}},{"__type__":"cc.Node","_name":"players","_parent":{"__id__":64},"_components":[{"__type__":"cc.Layout","node":{"__id__":65},"_layoutSize":{"__type__":"cc.Size","width":1270,"height":450},"_resize":1,"_N$layoutType":2,"_N$spacingY":5}],"_prefab":{"__type__":"cc.PrefabInfo","root":{"__id__":1},"asset":{"__uuid__":"42jAMn0n5Ky6T7i6D8hhxZ"},"fileId":"03UWs59jVMTorvoUda+0n8"},"_contentSize":{"__type__":"cc.Size","width":1270,"height":450},"_anchorPoint":{"__type__":"cc.Vec2","x":0.5,"y":1},"_trs":{"__type__":"TypedArray","ctor":"Float64Array","array":[0,0,0,0,0,0,1,1,1,1]}},{"__type__":"cc.Node","_name":"scoreInfos","_parent":{"__id__":1},"_children":[{"__id__":67},{"__id__":68},{"__id__":69}],"_prefab":{"__type__":"cc.PrefabInfo","root":{"__id__":1},"asset":{"__uuid__":"42jAMn0n5Ky6T7i6D8hhxZ"},"fileId":"ceVn6D2ZRJa6s+WRjdDwKm"},"_trs":{"__type__":"TypedArray","ctor":"Float64Array","array":[0,191.321,0,0,0,0,1,1,1,1]}},{"__type__":"cc.Node","_name":"lb_zhuangRankScore","_parent":{"__id__":66},"_components":[{"__type__":"cc.Label","node":{"__id__":67},"_materials":[{"__uuid__":"ecpdLyjvZBwrvm+cedCcQy"}],"_useOriginalSize":false,"_string":"抓分：0","_N$string":"抓分：0","_fontSize":30,"_N$file":{"__uuid__":"5f5wQekV1CGpJW2meZozWn"},"_isSystemFontUsed":false,"_N$horizontalAlign":1,"_N$verticalAlign":1}],"_prefab":{"__type__":"cc.PrefabInfo","root":{"__id__":1},"asset":{"__uuid__":"42jAMn0n5Ky6T7i6D8hhxZ"},"fileId":"9dvcJdFEhPHbIgcMuefGpt"},"_color":{"__type__":"cc.Color","r":115,"g":92,"b":66},"_contentSize":{"__type__":"cc.Size","width":107.11,"height":50.4},"_anchorPoint":{"__type__":"cc.Vec2","y":0.5},"_trs":{"__type__":"TypedArray","ctor":"Float64Array","array":[-478.959,0,0,0,0,0,1,1,1,1]}},{"__type__":"cc.Node","_name":"lb_xianRankScore","_parent":{"__id__":66},"_components":[{"__type__":"cc.Label","node":{"__id__":68},"_materials":[{"__uuid__":"ecpdLyjvZBwrvm+cedCcQy"}],"_useOriginalSize":false,"_string":"抓分：0","_N$string":"抓分：0","_fontSize":30,"_N$file":{"__uuid__":"5f5wQekV1CGpJW2meZozWn"},"_isSystemFontUsed":false,"_N$horizontalAlign":1,"_N$verticalAlign":1}],"_prefab":{"__type__":"cc.PrefabInfo","root":{"__id__":1},"asset":{"__uuid__":"42jAMn0n5Ky6T7i6D8hhxZ"},"fileId":"91EtYyojVP2phUqiX1bu00"},"_color":{"__type__":"cc.Color","r":115,"g":92,"b":66},"_contentSize":{"__type__":"cc.Size","width":107.11,"height":50.4},"_anchorPoint":{"__type__":"cc.Vec2","y":0.5},"_trs":{"__type__":"TypedArray","ctor":"Float64Array","array":[-96.817,0,0,0,0,0,1,1,1,1]}},{"__type__":"cc.Node","_name":"sportsDouble","_parent":{"__id__":66},"_components":[{"__type__":"cc.Label","node":{"__id__":69},"_materials":[{"__uuid__":"ecpdLyjvZBwrvm+cedCcQy"}],"_useOriginalSize":false,"_string":"比赛分倍数:0","_N$string":"比赛分倍数:0","_fontSize":30,"_N$file":{"__uuid__":"5f5wQekV1CGpJW2meZozWn"},"_isSystemFontUsed":false,"_N$horizontalAlign":1,"_N$verticalAlign":1}],"_prefab":{"__type__":"cc.PrefabInfo","root":{"__id__":1},"asset":{"__uuid__":"42jAMn0n5Ky6T7i6D8hhxZ"},"fileId":"4bLarQOuxJC4u5XXzmcx+d"},"_color":{"__type__":"cc.Color","r":115,"g":92,"b":66},"_contentSize":{"__type__":"cc.Size","width":175.08,"height":50.4},"_anchorPoint":{"__type__":"cc.Vec2","y":0.5},"_trs":{"__type__":"TypedArray","ctor":"Float64Array","array":[300.841,0,0,0,0,0,1,1,1,1]}}],{"__type__":"cc.SpriteFrame","content":{"name":"bg_bj01","texture":"397mId04JB67Cg2okLrmyZ","rect":[0,0,1560,720],"offset":[0,0],"originalSize":[1560,720],"capInsets":[0,0,0,0]}},{"__type__":"cc.SpriteFrame","content":{"name":"btn_green","texture":"65jvX4TYFFG6wc85AH3ulM","rect":[0,0,128,49],"offset":[0,0],"originalSize":[128,49],"capInsets":[0,0,0,0]}},{"__type__":"cc.SpriteFrame","content":{"name":"img_symid_up","texture":"23C1+QyjtGVZ9OQLT/+Okz","rect":[1,0,411,82],"offset":[0,0],"originalSize":[413,82],"capInsets":[0,0,0,0]}},{"__type__":"cc.SpriteFrame","content":{"name":"img_ts_dt01","texture":"f4ZoP5jC1Imaoah/X9JSp+","rect":[0,0,1306,667],"offset":[0,0],"originalSize":[1306,667],"capInsets":[0,0,0,0]}},{"__type__":"cc.SpriteFrame","content":{"name":"poker_back1","texture":"821S4dezRMe6aQGPNzTDUX","rect":[1,1,131,182],"offset":[-0.5,0.5],"originalSize":[134,185],"capInsets":[0,0,0,0]}},{"__type__":"cc.SpriteFrame","content":{"name":"btn_tz","texture":"fbkXBEiWlA/p6PucOsaOL/","rect":[0,0,122,59],"offset":[0,0],"originalSize":[122,59],"capInsets":[0,0,0,0]}},{"__type__":"cc.SpriteFrame","content":{"name":"bg_poker","texture":"36F5L0CK5HYo4flUY4Mu8K","rect":[0,0,98,112],"offset":[0,0],"originalSize":[98,112],"capInsets":[0,0,0,0]}},{"__type__":"cc.SpriteFrame","content":{"name":"black_3","texture":"16qv13AhpBarXGjfDVpOOQ","rect":[4,1,27,42],"offset":[-0.5,0.5],"originalSize":[36,45],"capInsets":[0,0,0,0]}}]