[{"__type__":"cc.SpriteFrame","content":{"name":"ani_yuan08","texture":"a3gcLD49pNtrkL+XBvuSAk","rect":[1,0,163,166],"offset":[-0.5,0],"originalSize":[166,166],"capInsets":[0,0,0,0]}},{"__type__":"cc.SpriteFrame","content":{"name":"ani_yuan07","texture":"79fTeqQslD3YynibAmt3ru","rect":[0,0,165,166],"offset":[-0.5,0],"originalSize":[166,166],"capInsets":[0,0,0,0]}},{"__type__":"cc.SpriteFrame","content":{"name":"ani_yuan02","texture":"33u6P8D4hKyK/6akhAph+0","rect":[8,8,150,150],"offset":[0,0],"originalSize":[166,166],"capInsets":[0,0,0,0]}},{"__type__":"cc.SpriteFrame","content":{"name":"ani_yuan01","texture":"95vAxupCRD6arYi4OEokhn","rect":[10,10,146,146],"offset":[0,0],"originalSize":[166,166],"capInsets":[0,0,0,0]}},{"__type__":"cc.SpriteFrame","content":{"name":"ani_yuan05","texture":"a4qi+QJC9HKpD9gfFlfA/D","rect":[0,0,166,166],"offset":[0,0],"originalSize":[166,166],"capInsets":[0,0,0,0]}},{"__type__":"cc.SpriteFrame","content":{"name":"ani_yuan06","texture":"619RBHjHFLG78rYFrFjfSy","rect":[0,0,165,166],"offset":[-0.5,0],"originalSize":[166,166],"capInsets":[0,0,0,0]}},{"__type__":"cc.SpriteFrame","content":{"name":"ani_yuan10","texture":"d3wvWBBc1Gd5QqlhKBmxCP","rect":[1,1,163,164],"offset":[-0.5,0],"originalSize":[166,166],"capInsets":[0,0,0,0]}},{"__type__":"cc.SpriteFrame","content":{"name":"ani_yuan03","texture":"76002dGg5MtZ70UFai8add","rect":[5,5,156,156],"offset":[0,0],"originalSize":[166,166],"capInsets":[0,0,0,0]}},{"__type__":"cc.SpriteFrame","content":{"name":"ani_yuan09","texture":"f69Oo+GHFFDoflF2vDUuJ/","rect":[1,1,163,164],"offset":[-0.5,0],"originalSize":[166,166],"capInsets":[0,0,0,0]}},{"__type__":"cc.AnimationClip","_name":"btn_yuanAni","_duration":0.15,"speed":0.1,"wrapMode":"2","curveData":{"comps":{"cc.Sprite":{"spriteFrame":[{"frame":0,"value":{"__uuid__":"68CifDXy5LdIJX4eAlEiyI"}},{"frame":0.016666666666666666,"value":{"__uuid__":"571iODZodMeJ48hYJRM82/"}},{"frame":0.03333333333333333,"value":{"__uuid__":"c4/4gP3txPU79AjF24M5zB"}},{"frame":0.05,"value":{"__uuid__":"6fkm5Q6qRMFLPBWmsEfeXF"}},{"frame":0.06666666666666667,"value":{"__uuid__":"7e3UAdD9dKQ6MNUSht8gjN"}},{"frame":0.08333333333333333,"value":{"__uuid__":"29maQK9hNES5u2tc9rPma9"}},{"frame":0.1,"value":{"__uuid__":"00DW7Bs49PWpJFOa1f6yxh"}},{"frame":0.11666666666666667,"value":{"__uuid__":"d48OdLJm1Mv7zU6mFpybzE"}},{"frame":0.13333333333333333,"value":{"__uuid__":"bcofGg78VLvLMiQbQd+4As"}}]}}}}]