[[{"__type__":"cc.Prefab","_name":"backgroundLayer","data":{"__id__":1}},{"__type__":"cc.Node","_name":"backgroundLayer","_children":[{"__id__":2}],"_components":[{"__type__":"cc.Widget","node":{"__id__":1},"alignMode":0,"_alignFlags":45},{"__type__":"1b4b2Lk+qZEr5Y0nCYAL6nN","node":{"__id__":1}}],"_prefab":{"__type__":"cc.PrefabInfo","root":{"__id__":1},"asset":{"__uuid__":"15YAs2JE9J5bOGWdo7sbKL"},"fileId":"d0050WMwj1JTId4FIrwCEz2"},"_contentSize":{"__type__":"cc.Size","width":1360,"height":760},"_trs":{"__type__":"TypedArray","ctor":"Float64Array","array":[680,380,0,0,0,0,1,1,1,1]}},{"__type__":"cc.Node","_name":"bgImage","_parent":{"__id__":1},"_children":[{"__id__":3}],"_components":[{"__type__":"cc.Sprite","node":{"__id__":2},"_materials":[{"__uuid__":"ecpdLyjvZBwrvm+cedCcQy"}],"_spriteFrame":{"__uuid__":"44oMWTaclJBKkBYUGHW71y"},"_isTrimmedMode":false},{"__type__":"cc.Widget","node":{"__id__":2},"alignMode":0,"_alignFlags":18,"_originalWidth":760,"_originalHeight":1360}],"_prefab":{"__type__":"cc.PrefabInfo","root":{"__id__":1},"asset":{"__uuid__":"15YAs2JE9J5bOGWdo7sbKL"},"fileId":"4fb46mMj6JD5Z3usZbaR3MU"},"_contentSize":{"__type__":"cc.Size","width":1750,"height":800},"_trs":{"__type__":"TypedArray","ctor":"Float64Array","array":[0,0,0,0,0,0,1,1,1,1]}},{"__type__":"cc.Node","_name":"logo","_parent":{"__id__":2},"_active":false,"_components":[{"__type__":"cc.Sprite","node":{"__id__":3},"_materials":[{"__uuid__":"ecpdLyjvZBwrvm+cedCcQy"}],"_spriteFrame":{"__uuid__":"fcDbeRus5Fr59IjM6LvwGP"}},{"__type__":"cc.Widget","node":{"__id__":3},"alignMode":0,"_alignFlags":17,"_top":128,"_horizontalCenter":50}],"_prefab":{"__type__":"cc.PrefabInfo","root":{"__id__":1},"asset":{"__uuid__":"15YAs2JE9J5bOGWdo7sbKL"},"fileId":"3a726BZTLBFlrB7gQASCFuf"},"_contentSize":{"__type__":"cc.Size","width":749,"height":274},"_trs":{"__type__":"TypedArray","ctor":"Float64Array","array":[50,135,0,0,0,0,1,1,1,1]}}],{"__type__":"cc.SpriteFrame","content":{"name":"bg_bj01","texture":"397mId04JB67Cg2okLrmyZ","rect":[0,0,1560,720],"offset":[0,0],"originalSize":[1560,720],"capInsets":[0,0,0,0]}},{"__type__":"cc.SpriteFrame","content":{"name":"logo","texture":"fdPQu1cztLdKMiIrMWIKxp","rect":[20,39,682,204],"offset":[0.5,-0.5],"originalSize":[721,281],"capInsets":[0,0,0,0]}}]