[[{"__type__":"cc.Prefab","_name":"StoreItems","data":{"__id__":1}},{"__type__":"cc.Node","_name":"StoreItems","_children":[{"__id__":2},{"__id__":12},{"__id__":22},{"__id__":32}],"_components":[{"__type__":"cc.Layout","node":{"__id__":1},"_layoutSize":{"__type__":"cc.Size","width":912,"height":282},"_resize":1,"_N$layoutType":1,"_N$spacingX":20}],"_prefab":{"__type__":"cc.PrefabInfo","root":{"__id__":1},"asset":{"__uuid__":"01PvfUltBIF5jJhCcjlCco"},"fileId":"9a3feY+qkVEXptApw5Ljg6i"},"_contentSize":{"__type__":"cc.Size","width":912,"height":282},"_anchorPoint":{"__type__":"cc.Vec2","y":0.5},"_trs":{"__type__":"TypedArray","ctor":"Float64Array","array":[-456,0,0,0,0,0,1,1,1,1]}},{"__type__":"cc.Node","_name":"item0","_parent":{"__id__":1},"_children":[{"__id__":3},{"__id__":5},{"__id__":7},{"__id__":9}],"_components":[{"__type__":"cc.Sprite","node":{"__id__":2},"_materials":[{"__uuid__":"ecpdLyjvZBwrvm+cedCcQy"}],"_spriteFrame":{"__uuid__":"dcSPkhGDRMDqMleF9xcXMB"}},{"__type__":"cc.Button","node":{"__id__":2},"zoomScale":0.9,"_N$transition":3,"transition":3,"_N$normalColor":{"__type__":"cc.Color","r":214,"g":214,"b":214},"_N$target":{"__id__":2}}],"_prefab":{"__type__":"cc.PrefabInfo","root":{"__id__":1},"asset":{"__uuid__":"01PvfUltBIF5jJhCcjlCco"},"fileId":"98a5b2259FOd4jaedBMI+7o"},"_contentSize":{"__type__":"cc.Size","width":213,"height":282},"_trs":{"__type__":"TypedArray","ctor":"Float64Array","array":[106.5,-4,0,0,0,0,1,1,1,1]}},{"__type__":"cc.Node","_name":"title","_parent":{"__id__":2},"_children":[{"__id__":4}],"_components":[{"__type__":"cc.Sprite","node":{"__id__":3},"_materials":[{"__uuid__":"ecpdLyjvZBwrvm+cedCcQy"}],"_spriteFrame":{"__uuid__":"a7EmU0Q89Ng6D1Yb8/6F0x"}}],"_prefab":{"__type__":"cc.PrefabInfo","root":{"__id__":1},"asset":{"__uuid__":"01PvfUltBIF5jJhCcjlCco"},"fileId":"9ec1aePGW1IaIz34KtnmJ1p"},"_contentSize":{"__type__":"cc.Size","width":106,"height":45},"_trs":{"__type__":"TypedArray","ctor":"Float64Array","array":[46.3,107.2,0,0,0,0,1,1,1,1]}},{"__type__":"cc.Node","_name":"label","_parent":{"__id__":3},"_components":[{"__type__":"cc.Label","node":{"__id__":4},"_materials":[{"__uuid__":"ecpdLyjvZBwrvm+cedCcQy"}],"_useOriginalSize":false,"_string":"多送20万个","_N$string":"多送20万个","_fontSize":18,"_lineHeight":20,"_N$file":{"__uuid__":"5f5wQekV1CGpJW2meZozWn"},"_isSystemFontUsed":false,"_N$horizontalAlign":1,"_N$verticalAlign":1}],"_prefab":{"__type__":"cc.PrefabInfo","root":{"__id__":1},"asset":{"__uuid__":"01PvfUltBIF5jJhCcjlCco"},"fileId":"a0BMEgAulCc7wpZRMYg1Tx"},"_color":{"__type__":"cc.Color","r":254,"g":254,"b":254},"_contentSize":{"__type__":"cc.Size","width":92.53,"height":25.2},"_trs":{"__type__":"TypedArray","ctor":"Float64Array","array":[0,6,0,0,0,0,1,1,1,1]}},{"__type__":"cc.Node","_name":"bg_icon","_parent":{"__id__":2},"_children":[{"__id__":6}],"_components":[{"__type__":"cc.Sprite","node":{"__id__":5},"_materials":[{"__uuid__":"ecpdLyjvZBwrvm+cedCcQy"}],"_spriteFrame":{"__uuid__":"71aVf13WxJ34iGxj9RsuFu"}}],"_prefab":{"__type__":"cc.PrefabInfo","root":{"__id__":1},"asset":{"__uuid__":"01PvfUltBIF5jJhCcjlCco"},"fileId":"5dndwVX9NNCoTgdYhOoXDS"},"_contentSize":{"__type__":"cc.Size","width":214,"height":211},"_trs":{"__type__":"TypedArray","ctor":"Float64Array","array":[0,15,0,0,0,0,1,1,1,1]}},{"__type__":"cc.Node","_name":"icon","_parent":{"__id__":5},"_components":[{"__type__":"cc.Sprite","node":{"__id__":6},"_materials":[{"__uuid__":"ecpdLyjvZBwrvm+cedCcQy"}],"_spriteFrame":{"__uuid__":"04xIIuGZdEw4qYFq0jkUE1"}}],"_prefab":{"__type__":"cc.PrefabInfo","root":{"__id__":1},"asset":{"__uuid__":"01PvfUltBIF5jJhCcjlCco"},"fileId":"247BsQz4dECrhJaO+NYHMd"},"_contentSize":{"__type__":"cc.Size","width":80,"height":62},"_trs":{"__type__":"TypedArray","ctor":"Float64Array","array":[0,8,0,0,0,0,1,1,1,1]}},{"__type__":"cc.Node","_name":"num","_parent":{"__id__":2},"_children":[{"__id__":8}],"_components":[{"__type__":"cc.Label","node":{"__id__":7},"_materials":[{"__uuid__":"ecpdLyjvZBwrvm+cedCcQy"}],"_useOriginalSize":false,"_string":"100","_N$string":"100","_fontSize":1,"_lineHeight":0,"_N$file":{"__uuid__":"12B4vPEAxHIYHaNYFj+ZlC"},"_isSystemFontUsed":false,"_spacingX":-5,"_N$horizontalAlign":1,"_N$verticalAlign":1}],"_prefab":{"__type__":"cc.PrefabInfo","root":{"__id__":1},"asset":{"__uuid__":"01PvfUltBIF5jJhCcjlCco"},"fileId":"afDxIj80dOPYXQ1i8GEgc2"},"_contentSize":{"__type__":"cc.Size","width":86},"_trs":{"__type__":"TypedArray","ctor":"Float64Array","array":[-20,-27.1,0,0,0,0,1,1,1,1]}},{"__type__":"cc.Node","_name":"g","_parent":{"__id__":7},"_components":[{"__type__":"cc.Sprite","node":{"__id__":8},"_materials":[{"__uuid__":"ecpdLyjvZBwrvm+cedCcQy"}],"_spriteFrame":{"__uuid__":"3eVdfovRZAq4U/0AQHqz71"}}],"_prefab":{"__type__":"cc.PrefabInfo","root":{"__id__":1},"asset":{"__uuid__":"01PvfUltBIF5jJhCcjlCco"},"fileId":"15OwXfgItKXZL/EkJZLUkJ"},"_contentSize":{"__type__":"cc.Size","width":56,"height":33},"_anchorPoint":{"__type__":"cc.Vec2","y":0.5},"_trs":{"__type__":"TypedArray","ctor":"Float64Array","array":[43,-18,0,0,0,0,1,1,1,1]}},{"__type__":"cc.Node","_name":"btn_buy","_parent":{"__id__":2},"_children":[{"__id__":10}],"_components":[{"__type__":"cc.Button","node":{"__id__":9},"zoomScale":0.9,"_N$transition":3,"transition":3,"_N$normalColor":{"__type__":"cc.Color","r":214,"g":214,"b":214},"_N$target":{"__id__":9}},{"__type__":"cc.Sprite","node":{"__id__":9},"_materials":[{"__uuid__":"ecpdLyjvZBwrvm+cedCcQy"}],"_spriteFrame":{"__uuid__":"ffMfzJnzJPtI6om6vOlt/e"}}],"_prefab":{"__type__":"cc.PrefabInfo","root":{"__id__":1},"asset":{"__uuid__":"01PvfUltBIF5jJhCcjlCco"},"fileId":"4f7ffECbFNGE5WfFECj+5m0"},"_contentSize":{"__type__":"cc.Size","width":178,"height":59},"_trs":{"__type__":"TypedArray","ctor":"Float64Array","array":[0,-100,0,0,0,0,1,1,1,1]}},{"__type__":"cc.Node","_name":"num","_parent":{"__id__":9},"_children":[{"__id__":11}],"_components":[{"__type__":"cc.Label","node":{"__id__":10},"_materials":[{"__uuid__":"ecpdLyjvZBwrvm+cedCcQy"}],"_useOriginalSize":false,"_string":"100","_N$string":"100","_fontSize":1,"_lineHeight":0,"_N$file":{"__uuid__":"96MKKVBBJCDrJBJO9MdpS9"},"_isSystemFontUsed":false,"_spacingX":-7,"_N$horizontalAlign":1,"_N$verticalAlign":1}],"_prefab":{"__type__":"cc.PrefabInfo","root":{"__id__":1},"asset":{"__uuid__":"01PvfUltBIF5jJhCcjlCco"},"fileId":"425c7SfNhRBLJYEWx3XO6Y/"},"_contentSize":{"__type__":"cc.Size","width":82},"_trs":{"__type__":"TypedArray","ctor":"Float64Array","array":[-10,20,0,0,0,0,1,1,1,1]}},{"__type__":"cc.Node","_name":"zuanshi","_parent":{"__id__":10},"_components":[{"__type__":"cc.Sprite","node":{"__id__":11},"_materials":[{"__uuid__":"ecpdLyjvZBwrvm+cedCcQy"}],"_spriteFrame":{"__uuid__":"e9Z0oJZJpDLZmOcXUoNIxa"},"_sizeMode":0}],"_prefab":{"__type__":"cc.PrefabInfo","root":{"__id__":1},"asset":{"__uuid__":"01PvfUltBIF5jJhCcjlCco"},"fileId":"8bnoDoU8VLc5rr3LBPKXTk"},"_contentSize":{"__type__":"cc.Size","width":35,"height":36},"_anchorPoint":{"__type__":"cc.Vec2","y":0.5},"_trs":{"__type__":"TypedArray","ctor":"Float64Array","array":[36,-20,0,0,0,0,1,1,1,1]}},{"__type__":"cc.Node","_name":"item1","_parent":{"__id__":1},"_children":[{"__id__":13},{"__id__":15},{"__id__":17},{"__id__":19}],"_components":[{"__type__":"cc.Sprite","node":{"__id__":12},"_materials":[{"__uuid__":"ecpdLyjvZBwrvm+cedCcQy"}],"_spriteFrame":{"__uuid__":"dcSPkhGDRMDqMleF9xcXMB"}},{"__type__":"cc.Button","node":{"__id__":12},"zoomScale":0.9,"_N$transition":3,"transition":3,"_N$normalColor":{"__type__":"cc.Color","r":214,"g":214,"b":214},"_N$target":{"__id__":12}}],"_prefab":{"__type__":"cc.PrefabInfo","root":{"__id__":1},"asset":{"__uuid__":"01PvfUltBIF5jJhCcjlCco"},"fileId":"22e++XK3VAqK/7w5vkMmmo"},"_contentSize":{"__type__":"cc.Size","width":213,"height":282},"_trs":{"__type__":"TypedArray","ctor":"Float64Array","array":[339.5,-4,0,0,0,0,1,1,1,1]}},{"__type__":"cc.Node","_name":"title","_parent":{"__id__":12},"_children":[{"__id__":14}],"_components":[{"__type__":"cc.Sprite","node":{"__id__":13},"_materials":[{"__uuid__":"ecpdLyjvZBwrvm+cedCcQy"}],"_spriteFrame":{"__uuid__":"a7EmU0Q89Ng6D1Yb8/6F0x"}}],"_prefab":{"__type__":"cc.PrefabInfo","root":{"__id__":1},"asset":{"__uuid__":"01PvfUltBIF5jJhCcjlCco"},"fileId":"f834yp0SBCAaMuOlPSty+C"},"_contentSize":{"__type__":"cc.Size","width":106,"height":45},"_trs":{"__type__":"TypedArray","ctor":"Float64Array","array":[46.3,107.2,0,0,0,0,1,1,1,1]}},{"__type__":"cc.Node","_name":"label","_parent":{"__id__":13},"_components":[{"__type__":"cc.Label","node":{"__id__":14},"_materials":[{"__uuid__":"ecpdLyjvZBwrvm+cedCcQy"}],"_useOriginalSize":false,"_string":"多送20万个","_N$string":"多送20万个","_fontSize":18,"_lineHeight":20,"_N$file":{"__uuid__":"5f5wQekV1CGpJW2meZozWn"},"_isSystemFontUsed":false,"_N$horizontalAlign":1,"_N$verticalAlign":1}],"_prefab":{"__type__":"cc.PrefabInfo","root":{"__id__":1},"asset":{"__uuid__":"01PvfUltBIF5jJhCcjlCco"},"fileId":"24iR3JS+lGtJ7LFiFteb+S"},"_color":{"__type__":"cc.Color","r":254,"g":254,"b":254},"_contentSize":{"__type__":"cc.Size","width":92.53,"height":25.2},"_trs":{"__type__":"TypedArray","ctor":"Float64Array","array":[0,6,0,0,0,0,1,1,1,1]}},{"__type__":"cc.Node","_name":"bg_icon","_parent":{"__id__":12},"_children":[{"__id__":16}],"_components":[{"__type__":"cc.Sprite","node":{"__id__":15},"_materials":[{"__uuid__":"ecpdLyjvZBwrvm+cedCcQy"}],"_spriteFrame":{"__uuid__":"71aVf13WxJ34iGxj9RsuFu"}}],"_prefab":{"__type__":"cc.PrefabInfo","root":{"__id__":1},"asset":{"__uuid__":"01PvfUltBIF5jJhCcjlCco"},"fileId":"c8FevkCVZAoosL3yi9klQJ"},"_contentSize":{"__type__":"cc.Size","width":214,"height":211},"_trs":{"__type__":"TypedArray","ctor":"Float64Array","array":[0,15,0,0,0,0,1,1,1,1]}},{"__type__":"cc.Node","_name":"icon","_parent":{"__id__":15},"_components":[{"__type__":"cc.Sprite","node":{"__id__":16},"_materials":[{"__uuid__":"ecpdLyjvZBwrvm+cedCcQy"}],"_spriteFrame":{"__uuid__":"6010DJ6xxA3IGHXdeTCwTY"}}],"_prefab":{"__type__":"cc.PrefabInfo","root":{"__id__":1},"asset":{"__uuid__":"01PvfUltBIF5jJhCcjlCco"},"fileId":"d8IkC8D/pMQp4katFbYgx/"},"_contentSize":{"__type__":"cc.Size","width":102,"height":75},"_trs":{"__type__":"TypedArray","ctor":"Float64Array","array":[0,8,0,0,0,0,1,1,1,1]}},{"__type__":"cc.Node","_name":"num","_parent":{"__id__":12},"_children":[{"__id__":18}],"_components":[{"__type__":"cc.Label","node":{"__id__":17},"_materials":[{"__uuid__":"ecpdLyjvZBwrvm+cedCcQy"}],"_useOriginalSize":false,"_string":"100","_N$string":"100","_fontSize":1,"_lineHeight":0,"_N$file":{"__uuid__":"12B4vPEAxHIYHaNYFj+ZlC"},"_isSystemFontUsed":false,"_spacingX":-5,"_N$horizontalAlign":1,"_N$verticalAlign":1}],"_prefab":{"__type__":"cc.PrefabInfo","root":{"__id__":1},"asset":{"__uuid__":"01PvfUltBIF5jJhCcjlCco"},"fileId":"eeDsC2dRhHWbDd2xKreBHv"},"_contentSize":{"__type__":"cc.Size","width":86},"_trs":{"__type__":"TypedArray","ctor":"Float64Array","array":[-20,-27.1,0,0,0,0,1,1,1,1]}},{"__type__":"cc.Node","_name":"g","_parent":{"__id__":17},"_components":[{"__type__":"cc.Sprite","node":{"__id__":18},"_materials":[{"__uuid__":"ecpdLyjvZBwrvm+cedCcQy"}],"_spriteFrame":{"__uuid__":"3eVdfovRZAq4U/0AQHqz71"}}],"_prefab":{"__type__":"cc.PrefabInfo","root":{"__id__":1},"asset":{"__uuid__":"01PvfUltBIF5jJhCcjlCco"},"fileId":"0aASWPl4tBIJdCKCxZGYa3"},"_contentSize":{"__type__":"cc.Size","width":56,"height":33},"_anchorPoint":{"__type__":"cc.Vec2","y":0.5},"_trs":{"__type__":"TypedArray","ctor":"Float64Array","array":[43,-18,0,0,0,0,1,1,1,1]}},{"__type__":"cc.Node","_name":"btn_buy","_parent":{"__id__":12},"_children":[{"__id__":20}],"_components":[{"__type__":"cc.Button","node":{"__id__":19},"zoomScale":0.9,"_N$transition":3,"transition":3,"_N$normalColor":{"__type__":"cc.Color","r":214,"g":214,"b":214},"_N$target":{"__id__":19}},{"__type__":"cc.Sprite","node":{"__id__":19},"_materials":[{"__uuid__":"ecpdLyjvZBwrvm+cedCcQy"}],"_spriteFrame":{"__uuid__":"ffMfzJnzJPtI6om6vOlt/e"}}],"_prefab":{"__type__":"cc.PrefabInfo","root":{"__id__":1},"asset":{"__uuid__":"01PvfUltBIF5jJhCcjlCco"},"fileId":"abD1tVKd1MZZiWHgINeoCk"},"_contentSize":{"__type__":"cc.Size","width":178,"height":59},"_trs":{"__type__":"TypedArray","ctor":"Float64Array","array":[0,-100,0,0,0,0,1,1,1,1]}},{"__type__":"cc.Node","_name":"num","_parent":{"__id__":19},"_children":[{"__id__":21}],"_components":[{"__type__":"cc.Label","node":{"__id__":20},"_materials":[{"__uuid__":"ecpdLyjvZBwrvm+cedCcQy"}],"_useOriginalSize":false,"_string":"30000","_N$string":"30000","_fontSize":1,"_lineHeight":0,"_N$file":{"__uuid__":"96MKKVBBJCDrJBJO9MdpS9"},"_isSystemFontUsed":false,"_spacingX":-7,"_N$horizontalAlign":1,"_N$verticalAlign":1}],"_prefab":{"__type__":"cc.PrefabInfo","root":{"__id__":1},"asset":{"__uuid__":"01PvfUltBIF5jJhCcjlCco"},"fileId":"d8kkTW3bRF2ZeSSLHScNQF"},"_contentSize":{"__type__":"cc.Size","width":132},"_trs":{"__type__":"TypedArray","ctor":"Float64Array","array":[-10,20,0,0,0,0,1,1,1,1]}},{"__type__":"cc.Node","_name":"zuanshi","_parent":{"__id__":20},"_components":[{"__type__":"cc.Sprite","node":{"__id__":21},"_materials":[{"__uuid__":"ecpdLyjvZBwrvm+cedCcQy"}],"_spriteFrame":{"__uuid__":"e9Z0oJZJpDLZmOcXUoNIxa"},"_sizeMode":0}],"_prefab":{"__type__":"cc.PrefabInfo","root":{"__id__":1},"asset":{"__uuid__":"01PvfUltBIF5jJhCcjlCco"},"fileId":"d3oetxdEdNJp2DcLJVz6NP"},"_contentSize":{"__type__":"cc.Size","width":35,"height":36},"_anchorPoint":{"__type__":"cc.Vec2","y":0.5},"_trs":{"__type__":"TypedArray","ctor":"Float64Array","array":[61,-20,0,0,0,0,1,1,1,1]}},{"__type__":"cc.Node","_name":"item2","_parent":{"__id__":1},"_children":[{"__id__":23},{"__id__":25},{"__id__":27},{"__id__":29}],"_components":[{"__type__":"cc.Sprite","node":{"__id__":22},"_materials":[{"__uuid__":"ecpdLyjvZBwrvm+cedCcQy"}],"_spriteFrame":{"__uuid__":"dcSPkhGDRMDqMleF9xcXMB"}},{"__type__":"cc.Button","node":{"__id__":22},"zoomScale":0.9,"_N$transition":3,"transition":3,"_N$normalColor":{"__type__":"cc.Color","r":214,"g":214,"b":214},"_N$target":{"__id__":22}}],"_prefab":{"__type__":"cc.PrefabInfo","root":{"__id__":1},"asset":{"__uuid__":"01PvfUltBIF5jJhCcjlCco"},"fileId":"63VvDs5+BAT6+FUQyZGemY"},"_contentSize":{"__type__":"cc.Size","width":213,"height":282},"_trs":{"__type__":"TypedArray","ctor":"Float64Array","array":[572.5,-4,0,0,0,0,1,1,1,1]}},{"__type__":"cc.Node","_name":"title","_parent":{"__id__":22},"_children":[{"__id__":24}],"_components":[{"__type__":"cc.Sprite","node":{"__id__":23},"_materials":[{"__uuid__":"ecpdLyjvZBwrvm+cedCcQy"}],"_spriteFrame":{"__uuid__":"a7EmU0Q89Ng6D1Yb8/6F0x"}}],"_prefab":{"__type__":"cc.PrefabInfo","root":{"__id__":1},"asset":{"__uuid__":"01PvfUltBIF5jJhCcjlCco"},"fileId":"d0b5uFnoFHm4yaoEgDk7D/"},"_contentSize":{"__type__":"cc.Size","width":106,"height":45},"_trs":{"__type__":"TypedArray","ctor":"Float64Array","array":[46.3,107.2,0,0,0,0,1,1,1,1]}},{"__type__":"cc.Node","_name":"label","_parent":{"__id__":23},"_components":[{"__type__":"cc.Label","node":{"__id__":24},"_materials":[{"__uuid__":"ecpdLyjvZBwrvm+cedCcQy"}],"_useOriginalSize":false,"_string":"多送20万个","_N$string":"多送20万个","_fontSize":18,"_lineHeight":20,"_N$file":{"__uuid__":"5f5wQekV1CGpJW2meZozWn"},"_isSystemFontUsed":false,"_N$horizontalAlign":1,"_N$verticalAlign":1}],"_prefab":{"__type__":"cc.PrefabInfo","root":{"__id__":1},"asset":{"__uuid__":"01PvfUltBIF5jJhCcjlCco"},"fileId":"88jrgYfdtCHop+tqlCE1DU"},"_color":{"__type__":"cc.Color","r":254,"g":254,"b":254},"_contentSize":{"__type__":"cc.Size","width":92.53,"height":25.2},"_trs":{"__type__":"TypedArray","ctor":"Float64Array","array":[0,6,0,0,0,0,1,1,1,1]}},{"__type__":"cc.Node","_name":"bg_icon","_parent":{"__id__":22},"_children":[{"__id__":26}],"_components":[{"__type__":"cc.Sprite","node":{"__id__":25},"_materials":[{"__uuid__":"ecpdLyjvZBwrvm+cedCcQy"}],"_spriteFrame":{"__uuid__":"71aVf13WxJ34iGxj9RsuFu"}}],"_prefab":{"__type__":"cc.PrefabInfo","root":{"__id__":1},"asset":{"__uuid__":"01PvfUltBIF5jJhCcjlCco"},"fileId":"eb7igqsLtOc4nx4iz+n/SD"},"_contentSize":{"__type__":"cc.Size","width":214,"height":211},"_trs":{"__type__":"TypedArray","ctor":"Float64Array","array":[0,15,0,0,0,0,1,1,1,1]}},{"__type__":"cc.Node","_name":"icon","_parent":{"__id__":25},"_components":[{"__type__":"cc.Sprite","node":{"__id__":26},"_materials":[{"__uuid__":"ecpdLyjvZBwrvm+cedCcQy"}],"_spriteFrame":{"__uuid__":"46ld3X9GFNqKn4VIiuz40Y"}}],"_prefab":{"__type__":"cc.PrefabInfo","root":{"__id__":1},"asset":{"__uuid__":"01PvfUltBIF5jJhCcjlCco"},"fileId":"bdMLOfkGJKHYGxAqSnMugL"},"_contentSize":{"__type__":"cc.Size","width":114,"height":80},"_trs":{"__type__":"TypedArray","ctor":"Float64Array","array":[0,8,0,0,0,0,1,1,1,1]}},{"__type__":"cc.Node","_name":"num","_parent":{"__id__":22},"_children":[{"__id__":28}],"_components":[{"__type__":"cc.Label","node":{"__id__":27},"_materials":[{"__uuid__":"ecpdLyjvZBwrvm+cedCcQy"}],"_useOriginalSize":false,"_string":"100","_N$string":"100","_fontSize":1,"_lineHeight":0,"_N$file":{"__uuid__":"12B4vPEAxHIYHaNYFj+ZlC"},"_isSystemFontUsed":false,"_spacingX":-5,"_N$horizontalAlign":1,"_N$verticalAlign":1}],"_prefab":{"__type__":"cc.PrefabInfo","root":{"__id__":1},"asset":{"__uuid__":"01PvfUltBIF5jJhCcjlCco"},"fileId":"f5JXQLuK1LSpFUBQf1crJb"},"_contentSize":{"__type__":"cc.Size","width":86},"_trs":{"__type__":"TypedArray","ctor":"Float64Array","array":[-20,-27.1,0,0,0,0,1,1,1,1]}},{"__type__":"cc.Node","_name":"g","_parent":{"__id__":27},"_components":[{"__type__":"cc.Sprite","node":{"__id__":28},"_materials":[{"__uuid__":"ecpdLyjvZBwrvm+cedCcQy"}],"_spriteFrame":{"__uuid__":"3eVdfovRZAq4U/0AQHqz71"}}],"_prefab":{"__type__":"cc.PrefabInfo","root":{"__id__":1},"asset":{"__uuid__":"01PvfUltBIF5jJhCcjlCco"},"fileId":"43MbnXQIJPn4l0yyNpEHuN"},"_contentSize":{"__type__":"cc.Size","width":56,"height":33},"_anchorPoint":{"__type__":"cc.Vec2","y":0.5},"_trs":{"__type__":"TypedArray","ctor":"Float64Array","array":[43,-18,0,0,0,0,1,1,1,1]}},{"__type__":"cc.Node","_name":"btn_buy","_parent":{"__id__":22},"_children":[{"__id__":30}],"_components":[{"__type__":"cc.Button","node":{"__id__":29},"zoomScale":0.9,"_N$transition":3,"transition":3,"_N$normalColor":{"__type__":"cc.Color","r":214,"g":214,"b":214},"_N$target":{"__id__":29}},{"__type__":"cc.Sprite","node":{"__id__":29},"_materials":[{"__uuid__":"ecpdLyjvZBwrvm+cedCcQy"}],"_spriteFrame":{"__uuid__":"ffMfzJnzJPtI6om6vOlt/e"}}],"_prefab":{"__type__":"cc.PrefabInfo","root":{"__id__":1},"asset":{"__uuid__":"01PvfUltBIF5jJhCcjlCco"},"fileId":"81Y++ydehCmLcQj0N3hwEH"},"_contentSize":{"__type__":"cc.Size","width":178,"height":59},"_trs":{"__type__":"TypedArray","ctor":"Float64Array","array":[0,-100,0,0,0,0,1,1,1,1]}},{"__type__":"cc.Node","_name":"num","_parent":{"__id__":29},"_children":[{"__id__":31}],"_components":[{"__type__":"cc.Label","node":{"__id__":30},"_materials":[{"__uuid__":"ecpdLyjvZBwrvm+cedCcQy"}],"_useOriginalSize":false,"_string":"30000","_N$string":"30000","_fontSize":1,"_lineHeight":0,"_N$file":{"__uuid__":"96MKKVBBJCDrJBJO9MdpS9"},"_isSystemFontUsed":false,"_spacingX":-7,"_N$horizontalAlign":1,"_N$verticalAlign":1}],"_prefab":{"__type__":"cc.PrefabInfo","root":{"__id__":1},"asset":{"__uuid__":"01PvfUltBIF5jJhCcjlCco"},"fileId":"2bzWd45SVEypVamOpuktYe"},"_contentSize":{"__type__":"cc.Size","width":132},"_trs":{"__type__":"TypedArray","ctor":"Float64Array","array":[-10,20,0,0,0,0,1,1,1,1]}},{"__type__":"cc.Node","_name":"zuanshi","_parent":{"__id__":30},"_components":[{"__type__":"cc.Sprite","node":{"__id__":31},"_materials":[{"__uuid__":"ecpdLyjvZBwrvm+cedCcQy"}],"_spriteFrame":{"__uuid__":"e9Z0oJZJpDLZmOcXUoNIxa"},"_sizeMode":0}],"_prefab":{"__type__":"cc.PrefabInfo","root":{"__id__":1},"asset":{"__uuid__":"01PvfUltBIF5jJhCcjlCco"},"fileId":"6bdpwvNbtBvorUQNl01Ovw"},"_contentSize":{"__type__":"cc.Size","width":35,"height":36},"_anchorPoint":{"__type__":"cc.Vec2","y":0.5},"_trs":{"__type__":"TypedArray","ctor":"Float64Array","array":[70,-20,0,0,0,0,1,1,1,1]}},{"__type__":"cc.Node","_name":"item3","_parent":{"__id__":1},"_children":[{"__id__":33},{"__id__":35},{"__id__":37},{"__id__":39}],"_components":[{"__type__":"cc.Sprite","node":{"__id__":32},"_materials":[{"__uuid__":"ecpdLyjvZBwrvm+cedCcQy"}],"_spriteFrame":{"__uuid__":"dcSPkhGDRMDqMleF9xcXMB"}},{"__type__":"cc.Button","node":{"__id__":32},"zoomScale":0.9,"_N$transition":3,"transition":3,"_N$normalColor":{"__type__":"cc.Color","r":214,"g":214,"b":214},"_N$target":{"__id__":32}}],"_prefab":{"__type__":"cc.PrefabInfo","root":{"__id__":1},"asset":{"__uuid__":"01PvfUltBIF5jJhCcjlCco"},"fileId":"99GaxD/65GbrN6zfHAT0Iu"},"_contentSize":{"__type__":"cc.Size","width":213,"height":282},"_trs":{"__type__":"TypedArray","ctor":"Float64Array","array":[805.5,-4,0,0,0,0,1,1,1,1]}},{"__type__":"cc.Node","_name":"title","_parent":{"__id__":32},"_children":[{"__id__":34}],"_components":[{"__type__":"cc.Sprite","node":{"__id__":33},"_materials":[{"__uuid__":"ecpdLyjvZBwrvm+cedCcQy"}],"_spriteFrame":{"__uuid__":"a7EmU0Q89Ng6D1Yb8/6F0x"}}],"_prefab":{"__type__":"cc.PrefabInfo","root":{"__id__":1},"asset":{"__uuid__":"01PvfUltBIF5jJhCcjlCco"},"fileId":"68ClrreuFAe6swsMCpqJxP"},"_contentSize":{"__type__":"cc.Size","width":106,"height":45},"_trs":{"__type__":"TypedArray","ctor":"Float64Array","array":[46.3,107.2,0,0,0,0,1,1,1,1]}},{"__type__":"cc.Node","_name":"label","_parent":{"__id__":33},"_components":[{"__type__":"cc.Label","node":{"__id__":34},"_materials":[{"__uuid__":"ecpdLyjvZBwrvm+cedCcQy"}],"_useOriginalSize":false,"_string":"多送20万个","_N$string":"多送20万个","_fontSize":18,"_lineHeight":20,"_N$file":{"__uuid__":"5f5wQekV1CGpJW2meZozWn"},"_isSystemFontUsed":false,"_N$horizontalAlign":1,"_N$verticalAlign":1}],"_prefab":{"__type__":"cc.PrefabInfo","root":{"__id__":1},"asset":{"__uuid__":"01PvfUltBIF5jJhCcjlCco"},"fileId":"cfLzjknnBEDKsaUSRXsdxK"},"_color":{"__type__":"cc.Color","r":254,"g":254,"b":254},"_contentSize":{"__type__":"cc.Size","width":92.53,"height":25.2},"_trs":{"__type__":"TypedArray","ctor":"Float64Array","array":[0,6,0,0,0,0,1,1,1,1]}},{"__type__":"cc.Node","_name":"bg_icon","_parent":{"__id__":32},"_children":[{"__id__":36}],"_components":[{"__type__":"cc.Sprite","node":{"__id__":35},"_materials":[{"__uuid__":"ecpdLyjvZBwrvm+cedCcQy"}],"_spriteFrame":{"__uuid__":"71aVf13WxJ34iGxj9RsuFu"}}],"_prefab":{"__type__":"cc.PrefabInfo","root":{"__id__":1},"asset":{"__uuid__":"01PvfUltBIF5jJhCcjlCco"},"fileId":"42OkhVoBpBca+G0PvtVHYa"},"_contentSize":{"__type__":"cc.Size","width":214,"height":211},"_trs":{"__type__":"TypedArray","ctor":"Float64Array","array":[0,15,0,0,0,0,1,1,1,1]}},{"__type__":"cc.Node","_name":"icon","_parent":{"__id__":35},"_components":[{"__type__":"cc.Sprite","node":{"__id__":36},"_materials":[{"__uuid__":"ecpdLyjvZBwrvm+cedCcQy"}],"_spriteFrame":{"__uuid__":"bc3ndavF5AjpOk+xu2+I+M"}}],"_prefab":{"__type__":"cc.PrefabInfo","root":{"__id__":1},"asset":{"__uuid__":"01PvfUltBIF5jJhCcjlCco"},"fileId":"df6/o6QSxKFpn+GtfMy1EM"},"_contentSize":{"__type__":"cc.Size","width":117,"height":89},"_trs":{"__type__":"TypedArray","ctor":"Float64Array","array":[0,8,0,0,0,0,1,1,1,1]}},{"__type__":"cc.Node","_name":"num","_parent":{"__id__":32},"_children":[{"__id__":38}],"_components":[{"__type__":"cc.Label","node":{"__id__":37},"_materials":[{"__uuid__":"ecpdLyjvZBwrvm+cedCcQy"}],"_useOriginalSize":false,"_string":"100","_N$string":"100","_fontSize":1,"_lineHeight":0,"_N$file":{"__uuid__":"12B4vPEAxHIYHaNYFj+ZlC"},"_isSystemFontUsed":false,"_spacingX":-5,"_N$horizontalAlign":1,"_N$verticalAlign":1}],"_prefab":{"__type__":"cc.PrefabInfo","root":{"__id__":1},"asset":{"__uuid__":"01PvfUltBIF5jJhCcjlCco"},"fileId":"01UtiB8wVE/Y/3KisZO0FZ"},"_contentSize":{"__type__":"cc.Size","width":86},"_trs":{"__type__":"TypedArray","ctor":"Float64Array","array":[-20,-27.1,0,0,0,0,1,1,1,1]}},{"__type__":"cc.Node","_name":"g","_parent":{"__id__":37},"_components":[{"__type__":"cc.Sprite","node":{"__id__":38},"_materials":[{"__uuid__":"ecpdLyjvZBwrvm+cedCcQy"}],"_spriteFrame":{"__uuid__":"3eVdfovRZAq4U/0AQHqz71"}}],"_prefab":{"__type__":"cc.PrefabInfo","root":{"__id__":1},"asset":{"__uuid__":"01PvfUltBIF5jJhCcjlCco"},"fileId":"2cxPr2luVHRaG/XtMp/v/a"},"_contentSize":{"__type__":"cc.Size","width":56,"height":33},"_anchorPoint":{"__type__":"cc.Vec2","y":0.5},"_trs":{"__type__":"TypedArray","ctor":"Float64Array","array":[43,-18,0,0,0,0,1,1,1,1]}},{"__type__":"cc.Node","_name":"btn_buy","_parent":{"__id__":32},"_children":[{"__id__":40}],"_components":[{"__type__":"cc.Button","node":{"__id__":39},"zoomScale":0.9,"_N$transition":3,"transition":3,"_N$normalColor":{"__type__":"cc.Color","r":214,"g":214,"b":214},"_N$target":{"__id__":39}},{"__type__":"cc.Sprite","node":{"__id__":39},"_materials":[{"__uuid__":"ecpdLyjvZBwrvm+cedCcQy"}],"_spriteFrame":{"__uuid__":"ffMfzJnzJPtI6om6vOlt/e"}}],"_prefab":{"__type__":"cc.PrefabInfo","root":{"__id__":1},"asset":{"__uuid__":"01PvfUltBIF5jJhCcjlCco"},"fileId":"8alHf4oLJNJa8WRxAcQQdf"},"_contentSize":{"__type__":"cc.Size","width":178,"height":59},"_trs":{"__type__":"TypedArray","ctor":"Float64Array","array":[0,-100,0,0,0,0,1,1,1,1]}},{"__type__":"cc.Node","_name":"num","_parent":{"__id__":39},"_children":[{"__id__":41}],"_components":[{"__type__":"cc.Label","node":{"__id__":40},"_materials":[{"__uuid__":"ecpdLyjvZBwrvm+cedCcQy"}],"_useOriginalSize":false,"_string":"30000","_N$string":"30000","_fontSize":1,"_lineHeight":0,"_N$file":{"__uuid__":"96MKKVBBJCDrJBJO9MdpS9"},"_isSystemFontUsed":false,"_spacingX":-7,"_N$horizontalAlign":1,"_N$verticalAlign":1}],"_prefab":{"__type__":"cc.PrefabInfo","root":{"__id__":1},"asset":{"__uuid__":"01PvfUltBIF5jJhCcjlCco"},"fileId":"3d5fT4C0ZDp5mkTxET7/J0"},"_contentSize":{"__type__":"cc.Size","width":132},"_trs":{"__type__":"TypedArray","ctor":"Float64Array","array":[-10,20,0,0,0,0,1,1,1,1]}},{"__type__":"cc.Node","_name":"zuanshi","_parent":{"__id__":40},"_components":[{"__type__":"cc.Sprite","node":{"__id__":41},"_materials":[{"__uuid__":"ecpdLyjvZBwrvm+cedCcQy"}],"_spriteFrame":{"__uuid__":"e9Z0oJZJpDLZmOcXUoNIxa"},"_sizeMode":0}],"_prefab":{"__type__":"cc.PrefabInfo","root":{"__id__":1},"asset":{"__uuid__":"01PvfUltBIF5jJhCcjlCco"},"fileId":"aevVuW37FFIbEC+fG35UXM"},"_contentSize":{"__type__":"cc.Size","width":35,"height":36},"_anchorPoint":{"__type__":"cc.Vec2","y":0.5},"_trs":{"__type__":"TypedArray","ctor":"Float64Array","array":[70,-20,0,0,0,0,1,1,1,1]}}],{"__type__":"cc.SpriteFrame","content":{"name":"icon_spld01","texture":"efyux+kYhPeaPKuBOxOxjD","rect":[38,32,80,62],"offset":[-1.5,-3],"originalSize":[159,120],"capInsets":[0,0,0,0]}},{"__type__":"cc.SpriteFrame","content":{"name":"img_wg","texture":"99pS7wxW1Es44jEtMiSh06","rect":[0,1,56,33],"offset":[0,-0.5],"originalSize":[56,34],"capInsets":[0,0,0,0]}},{"__type__":"cc.SpriteFrame","content":{"name":"icon_spld03","texture":"baJRv/ZrRGA4CrliQziOc/","rect":[22,20,114,80],"offset":[-0.5,0],"originalSize":[159,120],"capInsets":[0,0,0,0]}},{"__type__":"cc.SpriteFrame","content":{"name":"icon_spld02","texture":"d0oNwmNfhLArmh+aH8av/d","rect":[28,23,102,75],"offset":[-0.5,-0.5],"originalSize":[159,120],"capInsets":[0,0,0,0]}},{"__type__":"cc.SpriteFrame","content":{"name":"img_guangxiao","texture":"ebwghHcLJJa6Jwk3epjVly","rect":[0,0,214,211],"offset":[0,0],"originalSize":[214,211],"capInsets":[0,0,0,0]}},{"__type__":"cc.SpriteFrame","content":{"name":"img_dhk","texture":"ee8ALeVi5MIpx2hRJu/yBG","rect":[0,0,106,45],"offset":[0,0],"originalSize":[106,45],"capInsets":[0,0,0,0]}},{"__type__":"cc.SpriteFrame","content":{"name":"icon_spld04","texture":"070lunUTdF+7j+73Cg+i4/","rect":[21,16,117,89],"offset":[0,-0.5],"originalSize":[159,120],"capInsets":[0,0,0,0]}},{"__type__":"cc.SpriteFrame","content":{"name":"bg_down","texture":"64AjmktP1OBZTv4pnUDsxn","rect":[0,0,213,282],"offset":[0,0],"originalSize":[213,282],"capInsets":[0,0,0,0]}},{"__type__":"cc.SpriteFrame","content":{"name":"btn_zs02","texture":"08V8bbtSNGBJIrPTSYqbgB","rect":[1,0,55,56],"offset":[-0.5,1],"originalSize":[58,58],"capInsets":[0,0,0,0]}},{"__type__":"cc.SpriteFrame","content":{"name":"btn_buy","texture":"75+zlJziBPCrUO+/rnk3Q6","rect":[0,0,178,59],"offset":[0,0],"originalSize":[178,59],"capInsets":[0,0,0,0]}}]