[{"__type__":"cc.SpriteFrame","content":{"name":"icon_ss","texture":"10SVgvORZHfoznEFdYxoIB","rect":[0,0,36,36],"offset":[0,0],"originalSize":[36,36],"capInsets":[0,0,0,0]}},{"__type__":"cc.SpriteFrame","content":{"name":"default_btn_disabled","texture":"71VhFCTINJM6/Ky3oX9nBT","rect":[0,0,40,40],"offset":[0,0],"originalSize":[40,40],"capInsets":[12,12,12,12]}},{"__type__":"cc.SpriteFrame","content":{"name":"btn_short_org","texture":"49+r5mDyBNapD03aKSQGhl","rect":[0,0,223,80],"offset":[0,0],"originalSize":[223,80],"capInsets":[0,0,0,0]}},{"__type__":"cc.SpriteFrame","content":{"name":"guanbi","texture":"189664600","rect":[2,779,60,66],"offset":[0,0],"originalSize":[60,66],"rotated":1,"capInsets":[0,0,0,0]}},[{"__type__":"cc.Prefab","_name":"UIForbidAddUser","data":{"__id__":1}},{"__type__":"cc.Node","_name":"UIForbidAddUser","_children":[{"__id__":2},{"__id__":3},{"__id__":4},{"__id__":5},{"__id__":6},{"__id__":8},{"__id__":18},{"__id__":19},{"__id__":20}],"_components":[{"__type__":"cc.Widget","node":{"__id__":1},"alignMode":0,"_alignFlags":45,"_left":-100,"_right":-100,"_originalWidth":1750},{"__type__":"cc.Button","node":{"__id__":1},"_N$normalColor":{"__type__":"cc.Color","r":214,"g":214,"b":214},"_N$target":{"__id__":1}},{"__type__":"5aa9bTgLXJMkYeUJiE9rh6H","node":{"__id__":1},"ZorderLv":8,"EditBoxID":{"__id__":17},"btn_add":{"__id__":6}}],"_prefab":{"__type__":"cc.PrefabInfo","root":{"__id__":1},"asset":{"__uuid__":"4emrKLA71ApLzIrZ7EdNXp"},"fileId":"ccb76QTU+dFxZuJZv82D3cZ"},"_contentSize":{"__type__":"cc.Size","width":1560,"height":760},"_trs":{"__type__":"TypedArray","ctor":"Float64Array","array":[680,380,0,0,0,0,1,1,1,1]}},{"__type__":"cc.Node","_name":"bg","_parent":{"__id__":1},"_components":[{"__type__":"cc.Sprite","node":{"__id__":2},"_materials":[{"__uuid__":"ecpdLyjvZBwrvm+cedCcQy"}],"_spriteFrame":{"__uuid__":"86Zf39gLpJiYJ0+npxhZ2d"},"_type":1,"_sizeMode":0},{"__type__":"cc.Widget","node":{"__id__":2},"alignMode":0,"_alignFlags":45,"_originalWidth":1750,"_originalHeight":1020}],"_prefab":{"__type__":"cc.PrefabInfo","root":{"__id__":1},"asset":{"__uuid__":"4emrKLA71ApLzIrZ7EdNXp"},"fileId":"c0c01OJl9BBv52IoGQ6g11D"},"_contentSize":{"__type__":"cc.Size","width":1560,"height":760},"_trs":{"__type__":"TypedArray","ctor":"Float64Array","array":[0,0,0,0,0,0,1,1,1,1]}},{"__type__":"cc.Node","_name":"bg_create","_parent":{"__id__":1},"_components":[{"__type__":"cc.Sprite","node":{"__id__":3},"_materials":[{"__uuid__":"ecpdLyjvZBwrvm+cedCcQy"}],"_spriteFrame":{"__uuid__":"8dpmteRW9G/LLq8uXEtxQ0"},"_type":1}],"_prefab":{"__type__":"cc.PrefabInfo","root":{"__id__":1},"asset":{"__uuid__":"4emrKLA71ApLzIrZ7EdNXp"},"fileId":"87adb0bxg1JAIQ0tTLkqH1G"},"_contentSize":{"__type__":"cc.Size","width":984,"height":607},"_trs":{"__type__":"TypedArray","ctor":"Float64Array","array":[0,0,0,0,0,0,1,1,1,1]}},{"__type__":"cc.Node","_name":"img_t_bt","_parent":{"__id__":1},"_components":[{"__type__":"cc.Sprite","node":{"__id__":4},"_materials":[{"__uuid__":"ecpdLyjvZBwrvm+cedCcQy"}],"_spriteFrame":{"__uuid__":"74qkrKQ0dKd4SK1SxSiC28"}}],"_prefab":{"__type__":"cc.PrefabInfo","root":{"__id__":1},"asset":{"__uuid__":"4emrKLA71ApLzIrZ7EdNXp"},"fileId":"b7EV5GBeRHjLALZKFodnPI"},"_contentSize":{"__type__":"cc.Size","width":269,"height":39},"_trs":{"__type__":"TypedArray","ctor":"Float64Array","array":[0,259,0,0,0,0,1,1,1,1]}},{"__type__":"cc.Node","_name":"btn_close","_parent":{"__id__":1},"_components":[{"__type__":"cc.Button","node":{"__id__":5},"zoomScale":0.9,"clickEvents":[{"__type__":"cc.ClickEvent","target":{"__id__":1},"_componentId":"5aa9bTgLXJMkYeUJiE9rh6H","handler":"OnClick_BtnWnd"}],"_N$transition":3,"transition":3,"_N$pressedColor":{"__type__":"cc.Color","r":255,"g":255,"b":255},"pressedColor":{"__type__":"cc.Color","r":255,"g":255,"b":255},"_N$disabledColor":{"__type__":"cc.Color","r":255,"g":255,"b":255},"_N$normalSprite":{"__uuid__":"44LtTCo89GZbVww0gAMaAS"},"_N$pressedSprite":{"__uuid__":"e97GVMl6JHh5Ml5qEDdSGa"},"pressedSprite":{"__uuid__":"e97GVMl6JHh5Ml5qEDdSGa"},"_N$hoverSprite":{"__uuid__":"e97GVMl6JHh5Ml5qEDdSGa"},"hoverSprite":{"__uuid__":"e97GVMl6JHh5Ml5qEDdSGa"},"_N$disabledSprite":{"__uuid__":"29FYIk+N1GYaeWH/q1NxQO"},"_N$target":{"__id__":5}},{"__type__":"cc.Sprite","node":{"__id__":5},"_materials":[{"__uuid__":"ecpdLyjvZBwrvm+cedCcQy"}],"_spriteFrame":{"__uuid__":"d9ZhflMOxHW7JHl9dya866"}}],"_prefab":{"__type__":"cc.PrefabInfo","root":{"__id__":1},"asset":{"__uuid__":"4emrKLA71ApLzIrZ7EdNXp"},"fileId":"317ae7uOQRBTJB5jgHjmIma"},"_contentSize":{"__type__":"cc.Size","width":79,"height":80},"_trs":{"__type__":"TypedArray","ctor":"Float64Array","array":[475,247,0,0,0,0,1,1,1,1]}},{"__type__":"cc.Node","_name":"btn_add","_parent":{"__id__":1},"_children":[{"__id__":7}],"_components":[{"__type__":"cc.Button","node":{"__id__":6},"zoomScale":0.9,"clickEvents":[{"__type__":"cc.ClickEvent","target":{"__id__":1},"_componentId":"5aa9bTgLXJMkYeUJiE9rh6H","handler":"OnClick_BtnWnd"}],"_N$transition":3,"transition":3,"_N$pressedColor":{"__type__":"cc.Color","r":255,"g":255,"b":255},"pressedColor":{"__type__":"cc.Color","r":255,"g":255,"b":255},"_N$disabledColor":{"__type__":"cc.Color","r":255,"g":255,"b":255},"_N$normalSprite":{"__uuid__":"71zh05oHZMTpCEN893HoJJ"},"_N$pressedSprite":{"__uuid__":"e97GVMl6JHh5Ml5qEDdSGa"},"pressedSprite":{"__uuid__":"e97GVMl6JHh5Ml5qEDdSGa"},"_N$hoverSprite":{"__uuid__":"e97GVMl6JHh5Ml5qEDdSGa"},"hoverSprite":{"__uuid__":"e97GVMl6JHh5Ml5qEDdSGa"},"_N$disabledSprite":{"__uuid__":"29FYIk+N1GYaeWH/q1NxQO"},"_N$target":{"__id__":6}},{"__type__":"cc.Sprite","node":{"__id__":6},"_materials":[{"__uuid__":"ecpdLyjvZBwrvm+cedCcQy"}],"_spriteFrame":{"__uuid__":"29j7k0ZFtHwrNDogU8q1ZL"},"_sizeMode":0}],"_prefab":{"__type__":"cc.PrefabInfo","root":{"__id__":1},"asset":{"__uuid__":"4emrKLA71ApLzIrZ7EdNXp"},"fileId":"f864c8/LqlC2aAmWGrCdD0x"},"_contentSize":{"__type__":"cc.Size","width":280,"height":90},"_trs":{"__type__":"TypedArray","ctor":"Float64Array","array":[0,-187,0,0,0,0,1,1,1,1]}},{"__type__":"cc.Node","_name":"guanbi","_parent":{"__id__":6},"_components":[{"__type__":"cc.Label","node":{"__id__":7},"_materials":[{"__uuid__":"ecpdLyjvZBwrvm+cedCcQy"}],"_useOriginalSize":false,"_string":"添加禁止同桌","_N$string":"添加禁止同桌","_lineHeight":45,"_N$file":{"__uuid__":"5f5wQekV1CGpJW2meZozWn"},"_isSystemFontUsed":false,"_N$horizontalAlign":1,"_N$verticalAlign":1},{"__type__":"cc.LabelOutline","node":{"__id__":7},"_color":{"__type__":"cc.Color","r":169,"g":93},"_width":2}],"_prefab":{"__type__":"cc.PrefabInfo","root":{"__id__":1},"asset":{"__uuid__":"4emrKLA71ApLzIrZ7EdNXp"},"fileId":"9aed9bHbqZOQo998gZSptsJ"},"_contentSize":{"__type__":"cc.Size","width":244,"height":60.7},"_trs":{"__type__":"TypedArray","ctor":"Float64Array","array":[0,3,0,0,0,0,1,1,1,1]}},{"__type__":"cc.Node","_name":"input","_parent":{"__id__":1},"_children":[{"__id__":9},{"__id__":10}],"_components":[{"__type__":"cc.Sprite","node":{"__id__":8},"_materials":[{"__uuid__":"ecpdLyjvZBwrvm+cedCcQy"}],"_spriteFrame":{"__uuid__":"da7Ry9l65Lo61QtvbsocAs"}}],"_prefab":{"__type__":"cc.PrefabInfo","root":{"__id__":1},"asset":{"__uuid__":"4emrKLA71ApLzIrZ7EdNXp"},"fileId":"13K/Z/yaFFVqxaG8N54VgP"},"_contentSize":{"__type__":"cc.Size","width":401,"height":54},"_trs":{"__type__":"TypedArray","ctor":"Float64Array","array":[-38,133,0,0,0,0,1,1,1,1]}},{"__type__":"cc.Node","_name":"tip","_parent":{"__id__":8},"_components":[{"__type__":"cc.Sprite","node":{"__id__":9},"_materials":[{"__uuid__":"ecpdLyjvZBwrvm+cedCcQy"}],"_spriteFrame":{"__uuid__":"05XrSjN95G+YhAsEWCAcpG"}}],"_prefab":{"__type__":"cc.PrefabInfo","root":{"__id__":1},"asset":{"__uuid__":"4emrKLA71ApLzIrZ7EdNXp"},"fileId":"c5l1S+i9VKCJygHWOdQL6b"},"_contentSize":{"__type__":"cc.Size","width":36,"height":36},"_trs":{"__type__":"TypedArray","ctor":"Float64Array","array":[-165,0,0,0,0,0,1,1,1,1]}},{"__type__":"cc.Node","_name":"EditBox","_parent":{"__id__":8},"_children":[{"__id__":11},{"__id__":13},{"__id__":15}],"_components":[{"__id__":17}],"_prefab":{"__type__":"cc.PrefabInfo","root":{"__id__":1},"asset":{"__uuid__":"4emrKLA71ApLzIrZ7EdNXp"},"fileId":"3aOoHzMFxKNqtXBoJECX3L"},"_contentSize":{"__type__":"cc.Size","width":300,"height":70},"_anchorPoint":{"__type__":"cc.Vec2","y":0.5},"_trs":{"__type__":"TypedArray","ctor":"Float64Array","array":[-132.8,0,0,0,0,0,1,1,1,1]}},{"__type__":"cc.Node","_name":"BACKGROUND_SPRITE","_parent":{"__id__":10},"_components":[{"__id__":12}],"_prefab":{"__type__":"cc.PrefabInfo","root":{"__id__":1},"asset":{"__uuid__":"4emrKLA71ApLzIrZ7EdNXp"},"fileId":"3bCvKxUj9COJxkvDJfzM//"},"_contentSize":{"__type__":"cc.Size","width":300,"height":70},"_anchorPoint":{"__type__":"cc.Vec2","y":0.5},"_trs":{"__type__":"TypedArray","ctor":"Float64Array","array":[0,0,0,0,0,0,1,1,1,1]}},{"__type__":"cc.Sprite","node":{"__id__":11},"_type":1},{"__type__":"cc.Node","_name":"TEXT_LABEL","_parent":{"__id__":10},"_active":false,"_components":[{"__id__":14}],"_prefab":{"__type__":"cc.PrefabInfo","root":{"__id__":1},"asset":{"__uuid__":"4emrKLA71ApLzIrZ7EdNXp"},"fileId":"3eoQsn82lLApaBFaRCBgkc"},"_color":{"__type__":"cc.Color","r":193,"g":173,"b":155},"_contentSize":{"__type__":"cc.Size","width":298,"height":70},"_anchorPoint":{"__type__":"cc.Vec2","y":1},"_trs":{"__type__":"TypedArray","ctor":"Float64Array","array":[2,35.235,0,0,0,0,1,1,1,1]}},{"__type__":"cc.Label","node":{"__id__":13},"_fontSize":27,"_lineHeight":27,"_enableWrapText":false,"_N$file":{"__uuid__":"5f5wQekV1CGpJW2meZozWn"},"_isSystemFontUsed":false,"_N$verticalAlign":1,"_N$overflow":1},{"__type__":"cc.Node","_name":"PLACEHOLDER_LABEL","_parent":{"__id__":10},"_components":[{"__id__":16}],"_prefab":{"__type__":"cc.PrefabInfo","root":{"__id__":1},"asset":{"__uuid__":"4emrKLA71ApLzIrZ7EdNXp"},"fileId":"23rvYvdwRFMYsqMtFFwUO/"},"_color":{"__type__":"cc.Color","r":193,"g":173,"b":155},"_contentSize":{"__type__":"cc.Size","width":240.36,"height":50.4},"_anchorPoint":{"__type__":"cc.Vec2","y":1},"_trs":{"__type__":"TypedArray","ctor":"Float64Array","array":[2,25.401,0,0,0,0,1,1,1,1]}},{"__type__":"cc.Label","node":{"__id__":15},"_materials":[{"__uuid__":"ecpdLyjvZBwrvm+cedCcQy"}],"_string":"请输入玩家ID或备注","_N$string":"请输入玩家ID或备注","_fontSize":27,"_enableWrapText":false,"_N$file":{"__uuid__":"5f5wQekV1CGpJW2meZozWn"},"_isSystemFontUsed":false,"_N$verticalAlign":1},{"__type__":"cc.EditBox","node":{"__id__":10},"_useOriginalSize":false,"_N$textLabel":{"__id__":14},"_N$placeholderLabel":{"__id__":16},"_N$background":{"__id__":12},"_N$inputMode":6},{"__type__":"cc.Node","_name":"btn_search","_parent":{"__id__":1},"_components":[{"__type__":"cc.Sprite","node":{"__id__":18},"_materials":[{"__uuid__":"ecpdLyjvZBwrvm+cedCcQy"}],"_spriteFrame":{"__uuid__":"4fwp7c/UZONbc+zzlQmAZ8"}},{"__type__":"cc.Button","node":{"__id__":18},"clickEvents":[{"__type__":"cc.ClickEvent","target":{"__id__":1},"_componentId":"5aa9bTgLXJMkYeUJiE9rh6H","handler":"OnClick_BtnWnd"}],"_N$transition":3,"transition":3,"_N$normalColor":{"__type__":"cc.Color","r":214,"g":214,"b":214},"_N$target":{"__id__":18}}],"_prefab":{"__type__":"cc.PrefabInfo","root":{"__id__":1},"asset":{"__uuid__":"4emrKLA71ApLzIrZ7EdNXp"},"fileId":"4ehfuxrcxPWZJx0T8KhPxM"},"_contentSize":{"__type__":"cc.Size","width":132,"height":54},"_trs":{"__type__":"TypedArray","ctor":"Float64Array","array":[246,133,0,0,0,0,1,1,1,1]}},{"__type__":"cc.Node","_name":"lb_tip","_parent":{"__id__":1},"_components":[{"__type__":"cc.Label","node":{"__id__":19},"_materials":[{"__uuid__":"ecpdLyjvZBwrvm+cedCcQy"}],"_useOriginalSize":false,"_string":"添加禁止同桌后，该玩家与同一个限制组的其他成员不能在同一个房间内游戏","_N$string":"添加禁止同桌后，该玩家与同一个限制组的其他成员不能在同一个房间内游戏","_fontSize":22,"_lineHeight":28,"_N$file":{"__uuid__":"5f5wQekV1CGpJW2meZozWn"},"_isSystemFontUsed":false,"_N$horizontalAlign":1,"_N$verticalAlign":1}],"_prefab":{"__type__":"cc.PrefabInfo","root":{"__id__":1},"asset":{"__uuid__":"4emrKLA71ApLzIrZ7EdNXp"},"fileId":"10cCqB90hNc4Mfk1jidWq9"},"_color":{"__type__":"cc.Color","r":246,"g":116,"b":44},"_contentSize":{"__type__":"cc.Size","width":748,"height":35.28},"_trs":{"__type__":"TypedArray","ctor":"Float64Array","array":[0,-256.21,0,0,0,0,1,1,1,1]}},{"__type__":"cc.Node","_name":"user","_parent":{"__id__":1},"_children":[{"__id__":21},{"__id__":22},{"__id__":23}],"_prefab":{"__type__":"cc.PrefabInfo","root":{"__id__":1},"asset":{"__uuid__":"4emrKLA71ApLzIrZ7EdNXp"},"fileId":"a66CQf2tZFLad1gBb6/hZp"},"_trs":{"__type__":"TypedArray","ctor":"Float64Array","array":[-2,10,0,0,0,0,1,1,1,1]}},{"__type__":"cc.Node","_name":"name","_parent":{"__id__":20},"_components":[{"__type__":"cc.Label","node":{"__id__":21},"_materials":[{"__uuid__":"ecpdLyjvZBwrvm+cedCcQy"}],"_useOriginalSize":false,"_string":"玩家姓名七个字","_N$string":"玩家姓名七个字","_fontSize":28,"_lineHeight":28,"_N$file":{"__uuid__":"5f5wQekV1CGpJW2meZozWn"},"_isSystemFontUsed":false,"_N$horizontalAlign":1,"_N$verticalAlign":1}],"_prefab":{"__type__":"cc.PrefabInfo","root":{"__id__":1},"asset":{"__uuid__":"4emrKLA71ApLzIrZ7EdNXp"},"fileId":"d370GPc/5OJ7oCDM7cvpVO"},"_color":{"__type__":"cc.Color","r":153,"g":137,"b":92},"_contentSize":{"__type__":"cc.Size","width":196,"height":35.28},"_trs":{"__type__":"TypedArray","ctor":"Float64Array","array":[-13,-67.4,0,0,0,0,1,1,1,1]}},{"__type__":"cc.Node","_name":"head","_parent":{"__id__":20},"_components":[{"__type__":"cc.Sprite","node":{"__id__":22},"_materials":[{"__uuid__":"ecpdLyjvZBwrvm+cedCcQy"}],"_spriteFrame":{"__uuid__":"e6JNuRrHVFM4KYnmai3HR+"},"_sizeMode":0},{"__type__":"f42b8ZzNWFKKI/QT/n8cR1+","node":{"__id__":22}}],"_prefab":{"__type__":"cc.PrefabInfo","root":{"__id__":1},"asset":{"__uuid__":"4emrKLA71ApLzIrZ7EdNXp"},"fileId":"7fDy31CXlLk6Zo2wWwSO6Y"},"_contentSize":{"__type__":"cc.Size","width":80,"height":80},"_trs":{"__type__":"TypedArray","ctor":"Float64Array","array":[-12,10.2,0,0,0,0,1,1,1,1]}},{"__type__":"cc.Node","_name":"id","_parent":{"__id__":20},"_components":[{"__type__":"cc.Label","node":{"__id__":23},"_materials":[{"__uuid__":"ecpdLyjvZBwrvm+cedCcQy"}],"_useOriginalSize":false,"_string":"ID：71048888","_N$string":"ID：71048888","_fontSize":28,"_lineHeight":28,"_N$file":{"__uuid__":"5f5wQekV1CGpJW2meZozWn"},"_isSystemFontUsed":false,"_N$horizontalAlign":1,"_N$verticalAlign":1}],"_prefab":{"__type__":"cc.PrefabInfo","root":{"__id__":1},"asset":{"__uuid__":"4emrKLA71ApLzIrZ7EdNXp"},"fileId":"d9ZLF2LIlOaJJuaCzuZt6j"},"_color":{"__type__":"cc.Color","r":153,"g":137,"b":92},"_contentSize":{"__type__":"cc.Size","width":174.34,"height":35.28},"_trs":{"__type__":"TypedArray","ctor":"Float64Array","array":[-13.1,-112.6,0,0,0,0,1,1,1,1]}}],{"__type__":"cc.SpriteFrame","content":{"name":"btn_ss","texture":"2bTsGDbVREKr/3cUwPgIOr","rect":[0,0,132,54],"offset":[0,0],"originalSize":[132,54],"capInsets":[0,0,0,0]}},{"__type__":"cc.SpriteFrame","content":{"name":"btn_bg1off","texture":"189664600","rect":[2,517,258,94],"offset":[0,0],"originalSize":[258,94],"rotated":1,"capInsets":[0,0,0,0]}},{"__type__":"cc.SpriteFrame","content":{"name":"img_t_bt","texture":"33xvKbTa5D0qXTeedklcB9","rect":[0,0,269,39],"offset":[0,0],"originalSize":[269,39],"capInsets":[0,0,0,0]}},{"__type__":"cc.SpriteFrame","content":{"name":"img_black_60","texture":"e5dLSpyq9NPZ8mPvfDyGXH","rect":[0,0,100,100],"offset":[0,0],"originalSize":[100,100],"capInsets":[0,0,0,0]}},{"__type__":"cc.SpriteFrame","content":{"name":"img_mid_tc","texture":"4asdMjgIdHFY50gLjCBJEI","rect":[0,0,984,607],"offset":[0,0],"originalSize":[984,607],"capInsets":[0,151,0,48]}},{"__type__":"cc.SpriteFrame","content":{"name":"btn_close","texture":"adT+cX5aVEFrD91N8Yp4Db","rect":[0,0,79,80],"offset":[0,0],"originalSize":[79,80],"capInsets":[0,0,0,0]}},{"__type__":"cc.SpriteFrame","content":{"name":"bg_ss_input","texture":"ca/EeS3yFMBIeT2HPCRGmS","rect":[0,0,401,54],"offset":[0,0],"originalSize":[401,54],"capInsets":[93,14,85,14]}},{"__type__":"cc.SpriteFrame","content":{"name":"morentouxiang","texture":"189664600","rect":[181,652,60,60],"offset":[0,0],"originalSize":[60,60],"capInsets":[0,0,0,0]}},{"__type__":"cc.SpriteFrame","content":{"name":"default_btn_pressed","texture":"b4P/PCArtIdIH38t6mlw8Y","rect":[0,0,40,40],"offset":[0,0],"originalSize":[40,40],"capInsets":[12,12,12,12]}}]