[{"__type__":"cc.SpriteFrame","content":{"name":"img_wo02","texture":"9bSDVR48VKqZu7nVUOGrk0","rect":[0,0,76,74],"offset":[0,0],"originalSize":[76,74],"capInsets":[0,0,0,0]}},[{"__type__":"cc.Prefab","_name":"rcwsk3_winlost_child","data":{"__id__":1}},{"__type__":"cc.Node","_name":"rcwsk3_winlost_child","_children":[{"__id__":2},{"__id__":3},{"__id__":4},{"__id__":5},{"__id__":6},{"__id__":7},{"__id__":8},{"__id__":9},{"__id__":10},{"__id__":11},{"__id__":12},{"__id__":13},{"__id__":14},{"__id__":15},{"__id__":17},{"__id__":18},{"__id__":19},{"__id__":20},{"__id__":21},{"__id__":22},{"__id__":23},{"__id__":24}],"_components":[{"__type__":"cc.Sprite","node":{"__id__":1},"_materials":[{"__uuid__":"ecpdLyjvZBwrvm+cedCcQy"}],"_spriteFrame":{"__uuid__":"feuDmQ3EVBl6a8kl6T8psJ"}},{"__type__":"7a016Q+O6FG1J/bQ1d632S9","node":{"__id__":1},"prefab_zhadan":{"__uuid__":"58Uv6//lJExbFT9kGcjzYO"},"prefab_card":{"__uuid__":"50Ovmy3phCNJFMj4n3sqOX"},"lbSportsPoint":{"__id__":16}}],"_prefab":{"__type__":"cc.PrefabInfo","root":{"__id__":1},"asset":{"__uuid__":"29eYPGS3NHt70tqWCZQxq3"},"fileId":"fe0vc42A9DPZqpezm+gMLg"},"_contentSize":{"__type__":"cc.Size","width":283,"height":505},"_anchorPoint":{"__type__":"cc.Vec2","x":0.5,"y":1},"_trs":{"__type__":"TypedArray","ctor":"Float64Array","array":[-30,0,0,0,0,0,1,0.86,0.86,1]}},{"__type__":"cc.Node","_name":"lb_you","_parent":{"__id__":1},"_components":[{"__type__":"cc.Label","node":{"__id__":2},"_materials":[{"__uuid__":"ecpdLyjvZBwrvm+cedCcQy"}],"_useOriginalSize":false,"_string":"一游","_N$string":"一游","_fontSize":26,"_lineHeight":34,"_isSystemFontUsed":false,"_N$horizontalAlign":1,"_N$verticalAlign":1}],"_prefab":{"__type__":"cc.PrefabInfo","root":{"__id__":1},"asset":{"__uuid__":"29eYPGS3NHt70tqWCZQxq3"},"fileId":"3dCWx1pUlHpbuGeoHmcThJ"},"_contentSize":{"__type__":"cc.Size","width":52,"height":42.84},"_trs":{"__type__":"TypedArray","ctor":"Float64Array","array":[-107.328,-17.888,0,0,0,0,1,1,1,1]}},{"__type__":"cc.Node","_name":"head","_parent":{"__id__":1},"_components":[{"__type__":"cc.Sprite","node":{"__id__":3},"_materials":[{"__uuid__":"ecpdLyjvZBwrvm+cedCcQy"}],"_spriteFrame":{"__uuid__":"e6JNuRrHVFM4KYnmai3HR+"},"_sizeMode":0},{"__type__":"f42b8ZzNWFKKI/QT/n8cR1+","node":{"__id__":3}}],"_prefab":{"__type__":"cc.PrefabInfo","root":{"__id__":1},"asset":{"__uuid__":"29eYPGS3NHt70tqWCZQxq3"},"fileId":"8dKJwp+5JGNL+Z+DljJteD"},"_contentSize":{"__type__":"cc.Size","width":70,"height":70},"_trs":{"__type__":"TypedArray","ctor":"Float64Array","array":[-70.725,-68.779,0,0,0,0,1,1,1,1]}},{"__type__":"cc.Node","_name":"lb_name","_parent":{"__id__":1},"_components":[{"__type__":"cc.Label","node":{"__id__":4},"_materials":[{"__uuid__":"ecpdLyjvZBwrvm+cedCcQy"}],"_useOriginalSize":false,"_string":"昵称","_N$string":"昵称","_fontSize":26,"_lineHeight":26,"_N$file":{"__uuid__":"5f5wQekV1CGpJW2meZozWn"},"_isSystemFontUsed":false,"_N$horizontalAlign":1,"_N$verticalAlign":1}],"_prefab":{"__type__":"cc.PrefabInfo","root":{"__id__":1},"asset":{"__uuid__":"29eYPGS3NHt70tqWCZQxq3"},"fileId":"18NvvODP9IZITPiE9m67K2"},"_color":{"__type__":"cc.Color","r":180,"g":106,"b":13},"_contentSize":{"__type__":"cc.Size","width":52,"height":32.76},"_anchorPoint":{"__type__":"cc.Vec2","y":0.5},"_trs":{"__type__":"TypedArray","ctor":"Float64Array","array":[-25.305,-51.259,0,0,0,0,1,1,1,1]}},{"__type__":"cc.Node","_name":"lb_id","_parent":{"__id__":1},"_components":[{"__type__":"cc.Label","node":{"__id__":5},"_materials":[{"__uuid__":"ecpdLyjvZBwrvm+cedCcQy"}],"_useOriginalSize":false,"_string":"ID:000000","_N$string":"ID:000000","_fontSize":26,"_lineHeight":26,"_N$file":{"__uuid__":"5f5wQekV1CGpJW2meZozWn"},"_isSystemFontUsed":false,"_N$horizontalAlign":1,"_N$verticalAlign":1}],"_prefab":{"__type__":"cc.PrefabInfo","root":{"__id__":1},"asset":{"__uuid__":"29eYPGS3NHt70tqWCZQxq3"},"fileId":"6cMlRYiXZOHbedcoxHon/0"},"_color":{"__type__":"cc.Color","r":180,"g":106,"b":13},"_contentSize":{"__type__":"cc.Size","width":119.34,"height":32.76},"_anchorPoint":{"__type__":"cc.Vec2","y":0.5},"_trs":{"__type__":"TypedArray","ctor":"Float64Array","array":[-25.305,-85.648,0,0,0,0,1,1,1,1]}},{"__type__":"cc.Node","_name":"tip","_parent":{"__id__":1},"_components":[{"__type__":"cc.Label","node":{"__id__":6},"_materials":[{"__uuid__":"ecpdLyjvZBwrvm+cedCcQy"}],"_useOriginalSize":false,"_string":"报警:","_N$string":"报警:","_fontSize":26,"_lineHeight":26,"_N$file":{"__uuid__":"5f5wQekV1CGpJW2meZozWn"},"_isSystemFontUsed":false,"_N$horizontalAlign":1,"_N$verticalAlign":1}],"_prefab":{"__type__":"cc.PrefabInfo","root":{"__id__":1},"asset":{"__uuid__":"29eYPGS3NHt70tqWCZQxq3"},"fileId":"f2I1CifV1Ka6gIneN6vm17"},"_color":{"__type__":"cc.Color","r":131,"g":70,"b":4},"_contentSize":{"__type__":"cc.Size","width":58.91,"height":32.76},"_trs":{"__type__":"TypedArray","ctor":"Float64Array","array":[-68.509,-125.163,0,0,0,0,1,1,1,1]}},{"__type__":"cc.Node","_name":"lb_baojing","_parent":{"__id__":1},"_components":[{"__type__":"cc.Label","node":{"__id__":7},"_materials":[{"__uuid__":"ecpdLyjvZBwrvm+cedCcQy"}],"_useOriginalSize":false,"_string":"0","_N$string":"0","_fontSize":28,"_lineHeight":28,"_N$file":{"__uuid__":"5f5wQekV1CGpJW2meZozWn"},"_isSystemFontUsed":false,"_N$horizontalAlign":1,"_N$verticalAlign":1}],"_prefab":{"__type__":"cc.PrefabInfo","root":{"__id__":1},"asset":{"__uuid__":"29eYPGS3NHt70tqWCZQxq3"},"fileId":"32/3WJNeJJAJPWGbYaxCsg"},"_color":{"__type__":"cc.Color","r":8,"g":137,"b":114},"_contentSize":{"__type__":"cc.Size","width":15.97,"height":35.28},"_trs":{"__type__":"TypedArray","ctor":"Float64Array","array":[76,-125.163,0,0,0,0,1,1,1,1]}},{"__type__":"cc.Node","_name":"lb_fangdan","_parent":{"__id__":1},"_components":[{"__type__":"cc.Label","node":{"__id__":8},"_materials":[{"__uuid__":"ecpdLyjvZBwrvm+cedCcQy"}],"_useOriginalSize":false,"_string":"0","_N$string":"0","_fontSize":28,"_lineHeight":28,"_N$file":{"__uuid__":"5f5wQekV1CGpJW2meZozWn"},"_isSystemFontUsed":false,"_N$horizontalAlign":1,"_N$verticalAlign":1}],"_prefab":{"__type__":"cc.PrefabInfo","root":{"__id__":1},"asset":{"__uuid__":"29eYPGS3NHt70tqWCZQxq3"},"fileId":"56thSjy0hGXrMNBoDq6NTy"},"_color":{"__type__":"cc.Color","r":8,"g":137,"b":114},"_contentSize":{"__type__":"cc.Size","width":15.97,"height":35.28},"_trs":{"__type__":"TypedArray","ctor":"Float64Array","array":[76,-174.476,0,0,0,0,1,1,1,1]}},{"__type__":"cc.Node","_name":"lb_huaipai","_parent":{"__id__":1},"_components":[{"__type__":"cc.Label","node":{"__id__":9},"_materials":[{"__uuid__":"ecpdLyjvZBwrvm+cedCcQy"}],"_useOriginalSize":false,"_string":"0","_N$string":"0","_fontSize":28,"_lineHeight":28,"_N$file":{"__uuid__":"5f5wQekV1CGpJW2meZozWn"},"_isSystemFontUsed":false,"_N$horizontalAlign":1,"_N$verticalAlign":1}],"_prefab":{"__type__":"cc.PrefabInfo","root":{"__id__":1},"asset":{"__uuid__":"29eYPGS3NHt70tqWCZQxq3"},"fileId":"8dAVXRGftAm5kMnLnX7iTH"},"_color":{"__type__":"cc.Color","r":8,"g":137,"b":114},"_contentSize":{"__type__":"cc.Size","width":15.97,"height":35.28},"_trs":{"__type__":"TypedArray","ctor":"Float64Array","array":[76,-222.491,0,0,0,0,1,1,1,1]}},{"__type__":"cc.Node","_name":"lb_winlost","_parent":{"__id__":1},"_components":[{"__type__":"cc.Label","node":{"__id__":10},"_materials":[{"__uuid__":"ecpdLyjvZBwrvm+cedCcQy"}],"_useOriginalSize":false,"_string":"0","_N$string":"0","_fontSize":28,"_lineHeight":28,"_N$file":{"__uuid__":"5f5wQekV1CGpJW2meZozWn"},"_isSystemFontUsed":false,"_N$horizontalAlign":1,"_N$verticalAlign":1}],"_prefab":{"__type__":"cc.PrefabInfo","root":{"__id__":1},"asset":{"__uuid__":"29eYPGS3NHt70tqWCZQxq3"},"fileId":"ed7r/3LQ9OdoiZJEZkoFaq"},"_color":{"__type__":"cc.Color","r":8,"g":137,"b":114},"_contentSize":{"__type__":"cc.Size","width":15.97,"height":35.28},"_trs":{"__type__":"TypedArray","ctor":"Float64Array","array":[76,-269.857,0,0,0,0,1,1,1,1]}},{"__type__":"cc.Node","_name":"ziji","_parent":{"__id__":1},"_components":[{"__type__":"cc.Sprite","node":{"__id__":11},"_materials":[{"__uuid__":"ecpdLyjvZBwrvm+cedCcQy"}],"_spriteFrame":{"__uuid__":"17jrJM1vZEtbdDXRuEXPaT"}}],"_prefab":{"__type__":"cc.PrefabInfo","root":{"__id__":1},"asset":{"__uuid__":"29eYPGS3NHt70tqWCZQxq3"},"fileId":"3frkS478FJg427yjlKqWoX"},"_contentSize":{"__type__":"cc.Size","width":76,"height":74},"_trs":{"__type__":"TypedArray","ctor":"Float64Array","array":[104.219,-34.752,0,0,0,0,1,1,1,1]}},{"__type__":"cc.Node","_name":"lb_chifen","_parent":{"__id__":1},"_active":false,"_components":[{"__type__":"cc.Label","node":{"__id__":12},"_materials":[{"__uuid__":"ecpdLyjvZBwrvm+cedCcQy"}],"_useOriginalSize":false,"_string":"0","_N$string":"0","_fontSize":28,"_lineHeight":28,"_N$file":{"__uuid__":"5f5wQekV1CGpJW2meZozWn"},"_isSystemFontUsed":false,"_N$horizontalAlign":1,"_N$verticalAlign":1}],"_prefab":{"__type__":"cc.PrefabInfo","root":{"__id__":1},"asset":{"__uuid__":"29eYPGS3NHt70tqWCZQxq3"},"fileId":"190tCz83FBkocEVXgTOGv0"},"_color":{"__type__":"cc.Color","r":8,"g":137,"b":114},"_contentSize":{"__type__":"cc.Size","width":15.97,"height":35.28},"_trs":{"__type__":"TypedArray","ctor":"Float64Array","array":[76,-321.616,0,0,0,0,1,1,1,1]}},{"__type__":"cc.Node","_name":"lb_point","_parent":{"__id__":1},"_components":[{"__type__":"cc.Label","node":{"__id__":13},"_materials":[{"__uuid__":"ecpdLyjvZBwrvm+cedCcQy"}],"_useOriginalSize":false,"_string":"0","_N$string":"0","_fontSize":28,"_lineHeight":32,"_N$file":{"__uuid__":"5f5wQekV1CGpJW2meZozWn"},"_isSystemFontUsed":false,"_N$horizontalAlign":1,"_N$verticalAlign":1},{"__type__":"cc.LabelOutline","node":{"__id__":13},"_color":{"__type__":"cc.Color","r":175,"g":95,"b":26},"_width":2}],"_prefab":{"__type__":"cc.PrefabInfo","root":{"__id__":1},"asset":{"__uuid__":"29eYPGS3NHt70tqWCZQxq3"},"fileId":"afgnNdv2tIB59SqgYZ5GLh"},"_color":{"__type__":"cc.Color","r":254,"g":255,"b":255},"_contentSize":{"__type__":"cc.Size","width":19.97,"height":44.32},"_trs":{"__type__":"TypedArray","ctor":"Float64Array","array":[76.984,-322.935,0,0,0,0,1,1,1,1]}},{"__type__":"cc.Node","_name":"lb_roompoint","_parent":{"__id__":1},"_components":[{"__type__":"cc.Label","node":{"__id__":14},"_materials":[{"__uuid__":"ecpdLyjvZBwrvm+cedCcQy"}],"_useOriginalSize":false,"_string":"0","_N$string":"0","_fontSize":28,"_lineHeight":32,"_N$file":{"__uuid__":"5f5wQekV1CGpJW2meZozWn"},"_isSystemFontUsed":false,"_N$horizontalAlign":1,"_N$verticalAlign":1},{"__type__":"cc.LabelOutline","node":{"__id__":14},"_color":{"__type__":"cc.Color","r":175,"g":95,"b":26},"_width":2}],"_prefab":{"__type__":"cc.PrefabInfo","root":{"__id__":1},"asset":{"__uuid__":"29eYPGS3NHt70tqWCZQxq3"},"fileId":"b3m9wPZItGobLOMNyhrFMk"},"_color":{"__type__":"cc.Color","r":254,"g":255,"b":255},"_contentSize":{"__type__":"cc.Size","width":19.97,"height":44.32},"_trs":{"__type__":"TypedArray","ctor":"Float64Array","array":[76.984,-369.158,0,0,0,0,1,1,1,1]}},{"__type__":"cc.Node","_name":"lb_sportsPoint","_parent":{"__id__":1},"_components":[{"__id__":16},{"__type__":"cc.LabelOutline","node":{"__id__":15},"_color":{"__type__":"cc.Color","r":175,"g":95,"b":26},"_width":2}],"_prefab":{"__type__":"cc.PrefabInfo","root":{"__id__":1},"asset":{"__uuid__":"29eYPGS3NHt70tqWCZQxq3"},"fileId":"a650sviNhM77vYSA4X1+CD"},"_color":{"__type__":"cc.Color","r":254,"g":255,"b":255},"_contentSize":{"__type__":"cc.Size","width":22.25,"height":49.36},"_trs":{"__type__":"TypedArray","ctor":"Float64Array","array":[77.226,-417.364,0,0,0,0,1,1,1,1]}},{"__type__":"cc.Label","node":{"__id__":15},"_materials":[{"__uuid__":"ecpdLyjvZBwrvm+cedCcQy"}],"_useOriginalSize":false,"_string":"0","_N$string":"0","_fontSize":32,"_lineHeight":36,"_N$file":{"__uuid__":"5f5wQekV1CGpJW2meZozWn"},"_isSystemFontUsed":false,"_N$horizontalAlign":1,"_N$verticalAlign":1},{"__type__":"cc.Node","_name":"tip2","_parent":{"__id__":1},"_components":[{"__type__":"cc.Label","node":{"__id__":17},"_materials":[{"__uuid__":"ecpdLyjvZBwrvm+cedCcQy"}],"_useOriginalSize":false,"_string":"放弹:","_N$string":"放弹:","_fontSize":26,"_lineHeight":26,"_N$file":{"__uuid__":"5f5wQekV1CGpJW2meZozWn"},"_isSystemFontUsed":false,"_N$horizontalAlign":1,"_N$verticalAlign":1}],"_prefab":{"__type__":"cc.PrefabInfo","root":{"__id__":1},"asset":{"__uuid__":"29eYPGS3NHt70tqWCZQxq3"},"fileId":"0cygdQV6pKM6aRUUJSx4BS"},"_color":{"__type__":"cc.Color","r":131,"g":70,"b":4},"_contentSize":{"__type__":"cc.Size","width":58.91,"height":32.76},"_trs":{"__type__":"TypedArray","ctor":"Float64Array","array":[-68.509,-173.741,0,0,0,0,1,1,1,1]}},{"__type__":"cc.Node","_name":"tip3","_parent":{"__id__":1},"_components":[{"__type__":"cc.Label","node":{"__id__":18},"_materials":[{"__uuid__":"ecpdLyjvZBwrvm+cedCcQy"}],"_useOriginalSize":false,"_string":"换牌局:","_N$string":"换牌局:","_fontSize":26,"_lineHeight":26,"_N$file":{"__uuid__":"5f5wQekV1CGpJW2meZozWn"},"_isSystemFontUsed":false,"_N$horizontalAlign":1,"_N$verticalAlign":1}],"_prefab":{"__type__":"cc.PrefabInfo","root":{"__id__":1},"asset":{"__uuid__":"29eYPGS3NHt70tqWCZQxq3"},"fileId":"c5KyDHo6NJr7/X0Oj/v7AC"},"_color":{"__type__":"cc.Color","r":131,"g":70,"b":4},"_contentSize":{"__type__":"cc.Size","width":84.91,"height":32.76},"_trs":{"__type__":"TypedArray","ctor":"Float64Array","array":[-54.74,-223.703,0,0,0,0,1,1,1,1]}},{"__type__":"cc.Node","_name":"tip4","_parent":{"__id__":1},"_components":[{"__type__":"cc.Label","node":{"__id__":19},"_materials":[{"__uuid__":"ecpdLyjvZBwrvm+cedCcQy"}],"_useOriginalSize":false,"_string":"胜负局:","_N$string":"胜负局:","_fontSize":26,"_lineHeight":26,"_N$file":{"__uuid__":"5f5wQekV1CGpJW2meZozWn"},"_isSystemFontUsed":false,"_N$horizontalAlign":1,"_N$verticalAlign":1}],"_prefab":{"__type__":"cc.PrefabInfo","root":{"__id__":1},"asset":{"__uuid__":"29eYPGS3NHt70tqWCZQxq3"},"fileId":"5bW1WXDmJDK59wrQQh2Djn"},"_color":{"__type__":"cc.Color","r":131,"g":70,"b":4},"_contentSize":{"__type__":"cc.Size","width":84.91,"height":32.76},"_trs":{"__type__":"TypedArray","ctor":"Float64Array","array":[-54.655,-270.493,0,0,0,0,1,1,1,1]}},{"__type__":"cc.Node","_name":"tip5","_parent":{"__id__":1},"_active":false,"_components":[{"__type__":"cc.Label","node":{"__id__":20},"_materials":[{"__uuid__":"ecpdLyjvZBwrvm+cedCcQy"}],"_useOriginalSize":false,"_string":"吃分:","_N$string":"吃分:","_fontSize":26,"_lineHeight":26,"_N$file":{"__uuid__":"5f5wQekV1CGpJW2meZozWn"},"_isSystemFontUsed":false,"_N$horizontalAlign":1,"_N$verticalAlign":1}],"_prefab":{"__type__":"cc.PrefabInfo","root":{"__id__":1},"asset":{"__uuid__":"29eYPGS3NHt70tqWCZQxq3"},"fileId":"d8BWw/b1BAQ7AekZUeaB4n"},"_color":{"__type__":"cc.Color","r":131,"g":70,"b":4},"_contentSize":{"__type__":"cc.Size","width":58.91,"height":32.76},"_trs":{"__type__":"TypedArray","ctor":"Float64Array","array":[-68.509,-319.961,0,0,0,0,1,1,1,1]}},{"__type__":"cc.Node","_name":"tip6","_parent":{"__id__":1},"_components":[{"__type__":"cc.Label","node":{"__id__":21},"_materials":[{"__uuid__":"ecpdLyjvZBwrvm+cedCcQy"}],"_useOriginalSize":false,"_string":"此局总赢:","_N$string":"此局总赢:","_fontSize":26,"_lineHeight":26,"_N$file":{"__uuid__":"5f5wQekV1CGpJW2meZozWn"},"_isSystemFontUsed":false,"_N$horizontalAlign":1,"_N$verticalAlign":1}],"_prefab":{"__type__":"cc.PrefabInfo","root":{"__id__":1},"asset":{"__uuid__":"29eYPGS3NHt70tqWCZQxq3"},"fileId":"03KTlv8sBCGpt+iZTpdDAO"},"_color":{"__type__":"cc.Color","r":131,"g":70,"b":4},"_contentSize":{"__type__":"cc.Size","width":110.91,"height":32.76},"_trs":{"__type__":"TypedArray","ctor":"Float64Array","array":[-42.939,-320.346,0,0,0,0,1,1,1,1]}},{"__type__":"cc.Node","_name":"tip7","_parent":{"__id__":1},"_components":[{"__type__":"cc.Label","node":{"__id__":22},"_materials":[{"__uuid__":"ecpdLyjvZBwrvm+cedCcQy"}],"_useOriginalSize":false,"_string":"总分:","_N$string":"总分:","_fontSize":26,"_lineHeight":26,"_N$file":{"__uuid__":"5f5wQekV1CGpJW2meZozWn"},"_isSystemFontUsed":false,"_N$horizontalAlign":1,"_N$verticalAlign":1}],"_prefab":{"__type__":"cc.PrefabInfo","root":{"__id__":1},"asset":{"__uuid__":"29eYPGS3NHt70tqWCZQxq3"},"fileId":"caz2MYGI5F3aF7Budca4uP"},"_color":{"__type__":"cc.Color","r":131,"g":70,"b":4},"_contentSize":{"__type__":"cc.Size","width":58.91,"height":32.76},"_trs":{"__type__":"TypedArray","ctor":"Float64Array","array":[-67.526,-366.557,0,0,0,0,1,1,1,1]}},{"__type__":"cc.Node","_name":"tip8","_parent":{"__id__":1},"_components":[{"__type__":"cc.Label","node":{"__id__":23},"_materials":[{"__uuid__":"ecpdLyjvZBwrvm+cedCcQy"}],"_useOriginalSize":false,"_string":"比赛分:","_N$string":"比赛分:","_fontSize":26,"_lineHeight":26,"_N$file":{"__uuid__":"5f5wQekV1CGpJW2meZozWn"},"_isSystemFontUsed":false,"_N$horizontalAlign":1,"_N$verticalAlign":1}],"_prefab":{"__type__":"cc.PrefabInfo","root":{"__id__":1},"asset":{"__uuid__":"29eYPGS3NHt70tqWCZQxq3"},"fileId":"21DV/42ZlHXZ7iN2SG7HCu"},"_color":{"__type__":"cc.Color","r":131,"g":70,"b":4},"_contentSize":{"__type__":"cc.Size","width":84.91,"height":32.76},"_trs":{"__type__":"TypedArray","ctor":"Float64Array","array":[-56.496,-417.029,0,0,0,0,1,1,1,1]}},{"__type__":"cc.Node","_name":"lb_rank","_parent":{"__id__":1},"_components":[{"__type__":"cc.Label","node":{"__id__":24},"_materials":[{"__uuid__":"ecpdLyjvZBwrvm+cedCcQy"}],"_useOriginalSize":false,"_string":"红方","_N$string":"红方","_fontSize":30,"_lineHeight":30,"_N$file":{"__uuid__":"5f5wQekV1CGpJW2meZozWn"},"_isSystemFontUsed":false,"_N$horizontalAlign":1,"_N$verticalAlign":1}],"_prefab":{"__type__":"cc.PrefabInfo","root":{"__id__":1},"asset":{"__uuid__":"29eYPGS3NHt70tqWCZQxq3"},"fileId":"6dSFtFR1NOYq7bHFs6Jv6t"},"_color":{"__type__":"cc.Color","r":247,"g":5,"b":5},"_contentSize":{"__type__":"cc.Size","width":60,"height":37.8},"_trs":{"__type__":"TypedArray","ctor":"Float64Array","array":[0,-20.862,0,0,0,0,1,1,1,1]}}],{"__type__":"cc.SpriteFrame","content":{"name":"morentouxiang","texture":"189664600","rect":[181,652,60,60],"offset":[0,0],"originalSize":[60,60],"capInsets":[0,0,0,0]}},{"__type__":"cc.SpriteFrame","content":{"name":"img_di","texture":"96PhSgnB5Fmaf+792Nj2j6","rect":[0,0,283,505],"offset":[0,0],"originalSize":[283,505],"capInsets":[0,0,0,0]}}]