[{"__type__":"cc.SpriteFrame","content":{"name":"default_btn_disabled","texture":"71VhFCTINJM6/Ky3oX9nBT","rect":[0,0,40,40],"offset":[0,0],"originalSize":[40,40],"capInsets":[12,12,12,12]}},{"__type__":"cc.SpriteFrame","content":{"name":"img_dk","texture":"1952JxBLxE15U4dhccfQAm","rect":[0,0,1088,90],"offset":[0,0],"originalSize":[1088,90],"capInsets":[522,75,522,6]}},{"__type__":"cc.SpriteFrame","content":{"name":"btn_gb","texture":"23b2KZNqNN7K6vINIriJ4A","rect":[0,0,48,45],"offset":[0,0],"originalSize":[48,45],"capInsets":[0,0,0,0]}},{"__type__":"cc.SpriteFrame","content":{"name":"btn_xz","texture":"15QwmBEVZLtrpTipsjg+O7","rect":[0,0,42,42],"offset":[0,0],"originalSize":[42,42],"capInsets":[0,0,0,0]}},{"__type__":"cc.SpriteFrame","content":{"name":"btn_queding","texture":"a3cLOBDR5Gh6ronm0JxwUr","rect":[0,0,169,65],"offset":[0,0],"originalSize":[169,65],"capInsets":[0,0,0,0]}},{"__type__":"cc.SpriteFrame","content":{"name":"btn_ss","texture":"2bTsGDbVREKr/3cUwPgIOr","rect":[0,0,132,54],"offset":[0,0],"originalSize":[132,54],"capInsets":[0,0,0,0]}},{"__type__":"cc.SpriteFrame","content":{"name":"btn_quxiao","texture":"b3i6GVYP1G1rXOcopFwF86","rect":[0,0,169,65],"offset":[0,0],"originalSize":[169,65],"capInsets":[0,0,0,0]}},[{"__type__":"cc.Prefab","_name":"UIPromoterSet_2","data":{"__id__":1}},{"__type__":"cc.Node","_name":"UIPromoterSet_2","_children":[{"__id__":2},{"__id__":5},{"__id__":12},{"__id__":14},{"__id__":16},{"__id__":25},{"__id__":26},{"__id__":27},{"__id__":28},{"__id__":29}],"_components":[{"__type__":"cc.Widget","node":{"__id__":1},"alignMode":0,"_alignFlags":45,"_left":-100,"_right":-100,"_originalWidth":1750,"_originalHeight":1360},{"__type__":"cc.Sprite","node":{"__id__":1},"_materials":[{"__uuid__":"ecpdLyjvZBwrvm+cedCcQy"}],"_spriteFrame":{"__uuid__":"86Zf39gLpJiYJ0+npxhZ2d"},"_sizeMode":0},{"__type__":"cc.Button","node":{"__id__":1}},{"__type__":"bf5b2NiISFE3623oByqB4KP","node":{"__id__":1},"ZorderLv":8}],"_prefab":{"__type__":"cc.PrefabInfo","root":{"__id__":1},"asset":{"__uuid__":"71QempmyBJ1aSf7HT88mTe"},"fileId":"28p5d9ZKJNv4N1IhuBycbq"},"_contentSize":{"__type__":"cc.Size","width":1560,"height":760},"_trs":{"__type__":"TypedArray","ctor":"Float64Array","array":[680,380,0,0,0,0,1,1,1,1]}},{"__type__":"cc.Node","_name":"bg_create","_parent":{"__id__":1},"_children":[{"__id__":3},{"__id__":4}],"_components":[{"__type__":"cc.Sprite","node":{"__id__":2},"_materials":[{"__uuid__":"ecpdLyjvZBwrvm+cedCcQy"}],"_spriteFrame":{"__uuid__":"39pPsrHEJJrKXlIRcmdeSm"},"_type":1,"_sizeMode":0}],"_prefab":{"__type__":"cc.PrefabInfo","root":{"__id__":1},"asset":{"__uuid__":"71QempmyBJ1aSf7HT88mTe"},"fileId":"dfuHALLuRK57TAvDrpPPu0"},"_contentSize":{"__type__":"cc.Size","width":707,"height":527},"_trs":{"__type__":"TypedArray","ctor":"Float64Array","array":[0,0,0,0,0,0,1,1,1,1]}},{"__type__":"cc.Node","_name":"title","_parent":{"__id__":2},"_components":[{"__type__":"cc.Sprite","node":{"__id__":3},"_materials":[{"__uuid__":"ecpdLyjvZBwrvm+cedCcQy"}],"_spriteFrame":{"__uuid__":"eeNxWDYv5OVI2Q/dQe6e6L"}}],"_prefab":{"__type__":"cc.PrefabInfo","root":{"__id__":1},"asset":{"__uuid__":"71QempmyBJ1aSf7HT88mTe"},"fileId":"78TLW4addBE7Rwu73rcmjG"},"_contentSize":{"__type__":"cc.Size","width":154,"height":46},"_trs":{"__type__":"TypedArray","ctor":"Float64Array","array":[0,231.848,0,0,0,0,1,1,1,1]}},{"__type__":"cc.Node","_name":"btn_close","_parent":{"__id__":2},"_components":[{"__type__":"cc.Sprite","node":{"__id__":4},"_materials":[{"__uuid__":"ecpdLyjvZBwrvm+cedCcQy"}],"_spriteFrame":{"__uuid__":"3df8EI3MRNvJQCa+8Sl6FE"}},{"__type__":"cc.Button","node":{"__id__":4},"clickEvents":[{"__type__":"cc.ClickEvent","target":{"__id__":1},"_componentId":"bf5b2NiISFE3623oByqB4KP","handler":"OnClick_BtnWnd"}],"_N$transition":3,"transition":3,"_N$normalColor":{"__type__":"cc.Color","r":230,"g":230,"b":230},"_N$pressedColor":{"__type__":"cc.Color","r":200,"g":200,"b":200},"pressedColor":{"__type__":"cc.Color","r":200,"g":200,"b":200},"_N$disabledColor":{"__type__":"cc.Color","r":120,"g":120,"b":120,"a":200},"_N$normalSprite":{"__uuid__":"f0BIwQ8D5Ml7nTNQbh1YlS"},"_N$pressedSprite":{"__uuid__":"e97GVMl6JHh5Ml5qEDdSGa"},"pressedSprite":{"__uuid__":"e97GVMl6JHh5Ml5qEDdSGa"},"_N$hoverSprite":{"__uuid__":"f0BIwQ8D5Ml7nTNQbh1YlS"},"hoverSprite":{"__uuid__":"f0BIwQ8D5Ml7nTNQbh1YlS"},"_N$disabledSprite":{"__uuid__":"29FYIk+N1GYaeWH/q1NxQO"},"_N$target":{"__id__":4}}],"_prefab":{"__type__":"cc.PrefabInfo","root":{"__id__":1},"asset":{"__uuid__":"71QempmyBJ1aSf7HT88mTe"},"fileId":"bbEKIaKaxHlasrxyGPhXFD"},"_contentSize":{"__type__":"cc.Size","width":48,"height":45},"_trs":{"__type__":"TypedArray","ctor":"Float64Array","array":[322,230.621,0,0,0,0,1,1,1,1]}},{"__type__":"cc.Node","_name":"EditBox","_parent":{"__id__":1},"_children":[{"__id__":6},{"__id__":8},{"__id__":10}],"_components":[{"__type__":"cc.EditBox","node":{"__id__":5},"_useOriginalSize":false,"_string":"13123","maxLength":16,"textChanged":[{"__type__":"cc.ClickEvent","_componentId":"63c483l8RxNmIy8sZvyiz48","handler":"SetIsChange"}],"_N$textLabel":{"__id__":9},"_N$placeholderLabel":{"__id__":11},"_N$background":{"__id__":7}}],"_prefab":{"__type__":"cc.PrefabInfo","root":{"__id__":1},"asset":{"__uuid__":"71QempmyBJ1aSf7HT88mTe"},"fileId":"75h8RcgkdJlqqDHnWM7aas"},"_contentSize":{"__type__":"cc.Size","width":400,"height":64},"_anchorPoint":{"__type__":"cc.Vec2","y":0.5},"_trs":{"__type__":"TypedArray","ctor":"Float64Array","array":[-232.23,-44.941,0,0,0,0,1,1,1,1]}},{"__type__":"cc.Node","_name":"BACKGROUND_SPRITE","_parent":{"__id__":5},"_components":[{"__id__":7}],"_prefab":{"__type__":"cc.PrefabInfo","root":{"__id__":1},"asset":{"__uuid__":"71QempmyBJ1aSf7HT88mTe"},"fileId":"daoYjnEH9NpbP6QJumC+Fz"},"_contentSize":{"__type__":"cc.Size","width":400,"height":64},"_anchorPoint":{"__type__":"cc.Vec2","y":0.5},"_trs":{"__type__":"TypedArray","ctor":"Float64Array","array":[0,0,0,0,0,0,1,1,1,1]}},{"__type__":"cc.Sprite","node":{"__id__":6},"_materials":[{"__uuid__":"ecpdLyjvZBwrvm+cedCcQy"}],"_spriteFrame":{"__uuid__":"8aQy9cehxDdrmgne3L0LO0"},"_type":1,"_sizeMode":0},{"__type__":"cc.Node","_name":"TEXT_LABEL","_parent":{"__id__":5},"_components":[{"__id__":9}],"_prefab":{"__type__":"cc.PrefabInfo","root":{"__id__":1},"asset":{"__uuid__":"71QempmyBJ1aSf7HT88mTe"},"fileId":"ceAxseGR9ARZBKz1ZoIWDW"},"_contentSize":{"__type__":"cc.Size","width":73.36,"height":63},"_anchorPoint":{"__type__":"cc.Vec2","y":0.5},"_trs":{"__type__":"TypedArray","ctor":"Float64Array","array":[0,0,0,0,0,0,1,1,1,1]}},{"__type__":"cc.Label","node":{"__id__":8},"_materials":[{"__uuid__":"ecpdLyjvZBwrvm+cedCcQy"}],"_string":"13123","_N$string":"13123","_fontSize":30,"_lineHeight":50,"_N$file":{"__uuid__":"5f5wQekV1CGpJW2meZozWn"},"_isSystemFontUsed":false,"_N$verticalAlign":1},{"__type__":"cc.Node","_name":"PLACEHOLDER_LABEL","_parent":{"__id__":5},"_active":false,"_components":[{"__id__":11}],"_prefab":{"__type__":"cc.PrefabInfo","root":{"__id__":1},"asset":{"__uuid__":"71QempmyBJ1aSf7HT88mTe"},"fileId":"25tk16yVJGj42mNQH/eCfM"},"_color":{"__type__":"cc.Color","r":233,"g":241,"b":250},"_contentSize":{"__type__":"cc.Size","width":387.07,"height":63},"_anchorPoint":{"__type__":"cc.Vec2","y":0.5},"_trs":{"__type__":"TypedArray","ctor":"Float64Array","array":[0,-2.113,0,0,0,0,1,1,1,1]}},{"__type__":"cc.Label","node":{"__id__":10},"_materials":[{"__uuid__":"ecpdLyjvZBwrvm+cedCcQy"}],"_string":"请输入目标归属玩家名称或ID","_N$string":"请输入目标归属玩家名称或ID","_fontSize":30,"_lineHeight":50,"_N$file":{"__uuid__":"5f5wQekV1CGpJW2meZozWn"},"_isSystemFontUsed":false,"_N$verticalAlign":1},{"__type__":"cc.Node","_name":"btn_sure","_parent":{"__id__":1},"_children":[{"__id__":13}],"_components":[{"__type__":"cc.Sprite","node":{"__id__":12},"_materials":[{"__uuid__":"ecpdLyjvZBwrvm+cedCcQy"}],"_spriteFrame":{"__uuid__":"45p7XLCWNIDLUWtLHqNtxC"}},{"__type__":"cc.Button","node":{"__id__":12},"clickEvents":[{"__type__":"cc.ClickEvent","target":{"__id__":1},"_componentId":"bf5b2NiISFE3623oByqB4KP","handler":"OnClick_BtnWnd"}],"_N$transition":3,"transition":3,"_N$normalColor":{"__type__":"cc.Color","r":214,"g":214,"b":214},"_N$target":{"__id__":12}}],"_prefab":{"__type__":"cc.PrefabInfo","root":{"__id__":1},"asset":{"__uuid__":"71QempmyBJ1aSf7HT88mTe"},"fileId":"17J1j+DK5FhLANk5Gb13EB"},"_contentSize":{"__type__":"cc.Size","width":169,"height":65},"_trs":{"__type__":"TypedArray","ctor":"Float64Array","array":[148.165,-183.978,0,0,0,0,1,1,1,1]}},{"__type__":"cc.Node","_name":"label","_parent":{"__id__":12},"_components":[{"__type__":"cc.Label","node":{"__id__":13},"_materials":[{"__uuid__":"ecpdLyjvZBwrvm+cedCcQy"}],"_useOriginalSize":false,"_string":"确 定","_N$string":"确 定","_lineHeight":42,"_N$file":{"__uuid__":"5f5wQekV1CGpJW2meZozWn"},"_isSystemFontUsed":false,"_N$horizontalAlign":1,"_N$verticalAlign":1},{"__type__":"cc.LabelOutline","node":{"__id__":13},"_color":{"__type__":"cc.Color","r":164,"g":246,"b":135},"_width":2}],"_prefab":{"__type__":"cc.PrefabInfo","root":{"__id__":1},"asset":{"__uuid__":"71QempmyBJ1aSf7HT88mTe"},"fileId":"34Lke8Gi1M85jwclgdgigu"},"_color":{"__type__":"cc.Color","r":20,"g":72,"b":7},"_contentSize":{"__type__":"cc.Size","width":94.63,"height":56.92},"_trs":{"__type__":"TypedArray","ctor":"Float64Array","array":[0,3,0,0,0,0,1,1,1,1]}},{"__type__":"cc.Node","_name":"btn_close","_parent":{"__id__":1},"_children":[{"__id__":15}],"_components":[{"__type__":"cc.Sprite","node":{"__id__":14},"_materials":[{"__uuid__":"ecpdLyjvZBwrvm+cedCcQy"}],"_spriteFrame":{"__uuid__":"5b7WbfEFVHDqaCijhaHz9g"}},{"__type__":"cc.Button","node":{"__id__":14},"clickEvents":[{"__type__":"cc.ClickEvent","target":{"__id__":1},"_componentId":"bf5b2NiISFE3623oByqB4KP","handler":"OnClick_BtnWnd"}],"_N$transition":3,"transition":3,"_N$normalColor":{"__type__":"cc.Color","r":214,"g":214,"b":214},"_N$target":{"__id__":14}}],"_prefab":{"__type__":"cc.PrefabInfo","root":{"__id__":1},"asset":{"__uuid__":"71QempmyBJ1aSf7HT88mTe"},"fileId":"01ZvyPTJJEnLcfOrP4WfiB"},"_contentSize":{"__type__":"cc.Size","width":169,"height":65},"_trs":{"__type__":"TypedArray","ctor":"Float64Array","array":[-149.389,-183.978,0,0,0,0,1,1,1,1]}},{"__type__":"cc.Node","_name":"label","_parent":{"__id__":14},"_components":[{"__type__":"cc.Label","node":{"__id__":15},"_materials":[{"__uuid__":"ecpdLyjvZBwrvm+cedCcQy"}],"_useOriginalSize":false,"_string":"取消","_N$string":"取消","_lineHeight":42,"_N$file":{"__uuid__":"5f5wQekV1CGpJW2meZozWn"},"_isSystemFontUsed":false,"_N$horizontalAlign":1,"_N$verticalAlign":1},{"__type__":"cc.LabelOutline","node":{"__id__":15},"_color":{"__type__":"cc.Color","r":147,"g":194,"b":238},"_width":2}],"_prefab":{"__type__":"cc.PrefabInfo","root":{"__id__":1},"asset":{"__uuid__":"71QempmyBJ1aSf7HT88mTe"},"fileId":"67SqadNtZAV6FItVIwoiZU"},"_color":{"__type__":"cc.Color","r":19,"g":79,"b":122},"_contentSize":{"__type__":"cc.Size","width":84,"height":56.92},"_trs":{"__type__":"TypedArray","ctor":"Float64Array","array":[0,1,0,0,0,0,1,1,1,1]}},{"__type__":"cc.Node","_name":"ToggleContainer","_parent":{"__id__":1},"_children":[{"__id__":17},{"__id__":21}],"_components":[{"__type__":"cc.ToggleContainer","node":{"__id__":16}}],"_prefab":{"__type__":"cc.PrefabInfo","root":{"__id__":1},"asset":{"__uuid__":"71QempmyBJ1aSf7HT88mTe"},"fileId":"dfY92uQ+ZO0p7ihLjOEY11"},"_contentSize":{"__type__":"cc.Size","width":30,"height":61},"_trs":{"__type__":"TypedArray","ctor":"Float64Array","array":[-262.528,42.288,0,0,0,0,1,1,1,1]}},{"__type__":"cc.Node","_name":"toggle1","_parent":{"__id__":16},"_children":[{"__id__":18},{"__id__":19}],"_components":[{"__type__":"cc.Toggle","node":{"__id__":17},"_N$transition":3,"transition":3,"_N$normalColor":{"__type__":"cc.Color","r":214,"g":214,"b":214},"_N$target":{"__id__":17},"checkMark":{"__id__":20}}],"_prefab":{"__type__":"cc.PrefabInfo","root":{"__id__":1},"asset":{"__uuid__":"71QempmyBJ1aSf7HT88mTe"},"fileId":"37UEyp7b5Ec6fdHqYZV2Xm"},"_contentSize":{"__type__":"cc.Size","width":60,"height":60},"_trs":{"__type__":"TypedArray","ctor":"Float64Array","array":[0,0,0,0,0,0,1,1,1,1]}},{"__type__":"cc.Node","_name":"Background","_parent":{"__id__":17},"_components":[{"__type__":"cc.Sprite","node":{"__id__":18},"_materials":[{"__uuid__":"ecpdLyjvZBwrvm+cedCcQy"}],"_spriteFrame":{"__uuid__":"76p4/+H5ZLzKhLqgYtxjdg"},"_sizeMode":2,"_isTrimmedMode":false}],"_prefab":{"__type__":"cc.PrefabInfo","root":{"__id__":1},"asset":{"__uuid__":"71QempmyBJ1aSf7HT88mTe"},"fileId":"20KptcEXBJKI3jLFASVKti"},"_contentSize":{"__type__":"cc.Size","width":42,"height":42},"_trs":{"__type__":"TypedArray","ctor":"Float64Array","array":[0,0,0,0,0,0,1,1,1,1]}},{"__type__":"cc.Node","_name":"checkmark","_parent":{"__id__":17},"_components":[{"__id__":20}],"_prefab":{"__type__":"cc.PrefabInfo","root":{"__id__":1},"asset":{"__uuid__":"71QempmyBJ1aSf7HT88mTe"},"fileId":"6aBG+5ZtBLAZncoKyH15sd"},"_contentSize":{"__type__":"cc.Size","width":42,"height":42},"_trs":{"__type__":"TypedArray","ctor":"Float64Array","array":[0,0,0,0,0,0,1,1,1,1]}},{"__type__":"cc.Sprite","node":{"__id__":19},"_materials":[{"__uuid__":"ecpdLyjvZBwrvm+cedCcQy"}],"_spriteFrame":{"__uuid__":"3dz7dMrIBNva97xR8dNDSu"},"_sizeMode":2,"_isTrimmedMode":false},{"__type__":"cc.Node","_name":"toggle2","_parent":{"__id__":16},"_children":[{"__id__":22},{"__id__":23}],"_components":[{"__type__":"cc.Toggle","node":{"__id__":21},"_N$transition":3,"transition":3,"_N$normalColor":{"__type__":"cc.Color","r":214,"g":214,"b":214},"_N$target":{"__id__":21},"_N$isChecked":false,"checkMark":{"__id__":24}}],"_prefab":{"__type__":"cc.PrefabInfo","root":{"__id__":1},"asset":{"__uuid__":"71QempmyBJ1aSf7HT88mTe"},"fileId":"abWjvoiA5FXrqzvJUm20tk"},"_contentSize":{"__type__":"cc.Size","width":60,"height":60},"_trs":{"__type__":"TypedArray","ctor":"Float64Array","array":[0,-83.916,0,0,0,0,1,1,1,1]}},{"__type__":"cc.Node","_name":"Background","_parent":{"__id__":21},"_components":[{"__type__":"cc.Sprite","node":{"__id__":22},"_materials":[{"__uuid__":"ecpdLyjvZBwrvm+cedCcQy"}],"_spriteFrame":{"__uuid__":"76p4/+H5ZLzKhLqgYtxjdg"},"_sizeMode":2,"_isTrimmedMode":false}],"_prefab":{"__type__":"cc.PrefabInfo","root":{"__id__":1},"asset":{"__uuid__":"71QempmyBJ1aSf7HT88mTe"},"fileId":"c0wbCZ/LVFAL7Tj+Rgo1gG"},"_contentSize":{"__type__":"cc.Size","width":42,"height":42},"_trs":{"__type__":"TypedArray","ctor":"Float64Array","array":[0,0,0,0,0,0,1,1,1,1]}},{"__type__":"cc.Node","_name":"checkmark","_parent":{"__id__":21},"_active":false,"_components":[{"__id__":24}],"_prefab":{"__type__":"cc.PrefabInfo","root":{"__id__":1},"asset":{"__uuid__":"71QempmyBJ1aSf7HT88mTe"},"fileId":"74maygmltNiYlgVEHsB7AO"},"_contentSize":{"__type__":"cc.Size","width":42,"height":42},"_trs":{"__type__":"TypedArray","ctor":"Float64Array","array":[0,0,0,0,0,0,1,1,1,1]}},{"__type__":"cc.Sprite","node":{"__id__":23},"_materials":[{"__uuid__":"ecpdLyjvZBwrvm+cedCcQy"}],"_spriteFrame":{"__uuid__":"3dz7dMrIBNva97xR8dNDSu"},"_sizeMode":2,"_isTrimmedMode":false},{"__type__":"cc.Node","_name":"lb_user","_parent":{"__id__":1},"_components":[{"__type__":"cc.Label","node":{"__id__":25},"_materials":[{"__uuid__":"ecpdLyjvZBwrvm+cedCcQy"}],"_useOriginalSize":false,"_string":"玩家名称（ID：11111）","_N$string":"玩家名称（ID：11111）","_fontSize":30,"_lineHeight":30,"_N$file":{"__uuid__":"5f5wQekV1CGpJW2meZozWn"},"_isSystemFontUsed":false,"_N$horizontalAlign":1,"_N$verticalAlign":1}],"_prefab":{"__type__":"cc.PrefabInfo","root":{"__id__":1},"asset":{"__uuid__":"71QempmyBJ1aSf7HT88mTe"},"fileId":"ec7VRisdxPI5P91dZzKGnc"},"_color":{"__type__":"cc.Color","r":68,"g":109,"b":164},"_contentSize":{"__type__":"cc.Size","width":292.15,"height":37.8},"_anchorPoint":{"__type__":"cc.Vec2","y":0.5},"_trs":{"__type__":"TypedArray","ctor":"Float64Array","array":[-229.842,-103.331,0,0,0,0,1,1,1,1]}},{"__type__":"cc.Node","_name":"tip","_parent":{"__id__":1},"_components":[{"__type__":"cc.Label","node":{"__id__":26},"_materials":[{"__uuid__":"ecpdLyjvZBwrvm+cedCcQy"}],"_useOriginalSize":false,"_string":"玩家当前归属推广员：","_N$string":"玩家当前归属推广员：","_fontSize":25,"_lineHeight":25,"_N$file":{"__uuid__":"5f5wQekV1CGpJW2meZozWn"},"_isSystemFontUsed":false,"_N$horizontalAlign":1,"_N$verticalAlign":1}],"_prefab":{"__type__":"cc.PrefabInfo","root":{"__id__":1},"asset":{"__uuid__":"71QempmyBJ1aSf7HT88mTe"},"fileId":"8bE/hPa1FNrK5QmN9MQEfY"},"_color":{"__type__":"cc.Color","r":76,"g":85,"b":166},"_contentSize":{"__type__":"cc.Size","width":250,"height":31.5},"_anchorPoint":{"__type__":"cc.Vec2","y":0.5},"_trs":{"__type__":"TypedArray","ctor":"Float64Array","array":[-275.494,124.597,0,0,0,0,1,1,1,1]}},{"__type__":"cc.Node","_name":"tip copy","_parent":{"__id__":1},"_components":[{"__type__":"cc.Label","node":{"__id__":27},"_materials":[{"__uuid__":"ecpdLyjvZBwrvm+cedCcQy"}],"_useOriginalSize":false,"_string":"修改至亲友圈创建者名下","_N$string":"修改至亲友圈创建者名下","_fontSize":30,"_lineHeight":30,"_N$file":{"__uuid__":"5f5wQekV1CGpJW2meZozWn"},"_isSystemFontUsed":false,"_N$horizontalAlign":1,"_N$verticalAlign":1}],"_prefab":{"__type__":"cc.PrefabInfo","root":{"__id__":1},"asset":{"__uuid__":"71QempmyBJ1aSf7HT88mTe"},"fileId":"ddCzv2BJNEcJ4MPSrVGPb1"},"_color":{"__type__":"cc.Color","r":68,"g":109,"b":164},"_contentSize":{"__type__":"cc.Size","width":330,"height":37.8},"_anchorPoint":{"__type__":"cc.Vec2","y":0.5},"_trs":{"__type__":"TypedArray","ctor":"Float64Array","array":[-231.736,42.168,0,0,0,0,1,1,1,1]}},{"__type__":"cc.Node","_name":"lb_upname","_parent":{"__id__":1},"_components":[{"__type__":"cc.Label","node":{"__id__":28},"_materials":[{"__uuid__":"ecpdLyjvZBwrvm+cedCcQy"}],"_useOriginalSize":false,"_string":"小傅（ID:111111）","_N$string":"小傅（ID:111111）","_fontSize":30,"_lineHeight":30,"_N$file":{"__uuid__":"5f5wQekV1CGpJW2meZozWn"},"_isSystemFontUsed":false,"_N$horizontalAlign":1,"_N$verticalAlign":1}],"_prefab":{"__type__":"cc.PrefabInfo","root":{"__id__":1},"asset":{"__uuid__":"71QempmyBJ1aSf7HT88mTe"},"fileId":"1dU5OGNb9BdpdRi6lkCe19"},"_color":{"__type__":"cc.Color","r":253,"g":6,"b":15},"_contentSize":{"__type__":"cc.Size","width":221.13,"height":37.8},"_anchorPoint":{"__type__":"cc.Vec2","y":0.5},"_trs":{"__type__":"TypedArray","ctor":"Float64Array","array":[-30.549,125.789,0,0,0,0,1,1,1,1]}},{"__type__":"cc.Node","_name":"btn_search","_parent":{"__id__":1},"_components":[{"__type__":"cc.Sprite","node":{"__id__":29},"_materials":[{"__uuid__":"ecpdLyjvZBwrvm+cedCcQy"}],"_spriteFrame":{"__uuid__":"4fwp7c/UZONbc+zzlQmAZ8"}},{"__type__":"cc.Button","node":{"__id__":29},"clickEvents":[{"__type__":"cc.ClickEvent","target":{"__id__":1},"_componentId":"bf5b2NiISFE3623oByqB4KP","handler":"OnClick_BtnWnd"}],"_N$transition":3,"transition":3,"_N$normalColor":{"__type__":"cc.Color","r":214,"g":214,"b":214},"_N$target":{"__id__":29}}],"_prefab":{"__type__":"cc.PrefabInfo","root":{"__id__":1},"asset":{"__uuid__":"71QempmyBJ1aSf7HT88mTe"},"fileId":"00rcTwMB1KIbmdmdih2hci"},"_contentSize":{"__type__":"cc.Size","width":132,"height":54},"_trs":{"__type__":"TypedArray","ctor":"Float64Array","array":[245.164,-45.467,0,0,0,0,1,1,1,1]}}],{"__type__":"cc.SpriteFrame","content":{"name":"btn_wxz","texture":"aaCkhg93dJYrqARkS4x+zf","rect":[0,0,42,42],"offset":[0,0],"originalSize":[42,42],"capInsets":[0,0,0,0]}},{"__type__":"cc.SpriteFrame","content":{"name":"img_black_60","texture":"e5dLSpyq9NPZ8mPvfDyGXH","rect":[0,0,100,100],"offset":[0,0],"originalSize":[100,100],"capInsets":[0,0,0,0]}},{"__type__":"cc.SpriteFrame","content":{"name":"img_srk","texture":"5efFmqHA9Nl7fq1CYuRKMq","rect":[0,0,36,36],"offset":[0,0],"originalSize":[36,36],"capInsets":[15,15,15,15]}},{"__type__":"cc.SpriteFrame","content":{"name":"default_btn_pressed","texture":"b4P/PCArtIdIH38t6mlw8Y","rect":[0,0,40,40],"offset":[0,0],"originalSize":[40,40],"capInsets":[12,12,12,12]}},{"__type__":"cc.SpriteFrame","content":{"name":"img_csxg","texture":"f51xwSBwNEgqTG33Pkt5F/","rect":[0,0,154,46],"offset":[0,0],"originalSize":[154,46],"capInsets":[0,0,0,0]}},{"__type__":"cc.SpriteFrame","content":{"name":"default_btn_normal","texture":"e8Ueib+qJEhL6mXAHdnwbi","rect":[0,0,40,40],"offset":[0,0],"originalSize":[40,40],"capInsets":[12,12,12,12]}}]