[{"__type__":"cc.SpriteFrame","content":{"name":"hh_face_li_18","texture":"qzmjmj4f-58b8-4726-b710-1909756f18be","rect":[0,0,84,128],"offset":[0,0],"originalSize":[84,128],"capInsets":[0,0,0,0]}},[{"__type__":"cc.Prefab","_name":"qzmj_UIChooseCard","data":{"__id__":1}},{"__type__":"cc.Node","_name":"qzmj_UIChooseCard","_children":[{"__id__":2},{"__id__":4},{"__id__":5},{"__id__":6},{"__id__":7}],"_components":[{"__type__":"cc.Sprite","node":{"__id__":1},"_spriteFrame":{"__uuid__":"qzmjmjee-8d76-47aa-8227-b2f7c814689a"},"_type":1,"_sizeMode":0,"_isTrimmedMode":false},{"__type__":"cc.Widget","node":{"__id__":1},"alignMode":0,"_alignFlags":20,"_left":805.5,"_top":469,"_bottom":150},{"__type__":"cc.Layout","node":{"__id__":1},"_layoutSize":{"__type__":"cc.Size","width":777,"height":150},"_resize":1,"_N$layoutType":1,"_N$paddingLeft":30,"_N$paddingRight":30,"_N$spacingX":80},{"__type__":"qzmjmj24-b924-4c34-8439-ae756ab9b8f5","node":{"__id__":1},"JS_Name":"xymj_BaseComponent","card01":{"__id__":4},"card02":{"__id__":5},"card03":{"__id__":6},"card04":{"__id__":7}}],"_prefab":{"__type__":"cc.PrefabInfo","root":{"__id__":1},"asset":{"__uuid__":"qzmjmj55-062e-4902-80db-61d3cee29d59"},"fileId":"c2be4xutdZB1akz9jhkI+xA"},"_contentSize":{"__type__":"cc.Size","width":777,"height":150},"_anchorPoint":{"__type__":"cc.Vec2","y":0.5},"_trs":{"__type__":"TypedArray","ctor":"Float64Array","array":[291.5,225,0,0,0,0,1,1,1,1]}},{"__type__":"cc.Node","_name":"kehu","_parent":{"__id__":1},"_children":[{"__id__":3}],"_components":[{"__type__":"cc.Sprite","node":{"__id__":2},"_spriteFrame":{"__uuid__":"qzmjmjdb-b2d2-41cc-9835-428a65c485cc"},"_sizeMode":2}],"_prefab":{"__type__":"cc.PrefabInfo","root":{"__id__":1},"asset":{"__uuid__":"qzmjmj55-062e-4902-80db-61d3cee29d59"},"fileId":"79d45pCb0VP47dC3zQ+CnpU"},"_contentSize":{"__type__":"cc.Size","width":61,"height":124},"_trs":{"__type__":"TypedArray","ctor":"Float64Array","array":[60.5,0,0,0,0,0,1,1,1,1]}},{"__type__":"cc.Node","_name":"lb_01","_parent":{"__id__":2},"_components":[{"__type__":"cc.Label","node":{"__id__":3},"_useOriginalSize":false,"_string":"请\n选\n择","_N$string":"请\n选\n择","_fontSize":30,"_lineHeight":36,"_N$horizontalAlign":1,"_N$verticalAlign":1},{"__type__":"cc.LabelOutline","node":{"__id__":3},"_color":{"__type__":"cc.Color","r":136,"g":55,"b":12}}],"_prefab":{"__type__":"cc.PrefabInfo","root":{"__id__":1},"asset":{"__uuid__":"qzmjmj55-062e-4902-80db-61d3cee29d59"},"fileId":"61d38W3FABJ/58iG8ecYj80"},"_color":{"__type__":"cc.Color","r":248,"g":209,"b":72},"_contentSize":{"__type__":"cc.Size","width":32,"height":108},"_trs":{"__type__":"TypedArray","ctor":"Float64Array","array":[0,0,0,0,0,0,1,1,1,1]}},{"__type__":"cc.Node","_name":"card01","_parent":{"__id__":1},"_components":[{"__type__":"cc.Sprite","node":{"__id__":4},"_spriteFrame":{"__uuid__":"qzmjmj06-8c66-403a-bd98-609bf5e4fb4d"},"_sizeMode":2},{"__type__":"cc.Button","node":{"__id__":4},"clickEvents":[{"__type__":"cc.ClickEvent","target":{"__id__":1},"_componentId":"qzmjmj24-b924-4c34-8439-ae756ab9b8f5","handler":"OnClick_BtnWnd"}],"_N$normalColor":{"__type__":"cc.Color","r":214,"g":214,"b":214},"_N$target":{"__id__":4}}],"_prefab":{"__type__":"cc.PrefabInfo","root":{"__id__":1},"asset":{"__uuid__":"qzmjmj55-062e-4902-80db-61d3cee29d59"},"fileId":"86da5DqoypGZYiycvH8R0n/"},"_contentSize":{"__type__":"cc.Size","width":84,"height":128},"_trs":{"__type__":"TypedArray","ctor":"Float64Array","array":[213,0,0,0,0,0,1,1,1,1]}},{"__type__":"cc.Node","_name":"card02","_parent":{"__id__":1},"_components":[{"__type__":"cc.Sprite","node":{"__id__":5},"_spriteFrame":{"__uuid__":"qzmjmj06-8c66-403a-bd98-609bf5e4fb4d"},"_sizeMode":2},{"__type__":"cc.Button","node":{"__id__":5},"clickEvents":[{"__type__":"cc.ClickEvent","target":{"__id__":1},"_componentId":"qzmjmj24-b924-4c34-8439-ae756ab9b8f5","handler":"OnClick_BtnWnd"}],"_N$normalColor":{"__type__":"cc.Color","r":214,"g":214,"b":214},"_N$target":{"__id__":5}}],"_prefab":{"__type__":"cc.PrefabInfo","root":{"__id__":1},"asset":{"__uuid__":"qzmjmj55-062e-4902-80db-61d3cee29d59"},"fileId":"32e6bbIhm5FdoD2LyEp+0Mf"},"_contentSize":{"__type__":"cc.Size","width":84,"height":128},"_trs":{"__type__":"TypedArray","ctor":"Float64Array","array":[377,-5.684341886080802e-14,0,0,0,0,1,1,1,1]}},{"__type__":"cc.Node","_name":"card03","_parent":{"__id__":1},"_components":[{"__type__":"cc.Sprite","node":{"__id__":6},"_spriteFrame":{"__uuid__":"qzmjmj06-8c66-403a-bd98-609bf5e4fb4d"},"_sizeMode":2},{"__type__":"cc.Button","node":{"__id__":6},"clickEvents":[{"__type__":"cc.ClickEvent","target":{"__id__":1},"_componentId":"qzmjmj24-b924-4c34-8439-ae756ab9b8f5","handler":"OnClick_BtnWnd"}],"_N$normalColor":{"__type__":"cc.Color","r":214,"g":214,"b":214},"_N$target":{"__id__":6}}],"_prefab":{"__type__":"cc.PrefabInfo","root":{"__id__":1},"asset":{"__uuid__":"qzmjmj55-062e-4902-80db-61d3cee29d59"},"fileId":"e3ff2auy4VK3IBp0IrCsqn8"},"_contentSize":{"__type__":"cc.Size","width":84,"height":128},"_trs":{"__type__":"TypedArray","ctor":"Float64Array","array":[541,-5.684341886080802e-14,0,0,0,0,1,1,1,1]}},{"__type__":"cc.Node","_name":"card04","_parent":{"__id__":1},"_components":[{"__type__":"cc.Sprite","node":{"__id__":7},"_spriteFrame":{"__uuid__":"qzmjmj06-8c66-403a-bd98-609bf5e4fb4d"},"_sizeMode":2},{"__type__":"cc.Button","node":{"__id__":7},"clickEvents":[{"__type__":"cc.ClickEvent","target":{"__id__":1},"_componentId":"qzmjmj24-b924-4c34-8439-ae756ab9b8f5","handler":"OnClick_BtnWnd"}],"_N$normalColor":{"__type__":"cc.Color","r":214,"g":214,"b":214},"_N$target":{"__id__":7}}],"_prefab":{"__type__":"cc.PrefabInfo","root":{"__id__":1},"asset":{"__uuid__":"qzmjmj55-062e-4902-80db-61d3cee29d59"},"fileId":"5a0e8GXzDlFAKHacB82Fp4+"},"_contentSize":{"__type__":"cc.Size","width":84,"height":128},"_trs":{"__type__":"TypedArray","ctor":"Float64Array","array":[705,-5.684341886080802e-14,0,0,0,0,1,1,1,1]}}],{"__type__":"cc.SpriteFrame","content":{"name":"zidi","texture":"qzmjmj2a-0fed-4bc3-9871-59990d4723b0","rect":[0,0,61,124],"offset":[0,0],"originalSize":[61,124],"capInsets":[0,0,0,0]}},{"__type__":"cc.SpriteFrame","content":{"name":"paipinzhi","texture":"qzmjmj2f-c3f4-48c7-811e-c4f0bb3c8049","rect":[0,0,27,27],"offset":[0,0],"originalSize":[27,27],"capInsets":[10,10,10,10]}}]