[{"__type__":"cc.SpriteFrame","content":{"name":"ani_hunyise_01","texture":"qzmjmj92-11c8-494f-a2c8-d269f245ae99","rect":[267,147,495,140],"offset":[0.5,-51],"originalSize":[1028,332],"capInsets":[0,0,0,0]}},{"__type__":"cc.SpriteFrame","content":{"name":"ani_hunyise_05","texture":"qzmjmjae-0b69-4783-86b5-cfa8f9f613c5","rect":[4,41,1020,291],"offset":[0,-20.5],"originalSize":[1028,332],"capInsets":[0,0,0,0]}},{"__type__":"cc.SpriteFrame","content":{"name":"ani_hunyise_09","texture":"qzmjmj5c-eb96-463d-844c-74a737201065","rect":[4,41,1021,291],"offset":[0.5,-20.5],"originalSize":[1028,332],"capInsets":[0,0,0,0]}},{"__type__":"cc.AnimationClip","_name":"hunyiseAction","_duration":0.85,"curveData":{"comps":{"cc.Sprite":{"spriteFrame":[{"frame":0,"value":{"__uuid__":"qzmjmj52-4014-45d5-ac01-d7714dfd4e70"}},{"frame":0.1,"value":{"__uuid__":"qzmjmjdd-48ac-4af5-8e42-601b490b1e4f"}},{"frame":0.18333333333333332,"value":{"__uuid__":"qzmjmj72-9af3-44a8-a00d-dee1ab21004d"}},{"frame":0.2833333333333333,"value":{"__uuid__":"qzmjmjfa-0163-41d0-99f5-2ad26d53e10b"}},{"frame":0.38333333333333336,"value":{"__uuid__":"qzmjmj53-0d8f-4e73-bd19-dbdb85a71254"}},{"frame":0.4666666666666667,"value":{"__uuid__":"qzmjmj9d-8826-4a33-90c8-eac22aea8c8f"}},{"frame":0.5833333333333334,"value":{"__uuid__":"qzmjmj8d-e7b5-42c6-8888-775c9f33f307"}},{"frame":0.7,"value":{"__uuid__":"qzmjmj8e-6fee-4244-adea-a164d54ccbfe"}},{"frame":0.8333333333333334,"value":{"__uuid__":"qzmjmj59-0edd-41a9-a9a4-39a611b70a06"}}]}}}},{"__type__":"cc.SpriteFrame","content":{"name":"ani_hunyise_03","texture":"qzmjmjf6-a884-4b4f-bd70-57869c3003da","rect":[12,112,1005,220],"offset":[0.5,-56],"originalSize":[1028,332],"capInsets":[0,0,0,0]}},{"__type__":"cc.SpriteFrame","content":{"name":"ani_hunyise_07","texture":"qzmjmjfa-fe0a-45cf-babc-bdcf59476cb4","rect":[5,15,1020,317],"offset":[1,-7.5],"originalSize":[1028,332],"capInsets":[0,0,0,0]}},{"__type__":"cc.SpriteFrame","content":{"name":"ani_hunyise_08","texture":"qzmjmjb1-d261-4aa0-931a-abe31cabc142","rect":[5,1,1020,331],"offset":[1,-0.5],"originalSize":[1028,332],"capInsets":[0,0,0,0]}},{"__type__":"cc.SpriteFrame","content":{"name":"ani_hunyise_06","texture":"qzmjmj36-88d9-4946-a34d-c4fc3dc679e6","rect":[5,38,1020,294],"offset":[1,-19],"originalSize":[1028,332],"capInsets":[0,0,0,0]}},{"__type__":"cc.SpriteFrame","content":{"name":"ani_hunyise_02","texture":"qzmjmjce-83c3-4015-80ce-762885e60a0c","rect":[134,124,761,196],"offset":[0.5,-56],"originalSize":[1028,332],"capInsets":[0,0,0,0]}},{"__type__":"cc.SpriteFrame","content":{"name":"ani_hunyise_04","texture":"qzmjmj9d-e00e-4753-bd27-6d587ffe6312","rect":[4,78,1020,254],"offset":[0,-39],"originalSize":[1028,332],"capInsets":[0,0,0,0]}}]