[{"__type__":"cc.SpriteFrame","content":{"name":"ani_sjy_05","texture":"qzmjmj15-de1a-4953-ae67-be2594cc0372","rect":[4,41,1021,291],"offset":[0.5,-20.5],"originalSize":[1028,332],"capInsets":[0,0,0,0]}},{"__type__":"cc.SpriteFrame","content":{"name":"ani_sjy_07","texture":"qzmjmj13-4001-4c0d-8baf-c36caf8d43a8","rect":[4,8,1021,324],"offset":[0.5,-4],"originalSize":[1028,332],"capInsets":[0,0,0,0]}},{"__type__":"cc.SpriteFrame","content":{"name":"ani_sjy_09","texture":"qzmjmj07-f465-4691-860d-7cdad66b44a3","rect":[4,41,1021,291],"offset":[0.5,-20.5],"originalSize":[1028,332],"capInsets":[0,0,0,0]}},{"__type__":"cc.AnimationClip","_name":"sanjinyouAction","_duration":0.55,"curveData":{"comps":{"cc.Sprite":{"spriteFrame":[{"frame":0,"value":{"__uuid__":"qzmjmj9f-df96-46e4-bb74-3aa0f97fae81"}},{"frame":0.06666666666666667,"value":{"__uuid__":"qzmjmjb5-63c1-4bc4-84e9-ba9715926d59"}},{"frame":0.13333333333333333,"value":{"__uuid__":"qzmjmj73-5eaa-4d79-bf97-a53356233725"}},{"frame":0.2,"value":{"__uuid__":"qzmjmj7a-1b22-4efd-8968-8d3ed529733c"}},{"frame":0.26666666666666666,"value":{"__uuid__":"qzmjmj01-cfe4-4119-a6da-f380dc922c79"}},{"frame":0.3333333333333333,"value":{"__uuid__":"qzmjmje6-8815-4db7-a467-427a04ba98b9"}},{"frame":0.4,"value":{"__uuid__":"qzmjmj0d-d508-449e-863c-ec96e3f75a40"}},{"frame":0.4666666666666667,"value":{"__uuid__":"qzmjmja4-ff01-4576-b4b4-4fb64e2c9fbe"}},{"frame":0.5333333333333333,"value":{"__uuid__":"qzmjmj0f-d243-43f6-a0a5-cbc9d576248d"}}]}}}},{"__type__":"cc.SpriteFrame","content":{"name":"ani_sjy_03","texture":"qzmjmj43-c3e3-4419-91f9-26a65b4b4ed3","rect":[11,109,1007,223],"offset":[0.5,-54.5],"originalSize":[1028,332],"capInsets":[0,0,0,0]}},{"__type__":"cc.SpriteFrame","content":{"name":"ani_sjy_04","texture":"qzmjmjff-0a3b-4694-8a54-2c74620d2079","rect":[4,78,1020,254],"offset":[0,-39],"originalSize":[1028,332],"capInsets":[0,0,0,0]}},{"__type__":"cc.SpriteFrame","content":{"name":"ani_sjy_01","texture":"qzmjmj9d-ec08-4004-9caf-05214e56bb14","rect":[267,147,495,147],"offset":[0.5,-54.5],"originalSize":[1028,332],"capInsets":[0,0,0,0]}},{"__type__":"cc.SpriteFrame","content":{"name":"ani_sjy_08","texture":"qzmjmj63-37ef-40ca-b321-8b7a653ead09","rect":[4,0,1021,332],"offset":[0.5,0],"originalSize":[1028,332],"capInsets":[0,0,0,0]}},{"__type__":"cc.SpriteFrame","content":{"name":"ani_sjy_02","texture":"qzmjmj53-5dea-4016-bc82-5f27f6b64009","rect":[134,124,761,196],"offset":[0.5,-56],"originalSize":[1028,332],"capInsets":[0,0,0,0]}},{"__type__":"cc.SpriteFrame","content":{"name":"ani_sjy_06","texture":"qzmjmj31-bcba-4f44-93b2-9b4d20945da4","rect":[4,32,1021,300],"offset":[0.5,-16],"originalSize":[1028,332],"capInsets":[0,0,0,0]}}]