[{"__type__":"cc.SpriteFrame","content":{"name":"ani_hunyise_09","texture":"qzmjmj5c-eb96-463d-844c-74a737201065","rect":[4,41,1021,291],"offset":[0.5,-20.5],"originalSize":[1028,332],"capInsets":[0,0,0,0]}},[{"__type__":"cc.Prefab","_name":"hunyise","data":{"__id__":1}},{"__type__":"cc.Node","_name":"hunyise","_components":[{"__type__":"cc.Sprite","node":{"__id__":1},"_spriteFrame":{"__uuid__":"qzmjmj59-0edd-41a9-a9a4-39a611b70a06"},"_sizeMode":2,"_isTrimmedMode":false},{"__type__":"cc.Animation","node":{"__id__":1},"_defaultClip":{"__uuid__":"qzmjmj67-4273-48f0-9ac4-8cbf5f40bb4d"},"_clips":[{"__uuid__":"qzmjmj67-4273-48f0-9ac4-8cbf5f40bb4d"}]},{"__type__":"qzmjmja3-f7f6-43f3-bc26-19a21c44bee8","node":{"__id__":1}}],"_prefab":{"__type__":"cc.PrefabInfo","root":{"__id__":1},"asset":{"__uuid__":"qzmjmjc8-e2c1-4c30-b7c0-0b03900df053"},"fileId":"48e29IVumVHvrzPHvFBfLCc"},"_contentSize":{"__type__":"cc.Size","width":434,"height":140},"_trs":{"__type__":"TypedArray","ctor":"Float64Array","array":[0,0,0,0,0,0,1,1,1,1]}}]]