[{"__type__":"cc.SpriteFrame","content":{"name":"touming","texture":"qzmjmj23-b67d-4d50-ae8c-fb5939e02a67","rect":[0,0,1,1],"offset":[0,0],"originalSize":[1,1],"capInsets":[0,0,0,0]}},[{"__type__":"cc.Prefab","_name":"buhua","data":{"__id__":1}},{"__type__":"cc.Node","_name":"buhua","_components":[{"__type__":"cc.Sprite","node":{"__id__":1},"_spriteFrame":{"__uuid__":"qzmjmj2f-5b0b-4454-acf8-cfc019fa46b4"},"_sizeMode":2,"_isTrimmedMode":false},{"__type__":"cc.Animation","node":{"__id__":1},"_defaultClip":{"__uuid__":"qzmjmj88-8188-4867-8839-939cc36fe2f8"},"_clips":[{"__uuid__":"qzmjmj88-8188-4867-8839-939cc36fe2f8"}]},{"__type__":"qzmjmja3-f7f6-43f3-bc26-19a21c44bee8","node":{"__id__":1}}],"_prefab":{"__type__":"cc.PrefabInfo","root":{"__id__":1},"asset":{"__uuid__":"qzmjmjf2-41ae-4402-bc0c-6c6b73623bea"},"fileId":"9551aHu5+FNv5rRcTPPhcBz"},"_contentSize":{"__type__":"cc.Size","width":1,"height":1},"_trs":{"__type__":"TypedArray","ctor":"Float64Array","array":[0,0,0,0,0,0,1,1,1,1]}}]]