[{"__type__":"cc.SpriteFrame","content":{"name":"ani_09","texture":"qzmjmj54-efc9-48d6-94eb-9eccd9d6d9f0","rect":[61,36,534,286],"offset":[-2.5,3.5],"originalSize":[661,365],"capInsets":[0,0,0,0]}},{"__type__":"cc.SpriteFrame","content":{"name":"ani_01","texture":"qzmjmj0e-f4b5-49ce-a73d-cbe3accfc289","rect":[32,19,599,329],"offset":[1,-1],"originalSize":[661,365],"capInsets":[0,0,0,0]}},{"__type__":"cc.SpriteFrame","content":{"name":"ani_08","texture":"qzmjmj2a-bdba-4934-8867-bac4fa8fbe31","rect":[76,44,508,274],"offset":[-0.5,1.5],"originalSize":[661,365],"capInsets":[0,0,0,0]}},{"__type__":"cc.AnimationClip","_name":"erdaAction","_duration":0.7666666666666667,"curveData":{"comps":{"cc.Sprite":{"spriteFrame":[{"frame":0,"value":{"__uuid__":"qzmjmj30-5065-41f5-8a09-c80d367c6fa2"}},{"frame":0.08333333333333333,"value":{"__uuid__":"qzmjmj9f-7f69-43fe-84d9-4a7a1d8eafe8"}},{"frame":0.16666666666666666,"value":{"__uuid__":"qzmjmjf1-213f-4068-b3ad-1519edc149e1"}},{"frame":0.25,"value":{"__uuid__":"qzmjmjd8-579c-4497-81ea-ef1518022b0a"}},{"frame":0.3333333333333333,"value":{"__uuid__":"qzmjmj89-a63f-49b4-8d1e-193c68ff55d7"}},{"frame":0.4166666666666667,"value":{"__uuid__":"qzmjmjb0-2661-4311-aaa6-9cfb4275b52d"}},{"frame":0.5,"value":{"__uuid__":"qzmjmj9a-c02a-45a4-bd34-fb390fed9dec"}},{"frame":0.5833333333333334,"value":{"__uuid__":"qzmjmj45-131a-4aad-b0a2-ceec0240e2aa"}},{"frame":0.6666666666666666,"value":{"__uuid__":"qzmjmj02-cb23-494d-b9ce-33a5ea666640"}},{"frame":0.75,"value":{"__uuid__":"qzmjmja4-64ae-4254-902a-bf8fecc704ef"}}]}}}},{"__type__":"cc.SpriteFrame","content":{"name":"ani_05","texture":"qzmjmj01-a86d-4808-a27f-b14810c6d07b","rect":[138,77,386,213],"offset":[0.5,-1],"originalSize":[661,365],"capInsets":[0,0,0,0]}},{"__type__":"cc.SpriteFrame","content":{"name":"ani_07","texture":"qzmjmjef-0bf0-49ab-b2e0-62ec6d2be435","rect":[89,51,477,256],"offset":[-3,3.5],"originalSize":[661,365],"capInsets":[0,0,0,0]}},{"__type__":"cc.SpriteFrame","content":{"name":"ani_02","texture":"qzmjmj40-4bdc-4a0d-8819-70d19fe5bd58","rect":[1,3,651,349],"offset":[-4,5],"originalSize":[661,365],"capInsets":[0,0,0,0]}},{"__type__":"cc.SpriteFrame","content":{"name":"ani_10","texture":"qzmjmj3a-ae5d-4cef-abd5-5e9cfc42fe12","rect":[173,69,342,202],"offset":[13.5,12.5],"originalSize":[661,365],"capInsets":[0,0,0,0]}},{"__type__":"cc.SpriteFrame","content":{"name":"ani_06","texture":"qzmjmj67-b90e-493f-8579-0c5b88e8755d","rect":[114,65,434,238],"offset":[0.5,-1.5],"originalSize":[661,365],"capInsets":[0,0,0,0]}},{"__type__":"cc.SpriteFrame","content":{"name":"ani_04","texture":"qzmjmj17-38fb-48b4-b19f-5932ce81f332","rect":[121,68,420,231],"offset":[0.5,-1],"originalSize":[661,365],"capInsets":[0,0,0,0]}},{"__type__":"cc.SpriteFrame","content":{"name":"ani_03","texture":"qzmjmj6b-7512-43e4-a8d4-60dde377f433","rect":[50,30,561,308],"offset":[0,-1.5],"originalSize":[661,365],"capInsets":[0,0,0,0]}}]