[{"__type__":"cc.BitmapFont","_name":"lb_game_tsy","spriteFrame":{"__uuid__":"qzmjmj9b-d784-4969-b66e-0d8d422f10f9"},"fontSize":1,"_fntConfig":{"commonHeight":48,"fontSize":1,"atlasName":"lb_game_tsy.png","fontDefDictionary":{"32":{"rect":{"x":0,"y":0,"width":0,"height":0},"xOffset":0,"yOffset":0,"xAdvance":43},"19978":{"rect":{"x":0,"y":0,"width":43,"height":48},"xOffset":0,"yOffset":0,"xAdvance":43},"20027":{"rect":{"x":0,"y":48,"width":43,"height":48},"xOffset":0,"yOffset":0,"xAdvance":43},"20080":{"rect":{"x":43,"y":0,"width":43,"height":48},"xOffset":0,"yOffset":0,"xAdvance":43},"20132":{"rect":{"x":0,"y":96,"width":43,"height":48},"xOffset":0,"yOffset":0,"xAdvance":43},"20146":{"rect":{"x":43,"y":48,"width":43,"height":48},"xOffset":0,"yOffset":0,"xAdvance":43},"20182":{"rect":{"x":86,"y":0,"width":43,"height":48},"xOffset":0,"yOffset":0,"xAdvance":43},"20197":{"rect":{"x":0,"y":144,"width":43,"height":48},"xOffset":0,"yOffset":0,"xAdvance":43},"20301":{"rect":{"x":43,"y":96,"width":43,"height":48},"xOffset":0,"yOffset":0,"xAdvance":43},"20316":{"rect":{"x":86,"y":48,"width":43,"height":48},"xOffset":0,"yOffset":0,"xAdvance":43},"20351":{"rect":{"x":129,"y":0,"width":43,"height":48},"xOffset":0,"yOffset":0,"xAdvance":43},"20493":{"rect":{"x":0,"y":192,"width":43,"height":48},"xOffset":0,"yOffset":0,"xAdvance":43},"20808":{"rect":{"x":43,"y":144,"width":43,"height":48},"xOffset":0,"yOffset":0,"xAdvance":43},"20837":{"rect":{"x":86,"y":96,"width":43,"height":48},"xOffset":0,"yOffset":0,"xAdvance":43},"20854":{"rect":{"x":129,"y":48,"width":43,"height":48},"xOffset":0,"yOffset":0,"xAdvance":43},"20934":{"rect":{"x":172,"y":0,"width":43,"height":48},"xOffset":0,"yOffset":0,"xAdvance":43},"20998":{"rect":{"x":0,"y":240,"width":43,"height":48},"xOffset":0,"yOffset":0,"xAdvance":43},"21151":{"rect":{"x":43,"y":192,"width":43,"height":48},"xOffset":0,"yOffset":0,"xAdvance":43},"21152":{"rect":{"x":86,"y":144,"width":43,"height":48},"xOffset":0,"yOffset":0,"xAdvance":43},"21483":{"rect":{"x":129,"y":96,"width":43,"height":48},"xOffset":0,"yOffset":0,"xAdvance":43},"21487":{"rect":{"x":172,"y":48,"width":43,"height":48},"xOffset":0,"yOffset":0,"xAdvance":43},"21512":{"rect":{"x":215,"y":0,"width":43,"height":48},"xOffset":0,"yOffset":0,"xAdvance":43},"21734":{"rect":{"x":0,"y":288,"width":43,"height":48},"xOffset":0,"yOffset":0,"xAdvance":43},"22320":{"rect":{"x":43,"y":240,"width":43,"height":48},"xOffset":0,"yOffset":0,"xAdvance":43},"22791":{"rect":{"x":86,"y":192,"width":43,"height":48},"xOffset":0,"yOffset":0,"xAdvance":43},"22823":{"rect":{"x":129,"y":144,"width":43,"height":48},"xOffset":0,"yOffset":0,"xAdvance":43},"22987":{"rect":{"x":172,"y":96,"width":43,"height":48},"xOffset":0,"yOffset":0,"xAdvance":43},"23376":{"rect":{"x":215,"y":48,"width":43,"height":48},"xOffset":0,"yOffset":0,"xAdvance":43},"23478":{"rect":{"x":258,"y":0,"width":43,"height":48},"xOffset":0,"yOffset":0,"xAdvance":43},"23545":{"rect":{"x":0,"y":336,"width":43,"height":48},"xOffset":0,"yOffset":0,"xAdvance":43},"23567":{"rect":{"x":43,"y":288,"width":43,"height":48},"xOffset":0,"yOffset":0,"xAdvance":43},"24050":{"rect":{"x":86,"y":240,"width":43,"height":48},"xOffset":0,"yOffset":0,"xAdvance":43},"24196":{"rect":{"x":129,"y":192,"width":43,"height":48},"xOffset":0,"yOffset":0,"xAdvance":43},"24207":{"rect":{"x":172,"y":144,"width":43,"height":48},"xOffset":0,"yOffset":0,"xAdvance":43},"24231":{"rect":{"x":215,"y":96,"width":43,"height":48},"xOffset":0,"yOffset":0,"xAdvance":43},"24320":{"rect":{"x":258,"y":48,"width":43,"height":48},"xOffset":0,"yOffset":0,"xAdvance":43},"24352":{"rect":{"x":301,"y":0,"width":43,"height":48},"xOffset":0,"yOffset":0,"xAdvance":43},"24453":{"rect":{"x":0,"y":384,"width":43,"height":48},"xOffset":0,"yOffset":0,"xAdvance":43},"24744":{"rect":{"x":43,"y":336,"width":43,"height":48},"xOffset":0,"yOffset":0,"xAdvance":43},"25104":{"rect":{"x":86,"y":288,"width":43,"height":48},"xOffset":0,"yOffset":0,"xAdvance":43},"25163":{"rect":{"x":129,"y":240,"width":43,"height":48},"xOffset":0,"yOffset":0,"xAdvance":43},"25165":{"rect":{"x":172,"y":192,"width":43,"height":48},"xOffset":0,"yOffset":0,"xAdvance":43},"25250":{"rect":{"x":215,"y":144,"width":43,"height":48},"xOffset":0,"yOffset":0,"xAdvance":43},"25276":{"rect":{"x":258,"y":96,"width":43,"height":48},"xOffset":0,"yOffset":0,"xAdvance":43},"25321":{"rect":{"x":301,"y":48,"width":43,"height":48},"xOffset":0,"yOffset":0,"xAdvance":43},"25353":{"rect":{"x":344,"y":0,"width":43,"height":48},"xOffset":0,"yOffset":0,"xAdvance":43},"25442":{"rect":{"x":0,"y":432,"width":43,"height":48},"xOffset":0,"yOffset":0,"xAdvance":43},"25490":{"rect":{"x":43,"y":384,"width":43,"height":48},"xOffset":0,"yOffset":0,"xAdvance":43},"25554":{"rect":{"x":86,"y":336,"width":43,"height":48},"xOffset":0,"yOffset":0,"xAdvance":43},"25805":{"rect":{"x":129,"y":288,"width":43,"height":48},"xOffset":0,"yOffset":0,"xAdvance":43},"25968":{"rect":{"x":172,"y":240,"width":43,"height":48},"xOffset":0,"yOffset":0,"xAdvance":43},"27700":{"rect":{"x":215,"y":192,"width":43,"height":48},"xOffset":0,"yOffset":0,"xAdvance":43},"27880":{"rect":{"x":258,"y":144,"width":43,"height":48},"xOffset":0,"yOffset":0,"xAdvance":43},"28779":{"rect":{"x":301,"y":96,"width":43,"height":48},"xOffset":0,"yOffset":0,"xAdvance":43},"29260":{"rect":{"x":344,"y":48,"width":43,"height":48},"xOffset":0,"yOffset":0,"xAdvance":43},"29609":{"rect":{"x":387,"y":0,"width":43,"height":48},"xOffset":0,"yOffset":0,"xAdvance":43},"29702":{"rect":{"x":43,"y":432,"width":43,"height":48},"xOffset":0,"yOffset":0,"xAdvance":43},"29992":{"rect":{"x":86,"y":384,"width":43,"height":48},"xOffset":0,"yOffset":0,"xAdvance":43},"30340":{"rect":{"x":129,"y":336,"width":43,"height":48},"xOffset":0,"yOffset":0,"xAdvance":43},"30721":{"rect":{"x":172,"y":288,"width":43,"height":48},"xOffset":0,"yOffset":0,"xAdvance":43},"30830":{"rect":{"x":215,"y":240,"width":43,"height":48},"xOffset":0,"yOffset":0,"xAdvance":43},"31561":{"rect":{"x":258,"y":192,"width":43,"height":48},"xOffset":0,"yOffset":0,"xAdvance":43},"33021":{"rect":{"x":301,"y":144,"width":43,"height":48},"xOffset":0,"yOffset":0,"xAdvance":43},"33394":{"rect":{"x":344,"y":96,"width":43,"height":48},"xOffset":0,"yOffset":0,"xAdvance":43},"33457":{"rect":{"x":387,"y":48,"width":43,"height":48},"xOffset":0,"yOffset":0,"xAdvance":43},"33829":{"rect":{"x":430,"y":0,"width":43,"height":48},"xOffset":0,"yOffset":0,"xAdvance":43},"34892":{"rect":{"x":86,"y":432,"width":43,"height":48},"xOffset":0,"yOffset":0,"xAdvance":43},"35201":{"rect":{"x":129,"y":384,"width":43,"height":48},"xOffset":0,"yOffset":0,"xAdvance":43},"35748":{"rect":{"x":172,"y":336,"width":43,"height":48},"xOffset":0,"yOffset":0,"xAdvance":43},"35831":{"rect":{"x":215,"y":288,"width":43,"height":48},"xOffset":0,"yOffset":0,"xAdvance":43},"36129":{"rect":{"x":258,"y":240,"width":43,"height":48},"xOffset":0,"yOffset":0,"xAdvance":43},"36793":{"rect":{"x":301,"y":192,"width":43,"height":48},"xOffset":0,"yOffset":0,"xAdvance":43},"36824":{"rect":{"x":344,"y":144,"width":43,"height":48},"xOffset":0,"yOffset":0,"xAdvance":43},"36827":{"rect":{"x":387,"y":96,"width":43,"height":48},"xOffset":0,"yOffset":0,"xAdvance":43},"36866":{"rect":{"x":430,"y":48,"width":43,"height":48},"xOffset":0,"yOffset":0,"xAdvance":43},"36873":{"rect":{"x":129,"y":432,"width":43,"height":48},"xOffset":0,"yOffset":0,"xAdvance":43},"38453":{"rect":{"x":172,"y":384,"width":43,"height":48},"xOffset":0,"yOffset":0,"xAdvance":43},"38656":{"rect":{"x":215,"y":336,"width":43,"height":48},"xOffset":0,"yOffset":0,"xAdvance":43},"39128":{"rect":{"x":258,"y":288,"width":43,"height":48},"xOffset":0,"yOffset":0,"xAdvance":43},"65292":{"rect":{"x":301,"y":240,"width":43,"height":48},"xOffset":0,"yOffset":0,"xAdvance":43}},"kerningDict":{}}},{"__type__":"cc.SpriteFrame","content":{"name":"lb_game_tsy","texture":"qzmjmj6e-c56e-4835-9a06-abbf8088aa60","rect":[3,6,466,468],"offset":[-20,16],"originalSize":[512,512],"capInsets":[0,0,0,0]}}]