[{"__type__":"cc.SpriteFrame","content":{"name":"btn_close","texture":"qzmjmj22-4193-4d6e-968d-ec3ef372c92d","rect":[0,0,79,80],"offset":[0,0],"originalSize":[79,80],"capInsets":[0,0,0,0]}},{"__type__":"cc.SpriteFrame","content":{"name":"bg","texture":"qzmjmj36-8a0c-4d92-8561-c45e53fa19cc","rect":[0,0,21,63],"offset":[0,0],"originalSize":[21,63],"capInsets":[0,0,0,0]}},{"__type__":"cc.SpriteFrame","content":{"name":"bg_title","texture":"qzmjmjbc-2dba-4ebc-aeb6-6c8fb4eea355","rect":[0,0,322,60],"offset":[0,0],"originalSize":[322,60],"capInsets":[0,0,0,0]}},{"__type__":"cc.SpriteFrame","content":{"name":"title_wzts","texture":"qzmjmjf4-b197-4467-9665-06d555ca72fe","rect":[0,0,202,41],"offset":[0,0],"originalSize":[202,41],"capInsets":[0,0,0,0]}},{"__type__":"cc.SpriteFrame","content":{"name":"bg","texture":"qzmjmj70-5079-4c3f-866c-b49f77c32b82","rect":[0,0,1044,628],"offset":[0,0],"originalSize":[1044,628],"capInsets":[0,0,0,0]}},{"__type__":"cc.SpriteFrame","content":{"name":"img_line","texture":"qzmjmjad-7e53-4d2c-aeac-b095ded1913f","rect":[0,0,37,6],"offset":[-0.5,0],"originalSize":[38,6],"capInsets":[0,0,0,0]}},{"__type__":"cc.SpriteFrame","content":{"name":"bg_head","texture":"qzmjmj43-a61c-4ba0-8090-c6ed6ebf68f0","rect":[0,0,93,94],"offset":[0,0],"originalSize":[93,94],"capInsets":[0,0,0,0]}},{"__type__":"cc.SpriteFrame","content":{"name":"morentouxiang","texture":"qzmjmj52-0393-4ea1-84d8-1bdd3044f177","rect":[0,0,60,60],"offset":[0,0],"originalSize":[60,60],"capInsets":[0,0,0,0]}},[{"__type__":"cc.Prefab","_name":"qzmj_UIGPSLoation","data":{"__id__":1}},{"__type__":"cc.Node","_name":"xymj_UIGPSLoation","_children":[{"__id__":2},{"__id__":5},{"__id__":6},{"__id__":17},{"__id__":28},{"__id__":39},{"__id__":57},{"__id__":68},{"__id__":78},{"__id__":83},{"__id__":88},{"__id__":93}],"_components":[{"__type__":"cc.Sprite","node":{"__id__":1},"_materials":[{"__uuid__":"ecpdLyjvZBwrvm+cedCcQy"}],"_spriteFrame":{"__uuid__":"qzmjmj1f-3e0b-4b1d-ae52-c52ad188bba9"},"_sizeMode":0},{"__type__":"cc.Widget","node":{"__id__":1},"alignMode":0,"_alignFlags":45,"_originalWidth":21,"_originalHeight":63},{"__type__":"qzmjmjcb-d336-470b-9e14-49ce8e3568ff","node":{"__id__":1},"JS_Name":"pxzzmj_BaseComponent","ZorderLv":7}],"_prefab":{"__type__":"cc.PrefabInfo","root":{"__id__":1},"asset":{"__uuid__":"qzmjmjfe-1385-4d0a-a903-eb73442b8bd1"},"fileId":"82YLVx50NMHaxq8eIJk6Ru"},"_contentSize":{"__type__":"cc.Size","width":1360,"height":760},"_trs":{"__type__":"TypedArray","ctor":"Float64Array","array":[680,380,0,0,0,0,1,1,1,1]}},{"__type__":"cc.Node","_name":"bg","_parent":{"__id__":1},"_children":[{"__id__":3}],"_components":[{"__type__":"cc.Sprite","node":{"__id__":2},"_materials":[{"__uuid__":"ecpdLyjvZBwrvm+cedCcQy"}],"_spriteFrame":{"__uuid__":"qzmjmj8e-3009-43e5-8f33-39d43a6775d3"}}],"_prefab":{"__type__":"cc.PrefabInfo","root":{"__id__":1},"asset":{"__uuid__":"qzmjmjfe-1385-4d0a-a903-eb73442b8bd1"},"fileId":"684XWM6f9F4LgxctSYPgIW"},"_contentSize":{"__type__":"cc.Size","width":1044,"height":628},"_trs":{"__type__":"TypedArray","ctor":"Float64Array","array":[0,-41,0,0,0,0,1,1,1,1]}},{"__type__":"cc.Node","_name":"New Sprite","_parent":{"__id__":2},"_children":[{"__id__":4}],"_components":[{"__type__":"cc.Sprite","node":{"__id__":3},"_materials":[{"__uuid__":"ecpdLyjvZBwrvm+cedCcQy"}],"_spriteFrame":{"__uuid__":"qzmjmj5a-095d-410f-9073-891167e8961f"}}],"_prefab":{"__type__":"cc.PrefabInfo","root":{"__id__":1},"asset":{"__uuid__":"qzmjmjfe-1385-4d0a-a903-eb73442b8bd1"},"fileId":"23rPXQwiFO77UvhduYOySu"},"_contentSize":{"__type__":"cc.Size","width":322,"height":60},"_trs":{"__type__":"TypedArray","ctor":"Float64Array","array":[0,320.4,0,0,0,0,1,1,1,1]}},{"__type__":"cc.Node","_name":"New Sprite","_parent":{"__id__":3},"_components":[{"__type__":"cc.Sprite","node":{"__id__":4},"_materials":[{"__uuid__":"ecpdLyjvZBwrvm+cedCcQy"}],"_spriteFrame":{"__uuid__":"qzmjmj7a-5a3a-4d85-84e7-2eb106007135"}}],"_prefab":{"__type__":"cc.PrefabInfo","root":{"__id__":1},"asset":{"__uuid__":"qzmjmjfe-1385-4d0a-a903-eb73442b8bd1"},"fileId":"a5bQNFnkZGzrV6SzDwcLow"},"_contentSize":{"__type__":"cc.Size","width":202,"height":41},"_trs":{"__type__":"TypedArray","ctor":"Float64Array","array":[0,0,0,0,0,0,1,1,1,1]}},{"__type__":"cc.Node","_name":"btn_close","_parent":{"__id__":1},"_components":[{"__type__":"cc.Sprite","node":{"__id__":5},"_materials":[{"__uuid__":"ecpdLyjvZBwrvm+cedCcQy"}],"_spriteFrame":{"__uuid__":"qzmjmj0a-09cb-4f8d-a5ba-e45067866d94"}},{"__type__":"cc.Button","node":{"__id__":5},"clickEvents":[{"__type__":"cc.ClickEvent","target":{"__id__":1},"_componentId":"qzmjmjcb-d336-470b-9e14-49ce8e3568ff","handler":"OnClick_BtnWnd"}],"_N$transition":3,"transition":3,"_N$normalColor":{"__type__":"cc.Color","r":214,"g":214,"b":214},"_N$target":{"__id__":5}}],"_prefab":{"__type__":"cc.PrefabInfo","root":{"__id__":1},"asset":{"__uuid__":"qzmjmjfe-1385-4d0a-a903-eb73442b8bd1"},"fileId":"73Y6l65KlKdJcy3mIdKA+6"},"_contentSize":{"__type__":"cc.Size","width":79,"height":80},"_trs":{"__type__":"TypedArray","ctor":"Float64Array","array":[519.2,247.3,0,0,0,0,1,1,1,1]}},{"__type__":"cc.Node","_name":"gps_line_14","_parent":{"__id__":1},"_children":[{"__id__":7},{"__id__":8}],"_prefab":{"__type__":"cc.PrefabInfo","root":{"__id__":1},"asset":{"__uuid__":"qzmjmjfe-1385-4d0a-a903-eb73442b8bd1"},"fileId":"eawOKQfTVLXblOMKLZyT+8"},"_contentSize":{"__type__":"cc.Size","width":37,"height":6},"_trs":{"__type__":"TypedArray","ctor":"Float64Array","array":[-296,-52,0,0,0,-0.29237170472273677,0.9563047559630354,1,1,1]},"_eulerAngles":{"__type__":"cc.Vec3","z":-34}},{"__type__":"cc.Node","_name":"label_juli","_parent":{"__id__":6},"_components":[{"__type__":"cc.Label","node":{"__id__":7},"_materials":[{"__uuid__":"ecpdLyjvZBwrvm+cedCcQy"}],"_useOriginalSize":false,"_string":"未知距离","_N$string":"未知距离","_fontSize":26,"_lineHeight":30,"_N$horizontalAlign":1,"_N$verticalAlign":1}],"_prefab":{"__type__":"cc.PrefabInfo","root":{"__id__":1},"asset":{"__uuid__":"qzmjmjfe-1385-4d0a-a903-eb73442b8bd1"},"fileId":"c6ouBMtPRPlpvugnQdYA4Z"},"_color":{"__type__":"cc.Color","r":191,"g":20,"b":20},"_contentSize":{"__type__":"cc.Size","width":104,"height":37.8},"_trs":{"__type__":"TypedArray","ctor":"Float64Array","array":[140,17.3,0,0,0,0,1,1,1,1]}},{"__type__":"cc.Node","_name":"layout","_parent":{"__id__":6},"_children":[{"__id__":9},{"__id__":10},{"__id__":11},{"__id__":12},{"__id__":13},{"__id__":14},{"__id__":15},{"__id__":16}],"_components":[{"__type__":"cc.Layout","node":{"__id__":8},"_layoutSize":{"__type__":"cc.Size","width":345,"height":6},"_resize":1,"_N$layoutType":1,"_N$spacingX":7}],"_prefab":{"__type__":"cc.PrefabInfo","root":{"__id__":1},"asset":{"__uuid__":"qzmjmjfe-1385-4d0a-a903-eb73442b8bd1"},"fileId":"0eBKvZdRlGg4eZTqKEhZ0r"},"_opacity":150,"_contentSize":{"__type__":"cc.Size","width":345,"height":6},"_anchorPoint":{"__type__":"cc.Vec2","y":0.5},"_trs":{"__type__":"TypedArray","ctor":"Float64Array","array":[-21,0,0,0,0,0,1,1,1,1]}},{"__type__":"cc.Node","_name":"gps_line","_parent":{"__id__":8},"_components":[{"__type__":"cc.Sprite","node":{"__id__":9},"_materials":[{"__uuid__":"ecpdLyjvZBwrvm+cedCcQy"}],"_spriteFrame":{"__uuid__":"qzmjmja3-2dd6-45b7-9091-ca2e37a86186"}}],"_prefab":{"__type__":"cc.PrefabInfo","root":{"__id__":1},"asset":{"__uuid__":"qzmjmjfe-1385-4d0a-a903-eb73442b8bd1"},"fileId":"abRwftC1ZCmKsigLS1RJ/R"},"_contentSize":{"__type__":"cc.Size","width":37,"height":6},"_trs":{"__type__":"TypedArray","ctor":"Float64Array","array":[18.5,0,0,0,0,0,1,1,1,1]}},{"__type__":"cc.Node","_name":"gps_line","_parent":{"__id__":8},"_components":[{"__type__":"cc.Sprite","node":{"__id__":10},"_materials":[{"__uuid__":"ecpdLyjvZBwrvm+cedCcQy"}],"_spriteFrame":{"__uuid__":"qzmjmja3-2dd6-45b7-9091-ca2e37a86186"}}],"_prefab":{"__type__":"cc.PrefabInfo","root":{"__id__":1},"asset":{"__uuid__":"qzmjmjfe-1385-4d0a-a903-eb73442b8bd1"},"fileId":"c8vpTwh9lBfZzJsqM4mqZD"},"_contentSize":{"__type__":"cc.Size","width":37,"height":6},"_trs":{"__type__":"TypedArray","ctor":"Float64Array","array":[62.5,0,0,0,0,0,1,1,1,1]}},{"__type__":"cc.Node","_name":"gps_line","_parent":{"__id__":8},"_components":[{"__type__":"cc.Sprite","node":{"__id__":11},"_materials":[{"__uuid__":"ecpdLyjvZBwrvm+cedCcQy"}],"_spriteFrame":{"__uuid__":"qzmjmja3-2dd6-45b7-9091-ca2e37a86186"}}],"_prefab":{"__type__":"cc.PrefabInfo","root":{"__id__":1},"asset":{"__uuid__":"qzmjmjfe-1385-4d0a-a903-eb73442b8bd1"},"fileId":"be6OkEy0BC/YnkA/xe5xlf"},"_contentSize":{"__type__":"cc.Size","width":37,"height":6},"_trs":{"__type__":"TypedArray","ctor":"Float64Array","array":[106.5,0,0,0,0,0,1,1,1,1]}},{"__type__":"cc.Node","_name":"gps_line","_parent":{"__id__":8},"_components":[{"__type__":"cc.Sprite","node":{"__id__":12},"_materials":[{"__uuid__":"ecpdLyjvZBwrvm+cedCcQy"}],"_spriteFrame":{"__uuid__":"qzmjmja3-2dd6-45b7-9091-ca2e37a86186"}}],"_prefab":{"__type__":"cc.PrefabInfo","root":{"__id__":1},"asset":{"__uuid__":"qzmjmjfe-1385-4d0a-a903-eb73442b8bd1"},"fileId":"6eJo64kC9FCah7iObwCdeP"},"_contentSize":{"__type__":"cc.Size","width":37,"height":6},"_trs":{"__type__":"TypedArray","ctor":"Float64Array","array":[150.5,0,0,0,0,0,1,1,1,1]}},{"__type__":"cc.Node","_name":"gps_line","_parent":{"__id__":8},"_components":[{"__type__":"cc.Sprite","node":{"__id__":13},"_materials":[{"__uuid__":"ecpdLyjvZBwrvm+cedCcQy"}],"_spriteFrame":{"__uuid__":"qzmjmja3-2dd6-45b7-9091-ca2e37a86186"}}],"_prefab":{"__type__":"cc.PrefabInfo","root":{"__id__":1},"asset":{"__uuid__":"qzmjmjfe-1385-4d0a-a903-eb73442b8bd1"},"fileId":"80qkRmSbhPiYvXk+HKS88D"},"_contentSize":{"__type__":"cc.Size","width":37,"height":6},"_trs":{"__type__":"TypedArray","ctor":"Float64Array","array":[194.5,0,0,0,0,0,1,1,1,1]}},{"__type__":"cc.Node","_name":"gps_line","_parent":{"__id__":8},"_components":[{"__type__":"cc.Sprite","node":{"__id__":14},"_materials":[{"__uuid__":"ecpdLyjvZBwrvm+cedCcQy"}],"_spriteFrame":{"__uuid__":"qzmjmja3-2dd6-45b7-9091-ca2e37a86186"}}],"_prefab":{"__type__":"cc.PrefabInfo","root":{"__id__":1},"asset":{"__uuid__":"qzmjmjfe-1385-4d0a-a903-eb73442b8bd1"},"fileId":"c4xxQNA1VCvKIOaLPbgLFh"},"_contentSize":{"__type__":"cc.Size","width":37,"height":6},"_trs":{"__type__":"TypedArray","ctor":"Float64Array","array":[238.5,0,0,0,0,0,1,1,1,1]}},{"__type__":"cc.Node","_name":"gps_line","_parent":{"__id__":8},"_components":[{"__type__":"cc.Sprite","node":{"__id__":15},"_materials":[{"__uuid__":"ecpdLyjvZBwrvm+cedCcQy"}],"_spriteFrame":{"__uuid__":"qzmjmja3-2dd6-45b7-9091-ca2e37a86186"}}],"_prefab":{"__type__":"cc.PrefabInfo","root":{"__id__":1},"asset":{"__uuid__":"qzmjmjfe-1385-4d0a-a903-eb73442b8bd1"},"fileId":"71dCbeqnVIvqjkQMFLnEqn"},"_contentSize":{"__type__":"cc.Size","width":37,"height":6},"_trs":{"__type__":"TypedArray","ctor":"Float64Array","array":[282.5,0,0,0,0,0,1,1,1,1]}},{"__type__":"cc.Node","_name":"gps_line","_parent":{"__id__":8},"_components":[{"__type__":"cc.Sprite","node":{"__id__":16},"_materials":[{"__uuid__":"ecpdLyjvZBwrvm+cedCcQy"}],"_spriteFrame":{"__uuid__":"qzmjmja3-2dd6-45b7-9091-ca2e37a86186"}}],"_prefab":{"__type__":"cc.PrefabInfo","root":{"__id__":1},"asset":{"__uuid__":"qzmjmjfe-1385-4d0a-a903-eb73442b8bd1"},"fileId":"7eUNz2WkVDVarbia0NKT8d"},"_contentSize":{"__type__":"cc.Size","width":37,"height":6},"_trs":{"__type__":"TypedArray","ctor":"Float64Array","array":[326.5,0,0,0,0,0,1,1,1,1]}},{"__type__":"cc.Node","_name":"gps_line_34","_parent":{"__id__":1},"_children":[{"__id__":18},{"__id__":19}],"_prefab":{"__type__":"cc.PrefabInfo","root":{"__id__":1},"asset":{"__uuid__":"qzmjmjfe-1385-4d0a-a903-eb73442b8bd1"},"fileId":"36JFrMV3lB95VKmbLnYLUO"},"_contentSize":{"__type__":"cc.Size","width":37,"height":6},"_trs":{"__type__":"TypedArray","ctor":"Float64Array","array":[-337,61,0,0,0,0.20620418539662966,0.9785089851017784,1,1,1]},"_eulerAngles":{"__type__":"cc.Vec3","z":23.8}},{"__type__":"cc.Node","_name":"label_juli","_parent":{"__id__":17},"_components":[{"__type__":"cc.Label","node":{"__id__":18},"_materials":[{"__uuid__":"ecpdLyjvZBwrvm+cedCcQy"}],"_useOriginalSize":false,"_string":"未知距离","_N$string":"未知距离","_fontSize":26,"_lineHeight":30,"_N$horizontalAlign":1,"_N$verticalAlign":1}],"_prefab":{"__type__":"cc.PrefabInfo","root":{"__id__":1},"asset":{"__uuid__":"qzmjmjfe-1385-4d0a-a903-eb73442b8bd1"},"fileId":"ebxVTnImJP26K6kvDqNOX9"},"_color":{"__type__":"cc.Color","r":191,"g":20,"b":20},"_contentSize":{"__type__":"cc.Size","width":104,"height":37.8},"_trs":{"__type__":"TypedArray","ctor":"Float64Array","array":[187,20,0,0,0,0,1,1,1,1]}},{"__type__":"cc.Node","_name":"layout","_parent":{"__id__":17},"_children":[{"__id__":20},{"__id__":21},{"__id__":22},{"__id__":23},{"__id__":24},{"__id__":25},{"__id__":26},{"__id__":27}],"_components":[{"__type__":"cc.Layout","node":{"__id__":19},"_layoutSize":{"__type__":"cc.Size","width":345,"height":6},"_resize":1,"_N$layoutType":1,"_N$spacingX":7}],"_prefab":{"__type__":"cc.PrefabInfo","root":{"__id__":1},"asset":{"__uuid__":"qzmjmjfe-1385-4d0a-a903-eb73442b8bd1"},"fileId":"90T5ElVj5FuZmZ4LtAqgAQ"},"_opacity":150,"_contentSize":{"__type__":"cc.Size","width":345,"height":6},"_anchorPoint":{"__type__":"cc.Vec2","y":0.5},"_trs":{"__type__":"TypedArray","ctor":"Float64Array","array":[-28.4,0,0,0,0,0,1,1,1,1]}},{"__type__":"cc.Node","_name":"gps_line","_parent":{"__id__":19},"_components":[{"__type__":"cc.Sprite","node":{"__id__":20},"_materials":[{"__uuid__":"ecpdLyjvZBwrvm+cedCcQy"}],"_spriteFrame":{"__uuid__":"qzmjmja3-2dd6-45b7-9091-ca2e37a86186"}}],"_prefab":{"__type__":"cc.PrefabInfo","root":{"__id__":1},"asset":{"__uuid__":"qzmjmjfe-1385-4d0a-a903-eb73442b8bd1"},"fileId":"13yZ7B+WxMq4axlnGmznZ4"},"_contentSize":{"__type__":"cc.Size","width":37,"height":6},"_trs":{"__type__":"TypedArray","ctor":"Float64Array","array":[18.5,0,0,0,0,0,1,1,1,1]}},{"__type__":"cc.Node","_name":"gps_line","_parent":{"__id__":19},"_components":[{"__type__":"cc.Sprite","node":{"__id__":21},"_materials":[{"__uuid__":"ecpdLyjvZBwrvm+cedCcQy"}],"_spriteFrame":{"__uuid__":"qzmjmja3-2dd6-45b7-9091-ca2e37a86186"}}],"_prefab":{"__type__":"cc.PrefabInfo","root":{"__id__":1},"asset":{"__uuid__":"qzmjmjfe-1385-4d0a-a903-eb73442b8bd1"},"fileId":"895aJk4qJOxZpSr2OFq8H/"},"_contentSize":{"__type__":"cc.Size","width":37,"height":6},"_trs":{"__type__":"TypedArray","ctor":"Float64Array","array":[62.5,0,0,0,0,0,1,1,1,1]}},{"__type__":"cc.Node","_name":"gps_line","_parent":{"__id__":19},"_components":[{"__type__":"cc.Sprite","node":{"__id__":22},"_materials":[{"__uuid__":"ecpdLyjvZBwrvm+cedCcQy"}],"_spriteFrame":{"__uuid__":"qzmjmja3-2dd6-45b7-9091-ca2e37a86186"}}],"_prefab":{"__type__":"cc.PrefabInfo","root":{"__id__":1},"asset":{"__uuid__":"qzmjmjfe-1385-4d0a-a903-eb73442b8bd1"},"fileId":"beof0eek1GoYAbaHyqDpAc"},"_contentSize":{"__type__":"cc.Size","width":37,"height":6},"_trs":{"__type__":"TypedArray","ctor":"Float64Array","array":[106.5,0,0,0,0,0,1,1,1,1]}},{"__type__":"cc.Node","_name":"gps_line","_parent":{"__id__":19},"_components":[{"__type__":"cc.Sprite","node":{"__id__":23},"_materials":[{"__uuid__":"ecpdLyjvZBwrvm+cedCcQy"}],"_spriteFrame":{"__uuid__":"qzmjmja3-2dd6-45b7-9091-ca2e37a86186"}}],"_prefab":{"__type__":"cc.PrefabInfo","root":{"__id__":1},"asset":{"__uuid__":"qzmjmjfe-1385-4d0a-a903-eb73442b8bd1"},"fileId":"02GQNO2KpLfKspHh027HBn"},"_contentSize":{"__type__":"cc.Size","width":37,"height":6},"_trs":{"__type__":"TypedArray","ctor":"Float64Array","array":[150.5,0,0,0,0,0,1,1,1,1]}},{"__type__":"cc.Node","_name":"gps_line","_parent":{"__id__":19},"_components":[{"__type__":"cc.Sprite","node":{"__id__":24},"_materials":[{"__uuid__":"ecpdLyjvZBwrvm+cedCcQy"}],"_spriteFrame":{"__uuid__":"qzmjmja3-2dd6-45b7-9091-ca2e37a86186"}}],"_prefab":{"__type__":"cc.PrefabInfo","root":{"__id__":1},"asset":{"__uuid__":"qzmjmjfe-1385-4d0a-a903-eb73442b8bd1"},"fileId":"77jcNLXYtAmKP3q8C6EXkm"},"_contentSize":{"__type__":"cc.Size","width":37,"height":6},"_trs":{"__type__":"TypedArray","ctor":"Float64Array","array":[194.5,0,0,0,0,0,1,1,1,1]}},{"__type__":"cc.Node","_name":"gps_line","_parent":{"__id__":19},"_components":[{"__type__":"cc.Sprite","node":{"__id__":25},"_materials":[{"__uuid__":"ecpdLyjvZBwrvm+cedCcQy"}],"_spriteFrame":{"__uuid__":"qzmjmja3-2dd6-45b7-9091-ca2e37a86186"}}],"_prefab":{"__type__":"cc.PrefabInfo","root":{"__id__":1},"asset":{"__uuid__":"qzmjmjfe-1385-4d0a-a903-eb73442b8bd1"},"fileId":"fd0fv9QoFBN7oYmMoTjZEe"},"_contentSize":{"__type__":"cc.Size","width":37,"height":6},"_trs":{"__type__":"TypedArray","ctor":"Float64Array","array":[238.5,0,0,0,0,0,1,1,1,1]}},{"__type__":"cc.Node","_name":"gps_line","_parent":{"__id__":19},"_components":[{"__type__":"cc.Sprite","node":{"__id__":26},"_materials":[{"__uuid__":"ecpdLyjvZBwrvm+cedCcQy"}],"_spriteFrame":{"__uuid__":"qzmjmja3-2dd6-45b7-9091-ca2e37a86186"}}],"_prefab":{"__type__":"cc.PrefabInfo","root":{"__id__":1},"asset":{"__uuid__":"qzmjmjfe-1385-4d0a-a903-eb73442b8bd1"},"fileId":"bafZ0RyYxOOYJhw9iBUr6I"},"_contentSize":{"__type__":"cc.Size","width":37,"height":6},"_trs":{"__type__":"TypedArray","ctor":"Float64Array","array":[282.5,0,0,0,0,0,1,1,1,1]}},{"__type__":"cc.Node","_name":"gps_line","_parent":{"__id__":19},"_components":[{"__type__":"cc.Sprite","node":{"__id__":27},"_materials":[{"__uuid__":"ecpdLyjvZBwrvm+cedCcQy"}],"_spriteFrame":{"__uuid__":"qzmjmja3-2dd6-45b7-9091-ca2e37a86186"}}],"_prefab":{"__type__":"cc.PrefabInfo","root":{"__id__":1},"asset":{"__uuid__":"qzmjmjfe-1385-4d0a-a903-eb73442b8bd1"},"fileId":"a7fMJJyh1JqoB6QWfj1zdU"},"_contentSize":{"__type__":"cc.Size","width":37,"height":6},"_trs":{"__type__":"TypedArray","ctor":"Float64Array","array":[326.5,0,0,0,0,0,1,1,1,1]}},{"__type__":"cc.Node","_name":"gps_line_23","_parent":{"__id__":1},"_children":[{"__id__":29},{"__id__":30}],"_prefab":{"__type__":"cc.PrefabInfo","root":{"__id__":1},"asset":{"__uuid__":"qzmjmjfe-1385-4d0a-a903-eb73442b8bd1"},"fileId":"33UC6rkWxEgqDsuZTjNVTE"},"_contentSize":{"__type__":"cc.Size","width":37,"height":6},"_trs":{"__type__":"TypedArray","ctor":"Float64Array","array":[338,65,0,0,0,-0.20620418539662966,0.9785089851017784,1,1,1]},"_eulerAngles":{"__type__":"cc.Vec3","z":-23.8}},{"__type__":"cc.Node","_name":"label_juli","_parent":{"__id__":28},"_components":[{"__type__":"cc.Label","node":{"__id__":29},"_materials":[{"__uuid__":"ecpdLyjvZBwrvm+cedCcQy"}],"_useOriginalSize":false,"_string":"未知距离","_N$string":"未知距离","_fontSize":26,"_lineHeight":30,"_N$horizontalAlign":1,"_N$verticalAlign":1}],"_prefab":{"__type__":"cc.PrefabInfo","root":{"__id__":1},"asset":{"__uuid__":"qzmjmjfe-1385-4d0a-a903-eb73442b8bd1"},"fileId":"96AR7mSltE2ra/r5OcUiiP"},"_color":{"__type__":"cc.Color","r":191,"g":20,"b":20},"_contentSize":{"__type__":"cc.Size","width":104,"height":37.8},"_trs":{"__type__":"TypedArray","ctor":"Float64Array","array":[-187,20,0,0,0,0,1,1,1,1]}},{"__type__":"cc.Node","_name":"layout","_parent":{"__id__":28},"_children":[{"__id__":31},{"__id__":32},{"__id__":33},{"__id__":34},{"__id__":35},{"__id__":36},{"__id__":37},{"__id__":38}],"_components":[{"__type__":"cc.Layout","node":{"__id__":30},"_layoutSize":{"__type__":"cc.Size","width":345,"height":6},"_resize":1,"_N$layoutType":1,"_N$spacingX":7}],"_prefab":{"__type__":"cc.PrefabInfo","root":{"__id__":1},"asset":{"__uuid__":"qzmjmjfe-1385-4d0a-a903-eb73442b8bd1"},"fileId":"b5oLC/lb9FCLf5YG8SQuEV"},"_opacity":150,"_contentSize":{"__type__":"cc.Size","width":345,"height":6},"_anchorPoint":{"__type__":"cc.Vec2","y":0.5},"_trs":{"__type__":"TypedArray","ctor":"Float64Array","array":[-316,-2.6,0,0,0,0,1,1,1,1]}},{"__type__":"cc.Node","_name":"gps_line","_parent":{"__id__":30},"_components":[{"__type__":"cc.Sprite","node":{"__id__":31},"_materials":[{"__uuid__":"ecpdLyjvZBwrvm+cedCcQy"}],"_spriteFrame":{"__uuid__":"qzmjmja3-2dd6-45b7-9091-ca2e37a86186"}}],"_prefab":{"__type__":"cc.PrefabInfo","root":{"__id__":1},"asset":{"__uuid__":"qzmjmjfe-1385-4d0a-a903-eb73442b8bd1"},"fileId":"97Z7KNwtBN6aKokVnaWD3j"},"_contentSize":{"__type__":"cc.Size","width":37,"height":6},"_trs":{"__type__":"TypedArray","ctor":"Float64Array","array":[18.5,0,0,0,0,0,1,1,1,1]}},{"__type__":"cc.Node","_name":"gps_line","_parent":{"__id__":30},"_components":[{"__type__":"cc.Sprite","node":{"__id__":32},"_materials":[{"__uuid__":"ecpdLyjvZBwrvm+cedCcQy"}],"_spriteFrame":{"__uuid__":"qzmjmja3-2dd6-45b7-9091-ca2e37a86186"}}],"_prefab":{"__type__":"cc.PrefabInfo","root":{"__id__":1},"asset":{"__uuid__":"qzmjmjfe-1385-4d0a-a903-eb73442b8bd1"},"fileId":"84+hUpniNH2JLa7MwGWaJT"},"_contentSize":{"__type__":"cc.Size","width":37,"height":6},"_trs":{"__type__":"TypedArray","ctor":"Float64Array","array":[62.5,0,0,0,0,0,1,1,1,1]}},{"__type__":"cc.Node","_name":"gps_line","_parent":{"__id__":30},"_components":[{"__type__":"cc.Sprite","node":{"__id__":33},"_materials":[{"__uuid__":"ecpdLyjvZBwrvm+cedCcQy"}],"_spriteFrame":{"__uuid__":"qzmjmja3-2dd6-45b7-9091-ca2e37a86186"}}],"_prefab":{"__type__":"cc.PrefabInfo","root":{"__id__":1},"asset":{"__uuid__":"qzmjmjfe-1385-4d0a-a903-eb73442b8bd1"},"fileId":"b6TTM6Ol9LZ7pVz3usxauz"},"_contentSize":{"__type__":"cc.Size","width":37,"height":6},"_trs":{"__type__":"TypedArray","ctor":"Float64Array","array":[106.5,0,0,0,0,0,1,1,1,1]}},{"__type__":"cc.Node","_name":"gps_line","_parent":{"__id__":30},"_components":[{"__type__":"cc.Sprite","node":{"__id__":34},"_materials":[{"__uuid__":"ecpdLyjvZBwrvm+cedCcQy"}],"_spriteFrame":{"__uuid__":"qzmjmja3-2dd6-45b7-9091-ca2e37a86186"}}],"_prefab":{"__type__":"cc.PrefabInfo","root":{"__id__":1},"asset":{"__uuid__":"qzmjmjfe-1385-4d0a-a903-eb73442b8bd1"},"fileId":"75hFWgWOFKQookqXkpSw4T"},"_contentSize":{"__type__":"cc.Size","width":37,"height":6},"_trs":{"__type__":"TypedArray","ctor":"Float64Array","array":[150.5,0,0,0,0,0,1,1,1,1]}},{"__type__":"cc.Node","_name":"gps_line","_parent":{"__id__":30},"_components":[{"__type__":"cc.Sprite","node":{"__id__":35},"_materials":[{"__uuid__":"ecpdLyjvZBwrvm+cedCcQy"}],"_spriteFrame":{"__uuid__":"qzmjmja3-2dd6-45b7-9091-ca2e37a86186"}}],"_prefab":{"__type__":"cc.PrefabInfo","root":{"__id__":1},"asset":{"__uuid__":"qzmjmjfe-1385-4d0a-a903-eb73442b8bd1"},"fileId":"76TEjdouFEIp1zfKXPlneH"},"_contentSize":{"__type__":"cc.Size","width":37,"height":6},"_trs":{"__type__":"TypedArray","ctor":"Float64Array","array":[194.5,0,0,0,0,0,1,1,1,1]}},{"__type__":"cc.Node","_name":"gps_line","_parent":{"__id__":30},"_components":[{"__type__":"cc.Sprite","node":{"__id__":36},"_materials":[{"__uuid__":"ecpdLyjvZBwrvm+cedCcQy"}],"_spriteFrame":{"__uuid__":"qzmjmja3-2dd6-45b7-9091-ca2e37a86186"}}],"_prefab":{"__type__":"cc.PrefabInfo","root":{"__id__":1},"asset":{"__uuid__":"qzmjmjfe-1385-4d0a-a903-eb73442b8bd1"},"fileId":"e38pFWo9dPX6RnWCmsUUzP"},"_contentSize":{"__type__":"cc.Size","width":37,"height":6},"_trs":{"__type__":"TypedArray","ctor":"Float64Array","array":[238.5,0,0,0,0,0,1,1,1,1]}},{"__type__":"cc.Node","_name":"gps_line","_parent":{"__id__":30},"_components":[{"__type__":"cc.Sprite","node":{"__id__":37},"_materials":[{"__uuid__":"ecpdLyjvZBwrvm+cedCcQy"}],"_spriteFrame":{"__uuid__":"qzmjmja3-2dd6-45b7-9091-ca2e37a86186"}}],"_prefab":{"__type__":"cc.PrefabInfo","root":{"__id__":1},"asset":{"__uuid__":"qzmjmjfe-1385-4d0a-a903-eb73442b8bd1"},"fileId":"801eJ4t39Ebbkhg6IATaDG"},"_contentSize":{"__type__":"cc.Size","width":37,"height":6},"_trs":{"__type__":"TypedArray","ctor":"Float64Array","array":[282.5,0,0,0,0,0,1,1,1,1]}},{"__type__":"cc.Node","_name":"gps_line","_parent":{"__id__":30},"_components":[{"__type__":"cc.Sprite","node":{"__id__":38},"_materials":[{"__uuid__":"ecpdLyjvZBwrvm+cedCcQy"}],"_spriteFrame":{"__uuid__":"qzmjmja3-2dd6-45b7-9091-ca2e37a86186"}}],"_prefab":{"__type__":"cc.PrefabInfo","root":{"__id__":1},"asset":{"__uuid__":"qzmjmjfe-1385-4d0a-a903-eb73442b8bd1"},"fileId":"ecW3DJqmZEzrtLeUD0mkHM"},"_contentSize":{"__type__":"cc.Size","width":37,"height":6},"_trs":{"__type__":"TypedArray","ctor":"Float64Array","array":[326.5,0,0,0,0,0,1,1,1,1]}},{"__type__":"cc.Node","_name":"gps_line_24","_parent":{"__id__":1},"_children":[{"__id__":40},{"__id__":41}],"_prefab":{"__type__":"cc.PrefabInfo","root":{"__id__":1},"asset":{"__uuid__":"qzmjmjfe-1385-4d0a-a903-eb73442b8bd1"},"fileId":"78YSN+zJ5Kk5uheqPUeYuw"},"_contentSize":{"__type__":"cc.Size","width":37,"height":6},"_trs":{"__type__":"TypedArray","ctor":"Float64Array","array":[-288,0,0,0,0,0,1,1,1,1]}},{"__type__":"cc.Node","_name":"label_juli","_parent":{"__id__":39},"_components":[{"__type__":"cc.Label","node":{"__id__":40},"_materials":[{"__uuid__":"ecpdLyjvZBwrvm+cedCcQy"}],"_useOriginalSize":false,"_string":"未知距离","_N$string":"未知距离","_fontSize":26,"_lineHeight":30,"_N$horizontalAlign":1,"_N$verticalAlign":1}],"_prefab":{"__type__":"cc.PrefabInfo","root":{"__id__":1},"asset":{"__uuid__":"qzmjmjfe-1385-4d0a-a903-eb73442b8bd1"},"fileId":"00hOqoo1BG6rf3s7RhRte2"},"_color":{"__type__":"cc.Color","r":191,"g":20,"b":20},"_contentSize":{"__type__":"cc.Size","width":104,"height":37.8},"_trs":{"__type__":"TypedArray","ctor":"Float64Array","array":[145.6,-19.8,0,0,0,0,1,1,1,1]}},{"__type__":"cc.Node","_name":"layout","_parent":{"__id__":39},"_children":[{"__id__":42},{"__id__":43},{"__id__":44},{"__id__":45},{"__id__":46},{"__id__":47},{"__id__":48},{"__id__":49},{"__id__":50},{"__id__":51},{"__id__":52},{"__id__":53},{"__id__":54},{"__id__":55},{"__id__":56}],"_components":[{"__type__":"cc.Layout","node":{"__id__":41},"_layoutSize":{"__type__":"cc.Size","width":653,"height":6},"_resize":1,"_N$layoutType":1,"_N$spacingX":7}],"_prefab":{"__type__":"cc.PrefabInfo","root":{"__id__":1},"asset":{"__uuid__":"qzmjmjfe-1385-4d0a-a903-eb73442b8bd1"},"fileId":"efv1TO1FpO45zHUUs8aEeJ"},"_opacity":150,"_contentSize":{"__type__":"cc.Size","width":653,"height":6},"_anchorPoint":{"__type__":"cc.Vec2","y":0.5},"_trs":{"__type__":"TypedArray","ctor":"Float64Array","array":[-25,-3,0,0,0,0,1,1,1,1]}},{"__type__":"cc.Node","_name":"gps_line","_parent":{"__id__":41},"_components":[{"__type__":"cc.Sprite","node":{"__id__":42},"_materials":[{"__uuid__":"ecpdLyjvZBwrvm+cedCcQy"}],"_spriteFrame":{"__uuid__":"qzmjmja3-2dd6-45b7-9091-ca2e37a86186"}}],"_prefab":{"__type__":"cc.PrefabInfo","root":{"__id__":1},"asset":{"__uuid__":"qzmjmjfe-1385-4d0a-a903-eb73442b8bd1"},"fileId":"90LYwIs3ZIoZlHDho5/KCw"},"_contentSize":{"__type__":"cc.Size","width":37,"height":6},"_trs":{"__type__":"TypedArray","ctor":"Float64Array","array":[18.5,0,0,0,0,0,1,1,1,1]}},{"__type__":"cc.Node","_name":"gps_line","_parent":{"__id__":41},"_components":[{"__type__":"cc.Sprite","node":{"__id__":43},"_materials":[{"__uuid__":"ecpdLyjvZBwrvm+cedCcQy"}],"_spriteFrame":{"__uuid__":"qzmjmja3-2dd6-45b7-9091-ca2e37a86186"}}],"_prefab":{"__type__":"cc.PrefabInfo","root":{"__id__":1},"asset":{"__uuid__":"qzmjmjfe-1385-4d0a-a903-eb73442b8bd1"},"fileId":"c3LQTdupFLG6nOZkRfRdHO"},"_contentSize":{"__type__":"cc.Size","width":37,"height":6},"_trs":{"__type__":"TypedArray","ctor":"Float64Array","array":[62.5,0,0,0,0,0,1,1,1,1]}},{"__type__":"cc.Node","_name":"gps_line","_parent":{"__id__":41},"_components":[{"__type__":"cc.Sprite","node":{"__id__":44},"_materials":[{"__uuid__":"ecpdLyjvZBwrvm+cedCcQy"}],"_spriteFrame":{"__uuid__":"qzmjmja3-2dd6-45b7-9091-ca2e37a86186"}}],"_prefab":{"__type__":"cc.PrefabInfo","root":{"__id__":1},"asset":{"__uuid__":"qzmjmjfe-1385-4d0a-a903-eb73442b8bd1"},"fileId":"59qnfSRbtKW7OqLRv5nxdF"},"_contentSize":{"__type__":"cc.Size","width":37,"height":6},"_trs":{"__type__":"TypedArray","ctor":"Float64Array","array":[106.5,0,0,0,0,0,1,1,1,1]}},{"__type__":"cc.Node","_name":"gps_line","_parent":{"__id__":41},"_components":[{"__type__":"cc.Sprite","node":{"__id__":45},"_materials":[{"__uuid__":"ecpdLyjvZBwrvm+cedCcQy"}],"_spriteFrame":{"__uuid__":"qzmjmja3-2dd6-45b7-9091-ca2e37a86186"}}],"_prefab":{"__type__":"cc.PrefabInfo","root":{"__id__":1},"asset":{"__uuid__":"qzmjmjfe-1385-4d0a-a903-eb73442b8bd1"},"fileId":"756t7JucZIoYotyJ0hL6Qo"},"_contentSize":{"__type__":"cc.Size","width":37,"height":6},"_trs":{"__type__":"TypedArray","ctor":"Float64Array","array":[150.5,0,0,0,0,0,1,1,1,1]}},{"__type__":"cc.Node","_name":"gps_line","_parent":{"__id__":41},"_components":[{"__type__":"cc.Sprite","node":{"__id__":46},"_materials":[{"__uuid__":"ecpdLyjvZBwrvm+cedCcQy"}],"_spriteFrame":{"__uuid__":"qzmjmja3-2dd6-45b7-9091-ca2e37a86186"}}],"_prefab":{"__type__":"cc.PrefabInfo","root":{"__id__":1},"asset":{"__uuid__":"qzmjmjfe-1385-4d0a-a903-eb73442b8bd1"},"fileId":"0bnN0FdXdDCoeGaA/uHZxz"},"_contentSize":{"__type__":"cc.Size","width":37,"height":6},"_trs":{"__type__":"TypedArray","ctor":"Float64Array","array":[194.5,0,0,0,0,0,1,1,1,1]}},{"__type__":"cc.Node","_name":"gps_line","_parent":{"__id__":41},"_components":[{"__type__":"cc.Sprite","node":{"__id__":47},"_materials":[{"__uuid__":"ecpdLyjvZBwrvm+cedCcQy"}],"_spriteFrame":{"__uuid__":"qzmjmja3-2dd6-45b7-9091-ca2e37a86186"}}],"_prefab":{"__type__":"cc.PrefabInfo","root":{"__id__":1},"asset":{"__uuid__":"qzmjmjfe-1385-4d0a-a903-eb73442b8bd1"},"fileId":"a8vZmmFhxPGZzwQPdIRF61"},"_contentSize":{"__type__":"cc.Size","width":37,"height":6},"_trs":{"__type__":"TypedArray","ctor":"Float64Array","array":[238.5,0,0,0,0,0,1,1,1,1]}},{"__type__":"cc.Node","_name":"gps_line","_parent":{"__id__":41},"_components":[{"__type__":"cc.Sprite","node":{"__id__":48},"_materials":[{"__uuid__":"ecpdLyjvZBwrvm+cedCcQy"}],"_spriteFrame":{"__uuid__":"qzmjmja3-2dd6-45b7-9091-ca2e37a86186"}}],"_prefab":{"__type__":"cc.PrefabInfo","root":{"__id__":1},"asset":{"__uuid__":"qzmjmjfe-1385-4d0a-a903-eb73442b8bd1"},"fileId":"46otKhxXxHw6aOaRgukMnO"},"_contentSize":{"__type__":"cc.Size","width":37,"height":6},"_trs":{"__type__":"TypedArray","ctor":"Float64Array","array":[282.5,0,0,0,0,0,1,1,1,1]}},{"__type__":"cc.Node","_name":"gps_line","_parent":{"__id__":41},"_components":[{"__type__":"cc.Sprite","node":{"__id__":49},"_materials":[{"__uuid__":"ecpdLyjvZBwrvm+cedCcQy"}],"_spriteFrame":{"__uuid__":"qzmjmja3-2dd6-45b7-9091-ca2e37a86186"}}],"_prefab":{"__type__":"cc.PrefabInfo","root":{"__id__":1},"asset":{"__uuid__":"qzmjmjfe-1385-4d0a-a903-eb73442b8bd1"},"fileId":"57gDy53etGp5Ne9YhNFJvd"},"_contentSize":{"__type__":"cc.Size","width":37,"height":6},"_trs":{"__type__":"TypedArray","ctor":"Float64Array","array":[326.5,0,0,0,0,0,1,1,1,1]}},{"__type__":"cc.Node","_name":"gps_line","_parent":{"__id__":41},"_components":[{"__type__":"cc.Sprite","node":{"__id__":50},"_materials":[{"__uuid__":"ecpdLyjvZBwrvm+cedCcQy"}],"_spriteFrame":{"__uuid__":"qzmjmja3-2dd6-45b7-9091-ca2e37a86186"}}],"_prefab":{"__type__":"cc.PrefabInfo","root":{"__id__":1},"asset":{"__uuid__":"qzmjmjfe-1385-4d0a-a903-eb73442b8bd1"},"fileId":"dcV3E3c7FDC40JP0gsV7zA"},"_contentSize":{"__type__":"cc.Size","width":37,"height":6},"_trs":{"__type__":"TypedArray","ctor":"Float64Array","array":[370.5,0,0,0,0,0,1,1,1,1]}},{"__type__":"cc.Node","_name":"gps_line","_parent":{"__id__":41},"_components":[{"__type__":"cc.Sprite","node":{"__id__":51},"_materials":[{"__uuid__":"ecpdLyjvZBwrvm+cedCcQy"}],"_spriteFrame":{"__uuid__":"qzmjmja3-2dd6-45b7-9091-ca2e37a86186"}}],"_prefab":{"__type__":"cc.PrefabInfo","root":{"__id__":1},"asset":{"__uuid__":"qzmjmjfe-1385-4d0a-a903-eb73442b8bd1"},"fileId":"eevW/y7GJEhKTicM1v9POP"},"_contentSize":{"__type__":"cc.Size","width":37,"height":6},"_trs":{"__type__":"TypedArray","ctor":"Float64Array","array":[414.5,0,0,0,0,0,1,1,1,1]}},{"__type__":"cc.Node","_name":"gps_line","_parent":{"__id__":41},"_components":[{"__type__":"cc.Sprite","node":{"__id__":52},"_materials":[{"__uuid__":"ecpdLyjvZBwrvm+cedCcQy"}],"_spriteFrame":{"__uuid__":"qzmjmja3-2dd6-45b7-9091-ca2e37a86186"}}],"_prefab":{"__type__":"cc.PrefabInfo","root":{"__id__":1},"asset":{"__uuid__":"qzmjmjfe-1385-4d0a-a903-eb73442b8bd1"},"fileId":"d80G8vKcBKN7vHw/J7TA9W"},"_contentSize":{"__type__":"cc.Size","width":37,"height":6},"_trs":{"__type__":"TypedArray","ctor":"Float64Array","array":[458.5,0,0,0,0,0,1,1,1,1]}},{"__type__":"cc.Node","_name":"gps_line","_parent":{"__id__":41},"_components":[{"__type__":"cc.Sprite","node":{"__id__":53},"_materials":[{"__uuid__":"ecpdLyjvZBwrvm+cedCcQy"}],"_spriteFrame":{"__uuid__":"qzmjmja3-2dd6-45b7-9091-ca2e37a86186"}}],"_prefab":{"__type__":"cc.PrefabInfo","root":{"__id__":1},"asset":{"__uuid__":"qzmjmjfe-1385-4d0a-a903-eb73442b8bd1"},"fileId":"8fhleRYDZLd7pxiJOvc/d+"},"_contentSize":{"__type__":"cc.Size","width":37,"height":6},"_trs":{"__type__":"TypedArray","ctor":"Float64Array","array":[502.5,0,0,0,0,0,1,1,1,1]}},{"__type__":"cc.Node","_name":"gps_line","_parent":{"__id__":41},"_components":[{"__type__":"cc.Sprite","node":{"__id__":54},"_materials":[{"__uuid__":"ecpdLyjvZBwrvm+cedCcQy"}],"_spriteFrame":{"__uuid__":"qzmjmja3-2dd6-45b7-9091-ca2e37a86186"}}],"_prefab":{"__type__":"cc.PrefabInfo","root":{"__id__":1},"asset":{"__uuid__":"qzmjmjfe-1385-4d0a-a903-eb73442b8bd1"},"fileId":"52NDZ0/AxHMqttlsowZGwZ"},"_contentSize":{"__type__":"cc.Size","width":37,"height":6},"_trs":{"__type__":"TypedArray","ctor":"Float64Array","array":[546.5,0,0,0,0,0,1,1,1,1]}},{"__type__":"cc.Node","_name":"gps_line","_parent":{"__id__":41},"_components":[{"__type__":"cc.Sprite","node":{"__id__":55},"_materials":[{"__uuid__":"ecpdLyjvZBwrvm+cedCcQy"}],"_spriteFrame":{"__uuid__":"qzmjmja3-2dd6-45b7-9091-ca2e37a86186"}}],"_prefab":{"__type__":"cc.PrefabInfo","root":{"__id__":1},"asset":{"__uuid__":"qzmjmjfe-1385-4d0a-a903-eb73442b8bd1"},"fileId":"98nzDSDQ1N06OF3nfXAkCh"},"_contentSize":{"__type__":"cc.Size","width":37,"height":6},"_trs":{"__type__":"TypedArray","ctor":"Float64Array","array":[590.5,0,0,0,0,0,1,1,1,1]}},{"__type__":"cc.Node","_name":"gps_line","_parent":{"__id__":41},"_components":[{"__type__":"cc.Sprite","node":{"__id__":56},"_materials":[{"__uuid__":"ecpdLyjvZBwrvm+cedCcQy"}],"_spriteFrame":{"__uuid__":"qzmjmja3-2dd6-45b7-9091-ca2e37a86186"}}],"_prefab":{"__type__":"cc.PrefabInfo","root":{"__id__":1},"asset":{"__uuid__":"qzmjmjfe-1385-4d0a-a903-eb73442b8bd1"},"fileId":"b076MpbrpCQIJZPmBS9Yxt"},"_contentSize":{"__type__":"cc.Size","width":37,"height":6},"_trs":{"__type__":"TypedArray","ctor":"Float64Array","array":[634.5,0,0,0,0,0,1,1,1,1]}},{"__type__":"cc.Node","_name":"gps_line_12","_parent":{"__id__":1},"_children":[{"__id__":58},{"__id__":59}],"_prefab":{"__type__":"cc.PrefabInfo","root":{"__id__":1},"asset":{"__uuid__":"qzmjmjfe-1385-4d0a-a903-eb73442b8bd1"},"fileId":"50GBFF7sNM+ZqWkPDMqN/m"},"_contentSize":{"__type__":"cc.Size","width":37,"height":6},"_trs":{"__type__":"TypedArray","ctor":"Float64Array","array":[297.3,-51.3,0,0,0,0.29237170472273677,0.9563047559630354,1,1,1]},"_eulerAngles":{"__type__":"cc.Vec3","z":34}},{"__type__":"cc.Node","_name":"label_juli","_parent":{"__id__":57},"_components":[{"__type__":"cc.Label","node":{"__id__":58},"_materials":[{"__uuid__":"ecpdLyjvZBwrvm+cedCcQy"}],"_useOriginalSize":false,"_string":"未知距离","_N$string":"未知距离","_fontSize":26,"_lineHeight":30,"_N$horizontalAlign":1,"_N$verticalAlign":1}],"_prefab":{"__type__":"cc.PrefabInfo","root":{"__id__":1},"asset":{"__uuid__":"qzmjmjfe-1385-4d0a-a903-eb73442b8bd1"},"fileId":"b0CxkUQrdDGYBIZwcic8bP"},"_color":{"__type__":"cc.Color","r":191,"g":20,"b":20},"_contentSize":{"__type__":"cc.Size","width":104,"height":37.8},"_trs":{"__type__":"TypedArray","ctor":"Float64Array","array":[-150,16,0,0,0,0,1,1,1,1]}},{"__type__":"cc.Node","_name":"layout","_parent":{"__id__":57},"_children":[{"__id__":60},{"__id__":61},{"__id__":62},{"__id__":63},{"__id__":64},{"__id__":65},{"__id__":66},{"__id__":67}],"_components":[{"__type__":"cc.Layout","node":{"__id__":59},"_layoutSize":{"__type__":"cc.Size","width":345,"height":6},"_resize":1,"_N$layoutType":1,"_N$spacingX":7}],"_prefab":{"__type__":"cc.PrefabInfo","root":{"__id__":1},"asset":{"__uuid__":"qzmjmjfe-1385-4d0a-a903-eb73442b8bd1"},"fileId":"84jJcACCBBEqWVGyyEggIG"},"_opacity":150,"_contentSize":{"__type__":"cc.Size","width":345,"height":6},"_anchorPoint":{"__type__":"cc.Vec2","y":0.5},"_trs":{"__type__":"TypedArray","ctor":"Float64Array","array":[-304,-3,0,0,0,0,1,1,1,1]}},{"__type__":"cc.Node","_name":"gps_line","_parent":{"__id__":59},"_components":[{"__type__":"cc.Sprite","node":{"__id__":60},"_materials":[{"__uuid__":"ecpdLyjvZBwrvm+cedCcQy"}],"_spriteFrame":{"__uuid__":"qzmjmja3-2dd6-45b7-9091-ca2e37a86186"}}],"_prefab":{"__type__":"cc.PrefabInfo","root":{"__id__":1},"asset":{"__uuid__":"qzmjmjfe-1385-4d0a-a903-eb73442b8bd1"},"fileId":"feeh/CPz9LULG+FsnB6Gji"},"_contentSize":{"__type__":"cc.Size","width":37,"height":6},"_trs":{"__type__":"TypedArray","ctor":"Float64Array","array":[18.5,0,0,0,0,0,1,1,1,1]}},{"__type__":"cc.Node","_name":"gps_line","_parent":{"__id__":59},"_components":[{"__type__":"cc.Sprite","node":{"__id__":61},"_materials":[{"__uuid__":"ecpdLyjvZBwrvm+cedCcQy"}],"_spriteFrame":{"__uuid__":"qzmjmja3-2dd6-45b7-9091-ca2e37a86186"}}],"_prefab":{"__type__":"cc.PrefabInfo","root":{"__id__":1},"asset":{"__uuid__":"qzmjmjfe-1385-4d0a-a903-eb73442b8bd1"},"fileId":"64g0KHgo9FwYI7iqldcgYu"},"_contentSize":{"__type__":"cc.Size","width":37,"height":6},"_trs":{"__type__":"TypedArray","ctor":"Float64Array","array":[62.5,0,0,0,0,0,1,1,1,1]}},{"__type__":"cc.Node","_name":"gps_line","_parent":{"__id__":59},"_components":[{"__type__":"cc.Sprite","node":{"__id__":62},"_materials":[{"__uuid__":"ecpdLyjvZBwrvm+cedCcQy"}],"_spriteFrame":{"__uuid__":"qzmjmja3-2dd6-45b7-9091-ca2e37a86186"}}],"_prefab":{"__type__":"cc.PrefabInfo","root":{"__id__":1},"asset":{"__uuid__":"qzmjmjfe-1385-4d0a-a903-eb73442b8bd1"},"fileId":"e0q1J51TxAlbZ79kTllorS"},"_contentSize":{"__type__":"cc.Size","width":37,"height":6},"_trs":{"__type__":"TypedArray","ctor":"Float64Array","array":[106.5,0,0,0,0,0,1,1,1,1]}},{"__type__":"cc.Node","_name":"gps_line","_parent":{"__id__":59},"_components":[{"__type__":"cc.Sprite","node":{"__id__":63},"_materials":[{"__uuid__":"ecpdLyjvZBwrvm+cedCcQy"}],"_spriteFrame":{"__uuid__":"qzmjmja3-2dd6-45b7-9091-ca2e37a86186"}}],"_prefab":{"__type__":"cc.PrefabInfo","root":{"__id__":1},"asset":{"__uuid__":"qzmjmjfe-1385-4d0a-a903-eb73442b8bd1"},"fileId":"edyNwMDw1FnZJZqiHQIIs5"},"_contentSize":{"__type__":"cc.Size","width":37,"height":6},"_trs":{"__type__":"TypedArray","ctor":"Float64Array","array":[150.5,0,0,0,0,0,1,1,1,1]}},{"__type__":"cc.Node","_name":"gps_line","_parent":{"__id__":59},"_components":[{"__type__":"cc.Sprite","node":{"__id__":64},"_materials":[{"__uuid__":"ecpdLyjvZBwrvm+cedCcQy"}],"_spriteFrame":{"__uuid__":"qzmjmja3-2dd6-45b7-9091-ca2e37a86186"}}],"_prefab":{"__type__":"cc.PrefabInfo","root":{"__id__":1},"asset":{"__uuid__":"qzmjmjfe-1385-4d0a-a903-eb73442b8bd1"},"fileId":"64Fg5wcG9IC5qnLA/f9n8u"},"_contentSize":{"__type__":"cc.Size","width":37,"height":6},"_trs":{"__type__":"TypedArray","ctor":"Float64Array","array":[194.5,0,0,0,0,0,1,1,1,1]}},{"__type__":"cc.Node","_name":"gps_line","_parent":{"__id__":59},"_components":[{"__type__":"cc.Sprite","node":{"__id__":65},"_materials":[{"__uuid__":"ecpdLyjvZBwrvm+cedCcQy"}],"_spriteFrame":{"__uuid__":"qzmjmja3-2dd6-45b7-9091-ca2e37a86186"}}],"_prefab":{"__type__":"cc.PrefabInfo","root":{"__id__":1},"asset":{"__uuid__":"qzmjmjfe-1385-4d0a-a903-eb73442b8bd1"},"fileId":"3avaux9n1LbYD4Irwy5230"},"_contentSize":{"__type__":"cc.Size","width":37,"height":6},"_trs":{"__type__":"TypedArray","ctor":"Float64Array","array":[238.5,0,0,0,0,0,1,1,1,1]}},{"__type__":"cc.Node","_name":"gps_line","_parent":{"__id__":59},"_components":[{"__type__":"cc.Sprite","node":{"__id__":66},"_materials":[{"__uuid__":"ecpdLyjvZBwrvm+cedCcQy"}],"_spriteFrame":{"__uuid__":"qzmjmja3-2dd6-45b7-9091-ca2e37a86186"}}],"_prefab":{"__type__":"cc.PrefabInfo","root":{"__id__":1},"asset":{"__uuid__":"qzmjmjfe-1385-4d0a-a903-eb73442b8bd1"},"fileId":"8eP8AoZElFlqzUuuSGXVXH"},"_contentSize":{"__type__":"cc.Size","width":37,"height":6},"_trs":{"__type__":"TypedArray","ctor":"Float64Array","array":[282.5,0,0,0,0,0,1,1,1,1]}},{"__type__":"cc.Node","_name":"gps_line","_parent":{"__id__":59},"_components":[{"__type__":"cc.Sprite","node":{"__id__":67},"_materials":[{"__uuid__":"ecpdLyjvZBwrvm+cedCcQy"}],"_spriteFrame":{"__uuid__":"qzmjmja3-2dd6-45b7-9091-ca2e37a86186"}}],"_prefab":{"__type__":"cc.PrefabInfo","root":{"__id__":1},"asset":{"__uuid__":"qzmjmjfe-1385-4d0a-a903-eb73442b8bd1"},"fileId":"325r2gHZxCuKgER1pbNbu2"},"_contentSize":{"__type__":"cc.Size","width":37,"height":6},"_trs":{"__type__":"TypedArray","ctor":"Float64Array","array":[326.5,0,0,0,0,0,1,1,1,1]}},{"__type__":"cc.Node","_name":"gps_line_13","_parent":{"__id__":1},"_children":[{"__id__":69},{"__id__":70}],"_prefab":{"__type__":"cc.PrefabInfo","root":{"__id__":1},"asset":{"__uuid__":"qzmjmjfe-1385-4d0a-a903-eb73442b8bd1"},"fileId":"b0o0X16v9KW48rYXud/mdc"},"_contentSize":{"__type__":"cc.Size","width":37,"height":6},"_trs":{"__type__":"TypedArray","ctor":"Float64Array","array":[0,-93,0,0,0,0.7071067811865475,0.7071067811865476,1,1,1]},"_eulerAngles":{"__type__":"cc.Vec3","z":90}},{"__type__":"cc.Node","_name":"label_juli","_parent":{"__id__":68},"_components":[{"__type__":"cc.Label","node":{"__id__":69},"_materials":[{"__uuid__":"ecpdLyjvZBwrvm+cedCcQy"}],"_useOriginalSize":false,"_string":"未知距离","_N$string":"未知距离","_fontSize":26,"_lineHeight":30,"_N$horizontalAlign":1,"_N$verticalAlign":1}],"_prefab":{"__type__":"cc.PrefabInfo","root":{"__id__":1},"asset":{"__uuid__":"qzmjmjfe-1385-4d0a-a903-eb73442b8bd1"},"fileId":"90G2Ij02VMqLWoQK849DGK"},"_color":{"__type__":"cc.Color","r":191,"g":20,"b":20},"_contentSize":{"__type__":"cc.Size","width":104,"height":37.8},"_anchorPoint":{"__type__":"cc.Vec2","x":1,"y":0.5},"_trs":{"__type__":"TypedArray","ctor":"Float64Array","array":[-67,-21,0,0,0,-1,6.123233995736766e-17,1,1,1]},"_eulerAngles":{"__type__":"cc.Vec3","z":-180}},{"__type__":"cc.Node","_name":"layout","_parent":{"__id__":68},"_children":[{"__id__":71},{"__id__":72},{"__id__":73},{"__id__":74},{"__id__":75},{"__id__":76},{"__id__":77}],"_components":[{"__type__":"cc.Layout","node":{"__id__":70},"_layoutSize":{"__type__":"cc.Size","width":301,"height":6},"_resize":1,"_N$layoutType":1,"_N$spacingX":7}],"_prefab":{"__type__":"cc.PrefabInfo","root":{"__id__":1},"asset":{"__uuid__":"qzmjmjfe-1385-4d0a-a903-eb73442b8bd1"},"fileId":"01++4LPnRMSKI5zhlGvMC7"},"_opacity":150,"_contentSize":{"__type__":"cc.Size","width":301,"height":6},"_anchorPoint":{"__type__":"cc.Vec2","y":0.5},"_trs":{"__type__":"TypedArray","ctor":"Float64Array","array":[-78,-3,0,0,0,0,1,1,1,1]}},{"__type__":"cc.Node","_name":"gps_line","_parent":{"__id__":70},"_components":[{"__type__":"cc.Sprite","node":{"__id__":71},"_materials":[{"__uuid__":"ecpdLyjvZBwrvm+cedCcQy"}],"_spriteFrame":{"__uuid__":"qzmjmja3-2dd6-45b7-9091-ca2e37a86186"}}],"_prefab":{"__type__":"cc.PrefabInfo","root":{"__id__":1},"asset":{"__uuid__":"qzmjmjfe-1385-4d0a-a903-eb73442b8bd1"},"fileId":"46MZJ4TzFAl66P+Aqb4k/p"},"_contentSize":{"__type__":"cc.Size","width":37,"height":6},"_trs":{"__type__":"TypedArray","ctor":"Float64Array","array":[18.5,0,0,0,0,0,1,1,1,1]}},{"__type__":"cc.Node","_name":"gps_line","_parent":{"__id__":70},"_components":[{"__type__":"cc.Sprite","node":{"__id__":72},"_materials":[{"__uuid__":"ecpdLyjvZBwrvm+cedCcQy"}],"_spriteFrame":{"__uuid__":"qzmjmja3-2dd6-45b7-9091-ca2e37a86186"}}],"_prefab":{"__type__":"cc.PrefabInfo","root":{"__id__":1},"asset":{"__uuid__":"qzmjmjfe-1385-4d0a-a903-eb73442b8bd1"},"fileId":"39ij1imT5DPICCqCMii+9/"},"_contentSize":{"__type__":"cc.Size","width":37,"height":6},"_trs":{"__type__":"TypedArray","ctor":"Float64Array","array":[62.5,0,0,0,0,0,1,1,1,1]}},{"__type__":"cc.Node","_name":"gps_line","_parent":{"__id__":70},"_components":[{"__type__":"cc.Sprite","node":{"__id__":73},"_materials":[{"__uuid__":"ecpdLyjvZBwrvm+cedCcQy"}],"_spriteFrame":{"__uuid__":"qzmjmja3-2dd6-45b7-9091-ca2e37a86186"}}],"_prefab":{"__type__":"cc.PrefabInfo","root":{"__id__":1},"asset":{"__uuid__":"qzmjmjfe-1385-4d0a-a903-eb73442b8bd1"},"fileId":"dbjVnx6KVN3LfKP/O4F6Gy"},"_contentSize":{"__type__":"cc.Size","width":37,"height":6},"_trs":{"__type__":"TypedArray","ctor":"Float64Array","array":[106.5,0,0,0,0,0,1,1,1,1]}},{"__type__":"cc.Node","_name":"gps_line","_parent":{"__id__":70},"_components":[{"__type__":"cc.Sprite","node":{"__id__":74},"_materials":[{"__uuid__":"ecpdLyjvZBwrvm+cedCcQy"}],"_spriteFrame":{"__uuid__":"qzmjmja3-2dd6-45b7-9091-ca2e37a86186"}}],"_prefab":{"__type__":"cc.PrefabInfo","root":{"__id__":1},"asset":{"__uuid__":"qzmjmjfe-1385-4d0a-a903-eb73442b8bd1"},"fileId":"a2iOjymQRIsJWmcFHfYIsI"},"_contentSize":{"__type__":"cc.Size","width":37,"height":6},"_trs":{"__type__":"TypedArray","ctor":"Float64Array","array":[150.5,0,0,0,0,0,1,1,1,1]}},{"__type__":"cc.Node","_name":"gps_line","_parent":{"__id__":70},"_components":[{"__type__":"cc.Sprite","node":{"__id__":75},"_materials":[{"__uuid__":"ecpdLyjvZBwrvm+cedCcQy"}],"_spriteFrame":{"__uuid__":"qzmjmja3-2dd6-45b7-9091-ca2e37a86186"}}],"_prefab":{"__type__":"cc.PrefabInfo","root":{"__id__":1},"asset":{"__uuid__":"qzmjmjfe-1385-4d0a-a903-eb73442b8bd1"},"fileId":"beCPYuiVVPiaOjFKRsuGdG"},"_contentSize":{"__type__":"cc.Size","width":37,"height":6},"_trs":{"__type__":"TypedArray","ctor":"Float64Array","array":[194.5,0,0,0,0,0,1,1,1,1]}},{"__type__":"cc.Node","_name":"gps_line","_parent":{"__id__":70},"_components":[{"__type__":"cc.Sprite","node":{"__id__":76},"_materials":[{"__uuid__":"ecpdLyjvZBwrvm+cedCcQy"}],"_spriteFrame":{"__uuid__":"qzmjmja3-2dd6-45b7-9091-ca2e37a86186"}}],"_prefab":{"__type__":"cc.PrefabInfo","root":{"__id__":1},"asset":{"__uuid__":"qzmjmjfe-1385-4d0a-a903-eb73442b8bd1"},"fileId":"9dZj9vQ/1PW57lrzJRpN9h"},"_opacity":150,"_contentSize":{"__type__":"cc.Size","width":37,"height":6},"_trs":{"__type__":"TypedArray","ctor":"Float64Array","array":[238.5,0,0,0,0,0,1,1,1,1]}},{"__type__":"cc.Node","_name":"gps_line","_parent":{"__id__":70},"_components":[{"__type__":"cc.Sprite","node":{"__id__":77},"_materials":[{"__uuid__":"ecpdLyjvZBwrvm+cedCcQy"}],"_spriteFrame":{"__uuid__":"qzmjmja3-2dd6-45b7-9091-ca2e37a86186"}}],"_prefab":{"__type__":"cc.PrefabInfo","root":{"__id__":1},"asset":{"__uuid__":"qzmjmjfe-1385-4d0a-a903-eb73442b8bd1"},"fileId":"62GelsdSlM7amMhEaIumdI"},"_opacity":100,"_contentSize":{"__type__":"cc.Size","width":37,"height":6},"_trs":{"__type__":"TypedArray","ctor":"Float64Array","array":[282.5,0,0,0,0,0,1,1,1,1]}},{"__type__":"cc.Node","_name":"userinfo1","_parent":{"__id__":1},"_children":[{"__id__":79},{"__id__":81},{"__id__":82}],"_prefab":{"__type__":"cc.PrefabInfo","root":{"__id__":1},"asset":{"__uuid__":"qzmjmjfe-1385-4d0a-a903-eb73442b8bd1"},"fileId":"eezWiKF7VH9oyXYLwoRvCy"},"_contentSize":{"__type__":"cc.Size","width":57,"height":60},"_trs":{"__type__":"TypedArray","ctor":"Float64Array","array":[0,-216,0,0,0,0,1,1,1,1]}},{"__type__":"cc.Node","_name":"head","_parent":{"__id__":78},"_children":[{"__id__":80}],"_components":[{"__type__":"cc.Sprite","node":{"__id__":79},"_materials":[{"__uuid__":"ecpdLyjvZBwrvm+cedCcQy"}],"_spriteFrame":{"__uuid__":"qzmjmjab-92cb-44ad-aed6-42bfc79c88d0"}}],"_prefab":{"__type__":"cc.PrefabInfo","root":{"__id__":1},"asset":{"__uuid__":"qzmjmjfe-1385-4d0a-a903-eb73442b8bd1"},"fileId":"f8+jJIrjVGpZ4iJMVEjziu"},"_contentSize":{"__type__":"cc.Size","width":93,"height":94},"_trs":{"__type__":"TypedArray","ctor":"Float64Array","array":[0,0,0,0,0,0,1,1,1,1]}},{"__type__":"cc.Node","_name":"head_img","_parent":{"__id__":79},"_components":[{"__type__":"cc.Sprite","node":{"__id__":80},"_materials":[{"__uuid__":"ecpdLyjvZBwrvm+cedCcQy"}],"_spriteFrame":{"__uuid__":"qzmjmjd4-6d8e-4361-aae8-91caca6f2355"},"_sizeMode":0,"_isTrimmedMode":false},{"__type__":"qzmjmj73-3561-4a28-8fd0-4ff9fc711d7e","node":{"__id__":80},"JS_Name":"pxzzmj_BaseComponent"}],"_prefab":{"__type__":"cc.PrefabInfo","root":{"__id__":1},"asset":{"__uuid__":"qzmjmjfe-1385-4d0a-a903-eb73442b8bd1"},"fileId":"c3r+ZhSvBH7pqcwP8+alP2"},"_contentSize":{"__type__":"cc.Size","width":80,"height":82},"_trs":{"__type__":"TypedArray","ctor":"Float64Array","array":[0,0,0,0,0,0,1,1,1,1]}},{"__type__":"cc.Node","_name":"address","_parent":{"__id__":78},"_components":[{"__type__":"cc.Label","node":{"__id__":81},"_materials":[{"__uuid__":"ecpdLyjvZBwrvm+cedCcQy"}],"_useOriginalSize":false,"_string":"厦门湖里软件园二期35号","_N$string":"厦门湖里软件园二期35号","_fontSize":26,"_lineHeight":30,"_enableWrapText":false,"_N$horizontalAlign":1,"_N$verticalAlign":1}],"_prefab":{"__type__":"cc.PrefabInfo","root":{"__id__":1},"asset":{"__uuid__":"qzmjmjfe-1385-4d0a-a903-eb73442b8bd1"},"fileId":"0dF4qr1HdAT7XrSL5zKXVF"},"_color":{"__type__":"cc.Color","r":120,"g":81,"b":68},"_contentSize":{"__type__":"cc.Size","width":288.92,"height":37.8},"_anchorPoint":{"__type__":"cc.Vec2","x":0.5,"y":1},"_trs":{"__type__":"TypedArray","ctor":"Float64Array","array":[0,-80,0,0,0,0,1,1,1,1]}},{"__type__":"cc.Node","_name":"username","_parent":{"__id__":78},"_components":[{"__type__":"cc.Label","node":{"__id__":82},"_materials":[{"__uuid__":"ecpdLyjvZBwrvm+cedCcQy"}],"_useOriginalSize":false,"_string":"纯属娱乐","_N$string":"纯属娱乐","_fontSize":26,"_lineHeight":30,"_N$horizontalAlign":1,"_N$verticalAlign":1}],"_prefab":{"__type__":"cc.PrefabInfo","root":{"__id__":1},"asset":{"__uuid__":"qzmjmjfe-1385-4d0a-a903-eb73442b8bd1"},"fileId":"7faTfMhD9PbKzXoei2RKvU"},"_color":{"__type__":"cc.Color","r":163,"g":75,"b":32},"_contentSize":{"__type__":"cc.Size","width":104,"height":37.8},"_trs":{"__type__":"TypedArray","ctor":"Float64Array","array":[0,-66,0,0,0,0,1,1,1,1]}},{"__type__":"cc.Node","_name":"userinfo3","_parent":{"__id__":1},"_children":[{"__id__":84},{"__id__":86},{"__id__":87}],"_prefab":{"__type__":"cc.PrefabInfo","root":{"__id__":1},"asset":{"__uuid__":"qzmjmjfe-1385-4d0a-a903-eb73442b8bd1"},"fileId":"b8ngnWR9pJwrXmyx8SzMju"},"_contentSize":{"__type__":"cc.Size","width":57,"height":60},"_trs":{"__type__":"TypedArray","ctor":"Float64Array","array":[0,180,0,0,0,0,1,1,1,1]}},{"__type__":"cc.Node","_name":"head","_parent":{"__id__":83},"_children":[{"__id__":85}],"_components":[{"__type__":"cc.Sprite","node":{"__id__":84},"_materials":[{"__uuid__":"ecpdLyjvZBwrvm+cedCcQy"}],"_spriteFrame":{"__uuid__":"qzmjmjab-92cb-44ad-aed6-42bfc79c88d0"}}],"_prefab":{"__type__":"cc.PrefabInfo","root":{"__id__":1},"asset":{"__uuid__":"qzmjmjfe-1385-4d0a-a903-eb73442b8bd1"},"fileId":"03tb2rr1VKf67QTA0YChHU"},"_contentSize":{"__type__":"cc.Size","width":93,"height":94},"_trs":{"__type__":"TypedArray","ctor":"Float64Array","array":[0,0,0,0,0,0,1,1,1,1]}},{"__type__":"cc.Node","_name":"head_img","_parent":{"__id__":84},"_components":[{"__type__":"cc.Sprite","node":{"__id__":85},"_materials":[{"__uuid__":"ecpdLyjvZBwrvm+cedCcQy"}],"_spriteFrame":{"__uuid__":"qzmjmjd4-6d8e-4361-aae8-91caca6f2355"},"_sizeMode":0,"_isTrimmedMode":false},{"__type__":"qzmjmj73-3561-4a28-8fd0-4ff9fc711d7e","node":{"__id__":85},"JS_Name":"pxzzmj_BaseComponent"}],"_prefab":{"__type__":"cc.PrefabInfo","root":{"__id__":1},"asset":{"__uuid__":"qzmjmjfe-1385-4d0a-a903-eb73442b8bd1"},"fileId":"ffHVyod8xMg5A8aZWfbx3R"},"_contentSize":{"__type__":"cc.Size","width":80,"height":82},"_trs":{"__type__":"TypedArray","ctor":"Float64Array","array":[0,0,0,0,0,0,1,1,1,1]}},{"__type__":"cc.Node","_name":"username","_parent":{"__id__":83},"_components":[{"__type__":"cc.Label","node":{"__id__":86},"_materials":[{"__uuid__":"ecpdLyjvZBwrvm+cedCcQy"}],"_useOriginalSize":false,"_string":"纯属娱乐","_N$string":"纯属娱乐","_fontSize":26,"_lineHeight":30,"_N$horizontalAlign":1,"_N$verticalAlign":1}],"_prefab":{"__type__":"cc.PrefabInfo","root":{"__id__":1},"asset":{"__uuid__":"qzmjmjfe-1385-4d0a-a903-eb73442b8bd1"},"fileId":"ddURG5GoJHar5exMmmY6u8"},"_color":{"__type__":"cc.Color","r":163,"g":75,"b":32},"_contentSize":{"__type__":"cc.Size","width":104,"height":37.8},"_trs":{"__type__":"TypedArray","ctor":"Float64Array","array":[0,-66,0,0,0,0,1,1,1,1]}},{"__type__":"cc.Node","_name":"address","_parent":{"__id__":83},"_components":[{"__type__":"cc.Label","node":{"__id__":87},"_materials":[{"__uuid__":"ecpdLyjvZBwrvm+cedCcQy"}],"_useOriginalSize":false,"_string":"厦门湖里软件园二期35号","_N$string":"厦门湖里软件园二期35号","_fontSize":26,"_lineHeight":30,"_N$horizontalAlign":1,"_N$verticalAlign":1,"_N$overflow":3}],"_prefab":{"__type__":"cc.PrefabInfo","root":{"__id__":1},"asset":{"__uuid__":"qzmjmjfe-1385-4d0a-a903-eb73442b8bd1"},"fileId":"5aNMzrhHpFTayRYPoWgR/u"},"_color":{"__type__":"cc.Color","r":120,"g":81,"b":68},"_contentSize":{"__type__":"cc.Size","width":250,"height":67.8},"_anchorPoint":{"__type__":"cc.Vec2","x":0.5,"y":1},"_trs":{"__type__":"TypedArray","ctor":"Float64Array","array":[0,-80,0,0,0,0,1,1,1,1]}},{"__type__":"cc.Node","_name":"userinfo4","_parent":{"__id__":1},"_children":[{"__id__":89},{"__id__":91},{"__id__":92}],"_prefab":{"__type__":"cc.PrefabInfo","root":{"__id__":1},"asset":{"__uuid__":"qzmjmjfe-1385-4d0a-a903-eb73442b8bd1"},"fileId":"a8UPTQvbdCgK0IVKEsDaGx"},"_contentSize":{"__type__":"cc.Size","width":57,"height":60},"_trs":{"__type__":"TypedArray","ctor":"Float64Array","array":[-360,0,0,0,0,0,1,1,1,1]}},{"__type__":"cc.Node","_name":"head","_parent":{"__id__":88},"_children":[{"__id__":90}],"_components":[{"__type__":"cc.Sprite","node":{"__id__":89},"_materials":[{"__uuid__":"ecpdLyjvZBwrvm+cedCcQy"}],"_spriteFrame":{"__uuid__":"qzmjmjab-92cb-44ad-aed6-42bfc79c88d0"}}],"_prefab":{"__type__":"cc.PrefabInfo","root":{"__id__":1},"asset":{"__uuid__":"qzmjmjfe-1385-4d0a-a903-eb73442b8bd1"},"fileId":"1biR5VWUVBVIl2swZcGeef"},"_contentSize":{"__type__":"cc.Size","width":93,"height":94},"_trs":{"__type__":"TypedArray","ctor":"Float64Array","array":[0,0,0,0,0,0,1,1,1,1]}},{"__type__":"cc.Node","_name":"head_img","_parent":{"__id__":89},"_components":[{"__type__":"cc.Sprite","node":{"__id__":90},"_materials":[{"__uuid__":"ecpdLyjvZBwrvm+cedCcQy"}],"_spriteFrame":{"__uuid__":"qzmjmjd4-6d8e-4361-aae8-91caca6f2355"},"_sizeMode":0,"_isTrimmedMode":false},{"__type__":"qzmjmj73-3561-4a28-8fd0-4ff9fc711d7e","node":{"__id__":90},"JS_Name":"pxzzmj_BaseComponent"}],"_prefab":{"__type__":"cc.PrefabInfo","root":{"__id__":1},"asset":{"__uuid__":"qzmjmjfe-1385-4d0a-a903-eb73442b8bd1"},"fileId":"66dhodI5xGpJisIWSuhT+/"},"_contentSize":{"__type__":"cc.Size","width":80,"height":82},"_trs":{"__type__":"TypedArray","ctor":"Float64Array","array":[0,0,0,0,0,0,1,1,1,1]}},{"__type__":"cc.Node","_name":"username","_parent":{"__id__":88},"_components":[{"__type__":"cc.Label","node":{"__id__":91},"_materials":[{"__uuid__":"ecpdLyjvZBwrvm+cedCcQy"}],"_useOriginalSize":false,"_string":"纯属娱乐","_N$string":"纯属娱乐","_fontSize":26,"_lineHeight":30,"_N$horizontalAlign":1,"_N$verticalAlign":1}],"_prefab":{"__type__":"cc.PrefabInfo","root":{"__id__":1},"asset":{"__uuid__":"qzmjmjfe-1385-4d0a-a903-eb73442b8bd1"},"fileId":"67KUEIVcpGTYgSHrHhKZMR"},"_color":{"__type__":"cc.Color","r":163,"g":75,"b":32},"_contentSize":{"__type__":"cc.Size","width":104,"height":37.8},"_trs":{"__type__":"TypedArray","ctor":"Float64Array","array":[0,-66,0,0,0,0,1,1,1,1]}},{"__type__":"cc.Node","_name":"address","_parent":{"__id__":88},"_components":[{"__type__":"cc.Label","node":{"__id__":92},"_materials":[{"__uuid__":"ecpdLyjvZBwrvm+cedCcQy"}],"_useOriginalSize":false,"_string":"厦门湖里软件园二期35号","_N$string":"厦门湖里软件园二期35号","_fontSize":26,"_lineHeight":30,"_N$horizontalAlign":1,"_N$verticalAlign":1,"_N$overflow":3}],"_prefab":{"__type__":"cc.PrefabInfo","root":{"__id__":1},"asset":{"__uuid__":"qzmjmjfe-1385-4d0a-a903-eb73442b8bd1"},"fileId":"f6dItVsGpB8YsmVG2bqbeR"},"_color":{"__type__":"cc.Color","r":120,"g":81,"b":68},"_contentSize":{"__type__":"cc.Size","width":250,"height":67.8},"_anchorPoint":{"__type__":"cc.Vec2","x":0.5,"y":1},"_trs":{"__type__":"TypedArray","ctor":"Float64Array","array":[0,-80,0,0,0,0,1,1,1,1]}},{"__type__":"cc.Node","_name":"userinfo2","_parent":{"__id__":1},"_children":[{"__id__":94},{"__id__":96},{"__id__":97}],"_prefab":{"__type__":"cc.PrefabInfo","root":{"__id__":1},"asset":{"__uuid__":"qzmjmjfe-1385-4d0a-a903-eb73442b8bd1"},"fileId":"28Qjm4UBZExJYuww/Qlnbu"},"_contentSize":{"__type__":"cc.Size","width":57,"height":60},"_trs":{"__type__":"TypedArray","ctor":"Float64Array","array":[360,0,0,0,0,0,1,1,1,1]}},{"__type__":"cc.Node","_name":"head","_parent":{"__id__":93},"_children":[{"__id__":95}],"_components":[{"__type__":"cc.Sprite","node":{"__id__":94},"_materials":[{"__uuid__":"ecpdLyjvZBwrvm+cedCcQy"}],"_spriteFrame":{"__uuid__":"qzmjmjab-92cb-44ad-aed6-42bfc79c88d0"}}],"_prefab":{"__type__":"cc.PrefabInfo","root":{"__id__":1},"asset":{"__uuid__":"qzmjmjfe-1385-4d0a-a903-eb73442b8bd1"},"fileId":"07S4WZTppNLJw0Pvh6cg9m"},"_contentSize":{"__type__":"cc.Size","width":93,"height":94},"_trs":{"__type__":"TypedArray","ctor":"Float64Array","array":[0,0,0,0,0,0,1,1,1,1]}},{"__type__":"cc.Node","_name":"head_img","_parent":{"__id__":94},"_components":[{"__type__":"cc.Sprite","node":{"__id__":95},"_materials":[{"__uuid__":"ecpdLyjvZBwrvm+cedCcQy"}],"_spriteFrame":{"__uuid__":"qzmjmjd4-6d8e-4361-aae8-91caca6f2355"},"_sizeMode":0,"_isTrimmedMode":false},{"__type__":"qzmjmj73-3561-4a28-8fd0-4ff9fc711d7e","node":{"__id__":95},"JS_Name":"pxzzmj_BaseComponent"}],"_prefab":{"__type__":"cc.PrefabInfo","root":{"__id__":1},"asset":{"__uuid__":"qzmjmjfe-1385-4d0a-a903-eb73442b8bd1"},"fileId":"bb9wlkY91NopAqu6G5Z2zF"},"_contentSize":{"__type__":"cc.Size","width":80,"height":82},"_trs":{"__type__":"TypedArray","ctor":"Float64Array","array":[0,0,0,0,0,0,1,1,1,1]}},{"__type__":"cc.Node","_name":"username","_parent":{"__id__":93},"_components":[{"__type__":"cc.Label","node":{"__id__":96},"_materials":[{"__uuid__":"ecpdLyjvZBwrvm+cedCcQy"}],"_useOriginalSize":false,"_string":"纯属娱乐","_N$string":"纯属娱乐","_fontSize":26,"_lineHeight":30,"_N$horizontalAlign":1,"_N$verticalAlign":1}],"_prefab":{"__type__":"cc.PrefabInfo","root":{"__id__":1},"asset":{"__uuid__":"qzmjmjfe-1385-4d0a-a903-eb73442b8bd1"},"fileId":"c4rRyHJZFL2ZS3nxtFN74R"},"_color":{"__type__":"cc.Color","r":163,"g":75,"b":32},"_contentSize":{"__type__":"cc.Size","width":104,"height":37.8},"_trs":{"__type__":"TypedArray","ctor":"Float64Array","array":[0,-66,0,0,0,0,1,1,1,1]}},{"__type__":"cc.Node","_name":"address","_parent":{"__id__":93},"_components":[{"__type__":"cc.Label","node":{"__id__":97},"_materials":[{"__uuid__":"ecpdLyjvZBwrvm+cedCcQy"}],"_useOriginalSize":false,"_string":"厦门湖里软件园二期35号","_N$string":"厦门湖里软件园二期35号","_fontSize":26,"_lineHeight":30,"_N$horizontalAlign":1,"_N$verticalAlign":1,"_N$overflow":3}],"_prefab":{"__type__":"cc.PrefabInfo","root":{"__id__":1},"asset":{"__uuid__":"qzmjmjfe-1385-4d0a-a903-eb73442b8bd1"},"fileId":"94gVYR0y1LxY2dT/N53k0y"},"_color":{"__type__":"cc.Color","r":120,"g":81,"b":68},"_contentSize":{"__type__":"cc.Size","width":250,"height":67.8},"_anchorPoint":{"__type__":"cc.Vec2","x":0.5,"y":1},"_trs":{"__type__":"TypedArray","ctor":"Float64Array","array":[0,-80,0,0,0,0,1,1,1,1]}}]]