[{"__type__":"cc.BitmapFont","_name":"number_input","spriteFrame":{"__uuid__":"lznn7a23-083b-44ee-be73-66c6a032120c"},"fontSize":32,"_fntConfig":{"commonHeight":32,"fontSize":32,"atlasName":"number_input_0.png","fontDefDictionary":{"48":{"rect":{"x":0,"y":0,"width":27,"height":36},"xOffset":0,"yOffset":0,"xAdvance":27},"49":{"rect":{"x":28,"y":0,"width":27,"height":36},"xOffset":0,"yOffset":0,"xAdvance":27},"50":{"rect":{"x":56,"y":0,"width":27,"height":36},"xOffset":0,"yOffset":0,"xAdvance":27},"51":{"rect":{"x":84,"y":0,"width":27,"height":36},"xOffset":0,"yOffset":0,"xAdvance":27},"52":{"rect":{"x":0,"y":37,"width":27,"height":36},"xOffset":0,"yOffset":0,"xAdvance":27},"53":{"rect":{"x":28,"y":37,"width":27,"height":36},"xOffset":0,"yOffset":0,"xAdvance":27},"54":{"rect":{"x":56,"y":37,"width":27,"height":36},"xOffset":0,"yOffset":0,"xAdvance":27},"55":{"rect":{"x":84,"y":37,"width":27,"height":36},"xOffset":0,"yOffset":0,"xAdvance":27},"56":{"rect":{"x":0,"y":74,"width":27,"height":36},"xOffset":0,"yOffset":0,"xAdvance":27},"57":{"rect":{"x":28,"y":74,"width":27,"height":36},"xOffset":0,"yOffset":0,"xAdvance":27}},"kerningDict":{}}},{"__type__":"cc.SpriteFrame","content":{"name":"number_input_0","texture":"lznnd617-0082-4f2a-a340-3cc1d4df9310","rect":[0,0,110,110],"offset":[-9,9],"originalSize":[128,128],"capInsets":[0,0,0,0]}}]