[{"__type__":"cc.AnimationClip","_name":"face7Action","_duration":0.8,"sample":20,"curveData":{"comps":{"cc.Sprite":{"spriteFrame":[{"frame":0,"value":{"__uuid__":"lznnd4fb-e8fb-494d-9a15-7705ebcd6659"}},{"frame":0.25,"value":{"__uuid__":"lznnd29d-b7db-466e-b253-4d0d2d100954"}},{"frame":0.5,"value":{"__uuid__":"lznn7f1c-9707-485e-8261-8d5005ee2854"}},{"frame":0.75,"value":{"__uuid__":"lznn75e5-b8f6-45df-9509-901567222006"}}]}}}},{"__type__":"cc.SpriteFrame","content":{"name":"expression_07_04","texture":"lznnb481-53f5-4476-a9e1-b90463b13354","rect":[10,36,107,100],"offset":[-13.5,1.5],"originalSize":[154,175],"capInsets":[0,0,0,0]}},{"__type__":"cc.SpriteFrame","content":{"name":"expression_07_03","texture":"lznn7628-597e-4db3-9cfe-5af08dad1d21","rect":[31,42,85,94],"offset":[-3.5,-1.5],"originalSize":[154,175],"capInsets":[0,0,0,0]}},{"__type__":"cc.SpriteFrame","content":{"name":"expression_07_02","texture":"lznn6a9c-160b-418b-af62-18fbf539b837","rect":[31,36,86,100],"offset":[-3,1.5],"originalSize":[154,175],"capInsets":[0,0,0,0]}},{"__type__":"cc.SpriteFrame","content":{"name":"expression_07_01","texture":"lznn3a0f-5130-4fed-9c82-484741ac7bf6","rect":[0,44,117,92],"offset":[-18.5,-2.5],"originalSize":[154,175],"capInsets":[0,0,0,0]}}]