[[{"__type__":"cc.Prefab","_name":"zhadanPrefab","data":{"__id__":1}},{"__type__":"cc.Node","_name":"zhadanPrefab","_components":[{"__type__":"cc.Sprite","node":{"__id__":1},"_spriteFrame":{"__uuid__":"fjsszdb0-9bff-4cec-9f0f-b55f1a44eb8b"}},{"__type__":"cc.Animation","node":{"__id__":1},"_defaultClip":{"__uuid__":"fjssz930-1a42-4404-a703-002bc14e548d"},"_clips":[{"__uuid__":"fjssz930-1a42-4404-a703-002bc14e548d"}]}],"_prefab":{"__type__":"cc.PrefabInfo","root":{"__id__":1},"asset":{"__uuid__":"fjssz472-ab65-4a42-91b9-c72341c0a38a"},"fileId":"1bPN/6QS9N+599t0tGIFLB"},"_contentSize":{"__type__":"cc.Size","width":88,"height":78},"_trs":{"__type__":"TypedArray","ctor":"Float64Array","array":[0,0,0,0,0,0,1,1,1,1]}}],{"__type__":"cc.SpriteFrame","content":{"name":"icon_zd","texture":"fjssz317-2546-4590-b476-ca0193e82184","rect":[0,7,88,78],"offset":[-2,0],"originalSize":[92,92],"capInsets":[0,0,0,0]}}]