[[{"__type__":"cc.Prefab","_name":"liujindao","data":{"__id__":1}},{"__type__":"cc.Node","_name":"liujindao","_components":[{"__type__":"cc.Sprite","node":{"__id__":1},"_spriteFrame":{"__uuid__":"qzmjmjb4-4826-4888-b1f1-32de86e78169"},"_sizeMode":2,"_isTrimmedMode":false},{"__type__":"cc.Animation","node":{"__id__":1},"_defaultClip":{"__uuid__":"qzmjmjd0-ae85-433d-8b98-0a50ca15938e"},"_clips":[{"__uuid__":"qzmjmjd0-ae85-433d-8b98-0a50ca15938e"}]},{"__type__":"qzmjmja3-f7f6-43f3-bc26-19a21c44bee8","node":{"__id__":1}}],"_prefab":{"__type__":"cc.PrefabInfo","root":{"__id__":1},"asset":{"__uuid__":"qzmjmj51-3991-4703-b4de-f6c9117ba6c3"},"fileId":"8ab6ad4gFtEEZlEp23bUjXd"},"_contentSize":{"__type__":"cc.Size","width":320,"height":219},"_trs":{"__type__":"TypedArray","ctor":"Float64Array","array":[0,0,0,0,0,0,1,1,1,1]}}],{"__type__":"cc.SpriteFrame","content":{"name":"liujindao_ani1","texture":"1d9d8305b","rect":[2,2,316,184],"offset":[0,0.5],"originalSize":[320,219],"capInsets":[0,0,0,0]}}]