[{"__type__":"cc.SpriteFrame","content":{"name":"sanjindao_ani1","texture":"11f401590","rect":[2,2,296,173],"offset":[0,-1.5],"originalSize":[300,206],"rotated":1,"capInsets":[0,0,0,0]}},[{"__type__":"cc.Prefab","_name":"sanjindao","data":{"__id__":1}},{"__type__":"cc.Node","_name":"sanjindao","_components":[{"__type__":"cc.Sprite","node":{"__id__":1},"_spriteFrame":{"__uuid__":"qzmjmj0d-22f7-4645-9756-1b0b7c7cc322"},"_sizeMode":2,"_isTrimmedMode":false},{"__type__":"cc.Animation","node":{"__id__":1},"_defaultClip":{"__uuid__":"qzmjmj48-3e3a-4e69-a0f8-229b6a8bb59d"},"_clips":[{"__uuid__":"qzmjmj48-3e3a-4e69-a0f8-229b6a8bb59d"}]},{"__type__":"qzmjmja3-f7f6-43f3-bc26-19a21c44bee8","node":{"__id__":1}}],"_prefab":{"__type__":"cc.PrefabInfo","root":{"__id__":1},"asset":{"__uuid__":"qzmjmjb8-03c9-4d8d-bdcb-9e7ebfbc87e2"},"fileId":"957c9kSNzFJE6pKwCziQHnU"},"_contentSize":{"__type__":"cc.Size","width":300,"height":206},"_trs":{"__type__":"TypedArray","ctor":"Float64Array","array":[0,0,0,0,0,0,1,1,1,1]}}]]