[[{"__type__":"cc.Prefab","_name":"zhadanPrefab","data":{"__id__":1}},{"__type__":"cc.Node","_name":"zhadanPrefab","_components":[{"__type__":"cc.Sprite","node":{"__id__":1},"_spriteFrame":{"__uuid__":"qzmjmjd7-e807-4fdf-b81a-e877116554af"}},{"__type__":"cc.Animation","node":{"__id__":1},"_defaultClip":{"__uuid__":"qzmjmj60-8b08-44d2-b80d-e3fccb277504"},"_clips":[{"__uuid__":"qzmjmj60-8b08-44d2-b80d-e3fccb277504"}]}],"_prefab":{"__type__":"cc.PrefabInfo","root":{"__id__":1},"asset":{"__uuid__":"qzmjmja1-93e2-43a9-a8ef-9d1018c57316"},"fileId":"1bPN/6QS9N+599t0tGIFLB"},"_contentSize":{"__type__":"cc.Size","width":88,"height":78},"_trs":{"__type__":"TypedArray","ctor":"Float64Array","array":[0,0,0,0,0,0,1,1,1,1]},"_zIndex":0}],{"__type__":"cc.SpriteFrame","content":{"name":"icon_zd","texture":"qzmjmj65-29df-4ba7-aa53-6927c77322ba","rect":[0,7,88,78],"offset":[-2,0],"originalSize":[92,92],"capInsets":[0,0,0,0]}}]