[{"__type__":"cc.SpriteFrame","content":{"name":"touming","texture":"qzmjmj23-b67d-4d50-ae8c-fb5939e02a67","rect":[0,0,1,1],"offset":[0,0],"originalSize":[1,1],"capInsets":[0,0,0,0]}},[{"__type__":"cc.Prefab","_name":"peng","data":{"__id__":1}},{"__type__":"cc.Node","_name":"peng","_components":[{"__type__":"cc.Sprite","node":{"__id__":1},"_spriteFrame":{"__uuid__":"qzmjmj2f-5b0b-4454-acf8-cfc019fa46b4"},"_sizeMode":2,"_isTrimmedMode":false},{"__type__":"cc.Animation","node":{"__id__":1},"_defaultClip":{"__uuid__":"qzmjmj4f-8ca2-4d2e-94eb-a7189fd9c9cc"},"_clips":[{"__uuid__":"qzmjmj4f-8ca2-4d2e-94eb-a7189fd9c9cc"}]},{"__type__":"qzmjmja3-f7f6-43f3-bc26-19a21c44bee8","node":{"__id__":1}}],"_prefab":{"__type__":"cc.PrefabInfo","root":{"__id__":1},"asset":{"__uuid__":"qzmjmjfe-fce8-44a2-add9-c73799c8d058"},"fileId":"b0839KOPThEbI07vyokYs3f"},"_contentSize":{"__type__":"cc.Size","width":1,"height":1},"_trs":{"__type__":"TypedArray","ctor":"Float64Array","array":[0,0,0,0,0,0,1,0.5,0.5,1]}}]]