[{"__type__":"cc.SpriteFrame","content":{"name":"ani_qingyise_09","texture":"qzmjmj8d-d54b-471e-ae7e-93a7f7723e68","rect":[5,42,1020,290],"offset":[1,-21],"originalSize":[1028,332],"capInsets":[0,0,0,0]}},{"__type__":"cc.SpriteFrame","content":{"name":"ani_qingyise_05","texture":"qzmjmj54-3822-4ad6-b65c-6821889c230c","rect":[4,41,1021,291],"offset":[0.5,-20.5],"originalSize":[1028,332],"capInsets":[0,0,0,0]}},{"__type__":"cc.SpriteFrame","content":{"name":"ani_qingyise_07","texture":"qzmjmjfe-5038-4823-810a-aeb8d09c4fc8","rect":[4,8,1021,324],"offset":[0.5,-4],"originalSize":[1028,332],"capInsets":[0,0,0,0]}},{"__type__":"cc.SpriteFrame","content":{"name":"ani_qingyise_08","texture":"qzmjmjcb-ecef-4a1f-a506-76f1a6b7987b","rect":[4,0,1021,332],"offset":[0.5,0],"originalSize":[1028,332],"capInsets":[0,0,0,0]}},{"__type__":"cc.SpriteFrame","content":{"name":"ani_qingyise_03","texture":"qzmjmj93-2584-49df-b5c3-95e89ba5d88a","rect":[11,109,1007,223],"offset":[0.5,-54.5],"originalSize":[1028,332],"capInsets":[0,0,0,0]}},{"__type__":"cc.SpriteFrame","content":{"name":"ani_qingyise_06","texture":"qzmjmjf9-cba8-4d53-ad2a-812ec479104d","rect":[5,33,1019,299],"offset":[0.5,-16.5],"originalSize":[1028,332],"capInsets":[0,0,0,0]}},{"__type__":"cc.SpriteFrame","content":{"name":"ani_qingyise_04","texture":"qzmjmjcc-0c99-49ad-b6a2-42018455fd6a","rect":[6,88,1017,244],"offset":[0.5,-44],"originalSize":[1028,332],"capInsets":[0,0,0,0]}},{"__type__":"cc.SpriteFrame","content":{"name":"ani_qingyise_02","texture":"qzmjmje2-8d0f-46b1-b03d-ceadb8aec614","rect":[134,124,761,196],"offset":[0.5,-56],"originalSize":[1028,332],"capInsets":[0,0,0,0]}},{"__type__":"cc.AnimationClip","_name":"qingyiseAction","_duration":0.93,"curveData":{"comps":{"cc.Sprite":{"spriteFrame":[{"frame":0,"value":{"__uuid__":"qzmjmjda-b6a4-4d7f-abcd-4ef51287ebee"}},{"frame":0.11666666666666667,"value":{"__uuid__":"qzmjmja3-35b7-4a9d-9efe-87ffecd9ef7b"}},{"frame":0.2,"value":{"__uuid__":"qzmjmj70-f764-4745-b472-f76c9d517a59"}},{"frame":0.3,"value":{"__uuid__":"qzmjmj9d-a6c6-4d91-b9fb-02075ea609d3"}},{"frame":0.4166666666666667,"value":{"__uuid__":"qzmjmj6c-a283-4cb4-ba8d-4e80a161cef3"}},{"frame":0.5166666666666667,"value":{"__uuid__":"qzmjmj7b-1750-473c-89bb-a297a7400eb9"}},{"frame":0.6333333333333333,"value":{"__uuid__":"qzmjmj6e-e1d3-495c-b755-9c2fe0504a8a"}},{"frame":0.7666666666666667,"value":{"__uuid__":"qzmjmj70-9d91-422f-b8c7-9467524d0c4e"}},{"frame":0.9166666666666666,"value":{"__uuid__":"qzmjmj50-730c-4304-b202-e9deb7aed2a6"}}]}}}},{"__type__":"cc.SpriteFrame","content":{"name":"ani_qingyise_01","texture":"qzmjmj71-0f19-403c-8dc4-4634d85aac03","rect":[265,144,499,157],"offset":[0.5,-56.5],"originalSize":[1028,332],"capInsets":[0,0,0,0]}}]