[{"__type__":"cc.SpriteFrame","content":{"name":"default_btn_disabled","texture":"71VhFCTINJM6/Ky3oX9nBT","rect":[0,0,40,40],"offset":[0,0],"originalSize":[40,40],"capInsets":[12,12,12,12]}},{"__type__":"cc.SpriteFrame","content":{"name":"img_qzmj_2d","texture":"22iWuPjWRBGLIBCeILFaZ8","rect":[0,0,278,94],"offset":[0,0],"originalSize":[278,94],"capInsets":[0,0,0,0]}},{"__type__":"cc.SpriteFrame","content":{"name":"default_sprite_splash","texture":"02delMVqdBD70a/HSD99FK","rect":[0,0,2,2],"offset":[0,0],"originalSize":[2,2],"capInsets":[0,0,0,0]}},{"__type__":"cc.SpriteFrame","content":{"name":"default_btn_pressed","texture":"b4P/PCArtIdIH38t6mlw8Y","rect":[0,0,40,40],"offset":[0,0],"originalSize":[40,40],"capInsets":[12,12,12,12]}},{"__type__":"cc.SpriteFrame","content":{"name":"icon_electricity_3","texture":"qzmjmj42-f51f-487c-9239-63fece8de11b","rect":[0,0,47,21],"offset":[0,0],"originalSize":[47,21],"capInsets":[0,0,0,0]}},{"__type__":"cc.SpriteFrame","content":{"name":"bg_title_small","texture":"qzmjmj44-55bd-47dc-b450-e1b59541f460","rect":[1,0,427,87],"offset":[0,0],"originalSize":[429,87],"capInsets":[0,0,0,0]}},{"__type__":"cc.SpriteFrame","content":{"name":"icon_electricity_2","texture":"qzmjmj76-8132-41bb-aab4-cf143067c8e1","rect":[0,0,47,21],"offset":[0,0],"originalSize":[47,21],"capInsets":[0,0,0,0]}},{"__type__":"cc.SpriteFrame","content":{"name":"6-1","texture":"18112c6e5","rect":[164,0,49,52],"offset":[0,0.5],"originalSize":[55,53],"capInsets":[0,0,0,0]}},{"__type__":"cc.SpriteFrame","content":{"name":"bg_zp","texture":"qzmjmj14-6ab0-4c18-87ba-77babfb1ae1c","rect":[0,0,100,100],"offset":[0,0],"originalSize":[100,100],"capInsets":[0,0,0,0]}},{"__type__":"cc.SpriteFrame","content":{"name":"icon_charging","texture":"qzmjmj12-6fda-4beb-a643-ab6a5ad37b60","rect":[0,0,47,21],"offset":[-0.5,0.5],"originalSize":[48,22],"capInsets":[0,0,0,0]}},{"__type__":"cc.SpriteFrame","content":{"name":"icon_electricity_4","texture":"qzmjmjc5-b37d-41ee-9e69-0c8da3fad53a","rect":[0,0,47,21],"offset":[0,0],"originalSize":[47,21],"capInsets":[0,0,0,0]}},{"__type__":"cc.SpriteFrame","content":{"name":"btn_xx","texture":"qzmjmjca-9346-4274-9fa5-27b1106f01a5","rect":[0,0,74,74],"offset":[0,0],"originalSize":[74,74],"capInsets":[0,0,0,0]}},{"__type__":"cc.SpriteFrame","content":{"name":"btn_sz","texture":"qzmjmj5e-7e68-4416-975b-7a0c9e0cf7c9","rect":[0,0,74,74],"offset":[0,0],"originalSize":[74,74],"capInsets":[0,0,0,0]}},{"__type__":"cc.SpriteFrame","content":{"name":"title_ph","texture":"qzmjmj52-c2ef-408c-9343-0012e5bd420c","rect":[0,0,119,57],"offset":[0,0],"originalSize":[119,57],"capInsets":[0,0,0,0]}},{"__type__":"cc.SpriteFrame","content":{"name":"btn_gps","texture":"qzmjmj26-127d-4030-b488-b2e1a1587cc1","rect":[0,0,74,74],"offset":[0,0],"originalSize":[74,74],"capInsets":[0,0,0,0]}},{"__type__":"cc.SpriteFrame","content":{"name":"btn_invitation","texture":"qzmjmje2-5a93-4a13-b43f-2371acf728a1","rect":[0,0,274,92],"offset":[0,0],"originalSize":[274,92],"capInsets":[0,0,0,0]}},{"__type__":"cc.SpriteFrame","content":{"name":"4-1","texture":"18112c6e5","rect":[0,101,49,52],"offset":[0,0.5],"originalSize":[55,53],"capInsets":[0,0,0,0]}},{"__type__":"cc.SpriteFrame","content":{"name":"icon_electricity_0","texture":"qzmjmj4e-c269-402c-bf9f-4390d7d2e4e0","rect":[1,0,47,21],"offset":[0.5,0.5],"originalSize":[48,22],"capInsets":[0,0,0,0]}},{"__type__":"cc.SpriteFrame","content":{"name":"bg_zp_gb","texture":"qzmjmj4b-dda2-4be9-8958-dddd80783f1b","rect":[9,66,82,28],"offset":[0,-30],"originalSize":[100,100],"capInsets":[0,0,0,0]}},{"__type__":"cc.SpriteFrame","content":{"name":"bg_jinpai2","texture":"qzmjmj6a-3305-4aba-99f7-323aeae6298e","rect":[0,0,84,96],"offset":[0,0],"originalSize":[84,96],"capInsets":[0,0,0,0]}},{"__type__":"cc.SpriteFrame","content":{"name":"btn_green00","texture":"qzmjmj46-61c7-4e26-ae37-f132f1c4d730","rect":[0,0,223,80],"offset":[0,0],"originalSize":[223,80],"capInsets":[0,0,0,0]}},{"__type__":"cc.SpriteFrame","content":{"name":"bg_fjxx","texture":"qzmjmje5-5a98-4a82-bbb2-4f6fd844b404","rect":[0,0,876,24],"offset":[0,0],"originalSize":[876,24],"capInsets":[0,0,0,0]}},{"__type__":"cc.SpriteFrame","content":{"name":"bg","texture":"qzmjmjc8-fe4c-4868-b65c-19a1c22a3437","rect":[0,0,1750,800],"offset":[0,0],"originalSize":[1750,800],"capInsets":[0,0,0,0]}},{"__type__":"cc.SpriteFrame","content":{"name":"5-1","texture":"18112c6e5","rect":[0,153,49,52],"offset":[0,0.5],"originalSize":[55,53],"capInsets":[0,0,0,0]}},{"__type__":"cc.SpriteFrame","content":{"name":"bg_jinpai","texture":"qzmjmje7-071c-4fcd-9ac4-798b70236405","rect":[0,0,84,96],"offset":[0,0],"originalSize":[84,96],"capInsets":[0,0,0,0]}},{"__type__":"cc.SpriteFrame","content":{"name":"bg_input_ph","texture":"qzmjmj05-bdc9-46cf-978d-b0d4b935f860","rect":[0,0,534,71],"offset":[0,0],"originalSize":[534,71],"capInsets":[0,0,0,0]}},{"__type__":"cc.SpriteFrame","content":{"name":"1-1","texture":"18112c6e5","rect":[101,99,49,52],"offset":[0,0.5],"originalSize":[55,53],"capInsets":[0,0,0,0]}},{"__type__":"cc.SpriteFrame","content":{"name":"btn_fh","texture":"qzmjmj25-21f2-42d6-8ee2-255b257f2a52","rect":[0,0,74,74],"offset":[0,0],"originalSize":[74,74],"capInsets":[0,0,0,0]}},{"__type__":"cc.SpriteFrame","content":{"name":"btn_qhrs","texture":"qzmjmj68-9723-4040-9d49-62de177b1c4d","rect":[0,0,157,63],"offset":[0,0],"originalSize":[157,63],"capInsets":[0,0,0,0]}},[{"__type__":"cc.Prefab","_name":"UIQZMJ2DPlay","data":{"__id__":1}},{"__type__":"cc.Node","_name":"UIQZMJ2DPlay","_children":[{"__id__":2},{"__id__":5},{"__id__":8},{"__id__":11},{"__id__":24},{"__id__":27},{"__id__":30},{"__id__":37},{"__id__":44},{"__id__":51},{"__id__":58},{"__id__":63},{"__id__":69},{"__id__":70},{"__id__":71},{"__id__":72},{"__id__":73},{"__id__":74},{"__id__":80},{"__type__":"cc.Node","_name":"ZiMoEffect","_parent":{"__id__":1},"_prefab":{"__type__":"cc.PrefabInfo","root":{"__id__":1},"asset":{"__uuid__":"qzmjmjd1-71ac-4a74-98d2-90eb0d1449cd"},"fileId":"b9cdbuvra1BS6cxPHdpOQQ9"},"_contentSize":{"__type__":"cc.Size","width":740,"height":480},"_trs":{"__type__":"TypedArray","ctor":"Float64Array","array":[0,0,0,0,0,0,1,1,1,1]}},{"__id__":81},{"__id__":94},{"__id__":95},{"__id__":96},{"__id__":97},{"__id__":99},{"__id__":101},{"__id__":103},{"__id__":105},{"__id__":106},{"__id__":112},{"__id__":113},{"__id__":125},{"__id__":126},{"__id__":127},{"__id__":128},{"__id__":129},{"__type__":"cc.Node","_name":"giftNode","_parent":{"__id__":1},"_prefab":{"__type__":"cc.PrefabInfo","root":{"__id__":1},"asset":{"__uuid__":"qzmjmjd1-71ac-4a74-98d2-90eb0d1449cd"},"fileId":"04974DWBIlPSp21Qdo1hhC9"},"_trs":{"__type__":"TypedArray","ctor":"Float64Array","array":[0,0,0,0,0,0,1,1,1,1]}},{"__id__":130},{"__id__":131}],"_components":[{"__type__":"cc.Widget","node":{"__id__":1},"alignMode":0,"_alignFlags":45,"_top":20,"_bottom":-20},{"__type__":"cc.Button","node":{"__id__":1},"clickEvents":[{"__type__":"cc.ClickEvent","target":{"__id__":1},"_componentId":"qzmjmClp1lP7pknhd9DFB0A","handler":"OnClick_BtnWnd"}],"_N$normalColor":{"__type__":"cc.Color","r":214,"g":214,"b":214},"_N$target":{"__id__":1}},{"__type__":"qzmjmja5-a759-4fee-9927-85df43141d00","node":{"__id__":1},"JS_Name":"xymj_BaseComponent","SaiZi1":{"__uuid__":"qzmjmjb6-8f7b-4ba9-8be9-220e35df3088"},"SaiZi2":{"__uuid__":"qzmjmjf6-a4d1-4f8e-a3c9-c03c027bdb0c"},"SaiZi3":{"__uuid__":"qzmjmje4-bcd5-4a9c-b6aa-b155d752b219"},"SaiZi4":{"__uuid__":"qzmjmj7a-299f-47b3-ad48-0a80ee3e068d"},"SaiZi5":{"__uuid__":"qzmjmja5-903a-4d62-95b2-9bce0c6a1151"},"SaiZi6":{"__uuid__":"qzmjmj19-fcb9-4976-b6d3-cb3000edd8a0"},"headPrefab":{"__uuid__":"qzmjmje9-8ef5-46bd-a98e-b258bbbf9cf7"},"card01Prefab":{"__uuid__":"qzmjmj2b-6899-497b-bf9b-b73b33553af0"},"card02Prefab":{"__uuid__":"qzmjmj94-a69f-42e6-b8a2-3ac412720911"},"card03Prefab":{"__uuid__":"qzmjmj6b-600a-486b-9d18-fd036146c714"},"card04Prefab":{"__uuid__":"qzmjmj47-80e0-4f91-a58d-bcba355b820b"},"bg_electricity":[{"__uuid__":"qzmjmj7c-4d3c-4233-899d-495b4818bd85"},{"__uuid__":"qzmjmjda-28e3-4da2-aded-5318c5a20604"},{"__uuid__":"qzmjmj16-011c-4e75-a075-6ec533f0404b"},{"__uuid__":"qzmjmj02-c912-4cef-92e2-cc7917c264dd"},{"__uuid__":"qzmjmj3b-5a66-4dbd-bd65-054e7949ee37"},{"__uuid__":"qzmjmjd5-0f4d-4447-9ac7-0b29556ae9a3"}],"bg_charging":{"__uuid__":"qzmjmj24-5419-49bc-880c-877296f66998"},"giftPrefabs":[{"__uuid__":"qzmjmjf1-9446-4574-9193-312e0dc4c6d5"},{"__uuid__":"qzmjmj97-5b71-492a-914b-e20880d2dbb1"},{"__uuid__":"qzmjmj91-fb87-49ce-a07e-53ff9c80516d"},{"__uuid__":"qzmjmjb7-abac-46d5-8c03-e28e343baf22"},{"__uuid__":"qzmjmj4d-c837-44b6-8178-806095e86ea7"},{"__uuid__":"qzmjmja1-93e2-43a9-a8ef-9d1018c57316"},{"__uuid__":"qzmjmje5-96ec-465c-8606-90feefa2c68f"}]}],"_prefab":{"__type__":"cc.PrefabInfo","root":{"__id__":1},"asset":{"__uuid__":"qzmjmjd1-71ac-4a74-98d2-90eb0d1449cd"},"fileId":"ba861ze/Y5JXp4CfmaoWldm"},"_contentSize":{"__type__":"cc.Size","width":1360,"height":760},"_trs":{"__type__":"TypedArray","ctor":"Float64Array","array":[680,360,0,0,0,0,1,1,1,1]}},{"__type__":"cc.Node","_name":"bg","_parent":{"__id__":1},"_children":[{"__id__":3},{"__id__":4}],"_components":[{"__type__":"cc.Sprite","node":{"__id__":2},"_materials":[{"__uuid__":"ecpdLyjvZBwrvm+cedCcQy"}],"_spriteFrame":{"__uuid__":"qzmjmj8e-11e8-4127-8f3f-f9022b0c0348"},"_sizeMode":0,"_isTrimmedMode":false},{"__type__":"cc.Widget","node":{"__id__":2},"alignMode":0,"_alignFlags":40,"_left":-225,"_right":-165.0000000000001,"_originalWidth":1750}],"_prefab":{"__type__":"cc.PrefabInfo","root":{"__id__":1},"asset":{"__uuid__":"qzmjmjd1-71ac-4a74-98d2-90eb0d1449cd"},"fileId":"2f9aaOMbt9NULYM0bunzoyR"},"_contentSize":{"__type__":"cc.Size","width":1750,"height":800},"_anchorPoint":{"__type__":"cc.Vec2","x":0.7,"y":0.5},"_trs":{"__type__":"TypedArray","ctor":"Float64Array","array":[320,0,0,0,0,0,1,1,1,1]}},{"__type__":"cc.Node","_name":"bg_fjxx","_parent":{"__id__":2},"_components":[{"__type__":"cc.Sprite","node":{"__id__":3},"_materials":[{"__uuid__":"ecpdLyjvZBwrvm+cedCcQy"}],"_spriteFrame":{"__uuid__":"qzmjmj8a-b040-4751-88f7-8c87d7316edc"},"_sizeMode":0},{"__type__":"cc.Widget","node":{"__id__":3},"alignMode":0,"_alignFlags":40,"_left":350,"_right":350,"_originalWidth":875.9999999999999}],"_prefab":{"__type__":"cc.PrefabInfo","root":{"__id__":1},"asset":{"__uuid__":"qzmjmjd1-71ac-4a74-98d2-90eb0d1449cd"},"fileId":"86428Q/q5xG3aQPz1xspoJa"},"_contentSize":{"__type__":"cc.Size","width":875,"height":24},"_trs":{"__type__":"TypedArray","ctor":"Float64Array","array":[-350,385.7,0,0,0,0,1,1.2,1.2,1]}},{"__type__":"cc.Node","_name":"New Sprite","_parent":{"__id__":2},"_components":[{"__type__":"cc.Sprite","node":{"__id__":4},"_materials":[{"__uuid__":"ecpdLyjvZBwrvm+cedCcQy"}],"_spriteFrame":{"__uuid__":"89SskV5bFH/68+UhwWz13D"}}],"_prefab":{"__type__":"cc.PrefabInfo","root":{"__id__":1},"asset":{"__uuid__":"qzmjmjd1-71ac-4a74-98d2-90eb0d1449cd"},"fileId":"aa08d6cxVFGC5M4xX64BLcR"},"_contentSize":{"__type__":"cc.Size","width":278,"height":94},"_trs":{"__type__":"TypedArray","ctor":"Float64Array","array":[-319,-70.1,0,0,0,0,1,1,1,1]}},{"__type__":"cc.Node","_name":"bg_benjin","_parent":{"__id__":1},"_children":[{"__id__":6},{"__id__":7}],"_components":[{"__type__":"cc.Sprite","node":{"__id__":5},"_sizeMode":0}],"_prefab":{"__type__":"cc.PrefabInfo","root":{"__id__":1},"asset":{"__uuid__":"qzmjmjd1-71ac-4a74-98d2-90eb0d1449cd"},"fileId":"9c7b7tVBnpOaIEsylpRkk3U"},"_contentSize":{"__type__":"cc.Size","width":128,"height":128},"_trs":{"__type__":"TypedArray","ctor":"Float64Array","array":[-600,220,0,0,0,0,1,0.5,0.5,1]}},{"__type__":"cc.Node","_name":"card","_parent":{"__id__":5},"_components":[{"__type__":"cc.Sprite","node":{"__id__":6},"_sizeMode":0,"_isTrimmedMode":false}],"_prefab":{"__type__":"cc.PrefabInfo","root":{"__id__":1},"asset":{"__uuid__":"qzmjmjd1-71ac-4a74-98d2-90eb0d1449cd"},"fileId":"4e8cecM3xBN7b4e6D9g/Goj"},"_contentSize":{"__type__":"cc.Size","width":70,"height":90},"_trs":{"__type__":"TypedArray","ctor":"Float64Array","array":[0,12,0,0,0,0,1,1.4,1.4,1]}},{"__type__":"cc.Node","_name":"bg","_parent":{"__id__":5},"_components":[{"__type__":"cc.Sprite","node":{"__id__":7},"_materials":[{"__uuid__":"ecpdLyjvZBwrvm+cedCcQy"}],"_spriteFrame":{"__uuid__":"qzmjmj86-f685-44ce-8123-ebf94ea18f31"},"_sizeMode":0}],"_prefab":{"__type__":"cc.PrefabInfo","root":{"__id__":1},"asset":{"__uuid__":"qzmjmjd1-71ac-4a74-98d2-90eb0d1449cd"},"fileId":"07a556BwzBP6JP5HfUGl9Oi"},"_contentSize":{"__type__":"cc.Size","width":160,"height":160},"_trs":{"__type__":"TypedArray","ctor":"Float64Array","array":[0,0,0,0,0,0,1,1,1,1]}},{"__type__":"cc.Node","_name":"bg_jinpai","_parent":{"__id__":1},"_children":[{"__id__":9},{"__id__":10}],"_components":[{"__type__":"cc.Sprite","node":{"__id__":8}}],"_prefab":{"__type__":"cc.PrefabInfo","root":{"__id__":1},"asset":{"__uuid__":"qzmjmjd1-71ac-4a74-98d2-90eb0d1449cd"},"fileId":"d1714ZrOTtEeYfCpyOlVBJM"},"_contentSize":{"__type__":"cc.Size","width":128,"height":128},"_trs":{"__type__":"TypedArray","ctor":"Float64Array","array":[-600,130,0,0,0,0,1,0.5,0.5,1]}},{"__type__":"cc.Node","_name":"card","_parent":{"__id__":8},"_components":[{"__type__":"cc.Sprite","node":{"__id__":9},"_sizeMode":0,"_isTrimmedMode":false}],"_prefab":{"__type__":"cc.PrefabInfo","root":{"__id__":1},"asset":{"__uuid__":"qzmjmjd1-71ac-4a74-98d2-90eb0d1449cd"},"fileId":"b2809+w+5dLAan8vk0Bmh3y"},"_contentSize":{"__type__":"cc.Size","width":70,"height":90},"_trs":{"__type__":"TypedArray","ctor":"Float64Array","array":[4,18.6,0,0,0,0,1,1.4,1.4,1]}},{"__type__":"cc.Node","_name":"bg","_parent":{"__id__":8},"_components":[{"__type__":"cc.Sprite","node":{"__id__":10},"_materials":[{"__uuid__":"ecpdLyjvZBwrvm+cedCcQy"}],"_spriteFrame":{"__uuid__":"qzmjmjab-a21a-4426-823c-abd806f20893"},"_sizeMode":0}],"_prefab":{"__type__":"cc.PrefabInfo","root":{"__id__":1},"asset":{"__uuid__":"qzmjmjd1-71ac-4a74-98d2-90eb0d1449cd"},"fileId":"58e1eBZUCBFV490oDVM7J8t"},"_contentSize":{"__type__":"cc.Size","width":160,"height":160},"_trs":{"__type__":"TypedArray","ctor":"Float64Array","array":[3,0,0,0,0,0,1,1,1,1]}},{"__type__":"cc.Node","_name":"sp_middle","_parent":{"__id__":1},"_children":[{"__id__":12},{"__id__":15},{"__id__":18},{"__id__":21}],"_components":[{"__type__":"cc.Sprite","node":{"__id__":11},"_materials":[{"__uuid__":"ecpdLyjvZBwrvm+cedCcQy"}],"_spriteFrame":{"__uuid__":"qzmjmj1f-473b-40fd-b76b-115373371b89"},"_sizeMode":0,"_isTrimmedMode":false},{"__type__":"cc.Animation","node":{"__id__":11},"_clips":[{"__uuid__":"qzmjmj67-5903-4637-b62d-14a1e78150e7"},{"__uuid__":"qzmjmjd8-186a-42f9-b882-aa3c9b70cd6c"},{"__uuid__":"qzmjmj61-9641-4aaa-a4eb-a69fba6cb122"},{"__uuid__":"qzmjmj46-bc08-401e-9815-743b0cda0eff"}]},{"__type__":"qzmjmj68-fa08-41bb-b9ba-bc92d203c215","node":{"__id__":11},"EventNode":{"__id__":1}}],"_prefab":{"__type__":"cc.PrefabInfo","root":{"__id__":1},"asset":{"__uuid__":"qzmjmjd1-71ac-4a74-98d2-90eb0d1449cd"},"fileId":"a591agCGDFM4JE3Yqee5WoX"},"_contentSize":{"__type__":"cc.Size","width":138,"height":138},"_trs":{"__type__":"TypedArray","ctor":"Float64Array","array":[0,43,0,0,0,0,1,0.8,0.8,1]}},{"__type__":"cc.Node","_name":"seat01","_parent":{"__id__":11},"_children":[{"__id__":13},{"__id__":14}],"_components":[{"__type__":"cc.Animation","node":{"__id__":12},"_clips":[{"__uuid__":"qzmjmj6c-ab98-4fd5-b680-2d8554733991"}]}],"_prefab":{"__type__":"cc.PrefabInfo","root":{"__id__":1},"asset":{"__uuid__":"qzmjmjd1-71ac-4a74-98d2-90eb0d1449cd"},"fileId":"5bec4fQQUxP3IeeQCbd6ffS"},"_contentSize":{"__type__":"cc.Size","width":138,"height":138},"_trs":{"__type__":"TypedArray","ctor":"Float64Array","array":[0,0,0,0,0,0,1,1,1,1]}},{"__type__":"cc.Node","_name":"sp1","_parent":{"__id__":12},"_components":[{"__type__":"cc.Sprite","node":{"__id__":13},"_sizeMode":0,"_isTrimmedMode":false}],"_prefab":{"__type__":"cc.PrefabInfo","root":{"__id__":1},"asset":{"__uuid__":"qzmjmjd1-71ac-4a74-98d2-90eb0d1449cd"},"fileId":"17f08MQ0NFHu4MuMIO5za7k"},"_opacity":0,"_contentSize":{"__type__":"cc.Size","width":138,"height":138},"_trs":{"__type__":"TypedArray","ctor":"Float64Array","array":[0,0,0,0,0,0,1,1,1,1]}},{"__type__":"cc.Node","_name":"sp2","_parent":{"__id__":12},"_active":false,"_components":[{"__type__":"cc.Sprite","node":{"__id__":14},"_spriteFrame":{"__uuid__":"qzmjmj82-28bb-4aa5-a0c6-a6c6d433913b"},"_sizeMode":0,"_isTrimmedMode":false}],"_prefab":{"__type__":"cc.PrefabInfo","root":{"__id__":1},"asset":{"__uuid__":"qzmjmjd1-71ac-4a74-98d2-90eb0d1449cd"},"fileId":"1f0d9pBAN5C04b24Kx5Jp8h"},"_contentSize":{"__type__":"cc.Size","width":138,"height":138},"_trs":{"__type__":"TypedArray","ctor":"Float64Array","array":[0,0,0,0,0,0,1,1,1,1]}},{"__type__":"cc.Node","_name":"seat02","_parent":{"__id__":11},"_children":[{"__id__":16},{"__id__":17}],"_components":[{"__type__":"cc.Animation","node":{"__id__":15},"_clips":[{"__uuid__":"qzmjmj6c-ab98-4fd5-b680-2d8554733991"}]}],"_prefab":{"__type__":"cc.PrefabInfo","root":{"__id__":1},"asset":{"__uuid__":"qzmjmjd1-71ac-4a74-98d2-90eb0d1449cd"},"fileId":"3c5fcPEhbVE6ZpHTKQgov4j"},"_contentSize":{"__type__":"cc.Size","width":138,"height":139},"_trs":{"__type__":"TypedArray","ctor":"Float64Array","array":[0,0,0,0,0,0,1,1,1,1]}},{"__type__":"cc.Node","_name":"sp1","_parent":{"__id__":15},"_components":[{"__type__":"cc.Sprite","node":{"__id__":16},"_sizeMode":0,"_isTrimmedMode":false}],"_prefab":{"__type__":"cc.PrefabInfo","root":{"__id__":1},"asset":{"__uuid__":"qzmjmjd1-71ac-4a74-98d2-90eb0d1449cd"},"fileId":"c72fejwUZpD4aeNURcsHC6X"},"_opacity":0,"_contentSize":{"__type__":"cc.Size","width":138,"height":139},"_trs":{"__type__":"TypedArray","ctor":"Float64Array","array":[0,0,0,0,0,-0.7071067811865476,-0.7071067811865475,1,1,1]},"_eulerAngles":{"__type__":"cc.Vec3","z":-270}},{"__type__":"cc.Node","_name":"sp2","_parent":{"__id__":15},"_active":false,"_components":[{"__type__":"cc.Sprite","node":{"__id__":17},"_spriteFrame":{"__uuid__":"qzmjmj82-28bb-4aa5-a0c6-a6c6d433913b"},"_sizeMode":0,"_isTrimmedMode":false}],"_prefab":{"__type__":"cc.PrefabInfo","root":{"__id__":1},"asset":{"__uuid__":"qzmjmjd1-71ac-4a74-98d2-90eb0d1449cd"},"fileId":"7ffe8rNlh9P5LRR35QiQFZx"},"_contentSize":{"__type__":"cc.Size","width":138,"height":139},"_trs":{"__type__":"TypedArray","ctor":"Float64Array","array":[0,0,0,0,0,0.7071067811865475,0.7071067811865476,1,1,1]},"_eulerAngles":{"__type__":"cc.Vec3","z":90}},{"__type__":"cc.Node","_name":"seat03","_parent":{"__id__":11},"_children":[{"__id__":19},{"__id__":20}],"_components":[{"__type__":"cc.Animation","node":{"__id__":18},"_clips":[{"__uuid__":"qzmjmj6c-ab98-4fd5-b680-2d8554733991"}]}],"_prefab":{"__type__":"cc.PrefabInfo","root":{"__id__":1},"asset":{"__uuid__":"qzmjmjd1-71ac-4a74-98d2-90eb0d1449cd"},"fileId":"ca7c8BHkEBM1IZTNLm0mERp"},"_contentSize":{"__type__":"cc.Size","width":138,"height":139},"_trs":{"__type__":"TypedArray","ctor":"Float64Array","array":[0,0,0,0,0,0,1,1,1,1]}},{"__type__":"cc.Node","_name":"sp1","_parent":{"__id__":18},"_components":[{"__type__":"cc.Sprite","node":{"__id__":19},"_sizeMode":0,"_isTrimmedMode":false}],"_prefab":{"__type__":"cc.PrefabInfo","root":{"__id__":1},"asset":{"__uuid__":"qzmjmjd1-71ac-4a74-98d2-90eb0d1449cd"},"fileId":"978c8WVG15CfLYAWOdeh7lZ"},"_opacity":0,"_contentSize":{"__type__":"cc.Size","width":138,"height":139},"_trs":{"__type__":"TypedArray","ctor":"Float64Array","array":[0,0,0,0,0,0,1,1,-1,1]}},{"__type__":"cc.Node","_name":"sp2","_parent":{"__id__":18},"_active":false,"_components":[{"__type__":"cc.Sprite","node":{"__id__":20},"_spriteFrame":{"__uuid__":"qzmjmj82-28bb-4aa5-a0c6-a6c6d433913b"},"_sizeMode":0,"_isTrimmedMode":false}],"_prefab":{"__type__":"cc.PrefabInfo","root":{"__id__":1},"asset":{"__uuid__":"qzmjmjd1-71ac-4a74-98d2-90eb0d1449cd"},"fileId":"4a07eADKiJEy7KmtmOwYG6r"},"_contentSize":{"__type__":"cc.Size","width":138,"height":139},"_trs":{"__type__":"TypedArray","ctor":"Float64Array","array":[0,0,0,0,0,-1,6.123233995736766e-17,1,1,1]},"_eulerAngles":{"__type__":"cc.Vec3","z":-180}},{"__type__":"cc.Node","_name":"seat04","_parent":{"__id__":11},"_children":[{"__id__":22},{"__id__":23}],"_components":[{"__type__":"cc.Animation","node":{"__id__":21},"_clips":[{"__uuid__":"qzmjmj6c-ab98-4fd5-b680-2d8554733991"}]}],"_prefab":{"__type__":"cc.PrefabInfo","root":{"__id__":1},"asset":{"__uuid__":"qzmjmjd1-71ac-4a74-98d2-90eb0d1449cd"},"fileId":"f29aefGwvBFN7bkw18l556V"},"_contentSize":{"__type__":"cc.Size","width":138,"height":139},"_trs":{"__type__":"TypedArray","ctor":"Float64Array","array":[0,0,0,0,0,0,1,1,1,1]}},{"__type__":"cc.Node","_name":"sp1","_parent":{"__id__":21},"_components":[{"__type__":"cc.Sprite","node":{"__id__":22},"_sizeMode":0,"_isTrimmedMode":false}],"_prefab":{"__type__":"cc.PrefabInfo","root":{"__id__":1},"asset":{"__uuid__":"qzmjmjd1-71ac-4a74-98d2-90eb0d1449cd"},"fileId":"4cb18YPMh5Ey4bAKw/DWMup"},"_opacity":0,"_contentSize":{"__type__":"cc.Size","width":138,"height":139},"_trs":{"__type__":"TypedArray","ctor":"Float64Array","array":[0,0,0,0,0,-0.7071067811865475,0.7071067811865476,1,1,1]},"_eulerAngles":{"__type__":"cc.Vec3","z":-90}},{"__type__":"cc.Node","_name":"sp2","_parent":{"__id__":21},"_active":false,"_components":[{"__type__":"cc.Sprite","node":{"__id__":23},"_spriteFrame":{"__uuid__":"qzmjmj82-28bb-4aa5-a0c6-a6c6d433913b"},"_sizeMode":0,"_isTrimmedMode":false}],"_prefab":{"__type__":"cc.PrefabInfo","root":{"__id__":1},"asset":{"__uuid__":"qzmjmjd1-71ac-4a74-98d2-90eb0d1449cd"},"fileId":"e725fpzDC1DDa5UOftBzsOK"},"_contentSize":{"__type__":"cc.Size","width":138,"height":139},"_trs":{"__type__":"TypedArray","ctor":"Float64Array","array":[0,0,0,0,0,-0.7071067811865475,0.7071067811865476,1,1,1]},"_eulerAngles":{"__type__":"cc.Vec3","z":-90}},{"__type__":"cc.Node","_name":"sp_leftnum","_parent":{"__id__":1},"_children":[{"__id__":25},{"__id__":26}],"_prefab":{"__type__":"cc.PrefabInfo","root":{"__id__":1},"asset":{"__uuid__":"qzmjmjd1-71ac-4a74-98d2-90eb0d1449cd"},"fileId":"7264fqN0WVI2rrnYmo5S8ux"},"_contentSize":{"__type__":"cc.Size","width":84,"height":43},"_trs":{"__type__":"TypedArray","ctor":"Float64Array","array":[139.2,43,0,0,0,0,1,1,1,1]}},{"__type__":"cc.Node","_name":"lbnum","_parent":{"__id__":24},"_components":[{"__type__":"cc.Label","node":{"__id__":25},"_materials":[{"__uuid__":"ecpdLyjvZBwrvm+cedCcQy"}],"_useOriginalSize":false,"_string":"55","_N$string":"55","_fontSize":25,"_lineHeight":25,"_N$file":{"__uuid__":"qzmjmj1e-650d-4484-9e24-10ffc791e225"},"_isSystemFontUsed":false,"_N$horizontalAlign":1,"_N$verticalAlign":1}],"_prefab":{"__type__":"cc.PrefabInfo","root":{"__id__":1},"asset":{"__uuid__":"qzmjmjd1-71ac-4a74-98d2-90eb0d1449cd"},"fileId":"c7b70qiQdpDVKT9AYM3IqDX"},"_contentSize":{"__type__":"cc.Size","width":28.52,"height":31.5},"_trs":{"__type__":"TypedArray","ctor":"Float64Array","array":[13.7,0,0,0,0,0,1,1,1,1]}},{"__type__":"cc.Node","_name":"New Label","_parent":{"__id__":24},"_components":[{"__type__":"cc.Label","node":{"__id__":26},"_materials":[{"__uuid__":"ecpdLyjvZBwrvm+cedCcQy"}],"_useOriginalSize":false,"_string":"剩余:","_N$string":"剩余:","_fontSize":25,"_lineHeight":25,"_N$file":{"__uuid__":"qzmjmj1e-650d-4484-9e24-10ffc791e225"},"_isSystemFontUsed":false,"_N$horizontalAlign":1,"_N$verticalAlign":1}],"_prefab":{"__type__":"cc.PrefabInfo","root":{"__id__":1},"asset":{"__uuid__":"qzmjmjd1-71ac-4a74-98d2-90eb0d1449cd"},"fileId":"3b8fbXtteVH4Kjfh5VZbl4x"},"_contentSize":{"__type__":"cc.Size","width":56.64,"height":31.5},"_trs":{"__type__":"TypedArray","ctor":"Float64Array","array":[-36,0,0,0,0,0,1,1,1,1]}},{"__type__":"cc.Node","_name":"nd_dice","_parent":{"__id__":1},"_children":[{"__id__":28},{"__id__":29}],"_components":[{"__type__":"cc.Animation","node":{"__id__":27},"_clips":[{"__uuid__":"qzmjmjbf-994a-4419-92ea-b1a8cd23c64c"},{"__uuid__":"qzmjmj1f-a1ef-45d5-9e14-2e9cff368d18"}]}],"_prefab":{"__type__":"cc.PrefabInfo","root":{"__id__":1},"asset":{"__uuid__":"qzmjmjd1-71ac-4a74-98d2-90eb0d1449cd"},"fileId":"4f2873FV21CL7al5oXJchEz"},"_trs":{"__type__":"TypedArray","ctor":"Float64Array","array":[0,41,0,0,0,-3.6739403974420594e-16,-1,0.9,0.9,1]},"_eulerAngles":{"__type__":"cc.Vec3","z":-1080}},{"__type__":"cc.Node","_name":"touzi01","_parent":{"__id__":27},"_components":[{"__type__":"cc.Sprite","node":{"__id__":28},"_materials":[{"__uuid__":"ecpdLyjvZBwrvm+cedCcQy"}],"_spriteFrame":{"__uuid__":"qzmjmjb6-8f7b-4ba9-8be9-220e35df3088"},"_sizeMode":0}],"_prefab":{"__type__":"cc.PrefabInfo","root":{"__id__":1},"asset":{"__uuid__":"qzmjmjd1-71ac-4a74-98d2-90eb0d1449cd"},"fileId":"eec132EJoBL65p6zQpSB799"},"_contentSize":{"__type__":"cc.Size","width":29,"height":31},"_trs":{"__type__":"TypedArray","ctor":"Float64Array","array":[-18.3,0,0,0,0,0,1,0.9,0.9,1]}},{"__type__":"cc.Node","_name":"touzi02","_parent":{"__id__":27},"_components":[{"__type__":"cc.Sprite","node":{"__id__":29},"_materials":[{"__uuid__":"ecpdLyjvZBwrvm+cedCcQy"}],"_spriteFrame":{"__uuid__":"qzmjmjb6-8f7b-4ba9-8be9-220e35df3088"},"_sizeMode":0}],"_prefab":{"__type__":"cc.PrefabInfo","root":{"__id__":1},"asset":{"__uuid__":"qzmjmjd1-71ac-4a74-98d2-90eb0d1449cd"},"fileId":"5237fxS+/9FhKLoGP4Viu14"},"_contentSize":{"__type__":"cc.Size","width":29,"height":31},"_trs":{"__type__":"TypedArray","ctor":"Float64Array","array":[20.5,0,0,0,0,0,1,0.9,0.9,1]}},{"__type__":"cc.Node","_name":"sp_seat04","_parent":{"__id__":1},"_children":[{"__id__":31},{"__id__":36}],"_prefab":{"__type__":"cc.PrefabInfo","root":{"__id__":1},"asset":{"__uuid__":"qzmjmjd1-71ac-4a74-98d2-90eb0d1449cd"},"fileId":"1c267dSQlBOfaMYTe5v8TT4"},"_trs":{"__type__":"TypedArray","ctor":"Float64Array","array":[-319,24,0,0,0,0,1,1,1,1]}},{"__type__":"cc.Node","_name":"nd_out","_parent":{"__id__":30},"_children":[{"__id__":32},{"__id__":33},{"__id__":34},{"__id__":35}],"_components":[{"__type__":"cc.Layout","node":{"__id__":31},"_layoutSize":{"__type__":"cc.Size","width":200,"height":200},"_resize":1,"_N$layoutType":1},{"__type__":"qzmjmja2-618c-40d2-aa76-44a378cb5013","node":{"__id__":31},"JS_Name":"xymj_BaseComponent"}],"_prefab":{"__type__":"cc.PrefabInfo","root":{"__id__":1},"asset":{"__uuid__":"qzmjmjd1-71ac-4a74-98d2-90eb0d1449cd"},"fileId":"f0b0b3mWtRMjIgzabRtrN6g"},"_contentSize":{"__type__":"cc.Size","width":200,"height":200},"_trs":{"__type__":"TypedArray","ctor":"Float64Array","array":[-8,43,0,0,0,0,1,1.1,1.1,1]}},{"__type__":"cc.Node","_name":"out4","_parent":{"__id__":31},"_components":[{"__type__":"cc.Layout","node":{"__id__":32},"_layoutSize":{"__type__":"cc.Size","width":50,"height":282},"_resize":1,"_N$layoutType":2,"_N$spacingY":-12}],"_prefab":{"__type__":"cc.PrefabInfo","root":{"__id__":1},"asset":{"__uuid__":"qzmjmjd1-71ac-4a74-98d2-90eb0d1449cd"},"fileId":"60d55WyANlC274q7dDXCVew"},"_contentSize":{"__type__":"cc.Size","width":50,"height":282},"_trs":{"__type__":"TypedArray","ctor":"Float64Array","array":[-75,0,0,0,0,0,1,1,1,1]}},{"__type__":"cc.Node","_name":"out3","_parent":{"__id__":31},"_components":[{"__type__":"cc.Layout","node":{"__id__":33},"_layoutSize":{"__type__":"cc.Size","width":50,"height":282},"_resize":1,"_N$layoutType":2,"_N$spacingY":-12}],"_prefab":{"__type__":"cc.PrefabInfo","root":{"__id__":1},"asset":{"__uuid__":"qzmjmjd1-71ac-4a74-98d2-90eb0d1449cd"},"fileId":"84ccdgmH+pFC4WH3B3UKRYz"},"_contentSize":{"__type__":"cc.Size","width":50,"height":282},"_trs":{"__type__":"TypedArray","ctor":"Float64Array","array":[-25,0,0,0,0,0,1,1,1,1]}},{"__type__":"cc.Node","_name":"out2","_parent":{"__id__":31},"_components":[{"__type__":"cc.Layout","node":{"__id__":34},"_layoutSize":{"__type__":"cc.Size","width":50,"height":282},"_resize":1,"_N$layoutType":2,"_N$spacingY":-12}],"_prefab":{"__type__":"cc.PrefabInfo","root":{"__id__":1},"asset":{"__uuid__":"qzmjmjd1-71ac-4a74-98d2-90eb0d1449cd"},"fileId":"f2e5fBkcM1FfoLvM08Tope+"},"_contentSize":{"__type__":"cc.Size","width":50,"height":282},"_trs":{"__type__":"TypedArray","ctor":"Float64Array","array":[25,0,0,0,0,0,1,1,1,1]}},{"__type__":"cc.Node","_name":"out1","_parent":{"__id__":31},"_components":[{"__type__":"cc.Layout","node":{"__id__":35},"_layoutSize":{"__type__":"cc.Size","width":50,"height":282},"_resize":1,"_N$layoutType":2,"_N$spacingY":-12}],"_prefab":{"__type__":"cc.PrefabInfo","root":{"__id__":1},"asset":{"__uuid__":"qzmjmjd1-71ac-4a74-98d2-90eb0d1449cd"},"fileId":"7dd58hjNSlPt6NbOGb/yLtZ"},"_contentSize":{"__type__":"cc.Size","width":50,"height":282},"_trs":{"__type__":"TypedArray","ctor":"Float64Array","array":[75,0,0,0,0,0,1,1,1,1]}},{"__type__":"cc.Node","_name":"hua","_parent":{"__id__":30},"_components":[{"__type__":"cc.Layout","node":{"__id__":36},"_layoutSize":{"__type__":"cc.Size","width":67,"height":173},"_resize":1,"_N$layoutType":2,"_N$spacingY":-13},{"__type__":"qzmjmja2-618c-40d2-aa76-44a378cb5013","node":{"__id__":36},"JS_Name":"xymj_BaseComponent"}],"_prefab":{"__type__":"cc.PrefabInfo","root":{"__id__":1},"asset":{"__uuid__":"qzmjmjd1-71ac-4a74-98d2-90eb0d1449cd"},"fileId":"13d16j4VP9O5ru03rTJcM3C"},"_contentSize":{"__type__":"cc.Size","width":67,"height":173},"_anchorPoint":{"__type__":"cc.Vec2","x":0.5,"y":1},"_trs":{"__type__":"TypedArray","ctor":"Float64Array","array":[-110,229,0,0,0,-0.006108614390678361,0.9999813422410571,1,1,1]},"_eulerAngles":{"__type__":"cc.Vec3","z":-0.7}},{"__type__":"cc.Node","_name":"sp_seat03","_parent":{"__id__":1},"_children":[{"__id__":38},{"__id__":43}],"_prefab":{"__type__":"cc.PrefabInfo","root":{"__id__":1},"asset":{"__uuid__":"qzmjmjd1-71ac-4a74-98d2-90eb0d1449cd"},"fileId":"72eba8QK5NOU5klKNK1Z1xy"},"_trs":{"__type__":"TypedArray","ctor":"Float64Array","array":[0,261,0,0,0,0,1,1,1,1]}},{"__type__":"cc.Node","_name":"nd_out","_parent":{"__id__":37},"_children":[{"__id__":39},{"__id__":40},{"__id__":41},{"__id__":42}],"_components":[{"__type__":"cc.Layout","node":{"__id__":38},"_layoutSize":{"__type__":"cc.Size","width":300,"height":206},"_resize":1,"_N$layoutType":2,"_N$spacingY":-10},{"__type__":"qzmjmja2-618c-40d2-aa76-44a378cb5013","node":{"__id__":38},"JS_Name":"xymj_BaseComponent"}],"_prefab":{"__type__":"cc.PrefabInfo","root":{"__id__":1},"asset":{"__uuid__":"qzmjmjd1-71ac-4a74-98d2-90eb0d1449cd"},"fileId":"b4a7930ac9LvqaTh1NLzXy6"},"_contentSize":{"__type__":"cc.Size","width":300,"height":206},"_anchorPoint":{"__type__":"cc.Vec2","x":0.5},"_trs":{"__type__":"TypedArray","ctor":"Float64Array","array":[0,-164,0,0,0,0,1,1,1,1]}},{"__type__":"cc.Node","_name":"out4","_parent":{"__id__":38},"_components":[{"__type__":"cc.Layout","node":{"__id__":39},"_layoutSize":{"__type__":"cc.Size","width":431,"height":59},"_resize":1,"_N$layoutType":1,"_N$spacingY":-15}],"_prefab":{"__type__":"cc.PrefabInfo","root":{"__id__":1},"asset":{"__uuid__":"qzmjmjd1-71ac-4a74-98d2-90eb0d1449cd"},"fileId":"239256lpc9G/aUbHTheJDd/"},"_contentSize":{"__type__":"cc.Size","width":431,"height":59},"_trs":{"__type__":"TypedArray","ctor":"Float64Array","array":[0,176.5,0,0,0,0,1,1,1,1]}},{"__type__":"cc.Node","_name":"out3","_parent":{"__id__":38},"_components":[{"__type__":"cc.Layout","node":{"__id__":40},"_layoutSize":{"__type__":"cc.Size","width":431,"height":59},"_resize":1,"_N$layoutType":1,"_N$spacingY":-15}],"_prefab":{"__type__":"cc.PrefabInfo","root":{"__id__":1},"asset":{"__uuid__":"qzmjmjd1-71ac-4a74-98d2-90eb0d1449cd"},"fileId":"63dc5Wr2c1PA55WiPk0l0oG"},"_contentSize":{"__type__":"cc.Size","width":431,"height":59},"_trs":{"__type__":"TypedArray","ctor":"Float64Array","array":[0,127.5,0,0,0,0,1,1,1,1]}},{"__type__":"cc.Node","_name":"out2","_parent":{"__id__":38},"_components":[{"__type__":"cc.Layout","node":{"__id__":41},"_layoutSize":{"__type__":"cc.Size","width":431,"height":59},"_resize":1,"_N$layoutType":1,"_N$spacingY":-15}],"_prefab":{"__type__":"cc.PrefabInfo","root":{"__id__":1},"asset":{"__uuid__":"qzmjmjd1-71ac-4a74-98d2-90eb0d1449cd"},"fileId":"38ddcAJs49C0JIAXfBY+NPS"},"_contentSize":{"__type__":"cc.Size","width":431,"height":59},"_trs":{"__type__":"TypedArray","ctor":"Float64Array","array":[0,78.5,0,0,0,0,1,1,1,1]}},{"__type__":"cc.Node","_name":"out1","_parent":{"__id__":38},"_components":[{"__type__":"cc.Layout","node":{"__id__":42},"_layoutSize":{"__type__":"cc.Size","width":431,"height":59},"_resize":1,"_N$layoutType":1,"_N$spacingY":-15}],"_prefab":{"__type__":"cc.PrefabInfo","root":{"__id__":1},"asset":{"__uuid__":"qzmjmjd1-71ac-4a74-98d2-90eb0d1449cd"},"fileId":"ca5aaGC1LFD/7LXMW+EeI1W"},"_contentSize":{"__type__":"cc.Size","width":431,"height":59},"_trs":{"__type__":"TypedArray","ctor":"Float64Array","array":[0,29.5,0,0,0,0,1,1,1,1]}},{"__type__":"cc.Node","_name":"hua","_parent":{"__id__":37},"_components":[{"__type__":"cc.Layout","node":{"__id__":43},"_layoutSize":{"__type__":"cc.Size","width":303,"height":76},"_resize":1,"_N$layoutType":1,"_N$spacingX":1,"_N$spacingY":-15,"_N$horizontalDirection":1},{"__type__":"qzmjmja2-618c-40d2-aa76-44a378cb5013","node":{"__id__":43},"JS_Name":"xymj_BaseComponent"}],"_prefab":{"__type__":"cc.PrefabInfo","root":{"__id__":1},"asset":{"__uuid__":"qzmjmjd1-71ac-4a74-98d2-90eb0d1449cd"},"fileId":"ccd84O9vmFFyIQ1ySFk0dNU"},"_contentSize":{"__type__":"cc.Size","width":303,"height":76},"_anchorPoint":{"__type__":"cc.Vec2","x":1,"y":0.5},"_trs":{"__type__":"TypedArray","ctor":"Float64Array","array":[305,-8,0,0,0,0,1,1,1,1]}},{"__type__":"cc.Node","_name":"sp_seat02","_parent":{"__id__":1},"_children":[{"__id__":45},{"__id__":50}],"_prefab":{"__type__":"cc.PrefabInfo","root":{"__id__":1},"asset":{"__uuid__":"qzmjmjd1-71ac-4a74-98d2-90eb0d1449cd"},"fileId":"0b582hjshVBxIkRfKnlLZI5"},"_trs":{"__type__":"TypedArray","ctor":"Float64Array","array":[320,57,0,0,0,0,1,1,1,1]}},{"__type__":"cc.Node","_name":"nd_out","_parent":{"__id__":44},"_children":[{"__id__":46},{"__id__":47},{"__id__":48},{"__id__":49}],"_components":[{"__type__":"cc.Layout","node":{"__id__":45},"_layoutSize":{"__type__":"cc.Size","width":200,"height":200},"_resize":1,"_N$layoutType":1},{"__type__":"qzmjmja2-618c-40d2-aa76-44a378cb5013","node":{"__id__":45},"JS_Name":"xymj_BaseComponent"}],"_prefab":{"__type__":"cc.PrefabInfo","root":{"__id__":1},"asset":{"__uuid__":"qzmjmjd1-71ac-4a74-98d2-90eb0d1449cd"},"fileId":"d3a104APAJGJ5My0+bSlFmg"},"_contentSize":{"__type__":"cc.Size","width":200,"height":200},"_trs":{"__type__":"TypedArray","ctor":"Float64Array","array":[9,-21,0,0,0,0,1,1.1,1.1,1]}},{"__type__":"cc.Node","_name":"out1","_parent":{"__id__":45},"_components":[{"__type__":"cc.Layout","node":{"__id__":46},"_layoutSize":{"__type__":"cc.Size","width":50,"height":282},"_resize":1,"_N$layoutType":2,"_N$spacingY":-12}],"_prefab":{"__type__":"cc.PrefabInfo","root":{"__id__":1},"asset":{"__uuid__":"qzmjmjd1-71ac-4a74-98d2-90eb0d1449cd"},"fileId":"4b006KjYKJAfobal4KeqQBl"},"_contentSize":{"__type__":"cc.Size","width":50,"height":282},"_trs":{"__type__":"TypedArray","ctor":"Float64Array","array":[-75,0,0,0,0,0,1,1,1,1]}},{"__type__":"cc.Node","_name":"out2","_parent":{"__id__":45},"_components":[{"__type__":"cc.Layout","node":{"__id__":47},"_layoutSize":{"__type__":"cc.Size","width":50,"height":282},"_resize":1,"_N$layoutType":2,"_N$spacingY":-12}],"_prefab":{"__type__":"cc.PrefabInfo","root":{"__id__":1},"asset":{"__uuid__":"qzmjmjd1-71ac-4a74-98d2-90eb0d1449cd"},"fileId":"907adpgSKVPcZSN1g5I+fhH"},"_contentSize":{"__type__":"cc.Size","width":50,"height":282},"_trs":{"__type__":"TypedArray","ctor":"Float64Array","array":[-25,0,0,0,0,0,1,1,1,1]}},{"__type__":"cc.Node","_name":"out3","_parent":{"__id__":45},"_components":[{"__type__":"cc.Layout","node":{"__id__":48},"_layoutSize":{"__type__":"cc.Size","width":50,"height":282},"_resize":1,"_N$layoutType":2,"_N$spacingY":-12}],"_prefab":{"__type__":"cc.PrefabInfo","root":{"__id__":1},"asset":{"__uuid__":"qzmjmjd1-71ac-4a74-98d2-90eb0d1449cd"},"fileId":"bd24bNYRlNPUqexJQ3l0XIN"},"_contentSize":{"__type__":"cc.Size","width":50,"height":282},"_trs":{"__type__":"TypedArray","ctor":"Float64Array","array":[25,0,0,0,0,0,1,1,1,1]}},{"__type__":"cc.Node","_name":"out4","_parent":{"__id__":45},"_components":[{"__type__":"cc.Layout","node":{"__id__":49},"_layoutSize":{"__type__":"cc.Size","width":50,"height":282},"_resize":1,"_N$layoutType":2,"_N$spacingY":-12}],"_prefab":{"__type__":"cc.PrefabInfo","root":{"__id__":1},"asset":{"__uuid__":"qzmjmjd1-71ac-4a74-98d2-90eb0d1449cd"},"fileId":"23fceGIMzNK7Lvx29q+RnxU"},"_contentSize":{"__type__":"cc.Size","width":50,"height":282},"_trs":{"__type__":"TypedArray","ctor":"Float64Array","array":[75,0,0,0,0,0,1,1,1,1]}},{"__type__":"cc.Node","_name":"hua","_parent":{"__id__":44},"_components":[{"__type__":"cc.Layout","node":{"__id__":50},"_layoutSize":{"__type__":"cc.Size","width":70,"height":111},"_resize":1,"_N$layoutType":2,"_N$spacingY":-12},{"__type__":"qzmjmja2-618c-40d2-aa76-44a378cb5013","node":{"__id__":50},"JS_Name":"xymj_BaseComponent"}],"_prefab":{"__type__":"cc.PrefabInfo","root":{"__id__":1},"asset":{"__uuid__":"qzmjmjd1-71ac-4a74-98d2-90eb0d1449cd"},"fileId":"587b5VB/XpPyJLhi/tybTAR"},"_contentSize":{"__type__":"cc.Size","width":70,"height":111},"_anchorPoint":{"__type__":"cc.Vec2","x":0.5,"y":1},"_trs":{"__type__":"TypedArray","ctor":"Float64Array","array":[140,196,0,0,0,-0.006108614390678361,0.9999813422410571,1,1,1]},"_eulerAngles":{"__type__":"cc.Vec3","z":-0.7}},{"__type__":"cc.Node","_name":"sp_seat01","_parent":{"__id__":1},"_children":[{"__id__":52},{"__id__":57}],"_prefab":{"__type__":"cc.PrefabInfo","root":{"__id__":1},"asset":{"__uuid__":"qzmjmjd1-71ac-4a74-98d2-90eb0d1449cd"},"fileId":"a74e375cmRL/I2eOWEi4PB+"},"_trs":{"__type__":"TypedArray","ctor":"Float64Array","array":[-2,-263,0,0,0,0,1,1,1,1]}},{"__type__":"cc.Node","_name":"nd_out","_parent":{"__id__":51},"_children":[{"__id__":53},{"__id__":54},{"__id__":55},{"__id__":56}],"_components":[{"__type__":"cc.Layout","node":{"__id__":52},"_layoutSize":{"__type__":"cc.Size","width":300,"height":206},"_resize":1,"_N$layoutType":2,"_N$spacingY":-10},{"__type__":"qzmjmja2-618c-40d2-aa76-44a378cb5013","node":{"__id__":52},"JS_Name":"xymj_BaseComponent"}],"_prefab":{"__type__":"cc.PrefabInfo","root":{"__id__":1},"asset":{"__uuid__":"qzmjmjd1-71ac-4a74-98d2-90eb0d1449cd"},"fileId":"65c1eHaLJJFp7NyQuQvT40L"},"_contentSize":{"__type__":"cc.Size","width":300,"height":206},"_trs":{"__type__":"TypedArray","ctor":"Float64Array","array":[5,137,0,0,0,0,1,1.1,1.1,1]}},{"__type__":"cc.Node","_name":"out1","_parent":{"__id__":52},"_components":[{"__type__":"cc.Layout","node":{"__id__":53},"_layoutSize":{"__type__":"cc.Size","width":390,"height":59},"_resize":1,"_N$layoutType":1,"_N$spacingY":-15}],"_prefab":{"__type__":"cc.PrefabInfo","root":{"__id__":1},"asset":{"__uuid__":"qzmjmjd1-71ac-4a74-98d2-90eb0d1449cd"},"fileId":"8bdabYxVJxK663+RLauvBeC"},"_contentSize":{"__type__":"cc.Size","width":390,"height":59},"_trs":{"__type__":"TypedArray","ctor":"Float64Array","array":[0,73.5,0,0,0,0,1,1,1,1]}},{"__type__":"cc.Node","_name":"out2","_parent":{"__id__":52},"_components":[{"__type__":"cc.Layout","node":{"__id__":54},"_layoutSize":{"__type__":"cc.Size","width":351,"height":59},"_resize":1,"_N$layoutType":1,"_N$spacingY":-15}],"_prefab":{"__type__":"cc.PrefabInfo","root":{"__id__":1},"asset":{"__uuid__":"qzmjmjd1-71ac-4a74-98d2-90eb0d1449cd"},"fileId":"67740TcVu9Dqq7gPB0Vbn3E"},"_contentSize":{"__type__":"cc.Size","width":351,"height":59},"_trs":{"__type__":"TypedArray","ctor":"Float64Array","array":[0,24.5,0,0,0,0,1,1,1,1]}},{"__type__":"cc.Node","_name":"out3","_parent":{"__id__":52},"_components":[{"__type__":"cc.Layout","node":{"__id__":55},"_layoutSize":{"__type__":"cc.Size","width":351,"height":59},"_resize":1,"_N$layoutType":1,"_N$spacingY":-15}],"_prefab":{"__type__":"cc.PrefabInfo","root":{"__id__":1},"asset":{"__uuid__":"qzmjmjd1-71ac-4a74-98d2-90eb0d1449cd"},"fileId":"c36c1zN/YpGiZB5P39HRTdO"},"_contentSize":{"__type__":"cc.Size","width":351,"height":59},"_trs":{"__type__":"TypedArray","ctor":"Float64Array","array":[0,-24.5,0,0,0,0,1,1,1,1]}},{"__type__":"cc.Node","_name":"out4","_parent":{"__id__":52},"_components":[{"__type__":"cc.Layout","node":{"__id__":56},"_layoutSize":{"__type__":"cc.Size","width":429,"height":59},"_resize":1,"_N$layoutType":1,"_N$spacingY":-15}],"_prefab":{"__type__":"cc.PrefabInfo","root":{"__id__":1},"asset":{"__uuid__":"qzmjmjd1-71ac-4a74-98d2-90eb0d1449cd"},"fileId":"f6482iupS1K8a76oUvU/rJ3"},"_contentSize":{"__type__":"cc.Size","width":429,"height":59},"_trs":{"__type__":"TypedArray","ctor":"Float64Array","array":[0,-73.5,0,0,0,0,1,1,1,1]}},{"__type__":"cc.Node","_name":"hua","_parent":{"__id__":51},"_components":[{"__type__":"cc.Layout","node":{"__id__":57},"_layoutSize":{"__type__":"cc.Size","width":188,"height":76},"_resize":1,"_N$layoutType":1,"_N$spacingY":-15},{"__type__":"qzmjmja2-618c-40d2-aa76-44a378cb5013","node":{"__id__":57},"JS_Name":"xymj_BaseComponent"}],"_prefab":{"__type__":"cc.PrefabInfo","root":{"__id__":1},"asset":{"__uuid__":"qzmjmjd1-71ac-4a74-98d2-90eb0d1449cd"},"fileId":"9008brwAjZMyZbprpSKwYqQ"},"_contentSize":{"__type__":"cc.Size","width":188,"height":76},"_anchorPoint":{"__type__":"cc.Vec2","x":1,"y":0.5},"_trs":{"__type__":"TypedArray","ctor":"Float64Array","array":[414,70,0,0,0,0,1,1,1,1]}},{"__type__":"cc.Node","_name":"cardNodes","_parent":{"__id__":1},"_children":[{"__id__":59},{"__id__":60},{"__id__":61},{"__id__":62}],"_prefab":{"__type__":"cc.PrefabInfo","root":{"__id__":1},"asset":{"__uuid__":"qzmjmjd1-71ac-4a74-98d2-90eb0d1449cd"},"fileId":"ae3007gzlVArI0Yv4nVbXhU"},"_trs":{"__type__":"TypedArray","ctor":"Float64Array","array":[0,0,0,0,0,0,1,1,1,1]}},{"__type__":"cc.Node","_name":"card04","_parent":{"__id__":58},"_components":[{"__type__":"cc.Widget","node":{"__id__":59},"alignMode":0,"_alignFlags":8,"_left":-525}],"_prefab":{"__type__":"cc.PrefabInfo","root":{"__id__":1},"asset":{"__uuid__":"qzmjmjd1-71ac-4a74-98d2-90eb0d1449cd"},"fileId":"9187bKxHPJKMoiq2QiDhPnD"},"_trs":{"__type__":"TypedArray","ctor":"Float64Array","array":[-525,0,0,0,0,0,1,1,1,1]}},{"__type__":"cc.Node","_name":"card03","_parent":{"__id__":58},"_components":[{"__type__":"cc.Widget","node":{"__id__":60},"alignMode":0,"_alignFlags":1,"_top":-350}],"_prefab":{"__type__":"cc.PrefabInfo","root":{"__id__":1},"asset":{"__uuid__":"qzmjmjd1-71ac-4a74-98d2-90eb0d1449cd"},"fileId":"32b9e485slMwLkvxDgtagpj"},"_trs":{"__type__":"TypedArray","ctor":"Float64Array","array":[0,350,0,0,0,0,1,1,1,1]}},{"__type__":"cc.Node","_name":"card02","_parent":{"__id__":58},"_components":[{"__type__":"cc.Widget","node":{"__id__":61},"alignMode":0,"_alignFlags":32,"_right":-480}],"_prefab":{"__type__":"cc.PrefabInfo","root":{"__id__":1},"asset":{"__uuid__":"qzmjmjd1-71ac-4a74-98d2-90eb0d1449cd"},"fileId":"6dec88uwl5La4MecDSVpo7/"},"_trs":{"__type__":"TypedArray","ctor":"Float64Array","array":[480,30,0,0,0,0,1,1,1,1]}},{"__type__":"cc.Node","_name":"card01","_parent":{"__id__":58},"_components":[{"__type__":"cc.Widget","node":{"__id__":62},"alignMode":0,"_alignFlags":4,"_bottom":-320}],"_prefab":{"__type__":"cc.PrefabInfo","root":{"__id__":1},"asset":{"__uuid__":"qzmjmjd1-71ac-4a74-98d2-90eb0d1449cd"},"fileId":"66d180WotxJt6bopHaFWxZ4"},"_trs":{"__type__":"TypedArray","ctor":"Float64Array","array":[0,-320,0,0,0,0,1,1,1,1]}},{"__type__":"cc.Node","_name":"headNodes","_parent":{"__id__":1},"_children":[{"__id__":64},{"__type__":"cc.Node","_name":"headNode","_parent":{"__id__":63},"_prefab":{"__type__":"cc.PrefabInfo","root":{"__id__":1},"asset":{"__uuid__":"qzmjmjd1-71ac-4a74-98d2-90eb0d1449cd"},"fileId":"b1c74rtccdNqoS6/dH75yVL"},"_trs":{"__type__":"TypedArray","ctor":"Float64Array","array":[0,0,0,0,0,0,1,1,1,1]}}],"_prefab":{"__type__":"cc.PrefabInfo","root":{"__id__":1},"asset":{"__uuid__":"qzmjmjd1-71ac-4a74-98d2-90eb0d1449cd"},"fileId":"652046hOQpJdpJlqjZgrcrC"},"_trs":{"__type__":"TypedArray","ctor":"Float64Array","array":[0,0,0,0,0,0,1,1,1,1]}},{"__type__":"cc.Node","_name":"headPos","_parent":{"__id__":63},"_children":[{"__id__":65},{"__id__":66},{"__id__":67},{"__id__":68}],"_prefab":{"__type__":"cc.PrefabInfo","root":{"__id__":1},"asset":{"__uuid__":"qzmjmjd1-71ac-4a74-98d2-90eb0d1449cd"},"fileId":"b0d98sEPqREy5IO6CpR2PZl"},"_contentSize":{"__type__":"cc.Size","width":1360,"height":760},"_trs":{"__type__":"TypedArray","ctor":"Float64Array","array":[0,0,0,0,0,0,1,1,1,1]}},{"__type__":"cc.Node","_name":"pos1","_parent":{"__id__":64},"_components":[{"__type__":"cc.Widget","node":{"__id__":65},"alignMode":0,"_alignFlags":12,"_left":80,"_bottom":230}],"_prefab":{"__type__":"cc.PrefabInfo","root":{"__id__":1},"asset":{"__uuid__":"qzmjmjd1-71ac-4a74-98d2-90eb0d1449cd"},"fileId":"a2fd2qz6SJK3a4/gpE+stpc"},"_trs":{"__type__":"TypedArray","ctor":"Float64Array","array":[-600,-150,0,0,0,0,1,1,1,1]}},{"__type__":"cc.Node","_name":"pos2","_parent":{"__id__":64},"_components":[{"__type__":"cc.Widget","node":{"__id__":66},"alignMode":0,"_alignFlags":32,"_right":74}],"_prefab":{"__type__":"cc.PrefabInfo","root":{"__id__":1},"asset":{"__uuid__":"qzmjmjd1-71ac-4a74-98d2-90eb0d1449cd"},"fileId":"d4c99svabFDpLm7naD3Pzm0"},"_trs":{"__type__":"TypedArray","ctor":"Float64Array","array":[606,66,0,0,0,0,1,1,1,1]}},{"__type__":"cc.Node","_name":"pos3","_parent":{"__id__":64},"_components":[{"__type__":"cc.Widget","node":{"__id__":67},"alignMode":0,"_alignFlags":33,"_right":252,"_top":71}],"_prefab":{"__type__":"cc.PrefabInfo","root":{"__id__":1},"asset":{"__uuid__":"qzmjmjd1-71ac-4a74-98d2-90eb0d1449cd"},"fileId":"7878bCE0StN7YBxYQjQOzKC"},"_trs":{"__type__":"TypedArray","ctor":"Float64Array","array":[428,309,0,0,0,0,1,1,1,1]}},{"__type__":"cc.Node","_name":"pos4","_parent":{"__id__":64},"_components":[{"__type__":"cc.Widget","node":{"__id__":68},"alignMode":0,"_alignFlags":8,"_left":80}],"_prefab":{"__type__":"cc.PrefabInfo","root":{"__id__":1},"asset":{"__uuid__":"qzmjmjd1-71ac-4a74-98d2-90eb0d1449cd"},"fileId":"3d799wnYJVMqKFnPkvSqdY6"},"_trs":{"__type__":"TypedArray","ctor":"Float64Array","array":[-600,10,0,0,0,0,1,1,1,1]}},{"__type__":"cc.Node","_name":"btn_exit","_parent":{"__id__":1},"_components":[{"__type__":"cc.Sprite","node":{"__id__":69},"_materials":[{"__uuid__":"ecpdLyjvZBwrvm+cedCcQy"}],"_spriteFrame":{"__uuid__":"qzmjmjbc-0669-4c61-ba28-104f23640b08"},"_type":1,"_sizeMode":0},{"__type__":"cc.Button","node":{"__id__":69},"zoomScale":0.9,"clickEvents":[{"__type__":"cc.ClickEvent","target":{"__id__":1},"_componentId":"qzmjmja5-a759-4fee-9927-85df43141d00","handler":"OnClick_BtnWnd"}],"_N$transition":3,"transition":3,"_N$pressedColor":{"__type__":"cc.Color","r":255,"g":255,"b":255},"pressedColor":{"__type__":"cc.Color","r":255,"g":255,"b":255},"_N$disabledColor":{"__type__":"cc.Color","r":255,"g":255,"b":255},"_N$pressedSprite":{"__uuid__":"e97GVMl6JHh5Ml5qEDdSGa"},"pressedSprite":{"__uuid__":"e97GVMl6JHh5Ml5qEDdSGa"},"_N$hoverSprite":{"__uuid__":"e97GVMl6JHh5Ml5qEDdSGa"},"hoverSprite":{"__uuid__":"e97GVMl6JHh5Ml5qEDdSGa"},"_N$disabledSprite":{"__uuid__":"29FYIk+N1GYaeWH/q1NxQO"},"_N$target":{"__id__":69}},{"__type__":"cc.Widget","node":{"__id__":69},"alignMode":0,"_alignFlags":9,"_left":12.5,"_top":12}],"_prefab":{"__type__":"cc.PrefabInfo","root":{"__id__":1},"asset":{"__uuid__":"qzmjmjd1-71ac-4a74-98d2-90eb0d1449cd"},"fileId":"fb0a654BU9D2Jh2oilp0t4O"},"_contentSize":{"__type__":"cc.Size","width":74,"height":74},"_trs":{"__type__":"TypedArray","ctor":"Float64Array","array":[-630.5,331,0,0,0,0,1,1,1,1]}},{"__type__":"cc.Node","_name":"btn_setting","_parent":{"__id__":1},"_components":[{"__type__":"cc.Sprite","node":{"__id__":70},"_materials":[{"__uuid__":"ecpdLyjvZBwrvm+cedCcQy"}],"_spriteFrame":{"__uuid__":"qzmjmj57-06c2-4b8d-bc27-4a159967e2e8"},"_type":1},{"__type__":"cc.Button","node":{"__id__":70},"zoomScale":0.9,"clickEvents":[{"__type__":"cc.ClickEvent","target":{"__id__":1},"_componentId":"qzmjmja5-a759-4fee-9927-85df43141d00","handler":"OnClick_BtnWnd"}],"_N$transition":3,"transition":3,"_N$pressedColor":{"__type__":"cc.Color","r":255,"g":255,"b":255},"pressedColor":{"__type__":"cc.Color","r":255,"g":255,"b":255},"_N$disabledColor":{"__type__":"cc.Color","r":255,"g":255,"b":255},"_N$pressedSprite":{"__uuid__":"e97GVMl6JHh5Ml5qEDdSGa"},"pressedSprite":{"__uuid__":"e97GVMl6JHh5Ml5qEDdSGa"},"_N$hoverSprite":{"__uuid__":"e97GVMl6JHh5Ml5qEDdSGa"},"hoverSprite":{"__uuid__":"e97GVMl6JHh5Ml5qEDdSGa"},"_N$disabledSprite":{"__uuid__":"29FYIk+N1GYaeWH/q1NxQO"},"_N$target":{"__id__":70}},{"__type__":"cc.Widget","node":{"__id__":70},"alignMode":0,"_alignFlags":33,"_left":1263,"_right":23,"_top":155}],"_prefab":{"__type__":"cc.PrefabInfo","root":{"__id__":1},"asset":{"__uuid__":"qzmjmjd1-71ac-4a74-98d2-90eb0d1449cd"},"fileId":"ac6acTQZI9Po54h3G/nWNG/"},"_contentSize":{"__type__":"cc.Size","width":74,"height":74},"_trs":{"__type__":"TypedArray","ctor":"Float64Array","array":[620,188,0,0,0,0,1,1,1,1]}},{"__type__":"cc.Node","_name":"btn_gps","_parent":{"__id__":1},"_components":[{"__type__":"cc.Sprite","node":{"__id__":71},"_materials":[{"__uuid__":"ecpdLyjvZBwrvm+cedCcQy"}],"_spriteFrame":{"__uuid__":"qzmjmj66-603b-4fc5-93f3-a369c13936d4"},"_type":1},{"__type__":"cc.Button","node":{"__id__":71},"zoomScale":0.9,"clickEvents":[{"__type__":"cc.ClickEvent","target":{"__id__":1},"_componentId":"qzmjmja5-a759-4fee-9927-85df43141d00","handler":"OnClick_BtnWnd"}],"_N$transition":3,"transition":3,"_N$pressedColor":{"__type__":"cc.Color","r":255,"g":255,"b":255},"pressedColor":{"__type__":"cc.Color","r":255,"g":255,"b":255},"_N$disabledColor":{"__type__":"cc.Color","r":255,"g":255,"b":255},"_N$pressedSprite":{"__uuid__":"e97GVMl6JHh5Ml5qEDdSGa"},"pressedSprite":{"__uuid__":"e97GVMl6JHh5Ml5qEDdSGa"},"_N$hoverSprite":{"__uuid__":"e97GVMl6JHh5Ml5qEDdSGa"},"hoverSprite":{"__uuid__":"e97GVMl6JHh5Ml5qEDdSGa"},"_N$disabledSprite":{"__uuid__":"29FYIk+N1GYaeWH/q1NxQO"},"_N$target":{"__id__":71}},{"__type__":"cc.Widget","node":{"__id__":71},"alignMode":0,"_alignFlags":33,"_left":1263,"_right":23,"_top":44}],"_prefab":{"__type__":"cc.PrefabInfo","root":{"__id__":1},"asset":{"__uuid__":"qzmjmjd1-71ac-4a74-98d2-90eb0d1449cd"},"fileId":"e933cRTVOlC1JpkCsNY23hy"},"_contentSize":{"__type__":"cc.Size","width":74,"height":74},"_trs":{"__type__":"TypedArray","ctor":"Float64Array","array":[620,299,0,0,0,0,1,1,1,1]}},{"__type__":"cc.Node","_name":"btn_chat","_parent":{"__id__":1},"_components":[{"__type__":"cc.Sprite","node":{"__id__":72},"_materials":[{"__uuid__":"ecpdLyjvZBwrvm+cedCcQy"}],"_spriteFrame":{"__uuid__":"qzmjmj4e-8912-4520-bb4e-1d989701100e"},"_type":1},{"__type__":"cc.Button","node":{"__id__":72},"zoomScale":0.9,"clickEvents":[{"__type__":"cc.ClickEvent","target":{"__id__":1},"_componentId":"qzmjmja5-a759-4fee-9927-85df43141d00","handler":"OnClick_BtnWnd"}],"_N$transition":3,"transition":3,"_N$pressedColor":{"__type__":"cc.Color","r":255,"g":255,"b":255},"pressedColor":{"__type__":"cc.Color","r":255,"g":255,"b":255},"_N$disabledColor":{"__type__":"cc.Color","r":255,"g":255,"b":255},"_N$pressedSprite":{"__uuid__":"e97GVMl6JHh5Ml5qEDdSGa"},"pressedSprite":{"__uuid__":"e97GVMl6JHh5Ml5qEDdSGa"},"_N$hoverSprite":{"__uuid__":"e97GVMl6JHh5Ml5qEDdSGa"},"hoverSprite":{"__uuid__":"e97GVMl6JHh5Ml5qEDdSGa"},"_N$disabledSprite":{"__uuid__":"29FYIk+N1GYaeWH/q1NxQO"},"_N$target":{"__id__":72}},{"__type__":"cc.Widget","node":{"__id__":72},"alignMode":0,"_alignFlags":33,"_left":1263,"_right":23,"_top":417}],"_prefab":{"__type__":"cc.PrefabInfo","root":{"__id__":1},"asset":{"__uuid__":"qzmjmjd1-71ac-4a74-98d2-90eb0d1449cd"},"fileId":"b8dcbK6irJF9Yg1GYFaoq7Z"},"_contentSize":{"__type__":"cc.Size","width":74,"height":74},"_trs":{"__type__":"TypedArray","ctor":"Float64Array","array":[620,-74,0,0,0,0,1,1,1,1]}},{"__type__":"cc.Node","_name":"btn_voice","_parent":{"__id__":1},"_components":[{"__type__":"cc.Sprite","node":{"__id__":73},"_materials":[{"__uuid__":"ecpdLyjvZBwrvm+cedCcQy"}],"_spriteFrame":{"__uuid__":"qzmjmjd1-f0a3-47cf-9642-98b8480ac495"},"_type":1},{"__type__":"cc.Button","node":{"__id__":73},"zoomScale":0.9,"clickEvents":[{"__type__":"cc.ClickEvent","target":{"__id__":1},"_componentId":"qzmjmja5-a759-4fee-9927-85df43141d00","handler":"OnClick_BtnWnd"}],"_N$transition":3,"transition":3,"_N$pressedColor":{"__type__":"cc.Color","r":255,"g":255,"b":255},"pressedColor":{"__type__":"cc.Color","r":255,"g":255,"b":255},"_N$disabledColor":{"__type__":"cc.Color","r":255,"g":255,"b":255},"_N$pressedSprite":{"__uuid__":"e97GVMl6JHh5Ml5qEDdSGa"},"pressedSprite":{"__uuid__":"e97GVMl6JHh5Ml5qEDdSGa"},"_N$hoverSprite":{"__uuid__":"e97GVMl6JHh5Ml5qEDdSGa"},"hoverSprite":{"__uuid__":"e97GVMl6JHh5Ml5qEDdSGa"},"_N$disabledSprite":{"__uuid__":"29FYIk+N1GYaeWH/q1NxQO"},"_N$target":{"__id__":73}},{"__type__":"cc.Widget","node":{"__id__":73},"alignMode":0,"_alignFlags":33,"_left":1263,"_right":23,"_top":511}],"_prefab":{"__type__":"cc.PrefabInfo","root":{"__id__":1},"asset":{"__uuid__":"qzmjmjd1-71ac-4a74-98d2-90eb0d1449cd"},"fileId":"fa01bObSnBFzp8lxWyPQQGw"},"_contentSize":{"__type__":"cc.Size","width":74,"height":74},"_trs":{"__type__":"TypedArray","ctor":"Float64Array","array":[620,-168,0,0,0,0,1,1,1,1]}},{"__type__":"cc.Node","_name":"sp_ready","_parent":{"__id__":1},"_children":[{"__id__":75},{"__id__":76},{"__id__":78}],"_components":[{"__type__":"cc.Widget","node":{"__id__":74},"alignMode":0,"_alignFlags":16}],"_prefab":{"__type__":"cc.PrefabInfo","root":{"__id__":1},"asset":{"__uuid__":"qzmjmjd1-71ac-4a74-98d2-90eb0d1449cd"},"fileId":"8675awaABhNkLj/bJUcj8Y0"},"_trs":{"__type__":"TypedArray","ctor":"Float64Array","array":[0,0,0,0,0,0,1,1,1,1]}},{"__type__":"cc.Node","_name":"btn_weixin","_parent":{"__id__":74},"_components":[{"__type__":"cc.Sprite","node":{"__id__":75},"_materials":[{"__uuid__":"ecpdLyjvZBwrvm+cedCcQy"}],"_spriteFrame":{"__uuid__":"qzmjmj77-d0f4-4f8f-99ba-5b3dfce3d3c1"},"_type":1,"_sizeMode":2},{"__type__":"cc.Button","node":{"__id__":75},"zoomScale":0.9,"clickEvents":[{"__type__":"cc.ClickEvent","target":{"__id__":1},"_componentId":"qzmjmja5-a759-4fee-9927-85df43141d00","handler":"OnClick_BtnWnd"}],"_N$transition":3,"transition":3,"_N$pressedColor":{"__type__":"cc.Color","r":255,"g":255,"b":255},"pressedColor":{"__type__":"cc.Color","r":255,"g":255,"b":255},"_N$disabledColor":{"__type__":"cc.Color","r":255,"g":255,"b":255},"_N$pressedSprite":{"__uuid__":"e97GVMl6JHh5Ml5qEDdSGa"},"pressedSprite":{"__uuid__":"e97GVMl6JHh5Ml5qEDdSGa"},"_N$hoverSprite":{"__uuid__":"e97GVMl6JHh5Ml5qEDdSGa"},"hoverSprite":{"__uuid__":"e97GVMl6JHh5Ml5qEDdSGa"},"_N$disabledSprite":{"__uuid__":"29FYIk+N1GYaeWH/q1NxQO"},"_N$target":{"__id__":75}}],"_prefab":{"__type__":"cc.PrefabInfo","root":{"__id__":1},"asset":{"__uuid__":"qzmjmjd1-71ac-4a74-98d2-90eb0d1449cd"},"fileId":"8b0532YZ3pD7oMkXSfVR/40"},"_contentSize":{"__type__":"cc.Size","width":274,"height":92},"_trs":{"__type__":"TypedArray","ctor":"Float64Array","array":[-144.2,-197.9,0,0,0,0,1,1,1,1]}},{"__type__":"cc.Node","_name":"btn_ready","_parent":{"__id__":74},"_children":[{"__id__":77}],"_components":[{"__type__":"cc.Sprite","node":{"__id__":76},"_materials":[{"__uuid__":"ecpdLyjvZBwrvm+cedCcQy"}],"_spriteFrame":{"__uuid__":"qzmjmjdd-558d-4d12-be2f-bd83e55d93d0"},"_type":1,"_sizeMode":2},{"__type__":"cc.Button","node":{"__id__":76},"zoomScale":0.9,"clickEvents":[{"__type__":"cc.ClickEvent","target":{"__id__":1},"_componentId":"qzmjmja5-a759-4fee-9927-85df43141d00","handler":"OnClick_BtnWnd"}],"_N$transition":3,"transition":3,"_N$pressedColor":{"__type__":"cc.Color","r":255,"g":255,"b":255},"pressedColor":{"__type__":"cc.Color","r":255,"g":255,"b":255},"_N$disabledColor":{"__type__":"cc.Color","r":255,"g":255,"b":255},"_N$pressedSprite":{"__uuid__":"e97GVMl6JHh5Ml5qEDdSGa"},"pressedSprite":{"__uuid__":"e97GVMl6JHh5Ml5qEDdSGa"},"_N$hoverSprite":{"__uuid__":"e97GVMl6JHh5Ml5qEDdSGa"},"hoverSprite":{"__uuid__":"e97GVMl6JHh5Ml5qEDdSGa"},"_N$disabledSprite":{"__uuid__":"29FYIk+N1GYaeWH/q1NxQO"},"_N$target":{"__id__":76}}],"_prefab":{"__type__":"cc.PrefabInfo","root":{"__id__":1},"asset":{"__uuid__":"qzmjmjd1-71ac-4a74-98d2-90eb0d1449cd"},"fileId":"2a6175QV5pHCq4zK3lMvWup"},"_contentSize":{"__type__":"cc.Size","width":223,"height":80},"_trs":{"__type__":"TypedArray","ctor":"Float64Array","array":[0,-93,0,0,0,0,1,1,1,1]}},{"__type__":"cc.Node","_name":"New Label","_parent":{"__id__":76},"_components":[{"__type__":"cc.Label","node":{"__id__":77},"_materials":[{"__uuid__":"ecpdLyjvZBwrvm+cedCcQy"}],"_useOriginalSize":false,"_string":"准备","_N$string":"准备","_fontSize":1,"_lineHeight":55,"_N$file":{"__uuid__":"qzmjmj5d-155a-45ad-bcfb-dd7d7b8ee60f"},"_isSystemFontUsed":false,"_N$horizontalAlign":1}],"_prefab":{"__type__":"cc.PrefabInfo","root":{"__id__":1},"asset":{"__uuid__":"qzmjmjd1-71ac-4a74-98d2-90eb0d1449cd"},"fileId":"7e74e0+zsdN2L+ixyEVlKNR"},"_contentSize":{"__type__":"cc.Size","width":102,"height":55},"_trs":{"__type__":"TypedArray","ctor":"Float64Array","array":[0,0,0,0,0,0,1,1,1,1]}},{"__type__":"cc.Node","_name":"btn_roomkey","_parent":{"__id__":74},"_children":[{"__id__":79}],"_components":[{"__type__":"cc.Sprite","node":{"__id__":78},"_materials":[{"__uuid__":"ecpdLyjvZBwrvm+cedCcQy"}],"_spriteFrame":{"__uuid__":"qzmjmjdd-558d-4d12-be2f-bd83e55d93d0"},"_type":1,"_sizeMode":2},{"__type__":"cc.Button","node":{"__id__":78},"zoomScale":0.9,"clickEvents":[{"__type__":"cc.ClickEvent","target":{"__id__":1},"_componentId":"qzmjmja5-a759-4fee-9927-85df43141d00","handler":"OnClick_BtnWnd"}],"_N$transition":3,"transition":3,"_N$pressedColor":{"__type__":"cc.Color","r":255,"g":255,"b":255},"pressedColor":{"__type__":"cc.Color","r":255,"g":255,"b":255},"_N$disabledColor":{"__type__":"cc.Color","r":255,"g":255,"b":255},"_N$pressedSprite":{"__uuid__":"e97GVMl6JHh5Ml5qEDdSGa"},"pressedSprite":{"__uuid__":"e97GVMl6JHh5Ml5qEDdSGa"},"_N$hoverSprite":{"__uuid__":"e97GVMl6JHh5Ml5qEDdSGa"},"hoverSprite":{"__uuid__":"e97GVMl6JHh5Ml5qEDdSGa"},"_N$disabledSprite":{"__uuid__":"29FYIk+N1GYaeWH/q1NxQO"},"_N$target":{"__id__":78}}],"_prefab":{"__type__":"cc.PrefabInfo","root":{"__id__":1},"asset":{"__uuid__":"qzmjmjd1-71ac-4a74-98d2-90eb0d1449cd"},"fileId":"49053K5FHFM4qzDqOjSWQ8o"},"_contentSize":{"__type__":"cc.Size","width":223,"height":80},"_trs":{"__type__":"TypedArray","ctor":"Float64Array","array":[134.9,-198.4,0,0,0,0,1,1,1,1]}},{"__type__":"cc.Node","_name":"New Label","_parent":{"__id__":78},"_components":[{"__type__":"cc.Label","node":{"__id__":79},"_materials":[{"__uuid__":"ecpdLyjvZBwrvm+cedCcQy"}],"_useOriginalSize":false,"_string":"复制房号","_N$string":"复制房号","_lineHeight":45,"_N$file":{"__uuid__":"qzmjmj1e-650d-4484-9e24-10ffc791e225"},"_isSystemFontUsed":false,"_N$horizontalAlign":1,"_N$verticalAlign":1},{"__type__":"cc.LabelOutline","node":{"__id__":79},"_color":{"__type__":"cc.Color","r":127,"g":64,"b":8},"_width":2}],"_prefab":{"__type__":"cc.PrefabInfo","root":{"__id__":1},"asset":{"__uuid__":"qzmjmjd1-71ac-4a74-98d2-90eb0d1449cd"},"fileId":"67de7cQpUNCCYFl/VNpfEe7"},"_contentSize":{"__type__":"cc.Size","width":164,"height":60.7},"_trs":{"__type__":"TypedArray","ctor":"Float64Array","array":[0,0.9,0,0,0,0,1,1,1,1]}},{"__type__":"cc.Node","_name":"PosEffect","_parent":{"__id__":1},"_children":[{"__type__":"cc.Node","_name":"Effects4","_parent":{"__id__":80},"_prefab":{"__type__":"cc.PrefabInfo","root":{"__id__":1},"asset":{"__uuid__":"qzmjmjd1-71ac-4a74-98d2-90eb0d1449cd"},"fileId":"045c7TPPoZMsaXCLQF3JZEP"},"_contentSize":{"__type__":"cc.Size","width":150,"height":150},"_trs":{"__type__":"TypedArray","ctor":"Float64Array","array":[-219,62,0,0,0,0,1,1,1,1]}},{"__type__":"cc.Node","_name":"Effects3","_parent":{"__id__":80},"_prefab":{"__type__":"cc.PrefabInfo","root":{"__id__":1},"asset":{"__uuid__":"qzmjmjd1-71ac-4a74-98d2-90eb0d1449cd"},"fileId":"274eenvLIZA27MBzUBcEct+"},"_contentSize":{"__type__":"cc.Size","width":150,"height":150},"_trs":{"__type__":"TypedArray","ctor":"Float64Array","array":[0,230,0,0,0,0,1,1,1,1]}},{"__type__":"cc.Node","_name":"Effects2","_parent":{"__id__":80},"_prefab":{"__type__":"cc.PrefabInfo","root":{"__id__":1},"asset":{"__uuid__":"qzmjmjd1-71ac-4a74-98d2-90eb0d1449cd"},"fileId":"2f60aXSiEhJ4b+15KychhRt"},"_contentSize":{"__type__":"cc.Size","width":150,"height":150},"_trs":{"__type__":"TypedArray","ctor":"Float64Array","array":[220,70,0,0,0,0,1,1,1,1]}},{"__type__":"cc.Node","_name":"Effects1","_parent":{"__id__":80},"_prefab":{"__type__":"cc.PrefabInfo","root":{"__id__":1},"asset":{"__uuid__":"qzmjmjd1-71ac-4a74-98d2-90eb0d1449cd"},"fileId":"5aeacKjCPhLToherVFRVtTq"},"_contentSize":{"__type__":"cc.Size","width":150,"height":150},"_trs":{"__type__":"TypedArray","ctor":"Float64Array","array":[-2,-130.62,0,0,0,0,1,1,0.86,1]}}],"_prefab":{"__type__":"cc.PrefabInfo","root":{"__id__":1},"asset":{"__uuid__":"qzmjmjd1-71ac-4a74-98d2-90eb0d1449cd"},"fileId":"3ef6f0i+mNNi7j6q0+BUbsC"},"_trs":{"__type__":"TypedArray","ctor":"Float64Array","array":[0,0,0,0,0,0,1,1,1,1]}},{"__type__":"cc.Node","_name":"PosMoveOutAcrd","_parent":{"__id__":1},"_children":[{"__id__":82},{"__id__":84},{"__id__":85},{"__id__":87},{"__id__":88},{"__id__":90},{"__id__":91},{"__id__":93}],"_prefab":{"__type__":"cc.PrefabInfo","root":{"__id__":1},"asset":{"__uuid__":"qzmjmjd1-71ac-4a74-98d2-90eb0d1449cd"},"fileId":"ddcb4aeSQVG1adQf6MN4drh"},"_trs":{"__type__":"TypedArray","ctor":"Float64Array","array":[0,0,0,0,0,0,1,1,1,1]}},{"__type__":"cc.Node","_name":"card1","_parent":{"__id__":81},"_children":[{"__id__":83}],"_active":false,"_components":[{"__type__":"cc.Sprite","node":{"__id__":82},"_sizeMode":0},{"__type__":"cc.Animation","node":{"__id__":82},"_clips":[{"__uuid__":"qzmjmjc5-6f3b-4c73-9502-aec8ce78b01b"},{"__uuid__":"qzmjmj18-f3e0-4957-b655-b48559862630"}]},{"__type__":"qzmjmj07-35e6-4d31-b557-06fb0042be9f","node":{"__id__":82},"JS_Name":"xymj_BaseComponent"}],"_prefab":{"__type__":"cc.PrefabInfo","root":{"__id__":1},"asset":{"__uuid__":"qzmjmjd1-71ac-4a74-98d2-90eb0d1449cd"},"fileId":"021beAEq29J67nZsFGlrGLl"},"_contentSize":{"__type__":"cc.Size","width":90,"height":130},"_trs":{"__type__":"TypedArray","ctor":"Float64Array","array":[172,-92,0,0,0,0,1,1.1,1.1,1]}},{"__type__":"cc.Node","_name":"shot_effect","_parent":{"__id__":82},"_components":[{"__type__":"cc.Sprite","node":{"__id__":83},"_spriteFrame":{"__uuid__":"qzmjmjf0-9785-4cbc-970e-89988ac856fc"}}],"_prefab":{"__type__":"cc.PrefabInfo","root":{"__id__":1},"asset":{"__uuid__":"qzmjmjd1-71ac-4a74-98d2-90eb0d1449cd"},"fileId":"efa25QbLwpIAao2Wr2nr9fE"},"_contentSize":{"__type__":"cc.Size","width":109,"height":148},"_trs":{"__type__":"TypedArray","ctor":"Float64Array","array":[0,5.684341886080802e-14,0,0,0,0,1,1,1,1]}},{"__type__":"cc.Node","_name":"cardPos1","_parent":{"__id__":81},"_active":false,"_components":[{"__type__":"cc.Sprite","node":{"__id__":84}},{"__type__":"cc.Animation","node":{"__id__":84},"_clips":[{"__uuid__":"qzmjmjc5-6f3b-4c73-9502-aec8ce78b01b"},{"__uuid__":"qzmjmj18-f3e0-4957-b655-b48559862630"}]},{"__type__":"qzmjmj07-35e6-4d31-b557-06fb0042be9f","node":{"__id__":84},"JS_Name":"xymj_BaseComponent"}],"_prefab":{"__type__":"cc.PrefabInfo","root":{"__id__":1},"asset":{"__uuid__":"qzmjmjd1-71ac-4a74-98d2-90eb0d1449cd"},"fileId":"550d74c2JVJj7A/xASSVbxg"},"_contentSize":{"__type__":"cc.Size","width":109,"height":148},"_trs":{"__type__":"TypedArray","ctor":"Float64Array","array":[172,-92,0,0,0,0,1,1,1,1]}},{"__type__":"cc.Node","_name":"card2","_parent":{"__id__":81},"_children":[{"__id__":86}],"_active":false,"_components":[{"__type__":"cc.Sprite","node":{"__id__":85}},{"__type__":"cc.Animation","node":{"__id__":85},"_clips":[{"__uuid__":"qzmjmjc5-6f3b-4c73-9502-aec8ce78b01b"},{"__uuid__":"qzmjmj18-f3e0-4957-b655-b48559862630"}]},{"__type__":"qzmjmj07-35e6-4d31-b557-06fb0042be9f","node":{"__id__":85},"JS_Name":"xymj_BaseComponent"}],"_prefab":{"__type__":"cc.PrefabInfo","root":{"__id__":1},"asset":{"__uuid__":"qzmjmjd1-71ac-4a74-98d2-90eb0d1449cd"},"fileId":"4a8da5O0gNFdYaskZdIWMBf"},"_contentSize":{"__type__":"cc.Size","width":90,"height":130},"_trs":{"__type__":"TypedArray","ctor":"Float64Array","array":[258,56,0,0,0,0,1,1,1,1]}},{"__type__":"cc.Node","_name":"shot_effect","_parent":{"__id__":85},"_components":[{"__type__":"cc.Sprite","node":{"__id__":86},"_spriteFrame":{"__uuid__":"qzmjmjf0-9785-4cbc-970e-89988ac856fc"}}],"_prefab":{"__type__":"cc.PrefabInfo","root":{"__id__":1},"asset":{"__uuid__":"qzmjmjd1-71ac-4a74-98d2-90eb0d1449cd"},"fileId":"85d61wgX7FM66qUbx/jjPhm"},"_contentSize":{"__type__":"cc.Size","width":109,"height":148},"_trs":{"__type__":"TypedArray","ctor":"Float64Array","array":[0,0,0,0,0,0,1,1.1,1.1,1]}},{"__type__":"cc.Node","_name":"cardPos2","_parent":{"__id__":81},"_active":false,"_components":[{"__type__":"cc.Sprite","node":{"__id__":87}},{"__type__":"cc.Animation","node":{"__id__":87},"_clips":[{"__uuid__":"qzmjmjc5-6f3b-4c73-9502-aec8ce78b01b"},{"__uuid__":"qzmjmj18-f3e0-4957-b655-b48559862630"}]},{"__type__":"qzmjmj07-35e6-4d31-b557-06fb0042be9f","node":{"__id__":87},"JS_Name":"xymj_BaseComponent"}],"_prefab":{"__type__":"cc.PrefabInfo","root":{"__id__":1},"asset":{"__uuid__":"qzmjmjd1-71ac-4a74-98d2-90eb0d1449cd"},"fileId":"025a6SNr4NI9a94sBFO4pfS"},"_contentSize":{"__type__":"cc.Size","width":109,"height":148},"_trs":{"__type__":"TypedArray","ctor":"Float64Array","array":[258,56,0,0,0,0,1,1,1,1]}},{"__type__":"cc.Node","_name":"card3","_parent":{"__id__":81},"_children":[{"__id__":89}],"_active":false,"_components":[{"__type__":"cc.Sprite","node":{"__id__":88}},{"__type__":"cc.Animation","node":{"__id__":88},"_clips":[{"__uuid__":"qzmjmjc5-6f3b-4c73-9502-aec8ce78b01b"},{"__uuid__":"qzmjmj18-f3e0-4957-b655-b48559862630"}]},{"__type__":"qzmjmj07-35e6-4d31-b557-06fb0042be9f","node":{"__id__":88},"JS_Name":"xymj_BaseComponent"}],"_prefab":{"__type__":"cc.PrefabInfo","root":{"__id__":1},"asset":{"__uuid__":"qzmjmjd1-71ac-4a74-98d2-90eb0d1449cd"},"fileId":"10627/1//JHoL/Un9F+zj2I"},"_contentSize":{"__type__":"cc.Size","width":90,"height":130},"_trs":{"__type__":"TypedArray","ctor":"Float64Array","array":[-154,203,0,0,0,0,1,1,1,1]}},{"__type__":"cc.Node","_name":"shot_effect","_parent":{"__id__":88},"_components":[{"__type__":"cc.Sprite","node":{"__id__":89},"_spriteFrame":{"__uuid__":"qzmjmjf0-9785-4cbc-970e-89988ac856fc"}}],"_prefab":{"__type__":"cc.PrefabInfo","root":{"__id__":1},"asset":{"__uuid__":"qzmjmjd1-71ac-4a74-98d2-90eb0d1449cd"},"fileId":"d48a954VGxNCZtsm1c6Fw05"},"_contentSize":{"__type__":"cc.Size","width":109,"height":148},"_trs":{"__type__":"TypedArray","ctor":"Float64Array","array":[0,0,0,0,0,0,1,1.1,1.1,1]}},{"__type__":"cc.Node","_name":"cardPos3","_parent":{"__id__":81},"_active":false,"_components":[{"__type__":"cc.Sprite","node":{"__id__":90}},{"__type__":"cc.Animation","node":{"__id__":90},"_clips":[{"__uuid__":"qzmjmjc5-6f3b-4c73-9502-aec8ce78b01b"},{"__uuid__":"qzmjmj18-f3e0-4957-b655-b48559862630"}]},{"__type__":"qzmjmj07-35e6-4d31-b557-06fb0042be9f","node":{"__id__":90},"JS_Name":"xymj_BaseComponent"}],"_prefab":{"__type__":"cc.PrefabInfo","root":{"__id__":1},"asset":{"__uuid__":"qzmjmjd1-71ac-4a74-98d2-90eb0d1449cd"},"fileId":"deecehWCA5Ey6r7DFyAIiKC"},"_contentSize":{"__type__":"cc.Size","width":109,"height":148},"_trs":{"__type__":"TypedArray","ctor":"Float64Array","array":[-154,203,0,0,0,0,1,1,1,1]}},{"__type__":"cc.Node","_name":"card4","_parent":{"__id__":81},"_children":[{"__id__":92}],"_active":false,"_components":[{"__type__":"cc.Sprite","node":{"__id__":91}},{"__type__":"cc.Animation","node":{"__id__":91},"_clips":[{"__uuid__":"qzmjmjc5-6f3b-4c73-9502-aec8ce78b01b"},{"__uuid__":"qzmjmj18-f3e0-4957-b655-b48559862630"}]},{"__type__":"qzmjmj07-35e6-4d31-b557-06fb0042be9f","node":{"__id__":91},"JS_Name":"xymj_BaseComponent"}],"_prefab":{"__type__":"cc.PrefabInfo","root":{"__id__":1},"asset":{"__uuid__":"qzmjmjd1-71ac-4a74-98d2-90eb0d1449cd"},"fileId":"68753dD+11C/IsojQokV5/a"},"_contentSize":{"__type__":"cc.Size","width":90,"height":130},"_trs":{"__type__":"TypedArray","ctor":"Float64Array","array":[-305,57,0,0,0,0,1,1,1,1]}},{"__type__":"cc.Node","_name":"shot_effect","_parent":{"__id__":91},"_components":[{"__type__":"cc.Sprite","node":{"__id__":92},"_spriteFrame":{"__uuid__":"qzmjmjf0-9785-4cbc-970e-89988ac856fc"}}],"_prefab":{"__type__":"cc.PrefabInfo","root":{"__id__":1},"asset":{"__uuid__":"qzmjmjd1-71ac-4a74-98d2-90eb0d1449cd"},"fileId":"f9905Ie4KVJM4ZiBW44AHNd"},"_contentSize":{"__type__":"cc.Size","width":109,"height":148},"_trs":{"__type__":"TypedArray","ctor":"Float64Array","array":[0,0,0,0,0,0,1,1.1,1.1,1]}},{"__type__":"cc.Node","_name":"cardPos4","_parent":{"__id__":81},"_active":false,"_components":[{"__type__":"cc.Sprite","node":{"__id__":93}},{"__type__":"cc.Animation","node":{"__id__":93},"_clips":[{"__uuid__":"qzmjmjc5-6f3b-4c73-9502-aec8ce78b01b"},{"__uuid__":"qzmjmj18-f3e0-4957-b655-b48559862630"}]},{"__type__":"qzmjmj07-35e6-4d31-b557-06fb0042be9f","node":{"__id__":93},"JS_Name":"xymj_BaseComponent"}],"_prefab":{"__type__":"cc.PrefabInfo","root":{"__id__":1},"asset":{"__uuid__":"qzmjmjd1-71ac-4a74-98d2-90eb0d1449cd"},"fileId":"24b4bFszSREnY4rjoeGGmiD"},"_contentSize":{"__type__":"cc.Size","width":109,"height":148},"_trs":{"__type__":"TypedArray","ctor":"Float64Array","array":[-305,57,0,0,0,0,1,1,1,1]}},{"__type__":"cc.Node","_name":"jin1","_parent":{"__id__":1},"_active":false,"_components":[{"__type__":"cc.Sprite","node":{"__id__":94},"_sizeMode":0}],"_prefab":{"__type__":"cc.PrefabInfo","root":{"__id__":1},"asset":{"__uuid__":"qzmjmjd1-71ac-4a74-98d2-90eb0d1449cd"},"fileId":"112e5sylpBLxYiVSVVLJptL"},"_contentSize":{"__type__":"cc.Size","width":50,"height":80},"_trs":{"__type__":"TypedArray","ctor":"Float64Array","array":[0,0,0,0,0,0,1,1,1,1]}},{"__type__":"cc.Node","_name":"jin2","_parent":{"__id__":1},"_active":false,"_components":[{"__type__":"cc.Sprite","node":{"__id__":95},"_sizeMode":0}],"_prefab":{"__type__":"cc.PrefabInfo","root":{"__id__":1},"asset":{"__uuid__":"qzmjmjd1-71ac-4a74-98d2-90eb0d1449cd"},"fileId":"1cddfvH0w5F4aJsklFSzqAB"},"_contentSize":{"__type__":"cc.Size","width":50,"height":80},"_trs":{"__type__":"TypedArray","ctor":"Float64Array","array":[0,0,0,0,0,0,1,1,1,1]}},{"__type__":"cc.Node","_name":"btn_setting","_parent":{"__id__":1},"_active":false,"_components":[{"__type__":"cc.Sprite","node":{"__id__":96},"_spriteFrame":{"__uuid__":"qzmjmjec-96f5-4da3-b464-97523efd3b43"}},{"__type__":"cc.Widget","node":{"__id__":96},"_wasAlignOnce":{},"isAlignOnce":{},"_alignFlags":33,"_right":5,"_top":236},{"__type__":"cc.Button","node":{"__id__":96},"clickEvents":[{"__type__":"cc.ClickEvent","target":{"__id__":1},"_componentId":"qzmjmja5-a759-4fee-9927-85df43141d00","handler":"OnClick_BtnWnd"}],"_N$transition":3,"transition":3,"_N$normalColor":{"__type__":"cc.Color","r":214,"g":214,"b":214},"_N$target":{"__id__":96}}],"_prefab":{"__type__":"cc.PrefabInfo","root":{"__id__":1},"asset":{"__uuid__":"qzmjmjd1-71ac-4a74-98d2-90eb0d1449cd"},"fileId":"ee261FC5VdK6rk0Uli72C6S"},"_contentSize":{"__type__":"cc.Size","width":100,"height":100},"_trs":{"__type__":"TypedArray","ctor":"Float64Array","array":[625,94,0,0,0,0,1,1,1,1]}},{"__type__":"cc.Node","_name":"nd_out01","_parent":{"__id__":1},"_children":[{"__id__":98}],"_active":false,"_components":[{"__type__":"cc.Sprite","node":{"__id__":97},"_sizeMode":0}],"_prefab":{"__type__":"cc.PrefabInfo","root":{"__id__":1},"asset":{"__uuid__":"qzmjmjd1-71ac-4a74-98d2-90eb0d1449cd"},"fileId":"018aegFHzBCvaYjHYa/RN4o"},"_contentSize":{"__type__":"cc.Size","width":39,"height":59},"_trs":{"__type__":"TypedArray","ctor":"Float64Array","array":[0,0,0,0,0,0,1,1,1,1]}},{"__type__":"cc.Node","_name":"da","_parent":{"__id__":97},"_active":false,"_components":[{"__type__":"cc.Sprite","node":{"__id__":98},"_sizeMode":0}],"_prefab":{"__type__":"cc.PrefabInfo","root":{"__id__":1},"asset":{"__uuid__":"qzmjmjd1-71ac-4a74-98d2-90eb0d1449cd"},"fileId":"43116v2LXpEEZiPDvKDWAeY"},"_contentSize":{"__type__":"cc.Size","width":53,"height":59},"_trs":{"__type__":"TypedArray","ctor":"Float64Array","array":[-4.6,17.1,0,0,0,0,1,0.7,0.7,1]}},{"__type__":"cc.Node","_name":"nd_out02","_parent":{"__id__":1},"_children":[{"__id__":100}],"_active":false,"_components":[{"__type__":"cc.Sprite","node":{"__id__":99},"_sizeMode":0}],"_prefab":{"__type__":"cc.PrefabInfo","root":{"__id__":1},"asset":{"__uuid__":"qzmjmjd1-71ac-4a74-98d2-90eb0d1449cd"},"fileId":"6e38dtl9IdPQquMTXljGLMA"},"_contentSize":{"__type__":"cc.Size","width":50,"height":42},"_trs":{"__type__":"TypedArray","ctor":"Float64Array","array":[0,0,0,0,0,0,1,1,1,1]}},{"__type__":"cc.Node","_name":"da","_parent":{"__id__":99},"_active":false,"_components":[{"__type__":"cc.Sprite","node":{"__id__":100},"_sizeMode":0}],"_prefab":{"__type__":"cc.PrefabInfo","root":{"__id__":1},"asset":{"__uuid__":"qzmjmjd1-71ac-4a74-98d2-90eb0d1449cd"},"fileId":"77e1exQpRVJo7tdF6dJBqaa"},"_contentSize":{"__type__":"cc.Size","width":53,"height":59},"_trs":{"__type__":"TypedArray","ctor":"Float64Array","array":[-12.7,8.1,0,0,0,0.7071067811865475,0.7071067811865476,0.7,0.7,1]},"_eulerAngles":{"__type__":"cc.Vec3","z":90}},{"__type__":"cc.Node","_name":"nd_out03","_parent":{"__id__":1},"_children":[{"__id__":102}],"_active":false,"_components":[{"__type__":"cc.Sprite","node":{"__id__":101},"_sizeMode":0}],"_prefab":{"__type__":"cc.PrefabInfo","root":{"__id__":1},"asset":{"__uuid__":"qzmjmjd1-71ac-4a74-98d2-90eb0d1449cd"},"fileId":"0cd95uG/CJDgLWdEHEDcA3P"},"_contentSize":{"__type__":"cc.Size","width":39,"height":59},"_trs":{"__type__":"TypedArray","ctor":"Float64Array","array":[0,0,0,0,0,0,1,1,1,1]}},{"__type__":"cc.Node","_name":"da","_parent":{"__id__":101},"_active":false,"_components":[{"__type__":"cc.Sprite","node":{"__id__":102},"_sizeMode":0}],"_prefab":{"__type__":"cc.PrefabInfo","root":{"__id__":1},"asset":{"__uuid__":"qzmjmjd1-71ac-4a74-98d2-90eb0d1449cd"},"fileId":"747eck2MdtLBI3HU37L/kTJ"},"_contentSize":{"__type__":"cc.Size","width":53,"height":59},"_trs":{"__type__":"TypedArray","ctor":"Float64Array","array":[-4.6,17.1,0,0,0,0,1,0.7,0.7,1]}},{"__type__":"cc.Node","_name":"nd_out04","_parent":{"__id__":1},"_children":[{"__id__":104}],"_active":false,"_components":[{"__type__":"cc.Sprite","node":{"__id__":103},"_sizeMode":0}],"_prefab":{"__type__":"cc.PrefabInfo","root":{"__id__":1},"asset":{"__uuid__":"qzmjmjd1-71ac-4a74-98d2-90eb0d1449cd"},"fileId":"2ea46oj1r1Gs6G7ZEoaBN1z"},"_contentSize":{"__type__":"cc.Size","width":50,"height":42},"_trs":{"__type__":"TypedArray","ctor":"Float64Array","array":[0,0,0,0,0,0,1,1,1,1]}},{"__type__":"cc.Node","_name":"da","_parent":{"__id__":103},"_active":false,"_components":[{"__type__":"cc.Sprite","node":{"__id__":104},"_sizeMode":0}],"_prefab":{"__type__":"cc.PrefabInfo","root":{"__id__":1},"asset":{"__uuid__":"qzmjmjd1-71ac-4a74-98d2-90eb0d1449cd"},"fileId":"e09beEK3JNBuahLhqP7y1BH"},"_contentSize":{"__type__":"cc.Size","width":53,"height":59},"_trs":{"__type__":"TypedArray","ctor":"Float64Array","array":[12.8,12,0,0,0,-0.7071067811865475,0.7071067811865476,0.7,0.7,1]},"_eulerAngles":{"__type__":"cc.Vec3","z":-90}},{"__type__":"cc.Node","_name":"labelJu","_parent":{"__id__":1},"_components":[{"__type__":"cc.Label","node":{"__id__":105},"_materials":[{"__uuid__":"ecpdLyjvZBwrvm+cedCcQy"}],"_useOriginalSize":false,"_fontSize":26,"_lineHeight":26,"_N$file":{"__uuid__":"qzmjmj1e-650d-4484-9e24-10ffc791e225"},"_isSystemFontUsed":false,"_N$verticalAlign":1}],"_prefab":{"__type__":"cc.PrefabInfo","root":{"__id__":1},"asset":{"__uuid__":"qzmjmjd1-71ac-4a74-98d2-90eb0d1449cd"},"fileId":"e410d2Fh7FMj5WwH2hIApe9"},"_contentSize":{"__type__":"cc.Size","height":32.76},"_trs":{"__type__":"TypedArray","ctor":"Float64Array","array":[-138.6,43,0,0,0,0,1,1,1,1]}},{"__type__":"cc.Node","_name":"roomInfo","_parent":{"__id__":1},"_children":[{"__id__":107},{"__id__":110},{"__id__":111}],"_components":[{"__type__":"cc.Widget","node":{"__id__":106},"alignMode":0,"_alignFlags":1,"_left":24.600000000000023,"_top":-3.3999999999999773}],"_prefab":{"__type__":"cc.PrefabInfo","root":{"__id__":1},"asset":{"__uuid__":"qzmjmjd1-71ac-4a74-98d2-90eb0d1449cd"},"fileId":"3070d8L4/ZAOJl7T79slvmg"},"_trs":{"__type__":"TypedArray","ctor":"Float64Array","array":[-655.4,383.4,0,0,0,0,1,1,1,1]}},{"__type__":"cc.Node","_name":"imgRoomIdDi","_parent":{"__id__":106},"_children":[{"__id__":108},{"__id__":109}],"_components":[{"__type__":"cc.Sprite","node":{"__id__":107},"_sizeMode":0}],"_prefab":{"__type__":"cc.PrefabInfo","root":{"__id__":1},"asset":{"__uuid__":"qzmjmjd1-71ac-4a74-98d2-90eb0d1449cd"},"fileId":"a35caZQb5pPEZVppJHjcUtk"},"_contentSize":{"__type__":"cc.Size","width":250,"height":69},"_trs":{"__type__":"TypedArray","ctor":"Float64Array","array":[256.7,3,0,0,0,0,1,1,1,1]}},{"__type__":"cc.Node","_name":"labelRoomId","_parent":{"__id__":107},"_components":[{"__type__":"cc.Label","node":{"__id__":108},"_materials":[{"__uuid__":"ecpdLyjvZBwrvm+cedCcQy"}],"_useOriginalSize":false,"_string":"1235679","_N$string":"1235679","_fontSize":1.5,"_lineHeight":19.1,"_N$file":{"__uuid__":"qzmjmj9c-3e5c-4273-86e1-bf0b6bbc3530"},"_isSystemFontUsed":false,"_spacingX":-9.700000000000005,"_N$horizontalAlign":1}],"_prefab":{"__type__":"cc.PrefabInfo","root":{"__id__":1},"asset":{"__uuid__":"qzmjmjd1-71ac-4a74-98d2-90eb0d1449cd"},"fileId":"56148id6IhMu6sPvdQ8DXRu"},"_contentSize":{"__type__":"cc.Size","width":120.3,"height":28.65},"_anchorPoint":{"__type__":"cc.Vec2","y":0.5},"_trs":{"__type__":"TypedArray","ctor":"Float64Array","array":[-64,-1,0,0,0,0,1,1,1,1]}},{"__type__":"cc.Node","_name":"labelRoom","_parent":{"__id__":107},"_components":[{"__type__":"cc.Label","node":{"__id__":109},"_materials":[{"__uuid__":"ecpdLyjvZBwrvm+cedCcQy"}],"_useOriginalSize":false,"_string":"房号:","_N$string":"房号:","_fontSize":24,"_lineHeight":25,"_N$horizontalAlign":1,"_N$verticalAlign":1},{"__type__":"cc.LabelOutline","node":{"__id__":109},"_color":{"__type__":"cc.Color","r":8,"g":41,"b":21}}],"_prefab":{"__type__":"cc.PrefabInfo","root":{"__id__":1},"asset":{"__uuid__":"qzmjmjd1-71ac-4a74-98d2-90eb0d1449cd"},"fileId":"450fdO+JC9Ayok/+IXlYulT"},"_color":{"__type__":"cc.Color","r":62,"g":188,"b":69},"_contentSize":{"__type__":"cc.Size","width":56.67,"height":33.5},"_trs":{"__type__":"TypedArray","ctor":"Float64Array","array":[-91.2,-0.5,0,0,0,0,1,1,1,1]}},{"__type__":"cc.Node","_name":"labelWanfa","_parent":{"__id__":106},"_components":[{"__type__":"cc.Label","node":{"__id__":110},"_materials":[{"__uuid__":"ecpdLyjvZBwrvm+cedCcQy"}],"_useOriginalSize":false,"_string":"玩法","_N$string":"玩法","_fontSize":25,"_lineHeight":25},{"__type__":"cc.LabelOutline","node":{"__id__":110},"_color":{"__type__":"cc.Color","r":120,"g":41,"b":21}}],"_prefab":{"__type__":"cc.PrefabInfo","root":{"__id__":1},"asset":{"__uuid__":"qzmjmjd1-71ac-4a74-98d2-90eb0d1449cd"},"fileId":"7c2dd8u5WVDu6wZHQTnVdYY"},"_color":{"__type__":"cc.Color","r":239,"g":202,"b":147},"_contentSize":{"__type__":"cc.Size","width":52,"height":33.5},"_anchorPoint":{"__type__":"cc.Vec2","y":0.5},"_trs":{"__type__":"TypedArray","ctor":"Float64Array","array":[549.3,0,0,0,0,0,1,1,1,1]}},{"__type__":"cc.Node","_name":"time","_parent":{"__id__":106},"_components":[{"__type__":"cc.Label","node":{"__id__":111},"_materials":[{"__uuid__":"ecpdLyjvZBwrvm+cedCcQy"}],"_useOriginalSize":false,"_string":"13:30","_N$string":"13:30","_fontSize":30,"_lineHeight":30,"_N$horizontalAlign":1,"_N$verticalAlign":1}],"_prefab":{"__type__":"cc.PrefabInfo","root":{"__id__":1},"asset":{"__uuid__":"qzmjmjd1-71ac-4a74-98d2-90eb0d1449cd"},"fileId":"b251f9roFpOmq7TOg8D7ljj"},"_color":{"__type__":"cc.Color","r":62,"g":188,"b":69},"_contentSize":{"__type__":"cc.Size","width":75.07,"height":37.8},"_anchorPoint":{"__type__":"cc.Vec2","y":0.5},"_trs":{"__type__":"TypedArray","ctor":"Float64Array","array":[317.2,1.7999999999999998,0,0,0,0,1,1,1,1]}},{"__type__":"cc.Node","_name":"time","_parent":{"__id__":1},"_components":[{"__type__":"cc.Label","node":{"__id__":112},"_materials":[{"__uuid__":"ecpdLyjvZBwrvm+cedCcQy"}],"_useOriginalSize":false,"_fontSize":25,"_N$file":{"__uuid__":"qzmjmj7e-fb36-4e46-ab36-c1c45d2d9c81"},"_isSystemFontUsed":false,"_N$horizontalAlign":1,"_N$verticalAlign":1}],"_prefab":{"__type__":"cc.PrefabInfo","root":{"__id__":1},"asset":{"__uuid__":"qzmjmjd1-71ac-4a74-98d2-90eb0d1449cd"},"fileId":"fb1f2VrfH9AgaOGfU7n1tS1"},"_contentSize":{"__type__":"cc.Size","height":31.25},"_trs":{"__type__":"TypedArray","ctor":"Float64Array","array":[0,44.8,0,0,0,0,1,1,1,1]}},{"__type__":"cc.Node","_name":"piaohuaNode","_parent":{"__id__":1},"_children":[{"__id__":114},{"__id__":115}],"_active":false,"_prefab":{"__type__":"cc.PrefabInfo","root":{"__id__":1},"asset":{"__uuid__":"qzmjmjd1-71ac-4a74-98d2-90eb0d1449cd"},"fileId":"8db1cOMgFNBP7GnUENS7Aar"},"_trs":{"__type__":"TypedArray","ctor":"Float64Array","array":[0,0,0,0,0,0,1,1,1,1]}},{"__type__":"cc.Node","_name":"mask","_parent":{"__id__":113},"_components":[{"__type__":"cc.Sprite","node":{"__id__":114},"_spriteFrame":{"__uuid__":"a2MjXRFdtLlYQ5ouAFv/+R"},"_sizeMode":0}],"_prefab":{"__type__":"cc.PrefabInfo","root":{"__id__":1},"asset":{"__uuid__":"qzmjmjd1-71ac-4a74-98d2-90eb0d1449cd"},"fileId":"20dcdOm4URFB4v22CbqXO2y"},"_opacity":125,"_color":{"__type__":"cc.Color"},"_contentSize":{"__type__":"cc.Size","width":1750,"height":800},"_trs":{"__type__":"TypedArray","ctor":"Float64Array","array":[0,0,0,0,0,0,1,1,1,1]}},{"__type__":"cc.Node","_name":"bg_04","_parent":{"__id__":113},"_children":[{"__id__":116},{"__id__":118},{"__id__":120},{"__id__":121},{"__id__":123}],"_components":[{"__type__":"cc.Sprite","node":{"__id__":115}}],"_prefab":{"__type__":"cc.PrefabInfo","root":{"__id__":1},"asset":{"__uuid__":"qzmjmjd1-71ac-4a74-98d2-90eb0d1449cd"},"fileId":"657f5VI7J9Np58bm7tkDX5m"},"_contentSize":{"__type__":"cc.Size","width":699,"height":478},"_trs":{"__type__":"TypedArray","ctor":"Float64Array","array":[0,0,0,0,0,0,1,1,1,1]}},{"__type__":"cc.Node","_name":"bg_title_small","_parent":{"__id__":115},"_children":[{"__id__":117}],"_components":[{"__type__":"cc.Sprite","node":{"__id__":116},"_spriteFrame":{"__uuid__":"qzmjmj0a-c5bf-496e-8dd2-9ade6b4215dd"}}],"_prefab":{"__type__":"cc.PrefabInfo","root":{"__id__":1},"asset":{"__uuid__":"qzmjmjd1-71ac-4a74-98d2-90eb0d1449cd"},"fileId":"dc4163+bzRAzqtw8H95Nbyx"},"_contentSize":{"__type__":"cc.Size","width":427,"height":87},"_trs":{"__type__":"TypedArray","ctor":"Float64Array","array":[0,237,0,0,0,0,1,1,1,1]}},{"__type__":"cc.Node","_name":"title_ph","_parent":{"__id__":116},"_components":[{"__type__":"cc.Sprite","node":{"__id__":117},"_spriteFrame":{"__uuid__":"qzmjmj5f-0ae3-4967-bec5-47c4930f4a7f"}}],"_prefab":{"__type__":"cc.PrefabInfo","root":{"__id__":1},"asset":{"__uuid__":"qzmjmjd1-71ac-4a74-98d2-90eb0d1449cd"},"fileId":"ffbecCm4nBLA7MhRb87JWez"},"_contentSize":{"__type__":"cc.Size","width":119,"height":57},"_trs":{"__type__":"TypedArray","ctor":"Float64Array","array":[0,0,0,0,0,0,1,1,1,1]}},{"__type__":"cc.Node","_name":"bg_input_ph","_parent":{"__id__":115},"_children":[{"__id__":119}],"_components":[{"__type__":"cc.Sprite","node":{"__id__":118},"_spriteFrame":{"__uuid__":"qzmjmjb4-cdde-4bbc-8264-bd78aeb74b73"},"_sizeMode":0}],"_prefab":{"__type__":"cc.PrefabInfo","root":{"__id__":1},"asset":{"__uuid__":"qzmjmjd1-71ac-4a74-98d2-90eb0d1449cd"},"fileId":"0d376VitiVPKa6qT1XUD6El"},"_contentSize":{"__type__":"cc.Size","width":282,"height":71},"_trs":{"__type__":"TypedArray","ctor":"Float64Array","array":[0,-34,0,0,0,0,1,1,1,1]}},{"__type__":"cc.Node","_name":"editBox","_parent":{"__id__":118},"_components":[{"__type__":"cc.EditBox","node":{"__id__":119},"_useOriginalSize":false,"_N$backgroundImage":null,"_N$returnType":0,"_N$fontSize":50,"_N$lineHeight":50,"_N$fontColor":{"__type__":"cc.Color","r":236,"g":60,"b":25},"_N$placeholder":"","_N$placeholderFontSize":50,"_N$placeholderFontColor":{"__type__":"cc.Color","r":236,"g":60,"b":25},"_N$maxLength":1,"_N$inputMode":2}],"_prefab":{"__type__":"cc.PrefabInfo","root":{"__id__":1},"asset":{"__uuid__":"qzmjmjd1-71ac-4a74-98d2-90eb0d1449cd"},"fileId":"c3c0dFwRQ5JqK7H2sYWVTrC"},"_contentSize":{"__type__":"cc.Size","width":261,"height":60},"_trs":{"__type__":"TypedArray","ctor":"Float64Array","array":[0,0,0,0,0,0,1,1,1,1]}},{"__type__":"cc.Node","_name":"lb_info","_parent":{"__id__":115},"_components":[{"__type__":"cc.Label","node":{"__id__":120},"_useOriginalSize":false,"_string":"5花封顶，请输入飘花数量","_N$string":"5花封顶，请输入飘花数量","_N$horizontalAlign":1,"_N$verticalAlign":1}],"_prefab":{"__type__":"cc.PrefabInfo","root":{"__id__":1},"asset":{"__uuid__":"qzmjmjd1-71ac-4a74-98d2-90eb0d1449cd"},"fileId":"7a927SZdXZGooBHXbnPhHcD"},"_color":{"__type__":"cc.Color","r":167,"g":100,"b":43},"_contentSize":{"__type__":"cc.Size","width":462.25,"height":40},"_trs":{"__type__":"TypedArray","ctor":"Float64Array","array":[0,84.2,0,0,0,0,1,1,1,1]}},{"__type__":"cc.Node","_name":"btn_out","_parent":{"__id__":115},"_children":[{"__id__":122}],"_components":[{"__type__":"cc.Sprite","node":{"__id__":121},"_spriteFrame":{"__uuid__":"qzmjmj87-4575-4856-99e8-ecc6ce6d8fd6"},"_type":1},{"__type__":"cc.Button","node":{"__id__":121},"clickEvents":[{"__type__":"cc.ClickEvent","target":{"__id__":1},"_componentId":"qzmjmja5-a759-4fee-9927-85df43141d00","handler":"OnClick_BtnWnd"}],"_N$transition":3,"transition":3,"_N$pressedColor":{"__type__":"cc.Color","r":255,"g":255,"b":255},"pressedColor":{"__type__":"cc.Color","r":255,"g":255,"b":255},"_N$disabledColor":{"__type__":"cc.Color","r":255,"g":255,"b":255},"_N$pressedSprite":{"__uuid__":"e97GVMl6JHh5Ml5qEDdSGa"},"pressedSprite":{"__uuid__":"e97GVMl6JHh5Ml5qEDdSGa"},"_N$hoverSprite":{"__uuid__":"e97GVMl6JHh5Ml5qEDdSGa"},"hoverSprite":{"__uuid__":"e97GVMl6JHh5Ml5qEDdSGa"},"_N$disabledSprite":{"__uuid__":"29FYIk+N1GYaeWH/q1NxQO"},"_N$target":{"__id__":121}}],"_prefab":{"__type__":"cc.PrefabInfo","root":{"__id__":1},"asset":{"__uuid__":"qzmjmjd1-71ac-4a74-98d2-90eb0d1449cd"},"fileId":"478c7Tx8jxCIo7cFKtmrnng"},"_contentSize":{"__type__":"cc.Size","width":223,"height":80},"_trs":{"__type__":"TypedArray","ctor":"Float64Array","array":[-165,-150,0,0,0,0,1,1,1,1]}},{"__type__":"cc.Node","_name":"Label","_parent":{"__id__":121},"_components":[{"__type__":"cc.Label","node":{"__id__":122},"_useOriginalSize":false,"_string":"退出房间","_N$string":"退出房间","_fontSize":1,"_lineHeight":1,"_enableWrapText":false,"_N$file":{"__uuid__":"qzmjmjd5-f316-4527-8855-7e14e20b073e"},"_isSystemFontUsed":false,"_N$horizontalAlign":1,"_N$verticalAlign":1,"_N$overflow":1}],"_prefab":{"__type__":"cc.PrefabInfo","root":{"__id__":1},"asset":{"__uuid__":"qzmjmjd1-71ac-4a74-98d2-90eb0d1449cd"},"fileId":"eef41KEXH9FHKYGQj1yL4ha"},"_contentSize":{"__type__":"cc.Size","width":200,"height":40},"_trs":{"__type__":"TypedArray","ctor":"Float64Array","array":[0,26.4,0,0,0,0,1,0.9,0.9,1]}},{"__type__":"cc.Node","_name":"btn_sure","_parent":{"__id__":115},"_children":[{"__id__":124}],"_components":[{"__type__":"cc.Sprite","node":{"__id__":123},"_spriteFrame":{"__uuid__":"qzmjmjdd-558d-4d12-be2f-bd83e55d93d0"},"_type":1},{"__type__":"cc.Button","node":{"__id__":123},"clickEvents":[{"__type__":"cc.ClickEvent","target":{"__id__":1},"_componentId":"qzmjmja5-a759-4fee-9927-85df43141d00","handler":"OnClickBtnPiaoHua"}],"_N$transition":3,"transition":3,"_N$pressedColor":{"__type__":"cc.Color","r":255,"g":255,"b":255},"pressedColor":{"__type__":"cc.Color","r":255,"g":255,"b":255},"_N$disabledColor":{"__type__":"cc.Color","r":255,"g":255,"b":255},"_N$pressedSprite":{"__uuid__":"e97GVMl6JHh5Ml5qEDdSGa"},"pressedSprite":{"__uuid__":"e97GVMl6JHh5Ml5qEDdSGa"},"_N$hoverSprite":{"__uuid__":"e97GVMl6JHh5Ml5qEDdSGa"},"hoverSprite":{"__uuid__":"e97GVMl6JHh5Ml5qEDdSGa"},"_N$disabledSprite":{"__uuid__":"29FYIk+N1GYaeWH/q1NxQO"},"_N$target":{"__id__":123}}],"_prefab":{"__type__":"cc.PrefabInfo","root":{"__id__":1},"asset":{"__uuid__":"qzmjmjd1-71ac-4a74-98d2-90eb0d1449cd"},"fileId":"99853rLyWdPp6Se+QME6ZNf"},"_contentSize":{"__type__":"cc.Size","width":223,"height":80},"_trs":{"__type__":"TypedArray","ctor":"Float64Array","array":[165,-150,0,0,0,0,1,1,1,1]}},{"__type__":"cc.Node","_name":"Label","_parent":{"__id__":123},"_components":[{"__type__":"cc.Label","node":{"__id__":124},"_useOriginalSize":false,"_string":"确 定","_N$string":"确 定","_fontSize":32,"_lineHeight":32,"_enableWrapText":false,"_N$file":{"__uuid__":"qzmjmjd9-b0af-492b-9375-22ada8024446"},"_isSystemFontUsed":false,"_N$horizontalAlign":1,"_N$verticalAlign":1,"_N$overflow":1}],"_prefab":{"__type__":"cc.PrefabInfo","root":{"__id__":1},"asset":{"__uuid__":"qzmjmjd1-71ac-4a74-98d2-90eb0d1449cd"},"fileId":"e12bfEDFwJDjIB6p/ZPq8Ug"},"_contentSize":{"__type__":"cc.Size","width":100,"height":40},"_trs":{"__type__":"TypedArray","ctor":"Float64Array","array":[0,26.4,0,0,0,0,1,1,1,1]}},{"__type__":"cc.Node","_name":"lb_tsy","_parent":{"__id__":1},"_components":[{"__type__":"cc.Label","node":{"__id__":125},"_materials":[{"__uuid__":"ecpdLyjvZBwrvm+cedCcQy"}],"_useOriginalSize":false,"_fontSize":1,"_lineHeight":1,"_N$file":{"__uuid__":"qzmjmj81-e340-4ebb-ab62-3990fbfe802d"},"_isSystemFontUsed":false,"_N$horizontalAlign":1,"_N$verticalAlign":1}],"_prefab":{"__type__":"cc.PrefabInfo","root":{"__id__":1},"asset":{"__uuid__":"qzmjmjd1-71ac-4a74-98d2-90eb0d1449cd"},"fileId":"50d1bIg/ixGILC0in3muUTX"},"_contentSize":{"__type__":"cc.Size","height":1},"_trs":{"__type__":"TypedArray","ctor":"Float64Array","array":[0,0,0,0,0,0,1,1,1,1]}},{"__type__":"cc.Node","_name":"lb_power","_parent":{"__id__":1},"_components":[{"__type__":"cc.Label","node":{"__id__":126},"_materials":[{"__uuid__":"ecpdLyjvZBwrvm+cedCcQy"}],"_useOriginalSize":false,"_fontSize":20,"_lineHeight":20,"_N$horizontalAlign":1,"_N$verticalAlign":1}],"_prefab":{"__type__":"cc.PrefabInfo","root":{"__id__":1},"asset":{"__uuid__":"qzmjmjd1-71ac-4a74-98d2-90eb0d1449cd"},"fileId":"20a63KoOAlNNbwa5mP5dLwg"},"_contentSize":{"__type__":"cc.Size","height":25.2},"_anchorPoint":{"__type__":"cc.Vec2","y":0.5},"_trs":{"__type__":"TypedArray","ctor":"Float64Array","array":[-163.9,385.3,0,0,0,0,1,1,1,1]}},{"__type__":"cc.Node","_name":"bg_power","_parent":{"__id__":1},"_components":[{"__type__":"cc.Sprite","node":{"__id__":127},"_sizeMode":0}],"_prefab":{"__type__":"cc.PrefabInfo","root":{"__id__":1},"asset":{"__uuid__":"qzmjmjd1-71ac-4a74-98d2-90eb0d1449cd"},"fileId":"778c93QWj9BebWc+zyDjoX9"},"_contentSize":{"__type__":"cc.Size","width":47,"height":21},"_trs":{"__type__":"TypedArray","ctor":"Float64Array","array":[-195.9,385.9,0,0,0,0,1,1,1,1]}},{"__type__":"cc.Node","_name":"appVersion","_parent":{"__id__":1},"_components":[{"__type__":"cc.Label","node":{"__id__":128},"_materials":[{"__uuid__":"ecpdLyjvZBwrvm+cedCcQy"}],"_useOriginalSize":false,"_string":"1.0.0.1.1","_N$string":"1.0.0.1.1","_fontSize":23,"_lineHeight":23,"_N$horizontalAlign":1,"_N$verticalAlign":1}],"_prefab":{"__type__":"cc.PrefabInfo","root":{"__id__":1},"asset":{"__uuid__":"qzmjmjd1-71ac-4a74-98d2-90eb0d1449cd"},"fileId":"99be8JjbrRKJbebU9+a/j0Y"},"_color":{"__type__":"cc.Color","r":180,"g":201,"b":201},"_contentSize":{"__type__":"cc.Size","width":89.52,"height":28.98},"_anchorPoint":{"__type__":"cc.Vec2","y":0.5},"_trs":{"__type__":"TypedArray","ctor":"Float64Array","array":[540.4,386.7,0,0,0,0,1,1,1,1]}},{"__type__":"cc.Node","_name":"resVersion","_parent":{"__id__":1},"_components":[{"__type__":"cc.Label","node":{"__id__":129},"_materials":[{"__uuid__":"ecpdLyjvZBwrvm+cedCcQy"}],"_useOriginalSize":false,"_string":"1.0.0.1.1","_N$string":"1.0.0.1.1","_fontSize":23,"_lineHeight":23,"_N$horizontalAlign":1,"_N$verticalAlign":1}],"_prefab":{"__type__":"cc.PrefabInfo","root":{"__id__":1},"asset":{"__uuid__":"qzmjmjd1-71ac-4a74-98d2-90eb0d1449cd"},"fileId":"70809h4lV5ID4CM4ZZu8Ox/"},"_color":{"__type__":"cc.Color","r":180,"g":201,"b":201},"_contentSize":{"__type__":"cc.Size","width":89.52,"height":28.98},"_anchorPoint":{"__type__":"cc.Vec2","y":0.5},"_trs":{"__type__":"TypedArray","ctor":"Float64Array","array":[540.4,358.7,0,0,0,0,1,1,1,1]}},{"__type__":"cc.Node","_name":"btn_shuaxin","_parent":{"__id__":1},"_components":[{"__type__":"cc.Sprite","node":{"__id__":130},"_materials":[{"__uuid__":"ecpdLyjvZBwrvm+cedCcQy"}],"_spriteFrame":{"__uuid__":"qzmjmje8-7b0f-4066-96d8-0eb68fac5362"}},{"__type__":"cc.Widget","node":{"__id__":130},"alignMode":0,"_alignFlags":33,"_right":104.99999999999997,"_top":45},{"__type__":"cc.Button","node":{"__id__":130},"clickEvents":[{"__type__":"cc.ClickEvent","target":{"__id__":1},"_componentId":"qzmjmja5-a759-4fee-9927-85df43141d00","handler":"OnClick_BtnWnd"}],"_N$transition":3,"transition":3,"_N$normalColor":{"__type__":"cc.Color","r":214,"g":214,"b":214},"_N$target":{"__id__":130}}],"_prefab":{"__type__":"cc.PrefabInfo","root":{"__id__":1},"asset":{"__uuid__":"qzmjmjd1-71ac-4a74-98d2-90eb0d1449cd"},"fileId":"f27f2F+lzFJmaWAjRKXG5it"},"_contentSize":{"__type__":"cc.Size","width":81,"height":82},"_trs":{"__type__":"TypedArray","ctor":"Float64Array","array":[534.5,294,0,0,0,0,1,1,1,1]}},{"__type__":"cc.Node","_name":"btn_change","_parent":{"__id__":1},"_active":false,"_components":[{"__type__":"cc.Sprite","node":{"__id__":131},"_spriteFrame":{"__uuid__":"qzmjmjcd-e1fb-42a3-9a76-181122f95bcd"}},{"__type__":"cc.Button","node":{"__id__":131},"clickEvents":[{"__type__":"cc.ClickEvent","target":{"__id__":1},"_componentId":"qzmjmja5-a759-4fee-9927-85df43141d00","handler":"OnClick_BtnWnd"}],"_N$transition":3,"transition":3,"_N$normalColor":{"__type__":"cc.Color","r":214,"g":214,"b":214},"_N$target":{"__id__":131}},{"__type__":"cc.Widget","node":{"__id__":131},"alignMode":0,"_alignFlags":8,"_left":101.5}],"_prefab":{"__type__":"cc.PrefabInfo","root":{"__id__":1},"asset":{"__uuid__":"qzmjmjd1-71ac-4a74-98d2-90eb0d1449cd"},"fileId":"5e1beidDphIJLmSuWgmKzMd"},"_contentSize":{"__type__":"cc.Size","width":157,"height":63},"_trs":{"__type__":"TypedArray","ctor":"Float64Array","array":[-500,307,0,0,0,0,1,1,1,1]}}],{"__type__":"cc.SpriteFrame","content":{"name":"btn_yy","texture":"qzmjmj96-0901-4d8d-aa45-58eebcd9cc90","rect":[0,0,74,74],"offset":[0,0],"originalSize":[74,74],"capInsets":[0,0,0,0]}},{"__type__":"cc.SpriteFrame","content":{"name":"icon_electricity_5","texture":"qzmjmj9d-1a71-49d8-8f18-1883c97d4c21","rect":[1,0,47,21],"offset":[0.5,0.5],"originalSize":[48,22],"capInsets":[0,0,0,0]}},{"__type__":"cc.SpriteFrame","content":{"name":"icon_electricity_1","texture":"qzmjmjd6-9cb2-46c4-bf8d-efd0586ed520","rect":[0,0,47,21],"offset":[0,0],"originalSize":[47,21],"capInsets":[0,0,0,0]}},{"__type__":"cc.SpriteFrame","content":{"name":"btn_yellow01","texture":"qzmjmja7-bc9b-4ea1-97af-700555194b18","rect":[0,0,223,80],"offset":[0,0],"originalSize":[223,80],"capInsets":[0,0,0,0]}},{"__type__":"cc.SpriteFrame","content":{"name":"3-1","texture":"18112c6e5","rect":[49,147,49,52],"offset":[0,0.5],"originalSize":[55,53],"capInsets":[0,0,0,0]}},{"__type__":"cc.SpriteFrame","content":{"name":"btn_sx","texture":"qzmjmjc8-c542-4132-a192-d8575144a527","rect":[1,4,81,82],"offset":[0,-2],"originalSize":[83,86],"capInsets":[0,0,0,0]}},{"__type__":"cc.SpriteFrame","content":{"name":"btn_setting","texture":"qzmjmj3b-d39b-4726-9874-4b57ad95c5cd","rect":[0,0,100,100],"offset":[0,0],"originalSize":[100,100],"capInsets":[0,0,0,0]}},{"__type__":"cc.SpriteFrame","content":{"name":"shot_effect","texture":"qzmjmj4f-5fb8-4045-8930-7762ea5b43da","rect":[0,0,109,148],"offset":[0,0.5],"originalSize":[109,149],"capInsets":[0,0,0,0]}},{"__type__":"cc.SpriteFrame","content":{"name":"2-1","texture":"18112c6e5","rect":[49,199,49,52],"offset":[0,0.5],"originalSize":[55,53],"capInsets":[0,0,0,0]}}]