[[{"__type__":"cc.Prefab","_name":"UIQZMJWBCard04","data":{"__id__":1}},{"__type__":"cc.Node","_name":"UIQZMJWBCard04","_children":[{"__id__":2},{"__id__":4}],"_components":[{"__type__":"0953dRG9VFBfb5vF8WKfyCM","node":{"__id__":1},"sp_in":{"__id__":3},"card":{"__id__":2},"downcard":{"__id__":4},"BackCardSpriteFrame":{"__uuid__":"qzmjmj4a-b820-4320-b203-80220234d990"}}],"_prefab":{"__type__":"cc.PrefabInfo","root":{"__id__":1},"asset":{"__uuid__":"4fYA6tjH9K0aCxqIUjV2cY"},"fileId":"314BefVGhBh7qE9DgbMGNq"},"_trs":{"__type__":"TypedArray","ctor":"Float64Array","array":[0,0,0,0,0,0,1,1,1,1]}},{"__type__":"cc.Node","_name":"card","_parent":{"__id__":1},"_children":[{"__type__":"cc.Node","_name":"empty","_parent":{"__id__":2},"_prefab":{"__type__":"cc.PrefabInfo","root":{"__id__":1},"asset":{"__uuid__":"4fYA6tjH9K0aCxqIUjV2cY"},"fileId":"22XI1pOeFO2KYajcHh6z1A"},"_contentSize":{"__type__":"cc.Size","width":53,"height":60},"_trs":{"__type__":"TypedArray","ctor":"Float64Array","array":[120,-446,0,0,0,0,1,-1,1,1]}},{"__id__":3}],"_components":[{"__type__":"cc.Layout","node":{"__id__":2},"_layoutSize":{"__type__":"cc.Size","width":189,"height":508},"_N$spacingY":-36,"_N$horizontalDirection":1}],"_prefab":{"__type__":"cc.PrefabInfo","root":{"__id__":1},"asset":{"__uuid__":"4fYA6tjH9K0aCxqIUjV2cY"},"fileId":"a6h9IyBU1BSpFKbaq7SSin"},"_contentSize":{"__type__":"cc.Size","width":189,"height":508},"_anchorPoint":{"__type__":"cc.Vec2","x":0.86,"y":1},"_trs":{"__type__":"TypedArray","ctor":"Float64Array","array":[48,280,0,0,0,0,1,1,1,1]}},{"__type__":"cc.Node","_name":"sp_in","_parent":{"__id__":2},"_components":[{"__type__":"cc.Sprite","node":{"__id__":3},"_materials":[{"__uuid__":"ecpdLyjvZBwrvm+cedCcQy"}],"_spriteFrame":{"__uuid__":"qzmjmj4a-b820-4320-b203-80220234d990"}}],"_prefab":{"__type__":"cc.PrefabInfo","root":{"__id__":1},"asset":{"__uuid__":"4fYA6tjH9K0aCxqIUjV2cY"},"fileId":"b5aStYbchMI6Ebvu9QB+1x"},"_contentSize":{"__type__":"cc.Size","width":54,"height":68},"_trs":{"__type__":"TypedArray","ctor":"Float64Array","array":[-125,-475,0,0,0,0,1,1,1,1]}},{"__type__":"cc.Node","_name":"downcard","_parent":{"__id__":1},"_children":[{"__id__":5}],"_components":[{"__type__":"cc.Layout","node":{"__id__":4},"_layoutSize":{"__type__":"cc.Size","width":165.52,"height":336.85},"_N$layoutType":2,"_N$spacingY":15},{"__type__":"qzmjmj4b-140d-4a29-af82-be69e76160e8","node":{"__id__":4},"JS_Name":"xymj_BaseComponent"}],"_prefab":{"__type__":"cc.PrefabInfo","root":{"__id__":1},"asset":{"__uuid__":"4fYA6tjH9K0aCxqIUjV2cY"},"fileId":"99fyKHvTJAloM3xReiAo5f"},"_contentSize":{"__type__":"cc.Size","width":165.52,"height":336.85},"_anchorPoint":{"__type__":"cc.Vec2","x":0.63,"y":0.65},"_trs":{"__type__":"TypedArray","ctor":"Float64Array","array":[73,283,0,0,0,0,1,0.8,0.8,1]}},{"__type__":"cc.Node","_name":"down01","_parent":{"__id__":4},"_children":[{"__id__":6},{"__id__":8},{"__id__":10},{"__id__":12}],"_prefab":{"__type__":"cc.PrefabInfo","root":{"__id__":1},"asset":{"__uuid__":"4fYA6tjH9K0aCxqIUjV2cY"},"fileId":"b0ekYHoBFOa7MZ+mclCHIb"},"_contentSize":{"__type__":"cc.Size","width":80,"height":100},"_trs":{"__type__":"TypedArray","ctor":"Float64Array","array":[0,67.89749999999998,0,0,0,0,1,1,1,1]}},{"__type__":"cc.Node","_name":"card01","_parent":{"__id__":5},"_children":[{"__id__":7}],"_components":[{"__type__":"cc.Sprite","node":{"__id__":6},"_materials":[{"__uuid__":"ecpdLyjvZBwrvm+cedCcQy"}],"_spriteFrame":{"__uuid__":"qzmjmj96-444d-4032-af80-ec64ec94b9e8"}}],"_prefab":{"__type__":"cc.PrefabInfo","root":{"__id__":1},"asset":{"__uuid__":"4fYA6tjH9K0aCxqIUjV2cY"},"fileId":"08THADr2dCkbxgJEt0zJlh"},"_contentSize":{"__type__":"cc.Size","width":68,"height":48},"_trs":{"__type__":"TypedArray","ctor":"Float64Array","array":[0,27.5,0,0,0,0,1,1,1,1]}},{"__type__":"cc.Node","_name":"zhi","_parent":{"__id__":6},"_active":false,"_components":[{"__type__":"cc.Sprite","node":{"__id__":7},"_spriteFrame":{"__uuid__":"qzmjmj42-7085-406c-8f01-d33a4cff08b8"}}],"_prefab":{"__type__":"cc.PrefabInfo","root":{"__id__":1},"asset":{"__uuid__":"4fYA6tjH9K0aCxqIUjV2cY"},"fileId":"dbRpp4hFtCmKjXhCYa0EqO"},"_contentSize":{"__type__":"cc.Size","width":34,"height":25},"_trs":{"__type__":"TypedArray","ctor":"Float64Array","array":[-12.6,6.3,0,0,0,0,1,0.7,0.7,1]}},{"__type__":"cc.Node","_name":"card02","_parent":{"__id__":5},"_children":[{"__id__":9}],"_components":[{"__type__":"cc.Sprite","node":{"__id__":8},"_materials":[{"__uuid__":"ecpdLyjvZBwrvm+cedCcQy"}],"_spriteFrame":{"__uuid__":"qzmjmj96-444d-4032-af80-ec64ec94b9e8"}}],"_prefab":{"__type__":"cc.PrefabInfo","root":{"__id__":1},"asset":{"__uuid__":"4fYA6tjH9K0aCxqIUjV2cY"},"fileId":"e0u8jMLEtCyp1TF6O9Hlzr"},"_contentSize":{"__type__":"cc.Size","width":68,"height":48},"_trs":{"__type__":"TypedArray","ctor":"Float64Array","array":[-10.8,-6.1,0,0,0,0,1,1,1,1]}},{"__type__":"cc.Node","_name":"zhi","_parent":{"__id__":8},"_active":false,"_components":[{"__type__":"cc.Sprite","node":{"__id__":9},"_spriteFrame":{"__uuid__":"qzmjmj42-7085-406c-8f01-d33a4cff08b8"}}],"_prefab":{"__type__":"cc.PrefabInfo","root":{"__id__":1},"asset":{"__uuid__":"4fYA6tjH9K0aCxqIUjV2cY"},"fileId":"9aXRDfvbJJiadamn7jfbpM"},"_contentSize":{"__type__":"cc.Size","width":34,"height":25},"_trs":{"__type__":"TypedArray","ctor":"Float64Array","array":[-12.6,6.3,0,0,0,0,1,0.7,0.7,1]}},{"__type__":"cc.Node","_name":"card03","_parent":{"__id__":5},"_children":[{"__id__":11}],"_components":[{"__type__":"cc.Sprite","node":{"__id__":10},"_materials":[{"__uuid__":"ecpdLyjvZBwrvm+cedCcQy"}],"_spriteFrame":{"__uuid__":"qzmjmj96-444d-4032-af80-ec64ec94b9e8"}}],"_prefab":{"__type__":"cc.PrefabInfo","root":{"__id__":1},"asset":{"__uuid__":"4fYA6tjH9K0aCxqIUjV2cY"},"fileId":"b4wzeWcLhA965cNsXCf1XC"},"_contentSize":{"__type__":"cc.Size","width":68,"height":48},"_trs":{"__type__":"TypedArray","ctor":"Float64Array","array":[-20,-41.4,0,0,0,0,1,1,1,1]}},{"__type__":"cc.Node","_name":"zhi","_parent":{"__id__":10},"_active":false,"_components":[{"__type__":"cc.Sprite","node":{"__id__":11},"_spriteFrame":{"__uuid__":"qzmjmj42-7085-406c-8f01-d33a4cff08b8"}}],"_prefab":{"__type__":"cc.PrefabInfo","root":{"__id__":1},"asset":{"__uuid__":"4fYA6tjH9K0aCxqIUjV2cY"},"fileId":"85boWy7eJCf45NIivZv+vE"},"_contentSize":{"__type__":"cc.Size","width":34,"height":25},"_trs":{"__type__":"TypedArray","ctor":"Float64Array","array":[-12.6,6.3,0,0,0,0,1,0.7,0.7,1]}},{"__type__":"cc.Node","_name":"card04","_parent":{"__id__":5},"_children":[{"__id__":13}],"_components":[{"__type__":"cc.Sprite","node":{"__id__":12},"_materials":[{"__uuid__":"ecpdLyjvZBwrvm+cedCcQy"}],"_spriteFrame":{"__uuid__":"qzmjmj96-444d-4032-af80-ec64ec94b9e8"}}],"_prefab":{"__type__":"cc.PrefabInfo","root":{"__id__":1},"asset":{"__uuid__":"4fYA6tjH9K0aCxqIUjV2cY"},"fileId":"063zp4bARCcJfwBzKkfdoj"},"_contentSize":{"__type__":"cc.Size","width":68,"height":48},"_trs":{"__type__":"TypedArray","ctor":"Float64Array","array":[-18.2,9.3,0,0,0,0,1,1,1,1]}},{"__type__":"cc.Node","_name":"zhi","_parent":{"__id__":12},"_active":false,"_components":[{"__type__":"cc.Sprite","node":{"__id__":13},"_spriteFrame":{"__uuid__":"qzmjmj42-7085-406c-8f01-d33a4cff08b8"}}],"_prefab":{"__type__":"cc.PrefabInfo","root":{"__id__":1},"asset":{"__uuid__":"4fYA6tjH9K0aCxqIUjV2cY"},"fileId":"e3CmTikDNNQ4Iv9VO4R8m6"},"_contentSize":{"__type__":"cc.Size","width":34,"height":25},"_trs":{"__type__":"TypedArray","ctor":"Float64Array","array":[-12.6,6.3,0,0,0,0,1,0.7,0.7,1]}}],{"__type__":"cc.SpriteFrame","content":{"name":"icon_jt","texture":"qzmjmj8e-0829-444d-8630-ea2a3c8344df","rect":[1,0,49,51],"offset":[0.5,0],"originalSize":[50,51],"capInsets":[0,0,0,0]}},{"__type__":"cc.SpriteFrame","content":{"name":"pai6","texture":"qzmjmj57-93da-4316-b03f-31d0692d8387","rect":[0,0,54,68],"offset":[0,0],"originalSize":[54,68],"capInsets":[0,0,0,0]}},{"__type__":"cc.SpriteFrame","content":{"name":"hh_face_suit_z_24","texture":"qzmjmj1b-6fed-4350-b9bf-14a04b945cb0","rect":[0,1,68,48],"offset":[0,-0.5],"originalSize":[68,49],"capInsets":[0,0,0,0]}}]