[{"__type__":"cc.SpriteFrame","content":{"name":"ani_05","texture":"1f175266f","rect":[2,2,263,259],"offset":[-0.5,-1],"originalSize":[454,449],"capInsets":[0,0,0,0]}},{"__type__":"cc.SpriteFrame","content":{"name":"ani_07","texture":"1c153c875","rect":[2,2,323,316],"offset":[-0.5,-1.5],"originalSize":[454,449],"capInsets":[0,0,0,0]}},{"__type__":"cc.SpriteFrame","content":{"name":"ani_01","texture":"1f52da7ea","rect":[2,2,353,301],"offset":[-1.5,-19],"originalSize":[454,449],"capInsets":[0,0,0,0]}},{"__type__":"cc.SpriteFrame","content":{"name":"ani_10","texture":"1982b4ba8","rect":[2,2,441,376],"offset":[-2.5,-23.5],"originalSize":[454,449],"capInsets":[0,0,0,0]}},{"__type__":"cc.SpriteFrame","content":{"name":"ani_09","texture":"149b09b66","rect":[2,2,405,397],"offset":[-0.5,-2],"originalSize":[454,449],"capInsets":[0,0,0,0]}},{"__type__":"cc.SpriteFrame","content":{"name":"ani_03","texture":"143612ccf","rect":[2,2,443,434],"offset":[-0.5,-1.5],"originalSize":[454,449],"capInsets":[0,0,0,0]}},{"__type__":"cc.AnimationClip","_name":"pengAction","_duration":0.16666666666666666,"speed":0.2,"curveData":{"comps":{"cc.Sprite":{"spriteFrame":[{"frame":0,"value":{"__uuid__":"qzmjmj6f-c28f-4226-98f5-a4e9142778f6"}},{"frame":0.016666666666666666,"value":{"__uuid__":"qzmjmjeb-b35e-4b09-9fae-210b10eede8a"}},{"frame":0.03333333333333333,"value":{"__uuid__":"qzmjmj86-1e24-4b64-a979-14ef28493cfe"}},{"frame":0.05,"value":{"__uuid__":"qzmjmjc4-12a0-47d8-b520-32116c8fe631"}},{"frame":0.06666666666666667,"value":{"__uuid__":"qzmjmj14-877e-49ce-bbf9-f850945bc13d"}},{"frame":0.08333333333333333,"value":{"__uuid__":"qzmjmjb7-69f7-40d7-a594-003272b370c0"}},{"frame":0.1,"value":{"__uuid__":"qzmjmj55-cd00-41a8-922b-b23b0b90dc4d"}},{"frame":0.11666666666666667,"value":{"__uuid__":"qzmjmja0-5fc4-48dd-a5aa-06d1f0cd97b5"}},{"frame":0.13333333333333333,"value":{"__uuid__":"qzmjmj76-ece4-4ce9-b5d1-d761d45d71ea"}},{"frame":0.15,"value":{"__uuid__":"qzmjmj73-f7b5-42a3-93df-79d1cd462ab1"}}]}}}},{"__type__":"cc.SpriteFrame","content":{"name":"ani_08","texture":"1c0ed920a","rect":[2,2,356,351],"offset":[0,0],"originalSize":[454,449],"capInsets":[0,0,0,0]}},{"__type__":"cc.SpriteFrame","content":{"name":"ani_06","texture":"18f8838b3","rect":[2,2,287,281],"offset":[-0.5,-2],"originalSize":[454,449],"capInsets":[0,0,0,0]}},{"__type__":"cc.SpriteFrame","content":{"name":"ani_04","texture":"155688f9f","rect":[2,2,306,301],"offset":[-1,-1],"originalSize":[454,449],"capInsets":[0,0,0,0]}},{"__type__":"cc.SpriteFrame","content":{"name":"ani_02","texture":"1f4c32ded","rect":[2,2,397,391],"offset":[0.5,0],"originalSize":[454,449],"capInsets":[0,0,0,0]}}]