[{"__type__":"cc.SpriteFrame","content":{"name":"ani_sjy_01","texture":"qzmjmj9d-ec08-4004-9caf-05214e56bb14","rect":[267,147,495,147],"offset":[0.5,-54.5],"originalSize":[1028,332],"capInsets":[0,0,0,0]}},[{"__type__":"cc.Prefab","_name":"sanjinyou","data":{"__id__":1}},{"__type__":"cc.Node","_name":"sanjinyou","_components":[{"__type__":"cc.Sprite","node":{"__id__":1},"_spriteFrame":{"__uuid__":"qzmjmj9f-df96-46e4-bb74-3aa0f97fae81"},"_sizeMode":2,"_isTrimmedMode":false},{"__type__":"cc.Animation","node":{"__id__":1},"_defaultClip":{"__uuid__":"qzmjmj4d-3214-43cb-bb94-02cab4ae6d0c"},"_clips":[{"__uuid__":"qzmjmj4d-3214-43cb-bb94-02cab4ae6d0c"}]},{"__type__":"qzmjmja3-f7f6-43f3-bc26-19a21c44bee8","node":{"__id__":1}}],"_prefab":{"__type__":"cc.PrefabInfo","root":{"__id__":1},"asset":{"__uuid__":"qzmjmjf3-35e6-42a9-b947-79d45cbba5b8"},"fileId":"b65faotc7lD4pHUd1x+2NlQ"},"_contentSize":{"__type__":"cc.Size","width":1028,"height":332},"_trs":{"__type__":"TypedArray","ctor":"Float64Array","array":[0,0,0,0,0,0,1,1,1,1]}}]]